// File: '/tmp/fonts/ttf/JetBrainsMono-Regular.ttf' (273900 bytes)
// Exported using binary_to_compressed_c.cpp
const unsigned int font_jetbrains_mono_compressed_size = 177244;
const unsigned int font_jetbrains_mono_compressed_data[177244/4] =
{
    0x0000bc57, 0x00000000, 0xec2d0400, 0x00000400, 0x00010025, 0x82110000, 0x043e0804, 0x44471000, 0xdc144645, 0x03009205, 0x000014a6, 0x50472a02, 
    0xe968534f, 0x0300479a, 0x000040a8, 0x53479623, 0xdb284255, 0x030088c9, 0x0000d8cb, 0x534f1462, 0x3512322f, 0x0000840b, 0x45829801, 0x6d63603b, 
    0x245a7061, 0x0000da58, 0x0000341d, 0x76636a42, 0x58272074, 0x00001a0f, 0x3523826e, 0x7066a800, 0x2f626d67, 0x00007f03, 0x0000a05f, 0x61670c0e, 
    0x37827073, 0x6f821020, 0x07820c20, 0x6c670837, 0x176c6679, 0x00007d21, 0x02006c8a, 0x65683cc9, 0x2b1b6461, 0x213b8260, 0x1f821c01, 0x82683621, 
    0x35002310, 0x6f825707, 0x0f825420, 0x6d682428, 0xf6547874, 0x0f820f4a, 0x0000f830, 0x6f6c3c1b, 0x34086163, 0x00006421, 0x0f822c6f, 0x616d4028, 
    0xc80f7078, 0x1f824414, 0x2f827820, 0x6e202c08, 0x94656d61, 0x005d4e4b, 0x00a85303, 0x702f0600, 0x5d74736f, 0x00049a5a, 0x00d85903, 0x70334c00, 
    0x8a706572, 0x001e9ccd, 0x82ac6d00, 0x00d6222f, 0x2e058201, 0x13d34d02, 0x5ff73d13, 0x00f53c0f, 0x82e8030f, 0xdf002411, 0x857966e8, 0x84682907, 
    0x70fe39f9, 0x6004fd02, 0x06220f82, 0x31840200, 0x05830020, 0xfefc032d, 0x020000d4, 0xff39f958, 0x86fd025b, 0x85248217, 0xcf062102, 0x06281183, 
    0x00b801cf, 0x0087006e, 0x022d3982, 0x00f60394, 0x0500008d, 0x000c0e60, 0x2c1d8203, 0x01580204, 0x00050090, 0x028a0200, 0x20358258, 0x2507854b, 
    0x32005e01, 0x15824001, 0x09000023, 0x2c008400, 0xff0204a0, 0xfbf90012, 0x3c000002, 0x21008200, 0x0482424a, 0x0d00c024, 0x8385ffff, 0x01fc0329, 
    0x0100202c, 0x82d7df9f, 0x02262235, 0x221d82da, 0x82060020, 0x825a2053, 0xda322003, 0x821e2003, 0x2003835b, 0x2007825d, 0x20039a5c, 0x831b860a, 
    0x82642007, 0x2003bf0b, 0x20438642, 0x2007825f, 0x20039a58, 0x831b825d, 0x20078373, 0xab0b8269, 0x822d2003, 0x8703832f, 0x828220d7, 0x8275200f, 
    0x87078303, 0x82142003, 0x4148200f, 0x5a200667, 0x9b9b0792, 0x23201bbb, 0x03836b82, 0x28204383, 0x20065b41, 0x2007825a, 0x83038250, 0x83038beb, 
    0x8303939f, 0x203383d7, 0x8f338237, 0xb7cb9303, 0x82322013, 0x9214205f, 0x87b78303, 0x20079bc7, 0x8b3b8255, 0x82192003, 0x87038f0f, 0x825820ef, 
    0xda43201b, 0x821f2003, 0x2003835b, 0x1a73425c, 0x1b825720, 0x03824620, 0x0f423f20, 0x82542006, 0x8303bb07, 0x413f83d3, 0x374207ab, 0x2497831b, 
    0xff580200, 0x0e3341d4, 0xab0b3f41, 0x8261200b, 0x20038347, 0x06e74367, 0x4b441e20, 0x07f74306, 0x17860a20, 0xfb433c20, 0xf6ff2109, 0x00210b89, 
    0xbb0b865e, 0x203b9bff, 0x06074358, 0x63412320, 0x20078306, 0x200b825c, 0x20038657, 0x87078270, 0x971b8303, 0x203383fb, 0x202b82a5, 0x4203922f, 
    0x37a737f7, 0x53423620, 0x075b4206, 0x32200787, 0x1b831782, 0x678f039f, 0x4120cb83, 0x03933b82, 0x46136743, 0x5b8a1b1f, 0x02fbff23, 0x21039358, 
    0x6b823c00, 0x03922220, 0x830be345, 0x4346208b, 0x07870617, 0x1f83d79f, 0x0fbbdb8f, 0x8783fb83, 0x87823720, 0x0382af20, 0xcb42b920, 0x455e2006, 
    0xd7450633, 0x4619200b, 0x06200aa3, 0x34200b82, 0x460adb45, 0xfb45070f, 0x445d2007, 0xeb42060b, 0x455c2007, 0x5741064f, 0x822e2007, 0x8228200f, 
    0x824b2003, 0x825e2003, 0x863c2003, 0x820b8303, 0xfbff2103, 0x07840f85, 0x4f463520, 0x825c2006, 0x464e2007, 0x2d200aaf, 0x00200b82, 0x00212785, 
    0x200b8638, 0x2007821e, 0x20038251, 0x0a034359, 0x5f20df83, 0x8b060b43, 0x865820b7, 0x478383bf, 0xb787070f, 0x5f83a787, 0x27824320, 0xb3435620, 
    0x82872006, 0x20038307, 0x20078282, 0x0ac3441b, 0xc7410f20, 0x07074106, 0x0f826720, 0x19200383, 0x5420bb8a, 0x23834386, 0x37207b83, 0x200acb42, 
    0x06774130, 0x1f83df83, 0x83070f41, 0x4569200b, 0x138306db, 0x0b820520, 0xc7443e20, 0x46572006, 0xbf4306db, 0x20af830b, 0x0667453c, 0x32200b83, 
    0x5b207386, 0x200a6341, 0x06c74149, 0xb78b8f83, 0x5a200f83, 0x83066341, 0x0f974807, 0x87079b42, 0x475d2057, 0x638306f7, 0x93866420, 0x83073f41, 
    0x83bb83b3, 0x4148201b, 0x50200667, 0x200e1342, 0x0613424b, 0x07822320, 0x83070f42, 0x82338363, 0x8dff237b, 0x03885802, 0x0b82b020, 0x03828320, 
    0x00200782, 0xd3445b83, 0x07e34607, 0xe7865520, 0xc783fb83, 0x83875b83, 0x67865820, 0x63416720, 0x83338306, 0x83338367, 0x4219202b, 0x5a200683, 
    0x2f20c386, 0x8b87af86, 0x0f48f787, 0x0b73430b, 0x4f874383, 0xf7837783, 0x30200383, 0x0f204782, 0x20066b41, 0x0643451a, 0xeb860020, 0x4a202783, 
    0x8306ff42, 0x874f8387, 0x4250200f, 0x2383065b, 0xb3866420, 0x07825f20, 0x07871f87, 0x1b864120, 0x2e200f83, 0x200aff42, 0x068b4214, 0x43839383, 
    0x6b440383, 0x07ff4407, 0x1f871387, 0xab863220, 0x46200f83, 0x2b839786, 0x0b862d20, 0x9783fb83, 0x20077343, 0x06074a1e, 0x17832b83, 0x4c20bf83, 
    0x830acb44, 0x82402047, 0x8252200f, 0x82422003, 0x42402003, 0x582006ab, 0xef830782, 0x17864920, 0x89200b83, 0x96200b82, 0x93200382, 0x8b200382, 
    0x8f200382, 0x8d200382, 0x86200382, 0x94200382, 0x83066f43, 0x2027f717, 0x2083829a, 0x20038290, 0xa3038284, 0x0723440b, 0x8a200787, 0x038b3782, 
    0x0f820520, 0xd783038b, 0x91200387, 0x4c201b82, 0xda200382, 0xd2200382, 0xd9200382, 0xcd200382, 0x2006bb43, 0x830782e1, 0x82822003, 0x86732007, 
    0x82b42023, 0x86242007, 0x82962023, 0x457d2007, 0x7b83061f, 0x23852320, 0x41f6ff21, 0xe74406c3, 0x00d92407, 0x821aff00, 0x45792003, 0x4b8306ef, 
    0x5f201b83, 0x0f87478a, 0x9b416e20, 0x41692006, 0x8b83069f, 0x5f830383, 0x03836f83, 0x1b827820, 0x9386a020, 0x07828c20, 0x50200383, 0x83068f42, 
    0x823c200b, 0x4cdc200b, 0xdb830e67, 0x07831383, 0x1e205b83, 0x25201f82, 0x93206386, 0x2006174b, 0x2707828f, 0xfe5802f9, 0xfb580234, 0xf9212b82, 
    0x2007824d, 0x240f82a6, 0xfd58025c, 0x200b82fd, 0x210789a5, 0x178211fe, 0x58020c24, 0x03857ff9, 0x8209fc21, 0x8543200f, 0xbbfe213b, 0x8e200782, 
    0x3e200382, 0xd4240382, 0x90fc5802, 0x71200382, 0x82200b82, 0xfe214b85, 0x200f82d1, 0x200382c9, 0x200f8244, 0x200782b3, 0x2007822c, 0x20038252, 
    0x20038681, 0x201382c5, 0x830b82bd, 0x82682007, 0x85f82073, 0x82fe207b, 0x82038447, 0xfafb218f, 0xfb213385, 0x201f829c, 0x200382e5, 0x200382cc, 
    0x200396cb, 0x203f82e9, 0x20a78291, 0x211f8939, 0x0b8273fb, 0x1782f320, 0x47829b20, 0xfb21cb82, 0x200782a0, 0x83b38516, 0x13fc215b, 0x66200b82, 
    0xfc210385, 0x202b8222, 0x21bb85e4, 0xf3410efc, 0x41642006, 0x2e200a83, 0x20066b41, 0x06cf41da, 0x8b410020, 0x20078806, 0x82008200, 0x07ab4513, 
    0xaf4d2b20, 0x2167820a, 0xcf4a0000, 0x434b200a, 0x232006e7, 0x2006bb45, 0x06e34348, 0x07821d20, 0x57869e20, 0x33836783, 0x0021bb82, 0x06d74746, 
    0xc344ff20, 0x829f2006, 0x200b8307, 0x20a78605, 0x0597478c, 0x85f6ff21, 0xa5002107, 0xe6200782, 0x78200382, 0x97200382, 0x44061b44, 0x50200763, 
    0x07838786, 0xff217f82, 0x06b74eb0, 0x23834f83, 0x77830783, 0x03870783, 0x58024122, 0x07825b84, 0x1f83c784, 0x84060f45, 0x83eb8317, 0x873f8303, 
    0x82b3830b, 0x4400205f, 0x552007d3, 0x174ae386, 0x472b8307, 0x0b870b63, 0x37831f87, 0xdb836f83, 0xef456920, 0x832f9306, 0x07874513, 0x63866420, 
    0xf620db87, 0x870a9f47, 0x07874197, 0xbf462820, 0x20678306, 0x06b7415a, 0x57419b20, 0x83fb8b06, 0x200383a7, 0x05934a0e, 0x97430020, 0x0bb74607, 
    0xd9208383, 0x82067b41, 0xb0ff214f, 0x8306b743, 0x41732047, 0x0b8306cf, 0x8307a74a, 0x20338383, 0x48af86b4, 0x53420797, 0x0b0b410f, 0x00205782, 
    0x37832f83, 0xe3861783, 0x87830020, 0x3b871b83, 0x53824320, 0x03821d20, 0x2106c746, 0xcf49f6ff, 0x9b0b8309, 0x28002103, 0x20064f47, 0x83078614, 
    0x209b830f, 0x0547410a, 0x1383d784, 0x03930f83, 0x4b426e20, 0x83078306, 0x8323878f, 0x870b82fb, 0x2007888b, 0x839b86b0, 0x842f866f, 0x212b821b, 
    0x4b860500, 0xff230b82, 0x845802d8, 0x412f8703, 0x0fae0f27, 0x022c0125, 0x850d0258, 0x420b837b, 0x478608d3, 0x178c8383, 0xeb433c20, 0x1b3f4109, 
    0x00211b87, 0x052f43b4, 0x3f8a0f88, 0xdf450020, 0x41b39207, 0xf6200817, 0x9b833f89, 0x33824788, 0x870c4341, 0x2007834b, 0x0653468c, 0x0f821387, 
    0x02ecff23, 0x83038358, 0x870b8773, 0x97138b0f, 0x202b840b, 0x825782c8, 0x843f8b03, 0x91fa2017, 0x83002017, 0x854b2013, 0x8a002017, 0x840b8b33, 
    0x8619203b, 0x202f8323, 0x832f9525, 0x8f439b33, 0x82eb888f, 0x86638453, 0x20178807, 0x82678246, 0x8fa38313, 0x830f882b, 0x20238697, 0x87978300, 
    0x9ecb8b0b, 0x41979743, 0x5f411387, 0x9773821c, 0x0caf41ab, 0xcb889b8e, 0x0020a783, 0x4420f382, 0x3c200386, 0x420d9342, 0x00210bc7, 0x0eb7558c, 
    0x0f852d20, 0x00202383, 0x00203782, 0x42077748, 0x0f8307b3, 0xcb535520, 0x487d200a, 0x1e20069f, 0x45066f42, 0xe342071b, 0x0f6b4312, 0xaf830fb4, 
    0x0b495e20, 0x47aa200e, 0x0b46060b, 0x83b79307, 0x4158208f, 0x00210907, 0x061f4914, 0x17514220, 0x82272006, 0x820f2007, 0x07f34503, 0x47451920, 
    0x8a4d2006, 0x201f8313, 0x490f8296, 0x2b460763, 0x46502007, 0x1e200a7b, 0x7f830b82, 0x28204783, 0x20067749, 0x83078220, 0x82232003, 0x49c32007, 
    0x0b830ab7, 0x078e6f87, 0x50f6ff21, 0x3420060f, 0x3e200792, 0x8306b34e, 0x84378253, 0x8551202b, 0x5bff216b, 0xc920e382, 0xa9200382, 0x46064345, 
    0xff210a77, 0x063f4cec, 0x1b446b8a, 0x82f5200c, 0x4606201f, 0x578706cb, 0x27412520, 0x20079306, 0x201b825a, 0x82038249, 0x0f00212b, 0x20061342, 
    0x050f42b4, 0x0213fe2d, 0x0207fe58, 0x02c8fb58, 0x82dafd58, 0x82822007, 0x82df2007, 0x82d52003, 0x82c62003, 0x8573200f, 0xa7fe210b, 0xd2200b82, 
    0xbb202b82, 0xe3240386, 0xa4fc5802, 0xc7230382, 0x82fa5802, 0x200b84c7, 0x8b1b82d6, 0x825b8327, 0xfffb21fb, 0xfe215b85, 0x2043822a, 0x200385a0, 
    0x064b4afd, 0xcb4afb20, 0x210b830a, 0xcf4aa1fb, 0xb3fb2105, 0x61200782, 0x89200382, 0xcf200382, 0x0f833382, 0x07823f83, 0xfc211b83, 0x09374a6d, 
    0x4a9bfb21, 0x0783053f, 0x2f82fe20, 0x02cdfb25, 0x8243f958, 0x82ee201f, 0x21e78217, 0xa78298fe, 0xa7827720, 0x0f827e20, 0xef86e620, 0x238ebe20, 
    0x4389cf20, 0x53873b83, 0x8234fe21, 0x8947202f, 0xf5fb211b, 0xfd210b85, 0x845b85f3, 0x82978373, 0x11fe2117, 0xfd207385, 0xfe217782, 0x201f8257, 
    0x203b8296, 0x06374b39, 0x0021f782, 0x06ab428c, 0x0021f382, 0x830b82d2, 0x41372007, 0x00250587, 0xfe0000a5, 0x20038225, 0x2003828d, 0x2003824a, 
    0x24038290, 0xff00003b, 0x20078260, 0x2003861f, 0x20078234, 0x8303825c, 0x24038307, 0xfd00007a, 0x820f82f0, 0x18ff2107, 0x1f833b86, 0x0b826620, 
    0x03827520, 0x1f826120, 0x03828a20, 0x0b82cb20, 0x7b431620, 0x82e52006, 0x82a22007, 0x4ce82003, 0x77200673, 0x03830782, 0x13429b83, 0x20a78406, 
    0x201782cd, 0x833782b9, 0x2097924b, 0x86939ffe, 0x1bff219f, 0x43839786, 0xfe20978a, 0x93aec384, 0x2f82d220, 0x0382e120, 0x53827d20, 0x2a203f83, 
    0x03870782, 0x20200f83, 0x038b0f82, 0x0f822f20, 0x1b8b038b, 0xeb502020, 0x45692006, 0xd8200647, 0x200e2b4c, 0x210f8255, 0x00820055, 0x05820782, 
    0x82040021, 0x82032004, 0x82242003, 0x250b8203, 0x0300120f, 0x0f840100, 0x0a00032e, 0x120f0000, 0xee0e0400, 0xa8010000, 0xc4091482, 0x00a80007, 
    0x002f000d, 0x017e0039, 0x017f0131, 0x01920190, 0x01a1019b, 0x01ce01b0, 0x01d201d0, 0x01d601d4, 0x01da01d8, 0x01e701dc, 0x01f501eb, 0x021b02ff, 
    0x02370233, 0x02ba0259, 0x02c702bc, 0x02dd02c9, 0x03f702f3, 0x030c0304, 0x0312030f, 0x0323031b, 0x03380328, 0x037e0375, 0x038c038a, 0x03a10390, 
    0x03b003a9, 0x03cf03c9, 0x040c04d7, 0x0423041a, 0x0443043a, 0x045c044f, 0x0493045f, 0x04a3049b, 0x04b704b1, 0x04d904bb, 0x04e904df, 0x1eea0af5, 
    0x1e9e1e85, 0x200120f9, 0x2010200b, 0x20162014, 0x20242022, 0x20302026, 0x203a2034, 0x2046203f, 0x20792070, 0x207c207a, 0x20ac2089, 0x20b420ae, 
    0x21bf20bd, 0x210d2102, 0x21162113, 0x211d211a, 0x21242122, 0x2140212e, 0x2199218b, 0x21a0219e, 0x21a721a3, 0x21ad21aa, 0x21c921be, 0x21db21d4, 
    0x21e521df, 0x22ea21e8, 0x2213220c, 0x221a2215, 0x2225221e, 0x2239222b, 0x223e223c, 0x22452243, 0x224b2249, 0x2254224d, 0x22652257, 0x227c2273, 
    0x22992289, 0x22b422a5, 0x22bd22b8, 0x22c622c4, 0x22ce22ca, 0x22e222d0, 0x230523f1, 0x2318230b, 0x2326231f, 0x232b2328, 0x238b237a, 0x23ad2395, 
    0x24fe23ce, 0x25242421, 0x259f2594, 0x25ab25a1, 0x25cf25cc, 0x25e625d5, 0x25ef25eb, 0x266d26f6, 0x2687266f, 0x271327a1, 0x27172715, 0x27712736, 
    0x279e2794, 0x27dc27c6, 0x29f727eb, 0x294a2916, 0x2a002a88, 0xe0582b06, 0xfeb3e0a2, 0xfffffe62, 0xff5dff5b, 0x00fffffd, 0x000d0000, 0x00300020, 
    0x01a0003a, 0x018f0134, 0x019b0192, 0x01af01a0, 0x0ea941cd, 0x01e62008, 0x01f401ea, 0x021802fc, 0x02370232, 0x02b90259, 0x02c602bc, 0x02d802c9, 
    0x03f702f3, 0x41060300, 0x440808a9, 0x03360325, 0x037e0374, 0x038c0384, 0x0391038e, 0x03aa03a3, 0x03ca03b1, 0x040104d5, 0x041b040e, 0x043b0424, 
    0x04510444, 0x0490045e, 0x04a2049a, 0x04b604ae, 0x04d804ba, 0x04e404dc, 0x1eea0af4, 0x1e9e1e80, 0x06a941a0, 0x16201324, 0xa9411820, 0x20323206, 
    0x203c2039, 0x20702044, 0x207a2074, 0x2080207c, 0x0ea941ab, 0x19211522, 0x2c0aa941, 0x2190218a, 0x21a0219d, 0x21a521a2, 0x06a941a9, 0xdb21d03a, 
    0xe521de21, 0xea21e721, 0x0e220022, 0x18221522, 0x23221e22, 0x34222722, 0x2008a941, 0x08a94147, 0x6a225f36, 0x82227a22, 0x9b228e22, 0xb822b422, 
    0xc222bb22, 0xc822c622, 0x0806a941, 0x0223ee30, 0x18230823, 0x24231c23, 0x2b232823, 0x89233623, 0x9b239523, 0xfb23ce23, 0x23240024, 0x95250025, 
    0xaa25a025, 0xce25b225, 0xe625d425, 0xa941e725, 0x41a0200a, 0x6e3c08a9, 0x9c279427, 0xdc27c527, 0xf527e627, 0x4a291629, 0x002a8729, 0x582b052a, 
    0xb0e0a0e0, 0x260ba941, 0x0000b303, 0x8600a402, 0x36022300, 0x0a857aff, 0xff33ff2d, 0xff80ff53, 0xff7fff84, 0x857dff7e, 0x2b058513, 0x9afed7fe, 
    0xa8030000, 0x9d03bf03, 0x10220782, 0x17830d03, 0x03660333, 0x035c0364, 0x03540355, 0x00ee0247, 0xfe00003d, 0x220382e1, 0x82bffec0, 0x83c42005, 
    0x25038321, 0x0000bcfd, 0x0983e0fd, 0xf8310395, 0xe100003e, 0xe30000e9, 0xe3b2e3bb, 0xe346e34b, 0x240b8221, 0xe407e317, 0x20078209, 0x3933832e, 
    0x92e292e2, 0x6ae3c1e3, 0x1be364e2, 0x15e31ee3, 0x03e30de3, 0x9ae1a0e1, 0x3982aee4, 0x94e1962a, 0x95e198e4, 0x1ee396e4, 0x00272b83, 0xe2dee200, 
    0x82dce2dd, 0xe2cf2301, 0x8982e2c9, 0xed82e220, 0xe29fe225, 0x83f8e3a8, 0xc8e1211f, 0x06242182, 0xffe10000, 0x12260782, 0x8de1afe1, 0x098292e1, 
    0x9be11926, 0xf5e181e1, 0x03872183, 0xe154e123, 0x290b8344, 0x000093e1, 0x10e10ce1, 0x0d8330e1, 0xd1202b82, 0xe2230783, 0x83b8e2bd, 0xf0e12507, 
    0x1ce20000, 0x03830983, 0xdf17df25, 0x8320df28, 0xe9de3e09, 0xe5deddde, 0xc9decdde, 0xf2dff3df, 0x0cdf24df, 0x9ade9bde, 0x7bde99de, 0xffdc0000, 
    0x218b82dc, 0x098213dc, 0xdba22008, 0xd9a4da2d, 0xd9fed9ce, 0x2699dafa, 0x05172624, 0x03c204d8, 0x05ed03ee, 0x000100f9, 0x82a60100, 0x02c22603, 
    0x046c034a, 0x053a4502, 0x04020423, 0x89098304, 0xf8032b03, 0xfc03fa03, 0x0404fe03, 0x23840a04, 0x84000821, 0x23278500, 0x12040a04, 0x048a0e84, 
    0x000e0425, 0x83180400, 0x2b058310, 0x2c042204, 0x46043004, 0x5c040000, 0x86380382, 0xb2049c04, 0xba04b404, 0xbe04bc04, 0xc604c404, 0xca04c804, 
    0xda04d004, 0x03831b82, 0x3783e220, 0x05210385, 0x2607868a, 0x05000098, 0x85a0059a, 0x8705930d, 0x251b8529, 0x82058005, 0x0b859405, 0x05250587, 
    0x05000088, 0x230d858e, 0xa2058a05, 0xaa200d82, 0xac200382, 0xae200382, 0x00231585, 0x88b00500, 0x05ac2a09, 0x05ca05b8, 0x05dc05ce, 0x261383f2, 
    0x06060206, 0x86060000, 0x060625f9, 0x12060c06, 0x16230f82, 0x82001c06, 0x1c062700, 0x0000a406, 0x0382a606, 0xce06c825, 0x41071007, 0x08230611, 
    0x82680834, 0x2102961e, 0x18835008, 0x00520824, 0x03820800, 0x03970b83, 0x03400807, 0x032e03be, 0x033a036a, 0x053804c5, 0x036b03b5, 0x03440343, 
    0x03150434, 0x0357032a, 0x033d0329, 0x042c032b, 0x0419041c, 0x0530031b, 0x000100b4, 0x001b001a, 0x00250021, 0x00390038, 0x00430040, 0x0051004f, 
    0x00590053, 0x0060005a, 0x007c007a, 0x0081007d, 0x008e0089, 0x00a200a1, 0x00a800a7, 0x034703b1, 0x0448033e, 0x065c0323, 0x00bd0082, 0x00d700d6, 
    0x00e100dd, 0x00f500f4, 0x01ff00fc, 0x0110010d, 0x011a0113, 0x0122011b, 0x013f013d, 0x01440140, 0x0151014c, 0x016a0169, 0x0170016f, 0x05450379, 
    0x044603be, 0x03bf0322, 0x03c3032f, 0x03c403cb, 0x05bf05cd, 0x058006b7, 0x03c601b8, 0x03210465, 0x06b90558, 0x04bb058a, 0x0304031f, 0x04830605, 
    0x03b60530, 0x038b0632, 0x03c70103, 0x03220366, 0x03230321, 0x00120031, 0x000a0002, 0x00100017, 0x00180016, 0x0032001e, 0x00290026, 0x004a002f, 
    0x00460044, 0x00220047, 0x006b005f, 0x00630061, 0x04690078, 0x00760017, 0x008f0094, 0x00920091, 0x017b00a9, 0x00ce004a, 0x00c600be, 0x00cc00d3, 
    0x00d400d2, 0x00ee00da, 0x00e500e2, 0x010801eb, 0x01040101, 0x01de0005, 0x012e0121, 0x01260123, 0x042c013b, 0x01390118, 0x0152015c, 0x01560155, 
    0x013e0171, 0x00140073, 0x000300d0, 0x001500bf, 0x001c00d1, 0x001f00d8, 0x002000db, 0x001d00dc, 0x002300d9, 0x002400df, 0x003400e0, 0x002700f0, 
    0x003000e3, 0x003500ec, 0x002800f1, 0x003d00e4, 0x003b00f9, 0x003f00f7, 0x003e00fb, 0x004200fa, 0x004100fe, 0x014e00fd, 0x014c000c, 0x0145000a, 
    0x014d0002, 0x0148000b, 0x01500000, 0x0152000f, 0x00120111, 0x00140154, 0x00170156, 0x00160155, 0x00180157, 0x00190158, 0x001c015b, 0x001f015d, 
    0x011e015c, 0x015e001d, 0x01740020, 0x01620037, 0x01730024, 0x01790036, 0x017e003c, 0x01800041, 0x017f0043, 0x01820042, 0x01850045, 0x01840048, 
    0x01830047, 0x018c0046, 0x018b004f, 0x018a004e, 0x01a0004d, 0x019d0068, 0x01900065, 0x019f0053, 0x019c0067, 0x019e0064, 0x01a40066, 0x01aa006c, 
    0x00ab0072, 0x007a01b2, 0x007c01b4, 0x017b01b3, 0x0088004b, 0x016d0036, 0x01960030, 0x0009005e, 0x003c00c5, 0x017500f8, 0x003a0038, 0x001900f6, 
    0x017700d5, 0x0186003a, 0x018d0049, 0x01af0050, 0x06670677, 0x06870665, 0x06880681, 0x0689068c, 0x066a0684, 0x066e066b, 0x06730672, 0x06690670, 
    0x06740668, 0x066c0671, 0x06b0066f, 0x036902b2, 0x026a02ba, 0x026c026b, 0x026f026e, 0x02700290, 0x02960271, 0x02980297, 0x0293028e, 0x0292028f, 
    0x02910294, 0x02720295, 0x029b029a, 0x01d00199, 0x01cc01f6, 0x01ed01ee, 0x01f101f0, 0x01eb01f2, 0x01f301ec, 0x01e001d6, 0x01c801e7, 0x01ca01c9, 
    0x01ce01cb, 0x01d101cf, 0x01d301d2, 0x01d501d4, 0x01e201e1, 0x01e301e4, 0x01e601e5, 0x01ea01e9, 0x01ef01e8, 0x02f501f4, 0x020d020c, 0x020f020e, 
    0x02130212, 0x02160215, 0x02180217, 0x02250219, 0x02280226, 0x02290227, 0x022d022a, 0x022c022e, 0x02380233, 0x02140239, 0x0210023a, 0x02310232, 
    0x02350234, 0x022f0236, 0x02370230, 0x0224021a, 0x02cd012b, 0x02f70111, 0x02f8013b, 0x02f9013c, 0x02fa013d, 0x02fb013e, 0x02fc013f, 0x02fd0140, 
    0x02fe0141, 0x02ff0142, 0x02000243, 0x02010244, 0x02020245, 0x02030246, 0x02040247, 0x01a60048, 0x01a3006e, 0x01a5006b, 0x0011006d, 0x001300cd, 
    0x000b00cf, 0x000d00c7, 0x000e00c9, 0x000f00ca, 0x000c00cb, 0x000400c8, 0x000600c0, 0x000700c2, 0x000800c3, 0x000500c4, 0x003100c1, 0x003300ed, 
    0x003700ef, 0x002a00f2, 0x002c00e6, 0x002d00e8, 0x002e00e9, 0x002b00ea, 0x014b00e7, 0x01490009, 0x016a0007, 0x016c002d, 0x0164002f, 0x01660027, 
    0x01670029, 0x0168002a, 0x0165002b, 0x016e0028, 0x01700031, 0x01710033, 0x01720034, 0x016f0035, 0x01930032, 0x0195005b, 0x0197005d, 0x0199005f, 
    0x019a0061, 0x019b0062, 0x01980063, 0x01ad0060, 0x01ac0075, 0x01ae0074, 0x01b00076, 0x03610378, 0x035d0362, 0x035f0363, 0x035e0360, 0x05c00564, 
    0x053303c2, 0x03bd05bc, 0x03380369, 0x033c0339, 0x0320033f, 0x02360335, 0x05c305ad, 0x04fe05ff, 0x04710477, 0x04750473, 0x047a0479, 0x04720478, 
    0x04760474, 0x047d047b, 0x0489048c, 0x048b048a, 0x05e8058d, 0x036504e7, 0x032f04d6, 0x046204ea, 0x032b0425, 0x04e203eb, 0x04e3030b, 0x030a045d, 
    0x032c04e5, 0x042d04d8, 0x04f90316, 0x04d4034d, 0x03dc032e, 0x043104de, 0x04d10363, 0x033e0440, 0x04e903df, 0x04200404, 0x043f0409, 0x04e7031a, 
    0x045a040f, 0x031d041e, 0x03fa03fb, 0x040c04d2, 0x040d0410, 0x030e0411, 0x04ec03f7, 0x045c043c, 0x045b043d, 0x0413045f, 0x04410414, 0x04050442, 
    0x04fd0306, 0x04570455, 0x04580456, 0x0450044f, 0x046d0470, 0x046c046e, 0x0469046f, 0x046a046b, 0x04520453, 0x04510454, 0x0461044b, 0x04670460, 
    0x04010468, 0x04020407, 0x03db0303, 0x04f303d3, 0x03e40347, 0x036604f8, 0x05e105e1, 0x059104ca, 0x034f03f4, 0x03500352, 0x05ce0553, 0x05cb05cd, 
    0x059204cc, 0x05e405e6, 0x05a00565, 0x058c058f, 0x0591058b, 0x056d0587, 0x059f056b, 0x05970568, 0x05930586, 0x05820590, 0x0592059d, 0x05690596, 
    0x05720579, 0x058a058e, 0x05a90578, 0x05a80598, 0x05990571, 0x05a70589, 0x058d057a, 0x0573059b, 0x05800575, 0x05a5056e, 0x056c059a, 0x05a60588, 
    0x05a10570, 0x056a057f, 0x05810577, 0x057c05a3, 0x0574056f, 0x05a205aa, 0x0594059e, 0x05760595, 0x057d05a4, 0x0583059c, 0x057b0567, 0x0584057e, 
    0x05e00566, 0x04c705d5, 0x04320434, 0x04370433, 0x03360435, 0x03f403f6, 0x044a04f5, 0x03490448, 0x03f103f2, 0x04d903f0, 0x04450446, 0x05ef0544, 
    0x05f205f0, 0x05ee05f3, 0x05fb05fa, 0x05d805d7, 0x05b205da, 0x05b305c5, 0x06eb05df, 0x05dd0501, 0x05f805c9, 0x05cf05f7, 0x05d405d2, 0x05d105d3, 
    0x05fd05ec, 0x05c805d9, 0x05fc05d6, 0x05dc05db, 0x06f505de, 0x05f90500, 0x05c605d0, 0x052e05ed, 0x053b0508, 0x05340515, 0x0535050e, 0x0531050f, 
    0x0532050b, 0x042d050c, 0x05f604fc, 0x042c0507, 0x05f404fa, 0x053a0506, 0x054f0555, 0x05390514, 0x054d0553, 0x053e0512, 0x044e0561, 0x045e05f7, 
    0x055405fd, 0x053d0518, 0x044c0560, 0x045d05f5, 0x055205fb, 0x052b0517, 0x0440051a, 0x05f304f9, 0x051d0543, 0x05380505, 0x0541051b, 0x054b0551, 
    0x051e0544, 0x053c0511, 0x0542051c, 0x044a055f, 0x055c05f8, 0x05460520, 0x043f0519, 0x055005fe, 0x051f0545, 0x05280516, 0x05290502, 0x04e80403, 
    0x040105ec, 0x05e704f2, 0x04f10400, 0x055805e6, 0x05eb0449, 0x04480557, 0x056405ea, 0x05ef045b, 0x045a0563, 0x04ff04ee, 0x05e504f0, 0x04470556, 
    0x056205e9, 0x05ed0459, 0x05210522, 0x05240523, 0x05260527, 0x052f0525, 0x05330536, 0x0509052a, 0x050d0510, 0x05300504, 0x050a0537, 0x04a20413, 
    0x049b049a, 0x049d049c, 0x049f049e, 0x04a104a0, 0x04a904aa, 0x04a704a8, 0x04a504a6, 0x04ab04a4, 0x04b804b7, 0x04a304b9, 0x04d504d1, 0x04e104dd, 
    0x04d604d2, 0x04e204de, 0x04db04d9, 0x04d704d3, 0x04e304df, 0x04d804d4, 0x04e404e0, 0x04dc04da, 0x04c504c4, 0x04c104c6, 0x04bb04c7, 0x04c204c0, 
    0x034c03ba, 0x034b034e, 0x0351034d, 0x03b60354, 0x03b403b9, 0x03b503b7, 0x000c00b8, 0x33210082, 0x82048258, 0x46042102, 0x0d200482, 0x03210385, 
    0x200782c0, 0x21038520, 0x0782be03, 0x03852120, 0x822e0321, 0x85222007, 0x6a032103, 0x23200782, 0x03210385, 0x2007823a, 0x21038524, 0x0782c503, 
    0x03852520, 0x82380421, 0x85262007, 0xb5052103, 0x27200782, 0x03210385, 0x2007826b, 0x24038228, 0x03000029, 0x20078243, 0x2103852a, 0x07823403, 
    0x03852b20, 0x82150421, 0x852c2007, 0x83032003, 0x822d201f, 0x2103820b, 0x07825703, 0x03852e20, 0x82290321, 0x852f2007, 0x3d032103, 0x30200782, 
    0x39240382, 0xd4020000, 0x3a200782, 0x3b200382, 0x2b205f82, 0x3c200782, 0x04210385, 0x8307821c, 0x21038227, 0x0b821904, 0x03853e20, 0x821b0421, 
    0x853f2007, 0x83032003, 0x82402043, 0x2103820b, 0x0782b405, 0x03864120, 0x07820120, 0x03824220, 0x03824320, 0x03821a20, 0x03864420, 0x07822120, 
    0x03864520, 0x07822520, 0x03824620, 0x03824720, 0x03823820, 0x03864820, 0x07824020, 0x03864920, 0x4a203f83, 0x03830b82, 0x07824f20, 0x03864b20, 
    0x07825120, 0x03864c20, 0x07825320, 0x03824d20, 0x03824e20, 0x03825920, 0x03864f20, 0x07826020, 0x03865020, 0x07827a20, 0x03825120, 0x03825220, 
    0x03827c20, 0x03865320, 0x07828120, 0x03865420, 0x07828920, 0x03865520, 0x07828e20, 0x03825620, 0x03825720, 0x0382a120, 0x5b865820, 0x0782a720, 
    0x03865a20, 0x0782b120, 0x03855b20, 0xc3830320, 0x0b825c20, 0x03210382, 0x2007823e, 0x2103855d, 0x07824803, 0x03855e20, 0x82230421, 0x855f2007, 
    0x5c032103, 0x9f830782, 0x06210382, 0x200b8282, 0x20038661, 0x200782bd, 0x20038262, 0x20038263, 0x200382d6, 0x20038664, 0x200782dd, 0x20038665, 
    0x200782e1, 0x20038266, 0x20038267, 0x200382f4, 0x20038668, 0x200782fc, 0x20038669, 0x200782ff, 0x2103856a, 0x07820d01, 0x03856b20, 0x82100121, 
    0x856c2007, 0x13012103, 0x6d200782, 0x6e240382, 0x1a010000, 0x6f200782, 0x01210385, 0x20078222, 0x21038570, 0x07823d01, 0x03827120, 0x23827220, 
    0x07823f20, 0x03857320, 0x82440121, 0x85742007, 0x4c012103, 0x75200782, 0x01210385, 0x20078251, 0x20038276, 0x202f8277, 0x20078269, 0x20038278, 
    0x830b8279, 0x827a205b, 0x2003820b, 0x210f8201, 0x0b827b00, 0x03210382, 0x068f4145, 0x00007c24, 0x0b82be05, 0x03857d20, 0x82460321, 0x857e2007, 
    0x83042003, 0x82a0208f, 0x2103820b, 0x0782bf03, 0x0385a120, 0x822f0321, 0x85a22007, 0xc3032103, 0xa3200782, 0x03210385, 0x200782cb, 0x210385a4, 
    0x0782c403, 0x0385a520, 0x82cd0321, 0x85a62007, 0x83052003, 0x82a72047, 0x2103820b, 0x0782b705, 0x0385a820, 0x82800621, 0x85a92007, 0xb8052103, 
    0xaa200782, 0x01210385, 0x200782c6, 0x210385ab, 0x07826503, 0x0385ac20, 0x82210421, 0x85ad2007, 0x58032103, 0xae200782, 0x05210385, 0x200782b9, 
    0x210385af, 0x07828a06, 0x0385b020, 0x82bb0521, 0x85b12007, 0x1f042103, 0xb2200782, 0xb3240382, 0x04030000, 0xb4200782, 0x06210385, 0x20078283, 
    0x210385b5, 0x07823004, 0x0385b620, 0x07830520, 0x0b82b720, 0x03210382, 0x83078232, 0x2103829f, 0x0b828b06, 0x0385b920, 0x82030321, 0x85ba2007, 
    0xc7012103, 0xbb200782, 0x03210385, 0x20078266, 0x210385bc, 0x07822203, 0x0385bd20, 0xbf830320, 0x0b82be20, 0x03210382, 0x20078223, 0x210385bf, 
    0x07823103, 0x0386c020, 0x07821220, 0x0386c120, 0x00000224, 0x0386c200, 0x07820a20, 0x0386c320, 0x07821720, 0x0386c420, 0x07821020, 0x0386c520, 
    0x07821620, 0x0386c620, 0x07821820, 0x0386c720, 0x07821e20, 0x0386c820, 0xc920cb83, 0x03830b82, 0x07822620, 0x0386ca20, 0x07822920, 0x0386cb20, 
    0x07822f20, 0x0386cc20, 0x07824a20, 0x0386cd20, 0x07824420, 0x0382ce20, 0x0382cf20, 0x03824620, 0x0386d020, 0xd120e383, 0x03830b82, 0x07825f20, 
    0x0386d220, 0x07826b20, 0x0386d320, 0x07826120, 0x0386d420, 0x07826320, 0x0386d520, 0x7b437820, 0x43d62006, 0xd720064b, 0x03820782, 0xe3830420, 
    0x0b82d820, 0x76200383, 0xd9200782, 0x94200386, 0xda200782, 0x8f200386, 0xdb200782, 0xdc200382, 0x91200382, 0xdd200382, 0xa9200386, 0xde200782, 
    0x7b200386, 0xdf200782, 0x01200385, 0xe020cb83, 0x03830b82, 0xe120c783, 0x03830b82, 0x0782be20, 0x0386e220, 0x0782c620, 0x0386e320, 0xe420bb83, 
    0x03830b82, 0x0782cc20, 0x0386e520, 0xe620df83, 0x03830b82, 0x0782d420, 0x0386e720, 0xe8209783, 0x03830b82, 0x0782ee20, 0x0386e920, 0xea205b83, 
    0x03830b82, 0x0782e520, 0x038aeb20, 0x0b82ec20, 0x01210382, 0x20078208, 0x210385ed, 0x07820101, 0x0382ee20, 0x0000ef24, 0x07820401, 0x0386f020, 
    0xf120d383, 0x03820b82, 0x82210121, 0x85f22007, 0x2e012103, 0xf3200782, 0x01210385, 0x06a74423, 0x0000f424, 0x0b822601, 0x0385f520, 0x823b0121, 
    0x85f62007, 0x2c012103, 0xf7200782, 0x04210385, 0x20078218, 0x210385f8, 0x07823901, 0x0385f920, 0x825c0121, 0x85fa2007, 0x52012103, 0xfb200782, 
    0xfc200382, 0x55205382, 0xfd200782, 0x01210385, 0x20078271, 0x210385fe, 0x07823e01, 0x0385ff20, 0x82730121, 0x200a8227, 0x21038201, 0x0b821400, 
    0xd3840882, 0x0b82d020, 0x03850220, 0x82030021, 0x21038607, 0x0b82bf00, 0x03850420, 0x82150021, 0x85052007, 0xd1002103, 0x06200782, 0x00210385, 
    0x2007821c, 0x21038507, 0x0782d800, 0x03850820, 0x821f0021, 0x85092007, 0xdb002103, 0x0a200782, 0x00210385, 0x20078220, 0x2103850b, 0x0782dc00, 
    0x03850c20, 0x821d0021, 0x850d2007, 0xd9002103, 0x0e200782, 0x00210385, 0x20078223, 0x2103850f, 0x0782df00, 0x03851020, 0x82240021, 0x85112007, 
    0xe0002103, 0x12200782, 0x00210385, 0x20078234, 0x21038513, 0x0782f000, 0x0382e783, 0x82270021, 0x82c3830b, 0xe3002103, 0x16200b82, 0x00210385, 
    0x20078230, 0x21038517, 0x0782ec00, 0x03851820, 0x82350021, 0x85192007, 0xf1002103, 0x1a200782, 0x00210385, 0x20078228, 0x2103851b, 0x0782e400, 
    0x0382ff83, 0x823d0021, 0x82c3830b, 0xf9002103, 0x1e200b82, 0x00210385, 0x2007823b, 0x2103851f, 0x0782f700, 0x0382ff83, 0x823f0021, 0x8521200b, 
    0xfb002103, 0x22200782, 0x00210385, 0x2007823e, 0x21038523, 0x0782fa00, 0x0382e783, 0x82420021, 0x8525200b, 0xfe002103, 0x26200782, 0x00210385, 
    0x20078241, 0x21038527, 0x0782fd00, 0x03829f83, 0x824e0021, 0x8629200b, 0x820c2003, 0x852a2007, 0x4c002103, 0x2b200782, 0x0a200386, 0x2c200782, 
    0x00210385, 0x20078245, 0x2003862d, 0x20078202, 0x2103852e, 0x07824d00, 0x03862f20, 0x07820b20, 0x03853020, 0x82480021, 0x86312007, 0x82002003, 
    0x85342007, 0x50002103, 0x35200782, 0x0f200386, 0x36200782, 0x00210385, 0x20078252, 0x20038237, 0x05b34138, 0x82390121, 0x21038207, 0x07825400, 
    0x03863a20, 0x07821420, 0x03853b20, 0x82560021, 0x863c2007, 0x82172003, 0x853d2007, 0x55002103, 0x3e200782, 0x16200386, 0x3f200782, 0x00210385, 
    0x20078257, 0x20038640, 0x20078218, 0x21038541, 0x07825800, 0x03864220, 0x07821920, 0x03854320, 0x825b0021, 0x86442007, 0x821c2003, 0x82ff8307, 
    0x5d002103, 0x46200b82, 0x1f200386, 0x47200782, 0x00210385, 0x8307825c, 0x200383f3, 0x200b821e, 0x20038649, 0x2007821d, 0x2103854a, 0x07825e00, 
    0x03864b20, 0x07822020, 0x03854c20, 0x82740021, 0x864d2007, 0x82372003, 0x854e2007, 0x62002103, 0x4f200782, 0x24200386, 0x50200782, 0x00210385, 
    0x20078273, 0x20038651, 0x20078236, 0x21038552, 0x07827900, 0x03865320, 0x07823c20, 0x03855420, 0x437e0021, 0x012105ff, 0x21f38555, 0x07825601, 
    0x00210382, 0x20078280, 0x83038657, 0x825820f7, 0x2103820b, 0x07827f00, 0x03865920, 0x07824220, 0x03855a20, 0x82820021, 0x865b2007, 0x82452003, 
    0x855c2007, 0x85002103, 0x5d200782, 0x48200386, 0x5e200782, 0x00210385, 0x20078284, 0x2003865f, 0x20078247, 0x21038560, 0x07828300, 0x03866120, 
    0x07824620, 0x03856220, 0x828c0021, 0x86632007, 0x20f78303, 0x820b8264, 0x8b002103, 0x65200782, 0x4e200386, 0x66200782, 0x00210385, 0x2007828a, 
    0x20038667, 0x2007824d, 0x21038568, 0x0782a000, 0x03866920, 0x6a201383, 0x03820b82, 0x829d0021, 0x866b2007, 0x82652003, 0x856c2007, 0x90002103, 
    0x6d200782, 0x53200386, 0x6e200782, 0x00210385, 0x2007829f, 0x2003866f, 0x20078267, 0x21038570, 0x07829c00, 0x03867120, 0x07826420, 0x03857220, 
    0x829e0021, 0x86732007, 0x82662003, 0x85742007, 0xa4002103, 0x75200782, 0x6c200386, 0x76200782, 0x00210385, 0x200782aa, 0x83038677, 0x82782043, 
    0x2103820b, 0x0782ab00, 0x03857920, 0x82b20021, 0x8a7a2007, 0x827b2003, 0x2103820b, 0x0782b400, 0x038a7c20, 0x0b827d20, 0x00210382, 0x200782b3, 
    0x8203867e, 0x7f012127, 0x03830b82, 0x07824b20, 0x03858f20, 0x82880021, 0x82f38307, 0x36002103, 0x92200b82, 0x03210385, 0x200782c8, 0x2003869b, 
    0x20078215, 0x210385a0, 0x07826d00, 0x0386a120, 0x07823020, 0x0385af20, 0x82960021, 0x86b02007, 0x825e2003, 0x85cd2007, 0x09002103, 0xce200782, 
    0x00210385, 0x200782c5, 0x200386d0, 0x20078203, 0x200386d2, 0x20078225, 0x200386d4, 0x20078254, 0x200386d6, 0x2007825a, 0x200386d8, 0x20078257, 
    0x200386da, 0x20078258, 0x200386dc, 0x20078259, 0x210385e6, 0x07823c00, 0x0385e720, 0x82f80021, 0x85ea2007, 0x75002103, 0xeb200782, 0x38200386, 
    0xf4200782, 0x00210385, 0x2007823a, 0x210385f5, 0x0782f600, 0x0385fc20, 0x82190021, 0x85fd2007, 0xd5002103, 0xfe200782, 0x00210385, 0x20078277, 
    0x820386ff, 0x1802243b, 0x82020000, 0x86002103, 0x33820782, 0x03820220, 0x82490121, 0x851a200b, 0x8d002103, 0x1b200782, 0x01210385, 0x20078250, 
    0x21038532, 0x0782af00, 0x03853320, 0x53820120, 0x82370221, 0x2103820b, 0x07820e01, 0x0220cf82, 0x00210382, 0x200b82f3, 0x210385b9, 0x07826706, 
    0x0385ba20, 0x82650621, 0x85bc2007, 0x64062103, 0xc6200782, 0xc7240382, 0x85060000, 0xc9200782, 0x06210385, 0x20078266, 0x210385d8, 0x07828706, 
    0x0385d920, 0x82810621, 0x85da2007, 0x88062103, 0xdb200782, 0x06210385, 0x2007828c, 0x210385dc, 0x07828906, 0x0385dd20, 0x82840621, 0x82878307, 
    0x03062103, 0xf7200b82, 0x06250385, 0x03000004, 0x20038200, 0x20778201, 0x2007826a, 0x21038502, 0x07826e06, 0x03820320, 0x06211f82, 0x20078272, 
    0x21038506, 0x07827006, 0x03850720, 0x82690621, 0x85082007, 0x68062103, 0x09200782, 0x06210385, 0x20078274, 0x2103850a, 0x07827106, 0x03850b20, 
    0x826c0621, 0x850c2007, 0x6f062103, 0x0f200782, 0x06210385, 0x20078275, 0x21038512, 0x07827606, 0x03851b20, 0x82770621, 0x85232007, 0x78062103, 
    0x25200782, 0x28200382, 0x7920a782, 0x36200782, 0x38200382, 0x7d200b82, 0x74200782, 0x75200382, 0x62200b82, 0x7e200782, 0xbb200386, 0xf3820782, 
    0x03820320, 0x82b00621, 0x8585200b, 0xb2062103, 0x86200782, 0x02200385, 0x8720bf83, 0x03830b82, 0x0782ba20, 0x03828820, 0x00008a24, 0x07826a02, 
    0x03858c20, 0x826d0221, 0x828e2007, 0x828f2003, 0x826e2017, 0x85902007, 0x83022003, 0x82912007, 0x82a1200b, 0x82512017, 0x82a32007, 0x82a92003, 
    0x2083830b, 0x200b82aa, 0x200b82ab, 0x20078270, 0x200382ac, 0x200b82ae, 0x20078296, 0x200385af, 0x204f8302, 0x820b82b0, 0x93022103, 0xb1200782, 
    0xc9200382, 0xc3822382, 0x82ca0321, 0x2003820b, 0x216f8202, 0x0b82cb03, 0x02210382, 0x20078292, 0x210385cc, 0x07829402, 0x0385cd20, 0x82910221, 
    0x85ce2007, 0x95022103, 0xcf200782, 0x02210385, 0x20078272, 0x200382d5, 0x205382d6, 0x2007829a, 0x250385d7, 0x00009902, 0x03850104, 0x82d00121, 
    0x85022007, 0xf6012103, 0x03200782, 0x01210385, 0x200782cc, 0x21038504, 0x0782ee01, 0x03850520, 0x82ed0121, 0x82062007, 0x00082403, 0x82f00100, 
    0x82092007, 0x430a2003, 0x04210587, 0x820b820b, 0xf3012103, 0x0c200782, 0x01200385, 0x04217b82, 0x820b820e, 0xe0012103, 0x0f200782, 0x01210385, 
    0x240782e7, 0x04000010, 0x203b8213, 0x200782c8, 0x20038214, 0x05534415, 0x82160421, 0x821a200b, 0x82d1200b, 0x821b2007, 0x82232003, 0x21bb820b, 
    0x0b822404, 0x0b822520, 0x0782e120, 0x03852620, 0x82e40121, 0x85272007, 0xe3012103, 0x28200782, 0x29200382, 0xe5202382, 0x2a200782, 0x2b200382, 
    0xe9200b82, 0x2c200782, 0x01210385, 0x200782e8, 0x2103852d, 0x0782ef01, 0x03822e20, 0x3b442f20, 0x30042105, 0x33240b82, 0x0c020000, 0x34200782, 
    0x35200382, 0x12240b82, 0x36040000, 0x3a200382, 0x9f820b82, 0x823b0421, 0x4343200b, 0x042105ff, 0x200b8244, 0x200b8245, 0x20078225, 0x21038546, 
    0x07822802, 0x03854720, 0x82270221, 0x82482007, 0x82492003, 0x82292023, 0x824a2007, 0x824b2003, 0x822d200b, 0x854c2007, 0x2c022103, 0x4d200782, 
    0x02200385, 0x04217b82, 0x200b824e, 0x2023824f, 0x20078238, 0x21038551, 0x07821402, 0x03855220, 0x823a0221, 0x85532007, 0x10022503, 0x54040000, 
    0x02210385, 0x20078232, 0x21038555, 0x07823102, 0x03825620, 0x47825820, 0x07823420, 0x03825920, 0x0b825a20, 0x07822f20, 0x03855b20, 0x82370221, 
    0x855c2007, 0x1a022103, 0x5e200782, 0x02210385, 0x20078224, 0x2103855f, 0x07822b02, 0x03859020, 0x82cd0121, 0x85912007, 0x11022103, 0x92200782, 
    0x01210385, 0x200782f7, 0x21038593, 0x07823b02, 0x03859a20, 0x82f80121, 0x859b2007, 0x3c022103, 0xa2200782, 0x01210385, 0x200782f9, 0x210385a3, 
    0x07823d02, 0x0385ae20, 0x82fa0121, 0x85af2007, 0x3e022103, 0xb0200782, 0x01210385, 0x200782fb, 0x210385b1, 0x07823f02, 0x0385b620, 0x82fc0121, 
    0x85b72007, 0x40022103, 0xba200782, 0x01210385, 0x200782fd, 0x210385bb, 0x07824102, 0x0385d820, 0x82fe0121, 0x85d92007, 0x42022103, 0xdc200782, 
    0x01210385, 0x200782ff, 0x210385dd, 0x07824302, 0x0385de20, 0x82000221, 0x85df2007, 0x44022103, 0xe4200782, 0x02210385, 0x20078201, 0x210385e5, 
    0x07824502, 0x0385e620, 0x82020221, 0x85e72007, 0x46022103, 0xe8200782, 0x02210385, 0x20078203, 0x210385e9, 0x07824702, 0x0385f420, 0x82040221, 
    0x85f52007, 0x48022503, 0xea0a0000, 0x03250385, 0x1e000028, 0x21038580, 0x0782a600, 0x03858120, 0x826e0121, 0x85822007, 0xa3002103, 0x83200782, 
    0x01210385, 0x2007826b, 0x21038584, 0x0782a500, 0x03858520, 0x826d0121, 0x859e2007, 0x87002103, 0xa0200782, 0x00210385, 0x20078211, 0x210385a1, 
    0x0782cd00, 0x0385a220, 0x82130021, 0x85a32007, 0xcf002103, 0xa4200782, 0x00210385, 0x8307820b, 0x21038257, 0x0b82c700, 0x0385a620, 0x820d0021, 
    0x85a72007, 0xc9002103, 0xa8200782, 0x00210385, 0x2007820e, 0x210385a9, 0x0782ca00, 0x0385aa20, 0x820f0021, 0x85ab2007, 0xcb002103, 0xac200782, 
    0x00210385, 0x2007820c, 0x210385ad, 0x0782c800, 0x0385ae20, 0x82040021, 0x85af2007, 0xc0002103, 0xb0200782, 0x00210385, 0x20078206, 0x210385b1, 
    0x0782c200, 0x0385b220, 0x82070021, 0x85b32007, 0xc3002103, 0xb4200782, 0x00210385, 0x20078208, 0x210385b5, 0x0782c400, 0x0385b620, 0x82050021, 
    0x85b72007, 0xc1002103, 0xb8200782, 0x00210385, 0x20078231, 0x210385b9, 0x0782ed00, 0x0385ba20, 0x82330021, 0x85bb2007, 0xef002103, 0xbc200782, 
    0x00210385, 0x20078237, 0x210385bd, 0x0782f200, 0x0385be20, 0x822a0021, 0x85bf2007, 0xe6002103, 0xc0200782, 0x00210385, 0x8307822c, 0x2103826f, 
    0x0b82e800, 0x0385c220, 0x822d0021, 0x85c32007, 0xe9002103, 0xab830782, 0x00210382, 0x200b822e, 0x210385c5, 0x0782ea00, 0x0385c620, 0x822b0021, 
    0x85c72007, 0xe7002103, 0xc8200782, 0x00210385, 0x2007824b, 0x210385c9, 0x07820901, 0x0385ca20, 0x82490021, 0x85cb2007, 0x07012103, 0xcc200782, 
    0x00210385, 0x2007826a, 0x200385cd, 0x20838301, 0x820b82ce, 0x6c002103, 0xcf200782, 0x01210385, 0x2007822f, 0x210385d0, 0x07826400, 0x0385d120, 
    0x82270121, 0x85d22007, 0x66002103, 0xd3200782, 0x01210385, 0x20078229, 0x210385d4, 0x07826700, 0x0385d520, 0x822a0121, 0x85d62007, 0x68002103, 
    0xd7200782, 0x01210385, 0x2007822b, 0x210385d8, 0x07826500, 0x0385d920, 0x82280121, 0x85da2007, 0x6e002103, 0xdb200782, 0x01210385, 0x20078231, 
    0x210385dc, 0x07827000, 0x0385dd20, 0x82330121, 0x85de2007, 0x71002103, 0xdf200782, 0x01210385, 0x20078234, 0x210385e0, 0x07827200, 0x0385e120, 
    0x82350121, 0x85e22007, 0x6f002103, 0xe3200782, 0x01210385, 0x20078232, 0x210385e4, 0x07829300, 0x0385e520, 0x825b0121, 0x85e62007, 0x95002103, 
    0xe7200782, 0x01210385, 0x2007825d, 0x210385e8, 0x07829700, 0x0385e920, 0x825f0121, 0x85ea2007, 0x99002103, 0xeb200782, 0x01210385, 0x20078261, 
    0x210385ec, 0x07829a00, 0x0385ed20, 0x82620121, 0x85ee2007, 0x9b002103, 0xef200782, 0x01210385, 0x20078263, 0x210385f0, 0x07829800, 0x0385f120, 
    0x82600121, 0x85f22007, 0xad002103, 0xf3200782, 0x01210385, 0x20078275, 0x210385f4, 0x0782ac00, 0x0385f520, 0x82740121, 0x85f62007, 0xae002103, 
    0xf7200782, 0x01210385, 0x20078276, 0x210385f8, 0x0782b000, 0x0385f920, 0x00780125, 0x85012000, 0xbc032103, 0x0b200782, 0x03210385, 0x200782bd, 
    0x21038510, 0x07825b03, 0x03821320, 0x00001424, 0x07825903, 0x03851620, 0x82370321, 0x82182007, 0x82192003, 0x82612017, 0x851a2007, 0x5d032103, 
    0x1b200782, 0x03210385, 0x20078263, 0x2003821c, 0x2023821d, 0x2007825f, 0x2103851e, 0x07825e03, 0x03851f20, 0x82640321, 0x85202007, 0xc0052103, 
    0x21200782, 0x05210385, 0x200782c2, 0x21038522, 0x07823303, 0x03852420, 0x823b0321, 0x85262007, 0x2d032103, 0x30200782, 0x04210385, 0x20078239, 
    0x82038232, 0x8305202b, 0x823420cb, 0x2103820b, 0x07826903, 0x3a201b83, 0x67208382, 0x3c200b82, 0x3d200382, 0x2105534a, 0x0b823e20, 0x03210382, 
    0x2007823c, 0x2003853f, 0x20078303, 0x820b8244, 0x20032103, 0x45200782, 0x46200382, 0x35202f82, 0x70200782, 0x03210385, 0x20078202, 0x20038274, 
    0x052b4b79, 0x827a2021, 0x2103820b, 0x07823b04, 0x03857c20, 0x82e60321, 0x00802807, 0x00892000, 0x82e40200, 0x82ab2007, 0x82ac2003, 0x82c6202f, 
    0x85ae2007, 0xcc032103, 0xb4200782, 0x03210385, 0x200782c9, 0x210385bd, 0x0782ca03, 0x0385bf20, 0x00c20324, 0x6f822100, 0x02210383, 0x200b82a2, 
    0x2103850d, 0x0782a702, 0x03851320, 0x82c10521, 0x85152007, 0xad022103, 0x16200782, 0x05210385, 0x200782c3, 0x20038219, 0x2083821a, 0x200782af, 
    0x2103851d, 0x0782b102, 0x03852220, 0x82ba0521, 0x85242007, 0xb9022103, 0x2e200782, 0x05210385, 0x200782c4, 0x21038540, 0x07825e04, 0x03858a20, 
    0x82ff0521, 0x858b2007, 0xfe052103, 0x90200782, 0x04210385, 0x20078277, 0x21038591, 0x07827104, 0x03859220, 0x82730421, 0x85932007, 0x75042103, 
    0x94200782, 0x95240382, 0x79040000, 0x96200782, 0x04210385, 0x20078278, 0x21038597, 0x07827204, 0x03859820, 0x82740421, 0x85992007, 0x76042103, 
    0x9d200782, 0x04210385, 0x2007827b, 0x2103859e, 0x07827d04, 0x0385a020, 0x827e0421, 0x82a22007, 0x82a32003, 0x827f205f, 0x82a52007, 0x82a72003, 
    0x8281200b, 0x82a92007, 0x82aa2003, 0x8285200b, 0x85ad2007, 0x7c042103, 0xbe200782, 0x04210385, 0x20078287, 0x210385c9, 0x07828804, 0x0385d020, 
    0x828c0421, 0x82d12007, 0x82d32003, 0x8289203b, 0x85d42007, 0x8d042103, 0xdb200782, 0x04210385, 0x2007828e, 0x210385de, 0x0782e805, 0x0385df20, 
    0x82e70521, 0x85e52007, 0x84042503, 0xe7210000, 0x1f820382, 0x828f0421, 0x85ea2007, 0xe2052503, 0x00220000, 0x04210385, 0x20078265, 0x21038501, 
    0x0782d603, 0x03850220, 0x822f0421, 0x85032007, 0x82032003, 0x04222137, 0x03820b82, 0x82620421, 0x85052007, 0x25042103, 0x06200782, 0x04210385, 
    0x2007822b, 0x21038507, 0x0782eb03, 0x03850820, 0x6b830320, 0x0b820920, 0x04210382, 0x2007820b, 0x2103850a, 0x0782e303, 0x03820f83, 0x825d0421, 
    0x850c200b, 0x83042003, 0x820e201f, 0x2103820b, 0x0782e503, 0x03850f20, 0x822c0421, 0x85102007, 0xd8032103, 0x11200782, 0x04210385, 0x2007822d, 
    0x21038512, 0x07821604, 0x03851320, 0x82f90321, 0x85152007, 0xdd032103, 0x18200782, 0x04210385, 0x2007824d, 0x21038519, 0x0782d403, 0x03851a20, 
    0x822e0421, 0x851e2007, 0x24042103, 0x23200782, 0x03210385, 0x830782dc, 0x2103820f, 0x0b82de03, 0x0382f383, 0x82310421, 0x8227200b, 0x21f78203, 
    0x07822604, 0x03853420, 0x82630421, 0x85352007, 0xd1032103, 0x36200782, 0x04210385, 0x20078240, 0x21038537, 0x07823e04, 0x03853820, 0x82df0321, 
    0x85392007, 0xe9032103, 0x3c200782, 0x04210385, 0x2007824e, 0x2103853e, 0x0782ed03, 0x03854320, 0x82d00321, 0x85452007, 0xd7032103, 0x47200782, 
    0x04210385, 0x20078204, 0x21038548, 0x07822004, 0x03854920, 0x82090421, 0x854b2007, 0x64042103, 0xff830782, 0x03210382, 0x200b82e8, 0x21038554, 
    0x0782d503, 0x03855720, 0x824c0421, 0x855f2007, 0x3f042103, 0x60200782, 0x04210385, 0x2007821a, 0x21038561, 0x0782e703, 0x03856220, 0x820f0421, 
    0x85632007, 0x5a042103, 0x63830782, 0x04210382, 0x200b821e, 0x21038565, 0x07821d04, 0x03856a20, 0x82fb0321, 0x856b2007, 0xfa032103, 0x6c200782, 
    0x03210385, 0x200782d2, 0x2103856d, 0x07820c04, 0x03856e20, 0x82100421, 0x856f2007, 0x0d042103, 0x70200782, 0x04210385, 0x20078211, 0x21038571, 
    0x07820e04, 0x03857220, 0x82f70321, 0x85732007, 0xec032103, 0x7a200782, 0x04210385, 0x2007823c, 0x2103857b, 0x07825c04, 0x03857c20, 0x823d0421, 
    0x85822007, 0x5b042103, 0x83200782, 0x04210385, 0x2007825f, 0x24038284, 0x04000085, 0x20078213, 0x20038286, 0x200b8287, 0x24078241, 0x22000088, 
    0x05bb4e89, 0x828e2221, 0x2103820b, 0x0782fd03, 0x03858f20, 0x82550421, 0x85902007, 0x57042103, 0x91200782, 0x04210385, 0x20078256, 0x21038592, 
    0x07825804, 0x03829320, 0x9b4d9420, 0x95222105, 0x03820b82, 0x82700421, 0x82962007, 0x82972003, 0x826d2017, 0x85982007, 0x6c042103, 0x99200782, 
    0x04210385, 0x2007826f, 0x2103859b, 0x07826904, 0x03859c20, 0x826b0421, 0x859d2007, 0x6a042103, 0x9e200782, 0x04210385, 0x20078253, 0x2103859f, 
    0x07825204, 0x0385a020, 0x82540421, 0x85a12007, 0x51042103, 0xa2200782, 0x04210385, 0x2007824b, 0x210385a3, 0x07826104, 0x0385a420, 0x82600421, 
    0x85a52007, 0x67042103, 0xb4200782, 0x04210385, 0x20078208, 0x210385b8, 0x0782fc03, 0x0385bb20, 0x82680421, 0x85bc2007, 0x01042103, 0xbd200782, 
    0x04210385, 0x20078207, 0x200382c2, 0x052350c3, 0x82c42221, 0x2103820b, 0x0782db03, 0x0385c620, 0x82590421, 0x85c82007, 0xd3032103, 0xc9200782, 
    0x03210385, 0x200782f3, 0x210385ca, 0x07824704, 0x0385ce20, 0x82da0321, 0x85d02007, 0xe0032103, 0xe2200782, 0x04210385, 0x20078212, 0x210385ee, 
    0x0782e403, 0x0385ef20, 0x82f80321, 0x85f02007, 0x66042103, 0xf1200782, 0x03250385, 0x230000e1, 0x20038502, 0x200b8305, 0x820b8203, 0x82052003, 
    0x04232173, 0x03820b82, 0x82910421, 0x85052007, 0xf4052103, 0xff820782, 0x03822320, 0x824f0321, 0x8509200b, 0x52032103, 0x0a200782, 0x03210385, 
    0x20078250, 0x2103850b, 0x07825303, 0x03851820, 0x82e90521, 0x851c2007, 0x82052003, 0x1d2321c7, 0x03820b82, 0x82cd0521, 0x821e2007, 0x001f2403, 
    0x82cb0500, 0x85242007, 0x92042103, 0x25200782, 0x05210385, 0x200782e6, 0x21038526, 0x0782e405, 0x03852820, 0x82e50521, 0x852b2007, 0xe3052103, 
    0x36200782, 0x05210385, 0x20078265, 0x21038537, 0x0782a005, 0x03853820, 0x828f0521, 0x85392007, 0x8c052503, 0x3a230000, 0x05210385, 0x2007828b, 
    0x2003853b, 0x20ef8305, 0x820b823c, 0x87052103, 0x3d200782, 0x05210385, 0x2007826d, 0x2103853e, 0x07826b05, 0x03853f20, 0x829f0521, 0x85402007, 
    0x68052103, 0x41200782, 0x05210385, 0x20078297, 0x21038542, 0x07828605, 0x03854320, 0x82930521, 0x85442007, 0x90052103, 0x45200782, 0x05210385, 
    0x20078282, 0x21038546, 0x07829d05, 0x03854720, 0x82920521, 0x85482007, 0x96052103, 0x49200782, 0x05210385, 0x20078269, 0x2103854a, 0x07827905, 
    0x03854b20, 0x82720521, 0x854c2007, 0x8e052503, 0x4d230000, 0x05210385, 0x2007828a, 0x2103854e, 0x07827805, 0x03854f20, 0x82a90521, 0x85502007, 
    0x98052103, 0x51200782, 0x05210385, 0x200782a8, 0x21038552, 0x07827105, 0x03855320, 0x82990521, 0x85542007, 0x89052103, 0x55200782, 0x05210385, 
    0x200782a7, 0x21038556, 0x07827a05, 0x03855720, 0x828d0521, 0x85582007, 0x9b052103, 0x59200782, 0x05210385, 0x20078273, 0x2103855a, 0x07827505, 
    0x03855b20, 0x82800521, 0x855c2007, 0x6e052103, 0x5d200782, 0x05210385, 0x200782a5, 0x2103855e, 0x07829a05, 0x03855f20, 0x826c0521, 0x85602007, 
    0x88052103, 0x61200782, 0x05210385, 0x200782a6, 0x21038562, 0x07827005, 0x03856320, 0x82a10521, 0x85642007, 0x7f052103, 0x65200782, 0x05210385, 
    0x2007826a, 0x21038566, 0x07827705, 0x03856720, 0x82810521, 0x85682007, 0xa3052103, 0x69200782, 0x05210385, 0x2007827c, 0x2103856a, 0x07826f05, 
    0x03856b20, 0x82740521, 0x82938307, 0xaa052103, 0x6d200b82, 0x05210385, 0x200782a2, 0x2103856e, 0x07829e05, 0x03826f20, 0x05219782, 0x20078294, 
    0x21038571, 0x07827605, 0x03857220, 0x82a40521, 0x85732007, 0x7d052103, 0x74200782, 0x05210385, 0x2007829c, 0x21038575, 0x07828305, 0x03857620, 
    0xaf830520, 0x0b827720, 0x05210382, 0x2007827b, 0x21038578, 0x07827e05, 0x03857920, 0x82840521, 0x857a2007, 0x83052003, 0x828920eb, 0x2103820b, 
    0x0782e005, 0x03858a20, 0x82d50521, 0x858b2007, 0xc7052103, 0x95200782, 0x05210385, 0x20078285, 0x2103859b, 0x07823404, 0x9d248783, 0x32040000, 
    0x9e200b82, 0x04210385, 0x20078237, 0x2003829f, 0x05fb53a0, 0x82a12321, 0x2103820b, 0x0782f603, 0x0382a220, 0x0000a324, 0x0782f403, 0x0382db83, 
    0x824a0421, 0x82a5200b, 0x53a62003, 0x232105e7, 0x820b82a7, 0xf2032103, 0xa8200782, 0x03210385, 0x200782f1, 0x210385a9, 0x0782f003, 0x0385aa20, 
    0x82d90321, 0x85ab2007, 0x46042103, 0xac200782, 0x04210385, 0x20078245, 0x210385ad, 0x07824404, 0x0385ce20, 0x82ea0521, 0x82fb2007, 0x00fc2403, 
    0x82ef0500, 0x82fd2007, 0x82fe2003, 0x00f2240b, 0x85002400, 0xee052103, 0x01200782, 0x02200382, 0xfa201782, 0x03200782, 0x04200382, 0xd7200b82, 
    0x05200782, 0x05210385, 0x200782da, 0x21038506, 0x0782b205, 0x03850720, 0x82c50521, 0x85082007, 0xb3052103, 0x09200782, 0x05210385, 0x200782df, 
    0x2103850a, 0x0782eb05, 0x03850b20, 0x82010621, 0x850c2007, 0xdd052103, 0x0d200782, 0x05210385, 0x200782c9, 0x2103850e, 0x0782f805, 0x03850f20, 
    0x82f70521, 0x85102007, 0xcf052103, 0x11200782, 0x05210385, 0x200782d2, 0x21038512, 0x0782d405, 0x03851320, 0x82d30521, 0x85142007, 0xd1052103, 
    0x15200782, 0x05210385, 0x200782ec, 0x21038516, 0x0782fd05, 0x03851720, 0x82d90521, 0x85182007, 0xc8052103, 0x19200782, 0x05210385, 0x200782d6, 
    0x2103851a, 0x0782fc05, 0x03821b20, 0x00001c24, 0x0782db05, 0x03851d20, 0x82de0521, 0x851e2007, 0xf5052103, 0x1f200782, 0x06210385, 0x20078200, 
    0x21038520, 0x0782f905, 0x03852120, 0x82d00521, 0x85232007, 0xc6052103, 0x24200782, 0x05230385, 0x680000ed, 0x002206c6, 0x0b822e05, 0x03850120, 
    0x82080521, 0x85022007, 0x3b052103, 0x03200782, 0x05210385, 0x20078215, 0x21038504, 0x07823405, 0x03850520, 0x820e0521, 0x85062007, 0x35052103, 
    0x07200782, 0x05210385, 0x8307820f, 0x2103824b, 0x0b823105, 0x03850920, 0x820b0521, 0x850a2007, 0x32052103, 0x0f830782, 0x05210382, 0x860b820c, 
    0x2d052103, 0x0d200b82, 0x04210385, 0x200782fc, 0x2103850e, 0x0782f604, 0x03850f20, 0x67830520, 0x0b821020, 0x05210382, 0x2007822c, 0x21038511, 
    0x0782fa04, 0x03851220, 0x82f40421, 0x85132007, 0x83052003, 0x821420a3, 0x2103820b, 0x07823a05, 0x0382cf83, 0x82550521, 0x8516200b, 0x4f052103, 
    0x17200782, 0x05210385, 0x20078214, 0x21038518, 0x07823905, 0x03851920, 0x82530521, 0x851a2007, 0x4d052103, 0x1b200782, 0x05200385, 0x1c207383, 
    0x03820b82, 0x823e0521, 0x851d2007, 0x61052103, 0x1e200782, 0x05210385, 0x2007824e, 0x2103851f, 0x0782f704, 0x03852020, 0x825e0521, 0x85212007, 
    0xfd042103, 0x22200782, 0x05210385, 0x20078254, 0x21038523, 0x07821805, 0x03852420, 0x823d0521, 0x85252007, 0x60052103, 0x26200782, 0x05210385, 
    0x2007824c, 0x21038527, 0x0782f504, 0x03852820, 0x825d0521, 0x85292007, 0xfb042103, 0x2a200782, 0x05210385, 0x20078252, 0x2003852b, 0x20f78305, 
    0x820b822c, 0x83052003, 0x822d2013, 0x2103820b, 0x07821a05, 0x03852e20, 0x82400521, 0x852f2007, 0xf9042103, 0x30200782, 0x04210385, 0x200782f3, 
    0x21038531, 0x07824305, 0x03853220, 0x821d0521, 0x85332007, 0x05052103, 0x34200782, 0x05210385, 0x20078238, 0x21038535, 0x07821b05, 0x03853620, 
    0x82410521, 0x85372007, 0x51052103, 0x27830782, 0x05210382, 0x200b824b, 0x21038539, 0x07824405, 0x03853a20, 0x821e0521, 0x853b2007, 0x11052103, 
    0x3c200782, 0x05200385, 0x3d200783, 0x03820b82, 0x821c0521, 0x853e2007, 0x42052103, 0x3f200782, 0x05210385, 0x2007825f, 0x21038540, 0x07824a05, 
    0x03827b83, 0x82f80421, 0x8542200b, 0x5c052103, 0x43200782, 0x05210385, 0x83078220, 0x2103827b, 0x0b824605, 0x03854520, 0x82190521, 0x820f8307, 
    0x83052003, 0x8247205b, 0x2103820f, 0x0782fe04, 0x03854820, 0x82500521, 0x85492007, 0x45052103, 0x4a200782, 0x05210385, 0x2007821f, 0x2103854b, 
    0x07821605, 0x03854c20, 0x82280521, 0x854d2007, 0x02052103, 0x4e200782, 0x05210385, 0x20078229, 0x2103854f, 0x07820305, 0x03825783, 0x00e80425, 
    0x85512500, 0xec042103, 0x52200782, 0x05210385, 0x20078201, 0x21038553, 0x0782f204, 0x03855420, 0x82e70421, 0x85552007, 0x00052103, 0x56200782, 
    0x04210385, 0x200782f1, 0x21038557, 0x0782e604, 0x03855820, 0x07830520, 0x0b825920, 0x05210382, 0x20078249, 0x2103855a, 0x0782eb04, 0x03855b20, 
    0x37830520, 0x0b825c20, 0x05210382, 0x20078248, 0x2103855d, 0x0782ea04, 0x03855e20, 0x82640521, 0x855f2007, 0x83052003, 0x82602037, 0x2103820b, 
    0x0782ef04, 0x03856120, 0x82630521, 0x85622007, 0x83052003, 0x820f8367, 0xee042103, 0x3f831382, 0x04210382, 0x200b82ff, 0x21038565, 0x0782f004, 
    0x03856620, 0x82e50421, 0x85672007, 0x83052003, 0x826820d3, 0x2103820b, 0x07824705, 0x03856920, 0x82e90421, 0x856a2007, 0x83052003, 0x826b2067, 
    0x2103820b, 0x07825905, 0x03856c20, 0x82ed0421, 0x856d2007, 0x22052103, 0x6e200782, 0x05210385, 0x20078221, 0x2403826f, 0x05000070, 0x20078223, 
    0x21038571, 0x07822705, 0x03857220, 0x82260521, 0x85732007, 0x25052103, 0x74200782, 0x05210385, 0x2007822f, 0x21038575, 0x07823605, 0x03857620, 
    0x82330521, 0x85772007, 0x2a052103, 0x78200782, 0x05210385, 0x20078209, 0x21038579, 0x07821005, 0x03857a20, 0x820d0521, 0x857b2007, 0x04052103, 
    0x7c200782, 0x05210385, 0x20078230, 0x2103857d, 0x07823705, 0x03857e20, 0x820a0521, 0x857f2007, 0x13052103, 0x80200782, 0x04210385, 0x200782a2, 
    0x24038281, 0x04000088, 0x2007829a, 0x21038589, 0x0782aa04, 0x03858a20, 0x82a90421, 0x858b2007, 0xa8042103, 0x8c200782, 0x04210385, 0x200782a7, 
    0x2103858d, 0x0782a604, 0x03858e20, 0x82a50421, 0x858f2007, 0xa4042103, 0x90200782, 0x04210385, 0x200782ab, 0x20038291, 0x206b8293, 0x200782b7, 
    0x21038594, 0x0782a304, 0x03829520, 0x17829f20, 0x0782ac20, 0x0382a020, 0x0b82a120, 0x0782c820, 0x0382aa20, 0x04213782, 0x200782ca, 0x210385b2, 
    0x0782d104, 0x0385b320, 0x82d50421, 0x85b42007, 0xdd042103, 0xb5200782, 0x04210385, 0x200782e1, 0x210385b6, 0x0782d204, 0x0385b720, 0x82d60421, 
    0x85b82007, 0xde042103, 0xb9200782, 0x04210385, 0x200782e2, 0x210385ba, 0x0782d904, 0x0385bb20, 0x82db0421, 0x85bc2007, 0xd3042103, 0xbd200782, 
    0x04210385, 0x200782d7, 0x210385be, 0x0782df04, 0x0385bf20, 0x82e30421, 0x85c02007, 0xd4042103, 0xc1200782, 0x04210385, 0x200782d8, 0x210385c2, 
    0x0782e004, 0x0385c320, 0x82e40421, 0x85c42007, 0xda042103, 0xc5200782, 0x04210385, 0x200782dc, 0x240382c6, 0x040000c8, 0x200782c4, 0x210385c9, 
    0x0782c104, 0x0385ca20, 0x82c70421, 0x85cb2007, 0x83042003, 0x82cc20af, 0x2103820b, 0x0782c004, 0x0385ce20, 0x82c20421, 0x85cf2007, 0x83042003, 
    0x209383df, 0x205382d5, 0x201382bd, 0x210385e6, 0x0782c304, 0x0382e720, 0x1782eb20, 0x0782cc20, 0x0385ef20, 0x82bc0421, 0x85f62007, 0xbf042503, 
    0x6d260000, 0x06210385, 0x20078260, 0x2103856f, 0x07826106, 0x03858720, 0x82ab0521, 0x82a02007, 0x00a12803, 0x00ac0500, 0x85132700, 0xae052103, 
    0x15200782, 0x05210385, 0x200782af, 0x21038517, 0x0782b005, 0x03853620, 0x82b10521, 0x856e2007, 0x4c032103, 0x5f820782, 0x03822720, 0x824e0321, 
    0x8570200b, 0x4b032103, 0x71200782, 0x03210385, 0x2007824d, 0x21038594, 0x07829304, 0x00009c24, 0xbf829e27, 0xc5231383, 0x82270000, 0x51032103, 
    0xc6200782, 0x03210385, 0x20078254, 0x200385dc, 0x20df8203, 0x83fb8227, 0xb6032103, 0xfb821382, 0x03822720, 0x82b90321, 0x85e8200b, 0xb4032103, 
    0xe9200782, 0x03210385, 0x200782b7, 0x210385ea, 0x0782b503, 0x0385eb20, 0x82b80321, 0x82f52007, 0x82f72003, 0x00972477, 0x85162900, 0x43042103, 
    0x4a200782, 0x03210385, 0x200782ee, 0x28038287, 0x03000088, 0x2a000055, 0x21038500, 0x0782fe03, 0x03820520, 0x17820620, 0x0000ff24, 0x0385582b, 
    0x00f10525, 0x82a0e000, 0x00a22403, 0x82c40600, 0x82b02007, 0x82b32003, 0x00c7240b, 0x8562fe00, 0x3a042103, 0x33820782, 0x0382fe20, 0x00c10325, 
    0x855bff00, 0x49032103, 0x5d200782, 0x03200385, 0xff217f82, 0x820b82fd, 0xf6052503, 0x10690100, 0x00260384, 0x01009f02, 0x038238d5, 0x00003924, 
    0x0782a002, 0x03823b20, 0x0b823e20, 0x0782a320, 0x03824020, 0x0b824420, 0x0782a820, 0x03844620, 0xae020022, 0x4a200782, 0x50200382, 0xb2201782, 
    0x52200782, 0x6b200382, 0x3d080b82, 0xb00000ba, 0xb0202c00, 0x45585500, 0x4b202059, 0x510e00b8, 0x5306b04b, 0x34b0585a, 0x5928b01b, 0x8a206660, 
    0x02b05855, 0x08b96125, 0x63000800, 0x1b622363, 0x00b02121, 0x4300b059, 0x49824423, 0x43003908, 0xb02d4260, 0x20b02c01, 0xb02d6660, 0x21232c02, 
    0xb02d2123, 0x64202c03, 0x151403b3, 0xb0434200, 0x60204313, 0x02b14260, 0xb1424314, 0xb0430325, 0x78544302, 0x230cb020, 0x432a0882, 0x04b06461, 
    0x02b27850, 0x46820202, 0x6521b024, 0x1583211c, 0x150eb226, 0x201c4201, 0x23250a82, 0x0113b242, 0x291b8213, 0x5000b023, 0xb2596558, 0x29830116, 
    0x04b02d2a, 0x2b03b02c, 0x584315b0, 0xb0236f83, 0x86434316, 0x201b3e20, 0xc0b02064, 0x2604b050, 0x0128b25a, 0x6345430d, 0x4506b045, 0x03b02158, 
    0x5b525925, 0x269c8258, 0x20588a1b, 0x825050b0, 0x59402512, 0x38b0201b, 0x38240983, 0xb1205959, 0x91822d85, 0x12822820, 0x20220d86, 0x0c8230b0, 
    0x8330b021, 0x50c02e29, 0x20662058, 0x20618a8a, 0x58500ab0, 0x203b8260, 0x201b8320, 0x2009830a, 0x35098336, 0x601b6036, 0x1b595959, 0xb02502b0, 
    0xb063430c, 0xb0585200, 0x2c834b00, 0x0f822120, 0xb04b1b23, 0x2625831e, 0xb8614b1e, 0x82630010, 0xb8632f11, 0x59620005, 0x59616459, 0x592b01b0, 
    0xe2852359, 0x64205922, 0x232dcf82, 0xb02d5942, 0x45202c05, 0x2504b020, 0x2ed38261, 0x58504307, 0x422307b0, 0x422308b0, 0x8221211b, 0x2d602432, 
    0x842c06b0, 0x2b0328fe, 0x07b16420, 0x83204262, 0x20ee831c, 0x83be851b, 0x05b02805, 0xb0634560, 0x82212a05, 0x2043241c, 0x828a208a, 0x30b1386b, 
    0x04b02505, 0x60585126, 0x52611b50, 0x59235859, 0xb0205921, 0x82585340, 0x211b231b, 0x8a8740b0, 0x07b02d2a, 0x4309b02c, 0x0200b22b, 0x2005e641, 
    0x3a0e8208, 0x20234223, 0x422300b0, 0x6202b061, 0x6301b066, 0xb06001b0, 0xb02d2a07, 0x83202c09, 0x430e26ad, 0x0004b863, 0x82228262, 0x604022af, 
    0x21228359, 0x24824460, 0x0ab02d2c, 0x0e09b22c, 0x42454300, 0x3842212a, 0x2c0b2108, 0x200d4842, 0x2245850c, 0x82232b01, 0x32fa8217, 0x8a452060, 
    0x64206123, 0x5020b020, 0x00b02158, 0x8230b01b, 0x1b202157, 0xa587a482, 0x2503b025, 0x85446123, 0x960d2062, 0x24b0213e, 0x3c823582, 0x348bda88, 
    0x842c0e21, 0x0db325d0, 0x4503000c, 0x1b356582, 0x2a592123, 0x0fb02d21, 0x0202b12c, 0x6164b045, 0x10b02d44, 0x29c2822c, 0x0fb02020, 0x00b04a43, 
    0x08825850, 0x59422324, 0x0d8310b0, 0x0d825220, 0x0d821020, 0x11b02d22, 0x10214882, 0x24f18362, 0x0004b820, 0x08b88263, 0x4311b027, 0x608a2060, 
    0x2311b020, 0xb02d2342, 0x544b2c12, 0x6404b158, 0xb0245944, 0x7823650d, 0x2c13b02d, 0x4b58514b, 0x21148553, 0x1782211b, 0x17841320, 0xb12c143c, 
    0x55431200, 0x1212b158, 0x6101b043, 0x2b11b042, 0x4300b059, 0x422502b0, 0x04830fb1, 0x04821020, 0x1601b024, 0xc9822023, 0xb158502d, 0x60430001, 
    0x422504b0, 0x83208a8a, 0x2a102376, 0x36822321, 0x1b200b87, 0x32831f85, 0x61250223, 0x201d82b0, 0x20c98259, 0x23bf8247, 0x02b06047, 0x210dac41, 
    0xc241b020, 0xb1410814, 0x23130000, 0x4301b044, 0xb23e00b0, 0x43010101, 0xb02d4260, 0xb1002c15, 0x54450200, 0x2312b058, 0xb0452042, 0xb042230e, 
    0x05b0230d, 0x60204260, 0x011818b7, 0x13001100, 0x42424200, 0xb020608a, 0x2e1b8214, 0x14b16101, 0x8bb02b08, 0x59221b2b, 0x8216b02d, 0x2b1527e3, 
    0x2c17b02d, 0x078301b1, 0xb12c1823, 0x23078302, 0x03b12c19, 0x1a230783, 0x8304b12c, 0x2c1b2307, 0x078305b1, 0xb12c1c23, 0x23078306, 0x07b12c1d, 
    0x1e230783, 0x8308b12c, 0x2c1f2307, 0x078309b1, 0x232c2b24, 0x7f41b020, 0x06b02e05, 0x58544b60, 0xb02e2023, 0x211b5d01, 0x206c8221, 0x201c8a2c, 
    0x201c8816, 0x201c8571, 0x201c8a2d, 0x201c8826, 0x251c8572, 0xb0002c20, 0xe7982b0f, 0x6101b023, 0x83ea85b5, 0x20df8be7, 0x20df8221, 0x20df8220, 
    0x83df8222, 0x82232007, 0x200783df, 0x83df8224, 0x82252007, 0x200783df, 0x83df8226, 0x82272007, 0x200783df, 0x83df8228, 0x82292007, 0x200783df, 
    0x83df822a, 0x2c2e3207, 0x01b03c20, 0x2fb02d60, 0xb060202c, 0x43206018, 0x240e8223, 0x2502b043, 0x35078261, 0x212a2eb0, 0x2c30b02d, 0xb02b2fb0, 
    0xb02d2a2f, 0x20202c31, 0xcd412047, 0x61232716, 0x8a202338, 0x219c5855, 0x59211b25, 0x4132b02d, 0xb13407e2, 0x4245060e, 0xb01601b0, 0x05b12a31, 
    0x58451501, 0x221b5930, 0x33202082, 0x970a1e41, 0x2c342323, 0xb9843520, 0x4d823520, 0x45204785, 0x22112644, 0x422b01b0, 0x1783147b, 0xb4160023, 
    0x27008300, 0x38233e44, 0x150134b1, 0x3623eb83, 0x823c202c, 0x2f3394c0, 0x4300b060, 0xb02d3861, 0x172e2c37, 0x38b02d3c, 0xb0232a9f, 0x82634301, 
    0x3933082e, 0x0002b12c, 0x2e202516, 0x00b04720, 0x02b04223, 0x8a8a4925, 0x23472347, 0x62582061, 0xb059211b, 0xb2422301, 0x15010138, 0xb02d2a14, 
    0x00b02c3a, 0x8217b016, 0x25042426, 0x842504b0, 0x0cb12f26, 0x0bb04200, 0x8a652b43, 0x2020232e, 0x53828a3c, 0x268d3b20, 0x842e2021, 0xb0202428, 
    0x87422306, 0xb0203e2d, 0x20585060, 0x585140b0, 0x052004b3, 0x04b31b20, 0x591a0526, 0x20234242, 0x20430ab0, 0x827f828a, 0x46232581, 0x4306b060, 
    0x240fae43, 0x01b02060, 0x0595462b, 0x60430430, 0x05b02364, 0x50646143, 0x4304b058, 0x0b821b61, 0xb0596024, 0x338f2503, 0x9a826120, 0x2604b028, 
    0x38614623, 0x6182231b, 0xe7824620, 0x97840682, 0x64924f82, 0x01228882, 0x7e82232b, 0x6d826020, 0x2505b023, 0x8f038261, 0x24518255, 0x04b02061, 
    0x20848325, 0x45058203, 0x6b890649, 0xb02d5923, 0x070b413c, 0x20202025, 0x412605b0, 0x2325060b, 0xb02d383c, 0x231a883d, 0x42230ab0, 0x46221f82, 
    0x6c824723, 0x82612321, 0x413e201b, 0xcc830842, 0x29056941, 0x585400b0, 0x233c202e, 0xbd831b21, 0x14850220, 0x8a415482, 0x06b02208, 0x20a58225, 
    0x0bbb4849, 0x4205c441, 0x60211179, 0x06ad4123, 0x82212321, 0x8a3f20a4, 0x86432089, 0x602025a2, 0x666020b0, 0xe241f28f, 0x2c402507, 0x462e2023, 
    0x46356982, 0x584317b0, 0x59521b50, 0x593c2058, 0x0130b12e, 0xb02d2b14, 0x221d8c41, 0x8c501b52, 0x8c42201d, 0x8b3b871d, 0x24318f4f, 0x3ab02c43, 
    0x2e709b2b, 0x3bb02c44, 0x20208a2b, 0x2306b03c, 0x99388a42, 0x06b0252a, 0x30b02e43, 0x4520a282, 0x0424f284, 0x2604b025, 0x24057941, 0x230cb061, 
    0x05a94242, 0x430bb022, 0x3c246d82, 0x38232e20, 0x462ad086, 0x040ab12c, 0x00b04225, 0x3283b016, 0xd2422520, 0x4247202d, 0xb02447c5, 0x61462502, 
    0x3c26dd82, 0x211b3823, 0x2f422020, 0x59212108, 0x4725a786, 0x3a00b12c, 0x0786412b, 0x0d824820, 0x212b3b23, 0x06174123, 0x0241cd86, 0x2c492408, 
    0x431500b0, 0xb22d05f6, 0x15010100, 0xb02e1314, 0xb02d2a36, 0x2817964a, 0x00b12c4b, 0xb0131401, 0x23238237, 0x39b02c4c, 0x4d200682, 0x16292a82, 
    0x2e202345, 0x238a4620, 0x072d4161, 0xb02c4e30, 0xb042230a, 0xb02d2b4d, 0x00b22c4f, 0x08824600, 0x08825020, 0x08830120, 0xb22c5123, 0x20118401, 
    0x84088252, 0x82532011, 0x4700211a, 0x54202382, 0x01200882, 0x55200883, 0x11841a82, 0x08825620, 0x57261184, 0x0000b32c, 0x24824300, 0x09825820, 
    0x09840120, 0xb32c5923, 0x20138501, 0x8509825a, 0x825b2013, 0x0100221d, 0x20278243, 0x2009825c, 0x20098401, 0x851d825d, 0x825e2013, 0x20138509, 
    0x216a825f, 0x26824500, 0x08826020, 0x08830120, 0x6a826120, 0x62201184, 0x11840882, 0x1a826320, 0x82480021, 0x82642023, 0x83012008, 0x82652008, 
    0x2011841a, 0x84088266, 0x84672011, 0x82442097, 0x84682024, 0x20098397, 0x83978469, 0x846a2009, 0x20098397, 0x8397846b, 0x846c2009, 0x20098397, 
    0x8397846d, 0x846e2009, 0x24098397, 0x00b12c6f, 0x08c0413c, 0x0d847020, 0x8240b021, 0x8571205e, 0x8241200a, 0x2c72240a, 0x831600b0, 0x42b02126, 
    0x73250d82, 0x3c01b12c, 0x2023842b, 0x830a8574, 0x84752023, 0x83188323, 0x82762023, 0x883d203c, 0x84772055, 0x2031840d, 0x200a8578, 0x20478241, 
    0x830a8579, 0x827a202e, 0x853d2047, 0x857b2052, 0x2020830a, 0x830a857c, 0x827d2020, 0x883e202b, 0x847e204f, 0x204f840d, 0x830a857f, 0x8580202e, 
    0x8242200a, 0x8281205a, 0x853e2039, 0x8582204f, 0x2020830a, 0x830a8583, 0x82842020, 0x883f202b, 0x8485204f, 0x204f840d, 0x200a8586, 0x20448241, 
    0x830a8587, 0x8288202e, 0x853f2039, 0x8589204f, 0x2020830a, 0x830a858a, 0x8b210820, 0x000bb22c, 0x58504503, 0xb21b06b0, 0x45030204, 0x1b212358, 
    0x42595921, 0x6508b02b, 0x502403b0, 0x07d04778, 0x4b002d2e, 0x52c800b8, 0x0101b158, 0x01b0598e, 0x2d05f24d, 0x0700b170, 0x0000b642, 0x05213141, 
    0x0c832a00, 0x4e0c402d, 0x36044604, 0x18082608, 0x860a0507, 0x02522912, 0x063e024a, 0x051f062e, 0x0c301284, 0xc013be42, 0xc00dc011, 0x4006c009, 
    0x0b000500, 0x11242682, 0x4000be42, 0x13830188, 0x0300b92f, 0xb1440000, 0x51880124, 0x8840b058, 0x230f8358, 0x28b14464, 0xb8220f83, 0x10850008, 
    0x59440025, 0x8327b11b, 0x08ba2912, 0x04010080, 0x54638840, 0x18822984, 0x00825920, 0x0c402108, 0x02480250, 0x06280638, 0x0e05051a, 0xff01b82a, 
    0x8d04b085, 0x440002b1, 0x066405b3, 0x00444400, 0x5a3a00ad, 0x50005a00, 0xda025000, 0x26020000, 0x4cff0000, 0xf6ffe402, 0xf8ff3002, 0x19824cff, 
    0xda201b89, 0xe4221d8a, 0x1f9b2e02, 0x86090321, 0x00472e3f, 0x00400047, 0xff3b0140, 0xff40017b, 0x840d8276, 0x3e03270f, 0x43037e01, 0xa8867901, 
    0x07826420, 0x0382d420, 0x0000ec28, 0x00000401, 0x03821c01, 0x03823c20, 0x03825420, 0x03826c20, 0x03828420, 0x03829c20, 0x0382b420, 0x0382cc20, 
    0x02212782, 0x82ad8204, 0x34022127, 0x4c200782, 0x43820382, 0x827c0221, 0x82942007, 0x00ac2403, 0x82780300, 0x82902003, 0x00a82403, 0x82280400, 
    0x82402003, 0x00e02403, 0x82700500, 0x82882003, 0x00a02403, 0x82b80600, 0x82d02003, 0x00e82403, 0x82580700, 0x20078203, 0x20868208, 0x20378208, 
    0x20638208, 0x24638209, 0x00001c09, 0x20638209, 0x20638209, 0x20638209, 0x208b8209, 0x208b8209, 0x208b8209, 0x218b8209, 0x1f82e409, 0x0000fc24, 
    0x0382140a, 0x03822c20, 0x03824420, 0x00005c24, 0x0382200b, 0x0000f023, 0x2050820c, 0x250f820c, 0x0000f40c, 0x03820c0d, 0x03822420, 0x0d20db82, 
    0x0d20db82, 0x0d20db82, 0x0d244f82, 0x0e0000d8, 0x0e207f82, 0x0e219b82, 0x200b82c4, 0x820382dc, 0x820f202f, 0x820f202f, 0x820f202f, 0x820f202f, 
    0x820f202f, 0x820f202f, 0x820f202f, 0x5010257f, 0x68100000, 0x83820382, 0x83821020, 0x77821120, 0x67821120, 0x00981125, 0x82b01100, 0x82c82003, 
    0x20ef8203, 0x20c38212, 0x20b78212, 0x24538212, 0x00004013, 0x20678213, 0x24678213, 0x00008813, 0x209b8214, 0x21a78214, 0x0b82a414, 0x0382bc20, 
    0x0382d420, 0x1520f782, 0x15203382, 0x15207782, 0x15207782, 0x15207782, 0x15207782, 0x15207782, 0x15207782, 0x1520f782, 0x16257382, 0x16000074, 
    0x2003828c, 0x820382a4, 0x8216203b, 0x8216203b, 0x8217203b, 0x1c17253b, 0x00180000, 0x0f820382, 0x0f821920, 0x0f821920, 0x007c1a28, 0x00e81a00, 
    0xa3821b00, 0x00fc1b24, 0x0f821c00, 0x82941c21, 0x82ac2007, 0x25f38203, 0x0000781d, 0x0382901d, 0x0000a823, 0x20cf821e, 0x2423821e, 0x0000141f, 
    0x241f821f, 0x00004c20, 0x251b8220, 0x0000f420, 0x03820c21, 0x0382c820, 0x2220db82, 0x2221cf82, 0x05f96458, 0x63882221, 0x222105bd, 0x200782b8, 
    0x820382d0, 0x6c23256b, 0x84230000, 0xb7820382, 0xb7822320, 0xb7822320, 0x5b822320, 0x5b822320, 0x5b822420, 0x0f822420, 0x0f822420, 0x0f822420, 
    0xe7822520, 0x33822520, 0xb7822620, 0xbc822620, 0x00302625, 0x82482600, 0x259b8203, 0x00002427, 0x03823c27, 0x27202382, 0x27205382, 0x27245382, 
    0x2700009c, 0x27205382, 0x27204382, 0x28204382, 0x28201f82, 0x28201f82, 0x28201f82, 0x29251f82, 0x29000010, 0x82038228, 0x822920a3, 0x702921a3, 
    0x2b820b82, 0x2b822920, 0xf7822a20, 0x00882b25, 0x82a02b00, 0x20af8203, 0x25af822b, 0x0000f02b, 0x0382082c, 0x03822020, 0x03823820, 0x03825020, 
    0x03826820, 0x03828020, 0x2c202782, 0x2c202782, 0x2c202782, 0x2d24a382, 0x2d000000, 0x2d20a382, 0x2d20a382, 0x2d25a382, 0x2e000060, 0x230382e0, 
    0x2f0000f8, 0x30207782, 0x30208382, 0x31208382, 0x31208f82, 0x31206f82, 0x3220df82, 0x3325ef82, 0x3300002c, 0x23038244, 0x3400005c, 0x35200b82, 
    0x35204782, 0x36203382, 0x37207b82, 0x37249382, 0x370000ac, 0x3729ef82, 0x370000dc, 0x380000f4, 0x8203820c, 0x82382027, 0x82382033, 0x74382133, 
    0x8c200f82, 0xa4200382, 0xbc200382, 0xd4200382, 0xec270382, 0x04390000, 0x823a0000, 0x243a212b, 0x3f820782, 0xf7823b20, 0x87823c20, 0x07833c20, 
    0x3c20ff82, 0x3c20ff82, 0x3c20ff82, 0x3c20f382, 0x3d20cb82, 0x3d241b82, 0x3d000020, 0x3d205782, 0x3d215782, 0x200b82a8, 0x200382c0, 0x820382d8, 
    0x083e248b, 0x823e0000, 0x383e211f, 0x3b820782, 0x3b823e20, 0x3b823e20, 0x3b823e20, 0x00c83f25, 0x82e03f00, 0x00f82403, 0x82504000, 0x82682003, 
    0x82cc2003, 0x82e42003, 0x00f42403, 0x824c4100, 0x82642003, 0x20238203, 0x20238241, 0x246b8242, 0x00003442, 0x20b38242, 0x20178243, 0x20238243, 
    0x25ab8244, 0x00003044, 0x03824844, 0x00006024, 0x03821445, 0x4520e782, 0x4520ff82, 0x4521bf82, 0x820f82dc, 0x82462027, 0x82462027, 0x824620d3, 
    0x824620a7, 0x824620a7, 0x824620ff, 0x824620ff, 0x8246204b, 0x824620ff, 0x824620ff, 0x824720ff, 0x82472093, 0x8247206f, 0x8248206f, 0x8248206f, 
    0x824820f7, 0x824820f7, 0x824820bb, 0x544925bb, 0x184a0000, 0x73820382, 0x73824a20, 0xb7824b20, 0x001c4c24, 0xeb824c00, 0xf7824d20, 0x27824e20, 
    0x27824e20, 0xe3824e20, 0xe3824e20, 0x1f824f20, 0xd7824f20, 0x00804f25, 0x82b45000, 0x20df8203, 0x24df8250, 0x00009051, 0x209b8251, 0x20e38252, 
    0x207b8252, 0x256f8252, 0x0000e853, 0x03820054, 0x5421c782, 0x82078278, 0xa8542123, 0x57820782, 0x00d85425, 0x82045500, 0x20778203, 0x20bf8255, 
    0x205f8255, 0x215f8255, 0x1382b855, 0x0000d024, 0x03826c56, 0x03828420, 0x03829c20, 0x56206782, 0x56206782, 0x56256782, 0x570000fc, 0x82038214, 
    0x825720d7, 0x825720d7, 0x50582467, 0x82580000, 0x8259206b, 0x8259206b, 0x825920cb, 0x82592053, 0xc45925cb, 0x245a0000, 0x3c200382, 0x88820382, 
    0x53825a20, 0x53825a20, 0x53825a20, 0x53825a20, 0x53825a20, 0x53825a20, 0x1f825b20, 0x1f825b20, 0x1f825b20, 0x1f825b20, 0x00945b24, 0x5b825b00, 
    0x5b825b20, 0x00105c25, 0x82285c00, 0x24d78203, 0x0000bc5c, 0x2057825d, 0x256b825d, 0x00000c5e, 0x0382205f, 0x00003823, 0x20178260, 0x24f38260, 
    0x0000ec60, 0x21d38261, 0x07821c61, 0x03823420, 0x61243382, 0x62000064, 0x62201382, 0x62201382, 0x6220ff82, 0x6220ff82, 0x6220ff82, 0x6324ff82, 
    0x6400007c, 0x64201b82, 0x6525ef82, 0x6500005c, 0x20038274, 0x2003828c, 0x820382a4, 0x82662053, 0x82662033, 0x44662847, 0xb8660000, 0x82670000, 
    0x8267204b, 0x82672033, 0xac67249f, 0x82680000, 0x8268201f, 0x8268201f, 0x82682067, 0x8268201b, 0x8268201b, 0x8368201b, 0x24fb821b, 0x0000dc68, 
    0x20d38269, 0x20bf826a, 0x20af826b, 0x240f826b, 0x0000006d, 0x20f7826d, 0x2567826e, 0x00009c6f, 0x03828070, 0x03829820, 0x0382b020, 0x0382c820, 
    0x7020f782, 0x7120f782, 0x72209382, 0x73207382, 0x7420ab82, 0x76201782, 0x7620f782, 0x77203782, 0x77208b82, 0x78205f82, 0x7925c782, 0x79000030, 
    0x82038240, 0x82792027, 0x087a2523, 0x207a0000, 0x5b820382, 0x6f827b20, 0x9f827b20, 0x9f827b20, 0x1f827b20, 0x00887c28, 0x00ec7c00, 0xef827d00, 
    0x82147d21, 0x822c2007, 0x82b42003, 0x21a78203, 0x0782d47d, 0x0000e423, 0x21a7827e, 0x0782387e, 0x7e216b82, 0x82078258, 0x827e201f, 0xf07f2473, 
    0x82800000, 0x5c8021b7, 0x13820782, 0x67828120, 0xd7828120, 0x33828120, 0x00548224, 0xab828200, 0x2f828320, 0x3f828420, 0x1f828420, 0x53828420, 
    0x00688528, 0x00fc8500, 0x87828600, 0x82248621, 0x20878207, 0x20e38286, 0x209b8287, 0x207f8288, 0x20c38288, 0x24478289, 0x00007c89, 0x20f38289, 
    0x20638289, 0x2033828a, 0x208b828a, 0x20d7828b, 0x2453828b, 0x0000e88b, 0x2177828c, 0x0782188c, 0x8c201382, 0x8c208b82, 0x8d257382, 0x8d000064, 
    0x82038274, 0x828d201c, 0x708e2463, 0x828e0000, 0x608f24df, 0x828f0000, 0x8290200b, 0x8290205f, 0xf4902487, 0x82910000, 0x7891217f, 0xf8230782, 
    0x82920000, 0x2092216f, 0x9c230782, 0x82930000, 0xc893216b, 0x7b820782, 0x003c9424, 0xc7829400, 0x00dc9425, 0x824c9500, 0x201f8203, 0x209f8295, 
    0x20938295, 0x247f8296, 0x00001096, 0x201f8296, 0x20778296, 0x20af8296, 0x24cb8297, 0x00004497, 0x20278297, 0x24638297, 0x00004898, 0x202f8298, 
    0x25e78299, 0x00009099, 0x0382049a, 0x9b208f82, 0x9c209f82, 0x9c208b82, 0x9c201782, 0x9d256b82, 0x9d00006c, 0x82038284, 0x829d2037, 0x409e249f, 
    0x829f0000, 0x989f24db, 0x82a00000, 0x82a0200b, 0x82a12017, 0x82a120a3, 0x82a1209b, 0x82a120b3, 0x5ca2287f, 0xb8a20000, 0x82a30000, 0x82a32007, 
    0x82a320f3, 0xa4a32153, 0xbc240f82, 0x58a40000, 0xef820382, 0x6b82a420, 0x3782a520, 0x9f82a520, 0x9f82a520, 0x00e8a524, 0xef82a500, 0xb782a620, 
    0x2782a620, 0x00cca624, 0xdb82a600, 0x00eca625, 0x8250a700, 0x82602003, 0x25378203, 0x000080a7, 0x038220a8, 0x03823020, 0xa8207f82, 0xa821bb82, 
    0x230b82a0, 0xa90000b0, 0xa920b382, 0xa920e782, 0xa920e782, 0xa920fb82, 0xa9204782, 0xa9204782, 0xa9204782, 0xa9244782, 0xaa0000fc, 0xab20a382, 
    0xab201f82, 0xab209b82, 0xab209b82, 0xab209b82, 0xab209b82, 0xab242b82, 0xab0000d4, 0xac252782, 0xac000004, 0x2003821c, 0x820382ac, 0x48ad2517, 
    0x14ae0000, 0xa3820382, 0x0b82af20, 0x00f4af28, 0x00c4b000, 0x7f82b100, 0x9b82b120, 0x3382b120, 0x5382b220, 0x7382b220, 0x8782b220, 0x0782b320, 
    0xd782b320, 0x002cb425, 0x823cb400, 0x28578203, 0x00006cb5, 0x0000f0b5, 0x20f782b6, 0x204782b6, 0x28eb82b6, 0x0000a8b7, 0x0000b8b7, 0x21cb82b8, 
    0x0782e4b8, 0xb9209f82, 0xb9206782, 0xb9203782, 0xb9204f82, 0xb920a382, 0xb920a382, 0xb920a382, 0xba24a382, 0xbc00009c, 0xbc254782, 0xbd000084, 
    0x20038210, 0x82038220, 0x82bd2037, 0x82be208f, 0x82bf2017, 0x8203840f, 0x98c024b7, 0x82c10000, 0x82c120ab, 0x58c22d6b, 0xc0c20000, 0x90c30000, 
    0x18c40000, 0x7c240382, 0x0cc50000, 0xa0200382, 0x3b820382, 0x5782c620, 0xef82c720, 0x00d8c728, 0x0078c800, 0xd382c900, 0x4b82ca20, 0x2b82cb20, 
    0x0070cb24, 0xb782cb00, 0xcf82cc20, 0xcb82cd20, 0xaf82cd20, 0x0782ce20, 0x0782ce20, 0x0000d025, 0x8224d100, 0x20088203, 0x242382d2, 0x0000c4d3, 
    0x20fb82d4, 0x20e382d5, 0x201782d6, 0x200382d7, 0x20db82d8, 0x201782d8, 0x240782d9, 0x000080da, 0x201f82db, 0x247b82dc, 0x000028dd, 0x209f82de, 
    0x20ef82df, 0x20cb82e0, 0x20b382e0, 0x20f782e1, 0x209382e1, 0x202782e2, 0x209782e2, 0x20e782e3, 0x285782e3, 0x0000a8e4, 0x0000fce4, 0x201782e5, 
    0x209382e6, 0x24a382e6, 0x000008e7, 0x203382e7, 0x204782e8, 0x204f82e9, 0x200b82e9, 0x2cb782ea, 0x0000e4ea, 0x0000a4eb, 0x000068ec, 0x245f82ed, 
    0x0000f8ed, 0x213382ee, 0x078238ee, 0x03825820, 0xee213b82, 0x82078298, 0x82ee20bf, 0x82ee20ef, 0x82ef201f, 0x82ef201f, 0x82ef201f, 0x82ef201f, 
    0x82ef201f, 0x82ef201f, 0x82ef201f, 0x82ef201f, 0x82f0201f, 0x82f0201f, 0x82f0201f, 0x82f0201f, 0x94f0251f, 0xb0f00000, 0xcc200382, 0xe8240382, 
    0x04f10000, 0x20200382, 0x3c200382, 0x23820382, 0x8274f121, 0x00902307, 0xdb82f200, 0x8782f220, 0xc382f220, 0xcb82f320, 0x9b82f320, 0x0070f424, 
    0x2f82f500, 0xcb82f520, 0x2b82f620, 0x00ecf624, 0xbf82f700, 0xfb82f720, 0x824cf721, 0x826c200b, 0x828c2003, 0x21cf8203, 0x0782c8f7, 0x82823382, 
    0x88f80025, 0x82f90000, 0x82fa20cf, 0x24fa253b, 0x44fa0000, 0x60230382, 0x82fb0000, 0x64fb2107, 0x4f820782, 0x009cfb24, 0x4382fc00, 0x6b82fc20, 
    0xa782fd20, 0x1b82fe20, 0xcb82ff20, 0xcb82ff20, 0x4b82ff20, 0x00e8ff29, 0x00700001, 0x82100101, 0x82582003, 0x00a82403, 0x82240201, 0x00b42403, 
    0x825c0301, 0x00c82803, 0x00380401, 0x820c0501, 0x292b8203, 0x01000806, 0x01005406, 0x03820007, 0x07201f82, 0x07252782, 0x080100fc, 0x24038214, 
    0x090100bc, 0x82038260, 0xb009214f, 0xe4240782, 0x1c0a0100, 0x74200382, 0xf4230382, 0x820b0100, 0x340b2123, 0x78200782, 0x2b820382, 0x006c0c24, 
    0x1f820d01, 0x82680d21, 0x21478207, 0x0782c40d, 0x0100d423, 0x2027820e, 0x218b820e, 0x0b82940e, 0x0100d023, 0x200f820f, 0x200f820f, 0x20978210, 
    0x242b8210, 0x0100ac10, 0x20638211, 0x25438211, 0x01000412, 0x03823c12, 0x03824c20, 0x03828420, 0xcc231383, 0x82130100, 0x7c1321af, 0x43820782, 
    0x00201425, 0x82501401, 0x82a42003, 0x20638203, 0x204f8215, 0x20178215, 0x24b78215, 0x01006416, 0x254f8216, 0x0100f016, 0x03823017, 0x03824820, 
    0x03828020, 0x18207782, 0x1920f782, 0x1a203382, 0x1a206382, 0x1a246f82, 0x1b0100d8, 0x1b20bb82, 0x1c20a382, 0x1d208f82, 0x1d20bb82, 0x1e24cf82, 
    0x200100a8, 0x20200b82, 0x21258782, 0x21010000, 0x82038218, 0xa021247b, 0x82220100, 0x8c2221fb, 0x63820782, 0x53822220, 0x00e82224, 0x9b822301, 
    0xcb822320, 0x6b822320, 0x27822320, 0x00942324, 0x43822501, 0x27822620, 0x00b02624, 0x5f822601, 0x00ec2625, 0x82102701, 0x82282003, 0x20278203, 
    0x20b78227, 0x24838228, 0x01008828, 0x21578228, 0x0782b828, 0x2a208f82, 0x2a209b82, 0x2a20b782, 0x2a242382, 0x2b01006c, 0x2c20e782, 0x2d246382, 
    0x2f0100c0, 0x30246782, 0x32010054, 0x33206b82, 0x34202382, 0x36206382, 0x37283f82, 0x380100e0, 0x39010098, 0x39200b82, 0x39209782, 0x3a200f82, 
    0x3a203f82, 0x3b207b82, 0x3b20c782, 0x3b20d382, 0x3b205f82, 0x3c205f82, 0x3c207f82, 0x3c20f382, 0x3d202382, 0x3d20d782, 0x3e205782, 0x3e24af82, 
    0x3f0100dc, 0x3f206b82, 0x3f253382, 0x400100f8, 0x2003825c, 0x820382bc, 0x82402017, 0x200397bb, 0x20c78241, 0x284f8242, 0x01006843, 0x01004044, 
    0x24378245, 0x01002c46, 0x209b8246, 0x20578247, 0x20a78248, 0x20bf8248, 0x241f8249, 0x0100004a, 0x2017824a, 0x200b824b, 0x259f824c, 0x0100f04c, 
    0x03828c4d, 0x0382d420, 0x4e200b82, 0x4f251b82, 0x50010074, 0x8203827c, 0x08512513, 0x64510100, 0xdb820382, 0x82c85121, 0x20bf8207, 0x24cb8252, 
    0x0100a052, 0x20678253, 0x201f8254, 0x24638254, 0x01001055, 0x20ab8255, 0x24a78255, 0x01004456, 0x20eb8256, 0x201f8257, 0x24c78257, 0x01005858, 
    0x20e38258, 0x20138259, 0x20df825a, 0x203b825a, 0x209f825b, 0x2063825b, 0x201f825b, 0x2487825c, 0x0100905c, 0x20c7825c, 0x254f825d, 0x01004c5d, 
    0x0382045e, 0x0100a423, 0x2007825f, 0x28ab825f, 0x0100d05f, 0x01006060, 0x20bf8261, 0x24278261, 0x01000c62, 0x24578262, 0x0100dc62, 0x20f38263, 
    0x20538263, 0x20e38264, 0x24578266, 0x01003c67, 0x206f8267, 0x20f78268, 0x20078269, 0x28c7826a, 0x0100e46b, 0x0100b06c, 0x201f826d, 0x2463826e, 
    0x0100246f, 0x24eb826f, 0x01008470, 0x20078271, 0x24978272, 0x0100fc72, 0x20fb8273, 0x20138273, 0x20cb8273, 0x205f8274, 0x20338274, 0x20338275, 
    0x20838275, 0x24278275, 0x01001476, 0x201f8276, 0x28438277, 0x01003477, 0x01009877, 0x203b8278, 0x25278278, 0x01009c79, 0x0382787a, 0x7b25ab82, 
    0x7b010028, 0x2303828c, 0x7c0100ec, 0x7c201f82, 0x7c20bb82, 0x7d20ff82, 0x7d241782, 0x7e010094, 0x7e20f382, 0x7e205f82, 0x7e20b782, 0x7f259f82, 
    0x7f010010, 0x20038254, 0x82038264, 0x827f2013, 0x828120d7, 0xd882242b, 0x82830100, 0x888321c7, 0x9f820782, 0x3b828420, 0x8b828520, 0x0f828620, 
    0x7b828620, 0x23828720, 0x00b48724, 0x17828801, 0xe3828820, 0x53828920, 0x3f828920, 0x0b838920, 0x0100f423, 0x213b828a, 0x07826c8a, 0x8b247b82, 
    0x8b010070, 0x8b208f82, 0x8c204782, 0x8c247f82, 0x8d010090, 0x8d20cf82, 0x8e24cf82, 0x8e010000, 0x8e204f82, 0x8f203782, 0x8f20af82, 0x90240b82, 
    0x90010004, 0x90202782, 0x91288b82, 0x9101004c, 0x920100c0, 0x92250f82, 0x930100cc, 0x20038238, 0x23038280, 0x940100c8, 0x95205b82, 0x9724df82, 
    0x97010044, 0x98200b82, 0x98289f82, 0x990100ac, 0x9a01002c, 0x9b24cf82, 0x9b010018, 0x9c207782, 0x9d209782, 0x9e24e382, 0x9f01003c, 0x9f256f82, 
    0xa00100d0, 0x20038224, 0x82038288, 0x82a120ab, 0xa8a1251b, 0x10a20100, 0x74200382, 0xd4230382, 0x82a30100, 0xc4a32457, 0x82a40100, 0x8ca5253b, 
    0x34a60100, 0x17820382, 0xd382a720, 0x4382a820, 0x5f82a820, 0x00f8a824, 0xf782a901, 0x4f82a920, 0x1782aa20, 0x1782ab20, 0x9f82ab20, 0x00f0ab24, 
    0xaf82ac01, 0x7b82ac20, 0x0f82ad20, 0x3782ad20, 0xd782ae20, 0x6782af20, 0x2b82af20, 0x1b82b020, 0x0070b028, 0x00e8b001, 0x4782b101, 0xa782b220, 
    0x6f82b220, 0x8382b220, 0x0030b324, 0xcb82b301, 0x007cb425, 0x82b4b401, 0x25238203, 0x01001cb5, 0x038250b5, 0x03828420, 0xb5201b82, 0xb6245782, 
    0xb6010020, 0xb6204f82, 0xb6219b82, 0x820b82bc, 0x82b72013, 0x82b72027, 0x82b72027, 0x82b72027, 0x82b72027, 0x82b82013, 0x82b82027, 0x82b82027, 
    0x82b820eb, 0x82b82027, 0x82b9209b, 0x82b92063, 0x82b92023, 0x04ba24df, 0x82ba0100, 0x90ba21a3, 0x9b820782, 0x4382bd20, 0x2782c120, 0x0008c424, 
    0xdb82c401, 0x4382c420, 0x0080c524, 0x1782c601, 0xc382c620, 0x004cc724, 0x0f82c801, 0x1b82c920, 0xbb82ca20, 0x00e0ca24, 0x2b82cb01, 0x8240cb21, 
    0x24638207, 0x010010cc, 0x210b82cc, 0x078294cc, 0x0100c823, 0x21db82cd, 0x07826ccd, 0x0100c023, 0x201b82ce, 0x203382ce, 0x241782ce, 0x0100f8ce, 
    0x211b82cf, 0x07823ccf, 0xcf21fb82, 0x230782ac, 0xd00100dc, 0xd0206782, 0xd021c382, 0x820b8270, 0x82d02093, 0x82d02037, 0x82d12083, 0x82d12017, 
    0x82d1202b, 0x82d1203f, 0xccd124bb, 0x82d10100, 0x34d22443, 0x82d20100, 0xe4d2243f, 0x82d30100, 0x82d32037, 0x14d424bb, 0x82d40100, 0xfcd4247f, 
    0x82d50100, 0xb0d5242f, 0x82d60100, 0x82d62023, 0x74d72447, 0x82d70100, 0x20d8243b, 0x82d80100, 0x82d8200b, 0x04d9255f, 0x5cd90100, 0xa0200382, 
    0x53820382, 0xdb82da20, 0x00a4da28, 0x00e8da01, 0xcb82db01, 0x6f82db20, 0x9b82db20, 0x7f82dc20, 0x00a8dc25, 0x8200dd01, 0x20238203, 0x820b83dd, 
    0x30de2563, 0x7cde0100, 0x4b820382, 0x4b82df20, 0x2782df20, 0x5b82df20, 0x0f82df20, 0x0b82e020, 0x6f82e020, 0x1782e120, 0x0068e124, 0x4782e101, 
    0x0010e224, 0x6f82e201, 0x6f82e220, 0xb782e220, 0x0028e324, 0x0f82e301, 0x00b8e325, 0x8208e401, 0x205b8203, 0x253b82e4, 0x010018e5, 0x038270e5, 
    0x0100d424, 0x03822ce6, 0x03828020, 0x0100e024, 0x038248e7, 0xe7203b82, 0xe820ab82, 0xe824f382, 0xe90100ac, 0xe9202b82, 0xe9213782, 0x820b8298, 
    0x82ea20b7, 0x82ea2077, 0xbcea243b, 0x82eb0100, 0x44eb21af, 0xa3820782, 0x00b4eb24, 0x0f82ec01, 0x0b82ec20, 0x000ced24, 0x1782ed01, 0xc782ed20, 
    0x001cee24, 0x4b82ee01, 0x8294ee21, 0x24638207, 0x010024ef, 0x21af82ef, 0x07829cef, 0xf024e382, 0xf001004c, 0xf1200b82, 0xf120c782, 0xf120ab82, 
    0xf2204782, 0xf2207382, 0xf2246382, 0xf30100c4, 0xf3212f82, 0x8207828c, 0x38f424cf, 0x82f40100, 0xecf4240b, 0x82f50100, 0x90f5210b, 0xc3820782, 
    0xc382f620, 0x2f82f620, 0x00d0f624, 0x6f82f701, 0x8274f721, 0x25f38207, 0x010010f8, 0x038254f8, 0xf925ab82, 0xf9010014, 0x8203826c, 0x82fa2047, 
    0xb0fa24e7, 0x82fb0100, 0x82fb20a7, 0x82fb2073, 0x82fc20e7, 0x82fc200b, 0x82fc200b, 0x30fd240b, 0x82fd0100, 0xf8fd24af, 0x82fe0100, 0x82ff203f, 
    0xe0ff251b, 0x40000200, 0x582c0382, 0x48010200, 0x3c020200, 0x08030200, 0xac240382, 0x60040200, 0xc0280382, 0x7c050200, 0x04060200, 0x88280382, 
    0x0c070200, 0x20080200, 0x84200382, 0x9c240382, 0x14090200, 0xd8230382, 0x820a0200, 0x980a2437, 0x820b0200, 0x820b2017, 0x820b2017, 0x280c253f, 
    0x000d0200, 0x0f820382, 0x1f820e20, 0x00a80e24, 0x67820f02, 0x00241025, 0x82781002, 0x297b8203, 0x0200b011, 0x02006412, 0x03821013, 0x14256b82, 
    0x15020044, 0x2303821c, 0x160200c8, 0x16252b82, 0x170200e8, 0x23038280, 0x180200a0, 0x182c8f82, 0x190200f4, 0x1a0200c4, 0x1b0200ec, 0x1c206382, 
    0x1c258b82, 0x1d0200d0, 0x2403826c, 0x1e0200f0, 0x82038254, 0x821f2007, 0xf81f242b, 0x82200200, 0x82202043, 0x82212077, 0x4c222517, 0x70220200, 
    0xc7820382, 0x0b822320, 0x4b822320, 0x00bc2424, 0xc3822502, 0x00742524, 0x23822602, 0x7f822720, 0x00dc2724, 0x57822802, 0x23822820, 0xcf822820, 
    0x23822820, 0x2b822820, 0x07822920, 0x00fc2a24, 0x1f822b02, 0x00042d24, 0xb7822d02, 0xc7822e20, 0x00902f24, 0xfb823002, 0x73823120, 0xaf823120, 
    0x00083225, 0x82383202, 0x82682003, 0x24d38203, 0x02001833, 0x28cf8233, 0x02004034, 0x02005c35, 0x200f8236, 0x20fb8236, 0x205f8237, 0x244f8237, 
    0x0200e438, 0x20038239, 0x2073823a, 0x201f823a, 0x20eb823a, 0x2063823a, 0x240f823b, 0x0200d83b, 0x249b823c, 0x0200303d, 0x2433823d, 0x02000c3f, 
    0x2463823f, 0x0200c440, 0x20738241, 0x20838242, 0x249b8242, 0x0200d443, 0x20578245, 0x200b8245, 0x20ff8246, 0x20e38247, 0x257b8248, 0x02005049, 
    0x0382344a, 0x02008c24, 0x03823c4b, 0x4c20c382, 0x4d200782, 0x67820383, 0x63824e20, 0x00a44e25, 0x82105002, 0x00a82403, 0x82285102, 0x20678203, 
    0x20738252, 0x240b8253, 0x02000054, 0x20838254, 0x200f8255, 0x204f8255, 0x20138256, 0x24ef8256, 0x0200b857, 0x202f8258, 0x20038259, 0x207b825a, 
    0x2c93825b, 0x0200ec5c, 0x0200145e, 0x0200545f, 0x20978260, 0x243b8261, 0x02008461, 0x208b8262, 0x205f8263, 0x247b8263, 0x0200d063, 0x240f8264, 
    0x02007065, 0x28eb8266, 0x02006867, 0x02008068, 0x2c2b826a, 0x0200c86a, 0x0200cc6b, 0x02009c6d, 0x20478270, 0x24238271, 0x0200dc71, 0x204f8272, 
    0x240f8273, 0x02007873, 0x207b8273, 0x20e78274, 0x200b8274, 0x20d78275, 0x209b8275, 0x200b8276, 0x283f8277, 0x02009877, 0x02001c78, 0x202b8279, 
    0x28978279, 0x0200607a, 0x0200f07a, 0x2453827b, 0x0200e47c, 0x207f827d, 0x201b827e, 0x2d7f827e, 0x0200407f, 0x0200f87f, 0x0200b080, 0x03824c81, 
    0x82247b82, 0x82020030, 0x8220e382, 0x83252b82, 0x83020008, 0x24038258, 0x840200fc, 0x24038220, 0x850200a0, 0x82038238, 0xc4852413, 0x82860200, 
    0x8286202b, 0x8287206f, 0x82872027, 0x8287207f, 0x828720b3, 0xa4882443, 0x82880200, 0x82882067, 0x828920b7, 0x828a207f, 0x828a2097, 0x828b200f, 
    0x828c200b, 0x948d24eb, 0x828e0200, 0x828f202b, 0xf48f253f, 0x44900200, 0x37820382, 0x006c9124, 0xcf829202, 0x6f829220, 0x008c9324, 0x83829302, 
    0x0b829320, 0x007c9424, 0xb3829502, 0x1b829520, 0x00b89624, 0x4f829802, 0x00809925, 0x823c9b02, 0x20e38203, 0x243f829c, 0x02000c9d, 0x20c7829e, 
    0x204f829f, 0x253382a0, 0x0200eca2, 0x038274a3, 0xa420df82, 0xa5202382, 0xa520bf82, 0xa520d782, 0xa6200f82, 0xa620af82, 0xa6203382, 0xa6208382, 
    0xa6203382, 0xa7202b82, 0xa7207b82, 0xa7201f82, 0xa8203b82, 0xa820e382, 0xa820a382, 0xa9209382, 0xa9207782, 0xa920b782, 0xaa25ef82, 0xab02004c, 
    0x82038204, 0x82ab203b, 0x82ac201b, 0x50ac241b, 0x82ac0200, 0x1cad250b, 0xa0ad0200, 0xf3820382, 0x1382ae20, 0xa782ae20, 0x6b82ae20, 0x4b82af20, 
    0x0078af24, 0xcf82af02, 0x1f82af20, 0x82b4af21, 0x202f820b, 0x242782af, 0x0200f0af, 0x214f82b0, 0x078218b0, 0x03822c20, 0x03824020, 0x03825420, 
    0x03826820, 0xb020f382, 0xb1203382, 0xb1201f82, 0xb1244f82, 0xb1020084, 0xb2205382, 0xb220e782, 0xb2200f82, 0xb2209f82, 0xb3243f82, 0xb4020070, 
    0xb421db82, 0x23078258, 0xb50200d4, 0xb5204b82, 0xb5241382, 0xb60200ac, 0xb6209f82, 0xb620bb82, 0xb7201782, 0xb720f382, 0xb8243382, 0xb8020010, 
    0xb821eb82, 0x820782a4, 0xccb8214f, 0xe0200782, 0xf4230382, 0x82b90200, 0x82b92023, 0x30b921c7, 0xe3820b82, 0x5382b920, 0x2b82b920, 0x8280b921, 
    0x82bc200f, 0x246f8203, 0x0200c0ba, 0x242382bb, 0x020098bb, 0x285f82bc, 0x0200e8bc, 0x0200ecbd, 0x209382be, 0x201b82be, 0x242b82bf, 0x020074c0, 
    0x204f82c0, 0x240782c1, 0x02004cc2, 0x209382c3, 0x20cf82c3, 0x202782c3, 0x209782c4, 0x20df82c5, 0x240b82c5, 0x02009cc6, 0x21ab82c7, 0x0782a8c7, 
    0xc8205b82, 0xc8257782, 0xc9020078, 0x20038224, 0x0803883c, 0x5a00032d, 0xfe010000, 0x0300da02, 0x09000600, 0x2e403100, 0x03020409, 0x004c0102, 
    0x03020000, 0x00670200, 0x03010103, 0x03030057, 0x82045f01, 0x01350809, 0x0800004f, 0x00050607, 0x11030003, 0x2b170605, 0x11211133, 0x13210125, 
    0x015a1121, 0x018efea4, 0x14d4fe2c, 0xda022c01, 0x026d26fd, 0x028afd3b, 0x0002003b, 0x204b8232, 0x2a638226, 0x00100007, 0x0d29402c, 0x82000401, 
    0x00042660, 0x02040102, 0x22688268, 0x82054d38, 0x01340872, 0x004e0139, 0x00080900, 0x11070007, 0x09061111, 0x13332b19, 0x27231333, 0x33130723, 
    0x27262627, 0x32070606, 0x5bbd79be, 0x4230dd30, 0x121038b8, 0x10120202, 0xc22a6883, 0xe10e01c2, 0x0d0d5640, 0x4c823f56, 0x85ffff21, 0xb603256f, 
    0x01002602, 0x07261082, 0x62029106, 0x17920000, 0x58029522, 0xfc24178a, 0xbc062700, 0x02211183, 0x20378306, 0x254782ff, 0x26022bff, 0x1782b603, 
    0x4f882984, 0x378d7820, 0xbd201788, 0xbe201796, 0xbf201796, 0xaf89178c, 0x17969420, 0x178a9320, 0xfc036722, 0xc0207788, 0xaf881787, 0xafa02984, 
    0x678cc120, 0xc2204f89, 0xc3201796, 0xb120178c, 0x8e205f88, 0x02217f8b, 0x201788da, 0x892f8c9e, 0x029022df, 0x0a77414e, 0x2f88d420, 0x2f8c9920, 
    0x17889320, 0x17839820, 0x02002908, 0x35ff3200, 0xda024902, 0x1f001600, 0x0a406500, 0x0006011c, 0x04010113, 0xb04b4c02, 0x40585015, 0x0006001f, 
    0x04060104, 0x34055242, 0x01020507, 0x004d3901, 0x5f030202, 0x3d030300, 0x401b4e03, 0x2a21881c, 0x02030002, 0x00006303, 0x854d3800, 0x4e012828, 
    0x00104059, 0x82171800, 0x1616285d, 0x11112521, 0x421b0908, 0x062e0580, 0x16141506, 0x23153333, 0x34352622, 0x8f423736, 0x21112a0f, 0x3c191e1e, 
    0x2143374e, 0x0f994229, 0x152d1b2b, 0x353c1c16, 0x1f361b28, 0x0ba442c0, 0x20088b42, 0x20e388e2, 0x41fb8c96, 0x9720095b, 0x1e24fb86, 0x3a020000, 
    0x0f27fb82, 0x3f001300, 0x82003c40, 0x020831c0, 0x08006703, 0x08040600, 0x01096706, 0x5f000101, 0x0037cf84, 0x5f050404, 0x0502070a, 0x4e053905, 
    0x12130000, 0x0f001011, 0x85110f00, 0x090b2200, 0x23d5821d, 0x15231521, 0x2708d082, 0x21153311, 0x13072335, 0x1e231133, 0xb68b0191, 0xfeb69d9d, 
    0x36288df4, 0xda02387f, 0xff52e452, 0xcbcb5200, 0x72011601, 0x7f84af82, 0x82b60321, 0x431820af, 0x00230953, 0x825d0003, 0x82122097, 0x00102e97, 
    0x00220019, 0x08364039, 0x01020501, 0x279f824c, 0x05020405, 0x03030067, 0x01229689, 0xa682065f, 0x01392108, 0x2200004e, 0x191a1c20, 0x00111317, 
    0x210f0010, 0x2b170907, 0x32331133, 0x06141516, 0x021e1507, 0x23290682, 0x36323303, 0x23263435, 0x85178223, 0x5d510808, 0x477164cf, 0x25412b39, 
    0x76866473, 0x3a42433a, 0x493f7c77, 0x027c3f49, 0x385964da, 0x05030b5a, 0x5e2e4d32, 0x3ea3016d, 0xfd3e3535, 0x3c3a43c8, 0x0100004b, 0xf6ff5c00, 
    0xe4020a02, 0x3b001b00, 0x02003840, 0x02030503, 0x05008005, 0x04050304, 0x089c827e, 0x0061012d, 0x4d3e0101, 0x00040400, 0x00010661, 0x4e003f00, 
    0x18190001, 0x0d0f1416, 0x06080a0b, 0x1b011b00, 0x2b160907, 0x35262205, 0x83363411, 0x822320a2, 0x06222594, 0x16141115, 0x2408a183, 0x01061433, 
    0x74746434, 0x5a746264, 0x433b3b41, 0x413b3b43, 0x700a745a, 0x624a0162, 0x3e617170, 0xfe3e4343, 0x260583b6, 0x00007161, 0x85ffff00, 0xb603238f, 
    0x91822602, 0x07000026, 0x67029106, 0x94221794, 0x30825d02, 0x3520bf83, 0x2f2cbf84, 0x0a409500, 0x05070109, 0x07010128, 0x3e07f142, 0x04030036, 
    0x06030406, 0x05060080, 0x7e050604, 0x00070100, 0x00720107, 0x61020404, 0x82020200, 0x050528d7, 0x07006107, 0x824d3f07, 0x5f082b4c, 0x08080109, 
    0x1b4e083d, 0x38943440, 0x00800029, 0x08010900, 0x92630800, 0x4e072441, 0x82114059, 0x002f3045, 0x2512122e, 0x14271222, 0x1e090a21, 0x4135172b, 
    0x372106a8, 0x19224126, 0x23222323, 0x05d64107, 0x1646d228, 0x1832371b, 0x31415349, 0x0362320e, 0x381a0901, 0xcb364226, 0x110d1737, 0x6a10411a, 
    0x11414152, 0x14031926, 0x31221a24, 0x22142f41, 0x8a5d0293, 0x41b02017, 0x8f20085f, 0x00241783, 0x005c0002, 0x02290482, 0x000b00da, 0x40270015, 
    0x0a974224, 0x01020224, 0x9742045f, 0x13152307, 0x23820c0e, 0x05210a22, 0x27079342, 0x14111516, 0x27230606, 0x2508e683, 0x23263411, 0x47bd5c23, 
    0x67393967, 0x42636347, 0x63424b4b, 0x6236da02, 0x43ddfe43, 0x4a503663, 0x41230142, 0x0082004a, 0x0a000223, 0x086f8500, 0x1d000f44, 0x34403700, 
    0x07010106, 0x01040001, 0x05006700, 0x005f0205, 0x4d380202, 0x03040400, 0x0301085f, 0x4e033903, 0x1c1d0000, 0x17191a1b, 0x0f001012, 0x11210e00, 
    0x19090911, 0x2311332b, 0x33113335, 0x83901632, 0x15331526, 0x52525c23, 0x6c26898d, 0x4b4f016c, 0x8e8e4001, 0x414bf021, 0x8f830517, 0x02b60325, 
    0x82210026, 0x0607229f, 0x06574494, 0x388ca740, 0x64000100, 0x08020000, 0x0b00da02, 0x2c402f00, 0x03000200, 0x67030204, 0x0ddc4400, 0x44010621, 
    0x258206db, 0x83110b21, 0x09072700, 0x11332b1b, 0x01841521, 0x64340782, 0xb5fea401, 0xd8fe2801, 0xda024b01, 0xfe50e252, 0xffff52fc, 0x03265b85, 
    0x002602b6, 0x7b430025, 0x006c2205, 0x20179200, 0x062f4895, 0x2f8a8b84, 0x17969420, 0x178a9320, 0xfc037122, 0xc0205f88, 0xff231787, 0x8808022b, 
    0x06272247, 0x2217839e, 0x8b060700, 0x8a262037, 0x8ac12037, 0x8a30204f, 0x8cc22017, 0x2067897f, 0x20178cc3, 0x207f88b1, 0x20178c8e, 0x201788b0, 
    0x21978b8f, 0x1788da02, 0x0f419784, 0x46902012, 0x0f41069b, 0x88d42005, 0x8c99202f, 0x8893205f, 0x84982017, 0x00012cdf, 0x0235ff64, 0x00da020d, 
    0x476e001b, 0x292005a1, 0x3416d041, 0x05020809, 0x004d3905, 0x5f070606, 0x3d070700, 0x401b4e07, 0x252b8826, 0x06070006, 0x03426307, 0x2032850e, 
    0x06944405, 0x1b001b25, 0x84112521, 0x090a2200, 0x0c0a421e, 0xbe472320, 0x0a1a420e, 0xb9472f20, 0x27202107, 0x47072542, 0x1a2307b1, 0x82001e36, 
    0x012c0800, 0xf6ff4200, 0xe4022402, 0x4e002d00, 0x01074b40, 0x4c010405, 0x04030200, 0x80040203, 0x06050700, 0x80060705, 0x05000400, 0x67050407, 
    0x260a4e46, 0x61000606, 0x46000108, 0x2a32054e, 0x21252729, 0x181c1e1f, 0x10131416, 0x012d000e, 0x5246092d, 0x35262605, 0x35373634, 0x25068326, 
    0x16323336, 0x5b461516, 0x48142006, 0x0621056d, 0x08088215, 0x37363249, 0x01020e33, 0x3e6d4835, 0x41343e4e, 0x42406137, 0x4a5a3865, 0x4746383b, 
    0x43565739, 0x41435353, 0x015a0154, 0x350a6b3d, 0x67473e5e, 0x5b0d030b, 0x3055383c, 0x3a3f5e35, 0x36354148, 0x3c4b5044, 0x3a484b3c, 0x82355f3e, 
    0x08db41ce, 0x20092342, 0x06ab4197, 0x00005f2a, 0xda020d02, 0x29000900, 0x430a7a41, 0x05260877, 0x39040401, 0x43824e04, 0x09000923, 0x22008211, 
    0x411a0906, 0x5f2f0a66, 0xaafeae01, 0xc6fe3c01, 0xf252da02, 0x41bcfe52, 0x583a053b, 0x0602f6ff, 0x1f00e402, 0x3b403e00, 0x06030200, 0x80060203, 
    0x05000600, 0x2d410604, 0x0404240c, 0x41076100, 0x1c23072d, 0x47191a1b, 0x1f23087e, 0x47081f01, 0x35281b7e, 0x15333523, 0x30010614, 0x210e8247, 
    0x8347ee94, 0x3e422f0b, 0x443eb5fe, 0x52643e44, 0xff7161b6, 0x978400ff, 0x02b60325, 0x4c390026, 0x178f0c1f, 0xf7429520, 0x20178f06, 0x20179694, 
    0x20178893, 0x88f78310, 0x02a0245f, 0x8800005c, 0x88b02077, 0x838f2017, 0x01002f2f, 0x00005d00, 0xda02fb01, 0x27000b00, 0x0f822440, 0x0103042d, 
    0x01026704, 0x4d380000, 0x46020506, 0xeb44061f, 0x1133210e, 0x23370183, 0x5d112311, 0x5a5aea5a, 0xfeda02ea, 0xfd3801c8, 0xfe500126, 0x460000b0, 
    0x4e20057f, 0x132c5382, 0x3b001700, 0x03053840, 0x060b0102, 0x23081682, 0x00670001, 0x0708000a, 0x0467080a, 0x38020201, 0x02090c4d, 0x07390707, 
    0x1700004e, 0x00141516, 0x11130013, 0x0d220087, 0x83461f09, 0x33352305, 0x03833315, 0x6f831520, 0x11112328, 0x5d233533, 0x77825353, 0xea250483, 
    0x4b0d02ea, 0x22008282, 0x83f3fd4b, 0xa201227d, 0x84eb826b, 0xb60321d3, 0x4026eb82, 0x07000000, 0xeb869306, 0xeb826920, 0xeb84ef20, 0x26402926, 
    0x01010103, 0x20060c47, 0x21ee8204, 0xd9455f05, 0x33352516, 0x21352311, 0x33357d82, 0x95956915, 0x95958601, 0x52360252, 0x52cafd52, 0xffff0000, 
    0x84538400, 0x4143206b, 0x178f0ccf, 0x8f07cf41, 0x889b8417, 0x82b12047, 0x204785b3, 0x06cf418e, 0xb0202f85, 0x8f201788, 0xff221787, 0xcb82012b, 
    0xef4c1788, 0x4c5f8f07, 0x178507ef, 0x2f88d420, 0x8507ef4c, 0x88932017, 0x05ef4c17, 0x69000124, 0x5f8335ff, 0x001b0023, 0x053f4562, 0x30412320, 
    0x13394510, 0x45002021, 0x2c960531, 0x41173345, 0x33450a64, 0x0674410f, 0x2f45a220, 0x077f4109, 0x410d2f45, 0x97201243, 0x2206f741, 0x84f6ff2d, 
    0x000f39cb, 0x0028402b, 0x03020301, 0x00800201, 0x4d380303, 0x00020200, 0x00010461, 0x2a052c45, 0x06080b0c, 0x0f000304, 0x43050f01, 0x290806f8, 
    0x33161433, 0x11353632, 0x06141133, 0x78690e01, 0x4040475a, 0x0a795a47, 0x49436676, 0x08024349, 0x7666f8fd, 0xff000000, 0x638200ff, 0x03770227, 
    0x002602b6, 0x2410824f, 0x02930607, 0x340782ee, 0x005c0001, 0x02300200, 0x000c00da, 0x072a402d, 0x01010401, 0x1865434c, 0x0c000c2c, 0x11111211, 
    0x1b090711, 0x7382332b, 0x13332008, 0x23130333, 0x5c112303, 0x62a26c5a, 0xaa67bfb5, 0xfeda0269, 0xfe3a01c6, 0x0186fea0, 0x82affe51, 0xff5c2277, 
    0x235f8310, 0x51002602, 0xa0207784, 0x8220f386, 0x26207782, 0x05247782, 0x1c401f00, 0xeb821982, 0x0201012a, 0x02010360, 0x4e023902, 0x05271082, 
    0x11110500, 0x84180904, 0x15212a69, 0x4a015a82, 0x78fdda02, 0x20538252, 0x843b8375, 0x845320cb, 0x01912253, 0x86e384e5, 0x856b8253, 0x016d2217, 
    0x821785f9, 0x886b8283, 0x02a02217, 0x372f9180, 0x29030701, 0x1301a500, 0x01b10900, 0x1301b801, 0x002b35b0, 0x14000100, 0x0d31a786, 0x29402c00, 
    0x0708090a, 0x01020304, 0x01000108, 0x24b4934c, 0x150d000d, 0x29b48515, 0x11373507, 0x15371133, 0xbc821107, 0x5a6e6e35, 0x4a01aaaa, 0x504a3001, 
    0xfe5a014a, 0x735073e3, 0x8352e5fe, 0x8248205f, 0x02102d5f, 0x001300da, 0x0f2b402e, 0x0303030c, 0x032f5a83, 0x03000200, 0x01018002, 0x4d380000, 
    0x41020405, 0x13260714, 0x11161300, 0x60461112, 0x33360805, 0x11331313, 0x36341123, 0x23033736, 0x15161603, 0x5d854811, 0x03578561, 0x4e760406, 
    0x02060871, 0x01c4feda, 0x0126fd3c, 0x827f3159, 0x0187fe34, 0x63b04a70, 0xb782a7fe, 0x5a21d782, 0x05db5200, 0x24001128, 0x030c2140, 0x76820202, 
    0xe0826e85, 0x11316e87, 0x16111100, 0x19090511, 0x3311332b, 0x35022e13, 0x2e708211, 0x15021e03, 0xdf785a11, 0x57030502, 0x8202de78, 0xfdda362e, 
    0x5149198f, 0xfd9a0124, 0x18710226, 0xfe255149, 0xff000066, 0x053f53ff, 0x02b60323, 0x20098326, 0x096b5200, 0x178a7b84, 0x26073346, 0x0110ff5a, 
    0x88da02fe, 0x427a202f, 0x5a22062b, 0x17834cff, 0x0019002d, 0x0f2c402f, 0x01030506, 0x824c0102, 0x38022704, 0x0101004d, 0xd1824d39, 0x05610428, 
    0x3d040401, 0x0b824e04, 0x18001929, 0x21181116, 0x4d1a0906, 0xb1840681, 0xc1882320, 0x23061427, 0x3e3541f0, 0x20ba82fc, 0x27c68557, 0x52b45d70, 
    0x6202343d, 0x022dbb85, 0x19dbfdda, 0x01245249, 0x5835fd4d, 0x20c7886b, 0x439788b1, 0x023005b7, 0xf6ff5800, 0xe4020002, 0x1b000d00, 0x2a402d00, 
    0x2109e348, 0xb7430105, 0x0e0f300a, 0x14160001, 0x1b0f1b0e, 0x0d000608, 0x47060d01, 0x11270db4, 0x32270614, 0x4f113536, 0x0125083a, 0x7272622c, 
    0x38038362, 0x3b3f3f3b, 0x0a40403a, 0x36016a72, 0x6972726a, 0x726ac9fe, 0x013e4351, 0x073a4f4a, 0x22063747, 0x82b60300, 0x4560209b, 0x9b840cdf, 
    0xdf45178a, 0x47178f07, 0xf6210997, 0x05375302, 0xc0204785, 0x2108af47, 0x5f89022b, 0x9e062722, 0xb3461783, 0x227f8607, 0x88fc031c, 0x0737537f, 
    0xb74b6783, 0x534f8505, 0x7f850737, 0x37532f89, 0x20178507, 0x464788b1, 0x5821075f, 0x217f82ff, 0x1788e402, 0xf7927f84, 0x85074746, 0x88d42047, 
    0x8499202f, 0x05ab41af, 0x2a03123c, 0x23001500, 0x3b403e00, 0x01040109, 0x04030110, 0x02004c02, 0x00850201, 0xed500404, 0x01062606, 0x61000303, 
    0x05724505, 0x01161731, 0x161c1e00, 0x0d231723, 0x0006080c, 0x50150115, 0x17290cf0, 0x33353536, 0x16071415, 0x16c44115, 0x16355027, 0x721e304b, 
    0x0dc84162, 0x1a072628, 0x193a504b, 0xcf414b33, 0x03122217, 0x20bf82b6, 0x06cf416d, 0x49005821, 0x2b21051f, 0x88bf8202, 0x07675517, 0x2f8bef83, 
    0x44029022, 0x22084f49, 0x88d40312, 0x5499202f, 0x2f850657, 0x1788b120, 0x178a9720, 0x2f421020, 0x4192200a, 0xf62408ff, 0x93030002, 0x47084f41, 
    0x022e057f, 0x35ff5800, 0xe4020002, 0x2b001d00, 0x81476400, 0x00212305, 0x5b510505, 0x01072106, 0x32065041, 0x03004d3f, 0x065f0003, 0x3d000001, 
    0x401b4e00, 0x8203001e, 0x0003220b, 0x382b9363, 0x40594e01, 0x011e1f17, 0x1e242600, 0x1c2b1f2b, 0x070c0e1a, 0x011d0005, 0x07e74a1d, 0x23373422, 
    0x24096c52, 0x07061411, 0x07c04c07, 0x42430320, 0x377b240d, 0x430d3843, 0x2b280546, 0x1a211d27, 0x9d3c191e, 0x24068441, 0x2e2835cb, 0x05835236, 
    0xfe626f2f, 0x1a5a3bb5, 0x152d1c18, 0x013c1c16, 0x0b5a4312, 0x00003a08, 0xff230003, 0x023502d8, 0x001500ee, 0x0023001c, 0x09134075, 0x22000401, 
    0x0c171821, 0x04050601, 0x05020114, 0xb04b4c03, 0x40585018, 0x0301061d, 0x00860302, 0x61000404, 0x23eb8201, 0x01074d3e, 0x21060c41, 0xf682023f, 
    0x01002125, 0x8a850100, 0x00002224, 0x2c238d00, 0x1e144059, 0x1d00001d, 0x1b231e23, 0x29718219, 0x26122615, 0x2b190908, 0x3a523717, 0x37172206, 
    0x05684233, 0x2722232b, 0x13111307, 0x06222326, 0x08f58313, 0x23160339, 0x6272174c, 0x5421385c, 0x62721146, 0x3b293755, 0x3a471fe0, 0x3f3b7a40, 
    0x862820da, 0x4a013d2d, 0x3b317062, 0xfe35297d, 0x2b7062b5, 0xfe3a0249, 0x318d01c3, 0x82f7fd43, 0xfe2927ef, 0x0000287e, 0xeb85ffff, 0x02b60325, 
    0x44760026, 0x97431247, 0x07fb4409, 0xf6ff2824, 0xff413f02, 0x41e32006, 0x0a2c05ff, 0x0103010b, 0x06000119, 0x401b4c02, 0x09230c83, 0x82080119, 
    0x8559200c, 0x2324081e, 0x05000400, 0x67050406, 0x03030109, 0x01026101, 0x4d3e0101, 0x0602080b, 0x07610006, 0x0000020a, 0x1b4e003f, 0x20054e41, 
    0x222a8738, 0x87090900, 0x89002029, 0x89002034, 0x0b4d2432, 0x8a080801, 0x3340213f, 0xc0543a8c, 0x03032105, 0x2006484b, 0x06444f00, 0x36863920, 
    0x84010a21, 0x59592375, 0x76421f40, 0x17183609, 0x13141516, 0x0f101112, 0x06080d0e, 0x1d011d00, 0x2b16090c, 0x08784217, 0x33171623, 0x06235635, 
    0x15331527, 0x0e233521, 0x0dc04502, 0x5348c33a, 0x2e234853, 0x0105031a, 0x9898b109, 0x05f7feb1, 0x0a2e1a03, 0x2a30302a, 0x21080382, 0x0158660a, 
    0x1d665872, 0x52501429, 0x52fe52e6, 0x1d2a1350, 0x01333b50, 0x3b3b3372, 0x338efe33, 0x0082003b, 0x5c000222, 0x33067748, 0x0013000a, 0x0028402b, 
    0x02010003, 0x00670103, 0x5f000404, 0x38222082, 0x2949054d, 0x11132a07, 0x0a000b0d, 0x21240a00, 0x052d4906, 0xbf823220, 0x23230623, 0x081d5611, 
    0x66eb5c3a, 0x91667979, 0x47473b91, 0xda02913b, 0x75626275, 0x7d01d4fe, 0x483e3d49, 0x5a206b84, 0x2b08e348, 0x402f0016, 0x0001002c, 0x05010405, 
    0x00256b82, 0x02040302, 0x206e8467, 0x078b5306, 0x1014162b, 0x000d000e, 0x1121250d, 0x05184807, 0x32331523, 0x20728516, 0x08728815, 0x995a5a27, 
    0x76366142, 0x3a999963, 0x99394342, 0x3296da02, 0x6d5b3c5a, 0x410401b4, 0x00403837, 0xff500002, 0x020e024c, 0x2add82e4, 0x40380021, 0x00011235, 
    0x454c0103, 0x79820f86, 0xe8843f20, 0x4e023d2c, 0x00001415, 0x21141a1c, 0x33822115, 0x23251323, 0x23ec8207, 0x06222705, 0x200e1144, 0x0d8b4117, 
    0x67a60133, 0x65050a04, 0x65657777, 0x75353a77, 0x47473be2, 0x3e03823b, 0x7501abb4, 0x62400162, 0xfe627575, 0x196443c0, 0x3d4afac1, 0x493e4001, 
    0xc0fe3e49, 0x82004a3d, 0x825d209f, 0x02212e04, 0x000e00da, 0x40330017, 0x02010930, 0x08975b04, 0x05006723, 0x06854105, 0x9c5b0620, 0x15172308, 
    0x2d820f11, 0x17110e23, 0x06174121, 0x23051541, 0x03231307, 0x080a8b41, 0x41e15d24, 0x3f4c3662, 0x798f6395, 0x44443888, 0xda028838, 0x4a3f5e35, 
    0xc1fe156a, 0xcafe3601, 0x3a478701, 0x234e463b, 0x21022705, 0x2602b603, 0x8f437d00, 0x8a97840c, 0x45942017, 0x5d2306a7, 0x820210ff, 0x492f88af, 
    0x2408073b, 0x02f6ff48, 0x00e40210, 0x403b0029, 0x05040038, 0x01040501, 0x02010080, 0x7e020105, 0x03050500, 0x03030061, 0x05674c3e, 0x2d08e357, 
    0x191a1c1e, 0x06081416, 0x29000304, 0xf2462901, 0x066b4c07, 0x27263423, 0x13965127, 0x17174708, 0x14151616, 0x6a300106, 0x404e5a7e, 0x2c2f4a3e, 
    0x344f456f, 0x5f3e3d5e, 0x35445a36, 0x272b4235, 0x7a514972, 0x3d62700a, 0x2c3a4845, 0x141f0c41, 0x583a4667, 0x39573131, 0x323f3f32, 0x200b3928, 
    0x604c6f14, 0xfb820072, 0xe384b384, 0xfb8c8120, 0xfb84178f, 0x00010025, 0x8435ff48, 0x583d20e3, 0x03210607, 0x0c075836, 0x0206052c, 0x80020506, 
    0x06030200, 0x07580302, 0x06062608, 0x04006104, 0x21fb8204, 0x07580303, 0x58389316, 0x41910a07, 0x28070758, 0x1b3c003d, 0x222c1322, 0x12075814, 
    0x20254641, 0x08155823, 0x1558cd20, 0x5c4f2105, 0x231a5541, 0x09020366, 0x230a2158, 0x536b0f40, 0x581d6541, 0x6b41062d, 0x070f4a12, 0x10ff4829, 
    0xe4021002, 0x41002602, 0x4f420583, 0x005c3207, 0x021c0200, 0x002000da, 0x1a354038, 0x05010207, 0x07304e01, 0x16436920, 0x03002609, 0x07610203, 
    0x08b74c06, 0x2000203d, 0x25212422, 0x09082412, 0x11332b1c, 0x33363634, 0x16071533, 0x06141516, 0x59232306, 0x36080726, 0x23373523, 0x11150622, 
    0x3f5f345c, 0x5f4ea2e3, 0x43416036, 0x46463c39, 0x84a42d3c, 0x0c024137, 0x58335d3e, 0x5b7005db, 0x52366140, 0x463c3d48, 0x3a42e14e, 0x8200f4fd, 
    0x02230800, 0xf6ff5a00, 0xe402fe01, 0x1f001600, 0x40404300, 0x01020300, 0x80010302, 0x06000100, 0x67060105, 0x41020200, 0x082306ee, 0x53050501, 
    0x18350852, 0x1c000117, 0x181f171b, 0x0d0f111f, 0x05080a0c, 0x01160004, 0x06825416, 0x21353523, 0x05954b35, 0xde5a2320, 0x06e54905, 0x23353108, 
    0x01161415, 0x0171612c, 0x3a3b3d4a, 0x62705a3e, 0x62706e64, 0x3bf03a3e, 0xc85f730a, 0x44433e83, 0x7071613e, 0x5fb6fe62, 0x41464b73, 0x46418282, 
    0x37388582, 0x21020000, 0x0700da02, 0x1e402100, 0x00000102, 0x01005f01, 0x044d3801, 0x5f075745, 0x6c4d06da, 0x35233105, 0x11231521, 0xea01c8ff, 
    0x528802c8, 0x0078fd52, 0x00203082, 0x0f314387, 0x2c402f00, 0x06010105, 0x01070001, 0x01046700, 0x05c75d02, 0x084d3823, 0x06af5201, 0x220ad55c, 
    0x521d0909, 0x275205a9, 0x21598208, 0x5b839191, 0x01919131, 0x16014b27, 0xeafe5252, 0x00d9fe4b, 0x85ffff00, 0xb6032563, 0x89002602, 0x240a0b59, 
    0xff370001, 0x2bbf8435, 0x406f0019, 0x0501080b, 0x074c0106, 0x4b208082, 0x2805db47, 0x06050024, 0x04050604, 0x82d98a80, 0x3906211e, 0x5e05c859, 
    0x21200763, 0x00262687, 0x04030004, 0x2d8f6303, 0x594e0624, 0x76820f40, 0x19001928, 0x11282114, 0x2e421111, 0x050d4105, 0x4206255b, 0x3721082d, 
    0x2cc283ff, 0x26381a0c, 0x46553642, 0x32371b16, 0x052b4119, 0x0a5b2320, 0x17372505, 0x451a110d, 0x1b45d384, 0x42d38508, 0x334207cb, 0x00da2a05, 
    0x40240011, 0x01010321, 0x0f705101, 0x0a0d0e2a, 0x00040508, 0x05110111, 0x2007b44d, 0x06dc5c33, 0x34057251, 0x5a6c662c, 0x3c3c3d3b, 0x710a6b5a, 
    0xfd120261, 0x46463cee, 0x2307833c, 0xffff7062, 0x25059342, 0x2602b603, 0xc7448e00, 0x8a77840c, 0x45952017, 0x178f06c3, 0x85078b43, 0x88b12017, 
    0x071b4d47, 0x2bff5a22, 0x85062f4f, 0x9678205f, 0x071b4d47, 0xd4204785, 0x1b4d4788, 0x83012005, 0x530234a7, 0x1a004803, 0x2e403100, 0x01020117, 
    0x04004c01, 0x41850401, 0x05220a12, 0x83520001, 0x12132205, 0x0514410f, 0x1a011a22, 0x4108c94e, 0x32200914, 0x2505124d, 0x14110706, 0x1d410106, 
    0x10412507, 0x272e4b13, 0x2c0d2241, 0x504b1013, 0xfe063127, 0x0070622e, 0x052b4100, 0xb6208382, 0x96209b82, 0x200e2b41, 0x2017822b, 0x4d178848, 
    0xcb8207ff, 0xe38a2f8c, 0xe3831782, 0xe3844785, 0xb1205f88, 0x97204788, 0x20092b41, 0x05f74c02, 0x20054341, 0x0c434192, 0x2b419320, 0x05f74c08, 
    0x5a00012c, 0xfe0135ff, 0x2000da02, 0xfa425600, 0x561c2005, 0x002c052a, 0x61010303, 0x3f010100, 0x0505004d, 0x280af04c, 0x06050019, 0x00050001, 
    0x34268e63, 0x40594e01, 0x1f000113, 0x1013141d, 0x070a0b0e, 0x01200005, 0x076a4720, 0x4106e74c, 0x11210956, 0x09ea4c14, 0xdc4c0120, 0x5a702705, 
    0x3d3b3a3e, 0xdd4c505a, 0x06d54c05, 0xfd120227, 0x43433eee, 0x2107833e, 0xd84c3679, 0x075f4106, 0x03fe0123, 0x20cf88e2, 0x42e78c96, 0x9720095b, 
    0x00211783, 0x08976401, 0x21000c26, 0x01061e40, 0x53091e52, 0x0c2309a1, 0x53180c00, 0x270805a1, 0x16133303, 0x36361716, 0x03331337, 0x7d5cbcee, 
    0x0404110d, 0x5d780d13, 0xfeda02bd, 0x1758340f, 0x01345917, 0x0026fdf0, 0x30064f53, 0x00da0244, 0x4026001e, 0x02061a23, 0x4c010003, 0x525e8202, 
    0xcf5705e7, 0x001e2507, 0x1818111e, 0x8a05e752, 0x2165895c, 0xf4640323, 0x032b0805, 0x3953576b, 0x02010404, 0x61480407, 0x02080442, 0x3b040502, 
    0x4271594f, 0x02020404, 0x02470504, 0x21e4fdda, 0x47151547, 0x8a1c0221, 0x02263809, 0x12412226, 0xfd224112, 0x00ffffda, 0x02000014, 0x02b60344, 
    0x42a20026, 0x178f0c7b, 0x85078f43, 0x88b12017, 0x078f432f, 0x90222f8f, 0x4f824e02, 0x28000122, 0x30205f82, 0x1720f382, 0x1324f383, 0x0401070d, 
    0x2e146d53, 0x12170017, 0x09051218, 0x13332b19, 0x41173303, 0x37250551, 0x23130333, 0x34ec8527, 0xc7d22807, 0x13097168, 0x09130506, 0xd2c76373, 
    0x13097d67, 0x3c0b8205, 0x0172017e, 0x2711d868, 0x11270b0b, 0xfe9efed8, 0x2711e888, 0x11260c0c, 0x000100e9, 0x207b8223, 0x247b8235, 0x4023000e, 
    0x207a8220, 0x13c94103, 0x0e000e24, 0xb6541218, 0x0a6d4105, 0x11032308, 0x8e60dcff, 0x02020e0c, 0x5d8e0c0f, 0x011101dc, 0x19d4fec9, 0x23080823, 
    0xfe2c0119, 0x00effe37, 0x5f85ffff, 0x02b60325, 0x41a80026, 0x77840c3b, 0x3b41178a, 0x20178507, 0x412f88b1, 0x2323073b, 0x82022bff, 0x431788a7, 
    0x478f07e7, 0xaf509020, 0x20178506, 0x432f88d4, 0x178507e7, 0x17889320, 0xe7429820, 0x42778f06, 0x553307e7, 0x03020000, 0x0900da02, 0x29402c00, 
    0x02020106, 0x824c0100, 0x069d47c8, 0x02020024, 0xa2475f03, 0x00092409, 0x41111209, 0x353f05a1, 0x21352101, 0x15210115, 0xfe490155, 0xfe9f01bc, 
    0x5a5301b7, 0x5a522e02, 0x0052d2fd, 0x8400ffff, 0x20ff8457, 0x0c1741b1, 0x9420178f, 0x17859f86, 0xb782b020, 0x8f202f85, 0x20068743, 0x209f8219, 
    0x289f823f, 0x402d0018, 0x0206172a, 0x05a05703, 0x01000324, 0x065b8003, 0x04052105, 0x2208065b, 0x43180018, 0x35081f36, 0x53496203, 0x01030330, 
    0x4c070402, 0x07064566, 0x03050101, 0x734b4f32, 0xda025953, 0x3d21e4fd, 0x223c1515, 0x70fe9001, 0x15153c22, 0x1c02213d, 0xf40126fd, 0xc2820cfe, 
    0x8b84d382, 0xb520d384, 0x178fd38c, 0x8507eb41, 0x82b12017, 0x412f85d3, 0x2f8f07eb, 0x4e029022, 0x02224f82, 0x27435d00, 0x00052806, 0x402b0009, 
    0x82010428, 0x4c0121e0, 0x0321e586, 0x08fa8204, 0x4e013936, 0x00000606, 0x09060906, 0x05000708, 0x06120500, 0x212b1709, 0x03331303, 0x33112113, 
    0xf9bf0111, 0xfaf067f9, 0x015a2dfe, 0xfe5e017c, 0x0284fea2, 0x0026fdda, 0x5d20bb82, 0x20088758, 0x20bb84ba, 0x081754a0, 0x00024c3c, 0x1800e402, 
    0x3e002600, 0x04123b40, 0x01030202, 0x0301064c, 0x03040204, 0x914e8002, 0x02003d09, 0x05600002, 0x3d000001, 0x191a4e00, 0x1f210001, 0x261a2619, 
    0x0a0c1517, 0x18011800, 0x2007b945, 0x09e96335, 0x06141123, 0x051c6707, 0x2e0e924e, 0x4a52448b, 0x62627253, 0x21535e72, 0x52cd6e1b, 0xb4270697, 
    0x0f1e424f, 0x55015a6e, 0x602706e9, 0x1c1b0a70, 0x52fb5223, 0x022a0d93, 0xf6ff4300, 0x3002fc01, 0xaf821b00, 0x18b58426, 0x01070601, 0x20068352, 
    0x0af34a28, 0x01060723, 0x08f34a07, 0x094d4132, 0x00060601, 0x02080561, 0x003f0000, 0x2c401b4e, 0x00232a99, 0x86390505, 0x4708202f, 0x593305f3, 
    0x1c1d1b40, 0x20220001, 0x261d261c, 0x11131617, 0x650c0e0f, 0x0a2006fe, 0x2b061851, 0x33363634, 0x23343533, 0x23070622, 0x32280a82, 0x23111516, 
    0x06062335, 0x3520f883, 0x3d081582, 0xfc161415, 0x522e6455, 0x3475aa35, 0x055a0240, 0x6b645c6f, 0x56080259, 0xa04e4231, 0x0a3d372c, 0x4c334d5f, 
    0x266b2b2b, 0x60554122, 0x6486fe56, 0x404c3b33, 0x2c354d37, 0x0000352e, 0xf385ffff, 0x0211032d, 0x00bd0026, 0x06070000, 0x9467026b, 0x64702017, 
    0x432606e7, 0xfc01f6ff, 0x2f887a03, 0x1788b420, 0x17822b20, 0x27224787, 0x17837806, 0x37974f82, 0x4f8cb520, 0x4f88a220, 0x178cb620, 0x1788a020, 
    0x178cb720, 0x6f20af89, 0x6e201796, 0x02231789, 0x88840376, 0x9eb82047, 0x20378baf, 0x20378a26, 0x233788b9, 0x032b02f6, 0xba20af89, 0xaf897f8c, 
    0x178cbb20, 0x7f880920, 0x17886820, 0xfc012b24, 0x17883002, 0x2f8c7820, 0x6a22df89, 0x8f415302, 0x8839200a, 0x8b74202f, 0xe902212f, 0x73201788, 
    0x002f1783, 0xff430002, 0x02310235, 0x002b0030, 0x53ea0036, 0x0a2d05f9, 0x09080128, 0x08000116, 0x401b4c02, 0x260c830b, 0x01164c01, 0x544b0107, 
    0x32200644, 0x230ab942, 0x09010809, 0x540ae442, 0x4d2a0b09, 0x06050500, 0x0606005f, 0x5354063d, 0x902f2007, 0x00052639, 0x63060506, 0x06194e00, 
    0x4a544120, 0x09444e12, 0x318f6b85, 0x07070022, 0x2f124a54, 0x00012c2d, 0x362c3032, 0x2627362d, 0x1c1e1f21, 0x23083143, 0x0c2b012b, 0x20193143, 
    0x0e8c6333, 0x2b204143, 0x1e1e2202, 0x374e3c19, 0x0d272043, 0x21194c43, 0x676b2c1c, 0x361a2205, 0x1557431e, 0x97414420, 0x41712008, 0x0c200cdf, 
    0x72201788, 0x24081783, 0x1f000300, 0x3502f6ff, 0x2d003002, 0x41003600, 0x0a40a900, 0x02030115, 0x0807012b, 0xb04b4c02, 0x40585011, 0x05634133, 
    0x08007235, 0x08070706, 0x01010a72, 0x0806010d, 0x0b670601, 0x5b020201, 0x412a05a2, 0x020c0f4d, 0x62000707, 0x8d440e09, 0x41352007, 0x36820899, 
    0x07080623, 0x3a37a480, 0x38274059, 0x3d000137, 0x3841373b, 0x2f323441, 0x2527292e, 0x1d202224, 0x4117191c, 0x07260570, 0x012d0005, 0x7041102d, 
    0x33332108, 0x200ccd4f, 0x05a84417, 0x15231522, 0x2608ad6a, 0x27262223, 0x87130606, 0x32032327, 0xbd443536, 0xb2240806, 0x43545241, 0x1f202451, 
    0x3c4b4f26, 0x05054431, 0x50412e41, 0x202025de, 0x41505425, 0x0808412b, 0x258a7546, 0x38081d82, 0x4f272198, 0x0a29261f, 0x5b4a4b5e, 0x272d294b, 
    0x31514120, 0x59312828, 0x286a9047, 0x4120282d, 0x28283252, 0x4c4e0132, 0x272e2e27, 0x272eb1fe, 0x2b2c346a, 0xff000034, 0x055b41ff, 0x02110326, 
    0x00d40026, 0x2005e344, 0x34078262, 0xff5c0002, 0x020102f6, 0x001400da, 0xb66b0022, 0x0402030a, 0x07f04505, 0x29691d20, 0x06c45305, 0x074d4129, 
    0x00040401, 0x41060161, 0x21200757, 0x00231f8e, 0x86390101, 0x45062024, 0x173407da, 0x00011516, 0x22151b1d, 0x0d0f2216, 0x05060708, 0x14011400, 
    0x28066e59, 0x23152327, 0x07153311, 0x06294133, 0x4105a85c, 0x38080644, 0x01161415, 0x07503e4c, 0x025a5a01, 0x3e510801, 0x71626253, 0x39404039, 
    0x0a414137, 0x0269363d, 0x357da0da, 0xa15f6e3e, 0x3c4e6e5e, 0x3b44a043, 0x3e963e46, 0x00010046, 0x23cf8258, 0x0030020b, 0x201b736c, 0x24736c41, 
    0x3634352d, 0x17163233, 0x23262623, 0x41150622, 0x373605c5, 0x01060633, 0x78786434, 0x03755f64, 0x3842035a, 0x3b47473b, 0x0a824238, 0x700a7534, 
    0x70629662, 0x39355866, 0x3e973e43, 0x58343a44, 0x475c0066, 0x030b2606, 0x00260211, 0x067741d7, 0x3f5b6a20, 0x22178b08, 0x8260026f, 0x21bf831f, 
    0xbf830235, 0x8233736c, 0x3e736cd7, 0x736c418a, 0x17224123, 0x21095d54, 0x736c46d1, 0x41562005, 0x5f201231, 0x230d5554, 0x526a1041, 0x540f4141, 
    0x58230947, 0x4102f6ff, 0x6e220b2f, 0x47416002, 0x4109200a, 0x6920085f, 0x00271783, 0xff570002, 0x42fc01f6, 0x112108d7, 0x13d7420a, 0x00610124, 
    0xd7420101, 0x42032007, 0x1f8611d7, 0x03030022, 0x591bd742, 0xd74206c7, 0x41352009, 0x33230616, 0x48333527, 0xea530aa7, 0x15340805, 0x0c011614, 
    0x53626352, 0x0108513e, 0x015a5a02, 0x38205007, 0x39384040, 0x6e0a4040, 0x6e5fa15e, 0xa07d353e, 0x366926fd, 0x3e464e3d, 0x3b463e96, 0x3c43a044, 
    0x4620cf82, 0x2308ff82, 0x00df0212, 0x002c0020, 0x1949404c, 0x12131618, 0x01071011, 0x174c0103, 0x004a0301, 0x01050102, 0x00800502, 0x20055b59, 
    0x20b3826a, 0x0d8b4338, 0x01212233, 0x21262800, 0x152c222c, 0x090b0c14, 0x01200007, 0x06884320, 0x2e070469, 0x26263317, 0x35072727, 0x17332737, 
    0x57071537, 0x06230570, 0x43363227, 0xba820693, 0x442b4208, 0x5f353968, 0x0b3b2c3f, 0x1c20040e, 0x4878a341, 0x6a942c68, 0x3a352c4e, 0x4d404667, 
    0x4d3e404d, 0x66380a4d, 0x37634343, 0x350a1226, 0x504c5b25, 0x45406338, 0x40713150, 0x6946408e, 0x4150503a, 0x25038441, 0x03000000, 0xd3823f00, 
    0xda025c2e, 0x18001400, 0x81002600, 0x020a11b6, 0x26096e4a, 0x05010924, 0x505f0205, 0x072106d6, 0x068c4107, 0x06010a26, 0x03610006, 0x20086a4a, 
    0x82269528, 0x4d3921ff, 0x664a2b85, 0x1a1f2408, 0x4b151519, 0x15250758, 0x17181518, 0x09bb4116, 0xc7450b20, 0x10bb4106, 0x33371327, 0x36320107, 
    0x09974435, 0x4ce42108, 0x394c5959, 0x02030647, 0x06015a5a, 0x540fdc47, 0x32befe18, 0x31323737, 0x6c0a3838, 0x6c5cab5b, 0x2c06c341, 0x30023e35, 
    0x1efeb4b4, 0x3ca03c43, 0x82048443, 0x020023f6, 0xf7825a00, 0xf7825820, 0x2a001c2a, 0x19b68300, 0x0908020a, 0x36077345, 0x03010525, 0x01020106, 
    0x00670203, 0x08090001, 0x00690901, 0x48380404, 0x2920103b, 0x31482796, 0x1f402b12, 0x00011d1e, 0x2a1d2325, 0x7b5c2a1e, 0x011c230e, 0x78540c1c, 
    0x21f78906, 0x6f683523, 0x08634b08, 0x3e0bbb42, 0x3e535f60, 0x0203074e, 0x5e5aa6a6, 0x07015a5e, 0x3e38204e, 0x3d39383e, 0x5e6e0a3d, 0x826e5f65, 
    0x4b3c26fb, 0xfd4b5555, 0x05c342c6, 0x463e5a27, 0x405a4044, 0x20f78244, 0x38f78254, 0x00300204, 0x00200017, 0x003b403e, 0x02030204, 0x00800304, 
    0x04020005, 0x21f08205, 0x71430606, 0x08425709, 0x1e000131, 0x1518191c, 0x0d101214, 0x0006080c, 0x42170117, 0x664306b5, 0x15162306, 0x9c452115, 
    0x57032009, 0x37080752, 0x77612c01, 0x61416177, 0x46a8fe36, 0x0741323a, 0xd774095a, 0x3d430001, 0x750a433d, 0x75678267, 0x62405e34, 0x27473d34, 
    0x01514521, 0x47411c4c, 0x00004147, 0x00ffff00, 0x0325a384, 0x00260211, 0x092747e1, 0x70201792, 0x8f06574f, 0x966f202f, 0x8a6e2017, 0x03712217, 
    0x205f8884, 0x221788b8, 0x8804022b, 0x06272277, 0x22178378, 0x8b060700, 0x8a212037, 0x88b92037, 0x02f62437, 0x88a20326, 0x8cba204f, 0x88a0207f, 
    0x8cbb2017, 0x88092017, 0x96682017, 0x88692017, 0x21978217, 0x2f883002, 0x0f419784, 0x516a2012, 0x0f410637, 0x88392005, 0x8874202f, 0x02f62447, 
    0x88e90204, 0x4f732017, 0x352a081f, 0x30020002, 0x2e002500, 0xf1548400, 0x00303b05, 0x03040305, 0x00800405, 0x05030007, 0x00670307, 0x61020808, 
    0x41020200, 0xf661004d, 0x06062609, 0x01096000, 0x05f66100, 0x32902d20, 0x1b820620, 0x64000622, 0x013b3a92, 0x1940594e, 0x2a2c0001, 0x22242627, 
    0x15171819, 0x0c0e1112, 0x25000507, 0x430a2501, 0x1f55060c, 0x05124305, 0x23075e42, 0x06063337, 0x490a2455, 0x370807c4, 0x43377501, 0x73610a3b, 
    0x72626173, 0x3d3fb0fe, 0x055a0f69, 0x22102732, 0x3c191e1e, 0x3ef8edfe, 0xcb3f3d3e, 0x352f2835, 0x5f965f73, 0x615f7373, 0x4a454135, 0x0d13402b, 
    0x26051362, 0x411d0c02, 0x41414646, 0x0c20084f, 0x20081f41, 0x061f4172, 0xf6ff5a2a, 0x3002fe01, 0x1e001500, 0x211b775a, 0x775a4d41, 0x1617350c, 
    0x1a1b0001, 0x1e171e16, 0x0b0c0e10, 0x0405080a, 0x15011500, 0x4f0e775a, 0x1520074b, 0x5a067849, 0x4c310876, 0x0f673e3c, 0x5770095a, 0x62707062, 
    0x3df43c3e, 0x21b8860a, 0xc6845145, 0x41464b23, 0x5ab7821d, 0x12330833, 0x1200da02, 0x2a402d00, 0x05010104, 0x01060001, 0x61006700, 0x07260813, 
    0x39060601, 0x2c824e06, 0x12001226, 0x23211211, 0x2a097559, 0x36343533, 0x23153333, 0x82151522, 0x112c0805, 0x52a0a0d7, 0x40a1a148, 0x8901e1e1, 
    0x4b417352, 0x52733a52, 0x020077fe, 0x4cff5800, 0x3002fb01, 0x2a001c00, 0x15b66f00, 0x06050207, 0x20072f45, 0x30f68220, 0x05000100, 0x06006901, 
    0x03610206, 0x41020201, 0x2b6b824d, 0x01075f04, 0x043d0404, 0x24401b4e, 0x03232289, 0x844d3b03, 0x054c4227, 0x88000021, 0x40592526, 0x001d1e15, 
    0x82062545, 0x141b2568, 0x09212725, 0x2708e167, 0x06233735, 0x26222306, 0x28067344, 0x33353317, 0x23061411, 0x0c174603, 0x9ba13c08, 0x0302362f, 
    0x553b4e08, 0x3b556262, 0x5902084e, 0x38115967, 0x39384040, 0x52b43f3f, 0x5a322d35, 0x5e6c3531, 0x386e5e74, 0xdafd5f31, 0x25016153, 0x3e693e46, 
    0x7d384246, 0x4a004238, 0xe782052b, 0x02110325, 0x82f50026, 0x060724c2, 0x945f026b, 0x02702217, 0x20179455, 0x2017966f, 0x20178c6e, 0x205f8870, 
    0x20178c76, 0x20178809, 0x34178369, 0x5c000100, 0xfe010000, 0x1400da02, 0x2a402d00, 0x03020103, 0x06946a01, 0x8b580320, 0x6a412005, 0x14250b3a, 
    0x13231400, 0x05525724, 0x11331122, 0x2106d44b, 0x78682311, 0x5a5c3e07, 0x3f4c0701, 0x3f5a6253, 0x02413836, 0x37e3feda, 0xfe58663c, 0x3e63018e, 
    0xfe404643, 0x82ff83a2, 0x236f83f4, 0x37020602, 0xff21df83, 0x217f83d4, 0x9782c503, 0x0982fc20, 0x6e060730, 0xb400b501, 0x01b10800, 0xb0b4b001, 
    0x23832b35, 0x00550026, 0x032b0200, 0x0120bb82, 0x00253d82, 0x02690607, 0x20088267, 0x82178501, 0x00092639, 0x00244027, 0x05ea6e01, 0x034d3b22, 
    0x04212682, 0x1551715f, 0x11333535, 0x11213523, 0xc3551533, 0xb90901af, 0x52820152, 0x55522cfe, 0x2b24066b, 0x26021103, 0x6b226386, 0x7b8a7102, 
    0x70201789, 0x2f927b83, 0x17966f20, 0x178c6e20, 0x6820c389, 0xdb841796, 0xff215f83, 0x20f38a2b, 0x22f38627, 0x8c780607, 0x20978937, 0x06774f6a, 
    0x20052b41, 0x20c78839, 0x212f8b74, 0x1788e902, 0x17837320, 0x00020025, 0x8335ff55, 0x0b002567, 0xb6002500, 0x0805814f, 0x010a2d2e, 0x61010000, 
    0x40010100, 0x0303004d, 0x04005f04, 0x054d3b04, 0x06020201, 0x02090b5f, 0x4d390606, 0x08070700, 0x0808005f, 0x1b4e083d, 0x2205d045, 0x8201002b, 
    0x01042336, 0x32a26900, 0x89284021, 0x0007252d, 0x63080708, 0x06323495, 0x4059594e, 0x010c0c1f, 0x0c250c00, 0x1d1e2025, 0x5665161b, 0x05072c08, 
    0x0b010b00, 0x2b16090c, 0x45262201, 0x142206c6, 0xe0410106, 0x51232008, 0x01250e0a, 0x2626213b, 0x27038221, 0xafc3f9fe, 0xcfb90901, 0x2b096c6f, 
    0x1d228902, 0x1e23231e, 0x77fd221d, 0x21061142, 0xf1502d1b, 0x42002008, 0x0c200a07, 0x20083f41, 0x07574172, 0x014cff25, 0x820903c3, 0x820e2017, 
    0x06072428, 0x42a80269, 0x1782059b, 0x2602b328, 0x25000d00, 0x9b422240, 0x581b8209, 0x3d22050c, 0x0b824e03, 0x0c000d28, 0x05211311, 0x656c1909, 
    0x21113c06, 0x14112135, 0x7c5a2306, 0xfcfe453e, 0x65785e01, 0x3d4452b4, 0xfd52b501, 0x857261f9, 0x4cff2587, 0x11033102, 0x6e206f88, 0x612c6f86, 
    0x2f020000, 0x0c00da02, 0x2e403100, 0x820d836f, 0x4d382567, 0x3b020200, 0x6f0bed72, 0x245a1087, 0x15233605, 0x9a695a61, 0x69bbb167, 0xda026ba0, 
    0xfee369fe, 0xf5e0fefa, 0x050341f5, 0x10ff6122, 0x7b826383, 0xeb841020, 0xf7477a20, 0x82672006, 0x0235267b, 0x02060226, 0x20fb8419, 0x200f821e, 
    0x248b8226, 0x4028000d, 0x82fb8725, 0x03200882, 0x045f0003, 0x39000001, 0x00014e00, 0x06070a0c, 0x0d000405, 0x09050d01, 0x22212b16, 0x23113526, 
    0x163afc83, 0x01153333, 0xbe57497c, 0x20261801, 0x014655aa, 0xc1fd52ed, 0xff522722, 0x578400ff, 0x82b60321, 0x8413207f, 0x0291227f, 0x206f8426, 
    0x376f8432, 0x001500e4, 0x1129402c, 0x05080a0b, 0x08020304, 0x4c010001, 0x4a000109, 0x0327fe84, 0x01010202, 0x824e0139, 0x00152a0c, 0x04161515, 
    0x332b1809, 0x09074d13, 0x23133508, 0x27262603, 0x03070614, 0xa004cc32, 0x1b602c86, 0x60dd8da7, 0x050c0d83, 0x027e0c08, 0x5050091d, 0x53497143, 
    0xb3fd4750, 0x36236501, 0x23360f0f, 0x00009bfe, 0x02219387, 0x229388da, 0x853a026d, 0x072f7017, 0xab850120, 0x79027a21, 0x0a32050b, 0x75020000, 
    0x2600da02, 0x00ec1301, 0x29030701, 0x2f70f700, 0x82e78410, 0x28cf8423, 0x08090a15, 0x00010207, 0x12555a08, 0x03030037, 0x214e0339, 0x04131127, 
    0x372b1a09, 0x23113735, 0x37112135, 0x06335815, 0x22232808, 0x64353526, 0x1801be78, 0x2026a0a0, 0x5749aaaa, 0x015150e6, 0xeafe5201, 0xd96c506c, 
    0x55522722, 0x00009c46, 0x823c0001, 0x021c2c93, 0x00240030, 0x030ab656, 0x47040302, 0x16310779, 0x04040106, 0x01026100, 0x3b000002, 0x0507084d, 
    0x23708403, 0x001a401b, 0x1d831083, 0x1d820120, 0x41010122, 0x59221c89, 0x1c821040, 0x24002429, 0x13231323, 0x62112425, 0x3321053a, 0x052c4615, 
    0x33461720, 0x083c4610, 0x4e3c2d08, 0x26310502, 0x010b3224, 0x35263107, 0x1c20543f, 0x204a201b, 0x02201c1b, 0x2e254926, 0x2a24242a, 0x5efe3f4f, 
    0x2721a301, 0x5cfe2126, 0xbf830787, 0x04825c20, 0xbf82fe20, 0x4c001427, 0x020103b5, 0x27be8703, 0x03030013, 0x01016100, 0x0071ab83, 0x401b2207, 
    0x82bb8417, 0x6101231a, 0xb9820100, 0x59221987, 0x19820d40, 0x860de246, 0x461520b5, 0x262117e2, 0x06e14669, 0x463f6221, 0x002305e1, 0x47ffff00, 
    0x03250553, 0x01260211, 0x2251821b, 0x446b0607, 0xff21052b, 0x21a783f6, 0x17851603, 0x06070127, 0x0390017a, 0x052b7275, 0xb0750324, 0x3b932b35, 
    0x2307f757, 0x0110ff5c, 0x5388e382, 0x58027a22, 0x01265b82, 0x4cff5e00, 0xfb82fc01, 0x5f001c27, 0x020111b5, 0x30fb8701, 0x0101001c, 0x01046103, 
    0x4d3b0303, 0x39020200, 0x2b2d824d, 0x01066105, 0x053d0505, 0x20401b4e, 0x3b21ff82, 0x2523824d, 0x04006104, 0x22914104, 0x0e405922, 0x1c2a3182, 
    0x11241b00, 0x07212513, 0xa1441b09, 0x05264e07, 0x11231122, 0x3407d241, 0x06141115, 0x353ff023, 0x38363d3e, 0x015a5a3f, 0x533f4b06, 0x050d7160, 
    0x3b590128, 0xfe404641, 0x274102a2, 0x589d2206, 0x20e3896b, 0x22cb880c, 0x825d0272, 0x0002286b, 0x02f8ff54, 0x712e0204, 0x41210f0b, 0x090b714d, 
    0x4e004222, 0x46170b71, 0xe94a0603, 0x09ce4e07, 0x632c2008, 0x64647475, 0x3b637574, 0x3a3b4343, 0x74084444, 0x73697e68, 0x687e6973, 0x40425074, 
    0x84424092, 0xffff2104, 0x03217f85, 0x20978211, 0x0e174e22, 0x178a9782, 0x8d09174e, 0x09174e17, 0xdf4d178d, 0x02f82409, 0x88840371, 0x10174e5f, 
    0x77830120, 0x2213174e, 0x8a2102f8, 0x4db92037, 0xf820086f, 0x8405174e, 0x06072137, 0x8309174e, 0x88a0207f, 0x09174e67, 0x09201783, 0x174e1788, 
    0x022b2409, 0x882e0204, 0x09ff4d17, 0xff4dc78d, 0x20178309, 0x202f8839, 0x208f8374, 0x05bf4100, 0x80021c2b, 0x25001700, 0x12b57100, 0x09665601, 
    0x0300212d, 0x00850301, 0x4d3b0202, 0x53050500, 0x06290c93, 0x42000001, 0x401b4e00, 0x52238624, 0x269506e4, 0x17405930, 0x00011819, 0x25181e20, 
    0x0d0e2519, 0x2e50090b, 0x33172b12, 0x33353532, 0x07061415, 0x0d421516, 0x32452716, 0x204b230b, 0x1342241c, 0x231c280e, 0x2e1f504b, 0x4251360a, 
    0x33500d1a, 0x02f82405, 0x8211031c, 0x423020f3, 0x5821061b, 0x21178500, 0xf382022b, 0x3b411788, 0x202f8b0b, 0x0653716a, 0x83ff5421, 0x88392047, 
    0x4f74202f, 0x17830853, 0x17880c20, 0x178a7220, 0x7b421020, 0x416c200a, 0x04220afb, 0x8341e902, 0x0f6b4f08, 0x2c001e22, 0x55105371, 0x01200506, 
    0x71066264, 0x2b8b1d53, 0x594e0138, 0x1f201740, 0x25270001, 0x2c202c1f, 0x0d0f1b1d, 0x1e000608, 0x53711e01, 0x37362108, 0x2109384d, 0x54711515, 
    0x0956530f, 0x37740135, 0x09221943, 0x62727262, 0x2b2e7262, 0x1e1e2218, 0x5e963c19, 0xcb3106bd, 0x2f162835, 0x9662701f, 0x626f7062, 0x1a5b3e97, 
    0x05404f14, 0x42110126, 0x42409640, 0x003f0484, 0x00030000, 0x02e2ff23, 0x004e0235, 0x001e0015, 0x404a0027, 0x04010947, 0x19252600, 0x7105010c, 
    0x2b710752, 0x71d18312, 0x2029094f, 0x1f00001f, 0x1c272027, 0x0e28711a, 0x36343527, 0x37173233, 0x053c4233, 0x22233608, 0x14370727, 0x23261317, 
    0x13150622, 0x35353632, 0x16032734, 0x721c5123, 0x2e344c62, 0x721f545b, 0x29365062, 0x20cc0330, 0x7f433c30, 0xd004433c, 0x31721e20, 0x3dc28243, 
    0x32764022, 0x70629747, 0x11e63a26, 0x1720010e, 0xe8fe3e44, 0x15963d45, 0x1bdbfe13, 0xc385ffff, 0x02110325, 0x44390126, 0x0c20126b, 0x2208d741, 
    0x82580272, 0x8203201f, 0x05375b2f, 0x36002832, 0x59003f00, 0x010b5640, 0x01240809, 0x4c020504, 0x2a081751, 0x05030009, 0x0a670309, 0x47080801, 
    0x0c280796, 0x04040207, 0x0b066100, 0x3e05d059, 0x0001292a, 0x37383b3d, 0x36292f31, 0x1f21362a, 0x181a1c1d, 0x0f111415, 0x28000608, 0x550d2801, 
    0x16280c1f, 0x023e3317, 0x15163233, 0x2807de5a, 0x06063337, 0x26262223, 0x06ad7027, 0x5a09d641, 0x450808ee, 0x4e4e43b4, 0x1a332843, 0x19020401, 
    0x4e432833, 0x1a1f24de, 0x0a550425, 0x3328384c, 0x01040219, 0x1f1e331a, 0x201f2424, 0x89b92626, 0x241f2026, 0xfa49570a, 0x251a564a, 0x1a251111, 
    0x64964a56, 0x1a202d26, 0x0f85493e, 0x262d4d25, 0x842d26fa, 0x00012204, 0x3209834d, 0x00020000, 0x024cff5c, 0x00300201, 0x00220014, 0x5a11b668, 
    0x05210dcb, 0x07ee4705, 0x04010737, 0x00610204, 0x4d3f0202, 0x03030106, 0x1b4e033d, 0x00002140, 0x0f7f4400, 0x5925238d, 0x15161440, 0x06cb5a00, 
    0x14286282, 0x08112425, 0x172b1909, 0x2a09ec46, 0x23061415, 0x23272622, 0x50371517, 0x5c2f0c18, 0x5007015a, 0x6262533e, 0x07503e53, 0x5a780203, 
    0xb42706c7, 0x3669da02, 0x575f6d3d, 0xf82006f4, 0x240ac75a, 0xff570002, 0x08bf5856, 0x12b66c23, 0x06bf5804, 0x58503122, 0x3820ab84, 0x8d0e2b45, 
    0x74cf82ab, 0x0021060b, 0x21299500, 0xcf914e02, 0xcf882520, 0x925b0720, 0x20d08409, 0x20cf8d11, 0x08925b57, 0x0120d083, 0xaa22cf87, 0x945b8403, 
    0x363d2408, 0x8aeeedfe, 0x000023d0, 0xd3820200, 0x41058f48, 0x1021059f, 0x0c935902, 0x42050521, 0x675c0797, 0x41318205, 0x1f460c9f, 0x90238b13, 
    0x251427cf, 0x19090825, 0xbb51052b, 0x41272013, 0x01310c9f, 0x070302a2, 0x62533e50, 0x503e5263, 0xd25a0107, 0x05905938, 0xce86b420, 0x3d6d5f31, 
    0x26fd6936, 0x963e46f8, 0x403a463e, 0x823a40aa, 0x01002378, 0xd4827000, 0x30021226, 0x5a001300, 0x200c5b4a, 0xa542181a, 0x0a634a08, 0x04040128, 
    0x1b4e0439, 0x1c881e40, 0x3b000023, 0x0a6a4a4d, 0x694a2085, 0x00132305, 0x4c512213, 0x07694a09, 0x23152608, 0x22233435, 0x70111506, 0x4c07025a, 
    0x5a5d5640, 0x023e3b75, 0x3e356926, 0x2f2f5f67, 0xfe404478, 0xff0000a2, 0x259785ff, 0x26021103, 0x3f444001, 0x94762006, 0x4c6f2017, 0x23230677, 
    0x820210ff, 0x222f88c7, 0x82bd017a, 0x00012a37, 0x02f8ff55, 0x002e0203, 0x1adb7128, 0xdb714120, 0x00423209, 0x1e00014e, 0x1618191b, 0x04060913, 
    0x01280003, 0x0bdb7127, 0x36323324, 0xdb713435, 0x5d332006, 0xce830759, 0x17144208, 0x14151617, 0x16012306, 0x365a655c, 0x37322c31, 0x3e389841, 
    0x502c5763, 0x025b0465, 0x2e2c2933, 0x8c8e3534, 0x53085c65, 0x2c2b264c, 0x16094728, 0x483f4d08, 0x1d404f52, 0x3a242a26, 0x90141408, 0x050f534d, 
    0xf784af84, 0x37454420, 0x21178f0c, 0x1f4b026f, 0xff552205, 0x29df8435, 0x4095003a, 0x0701090a, 0xd7713303, 0x20f78229, 0x05d77103, 0x49184220, 
    0x052010df, 0x20121072, 0xdf491800, 0x06d77109, 0x6b5d418a, 0x003a2707, 0x12322939, 0xd771323a, 0x20424117, 0x07ea4918, 0x1646d728, 0x1732371b, 
    0x4f415750, 0x710d201b, 0x3e230bd3, 0x41475106, 0x1b20185d, 0x2205f16e, 0x42ffff00, 0x63410513, 0x07bf4a0a, 0x10ff5529, 0x2e020302, 0x41012602, 
    0xcf71057b, 0x1827080b, 0x2a00e402, 0x34403700, 0x0403010c, 0x04004c01, 0x04020300, 0x05006903, 0x00610005, 0x4d3e0000, 0x01020200, 0x4f060761, 
    0x2a270886, 0x21242a00, 0x712d2124, 0xec740ace, 0x71152006, 0x332011d3, 0x08089f5c, 0x355c1141, 0x5e3f3f5f, 0x3e344135, 0x4263384e, 0x4d3e303a, 
    0x2e393a48, 0x35434335, 0x16024336, 0x2f345d3d, 0x5a3b3752, 0x680b030d, 0x345c3c48, 0x3a3a4852, 0x35425048, 0x38464235, 0x0100eafd, 0x5400a500, 
    0x0b2405ef, 0x1c401f00, 0x09f34618, 0x0809916c, 0x0b000b24, 0x09042321, 0x11332b18, 0x33333634, 0x06222315, 0x5da51115, 0x23b0b04c, 0x473b022c, 
    0x242c5058, 0xd182c6fd, 0x2f2c4b82, 0x08020000, 0x1300c102, 0x32403500, 0x0325ef82, 0x01010585, 0x05cf5c01, 0x004d3b27, 0x60000606, 0x07ee5007, 
    0x0d101230, 0x090a0b0c, 0x05060708, 0x01130004, 0xf4500813, 0x35332309, 0x67821533, 0x16141122, 0x01386e82, 0x9e524463, 0xe1e15a9e, 0x4fa01b21, 
    0x52430142, 0xfe529b9b, 0x52231cbd, 0x1b246f8a, 0x3b403e00, 0x062a6f84, 0x0a0b0001, 0x00080702, 0x7a8c6707, 0x09080829, 0x09090060, 0x824e0939, 
    0x001b25a9, 0x2316181b, 0x07744418, 0x1f090c27, 0x3335372b, 0x08025c35, 0x63687b83, 0x22232605, 0x55353526, 0x217e8478, 0x8082b4b4, 0x5244a025, 
    0x839a4bef, 0x4b9a2282, 0x2683825e, 0x005e424f, 0x8400ffff, 0x21032ff7, 0x4c012602, 0x07010000, 0x12026d06, 0xb3554700, 0xb0472305, 0x72822b35, 
    0x2f000138, 0x080235ff, 0x2500c102, 0x0a408700, 0x07080109, 0x0801011e, 0x2c544c02, 0x002f3405, 0x85040304, 0x00080100, 0x80000108, 0x02020106, 
    0x4e055f03, 0x585405aa, 0x4d392106, 0x092b4582, 0x09010a5f, 0x4e093d09, 0x8c2c401b, 0x00002731, 0x0009010a, 0x39946309, 0x594e0824, 0x3d821240, 
    0x24002523, 0x23f58411, 0x0b211415, 0x0520f482, 0x0c494d18, 0x7641fe88, 0x07544305, 0x4609012a, 0x32371b16, 0x9e36301c, 0x20068441, 0x051d7299, 
    0x1737cb29, 0x4b1a110d, 0x4135490d, 0x25720a93, 0xff002206, 0x20ef82ff, 0x41ef8310, 0x00250513, 0x027a0607, 0x28838294, 0xff5a0001, 0x02fe01f6, 
    0x091f7226, 0x43183b20, 0x1f720e90, 0x5f2b3420, 0x37405a72, 0x745a4138, 0x0161710a, 0x3ca2fe5e, 0x833c4747, 0x71612107, 0x20081f72, 0x20778211, 
    0x0c0f4551, 0x03207784, 0x70201789, 0x890cab6f, 0x966f2017, 0x07f34317, 0x09204785, 0x68205f88, 0xf4202f8c, 0x27211786, 0x2f178406, 0x6b060701, 
    0xe3006202, 0x03b10800, 0xb0e3b001, 0x8506bf57, 0x832b9143, 0x222ba77b, 0x964e026a, 0x90cc2057, 0x82732083, 0x245791a3, 0x02fe012b, 0x72c78826, 
    0x0f410de7, 0x72678309, 0x0123064b, 0x883903fe, 0x1874202f, 0x08084742, 0x5802f62e, 0x19009402, 0xb04b4e00, 0x4058500c, 0x0003001c, 0x00700300, 
    0x61000404, 0x00000102, 0x01004d3b, 0x00610501, 0x053f0505, 0x1b401b4e, 0x03211e82, 0x2e1d9585, 0x23094059, 0x23231213, 0x1c090611, 0x7111372b, 
    0x322009aa, 0x0805bf4e, 0x1411232a, 0x26222306, 0x37405a5a, 0x23464138, 0x742f2b4b, 0xc8725f5f, 0xa2fe5e01, 0x3e45453e, 0x4b235e01, 0xfe342b50, 
    0x717161e3, 0x2108ff72, 0xcb830358, 0x0b425e20, 0x832b200e, 0x85cb82b3, 0x02782217, 0x8a2f9457, 0x580221fb, 0x2f85fb84, 0x6b42fb84, 0x20178205, 
    0x2047880c, 0x0cff7272, 0x20094341, 0x2317896c, 0xe902fe01, 0x20084341, 0x08434173, 0x17823520, 0x1f002622, 0x490cff72, 0xff720928, 0x06602305, 
    0xf95d0001, 0x07ff7205, 0x01046424, 0x268a0202, 0x2d06ff72, 0x12131c1e, 0x0b0c0e10, 0x1f000608, 0xff721f01, 0x05934e08, 0x11331126, 0x35323314, 
    0xd95d0683, 0x06864e0a, 0x785a7025, 0x4e575a78, 0x7d4e0585, 0x5e012507, 0x8282a2fe, 0x7f210583, 0x06804e34, 0x20090f42, 0x20cb8844, 0x0c074371, 
    0x17880c20, 0xe3867220, 0x00003627, 0x26022202, 0x0efb7200, 0x724d3b21, 0xf13f1ffb, 0x0b7861bb, 0x0e050410, 0xbb5f780a, 0x8efe2602, 0x11113d21, 
    0x7201213d, 0x0000dafd, 0x821f0001, 0x82392057, 0x001e2857, 0x1a244027, 0x7203060f, 0x3b2108fc, 0x0ac56f4d, 0x3e29fc72, 0x384e5a79, 0x02010603, 
    0x5a450405, 0x01070445, 0x3a030602, 0x3f635e4a, 0x01020704, 0x82420508, 0x167c2981, 0x35111135, 0xfe840116, 0xfd300988, 0x1c7c01da, 0x3f11113f, 
    0x0084fe1c, 0xffff0000, 0x03259785, 0x01260211, 0x0c7b426a, 0x178aaf84, 0x85075744, 0x88092017, 0x4168202f, 0x2f8f064f, 0x4e026a22, 0x210ae357, 
    0xff720026, 0x4d3b2311, 0x247a0304, 0x21ff7208, 0xc3324108, 0x076d6ab7, 0x0d03040d, 0xb76a6d07, 0x07766ac2, 0x0f04050d, 0x1b017608, 0x0baa0b01, 
    0x1a08081a, 0xf4feaa0b, 0x0bb4e6fe, 0x1d09091d, 0x0100b40b, 0x4cff3600, 0x26022202, 0x22000d00, 0x01071f40, 0x08e74618, 0x2005cc41, 0x22a1843d, 
    0x720d000d, 0x172105fe, 0x0afe7237, 0x51b2013f, 0x088261cd, 0x0e03030e, 0xfe5f7907, 0x02d6b4ee, 0x14acfe04, 0x2c10102c, 0xfd540114, 0x21da8226, 
    0x5f85ffff, 0x02110325, 0x41700126, 0x77840c3b, 0x3b41178a, 0x20178507, 0x412f8809, 0x3622073b, 0xa7832bff, 0x78241788, 0x0000f802, 0x6a205f92, 
    0x85065b52, 0x88392047, 0x07e7432f, 0x02211784, 0x201788e9, 0x069b4173, 0x03211784, 0x4217880c, 0x5a2607eb, 0xfe010000, 0xff722602, 0x4d3b2114, 
    0x3222ff72, 0xfe34015a, 0xfe9101d4, 0x5a4501c6, 0x5a527a01, 0x835286fe, 0x845784b7, 0x417920ff, 0x178f0c17, 0x8308c346, 0x09032187, 0x2f859f82, 
    0x2a07df62, 0x0200005c, 0x02da021c, 0x82870006, 0x00012247, 0x220f8241, 0x82da022b, 0x0a375eaf, 0x375e3820, 0xc8412e25, 0xc80e01b4, 0x52360252, 
    0xff5278fd, 0x214b85ff, 0x7382b603, 0xa3847e20, 0xc76e9120, 0x88638606, 0x586d2017, 0x00240503, 0x0210ff41, 0x27247b83, 0x5d027a06, 0x06218782, 
    0x86378201, 0x82a72047, 0x03272793, 0x01290129, 0x17840313, 0xb1090023, 0x474a1800, 0x3253860a, 0x34001100, 0x0d0e3140, 0x05060b0c, 0x00080304, 
    0x5b4c0101, 0xfc5e0964, 0x0011230f, 0x01821511, 0x1a09062b, 0x3335332b, 0x37350735, 0x06235a35, 0x15331126, 0x8c8cc841, 0x8c2bce82, 0xf352c88c, 
    0xf35f505f, 0x82f7fe52, 0xd1fe2206, 0x3cca8252, 0x23000100, 0x2402f6ff, 0x1900c102, 0x3c403f00, 0x03020300, 0x01070085, 0x06070106, 0x0c6c4a80, 
    0x0c8c5118, 0x4a141621, 0x19220ce9, 0x91621901, 0x49112007, 0x32210c72, 0x05e34636, 0x70012108, 0x96966354, 0x32e1e15a, 0x58312b2b, 0x54620a61, 
    0x9b522801, 0xd8fe529b, 0x2f37372f, 0x62540303, 0x21248b8d, 0x45404800, 0x092e8b85, 0x09070807, 0x01068008, 0x020b0c00, 0x034b0907, 0x610a2711, 
    0x3f0a0a00, 0x41824e0a, 0x21002126, 0x17191c1e, 0x2008054b, 0x17054b0d, 0x0b4b9787, 0x84642005, 0xc8c8219a, 0x53229c85, 0x0e4b6354, 0x87432008, 
    0x5462259e, 0xffff0043, 0x25052b41, 0x26022103, 0x134b8401, 0xff233418, 0x02240235, 0x002d00c1, 0x090a4098, 0x26070901, 0x4b090101, 0x36200713, 
    0x2d05e14a, 0x02070208, 0x00800708, 0x09000901, 0xe04a7201, 0x6109260e, 0x3f090900, 0x2bcf824d, 0x010b5f0a, 0x0a3d0a0a, 0x34401b4e, 0x00283892, 
    0x0b000080, 0x0a000a01, 0x850f224b, 0x4e092441, 0x82144059, 0x002d2745, 0x2222252c, 0x00821123, 0x21141523, 0x1d244b0c, 0x4b091941, 0x19220e2c, 
    0xc1413f38, 0x0553220a, 0x0b734e04, 0x5a104423, 0x0fd14143, 0x0b675818, 0x10ff2326, 0xc1022402, 0x4b053741, 0x033b0837, 0x42ff3200, 0x30024602, 
    0x32002600, 0xd1004000, 0x01080a40, 0x01070604, 0x74020509, 0x2a3506aa, 0x0006010b, 0x04060504, 0x00050069, 0x09050809, 0x03010767, 0x075f5203, 
    0x08010c27, 0x0a5f0008, 0x05414801, 0x31b04b26, 0x32405850, 0x00203190, 0x6408726a, 0x3b2107cb, 0x21398d4d, 0x34902f40, 0x57822082, 0x63000822, 
    0x25083d92, 0x59594e03, 0x33352340, 0x00012728, 0x4033393c, 0x2c2e4035, 0x32283227, 0x191b1d1f, 0x10111213, 0x26000d0f, 0x67552501, 0x35262106, 
    0x089e5418, 0x17323325, 0x4e231533, 0x232405f8, 0x33152322, 0x64050a4f, 0xc95a057d, 0x16142105, 0x08b25b18, 0x06225308, 0xe2161415, 0x512d5033, 
    0x6e3a3440, 0xde192e5e, 0x6c3329b9, 0x7708095c, 0x2e2e4f34, 0x3866344f, 0x38384040, 0xa6074242, 0x26313126, 0x323225a6, 0x304929be, 0x5f0a5742, 
    0x50395013, 0x014a0a5e, 0x4b302d05, 0x4a2a4e57, 0x29493031, 0x2e36dc01, 0x0383362e, 0x3072fe25, 0x83302727, 0x00002403, 0x41ffff00, 0x03250583, 
    0x01260211, 0x0c7f4589, 0x42ff3224, 0x178a4602, 0x1f467020, 0x45178f06, 0x178f0797, 0x8507c746, 0x88702017, 0x8c76205f, 0x88092047, 0x07c74517, 
    0x42ff5a25, 0x8303fe01, 0x84912017, 0x0269228f, 0x210782e3, 0x17830001, 0x2602ee26, 0x58001500, 0x2005e941, 0x0051181e, 0x06be620a, 0x02020025, 
    0x42056100, 0x4021060f, 0x2020881b, 0x22138202, 0x62650002, 0x0332087f, 0x1140594e, 0x10110001, 0x090b0e0f, 0x15000506, 0xa27e1501, 0x35262406, 
    0x71153335, 0xa66105e7, 0x06260806, 0x5b3c2401, 0x313f5a33, 0xf3fe3e32, 0x5b336701, 0x3a5832be, 0x40344a4a, 0xce013440, 0x3ae0fd52, 0x00003258, 
    0x9f83ffff, 0x036c0223, 0x85cf8211, 0x856e20b7, 0xfbff35b7, 0x1f02f6ff, 0x1300da02, 0x2f403200, 0x03010400, 0x80030401, 0x840d2f61, 0x003f26b2, 
    0x1000014e, 0x0631610f, 0x13011322, 0x35219186, 0x06316111, 0x3c084c45, 0xa6675860, 0x2f360001, 0x665a362f, 0x0157660a, 0xd9fd52d5, 0x313c3c31, 
    0x66574b4b, 0x858b8300, 0xb6032173, 0x93208b82, 0x07241082, 0x30029106, 0x8b821789, 0x6d062729, 0x00005802, 0x82010602, 0xffff211f, 0x10202f82, 
    0xaf46a384, 0x21178209, 0x47840200, 0xbb844d20, 0x43001f29, 0x04004040, 0x83050305, 0x080627bd, 0x06040501, 0xc68e6905, 0x00010730, 0x4e003f00, 
    0x00011415, 0x1f14191b, 0xce8b1f15, 0x210a2146, 0x61411121, 0x33352505, 0x13061415, 0x220bd863, 0x82685861, 0x2f372ada, 0x675a372f, 0x2d2d2541, 
    0x88038225, 0x3a3a30e2, 0x57292931, 0x2c230166, 0x2e2e2523, 0x822c2325, 0x840120db, 0x821f20a3, 0x001b3ca3, 0x1b354038, 0x0708090a, 0x03070102, 
    0x02010000, 0x004c0203, 0x00020003, 0x7b800203, 0x04310ca8, 0x04040061, 0x234e043f, 0x13112713, 0x2b1b0905, 0x092f4737, 0x8406fb41, 0x82232099, 
    0x23352299, 0x2190827e, 0x6d419a9a, 0x58592d05, 0x5550e667, 0xeefe52fd, 0xc5685068, 0x22077341, 0x61885766, 0x23270a5f, 0x0ab66400, 0x61050203, 
    0x1d28085f, 0x03040500, 0x80030504, 0x200e6761, 0x06666102, 0x1f872120, 0x3b21a482, 0x0d6e614d, 0x59222385, 0x1b821040, 0x23002327, 0x13231323, 
    0x086d6124, 0xdc571720, 0x069f7405, 0x2108bd60, 0xb3592315, 0x11220806, 0x0102513c, 0x24252e05, 0x31070b32, 0x56403526, 0x201b1a1d, 0x1a1a1f50, 
    0x4926021f, 0x23292d26, 0x6c612923, 0xcccd2109, 0x82057261, 0x00013268, 0x02000022, 0x00260236, 0x402e0018, 0x060f172b, 0x0f4c7c03, 0x7c0c864c, 
    0x3808234c, 0x2f524a6c, 0x02010603, 0x58450608, 0x010c0543, 0x2e030602, 0x57674b4e, 0xfe26025a, 0x0b391684, 0x0116390b, 0x16f1fe0f, 0x370c0c37, 
    0xfd7c0116, 0xfe5f01da, 0xff0000a1, 0x258b85ff, 0x26021103, 0x9f449a01, 0x8aa3840c, 0x076f4417, 0x09201785, 0x374b2f88, 0x222f8f07, 0x824e026a, 
    0x0002224f, 0x2feb8264, 0x00da0237, 0x00090003, 0x082c402f, 0x02010205, 0x21071e69, 0xe8820202, 0x82040321, 0x01392cfd, 0x0004044e, 0x04090400, 
    0x82060709, 0x1103292b, 0x2b170906, 0x11331133, 0x3405537c, 0x04015a64, 0xe571e6f6, 0xfdda02f9, 0x01220126, 0xfefdfe04, 0x23bf84dd, 0x0210ff64, 
    0x27225f83, 0x73437a06, 0x859f2006, 0x24778417, 0x02060226, 0x08af4a4b, 0x87820920, 0x35001633, 0x01053240, 0x01010602, 0x67010200, 0x03040400, 
    0x0604725f, 0x08000029, 0x0801095f, 0x83083908, 0x001623ba, 0x866b1116, 0x0a112b05, 0x332b1e09, 0x23113335, 0x896b3335, 0x15333f0d, 0x9b9b9b41, 
    0x93934852, 0xd3d3d340, 0x50390152, 0x50494175, 0xfe50753a, 0x010052c7, 0x83824600, 0x27022333, 0x6e001400, 0x501eb04b, 0x0107b558, 0x4c010100, 
    0x2307831b, 0x594c0104, 0x40331484, 0x01010419, 0x035f0201, 0x3b020201, 0x0001054d, 0x6c5f0600, 0x1b22060b, 0x2f822340, 0x00221a87, 0x25940404, 
    0x0f405922, 0x1425e182, 0x21131400, 0xaa451824, 0x08ac8507, 0x3633152a, 0x15373736, 0x15062223, 0x46153315, 0x01da8791, 0x64394e0d, 0xd34d4263, 
    0x52820152, 0x01493e88, 0x3a435b01, 0xffff52fd, 0x0327ab85, 0x06270011, 0x8276026b, 0x010624b7, 0x8c0000a3, 0x026f2217, 0x22178b6c, 0x830210ff, 
    0x062724db, 0x871c027a, 0x0ae74d17, 0x22001527, 0x050b1f40, 0x26c08202, 0x0101024c, 0x824d3b01, 0x600332a4, 0x3d030300, 0x18234e03, 0x09042014, 
    0x33172b1a, 0x4da08232, 0x032f0aeb, 0x23230606, 0x25196642, 0x61cd120b, 0x4d0f0782, 0xdb2c05f3, 0x75314c13, 0x2a191e61, 0x8afe2602, 0x2406f84d, 
    0x379afd76, 0x0c974d3d, 0xbf42a720, 0x09f74d0c, 0xf74d1785, 0x4d178511, 0x178511f7, 0x8511f74d, 0x11f74d17, 0xf74d1785, 0x4d178511, 0x178511f7, 
    0x2608f74d, 0xfc01f6ff, 0x65002602, 0x03220577, 0x9a490102, 0x05132306, 0xa8510204, 0x058f5d06, 0x4e003925, 0x8717401b, 0x00002215, 0x08135b39, 
    0x4e013f22, 0x20107765, 0x05507501, 0x26222323, 0x09135335, 0x5afc0128, 0x3f4c0701, 0x5b6c6352, 0xfd263505, 0x3c3769da, 0x72015866, 0x433f9efe, 
    0x5e014046, 0x5a000200, 0x03218f83, 0x258f8211, 0xb56a0018, 0x91890103, 0x05001e2c, 0x08850506, 0x06020601, 0x9c930785, 0x20922220, 0x1524a790, 
    0x00001515, 0x82055474, 0x23142863, 0x09112413, 0x942b1a09, 0x372723af, 0xb38d0733, 0x616ab024, 0xb791026f, 0x8c8c5f23, 0x28bb8a00, 0x0022000d, 
    0x0111b57a, 0x08fe6e07, 0x0103223b, 0x85010201, 0x01090200, 0x00020600, 0x02080a69, 0x4d3b0606, 0x04070700, 0x06e46c62, 0x26401b22, 0x04222496, 
    0x29833904, 0x62052508, 0x3f050500, 0x40594e05, 0x010e0e1d, 0x0e220e00, 0x1a1d1f22, 0x10141619, 0x080a0b0f, 0x00030406, 0x0b0d010d, 0x20064b6b, 
    0x08cc7a33, 0x89411720, 0x482c2a14, 0x28304758, 0x58473129, 0x0c934188, 0x41508029, 0x27303027, 0x415a5041, 0x0020119c, 0x062de38b, 0x75001b00, 
    0x01050a40, 0x010a0001, 0x08d14b06, 0x00001f3a, 0x08850001, 0x05010202, 0x07098501, 0x3b050502, 0x0606004d, 0x01046203, 0x20060f47, 0x82219323, 
    0x2126831b, 0xba476204, 0x59240805, 0x07071940, 0x1b070000, 0x16181b07, 0x0d0f1213, 0x06000809, 0x11110600, 0x2b18090a, 0x17333713, 0x05072723, 
    0x7728d793, 0x638c538b, 0x20015052, 0x8525d48c, 0x4e4e8c8c, 0x20d0935f, 0x066f4203, 0x0b00092a, 0x2c001700, 0x1bb5a200, 0x2806b541, 0x40585011, 
    0x09020a21, 0x27ae8203, 0x01010361, 0x0b4d4001, 0x2009b441, 0x07b44161, 0x18b04b22, 0x1f232882, 0x84010103, 0x0106232b, 0x26936900, 0x93234021, 
    0x07d84121, 0x3b066856, 0x21405959, 0x0c0d1818, 0x2c180001, 0x27292c18, 0x1e202324, 0x1113191a, 0x170d170c, 0x2015296d, 0x0a5c4923, 0x25140f41, 
    0x231d9b01, 0x03821d23, 0x0786fb20, 0x41220121, 0x346d0c19, 0x073c6d08, 0x25416320, 0x00023111, 0x012bff5a, 0x002602fc, 0x0020000b, 0x010fb568, 
    0x3209fc48, 0x0701001b, 0x00010001, 0x02060865, 0x4d3b0404, 0x71050500, 0x392505dc, 0x401b4e02, 0x221d8f1f, 0x83390202, 0x61032b22, 0x3f030300, 
    0x40594e03, 0xed820c19, 0x0c200c2b, 0x181b1d20, 0x0e121417, 0x4ae7850d, 0x3428074c, 0x16323336, 0x13061415, 0x2213eb41, 0x6e212c01, 0xaf20050c, 
    0xd520d28b, 0x0221c987, 0x43ca91fb, 0x03260aa3, 0x6d001800, 0xcb8a07b5, 0x82001e21, 0x078526c8, 0x01040101, 0x20ce8a85, 0x06ec5562, 0x22401b22, 
    0xd1872092, 0xd1876220, 0x0404183d, 0x18040000, 0x13151804, 0x0a0c0f10, 0x03000506, 0x09110300, 0x012b1709, 0x43173327, 0x0b24158c, 0x926e6473, 
    0x220c9741, 0x428c8c85, 0x022014af, 0x2d06af42, 0x000e0039, 0xb5a60023, 0x05060112, 0xc4584c01, 0x08232805, 0x05000201, 0x82720200, 0x020024c6, 
    0x43670001, 0x61200a7e, 0x42077e43, 0x242005af, 0x05212a86, 0x212b9b80, 0x26982840, 0x4b07af43, 0x5933066a, 0x0f194059, 0x0f00000f, 0x20230f23, 
    0x171a1b1e, 0x82101115, 0x210e35a1, 0x18090a24, 0x3637012b, 0x23233435, 0x16323335, 0x07071415, 0x2a150341, 0x200e3202, 0x2f266950, 0x41a52811, 
    0x3f290d09, 0x41140d13, 0x16202327, 0x12114134, 0x79000121, 0x942805a3, 0x8f001c00, 0x020119b5, 0x2c080d41, 0x0104001e, 0x00700401, 0x5f010505, 
    0x05ff4703, 0x00020225, 0x18070661, 0x200c6056, 0x2125821d, 0x24988504, 0x90214021, 0x0606221f, 0x05fc5b39, 0x0d4d0720, 0x32fa8205, 0x18000115, 
    0x12151617, 0x0a0d0f11, 0x00040508, 0x671c011c, 0x0f5a0754, 0x35232613, 0x01060623, 0x0605470f, 0x4b234824, 0xf1832f2d, 0x58660a2a, 0x98fe7201, 
    0x4044403a, 0x2307145a, 0x3c37691b, 0x21057b4e, 0x135a02f6, 0x48b82005, 0x5a210c63, 0x07135aff, 0x78201785, 0x8510135a, 0x11135a17, 0x33481785, 
    0xff5a2107, 0x0c235f83, 0x85012602, 0x051b4817, 0x83000321, 0x03102c17, 0x00030011, 0x001c0007, 0x460bb577, 0x1f2c0ad1, 0x0a000102, 0x01030903, 
    0x67010006, 0x9315f244, 0x0ff24421, 0x08204036, 0x00040408, 0x081c0800, 0x1417191c, 0x0a0e1013, 0x04070409, 0x073d7118, 0x17090c28, 0x3337012b, 
    0x03822107, 0x2515e044, 0x735c6e46, 0x0482f6fe, 0x42120121, 0x8c200d37, 0x31420082, 0x08c34612, 0x82e90221, 0x001822d7, 0x0d034496, 0x0101072a, 
    0x005f0001, 0x4d380000, 0x2613d244, 0x5021b04b, 0x92224058, 0x0eda4425, 0x20401b2b, 0x01070000, 0x01000401, 0x8e488767, 0x59592222, 0x192c4440, 
    0x21351323, 0x14284315, 0x40018c23, 0x23e88c30, 0x784b4b9e, 0x2e12e944, 0x00010000, 0x0235ff5a, 0x00260220, 0x43a00023, 0x0a2605f7, 0x02030107, 
    0x04820106, 0x401b4c22, 0x05240c86, 0x594c0203, 0x2005d25f, 0x0a9b5b1d, 0x0101052b, 0x004d3f01, 0x5f000606, 0x08815307, 0xfc821820, 0x06001a22, 
    0x06221082, 0x2c8f6300, 0x1b4e0124, 0x1c8e1e40, 0x4a050521, 0x59290d26, 0x00011540, 0x1a1b2022, 0x061f4519, 0x01230023, 0x072c4323, 0x37363426, 
    0x06062335, 0x210d334a, 0x12821133, 0x2505da60, 0x4337d201, 0x414a2921, 0x105a2d0a, 0x191e1e21, 0x2835cb3c, 0x671e371b, 0x210d4a4a, 0xfe73dafd, 
    0x00002205, 0x06334503, 0x47004421, 0x842005e3, 0x8308e347, 0x00252ace, 0x02030001, 0x0a690301, 0x079c4901, 0x2014cd42, 0x42279929, 0xc54710d3, 
    0x3227212e, 0x4109b87f, 0x012514f3, 0x4242362c, 0x23038336, 0x1b21211b, 0xeb200382, 0x240c0142, 0x33333f60, 0x2903833f, 0x1c1c2135, 0x1c1c2222, 
    0x10426f21, 0x073b4613, 0x19000c2d, 0xfc002e00, 0x09011db5, 0x764c0108, 0x2308052e, 0x0101002a, 0x01056103, 0x4d400303, 0x00020b02, 0x00610400, 
    0x4d380404, 0x08020a0c, 0x004d3b08, 0x61060909, 0x4207144e, 0x2820054a, 0x00252c82, 0x01030401, 0x242fa169, 0x4058502e, 0x212f882a, 0x31830400, 
    0x00040823, 0x225d876a, 0x83390606, 0x61073c62, 0x3f070700, 0x401b4e07, 0x03050038, 0x01050301, 0x04020080, 0x00020400, 0x85030080, 0x0400246b, 
    0x9a00010b, 0x593e083a, 0x21405959, 0x00011a1a, 0x2e1a2e1a, 0x2526292b, 0x1b1c2022, 0x11131516, 0x08090c0e, 0x19000406, 0x090d1901, 0x22012b16, 
    0x2223022e, 0x35231515, 0x32333634, 0x3233021e, 0x15333535, 0x7d410614, 0x1e722915, 0x11181a26, 0x2832411e, 0x31210886, 0x0c7f4161, 0x1c158a28, 
    0x1e1e2315, 0x0787322d, 0x7e416420, 0x003e0813, 0x00230001, 0x022e0200, 0x001700e4, 0x003a403d, 0x02030201, 0x07800301, 0x01060301, 0x04030504, 
    0x02020067, 0x01086100, 0x4d3e0000, 0x39050500, 0x00014e05, 0x11121314, 0x0d0e0f10, 0xbd820b0c, 0x17000325, 0x83091701, 0x183220be, 0x2408066b, 
    0x23153315, 0x21018211, 0xca823335, 0x75012008, 0x36586653, 0xe1372b2b, 0x96965ae1, 0x62e40268, 0x37372f54, 0xfe528f2f, 0x524d01b3, 0x8262548f, 
    0x82412083, 0x05875083, 0x34403722, 0x2c097d50, 0x01010106, 0x01055f02, 0x4d3b0202, 0x50828207, 0x84313f89, 0x49412a50, 0x502a3a50, 0x00527cfe, 
    0x00010000, 0x7c778237, 0x2f27057f, 0x03002c40, 0x825f0203, 0x4d3822ee, 0x256b8205, 0x01045f01, 0x77830101, 0x2a32817c, 0x412852d4, 0x283a524b, 
    0x822cfe52, 0x00022e67, 0x01c201af, 0x00e402a4, 0x0025001b, 0x174d188f, 0x502e2208, 0x2d758358, 0x03020102, 0x04008001, 0x04030200, 0x95826902, 
    0x0106072b, 0x01096707, 0x06000006, 0x1c4d1859, 0x00062309, 0x48181b51, 0x2e8207c3, 0x00060525, 0x93000506, 0x88052036, 0x01082236, 0x18358200, 
    0x2209224d, 0x18251d25, 0x2907224d, 0x1b000507, 0x0b0a1b01, 0xe4782b16, 0x06927e06, 0x2008d67d, 0xbe411823, 0x23470808, 0x16141522, 0x362d1201, 
    0x235a3138, 0x03241a1e, 0x313d0532, 0x032f3e35, 0x2716330a, 0x22375a2c, 0x272fc201, 0x171d2e27, 0x2612161b, 0xc32a302a, 0x26201c37, 0x2d1a1f24, 
    0x00001a16, 0x01b90002, 0x029f01bd, 0x820d00df, 0x403122fd, 0x27df822e, 0x03010203, 0x02010569, 0x59201d82, 0x23088073, 0x0f510002, 0x0f8b6418, 
    0x7f739d86, 0x3f342319, 0x0383343f, 0x24241d23, 0x2603821d, 0x2f3abd01, 0x843a2f50, 0x24282304, 0x1282501d, 0x00200483, 0x09b37618, 0x02da0223, 
    0x20818206, 0x20978200, 0x06fb415e, 0x15000c23, 0x27978300, 0x04050002, 0x00670502, 0x08066a47, 0x004d1a2d, 0x5f030404, 0x03030106, 0x004e031b, 
    0x0f131500, 0x000c000d, 0x1111210b, 0x2b190707, 0x15211133, 0x32331521, 0x06141516, 0x45332723, 0x2328052c, 0xfe96015e, 0x796879c4, 0x3e310283, 
    0x793e4646, 0xd852da02, 0x77616276, 0x3e3d4952, 0x20878548, 0x8277855d, 0x821a2087, 0x00012210, 0x200f8282, 0x6b68182b, 0x257d8808, 0x02020103, 
    0x7882021b, 0x00050028, 0x04111105, 0x73851807, 0x01821125, 0x82b1fea9, 0x78fd2157, 0x3f844f85, 0x02b60325, 0x82cb0126, 0x06072410, 0x89760291, 
    0x39033757, 0x47000700, 0x500db04b, 0x00174058, 0x01000001, 0x02020070, 0x21825f00, 0x044d1a22, 0x1b22db85, 0x19821640, 0x90850121, 0x40592218, 
    0x2627820c, 0x11070007, 0x85051111, 0x333523f3, 0x81822115, 0x83555421, 0xb15f2182, 0x00278384, 0xff190002, 0x823f0274, 0x0e2308c3, 0x33001500, 
    0x05083040, 0x03000302, 0x07070053, 0x01005f01, 0x064d1a01, 0x00000202, 0x04005f04, 0x82041b04, 0x111227d2, 0x0e000f10, 0x57820e00, 0x11143f08, 
    0x2b1b0709, 0x36333517, 0x21133736, 0x23153311, 0x37152135, 0x03231133, 0x2d190606, 0x07012411, 0x50467601, 0xfb3b7afe, 0x200105c6, 0x791ed98c, 
    0xfdb00146, 0x8c8cd973, 0xfe3d02d9, 0xeb824da0, 0x00ffff2d, 0x02000064, 0x02da0208, 0x54250006, 0x082408e7, 0x2602b103, 0x00260f83, 0x028e0607, 
    0xfb820062, 0x82060021, 0x82522027, 0x001536a7, 0x0c334036, 0x01060201, 0x01034c01, 0x06010801, 0x67060105, 0x29a58304, 0x090a4d1a, 0x05050307, 
    0xd279051b, 0x20a48206, 0x2b038212, 0x070b1211, 0x13332b1f, 0x33133303, 0x0b5d6a18, 0xaa832320, 0x5e7c862c, 0x304c2e6a, 0x877d5e68, 0x0882755d, 
    0x7b017428, 0xc1fe5f01, 0x03843f01, 0x86fea026, 0xa9fe5701, 0x00270383, 0xff340001, 0x181602f6, 0x20079770, 0x05d36a26, 0x04050626, 0x80040605, 
    0x30083b5a, 0x01030004, 0x00670304, 0x61070505, 0x1f070700, 0x0885454d, 0x00202208, 0x2000014e, 0x181a1b1e, 0x0f101216, 0x0507090d, 0x012d0004, 
    0x1607092d, 0x2622052b, 0x16332726, 0x078c4216, 0xdb6a3520, 0x34232409, 0x5b333636, 0x500805f9, 0x16161507, 0x06061415, 0x6b462301, 0x025a013d, 
    0x53434153, 0x57564353, 0x38464739, 0x395a4a3b, 0x61404264, 0x3e344137, 0x0a6e3d4e, 0x3a3e5f35, 0x3c3c4b48, 0x3644504b, 0x3a484135, 0x30355e3f, 
    0x5b3c3855, 0x670b030d, 0x355e3e47, 0x01000000, 0xab691800, 0x0710210c, 0x2008c362, 0x053d631a, 0x2405c342, 0x11110011, 0x06444216, 0x82113321, 
    0x1807207e, 0x3f091d6a, 0x0403575a, 0x5778de02, 0xdf020503, 0x66feda02, 0x19495124, 0x26fd7102, 0x51259a01, 0x8ffd1849, 0x08e36818, 0x2602b624, 
    0x7382d301, 0x95060722, 0x2f06cf5b, 0x0200005c, 0x02da0230, 0x00510006, 0x00ffff00, 0x03200f84, 0x0f832782, 0x07d36918, 0x1434a382, 0xfa01fbff, 
    0x0f00da02, 0xb04b4d00, 0x4058502e, 0x03030017, 0x82069b42, 0x61022650, 0x02020405, 0x22aa8202, 0x8a1b401b, 0x20128219, 0xbe69184d, 0x04222108, 
    0x08065054, 0x0e000f36, 0x21131111, 0x2b1a0706, 0x32333517, 0x21133736, 0x23112311, 0x23060603, 0x272c1214, 0x78010801, 0x0207c55a, 0x54055651, 
    0xdc01604f, 0x880226fd, 0x7d8676fe, 0x48209f83, 0x1020af82, 0x5920af84, 0x5d24af84, 0xfb010000, 0x40200f84, 0x088f4a18, 0xe4020022, 0x6020cf82, 
    0x01227782, 0x1f825e00, 0x0724b783, 0x1e402100, 0x260a9f43, 0x01010203, 0x434e011b, 0x86830f9d, 0x015e1127, 0x02e85a9c, 0x217683da, 0x134178fd, 
    0x84262006, 0x847a2063, 0xff5c2463, 0x840a02f6, 0x841b2063, 0x8237200f, 0x84212093, 0x6589201f, 0xda200a0f, 0x21109364, 0x92444d1a, 0x05936409, 
    0x2b180723, 0x0c936433, 0x4abf2108, 0x0d8362d7, 0x0e020210, 0xfe62730b, 0x1d02bdf9, 0x3d229bfe, 0x223d0f0f, 0x26fd6501, 0x3200ffff, 0x26266b82, 
    0x2602b603, 0xc741df01, 0x03003909, 0xe7ff2e00, 0x02032a02, 0x1f001700, 0xb2002700, 0x500fb04b, 0x002c4058, 0x023ae582, 0x05010a70, 0x71050000, 
    0x09010103, 0x01070601, 0x0b086a06, 0x00000702, 0x07835907, 0x61000729, 0x07000104, 0x4a1b5100, 0x2b200532, 0x05213389, 0x21329f86, 0x2d822a40, 
    0x83850221, 0x312ca060, 0x1a405959, 0x00001818, 0x20212627, 0x1f181f18, 0xac82191a, 0x17172308, 0x11171111, 0x2b1b070c, 0x26223517, 0x34353526, 
    0x35333636, 0x16321533, 0x14151516, 0x15230606, 0x4d181127, 0x1d8208fd, 0xff232634, 0x36375e3c, 0x3d5a3c5f, 0x5e37365e, 0x4938563c, 0x03828a49, 
    0x19382608, 0x3f5d3450, 0x355f41db, 0x5f354b4b, 0x5d3fdb41, 0x019c5034, 0xdb4049e8, 0x3d47473d, 0x004940db, 0x2800ffff, 0x07eb4200, 0x0000a726, 
    0x4b000100, 0xf9300482, 0x0f00da02, 0x22402500, 0x00000200, 0x67000204, 0x0124f282, 0x01054d1a, 0x82066845, 0x110f221c, 0x05ab4223, 0x4c112121, 
    0x333b09c3, 0x01113311, 0x6a5e8c9f, 0x82393f5a, 0x600f015a, 0xfe170154, 0x013430e9, 0x8226fd7b, 0x5e002556, 0x350274ff, 0x0b2a5b82, 0x26402900, 
    0x02050106, 0x59855405, 0x0201042b, 0x00600002, 0x001b0000, 0x2305824e, 0x110b000b, 0x07260083, 0x052b1b07, 0x55822135, 0x33345983, 0xfee50115, 
    0x5ad85a79, 0x028c8c4b, 0x0276fdda, 0xdc76fd8a, 0x01212d82, 0x050f7e00, 0x0b00da22, 0x6e45b383, 0x21588306, 0x64826005, 0x8b067245, 0x03332153, 
    0x57844f84, 0x55023e26, 0x54764a77, 0x74235082, 0x83fd8c02, 0x20aa8203, 0x23538200, 0x530274ff, 0x0f32ab82, 0x2a402d00, 0x02070108, 0x03055407, 
    0x1a010102, 0x6182064d, 0x0f22ad8b, 0xad840f00, 0x09111124, 0xaf8b1d07, 0x152a5f83, 0x39fe0302, 0x78467851, 0xb5843f51, 0x74216487, 0x246382da, 
    0x0183ff5e, 0x296382fa, 0x4b4d000b, 0x58500ab0, 0xaf821940, 0x82069542, 0x02002168, 0x04296682, 0x1b000001, 0x401b4e00, 0x211b8318, 0x30418605, 
    0x221a8b05, 0x410e4059, 0x17220e33, 0xdb842335, 0x2311332b, 0x5aa1ff15, 0x7da15ae8, 0x25e0827d, 0xfd880278, 0xa3487d26, 0x82262006, 0x000c2677, 
    0x402b0015, 0x24898228, 0x04010304, 0x27458267, 0x03004d1a, 0x05600203, 0x48072548, 0x0624099e, 0x332b1807, 0x32205583, 0x4805e845, 0x24080a9d, 
    0x6342925a, 0x42633737, 0x493b8d92, 0x028d3b49, 0x36d4feda, 0x61404160, 0x3c495236, 0x0200493c, 0x0000fbff, 0x226f8302, 0x4917000e, 0x00210c13, 
    0x072c4500, 0x270c1349, 0x0f111517, 0x0d000e00, 0x21081349, 0x79823523, 0x87237790, 0x8569e68c, 0x64692178, 0x64237883, 0x8d528802, 0x00002279, 
    0x0a1b4203, 0x19000f26, 0x33403600, 0x2d08ed82, 0x06010506, 0x00010369, 0x004d1a00, 0x60020505, 0x03070408, 0x021b0202, 0x000c0c4e, 0x12171900, 
    0x0c0f0c10, 0x000d0e0f, 0x210a000b, 0xf8890911, 0x15152408, 0x21230614, 0x25113311, 0x35363233, 0x23263435, 0x2e543c23, 0x5a6a6a5a, 0xfe540a01, 
    0x3d332e74, 0x832e333d, 0x58662efe, 0x02665733, 0x4f26fdda, 0x3332333c, 0x2dfe823c, 0xfbfffbff, 0xda024402, 0x21001700, 0x2d466a00, 0x00202b05, 
    0x00070002, 0x00690702, 0x08410404, 0x82062006, 0x61032c94, 0x03020508, 0x4e031b03, 0x962a401b, 0x005f2122, 0x4d202082, 0x05272d83, 0x05010861, 
    0x70052205, 0x21230544, 0x82181a1f, 0x11162a62, 0x21132125, 0x2b1b0709, 0x074a4607, 0x16323322, 0x5246be84, 0x08c18906, 0x1d120533, 0x0105011a, 
    0x58483c1e, 0x7b8c4858, 0x48460104, 0x243c5e01, 0x3c242828, 0x3e395005, 0xd4fe1802, 0x46784655, 0xfe8f0255, 0x505f6833, 0x2478242c, 0x2095822c, 
    0x83d48235, 0x001329cf, 0x4033001d, 0x01010330, 0x07248782, 0x02690501, 0x26055741, 0x60040707, 0x44020609, 0x1d270631, 0x0014161b, 0x82130013, 
    0x11112597, 0x1c070a11, 0x42054b42, 0x9787054f, 0x41371121, 0x3d080856, 0x50935035, 0x56564a3c, 0xe3938c4a, 0x2a2a263c, 0xda023c26, 0x2c01d4fe, 
    0x4754d4fe, 0x01544778, 0x4b9dfe63, 0x2678252b, 0xff00002a, 0xff4800ff, 0x021002f6, 0x000602e4, 0x00000081, 0x8b460001, 0x1f002606, 0x45404800, 
    0x9d791800, 0x4d1f221e, 0x07106800, 0x4e002036, 0x1c1d0001, 0x1415181a, 0x0d0f1213, 0x06080a0b, 0x1f011f00, 0x18060549, 0x210ef07f, 0x55183315, 
    0x01230b46, 0x18746434, 0x2108c27e, 0x7f18dfdf, 0x6f2212f6, 0x7f188952, 0xa38208f7, 0xf6ff4e26, 0xe402fc01, 0x3b22a382, 0x36613840, 0x01023209, 
    0x80010002, 0x02000300, 0x67020300, 0x06040400, 0x829e8261, 0x010136a3, 0x07006107, 0x4e072007, 0x23122225, 0x10221311, 0x2b1e0708, 0x06fb5a37, 
    0x35233522, 0x2106694d, 0x65182315, 0x232808b7, 0x5a4e2622, 0x433b3a42, 0x3a248f83, 0x62745a42, 0xc820a385, 0x89228783, 0x8e856f52, 0xfe627026, 
    0x717062b6, 0x08377718, 0x02da0226, 0x00430006, 0x03200f88, 0x11ff7618, 0xbb822d20, 0x2784ef20, 0x00004f24, 0x03820100, 0x17020031, 0x1600da02, 
    0x31403400, 0x04020715, 0x824c0105, 0x040522c2, 0x050e4203, 0x2006dc42, 0x080e4207, 0x42082982, 0x23132216, 0x08111111, 0x332b1c07, 0x21352311, 
    0x37152315, 0x16323336, 0x11231115, 0x07222334, 0x6e6e1107, 0x10784001, 0x5547574c, 0x3a31575a, 0x4f8b0233, 0x5211fa4f, 0xbffe5261, 0x3d772d01, 
    0x82cffe36, 0x00022e77, 0x02f6ff3c, 0x00e4023a, 0x00230015, 0x05ae5173, 0x0400212b, 0x04060100, 0x07006701, 0x05e85107, 0x4e4d1a21, 0x022a05f0, 
    0x00000208, 0x1b4e0020, 0x23882940, 0x1a030323, 0x2a28824d, 0x05006105, 0x004d1f05, 0x861b0202, 0x8208202c, 0x222b82d8, 0x181b4059, 0x21091271, 
    0x13750e10, 0x01152308, 0x1e4b0a15, 0x35352205, 0x23b48223, 0x35331133, 0x0c326718, 0x07671120, 0x14113405, 0x4b900116, 0x53535e58, 0x4e4b585e, 
    0x294e5c5c, 0x82292e2e, 0x0a230803, 0xfea25564, 0xfeda02af, 0x63568ac7, 0x84fe5663, 0x3a4a6455, 0x357c0135, 0xfe353a3a, 0x003a3584, 0x47380002, 
    0x0e35068b, 0x38001700, 0x01013540, 0x4c010402, 0x00040107, 0x02040102, 0x4daf8267, 0x06200671, 0x2906b849, 0x00000f10, 0x170f1113, 0x064d1710, 
    0x08272805, 0x332b1907, 0x82262613, 0x33362298, 0x22a48233, 0x82130323, 0x222b0806, 0x16141506, 0x4c429638, 0xe0416236, 0x798b745a, 0x45378686, 
    0x14400144, 0x5e3f4a6a, 0x0126fd35, 0x01cafe36, 0x47040186, 0x82483a3b, 0x00260882, 0x024cff00, 0x00da0217, 0x403e001e, 0x020b143b, 0x4c010102, 
    0x01000600, 0x69010602, 0x03030105, 0x04005f04, 0x3b411a04, 0x00002b05, 0x08610700, 0x1e070701, 0x0b824e07, 0x1d001e29, 0x11111123, 0x47212413, 
    0x3323051c, 0x41353632, 0x232006df, 0x2c0df641, 0x01230614, 0x3e354604, 0x333a3157, 0x08fa415a, 0xb45d702c, 0x01343d52, 0x363d771e, 0x0242cffe, 
    0x58ce2609, 0x0001006b, 0x06e34e1e, 0x4d180d20, 0x1a2715e7, 0x0601074d, 0x83061b06, 0x000d2287, 0x4286820d, 0x694f0a70, 0x23153506, 0x64648211, 
    0xb1fea901, 0x4601a0a0, 0x52440150, 0xbafe50f2, 0x51245b82, 0x490274ff, 0x1024f382, 0x33403600, 0xf2834782, 0x0600012d, 0x67060103, 0x04000300, 
    0x44630403, 0x082305e8, 0x48050207, 0x10220662, 0xd54d1000, 0x4deb8306, 0x333108ce, 0x23352315, 0x51112303, 0x62a26c5a, 0x504c97b5, 0x3278183b, 
    0xdcd6270a, 0xfe51018c, 0x008200af, 0x59000122, 0x26207382, 0x0f257382, 0x2d403000, 0x486d9e00, 0xd0480d76, 0x326c8308, 0x59112311, 0x2f5aea5a, 
    0x02ea3950, 0x01c8feda, 0x8276fd38, 0xfe503066, 0x00ffffb0, 0x02000023, 0x02da0235, 0x84a80006, 0x280f8673, 0x2f001400, 0x01082c40, 0x31e78200, 
    0x07000103, 0x05040206, 0x02680400, 0x1a010101, 0xe187004d, 0x14001422, 0x1820e182, 0x2205b643, 0x62333537, 0xe6820b4d, 0x7d217b82, 0x3e631882, 
    0x8282240b, 0x184bc65a, 0x220d4163, 0x84c6c64b, 0x82412077, 0x821e20eb, 0x001326eb, 0x002b402e, 0x05674a02, 0x00040026, 0x63050405, 0x4105e348, 
    0x132d09bc, 0x11111300, 0x21132311, 0x2b1c0708, 0x0e704a21, 0x35227782, 0x744a9501, 0x502f2107, 0x820c764a, 0x010023f7, 0xf3825f00, 0xd34a0d20, 
    0x290c8208, 0x67020001, 0x04040105, 0x6a834d1a, 0x2105f24c, 0xd34a000f, 0x11132108, 0x26078844, 0x11232326, 0x87b91123, 0xda022d5d, 0x5460f1fe, 
    0x1701e9fe, 0x85fe3430, 0x02225182, 0x6b185400, 0x1f202583, 0x0a0b5118, 0x4e002023, 0x836b1818, 0x074f4415, 0x07305418, 0x0809cb45, 0x36322737, 
    0x15233535, 0x29011614, 0x50017362, 0x42393942, 0x6262735a, 0x39627373, 0x0a42f642, 0x7ad16171, 0x3c46463b, 0x61717161, 0x7161b6fe, 0x7f3c4650, 
    0xff463c7f, 0x059b50ff, 0x02b1032b, 0x00d10126, 0x06070000, 0x06e34e8e, 0xf6ff3424, 0x17841602, 0x178cd220, 0x00005a24, 0x1784fe01, 0x178cd320, 
    0x14ab7618, 0x00030023, 0x2bff865a, 0x0016000d, 0x4039001f, 0x00020036, 0x2705f152, 0x61010303, 0x1f010100, 0x0af25718, 0x142af98c, 0x080e0f12, 
    0x010d0006, 0xf786080d, 0x3f451120, 0x46032008, 0x132007cd, 0x2c24f788, 0x62707062, 0xdb2f0382, 0x3b3b3ef2, 0x3e3b793e, 0x710a3ff2, 0x82490162, 
    0xfe623412, 0x017261b7, 0x434074a8, 0x33fe4043, 0x85854044, 0x82004440, 0x824b20fb, 0x84f920cb, 0x89e320cb, 0x08b382cb, 0x00000a31, 0xda024e02, 
    0x0b000500, 0x38000f00, 0x070a3540, 0x01040104, 0x044c0100, 0x00000202, 0x05084d38, 0x05060307, 0x01390101, 0x060c0c4e, 0x4a000006, 0x06250510, 
    0x090b060b, 0x22368208, 0x18091205, 0x22098263, 0x82330313, 0x33113e02, 0x8bf10111, 0x9288538b, 0x8892bcfd, 0x9f8b8a54, 0x017c014c, 0xfea2fe5e, 
    0x017e0184, 0x9663185c, 0x20978308, 0x08734d5d, 0x8800ba21, 0xb603270f, 0x91062700, 0x1b826202, 0x82000621, 0x02003417, 0x74ff5800, 0xda024702, 
    0x0e000a00, 0x31403400, 0x83020104, 0x010026a3, 0x02010200, 0x82af8263, 0x050732a9, 0x03030306, 0x0b4e0339, 0x0b00000b, 0x0d0e0b0e, 0x272e820c, 
    0x1222110a, 0x2b190908, 0x2505d067, 0x23153335, 0xa0832135, 0xf9f9ba2a, 0x50c6f067, 0x5a61fe50, 0xd3279c86, 0x028cdc01, 0x4f26fdda, 0x14240ca3, 
    0x25402800, 0x200a4f66, 0x054f6638, 0x8206575f, 0x0014262a, 0x21131813, 0x24618205, 0x32333533, 0x0bad4f37, 0x06060328, 0x336a4223, 0xb34f1416, 
    0x13da260a, 0x3753314d, 0x0cb74f33, 0x3d379a22, 0xbb4ffb84, 0x09022108, 0x83515882, 0x2cfb8206, 0x02d4fe00, 0x00fc0358, 0x001f0003, 0x05d74777, 
    0x20832420, 0x00052208, 0x05006907, 0x05020400, 0x01096904, 0x01010802, 0x00630102, 0x5f060303, 0x3b060600, 0x401b4e03, 0x2626882b, 0x04030006, 
    0x8a670306, 0x202d822e, 0x22358259, 0x845f0102, 0x594f3538, 0x04051a40, 0x181a0000, 0x11131516, 0x07080a0c, 0x1f051f04, 0x032f7382, 0x17090a11, 
    0x2111112b, 0x36320111, 0x5b142335, 0x9e4205a8, 0x47332005, 0x022308d7, 0x18dcfe58, 0x2f0ce789, 0x74746462, 0x2805d4fe, 0x2201d8fa, 0x433e6171, 
    0x07c86418, 0x49716121, 0xff2d0565, 0xff4300ff, 0x02fc01f6, 0x00060230, 0x3ba782bd, 0xff560002, 0x020202f6, 0x001600e4, 0x40360024, 0x02010d33, 
    0x094c0103, 0x4a010208, 0x230ad256, 0x04610002, 0x30058d48, 0x00011718, 0x24171d1f, 0x0f112418, 0x16011600, 0x063a4306, 0x3634352b, 0x07153737, 
    0x36151506, 0x06ea4b36, 0x0e4f4218, 0x73632c32, 0xa8b66a6d, 0x3e510c9a, 0x6373675f, 0x3a42423a, 0x0a390382, 0x79fd6374, 0x59110a86, 0x2da40e0f, 
    0x61743730, 0x50746362, 0x3e623e49, 0x82048449, 0x03002fa2, 0x00005c00, 0x26020d02, 0x18000f00, 0x8b182100, 0x1c2819d3, 0x0404004d, 0x01065f01, 
    0x27064552, 0x191b1f21, 0x10121618, 0x0e253782, 0x17070721, 0xd38b182b, 0x16162409, 0x18061415, 0x0812d38b, 0x53f15c2f, 0x3c323f60, 0x9c576642, 
    0x30302a99, 0x2f9c992a, 0x9c2f3535, 0x404a2602, 0x04043f2e, 0x473c4c04, 0x28400154, 0xfe282324, 0x27282c78, 0x229f832c, 0x82870001, 0x8212209f, 
    0x7f05209f, 0x1c200b23, 0x560a5852, 0x87260eeb, 0xcffe8b01, 0x46592602, 0xffff2105, 0x03253f85, 0x02260211, 0x2450820f, 0x026b0607, 0x22078280, 
    0x82820001, 0x020d2657, 0x0007008f, 0x05766247, 0x200eeb56, 0x17eb561c, 0xeb561888, 0x55362119, 0x69228283, 0xc384febb, 0x1b000226, 0x3a0274ff, 
    0x0f22c382, 0xeb561700, 0x561c2012, 0x8d180feb, 0x15200ac5, 0x2307eb56, 0x3737023e, 0x080beb56, 0x020e0739, 0x190d2a1b, 0x01040112, 0xfe504b6d, 
    0xbef63481, 0x17100102, 0x310cdc8c, 0xfef94858, 0x8c8cdc2a, 0xad8801dc, 0xff315847, 0xff5400ff, 0x020402f6, 0x00060230, 0x180000e1, 0x2008fb57, 
    0x93591809, 0x0100270d, 0x00000f00, 0x15824902, 0x201aeb56, 0x20eb561c, 0x33172808, 0x33153335, 0x13033337, 0x15232723, 0x07233523, 0x56737b0f, 
    0x334a3565, 0x7b735568, 0x4a366959, 0x1c016a36, 0x82ed0a01, 0xf9fe2400, 0x82fbe1fe, 0x2c7b8200, 0x02f9ff46, 0x002d020d, 0x404e002d, 0x25e3564b, 
    0xe3562120, 0x00223709, 0x2100014e, 0x191b1c1e, 0x0f101216, 0x0406090d, 0x012d0003, 0x4143092c, 0x14332306, 0xe3563316, 0xdc67180f, 0x32332507, 
    0x06141516, 0x0806e356, 0x0a012337, 0x395a6a5a, 0x3c343531, 0x7578343c, 0x2f36372f, 0x02352c2f, 0x5566025a, 0x3f695a2f, 0x6f423c32, 0x4955075f, 
    0x272d2a23, 0x2a4e2f29, 0x22292324, 0x4a4d411d, 0x06c04245, 0x00594b27, 0x00010000, 0x2a04825c, 0x002602fc, 0x4024000f, 0x56060e21, 0x1c2008df, 
    0x240bdf56, 0x110f000f, 0x0adf5615, 0x2707de56, 0x565c0337, 0x70e50803, 0x02320483, 0x2bd8fe26, 0xcc011d5c, 0x2901dafd, 0xfe1d5c2c, 0xb3560032, 
    0xfc012706, 0x26021103, 0x6f821702, 0x70060724, 0x07825802, 0x67000126, 0x35020000, 0x82187782, 0x1c2216fb, 0x7c50064d, 0x2d2d8206, 0x110c000c, 
    0x11111112, 0x2b1b0707, 0xb1411133, 0x5a67350a, 0xb267986b, 0x6c9f69bc, 0xe3e32602, 0xe2fef8fe, 0xfffff1f1, 0x73845b85, 0x73841920, 0x65026b22, 
    0x19237384, 0x8501f9ff, 0x624d20eb, 0x27570554, 0x4d1c2108, 0x82172757, 0x2c275719, 0x0606073e, 0x2e0f1923, 0x01060125, 0x05c75a7a, 0x07584e03, 
    0x015d4854, 0x01dafd34, 0x7283e6d4, 0x27578784, 0x00262905, 0x402e0012, 0x030b0e2b, 0x10778218, 0x574d1c21, 0x2f8207b1, 0x12001223, 0x22fe8215, 
    0x831a0706, 0x131326fc, 0x35231133, 0x76821834, 0x15210807, 0x6d6c7648, 0x0a035679, 0x096e5275, 0xfe260203, 0xfd0d01f3, 0xd08f55da, 0x01ddfe46, 
    0x97c03e13, 0x0ae34155, 0x27000b24, 0x84182440, 0x65410b61, 0x0c99540c, 0x15331122, 0x2f05fd6e, 0x5a5c1523, 0xec5a5aec, 0xe3e32602, 0xf1f1dafd, 
    0x28059343, 0x020402f8, 0x0106022e, 0x0c434222, 0x220cc757, 0x57044d1c, 0x5c221bc7, 0x5483a001, 0x01dafd27, 0xff2cfed4, 0x9f4a18ff, 0x47538207, 
    0x582a058f, 0x0b02f6ff, 0x06023002, 0xcb5ed700, 0x02212208, 0xc3751826, 0x08e0440e, 0x180e2b58, 0x250ac375, 0x5252d401, 0xcf7b2cfe, 0x26022109, 
    0x70206382, 0x03200f89, 0x42093f7c, 0x0328059b, 0x4cff3000, 0xda022802, 0x2506af57, 0x003f4042, 0xba4f0202, 0x61012c05, 0x01010103, 0x0b084d1c, 
    0x47070702, 0x1b28050c, 0x05010a4d, 0x4e051e05, 0x321c3f57, 0x3535022e, 0x37363634, 0x1e153335, 0x14151502, 0x57070606, 0x3d31113d, 0x5e34345e, 
    0x5d3e5a3d, 0x3e5d3434, 0x45453c53, 0x30038288, 0x02b4b43c, 0x803d5f36, 0x01365e3d, 0x3601b4b4, 0x300a825e, 0xb402365f, 0x469801fb, 0x473c943b, 
    0x3b943c47, 0x0b035e46, 0x6f20df83, 0x01281082, 0x00004e00, 0x2602f401, 0x20114357, 0x1643571c, 0x22233524, 0xa2823526, 0x3316143f, 0x11331133, 
    0x55939a01, 0x2d355a64, 0x5abf5a90, 0x27c1c14c, 0xfd16012e, 0x000100da, 0x0623465c, 0x210e3f57, 0x3f574d1c, 0xfeea3127, 0x5adf5a72, 0x028c8c4b, 
    0x012afe26, 0xdc2afed6, 0x200a3f57, 0x0a3f5726, 0x574d1c21, 0x26242f3f, 0xda0126fe, 0xa9820383, 0x0021fe82, 0x23ab823c, 0x00260253, 0x200f3f57, 
    0x333f571c, 0x76467624, 0xb5844351, 0xfe296486, 0x0100d826, 0x83ff5c00, 0x05ab6b01, 0x22123f57, 0x57004d1c, 0x1a8d173f, 0x371e3f57, 0x5aec5aa3, 
    0x027d7da3, 0x012cfe26, 0x7ddafdd4, 0x69000200, 0x28020000, 0x0a22db82, 0x3f571300, 0x2059820e, 0x0b3f5703, 0x0d111329, 0x000a000b, 0x57112109, 
    0xdb5f063f, 0x5a693a10, 0x6c6b5d9d, 0x349d9d5c, 0x9d343737, 0x5dca2602, 0x525e5051, 0x2f2d2d2f, 0x26008200, 0x00190002, 0x823a0200, 0x0f4f606b, 
    0x01000026, 0x0101005f, 0x04207082, 0x221c4f60, 0x90333523, 0x8ca52373, 0x748373e6, 0x83737321, 0x01732374, 0x758b50d6, 0x20073357, 0x22b88226, 
    0x5717000e, 0x71820f33, 0x270c3357, 0x00000b0b, 0x0f111517, 0x82087c4c, 0x063357ec, 0x32577887, 0x26343508, 0x543c2323, 0x67675937, 0x54010159, 
    0x343774fe, 0x37343c3c, 0x5e2cf482, 0x025e5050, 0x48dafd26, 0x372f2f37, 0x0524f784, 0x4202fbff, 0x172af782, 0x9c002100, 0x5027b04b, 0x2f574058, 
    0x4d1c2110, 0x570e2f57, 0x2b200557, 0x820f3457, 0x000021b2, 0x23075657, 0x0606004d, 0x200b6257, 0x822d9228, 0x005f2521, 0x4d1b0303, 0x60578a82, 
    0x40592409, 0x57000012, 0xac5d1061, 0x23ec8407, 0x23061415, 0x08126157, 0x011e1930, 0x3e110104, 0x48585848, 0x0103718b, 0x5001414d, 0x2727243e, 
    0x55053e24, 0x6401343e, 0x2a4555c8, 0xd9015545, 0x6c5be9fe, 0x2a242c4f, 0x77822c24, 0x3e279682, 0x42020000, 0x57002602, 0xd4821463, 0x21226357, 
    0xff413315, 0x57998606, 0x3e240a63, 0x3d498b53, 0x863a9283, 0x243dd48b, 0x3d242929, 0xc8c82602, 0x284655c8, 0x13015546, 0x2c4bedfe, 0x89822824, 
    0x00ffff2d, 0x02f8ff55, 0x022e0203, 0x82440106, 0x00012898, 0x02f6ff57, 0x57300208, 0x2120255f, 0x18285f57, 0x570eb969, 0x3738085f, 0x01060633, 
    0x77776432, 0x03745f64, 0x3841035a, 0xb7b7463b, 0x41383b46, 0x74390c82, 0x9662700a, 0x54657062, 0x3e443831, 0x3d29501e, 0x55313944, 0x00010065, 
    0x20a38250, 0x61a38801, 0x254a1e09, 0x0020230a, 0x0f4e014e, 0x088a6606, 0x61090358, 0x6f570708, 0x08d96409, 0x01061423, 0x219f8426, 0x9f853742, 
    0x83423721, 0x825f209f, 0x650a2fb7, 0x44393155, 0x1e50293d, 0x3138443e, 0xb2846554, 0x18ffff21, 0x92152760, 0x18682017, 0x081ebb5d, 0x00000020, 
    0xda02fe01, 0x39001c00, 0x01093640, 0x4c010605, 0x09000102, 0x04030208, 0x00670300, 0xfe820004, 0x00690628, 0x4d1a0101, 0xcb530107, 0x001c2707, 
    0x1323131c, 0x00821124, 0x1e070a2c, 0x3335112b, 0x33153335, 0x4f182315, 0x112007d8, 0x08e85a18, 0x5c112325, 0x18a8a85a, 0x390a2961, 0x4b3a025a, 
    0xb94b5555, 0x58663c37, 0x2c01cafe, 0x4046413b, 0x3a02defe, 0x8f570000, 0x02302205, 0x1d8f5730, 0x8f571c20, 0x571c201c, 0x2120088f, 0x57055356, 
    0x8f5705bc, 0x2315222b, 0x65cc8211, 0x8b2418e1, 0x53625347, 0x21080282, 0x59594c47, 0x2b2b264b, 0x2a2a2526, 0x534e5c0a, 0xeb2602f3, 0x5c5c4e4b, 
    0x5c4ee64e, 0xe62e3646, 0x0484362e, 0x3f2ad783, 0xfc010000, 0x0d002602, 0x8b571600, 0x4d1c211a, 0x29078b57, 0x00000e0f, 0x160e1012, 0x3282160f, 
    0x11110d2b, 0x19070826, 0x2637332b, 0x08948326, 0x23113335, 0x13072335, 0x22233533, 0x16141506, 0x463a8d3f, 0x5ae85c6c, 0x8e688274, 0x3b3b318e, 
    0x3d590ed6, 0xdafd5c50, 0x1e01d0d0, 0x2b2c31b9, 0x00010031, 0x824cff00, 0xda21087f, 0x43002400, 0x01194040, 0x4c010102, 0x07040106, 0x04080301, 
    0x08006703, 0x08020100, 0x05006901, 0x09865705, 0x0a610930, 0x1e090901, 0x00004e09, 0x23002400, 0x00831124, 0x21251325, 0x181f070b, 0x20101b5b, 
    0x10fd4123, 0x2306143e, 0x453e25fa, 0x3f38363d, 0x5a5e5e5a, 0x0601a6a6, 0x60533f4b, 0x53b46578, 0x0d013d43, 0x4207f241, 0xe9230907, 0x82007261, 
    0x003226a7, 0x02210200, 0x18f48226, 0x20147b65, 0x1893571c, 0x83833520, 0x21152137, 0x23153315, 0x64649615, 0xcffe8b01, 0x52ebafaf, 0x529752e9, 
    0x48c282eb, 0x93570aff, 0x4d1c211d, 0x251b9357, 0x33373315, 0x63821703, 0x2723353b, 0x5a5c1523, 0xb967a062, 0x31504c88, 0x260263a0, 0xfafee3e3, 
    0xf58cdcd0, 0x246b82f5, 0x0274ff5b, 0x57c78226, 0x658c178b, 0x24108b57, 0x33353315, 0x3c648411, 0x5b152335, 0x2f5ae85a, 0x02e83950, 0xfee5e526, 
    0xef8cdc2a, 0x00ffffef, 0x024cff3c, 0x2261821c, 0x82770206, 0x870120dc, 0x1a87570f, 0x004d1c27, 0x051e0505, 0x572e824e, 0x17200c87, 0x08158757, 
    0x7c5fc321, 0x03030a0c, 0x5c790b09, 0x5a8282c3, 0x26024b4b, 0x352293fe, 0x22351111, 0xdafd6d01, 0x8469694b, 0x82492077, 0x208782e7, 0x17875700, 
    0x570bb041, 0xb44a0d87, 0x0587570e, 0x2107b84a, 0xba4a502d, 0x41f28308, 0x642405bf, 0x0a020000, 0x5708174b, 0x6e4a0a87, 0x11875705, 0x22055347, 
    0x57343523, 0xbe330587, 0x5a635693, 0x5a902d35, 0x59bf2602, 0x27c1c14d, 0x82eafe2e, 0x205c824e, 0x07bf5002, 0x17002e08, 0x3e002000, 0x04003b40, 
    0x04030203, 0x02008002, 0x02060500, 0x03006705, 0x07610003, 0x21000001, 0x0606004d, 0x01006101, 0x4e012001, 0xc76b1801, 0x16072311, 0x2a5f012b, 
    0x26222506, 0x21353526, 0x2505817e, 0x36362307, 0x527f2113, 0x01230806, 0x7676622c, 0x36614162, 0x3b455801, 0x5a074132, 0xffd77409, 0x3d3d4300, 
    0x75300243, 0x75678267, 0x183f5f34, 0x2c07c86b, 0x411cb4fe, 0x00414747, 0x00ffff00, 0x26f2820f, 0x02090349, 0x82150226, 0x060721b3, 0x24070f7b, 
    0x02f9ff46, 0x2017840d, 0x24178c16, 0x0100005c, 0x201784fc, 0x24178c17, 0x02f8ff54, 0x21178304, 0x17892201, 0x21088b57, 0x8b570030, 0x57212018, 
    0x3b45298b, 0x138b5709, 0x71612b08, 0x72606171, 0x3ff4da72, 0x7a403a3b, 0x40f43f3b, 0x9561720a, 0x5f727062, 0x01726196, 0x443f2345, 0xe7fe3f44, 
    0x27274044, 0xa2824440, 0x4e20fb82, 0xf420cb82, 0x2720cb84, 0x4318cb8c, 0x03211523, 0x05a35700, 0xa3572620, 0x573b2017, 0x220837a3, 0x538797f7, 
    0xbcfd9a86, 0x8753869a, 0x014ca597, 0xfe0c011a, 0x01e5fef5, 0xfe0b011b, 0x02e6fef4, 0x82dafd26, 0x0002279f, 0x02000064, 0x7f830237, 0x7b180920, 
    0x477f0e97, 0x1806200a, 0x281c977b, 0x71e6f6c2, 0x2dfef9e5, 0x8464875a, 0x06576a5c, 0x11033726, 0x4b022602, 0x07246b82, 0x62026b06, 0xdf4d7385, 
    0x00092206, 0x15ef570d, 0x574d3b21, 0x0a2f08ef, 0x0a00000a, 0x0c0d0a0d, 0x0009000b, 0x57121109, 0x172009ef, 0x8408ee57, 0x49b32480, 0x867afe50, 
    0xdccb2282, 0x2483878c, 0x024cff36, 0x22818222, 0x4fa70106, 0x0f820e93, 0x2f520020, 0x00022107, 0x220b8757, 0x57454048, 0x58572a5b, 0xc06a1821, 
    0x26262c0f, 0x15062223, 0x02161415, 0x18dcfe58, 0x2310cc74, 0x7878645f, 0x33075c57, 0x3a345866, 0x3e973e44, 0x58353943, 0x96627066, 0xff007062, 
    0x25060768, 0x0602da02, 0x57590100, 0x84122008, 0x841a200f, 0x5e82200f, 0x0223052f, 0x82cb0106, 0x680220c7, 0x022f0537, 0x000300da, 0x4026000c, 
    0x02010a23, 0x824c0100, 0x4d283119, 0x01020200, 0x01010360, 0x4e012901, 0x05060000, 0x30082282, 0x08041103, 0x13332b17, 0x03011333, 0x26260321, 
    0x32060627, 0xfebd79be, 0x150166e2, 0x05120d67, 0xda021304, 0xf00126fd, 0x9f0160fe, 0x16165b34, 0x5f9b185a, 0x0a436c0a, 0x83825520, 0x0f840320, 
    0xab69b120, 0x18668211, 0x200b5f93, 0x05c9441f, 0x05010828, 0x67050402, 0x505b0300, 0x4d2e2805, 0x02020107, 0x82066100, 0x002f2fe4, 0x0f1c1c4e, 
    0x1c00010e, 0x1e1f1c1f, 0x9318161d, 0x09220a72, 0xa2181608, 0x91180ba6, 0x272310ad, 0x18153335, 0x2e107693, 0x700ab420, 0x624a0162, 0xfe626f70, 
    0x187062b5, 0x290c7893, 0xff5252fe, 0x006900ff, 0xfb610100, 0x05236205, 0x180c2b6b, 0x2a0c4383, 0x0018401b, 0x4d280000, 0x41020203, 0x2d080647, 
    0x0c000c00, 0x08041111, 0x13332b18, 0x03231333, 0x30312626, 0x32030706, 0x5bbd79be, 0x1313117b, 0xda027a11, 0xef0126fd, 0x475d5e47, 0x3f4110fe, 
    0x00482305, 0xdb6a0200, 0x825a200b, 0x02fe257f, 0x000602da, 0x00230982, 0x82500003, 0x0208221f, 0x310982da, 0x000b0007, 0x003a403d, 0x03010702, 
    0x67030204, 0xf56e0106, 0x4d282d06, 0x05040400, 0x0501085f, 0x4e052905, 0x22068377, 0x770b080b, 0x09280c7d, 0x132b1708, 0x01152135, 0x50260386, 
    0x66feb801, 0x03827c01, 0x8802b826, 0xc1fe5252, 0xb7270382, 0x00005252, 0x4100ffff, 0x4f6b06a3, 0x200f8205, 0x2093825e, 0x219383fa, 0x1f84db01, 
    0x93825c20, 0x69081b6b, 0x02200553, 0x9f820f82, 0x3140342b, 0x02020208, 0x034c0101, 0x23008201, 0x004b0202, 0x0229a489, 0x045f0302, 0x29030301, 
    0x06046903, 0x11122908, 0x19080514, 0x1335332b, 0x15213503, 0x21031321, 0xe8e84b15, 0x8ffedb01, 0x7201eceb, 0x01230150, 0xfe505017, 0x50d9feed, 
    0x6b052b41, 0xeb5f0c73, 0x6b0f820f, 0x0222060f, 0xe3570106, 0x0ffb6905, 0xb7823620, 0xda022224, 0xf1441900, 0x01063306, 0x00020700, 0x0203056a, 
    0x4d280101, 0x07070108, 0x9a830729, 0x1900192c, 0x11111314, 0x09111413, 0x9e821d08, 0x26262229, 0x11331135, 0x82331614, 0x36322105, 0x21080b84, 
    0x15230606, 0x335a3cff, 0x4e384354, 0x32544338, 0x34aa3c5b, 0x60013f5d, 0x453da0fe, 0x1efee201, 0x0b833d45, 0x345d3f23, 0x42bb82aa, 0x30080637, 
    0x00e40227, 0x4b5f0027, 0x58502ab0, 0x01062040, 0x00000504, 0x05007204, 0x00610105, 0x4d2e0101, 0x00000102, 0x07086003, 0x29030302, 0x401b4e03, 
    0x23228421, 0x80000405, 0x59222397, 0x5e821040, 0x27002728, 0x11112515, 0xaf862827, 0x2e353325, 0x5b113502, 0x112905cd, 0x07060614, 0x23153315, 
    0x5bb88335, 0x410808da, 0x91321533, 0x77253618, 0x25776565, 0xd3921935, 0x3b473228, 0x2832473b, 0x23030550, 0x18013545, 0x62757562, 0x4435e8fe, 
    0x50060323, 0x0139496e, 0x49493e1d, 0x39e3fe3e, 0xffff6e49, 0x00000a00, 0xa8182602, 0xb1280af7, 0x000029ff, 0x8dffffff, 0x2005ab42, 0x073f7002, 
    0xacfeb122, 0x01261787, 0x00da02fb, 0x11840627, 0x00060223, 0x20178840, 0x20178cef, 0x26178443, 0x02f6ffb0, 0x84e40200, 0x00cf222f, 0x07874200, 
    0x8283ff21, 0x8635200b, 0x82a2202f, 0x0006220b, 0x822f85a8, 0x0227220b, 0x249382e4, 0x00000068, 0x82658207, 0x07cb4335, 0x82b10321, 0x028e2247, 
    0x842f8458, 0x0523625f, 0x4782178c, 0x00010027, 0x024cff5c, 0x325f8244, 0x40420017, 0x0701073f, 0x004c0101, 0x07060703, 0x82800603, 0x03073c1d, 
    0x02670701, 0x28000001, 0x0208094d, 0x4d290606, 0x04050500, 0x04040061, 0x824e042d, 0x00172f77, 0x21121117, 0x11111223, 0x1e080a11, 0xee70332b, 
    0x15332a07, 0x23230614, 0x36323335, 0x579b1835, 0x389b2809, 0x1d1d5c5f, 0x6325382d, 0xcd260a2b, 0x4f5c5847, 0x2f632e37, 0x5fbf8206, 0x00230c47, 
    0x865d0002, 0x00102b9f, 0x40400014, 0x02070a3d, 0xa2830203, 0x28050a75, 0x02020105, 0x06084d38, 0x3e991802, 0x01073d08, 0x043d0404, 0x0011114e, 
    0x11141100, 0x00121314, 0x120f0010, 0x09211212, 0x052b1a09, 0x13239186, 0x84130333, 0x822520a2, 0x6c0121b0, 0x2f2c9382, 0xf067f9f9, 0x5c5f43cb, 
    0xb45ad4fe, 0xe75f9083, 0x82cb2005, 0x02b4249e, 0x8226fdda, 0x000222eb, 0x05e75d55, 0x00130039, 0xb6670021, 0x04020a10, 0x4b4c0105, 0x585018b0, 
    0x05001940, 0x82610105, 0x31012186, 0x2e068f49, 0x00020603, 0x4e002f00, 0x0021401b, 0x182b0202, 0x25084761, 0x03004d31, 0xb4492903, 0x3723820a, 
    0x15174059, 0x1c000114, 0x1521141a, 0x0d0e0f21, 0x0006080c, 0x08130113, 0x4906ee45, 0x172205b7, 0x79182733, 0x652817e6, 0x503e5364, 0x5a020307, 
    0x09e67918, 0x0a42422d, 0x5fa15e6e, 0x69353e6e, 0x1869dafd, 0x2407e579, 0x40964044, 0x08cb8444, 0x4cff5c25, 0xe4021a02, 0x31001b00, 0x45404800, 
    0x0504010c, 0x04030118, 0x05004c02, 0x05030400, 0x06006904, 0x82610006, 0x4d2e232a, 0xa5460108, 0x822f2006, 0x020232b5, 0x1d4e022d, 0x2c00001c, 
    0x2324262a, 0x1d311c21, 0x2a438231, 0x09242e1b, 0x172b1808, 0x72363411, 0x1e28093d, 0x06141502, 0x26222306, 0x07a96218, 0x42263421, 0x92430613, 
    0x5c4b0808, 0x3d3d5e34, 0x3340345b, 0x3526432d, 0x4d3c3f60, 0x86030307, 0x3b48483a, 0x40342737, 0x41343440, 0xc502b44b, 0x2d355f3f, 0x56383551, 
    0x3606030d, 0x63413353, 0x7a343c37, 0x3f4ffca0, 0x3f4c4f3f, 0x483f3333, 0x3fc5fe3b, 0x4d00004f, 0x0e20096f, 0x0f238818, 0x034d2b23, 0x82b88401, 
    0x000e25cf, 0x0412180e, 0x352eac83, 0x16133303, 0x36361716, 0x03331337, 0x5c4dff15, 0xb4b4210b, 0x200d594d, 0x0a8f4cb4, 0x1600da2e, 0x3f002400, 
    0x010c3c40, 0x4c010301, 0x05267782, 0x69050104, 0x13780300, 0x41282005, 0xdc5f0dda, 0x0f102909, 0x07080d0e, 0x16011600, 0x350ad741, 0x26333336, 
    0x21352726, 0x021e2115, 0x27061415, 0x34353632, 0x32492726, 0x01380806, 0x3177612c, 0x22063a58, 0x89013857, 0x8961dcfe, 0x39627649, 0x3f231b43, 
    0x0a454637, 0x3f616473, 0x421c355e, 0x434b522a, 0x82598678, 0x5e51507d, 0x4b29583f, 0x4740613c, 0x65089382, 0x02f9ff4b, 0x002d0212, 0x4052002d, 
    0x0403004f, 0x05030405, 0x05010080, 0x06010506, 0x06080080, 0x07080607, 0x00050080, 0x06050806, 0x04040067, 0x02006102, 0x004d3102, 0x62000707, 
    0x00000109, 0x024e0032, 0x282a2b00, 0x1e1f2125, 0x1315181c, 0x070d1012, 0x022d0006, 0x16080a2d, 0x2223052b, 0x36343526, 0xfa503537, 0x16322606, 
    0x26262317, 0x05f95023, 0x15333322, 0xcd820887, 0x14335908, 0x354e0106, 0x3c426f5f, 0x5a693f32, 0x0166562f, 0x2c36015a, 0x37372e2f, 0x3478752f, 
    0x35343c3c, 0x6a5a3931, 0x3c4b5907, 0x0404044c, 0x4a452e3f, 0x221d414d, 0x2a242329, 0x27292f4e, 0x49232a2d, 0x00000055, 0xff690001, 0x02300247, 
    0x001e00da, 0x12154018, 0x49000201, 0x5f2f1683, 0x28010100, 0x1e114e00, 0x2b180802, 0x18372705, 0x0809f961, 0x2137374c, 0x07152135, 0x14150606, 
    0x16161717, 0x01071415, 0x0a2e46e4, 0x62658422, 0xfe866d62, 0xbab301ba, 0x8189525a, 0xb91b322f, 0x0e10492a, 0x1d260b1a, 0x8d434962, 0x5a52715c, 
    0x2f6f50a6, 0x0d25284d, 0x2927263c, 0xffff0000, 0x80825c00, 0x7d82fe20, 0x1b010622, 0x03207482, 0x20062b48, 0x19934dda, 0x25120342, 0x1f171b1c, 
    0x1f651f18, 0x10ca490a, 0x2313934d, 0x62727262, 0xdc200382, 0x3a0a934d, 0x40016270, 0x626f7062, 0x7062bffe, 0x40759d01, 0xfe404242, 0x7d40423e, 
    0x8242407d, 0x370027a6, 0x26020000, 0x9b822602, 0x70182820, 0x2b2b09f7, 0x0303004d, 0x01045f00, 0x18290000, 0x820ef770, 0xf7701886, 0x499a320e, 
    0x1d01c357, 0x558c2026, 0x52390146, 0x272275fe, 0x07075e52, 0x06225982, 0x57641902, 0x000d260c, 0x091f4022, 0x05c56401, 0x240e1a4a, 0x110d000d, 
    0x051a4a12, 0x01332724, 0x70180323, 0x4a2508dd, 0x60120160, 0xd8701883, 0xfdbd2207, 0xd0701826, 0x0001260b, 0x014cff5d, 0x27c382fb, 0xb5570018, 
    0x0001010e, 0x20076445, 0x20658218, 0x33cb8200, 0x61030101, 0x03030104, 0x01064d29, 0x052d0505, 0x1c401b4e, 0x14831a86, 0x01010028, 0x04006104, 
    0x1e872f04, 0x2f050d5a, 0x24180018, 0x11231311, 0x2b1b0807, 0x11331117, 0x0872a218, 0x7f352321, 0x2c0805b5, 0x15172327, 0x373c5a5d, 0x585a3f38, 
    0x3e360303, 0x0303303e, 0xda02b402, 0x463ea2fe, 0x5e013e46, 0x3569dafd, 0x7d353e3e, 0xffff00a0, 0x05574900, 0x06022623, 0x05735101, 0xff554808, 
    0x021f0247, 0x002e00e4, 0x1f37403a, 0x01010201, 0x0213144c, 0x04004902, 0x04000100, 0x01008001, 0x02010200, 0x00010563, 0x00610300, 0x002e0303, 
    0x2c00014e, 0x0a26282b, 0x00050708, 0x062e012e, 0x012b1608, 0x82150622, 0x06404396, 0x1617172c, 0x27070716, 0x27263637, 0x6f432627, 0x3658080a, 
    0x16163233, 0x26262317, 0x44374501, 0x8e923744, 0x8f745342, 0x292a1e4a, 0x0a0e2b46, 0x5b5e8b1c, 0x41343e4e, 0x40406237, 0x5a02365e, 0x92024004, 
    0x39313242, 0x4e384650, 0x65172c23, 0x46274244, 0x2c092418, 0x42455e1e, 0x0d030b60, 0x53353951, 0x334e2d2f, 0x00003329, 0x2a138f5e, 0x02fbff19, 
    0x0026022b, 0x59590013, 0x19220589, 0xdc820305, 0x005f0425, 0x582b0404, 0x022a0506, 0x00000207, 0x1b4e0032, 0x1b8c1d40, 0x29020222, 0x07202085, 
    0x26054f44, 0x01154059, 0x18101200, 0x430e8362, 0x23210707, 0x08018211, 0x1521353e, 0x16141123, 0x02153333, 0xad5b4c18, 0x11025457, 0x18232963, 
    0x014f6005, 0x012afe2c, 0xfe5050d6, 0x542c29ce, 0x5e000200, 0xfe014cff, 0x11003002, 0x38001f00, 0x010e3540, 0x4c010403, 0x00279382, 0x00000061, 
    0x46064d31, 0x052009b3, 0x2905fa45, 0x00001213, 0x1f12181a, 0x33821f13, 0x23251123, 0x06af4607, 0x46065965, 0x1d520aa6, 0x15153d05, 0x705e1614, 
    0x5f6e6161, 0x074e3e53, 0x39760203, 0x39393d3d, 0x02b43f3d, 0x6d6d5f18, 0x084c6918, 0x96404424, 0x04824440, 0x82463e21, 0x01002777, 0x47ff5a00, 
    0x97820b02, 0x1d001f30, 0x011f1a40, 0x01004901, 0x00860102, 0x98850202, 0x224e0229, 0x08032b12, 0x41052b19, 0x215907d6, 0x1614210e, 0x2805f641, 
    0x0e2b5901, 0x4a761c0a, 0x0a215952, 0x7a2b3130, 0x292a1e4a, 0x24184692, 0x63172509, 0x84188244, 0x83280707, 0x260e3a25, 0x42446517, 0x22088383, 
    0xff550002, 0x023a02f6, 0x00140026, 0x40300022, 0x0201042d, 0x005f0102, 0x4d2b0101, 0x03030106, 0x4e056100, 0x85180565, 0x0c280932, 0x00080a0b, 
    0x07140114, 0x21058c41, 0x94823526, 0x2133362c, 0x16152315, 0x14151516, 0x77660606, 0x40292b0e, 0x5f35355f, 0xa9110140, 0x07823a32, 0x41413923, 
    0x36038239, 0x3f5e350a, 0x345f3f8c, 0x43040352, 0x5e3f8c36, 0x3c465035, 0x84463c8c, 0x26988204, 0x002f0001, 0x82080200, 0x000f2497, 0x1828402b, 
    0x2708b9a6, 0x04004d2b, 0x055f0004, 0x29319482, 0x00014e00, 0x08090c0e, 0x04050607, 0x0f010f00, 0x0a9e4406, 0x39071942, 0x52446d01, 0xd7d901a8, 
    0x4f961b21, 0x52430142, 0x1cbdfe52, 0xff005223, 0xb76a00ff, 0x02262405, 0x82510106, 0x0002216f, 0x08050f51, 0x1e002b23, 0x3b002700, 0x010b3840, 
    0x4c010601, 0x4a02010a, 0x02060600, 0x0202005f, 0x01054d2b, 0x61000101, 0x227b8303, 0x4a01074d, 0x262306d6, 0x821f2025, 0x171e2734, 0x08111f21, 
    0xb2771a08, 0x15372b0a, 0x07150606, 0x11331606, 0xb9773233, 0x74322009, 0x3a080638, 0x335b3bff, 0x16283e22, 0x4601011d, 0x5b3c5038, 0x3c5a3334, 
    0x42453808, 0xb4b40635, 0x923d5e34, 0x07395634, 0x263b055f, 0x01493a9c, 0x3b5832df, 0x345e3d92, 0x3a49fbb4, 0x6944369c, 0x02200937, 0x85097360, 
    0x002634bf, 0x402d0017, 0x0203052a, 0x4d2b0101, 0x02020104, 0x84066200, 0x010825b0, 0x072d0707, 0x2306874b, 0x11111313, 0x09220382, 0xaf841d08, 
    0x3d11bc4d, 0x5cff1523, 0x3d3e546d, 0x543e3d4e, 0xb4b45c6d, 0x5c015e6c, 0x443da4fe, 0x23fedd01, 0x0b833d44, 0x6c5e2e08, 0x000000b4, 0xff360001, 
    0x022202f6, 0x002d0030, 0x2a314034, 0x01020101, 0x081f204c, 0x4a020407, 0x02010200, 0x01010385, 0x04610001, 0x05df4a05, 0x2800013e, 0x14171926, 
    0x000e1013, 0x062d012d, 0x172b1608, 0x35352622, 0x15373634, 0x15150606, 0x61056545, 0x27410507, 0x35272105, 0x08053941, 0x26222334, 0x06062327, 
    0x4c453ab5, 0x221f1941, 0x4e201c1c, 0x211d1c20, 0x4e441c21, 0x41313b44, 0x40040205, 0xbb4f5c0a, 0x5f0a7357, 0xc72e3c05, 0x29303029, 0x0583bebe, 
    0x392bc72e, 0x700a5f06, 0x5c4fbb55, 0x3f35353f, 0x2609274f, 0x02110326, 0x827d0226, 0x06062310, 0x178b19b0, 0x17860920, 0x68060728, 0x00005302, 
    0x2747ffff, 0x84032105, 0xb2202f88, 0x43422e82, 0x21478308, 0x47855101, 0x17451e20, 0x83641805, 0x8647821d, 0x5547872f, 0x8f8205cf, 0x8c220121, 
    0xff362447, 0x842202f6, 0x858d20a7, 0x82142017, 0x03002906, 0xf6ff5500, 0x1103fc01, 0x172a0982, 0x84002500, 0x020e14b6, 0xf8460706, 0x00242e07, 
    0x85000100, 0x03010108, 0x07008501, 0x05fd4607, 0x0a4d3132, 0x02060601, 0x02090561, 0x022f0202, 0x2c401b4e, 0x0423268b, 0x844d2b04, 0x0300282b, 
    0x004d3103, 0x86290505, 0x0109212f, 0x59382e84, 0x18191e40, 0x00000405, 0x25181e20, 0x12132519, 0x0a0c1011, 0x17051704, 0x032a8282, 0x17080b11, 
    0x3337132b, 0x7e180307, 0x7e4c0a8b, 0x6aea2515, 0x523d6f64, 0x2514814c, 0x8c8c8502, 0x864c71fd, 0x0200271a, 0xf9ff4b00, 0xf7821202, 0x31002d3d, 
    0xb04b4301, 0x40585013, 0x0a090040, 0x010c8509, 0x850a020a, 0x05040300, 0x4a720304, 0x0b2026b8, 0x23056846, 0x14b04b1b, 0x41204782, 0x014b4790, 
    0x20488928, 0x2090c415, 0x2e8bc140, 0x40595959, 0x022e2e21, 0x2e312e00, 0x4b2f3031, 0x0d20139a, 0x23309a4b, 0x07333703, 0x23229e4b, 0x6f646ab8, 
    0x231ca24b, 0x8c8c8c02, 0x2a052743, 0x0100005c, 0x021103fe, 0x421b0126, 0x232005df, 0x67500682, 0x262f0806, 0x1a002602, 0x36403900, 0x02020619, 
    0x004c0100, 0x00050002, 0x01800502, 0x2b000001, 0x0206074d, 0x4d290505, 0x03040400, 0x03030061, 0x824e032d, 0x001a2a39, 0x2321121a, 0x08111511, 
    0x055f7808, 0x07061425, 0x50113313, 0x11220b5f, 0x3b693634, 0x5f2a2a07, 0x2d1d1d5c, 0x08032a38, 0x084269e5, 0x5021fe21, 0x29200662, 0x21054869, 
    0x9366ffff, 0x06022307, 0x62822502, 0x0f000226, 0x4902f6ff, 0x182a9b82, 0x49002c00, 0x01164640, 0x9c820605, 0x0501062b, 0x80050601, 0x01020308, 
    0x062d4601, 0x820a0721, 0x610023a2, 0xfa440904, 0x191a3a05, 0x26290001, 0x1d1e2123, 0x2c1a2c19, 0x0b0c1214, 0x0708090a, 0x18011800, 0x0a06450b, 
    0x21352324, 0xf2442315, 0x064c4709, 0x4408c182, 0x35323316, 0x23233435, 0x14151522, 0x27443ab5, 0x3a027324, 0x43272473, 0x083e313b, 0x1d1e3e07, 
    0x1d214a21, 0x3dc63d3d, 0xbc4b560a, 0x5211422e, 0x2e421152, 0x39564bbc, 0x4c393232, 0xc3c3282c, 0xea542c28, 0x18028254, 0x2208c742, 0x18260237, 
    0x2f08af57, 0x024cff1a, 0x002a0221, 0x40290015, 0x010e1426, 0x21051769, 0xa4500000, 0x4d3b2205, 0x32118204, 0x004e033d, 0x00150000, 0x23211a15, 
    0x2b190905, 0x4f033505, 0x162105a1, 0x0a184f17, 0x8b09013d, 0x1e1e3511, 0x4e10513a, 0x0303090b, 0x5c740b0b, 0x01b4b4be, 0x365231a7, 0x5cfafe35, 
    0x3b46097d, 0xff2f3205, 0x024402fb, 0x001a00df, 0x070db659, 0x01020402, 0x05374a4c, 0x18001721, 0x2f08dd9d, 0x00040400, 0x02050161, 0x00420000, 
    0x1b401b4e, 0x0123198a, 0x844d3901, 0x0105211e, 0x23081d84, 0x01114059, 0x14171900, 0x0c0f1112, 0x011a000b, 0x1609061a, 0x2622052b, 0x26262727, 
    0x07060627, 0x27132303, 0xb282b385, 0x33335408, 0x3a1c0215, 0x07481150, 0x0c03030b, 0xca617d08, 0x3c301223, 0xa924664b, 0x05283511, 0x19ea3437, 
    0x2c10102b, 0x02acfe14, 0x532d5b04, 0x3109fe6a, 0x00000052, 0x002e0003, 0x022a0200, 0x000700da, 0x0014000b, 0x1137403a, 0x01050601, 0x0006004c, 
    0x77060402, 0x38200994, 0x01229983, 0xa318075f, 0xc94a082a, 0x25368205, 0x11111107, 0xbe180908, 0x252509cb, 0x03230333, 0x05505833, 0x2e072908, 
    0x98aaa8aa, 0x0132d432, 0x3d983e5c, 0x0c43c18a, 0x1002020e, 0xfdda020c, 0x28d5d526, 0x4bfe8a02, 0x46372901, 0x36490b0d, 0x06228b82, 0x8b824b00, 
    0x8b821720, 0x000e3008, 0x001c0012, 0x002b0023, 0x404d0032, 0x181d234a, 0x03040417, 0x04070108, 0x27282c32, 0x03070204, 0x0004004c, 0x07040207, 
    0x03010567, 0x825f0003, 0x4d38243d, 0x71020106, 0x01390507, 0x004e0139, 0x26292b00, 0x151a1c24, 0x10111213, 0x000e000f, 0x0909210d, 0x09b16f17, 
    0x1516163d, 0x27230614, 0x13231133, 0x37363233, 0x23262611, 0x36361323, 0x27263435, 0x82323303, 0x080e880f, 0x5cf24b32, 0x3e353c6c, 0xcb637445, 
    0x67663c3c, 0x0a0a180d, 0xbf670d18, 0x1f22221f, 0x13196abf, 0xbf6a1913, 0x272c2c27, 0x5664da02, 0x0d0e5843, 0x6c5b475c, 0x3b08d983, 0x010203d9, 
    0xfe03021d, 0x2b4112ef, 0xfd12402b, 0x3301048c, 0x13d6fe04, 0x47323248, 0x00020013, 0x02f6ff4a, 0x00e4020e, 0x00210019, 0x1b47404a, 0x03020210, 
    0x0402111a, 0x004c0205, 0x0ec5bb18, 0x82000121, 0x6903214b, 0x0029f282, 0x04005904, 0x06610004, 0x260c8201, 0x17000151, 0x7b121416, 0x192406d7, 
    0x06071901, 0x270c2159, 0x23263423, 0x16110722, 0x3f08df82, 0x06143335, 0x06061127, 0x16141115, 0x7b672c01, 0x7969677b, 0x2e56622a, 0x562e2424, 
    0xe5792a62, 0x0a20201c, 0x36016577, 0x65777765, 0xfd0f6153, 0x53610f80, 0x024f7765, 0x2e471850, 0x472ecafe, 0x4b3b6d82, 0x0e020000, 0x0900da02, 
    0x17000d00, 0x36001f00, 0x181f3340, 0x02041213, 0x414c0103, 0x04280a84, 0x01020201, 0x0101065f, 0x27058441, 0x0e101517, 0x0a0b0c0d, 0x08223682, 
    0x80410721, 0x41112008, 0x3808147b, 0x27263411, 0x7d6bdb4b, 0x3cb16b7d, 0x194b663c, 0x2c13132c, 0x1dcd4b19, 0x021d1f1f, 0xfe6577da, 0x287765de, 
    0x76fd8a02, 0x6a020709, 0x9ffd0808, 0x012d4717, 0x17472d22, 0x219a8200, 0x04825500, 0x9f821220, 0x0f000b2a, 0x32403500, 0x03000200, 0x67219b82, 
    0x07345907, 0x064d3823, 0x07355901, 0x4e053925, 0x820f0000, 0x6c002098, 0x092807ab, 0x332b1b09, 0x21152111, 0x253b0386, 0x55231133, 0xd5febd01, 
    0xf8fe0801, 0x6efe2b01, 0xda023c3c, 0x28dffe28, 0x8228bffe, 0x205d8283, 0x06ab425a, 0x0d000926, 0x30403300, 0x03211182, 0x0ba45905, 0x004d3827, 
    0x5f040505, 0x21748207, 0x6e820439, 0x21060541, 0x00821109, 0x1a090822, 0x27206d8a, 0x5a206b82, 0x67206b87, 0x97206888, 0x03206783, 0x31082742, 
    0x0024001c, 0x404f002a, 0x02101e4c, 0x1d250302, 0xcd821115, 0x004c022d, 0x03060302, 0x00800602, 0x18010706, 0x2c1376b6, 0x00000108, 0x014e003f, 
    0x19292a00, 0x0a2e4218, 0x1c011c23, 0x054d4409, 0x2a0c067e, 0x33161107, 0x23113732, 0x42153335, 0x05250931, 0x35353636, 0x0e374223, 0x50242e2d, 
    0x1ce47ae0, 0x14012020, 0x423c1f1d, 0x0f240e3d, 0xa0281d01, 0x2e0b4042, 0x2e471818, 0x00000078, 0x004b0003, 0x410d0200, 0x133d06a7, 0x3c403f00, 
    0x09000102, 0x00010701, 0x01006707, 0x01060400, 0x01086704, 0x06030306, 0x24068257, 0x0a5f0306, 0x26e18305, 0x1300004f, 0x41101112, 0x0b220cb3, 
    0x74571b06, 0x33112305, 0x01822311, 0x06822720, 0x03820120, 0xa2904b3f, 0x66a29090, 0x32013c3c, 0xda023c3c, 0x4b01b5fe, 0x670126fd, 0x022899fe, 
    0x0276fd8a, 0x2786828a, 0x50000200, 0x08020000, 0x2f238786, 0x46072c40, 0x382c08e9, 0x0204064d, 0x5f050000, 0x05050108, 0x20162942, 0x26668235, 
    0x23152135, 0x83153311, 0x95502975, 0x93b80195, 0x3c3cf993, 0x28236282, 0x4276fd28, 0x1b240623, 0x4902f6ff, 0x12226382, 0xe9831800, 0x02091339, 
    0x4c010102, 0x02030100, 0x80020103, 0x03020506, 0x005f0403, 0x18380404, 0x230c9554, 0x17180001, 0x0b2be883, 0x0406080a, 0x01120003, 0x4c090812, 
    0x33210558, 0x069d4114, 0x14357a83, 0x36363706, 0xff231135, 0x652a7b69, 0xa1243055, 0x7b669701, 0x058b4115, 0x0f615331, 0x28288502, 0x776520fe, 
    0x2e471750, 0x4100e001, 0x4520087b, 0x0c328f82, 0x14001000, 0x40404300, 0x01020713, 0x04011407, 0x95820201, 0x31057c41, 0x00070700, 0x0001025f, 
    0x084d3800, 0x03060601, 0xb7180960, 0x804108a1, 0x0c002a05, 0x12110c00, 0x0a111111, 0x067f4109, 0x07331327, 0x23032313, 0x05804111, 0x07032808, 
    0xe33a904b, 0xa0bba133, 0x3c664c7e, 0x4250013c, 0xda022999, 0x5301adfe, 0x0116fef0, 0x28a1fe5f, 0x76fd8a02, 0x823d9801, 0x02002792, 0x00006400, 
    0x93822602, 0x0900052b, 0x26402900, 0x00040400, 0x2119825f, 0x234f4d38, 0x052d0805, 0x39020201, 0x00004e02, 0x06070809, 0x05000500, 0x09061111, 
    0x11332b18, 0x15211133, 0x23113325, 0x32019064, 0x3c3c68fe, 0x4efdda02, 0x225a8228, 0x5f030000, 0x14240807, 0x1c001800, 0x0f29e783, 0x0005020c, 
    0x03020316, 0x2de88205, 0x05060503, 0x07800603, 0x00050501, 0xe984015f, 0x06060025, 0x18085f02, 0x2a08a2b3, 0x191a1b1c, 0x14001718, 0x82161400, 
    0x090922e9, 0x216f831a, 0x6d823717, 0x36341130, 0x23033736, 0x15021e03, 0x27371311, 0x13820123, 0x50ad3234, 0x0290a84f, 0x32880102, 0x0202028b, 
    0x4057209f, 0x90833c01, 0xfddfdf37, 0x33b80126, 0xfe1b5665, 0x1b7c0184, 0xfe336556, 0x59680148, 0x068442f1, 0xe8830220, 0x82f90121, 0x000f2dfb, 
    0x40350013, 0x02030b32, 0x4c010504, 0x05259283, 0x67050004, 0x2c908200, 0x04005704, 0x065f0204, 0x04020203, 0x06054302, 0x000f0029, 0x1115110f, 
    0x83190607, 0x26132497, 0x82113526, 0x16033086, 0x25111516, 0x5f230133, 0x0203f97c, 0x82f77e2a, 0x43103d91, 0x0242e4fe, 0x20c7fdda, 0xae011b50, 
    0x3a0226fd, 0xfe1c4f21, 0x8c022752, 0x04000000, 0x45085b44, 0x272805d1, 0x37403a00, 0x18192027, 0x10274782, 0x01030208, 0x5f03004c, 0x3e2105a1, 
    0x7f4e184d, 0x3f002d08, 0x0e0f4e00, 0x12140001, 0x170f170e, 0x190cb318, 0x46113721, 0x7546057c, 0x36052d07, 0x34113536, 0x2c012726, 0x687a7a68, 
    0x2e230383, 0x822e2424, 0x444e2003, 0x1f210642, 0x0843441d, 0x65cafe37, 0x020f2877, 0xfd0f0f80, 0x02270f80, 0x2e481750, 0x482ecafe, 0x21078217, 
    0x07823601, 0x4b20bb84, 0x31063742, 0x000e000a, 0x001b0016, 0x1b3e4041, 0x04121317, 0xb7820405, 0x01060035, 0x04000504, 0x00050067, 0x01050301, 
    0x02030067, 0x82570302, 0x022408ce, 0x0201075f, 0x004f0203, 0x11141600, 0x0c0d0e0f, 0x000a000b, 0x0821240a, 0x332b1806, 0x16322111, 0x23061415, 
    0x2005c942, 0x08064813, 0x34352e08, 0x09014b27, 0x5f737260, 0x3c3c6679, 0x161e7966, 0xd7791e16, 0xda024242, 0x6e5c5c6e, 0x0228bafe, 0x07bcfe8a, 
    0xfe073601, 0x5e5c2cd6, 0x089e822a, 0x0004003b, 0x024cff4a, 0x00e4020e, 0x001c0012, 0x002c0024, 0x2c444047, 0x1b1d1e25, 0x0815161a, 0x01110403, 
    0x4c020300, 0x00020105, 0x01008602, 0x01030400, 0x01066904, 0x03000003, 0x22068259, 0x82610003, 0x51002b09, 0x00001314, 0x1c131719, 0x46821c14, 
    0x22251223, 0x21a58207, 0xbb792705, 0x1411260b, 0x27170706, 0x186d4132, 0x136ac12d, 0x7b7b6718, 0x437b6767, 0x41d2713e, 0xb4221072, 0xf64703ad, 
    0xcafe2607, 0xba176a4b, 0x077641d2, 0x4e022823, 0x05fb4717, 0x07821720, 0x2e360124, 0xd7831747, 0x00053c08, 0x0200004b, 0x00da023a, 0x0011000d, 
    0x00200019, 0x404e0026, 0x161d1e4b, 0x05060415, 0x06020108, 0x00004c02, 0x06050107, 0x00670500, 0x02010906, 0x69020604, 0x01040108, 0x82570401, 
    0x01042506, 0x02030a5f, 0x4f2e0e82, 0x24260000, 0x17192122, 0x10111214, 0x4e820e0f, 0x16110d26, 0x19060b21, 0x44088641, 0x89410953, 0x05380807, 
    0x11272634, 0x33033636, 0x23230603, 0x6004014b, 0xab444e72, 0x661a9ea7, 0x74663c3c, 0x1e1a1a1e, 0x251c0174, 0x46262021, 0x0b0b8f43, 0x6eda022d, 
    0x11664c5c, 0x4601b3fe, 0x3006a241, 0x08340108, 0x15452da2, 0x4615f2fe, 0x1f0144fe, 0x37ca8201, 0xf6ff4100, 0xe4021702, 0x41002700, 0x37403a00, 
    0x0403013f, 0x00010132, 0x032ec682, 0x03040004, 0x00008000, 0x01000401, 0xc418007e, 0x74180973, 0x2b28095e, 0x222b1222, 0x1c090610, 0x08b84418, 
    0xaf56a282, 0x18332005, 0x5409e753, 0x152605d6, 0x22230614, 0x0c881326, 0x36360723, 0x082d8835, 0x0606376c, 0x52612a41, 0x2b31443a, 0x81493e6d, 
    0x2a6b5c6d, 0x40374a57, 0x416e2b32, 0x6673864c, 0x333b3577, 0x233f366d, 0x3f39311f, 0x41386c35, 0x372f2027, 0x4c574ac0, 0x13402440, 0x3d671c31, 
    0x56657160, 0x363f4f44, 0x3113391f, 0x6746721d, 0xb5016d79, 0x32175531, 0x2b2f5319, 0x5e12144a, 0x175f3a3e, 0x2a4e1930, 0x0b0b3d29, 0x00820054, 
    0x23450220, 0x00072908, 0x402b000b, 0x02020528, 0x5f24e882, 0x38010100, 0x09d15118, 0x4e033928, 0x0a0b0000, 0xe64b0809, 0x09072206, 0xdc441819, 
    0x27113207, 0xe5231133, 0xb1f401b3, 0x023c3c66, 0xfd2828b2, 0x0517494e, 0x3605d74a, 0x001000da, 0x40320016, 0x0206112f, 0x4c010402, 0x01040400, 
    0x8401035f, 0x2269825d, 0x48010561, 0x132b0696, 0x090c0d12, 0x00040507, 0x4c100110, 0x352206de, 0xb44a3311, 0x24078205, 0x11270614, 0x06b44a23, 
    0x2e249033, 0x7a2a6256, 0x0a203ce4, 0x08026577, 0x610f53fd, 0x2d068253, 0x4f7765f8, 0x20fe6d02, 0x0000472e, 0xcf4c0200, 0x820c2008, 0x402f2381, 
    0x1b57062c, 0x07ea4508, 0x02030323, 0x0855465f, 0x0e0f1028, 0x000c000d, 0x5546180c, 0x0b145d05, 0x33272208, 0xafdd2303, 0x0e0d7f98, 0x0d0f0201, 
    0x7baf2c7f, 0x023e9a3d, 0x37e4fdda, 0x43111142, 0xfd1c0236, 0x22f18326, 0x82030000, 0x02003477, 0x00da0258, 0x0023001f, 0x403a002d, 0x1a292d37, 
    0x4f05060f, 0x063f0549, 0x01025f00, 0x38000002, 0x0501074d, 0x08600305, 0x03030204, 0x004e0339, 0x23242500, 0x82202122, 0x111f2935, 0x09111818, 
    0x332b1a09, 0x854e808a, 0x27232909, 0x23352626, 0x07070606, 0x01209383, 0x30075b4d, 0x92595907, 0x03010445, 0x56040405, 0x04055f38, 0x3a588203, 
    0x8e5d2a40, 0x020d0828, 0x30080b02, 0x3c513c69, 0x593e5f01, 0x04040907, 0x8308050b, 0x251b25ba, 0x1b252222, 0xe420ba82, 0x263c0988, 0x21652ed5, 
    0xd5266628, 0xfd8c0227, 0x27eb0174, 0x481c1e46, 0x00003b27, 0x1e000200, 0x3a200482, 0x2c062349, 0x0a314034, 0x04010407, 0x4c010504, 0x0a394700, 
    0x02040426, 0x02030660, 0x4906a547, 0x122807a0, 0x09071212, 0x13332b19, 0x2c08d082, 0x13033313, 0x25030323, 0x22230133, 0x85a9cfcb, 0xd8bd31a2, 
    0x01b18ea9, 0xb6fe465c, 0x01430145, 0x01fbfe97, 0xfecffe05, 0xfe170157, 0x055241e9, 0x14207b82, 0x44207b82, 0x0e2d7b82, 0x33001400, 0x11143040, 
    0x0501070d, 0x054a4203, 0x4108b647, 0x13290ccb, 0x000f1012, 0x180e000e, 0x05214812, 0x080a4b41, 0x27110331, 0x23033533, 0xa2d2e613, 0x030f0a92, 
    0x920a1203, 0x3c66ce2f, 0x01ba42b4, 0xfed60104, 0x0a2a16ba, 0x01162c0b, 0xfe45fe43, 0x01f728e1, 0x8460fe93, 0x4c4620ff, 0x09280653, 0x3c000d00, 
    0x01063940, 0x8205b951, 0x02002833, 0x07670001, 0x82020205, 0x83572081, 0x03022807, 0x0301065f, 0x684f0302, 0x2e080dc7, 0x08121112, 0x332b1906, 
    0x35210135, 0x21011521, 0x23012515, 0x2e014601, 0xbd01dcfe, 0x3301d2fe, 0x3001a0fe, 0x2cd0fe41, 0x2c288602, 0x82287afd, 0x76fd21fd, 0x00337a82, 
    0xff360004, 0x021002f6, 0x001a0030, 0x002d0023, 0x61b20032, 0x1133056b, 0x04020120, 0x182b2e2f, 0x2c080604, 0x03060001, 0x8d401b4c, 0x82072013, 
    0x85592013, 0x292c082c, 0x01020300, 0x80010302, 0x08000100, 0x67080106, 0x04020200, 0x04040061, 0x070a4d41, 0x00060602, 0x02090561, 0x003f0000, 
    0x31401b4e, 0x00302b99, 0x5f050606, 0x39050500, 0x07010a4d, 0x09610007, 0x2e05bc43, 0x251d4059, 0x2a000124, 0x252d2428, 0x181b1c2d, 0x230a3257, 
    0x0b1a011a, 0x2206b24a, 0x18333634, 0x080e3257, 0x35231168, 0x33370606, 0x27263411, 0x03151616, 0x35353632, 0x15072223, 0x06352716, 0x52e71415, 
    0x9a525e5f, 0x49393b44, 0x68032a03, 0x90797367, 0x3c8a5010, 0x2c26444a, 0x9a5145c0, 0x3b110f11, 0x4d5a0a3c, 0x4438574b, 0x4a3a454a, 0xfe5a5f60, 
    0x322b5389, 0x3e4f0132, 0x51100a4e, 0x4aa7fe35, 0xf303703f, 0x20d81103, 0x47414e4a, 0xff4b3005, 0x021702f6, 0x001100da, 0x00230015, 0x419e002a, 
    0x0e30051a, 0x081a242a, 0x07040503, 0x04000119, 0x401b4c02, 0x0620108a, 0x41411082, 0x18232006, 0x310acdc8, 0x61030707, 0x41030300, 0x0206094d, 
    0x61000404, 0x3b410801, 0x932b2007, 0x04002825, 0x005f0104, 0x18390101, 0x220a7e49, 0x184e003f, 0x2e0c7e49, 0x12131415, 0x06070a0c, 0x11000405, 
    0x4d0a1101, 0x27260590, 0x33112315, 0x40183611, 0x252507f6, 0x13231133, 0x05a25032, 0x06226508, 0x16141515, 0x35353637, 0x01272634, 0x104c376e, 
    0x4c109090, 0x5b5b4e37, 0x3c3cb9fe, 0x081209ef, 0x3f091208, 0x3c8c4a4a, 0x300a1d1f, 0xda02502a, 0x302afcfe, 0x5bab5c6c, 0x8a02326c, 0x02026cfd, 
    0x0202e201, 0x49ab4a56, 0x60291656, 0x14472fab, 0x02000000, 0xf6ff4b00, 0x30020d02, 0x21001900, 0x44404700, 0x4a1b8b50, 0x41200611, 0x0edd9f18, 
    0x230a594e, 0x07190119, 0x0cef9a18, 0x88501520, 0x08c68213, 0x692f0136, 0x66697b7b, 0x53612a78, 0x2f25252f, 0x782a6153, 0x20201ce4, 0x9760710a, 
    0x61717161, 0xfe0e5c4e, 0x4e5b0e32, 0x014d7160, 0x2b43169f, 0x00422b97, 0x41000400, 0xcf41ab84, 0x24252811, 0x050a0f20, 0x41210704, 0x108907cf, 
    0x2418cf41, 0x01006101, 0x08cf4101, 0xcf410320, 0x27258616, 0x03040400, 0x0303005f, 0x251fcf41, 0x0b0c0d0e, 0xcf410608, 0x060f5a07, 0x16323325, 
    0x42331117, 0x233a07fa, 0x35363203, 0x23263435, 0x11070622, 0x11271616, 0x15150606, 0x5b4eea14, 0xd2414e5b, 0x86460806, 0x3fb33c3c, 0x093f4a4a, 
    0x12080812, 0x0a201c44, 0x5cab5b6c, 0x012a306c, 0x5026fd04, 0x0232302a, 0x566cfd8a, 0x564aab49, 0x1efe0202, 0x01160202, 0x2f4714be, 0x040060ab, 
    0xf6ff4600, 0x30021202, 0x1c001500, 0x31502200, 0x22243705, 0x0504181c, 0x020d2306, 0x4c020403, 0x03020400, 0x80030402, 0x9c180107, 0x31501512, 
    0x1d1e2508, 0x1617191b, 0x08da7b18, 0x15011522, 0x5d073150, 0x152e05b6, 0x16152115, 0x37363233, 0x03060633, 0xcd823533, 0x33170727, 0x27263435, 
    0x3ecf8501, 0x6b2e0116, 0x696b7d7d, 0x26c4fe7b, 0x03645332, 0xbe7b032a, 0x322f25ac, 0x1f3cd626, 0x4100ff1d, 0x5a360aea, 0x49560fd7, 0x36016c5b, 
    0xcd0f0ece, 0x16432b32, 0x9d0162fe, 0xf2414216, 0x02003405, 0x00004100, 0xda021202, 0x1a001400, 0x3d404000, 0x46020117, 0x03280507, 0x0303005f, 
    0x01064d38, 0x09ff5c18, 0x02070931, 0x5f080000, 0x0808010a, 0x004e0839, 0x82151600, 0x11142135, 0x23200082, 0x0b200382, 0x108c6d18, 0x15331528, 
    0x15331123, 0xb3833325, 0x8d8d4127, 0xca3d3d8d, 0x380082b4, 0x1d3ce6fe, 0xd601281f, 0x423b3728, 0xfe288c28, 0x0228282a, 0x212f0489, 0x05834200, 
    0x2f434c20, 0x00252606, 0x0032002a, 0x0553449f, 0x2b2c0f36, 0x06132324, 0x26060506, 0x02010001, 0x12401b4c, 0x06070123, 0x13241582, 0x07050506, 
    0x03211483, 0x0758444c, 0x0601072e, 0x03610206, 0x41020201, 0x0501094d, 0x2105126a, 0x5f834d3f, 0x01085f2b, 0x043d0404, 0x2b401b4e, 0x20248300, 
    0x22238300, 0x84070700, 0x973b20ee, 0x5923082d, 0x1a1b1740, 0x292a0000, 0x251a2022, 0x1900251b, 0x25131800, 0x090a3124, 0x35172b1a, 0x37323233, 
    0x18060635, 0x8209248c, 0x14112312, 0xdb5e2306, 0x11072708, 0x35361716, 0xbb412311, 0x6d4d0807, 0x040a05fd, 0x4f374a10, 0x374f5c5c, 0x5890104a, 
    0x4740744b, 0x10154047, 0x3c3cc610, 0x201c00ff, 0x0128b420, 0x6c2e29d8, 0x6c5cab5b, 0xfd4d292e, 0xd2594ccb, 0x4aab4956, 0x1efe0456, 0x511e9c04, 
    0x37fe0d02, 0x4614bc01, 0x452fab2f, 0x06f75100, 0xda021037, 0x16001200, 0x40001b00, 0x0c1b3d40, 0x03050303, 0x06004c01, 0x06f14f06, 0x25076e4e, 
    0x01074d41, 0x904f0505, 0x1718250b, 0x13141516, 0x12233b82, 0x49231322, 0x22450529, 0x23112808, 0x22232611, 0x50111506, 0x5508057e, 0x4b273411, 
    0x34481190, 0x0f905b4d, 0x66463d13, 0x35013c3c, 0xda023c3c, 0x2e2afefe, 0x98fe5c6c, 0x56040402, 0x2898fe4a, 0x76fd8a02, 0x29604001, 0x00040000, 
    0x02000041, 0x00190326, 0x0017000b, 0x00250021, 0x11b04b8b, 0x2d405850, 0x0b02010c, 0x02060001, 0x9a876900, 0x0a4d4022, 0x06219a82, 0x23b4825f, 
    0x07094d3b, 0x08224c82, 0x6b420d5f, 0x401b2305, 0xa955002b, 0x98378906, 0x4059362d, 0x0d181825, 0x2500010c, 0x18222324, 0x20211821, 0x1c1d1e1f, 
    0x326a181b, 0x090e250d, 0x22012b16, 0x095c9718, 0x18322721, 0x26096c62, 0x11333503, 0x42213523, 0x232605bb, 0x31293b01, 0x03832931, 0x1b1b1723, 
    0x27038217, 0x019ab3e3, 0xf8fea22a, 0x7d24fa82, 0x2a24242a, 0x23310383, 0x17141318, 0x18131417, 0x012860fd, 0x02fe28d6, 0x83068228, 0xff4b24ff, 
    0x86bd014c, 0x002428ff, 0xb68b0029, 0x69021c25, 0x112805df, 0x2b405850, 0x0902010a, 0x200f0741, 0x09074108, 0x0404002d, 0x010b5f07, 0x073d0707, 
    0x18401b4e, 0x96126c63, 0x326b182b, 0x28292a08, 0x23182418, 0x1d1e1f20, 0x326b181b, 0x21ff8b1c, 0xa8543501, 0x11212b05, 0x37230614, 0x23113536, 
    0x03416301, 0xfffe2a0e, 0xbd161c9f, 0x5c664d01, 0x1406415c, 0x28acfc2f, 0x28840206, 0x6559e4fd, 0x01582640, 0x082353f4, 0x23533220, 0x40472708, 
    0x02071344, 0x23530201, 0x252d8212, 0x02004d38, 0x27533b02, 0x53372028, 0x373b1027, 0xa5993ed6, 0x664867a8, 0x36013c3c, 0x022a8244, 0xfb51feda, 
    0x0189feaf, 0x42fdfe03, 0x2a2205a1, 0xab4d002f, 0x000a2e09, 0x4031000f, 0x03010b2e, 0x044c0101, 0x069a5b01, 0x03218582, 0x05436203, 0x4e003925, 
    0x620d0001, 0x0a260743, 0x09060a01, 0xe2662b16, 0x15333e08, 0x11231127, 0x436a0114, 0x3d01ac49, 0x473ce1b7, 0x2d260240, 0x302d53fd, 0xdafd7d02, 
    0x21d08248, 0x61820400, 0x02003108, 0x00300249, 0x0022001c, 0x002c0028, 0x1ab04bc1, 0x0e405850, 0x03092228, 0x01050704, 0x0501124c, 0x401b4b01, 
    0x02222811, 0x0309050a, 0x020a0702, 0xd9441385, 0x0a1d3e06, 0x00050501, 0x02010261, 0x4d3b0000, 0x07020809, 0x0b600307, 0x03030406, 0x4e033903, 
    0x204e851b, 0x20248327, 0x23248201, 0x4d410101, 0x5f213084, 0x212e9400, 0x5c6c2540, 0x4d412508, 0x000a0a00, 0x25082795, 0x17405959, 0x2b2c0000, 
    0x2324292a, 0x1c001d1e, 0x15111c00, 0x11232413, 0x2b1c090c, 0x15331133, 0x32333636, 0x05841716, 0x23111525, 0x87060611, 0x33252605, 0x27263411, 
    0x08058703, 0x8c0f234b, 0x26293407, 0x39060a38, 0x8e40362d, 0x24822a24, 0x3c46012a, 0x32d01c20, 0x3cda171b, 0x4226023c, 0x242a2923, 0x3b462a24, 
    0x070251fe, 0xfe283204, 0x02080257, 0x57fe2934, 0x23810128, 0x24fe0731, 0x2e218101, 0x0126fe0a, 0x097355d6, 0x30021022, 0x2606f744, 0x18b04b7a, 
    0x44b75850, 0x1b2c07fb, 0x010c0b40, 0x031b0306, 0x02060502, 0x20071a46, 0x0501521a, 0x00010124, 0x09453b00, 0x401b220e, 0x09244522, 0x8f073845, 
    0x40592424, 0x45000013, 0x06411431, 0x45fa8305, 0x26232231, 0x452c294b, 0x01270b30, 0x012afed6, 0x48296040, 0x37540a63, 0x5441201f, 0x9a772537, 
    0x0ec95209, 0x16141525, 0x4a363605, 0x2c2405ec, 0x6a7c7c6a, 0x31300383, 0x30312525, 0x1c502626, 0x1c012020, 0x1d1f1f1d, 0x2e07304a, 0x28716097, 
    0x0fcc010f, 0x0f34fe0f, 0x4a9e0126, 0x38080532, 0x2b421616, 0x16432b97, 0x04000000, 0x4cff4b00, 0x30021702, 0x1f001100, 0x2a002300, 0xb04b9800, 
    0x40585018, 0x16242a0b, 0x06031015, 0x4c010504, 0x160e401b, 0x2a050701, 0x22108224, 0x41070405, 0x23260894, 0x05050107, 0x94416100, 0x01092105, 
    0x27060c52, 0x06004d3f, 0x085f0306, 0x24054f5e, 0x002b401b, 0x05c84705, 0x004d4124, 0xab420707, 0x2a2d9507, 0x13184059, 0x23000012, 0x67202122, 
    0x11250b9a, 0x2b19090a, 0x07b24217, 0x35521520, 0x11272205, 0x0c014c37, 0x1133072b, 0x36360123, 0x27343535, 0x06004c4b, 0x4c374e24, 0x004c8910, 
    0x3cb03708, 0x1d3c013c, 0x02b43c1f, 0x302a50da, 0x5cab5c6b, 0xfe2a306c, 0x004cd2fc, 0x4a552d05, 0xaa5749ab, 0x36fe8a02, 0xab2f4714, 0x20060347, 
    0x05d348ff, 0x250f1b41, 0x1c1d2425, 0x1b41010e, 0x011c2307, 0x11820507, 0x41010e21, 0xcc43101b, 0x82092007, 0x610024ed, 0x41000000, 0x02261d1b, 
    0x0202005f, 0x2d964d3b, 0x28141b41, 0x0a232513, 0x052b1909, 0x0fc74811, 0x4d4b2520, 0x33172c0c, 0x11012311, 0x14151506, 0x4d7d0116, 0x4e26051c, 
    0x90104c37, 0x504be7fe, 0x3cbc3b08, 0x3c00ff3c, 0x0401b420, 0x5c6c302a, 0x306b5cab, 0x26fd502a, 0xab4957d2, 0x504b554a, 0x02aa2b05, 0x0136fe8a, 
    0xab6029be, 0xcb82472f, 0x00020034, 0x0200002d, 0x00300230, 0x001d0019, 0x0107b577, 0xa0640104, 0x00232d07, 0x01000104, 0x09800004, 0x01010205, 
    0x3205d349, 0x06084d3b, 0x07000002, 0x07010a5f, 0x4e073907, 0x872b401b, 0x05002225, 0x07474e05, 0x8f07c145, 0x4059282d, 0x1d000014, 0x821a1b1c, 
    0x1319236d, 0xba4a1323, 0x2b1d2705, 0x11333533, 0xcd443523, 0x18152006, 0x22094c7a, 0x82271533, 0x2d230818, 0x0fef5f5f, 0x484e2f40, 0x3b3f352a, 
    0x3cde783b, 0xd601283c, 0x2b274828, 0x23235c6c, 0x4a56564a, 0x8228c0fe, 0x0aef4d11, 0x4100272d, 0x38403b00, 0x0204013f, 0x82324c01, 0x004b218d, 
    0x2115f454, 0x89184d41, 0xf4540a53, 0x1616230b, 0xc6543233, 0x32332a0a, 0x26231716, 0x06222326, 0x25f45415, 0x2a4b6b08, 0x34485b05, 0x8f1d223c, 
    0x65773b33, 0x2a0a6f56, 0x34394f09, 0x86191e3c, 0x6b7c443b, 0x2b2b7660, 0x312b9025, 0x342c171d, 0x27852d35, 0x2e1a212e, 0x3c348f39, 0x2a1c262d, 
    0x520f2b09, 0x4b5c5037, 0x2d352f41, 0x08251826, 0x3d5c1127, 0x01535b4e, 0x0b3f2b42, 0x263c0d2b, 0x090c321f, 0x49302f42, 0x370b270d, 0x0d341d24, 
    0x8f45440a, 0x00373e05, 0x02120200, 0x001000c1, 0x001a0014, 0x15434046, 0x01010601, 0x0003004c, 0x08030208, 0x05c34167, 0x04075f3a, 0x3b020202, 
    0x0606004d, 0x010a5f00, 0x00390000, 0x1700014e, 0x12131416, 0x20053558, 0x06a6690a, 0x10011023, 0x0962470b, 0x33353322, 0x24064f4c, 0x23353301, 
    0x05b95413, 0x3b3f3b2b, 0xc1908a8a, 0xdefebcc1, 0x3600823c, 0x013d401f, 0x9b9b2881, 0x282afe28, 0xfd732602, 0xfed40191, 0x822c227f, 0x0002289c, 
    0x02f6ff50, 0x55260208, 0x8f82173b, 0x36343b55, 0x9077662d, 0x5f522924, 0x3cdc762a, 0x65770a20, 0x06fe5401, 0x8253610e, 0x65ac2906, 0xba014e77, 
    0x492ed4fe, 0x2d247f84, 0x2b020000, 0x3b557f82, 0x537e8215, 0x3b550c6f, 0xdc21081e, 0x117699af, 0x15020214, 0xae2c7510, 0x3f943e81, 0x8efe2602, 
    0x0b0b4835, 0x72013449, 0x0128dafd, 0x207382d6, 0x22038203, 0x82580200, 0x00212d73, 0x00300025, 0x30364039, 0x0406102b, 0x200d3a55, 0x103a553b, 
    0x2526272c, 0x00222324, 0x11210021, 0x3a55191a, 0x023e230b, 0xd9721337, 0x36262106, 0x03210a82, 0x062c6323, 0x3b550720, 0x06233709, 0x62070706, 
    0x04499262, 0x03010205, 0x344c0406, 0x0206055f, 0x0c820103, 0x612e443b, 0x0b042498, 0x05090102, 0x553d7520, 0x3d50013d, 0x020b0650, 0x050c0202, 
    0x3fbf820b, 0x15211671, 0x1617100e, 0x70fe9001, 0x14152016, 0x110e0910, 0xdafd8f01, 0x1e4112a2, 0xa2184316, 0xfe2ad482, 0x1b5f012a, 0x43161643, 
    0xdb823a1b, 0x25074355, 0x000b0026, 0x4355000f, 0x4d3b2314, 0x43550400, 0x372a081c, 0x37173303, 0x23130733, 0x33250727, 0xb23a2301, 0x8b7eb2ce, 
    0xb2d5a935, 0x30019484, 0x48ccfe4a, 0xbf3901ed, 0xbdfee3bf, 0x7f82c8c8, 0x0200002a, 0x4cff2d00, 0x26022b02, 0x192a7182, 0x2e403100, 0x06091013, 
    0x324f0004, 0x5f012505, 0x01010102, 0x00247382, 0x05610300, 0x2305b746, 0x14150000, 0x0e2d2b82, 0x06211412, 0x172b1909, 0x36323335, 0x08758237, 
    0x33131343, 0x23060601, 0x37363637, 0x1e132303, 0x2f2b4f02, 0xea1e133d, 0x2e98999f, 0x5418f1fe, 0x1005b436, 0x8e429e0a, 0xb4131408, 0x442b3128, 
    0xa5fe1202, 0x9bfd5b01, 0x0cf93f36, 0x6901182c, 0x2c12b7fe, 0x0a475527, 0x09002628, 0x32000d00, 0x47552f40, 0x01052106, 0x24067158, 0x01044d3b, 
    0x05405502, 0x03390329, 0x0d00004e, 0x820a0b0c, 0x1209222c, 0x05455611, 0x82093d55, 0x014638ff, 0x01ebfe1e, 0x01e4feb6, 0x4762fe29, 0x29461d01, 
    0x2a28d501, 0x83282cfe, 0x430320fc, 0xe4320643, 0x1c000e00, 0x3e002800, 0x05003b40, 0x02040108, 0xc34d0405, 0x4d3e2108, 0x3a096f7c, 0x1e4e003f, 
    0x010f101d, 0x1d222400, 0x17281e28, 0x101c0f15, 0x0006081c, 0x610e010e, 0x11200e1e, 0x2a06096e, 0x23263411, 0x11150622, 0x4d371614, 0x012e0a99, 
    0x7777652c, 0x36776565, 0x493c4363, 0x03833c49, 0x21211b23, 0x3303821b, 0x0162750a, 0x75756240, 0x41c0fe62, 0x4d4d3561, 0x3d40013d, 0x25080582, 
    0x4d3dc0fe, 0x1b1c1ef3, 0x1c1b1d1d, 0x0100001e, 0x00005a00, 0xda021c02, 0x29000a00, 0x04052640, 0x01000303, 0x03824c01, 0x024d382a, 0x03000001, 
    0x03010460, 0x82051c41, 0x0a220821, 0x05111411, 0x332b1909, 0x07113335, 0x11333735, 0xc65a1533, 0xa27ba5c6, 0x943a0252, 0x78fd7b67, 0x00820052, 
    0x4c000122, 0x0f2b5382, 0x1800e402, 0x31403400, 0x84030101, 0x82002051, 0x80032159, 0x022c1f82, 0x02020061, 0x03004d3e, 0x055f0403, 0x8207a662, 
    0x1618272b, 0x06271222, 0x5e821a09, 0x36361323, 0x20ef8535, 0x053b4b23, 0x06142a08, 0x15210707, 0x2c35f356, 0x473d3b45, 0x6378035a, 0x45397765, 
    0x534c01c5, 0x58380401, 0x49473c2a, 0x7274633e, 0x48743462, 0x248386ce, 0x01f6ff46, 0x27d782fe, 0x4043001c, 0x10151640, 0xd7826d82, 0x01040336, 
    0x80010304, 0x04020100, 0x007e0201, 0x5f050404, 0x38050500, 0x0ec3c818, 0x1213142d, 0x080d0f11, 0x00030406, 0x541c011c, 0x33200755, 0x8206566d, 
    0x35232798, 0x21352137, 0x61680715, 0x21013705, 0x465a7665, 0x46463c3c, 0xfeb34f3c, 0xb09201d4, 0x0a77685a, 0x10836171, 0x463c3235, 0x5452be4e, 
    0x5b6f07bb, 0x00716132, 0x00460001, 0x82ea0100, 0x000b2997, 0x062d4030, 0x03020203, 0x02299682, 0x02040000, 0x01006800, 0x418a8201, 0x0b2a0d17, 
    0x12110b00, 0x09061112, 0x72822b1a, 0x3301353d, 0x35331501, 0x90011133, 0x0a01b6fe, 0xf0eafe66, 0x018da05a, 0x273ffead, 0x825cfeb2, 0x4b00255a, 
    0x0302f6ff, 0x1b245f82, 0x3b403e00, 0x08b16a18, 0x03000626, 0x67030601, 0xf861eb82, 0x83162014, 0x861020f1, 0x011b22f2, 0x5d73181b, 0x2df28b07, 
    0x21152111, 0x16323317, 0x06141515, 0xf1862601, 0xc73a442a, 0xcffe8501, 0x6e657602, 0x2d29f187, 0x6301463c, 0x656fbf52, 0x22ef822d, 0x82400002, 
    0x8218208f, 0x00152a8f, 0x40380021, 0x04010a35, 0x24f08402, 0x04020304, 0x20f0846a, 0x081f7106, 0x4e003f34, 0x00011617, 0x21161b1d, 0x0d0f2117, 
    0x15000809, 0x7e411501, 0x35262a06, 0x13373634, 0x36170333, 0x20848236, 0x07207116, 0x39052542, 0x2d011614, 0x243c6b46, 0xb464a91f, 0x1f340d03, 
    0x3c376141, 0x51414769, 0x03824151, 0x693b0a30, 0x37653045, 0xc7fe2f01, 0x39121102, 0x29824264, 0x45565024, 0x03835645, 0x00000029, 0x00520001, 
    0x82220200, 0x000830a3, 0x0107b552, 0x4c010001, 0x500ab04b, 0x82184058, 0x0003231b, 0x24827201, 0x005f0226, 0x4d380202, 0x22060d43, 0x8519401b, 
    0x05d0421a, 0x59221b8c, 0x2f820c40, 0x08000824, 0x2c431111, 0x21013805, 0x21352315, 0x01be0115, 0x5aeafe04, 0xfefed001, 0xc8768802, 0x827afd54, 
    0x03210826, 0xf6ff4200, 0xe4021602, 0x29001d00, 0x45003500, 0x07164240, 0x01020502, 0x0201074c, 0x02040500, 0x0a3e4405, 0x67010821, 0x003b0683, 
    0x2b4e003f, 0x011e1f2a, 0x2a2f3100, 0x25352b35, 0x1f291e23, 0x000e1029, 0x441d011d, 0xba74063e, 0x1415260f, 0x16150706, 0x22068216, 0x51320306, 
    0x132009cd, 0x21080b8a, 0x6a452c01, 0x39424f3b, 0x3f613644, 0x44366040, 0x3b4f4239, 0x44384669, 0x45373844, 0x50403745, 0x03824050, 0x1c820a20, 
    0x0b64453c, 0x3a590d03, 0x31315739, 0x593a3957, 0x640b030d, 0x36613f45, 0x3542b001, 0x03834235, 0x4ba1fe29, 0x4b4b3d3c, 0x824b3c3d, 0x020027e2, 
    0x00004000, 0xe3821802, 0x2100152f, 0x33403600, 0x03000101, 0x01064c01, 0x2c168203, 0x00690003, 0x61010404, 0x3e010100, 0x061e5d4d, 0x00161722, 
    0x31060342, 0x15001500, 0x09072426, 0x13332b18, 0x23060627, 0xd7832622, 0x22070042, 0x8a110307, 0xb4c331be, 0x20360a03, 0x3c365f3f, 0x6a47456a, 
    0xa91f243c, 0x2706ff41, 0x10023901, 0x42643913, 0x09421482, 0xd1fe2305, 0xff415e01, 0x0bbb450a, 0x1e001622, 0x1c2ba183, 0x0410111b, 0x4c010203, 
    0x88020200, 0x0303349b, 0x01046100, 0x003f0000, 0x0117184e, 0x181e1700, 0x4513151e, 0x415e05b3, 0x83342008, 0x11152d9b, 0x03060614, 0x26260111, 
    0x13062223, 0x1123a282, 0x45161601, 0xc82e09a9, 0x440b0501, 0x85493c31, 0xfbfe493c, 0xa845440b, 0x1702330d, 0x3c01ecfe, 0xfd4d352d, 0x013d4df9, 
    0x2dc4fe14, 0x00820035, 0x5800012c, 0x13020000, 0x2200e402, 0xf0532e00, 0x01002105, 0x261a4d45, 0x1b220022, 0x452b1223, 0x3424054d, 0x37373636, 
    0x21095145, 0x4043023e, 0x07450806, 0x15060607, 0x59152115, 0x642d4a2b, 0x3a482f28, 0x025a483a, 0x423f6239, 0x404a3864, 0x01442b66, 0x57348060, 
    0x112b1342, 0x4b3c2948, 0x60403c4b, 0x40603737, 0x2c1c7244, 0x29354c13, 0x00020052, 0x02f6ff55, 0x3b938211, 0x0029001b, 0x12464049, 0x01060501, 
    0x0302004c, 0x04020304, 0x00040080, 0x06040506, 0x240cbf42, 0x61000505, 0x05424107, 0x011c1d2a, 0x1c222400, 0x16291d29, 0x0a13e618, 0x250dfc46, 
    0x26262317, 0x5b182223, 0x34381a8b, 0x65767867, 0x5a07725b, 0x3b334305, 0x3d4f0b45, 0x67776d5e, 0x3d47473d, 0x0a3a0382, 0x40016374, 0x47597463, 
    0x3e492e22, 0x743730a5, 0x74632b63, 0x2b3e4950, 0x0484493e, 0x4920bf82, 0x0320bf82, 0x0b20bf89, 0x0120bf85, 0x31052667, 0x00050108, 0x03050103, 
    0x06060069, 0x04006104, 0x2d673e04, 0x27bf8d0c, 0x03040608, 0x1b011b00, 0x4e18bf86, 0x324e08de, 0x1115270b, 0x32030614, 0xea763536, 0x28012109, 
    0x0a2ebb88, 0x6c5e3e4e, 0x77676676, 0x463d6776, 0x03823d46, 0x4a5b0a39, 0x3e493025, 0x743932b8, 0x74631c63, 0xc0fe6374, 0x74017463, 0x831c3e49, 
    0x200482c0, 0x0a3f4400, 0x1b00e52e, 0x37002900, 0x33403600, 0x07151d31, 0x2b1bbb42, 0x00012a2b, 0x372b372a, 0x0d0f2325, 0xbb42b283, 0x35262406, 
    0x43373634, 0x2e440d5e, 0x42172006, 0x1422093b, 0xc0821316, 0x26346608, 0x06072727, 0x16141506, 0x6a462c01, 0x41424f3a, 0x3f623940, 0x4038633f, 
    0x3a4f4241, 0x191d6469, 0x3a483a2f, 0x4a38483a, 0x31365042, 0x34302e2b, 0x57310a50, 0x1e6b3e39, 0x37335920, 0x54303054, 0x21593237, 0x393e6b1e, 
    0xb5013157, 0x43120a0b, 0x3e3d3128, 0xfe422930, 0x2c38458a, 0x12111347, 0x382b4713, 0x24de8245, 0x55000100, 0x05cf46ff, 0x00202108, 0x174a404d, 
    0x01070301, 0x0304004c, 0x01040301, 0x02010080, 0x7e020103, 0x03000700, 0x69030704, 0x47072e5e, 0x082006cd, 0x25056742, 0x191b0001, 0xd1471516, 
    0x0120220a, 0x0fa54120, 0x2326342f, 0x23070622, 0x21152111, 0x33363617, 0x05e34636, 0x5b2a5c08, 0x055a0773, 0x443a3443, 0x39273a44, 0x85015a0d, 
    0x0d02cffe, 0x645b3548, 0x4e5c0a75, 0x3c463129, 0x28463c47, 0x528f011e, 0x012924f5, 0x6147636f, 0x00ffff71, 0x0176ff89, 0x034001cf, 0x00020307, 
    0x00fdfd00, 0x0200b109, 0xb0fdfdb8, 0x00002b35, 0x00ffff00, 0x017bff96, 0x823b01e0, 0x8703201f, 0x8b01201f, 0x8293201f, 0x84c9201f, 0x9404203f, 
    0x828b201f, 0x84ce205f, 0x9405203f, 0x828f201f, 0x84bd203f, 0x9406201f, 0x848d201f, 0x207f839f, 0x201f9407, 0x201f8286, 0x203f84d2, 0x20bf9408, 
    0x855f8294, 0x9409207f, 0xff87263f, 0x01d1016c, 0x20df8236, 0x201f820a, 0x23ff83f3, 0xf3fdb803, 0x8b20ff88, 0xcd203f82, 0x0b20df84, 0x89265f94, 
    0xcf01fbff, 0x3f41c501, 0x82fe2105, 0x21053f41, 0x3f8882fe, 0x00009626, 0xc001e001, 0x85053f41, 0xb801211f, 0x93201f8a, 0xc9201f82, 0x04223f84, 
    0x1f920000, 0x5f828b20, 0x3f84ce20, 0x1f940520, 0x00008f24, 0x1f84bd01, 0x1f940620, 0x9f848d20, 0x07207f83, 0x86201f94, 0xd2201f82, 0x08203f84, 
    0x02201f87, 0x94239f8b, 0x85010000, 0x9409207f, 0x8287203f, 0x84d1203f, 0x870a20bf, 0x8b03201f, 0x828b203f, 0x84cd203f, 0x940b201f, 0x01892c5f, 
    0x02cf0115, 0x030603df, 0x419c0002, 0xff2f053d, 0x2b35b09c, 0x00ffff00, 0x011a0196, 0x82da02e0, 0x8503201b, 0xb801211b, 0x93201b88, 0xc9201b82, 
    0x04203784, 0x8b201b90, 0xce205382, 0x05203784, 0x8f201b90, 0xbd203782, 0x06201b84, 0x8d201b90, 0x6f838b84, 0x1b900720, 0x1b828620, 0x3784d220, 
    0xa7900820, 0x53829420, 0x09206f85, 0x87203790, 0xd1203782, 0x0a20a784, 0x03201b85, 0x8b20c389, 0xcd203782, 0x0b201b84, 0x0029538d, 0x01890002, 
    0x03cf0179, 0x63ac1843, 0x5652200f, 0x53200a2a, 0x1263ac18, 0x20e37818, 0x5a5a4923, 0x23038349, 0x29333329, 0x01270382, 0x81495c79, 0x825b5b49, 
    0x405c2c04, 0x2c812d38, 0x812c3838, 0x8200382d, 0x00012800, 0x017e0196, 0x4d3e03e0, 0x5020106b, 0x220a6b4d, 0x824e0351, 0x000a2a2b, 0x1114110a, 
    0x2b190b05, 0x096b4d13, 0x8d909635, 0x01736074, 0x4401417e, 0xfe474955, 0x00004181, 0x82930001, 0x82c92053, 0x4d1a20d7, 0x5220196b, 0x21096b4d, 
    0xe0750451, 0x23172606, 0x0b062712, 0x485e821a, 0x2a081519, 0xb79c1533, 0x232f1814, 0x02473122, 0x2c29452a, 0x242a2945, 0x7e01dc8c, 0x25119e4d, 
    0x2c2b2316, 0x25402b24, 0x242a3f23, 0x82771f3e, 0x24878286, 0x0179018b, 0x27db82ce, 0x4043001a, 0x0f141540, 0x201b6f4d, 0x096f4d50, 0x4e005333, 
    0x12130001, 0x0c0e1011, 0x03040608, 0x1a011a00, 0x06734107, 0x4d067c4c, 0x2321056e, 0x056e4d35, 0x06142908, 0x5a472c01, 0x28283247, 0x29283232, 
    0x1d01d573, 0x5a493c75, 0x42527901, 0x252f2f25, 0x58452e25, 0x075c4841, 0x52423a4c, 0x8f249382, 0xbd017e01, 0x6b4d9382, 0x4d868216, 0x1741076b, 
    0x4d0b2005, 0x0b29066b, 0x35012b1a, 0x33373523, 0x056b4d03, 0xaee77632, 0x47a1b850, 0x5d697e01, 0x0df6fefa, 0x00e5fe72, 0x01220082, 0xf3828d00, 
    0x5f82cf20, 0x6b4d1920, 0x23ec861b, 0x00000107, 0x1974ec84, 0x23ee8605, 0x08190119, 0x2127ee92, 0x33152315, 0x82151632, 0x2f2008ed, 0x32465949, 
    0x3030282a, 0x1a018b28, 0x564a48d7, 0x50790158, 0x2f2c2844, 0xdd2e2625, 0x424e623f, 0x0024e982, 0x86000200, 0xd2208b82, 0x10278b82, 0x38001c00, 
    0x4d083540, 0x50200f67, 0x820a877e, 0x11123187, 0x16180001, 0x1c121c11, 0x06070a0c, 0x10011000, 0x26077641, 0x33373734, 0x85363307, 0x0cf95c7e, 
    0x4b2d2608, 0x4d7e245c, 0x311b0481, 0x4b5b4e40, 0x2a34342a, 0x01343529, 0x32435579, 0x25c5c239, 0x55433f4e, 0x27273140, 0x41038331, 0x9424051f, 
    0xce017e01, 0x574d9382, 0x4d11200b, 0x50281257, 0x0301044d, 0x4e035103, 0x8812574d, 0x0c574d1b, 0x2b190b32, 0x15231313, 0x15213523, 0xafb1d803, 
    0xa83a0146, 0x80256b82, 0xfe4c8e4e, 0x347b838c, 0x01870003, 0x03d10179, 0x00190043, 0x00310025, 0x13424045, 0x15574d06, 0x4d4d5221, 0x533b0957, 
    0x26274e00, 0x00011a1b, 0x31262b2d, 0x1f213127, 0x251b251a, 0x19000c0e, 0x18091901, 0x18088b7d, 0x18078145, 0x4d0bcb62, 0x17200b53, 0x3b0c534d, 
    0x2e3a5c49, 0x4555332a, 0x2c345646, 0x4a5b3a2f, 0x27303027, 0x262f2f26, 0x2a36362a, 0x26080382, 0x3a497901, 0x04043d2e, 0x35223408, 0x22354141, 
    0x04040834, 0x493a2e3d, 0x1d240b01, 0x1d25251d, 0x29ce241d, 0x83292121, 0x22d78303, 0x828b0002, 0x82cd20e7, 0x4c1220d7, 0x4b4d05a9, 0x05d64416, 
    0x4e025137, 0x00001314, 0x1e13181a, 0x12001e14, 0x24241200, 0x2b180b07, 0x2f501813, 0x05ad4c07, 0x07061423, 0x0be74107, 0x7ee72608, 0x1d260a04, 
    0x49574a3f, 0x1616584a, 0x3326086d, 0x30292930, 0xc57e0130, 0x3e4f1510, 0x44545444, 0xad233c21, 0x07ea41d5, 0x00ffff2d, 0x017bff9a, 0x034001ce, 
    0x48150307, 0x90241413, 0xd40176ff, 0x16201f84, 0x2014f347, 0x201f8284, 0x201f84c8, 0x261f9417, 0x0100009a, 0x85c501ce, 0x12d3475f, 0xfbff9022, 
    0x1f835f82, 0x33485f82, 0x82842012, 0x84c8201f, 0x925f823f, 0x019a281f, 0x02ce011a, 0x820603df, 0x009c24bf, 0x4700b109, 0x90240a17, 0xd4011501, 
    0x16201b84, 0x820d5346, 0x828420f7, 0x84c8201b, 0x8d17201b, 0x01002f1b, 0x7e019a00, 0x4303ce01, 0x31001e00, 0x2c502e40, 0x82022008, 0x000228c9, 
    0x04030069, 0x53570304, 0x03350701, 0x00004f04, 0x1e001e00, 0x2a122219, 0x2b1a0906, 0x3e343513, 0x70c81804, 0x153e080c, 0x15040e14, 0x21a01533, 
    0x21353a35, 0x2e26232d, 0x43465648, 0x3c342255, 0x01e72234, 0x3b2f397e, 0x241a1b26, 0x2d27201c, 0x4a504023, 0x2234293d, 0x20281c1a, 0x02000041, 
    0x79019000, 0x8782d401, 0x26001a26, 0x4a404d00, 0x770ea34d, 0x062b09e2, 0x69060405, 0x00050108, 0x82590500, 0x05a84d06, 0x5100052c, 0x00011b1c, 
    0x261b2022, 0xa74d261c, 0x011a2308, 0x2162091a, 0x48431806, 0x1436440e, 0x49322f08, 0x444c5659, 0x04450456, 0x322b2431, 0x41541601, 0x29495953, 
    0x2a2a3232, 0x79013332, 0x4a944354, 0x1b374555, 0x502d3423, 0x43414f4c, 0x43443f54, 0x0002220b, 0x20bf8284, 0x22bf86c8, 0x4d49404c, 0x634e0da3, 
    0x09ab4d07, 0xf3820220, 0x02005929, 0x07610002, 0x8b020001, 0x131521be, 0x8906df52, 0x08a64dbe, 0x23063122, 0x18085455, 0x5a08114a, 0x012c054d, 
    0x04574326, 0x24300545, 0x5516312c, 0xcd82b983, 0xb9824b20, 0xc1822a20, 0x4479013f, 0x34211834, 0x4e4c552c, 0x52524240, 0x56499742, 0x26272fe0, 
    0x26263030, 0xffff0030, 0x090b4b00, 0x0b4b1b20, 0x09eb4914, 0x97421f82, 0x0ceb4905, 0x1001872c, 0xda02d101, 0x1b030603, 0x494b9700, 0x97ff2605, 
    0x002b35b0, 0x09df4400, 0x2205f74d, 0x4d37403a, 0xf88209f7, 0x02010326, 0x03010569, 0x59202882, 0xb8500682, 0x00032205, 0x13fb4d51, 0x2105e863, 
    0x3e703737, 0x06142a09, 0x16170707, 0x06141516, 0x0cfb4d03, 0x4d05d844, 0x560809fb, 0x20285c49, 0x2a1f1a26, 0x56444456, 0x201c1d25, 0x725b2722, 
    0x17112b2a, 0x3025262f, 0x352b3b1a, 0x35311419, 0x01351914, 0x1f3a4979, 0x0c100e2d, 0x361b2f0e, 0x1e364343, 0x0f0c0d2e, 0x3a1e2d0f, 0x13190149, 
    0x131c0812, 0x1c23231c, 0x25e41b12, 0x091e141e, 0x82081717, 0x00263106, 0xffff0000, 0x76ff8a00, 0x3b01cc01, 0x1f030703, 0x28145744, 0x0115018a, 
    0x03da02cc, 0x431f8206, 0x8a220fb7, 0x1b821001, 0x1b84d520, 0xd3439720, 0x053b4106, 0x8a00012f, 0xcc017901, 0x1e003e03, 0x4d405000, 0x14534e16, 
    0x06000526, 0x67060507, 0x42085b4e, 0x082b0957, 0x00020001, 0x1a000151, 0x48141518, 0x1e220ab8, 0x14431e01, 0x07554206, 0x2209554e, 0x47361523, 
    0x3008064f, 0x59402a01, 0x31054807, 0x32322822, 0x0b291b28, 0xd91c0141, 0x3e22340d, 0x79015a4e, 0x1f193543, 0x32262533, 0x0101121a, 0x1a148840, 
    0x56424053, 0x2e008200, 0x00050001, 0x02530200, 0x000300da, 0x82164019, 0x4d382411, 0x7a010102, 0x138205e8, 0x03110333, 0x332b1709, 0x05013301, 
    0xfe55f901, 0xfdda0207, 0x82248226, 0x083787a5, 0x2e001277, 0x06b16a00, 0x5f404464, 0x0305090a, 0x14280201, 0x29070902, 0x03090501, 0x0201044c, 
    0x00850201, 0x06090607, 0x03800907, 0x00000101, 0x68000108, 0x06000800, 0x69060807, 0x05050900, 0x09005709, 0x0c5f0509, 0x05030b0a, 0x134f0509, 
    0x13000013, 0x2d2e132e, 0x1e20222b, 0x00191b1d, 0x12120012, 0x11111711, 0x2b1b090d, 0x440006b1, 0x35230133, 0x06063533, 0x06235807, 0x9b821320, 
    0x57373521, 0x153212d1, 0x33333636, 0x18010515, 0x120476ff, 0x55463e0b, 0xbf82c36b, 0x78e13808, 0x1d1d2446, 0x45023c24, 0x2d453836, 0x2a0b5d29, 
    0x95016d16, 0x1507ec32, 0x3d46360a, 0x0107edfe, 0x4026fd1a, 0x1d2b2845, 0x341d2323, 0x1f323e3e, 0x0a34173c, 0x82320602, 0x410220f4, 0x1222082b, 
    0xf38d1e00, 0x00010f27, 0x02161901, 0x22f38a08, 0x87000900, 0x830720f3, 0x080921f3, 0xf982eb83, 0x06080523, 0x2af39168, 0x1d1e131e, 0x181a1b1c, 
    0xa3141517, 0x352129f3, 0x33373523, 0x35331507, 0x6121e38c, 0x27e382cd, 0x7eaf8601, 0x3c738745, 0x152bd78b, 0x26fd2801, 0xbdaf5046, 0x82d15910, 
    0x030021ca, 0x1a20cb88, 0x2a28cb82, 0x06b1d300, 0x0d404464, 0x25055b4b, 0x0a022225, 0xa756020b, 0x00422706, 0x04010403, 0xcf827203, 0x000b3a08, 
    0x06800b09, 0x04000501, 0x67040503, 0x07020100, 0x02005701, 0x0900010d, 0x00690002, 0x0b070a0b, 0x000a0057, 0x080a0708, 0x0b0b0068, 0x0c0f6007, 
    0x0b07030e, 0x401b5007, 0x21448543, 0x45ba8001, 0x2940593a, 0x1b1b1f1f, 0x2a1f0001, 0x28292a1f, 0x23242627, 0x1e1b2021, 0x1c1d1e1b, 0x2b0de34b, 
    0x2b160910, 0x440006b1, 0x35262213, 0x220ee74b, 0x44071533, 0x0122057b, 0x42410133, 0x3a9a340b, 0x1f253c46, 0x1d25251e, 0xd79c511e, 0x46382d55, 
    0x41f901ce, 0x90360b4a, 0x1e192f3a, 0x1e19191e, 0x37323f39, 0x2a380642, 0x70fe3a2f, 0x5341da02, 0x229f510b, 0x2506274e, 0x02030602, 0x2f840000, 
    0xcf01e424, 0x8f50ae01, 0x006b2b06, 0x0200b109, 0xb06bfeb8, 0x63432b35, 0x01912b05, 0x03c7018b, 0x000d0048, 0xe947001b, 0x18022006, 0x20263f87, 
    0x05656906, 0x20054347, 0x06774615, 0x240a1d54, 0x5353482c, 0x23038348, 0x282d2d28, 0x012f0382, 0x94464f8b, 0x454f4f45, 0x3f4f4694, 0x8294282e, 
    0x20048212, 0x0887852e, 0xf6ff4c24, 0x8a020c02, 0x22001500, 0x2f403200, 0x080b0e1f, 0x01010304, 0x0101024c, 0x00850103, 0x03000003, 0xc2560059, 
    0x44032006, 0x0d2805bf, 0x00090a0c, 0x05150115, 0x05208882, 0x26055a57, 0x33273737, 0x45333717, 0x062106fe, 0x05f25a27, 0x27345608, 0x06060727, 
    0x63432c01, 0x5b222b36, 0x797968ac, 0x235dac66, 0xc6623628, 0x463c3c46, 0x16535230, 0x56320a19, 0x28512e34, 0x8b8bc869, 0x51296bc7, 0x3256342c, 
    0x444430c4, 0x60363730, 0x00371960, 0xffda0001, 0x007e01f6, 0x000b0098, 0x0017401a, 0x61000101, 0x07a05302, 0x00050726, 0x030b010b, 0x4a06bc6f, 
    0x01250794, 0x2d2d252c, 0x20038225, 0xdb9d180a, 0xd200270b, 0x750160ff, 0xd0829200, 0x45653520, 0x820c2005, 0x055d5eff, 0x4e013d26, 0x0011401b, 
    0x57205c83, 0x00251487, 0x40594f01, 0x210d820a, 0x27450003, 0x13173005, 0x37d20333, 0x01a0466c, 0x00cefe32, 0x82d90002, 0x027f2297, 0x25978230, 
    0x402d0017, 0x9482042a, 0x0061013c, 0x4d410101, 0x02030300, 0x02010561, 0x4e023f02, 0x00010c0d, 0x170c1113, 0xac85170d, 0x216b0620, 0x5d03200e, 
    0x29230c93, 0x8a292a2a, 0x9c012503, 0x28222228, 0xfe210383, 0x8209875a, 0x00022291, 0x20cb82cd, 0x247b8281, 0x0011000d, 0x20cd854c, 0x23808b17, 
    0x5f030202, 0x24062b5f, 0x0014401b, 0x220b8202, 0x89630302, 0x4e003421, 0x0e134059, 0x0e00010e, 0x10110e11, 0x0005080f, 0x8a0c010d, 0x05c34d9a, 
    0x82032321, 0x22012bf2, 0x202b2a21, 0x2a2b2014, 0xfd826921, 0x2a9a012f, 0x2b2b2021, 0xfd2a2120, 0xfe3201c6, 0x088e82ce, 0x00030028, 0x02f6ff3c, 
    0x00aa001c, 0x001b000d, 0x40300029, 0x0203052d, 0x61000101, 0x02070408, 0x00000506, 0x1d4e003f, 0x6f820f1c, 0x2507b857, 0x1b0f1b0e, 0x75820608, 
    0x52550d20, 0x42352006, 0x212009cc, 0x08c54818, 0x14151524, 0x0d8c3306, 0x16ea012a, 0x17161c1c, 0x6dfe1b1b, 0xa7200886, 0x0a250786, 0x1946191e, 
    0x8304981e, 0x000228a7, 0x01fbffe1, 0x82da0277, 0x001126b1, 0x0429402c, 0x20a48201, 0x201a825f, 0x09b34138, 0x4e02422c, 0x00000405, 0x1104090c, 
    0x9d181005, 0x2524089c, 0x07033303, 0x4105aa41, 0x013f061b, 0x0c6a0c03, 0x22221a38, 0x1f1d1e1a, 0x02d71a22, 0xdcfdfd03, 0x221a1a22, 0x231a1a21, 
    0x82020000, 0x824c206b, 0x002b246b, 0x4211000d, 0x3b220c1f, 0x9e41004d, 0x2484410a, 0x1d011322, 0x1a296884, 0x441d1f22, 0x010c520c, 0x256883b3, 
    0x22191a23, 0x778399fd, 0x0222c182, 0xdb828200, 0xdb82e520, 0x22001433, 0xb04b7000, 0x4058500d, 0x04010726, 0x04030603, 0x25208272, 0x03000403, 
    0x816b0069, 0x06062d09, 0x01086105, 0x05420505, 0x27401b4e, 0x06212886, 0x3a299d80, 0x16154059, 0x1d000015, 0x1622151a, 0x00140021, 0x24211614, 
    0x1a090921, 0x1835372b, 0x270ab971, 0x14151616, 0x15070606, 0x2e0d3041, 0x4b4032ce, 0x7d7d414b, 0x30396746, 0x413d3855, 0xaa2d0939, 0x473b3b47, 
    0x42603555, 0x03365b39, 0x0c43415f, 0x4cff7328, 0x2b02d601, 0xd3820d00, 0xd3867420, 0xc8820020, 0x0327d283, 0x03060500, 0x43076a05, 0x3b210777, 
    0x05147f4d, 0x02020124, 0xd383023d, 0x00242883, 0x00800304, 0x5932299d, 0x0e0f1940, 0x1f210001, 0x1718191b, 0x220e1516, 0x0f43220f, 0x06954905, 
    0x36343523, 0x06f34133, 0xeb440320, 0x82362005, 0x181520ed, 0x26083e55, 0x201c4f01, 0x831e1a22, 0x851420cf, 0x825a20db, 0x404c33e9, 0x22b3017d, 
    0x22231a19, 0xfd221a1a, 0x41613599, 0xdd825a3a, 0x0033eb85, 0x00ffff00, 0x010401da, 0x03a6017e, 0x00290307, 0x4a0e0100, 0x01210569, 0x061f460e, 
    0xb400012f, 0xa401f500, 0x0b00e501, 0x1c401f00, 0x22e58300, 0x44010059, 0x012405fd, 0x00015100, 0x2009fc44, 0x0c434425, 0x44443427, 0x43433534, 
    0x230584f5, 0x00443435, 0x3d083b82, 0x02670024, 0x006c0234, 0x401b002c, 0x24252918, 0x171b1c20, 0x05090a0e, 0x49000c01, 0x76000000, 0x09011213, 
    0x27372b16, 0x37363637, 0x27272626, 0x16161737, 0x35262617, 0x14153335, 0x14820706, 0x07173725, 0x82070606, 0x07172214, 0x82208227, 0xb125080b, 
    0x2d0d4145, 0x123e1c14, 0x116c1c6b, 0x05051738, 0x18050654, 0x1c6c1237, 0x1c3e126b, 0x410c2e14, 0x220c4145, 0x3502820c, 0x125d3167, 0x10041434, 
    0x284f2807, 0x1a0e1a06, 0x7d7d1337, 0x08823713, 0x10820620, 0x0410072e, 0x5d113514, 0x3c115e31, 0x123b1a1a, 0xcd26ab83, 0xc20192ff, 0xf7823e03, 
    0x2f403222, 0x013d9c82, 0x67010002, 0x03000200, 0x67030204, 0x05050400, 0x04005704, 0x065f0504, 0x05040501, 0x2320824f, 0x110b000b, 0x07250083, 
    0x172b1b09, 0x051e7311, 0x07822320, 0x9bf5cd33, 0x6e969b9b, 0xfe50ac03, 0x93fe50b1, 0x00010050, 0x205b8296, 0x235b848b, 0x0029402c, 0x2607eb48, 
    0x01020003, 0x82670203, 0x0100281f, 0x01010057, 0x82005f00, 0x844f200b, 0x06102954, 0x052b1c09, 0x11333523, 0x01230386, 0x8296f08b, 0x6ef52857, 
    0x506d0150, 0x82504f01, 0x00022280, 0x2057827d, 0x3d5782db, 0x00070003, 0x021f4022, 0x00010001, 0x04030585, 0x76010103, 0x00000404, 0x07040704, 
    0x4d440506, 0x21a58208, 0x01823311, 0xaa5a7d23, 0x3b9f825a, 0xac0354fc, 0xff0054fc, 0xff6900ff, 0x02ef01fb, 0x032600da, 0x0000882e, 0x782e0306, 
    0x00235e82, 0x82870002, 0x82ea2017, 0x00162d17, 0x403f0024, 0x0205153c, 0x4c010003, 0x2309cd43, 0x03030106, 0x2f08b583, 0x004d3b00, 0x61040505, 
    0x04040107, 0x184e0442, 0x1f000017, 0x1824171c, 0x00160023, 0x12272116, 0x2b190908, 0x33352737, 0x36360715, 0x23263435, 0x3227d382, 0x14151616, 
    0x44020f06, 0xdf250cdc, 0x30035a0d, 0x06ad4337, 0x065b6a23, 0x08ad432f, 0x64f5cd27, 0x430a3e64, 0x05b14332, 0x076e5724, 0xf444d26a, 0x00022608, 
    0x02000023, 0x27a78235, 0x001f001b, 0x07444047, 0x0f34a782, 0x01020208, 0x0e680203, 0x0c010209, 0x0b00020a, 0x06670001, 0x38299e82, 0x020d104d, 
    0x0b390b0b, 0x28a3824e, 0x001c1d1e, 0x1a1b001b, 0x05056e19, 0x00881120, 0x2b1f0924, 0xa5823733, 0x33230384, 0x82373307, 0x23152303, 0x03823307, 
    0x23372324, 0x1c821307, 0x5727532a, 0x6c612262, 0xa0274627, 0x0b890382, 0x22a03228, 0xb441d2a0, 0x0082d241, 0x01240685, 0xffffb413, 0x39074f48, 
    0x29030602, 0x01000000, 0xee02f6ff, 0x3e036202, 0x26000300, 0x446406b1, 0x07481b40, 0x0a044810, 0x0006b12e, 0x21350344, 0x6c020a15, 0x5050ee02, 
    0x22053763, 0x840d0292, 0x4017223f, 0x25108314, 0x01010285, 0x348a7601, 0x33011733, 0x63014b01, 0x6e9dfe5f, 0x54fcac03, 0x4b000100, 0x20339fff, 
    0x26338205, 0x9dfeae01, 0x8563015f, 0x264f8234, 0xff0a0001, 0x824e024c, 0x0f230809, 0x21402400, 0x02010103, 0x02008501, 0x045f0002, 0x3d000001, 
    0x00014e00, 0x06090b0c, 0x0f000304, 0x18050e01, 0x080a8245, 0x36323331, 0x06143335, 0x5c4eb423, 0xdc29315a, 0x5c5a3129, 0x5361b44e, 0x2e36362e, 
    0x00006153, 0x00d90002, 0x027f0146, 0x000b0080, 0x40300017, 0x8201002d, 0x01032950, 0x03006900, 0x59030202, 0x2207cf48, 0x48510203, 0x25272dce, 
    0x26252e2e, 0x86262d2d, 0xea012507, 0x29222229, 0xfe210383, 0x8209875c, 0xffff31cc, 0x09011aff, 0xab01beff, 0x29030701, 0x130140fe, 0x20060b45, 
    0x050b4513, 0x79241f82, 0x1d000901, 0x9f201f86, 0x43081f8f, 0xb9000100, 0xe50188ff, 0x11004803, 0x07b30600, 0x2b320100, 0x35262605, 0x37363435, 
    0x15020e15, 0x16161415, 0x8fe50117, 0x408f9d9d, 0x5f33335f, 0xcc207840, 0xcc9ab49a, 0x540f5720, 0x4eb44f7d, 0x000f547e, 0x73204382, 0x9f204382, 
    0x0b204386, 0x17234383, 0x82023e35, 0x26262344, 0xae653527, 0x41732605, 0x5e33335e, 0x20488241, 0x273a8278, 0x4fb44e7e, 0x570f547d, 0xc7824c85, 
    0x0805d741, 0x03f9012c, 0x0024003e, 0x1b3a403d, 0x01020101, 0x0003004c, 0x04030204, 0x00020069, 0x01020501, 0x00050067, 0x00590500, 0x61000505, 
    0x0c820106, 0x00015130, 0x13152123, 0x090b1012, 0x24000608, 0xb6642401, 0x37372206, 0x059f4336, 0x27273635, 0x33333626, 0x06222315, 0x06161717, 
    0x07161607, 0x82160607, 0x013c0810, 0x076858cc, 0x4128050f, 0x28417373, 0x68070f05, 0x2f2d2d58, 0x050f0434, 0x424b4b42, 0x34040f05, 0x576e2d2f, 
    0x2f35a44f, 0xa4352f50, 0x2b50574f, 0x473ba42b, 0x3a4e0707, 0x502b2ba4, 0x5f20af85, 0x28068742, 0x40380026, 0x04010935, 0x26af8203, 0x03010002, 
    0x83690102, 0x030024b7, 0x83006704, 0x825920aa, 0x8205202e, 0x000523af, 0x0a825105, 0x25002627, 0x2c212621, 0xe4c71821, 0x22a28308, 0x88262637, 
    0x86a388b3, 0x23063fb4, 0x372f2d5f, 0x3a091907, 0x093a3333, 0x2f370719, 0x593b2d2d, 0x0819082d, 0x7d7d412b, 0x08822c40, 0x3b592d23, 0x25a2836e, 
    0x08094f39, 0xa2833946, 0x354a2722, 0x3422bc86, 0x7582274b, 0x00010022, 0x24071b46, 0x40280007, 0x091b4625, 0x0203032e, 0x02020057, 0x01045f03, 
    0x4f030203, 0x07221882, 0x45650700, 0x07114606, 0x9bf5cd29, 0xac036e9b, 0x86f4fc50, 0x070b46fb, 0x02204b85, 0x02215d82, 0x23ed8201, 0x57000303, 
    0x4b844082, 0x4b8f0020, 0x2a060646, 0xf59b9b96, 0x0c03506e, 0x8254fc50, 0xffff322a, 0x92ff4b00, 0x3e03f901, 0x45030602, 0xffff0000, 0x06574100, 
    0x46200f82, 0x01352082, 0x00006e00, 0xda02ef01, 0x1e000500, 0x01041b40, 0x01000102, 0x0c2a444c, 0x0500052a, 0x17060312, 0x1303332b, 0xf3310282, 
    0x85fc8585, 0x016b0185, 0xfe93fe6f, 0x00010093, 0x202c8296, 0x203fa3c5, 0x263f8421, 0x87871d01, 0x888787a8, 0x20838440, 0x20438269, 0x254384ea, 
    0x05154018, 0xae690202, 0x01002205, 0x2e1d8285, 0x02101276, 0x212b1806, 0x33031323, 0x82650113, 0x85fc277c, 0x6d016d01, 0x1c8291fe, 0x00010027, 
    0x01000093, 0x203ba4c2, 0x2177823b, 0x3b8b87a8, 0x2007b341, 0x05b34405, 0x02010223, 0x0a614586, 0x01215c82, 0x2564824f, 0x11050005, 0x83820411, 
    0x2105af41, 0xac41f5cd, 0x82a42005, 0x0af7411a, 0x00204384, 0x85261082, 0x02020100, 0xc3825701, 0x035f0226, 0x02010201, 0x1124438f, 0x5acd1533, 
    0xfc214383, 0x06ef41a4, 0x92ff8736, 0x4803ea01, 0x5c002600, 0x500eb04b, 0x05204058, 0x01030401, 0x880c1d4b, 0x83002053, 0x401b2252, 0x20228621, 
    0x0a174b01, 0x5931238d, 0x00000d40, 0x26002600, 0x232b212c, 0x2b1a0606, 0x06c84c13, 0x0bd2c618, 0x20052356, 0x0a4b6536, 0xb9153a08, 0x52454654, 
    0x36791422, 0x87374124, 0x09735f87, 0x21852521, 0x1c1f1e14, 0x1b9c0224, 0x414e4f42, 0xca21532b, 0x3c256e5a, 0x5f705045, 0x3b614310, 0x134935d6, 
    0x1d24271a, 0x42fe831b, 0x052007bb, 0x22065341, 0x48860200, 0x53410fbd, 0x11052c0b, 0x11333523, 0xf59b3101, 0x425c036e, 0x0b4905b4, 0x82438409, 
    0x8501273d, 0x02020000, 0x38825700, 0x035f0225, 0x41000201, 0x41820e53, 0x9611332a, 0x506e5a9b, 0x54fc5c03, 0x33822582, 0x92ff7826, 0x4803db01, 
    0x5420ff82, 0x29055341, 0x0100001f, 0x72000103, 0x1d820400, 0x46010421, 0x572d0540, 0x02030300, 0x0302005f, 0x401b4f02, 0x21218520, 0x22978003, 
    0x2bb7592f, 0x10232c21, 0x2b1b0605, 0x34352301, 0x05684b26, 0x1e171723, 0xa6641802, 0xb4461809, 0x013f080c, 0x1d235aa9, 0x21141e1f, 0x09212585, 
    0x87875f73, 0x36244137, 0x52221479, 0x02544645, 0x241d1b9c, 0x49131a27, 0x613bd635, 0x705f1043, 0x253c4550, 0x21ca5a6e, 0x4e412b53, 0x0000424f, 
    0x46a00002, 0x3e08063b, 0x00110009, 0x0a0bb508, 0x32020009, 0x022e052b, 0x36343535, 0x11033736, 0x15150606, 0xe5011614, 0x50509362, 0x46556293, 
    0x10785050, 0xb466a56b, 0x106ba467, 0xde02b3fc, 0xb4619224, 0x8200915f, 0x00022200, 0x234b8273, 0x004803b8, 0x11224b85, 0x4b83010a, 0x82111721, 
    0x23bb82ba, 0x36362706, 0x26285482, 0x92637327, 0x0e925050, 0x22084982, 0xc0037846, 0x67a46b10, 0x6ba566b4, 0x5f912363, 0x249261b4, 0x00010000, 
    0x0122018c, 0x007201cc, 0x481e0003, 0x132d1d8f, 0x8c152135, 0x22014001, 0xff005050, 0x233787ff, 0x57030602, 0x01268f82, 0x22015000, 0x47a70802, 
    0xb8015022, 0x00214784, 0x22828201, 0xa3580222, 0x82112037, 0x8329827f, 0x267f937e, 0x029cff3c, 0x49e7ff1c, 0x1720295b, 0x3c254f82, 0x4b64e001, 
    0x29bf844b, 0x0160ffdc, 0x00910086, 0xb351000f, 0x000f272d, 0x0903170f, 0x85582b17, 0x27240806, 0x15161633, 0x07070614, 0x0a0938dc, 0x1665191c, 
    0x2d0b0e19, 0x2a147ba0, 0x13391d0f, 0x141d3814, 0x00631938, 0x22057f4b, 0x82050260, 0x0326296f, 0x00008d5d, 0x7f5d0306, 0x2605d741, 0x01a90169, 
    0x82da02ed, 0x001f2a87, 0x02214024, 0x01000001, 0x05df4b5f, 0x4e00382c, 0x00001010, 0x1f101f10, 0x20821718, 0x06170f22, 0x01307882, 0x15060607, 
    0x23171614, 0x34352626, 0x23373736, 0x01210f8e, 0x20898aed, 0x240b8a76, 0x137bda02, 0x2196842b, 0x96831c39, 0xa3840d8d, 0xaf012208, 0xe002ef01, 
    0x5d032700, 0x4f028dff, 0x5d030701, 0x4f026900, 0x00b11200, 0x4f02b801, 0xb12b35b0, 0x82088601, 0x000122bc, 0x20bb82d2, 0x58bb847c, 0xf2520503, 
    0x82b68205, 0x0727411d, 0x0121ae8f, 0x23929a7c, 0xdc00ffff, 0x86235382, 0x8303da02, 0x0200227b, 0x05af4949, 0x4e490221, 0x738908bb, 0x10401322, 
    0x01246782, 0x0101005f, 0x17287282, 0x18090210, 0x2723012b, 0x20051641, 0x05244133, 0x647c013b, 0x190e0b2d, 0x1c196516, 0xa901090a, 0x14381963, 
    0x1314381d, 0x2a0f1d39, 0x097f4114, 0xc384ef20, 0x17001f24, 0x7f411440, 0x01032105, 0x17255385, 0x09041017, 0x2055901a, 0x20658f07, 0x20658aef, 
    0x207199a4, 0x377f927b, 0x0228001e, 0x00080233, 0x000b0005, 0x0a304033, 0x04010407, 0x4c010001, 0x01238882, 0x42570001, 0x00280a0f, 0x06064f01, 
    0x0b060000, 0x08a88818, 0x1709062a, 0x3727252b, 0x21170733, 0x01320584, 0x68bfc0cc, 0xabfec4c4, 0xc46abfc0, 0xf0f028c4, 0x0383f2ee, 0x0222e882, 
    0x67822500, 0x67bb3a20, 0x33273725, 0x84210717, 0x12012605, 0xc069c1c0, 0x286782bf, 0xbfc067c1, 0xf0eff128, 0x820383f0, 0x00012667, 0x01280093, 
    0x226784c6, 0x48224025, 0xca82098f, 0x820afe54, 0x0005240a, 0x88031205, 0x5d0126bf, 0xcc66caca, 0x82b284cf, 0xb100201c, 0x84372047, 0xcc962699, 
    0xcaca69cf, 0x31f78328, 0x1400ffff, 0x4402a301, 0x2700d502, 0x42ff2a03, 0x07834302, 0x02090029, 0x03070143, 0x82cf002a, 0xb11b270f, 0x02b80100, 
    0xd742b043, 0x20088406, 0x20118602, 0x313f8200, 0x01ae018f, 0x00da02c9, 0x966b0326, 0x03060000, 0x9b856a6b, 0x1782f920, 0x17825f20, 0x1900032a, 
    0x01021640, 0x5f000101, 0x38221882, 0x05824e01, 0x2807d355, 0x03330301, 0x66080101, 0x222b8207, 0x82d4fe2c, 0xfe022219, 0x087b4534, 0x2a000724, 
    0xe2412740, 0x12d34f14, 0x21351324, 0x03822115, 0x9f012d29, 0x9f0168fc, 0x82502201, 0x00002400, 0x8adcfb03, 0x000b284f, 0x04334036, 0x82000202, 
    0x8357208d, 0x01002e07, 0x0705085f, 0x01050603, 0x084f0100, 0x25578308, 0x0b080b08, 0x3150090a, 0x0909230a, 0x5d872b17, 0x61823320, 0xbd010f27, 
    0xbd0110fa, 0x05ae455f, 0x23086685, 0x4df90200, 0xf40174ff, 0x29002003, 0x84005000, 0x010133b5, 0x4b4c0102, 0x585011b0, 0x050b2440, 0x060c0202, 
    0x023dc982, 0x01086701, 0x0e0d0f00, 0x07000703, 0x03010965, 0x0a610403, 0x40040401, 0x401b4e03, 0x8209822b, 0x04022312, 0x308e6903, 0x00070723, 
    0x22378259, 0x86610700, 0x5951353a, 0x2a2a2040, 0x502a0000, 0x47494f2a, 0x3c3e4446, 0x2b2d393b, 0x28387a82, 0x26212621, 0x10211611, 0x052b1d09, 
    0x36323335, 0x36262727, 0x21352137, 0x201c1c4c, 0x9c298821, 0x34fe3026, 0x07372f2d, 0x0f0c0419, 0x75058ffa, 0x4c050f11, 0x01211748, 0x226d4ce5, 
    0x2b508c2b, 0x331ea42b, 0x33115013, 0x106e4c20, 0x2a1c894c, 0x00a6fb01, 0x020d0223, 0x420c0071, 0x022d0521, 0x004c0103, 0x85000300, 0x01020100, 
    0xbb511886, 0x00603309, 0x50020302, 0x10121311, 0x2b1a0904, 0x03133313, 0x0d413723, 0x27290805, 0xe8e76abc, 0x0808be69, 0xe4051cfa, 0x71020a0a, 
    0xd9fed9fe, 0x50060aef, 0x00000c08, 0xff5cfe01, 0x025901ab, 0x000700ee, 0x05dd5747, 0x0100142a, 0x01030000, 0x01046700, 0x2c054b49, 0x4e033802, 
    0x0019401b, 0x02030102, 0x4d1c8757, 0xf4640a03, 0x0b064d05, 0x21352138, 0xff113311, 0xa3025dfd, 0x7701555a, 0xfc7c0150, 0x010000bd, 0xcb86fdfd, 
    0xcba40e20, 0xcb8c2320, 0x2620cc85, 0x0329cd86, 0x76fc0307, 0x08048a03, 0x27cf8605, 0x50040804, 0x00050a05, 0x02220082, 0x6788a5fb, 0x3c001a2e, 
    0x13193940, 0x0100030d, 0x01044c01, 0x2608c28b, 0x02010468, 0x075f0302, 0x03030605, 0x0f4f0302, 0x0f00000f, 0x181a0f1a, 0x000e0017, 0x2311140e, 
    0x2b190908, 0x87363727, 0x33272477, 0x54330313, 0x0b8207b4, 0x82be7021, 0x4afb2383, 0x8382b604, 0xe76aba2b, 0x13bec3e8, 0x1c05051a, 0x210b8315, 
    0x8e86ef23, 0xd9feeb2b, 0x17efd9fe, 0x1f05041c, 0x820b8419, 0x0507419e, 0x02f4012b, 0x000a0071, 0x082b402e, 0x419b8301, 0x3182185d, 0x0a000a22, 
    0x0806614e, 0x21272520, 0x33372135, 0x17170707, 0xfdc88a01, 0xc9c5023b, 0x322ebe69, 0x50ff23ba, 0x3d37efff, 0xfb8400eb, 0x12205b86, 0x1022fb83, 
    0xfb92080c, 0xfb8d6720, 0x000b0b2a, 0x0b120b00, 0x000d0e12, 0xbc536b85, 0x226b8805, 0x84130333, 0xc85e2573, 0xf1030ffc, 0xc2227285, 0x7a8ce8e7, 
    0x01270123, 0x2d828427, 0x11fe0100, 0xef01dc00, 0x1d00b801, 0x16446e00, 0x00222f05, 0x03060004, 0x00690604, 0x03000103, 0x024f0059, 0x03033507, 
    0x07056100, 0x00030002, 0x29401b51, 0x00010500, 0x80000501, 0x05242c91, 0x00670102, 0x07202c83, 0x003d3e82, 0x15405951, 0x17190001, 0x0e101314, 
    0x0405080a, 0x1d000203, 0x09081d01, 0x22372b16, 0x2bb48227, 0x33161415, 0x33033e32, 0x15151632, 0x0805d64b, 0x64030e2a, 0x36fe2762, 0x1f270d02, 
    0x2923271a, 0x55462a39, 0x1b202655, 0x38292427, 0x055046dc, 0x2b1d2422, 0x41501d2c, 0x26203c3c, 0x2f080983, 0xfeffff00, 0x0192ff0c, 0x003e03cc, 
    0xfd450327, 0x000000c1, 0xd3450306, 0xf9030000, 0x0274ff7f, 0x00200303, 0x004a0024, 0xb78d004f, 0x031b4d4e, 0x270bff44, 0x0c020208, 0x05010207, 
    0x0d3ab182, 0x060f0501, 0x0500030e, 0x010a6500, 0x61030404, 0x03030109, 0x1b4e0440, 0x09822b40, 0x02241282, 0x0b690403, 0x0023308d, 0x82590500, 
    0x00052237, 0x823a8661, 0x262736ec, 0x49000125, 0x40414247, 0x37383a3f, 0x2d2e3035, 0x264a252b, 0x0dcb514a, 0x9a5c1020, 0x21cb5105, 0x51222121, 
    0xf051093c, 0x2107230d, 0xf1512115, 0x17162508, 0x00fb0635, 0x2120f651, 0x2295e801, 0x05270632, 0x25a3fa5f, 0x34040f06, 0xfbfe2d2f, 0x8c141417, 
    0x8e182052, 0x23413018, 0xa43f2550, 0x01502b2b, 0x0f0602d9, 0x41050005, 0x252e0873, 0x2d002900, 0x40003200, 0x30b6af00, 0x7641022e, 0x363a0809, 
    0x0202050a, 0x03060b10, 0x01020901, 0x0e070067, 0x00070001, 0x04040065, 0x03006103, 0x0f4d4003, 0x08090901, 0x0808005f, 0x0d004d38, 0x11610c0d, 
    0x420c0c01, 0x401b4e0c, 0x33530034, 0x96409406, 0x59220836, 0x33342f40, 0x26262a2a, 0x383b0001, 0x3f344033, 0x2d2a2d2a, 0x29262b2c, 0x27282926, 
    0x1c1d2224, 0x65531a1b, 0x01252308, 0x99411225, 0x0c74411c, 0x0333032c, 0x15213537, 0x35171625, 0x26570106, 0x178a410c, 0x01270625, 0x41ddfe25, 
    0x012e0667, 0x0c6a0c28, 0xf8bf049d, 0x0c0c0e25, 0x49573902, 0x0f7a4108, 0x2e096141, 0xfd030263, 0x50504bfd, 0x0803012b, 0x57acfe02, 0xff27075f, 
    0xff09fcff, 0x42400192, 0xfb2905ff, 0x000000be, 0xfd2e0327, 0x280782f3, 0xc92e0306, 0xfe020000, 0x201f8243, 0x261f8245, 0x00280024, 0x54454048, 
    0x06210581, 0x054e4101, 0x82546720, 0x0057370c, 0x5f000505, 0x03080709, 0x4f000500, 0x00012525, 0x28252825, 0xc0422627, 0x090a240d, 0x42072b16, 
    0x8c54189b, 0x3327080a, 0x3c113311, 0x0a046558, 0x6e412603, 0x0326416e, 0x5865040a, 0x322f7373, 0x35030a02, 0x03363132, 0x2f32020a, 0x545ab473, 
    0x392a0f91, 0x4a09094a, 0x2b2ba439, 0x03590350, 0x34fe2105, 0xf420c382, 0x4622e384, 0xdb84d5fd, 0x83e74621, 0x86bb20db, 0x4b0720db, 0x04230583, 
    0x5a000001, 0x0320061a, 0x4607fe53, 0x08230736, 0x49000008, 0x61180546, 0x05240aee, 0x21152111, 0xa9830382, 0x01bbfe29, 0x01d9fe81, 0x545aaf27, 
    0x7c830612, 0xfeffff23, 0x2063828e, 0x227b849f, 0x82c1fd47, 0x04062b5f, 0x000f9c1c, 0x0101b108, 0xdc4c0fb0, 0xfe032605, 0x0292ff3e, 0x08238235, 
    0x23001f2a, 0x5e002700, 0x04005b40, 0x04060300, 0x07096703, 0x10130502, 0x050b0a02, 0x1112680a, 0x0c0e0b02, 0x0b0d0002, 0x02006700, 0x0134a882, 
    0x06010863, 0x144d3806, 0x0d0d020f, 0x004e0d39, 0x25262700, 0x084e5518, 0x1c1d1e22, 0x2711fc58, 0x2b1f0915, 0x11213733, 0x2206785a, 0x59372111, 
    0xd3821200, 0x3733332d, 0xfe275323, 0x9b9bf5b9, 0x597f01f5, 0x0e311007, 0x52018cfe, 0xa022a046, 0x50c0fed2, 0xfe500c03, 0x0a1159ca, 0xb4b4c723, 
    0x33f78200, 0x01f6ffd4, 0x0098002e, 0xfd290327, 0x000000fa, 0xb0290306, 0xfc211782, 0x20178290, 0x2117851a, 0x1782b6fb, 0xa9201f83, 0x1f820782, 
    0x1f839c20, 0x1f827120, 0x53024528, 0x1c042700, 0x1f8542ff, 0x8297fb21, 0x82072007, 0x824d2047, 0x21238207, 0x238282fe, 0xda028122, 0xa8205b84, 
    0x30203b84, 0xfe273b83, 0x02aa005c, 0x82ea0103, 0xfd332817, 0x03ddffa8, 0x82190406, 0x05436b1d, 0x7772dd20, 0xd1fe2105, 0x2f223b82, 0x23823002, 
    0xf8fd2b22, 0x2b203b84, 0xc9249784, 0xdf00f6ff, 0xfb211785, 0x231782f0, 0xfd2b0327, 0x07245b83, 0x60ff2b03, 0xfc287785, 0x012d0044, 0x00670281, 
    0xfb231b82, 0x8437006b, 0x002f2843, 0x04070137, 0x827eff19, 0xb1102523, 0x37b00200, 0xb1216882, 0x23078502, 0xb3feffff, 0x2621ab86, 0x20a38203, 
    0x214d8200, 0x2982dafd, 0x2cfc0522, 0xae201782, 0x2d08c382, 0x00210014, 0x003d002f, 0x4b3b014b, 0x58502eb0, 0x011f1b40, 0x011e0106, 0x1a200605, 
    0x21000302, 0x16030401, 0x15040801, 0x060a0701, 0x1d981b4c, 0x1d820920, 0xce5e5920, 0x0b402105, 0x08203382, 0x200c8454, 0x06327c01, 0x05010c3a, 
    0x00610605, 0x4d410606, 0x07080800, 0x0d090e61, 0x3f070703, 0x0a0a004d, 0x07220c88, 0x88851b4e, 0x47864120, 0xc15f0820, 0x2148a612, 0x43a63d40, 
    0x090a0a28, 0x09010e61, 0x97854209, 0x82010d21, 0x4e073f95, 0x25405959, 0x30313e3f, 0x00002223, 0x4b3e4346, 0x35384a3f, 0x3c313d30, 0x2f22272a, 
    0x2c602e23, 0x090f2407, 0x60252b1a, 0x0522132c, 0x7c5e2535, 0x35252405, 0x45251505, 0x03200c66, 0x1b8d0d8c, 0x6009fe21, 0x012f0c56, 0x1336019d, 
    0x22090821, 0x01cafe11, 0x62c9faae, 0x142008bb, 0x01210988, 0x177a609b, 0x9857962d, 0x02020d09, 0x5a99090d, 0x628264d7, 0xfe2107e7, 0x2009875c, 
    0x08e95c05, 0x04000034, 0x640052fe, 0x3002d601, 0x0f000b00, 0x1f001b00, 0xa94b7b00, 0x00243c05, 0x02000002, 0x07010b57, 0x57070504, 0x0a050106, 
    0x04050401, 0x08030965, 0x64000003, 0x012f0520, 0x26401b4e, 0x01090200, 0x03020003, 0x83060067, 0x0706232b, 0x2a860067, 0xd1600820, 0x41250807, 
    0x40594e00, 0x111c1c23, 0x010c0c10, 0x1c1f1c00, 0x171d1e1f, 0x111b1015, 0x0c0f0c1b, 0x070d0e0f, 0x010b0005, 0xd0e6180b, 0x3537240f, 0x41011521, 
    0x32240531, 0x06141516, 0xfe250f83, 0x2c2c24a2, 0x24038224, 0xfc2602ea, 0x230b89cc, 0x252b9001, 0x30080d83, 0x500a2b25, 0x2ccafe50, 0x2b2b2425, 
    0x462c2524, 0x00005050, 0xfeffff00, 0x012d0081, 0x0067029f, 0x9c1b0426, 0x03070100, 0x00a8fd2b, 0xb1080037, 0x05314301, 0x77202388, 0x83056743, 
    0x22f7821d, 0x8274ff1c, 0x4308203e, 0xff2d075f, 0xffc5feff, 0x02310160, 0x03270030, 0x06c7432c, 0x82b02c21, 0xbdfc255f, 0xe10060ff, 0xa8201786, 
    0x1f823382, 0x00261182, 0x2c030700, 0x0f82f0fb, 0x3b822382, 0x3b01fb2a, 0x2700da02, 0xe4fd2e03, 0x06231382, 0x82c42e03, 0x68fc2117, 0x2208ab45, 
    0x8287fb2e, 0x201f8317, 0x241f845d, 0x00009246, 0x08678301, 0x02080229, 0x00130099, 0x00324035, 0x85040304, 0x06030105, 0x03010201, 0x01076802, 
    0x00010801, 0x67000109, 0x0909010a, 0x824e0939, 0x00132137, 0x09671919, 0x1f090b28, 0x2137232b, 0x03842135, 0x21073324, 0x03842115, 0xfe3e983d, 
    0x3acc0152, 0x2402fafd, 0x01404640, 0x3a3cfea6, 0xe4fdfe01, 0xa050aa3e, 0x82afaf50, 0x82aa2004, 0x00280848, 0xffa5fb01, 0x03030292, 0x001b003e, 
    0x004c404f, 0x85060506, 0x000d010e, 0x0107860d, 0x04010805, 0x68040503, 0x0a030109, 0x67278b84, 0x0001010b, 0x82570100, 0x00012806, 0x00010c5f, 
    0x824f0001, 0x130d5f44, 0x95820f20, 0x95880520, 0x8705084c, 0x08078399, 0x441ffe26, 0xda0242fd, 0x03f2fc34, 0xa3fc3429, 0x465a7903, 0xfd9f025a, 
    0xef023445, 0x0334f6fc, 0x44a6fc3e, 0x8c4cba6e, 0xf6210182, 0x310684f6, 0xffff00ba, 0xf6ff90fe, 0xda022d01, 0x30032700, 0x79820efe, 0x29030623, 
    0x201787af, 0x21178c4d, 0x1783ce2b, 0xfbff5c24, 0x1785b801, 0x84dafd21, 0xd330212f, 0xfb211782, 0x201782fa, 0x211785bd, 0x178278fb, 0xfd214f82, 
    0x251f85a8, 0x040000d8, 0x1f8252fe, 0x1f82cc20, 0x1800142f, 0x2c001e00, 0x1ab5a500, 0x01070401, 0x0536434c, 0x05003229, 0x0006010c, 0x82670605, 
    0x07033032, 0x00690300, 0x0b080d07, 0x070a0403, 0x64006704, 0x7b4409b6, 0x4e092508, 0x0b39401b, 0x08244182, 0x80080407, 0x01243d93, 0x08070a08, 
    0x59363b96, 0x1f202540, 0x15151919, 0x24270000, 0x2b202c1f, 0x1e191e19, 0xbf181c1d, 0x162309aa, 0x44212421, 0x252718ab, 0x05152135, 0x82373635, 
    0x0c9a4405, 0x449efe21, 0x1c2a0d8c, 0xa8fdb801, 0x28020927, 0x7344effc, 0x50e62717, 0x1324f050, 0x45615019, 0xff002e09, 0x009cfbff, 0x030c0267, 
    0x0327000c, 0x064b4134, 0xa8fd3435, 0x0601a000, 0x00d83403, 0x01b10800, 0xb0a0b001, 0x82002b35, 0xe5fd332b, 0x12024100, 0x26006c02, 0x000f1b04, 
    0x34030700, 0x1784c1fd, 0xdb5dcc20, 0x27438206, 0xb0ffa8fd, 0x3d030603, 0x20085f47, 0x223c84b0, 0x58cbfd03, 0x310806fb, 0x002d0027, 0x404c0031, 
    0x021d1e49, 0x00274a08, 0x0b490102, 0x0f070209, 0x0506020d, 0x0e680607, 0x0405020c, 0x01000202, 0x0a670005, 0x38080801, 0x466e034d, 0x30312705, 
    0x2a2d2e2f, 0xb8612829, 0x07b56105, 0x0910132d, 0x26052b1f, 0x07212726, 0x83233723, 0x33352103, 0x210ac061, 0x975f3621, 0x3521250b, 0x05213534, 
    0x01261f82, 0x0f9981e5, 0xbf4892fe, 0x27462610, 0x99103801, 0x05ba5f7e, 0x0174fd2e, 0xfec2fe60, 0xa022a0f8, 0x81ac1d78, 0x2309c948, 0x1ca77dd2, 
    0x2609cf5f, 0x03af3401, 0x82b4b402, 0x43e383ef, 0x5b08058b, 0x003f0033, 0xb5d30043, 0x08070126, 0xb04b4c01, 0x4058500f, 0x130f0044, 0x720f0712, 
    0x0e000d00, 0x690e0d09, 0x08020a0c, 0x07021416, 0x68070813, 0x12001300, 0x67121306, 0x06021115, 0x01020305, 0x67010602, 0x01171000, 0x65001000, 
    0x0909010b, 0x01044d38, 0x02390202, 0x45401b4e, 0x13234683, 0xbc80120f, 0x40593847, 0x43000135, 0x3f404142, 0x393a3c3e, 0x32343537, 0x23282930, 
    0x4a1e2021, 0x1233081a, 0x0e0f1011, 0x0a0b0c0d, 0x06070809, 0x33000405, 0x4c183301, 0x6b4107c7, 0x0d3b6016, 0x985f1520, 0x21012a08, 0x23232626, 
    0x36323335, 0x057d4137, 0x6558d626, 0x28fe0904, 0x08137e41, 0x0509a02c, 0x2d2d5866, 0x0a03332f, 0x3c3b3c04, 0x020a033a, 0xfd2d2f32, 0x06cb0156, 
    0x4b4b2f2c, 0xfe062d2e, 0xa0f8fe57, 0x576ea022, 0x92419a4f, 0x4f903f0a, 0x2b2b5057, 0x024f379f, 0x37520205, 0x502b2ba9, 0x181a8101, 0xb41a1850, 
    0xfd0300b4, 0xe765ffcb, 0x09474b05, 0x0d000c2c, 0x670d0c08, 0x0702090b, 0x79421113, 0x10122105, 0x27097942, 0x01140e00, 0x630f0e0f, 0x4b0c8142, 
    0x17212647, 0x161f4111, 0x21062f66, 0x84422101, 0xfecd2205, 0x13014181, 0x9bf54729, 0x0197fd9b, 0x85aefe74, 0x400121e7, 0x0124e68a, 0xf4fc5036, 
    0xb420da82, 0x0033d682, 0x00cbfd04, 0x027c0100, 0x001b00da, 0x002b0027, 0x51ab0037, 0x3731056d, 0x03020507, 0x02020811, 0x6802030e, 0x01150f00, 
    0x3bcc820e, 0x020a0c69, 0x00011200, 0x09101357, 0x01160103, 0x12010b12, 0x04010669, 0x144d3804, 0x22061d65, 0x9038401b, 0x0f132739, 0x0910690e, 
    0x3d860102, 0x13006722, 0x13203a83, 0x59383a8f, 0x2c2d2e40, 0x00001c1d, 0x372c3133, 0x2a2b372d, 0x21232829, 0x271d271c, 0x24146b65, 0x2b1f0917, 
    0x1a6b6521, 0x230b5348, 0x23373305, 0xfd210f8b, 0x168465fb, 0x48eb0221, 0xfd26066c, 0xa022a023, 0x0d869702, 0x200e9765, 0x078548ae, 0xfeb49b23, 
    0x078448bb, 0x04000034, 0xfbffcbfd, 0xda028b01, 0x1f000300, 0x31002300, 0xec4aaf00, 0x303c0805, 0x05020709, 0x04020a11, 0x68040503, 0x03020b10, 
    0x14020c0e, 0x03130104, 0x06086701, 0x38000002, 0x1313004d, 0x12165f0d, 0x0d040f15, 0x4e0d390d, 0x143b401b, 0x02030101, 0x80020103, 0x02233b92, 
    0x87020313, 0x0f152239, 0x83328202, 0x61123f40, 0x12120116, 0x594e1242, 0x24253640, 0x00000404, 0x3124292c, 0x22233025, 0x1f042021, 0xb44d1f04, 
    0x0d99430b, 0x032aaf82, 0x17091711, 0x3313372b, 0x53410503, 0x4113201a, 0x37300547, 0x33333636, 0x06071632, 0x58c92306, 0xe0fc706a, 0x31164d41, 
    0xa022a032, 0x1b1a2302, 0x1a280505, 0x05191d1e, 0x776c2905, 0x41d72005, 0x13230e4f, 0x4a34feb4, 0x03300aab, 0xfbffcbfd, 0xe4020802, 0x38003400, 
    0x0e014600, 0x08057247, 0x05073c3b, 0x0d140302, 0x030b0202, 0x0b006802, 0x0b010900, 0x0e136909, 0x0f110102, 0x1600030a, 0x00670001, 0x5f040c0c, 
    0x04020608, 0x004d3804, 0x5f101616, 0x12171518, 0x39101004, 0x07764c10, 0x43a04020, 0x8205cd42, 0x61082549, 0x3e080800, 0x40294790, 0x000a004b, 
    0x160a0016, 0x224a9980, 0x680a0002, 0x49890835, 0x02121722, 0x50838a82, 0x61153108, 0x15150118, 0x594e1542, 0x3a304059, 0x41000039, 0x3a46393e, 
    0x36373845, 0x00340035, 0x31323334, 0x2d2e2f30, 0x272a2b2c, 0x1e1f2125, 0x241b1c1d, 0x2007aa46, 0x13f44219, 0x36343522, 0x08294818, 0x4c231521, 
    0x222407ac, 0x21151506, 0x520c7968, 0x03430d0c, 0x3da2320e, 0x6c49476c, 0x5a56673b, 0x50484132, 0xfe514544, 0x07a568f9, 0x22a0322a, 0x1d7e02a0, 
    0x141d2424, 0xbc410483, 0x41013107, 0x63363763, 0x06765b43, 0x424aaf64, 0x414b4b41, 0x2a08b668, 0x1c1f34fe, 0x1b22221b, 0x8200201b, 0x044b0800, 
    0x0000e9fd, 0xda021702, 0x2f002b00, 0x37003300, 0x68406b00, 0x0507090b, 0x191b0304, 0x02040c17, 0x68020301, 0x0d16181a, 0x12140104, 0x00040e10, 
    0x6700010f, 0x0306080a, 0x4d380404, 0x1113151c, 0x390f0f04, 0x00004e0f, 0x41353637, 0x4b82081c, 0x292a2b23, 0x07955028, 0x690cdd42, 0x1d20088e, 
    0x50132e41, 0xf6471296, 0x13072506, 0x17233733, 0x05200382, 0xfe210382, 0x0cd54219, 0x6745f020, 0x29138512, 0xa022a032, 0xf022f0c4, 0xc1691401, 
    0x0a6f450a, 0x01220a82, 0x0083b413, 0x00000025, 0x4191fb06, 0x5a08060b, 0x003f003b, 0x00470043, 0x004f004b, 0x0f8c408f, 0x07090b0d, 0x27030605, 
    0x1f212325, 0x01020610, 0x26680203, 0x1e202224, 0x1c010611, 0x1416181a, 0x13000612, 0x0e670001, 0x06080a0c, 0x38040405, 0x1b1d284d, 0x06151719, 
    0x13391313, 0x4f00004e, 0x4b4c4d4e, 0x4748494a, 0x47444546, 0x3d280594, 0x003b003c, 0x38393a3b, 0x410b3641, 0x29202133, 0x51123341, 0xd25107ca, 
    0x37232113, 0x8507aa46, 0x33132507, 0x21172337, 0x8705a547, 0xc1fb2107, 0x210c4b41, 0x4c410e01, 0x6b088806, 0x46230906, 0x86f2fe27, 0x2a08861d, 
    0xa022a032, 0x220e01c4, 0x8e01f2fe, 0x0789420a, 0x0086d220, 0x86057f42, 0x41d2200c, 0x78410674, 0xf9082205, 0x06774139, 0x4f004b34, 0x57005300, 
    0x5f005b00, 0x67006300, 0xb040b300, 0x7d411113, 0x08620805, 0x2f313303, 0x27292b2d, 0x01020814, 0x32680203, 0x2a2c2e30, 0x08152628, 0x20222401, 
    0x181a1c1e, 0x17000816, 0x12670001, 0x0a0c0e10, 0x04070608, 0x344d3804, 0x1f212325, 0x08191b1d, 0x17391717, 0x6700004e, 0x63646566, 0x5f606162, 
    0x5b5c5d5e, 0x5758595a, 0x53545556, 0x4f505152, 0x004c4d4e, 0xa241004b, 0x319f410f, 0x9f413520, 0x23a74122, 0x4107b741, 0xb74113af, 0x69f92107, 
    0x200db741, 0x06994118, 0x08900120, 0x200cc041, 0x202686e8, 0x41088efe, 0x182a05be, 0x01e8fe22, 0xa022a03c, 0x0a9301c4, 0x430fd441, 0xdc410d49, 
    0x82b42012, 0x05c74800, 0x02080226, 0x001b00da, 0x2005a149, 0x053546df, 0x070e2c29, 0x11030305, 0x44080f15, 0x12290567, 0x01030910, 0x0a0c1316, 
    0x0ada6d04, 0x4708bc48, 0x362905af, 0x02030e00, 0x0507570e, 0x27388a02, 0x00020a0c, 0x57000113, 0x01244085, 0x13010b13, 0x8806186e, 0x09fa483d, 
    0x02030f2c, 0x150e0068, 0x0e120f01, 0xfa48670f, 0x233d8207, 0x16120067, 0x12203a82, 0x59333a8f, 0x242e4059, 0x001c1c24, 0x24272400, 0x23252627, 
    0x51202122, 0xfb480540, 0x21352735, 0x37330515, 0x07820523, 0x410ee745, 0x022c09a8, 0xfcb8010f, 0xa022a06b, 0xb801bb01, 0x3e0e9147, 0xaf5050c2, 
    0x5050ffb4, 0xcbfd0200, 0x1c029cff, 0x1d00da02, 0x4f002100, 0x07094c40, 0x48100502, 0x0f3206ca, 0x0c03020b, 0x01000202, 0x00670003, 0x0e01110d, 
    0x36560e0d, 0x01002106, 0x2305b57b, 0x1e1f2021, 0x2e563982, 0x09122513, 0x13052b1f, 0x20116e4d, 0x062f6f33, 0x01152122, 0xfe22c182, 0x266f3ace, 
    0x4246200d, 0x2c240591, 0x57fcfa02, 0x6423bb82, 0x8ad23601, 0x4beb25bb, 0x00b47701, 0x023a0082, 0x9cff73fb, 0x4303db01, 0x33002f00, 0x56405900, 
    0x010d012e, 0x0224254b, 0xc1ad4a06, 0x31323323, 0x20438230, 0x12f0562f, 0x2624c1a0, 0x34353526, 0x840b3d4e, 0x76fc21d2, 0x042ed296, 0x494c4273, 
    0x5e405c87, 0x3f5d3234, 0xdd9244fa, 0x639f2a31, 0x6e9f62aa, 0x550f5517, 0x4caa4f7e, 0x8610547c, 0xffff39ef, 0x92fff3fd, 0x3e033402, 0x3d032700, 
    0x0000a8fd, 0x34030703, 0x82000000, 0x27057d4f, 0x2b35b082, 0x9bfbffff, 0xfb212389, 0x221d8250, 0x82340327, 0x8882202b, 0xb110242b, 0x83b00101, 
    0x02b1212b, 0x00270785, 0xff11fe01, 0x82ea0192, 0x000b2f57, 0x00314034, 0x85000100, 0x04050106, 0x09828605, 0x01030233, 0x03006802, 0x57030404, 
    0x04030300, 0x0304005f, 0x0fe17204, 0x33010523, 0x06f45103, 0x11fe033e, 0x805f6301, 0x4afd9702, 0xfcf2023c, 0x036e6af0, 0x50acfeac, 0xe8fe50a0, 
    0xa0fb0100, 0xfb2167c9, 0x286783a0, 0xd9fa0805, 0xfa63053c, 0x21678c7f, 0x678216fe, 0xcf82d620, 0x2300102c, 0x0b0f2040, 0x04050607, 0xe06c0703, 
    0x00102710, 0x09031110, 0xbe822b17, 0x15010722, 0x2209ec55, 0x8216fe01, 0x0241245b, 0x5552fe3f, 0x212505b9, 0xfe1dfe12, 0x34c982fa, 0x64ebfead, 
    0x09975ad7, 0x0b02020b, 0x4bfde909, 0xfeffff00, 0x206b823e, 0x306b82c2, 0xb53d0326, 0x03070000, 0x00f3fd3d, 0xfb020000, 0x308386fa, 0x000f000b, 
    0x063c403f, 0x00010001, 0x08070985, 0x1b584103, 0x000c0c23, 0x67b81800, 0x110b2108, 0x0a220083, 0xa1831b09, 0x25086041, 0x01330121, 0xa082bdfd, 
    0xd702802c, 0x033c0afd, 0x6ab0fc32, 0xca71defd, 0x066b4107, 0x21053b5a, 0x838213fc, 0x2f429520, 0xc8fb2105, 0x37429582, 0x06002906, 0x00883d03, 
    0x66fe0100, 0x9a201f82, 0x08261f82, 0x1c401f00, 0x21410106, 0x02032508, 0x76010102, 0x08273082, 0x11110800, 0x83180904, 0x23012481, 0x82072701, 
    0x63012233, 0x256d836e, 0xfe1617dc, 0x68836edc, 0x440a0325, 0x90f6fc44, 0x0104254f, 0x4c010002, 0x02265482, 0x01038500, 0x4f860202, 0x4f841420, 
    0xc5820720, 0x82371721, 0xfe372a04, 0x24015f9d, 0x24011617, 0x058b7260, 0x4444f626, 0x54fc0a03, 0x012c7c82, 0x9cff22fc, 0xee028601, 0x41000700, 
    0x3305e945, 0x0001020f, 0x00030104, 0x01006303, 0x4e013801, 0x0018401b, 0x8525b582, 0x03000102, 0x05f46603, 0x2207256f, 0x820c4059, 0x096d6243, 
    0x21350535, 0x21113311, 0x0222fc15, 0x85025a85, 0x07034b64, 0x824bf9fc, 0x01002322, 0x136ae4fd, 0x1edb6a08, 0x15264482, 0x3804e4fd, 0x39824b64, 
    0x5cfe0438, 0x9001fbff, 0x0300da02, 0x0b000700, 0x4e001900, 0x02004b40, 0x16760109, 0x010a2706, 0x05040705, 0xe7650867, 0x004d3a08, 0x61060707, 
    0x0606010b, 0x0d4e0642, 0x0408080c, 0x14000004, 0x0d190c11, 0x10616518, 0x17090c24, 0xe65d252b, 0x20758306, 0x0dd55305, 0x6a0c7e2c, 0xf401cc0c, 
    0xf4010cfe, 0xc85308fd, 0x03022a09, 0x50c3fdfd, 0x5050f050, 0x096c4daf, 0x0efc0622, 0x0f33a78c, 0x21001300, 0x61406400, 0x0e020104, 0x03030d05, 
    0x82030206, 0x10062aa5, 0x07030f09, 0x6707060b, 0x2fb18a0c, 0x610a0b0b, 0x0a0a0111, 0x154e0a42, 0x0c101014, 0x1c2bb586, 0x15211419, 0x10131020, 
    0x42111213, 0xc19005b0, 0xc18a1220, 0x21353323, 0x84c58315, 0x21c98c07, 0xc98430fc, 0x0178e526, 0x01befbe5, 0xfa210683, 0x84cf90ba, 0x32d38cd1, 
    0xff7d0001, 0x03e5018d, 0x0006002f, 0x051c401f, 0x43030102, 0x062c10df, 0x03130600, 0x052b1706, 0x33133503, 0x793cd282, 0xfe66fcfc, 0x731e01e8, 
    0x017a9501, 0xfe2dfe93, 0x02000031, 0x92ff6400, 0x3e032a02, 0x0d274782, 0x2a402d00, 0x8208090c, 0x6906204c, 0x32770749, 0x07072908, 0x0d070000, 
    0x0a0b0d07, 0x06222982, 0x57830613, 0x01350122, 0x33205782, 0x012b0685, 0x01effe75, 0xe2fe3711, 0x88471e01, 0x016e2909, 0xbd0133bc, 0x2afe2afe, 
    0x73830888, 0x92ffa024, 0x7382ef01, 0x0b000722, 0x00307383, 0x02050601, 0x02010302, 0x03010467, 0x57030000, 0x03220682, 0x09825f00, 0x4f002f08, 
    0x0b080808, 0x11120b08, 0x07101111, 0x052b1b06, 0x15211121, 0x01331123, 0x01113311, 0x01b1feef, 0xfeafaf4f, 0x036e3ce3, 0xaefc2dac, 0x03835203, 
    0x00010027, 0x018dff73, 0x081b41db, 0x1b414d82, 0x03122113, 0x1739c382, 0x13330101, 0x01730315, 0x66e8fe1e, 0x0173fcfc, 0xfed301cf, 0x6bfe7a6d, 
    0x20a78300, 0x20a7822e, 0x061b41f4, 0x1d402025, 0x82090c0d, 0x000626a8, 0x034c0101, 0x06764301, 0x1276002b, 0x04101213, 0x172b1a06, 0x224b8223, 
    0x85011501, 0x37e32106, 0xe2255282, 0xfe110137, 0x29098771, 0x01d6016e, 0x3343fed6, 0x088644fe, 0x69206384, 0xb8206382, 0x2c060b41, 0x002c402f, 
    0x01010402, 0x67010200, 0x05d24305, 0x002a0682, 0x01065f03, 0x4f030003, 0x75180000, 0x22080b47, 0x172b1906, 0x23113335, 0x03112135, 0x69331123, 
    0x4f01afaf, 0x6e3c3c32, 0x2d52032d, 0x7f0354fc, 0x7a00aefc, 0x092405d3, 0xab017e01, 0x2006d37a, 0x0fc77513, 0xffcd002b, 0x02810160, 0x03060230, 
    0x088f822c, 0x5d00032f, 0x120274ff, 0x1c006703, 0x2e002500, 0x52405500, 0x0109010b, 0x080b0111, 0x0a000117, 0x01044c03, 0x85020102, 0x0502070c, 
    0x00860500, 0x31918208, 0x00670b08, 0x5f010909, 0x01010103, 0x0a004d38, 0xae82000a, 0x3900002e, 0x00004e00, 0x26282c2e, 0x1d1f2325, 0x1c234d82, 
    0x83111e11, 0x090d2200, 0x82b7821d, 0x333523b0, 0x03823315, 0x15161625, 0x85070614, 0x23152505, 0x03152335, 0x2007b67c, 0x08088711, 0x5656b331, 
    0x443c463c, 0x3b343a4c, 0x3c4c5544, 0x3a763a46, 0x773a4243, 0x49493f7c, 0x8c8c7c3f, 0x8d8dda02, 0x5e10948d, 0x0e523b48, 0x50476010, 0x82910e68, 
    0x3e2f2a14, 0xfd3e3535, 0x3c3a43c8, 0x22d7824b, 0x82580002, 0x0b2508d7, 0x1b00b202, 0x3f002300, 0x12203c40, 0x0104080b, 0x131a1f00, 0x02030401, 
    0x01004c02, 0x01000200, 0x02008002, 0x23028203, 0x0100007e, 0x2b107474, 0x171b001b, 0x09051914, 0x35052b19, 0x2005f648, 0x08bf8437, 0x26231725, 
    0x36112726, 0x06333736, 0x03150706, 0x11171614, 0x01150606, 0x64645511, 0x66553c55, 0x34035a03, 0x82342d2d, 0x662a0806, 0x2c339b55, 0x848c332c, 
    0x96596d0a, 0x840a6d59, 0x52640783, 0xfe06382e, 0x2e38066a, 0x83076452, 0x41345401, 0x0a94010a, 0xb2823440, 0x21088f82, 0x0271002b, 0x007b022e, 
    0x002a001c, 0x1520406a, 0x040d0f13, 0x161b0103, 0x0204080c, 0x05071c03, 0xab820401, 0x0e144c34, 0x064a0102, 0x4b490001, 0x585021b0, 0x01041340, 
    0x3c820002, 0x67186520, 0x032408e5, 0x1a401b4e, 0x0324e082, 0x69030102, 0x59201d85, 0x02220682, 0x27836100, 0x59513108, 0x1d1e0d40, 0x2a1d2224, 
    0x222c2a1e, 0x2b180905, 0x23062725, 0x27072722, 0x34352637, 0x17372737, 0x17323336, 0x16071737, 0x07061415, 0x36322517, 0x08050172, 0x14150634, 
    0xef011616, 0x3e3d2e57, 0x533e552f, 0x3f562221, 0x3f3b3058, 0x533d5430, 0x550f111f, 0x4a38fffe, 0x3c25384a, 0x713c2323, 0x551d1d57, 0x3f31543e, 
    0x23823140, 0x821f1c21, 0x32420821, 0x18391f3d, 0x394c4055, 0x3c234c39, 0x233c2626, 0x03000000, 0x74ff4800, 0x66031002, 0x2a002300, 0x3a003200, 
    0x1a283740, 0x02041013, 0x1b273201, 0x02000409, 0x0108222b, 0x03000304, 0x0201004c, 0xe2828501, 0x00850222, 0x85253582, 0x03030104, 0x25408276, 
    0x14230023, 0xa041141c, 0x33272507, 0x11171614, 0x4106d66e, 0x342406a8, 0x17152726, 0x20066b42, 0x241e8203, 0x13060635, 0x08cf8336, 0x01272758, 
    0x026b5e13, 0x1b363b5a, 0x5463514b, 0x0164533c, 0x282d315a, 0x58695049, 0x2c2d3099, 0x36319931, 0x8c0c2c2f, 0x56690883, 0x01073e31, 0x6c170806, 
    0x08685049, 0x68088384, 0x073b2f52, 0x6e170df8, 0x096c524a, 0x2db60283, 0x07e50e42, 0x08f3fd36, 0x412c303c, 0x9682040e, 0x5a00032a, 0x5802b0ff, 
    0x1c00da02, 0x2e28d782, 0x19b69a00, 0x0908020a, 0x2007665b, 0x08035d2e, 0x00672708, 0x08090001, 0x0d690901, 0x00000801, 0x0a005908, 0x0a0b010e, 
    0x0c07630b, 0x04000002, 0x0404005f, 0x1b4e0438, 0x30942f40, 0x00010c26, 0x6900080a, 0x00223387, 0x31850707, 0x594e0730, 0x2b2b2740, 0x00011d1e, 
    0x2e2b2e2b, 0x0e192c2d, 0x0f241760, 0x252b1609, 0x08d94118, 0x27331723, 0x600e1935, 0x3507311c, 0x0c011521, 0x535f6052, 0x03074e3e, 0x5a747402, 
    0x0d640e19, 0x01972408, 0x5e6e32a4, 0x3e6e5f29, 0x4b3c7d35, 0xfe4b5555, 0x3d366902, 0x1e3e464e, 0x4044463e, 0xd044401e, 0x82005050, 0xff133ff0, 
    0x020a02f6, 0x002b00e4, 0x005d4060, 0x07040706, 0x00800406, 0x010c010d, 0x08800c0d, 0xfe6c0401, 0x67280805, 0x0b02010a, 0x020d0101, 0x07006701, 
    0x00610507, 0x4d3e0505, 0x000c0c00, 0x00010e61, 0x4e003f00, 0x28290001, 0x20212426, 0x23052453, 0x12131517, 0x0a96be18, 0x2b012b22, 0x0520dd83, 
    0xd483dd83, 0x34210383, 0x5d7b1836, 0x3315230a, 0x03842315, 0x3316142d, 0x33353632, 0x34010614, 0x82497464, 0x64742900, 0x415a7462, 0xad433b3b, 
    0xc0180082, 0x2d2d08c1, 0x37416441, 0x61717062, 0x3e43433e, 0x200c8237, 0x2108832d, 0xcf827161, 0x4cff002e, 0xda021702, 0x33001a00, 0x01053040, 
    0x11e7df18, 0x0000002b, 0x01085f07, 0x073d0707, 0x2f0b824e, 0x1119001a, 0x11232112, 0x09092113, 0x35152b1d, 0x11207f83, 0x10e8df18, 0x06147f08, 
    0x3e356923, 0x4951a0a0, 0xe140a1a1, 0xb45d70e1, 0x01343d52, 0x42c4522a, 0xc33c5049, 0x58d6fe52, 0x0002006b, 0x02f6ff32, 0x00e40226, 0x00310019, 
    0x0057405a, 0x01000102, 0x00800002, 0x07080709, 0x04800809, 0x010c0001, 0x05000605, 0x0d060067, 0x0907020b, 0x00670706, 0x61030101, 0x3e030300, 
    0x0808004d, 0x0a00610a, 0x4e0a3f0a, 0x00001a1a, 0x311a311a, 0x28292b2d, 0x1d1e2426, 0x52821b1c, 0x2216192d, 0x0e112612, 0x132b1b09, 0x18372135, 
    0x2613d461, 0x35051533, 0x73211521, 0xc7830557, 0x06335608, 0x26222306, 0x32373435, 0x15251701, 0x3831381c, 0x6e025941, 0x25695961, 0xfe7b091e, 
    0xfef4010c, 0x1b1610d2, 0x4438313b, 0x61720159, 0x01336c59, 0x1220468e, 0x2726182b, 0x5f553135, 0x3522484e, 0x9246081b, 0x100c4646, 0x3225182d, 
    0x6955313f, 0x2b3b4858, 0x08008200, 0x1e000224, 0x26020000, 0x1800da02, 0x3d002100, 0x01093a40, 0x02010503, 0x67020301, 0x07010106, 0x01080001, 
    0xcc826700, 0x2d050343, 0x08010b4d, 0x4e083908, 0x1f210000, 0x3282191b, 0x11111825, 0x82112126, 0x090c2500, 0x35332b1e, 0x26061342, 0x16323311, 
    0x82141516, 0x050c42b4, 0x21088046, 0x0082506e, 0x42df2408, 0x61363661, 0xe6e68542, 0x43433985, 0x509b8539, 0x4a015055, 0x3d3e5c33, 0x5055335d, 
    0x4490019b, 0x82443939, 0x0100239a, 0x9b824b00, 0xe4021728, 0x42002a00, 0x8e823f40, 0x4c010022, 0x07904918, 0x01010525, 0x82000106, 0x186720a0, 
    0x240a0c7e, 0x5f080707, 0x82a28709, 0x162a2935, 0x12221611, 0x0a171126, 0x3e249e84, 0x27343502, 0x2e20a382, 0x36200782, 0x172ea382, 0x23263423, 
    0x14150622, 0x33171616, 0xb2842315, 0x21074108, 0x32184b15, 0x4b680523, 0x74141e0e, 0x01736362, 0x3a37425f, 0x0f221840, 0x2303a3b9, 0x72011833, 
    0x39351364, 0x50181b19, 0x2639311a, 0x59656455, 0x35393c32, 0x1f303323, 0x2b161450, 0x500e3549, 0x2d20b782, 0x2b28b782, 0x1700da02, 0x33403600, 
    0x132e5682, 0x0f101112, 0x05060708, 0x01020304, 0xc6820310, 0x00010227, 0x005f0100, 0xb0281901, 0x00172e0c, 0x19111117, 0x2b190905, 0x35073521, 
    0x28038437, 0x15213523, 0x15371523, 0x22038407, 0x82b00001, 0x01d32300, 0x0682d3fe, 0x30b7b025, 0x8264304b, 0x4fda2303, 0x0a86c24f, 0x8200cf21, 
    0x23002157, 0x35207f82, 0x1c2a7f82, 0x3b403e00, 0x0302010c, 0x41434c01, 0x07683208, 0x0a0b0001, 0x00090802, 0x01046708, 0x4d380303, 0x07266200, 
    0x1c001c25, 0x82111a1b, 0x82182000, 0x0c112a03, 0x372b1f09, 0x23353335, 0x097d1835, 0x4303200b, 0x280807e1, 0xc33c3523, 0x60b9a0c3, 0x020e0c8e, 
    0x8e0c0f02, 0xc3a0b95d, 0x785ac3c3, 0x014b4b4b, 0x19d4fe81, 0x23080823, 0xfe2c0119, 0x2110827f, 0x96827878, 0x00010027, 0x024cff58, 0x0897820b, 
    0x42002120, 0x080b3f40, 0x20000202, 0x03050201, 0x01004c02, 0x01020402, 0x04008004, 0x03040203, 0x1982007e, 0x32825f20, 0x032a9b82, 0x065f0503, 
    0x3d050501, 0x10824e05, 0x2100212a, 0x14222512, 0x1b090719, 0x28123c48, 0x15062223, 0x33161415, 0x06424832, 0x4e020133, 0x5a4e5c5c, 0x5a035e4e, 
    0x3b384203, 0x383b4747, 0x2f0a8242, 0xaeb44e5e, 0x96556c0d, 0xae0d6c55, 0x4e630aad, 0x08c01819, 0x0a634e23, 0x226482ad, 0x82480001, 0x03102aa7, 
    0x002d0084, 0x2d37403a, 0x248d8202, 0x03021619, 0x24a78b05, 0x05040205, 0x3f2c827e, 0x02000102, 0x05050069, 0x03005f03, 0x4e033d03, 0x221d1422, 
    0x09061014, 0x33012b1c, 0x15161615, 0x20086242, 0x072f4717, 0x26352322, 0x0adf4b18, 0x58472720, 0x013b0806, 0x56475a05, 0x3535445a, 0x72272b42, 
    0x525f5149, 0x5a66575a, 0x4a3e404e, 0x456f2c2f, 0x034d5e4f, 0x650fa584, 0x3f3f3248, 0x0b392832, 0x4c6f1420, 0xae0c6e54, 0x586c0bad, 0x1948453d, 
    0x2207fd2d, 0x820b684e, 0x02003691, 0xaa004600, 0x39021202, 0x1f001b00, 0xb04b8600, 0x4058500a, 0x2b168230, 0x72020104, 0x01050108, 0x72050403, 
    0x20082882, 0x04000104, 0x00010069, 0x03010603, 0x0706006a, 0x00570607, 0x5f070606, 0x06070109, 0x401b4f07, 0x23328332, 0x80040200, 0x01233384, 
    0xa0800305, 0x40592634, 0x001c1c16, 0x098e5400, 0x12232428, 0x060a2324, 0x3b7c2b1b, 0x1e220805, 0x35323303, 0x14153335, 0x2e222306, 0x15222303, 
    0x21350715, 0x3a484615, 0x1b223225, 0x552f141e, 0x09873b47, 0x01cc012f, 0x473b4671, 0x1a27271a, 0x3a464637, 0x08088548, 0x5050c73f, 0x1d000300, 
    0x3b02f6ff, 0x0b003002, 0x23001700, 0x38403b00, 0x07010103, 0x00030602, 0x69000105, 0x04040500, 0x05005905, 0x08610405, 0x04050401, 0x0d181951, 
    0x1f00010c, 0x1923181d, 0xaf4a1823, 0x0609240b, 0x4e132b16, 0x32210544, 0x20928216, 0x180b8a21, 0x240bbb4a, 0x26262164, 0x21038221, 0x08866f01, 
    0x0786e920, 0x22b00129, 0x23231e1d, 0x87221d1e, 0x46fe2107, 0x22080987, 0x02000000, 0xc9ff9e00, 0x5d02c601, 0x2f002100, 0x2cb50800, 0x02000d25, 
    0x35172b32, 0x26263736, 0x82343535, 0x35272b06, 0x37361716, 0x16070615, 0x81821516, 0x17160728, 0x06272615, 0x15821403, 0x2f054f7b, 0xa8150606, 
    0x2f382934, 0x3429382f, 0x503a3a50, 0x28240b8a, 0x2b37372b, 0x37310383, 0x2d120b2d, 0x4b144b7e, 0x0b122d7e, 0x1f1f0e2d, 0x28108f0e, 0x71433201, 
    0x43712828, 0x82068514, 0x8203209b, 0x32400803, 0x9b025802, 0x08000500, 0x0a000b00, 0x07090bb7, 0x03000106, 0x11352b32, 0x01110101, 0x05071117, 
    0x2c012737, 0xd3fe2c01, 0xe2fed6fb, 0x0232d5d5, 0x01effe69, 0x0197fd11, 0x8601a013, 0xc2c4c5c3, 0x2505174d, 0x7e01f000, 0x174d9201, 0xfa002d05, 
    0x00b10800, 0xb0fab001, 0x04002b35, 0x64206382, 0x47686382, 0x40522209, 0x091b684f, 0x01080122, 0x2406af41, 0x59050406, 0x092a6800, 0x61040528, 
    0x0504010a, 0x1e685104, 0x0ec04120, 0x21131e68, 0x1d682450, 0x01862405, 0x89f8fd5e, 0x0f1d680b, 0x2b252425, 0x6824252b, 0x2108051d, 0xff9b0001, 
    0x02c701f6, 0x001f0030, 0x0cb04b6f, 0x26405850, 0x05030200, 0x00720203, 0x05040405, 0x56180070, 0x00290921, 0x04005904, 0x06620004, 0x23ee8201, 
    0x28401b52, 0x05212885, 0x23298280, 0x7e040503, 0x592b2a98, 0x00011340, 0x16181b1c, 0x180c0f11, 0x8207acf7, 0x220524ce, 0x49113526, 0x4a720552, 
    0x15062706, 0x33161411, 0x36433632, 0x31012c05, 0x44525244, 0x215a5244, 0x83211b1b, 0x525a2603, 0x0144520a, 0x2115830e, 0x12833228, 0x83defe21, 
    0x28322405, 0x82005244, 0x00032900, 0x024c0046, 0x009e0212, 0x2005eb58, 0x050d44a0, 0x0d443920, 0x440a2006, 0x0b3a180d, 0x06080701, 0x08006707, 
    0x57080909, 0x09080800, 0x09010c5f, 0x1b4f0908, 0x16443b40, 0x443c8407, 0x3d971516, 0x1e40592e, 0x1c1c2020, 0x23200000, 0x21222320, 0x200e2744, 
    0x1e27440d, 0x2b440520, 0x34fe2519, 0xd601cc01, 0x36112f44, 0xd84c4cb2, 0x00004c4c, 0xff280001, 0x0230024c, 0x000b00da, 0x5029402c, 0x04270576, 
    0x05000202, 0x83570005, 0x05002607, 0x0501065f, 0x75491800, 0x238f820d, 0x11333517, 0x152c0186, 0xd25a4128, 0x52b4415a, 0xc4fc3c03, 0x52200383, 
    0xff295783, 0x5901d4fe, 0x0300fc03, 0x23471800, 0x17062314, 0x4082132b, 0xfe5aff28, 0xfa2805d4, 0x008200d8, 0x1b000136, 0x3c020000, 0x14002a02, 
    0x10401300, 0x0b0c1014, 0x4a000500, 0x76221982, 0x2f820115, 0x020e0122, 0x08054774, 0x3527262e, 0x3e17021e, 0x3c023702, 0x64376644, 0x4d436336, 
    0x07064576, 0x014d7847, 0xa26308d0, 0x695a5a69, 0x5a0863a2, 0x5c8f5609, 0x09568f5c, 0x00294082, 0x009f0002, 0x01b901be, 0x358f82d8, 0xb5080007, 
    0x00020406, 0x252b3202, 0x07173727, 0x01072737, 0x00828d2c, 0x54545423, 0x200685be, 0x268f8554, 0x010000ff, 0x9ada0259, 0x843320c3, 0xda0226c3, 
    0xff0026fd, 0x28ad82ff, 0x02530200, 0x030602da, 0x20cf8420, 0x203f827d, 0x075b41db, 0x04070a28, 0x01030401, 0x14824c01, 0x0085002d, 0x85010301, 
    0x02030104, 0x55008503, 0x0b3a05bb, 0x12120b00, 0x19060512, 0x1137372b, 0x33371533, 0x35231107, 0x5a827d07, 0x0382463c, 0x01d18c2a, 0xd160ec7d, 
    0x60ec83fe, 0xcf825a82, 0xaa008c2b, 0xea01cc01, 0x0f000b00, 0xbf471800, 0x01022507, 0x02006900, 0x21081b71, 0x5e820105, 0x0c0c4f24, 0x3c6c0001, 
    0x0606220b, 0xb07b1816, 0x3507310c, 0x2c011521, 0x252e2e25, 0xc62d2d26, 0x54014001, 0x07a84718, 0x5050aa22, 0x23366b85, 0x35024600, 0x15008a02, 
    0x48002900, 0x01004540, 0x01050200, 0xef826702, 0x05070627, 0x07006706, 0x2fd98209, 0x00670407, 0x03000003, 0x03030057, 0x01085f00, 0x4f390c82, 
    0x00011617, 0x1f212628, 0x29161c1e, 0x12142917, 0x080a0b0d, 0x15011500, 0x2183820a, 0xed452225, 0x33362405, 0x48211521, 0x212206a1, 0x214e2715, 
    0x15332106, 0x0807b548, 0x01153345, 0x3c6f4a18, 0x014a6f3c, 0x4be3fe1d, 0x014b5a5a, 0x4038f41d, 0xeaf43840, 0x171b1b17, 0x6c3c46ea, 0x6b496448, 
    0x4d5d463c, 0x465d4d64, 0x28363d9b, 0x1b463d36, 0x1b171e17, 0xff030046, 0x021900f6, 0x47830262, 0x41250613, 0x01003e40, 0x2a9b8206, 0x00690001, 
    0x02010703, 0x47020305, 0x17203919, 0x8b0a1947, 0x203d280b, 0x20202727, 0x86d02626, 0x86cf2007, 0xf7012307, 0x16821f27, 0x271f2023, 0x300890ef, 
    0x00010000, 0x02460023, 0x008a023a, 0x4037001b, 0x370f8234, 0x02010302, 0x00030067, 0x04030504, 0x00050067, 0x00570500, 0x5f000505, 0x0533c082, 
    0x00014f00, 0x1314181a, 0x0b0d1112, 0x1b00080a, 0x41071b01, 0x06231154, 0x82211515, 0x14260801, 0x21331616, 0x3e090115, 0x693f3f69, 0xfe31013e, 
    0x254027cf, 0x43febd01, 0x01274025, 0x63394631, 0x633e903e, 0x14825039, 0x1e501e22, 0x50201382, 0xa5287b82, 0xbd01b600, 0x1700e201, 0x162d8ba6, 
    0x0f101114, 0x08090b0e, 0x01170006, 0x248b8617, 0x36343535, 0x06ca4133, 0x15220682, 0x0d821614, 0x361a013e, 0xa3363f3f, 0xe6241fa3, 0xa31f24e6, 
    0x42363fb6, 0x242d3f36, 0x112a111f, 0x002d241f, 0xe624ef82, 0x73011900, 0x664ab341, 0x07200bb7, 0x8b0ab341, 0x2d01210b, 0x2006a441, 0x41078e20, 
    0x01281cb4, 0x00007800, 0xfe01e001, 0x081c2344, 0x78112123, 0xfe016801, 0x020002fe, 0xd2019700, 0xb202c401, 0x07000300, 0x2c402f00, 0x01040000, 
    0x01000201, 0x10b74367, 0x230f707e, 0x132b170b, 0x2e06e657, 0xfe2d0197, 0x022d01d3, 0xa838387a, 0x82003838, 0x00032800, 0x024c0055, 0x84480203, 
    0x000b2757, 0x003d4040, 0x59870600, 0x32590720, 0x18052007, 0x2407494f, 0x04050108, 0x187d7e05, 0x6a890620, 0x72820520, 0xae015524, 0x038552fe, 
    0x4cfc0124, 0x0284d84c, 0xcb820020, 0x73002d2f, 0x21022b02, 0x1f000f00, 0x41404400, 0x086f8203, 0x0985012f, 0x06050207, 0x02008605, 0x04000108, 
    0x00670002, 0x04060604, 0x04040057, 0x06005f06, 0x104f0604, 0x10000110, 0x1d1f101f, 0x1517181a, 0xbd4c1812, 0x480a2009, 0x332e06b5, 0x33331614, 
    0x33353632, 0x01230614, 0x0b823634, 0x34052d4c, 0x15062223, 0x5a6c5cf5, 0x336e333b, 0x5c6c5a3b, 0x5c6ccafe, 0x2d0f876e, 0x4e5c7701, 0x29313129, 
    0xfcfe5c4e, 0x0b855c4e, 0x28051741, 0x02690000, 0x002b0258, 0x21a5820b, 0xff43001b, 0x05294507, 0x03010726, 0x67030205, 0x7110194b, 0x7771057d, 
    0x45092011, 0x05230e3a, 0x43152135, 0x02210bf7, 0x06494908, 0x01d4fd24, 0x0b86aa5e, 0x45950121, 0x7323074f, 0x18b95050, 0x280a044d, 0x00500001, 
    0x02f40100, 0x289b82da, 0x002f4032, 0x02030004, 0x7b8d8204, 0x00240794, 0x57000505, 0x8147c482, 0x35332516, 0x35211121, 0x11350184, 0xfe4a0150, 
    0xfe2701d9, 0x52a401b6, 0xe2520201, 0x0026fd52, 0x937f1800, 0x00032d09, 0x402a000c, 0x01010827, 0x004c0102, 0x86200482, 0x47181d82, 0x36080df7, 
    0x0c040404, 0x10110c04, 0x2b180604, 0x23032113, 0x16161303, 0x37363617, 0xf4013213, 0x694c7bbd, 0x0404110d, 0x02650d13, 0x0226fdda, 0x345ffe8a, 
    0x59171758, 0x82a00134, 0x0200299e, 0xfbff5000, 0xd0020802, 0x282e6582, 0x0a407d00, 0x090a0b0c, 0x07000105, 0x076b4a00, 0x82272005, 0x01042422, 
    0x49067202, 0x05301055, 0x00590103, 0x62030101, 0x03010300, 0x29401b52, 0x84074349, 0x0d43492a, 0x59382b8d, 0x0d0d1340, 0x280d280d, 0x1e202325, 
    0x15171a1b, 0x06071012, 0x35372b16, 0x270a5274, 0x36343501, 0x021e3233, 0x2908254a, 0x022e2223, 0x15062223, 0x32745515, 0x4dfe2b0b, 0x30233b47, 
    0x16162326, 0x09825519, 0x2425313d, 0xbe191615, 0x0d099857, 0x080e0202, 0x64d75a99, 0x3b146bfe, 0x18201847, 0x881c1619, 0x00210808, 0x23000100, 
    0x3402b500, 0x2500df01, 0x28402b00, 0x06010104, 0x01020301, 0x01076903, 0x02000002, 0x24068259, 0x05610002, 0x24d38201, 0x24241451, 0x24038211, 
    0x1e060810, 0x9375182b, 0x17172208, 0x06825816, 0x1632352a, 0x23061415, 0x27272622, 0x08067951, 0x43b13334, 0x35434a4b, 0x1616134d, 0x23222036, 
    0x494a4420, 0x12503744, 0x1f331417, 0xb5202323, 0x4f47464e, 0x3d3d3439, 0x2a26282b, 0x47474d44, 0x42343a4f, 0x0c822c38, 0x97820020, 0x00b0ff38, 
    0x02a80271, 0x00070024, 0x0027402a, 0x85010201, 0x00030104, 0x89828603, 0x57020027, 0x00020200, 0x21a08260, 0xc05d5000, 0x062c0809, 0x37252b19, 
    0x07333721, 0x7f010721, 0xe974fdbd, 0x8c02bd40, 0xf0c371e9, 0x0200f0c3, 0xeb000a00, 0xa9014402, 0x1a000e00, 0x31403400, 0x05331182, 0x69050203, 
    0x00000300, 0x67000304, 0x01040106, 0x82590401, 0x01042306, 0x0c820061, 0x0f105132, 0x1a0f1416, 0x24121a10, 0x06071022, 0x21012b1a, 0x2606a953, 
    0x16323336, 0x57052117, 0x153807e3, 0x44021614, 0x330782fe, 0x37372823, 0x07332328, 0x25fe7e01, 0x181f1f18, 0x012a0382, 0x37292135, 0x29362928, 
    0x0f844c21, 0xdb821382, 0xffff0027, 0x03e50192, 0x229382fc, 0x84234026, 0x20d584db, 0x22d58359, 0x82010361, 0x01512b0c, 0x05070900, 0x010a0004, 
    0x3a4c040a, 0x11333407, 0x15333314, 0x6158b801, 0x6e2d5f5a, 0xc4034f57, 0x82563cfc, 0x000122ff, 0x06a74a2d, 0x3000162e, 0x01122d40, 0x4c010100, 
    0x02010200, 0x20073141, 0x18738201, 0x2f0a2054, 0x16000000, 0x21141600, 0x19060524, 0x3411132b, 0x2207516f, 0x82113536, 0x06220862, 0x15161607, 
    0x2b0eff11, 0x2c6e6e2b, 0x335a0e2a, 0xfe343132, 0x240802d4, 0x1450142c, 0x0802232d, 0xfc7af8fd, 0xf8fd2105, 0x01224882, 0x7b82ff00, 0x3e03e522, 
    0x2424cb82, 0x01032140, 0x86207682, 0x01226e82, 0x1d835900, 0x82006121, 0x8251208c, 0x000a2709, 0x0423210a, 0x6f831806, 0x82054d47, 0x58612e63, 
    0xfe5f2d2d, 0x4fc403d4, 0xfc565057, 0x8226823c, 0x004108f9, 0x58023200, 0x08009b02, 0x08000b00, 0x04090bb5, 0x2b320203, 0x01250725, 0x17250111, 
    0x27370505, 0xfe225802, 0x01d5fef5, 0x210b012c, 0xe2fef8fe, 0x2675d5d5, 0x02edfef6, 0xf2effe69, 0xc4c5f024, 0x854783c2, 0x2fbb4b97, 0x92ffff27, 
    0xfc03f401, 0xaf4d1800, 0x5aff282c, 0x6a046e9b, 0x8950e6fb, 0x03f42277, 0x4143853e, 0x57200a0f, 0x01211e82, 0x374e185f, 0x11132f10, 0x11231533, 
    0xfe9bf5ff, 0x506a04d4, 0x2582e6fb, 0x41000226, 0x17020000, 0x32068b44, 0x0c38403b, 0x02030408, 0x00070001, 0x0401004a, 0x82590103, 0x0400310b, 
    0x69040003, 0x03010100, 0x02050662, 0x52030103, 0x2c134944, 0x25352525, 0x06060515, 0x17161607, 0x19494405, 0xfe030237, 0xfeae0152, 0x082113ca, 
    0x01112209, 0x473efe36, 0x3239233b, 0x064c442c, 0x2d313a29, 0xbe191615, 0x44d764d7, 0x0d2d054f, 0xe8fe9909, 0x15473b0f, 0x1619151c, 0x29088817, 
    0xf6ff0300, 0x62020801, 0xa74a9401, 0x40372306, 0xb7830534, 0x59010022, 0x0d575b18, 0x51000121, 0x332028b7, 0x8b0ae948, 0x189d4a0b, 0x944a0820, 
    0x38078f07, 0x00010000, 0x02ecff41, 0x00260217, 0x402f000f, 0x0304002c, 0x00008604, 0x05604807, 0x02010626, 0x57020303, 0x02220682, 0x744c5f03, 
    0x85112005, 0x08102700, 0x132b1e06, 0xef561521, 0x57232005, 0x2d080508, 0xbacc0146, 0xbf58bfbf, 0x2602babf, 0xc350e146, 0x00e150c3, 0x00000002, 
    0x02580241, 0x000c0053, 0xb5080019, 0x000a0d17, 0x252b3202, 0x217a3735, 0x35272405, 0x8b051505, 0x0e012d0c, 0x0a2111d2, 0xd211210a, 0xa8fd4a01, 
    0x412d0b89, 0x110c9653, 0x0b140404, 0x4ee0568f, 0x900c8be4, 0x0d102263, 0x23638403, 0x15253525, 0x07ea5818, 0x0c8b0520, 0xfe580228, 0xd24a01b6, 
    0x67842210, 0x8bf2fe21, 0xe4412d0d, 0x8f56e04e, 0x0404140b, 0x53960c11, 0x67820c8b, 0xeb001424, 0x2f454e02, 0x403a3a06, 0x00010037, 0x05010005, 
    0x06000069, 0x00040301, 0x01076703, 0x04020204, 0x2b068259, 0x00610204, 0x51020402, 0x00000f10, 0x30053245, 0x0e000e00, 0x08112224, 0x132b1906, 
    0x36362135, 0x081a4633, 0x35451720, 0x01142d0a, 0x2333077e, 0x29363629, 0x5d073323, 0x29083145, 0x3629212a, 0x29372829, 0x32452221, 0x088f8209, 
    0x00004626, 0xda021202, 0x1f001300, 0x40404300, 0x06000102, 0x06008500, 0x0a850605, 0x01040901, 0x80010904, 0x08050107, 0x05250882, 0x01006704, 
    0x06954703, 0x0300612c, 0x14510301, 0x141f1414, 0x0082111f, 0x1333142b, 0x060b1033, 0x33132b1f, 0x06a44911, 0x09821120, 0x23230626, 0x17352622, 
    0x0809ce5b, 0x32461527, 0x4a324a51, 0x63683251, 0xd2686336, 0x78287878, 0xfdda0278, 0x51514aee, 0xfd12024a, 0x676761ee, 0x26797361, 0x20028279, 
    0x2a008200, 0x00f6ff03, 0x02620232, 0x820f009e, 0x002b2d9f, 0x003f4042, 0x05030001, 0x00690301, 0x02229483, 0x52470405, 0x0106210d, 0x5139d382, 
    0x10112021, 0x25270001, 0x2b212b20, 0x1f101719, 0x07091f11, 0x0f010f00, 0x07064d09, 0x36363424, 0x70593233, 0x32272f05, 0x34353636, 0x22232626, 
    0x14150606, 0x82471616, 0x14153608, 0x582c0106, 0x8d51518d, 0x518c5958, 0x4a598c51, 0x76444476, 0x2305854a, 0x18202018, 0x32200382, 0x28821c88, 
    0x1d883220, 0xcc202382, 0x23821f84, 0x2b2eaf82, 0x2d020000, 0x0700da02, 0x1d402000, 0x64490103, 0x2eb0820e, 0x11114f02, 0x06041011, 0x21132b1a, 
    0x82112311, 0x022b2f03, 0xb2fe5a02, 0xfdda025a, 0xfd880226, 0x00820078, 0x89000121, 0x40263947, 0x00010223, 0x00850001, 0x01030301, 0x01010057, 
    0x01045f03, 0x4f030103, 0x220cb747, 0x82331133, 0x1133254c, 0x4e015a2b, 0x78204b83, 0x26204b82, 0x72822182, 0x50002d36, 0xf0022b02, 0x10000300, 
    0x39403c00, 0x0203010c, 0x02004c01, 0x02294382, 0x04068003, 0x84030302, 0x20568200, 0x055f4500, 0x82010521, 0x044f2c6d, 0x04000004, 0x08100410, 
    0x82050607, 0x11032238, 0x060d4c07, 0x13013108, 0x03231333, 0x06272626, 0x2d030706, 0x11fefe01, 0x5cb37ab3, 0x04110c75, 0x720b1204, 0x4b4ba502, 
    0xf401abfd, 0x40010cfe, 0x10103f20, 0xc0fe203f, 0x1321cf8c, 0x20cf8200, 0x21808204, 0x7d4a0102, 0x82592005, 0x6102211e, 0x0221a582, 0x21098251, 
    0x5e820013, 0x06053326, 0x11332b19, 0x0806f44b, 0x11231126, 0x23232634, 0x11150622, 0x3a6f752b, 0x485a756f, 0x48443644, 0x716bfe01, 0x02fe6b71, 
    0x4844fe01, 0x02fe4448, 0x240a7b41, 0x40200013, 0x0a33411d, 0xdc825920, 0xc5420320, 0x13332205, 0x057b4133, 0x2012ba42, 0x2058852b, 0x2364845a, 
    0x02feda02, 0xe0825883, 0x68830220, 0x01000038, 0x9cff4600, 0x0c031202, 0xc6002f00, 0x01170a40, 0x01070307, 0x65180704, 0x28080750, 0x05060046, 
    0x08008506, 0x08070305, 0x07040072, 0x72040309, 0x0e0d0e00, 0x00050086, 0x03050703, 0x00070069, 0x09070209, 0x05625e6a, 0x0102002a, 0x00010c67, 
    0x57000d0d, 0x002c0682, 0x0f105f0d, 0x0d000d02, 0x48401b4f, 0x05234888, 0x83800308, 0x04072349, 0x4ab28009, 0x1e40592b, 0x2f000000, 0x2d2e2f00, 
    0x06ac702c, 0x12212328, 0x12231411, 0x00821124, 0x2b1f0623, 0x069d7937, 0x23022e33, 0x23151522, 0x33363435, 0x17161632, 0x36073337, 0x06865835, 
    0x07272108, 0x07231533, 0x07211521, 0x87463723, 0x29d0b62f, 0x1821221a, 0x3b47552f, 0x0f23352b, 0x2e513f47, 0x26080a82, 0xbd210c0e, 0x06012fd7, 
    0x3f3be0fe, 0x8c4c4c3b, 0x31137a4c, 0x46463725, 0x2f21473b, 0x01f0d113, 0x3a464636, 0x82630248, 0xb04a0818, 0x000200b0, 0x0292ff23, 0x003e033a, 
    0x0026001d, 0x210a40cc, 0x05050601, 0x02060701, 0x09b04b4c, 0x32405850, 0x02020300, 0x010c7003, 0x0a00000a, 0x02010471, 0x0605010b, 0x00680502, 
    0x01070006, 0x08670706, 0x00000101, 0x06825701, 0x5f000129, 0x01000109, 0x561b4f00, 0x31200587, 0x03213982, 0x2138ac85, 0x33883040, 0xa4860a21, 
    0x5959276b, 0x00001640, 0xbe822224, 0x1b1c1d22, 0x2b05e046, 0x0d111128, 0x172b1f06, 0x33352337, 0x2e06bd58, 0x37333336, 0x15330733, 0x15330323, 
    0x82210721, 0x03470803, 0x13171614, 0x15062223, 0x7a5c2866, 0x3a63532d, 0x377f4567, 0x8a6c3746, 0xe4fefe74, 0xfe48012c, 0x3f2f289a, 0x4361743a, 
    0x526e6e49, 0x56730d7a, 0x3662422c, 0xfe529696, 0x527652c4, 0x3d12026e, 0x3b010547, 0x82004248, 0x00023a00, 0x0292ff1e, 0x003e0335, 0x00290021, 
    0x110a4091, 0x24040301, 0x02030201, 0x0709414c, 0x0504052b, 0x08090085, 0x00710908, 0x05514e04, 0x25600b20, 0x07692707, 0x08080001, 0x06825700, 
    0x5f08002d, 0x08020a0c, 0x1b4f0800, 0x86003040, 0x86092133, 0x592632a5, 0x00001640, 0x83822527, 0x1f202129, 0x12281111, 0x41112221, 0x33200508, 
    0x29055842, 0x21232613, 0x17322135, 0xc1593337, 0x23062106, 0x08074b42, 0x2734014c, 0x36323303, 0x2c8e1e35, 0x0c73d8ba, 0x01cffe0e, 0x391a1d31, 
    0x3c344046, 0x3145673a, 0xfe34012c, 0x284628ae, 0x6b344d01, 0x52494313, 0x3a015276, 0x9b055202, 0x43631ab0, 0x3663412c, 0x6e6e5276, 0x234fcc01, 
    0x4248dcfe, 0xe3440000, 0x010a3211, 0x4c010204, 0x01020103, 0x04020104, 0x04010680, 0x19e34404, 0x440e0f21, 0x03210fe3, 0x07f74e33, 0x2d033326, 
    0xc4fefe01, 0x2109e144, 0xe344b35b, 0x20c02a08, 0x3e11113e, 0xfe400120, 0x2283820c, 0x82550003, 0x02032e88, 0x000300d0, 0x0010000c, 0x09254028, 
    0x08754a05, 0x36095f45, 0x00010102, 0x0d0d4f01, 0x100d100d, 0x1706031e, 0x3525252b, 0x48110325, 0x0323067a, 0x4a152135, 0x4c3b054c, 0x082113ea, 
    0x78112209, 0xd7beae01, 0x6ffed764, 0x09721301, 0x0e02020c, 0x624ffe08, 0x240805d3, 0x02c4ff46, 0x000c0312, 0x40e4003f, 0x01011518, 0x05011806, 
    0x02072601, 0x06270502, 0x37090c02, 0x050c0801, 0x05d1584c, 0x004f2708, 0x85040304, 0x01030600, 0x00720605, 0x01070502, 0x09007202, 0x09080c00, 
    0x0d010e72, 0x0d0c0a08, 0x0a0b0072, 0xbb82860b, 0x0305012c, 0x05006901, 0x05000700, 0xd7826a07, 0x00080c37, 0x0800690c, 0x59080a0d, 0x0a080800, 
    0x080a0062, 0x401b520a, 0x23518853, 0x80010603, 0x05245283, 0x00800702, 0x00235382, 0x84800c09, 0x20338254, 0x0855ac80, 0x1a405927, 0x3f000000, 
    0x3b3d3f00, 0x32343839, 0x23262e2f, 0x23132312, 0x0f232412, 0x372b1f06, 0x33363435, 0x26371732, 0x0aad4426, 0x33131725, 0x5d161603, 0x26240936, 
    0x021e0727, 0x0f820e8a, 0x84132321, 0x46210830, 0x161a3a48, 0x1b231525, 0x3a48552f, 0x6512362c, 0x1308783f, 0x47552f0b, 0x0d21143b, 0x1e1d1323, 
    0x330b8315, 0x0e213024, 0x0a673f56, 0x466e2f0b, 0x6a08473b, 0x46372e1a, 0x25270882, 0xfe1d0117, 0x820907ad, 0x483a270c, 0x13610709, 0x0a841d29, 
    0x25182208, 0x2201f412, 0x00463705, 0x23000300, 0x3a02c4ff, 0x1c000c03, 0x2a002200, 0x0a409200, 0x04030110, 0x06954320, 0x58500a24, 0x61433140, 
    0x06072305, 0x95430706, 0x01092308, 0x8a690a02, 0x010b2605, 0x00060600, 0x28068257, 0x0c5f0600, 0x00060208, 0x09954306, 0x07060722, 0x9d089543, 
    0x40592a32, 0x27000017, 0x22232425, 0x2b898221, 0x1228111c, 0x11112121, 0x1e060d11, 0x4308ef45, 0x23241295, 0x26340137, 0x0805ec45, 0x3632332c, 
    0x9f233536, 0x3cf8db3c, 0x01cffe03, 0x2f0f0f31, 0x503e343f, 0x6f3f683f, 0x012e3f2e, 0x37232c3a, 0x533ca386, 0x46253f28, 0x0182aa50, 0x92840237, 
    0x90466b19, 0x8239633e, 0x28680182, 0x509c1145, 0x254027aa, 0x41008200, 0x1d2d0913, 0x2b002500, 0x0a409000, 0x05060129, 0x06ed4501, 0x3e05795f, 
    0x01000001, 0x08010c70, 0x02860807, 0x010a0001, 0x03000403, 0x04010968, 0x0605010b, 0x5f670504, 0x00200a7a, 0x2505795f, 0x0001002f, 0x31a98501, 
    0x17405931, 0x2a2b0000, 0x1e1f2022, 0x1d001d00, 0x83113121, 0x0d282500, 0x172b1e06, 0x080fad45, 0x15330738, 0x33320723, 0x22211521, 0x33030727, 
    0x06222337, 0x14151506, 0x23371716, 0x4d3c3478, 0x6a3e693f, 0x882e3f2e, 0xfde03ca4, 0x0104043c, 0x12cffe31, 0x9e3a2f11, 0xf1824e3c, 0x36222928, 
    0x19943c81, 0x0b41456a, 0xaa502105, 0x03240182, 0xaacc0185, 0x8c241b82, 0x9a124327, 0x0808fb62, 0x29009939, 0x54405700, 0x02030111, 0x09080126, 
    0x04004c02, 0x05850402, 0x02030201, 0x020b0c85, 0x090a0908, 0x00800a08, 0x00840a0a, 0x01010603, 0x69010300, 0x09000107, 0x82590009, 0x09003706, 
    0x00090061, 0x00005109, 0x29002900, 0x21232425, 0x14122212, 0x05822211, 0x1f060d27, 0x3634372b, 0x61b78333, 0x33240545, 0x36073337, 0x2d054555, 
    0x32330723, 0x34231516, 0x07232326, 0xd6823723, 0x5c6c2d36, 0x5c252104, 0x333b5a6c, 0x4c464d42, 0x6c5a2c27, 0x2421035c, 0x4b311085, 0x2c284b46, 
    0x5a5c4e73, 0x31294e5c, 0x2e06d0d2, 0x210b8624, 0x0b82cbcd, 0x02247b82, 0xbaff5500, 0xda36b082, 0x18000f00, 0x20402300, 0x0f111216, 0x06090a0b, 
    0x01030405, 0x0b6d0d00, 0x01003608, 0x17157601, 0x2b180602, 0x37373537, 0x37173527, 0x15170333, 0x22828207, 0x4d072737, 0x2d0805d7, 0xc8418755, 
    0x5f3f56e2, 0x3f4dff96, 0x2b38d340, 0x08211363, 0x57412209, 0x5a63bc42, 0xedfef871, 0xdf7f644b, 0x7d1ceeb8, 0x020d0931, 0x7b860e02, 0x03029236, 
    0x17000c03, 0x6d002000, 0x1a1e1240, 0x0d0e0f19, 0x0708090a, 0x0d207d82, 0x07477282, 0x001f2106, 0x85268782, 0x03030400, 0xbd707104, 0x0506290c, 
    0x03000302, 0x1e401b4f, 0x04212187, 0x21209386, 0x6f834059, 0x17001730, 0x19151111, 0x1b060711, 0x3335332b, 0xc9840737, 0x33370523, 0x49c98307, 
    0x1320051d, 0x6338cd88, 0x2dc5a340, 0x400c01f2, 0xc06c493f, 0xfe0c014c, 0x253f25d9, 0x26180eee, 0x5236d684, 0x605751be, 0x865a7889, 0x6436dcc1, 
    0x6e52e460, 0x07de016e, 0xda87134a, 0x0001002d, 0x02c4ff55, 0x00d90203, 0x49ca001b, 0x34210511, 0x05585f00, 0x0b0b0c32, 0x0106710c, 0x03010704, 
    0x68030402, 0x09020108, 0x26053a44, 0x0b00010a, 0x8257000b, 0x0b002a06, 0x020d0e5f, 0x4f0b000b, 0x05f9451b, 0x3b823320, 0x00850522, 0x40213aad, 
    0x21358732, 0x6fa7860c, 0xbd455920, 0xbe461805, 0x0a6b4a14, 0x21352322, 0x23051749, 0x23153307, 0x213e0382, 0x55372307, 0xc2aa2e7c, 0x0901f02e, 
    0x662f3f2f, 0xc5ad2e7f, 0xf4fef32e, 0x4c2c3f2c, 0x01828c4c, 0x84919121, 0x88882306, 0x73420000, 0x40292f0d, 0x11121626, 0x0b0c0d0e, 0x03070809, 
    0x73420102, 0x01023409, 0x00760101, 0x000f0000, 0x0603150f, 0x13172b17, 0x82373527, 0x37410876, 0x17070715, 0x13032715, 0x06073717, 0x16160706, 
    0xe7856278, 0x7b443f51, 0xf3d93a9f, 0x24271659, 0x0821134b, 0x01462209, 0x7364431b, 0x573ec5eb, 0x5a6ba84e, 0x01fffe7a, 0x2568137a, 0x02020d09, 
    0x4283850d, 0x10260f7b, 0x0b0d0e0f, 0x7b42090a, 0x15192159, 0x22087b42, 0x89253527, 0x420720c9, 0xcf87067b, 0x4e63552e, 0x2c2001b1, 0x64421f3f, 
    0x45c7ad49, 0x23067b42, 0x86335330, 0x5236d884, 0x906459ea, 0x57215d83, 0x5a56da31, 0x6e52cf63, 0x29b1016e, 0xd986429b, 0x2320db83, 0x20069b4b, 
    0x0b7d4217, 0x0202032e, 0x0a007003, 0x710a0909, 0x0d020104, 0x30058e4b, 0x0706010c, 0x06000101, 0x01086701, 0x00090900, 0x28068257, 0x0e5f0900, 
    0x0009020b, 0x07914b09, 0x03003325, 0xae850302, 0x3240213a, 0x0a213587, 0x426fa786, 0x1b2c057d, 0x0018191a, 0x16170017, 0x11131415, 0x0f290087, 
    0x332b1f06, 0x23373335, 0x06794211, 0x0808914b, 0x03372324, 0x23231333, 0x01b42c88, 0x37463764, 0xff748b6d, 0x012ce3fe, 0x2899fe49, 0x78102846, 
    0x7652ec74, 0x814be001, 0x016e2408, 0x413c011a, 0xe7470523, 0x51172005, 0x20080547, 0x0304011a, 0x04050101, 0x01004c02, 0x08850100, 0x06050601, 
    0x00010286, 0x04030107, 0x00690300, 0x086e5b04, 0x04050028, 0x00004f05, 0xa3831b1d, 0x9f832120, 0x06092823, 0x1184461c, 0x7e460320, 0x4c142006, 
    0x3308052f, 0x52464378, 0x5845673a, 0x9a403f40, 0x26016fb7, 0x0909cffe, 0x6d5a3a40, 0x3c49433b, 0x4e6e14be, 0x3662422c, 0xfe52b4b4, 0xb50152c4, 
    0x196b9001, 0x42483601, 0x1e26a783, 0x3502c4ff, 0x6c820c03, 0x44001f29, 0x010b4140, 0x821a0201, 0x23a782a1, 0x85030203, 0x862d8c83, 0x01000200, 
    0x67010200, 0x04000107, 0x055d4604, 0x085f0427, 0x00040206, 0x22a88804, 0x82122811, 0x23a883ab, 0x13333537, 0x2111d04b, 0xcc4b3723, 0x6fb72508, 
    0x3101dafe, 0x3f209d82, 0x0121b289, 0x23a98423, 0x3c015278, 0xaf849f82, 0x82634121, 0x040125af, 0xcafe196b, 0x0020a983, 0x2a088382, 0x025f0041, 
    0x00350217, 0x4b4d000b, 0x585021b0, 0x01031640, 0x00010401, 0x67000105, 0x05050106, 0x02005f02, 0x4e053b02, 0x821b401b, 0x020522af, 0x821e8957, 
    0x5f052118, 0x02222382, 0xad454f05, 0x000b2305, 0x0083110b, 0x1b090724, 0x8f52252b, 0x00012a0a, 0xbf58bfbf, 0x50c35fbf, 0x210282c3, 0x60180000, 
    0x692613b7, 0xee018800, 0x87820e02, 0x06b30628, 0x2b320100, 0x01822737, 0x37172808, 0x07170717, 0x8d339c27, 0x918e338d, 0x348e9133, 0x8d34888d, 
    0x918d338e, 0x348d9134, 0x0003008e, 0x01370064, 0x5c6202f4, 0x7218455f, 0x07230e29, 0x5e152135, 0xa6610ca3, 0x01ee2307, 0xb161c890, 0xcc012106, 
    0x2307525c, 0xf04b4ba5, 0x290a5e5c, 0x55000200, 0x0302aa00, 0x6b5eea01, 0x17092131, 0x5d086b5e, 0x012406fc, 0xf050509a, 0x46050f62, 0x033d06a7, 
    0x0013000c, 0x003a403d, 0x85040304, 0x0009010a, 0x01058609, 0x02010603, 0x67020301, 0x05aa4f07, 0x01280682, 0x01085f00, 0x4f000100, 0x0f6f4d18, 
    0x2508364f, 0x13333523, 0x14460333, 0x07233a05, 0x91745178, 0x67e5c938, 0xa68a673f, 0x51fbde38, 0xa050e63c, 0xfe220150, 0x200682de, 0x2f4782e6, 
    0x02410055, 0x00530203, 0xb306000c, 0x3201000a, 0x5b0df25b, 0x41200cd8, 0x200bc35b, 0x203b8e00, 0x573b8303, 0xca570ce4, 0x5741200f, 0xbd820bb5, 
    0xe74d0220, 0x4d0c2008, 0xe75c05e5, 0x0a455309, 0x5c10e54d, 0x21200e92, 0x220e7c5c, 0x5cae0152, 0x50230e6b, 0x91000050, 0x09c7586b, 0x581e514e, 
    0x514e0ab4, 0x0a9e5807, 0x8d586e83, 0x216e830d, 0x37590100, 0x003a2406, 0x7a56000f, 0x1c24050b, 0x05020104, 0x39056548, 0x3b030300, 0x0001064d, 
    0x08600700, 0x39070701, 0x401b4e07, 0x0203001c, 0x23898503, 0x59291e8c, 0x00001040, 0x0f000f00, 0x24008511, 0x2b1d0909, 0x05336d33, 0x15333525, 
    0x82231533, 0x58462003, 0x02580604, 0xff463206, 0x004600ff, 0x02120269, 0x0426022b, 0x01640022, 0x32058207, 0x006fff00, 0x0100b111, 0x35b064b0, 
    0x0101b12b, 0x826fffb8, 0x82002008, 0x00642aaf, 0x01f401b9, 0x0005008b, 0x05ef4846, 0x01031727, 0x02000002, 0x15671871, 0x401b220f, 0x20198316, 
    0x2e671802, 0x40593e10, 0x0000000b, 0x11050005, 0x18090411, 0x2135252b, 0x01152135, 0x01c5fe9f, 0x5082b990, 0x3a4782d2, 0x02fa0046, 0x00c70112, 
    0xb168001b, 0x4b446406, 0x58502eb0, 0x01021b40, 0x6c040000, 0x29570523, 0x07485a07, 0x202dc15e, 0x2f7e820e, 0x241b001b, 0x23241223, 0x2b1b0907, 
    0x440006b1, 0x2105eb4e, 0xc94e031e, 0x050f6c09, 0x20130b6c, 0x11d767ff, 0x002d5182, 0x01500001, 0x02080254, 0x000c00da, 0x22b78327, 0x7c081c40, 
    0x0c22127b, 0xf8850c00, 0x13207683, 0x080bdc55, 0x54b3504b, 0x087051b1, 0x0e04030d, 0x54017309, 0x7afe8601, 0x25140201, 0x14250a0a, 0x0000fefe, 
    0x00230003, 0x013502a0, 0x001b00f9, 0x0039002a, 0x1748404b, 0x05040209, 0x01024c01, 0x05010701, 0x69050104, 0x0309060a, 0x04000004, 0x08088459, 
    0x6100042a, 0x00020803, 0x2c510004, 0x011c1d2b, 0x2b313300, 0x25392c39, 0x1d2a1c23, 0x0f14162a, 0x0006080d, 0x0b1b011b, 0x372b1606, 0x3606fe65, 
    0x3e331732, 0x16323302, 0x06141515, 0x23272223, 0x3227020e, 0x5f37023e, 0x2008051d, 0x21161415, 0x35353632, 0x22232634, 0x1707020e, 0x483ba616, 
    0x24663d4c, 0x331d0503, 0x4b483b24, 0x360a823e, 0x1c321e04, 0x0a15241d, 0x2c161f01, 0x0127271f, 0x26262019, 0x84251c20, 0x4aa02910, 0x4a3d4b3d, 
    0x202d1663, 0x152e0885, 0x173c202e, 0x54061c20, 0x4b222934, 0x04842922, 0x40080f85, 0xf6ff0300, 0x62020000, 0x1800da02, 0x2c002200, 0x4c404f00, 
    0x04020a0d, 0x1d2a2b00, 0x0405041c, 0x02020117, 0x004c0305, 0x85010001, 0x02030106, 0x00008603, 0x00050400, 0x01076904, 0x05020205, 0x31068259, 
    0x00610205, 0x51020502, 0x00002324, 0x2c242c23, 0x4b821e20, 0x12271830, 0x19060827, 0x2637332b, 0x36343526, 0x2b533336, 0x06142107, 0x2627ef82, 
    0x14030727, 0x82131716, 0x060625df, 0x36363213, 0x2108ea82, 0x14160327, 0x513b3350, 0x434f588d, 0x3554473f, 0x598c513d, 0x3a214c2a, 0xfc20240b, 
    0x633f362e, 0x0382dc3a, 0x21272b08, 0x2a7730fd, 0x8c594a7d, 0x7e5e2251, 0x584c7e2a, 0x1213518d, 0x33680157, 0x78011f57, 0xfe683c17, 0x41693cd8, 
    0xfe1f5935, 0xb4821a87, 0x32003c2a, 0x26021c02, 0x1f000c00, 0x231b2342, 0x372b1806, 0x200b1f42, 0x0bf8573c, 0xf3573220, 0x20578c12, 0x12a77e06, 
    0x0c000c25, 0x83041118, 0x0b705357, 0x6c53ef20, 0x5357830b, 0x1b590d67, 0xbb4b5809, 0x4cff0033, 0xda021702, 0x28001200, 0x01002540, 0x01000200, 
    0x836e1802, 0x00122914, 0x21252111, 0x2b190605, 0x3306b475, 0x33333634, 0x15222315, 0x23061411, 0x513e3569, 0x40a1a149, 0x3a05a875, 0x49424002, 
    0xc1fd3c50, 0x00006b58, 0x00ffff00, 0x02000032, 0x02da0226, 0x82540206, 0x0be36b10, 0x27402a22, 0x4505004f, 0x04210b0d, 0x20848202, 0x75421800, 
    0x1b062a0c, 0x2311172b, 0x23152135, 0x31018311, 0x0802466e, 0xb4c85a46, 0x52523c03, 0x3c03c4fc, 0x5784c4fc, 0xcb823720, 0xcb821c20, 0x37000b2d, 
    0x02083440, 0x01010202, 0x8201034c, 0x02022200, 0x8220834b, 0x0bd76656, 0x03010424, 0x66860302, 0x14111222, 0x2708da83, 0x01013517, 0x21152135, 
    0x15210101, 0xfe130137, 0xfee501ed, 0xfe120189, 0xb47901ec, 0x01750152, 0xfe525275, 0x528bfe8b, 0x00234d82, 0x821e0001, 0x824920d7, 0x000f296f, 
    0x002b402e, 0x85030103, 0x00341482, 0x67000102, 0x04040200, 0x02005702, 0x055f0402, 0x04020401, 0x37086583, 0x140f000f, 0x06111114, 0x212b1a06, 
    0x33352303, 0x07161613, 0x37362633, 0x01033313, 0xaf6f7f0c, 0x01060863, 0x09070109, 0x01d454a0, 0x7bfe50d6, 0x0b0b3322, 0x39022134, 0x24053b65, 
    0x01f6ff5a, 0x2d6b82fe, 0x0029001b, 0x0c3c403f, 0x0403020a, 0x6c824c01, 0x74830220, 0x110cb518, 0x00010531, 0x1d510003, 0x2400011c, 0x1d291c22, 
    0x44111229, 0x072005d5, 0x35068262, 0x33363435, 0x33171632, 0x022e3435, 0x1e303327, 0x14151503, 0xc6442706, 0x82062007, 0x1638080d, 0x70622c01, 
    0x4b3e5761, 0x4e310207, 0x2b872a5a, 0x702b4040, 0x3d3e3a62, 0x3e3e3a3b, 0x5064730a, 0x32377062, 0x52623619, 0x361b133e, 0xc83f674e, 0x46507364, 
    0x45425041, 0x413a0482, 0xffff0046, 0x4cff5d00, 0x2602fb01, 0x80020602, 0x02000000, 0x00009b00, 0xc382bd01, 0x07000322, 0x20a37618, 0x2b170623, 
    0x06495c21, 0x5a630124, 0x965cdefe, 0xfdda2305, 0x0f620026, 0x02882b37, 0x00fc032b, 0x4010000a, 0x8c820a0d, 0xc86d4920, 0x2e052308, 0x6a823502, 
    0x17161436, 0x865d2b02, 0x61715a49, 0xa06e1778, 0xfdee0261, 0x17a27512, 0x3b826f85, 0x3b824820, 0x1340162c, 0x00020506, 0x0001014a, 0x40827600, 
    0x000a2a08, 0x1606020a, 0x3411132b, 0x15373636, 0x11150606, 0x5d8649ff, 0xd4fe7161, 0x9f62ee02, 0x1758176e, 0x12fd75a2, 0x00ffff00, 0x05d763ff, 
    0x04060223, 0x26378232, 0xff2d0001, 0x87590188, 0x8c01208f, 0x3517228f, 0x06bf6336, 0x622d0627, 0x87485a70, 0x83468378, 0xa061258e, 0x0100006e, 
    0x83062364, 0x84cb828f, 0x3752828f, 0x06011076, 0x23012b17, 0x27263411, 0x15021e35, 0x705a5901, 0x48875d62, 0xc6828a83, 0x6e17583a, 0x0500629f, 
    0xfbff0e00, 0xdf024a02, 0x11000d00, 0x2d001f00, 0x99003b00, 0x08054748, 0x010c2c2f, 0x00010a04, 0x69000407, 0x09000700, 0x69090708, 0x01050500, 
    0x01010261, 0x0e4d3801, 0x03080801, 0x0b060d61, 0x39030303, 0x401b4e03, 0x232e9234, 0x4d380202, 0x00203384, 0x0b213283, 0x842a8201, 0x064a0838, 
    0x06010d61, 0x4e064206, 0x2f2b4059, 0x1320212e, 0x010e0e12, 0x2e343600, 0x283b2f3b, 0x212d2026, 0x12181a2d, 0x0e1f131f, 0x10110e11, 0x0006080f, 
    0x0f0d010d, 0x132b1609, 0x35372622, 0x32333626, 0x14151716, 0x33010306, 0xa0421301, 0x2622220d, 0x421f8535, 0x06280fbc, 0x4b409916, 0x404b0101, 
    0x4b2b0582, 0x4af201cc, 0x1e420efe, 0x821e2323, 0x42012103, 0x4c251382, 0x4b4b4040, 0x2b0d8240, 0x01231d1f, 0x49900123, 0x493e413e, 0xfe2c0484, 
    0xfdda0270, 0x24d40126, 0x241f411f, 0xfe210484, 0x211d8927, 0x16872345, 0x06002328, 0xfbfffbff, 0x4b417202, 0x00392e08, 0x00550047, 0x2a37b6b7, 
    0x010b0a02, 0x0555414c, 0x01103123, 0x2deb8204, 0x69000407, 0x0d070108, 0x070a0b01, 0x57416a0b, 0x0c132c0a, 0x0a0a0312, 0x11096103, 0x41040f06, 
    0x3920065a, 0x5c413394, 0x010f210d, 0x4d202c82, 0x06203d85, 0x02203d82, 0x24065f41, 0x3b484937, 0x0761413a, 0x484e5035, 0x42554955, 0x3b473a40, 
    0x2e333547, 0x2026282c, 0x41392139, 0x1420116b, 0x20056b41, 0x126b4127, 0x23262622, 0x23050b6f, 0x37262213, 0x21063344, 0x09493636, 0x27262608, 
    0x32270606, 0x85198236, 0x16062227, 0x080d8c33, 0x40377d29, 0x37410101, 0x40014137, 0x43b601ba, 0x1a3f4afe, 0x1a1e011f, 0xf61f1f1a, 0x3b013b32, 
    0x022e2631, 0x32252f03, 0x82323a3a, 0x2f042c09, 0x011b171f, 0x1c17171c, 0x88bb1c01, 0xb8012609, 0x3541353e, 0x0804843e, 0x0248fe20, 0x0126fdda, 
    0x41191ff3, 0x1a1e1e1a, 0xfe1f1941, 0x38374008, 0x20264038, 0x38402620, 0x08843738, 0x1f233526, 0x24241f38, 0x23200482, 0x00220989, 0x1b6d0100, 
    0x00653206, 0x402f000b, 0x0102002c, 0x01068502, 0x86050005, 0x051d4e03, 0x01230682, 0x4e045f00, 0xbd4f071d, 0x1b062308, 0xbd4f212b, 0x8f072c0b, 
    0x8f8f4a8f, 0x92924093, 0x83009340, 0x01a02657, 0x02b80131, 0x22578249, 0x5029402c, 0x2c821a15, 0x0b235488, 0x8b012b1b, 0x64042a54, 0x64645064, 
    0x46693101, 0x82028269, 0x01002f29, 0x37003700, 0x58020802, 0x33001200, 0xaf843040, 0x82030021, 0x0003349d, 0x04010580, 0x00860400, 0x01000301, 
    0x01010059, 0x82006100, 0x8251202e, 0x12220835, 0x13131200, 0x06061311, 0x2e252b1a, 0x32352302, 0x33373636, 0x1e07020e, 0xae011702, 0x69a36308, 
    0x8a72a369, 0x4537310a, 0x36643765, 0x734c4363, 0x48070545, 0x02004f7a, 0x00207382, 0xd5287382, 0x16001200, 0x44404700, 0x0720758c, 0x05247582, 
    0x80050400, 0x003f6c82, 0x69000104, 0x06060500, 0x05005705, 0x085f0605, 0x06050601, 0x0013134f, 0x13161300, 0x82141516, 0x20898440, 0x23899209, 
    0x15213505, 0xfe248d92, 0xb4cc012f, 0xb422918e, 0xd5825050, 0x00040031, 0x02f6ff37, 0x00fe0120, 0x0017000b, 0x832f0023, 0x0103289b, 0x08020901, 
    0x82050003, 0x01072489, 0x4a040405, 0x043805df, 0x0a060b61, 0x04050403, 0x19242551, 0x010c0d18, 0x24292b00, 0x1f2f252f, 0x20105978, 0x0e3f6d0c, 
    0x8b175978, 0xce012517, 0x242e2e24, 0xfe210382, 0x83088697, 0x2103830c, 0x10862101, 0x2d5c0125, 0x8b2d2424, 0x9afe2103, 0xd482118f, 0x5500042c, 
    0x03024c00, 0x13001703, 0xd3821f00, 0xaa002731, 0x5024b04b, 0x0b3b4058, 0x06030401, 0x53720403, 0x2c820714, 0x04032a08, 0x00690300, 0x05010c06, 
    0x69050607, 0x010d0700, 0x08070908, 0x0a090067, 0x0057090a, 0x5f0a0909, 0x090a010e, 0x401b4f0a, 0x213d863c, 0x3eb28006, 0x25405930, 0x20202424, 
    0x00001415, 0x27242724, 0x00762526, 0x191b2505, 0x1f151f14, 0x1329a782, 0x21242124, 0x2b1a060f, 0x40611813, 0x1415240c, 0x52232306, 0x07240c1a, 
    0x05152135, 0xff310382, 0x1d1d1849, 0x33878618, 0x13333d3d, 0x1515121c, 0x3d038212, 0xfeae01d7, 0x02ae0152, 0x181d5521, 0x3a371d18, 0x23382f32, 
    0x11101473, 0x10111313, 0xce6f8a14, 0xffff3306, 0xf6ffd900, 0x30027f01, 0x2b030602, 0x02000000, 0x04822300, 0xa8023a2e, 0x19001500, 0x39403c00, 
    0x02000100, 0x26059172, 0x04000106, 0x54670003, 0x072f0ae1, 0x05040501, 0x0116164f, 0x16191600, 0x73171819, 0x082009eb, 0x24119672, 0x16141515, 
    0x08af8533, 0x45090127, 0x673a3a67, 0xfe310145, 0x494943cf, 0xfd310143, 0xc80802f8, 0x2c416336, 0x52366242, 0x42284248, 0x52c85248, 0x208f8452, 
    0x208f821e, 0x228f8635, 0x41364039, 0x5767096f, 0x208f9206, 0x828f8600, 0x211429c3, 0x06082125, 0x35372b19, 0x20073d4e, 0x21098221, 0x8d821616, 
    0x23060629, 0x15213505, 0x8331011e, 0xcffe2383, 0x95853101, 0x82cffe21, 0x2684868b, 0x2c426236, 0x85366341, 0x0123088b, 0x4b00b0ff, 0xdb01a802, 
    0x4c003100, 0x09144940, 0x2c000102, 0x08131a21, 0x01060601, 0x0502202b, 0x4b4c0306, 0x852b0556, 0x0307090a, 0x86050605, 0x82010103, 0x8259201b, 
    0x06012206, 0x21278262, 0xd4830601, 0x3100313c, 0x12271127, 0x21172117, 0x1f060b12, 0x2737272b, 0x32331733, 0x26351716, 0x0a8d2726, 0x37230726, 
    0x35373636, 0x2320ab82, 0x502f0a8b, 0x7d6a9f9f, 0x0d281188, 0x570d1907, 0x87187d6a, 0x9c9c2b09, 0x1a0a576a, 0x11280d09, 0x09877d18, 0x4b7d882c, 
    0x03a0c8c8, 0x19060902, 0x07876d10, 0x6ec8c829, 0x0907190d, 0x87a00301, 0x00002607, 0xff730001, 0x062f4992, 0x23402622, 0x20059544, 0x44178201, 
    0x032105fd, 0x27218201, 0x07000151, 0x00020406, 0x3a06676d, 0x33352317, 0x33113532, 0xa0061411, 0x5a5f2d2d, 0x56506e60, 0x3cfcc403, 0x8200574f, 
    0xff003137, 0x2b02d4fe, 0x1600fc03, 0x27402a00, 0x02030105, 0x27058970, 0x03000085, 0x02008600, 0x3408b476, 0x03020300, 0x1824214f, 0x1a060410, 
    0x1123012b, 0x26373634, 0x39568426, 0x33331616, 0x06222315, 0x59011506, 0x3231345a, 0x2b0e5a33, 0x2b6e6e2b, 0x5a820e2b, 0x586d0820, 0x08022b05, 
    0x2d23f8fd, 0x2c145014, 0xc3820024, 0x01d4fe2b, 0x003e0359, 0x401e000a, 0x8284831b, 0x01013368, 0x02005902, 0x00610102, 0x51010201, 0x03102221, 
    0x67841906, 0xbf832320, 0x5b831620, 0x2d2d5f31, 0xd4fe6059, 0x5056c403, 0x00004f57, 0x6d000002, 0x0a200c57, 0x0805576d, 0x0537112b, 0x05011101, 
    0x11052527, 0x09012307, 0xd3fe2c01, 0x0122f7fe, 0xd61f0107, 0xf3255802, 0x97fd1101, 0x23f11301, 0x8601c2f0, 0x0b8f4ac3, 0x82f40321, 0x0001224f, 
    0x065f4164, 0x9b840520, 0x02010223, 0x0fb85285, 0x84111121, 0x8205209b, 0x33112a97, 0x9bf55901, 0x04506e5a, 0x20c6831a, 0x85d78664, 0x8537823b, 
    0x835720d7, 0x005f21d7, 0x4f20d782, 0x01223b86, 0x3d821123, 0x5a590129, 0xd4fef59b, 0x82501a04, 0x297c822a, 0x58025802, 0x2a000700, 0x4c832740, 
    0x20058578, 0x2b368286, 0x00570102, 0x5f020101, 0x02010200, 0x340d6368, 0x15331131, 0x11211521, 0xfefe015a, 0xff580202, 0x00f7fe50, 0x064f4500, 
    0x00d1022d, 0x0017000b, 0x001f001b, 0x824f4052, 0x02033161, 0x09690301, 0x01080201, 0x00020400, 0x0a040069, 0x2a10cf5f, 0x0607010b, 0x1c1c4f07, 
    0x180d1818, 0x2408e664, 0x1b181b18, 0x5ab3181a, 0x0e2e460d, 0x006b2720, 0x07ef440a, 0x362c0125, 0x83364242, 0x211b2303, 0x03821b21, 0xeb44bc20, 
    0xed012505, 0x3f33333f, 0x35290383, 0x221c1c21, 0x211c1c22, 0x08b774fe, 0xd200b426, 0xc201a401, 0x8b18b784, 0x9e831d87, 0x200b1b7f, 0x05cc4406, 
    0x18059849, 0x2c0ffd91, 0x4444342c, 0x43433534, 0x2d2d2335, 0x20038223, 0x220d85d2, 0x84284434, 0x2212820e, 0x5400ffff, 0x02310653, 0x00220406, 
    0x00010000, 0x0200003c, 0x0017021c, 0x0f1f6907, 0x1e825720, 0x005f0224, 0x8b410002, 0x1133210e, 0x2d053e6a, 0x5ae0013c, 0x1702d4fe, 0xc501e9fd, 
    0x4b8e3bfe, 0x6a0d0769, 0x0023053b, 0x6a030103, 0x346a0983, 0x3c212f05, 0x5a2c015a, 0x170220fe, 0xc5013bfe, 0x4682e9fd, 0x82030021, 0x021e2404, 
    0x82760258, 0x00072609, 0x403b0013, 0x32118238, 0x03000503, 0x07050067, 0x05020401, 0x02006904, 0x42020101, 0x0620056f, 0x012f0982, 0x0008094f, 
    0x080d0f00, 0x07130913, 0x82040506, 0x11032639, 0x2b170608, 0x24ac8235, 0x21112125, 0x0a8b6e13, 0xfd580229, 0xfef401da, 0x6b18fa0c, 0x6b82055f, 
    0x32a8fd22, 0xce201182, 0x8e084e6b, 0x870b2083, 0x29588283, 0x07040067, 0x04020501, 0x83906705, 0x6c180820, 0x83950803, 0x15213522, 0x5a227b87, 
    0x76884001, 0x5050de24, 0xf38a0500, 0x09000633, 0x0f000c00, 0x30403300, 0x08090b0c, 0x01020304, 0x301e824c, 0x02000302, 0x01030067, 0x00570301, 
    0x5f010303, 0x21098204, 0xf5824f01, 0x20074466, 0x3bef8605, 0x17213701, 0x27051117, 0x21073711, 0xd2fe5802, 0xf77afec2, 0xc4d0fec9, 0x9401cbf8, 
    0x012d7484, 0xc7f6c264, 0xc6c99001, 0xcb9176fe, 0x227b8c00, 0x820b0007, 0x00132479, 0x824b404e, 0x84012018, 0x0b043273, 0x01090302, 0x06030706, 
    0x020c0867, 0x07010107, 0x23078357, 0x0a5f0107, 0x012e0b82, 0x040c0c4f, 0x13000004, 0x0c101112, 0x8f5e0c0f, 0x04082c05, 0x06070407, 0x00030005, 
    0x870d1103, 0x23352796, 0x35332115, 0x07861323, 0xa8249a82, 0xce2601ce, 0xfe230082, 0x85ceceda, 0xd2542599, 0x0cfed2d2, 0xf0820482, 0x2300012e, 
    0x3a025a00, 0x07003a02, 0x25402800, 0x2e1bd051, 0x11070007, 0x06051111, 0x11372b19, 0x82211521, 0x02232d03, 0x0143fe17, 0xe0015abd, 0x52c4fe52, 
    0x830a4b48, 0x403922e1, 0x204d8936, 0x109c7806, 0x41054b48, 0x7f8209cd, 0x08205e83, 0x05235e8a, 0x86152135, 0xe9fd2462, 0x85c81702, 0x069b4766, 
    0x821e0021, 0x843520b7, 0x402227b7, 0x0003001f, 0x87180102, 0x102715eb, 0x2b1a0604, 0x82352125, 0x213531b0, 0xe9fd3502, 0x43febd01, 0x525a1702, 
    0x00523c01, 0x6f48b382, 0x22b38707, 0x82010002, 0x0067214b, 0x4807c76f, 0xb395106f, 0x11205f85, 0x1e20b383, 0xb3846185, 0xfe216583, 0x08b38720, 
    0xda00b44a, 0xd001a401, 0x18000900, 0x01041540, 0x08094a00, 0x00040107, 0x00010149, 0x12127600, 0x2b180602, 0x33273737, 0x07331737, 0x1ee32717, 
    0x1d1d5b4d, 0x491e4d5b, 0x5d3663da, 0x4363365d, 0x04000000, 0x54005500, 0x40020302, 0x4742f182, 0x40512705, 0x0800004e, 0x87530101, 0x41092005, 
    0x8f450768, 0x0c0c2717, 0x04040808, 0x46420000, 0x18082005, 0x200f9478, 0x06086e0c, 0x0387c783, 0x280a1a7a, 0xae0152fe, 0x3c3c0402, 0x82028790, 
    0x01002f92, 0x78002300, 0x58023a02, 0x2b001500, 0x414a2840, 0x08287e09, 0x82010421, 0x014f22ae, 0x09304a00, 0x304a0520, 0x112c4a18, 0x284a7820, 
    0x245f820d, 0x02370050, 0x08c34d21, 0x01020132, 0x02000085, 0x03000203, 0x04010580, 0x00860403, 0x022a0a82, 0x02020059, 0x03006103, 0xc34d0302, 
    0x13113806, 0x06061413, 0x3e372b1a, 0x022e3702, 0x021e3327, 0x06221533, 0x18500706, 0x38074440, 0xa362095a, 0x62a36969, 0x7a4f3709, 0x45050748, 
    0x63434c73, 0x65376436, 0x0db77d45, 0xc7793220, 0x001b2a25, 0x1124211a, 0x06072114, 0x058e4a1b, 0x35353623, 0x21018221, 0x386b2634, 0x07944a05, 
    0x31012333, 0xfe253f28, 0x25bd0143, 0xcffe283f, 0x683f3101, 0x2002823f, 0x0aaa7d46, 0xbc7d3920, 0x82002005, 0x550020e5, 0x1132098f, 0x37403a00, 
    0x03080e11, 0x02060102, 0x004c0101, 0x06420500, 0x73042005, 0x068205ab, 0x03023208, 0x0301065f, 0x004f0302, 0x0d0f1000, 0x000b000c, 0x1411120b, 
    0x2b190607, 0x03133517, 0x21152135, 0x15210313, 0x03133325, 0xfa371323, 0xfee501fa, 0x3b0582b4, 0x4146fe4c, 0xfc41fdfd, 0x940132b4, 0x2e329601, 
    0x6cfe62fe, 0x98012e2e, 0x66fe9a01, 0x012e8382, 0x78001e00, 0x58023502, 0x28001500, 0xa14b2540, 0x18032009, 0x2210ee50, 0x56140015, 0x904b06df, 
    0x108c4b15, 0x884b7820, 0x0ccb480d, 0x23402627, 0x00030104, 0x0bd65603, 0x5e010221, 0x9d440676, 0x56332009, 0xff2b06d3, 0xff5802ff, 0x50500802, 
    0x8c00f8fd, 0x40242747, 0x02030021, 0x2c4a8503, 0x0c544909, 0x04101139, 0x212b1a06, 0x35211123, 0x02333521, 0x02fe5a58, 0x015afe01, 0x82ff5009, 
    0x000336fb, 0x0192ff43, 0x003e03f4, 0x00160013, 0xb596001a, 0x03020115, 0x06906601, 0x27068e65, 0x08070708, 0x04010671, 0x2705996d, 0x02020a0e, 
    0x0001010b, 0x21051370, 0x13700707, 0x5f072a05, 0x0702090d, 0x1b4f0700, 0x068e6540, 0x08070823, 0x2e34a786, 0x141c4059, 0x1a000014, 0x14171819, 
    0x82161416, 0x5d13208c, 0x05820584, 0x24061163, 0x33352313, 0x08c28237, 0x0733373e, 0x07211133, 0x35013723, 0x03231707, 0x5f395033, 0xfe539375, 
    0x252701f7, 0xfe372546, 0x284628bd, 0x4e4e2f01, 0x52cb5f6c, 0xe2520201, 0xfd646452, 0x016e6e26, 0x52d4d4a6, 0x0300fefe, 0x0e6f4818, 0x39403c32, 
    0x01060100, 0x00010300, 0x03010569, 0x59030202, 0x03290682, 0x04086102, 0x03020307, 0x1cb87602, 0x48180120, 0x0a501664, 0x182c200c, 0x200f6848, 
    0x2b10866f, 0x1e23b001, 0x1d22221d, 0x46fe231e, 0x07870987, 0x412ea782, 0x17022600, 0x1b006f02, 0x53003700, 0x957c0c01, 0x00652905, 0x01040002, 
    0x01127202, 0x043fa582, 0x08007205, 0x08070a06, 0x0b011372, 0x0b0a0907, 0x0c0e0072, 0x720e0d10, 0x0d110114, 0x1811100f, 0x0812174a, 0x070a0028, 
    0x00690a06, 0x0c090007, 0x006a0907, 0x0d10000c, 0x0069100c, 0x0d0f110d, 0x0d0d0059, 0x0f00620f, 0x1b520f0d, 0x67836b40, 0x04020023, 0x23688480, 
    0x80030501, 0x06236983, 0x84800a08, 0x0b07236a, 0x6b838009, 0x100e0c23, 0x826c8480, 0x18802040, 0xa511504a, 0x592e086d, 0x38382e40, 0x00001c1c, 
    0x53385338, 0x494b4e50, 0x40424546, 0x371c3b3d, 0x3234371c, 0x292a2d2f, 0x1f212426, 0x1b001b00, 0x23132323, 0x46181523, 0x02200957, 0x2111237d, 
    0x3d7d3507, 0x2a199917, 0x263c4641, 0x182b2e39, 0x83551916, 0x2b2f2209, 0xa2098617, 0xd9012a13, 0x18493e0f, 0x15181820, 0x2008881e, 0x2012a4d7, 
    0x0beb7e00, 0x10000733, 0x30403300, 0x0403010b, 0x01024c01, 0x85000100, 0x350b8205, 0x01008603, 0x57010404, 0x04010100, 0x0104005f, 0x00004f04, 
    0x59480f10, 0x06062c06, 0x03332b19, 0x37331733, 0x7e270333, 0x210805f7, 0xbdef2337, 0x32d9325b, 0x0d60be5c, 0x12050413, 0x02b4360d, 0xfdcacada, 
    0x5a34eb26, 0x34591717, 0x441800da, 0x0443525b, 0x4305200b, 0x0b8b0a10, 0x201c022a, 0x20202727, 0xf1fe2626, 0xf0200887, 0x42180886, 0xe7441ca9, 
    0x4021220d, 0x2710831e, 0x01010385, 0x57010202, 0xf74d0682, 0x08a47607, 0x33113330, 0x33352115, 0xfdff5aff, 0x5802ffa8, 0x9762f8fd, 0x003c2f05, 
    0x021c0200, 0x000c00bc, 0x40390010, 0xdd5d0636, 0x0105270a, 0x85020302, 0x5e180300, 0x062f08cc, 0x04030401, 0x000d0d4f, 0x0d100d00, 0x820e0f10, 
    0x180c2334, 0xf75d0711, 0x3505230f, 0xfb5d1521, 0xecfe290c, 0x01c8ae01, 0x20c0fef4, 0x20086771, 0x087d83c8, 0x0600002c, 0x1400f6ff, 0x80026202, 
    0x1a000f00, 0x32002500, 0x4b003f00, 0x3d404000, 0x3e42464a, 0x2c30363a, 0x1e222527, 0x0f13171a, 0x5f500102, 0x8f561806, 0x0103330c, 0x51000200, 
    0x00014041, 0x4b414b40, 0x0f000709, 0x6e480f01, 0x78342008, 0x033d092f, 0x26171616, 0x06353526, 0x14250706, 0x36360706, 0x26263737, 0x36171327, 
    0x27343536, 0x25158207, 0x14251616, 0xc46c1716, 0x27272605, 0x37320106, 0x82208227, 0x16072118, 0x080c4f78, 0x3811d933, 0x3c050517, 0x0c011c60, 
    0x37180506, 0x601c6212, 0x233b553c, 0x12620527, 0x2e141c3e, 0x232789fe, 0x142d0d3b, 0x62123e1c, 0x3f040105, 0x220c3b36, 0x2202820c, 0x7814363b, 
    0x012e0b74, 0x0e1a0696, 0x6b13371a, 0x12324209, 0x0b823713, 0x24062c08, 0xfe094232, 0x5f23559b, 0x251b1b37, 0x14041007, 0x5f375335, 0x34125523, 
    0x07100414, 0xe1fe1b25, 0x3c11561a, 0x123b1a1a, 0x82001a56, 0x41032000, 0x18220a37, 0x63792100, 0x01073505, 0x02010302, 0x00030069, 0x05030405, 
    0x04010867, 0x59040000, 0x043a0682, 0x01066100, 0x51000400, 0x1011191a, 0x1d1e0001, 0x211a2119, 0x18101415, 0x63791811, 0x22032f19, 0x21070606, 
    0x3203022e, 0x21373636, 0x0741021e, 0x43592a0c, 0x0209476e, 0x6e470902, 0x21098343, 0x0982fefd, 0x0229e28c, 0x4063393a, 0xfd396340, 0x820785f8, 
    0x8a0420b3, 0x00162bb3, 0x00270020, 0x004b404e, 0xb58d0901, 0x072ba682, 0x67070406, 0x0006010a, 0x82590600, 0x00062a06, 0x00010861, 0x22510006, 
    0x2fbd8321, 0x27212425, 0x1e1f2722, 0x1314191a, 0x16111610, 0x0b20c185, 0x8212257a, 0x21072fc1, 0x14012626, 0x35362117, 0x06212734, 0xc9823201, 
    0xd1411620, 0x4b59330d, 0xc6012078, 0xb1fe7820, 0x04000204, 0x0400fe04, 0x12820401, 0x203afe23, 0x29d08e78, 0x473b3b47, 0x181afcfe, 0x03821a18, 
    0x83e2fe21, 0x4100200e, 0x192a0b87, 0x3a002300, 0x21223740, 0x634e1314, 0x00012b05, 0x02010302, 0x03010569, 0x3b470000, 0x61003105, 0x03000104, 
    0x1a1b5100, 0x231a0001, 0x1517231b, 0x8650bd85, 0x063a6206, 0x1516162d, 0x01060614, 0x01171614, 0x82222326, 0x62322009, 0x01200531, 0xfe2cb98d, 
    0x01282fa3, 0x4a3e3621, 0x04014476, 0x33240482, 0x39defe2b, 0x0134b38c, 0x23663c36, 0x441aaf01, 0x44b2fe76, 0x693f4a76, 0x1e4ffe23, 0x1f20b38c, 
    0x9f7bb382, 0x01042606, 0x04006903, 0x058b4f08, 0x0cf24218, 0xc8820620, 0x20510027, 0x01101120, 0x05cf5600, 0x232f9f7b, 0x15213527, 0x7b0d3f42, 
    0x05840591, 0x40015622, 0x927bb58c, 0x44dc200c, 0x05200527, 0x3d0a3b42, 0x001f0017, 0x002f0027, 0x2d434046, 0x24252b2c, 0x15191f23, 0x030b1314, 
    0x004c0102, 0x4d420501, 0x41062005, 0x06820573, 0x73410320, 0x28292107, 0x2827bf83, 0x102f292f, 0x41171117, 0x07200577, 0x23163542, 0x26263717, 
    0x2f051d44, 0x14052726, 0x27371716, 0x32010606, 0x07273736, 0x3d0f3d42, 0x9e21512e, 0x0450209f, 0x1b1b199f, 0x1a2bfe18, 0x189c9c18, 0x2d04011a, 
    0x9d9e204f, 0xd78c5021, 0x3a022308, 0x9f9d191b, 0xfbfe1a18, 0x2e51209e, 0x9f21502e, 0x9c20502d, 0xfe4f209d, 0x9f171acf, 0x001b189d, 0x9f640000, 
    0x7d6c2007, 0x2121493b, 0xd9b11822, 0x7d06200c, 0xc5443c3b, 0x0ca7410b, 0x20093a7d, 0x0bab4100, 0x00152908, 0x0021001b, 0x404b0027, 0x02151748, 
    0x1d270102, 0x02040002, 0x0201004c, 0x01068501, 0x86000400, 0x02020307, 0x57020404, 0x023b0783, 0x08055f04, 0x04020402, 0x161c1c4f, 0x23000116, 
    0x1c211c22, 0x161b1621, 0x4410111b, 0x33321aa8, 0x0727022e, 0x07020e35, 0x023e1505, 0x1e232137, 0x6c421702, 0xd52d2c0c, 0x385b3a08, 0x3a5b3858, 
    0x832d0108, 0xd3fe2105, 0x9d411184, 0x5e012c0c, 0x093c5b39, 0x3c09d9d9, 0x8450395b, 0x200f8305, 0x38008200, 0x00280001, 0x02300200, 0x000e00e4, 
    0x0e124015, 0x070b0c0d, 0x00070004, 0x0800614a, 0x27012e08, 0x11272626, 0x06061123, 0x25350707, 0xb4300205, 0x50021610, 0xb60e1404, 0x05010301, 
    0x0ea09901, 0x96fd071c, 0x1c096a02, 0xe26ba20c, 0x265384e1, 0x02ed002f, 0x82da021c, 0x40262a53, 0x08090a23, 0x01050304, 0x10776a49, 0x32082a82, 
    0x110c000e, 0x2b170603, 0x11213713, 0x36341107, 0x01270137, 0x4c230606, 0x5381014f, 0x95fe0505, 0x0a6e0139, 0x8b021424, 0x537bfe4f, 0x22101a01, 
    0x8294fe0b, 0x02073212, 0x14000100, 0x4e023200, 0x0d006202, 0x2d403000, 0x0b45180c, 0x000d3022, 0x1311140d, 0x2b190605, 0x37363725, 0x82213521, 
    0x272008d7, 0x01031333, 0x1a1a9e0a, 0xc30138fe, 0x9e0a190c, 0x32dcdb69, 0x500522c9, 0xca0d1405, 0xe7fee9fe, 0x6b82a382, 0x00002f34, 0xed011c02, 
    0x20000e00, 0x0b0c1d40, 0x05050607, 0xcf8a4a00, 0x37082282, 0x301a4f01, 0x2b180602, 0x16322137, 0x01370117, 0x11352626, 0x4c211117, 0x24140f01, 
    0x3992fe0a, 0x05056b01, 0x4f7ffe53, 0x6e010702, 0x0b94fe39, 0x1a011022, 0x007bfe53, 0x01280082, 0xf6ff2800, 0xda023002, 0x29058341, 0x0304080b, 
    0x07000102, 0x1b824900, 0x19763308, 0x2b170601, 0x25051501, 0x16161735, 0x11331117, 0x02373636, 0xfefbfe30, 0x140eb6fd, 0x16025004, 0x6a410110, 
    0xa26be2e1, 0x02091c0c, 0x0896fd6a, 0x53850e1b, 0xb3823c20, 0xb3842920, 0x24402722, 0x27068341, 0x0101024a, 0x57010000, 0x01220682, 0x09825f00, 
    0x414f0021, 0x2a080a84, 0x11210725, 0x06141137, 0x01170107, 0x02333636, 0x7ffe4f0c, 0x01050553, 0x92fe396b, 0x4f14230b, 0x5385014f, 0x2210e6fe, 
    0x826c010b, 0x02072211, 0x2f008200, 0x000a0001, 0x02440232, 0x000d0062, 0x0227402a, 0x081e2b59, 0x12141130, 0x1a060410, 0x0323252b, 0x06073313, 
    0x15210706, 0x01171621, 0xdbdc684e, 0x190a9e69, 0xfec3010c, 0x321a1a38, 0x17011901, 0x05140dca, 0x77560550, 0x02ed2407, 0x41da0229, 0x49200c7f, 
    0x410f8258, 0x3508057f, 0x26222101, 0x01070127, 0x11151616, 0x02211127, 0x14f1fe0c, 0x6e010b23, 0x0595fe39, 0x81015305, 0x07028b02, 0x013992fe, 
    0x10220b6c, 0x0153e6fe, 0x01000085, 0xc382b0ff, 0xc382a820, 0x3500173d, 0x05123240, 0x01020502, 0x0101034c, 0x04850102, 0x00050001, 0x05020086, 
    0x6f570205, 0xf9820ac2, 0x1700172f, 0x12141412, 0x1b060713, 0x1716132b, 0x42d18817, 0x23270656, 0x22373637, 0x879e1a1a, 0x0a0221da, 0x28065f42, 
    0x1a1a9e68, 0x22052201, 0x42e587c9, 0xc922076b, 0xd3820522, 0x56ff2831, 0x84033002, 0x06001900, 0x010c19b3, 0x41372b32, 0x7f4305f9, 0x27152106, 
    0x112b5f82, 0x37373636, 0xb6280515, 0x4304140e, 0xb4310789, 0x02021610, 0xfeb41016, 0xa26b38fb, 0x03091c0c, 0x0691433a, 0x0ea06a2c, 0xc6fc071c, 
    0xa00e1b08, 0xb882e16a, 0x0a356382, 0x4e02a000, 0x2100bd01, 0x0a407d00, 0x03020111, 0x00060114, 0x06fc4f02, 0x01082930, 0x06040107, 0x03007207, 
    0x03000200, 0x33826702, 0x00010638, 0x01006906, 0x59010407, 0x04010100, 0x04010561, 0x1b510401, 0x2b842a40, 0x80201782, 0x59222ca0, 0x48821040, 
    0x2100212c, 0x11122324, 0x09232412, 0xda821d06, 0x36344608, 0x031e3233, 0x37373233, 0x17333523, 0x07352315, 0x2e222306, 0x06222303, 0x4c0a1515, 
    0x1d2c233a, 0x1d111715, 0xcd8c551c, 0x334d5046, 0x1c2c2247, 0x14121816, 0x3d31a51f, 0x2121174b, 0x4e602117, 0x60a1d746, 0x230b8341, 0x00311a20, 
    0x5f20db84, 0xc730db82, 0x7f002500, 0x02140c40, 0x15070102, 0x01060201, 0x0b26dd83, 0x29405850, 0xd5820104, 0x090a8528, 0x06060502, 0x0b827105, 
    0x02010725, 0x5c036907, 0x1b2211f0, 0x2b8a2840, 0x9a860521, 0x4059222a, 0x27db8212, 0x23250025, 0x11132123, 0x0b2d0483, 0x372b1f06, 0x33373527, 
    0x3e323307, 0x23e38202, 0x27333302, 0x0722e082, 0xdf823723, 0x23023308, 0x23020e22, 0x838d1723, 0x34985e83, 0x2b221e11, 0x222b1f1f, 0x9847111e, 
    0x68797969, 0x2b241e6e, 0x15151b1c, 0x23291b1b, 0x915f6e0d, 0x20a59146, 0x0282202b, 0x0a82a520, 0x29207423, 0x20028220, 0x236f8274, 0x000a0001, 
    0x112aeb85, 0x04b66800, 0x02050203, 0x8b774c01, 0x82222005, 0x2efa82cf, 0x00010670, 0x71000505, 0x05020104, 0x82570205, 0x05022406, 0x82070860, 
    0x50052428, 0x4220401b, 0x238305e2, 0x93860021, 0x40592222, 0x21668210, 0x92510011, 0x11132805, 0x2b1d0609, 0x85231737, 0x22da82d6, 0x82211521, 
    0x8269330d, 0x5f83835e, 0x61818183, 0xfe0a0188, 0x816088f5, 0xa8828ceb, 0x8c8c8c25, 0x828c8c50, 0x0a93413f, 0x61001128, 0x020e0fb6, 0xa7870300, 
    0x01062135, 0x04030304, 0x01010770, 0x71010000, 0x00030105, 0x82570300, 0x00032706, 0x00010260, 0xa6820003, 0x23831f20, 0x83850421, 0x86012122, 
    0x59222192, 0x34520b40, 0x08102f06, 0x252b1e06, 0x37230723, 0x27213521, 0x71411733, 0xef012d06, 0x88608181, 0x0a01f5fe, 0x81816188, 0x8322aa82, 
    0x9c84eb5e, 0x4741a683, 0x000e240c, 0x820bb761, 0x09484190, 0x48411f20, 0x41042006, 0x08440548, 0x06602509, 0x05020501, 0x1d209e82, 0x44054541, 
    0x1f860f28, 0x0e405922, 0x0e2a6182, 0x11120e00, 0x07111311, 0x40411b06, 0x37212308, 0x3d410733, 0x00012709, 0x9c9c687d, 0x3a417d67, 0xb5b32206, 
    0x0bcb428c, 0x5a000e24, 0x98820cb7, 0x20093841, 0x051b551e, 0x41057021, 0x54180538, 0x602109cc, 0x05354100, 0x20831c20, 0x83850221, 0x8601211f, 
    0x59351e8f, 0x11130940, 0x10111211, 0x2b1c0606, 0x23072125, 0x17332737, 0x059f4221, 0xfeef012b, 0x9c677dff, 0x017d689c, 0x062b4100, 0x8cb3b522, 
    0x23062a41, 0x6e000100, 0xea339882, 0x0d002602, 0x2f403200, 0x0508090a, 0x00060304, 0x824c0101, 0x8501211a, 0x250c9c7a, 0x00030104, 0xfe824f03, 
    0x000d2b08, 0x1114140d, 0x2b190605, 0x11333533, 0x33373507, 0x11271517, 0x926e1533, 0x9a469c92, 0x01509292, 0x8b65846a, 0xfe83668a, 0x8f415097, 
    0x000d270c, 0x0708b660, 0x5e820402, 0x2205d742, 0x8201021f, 0x7000296b, 0x03020506, 0x71030404, 0x26092751, 0x01040060, 0x181b5004, 0x84075245, 
    0x0b475120, 0x8e411f85, 0x208f8205, 0x41ff8211, 0x8782058e, 0x3726f986, 0x520a1521, 0xf4849301, 0x6dfe8225, 0x8468015f, 0x8c8c21f6, 0xf7899384, 
    0x28402b28, 0x06090a0b, 0xad560405, 0x094d1805, 0x83572008, 0x035f2227, 0x20a28201, 0x08ef824f, 0x06041029, 0x21132b1a, 0x37112315, 0x27230715, 
    0x23111735, 0x927c016e, 0x9c469a92, 0x26029292, 0x8397fe50, 0x658b8a66, 0x826a0184, 0x00023237, 0x02820000, 0x00120244, 0x00120003, 0x0b2b402e, 
    0x19844601, 0x05006029, 0x14500502, 0x41111412, 0x232a06c1, 0x21053311, 0x27272626, 0x6d611733, 0x21240805, 0x55554402, 0x5701bcfd, 0x650b1505, 
    0x61a0a061, 0x08140866, 0x0182a9fe, 0x1402a090, 0xc8c87d0d, 0x04120a80, 0x23087282, 0x0a000100, 0x4e026e00, 0x1e00da02, 0x3a403d00, 0x01040101, 
    0x00004c01, 0x00020102, 0x01068001, 0x86050405, 0x02249182, 0x69020300, 0x820f6b41, 0x001e343e, 0x2421261e, 0x06071233, 0x27372b1b, 0x06073337, 
    0x5e330706, 0x232305f8, 0x4d323335, 0x232605eb, 0x17161623, 0x8482aa17, 0x160a6531, 0x5d4bcb05, 0x1e1e4b5d, 0x4141744d, 0x82cb4d74, 0x6e663695, 
    0x0d7dc8c8, 0x46500214, 0x3f505145, 0x68463e69, 0x0a120438, 0x8b5d8280, 0x4037239b, 0x9c831e34, 0x05004c27, 0x05030403, 0x231f8204, 0x00860001, 
    0x05259882, 0x00690302, 0x251b8204, 0x04040057, 0xa5826001, 0x14500126, 0x24262124, 0x2505dc42, 0x36363723, 0x264c2337, 0x15332907, 0x15062223, 
    0x33331614, 0x23052d41, 0x6661ae01, 0xcb288382, 0x4141754c, 0x1e1e4c75, 0xcb209c83, 0x08053341, 0x0a806e29, 0x68380412, 0x3f693e46, 0x46455150, 
    0x0d140250, 0x0100c87d, 0x4cffff00, 0x4703f401, 0x18000500, 0x03041540, 0x6b040102, 0x053809f1, 0x06020500, 0x11172b16, 0x11271517, 0xb4c3f5ff, 
    0x41eefb03, 0x0077fcbd, 0x32083782, 0x02d9ff0a, 0x0052024e, 0x40770011, 0x020c0d11, 0x050e0302, 0x10020102, 0x0100020f, 0xb04b4c03, 0x4058500b, 
    0x03040025, 0x06700403, 0x00000501, 0x5c007105, 0x6820050c, 0x220fe848, 0x8223401b, 0x85042127, 0x9e412683, 0x03012205, 0x42259002, 0x113105ea, 
    0x11111100, 0x07111112, 0x052b1b06, 0x21352137, 0x23048427, 0x07151733, 0x01270282, 0x1dfe628b, 0x8662e301, 0x82612005, 0x77273500, 0x50747750, 
    0x7a447d77, 0x007d447d, 0xf6ff0200, 0x62024cff, 0x0b28ef84, 0x21402400, 0x0708090a, 0x0829f583, 0x01034a00, 0x00000302, 0x4f961876, 0x05002407, 
    0x82040500, 0x840520fd, 0x11232cfd, 0x11373507, 0xc3f56d01, 0x41f5c3e6, 0x03250707, 0xee41bd89, 0x83dc82fc, 0x230031d2, 0x71025802, 0x6c000d00, 
    0x02050cb6, 0x4c010201, 0x41051b75, 0x0d225104, 0x04410d00, 0x83252008, 0x27373cff, 0x27213521, 0x01031333, 0x8ffe6a07, 0x3f3fb001, 0x710150fe, 
    0xe7e8696a, 0x82508723, 0xfe872400, 0x84d9fed9, 0x824220fb, 0x823d20fb, 0x000b25d9, 0x0b154018, 0x2205ee44, 0x5c000802, 0x153405e9, 0x18060210, 
    0x1133012b, 0x03071537, 0x35271133, 0x326d0117, 0x3226ed82, 0x3d03c3f5, 0xeb8277fc, 0xfcfb0327, 0xbd41ee05, 0x26ef8c00, 0x0209b665, 0x87030402, 
    0x002435ef, 0x01020201, 0x05000070, 0x00710005, 0x04030002, 0x00680302, 0x220e8f7b, 0x8222401b, 0x85012126, 0xf6422582, 0x24249305, 0x11094059, 
    0x42e98212, 0x032806f9, 0x21073313, 0x17072115, 0x01350482, 0xe8e76a51, 0x71016a69, 0x3f3f50fe, 0x8ffeb001, 0x01270123, 0x82ec8427, 0x00b035e7, 
    0x02a80223, 0x000d0071, 0x40770013, 0x08101309, 0x07060401, 0x2720a087, 0x20067445, 0x08744508, 0x06070038, 0x00680701, 0x06040406, 0x06060057, 
    0x04005f04, 0x1b4f0406, 0xc3562540, 0x23288405, 0x01008603, 0x59282795, 0x00001240, 0x0e0f1112, 0x0d206f82, 0x0924b084, 0x372b1b06, 0x272eae84, 
    0x23031333, 0x27172137, 0x21273721, 0xb3849707, 0x696a2a31, 0x6a6ae7e8, 0xa96ad6fe, 0x3f3fa801, 0x853f58fe, 0xfe872abc, 0x87d9fed9, 0x5050d787, 
    0x0a5f4150, 0x7d001025, 0x42010db5, 0x0f38054e, 0x2d405850, 0x04040500, 0x06007005, 0x71060707, 0x03000400, 0x68030402, 0x2a09eb5b, 0x57000707, 
    0x07000000, 0x5a01085f, 0x2b2005c5, 0x05212f82, 0x212e8285, 0x2da08606, 0x10405922, 0x10233b82, 0x49121000, 0x092a0522, 0x352b1d06, 0x21372135, 
    0x61422135, 0x37232e07, 0xfe498701, 0x49d00130, 0x4a0179fe, 0x23c98343, 0x5d4e7843, 0x55200182, 0x5520be83, 0x023b3f82, 0x00001400, 0x16034402, 
    0x13000c00, 0x2e403100, 0x03020c0e, 0x0205064a, 0x68010203, 0xde4406ba, 0x5f4c0807, 0x01040100, 0x0d0d0d4f, 0x11130d13, 0x10331314, 0x2b1b0607, 
    0x14112301, 0x22232306, 0x23113526, 0x07271301, 0x11331133, 0x219b4402, 0x211b821b, 0xc018019b, 0x9c70bfbf, 0x57fee501, 0x1b21211b, 0x3101a901, 
    0xcfcff4fe, 0xdf0121fe, 0x2f667a82, 0x846c2008, 0x4033227b, 0x287b8330, 0x0f4c0102, 0x4a01020b, 0x201e820d, 0x12065f49, 0x0300002e, 0x16114f00, 
    0x06042125, 0x35252b1a, 0x35307983, 0x33333634, 0x37050135, 0x15211527, 0xeb270121, 0xeb206c83, 0xfb356b82, 0xdcfec7c7, 0xa4322401, 0x1b7a1b21, 
    0xe3fea421, 0x6cbabbbb, 0x0854829c, 0xf6ff0a2e, 0x56014e02, 0x06000500, 0x010004b3, 0x25052b32, 0x15250535, 0xdffe2b01, 0x1d012701, 0xf969f60a, 
    0x030069fa, 0xae01f6ff, 0xda026202, 0x27087282, 0x000d0007, 0x0c3b403e, 0x01010401, 0x0001094c, 0x0205074a, 0x86040104, 0x01000103, 0x03570001, 
    0x01000001, 0x0206025f, 0x4f2a0e82, 0x00000808, 0x0d080d08, 0x5e630a0b, 0x0342080c, 0x21153335, 0x01333523, 0x27231313, 0x01b40a07, 0xfdb4b4b8, 
    0x5ff5f5d5, 0x8a029696, 0xfe505050, 0xfe2c01d4, 0x00b9b9d4, 0x000a0001, 0x024e0278, 0x0016001c, 0x162c402f, 0x01020101, 0x0101054c, 0x725d4b01, 
    0x31162819, 0x06041027, 0x68252b1a, 0x212208fb, 0x1d692135, 0x01270809, 0x0c56959e, 0x26130c1c, 0x01bbfe0b, 0x06261a41, 0x57101805, 0x6878b091, 
    0x04081c0f, 0x016e0301, 0x19050402, 0x82d26913, 0x0005227b, 0x297b8264, 0x00270030, 0x25364039, 0x7c830218, 0x7c880920, 0xe0820420, 0x45670020, 
    0x00012c10, 0x13172123, 0x27000c0f, 0x53052701, 0x352405fa, 0x36373734, 0x26058569, 0x35262221, 0x88333634, 0x2a0d848e, 0x07171732, 0x17750106, 
    0x82080e22, 0x1322088e, 0xf5fe1128, 0x19232319, 0x2a1a0701, 0x14230a0c, 0x17220d11, 0xadae111d, 0x17226410, 0x1e091014, 0xa6820427, 0x17172033, 
    0x04020220, 0x13152309, 0x20171410, 0x17cfcd19, 0x24008200, 0x000a0001, 0x27b38269, 0x0006002b, 0x06234026, 0x0128a282, 0x0101054c, 0x0001004a, 
    0x2810a94f, 0x06021111, 0x35252b18, 0x2d018221, 0xfe8f0117, 0xbf85017b, 0xbe46be69, 0x2d8200e1, 0xaa2247bf, 0x4783aa6e, 0x00d8ff38, 0x0280024b, 
    0x00160049, 0x0737403a, 0x11000101, 0x02030108, 0x04821201, 0x684c0321, 0x16281d4b, 0x36211600, 0x19060512, 0x0808d448, 0x36361536, 0x21152133, 
    0x15272622, 0x17171616, 0x67cecfa7, 0x091a0a86, 0x0110290d, 0x1020fee0, 0x19070d29, 0xff4b890d, 0x1a0ca5ff, 0x02020907, 0x09010450, 0xa40f1a06, 
    0x878d6682, 0x01010f2d, 0x050e1502, 0x04010003, 0x82000301, 0x01022387, 0x0c608502, 0x2a368210, 0x00004f00, 0x16001600, 0x83272117, 0x41252087, 
    0x514208c7, 0x0107220b, 0x2585844b, 0x20fe1128, 0x4b6be001, 0x69892405, 0x844bcecf, 0x03012486, 0x84020350, 0xffff2286, 0x06036c00, 0x0049023b, 
    0x40430029, 0x02071040, 0x1d240001, 0x01080f16, 0x25010406, 0x0403021c, 0x06805c03, 0x5c10394b, 0x39820781, 0x12372924, 0xed494617, 0x3615210c, 
    0x4a0a5442, 0x3523077d, 0x41230606, 0x7f20082b, 0x200a2b41, 0x41a38968, 0x2823053f, 0x4198fe11, 0xb588103d, 0x4c41c686, 0x00012b07, 0x02d4fe00, 
    0x0079ff58, 0x77180003, 0x062f1b9b, 0x35112b17, 0x58021521, 0xa5a5d4fe, 0x86000000, 0x1e002137, 0x1af75e18, 0x21111123, 0x23308311, 0xb6fe4a01, 
    0x33883282, 0x33a3c320, 0x11feef22, 0x0121338a, 0x2333a268, 0x6cfd9402, 0x0221338a, 0x2333a20d, 0xc7fc3903, 0xb220338b, 0xde2233a3, 0x338a22fc, 
    0xa2570321, 0x83042333, 0x338b7dfb, 0x1b176518, 0x20073741, 0x17651805, 0x01002508, 0x03580268, 0x268233a1, 0x21090341, 0x33865703, 0x2124d741, 
    0xd7415703, 0x4b002109, 0x33246b9e, 0xd4fe4b11, 0x01269e84, 0xd4fe0000, 0x2fa09600, 0x2f8c9620, 0x2fa0c820, 0x2f8bc820, 0x9e2c0121, 0x1121232f, 
    0x66182c01, 0x93820b47, 0xa1770121, 0x8f772033, 0xa1c22033, 0x8ec22033, 0x0d022133, 0x022133a0, 0x83338a0d, 0x1ecb41a8, 0x83110121, 0x20d189cf, 
    0xa0408301, 0x11332333, 0x95410d02, 0x43002007, 0x0121056b, 0x2037432c, 0x33428e84, 0x200c8407, 0x89339c58, 0x056d439b, 0x6a820120, 0x9f416820, 
    0x0c9b4224, 0x84d4fe21, 0x000524cf, 0x821a401d, 0x85002541, 0x01020100, 0x08c57c18, 0x0500052b, 0x06041111, 0x11112b18, 0x0a0b4121, 0x436cfd21, 
    0x022205df, 0x3f860000, 0xc56e0320, 0x2942830c, 0x02030200, 0x03010585, 0x63187603, 0x06210f3e, 0x214e8317, 0x5b410219, 0x218d8505, 0x33446cfd, 
    0xfc03220e, 0x2793a500, 0xd4fe5802, 0x2805d4fe, 0x01229387, 0xd38cf6ff, 0x01000125, 0x18000085, 0x880a997d, 0x860120d3, 0xcafe23d3, 0x32826202, 
    0x94029429, 0x0000d8fa, 0x432c0101, 0x7b4120e3, 0x83bb8507, 0x3607415d, 0x58414884, 0xa8fd2106, 0x94207984, 0x0c41c883, 0x41012006, 0x0b41085f, 
    0x41cb9905, 0x02200b9f, 0x0027c986, 0x3c003700, 0x440210ff, 0x072105af, 0x05cf6c00, 0x28051f70, 0x00270023, 0x002f002b, 0x21238233, 0x8718003b, 
    0x4b0809bb, 0x00570053, 0x005f005b, 0x00670063, 0x006f006b, 0x00770073, 0x007f007b, 0x00870083, 0x008f008b, 0x00970093, 0x009f009b, 0x00a700a3, 
    0x00af00ab, 0x00b700b3, 0x00bf00bb, 0x00c700c3, 0x00cf00cb, 0x00d700d3, 0x010000db, 0x21153335, 0x33200382, 0x1720038a, 0x25c61340, 0xfd3c1c02, 
    0x00873ce4, 0x03210aeb, 0x217688c0, 0x0aec783c, 0x00000023, 0x0ceb436e, 0x08694b42, 0xe300df6c, 0xeb00e700, 0xf300ef00, 0xfb00f700, 0x0301ff00, 
    0x0b010701, 0x13010f01, 0x1b011701, 0x23011f01, 0x2b012701, 0x33012f01, 0x3b013701, 0x43013f01, 0x4b014701, 0x53014f01, 0x5b015701, 0x63015f01, 
    0x6b016701, 0x73016f01, 0x7b017701, 0x83017f01, 0x8b018701, 0x93018f01, 0x9b019701, 0xa3019f01, 0xab01a701, 0xb301af01, 0xb942b701, 0x35232305, 
    0x038b1533, 0x0f8e0520, 0x13871b83, 0xe1422120, 0x82232006, 0x0be14207, 0x07201787, 0x2006f542, 0x0afd4223, 0x63872787, 0x3b8e2120, 0x31432b87, 
    0x2027870f, 0x20538e33, 0x830f8e05, 0x2063931f, 0x87ab8607, 0x8707839b, 0x87538b9f, 0x871f8313, 0x43638703, 0x178307d1, 0xef8b1393, 0x1383c787, 
    0x3f41ff8b, 0x8b3b9317, 0x0b174163, 0x0f878783, 0x02230783, 0x86b43c1c, 0x68012101, 0xe0200a89, 0xfe210a82, 0x210f845c, 0x08843cf0, 0x78230484, 
    0x872c013c, 0x3c782319, 0x2084d4fe, 0x0b821282, 0x12822c85, 0xd4222f82, 0x19823c3c, 0x3ce4fd23, 0x822c87f0, 0x20fe2423, 0x83a4013c, 0x841d830f, 
    0x82788324, 0x82f02018, 0x205d822d, 0x845b833c, 0x21098417, 0x60843cb4, 0x53821f82, 0x9d820282, 0x57860582, 0x5d820c82, 0x3883b420, 0x2782d420, 
    0xb4209484, 0x78203f83, 0xce84b789, 0x4a83b584, 0x42822286, 0x85e00121, 0x83b420d0, 0x842f83bf, 0x3cb42108, 0x440b2544, 0x09400924, 0x820020dc, 
    0x44292000, 0x5408089f, 0x0041003d, 0x00490045, 0x0051004d, 0x00590055, 0x0061005d, 0x00690065, 0x0071006d, 0x00790075, 0x0081007d, 0x00890085, 
    0x0091008d, 0x00990095, 0x00a1009d, 0x00a900a5, 0x00b100ad, 0x00b900b5, 0x00c100bd, 0x00c900c5, 0x00d100cd, 0x00d900d5, 0x110000dd, 0x3a7a1835, 
    0x23352108, 0x33210b9e, 0x0bf54615, 0x11210b82, 0x203c8203, 0x20038a07, 0x200f9a05, 0x831b8217, 0x83238303, 0x87378707, 0x20138333, 0x8f3f8615, 
    0x870f872b, 0x873b8f1f, 0x8b1f830f, 0x1d1b4283, 0x3c3c7822, 0x01210288, 0x200c9168, 0x821284f0, 0x98fe2305, 0x0c853c3c, 0x29832f82, 0x14870c85, 
    0x4b882186, 0x1a854991, 0x893c3c21, 0xd4fe2165, 0xfa239b9d, 0x867404d8, 0xc6b42021, 0x82002007, 0xff012100, 0x09076318, 0x1540182e, 0x01000100, 
    0x00010285, 0x00017600, 0x2005cc64, 0x127d6603, 0x180cb864, 0x210ca962, 0x4f8a0200, 0x78001f21, 0x11231de7, 0x67000110, 0x60680ba4, 0x0f086613, 
    0x59227a8c, 0x6318764a, 0x868c0838, 0x400cf565, 0x1d2ca093, 0x38403b00, 0x02040300, 0x80020304, 0x09f4fc18, 0x0000023c, 0x01065902, 0x61000202, 
    0x02000105, 0x10115100, 0x16170001, 0x1d101415, 0x1a681d11, 0x32272c19, 0x21353636, 0x06062211, 0x69161415, 0x59250d8c, 0xfe44764a, 0x210482fc, 
    0x2e417644, 0x04012410, 0x824a7644, 0x8200201a, 0x0ac34175, 0x2f001534, 0x02002c40, 0x02030003, 0x01048000, 0x00840000, 0x65180301, 0x01250caa, 
    0x11121300, 0x19d66c10, 0x8b840120, 0x230cb741, 0x0401a3fe, 0x838c6a82, 0x83360121, 0x03002181, 0x1d357b8a, 0x3e002300, 0x141f3b40, 0x01040002, 
    0x0001054c, 0x00860004, 0x22898201, 0x18690301, 0x310a7b49, 0x02040106, 0x1e1e4f04, 0x231e0001, 0x191b231e, 0x1c411516, 0x14013119, 0x11171616, 
    0x23022e21, 0x05060622, 0x37023e15, 0x3d28988e, 0x1c01446a, 0x46714606, 0x01259f82, 0x3f65401d, 0x82a58e06, 0x0106301a, 0x3d6a441c, 0xea637644, 
    0x40653f06, 0x88080000, 0x000b24b3, 0x82170011, 0x2f3508b5, 0x3b003500, 0x48004700, 0x0e134540, 0x00010304, 0x38393d43, 0x2b2f3133, 0x1b21222a, 
    0x1115161a, 0x13050b0f, 0x3b440102, 0x02030334, 0x00004c03, 0x00020100, 0x82d48201, 0x0a26760e, 0x41454731, 0x0421243f, 0x132b1806, 0x17323336, 
    0x82262607, 0x070729b6, 0x06173736, 0x16372507, 0x05211082, 0x220b8234, 0x84141506, 0x05806b0b, 0x15163725, 0x84050714, 0x8425201d, 0x37072529, 
    0x32331616, 0x233f0a83, 0x2c25db22, 0x100d252c, 0x21121222, 0x4a29cb11, 0x01233d19, 0x294a1966, 0x0afe232c, 0x8204300a, 0x0a302300, 0x07853202, 
    0xc5fd0a37, 0x193d232c, 0x3d69014a, 0x4a292c23, 0x21110ded, 0x10221212, 0x2141820d, 0x2d869402, 0x3a836020, 0x82603d21, 0x3d19221e, 0x225888c0, 
    0x8918250d, 0x4b25212b, 0x2c226482, 0x4a830329, 0x861d2921, 0x41002063, 0x1f260ce7, 0x49002f00, 0x115e4640, 0x01082d07, 0x04030204, 0x01007e02, 
    0x01050300, 0x0ed96e18, 0x67180620, 0x29250a86, 0x212f2027, 0x2fe66b2f, 0x435e3720, 0x06d65e07, 0x440c0042, 0x4a2b0b51, 0x35355937, 0x59393759, 
    0x42593533, 0x5d440c04, 0x823f200c, 0x22288222, 0x82395933, 0x00002205, 0x0cff4404, 0x3f002f26, 0x50405300, 0x09596818, 0x06070036, 0x0b690705, 
    0x010a0601, 0x04060204, 0x02010969, 0x59020000, 0x02230682, 0x84086100, 0x30312ddb, 0x10112021, 0x37390001, 0x3f313f30, 0x0c20e391, 0x45129045, 
    0xe38f0f25, 0xf3a41f8f, 0x442b3726, 0x2b442727, 0xffa60584, 0x2f872f20, 0x002d3583, 0x00b40002, 0x01a401f5, 0x000b00e5, 0x1e0b4617, 0x203cf37e, 
    0x10f37ef5, 0xd7460020, 0x009f3607, 0xb3060003, 0x32010002, 0x0209252b, 0xcafe2c01, 0x36013601, 0x22048232, 0x44c9fe37, 0x27830aeb, 0x0ba37918, 
    0x05020925, 0x87072737, 0xcafe242f, 0x86e8e8e8, 0xe8e82334, 0xbf42e9e9, 0x2a378509, 0xb70a000b, 0x0406080a, 0x84030002, 0x233b8367, 0x17372717, 
    0xe8233f8c, 0x8a8d8d8d, 0x240d8243, 0x0200008d, 0x05db7200, 0x00d02008, 0x001b0007, 0x18224025, 0x0d0e1217, 0x01020506, 0x01000109, 0x0100004c, 
    0x01028500, 0x82760101, 0x074f08ab, 0x03130700, 0x332b1706, 0x33133503, 0x27031513, 0x37363633, 0x26273537, 0x06232726, 0x15070706, 0xf0161617, 
    0xae7eb4b4, 0x070443ae, 0x62620f1b, 0x04071b0f, 0x630f1c07, 0x011b1063, 0x45014744, 0xfe47bbfe, 0x360e3cbc, 0xbc1fbb1d, 0x820e361d, 0x1fbc2408, 
    0x82351ebb, 0x2666825a, 0x023c0000, 0x56940258, 0x35251a57, 0x02112111, 0x21258258, 0xb782a8fd, 0x07242f89, 0x27402a00, 0x03204482, 0x6720fe82, 
    0x270a207f, 0x02010104, 0x00004f01, 0x2008b95b, 0x0a9c7f05, 0x8407147f, 0x0132224e, 0x283f82f4, 0x00960001, 0x01c201d2, 0x20839afe, 0x27838237, 
    0xd22c0196, 0xd4fe2c01, 0x87823282, 0x87ac3389, 0x27234883, 0x82233533, 0xc8fa224c, 0x224f84c8, 0x8e00c832, 0x402922d7, 0x07365d26, 0x8d180420, 
    0x043110c5, 0x04070404, 0x10111207, 0x2b190605, 0x21112125, 0x829b8203, 0x02a825d6, 0xfcfe3258, 0xda24d783, 0x0cfef401, 0x2b41538f, 0x85042037, 
    0x41a82053, 0x0221052b, 0x097f4100, 0x2b00062a, 0x01062840, 0x4c010002, 0x85206c83, 0x200a8241, 0x06824103, 0x00040527, 0x11030003, 0x09804104, 
    0x41057f41, 0x4f8d087d, 0x29402c24, 0x46820106, 0x86204f84, 0xaf754483, 0x0000210d, 0x0120508a, 0x0522f682, 0xf9841121, 0x0cfe2629, 0xa8fd9402, 
    0x82325802, 0x8a0320f8, 0x000732a3, 0x4031000b, 0x0400002e, 0x00020301, 0x01056703, 0x209a8202, 0x23068257, 0x065f0102, 0x0b23a586, 0x4208090a, 
    0x0720082c, 0x3326ab87, 0x23212311, 0x5f823311, 0xe1e1da26, 0xe1e1f401, 0x6282b487, 0xff010031, 0x023c00f6, 0x009e0262, 0x40150002, 0x63010112, 
    0x022e09c4, 0x06020200, 0x01272b16, 0x36010a01, 0x25823601, 0x009efd23, 0x20938201, 0x302f8632, 0x0001b306, 0x352b3201, 0x62020111, 0xfe6c0232, 
    0x0a0f4bca, 0x4f829420, 0x82b70a21, 0x11762210, 0x28888201, 0x01210125, 0x02cafe2c, 0x843b826c, 0x02312273, 0x44738458, 0xc182075b, 0x9efd5829, 
    0x01316202, 0x44360137, 0x97870657, 0x24000524, 0xe9822140, 0x644a0121, 0x02200a01, 0x00257b82, 0x0400004f, 0x21698203, 0xa8850302, 0x03212522, 
    0xfd24ab84, 0xe3c601e7, 0x3222b084, 0x1f82bf01, 0x87000021, 0x000528b3, 0x0305b508, 0x84020001, 0x25052ab7, 0xfd620225, 0xfec001d0, 0x22c08440, 
    0x44e3e3e3, 0xc3830ad3, 0x18000524, 0xe16e1540, 0x5d12200f, 0xd38205b7, 0xd6861320, 0xe3cafe24, 0x63823afe, 0x830ffe21, 0xf6ff216f, 0xdf856f82, 
    0x04226f83, 0x6f830203, 0x01012526, 0x02051103, 0x3220e684, 0x01237082, 0x84360136, 0x217282a8, 0x04820100, 0x6202d224, 0xad82fe01, 0x26085741, 
    0xd2620205, 0x84962c01, 0x2253821f, 0x865802d2, 0x0002261f, 0x2d2b3201, 0x214b8502, 0x218296d2, 0x3f8a0220, 0x0520e38c, 0x8e22e387, 0x4c8372fe, 
    0x56565622, 0x00212a82, 0x8a4f8a02, 0x022d23a3, 0xa2883507, 0x59827220, 0x56acec22, 0x96269b82, 0xc201d200, 0x23420802, 0x13372818, 0x96969613, 
    0x423601d2, 0x00200503, 0xcc202f83, 0x3725cb8b, 0x01960511, 0x20cc8636, 0x221f8201, 0x84c201c8, 0x400f261f, 0x0001020c, 0x29928249, 0x06011076, 
    0x21132b17, 0xf2829603, 0x82fe0121, 0x00012249, 0x8b77838c, 0x11012647, 0xfec20125, 0x211e82ca, 0xbb4496d4, 0x42978407, 0xa8822623, 0x27332722, 
    0xd782ab82, 0x2822ae84, 0x478600b2, 0x3b41af85, 0x22b3820a, 0x82273705, 0xf2fe23b6, 0x3a41b2b2, 0x8a022007, 0x1b1b42bb, 0x07210324, 0xc8832337, 
    0x56962c27, 0x3601c8ac, 0x896784da, 0x0e7341cf, 0xd5840720, 0xb2283622, 0x27067241, 0xecff0300, 0x6c0270fe, 0x0331db82, 0x0f000900, 0x42404500, 
    0x0309070a, 0x86040304, 0x1d421800, 0xc2731807, 0x0a0a3212, 0x00000404, 0x0f0a0f0a, 0x0b0c0d0e, 0x09040904, 0x52441808, 0x0b320807, 0x032b1706, 
    0x01152135, 0x23152111, 0x23112111, 0x14112135, 0xf2fe8002, 0xfeaa0e01, 0x0e01aad4, 0x6464a401, 0xd002ccfc, 0x0294fd64, 0x30fd646c, 0x83830200, 
    0x82c20121, 0x05220883, 0x38000b00, 0x05073540, 0x03020306, 0x01008602, 0x01040000, 0x04006700, 0x57040303, 0x03040400, 0x9a82005f, 0x06064f29, 
    0x0b060000, 0x820a0b06, 0x05002975, 0x11110500, 0x2b180608, 0x6a827082, 0x01257085, 0x018efe5e, 0x266e84d6, 0x340370fe, 0x8568fc64, 0x0200236a, 
    0xef869600, 0x04206b8b, 0x00266b82, 0x00030100, 0x60826701, 0x57030423, 0x20708200, 0x2076825f, 0x206b9604, 0x22dc8213, 0x84331121, 0x829620e2, 
    0x648e2168, 0x7022dd83, 0xd9879803, 0x00820020, 0x0021d782, 0x065b41dc, 0x2f000722, 0x2bcf7d18, 0x31064341, 0x15213505, 0xfd800214, 0x01800280, 
    0xc86464a4, 0x56826464, 0xff030023, 0x215783ec, 0xfb826004, 0x000b2a08, 0x4043000f, 0x00010440, 0x03850001, 0x05090101, 0x06020308, 0x00670201, 
    0x06070706, 0x06060057, 0x010a5f07, 0x4f070607, 0x3747190c, 0x093c410e, 0x18060b24, 0xcc82012b, 0x21153324, 0x07823335, 0x012a7583, 0xfdaa645e, 
    0xfe64aa80, 0x7a8202f2, 0xfdbc0229, 0x026464a8, 0x8344fd58, 0x21d78482, 0x7f86c201, 0x35403831, 0x03010104, 0x03008501, 0x00050107, 0x18670503, 
    0x820a3f7c, 0x02002189, 0x22164341, 0x82213527, 0x8425206c, 0x01142e72, 0x2afe6472, 0x64dc64aa, 0x7cfc2003, 0x236a84c8, 0x96000200, 0x6782e78a, 
    0x00010327, 0x00850004, 0x21678204, 0x67820401, 0x18020121, 0x8207954a, 0x97012067, 0x82372067, 0x15212265, 0x2ee08425, 0x72016496, 0xaa64f2fe, 
    0xfc8403dc, 0x84c864e0, 0x051342d7, 0x0322cf84, 0x57180700, 0x0120230b, 0xbb834b82, 0x645e012b, 0xfe64d4fe, 0xfaf00570, 0x23038310, 0x04000000, 
    0x41054f43, 0x2708061b, 0x00170011, 0x03564059, 0x01000101, 0x0e0b0f85, 0x08070803, 0x00010486, 0x030c050d, 0x02000602, 0x06010a67, 0x57060707, 
    0x8a180682, 0x12210843, 0x05a94112, 0x1217122f, 0x14151617, 0x0c110c13, 0x0e0f1011, 0x0df0420d, 0x18061025, 0x1835032b, 0x43096685, 0xaa240c6d, 
    0xaa646464, 0x230c7043, 0x44fd5802, 0x7843ec84, 0x20af820c, 0x057b4303, 0xff43af82, 0x40482305, 0xb0710345, 0x08073f05, 0x01050103, 0x09020086, 
    0x02060401, 0x06006704, 0x57060505, 0x05060600, 0x0605005f, 0x02444f05, 0x1101241e, 0x84011133, 0x11032aa0, 0x11213523, 0xfe645e01, 0x2298822a, 
    0x410e01aa, 0x03220530, 0x95836434, 0x6c239082, 0x8230fd64, 0x0300218a, 0x8b059b43, 0x0102218b, 0x85211582, 0x208b830a, 0x208b8206, 0x218b8203, 
    0x8b820305, 0x86820520, 0x82005721, 0x825f2090, 0x9f062096, 0x8213208b, 0x2003838b, 0x06944433, 0x1f419620, 0x05702609, 0x0310faf0, 0x0b1b4134, 
    0x41010021, 0x012505c3, 0x000b00a4, 0x135b182a, 0x83132029, 0x231522e7, 0x23018311, 0x8002aa96, 0xfe24ec82, 0x64d00270, 0x0221dd82, 0x84e183d0, 
    0xc2012157, 0x09295782, 0x25402800, 0x02020405, 0x79601800, 0x4803200c, 0x0024066b, 0x11090009, 0x06230082, 0x842b1a06, 0x23538655, 0x6464d601, 
    0xfc215284, 0x225185cc, 0x41010000, 0x538b0533, 0x53820120, 0x01010023, 0x0b1e6f00, 0x8d000021, 0xbb5b1853, 0x01962207, 0x21a684d6, 0xa5883403, 
    0xff885382, 0x18000721, 0x84263b45, 0x24fb82a5, 0x8002dcc8, 0x41a284dc, 0xf38506d3, 0x9f829020, 0x24000524, 0x61182140, 0x9d82156c, 0x8408025f, 
    0xc8112449, 0x84a401dc, 0xccfc2146, 0x01238f86, 0x82fc0390, 0x402d2dc3, 0x0102002a, 0x01058502, 0x86040004, 0x0c2b5618, 0x00212882, 0x24e88f4f, 
    0x11213523, 0x82018233, 0x640e2250, 0x23528432, 0xa8fd5802, 0x00235683, 0x82c80001, 0x8a6c2010, 0x0d3a419b, 0x01202082, 0x0c47ca18, 0x21111322, 
    0x0121e383, 0x21e282a4, 0xe1843403, 0x04214386, 0x229b8660, 0x83010001, 0x1803209b, 0x210e376c, 0x99710300, 0x0cd84105, 0x50849783, 0x01643223, 
    0x2352840e, 0x44fdbc02, 0x83425684, 0x21578207, 0x5718000b, 0x42412f1f, 0x059c4605, 0x5d84f784, 0x64d00222, 0xe3425e89, 0x00d62108, 0x342ae341, 
    0x15213521, 0xfefa1121, 0xfe8002f2, 0x0270fef2, 0xfdc8c89e, 0x079f4162, 0xd6015e23, 0x28e34100, 0x47834982, 0x84720121, 0x9afc2145, 0x01218f85, 
    0x24ef8290, 0x402c0009, 0x0ae34129, 0x82010021, 0x00572561, 0x5f000101, 0x46151f43, 0x232005b4, 0xdc224f83, 0x508432c8, 0xfc8a0223, 0x829983ae, 
    0xfa002139, 0x6c201182, 0xe3419b8a, 0x11212222, 0x829982fa, 0x660321e1, 0xe341e083, 0x229b830b, 0x42010201, 0x8118067f, 0x9b830933, 0x7e420220, 
    0x33112412, 0x82153311, 0xc832224f, 0x053241dc, 0xfd520323, 0x20548376, 0x08674300, 0x8536e341, 0x225c84f6, 0x87dcf2fe, 0x02c8225e, 0x205f888a, 
    0x05c74302, 0x00080233, 0x000b0003, 0x07364039, 0x05020501, 0x06000086, 0x06ea4801, 0x03020236, 0x03030057, 0x01045f02, 0x4f020302, 0x00000404, 
    0x0b040b04, 0x8205de4d, 0x11032235, 0x09cd4908, 0x82213521, 0x021424c8, 0x428efe80, 0xc7490500, 0x646c2406, 0x4194fd64, 0x5e2006bf, 0x09246b82, 
    0x2b402e00, 0x18059e43, 0x43175d4d, 0x21210fa4, 0x25018435, 0xf2fefa11, 0x03820e01, 0x70fe7223, 0x24568202, 0x0068fc64, 0x05bf4101, 0x0321578a, 
    0x20c18204, 0x16871800, 0x0300230f, 0xfc430302, 0x20b08210, 0x41038215, 0x598305cd, 0x0370fe24, 0xaf846498, 0x4b000228, 0x0d020e01, 0xa382d601, 
    0x497b0720, 0x01002305, 0xc7180001, 0x27640eba, 0x07476212, 0x96770128, 0x01963efe, 0x0082c80e, 0x0228cf82, 0x6fffc800, 0x69039001, 0x00204f87, 
    0x8522ba82, 0x77640104, 0x11132420, 0x82031133, 0x2c468203, 0x01cc01c8, 0xfd63fe9d, 0xfe9f01a3, 0x28538261, 0xfec80001, 0x01900170, 0x1a6751a4, 
    0xc8203e83, 0x03232682, 0x82ccfc34, 0x35d74332, 0x21352322, 0x430abb45, 0x774506d5, 0x2bd74308, 0xbb454982, 0xc89e2307, 0x43829afc, 0x44066345, 
    0x7f43091b, 0x11232222, 0x056345c8, 0x44c86621, 0x0123065f, 0x826c020e, 0x20876a87, 0x304b0320, 0x0e012305, 0xbf84c8c8, 0x010e0123, 0x2137a85e, 
    0x378a7201, 0x07246f84, 0x25402800, 0x032f4882, 0x01005700, 0x01030200, 0x00006702, 0x775f0300, 0x4c180869, 0x7983093d, 0x21152124, 0x45831415, 
    0x82f2fe21, 0x64322749, 0x04000032, 0xbb821900, 0x83843f20, 0x2b05ef64, 0x063f4042, 0x00030204, 0x57000101, 0x002e0884, 0x070b5f01, 0x0309050a, 
    0x00010708, 0x4f184f01, 0xcb642268, 0xdb01250f, 0x64dafd64, 0x64206f82, 0x42058f42, 0x042b0693, 0x3dffc800, 0xa7039001, 0x85000300, 0xf34f187b, 
    0x15332353, 0x03893503, 0x03837a83, 0xd7d00225, 0x89cffed7, 0x82002003, 0x00012200, 0x27c741fa, 0x21351324, 0x8f41fa15, 0x00032207, 0x20378225, 
    0x08434133, 0x33403629, 0x00020204, 0x18000101, 0x222933c9, 0x412b1706, 0x01270b35, 0xf2fd7eb5, 0x417e4a7e, 0x0029072f, 0xffc80003, 0x03900125, 
    0x062b41aa, 0x3a403d28, 0x00010000, 0xc1430685, 0x01073509, 0x85030403, 0x04050400, 0x05010885, 0x08087605, 0x00000404, 0x10095118, 0x6a820920, 
    0x4307d443, 0xc82f07d8, 0x016402c8, 0xfebafe46, 0xfe650152, 0x836ffe9b, 0x8200200b, 0x01c8265e, 0x04900140, 0x20df4360, 0x03400126, 0x00e0fc20, 
    0x01260082, 0x0e01ecff, 0x33826c02, 0x27000724, 0x047a2440, 0x0b9a421a, 0x82113321, 0x14152401, 0x82dcc8dc, 0x8a0224f0, 0x88c876fd, 0x247f844b, 
    0x40240005, 0x4d4b8421, 0x03240abb, 0x02000201, 0x4c0cff48, 0x46820570, 0xfc214584, 0x09a344ae, 0x1f228f84, 0x8f881c40, 0x04850025, 0x57030301, 
    0x1129060d, 0x06051111, 0x11132b19, 0x29878223, 0x32fa1123, 0x70fe32c8, 0xd383d002, 0x4130fd21, 0xd3850507, 0x261f8618, 0x2005cb4b, 0x21cd83c8, 
    0xcc855203, 0x41062b45, 0x7d4c224b, 0x0a2b4505, 0x21367f47, 0x55413523, 0x11232405, 0x82dcdcc8, 0x06784802, 0x26067d47, 0xfeecff01, 0x82900170, 
    0x0007255b, 0x0027402a, 0x411c7770, 0x132109aa, 0x82568511, 0x86c8204f, 0x10fa2150, 0x4745ab84, 0x464f8805, 0x0322055d, 0x59180302, 0x29411d9b, 
    0x84a28205, 0xf00521a0, 0x84081b48, 0x6c02219f, 0x0d244f82, 0x34403700, 0x07349f84, 0x06000601, 0x01010386, 0x57010004, 0x05000400, 0x67050400, 
    0x01210e82, 0xba421800, 0x000d2208, 0x0579750d, 0x1c060822, 0x25069a4c, 0x15331133, 0x62821533, 0x0e01dc26, 0xdcdc3264, 0x23080741, 0x30fd6432, 
    0x480a8f46, 0x01210b17, 0x28618302, 0x00030002, 0x00670302, 0x4b608a01, 0x21220c20, 0xbf472135, 0xf2fe2105, 0x84055545, 0x4357875b, 0x57840607, 
    0x876a0020, 0x00042206, 0x06d17757, 0x00006726, 0x055f0400, 0x0420cb82, 0x210e1748, 0xb9513503, 0x15212205, 0x21b18214, 0x5c820e01, 0x02c80e27, 
    0x6444fd8a, 0x0d934932, 0x31403426, 0x02010200, 0x2107f779, 0xb4830301, 0x04000325, 0x8d040300, 0x476218b4, 0x1b062408, 0x8211132b, 0x331122b5, 
    0x48b98211, 0x642005cf, 0x21057848, 0x63859e02, 0x22141341, 0x82860403, 0xb9cb1869, 0x14d3480f, 0x33352322, 0x2206ad47, 0x4da401dc, 0x3220056a, 
    0x41094f4a, 0x02290c13, 0x00850203, 0x03040103, 0x08485357, 0x04030324, 0x1182055f, 0x210f1341, 0x77423513, 0x15332f05, 0xc8dcdcc8, 0x320e01dc, 
    0xfdbc0264, 0x874cc876, 0x4034230c, 0x53830031, 0x05010625, 0x92860504, 0x04002159, 0x0e9fac18, 0x2b1b0622, 0x4207d142, 0x28430522, 0x85d02006, 
    0x62fd215d, 0x0d245f8a, 0x33403600, 0x200a8742, 0x116f4100, 0x1f4f0520, 0x0e864207, 0x21070a4b, 0x054c1523, 0xdcdc2106, 0x2307074c, 0x326444fd, 
    0x220ba34c, 0x4e0d00a4, 0x63180e87, 0x59820db2, 0x04242124, 0xb7821806, 0x07bf8b18, 0x1516163a, 0x693afa11, 0x66232348, 0x70fe5396, 0x6c49e001, 
    0x9954643b, 0x0020fe67, 0x89095f4c, 0x07df4857, 0x8b185920, 0x578b0ca7, 0x18363621, 0x2907ab5e, 0x9753fa11, 0x47232365, 0x57833a6a, 0x54996726, 
    0x496c3b64, 0xff275785, 0x014001ec, 0x8560045e, 0x099b45af, 0x02275683, 0x02010361, 0x82510200, 0x000d2461, 0x8321140c, 0x350324af, 0x18363233, 
    0x2b07a968, 0x48231423, 0x53643a69, 0x40016696, 0x01235283, 0x8234fecc, 0x242f825d, 0x01fa0001, 0x06f74340, 0x23402622, 0x17238d18, 0x060a0c36, 
    0x010d0005, 0x1606040d, 0x2622012b, 0x33113526, 0x16161411, 0x022eb782, 0x53976549, 0x476a3a64, 0x54400123, 0x59836799, 0x3b6c4923, 0x3a5a8264, 
    0xecff0100, 0x6c0260ff, 0x0f007003, 0x25402800, 0x090a0b0e, 0x01020306, 0x18000208, 0x25078aac, 0x02020304, 0x2b827602, 0x000f2608, 0x1412140f, 
    0x2b190605, 0x01013507, 0x13133335, 0x01011533, 0x03032315, 0xfe0d0114, 0xf0f050f3, 0x01f3fe50, 0x3507820d, 0xe00128a0, 0xfe28e001, 0x28a90157, 
    0x20fe20fe, 0xfea90128, 0x6b8a0057, 0x1e000522, 0x1d43db18, 0x5f820520, 0x0215012f, 0x50d0fd1c, 0x03a03002, 0x18fc28e8, 0x823fab28, 0x279c82a1, 
    0x50300214, 0x28a0d0fd, 0x002a3f84, 0x46000200, 0x12024001, 0x3f4ca401, 0xa0722738, 0x01a034fe, 0x00826440, 0x4f830020, 0x5bfffa26, 0x7d035e01, 
    0x20373f4c, 0x2b4782fa, 0xc501b801, 0xa3fd3bfe, 0x39fec701, 0x2305eb41, 0x5e0170fe, 0x23203f4c, 0x70fe64fa, 0x200f3f4c, 0x3b1750a4, 0x6464d022, 
    0x8309ef52, 0x3417507f, 0xfc64d024, 0xff4d00cc, 0x2da35106, 0x2009bf4f, 0x06834634, 0x02400123, 0x4c43826c, 0x4025283f, 0x00006464, 0x05834301, 
    0x012237a8, 0x37880172, 0x4c05af4c, 0x0221053f, 0x0fd94501, 0x11820420, 0x184f0321, 0x200ca989, 0x05034f13, 0xfefa1525, 0x820e01f2, 0x320e2949, 
    0x00c83264, 0x19000400, 0x3f20bb82, 0x3f4c8384, 0x20c08263, 0x82008464, 0x0004269c, 0x013dfffa, 0x6c3f4c5e, 0x7c84fa20, 0x4c646421, 0xc741173f, 
    0x4c132026, 0xce82063f, 0x03000028, 0x40012500, 0x43413302, 0x4b3f4c08, 0x82062f41, 0xfffa2463, 0x4c5e0125, 0x1141523f, 0x58023605, 0xaefe5201, 
    0x4e0169fe, 0x64feb2fe, 0xaffe5101, 0x00010000, 0x062346fa, 0x9d180320, 0xfa211c47, 0x0a3f4c64, 0x4b055350, 0x332026af, 0x2a053b55, 0xfe326432, 
    0x02340370, 0x5544fdbc, 0x4346068f, 0x2b834c06, 0x49057449, 0x01210572, 0x058b5440, 0x82086343, 0x28834c8f, 0x46844883, 0xfc214483, 0x464382e0, 
    0x3f4c08d3, 0x15212c2a, 0x0e0164fa, 0x20034001, 0x846444fd, 0x70fe2343, 0x3f4c5e01, 0x59fa2020, 0x002006ee, 0x4142bf53, 0x21200511, 0x200d264a, 
    0x09a555d0, 0xecff0122, 0x434c9386, 0x05814a2e, 0xf2fefa24, 0x2f580e01, 0xbc022305, 0xab4810fa, 0x33434c08, 0x82152121, 0x06c94aa6, 0x56f00521, 
    0x434c06a4, 0x0203380f, 0x01078503, 0x86060506, 0x01020104, 0x00570205, 0x05000001, 0x82670001, 0x05022a0e, 0x0205005f, 0x00004f05, 0x0ebc4900, 
    0x33352323, 0x08095735, 0x57dcdc21, 0x0225060b, 0x023264d0, 0x05ae4c8a, 0x01236786, 0x540900d6, 0x2f4b065b, 0x3521212a, 0x2108b556, 0xd5550e01, 
    0x205b8305, 0x057b4ac8, 0x41392f4b, 0x21200563, 0x2005af45, 0x4b5a8264, 0x334b0832, 0x16434c43, 0x4110374b, 0x00230a13, 0x4d008604, 0x23222657, 
    0xb24d2135, 0x4da42007, 0x322106b0, 0x05835b64, 0x4d095f50, 0x33213257, 0x26018211, 0x14152315, 0x50dcc8dc, 0x44220669, 0x0f413264, 0x31534d11, 
    0x20176c4f, 0x0a634e44, 0x00600422, 0x2305434c, 0x85030403, 0x2505cb4e, 0x00020400, 0x44185704, 0x0428087c, 0x055f0004, 0x00040001, 0x87148642, 
    0x11212463, 0x57dc32fa, 0x084d0850, 0x06434c06, 0x2206f744, 0x182c000b, 0x5d2b0fa3, 0x14250ba8, 0x646464aa, 0x060045aa, 0xfdbc0224, 0x67486444, 
    0x82c22006, 0x000924bf, 0x5e264029, 0x0220052d, 0x0420a782, 0x4e058f56, 0x332117c6, 0x84018511, 0x52518852, 0x00210627, 0x84ab8696, 0x604d8253, 
    0x0423051f, 0x82570104, 0x84012060, 0x4e012053, 0x51861006, 0x96153322, 0x0323a585, 0x8544fd20, 0x42ef44a4, 0x405aad84, 0x075e4105, 0x460f935a, 
    0xdb523257, 0x0855460a, 0x5a08bb56, 0xa483444f, 0x43e0fc21, 0xb353091f, 0x28af4605, 0x1423a083, 0x4601c8dc, 0x775c07ae, 0x5a9b8807, 0xd0223b4f, 
    0x8d452003, 0x20f38206, 0x21648200, 0x4b476c02, 0x20688208, 0xb96b1885, 0x8203200a, 0x0dcf5367, 0x47094753, 0xab430706, 0x46775c0c, 0x935a9e20, 
    0x35bf540b, 0x200c3b48, 0x414f850e, 0x175e0de3, 0x21a58540, 0xe7429afc, 0x0e012305, 0x93485e01, 0x219c8334, 0xf758aefc, 0x45175e08, 0xd45b6620, 
    0x06435709, 0x482de341, 0x0e2006eb, 0x20062c55, 0x083f6402, 0x0b00072d, 0x34403700, 0x01000100, 0x18010285, 0x532db968, 0x05210746, 0x07485335, 
    0x2906a664, 0xa8fd5802, 0x6464c864, 0x67830100, 0x825e0121, 0x054b46ab, 0x03020323, 0x088b4585, 0x04040024, 0xa3535700, 0x4d272018, 0x1123050d, 
    0x53141133, 0x642805a0, 0x646464dc, 0x7cfc5802, 0x01223282, 0x1764fa00, 0x42578506, 0x9e5905e7, 0x60601806, 0x13e75209, 0x21050b64, 0x11411521, 
    0xf2fe2605, 0x03dc0e01, 0x82ae8284, 0x0bfb53ad, 0x38001335, 0x01043540, 0x85020102, 0x0702090a, 0x05860700, 0x82010203, 0x83572021, 0x00012807, 
    0x0206085f, 0x18000100, 0x5213b684, 0x0b4708ef, 0x62112005, 0xaa20050d, 0xaa20bd82, 0x80600482, 0x45bc2005, 0xfd230654, 0x66d00230, 0x042909ff, 
    0x00070060, 0x4035000b, 0x25798532, 0x03060507, 0x66180003, 0x00200cb5, 0x08207483, 0x08c96c18, 0x0afb6a18, 0x9620768b, 0xf8496983, 0xf0052309, 
    0xe36410fa, 0x6c022105, 0x4b82638b, 0x63848520, 0x94124456, 0x05236663, 0x64112321, 0xaa2106fa, 0x06fc64aa, 0x6444fd24, 0x658430fd, 0x440d3f55, 
    0x5357333f, 0x100f4b10, 0x833f5357, 0x4d535750, 0x0020fe83, 0x4c421f47, 0x9744140f, 0x0b676105, 0x4c315358, 0x52830e0f, 0x604d0f4c, 0x012005d1, 
    0x82056f60, 0xfb87189f, 0x1113213f, 0x3520b282, 0x5808044b, 0x0e220804, 0xb257f2fe, 0xf2fe2108, 0x23062560, 0xa8fd5802, 0x4105d45f, 0x01210783, 
    0x2483825e, 0x4034000b, 0xb7511831, 0xd6f51811, 0x077a1810, 0x5706200b, 0x7a8606bf, 0x8f60fa20, 0x640e2106, 0x37416a88, 0x5c63850d, 0x05210527, 
    0xb3c31804, 0x10446a08, 0x33216390, 0x089b6011, 0xe0446420, 0x21ce8305, 0xc988f005, 0x32820120, 0x5802003a, 0x0b00da02, 0x2a402d00, 0x01030200, 
    0x01020001, 0x00010467, 0x57000505, 0xad180682, 0x3123177c, 0x4c112135, 0x213305f2, 0xfe130115, 0xfe5802ed, 0x2d1301ed, 0x2d2d8002, 0x842d80fd, 
    0x44003756, 0x2e02f5ff, 0x14003002, 0x4d002200, 0x0e114a40, 0x0504030a, 0x60824c01, 0x0201052c, 0x03008005, 0x03040004, 0xd8828000, 0x01040526, 
    0x01076905, 0x04210d82, 0x08068259, 0x61000434, 0x04000106, 0x15165100, 0x1b1d0001, 0x22162215, 0x0c0d0f10, 0x14000608, 0x06081401, 0x22172b16, 
    0x34353526, 0x16323336, 0x33373317, 0x27231303, 0x80180623, 0xf9360ec9, 0x50656550, 0x02055945, 0x6c655336, 0x06013c55, 0x342c3f59, 0x03822c34, 
    0x57670b35, 0x586757bf, 0xf5fe9648, 0x50a6e5fe, 0x343c4e61, 0x843c34bf, 0x20b78304, 0x20b78203, 0x24b7885b, 0x405d0026, 0x29b99f5a, 0x08040109, 
    0x04060001, 0x0f6b6900, 0x23232110, 0x2325c383, 0x25262326, 0x20c98f24, 0x23c9a50b, 0x15213507, 0x8722cd99, 0xd09ae001, 0x4b4be822, 0x0129d383, 
    0x92ff3c00, 0x3e031c02, 0x05e76500, 0x01000125, 0x66040085, 0x06220f3e, 0x40660205, 0x0c6a5a06, 0x33352508, 0x33133303, 0x23132315, 0xaebd3c03, 
    0xa6c4ae5f, 0x01975f97, 0xcc015022, 0xfe5034fe, 0x00900170, 0xf6ffffff, 0x62245f82, 0x26023e03, 0x00246382, 0xbb040600, 0x00297683, 0x00f6ff04, 
    0x03620232, 0x287782b1, 0x00270017, 0x404d0037, 0xc37b184a, 0x0500210b, 0x08080377, 0x06040423, 0x06010b59, 0x0a610406, 0x04060401, 0x19282951, 
    0x010c0d18, 0x282f3100, 0x21372937, 0x1927181f, 0x07751827, 0xc97b180b, 0x2223220f, 0x05124226, 0x06141523, 0x0ed57713, 0x2410f176, 0x23231d9b, 
    0x2003821d, 0x210786fb, 0x9f185852, 0x03251580, 0x1e1d2231, 0xc76b1823, 0x22078307, 0x185101fd, 0x8207a89f, 0x0cfc7733, 0x200fef77, 0x77ef822b, 
    0x2d212fef, 0x05ef772c, 0x2c313327, 0x27372d37, 0x5aa01825, 0x26ef770f, 0x161d7618, 0x4a24e596, 0x36494936, 0x23260383, 0x22232e2e, 0xdf772f2f, 
    0x85852019, 0x49362427, 0x85222f2e, 0x0ebb792c, 0x4b002932, 0x01244840, 0x28290304, 0x02042127, 0x054c0204, 0x02290c82, 0x80020403, 0x03000100, 
    0x15c17904, 0x0110112a, 0x23252600, 0x10171922, 0x0844a118, 0xd9780820, 0x27372823, 0x33173733, 0x78271707, 0x012118c3, 0xa772181e, 0x27d59907, 
    0x5d366395, 0x4363365d, 0xc742cb83, 0x15003205, 0x27001e00, 0x21402400, 0x1a1b2324, 0x01090c14, 0x10807708, 0x1500153b, 0x1706031a, 0x2e35052b, 
    0x36343502, 0x33353736, 0x15021e15, 0x07060614, 0x05597c15, 0x05020e32, 0x27262634, 0x01023e11, 0x4a815213, 0x3252814a, 0xfe290685, 0x446a3de3, 
    0x023d6a44, 0x2a078508, 0x5306a16e, 0x88545488, 0x89a10653, 0xd6012809, 0x06467146, 0x82060602, 0x22028206, 0x82fafd06, 0x84002009, 0x025b21a3, 
    0x07aba218, 0x41002329, 0x01003e40, 0x41020300, 0x06250559, 0x02040001, 0xf8911800, 0x0108250b, 0x4f050405, 0x3b0a6718, 0x67180320, 0xce221b0a, 
    0x58413002, 0xf7fe2119, 0x31057f44, 0x008c0002, 0x02cc0168, 0x00030026, 0x40330007, 0xae820030, 0x03020128, 0x03010580, 0x90748403, 0x1804200a, 
    0x180900a2, 0x24093e76, 0x2b170606, 0x31838313, 0x8c033313, 0xd9fe4001, 0x01828250, 0xfe4b4bdb, 0xb679018d, 0x04002705, 0x00003200, 0x67442602, 
    0x001b3b06, 0x40420024, 0x0501093f, 0x03860506, 0x02080101, 0x04000307, 0x00690001, 0xae180604, 0x18270c07, 0x010c0d18, 0x18202100, 0x2111f779, 
    0xb818060a, 0x33200d80, 0x2d0a5c44, 0x03210303, 0x37363627, 0x16132113, 0x4044bd16, 0x86c12006, 0xbcca2e07, 0x3cbdf401, 0x650d1304, 0x0d69ecfe, 
    0x113f4411, 0x02cffc35, 0x4626fdda, 0x01345917, 0x345ffea0, 0x00030058, 0x8292ff32, 0x003e26bb, 0x000e000b, 0x24b98311, 0x00020c0f, 0x04aa1806, 
    0x06002b08, 0x05000605, 0x05010880, 0xcd828405, 0x51060621, 0x062d055b, 0x0601075f, 0x004f0601, 0x0e101100, 0x213c820d, 0x0083110b, 0x06093708, 
    0x35052b1b, 0x35330323, 0x03331533, 0x03031523, 0x23131323, 0xbc251301, 0xbde132e1, 0x72042d24, 0x6e7272a2, 0x64da026e, 0x6e26fd64, 0xd7012101, 
    0xd70129fe, 0x87900000, 0x3d404027, 0x06020e11, 0x83878601, 0x85012779, 0x00050108, 0x78828605, 0x06000023, 0x27068257, 0x045f0006, 0x00060001, 
    0x10238582, 0x8f0c0d0f, 0x84132085, 0x23133685, 0x11332715, 0x01033313, 0x23bee113, 0xe1bd2432, 0x733072a3, 0x26848873, 0xfed301be, 0x84d2012d, 
    0xff2d3183, 0x022b025b, 0x000300da, 0x0010000c, 0x0939403c, 0x240bc978, 0x03010105, 0x0c3d7302, 0x04010622, 0x0cdf6d18, 0x82040521, 0x0339083a, 
    0x17060711, 0x3313332b, 0x03212513, 0x06272626, 0x35030706, 0xbe321521, 0x7cfebd79, 0x0d671501, 0x13040512, 0xfe01db0d, 0x26fdda02, 0x349f0150, 
    0x5a16175a, 0x4b6bfd34, 0x4283844b, 0x2408074b, 0x001d0019, 0x4b970026, 0x585014b0, 0x05003540, 0x05040103, 0x04020072, 0x72020100, 0x0807010a, 
    0x03008607, 0x3d7f8200, 0x04006901, 0x06000109, 0x006a0004, 0x06080806, 0x06060057, 0x08005f08, 0x1b4f0806, 0x37833740, 0x01050324, 0x38820080, 
    0x00020423, 0x3639a680, 0x1a1d4059, 0x2300011a, 0x1a1d1a22, 0x161b1c1d, 0x0e111315, 0x8208090c, 0x01193464, 0x16060b19, 0x2e22012b, 0x15222302, 
    0x34352315, 0x18323336, 0x4209789e, 0x012a0c9e, 0x1a261e72, 0x411e1118, 0x08862832, 0x42ad3121, 0x2f280ea1, 0x23151c15, 0x322d1e1e, 0xfc210787, 
    0x0ea142d1, 0x20097344, 0x2df0829f, 0x000b0007, 0x07244027, 0x02030506, 0x67180601, 0x02370c30, 0x01000101, 0x0808084f, 0x190b080b, 0x2b170603, 
    0x05020925, 0x44072737, 0x6c7d0540, 0xcafe2805, 0x30e8e8e8, 0x7d323002, 0x38080574, 0xe9e9e8e8, 0x4b4bf3fd, 0x00ffff00, 0x0232003c, 0x000c031c, 
    0x02720627, 0x02000058, 0x00270406, 0x00010000, 0x0292ff50, 0x003e0308, 0x40280017, 0x0a0d1625, 0x00030401, 0x99601801, 0x09046609, 0x1700172c, 
    0x05151515, 0x052b1906, 0x4d602635, 0x11172306, 0xb1601133, 0x072a0807, 0x5a130115, 0x434e3269, 0x324e4332, 0xc96e5a69, 0x015e7508, 0x47bbfe40, 
    0xb602085a, 0x5a084afd, 0xfe450147, 0x08755ec0, 0xf38200c9, 0x00220382, 0x89825802, 0x22001928, 0x4b002b00, 0x8c834840, 0x0107853d, 0x020c0b01, 
    0x08010908, 0x020a0d69, 0x02010609, 0x69020903, 0x04030105, 0x82570304, 0x04032106, 0x0805d275, 0x1b23242d, 0x2328291a, 0x202b242b, 0x1b221a1f, 
    0x11211422, 0x21141211, 0x1e060e10, 0x1533132b, 0x15163233, 0x23230614, 0x21153315, 0x48353335, 0x332f06bd, 0x15062207, 0x33331614, 0x36321735, 
    0x82263435, 0x5aff381f, 0x43433505, 0xfdff0535, 0x3405ffa8, 0x05344444, 0x2d2d2305, 0x845f0523, 0x58023505, 0x34354391, 0x50508744, 0x35344487, 
    0x232d2843, 0xa0a02d23, 0xbf820584, 0x00000224, 0xc3845bff, 0x213b8351, 0x2f4f3531, 0x35052505, 0x5aff1521, 0x022d8782, 0x08025058, 0xa550f8fd, 
    0x00004b4b, 0x20638201, 0x2d6382f6, 0x000e00da, 0x0028402b, 0x85030203, 0x16820106, 0x01048627, 0x02010102, 0x24068257, 0x055f0102, 0x210d8201, 
    0x0085114f, 0x1d060725, 0x8227052b, 0x275986f5, 0x01331523, 0xff9bc92d, 0xff2f5d82, 0xa6a90a9b, 0xfe450150, 0x00a650bb, 0x82500002, 0x172008bf, 
    0x2c002d02, 0x62003000, 0x01075f40, 0x4c010405, 0x04030200, 0x80040203, 0x06050700, 0x80060705, 0x47086c82, 0x03010203, 0x00040069, 0x05040705, 
    0x0a060067, 0x06080001, 0x08006900, 0x57080909, 0x09080800, 0x09010b5f, 0x2d4f0908, 0x2d00022d, 0x2f302d30, 0x27292a2e, 0x1d1e2024, 0x1315181b, 
    0x000d1012, 0x0c2c022c, 0x052b1606, 0x21058741, 0x5a193537, 0x15220fb5, 0x4e631614, 0x08088405, 0x37363268, 0x05060633, 0x01152135, 0x6c5b344b, 
    0x3b3a4641, 0x532e5864, 0x055f096b, 0x5d2e2b38, 0x837b2e30, 0x31373533, 0x043b2e34, 0xfe6d0a5f, 0x079e01c2, 0x473e4958, 0x3a040405, 0x4c4f4731, 
    0x4b211d42, 0x304e2a24, 0x1f302528, 0x9e49401a, 0x00004b4b, 0x5500ffff, 0x03024100, 0x26020903, 0x00001b04, 0x68060700, 0x17845802, 0x00003724, 
    0x01822602, 0x7d020622, 0x02241782, 0x5bff3700, 0x262b0d82, 0x11000d00, 0x39403c00, 0x45000200, 0x85180615, 0x0e341713, 0x0e00010e, 0x10110e11, 
    0x070a0c0f, 0x00040506, 0x080d010d, 0x2128ed82, 0x11352622, 0x11213523, 0xce84dc84, 0x57499f37, 0x262201c8, 0x16fe8720, 0x4655ea01, 0xfe523901, 
    0x52272275, 0x32a283a5, 0x00040000, 0x01d2007d, 0x00af02db, 0x0017000b, 0x4b2f0023, 0x25212acf, 0x05cf4b24, 0x87182b20, 0xcf4b2699, 0x15d14a0e, 
    0x1810c74b, 0x210eff80, 0xbf4b2f02, 0xa3fe210f, 0x111e4218, 0x00030029, 0x015bff8c, 0x84c201cc, 0x491b20d7, 0x3e482653, 0x113c4805, 0x81180920, 
    0x0a451aa1, 0x22a58e05, 0x1840017d, 0x2111a881, 0x734161fe, 0x022d0805, 0x92ff1e00, 0x3e033a02, 0x1d001400, 0x42404500, 0x02010200, 0x07010a85, 
    0x03860700, 0x01090101, 0x04010504, 0x02080b69, 0x05000005, 0x32078359, 0x06610005, 0x00050001, 0x00151651, 0x15171900, 0x821d161d, 0x1114213b, 
    0x24270083, 0x1d060c21, 0x4111052b, 0x3321065d, 0x05566935, 0x23153325, 0x82330311, 0x15062d15, 0x2a011614, 0x77776530, 0xde323065, 0x673d0082, 
    0x594c3535, 0x04016e59, 0x75626275, 0xfe2dfafa, 0xfcfe2dac, 0x54013101, 0x5c4e4e5c, 0x3c008200, 0x00ecff01, 0x02580200, 0x000e00da, 0x06344037, 
    0x05030201, 0x04020101, 0x03010001, 0x565d184c, 0x150c4409, 0x1011142e, 0x2b1c0606, 0x23112321, 0x15372715, 0x35056744, 0x5a590123, 0x779c9c77, 
    0x01ffff5a, 0xc8c8a045, 0xfe4501a0, 0x6b8450bb, 0xff37002e, 0x022102f6, 0x002a0030, 0x2837403a, 0x012d6782, 0x081d1e4c, 0x4a020407, 0x02010200, 
    0x05aa7585, 0x06825920, 0x61000138, 0x00020504, 0x01510001, 0x18242600, 0x0f121316, 0x012a000d, 0x744f062a, 0x15372c09, 0x15150606, 0x36323314, 
    0x82333535, 0x323329f7, 0x26343535, 0x16163527, 0x44081582, 0x26222306, 0xb5060627, 0x414b443a, 0x1d3d1d1a, 0x1d214a21, 0x441d1f3d, 0x313b434d, 
    0x3f07073f, 0xcf4b560a, 0x5f0a6d53, 0xd02c3a05, 0xc3282c54, 0x542c28c3, 0x063729d0, 0x516a0a5f, 0x39564bcf, 0x00393232, 0x05ab4300, 0x2e24af85, 
    0x47404a00, 0x0424b194, 0x05000207, 0x135a8b18, 0x012b2b29, 0x2b2e2b00, 0x8b2c2d2e, 0xad0920c1, 0x350723c1, 0xc5981521, 0xea01af22, 0x9b22c8a2, 
    0xcb834b4b, 0x91ff0026, 0x3e035802, 0x20093b66, 0xe3431800, 0x11153c24, 0x21251121, 0x58022111, 0xf401dafd, 0x036f0cfe, 0x2d53fcad, 0x00005303, 
    0x89000300, 0x00062a53, 0x40310009, 0x0206092e, 0xed821803, 0x0708211d, 0x2306e449, 0x2b170605, 0x03325c83, 0x21050121, 0x32580201, 0xd6012afe, 
    0xd8010cfe, 0x638428fe, 0xfc800326, 0x29032dda, 0x04206782, 0x0c31678a, 0x25001c00, 0x52405500, 0x070a1f25, 0x01050404, 0x8420824c, 0x01093dc8, 
    0x04050002, 0x0a690502, 0x07000401, 0x69070406, 0x01010600, 0x06005706, 0x085f0106, 0x01230982, 0x820d0e4f, 0x2300307b, 0x161d1e21, 0x0e1c0d14, 
    0x0408091c, 0x820c050c, 0x110322c7, 0x298d860b, 0x17163201, 0x36152135, 0xaf181336, 0x27080ef1, 0x06352107, 0x26222306, 0xfe580227, 0x278350d4, 
    0x82280cfe, 0x41714850, 0x47487141, 0x71424271, 0x27f401b3, 0x82505083, 0x042bbc86, 0xfdfd3b46, 0xd9fd453c, 0x84477142, 0x2605831f, 0x463bfeb0, 
    0x8b003c45, 0x000728cf, 0x001f0013, 0x8349404c, 0x000535c6, 0x05006703, 0x07040109, 0x00690405, 0x06010a07, 0x69060702, 0x0a024418, 0x022fc682, 
    0x14154f01, 0x00000809, 0x1f14191b, 0x180f1f15, 0x870d3285, 0x182520c6, 0x200e3285, 0x3e851803, 0x2e252413, 0x1926252e, 0x20096a07, 0x06d9416f, 
    0x29defe25, 0x83292222, 0x5cfe2103, 0xb38e0987, 0x16000d22, 0x0d34b383, 0x0206020a, 0x05004c01, 0x05060406, 0x00008004, 0x02030108, 0x0226c383, 
    0x02050600, 0x68186706, 0x5f270902, 0x04010107, 0x82044f01, 0x121324fa, 0x18090b0c, 0x200b5f84, 0x077a4109, 0x35211529, 0x03112101, 0x4d130323, 
    0x7442079f, 0xf4012e07, 0xfebe79bd, 0x700e0f05, 0x0e6fd9fe, 0x36a98414, 0x37378003, 0xf702adfc, 0xb6024bfd, 0x5a1790fd, 0xfe9f0134, 0x42593460, 
    0x09220e2f, 0xab821200, 0x4d405027, 0x0204010f, 0x21948208, 0x80480204, 0x20af8809, 0x20af8204, 0x28af8204, 0x05010105, 0x05050057, 0x20af8301, 
    0x30af8505, 0x13141516, 0x09040a0b, 0x06070904, 0x03000300, 0x25af8811, 0x13331311, 0xa34c0111, 0x35212208, 0x2eaf8321, 0xfebd79be, 0x70270173, 
    0x0405120d, 0x43d60e12, 0x03250833, 0x0214fd80, 0x2dad82b5, 0x013ffdec, 0x165b349f, 0xfd345a16, 0xaf8e42ce, 0x0c000831, 0x37001100, 0x10113440, 
    0x0a0b0c0f, 0x43080508, 0x0e211e4f, 0x4396860d, 0x013d074f, 0x11211117, 0x07273713, 0x07112103, 0xfe580227, 0x0cfefad4, 0xe8e8e8fa, 0xfaf40112, 
    0x053a41fa, 0x01fb0e32, 0xfe93fe6d, 0xe9e9e8dc, 0x6e0156fe, 0x0500fafa, 0x2f0a6343, 0x00130007, 0x00230017, 0x005a405d, 0x03010b00, 0x36059642, 
    0x0204010c, 0x00690405, 0x09070002, 0x00670702, 0x08010d09, 0x43080906, 0x0a370b65, 0x01060101, 0x0918194f, 0x00040408, 0x181d1f00, 0x17231923, 
    0x42141516, 0x861805a4, 0x0e200a52, 0x8207f241, 0x0b9a42aa, 0x11210123, 0x0fbd1821, 0xfd58220c, 0x42b582da, 0xfe2306a8, 0x82f401e0, 0x850d86ca, 
    0xfe8026c9, 0xfe84017c, 0x07a742d4, 0x01d9fd24, 0xb442f284, 0x44002008, 0x1e2d0df7, 0x44404700, 0x10111314, 0x12030404, 0x0ddd5201, 0x1808d75c, 
    0x2e089788, 0x01010760, 0x00500102, 0x191d1e00, 0x180b0c18, 0x450cb264, 0x23370614, 0x07061411, 0x37363633, 0x27071537, 0x16161735, 0x26263317, 
    0x42231135, 0xcd3105b6, 0x050a0203, 0xc760161b, 0x1d165fc9, 0x04010a04, 0x38b284cd, 0xfd53032d, 0x0d2d16c1, 0x51121d06, 0x69a9a969, 0x071d1250, 
    0x02162d0d, 0x0c4f453f, 0x14000e39, 0x3b403e00, 0x0b0e1114, 0x02040507, 0x04004c01, 0x04020302, 0x82008003, 0x000421d3, 0x0c488818, 0x0101052d, 
    0x004f0103, 0x10121300, 0x820c0d0f, 0x11032246, 0x06604106, 0x93822520, 0x13229f82, 0xb2832135, 0x03230334, 0xb4fe5802, 0x0504120b, 0xfed70a13, 
    0xdbf4010c, 0x9484db3e, 0x3a1cf033, 0x1b3b1111, 0x3c474902, 0x8f02e9fc, 0x5802a8fd, 0x0ef34300, 0x0f000b29, 0x44404700, 0x43090000, 0x988208e4, 
    0x82670521, 0x06072426, 0x45670704, 0x0429106d, 0x0f000004, 0x0b0c0d0e, 0x0cee430a, 0xfb410a20, 0x2101240a, 0x46112135, 0x01210a5c, 0x469483f4, 
    0x032c0664, 0x01f7fe80, 0xa007fe09, 0x0a0106fe, 0x8f8ef682, 0x14001038, 0x38403b00, 0x0a0e1314, 0x07050609, 0x4c010203, 0x01050000, 0x1c410302, 
    0x0104230d, 0xc8430301, 0x11122505, 0x07040704, 0x300c1e41, 0x11051501, 0x25112503, 0x26373636, 0x11210126, 0x05b94105, 0x84fe782b, 0x21137c01, 
    0xfe220908, 0x0abf4373, 0x01fa7c33, 0xbc6efe76, 0x09bb59fe, 0x0e02020d, 0x790147fe, 0x219782fa, 0x3b43ffff, 0x26022907, 0x28004d04, 0x85050601, 
    0x082a1682, 0xb00200b1, 0x2b35b028, 0x5b430200, 0x001e250a, 0x1757405a, 0x2b082282, 0x030a1118, 0x010b0603, 0x4c030304, 0x06070500, 0x80060507, 
    0x02030400, 0x80020403, 0x07000000, 0x67070005, 0x03000600, 0x68030604, 0x2d100146, 0x1d1e0000, 0x12131a1c, 0x06080f10, 0x95440405, 0x2125380c, 
    0x26222311, 0x16161527, 0x27231717, 0x06073337, 0x36150706, 0x47333336, 0xf43207c2, 0x090d2910, 0x6a570a1a, 0x576a9c9c, 0x0d07190d, 0xd6471029, 
    0x82013308, 0x07090103, 0xc86e0d19, 0x19106dc8, 0x03020906, 0x07428101, 0x4477410f, 0x35251126, 0x05110501, 0x16259b82, 0x35210316, 0x05774125, 
    0x0184fe2b, 0x1384fe7c, 0x22090821, 0x0a774167, 0xfa89fe28, 0xbc41fe7d, 0x7741a701, 0x7e642106, 0x080daf44, 0x0f000b43, 0x1b001300, 0x64406700, 
    0x0305010f, 0x02050302, 0x0b0c0080, 0x0a0c0b0a, 0x00000080, 0x03000503, 0x02010467, 0x06070109, 0x08670702, 0x010d0601, 0x0b060c0b, 0x010a0067, 
    0x00570a01, 0x5f010a0a, 0x4209820e, 0x1b2f0525, 0x1718191a, 0x13141516, 0x0f101112, 0x7c0c0d0e, 0x10200eeb, 0x3006bd42, 0x11330703, 0x37211121, 
    0x23373301, 0x23353305, 0x380c8201, 0x23372307, 0x408e5802, 0x010cfe9c, 0xaefe4012, 0x01f43aba, 0xfebaf400, 0x3ccb82c6, 0x3e463eee, 0xad036f9c, 
    0x260353fc, 0xfe0901af, 0x61feaff7, 0xfea0a0a0, 0xaa0a0106, 0x0e0346aa, 0x1c000735, 0xa7002a00, 0x500cb04b, 0x0c3a4058, 0x0a070801, 0x82720807, 
    0x06032124, 0x0037c982, 0x04050006, 0x00670506, 0x08070004, 0x00690704, 0x09010d0a, 0x48090a02, 0x0b280b27, 0x01020101, 0x3b401b4f, 0x07413c86, 
    0x3a3dad05, 0x1e244059, 0x0008081d, 0x1d222500, 0x08291e2a, 0x1b1c081c, 0x1112141a, 0x45090b0f, 0xc745080b, 0x82252007, 0x351321fd, 0x10657018, 
    0x94180720, 0x2e510761, 0x06e54106, 0x32950c26, 0x414b4b40, 0x11d61519, 0x81486f20, 0xbcfd2f06, 0x3b3b47b4, 0x60355547, 0x365b3942, 0xf0186903, 
    0x4b430ae8, 0x010d2f10, 0x131a0504, 0x0407030c, 0x07060119, 0x70184c03, 0x0625088b, 0x06070207, 0x08004202, 0x00040026, 0x07040607, 0x21144b43, 
    0xd782151c, 0x4c180a20, 0xe14709ae, 0x20d68307, 0x18bb8211, 0x29074b93, 0x36372307, 0x06353736, 0xe2452306, 0x0cfe2206, 0x2d9318f4, 0x49f42011, 
    0x7f300848, 0x06090203, 0xc86d1019, 0x190d6ec8, 0x03010907, 0x2411334b, 0x0839403c, 0x06334b05, 0x2606bc44, 0x01030106, 0x82570301, 0x01032206, 
    0x05be445f, 0x0407072c, 0x07000004, 0x04090709, 0x85480406, 0x42072005, 0x012c0688, 0x11130111, 0xfd580201, 0x1cd801da, 0x29093a4b, 0xfc2a03d6, 
    0xfc2903ad, 0x034700d7, 0x40482b0f, 0x03011045, 0x0f111206, 0x7882040e, 0x82044c21, 0x06022b0c, 0x00800203, 0x03060000, 0x4d180600, 0x072f0dce, 
    0x01020101, 0x1e00004f, 0x171b1c1d, 0x44090a16, 0x0820066d, 0x25377d86, 0x36341133, 0x06062337, 0x37350707, 0x26271517, 0x16232726, 0x44111516, 
    0xcd31066d, 0x040a0104, 0xc95f161d, 0x1b1660c7, 0x03020a05, 0x06db45cd, 0x40022d38, 0x070d2d16, 0x6950121d, 0x5169a9a9, 0x0d061d12, 0xc0fd162d, 
    0x84825303, 0x340c0747, 0x00140009, 0x14404043, 0x05080c10, 0x01030405, 0x0301064c, 0x20b78202, 0x23ae8304, 0x02000302, 0x200b644a, 0x08644a05, 
    0x410cb049, 0x1327082a, 0x13112111, 0x56352103, 0x2e080755, 0xf3fe5802, 0xdb0cfedb, 0xd9f401db, 0x0405130a, 0x6fd80b12, 0x53fcad03, 0xa8fd4903, 
    0x71fd8f02, 0xe4fc5802, 0x1b4e0242, 0x3a11113b, 0x8fb2fd1c, 0x00073d9b, 0x4049000d, 0x02090c46, 0x4c010405, 0x05030400, 0x80050403, 0x02050107, 
    0x7e020503, 0x03242d82, 0x67030004, 0x250abc45, 0x02010106, 0x6d184f01, 0x15201606, 0x2706684d, 0x33352713, 0x58020715, 0x23056e4d, 0x0b600cd6, 
    0x21084f42, 0x0082969d, 0x02000022, 0x2505ef50, 0x0500da02, 0x85640900, 0x82002007, 0x4e401881, 0x0203240c, 0x18020057, 0x29084fbf, 0x00000606, 
    0x09060906, 0x34820708, 0x06120526, 0x012b1706, 0x03256884, 0x01152135, 0x24658208, 0x014001c5, 0x245f82ae, 0x4badfd96, 0x3163824b, 0x014cff5e, 
    0x003002fe, 0x001f0011, 0x0e39403c, 0xe4820301, 0xc0820520, 0x82860221, 0x030424da, 0x42690400, 0x592005a9, 0x032a0682, 0x01006101, 0x13510103, 
    0x69190012, 0x06250d83, 0x11172b18, 0x7f9c1834, 0x1723230b, 0x9e183715, 0x5e2d0c14, 0x6e616170, 0x4e3e535f, 0x76020307, 0x83691939, 0x21808224, 
    0xff826c02, 0x3d000e33, 0x01093a40, 0x010a0201, 0x010b0100, 0x4c030005, 0x098d7900, 0x01010324, 0x6e590000, 0x5f002205, 0x07177804, 0x0e000e24, 
    0x00821114, 0x1b060724, 0x4a7b332b, 0x35333d06, 0x23350717, 0xffffff11, 0x9c9c775a, 0x50450177, 0xbbfe4501, 0xa0c8c8a0, 0x0000bbfe, 0x2d065f52, 
    0x0d00e402, 0x15001100, 0x45404800, 0x15820200, 0x8003022e, 0x04030107, 0x7e040300, 0x01060100, 0xba5b7982, 0x12122b12, 0x00010e0e, 0x15121512, 
    0xc5531314, 0x05082a05, 0x0c010d00, 0x2b160609, 0x05954d01, 0x2a061d45, 0x03331303, 0x15213507, 0x19212201, 0x37073d1d, 0x8282508c, 0x0240016e, 
    0x20212a4e, 0x21202b2b, 0x01c6fd2a, 0xb9c9fe37, 0x9f151760, 0x0b1760f9, 0x23131724, 0x70823335, 0x23153330, 0xa6974b03, 0xae5faec4, 0x6e97dbbd, 
    0x18609001, 0x00002907, 0xaa000200, 0xae0191ff, 0x2d313350, 0x11211117, 0x23113327, 0xd20401aa, 0xbe42a0a0, 0x03002507, 0xda007d00, 0x31087f54, 
    0x40420021, 0x04011c3f, 0x214c0100, 0x04191f20, 0x47184904, 0x04520baf, 0x02072f06, 0x01000306, 0x0c0d5100, 0x1d1e0001, 0x42601a1b, 0x4108200b, 
    0x8d570941, 0x0ae34e05, 0x5e371321, 0x6454085a, 0x5e09200f, 0x5e540852, 0x5eab2012, 0x0126074b, 0x92ff4100, 0xfb821702, 0x90002325, 0x830a0c40, 
    0x191c2d88, 0x02020702, 0x11b04b4c, 0x31405850, 0x01219682, 0x08d38285, 0x0302062b, 0x07010872, 0x07060402, 0x04050072, 0x00008605, 0x00020600, 
    0x02006906, 0x59020407, 0x04020200, 0x02040062, 0x401b5204, 0x23338833, 0x80060300, 0x23823484, 0x359c8020, 0x10405922, 0x23245082, 0x13232300, 
    0x09240184, 0x132b1d06, 0x27054e55, 0x11331117, 0x32331616, 0x3b050053, 0x26222306, 0x11231127, 0x22232626, 0x41151506, 0x28173c46, 0x25143211, 
    0x55191615, 0x26330b86, 0x01191614, 0x493e0f02, 0xb901080b, 0x130d2afe, 0x821e1518, 0x080a270d, 0x9a0183fe, 0x0d82140d, 0xffff2208, 0xfa004600, 
    0xaf021202, 0x22042602, 0x07010000, 0x58026806, 0x0900a6ff, 0xb80201b1, 0x35b0a6ff, 0x15eb592b, 0xa4822620, 0x50000339, 0x08020000, 0x11003002, 
    0x29001d00, 0x46404900, 0x01020308, 0x82860104, 0x0502241c, 0x62690200, 0x0a260730, 0x04040601, 0x06825906, 0x6104063a, 0x06040109, 0x1e1f5104, 
    0x00001213, 0x291e2325, 0x1719291f, 0x1d131d12, 0x11204582, 0x0b24f282, 0x332b1906, 0x82064244, 0x843420de, 0x371121de, 0x220aec41, 0x19363227, 
    0x2a08f311, 0x65657750, 0x4e5c3277, 0x55aa5c4e, 0x01300ea6, 0x77776554, 0x01acfe65, 0x5c5c4e59, 0xe6a7fe4e, 0x5a124956, 0x032f0837, 0x000b0009, 
    0x001f0017, 0x0a424045, 0x55040701, 0x022305ac, 0x53000308, 0x042e05ea, 0x00570504, 0x5f040505, 0x05040106, 0x4b564f04, 0x181f2506, 0x1c1d1e1f, 
    0x0e849818, 0xa6420b20, 0x2311271b, 0x23152135, 0xa4420111, 0xff25260f, 0x02ff5802, 0x0ffe5689, 0x0277fd27, 0xfd505008, 0x5aa788f8, 0x523608df, 
    0x010c4f40, 0x86070007, 0x01040300, 0x02030102, 0x01010567, 0xe95a0b0e, 0x0d0a2705, 0x00000902, 0x07835909, 0x6100093e, 0x09000106, 0x23235100, 
    0x00001a1a, 0x2b232b23, 0x221a2527, 0x1c1e221a, 0x19001900, 0x2306e75a, 0x2b1d060f, 0x2009d65a, 0x20a58435, 0x08f45a15, 0x1a832720, 0x14150625, 
    0x82233716, 0x35362314, 0xdb5a2634, 0x2cb58306, 0x43433505, 0x055f0535, 0x2d2d2305, 0x2e058487, 0x35344491, 0x50508743, 0x34354387, 0x5ab99144, 
    0x058405df, 0x02000023, 0x27008200, 0xfd025802, 0x0b000700, 0x07054118, 0x04008629, 0x04000500, 0x18006705, 0x200fa34c, 0x29008311, 0x1c060610, 
    0x1521112b, 0x01821123, 0x15213527, 0xff580221, 0x2c7a825a, 0x5802a8fd, 0x02f8fd50, 0x004bf508, 0x28578601, 0x000e00e4, 0x0628402b, 0x37118201, 
    0x02030085, 0x01058603, 0x01020201, 0x01010557, 0x045f0201, 0x02010201, 0x210bd75a, 0xd2821701, 0xe5825986, 0xc72d0123, 0x05d75a9b, 0xa9e4022a, 
    0xbbfe50a6, 0xa6504501, 0x033c5a83, 0xf6ff5800, 0xe4020002, 0x1e000d00, 0x58002f00, 0x011d5540, 0x01230207, 0x4c020306, 0x043c6b82, 0x69040102, 
    0x00020109, 0x07020307, 0x00030069, 0x06030506, 0x05010a69, 0x59050000, 0x05240682, 0x01086100, 0x2408e482, 0x0f1f2051, 0x2b00010e, 0x1f242629, 
    0x1a2f202f, 0x0e121418, 0x081e0f1e, 0x010d0006, 0x16060b0d, 0x2622052b, 0x07fd4235, 0x03061422, 0x43062a5e, 0x15280505, 0x36321336, 0x23063535, 
    0x27064c5e, 0x2c011614, 0x62727262, 0x9a300382, 0x1e1b231a, 0x3b3f2814, 0x6c0e403a, 0x340e3f3b, 0x20080f85, 0x6a720a40, 0x726a3601, 0xc9fe6972, 
    0xd301726a, 0x2d1d251d, 0x43433e7b, 0xfe438c3e, 0x9a3e437e, 0x22108343, 0x18433e89, 0x200efb5c, 0x05fb652b, 0x032ed782, 0x69030105, 0x0b050107, 
    0x04030a06, 0x5c180502, 0x056514f5, 0x4321204f, 0x29640aeb, 0x18da2418, 0x82182020, 0xc8fe2103, 0xd7620886, 0x84d12019, 0x862c8328, 0x00002103, 
    0x08078918, 0x0e00e42a, 0x1c001400, 0x3a403d00, 0x0224ed83, 0x00670301, 0x24065756, 0x00040107, 0x06e16800, 0x01065f30, 0x4f000400, 0x00011516, 
    0x1c15181a, 0x8b4f1c16, 0x0e002105, 0x08059a5b, 0x35223344, 0x36133734, 0x13173233, 0x23141516, 0x35133325, 0x32131523, 0x22233435, 0x453b1415, 
    0x2110f213, 0x14f11021, 0x31f6fe45, 0x2c21440a, 0x1a382c2c, 0x263e022e, 0x2ec2fd26, 0x01c8381a, 0xfe474717, 0x00822a5e, 0x83820020, 0x92ff1430, 
    0x48034402, 0x1c000500, 0x01031940, 0x14434901, 0x3f1e820a, 0x11124f01, 0x2b180602, 0x01210301, 0xd6012113, 0xfd2201b4, 0xedfef5ee, 0x70fe4803, 
    0xa401dafd, 0x0128db82, 0x73002500, 0x6e023402, 0x063c4382, 0x010305b3, 0x37132b32, 0x01171317, 0xfb903f25, 0x01c9fe45, 0x018e4248, 0x35fe3072, 
    0x422d2b84, 0x16026400, 0x0b003802, 0x0ab30600, 0x202b8204, 0xc7b41837, 0x387b260a, 0xb13ab1b0, 0x200584b0, 0x290b8a65, 0x1f000100, 0x39025b00, 
    0x37957502, 0xd3395926, 0xd2d43ad4, 0x5c220584, 0x0b82d239, 0x0584d320, 0x27263782, 0x30023c00, 0x378a9402, 0x1727373d, 0x07371737, 0x27072717, 
    0xd7aaab27, 0xaad72c2d, 0x2d2dd7ab, 0x499696d2, 0x8348dedf, 0xdf270805, 0x0f000300, 0x3a020000, 0x0700da02, 0x1d001000, 0x5e406100, 0x0204010b, 
    0x06090118, 0x02004c02, 0x0b850204, 0x82010203, 0x013508f0, 0x01078005, 0x05000605, 0x0a0c7e06, 0x08090802, 0x00040086, 0x00040100, 0x09060067, 
    0x00570609, 0x5f090606, 0x09060900, 0x0011114f, 0x111d1100, 0x1a1b1c1d, 0x05015019, 0x08df9118, 0x19060d2c, 0x2327012b, 0x33132307, 0x92622713, 
    0x07450805, 0x33110333, 0x33373315, 0x27231707, 0x3c011523, 0x461bb01c, 0x9e944a94, 0x02021208, 0x7d220812, 0x604f4211, 0x4e7b714a, 0x8b014f66, 
    0x4f014141, 0x13ceb1fe, 0x2a0d0d2a, 0xf9fd5213, 0x86864f01, 0x8f8faea1, 0x248b8200, 0x02fcff2d, 0x2ac7822f, 0x0016000d, 0x004b001f, 0x8269406c, 
    0x010233b0, 0x0b0a004c, 0x070a0b07, 0x08070080, 0x7e08070b, 0xb0590000, 0x53002007, 0x33080677, 0x0901010c, 0x00670104, 0x0a0b0009, 0x00690b09, 
    0x08060608, 0x08080059, 0x010d6106, 0x51060806, 0x00002021, 0x393a3c3f, 0x26293437, 0x4b202324, 0x1d1f4a21, 0x1434d982, 0x0d000e10, 0x0e210c00, 
    0x132b1706, 0x16323311, 0x16071415, 0x06220482, 0xc14f2723, 0x06d54507, 0x01232329, 0x33272622, 0x19331616, 0x820d004b, 0x23172c33, 0x23232626, 
    0x14150622, 0x85171716, 0x2dd1083d, 0x373f33c2, 0x34402721, 0x1a14818f, 0x8c821419, 0x171d1d17, 0x4015018c, 0x03420552, 0x2519242e, 0x58191c2b, 
    0x3f4a3931, 0x074e3d19, 0x212b0442, 0x1b262119, 0x3b335816, 0x8b01444e, 0x262e4f01, 0x2b081439, 0xbf34291e, 0x19131317, 0x131319db, 0x3ae1fd17, 
    0x181b1631, 0x03161014, 0x2532050a, 0x2c33352d, 0x11131411, 0x0a02140f, 0x31263406, 0x00000039, 0xff2d0002, 0x0230024c, 0x002700e4, 0x404b0035, 
    0x07011948, 0x004c0103, 0x06070003, 0x09690703, 0x02000601, 0x69020605, 0x01040400, 0x01010061, 0x05004d3e, 0x085f0005, 0x3d000001, 0x28294e00, 
    0x2e300001, 0x35293528, 0x1d1f2426, 0x0e101517, 0x27000709, 0x090a2701, 0x22052b16, 0x0b794526, 0xb46c2320, 0x066d480a, 0x2005785f, 0x0ccc4c03, 
    0x5545013e, 0x7e90457e, 0x4a568372, 0x40465749, 0x02093629, 0x645a5055, 0x236e5d6b, 0x262a2a26, 0x2a080382, 0x588347b4, 0x9b875401, 0xf1fe7283, 
    0x47585b4e, 0x20514a74, 0x5a55461c, 0xacfe6874, 0x014b7364, 0x752b312e, 0x2c302f2c, 0x84312b74, 0xff1924df, 0x826702f7, 0x242508df, 0x9b003000, 
    0x21280940, 0x07041b1e, 0x4b4c0108, 0x58501ab0, 0x03003440, 0x03040104, 0x01008001, 0x01070800, 0x24e88308, 0x02006102, 0x2ce88502, 0x02090661, 
    0x4d3f0000, 0x0707010a, 0x240c8600, 0x401b4e00, 0x25369c31, 0x06005f06, 0x34863906, 0x82010921, 0x00200840, 0x1d40594e, 0x00012526, 0x3025292b, 
    0x1f203026, 0x14161c1d, 0x0c0e1112, 0x24000607, 0x090b2401, 0x2108d56d, 0xc86b2737, 0xa2e11806, 0x17172109, 0x08052543, 0x0606078a, 0x37373227, 
    0x06222327, 0x16141515, 0x5a6658d7, 0x60361c4c, 0x2f53374d, 0x252c3558, 0x5bc31d2f, 0x63918f64, 0x53222b61, 0x34283926, 0x372f1e7d, 0x5867093b, 
    0x04605039, 0x47374724, 0x39553058, 0x262e3f32, 0x72fc2527, 0x3680bdb0, 0x3351292a, 0x333ba042, 0x003b3339, 0x41000200, 0xf9014cff, 0x0a00da02, 
    0x2a000e00, 0x00002740, 0x035f0100, 0x38010101, 0x0504064d, 0x3d020203, 0x0b0b4e02, 0x0e0b0000, 0x0c0d0e0b, 0x0a282582, 0x09071125, 0x11172b18, 
    0x2106d841, 0x01831133, 0x6955ff35, 0x5a505569, 0xea01b450, 0x4d504c5e, 0x0372fc5d, 0x8372fc8e, 0x4d2e085f, 0x0b0266ff, 0x3b00e402, 0x47004900, 
    0x01164440, 0x4c010406, 0x06050400, 0x80060405, 0x05010600, 0x007e0106, 0x01050201, 0x02007e02, 0x91820107, 0x0500653e, 0x00610305, 0x053e0303, 
    0x3300014e, 0x22242732, 0x091c1f21, 0x00030406, 0x083a013b, 0x22056342, 0x43143335, 0x2e24095e, 0x36343502, 0x4311be62, 0x07200a65, 0x2905a46a, 
    0x36161323, 0x27263435, 0x1b842627, 0x13019a08, 0x385f6b5b, 0x3932322f, 0x2e5c3233, 0x343b2644, 0x57663834, 0x07664f32, 0x2732045f, 0x24352e32, 
    0x51477820, 0x37152f44, 0x055c6a2a, 0x232c382c, 0x2b382c4a, 0x47539a22, 0x282e2822, 0x0f083324, 0x284a3408, 0x0207483a, 0x4a384c0c, 0x1e434e57, 
    0x21262c23, 0x0d17062e, 0x453a3d62, 0x21020203, 0x5b4e3341, 0x42075501, 0x06362335, 0x3340080d, 0x00063826, 0x002d0003, 0x022b026e, 0x001100e4, 
    0x003f0023, 0x6406b169, 0x005e4044, 0x07090706, 0x00800906, 0x09070809, 0xfa651808, 0x6e002008, 0x002f062c, 0x04010c08, 0x69040802, 0x0002010b, 
    0x82590200, 0x02460806, 0x010a6200, 0x52000200, 0x12132425, 0x3c3d0001, 0x3133383a, 0x2a2c2e2f, 0x3f253f24, 0x23121a1c, 0x080a2313, 0x11011100, 
    0x2b16090d, 0x440006b1, 0x26262225, 0x36343535, 0x16323336, 0x14151516, 0x32270606, 0x11823636, 0x23262625, 0x82060622, 0x16162211, 0x08b04337, 
    0x34231522, 0x15831683, 0x3632333a, 0x06143335, 0x734c2c01, 0x4c734040, 0x4040724d, 0x5a3c4d72, 0x3c5a3232, 0x41390584, 0x38454538, 0x21414438, 
    0x21211b1a, 0x41211a1b, 0x6c3c6e44, 0x6c489648, 0x2906863c, 0x39562f32, 0x30553996, 0x06825530, 0x552f5629, 0x3482343f, 0x83343f3f, 0x8382202d, 
    0x3f342404, 0x41040000, 0x30380c17, 0x63003900, 0x446406b1, 0x012b5840, 0x4c010806, 0x0502070b, 0x05060206, 0x8209536d, 0x08092d31, 0x00690904, 
    0x05060008, 0x00670608, 0x09003419, 0x82010a21, 0x2451360c, 0x39000124, 0x24313337, 0x2f302430, 0x272c2d2e, 0x171e2025, 0x05134115, 0x13410c20, 
    0x14252318, 0xf0821616, 0x200a1741, 0x06ee4517, 0x27231724, 0xaf551523, 0x0c0d4108, 0x41ebfe21, 0x3c32070b, 0x5a325a3c, 0x3c3f3672, 0x363b4042, 
    0x1e1e1a36, 0x0c41361a, 0x39f0230e, 0x0f412f56, 0x01fa2f09, 0x4530395e, 0x8c8c961a, 0x1a1a1dbe, 0xb882001d, 0x72010f39, 0xda023502, 0x26000700, 
    0x4a404d00, 0x00021922, 0x07010e01, 0x824c0200, 0x00033412, 0x0a800307, 0x04090608, 0x05840303, 0x00010204, 0x83570100, 0x00012207, 0x320c825f, 
    0x084f0001, 0x08000008, 0x1e260826, 0x1314151d, 0x82090a12, 0x11073334, 0x060b1111, 0x11132b19, 0x15213523, 0x11331123, 0xe35a1733, 0x33372105, 
    0x3b081282, 0x06373634, 0x23070706, 0x27262627, 0x15151616, 0x04016473, 0x22508764, 0x02020905, 0x4e210507, 0x06020537, 0x331e030e, 0x060e0321, 
    0x72010602, 0x32323601, 0x6801cafe, 0x0e2b0e66, 0x2c080282, 0xdd98fe66, 0x14133e1c, 0x68670933, 0x13143209, 0x00dd1c3e, 0x00020000, 0x01c20196, 
    0x00e402c2, 0x0017000b, 0x6406b139, 0x002e4044, 0x05b56d01, 0x12bbb819, 0x10ff6618, 0x5106a141, 0x322406ee, 0x06141516, 0x250bb34e, 0x53432c01, 
    0x03834353, 0x2f2f2639, 0x30302526, 0x4051c201, 0x41505041, 0x31385140, 0x32322828, 0x82312828, 0xffff2d86, 0xa301d200, 0xd5027501, 0x2a030703, 
    0x432b9682, 0x00b10900, 0x4302b801, 0x852b35b0, 0x01692f1f, 0x02ef01a4, 0x032700d6, 0x0297ff2a, 0x27830144, 0x44027a24, 0x27841200, 0x27824420, 
    0x8201b121, 0x82088330, 0x00012830, 0x0192ffff, 0x183e0359, 0x2f175b50, 0x172b1709, 0xff113311, 0xac036e5a, 0x020054fc, 0x5e182f8a, 0x49822eab, 
    0x07ef5018, 0x5a5aff2b, 0x01c2015a, 0xfd84fe7c, 0x200583d0, 0x0a236a00, 0x2ec75818, 0x821b0921, 0x3523219f, 0x2e070665, 0x5aafafff, 0x026eafaf, 
    0xe6e65076, 0x828afd50, 0x824620af, 0x02f4375c, 0x001e00e4, 0x40380028, 0x1a1b2035, 0x05060713, 0x03020804, 0xc0414c01, 0x0a6c4307, 0x82010421, 
    0x0151380c, 0x18252700, 0x000a0c16, 0x051e011e, 0x212b1606, 0x35352622, 0x54372707, 0x550809c6, 0x14150707, 0x36323316, 0x020e1737, 0x36371503, 
    0x23343535, 0x51010622, 0x1e465a4d, 0x49485864, 0x51464f57, 0x32222429, 0x2d09440b, 0x57357842, 0x57252146, 0x511b4a49, 0x46040125, 0x55475455, 
    0x1f1a6c43, 0x2a29256c, 0x2f152a13, 0xe3490221, 0x555a2113, 0x07412649, 0x3c1b770a, 0x2b1f0928, 0x35233517, 0x19411133, 0x15332509, 0xafff1523, 
    0x5a200082, 0x55080382, 0x50fa6eaf, 0xf0502201, 0xdefe50f0, 0x0000fa50, 0x1e000300, 0x58020000, 0x0d00e402, 0x35002700, 0x0a407900, 0x07060122, 
    0x00040115, 0xb04b4c02, 0x40585018, 0x06010a1e, 0x04000108, 0x00690006, 0x5f010707, 0x01020203, 0x094d3801, 0x04040205, 0x1b4e0439, 0x20892240, 
    0x02010325, 0x834d3802, 0x05704926, 0x59262487, 0x28291f40, 0x71490e0e, 0x270e2907, 0x1c1d270e, 0x0f101a1b, 0x2006ec4e, 0x05105509, 0x2e05db52, 
    0x06141515, 0x13331101, 0x2e17021e, 0x82113502, 0x2e0328cc, 0x021e2702, 0x49011115, 0x2c080d6f, 0x373728f9, 0x36362928, 0x755ffcfd, 0x06111006, 
    0x46040602, 0x1105725f, 0x05020711, 0x0e950103, 0x0d0e1515, 0x2c011616, 0x2fe62f3a, 0x0804843a, 0x02d4fe47, 0x153bfeda, 0x1d1d4a44, 0x01194b4c, 
    0x0126fdb8, 0x494417c6, 0x4b4b1c1c, 0x0148fe1c, 0xfa161263, 0x12161612, 0x001216fa, 0x00020000, 0x02f6ff3c, 0x00e4021c, 0x0023001a, 0x1e49404c, 
    0x0605021b, 0x04030110, 0x09925f02, 0x0600013b, 0x69060105, 0x02000500, 0x67020504, 0x00000300, 0x03005903, 0x07610003, 0x330c8201, 0x22000151, 
    0x171c1d20, 0x0f121416, 0x00080a0e, 0x081a011a, 0x4605d94f, 0x21200bc4, 0x0805cb53, 0x0e333747, 0x21150302, 0x23262635, 0x2c010622, 0x3c3c6d47, 
    0x6b49476d, 0x0c84fe3c, 0x623b3749, 0x44103214, 0x1801c05b, 0x3738480c, 0x76410a49, 0x754ee64d, 0x4f744141, 0x15fdfe79, 0x2e313d2c, 0x80022746, 
    0x2c15dddd, 0x22bb822c, 0x822d0004, 0x4c3a20c0, 0x2524085b, 0x54405700, 0x26065b4c, 0x01070106, 0x4c800706, 0x23081154, 0x06010109, 0x00670104, 
    0x07080807, 0x07070057, 0x010a5f08, 0x4f080708, 0x00002020, 0x25202520, 0x21222324, 0x200c464c, 0x22464c0b, 0x33111325, 0x4c153311, 0xab221520, 
    0xfe4bde42, 0x01e52d17, 0x3cedfe4f, 0x28000100, 0x30024cff, 0x0736ab82, 0xb04b4900, 0x4058500d, 0x00010218, 0x70000101, 0x03030100, 0x0a825701, 
    0x0460032a, 0x03010301, 0x17401b50, 0x0ff3d418, 0x59221986, 0x4b180c40, 0x78180c4c, 0x2829076a, 0x5a54015a, 0x6464b4b4, 0x381e82b4, 0x14000200, 
    0x4e025600, 0x06008902, 0x47002000, 0x02054440, 0x04020301, 0x2e048206, 0x00004c02, 0x00850005, 0x04030402, 0x82800302, 0x0204300b, 0x00690405, 
    0x03010103, 0x03030059, 0x82066101, 0x01210809, 0x1a070851, 0x11171819, 0x070b0c0f, 0x13200820, 0x2b170607, 0x35072701, 0x07170733, 0x35262622, 
    0x07954733, 0x26342808, 0x32352326, 0x14151616, 0x55010606, 0x65f960e1, 0x7d4e4fe2, 0x5a334e48, 0x33593938, 0x4f395933, 0x7c48487c, 0x82d81801, 
    0xf6d83419, 0x394d7c47, 0x5a35355a, 0x345b3939, 0x4e7a4747, 0x85477c4d, 0x002036af, 0x022b0200, 0x001b00df, 0x4060002d, 0x021f285d, 0x4c010608, 
    0x5e771900, 0x01072e0d, 0x00080006, 0x0b800806, 0x08080209, 0x08fb4484, 0x00042f08, 0x00590400, 0x61000404, 0x0400010a, 0x1c1c5100, 0x2d1c0001, 
    0x26272d1c, 0x1d1e2425, 0x14161819, 0x0b0c0e10, 0x1b000709, 0x060c1b01, 0x9a772b16, 0x2317210a, 0x2221bf82, 0x06094506, 0x06336208, 0x33110306, 
    0x35022e13, 0x23113335, 0x15021e03, 0x4f32cf15, 0x324f2e2e, 0x44105a39, 0x2e1f350b, 0x1f2e3d3d, 0x10440b35, 0xb250135a, 0x41020605, 0x0506b250, 
    0x2d860102, 0x4e32314e, 0x18323e2d, 0x3132411e, 0x31181e41, 0x017afe3f, 0x1ef7fe4f, 0x692c3026, 0x0901b1fe, 0x2d31261c, 0x00030069, 0x20e78220, 
    0x2ae7843f, 0x00320029, 0x2468406b, 0x900a0801, 0x090d26e8, 0x07080702, 0x3ee08986, 0x0600010c, 0x00690004, 0x0a0b0006, 0x00680b06, 0x0a08080a, 
    0x0a0a0057, 0x08005f08, 0x834f080a, 0x30322cf0, 0x291c2a2c, 0x2728291c, 0x8e1f2526, 0xa10e20f4, 0x163224f4, 0x50061415, 0x52490505, 0x2efb9808, 
    0x344438c6, 0x6450672b, 0x1f198554, 0x9786191e, 0x2f3d2dff, 0x83063228, 0x1bb38181, 0x001c1615, 0x01340082, 0xd6012300, 0xe4023502, 0x18000500, 
    0x01041540, 0x024a0002, 0x00210482, 0x081c8276, 0x0500052e, 0x17060312, 0x0101132b, 0x23072723, 0x09010901, 0x019e9a6e, 0xfe0e01d6, 0x00a2a2f2, 
    0xffc30001, 0x00ef0192, 0x000500be, 0x001b401e, 0x43181082, 0x00200bf3, 0x32050255, 0x19060310, 0x1533372b, 0xc3211533, 0xd4fed25a, 0x8250dcbe, 
    0x0001225a, 0x203b8269, 0x243b8495, 0x03214024, 0x68b01801, 0x38278213, 0x11050005, 0x18060411, 0x2111252b, 0x01353335, 0xd2d4fe95, 0x50d4febe, 
    0x254385dc, 0x95011202, 0x7f893e03, 0x74828620, 0x18020121, 0x840c1aa7, 0x23012d7f, 0x21352335, 0xd25a9501, 0x12022c01, 0xbb828182, 0xef203b82, 
    0x7f873b84, 0x01538620, 0x297f8b0f, 0x15211113, 0x01c31523, 0x3782d22c, 0x7f842c20, 0x2d000332, 0x26020000, 0x0a00da02, 0x1f001300, 0x51405400, 
    0x3d09f744, 0x0501010a, 0x00670102, 0x07060005, 0x00670605, 0x09080007, 0x0b670807, 0x04040901, 0x06825709, 0x5f04092f, 0x04090400, 0x0014144f, 
    0x141f1400, 0x05e1571f, 0x16171827, 0x0d111315, 0x2252820b, 0x450c2109, 0x16230702, 0x51061415, 0x01220a46, 0x8d842115, 0x91823320, 0x43962d21, 
    0x2708050e, 0x3e2d5454, 0x01542d3e, 0x01d6feb7, 0xcacae82a, 0x4f018b01, 0x31324b2b, 0x3d392b4b, 0xfd3d3131, 0x4f013a9a, 0x562f563a, 0xbf45a183, 
    0x820a2008, 0x00192bb7, 0x00424045, 0x01050104, 0xb7450504, 0x0107230a, 0xbf840401, 0x08ed6418, 0x06010824, 0xae850605, 0x19141922, 0x0920a88c, 
    0x9f45a896, 0x45a28d06, 0x9c8b0698, 0x90456020, 0x209b8805, 0x0853410e, 0x5540582f, 0x0602171a, 0x004c0107, 0x01070105, 0x0b5a4605, 0x62410920, 
    0x06072c06, 0x00570708, 0x08040006, 0x46670406, 0x59410a5a, 0x1819210b, 0x460a5741, 0x5741085a, 0x23352a0f, 0x07333735, 0x33353315, 0x0f574115, 
    0xa3cd5f26, 0x408eb24e, 0x280f5641, 0xb4594260, 0xe1630ac7, 0x20bb8800, 0x27bb8630, 0x4051001e, 0x1718194e, 0x2505dd7e, 0x01040105, 0x5f410405, 
    0x8508200a, 0x010626bc, 0x04070704, 0x27068257, 0x095f0704, 0x07040701, 0x26056141, 0x1d1e141e, 0x8a1a1b1c, 0x410a20b4, 0x35231763, 0x82073533, 
    0x901120b6, 0x839425b3, 0x685b617a, 0x3c2fb190, 0x474b57d8, 0x003cedfe, 0xff2d0003, 0x861502fb, 0x002e27af, 0x2829b7a6, 0x03520323, 0x500c3105, 
    0x00384058, 0x08050807, 0x05007207, 0x06050806, 0x080a2854, 0x01010a22, 0x67010209, 0x08000900, 0x67080907, 0x04040600, 0x06005906, 0x0b610406, 
    0x04060401, 0x39401b51, 0x05213a85, 0x343bb080, 0x151e4059, 0x27000014, 0x22242526, 0x181a1c20, 0x152e1417, 0x2111432e, 0xf3182220, 0x23270aa2, 
    0x23373523, 0x54153335, 0xc841057d, 0x4211310f, 0x252d4252, 0x252d2e25, 0xfaba561e, 0x53392f4c, 0x3a0f2141, 0x213a4a5b, 0x19192029, 0x3c39351e, 
    0x37083446, 0x00413228, 0x002d0003, 0x41220200, 0x2c2f062b, 0x54405700, 0x05070115, 0x05004c01, 0x42040704, 0x062b0f96, 0x00670102, 0x05040006, 
    0x48690406, 0x142910f1, 0x14000014, 0x2b2c142c, 0x22e1822a, 0x881b1d1f, 0x179642dc, 0x37351323, 0x07895c36, 0x36362323, 0x05184633, 0xef410720, 
    0x9a9b3110, 0x23261c17, 0x03422c25, 0x4a414050, 0xad54242c, 0x6036d98f, 0x200e5b3e, 0x2a231e11, 0x424a3f24, 0x143a2338, 0x00003c2d, 0x8f7f0500, 
    0x9e022905, 0x16000f00, 0x26001f00, 0x403aeb82, 0x2b2c3d40, 0x00042223, 0x054c0104, 0x00040001, 0x06010086, 0x01030201, 0x6c186902, 0x11270fa5, 
    0x1c000110, 0x1813141b, 0x2009c3a4, 0x12a47d07, 0x0622033c, 0x26262107, 0x37363603, 0x16172137, 0x27342516, 0x25023e03, 0x17161614, 0x7d590603, 
    0x70453e0d, 0x23b00123, 0x1b0c4570, 0x89fe880d, 0x011a0d88, 0x43d61410, 0xf8fd3d6a, 0xd342683c, 0x0c805913, 0x3a022208, 0x3c33333c, 0x2f1720fe, 
    0x16e8e816, 0x3037c52f, 0x470696fe, 0x70454670, 0x67010746, 0x0002002f, 0x06ab4a34, 0x25000b3a, 0x5c405f00, 0x03121d20, 0x4c010609, 0x00060107, 
    0x09060009, 0x08090080, 0x7e220282, 0xc0480a0c, 0x2fe38306, 0x00030067, 0x04030504, 0x05010b67, 0x57050000, 0x05220682, 0x09825f00, 0x0c4f002f, 
    0x0c00000c, 0x1f250c25, 0x1718191e, 0x0a627b16, 0x1b060d23, 0x0b98452b, 0x41501320, 0x23072810, 0x15021e27, 0x455e0115, 0x703506a2, 0x0b0a375b, 
    0x0a0c0404, 0x04405a35, 0x5843560a, 0x01040705, 0x06a745c5, 0x013bfe37, 0x1b167b4f, 0x181a1111, 0x5fb1fe7a, 0xca266144, 0x463519c7, 0x8b858234, 
    0x00232ad3, 0x1f544057, 0x040d1319, 0x49d48608, 0xcd8c0d8e, 0xcd850a20, 0xcd8c0682, 0x230c2329, 0x17181a1b, 0x61000e0f, 0x0c2007c9, 0x3721cb8f, 
    0x090e5127, 0x23170722, 0x8907ab58, 0x7d7e36ca, 0x080d424e, 0x0c090507, 0x7d7d4d40, 0x0a0d414f, 0x0d060506, 0x34ce8a42, 0x1056a6a9, 0x180e0e18, 
    0xa7a85610, 0x0d1a1155, 0x5611190d, 0x069f4100, 0xda024922, 0x132b7b82, 0x4a404d00, 0x0609010b, 0x18008609, 0x4108d1bb, 0xb9840587, 0x00050733, 
    0x06070067, 0x00570706, 0x5f060707, 0x07060108, 0x058f4106, 0x690c1321, 0xc1990656, 0x8806d751, 0x98f924b1, 0x8a987201, 0x1301279e, 0xedfe3c3c, 
    0x2f420400, 0x00192e0a, 0x002b0022, 0x135e4061, 0x01080b01, 0x25938f4c, 0x0005010c, 0x93830600, 0x0900063e, 0x67090608, 0x0b000800, 0x670b080a, 
    0x07070a00, 0x0a00570a, 0x0d5f070a, 0x070a0701, 0x2b2ca384, 0x22232529, 0x0c1a1c20, 0x0f180c19, 0x2009987d, 0x0f69410e, 0x421f3859, 0x7f20073c, 
    0x42151559, 0xf9580b3e, 0x002f0812, 0xff340002, 0x024602c6, 0x000b00da, 0x40b7002f, 0x1a1b290c, 0x2e0a0903, 0x02090601, 0x12b04b4c, 0x3e405850, 
    0x09080a00, 0x00720a09, 0x410b060b, 0xf4841088, 0x31058841, 0x070a0800, 0x09006908, 0x59090606, 0x06090900, 0x44820d62, 0x1b520624, 0x40833f40, 
    0x090a0823, 0x3441b680, 0x0d1e4059, 0x2d00000c, 0x282a2b2c, 0x15202226, 0x0d2f0c13, 0x08d9412f, 0x200f3141, 0xd5431801, 0x2707210c, 0x2a082a45, 
    0x32331614, 0x17332737, 0x41062723, 0x012108f5, 0x052d491a, 0x21310582, 0x3e05052d, 0x3e3e2d2d, 0x36090a2d, 0x304b8e4b, 0x090d421c, 0x3d4c3620, 
    0x4e2d3f05, 0x362e3a32, 0x310d1a0b, 0x31314141, 0xb7460241, 0x0000093e, 0x34000200, 0x3a02fbff, 0x9382da02, 0x6200272b, 0x08005f40, 0x08090b09, 
    0x24ef820b, 0x0a0b090a, 0x1428427e, 0x35063341, 0x09070809, 0x060a0069, 0x00590a06, 0x61060a0a, 0x0a06010d, 0xee835106, 0x8207ef46, 0x0d2722ee, 
    0x4deea327, 0xe6891029, 0x234d2120, 0x4de29016, 0xda820b20, 0x3e20db82, 0x2206375c, 0x5c350009, 0x033406fd, 0x08040308, 0x0a090080, 0x06090a06, 
    0x07060080, 0x7e07060a, 0x01242c82, 0x67010002, 0x34083182, 0x03020403, 0x00080067, 0x0a08090a, 0x05070069, 0x00590705, 0x61050707, 0x0705010c, 
    0x0a0b5105, 0x26290000, 0x1e212324, 0x0d0e1013, 0x340b350a, 0x09000900, 0x23008211, 0x2b1a060d, 0x2305564b, 0x15231533, 0x202b125c, 0x05e24a3e, 
    0x5c400421, 0x3a252502, 0xfe853a56, 0x22f35b71, 0x00003e26, 0xda023002, 0x1326a082, 0x52405500, 0x7b69010a, 0x010b2506, 0x86090809, 0xdb4bf290, 
    0x08d35008, 0x0708002b, 0x0a0a4f08, 0x130a0000, 0x0692440a, 0x870b0c21, 0x8c0c20ef, 0x85f989ef, 0x4b8620cd, 0xae8408b6, 0x4f017522, 0x73820783, 
    0x02002808, 0xfcff2000, 0xdf022f02, 0x4b001f00, 0x62406500, 0x05020100, 0x80050102, 0x080c0b00, 0x80080b0c, 0x0c090800, 0x827e0908, 0x0102212b, 
    0x82050d65, 0x042408b7, 0x00030067, 0x06030a06, 0x000a0069, 0x0c0a0b0c, 0x07090069, 0x00590907, 0x61070909, 0x0907010d, 0x20215107, 0x2e0dc65d, 
    0x24121124, 0x0e231222, 0x132b1d06, 0x5d363634, 0x8c4f078e, 0x35232a08, 0x06141533, 0x26222306, 0x2bad4126, 0x4f2e203b, 0x10593932, 0x1f340b44, 
    0x2e3d3d2e, 0x630d3620, 0x304b2ca7, 0x012e4f32, 0x22c14164, 0x32320237, 0x2d3d2d4e, 0x32411c14, 0x27204131, 0x4d330e39, 0xfd4e2d2c, 0x22cf41fb, 
    0x00002d23, 0x075b4602, 0x49404c32, 0x01000102, 0x050a8500, 0x07040302, 0x80070304, 0x23086b46, 0x04010304, 0x2c2c5a46, 0x15331113, 0x11333533, 
    0x15233523, 0x065a4601, 0xb2422d37, 0x01b24242, 0x72019800, 0x018b0198, 0xfe84844f, 0xfe8f8fb1, 0x06594675, 0xfb620020, 0x0021390c, 0x002d0027, 
    0x2c4d4050, 0x00031923, 0x074c0105, 0x00050001, 0x08010086, 0x26056449, 0x05030104, 0x82570305, 0x03290806, 0x060a5f05, 0x03050309, 0x28284f05, 
    0x10112222, 0x2d280001, 0x27222d28, 0x1d1e2722, 0x21101415, 0x07092111, 0x0f010f00, 0x1575490b, 0x47070621, 0x2e2909ba, 0x3e071302, 0x1e213702, 
    0x1b471802, 0x71463d0f, 0x59770547, 0x0c0c190e, 0x76590d1b, 0x60714705, 0x3e66408c, 0x05fafd05, 0x8b3f643d, 0x080e7249, 0x446b3e32, 0x172f1697, 
    0x97162f17, 0xfe3e6b44, 0x4006ede6, 0x66404067, 0x00ec0640, 0x00510002, 0x02070200, 0x00040030, 0x40280009, 0x07080925, 0x06010203, 0x14d77a18, 
    0x82050621, 0x03042125, 0x2308b782, 0x17371133, 0x11212511, 0xdb510727, 0x017cfedb, 0x01a9a952, 0xfed5d55b, 0x110132a5, 0x0000a5a5, 0x14000400, 
    0x44365782, 0x06001603, 0x17000d00, 0x53001b00, 0x06085040, 0x0a4a0302, 0x9b180205, 0x002a093b, 0x01040701, 0x07010b67, 0x7882010c, 0x67094908, 
    0x06060800, 0x08005708, 0x005f0608, 0x4f060806, 0x0e0e1818, 0x1b180707, 0x191a1b18, 0x170e170e, 0x0d071114, 0x14110d07, 0x0d101111, 0x012b1b06, 
    0x35231523, 0x27130123, 0x33153307, 0x14151335, 0x22232306, 0x17353526, 0x2a080d82, 0xfa9b4402, 0xba18019b, 0x9c6cbaba, 0x821b212f, 0x9c2f211b, 
    0xd6d6e501, 0xf5fe3101, 0xd6d6cdcd, 0x1b83b4fe, 0x831b2121, 0x82717126, 0xff0230af, 0x0241005b, 0x00a3028f, 0x0016000a, 0x71264029, 0x02260afa, 
    0x0101000c, 0x8718004c, 0x2b080a46, 0x0a000305, 0x06030a01, 0x21252b16, 0x32210101, 0x14111516, 0x37272706, 0x07270727, 0x37170717, 0xfe2e0217, 
    0x01d1fe5c, 0x2ca00133, 0x25088d82, 0x9b439b9e, 0x999c489a, 0x419b9845, 0x36012c01, 0x62fe2c36, 0x9c96372b, 0x9b9b439c, 0x44999c47, 0x02009b99, 
    0x7f82c9ff, 0x7f94fd20, 0x7f900920, 0x87060821, 0x8237207f, 0x341123ee, 0x86823336, 0x77822520, 0x83863720, 0x362b2a34, 0xa0012b36, 0xd1fe3301, 
    0x9b4847fe, 0x9c994598, 0x85829a48, 0x2b37412d, 0x362c9e01, 0xd4fecafe, 0x829b4796, 0x479c2a79, 0x9c439b9b, 0xff090000, 0x207f82a9, 0x087f82af, 
    0x13000f44, 0x1d001700, 0x25002100, 0x2d002900, 0x64003100, 0x01006140, 0x0305070a, 0x03010203, 0x04080967, 0x0e100203, 0x02060c02, 0x0d0f670c, 
    0x0006030b, 0x12061112, 0x00110067, 0x00571100, 0x60001111, 0x0c820113, 0x00015024, 0xe8183031, 0x24240a39, 0x20212223, 0x2e0a3551, 0x11121314, 
    0x00060910, 0x140e010f, 0x882b1606, 0x054c41c8, 0x33012325, 0x82172335, 0x33012603, 0x33152311, 0x20098223, 0x84118603, 0x35213d15, 0x3c2f1421, 
    0x44022b36, 0x2c35352c, 0x6c6c9ffd, 0x016c6c98, 0x4ab66c7a, 0xe66c6ce2, 0x10820d84, 0x0186fe3b, 0x411afee6, 0x95012f3c, 0x2c36362c, 0x362b61fe, 
    0x80809e01, 0x01d4fe80, 0x8205832c, 0x3c06840a, 0x00020000, 0x0200000a, 0x00da024e, 0x000b0007, 0x04304033, 0x05070101, 0x01020002, 0x79d01800, 
    0x0106250b, 0x4f030203, 0x14f15218, 0x2303213a, 0x33133335, 0x33350315, 0xbc690115, 0xa2bde5a3, 0x8a02cccc, 0x5076fd50, 0x50370582, 0x01000000, 
    0xe2ff6400, 0xdb02f401, 0x3f001600, 0x01123c40, 0x82004908, 0x0985274e, 0x08070801, 0xd7180486, 0x06260825, 0x07070001, 0x06825700, 0x5f07002b, 
    0x0007010a, 0x15164f07, 0x7cb91814, 0x0b102608, 0x132b1f06, 0x83ca1833, 0x1533260a, 0x07331523, 0x24128227, 0x9393936e, 0x32038256, 0xcec29d93, 
    0x9401939d, 0x9e9e5059, 0x7e505950, 0x857ee4e4, 0x82ff207f, 0x82f8207f, 0x4423087f, 0x01054140, 0x01024a01, 0x85010001, 0x07060700, 0x00010386, 
    0x04020a0b, 0x67040005, 0x06050109, 0x82570506, 0x06052206, 0x0546525f, 0x1621be82, 0x20858200, 0x23008411, 0x0c111112, 0x35208483, 0x37207282, 
    0x20052969, 0x20848315, 0x25948423, 0xce9d936e, 0x85839dc2, 0x01218a82, 0x827d8446, 0x21898384, 0x48820600, 0x58024837, 0x0a009c02, 0x19000e00, 
    0x2f002400, 0x6e005f00, 0x010f6b40, 0x0890820d, 0x010d0024, 0x04140e69, 0x0c100003, 0x00020302, 0x0b116903, 0x08130202, 0x07060315, 0x09690602, 
    0x0a0a0701, 0x06825907, 0x0a073e08, 0x02161261, 0x510a070a, 0x1a1b3031, 0x5b5c0f10, 0x50525658, 0x47494d4f, 0x3e404344, 0x3537383a, 0x5f315f30, 
    0x26282c2e, 0x241a1e20, 0x1315241b, 0x1910190f, 0x21241211, 0x2b1a0617, 0x07d76401, 0x03062222, 0x2721c182, 0x06c86333, 0x05161423, 0x05c75623, 
    0x05211082, 0x05d66435, 0x36323323, 0x05786807, 0x81682a82, 0x82152008, 0x06d94f33, 0x82232321, 0x1516244e, 0x82230614, 0x8235201d, 0x01062e40, 
    0x251c419c, 0x251c1c25, 0x7b6c6ca6, 0x22088341, 0x857e0125, 0xc3fe2107, 0x41251a86, 0x34474734, 0x2a058441, 0x476c4635, 0x46463534, 0x83414135, 
    0x47342505, 0x2402466c, 0xf8222e86, 0x30863774, 0x0786e220, 0x19854120, 0x34445c25, 0x83744434, 0x83442004, 0x8e442046, 0x8200200e, 0x02290800, 
    0x3200ecff, 0xda026702, 0x1a001100, 0x3a403d00, 0x00020219, 0x02011a04, 0x4c020503, 0x02020012, 0x00010049, 0x04010004, 0x272c8267, 0x05000305, 
    0x02030067, 0x07e57318, 0x03020031, 0x11114f02, 0x13332512, 0x2b1c0606, 0x85010125, 0x433320f2, 0x2608069f, 0x21350721, 0x23112311, 0x1d010735, 
    0x3101cffe, 0x861b214c, 0x1b21211b, 0x012cf2fe, 0xc5a7a047, 0x011d0132, 0x84d7a51d, 0x1b762a12, 0x016b4021, 0x6ceefeaa, 0x246982b8, 0x52000200, 
    0x05b74900, 0x0f000527, 0x45404800, 0x25878200, 0x07010985, 0x50470706, 0x08d14f08, 0x06050024, 0x79180506, 0x06260abe, 0x06000006, 0x507a060f, 
    0x00072a07, 0x11050005, 0x18060a11, 0x05bc542b, 0x69550320, 0x42522308, 0xa3496cde, 0xedfe2308, 0xa249fe3c, 0x55022007, 0x1127084f, 0x54001e00, 
    0x820c5140, 0x190028f6, 0x02050801, 0x8201014c, 0x0a85219e, 0x04291082, 0x01068502, 0x85040504, 0x064a580b, 0x08080522, 0x08328884, 0x0508005f, 
    0x12124f08, 0x1e120000, 0x1c1d1e12, 0x29781a1b, 0x11002905, 0x16111100, 0x19060c11, 0x03598b83, 0x209b820c, 0x08236815, 0xf8582d20, 0x6887200a, 
    0x01260a1d, 0x1ef7fe4f, 0xee583125, 0x68b2830a, 0x00200721, 0xc75b9882, 0x00112607, 0x40430017, 0x20b78440, 0x20b38601, 0x20b38507, 0x41b28300, 
    0x08240a34, 0x06050601, 0x1726ac85, 0x15161712, 0xa6861314, 0xa6950920, 0x15331122, 0xac209f8b, 0x9305955b, 0xedfe2298, 0x2593843c, 0x2b02f6ff, 
    0x5582da02, 0x46002324, 0x938c4340, 0x93820820, 0x85020528, 0x06050107, 0x76548505, 0x0109330a, 0x51040604, 0x00001213, 0x1a1c1f20, 0x23121617, 
    0x96862313, 0x96920a20, 0x26220125, 0x43333535, 0x08830699, 0xa28b0620, 0x4522012c, 0x28314256, 0x56423128, 0x43418b01, 0x536b2d12, 0x2cbfbf47, 
    0xbf2c3232, 0x005347bf, 0x82051743, 0x026c36b3, 0x000d00d5, 0x40320037, 0x0001002f, 0x01048501, 0x85000300, 0x3db18200, 0x03005903, 0x05610203, 
    0x02030201, 0x010e0f51, 0x0e222400, 0x08370f37, 0x010d0006, 0xb549060d, 0x11352305, 0x0a433634, 0x22072f06, 0x3435022e, 0x36363736, 0x07061617, 
    0xa7820606, 0x33167808, 0x35363632, 0x26272634, 0x16363726, 0x15161617, 0x01020e14, 0x2121162c, 0x20201716, 0x58744317, 0x152a3231, 0x07101033, 
    0x341d1914, 0x5d3c3c5d, 0x141a1c34, 0x32111007, 0x31312b15, 0x23e17458, 0x197c0119, 0xfe192323, 0xeb231984, 0x42725730, 0x162b7241, 0x30101107, 
    0x2c4b1c17, 0x36365f3d, 0x4b2c3d5f, 0x1030171c, 0x2a160711, 0x72424173, 0x00003057, 0x84ecff03, 0x006c27d7, 0x00230013, 0x8b180031, 0x253c2d7f, 
    0x01141524, 0x242a2c00, 0x1d312531, 0x1523141b, 0x00090b23, 0x09130113, 0x052b1606, 0x3e25e284, 0x1e323302, 0x20ca8302, 0x65de8527, 0x14200564, 
    0x240c6365, 0x01061415, 0x82e0832c, 0x874320c6, 0x623c2b07, 0x3c623939, 0x3a3a613c, 0x04413c61, 0x830a2006, 0x87b783d5, 0x3b5f2607, 0x643d3d64, 
    0x2305853b, 0xb4192346, 0x0482ff83, 0x02000022, 0x7363d78d, 0x8bc3831c, 0xa20620bd, 0x9daf9cbd, 0x01002ea7, 0xfbfff500, 0x67026301, 0x18000d00, 
    0x6b911840, 0x052f420c, 0xbb6f0320, 0x08074210, 0x19230524, 0xe583f401, 0x190cfe3a, 0x00000023, 0xff060001, 0x026602f7, 0x00150057, 0x0f134016, 
    0x4a000207, 0x85381583, 0x76010100, 0x06021d15, 0x26372b18, 0x37363626, 0x06063736, 0x16161716, 0x073b0782, 0x6426020e, 0x30012f2f, 0x1e2b2730, 
    0x2f2e2e05, 0x163a8982, 0x7c753027, 0x822f5575, 0x27303004, 0x828a3916, 0x052e2f2e, 0x30272b1e, 0x822f0130, 0x02003a66, 0x4a012300, 0xda023502, 
    0x09000300, 0x31403400, 0x02020508, 0x054c0101, 0x20068203, 0x0b555b02, 0x18010421, 0x2108c9f3, 0x42180409, 0x063107f7, 0x132b1706, 0x09152135, 
    0x07272302, 0xfeea0137, 0x06685c02, 0x508a0225, 0x5cc0fe50, 0x6882066c, 0x6c000321, 0x42300bd3, 0x68406b00, 0x04020108, 0x030c4c01, 0x09020102, 
    0x80203682, 0x2b11db6c, 0x05000405, 0x00040067, 0x02040102, 0x3d19d26c, 0x00001718, 0x30313336, 0x1d202b2e, 0x42171a1b, 0x14164118, 0x0d000e10, 
    0x16110d00, 0x42440e21, 0x5d322005, 0x064f128f, 0x5d2d202b, 0xc16c0fa3, 0x0cb45d27, 0x4e5cfd21, 0x390820f7, 0xfff6ff03, 0x026202f5, 0x001400e4, 
    0x00350027, 0x00504053, 0x06020603, 0x00800203, 0x05040001, 0x00690401, 0x03060005, 0x00690605, 0x07080002, 0x0a690802, 0x00000701, 0x88195907, 
    0x250808a2, 0x2a510007, 0x31000128, 0x2a35282e, 0x21252735, 0x181c1e1f, 0x0b151617, 0x01140009, 0x16060b14, 0x2722052b, 0x8c702603, 0x15162d09, 
    0x06030714, 0x36353303, 0x26343536, 0x2109c148, 0xe16d1723, 0x48232005, 0x012805fb, 0xd423232c, 0x23d51b1c, 0x48080082, 0x1c0d0ed5, 0x354822d4, 
    0x353e332c, 0x211c3f3f, 0x13211c21, 0x11110e12, 0x110d120e, 0x012a0b11, 0x24232303, 0x2b0b0122, 0x11f5fe2b, 0x23231124, 0x012afdfe, 0x38023520, 
    0x323a322d, 0x231c1d20, 0x0e0d13c5, 0x0d0e1212, 0x2ec38213, 0x02000025, 0x00de022e, 0x0037002b, 0x835f4062, 0x040522e3, 0x2bed8201, 0x02010502, 
    0x0003007e, 0x05030405, 0x0c36ec82, 0x02080001, 0x08006900, 0x06070109, 0x0a670708, 0x0b0b0601, 0x06825706, 0x5f0b0630, 0x060b010d, 0x2c2c4f0b, 
    0x372c0001, 0xc782372c, 0x31323335, 0x2d2e2f30, 0x191a1c1f, 0x06091417, 0x2b000304, 0x5f0e2a01, 0xbd6e05b8, 0x35132c28, 0x35233533, 0x15231521, 
    0x50bc1533, 0x1d2422ed, 0x3c017d7d, 0x87200382, 0x241de641, 0xd73c79fe, 0x2002823c, 0x26008200, 0xff250003, 0x843f02fb, 0x003b26ff, 0x40610047, 
    0x1801415e, 0x00010a35, 0x69000207, 0x09000700, 0x69090708, 0x0608010c, 0x82590806, 0x06083a06, 0x06010b61, 0x3d510608, 0x012c2d3c, 0x3c414300, 
    0x35473d47, 0x2d3b2c33, 0x0d00413b, 0x00410d20, 0x0c9f552f, 0xa1680620, 0x2310410c, 0xb155bb20, 0x4f2e2608, 0x3e3e2d32, 0x2003822d, 0x1f1d4101, 
    0xc0557420, 0x4e312b08, 0x31413a2d, 0x31424231, 0x2b414131, 0x00002b05, 0xde023a02, 0x36002b00, 0x2d423f00, 0x010c2512, 0x86080708, 0x08093342, 
    0x00010b2d, 0x69000206, 0x0a000600, 0x670a0609, 0x07070900, 0x09005709, 0x005f0709, 0x4f070907, 0x00012c2c, 0x37393d3f, 0x362c362c, 0x422f3335, 
    0x2c410e2d, 0x05fe5730, 0x6b230621, 0x24410a46, 0xbf2a2c23, 0x38444438, 0x1f197e7d, 0x417f191e, 0x792d201d, 0x2f3f4f01, 0xaf753e2e, 0x1e16151d, 
    0x063f4300, 0x43022b21, 0x6622053f, 0x3d426340, 0x01082e0e, 0x00070006, 0x0d800706, 0x0a09020b, 0x0a1b4109, 0x1b410c20, 0x0a072d06, 0x0057070a, 
    0x5f0a0707, 0x0a070a00, 0x20514343, 0x096d5311, 0x20230d41, 0x05895320, 0x201f2442, 0x07a35379, 0x03410020, 0x05174207, 0x6200432d, 0x393f5f40, 
    0x08042d33, 0x414c0106, 0xf1640e0c, 0x085b440f, 0x59394382, 0x00020200, 0x00010a61, 0x2c510002, 0x2c00012c, 0x3b432c43, 0x2f37383a, 0x0d42432e, 
    0x42430c20, 0x5b37202f, 0x0b41157e, 0x5b112023, 0x1d411799, 0x14b05b20, 0x25000422, 0x29083f43, 0x00420039, 0x406d004b, 0x1f5b336a, 0x05042205, 
    0x17754501, 0x5b064143, 0x2c2f1d26, 0x4b00012c, 0x42434549, 0x2c3a3c40, 0x43382c39, 0x7a450f4c, 0x1e4b5b30, 0x20233e41, 0x15665b20, 0x74203c41, 
    0x67421477, 0x056b4308, 0x60003d26, 0x2f385d40, 0x41055767, 0x65420d3c, 0x2c3d262c, 0x3536373d, 0x0fa94634, 0x67306542, 0x1e410e67, 0x0a7a4e24, 
    0x67237644, 0x5108107f, 0x005a0001, 0x02120200, 0x001c00e4, 0x16404043, 0x04031015, 0x004c0103, 0x02030201, 0x00800301, 0x03020403, 0x02007e04, 
    0x06610002, 0x3e000001, 0x0404004d, 0x05006005, 0x4e053905, 0x13140001, 0x0d0f1112, 0x03040608, 0x1c011c00, 0x2b160907, 0x1f743201, 0x14152b08, 
    0x15333316, 0x21152107, 0xd6713735, 0x37013805, 0x465a7665, 0x46463c3c, 0x01b34f3c, 0xb06efe2c, 0x0277685a, 0x836171e4, 0x3c322e11, 0x52be4e46, 
    0x6f07bb54, 0x7161325b, 0x31008200, 0xff490001, 0x020c02f6, 0x001800da, 0x01314034, 0x99840101, 0x03000324, 0x99820001, 0x5f040328, 0x04040105, 
    0x2a824d38, 0x82610221, 0x023f22a2, 0x2e0a824e, 0x16180018, 0x06271222, 0x012b1a09, 0x68060315, 0x380806c8, 0x06063335, 0x35262223, 0x37373634, 
    0x02023521, 0x452d34f3, 0x5a473d3b, 0x65637803, 0xc5453977, 0xda02b4fe, 0x37fcfe53, 0x473c2a59, 0x74633e49, 0x73356173, 0x0052ce48, 0x08f34a02, 
    0x3d00113d, 0x56405900, 0x02010103, 0x08008501, 0x08090509, 0x05008005, 0x06050906, 0x4702007e, 0x92630ed7, 0x12133b10, 0x2e310001, 0x26292b2c, 
    0x1516181b, 0x3c133d12, 0x080a0d0e, 0x11000405, 0x28421101, 0x0e124f06, 0xa2771320, 0x4fc8202a, 0x77200831, 0x2122e248, 0x414f8101, 0x7bfe210b, 
    0x241de948, 0x00020000, 0x3004820f, 0x00da0249, 0x0014000c, 0x0337403a, 0x01000101, 0x05cd594c, 0x0401002a, 0x01078501, 0x86060306, 0x0aaa8f18, 
    0x03010536, 0x0d4f0304, 0x0d140d0d, 0x12111114, 0x08171111, 0x132b1c06, 0x2307d171, 0x33032303, 0x0807b659, 0x1208ad21, 0x07100202, 0x4a944857, 
    0x1b014594, 0x98720198, 0x29130c02, 0x13290e0e, 0x01b1fece, 0x5926fd4f, 0x022207c0, 0x87823700, 0x87825320, 0x23001a2e, 0x3f404200, 0x03040106, 
    0x03004c01, 0x32080782, 0x67040305, 0x01020200, 0x0101005f, 0x01084d38, 0x5f000505, 0x00000107, 0x1c4e0039, 0x1f00011b, 0x1c231b1d, 0x17181923, 
    0x0e0f1115, 0x011a000c, 0x7009091a, 0x97750501, 0xafb8180a, 0x15212407, 0x18271123, 0x08087655, 0x79671744, 0x47394051, 0xadad5e6f, 0x363f3e35, 
    0xca733c01, 0x473c7070, 0x455f7047, 0x0b030861, 0x66563a59, 0x34353d52, 0xacfe503e, 0x46020152, 0x00463b3b, 0xffff0000, 0x06ffb400, 0xceffa401, 
    0x79060700, 0x12825802, 0x0100003d, 0x2eff8c00, 0xb0ffcc01, 0x6d001900, 0x446406b1, 0x502eb04b, 0x051b4058, 0x83000301, 0x006923c9, 0xb66b0004, 
    0x02622306, 0x0d820206, 0x401b5223, 0xa95c1829, 0x8800200f, 0x2721822c, 0x04040059, 0x01066200, 0x59252b83, 0x00011340, 0x915c1816, 0x7207200c, 
    0x052206a1, 0x5c182e22, 0x5c181495, 0xd2201288, 0x0f785c18, 0x0100003c, 0x4cff13fe, 0x8403f901, 0x41003600, 0x02363e40, 0x0c000102, 0x03030506, 
    0xb6820801, 0x071f222f, 0x04040203, 0x0103004c, 0x04030104, 0x83ea8280, 0x08cc82cf, 0x5f020427, 0x3d020200, 0x282a4e02, 0x20212526, 0x05101113, 
    0x012b1709, 0x17161533, 0x35051501, 0x37363625, 0x01272626, 0x0c6e7a26, 0x23150723, 0x054d6d35, 0x2105b94c, 0x0d822727, 0x36346208, 0x5ad0fe37, 
    0x4e024140, 0x270161fe, 0x09082013, 0x08fe1121, 0x4235494c, 0x4772272b, 0x5a525f53, 0x4e5a6657, 0x314a3e40, 0x4f456f2a, 0x84034d5e, 0xfe230ba4, 
    0x5ad764ca, 0x020d0a97, 0x01090a02, 0x323f2a0a, 0x200b3928, 0x524d7114, 0xadae0c6d, 0x3d586c0b, 0x2d384745, 0x141f0c43, 0x684e4667, 0x25b6830b, 
    0x4cff07fe, 0xe7840102, 0x45404828, 0x04021e21, 0xd2820602, 0x05070b2a, 0x03010404, 0x01000135, 0x9779e683, 0x00022206, 0x25f78204, 0x01010069, 
    0x3c826100, 0x064d4222, 0x08751b19, 0x36003631, 0x2e1d1422, 0x1b090711, 0x2635172b, 0x19352527, 0x20093108, 0x22d68d16, 0x19153335, 0x3414f41a, 
    0xfe906df6, 0xfeae010e, 0x082113ca, 0x01122109, 0x48658e9b, 0x19dd8654, 0x360af81a, 0x535e5347, 0x3f06abb4, 0x57d764dc, 0x020d0998, 0xb3080a03, 
    0x893a453e, 0x19a220d6, 0x250c051b, 0x6a504d71, 0xad82b00f, 0xfb010027, 0x014cffc8, 0x24eb82e0, 0x40420040, 0x3beb823f, 0x272b0203, 0x070b2425, 
    0x09040506, 0x263f0301, 0x03010002, 0x0002004c, 0x03020103, 0x0526e58a, 0x3d040401, 0x43824e04, 0x40004024, 0xe5823133, 0x19090624, 0xe5a1052b, 
    0x410df341, 0xfe210ff4, 0x21f091b7, 0xf0874f4d, 0x41423f21, 0x26220df9, 0xfa41234c, 0x555c2106, 0xd541fe90, 0xa5a2220b, 0x0e07420a, 0x42161421, 
    0x4f210808, 0x050b416b, 0xfd032508, 0x020000da, 0x00da0262, 0x003b0032, 0x405c0044, 0x01010e59, 0x084c0105, 0x0b0d0501, 0x0a010309, 0x07670105, 
    0x4008f782, 0x01065f03, 0x4d380303, 0x030f0c10, 0x5f000a0a, 0x00020e02, 0x4e003900, 0x33343c3d, 0x3e400001, 0x443d443c, 0x3b333537, 0x30313b34, 
    0x27292d2f, 0x1d1f2426, 0x14161719, 0x05060709, 0x32013200, 0x07734411, 0x11233722, 0x25068c46, 0x35262635, 0x5c183634, 0x212009c4, 0x15230f8f, 
    0x44251123, 0x2120078b, 0x25089444, 0x40796712, 0x9944dcdc, 0xaaaa2d07, 0x34413e35, 0x2420cd01, 0xb4b45e6f, 0x502a0b84, 0x83cbfc74, 0x47473c83, 
    0x06849402, 0x54616e27, 0x6eacfe31, 0x06b34461, 0x50635929, 0x3d36383b, 0x86273e15, 0xfe502909, 0x040150ac, 0x443e3e44, 0x00200585, 0x04220082, 
    0x174182fb, 0x4a680806, 0x5c005300, 0x76006500, 0x01167340, 0x4c010701, 0x07020a0d, 0x0e101214, 0x0f010503, 0x0c670107, 0x06060209, 0x080b5f05, 
    0x38050502, 0x1713184d, 0x0f051611, 0x045f000f, 0x00031502, 0x4e003900, 0x54555d5e, 0x00014b4c, 0x655d5f61, 0x5658655e, 0x5c555c54, 0x534b4d4f, 
    0x4849534c, 0x3f414547, 0x35373c3e, 0x2c2e2f31, 0x2c05ea50, 0x0d0e0f11, 0x05060709, 0x4a014a00, 0x0f334119, 0x412a3b41, 0x5441244b, 0x1d594111, 
    0x210d6541, 0x654173fa, 0x0e6c410b, 0x411d7241, 0x8241197c, 0xfd032606, 0x020000df, 0x06ef4608, 0x53002724, 0xf1465040, 0x03072b0a, 0x07006704, 
    0x0508010b, 0xfa460807, 0x055c680a, 0xfa460920, 0x24242b05, 0x00011b1c, 0x27242724, 0x02472526, 0x470c2011, 0x21201b02, 0x25090247, 0x15213525, 
    0x0647bffe, 0x4903230d, 0x074780fd, 0xab012305, 0x0b47db01, 0x12210819, 0x02005050, 0x9cffd5fd, 0xe4021c02, 0x31002700, 0x19b57a00, 0x01030701, 
    0x21b04b4c, 0x26405850, 0x08c97f09, 0x01080527, 0x63000500, 0x09d17f00, 0x0307072c, 0x03030061, 0x1b4e073b, 0xfa7f2440, 0x2e308f11, 0x40594e04, 
    0x0128291b, 0x282c2e00, 0x7f312931, 0xdf5b1dfa, 0x36342507, 0x17163233, 0x3c07315c, 0x33161411, 0x32011521, 0x23343535, 0x14151522, 0x7e55edfe, 
    0x757e9045, 0x494a5680, 0x05f67f57, 0x4f565408, 0x5d6b645a, 0x1cfd2f03, 0x64505050, 0x01588347, 0x7d9b8704, 0x5b4ee273, 0x4a744956, 0x231c2051, 
    0x6874534d, 0x7364fcfe, 0x5c10014b, 0x745c5b75, 0x0000005c, 0xffc6fd04, 0x026202f7, 0x002400e4, 0x00510045, 0x40cc005d, 0x4249550b, 0x061b1e21, 
    0x7f010e0d, 0x412206f5, 0xf67f010a, 0x01083106, 0x0e011001, 0x690e010d, 0x0404010b, 0x01096102, 0x3108fa7f, 0x0607120c, 0x00000511, 0x0f144d3f, 
    0x0d0d0313, 0x11886100, 0x1b4e0024, 0x43a13b40, 0x0c5f0626, 0x39060601, 0x12233f88, 0x82031107, 0x0026084f, 0x3540594e, 0x46475253, 0x00012526, 
    0x5d525658, 0x4a4c5d53, 0x51475146, 0x393b4041, 0x31333637, 0x45252b2c, 0x40184526, 0x15200f24, 0x27244018, 0xb97d2120, 0x49401805, 0x23012713, 
    0x06060727, 0x40183225, 0x21200945, 0xd2200b8a, 0x1a514018, 0x9086fd21, 0x8401281c, 0x222b6163, 0x18280253, 0x21076c40, 0x4018e3fd, 0x67202476, 
    0x12924018, 0x8009fe22, 0x0b904018, 0x40183320, 0x06260798, 0xf7ff73fb, 0xcf415d02, 0x00663506, 0x007e0072, 0x40fd008a, 0x6a76820d, 0x1e214263, 
    0x1413081b, 0x2307d541, 0x020a104e, 0x3506d641, 0x0102080e, 0x14021618, 0x69140113, 0x04020b11, 0x0f610204, 0xda410209, 0x1b123608, 0x071a0c0d, 
    0x00081906, 0x1e4d3f00, 0x1c151d17, 0x00131305, 0x24168b61, 0x401b4e00, 0x2750a645, 0x0c125f06, 0x39060602, 0x1b254a8a, 0x19071a0d, 0x06ec4105, 
    0x7f804d26, 0x67687374, 0x3f05f041, 0x8a7f8385, 0x77798a80, 0x7e747e73, 0x72676b6d, 0x61627268, 0x57585a5c, 0x4c4d5254, 0x66476646, 0x201d0442, 
    0x4804421f, 0x42382542, 0xcd200b31, 0x20101442, 0x834218c3, 0x38fb2108, 0x31421c90, 0x97222007, 0x8cfd2119, 0x21074142, 0x09917f02, 0x1ccc4218, 
    0x99195542, 0x42512019, 0x078f0767, 0x03002108, 0xf7ffd5fd, 0xe4021c02, 0x32002600, 0xbc003600, 0x011b0f40, 0x202a090a, 0x230a0b02, 0x030b0801, 
    0x08064944, 0x0300393c, 0x03040504, 0x05008005, 0x05090600, 0x01006706, 0x010a0900, 0x0a006909, 0x080b010e, 0x00670b0a, 0x61020404, 0x3e020200, 
    0x08010d4d, 0x07610008, 0x0000020c, 0x1b4e003f, 0x3baa3d40, 0x07070023, 0x21408639, 0x3f84010c, 0x27405938, 0x27283333, 0x36330001, 0x34353633, 
    0x32272b2d, 0x21223228, 0x44181e1f, 0x26270a5a, 0x090f2601, 0x44052b16, 0x17291910, 0x21152137, 0x27231707, 0x5c441807, 0x3525250d, 0x93fe1521, 
    0x2710a641, 0xfb01bfc3, 0x91b42afe, 0x0d644418, 0x01d90123, 0x159b41db, 0xdd50ef22, 0x0d694418, 0x50506230, 0xa7fe0100, 0xa401abff, 0x0700ee02, 
    0x1f7d4700, 0x6c142005, 0x042e074b, 0x00030301, 0x0000005f, 0x1b4e0338, 0x92181940, 0x8d7a1817, 0x1909260c, 0x3311052b, 0x08c98211, 0xa7fe1123, 
    0xfda3025a, 0x4303555d, 0xfe5084fe, 0xfb010089, 0x022300d2, 0x0071020d, 0x40330012, 0x04010a30, 0x05514f01, 0x57000322, 0x042c7382, 0x68040103, 
    0x00000102, 0x05065f03, 0x07ff7118, 0x00125608, 0x14122312, 0x09071111, 0x11252b1b, 0x26211533, 0x33272726, 0x37230313, 0x21373636, 0x5ad2fb15, 
    0x08045b05, 0xe76aba05, 0x03be69e8, 0xa5fa0307, 0xff4e0223, 0xeb050a05, 0xd9fed9fe, 0x040804ef, 0xfe0200ff, 0x0192ffbb, 0x003e03bd, 0x00280024, 
    0x09404043, 0x226b8201, 0x1801064c, 0x2908ae66, 0x03000400, 0x00006704, 0x89820505, 0x5f320682, 0x03080709, 0x4f050005, 0x00002525, 0x28252825, 
    0x3b822627, 0x25212326, 0x0a212c21, 0x07318982, 0x36323335, 0x36262727, 0x37262637, 0x23263637, 0x24108223, 0x06070716, 0x05d54a16, 0x17174c08, 
    0x21230616, 0x37113311, 0x02322f73, 0x3136030a, 0x0a033532, 0x732f3202, 0x05655973, 0x4126030a, 0x27406e6e, 0x65050a03, 0x5a7ffe59, 0x2b2b506e, 
    0x094a39a4, 0xa4394a09, 0x57502b2b, 0x2f35a44f, 0xa4352f50, 0xac03574f, 0x860054fc, 0x824520bf, 0x08d765bf, 0x0025b982, 0x00670102, 0x4ae01800, 
    0x05072208, 0x650b8206, 0x092713d7, 0x35072b19, 0x83211121, 0x28928203, 0xfe27013c, 0xfd8101d9, 0x24778276, 0xfc500c03, 0x27648354, 0xe3feffff, 
    0x1d0192ff, 0x262b6382, 0x00c4be05, 0xbe050700, 0x8200e4fd, 0xa4fc287b, 0x7201abff, 0x8300ee02, 0x4256207b, 0x17200521, 0x84072142, 0x00032474, 
    0x4201045f, 0x1d200624, 0x01200982, 0x2405ce41, 0x02010302, 0x220e8267, 0x845f0300, 0x03002526, 0x1440594f, 0x42117666, 0x21200a30, 0xfe299e82, 
    0xc6025a52, 0xf8fd3afd, 0x0737425a, 0xfc43032b, 0xfc0300bd, 0x0092ffc7, 0x209f82e1, 0x25898403, 0x042a402d, 0x87820202, 0x0508852f, 0x05060307, 
    0x08760101, 0x00040408, 0x9f921800, 0x82172014, 0x835c8358, 0x5a872803, 0x015ae6fb, 0x836e5a86, 0x270387f7, 0xc9fa0400, 0xd200abff, 0x5f83e782, 
    0x16000d30, 0x0a405f00, 0x0c0e1216, 0x0001050b, 0xf7854c01, 0x6b871220, 0x7c82f182, 0x01380026, 0x19401b4e, 0x01208784, 0x129b9318, 0x1a405922, 
    0x0d329386, 0x090a0d08, 0x07040704, 0x03000506, 0x09110300, 0x25431709, 0x24978505, 0x35011501, 0x06195001, 0x5a77fc22, 0x0335fb82, 0x53025a02, 
    0xbd01adfd, 0x0a0a2716, 0x43fe1627, 0xfc430355, 0x310385bd, 0xfe648efe, 0x0e016893, 0x0504150e, 0x12010d17, 0xa3410200, 0x000b2408, 0x8568000f, 
    0x411f20ab, 0x708207a3, 0x03050432, 0x07096704, 0x05050308, 0x01065f00, 0x05380000, 0x2520b882, 0x01220982, 0x95180005, 0x7f7409e9, 0x21168206, 
    0x01430500, 0x40592408, 0x190c0c16, 0x4315283a, 0x152105e6, 0x41018321, 0xbd4109b9, 0x50fc240a, 0x83ff50a0, 0x00002ab4, 0xffd6fc03, 0x023101ab, 
    0x2b8e82ee, 0x00120009, 0x120a4050, 0x07080a0e, 0x200a5d41, 0x25a5820f, 0x00010103, 0xa183025f, 0xa1820120, 0x09821520, 0x11a49818, 0x1240592a, 
    0x00000404, 0x09040904, 0x20064e41, 0x094e4106, 0x230c4a41, 0x54015ad6, 0x41154741, 0x07451043, 0x000b2209, 0x05414159, 0x41411c20, 0x0106230f, 
    0x0f450505, 0x82052005, 0x0021229c, 0x133d4100, 0x18000021, 0x2208a878, 0x820e4059, 0x000b230d, 0x0083110b, 0x1b090722, 0x4105f341, 0x15200530, 
    0x45061d45, 0xfc270721, 0xff50a050, 0x45020000, 0x0c2b0823, 0x40001700, 0x07123d40, 0x45070602, 0x072c0b26, 0x68070106, 0x04000600, 0x67040603, 
    0x20052e45, 0x072e4508, 0x0e16172d, 0x000c000d, 0x1112110c, 0x45091111, 0x2f450732, 0x15212405, 0x42372135, 0x2f080564, 0xd2fb2127, 0x6bfb045a, 
    0x69e8e76a, 0x0505fb6b, 0x1a13133b, 0x151c0505, 0x23c6fa10, 0x87874e02, 0xd9fed9fe, 0x18d78787, 0x05041c17, 0x0014191f, 0x02350082, 0xabffbbfe, 
    0xee026801, 0x0e000500, 0x0a404100, 0x04060a0e, 0x0abd4103, 0x01020c24, 0x1d410101, 0x4e012a05, 0x0011401b, 0x00010100, 0x22398257, 0x82025f01, 
    0x4f012409, 0x820a4059, 0x0005240d, 0x41031105, 0xaa4105ae, 0xbbfe210b, 0x4111a741, 0x2d0810a3, 0xff13fe03, 0x03f90174, 0x002d0066, 0x003c0034, 
    0x3c334036, 0x24253132, 0x1316171d, 0x000b0910, 0x192c3501, 0x06010818, 0x4c020002, 0xbe180100, 0x2d2c0f74, 0x141c2d00, 0x2b180904, 0x26263505, 
    0x10af3419, 0x2d0ea951, 0x16171527, 0x06141516, 0x14031507, 0x34191716, 0xfe240ab9, 0x026b5ede, 0x08b93419, 0x514d4421, 0x0d260ca3, 0x28193526, 
    0x34195049, 0x84221ec6, 0xa6532808, 0x082d080c, 0xf8021414, 0x4a6e170d, 0x83096c52, 0x422db602, 0x3607e50e, 0x3c08f3fd, 0x0d422c30, 0x00000004, 
    0x0020fe01, 0x02e0015f, 0x00130035, 0x05424e5a, 0x03051a25, 0x82080102, 0x010734e9, 0x090a6700, 0x02070702, 0x0201045f, 0x4e073b02, 0x8220401b, 
    0x07012309, 0x238b5702, 0x02221282, 0x29835f07, 0x4f070225, 0x19124059, 0x2b0f8004, 0x252b1f09, 0x33352335, 0x21153335, 0x086b0382, 0x15212905, 
    0xbfbfdffe, 0x58920158, 0xfe250582, 0x50c35f6e, 0x830082c3, 0x01002304, 0x9382fffb, 0x9382a920, 0x6b001b22, 0x1e2b9385, 0x03030507, 0x080a0c01, 
    0x82090003, 0x0d0e2a95, 0x0909030b, 0x04065f02, 0x20978202, 0x20978209, 0x230a8325, 0x57020901, 0x2084288d, 0x845f0921, 0x0902212f, 0x1a209c82, 
    0x1b219c82, 0xbc601800, 0x87112008, 0x8e0f2000, 0x25a88ba4, 0x15213523, 0xac85befc, 0x5820af87, 0xc320b288, 0x2908b985, 0x020000c3, 0x2d00dafd, 
    0x67021202, 0x18000b00, 0x3b403e00, 0x03151617, 0x01110201, 0x0d180100, 0x0005030c, 0x02004c03, 0x07190501, 0xce431659, 0x0731410e, 0x23153325, 
    0x55352515, 0x252d06db, 0xfe150535, 0x58f1f1cb, 0x4101f1f1, 0x8d551901, 0xf52d230a, 0x0282f550, 0x57142008, 0x020d0998, 0x99080e02, 0x0064d75a, 
    0x002afe04, 0x02ae0164, 0x000b0030, 0x001b000f, 0x446f001f, 0x223e057d, 0x00000300, 0x06005703, 0x57060504, 0x09050107, 0x04050401, 0x02080265, 
    0x61010000, 0x5a820100, 0x22062050, 0x82030002, 0x820720cd, 0x06072328, 0x27860067, 0x87010821, 0x00300826, 0x1b40594e, 0x00011011, 0x1c1d1e1f, 
    0x1b101517, 0x0e0f1b11, 0x05070c0d, 0x0b010b00, 0x2b16090a, 0x35262201, 0x32333634, 0x06141516, 0x21352125, 0x5e240f90, 0x242c2c24, 0xfe270382, 
    0x02dafdce, 0x8d0e0126, 0x2b90220e, 0x30108325, 0x500a2b25, 0x252c7afe, 0x242b2b24, 0x50462c25, 0x24008200, 0x00a0fb06, 0x85b18264, 0x821320db, 
    0x002324db, 0x85970027, 0x2a2008df, 0x00020104, 0x11570200, 0x0903100b, 0x57090706, 0x0702080a, 0x0706010f, 0x050e6506, 0x050c030d, 0x2c20e78b, 
    0x15832c82, 0x02000327, 0x010a6703, 0x23348508, 0x00670908, 0x0c203286, 0x3329ef8c, 0x20202424, 0x10101415, 0x5217820c, 0x20320509, 0x22232023, 
    0x14191b21, 0x101f151f, 0x12131013, 0x56190c11, 0x12200a43, 0x240e0741, 0x15213537, 0x41038221, 0x13860c0b, 0x41d4fe21, 0xef280600, 0x98f92102, 
    0x13012102, 0xfc250f86, 0x022102a8, 0x41108226, 0x502d0a12, 0xcafe5050, 0x2b25242c, 0x2c24252b, 0x200d8246, 0x05174150, 0x02fbff26, 0x00da0208, 
    0x2305cb48, 0x0013000f, 0x6e233f19, 0x0520dc83, 0x0520d086, 0x0cb95d18, 0x0cabfe25, 0x85ea0c6a, 0xdffd21da, 0xfc30d185, 0x22221abd, 0x1f1d1e1a, 
    0x02d71a22, 0xc3fdfd03, 0xf020c883, 0xaf280483, 0x221a1a22, 0x231a1a21, 0x0029d682, 0x00f8fd02, 0x010802aa, 0x2ad784ea, 0x002c402f, 0x01010400, 
    0x19010002, 0x2321cf27, 0x012b1709, 0x92838e82, 0x04f8fd27, 0x04f0fb10, 0x64091910, 0xfb032809, 0x024c00a5, 0x84480203, 0x000b2757, 0x003d4040, 
    0x27190600, 0x6a8a37cf, 0xfb256e83, 0xf95e06a5, 0x240385a2, 0x4c4cfc01, 0x210284d8, 0x73820100, 0x2705ab4c, 0xb66c0013, 0x01020812, 0x5a3fd218, 
    0x13001325, 0x4c181111, 0x372205e4, 0xa7472137, 0x21352b0a, 0x03133327, 0x7efa6bbc, 0xa447c205, 0x053f2908, 0xe76a6b82, 0x508723e8, 0x2607a147, 
    0xd9fe8750, 0x8200d9fe, 0xfd012200, 0x06634dfd, 0x2384b740, 0x6a03d6fc, 0xfc23b787, 0x982a0397, 0x410220b7, 0x24080a6f, 0x4047001f, 0x12181e44, 
    0x02010408, 0x01064c01, 0x04050304, 0x00030057, 0x02030102, 0x00010068, 0x00010500, 0x20168267, 0x06a54a04, 0x4f05042d, 0x00001414, 0x1f141f14, 
    0x41001c1d, 0x0a24074c, 0x272b1b09, 0x20124c41, 0x07044933, 0x03133328, 0xaafb6b70, 0xa0879604, 0x046bfb23, 0x21a08356, 0x0e49bec3, 0x41ba2005, 
    0xef201364, 0x20051449, 0x067041eb, 0x0127b784, 0x007102f4, 0x8317000f, 0x111523b7, 0xb792050d, 0xb7956720, 0x00101029, 0x10171000, 0x82121317, 
    0x110f253f, 0x11111211, 0x3724b783, 0x21352127, 0x3327bc85, 0x17170707, 0x84130333, 0x6a723407, 0x25049dfb, 0xdbfb3f3f, 0x696a6404, 0xba322ebe, 
    0x84e8e7ae, 0x87232207, 0x28008250, 0x3d37ef87, 0x012701eb, 0x2e078327, 0xa1fb0100, 0x09020000, 0x13009902, 0x19403500, 0x2133035a, 0x87823721, 
    0x33240384, 0x21152107, 0xfe380384, 0x10fd3e53, 0xfc3a0e03, 0x406603b8, 0xba024048, 0x033a28fd, 0x3ed0fc12, 0x0c045a19, 0x0cfe0134, 0x03022300, 
    0x0e007102, 0x2b402e00, 0x01020104, 0x41504c01, 0x00002d18, 0x0e000e00, 0x05181111, 0x252b1909, 0x2008a041, 0x21738317, 0x8e410cfe, 0x02c82608, 
    0xc93bfdc5, 0x07824123, 0xff50ff22, 0xb320e382, 0x2706ef42, 0x40340019, 0x02041131, 0x2a225450, 0x23190019, 0x18111412, 0x8c1b0907, 0x0c5b506d, 
    0xb3fb0722, 0x1d297884, 0xc86aba14, 0x0704a104, 0x08645005, 0x865efb21, 0x1a1e2284, 0x0d6b50eb, 0xffff2d08, 0x92ff61fe, 0x3e035901, 0x1b042700, 
    0x0f000cfe, 0x48030601, 0x080000ce, 0xb00100b1, 0x2b35b00f, 0xffff0000, 0x2d0089fe, 0x67027f01, 0x34282384, 0x06030000, 0x37002b03, 0x01232382, 
    0x8437b002, 0x02003723, 0xb6ffcffe, 0xbc023101, 0x11000d00, 0x10b50800, 0x02000b0e, 0x65482b32, 0x82352005, 0x253008a8, 0x01150535, 0xfe152535, 
    0x11ea01cf, 0x1f07071f, 0x0216fe11, 0x029efd62, 0xa85a9662, 0x07010606, 0xab060601, 0xfe64e158, 0x5ae15a3f, 0xfb020000, 0x2b072741, 0x0019000d, 
    0x193f4042, 0x04010813, 0x2229594c, 0x6c0f1718, 0x122d059a, 0x09121111, 0x252b1b09, 0x17330313, 0x065a4c21, 0x4c370721, 0x1734095a, 0xebebb3fb, 
    0xa0046a6a, 0xe8e76a6b, 0x5ffb6b69, 0xa204a96a, 0x26086243, 0x01233f5f, 0x4c280126, 0x25081063, 0xff000050, 0x002afeff, 0x02d70140, 0x04260053, 
    0x0100d41b, 0xfd1b0407, 0x00ffffd5, 0x0101b109, 0xb0ffffb8, 0xc7872b35, 0x71020335, 0x0e000800, 0x39403c00, 0x03010a0d, 0x4c010102, 0x50000104, 
    0x09291978, 0x09000009, 0x0c0e090e, 0x2036820b, 0x22c18208, 0x86190908, 0x21152ac1, 0x03132107, 0xfc031333, 0x27b682df, 0xfcf203c8, 0x6bfec90e, 
    0xe7210a82, 0x22a984e8, 0x83ff50ff, 0x06ee43b0, 0x83064741, 0x000d2b7f, 0x40470013, 0x080f1244, 0x81820401, 0x4d4f4c20, 0x0e0e2f24, 0x130e0000, 
    0x1011130e, 0x0d000d00, 0x8a821211, 0x4c410a20, 0x21152408, 0x8d210717, 0x046a2b8f, 0x3feefb50, 0xfb12043f, 0x958b6aaf, 0x8905ed43, 0xffff3298, 
    0x41006dfc, 0x53020302, 0x1b042700, 0x000018fc, 0x057f4200, 0x06020024, 0x0d821b04, 0xf3fd012f, 0xf4012300, 0x0e007102, 0x2d403000, 0x078f4301, 
    0x04850023, 0x55a11801, 0x0060250d, 0x50020102, 0x0e303282, 0x23110e00, 0x19090512, 0x1303252b, 0x06060733, 0x16259c83, 0xfe171716, 0x066c53da, 
    0xfc7b032d, 0x04080486, 0x270123ba, 0x82ef2701, 0x04502809, 0x00eb050b, 0x439bfb01, 0x6bbf08fb, 0x8682fc21, 0xe205266b, 0x0a051afa, 0x236b8906, 
    0x070d054b, 0x01216b86, 0x34d782d6, 0x4033000c, 0x02010930, 0x044c0105, 0x01050001, 0x01065700, 0x22cb8205, 0x82680205, 0x0100280f, 0x0101035f, 
    0x824f0100, 0x000c24d8, 0x8211120c, 0x09072c00, 0x35012b1b, 0x35231133, 0x83231721, 0x7c0127e2, 0xa6fa5a5a, 0x72826aca, 0x7201cb27, 0xffb2fdff, 
    0x20d983ff, 0x853382ff, 0x820d20d3, 0x000d2667, 0x08324035, 0x08674401, 0x18850021, 0x2510d1d2, 0x01040060, 0x35825004, 0x8307e341, 0x83252069, 
    0x07304361, 0xd7841720, 0x6605cb23, 0x236c84cb, 0x23ca9bfa, 0xff256984, 0xd9fed9fe, 0x847082ff, 0xf401216f, 0x34226f84, 0x6f8a3140, 0x911a2c55, 
    0x3337266e, 0x27231303, 0x296e8621, 0x69c9a104, 0xc86ae7e7, 0x6e8860fb, 0xd8feda22, 0x93446e83, 0xfe1c210c, 0x2f149344, 0xcdfbffff, 0xa9012d00, 
    0x27006702, 0x78fb1c04, 0x272cdf82, 0xa8fd2b03, 0x06013700, 0x00a61c04, 0x3c0cbf44, 0xff43f904, 0x020302fb, 0x000300da, 0x00140010, 0x40620022, 
    0x0401055f, 0x004c0103, 0x38138202, 0x0b800302, 0x08090501, 0x80080509, 0x0c030106, 0x01040207, 0x0a680403, 0x07445001, 0x004d2a08, 0x61080909, 
    0x0808010d, 0x164e0842, 0x04111115, 0x1d000004, 0x1622151a, 0x11141121, 0x04121314, 0x0d100410, 0x070a0b0c, 0x2e4e8206, 0x090e1103, 0x03252b17, 
    0x03050333, 0x42073313, 0x172205aa, 0xc34b2517, 0x05e04c09, 0x53fc233a, 0xfd0c6a0c, 0x69e8e785, 0x010607be, 0x0816feeb, 0xb002ba08, 0x6afabf04, 
    0x300de24a, 0x012701b4, 0x0808ef27, 0xeb0a0a50, 0xfe5050ff, 0x09e84ad9, 0xfdffff3f, 0x024100ee, 0x006c0220, 0xfd1c0427, 0x00000099, 0xec340306, 
    0xfbffff00, 0x014100b4, 0x211785f4, 0x17825ffb, 0x1b04262a, 0x070000f1, 0xa8fd3403, 0x02260d82, 0xabff98fe, 0x43514501, 0x070b2409, 0x51010206, 
    0x13213443, 0x37ee8203, 0x01350117, 0x11271133, 0x07060601, 0xeb171616, 0x5302adfd, 0x43fe5a5a, 0x32053354, 0x646d0155, 0xbdfc7201, 0xfe700268, 
    0x05170dee, 0x820e1504, 0xfc032283, 0x08e75477, 0x87530920, 0x0b0f2405, 0x8a05060a, 0x32875385, 0x00070827, 0x11030003, 0x23948306, 0x21113311, 
    0x7823988d, 0x8ef8fd5a, 0x4303239b, 0x9f94bdfc, 0x7efa0422, 0x87209f82, 0x240d8755, 0x0a0e0f13, 0x55a18a09, 0x0c213b87, 0x0e87550b, 0x8d081b56, 
    0x822d20b4, 0x98b795b4, 0xfb0334bb, 0x0192ffe6, 0x000c03c2, 0x00100003, 0x402a001d, 0x18191d27, 0x23087d71, 0x0e040509, 0x10b98718, 0x03000323, 
    0x060e5311, 0x56371121, 0x35230803, 0x82011501, 0x4115208d, 0x480806d8, 0x5aa7fe01, 0x14bd016e, 0x270a0a27, 0x0243fe14, 0xfd77fc53, 0xfe5302ad, 
    0x0b261343, 0x0113260b, 0x7a036ebd, 0x6b1886fc, 0x150c1001, 0x0c160504, 0xfe671601, 0x91fe648e, 0x01646f01, 0xebfe6b72, 0x0505160c, 0xeefe0b15, 
    0x26008200, 0xff07fe03, 0x53010274, 0x2b080843, 0x32464049, 0x061a1d24, 0x3c020305, 0x0b132531, 0x08040507, 0x012c0301, 0x4c030004, 0x01010135, 
    0x0302004b, 0x03008502, 0x05850301, 0x04211482, 0x08fb6586, 0x824e0021, 0x002d2a4e, 0x1f19142d, 0x1a090611, 0x100e652b, 0x11171632, 0x35262627, 
    0x35373634, 0x16161533, 0x26342317, 0x25185653, 0x69790401, 0xfb65e5fd, 0x2cc5270a, 0x4a1b375d, 0x48196352, 0x3027141d, 0x838c0c2b, 0x66ee2f04, 
    0x0c2c0700, 0x1513c408, 0x08070102, 0x504a6b17, 0x0c284819, 0x534b6d21, 0x31081654, 0xffbefb03, 0x03ea0174, 0x00370066, 0x0046003e, 0x46454048, 
    0x2e2f3b3c, 0x21222428, 0x0b131a1d, 0x04050607, 0x23020111, 0x36010001, 0x03000301, 0x0c413f4c, 0x02012305, 0x0f830485, 0x260e0741, 0x19370037, 
    0x6605111f, 0x06411315, 0x0c06680f, 0x21181041, 0x1041bbfe, 0x50232618, 0xfe5b0225, 0x075a5252, 0x3ff8fd23, 0x0c745434, 0x2c181d41, 0x504a6c16, 
    0x85850867, 0xfe131904, 0x063b41cb, 0x090d0229, 0x08200a01, 0x41170df8, 0x5108132a, 0x00040e41, 0xf9040000, 0x02000043, 0x00da0203, 0x0024001b, 
    0x002c0028, 0x1d7a407d, 0x010f1001, 0x040e004c, 0x030e0403, 0x11011780, 0x11000b00, 0x0507800b, 0x08130302, 0x030f0202, 0x01146802, 0x0215180f, 
    0x100f0110, 0x02091268, 0x020a0c01, 0xb94d1100, 0x38230806, 0x020d164d, 0x0b390b0b, 0x1c29294e, 0x2900001c, 0x2b2c292c, 0x2627282a, 0x1c241c25, 
    0x21222324, 0x821e1f20, 0x1103546d, 0x14b05c19, 0x07231523, 0x23038233, 0x07233723, 0x36056547, 0x25172115, 0x05233733, 0xfb152135, 0x625727a3, 
    0x276c6122, 0x82a02746, 0x380b8903, 0xe8e741fe, 0x6901cb69, 0x01ca98fe, 0xa022a087, 0x33049301, 0x41b441d2, 0x850082d2, 0x05924706, 0xf0ff5030, 
    0x5050a5b4, 0x02000000, 0x2d00eefd, 0x3b542602, 0x0f102609, 0x0201030e, 0x343b5414, 0x6d553720, 0x21b88206, 0x2c692515, 0xf1dd270b, 0xf1f158f1, 
    0x311967fe, 0x3c540d4a, 0x41d72007, 0x992009b7, 0x00279282, 0x00b4fb03, 0x86f4012d, 0x00252793, 0x24424045, 0x98822223, 0x0201062e, 0x0002141e, 
    0x191a2501, 0x060c0d18, 0x8b3ad854, 0x08c16a9c, 0x05352525, 0x85a8fe15, 0x8d6220aa, 0xe40221aa, 0x8b13f554, 0x555a20b8, 0xeb4c0c02, 0x00032412, 
    0x412b3202, 0x15250815, 0x05171632, 0x2f718211, 0x9efd3101, 0x16fe6202, 0x08081e11, 0xea01111e, 0x96230d83, 0x4ce164e1, 0x062d05f0, 0xc7feab06, 
    0x00e258e2, 0x009bfb02, 0x06134a23, 0x40001126, 0x01113d40, 0x212a4359, 0x43590f10, 0x4c112006, 0x032407e9, 0x21073313, 0x0806274a, 0x35212726, 
    0x82fc0721, 0x6b69e8e7, 0x5a5afb04, 0xaa6b05fb, 0xc5fa3a05, 0x2701233d, 0x87872701, 0x8787b2fd, 0x004fa0d7, 0x270a034b, 0xb66c000d, 0x03020108, 
    0x330a3f52, 0x00010100, 0x05010670, 0x71050404, 0x02000100, 0x68020103, 0x0fe15018, 0x23401b22, 0x00214582, 0x20268385, 0x124d1805, 0x5a259007, 
    0xf7490562, 0x21152511, 0x15211707, 0x2b06f749, 0xfa82056b, 0x053e3d3e, 0x6b7efac1, 0x5028a785, 0x8750514f, 0x43f90200, 0x24063b4f, 0x0013000d, 
    0x97e31877, 0x1b092173, 0x4b055c4c, 0x272d0817, 0x21273721, 0xe72afa07, 0x066b69e8, 0x05424efe, 0x6b02f929, 0x417d07aa, 0x4183f842, 0xfe200766, 
    0x2305a05a, 0x004f514f, 0x02220082, 0xc7409bfb, 0x06284296, 0xc785a620, 0x6b5afb2a, 0x412505aa, 0x3edbfa42, 0x20058641, 0x4bc79287, 0x132606f3, 
    0x3f404200, 0xa34f1013, 0x1112212c, 0x240fa34f, 0x07331303, 0x07034c21, 0x27212723, 0x08bb4237, 0x696aa030, 0x6a6ae8e8, 0xaa6b61fb, 0x3f3fa004, 
    0x5a415ffb, 0xda270808, 0x8787d8fe, 0x4f5050d7, 0x34fe0200, 0xcc012800, 0x05006c02, 0x08001300, 0x03060eb5, 0x2b320200, 0x25352535, 0x58051505, 
    0x480807ee, 0x16070605, 0x0134fe17, 0xfecc01cc, 0x144e0138, 0x18040417, 0xfeabfe11, 0x0c0c25b7, 0x64f02825, 0x9164f0f0, 0x020c0aaa, 0xb0090a02, 
    0x030313ac, 0xfeffff13, 0x01410047, 0x005302d6, 0xfd1c0427, 0x000000f2, 0xd31c0406, 0x05b74300, 0xdb4f0220, 0x60682020, 0xdb4f0d54, 0x23f98415, 
    0x21132115, 0x032e0882, 0xe7aefd13, 0x04cb69e8, 0xcf46fbb6, 0x0a826afe, 0x23eaea2a, 0x27012701, 0xfcfe4bff, 0xfe200783, 0x8582f382, 0x9bfb0229, 
    0xdb012300, 0x4f007102, 0x68201ddb, 0x5f07525f, 0xdb4f0d29, 0x438a8617, 0x8f8a0590, 0x2e046b2b, 0x403f92fb, 0xd2fb6d04, 0x2195846b, 0x9d43e9e9, 
    0x2797890a, 0xf5fbffff, 0xbd014100, 0x21052f41, 0xa982a0fb, 0x1c042724, 0x0782adfd, 0x1c040623, 0x073741ba, 0xb7821220, 0x004c3c08, 0x40a60052, 
    0x4b4e5109, 0x09020401, 0xb04b4c01, 0x4058500d, 0x01070034, 0x72070209, 0x0100010f, 0x0557000e, 0x0d010203, 0x0209020b, 0x066a0901, 0x0c020204, 
    0x0e08020a, 0x826a0802, 0x0e002d1e, 0x1110125f, 0x0e000e03, 0x35401b4f, 0x01233683, 0xac800907, 0x40593d37, 0x004d4d24, 0x4d524d00, 0x004f5052, 
    0x4a4c004c, 0x3e424448, 0x3236383c, 0x24122330, 0x21240083, 0x1f091312, 0x2605f643, 0x031e3233, 0x823e3233, 0x2c078b03, 0x15333535, 0x22230614, 
    0x2223032e, 0x8a03820e, 0x07232107, 0x080bd141, 0x261e9827, 0x1e1c2231, 0x1c1e1515, 0x25253222, 0x1f1d2434, 0x1d1f1514, 0x25253324, 0x1e1b2232, 
    0x47552f14, 0x2132253b, 0x2621821b, 0x33241e1f, 0x82332526, 0x212d8421, 0x39852631, 0xea165a22, 0x240b7a41, 0x27271abf, 0x24038f1a, 0x3a282837, 
    0x83148f48, 0xfe1c220f, 0x08a541d8, 0xf3fd0135, 0x12022300, 0x3d007102, 0x0b40a000, 0x0307013c, 0x82014c01, 0x414b2000, 0x2b080583, 0x02000037, 
    0x06008500, 0x06030802, 0x08010072, 0x03010803, 0x0b010c80, 0x04860b07, 0x010a0201, 0x08020108, 0x0301056a, 0x59030707, 0x03230682, 0x82096207, 
    0x52072442, 0x8838401b, 0x06022339, 0x3aaa8008, 0x1640592d, 0x3d000000, 0x36383d00, 0x41243032, 0x2122057c, 0x7b410d12, 0x27774106, 0x51070221, 
    0xeb2105ef, 0x2d65410d, 0x20221730, 0x23b61e29, 0x27012701, 0x1f15d9fe, 0x4141151f, 0x2838240b, 0x8b493a28, 0x21172410, 0x48e6071f, 0x2b0807cf, 
    0x02f40141, 0x000c0053, 0x004d0019, 0x181f40a4, 0x07010202, 0x04020812, 0x02011901, 0x4c030402, 0x03041617, 0x0e4a0304, 0x04000c0d, 0x07446118, 
    0x07002c3f, 0x07040103, 0x04020072, 0x72020100, 0x09030105, 0x03040101, 0x01066901, 0x04000204, 0x24068259, 0x08620004, 0x240b820a, 0x401b5200, 
    0x232e832e, 0x80010703, 0x20822f83, 0x309d8020, 0x1b40593d, 0x47491a1b, 0x3d3e4143, 0x3335393b, 0x27292d2f, 0x1f212324, 0x4d1b4d1a, 0x4816090b, 
    0x162309a9, 0x49051716, 0x05230c22, 0x18032e22, 0x410a1a91, 0xe4420a74, 0x49fd200d, 0xfc211c43, 0x07cf4281, 0x253a482c, 0x1e1b2231, 0x1b1d1515, 
    0xe5423221, 0x20158211, 0xa9231931, 0x0c69490c, 0x271a3329, 0x28371a27, 0x41473b28, 0xde420b7a, 0x06b7480c, 0x71021232, 0xb3006600, 0x01120b40, 
    0x060f040a, 0x020c0302, 0x08064b44, 0x02003726, 0x00850204, 0x030c040a, 0x0100720a, 0x08860100, 0x10040206, 0x030c020e, 0x09690c04, 0x03030507, 
    0x59030000, 0x032e0884, 0x0d0f6200, 0x0004110b, 0x1b520003, 0x39883840, 0x0c0a0423, 0x083aaa80, 0x29405931, 0x60620001, 0x54565a5c, 0x484a4e50, 
    0x3e3f4244, 0x34363a3c, 0x282a2e30, 0x1c1e2224, 0x10111618, 0x66000d0e, 0x09126601, 0x22252b16, 0x5127032e, 0xd353050f, 0x13604405, 0x41077044, 
    0x70440d83, 0xd6fc350f, 0x1b223024, 0x0c09131b, 0x15190402, 0xe8e76aba, 0x231aa269, 0x44086e44, 0x153a3f7a, 0x31221c1e, 0x262418e5, 0x0d0b031c, 
    0x1a1f0403, 0x012701eb, 0x270ccc27, 0x6c441b27, 0x06bb4113, 0x83158944, 0x0000381c, 0xff2afe01, 0x03ea0192, 0x0010003e, 0x0d204023, 0x03040509, 
    0x50070102, 0x102a1074, 0x031e1000, 0x172b1709, 0xa4750137, 0x012b080a, 0x2b280133, 0xae01d7fd, 0x1c11cafe, 0x111c0707, 0x1c01cd01, 0x6e9dfe5f, 
    0x64150171, 0x09975ad7, 0x0c02020c, 0xf002e609, 0x820054fc, 0xf5fb216b, 0xb3206b82, 0x1d2b6b82, 0x27402a00, 0x1314181c, 0x86101112, 0x11e75072, 
    0x1d001d22, 0x05207284, 0x0720728e, 0x230a0d4f, 0xf3fd0125, 0x3d238091, 0x4efe3b02, 0xfe2308eb, 0x90f7fe20, 0xfea3228f, 0x09144de1, 0x42fdf037, 
    0x11fe0100, 0xf401dc00, 0x1e00b801, 0xb04b6e00, 0x40585011, 0x09417822, 0x00062208, 0x05005904, 0x05000600, 0x04006706, 0x02610004, 0x04000207, 
    0x401b5100, 0x06020029, 0x00020600, 0x202c9180, 0x212c8702, 0x2b830107, 0x40592508, 0x1c000115, 0x16181a1b, 0x0b0e1014, 0x0005070a, 0x081e011e, 
    0x272b1609, 0x23032e22, 0x15150622, 0x36343523, 0x0805dd46, 0x3535362c, 0x06211521, 0x38296406, 0x1b272429, 0x5555271f, 0x29392a46, 0x201a2723, 
    0xfe120226, 0xdc46132f, 0x1d2c2b1d, 0x3c3c2026, 0x09835041, 0x051e2837, 0x00252150, 0xfd020000, 0x024cffee, 0x00e40230, 0x00520044, 0x053979cb, 
    0x192e0b26, 0x42030c02, 0x02238682, 0x87401b4c, 0x0402240d, 0x85594c02, 0x00382820, 0x010c0007, 0x89690c07, 0x023008c5, 0x0b00020d, 0x0e690004, 
    0x06000b01, 0x69060b09, 0x05080800, 0x05050061, 0x09004d3e, 0x005f0a09, 0x0a3d0a0a, 0x3f401b4e, 0x00040200, 0x80000204, 0x0d214291, 0x0841a201, 
    0x25405925, 0x00014546, 0x52454b4d, 0x3c3e5246, 0x3234393b, 0x23252a2c, 0x15171c1e, 0x0a0b0f11, 0x44000507, 0x410f4401, 0x27410f26, 0x35372107, 
    0x22058662, 0x18061411, 0x8218a072, 0x35262518, 0x05060635, 0x0c386918, 0x45316235, 0x1a2a2932, 0x2855281e, 0x3c2c2b46, 0x24332a2e, 0x180a4c39, 
    0x2b14b972, 0x457e556e, 0xc5014919, 0x262a2a26, 0xfa2b0382, 0x1a27271a, 0x3c3c1c25, 0x83253f28, 0x333e220a, 0xcd72180c, 0x83472918, 0x2320cf58, 
    0x752b3180, 0x09d27218, 0xfd010023, 0x067b4cee, 0xa0003d2e, 0x01010b40, 0x4c010501, 0x0109013c, 0x0808f747, 0x0a060a23, 0x06040085, 0x72040500, 
    0x05000900, 0x80050900, 0x010b010c, 0x0108860b, 0x00010206, 0x6a000609, 0x22348207, 0x82590501, 0x01052306, 0x42830362, 0x401b5224, 0x39870038, 
    0x00040623, 0x473aaa80, 0x3b2808f7, 0x2437393a, 0x13222424, 0x25260482, 0x2b1f090d, 0x52493737, 0x3526250f, 0x14153335, 0x08108249, 0x33033327, 
    0xb6bc0313, 0x2220291e, 0x1d1f1517, 0x25263224, 0x1f1e2434, 0x1b1e1515, 0x3a263121, 0x142f5548, 0x32221b1e, 0x05504925, 0x21821420, 0x45253421, 
    0x102a050f, 0xe8e76aee, 0x1e08e523, 0xc5441722, 0x3a48240b, 0x8b372828, 0x1f153810, 0x2701151f, 0xd9fed9fe, 0xfe010000, 0x01e60057, 0x00b301ae, 
    0x49830033, 0xce47052e, 0x00012160, 0x2e07c447, 0x1315191b, 0x090a0d0f, 0x33000507, 0x420b3301, 0xc343089d, 0x1530460b, 0x95475f20, 0x47e6202a, 
    0x9620247b, 0x2d064b42, 0x40f70061, 0x08015d0b, 0x0201600a, 0x7b470009, 0x38280807, 0x100a1000, 0x0a080085, 0x72080900, 0x01110112, 0x0c0e8611, 
    0x04060a02, 0x09000302, 0x0f69000a, 0x09030b0d, 0x59090101, 0x09320884, 0x05076201, 0x09010303, 0x4b1b5201, 0x585017b0, 0x3f883940, 0x00080a23, 
    0x2140ac80, 0x3b874040, 0x080a022b, 0x00008002, 0x00020902, 0x23438d09, 0x020a0002, 0x593b8399, 0x00224059, 0x00610000, 0x595e5f61, 0x4d515357, 
    0x4145474b, 0x35393b3f, 0x85241333, 0x13122900, 0x372b1f09, 0x040e2713, 0x890f8947, 0x16af420f, 0x2809424c, 0x33273702, 0xeebc0313, 0x06a04212, 
    0x1f4c3220, 0x26312207, 0x420b8525, 0x26251ace, 0x1f1d2432, 0x0bce4215, 0x4205f34a, 0x163105da, 0x1c241d1e, 0xe8e76aa7, 0x14260123, 0x23241801, 
    0x0bd04218, 0x8c1ced42, 0x25253b28, 0xd9fed30a, 0x0200d9fe, 0xaa0039fe, 0xf8029f01, 0x12000e00, 0x3a403d00, 0xab47010a, 0x00240808, 0x02030601, 
    0x02010402, 0x05040067, 0x00570405, 0x5f050404, 0x04050107, 0x0f0f4f05, 0x120f0000, 0x1011120f, 0x44083782, 0x1111110e, 0x2b190908, 0x13331301, 
    0x27211521, 0x06272626, 0x05070706, 0xfe152135, 0x9b54c839, 0x1bfeaf01, 0x020b0a77, 0x7c0b0d02, 0xe5012401, 0x5e019a01, 0xe150f2fe, 0x07071e14, 
    0xf0e1141e, 0x00005050, 0x0cb76504, 0x0f000b34, 0x43404600, 0x09000102, 0x01030803, 0x67010004, 0x83840106, 0x84820682, 0x0a070b23, 0x2d868303, 
    0x08080c0c, 0x00000404, 0x0f0c0f0c, 0x766f0d0e, 0x650c2010, 0x33200667, 0x8306d665, 0xf8fd2807, 0x0178cc01, 0x84f0fbcc, 0x9a012206, 0x82008250, 
    0x22838381, 0x66a0fb06, 0x83830a3b, 0x1700132a, 0x5a405d00, 0x00020204, 0x21051068, 0x8a820601, 0x02080a22, 0x0621de82, 0x30078357, 0x115f0706, 
    0x0f09100b, 0x07060705, 0x1014144f, 0x25928710, 0x17141714, 0xe6671516, 0x209e900b, 0x209e8212, 0x06006713, 0x0b83a28b, 0xcc013c27, 0xcc0198f9, 
    0x20a9828c, 0x820684dc, 0x21ac85b3, 0xae845050, 0x0237b082, 0xf6ff8c00, 0xda02cc01, 0x1a000e00, 0x21402400, 0x0300030f, 0x18004902, 0x08088f6a, 
    0x0100595d, 0x00610201, 0x51020102, 0x0311242e, 0x172b1906, 0x33113311, 0x32333636, 0x14151516, 0x37270706, 0x35353636, 0x22232634, 0x5a8c1506, 
    0x29360601, 0x464f463a, 0x2e293551, 0x25212125, 0xfee4020a, 0x542f27c0, 0x6c435547, 0x10143a1a, 0x23552b40, 0x00232626, 0x00410002, 0x82170200, 
    0x1b220877, 0x40001f00, 0x010e3d40, 0x1e1f0100, 0x181b1c1d, 0x12131417, 0x0d0f1011, 0x0506090a, 0x01020304, 0x8d820216, 0x03020323, 0x2193824c, 
    0x35828501, 0x59850021, 0x032e06cc, 0x13191376, 0x1a060417, 0x3735372b, 0x03820735, 0x37153323, 0x23038235, 0x37150715, 0x23260382, 0x23150735, 
    0x13821335, 0x69694126, 0x3c8c3c69, 0x06830582, 0x508c3c2d, 0x37c13741, 0x96b63741, 0x8287a749, 0x250b8807, 0x49c12201, 0x008200c1, 0xa5000130, 
    0x77019a01, 0x0300d102, 0x16401900, 0x9e820102, 0x17828620, 0x4e002822, 0x032f0582, 0x03110300, 0x132b1708, 0xa5033313, 0x82828250, 0xfe37222a, 
    0x2d1882c9, 0xd200ffff, 0x750160ff, 0x06029200, 0x47862a03, 0x7701d133, 0x03000803, 0x06b11f00, 0x14404464, 0x00010000, 0x21508285, 0x1f827601, 
    0x09264984, 0x06b12b17, 0x4d884400, 0x8401d121, 0x00022e4d, 0x02990137, 0x00d0021c, 0x00070003, 0x213d842a, 0x8882021f, 0x05850028, 0x01030403, 
    0xc8187601, 0x48860fe7, 0x96820120, 0x03822120, 0x824a0121, 0x9dfe219b, 0x01210482, 0x85528399, 0x2aa38256, 0x019e028c, 0x00e902cc, 0x18730607, 
    0x8908df42, 0x20a7a8ef, 0x2e50859a, 0x0225fe02, 0x0383ff89, 0x000b0009, 0x84330017, 0x822820a7, 0x20e8829e, 0x2a068259, 0x05610001, 0x00030402, 
    0x18510001, 0x20178575, 0x0abb6b03, 0x0b8a2320, 0x070ba218, 0x231dfb24, 0x03821d23, 0x117d8318, 0x00820020, 0x8dfe0122, 0x1b207f82, 0x27207f84, 
    0x1c207d84, 0x00226c82, 0xa1195901, 0xb1231667, 0x6b440006, 0xfe250b11, 0x262621d4, 0x89038221, 0x0100295e, 0x85024afe, 0x11031cff, 0x2c22b741, 
    0x17332701, 0x6473bdfe, 0x8c85026e, 0x208f848c, 0x203b8290, 0x273ba55b, 0xfe073337, 0x6f616a90, 0x02223b86, 0x3b823bfe, 0x3b84b820, 0x32000722, 
    0x2720cd84, 0x41143e72, 0x508217fb, 0x03822120, 0x6eeefe26, 0xf6fe735c, 0x59830482, 0xff279785, 0xff260260, 0x42da02c3, 0x012008d3, 0x4207e870, 
    0x03200a89, 0xa02c3c82, 0x0218540f, 0x00b4b426, 0x1ffe0100, 0x89208f82, 0x06208f82, 0x07773019, 0xdd450520, 0x02032509, 0x76010102, 0x063b3c82, 
    0x11110600, 0x2b180904, 0x440006b1, 0x17333701, 0xfe072723, 0x8c538b1f, 0x83505263, 0x4e4e217f, 0x4b922482, 0x2e190320, 0x4b821247, 0x4b891220, 
    0x17332722, 0xfe219082, 0x214983ab, 0x4b828b65, 0x414e4e21, 0x34240563, 0x74ff8002, 0x2e089782, 0xb131000d, 0x40446406, 0x01010326, 0x00850102, 
    0x02000002, 0x02020059, 0x01046100, 0x51000200, 0x0a0b0001, 0x03040608, 0x0d010d00, 0x85160905, 0x182220a1, 0x3808f26a, 0xfe061433, 0x475848d4, 
    0x31292830, 0x80025847, 0x30274150, 0x50412730, 0x27468200, 0x60025cfe, 0x44034cff, 0x56637818, 0x36d4fe22, 0x0de61e19, 0x3f600225, 0x833f3333, 
    0x21352803, 0x22221c1c, 0x82211c1c, 0x01002586, 0x8a0234fe, 0x0c20eb82, 0x707b4618, 0x46180320, 0xe622167b, 0xa318261e, 0x02210e03, 0x7b46188a, 
    0x02343013, 0x0274ff9e, 0x000300e9, 0x6406b126, 0x731b4044, 0x0245104d, 0x35012b0e, 0x34fe1521, 0x9e024001, 0xf7824b4b, 0x85027a2a, 0x390338ff, 
    0x4e000e00, 0x4b2f3f83, 0x58500cb0, 0x01031740, 0x02000002, 0x19010071, 0x220dc64f, 0x8316401b, 0x86022119, 0x592a188f, 0x00000b40, 0x0e000e00, 
    0xa2422421, 0x35362209, 0x05ed7834, 0x0714153a, 0x32aafe07, 0x6950200e, 0x28112f26, 0x133f8502, 0x2741140d, 0x34162023, 0x02223582, 0x8382f0fd, 
    0x8f436d20, 0x84252006, 0x441a20c5, 0x572005db, 0x012f0682, 0x01025f00, 0x4f000100, 0x10111111, 0x421a0904, 0x2323055d, 0x82053327, 0xbafe2603, 
    0x015c7357, 0x24048221, 0x8c8c8502, 0x22cf868c, 0x44700347, 0x02210953, 0x05df7301, 0x0b460020, 0x07032b0f, 0x50b93723, 0x7003827d, 0x8682ebeb, 
    0xff01002b, 0xffe50118, 0x009402a0, 0x0c0b410a, 0x7026eb84, 0x02020000, 0x27825900, 0x0362022a, 0x02000201, 0x16401b52, 0x8d072d47, 0x050b4118, 
    0x09000a24, 0x0b412112, 0x35032407, 0x56353233, 0xe82c05aa, 0x3a4b231a, 0x41e5012f, 0x2b504b23, 0xb382fe83, 0x2bff8d28, 0xabff1bff, 0xff430b00, 
    0x205b4507, 0x2406886f, 0x14151632, 0x085b4506, 0x1d22d533, 0x1e23231e, 0x0000221d, 0xff5cfe02, 0xff4cff06, 0x3e5743ce, 0x2722678b, 0x83483632, 
    0x16142106, 0x2c085743, 0x20211c37, 0x21211a1d, 0x2d2d37fa, 0x28038337, 0x1a161b33, 0x16171b18, 0x26d7821b, 0xff10ff66, 0x45a1ff2e, 0x052c22df, 
    0xfe073337, 0x69695f66, 0x009191f0, 0x26080082, 0xff75fe01, 0x0042ff35, 0x0012001a, 0x6406b136, 0x0b2b4044, 0x01020101, 0x0002004c, 0x01020001, 
    0x03000069, 0x82590003, 0x5f032729, 0x00030104, 0x0a824f03, 0x11001230, 0x05211411, 0xb12b1909, 0x05440006, 0xb0853335, 0x27085a82, 0x1415021e, 
    0x75fe2306, 0x371b1646, 0x15392332, 0x4226381a, 0x1737cb36, 0x5f1a110d, 0x2414033d, 0x0031221a, 0x61fe0100, 0x29267382, 0x10000a00, 0x73842e00, 
    0xc6182320, 0x60210e03, 0x2c7b8203, 0x00015000, 0x06070d0f, 0x10011000, 0x06ec4404, 0x82052641, 0x06210868, 0x16141506, 0xfe153333, 0x264337db, 
    0x220b4b2f, 0x3c191e1e, 0x1d2835cb, 0x1c09213a, 0x1c16152d, 0x2767823c, 0x22018afd, 0x68011e00, 0x312db343, 0x94028afd, 0x46462201, 0xcbfd0100, 
    0xddffe2ff, 0x57414e02, 0x33012123, 0x012a2e82, 0x48fe5bb7, 0xfd6c021e, 0x00820094, 0x16fe0128, 0x92ff92ff, 0x3fa69402, 0x0116fe2b, 0xc3fe3f3d, 
    0xfc02036e, 0x057f49fe, 0x89027d26, 0x0903db01, 0x07eda318, 0xff000025, 0x82e500ff, 0x84732013, 0x48692013, 0x138205ef, 0x8502a226, 0x11037401, 
    0x6a202782, 0xe8201388, 0xb3201382, 0x6b201384, 0x93241388, 0x10028502, 0x6c201384, 0x77201388, 0xe1202782, 0x6e201384, 0x6f201392, 0x8c241388, 
    0xcc018002, 0x70202784, 0xb4261388, 0xa4016002, 0x77824403, 0x13887120, 0x8a028c22, 0x0c202782, 0x72201382, 0xa349138a, 0x26b3820e, 0x0135ffcd, 
    0x821a009a, 0x887b2027, 0x82b92027, 0x00812213, 0x2013820a, 0x2013877c, 0x06db42fe, 0x06060236, 0x0000007a, 0x0325fe02, 0x0383ff31, 0x000b00b1, 
    0x402b0017, 0x49299b49, 0xab182797, 0xcb411194, 0x038d2605, 0x031bff30, 0x217782b0, 0x9349401f, 0x148f491d, 0x23300323, 0x05f9491d, 0xfe010029, 
    0xff2a034a, 0x18b6031c, 0x491a177f, 0x03230887, 0x828c8c2a, 0xfe012280, 0x20338290, 0x49339d5b, 0x3386077f, 0x3bfe0222, 0xb8203382, 0x07233384, 
    0x49402a00, 0x0120287b, 0x83107749, 0x20878651, 0x2053821f, 0x24538289, 0x401f0006, 0x1c3f491c, 0x830e3b49, 0x073b4943, 0x3749438b, 0x4901201c, 
    0x43820d33, 0x23083349, 0x74ff2503, 0x0d228782, 0x2f492900, 0x49012028, 0x0321172b, 0x0e2b4925, 0x4cfffe25, 0x1800e203, 0x76328be8, 0xcb450eb5, 
    0x1b362414, 0x821b2121, 0xfe022103, 0x21172349, 0xdb822f03, 0x1900b124, 0x40566500, 0x9b4f1805, 0x291b495e, 0x492f0321, 0x0321141b, 0x21af8248, 
    0xc8180093, 0x7d501ddb, 0x34fe2506, 0x48034001, 0x29051349, 0x33ff2003, 0x0e00d403, 0x0f494600, 0x37012145, 0x340e0b49, 0x4b200e2d, 0x113a2f50, 
    0x3f200323, 0x41140c14, 0x191c2229, 0x050b4934, 0xff2a0323, 0x061b436d, 0x49401d21, 0x01201b07, 0x21100349, 0x03492a03, 0x42342005, 0x26290883, 
    0x03042340, 0x01020102, 0x09bf4886, 0x02006125, 0x82510200, 0x000d2a6c, 0x2212220d, 0x2b190605, 0x054e5701, 0x62502320, 0x34fe2e05, 0x58484858, 
    0x28293147, 0x41250330, 0x05824250, 0x01000024, 0x9b827afe, 0xfc033829, 0x1f000300, 0x19021c40, 0x4f13bf13, 0x032b076b, 0xc8372307, 0x03737d41, 
    0x82d2d2fc, 0x01002d69, 0x99021bff, 0x4803a6ff, 0x3c000b00, 0x2c055341, 0x00010012, 0x03700100, 0x00020201, 0x25238261, 0x1b4e0238, 0x14821140, 
    0x8b850121, 0x054d4913, 0x0a000b2d, 0x09042113, 0x35032b18, 0x49363233, 0xe52b064a, 0x4b13101d, 0x99023039, 0x49101341, 0x0121064c, 0x094b49fe, 
    0x491f0f45, 0x25262143, 0x83ff2bff, 0xd345abff, 0x1606232d, 0x6b4f072b, 0x08b04926, 0x2008b849, 0x07574601, 0x491a8345, 0x4e211b2b, 0x052649b5, 
    0x15b04b26, 0x14405850, 0x2c092d49, 0x045f0300, 0x3d030301, 0x401b4e03, 0x49168919, 0x59220e44, 0x47490c40, 0x3c43490c, 0x84854220, 0x01001130, 
    0x00850102, 0x60000202, 0x00000103, 0x8182003d, 0x58491620, 0x40592215, 0x0d5b490d, 0x282d5749, 0x10ff34fe, 0xa1ff74ff, 0x287b4500, 0x2b160622, 
    0x33266283, 0x32331614, 0xa74e3536, 0x45f0200d, 0x00210a7a, 0x205b8201, 0x205b823d, 0x1e4b4488, 0x2b170623, 0x065f4d05, 0x4b4bc331, 0x00ffff00, 
    0x0131037d, 0x00b103db, 0x488e0607, 0xe526084f, 0x73013003, 0x1382b003, 0x13888f20, 0x2a03a226, 0xb6037401, 0x90201382, 0xe8201388, 0xb3201382, 
    0x91201384, 0x93241388, 0x10022a03, 0x92201384, 0x77201388, 0xe1202782, 0x93201384, 0x94201392, 0x8c241388, 0xcc012503, 0x95202784, 0xb4261388, 
    0xa401fe02, 0x7782e203, 0x13889620, 0x2f038c22, 0xb3832782, 0x138a9720, 0x13824820, 0x27829320, 0xcf529820, 0x02d22408, 0x51a00185, 0x08201d83, 
    0x25067753, 0xd2073337, 0x8251646a, 0x01002707, 0x3a02e100, 0x27517701, 0x8213201e, 0x38e12b35, 0x3a02405e, 0x0000a0a0, 0x774a0003, 0x82842005, 
    0x000f2409, 0x4e77001b, 0x0a2405af, 0x24405850, 0x032d1d82, 0x01067000, 0x03020301, 0x05800201, 0x21058201, 0x06825903, 0x62020325, 0x82070408, 
    0x52022415, 0x8223401b, 0x85002126, 0x5934259d, 0x10111a40, 0x00000405, 0x1b101517, 0x090b1b11, 0x0f050f04, 0x03227182, 0xcb860911, 0x95820120, 
    0xe1431720, 0x03012516, 0x5258504e, 0x20055049, 0x07525323, 0x83010324, 0xe2437883, 0x08ea4307, 0xfe010022, 0x48095f51, 0x0620262b, 0x4205837f, 
    0x575114af, 0x022a260e, 0x037eff80, 0x24b9827a, 0x403b0011, 0x24f98438, 0x01030105, 0x33ff8303, 0x00850104, 0x04020204, 0x04040059, 0x01076202, 
    0x52020402, 0x0f29f383, 0x080a0c0e, 0x05110407, 0x23f18411, 0x2b170908, 0x0720ed83, 0x3b0d9f48, 0x78607395, 0x465e4c1c, 0x372d2d37, 0xf8025d46, 
    0x48788282, 0x27271f3a, 0x00483a1f, 0x02210082, 0x227bc8fe, 0x8e173327, 0x78b8247b, 0xa13f7360, 0x00a2267b, 0x001d000f, 0x05694678, 0x01062929, 
    0x00020004, 0x82800204, 0x00053fe9, 0x01007002, 0x01040000, 0x05006900, 0x59050303, 0x03050500, 0x03010861, 0x1b510305, 0x2b8e2a40, 0x987e0521, 
    0x4059302c, 0x00101117, 0x181a1b00, 0x10131416, 0x821d111d, 0x210f2673, 0x18090924, 0x0cef472b, 0x020f0622, 0x2b0d3f41, 0x1b092da5, 0x332b4137, 
    0x20230809, 0x3d2aca8a, 0x3c180d0c, 0x190d2027, 0x4f41320b, 0x02343c0e, 0x0374ff85, 0x001900a0, 0x4b950027, 0x58501eb0, 0x01092d40, 0x00080007, 
    0x18800807, 0x290a1e59, 0x00020a02, 0x6a000407, 0x93180800, 0x0b240812, 0x06080601, 0x3b20d782, 0x0f275918, 0xfb5f3f88, 0x010a2109, 0x59303d95, 
    0x1a1b1f40, 0x24250001, 0x1d1e2022, 0x271b271a, 0x0d455918, 0x16090c23, 0x17a9492b, 0x2c0dbd41, 0x18251fea, 0x411e1116, 0x25202a34, 0x22088417, 
    0x8258486c, 0x352b2d0d, 0x2c035841, 0x1e131913, 0x30281419, 0xa7250787, 0x281f3a48, 0x05544228, 0x20fe0228, 0x19008502, 0xad828403, 0xbd770a20, 
    0x01032105, 0x092bf018, 0x0585022c, 0x01030101, 0x02040685, 0xb2570303, 0x040a2605, 0x0607080a, 0x2a2f8205, 0x09071103, 0x37032b17, 0x55050733, 
    0xbe360535, 0xfe786473, 0x8b548a7f, 0x02515065, 0x738c8cf8, 0x4e4e8c8c, 0x63840000, 0x86c9ff21, 0x403f2363, 0x5282093c, 0x20087150, 0x23618380, 
    0x7e030100, 0x03272882, 0x00005700, 0x835f0300, 0x0300276e, 0x0004044f, 0x6f900400, 0x17332722, 0x96256f86, 0xfe7d6482, 0x2f6f9657, 0x00a203ce, 
    0x0015000e, 0x0114b575, 0x4c010204, 0x3505b242, 0x00030025, 0x02030002, 0x02010680, 0x70020004, 0x04020507, 0x16528404, 0x8200200a, 0x1b51230b, 
    0x278d2640, 0x957e0421, 0x40592b28, 0x000f0f15, 0x0f150f00, 0x0c5c1315, 0x24212606, 0x2b180908, 0x0d984a03, 0xb12bb086, 0x3220092d, 0x11362e37, 
    0x8786fe23, 0x0e3d29b6, 0x283c190a, 0x32181523, 0x41062e41, 0x892d062f, 0x1900a003, 0x92002000, 0x07011fb5, 0x32bf8306, 0x4058501e, 0x00060029, 
    0x07060007, 0x02080a80, 0x42840707, 0x5b180aa3, 0x092009c2, 0x20066067, 0x0f9a4237, 0x9f423b8d, 0x382f8209, 0x04040059, 0x01096200, 0x52000400, 
    0x1a1d4059, 0x1a00011a, 0x1e201a20, 0x6cb8181d, 0x1a944210, 0x8d42e586, 0xe0fe2111, 0x8b42ed85, 0x05224212, 0x2f26f382, 0x79ff0c03, 0x9582fc03, 
    0x57451320, 0x0f102929, 0x07080a0d, 0x12051304, 0x48145745, 0x233f067c, 0x606995fe, 0x4c40356e, 0x31202646, 0x4c462621, 0x78840341, 0x3c467878, 
    0x20262620, 0x8200463c, 0xfe022100, 0x5b457fc8, 0x247f880a, 0x5f6064b8, 0x2a7fa558, 0x001f000f, 0x0fb04b78, 0x45405850, 0x6720175f, 0x912b5f45, 
    0x065f452c, 0x191b1c29, 0x10131416, 0x451e111f, 0xc788205f, 0x072fa62b, 0x1a61490a, 0x2008081d, 0x2cce8b36, 0x08083870, 0x17193c08, 0x280b1c0d, 
    0x15574164, 0x2b001b3b, 0x52405500, 0x03021618, 0x02080a02, 0x4c020100, 0x00050107, 0x06050006, 0x08374b80, 0x01080322, 0x2b08db82, 0x06006900, 
    0x59060404, 0x04060600, 0x04010961, 0x1d510406, 0x2800011c, 0x20222527, 0x1d2b1c1f, 0x0f12142a, 0x0004060d, 0x0a1b011b, 0x65088e42, 0x022009f0, 
    0x4508c94c, 0xbf870725, 0x2a1fdf34, 0x0d111b1e, 0x29314111, 0x1a1d2920, 0x41100e11, 0xc78b8f2f, 0x130e9829, 0x070e100e, 0x822d2607, 0x0d112108, 
    0x8c320883, 0x1c203c3c, 0x3c3c201c, 0x20fe0200, 0x0f000c03, 0x2b45fc03, 0x69c02343, 0x2b456e66, 0x84032407, 0x43787878, 0x63840508, 0x86c4ff21, 
    0x4a2b4563, 0x64789b25, 0x435cfe73, 0x6f8f0686, 0x6f82ce20, 0x230d2b45, 0x4058500f, 0x251a2b45, 0x01010057, 0x2b456100, 0x45288a22, 0xb4292e2b, 
    0x420f0830, 0x10262055, 0x072b4524, 0x2f70032c, 0x3a100b08, 0x101c1c22, 0x37446422, 0x03202408, 0x8288ff0c, 0x001b26bf, 0x40530022, 0x095f4250, 
    0x05012136, 0x004c0304, 0x00050004, 0x08800504, 0x05050206, 0x01030084, 0x0966a819, 0x8f186920, 0x1c2b0a52, 0x1c00011c, 0x20221c22, 0x421d1e1f, 
    0x0920095d, 0x441c5d42, 0x544206ee, 0xd6fe2813, 0x65748074, 0x4203514f, 0x6e241350, 0x0049496e, 0x02320082, 0xf2fe5a00, 0xca035802, 0x1a000300, 
    0x27402a00, 0x9d82010f, 0x03020027, 0x004c0201, 0x05685f00, 0x01037008, 0x03010485, 0x04047603, 0x1a041a04, 0x05111b12, 0x132b1906, 0x03113311, 
    0x37363411, 0x35363637, 0x17372335, 0x06141523, 0x06060707, 0x785a1115, 0x91252c78, 0xaa6e1d19, 0x20286eaa, 0x011c199b, 0xfd5e026c, 0x012dfdfb, 
    0x1b592c7d, 0x132d126c, 0xb4aaaaaa, 0x73184b25, 0xfe1d3413, 0x0002008e, 0x0142ff69, 0x007a03ef, 0x001e0005, 0x84444047, 0x01002378, 0x86830109, 
    0x0105672a, 0x04070003, 0x00670703, 0x092cc118, 0x02080a38, 0x4f060406, 0x00000606, 0x1e061e06, 0x1415191a, 0x0c0d1213, 0x42820708, 0x11110523, 
    0x4275180b, 0x1333290a, 0x33171616, 0x35262632, 0x2808b182, 0x26260323, 0x16162327, 0x50691115, 0x815df1dd, 0x0a05150c, 0x4b080801, 0x170c805c, 
    0x0b050a06, 0xea019001, 0xfd4b61fe, 0x2c0682b2, 0x17471cdb, 0x011b4130, 0x0116fe13, 0x250b8225, 0xfe20511b, 0x008200ed, 0x32000339, 0x2602b0ff, 
    0x1a006b03, 0x32002300, 0x41404400, 0x06022632, 0x824c0107, 0x01052fca, 0x04690502, 0x00010203, 0x07010607, 0xa1830069, 0x82005721, 0x085f22a8, 
    0x3a0c8201, 0x2d00014f, 0x2124252b, 0x141b1c1f, 0x080c0e12, 0x011a0006, 0x16060919, 0x8222172b, 0x363429a0, 0x34353333, 0x32333636, 0x1520a282, 
    0x15250582, 0x23061411, 0xa15b1801, 0x18132007, 0x3207e36e, 0x14150622, 0x196e1716, 0x0a192323, 0x35335130, 0x830a2e51, 0xdefe2a0b, 0x2d2d37c8, 
    0x12593737, 0x39078326, 0x23501225, 0x19b20119, 0x4d33e723, 0x324c2c2a, 0xfe1923e7, 0x0223194e, 0x2382e62b, 0x71fd2d29, 0x222807a0, 0x82313128, 
    0x00073304, 0xfed8ff01, 0x035802d4, 0x000400fc, 0x04144017, 0x7c180001, 0xf0820726, 0x10117636, 0x2b180602, 0x33112313, 0x32320a01, 0xd4fe4e02, 
    0x6cfd2805, 0x00231982, 0x19000001, 0x2008e30d, 0x8fde181e, 0x01112a1d, 0x01013301, 0x24fee201, 0x20048270, 0x2436821e, 0xfd960292, 0x20478b6c, 
    0x227f8480, 0x821a401d, 0x01002127, 0x37088042, 0x00007601, 0x04000400, 0x17060312, 0x3302092b, 0xfd4e0211, 0x324e02b2, 0x94244282, 0xd8fa9402, 
    0x87aa1d82, 0x86844082, 0xe2011e25, 0x8224fe70, 0x02d4218a, 0xfd234582, 0x846efd6a, 0xff552a47, 0x022b0235, 0x00190026, 0x05e3505f, 0x0100222b, 
    0x005f0201, 0x4d3b0202, 0x3d668203, 0x07085f04, 0x39040402, 0x0505004d, 0x06005f06, 0x4e063d06, 0x001f401b, 0x05060005, 0x2b956306, 0x594e0424, 
    0x5d821040, 0x19001925, 0x83112521, 0x09092400, 0x78332b1d, 0x1123054b, 0x5a231533, 0xbc61075a, 0x372b0805, 0x01afc355, 0x21cfb909, 0x3c191e1e, 
    0x2043374e, 0x82015227, 0x522cfe52, 0x16152d1b, 0x28353c1c, 0x001e361a, 0x00ffff00, 0x832bff55, 0x260221ab, 0x00269782, 0x78060700, 0x65826702, 
    0x16000025, 0x84000e01, 0x20048212, 0x85118214, 0x0001240b, 0x86140013, 0x00022417, 0x86270017, 0x00032a0b, 0x003e000b, 0x04010003, 0x222b8209, 
    0x864900bc, 0x0001240b, 0x8605011c, 0x0002240b, 0x8621010e, 0x0003240b, 0x862f013c, 0x0004240b, 0x866b012c, 0x0005240b, 0x86970154, 0x0006240b, 
    0x86eb012a, 0x0007240b, 0x86150262, 0x0008240b, 0x86770212, 0x0009240b, 0x8689024a, 0x000b240b, 0x86d30232, 0x000c230b, 0x77870332, 0x22010d24, 
    0x17863703, 0x36000e24, 0x0b855904, 0x2822d082, 0x0b868f04, 0x26000124, 0x0b86b704, 0x2e000224, 0x0b86dd04, 0x1600033e, 0x6c430b05, 0x69737361, 
    0x6f632063, 0x7274736e, 0x69746375, 0x6c436e6f, 0x6465736f, 0x4238128c, 0x656b6f72, 0x7165206e, 0x736c6175, 0x67696c20, 0x72757461, 0x61527365, 
    0x623c2883, 0x66207261, 0x6f004300, 0x79007000, 0x69007200, 0x68006700, 0x20007400, 0x30003200, 0x20220384, 0x11825400, 0x11826520, 0x65004a22, 
    0x42201982, 0x61202582, 0x6e222782, 0x13827300, 0x39824d20, 0x03826e20, 0x50002022, 0x6f221782, 0x23826a00, 0x3f846320, 0x75004122, 0x68200782, 
    0x72201b82, 0x28202984, 0x74205784, 0x73246782, 0x2f003a00, 0x67200182, 0x74204582, 0x75261582, 0x2e006200, 0x29826300, 0x15826d20, 0x2f216591, 
    0x87139100, 0x92292077, 0x0020211b, 0x52201d87, 0x67208d82, 0x6c228782, 0x9d826100, 0x65823220, 0xd5823320, 0x3b003422, 0x42203582, 0xd18f0584, 
    0x2d213987, 0x913b8d00, 0x20658981, 0x202b8e20, 0x83758256, 0x826920f3, 0x006e23d1, 0x778b0020, 0x74002022, 0x66200182, 0x75208f82, 0x6f200782, 
    0x6922fd82, 0x09826e00, 0x28002026, 0x31007600, 0x3820a182, 0x34200382, 0x37260382, 0x35002d00, 0x03826400, 0x93006221, 0x22a9b5e5, 0x82730069, 
    0x82612091, 0x00742203, 0x20858272, 0x20ab8264, 0x2207826d, 0x826b0072, 0x006f2213, 0x16e74166, 0x91827320, 0x03827220, 0x03826f20, 0x20110b41, 
    0x24c78450, 0x0069006c, 0x24018270, 0x004e0020, 0x225d8275, 0x826c0075, 0x20df8301, 0x2255822c, 0x826f004b, 0x827320e9, 0x846120eb, 0x221783f1, 
    0x82420020, 0x826c2029, 0x826e2083, 0x006f227f, 0x10234276, 0x83007721, 0x002e2201, 0x2223826a, 0x82620074, 0x42612055, 0x3142067b, 0x82682007, 
    0x0b554251, 0x542031a1, 0x7320ad84, 0x46209382, 0x74209384, 0x53200982, 0x66200982, 0x77224982, 0x63826100, 0x11826520, 0x83052941, 0x846320d3, 
    0x8273209f, 0x82642005, 0x82752017, 0x826420bd, 0x8272200b, 0x4374200b, 0x53240619, 0x4c004900, 0x4f200f82, 0x6520fd82, 0x20211f82, 0x20598900, 
    0x89af824c, 0x822c2041, 0x0f1f4225, 0x2e003123, 0x43038300, 0x77930569, 0x43822020, 0x2005b741, 0x229f8276, 0x826c0069, 0x82622005, 0x20a78305, 
    0x06454377, 0x13822020, 0x41227783, 0x63825100, 0xcb826120, 0x07823a20, 0x220f1d41, 0x82630073, 0x006922df, 0x201f8270, 0x22778273, 0x82690073, 
    0x822e2047, 0x007226fd, 0x002f0067, 0x20b9824f, 0x1085414c, 0x432035a5, 0x73219784, 0x20538300, 0x207b8263, 0x08f14163, 0x75007222, 0x74207782, 
    0x6f236b82, 0x83006e00, 0x826f2027, 0x00652225, 0x20259a64, 0x23a78242, 0x006b006f, 0x22054f41, 0x82710065, 0x82612043, 0x82732061, 0x826c2033, 
    0x00672149, 0x7520e383, 0x65202582, 0x52204b82, 0xa1410d82, 0x82622007, 0x8272200b, 0x00662425, 0x84000200, 0x65ff2300, 0x08823200, 0x03820120, 
    0x0621028c, 0x080e82cf, 0xc9002428, 0x03010201, 0x05010401, 0x07010601, 0xc7000801, 0x0a010901, 0x0c010b01, 0x62000d01, 0xad000e01, 0x10010f01, 
    0xc2821101, 0x00ae9008, 0x00120190, 0x00260025, 0x00ff00fd, 0x01130164, 0x00270014, 0x011501e9, 0x00280016, 0x01170165, 0x01c80018, 0x011a0119, 
    0x011c011b, 0x01ca001d, 0x001f011e, 0x012001cb, 0x01220121, 0x00240123, 0x012a0029, 0x01f80025, 0x01270126, 0x00290128, 0x012a012b, 0x002c002b, 
    0x002c01cc, 0x00ce00cd, 0x002d01fa, 0x012e01cf, 0x0130012f, 0x012d0031, 0x012e0032, 0x012f0033, 0x01350134, 0x00370136, 0x003000e2, 0x01380131, 
    0x013a0139, 0x8266003b, 0xe90c07d7, 0x003c01d0, 0x013d01d1, 0x013f013e, 0x00410140, 0x00420167, 0x014301d3, 0x01450144, 0x01470146, 0x01490148, 
    0x014b014a, 0x0191004c, 0x00af004d, 0x003300b0, 0x003400ed, 0x014e0135, 0x0050014f, 0x00510136, 0x01fb00e4, 0x01530152, 0x00550154, 0x01560137, 
    0x01580157, 0x00380059, 0x005a01d4, 0x016800d5, 0x01d6005b, 0x015d015c, 0x015f015e, 0x01610160, 0x01630162, 0x01650164, 0x00670166, 0x013a0039, 
    0x01690168, 0x006b016a, 0x003c003b, 0x006c01eb, 0x016d01bb, 0x016f016e, 0x00710170, 0x0072013d, 0x017301e6, 0x01750174, 0x01770176, 0x01790178, 
    0x007b017a, 0x01690044, 0x017d017c, 0x017f017e, 0x01810180, 0x016b0082, 0x01840183, 0x01860185, 0x016c0087, 0x016a0088, 0x018a0189, 0x006e008b, 
    0x01a0006d, 0x0045008c, 0x01fe0046, 0x016f0000, 0x008e018d, 0x01ea0047, 0x0001018f, 0x01700048, 0x00910190, 0x01920172, 0x01940193, 0x00960195, 
    0x01970173, 0x01710098, 0x019a0199, 0x019c019b, 0x0049009d, 0x009e014a, 0x019f01f9, 0x01a101a0, 0x014b00a2, 0x00a401a3, 0x00d7004c, 0x01a50174, 
    0x007600a6, 0x01a70177, 0x017500a8, 0x01aa01a9, 0x00ac01ab, 0x01ad014d, 0x014e00ae, 0x00b001af, 0x01b1014f, 0x01b301b2, 0x00b501b4, 0x005000e3, 
    0x01b60151, 0x01b801b7, 0x00ba01b9, 0x00520078, 0x01bb0179, 0x017b00bc, 0x01be01bd, 0x01c001bf, 0x017c00c1, 0x017a00c2, 0x01c401c3, 0x01c601c5, 
    0x01c801c7, 0x01ca01c9, 0x00cc01cb, 0x00cd01a1, 0x00b1007d, 0x00ee0053, 0x01550054, 0x01cf01ce, 0x015600d0, 0x00e500d1, 0x01d201fc, 0x018900d3, 
    0x015700d4, 0x01d601d5, 0x00d801d7, 0x017e0058, 0x00da01d9, 0x01810080, 0x01dc01db, 0x01de01dd, 0x017f00df, 0x01e101e0, 0x01e301e2, 0x01e501e4, 
    0x01e701e6, 0x01e901e8, 0x00eb01ea, 0x015a0059, 0x01ed01ec, 0x00ef01ee, 0x005c005b, 0x00f001ec, 0x01f101ba, 0x01f301f2, 0x00f501f4, 0x00f6015d, 
    0x01f701e7, 0x01f901f8, 0x01fb01fa, 0x01fd01fc, 0x02ff01fe, 0x02010200, 0x02030202, 0x02050204, 0x02070206, 0x02090208, 0x020b020a, 0x020d020c, 
    0x020f020e, 0x02110210, 0x02130212, 0x02150214, 0x02170216, 0x02190218, 0x021b021a, 0x021d021c, 0x021f021e, 0x02210220, 0x02230222, 0x02250224, 
    0x02270226, 0x02290228, 0x022b022a, 0x022d022c, 0x022f022e, 0x02310230, 0x02330232, 0x02350234, 0x02370236, 0x02390238, 0x023b023a, 0x023d023c, 
    0x023f023e, 0x009d0040, 0x0241029e, 0x02430242, 0x02450244, 0x02470246, 0x02490248, 0x024b024a, 0x024d024c, 0x024f024e, 0x02510250, 0x02530252, 
    0x02550254, 0x02570256, 0x02590258, 0x025b025a, 0x025d025c, 0x025f025e, 0x02610260, 0x02630262, 0x02650264, 0x02670266, 0x02690268, 0x026b026a, 
    0x026d026c, 0x026f026e, 0x02710270, 0x02730272, 0x02750274, 0x02770276, 0x02790278, 0x027b027a, 0x027d027c, 0x027f027e, 0x02810280, 0x02830282, 
    0x02850284, 0x02870286, 0x02890288, 0x028b028a, 0x028d028c, 0x028f028e, 0x02910290, 0x02930292, 0x02950294, 0x02970296, 0x02990298, 0x029b029a, 
    0x029d029c, 0x029f029e, 0x02a102a0, 0x02a302a2, 0x02a502a4, 0x02a702a6, 0x02a902a8, 0x02ab02aa, 0x02ad02ac, 0x02af02ae, 0x02b102b0, 0x02b302b2, 
    0x02b502b4, 0x02b702b6, 0x02b902b8, 0x02bb02ba, 0x02bd02bc, 0x02bf02be, 0x02c102c0, 0x02c302c2, 0x02c502c4, 0x02c702c6, 0x02c902c8, 0x02cb02ca, 
    0x02cd02cc, 0x02cf02ce, 0x02d102d0, 0x02d302d2, 0x02d502d4, 0x02d702d6, 0x02d902d8, 0x02db02da, 0x02dd02dc, 0x02df02de, 0x02e102e0, 0x02e302e2, 
    0x02e502e4, 0x02e702e6, 0x02e902e8, 0x02eb02ea, 0x02ed02ec, 0x02ef02ee, 0x02f102f0, 0x02f302f2, 0x02f502f4, 0x02f702f6, 0x02f902f8, 0x02fb02fa, 
    0x029b00fc, 0x02fe02fd, 0x030003ff, 0x03020301, 0x03040303, 0x03060305, 0x03080307, 0x030a0309, 0x030c030b, 0x030e030d, 0x0310030f, 0x03120311, 
    0x03140313, 0x03160315, 0x03180317, 0x031a0319, 0x031c031b, 0x031e031d, 0x0320031f, 0x03220321, 0x03240323, 0x03260325, 0x03280327, 0x032a0329, 
    0x032c032b, 0x032e032d, 0x0330032f, 0x03320331, 0x03340333, 0x03360335, 0x03380337, 0x033a0339, 0x033c033b, 0x033e033d, 0x0340033f, 0x03420341, 
    0x03440343, 0x03460345, 0x03480347, 0x034a0349, 0x0013004b, 0x00150014, 0x00170016, 0x00190018, 0x001b001a, 0x034c031c, 0x034e034d, 0x0350034f, 
    0x03520351, 0x03540353, 0x03560355, 0x03580357, 0x035a0359, 0x035c035b, 0x035e035d, 0x0360035f, 0x03620361, 0x03640363, 0x03660365, 0x03680367, 
    0x036a0369, 0x036c036b, 0x036e036d, 0x0370036f, 0x03720371, 0x03740373, 0x03760375, 0x03780377, 0x037a0379, 0x037c037b, 0x037e037d, 0x0380037f, 
    0x03820381, 0x03840383, 0x03860385, 0x03880387, 0x038a0389, 0x038c038b, 0x00bc008d, 0x00f500f4, 0x038e03f6, 0x0390038f, 0x00920391, 0x000f0011, 
    0x001e001d, 0x000400ab, 0x002200a3, 0x00c300a2, 0x030d0087, 0x03940393, 0x03960395, 0x03060097, 0x00990398, 0x033f0012, 0x039b039a, 0x009d039c, 
    0x000c000b, 0x0060005e, 0x0340003e, 0x039f039e, 0x03a103a0, 0x03a303a2, 0x03a503a4, 0x03a703a6, 0x03a903a8, 0x00ab03aa, 0x00ac0310, 0x03b300b2, 
    0x004200ad, 0x00c500c4, 0x00b500b4, 0x03b700b6, 0x00af03ae, 0x00aa00a9, 0x03bf00be, 0x000500b0, 0x03b1030a, 0x03b303b2, 0x03b503b4, 0x03b703b6, 
    0x03b903b8, 0x03bb03ba, 0x03bd03bc, 0x03bf03be, 0x03c103c0, 0x03c303c2, 0x03c503c4, 0x03c703c6, 0x03c903c8, 0x03cb03ca, 0x03cd03cc, 0x03cf03ce, 
    0x03d103d0, 0x03d303d2, 0x03d503d4, 0x03d703d6, 0x03d903d8, 0x03db03da, 0x03dd03dc, 0x03df03de, 0x03e103e0, 0x03e303e2, 0x03e503e4, 0x03e703e6, 
    0x03e903e8, 0x03eb03ea, 0x03ed03ec, 0x03ef03ee, 0x03f103f0, 0x03f303f2, 0x03f503f4, 0x03f703f6, 0x03f903f8, 0x03fb03fa, 0x03fd03fc, 0x04ff03fe, 
    0x04010400, 0x04030002, 0x04040403, 0x00060405, 0x00bd0084, 0x04070407, 0x04a60008, 0x000a0409, 0x000b0485, 0x040c0496, 0x040e040d, 0x0410040f, 
    0x04120411, 0x04140413, 0x04160415, 0x04180417, 0x041a0419, 0x041c041b, 0x041e041d, 0x0420041f, 0x04220421, 0x04240423, 0x04260425, 0x04280427, 
    0x042a0429, 0x042c042b, 0x042e042d, 0x0430042f, 0x04320431, 0x04340433, 0x04360435, 0x04380437, 0x043a0439, 0x043c043b, 0x043e043d, 0x0440043f, 
    0x04420441, 0x04440443, 0x04460445, 0x04480447, 0x044a0449, 0x044c044b, 0x044e044d, 0x0450044f, 0x00520451, 0x00ef000e, 0x00b800f0, 0x008f0020, 
    0x001f0021, 0x00940095, 0x00a70093, 0x006100a4, 0x04920041, 0x04540453, 0x04560455, 0x049c0057, 0x009a0058, 0x00a50099, 0x04590498, 0x045b045a, 
    0x045d045c, 0x045f045e, 0x00080060, 0x046104c6, 0x04630462, 0x04650464, 0x04670466, 0x04690468, 0x046b046a, 0x046d046c, 0x046f046e, 0x04710470, 
    0x04730472, 0x04750474, 0x04770476, 0x04790478, 0x047b047a, 0x047d047c, 0x047f047e, 0x04810480, 0x04830482, 0x04850484, 0x04870486, 0x04890488, 
    0x048b048a, 0x048d048c, 0x048f048e, 0x04910490, 0x04930492, 0x04950494, 0x04970496, 0x04990498, 0x049b049a, 0x049d049c, 0x049f049e, 0x04a104a0, 
    0x04a304a2, 0x04a504a4, 0x04a704a6, 0x04a904a8, 0x04ab04aa, 0x04ad04ac, 0x04af04ae, 0x04b104b0, 0x04b304b2, 0x04b504b4, 0x04b704b6, 0x04b904b8, 
    0x04bb04ba, 0x04bd04bc, 0x04bf04be, 0x04c104c0, 0x04c304c2, 0x04c504c4, 0x04c704c6, 0x04c904c8, 0x04cb04ca, 0x04cd04cc, 0x04cf04ce, 0x04d104d0, 
    0x04d304d2, 0x04d504d4, 0x04d704d6, 0x04d904d8, 0x04db04da, 0x04dd04dc, 0x04df04de, 0x04e104e0, 0x04e304e2, 0x04e504e4, 0x04e704e6, 0x04e904e8, 
    0x04eb04ea, 0x00ed04ec, 0x04ee04b9, 0x04f004ef, 0x04f204f1, 0x04f404f3, 0x04f604f5, 0x04f804f7, 0x04fa04f9, 0x04fc04fb, 0x04fe04fd, 0x050005ff, 
    0x05020501, 0x05040503, 0x05060505, 0x05080507, 0x050a0509, 0x050c050b, 0x050e050d, 0x0510050f, 0x05120511, 0x05140513, 0x05160515, 0x05180517, 
    0x051a0519, 0x051c051b, 0x051e051d, 0x0520051f, 0x05220521, 0x05240523, 0x05260525, 0x05280527, 0x052a0529, 0x052c052b, 0x052e052d, 0x0530052f, 
    0x05320531, 0x05340533, 0x05360535, 0x05380537, 0x053a0539, 0x053c053b, 0x053e053d, 0x0540053f, 0x05420541, 0x05440543, 0x05460545, 0x05480547, 
    0x054a0549, 0x054c054b, 0x054e054d, 0x0550054f, 0x05520551, 0x05540553, 0x05560555, 0x05580557, 0x055a0559, 0x055c055b, 0x055e055d, 0x0560055f, 
    0x05620561, 0x05640563, 0x05660565, 0x05680567, 0x056a0569, 0x056c056b, 0x056e056d, 0x0570056f, 0x05720571, 0x05740573, 0x05760575, 0x05780577, 
    0x057a0579, 0x057c057b, 0x057e057d, 0x0580057f, 0x05820581, 0x05840583, 0x05860585, 0x05880587, 0x058a0589, 0x058c058b, 0x058e058d, 0x0590058f, 
    0x05920591, 0x05940593, 0x05960595, 0x05980597, 0x059a0599, 0x059c059b, 0x059e059d, 0x05a0059f, 0x05a205a1, 0x05a405a3, 0x05a605a5, 0x05a805a7, 
    0x05aa05a9, 0x05ac05ab, 0x05ae05ad, 0x05b005af, 0x05b205b1, 0x05b405b3, 0x05b605b5, 0x05b805b7, 0x05ba05b9, 0x05bc05bb, 0x05be05bd, 0x05c005bf, 
    0x05c205c1, 0x05c405c3, 0x05c605c5, 0x05c805c7, 0x05ca05c9, 0x05cc05cb, 0x05ce05cd, 0x05d005cf, 0x05d205d1, 0x05d405d3, 0x05d605d5, 0x05d805d7, 
    0x002300d9, 0x00880009, 0x008b0086, 0x008c008a, 0x05da0583, 0x005f00db, 0x058200e8, 0x05c200dc, 0x05de05dd, 0x05e005df, 0x05e205e1, 0x05e405e3, 
    0x05e605e5, 0x05e805e7, 0x05ea05e9, 0x05ec05eb, 0x05ee05ed, 0x05f005ef, 0x05f205f1, 0x05f405f3, 0x05f605f5, 0x05f805f7, 0x05fa05f9, 0x05fc05fb, 
    0x05fe05fd, 0x060006ff, 0x06020601, 0x06040603, 0x06060605, 0x06080607, 0x060a0609, 0x060c060b, 0x060e060d, 0x0610060f, 0x06120611, 0x06140613, 
    0x06160615, 0x06180617, 0x061a0619, 0x061c061b, 0x061e061d, 0x0620061f, 0x06220621, 0x06240623, 0x06260625, 0x06280627, 0x062a0629, 0x062c062b, 
    0x062e062d, 0x0630062f, 0x06320631, 0x06340633, 0x06360635, 0x06380637, 0x063a0639, 0x063c063b, 0x063e063d, 0x0640063f, 0x06420641, 0x06440643, 
    0x06460645, 0x06480647, 0x064a0649, 0x064c064b, 0x064e064d, 0x0650064f, 0x06520651, 0x06540653, 0x06560655, 0x06580657, 0x065a0659, 0x065c065b, 
    0x065e065d, 0x0660065f, 0x06620661, 0x06640663, 0x06660665, 0x06680667, 0x066a0669, 0x066c066b, 0x066e066d, 0x0670066f, 0x06720671, 0x06740673, 
    0x06760675, 0x06780677, 0x067a0679, 0x067c067b, 0x067e067d, 0x0680067f, 0x06820681, 0x06840683, 0x06860685, 0x06880687, 0x068a0689, 0x068c068b, 
    0x068e068d, 0x0690068f, 0x06920691, 0x06940693, 0x06960695, 0x06980697, 0x008e0099, 0x004300dc, 0x00df008d, 0x00e100d8, 0x00dd00db, 0x00da00d9, 
    0x06e000de, 0x069b069a, 0x069d069c, 0x069f069e, 0x06a106a0, 0x06a306a2, 0x06a506a4, 0x06a706a6, 0x06a906a8, 0x06ab06aa, 0x06ad06ac, 0x06af06ae, 
    0x06b106b0, 0x06b306b2, 0x06b506b4, 0x06b706b6, 0x06b906b8, 0x06bb06ba, 0x06bd06bc, 0x06bf06be, 0x06c106c0, 0x06c306c2, 0x06c506c4, 0x06c706c6, 
    0x06c906c8, 0x06cb06ca, 0x06cd06cc, 0x06cf06ce, 0x06d106d0, 0x06d306d2, 0x06d506d4, 0x06d706d6, 0x06d906d8, 0x06db06da, 0x65726241, 0x75076576, 
    0x4531696e, 0x07854541, 0x86364221, 0x86302007, 0x86322007, 0x83342007, 0x31302307, 0x0f854443, 0x0f844120, 0x43203782, 0x37860f86, 0x86384121, 
    0x8641200f, 0x86302007, 0x32330807, 0x616d4107, 0x6e6f7263, 0x676f4107, 0x6b656e6f, 0x61454107, 0x65747563, 0x6963430b, 0x6d756372, 0x78656c66, 
    0x6f64430a, 0x63636174, 0x06746e65, 0x82616344, 0x2506822d, 0x74616f72, 0xab844506, 0x84450621, 0x20528514, 0x20b28642, 0x207a8643, 0x206a8643, 
    0x23b28643, 0x450a3443, 0x32864e88, 0x42239d86, 0x86450741, 0x8645208d, 0x6e75268d, 0x39313069, 0x84278630, 0x313025d5, 0x47063446, 0x0b217184, 
    0x41a48947, 0x32230508, 0x88470a32, 0x4804265d, 0x0b726162, 0x21238948, 0x5b414906, 0x4143200a, 0x4323060b, 0x86490738, 0x85492075, 0x49062875, 
    0x646c6974, 0x8f4a0b65, 0x36332a5d, 0x63614c06, 0x06657475, 0x25f1884c, 0x42333130, 0x73824c04, 0x854e0621, 0x8a4e201a, 0x3534271a, 0x676e4503, 
    0x768a4f06, 0xcc864420, 0xf4864420, 0x17414420, 0x41442006, 0x442006ba, 0x84073741, 0x453129ec, 0x4f054543, 0x6e726f68, 0x20050241, 0x20b48644, 
    0x86358745, 0x41442025, 0x45310675, 0x684f0d30, 0x61676e75, 0x6c6d7572, 0x07747561, 0x2dda864f, 0x30696e75, 0x0b414531, 0x616c734f, 0xa9856873, 
    0x06865220, 0x3523b08a, 0x84530636, 0x530b2115, 0x3221fc8e, 0x20b08631, 0x2a6a8439, 0x46383130, 0x61625404, 0x8a540672, 0x8436203e, 0x32302596, 
    0x55064131, 0x4520f38a, 0x4523db86, 0x89550536, 0x864520cb, 0x30462150, 0x4520db85, 0xd386db87, 0x0d454523, 0x20cb8c55, 0x20cb8655, 0x05a64155, 
    0x7255052e, 0x06676e69, 0x6c697455, 0x57066564, 0x5720b685, 0x0932b689, 0x65696457, 0x69736572, 0x67570673, 0x65766172, 0xd38d590b, 0x46453125, 
    0x84590634, 0x2181851a, 0x07833646, 0x33323022, 0x1e82c684, 0x5a063822, 0x0a215684, 0x0854425a, 0x2e570627, 0x37307663, 0x846f850b, 0x8a10200b, 
    0x20108474, 0x8479880e, 0x850b200e, 0x210b847e, 0x06834b06, 0x750c3828, 0x3130696e, 0x0c843633, 0x82510621, 0x36312306, 0x32416106, 0x4641210a, 
    0x42219285, 0x20078637, 0x20078631, 0x20078633, 0x22aa8435, 0x85454331, 0x8441200f, 0x4531220f, 0x07094441, 0x41213786, 0x201f8639, 0x20078642, 
    0x22078631, 0x41610733, 0x6120064e, 0x22054e41, 0x84656107, 0x630b21eb, 0x21092541, 0xf789630a, 0x61636427, 0x066e6f72, 0x05f24365, 0xf5416520, 
    0x45312208, 0x20ab8642, 0x20738643, 0x20638643, 0x23ab8643, 0x650a3543, 0x860ff243, 0x42422396, 0x86866507, 0xf2436520, 0x84528209, 0x323022c6, 
    0x25278435, 0x35463130, 0xf2436706, 0x41672005, 0x30250dc3, 0x0a333231, 0x265d8867, 0x61626804, 0x89680b72, 0x69062123, 0x2d085441, 0x30443130, 
    0x6c2e6909, 0x546c636f, 0x06414b52, 0x41432005, 0x43230616, 0x86690739, 0x85692087, 0x69062687, 0x646c6974, 0x25268365, 0x37333230, 0x778f6a0b, 
    0x0c373334, 0x6572676b, 0x616c6e65, 0x6369646e, 0x63616c06, 0x2f857475, 0x42393124, 0x20416c06, 0x31302508, 0x6c044333, 0x0621a282, 0x2d22846e, 
    0x70616e0b, 0x7274736f, 0x6568706f, 0x268a6e06, 0x03363427, 0x06676e65, 0x42b18b6f, 0x44210689, 0x21af8531, 0x07863944, 0x20065a41, 0x06f64144, 
    0x7a414420, 0x85442007, 0x4643231f, 0x69436f05, 0x86442009, 0x874520e5, 0x20258635, 0x06b84144, 0x0d314523, 0x0c69436f, 0x35446f20, 0x0b42220c, 
    0x0a35446f, 0xc4847220, 0x8a720621, 0x373523b8, 0x15847306, 0x41730b21, 0x322f0e25, 0x6c053931, 0x73676e6f, 0x61627404, 0x8a740672, 0x84362034, 
    0x3230258c, 0x75064231, 0x3420f18b, 0x3021c183, 0x051f4531, 0x41200782, 0x43200f86, 0x36200786, 0x4520e185, 0x4523f986, 0x89750537, 0x414520e9, 
    0x4621061f, 0x87258631, 0x23f186f9, 0x750d4645, 0x7520e98c, 0xf541e987, 0x75052e05, 0x676e6972, 0x69747506, 0x0665646c, 0x20d48577, 0x21d48977, 
    0x53447709, 0x67772708, 0x65766172, 0xf18d790b, 0x46453125, 0x44790635, 0x37200b53, 0x3221b784, 0x82ee8433, 0x0639221e, 0x0553447a, 0xb5427a20, 
    0x670f3708, 0x616d7265, 0x6c62646e, 0x61632e73, 0x6c06746c, 0x3076632e, 0x52420b31, 0x240b8605, 0x6f726163, 0x440b846e, 0x4320063c, 0x09210c84, 
    0x8446826c, 0x6c0b2609, 0x73616c73, 0x210b8468, 0x06837406, 0x74093225, 0x84726162, 0x410b2009, 0x0b84057a, 0x36213f85, 0x220c8933, 0x84423132, 
    0x6706210c, 0x33200683, 0x46212085, 0x260c8435, 0x7262670b, 0x86657665, 0x2185880b, 0x89431033, 0x20358a0a, 0x21568432, 0x93430f33, 0x211c8409, 
    0x06836a06, 0x59843420, 0x37333222, 0x10200c84, 0x840a5343, 0x20f78510, 0x82f78a35, 0x2071880b, 0x20f78b35, 0x82f78835, 0x22f78822, 0x836d0635, 
    0x06362248, 0x05a44577, 0x8405c041, 0x4110200b, 0x10840ac5, 0xca410e20, 0x200e8408, 0x05cf410b, 0x06210b84, 0x0ba4456b, 0x3821ac84, 0x0bec4311, 
    0x06211e84, 0x22068366, 0x82720639, 0x30312206, 0x0517430b, 0xb4870b86, 0x85303121, 0x833520b4, 0x30312344, 0x1f837906, 0x790b3127, 0x74756361, 
    0x200b8465, 0x0a404210, 0x0e211084, 0x07624279, 0x3f830e84, 0x46453123, 0x200c8435, 0x0559420b, 0x5884188b, 0x65843120, 0x33333222, 0x3920198b, 
    0x06210c84, 0x22068375, 0x88750b32, 0x410b8272, 0x312307d1, 0x42751032, 0x288409bf, 0x8b750e21, 0x8532207e, 0x8445207e, 0x2338827e, 0x76617267, 
    0x1887b784, 0x32267e84, 0x6f68750a, 0x3f846e72, 0x7c843086, 0x46212486, 0x20198b31, 0x200c8b42, 0x200c8b44, 0x200c8446, 0x0ca04312, 0x0c201284, 
    0x8606a543, 0x05aa430c, 0x0a250c84, 0x6e697275, 0x200a8467, 0x05b4430b, 0x06210b84, 0x21068366, 0xa1410b37, 0x732e2405, 0x82303273, 0x27068312, 
    0x696e7507, 0x30313430, 0x31200786, 0x32200786, 0x33200786, 0x30200785, 0x794a0786, 0x442f8205, 0x34220594, 0x1f863531, 0x36203787, 0x31200f85, 
    0x2005e443, 0x05234934, 0x39202f82, 0xbc441786, 0x30342105, 0x2205bc44, 0x86423134, 0x200f8717, 0x200f8644, 0x20078645, 0x20078546, 0x209f8632, 
    0x20678632, 0x209f8632, 0x20978632, 0x202f8630, 0x20978632, 0x20978632, 0x20878632, 0x21978632, 0x4f863832, 0x30208f86, 0x7f865f87, 0x9f863220, 
    0x97863220, 0x27873020, 0x30201786, 0x30205786, 0xaf866787, 0x5f863020, 0x6f863020, 0x67863020, 0x47863020, 0x9f873220, 0x30206f86, 0x3920bf86, 
    0x5f860787, 0x0f864120, 0x2305e74c, 0x30423430, 0xef4caf85, 0x860f8205, 0x060c4627, 0x86443421, 0x05ee4ab7, 0x4a343021, 0x07820558, 0x524a8f86, 
    0x34302205, 0x05684446, 0x49313421, 0x0c200560, 0x2005f441, 0x09d54341, 0x43303422, 0x39200c8a, 0x3220198b, 0x23094443, 0x45303430, 0x23085143, 
    0x31323430, 0x39200c82, 0x20062241, 0x21aa8633, 0xb2853133, 0x2105334a, 0xe7453430, 0x34302205, 0x06aa4135, 0x1f873920, 0x20064241, 0x06524133, 
    0x17873520, 0x3320ba86, 0x20064a41, 0x064a4133, 0x67873320, 0x20060241, 0x20fa8635, 0x06624133, 0x0f873320, 0x20069241, 0x06724133, 0x72413320, 
    0x86342006, 0x8634209f, 0x41342067, 0x3420066a, 0x35209786, 0x34202f86, 0x34209786, 0x34209786, 0x34208786, 0x34209786, 0x34208f86, 0x35208f86, 
    0x7f865f87, 0x9f863420, 0x97863420, 0x2106b149, 0x17863534, 0x57863520, 0x67873520, 0x3520af86, 0x35205f86, 0x35206f86, 0x35206786, 0x34204786, 
    0x6f869f87, 0xbf863520, 0xbf863920, 0x27863920, 0x0f864120, 0x2305304b, 0x31423430, 0x4b058f41, 0x0f820538, 0x39492786, 0x34302205, 0x487f8644, 
    0x302105fb, 0x05474834, 0x87860782, 0x22054148, 0x46463430, 0x3422056e, 0xb8463835, 0x4b342009, 0x4f4206b0, 0x42332005, 0x35200b35, 0x200c4f42, 
    0x0a5c4242, 0x4f423420, 0x4235200b, 0x34200b4f, 0x30054f42, 0x706c4105, 0x42046168, 0x05617465, 0x6d6d6147, 0x2cc08461, 0x07343933, 0x69737045, 
    0x046e6f6c, 0x211a825a, 0x1e824503, 0x82685421, 0x49042209, 0x080a826f, 0x70614b2f, 0x4c066170, 0x64626d61, 0x754d0261, 0x02754e02, 0x4f076958, 
    0x7263696d, 0x50026e6f, 0x68520369, 0x6953056f, 0x03616d67, 0x07756154, 0x254a8555, 0x69685003, 0x03824303, 0x69735022, 0x41226685, 0x7f840a39, 
    0x6e6f7425, 0x860c736f, 0x200c8471, 0x84718208, 0x83092008, 0x20098470, 0x855f860c, 0x8453860c, 0x4f0a250c, 0x6167656d, 0x0c200a84, 0x44462e83, 
    0x860f2007, 0x850f8724, 0x46432274, 0x41bf840a, 0x33220926, 0x0c844643, 0x6c610527, 0x04616870, 0x2de78262, 0x6d616705, 0x6405616d, 0x61746c65, 
    0xbf856507, 0x827a0421, 0x82032018, 0x74052203, 0x30058268, 0x746f6904, 0x616b0561, 0x06617070, 0x626d616c, 0x063b4164, 0x02434229, 0x7802756e, 
    0x416f0769, 0x0323050f, 0x866f6872, 0x05322c79, 0x6d676973, 0x61740361, 0x85750775, 0x70032554, 0x63036968, 0x0e820382, 0x836f0521, 0x830920c7, 
    0x83cc8557, 0x20bc8709, 0x850c8b11, 0x8442861e, 0x860f200c, 0x202e870c, 0x840f8e14, 0x860c2024, 0x200c8492, 0x856d840a, 0x41f8840a, 0xec860585, 
    0x82058541, 0x850884e6, 0x05e84bbf, 0x4b333021, 0x078205f8, 0x840a3621, 0x632e2afe, 0x0a383076, 0x6d6d6167, 0x220a8261, 0x410b3131, 0x0b84050e, 
    0x31750626, 0x30313936, 0x44230682, 0x85383335, 0x83392006, 0x3132234e, 0x0e853230, 0x06854220, 0x06854320, 0x06854420, 0x23864520, 0x34210e85, 
    0x21158430, 0x06853134, 0x34213885, 0x200d8533, 0x212a8534, 0x0e853531, 0x0e863620, 0x31216586, 0x860f8641, 0x85412049, 0x20748525, 0x20748534, 
    0x201b8634, 0x201b8545, 0x21068446, 0x38853035, 0x85343221, 0x2074850e, 0x20748535, 0x85148635, 0x36352173, 0x37202285, 0xe6850685, 0x85393521, 
    0x2070850d, 0x20708535, 0x20708535, 0x20708535, 0x20708535, 0x21708535, 0x30843036, 0x85313621, 0x206f8506, 0x206f8536, 0x206f8536, 0x206f8536, 
    0x206f8536, 0x206f8536, 0x206f8536, 0x206f8536, 0x276f8536, 0x7a094236, 0x2e6f7265, 0x082c0483, 0x2e6f7774, 0x38317663, 0x78697308, 0x09240884, 
    0x656e696e, 0x0a250984, 0x68676965, 0x240a8374, 0x69660939, 0x48148376, 0x32220500, 0x00413830, 0x38302605, 0x6e750731, 0x200f8269, 0x20078632, 
    0x41078633, 0x30220578, 0x0f863538, 0x22057941, 0x86373830, 0x8638200f, 0x85392007, 0x6e64258a, 0x6f086d6f, 0x08847782, 0x08839383, 0x68740a26, 
    0x2e656572, 0x09240a83, 0x72756f66, 0x8a830986, 0xb2832784, 0x73242784, 0x6e657665, 0xb3861d84, 0xc8843284, 0xee840984, 0x6d756e23, 0x84638472, 
    0x83638308, 0x83638608, 0x8563850a, 0x84638309, 0x84638327, 0x84638527, 0x0517410a, 0x63842884, 0xcf850983, 0x83303721, 0x30302307, 0x07863942, 
    0x07863220, 0x20061741, 0x06174137, 0x17413720, 0x41372006, 0x37200617, 0x20061741, 0x06174137, 0x0c393722, 0x24065741, 0x3176632e, 0x200c8638, 
    0x200c8b36, 0x200c8439, 0x072b410d, 0x11410d85, 0x200d8407, 0x0800410e, 0xaa832a89, 0x0d882a89, 0x0e882a85, 0xc4826f83, 0x6f8a3220, 0x7c8b3720, 
    0x7c853720, 0x38209686, 0x39212683, 0x0515410f, 0x6f6e6423, 0x870f8b6d, 0x20d08653, 0x862c8537, 0x82352039, 0x30322329, 0xd141660e, 0x860e8a07, 
    0x30322137, 0x37202a85, 0x0c852a85, 0x2e303827, 0x6f72657a, 0x2004830e, 0x8970842e, 0x8337840e, 0x202a850e, 0x252a8537, 0x696e7507, 0xc9534130, 
    0x30322105, 0x82055348, 0x067d4107, 0x0936312b, 0x6c637865, 0x62646d61, 0x05c7416c, 0x0e443330, 0x64656e6f, 0x6e65746f, 0x6461656c, 0x16867265, 
    0x08057a44, 0x46333024, 0x6c6f630a, 0x632e6e6f, 0x1b657361, 0x69726570, 0x6563646f, 0x7265746e, 0x6c2e6465, 0x436c636f, 0x1b845441, 0x1b951620, 
    0x46214d83, 0x05524846, 0x44200782, 0x37205d84, 0x22053c42, 0x85363732, 0x37372265, 0x21178531, 0x07844636, 0xcd4a3320, 0x33322205, 0x05b64430, 
    0x42433721, 0x33200544, 0x82051d4b, 0x84422017, 0x56372027, 0x322105e2, 0x066c4339, 0x38383922, 0x3020fe84, 0x26058353, 0x30313032, 0x8275710d, 
    0x657227da, 0x73726576, 0x35846465, 0x85313021, 0x33302a65, 0x79681234, 0x6e656870, 0x2506855f, 0x67696c2e, 0x128c1961, 0x2820198b, 0x622a198d, 
    0x65636172, 0x68676972, 0x0a895f74, 0x1a204284, 0x6726288d, 0x74616572, 0x1a847265, 0x1a860f20, 0x85616221, 0x8613200f, 0x20238b0f, 0x20138d1b, 
    0x201b8b5f, 0x231b8610, 0x7373656c, 0x15205084, 0x5f20108a, 0x16201588, 0x61231586, 0x53696373, 0x2c840545, 0xa8841820, 0x66656c22, 0x0983b286, 
    0x26201884, 0xfa861892, 0x200b0141, 0x42268923, 0x23920545, 0x23901c20, 0x67842a85, 0x1c891220, 0x20070141, 0x1947411a, 0x1a831420, 0x74656b22, 
    0x3141b085, 0x8b152006, 0x84f08814, 0x412a8275, 0x6e29058f, 0x65626d75, 0x67697372, 0x4275856e, 0x5f20059a, 0x12840685, 0x128c1920, 0x1720198b, 
    0x6188198d, 0x17861420, 0x65757126, 0x6f697473, 0x11205985, 0x65241486, 0x6c617571, 0x10265884, 0x6f6c6f63, 0x05845f6e, 0x16201084, 0x1697108a, 
    0x13203e89, 0x648c2d85, 0x138d1b20, 0x850d0f42, 0x2040891b, 0x42108512, 0x12850c73, 0x1824c988, 0x696d6573, 0x09881385, 0x2220aa84, 0x5f201892, 
    0x1220228d, 0x2005cc41, 0x0ad3415f, 0x128c1d20, 0x200f0b43, 0x411d8711, 0x17200821, 0x5f20118b, 0x1420b989, 0x8d41f487, 0x8813200b, 0x0a514114, 
    0x26411388, 0x901f200c, 0x8c5f2016, 0x894a891f, 0x611f2973, 0x72657473, 0x5f6b7369, 0x2e250890, 0x6167696c, 0x41168815, 0x13200b50, 0xf6521588, 
    0x20298305, 0x09734219, 0x61705f25, 0x436e6572, 0x198b085b, 0x8408fe42, 0x8a1b205d, 0x0ad54233, 0x15201b84, 0xfa8a1b8a, 0x8241158a, 0x8a18200a, 
    0x20f38c16, 0x43188a1a, 0x25200e14, 0x5f201a94, 0x3020258e, 0x308f259f, 0x6741b78b, 0x29878b09, 0x65646e75, 0x6f637372, 0xe8846572, 0x618a2420, 
    0x43411a89, 0x7313250e, 0x6873616c, 0x8408a441, 0x8d1c2038, 0x201c8d13, 0x891c8510, 0x8a162081, 0x0a744210, 0x16851220, 0x850c6245, 0x09da4112, 
    0x51963a86, 0x14202d8f, 0x62231085, 0x896b6361, 0x88142042, 0x895f200e, 0x8a1e2014, 0x616223ee, 0x18415f72, 0x891a200e, 0x201a8f0f, 0x10544316, 
    0x73732e25, 0x431c3931, 0x1c841659, 0x6e750725, 0x51373269, 0x0782059e, 0x20065847, 0x05174845, 0x734f3720, 0x47178205, 0x452a0658, 0x6e610937, 
    0x6c65746f, 0xd04d6965, 0x45373506, 0x714d4506, 0x0e646175, 0x4f52455a, 0x54444957, 0x41505348, 0x2605fc5a, 0x30413030, 0x83524302, 0x45462262, 
    0x065d4746, 0x0446422b, 0x676e6f64, 0x72754504, 0x217c846f, 0x124a4230, 0x44422106, 0x41320f85, 0x65630945, 0x632e746e, 0x0b343176, 0x6c6c6f64, 
    0x0b847261, 0x32201d84, 0x21052651, 0xae513232, 0x32322305, 0x17854336, 0x85384321, 0x39312107, 0xd6500785, 0x32322505, 0x63093130, 0x72216f82, 
    0x85528275, 0x30312119, 0x33210784, 0x20ec8541, 0x22ac8532, 0x85433232, 0x845a8287, 0x5432201f, 0x32210553, 0x05cb5332, 0x61861682, 0x2805285e, 
    0x31463232, 0x656c6507, 0x4857886d, 0x32210695, 0x05bd4845, 0x85303221, 0x37302e07, 0x71650b43, 0x61766975, 0x636e656c, 0x205b8565, 0x28eb8534, 
    0x0b393332, 0x73697865, 0x28448274, 0x086c6169, 0x64617267, 0x20508869, 0x05334b37, 0x85333221, 0x51392048, 0x322105d1, 0x056c5337, 0x5c333221, 
    0x07820542, 0x33219885, 0x05434b41, 0x41433221, 0x33200502, 0x8205c453, 0x2247851f, 0x85314133, 0x3237217c, 0x45200785, 0x21059241, 0x1f853132, 
    0x41363221, 0x322105e5, 0x06184136, 0x57854220, 0x85383221, 0x3041227f, 0x21378430, 0x76493041, 0x54412005, 0x3222056c, 0x82414232, 0x5c578607, 
    0x3221055e, 0x05b15232, 0x49323221, 0x0782057e, 0x32209785, 0x2006e841, 0x06f84132, 0xc1523220, 0x32322405, 0x420a4330, 0x5341055c, 0x41362009, 
    0x014a0627, 0x4a322006, 0x32200611, 0x2105cf5e, 0x294a3232, 0x4a322006, 0x32230639, 0x82093245, 0x75732542, 0x74657362, 0x3228ac84, 0x65083538, 
    0x7974706d, 0x0a2b1082, 0x69676f6c, 0x616c6163, 0x8609646e, 0x726f310a, 0x746e690c, 0x65737265, 0x6f697463, 0x6e75056e, 0x38850582, 0x3022dd85, 
    0xed854230, 0x85323221, 0x39332107, 0x3321ed85, 0x209a8539, 0x05ef5233, 0x39333222, 0x21054d41, 0x25414133, 0x5f332005, 0x4621058e, 0x21aa8645, 
    0x55413730, 0x85078806, 0x54322047, 0x5e82055f, 0x32293f85, 0x720c3633, 0x656c6665, 0x20c58578, 0x200c870e, 0x85a58370, 0x313921d4, 0x20059f43, 
    0x06d04a33, 0x85413321, 0x4133214b, 0x2006c141, 0x206b8543, 0x057c5e33, 0x41333222, 0xe2422f87, 0x06194206, 0x42353221, 0x31280631, 0x69730738, 
    0x616c696d, 0x2005e64b, 0x05cb5332, 0x39323222, 0x31202f87, 0x86051341, 0x853220e3, 0x323221db, 0x3221eb86, 0x55bb8638, 0x37820553, 0x20050341, 
    0x05565632, 0x4b323221, 0x32260690, 0x700c3336, 0xc9836f72, 0x290aa141, 0x73084237, 0x74686375, 0xdd856168, 0x30343123, 0x8a25870e, 0x633220f4, 
    0x74820543, 0x2a06ae42, 0x74093430, 0x65726568, 0x43726f66, 0x42290755, 0x696e7509, 0x73726576, 0x05c64c61, 0xc2603220, 0x41338205, 0x322105bc, 
    0x06204142, 0x2006b441, 0x06c44132, 0xd4413220, 0x39322106, 0x3006f242, 0x630e3639, 0x6c637269, 0x6c756d65, 0x6c706974, 0x21ff8679, 0x16850a39, 
    0x756c702b, 0x72610773, 0x75776f72, 0x231a8470, 0x0a373931, 0x72230f84, 0x86686769, 0x383922c7, 0x23128409, 0x6e776f64, 0x39202486, 0x6c221185, 
    0x23876665, 0x11853620, 0x746f6223, 0x22098568, 0x87647075, 0x0561422d, 0xe5413120, 0x41312006, 0x31200675, 0x20067541, 0x06c54131, 0x69553120, 
    0x31322105, 0x2006ed41, 0x06ed4131, 0x0f443120, 0x55312006, 0x1f820549, 0x20057f43, 0x06f84431, 0x11643120, 0x31322305, 0xba853943, 0x6c626425, 
    0x850d7075, 0x6c6221b2, 0x0c20c884, 0xc3830d87, 0xbe830c88, 0xb9830c88, 0xcd5edd85, 0x31322205, 0x05554245, 0x55463120, 0x58332006, 0x322105a4, 
    0x06484533, 0x55423720, 0x41372006, 0x37200674, 0x20068441, 0x21df8637, 0xac414637, 0x61372005, 0x322205f5, 0x4f854637, 0x6b513520, 0x38352106, 
    0x2a056744, 0x07333835, 0x6c626e64, 0x846b636f, 0x5135207f, 0x3521066b, 0x05ed4238, 0x37383523, 0x201d8605, 0x86258a70, 0x4235207d, 0x352006b3, 
    0x2506dd44, 0x07443835, 0x278a666c, 0x2a423820, 0x38352105, 0x25054b43, 0x07393835, 0x1f8a7472, 0xa5853920, 0x86393521, 0x8639206d, 0x064242a5, 
    0x41393521, 0x3521056d, 0x423f8639, 0x35200672, 0x3520f586, 0x3520f586, 0x352bf586, 0x6c074639, 0x61687374, 0x84056564, 0x64072205, 0x2707856b, 
    0x32696e75, 0x06464335, 0x85057942, 0x06ba45ea, 0x9c643520, 0x35322105, 0x21057554, 0x32413532, 0x43352106, 0x20051044, 0x060a4635, 0x4543352b, 
    0x65706f0a, 0x6c75626e, 0x0618456c, 0x93433520, 0x62352006, 0x6182051c, 0x66093823, 0x231e8269, 0x786f6264, 0x2f466485, 0x42352006, 0x3520062f, 
    0x20065d44, 0x06df4135, 0xdf413520, 0x48352006, 0x35200625, 0x28065d50, 0x07424535, 0x61697274, 0x061a4367, 0x36423522, 0xd7420f85, 0x66352006, 
    0x32220579, 0xc8434235, 0x58352005, 0x0f820511, 0x2205ef42, 0x85314335, 0x7472212f, 0x6c210785, 0x438f8566, 0x352006bc, 0x2006f64f, 0x063f4635, 
    0xa7463520, 0x42352006, 0x352006cf, 0x8205d166, 0x06a1414f, 0x82058b52, 0x05a5440f, 0x9f463520, 0x36352106, 0x4506b941, 0x35200605, 0x20063248, 
    0x06dc5435, 0x41363521, 0x352006c1, 0x39599786, 0x35322105, 0x2105215a, 0x7a483532, 0x36352106, 0x3621c786, 0x20a78530, 0x59778636, 0x2f820549, 
    0x33201f86, 0x31201f86, 0x2006bf42, 0x06314232, 0x20062848, 0x06805035, 0x195a3520, 0x35322205, 0x21af8632, 0x57853131, 0x8f863220, 0x8f863020, 
    0x17863220, 0x21066747, 0xad453635, 0x59352005, 0x778205d9, 0x6c486786, 0x34352106, 0x37204f86, 0x5b06d942, 0x32220511, 0x9f863135, 0x1f863020, 
    0x57863020, 0x21068b53, 0xff473735, 0x51352005, 0x35210666, 0x463f8630, 0x352106c9, 0x20ef8630, 0x20cf8630, 0x5ba78637, 0x5f820511, 0x5f862f87, 
    0x27863120, 0x2105cc5d, 0xa15a3532, 0x86ef8205, 0x054c5d27, 0x57861782, 0xef863220, 0x2106f249, 0x0f873335, 0x3320df86, 0x49066143, 0x3520061f, 
    0x2006224a, 0x061c4835, 0x44483520, 0x48352006, 0x35200644, 0x20062c48, 0x065f4935, 0x0f493520, 0x48352006, 0x3521065c, 0x063c4334, 0xf7863420, 
    0x21069b54, 0x17863235, 0x2006404a, 0x053c5e35, 0x49353221, 0x35200617, 0x2106db54, 0x27863735, 0x2006ae52, 0x06184a35, 0xeb543520, 0x45352006, 
    0x3520060f, 0x21056148, 0x0b553532, 0x37352106, 0xc741d787, 0x46312006, 0x3521058c, 0x5d0f8631, 0x322205ac, 0x5f863335, 0x21064f45, 0x0f863135, 
    0xcf423420, 0x05e45d06, 0x0f862782, 0x21063f4a, 0xd7413335, 0x05c15c06, 0x49353221, 0x35200677, 0x2205695c, 0x86363532, 0x05d15c6f, 0x5c353221, 
    0x27820531, 0x7f423020, 0x05015d05, 0x5e353221, 0x322205c4, 0x77413135, 0x41312006, 0x31200627, 0x995c6f86, 0x417f8205, 0xcc5e06e7, 0x422f8205, 
    0x345f0617, 0x410f8205, 0x362006df, 0x0e542786, 0x86778205, 0x068f4a87, 0x41493520, 0x5c352006, 0x8f8205e1, 0x5f06f741, 0x8f820544, 0x9f863020, 
    0x49065f42, 0x352106a9, 0x064f4131, 0x2106cf4a, 0xff863635, 0x2205615d, 0x85333332, 0x423320af, 0x332006c7, 0x20069f41, 0x05a15d33, 0x41333221, 
    0x3320061f, 0x2006cf43, 0x06474133, 0x87863320, 0x87423320, 0x41332006, 0x3320062f, 0x33206786, 0x3320af86, 0x8205195d, 0x05d74247, 0x4f413320, 
    0x86332006, 0x443320d7, 0x3320064f, 0x20067742, 0x068f4433, 0x77423320, 0x42332006, 0x332006cf, 0x20064744, 0x06874233, 0x97443320, 0x42332006, 
    0x332006bf, 0x2006a743, 0x06ff4333, 0x47413320, 0x41332006, 0x33200657, 0x2006ed55, 0x06674233, 0x9f433320, 0x46332006, 0x332006c1, 0x2105815e, 
    0x57423332, 0x44332006, 0x332006c7, 0x20060f45, 0x063f4433, 0x67433320, 0x42332006, 0x3320063f, 0x20063745, 0x062f4333, 0x1f423320, 0x42332006, 
    0x3320064f, 0x2006ff43, 0x069f4433, 0x97433320, 0x43332006, 0x33200687, 0x20068743, 0x062f4233, 0xf7443320, 0x45332006, 0x3320067f, 0x2105a95f, 
    0xaf413332, 0x05895e07, 0x43333221, 0x33200667, 0x2006ef42, 0x06e74333, 0x615f3320, 0x42c78205, 0x3320054f, 0x20069745, 0x06ff4333, 0xdf423320, 
    0x43332006, 0x332006ef, 0x2006d745, 0x06174233, 0x37453320, 0x45332006, 0x332006df, 0x20062f45, 0x06e74533, 0x4e563620, 0x49362006, 0x3620067f, 
    0x20061f47, 0x063f4537, 0x42313721, 0x372005cf, 0x3706df44, 0x12363337, 0x6e6b6361, 0x656c776f, 0x63656764, 0x72746e6f, 0x62106c6f, 0x73231382, 
    0x87636170, 0x6d062810, 0x74756e69, 0x83730665, 0x07642610, 0x32696e75, 0x31518631, 0x09363131, 0x69747365, 0x6574616d, 0x65620b64, 0x44866c6c, 
    0x34202584, 0x28062745, 0x0d423833, 0x636e6163, 0x2e1d8765, 0x72616315, 0x67616972, 0x74655265, 0x8b6e7275, 0x45332033, 0x33200673, 0x2006b343, 
    0x06734633, 0x2b433320, 0x31333006, 0x61641543, 0x694c6174, 0x73456b6e, 0x87706163, 0x640d25a5, 0x74656c65, 0x18270d87, 0x69766564, 0x85436563, 
    0x6f4623d2, 0x64867275, 0x188c1720, 0x876e4f21, 0x8c192030, 0x68542317, 0x19876572, 0x5422318d, 0xae8c6f77, 0x1241382d, 0x4f646e65, 0x64654d66, 
    0x866d7569, 0x8410201a, 0x65542312, 0x10867478, 0x10851820, 0x6e617229, 0x73696d73, 0x876f6973, 0x901d20f3, 0x6c422418, 0x866b636f, 0x650e2736, 
    0x6975716e, 0x0e867972, 0x8b650d21, 0x66142cf0, 0x53656c69, 0x72617065, 0x876f7461, 0x660f28de, 0x466d726f, 0x86646565, 0x67152532, 0x70756f72, 
    0x1b31258f, 0x69726f68, 0x746e6f7a, 0x61546c61, 0x616c7562, 0x2c918974, 0x696e7507, 0x39383332, 0x756f6805, 0x05b64c73, 0x37493120, 0x63332006, 
    0x322105ec, 0x065f4533, 0xdf443320, 0x44332006, 0x312006cf, 0x21051961, 0x64633132, 0x33322105, 0x27061f46, 0x0f454333, 0x656e696c, 0x1a23978a, 
    0x8267656e, 0x65762275, 0x107f4241, 0x656e0e23, 0x862d8377, 0x6e0b22c1, 0x0d554275, 0x44463321, 0x462006ad, 0x20055546, 0x07754342, 0x4d454620, 
    0x46332105, 0x2905ed45, 0x16353033, 0x6f636572, 0xfe8f6472, 0x65720b32, 0x63616c70, 0x6e656d65, 0x68730e74, 0x49746669, 0x20078f41, 0x210e840f, 
    0xb841754f, 0x430c2007, 0x152e0b08, 0x72617473, 0x48664f74, 0x69646165, 0xa086676e, 0x15861220, 0x280aee41, 0x62757311, 0x74697473, 0x088f4275, 
    0x7973162f, 0x7268636e, 0x756f6e6f, 0x6c644973, 0x0b434265, 0xc84b3120, 0x38312706, 0x6e751441, 0xae8f7469, 0x65761926, 0x63697472, 0x2c12ab41, 
    0x706d610e, 0x61737265, 0x632e646e, 0x05dc4376, 0x46323024, 0x45820733, 0x37210782, 0x059b5218, 0x830c7857, 0x15342628, 0x7373656c, 0x241d855f, 
    0x67696c2e, 0x20158461, 0x91158a1d, 0x881d2033, 0x885f206b, 0x213b8809, 0x1d922735, 0x19202793, 0xe3542789, 0x22bc8409, 0x54746112, 0x18200f2e, 
    0x72845492, 0x18922220, 0x14206d8e, 0x0f236893, 0x5a726162, 0x17200b17, 0xf08c0f89, 0x17831320, 0x200e1c5b, 0x59138715, 0x898407ad, 0x15840c20, 
    0x8506e259, 0x20628d36, 0x20208610, 0x8407825f, 0x8a182031, 0x20748c10, 0x41188712, 0x14200918, 0xe7551287, 0x830e200b, 0x20238914, 0x8c0e8816, 
    0x8310204d, 0x20368b16, 0x120c4213, 0x6c700e25, 0x835f7375, 0x209a8404, 0x890e8813, 0x84112013, 0x0c675613, 0x125a7b84, 0x56108a0b, 0x17200aa2, 
    0xf2551685, 0x86102010, 0x08585917, 0x108a1620, 0x18203f8a, 0x808b168b, 0x18851220, 0x1a20128b, 0x0841128c, 0x8514200c, 0x656c231a, 0x675c7373, 
    0x5714850a, 0x13200f1a, 0x23425386, 0x8d1b200b, 0x205b8c13, 0x591b8719, 0x722a0605, 0x74686769, 0x67696c2e, 0x19871261, 0x88090359, 0x09bb4112, 
    0x25871a20, 0x4084be8c, 0x1a871420, 0x8e0c615d, 0x88a78b14, 0x84538c4b, 0x8f1c204b, 0x0cce4136, 0x73656c23, 0x0c144373, 0x178b108a, 0x178b1420, 
    0x8b08cd42, 0x44568b14, 0xe45d0562, 0x2089840a, 0x412e840f, 0x53850913, 0x200ee75b, 0x5d24841e, 0x122018a8, 0xca5a1e84, 0x20568407, 0x41128c1a, 
    0x0d200ca2, 0xae871a84, 0x0d871120, 0x85088e43, 0x0fa443a7, 0x2a411589, 0x0a364511, 0x31451820, 0x84222017, 0x0a215a18, 0x840c595f, 0x840e20b3, 
    0x087b4322, 0x0e881620, 0x3041be8c, 0x09314205, 0x26841320, 0xc28e0f84, 0x450f5543, 0x434305cd, 0x8a172017, 0x41e28b47, 0x32430590, 0x41aa8409, 
    0x83440535, 0x0d4e430c, 0x0e881520, 0x89113042, 0x854b8468, 0x203e8dc0, 0x200e8819, 0x0ef85f5f, 0x148e8e85, 0x2e841c20, 0x30411489, 0x8f1f200c, 
    0x413c8e1c, 0x73240550, 0x6873616c, 0x17208f84, 0x4d5b2f84, 0x89162011, 0x20d38b37, 0x20168a12, 0x05ea4361, 0x89961720, 0x178a1a20, 0x2220848e, 
    0xc78c1a94, 0x63257f85, 0x75637269, 0x0a14456d, 0xe6411520, 0x732e250f, 0x1b393173, 0x5b154145, 0x3620093f, 0x2006614c, 0x05d94c36, 0xa14c3020, 
    0x20078206, 0x052c4835, 0x23052159, 0x41423230, 0x96530f85, 0x200f8205, 0x620f8439, 0x303206d8, 0x09373033, 0x76617267, 0x6d6f6365, 0x63610962, 
    0x09847475, 0x42242386, 0x696e750b, 0x43242382, 0x746c612e, 0x32201386, 0x43200786, 0x36200786, 0x41250786, 0x6c697409, 0x283d8b64, 0x6f680d34, 
    0x62616b6f, 0x865d856f, 0x85462027, 0x05915207, 0x3133302c, 0x6f640c42, 0x6c656274, 0x8283776f, 0x7e4a1c85, 0x4a302005, 0x07820696, 0x17863720, 
    0x07853820, 0x2105464f, 0xc8583330, 0x20078205, 0x21a88538, 0xa8833632, 0xb4850c20, 0x632e3825, 0x86657361, 0x8437200c, 0x880e200c, 0x880e85ea, 
    0x202a8bef, 0x200c8b42, 0x200c8b32, 0x200c8b43, 0x200c8b36, 0x200c8441, 0x0801410e, 0x34201b8b, 0x12200c84, 0x8b0c0b41, 0x8a46201f, 0x3131210c, 
    0x7c8b0c8b, 0x96853120, 0x2c411120, 0x202b8a0b, 0x85658532, 0x8b3220ed, 0x8532209b, 0x411986fa, 0x32210b14, 0x20408a45, 0x21798533, 0x2779640d, 
    0x201a8406, 0x0896740e, 0x0a250e84, 0x76617267, 0x230a8565, 0x74756361, 0x11200a85, 0x840b4475, 0x720f201c, 0x61230b47, 0x730a6573, 0x0a830602, 
    0x82066e72, 0x7109200a, 0x098205ae, 0x69740a24, 0x4c85646c, 0x616d0b24, 0xe4657263, 0x74052606, 0x736f6e6f, 0x8405840a, 0x849c8857, 0x840b2012, 
    0x6f63254a, 0x7963626d, 0x2505fe41, 0x33303630, 0x0b8a3130, 0x0b8a3020, 0x0b8a3920, 0x0b863320, 0x2f8a3220, 0x2f870b83, 0x2f870b83, 0x33210b83, 
    0x05524210, 0x8a845f84, 0x3020108a, 0x3920108f, 0x3320108f, 0x7384108b, 0x438c108f, 0x218f7d84, 0x07204385, 0x45218782, 0x050d5030, 0x31200782, 
    0x32200f86, 0x32710785, 0x30452205, 0x20178642, 0x21178742, 0xc9780e33, 0x6f642806, 0x73656c74, 0x42691073, 0x10860746, 0x554e0431, 0x53034c4c, 
    0x00004350, 0xff010001, 0x820f00ff, 0x00022307, 0x0084000e, 0x00e00125, 0x824d0002, 0x825d2011, 0x005f2203, 0x22058278, 0x827a007a, 0x007c2205, 
    0x22058286, 0x82dd0089, 0x00e12205, 0x220582f2, 0x82fc00f4, 0x01fe2805, 0x01010014, 0x821f0116, 0x01212205, 0x2205823b, 0x8249013d, 0x014c2205, 
    0x2205827c, 0x82c2017e, 0x01c42205, 0x220582c5, 0x82c801c8, 0x01ca2205, 0x220582cc, 0x82d601cf, 0x01d82205, 0x200582da, 0x247382dc, 0x01e20101, 
    0x220b82e3, 0x82ea01e9, 0x01ed2105, 0x01235f82, 0x82f501f4, 0x01f7220b, 0x280582fd, 0x000202ff, 0x02040201, 0x22058204, 0x820a0206, 0x020c2205, 
    0x2205820c, 0x8210020f, 0x02132205, 0x2205821a, 0x821e021e, 0x02202205, 0x22058224, 0x82270226, 0x022e2205, 0x2205822e, 0x82360231, 0x02382205, 
    0x22058239, 0x823b023b, 0x023d2205, 0x2205823d, 0x82460240, 0x02482105, 0x0223ad82, 0x824f024b, 0x0251220b, 0x22058253, 0x82570255, 0x02592205, 
    0x2205825a, 0x825d025c, 0x025f2205, 0x2205825f, 0x82610261, 0x02632205, 0x22058264, 0x82660266, 0x02692205, 0x2205826e, 0x82750270, 0x02792205, 
    0x22058279, 0x827b027b, 0x027d2205, 0x2205827e, 0x82810281, 0x02832205, 0x22058283, 0x82890289, 0x028b2205, 0x2205828b, 0x8294028e, 0x02962205, 
    0x22058299, 0x829c029c, 0x02b02205, 0x280582b0, 0x00cc02cc, 0x03c30301, 0x220582c3, 0x82c703c7, 0x03cd2705, 0x050100cf, 0x4d82057d, 0x05aa0523, 
    0x220b82aa, 0x82c505c5, 0x05d02205, 0x220582d0, 0x82eb05eb, 0x05ed3405, 0x060100ed, 0x00060605, 0x06680602, 0x0603007f, 0x82a4068d, 0x06b32205, 
    0x210582c3, 0x538206cb, 0x00010027, 0x00000003, 0x20038210, 0x2003822a, 0x210f8240, 0x4118060b, 0x8d200751, 0x08f54018, 0x3782a320, 0x33820220, 
    0x7606682b, 0x8e060000, 0x0f009c06, 0x20458306, 0x262f821e, 0x066d0603, 0x829d0677, 0x8201203d, 0x162e0803, 0x0a002400, 0x2c000500, 0x3c003400, 
    0x50004600, 0x46440200, 0x1c00544c, 0x6e74616c, 0x02006000, 0x6b72616d, 0x6b6d4000, 0x48006b6d, 0x31827800, 0x39840420, 0x85007e21, 0x00822207, 
    0x228d8206, 0x82860001, 0x22098515, 0x86010088, 0x008a2413, 0x84000002, 0x20698303, 0x20098203, 0x2b358203, 0x41080034, 0x0020455a, 0x54414334, 
    0x52200583, 0x4b220583, 0x0b825a41, 0x4c4f4d22, 0x52220582, 0x05824d4f, 0x1d845420, 0x4b525422, 0x00230b82, 0x86ffff00, 0x00012447, 0x82660142, 
    0x02542261, 0x280582ca, 0x00c60456, 0x06c00305, 0x220b8268, 0x828e008e, 0x00c42205, 0x28058276, 0x009c0054, 0x00e80101, 0x220b82e6, 0x821c0012, 
    0x00242805, 0x1d02000c, 0x41241d1e, 0x012c0a01, 0x77060200, 0x03009d06, 0x121d0000, 0x18200382, 0x1e200382, 0x03326782, 0x7f066806, 0x8d060000, 
    0x1800a406, 0xc306b306, 0x15863000, 0x280f4d41, 0x1cf01c0b, 0x1cf61cea, 0x200382fc, 0x820b82f0, 0x021d2309, 0x9541081d, 0x8204201c, 0x006c305d, 
    0x066e0600, 0x06050076, 0x009c068e, 0x82b4060e, 0x001d2663, 0x1c00000b, 0x20038ec6, 0x890f8ec0, 0x1c2d221f, 0x2601829e, 0x1caa1ca4, 0x84b61cb0, 
    0x1cbc3601, 0x1cc81cc2, 0x1cd41cce, 0x1cfe1cda, 0x1ce61ce0, 0x1df21cec, 0x29018316, 0xfe1cf81c, 0x0a1d041d, 0x0d82101d, 0x221d1c22, 0x28280182, 
    0x2e1d401d, 0x3a1d341d, 0x58210782, 0x2601851d, 0x1d4c1d46, 0x82581d52, 0x001b28ed, 0x00740060, 0x82780000, 0x00152e01, 0x009d008e, 0x009f0016, 
    0x002600a0, 0x220182bc, 0x82dd0028, 0x29310801, 0x37012201, 0x3b012a00, 0x40003b01, 0x5d014c01, 0x64014100, 0x53006501, 0x68016701, 0x84015500, 
    0x57008801, 0xc201b001, 0xda015c00, 0x6f00da01, 0x08008202, 0x0270004f, 0x001e021e, 0x02460271, 0x02720046, 0x005f025f, 0x026d0273, 0x0274006d, 
    0x00830283, 0x02890275, 0x02760089, 0x00940291, 0x05aa0577, 0x057b00aa, 0x00c505c5, 0x05d0057c, 0x057d00d0, 0x00eb05eb, 0x05ed057e, 0x007f00ed, 
    0x1c00002f, 0x2003867a, 0x2007825c, 0x200b8662, 0x87178a68, 0x2007931f, 0x83278280, 0x826e2003, 0x20eb8207, 0xa30f871c, 0x8f4f9307, 0x22479d13, 
    0xd0d41b80, 0x1bce2101, 0xc82101ad, 0xa101871b, 0x832bab37, 0x8bdd834d, 0x22618707, 0x82e01bd4, 0x1bda2801, 0x004100e0, 0x86ba1a00, 0x829c2003, 
    0x86a22007, 0x8aa8200b, 0x911f8717, 0x1a012607, 0x190200e4, 0x20038cd6, 0x260f8203, 0x00ea1a04, 0x82f01a04, 0x82f62003, 0x82d0201b, 0x86c0204b, 
    0x82ae2003, 0x8ab42007, 0x9917870f, 0x1a012207, 0x835f8cc0, 0x8763836f, 0x91bf8977, 0x991b899f, 0x8300205f, 0x45002b5f, 0x5d000100, 0x5f000000, 
    0x07827800, 0x7a007a28, 0x7c007700, 0x0d828600, 0x00893c08, 0x008300dd, 0x00f200e1, 0x00f400d8, 0x00ea00fc, 0x001401fe, 0x011601f3, 0x010a011f, 
    0x013b0121, 0x013d0114, 0x012f0149, 0x017c014c, 0x017e013c, 0x016d01c2, 0x01c501c4, 0x82c801b2, 0x01b43c01, 0x01cc01ca, 0x01cf01b5, 0x01b801d6, 
    0x01da01d8, 0x01dc01c0, 0x01c301e0, 0x82e301e2, 0x01e9221f, 0x222182ea, 0x82f201ed, 0xf45a0825, 0xd201f501, 0xfd01f701, 0xff01d401, 0xdb010202, 
    0x04020402, 0x0602df01, 0xe0010a02, 0x0c020c02, 0x0f02e501, 0xe6011002, 0x1a021302, 0x1e02e801, 0xf0011e02, 0x21022002, 0x2302f101, 0xf3012402, 
    0x27022602, 0x2e02f501, 0xf7012e02, 0x36023102, 0x3802f801, 0xfe013902, 0x01823b02, 0x40020036, 0x01024602, 0x49024802, 0x4b020802, 0x0a024f02, 
    0x53025102, 0x55325182, 0x12025702, 0x5a025902, 0x5c021502, 0x17025d02, 0x01825f02, 0x61021922, 0x1a280182, 0x64026302, 0x66021b02, 0x1d240182, 
    0x6e026902, 0x70267582, 0x24027502, 0x01827902, 0x7b022a22, 0x2b280182, 0x7e027d02, 0x81022c02, 0x2e220182, 0x01828302, 0x89022f22, 0x30220182, 
    0x01828b02, 0x8e02312e, 0x32029402, 0x99029602, 0x9c023902, 0x3d220182, 0x0182b002, 0xcc023e22, 0x22080182, 0x03c3033f, 0x034002c3, 0x02c703c7, 
    0x03cd0341, 0x054202cf, 0x027e057d, 0x05aa0545, 0x064702aa, 0x82cc06cb, 0x1c4a2cb1, 0x1c000038, 0x00ba1b44, 0x88541b00, 0x87662009, 0xe4182109, 
    0x1a21138b, 0x892783e8, 0x20099313, 0x893b881b, 0xd2182109, 0xd8204592, 0xde206388, 0x1d886d92, 0x77859f83, 0x87261921, 0x14192127, 0x1a200988, 
    0xc7890987, 0x88081921, 0x22458c6d, 0x8200441c, 0x82e58500, 0x85002008, 0x83098431, 0x2649824f, 0x54180000, 0x851c0000, 0x875a2009, 0x891c2009, 
    0x2113881d, 0x1d886018, 0x09823820, 0x1c215982, 0x214f8750, 0xf985501c, 0x138b1782, 0x0000c02a, 0xcc1bc61b, 0x66180000, 0x72200988, 0x6c20099c, 
    0x18211d8b, 0x203b8490, 0x20138878, 0x2009887e, 0x21098784, 0x13882a1b, 0x13888a20, 0x3b867782, 0x1d889620, 0x09889c20, 0x278ba220, 0x17419f85, 
    0x894f8909, 0x22098313, 0x4100ae18, 0x09860649, 0x0999d182, 0xa8203184, 0x00223082, 0xfd822019, 0x2b413b84, 0x19354109, 0x42d21b21, 0x09830893, 
    0x8d055742, 0x05df4109, 0x59831382, 0x83441c21, 0x062f4231, 0x2f421383, 0x42098305, 0x0983052f, 0x82052f42, 0x84778509, 0x21458863, 0xcb41301b, 
    0x20a58205, 0x8d0987b4, 0xbe1a21f9, 0x1825c783, 0x180000c6, 0x222182cc, 0x88ba1850, 0x83138909, 0x84c02009, 0x84138d1d, 0x424f8d31, 0x39420f93, 
    0x223d8207, 0x85000038, 0x841b206d, 0x2b77839f, 0x3e1c381c, 0x4a1c441c, 0x541b501c, 0x66200988, 0x18210991, 0x21138bd2, 0x3183e81a, 0x87d81821, 
    0xde182113, 0xe4200988, 0x1d882788, 0x31856383, 0x87261921, 0x1419211d, 0x4e202788, 0xea203b88, 0x3185138b, 0x88f01821, 0x88f6201d, 0x88fc2009, 
    0x88022045, 0x871a2009, 0x206d8309, 0x23008400, 0xb41b381c, 0x88070d41, 0x41958a09, 0x3f41158f, 0x09714123, 0x4109fb43, 0x45860d67, 0x638b6620, 
    0x42057b41, 0xe74323a7, 0x2d318307, 0x381c501c, 0x441c0e19, 0x00004a1c, 0x0988541b, 0x09926620, 0x1387d820, 0x1a213183, 0x213183e8, 0x13872619, 
    0x8b141921, 0x9d4f8f1d, 0x881b2031, 0x02192159, 0x1a204f88, 0x00204f8b, 0x19210084, 0x88958808, 0x279d4231, 0x45099342, 0x50830595, 0xab433bb1, 
    0x893b8305, 0x05db4545, 0x1a201384, 0x89078f41, 0x098f416d, 0x4507cb41, 0x05440b6d, 0x0b774505, 0xd5460020, 0x414f8306, 0xbda109f3, 0x4207fd41, 
    0x022008a7, 0x1a265582, 0x00006c1b, 0x0987fe19, 0x880a1a21, 0x8b2c2013, 0x56192113, 0x13882784, 0x88321921, 0x914a2027, 0x20458a3b, 0x20459238, 
    0x203b883e, 0x21459144, 0x13875019, 0x9f821c20, 0x5c207786, 0x62202788, 0x68200988, 0x1c20278b, 0x6e20c785, 0x10206d88, 0xa9821d88, 0x00840020, 
    0x84a81b21, 0x41048206, 0x20240ad5, 0x261c0000, 0x00221282, 0x09887419, 0x09877a20, 0x1d891c20, 0x19211388, 0x831d8880, 0x22c182db, 0x821cfc1b, 
    0x06cf4263, 0x09866382, 0x2782ae20, 0x92053343, 0x161a2109, 0x29431d8b, 0x1c1a2105, 0x1a211387, 0x20098822, 0x20278828, 0x830991ea, 0x203b8677, 
    0x203188f4, 0x202788fa, 0x8309870c, 0x23e38327, 0x181b0000, 0xbd861388, 0x19000027, 0x1a000086, 0x211f839a, 0x09888c19, 0x099c9220, 0x1d889820, 
    0x09889e20, 0xd942a420, 0x501c2305, 0x0987aa19, 0x84841b21, 0x8268206d, 0x825c2005, 0x1c562103, 0x19210982, 0x200988b0, 0x84099bb6, 0x8e31843b, 
    0x84622009, 0x88bc2045, 0x88c2203b, 0x87c82009, 0x21318909, 0x1388ce19, 0xfd828a20, 0xe584a220, 0x0988d420, 0x0987da20, 0x430de743, 0x1b210529, 
    0x832d83de, 0xf8192103, 0xd2202782, 0x50224982, 0x0988e019, 0x09821389, 0x84e61921, 0x85ec201d, 0xf21921f9, 0x1b423189, 0x21458305, 0x1d85021c, 
    0x6f430020, 0x00442105, 0x13830082, 0x82041a21, 0x1a002208, 0x08a9450a, 0x47000221, 0x1a210625, 0x2a138810, 0x1cf61b32, 0x1b4a1c44, 0x88a81bfc, 
    0x9bae2009, 0x161a2109, 0x1a211d8b, 0x213b83e8, 0x13871c1a, 0x88221a21, 0x88282009, 0x87ea2027, 0x821c2009, 0x2031866d, 0x202788f4, 0x200988fa, 
    0x20098834, 0x8209882e, 0x20318613, 0x2013883a, 0x20098840, 0x20638846, 0x20098806, 0x206d8b0c, 0x20008400, 0x4677821c, 0xe58406b7, 0x1b211483, 
    0x45278918, 0x5a24083b, 0x601b0000, 0x5d411d83, 0xd61a2509, 0x4c1a0000, 0x1a211383, 0x200988c4, 0x830988ca, 0x8d52201d, 0xa81b2131, 0xae204f88, 
    0x95096741, 0x05114213, 0x82581a21, 0x8282204f, 0xa2fc207b, 0x83882009, 0x20d18227, 0x060f44f0, 0x871ba821, 0x9cae2009, 0x87ea2009, 0x5e1a211d, 
    0x64200988, 0x6a200988, 0x70200988, 0x63830987, 0x88070544, 0x89fa201d, 0x4487821d, 0x1b2008ff, 0x1c210984, 0x20c78232, 0x210a83ee, 0x1d87f41a, 
    0x88fa1a21, 0x88182027, 0x88062009, 0x890c20a9, 0xf01b214f, 0x23823983, 0x1d881220, 0x1d891820, 0x41124941, 0x1b211267, 0x832787ea, 0x05f34181, 
    0x098f9583, 0x8913a341, 0x20c7843b, 0x85c787e2, 0x85c7833b, 0x0c1b2109, 0x8208cb41, 0x21598dd1, 0x5987fc1b, 0xfd410982, 0x86098206, 0xfc1b2395, 
    0xdf827c1a, 0x5984c620, 0x09887620, 0x09821389, 0x84b21a21, 0x20138c1d, 0x8431841b, 0x00822417, 0xa28e1a00, 0x00882109, 0xc7842782, 0x2d839a20, 
    0x8b459583, 0x821b2005, 0x21099995, 0x3782941a, 0xb3823185, 0x9c202786, 0x2107cd44, 0x0988a01a, 0x0988a620, 0xb944b820, 0x20378205, 0x890988ac, 
    0x86098213, 0x21138cd1, 0x9583d21b, 0x41319941, 0x67460ad5, 0x4b1c2008, 0x8f4608fd, 0x09774509, 0x82d61a21, 0x83d02099, 0xc41a216d, 0xca200988, 
    0x1d830988, 0x8b8ddc20, 0x29511b42, 0x441cf01b, 0x00001e1b, 0x0988a81b, 0x0992ae20, 0x1387ea20, 0x83057943, 0xf41a2131, 0x1a211387, 0x231d8bfa, 
    0x4a1c001b, 0x09854f85, 0xee203184, 0x31831383, 0x31831385, 0x1b230985, 0x86f01b18, 0x88062009, 0x8b0c2077, 0x209f864f, 0x821d8812, 0x46138531, 
    0xed420dc1, 0x08075106, 0x1b221d89, 0x008600b4, 0x88241b21, 0x08c74f09, 0x850d1d4f, 0x85598d1f, 0x661b2113, 0x00200785, 0x4c0a7150, 0x318d0989, 
    0x1c218b83, 0x09e74d50, 0x4c13a350, 0x63990d93, 0x1d852783, 0xf9860997, 0x2008df50, 0x092b461b, 0x23050d41, 0x1b0000d2, 0x93121d4f, 0x0a2b414f, 
    0x35823620, 0x79833c20, 0x82421b21, 0x000e24f3, 0x91481b00, 0x201582e5, 0x8323834e, 0x83878503, 0x836d8309, 0x86002007, 0x200b8377, 0x8381821b, 
    0x82002007, 0x08734e13, 0xdd4d1388, 0x41c78c14, 0xcb4b1021, 0x721b2208, 0x21008600, 0x0886781b, 0x9f4a0020, 0x08454a0a, 0x200a8343, 0x0bb34532, 
    0x1b213385, 0x494588ae, 0x1b210805, 0x2013877e, 0x088d481c, 0x17835985, 0x89092b4b, 0x45458313, 0x00200d77, 0x2f838b84, 0x2789098f, 0xff491d8f, 
    0x05134a0e, 0x8d08cd49, 0x213b85c7, 0x0785901b, 0x1c000023, 0x2009882c, 0x82098b44, 0x009624c1, 0x87ea1b00, 0x09534613, 0xab48138b, 0x45278908, 
    0x77890863, 0x4c0a574c, 0x0341086b, 0x1d8d4314, 0x43088343, 0x1c200d0b, 0x520a8753, 0xdd43070b, 0x87c1830b, 0x00002131, 0x53146543, 0xb54310cd, 
    0x0963540b, 0x81981b20, 0xa7427785, 0x436d8907, 0xcf510a47, 0x1bd5500a, 0x4b134946, 0xad410917, 0x097b4b09, 0x094a318b, 0x126f4809, 0x2208e941, 
    0x8600e41b, 0x494f8900, 0x5f490a87, 0x42138908, 0x154314cf, 0x08b74b09, 0x44136b42, 0x08200a37, 0x82051944, 0x08374e05, 0x4e096755, 0x138a1373, 
    0x638abd88, 0x20081953, 0x083d4d1c, 0x622a0984, 0x0000681c, 0xb4ff0100, 0x05829402, 0x4803ba22, 0x51220582, 0x05822602, 0x05840420, 0xda020728, 
    0xd4fe0100, 0x058406ff, 0x05822b20, 0x10ffca22, 0xdb220582, 0x118435ff, 0xd4220b83, 0x0b823dff, 0x4783ca20, 0x85d4fe21, 0x09032705, 0xb3fe0100, 
    0x05821103, 0x0584f520, 0x0584f920, 0x0586d420, 0x17824420, 0x0c03d422, 0x02210583, 0x220582e9, 0x823903d9, 0x84ae2005, 0x03e0221d, 0x201d8470, 
    0x204184b0, 0x834184b6, 0x03f92105, 0xd4220583, 0x1d84e203, 0x0584b120, 0x05829320, 0xd403d622, 0x1d853b84, 0xd9220583, 0x1d84fc03, 0x05847a20, 
    0xcb82a220, 0x84031c22, 0xf4200b82, 0xf7210584, 0x23118203, 0xa003d4fe, 0x17201782, 0xf2202984, 0xf7200584, 0xd4200584, 0xde200584, 0xfe21fb83, 
    0x220584ca, 0x82da02b6, 0x84de203b, 0x84ca2005, 0x84d42005, 0x83d42017, 0x6301270b, 0x01006d02, 0x11834402, 0x29820582, 0x04440227, 0x03010065, 
    0x2029840c, 0x212985ec, 0x41824501, 0x1801d422, 0x13240584, 0x5c010100, 0x0121cb83, 0x82058631, 0x610121e9, 0x79200b84, 0x01217d83, 0x200b8436, 
    0x200b8454, 0x20058459, 0x83058636, 0xff362229, 0x2041822b, 0x2023840b, 0x82fb8338, 0x8293202f, 0xff262211, 0x26058210, 0x00000030, 0x83c20101, 
    0xda00211d, 0x4a202384, 0x00211783, 0x20ad84af, 0x201d8454, 0x204d846f, 0x2005844a, 0x2005844f, 0x2005842c, 0x2035844d, 0x203584f7, 0x26598424, 
    0x00b10322, 0x84510101, 0x032c2211, 0x200b82e2, 0x20478481, 0x211d842e, 0x7783032c, 0x83032c21, 0x84012095, 0x03312223, 0x2223827a, 0x82a20331, 
    0x03792205, 0x833b8484, 0x84542005, 0x03312211, 0x201d84a0, 0x84058309, 0x030622c5, 0x220b8211, 0x82390336, 0x02312205, 0x201d84e9, 0x20058244, 
    0x2017845f, 0x83058634, 0x0229222f, 0x20178226, 0x20118454, 0x22058429, 0x82700335, 0x03292111, 0x00211d82, 0x23958389, 0xc5038900, 0x66201182, 
    0x3b201d84, 0x10200584, 0x40200584, 0x3b205f84, 0x3b225f84, 0x23820c03, 0x4d847c20, 0x1d847c20, 0xb9841b20, 0x10ff3626, 0xdc000100, 0x1822dd84, 
    0x0b826d01, 0x0b84f020, 0x23835c20, 0x025a0023, 0x839b8485, 0x843120ad, 0x84742041, 0x844c20dd, 0x844f2005, 0x842c20dd, 0x844d20dd, 0x83222053, 
    0xf700215f, 0x27200b84, 0x22207d84, 0x00273583, 0x00000091, 0x84870001, 0x02fa226b, 0x225382c1, 0x82f40357, 0x842c2005, 0x84012005, 0x032c2205, 
    0x201182cc, 0x20958448, 0x2083841d, 0x21358368, 0x35835e01, 0x01130127, 0x01010013, 0x22fb8438, 0x82f2fe2c, 0x84b7200b, 0x84b720cb, 0x8425206b, 
    0x86272035, 0x82da205f, 0x8422201d, 0x846b2035, 0x8440201d, 0x84f520cb, 0x8440204d, 0x84e620a1, 0xffcc261d, 0x0101002b, 0x2005842c, 0x2005842b, 
    0x202f8401, 0x20b98431, 0x202f842b, 0x22118451, 0x84e9022c, 0x844420ad, 0x820c2005, 0x84cd2005, 0x846b201d, 0x03362677, 0x010100b1, 0x20b384c2, 
    0x84058521, 0x8428201d, 0x0128260b, 0x0101006d, 0x200b8422, 0x202f8457, 0x200b8427, 0x20238427, 0x2011842c, 0x200b84d1, 0x20d1844a, 0x20718475, 
    0x2605845a, 0x0009033b, 0x847c0101, 0x844f2005, 0x84fa20b9, 0x84b72023, 0xfe272211, 0x201d82f2, 0x20298457, 0x2005842c, 0x20598440, 0x204d84f4, 
    0x200b8436, 0x200b8436, 0x200584b8, 0x20058440, 0x20ad842c, 0x2047842f, 0x20478427, 0x2005842c, 0x201184a4, 0x2605844c, 0x0013012c, 0x84310101, 
    0x8528200b, 0x203b8405, 0x20538431, 0x200b8431, 0x20178434, 0x200b8434, 0x200b8427, 0x2605862c, 0x010100da, 0x82bc0240, 0x842c2005, 0x845e201d, 
    0x012c2605, 0x0101006d, 0x200b843b, 0x2629843b, 0x002bff3b, 0x824a0101, 0x00002211, 0x3b058201, 0x0118000a, 0x4402001c, 0x04544c46, 0x74616cac, 
    0x00b0046e, 0x6c61612b, 0x63b40574, 0xe42c0583, 0x65736163, 0x6363d604, 0xc405706d, 0xd8260584, 0x31307663, 0x0582dc04, 0xe2043222, 0x33220582, 
    0x0582e804, 0xee043422, 0x35220582, 0x0582f404, 0xfa043622, 0x37220582, 0x05820005, 0x06053822, 0x39280582, 0x76630c05, 0x12053031, 0x31220582, 
    0x05821805, 0x1e053222, 0x34220582, 0x05822405, 0x2a053522, 0x36220582, 0x05823005, 0x36053722, 0x38220582, 0x05823c05, 0x4205393a, 0x30327663, 
    0x76634805, 0x4e053939, 0x63617266, 0x6f6cce05, 0x54056c63, 0x5a200584, 0x60200584, 0x66200584, 0x6c200584, 0x72200584, 0x78200584, 0x7e320584, 
    0x6e64726f, 0x6973bc05, 0x8405666e, 0x31307373, 0x05828a05, 0x9005322a, 0x39317373, 0x73739605, 0x20085f82, 0x6275739c, 0x73a20573, 0x05737075, 
    0x72657aa8, 0x01ae056f, 0x061806cc, 0x06280620, 0x06380630, 0x08018240, 0x50064820, 0x60065806, 0x70066806, 0x80067806, 0x90068806, 0xa0069806, 
    0xb006a806, 0xb806900a, 0x0582c006, 0xd006c836, 0xd806600c, 0xe806e006, 0xf806f006, 0x28070007, 0x10070807, 0x28240582, 0x20071807, 0x26080784, 
    0x07300728, 0x07400738, 0x07500748, 0x07600758, 0x07700768, 0x07b01178, 0x07ba1180, 0x07900788, 0x07d00798, 0x82a807a0, 0x07d02805, 0x07b807b0, 
    0x82c807c0, 0x07d8360b, 0x07700de0, 0x07f007e8, 0x080008f8, 0x08080828, 0x08180810, 0x2a098220, 0x08300828, 0x08500838, 0x82480840, 0x08502e05, 
    0x08600858, 0x08700868, 0x08780898, 0x24058280, 0x08880898, 0x32078290, 0x0ca808a0, 0x08b00860, 0x08400eb8, 0x08c808c0, 0x82d808d0, 0x08e0300f, 
    0x08f008e8, 0x090009f8, 0x09400e08, 0x82180910, 0x09202405, 0x82400e28, 0x09302207, 0x32058238, 0x09480940, 0x09580950, 0x0c680960, 0x09280c28, 
    0x82780970, 0x09803a05, 0x09900988, 0x09a00998, 0x09d80da8, 0x0cb809b0, 0x09c00960, 0x09d009c8, 0x230f82d8, 0x0de809e0, 0xf0310783, 0x000af809, 
    0x100a080a, 0x200a180a, 0x300a280a, 0x3d51820a, 0x480a400a, 0x500a700d, 0x600a580a, 0x180d680a, 0x780a700a, 0x880a800a, 0x980a900a, 0x1982a00a, 
    0xb00aa822, 0xb8260582, 0xc80ac00a, 0x0982d00a, 0x820ad821, 0x220782fb, 0x82f00ae8, 0x0bf83a05, 0x0b080b00, 0x0b180b10, 0x0b280b20, 0x0ba00b30, 
    0x0b400b38, 0x0b480b58, 0x24058250, 0x0b600b58, 0x2c138268, 0x0b700ba0, 0x0b800b78, 0x0b900b88, 0x2a0f8298, 0x0cb00ba8, 0x0b280c28, 0x82c00bb8, 
    0x0bc82605, 0x0bd80bd0, 0x220982e0, 0x82f00be8, 0x0cf82a05, 0x0c080c00, 0x0c180c10, 0x28258220, 0x0c380c30, 0x0c400c60, 0x22058248, 0x82580c50, 
    0x0c602a05, 0x0c700c68, 0x0c780c88, 0x3a058280, 0x0c900c88, 0x0ca00c98, 0x0cb00ca8, 0x0cc00cb8, 0x0cf00cc8, 0x0cd80cd0, 0x82e80ce0, 0x0cf03a09, 
    0x0d000df8, 0x0d100d08, 0x0d200d18, 0x0d700d28, 0x0e380d30, 0x0d400d40, 0x22058248, 0x82580d50, 0x0d602211, 0x28058268, 0x0d800d78, 0x0d880dd8, 
    0x22058290, 0x82a00d98, 0x0da82205, 0x260582b0, 0x0dc00db8, 0x82d00dc8, 0x0de03909, 0x0df00de8, 0x0eb80ef8, 0x0e080e00, 0x0e180e10, 0x0e280e20, 
    0x0e300e40, 0x0e335182, 0x0e500e48, 0x0e600e58, 0x0e700e68, 0x0e800e78, 0x82900e88, 0x0e982629, 0x0ea80ea0, 0x080982b0, 0xc80ec06a, 0xd80ed00e, 
    0xe80ee00e, 0xf80ef00e, 0x080f000f, 0x180f100f, 0x280f200f, 0x380f300f, 0x480f400f, 0x580f500f, 0x680f600f, 0x780f700f, 0x880f800f, 0x980f900f, 
    0xa80fa00f, 0xb80fb00f, 0xc80fc00f, 0xd80fd00f, 0xe80fe00f, 0xf80ff00f, 0x08100010, 0x18101010, 0x28102010, 0x38103010, 0x48104010, 0x58105010, 
    0x6010d811, 0x68220182, 0x01827010, 0x80107822, 0x88280188, 0x90108810, 0x9810a010, 0xa0220382, 0x0182a810, 0x10b04a08, 0x11c010b8, 0x10c810c4, 
    0x10ce11c8, 0x10d810d0, 0x10e810e0, 0x11f810f0, 0x11081100, 0x11181110, 0x11281120, 0x11381130, 0x11481140, 0x11581150, 0x11681160, 0x11781170, 
    0x11881180, 0x11981190, 0x0ea811a0, 0x0e00004c, 0x05db6792, 0x43dc0e24, 0xcf825441, 0x82524321, 0x4b743305, 0x0f205a41, 0x4c4f4dc0, 0x520c1020, 
    0x10204d4f, 0x1d825458, 0x54a4102d, 0x10204b52, 0x000000f0, 0x84b20101, 0x05994505, 0x0b84b920, 0x0584ba20, 0x0584bb20, 0x0584bc20, 0x0584bd20, 
    0x0584be20, 0x0584bf20, 0x0584c020, 0x0584c120, 0x0584c220, 0x0584c320, 0x0584c420, 0x0584c520, 0x0584c620, 0x0584c720, 0x0584c820, 0x0584c920, 
    0x0584ca20, 0x0584cb20, 0x05849b20, 0x0584a220, 0x05849c20, 0x05849d20, 0x0584a120, 0x0584a020, 0x05849e20, 0x05849f20, 0x5410a828, 0xb4010100, 
    0x05825210, 0x5010b522, 0xb6220582, 0x05824e10, 0x1d84b720, 0x0584a720, 0x0584a920, 0xff68b320, 0x0102240a, 0x82b101af, 0x0103260f, 0x01970194, 
    0x2409849a, 0x01ab01aa, 0x200982ac, 0x84138504, 0x9a3e0915, 0x04000200, 0x0a000700, 0x10000d00, 0x16001300, 0x1c001900, 0x20001e00, 0x27002300, 
    0x2e002c00, 0x32003000, 0x36003400, 0x3a003800, 0x41003d00, 0x46004300, 0x4b004900, 0x50004e00, 0x57005400, 0x5d005b00, 0x64006000, 0x6a006700, 
    0x6f006d00, 0x74007200, 0x79007600, 0x80007c00, 0x85008300, 0x8b008700, 0x90008e00, 0x95009200, 0x9a009800, 0xa1009d00, 0xa500a300, 0xa900a700, 
    0xaf00ac00, 0xb400b100, 0xb900b600, 0xbf00bc00, 0xc400c100, 0xcb00c800, 0xcf00cd00, 0xd400d100, 0xdb00d700, 0xe100df00, 0xe600e300, 0xed00ea00, 
    0xf200ef00, 0xf700f500, 0xfc00f900, 0x0201ff00, 0x09010601, 0x0f010d01, 0x13011101, 0x18011601, 0x1e011c01, 0x24012101, 0x2a012701, 0x30012d01, 
    0x36013301, 0x3c013901, 0x41013e01, 0x46014301, 0x4a014801, 0x50014d01, 0x54015201, 0x58015601, 0x5d015b01, 0x62016001, 0x66016401, 0x6a016801, 
    0x6e016c01, 0x72017001, 0x76017401, 0x7a017801, 0x7e017c01, 0x82018001, 0x86018401, 0x8a018801, 0x8e018c01, 0x92019001, 0x00000100, 0x00200100, 
    0x07830300, 0x00cc1d23, 0x21078306, 0x1785f61b, 0x86ba0e21, 0x8660200f, 0x85b0200f, 0x3a10210f, 0xa6200f86, 0xa4200786, 0x2a201786, 0x9a200f86, 
    0x98200786, 0x11211785, 0x210f851a, 0x07861c11, 0x17861e20, 0x0f862020, 0x07862220, 0x17862420, 0x0f862620, 0x0f862820, 0x11215786, 0x210f852c, 
    0x1f85cc18, 0x85d01821, 0x1e11210f, 0x11210f85, 0x8e0f8620, 0x870f204f, 0x850e208f, 0x860f201f, 0x040e21f7, 0x8a200f86, 0x0d213f85, 0x200786fa, 
    0x211785f8, 0x0f85ee10, 0x86f01021, 0x86f2200f, 0x86f4200f, 0x0627410f, 0x2f871020, 0x10213f86, 0x201f86fc, 0x212f85fe, 0x07860011, 0x07860220, 
    0x1a207787, 0x0d210f85, 0x212f858e, 0x0f86120f, 0x0f858420, 0x85e61021, 0xe810210f, 0xea200f86, 0xec200f86, 0x0d210785, 0x2427a062, 0x00000006, 
    0x21c79f01, 0x4f86a20e, 0x07861820, 0x57851620, 0x27410e20, 0x0c0d2106, 0x27410f86, 0x21c78607, 0x1785000d, 0x85b61021, 0xb8102137, 0x0e210f85, 
    0x210f856a, 0x0f86e60c, 0x0f866220, 0x0f85dc20, 0x859a1021, 0x9c10210f, 0x0c210785, 0x211785ca, 0x0f850c17, 0x85101721, 0x8610210f, 0x88202786, 
    0x19210f85, 0x200f8628, 0x210f8582, 0x0f85f416, 0x7f411620, 0x85742007, 0x7610210f, 0x10211f85, 0x200f8678, 0x200f867a, 0x200f867c, 0x210f857e, 
    0x0f85d20d, 0x86500c21, 0x86ca200f, 0x8546200f, 0x4210200f, 0x102006f7, 0x21066741, 0x1f859c16, 0x85a01621, 0xa416211f, 0xa8200f86, 0x10210f85, 
    0x200f8544, 0x203f8710, 0x200f8648, 0x201f864a, 0x200f864c, 0x200f864e, 0x200f8650, 0x200f8652, 0x200f8654, 0x200f8656, 0x200f8658, 0x200f865a, 
    0x200f865c, 0x210f855e, 0x0f85220d, 0x869c0b21, 0x861a200f, 0x8592200f, 0x4010210f, 0x10210f85, 0x219fd542, 0x5f85bc15, 0x86c01521, 0x21ef9e5f, 
    0x2f85820c, 0x86f80a21, 0x86f62007, 0x85382037, 0x3a10210f, 0x3c200f86, 0x3e200f86, 0x0c21c795, 0x211f8542, 0x1f85bc0a, 0x8f440c20, 0xb20a2106, 
    0x10210f85, 0x211f8524, 0x0f862610, 0x20073742, 0x200f862a, 0x201f862c, 0x200f862e, 0x200f8630, 0x210f8532, 0x0f85f20b, 0x86680a21, 0x0677430f, 
    0x77410a20, 0xe20b2106, 0x54201f86, 0xbf410786, 0x420b2006, 0x0a21064f, 0x20378548, 0x06a7430f, 0x85ee0f21, 0xa414210f, 0x14212f85, 0x210f85a8, 
    0x0f85e00f, 0x4f870f20, 0x17861620, 0x1786dc20, 0x2790de20, 0x00000626, 0xe40f0100, 0xe6201f86, 0xe8201f86, 0xea200f86, 0x0f217795, 0x201f86f0, 
    0x431f86f2, 0x0f200637, 0x20067f41, 0x0647420b, 0xdf420920, 0x9a092106, 0x0b212785, 0x21378512, 0x0f859009, 0x85d00f21, 0xd20f210f, 0x0a210f85, 
    0x210f85fa, 0x07867609, 0x17867420, 0x0f86ea20, 0x0f866a20, 0x0920df86, 0x20064f43, 0x06474109, 0x85940f21, 0x960f2127, 0x0f212785, 0x860f8698, 
    0x860f207f, 0x9e0f218f, 0x0a201f85, 0x2106a744, 0x0f852409, 0x86900f21, 0x8592202f, 0x8a0a210f, 0x09210f85, 0x2007860a, 0x21178508, 0x0f857c0f, 
    0x857e0f21, 0x6a0a210f, 0x08210f85, 0x200786ee, 0x211785ec, 0x0f85680f, 0xb7860f20, 0x866c0f21, 0x866e200f, 0x8670201f, 0x8572200f, 0xec12210f, 
    0x12210f85, 0x210f85f0, 0x0f85640f, 0x85660f21, 0x87082007, 0x21f786c7, 0x2790620f, 0x00000624, 0x77af0100, 0x85740f21, 0x760f215f, 0x08210785, 
    0x209f9538, 0x060f4109, 0x851e0821, 0x4212201f, 0x122106af, 0x200f8558, 0x210f860f, 0x0f86560f, 0x21066f44, 0x0f865a0f, 0x5f855c20, 0x855e0f21, 
    0xdc072107, 0x12211785, 0x210f8524, 0x0f862812, 0x21064f43, 0x0f863012, 0x1f863420, 0x12219786, 0x200f863c, 0x211f8540, 0x0f85180f, 0x861a0f21, 
    0x861c200f, 0x21a7860f, 0x0f86200f, 0x07852220, 0xa06a0721, 0x05474127, 0x0f219786, 0x202f8626, 0x203f8528, 0x06f7430f, 0x85cc1121, 0xd011210f, 
    0x11214fa5, 0x202f86b4, 0x202f86b8, 0x210f8514, 0xc795160f, 0xaf421120, 0xa0112106, 0x0c201f86, 0x0e202f86, 0x10200f86, 0x12200f86, 0x11210f85, 
    0x210f8584, 0x0f858811, 0x85040f21, 0x060f210f, 0x08200f86, 0x0a200f86, 0x0f204fa5, 0x0f209f9e, 0x41196741, 0x1020243f, 0x2006ef42, 0x07ef4210, 
    0x01264f89, 0x01000000, 0xa785d814, 0x85401121, 0x1c1423b7, 0x17830400, 0x85cc1021, 0xa805210f, 0x10200785, 0x2106ef47, 0x0f85f206, 0x86960521, 
    0x86942007, 0x85922007, 0x86122107, 0x05210785, 0x87078688, 0x4884200f, 0x90200617, 0x06215f85, 0x210f85b2, 0x07850014, 0x856a0521, 0xac142107, 
    0x13210785, 0x06474742, 0x07856e20, 0x17480e20, 0x06a74407, 0xaf860520, 0x853e0521, 0x5410211f, 0xdc200786, 0x05210785, 0x2107852c, 0x0785c811, 
    0x85521221, 0x1a052107, 0x18200786, 0x11200785, 0x1220cf86, 0x20064743, 0x070f4710, 0x1f851220, 0x86f60421, 0x85f42007, 0xe6112107, 0x10210785, 
    0x20078630, 0x2b078538, 0x0600e20d, 0x02000000, 0xe010ca10, 0xec220986, 0x09860211, 0x80106e22, 0x88210986, 0x055f4410, 0xfa10042e, 0x0c114a11, 
    0x00001e11, 0x2200ffff, 0x01263982, 0x03000200, 0x27820500, 0x08000736, 0x0a000900, 0x0c000b00, 0x0e000d00, 0x10000f00, 0x12001100, 0x0e617f18, 
    0x23002230, 0x25002400, 0x27002600, 0x29002800, 0x498c2a00, 0x49c00420, 0x93b22320, 0xc9821a20, 0x4bb39593, 0x4bca1b20, 0x4bca1c20, 0x4bca1d20, 
    0x4bca1e20, 0x4bca1f20, 0x4bca2020, 0x4b932120, 0x00000124, 0x04820100, 0x82020121, 0x00032607, 0x00421201, 0x28058215, 0x00330036, 0x00c01101, 
    0x22058231, 0x838903ba, 0x35002105, 0xb4220582, 0x05838803, 0x82660021, 0x00ae2205, 0x22058267, 0x826800a8, 0x03a22805, 0x12010094, 0x826e000c, 
    0x00062205, 0x22058270, 0x82910300, 0x00902217, 0x22058263, 0x839a038a, 0x08022105, 0x84220582, 0x05820902, 0xb9027e22, 0x00210583, 0x22058256, 
    0x82570078, 0x03722205, 0x210583a5, 0x05823202, 0x83026c21, 0x026c216b, 0x11238982, 0x82180266, 0x00662211, 0x22058260, 0x83a00360, 0x0a022105, 
    0x5a220582, 0x05820b02, 0x59009422, 0x54200582, 0x4e221d84, 0x0b826100, 0xa2034822, 0x7c220582, 0x05825a00, 0xa3037622, 0x3c220582, 0x05825500, 
    0x10013622, 0x00200583, 0x30225383, 0x0b821600, 0x77032a22, 0x00210583, 0x22058264, 0x82650024, 0x031e2205, 0x8405839e, 0x0018228f, 0x220b8258, 
    0x83190112, 0x28418405, 0x0072030c, 0x02e21001, 0x220582b5, 0x82b302d0, 0x02002217, 0x220b8239, 0x82b202be, 0x02f42205, 0x220582ac, 0x82070070, 
    0x00ee2205, 0x2105820f, 0x718200e8, 0x83501321, 0xf2102905, 0x0100e3ff, 0x24004413, 0x34220582, 0x1d82f6ff, 0x82004c21, 0x301229c5, 0x01003800, 
    0x94003412, 0x40221182, 0x05827f00, 0xae004622, 0x2c221182, 0x0b826300, 0x40003422, 0xcf200584, 0x01220584, 0x07821213, 0x41823220, 0x07821420, 
    0x07823020, 0x07821620, 0x01002824, 0x07827616, 0x01002024, 0x0782ee18, 0x0f828820, 0x07827220, 0x17868020, 0x07820e20, 0x0f827a20, 0x55820c20, 
    0x0782f020, 0x17860420, 0x17850220, 0x82fa0f21, 0x007e2807, 0x00f80f01, 0x82081b01, 0x20238207, 0x202f8216, 0x214b820f, 0x0f820a1b, 0x2f85e620, 
    0x82e40f21, 0x829c205f, 0x00e2240f, 0x824a1a01, 0x82da2007, 0x82fc2007, 0x2193824f, 0x0f826216, 0x5f82d020, 0x07829a20, 0x2f82c820, 0x07825e20, 
    0x0782fa20, 0xbe201783, 0x8f823782, 0x82bc0f21, 0x8222202f, 0x82b42017, 0x8270200f, 0x82b22007, 0x8274202f, 0x82aa2007, 0x82462027, 0x82a82007, 
    0x826e200f, 0x82a02007, 0x8242200f, 0x829e2007, 0x8268200f, 0x829c2007, 0x824e202f, 0x205b8207, 0x204f8212, 0x21678221, 0x1b82980f, 0x02006c26, 
    0x64125c12, 0x62260582, 0xce060200, 0x09827703, 0x09835820, 0x82ce0621, 0x0056261d, 0x16f61002, 0x24138208, 0x0302004c, 0x2213826e, 0x88421202, 
    0x8248201d, 0x12de221d, 0x201d8240, 0x201d823e, 0x25318479, 0x1502003c, 0x37820fe0, 0x84321221, 0x008f234f, 0x3f821301, 0x15460f23, 0x202782d6, 
    0x201382fe, 0x26278420, 0x0f020024, 0x821c1236, 0x821a2013, 0x840b2013, 0x82202013, 0x12262213, 0x20138218, 0x20138216, 0x20138411, 0x22638214, 
    0x82160f80, 0x840a2013, 0x827c204f, 0x82082095, 0x10062527, 0x11020072, 0x12204f83, 0x11272783, 0x1a0200fc, 0x82f60e28, 0x84f22013, 0x007d2427, 
    0x82f81101, 0x0ef0220d, 0x200582e6, 0x201384ee, 0x2009827a, 0x20a982ec, 0x223182af, 0x84e21102, 0x82ae2013, 0x82d0204f, 0x0e4022b3, 0x206382c2, 
    0x201384c6, 0x261382a8, 0x170200bc, 0x82b20e2c, 0x23038213, 0xac03ce06, 0xa8201382, 0xb8223f82, 0x13820010, 0x27849e20, 0x6382a920, 0x0200ac26, 
    0xa2188e0e, 0x03821982, 0x84a60321, 0x8298208b, 0x18de229f, 0x2013829c, 0x206d828e, 0x261384a7, 0x18020084, 0x826a0e96, 0x82858213, 0x8299204f, 
    0x8238204f, 0x0e78220d, 0x204f825a, 0x204f842e, 0x264f8282, 0x1402006c, 0x824a0ebe, 0x058f4119, 0x01008123, 0x269f8213, 0xb4143a0e, 0x83130200, 
    0x824f209f, 0x1302214f, 0x06219f82, 0x82598434, 0x200e232b, 0x31824211, 0x45824020, 0x13844d20, 0x0e237782, 0x828c1410, 0x21778213, 0x13843906, 
    0x0e237782, 0x82821400, 0x82702013, 0x06ce2227, 0x206d823a, 0x226d82fe, 0x82f00d78, 0x84f42013, 0x82522013, 0x82122013, 0x1102220d, 0x2005820a, 
    0x23138408, 0x10010040, 0x5a212783, 0x2019820f, 0x20278510, 0x2013823f, 0x263b82ea, 0x00b80d50, 0x84e01002, 0x823e2027, 0x8236203b, 0x0d462213, 
    0x203b82a8, 0x20d1842c, 0x82138270, 0xca102371, 0x1382dc0e, 0x13847820, 0x13827220, 0x02006e25, 0x820dda15, 0x6411219b, 0x6f201384, 0x5a261382, 
    0x04180200, 0x2782740d, 0x13845020, 0x13827120, 0x02003e26, 0xbe15640d, 0x34201382, 0x2e201382, 0x1021c783, 0x211382aa, 0x55831054, 0x1382a020, 
    0x13842d20, 0x13827620, 0x3c184422, 0x6c208b82, 0x2c201382, 0x1a20ef84, 0x34221382, 0x3b823217, 0x13821020, 0x13844720, 0x13820620, 0xb0132422, 
    0xfc202782, 0x50201382, 0xf2263b84, 0x420e0200, 0x13826615, 0x1382e820, 0x13844920, 0x02002e26, 0x000d9213, 0x24241382, 0xb0030200, 0x22261384, 
    0xf0160200, 0x1382f00c, 0x9f841820, 0x01009024, 0xc7820e10, 0x0c0e3622, 0x04201382, 0x91291384, 0xfa0f0100, 0xcc0c0200, 0x20418215, 0x232b820f, 
    0x2206ce06, 0x9f822782, 0x0cd01723, 0x229f86bc, 0x822606ce, 0x82f22027, 0x15ac2527, 0x0f020012, 0xce227783, 0x13822106, 0x7782de20, 0x9c0c2422, 
    0xd4201382, 0x89204f84, 0xba201382, 0xb2220d82, 0x05828c0c, 0x0623b782, 0x828a03ce, 0x82ae2013, 0x0c062227, 0x2013827c, 0x202784a4, 0x2513828b, 
    0x120200d2, 0xff820cfc, 0x84c80f21, 0x82872013, 0x828e2013, 0x0cf22213, 0x2027825c, 0x20138484, 0x20138286, 0x2277828a, 0x82a6144c, 0x82802013, 
    0x83162013, 0x820f20db, 0x3c0c239f, 0x13829e14, 0x06213f82, 0x20138418, 0x22278262, 0x825a0f2c, 0x82582013, 0x841b2027, 0x82562013, 0x121c2213, 
    0x201382ac, 0x2013824c, 0x20138414, 0x2213824a, 0x82a2120c, 0x82402013, 0x84172013, 0x23fd8213, 0x9812fc0b, 0x24201382, 0x0f201382, 0x22251384, 
    0xec0b0200, 0x21918212, 0x1382180f, 0x13831920, 0x82f61021, 0x0fd2263b, 0x10020016, 0x201382ec, 0x20278435, 0x2227820a, 0x827012c8, 0x0000243b, 
    0x83930302, 0xfe0e2b13, 0x6e160200, 0x0200b80b, 0xc784f40e, 0x01009624, 0x2782fa0e, 0xf20ea822, 0xf0201382, 0x92202782, 0xee202784, 0x98221382, 
    0x13823e12, 0x2782e420, 0x13840e20, 0x0d82ea20, 0x880be222, 0xe0200582, 0x83203b84, 0xde203b82, 0x78222782, 0x1382ba13, 0x1383d420, 0x00290625, 
    0x826a1001, 0x12682213, 0x208b820c, 0x20138460, 0x20278238, 0x221382d6, 0x829e1358, 0x84cc2027, 0x824c2013, 0x00aa2613, 0x0b6c1502, 0x20138248, 
    0x201384a0, 0x26138225, 0x11020096, 0x82100cda, 0x848c2013, 0x82272013, 0x82822013, 0x1124223b, 0x201382d0, 0x20138478, 0x2013822f, 0x2213826e, 
    0x82c61114, 0x82642013, 0x84322013, 0x8262209f, 0x11042213, 0x201382bc, 0x20138258, 0x26138431, 0x0a02004e, 0x823213f4, 0x82442013, 0x842a2013, 
    0x823a2013, 0x11e42113, 0x30208b83, 0x2b204f84, 0xe9824f82, 0x0a941123, 0x202782d4, 0x2e138434, 0x0f010053, 0x130200a2, 0x00c40a02, 0x84980f02, 
    0x427320ef, 0x0e230507, 0x42760b06, 0x74240807, 0xfa0d0100, 0x6225b382, 0x0200680b, 0x05a7420d, 0x13822820, 0x1382ee20, 0x5a0b5822, 0xe4201382, 
    0x55204f84, 0x4e212786, 0x85c3820a, 0x75032127, 0xd6201382, 0x68218b82, 0x219b8211, 0x2782cc0d, 0x9f835c20, 0x82c20d21, 0x0d582213, 0x203b82ba, 
    0x201382b8, 0x2013845a, 0x221382be, 0x82b60d48, 0x82b42013, 0x84582013, 0x82ba2013, 0x0ab2220d, 0x20058238, 0x206384b0, 0x204f8259, 0x222782b6, 
    0x82ae0d28, 0x82ac2013, 0x845d2013, 0x82b22027, 0x0d182213, 0x201382aa, 0x201382a8, 0x20138442, 0x220d82ae, 0x82080aa6, 0x84a42005, 0x821c203b, 
    0x00aa253b, 0x0df80902, 0x0d21f582, 0x201382a0, 0x20278445, 0x222182a6, 0x82e8099e, 0x849c2005, 0x821f2027, 0x82a22027, 0x0dd82227, 0x2013829a, 
    0x20138298, 0x2027843c, 0x220d829e, 0x82c80996, 0x82942005, 0x03ce2213, 0x20278298, 0x2227829a, 0x82920db8, 0x82902013, 0x84562013, 0x82962027, 
    0x098e220d, 0x200582a8, 0x2027848c, 0x202782aa, 0x220d8292, 0x8298098a, 0x84882005, 0x829b2013, 0x828e2013, 0x0986210d, 0x0d200f82, 0x20056f43, 
    0x2013829c, 0x2213828a, 0x82780982, 0x84802005, 0x829a2027, 0x82862013, 0x0d682263, 0x2413827e, 0x0302007c, 0x2663849f, 0x0f02007a, 0x825809fa, 
    0x84702013, 0x82a42027, 0x82762027, 0x0d482227, 0x2013826e, 0x2027826c, 0x2027849e, 0x22138272, 0x826a0d38, 0x82682013, 0x849d2013, 0x826e2013, 
    0x0966220d, 0x20058228, 0x203b8464, 0x203b82a3, 0x2227826a, 0x82620d18, 0x82602013, 0x827e2027, 0x0d022827, 0x0102005e, 0x82c401c5, 0x005c3e13, 
    0x020b0202, 0x10010050, 0x090300de, 0x0d8c0f6c, 0x1002005a, 0x060300d2, 0x03ce06ce, 0x20178278, 0x241782da, 0x10480d58, 0x201782d0, 0x201784ce, 
    0x2243823b, 0x82cc1001, 0x0d442317, 0x69820f36, 0x84c01021, 0x84442017, 0x82f02017, 0x09302417, 0x82be1034, 0x84e4202f, 0x844b2017, 0x82b02017, 
    0x09202417, 0x823c0f24, 0x84a42017, 0x84372017, 0x82a22017, 0x0f102417, 0x8214092c, 0x82962017, 0x83412017, 0x28778279, 0x0f030094, 0x0900091c, 
    0x20178204, 0x222f8488, 0x828803ce, 0x00902817, 0x08c40c03, 0x828610f0, 0x84842017, 0x844a2017, 0x00822847, 0x0edc0803, 0x82e008f4, 0x82762017, 
    0x86542017, 0x82742047, 0x0ecc2417, 0x82d008e4, 0x84682017, 0x06ce222f, 0x20478236, 0x24178270, 0x086610bc, 0x201782c0, 0x20178664, 0x20178248, 
    0x24178262, 0x0eb008ac, 0x201782bc, 0x20178456, 0x205f841a, 0x24178254, 0x0ea0089c, 0x201782ac, 0x20178448, 0x20178410, 0x24178246, 0x0e90088c, 
    0x2017829c, 0x2017843a, 0x20178443, 0x24178238, 0x0e80087c, 0x2017828c, 0x2017842c, 0x20178446, 0x2417822a, 0x0e70086c, 0x2017827c, 0x2017841e, 
    0x2017843d, 0x2417821c, 0x0e60085c, 0x2017826c, 0x20178410, 0x28178457, 0x0e03000e, 0x084c085c, 0x20178250, 0x21178302, 0x1783a503, 0x0008202b, 
    0x10761004, 0x108a1080, 0x29198294, 0x000400ee, 0x018d0086, 0x27830149, 0x0400ec26, 0xc701c601, 0x1b820383, 0x0400ea2a, 0xb303b203, 0x5f065e06, 
    0xe8200d82, 0x90261b82, 0x92019101, 0x0d824902, 0x0400e639, 0x08060206, 0x0a060906, 0x8e050200, 0x4a104c12, 0x02004c12, 0x820f760b, 0xb41226e7, 
    0x64128c12, 0x33c18212, 0xa20f660b, 0x24110200, 0xce030500, 0x0506cf03, 0x07060606, 0x222c0f82, 0xe2020500, 0x19031803, 0x1b031a03, 0x20200f82, 
    0xe3280f82, 0x1d031c03, 0x1f031e03, 0x1e2e4582, 0x44113411, 0x0300da11, 0x6411260b, 0x2182680f, 0x06004222, 0x09779318, 0x82830121, 0x82302011, 
    0x01933411, 0x01950194, 0x01970196, 0x00030098, 0x008e1201, 0x850e0501, 0x00002307, 0x01820300, 0x4a100126, 0x4e070100, 0x01240d82, 0xad010000, 
    0xc2201184, 0x3c201182, 0xae201186, 0x07251183, 0x10010034, 0x20118662, 0x201184b0, 0x20118222, 0x28118a58, 0x10961002, 0x040100e6, 0x501782b8, 
    0x372005f1, 0xd0204b84, 0x86250f82, 0xa2040200, 0x82098210, 0x2415832f, 0x106a1002, 0x201782ba, 0x82038270, 0x20158207, 0x202b8439, 0x253f82a4, 
    0x10020076, 0x0982105a, 0x94821586, 0x82cc1021, 0x009c2127, 0x95209f83, 0x11232783, 0x82010078, 0x82198203, 0x82118502, 0x661121d7, 0x01203182, 
    0x96201182, 0x76364182, 0xb5000a00, 0xb700b600, 0xb900b800, 0x9b019a01, 0x9d019c01, 0x015d9e01, 0x7c102105, 0x6c232182, 0x87004c10, 0x007c222d, 
    0x2191180b, 0x04250813, 0x1102003b, 0x010f009e, 0x01a801a7, 0x01aa01a9, 0x01ac01ab, 0x01ae01ad, 0x020902af, 0x024e020a, 0x029d024f, 0x2823829e, 
    0x020f009c, 0x02e002df, 0x539118e1, 0x34238217, 0x0010009a, 0x01bb00ba, 0x01a0019f, 0x020502a1, 0x02070206, 0x09931808, 0x02732408, 0x829c0274, 
    0x001a2425, 0x18b00113, 0x20099994, 0x93941801, 0xbb012408, 0x1801bc01, 0x2a088b94, 0x0100c201, 0x2400d613, 0x6011f811, 0x43080661, 0xb811b011, 
    0xc811c011, 0x0212d011, 0xd8117e12, 0x52120c12, 0x16126c11, 0x6e122212, 0x78117211, 0x2e12e011, 0xe8117e11, 0x3a12c212, 0x46128411, 0x4a13e212, 
    0x6012a812, 0xf0118a11, 0x02009212, 0x26004213, 0x210a3141, 0x394201c3, 0x99012b0a, 0x85018401, 0x87018601, 0x4b418801, 0x1f154109, 0x00d00f25, 
    0x188e0627, 0x2d15a38a, 0x9c069a06, 0x9e069d06, 0xa106a006, 0x8a18a206, 0xb1201681, 0x0f6b8a18, 0x12020029, 0x03290022, 0xd0410340, 0x00d62e57, 
    0x0600012f, 0x01cb06cc, 0x0191010e, 0xd0058300, 0x00ca2863, 0x00ba003b, 0x42a201bb, 0xad430503, 0xa301270b, 0xa501a401, 0xfb41a601, 0x12794125, 
    0x22054f42, 0x420a0209, 0x4e380853, 0x4d024f02, 0x9c029d02, 0x02009e02, 0x3d00c412, 0xc701c601, 0x8d008600, 0x06280782, 0x4901c701, 0x50017d01, 
    0x13419418, 0x06410323, 0x24fbcece, 0x00010001, 0x220382ff, 0x83d40201, 0x1a012105, 0x00210583, 0x2005847c, 0x210583f4, 0x05844503, 0x05844620, 
    0x05843a20, 0x05833420, 0x84150421, 0x8429200b, 0x841c200b, 0x841b2005, 0x842e2011, 0x8419200b, 0x832c200b, 0xbe052105, 0x57200b84, 0x30200584, 
    0xb5201184, 0x5c200b84, 0x22202984, 0x32230b84, 0x84120100, 0x4a01211b, 0x2b200f84, 0x3d240584, 0x88150100, 0x24201982, 0x2e200382, 0x38200382, 
    0x42200382, 0x4c200382, 0x56200382, 0x60200382, 0x6a200382, 0x74202382, 0x70200782, 0x7a200382, 0x84200382, 0x15210f85, 0x200b8280, 0x20038286, 
    0x200f8290, 0x82038284, 0x92122107, 0x9c200f82, 0x94200b82, 0xa2200782, 0xac200382, 0xb6200382, 0xc0200382, 0xca200382, 0xd4200382, 0xda206f86, 
    0xe0202f86, 0x98200782, 0xe6201782, 0x2505f950, 0x0100fa12, 0x3f850413, 0x82c41921, 0x214b8207, 0x07820213, 0x0382a420, 0x1b85b020, 0x820e1321, 
    0x82182007, 0x21d78203, 0x07822c13, 0x03823620, 0x1f824020, 0x0382a020, 0x15216f82, 0x830782b8, 0x82d0203b, 0x82dc2007, 0x82e82003, 0x822e201f, 
    0x82f02007, 0x82342007, 0x823e2003, 0x86482003, 0x824e200f, 0x8258200b, 0x82622003, 0x826c2003, 0x82762003, 0x21d78203, 0x07828a13, 0x1321c382, 
    0x2007829e, 0x200382a8, 0x200382b2, 0x200382bc, 0x820382c6, 0x82132057, 0xe41321bf, 0xee200b82, 0xf8230382, 0x82140100, 0x0c1421a3, 0x16210782, 
    0x2d098200, 0x50014c01, 0x02000000, 0xf5000100, 0x0985fb00, 0x01400123, 0x2f098343, 0xf220e020, 0xfa180200, 0x02000a19, 0x7e15f613, 0xfc280582, 
    0x02008615, 0x18190819, 0x22220582, 0x05823219, 0x4c193c22, 0x56220582, 0x05826619, 0x80197022, 0x8a220582, 0x05829a19, 0xb419a422, 0xbe220582, 
    0x0582ce19, 0xe819d822, 0xf22c0582, 0x0200021a, 0x1c1a0c1a, 0xaa200100, 0xb8200382, 0xa3820382, 0x001a1a25, 0x82261a01, 0x82322003, 0x21ef8203, 
    0x07824a1a, 0x03825620, 0x1a21e782, 0x2007826e, 0x2003827a, 0x20038286, 0x20038292, 0x8203829e, 0xb61a213b, 0xc2200782, 0xce200382, 0xdf820382, 
    0x82e61a21, 0x82f22007, 0x00fe2403, 0x820a1b01, 0x82162003, 0x82222003, 0x822e2003, 0x823a2003, 0x82462003, 0x82522003, 0x825e2003, 0x006a2103, 
    0x0223ed82, 0x830103f8, 0x010025e3, 0xdd02d402, 0x04320982, 0xc414b814, 0x701b621b, 0xc6140400, 0x741bd214, 0x0982821b, 0xcc16d426, 0x941b861b, 
    0xd6260982, 0x981b0e16, 0x0982a61b, 0xe414d826, 0xb81baa1b, 0xe6260982, 0xbc1bc616, 0x0982ca1b, 0xf414e826, 0xdc1bce1b, 0xf6380982, 0xe01bca16, 
    0x0400ee1b, 0x0c20fc1f, 0x2c201c20, 0x32200300, 0xb626a426, 0x3a2c0782, 0xd226c026, 0x02000100, 0x57034503, 0x46200784, 0x03250782, 0xd61bc81b, 
    0x82fd8220, 0x032e2217, 0x2a178445, 0x0046032e, 0x16b61403, 0x84cc1b7e, 0x055c220f, 0x220f82b4, 0x82be14b2, 0x223f836d, 0x84be0546, 0x86472017, 
    0x86482007, 0x04472207, 0x2427821c, 0x1b5e16a2, 0x201f84b0, 0x2a178645, 0x003e033d, 0x1ea61b03, 0x84da1ff6, 0x03342217, 0x2427823d, 0x1b061686, 
    0x200f84a4, 0x24378429, 0x1bf21682, 0x210f83a2, 0x0f831b04, 0x1fba1f2d, 0x003426ca, 0x263e2603, 0x84622650, 0x821c2017, 0x1b03264f, 0x1f001e88, 
    0x243f82c2, 0x1bd2155e, 0x223f848e, 0x841b0448, 0x865c2007, 0x042e226f, 0x241f8219, 0x1ba2164a, 0x2017847c, 0x201f862b, 0x8357822b, 0x832b20bf, 
    0x7616251f, 0x6a1b8216, 0x1b205784, 0x57203786, 0x04210785, 0x23678419, 0x1fd81d58, 0x03231f84, 0x8430032b, 0x83302047, 0xfe132537, 0x4e1b4215, 
    0x29200f84, 0x2f821785, 0x0300b528, 0x1a16f213, 0x1785441b, 0x67832782, 0x07853d20, 0x86190421, 0x8257207f, 0x1b032607, 0x1f4e1d2a, 0x20778422, 
    0x238f8519, 0x22041c04, 0xbe243f82, 0x201bf215, 0x1b201784, 0xba240f84, 0x1e1b2215, 0x57204f84, 0xb6240f84, 0x1c1bc213, 0x22221f84, 0x2f84b405, 
    0x1a1baa22, 0x19220f84, 0x0f822304, 0xc613ba24, 0x2f84181b, 0x5782c520, 0xc2130326, 0x161ba215, 0x1b200f86, 0xbe241f82, 0x141bca13, 0x15202f84, 
    0x15251f83, 0x1b82155e, 0x830f8612, 0x14b6241f, 0x84101bbe, 0x8434202f, 0x15b2243f, 0x860e1b62, 0x241f830f, 0x1baa14ae, 0x200f840c, 0x243f843d, 
    0x1b421512, 0x830f860a, 0x139a241f, 0x84081ba6, 0x033a220f, 0x246f8245, 0x1bae13a2, 0x200f8606, 0x240f8247, 0x1bb613aa, 0x200f8604, 0x240f8243, 
    0x1b0614b2, 0x220f8402, 0x843a0330, 0x033a2207, 0x2417825c, 0x1a1214a6, 0x200f84f8, 0x2617822e, 0x13a21303, 0x84f61aea, 0x842b200f, 0x149e240f, 
    0x84f41ab2, 0x043a220f, 0x822f8219, 0xf21a2177, 0x03210f85, 0x23078348, 0xa201f400, 0x01290783, 0x002102dd, 0x24342402, 0x22058246, 0x82642452, 
    0x24702205, 0x22058282, 0x84a0248e, 0x8257202f, 0x000038c7, 0x1da01d05, 0x24a224ae, 0x00c224b2, 0x132c1c05, 0x1db21ac4, 0x82be1db0, 0x1dc03417, 
    0x24ba24ce, 0x00da24ca, 0x231c2305, 0x24de242a, 0x82fe24ee, 0x1dc43417, 0x250225d2, 0x00222512, 0x138e1a05, 0x1d9a1a34, 0x82e21dd4, 0x1de42817, 
    0x251a25f2, 0x823a252a, 0x1bf4280b, 0x253e2568, 0x825e254e, 0x1bf6280b, 0x2562254e, 0x82822572, 0x1376342f, 0x1d2a1b1c, 0x00061ef8, 0x1e081e05, 
    0x257a2516, 0x829a258a, 0x1e18270b, 0x259e2526, 0x778225ae, 0x1e281e28, 0x25c22536, 0x538225d2, 0x381e2708, 0xe625461e, 0x0626f625, 0x0a260400, 
    0xfa2b1a26, 0x04000c2c, 0x4c1e3e1e, 0x30262026, 0x321a0400, 0xda1acc12, 0x0982501e, 0x7e1b3426, 0x541e9a13, 0x58261d82, 0x2226661e, 0x09823226, 
    0x781e6a26, 0x48263826, 0x22261d82, 0xa4122e1a, 0x13827c1e, 0x8e1e8025, 0x83264426, 0x1e922627, 0x265a26a0, 0x2613826a, 0x1ec01ea4, 0x827026b2, 
    0x1e2a2627, 0x1e121ab6, 0x260982c4, 0x12201a14, 0x82c81e96, 0x1ecc261d, 0x266226da, 0x30098272, 0x26ec1ede, 0x00882678, 0x1a101b04, 0x1e2c130e, 
    0x262782f0, 0x1b121b10, 0x82f41e2c, 0x12122609, 0x1e1e1a34, 0x262782f8, 0x26a021fc, 0x82802670, 0x1f8626b3, 0x26962600, 0x260982a6, 0x26041fac, 
    0x82cc26bc, 0x12022627, 0x1fb01a48, 0x25098208, 0x12b21a04, 0xd1821fe6, 0x12061a27, 0x1f121a04, 0x30138210, 0x1ad21214, 0x00141f9e, 0x1f181f04, 
    0x26aa2626, 0x260982ba, 0x1ac0262a, 0x82d0260c, 0x212e2609, 0x26d626c8, 0x260982e6, 0x26401f32, 0x82fc26ec, 0x1f442609, 0x27022752, 0x26098212, 
    0x270e2156, 0x82282718, 0x1a282645, 0x1f401a34, 0x2613825a, 0x1924275e, 0x823427de, 0x1f623009, 0x277e1f70, 0x1904003a, 0x1a161ad8, 0x82821f22, 
    0x1f862613, 0x273627da, 0x2e138246, 0x198e11d0, 0x008a1fdc, 0x29422703, 0x82b62a66, 0x274a3407, 0x00c02a5a, 0x207e1f03, 0x006227b8, 0x20d82003, 
    0x826a27e6, 0x1f7c240f, 0x8272278a, 0x1f902407, 0x827a279e, 0x1fa42407, 0x828227b2, 0x21b82307, 0x3f82272c, 0x20be1f25, 0x82922788, 0x1fc4240f, 
    0x829a27d2, 0x1fd82407, 0x82a227e6, 0x1fec2407, 0x82aa27fa, 0x20002447, 0x82b2270e, 0x14200807, 0xba272220, 0x6a2a0600, 0xde2d7a2a, 0x022ef02d, 
    0x0600142e, 0xb4271a20, 0x12117c2a, 0xd027c227, 0x182a0d82, 0xfc0c1011, 0xd0272420, 0x2982de27, 0xde27702a, 0x802a4419, 0xa02a902a, 0x2e081b82, 
    0x19441914, 0x275c1950, 0x00ec27de, 0x28ec2705, 0x2a6a285c, 0x00a42a94, 0x27162905, 0x2a0620ee, 0x00b82aa8, 0x11082005, 0x204e1982, 0x82f0277e, 
    0x2d9c2817, 0x2972190c, 0x82b02aaa, 0x2de6282f, 0x19b02d00, 0x82b42a66, 0x2ae8280b, 0x2af627b8, 0x82d82ac8, 0x2af8340b, 0x2ae41fdc, 0x00fc2aec, 
    0x2b002b05, 0x2d9e2d10, 0x82c22db0, 0x1fee2817, 0x2be81fda, 0x82242b14, 0xf020080b, 0xfe27282b, 0x482b382b, 0x00280500, 0x0e284c2b, 0x6c2b5c2b, 
    0xd21f0500, 0xd6186e10, 0x1028de1f, 0x123c7782, 0xde1ffa18, 0x12281419, 0x03000100, 0x45032e03, 0x04005703, 0x822d4e2b, 0x942d0a28, 0x57221386, 
    0x09841c04, 0x83033a21, 0x27042809, 0x1f882cfc, 0x84402bea, 0x04572213, 0x831d851b, 0xbe052107, 0x2b241384, 0x1b043003, 0x28264582, 0x382b602d, 
    0x1383722d, 0x8b190421, 0x22042127, 0x4d822784, 0x04283182, 0x202bba27, 0x302bc827, 0x1c202786, 0x31834585, 0x75820985, 0x2205fb45, 0x88c50303, 
    0x87152045, 0x34032109, 0x3d200988, 0x50080988, 0x0343033a, 0x2a02005c, 0x007c27e6, 0x27842702, 0x27010092, 0x1807009a, 0x2b022d00, 0x171c1072, 
    0x2ae62ae8, 0x270700f4, 0x27022e94, 0x0fae27a2, 0x2bf22a64, 0x27060000, 0x0fb627aa, 0x27c22760, 0x00fe2ace, 0x1efe2a06, 0x2bdc1ece, 0x2c1a2b0c, 
    0x361b82c4, 0x27b817be, 0x27500fca, 0x001a2bd6, 0x27ce1e06, 0x2be027d4, 0x83d20f28, 0xde27210d, 0xaa302382, 0xc40fa817, 0x0400282b, 0x380f320f, 
    0x440f3e0f, 0x40260982, 0x4c0f460f, 0x0982520f, 0x540f4e26, 0x600f5a0f, 0x5c280982, 0x680f620f, 0x01006e0f, 0x0805b94a, 0x1708003f, 0x2a8e1e76, 
    0x2b9017f8, 0x2c042b48, 0x008a2c7c, 0x0f5a2b08, 0x2a662b8c, 0x0f4e2bfe, 0x2c862c5c, 0x2c080094, 0x27f82a90, 0x275e1788, 0x2d6a2d96, 0x008a2d7a, 
    0x2a1e2b07, 0x0f362bf6, 0x3e4b825c, 0x008c2c44, 0x2c8a2c07, 0x2ad02d98, 0x2d541ef2, 0x00882d78, 0x00040001, 0x018c0084, 0x844f0147, 0x0001260b, 
    0x01bd0060, 0x270b8322, 0x91039003, 0x24062306, 0x01270b83, 0x010e010d, 0x8336020f, 0xb505270b, 0x0d060c06, 0x0b820e06, 0x20030122, 0x542e7382, 
    0x602cf816, 0x782c6c2c, 0xb02a842c, 0x1182462d, 0x65827e20, 0xa22c962a, 0xba2cae2c, 0x422d200a, 0xb42e1182, 0x6c2dca0e, 0x8c2d7c2d, 0x3e2d9c2d, 
    0x3b824c2d, 0x03820220, 0x0784bd20, 0x6f826020, 0x762a0932, 0x8e2a822a, 0xa62db40e, 0x9a2a8a2d, 0x982dc00e, 0x052a1b82, 0xc503c303, 0x42061c06, 
    0x0d834306, 0x02dc0229, 0x03f602ec, 0x840a0300, 0x02d9290d, 0x02f302e9, 0x000703fd, 0x022b4b82, 0x00f702ee, 0x00010000, 0x84ce0601, 0x823e2099, 
    0x04022415, 0x831c041c, 0x20138211, 0x240f8302, 0x57035703, 0x82158600, 0x01063025, 0x01140113, 0x01170116, 0x00190118, 0x82322d09, 0x2d6e2c9b, 
    0x2d9a2d8a, 0x2d562d4a, 0x847c2d62, 0x03292883, 0x03330332, 0x83c605be, 0x68062b41, 0x00006c06, 0x76066e06, 0x0f830500, 0x00a20023, 0x227682a6, 
    0x856e016a, 0x7706230f, 0x1f827906, 0x7f067b24, 0x3d820300, 0xff000830, 0x0b010701, 0x90010d01, 0x36023402, 0x33834902, 0x2505274a, 0x15041504, 
    0x0f820a00, 0x0f820520, 0x0100de22, 0x03269b84, 0x1b041b04, 0xb7840400, 0xbe050224, 0x5584be05, 0x49820620, 0x0100bc2b, 0xfe01c801, 0x03020100, 
    0x23598202, 0x0a020502, 0x51220b82, 0x05827402, 0xb902a022, 0x02222182, 0x9d840600, 0x9d820120, 0xf5827820, 0x7c067a22, 0x80220582, 0x05828a06, 
    0xb006b022, 0xb4220582, 0x2786bb06, 0x9a068e22, 0x9c220f82, 0x05829e06, 0xa206a022, 0xa5220582, 0x0582af06, 0xb106b122, 0xbc220582, 0x4f8ac306, 
    0x7823ed83, 0x83060500, 0x0610214f, 0x13214f83, 0x214f8306, 0x4f83061e, 0xc1821f20, 0x00209f85, 0xbc209f84, 0xf3209f84, 0xf4219f84, 0x219f8302, 
    0x9f8202fa, 0x821e0121, 0x84072027, 0x25279ec7, 0xde02d402, 0x2d823801, 0x51010332, 0x00005301, 0x56015501, 0x5b010300, 0x05006801, 0x0f263f82, 
    0x71017001, 0xa6187201, 0xdf2a0c8b, 0x2302e001, 0x77022402, 0x21837f02, 0x02d6023d, 0x02dd02da, 0x02ea02e6, 0x02f002ed, 0x02f702f4, 0x03fe02fa, 
    0x03040301, 0x820b0308, 0x10260821, 0x52005100, 0x11011001, 0xd1011201, 0xd601d501, 0x1502f801, 0x1a021902, 0x5a023c02, 0x7e027202, 0x41030200, 
    0x05824203, 0xce06ae22, 0x9a220582, 0x0582a503, 0x0b839c20, 0x84420621, 0x82592005, 0x02032805, 0x03f902e5, 0x82030003, 0x03fa2269, 0x24078204, 
    0x03fb02e7, 0x24078205, 0x03fc02e8, 0x24078206, 0x03fd02e9, 0x20078207, 0x207d82ea, 0x24078208, 0x03ff02eb, 0x20078209, 0x203482ec, 0x2007820a, 
    0x269382ed, 0x0303000b, 0x838d038c, 0x7603234f, 0x07839b03, 0x06120623, 0x2207842c, 0x820d060c, 0x02043007, 0x02e402de, 0x000203f8, 0x037f0304, 
    0x83920380, 0x79032513, 0x9e038e03, 0x05280982, 0xa6039703, 0x3c06a703, 0x7e260b84, 0xa103a003, 0x0b84a203, 0x7b036e26, 0x11068f03, 0xa4260b84, 
    0xb103b003, 0x0b830b06, 0x063b0427, 0x061e061d, 0x2a0b8245, 0x03820306, 0x03940387, 0x849f0395, 0x0675280d, 0x06530652, 0x825b0655, 0x03072c0d, 
    0x03990320, 0x03ad03ab, 0x825606af, 0x0309300f, 0x03840340, 0x03930385, 0x0620069d, 0x8239062d, 0x030a3213, 0x037a0370, 0x0613067c, 0x063e0636, 
    0x0640063f, 0x36158248, 0x0373030c, 0x037d0374, 0x068b0381, 0x06380628, 0x064c063a, 0x8251064e, 0x030f3c19, 0x036d036c, 0x06780377, 0x0614060f, 
    0x0631062a, 0x06350634, 0x0644063b, 0x8258064f, 0x1930081f, 0x86038303, 0x90038903, 0x96039103, 0xa803a303, 0xac03a903, 0x17060e06, 0x21061906, 
    0x23062206, 0x29062406, 0x32062e06, 0x49064706, 0x5d065006, 0x76083382, 0x03080002, 0x002b032b, 0x03420300, 0x06010042, 0x006c0668, 0x066e0602, 
    0x06070078, 0x007c067a, 0x06800612, 0x0615008a, 0x00b006b0, 0x06b40620, 0x002100bb, 0x036f0322, 0x03720371, 0x038a0388, 0x06aa0398, 0x06160610, 
    0x061a0618, 0x061c061b, 0x0625061f, 0x06270626, 0x062f062b, 0x06330630, 0x063d0637, 0x06430641, 0x064a0646, 0x064d064b, 0x06570654, 0x845c065a, 
    0x430b2079, 0x002105fd, 0x080182f4, 0x13010538, 0x06001401, 0x1a011601, 0x4c010800, 0x0d005001, 0x6e016a01, 0x70011200, 0x17007801, 0xe001df01, 
    0x23022000, 0x22002402, 0x77027702, 0x7f022400, 0x25007f02, 0x09820100, 0xd502d422, 0x0f09a618, 0x82290321, 0x032c30d5, 0x0330032e, 0x03340332, 
    0x033d033a, 0x1843033e, 0x26084fa5, 0x035c0357, 0x471504c5, 0x042d052f, 0x05b40522, 0x00be05b5, 0x000e0002, 0x080182ff, 0x0701004e, 0x01000701, 
    0x0b010b01, 0x0d010200, 0x03000d01, 0x90019001, 0x34020400, 0x05003402, 0x36023602, 0x49020600, 0x07004902, 0x6c066806, 0x6e060800, 0x0d007806, 
    0x7c067a06, 0x80061800, 0x1b008a06, 0xb006b006, 0xb4062600, 0x2700bb06, 0x13265782, 0x52005100, 0xe9840000, 0x10010222, 0x0320e982, 0x1920e982, 
    0x4036e982, 0x0c004301, 0x53015101, 0x55011000, 0x13005601, 0x68015b01, 0xf5841500, 0x01233c08, 0x00d101d1, 0x01d5012c, 0x012d00d6, 0x00e001df, 
    0x01f8012f, 0x023100f8, 0x00150215, 0x02190232, 0x0233001a, 0x00240223, 0x023c0235, 0x0237003c, 0x00770277, 0x027e0238, 0x8439007f, 0x00012275, 
    0x22758201, 0x82600060, 0x00842207, 0x26138284, 0x008c008c, 0x82bd0003, 0x84042001, 0x010530eb, 0x00220122, 0x01470106, 0x01070047, 0x824a014a, 
    0x014f3693, 0x0209004f, 0x000103f8, 0x0342030a, 0x04140042, 0x00230423, 0x20eb8415, 0x20eb8416, 0x20eb841b, 0x20eb8426, 0x20eb8429, 0x28eb8434, 
    0x00c30535, 0x03220103, 0x226f8229, 0x465a0001, 0x0020064d, 0x1d208584, 0x1f200d8c, 0x2d200d8c, 0x2f200d8c, 0x31200d8c, 0x33200d8c, 0x35200d8c, 
    0x42200d8c, 0x4a200d8c, 0x4f200d8c, 0x5c200d8c, 0x73200d8c, 0x75200d8c, 0x8f200d8c, 0x91200d8c, 0x99200d8c, 0xa2200d8c, 0xa4200d8c, 0xa6200d8c, 
    0xa8200d8c, 0xaa200d8c, 0xb5200d8c, 0xc0200d8c, 0xcc200d8c, 0xce200d8c, 0xd0200d8c, 0xe0200d8c, 0xee200d8c, 0xf6200d8c, 0xf8200d8c, 0x01210d8b, 
    0x200d8c0e, 0x200d8c10, 0x200d8c12, 0x410d8c17, 0x01210cdb, 0x411b8c3d, 0x01210c95, 0x411b8c49, 0x01210c87, 0x201b8c61, 0x200d8c63, 0x200d8c65, 
    0x200d8c67, 0x200d8c6b, 0x200d8c6d, 0x410d8c71, 0x01210ce9, 0x201b8c77, 0x200d8c79, 0x200d8c7d, 0x200d8c7f, 0x200d8c81, 0x200d8c83, 0x200d8c85, 
    0x200d8c87, 0x200d8c89, 0x200d8c8b, 0x420d8c8d, 0x012c0c75, 0x03010093, 0x00010047, 0x00be0501, 0x01260083, 0x48030200, 0x0a824803, 0xce060224, 
    0x1982ce06, 0x21056143, 0x0f8d0017, 0x0f8e4420, 0x0f8e6520, 0x22073741, 0x841c0401, 0x8e772043, 0x8e81201f, 0x4a96200f, 0x5c20081d, 0xb2202f84, 
    0x04210f87, 0x200f8419, 0x200f8ebd, 0x203f8ec9, 0x200f8ee4, 0x200f8eeb, 0x200f8ef0, 0x214f8df3, 0x0f882201, 0x0121af84, 0x200f8e25, 0x213f8d28, 
    0x1f882e01, 0x9f831b20, 0x8e340121, 0x8e37201f, 0x8e3a200f, 0x8e3f202f, 0x005e221f, 0x08395700, 0x2f000022, 0x03210d85, 0x23fb8448, 0x03010031, 
    0x20059357, 0x08a34145, 0x57034522, 0x01220b82, 0x21824603, 0x3d820583, 0x01211182, 0x570b8700, 0x3a2005b7, 0x04212383, 0x82238315, 0x20238305, 
    0x202f842c, 0x2147882c, 0x0b83032c, 0x30030122, 0x30201784, 0x01221782, 0x8984b505, 0x0b82b520, 0x00233182, 0x82b50502, 0x21098211, 0x23845c03, 
    0x23845c20, 0x0b8ab420, 0x8388be20, 0xbe202f85, 0x09829582, 0x0521b385, 0x452f83be, 0x658205b5, 0x04211782, 0x208f841c, 0x209b841b, 0x203b841b, 
    0x2023842b, 0x8617892b, 0x8929208f, 0x1904213b, 0x22202f84, 0x04202389, 0x07410b84, 0x210b8505, 0xb388b405, 0x0b84b420, 0x23040122, 0x3b852f84, 
    0x03217784, 0x20fb88c5, 0x200b84c5, 0x23058201, 0x04010001, 0x23848f85, 0x87150421, 0x15042123, 0xc5420b84, 0x03012205, 0x598f8434, 0x2f8a050d, 
    0x843d0321, 0x05734117, 0x830ba341, 0x0301210b, 0x47201785, 0x47217788, 0x870b8303, 0x88432017, 0x03432117, 0x17870b83, 0x538a3020, 0x0b8a2e20, 
    0x84052b41, 0x05134153, 0x83480321, 0x826582e3, 0x22098224, 0x8a3a0302, 0x0329220b, 0x84168329, 0x03302117, 0x00205383, 0x2b220b84, 0x17882b03, 
    0x5c035c22, 0x2e210b88, 0x846b8303, 0xbe052123, 0x220a1344, 0x88570357, 0x03342223, 0x200b8834, 0x27fb833d, 0x0200b806, 0xb9066b06, 0x6a220582, 
    0x0582ba06, 0xbb067422, 0x72220582, 0x1784b406, 0x1784b520, 0x1784b620, 0x1784b720, 0x0582c020, 0xc1069122, 0x90220582, 0x0582c206, 0xc3069922, 
    0x97220582, 0x1784bc06, 0x1784bd20, 0x1784be20, 0x0582bf20, 0xb1829720, 0x6e06042a, 0x93067006, 0x01009506, 0xaf417182, 0x42152009, 0xb384080f, 
    0x41190421, 0xb9820513, 0x17852387, 0x1b041b22, 0x0322b382, 0xd544ce06, 0x43e7200c, 0x00210d85, 0x08854414, 0x57822e20, 0x15000022, 0x47201f8e, 
    0x210d3544, 0x1f8e4800, 0x3f884c20, 0x3f843420, 0x1f8e4d20, 0x1f878c20, 0x00229f84, 0x1f8e8d00, 0x25449320, 0x9400210d, 0xad201f8e, 0xae207f8e, 
    0xba201f8e, 0xbb201f8e, 0x01211f8d, 0x209f8800, 0x219f8357, 0x1f8e0101, 0x21070f49, 0xd5440401, 0x8e322005, 0x454b201f, 0x4c200e15, 0x4e201f8e, 
    0x4f201f8e, 0x59201f8e, 0x22201f88, 0xc5497f84, 0x216f8607, 0x2f8d8400, 0x33500f82, 0x218f8506, 0x1f8e8600, 0xb0200f8f, 0x8f0e3f41, 0x8ee2200f, 
    0x210f8e3f, 0x1f8d2b01, 0xef410120, 0x050f4109, 0xbf410f88, 0x51012105, 0x51202f8e, 0x210ddf41, 0x1f8e5301, 0x9f8d5320, 0x8e550121, 0x8e55201f, 
    0x8e57201f, 0x8e57201f, 0x8e69201f, 0x8e69201f, 0x8e6f201f, 0x8e6f201f, 0x8e75201f, 0x8e75201f, 0x8e7b201f, 0x200f8f1f, 0x084f4291, 0x01004325, 
    0x4a010000, 0x08220dc3, 0x4f5e0000, 0x00002208, 0x0c1b4a09, 0x1b860b20, 0x82004621, 0x0c002137, 0x21201b8c, 0x3a201b86, 0x99471b84, 0x224b8307, 
    0x85550000, 0x1504211b, 0x56201b84, 0xd520378c, 0x03211b85, 0x201b842c, 0x0cf548d6, 0x1b860720, 0xa7843020, 0x1b8c0820, 0x1b851420, 0x84b50521, 
    0x4859821b, 0x012109f7, 0x211b851f, 0x1b845c03, 0x89472020, 0x03022106, 0x20092745, 0x450b8303, 0x01200835, 0x00202985, 0xdf853787, 0xdd472d20, 
    0x4435200c, 0x022006c3, 0x8306ad44, 0x058147d9, 0x5c000022, 0xef422985, 0x82732006, 0x00572529, 0x04020001, 0x8505bf44, 0x842b2029, 0x8ca420df, 
    0x8cce2029, 0x00ee210d, 0x2105b146, 0xb7450302, 0x03012209, 0x20c38429, 0x20298612, 0x200d8419, 0x2261881d, 0x821c041c, 0x85618419, 0x6101217d, 
    0x01200f82, 0x00221f86, 0x0d856301, 0x84b40521, 0x8c652037, 0x85672045, 0xc503210d, 0x6b201b84, 0x01218b8b, 0x0bb1416d, 0x8c710121, 0x8573201b, 
    0x3403210d, 0x77203784, 0x79201b8c, 0x03210d85, 0x201b843d, 0x201b8c7d, 0x0b59427f, 0x86810121, 0x8447200d, 0x86832029, 0x0591420d, 0xf7418520, 
    0x8687200c, 0x842e200d, 0x868b2029, 0x842b200d, 0x8c8d200d, 0x858f20d1, 0x3a03210d, 0x93201b84, 0x02220d84, 0x5d463d03, 0x29032505, 0x01000100, 
    0x220a5947, 0x481c0429, 0x032109c1, 0x820b832b, 0x84238329, 0x20c3840b, 0x483b8501, 0x238405fd, 0x45820020, 0x2b030222, 0x24087741, 0x04be0502, 
    0x2047841b, 0x08914b57, 0x4b05c741, 0x0120059d, 0x53823582, 0x0b864785, 0x3020778b, 0x53853b82, 0x47853020, 0x99490520, 0x82572005, 0x89418317, 
    0x4930203b, 0x2f850875, 0x53852b20, 0x49b50521, 0x1783082d, 0x1b040322, 0x220a7742, 0x831c0403, 0x219f8901, 0x95482204, 0x0941480a, 0x43035c22, 
    0x3f841782, 0x42570321, 0xc586067f, 0x71843184, 0x8c220421, 0x84f5830b, 0x57032117, 0xb347b984, 0x84192005, 0x06ef470b, 0x41056349, 0x49410555, 
    0x083d410b, 0x19040322, 0x560a4f43, 0x00210549, 0x0ff14700, 0xd1441120, 0x03012108, 0x4e059b43, 0x2b43077b, 0x82012005, 0x441a20bb, 0x1189061d, 
    0x11906820, 0x01007026, 0x01001301, 0x00220586, 0x0b82a301, 0x0f835320, 0x05830020, 0xa4010022, 0x7e201982, 0x05831f84, 0xa5010022, 0x93200f82, 
    0x05830f84, 0xa6010022, 0x22064944, 0x41450303, 0x03200623, 0x45200782, 0x4905334b, 0x2e220a6b, 0x35822e03, 0x14000022, 0x01219782, 0x05314400, 
    0x4720a383, 0x2206e143, 0x49be0503, 0x04200aa7, 0xb7490d85, 0x1b042109, 0x2005cb43, 0x07c14200, 0x5b825720, 0x02823f82, 0x23056341, 0x001c041c, 
    0x01210c82, 0x208f824b, 0x0e3d4a3a, 0x3a030322, 0x47064b4a, 0x00200585, 0x3b208984, 0x210b9743, 0xcb443c00, 0x3d032307, 0xf7413d03, 0x840b8208, 
    0x0401240d, 0x82010015, 0x05454bb5, 0x03213f83, 0x4b0b8204, 0x65450553, 0x4c002009, 0x032106fd, 0x20618429, 0x8353825f, 0x03022109, 0x2009bd4a, 
    0x820b8303, 0x5f43821f, 0x1c2008cd, 0x4508414c, 0xa78b071f, 0xdd43d220, 0xd300210b, 0x2c255382, 0x02000100, 0x05f14c03, 0x0b838b84, 0x2006ff4c, 
    0x0e154b2b, 0x2b030322, 0x43830183, 0x4b300321, 0x03220e3d, 0x01833003, 0x4d082b4d, 0x53840721, 0x4db50521, 0x2e20082f, 0x46203784, 0x85060d4d, 
    0x842e200d, 0x0bc7450d, 0x77441d20, 0x4200210b, 0xd942fb89, 0x29032109, 0x87077943, 0x082142fb, 0x1c040322, 0x830ce345, 0x000022c7, 0x08ff4575, 
    0x82095d44, 0x43458fd1, 0x45820883, 0x43069143, 0xdf5805a9, 0x25988205, 0x03000100, 0x9744be05, 0x87002006, 0x085f420d, 0x22055544, 0x468f0000, 
    0x91200cdf, 0x03200d84, 0x19206d82, 0x200aa943, 0x830f8302, 0x5c032419, 0x82000100, 0x08754c61, 0xbe050323, 0x09834c03, 0x33820120, 0x27820120, 
    0x0382cc20, 0xc7860120, 0xd0000022, 0x220bc745, 0x4500e000, 0x0221050b, 0x05b94403, 0x17419988, 0x20b58409, 0x83358219, 0x4201201b, 0x002105f5, 
    0x0c6b41f6, 0xff45f820, 0x450e200c, 0x17200cff, 0x60084141, 0x618405bd, 0x0b820320, 0x75420420, 0x47192005, 0x01220a95, 0x0d841b04, 0xaf441920, 
    0x200d8605, 0x84fb841b, 0x82042037, 0x870d840b, 0x891b2029, 0x820420a7, 0x860d840b, 0x0a01451b, 0x4b040121, 0x42200525, 0x6f858b82, 0x4105a347, 
    0x434506a3, 0x8303200a, 0x0acd410b, 0x0f822220, 0x87075345, 0x825c2045, 0x204f8345, 0x201b8b02, 0x82158203, 0x8a8920a2, 0x058146ed, 0x20050f43, 
    0x088d4530, 0x82030321, 0x0a234f0b, 0x0320458b, 0x1b8b5183, 0x42570321, 0x03200821, 0x0d840b83, 0x21052b42, 0x25410402, 0x22138206, 0x86020001, 
    0x21d186ed, 0x6f8ac503, 0x6f8c0b82, 0x1b891520, 0x0b820420, 0x03211b8b, 0x831b8934, 0x201b8c0b, 0x821b8a3d, 0x4f0d840b, 0x02210563, 0x0bab4603, 
    0x03290b82, 0x00000043, 0x002e0301, 0x82058401, 0x53a5840b, 0x05230a1b, 0x504803be, 0x22200a87, 0x2208f144, 0x851b0457, 0x47058259, 0x3f820767, 
    0x03030023, 0x0695462b, 0x89085943, 0xbe05218f, 0x1542358d, 0x03022108, 0x42057542, 0x39830513, 0x03214b82, 0x21978234, 0x7d4f0302, 0x83032009, 
    0x098b4f0b, 0x1c206782, 0x830a9d47, 0x05c5470b, 0x65871920, 0x84ce0621, 0x06034641, 0xf1420020, 0x07814605, 0x3b820120, 0x2f470f20, 0x470e2010, 
    0x57200a2f, 0x00223d82, 0x27820f00, 0x21061544, 0x1184be05, 0x35908820, 0x35898820, 0x89202386, 0x21074147, 0x1186be05, 0x35908a20, 0x6b901a20, 
    0x23901b20, 0x23906820, 0x23906920, 0x23907020, 0x11897120, 0x831b0421, 0x2b0121b3, 0x04218f87, 0x20118619, 0x0deb4c2c, 0x4c240021, 0x3a2008db, 
    0x2520e584, 0x5d51f784, 0x82012005, 0x8e26200b, 0x883e202f, 0x843d202f, 0x823f202f, 0x00012523, 0x033d0302, 0x40200f85, 0x2b4e2f8e, 0x34032108, 
    0x52202f84, 0x34202f86, 0x3b4e0f86, 0x5800210e, 0x20089b4d, 0x202f8415, 0x222f8559, 0x85041504, 0x8e5a200f, 0x8861205f, 0x8429208f, 0x8562202f, 
    0x2903212f, 0x20066547, 0x202f8e63, 0x0dbb4f7d, 0x857e0021, 0x1c04232f, 0x3f841c04, 0x2f8e7f20, 0x2b4e9e20, 0x9f00210d, 0x1b202f86, 0x21054f41, 
    0x2f8ea000, 0x8f88d820, 0x20059f4d, 0x212f85d9, 0xaf4d2c03, 0x8eda2006, 0x88dc202f, 0x05d3462f, 0x2f86dd20, 0x85032b21, 0x8dde200f, 0x0a01212f, 
    0x30262f88, 0x00000100, 0x2f860b01, 0x85033021, 0x8e0c200f, 0x4f19202f, 0xf74d08ab, 0x851a2005, 0xb505222f, 0x200f8505, 0x06f94c1b, 0x57030323, 
    0x05c34703, 0x00215482, 0x210d8504, 0x2d834603, 0xcf600620, 0x00462105, 0x00216f82, 0x23118317, 0x2e030200, 0x2006574a, 0x0e4f4118, 0x1f866520, 
    0x4f412920, 0x51662006, 0x00200d8b, 0x2205354d, 0x461c0402, 0x6c2006ab, 0x0021af8d, 0x203f8677, 0x203f862b, 0x0d4b5178, 0x054d0020, 0x463f8205, 
    0x00210535, 0x432f8582, 0x7b52086f, 0x065f4708, 0xdf41aa20, 0x00192108, 0xab20bf83, 0xb2206f8e, 0x05211f85, 0x052346be, 0x52b30021, 0xe4200e5b, 
    0x3f858f88, 0x4500e521, 0x032005e1, 0x754e3182, 0x058d4905, 0x20077b47, 0x444f88f0, 0xf1200547, 0x21452f89, 0x054f4107, 0xf3209f86, 0x0f862f87, 
    0x9f8df420, 0x8f430120, 0x05db6407, 0x26010028, 0x30030200, 0x2d4f4303, 0x05194a0e, 0x0121df82, 0x203f8e31, 0x08514b34, 0x20051144, 0x21df8d35, 
    0xcf423701, 0x21df8408, 0xaf413801, 0x3a01210d, 0xaf411f87, 0x3b012105, 0x3f205f8e, 0x03211f85, 0x050f4357, 0x8a400121, 0x096b4f9f, 0x5f430220, 
    0x4e012107, 0x04212f85, 0x05bf4122, 0x2b530120, 0x4b9f8509, 0x77470523, 0x20cf8305, 0x08414c5f, 0x654d2e20, 0x0303220c, 0x0a114a3a, 0x0d850420, 
    0x840c5946, 0x8600214f, 0x85085f41, 0x85b0200f, 0x3003210f, 0x0021af85, 0x848f88e2, 0x4701211f, 0x03200f85, 0x2205bd6b, 0x41510100, 0x99510e3f, 
    0x05d14705, 0x57209f83, 0x03211f85, 0x214f85c5, 0xaf446901, 0x204f8508, 0x210f856f, 0x1f863403, 0x634f7520, 0x201f8508, 0x230f867b, 0x0043035c, 
    0x41055b52, 0x012207df, 0x7d432e03, 0x83002008, 0xb700211b, 0x210bd74f, 0x1552b800, 0x4afa200c, 0xfb200c9b, 0x4d06d543, 0x3d8205db, 0x84ce0621, 
    0x82012041, 0x8544200a, 0x067f4129, 0xd94c4520, 0x19042109, 0x85085747, 0x700e82df, 0x002308f3, 0x4800a200, 0x9d4d0533, 0x49002005, 0x032107ad, 
    0x09014a2e, 0x0d840b83, 0x05820120, 0x82071b6d, 0xbe052129, 0x21050b4b, 0x33501b04, 0x07655008, 0x00231d82, 0x483d0303, 0xe3470d3d, 0x831b8406, 
    0x08234c0b, 0x21066543, 0x47833d01, 0x2206cd49, 0x84490100, 0x0304220d, 0x0e894f2e, 0x82088549, 0x218d823f, 0xaf491904, 0x880b8309, 0x0001210d, 
    0x00220183, 0x47840600, 0x01210d86, 0x20158498, 0x22138401, 0x82990100, 0x5c02200d, 0x6e200827, 0x41064f5c, 0x97850727, 0xf9590583, 0x57032108, 
    0x03213983, 0x5933823d, 0xc9480c51, 0x34032109, 0x20084b4e, 0x200b8202, 0x09755929, 0x01221784, 0x3b842903, 0x5582eb83, 0x03020023, 0x833b893d, 
    0x842f83bf, 0x410120d9, 0xd1490573, 0x0c8b4c05, 0x9b411920, 0x82042009, 0x057f410b, 0x1f490620, 0x45462005, 0x112006c1, 0x00204783, 0x8307ff45, 
    0x861220ef, 0x032e2111, 0x20074349, 0x4311861a, 0x23830573, 0x494f7020, 0x093d4f06, 0x0420a383, 0x21054b4f, 0x2f823a03, 0x1c040322, 0x4206a944, 
    0x032306c9, 0x84010047, 0x05fd5067, 0x210c695d, 0x77440301, 0x8204200e, 0x82012041, 0x218186f3, 0xb7440501, 0x4200200d, 0x454205c5, 0x208f8305, 
    0x0ea74745, 0x97449620, 0x9700210d, 0x2108c743, 0x2f830019, 0x0f8ead20, 0xb744ba20, 0x06d14209, 0x00219f8c, 0x842f85bd, 0x203f831b, 0x222f8abe, 
    0x5e19042b, 0xc9201049, 0x200e3746, 0x090746ca, 0x220a674e, 0x4bbe0504, 0x0624091d, 0x000100ce, 0x22050b4b, 0x44eb0000, 0xec200eb7, 0x3d206f8a, 
    0x01216f91, 0x08574422, 0x0121df84, 0x432f8923, 0xcf8c064d, 0x88280121, 0x001c21ff, 0x0121cf82, 0x064d4329, 0x45430320, 0x521d8205, 0x1f82099d, 
    0x87840021, 0x0847421f, 0x04201f83, 0x04210d85, 0x462f821b, 0x67430997, 0x04022109, 0x3f820b83, 0x00530123, 0x0b4f4302, 0xcf410020, 0x82002007, 
    0x00002215, 0x0cb14ec2, 0xd944c320, 0x55fd200c, 0x00210b9f, 0x0b4b55fe, 0x444a0021, 0x2f4c08bd, 0x09a5510f, 0x03211982, 0x83358229, 0x03012269, 
    0x206f843d, 0x206f8c4f, 0x082b41a8, 0x56054943, 0x1920051d, 0xb5202984, 0x2006e744, 0x08834401, 0x82057b48, 0x211f8240, 0xe34e0402, 0x45fb8a05, 
    0x01200a45, 0x4d0f1741, 0x25500813, 0x5b472009, 0x7b8308d9, 0x2009f15b, 0x0ef15b1b, 0x57841b20, 0x200fe753, 0x088d4728, 0x2205eb4d, 0x53290000, 
    0x3a2008c3, 0x2105d555, 0xbb432a00, 0x21118708, 0x9b43002b, 0x07cd4509, 0x83071d42, 0x820120b3, 0x4ce72031, 0xb94609c9, 0xe8002105, 0x8609114d, 
    0x41e92011, 0x35420837, 0x830d870d, 0x89682047, 0x0c394223, 0x0d860320, 0x01212382, 0x0e134c2b, 0x9f8a4c20, 0xf7840120, 0x200bf152, 0x4e2d847a, 
    0x00220567, 0x2b427b00, 0x579b200c, 0x00210b3f, 0x0851509c, 0x87090745, 0x459920df, 0x878207c1, 0x870a9546, 0x4103200d, 0x1c200597, 0x00264f82, 
    0x02000100, 0x2d5f1c04, 0x451c200a, 0x1c220a87, 0x2389c503, 0x2105b745, 0x31821b04, 0x414f0120, 0x89152006, 0x2035820b, 0x20758201, 0x5f2f8248, 
    0x2385068d, 0x17883582, 0x0b88ed82, 0x83300321, 0x22ff843b, 0x452e0304, 0x57200a4d, 0x20106d44, 0x0e1d45c5, 0xdd44c620, 0x45c7200e, 0x01210d1d, 
    0x0ed5482e, 0x53412f20, 0x6133200c, 0xa6230c97, 0x4a030100, 0x1920056f, 0x2008bf42, 0x22a78401, 0x42100100, 0x1b200e49, 0x2d843983, 0x19040322, 
    0x8506b552, 0x480f833d, 0x0f880529, 0x83086757, 0x441f835d, 0x354606d7, 0x226d8a07, 0x8201001b, 0x42c02059, 0x6b840c17, 0x20065344, 0x201d8203, 
    0x220b8200, 0x82030002, 0x210c8301, 0x0b830001, 0x89000221, 0x8a05200b, 0x8604200b, 0x212d830b, 0x0d870001, 0x3b820120, 0x19820120, 0x03826e20, 
    0x03201583, 0x1d875d84, 0x0300052c, 0x01000100, 0x04000100, 0xfa050000, 0xf3265559, 
};

