// File: '/tmp/extras/ttf/Inter-Regular.ttf' (411640 bytes)
// Exported using binary_to_compressed_c.cpp
const unsigned int font_inter_regular_compressed_size = 268041;
const unsigned int font_inter_regular_compressed_data[268044/4] =
{
    0x0000bc57, 0x00000000, 0xf8470600, 0x00000400, 0x00010025, 0x82110000, 0x043e0804, 0x44471000, 0x4b904645, 0x0000468b, 0x00001c01, 0x50470c04, 
    0x2ef7534f, 0x0000638b, 0x01002805, 0x53470c47, 0x71094255, 0x010005a1, 0x0000344c, 0x534f565f, 0xec1e322f, 0x010069a4, 0x45828cab, 0x6d636028, 
    0xb6ba7061, 0x0f82367c, 0x0000ec30, 0x76632c65, 0x127e2074, 0x0600ae3f, 0x5382f837, 0x70660434, 0x2f626d67, 0x06008107, 0x0000fc38, 0x61670c0e, 
    0x37827073, 0x1f821020, 0x0782f020, 0x6c67083c, 0xee5e6679, 0x02001738, 0x03001811, 0x6568ec42, 0x9a346461, 0x0500ff73, 0x1f820454, 0x82683621, 
    0x84162310, 0x0f82671e, 0x0f823c20, 0x6d682428, 0x4c0d7874, 0x0f82e1f0, 0x00006030, 0x6f6ce42d, 0x1d116163, 0x0500ccf9, 0x0f824482, 0x616de82c, 
    0x7f0d7078, 0x05008f0f, 0x2f822cb0, 0x616e2028, 0xef13656d, 0x0f82a321, 0x004c2008, 0x709c0700, 0xd774736f, 0x008b3781, 0x00e8b705, 0x70058000, 
    0x68706572, 0x007a23ff, 0x82084706, 0x00ef262f, 0x00020001, 0x8209820e, 0xcc032102, 0x9f200b82, 0xad200382, 0xaf281582, 0x01001601, 0x8a011801, 
    0x8c220582, 0x05829901, 0xd8019b22, 0xda220582, 0x0582f901, 0x4802fb28, 0x4a020100, 0x0582a302, 0xa502a522, 0xa8220582, 0x0582c702, 0xce02cb22, 
    0xd0220582, 0x0582d102, 0xe402d622, 0xe6220582, 0x0582fc02, 0x8203fe21, 0x4a03292f, 0x01005803, 0x64035b03, 0x67220582, 0x05827503, 0x7a037822, 
    0x7c220582, 0x05827d03, 0x96037f22, 0x98210582, 0x22358203, 0x8203e603, 0xfe032935, 0x0100ff03, 0x08040204, 0x0a220582, 0x05820a04, 0x0c040c22, 
    0x12220582, 0x05822604, 0x2a042822, 0x2d220582, 0x05822e04, 0x33043022, 0x36220582, 0x05823904, 0x4c043b22, 0x4e220582, 0x05824e04, 0x54045022, 
    0x56220582, 0x05826f04, 0x71047122, 0x73220582, 0x05827404, 0x77047622, 0x79220582, 0x05828004, 0x82048221, 0x9b0422dd, 0x23f58204, 0xb304b004, 
    0xb7221182, 0x0582c804, 0xe304cc22, 0xe7220582, 0x0582e904, 0xf004eb22, 0xf2220582, 0x0582f204, 0x0005f427, 0x03050100, 0x238f8205, 0x0d050d05, 
    0x10220b82, 0x05821005, 0x13051222, 0x15220582, 0x05821705, 0x1e051922, 0x27220582, 0x05822705, 0x2c052c22, 0x2e220582, 0x05823105, 0x33053322, 
    0x38220582, 0x05823805, 0x3d053a22, 0x3f220582, 0x05824105, 0x49054922, 0x4b220582, 0x05824b05, 0x4f054f22, 0x51220582, 0x05825205, 0x59055922, 
    0x5b220582, 0x05825b05, 0x69056822, 0x6e210582, 0x23cb8205, 0xa2059f05, 0xa8280b82, 0x0100a905, 0x19061806, 0x23220582, 0x05822306, 0x42062722, 
    0x45220582, 0x05824706, 0x82065321, 0x580623fb, 0x0b826006, 0x73066222, 0x76220582, 0x05827806, 0x85068422, 0x8a220582, 0x05828b06, 0x90068e22, 
    0xa3220582, 0x0582a406, 0x8306a721, 0x06bd224d, 0x220b82c0, 0x82c206c2, 0x06c42205, 0x220582c5, 0x82cb06cb, 0x06cf2205, 0x220582cf, 0x82d706d3, 
    0x06dd2205, 0x2e0582dd, 0x00f006e9, 0x07020703, 0x07010006, 0x82560756, 0x076f2205, 0x22058289, 0x828c078b, 0x07932205, 0x22058293, 0x82950795, 
    0x07ac2205, 0x220582c7, 0x82ca07c9, 0x07d12205, 0x220582d1, 0x82d307d3, 0x07ea2205, 0x2d0582f8, 0x00f907f9, 0x08050803, 0x08010066, 0x6b820869, 
    0x08de0823, 0x220b82de, 0x82e708e2, 0x08ea2217, 0x280b82ec, 0x00f108f1, 0x09000901, 0x2805820e, 0x000f090f, 0x09190903, 0x220b821a, 0x821d091c, 
    0x09202205, 0x22058222, 0x82270924, 0x09292205, 0x2205822a, 0x82330933, 0x09372205, 0x22058238, 0x823d093d, 0x09402205, 0x22058240, 0x82430942, 
    0x09452205, 0x22058245, 0x82490949, 0x094d2205, 0x2205824d, 0x824f094f, 0x09512205, 0x22058251, 0x82530953, 0x09572205, 0x22058257, 0x825b095b, 
    0x096f2205, 0x22058272, 0x8281097d, 0x09832205, 0x21058287, 0xe9820989, 0x09910923, 0x220b82ab, 0x82c809b4, 0x09cc2205, 0x220582ce, 0x82d409d1, 
    0x09d92205, 0x220582d9, 0x82e509dd, 0x0ae92e05, 0x0a010008, 0x00760a54, 0x0a790a03, 0x22058280, 0x82e50a90, 0x0af92105, 0x0a29f582, 0x00ff0aff, 
    0x0b070b01, 0x22058207, 0x821f0b1f, 0x0b282205, 0x22058228, 0x822c0b2a, 0x0b3f2705, 0x0b03003f, 0xb9820b40, 0x0b4c0b23, 0x2711824d, 0x00500b50, 
    0x0b530b02, 0x0b23a182, 0x82540b54, 0x0b5e221d, 0x2405825e, 0x00600b5f, 0x24018201, 0x00000002, 0x2003820c, 0x220b8212, 0x82ef0601, 0x15260805, 
    0xeb06ea06, 0xed06ec06, 0xe208ee06, 0x900ae308, 0x920a910a, 0x940a930a, 0x960a950a, 0xb70ab00a, 0xe30abd0a, 0x4d82f90a, 0x2d825e20, 0x20000026, 
    0x0a003a00, 0x3a080182, 0x009a0050, 0x005800a6, 0x00680060, 0x00780070, 0x00900080, 0x4c464404, 0x63720054, 0x006c7279, 0x65726776, 0x6c76006b, 
    0x006e7461, 0x630500c0, 0x00707370, 0x72656b82, 0x848e006e, 0x6dbc2e05, 0x006b7261, 0x6d6b6d98, 0x0088006b, 0x2c938201, 0x00b40001, 0x00000002, 
    0x001c0101, 0x21078304, 0x0786ae00, 0x0786b220, 0x0786b620, 0x0786ba20, 0xd200be22, 0x70202782, 0x06260382, 0x01001000, 0x0382d800, 0x09820920, 
    0xb0000224, 0x1582b800, 0x0b840220, 0xd001f422, 0x00200b82, 0x06831b82, 0x09000122, 0x03240682, 0x03000200, 0x05201184, 0x05334b82, 0x07000600, 
    0xb6000800, 0x41430300, 0xb6002054, 0x824c4f4d, 0x4f522205, 0x8205824d, 0x8606202d, 0x2133862d, 0x3982ffff, 0x01000126, 0x05003a21, 0x20266182, 
    0x2c200100, 0x05827a2c, 0xe0384428, 0xf01f0100, 0x0582ba25, 0x8327f621, 0x1f022211, 0x211782f0, 0x17831f0a, 0xd629ea22, 0xf0221782, 0x11820633, 
    0x7e2f7c22, 0xaa210582, 0x823b8244, 0xef00225b, 0x285182b2, 0x71000002, 0xff00003c, 0x209182ff, 0x20718400, 0x22238204, 0x82082052, 0x20802205, 
    0x20058224, 0x22198434, 0x8bd81f07, 0x20318801, 0x82d18201, 0x64242131, 0x692a2584, 0x50212022, 0x02217e22, 0x01824421, 0xa4220828, 0x3e222223, 
    0x01820821, 0x32215622, 0x4a200186, 0x4a2a0784, 0xec215c23, 0xf0224421, 0x018c4a21, 0x06223824, 0x01823e21, 0x09820782, 0xc421c42a, 0x6021b221, 
    0x5c223e21, 0x6a203f88, 0x51830988, 0x0e244d85, 0x14219e23, 0x74220182, 0x4d827421, 0x7b823e20, 0x0d843e20, 0x7e218830, 0x96211a21, 0x2021a421, 
    0xd6212621, 0x01832c21, 0x88ca2221, 0x21502141, 0xab830183, 0x8221c421, 0x20038471, 0x8373823e, 0x84442077, 0x00502497, 0x835c5002, 0xec5128db, 
    0x40002c55, 0x8a003d00, 0xbbff2100, 0x80210d8c, 0x21009c00, 0x1e8fdeff, 0x00e9ff25, 0x9098ff00, 0xff692215, 0x8c1390d2, 0x21358f69, 0x2f8f8cff, 
    0xff210fa3, 0x21258f75, 0x118fa3ff, 0xff210f93, 0x8b1593b0, 0xceff2113, 0xff210d89, 0x870b8946, 0x06ff2109, 0x11880987, 0xff210884, 0x960684e2, 
    0x0d6d4104, 0x169e2496, 0x8fafff21, 0x8f55c320, 0x220f9c53, 0x9c1e005d, 0x411c9a1f, 0x408f259f, 0x9742ff20, 0x22f3a510, 0x8400a6ff, 0x8cff2300, 
    0xa74158ff, 0x23078307, 0xccff4cff, 0x038b0783, 0xff98ff23, 0x230f8b4f, 0xc9ff0000, 0xcb420f85, 0xbbff230d, 0x1785e3ff, 0x1982058f, 0x35829820, 
    0x1782bb20, 0xbaff1e22, 0x02820582, 0xff2fff25, 0x82f5fe5e, 0x825e2015, 0xff00220c, 0x82c98d69, 0x212d8231, 0xcd879cff, 0x846fff21, 0x84242025, 
    0x83742005, 0x00002705, 0xd8ff46ff, 0x0b83f6ff, 0x8352ff21, 0x20038c05, 0x840d8c28, 0x07db420c, 0x003bff24, 0x1184ff00, 0x4143049b, 0x42358211, 
    0x418306ef, 0x09893b85, 0x058d0f85, 0xf1837185, 0x82a6ff21, 0x83af203d, 0x159f411d, 0x8338ff21, 0x21038d1b, 0x0f89f5ff, 0xff213591, 0x851d89c3, 
    0x07ff4209, 0x4480ff21, 0xff270533, 0xffe8fe8c, 0x8535ff8c, 0x427b841d, 0xff230a2d, 0x870000a3, 0x52ff21bd, 0x75230b82, 0x9400e9ff, 0xd5ff2100, 
    0x1d205986, 0x0b831e83, 0x220dab41, 0x44fe0000, 0x5e2211fd, 0x59420000, 0x0ffd430b, 0x5983418f, 0xd38303c5, 0xeb86cf84, 0x8b0fd144, 0x4185bb79, 
    0xff2111f9, 0x42c18d24, 0x158d07e9, 0xff210d93, 0x0b5545ce, 0x139d2193, 0x82091d42, 0x85e22049, 0xe9ff23d5, 0x35420000, 0x43478511, 0x23820855, 
    0xc4202582, 0xff201583, 0x2011ab46, 0x9d178360, 0x5eff2403, 0x42fee9ff, 0x55841637, 0x83247546, 0x4203bf29, 0x57aa17bd, 0x2baa3a20, 0x63412a88, 
    0xe8208817, 0x0f634308, 0x83427883, 0xcd2d8329, 0x217bc503, 0x958d69ff, 0x216d6f41, 0x8f49d2ff, 0x1361410b, 0x8d196543, 0x440dabb7, 0x67ab3b97, 
    0xff212b95, 0x20f387cc, 0x34bd43ff, 0x88ecff21, 0x080d4957, 0x88d8ff21, 0x4108ac13, 0x42ac1571, 0xeaff0022, 0xa94a2fae, 0x4b4b951c, 0x279511ff, 
    0xf541159b, 0x23314c47, 0x9b378f41, 0x411b9fbf, 0x639f43cb, 0x3d441f9f, 0x1b05410d, 0x87b0ff21, 0x0b87491d, 0x1fc75f9f, 0xbb8973f3, 0x89f3ff21, 
    0x41099b0b, 0x69411bd1, 0xab459b0d, 0x11a5481b, 0x798d3d91, 0x8e121b4c, 0x0f374e32, 0x00a3ff25, 0x4580ff00, 0xfe210fd7, 0x917b91f5, 0x86002011, 
    0xbbff2200, 0x20438400, 0x2000b000, 0x107549ff, 0xb013894c, 0x4130bc56, 0xf54d0de7, 0x9358bc0d, 0x9332203c, 0x21139314, 0x25436fff, 0xc6ff210d, 
    0xff21258d, 0xb10f8d9b, 0x17d5450d, 0x8dfcfe21, 0x7eff214b, 0x0d9d0f8d, 0x4407eb4b, 0x419d1b7d, 0x3d831d83, 0x4e219f47, 0xef200813, 0xec203384, 
    0xe94b0584, 0x06514f11, 0x03bb1d83, 0x47b0ff20, 0x9d05bf4f, 0x46ff2573, 0x23ff0000, 0x8513654e, 0x07ef4637, 0x850df743, 0x2005921b, 0xb8139245, 
    0x86f1b112, 0x866e206a, 0x43069607, 0x43914363, 0x87113350, 0x0f03457e, 0x1d221784, 0x17940000, 0x2129d944, 0x0086005d, 0x41112945, 0x3f8626ad, 
    0xff2106bd, 0x233f9dd3, 0x0000a6ff, 0x8f0b2751, 0x072d532d, 0x0f9f178f, 0x45093d41, 0x379f0d41, 0x1d501f8f, 0x4bdb823d, 0xff21167d, 0x4b1b82a9, 
    0xa18f34e3, 0xab440fa1, 0x69ff2109, 0xaf207582, 0x4509cf43, 0x49850dc5, 0x855eff21, 0x4505c307, 0x1f500567, 0xafff2111, 0x840aa94c, 0xe3ff2168, 
    0x1f440682, 0x20338e1e, 0x0f274814, 0x029a4182, 0x43050742, 0x3297110d, 0x89efff21, 0x11ed4519, 0x890f1b4f, 0x2609872b, 0x23ffbbff, 0x82ff0000, 
    0x53fe200e, 0x7b8b06a3, 0x82e0ff21, 0x8289201b, 0x48462003, 0x034719ad, 0x98ff2105, 0x5510db55, 0xfd460861, 0x82b0202e, 0x2102828c, 0x7382eeff, 
    0x0882bf20, 0xff21029a, 0x211c85ed, 0x0785f0ff, 0x16200588, 0xff210983, 0xb70583da, 0x9cff2103, 0x378539b7, 0x84371344, 0x839220b9, 0x87039f05, 
    0x20278afd, 0x857bc11a, 0x4505ab41, 0x4b911f3d, 0x91c4ff21, 0x55118713, 0x5d49098f, 0x118d410b, 0x89baff21, 0xeb3b8729, 0x23734507, 0xb323bd48, 
    0x837b9bb3, 0x1595471b, 0x33cb69b3, 0xcbe0ff21, 0x214bad4d, 0x2fadeeff, 0xff212dcd, 0x284fc6eb, 0x00e83901, 0x0a010001, 0x2205829a, 0x82ea3900, 
    0x0b012205, 0x20118407, 0x2011849b, 0x2a0582d2, 0x0a580a02, 0x0002005a, 0x82d03900, 0x82d62003, 0x06073611, 0x06ef06e9, 0x09f907f0, 0x0aa00a0f, 
    0x060100b8, 0x00e9feeb, 0x201d8207, 0x200382ba, 0x200382c0, 0x200382c6, 0x200382cc, 0x200382a8, 0x200382d2, 0x083f82d8, 0xea06042e, 0x0000ee06, 
    0xe308e208, 0x900a0500, 0x0700940a, 0x540b540b, 0x0d000c00, 0xe639a439, 0xb039aa39, 0xd439b639, 0xda39e039, 0xc239bc39, 0xc8220182, 0x6d83ce39, 
    0x05dd052d, 0x07df05de, 0x08cd08fa, 0x61d108ce, 0x15202ef1, 0x90208586, 0x96200782, 0x9c200382, 0xa2200382, 0xf0200382, 0xea200382, 0xa5830786, 
    0x0b82ae20, 0xb4200383, 0xde20c592, 0xe420c586, 0x0022c984, 0xcd82de39, 0x03820f20, 0x00096808, 0x000b0000, 0x00080096, 0x00c500a1, 0x00c70094, 
    0x01b900e9, 0x0089010a, 0x018c01dc, 0x015c01a3, 0x01ee01a5, 0x01f00174, 0x03be01fa, 0x01fb03f9, 0x040904c9, 0x05cc0154, 0x02440544, 0x09000918, 
    0x09190206, 0x02360918, 0x097d0920, 0x093f02a5, 0x02ce09ca, 0x05010068, 0x00c6ffec, 0xff070601, 0x070100a3, 0x8298ff57, 0xff912211, 0x221182af, 
    0x82140093, 0x00892205, 0x2105831e, 0x0582e3ff, 0xe2ffa322, 0x26201d82, 0x05231d83, 0x8480ff91, 0x84bb2029, 0x222f823b, 0x82ff2605, 0x2205820b, 
    0x83020098, 0xd006294d, 0x0200baff, 0xafffb205, 0x5e205582, 0x1f820982, 0x8c200982, 0x91220982, 0x2182bbff, 0x27827520, 0x9cff4928, 0xf3ff4f06, 
    0x4f820300, 0xde05bb36, 0xdf05bbff, 0x03003bff, 0xbaff9206, 0xf5ff9306, 0xf5ff9806, 0xb8240d82, 0xb906e2ff, 0xba200382, 0x04317f82, 0xe3ff4305, 
    0xf2ff4805, 0xe9fed205, 0x8cfed305, 0x2e118f00, 0x060500e9, 0x063dff89, 0x06b8ffaa, 0x82b0ffb8, 0x06b02639, 0x00b0ffba, 0x228b8206, 0x82ca05bb, 
    0xffce2263, 0x228982bb, 0x82fd0775, 0x82ff2007, 0x030624b5, 0x82a3ff97, 0x05752c81, 0x0500ffad, 0x053bffec, 0x82a3fff8, 0x00af22a1, 0x242f8207, 
    0xffce0598, 0x22158298, 0x840606af, 0x82bb20b7, 0x07982437, 0x8298ffff, 0xff43221d, 0x248b82ec, 0xff4c05ec, 0x203f8280, 0x203f82a3, 0x2c29828c, 
    0xfe070646, 0x050800bb, 0x0569ff26, 0x20038246, 0x200382b2, 0x225582ca, 0x823bffce, 0x825e2077, 0x823b203f, 0x003b2a3f, 0xffaf0509, 0xffdd05af, 
    0x20f98275, 0x20f98275, 0x26738275, 0xfffa0798, 0x82cd0875, 0x82ce2003, 0xffd12203, 0x22258275, 0x82c9ffdd, 0x82c92021, 0x06c92821, 0x06f5ff0d, 
    0x82f5ff10, 0x82c92025, 0x08c92825, 0x08c9ffce, 0x82c9ffd1, 0x82ca2025, 0x82cb2083, 0x82ce204b, 0x82cf2007, 0xffd62107, 0x8022e183, 0x0782fe07, 
    0x80ffff28, 0x75ff0008, 0x93820c00, 0xb205982c, 0xca059cff, 0xcb05a9ff, 0xdb828cff, 0xcf05a922, 0xd6220782, 0x9b828cff, 0x9b82af20, 0x3182a920, 
    0x9f828c20, 0x3182a920, 0x0e008c28, 0xa3ffd005, 0x0382d105, 0x41ffdd21, 0xbb2007a1, 0xa320a782, 0xbb268182, 0xa3ff0308, 0x03820408, 0xbbffcd22, 
    0xbb208982, 0xbb2a8982, 0xa3ff1009, 0xa3ff1109, 0x67821000, 0x67828020, 0xcc054622, 0x21823982, 0x462a6b82, 0xbbffe605, 0xafff0806, 0x03820906, 
    0xd2ff0d22, 0xd222cb82, 0x0b821106, 0xa3ffb022, 0x8c207f82, 0x46207f82, 0x46217b82, 0x29338208, 0x8a013100, 0x8b014500, 0xb5844500, 0x07822720, 
    0xafff2f24, 0x03823005, 0x03823120, 0x0f823820, 0x03823b20, 0x03823c20, 0x9f823d20, 0x23ff3e24, 0x07824105, 0xcd824220, 0x07824320, 0x03824520, 
    0x03824720, 0x03824820, 0x03824920, 0x1f824a20, 0x07824b20, 0x1f824c20, 0x07824e20, 0x4382a520, 0x3b82b020, 0x5effb224, 0x0782bd05, 0x0f82ca20, 
    0x8982ce20, 0x75ff0a24, 0x03820b06, 0x0b820e20, 0x07821720, 0xa3ff1c34, 0x45001d06, 0xc5002306, 0x45000107, 0xafff3d07, 0x03823e07, 0x0b823f20, 
    0x03824020, 0x03824120, 0x03824220, 0x03824320, 0x8cff5724, 0x07825e07, 0x1f82fd20, 0xffff5808, 0x00520baf, 0x00010045, 0x04970369, 0x0523050b, 
    0x05300527, 0x053d0531, 0x05450543, 0x05480546, 0x054d0549, 0x05830582, 0x05850584, 0x058a0588, 0x058d058b, 0x05950591, 0x05b205a5, 0x05b905b8, 
    0x05bb05ba, 0x05c305bd, 0x05ca05c4, 0x05cc05cb, 0x05ce05cd, 0x44d605cf, 0x6f0805a3, 0xe605e505, 0xee05ed05, 0xf005ef05, 0xf405f105, 0xf705f605, 
    0xfc05fb05, 0xfe05fd05, 0x03060106, 0x06060406, 0x08060706, 0x0a060906, 0x0c060b06, 0x0e060d06, 0x11061006, 0x1d061706, 0x89064d06, 0xa3069606, 
    0xa806a706, 0xb806af06, 0xba06b906, 0x0b07d006, 0x23070c07, 0x35072407, 0x3c073907, 0x3e073d07, 0xfd07fa07, 0xff07fe07, 0xcc080008, 0x09051145, 
    0x0a280acb, 0x0b340a33, 0x00020040, 0x0049004a, 0x00000053, 0x0088005f, 0x00a1000b, 0x003500ad, 0x00c400af, 0x01760142, 0x01580076, 0x0099018d, 
    0x019b0159, 0x016600a2, 0x00a701a5, 0x024a026e, 0x02710054, 0x00850266, 0x029e027c, 0x029c00a1, 0x00a502a5, 0x02a802a0, 0x03a100b0, 0x00480348, 
    0x036703aa, 0x03ab0075, 0x007a0378, 0x037f03ba, 0x04bd0092, 0x00320432, 0x045404d1, 0x04d20054, 0x00ed04ed, 0x051a05d3, 0x05d4001a, 0x001e051d, 
    0x052705d5, 0x05d70027, 0x00310530, 0x053305d8, 0x05da0033, 0x00380538, 0x062906db, 0x06dc0029, 0x002b062b, 0x062e06dd, 0x06de002e, 0x003a0639, 
    0x065a06df, 0x06e1005a, 0x005c065c, 0x065f06e2, 0x06e3005f, 0x006b066a, 0x06d306e4, 0x07e600d7, 0x00020702, 0x077107eb, 0x07ec0071, 0x00730773, 
    0x077607ed, 0x07ee0076, 0x00820781, 0x07ae07ef, 0x07f100ae, 0x00b007b0, 0x07b407f2, 0x07f300b4, 0x00c007bf, 0x07f007f4, 0x07f600f0, 0x00f807f6, 
    0x080d08f7, 0x08fa000d, 0x00130810, 0x081608fb, 0x08ff0018, 0x0134082f, 0x08560802, 0x08080156, 0x015c0859, 0x085f0809, 0x080d0161, 0x0183087c, 
    0x08a30810, 0x081801a5, 0x01af08af, 0x08b3081b, 0x081c01b3, 0x01bb08bb, 0x08bd081d, 0x091e01bd, 0x01060906, 0x090c091f, 0x0920010e, 0x01290929, 
    0x09400923, 0x09240140, 0x01850984, 0x09930925, 0x09270195, 0x019f099f, 0x09b5092a, 0x092b01b6, 0x01ba09ba, 0x09bd092d, 0x092e01be, 0x01c009c0, 
    0x09cc0930, 0x093101ce, 0x01d409d2, 0x09f60934, 0x0a3701f6, 0x01060a06, 0x34390138, 0x21018f4c, 0x11824a33, 0xb234be21, 0x50332101, 0x7c303582, 
    0x58345234, 0x64345e34, 0x70346a34, 0x7c347634, 0x1c214988, 0x21018c34, 0x0f895633, 0x3362332f, 0x336e3368, 0x337a3374, 0x33863380, 0x2401828c, 
    0x3462335c, 0x82158f1c, 0x34ac2231, 0x220196c4, 0x942e3482, 0x34e22101, 0xd6210193, 0x2201bb34, 0x85dc34ca, 0x92332101, 0x058b0785, 0x34983323, 
    0x29019988, 0xa4339e33, 0x22342234, 0x0583aa33, 0x2821038e, 0x20019134, 0x22d58234, 0x823a3440, 0x338e24f5, 0x824c34b0, 0x332e3a01, 0x339434b6, 
    0x339a34bc, 0x34c833c2, 0x34ce33a0, 0x33d433a6, 0x34e033da, 0x34178294, 0x33ec33e6, 0x34f833f2, 0x34fe33b2, 0x340434b2, 0x34b8340a, 0x20038210, 
    0x20418216, 0x206f8288, 0x0adf4128, 0x41059141, 0x2e200751, 0xe2206982, 0x85081741, 0x82c989e1, 0x833d84b3, 0x34be26a1, 0x34ca3434, 0x20518840, 
    0x200d822e, 0x203d824c, 0x225b8234, 0x8234342e, 0x82e22019, 0x84ca20b1, 0x82462023, 0x34462413, 0x82e234d0, 0x344c2603, 0x000200e2, 0x2003826a, 
    0x0633443b, 0xc5003a22, 0x6e0a0182, 0x00c70064, 0x006500d7, 0x000901d9, 0x01410176, 0x01a70076, 0x007e017e, 0x01a801dd, 0x01de00c7, 0x00d801d8, 
    0x01da01fe, 0x01ff00ef, 0x011e02fb, 0x02230215, 0x02390141, 0x01580258, 0x02660258, 0x02590185, 0x01b202b1, 0x02b40279, 0x027b01c6, 0x01ce02cb, 
    0x02d0028e, 0x039201d1, 0x01470316, 0x03530394, 0x03c60153, 0x01960393, 0x039803c7, 0x03cb01d3, 0x02f803e6, 0x03fc0307, 0x041a02fc, 0x020c040c, 
    0x0437041b, 0x041c0237, 0x02450445, 0x04b7041d, 0x051e02c8, 0x020d050d, 0x05130530, 0x05310213, 0x021a051a, 0x06180632, 0x06330219, 0x02270627, 
    0x062b0635, 0x0636022b, 0x022f062f, 0x06350637, 0x06380235, 0x023b063b, 0x063f0639, 0x063a023f, 0x02580658, 0x065c063b, 0x063c025c, 0x02600660, 
    0x0666063d, 0x063e0266, 0x026c066c, 0x0670063f, 0x06400270, 0x02d706d3, 0x07050741, 0x07460206, 0x02560756, 0x076f0748, 0x0749026f, 0x02730773, 
    0x0777074a, 0x074b0277, 0x027d077d, 0x077f074c, 0x074d027f, 0x02830783, 0x0787074e, 0x074f0287, 0x02ac07ac, 0x07b00750, 0x075102b0, 0x02b507b5, 
    0x07bb0752, 0x075302bb, 0x02bd07bd, 0x07c10754, 0x075502c1, 0x02c507c5, 0x08050856, 0x0857020a, 0x02130810, 0x0819085d, 0x0861021c, 0x022a0824, 
    0x08350865, 0x086c023d, 0x02460844, 0x084a0875, 0x08780253, 0x025c0859, 0x08620882, 0x08860266, 0x02770871, 0x0884088b, 0x0892028c, 0x02950893, 
    0x0898089b, 0x089e029e, 0x02b008a6, 0x08b508a5, 0x08b002b5, 0x02bb08b9, 0x08bf08b1, 0x08b402bf, 0x02c208c2, 0x08c508b5, 0x08b602c6, 0x02cb08c9, 
    0x08eb08b8, 0x09bb02eb, 0x02240924, 0x093709bc, 0x09bd0238, 0x02400940, 0x096f09bf, 0x09c0026f, 0x02970996, 0x099909c1, 0x09c30299, 0x02a209a2, 
    0x09ba09c4, 0x09c502ba, 0x02be09bd, 0x09c309c6, 0x09c802c4, 0x02c709c7, 0x09e209ca, 0x09cb02e4, 0x02e909e9, 0x09ec09ce, 0x09cf02ec, 0x02ee09ee, 
    0x09f109d0, 0x09d102f1, 0x02f309f3, 0x09f909d2, 0x09d302f9, 0x02fc09fc, 0x09fe09d4, 0x0ad502fe, 0x02010a01, 0x0a030ad6, 0x0bd70203, 0x02400b40, 
    0x0b4d0bd8, 0x00d9024d, 0x82880002, 0x003c2a03, 0x00410000, 0x003b0048, 0x08018252, 0x54004326, 0x44005c00, 0xad005f00, 0xaf004d00, 0x9c00c500, 
    0x0901c700, 0x0f01b300, 0xf6001401, 0x76011801, 0x7e01fc00, 0x32080182, 0x0180015b, 0x015c018a, 0x0199018c, 0x019b0167, 0x017501a2, 0x01d801a5, 
    0x01da017d, 0x01b101f9, 0x011e02fb, 0x022302d1, 0x02f50148, 0x0254024a, 0x8258021b, 0x02262201, 0x22018261, 0x82630227, 0x02283401, 0x028b0266, 
    0x028d0229, 0x024f0290, 0x02a30292, 0x82a50253, 0x02652401, 0x82b202a8, 0x02b4341b, 0x027102c7, 0x02ce02cb, 0x02d00285, 0x028902d1, 0x82e402d6, 
    0xe6360831, 0x9a02fc02, 0x4703fe02, 0x4b03b102, 0xfb025803, 0x64035b03, 0x67030903, 0x13037503, 0x7a037803, 0x7f032203, 0x25039603, 0xe4039803, 
    0xe6033d03, 0x8a03f803, 0x0182fc03, 0x039d440a, 0x03ff03fe, 0x0402049e, 0x04a00308, 0x030c040c, 0x041204a7, 0x04a80326, 0x03370436, 0x044104bd, 
    0x04bf0341, 0x03450445, 0x044904c0, 0x04c10349, 0x034b044b, 0x044e04c2, 0x04c3034e, 0x03510451, 0x045404c4, 0x04c50354, 0x036f0456, 0x047604c6, 
    0x04e00376, 0x03990482, 0x04b704e1, 0x04f903c8, 0x04e304cc, 0x04f5040b, 0x052304fe, 0x04030503, 0x050d052d, 0x052e040d, 0x04100510, 0x0513052f, 
    0x05300413, 0x041a051a, 0x051d0531, 0x0532041e, 0x04270527, 0x052c0534, 0x0535042c, 0x042f052e, 0x05330536, 0x05380433, 0x043c053a, 0x06180639, 
    0x063c0419, 0x04400627, 0x0658063e, 0x06580460, 0x04710662, 0x07030761, 0x07710406, 0x04560756, 0x076f0775, 0x07760470, 0x04770772, 0x07790778, 
    0x077e047d, 0x0488077f, 0x07ac0783, 0x078d04ad, 0x04b507af, 0x07b7078f, 0x079604bb, 0x04c607bd, 0x07ea079b, 0x08a504f8, 0x040c0805, 0x080e08b4, 
    0x08bc042a, 0x0456082c, 0x085908d9, 0x08040566, 0x05b10869, 0x08b40812, 0x085b05b6, 0x05bb08b9, 0x08bf085e, 0x086105bf, 0x05c208c2, 0x08c50862, 
    0x086305c6, 0x05cb08c9, 0x08eb0865, 0x096805ec, 0x050e0900, 0x091a096a, 0x0979051a, 0x051d091c, 0x0924097a, 0x097c0527, 0x05290929, 0x09370980, 
    0x09810538, 0x05400940, 0x09490983, 0x09840549, 0x05570957, 0x095b0985, 0x0986055b, 0x0571096f, 0x09850987, 0x098a0585, 0x05870987, 0x0995098b, 
    0x098c0597, 0x05990999, 0x099b098f, 0x0990059b, 0x059d099d, 0x09a00991, 0x099205a0, 0x05a409a2, 0x09b60993, 0x099605b6, 0x05ba09ba, 0x09bd0997, 
    0x099805be, 0x05c409c3, 0x09c7099a, 0x099c05c8, 0x05d409d1, 0x09d9099e, 0x09a205d9, 0x05dd09dd, 0x09df09a3, 0x09a405df, 0x05e509e2, 0x09e909a5, 
    0x09a905e9, 0x05ed09ed, 0x09f209aa, 0x09ab05f2, 0x05f509f5, 0x09f709ac, 0x09ad05f9, 0x05fd09fd, 0x0a020ab0, 0x0ab10502, 0x05060a05, 0x0a080ab2, 
    0x0bb40508, 0x05400b40, 0x0b4d0bb5, 0x00b6054d, 0x82940002, 0x5c3a0803, 0x5f000000, 0x5b00ad00, 0x1601af00, 0x1801aa00, 0x12017e01, 0x8a018001, 
    0x8c017901, 0x84019901, 0xd8019b01, 0xda019201, 0xd001f901, 0x4802fb01, 0x4a02f001, 0x3e026002, 0x01826202, 0x64025534, 0x56028b02, 0x90028d02, 
    0x92027e02, 0x8202a302, 0x0182a502, 0x02948c08, 0x02c702a8, 0x02cb0295, 0x02b502ce, 0x02d102d0, 0x02d602b9, 0x02bb02e4, 0x02fc02e6, 0x03fe02ca, 
    0x03e10247, 0x0358034b, 0x035b032b, 0x03390364, 0x03750367, 0x03780343, 0x0352037a, 0x0396037f, 0x03980355, 0x036d03e4, 0x03fc03e6, 0x03fe03ba, 
    0x04d103ff, 0x03080402, 0x040a04d3, 0x04da030a, 0x030c040c, 0x041204db, 0x04dc0326, 0x032a0428, 0x042d04f1, 0x04f4032e, 0x03330430, 0x043604f6, 
    0x04fa0339, 0x0343043b, 0x824504fe, 0x04072201, 0x28018249, 0x044b0408, 0x0409044c, 0x2401824e, 0x0451040b, 0x3a458254, 0x046f0456, 0x04730410, 
    0x042a0474, 0x04770476, 0x0479042c, 0x042e0480, 0x82990482, 0x049b2245, 0x2e2b82ac, 0x04b304b0, 0x04b70460, 0x046404c8, 0x82e304cc, 0x04e72c27, 
    0x048e04e9, 0x04f004eb, 0x82f20491, 0x97320a01, 0xfe04f404, 0x00059804, 0xa3040005, 0x03050305, 0x0605a404, 0xa5040a05, 0x0d050d05, 0x1005aa04, 
    0xab041005, 0x13051205, 0x1505ac04, 0xae041505, 0x17051705, 0x1a05af04, 0xb0041e05, 0x2c052c05, 0x2e05b504, 0xb6043105, 0x33053305, 0x3a05ba04, 
    0xbb043d05, 0x41053f05, 0x4905bf04, 0xc2044905, 0x4b054b05, 0x4f05c304, 0xc4044f05, 0x52055105, 0x5905c504, 0xc7045905, 0x5b055b05, 0x1806c804, 
    0xc9041906, 0x42062706, 0x4506cb04, 0xe7044706, 0x60065806, 0x6206ea04, 0xf3047306, 0x78067606, 0x8a060505, 0x08058b06, 0x90068e06, 0xa3060a05, 
    0x0d05a406, 0xa906a706, 0xbd060f05, 0x1205bd06, 0xbf06bf06, 0xc2061305, 0x1405c206, 0xc506c406, 0xcb061505, 0x1705cb06, 0xcf06cf06, 0xdd061805, 
    0x1905dd06, 0x06070207, 0x56071a05, 0x1f055607, 0x89076f07, 0x8b072005, 0x3b058c07, 0x93079307, 0x95073d05, 0x3e059507, 0xc707ac07, 0xc9073f05, 
    0x5b05ca07, 0xd107d107, 0xd3075d05, 0x5e05d307, 0xf807ea07, 0x05085f05, 0x6e056608, 0xcb086908, 0xde08d005, 0x3306de08, 0xec08ea08, 0x00093406, 
    0x37060e09, 0x1a091a09, 0x1c094606, 0x47061d09, 0x22092009, 0x26094906, 0x4c062609, 0x29092909, 0x37094d06, 0x4e063809, 0x40094009, 0x42095006, 
    0x51064309, 0x45094509, 0x49095306, 0x54064909, 0x57095709, 0x5b095506, 0x56065b09, 0x72096f09, 0x7d095706, 0x5b068109, 0x87098309, 0x91096006, 
    0x65069109, 0x97099309, 0x99096606, 0x6b06a409, 0xab09a609, 0xb4097706, 0x7d06b709, 0xc809ba09, 0xcc098106, 0x9006ce09, 0xd409d109, 0xd9099306, 
    0x9706d909, 0xe509dd09, 0xe9099806, 0xa106e909, 0xed09ed09, 0xf209a206, 0xa306f209, 0xf909f509, 0xfd09a406, 0xa906fd09, 0x020a020a, 0x050aaa06, 
    0xab06080a, 0xff0aff0a, 0x280baf06, 0xb006280b, 0x2c0b2a0b, 0x400bb106, 0xb406400b, 0x4d0b4d0b, 0x530bb506, 0xb606530b, 0x600b5f0b, 0xda02b706, 
    0x01c00c2b, 0xae2bae2e, 0x4a294429, 0x56295029, 0xd429d429, 0xae204f88, 0x1f910986, 0xb22bba21, 0x5c293501, 0x8629ba2b, 0x68296229, 0x6e29782b, 
    0x7a297429, 0x86298029, 0x72214988, 0x2101822b, 0x05838c29, 0xc632039a, 0x9229722b, 0x9e299829, 0xaa29a429, 0xb629b029, 0x2d83b629, 0x2be42822, 
    0x09821982, 0xa02b3021, 0xbc292701, 0xc829c229, 0xeb82ce29, 0xe029da24, 0x3183e029, 0x29e62923, 0x213984ec, 0x01c82b2a, 0x29162a2d, 0x29f829f2, 
    0x2a042afe, 0x83102a0a, 0x162a2157, 0x2a215d89, 0x210b821c, 0x01bd2b12, 0x942bb421, 0x342a2b01, 0x222ab42b, 0x2e2a282a, 0x2184c02b, 0x822a9c21, 
    0x182b2111, 0x2a2101bd, 0x213f863a, 0x01bd2b3c, 0xbb2b1e21, 0x2b542201, 0x2201ae96, 0x82362bcc, 0x2b602101, 0x3c2201e1, 0x0185242b, 0x85402a21, 
    0x2505b007, 0x2a662b66, 0x05822b46, 0xa22103b6, 0x2101a02b, 0x23824c2a, 0x2a2b2a24, 0x63a4482b, 0x2a5a3c08, 0x2a4e2b52, 0x2a5e2a58, 0x2a6a2a64, 
    0x2a762a70, 0x2a822a7c, 0x2a8e2a88, 0x2a9a2a94, 0x2ba62aa0, 0x2aac2a90, 0x2ab82ab2, 0x2b0c2bb8, 0x2abe2a2a, 0x2aca2ac4, 0x2ad02ae2, 0x82dc2ad6, 
    0x2ae82c07, 0x2a062bee, 0x2bfa2af4, 0x44062b00, 0x43440cab, 0x43722007, 0x794306ef, 0x1119430d, 0x4305eb42, 0xcd4207df, 0x074f420b, 0x41091942, 
    0x24200deb, 0x41108741, 0xc7420525, 0x4196200b, 0xba20120d, 0x2a2a9982, 0x302b482b, 0x602b542b, 0x218a5a2b, 0x19823620, 0x422b3c22, 0xa8211782, 
    0x2097832b, 0x20258272, 0x830d824e, 0x20298327, 0x832b8460, 0x826c20d9, 0x2b782629, 0x2b962b7e, 0x28038284, 0x2b902b8a, 0x2ab70596, 0x2101bfcc, 
    0x01821c26, 0x2826222a, 0x2e26c627, 0x34263426, 0x26214f87, 0x9309851c, 0x1026211f, 0x3a200188, 0x40260984, 0xc027de2a, 0x018ade2a, 0x64232a22, 
    0x2a2101b3, 0x3035823c, 0x22f82222, 0x230423fe, 0x2310230a, 0x231c2316, 0x21498722, 0x0183c62a, 0x29462623, 0x2101a6fa, 0x018c2994, 0x894c2621, 
    0x5226370f, 0x5e265826, 0x6a266426, 0x76267026, 0x7c267c26, 0x5226e625, 0x158f9429, 0x86942921, 0x85822075, 0x20059607, 0x32178212, 0x26c62a4e, 
    0x268e2688, 0x269a2694, 0x29a626a0, 0x84e829e8, 0x2aac21af, 0x2a231982, 0xa1ee29c6, 0xb2262f01, 0xbe26b826, 0xca26c426, 0xd626d026, 0x3183d626, 
    0x26dc2623, 0x210783e2, 0x018c002a, 0x8c2ad821, 0xe8262301, 0x1182ee26, 0x8d2ae421, 0x2a362101, 0x29210194, 0x83018be2, 0xc7ad8323, 0x18272d03, 
    0xfa26f426, 0x06270027, 0x12270c27, 0x27215583, 0x255b8918, 0xe8295223, 0x0194062a, 0x6a236c22, 0x28220196, 0x0193662a, 0xbd9a2921, 0x05e34201, 
    0x8ba02921, 0xd22a2101, 0x6c21018a, 0x2b01942a, 0x6c2a3c27, 0x24271e27, 0x30272a27, 0x27212183, 0x21118336, 0x01911626, 0xbd762321, 0x42272101, 
    0x2a213f85, 0x2101bb3c, 0x0183a629, 0x85ec2521, 0x88232107, 0x2a270193, 0x2748273c, 0xbbac2948, 0x962a2b01, 0xb2295427, 0x4e27ba2a, 0x0183ba2a, 
    0x2a542723, 0x210f82ba, 0x01912a48, 0x0c2a0c24, 0x01897c23, 0x895a2721, 0x2109870b, 0x0197082b, 0x29b82923, 0x211b8bb8, 0x0d856027, 0x29662728, 
    0x23f429f4, 0x5d822a82, 0x27210389, 0x216b826c, 0x01982382, 0x27122a27, 0x27782772, 0x2131827e, 0x018c2a12, 0xfc274982, 0x8427fc2a, 0x822a8427, 
    0xfc2a2107, 0x2a21a38b, 0x21b191ba, 0x59418a27, 0x2113cf13, 0x0189be29, 0x27902725, 0x853c2a90, 0x962723db, 0xe5939627, 0x99182a21, 0x9c272901, 
    0x1e2aa227, 0xa8271e2a, 0x038e0583, 0x902a2421, 0xc4292101, 0x23210185, 0xaf078528, 0x7c232505, 0x2a2a7c23, 0xa7113941, 0xca292511, 0xca29b427, 
    0xd0250182, 0xae27d029, 0x87058229, 0xa22a2103, 0x29210185, 0x8201a1d6, 0x29d62243, 0x340190dc, 0x27602ae8, 0x25ba27ba, 0x27c627f2, 0x27f825cc, 
    0x27d827d2, 0x200182de, 0x35118fc0, 0x722a602a, 0xe427e829, 0x7e2a842a, 0xf027ea27, 0x662a782a, 0x01b1b42a, 0x432e2321, 0x05a90527, 0x21232741, 
    0x01adc02a, 0x83f62721, 0x22d38201, 0x87702360, 0x2a3b0801, 0x2a9c2aa2, 0x2afc2796, 0x236a2390, 0x2a022834, 0x29fe25cc, 0x28662afa, 0x26102608, 
    0x280e2810, 0x281a2814, 0x283a2320, 0x282c2826, 0x28382832, 0x2862284a, 0x2344283e, 0x82862840, 0x2850240b, 0x825c2856, 0x288c2a11, 0x286e2868, 
    0x287a2874, 0x38178280, 0x2892288c, 0x28462398, 0x28a4289e, 0x28b028aa, 0x28d428bc, 0x284c23b6, 0x240982f8, 0x28c828c2, 0x2a0f82ce, 0x28da28fe, 
    0x28e628e0, 0x82f228ec, 0xfe220817, 0x002a0429, 0xe829cc2a, 0x10290a29, 0x16295823, 0x04265823, 0x2e291c29, 0x22293429, 0x5e295223, 0x11823429, 
    0x28290a24, 0x01835823, 0x1b831784, 0x40293a2c, 0x4c294629, 0x52295e23, 0x25825829, 0x8829822a, 0x6a296429, 0x88297029, 0x76241382, 0x5e237c29, 
    0x29200183, 0x03831783, 0xfa298e24, 0x6982fa29, 0x362ad82e, 0x6a23062a, 0x82230c2a, 0x7c23122a, 0x18240582, 0x242a1e2a, 0x830b6549, 0xde2a23ff, 
    0x9548de2a, 0x213b8209, 0x01822994, 0x22081b48, 0x47d82a00, 0x3622068b, 0x5547362a, 0x05f7460d, 0x2307e546, 0x662a662a, 0x8211c146, 0x29a021ef, 
    0x2a210182, 0x210182d2, 0x01822a6c, 0x26162623, 0x48658216, 0x51460641, 0xa629250b, 0x8823a629, 0x2208b345, 0x42482ab2, 0x0f450521, 0x082b2305, 
    0xfb44b829, 0xfc2a2207, 0x05bf442a, 0x210cfd45, 0x3144be29, 0x0a214405, 0xf1821e20, 0xd7431e20, 0x43ca2012, 0x2a230569, 0x43a22aa2, 0xdc220661, 
    0x9546dc29, 0x082b230b, 0x3f45ba2a, 0x2a242106, 0xab420182, 0x2a643412, 0x29782ac6, 0x2ae829e2, 0x29842a7e, 0x23962aee, 0x899c2a88, 0xf4292327, 
    0x8941ba2a, 0x822a201e, 0x82302000, 0x2ad82645, 0x2a362ad8, 0x2e7f8266, 0x2a962a42, 0x2a4e2a48, 0x235a2a54, 0x82602a70, 0x82d22013, 0x2a6c2203, 
    0x2225826c, 0x83782a72, 0xd22a2369, 0x69828a2a, 0x29829020, 0x09827182, 0xc5829c20, 0x7623a82c, 0x76238823, 0xb42aae2a, 0x0982ba2a, 0x7c237c24, 
    0x3382c02a, 0x2d82cc20, 0xde2ad82c, 0xea2ae42a, 0xf62af02a, 0x2f828223, 0x022bfc2e, 0xb906082b, 0xf82bb22c, 0x1629a422, 0x2c210183, 0x250183b2, 
    0x1629c21f, 0x0383b22c, 0x1f230583, 0x86a41f9e, 0x1faa2217, 0x210983b0, 0x07831629, 0x1fb61f23, 0x212385bc, 0x0182c81f, 0xd41fce2a, 0xda1f9225, 
    0xe01fe01f, 0xc2201f82, 0xc8204784, 0x2b213f83, 0x841f8ff8, 0x1ff22c1b, 0x1fec1fe6, 0x1f1c29f2, 0x831c29f8, 0xfe1f2101, 0x2c210583, 0x210183c4, 
    0x01820a20, 0x03820420, 0xc42c0a24, 0x11821020, 0x1620ca28, 0x22201c20, 0x0185ca2c, 0x29442b25, 0x832e2934, 0x82202701, 0x2e292820, 0x0f852e20, 
    0x82342021, 0x83038707, 0x20342613, 0x2040203a, 0x82158446, 0x4c20350f, 0x7c203429, 0x58205220, 0x64205e20, 0x70206a20, 0x7c207620, 0x2e221d82, 
    0x45828220, 0x88208828, 0x94208e20, 0x01830e2b, 0x82a02021, 0x2b9a2201, 0x2007840e, 0x251393a6, 0x46294629, 0x0182ac20, 0x0782b220, 0x0382b820, 
    0x1183be20, 0x202f0385, 0x20d020ca, 0x20c228d6, 0x20e220dc, 0x82ee20e8, 0x20c42201, 0x8e2382ca, 0x46292715, 0xf420be2c, 0x05824221, 0xbe2cfa24, 
    0x0184b421, 0x4c290024, 0x0d82b421, 0x0d840620, 0xbe2c0c26, 0x0e16be2c, 0x3c340f82, 0x12214221, 0x1e211821, 0x2a212421, 0x5e293021, 0xb4215e29, 
    0x36222b82, 0x1d823c21, 0xb8294226, 0xb8299621, 0x21210183, 0x2401847e, 0x21842148, 0x2015827e, 0x200d844e, 0x2d198354, 0x5a21f825, 0x66216021, 
    0x72216c21, 0x01827821, 0x23827e20, 0x90218a22, 0x96242582, 0x9c21a221, 0xa22a0382, 0x142ba221, 0xa821142b, 0x0784a821, 0xda25ae24, 0x5f82142b, 
    0x89839182, 0x834c2921, 0xba212305, 0x0782c021, 0xc621d026, 0xd02ccc21, 0x2b250187, 0x21d2211a, 0x260582ea, 0x21ea21ea, 0x891a2bd8, 0x240f8201, 
    0x21de21ea, 0x831d83e4, 0x5e292515, 0x0e222c22, 0x2921c183, 0x21018358, 0x0582f021, 0x03835e20, 0x21210983, 0x20db84f6, 0x821f84fc, 0x230785e5, 
    0x08220222, 0x41823189, 0x58303f83, 0xd4255e29, 0x1a221422, 0x04292022, 0x10292622, 0x25212183, 0x201d82d4, 0x8209832c, 0x2b322665, 0x223822b0, 
    0x2005823e, 0x26038244, 0x2b5e294a, 0x83502220, 0x50222b03, 0x5c225622, 0x7029202b, 0x0f82202b, 0x262b6226, 0x68226822, 0x03820583, 0x262b6e22, 
    0x22200183, 0x26270782, 0x2bc82b82, 0x827422c8, 0x837a2003, 0x20078209, 0x27138580, 0x8829c82b, 0x98228829, 0x86260184, 0x8c229e22, 0x11839822, 
    0x07851383, 0x92201d84, 0x07850b87, 0x17822d83, 0x0d839e20, 0x22b22c29, 0x29b22ca4, 0x84aa2294, 0x22b02c01, 0x2c9429b6, 0x22bc22b8, 0x83b82cc2, 
    0xce2b2301, 0x0182f222, 0xf822d428, 0xf222c822, 0x0f82ce2b, 0x2b2d0382, 0x220423ce, 0x22da22d4, 0x22e622e0, 0x2c1f82ec, 0x23fe22f8, 0x29ce2b04, 
    0x231023ac, 0x2003820a, 0x083d4510, 0xca29ac28, 0xbe29be29, 0x05822823, 0x1623ca24, 0x0d841c23, 0x11842220, 0x1b83ca20, 0x294c2325, 0x822e23ca, 
    0x24278309, 0x233423ca, 0x830b843a, 0x2303821b, 0x46234023, 0x23372585, 0x2352235e, 0x2b5e2358, 0x2a602a68, 0x2a762360, 0x23682b60, 0x846a2364, 
    0x8370200d, 0x682b2111, 0x23211b83, 0x2017827c, 0x820b8582, 0x23882209, 0x850b838e, 0x94232103, 0x23056545, 0x9a230828, 0x2c210983, 0x250185e8, 
    0x122a122a, 0x05838a24, 0xc74d0f83, 0x682b2105, 0x23210785, 0x0dd94da0, 0x23f42927, 0x29f429ca, 0x250183e8, 0xe829a623, 0x0d85ac23, 0x82b22321, 
    0x86f42007, 0x83e82003, 0xb8232507, 0xc423be23, 0x0f831184, 0x3782e820, 0x462ce82a, 0xd023e223, 0xd623dc23, 0xe8200382, 0xe2260382, 0xee23e823, 
    0x01837a16, 0x2c162c27, 0x16722416, 0x2707837a, 0xf4235e2c, 0x0e16f423, 0x1f820186, 0x16462c29, 0x245a240e, 0x82fa235a, 0x85002007, 0x2a242717, 
    0x06241e2d, 0x05822424, 0x0b840c20, 0x18242a22, 0x12250184, 0x1e2d1824, 0x200d8524, 0x2309831e, 0x74161e2d, 0x24200f82, 0x30240382, 0x3c243624, 
    0x74203f84, 0x0b835185, 0x16422422, 0x6f880d82, 0x24217782, 0x210d855a, 0x07856c2a, 0x24482427, 0x246e164e, 0x8d338354, 0xf42c2519, 0x6024f42c, 
    0x66280182, 0xf42c6c24, 0x14257a16, 0xc982cf85, 0x162ca622, 0xd783cf85, 0x24271585, 0x2ce82c78, 0x829c2464, 0x46e82005, 0x242405d9, 0x2c122a7e, 
    0x2c210b82, 0x210983e8, 0x19838424, 0x418a2421, 0x05870599, 0x24902423, 0x82318996, 0x833f8229, 0x88258d35, 0x2464220d, 0x220184ae, 0x82a824a2, 
    0x24b42607, 0x2b682bb4, 0x2701832c, 0xba24ba24, 0xc0242c2b, 0x24290383, 0x24c624c0, 0x2a2c2bcc, 0x21198224, 0x01822b32, 0x24d22425, 0x84322bd2, 
    0x83d82003, 0x820b820f, 0xde242907, 0x382be424, 0xea24382b, 0x09840583, 0x0985f020, 0x2bf62423, 0x2101873e, 0x0985fc24, 0x82022521, 0x250828e7, 
    0x257a1614, 0x84162c08, 0x2c5e2201, 0x87fb8516, 0x7a162507, 0x0e25162c, 0x2b411385, 0x412b8208, 0x1d82073b, 0x29833b86, 0x8b081621, 0x41438529, 
    0x2f850557, 0x2c0e2523, 0x4121855e, 0x2a2f0579, 0x251a2536, 0x2a362a20, 0x25262542, 0x8432252c, 0x2a383201, 0x2c422a42, 0x2c3e257c, 0x2a7c2c6a, 
    0x2a5c254e, 0x2605824e, 0x25502550, 0x83442556, 0x200f8409, 0x2013844a, 0x271d8356, 0x68256225, 0x1c296e25, 0x5a211782, 0x2301822a, 0x74257a25, 
    0x7a200382, 0x2b270b83, 0x255e29a4, 0x828025b6, 0x258c2c01, 0x25982592, 0x25a4259e, 0x82b025aa, 0x25862101, 0xb63e118f, 0xc225bc25, 0xa42bc825, 
    0xd425ce25, 0xc22bd425, 0xda2bda25, 0x242d5e29, 0x242d1c29, 0xdb47e025, 0xe6252505, 0xf225ec25, 0xf8320182, 0x0426fe25, 0xc42ca42b, 0x4a2b0a26, 
    0xc82b1026, 0x01a39a2c, 0x26162623, 0x29278a1c, 0x26a02ca0, 0x26282622, 0x09822c28, 0xa621038a, 0x2101ac2c, 0x01837416, 0x852e2621, 0x23058b07, 
    0x3a263426, 0x26210f85, 0x21018540, 0x01827a16, 0x410ca941, 0x9f410ad9, 0xac2c2106, 0x102101ae, 0x3101822c, 0x46264626, 0x7a16282c, 0x802b162c, 
    0x4c26802b, 0x01835226, 0x82982b21, 0x2b922101, 0x2c250186, 0x2c7c2c2e, 0x21018340, 0x01825826, 0x265e4808, 0x267c2c64, 0x26102c6a, 0x2b342c70, 
    0x2b7c2c74, 0x2c762626, 0x2b7c26b2, 0x2cc42c0e, 0x26c82bc4, 0x291c2982, 0x26442b1c, 0x2b882688, 0x2b442bc2, 0x26182a4a, 0x2a8e268e, 0x264a2b18, 
    0x279a2694, 0x26a02624, 0x53ac26a6, 0x26290f3d, 0x26e226dc, 0x27ee26e8, 0x0b8f5206, 0x51182721, 0x2a3a06b9, 0x36273027, 0xc0273c27, 0x48274227, 
    0x54274e27, 0x60275a27, 0x6c276627, 0x0f507227, 0x84272b05, 0xa2278a27, 0x96279027, 0x07829c27, 0xae27a826, 0xba27b427, 0xc6242f82, 0xcc27c627, 
    0x34061d4e, 0x27ea27e4, 0x27f627f0, 0x280228fc, 0x2820281a, 0x280e2808, 0x83078214, 0x202a080b, 0x2c282628, 0x38283228, 0xb22c142b, 0x3e285e29, 
    0xe0284428, 0x50284a28, 0x56288028, 0x86285c28, 0x6228c828, 0x6e286828, 0x09827a28, 0x74288024, 0x09828c28, 0x1d828620, 0x1b848020, 0xc8201f83, 
    0x8c241982, 0x98289228, 0x2208354d, 0x4dec28b6, 0xf22a062f, 0xce28f828, 0xda28d428, 0x0982e628, 0x5b82ec20, 0x0982fe20, 0x1f82f220, 0x20053d4d, 
    0x201582f2, 0x05454df8, 0x290a2925, 0x820e2b10, 0x2c142801, 0x2b1a2bbe, 0x45262b20, 0x16310517, 0x2b2c2b7a, 0x2b382b32, 0x2916293e, 0x2cae2a16, 
    0x360384b2, 0x291c29a8, 0x2c282922, 0x2a2e29ca, 0x29782a78, 0x293a2934, 0x824029b2, 0x2a462401, 0x83be2c7e, 0x30d38203, 0x294c29be, 0x2ad02c52, 
    0x291a2b96, 0x299c2a58, 0x2103835e, 0x01825e29, 0x6a29642a, 0x7029202b, 0x7629262b, 0x29250383, 0x29c82b7c, 0x0dd94782, 0x2c882925, 0x828e29b2, 
    0x29942201, 0x2e01829a, 0x2ba029a0, 0x29a629ce, 0x2ab229ac, 0x83b829ba, 0xbe292103, 0xc4230182, 0x8329ca29, 0x29d02c03, 0x29d22ad6, 0x29e229dc, 
    0x82ee29e8, 0x29f43001, 0x2a0216fa, 0x16002a00, 0x2a062a0e, 0x831e2d06, 0x2fd38505, 0x0c2a6c2a, 0x0216f42c, 0x122a7a16, 0xe82cd22a, 0x2c210383, 
    0x2c0782e8, 0x2b1e2a18, 0x2b242a2c, 0x2a322b32, 0x2503832a, 0x302a302a, 0x2983382b, 0x230ddf44, 0x3c2a362a, 0x42220182, 0x0182d82a, 0x5d4c4820, 
    0x602a2107, 0x66230182, 0x822a682b, 0x1e2d2303, 0x6d83082b, 0x72246b82, 0x3e2b722a, 0x794c4392, 0x2a8a2a05, 0x2a962a90, 0x2aa22a9c, 0x05694ca8, 
    0x8205634c, 0x82d220bb, 0x2ade245b, 0x82ea2ae4, 0x2a022447, 0x827416f0, 0x837a2001, 0xf62a2787, 0x022bfc2a, 0xaf41082b, 0x442b211d, 0x28080182, 
    0x2b502b4a, 0x2b5c2b56, 0x2bc82b62, 0x2c6e2b68, 0x2b742b46, 0x16882c7a, 0x2b802b7a, 0x2b8c2b86, 0x2c982b92, 0x2ba42b2e, 0x2603829e, 0x2baa2ba4, 
    0x82c42cb0, 0x2cb62629, 0x2bbc2bb8, 0x3e0b84c2, 0x2cce2bce, 0x2bd42bbe, 0x2bb22cda, 0x2be62be0, 0x2bf22bec, 0x2cfe2bf8, 0x2c042cb8, 0x82102c0a, 
    0x2c163e01, 0x2c1c2c16, 0x2c282c22, 0x2c2e2ce8, 0x2c3a2c34, 0x2c462c40, 0x2c522c4c, 0x165e2c58, 0x2c158208, 0x2c6a2c64, 0x2c762c70, 0x2c822c7c, 
    0x220382c4, 0x828e2c88, 0x2c8e2815, 0x2c9a2c94, 0x82a62ca0, 0x2c7422d7, 0x25d983e8, 0xbe2cac2c, 0x5b82b22c, 0x2782be20, 0xd02cca2a, 0xdc2cd62c, 
    0x0e16e22c, 0xde092d82, 0x2cf42cee, 0x2d002dfa, 0x2d0c2d06, 0x2d182d12, 0x16242d1e, 0x002a2d14, 0x01420002, 0x008b018a, 0x03970300, 0x04020097, 
    0x000b040b, 0x051d0503, 0x0504001e, 0x00270527, 0x052f0506, 0x05070031, 0x00340534, 0x0538050a, 0x050b0038, 0x003f053b, 0x0541050c, 0x05110042, 
    0x004e0546, 0x05710513, 0x051c0071, 0x008d0582, 0x0597051d, 0x05290097, 0x009f059a, 0x05a1052a, 0x053000a1, 0x00a505a3, 0x05af0531, 0x053400b0, 
    0x00b305b2, 0x05b80536, 0x053800bd, 0x00bf05bf, 0x05c3053e, 0x053f00c4, 0x00d105ca, 0x05d60541, 0x054900d6, 0x00df05dd, 0x05e1054a, 0x054d00e1, 
    0x00e605e4, 0x05e8054e, 0x055100eb, 0x00f805ee, 0x06fb0555, 0x06600005, 0x000e0608, 0x0610066b, 0x06720011, 0x00170617, 0x061c0674, 0x0675001d, 
    0x00450645, 0x06480677, 0x06780049, 0x004d064c, 0x0650067a, 0x067c0050, 0x00560655, 0x0672067d, 0x067f0083, 0x008b0686, 0x068e0691, 0x0697008e, 
    0x00920691, 0x06950698, 0x069a0096, 0x00990698, 0x069f069c, 0x069e00a1, 0x00a606a5, 0x06b006a1, 0x06a300b0, 0x00ba06b8, 0x070807a4, 0x07a7000c, 
    0x00240720, 0x073507ac, 0x07b10035, 0x00390739, 0x073c07b2, 0x07b30043, 0x005e075e, 0x08fa07bb, 0x08bc0000, 0x00040803, 0x08cc08c3, 0x08c500d1, 
    0x00d508d3, 0x091009cb, 0x0ace0017, 0x00170a17, 0x0a280ad6, 0x0ad70029, 0x00340a33, 0x0b400bd9, 0x0bdb0040, 0x004a0b4a, 0x0b520bdc, 0x00dd0052, 
    0x018a0002, 0x008b018a, 0x03970319, 0x042c0097, 0x000b040b, 0x051d0507, 0x0528001d, 0x001e051e, 0x0527050e, 0x05320027, 0x002f052f, 0x0530052b, 
    0x051b0031, 0x82340534, 0x38320817, 0x33003805, 0x3c053b05, 0x3d051a00, 0x17003d05, 0x3e053e05, 0x3f050400, 0x3d003f05, 0x41054105, 0x42051500, 
    0x1d004205, 0x46054605, 0x47053400, 0x11824705, 0x49054822, 0x4a282982, 0x30004a05, 0x4b054b05, 0x4c221182, 0x23824c05, 0x4d054d3a, 0x4e053900, 
    0x2e004e05, 0x85058205, 0x88050100, 0x03008805, 0x8b058a05, 0x8d220b82, 0x0b828d05, 0x9705972e, 0x9a051600, 0x22009a05, 0x9b059b05, 0x9c220b82, 
    0x0b829c05, 0x9d059d2e, 0x9e051000, 0x11009e05, 0x9f059f05, 0xa1220b82, 0x0b82a105, 0xa305a322, 0xa4220b82, 0x0b82a405, 0xa505a52e, 0xaf050900, 
    0x3c00af05, 0xb005b005, 0xb222a782, 0xe982b205, 0xbb05b822, 0xbc285982, 0x2700bc05, 0xbd05bd05, 0xc3220b82, 0x0582c405, 0xca05ca34, 0xcb050c00, 
    0x0a00cb05, 0xcd05cc05, 0xce050b00, 0x1182ce05, 0xcf05cf22, 0xd0281182, 0x0800d105, 0xd605d605, 0xdd2e0b82, 0x0600df05, 0xe105e105, 0xe4050500, 
    0x0582e405, 0xe605e622, 0xe82e2f82, 0x2000e805, 0xe905e905, 0xea052100, 0x0b82ea05, 0xeb05eb22, 0xee220b82, 0xd182f105, 0xf405f422, 0xf6226582, 
    0x0b82f705, 0xfe05fb25, 0x82060100, 0x03002501, 0x04060306, 0x082e0b82, 0x14000906, 0x0b060a06, 0x0c060f00, 0x17820c06, 0x0d060d2e, 0x0e062500, 
    0x09000e06, 0x10061006, 0x11220b82, 0x23821106, 0x17061722, 0x3e082382, 0x001c061c, 0x061d0604, 0x0631001d, 0x00450645, 0x0648063f, 0x061f0049, 
    0x004c064c, 0x064d063b, 0x0637004d, 0x00500650, 0x0655062f, 0x06230056, 0x00770672, 0x06780602, 0x061c0078, 0x827a0679, 0x067b220b, 0x220b827b, 
    0x827c067c, 0x067d2e0b, 0x063a007d, 0x007e067e, 0x067f0636, 0x22118283, 0x82880686, 0x89260805, 0x2a008906, 0x8b068a06, 0x8e061800, 0x3e008e06, 
    0x92069106, 0x95061e00, 0x38009506, 0x96069606, 0x98063500, 0x1d829806, 0x06992608, 0x062d0099, 0x00a1069f, 0x06a50612, 0x062400a6, 0x00b006b0, 
    0x06b80629, 0x071300ba, 0x000c070b, 0x07230701, 0x28058224, 0x00350735, 0x07390707, 0x22058239, 0x823c073c, 0x073d2e05, 0x0709003e, 0x0043073f, 
    0x075e0704, 0x0805825e, 0xfa07fa3e, 0xfb070600, 0x0500fc07, 0xfd07fd07, 0xfe070c00, 0x0a00fe07, 0xff07ff07, 0x00080c00, 0x0a000008, 0x04080308, 
    0xcc080800, 0x0b00cc08, 0xce08cd08, 0xcf080600, 0x0500d008, 0xd108d108, 0x20080b82, 0x00d308d3, 0x08d50816, 0x090500d5, 0x00110910, 0x09120908, 
    0x090d0012, 0x00130913, 0x09140926, 0x220b8214, 0x82150915, 0x1644080b, 0x0d001709, 0x170a170a, 0x280a0500, 0x0900280a, 0x290a290a, 0x330a0400, 
    0x0300340a, 0x400b400b, 0x4a0b0700, 0x0e004a0b, 0x520b520b, 0x02000400, 0x65028c00, 0x0e006502, 0x97039703, 0x0b043000, 0x06000b04, 0x44063943, 
    0x200805c9, 0x003d053d, 0x053e0514, 0x051e003e, 0x003f053f, 0x0541053b, 0x05260041, 0x00420542, 0x05450516, 0x2e1d8245, 0x00460546, 0x05470532, 
    0x052a0047, 0x82490549, 0x054a2211, 0x222f824a, 0x824b054b, 0x054c2229, 0x3a29824c, 0x004d054d, 0x054e0537, 0x051d004e, 0x00710571, 0x05820501, 
    0x05020085, 0x43870586, 0x0424062d, 0x89058905, 0x8a220b82, 0x17828b05, 0x8c058c22, 0x36063943, 0x05920504, 0x052d0092, 0x00970597, 0x059a0513, 
    0x051c009a, 0x829b059b, 0x059c220b, 0x280b829c, 0x009e059e, 0x05a10510, 0x062d43a1, 0xa5051036, 0x0700a505, 0xaf05af05, 0xb2053a00, 0x2800b205, 
    0xb305b305, 0xb82e4d82, 0x0400bc05, 0xbd05bd05, 0xbf052900, 0x1182bf05, 0xc405c322, 0xca341182, 0x0d00ca05, 0xcb05cb05, 0xcc050b00, 0x0c00cd05, 
    0xce05ce05, 0xcf221182, 0x1182cf05, 0xd105d028, 0xd6050a00, 0x0b82d605, 0xdf05dd2e, 0xe1050800, 0x0500e405, 0xe505e505, 0xe6224182, 0x2f82e605, 
    0xe805e82e, 0xe9051a00, 0x1b00e905, 0xea05ea05, 0xeb220b82, 0x0b82eb05, 0xf105ee22, 0xf222cb82, 0x3343f305, 0x05042406, 0x82f505f5, 0x05f6220b, 
    0x221782f7, 0x43f805f8, 0x0224063f, 0x0006ff05, 0x24064543, 0x06020604, 0x280b8202, 0x00040603, 0x06050602, 0x06514306, 0x51431220, 0x0604300a, 
    0x000d060d, 0x060e0622, 0x0607000e, 0x82100610, 0x0611250b, 0x06120011, 0x08095143, 0x23061d22, 0x2f002306, 0x42064106, 0x43060900, 0x21004406, 
    0x45064506, 0x48063c00, 0x19004906, 0x4b064a06, 0x4c2e1782, 0x39004c06, 0x4d064d06, 0x4e063500, 0x11824f06, 0x7706722e, 0x79060300, 0x18007a06, 
    0x7c067c06, 0x7d2e0b82, 0x38007d06, 0x7e067e06, 0x7f063400, 0x11828306, 0x88068622, 0x20080582, 0x00890689, 0x068a062e, 0x0615008b, 0x008d068c, 
    0x068f061f, 0x06270090, 0x00920691, 0x06940617, 0x08178294, 0x95069538, 0x96063600, 0x33009606, 0x97069706, 0x9f062b00, 0x1100a106, 0xa606a506, 
    0xb0062000, 0x2c00b006, 0x0f070d07, 0x10070100, 0x02001107, 0x35073507, 0x39070600, 0x05823907, 0x3c073c22, 0x3d300582, 0x07003e07, 0x57075707, 
    0xfa073100, 0x0800fa07, 0x080a4b43, 0xfe070d24, 0x0b00fe07, 0xff07ff07, 0x00080d00, 0x0b000008, 0x04080308, 0xcc080a00, 0x0c00cc08, 0xce08cd08, 
    0x4b430800, 0x08082c0a, 0x00d308d3, 0x08d40813, 0x430100d4, 0x08230551, 0x43d708d7, 0x0a300657, 0x12091209, 0x13092300, 0x25001309, 0x14091409, 
    0x15220b82, 0x0b821509, 0x17091624, 0x57432400, 0x00292e08, 0x0a330a06, 0x0b040034, 0x00400b40, 0x05514306, 0xfd010023, 0x28f182b4, 0x00bb0101, 
    0x01010000, 0x2905830a, 0x1a07c9fd, 0xc0fd0100, 0x1182e207, 0x11831d20, 0x83f40021, 0xa5fd2105, 0x01210583, 0x200b8418, 0x8217849c, 0x01002904, 
    0x1606f700, 0x60020100, 0x01230583, 0x82d305e9, 0x0505220b, 0x241784f1, 0x01010003, 0x201784a7, 0x21058585, 0x1d82fa05, 0xd2055d22, 0x06210583, 
    0x20238202, 0x210b83f8, 0x1d849e01, 0x5e049e22, 0x60201782, 0x01210583, 0x200b84e9, 0x21058305, 0x1184f700, 0x0584a720, 0x05848520, 0x05843120, 
    0x1d840b20, 0x05839320, 0x05b0fd27, 0xfd010018, 0x210583ca, 0x1d848001, 0x0584e820, 0x5f833120, 0x84f80021, 0x845d204d, 0x05ca2205, 0x206582dd, 
    0x22ba8268, 0x823b0101, 0x01012281, 0x210583c9, 0x05842e02, 0x05846f20, 0x05837720, 0x84b30321, 0x84cb2005, 0x84b72005, 0x84bf2005, 0x84122005, 
    0x83c42005, 0xb205214d, 0x02214783, 0x204d8413, 0x210583db, 0x1783ef00, 0x83cb0621, 0xe406210b, 0xb0261784, 0x01008203, 0x05849501, 0x05843120, 
    0xd2feb022, 0x05841183, 0x05833120, 0xff870529, 0x060100f9, 0x82f2ff2e, 0x840c2005, 0xff9c2605, 0x050100f5, 0x23058391, 0x0100ab03, 0x4d830b83, 
    0x84880521, 0x84a22011, 0x83882011, 0x15012111, 0xaf20c584, 0x91200b84, 0x97208f84, 0x94200584, 0x03210583, 0x20178469, 0x201184f9, 0x203b84ca, 
    0x2005840e, 0x201d84d9, 0x205384e1, 0x2005841d, 0x20058435, 0x20058421, 0x201d8429, 0x20058433, 0x203b8498, 0x20058490, 0x26058426, 0x00be0065, 
    0x83b70101, 0xca0021cb, 0xb720d184, 0x0021c583, 0x20cb84ca, 0x844184ba, 0x8705212f, 0x7f202f84, 0x92200584, 0x5a200584, 0x2d200584, 0x5d200584, 
    0x00210583, 0x200b84f7, 0x21058365, 0x0584b606, 0x0584ce20, 0x06214784, 0x262384c2, 0x00d20586, 0x83a30501, 0xab05210b, 0xff201d84, 0xeb200584, 
    0xf3200584, 0x04210583, 0x201d84fd, 0x21058362, 0x5384b801, 0x0584cc20, 0x1d84d420, 0x05841020, 0x05842820, 0x05841420, 0xdd841c20, 0x0b846f20, 
    0x0584cd20, 0x4d84d520, 0x05841120, 0x05842920, 0x05841520, 0x20051f41, 0x202f8470, 0x202984df, 0x2617848c, 0x00e802ac, 0x83b40601, 0xf0072105, 
    0x08210583, 0x200b8408, 0x200584f4, 0x201d84fc, 0x200b846b, 0x20358484, 0x203584f8, 0x2005844c, 0x20118440, 0x26dd84af, 0x005e049e, 0x834f0401, 
    0x4f04270b, 0x0100a201, 0x1183e501, 0x02560629, 0x03010028, 0x82990229, 0x048e2805, 0x02010038, 0x828203c1, 0x04f52205, 0x20238215, 0x270b8320, 
    0xb5041703, 0x06030100, 0x0b201784, 0xc1220584, 0x2383d2fe, 0x8365ff21, 0x230b8323, 0x05001703, 0x17842383, 0x05830b20, 0x83920721, 0x7307236b, 
    0x53843301, 0x01007a2a, 0xc8026304, 0x2c080100, 0x5a201784, 0x08210583, 0x20d18424, 0x26bf8427, 0x00fb01d5, 0x84ee0501, 0x84232017, 0x84512023, 
    0x841b200b, 0x841e2023, 0x84cc2023, 0x83e52023, 0x84052017, 0x4005211d, 0x03211183, 0x261183e0, 0x04013404, 0x41040100, 0xa4200549, 0x03212f83, 
    0x2117832b, 0x05833202, 0x41480421, 0x05830507, 0x845c0621, 0x83402041, 0x8203202f, 0x0100230a, 0x23844605, 0x28026423, 0x25418200, 0x0100a201, 
    0x1183f706, 0x83720121, 0xe7062105, 0x23840b84, 0x832a0521, 0xb005210b, 0xd1265984, 0x01006703, 0x0b835201, 0x84ac0321, 0x839a2011, 0x84042005, 
    0x7f0521bf, 0x16201784, 0x49201184, 0x93203584, 0x8b202384, 0x7e200584, 0xf0200584, 0x27201d84, 0x3f200584, 0x11430584, 0x84862005, 0x84a3203b, 
    0x84ec2023, 0x843e2005, 0x841e2011, 0x84112023, 0x21778405, 0x59845a04, 0x05849620, 0x0584ae20, 0x05218384, 0x202384a2, 0x210583f5, 0x41845901, 
    0x05846d20, 0x47847520, 0x0584b120, 0x0584c920, 0x0584b520, 0x2984bd20, 0x0b84c720, 0x05846620, 0x41846e20, 0x0584aa20, 0x0584c220, 0x04215f84, 
    0x200b84b6, 0x204d8409, 0x20298478, 0x200b8425, 0x840584a7, 0x180421b9, 0x20202384, 0x6d418f84, 0x84742005, 0x8460200b, 0x84682005, 0x84d72035, 
    0x84992023, 0x84ed2011, 0x052b4405, 0x1d843420, 0x1d844d20, 0x53845020, 0x05834c20, 0x840b0721, 0x844820a1, 0x84422005, 0x045e2c17, 0x0001005e, 
    0x0037febf, 0x845f0101, 0xfe682235, 0x200b828c, 0x210b8355, 0x05849501, 0x17847020, 0x2f847a20, 0x0b848920, 0x5ffeef26, 0x7c010100, 0x12201184, 
    0x01200583, 0x26057746, 0x00f6fe8d, 0x84400301, 0x833a2017, 0xe2032105, 0x8c200584, 0x2b208984, 0x6720a184, 0x6b200584, 0x73200584, 0xc6201784, 
    0x56200584, 0x81203584, 0x0f202f84, 0x43200b84, 0x57201784, 0x06200583, 0x2e208985, 0xc3266b84, 0x01009902, 0x0584ed01, 0x82039222, 0xce200b82, 
    0xaf200584, 0xae200584, 0x00210583, 0x220b84fa, 0x829b02b0, 0x02a922dd, 0x202382a0, 0x201184a1, 0x200584bd, 0x262384b5, 0x00a602cc, 0x83b20201, 
    0xcc002105, 0x16201784, 0xc1200584, 0xad200584, 0x02210583, 0x200b8452, 0x200b849a, 0x200b847e, 0x22058494, 0x82d2fe92, 0x84ce2053, 0x84af2005, 
    0x83ae2005, 0xfa002105, 0xb0220b84, 0x1d82ebfd, 0x0b84a120, 0x0584bd20, 0x1d84b520, 0xf6fdcc22, 0x05837183, 0x84cc0021, 0x84162017, 0x84c12005, 
    0x83ad2005, 0x52022105, 0x9a200b84, 0x7e200b84, 0x94200b84, 0x04210583, 0x27fb83b8, 0xc8023403, 0x9d050100, 0x05210b83, 0x2005845b, 0x2005849b, 
    0x200584b3, 0x200584a5, 0x2005848e, 0x2005848f, 0x20058489, 0x20058494, 0x20058477, 0x2105831a, 0x0b844004, 0x05849220, 0x05848b20, 0x05847220, 
    0x20054b42, 0x200b8482, 0x2005848a, 0x2005849c, 0x20058485, 0x20058486, 0x21058380, 0x0584f802, 0x9584fb20, 0x0b84f120, 0x84059b43, 0x4a012195, 
    0x002d1183, 0x002efef4, 0xfef70001, 0x0201005f, 0x2111835e, 0x2f843f02, 0x05844620, 0x11845820, 0x0b842520, 0x05840320, 0x05831020, 0x84c40121, 
    0xfe742605, 0x03010034, 0x20238405, 0x840584c0, 0x450221dd, 0x37201d84, 0x29201184, 0x79200b84, 0x77840584, 0xf5840220, 0x11840220, 0x84040321, 
    0x84662023, 0x26b38505, 0x0047fe70, 0x842c0201, 0x8374202f, 0x24022105, 0x03210583, 0x200b8414, 0x20058496, 0x201184b7, 0x200b8420, 0x200584ee, 
    0x20f584ca, 0x470b84fd, 0x67200591, 0xbf840b84, 0x84ed0421, 0x842f200b, 0x84732005, 0x8447203b, 0x8355200b, 0xf8002105, 0x39201184, 0x13207184, 
    0xc2201784, 0xba200584, 0x6b200584, 0x89840584, 0x84990321, 0x204d852f, 0x20178433, 0x843b8423, 0x770127b9, 0x01006703, 0x1784f900, 0x9b07c228, 
    0xc2020100, 0x05837707, 0x84d70821, 0x82d62005, 0x07c72205, 0x200b846e, 0x831d84aa, 0x05f026e9, 0x040100d2, 0x20058427, 0x2005843f, 0x20058333, 
    0x05a94703, 0x82072e21, 0x2e052723, 0x01008a07, 0x17832e05, 0x83830221, 0x9b032153, 0x0f202384, 0x0f200b84, 0x02211d83, 0x201184ec, 0x20238483, 
    0x2011846b, 0x207d846b, 0x2141837f, 0x0b867f02, 0x7f229583, 0x7d826507, 0x95847f20, 0x83087f21, 0x84742095, 0x84d9203b, 0x83e12005, 0x1d052105, 
    0x35200584, 0x21200584, 0x29200584, 0x9b851d84, 0x0b839820, 0x76205382, 0x77204782, 0x77200b84, 0xa2208984, 0x09202384, 0x09200b84, 0x03218383, 
    0x207d8409, 0x208f84f8, 0x218384f8, 0x358207f8, 0x841e0321, 0x84ac2029, 0x841120ef, 0x84522005, 0x845a2005, 0x84ae206b, 0x849a2005, 0x21538405, 
    0x6584f504, 0x05831c20, 0x84590121, 0x83132005, 0x130121c5, 0x05825383, 0x6d20d783, 0x75202384, 0xb1205984, 0xc9200584, 0xb5200584, 0xbd200584, 
    0xc7203584, 0x2c202384, 0x13200b84, 0x01218983, 0x204784c4, 0x214784c4, 0x478207c4, 0x846e0321, 0x84aa2089, 0x84c22005, 0x218f8405, 0x0b84b604, 
    0x3b840920, 0xd183c420, 0x47243b82, 0x78020100, 0x25205f84, 0xdd831786, 0xfb847e20, 0x6b847e20, 0x0b83c020, 0x84030421, 0x8413201d, 0x844f2035, 
    0x842e200b, 0x84992035, 0x83992029, 0x0403217d, 0x05828983, 0x01007722, 0x59820582, 0x4d830582, 0x23840420, 0x83071021, 0x84102011, 0x841020a1, 
    0x0810222f, 0x222982d7, 0x83d60810, 0x213b8305, 0xa1841804, 0x05832020, 0x845c0521, 0x84602005, 0x83102065, 0xba0521e9, 0x8c208f84, 0x02214d83, 
    0x2041848c, 0x202f84a4, 0x2017840f, 0x2017848b, 0x215f838b, 0x1d838b02, 0x849d0221, 0x84902017, 0x84902017, 0x84962011, 0x8496200b, 0x849a200b, 
    0x83fb201d, 0xfb022159, 0x05829b83, 0x01009b22, 0x8a200582, 0x65200584, 0xc2200582, 0xf120d184, 0xf120bf84, 0x03212983, 0x203b84f1, 0x820586ba, 
    0xb70221dd, 0xb7200b84, 0x0b822983, 0x04211182, 0x20b98499, 0x420584ed, 0x3420058d, 0xb7206b84, 0xb7207d84, 0x03216b83, 0x20b9844d, 0x20178450, 
    0x20418484, 0x221d8484, 0x82fa0533, 0x072e2277, 0x20058436, 0x20058463, 0x21058362, 0x05840306, 0x05832720, 0x84d30521, 0x82f12005, 0x04542205, 
    0x2417845e, 0x03010002, 0x231783a3, 0x1606a303, 0x17840b83, 0x4d846c20, 0x4d846720, 0x83076721, 0x0767214d, 0x67214d83, 0x212f8206, 0x53846702, 
    0x83066721, 0x84672053, 0x05672153, 0xa0225383, 0x5382bd06, 0x05844620, 0x17845b20, 0x29845b20, 0x29845b20, 0x23845b20, 0x4d845b20, 0x4d845b20, 
    0x4d835b20, 0x06980127, 0x01010010, 0x20058496, 0x20058446, 0x22058490, 0x82b50746, 0x83982017, 0x48022105, 0x00219583, 0x82ef83f8, 0x82762005, 
    0x84e62017, 0x83f92011, 0xf9002153, 0x00216b83, 0x82bf83f9, 0x82958205, 0x82a78205, 0x21fb8205, 0x29835f01, 0x85d90121, 0x208f8405, 0x220b8432, 
    0x82d20516, 0x83562047, 0x06022105, 0x2505e54d, 0x01008a07, 0x1d837a03, 0x83800321, 0x8205824d, 0x5d022141, 0x89203584, 0x02211783, 0x20d78465, 
    0x20d18465, 0x20178465, 0x20d18465, 0x20d18465, 0x20e38465, 0x213b8398, 0x1d849802, 0x35849820, 0x05846f20, 0x77840620, 0x1d83ab20, 0x83ab0121, 
    0x83058241, 0x8429205f, 0x8429202f, 0x840c202f, 0x05422223, 0x209b8268, 0x220b844e, 0x820d0716, 0x0716240b, 0x8201000c, 0x820b82fb, 0x210b8205, 
    0x53848f02, 0x89845d20, 0x77845d20, 0x11843a20, 0x0b833f20, 0x06460323, 0x20cb8202, 0x20cb8440, 0x20cb8446, 0x205f8446, 0x2005842f, 0x84058540, 
    0x84402035, 0x8440207d, 0x844020d7, 0x060e2835, 0x02010000, 0x84470783, 0x82762005, 0x842b2005, 0x842b202f, 0x05e22247, 0x205982d2, 0x2105838c, 
    0x05842304, 0x05832b20, 0x84670521, 0x847f2005, 0x846b2005, 0x84732005, 0x84c6201d, 0x8314202f, 0xaf022105, 0x1a201184, 0x07200b85, 0x97205983, 
    0xd7201d84, 0xad201184, 0x47841d84, 0x840e0121, 0x84952011, 0x84d5201d, 0x84662005, 0x84ca2011, 0x849b2005, 0x84ee2005, 0x84d12005, 0x84662005, 
    0x846620c5, 0x832620c5, 0x1b0221f5, 0x00210583, 0x052550f8, 0x00211d83, 0x201d84f8, 0x2117838e, 0x23843e03, 0x0584da20, 0x11846e20, 0x0b844a20, 
    0x0584ed20, 0x05838320, 0x84570421, 0x8463200b, 0x05652205, 0x20f5821c, 0x206b8416, 0x20058492, 0x20058470, 0x27058393, 0xe005c501, 0xed010100, 
    0x02230583, 0x824b0603, 0x05b7220b, 0x200582ed, 0x200b847a, 0x220b84ae, 0x82d9062a, 0x83b92011, 0xc700290b, 0x0100ae06, 0xe306ca00, 0xcb200582, 
    0x11820586, 0x847e0221, 0x84bd2029, 0x84b52005, 0x84e42005, 0x84472005, 0x84922005, 0x06d6223b, 0x2047827b, 0x201184be, 0x210583ad, 0x0b845502, 
    0x05849a20, 0x0584b420, 0x05849720, 0x6583d720, 0x84c50121, 0x84cd2005, 0x83ce2005, 0x03022305, 0x41829b01, 0x3d01b722, 0x7a200582, 0xae200b84, 
    0x2a220b84, 0x11822902, 0x0b83b920, 0x01c70023, 0x229b82fe, 0x823302ca, 0x83cb2005, 0x7e02210b, 0xbd202384, 0xb5200584, 0xe4200584, 0x47200584, 
    0x92200584, 0xd6223584, 0x4182cb01, 0x1184be20, 0x0583ad20, 0x84550221, 0x849a200b, 0x84b42005, 0x84972005, 0x83d72005, 0xc5012153, 0xcd200584, 
    0xce200584, 0x88220584, 0x41822c03, 0x05848c20, 0x05847a20, 0x05849220, 0x05849320, 0xd2058822, 0x05841d83, 0x05839320, 0x83500521, 0x68052117, 
    0x7a201d84, 0x92201784, 0x07210583, 0x27118379, 0x02062f03, 0x9d060100, 0x06211183, 0x2205831c, 0x82053903, 0x840520d1, 0x84052011, 0x52052129, 
    0xad204784, 0x9f200584, 0xaa202984, 0xb3200b84, 0x04210583, 0x200b8462, 0x20058491, 0x2005848b, 0x20058490, 0x8505848e, 0x847d2083, 0x8495200b, 
    0x84712005, 0x84942005, 0x846f2005, 0x84892005, 0x84112005, 0x84a42005, 0x84962005, 0x848f2005, 0x84dc206b, 0x8472200b, 0x8441206b, 0x21e3840b, 
    0x0b848205, 0x05848720, 0x05848520, 0x20051749, 0x200b848a, 0x20058474, 0x2005848c, 0x27058368, 0x8a07c202, 0x83020100, 0x0f22e384, 0x0b824607, 
    0x05846b20, 0x17847f20, 0x23847f20, 0x11847720, 0x0585f820, 0x01271183, 0x00470713, 0x83990301, 0x10032111, 0x03212983, 0x20298410, 0x2023848c, 
    0x8205868b, 0x90022123, 0x96200b84, 0xfb200584, 0x6b840585, 0x3b84f120, 0x3584f120, 0x1784ba20, 0x0584b720, 0x05858420, 0x09202384, 0x01210b83, 
    0x222384c4, 0x8216062e, 0x852e209b, 0x5e04210b, 0xa0220b82, 0x05838c06, 0x82180521, 0x84462005, 0x8446200b, 0x845b200b, 0x845b2029, 0x835b2029, 
    0x98012629, 0x01008407, 0x21bf8400, 0x5984f900, 0x1d848020, 0x29846520, 0xd1849820, 0x0586ab20, 0x4d82d320, 0x0b842920, 0xdc061622, 0x3f200b82, 
    0x03214183, 0x20358446, 0x20778446, 0x203b8440, 0x200b8440, 0x200b842b, 0x200b842b, 0x204d8467, 0x06114667, 0x0021fb82, 0x204184f8, 0x20c5847f, 
    0x20d78413, 0x20f584ee, 0x200b84d7, 0x200b847a, 0x20058404, 0x20118410, 0x200584ca, 0x20058483, 0x201784c2, 0x203b8466, 0x201184c4, 0x20838458, 
    0x849b843e, 0x650221c5, 0x2f207d84, 0x51200584, 0xed200584, 0xaf200584, 0x3d203584, 0x8b202984, 0x23843584, 0x84d90121, 0x07462611, 0x03010084, 
    0x20298409, 0x201d84c0, 0x840b8404, 0x90022129, 0xab202384, 0x2920d184, 0x01270583, 0x00680516, 0x83f80001, 0x86022105, 0x79202984, 0xbc200584, 
    0x07250585, 0x0201008a, 0x220b84bd, 0x82cb03c5, 0x8467200b, 0x847f203b, 0x85792005, 0x16062105, 0x2c201782, 0x45204d84, 0x24202984, 0x5a201784, 
    0x03210583, 0x200b8414, 0x2047847c, 0x201d847c, 0x200b84ad, 0x200b848c, 0x200b8483, 0x200584d1, 0x2011847a, 0x20058496, 0x20b984b7, 0x211783d7, 
    0x11847603, 0x7607ee22, 0xd720d782, 0x02210583, 0x2005847a, 0x200584ca, 0x201784c2, 0x200b8466, 0x20dd84f1, 0x218f83f5, 0x7784f501, 0x9b855d20, 
    0x2f200584, 0xf9201784, 0xdd20a784, 0xcb849b84, 0x843e0321, 0x8451201d, 0x8558202f, 0x02062105, 0x3e206b82, 0x01210583, 0x230583f9, 0xd3055d02, 
    0x6520e382, 0x2f200b84, 0x51200584, 0xed200584, 0x2f200584, 0xc9203584, 0x7320a784, 0x2d200b84, 0x47205f84, 0x66200b84, 0x31200584, 0x6c200584, 
    0x39201784, 0xc2200b84, 0xba202f84, 0x1320b384, 0x794aef84, 0x846b2005, 0x8399200b, 0xed002305, 0x77820306, 0x2f843320, 0x05842320, 0x05846520, 
    0x18053a22, 0x9156a182, 0x06a42805, 0x01010027, 0x84620780, 0x82362005, 0x07a02205, 0x83058463, 0x84772011, 0x21f58447, 0x0b84e302, 0xef82f620, 
    0x6062022f, 0x00000400, 0x0666c271, 0x68007900, 0x20008b00, 0x200c861e, 0x8f07860a, 0x8f6e2006, 0x200f8810, 0xc1098878, 0xa5581808, 0x825d2011, 
    0x219b8754, 0x1f910000, 0x02911e82, 0x82bbff21, 0x82142013, 0xff002203, 0x230583d8, 0x52ff0000, 0x09816018, 0x85c6ff21, 0x25058513, 0x0000e2ff, 
    0x038298ff, 0x0382d220, 0x0984db20, 0x1c853d83, 0xff210586, 0x822584ce, 0x80ff2117, 0xff211285, 0x856384e9, 0x21058e0c, 0x1d82bbff, 0x1489c420, 
    0x5d82ff20, 0xec205b82, 0x09881189, 0x0c82dd83, 0x0c829b89, 0x8783029c, 0xff212083, 0xa35d1869, 0x8471851b, 0x837b8427, 0x41038b09, 0x00230715, 
    0x8ba3ff00, 0x230b9517, 0xefffafff, 0x0b1f5a18, 0x2f955d89, 0x74205582, 0x17971997, 0xff8cff25, 0x8aafff98, 0x8a3c201d, 0x200aa10b, 0x8c22871d, 
    0x20148743, 0x08b54100, 0x9f00e221, 0x06914100, 0xf18b268d, 0x2113f741, 0x2f89baff, 0x83b0ff21, 0xbbff210b, 0x09955e18, 0x19851d87, 0x05831d85, 
    0x1f830387, 0x83a6ff21, 0x93bd910d, 0x0000216d, 0x0f576f18, 0x83f5ff21, 0x9503873d, 0x831d8733, 0x209b8907, 0x0b5f1800, 0x208f8212, 0x0521421e, 
    0xffd8ff23, 0x242f8475, 0xff69ffaf, 0x20578252, 0x0dfb410b, 0x08716d18, 0x09857420, 0xff75ff23, 0x0d71188c, 0x833b830b, 0x2fff2a03, 0x00005eff, 
    0x000069ff, 0x85a984fe, 0x0595410d, 0xff21f387, 0x204386bb, 0x2209829c, 0x8324ff6f, 0x42038537, 0x058605e9, 0x47824620, 0x0382d820, 0x9341f620, 
    0x859b830c, 0x0000222c, 0x83088728, 0x0ab74207, 0x0f830a20, 0x13831d83, 0x82e0ff21, 0x061b4465, 0x04841784, 0x84e9ff21, 0x88142006, 0x881e2035, 
    0x06094409, 0xce205384, 0x03850583, 0x5d18ff20, 0xbb22116d, 0xa744e3ff, 0x8553931d, 0x5d00224d, 0x05b54400, 0x86108144, 0x2006c31f, 0xa644c397, 
    0x27af4543, 0xa6108941, 0x2026845f, 0x423d82ff, 0x5e20063b, 0x04d91084, 0xff21cf92, 0x206ece8c, 0x9b4fce82, 0x8ccf924e, 0xff20282e, 0x002000de, 
    0x83afff00, 0x82198405, 0x2207840d, 0x828cff00, 0x85142015, 0x8900200b, 0x82bb2015, 0x830d8511, 0x82112005, 0x1845200d, 0x21095b73, 0x35825eff, 
    0x2000e222, 0xaf202f8a, 0x24826182, 0x2d840289, 0x8914b546, 0x22638823, 0x8a5d0000, 0x850a820b, 0x0b934159, 0x200c0d45, 0x06d7440a, 0x1e007524, 
    0x2e83f6ff, 0xff210387, 0x200182bb, 0x080d45af, 0x84170549, 0x75ff212e, 0xaf452782, 0xff5e2505, 0x00a3ff80, 0x0c1d7718, 0x84095b47, 0x2004842c, 
    0x45cf82ff, 0x1a8411db, 0x4f8c0493, 0xc38b2083, 0x230d6f42, 0xb0ff63ff, 0x6924b982, 0x6fff0000, 0xfe216185, 0x829f83d4, 0xff282435, 0x18c6ff5e, 
    0x820bcf73, 0x4b781819, 0x80ff210c, 0x02822582, 0x4569ff21, 0x2320087b, 0x820c2d41, 0x2057821b, 0x8a068463, 0x75ff2204, 0x20cf83fe, 0x823f8746, 
    0x8aef2023, 0x820a841e, 0x849c2095, 0x20048d08, 0x820e8351, 0x0ca345a7, 0x03871383, 0xff60ff2c, 0xffc3ff8c, 0xff2fff52, 0xd583ff6a, 0xff24a382, 
    0x00f5fe69, 0x0f843182, 0x20071945, 0x833183e9, 0x05c148ad, 0xfff5fe23, 0x82c58280, 0xba00212d, 0xc3203d82, 0xff21c785, 0xcb79180c, 0x60ff2311, 
    0x3b83e8fe, 0x25830383, 0xff86ff24, 0x0c82ff75, 0xfff5fe23, 0x84fd9298, 0x2259826f, 0x8392ff8c, 0x21038331, 0x05872fff, 0x84050121, 0x06d74609, 
    0x005eff25, 0x839cff00, 0x44158405, 0xf747088b, 0x00002109, 0x2107b546, 0x7383d4fe, 0x03932783, 0x8706ff21, 0x56ff2115, 0x418b0983, 0x039f0f83, 
    0xa146ff20, 0x0000210a, 0x890f0341, 0x47478b5d, 0x18860c4f, 0x86076d4a, 0x42069e0e, 0x49982ae1, 0x2498858b, 0xe34118bc, 0x214e9311, 0x641869ff, 
    0x354b1b85, 0x414d8d09, 0xcfa5112f, 0x3f43ff20, 0x21934b0c, 0xcd939b9b, 0xf34313c9, 0xa153c909, 0x0d654149, 0xff212f83, 0x0903415e, 0x200b7d4b, 
    0x21008400, 0xcf4d98ff, 0x096f4305, 0x04821684, 0x82215b41, 0x4a029c24, 0x239c0623, 0xff211c93, 0x421589d2, 0xfd4a0915, 0x893b2008, 0x11334299, 
    0x0075ff23, 0x05034100, 0x89757f41, 0x4709a9b9, 0xef4a095f, 0x4d4e831a, 0x18831471, 0xfb4e0399, 0x8935991b, 0x0dfb4719, 0x099b1789, 0x9a0d7747, 
    0x1c534929, 0x9955bf41, 0x1191449b, 0x5343b987, 0xad198711, 0xad619907, 0x992d8b47, 0x416d899b, 0xff210dc3, 0x8f3f8bcf, 0x0c634a0b, 0xb11e6f42, 
    0x8f5d8ccf, 0x220f9e7a, 0x4300afff, 0x078506d9, 0x250b4347, 0x200023ff, 0x7951bbff, 0x0e174e0c, 0x8280ff21, 0x89ae205e, 0x900d8241, 0x17954702, 
    0x510cef47, 0xff211217, 0x12b74338, 0x8e05bf49, 0x48728f85, 0x518f41ef, 0x65450fd3, 0x45659311, 0x1f8d0bb5, 0x468cff21, 0x5183414b, 0x57856191, 
    0x41839fa5, 0x0f440391, 0x10594c18, 0x29423b8b, 0x001e220a, 0xa9198bdc, 0x44b5950b, 0x9d432af5, 0x0feb421e, 0x82c6ff21, 0x83ba2011, 0x22f38f9f, 
    0x82ffafff, 0x98ff2117, 0x540c3f43, 0x414816ed, 0x85518311, 0x0b2d5603, 0x27412785, 0x0ca94305, 0x5600f221, 0xd8200969, 0x79830b82, 0xecff6022, 
    0x20100b4e, 0x4d538651, 0x13850c87, 0x5b4d05c8, 0xc83a2007, 0x86489951, 0x852099cf, 0x10074119, 0x05861685, 0x860dbd54, 0x20068914, 0x893d9d45, 
    0x2309e728, 0x0000c6ff, 0x4f07b543, 0x0024066b, 0x3bffbbff, 0x11937918, 0x20081f55, 0x589b8d75, 0x4d820d81, 0x46ffb022, 0x3b200582, 0x52200382, 
    0xfe212983, 0x830d85f5, 0x4f03870b, 0x4c2408ad, 0x5bffa3ff, 0x840c6345, 0xdefe215d, 0x9b8a3984, 0x03850f83, 0x850b0550, 0x47058d11, 0x6382116f, 
    0x4408e545, 0x534611e7, 0x40558d17, 0x99448d0d, 0x85a34015, 0x23469b9f, 0x57d22012, 0x3f4309c3, 0x202f8c11, 0xc20d8c45, 0x894fa1f0, 0x426e939b, 
    0x1545116d, 0x1eef482c, 0x05914b85, 0x5f437597, 0x0c335108, 0xcb4b1586, 0x2123831c, 0x0584c4ff, 0xbaffbb22, 0x09277018, 0x82d2ff21, 0x00142213, 
    0x0fe54300, 0x82093544, 0x2002851f, 0x2006821e, 0x469983d1, 0xff2305bd, 0x8280ff46, 0x82b02025, 0x23028815, 0x6affc4ff, 0x08840c88, 0xff80ff22, 
    0x8409a954, 0x21049d11, 0x1f88baff, 0x91125d47, 0x8c2d88a5, 0x1af34308, 0x8c260546, 0x840cc74e, 0x879b9a7b, 0x97df5e67, 0x07859f87, 0x50216f42, 
    0x41550745, 0x80ff2210, 0x421b82ff, 0x66851fe5, 0x4b8c058e, 0xaa17dd43, 0x834f8c59, 0x19ff496b, 0x84dbff21, 0x0e1f471f, 0x03581384, 0x20859314, 
    0x523d82ff, 0xff21050d, 0x0f054a5e, 0x85000021, 0x8d518361, 0x8d499303, 0x450d9921, 0xff2319af, 0x82baff98, 0x528c2073, 0xff210979, 0x08054856, 
    0x0941d182, 0x05db550b, 0x55846589, 0x3d863220, 0x17833b20, 0x8b23ff21, 0x2011832f, 0x7d911800, 0xffbb2213, 0x85358524, 0x21059321, 0x0544baff, 
    0x4320890a, 0xff2020b9, 0xbb22b383, 0x778974ff, 0x4806ff21, 0x1b84070f, 0x20064358, 0x82008200, 0x07d74a19, 0x0f841e20, 0xae241b85, 0xbbff74ff, 
    0x21058148, 0x894818ff, 0x98ff2311, 0x2d83fcfe, 0xab4b0383, 0xbbff2305, 0xcf9ccafe, 0x27831e20, 0x35832b85, 0xcf90038a, 0xff9cff22, 0x470c8758, 
    0x3f55052b, 0x11e74815, 0x0a8a598a, 0x71443d83, 0xdefe2105, 0x8b5fcf92, 0x2036850c, 0x57975cff, 0x5f827820, 0x63053344, 0x16820dcd, 0x82ba0021, 
    0x82822004, 0x83028303, 0x05954327, 0xae201585, 0x03851483, 0x85540121, 0x1b454107, 0x0a931b8a, 0x830f5546, 0x0bc9445d, 0x68219b89, 0x46918500, 
    0x97460591, 0x83af8709, 0x41039607, 0x6f965843, 0x9bb316ab, 0x431b7f44, 0x8dab11f5, 0xab622bdf, 0x5c658d05, 0x158d0741, 0xff250de3, 0xff0000c9, 
    0x420382cc, 0x7aa00d4d, 0x87e3ff21, 0x17ef6222, 0x0b201f82, 0x02920382, 0xef62ff20, 0x8321920d, 0x16654412, 0x5626fb4f, 0x73460fe3, 0x1b3d420d, 
    0x03bf7b83, 0x9f865fdf, 0x8610af45, 0x5006b317, 0x97b363ef, 0xbb4f3390, 0x05614105, 0x2107d541, 0x494623ff, 0x5d388911, 0x194409c1, 0x05654712, 
    0x008a0020, 0x8a110b46, 0x420aa71c, 0x35970d6f, 0xffafff27, 0xff0000c4, 0x20038246, 0x42d183ce, 0x21912137, 0xaf203d84, 0xff216183, 0x158a180c, 
    0x13db4b11, 0x8311e549, 0x4d038b3d, 0x118b0597, 0x45200b84, 0x81910583, 0x038b1583, 0x8925cf67, 0x8951a131, 0x0900102b, 0x82183501, 0xff6a0735, 
    0x06ad4f08, 0x410b1b54, 0xb96716f3, 0x0a095715, 0xffceff23, 0x833b89c4, 0x4a0d8761, 0x4d610563, 0x1227500e, 0x37842783, 0x6c83ec20, 0x11832f8d, 
    0x5d5a0389, 0x08a76c17, 0x2b85c620, 0x18a3fe21, 0x4f09b987, 0x1b8311a1, 0x50d2ff21, 0x3d851361, 0xff250585, 0xff00008c, 0x200b866f, 0x213343c6, 
    0x00212985, 0x55798900, 0x218f17bd, 0x05832785, 0xff80ff2d, 0xfe8cffd5, 0xff1d00e8, 0x82afff8c, 0x001d2411, 0x4463ff00, 0x118f11b5, 0x39820f8f, 
    0xff210284, 0x44199100, 0x1f910d99, 0x00900020, 0x4421d94b, 0x57851165, 0x4905af41, 0x849033df, 0xfe201084, 0xa112fd47, 0xc43a849d, 0x05a94404, 
    0xa7159948, 0x913d8b60, 0x6d0b4549, 0x20064b47, 0x58bb8b3b, 0xfe213b2f, 0x12c557d2, 0x20116147, 0x4600d700, 0xfd6c0579, 0x0000210b, 0xd7173344, 
    0x4157ef83, 0x955223af, 0x0df94305, 0x2141a789, 0x6d874213, 0x89317f4c, 0x200990bd, 0xbe119032, 0x14fb5110, 0x2f73538a, 0x8c488a3d, 0x3d81410a, 
    0x5014df51, 0x6f8c0f69, 0xff210c87, 0x49af45e9, 0xbd13954b, 0xa5a587d7, 0x346d6607, 0x4179094d, 0x7f46209f, 0x0b394143, 0x8b117f46, 0x850b401d, 
    0x4023df44, 0x858785a9, 0x87235349, 0x9d07402b, 0xff74ff23, 0x23a18388, 0x88ffc4ff, 0x03870983, 0x03951383, 0x00212f85, 0x4c299900, 0xa7510d67, 
    0x8f55950f, 0x83658715, 0x204f8d17, 0x83798400, 0x4c039c17, 0x27830abf, 0x530c2170, 0x4b451009, 0xfa368314, 0x05154303, 0xfa61cf67, 0x757ab5e2, 
    0xc893929f, 0x5c284f4e, 0x5d9320d3, 0x21a31340, 0xa5e4f1ff, 0x65a12620, 0x621d6146, 0x518c111f, 0x8cd89f41, 0x200cb3e5, 0x9f34b307, 0x13ab4c33, 
    0x1f40339f, 0x11014b8f, 0x4d80ff21, 0xbb40179b, 0x898f938f, 0x08ab5fcf, 0x5dfe4621, 0xe96908c7, 0x83bb200c, 0x80ff233f, 0xed560000, 0x23054505, 
    0x83112d41, 0x52039743, 0x459f170d, 0x20767f41, 0xdfc7972e, 0x11295817, 0x41187189, 0x3b65094f, 0xcf23890f, 0x1f9f4109, 0x4ffd6fcf, 0x4594c544, 
    0xff2742af, 0xff0000c6, 0x826ffff5, 0x41e92005, 0xff200761, 0xa1770982, 0xf2ff210b, 0x07a11987, 0xa1077f57, 0x2521d529, 0xd8ff7eff, 0x61630000, 
    0x64d38309, 0x13830f77, 0x52a70340, 0x3c2008c9, 0x074db186, 0xba15860e, 0x1f2b5306, 0x9b875aa2, 0x22cb2aa2, 0x8ce6ff21, 0x240d434d, 0x8ccbff21, 
    0x840c9233, 0x8a142021, 0x8a362018, 0x8b0a850b, 0x4111841d, 0x45183d43, 0x4c84090f, 0x20970440, 0x97984050, 0x9be09782, 0x4605a548, 0x7549c9f3, 
    0xfe002017, 0xef491800, 0x20c4f845, 0x089f6845, 0x028e0882, 0x0f825120, 0x4e07ff63, 0x0d9b0d83, 0xc9613482, 0x853d8308, 0x0074232b, 0x4b6400b4, 
    0x0ecd5d0a, 0x22005d22, 0x048b3384, 0x00223785, 0x148b8b00, 0x005d0022, 0x4b851785, 0x8c0dcd56, 0x57f9420d, 0xc5437955, 0x5bbf7d9b, 0xd20c7341, 
    0x46ff210c, 0x1d814918, 0xff2172a9, 0x402ba918, 0x2b48df29, 0x19014121, 0x99175570, 0x2119a131, 0x23a1e1ff, 0xff212187, 0x200985ac, 0x5da718ff, 
    0x4ce99324, 0xcb8209f1, 0x8510f148, 0x44058d5d, 0x1c8d0e85, 0xc75a0d8e, 0x11b75c05, 0xa21d0f44, 0x0cb54461, 0x0e84748e, 0x41132d44, 0xff2011ad, 
    0x842a6f76, 0xd2044056, 0x202c6f42, 0x050041c3, 0x851d0977, 0x2105c323, 0xff518cff, 0x54834c0e, 0xc3090343, 0x6e4389b3, 0x1d891351, 0x43a50940, 
    0xc8aa228b, 0x73878f4a, 0xceaa1b2f, 0x4f612a88, 0xe21c8813, 0x0f521808, 0x187e981b, 0x912a0f52, 0x135f4543, 0x11962591, 0x9620bd45, 0x4616c837, 
    0x899a407f, 0x8d0d1941, 0xa8369a0d, 0x0e3b631a, 0x38821520, 0x06820383, 0xf9470299, 0x852d990c, 0x8b058b19, 0x00152352, 0x3b99000b, 0x4c182984, 
    0x3a84355f, 0xff2704fc, 0x0098ff98, 0x1823ff00, 0x210b3958, 0x7b46afff, 0x8fa1820e, 0x600f8a11, 0x0f440c9d, 0x58ff2013, 0x498f0c53, 0x028c5c82, 
    0x82deff21, 0x8ce0208b, 0x770ca512, 0x2ba5050f, 0xc14225a4, 0xa4119111, 0x4224a448, 0x31a20ca9, 0x791b9353, 0x4ca20d23, 0x421822e2, 0x736f0ce1, 
    0x4482b512, 0x53b51dcf, 0xcf74358a, 0x95568a4b, 0xf8ff210a, 0x0f20178c, 0x0c8e0d8c, 0x56083f71, 0x1a200b23, 0x0e88248e, 0x88dfff21, 0x0000220a, 
    0x200b850d, 0x3dbf18ff, 0x4c1d8208, 0x378524ff, 0x054305dd, 0x8d8ddd2f, 0xe7ff215d, 0x0d400f8d, 0x2bff4cbf, 0x314ceb87, 0xd2ff2121, 0x89422b82, 
    0x211b8218, 0x1d8a0000, 0x840f2b67, 0xe104cc1f, 0x8aaecc61, 0xebff214c, 0x0af30c8a, 0x9b000226, 0x97000200, 0xa1387a82, 0x9600c800, 0xea00ca00, 
    0x0a01be00, 0xdf00d401, 0x5502d601, 0x5702aa01, 0x2a220182, 0x01825902, 0x5b022b3c, 0x2c026302, 0x85026602, 0x87023502, 0x55028902, 0x8d028b02, 
    0x8f025802, 0x1b829b02, 0x029e3208, 0x026802cd, 0x02d702cf, 0x02d90298, 0x02a102f3, 0x02fc02f5, 0x03fe02bc, 0x03c40207, 0x020a0309, 0x030c03ce, 
    0x03d00214, 0x02480316, 0x034a03d9, 0x3a0f8264, 0x03770367, 0x03790327, 0x0338037b, 0x03b4037d, 0x03d4033b, 0x037303d9, 0x82f803db, 0xfc2d0a15, 
    0x97030804, 0x0e040a04, 0x1004a403, 0xa9031004, 0x30042b04, 0x3204aa03, 0xb0033b04, 0x3d043d04, 0x4004ba03, 0xbb034a04, 0x4e044d04, 0x5204c603, 
    0xc8037304, 0x75047504, 0x9c04ea03, 0xeb039c04, 0x9e049e04, 0xa104ec03, 0xed03a604, 0xb304a804, 0xb504f303, 0xff03e404, 0x1405e604, 0x16052f04, 
    0x5e041a05, 0x1e051c05, 0x27056304, 0x66042705, 0x31052f05, 0x34056704, 0x6a043405, 0x38053805, 0x3b056b04, 0x6c043e05, 0x41054105, 0x46057004, 
    0x71044905, 0x4b054b05, 0x4d057504, 0x76044e05, 0x6a056a05, 0x6c057804, 0x79046c05, 0x6e056e05, 0x71057a04, 0x7b047105, 0x8d058205, 0x97057c04, 
    0x88049705, 0x9d059a05, 0x9f058904, 0x8d049f05, 0xa305a305, 0xa5058e04, 0x8f04a605, 0xa805a805, 0xaa059104, 0x9204aa05, 0xb005af05, 0xb2059304, 
    0x9504b305, 0xbd05b805, 0xbf059704, 0x9d04bf05, 0xc405c305, 0xca059e04, 0xa004d105, 0xd605d605, 0xdd05a804, 0xa904df05, 0xe105e105, 0xe405ac04, 
    0xad04e605, 0xeb05e805, 0xee05b004, 0xb404f805, 0x0506fb05, 0x0806bf04, 0xca040e06, 0x11061006, 0x1706d104, 0xd3041d06, 0x2c062806, 0x2f06da04, 
    0xdf043206, 0x36063506, 0x3806e304, 0xe5043806, 0x40063a06, 0x4306e604, 0xed044406, 0x4d064d06, 0x5106ef04, 0xf0045106, 0x53065306, 0x5506f104, 
    0xf2047c06, 0x83067f06, 0x86061a05, 0x1f058806, 0xb006b006, 0x08072205, 0x23050c07, 0x24072007, 0x35072805, 0x2d053507, 0x39073907, 0x3c072e05, 
    0x2f054307, 0x58075707, 0x5e073705, 0x39055e07, 0xea07ea07, 0xec073a05, 0x3b05f807, 0x0008fa07, 0x03084805, 0x4f054808, 0x9f084e08, 0xa1089505, 
    0xe705a508, 0xb208af08, 0xb408ec05, 0xf005b508, 0xbb08bb08, 0xbe08f205, 0xf305c208, 0xc908c408, 0xcb08f805, 0xfe05d108, 0xd508d308, 0xeb080506, 
    0x0806ec08, 0x00090009, 0x02090a06, 0x0b060e09, 0x17091009, 0x1c091806, 0x20061c09, 0x08018209, 0x092106ed, 0x06290929, 0x09360922, 0x09230636, 
    0x06400940, 0x09450924, 0x09250645, 0x06470947, 0x09520926, 0x09270654, 0x065b095b, 0x095e092a, 0x092b065e, 0x0670096f, 0x0972092c, 0x092e0672, 
    0x0685097d, 0x0987092f, 0x0938068c, 0x068f098f, 0x0991093e, 0x093f0691, 0x06970993, 0x09990940, 0x0945069a, 0x069e099d, 0x09a30947, 0x094906a3, 
    0x06ab09a5, 0x09ad094a, 0x095106ae, 0x06b409b4, 0x09b60953, 0x095406ba, 0x06be09bc, 0x09c10959, 0x095c06cb, 0x06d109d1, 0x09d60967, 0x096806d6, 
    0x06f409e9, 0x09f80969, 0x0a7506f8, 0x06170a17, 0x0a280a76, 0x0a770629, 0x06340a33, 0x0b400b79, 0x0b7b0640, 0x064a0b4a, 0x0b4c0b7c, 0x0b7d064c, 
    0x06530b52, 0x0102007e, 0x000200f4, 0x00050040, 0x00480041, 0x00490001, 0x00040053, 0x82790054, 0x007b220b, 0x2205827b, 0x82890084, 0x008a2605, 
    0x001c008a, 0x2401828b, 0x008d0001, 0x22238297, 0x82c600a1, 0x00c72817, 0x001700c8, 0x82cc00ca, 0x00cd220b, 0x220b82d0, 0x82d300d1, 0x00d4220b, 
    0x220b82d5, 0x82d900d6, 0x00db220b, 0x220b82db, 0x82e500e4, 0x00e82205, 0x221182e8, 0x82e900e9, 0x00ea2e0b, 0x010100ea, 0x000e010a, 0x010f012a, 
    0x280b8214, 0x00150115, 0x0116010f, 0x280b8235, 0x00360136, 0x0137011c, 0x280b8240, 0x00760141, 0x01770104, 0x220b827d, 0x827f017e, 0x01802e0b, 
    0x01010089, 0x008b018a, 0x018c0115, 0x280b828c, 0x0099018d, 0x019a0113, 0x220b829a, 0x82a3019b, 0x01a52247, 0x080582a7, 0xc701a820, 0xc8010900, 
    0x1d00ca01, 0xd101cb01, 0xd2012200, 0x1400d701, 0xe601d801, 0xeb010e00, 0x0582ec01, 0xef01ef22, 0xf0340582, 0x1a00fa01, 0x1a02fb01, 0x1b020700, 
    0x03001b02, 0x22021c02, 0x232e0b82, 0x02004102, 0x42024202, 0x44020100, 0x05824902, 0x64024a22, 0x65281182, 0x33006502, 0x85026602, 0x87280b82, 
    0x2c008702, 0x88028802, 0x89221d82, 0x0b828902, 0x8d028a22, 0x8f220b82, 0x05828f02, 0x91029022, 0x92221182, 0x29829b02, 0xa4029e22, 0xa52e1182, 
    0x0800a502, 0xa702a602, 0xa8020600, 0x1182b002, 0xb302b12e, 0xb4021100, 0x2300b602, 0xb802b702, 0xb9220b82, 0x1d82b902, 0xbc02ba22, 0xbd220b82, 
    0x1782be02, 0xc102bf22, 0xc2280b82, 0x5900c202, 0xc302c302, 0xc4221182, 0x1182c602, 0xc802c728, 0xc9021c00, 0x2f82ca02, 0xcb02cb22, 0xcc221182, 
    0x1d82cc02, 0xcd02cd22, 0xcf220b82, 0x1d82cf02, 0xd502d222, 0xd6220582, 0x6b82d702, 0xdd02d922, 0xde280582, 0x1f00de02, 0xe402df02, 0xe5220b82, 
    0x3b82e502, 0xef02e622, 0xf0220b82, 0x0b82f302, 0xfc02f422, 0xfe2e0b82, 0x0300ff02, 0x01030003, 0x02030800, 0x0b820903, 0x0a030a28, 0x0b031c00, 
    0x0b821403, 0x4a031628, 0x4b030200, 0x0b824c03, 0x4d034d28, 0x4e030100, 0x0b825003, 0x52035122, 0x53221782, 0x0b825603, 0x59035928, 0x5a030600, 
    0x0b826403, 0x75036728, 0x76030c00, 0x29827703, 0x7b037922, 0x7d221782, 0x05828803, 0x92038922, 0x93221182, 0x65829603, 0x97039728, 0x98035c00, 
    0x0b82b303, 0xb403b422, 0xd42e3582, 0x0a00d403, 0xd503d503, 0xd6030500, 0x0b82d703, 0xd903d828, 0xdb032100, 0x0582e003, 0xe403e128, 0xe5031f00, 
    0x1782f703, 0xf803f822, 0xfc222382, 0x0b82fd03, 0x0804fe3a, 0x09041b00, 0x01000a04, 0x0b040b04, 0x0c042400, 0x04000c04, 0x0e040e04, 0x10221182, 
    0x0b821004, 0x1204122e, 0x2b044a00, 0x1d002b04, 0x2d042c04, 0x2f341782, 0x34002f04, 0x30043004, 0x32041400, 0x4b003204, 0x35043304, 0x36221782, 
    0x17823604, 0x37043722, 0x38223582, 0x11823804, 0x39043922, 0x3a223582, 0x11823a04, 0x3b043b22, 0x3c281182, 0x0f003c04, 0x40044004, 0x41220b82, 
    0x0b824104, 0x43044222, 0x44220b82, 0x0b824404, 0x46044522, 0x47220b82, 0x47824704, 0x48044822, 0x49220b82, 0x3b824904, 0x4a044a22, 0x4c220b82, 
    0x05824d04, 0x4e044e22, 0x53221182, 0x59825304, 0x54045422, 0x26083582, 0x006f0455, 0x04700402, 0x04030070, 0x00710471, 0x04720457, 0x043b0072, 
    0x00730473, 0x0474040c, 0x041e0074, 0x82750475, 0x0476220b, 0x280b8280, 0x00810481, 0x04820467, 0x282f8299, 0x009c049c, 0x049e0416, 0x2205829e, 
    0x82a604a1, 0x04a82205, 0x2e0582ac, 0x00ad04ad, 0x04af0441, 0x040600af, 0x82b304b0, 0x04b42229, 0x225382b4, 0x82b504b5, 0x04b6226b, 0x221782b6, 
    0x82c804b7, 0x04c92217, 0x3a1182ca, 0x00cb04cb, 0x04cc045e, 0x040d00e3, 0x00e404e4, 0x04e5040a, 0x044d00e5, 0x82e804e6, 0x04e92223, 0x2e2f82e9, 
    0x00ea04ea, 0x04eb042b, 0x041f00ec, 0x82ed04ed, 0x04ee2235, 0x221d82f3, 0x82f404f4, 0x04f5221d, 0x3a1d82f7, 0x00ff04f8, 0x05000503, 0x05060000, 
    0x00010501, 0x05020502, 0x051f0003, 0x82040504, 0x05053417, 0x05080005, 0x00060506, 0x0507054f, 0x05070008, 0x820b0509, 0x050c2217, 0x282f820c, 
    0x000d050d, 0x050e0511, 0x280b820f, 0x00100510, 0x0511052b, 0x221d8211, 0x82120512, 0x05132247, 0x280b8213, 0x00140514, 0x0515050c, 0x220b8216, 
    0x82180517, 0x05192217, 0x082f821b, 0x1c051c20, 0x1d050a00, 0x50001d05, 0x1e051e05, 0x27053300, 0x15002705, 0x31052f05, 0x38052500, 0x0b823805, 
    0x3c053b22, 0x3d3a0582, 0x39003d05, 0x3e053e05, 0x41054400, 0x47004105, 0x42054205, 0x45053c00, 0x17824505, 0x4605462e, 0x47056000, 0x51004705, 
    0x49054905, 0x4a221182, 0x29824a05, 0x4b054b22, 0x4c222982, 0x29824c05, 0x4d054d34, 0x4e056200, 0x43004e05, 0x6b056b05, 0x6d052700, 0x05826d05, 
    0x6f056f22, 0x712e0582, 0x10007105, 0x85058205, 0x86051200, 0x0b828705, 0x88058828, 0x89051900, 0x0b828905, 0x8b058a22, 0x8c221782, 0x0b828c05, 
    0x8d058d22, 0x922e1782, 0x54009205, 0x97059705, 0x9b053800, 0x05829b05, 0x9e059e28, 0xa1053600, 0x0582a105, 0xa405a422, 0xa5220582, 0xc582a505, 
    0xa705a722, 0xa9225f82, 0x0582a905, 0xab05ab22, 0xaf280582, 0x6300af05, 0xb005b005, 0xb228d782, 0x4c00b205, 0xb305b305, 0xb8225982, 0x5982bc05, 
    0xbd05bd28, 0xbf054e00, 0x1182bf05, 0xc405c322, 0xca341182, 0x3200ca05, 0xcb05cb05, 0xcc052d00, 0x2e00cd05, 0xce05ce05, 0xcf221182, 0x1182cf05, 
    0xd105d028, 0xd6052900, 0x0b82d605, 0xdf05dd2e, 0xe1052600, 0x2000e405, 0xe505e505, 0xe6224182, 0x2f82e605, 0xe805e82e, 0xe9053f00, 0x4000e905, 
    0xea05ea05, 0xeb220b82, 0x0b82eb05, 0xf105ee22, 0xf222d782, 0x2982f305, 0xf405f428, 0xf5051900, 0x0b82f505, 0xf705f622, 0xf8221782, 0x0b82f805, 
    0xfe05fb22, 0xff2e0b82, 0x10000006, 0x01060106, 0x02061900, 0x0b820206, 0x04060328, 0x05061200, 0x0b820606, 0x0906082e, 0x0a063700, 0x35000b06, 
    0x0c060c06, 0x0d2e2382, 0x45000d06, 0x0e060e06, 0x10062500, 0x0b821006, 0x11061122, 0x17222382, 0x23821706, 0x06182c08, 0x0630001b, 0x001c061c, 
    0x061d0643, 0x0615001d, 0x00230623, 0x0628065a, 0x062f0028, 0x002b0629, 0x062c0628, 0x0655002c, 0x822d062d, 0x062e220b, 0x2e17822e, 0x002f062f, 
    0x06300658, 0x065b0030, 0x82320631, 0x06332811, 0x06310034, 0x82350635, 0x06362223, 0x220b8236, 0x82370637, 0x0638220b, 0x080b8238, 0x39063920, 
    0x3a065f00, 0x64003a06, 0x3c063c06, 0x3d064800, 0x65003d06, 0x3e063e06, 0x3f066600, 0x11823f06, 0x4906482e, 0x52063e00, 0x3a005206, 0x54065406, 
    0x20080582, 0x00560655, 0x06570642, 0x06530057, 0x00710659, 0x0672060b, 0x06180077, 0x007a0679, 0x067c063d, 0x280b827c, 0x007e067e, 0x067f0661, 
    0x220b8283, 0x82880686, 0x89260805, 0x56008906, 0xb006b006, 0x01075200, 0x15000107, 0x0f070d07, 0x10071000, 0x12001107, 0x35073507, 0x39072400, 
    0x05823907, 0x3c073c22, 0x3d280582, 0x25003e07, 0x43073f07, 0x57282982, 0x5d005707, 0x5e075e07, 0xea340b82, 0x0400ea07, 0xef07ec07, 0xf0070100, 
    0x1300f007, 0xf307f107, 0xf4340b82, 0x0300f507, 0xf607f607, 0xf7070c00, 0x0600f707, 0xf807f807, 0x3e081782, 0x00fa07fa, 0x07fb0726, 0x072000fc, 
    0x00fd07fd, 0x07fe0732, 0x072d00fe, 0x00ff07ff, 0x08000832, 0x082d0000, 0x00040803, 0x08050829, 0x0805000a, 0x000c080b, 0x080d0801, 0x0804000d, 
    0x8214080e, 0x0815220b, 0x220b8215, 0x82180816, 0x0819280b, 0x0817001a, 0x8223081b, 0x0824220b, 0x2217822a, 0x822e082b, 0x2f38080b, 0x13003208, 
    0x34083308, 0x35080f00, 0x09003d08, 0x3e083e08, 0x3f081d00, 0x22004108, 0x43084208, 0x44081400, 0x0e004608, 0x48084708, 0x4e081a00, 0x07005308, 
    0x55085408, 0x562e3b82, 0x02005c08, 0x5d085d08, 0x5e082c00, 0x0b825e08, 0x61085f22, 0x622e1782, 0x11006208, 0x64086308, 0x65082300, 0x0b826608, 
    0x6708672e, 0x68081c00, 0x06006808, 0x6c086908, 0x6d282382, 0x03007008, 0x77087108, 0x78223582, 0x0b827b08, 0x80087c28, 0x81080c00, 0x23828308, 
    0x8c08843a, 0x8d080800, 0x0a008d08, 0x90088e08, 0x91082100, 0x1f009208, 0x95089308, 0x96281182, 0x1b009708, 0x9d089808, 0x9e223b82, 0x5f829e08, 
    0xa5089f22, 0xaf225382, 0x0582af08, 0xb008b022, 0xb122e982, 0xe382b108, 0xb208b222, 0xb422bf82, 0x1782b408, 0xb508b522, 0xbb221182, 0x3582bb08, 
    0xbe08be22, 0xbf227182, 0x0b82c008, 0xc208c222, 0xc4280b82, 0x1600c408, 0xc608c508, 0xc7220b82, 0x0b82c808, 0xc908c922, 0xcb220b82, 0x0582cb08, 
    0xcc08cc34, 0xcd082e00, 0x2600ce08, 0xd008cf08, 0xd1082000, 0x0b82d108, 0xd308d32e, 0xd4083800, 0x1000d408, 0xd508d508, 0xd7221782, 0x0582d708, 
    0xec08ec2e, 0x00090100, 0x04000009, 0x05090209, 0x06280b82, 0x13000609, 0x09090709, 0x0a340b82, 0x03000b09, 0x0c090c09, 0x0d090c00, 0x06000d09, 
    0x0e090e09, 0x102e1782, 0x29001109, 0x13091309, 0x15094600, 0x05821509, 0x1c091c2e, 0x29094900, 0x0f002909, 0x36093609, 0x3d2e2382, 0x1c003d09, 
    0x41094009, 0x42090200, 0x3b824309, 0x47094722, 0x52221782, 0x53825209, 0x53095328, 0x54094100, 0x11825409, 0x5b095b22, 0x5e221d82, 0x05825e09, 
    0x6f096f28, 0x70090500, 0x23827009, 0x72097222, 0x7d221182, 0x23827e09, 0x83098122, 0x84220582, 0xa7828409, 0x85098522, 0x87286582, 0x14008709, 
    0x88098809, 0x8a221782, 0x05828a09, 0x8b098b22, 0x8c223b82, 0x0b828c09, 0x8f098e22, 0x91280582, 0x1d009109, 0x92099209, 0x94223582, 0x05829409, 
    0x95099522, 0x96283b82, 0x0e009709, 0x99099909, 0x9a222382, 0x47829a09, 0x9d099d22, 0x9e221d82, 0x0b829e09, 0xa309a322, 0xa6220582, 0x8382a709, 
    0xa809a822, 0xa9228382, 0x0b82ab09, 0xad09ad22, 0xae220582, 0x6582ae09, 0xb409b428, 0xb6090a00, 0xdd82b609, 0xb709b722, 0xb8222382, 0x1182b909, 
    0xbe09bd22, 0xc1221182, 0x2982c209, 0xc509c322, 0xc7220b82, 0x0b82c709, 0xc809c828, 0xc9091f00, 0x1182c909, 0xcb09ca22, 0xd1227782, 0x2f82d109, 
    0xd609d522, 0xdd221d82, 0x1782dd09, 0xec09e922, 0xed221782, 0xb382f009, 0xf109f122, 0xf2220b82, 0x8982f409, 0x09f85208, 0x0a0100f8, 0x00170a17, 
    0x0a280a20, 0x0a240029, 0x00340a33, 0x0b400b19, 0x0b240040, 0x004a0b4a, 0x0b4c0b33, 0x0b08004c, 0x00520b52, 0x0b530b15, 0x00010053, 0x001c0202, 
    0x003c0002, 0x003d0005, 0x00070040, 0x00480041, 0x00490015, 0x001e0051, 0x22018252, 0x82530004, 0x001e3001, 0x005c0054, 0x005d0004, 0x0016005e, 
    0x8279005f, 0x007b2229, 0x2c058288, 0x008b0089, 0x008d0034, 0x00220096, 0x28018297, 0x00ab0017, 0x000600ac, 0x220182ad, 0x82ae000d, 0x00032a01, 
    0x00c800c7, 0x00cd001d, 0x220582d0, 0x82d500d4, 0x00db2205, 0x220582db, 0x82e500e4, 0xe9200805, 0x1d00e900, 0x0e010a01, 0x0f010800, 0x18001801, 
    0x22011901, 0x23011f00, 0x09002301, 0x40014001, 0x412e0582, 0x04004401, 0x45014501, 0x46015900, 0x0b827501, 0x7601762e, 0x77010700, 0x2b007d01, 
    0x7e017e01, 0x7f341182, 0x25007f01, 0x89018001, 0x8a011700, 0x48008b01, 0x8c018c01, 0x8d2e0b82, 0x14009801, 0x99019901, 0x9a011500, 0x0b829a01, 
    0xa7019b28, 0xa8010d00, 0x7182a801, 0xa901a928, 0xaa015a00, 0x0b82c101, 0xc601c228, 0xc7013100, 0x0b82c701, 0xca01c834, 0xcb012a00, 0x2900d101, 
    0xd401d201, 0xd6011c00, 0x0582d701, 0xef01d83a, 0xf0010c00, 0x2300fa01, 0x1a02fb01, 0x1b020200, 0x2d001b02, 0x1e021c02, 0x1f220b82, 0x0b822202, 
    0x2c022328, 0x2e020300, 0x05822f02, 0x41023122, 0x423a0582, 0x01005402, 0x57025702, 0x5b022500, 0x5e005b02, 0x63026102, 0x66021600, 0x17828502, 
    0x89028728, 0x8b022400, 0x05828b02, 0x8c028c22, 0x8d284782, 0x46008d02, 0x8f028f02, 0x90220582, 0x17829002, 0x91029122, 0x92281782, 0x21009202, 
    0x93029302, 0x94221182, 0x0b829b02, 0xa3029e22, 0xa4221782, 0x6582a402, 0xa602a522, 0xa7221182, 0x6582a702, 0xb002a822, 0xb12e1782, 0x0900b302, 
    0xb602b402, 0xb7022c00, 0x0b82b802, 0x24090f4c, 0x02bd0209, 0x221782be, 0x82c202bf, 0x02c32217, 0x220b82c3, 0x82c702c4, 0x4cc8200b, 0x09240803, 
    0xcc02cc02, 0xcd221782, 0x1782cd02, 0xd602cf22, 0xd7280582, 0x1a00d702, 0xdd02d902, 0xde220582, 0x6582de02, 0xdf02df22, 0xe4220b82, 0x7782e402, 
    0x4c02e521, 0xe6200503, 0x20080b82, 0x00ef02ef, 0x02f00237, 0x020600f3, 0x00ff02fe, 0x03000302, 0x03030000, 0x00010301, 0x03020321, 0x2e118206, 
    0x00070307, 0x03090325, 0x03060009, 0x820a030a, 0x030c2211, 0x34058213, 0x00140314, 0x03160309, 0x03010019, 0x001a031a, 0x031b0369, 0x280b8248, 
    0x004a034a, 0x034b0324, 0x220b8250, 0x82510351, 0x03522247, 0x22118252, 0x82530353, 0x03542847, 0x030a0056, 0x82570357, 0x03582241, 0x22118258, 
    0x82590359, 0x035a220b, 0x34178264, 0x00750367, 0x03760310, 0x03150077, 0x007a0379, 0x037b0306, 0x2223827b, 0x827d037d, 0x037e280b, 0x032d007e, 
    0x8292037f, 0x0393220b, 0x2ea78295, 0x00960396, 0x03970357, 0x03670097, 0x82b00398, 0x03b12211, 0x201182b1, 0x08514cb2, 0x514c0b20, 0x030b2a0a, 
    0x00d903d8, 0x03db0328, 0x280582e0, 0x00e403e1, 0x03e50327, 0x285f82e5, 0x00e703e6, 0x03e8030b, 0x22a782e8, 0x82f703e9, 0x03f8220b, 0x220b82f8, 
    0x82fd03fc, 0x04fe2e0b, 0x04160001, 0x00020402, 0x04030425, 0x3a0b8208, 0x000a040a, 0x040b040d, 0x0430000b, 0x000c040c, 0x040d0404, 0x0407000d, 
    0x82100410, 0x042b2e0b, 0x042a002b, 0x002c042c, 0x042d0415, 0x3a29822e, 0x002f042f, 0x0430043f, 0x041c0030, 0x00320432, 0x0433043e, 0x04180034, 
    0x82350435, 0x056f4c23, 0x39043925, 0x4c040c00, 0x3f2a0969, 0x41044004, 0x43040200, 0x3b824304, 0x44044426, 0x46040100, 0x220e514c, 0x4c4d045b, 
    0x5c240851, 0x52045204, 0x53225982, 0x7d825304, 0x55045422, 0x56282f82, 0x0f006f04, 0x70047004, 0x71346582, 0x64007104, 0x72047204, 0x73045f00, 
    0x10007304, 0x75047504, 0x9c282382, 0x1b009c04, 0x9e049e04, 0xa1220582, 0x0582a604, 0xac04a822, 0xad2a0582, 0x0500ad04, 0xae04ae04, 0x454c7700, 
    0x0401270a, 0x00b604b5, 0x394c040a, 0x04013609, 0x00cb04cb, 0x04cc046c, 0x041100e3, 0x00e404e4, 0x04e6040b, 0x225f82e6, 0x82e904e7, 0x04ea2e29, 
    0x043700ea, 0x00ec04eb, 0x04ed0427, 0x2ed182ee, 0x00ef04ef, 0x04f00406, 0x041a00f0, 0x82f104f1, 0x04f22211, 0x220b82f4, 0x82f504f5, 0x04f6220b, 
    0x221d82f7, 0x82f804f8, 0x04f9220b, 0x220b82f9, 0x82fa04fa, 0x04fb220b, 0x220b82fb, 0x82fc04fc, 0x04fd2253, 0x221182fd, 0x82fe04fe, 0x04ff3d11, 
    0x050200ff, 0x00000500, 0x0501050a, 0x05010001, 0x00030502, 0x05040527, 0x05370004, 0x00250082, 0x05060503, 0x28238206, 0x00070507, 0x05080506, 
    0x220b8209, 0x820a050a, 0x050b2e1d, 0x0538000c, 0x000d050d, 0x050e0509, 0x223b820f, 0x82110510, 0x05122211, 0x220b8213, 0x82140514, 0x05162229, 
    0x22118216, 0x82170517, 0x05182811, 0x052d0018, 0x82190519, 0x051a223b, 0x0811821a, 0x1c051c26, 0x1d050b00, 0x60001d05, 0x1e051e05, 0x27054000, 
    0x6b002705, 0x2f052f05, 0x30056500, 0x4c003105, 0x34053405, 0x26081782, 0x00380538, 0x053b056e, 0x054a003c, 0x003d053d, 0x053e0547, 0x0526003e, 
    0x00410541, 0x05460544, 0x056f0046, 0x82470547, 0x0548220b, 0x221d8249, 0x824b054b, 0x054d340b, 0x0571004d, 0x004e054e, 0x056a0568, 0x0532006a, 
    0x826c056c, 0x056e2205, 0x2e05826e, 0x00710571, 0x05820512, 0x05130085, 0x82870586, 0x0588280b, 0x05200088, 0x82890589, 0x058a220b, 0x2217828b, 
    0x828c058c, 0x058d220b, 0x2e17828d, 0x00970597, 0x059a0545, 0x0552009a, 0x829b059b, 0x059c220b, 0x280b829c, 0x009d059d, 0x059f0542, 0x2205829f, 
    0x82a305a3, 0x05a52805, 0x053500a5, 0x82a605a6, 0x05a82265, 0x220582a8, 0x82aa05aa, 0x05af2805, 0x057200af, 0x82b005b0, 0x05b228b9, 0x053000b2, 
    0x82b305b3, 0x05b8225f, 0x285f82bb, 0x00bc05bc, 0x05bd055d, 0x220b82bd, 0x82bf05bf, 0x05c32217, 0x340b82c4, 0x00ca05ca, 0x05cb053c, 0x053900cb, 
    0x00cd05cc, 0x05ce053a, 0x221182ce, 0x82cf05cf, 0x05d02811, 0x053300d1, 0x82d605d6, 0x05dd2e0b, 0x052f00df, 0x00e105e1, 0x05e4052e, 0x280582e4, 
    0x00e505e5, 0x05e60512, 0x2e3582e6, 0x00e805e8, 0x05e9054f, 0x055000e9, 0x82ea05ea, 0x05eb220b, 0x220b82eb, 0x82f105ee, 0x05f222e9, 0x222982f3, 
    0x82f405f4, 0x05f52271, 0x220b82f5, 0x82f705f6, 0x05f82217, 0x220b82f8, 0x82fe05fb, 0x06ff2e0b, 0x06120000, 0x00010601, 0x06020620, 0x280b8202, 
    0x00040603, 0x06050613, 0x2e0b8205, 0x00090608, 0x060a0643, 0x0641000b, 0x820c060c, 0x060d2e23, 0x0655000d, 0x000e060e, 0x06100635, 0x220b8210, 
    0x82110611, 0x06172223, 0x08238217, 0x1b061820, 0x1c063b00, 0x26001c06, 0x1d061d06, 0x28066a00, 0x36002906, 0x2a062a06, 0x2b064d00, 0x0b822b06, 
    0x2c062c34, 0x2f066300, 0x51003006, 0x31063106, 0x32066600, 0x1d823206, 0x36063522, 0x26081d82, 0x00380638, 0x063a066d, 0x0673003a, 0x003b063b, 
    0x063c0674, 0x0658003c, 0x003d063d, 0x063e0675, 0x0676003e, 0x823f063f, 0x06403a11, 0x06780040, 0x00440643, 0x064d0654, 0x0670004d, 0x00510651, 
    0x0653064b, 0x08058253, 0x56065520, 0x57065300, 0x62005706, 0x71065806, 0x72060e00, 0x19007706, 0x78067806, 0x79064e00, 0x0b827a06, 0x7b067b22, 
    0x7c220b82, 0x0b827c06, 0x83067f22, 0x86220582, 0x05828806, 0xb006b034, 0x08076100, 0x12000a07, 0x0c070b07, 0x20071300, 0x0b822207, 0x24072322, 
    0x35280b82, 0x30003507, 0x39073907, 0x3c220582, 0x05823c07, 0x3e073d34, 0x3f073500, 0x26004307, 0x58075707, 0x5e074900, 0x0b825e07, 0x07ea6408, 
    0x072200ea, 0x00ec07ec, 0x07ed0718, 0x071f00ed, 0x00ef07ef, 0x07f00717, 0x071400f0, 0x00f107f1, 0x07f4071a, 0x070200f4, 0x00f507f5, 0x07f6070a, 
    0x071000f6, 0x00f807f7, 0x07fa0706, 0x072f00fa, 0x00fc07fb, 0x07fd072e, 0x073c00fd, 0x00fe07fe, 0x07ff0739, 0x083c00ff, 0x00000800, 0x08030839, 
    0x4c330004, 0x25080a7b, 0x080d0815, 0x081e000d, 0x000f080e, 0x08100804, 0x08070013, 0x00140814, 0x08150834, 0x08220015, 0x001a0819, 0x0182081d, 
    0x08180028, 0x001f081e, 0x874c081f, 0x2b240807, 0x2c082b00, 0x17002e08, 0x32082f08, 0x33081400, 0x0d003408, 0x3b083508, 0x3c080800, 0x31003c08, 
    0x3d083d08, 0x2c080b82, 0x003e083e, 0x083f082a, 0x08290041, 0x00430842, 0x0844081c, 0x080c0046, 0x00480847, 0x084e0823, 0x08020053, 0x00560854, 
    0x08590801, 0x2e05825c, 0x005d085d, 0x085e0824, 0x0821005e, 0x8261085f, 0x08622e1d, 0x08090062, 0x00640863, 0x0865082c, 0x4c0b8267, 0x69260793, 
    0x6d081a00, 0x23827008, 0x78087122, 0x792a3b82, 0x0a007b08, 0x80087c08, 0x934c1000, 0x0803360a, 0x008d088d, 0x088e080b, 0x08280090, 0x00920891, 
    0x08930827, 0x2e118295, 0x00970896, 0x08980816, 0x0803009d, 0x829e089e, 0x089f2259, 0x317d829f, 0x00a508a3, 0x08af0806, 0x080700af, 0x00b008b0, 
    0x994c081d, 0x081c2109, 0x2409934c, 0x08be0801, 0x227d82be, 0x82c008bf, 0x08c1227d, 0x240b82c2, 0x00c408c4, 0x0a934c1b, 0x4c081b21, 0x3a300f93, 
    0xce08cd08, 0xcf082f00, 0x2e00d008, 0xd108d108, 0xd32e0b82, 0x4500d308, 0xd408d408, 0xd5081200, 0x1782d508, 0xeb08eb22, 0x56088f82, 0x00ec08ec, 
    0x09000946, 0x09220000, 0x00020902, 0x09030918, 0x091f0003, 0x00050905, 0x09060917, 0x09140006, 0x00070907, 0x090a091a, 0x0902000a, 0x000b090b, 
    0x090c090a, 0x0910000c, 0x000e090d, 0x09100906, 0x09330011, 0x00120912, 0x0913093d, 0x09560013, 0x82140914, 0x0915220b, 0x220b8215, 0x82170916, 
    0x091c340b, 0x0904001c, 0x00200920, 0x09290915, 0x090d0029, 0x82360936, 0x09402859, 0x09010040, 0x82450945, 0x09472253, 0x22538247, 0x82520952, 
    0x0953286b, 0x09050053, 0x82540954, 0x09b14c71, 0x4c091021, 0x022409b1, 0x72097209, 0x7d223582, 0x4d828009, 0x81098122, 0x832eb982, 0x2b008309, 
    0x84098409, 0x85091e00, 0x17828509, 0x87098728, 0x89091c00, 0x65828909, 0x8a098a22, 0x8b221782, 0x59828c09, 0x8f098f22, 0x912e8982, 0x2a009109, 
    0x93099309, 0x94093e00, 0x1d829409, 0x95099522, 0x96283582, 0x0c009709, 0x9a099a09, 0xab4c3b82, 0x091c2409, 0x82a309a3, 0x09a52211, 0x224d82a5, 
    0x82a809a6, 0x09a9227d, 0x22a182aa, 0x82ab09ab, 0x09ad22b3, 0x201782ad, 0x08b14cae, 0xb6090b24, 0x1182b609, 0xb709b722, 0xb82e2982, 0x0b00b909, 
    0xba09ba09, 0xbc092d00, 0x3582bc09, 0xbe09bd22, 0xc1221d82, 0x0b82c209, 0xc509c322, 0xc6220b82, 0x0b82c709, 0xc809c828, 0xc9092700, 0x1182c909, 
    0xca09ca28, 0xcb093400, 0xdd82cb09, 0xd109d122, 0xd6224182, 0x6b82d609, 0xed09ec22, 0x4008b982, 0x00f209f1, 0x0a170a1c, 0x0a2e0017, 0x00280a28, 
    0x0a290a35, 0x0a260029, 0x00340a33, 0x0b400b20, 0x0b300040, 0x004a0b4a, 0x0b4c0b40, 0x0b03004c, 0x00520b52, 0x31010026, 0x000400e8, 0x0c580500, 
    0x2101f3e2, 0x0190080b, 0x1182fc20, 0x8f0bfc21, 0x125a2c01, 0x0c820bb4, 0x0cdc0dac, 0x94820bac, 0x0b022601, 0x15001502, 0x951b94d0, 0x21158431, 
    0x318a6636, 0xfc0a9a22, 0x0e233fa1, 0x87f60a02, 0x2c0d2101, 0x0e290191, 0x0e3a164e, 0x0e66154e, 0x25018574, 0xa8160610, 0x57a1e00b, 0xe0202196, 
    0x41100b41, 0x0fc70f1b, 0x8b0bee21, 0x15fc2c01, 0x1ac82400, 0x1700155a, 0x8328228c, 0x00152903, 0x4a1d0015, 0x00154a1d, 0x09a9ff89, 0x107a0d27, 
    0x0c40107a, 0x21018b52, 0x0187ba0d, 0x18701325, 0xa9701312, 0x500b2101, 0x0c210193, 0x2101ad9a, 0x2f933414, 0x91600d21, 0x820b2101, 0x05851383, 
    0x118b1d91, 0xa4780b21, 0x3c822801, 0x0b9a43e0, 0x41140b82, 0x5a210af5, 0x2101820b, 0x3fa45612, 0x0c21659a, 0x26018664, 0x14640c9a, 0x87700f34, 
    0x341425e3, 0x600d3414, 0x0b21f191, 0x270183e0, 0x101bb810, 0x8c0bca1b, 0x02200b82, 0xe0260382, 0x101b9e0e, 0x09841e19, 0xf20ec826, 0xf20e881c, 
    0xe0221b84, 0x0184020b, 0xb810e022, 0x0b233785, 0x871c0fe0, 0x640b2109, 0x0c210189, 0x200b829a, 0x22dd8682, 0x82d00f02, 0x83ef8309, 0x85078511, 
    0x8a022047, 0x832d84ff, 0xd015219f, 0x1323a587, 0x41020bce, 0x6f8211a5, 0x9a147824, 0x29419a14, 0x213f9d3f, 0x1f8b640c, 0x0c101e23, 0x20018488, 
    0x859b829a, 0x21058f09, 0xd3870b0a, 0x354207a4, 0xa80b2105, 0x9a1d4f42, 0x0c46281d, 0x0d460de2, 0x8dc40b46, 0x23138301, 0x9e0f640c, 0x03970783, 
    0x84640c21, 0x125a2439, 0x8d5a0bb4, 0x842b3f01, 0xd00cac19, 0x820bfc0b, 0xfc0b5e23, 0x7a0dea2d, 0x00150015, 0x1617ba0a, 0x2c0d2c0d, 0x1983820b, 
    0x0e70132d, 0x0bba0a28, 0x0c9a0c82, 0x82820b9a, 0x82782009, 0x05914217, 0x080bfc28, 0x7a0d780b, 0x0182780b, 0xb00b1e21, 0x1c0c2901, 0xc00ac60a, 
    0xc00a780b, 0x10250193, 0x0b2e0cfe, 0x250197d2, 0x280b980d, 0x7984020b, 0x18237d82, 0x41880c98, 0xe3431a3b, 0x822f8308, 0xadc62073, 0x9e0f2103, 
    0x82090d42, 0x0c642273, 0x05f9429a, 0x02220782, 0x0583020b, 0x88200384, 0x9a260584, 0x780b460f, 0x0b85600d, 0x0a9a0c27, 0x0bcc0acc, 0x837784e0, 
    0x83ab8209, 0x200f8313, 0x3327820d, 0xd20a4811, 0x780be40a, 0x820bd80a, 0xd80a320b, 0x120dd80a, 0x0b210183, 0x2505850e, 0xee1eae29, 0x0182de0a, 
    0xe40aea29, 0x6e0bea0a, 0x821f820b, 0x0e0b2121, 0x63820185, 0x0b842782, 0xf80c4623, 0x2103820b, 0x0182760c, 0xbe0cf82a, 0xf620be0c, 0xb60b3c0b, 
    0x26210383, 0x214b834e, 0x5985a211, 0x85120d21, 0xfc11235b, 0x3982544a, 0xf00a6e22, 0x0b250185, 0x0c121382, 0x8701d340, 0x21078377, 0x0183d00c, 
    0xc982c782, 0x23090b44, 0x4e0e2c0d, 0x64200d82, 0x82280382, 0x880c9a0c, 0x020b020b, 0xd183c383, 0xb148d588, 0x0533480a, 0x830b1b48, 0x20438441, 
    0x47558482, 0xee220d23, 0xc5460015, 0x7a0d2111, 0x23059b46, 0xba0dba0d, 0x23058946, 0x500b500b, 0x420b2f45, 0x5183065b, 0x2205ed42, 0x85640c78, 
    0xe00b231f, 0x1145b810, 0x44022008, 0x1b8507f9, 0xa7440c20, 0x053b4210, 0x42052d44, 0xd14312a3, 0x05bb4306, 0x0b5a0b23, 0x0c5f465a, 0x640ce022, 
    0x6344d184, 0x0dfc2205, 0x220d82ba, 0x85780bfc, 0x21718365, 0x2f83d20b, 0x85d20b21, 0xbe0c2907, 0x120dbe0c, 0xe00bbe0c, 0x2c145341, 0x0a760c76, 
    0x0bfc0afc, 0x271213fc, 0x244582e8, 0x0c640b88, 0x204b82e2, 0x23058302, 0x0015880c, 0x0d210185, 0x2465822c, 0x15080bee, 0x226f8400, 0x82080b78, 
    0x0de2221f, 0x2511837a, 0x70137013, 0x1782820b, 0x05828b82, 0x19437820, 0x8264200a, 0x0de22251, 0x20058246, 0x8acd8388, 0x0b7821a3, 0xad840182, 
    0xac0c7824, 0x23822c0d, 0x8222d585, 0x55827a0d, 0x6d828220, 0x6b845182, 0xbd820b82, 0x11826e20, 0x0e0b0e28, 0x780bd00c, 0x0b82600d, 0x0100822c, 
    0x80000706, 0x11040100, 0x0584a3ff, 0x0100522c, 0x4cff0c05, 0xc2020100, 0x11845d00, 0x0584bb20, 0x11844620, 0x05845120, 0x2382c520, 0xafff9122, 
    0xff213b83, 0x20118498, 0x61d91845, 0x3917820a, 0x69ff4404, 0xbc020200, 0xc1024500, 0x02004500, 0xafffec05, 0xbbff0606, 0x67830200, 0x8b207182, 
    0x81240982, 0x9a0498ff, 0x13833f82, 0x31828020, 0x13827520, 0x13822f20, 0x8cffea22, 0xe5223182, 0x3582bbff, 0x02008028, 0xafffa501, 0x6d82a601, 
    0x52204583, 0x27834582, 0x27823020, 0x4f834420, 0xffd90125, 0x82d10298, 0x000226bb, 0x094500c9, 0x226d821a, 0x82b60203, 0x00c22477, 0x83c30251, 
    0x8217830d, 0x855120cb, 0x9d01231b, 0x518269ff, 0x51826920, 0x03006922, 0x46218d82, 0x224b8504, 0x82030075, 0x82802017, 0x05802217, 0x20598291, 
    0x0bd91803, 0x8700200b, 0x85682053, 0xc7d91853, 0x2241860d, 0x820706bb, 0x05042aa5, 0x0575ffca, 0x0775ffce, 0x260382fd, 0x0075ffff, 0x840f0404, 
    0x82af20cb, 0x202389bb, 0x20238280, 0x24238280, 0xffff0780, 0x27238280, 0x0418ff11, 0x04afff3d, 0x0925d582, 0x0069ff29, 0x20b38204, 0x2167825d, 
    0x09410598, 0x20118305, 0x20d382b5, 0x82d785bd, 0x84e3206b, 0x822f2035, 0x82802035, 0x05982c35, 0x0098ff00, 0x00890304, 0x82ad0400, 0x07714181, 
    0xed870420, 0xffd90125, 0x822b0498, 0x225983d9, 0x82de0551, 0xffdf2293, 0x21478252, 0x238300bb, 0xa601af22, 0x11217d82, 0x844b84ff, 0x04af2859, 
    0x0475ffaf, 0x823bffb6, 0x008c248f, 0x82110405, 0x2311861f, 0x98ff2605, 0x06221584, 0x15822f04, 0x27829a20, 0x0382ae20, 0x3d82b020, 0x8cffea24, 
    0x65821405, 0x9c010628, 0x9d01bbff, 0x3782bbff, 0x30045e26, 0x320423ff, 0x44287f82, 0x060075ff, 0x4500b502, 0xe52cdd84, 0xec05a3ff, 0x060675ff, 
    0x1f0698ff, 0x9d223384, 0x854180ff, 0xffdf2208, 0x201d8269, 0x22a182bb, 0x4106005e, 0x99410bb7, 0x0207260c, 0x03afff0b, 0x26498218, 0x0598ff91, 
    0x82afffe5, 0x8269201d, 0x84802051, 0x84082037, 0xff7122b5, 0x20cb878c, 0x21b98205, 0xa3823e05, 0x8cff4a22, 0x0820c184, 0x04218983, 0x289b823a, 
    0x05bbff3d, 0x0580ff00, 0x8507822d, 0x828c2099, 0x00982247, 0x22218209, 0x82dd0551, 0x82de2061, 0xffdf225d, 0x265982a3, 0xfffa07bb, 0x82cd08a3, 
    0x82ce2003, 0xffd12203, 0x222582a3, 0x828c00b4, 0x028c22d9, 0x200782b6, 0x200382bd, 0x200382be, 0x240382c3, 0x088c00cc, 0x24038263, 0x008c0064, 
    0x072b4209, 0x82d00521, 0x82d120ad, 0xff072cf7, 0xff0308af, 0xff040898, 0x82100998, 0xff112103, 0x05217182, 0x201d82b3, 0x207182d2, 0x220382d3, 
    0x8275ffd6, 0x05802ad7, 0x06affff8, 0x06f5fe06, 0x2007820b, 0x20718217, 0x20259c0a, 0x20a7820a, 0x8403820b, 0xb4022329, 0x9b824500, 0x9b824520, 
    0xbd025122, 0xbe200b82, 0x23092143, 0x4500cc02, 0x45269f82, 0x45006408, 0x298a0a00, 0x298a4520, 0xc3027422, 0x29a33182, 0x299c6820, 0x51207d8f, 
    0xbd427d8d, 0xffd02408, 0x82d10569, 0x06c54203, 0xff030829, 0xff040869, 0x82100969, 0xff112403, 0x960b0069, 0x237d88a7, 0xe3ff0706, 0x0c21d588, 
    0x0b574201, 0x5782dd20, 0x0382de20, 0x210a5f42, 0x5f82fa07, 0x0382cd20, 0x0382ce20, 0x002b7782, 0x008a000d, 0x003601cb, 0x82c702cb, 0x82c82003, 
    0x82cf2003, 0x82d22003, 0x82d32003, 0x82d42003, 0x00d53e03, 0x000a03cb, 0x002306cb, 0x006708cb, 0x003d09cb, 0x050e00cb, 0x0598ffb3, 0x05bbffcb, 
    0x410382cf, 0xbb2009bf, 0x240cbf41, 0x06bbff0a, 0x2c03820b, 0x07bbff17, 0x08bbfffe, 0x00bbff00, 0x0cc5420e, 0x3d82dd20, 0x83059f43, 0x0cd14239, 
    0xbb22a982, 0xdc18cd08, 0x00210987, 0x2339830f, 0x5d00c202, 0xab080343, 0x00112a3d, 0x00450055, 0x0097005e, 0x20038279, 0x260382aa, 0x019700ae, 
    0x828c0009, 0x019722fb, 0x200b8238, 0x2003823d, 0x2603823e, 0x0297008b, 0x454500ba, 0x022907d3, 0x028cffd1, 0x074500d2, 0x2a338201, 0xff110412, 
    0xff9c04a3, 0x829e04bb, 0x82a12003, 0x82a22003, 0x82a32003, 0x82a42003, 0x82a52003, 0x82a62003, 0x82a82003, 0x82a92003, 0x82aa2003, 0x82ab2003, 
    0xffac2803, 0x000706bb, 0x82c4088b, 0x82c720cd, 0xffc82603, 0x021600bb, 0x206382b1, 0x200382b2, 0x200382b3, 0x200382b7, 0x200382b8, 0x200382ba, 
    0x207b86bb, 0x200782bf, 0x055746c0, 0x0221f583, 0x200b82c4, 0x200382c5, 0x200382c6, 0x280382cb, 0x054500cd, 0x0845000d, 0x20038262, 0x20038265, 
    0x20038266, 0x26e3829e, 0xff150116, 0x829b018c, 0x829c2003, 0x829d2003, 0x829e2003, 0x829f2003, 0x82a02003, 0x82a12003, 0x82a22003, 0x82a32003, 
    0x82a52003, 0x82a62003, 0xffa72403, 0x823c048c, 0x82412003, 0x82442003, 0xff542403, 0x8233088c, 0x44342003, 0x09210539, 0x23078285, 0x008cff95, 
    0x98205983, 0x98265982, 0x98ff9c01, 0x03829d01, 0x03829e20, 0x03829f20, 0x0382a020, 0x0382a120, 0x0382a220, 0x0382a320, 0x0382a520, 0x0382a620, 
    0x98ffa722, 0x98225982, 0x07824104, 0x03824420, 0x98ff5422, 0x98265982, 0x98ff3408, 0x03822909, 0x03828520, 0x98ff9524, 0xb3821700, 0x5982a320, 
    0x5982a320, 0x5982a320, 0x9e01a326, 0x9f01a3ff, 0xa0200382, 0xa1200382, 0xa2200382, 0xa3200382, 0xa5200382, 0xa6200382, 0xa7220382, 0x5982a3ff, 
    0x5982a320, 0x4404a322, 0x54260b82, 0x5707a3ff, 0x5d82a3ff, 0x5d82a320, 0x5d82a320, 0xb782a320, 0x9509a324, 0x5d84a3ff, 0x5d82af20, 0x5d82af20, 
    0x5d82af20, 0x5d82af20, 0x5d82af20, 0xa001af26, 0xa101afff, 0xa2200382, 0xa3200382, 0x81470382, 0xa7012306, 0x5d82afff, 0x5d82af20, 0x5d82af20, 
    0x5404af24, 0x5d82afff, 0x5d82af20, 0x5d82af20, 0x5d82af20, 0x5d82af20, 0x9509af2c, 0x1700afff, 0xbbffd801, 0x0382d901, 0x0382da20, 0x0382db20, 
    0x0382dc20, 0x0382dd20, 0x0382de20, 0x0382df20, 0x0382e020, 0x0382e120, 0x0382e220, 0x0382e320, 0x0382e420, 0x0382e520, 0x0382e620, 0x0382eb20, 
    0x0382ec20, 0xbbffef24, 0x03824408, 0x03824520, 0xbbff4624, 0x03829609, 0xbbff9722, 0x0c305d82, 0x0b020cff, 0x13029cff, 0x4c02a1ff, 0x57028cff, 
    0x5a200382, 0x61200382, 0x64200382, 0x68200382, 0x85200382, 0xc23c0382, 0x1e035d00, 0x53038cff, 0x56048cff, 0x91058cff, 0xdf0580ff, 0xe5053bff, 
    0xe70598ff, 0xec260b82, 0xf4052fff, 0x8346a3ff, 0x40092807, 0x19008cff, 0x41ff1501, 0x5f4730d1, 0x0fd94107, 0x41570721, 0x658316dd, 0x9b016926, 
    0x9c0169ff, 0x9d200382, 0x9e200382, 0x9f200382, 0xa0200382, 0xa1200382, 0xa2200382, 0xa3200382, 0x2109af48, 0x0b82a701, 0x8206c547, 0x04692665, 
    0x0469ff41, 0x22038244, 0x8269ff54, 0x08692a65, 0x0869ff33, 0x0969ff34, 0x20038229, 0x22038285, 0xb969ff95, 0xd10223cb, 0xcba9a3ff, 0xff0b0225, 
    0x821a02af, 0xff672403, 0x82170398, 0x82182003, 0x82942003, 0xff952703, 0xff9703af, 0xb782032f, 0xffe70329, 0xffff03bb, 0x820104af, 0x82022003, 
    0xff072403, 0x820804bb, 0x9a2a0803, 0xae045eff, 0xb0048cff, 0x9105f5fe, 0xaf05bbff, 0xdf0598ff, 0xe20552ff, 0xe505afff, 0xec055eff, 0x07065eff, 
    0x1a008cff, 0x11827105, 0x03828620, 0x03828720, 0x03828920, 0x03828c20, 0x0382b320, 0x0382bf20, 0x220d2f47, 0x82f205af, 0x82f32013, 0x82f52003, 
    0x82f82003, 0x24798255, 0xafff0006, 0x21798206, 0x07820506, 0x03820620, 0x25064b47, 0xafff0d07, 0x03820e07, 0xafff0f28, 0xafffd408, 0x79431a00, 
    0x0ba74843, 0x20188543, 0x22d3821b, 0x82860598, 0x828720f1, 0x82892003, 0x828c2003, 0x82b32003, 0x48bf2003, 0x98201003, 0x9822d382, 0x1782f305, 
    0x0382f520, 0xa3fff826, 0x98ffff05, 0x9820d382, 0x9820d382, 0x9822d382, 0x0f820606, 0x820af947, 0x829820d7, 0x079824d7, 0x8298ff0f, 0x009821d7, 
    0xbb266d83, 0xbbff8605, 0x03828705, 0x03828920, 0x03828c20, 0x0382b320, 0xb146bf20, 0x0575220c, 0x200f82e5, 0x200382f2, 0x200382f3, 0x410382f5, 
    0xbb200541, 0xbb206d82, 0xbb206d82, 0xbb256d82, 0xbbff0606, 0x09cd4606, 0x6d82af20, 0x6d82bb20, 0x6d82bb20, 0x6d82bb20, 0x1d00bb22, 0x24145b49, 
    0x0523ff71, 0x20038286, 0x20038287, 0x20038289, 0x2003828c, 0x200382b3, 0x200382bf, 0x200382e5, 0x20db82e8, 0x200382ea, 0x200382ec, 0x200f82f2, 
    0x200382f3, 0x200382f5, 0x220382f8, 0x8223ffff, 0x82232081, 0x82232081, 0x06232481, 0x8223ff06, 0x82232075, 0x82232075, 0x82232075, 0x00232275, 
    0x288b4221, 0xbbfffe28, 0xbbffff03, 0x03820004, 0x03820120, 0x03820220, 0x03820320, 0x03820420, 0x03820520, 0x0420df82, 0x2f2ea342, 0xbbff9608, 
    0xbbff9708, 0x0a012100, 0x0b01afff, 0x0c200382, 0x0d200382, 0x0e220382, 0xb144afff, 0xffdd2338, 0x7d4a05af, 0x44af2005, 0x072517b9, 0x08affffa, 
    0x200382cd, 0x280382ce, 0x09afffd1, 0x008cff40, 0x08514921, 0x41ff7121, 0x114919f7, 0x056d4c0b, 0x4105af21, 0x792623fb, 0x7a06bbff, 0xf741bbff, 
    0x0f49490b, 0xffd40825, 0x482300bb, 0xb1242c65, 0xb2025100, 0xb3200382, 0xb7200382, 0xb8200382, 0xba200382, 0xbb200382, 0xbc200382, 0xbf200382, 
    0xc0200382, 0xc1200382, 0xc4200382, 0xc5200382, 0xc6200382, 0xcb200382, 0xcd200382, 0x99480382, 0x0d052d06, 0x01075100, 0x62089700, 0x65085100, 
    0x66200382, 0x9e240382, 0x2b005100, 0x44281f42, 0xdd2427ab, 0xde0552ff, 0xdf200382, 0xe1240382, 0xe205afff, 0xe3200382, 0xe4200382, 0x3a0cbf44, 
    0xff790675, 0xff7a068c, 0xfffa078c, 0xfffb0752, 0xfffc07af, 0xffcd08af, 0x82ce0852, 0x82cf2003, 0x82d0200b, 0x82d12003, 0x82d5200b, 0xffd72807, 
    0xff170aaf, 0xc82d00af, 0x130142ad, 0x44076d45, 0x75450701, 0x05bb2409, 0x425effec, 0x07202405, 0x0d21d182, 0x0df943ff, 0xf1412e20, 0x008a230c, 
    0x5b4a0051, 0x4a51200d, 0xf541105b, 0x00c72437, 0x41c80251, 0xcf200afd, 0x22080142, 0x82d30251, 0x82d4200b, 0x00d52c03, 0x000a0351, 0x000d0551, 
    0x42230651, 0x67201215, 0x21051942, 0xa7823d09, 0xb98e2f20, 0xb98e4520, 0xb9bc4520, 0x7400c223, 0x0bb34202, 0x4500c722, 0x4521bd82, 0x07bb4202, 
    0x0f82cf20, 0x8206bf42, 0x024522bd, 0x220f82d4, 0x824500d5, 0x864520bd, 0x424520bd, 0x672610d3, 0x9e084500, 0xbd825100, 0x30004522, 0x7741bd8e, 
    0x02452123, 0x222b6f4b, 0x4b5100c3, 0x7f410c73, 0x02452209, 0x41ad82cd, 0x45201d7f, 0x210a7f41, 0x9f4b0845, 0x057f4107, 0xc1824520, 0x31005122, 
    0x2828ef42, 0x03affffe, 0x04afffff, 0x0a514800, 0x0b820320, 0x03820420, 0x03820520, 0x03820620, 0x03820720, 0x03820820, 0x43136148, 0xad4325b5, 
    0xff96240d, 0x439708af, 0x372622b5, 0x0000a602, 0x0382a702, 0x5100b524, 0x0782b902, 0x2106b751, 0x0b82c902, 0x0382ca20, 0x0382e520, 0x0382f020, 
    0x0382f120, 0x0382f220, 0x0000f324, 0x03825903, 0x03827920, 0x03827a20, 0x03827b20, 0x03827d20, 0x03827e20, 0x03827f20, 0x03828020, 0x03828120, 
    0x03828220, 0x03828320, 0x03828420, 0x03828520, 0x03828620, 0x03828720, 0x00008824, 0x0382af04, 0x0382b620, 0x0382e920, 0x0000f424, 0x03820005, 
    0x03820c20, 0x03820e20, 0x03820f20, 0x03821920, 0x03821a20, 0x03821b20, 0x0000922c, 0xe3ff0706, 0x0000f707, 0x03826808, 0x03828120, 0x08255b82, 
    0x09000083, 0x2003820d, 0x20038242, 0x20038243, 0x2003825b, 0x2003825e, 0x20038272, 0x200382a8, 0x265482b7, 0xff15013a, 0x829b0175, 0x829c2003, 
    0x829d2003, 0x829e2003, 0x829f2003, 0x82a02003, 0x82a12003, 0x82a22003, 0x82a32003, 0x82a52003, 0x82a62003, 0x82a72003, 0xffc82403, 0x82c901bb, 
    0x82ca2003, 0x82d82003, 0x82d9200f, 0x82da2003, 0x82db2003, 0x82dc2003, 0x82dd2003, 0x82de2003, 0x82df2003, 0x82e02003, 0x82e12003, 0x82e22003, 
    0x82e32003, 0x82e42003, 0x82e52003, 0x82e62003, 0x82eb2003, 0x82ec2003, 0xffef2403, 0x82110475, 0xff2b2403, 0x823904bb, 0x823c2003, 0x8241200b, 
    0x82442003, 0x82532003, 0xff54240f, 0x82330875, 0x82342003, 0xff3e2303, 0x178208bb, 0x82450821, 0xff46240b, 0x82290975, 0x82852003, 0xff912403, 
    0x829509bb, 0x82962007, 0x82972003, 0x82ed2003, 0x82ee200f, 0x82ef2003, 0xfff02403, 0x824700bb, 0x30234de9, 0xffc80123, 0x2ae9829c, 0xffca019c, 
    0xffd4039c, 0x82d60398, 0x82d72003, 0x82e52003, 0x82e62003, 0x82e72003, 0x82e82003, 0x82e92003, 0x82ea2003, 0x82eb2003, 0x82ec2003, 0x82ed2003, 
    0x82ee2003, 0x82ef2003, 0x82f02003, 0x82f12003, 0x82f22003, 0x82f32003, 0x82f42003, 0x82f52003, 0x82f62003, 0x82f72003, 0x82fc2003, 0xfffd2c03, 
    0xff110498, 0xff2b04af, 0x8239049c, 0x823c2003, 0x8241200b, 0x82442003, 0x82532003, 0x5354200f, 0x042709b1, 0x0598ffe4, 0x4d98ff1c, 0x082507ab, 
    0x089cff3e, 0x200f828d, 0x20038293, 0x22038294, 0x4d98ff95, 0x912808bf, 0x95099cff, 0xb409afff, 0xb8201382, 0xb9200382, 0xd1200382, 0xed200382, 
    0xee201782, 0xef200382, 0xf02a0382, 0x4c009cff, 0x5eff1501, 0x03829b01, 0x03829c20, 0x03829d20, 0x03829e20, 0x03829f20, 0x0382a020, 0x0382a120, 
    0x0382a220, 0x0382a320, 0x0382a520, 0x0382a620, 0x0382a720, 0xafffc824, 0x0382c901, 0x0382ca20, 0xa3ffd224, 0x0382d301, 0x0382d420, 0x0382d520, 
    0x0382d620, 0x0382d720, 0x98ffd824, 0x0382d901, 0x0382da20, 0x0382db20, 0x0382dc20, 0x0382dd20, 0x0382de20, 0x0382df20, 0x0382e020, 0x0382e120, 
    0x0382e220, 0x0382e320, 0x0382e420, 0x0382e520, 0x0382e620, 0x0382eb20, 0x0382ec20, 0x98ffef30, 0x5eff1104, 0xafff2b04, 0xa3ff3004, 0x0f823204, 
    0x0b823920, 0x13823c20, 0x03824120, 0x03824420, 0x0f825320, 0x5eff5424, 0x03823308, 0x03823420, 0xafff3e28, 0xa3ff4208, 0x03824308, 0x98ff4424, 
    0x03824508, 0x03824620, 0xa3ffb228, 0x5eff2909, 0x03828509, 0x0b828720, 0xafff9124, 0x0b829509, 0x98ff9624, 0x03829709, 0x13829a20, 0x03829e20, 
    0x0382a320, 0x1b82ed20, 0x0382ee20, 0x0382ef20, 0x0382f020, 0x1382f220, 0x0382f320, 0xa3fff424, 0xdd444d00, 0xa502250b, 0x0003bbff, 0x01200382, 
    0x334d0382, 0x82932007, 0x8294200b, 0x82952003, 0x82962003, 0x82972003, 0x82982003, 0x82992003, 0x829a2003, 0x829b2003, 0x829c2003, 0x829d2003, 
    0x829e2003, 0x829f2003, 0x82a02003, 0x82a12003, 0x82a22003, 0x82a32003, 0x82a42003, 0x82a52003, 0x82a62003, 0x82a72003, 0x82a82003, 0x82a92003, 
    0x82aa2003, 0x82ab2003, 0x82ac2003, 0x82ad2003, 0x82ae2003, 0x82af2003, 0x82b02003, 0x82b12003, 0x82b22003, 0x82b32003, 0x07ab4d03, 0x22371f4b, 
    0x4dbbff05, 0x08251bc7, 0x08bbff84, 0x20038285, 0x20038286, 0x20038287, 0x20038288, 0x20038289, 0x2003828a, 0x2003828b, 0x4b03828c, 0x0b2b0647, 
    0x00bbff4c, 0xffa6025a, 0x82a702bb, 0x82b92003, 0x82c92003, 0x82ca2003, 0x82e52003, 0x82f02003, 0x82f12003, 0x82f22003, 0x82f32003, 0x825920b9, 
    0x82792003, 0x827a2003, 0x827b2003, 0x827d2003, 0x827e2003, 0x827f2003, 0x82802003, 0x82812003, 0x82822003, 0x82832003, 0x82842003, 0x82852003, 
    0x82862003, 0x82872003, 0xff882803, 0xff7104bb, 0x82af0498, 0xffb62407, 0x82e90475, 0x82f42007, 0x820020c9, 0x820c2003, 0x820e2003, 0x820f2003, 
    0x82192003, 0x821a2003, 0x821b2003, 0x0b8f4e03, 0x05203f82, 0x2007934e, 0x201b828d, 0x24038292, 0x05afffb3, 0x820782b8, 0xba0521b7, 0xbb200782, 
    0xbc200382, 0xbf200382, 0xc3201782, 0xc4200782, 0xe5200382, 0xe8200b82, 0xea200782, 0xec220382, 0xb74e80ff, 0x4e7b8308, 0xaf2105bb, 0x07bb4e05, 
    0xbbff0122, 0x820cbf4e, 0x0bbb4e97, 0xfff70725, 0x826808bb, 0x21e78203, 0x07828208, 0x03828320, 0xafffd428, 0xbbff0d09, 0x03824209, 0x03824320, 
    0x03825b20, 0x03825e20, 0x03827220, 0x0382a820, 0xbbffb724, 0x0382330a, 0xbbff3424, 0x9f426100, 0x670d4be8, 0x292aeb42, 0xbbffd408, 0xbbff4c0b, 
    0x57456600, 0x01692636, 0x0169ffc9, 0x200382ca, 0x200382cb, 0x200382cc, 0x200382cd, 0x200382ce, 0x200382cf, 0x200382d0, 0x240382d1, 0x018cffd2, 
    0x200382d3, 0x200382d4, 0x200382d5, 0x200382d6, 0x240382d7, 0x0146ffd8, 0x200382d9, 0x200382da, 0x200382db, 0x200382dc, 0x200382dd, 0x200382de, 
    0x200382df, 0x200382e0, 0x200382e1, 0x200382e2, 0x200382e3, 0x200382e4, 0x200382e5, 0x200382e6, 0x200382eb, 0x200382ec, 0x240382ef, 0x0180fff0, 
    0x200382f1, 0x200382f2, 0x200382f3, 0x200382f4, 0x200382f5, 0x200382f6, 0x200382f7, 0x200382f8, 0x340382f9, 0x0480fffa, 0x0446ff11, 0x0469ff2b, 
    0x04bbff2f, 0x0498ff30, 0x20078236, 0x450f8239, 0x692209a3, 0x13824704, 0x13825320, 0x5eff5426, 0x69ff8104, 0x220aab45, 0x823f0869, 0x8240200f, 
    0x82412003, 0xff422403, 0x8243088c, 0xff442403, 0x82450846, 0x82462003, 0xff472403, 0x82480880, 0xffb22203, 0x0abf458c, 0x91098c24, 0xbf4569ff, 
    0x09462606, 0x0946ff97, 0x201f829a, 0x2003829e, 0x200382a3, 0x201b82ed, 0x200382ee, 0x200382ef, 0x200382f0, 0x201382f2, 0x260382f3, 0x008cfff4, 
    0x82020071, 0x82032005, 0x82042003, 0x82052003, 0x82062003, 0x82072003, 0x82082003, 0x82092003, 0x820a2003, 0x820b2003, 0x820c2003, 0x820d2003, 
    0x820e2003, 0x820f2003, 0x82102003, 0x82112003, 0x82122003, 0x82132003, 0x82142003, 0x82152003, 0x82162003, 0x82172003, 0x82182003, 0x82192003, 
    0x821a2003, 0x821b2003, 0x821c2003, 0x821d2003, 0x821e2003, 0x821f2003, 0x82202003, 0x82212003, 0x82222003, 0x82232003, 0x82242003, 0x82252003, 
    0x82262003, 0x82272003, 0x82282003, 0x82292003, 0x822a2003, 0x822b2003, 0x822c2003, 0x822d2003, 0x822e2003, 0x822f2003, 0x82302003, 0x82312003, 
    0x82322003, 0x82332003, 0x82342003, 0x82352003, 0x82362003, 0x82372003, 0x82382003, 0x82392003, 0x823a2003, 0x823b2003, 0x823c2003, 0x823d2003, 
    0x823e2003, 0x823f2003, 0xff402803, 0xff0a018c, 0x820b010c, 0x820c2003, 0x820d2003, 0xff0e2203, 0x20ad4b0c, 0x8cffd522, 0x2008fb53, 0x4f0b82f8, 
    0x0b231353, 0x4b048cff, 0x035413a1, 0x79062812, 0x7a0669ff, 0x820769ff, 0x820720bb, 0x820720af, 0x050825a7, 0x06088cff, 0x07200382, 0x08200382, 
    0x09200382, 0x0a240382, 0x6f098cff, 0x8b200382, 0xae240382, 0x280a8cff, 0x29230382, 0x820b8cff, 0x750021c7, 0x25330b58, 0x80ffc801, 0x0382c901, 
    0x0382ca20, 0xafffcb24, 0x0382cc01, 0x0382cd20, 0x0382ce20, 0x0382cf20, 0x0382d020, 0x0382d120, 0x69ffd824, 0x0382d901, 0x0382da20, 0x0382db20, 
    0x0382dc20, 0x0382dd20, 0x0382de20, 0x0382df20, 0x0382e020, 0x0382e120, 0x0382e220, 0x0382e320, 0x0382e420, 0x0382e520, 0x0382e620, 0x0382eb20, 
    0x0382ec20, 0x69ffef28, 0xbbffd403, 0x0382d603, 0x0382d720, 0x0382d820, 0x0382d920, 0x0382db20, 0x0382dc20, 0x0382dd20, 0x0382de20, 0x0382df20, 
    0x0382e020, 0x0382e520, 0x0382e620, 0x0382e720, 0x0382e820, 0x0382e920, 0x0382ea20, 0x0382eb20, 0x0382ec20, 0x0382ed20, 0x0382ee20, 0x0382ef20, 
    0x0382f020, 0x0382f120, 0x0382f220, 0x0382f320, 0x0382f420, 0x0382f520, 0x0382f620, 0x0382f720, 0x0382fc20, 0xbbfffd2c, 0x69ff1104, 0x80ff2b04, 
    0x03823904, 0x200b0759, 0x300f8253, 0x048cff54, 0x05bbffe4, 0x06bbff1c, 0x06afff18, 0x20038219, 0x2303821a, 0x08afff1b, 0x25062359, 0x80ff3e08, 
    0x0f823f08, 0x03824020, 0x03824120, 0x69ff4424, 0x03824508, 0x03824620, 0xbbff8d24, 0x03828e08, 0x03828f20, 0x03829020, 0x03829320, 0x03829420, 
    0xbbff9528, 0x8cff2909, 0x03828509, 0x80ff9124, 0x07829509, 0x69ff9624, 0x03829709, 0x1b82b420, 0x0382b820, 0x0382b920, 0x0382d120, 0x1f82ed20, 
    0x0382ee20, 0x0382ef20, 0x80fff02a, 0x02009900, 0x0300afff, 0x04200382, 0x05200382, 0x06200382, 0x07200382, 0x08200382, 0x09200382, 0x0a200382, 
    0x0b200382, 0x0c200382, 0x0d200382, 0x0e200382, 0x0f200382, 0x10200382, 0x11200382, 0x12200382, 0x13200382, 0x14200382, 0x15200382, 0x16200382, 
    0x17200382, 0x18200382, 0x19200382, 0xe1820382, 0xe1820020, 0x821c0021, 0x821d200b, 0x821e2003, 0x821f2003, 0x82202003, 0x82212003, 0x82222003, 
    0x82232003, 0x82242003, 0x82252003, 0x82262003, 0x82272003, 0x82282003, 0x82292003, 0x822a2003, 0x822b2003, 0x822c2003, 0x822d2003, 0x822e2003, 
    0x822f2003, 0x82302003, 0x82312003, 0x82322003, 0x82332003, 0x82342003, 0x82352003, 0x82362003, 0x82372003, 0x82382003, 0x82392003, 0x823a2003, 
    0x823b2003, 0x823c2003, 0x823d2003, 0x823e2003, 0x823f2003, 0xff402203, 0x136d54af, 0x2636e542, 0xffc90198, 0x82ca0198, 0x82f02003, 0x82f12057, 
    0x82f22003, 0x82f32003, 0x82f42003, 0x82f52003, 0x82f62003, 0x82f72003, 0x82f82003, 0x82f92003, 0xfffa2403, 0x82d503af, 0x2d0f8203, 0xafff0b04, 
    0x8cff1104, 0x98ff2b04, 0x03823904, 0x2a0d3942, 0xff540498, 0xffb2058c, 0x82ca0598, 0x82ce2007, 0xffd02403, 0x82d10500, 0xffdd2403, 0x82de052f, 
    0xffdf2303, 0xfb82072f, 0xef820720, 0xe7820720, 0xff570725, 0x82fa078c, 0x82fd2013, 0xffff2807, 0xff03088c, 0x82040800, 0xff052403, 0x820608af, 
    0x82072003, 0x82082003, 0x82092003, 0x420a2003, 0x98220c7d, 0x0f824708, 0x03824820, 0x2fffcd24, 0x0382ce08, 0x2fffd128, 0x00ff1009, 0x03821109, 
    0x8cff2928, 0xafff6f09, 0x07828509, 0x07828b20, 0x98ff9124, 0x0b829509, 0x0b82ae20, 0x0b82ed20, 0x0382ee20, 0x0382ef20, 0x98fff03a, 0xafff280a, 
    0xafff290a, 0xafff400b, 0x1b02ff00, 0xa502bbff, 0xfe028cff, 0xff280782, 0x0003bbff, 0x01038cff, 0x02200382, 0x03200b82, 0x04200382, 0x05200382, 
    0x06200382, 0x07200382, 0x08200382, 0x09200382, 0x0b200382, 0x0c200382, 0x0d200382, 0x0e200382, 0x0f200382, 0x10200382, 0x11200382, 0x12200382, 
    0x13200382, 0x14200382, 0x4b200382, 0x4c200382, 0x4e200382, 0x4f200382, 0x50200382, 0x53200382, 0x54200382, 0x55200382, 0x56200382, 0x5a200382, 
    0x5b200382, 0x5c200382, 0x5d200382, 0x5e200382, 0x5f200382, 0x60200382, 0x61200382, 0x62200382, 0x63200382, 0x64200382, 0x93200382, 0x94209b82, 
    0x95200382, 0x96200382, 0x97200382, 0x98200382, 0x99200382, 0x9a200382, 0x9b200382, 0x9c200382, 0x9d200382, 0x9e200382, 0x9f200382, 0xa0200382, 
    0xa1200382, 0xa2200382, 0xa3200382, 0xa4200382, 0xa5200382, 0xa6200382, 0xa7200382, 0xa8200382, 0xa9200382, 0xaa200382, 0xab200382, 0xac200382, 
    0xad200382, 0xae200382, 0xaf200382, 0xb0200382, 0xb1200382, 0xb2200382, 0xb3200382, 0xb4240382, 0x7004bbff, 0x82200382, 0x83200382, 0x84200382, 
    0x85200382, 0x86200382, 0x87200382, 0x88200382, 0x89200382, 0x8a200382, 0x8b200382, 0x8c200382, 0x8d200382, 0x8e200382, 0x8f200382, 0x90200382, 
    0x91200382, 0x92200382, 0x93200382, 0x94200382, 0x95200382, 0x96200382, 0x97200382, 0x98200382, 0x99200382, 0xae200382, 0xb0200382, 0xb1200382, 
    0xb2200382, 0xb3200382, 0xb7200382, 0xb8200382, 0xb9200382, 0xba200382, 0xbb200382, 0xbc200382, 0xbd200382, 0xbe200382, 0xbf200382, 0xc0200382, 
    0xc1200382, 0xc2200382, 0xc3200382, 0xc4200382, 0xc5200382, 0xc6200382, 0xc7200382, 0xc8200382, 0xe5200382, 0xe6200382, 0xe7200382, 0xe8200382, 
    0xee200382, 0xef200382, 0xf0200382, 0xf1200382, 0xf2200382, 0xf3200382, 0xf8200382, 0xf9200382, 0xfa200382, 0xfb200382, 0xfc200382, 0xfd200382, 
    0xfe200382, 0xff240382, 0x0405bbff, 0x05240382, 0x09058cff, 0x0a200782, 0x0b200382, 0x11200382, 0x13200382, 0x15200382, 0x16200382, 0x3d200382, 
    0x42240382, 0x450575ff, 0x49200782, 0x4c200382, 0x71240b82, 0x86055eff, 0x87200382, 0x89200382, 0x8c200382, 0x91200382, 0xaf201b82, 0xb3201b82, 
    0xcf820b82, 0x82bf0521, 0xffd02407, 0x82d1050c, 0xffdd2403, 0x82de053b, 0x82df2003, 0xffe12403, 0x82e20580, 0x82e32003, 0x82e42003, 0x82e52003, 
    0xffe82827, 0xffe9059e, 0x82ea05d8, 0x82eb2007, 0xffec2407, 0x82f20546, 0x82f32017, 0x82f52003, 0x82f82003, 0xffff2403, 0x8200065e, 0x82022003, 
    0x82052003, 0x82062003, 0xff073003, 0xff79062f, 0xff7a0618, 0xff0d0718, 0x820e075e, 0x820f2003, 0xfff42403, 0x82f507bb, 0xfffa3003, 0xfffb073b, 
    0xfffc0780, 0xff030880, 0x8204080c, 0xff6d2403, 0x826e08bb, 0x826f2003, 0x82702003, 0x82782003, 0x82792003, 0x827a2003, 0x827b2003, 0xff842403, 
    0x8285088c, 0x82862003, 0x82872003, 0x82882003, 0x82892003, 0x828a2003, 0x828b2003, 0x828c2003, 0x82be2003, 0x82c22027, 0x82c52003, 0x82c62003, 
    0x82c92003, 0x82cb2003, 0xffcd2403, 0x82ce083b, 0x82cf2003, 0x82d0206f, 0x82d12003, 0xffd4240b, 0x82d5085e, 0xffd7280b, 0xff0a0980, 0x820b09bb, 
    0xff102403, 0x8211090c, 0x82522003, 0x2183820b, 0x0782a609, 0x0382a720, 0x0382a920, 0x0382aa20, 0x0382ab20, 0x0382ad20, 0x0382c120, 0x09216782, 
    0x200782c7, 0x2e0382d5, 0x0abbffd6, 0x0b80ff17, 0x008cff4c, 0x82bf0002, 0x003c2a03, 0x00490000, 0x003b005e, 0x0801827a, 0x89005122, 0x52008c00, 
    0xc600a100, 0xc9005600, 0x7c00cc00, 0xd400d100, 0xd6008000, 0x8400da00, 0xe300dc00, 0xe6262182, 0x9100e800, 0x0182ea00, 0x09019436, 0x95004401, 
    0x75014601, 0x7701d100, 0x01017e01, 0xa8019b01, 0x5c081582, 0x01c101aa, 0x01c70117, 0x012f01d4, 0x011a02d6, 0x021c023d, 0x0282011e, 0x01560223, 
    0x02580285, 0x02b90159, 0x0164025b, 0x026602bb, 0x02c50185, 0x01890287, 0x028b02e5, 0x02e8018c, 0x01910290, 0x029302ea, 0x02ec0193, 0x01a4029e, 
    0x02a802ed, 0x02f401cd, 0x02d702cf, 0x02d9021a, 0x0b4582e3, 0xee02e5c6, 0xf0022e02, 0x3802f302, 0xfc02f502, 0xfe023c02, 0x44020003, 0x06030203, 
    0x09034702, 0x4c020a03, 0x14030c03, 0x16034e02, 0x57021903, 0x48031b03, 0x4a035b02, 0x89025003, 0x52035203, 0x54039002, 0x91025703, 0x64035903, 
    0x76039502, 0xa1027603, 0x7a037903, 0x7d03a202, 0xa4027d03, 0x95037f03, 0x9703a502, 0xbc02b003, 0xb403b203, 0xd403d602, 0xd902d903, 0xe003db03, 
    0xe603df02, 0xe502f803, 0x0104fc03, 0x0304f802, 0xfe020c04, 0x11040e04, 0x2b040803, 0x0c032b04, 0x30042d04, 0x33040d03, 0x11033404, 0x3b043604, 
    0x3d041303, 0x19033d04, 0x4a044004, 0x4d041a03, 0x25034d04, 0x6f045304, 0x71042603, 0x43037204, 0x81047404, 0x9a044503, 0x53039a04, 0x9c049c04, 
    0x9e045403, 0x55039e04, 0xa604a104, 0xa8045603, 0x5c03b304, 0xe404b504, 0xe7046803, 0x9803e904, 0x0105ed04, 0x05059b03, 0xb0030905, 0x14050b05, 
    0x1605b503, 0xbf031705, 0x1a051a05, 0x1c05c103, 0xc2031c05, 0x1f051e05, 0x2105c303, 0xc5032105, 0x2a052a05, 0x3405c603, 0xc7033405, 0x3e053d05, 
    0x4605c803, 0xca034605, 0x49054805, 0x7105cb03, 0xcd037105, 0x89058605, 0x8c05ce03, 0xd2038d05, 0x91059105, 0x9505d403, 0xd5039505, 0x9a059a05, 
    0x9c05d603, 0xd7039d05, 0x9f059f05, 0xa305d903, 0xda03a305, 0xa505a505, 0xb005db03, 0xdc03b005, 0xb305b205, 0xb805dd03, 0xdf03bd05, 0xbf05bf05, 
    0xc305e503, 0xe603c405, 0xcb05ca05, 0xce05e803, 0xea03d105, 0xd605d605, 0xe105ee03, 0xef03e105, 0xe505e405, 0xe805f003, 0xf203eb05, 0xed05ed05, 
    0xf205f603, 0xf703f505, 0xf805f805, 0xff05fb03, 0xfc030206, 0x07060506, 0x0c060004, 0x03040c06, 0x0e060e06, 0x18060404, 0x05041c06, 0x1f061f06, 
    0x58060a04, 0x0b047706, 0x7a067906, 0x7c062b04, 0x2d047c06, 0x83067f06, 0x86062e04, 0x33048806, 0x0a070807, 0x20073604, 0x39042207, 0x35073507, 
    0x39073c04, 0x3d043907, 0x43073c07, 0x5e073e04, 0x46045e07, 0xee07ec07, 0xf1074704, 0x4a04f507, 0xf807f707, 0xfb074f04, 0x51040008, 0x0a080308, 
    0x0d085704, 0x5f040f08, 0x14081408, 0x16086204, 0x63041808, 0x2b081b08, 0x33086604, 0x77043b08, 0x48083d08, 0x4e088004, 0x8c045d08, 0x7b085f08, 
    0x81089c04, 0xb9049008, 0x9f089308, 0xa108c904, 0xd604a508, 0xb208b108, 0xb408db04, 0xdd04b508, 0xbb08bb08, 0xbe08df04, 0xe004c208, 0xc908c408, 
    0xcb08e504, 0xeb04cb08, 0xd008cf08, 0xd408ec04, 0xee04d508, 0xeb08eb08, 0x0209f004, 0xf1040409, 0x0b090709, 0x0d09f404, 0xf9040e09, 0x11091009, 
    0x1909fb04, 0xfd041909, 0x1c091b09, 0x2609fe04, 0x00052609, 0x29092909, 0x40090105, 0x02054009, 0x45094509, 0x52090305, 0x04055409, 0x5b095b09, 
    0x6f090705, 0x08057009, 0x72097209, 0x7d090a05, 0x0b058509, 0x8c098709, 0x91091405, 0x1a059109, 0x97099409, 0x99091b05, 0x1f059a09, 0x9e099d09, 
    0xa3092105, 0x2305a309, 0xab09a509, 0xad092405, 0x2b05ae09, 0xb409b409, 0xb6092d05, 0x2e05b909, 0xbe09bc09, 0xc1093205, 0x3505c709, 0xcb09c909, 
    0xd1093c05, 0x3f05d109, 0xd609d609, 0xe9094005, 0x4105f409, 0xf809f809, 0x170a4d05, 0x4e05170a, 0x290a280a, 0x330a4f05, 0x5105340a, 0x400b400b, 
    0x4a0b5305, 0x54054a0b, 0x4c0b4c0b, 0x520b5505, 0x5605530b, 0x41009e01, 0x42004500, 0x43200382, 0x44200382, 0x45200382, 0x46200382, 0x47200382, 
    0x48200382, 0x54200382, 0x55200382, 0x56200382, 0x57200382, 0x58200382, 0x59200382, 0x5a200382, 0x5b200382, 0x5c200382, 0x5d200382, 0x5e200382, 
    0x5f200382, 0x60200382, 0x61200382, 0x62200382, 0x63200382, 0x64200382, 0x65200382, 0x66200382, 0x67200382, 0x68200382, 0x69200382, 0x6a200382, 
    0x6b200382, 0x6c200382, 0x6d200382, 0x6e200382, 0x6f200382, 0x70200382, 0x71200382, 0x72200382, 0x73200382, 0x74200382, 0x75200382, 0x76200382, 
    0x77200382, 0x78200382, 0x79200382, 0x7b200382, 0x84200382, 0x85200382, 0x86200382, 0x87200382, 0x88200382, 0x89200382, 0x8b200382, 0xa1200382, 
    0xa2200382, 0xa3200382, 0xa4200382, 0xa5200382, 0xa6200382, 0xa7200382, 0xa8200382, 0xa9200382, 0xaa200382, 0xab200382, 0xac200382, 0xad200382, 
    0xae200382, 0xaf200382, 0xb0200382, 0xb1200382, 0xb2200382, 0xb3200382, 0xb4200382, 0xb5200382, 0xb6200382, 0xb7200382, 0xb8200382, 0xb9200382, 
    0xba200382, 0xbb200382, 0xbc200382, 0xbd200382, 0xbe200382, 0xbf200382, 0xc0200382, 0xc1200382, 0xc2200382, 0xc3200382, 0xc4200382, 0xc5200382, 
    0xc6200382, 0xc9200382, 0xca200382, 0xcb200382, 0xcc200382, 0xd1200382, 0xd2200382, 0xd3200382, 0xd6200382, 0xd7200382, 0xd8200382, 0xd9200382, 
    0xe8200382, 0xea240382, 0x0f014500, 0x10200382, 0x11200382, 0x12200382, 0x13200382, 0x14200382, 0x16200382, 0x17200382, 0x18200382, 0x19200382, 
    0x1a200382, 0x1b200382, 0x1c200382, 0x1d200382, 0x1e200382, 0x1f200382, 0x20200382, 0x21200382, 0x22200382, 0x23200382, 0x24200382, 0x25200382, 
    0x26200382, 0x27200382, 0x28200382, 0x29200382, 0x2a200382, 0x2b200382, 0x2c200382, 0x2d200382, 0x2e200382, 0x2f200382, 0x30200382, 0x31200382, 
    0x32200382, 0x33200382, 0x34200382, 0x35200382, 0x37200382, 0x38200382, 0x39200382, 0x3a200382, 0x3b200382, 0x3c200382, 0x3d200382, 0x3e200382, 
    0x3f200382, 0x40200382, 0x77200382, 0x78200382, 0x79200382, 0x7a200382, 0x7b200382, 0x7c200382, 0x7d200382, 0x80200382, 0x81200382, 0x82200382, 
    0x83200382, 0x84200382, 0x85200382, 0x86200382, 0x87200382, 0x88200382, 0x89200382, 0x8a200382, 0x8b200382, 0x8c200382, 0x9a240382, 0x42024500, 
    0x44200382, 0x45200382, 0x46200382, 0x47200382, 0x48200382, 0x49200382, 0x88200382, 0x8a200382, 0x2f820382, 0x2f820220, 0x828d0221, 0x828f200b, 
    0x829e2003, 0x829f2003, 0x82a02003, 0x82a12003, 0x82a22003, 0x82a32003, 0x82a42003, 0x82a52003, 0x82a82003, 0x82a92003, 0x82aa2003, 0x82ab2003, 
    0x82ac2003, 0x82ad2003, 0x82ae2003, 0x82af2003, 0x82b02003, 0x82c22003, 0x82d62003, 0x82d72003, 0x82d92003, 0x82da2003, 0x82db2003, 0x82dc2003, 
    0x82dd2003, 0x82df2003, 0x82e02003, 0x82e12003, 0x00e22403, 0x82e30251, 0x82e42007, 0x82e62003, 0x82e72003, 0x82e82003, 0x82e92003, 0x82ea2003, 
    0x82eb2003, 0x82ec2003, 0x82ed2003, 0x82ee2003, 0x82ef2003, 0x82f42003, 0x82f52003, 0x82f62003, 0x82f72003, 0x82f82003, 0x82f92003, 0x82fa2003, 
    0x82fb2003, 0x00fc2403, 0x82000345, 0x82012003, 0x824d2003, 0x82762003, 0x82772003, 0x82892003, 0x21f38203, 0x07828b03, 0x0321f382, 0x2007828d, 
    0x2003828e, 0x2003828f, 0x20038290, 0x20038291, 0x20038292, 0x20038293, 0x20038294, 0x20038295, 0x20038296, 0x20038297, 0x20038298, 0x20038299, 
    0x2003829a, 0x2003829b, 0x2003829c, 0x2003829d, 0x2003829e, 0x2003829f, 0x200382a0, 0x200382a1, 0x200382a2, 0x200382a3, 0x200382a4, 0x200382a5, 
    0x200382a6, 0x200382a7, 0x200382a8, 0x200382a9, 0x200382aa, 0x200382ab, 0x200382ac, 0x200382ad, 0x200382ae, 0x200382af, 0x200382b0, 0x200382b1, 
    0x240382b2, 0x044500b3, 0x20038209, 0x2003820a, 0x2003820e, 0x2003822c, 0x2003822d, 0x20038233, 0x20038234, 0x20038235, 0x20038238, 0x2003823b, 
    0x20038240, 0x20038242, 0x20038243, 0x20038245, 0x20038246, 0x20038248, 0x2003824a, 0x8203824c, 0x050525ff, 0x27054500, 0x33820382, 0x33820520, 
    0x823c0521, 0x00b0280b, 0x001d0645, 0x82010745, 0x193f2003, 0x20126d06, 0x2013825e, 0x200382ec, 0x200382ed, 0x200382ee, 0x200382ef, 0x200382f1, 
    0x200382f2, 0x240382f3, 0x084500f8, 0x2003820b, 0x2003820c, 0x2003820e, 0x2003820f, 0x20038210, 0x20038211, 0x20038212, 0x20038213, 0x20038214, 
    0x20038216, 0x20038217, 0x20038218, 0x2003821b, 0x8203821c, 0x1e082177, 0x1f200782, 0x20200382, 0x21200382, 0x22200382, 0x23200382, 0x2b200382, 
    0xef820382, 0xef820820, 0x822e0821, 0x8254200b, 0x82552003, 0x825f2003, 0x82602003, 0x82612003, 0x82692003, 0x826a2003, 0x826b2003, 0x826c2003, 
    0x82842003, 0x82852003, 0x82862003, 0x82872003, 0x82882003, 0x82892003, 0x828a2003, 0x828b2003, 0x828c2003, 0x829f2003, 0x82a02003, 0x82a12003, 
    0x82a22003, 0x82a32003, 0x82a42003, 0x82a52003, 0x82af2003, 0x82b42003, 0x00ec2403, 0x82020945, 0x82032003, 0x82042003, 0x82052003, 0x82072003, 
    0x82082003, 0x82092003, 0x21e78203, 0x07821a09, 0x03821c20, 0x03823620, 0x03824720, 0x09219f82, 0x2007827d, 0x2003827e, 0x20038281, 0x20038282, 
    0x20038283, 0x20038288, 0x8203828a, 0x8e09217b, 0x8f200782, 0x99200382, 0xca200382, 0xcb200382, 0xe9200382, 0xea200382, 0xeb200382, 0x77830382, 
    0x0782f120, 0x4500f824, 0x03824c0b, 0x03825220, 0x45005324, 0x7946ae01, 0x008a23d4, 0x7d460051, 0x4779469b, 0x7d461520, 0x00362382, 0x81460151, 
    0x9b01257a, 0x9c014500, 0x9d200382, 0x9e200382, 0x9f200382, 0xa0200382, 0xa1200382, 0xa2200382, 0xa3200382, 0xa5200382, 0xa6200382, 0xa7200382, 
    0x2352b146, 0x025100a8, 0x6e1fad46, 0xb4200bfb, 0xb5202f82, 0xb6200382, 0x076f0382, 0x02512211, 0x201782bd, 0x6f0382be, 0x51210d0f, 0x1b9f6302, 
    0x2f82cc20, 0x2007a363, 0x650b82d2, 0x02200a1f, 0x20292547, 0x54254745, 0x51000a23, 0x32214703, 0x20289d46, 0x06a1463c, 0xa5464120, 0x4644200a, 
    0x042119a9, 0x05477054, 0x6417ad46, 0x452106c7, 0x13b14607, 0x45005723, 0x87b54607, 0x45003324, 0xbd463408, 0x82622016, 0x00632417, 0x82640851, 
    0x0b8b6503, 0x200fd546, 0x4ab5469e, 0xb1462920, 0x003d2306, 0xb5460951, 0x4685201b, 0x952016b9, 0x4626bd46, 0x51260bb9, 0x51004200, 0x03824300, 
    0x03824420, 0x03824520, 0x03824620, 0x03824720, 0x03824820, 0x03825420, 0x03825520, 0x03825620, 0x03825720, 0x03825820, 0x03825920, 0x03825a20, 
    0x03825b20, 0x03825c20, 0x03825d20, 0x03825e20, 0x03825f20, 0x03826020, 0x03826120, 0x03826220, 0x03826320, 0x03826420, 0x03826520, 0x03826620, 
    0x03826720, 0x03826820, 0x03826920, 0x03826a20, 0x03826b20, 0x03826c20, 0x03826d20, 0x03826e20, 0x03826f20, 0x03827020, 0x03827120, 0x03827220, 
    0x03827320, 0x03827420, 0x03827520, 0x03827620, 0x03827720, 0x03827820, 0x03827920, 0x03827b20, 0x03828420, 0x03828520, 0x03828620, 0x03828720, 
    0x03828820, 0x03828920, 0x45008a24, 0x07828b00, 0x0382a120, 0x0382a220, 0x0382a320, 0x0382a420, 0x0382a520, 0x0382a620, 0x0382a720, 0x0382a820, 
    0x0382a920, 0x0382aa20, 0x0382ab20, 0x0382ac20, 0x0382ad20, 0x0382ae20, 0x0382af20, 0x0382b020, 0x0382b120, 0x0382b220, 0x0382b320, 0x0382b420, 
    0x0382b520, 0x0382b620, 0x0382b720, 0x0382b820, 0x0382b920, 0x0382ba20, 0x0382bb20, 0x0382bc20, 0x0382bd20, 0x0382be20, 0x0382bf20, 0x0382c020, 
    0x0382c120, 0x0382c220, 0x0382c320, 0x0382c420, 0x0382c520, 0x0382c620, 0x0382ca20, 0x0382cb20, 0x0382cc20, 0x0382d120, 0x0382d220, 0x0382d320, 
    0x0382d620, 0x0382d720, 0x0382d820, 0x0382d920, 0x0382e820, 0x5100ea24, 0x03820f01, 0x03821020, 0x03821120, 0x03821220, 0x03821320, 0x03821420, 
    0x5d001524, 0x07821601, 0x03821720, 0x03821820, 0x03821920, 0x03821a20, 0x03821b20, 0x03821c20, 0x03821d20, 0x03821e20, 0x03821f20, 0x03822020, 
    0x03822120, 0x03822220, 0x03822320, 0x03822420, 0x03822520, 0x03822620, 0x03822720, 0x03822820, 0x03822920, 0x03822a20, 0x03822b20, 0x03822c20, 
    0x03822d20, 0x03822e20, 0x03822f20, 0x03823020, 0x03823120, 0x03823220, 0x03823320, 0x03823420, 0x03823520, 0x45003624, 0x07823701, 0x03823820, 
    0x03823920, 0x03823a20, 0x03823b20, 0x03823c20, 0x03823d20, 0x03823e20, 0x03823f20, 0x03824020, 0x03827720, 0x03827820, 0x03827920, 0x03827a20, 
    0x03827b20, 0x03827c20, 0x03827d20, 0x03828020, 0x03828120, 0x03828220, 0x03828320, 0x03828420, 0x03828520, 0x03828620, 0x03828720, 0x03828820, 
    0x03828920, 0x03828a20, 0x03828b20, 0x03828c20, 0x03829a20, 0x5d009b24, 0x03829c01, 0x03829d20, 0x03829e20, 0x03829f20, 0x0382a020, 0x0382a120, 
    0x0382a220, 0x0382a320, 0x0382a520, 0x0382a620, 0x5d00a728, 0x51004202, 0x03824402, 0x03824520, 0x03824620, 0x03824720, 0x03824820, 0x03824920, 
    0x03828820, 0x03828a20, 0x02205f82, 0x02215f82, 0x200b828d, 0x2003828f, 0x2003829e, 0x2003829f, 0x200382a0, 0x200382a1, 0x200382a2, 0x200382a3, 
    0x460382a4, 0x512205b9, 0x0b82aa02, 0x0382ab20, 0x0382ac20, 0x0382ad20, 0x0382ae20, 0x0382af20, 0x0382b020, 0x210db946, 0xb9460245, 0x02452105, 
    0x2011b946, 0x06b94645, 0x46024521, 0xb9770db9, 0x0bcd7505, 0x25091b6b, 0x00cc0245, 0xb9460245, 0x02452205, 0x200b82d2, 0x200382d3, 0x200382d4, 
    0x200382d5, 0x207f82d6, 0x200382d7, 0x200382d9, 0x200382da, 0x200382db, 0x200382dc, 0x200382dd, 0x200382df, 0x200382e0, 0x4d0382e1, 0x512205df, 
    0x0b82e402, 0x0382e620, 0x0382e720, 0x0382e820, 0x0382e920, 0x0382ea20, 0x0382eb20, 0x0382ec20, 0x0382ed20, 0x0382ee20, 0x0382ef20, 0x0382f420, 
    0x0382f520, 0x0382f620, 0x0382f720, 0x0382f820, 0x0382f920, 0x0382fa20, 0x0382fb20, 0x5100fc28, 0x45000a03, 0x07824d03, 0x03827620, 0x03827720, 
    0x03828920, 0x03828a20, 0x03828b20, 0x03828c20, 0x03828d20, 0x03828e20, 0x03828f20, 0x03829020, 0x03829120, 0x51009224, 0x03820904, 0x03820a20, 
    0x03820e20, 0x03822c20, 0x03822d20, 0x03823320, 0x03823420, 0x03823520, 0x03823820, 0x03823b20, 0x5d003c24, 0x07824004, 0x07824120, 0x07824220, 
    0x03824320, 0x0b824420, 0x07824520, 0x03824620, 0x03824820, 0x03824a20, 0x03824c20, 0x042c8782, 0x055d0054, 0x0545000d, 0x05510027, 0x05204382, 
    0x05214382, 0x240b823c, 0x065100b0, 0x2803821d, 0x07450023, 0x07510001, 0x2003823f, 0x20038240, 0x20038241, 0x20038242, 0x24038243, 0x075d0057, 
    0x2007825e, 0x200382ec, 0x200382ed, 0x200382ee, 0x200382ef, 0x200382f1, 0x200382f2, 0x240382f3, 0x085100f8, 0x2003820b, 0x2003820c, 0x2003820e, 
    0x2003820f, 0x20038210, 0x20038211, 0x20038212, 0x20038213, 0x20038214, 0x20038216, 0x20038217, 0x20038218, 0x2003821b, 0x8203821c, 0x1e08217f, 
    0x1f200782, 0x20200382, 0x21200382, 0x22200382, 0x23200382, 0x2b200382, 0x2c200382, 0x2d200382, 0x2e200382, 0x33240382, 0x34085d00, 0x54200382, 
    0x55200b82, 0x5f200382, 0x60200382, 0x61200382, 0xb9460382, 0x08452305, 0x456c0064, 0x0845220b, 0x201b8269, 0x2003826a, 0x2003826b, 0x4603826c, 
    0x512205b9, 0x0b82a008, 0x0382a120, 0x0382a220, 0x0382a320, 0x0382a420, 0x0382a520, 0x0382af20, 0x0382b420, 0x5100ec24, 0x03820209, 0x03820320, 
    0x03820420, 0x03820520, 0x03820720, 0x03820820, 0x03820920, 0x0925e782, 0x095d0029, 0x05676d36, 0x82470921, 0x21978207, 0x07827d09, 0x03827e20, 
    0x03828120, 0x03828220, 0x03828320, 0x27828520, 0x07828820, 0x03828a20, 0x03828c20, 0x03828e20, 0x03828f20, 0x17829520, 0x07829920, 0x0382ca20, 
    0x0382cb20, 0x0382e920, 0x0382ea20, 0x0382eb20, 0xf1207f83, 0xf8240782, 0x520b5100, 0x53240382, 0xec025100, 0x2420734d, 0x00afff49, 0x2003824a, 
    0x2003824b, 0x2003824c, 0x2003824d, 0x2003824e, 0x2003824f, 0x20038250, 0x20038251, 0x20038252, 0x54038253, 0x8a28b319, 0x8b00c500, 0x8d004500, 
    0x8e20bf82, 0x8f200382, 0x90200382, 0x91200382, 0x92200382, 0x93200382, 0x94200382, 0x95200382, 0x96200382, 0x97200382, 0xa1200382, 0xa2202f82, 
    0xa3200382, 0xa4200382, 0x49540382, 0x48cb4d87, 0x018cff22, 0x227f4954, 0x4dc50036, 0x412428cb, 0x4201afff, 0x43200382, 0x44200382, 0x45200382, 
    0x46200382, 0x47200382, 0x48200382, 0x49200382, 0x4a200382, 0x4b200382, 0x4c200382, 0x4d200382, 0x4e200382, 0x4f200382, 0x50200382, 0x51200382, 
    0x52200382, 0x53200382, 0x54200382, 0x55200382, 0x56200382, 0x57200382, 0x58200382, 0x59200382, 0x5a200382, 0x5b200382, 0x5c200382, 0x5d200382, 
    0x5e200382, 0x5f200382, 0x60200382, 0x61200382, 0x62200382, 0x63200382, 0x64200382, 0x65200382, 0x66200382, 0x67200382, 0x68200382, 0x69200382, 
    0x6a200382, 0x6b200382, 0x6c200382, 0x6d200382, 0x6e200382, 0x6f200382, 0x70200382, 0x71200382, 0x72200382, 0x73200382, 0x74200382, 0x75200382, 
    0x76200382, 0x25550382, 0x827e201b, 0x827f201f, 0x272d5503, 0x7c062555, 0x01212f9d, 0x206382a8, 0x200382a9, 0x200382aa, 0x200382ab, 0x200382ac, 
    0x200382ad, 0x200382ae, 0x200382af, 0x200382b0, 0x200382b1, 0x200382b2, 0x200382b3, 0x200382b4, 0x200382b5, 0x200382b6, 0x200382b7, 0x200382b8, 
    0x200382b9, 0x200382ba, 0x200382bb, 0x200382bc, 0x200382bd, 0x200382be, 0x200382bf, 0x200382c0, 0x200382c1, 0x200382c2, 0x200382c3, 0x200382c4, 
    0x200382c5, 0x200382c6, 0x240382c7, 0x015effc8, 0x240382c9, 0x025effca, 0x54334f1b, 0x334f4520, 0x136d482c, 0x480b6548, 0xc5250d5d, 0xc500c802, 
    0x06337e02, 0x82cf0221, 0x82d2200b, 0x82d32003, 0x82d42003, 0x82d52003, 0x7e134f03, 0x00fe0229, 0x00ff0245, 0x82020345, 0x82032003, 0x82042003, 
    0x82052003, 0x82062003, 0x82072003, 0x82082003, 0x82092003, 0x000a2403, 0x820b03c5, 0x820c2007, 0x820d2003, 0x820e2003, 0x820f2003, 0x82102003, 
    0x82112003, 0x82122003, 0x82132003, 0x82142003, 0x824b2003, 0x824c2003, 0x824d2003, 0x824e2003, 0x824f2003, 0x82502003, 0x82532003, 0x82542003, 
    0x82552003, 0x82562003, 0x825a2003, 0x825b2003, 0x825c2003, 0x825d2003, 0x825e2003, 0x825f2003, 0x82602003, 0x82612003, 0x82622003, 0x82632003, 
    0x56642003, 0xb42032d5, 0xd4243382, 0xd6035eff, 0xd7200382, 0xe5200382, 0xe6200382, 0xe7200382, 0xe8200382, 0xe9200382, 0xea200382, 0xeb200382, 
    0xec200382, 0xed200382, 0xee200382, 0xef200382, 0xf0200382, 0xf1200382, 0xf2200382, 0xf3200382, 0xf4200382, 0xf5200382, 0xf6200382, 0xf7200382, 
    0xfc200382, 0xfd220382, 0x17505eff, 0xff0c2808, 0x000e04af, 0x82100445, 0xff112407, 0x822b043b, 0x07c5561b, 0x74002f27, 0xa3ff3204, 0x0bcd5604, 
    0x13823620, 0x2b823720, 0x33823820, 0x2b823920, 0x0b823a20, 0x0b823b20, 0x8cff3c28, 0x23ff3d04, 0x0b824004, 0x0b824120, 0x2307e956, 0x0498ff44, 
    0x2007ed56, 0x203b8247, 0x201f8248, 0x56338249, 0x04210af5, 0x200f824e, 0x204b8253, 0x20378254, 0x201f8270, 0x20078271, 0x20078282, 0x20038283, 
    0x20038284, 0x20038285, 0x20038286, 0x20038287, 0x20038288, 0x20038289, 0x2003828a, 0x2003828b, 0x2003828c, 0x2003828d, 0x2003828e, 0x2003828f, 
    0x20038290, 0x20038291, 0x20038292, 0x20038293, 0x20038294, 0x20038295, 0x20038296, 0x20038297, 0x20038298, 0x20038299, 0x200382b0, 0x200382b1, 
    0x200382b2, 0x200382b3, 0x200382b7, 0x200382b8, 0x200382b9, 0x200382ba, 0x200382bb, 0x200382bc, 0x200382bd, 0x200382be, 0x200382bf, 0x200382c0, 
    0x200382c1, 0x200382c2, 0x200382c3, 0x200382c4, 0x200382c5, 0x200382c6, 0x200382c7, 0x200382c8, 0x24c782e4, 0x04a3ffe5, 0x200b82e6, 0x200382e7, 
    0x240382e8, 0x045d00ea, 0x200782ee, 0x200382ef, 0x200382f0, 0x200382f1, 0x200382f2, 0x200382f3, 0x201b82f5, 0x200382f6, 0x200382f7, 0x200f82f8, 
    0x200382f9, 0x200382fa, 0x200382fb, 0x200382fc, 0x200382fd, 0x240382fe, 0x054500ff, 0x20038204, 0x20038209, 0x2003820a, 0x2003820b, 0x2403820d, 
    0x055d0010, 0x20078211, 0x20038213, 0x20038215, 0x27038216, 0x075eff1c, 0x07afffea, 0x241b1558, 0x074500f4, 0x0e1d58f5, 0xafff0d23, 0x1b215808, 
    0x1f821520, 0x202f2558, 0x20338224, 0x20038225, 0x20038226, 0x20038227, 0x20038228, 0x20038229, 0x5803822a, 0x33240f41, 0x34088cff, 0x35200382, 
    0x36201b82, 0x37200382, 0x38200382, 0x39200382, 0x3a200382, 0x3b200382, 0x3c200382, 0x3d200382, 0x3e230382, 0x58085eff, 0x42181371, 0x67230bd7, 
    0x5108c500, 0x6d240fab, 0x6e084500, 0x6f200382, 0x70200382, 0x78200382, 0x79200382, 0x7a200382, 0x7b200382, 0x8d200382, 0x93205782, 0x94200382, 
    0x95200382, 0xdb510382, 0x82b12023, 0x82b4208f, 0x82b5203b, 0x82be2007, 0x82c22007, 0x82c52003, 0x82c62003, 0x82c92003, 0x58cb2003, 0x002206b1, 
    0xb558afff, 0x000a241c, 0x580b0945, 0x292406bd, 0x36098cff, 0x3d240b82, 0x4709c500, 0x52200782, 0x8206c158, 0x14c558b3, 0x5b828420, 0x33828520, 
    0x2413cd58, 0x095eff91, 0x201f8292, 0x20038294, 0x20238295, 0x204b8299, 0x200b829d, 0x200782a6, 0x200382a7, 0x200382a9, 0x200382aa, 0x200382ab, 
    0x200382ad, 0x202f82b4, 0x200382b8, 0x200382b9, 0x820f82c1, 0xc70921cf, 0x200a1159, 0x201782d1, 0x200f82d5, 0x121d59d6, 0x1b82ed20, 0x0382ee20, 
    0x0382ef20, 0x0382f020, 0x08072d59, 0x45005336, 0x00000100, 0xce000a00, 0x02001800, 0x544c4644, 0x616cbc01, 0xc0016e74, 0xc8015a00, 0xd801d001, 
    0xe801e001, 0xf801f001, 0x08020002, 0x18021002, 0x28022002, 0x30340182, 0x40023802, 0x48022803, 0x5002c002, 0x60025802, 0x6802b002, 0x70200382, 
    0x78200382, 0x80200382, 0x88200382, 0x90200382, 0x98200382, 0xa0200382, 0xa8200382, 0xb8200382, 0x63082f82, 0x02d002c8, 0x04e002d8, 0x02e80222, 
    0x05f802f0, 0x04000364, 0x03080330, 0x03180310, 0x03280320, 0x03380330, 0x04480340, 0x03500318, 0x03600358, 0x03700368, 0x03800378, 0x03900388, 
    0x03a00398, 0x03b003a8, 0x03c003b8, 0x03d003c8, 0x03e003d8, 0x03f003e8, 0x040004f8, 0x00100408, 0x6c616129, 0x635c0474, 0x74320583, 0x65736163, 
    0x63638a03, 0x8004706d, 0x31307663, 0x05829003, 0x96033222, 0x33220582, 0x05829c03, 0xa2033422, 0x35220582, 0x0582a803, 0xae033622, 0x37220582, 
    0x0582b403, 0xba033822, 0x39280582, 0x7663c003, 0xc6033031, 0x31220582, 0x0582cc03, 0xd2033222, 0x33220582, 0x0582d803, 0xde03343a, 0x67696c64, 
    0x6e646404, 0xe4036d6f, 0x63617266, 0x6f6c9004, 0xea036c63, 0xf0200584, 0xf62d0584, 0x726d756e, 0x726ffc03, 0x6c046e64, 0x220c8270, 0x83730204, 
    0x73082c9b, 0x04666e69, 0x3073730e, 0x82140431, 0x04322205, 0x2205821a, 0x82200433, 0x04342205, 0x22058226, 0x822c0435, 0x04362205, 0x22058232, 
    0x82380437, 0x04382f05, 0x6275733e, 0x73440473, 0x04737075, 0x4d83744a, 0x7a502a08, 0x046f7265, 0x00360456, 0x00320400, 0x54414303, 0x4d840420, 
    0x04204c4f, 0x4d4f52d8, 0x002c0520, 0x00000001, 0x002e1c01, 0x21078303, 0x0f85f617, 0x005a0523, 0x210f8306, 0x0f857c09, 0x008e0823, 0x230f8304, 
    0x0500e410, 0x05210783, 0x210f85b6, 0x07855605, 0x86ac0e21, 0x85ac2017, 0x4605210f, 0x0f210785, 0x213f8514, 0x4f851005, 0x855e0521, 0x2e052117, 
    0x7f840788, 0x868a0921, 0x85a4201f, 0xe604212f, 0x87840f88, 0x85c00521, 0x0406210f, 0xf8200786, 0x07210785, 0x2007862c, 0x20078586, 0x211f8608, 
    0x0f861a08, 0x07865220, 0x57856c20, 0x88d20821, 0x21778487, 0x0f86ea08, 0x1f857420, 0x07860420, 0x866e0d21, 0x85aa209f, 0x8e042107, 0x0521078d, 
    0x212f85a8, 0x0782da0c, 0x01000824, 0x07852207, 0x86880421, 0x828a2007, 0x2117822f, 0x2785aa04, 0x862e0b21, 0x85822007, 0x7c0e2107, 0xf4200786, 
    0x20066f41, 0x8207856e, 0x0004253f, 0x04010000, 0x17212f86, 0x21178528, 0x0785f608, 0x1b820c20, 0x08211f83, 0x210f8586, 0x07858e0b, 0x854a1421, 
    0x46152107, 0x18200785, 0xdf415f86, 0x3a052107, 0x05211785, 0x20078648, 0x20078656, 0x21078564, 0x07857007, 0x77860a20, 0x85720321, 0xc408210f, 
    0x05210785, 0x20078552, 0x87378606, 0xe603218f, 0xca201786, 0x03230785, 0x82060040, 0x0402249f, 0x844a0438, 0x05042809, 0x053e052e, 0x82780566, 
    0x00082c0d, 0x06960505, 0x05a80532, 0x82cc05ba, 0x00012a25, 0x00f4082e, 0x084c0001, 0x220582fc, 0x8204094d, 0x094e2205, 0x2205820c, 0x8214094f, 
    0x09502205, 0x2205821c, 0x82240951, 0x09522205, 0x2205822c, 0x82340953, 0x09542205, 0x2205823c, 0x82440955, 0x09562205, 0x2205824c, 0x82540957, 
    0x09582205, 0x2005825c, 0x20598459, 0x20058413, 0x2005840e, 0x2005840d, 0x2005840c, 0x20058412, 0x2005843d, 0x27058443, 0x00740711, 0x07440001, 
    0x4522f183, 0x0b827007, 0x6e074622, 0x47220582, 0x05826c07, 0x6a074822, 0x49220582, 0x05826807, 0x66074a22, 0x4b200582, 0x3b203584, 0x3c200584, 
    0x3e200584, 0x3f200584, 0x02200582, 0x00260984, 0x36000200, 0x0b823a00, 0x40000224, 0x07824200, 0x2f000428, 0x33003000, 0x0b823400, 0x0300062c, 
    0x06000500, 0x09000800, 0x0f820b00, 0x14000d39, 0x18001600, 0x1c001a00, 0x20001e00, 0x24002200, 0x28002600, 0x42002a00, 0x7e0805db, 0x0e9c0e3d, 
    0x0ec40eb0, 0x0fec0ed8, 0x0ffa0d00, 0x10a00f14, 0x0e84117c, 0x0f280f0c, 0x119410b6, 0x0f1e0e9e, 0x10cc0f3c, 0x0db811ac, 0x0f300e50, 0x0d420e50, 
    0x0f540e60, 0x10e20f64, 0x0e660ec4, 0x0f780f78, 0x11dc10f8, 0x108c0fd2, 0x10f4100e, 0x110c1124, 0x122411ec, 0x0e021306, 0x113a108a, 0x1320123c, 
    0x1008141e, 0x12541150, 0x143a133a, 0x11661026, 0x1354126c, 0x00441456, 0x82ffff00, 0x0000248b, 0x82020001, 0x840420b5, 0x840720b7, 0x000a32b9, 
    0x000c000b, 0x000e000d, 0x0010000f, 0x00120011, 0x22c78213, 0x82190018, 0x821b20c7, 0x821d20c9, 0x821f20cb, 0x822120cd, 0x002324cf, 0x82250024, 
    0x82272047, 0x205183d5, 0xa7f58227, 0x00152151, 0x162053d1, 0x172053d2, 0x012a53a2, 0x10005019, 0xb2190100, 0x05820200, 0xda006e22, 0x0d200584, 
    0x3e220582, 0x05830100, 0x829c0721, 0x85822005, 0x7a19210f, 0x3a200782, 0x52200382, 0x36200382, 0x50200382, 0x32200382, 0x68200382, 0x2e200382, 
    0x66200382, 0x46200382, 0x44200382, 0x22200382, 0x022e0f84, 0x46194219, 0x74190200, 0x8a020200, 0x09828a02, 0x0300802a, 0x8b028802, 0x03008c02, 
    0x2a267384, 0x00006819, 0x0d860700, 0x60191c22, 0x0a200d82, 0x702a3b82, 0x32190400, 0x3a193619, 0x35823e19, 0x04006e26, 0x19061806, 0x0d820383, 
    0x04006c22, 0x082b4385, 0x1802009f, 0x19f01bb8, 0x82f01b38, 0x1b202217, 0x05334658, 0x82e01a21, 0x82302041, 0x000022c1, 0x26118217, 0x00621b01, 
    0x82ce1a01, 0x82012059, 0x862b2003, 0x00bc2623, 0x19e21a02, 0x2025840c, 0x26138219, 0x00a81a01, 0x84761801, 0x20278329, 0x2113832d, 0x49828a19, 
    0x00001622, 0x41202584, 0x78201184, 0x0c201182, 0x1b82118a, 0x00701a29, 0x1a961a03, 0x84c01896, 0x841b2027, 0x200830fb, 0x207e200c, 0x1c721c7e, 
    0x1bca1cca, 0x82fa2fe6, 0x00643215, 0x191a1908, 0x18021b08, 0x18be18e8, 0x18d618c2, 0x32b782dc, 0x05080062, 0x06590549, 0x06730642, 0x07a4068b, 
    0x82d10793, 0x00fe32d7, 0x09140908, 0x09120915, 0x09110913, 0x09160910, 0x202b8217, 0x2e2b824a, 0x065a054a, 0x06750644, 0x07a6068d, 0x82d20794, 
    0x82482015, 0x054c2e15, 0x0649065c, 0x0692067a, 0x079607ab, 0x201582d4, 0x2e158246, 0x065d054d, 0x067d064c, 0x07ae0695, 0x82d50797, 0x82442015, 
    0x054e2e15, 0x0650065e, 0x06990681, 0x079807b2, 0x201582d6, 0x2e158242, 0x065b054b, 0x06780647, 0x07a90690, 0x82d30795, 0x00002aed, 0x188e1702, 
    0x18010032, 0x20f18248, 0x24038203, 0x18841702, 0x200f8230, 0x260f8638, 0x00741901, 0x839a1904, 0x45172001, 0x1d200599, 0x56223786, 0x2382fa17, 
    0x03820120, 0x11863120, 0xf6174a22, 0x32201186, 0x01261184, 0x05003819, 0x01855e19, 0x00881722, 0x1f202b83, 0x17241985, 0x1a0100dc, 0x2005e145, 
    0x23118237, 0x00741c01, 0x02240383, 0x401a741c, 0x03204382, 0x62200d82, 0xa6208582, 0x35830b82, 0x50242385, 0x26170100, 0x39201186, 0x18254785, 
    0x180600d6, 0x820187fc, 0x3c2d831d, 0x18020021, 0x020b008e, 0x03890389, 0x038b038a, 0x038d038c, 0x038f038e, 0x03910390, 0x381b8292, 0x000b0062, 
    0x00980097, 0x009a0099, 0x009c009b, 0x009e009d, 0x08a0009f, 0x26538249, 0x00401701, 0x82aa1601, 0x84522069, 0x823820af, 0x00ba2e2f, 0x02b2020c, 
    0x024d0bb8, 0x02c602bf, 0x280b82ca, 0x02d002c7, 0x0bc702c7, 0x2485864e, 0x18070050, 0x21018976, 0x3b84a016, 0x1d862320, 0x08003224, 0x018b5818, 
    0x93471620, 0x00252605, 0x00fc1702, 0x25a5930d, 0xa408a308, 0x3f85a508, 0x00f21724, 0x008e1809, 0x84421621, 0x86272061, 0x00d02421, 0x8ff6170a, 
    0x20162101, 0x29202384, 0x2008c182, 0x020f0090, 0x02f002ef, 0x02f202f1, 0x02f402f3, 0x02f602f5, 0x02f802f7, 0x02fa02f9, 0x08a108fb, 0x2c8982a2, 
    0x1a4417d4, 0x00ea2766, 0x17b8150d, 0x82019548, 0x62240825, 0xa3061100, 0xa706a506, 0xaa06a806, 0xad06ac06, 0xb006af06, 0xb606b106, 0xb906b706, 
    0xb506b806, 0xb406b306, 0x3a202782, 0x20082782, 0x068c068a, 0x068f068e, 0x06930691, 0x06960694, 0x06980697, 0x069e069d, 0x069f06a0, 0x069a069c, 
    0x2699829b, 0x06130074, 0xa31b061a, 0x1a410853, 0x071d0010, 0x07eb07ea, 0x07ed07ec, 0x07ef07ee, 0x07f107f0, 0x07f307f2, 0x07f507f4, 0x07f707f6, 
    0x08ff07f8, 0x07fd0700, 0x080408fe, 0x08010803, 0x07fa0702, 0x06a106fb, 0x07f907ba, 0x010000fc, 0x82038200, 0x02012104, 0x03200782, 0x04240382, 
    0x05010000, 0x4a080382, 0x01000006, 0x1d020007, 0x0520001c, 0x054c054b, 0x054e054d, 0x055c055b, 0x065e055d, 0x06490647, 0x0650064c, 0x067a0678, 
    0x0681067d, 0x06920690, 0x06990695, 0x06ab06a9, 0x07b206ae, 0x07960795, 0x07980797, 0x07d407d3, 0x82d607d5, 0x369208d1, 0xea002200, 0xec00eb00, 
    0xee00ed00, 0xf000ef00, 0xf200f100, 0xf400f300, 0xf600f500, 0xf800f700, 0xfa00f900, 0xfc00fb00, 0xfe00fd00, 0x0001ff00, 0x02010101, 0x04010301, 
    0x06010501, 0x08010701, 0x4a080901, 0x0200ba08, 0x2300d017, 0x24022302, 0x26022502, 0x28022702, 0x2a022902, 0x2c022b02, 0x2e022d02, 0x30022f02, 
    0x32023102, 0x34023302, 0x36023502, 0x38023702, 0x3a023902, 0x3c023b02, 0x3e023d02, 0x40023f02, 0x23024102, 0x9b089a08, 0xdf829c08, 0x8a000821, 
    0x09012100, 0x0a200d8c, 0x0b200d8c, 0x0c200d8c, 0x0d200d8c, 0x0e200d8c, 0x0f200d8c, 0x10200d8c, 0x11200d8c, 0x12200d8c, 0x13200d8c, 0x14200d8c, 
    0x15200d8c, 0xb2080d8a, 0x00ae1702, 0x03b40329, 0x03d103bc, 0x03b603c5, 0x03b503c3, 0x03cd03b9, 0x03d003b7, 0x03cf03cb, 0x03c103b8, 0x03bf03bd, 
    0x03bb03c0, 0x03be03cc, 0x03ba03d3, 0x03ce03d2, 0x03c403c2, 0x03c803c6, 0x03ca03c9, 0x08a608c7, 0x08a808a7, 0x08aa08a9, 0x08ac08ab, 0x00ae08ad, 
    0x00ce1f02, 0x0658062b, 0x065a0659, 0x065c065b, 0x065e065d, 0x0660065f, 0x06620661, 0x06640663, 0x06660665, 0x06680667, 0x066a0669, 0x066c066b, 
    0x066e066d, 0x0670066f, 0x06720671, 0x06760674, 0x06790677, 0x067c067b, 0x067f067e, 0x06820680, 0x06840683, 0x06880685, 0x82870686, 0x8272205b, 
    0x275a085b, 0x29062806, 0x2b062a06, 0x2d062c06, 0x2f062e06, 0x31063006, 0x33063206, 0x35063406, 0x37063606, 0x39063806, 0x3b063a06, 0x3d063c06, 
    0x3f063e06, 0x41064006, 0x45064306, 0x48064606, 0x4b064a06, 0x4e064d06, 0x51064f06, 0x53065206, 0x57065406, 0x56065506, 0xdc1a0200, 0x69422e00, 
    0x1915443f, 0x00770327, 0x00461e02, 0x2361db32, 0x59054905, 0x08050d47, 0x00401d71, 0x05a60533, 0x05a805a7, 0x05aa05a9, 0x05ac05ab, 0x05c005bf, 
    0x05c205c1, 0x05c405c3, 0x05c605c5, 0x05c805c7, 0x05e205c9, 0x05fa05f9, 0x05fc05fb, 0x05fe05fd, 0x060006ff, 0x06020601, 0x06040603, 0x070c0605, 
    0x07210720, 0x07230722, 0x07250724, 0x07270726, 0x07290728, 0x072e0731, 0x0730072f, 0x072b072a, 0x002d072c, 0x00301d02, 0xe6520b34, 0x016e086d, 
    0x3d006223, 0x06160216, 0x0e160a16, 0x16161216, 0x1e161a16, 0x26162216, 0x2e162a16, 0x36163216, 0x3e163a16, 0x46164216, 0x4e164a16, 0x56165216, 
    0x5e165a16, 0x66166216, 0x6e166a16, 0x76167216, 0x7e167a16, 0x86168216, 0x8e168a16, 0x96169216, 0x9e169a16, 0xa616a216, 0xae16aa16, 0xb216d216, 
    0xba16b616, 0xc216be16, 0xca16c616, 0x1182ce16, 0xda16d630, 0xe216de16, 0xea16e616, 0x0100ee16, 0x7f82e222, 0x459e479f, 0xf2162908, 0xfa16f616, 
    0x0217fe16, 0x0a170617, 0x12170e17, 0x1a171617, 0x42171e17, 0x26172217, 0x2e172a17, 0x36173217, 0x3e173a17, 0x6a081182, 0x174a1746, 0x1752174e, 
    0x175a1756, 0x1902005e, 0x053d0030, 0x053e053d, 0x0541053f, 0x05430542, 0x05460545, 0x05480547, 0x05dd054b, 0x05e105de, 0x05e405e2, 0x059e059d, 
    0x05a405a3, 0x05a1059f, 0x05a705a6, 0x05ab05aa, 0x05a905a8, 0x05bf05b3, 0x05ed05ec, 0x05ef05ee, 0x05f105f0, 0x05f305f2, 0x05f505f4, 0x05f705f6, 
    0x420b06f8, 0x06291b0b, 0x06f206f1, 0x200200fd, 0x087f82a8, 0x50054f8a, 0x52055105, 0x54055305, 0x56055505, 0x58055705, 0x64055b05, 0x68056505, 
    0x66056905, 0x6a056705, 0x6e056b05, 0x6c056f05, 0x70056d05, 0x5f057105, 0x61056005, 0x63056205, 0x73057205, 0x75057405, 0x77057605, 0x79057805, 
    0x7b057a05, 0x7d057c05, 0x80057e05, 0x82058105, 0x84058305, 0x86058505, 0x88058705, 0x8a058905, 0x8c058b05, 0x8d057f05, 0x8f058e05, 0x03009005, 
    0x4c240100, 0x661a0100, 0x8e230100, 0x03000000, 0x7e200782, 0x56200f82, 0x3c201782, 0x88080f82, 0x00c02101, 0x166e1c42, 0x174417ea, 0x186e18a4, 
    0x16aa1b7c, 0x18de18ee, 0x16801a8a, 0x182618f2, 0x19ac17ee, 0x16a61c96, 0x173218f6, 0x194e194a, 0x1cfe18d2, 0x173e180a, 0x17981850, 0x18e81956, 
    0x16de1ca6, 0x175c17fa, 0x18b418b4, 0x16da1bc2, 0x190217fe, 0x171e190e, 0x172c1abc, 0x194a1862, 0x17061760, 0x1daa19c4, 0x180a1716, 0x19681756, 
    0x19be1972, 0x183c1c84, 0x196e1762, 0x1974172e, 0x17d018fe, 0x170e177a, 0x20998212, 0x27438203, 0x00f616b4, 0x00081701, 0x032c0083, 0xa2180300, 
    0xea16a218, 0xfc160100, 0x90241188, 0xde169018, 0xf0201182, 0x012c1186, 0x01006c23, 0x02008619, 0xae223417, 0xe1831382, 0x11825a20, 0x0b827420, 
    0x03820120, 0x03003528, 0x62190200, 0x13828a22, 0xfd826220, 0x2205694a, 0x82782201, 0x8250200f, 0x23502219, 0x086b4a36, 0x1f823e20, 0x87002421, 
    0x1a012235, 0x2023820e, 0x2a478a2c, 0x16010000, 0x180200a0, 0x89b816ea, 0xac162525, 0x6e0d0100, 0xa4201982, 0x9820138a, 0x7e200f82, 0x90200382, 
    0x8420138a, 0x70200f82, 0x7c200382, 0x0f83138a, 0x16219582, 0x24138868, 0x16861802, 0x2025825c, 0x22778a02, 0x839a1704, 0xdc152501, 0xee150100, 
    0x00261782, 0x04000300, 0x01838617, 0x82ce1521, 0x88e02013, 0x17722113, 0x15210182, 0x201382c0, 0x2d1386d2, 0x004c2201, 0x00661801, 0x16141603, 
    0x03422114, 0x18032605, 0x21521852, 0x2317827a, 0x22010052, 0x21086b4b, 0xdb823e18, 0x41223e21, 0x22210a01, 0x20238210, 0x8223822a, 0x064b4107, 
    0x0e170522, 0x15210185, 0x20658250, 0x83158262, 0x1605228d, 0x210185f8, 0x15824015, 0x15885220, 0x8416e221, 0x30152101, 0x42201582, 0xd421a588, 
    0x29018217, 0x0100fc20, 0x0100d417, 0x1782ba21, 0x03820320, 0xbe170129, 0xbe170300, 0x4121be17, 0xb1820a49, 0xa8170126, 0x56150200, 0x83860983, 
    0x40150228, 0x01007821, 0x3d829217, 0x15860782, 0x7416032a, 0x34157416, 0xc8140100, 0x260a3b41, 0x165e1603, 0x8224155e, 0x8cb82015, 0x16482415, 
    0x82141548, 0x8aa82015, 0x16062215, 0x21018732, 0x1b827414, 0x1b828620, 0x0622dd83, 0x01871a16, 0x82621421, 0x88742017, 0x16022117, 0x14210186, 
    0x41178250, 0xf221090d, 0x29018416, 0x01001a20, 0x0100f216, 0xe387d820, 0x00da1625, 0x83da1604, 0xc0202101, 0x2208f341, 0x82a82001, 0x00c22627, 
    0x14701403, 0x860b8370, 0x140224d1, 0x82902058, 0x00aa2119, 0x17860986, 0x40140325, 0x82204014, 0x921621f9, 0x01415b82, 0x15042209, 0x25018372, 
    0x01003214, 0xd78ac613, 0x5a150422, 0x14210183, 0x20178220, 0x21178cb4, 0x01821542, 0x820e1421, 0x8aa22017, 0x15072217, 0x2101892a, 0x1d826c13, 
    0x1d827e20, 0x03000026, 0x10150700, 0x13210189, 0x20198258, 0x2119876a, 0x0189f614, 0x82441321, 0x86562019, 0x00002819, 0x00e41501, 0x85e41505, 
    0xca1f2101, 0x0224f788, 0xb01f7813, 0xca241d82, 0x78130300, 0xe1870b85, 0x135e1325, 0x82961f5e, 0x00b0221b, 0x86098502, 0x14052219, 0x2501858e, 
    0x01004e13, 0xb58ae212, 0x74140522, 0x13210185, 0x2019823a, 0x21198cce, 0x0184145a, 0x82261321, 0x88ba2019, 0x02500819, 0x47004a1d, 0x70076f07, 
    0x72077107, 0x74077307, 0x76077507, 0x78077707, 0x7a077907, 0x7c077b07, 0x7e077d07, 0x80077f07, 0x82078107, 0x84078307, 0x86078507, 0x88078707, 
    0x8a078907, 0x8c078b07, 0x8e078d07, 0x90078f07, 0x92079107, 0x94079307, 0x26088f4b, 0x079a0799, 0x829c079b, 0x079d2d01, 0x079f079e, 0x07a107a0, 
    0x07a407a3, 0xa22a0d8d, 0xa907a807, 0xa607a507, 0x0984a707, 0xab07aa30, 0x03000300, 0x62126212, 0x01009a1e, 0x0b89b414, 0x0622fd86, 0x01879013, 
    0x00501225, 0x88e41101, 0x000324cb, 0x87741306, 0x3a122101, 0x01411b82, 0x1306220b, 0x21018758, 0x1b822412, 0x08090b43, 0xd81c0252, 0xac074800, 
    0xae07ad07, 0xb007af07, 0xb207b107, 0xb407b307, 0xb607b507, 0xb807b707, 0xba07b907, 0xbc07bb07, 0xbe07bd07, 0xc007bf07, 0xc207c107, 0xc407c307, 
    0xc607c507, 0xc807c707, 0xca07c907, 0xcc07cb07, 0xce07cd07, 0xd007cf07, 0xd207d107, 0x27078d4c, 0xd807d707, 0xda07d907, 0xdb2d0182, 0xdd07dc07, 
    0xdf07de07, 0xe207e107, 0x2a0d8d07, 0x07e607e0, 0x07e307e7, 0x84e507e4, 0x07e82809, 0x000300e9, 0x89a61207, 0x66112401, 0x4f100100, 0x352007ef, 
    0x88211d84, 0x21018812, 0x1d824e11, 0x220b0942, 0x896a1207, 0x36112101, 0xca201d82, 0x08082741, 0xfe1d01c6, 0x5c165e00, 0x68166216, 0x74166e16, 
    0x80167a16, 0x8616f417, 0x92168c16, 0x9e169816, 0xaa16a416, 0xfc172418, 0xb616b016, 0xc216bc16, 0xce16c816, 0xd4160418, 0xda160c18, 0xe616e016, 
    0xf216ec16, 0xfe16f816, 0x0a170417, 0x16171017, 0x22171c17, 0x2e172817, 0x58184c18, 0x70186418, 0x88187c18, 0xa0189418, 0xb818ac18, 0x3a173417, 
    0x46174017, 0xd0184c17, 0x2e18de18, 0x52173818, 0x5e175817, 0x6a176417, 0x76177017, 0x82177c17, 0x8e178817, 0x4218c418, 0x94171418, 0x9a171c18, 
    0xa617a017, 0xec18ac17, 0xfa18b217, 0xb8170819, 0xc417be17, 0xd017ca17, 0xdc17d617, 0xe817e217, 0x0200ee17, 0xc300fe1f, 0x4b134150, 0x09213f2b, 
    0x3fef4d36, 0x02880225, 0x4b8c028b, 0x6d501bd5, 0x3f554d13, 0x4f4a0521, 0x5a200837, 0x2008394f, 0x083b4f44, 0x3d4f7520, 0x4f8d2008, 0xa620083f, 
    0x4308414f, 0xb74209b3, 0x49082308, 0xb94e4a08, 0x9f082505, 0xa208a108, 0x4d050d51, 0x3d0811bb, 0x0200ba08, 0xee00e41f, 0x08080708, 0x06080a08, 
    0x0b080508, 0x0d080c08, 0x0f080e08, 0x12081108, 0x10081308, 0x15081408, 0x49080009, 0x17080109, 0x16081808, 0x1a081908, 0x1c081b08, 0x6382b008, 
    0x084b7408, 0x084d084c, 0x080209ba, 0x0803091d, 0x081f081e, 0x09210820, 0x08220804, 0x08250823, 0x0828082a, 0x08290824, 0x0805092b, 0x082d082c, 
    0x0806092e, 0x08310830, 0x0832082f, 0x08340833, 0x083a0835, 0x08380836, 0x08370839, 0x083b083d, 0x083e083c, 0x0840083f, 0x08430841, 0x08440842, 
    0x08460845, 0x08480847, 0x084f084e, 0x08510850, 0x08530852, 0x86990898, 0x089d32d9, 0x08550854, 0x08570856, 0x085a0858, 0x085c085b, 0x08ed8259, 
    0x5d08ec78, 0x60085e08, 0x5f086108, 0x63086208, 0x66086408, 0x67086508, 0x0709eb08, 0x6a086908, 0x6b080809, 0xa0086c08, 0xa1080909, 0x6d08a208, 
    0x0a096e08, 0x70086f08, 0x77087208, 0x71087508, 0x78087608, 0x79080b09, 0x7b087a08, 0x7e080c09, 0x7c087f08, 0x80087d08, 0x82080d09, 0x81088308, 
    0xa4080e09, 0xa308a508, 0x89088408, 0x87088508, 0x86088808, 0x8a088c08, 0x5d418b08, 0x8d8c0812, 0x8f088e08, 0x92089008, 0x93089108, 0x95089408, 
    0x97089608, 0xc608c408, 0xd908c508, 0xda08d808, 0xdb08dc08, 0xd308d208, 0xcd08ce08, 0xcf08d108, 0xd008d708, 0xcc08d408, 0xbb06a206, 0xea08e808, 
    0xde08e908, 0xed080f09, 0xee08c008, 0xdd08d508, 0xe008df08, 0xe208e108, 0xe408e308, 0xe608e508, 0xf408e708, 0xf808fa08, 0xf608fd08, 0xfb08f708, 
    0xf908f508, 0xf008ef08, 0xf208f108, 0xfe08f308, 0xfc08ff08, 0xe21f0200, 0x18064301, 0x211fe341, 0xdf414908, 0x1d082119, 0x2507db41, 0x23082208, 
    0xdb411906, 0x2c08270b, 0x2e082d08, 0xd9419201, 0x07d7416c, 0x6908eb24, 0xd1416a08, 0x07cf4105, 0x410fcd41, 0x032105cb, 0x09cb416e, 0x41830321, 
    0xc94105cb, 0x5b052145, 0x4d169d4d, 0x08275893, 0x08520bd2, 0x4dac05d3, 0xeb4f0c73, 0x08712613, 0x08d408d1, 0x1a674dcc, 0x65428d20, 0xed082107, 
    0x50056f4d, 0x08232301, 0x42ee08c0, 0x0125368b, 0x79030100, 0x20058300, 0x25058376, 0x01009a01, 0x0382ce1f, 0x0382d020, 0x0382d220, 0x0382d420, 
    0x0382d620, 0x1d83d820, 0x83af0521, 0xf1062105, 0x02210583, 0x262f84e0, 0x1f020019, 0x84ca1fc4, 0x822c200b, 0x82dc2027, 0x83e82003, 0x0200210d, 
    0xec203184, 0xf9200584, 0x03260582, 0x6c039001, 0x09828103, 0x19010222, 0x1f213d83, 0x202b8298, 0x2003829a, 0x2003829c, 0x2b17839e, 0x89028702, 
    0x01000000, 0x6e070100, 0x6d200584, 0x03200582, 0x90241582, 0x01009102, 0x81847d85, 0x05828920, 0x93050427, 0x97059505, 0x29418205, 0x02000400, 
    0xfb014101, 0x17831603, 0x08212f85, 0x8255825d, 0x701f2145, 0x02201382, 0xfb201f82, 0x41207984, 0x02242382, 0x681f621f, 0x6821b782, 0x2765841f, 
    0x0300b305, 0x761f6e1f, 0x01261382, 0xb3050200, 0xbb83bf05, 0x053d0523, 0x2d8b855e, 0x05008702, 0x4e1f641f, 0x5e1f561f, 0xfb84481f, 0x0700b130, 
    0x721f821f, 0x5a1f7a1f, 0x601f661f, 0x31826c1f, 0xca05022a, 0x0000cb05, 0xd305ce05, 0x00210d83, 0x20418203, 0x220f823f, 0x82430541, 0x0545240b, 
    0x82060048, 0x8208203b, 0x05b42c5f, 0x05bf05b6, 0x05c205c0, 0x84f905ec, 0x05ec2e13, 0x05f905f0, 0x070807fd, 0x07200709, 0x2e138421, 0x064f053d, 
    0x06720641, 0x07a3068a, 0x84c70789, 0x053e2e13, 0x06430650, 0x068c0674, 0x078a07a5, 0x2e1384c8, 0x06530542, 0x06790648, 0x07aa0691, 0x84cb078d, 
    0x05452e13, 0x064b0655, 0x0694067c, 0x078f07ad, 0x2e1384cd, 0x06580548, 0x0680064f, 0x07b10698, 0x84d00792, 0x05412e13, 0x06460652, 0x068f0677, 
    0x078c07a8, 0x29b783ca, 0x7a037903, 0x81030000, 0x0d838803, 0x00000025, 0x84a21e01, 0x008d2a09, 0x08000096, 0x00150815, 0x240f820a, 0x02870203, 
    0x83278287, 0x8401202d, 0x8303202d, 0x233d8b15, 0x83088108, 0x01222b82, 0x8f431100, 0x059d2614, 0x05dd059e, 0x22f982de, 0x82f305f2, 0x1585578d, 
    0xb406b32c, 0xb606b506, 0xb806b706, 0x2582b906, 0x020c4408, 0x02b702b1, 0x02c002b9, 0x02c902c5, 0x02cf02cb, 0x02d402d1, 0x001a06d5, 0x20102015, 
    0x1fd81f2e, 0x1fa41ff4, 0x1f741fbe, 0x1f481f8c, 0x1f201f5e, 0x1ffc1e34, 0x1ecc1e0e, 0x1eb01edc, 0x1e981ebe, 0x82ec1ea4, 0x06132347, 0xcd570689, 
    0x9a340813, 0x9c069b06, 0x9e069d06, 0xa0069f06, 0x1200bc06, 0xfc1df21d, 0x101e061e, 0x241e1a1e, 0x381e2e1e, 0xba1db21d, 0xca1dc21d, 0xda1dd21d, 
    0xea1de21d, 0x841d7e1d, 0x0438f982, 0xe302e002, 0xe5020000, 0x0400e502, 0xee02e702, 0x6b080500, 0x0d006c08, 0x08201b82, 0x3f26ff82, 0x41050100, 
    0x05824305, 0x48054522, 0xfd820582, 0xaf280582, 0x0200af05, 0xde05dd05, 0xf0220b82, 0x0582f005, 0x22050b41, 0x82150001, 0x02b222e7, 0x22eb84b3, 
    0x82bb02ba, 0x82c420ef, 0x02c722f1, 0x20f582c8, 0x22f782ca, 0x87ce02cd, 0x23cd83fb, 0x0503b102, 0x08226541, 0x7c1f264c, 0x901f861f, 0xa41f9a1f, 
    0xb81fae1f, 0xcc1fc21f, 0xe01fd61f, 0xf41fea1f, 0x0820fe1f, 0x1c201220, 0x30202620, 0x44203a20, 0x58204e20, 0x6c206220, 0x80207620, 0x3c1f341f, 
    0x4c1f441f, 0x5c1f541f, 0x6c1f641f, 0x281f741f, 0xd9822e1f, 0xfb010424, 0xf5821702, 0x1a021930, 0x1c021d00, 0x1f001c02, 0x52085008, 0x1b822000, 
    0xc5000522, 0x00240182, 0xd700c700, 0xdc32a182, 0x1200e900, 0x19081908, 0xb0082000, 0x2100b008, 0x658f2b00, 0x8a203908, 0x9e209420, 0xb220a820, 
    0xc620bc20, 0xda20d020, 0xee20e420, 0x0221f820, 0x16210c21, 0x2a212021, 0x3e213421, 0x52214821, 0x66215c21, 0x7a217021, 0x8e218421, 0x0a209821, 
    0x1a32b782, 0x2a202220, 0xfe1f3220, 0xe21f2b00, 0xf61fec1f, 0x17820020, 0x20144a08, 0x2028201e, 0x203c2032, 0x20502046, 0x2064205a, 0x2078206e, 
    0x208c2082, 0x20a02096, 0x20b420aa, 0x20c820be, 0x20dc20d2, 0x20f020e6, 0x210421fa, 0x2118210e, 0x212c2122, 0x1f402136, 0x1fba1fb2, 0x1fca1fc2, 
    0x1fda1fd2, 0x30d182ac, 0x03930303, 0x03000096, 0x00b30398, 0x08840804, 0x08e7848c, 0xb1020c46, 0x0100b102, 0xb702b702, 0xb9020700, 0x0300b902, 
    0xc002c002, 0xc5020600, 0x0500c502, 0xc902c902, 0xcb020b00, 0x0400cb02, 0xcf02cf02, 0xd1020800, 0x0900d102, 0xd402d402, 0xd5020c00, 0x0a00d502, 
    0x1a061a06, 0x3c085f82, 0x001d0001, 0x019d0093, 0x011b0110, 0x0182012f, 0x02d90292, 0x03f602e9, 0x035d030d, 0x0383036e, 0x05ca058d, 0x05ce05cb, 
    0x05d005cf, 0x05d205d1, 0x05dd05d3, 0x06a006e4, 0x0ae906b9, 0x2a3f8217, 0x02550211, 0x0200005a, 0x8260025c, 0x0265227d, 0x22778265, 0x82880287, 
    0x8b4c0865, 0x0e008c02, 0x91029002, 0xd7021000, 0x1200dd02, 0xfb02df02, 0x54031900, 0x36005603, 0x64035a03, 0x79033900, 0x44007a03, 0x92038103, 
    0xd4034600, 0x5800d403, 0xd903d603, 0xdb035900, 0x5d00e703, 0xf703e903, 0xfc036a00, 0x7900fd03, 0x2105e145, 0x0782ea1f, 0x0382ec20, 0x0382ee20, 
    0x0382f020, 0x0382f220, 0x0382f420, 0x0382f620, 0x0382f820, 0x0382fa20, 0x0382fc20, 0x0100fe24, 0x03820020, 0x03820220, 0x03820420, 0x03820620, 
    0x03820820, 0x03820a20, 0x03820c20, 0x03820e20, 0x03821020, 0x03821220, 0x03821420, 0x03821620, 0x03821820, 0x03821a20, 0x03821c20, 0x03821e20, 
    0x03822020, 0x03822220, 0x03822420, 0x03822620, 0x03822820, 0x03822a20, 0x03822c20, 0x03822e20, 0x03823020, 0x03823220, 0x03823420, 0x03823620, 
    0x03823820, 0x03823a20, 0x03823c20, 0x03823e20, 0x03824020, 0x03824220, 0x03824420, 0x03824620, 0x03824820, 0x03824a20, 0x03824c20, 0x03824e20, 
    0x03825020, 0x03825220, 0x03825420, 0x03825620, 0x03825820, 0x03825a20, 0x03825c20, 0x03825e20, 0x03826020, 0x03826220, 0x03826420, 0x03826620, 
    0x03826820, 0x03826a20, 0x03826c20, 0x03826e20, 0x03827020, 0x03827220, 0x03827420, 0x03827620, 0x03827820, 0x03827a20, 0x03827c20, 0x03827e20, 
    0x03828020, 0x03828220, 0x03828420, 0x03828620, 0x03828820, 0x03828a20, 0x03828c20, 0x03828e20, 0x03829020, 0x03829220, 0x03829420, 0x03829620, 
    0x03829820, 0x03829a20, 0x03829c20, 0x03829e20, 0x0382a020, 0x0382a220, 0x0382a420, 0x0382a620, 0x0382a820, 0x0382aa20, 0x0382ac20, 0x0382ae20, 
    0x0382b020, 0x0382b220, 0x0382b420, 0x0382b620, 0x0382b820, 0x0382ba20, 0x0382bc20, 0x0382be20, 0x0382c020, 0x0382c220, 0x0382c420, 0x0382c620, 
    0x0382c820, 0x0382ca20, 0x0382cc20, 0x0382ce20, 0x0382d020, 0x0382d220, 0x0382d420, 0x00d67208, 0x21fc2038, 0x21102106, 0x2124211a, 0x2138212e, 
    0x1c4c2142, 0x1caa1ca0, 0x1cbe1cb4, 0x1cd21cc8, 0x1ce61cdc, 0x1dfa1cf0, 0x1d0e1d04, 0x1d221d18, 0x1d361d2c, 0x1d4a1d40, 0x1d5e1d54, 0x1d721d68, 
    0x1d861d7c, 0x1d9a1d90, 0x1dae1da4, 0x1dc21db8, 0x1dd61dcc, 0x1dea1de0, 0x20fe1df4, 0x20ec20e4, 0x1c701cf4, 0x1c801c78, 0x1c901c88, 0x1cd82098, 
    0x43718264, 0x1c3110fb, 0x1c381c2e, 0x1c4c1c42, 0x1c601c56, 0x1c741c6a, 0x082f827e, 0x9c1c928c, 0xb01ca61c, 0xc41cba1c, 0xd81cce1c, 0xec1ce21c, 
    0x001df61c, 0x141d0a1d, 0x281d1e1d, 0x3c1d321d, 0x501d461d, 0x641d5a1d, 0x781d6e1d, 0x8c1d821d, 0x7a207220, 0xfe1b8220, 0x0e1c061c, 0x1e1c161c, 
    0x6c20261c, 0x0100f81b, 0x41052000, 0x45054205, 0x52054805, 0x55055305, 0x46065805, 0x4b064806, 0x77064f06, 0x7c067906, 0x8f068006, 0x94069106, 
    0xa8069806, 0xad06aa06, 0x8c07b106, 0x8f078d07, 0xca079207, 0xcd07cb07, 0x7b42d007, 0x0002222c, 0x110f4507, 0x02e0023d, 0x022000e3, 0x00e502e5, 
    0x02e70224, 0x032500ee, 0x00760376, 0x2002002d, 0x821c2016, 0x201c2205, 0x22058222, 0x82282022, 0x20282205, 0x2205822e, 0x8234202e, 0x20342205, 
    0x2205823a, 0x8240203a, 0x20402205, 0x22058246, 0x824c2046, 0x204c2205, 0x22d98252, 0x849d0501, 0x84a32005, 0x849f2005, 0x849e2005, 0x84a42005, 
    0x00a12305, 0x47822003, 0x03264382, 0x3e203820, 0x0f824420, 0x48204224, 0x07824e20, 0x20214182, 0x24078258, 0x205c2056, 0x202d8462, 0x200584e1, 
    0x200584b4, 0x200584b6, 0x240582b8, 0x059e0502, 0x2a0784a7, 0x00e205e1, 0x06010002, 0x820007f1, 0x00012400, 0x84a60501, 0x84aa2025, 0x82a82005, 
    0x05033e1b, 0x0058054f, 0x055b0500, 0x050a005b, 0x0090055f, 0x2005000b, 0x200c2006, 0x20182012, 0x820b821e, 0x24202505, 0x30202a20, 0x05820b82, 
    0x20362025, 0x8242203c, 0x8305820b, 0x54202197, 0x4e280b82, 0x5a205420, 0x66206020, 0x05820b82, 0x206c2027, 0x00782072, 0x27058306, 0x84207e20, 
    0x90208a20, 0x882a0d82, 0x94208e20, 0xa0209a20, 0x0d82a620, 0xa4209e2a, 0xb020aa20, 0xbc20b620, 0xb42a0d82, 0xc020ba20, 0xcc20c620, 0x0d82d220, 
    0xd020ca2a, 0xdc20d620, 0xe820e220, 0xe02a0d82, 0xec20e620, 0xf820f220, 0x0d82fe20, 0xfc20f62e, 0x08210221, 0x14210e21, 0x0c210600, 0x09b32b19, 
    0x2107002f, 0x21282122, 0x2134212e, 0x2140213a, 0x2c0f8246, 0x2142213c, 0x214e2148, 0x215a2154, 0x2c0f8260, 0x215c2156, 0x21682162, 0x2174216e, 
    0x2c0f827a, 0x21762170, 0x2182217c, 0x218e2188, 0x2c0f8294, 0x2190218a, 0x219c2196, 0x21a821a2, 0x2e0f82ae, 0x21aa21a4, 0x21b621b0, 0x21c221bc, 
    0x830200c8, 0x480b3b01, 0x4a0b0000, 0x470b780b, 0xae210800, 0xba21b421, 0xc621c021, 0xd221cc21, 0x1182d821, 0x21290784, 0x21e421de, 0x21f021ea, 
    0x841182f6, 0xfc212b07, 0x08220222, 0x14220e22, 0x07850800, 0x221a222b, 0x22262220, 0x0032222c, 0x2b078509, 0x3e223822, 0x4a224422, 0x56225022, 
    0x48301382, 0x54224e22, 0x60225a22, 0x6c226622, 0x78227222, 0x26081382, 0x2270226a, 0x227c2276, 0x22882282, 0x2294228e, 0x220a009a, 0x220023f8, 
    0x2292228c, 0x229e2298, 0x22aa22a4, 0x82b622b0, 0xa62e0815, 0xb222ac22, 0xbe22b822, 0xca22c422, 0xd622d022, 0x0b00dc22, 0xe222dc22, 0xee22e822, 
    0xfa22f422, 0x06230023, 0x12230c23, 0x01001823, 0xf94a0900, 0x4ab82006, 0xf33e06fb, 0x0c000006, 0xf622f022, 0x0223fc22, 0x0e230823, 0x1a231423, 
    0x26232023, 0x32232c23, 0x2f820200, 0x9f059d30, 0xa1050000, 0x0300a105, 0xa505a305, 0x41820400, 0x00b62808, 0x05b80507, 0x050b00be, 0x00e105e1, 
    0x05ec0512, 0x061300f8, 0x000b060b, 0x07080720, 0x00210019, 0x223e2310, 0x97ea22e4, 0x38232159, 0x0a245b82, 0x95059505, 0x61835b82, 0x61840120, 
    0x61840420, 0x61840520, 0x61840820, 0x61840c20, 0x61841320, 0x61841420, 0x61842120, 0x3f822220, 0xcb430b20, 0x3d053729, 0x2e003d05, 0x4f054f05, 
    0x89072f00, 0x30008907, 0xc707c707, 0x45823100, 0xa6050624, 0x8582ac05, 0xc905bf22, 0xe222d582, 0xcf82e205, 0x0506f922, 0x0c22cf82, 0xcf820c06, 
    0x31072022, 0x3608cf82, 0x012b0001, 0x024202fb, 0x0255024a, 0x02870266, 0x029e0292, 0x02cf02b1, 0x02e002d7, 0x030503fe, 0x034b0316, 0x03540351, 
    0x03790367, 0x03d40393, 0x03e103d8, 0x4afe03e6, 0x9f20180d, 0x2d08ef82, 0x05f205f0, 0x231700f3, 0x2314230c, 0x2324231c, 0x2234232c, 0x2222221c, 
    0x222e2228, 0x223a2234, 0x22462240, 0x2252224c, 0x225e2258, 0x11422264, 0x17002106, 0x2342118f, 0xa0222209, 0x100d4222, 0x2318002d, 0x23e023d8, 
    0x23f023e8, 0x420024f8, 0x23211517, 0x287d821e, 0x2330232a, 0x233c2336, 0x08318242, 0x1c231656, 0x28232223, 0x34232e23, 0x40233a23, 0x4c234623, 
    0x58235223, 0x64235e23, 0x70236a23, 0x7c237623, 0x88238223, 0x94238e23, 0xa0239a23, 0xb4251b00, 0xc425bc25, 0xd425cc25, 0xe425dc25, 0xf425ec25, 
    0xaa23a423, 0xb623b023, 0xc223bc23, 0xce23c823, 0xda23d423, 0xe62c8782, 0xf223ec23, 0xfe23f823, 0x0a240424, 0x338c3782, 0x26fc2527, 0x260c2604, 
    0x24b18214, 0x23e423de, 0x08b382ea, 0xfc23f64c, 0x08240224, 0x14240e24, 0x20241a24, 0x2c242624, 0x1b003224, 0x06240024, 0x12240c24, 0x1e241824, 
    0x2a242424, 0x36243024, 0x42243c24, 0x4e244824, 0x5a245424, 0x66246024, 0x72246c24, 0x7e247824, 0x8a248424, 0x96249024, 0x37829c24, 0x246a3a08, 
    0x24762470, 0x2482247c, 0x248e2488, 0x249a2494, 0x24a624a0, 0x24b224ac, 0x24be24b8, 0x24ca24c4, 0x24d624d0, 0x24e224dc, 0x24ee24e8, 0x25fa24f4, 
    0x00062500, 0x09ea0702, 0x22058200, 0x820109eb, 0x09ec2205, 0x22058202, 0x820309ed, 0x09ee2205, 0x22058204, 0x820509ef, 0x09f02805, 0x06020006, 
    0x82280659, 0x065a2205, 0x22058229, 0x822a065b, 0x065c2205, 0x2205822b, 0x822c065d, 0x065e2205, 0x2205822d, 0x822e065f, 0x06622205, 0x22358231, 
    0x820709f1, 0x0663220b, 0x220b8232, 0x820809f2, 0x09f32205, 0x22118209, 0x82330664, 0x09f4220b, 0x220b820a, 0x82360667, 0x06682205, 0x22058237, 
    0x82380669, 0x09f52217, 0x220b820b, 0x8239066a, 0x09f6220b, 0x220b820c, 0x823a066b, 0x09f7220b, 0x2205820d, 0x820e09f8, 0x066c2211, 0x2205823b, 
    0x823c066d, 0x066e2205, 0x2205823d, 0x823e066f, 0x06702205, 0x2805823f, 0x00400671, 0x08dd0502, 0x220582d9, 0x82d808de, 0x08e12205, 0x220582da, 
    0x82dc08e2, 0x08e42205, 0x220582db, 0x826605aa, 0x05ab2205, 0x22058267, 0x827005bf, 0x09ff2859, 0x08020014, 0x82150900, 0x09fd220b, 0x22058212, 
    0x821309fe, 0x09042211, 0x22058211, 0x82100903, 0x09012205, 0x22058216, 0x82170902, 0x08622235, 0x220582d7, 0x827205f9, 0x05fa2205, 0x22058273, 
    0x827405fb, 0x05fc2205, 0x22058275, 0x827705fe, 0x05012289, 0x2205827a, 0x827b0502, 0x05032205, 0x2205827c, 0x827d0504, 0x05052205, 0x2205827e, 
    0x827f050c, 0x06a12205, 0x220582a2, 0x82bb06ba, 0x09f92271, 0x2a05820f, 0x00d508fc, 0x06580603, 0x82180627, 0x06612407, 0x82670830, 0x06652407, 
    0x8234061b, 0x06662c07, 0x00190635, 0x05e20503, 0x82cf0861, 0x07632e07, 0x00d008fb, 0x06600604, 0x082f061a, 0x26098262, 0x06a80584, 0x82680553, 
    0x05852609, 0x055406a9, 0x32098269, 0x059f06b8, 0x00cd0860, 0x06720605, 0x068a06a3, 0x824f0541, 0x0674280b, 0x068c06a5, 0x82500543, 0x0676280b, 
    0x068e06a7, 0x82510545, 0x0677280b, 0x068f06a8, 0x82520546, 0x0679280b, 0x069106aa, 0x82530548, 0x067b280b, 0x069306ac, 0x8254054a, 0x067c280b, 
    0x069406ad, 0x8255054b, 0x067e280b, 0x069606af, 0x8256054d, 0x067f280b, 0x069706b0, 0x8257054e, 0x0680280b, 0x069806b1, 0x8258054f, 0x06b9360b, 
    0x075f05a0, 0x00ce08fa, 0x06820606, 0x059d06b6, 0x055106a6, 0x2a0d8264, 0x06b70683, 0x06a7059e, 0x82650552, 0x06882a0d, 0x059c06b5, 0x055706fd, 
    0x2a0d8276, 0x06b30686, 0x06ff059a, 0x82780555, 0x06872e0d, 0x069b06b4, 0x05560600, 0x00020079, 0x11015111, 0x054b053b, 0x050a004b, 0x009f059d, 
    0x05a1050b, 0x050e00a1, 0x00a405a3, 0x05a6050f, 0x082f82ab, 0xb305b334, 0xbf051700, 0x1800bf05, 0xde05dd05, 0xe1051900, 0x1b00e205, 0xe405e405, 
    0xec051d00, 0x1e000506, 0x0c060b06, 0xf1063800, 0x3a00f206, 0xfd06fd06, 0x69823c00, 0xea06222a, 0x0100ee06, 0x600a540a, 0x62220582, 0x0582760a, 
    0x800a7922, 0x90220582, 0x0582990a, 0x9f0a9f22, 0xa3220582, 0x0582a50a, 0xab0aa922, 0xb0220582, 0x0582b10a, 0xb40ab422, 0xbc220582, 0x0582bd0a, 
    0xc10ac022, 0xc3220582, 0x0582cc0a, 0xde0acf22, 0xe1220582, 0x0582e10a, 0xe30ae322, 0xe5220582, 0x0582e50a, 0xf80af322, 0xfb220582, 0x0582fc0a, 
    0xff0aff28, 0x040b0100, 0x0582040b, 0x080b0622, 0x0a220582, 0x05820a0b, 0x110b1022, 0x14220582, 0x0582150b, 0x1e0b1e22, 0x20220582, 0x0582210b, 
    0x250b2522, 0x27220582, 0x05822e0b, 0x310b3022, 0x3f220582, 0x05823f0b, 0x540b5422, 0x69220582, 0x0582690b, 0x710b7124, 0x01820100, 0x003d3208, 
    0x00490041, 0x005f0054, 0x008d0089, 0x01c500a1, 0x010f010a, 0x01240119, 0x0141012c, 0x017e0177, 0x018d0180, 0x01a8019b, 0x01cb01c8, 0x01d801d2, 
    0x14ef45f0, 0xc7584920, 0x05932c0a, 0x05ad0597, 0x05b305af, 0x51ed05ec, 0x05330575, 0x06f505f4, 0x07080789, 0x071a070d, 0x071c071b, 0x82330732, 
    0x0042257d, 0x000d0002, 0x4422839d, 0x87824501, 0xa9208587, 0x01258789, 0x021402fb, 0x0aaf461f, 0xb1468d20, 0x02b22806, 0x02d702c7, 0x46ef02e0, 
    0x192406b5, 0x4b031a03, 0x2008b746, 0x09b94696, 0x82280421, 0x824f20cb, 0x82472087, 0x57074187, 0x20078763, 0x088163f0, 0xfa05f925, 0x6505fd05, 
    0x1541077f, 0x0720220b, 0x06194125, 0x918e4820, 0x9b419720, 0x2293b34c, 0x511f0002, 0xae080883, 0x021d0022, 0x00640242, 0x02660227, 0x024a0085, 
    0x00870287, 0x028d026a, 0x026b008d, 0x00b2028f, 0x02b4026c, 0x029000b7, 0x00be02b9, 0x02c00294, 0x029a00c5, 0x00c902c7, 0x02cb02a0, 0x02a300cf, 
    0x00de02d1, 0x02e002a8, 0x02b600ee, 0x00fc02fc, 0x03fe02c5, 0x03c60054, 0x015a0356, 0x035c031d, 0x03220176, 0x017b0379, 0x037d033d, 0x03400188, 
    0x01960393, 0x0398034c, 0x035001b3, 0x01f803d4, 0x04fd036c, 0x04910108, 0x011a0555, 0x051c059d, 0x0763021c, 0x02060706, 0x09070964, 0x0965020e, 
    0x026e0937, 0x09a6096d, 0x09a502c9, 0x82e609cf, 0x00022879, 0x00020020, 0x19000009, 0x0836db5b, 0x3a051d86, 0x3d051802, 0x36025e05, 0x91059105, 
    0x93055802, 0x59029c05, 0xb005b005, 0x1c066302, 0x64021c06, 0xbd06bc06, 0xbf066502, 0x6702bf06, 0xc206c106, 0xc8066802, 0x6a02c806, 0xcd06ca06, 
    0xd0066b02, 0x6f02d706, 0x01070107, 0x34077702, 0x78023707, 0x3e073c07, 0x44077c02, 0x7f024c07, 0x54074f07, 0x57078802, 0x8e025f07, 0x06090009, 
    0x18099702, 0x9e023609, 0xa5097d09, 0xca09bd02, 0xe602ce09, 0x5e000100, 0x490db551, 0xd92c16ad, 0xe902e002, 0xfe02f602, 0x0d030503, 0x2a08b549, 
    0x0367035d, 0x0379036e, 0x498d0383, 0xc16520bd, 0x059d2c09, 0x059f059e, 0x05a305a1, 0x52b305a4, 0xde261215, 0xe205e105, 0x6966e405, 0x0737521b, 
    0x00018b08, 0x541e4a1e, 0x681e5e1e, 0x7c1e721e, 0x901e861e, 0xa41e9a1e, 0xb81eae1e, 0xcc1ec21e, 0xe01ed61e, 0xf41eea1e, 0x081ffe1e, 0x1c1f121f, 
    0x301f261f, 0x441f3a1f, 0x581f4e1f, 0x6c1f621f, 0x801f761f, 0x941f8a1f, 0xa81f9e1f, 0xbc1fb21f, 0xd01fc61f, 0xe41fda1f, 0xf81fee1f, 0x0c200220, 
    0x20201620, 0x34202a20, 0x48203e20, 0x5c205220, 0x70206620, 0x84207a20, 0x98208e20, 0xac20a220, 0xc020b620, 0xd420ca20, 0xe820de20, 0x7750f220, 
    0x21350911, 0x21602156, 0x2174216a, 0x2188217e, 0x219c2192, 0x21b021a6, 0x21c421ba, 0x21d821ce, 0x21ec21e2, 0x220022f6, 0x2214220a, 0x2228221e, 
    0x223c2232, 0x22502246, 0x2264225a, 0x2278226e, 0x228c2282, 0x22a02296, 0x22b422aa, 0x22c822be, 0x22dc22d2, 0x22f022e6, 0x230423fa, 0x2318230e, 
    0x232c2322, 0x23402336, 0x2354234a, 0x2368235e, 0x237c2372, 0x23902386, 0x23a4239a, 0x23b823ae, 0x23cc23c2, 0x23e023d6, 0x23f423ea, 0x240824fe, 
    0x241c2412, 0x24302426, 0x2444243a, 0x2458244e, 0x246c2462, 0x24802476, 0x2494248a, 0x24a8249e, 0x24bc24b2, 0x24d024c6, 0x24e424da, 0x25f824ee, 
    0x250c2502, 0x25202516, 0x2534252a, 0x2548253e, 0x255c2552, 0x25702566, 0x2584257a, 0x2598258e, 0x25ac25a2, 0x25c025b6, 0x25d425ca, 0x25e825de, 
    0x26fc25f2, 0x26102606, 0x2624261a, 0x2638262e, 0x264c2642, 0x26602656, 0x2674266a, 0x2688267e, 0x269c2692, 0x1db026a6, 0x1d321d2a, 0x1d421d3a, 
    0x1d521d4a, 0x1d621d5a, 0x1d721d6a, 0x1d821d7a, 0x1d921d8a, 0x1da21d9a, 0x10a356aa, 0x1df22808, 0x1e021efa, 0x1e121e0a, 0x1e221e1a, 0x1e321e2a, 
    0x1d421e3a, 0x1d181d12, 0x00241d1e, 0x003d0002, 0x0096008d, 0x82c50000, 0x0a220801, 0xd700c700, 0xdc000b00, 0x1c00e900, 0x9a019a01, 0xfb012a00, 
    0x2b001702, 0x1a021902, 0x1c024800, 0x5b441c02, 0x4beb0906, 0x91029002, 0xe0024c00, 0x4e00e302, 0xe502e502, 0xe7025200, 0x5300ee02, 0x76037603, 
    0x79035b00, 0x5c007a03, 0x88038103, 0x93035e00, 0x66009603, 0xb3039803, 0x3e056a00, 0x86003e05, 0x42054105, 0x45058700, 0x89004505, 0x48054805, 
    0x50058a00, 0x8b005005, 0x53055205, 0x55058c00, 0x8e005505, 0x58055805, 0x43068f00, 0x90004306, 0x46064606, 0x48069100, 0x92004806, 0x4b064b06, 
    0x4f069300, 0x94004f06, 0x74067406, 0x77069500, 0x96007706, 0x79067906, 0x7c069700, 0x98007c06, 0x80068006, 0x8c069900, 0x9a008c06, 0x8f068f06, 
    0x91069b00, 0x9c009106, 0x94069406, 0x98069d00, 0x9e009806, 0xa506a506, 0xa8069f00, 0xa000a806, 0xaa06aa06, 0xad06a100, 0xa200ad06, 0xb106b106, 
    0x8a07a300, 0xa4008a07, 0x8d078c07, 0x8f07a500, 0xa7008f07, 0x92079207, 0xc807a800, 0xa900c807, 0xcb07ca07, 0xcd07aa00, 0xac00cd07, 0xd007d007, 
    0x1508ad00, 0xae001508, 0x19081908, 0x5008af00, 0xb0005208, 0x5d085d08, 0x6b08b300, 0xb4006c08, 0x8c088108, 0xb008b600, 0xc200b008, 0xee000100, 
    0x0f000300, 0x1b001500, 0x42002000, 0x4e004300, 0x58005700, 0x66006300, 0x78007100, 0x92008b00, 0x9c009300, 0xa5009d00, 0xa700a600, 0xc800c700, 
    0xd700d200, 0xeb00e900, 0xf600ec00, 0x0901fb00, 0x13011001, 0x1d011b01, 0x26011e01, 0x2f012701, 0x33013201, 0x56014201, 0x5f015901, 0x79016401, 
    0x86018201, 0x88018701, 0x93019201, 0x96019401, 0x9f019701, 0xad01a001, 0xb601b501, 0xb801b701, 0xbf01bb01, 0xc601c001, 0xcf01ca01, 0xd101d001, 
    0xd401d301, 0xde01dc01, 0xf201e001, 0xff01f501, 0x0b020602, 0x0d020c02, 0x27020e02, 0x6f022e02, 0x73080795, 0x02470246, 0x025c0250, 0x0267025d, 
    0x0279026e, 0x028b0280, 0x0290028f, 0x02ab0297, 0x02ad02ac, 0x02b402b1, 0x02c002b5, 0x02cf02c5, 0x02d902d1, 0x02e702dc, 0x02eb02e9, 0x02f402ec, 
    0x02f802f6, 0x030303f9, 0x030d0304, 0x03110310, 0x032b0317, 0x0334032e, 0x034f0339, 0x0361035d, 0x03630362, 0x036f036e, 0x03710370, 0x03730372, 
    0x03840383, 0x03880385, 0x0805eb72, 0x94039240, 0xa303a203, 0xa503a403, 0xac03a803, 0xb303ad03, 0xbd03bc03, 0xbf03be03, 0xc103c003, 0xc703c203, 
    0xd703ce03, 0xde03d903, 0xe203df03, 0xe703e303, 0xf003ed03, 0x07040404, 0xb8049e04, 0x016bb904, 0x0593280a, 0x05dd0597, 0x45df05de, 0x54080627, 
    0x06e605e5, 0x06b906a0, 0x06dd06dc, 0x06e606e3, 0x09ef06e9, 0x0a140ac5, 0x0a320a17, 0x0a8b0a8a, 0x0a900a8c, 0x0ab10a91, 0x0abe0abc, 0x0aeb0abf, 
    0x0aef0aee, 0x0af20af0, 0x0af40af3, 0x0bf70af5, 0x0b090b08, 0x0b200b1f, 0x0b240b21, 0x00300b25, 0x00430101, 0x20e14102, 0xdd419c20, 0x4113201a, 
    0x322408d9, 0x41013301, 0x410cd941, 0x902005d7, 0x416cd741, 0xd12407d5, 0xe702dc02, 0x4106cf41, 0xcb4107cd, 0x05c9410f, 0xc9416c20, 0x4181200a, 
    0x8e2306c9, 0x41038f03, 0x4b2141c7, 0x19fd6c05, 0x67056636, 0x69056805, 0x6b056a05, 0x6d056c05, 0x6f056e05, 0x71057005, 0x201af36c, 0x1b8d5f7f, 
    0x5e05835f, 0xa5210669, 0x0bcf6f05, 0xb505b43a, 0xb805b605, 0xba05b905, 0xbc05bb05, 0xbe05bd05, 0xdf05bf05, 0xe605e505, 0x421cc56d, 0xef250763, 
    0xf206f106, 0x05f35d06, 0x070a2208, 0x070c070b, 0x070e070d, 0x0710070f, 0x07120711, 0x07140713, 0x07160715, 0x07180717, 0x0ac50919, 0x35894214, 
    0x00ac0727, 0x076e0702, 0x2805826f, 0x00e7026d, 0x09e50502, 0x21058326, 0x05820807, 0x0107b32a, 0x16030300, 0x2007de05, 0x05830d84, 0x9b05bf22, 
    0x97220b82, 0x05829c05, 0x0b849a20, 0x0b849320, 0x0000952c, 0xe5050200, 0x19010100, 0x0b820100, 0x03821020, 0x02210f84, 0x280f84e0, 0x0016070f, 
    0x07ed0502, 0x20058417, 0x2205882a, 0x842b07fa, 0x2205830b, 0x822807fa, 0x07fa270b, 0x05030029, 0x078505f0, 0x0782fd20, 0x21841020, 0x15841120, 
    0x4783ed20, 0x830d0721, 0x0e072347, 0xb7822a07, 0x41832520, 0x07260723, 0x201f8618, 0x2407840c, 0x001907f0, 0x22458204, 0x82ed05f0, 0x00012189, 
    0x00240185, 0x2c070400, 0xed201f84, 0xfa200786, 0xfd200784, 0x17839982, 0x24206d83, 0xf0211f84, 0x20078507, 0x210784fd, 0x0f8505fd, 0xfd05fd24, 
    0x57872d07, 0xfa200988, 0x45830986, 0x47831d85, 0x37820983, 0x09875982, 0x43822785, 0x27821388, 0x82020021, 0x8203839b, 0x200282a6, 0x220f8601, 
    0x84030000, 0x87198bb3, 0x84c58211, 0x822b851b, 0x22028234, 0x88040001, 0x86002013, 0x22f38709, 0x88050015, 0x8b4f8b11, 0x00002215, 0x8d238806, 
    0x22178d57, 0x8c070000, 0x8f4f8b5d, 0x00002219, 0x8d2b8c08, 0x221b9157, 0x8e090000, 0x93318d2f, 0x0000221d, 0x8d33900a, 0x221f9535, 0x920b0000, 
    0x97398d37, 0x07002621, 0x05020009, 0x200584b4, 0x240582b6, 0x05b30503, 0x200786b3, 0x850786b4, 0x86b42017, 0x84b42017, 0x0503232d, 0x178505b4, 
    0x1786b620, 0x1786b620, 0x1782b620, 0x04000a22, 0x05224783, 0x098707b3, 0x0988b420, 0x0986b620, 0x1d88b420, 0x3982b420, 0xb4202785, 0xb6203b88, 
    0xb6201d88, 0xb6201d88, 0xb4201d86, 0x3183a384, 0x59850983, 0x59850983, 0x8705b421, 0x87098359, 0x8259871d, 0x83598607, 0x871d8709, 0x88b62059, 
    0x85098359, 0x8509831d, 0x88b62059, 0x87098359, 0x2159871d, 0xb38705b6, 0x1d870983, 0x07270b82, 0x05020025, 0x862607fa, 0x82032005, 0x200d8363, 
    0x854d8203, 0x84b62007, 0x0503221d, 0x200786bf, 0x200786c0, 0x200782c2, 0x06494127, 0x8507fa21, 0x88b42009, 0x88b62013, 0x85378309, 0x88c0201d, 
    0x203b8713, 0x836d84b4, 0x84b4201d, 0x8709856f, 0x84b4203b, 0x87138573, 0x05b4213b, 0xb6203b87, 0xb6203b88, 0xcf823b88, 0xb6206386, 0xb6213b88, 
    0x203b8705, 0x203b88b6, 0x203b88bf, 0x213b88bf, 0x778705bf, 0x3b88bf20, 0x3b88bf20, 0x3b88bf20, 0x3b88c020, 0x3b88c020, 0x3b88c020, 0x3b88c020, 
    0x3b88c020, 0x3b88c020, 0x3b88c220, 0x3b88c220, 0x3b88c220, 0x3b88c220, 0x3b88c220, 0x3b84c220, 0x0200ad26, 0xae076e07, 0xaf200584, 0xb0200584, 
    0xb1200584, 0xb2200584, 0xb4200584, 0xb5200584, 0xb6200584, 0xb7200584, 0xb8200584, 0xb9200584, 0xba200584, 0xbb200584, 0xbc200584, 0xbd200584, 
    0xbe200584, 0xbf200584, 0xc0200584, 0xc1200584, 0xc2200584, 0xc3200584, 0xc4200584, 0xc5200584, 0xc6200584, 0xc7200584, 0xc8200584, 0xc9200584, 
    0xca200584, 0xcb200584, 0xcc200584, 0xcd200584, 0xce200584, 0xcf200584, 0xd0200584, 0xd1200584, 0xd2200584, 0xd3200584, 0xd4200584, 0xd5200584, 
    0xd6200584, 0xd7200584, 0xd8200584, 0xd9200584, 0xda200584, 0xdb200584, 0xdc200584, 0xdd200584, 0xde200584, 0xdf200584, 0xe1200584, 0xe2200584, 
    0xe0200584, 0xe6200584, 0xe7200584, 0xe3200584, 0xe4200584, 0xe5200584, 0xe8200584, 0xe9200584, 0x70200584, 0x6d220582, 0x05847107, 0x05847220, 
    0x05847320, 0x05847420, 0x05847520, 0x05847620, 0x05847720, 0x05847820, 0x05847920, 0x05847a20, 0x05847b20, 0x05847c20, 0x05847d20, 0x05847e20, 
    0x05847f20, 0x05848020, 0x05848120, 0x05848220, 0x05848320, 0x05848420, 0x05848520, 0x05848620, 0x05848720, 0x05848820, 0x05848920, 0x05848a20, 
    0x05848b20, 0x05848c20, 0x05848d20, 0x05848e20, 0x05848f20, 0x05849020, 0x05849120, 0x05849220, 0x05849320, 0x05849420, 0x05849520, 0x05849620, 
    0x05849720, 0x05849820, 0x05849920, 0x05849a20, 0x05849b20, 0x05849c20, 0x05849d20, 0x05849e20, 0x05849f20, 0x0584a020, 0x0584a120, 0x0584a320, 
    0x0584a420, 0x0584a220, 0x0584a820, 0x0584a920, 0x0584a520, 0x0584a620, 0x0584a720, 0x0584aa20, 0x0584ab20, 0x02000d26, 0x0e07ed05, 0x03220586, 
    0x0d84b305, 0xb4050322, 0xb6200786, 0x0f200782, 0x21065b44, 0x098507ed, 0x1388b420, 0xb4201d87, 0x1d833784, 0x3984b420, 0x1d870985, 0x1d88b620, 
    0x1d88b620, 0x8205b621, 0x0a00271d, 0x950a0200, 0x05828b00, 0x0b019122, 0x92280582, 0x02006501, 0x1802ea06, 0x95220b82, 0x05829002, 0x8f029122, 
    0xf0200584, 0x9e220582, 0x1d833a03, 0x83490521, 0x5905210b, 0x00210583, 0x2111833f, 0x05823e00, 0x7801ed22, 0xea220582, 0x4d847901, 0x0b82c920, 
    0xca01ee22, 0xef220582, 0x1184d301, 0x0582d420, 0x21029022, 0x20205f84, 0xed220582, 0x1182d202, 0x83029221, 0x0393221d, 0x2211824e, 0x824f03ea, 
    0x03912211, 0x220b82d6, 0x82d703ee, 0x03ef2205, 0x201184e2, 0x220582e3, 0x82290490, 0x04ea2211, 0x210b832a, 0x05824200, 0x43009122, 0xef281182, 
    0x02004400, 0x2501130b, 0x26207d84, 0x27206b84, 0xef220b82, 0xb9844602, 0x0b844720, 0x23834820, 0x82c00221, 0x029b2211, 0x201184c5, 0x221182b7, 
    0x8402031b, 0x84032077, 0x84042065, 0x821020ad, 0x01e92205, 0x22118211, 0x84120193, 0x84132053, 0x82142017, 0x0113222f, 0x20118460, 0x22058261, 
    0x826201eb, 0x01962223, 0x20e98463, 0x20238464, 0x201d84c2, 0x201d84c3, 0x831d84c4, 0x01ee226b, 0x207184c6, 0x220582d9, 0x82da02e9, 0x02932217, 
    0x220b82db, 0x84dc02ea, 0x83dd2017, 0x35032159, 0x36208984, 0xeb220582, 0x23823703, 0x38039622, 0xee220b82, 0x05823903, 0xaf03ef22, 0xb0201d84, 
    0xb1201d84, 0xb2201d84, 0xb3201d84, 0xef220582, 0x11824b00, 0x51009a22, 0x9e220582, 0x11824c00, 0x4d00ea22, 0x92220b82, 0x05824e00, 0x4f009122, 
    0x93220582, 0x05845600, 0x11845720, 0x35845820, 0x77835920, 0x825a0021, 0x00e9220b, 0x220b825b, 0x84a30005, 0x82a42035, 0x00932205, 0x202984a5, 
    0x202984a6, 0x220b82a7, 0x82a80090, 0x01012223, 0x220b82cc, 0x84cd0192, 0x84ce20e3, 0x82cf20ef, 0x01902211, 0x220582d0, 0x82d10191, 0x01ef2211, 
    0x201784f1, 0x201184f2, 0x220582f3, 0x84f40193, 0x84f52035, 0x82f6201d, 0x02132247, 0x2111824d, 0xb983029a, 0x82029e21, 0xea0623a7, 0x11824f02, 
    0x50029222, 0x91210582, 0x21cb8302, 0x95820293, 0x02930a23, 0x2011845c, 0x213b835d, 0x3b845e02, 0x0b825f20, 0x6002e922, 0x05220b82, 0x0b820304, 
    0x0404ea22, 0x04212383, 0x22058205, 0x82060493, 0x04922205, 0x22178207, 0x820804ef, 0x00132223, 0x20d78490, 0x22058291, 0x84920094, 0x849320d7, 
    0x829420f5, 0x0093220b, 0x220b8295, 0x829600ea, 0x01ed2205, 0x20b9841a, 0x2105821b, 0x4b4209e9, 0x82212005, 0x019e2223, 0x20b9841d, 0x214d831f, 
    0x05822001, 0x9e010522, 0xe9221182, 0x1d829c01, 0x9d019a22, 0x93220582, 0xef849f01, 0x2984a020, 0x2382a120, 0xa2011322, 0x05210582, 0x225f8202, 
    0x8202920a, 0x940a235f, 0xcb849702, 0x17829820, 0x99027622, 0x93220b82, 0x2f829a02, 0x9b02ea22, 0xed220582, 0x1182a902, 0xaa029222, 0xab201784, 
    0xac202984, 0xad20f584, 0x90220b82, 0x3582ae02, 0xaf020122, 0x13220582, 0x1182db03, 0xdc039222, 0xeb221d82, 0x0582dd03, 0xd903ea22, 0x90221182, 
    0x0582de03, 0xdf039122, 0xef221182, 0x0b82e003, 0x81019522, 0x8220d184, 0x8320ad84, 0x93221182, 0x0b828401, 0x8501ec22, 0xff220b82, 0xb3848601, 
    0xb3848720, 0x59838920, 0x82ea0221, 0x02932211, 0x209584e8, 0x220582e9, 0x84e702e9, 0x82e12089, 0x029e2205, 0x208f84eb, 0x202984ed, 0x220582ee, 
    0x845c0305, 0x825d207d, 0x03e92205, 0x2223825e, 0x825f0393, 0x03ec220b, 0x220b8260, 0x846103ff, 0x8462208f, 0x8264208f, 0x0313212f, 0x0a228982, 
    0x89820393, 0x03e90623, 0x221d8281, 0x8484039a, 0x84852023, 0x84862023, 0x84872023, 0x82882059, 0x01902217, 0x2217822d, 0x842e01ee, 0x842f20c5, 
    0x843020c5, 0x823120c5, 0x01eb220b, 0x20bf8432, 0x20bf8433, 0x22358234, 0x84350113, 0x8206203b, 0x03ee2211, 0x209b840c, 0x209b840d, 0x2229820e, 
    0x820f0393, 0x03eb220b, 0x20718410, 0x20718411, 0x222f8212, 0x84130313, 0x846a2035, 0x826b202f, 0x0392221d, 0x209b846c, 0x203b846e, 0x220b826d, 
    0x846f0393, 0x84702035, 0x82712035, 0x0327222f, 0x22058272, 0x848e0120, 0x828f209b, 0x0192221d, 0x22058290, 0x8492019a, 0x829120a7, 0x0193220b, 
    0x20a18493, 0x20a18494, 0x222f8296, 0x84da0121, 0x82ef202f, 0x019b2217, 0x203584db, 0x20e984dc, 0x20d184df, 0x202984e0, 0x221182e1, 0x84e20196, 
    0x82dd20fb, 0x01ed2205, 0x304784de, 0x06030095, 0x01910aea, 0x0a030096, 0x03910a93, 0x20b184ea, 0x221b82fc, 0x82e7039b, 0x03902205, 0x82bd84eb, 
    0xeb06235d, 0xab84f003, 0x1182f120, 0xf2039622, 0xee220b82, 0x0582ec03, 0xed03ed22, 0xee20c984, 0x95220582, 0x1182ba02, 0xbb02eb22, 0xea220582, 
    0x1182bc02, 0xb4029222, 0x90220582, 0x1182b602, 0xbd02ee22, 0xed220582, 0x1182be02, 0xc4029422, 0x96220582, 0x0582c102, 0xc2029322, 0xec221782, 
    0x0b82c302, 0xb502ff22, 0xf5220582, 0x1182cb00, 0xcc00eb22, 0xea220582, 0x1182cd00, 0xc7009222, 0x90220582, 0x1182ce00, 0xcf00ee22, 0xed280582, 
    0x0200d000, 0xd100940a, 0x9b220582, 0x0582d200, 0xd6009122, 0x96220582, 0x1d82d700, 0xd300ef22, 0x93220b82, 0x0b82d400, 0xd500ec22, 0xff280b82, 
    0x0200ca00, 0xc8001b0b, 0x9024eb82, 0x6000ea06, 0x61206184, 0x62206184, 0x63206184, 0x64206184, 0x65205b84, 0x66205b84, 0x67205584, 0x9b220582, 
    0x4f846800, 0x5b847120, 0x67847220, 0x8b847320, 0x61846920, 0x61846a20, 0x05826b20, 0x6e009a22, 0x05226782, 0x05826f00, 0x69021b22, 0xeb211d82, 
    0x231d8202, 0x6b02ea06, 0x92211d82, 0x224d8302, 0x826c0290, 0x02ed2217, 0x2211826d, 0x826e0294, 0x02912105, 0x0a232f82, 0x8270029b, 0x0293220b, 
    0x221d8279, 0x827a02ef, 0x0296220b, 0x220b827b, 0x827c02ee, 0x022b224d, 0x2205827d, 0x827e022c, 0x022d2205, 0x2205827f, 0x8271022e, 0x02ec221d, 
    0x22298272, 0x827302ff, 0x029a2205, 0x22058274, 0x827502e5, 0x02e42205, 0x22238276, 0x82770205, 0x001b2205, 0x20f78274, 0x20f78292, 0x22078475, 
    0x837600eb, 0x960a2307, 0x0f847700, 0x6c00ee2a, 0xed060300, 0x6d00eb06, 0xea220784, 0x5982aa01, 0xab01eb22, 0xea220582, 0x4d82ac01, 0xad019222, 
    0x90220582, 0x1182ae01, 0xaf01ee22, 0xed220582, 0x1182b001, 0xb1019422, 0x95220582, 0x0582b201, 0xb301fb22, 0x9b220582, 0x1d82c001, 0xc101ef22, 
    0x96220b82, 0x0582b401, 0xb9019322, 0xec221182, 0x0b82ba01, 0xbb01ff22, 0x09228f82, 0x0582bc01, 0xbd011b22, 0x05220582, 0x1d829903, 0x9a03eb22, 
    0xea220582, 0x23829b03, 0x94039222, 0x90220582, 0x11829503, 0x9c03ee22, 0xed220582, 0x11829d03, 0x9e039422, 0x95220582, 0x05829f03, 0xa003fb22, 
    0x9b220582, 0x1d82ad03, 0x8203ef21, 0x960a2395, 0x1182a103, 0xa2039322, 0xf4220582, 0x0582a303, 0xa403f522, 0xf3220582, 0x0582a503, 0xa603f722, 
    0xec222982, 0x0b82a703, 0xa803ff22, 0x09227782, 0x0582a903, 0xaa031b22, 0xab208384, 0xf8221782, 0x0b82ac03, 0xb501302a, 0x900a0300, 0xb601ed06, 
    0xea220784, 0x0783b701, 0x01930a23, 0x2a0f84b8, 0x00be01eb, 0x06ee0603, 0x82bf01ea, 0x0aed2407, 0x82050090, 0x00eb2259, 0x22058206, 0x820700ea, 
    0x00922247, 0x220b8204, 0x820300ee, 0x0090220b, 0x22058208, 0x82090095, 0x00232259, 0x2217820b, 0x820c00ed, 0x00942211, 0x2205820d, 0x8215009b, 
    0x00ef2211, 0x220b8216, 0x821f0096, 0x002a2223, 0x220b820e, 0x82110093, 0x00ec2217, 0x220b8212, 0x821300ff, 0x00912205, 0x221d8214, 0x82460118, 
    0x01eb2217, 0x22058247, 0x824801ea, 0x01922217, 0x220b8243, 0x824201ee, 0x0190220b, 0x220b8249, 0x824a01ed, 0x0194220b, 0x2205824b, 0x824401fb, 
    0x019e2205, 0x22178259, 0x825a01ef, 0x0196220b, 0x2205824c, 0x824d0193, 0x019b2205, 0x2217824f, 0x825001ec, 0x01ff220b, 0x22058253, 0x84100291, 
    0x82fc205f, 0x02ea2105, 0x0a23c582, 0x821a0292, 0x02ee210b, 0x0a23b982, 0x82160290, 0x02952723, 0x0b020017, 0x95820222, 0x01ed0623, 0x221182fd, 
    0x82140294, 0x029b2105, 0x0623b982, 0x821102ef, 0x0296220b, 0x22238205, 0x8207022b, 0x022c2205, 0x22058208, 0x8209022d, 0x012e2205, 0x220582fe, 
    0x82000228, 0x02292205, 0x22058201, 0x82020254, 0x022a2805, 0x0a020003, 0x820c0293, 0x02f42205, 0x2205820f, 0x820a02f6, 0x02ec2277, 0x220b8212, 
    0x840d02ff, 0x8219209b, 0x03182229, 0x2217821b, 0x821c03eb, 0x03ea2205, 0x2217821d, 0x82180392, 0x03ee210b, 0x0a239582, 0x821e0390, 0x03ed220b, 
    0x2217821f, 0x82200394, 0x03fb2205, 0x22058219, 0x822e039e, 0x03ef2217, 0x220b822f, 0x82300396, 0x032b2247, 0x22058231, 0x8232032c, 0x032d2205, 
    0x22058233, 0x8221032e, 0x0393221d, 0x22058222, 0x8224039b, 0x03ec222f, 0x220b8225, 0x822603ff, 0x03f42205, 0x22238227, 0x82280331, 0x0391220b, 
    0x22058229, 0x822a03f6, 0x03f82205, 0x2217822b, 0x822c0325, 0x03e5220b, 0x2a05822d, 0x001700e4, 0x06920a03, 0x841800ea, 0x00eb2207, 0x066b4319, 
    0x0f841a20, 0x1c00ee22, 0x94200782, 0x1d201f82, 0xeb220784, 0x07831e00, 0x00960a23, 0x2407820f, 0x00ed0690, 0x24078210, 0x01ed0691, 0x222f845b, 
    0x845c01ea, 0x01eb2207, 0x2147855d, 0x0f845e01, 0x5101ee22, 0x01252f85, 0x06030052, 0x202f82ee, 0x20378654, 0x220f8455, 0x835601ea, 0x900a2307, 
    0x07825701, 0xeb06ed24, 0x07845801, 0x2107ea26, 0xb4050200, 0xb6200584, 0xc0200584, 0xc2200584, 0x09520582, 0x00212105, 0xb4200783, 0xb6200f86, 
    0xbf200786, 0xc0200786, 0x2f850786, 0xb305b422, 0xb4200f84, 0x21525184, 0x213f8305, 0x2f8505b4, 0x8505b421, 0x05b4212f, 0xb6202f85, 0xb6202f86, 
    0xb6212f86, 0x205f8505, 0x202f86b6, 0x202f86b6, 0x202f86b6, 0x202f86bf, 0x202f86bf, 0x202f86bf, 0x202f86bf, 0x202f86bf, 0x202f86bf, 0x202f86c0, 
    0x202f86c0, 0x202f86c0, 0x202f86c0, 0x202f86c0, 0x202f86c0, 0x202f86c2, 0x202f86c2, 0x202f86c2, 0x202f86c2, 0x202f86c2, 0x202f82c2, 0x063b4d22, 
    0x8707b321, 0x88b42009, 0x88b62009, 0x88bf2009, 0x88c02009, 0x86c22009, 0x05b42109, 0xb4203b87, 0x45856f82, 0x7182b420, 0x3b870987, 0x7582b420, 
    0x3b871387, 0x3b88b620, 0x3b88b620, 0x3b88b620, 0xaf82b620, 0xb6203185, 0xb6203b88, 0xbf20b388, 0xbf203b88, 0xbf203b88, 0xbf203b88, 0xbf203b88, 
    0xbf203b88, 0xc0203b88, 0xc0203b88, 0xc0203b88, 0xc0203b88, 0xc0203b88, 0xc0203b88, 0xc2203b88, 0xc2203b88, 0xc2203b88, 0xc2203b88, 0xc2203b88, 
    0xc2203b88, 0xef533b86, 0x53d18305, 0x098705ef, 0x83056741, 0x052b4113, 0x67410983, 0x41098305, 0xb421052b, 0x07674105, 0xa3410983, 0x87098305, 
    0x86b4203b, 0x87138377, 0x88b4203b, 0x07674177, 0xb605b422, 0x0983b386, 0x67413b87, 0x87138307, 0x88b6203b, 0x0767413b, 0x4105b421, 0x09830767, 
    0x67413b87, 0x87138307, 0x0767413b, 0x4105b421, 0x09830767, 0x6741b387, 0x87138307, 0x41c020ef, 0x1383062b, 0xc220ef87, 0x21066741, 0x674105b4, 
    0x87098307, 0x88c22077, 0x88c220ef, 0x0767413b, 0x3b86ed82, 0x2205fd54, 0x82040022, 0x41b320f7, 0x138306a3, 0x09837785, 0x0983b385, 0xb6207785, 
    0x83086741, 0x83b38509, 0x83778509, 0x823b8709, 0x850720ab, 0x41b42059, 0xb620062b, 0x13866583, 0x09882982, 0x67413b87, 0x87278307, 0x88b62077, 
    0x0767413b, 0xa3412582, 0x87098306, 0x0767413b, 0x3b871383, 0x20076741, 0x086741b6, 0xb3870983, 0x83076741, 0x41b38713, 0x13830767, 0xc220ef87, 
    0x41082b41, 0x93820767, 0x20082b41, 0x066741c2, 0xc205b622, 0x83066741, 0x823b8509, 0x833b86b1, 0x83778509, 0x83b38509, 0x83778509, 0x83b38509, 
    0x423b8709, 0xbf2207cf, 0xef86b405, 0x3b870983, 0x8307cf42, 0x413b8713, 0xbf200767, 0x83086741, 0x20778709, 0x83b386b6, 0x82778713, 0x220724e7, 
    0x83050400, 0x41778713, 0xbf200767, 0x8308cf42, 0x41778709, 0x07820767, 0x0983ef86, 0xc0203b87, 0xc020ef88, 0x6741b388, 0x05bf2207, 0x062b41c0, 
    0xb3870983, 0xdf41c020, 0x05bf2206, 0x413b88c2, 0x13830767, 0xc2207787, 0x67413b88, 0x851d8307, 0x05c02277, 0x833b86b3, 0x83ef8509, 0x833b8509, 
    0x83ef8509, 0x83778509, 0x413b8709, 0xc0200767, 0x83086741, 0x413b8709, 0x13830767, 0xb4203b87, 0xd982b386, 0xb6207788, 0x1383ef86, 0xcf423b87, 
    0x87138307, 0x88b6203b, 0x0767413b, 0x6741c020, 0x87098308, 0x0767413b, 0x3b871383, 0x2007cf42, 0x08cf42c0, 0xef870983, 0x83076741, 0x82ef8713, 
    0x2207230b, 0x2f820400, 0x82076741, 0x41b38807, 0x13830767, 0xc2207787, 0x83066741, 0x20778713, 0x20b386c2, 0x086741c2, 0x77850983, 0x3b850983, 
    0x77850983, 0x3b850983, 0x67410983, 0x866b8205, 0x87098377, 0x42b4203b, 0x13830693, 0xb4203b87, 0x83065742, 0x453b8713, 0xc220079f, 0x83089f45, 
    0x41778709, 0x13830767, 0xb6207787, 0x6741b388, 0x41c22007, 0x09830867, 0x67413b87, 0x87138307, 0x0767413b, 0x6741c220, 0x87098308, 0x076741b3, 
    0xb3871383, 0xb388c020, 0x7788c020, 0xef88c220, 0x22076741, 0x88c205c2, 0x236f82ef, 0x04002207, 0xc2201182, 0x1f823b88, 0x0000002f, 0x011f0504, 
    0x00050090, 0x04330500, 0x200f82cd, 0x2b07859a, 0x8c00cd02, 0x00009f02, 0x03050002, 0x022a1582, 0x00e00400, 0x0052ff0a, 0x0d82ffa1, 0x03822120, 
    0x53520037, 0xc000534d, 0xffff0000, 0x12fec007, 0xc0070000, 0x0000ee01, 0x25338201, 0x5e040000, 0x2382d205, 0x0c002022, 0x04200582, 0x43830382, 
    0x0b852420, 0x005c1625, 0x82010003, 0x8224200b, 0x000a2c07, 0x005c1600, 0x00381604, 0x82e20100, 0x00072214, 0x091982e2, 0xac007edf, 0xc3014801, 
    0x7b025402, 0x90028402, 0x0403a402, 0x0c030a03, 0x13030f03, 0x1b031503, 0x28032303, 0x38032c03, 0x62034303, 0x76036f03, 0x8a037f03, 0xa1038c03, 
    0xdd03d703, 0xfa03f603, 0x9d047904, 0x2f05ff04, 0x001d3f0e, 0x1b1d0d1d, 0x491d431d, 0x501d4d1d, 0x581d521d, 0x651d5b1d, 0xa01d9c1d, 0xd71dbb1d, 
    0xe91de71d, 0x9b1ef51d, 0x151f0f1f, 0x271f1d1f, 0x451f3f1f, 0x571f4d1f, 0x5b1f591f, 0x7d1f5d1f, 0xaf1f871f, 0xc41fb41f, 0xdb1fd31f, 0xf41fef1f, 
    0x0b20fe1f, 0x55202720, 0x5f205720, 0x8e207120, 0xaf209c20, 0xba20b520, 0xde20c020, 0xf020e820, 0x03210121, 0x09210621, 0x17211321, 0x26212221, 
    0x2e212b21, 0x3b213221, 0x5f214d21, 0x86217f21, 0x99218921, 0xb121aa21, 0xbb21b521, 0xd221d021, 0xdf21d421, 0xe721e521, 0x0222ea21, 0x0f220622, 
    0x1a221222, 0x2b221e22, 0x48223622, 0x65226022, 0x05239822, 0x27231823, 0x80232b23, 0x8b238723, 0x2324cf23, 0xcf246824, 0xa225ea24, 0xb325aa25, 
    0xbd25b725, 0xc725c125, 0xcf25cb25, 0xef25e625, 0x06260026, 0x61263c26, 0x6b266526, 0x1327a026, 0x56271727, 0x88276427, 0xfa27ef27, 0x382a1329, 
    0x132b062b, 0x242b1c2b, 0x7f2c7c2c, 0x182eff2d, 0xffa79fa6, 0x00e02ea9, 0x2be00be0, 0x4fe04ae0, 0x5ee05ce0, 0x80e06ae0, 0x91e087e0, 0xa3e096e0, 
    0xcce0bde0, 0xf5e0e6e0, 0x0ae106e1, 0x13e10fe1, 0x22e118e1, 0x2ae124e1, 0x3de137e1, 0x5ee156e1, 0xc3e163e1, 0xe1e1dfe1, 0xd8e2c7e2, 0x07eedce2, 
    0x12ee0aee, 0x17ee14ee, 0x45ee25ee, 0x71ee47ee, 0x8fee84ee, 0x9cee99ee, 0xd2eea6ee, 0xdeeed6ee, 0xc3f6e1ee, 0xfffffffe, 0x34008300, 0x00a00020, 
    0x014a01ae, 0x025602c5, 0x0286027e, 0x03a60292, 0x0ce34106, 0x03262208, 0x0337032c, 0x03460342, 0x03740363, 0x0384037a, 0x038e038c, 0x03dc03a3, 
    0x03f903f0, 0x048004fc, 0x0ce341a0, 0x4d1d472c, 0x521d4f1d, 0x5b1d561d, 0xe341621d, 0x1dbf3806, 0x1de81dd8, 0x1efc1dea, 0x1f101f9d, 0x1f201f18, 
    0x1f401f28, 0x41501f48, 0x420806e3, 0x1f801f5f, 0x1fb01f88, 0x1fc61fb6, 0x1fdd1fd6, 0x20f61ff2, 0x20102000, 0x2057202f, 0x2070205f, 0x20902074, 
    0x20b120a0, 0x20bc20b8, 0x20e820db, 0x210021f0, 0x21052103, 0x21132109, 0x211e2116, 0x412a2126, 0x503008e3, 0x83216021, 0x90218921, 0xb021a921, 
    0xba21b321, 0x2206e341, 0x41e421de, 0x052406e3, 0x11220f22, 0x280ce341, 0x23952264, 0x23182303, 0x08e34125, 0x2324ce38, 0xb6246024, 0xa025ea24, 
    0xb225aa25, 0xba25b625, 0xc425c025, 0xe341ca25, 0x41052008, 0x6a2006e3, 0x240ae341, 0x27ef2780, 0x06e341f5, 0xe3411220, 0x02680814, 0x2ce00ce0, 
    0x50e04be0, 0x6ae05de0, 0x81e06be0, 0x92e088e0, 0xa4e097e0, 0xdce0c8e0, 0x06e1f3e0, 0x0ce109e1, 0x17e111e1, 0x24e121e1, 0x2be12ae1, 0x3ee138e1, 
    0x63e157e1, 0xd2e1c3e1, 0xe2e1e1e1, 0xd9e2c8e2, 0x09ee01ee, 0x14ee0cee, 0x1dee17ee, 0x47ee26ee, 0x72ee48ee, 0x90ee87ee, 0x9dee9aee, 0xd3eea7ee, 
    0xdfeed8ee, 0x2106e341, 0x00940001, 0x03870737, 0x078407dd, 0x037e0783, 0x070000cc, 0x07660770, 0x0659073d, 0x212c85f1, 0x0785dbfd, 0xff2f0589, 
    0xecfcf6c8, 0xec64ec6f, 0x00e4e857, 0x82e0e800, 0x82e32003, 0x82e12003, 0xe88d2803, 0x0085e88c, 0x828eec00, 0x83e92003, 0x6ae53631, 0x64e565e1, 
    0xfde30000, 0x6be520e2, 0x8de28ee2, 0x00008ce2, 0x212b82e4, 0x1f83b9e4, 0xe4250383, 0xe60000ed, 0x222d84f5, 0x8395e680, 0x2d038b07, 0xf3e9d7e9, 
    0xffe5d6e5, 0xfae50000, 0x19833ce9, 0xe5ece22b, 0xdfd9e5da, 0xe5d9e45a, 0x20738286, 0x20198289, 0x22038235, 0x82b3e575, 0xe5a03405, 0xe53ee53b, 
    0xe58ae544, 0xe569e582, 0x001ee467, 0x8213e400, 0xe40a2c03, 0xe3f8e301, 0xe3afe3ad, 0x838ae391, 0x3ae42b45, 0x31e40000, 0xd1e3d6e3, 0x7f82cee3, 
    0x2ae32d2a, 0x9fe2b9e2, 0x14e09fe1, 0x03871d83, 0x6ee15508, 0x7ce1d3df, 0x48e149e1, 0xe9e00ce1, 0xbee3e6e0, 0x1fe09ce0, 0xefdf1ce0, 0x0ae0e8df, 
    0x00001fe2, 0x6cdd09de, 0x30dc49dc, 0x46dc50dc, 0x7bd5e5d9, 0x84d740dd, 0x7961df63, 0x4727df60, 0xde209520, 0x0000f721, 0x00009f22, 0xde240d23, 
    0x37252525, 0x62250000, 0xd2260382, 0x5a2a0000, 0x6783e529, 0x29df292e, 0x29d429dc, 0x26ce29d3, 0x26000068, 0x242dcf82, 0x250624d4, 0x2671294e, 
    0x26272623, 0x2d238312, 0x9f140000, 0x6d15c814, 0x1b178e15, 0x11831c17, 0x00c41c27, 0x1cc21c00, 0x08058254, 0x00009420, 0x0d0b2610, 0x00000100, 
    0x9c02e001, 0xe803b402, 0xf805da04, 0x4e064206, 0x86066206, 0x2f834207, 0x07210387, 0x2709873e, 0x38070000, 0x46073c07, 0x502e0782, 0xde077607, 
    0xec07e007, 0xe808ee07, 0x21892209, 0x09000023, 0x200382d4, 0x200386d6, 0x201985d8, 0x27078209, 0x0000060a, 0x440b060a, 0x0c201185, 0x0c20338c, 
    0x0c2f1582, 0x0c00007e, 0x0de60cca, 0x000a0d00, 0x822c0d00, 0x0d3a2103, 0x0782df82, 0xb20db02e, 0xfe0de60d, 0x240e1c0e, 0x300e280e, 0x00234185, 
    0x832e0e00, 0x2c0e2109, 0x0b830785, 0x0e250383, 0x0e00002a, 0x20038246, 0x200d844a, 0x8d058358, 0x820e2003, 0x8b038319, 0x3e0e2415, 0x8400440e, 
    0x20158537, 0x0c03410e, 0x0e380e29, 0x0e3c0e3a, 0x8f440e42, 0x8b2d8537, 0x2c0e2105, 0x0b950d8b, 0x00140e25, 0x871a0e00, 0x850d871b, 0x5a0e235b, 
    0x19875c0e, 0x0e250783, 0x0e000056, 0x8909835e, 0x5e0e2503, 0x6c0e6a0e, 0x00250f89, 0x0e6c0e00, 0x20058290, 0x2013839e, 0x2105820e, 0x0983a20e, 
    0x00002108, 0x9305f106, 0xad05cd05, 0xd0061d05, 0xcc059105, 0x9e059d05, 0xf2050b06, 0xb305dd05, 0xaf05de05, 0x2c142f73, 0x05e405e1, 0x05f005ec, 
    0x059705ed, 0x0eeb71a5, 0x2a258573, 0x05b2059f, 0x060a06a1, 0x70da0607, 0xe0201607, 0x071cb579, 0x05a3f609, 0x05a405b0, 0x05f206f8, 0x051e0595, 
    0x05ae0520, 0x06b1051f, 0x06dc061e, 0x0518060e, 0x060606ea, 0x06e0060d, 0x06f60517, 0x06460645, 0x069703d8, 0x06e5051c, 0x064306e7, 0x06eb0519, 
    0x06bd06c1, 0x009a05c2, 0x00060005, 0x00040007, 0x00080003, 0x004b003d, 0x00610060, 0x00630062, 0x00cc00cb, 0x09c700cd, 0x012d011c, 0x01470146, 
    0x01430148, 0x01f40542, 0x01aa0144, 0x01ac01ab, 0x04da01ad, 0x02760309, 0x02fc0110, 0x021a0204, 0x0216020b, 0x024d021f, 0x026a0269, 0x0267026b, 
    0x02bb02ba, 0x04b402bc, 0x03060355, 0x031c031b, 0x0318031d, 0x03f50517, 0x03990319, 0x039b039a, 0x02ea0394, 0x00e70349, 0x0013020b, 0x00fd010c, 
    0x0014020d, 0x004e024c, 0x004f024d, 0x0050024e, 0x0051024f, 0x095b0256, 0x0056021a, 0x006c0264, 0x006d0265, 0x006e0266, 0x006f0267, 0x00700268, 
    0x00950290, 0x00960291, 0x00970292, 0x00980293, 0x00a902a3, 0x00a802a9, 0x00b602ce, 0x00bd02cf, 0x00be02d0, 0x00c002d1, 0x09b202d2, 0x01cd0224, 
    0x01d2020b, 0x09d90210, 0x021a0152, 0x021b01e8, 0x021c01e9, 0x022609ea, 0x022101e7, 0x032e01e1, 0x032f010c, 0x0330010d, 0x0337010e, 0x03490108, 
    0x034a011e, 0x034b011f, 0x03760120, 0x03810148, 0x0382015c, 0x0383015d, 0x038e015e, 0x038f016a, 0x0390016b, 0x0391016c, 0x039c016d, 0x039d0181, 
    0x03290982, 0x03ae0180, 0x03af0195, 0x03b0019c, 0x03b1019d, 0x03b2019e, 0x03b3019f, 0x03cc01a0, 0x03db01db, 0x01dc01eb, 0x010304f1, 0x010404f2, 
    0x020504f3, 0x0043028d, 0x02180946, 0x092a0944, 0x0052005d, 0x004c024a, 0x0955005c, 0x0959021b, 0x097a003b, 0x001d091f, 0x0021058a, 0x022b048f, 
    0x00d800a4, 0x021701c9, 0x09e202d8, 0x012d0953, 0x010b0336, 0x03450173, 0x0928091a, 0x037b0155, 0x012c094d, 0x09750399, 0x033f091e, 0x09a3017a, 
    0x01a5015b, 0x049603a9, 0x012b0927, 0x01e803d9, 0x09ff03f8, 0x09220920, 0x05460945, 0x09440540, 0x094c095c, 0x0975096e, 0x09770976, 0x025e0074, 
    0x01250963, 0x09d60223, 0x03400127, 0x020e0014, 0x02d30003, 0x034c01c1, 0x03b40121, 0x03b501a1, 0x03b601a2, 0x03b701a3, 0x03b801a4, 0x008502a5, 
    0x000c020f, 0x000f0210, 0x0020023e, 0x0094028e, 0x01990294, 0x01da0211, 0x0122034d, 0x0923034e, 0x02430921, 0x001909d3, 0x0061025d, 0x009a0295, 
    0x012e09ae, 0x000f0331, 0x00170209, 0x0121023f, 0x003a0365, 0x000a0211, 0x00120212, 0x00710269, 0x0072026a, 0x00c202d4, 0x01c302d5, 0x0124034f, 
    0x01250350, 0x015f0384, 0x01600385, 0x01a603b9, 0x01a703ba, 0x016e0392, 0x0983039e, 0x00500923, 0x09aa02a4, 0x095a022f, 0x015f0930, 0x000004f7, 
    0x000d0213, 0x0173026b, 0x01260351, 0x01270352, 0x01280353, 0x01290354, 0x02ec03dd, 0x030903e6, 0x09c7027d, 0x00610960, 0x0251002e, 0x0122014b, 
    0x046903a6, 0x09310901, 0x01450062, 0x003209c7, 0x01680279, 0x01c9020c, 0x0153037f, 0x0156038c, 0x02e903e3, 0x0937091b, 0x09450238, 0x02570257, 
    0x093c0958, 0x04410940, 0x04770476, 0x02780479, 0x099302c8, 0x049c0249, 0x023909e4, 0x02a202a5, 0x04b902a3, 0x02ce029b, 0x02e502e3, 0x035409e4, 
    0x02010300, 0x030a03ff, 0x03150307, 0x09490345, 0x03580956, 0x03590957, 0x035a0358, 0x03650359, 0x09680366, 0x0951093d, 0x037f033e, 0x0998037b, 
    0x036d096c, 0x03da03d5, 0x04fd03f8, 0x09420902, 0x094a0944, 0x094e094f, 0x0906073a, 0x02750463, 0x0270099d, 0x02de02d1, 0x095203fd, 0x024d094b, 
    0x09640262, 0x035a095e, 0x0991027e, 0x09640947, 0x02480965, 0x06a702a6, 0x067b092e, 0x09380630, 0x097a097c, 0x063d0679, 0x05db053f, 0x05360bdc, 
    0x0b350bcb, 0x0b3c0b3d, 0x0a380b37, 0x0a2c0a2b, 0x062a0a2d, 0x0be506de, 0x0ae60a3a, 0x0be80ae7, 0x0b3b0b3e, 0x0b320b39, 0x0a330b34, 0x0a330a34, 
    0x0a2e0a46, 0x06300a31, 0x06e306e1, 0x06e806e4, 0x0ad906df, 0x0a4c0a4d, 0x06320623, 0x0a3e0639, 0x0a470a4e, 0x0a4b0a49, 0x0a480a4a, 0x0aea0ae9, 
    0x05360a35, 0x0a2f0acf, 0x0a380a37, 0x0a3a0a39, 0x0a3c0a3b, 0x0a3e0a3d, 0x0a3f0a32, 0x0a410a40, 0x0a430a42, 0x06450a44, 0x0aea06eb, 0x06ee0692, 
    0x0a940aed, 0x0a900a91, 0x06950a96, 0x0a9a0af0, 0x0a250a9b, 0x093e0126, 0x09d209e7, 0x05d409d3, 0x060d01e7, 0x00e606db, 0x00e60522, 0x00b0007c, 
    0x04e501da, 0x009c0414, 0x04480021, 0x000b040a, 0x00f9017b, 0x000c04af, 0x001801d9, 0x0129013c, 0x010d043f, 0x010e0466, 0x010f047c, 0x04e401a7, 
    0x04d70110, 0x00120411, 0x04e601db, 0x04740457, 0x049d0483, 0x045604b8, 0x04710470, 0x04730472, 0x04820481, 0x099b049a, 0x09ad04cf, 0x04d109d0, 
    0x043b03ae, 0x04b004af, 0x04b504b4, 0x04b704b6, 0x04e503c9, 0x04cc04cb, 0x03b9049e, 0x04ba043c, 0x09cb09cd, 0x04d809d7, 0x04290428, 0x09ca042a, 
    0x09d609d9, 0x09d509ca, 0x02db09da, 0x01d40253, 0x0adc096f, 0x01530027, 0x09b3042a, 0x09cd09cc, 0x008600ce, 0x09540487, 0x014e047e, 0x00e80098, 
    0x040e01e9, 0x04480447, 0x01810941, 0x04860939, 0x04300038, 0x0947002c, 0x002f047d, 0x04300485, 0x01380132, 0x0433043a, 0x002b0136, 0x097101bb, 
    0x09830982, 0x04850984, 0x093a0439, 0x043b0487, 0x0442043d, 0x04440443, 0x04460445, 0x044a0449, 0x041c024b, 0x04e604e5, 0x02ea04e7, 0x04eb0481, 
    0x09ee04ed, 0x04f004a9, 0x04f804f5, 0x044603fa, 0x025003ff, 0x03000554, 0x030105f3, 0x050405e4, 0x05090506, 0x050c050a, 0x050b050d, 0x05130512, 
    0x02820214, 0x09a10283, 0x031705a6, 0x02cb0274, 0x05d502cc, 0x02110510, 0x09ab09a0, 0x05f403aa, 0x09880905, 0x058909ac, 0x098a090f, 0x098b09ad, 
    0x098c09ae, 0x098d09af, 0x098e09b0, 0x098f09b1, 0x099009b2, 0x033704b3, 0x05530444, 0x0991091c, 0x039209b4, 0x09a4094a, 0x0a240ac9, 0x0a7a0a79, 
    0x0a7c0a7b, 0x0a770a7d, 0x043d0178, 0x05a509ef, 0x037a010e, 0x042d044c, 0x098009e8, 0x054c04a8, 0x04310415, 0x099309ec, 0x041601b5, 0x043404f2, 
    0x041501f3, 0x04ab00f4, 0x04ad00fb, 0x054d04fc, 0x054f0416, 0x09940918, 0x099509b6, 0x099609b7, 0x099709b8, 0x05d501b9, 0x053c0403, 0x053e0419, 
    0x053f0407, 0x02400408, 0x055004b0, 0x0998091a, 0x099909ba, 0x04bb099a, 0x09f10435, 0x00f6049b, 0x00fd04aa, 0x09fe04ac, 0x01bc099c, 0x02f90428, 
    0x023100fc, 0x0232001d, 0x0240001e, 0x02880022, 0x09510484, 0x099d09bd, 0x099e09be, 0x099f09bf, 0x055204c0, 0x093b011b, 0x093c01c1, 0x037201c2, 
    0x09740147, 0x097501c3, 0x09a009c4, 0x03f903c5, 0x03fa03f5, 0x03fb03f6, 0x09a109f7, 0x097f09c6, 0x09a209a7, 0x042e04c7, 0x05d601e9, 0x09a30902, 
    0x062806c8, 0x062b062a, 0x06330631, 0x063a0636, 0x0660063b, 0x066c0669, 0x0ae8096d, 0x0ac10ac0, 0x0ac30ac2, 0x0ac40abd, 0x0ac60ac5, 0x0ac80ac7, 
    0x0ac90a61, 0x0acb0aca, 0x0acd0acc, 0x0acf0ace, 0x0a620ad0, 0x0a640a63, 0x0ad10a65, 0x0a760ad2, 0x0ae00adf, 0x00e20ae1, 0x00190214, 0x00460242, 
    0x00470243, 0x00480244, 0x00520250, 0x005c0257, 0x005d0258, 0x005e0259, 0x005f025a, 0x0060025b, 0x0074026c, 0x0075026d, 0x0076026e, 0x0077026f, 
    0x00780270, 0x0090028b, 0x009b0296, 0x00ab02a5, 0x00ac02a6, 0x00ad02a7, 0x009f02a2, 0x00ae02a8, 0x00b702ca, 0x01b502c8, 0x01db0212, 0x01dc0213, 
    0x01dd0214, 0x01eb021d, 0x01ec021e, 0x01ed021f, 0x01ee0220, 0x01020325, 0x01030326, 0x01040327, 0x01100332, 0x01110333, 0x01120334, 0x01130335, 
    0x012a0355, 0x012b0356, 0x012c0357, 0x012d0358, 0x014e0378, 0x014f0379, 0x01610386, 0x01620387, 0x01630388, 0x01640389, 0x016f0393, 0x01700394, 
    0x01710395, 0x01720396, 0x01730397, 0x0184039f, 0x018503a0, 0x018603a1, 0x018703a2, 0x01a803bb, 0x01a903bc, 0x01aa03bd, 0x01ab03be, 0x01ac03bf, 
    0x01d603c9, 0x01d703ca, 0x01dc03cd, 0x01dd03ce, 0x01d903cf, 0x01de03d0, 0x01df03d1, 0x01e203d3, 0x01e303d4, 0x01ed03de, 0x010604f4, 0x010704f5, 
    0x020804f6, 0x038803af, 0x02ee03e0, 0x098f0215, 0x099a0166, 0x02150067, 0x0216000e, 0x02170011, 0x02180005, 0x02190007, 0x021a0008, 0x021b0009, 
    0x011c0006, 0x021d00fe, 0x021e0000, 0x021f0001, 0x01200002, 0x027100ff, 0x02720079, 0x0273007a, 0x0274007b, 0x0275007c, 0x0276007d, 0x0277007e, 
    0x0278007f, 0x02d60080, 0x02d700c4, 0x035901c5, 0x035a012e, 0x035b012f, 0x035c0130, 0x035d0131, 0x035e0132, 0x035f0133, 0x03600134, 0x03610135, 
    0x03620136, 0x03630137, 0x03640138, 0x03c00139, 0x03c101ad, 0x03c201ae, 0x03c301af, 0x03c401b0, 0x03c501b1, 0x03c601b2, 0x03df01b3, 0x03e001ef, 
    0x03e101f0, 0x03e201f1, 0x093309f2, 0x09340968, 0x09350969, 0x0458046a, 0x045a0459, 0x045c045b, 0x045e045d, 0x0023005f, 0xdb6b1824, 0x29c20908, 
    0xb1002a00, 0xb300b200, 0xb500b400, 0xb700b600, 0x9f04b800, 0xa104a004, 0xa304a204, 0xa504a404, 0xdc00a604, 0xde00dd00, 0xe000df00, 0xe200e100, 
    0xea01e300, 0xcf04ce04, 0xd104d004, 0xd304d204, 0xd504d404, 0x16041504, 0x18041704, 0x1a041904, 0x1c041b04, 0xdd096004, 0xde098004, 0xdf098c04, 
    0xe009a704, 0xe2094303, 0xe309c304, 0xe509d604, 0x34003300, 0x36003500, 0x38003700, 0x3a003900, 0x8e048d04, 0x90048f04, 0x92049104, 0x94049304, 
    0xbd00bc00, 0xbf00be00, 0xc100c000, 0xc300c200, 0xd804d704, 0xda04d904, 0xdc04db04, 0xde04dd04, 0x1f041e04, 0x21042004, 0x23042204, 0x25042404, 
    0x6f046e04, 0x2c002b00, 0x2f002d00, 0x820a3b00, 0x810ae609, 0x8c0a8f0a, 0x96049504, 0x98049704, 0x83009904, 0xb9008400, 0xc400ba00, 0x860a840a, 
    0xa804880a, 0xaa04a904, 0xab04e109, 0xe400ac04, 0xe600e500, 0x850ae700, 0x890a870a, 0xc504c404, 0xe409c604, 0xb204b104, 0xc804c704, 0xec01eb01, 
    0xee01ed01, 0x8a0a7d01, 0x8d0a8b0a, 0xe304e204, 0x70016e01, 0x13041d04, 0x8e0a2604, 0x200a830a, 0xb505210a, 0xb605b405, 0x1f0ab705, 0xca05220a, 
    0xd105cb05, 0xce05d205, 0xd005cf05, 0x0806d305, 0xb8050906, 0x140abb05, 0xdf05e005, 0xf306130a, 0xd206d106, 0xd505d405, 0xd805d605, 0xda05d905, 
    0xe805100a, 0x160ae905, 0x9b059405, 0x180a150a, 0x110a120a, 0xba050f0a, 0xa0058906, 0x9805a205, 0x96059905, 0x1d069205, 0xbd05bc05, 0x170a190a, 
    0x1b0a1a0a, 0x1c0a530a, 0x1e0a1d0a, 0x2f064106, 0x64184806, 0x552b0adf, 0x57065606, 0x52065106, 0x18063406, 0x08135b65, 0x870686aa, 0x82068806, 
    0x58068306, 0x66065c06, 0x73096f06, 0x62065f06, 0x64066306, 0x67066506, 0x6b066a06, 0x3005510a, 0x3a053205, 0x35052b05, 0x27052e05, 0x2a053805, 
    0x65023605, 0x29052405, 0x34053305, 0x2f052805, 0x2d052c05, 0x26053105, 0x22052505, 0x23053705, 0x3c053905, 0xbe0a520a, 0x6d07bc0a, 0xd5066e07, 
    0x0107d406, 0x8b011006, 0x12068a01, 0x11061306, 0xce06c906, 0xbf06cf06, 0xc306c006, 0xc506c406, 0xc706c606, 0xca06c806, 0xcc06cb06, 0xbc06cd06, 
    0x6b09090a, 0x0b0a0a0a, 0x1a070807, 0x1b070d07, 0x1d071607, 0x08089374, 0x6507622c, 0x25066107, 0x21060b04, 0xa007f305, 0xa307a107, 0x5307a207, 
    0x54075507, 0x5d075707, 0x60075e07, 0x35075f07, 0x37073907, 0x03843b07, 0x38073426, 0x3a073607, 0x23080384, 0x06460744, 0x073e0726, 0x070e0709, 
    0x070c0717, 0x02190711, 0x02bf02b8, 0x02ca02c6, 0x035503d0, 0x05e2055b, 0x0805e77c, 0x0c066321, 0x1b061a06, 0x54065306, 0x5a065906, 0x5d065b06, 
    0x68065e06, 0x70066e06, 0x84067106, 0x18068506, 0x2013bf51, 0xc96918a3, 0xe2200812, 0x500bec0a, 0xee0aed0a, 0x510bef0a, 0xa607a507, 0xa907a807, 
    0xab07aa07, 0xe207e107, 0xe407e307, 0x07235c18, 0xe3053908, 0xef010a00, 0xfc031802, 0xf90a8903, 0xc600e007, 0x8802a401, 0x8a028902, 0x8c028b02, 
    0xdd068e02, 0xb307a707, 0xea07e507, 0xed07ec07, 0xef07ee07, 0xeb07f007, 0xf207f107, 0x08b16918, 0x07f32b08, 0x07530bf8, 0x07fb07fa, 0x07fd07fc, 
    0x08ff07fe, 0x0a010800, 0x075e0bfa, 0x0b4c0bf9, 0x0b6a0b69, 0x0b02086b, 0x00740b73, 0x0082000c, 0x82d04e21, 0x21028204, 0x04829006, 0x01200287, 
    0x20200882, 0x06210385, 0x200782f1, 0x21038521, 0x07829305, 0x03852220, 0x82cd0521, 0x85232007, 0xad052103, 0x24200782, 0x05210385, 0x2007821d, 
    0x20038525, 0x205b8306, 0x820b8226, 0x91052103, 0x27200782, 0x05210385, 0x200782cc, 0x24038228, 0x05000029, 0x2007829d, 0x2103852a, 0x07820b06, 
    0x03852b20, 0x82f20521, 0x852c2007, 0xdd052103, 0x2d200782, 0x05210385, 0x200782b3, 0x2103852e, 0x0782de05, 0x03852f20, 0x82af0521, 0x82302007, 
    0x82322003, 0x823d2053, 0x82332007, 0x82352003, 0x8241200b, 0x82362007, 0x82392003, 0x8245200b, 0x853a2007, 0xe1052103, 0x3b200782, 0x05210385, 
    0x200782e4, 0x2103853c, 0x0782ec05, 0x03823f83, 0x82f00521, 0x853e200b, 0xed052103, 0x3f200782, 0x05210385, 0x20078297, 0x21038540, 0x0782a505, 
    0x03836383, 0x00000224, 0x03864200, 0x43200f83, 0x03830b82, 0x07824920, 0x03864420, 0x07825420, 0x03838783, 0x0b825f20, 0x03864620, 0x07828920, 
    0x03864720, 0x07828d20, 0x03864820, 0x0782a120, 0x03833f83, 0x0b82c520, 0x03854a20, 0x820a0121, 0x854b2007, 0x0f012103, 0x4c200782, 0x01210385, 
    0x20078219, 0x2103854d, 0x07822401, 0x03854e20, 0x822c0121, 0x854f2007, 0x41012103, 0x50200782, 0x01210385, 0x20078277, 0x21038551, 0x07827e01, 
    0x03855220, 0x00800125, 0x85530000, 0x83012003, 0x82b7838f, 0x9b012103, 0x55201382, 0x01210385, 0x200782a8, 0x21038556, 0x0782c801, 0x03855720, 
    0x82cb0121, 0x85582007, 0xd2012103, 0x59200782, 0x01210385, 0x200782d8, 0x2103855a, 0x0782f001, 0x03855b20, 0x829f0521, 0x855c2007, 0xb2052103, 
    0x5d200782, 0x05200385, 0x5e20fb83, 0x03820b82, 0xef830620, 0x0b825f20, 0x06210382, 0x20078207, 0x21038560, 0x0782da06, 0x03856120, 0x82fb0121, 
    0x85622007, 0x42022103, 0x63200782, 0x02210385, 0x2007824a, 0x21038564, 0x07825502, 0x03856520, 0x82660221, 0x21038607, 0x0b828702, 0x03856720, 
    0x82920221, 0x85682007, 0x9e022103, 0x69200782, 0x02210385, 0x200782b1, 0x2103856a, 0x0782cf02, 0x03856b20, 0x82d70221, 0x856c2007, 0xe0022103, 
    0x6d200782, 0x02210385, 0x200782fe, 0x2103856e, 0x07820503, 0x03856f20, 0x82160321, 0x85702007, 0x4b032103, 0x71200782, 0x03210385, 0x20078251, 
    0x21038572, 0x07825403, 0x03857320, 0x97830320, 0x0b827420, 0x03210382, 0x20078279, 0x21038575, 0x07829303, 0x03857620, 0x82d40321, 0x85772007, 
    0xd8032103, 0x78200782, 0x03210385, 0x830782e1, 0x21038233, 0x0b82e603, 0x03857a20, 0x9b830320, 0x0b827b20, 0x05210382, 0x200782a3, 0x2103857c, 
    0x0782b005, 0x03857d20, 0x82a40521, 0x857e2007, 0xf8052103, 0xa0200782, 0x06210385, 0x200782f2, 0x210385a1, 0x07829505, 0x0385a220, 0x821e0521, 
    0x85a32007, 0x20052103, 0x3f830782, 0x05210382, 0x200b82ae, 0x210385a5, 0x07821f05, 0x0385a620, 0x82b10521, 0x85a72007, 0x83062003, 0x82a8203b, 
    0x2103820b, 0x0782dc06, 0x0385a920, 0x820e0621, 0x85aa2007, 0x18062103, 0xab200782, 0x05210385, 0x200782ea, 0x210385ac, 0x07820606, 0x0385ae20, 
    0x820d0621, 0x85af2007, 0xe0062103, 0xcf830782, 0x06210382, 0x830b8217, 0x2103826f, 0x0b82f605, 0x0382b220, 0x0000b324, 0x07824506, 0x0385b420, 
    0x82d80621, 0x85b52007, 0x97032103, 0xb6200782, 0x06210385, 0x2007821c, 0x210385b7, 0x0782e505, 0x0385b820, 0x82e70621, 0x85b92007, 0x43062103, 
    0xba200782, 0x06210385, 0x20078219, 0x210385bb, 0x0782eb05, 0x0385bc20, 0x82c10621, 0x85bd2007, 0x83062003, 0x82be2007, 0x2103820b, 0x0782c206, 
    0x0385bf20, 0x829a0521, 0x82c02007, 0x82c22003, 0x82052003, 0x86c32003, 0x82042003, 0x86c42007, 0x82032003, 0x86c52007, 0x82082003, 0x86c62007, 
    0x823d2003, 0x86c72007, 0x824b2003, 0x82c82007, 0x43cb2003, 0x00210527, 0x200782cc, 0x200f86ce, 0x830782cf, 0x202b8303, 0x820b82d0, 0x83092003, 
    0x82d120e3, 0x2103820b, 0x07822d01, 0x0382d220, 0x0000d424, 0x07824601, 0x0385d520, 0xe3830120, 0x0b82d620, 0x01210382, 0x20078242, 0x210385d7, 
    0x0782f405, 0x0385d820, 0x82440121, 0x82d92007, 0x82dc2003, 0x82aa203b, 0x85dd2007, 0xda012103, 0xde200782, 0x04210385, 0x20078209, 0x210385df, 
    0x07827603, 0x0385e020, 0x82100221, 0x85e12007, 0xfc012103, 0xe2200782, 0x02210385, 0x20078204, 0x210385e3, 0x07821a02, 0x0385e420, 0x820b0221, 
    0x85e52007, 0x16022103, 0xe6200782, 0x02210385, 0x2007821f, 0x210385e7, 0x07824d02, 0x0382e820, 0x0000ea24, 0x07826902, 0x0385eb20, 0x82670221, 
    0x82ec2007, 0x82ee2003, 0x82ba2017, 0x85ef2007, 0xb4022103, 0xf0200782, 0x04210385, 0x20078255, 0x210385f1, 0x07820603, 0x0382f220, 0x0321eb82, 
    0x2007821b, 0x210385f5, 0x07821803, 0x0385f620, 0x82170321, 0x85f72007, 0xf5052103, 0xf8200782, 0x03210385, 0x20078219, 0x240382f9, 0x030000fb, 
    0x83078299, 0x210382db, 0x0b829403, 0x0385fd20, 0x9f820320, 0x82fe0021, 0x2103820b, 0x07824902, 0x0385ff20, 0xc7820320, 0x0a820120, 0x00200383, 
    0x0120ef82, 0x03830882, 0x00130225, 0x85020100, 0x0c002103, 0x03200782, 0xfd200386, 0x04200782, 0x00210385, 0x2007820d, 0x21038505, 0x07821402, 
    0x03850620, 0x824c0021, 0x85072007, 0x4e022103, 0x08200782, 0x00210385, 0x2007824d, 0x21038509, 0x07824f02, 0x03850a20, 0x23830020, 0x0b820b20, 
    0x02210382, 0x83078250, 0x2003826f, 0x83238300, 0x21038263, 0x17825102, 0x03850e20, 0x82560021, 0x850f2007, 0x5b022103, 0x10200782, 0x09210385, 
    0x2007821a, 0x20038511, 0x20238302, 0x820b8212, 0x64002103, 0x13200782, 0x02210385, 0x8307826c, 0x210382ab, 0x0b826500, 0x03851520, 0x826d0221, 
    0x85162007, 0x66002103, 0x17200782, 0x02210385, 0x2007826e, 0x21038518, 0x07826700, 0x03851920, 0x826f0221, 0x851a2007, 0x68002103, 0x1b200782, 
    0x02210385, 0x20078270, 0x2103851c, 0x07829000, 0x03851d20, 0x82950221, 0x851e2007, 0x91002103, 0x1f200782, 0x02210385, 0x20078296, 0x21038520, 
    0x07829200, 0x03852120, 0x82970221, 0x85222007, 0x93002103, 0x23200782, 0x02210385, 0x20078298, 0x21038524, 0x0782a300, 0x03852520, 0x82a90221, 
    0x85262007, 0x83002003, 0x8227200b, 0x2103820b, 0x0782a802, 0x03852820, 0x82ce0021, 0x85292007, 0xb6022103, 0x2a200782, 0x00210385, 0x200782cf, 
    0x2103852b, 0x0782bd02, 0x03852c20, 0x82d00021, 0x852d2007, 0xbe022103, 0x2e200782, 0x00210385, 0x200782d1, 0x2103852f, 0x0782c002, 0x03853020, 
    0x82d20021, 0x85312007, 0xb2022103, 0x32200782, 0x09210385, 0x20078224, 0x21038533, 0x0782cd02, 0x03863420, 0x07820b20, 0x03853520, 0x3b830220, 
    0x0b823620, 0x10200383, 0x37200782, 0x02210385, 0x200782d9, 0x21038538, 0x07825209, 0x03863920, 0x07821a20, 0x03853a20, 0x82e80221, 0x863b2007, 
    0x821b2003, 0x853c2007, 0xe9022103, 0x3d200782, 0x1c200386, 0x3e200782, 0x02210385, 0x200782ea, 0x2103853f, 0x07822609, 0x03854020, 0x82e70221, 
    0x86412007, 0x82212003, 0x85422007, 0xe1022103, 0x43200782, 0x2e200386, 0x44200782, 0x03210385, 0x2007820c, 0x20038645, 0x2007822f, 0x21038546, 
    0x07820d03, 0x03864720, 0x07823020, 0x03854820, 0x820e0321, 0x864a2007, 0x20df8303, 0x820b824b, 0x08032103, 0x4c200782, 0x49200386, 0x4d200782, 
    0x03210385, 0x2007821e, 0x8303864e, 0x824f2037, 0x2103820b, 0x07821f03, 0x03865020, 0x07824b20, 0x03855120, 0x82200321, 0x86522007, 0x82762003, 
    0x85532007, 0x48032103, 0x54200782, 0x81200386, 0x55200782, 0x03210385, 0x2007825c, 0x20038656, 0x20078282, 0x21038557, 0x07825d03, 0x03865820, 
    0x07828320, 0x03855920, 0x825e0321, 0x865a2007, 0x828e2003, 0x855b2007, 0x6a032103, 0x5c200782, 0x8f200386, 0x3f830782, 0x03210382, 0x200b826b, 
    0x2003865e, 0x20078290, 0x2103855f, 0x07826c03, 0x03866020, 0x07829120, 0x03856120, 0x826d0321, 0x86622007, 0x829c2003, 0x85632007, 0x81032103, 
    0x64200782, 0x9d200386, 0x65200782, 0x03200385, 0x6620b383, 0x03820b82, 0x82290921, 0x85672007, 0x80032503, 0x68010000, 0xae200386, 0x69200782, 
    0x03210385, 0x20078295, 0x2003866a, 0x200782af, 0x2003856b, 0x836b8303, 0x20038393, 0x831382b0, 0x20038287, 0x206b8303, 0x830f826e, 0x82b12003, 
    0x856f2007, 0x9e032103, 0x70200782, 0xb2200386, 0x71200782, 0x03210385, 0x2007829f, 0x20038672, 0x200782b3, 0x21038573, 0x0782a003, 0x03867420, 
    0x0782cc20, 0x03857520, 0x82db0321, 0x86762007, 0x200b8303, 0x820b8277, 0xeb032103, 0x78200782, 0xdc200386, 0x79200782, 0xf1200386, 0x7a200782, 
    0x04210385, 0x20078203, 0x2003867b, 0x200782f2, 0x2503857c, 0x00000404, 0x03867d01, 0x0782f320, 0x03857e20, 0x82050421, 0x857f2007, 0x8d022103, 
    0x80200782, 0x02210385, 0x20078243, 0x21038581, 0x07824600, 0x03858220, 0x82180921, 0x85832007, 0x44022103, 0x84200782, 0x09210385, 0x2007822a, 
    0x21038585, 0x07825d09, 0x03858620, 0x82520021, 0x85872007, 0x4a002103, 0x88200782, 0x02210385, 0x2007824c, 0x21038589, 0x07825c00, 0x03858a20, 
    0x82550021, 0x858b2007, 0x1b092103, 0x8c200782, 0x02210385, 0x83078259, 0x2103829f, 0x0b823b09, 0x03858e20, 0xf7830020, 0x0b828f20, 0x09210382, 
    0x2007821f, 0x21038590, 0x07821d09, 0x03859120, 0x5b830020, 0x0b829220, 0x05210382, 0x20078221, 0x20038593, 0x21338200, 0x0b829401, 0x04210382, 
    0x2007822b, 0x21038595, 0x0782a402, 0x03859620, 0x82d80021, 0x85972007, 0xc9002103, 0x98200782, 0x17200386, 0x99200782, 0x02200385, 0x9a202383, 
    0x03820b82, 0x82e20221, 0x859b2007, 0x53092103, 0x9c200782, 0x09210385, 0x2007822d, 0x2003869d, 0x20078236, 0x2103859e, 0x07820b03, 0x03869f20, 
    0x07827320, 0x0386a020, 0x07824520, 0x0385a120, 0x821a0321, 0x85a22007, 0x28092103, 0xa3200782, 0x09210385, 0x83078255, 0x200383ab, 0x200b827b, 
    0x210385a5, 0x07824d03, 0x0385a620, 0x822c0921, 0x86a72007, 0x82992003, 0x85a82007, 0x75032103, 0xa9200782, 0x09210385, 0x0533491e, 0x00aa0125, 
    0x823f0900, 0x85ab200b, 0x7a032103, 0xac200782, 0x73830386, 0x0b82ad20, 0x09210382, 0x2007825b, 0x200386ae, 0x200782a5, 0x200386af, 0x200782a9, 
    0x210385b0, 0x07829603, 0x0385b120, 0x82270421, 0x85b22007, 0x2b092103, 0xb3200782, 0xd9200386, 0xb4200782, 0x03210385, 0x200782e8, 0x200386b5, 
    0x200782f8, 0x210385b6, 0x0782ff03, 0x0385b720, 0x82200921, 0x85b82007, 0x22092103, 0xb9200782, 0xba200382, 0x4520b382, 0xbb200782, 0x05210385, 
    0x20078240, 0x210385bc, 0x07824405, 0x0385bd20, 0x825c0921, 0x85be2007, 0x4c092103, 0xbf200782, 0x09210385, 0x2007826e, 0x200382c0, 0x204782c2, 
    0x20078275, 0x210385c3, 0x07827409, 0x0385c520, 0x825e0021, 0x85c62007, 0x63022103, 0xc7200782, 0x09210385, 0x20078225, 0x200386c8, 0x20078223, 
    0x210385c9, 0x0782d602, 0x0385ca20, 0x82270921, 0x86cb2007, 0x209b8303, 0x820b82cc, 0x14032103, 0xcd200782, 0x00210385, 0x2007820e, 0x210385ce, 
    0x07820302, 0x0385cf20, 0x82d30021, 0x85d02007, 0xc1022103, 0xd1200782, 0xbf830386, 0x0b82d220, 0x03210382, 0x20078221, 0x200386d3, 0x200782b4, 
    0x210385d4, 0x0782a103, 0x0386d520, 0x0782b520, 0x0385d620, 0x82a20321, 0x86d72007, 0x82b62003, 0x85d82007, 0xa3032103, 0xd9200782, 0xb7200386, 
    0xda200782, 0x03210385, 0x200782a4, 0x200386db, 0x200782b8, 0x210385dc, 0x0782a503, 0x0385dd20, 0x82850221, 0x85de2007, 0x0f002103, 0xdf200782, 
    0x02210385, 0x2007820c, 0x210385e0, 0x07821000, 0x0385e120, 0x23830220, 0x0b82e220, 0x00210382, 0x2007823e, 0x210385e3, 0x07822002, 0x0385e420, 
    0x828e0021, 0x85e52007, 0x94022103, 0xe6200782, 0x00200385, 0xe7200b83, 0x03820b82, 0x82990221, 0x86e82007, 0x82112003, 0x85e92007, 0x83022003, 
    0x82ea20bb, 0x2003830b, 0x2007824d, 0x210385eb, 0x07822203, 0x0386ec20, 0x07824e20, 0x0385ed20, 0x82230321, 0x85ee2007, 0x21092103, 0xef200782, 
    0x09210385, 0x20078243, 0x210385f0, 0x0782d302, 0x0385f120, 0x82190921, 0x85f22007, 0x5d002103, 0xf3200782, 0x02210385, 0x20078261, 0x210385f4, 
    0x07829500, 0x0385f520, 0x829a0221, 0x85f62007, 0xae002103, 0xf7200782, 0x09210385, 0x2007822e, 0x200386f8, 0x20078231, 0x210385f9, 0x07820f03, 
    0x0385fa20, 0x82090021, 0x85fb2007, 0x17022103, 0xfc200782, 0x00210385, 0x2007823f, 0x200385fd, 0x20b38302, 0x830b82fe, 0x82652003, 0x85ff2007, 
    0x3a032503, 0x00020000, 0x00210385, 0x20078211, 0x24038601, 0x0200000a, 0x21038502, 0x07821200, 0x03860320, 0x04200b83, 0x03820b82, 0x82690021, 
    0x86052007, 0x82712003, 0x85062007, 0x6a002103, 0x07200782, 0x72200386, 0x08200782, 0x00210385, 0x820782d4, 0x830220ab, 0x82c22003, 0x850a200b, 
    0xd5002103, 0x0b200782, 0xc3200386, 0x0c200782, 0x01210385, 0x2007824f, 0x2103850d, 0x07822403, 0x03850e20, 0x82500121, 0x850f2007, 0x25032103, 
    0x10200782, 0x01210385, 0x83078284, 0x210382c3, 0x0b825f03, 0x03851220, 0x82850121, 0x85132007, 0x60032103, 0x14200782, 0x01210385, 0x200782b9, 
    0x21038515, 0x0782a603, 0x03851620, 0x82ba0121, 0x85172007, 0xa7032103, 0x18200782, 0x01210385, 0x20078292, 0x21038519, 0x07826e03, 0x03851a20, 
    0x829e0121, 0x851b2007, 0x83032103, 0x1c200782, 0x09210385, 0x20078223, 0x2003851d, 0x20b38309, 0x820b821e, 0xa4002103, 0x1f200782, 0xaa200386, 
    0x20200782, 0x09210385, 0x2007822f, 0x20038621, 0x2007825a, 0x21038522, 0x07823009, 0x03852320, 0xd7830920, 0x0b822420, 0x01210382, 0x830782f7, 
    0x210382ff, 0x0b820004, 0x03852620, 0xeb830020, 0x0b822720, 0x0d200383, 0x28200782, 0x00210385, 0x2007826b, 0x20038629, 0x20078273, 0x2103852a, 
    0x07825101, 0x03852b20, 0x43830320, 0x0b822c20, 0x01210382, 0x20078252, 0x2003852d, 0x204b8303, 0x820b822e, 0x53012103, 0x2f200782, 0x03210385, 
    0x83078228, 0x2103829f, 0x0b825401, 0x03853120, 0x82290321, 0x85322007, 0xdd012103, 0x33200782, 0x03210385, 0x200782ec, 0x20038634, 0x200782e6, 
    0x21038535, 0x07820903, 0x03853620, 0x827d0321, 0x86372007, 0x82c72003, 0x82382007, 0x00392403, 0x82600900, 0x853a2007, 0x82002003, 0x3b022187, 
    0x03820b82, 0x82510021, 0x863c2007, 0x824b2003, 0x853d2007, 0x22012103, 0x3e200782, 0x01210385, 0x200782a6, 0x2103853f, 0x07826903, 0x03854020, 
    0x82010421, 0x85412007, 0x31092103, 0x42200782, 0x09210385, 0x20078262, 0x21038543, 0x07824500, 0x03854420, 0x8f830120, 0x03820f83, 0xdf830920, 
    0x17824620, 0x00210382, 0x20078279, 0x20038647, 0x20078268, 0x21038548, 0x07820c01, 0x03864920, 0x0782c920, 0x03854a20, 0x827f0121, 0x854b2007, 
    0x53032103, 0x4c200782, 0x01210385, 0x2007828c, 0x2103854d, 0x07825603, 0x03854e20, 0x82e30121, 0x854f2007, 0xe9032103, 0x50200782, 0x1b200386, 
    0x51200782, 0x52240382, 0x37090000, 0x53200782, 0x45200386, 0x54200782, 0x09210385, 0x20078257, 0x83038256, 0x20038307, 0x820b8258, 0x3c092103, 
    0x59200782, 0x5a200382, 0x40203b82, 0x5b200782, 0x5c240382, 0x76040000, 0x5d200782, 0x04200385, 0x5e20d783, 0x03820b82, 0x82780421, 0x865f2007, 
    0x82c82003, 0x86602007, 0x82932003, 0x85612007, 0x49092103, 0x62200782, 0x9c200386, 0x63200782, 0x04210385, 0x200782e4, 0x21038564, 0x07823909, 
    0x03866520, 0x0782a520, 0x03826620, 0x03826720, 0x0382a220, 0x03866820, 0x0782b920, 0x03856920, 0x829b0421, 0x866a2007, 0x82ce2003, 0x866b2007, 
    0x82e32003, 0x866c2007, 0x82e52003, 0x866d2007, 0x206b8303, 0x820b826e, 0x54092103, 0x6f200782, 0x70240382, 0x00030000, 0x71200782, 0xff200386, 
    0x72200782, 0x03250385, 0x0200000a, 0x21038573, 0x07820703, 0x03857420, 0x82150321, 0x85752007, 0x45032103, 0x76200782, 0x03200385, 0x7720e383, 
    0x03820b82, 0x82560921, 0x85782007, 0x58092103, 0x79200782, 0x03210385, 0x20078257, 0x2103857a, 0x07825909, 0x03857b20, 0x23830320, 0x0b827e20, 
    0x03210382, 0x2007825a, 0x2003857f, 0x20238303, 0x200b8280, 0x20a78281, 0x20078265, 0x21038582, 0x07826803, 0x03858320, 0x823d0921, 0x85842007, 
    0x51092103, 0x86200782, 0x09210385, 0x2007823e, 0x20038587, 0x204f8303, 0x820b8288, 0x83032003, 0x82892073, 0x2103820b, 0x07829803, 0x03828a20, 
    0x00008b24, 0x07826c09, 0x03858c20, 0x82d50321, 0x858d2007, 0xda032103, 0x8e200782, 0x03210385, 0x200782f8, 0x2103858f, 0x0782fd03, 0x03859020, 
    0x82020421, 0x85922007, 0x42092103, 0x93200782, 0x09210385, 0x20078244, 0x21038594, 0x07824a09, 0x03859520, 0x824f0921, 0x85962007, 0x4e092103, 
    0x97200782, 0x09210385, 0x8307823a, 0x21038293, 0x0b820607, 0x03859920, 0x82630921, 0x859a2007, 0x75042103, 0x9b200782, 0x9d200386, 0x9c200782, 
    0x09210385, 0x83078270, 0x2003830f, 0x200b82d1, 0x2003869e, 0x200782de, 0x8303869f, 0x82a020b3, 0x2103820b, 0x07825203, 0x0385a120, 0x424b0921, 
    0xa2240667, 0x4d090000, 0xa3200b82, 0x62200386, 0xa4200782, 0x64200386, 0xa6200782, 0x09210385, 0x2007825e, 0x210385a7, 0x07825a09, 0x0385a820, 
    0x827e0321, 0x86a92007, 0x82912003, 0x85aa2007, 0x47092103, 0xab200782, 0xac200382, 0x47835f82, 0x0b82ad20, 0x09210382, 0x20078248, 0x200382ae, 
    0x215785af, 0x0782b002, 0x06210382, 0x2007822e, 0x210385b1, 0x07827b09, 0x0385b220, 0x82300621, 0x85b32007, 0x38062103, 0xb4200782, 0x09210385, 
    0x2007827c, 0x210385b5, 0x07827a09, 0x0385b620, 0x82790921, 0x85b72007, 0x3d062103, 0xb8200782, 0x06210385, 0x2007823f, 0x240382b9, 0x050000ba, 
    0x200782db, 0x210385bb, 0x0782360b, 0x0385bc20, 0x82cb0521, 0x85bd2007, 0x350b2103, 0xbe200782, 0x0b210385, 0x2007823d, 0x210385bf, 0x07823c0b, 
    0x0382c020, 0x0000c124, 0x0782370b, 0x0382c220, 0x0000c424, 0x07822b0a, 0x0385c520, 0x822a0a21, 0x85c62007, 0xde062103, 0xc7200782, 0x06210385, 
    0x200782e5, 0x210385c8, 0x07823a0b, 0x0382c920, 0x0000cb24, 0x0782e60a, 0x0385cc20, 0x823e0b21, 0x85cd2007, 0x3b0b2103, 0xce200782, 0x0b210385, 
    0x20078239, 0x210385cf, 0x0782320b, 0x0385d020, 0x82340b21, 0x85d12007, 0x330b2103, 0xd2200782, 0x0a200385, 0xd3201783, 0x03820b82, 0x17830a20, 
    0x0b82d420, 0x0a210382, 0x20078246, 0x210385d5, 0x07822e0a, 0x0385d620, 0x82310a21, 0x85d72007, 0x300a2103, 0xd8200782, 0x06210385, 0x200782e1, 
    0x240382d9, 0x060000da, 0x200782e3, 0x210385db, 0x0782e806, 0x0385dc20, 0x82df0621, 0x85dd2007, 0xd9062103, 0xde200782, 0x0a210385, 0x2007824d, 
    0x210385df, 0x07824c0a, 0x0385e020, 0x82230a21, 0x85e12007, 0x32062103, 0xe2200782, 0x06200385, 0xe320e383, 0x03820b82, 0x003e0625, 0x85e40200, 
    0x4e0a2103, 0xe5200782, 0x0a210385, 0x20078247, 0x210385e6, 0x0782490a, 0x0385e720, 0x824b0a21, 0x82938307, 0x4a0a2103, 0xe9200b82, 0x0a210385, 
    0x20078248, 0x240382ea, 0x0a0000eb, 0x200782e9, 0x200382ec, 0x200b82ed, 0x20078235, 0x210385ee, 0x0782cf05, 0x0385ef20, 0x822f0a21, 0x82f02007, 
    0x82f72003, 0x82372023, 0x85f82007, 0x830a2003, 0x82f920a7, 0x82ff200b, 0x003f2417, 0x85000300, 0xeb062103, 0x01200782, 0x06200385, 0x03216782, 
    0x820b8202, 0x920a2103, 0x03200782, 0x06200385, 0x03216782, 0x820b8204, 0xed062103, 0x06200782, 0x0a210385, 0x20078294, 0x21038507, 0x0782910a, 
    0x03850820, 0x82900a21, 0x85092007, 0x960a2103, 0x0a200782, 0x0a210385, 0x20078295, 0x2103850c, 0x0782930a, 0x03850f20, 0x82ec0621, 0x85132007, 
    0x970a2103, 0x15200782, 0x0a210385, 0x20078298, 0x2103851b, 0x0782990a, 0x03852320, 0x82ef0621, 0x85262007, 0x82062003, 0x270321eb, 0x28240b82, 
    0x9a0a0000, 0x2c200782, 0x0a210385, 0x8207829c, 0x380321ff, 0x9d201782, 0x42200b82, 0x43200382, 0x7f200b82, 0x46200782, 0x62200382, 0x9f200b82, 
    0x63200782, 0x6f200382, 0x54200b82, 0x74200782, 0x75200382, 0x25200b82, 0x76200782, 0x01210385, 0x2007823e, 0x2103857a, 0x0782e709, 0x03827b20, 
    0x00007d24, 0x0782d209, 0x03857e20, 0x17830520, 0x0b827f20, 0x01210382, 0x2007820d, 0x21038584, 0x0782db06, 0x03858520, 0x82e60621, 0x85862007, 
    0x22002103, 0x87200782, 0x05200385, 0x88201783, 0x03820b82, 0x827c0021, 0x85892007, 0xb0002103, 0x8a200782, 0x00210385, 0x200782da, 0x2103858c, 
    0x07826701, 0x03858e20, 0x82e50121, 0x858f2007, 0x14042103, 0x90200782, 0x04200385, 0x9120fb83, 0x03820b82, 0x82210021, 0x85922007, 0x48002103, 
    0x93200782, 0x94240382, 0x0a040000, 0x95200782, 0x00200385, 0x9620d383, 0x03820b82, 0x82f90121, 0x85972007, 0xaf002103, 0x98200782, 0x04250385, 
    0x0300000c, 0x21038599, 0x0782d900, 0x03859a20, 0x82180121, 0x859b2007, 0x3c002103, 0x7b830782, 0x01210382, 0x200b8229, 0x2103859d, 0x07823f01, 
    0x03859e20, 0x820d0421, 0x859f2007, 0x66012103, 0xa0200782, 0x04250385, 0x0300000e, 0x210385a1, 0x07827c01, 0x0385a320, 0x820f0421, 0x85a42007, 
    0xa7012103, 0xa5200782, 0x01210385, 0x200782e4, 0x210385a6, 0x07821004, 0x0385a720, 0x82d70121, 0x82a82007, 0x00a92403, 0x82110400, 0x85aa2007, 
    0xdb002103, 0xab200782, 0x01210385, 0x200782e6, 0x210385ac, 0x07825704, 0x0385ad20, 0x82740421, 0x85ae2007, 0x83042103, 0xaf200782, 0x04210385, 
    0x2007829d, 0x210385b0, 0x0782b804, 0x0385b120, 0x82560421, 0x82b22007, 0x82b52003, 0x8270206b, 0x82b62007, 0x82b72003, 0x8281200b, 0x20278307, 
    0x200b82b9, 0x200b829a, 0x210385ba, 0x0782cf09, 0x0385bb20, 0x82ad0421, 0x82bc2007, 0x00bd2403, 0x82d00900, 0x85be2007, 0x83042003, 0x82bf207f, 
    0x2003830b, 0x2007823b, 0x200382c0, 0x204782c1, 0x200782af, 0x200382c2, 0x200b82c5, 0x200782b4, 0x210385c6, 0x0782c904, 0x0386c720, 0x0782e520, 
    0x0382c820, 0x04211382, 0x200782cb, 0x210385ca, 0x07829e04, 0x03820f83, 0x82b90421, 0x86cc200b, 0x823c2003, 0x85cd2007, 0x83042003, 0x82ce20a3, 
    0x2003820b, 0x20138304, 0x820b82cf, 0x82092003, 0x83032033, 0x82d1209f, 0x82d720a7, 0x82d22013, 0x82d42003, 0x82282083, 0x85d52007, 0x83042003, 
    0x82d62067, 0x2103820b, 0x0782d909, 0x0385d720, 0x0f820920, 0x82dc0321, 0x2003820b, 0x20238309, 0x820b82dd, 0xd5092103, 0xf0200782, 0xf1200382, 
    0xda205382, 0xf2200782, 0x02210385, 0x20078253, 0x210385f3, 0x0782d402, 0x0385f420, 0x826f0121, 0x85f52007, 0x82092003, 0xf603214b, 0x03820b82, 
    0x82270a21, 0x85f92007, 0x83002003, 0x82fa203b, 0x2103820b, 0x07822a01, 0x0385fc20, 0x82b30421, 0x82fd2007, 0x82ff2003, 0x82cc206b, 0x820020b7, 
    0x82012003, 0x82862004, 0x86022007, 0x82542003, 0x85032007, 0x7e092103, 0x04200782, 0x4e200386, 0x05200782, 0x01210385, 0x20078298, 0x24038206, 
    0x00000007, 0x200782e8, 0x21038508, 0x07820e01, 0x03820920, 0x03820a20, 0x03824720, 0x03860b20, 0x07824120, 0x03850c20, 0x82810921, 0x850d2007, 
    0x39012103, 0x0e200782, 0x09200385, 0x0f208383, 0x03830b82, 0x07823820, 0x03851020, 0x82300021, 0x86112007, 0x822c2003, 0x85122007, 0x83002003, 
    0x8213205f, 0x2103820b, 0x07827d09, 0x03861420, 0x07822f20, 0x03851520, 0x82850021, 0x86162007, 0x20478303, 0x830b8217, 0x82322003, 0x85182007, 
    0x83012003, 0x8219206b, 0x2103820b, 0x07823a01, 0x03861a20, 0x07823320, 0x03861b20, 0x07823620, 0x03851c20, 0x822b0121, 0x851d2007, 0xbb002103, 
    0x1e200782, 0x01210385, 0x20078271, 0x2403821f, 0x09000022, 0x20078282, 0x20038223, 0x83038224, 0x822520e3, 0x21038207, 0x07828709, 0x03862620, 
    0x07823b20, 0x03862720, 0x43423d20, 0x83042005, 0x824220df, 0x822d200b, 0x822f2003, 0x82492003, 0x85302003, 0x1c022103, 0x31200782, 0x33200382, 
    0xe5200382, 0x34200382, 0xea200386, 0x35200782, 0x02210385, 0x20078281, 0x20038636, 0x200782eb, 0x20038237, 0x20038238, 0x248786ed, 0x09000039, 
    0x200b82a9, 0x2003863a, 0x200782f0, 0x2003863b, 0x200782f5, 0x2003863c, 0x830782f8, 0x20038393, 0x200b82fa, 0x2103853e, 0x07824603, 0x03863f20, 
    0x0782ff20, 0x03854020, 0x82500321, 0x85412007, 0x54022103, 0x42200782, 0x05210385, 0x20078200, 0x21038543, 0x0782f303, 0x03854420, 0x82010521, 
    0x85452007, 0xe4032103, 0x46200782, 0x05210385, 0x06374204, 0x00004724, 0x0b820605, 0x03414820, 0x09052105, 0x4a200782, 0x4b200382, 0x0c201782, 
    0x4c200782, 0x05210385, 0x2007820b, 0x2003824d, 0x2317824f, 0x04000012, 0x51248783, 0x82020000, 0x52200b82, 0x02210385, 0x200782a1, 0x21038553, 
    0x0782a609, 0x03829f83, 0x82170521, 0x8555200b, 0x74032103, 0x56200782, 0x57200382, 0x2105c349, 0x0b825804, 0x02210382, 0x200782d5, 0x20038259, 
    0x245f825a, 0x04000010, 0x2103855b, 0x0782a002, 0x03855c20, 0x82ab0921, 0x855d2007, 0xaa092103, 0x5e200782, 0x03210385, 0x200782f4, 0x2103855f, 
    0x07820505, 0x03856020, 0x82880921, 0x85612007, 0xac092103, 0x62200782, 0x09210385, 0x20078289, 0x21038563, 0x07820f05, 0x03856420, 0x828a0921, 
    0x85652007, 0xad092103, 0x66200782, 0x09210385, 0x2007828b, 0x21038567, 0x0782ae09, 0x03856820, 0x828c0921, 0x85692007, 0xaf092103, 0x6a200782, 
    0x09210385, 0x2007828d, 0x2103856b, 0x0782b009, 0x03856c20, 0x828e0921, 0x856d2007, 0xb1092103, 0x6e200782, 0x09210385, 0x2007828f, 0x2103856f, 
    0x0782b209, 0x03857020, 0x82900921, 0x85712007, 0xb3092103, 0x72200782, 0x37200386, 0x73200782, 0x03210385, 0x20078244, 0x20038674, 0x20078253, 
    0x21038575, 0x07821c05, 0x03857620, 0x82910921, 0x85772007, 0xb4092103, 0x78200782, 0x09210385, 0x20078292, 0x21038579, 0x07824a03, 0x03858020, 
    0x82a40921, 0x85812007, 0xc9092103, 0x82200782, 0x0a210385, 0x20078224, 0x23038283, 0x0a000087, 0x88203783, 0x89200b82, 0x5b830b82, 0x0b828a20, 
    0x01210382, 0x2007823d, 0x2003868b, 0x200782ef, 0x2103858c, 0x0782a509, 0x03858d20, 0x820e0521, 0x858e2007, 0x7a012103, 0x8f200782, 0x03210385, 
    0x2007824c, 0x20038690, 0x8307822d, 0x200383b7, 0x200b82e8, 0x21038592, 0x07828009, 0x03859320, 0x82a80921, 0x86942007, 0x203b8303, 0x820b8295, 
    0x15052103, 0x96200782, 0x31200386, 0x97200782, 0xec200386, 0x98200782, 0x09200385, 0x99204383, 0x03820b82, 0x47b50921, 0x0425052f, 0x0100009a, 
    0x200b8216, 0x2003869b, 0x200782f2, 0x2003869c, 0x20078234, 0x2003869d, 0x200782f3, 0x200385a0, 0x206b8301, 0x830b82a1, 0x82f42003, 0x85a22007, 
    0xab002103, 0xa3200782, 0xfb200386, 0xa4200782, 0x00210385, 0x200782ad, 0x200386a5, 0x200782fc, 0x200386a6, 0x2007824d, 0x200385a7, 0x83838305, 
    0x200383db, 0x2013824f, 0x210385a9, 0x07821805, 0x0385aa20, 0x82940921, 0x85ab2007, 0xb6092103, 0xac200782, 0x09210385, 0x83078295, 0x21038263, 
    0x0b82b709, 0x0385ae20, 0x47960921, 0x042505cb, 0x090000af, 0x200b82b8, 0x210385b0, 0x07829709, 0x0385b120, 0x82b90921, 0x85b22007, 0xd5012103, 
    0xb3200782, 0x05210385, 0x05fb4703, 0x44b40421, 0xb52006b3, 0x03820782, 0x82190521, 0x86b62007, 0x823e2003, 0x85b72007, 0x07052103, 0x63830782, 
    0x3f200383, 0x57830b82, 0x05210382, 0x200b8208, 0x200386ba, 0x20078240, 0x210385bb, 0x0782b002, 0x0386bc20, 0x07825020, 0x0385bd20, 0x821a0521, 
    0x85be2007, 0x98092103, 0xbf200782, 0x09200385, 0xc0204383, 0xc1200b82, 0x9920cb82, 0xc2200782, 0x09200385, 0xc3204f83, 0x03830b82, 0x07823520, 
    0x0386c420, 0x0782f120, 0x0385c520, 0x829b0921, 0x86c62007, 0x82f62003, 0x85c72007, 0xaa002103, 0xc8200782, 0xfd200386, 0xc9200782, 0x00210385, 
    0x200782ac, 0x200386ca, 0x200782fe, 0x210385cb, 0x07829c09, 0x0385cc20, 0x82bc0921, 0x85cd2007, 0x28012103, 0xce200782, 0xf9200386, 0xcf200782, 
    0x02210385, 0x200782fc, 0x210385d0, 0x07823100, 0x0385d120, 0x821d0221, 0x85d22007, 0x32002103, 0xd3200782, 0x02210385, 0x2007821e, 0x210385d4, 
    0x07824000, 0x0385d520, 0x82220221, 0x85d62007, 0x88002103, 0xd7200782, 0x02210385, 0x20078284, 0x200386d8, 0x20078251, 0x210385d9, 0x0782bd09, 
    0x0385da20, 0x829d0921, 0x85db2007, 0xbe092103, 0xdc200782, 0x09210385, 0x2007829e, 0x210385dd, 0x0782bf09, 0x0385de20, 0x829f0921, 0x85df2007, 
    0xc0092103, 0xe0200782, 0x52200386, 0xe1200782, 0x05210385, 0x2007821b, 0x210385e2, 0x07823b01, 0x0385e320, 0x82c10921, 0x85e42007, 0x3c012103, 
    0x24064747, 0x090000e5, 0x200b82c2, 0x210385e6, 0x07827201, 0x0385e720, 0x82470321, 0x85e82007, 0x74012103, 0xe9200782, 0x09210385, 0x200782c3, 
    0x210385ea, 0x07827501, 0x0385eb20, 0x82c40921, 0x85ec2007, 0xa0092103, 0x20067747, 0x205f82ed, 0x200b82c5, 0x210385ee, 0x0782f903, 0x0385ef20, 
    0x82f50321, 0x85f02007, 0xfa032103, 0xf1200782, 0x03210385, 0x200782f6, 0x210385f2, 0x0782fb03, 0x0385f320, 0x82f70321, 0x85f42007, 0xa1092103, 
    0xf5200782, 0x09210385, 0x200782c6, 0x210385f6, 0x07827f09, 0x0385f720, 0x82a70921, 0x85f82007, 0xa2092103, 0xf9200782, 0x09210385, 0x200782c7, 
    0x200386fa, 0x2007822e, 0x200386fb, 0x200782e9, 0x210385fc, 0x0782d601, 0x0385fd20, 0x82020521, 0x85fe2007, 0xa3092103, 0xff200782, 0x09250385, 
    0x050000c8, 0x2003852f, 0x24738204, 0x00003f0e, 0x2503820e, 0x00003b05, 0x0385001d, 0x826f0921, 0x850d2007, 0x71092103, 0x1b200782, 0x09210385, 
    0x20078272, 0x21038543, 0x07822706, 0x03854720, 0x82280621, 0x82482007, 0x00492403, 0x822a0600, 0x854d2007, 0x2d062103, 0x4f200782, 0x06210385, 
    0x20078231, 0x21038550, 0x07823306, 0x03855220, 0x82350621, 0x85562007, 0x36062103, 0x57200782, 0x58200382, 0x3a204782, 0x5b200782, 0x06210385, 
    0x2007823c, 0x21038562, 0x07826006, 0x03856320, 0x82690621, 0x82642007, 0x82652003, 0x826c202f, 0x859c2007, 0x29062103, 0xa0200782, 0x06210385, 
    0x2007822c, 0x210385bb, 0x07824006, 0x0385bf20, 0x82e80921, 0x82c02007, 0x00c32303, 0x07830a00, 0x0b82c420, 0x0a210382, 0x200782bd, 0x200382c5, 
    0x821782c9, 0xca1d210f, 0x03820b82, 0x82610a21, 0x82cb2007, 0x82d22003, 0x82c92017, 0x82d32007, 0x82d62003, 0x8262200b, 0x85d72007, 0xd10a2103, 
    0xd8200782, 0xe7200382, 0x66201782, 0x63830782, 0x0a200382, 0x1d213382, 0x820f82e9, 0x760a2503, 0xea1d0000, 0xf5200382, 0xd3202382, 0xfc200782, 
    0xff200382, 0xdf240b82, 0x001e0000, 0x00210385, 0x20078214, 0x21038501, 0x07821902, 0x03850220, 0x82420021, 0x85032007, 0x46022103, 0x04200782, 
    0x00210385, 0x20078243, 0x21038505, 0x07824702, 0x03850620, 0x82440021, 0x85072007, 0x48022103, 0x08200782, 0x00210385, 0x20078250, 0x21038509, 
    0x07825202, 0x03850a20, 0x82570021, 0x850b2007, 0x5c022103, 0x0c200782, 0x00210385, 0x20078258, 0x2103850d, 0x07825d02, 0x03850e20, 0x82590021, 
    0x850f2007, 0x5e022103, 0x10200782, 0x00210385, 0x2007825a, 0x21038511, 0x07825f02, 0x03851220, 0x825b0021, 0x85132007, 0x60022103, 0xe7830782, 
    0x00210382, 0x200b826c, 0x21038515, 0x07827402, 0x03851620, 0x826d0021, 0x85172007, 0x75022103, 0x18200782, 0x00210385, 0x2007826e, 0x21038519, 
    0x07827602, 0x03851a20, 0x826f0021, 0x851b2007, 0x77022103, 0x1c200782, 0x00210385, 0x20078270, 0x2503851d, 0x00007802, 0x03851e1e, 0x828b0021, 
    0x851f2007, 0x90022103, 0x20200782, 0x00210385, 0x20078296, 0x21038521, 0x07829b02, 0x03852220, 0x82a50021, 0x85232007, 0xab022103, 0x24200782, 
    0x00210385, 0x200782a6, 0x21038525, 0x0782ac02, 0x03852620, 0x82a70021, 0x85272007, 0xad022103, 0x28200782, 0x00210385, 0x200782a2, 0x21038529, 
    0x07829f02, 0x03852a20, 0x82a80021, 0x852b2007, 0xae022103, 0x2c200782, 0x00210385, 0x200782ca, 0x2103852d, 0x0782b702, 0x03852e20, 0x82c80021, 
    0x852f2007, 0xb5022103, 0x30200782, 0x01210385, 0x20078212, 0x21038531, 0x0782db02, 0x03853220, 0x82130121, 0x85332007, 0xdc022103, 0x34200782, 
    0x01210385, 0x20078214, 0x21038535, 0x0782dd02, 0x03853620, 0x821d0121, 0x85372007, 0xeb022103, 0x38200782, 0x01210385, 0x2007821e, 0x21038539, 
    0x0782ec02, 0x03853a20, 0x821f0121, 0x853b2007, 0xed022103, 0x3c200782, 0x01210385, 0x20078220, 0x2103853d, 0x0782ee02, 0x03853e20, 0x82250121, 
    0x853f2007, 0x02032103, 0x40200782, 0x01210385, 0x20078226, 0x21038541, 0x07820303, 0x03854220, 0x82270121, 0x85432007, 0x04032103, 0x44200782, 
    0x01200385, 0x4520df83, 0x03820b82, 0x82100321, 0x85462007, 0x83012003, 0x824720eb, 0x2103820b, 0x07821103, 0x03854820, 0x82340121, 0x85492007, 
    0x12032103, 0x4a200782, 0x01210385, 0x20078235, 0x2103854b, 0x07821303, 0x03854c20, 0x82550121, 0x854d2007, 0x2a032103, 0x4e200782, 0x01210385, 
    0x20078256, 0x2103854f, 0x07822b03, 0x03855020, 0x82570121, 0x85512007, 0x2c032103, 0x52200782, 0x01210385, 0x20078258, 0x21038553, 0x07822d03, 
    0x03855420, 0x00780125, 0x85551e00, 0x83032003, 0x8256205b, 0x2103820b, 0x07827901, 0x03855720, 0x67830320, 0x03823f83, 0x82860121, 0x85592013, 
    0x61032103, 0x5a200782, 0x01210385, 0x20078287, 0x2103855b, 0x07826203, 0x03855c20, 0x82880121, 0x855d2007, 0x63032103, 0x5e200782, 0x01210385, 
    0x20078289, 0x2103855f, 0x07826403, 0x03856020, 0x82930121, 0x85612007, 0x6f032103, 0x62200782, 0x01210385, 0x20078294, 0x21038563, 0x07827003, 
    0x03823383, 0x82950121, 0x8565200b, 0x71032103, 0x66200782, 0x01210385, 0x20078296, 0x21038567, 0x07827203, 0x03856820, 0x82970121, 0x85692007, 
    0x73032103, 0x6a200782, 0x01210385, 0x2007829f, 0x2103856b, 0x07828403, 0x03856c20, 0x82a00121, 0x856d2007, 0x85032103, 0x6e200782, 0x01210385, 
    0x200782a1, 0x2103856f, 0x07828603, 0x03857020, 0x82a20121, 0x85712007, 0x87032103, 0x72200782, 0x01210385, 0x200782bb, 0x21038573, 0x0782a803, 
    0x03857420, 0x82bc0121, 0x85752007, 0xa9032103, 0x76200782, 0x01210385, 0x200782bd, 0x21038577, 0x0782aa03, 0x03857820, 0x82be0121, 0x85792007, 
    0xab032103, 0x7a200782, 0x01210385, 0x200782bf, 0x2103857b, 0x0782ac03, 0x03857c20, 0x82c90121, 0x857d2007, 0xd6032103, 0x7e200782, 0x01210385, 
    0x200782ca, 0x2103857f, 0x0782d703, 0x03858020, 0x82cd0121, 0x85812007, 0xdc032103, 0x82200782, 0x01210385, 0x200782ce, 0x21038583, 0x0782dd03, 
    0x03858420, 0x82cf0121, 0x85852007, 0xd9032103, 0x86200782, 0x01210385, 0x200782d0, 0x21038587, 0x0782de03, 0x03858820, 0x82d10121, 0x85892007, 
    0xdf032103, 0x8a200782, 0x01210385, 0x200782d3, 0x2103858b, 0x0782e203, 0x03858c20, 0x82d40121, 0x858d2007, 0xe3032103, 0x8e200782, 0x01200385, 
    0x8f205383, 0x03820b82, 0x82ed0321, 0x85902007, 0xf4012103, 0x91200782, 0x04210385, 0x20078206, 0x21038592, 0x0782f501, 0x03859320, 0x82070421, 
    0x85942007, 0xf6012103, 0x95200782, 0x04210385, 0x20078208, 0x21038596, 0x0782af02, 0x03859720, 0x82880321, 0x85982007, 0xe0032103, 0x99200782, 
    0x03210385, 0x200782ee, 0x2103859a, 0x07821502, 0x03859b20, 0x93820220, 0x829d1e21, 0x2103820b, 0x07826609, 0x03859e20, 0x2b830120, 0x0b829f20, 
    0x09210382, 0x20078267, 0x200385a0, 0x203b8300, 0x820b82a1, 0x0e022103, 0xa2200782, 0x00210385, 0x20078216, 0x210385a3, 0x07821102, 0x0385a420, 
    0x82170021, 0x85a52007, 0x05022103, 0xa6200782, 0x00210385, 0x20078218, 0x210385a7, 0x07820702, 0x0385a820, 0x82190021, 0x85a92007, 0x83022003, 
    0x82aa20e3, 0x2103820b, 0x07821a00, 0x0385ab20, 0x82090221, 0x85ac2007, 0x1b002103, 0xad200782, 0x02210385, 0x20078206, 0x210385ae, 0x07821c00, 
    0x0385af20, 0x82fe0121, 0x85b02007, 0x1d002103, 0xb1200782, 0x02210385, 0x20078200, 0x210385b2, 0x07821e00, 0x0385b320, 0x82010221, 0x85b42007, 
    0x1f002103, 0xb5200782, 0x02210385, 0x20078202, 0x210385b6, 0x07822000, 0x0385b720, 0x82ff0121, 0x85b82007, 0x71002103, 0xb9200782, 0x02210385, 
    0x20078279, 0x210385ba, 0x07827200, 0x0385bb20, 0x007a0225, 0x85bc1e00, 0x73002103, 0xbd200782, 0x02210385, 0x2007827b, 0x210385be, 0x07827400, 
    0x0385bf20, 0x827c0221, 0x85c02007, 0x75002103, 0xc1200782, 0x02210385, 0x2007827d, 0x210385c2, 0x07827600, 0x0385c320, 0x827e0221, 0x85c42007, 
    0x77002103, 0xc5200782, 0x02210385, 0x2007827f, 0x250385c6, 0x00007800, 0x0385c71e, 0x82800221, 0x85c82007, 0xd6002103, 0xc9200782, 0x02210385, 
    0x200782c4, 0x210385ca, 0x0782d700, 0x0385cb20, 0x82c50221, 0x85cc2007, 0x59012103, 0xcd200782, 0x03210385, 0x2007822e, 0x210385ce, 0x07825a01, 
    0x0385cf20, 0x822f0321, 0x85d02007, 0x5b012103, 0xd1200782, 0x03210385, 0x20078230, 0x210385d2, 0x07825c01, 0x0385d320, 0x82310321, 0x85d42007, 
    0x5d012103, 0xd5200782, 0x03210385, 0x20078232, 0x210385d6, 0x07825e01, 0x0385d720, 0x82330321, 0x85d82007, 0x5f012103, 0xd9200782, 0x03210385, 
    0x20078234, 0x210385da, 0x07826001, 0x0385db20, 0x82350321, 0x85dc2007, 0x61012103, 0xdd200782, 0x03210385, 0x20078236, 0x210385de, 0x07826201, 
    0x0385df20, 0x82370321, 0x85e02007, 0x63012103, 0xe1200782, 0x03210385, 0x20078238, 0x210385e2, 0x07826401, 0x0385e320, 0x82390321, 0x85e42007, 
    0xc0012103, 0xe5200782, 0x03210385, 0x200782ad, 0x210385e6, 0x0782c101, 0x0385e720, 0x82ae0321, 0x85e82007, 0xc2012103, 0xe9200782, 0x03210385, 
    0x200782af, 0x210385ea, 0x0782c301, 0x0385eb20, 0x82b00321, 0x85ec2007, 0xc4012103, 0xed200782, 0x03210385, 0x200782b1, 0x210385ee, 0x0782c501, 
    0x0385ef20, 0x82b20321, 0x85f02007, 0xc6012103, 0xf1200782, 0x03210385, 0x200782b3, 0x200385f2, 0x20eb8301, 0x820b82f3, 0x83032003, 0x82f42037, 
    0x2103820b, 0x0782e001, 0x0385f520, 0x82f00321, 0x85f62007, 0xe1012103, 0xf7200782, 0x03210385, 0x200782f1, 0x210385f8, 0x0782e201, 0x0385f920, 
    0x82f20321, 0x85fa2007, 0x33092103, 0xfb200782, 0x09210385, 0x20078268, 0x210385fc, 0x07823409, 0x0385fd20, 0x82690921, 0x85fe2007, 0x35092103, 
    0xff200782, 0x09250385, 0x1f00006a, 0x20038200, 0x05bb5407, 0x82081f21, 0x820f200b, 0x82232010, 0x82102007, 0x00152403, 0x827a0400, 0x82182007, 
    0x821d2003, 0x827d2017, 0x82202007, 0x82272003, 0x82842017, 0x82282007, 0x822f2003, 0x82b12017, 0x82302007, 0x82372003, 0x829f2017, 0x82382007, 
    0x823f2003, 0x82dc2017, 0x82402007, 0x00452403, 0x823d0300, 0x82482007, 0x004d2403, 0x82680100, 0x82502007, 0x82572003, 0x82bb202f, 0x85592007, 
    0xe7012103, 0x5b200782, 0x01210385, 0x200782e8, 0x2103855d, 0x0782e901, 0x03855f20, 0x82ea0121, 0x82602007, 0x50672003, 0x1f20059b, 0x6f204b83, 
    0x2105bb57, 0x1782701f, 0x04200382, 0x71201f83, 0x03820b82, 0x82dd0921, 0x85722007, 0x80042103, 0x73200782, 0x09210385, 0x200782de, 0x21038574, 
    0x07828c04, 0x03857520, 0x82df0921, 0x85762007, 0xa7042103, 0x77200782, 0x09210385, 0x200782e0, 0x21038578, 0x07824303, 0x03857920, 0x82e20921, 
    0x857a2007, 0xc3042103, 0x7b200782, 0x09210385, 0x200782e3, 0x2103857c, 0x0782d604, 0x03857d20, 0x82e50921, 0x20878307, 0x05cf5587, 0x82881f21, 
    0x008f240f, 0x82330000, 0x82902007, 0x54972003, 0x1f21055b, 0x200b8298, 0x2017829f, 0x200782bc, 0x820382a0, 0xd704218b, 0xa8200782, 0xaf200382, 
    0x21053f58, 0x0b82b01f, 0x0b82b420, 0x07826920, 0x0382b620, 0x0b82b720, 0x07826e20, 0x0382b820, 0x3b82ba20, 0x07822b20, 0x0385bb20, 0x822f0021, 
    0x824b8307, 0x3b002103, 0xbd200b82, 0x0a210385, 0x20078282, 0x210385be, 0x0782e609, 0x0385bf20, 0x82810a21, 0x85c02007, 0x820a2003, 0xc11f219f, 
    0x03820b82, 0x828c0a21, 0x82c22007, 0x82c42003, 0x8295206b, 0x82c62007, 0x82c72003, 0x20af830b, 0x200b82c8, 0x207782c9, 0x20078283, 0x200382ca, 
    0x200b82cb, 0x200782b9, 0x210385cc, 0x0782c400, 0x0385cd20, 0x82840a21, 0x85ce2007, 0x860a2103, 0xcf200782, 0x0a210385, 0x20078288, 0x200382d0, 
    0x835382d2, 0x82d320eb, 0x2103820b, 0x0782e109, 0x0382d620, 0x2b54d720, 0xd81f2105, 0xdb200b82, 0xe4205f82, 0xdd200782, 0x0a210385, 0x20078285, 
    0x210385de, 0x0782870a, 0x0385df20, 0x82890a21, 0x82e02007, 0x53e22003, 0x1f210547, 0x820b82e3, 0x83092003, 0x2003833b, 0x053754e5, 0x82e61f21, 
    0x53e72017, 0x1f210547, 0x230b82e8, 0x010000eb, 0x1f210382, 0x820b82ec, 0x7d012103, 0xed200782, 0xee240382, 0x8a0a0000, 0xef200782, 0x0a210385, 
    0x2007828d, 0x200382f2, 0x056352f4, 0x82f61f21, 0x52f7200b, 0x1f21054b, 0x820b82f8, 0x6e012103, 0xf9200782, 0x01210385, 0x20078270, 0x210385fa, 
    0x07821d04, 0x0385fb20, 0x82130421, 0x85fc2007, 0x26042103, 0xfd200782, 0x0a210385, 0x2007828e, 0x240385fe, 0x0000830a, 0x25f68220, 0x00000b20, 
    0x0b82f506, 0x03821020, 0x8f821120, 0x20211482, 0x820b8212, 0xb5052103, 0x13200782, 0x05210385, 0x200782b4, 0x24038214, 0x05000015, 0x200782b6, 
    0x21038516, 0x07821f0a, 0x03851720, 0x82220a21, 0x82182007, 0x00192403, 0x82ca0500, 0x821a2007, 0x821b2003, 0x82d1200b, 0x821c2007, 0x821e2003, 
    0x82ce200b, 0x82338307, 0xd3052503, 0x20200000, 0x21240382, 0x08060000, 0x22200782, 0x05210385, 0x200782b8, 0x21038523, 0x0782bb05, 0x03852420, 
    0x82140a21, 0x85252007, 0xe0052103, 0x26200782, 0x05210385, 0x200782df, 0x20038527, 0x20af830a, 0x820b822f, 0xf3062103, 0x30200782, 0x31200382, 
    0xd1205f82, 0x32200782, 0x34240382, 0xd4050000, 0x35200782, 0x37200382, 0xd8200b82, 0x38200782, 0x0a210385, 0x20078210, 0x20038239, 0x2017823a, 
    0x200782e8, 0x2103853b, 0x0782160a, 0x03853c20, 0x82940521, 0x853d2007, 0x9b052103, 0x3e200782, 0x0a210385, 0x20078215, 0x2103853f, 0x0782180a, 
    0x03854020, 0x82120a21, 0x85412007, 0x110a2103, 0x42200782, 0x0a210385, 0x2007820f, 0x21038543, 0x0782ba05, 0x03854420, 0x82890621, 0x85452007, 
    0xa0052103, 0x46200782, 0x05210385, 0x200782a2, 0x24038247, 0x05000048, 0x20078298, 0x21038549, 0x07829605, 0x03854a20, 0x82920521, 0x854b2007, 
    0x1d062103, 0x4c200782, 0x4d200382, 0xbc202f82, 0x4e200782, 0x0a210385, 0x20078219, 0x2103854f, 0x0782170a, 0x03825020, 0x00005124, 0x07821a0a, 
    0x03855220, 0x82530a21, 0x20038307, 0x20178255, 0x200b821c, 0x21038557, 0x0782d705, 0x03855f20, 0x82f40621, 0x85702007, 0x41062103, 0x71200782, 
    0x06210385, 0x2007822f, 0x21038574, 0x07824806, 0x03827520, 0x00007624, 0x07824a06, 0x03827720, 0x0b827920, 0x07824d20, 0x03827a20, 0x0b827c20, 
    0x07825520, 0x03827d20, 0x0b827e20, 0x07825120, 0x03857f20, 0x82340621, 0x85802007, 0x72062103, 0x81200782, 0x06210385, 0x24078274, 0x20000082, 
    0x202f8283, 0x20078276, 0x20038584, 0x21578206, 0x0b828520, 0x17828620, 0x07827b20, 0x03828720, 0x0b828920, 0x20215782, 0x200b828a, 0x820b828c, 
    0x8d20211b, 0x8e200b82, 0x82240b82, 0x90200000, 0x06210385, 0x20078258, 0x21038591, 0x07825c06, 0x03859220, 0x82660621, 0x85932007, 0x6f062103, 
    0x94200782, 0x09210385, 0x20078273, 0x21038595, 0x07825f06, 0x03829620, 0x53829920, 0x07826220, 0x03859a20, 0x82670621, 0x829b2007, 0x829c2003, 
    0x826a2017, 0x85a02007, 0x830a2003, 0x82a120e3, 0x2103820b, 0x07823005, 0x0385a220, 0x82320521, 0x85a32007, 0x3a052103, 0xa4200782, 0x05210385, 
    0x2007822b, 0x210385a5, 0x07823505, 0x0385a620, 0x822e0521, 0x85a72007, 0x27052103, 0xa8200782, 0x05210385, 0x20078238, 0x210385a9, 0x07822a05, 
    0x0385aa20, 0x82360521, 0x85ab2007, 0x65022103, 0xac200782, 0x05210385, 0x20078224, 0x210385ad, 0x07822905, 0x0382ae20, 0x0000af24, 0x07823305, 
    0x0385b120, 0x82280521, 0x85b22007, 0x2f052103, 0xb3200782, 0xb4200382, 0x2c202382, 0xb5200782, 0x05210385, 0x20078231, 0x210385b8, 0x07822605, 
    0x0385b920, 0x82250521, 0x85ba2007, 0x22052103, 0xbc200782, 0x05210385, 0x20078237, 0x210385bd, 0x07822305, 0x0385be20, 0x82390521, 0x85bf2007, 
    0x3c052103, 0xc0200782, 0x0a210385, 0x20078252, 0x200385db, 0x202b830a, 0x820b82dc, 0xbc0a2103, 0xdd200782, 0xde240382, 0x6d070000, 0xe8200782, 
    0x0a200385, 0xf0204383, 0x03820b82, 0x00e30a25, 0x82002100, 0x00012403, 0x82d60600, 0x85032007, 0x02072103, 0x05200782, 0x06210385, 0x200782d5, 
    0x21038506, 0x0782d406, 0x03850920, 0x2b830720, 0x0b821320, 0x0a210382, 0x2007824f, 0x21038516, 0x07820107, 0x03851720, 0x82100621, 0x851e2007, 
    0x8b012103, 0x1f200782, 0x01210385, 0x2007828a, 0x82038220, 0x1206217c, 0x22200782, 0x06210385, 0x20078211, 0x20038526, 0x20178304, 0x240b822a, 
    0x0700002b, 0x20078204, 0x2103852e, 0x07820707, 0x03853220, 0x828c0021, 0x853b2007, 0x14062103, 0x4d200782, 0x06210385, 0x200782d3, 0x21038550, 
    0x0782c906, 0x03825120, 0xe3825220, 0x0782ce20, 0x03825320, 0x0b825420, 0x0782bf20, 0x03825520, 0x0b825a20, 0x0782c320, 0x03825b20, 0x0b825e20, 
    0x0782ca20, 0x03855f20, 0x82bc0621, 0x82602007, 0x007f2403, 0x82e90900, 0x85832007, 0x090a2103, 0x84200782, 0x09210385, 0x2007826b, 0x28038285, 
    0x0a000086, 0x2100000a, 0x21038589, 0x0782be06, 0x03859020, 0x82080721, 0x85912007, 0x1a072103, 0x92200782, 0x07210385, 0x2007820d, 0x21038593, 
    0x07821b07, 0x03859420, 0x82160721, 0x85952007, 0x1d072103, 0x96200782, 0x99240382, 0x12070000, 0xa9200782, 0xaa200382, 0x1e200b82, 0xb0200782, 
    0xb1240382, 0x63070000, 0xb3200782, 0x07210385, 0x20078262, 0x210385b4, 0x07826507, 0x0385b520, 0x82610721, 0x82ba2007, 0x82bb2003, 0x21f3822f, 
    0x0b82d021, 0x07210382, 0x2007820b, 0x210385d2, 0x07821007, 0x0385d420, 0x82180721, 0x82de2007, 0x82df2003, 0x8268202f, 0x82e42007, 0x82e52003, 
    0x8266200b, 0x85e72007, 0x50072103, 0xea200782, 0x07250385, 0x22000051, 0x21038502, 0x07822006, 0x03850520, 0x82250621, 0x85062007, 0x82042003, 
    0x0f22216b, 0x03820b82, 0x82220621, 0x85112007, 0x21062103, 0x12200782, 0x05210385, 0x200782f3, 0x2103851a, 0x07822406, 0x03851e20, 0x821f0621, 
    0x852b2007, 0x23062103, 0x36200782, 0x05210385, 0x200782e3, 0x21038548, 0x0782f705, 0x03856020, 0x82f10521, 0x82642007, 0x00652403, 0x82ee0500, 
    0x82952007, 0x00962403, 0x82a00700, 0x85972007, 0xa3072103, 0x98200782, 0x07250385, 0x230000a2, 0x21038503, 0x07825307, 0x03850420, 0x82550721, 
    0x20cb8207, 0x21038223, 0x0b825407, 0x03851820, 0x82520721, 0x20db8207, 0x21038223, 0x0b825707, 0x03822620, 0x5f822720, 0x07825d20, 0x2320a782, 
    0x07210382, 0x200b825c, 0x21038580, 0x07825607, 0x03858720, 0x82580721, 0x858b2007, 0x59072103, 0xce200782, 0x07200385, 0x2321bb82, 0x820b82cf, 
    0x5f072403, 0x82240000, 0x210383e7, 0x0b82500a, 0x24211b82, 0x205f8268, 0x200b828a, 0x830382b6, 0x826f2023, 0x85ea2007, 0x89072503, 0xa0250000, 
    0xa2200382, 0x3f202382, 0xaa200782, 0x05210385, 0x200782be, 0x210385b2, 0x07823507, 0x0385b320, 0x82390721, 0x20478207, 0x21038225, 0x0b823707, 
    0x0385b720, 0x823b0721, 0x85ba2007, 0x20178403, 0x820b82bb, 0x20178403, 0x820b82bc, 0x34072103, 0xbd200782, 0x07210385, 0x20078238, 0x210385c0, 
    0x07823607, 0x0385c120, 0x823a0721, 0x85c42007, 0x20178403, 0x820b82c5, 0x20178403, 0x820b82c6, 0x44072103, 0xc7200782, 0x07210385, 0x20078246, 
    0x210385ca, 0x07822606, 0x0385cb20, 0x823e0721, 0x20eb8207, 0x21038225, 0x0b823d07, 0x0385e620, 0x82b90521, 0x85ef2007, 0x6b072503, 0x00260000, 
    0x07210385, 0x20078249, 0x24038205, 0x07000006, 0x2007824d, 0x2103853c, 0x07824807, 0x03856120, 0x824a0721, 0x85652007, 0x4b072103, 0x6a200782, 
    0x43820382, 0x82280a21, 0x85a02007, 0x82072003, 0x13272437, 0x82270000, 0x32072103, 0x17200782, 0x07210385, 0x20078233, 0x21038556, 0x07824507, 
    0x03856420, 0x824c0721, 0x82802007, 0x41882003, 0x272005a3, 0x03839b82, 0x820e0a21, 0x85f52013, 0x09072103, 0xf6200782, 0x07200385, 0xf7201783, 
    0x03820b82, 0x5b830720, 0x0b82f820, 0x07210382, 0x2007820c, 0x210385f9, 0x07821107, 0x0385fa20, 0x00190725, 0x85132900, 0x1c072503, 0x382a0000, 
    0x07240385, 0x2b0000a4, 0x0383eb82, 0x824f0721, 0x8212200b, 0x21278203, 0x07824207, 0x2b202782, 0x07210382, 0x200b826c, 0x20038524, 0x24eb8207, 
    0x00007c2c, 0x2103822c, 0x07826106, 0x03857f20, 0x67820120, 0x00ff2d24, 0x03822d00, 0x003f0b25, 0x85182e00, 0x9c052503, 0x9fa60000, 0x0a240385, 
    0xa700007e, 0x03831f82, 0x00780925, 0x852ea900, 0x0d0a2503, 0x00e00000, 0x07210385, 0x20078247, 0x24038202, 0x0000000b, 0x82078297, 0x2be021cf, 
    0xea200b82, 0x2c200b82, 0x4a240382, 0x23020000, 0x4b200782, 0x02210385, 0x200782b8, 0x2103854c, 0x0782bf02, 0x03854d20, 0x82c60221, 0x854e2007, 
    0xca022103, 0x4f200782, 0x02210385, 0x200782d0, 0x20038250, 0x2047825c, 0x200782ef, 0x2103855d, 0x07825503, 0x03855e20, 0x825b0321, 0x20e78207, 
    0x210382e0, 0x0b827703, 0x03826b20, 0x00008024, 0x07824905, 0x03828120, 0x0b828720, 0x0782a620, 0x03828820, 0x0b829120, 0x92207783, 0x03820b82, 
    0x82e20521, 0x82932007, 0x82952003, 0x825f2017, 0x85962007, 0x63052103, 0x97200782, 0xa3200382, 0xf9201782, 0xa4200782, 0x06200385, 0xa520df83, 
    0xa6240b82, 0x1a060000, 0xa7200782, 0xa8240382, 0x53060000, 0xa9200782, 0xab200382, 0x59200b82, 0xac200782, 0xad200382, 0x5d200b82, 0xae200782, 
    0x06210385, 0x20078268, 0x210385af, 0x07826e06, 0x0382b020, 0x2382b120, 0x07827020, 0x0382b220, 0x0b82b320, 0x07828420, 0x0385b420, 0x828a0621, 
    0x85b52007, 0x8c062103, 0xb6200782, 0xb7200382, 0x8e202382, 0xb8200782, 0x06210385, 0x20078291, 0x200382b9, 0x201782ba, 0x20078293, 0x200382bb, 
    0x830b82bd, 0x82c820c7, 0x82cc200b, 0x829a200b, 0x85dc2007, 0x82062003, 0xdde021cf, 0x03820b82, 0x82a50621, 0x82de2007, 0x82df2003, 0x82a72023, 
    0x85e02007, 0xaa062103, 0xe1200782, 0xe2200382, 0xac201782, 0xe3200782, 0xe5200382, 0xbb830b82, 0x0b82e620, 0x06200382, 0xe0211b82, 0x280b82f3, 
    0x0b0000f5, 0xe100004d, 0x21038506, 0x0782eb0a, 0x03850920, 0x82ec0a21, 0x850a2007, 0x500b2103, 0x0c200782, 0x0e240382, 0xed0a0000, 0x0f200782, 
    0x0b210385, 0x20078251, 0x20038211, 0x20178213, 0x200782f0, 0x20038217, 0x820b8218, 0x21e1215b, 0x22200b82, 0x63820b82, 0x8224e121, 0x2103820b, 
    0x0782f70a, 0x03852a20, 0x82f80a21, 0x822b2007, 0x00372303, 0xfb820700, 0x8238e121, 0x8239200b, 0x82a5200b, 0x823a2007, 0x823d2003, 0x82a8200b, 
    0x823e2007, 0x82562003, 0x82c7200b, 0x82572007, 0x825a2003, 0x82e1200b, 0x825b2007, 0x825e2003, 0x21cf820b, 0x0b8263e1, 0x06200382, 0xe1214b82, 
    0x820b82c3, 0xc9052103, 0xd2200782, 0xdf200382, 0x20202382, 0x33830782, 0x0b210382, 0x820b8252, 0x82e220ff, 0x0508254f, 0xc8e20000, 0xd8240382, 
    0xef080000, 0xd9200782, 0xdc200382, 0xeb240b82, 0x01ee0000, 0x05210385, 0x200782e3, 0x21038502, 0x07820a00, 0x03850320, 0x2f820120, 0x8204ee21, 
    0x2003820b, 0x20f38202, 0x834b82ee, 0xfc032103, 0x06201382, 0x03210385, 0x20078289, 0x21038507, 0x0782f90a, 0x03850920, 0x82e00721, 0x824b8307, 
    0xc6002103, 0x0c200b82, 0x01210385, 0x200782a4, 0x2403820d, 0x02000011, 0x20078288, 0x21038512, 0x07828e02, 0x03851420, 0x82b30221, 0x85172007, 
    0x82022003, 0x1dee21db, 0x25240b82, 0x8a030000, 0x26200782, 0x45200382, 0xb4200b82, 0x47200782, 0x05210385, 0x20078262, 0x24038248, 0x05000071, 
    0x20078264, 0x21038572, 0x0782dd06, 0x03857320, 0x82a70721, 0x85742007, 0x83072003, 0x8275205f, 0x2103820b, 0x0782e507, 0x03857620, 0x82ea0721, 
    0x82772007, 0x007b2403, 0x82ec0700, 0x857c2007, 0xeb072103, 0x7d200782, 0x7e200382, 0xf1201782, 0x7f200782, 0x82200382, 0xf4200b82, 0x83200782, 
    0x07210385, 0x200782f3, 0x21038584, 0x0782f807, 0x03858720, 0x82530b21, 0x82882007, 0x828f2003, 0x82fa202f, 0x82902007, 0x00992403, 0x82540b00, 
    0x859a2007, 0x830a2003, 0x829b2017, 0x2103820b, 0x07825e0b, 0x03859c20, 0x82f90721, 0x829d2007, 0x82a62003, 0x825f202f, 0x24c38307, 0x0a0000d2, 
    0x200b82fb, 0x210385d3, 0x07824c0b, 0x0382d420, 0x2382d620, 0x07826920, 0x0382d820, 0x0b82de20, 0x07826c20, 0x0385df20, 0x82020821, 0x82e02007, 
    0x82e12003, 0x00732417, 0x85c3f600, 0xe9062503, 0xfffe0000, 0x0a250385, 0xf101000c, 0x2203842f, 0x820f0600, 0x82302007, 0x82362003, 0x82ac20b3, 
    0x82372007, 0x82492003, 0x82b4200b, 0x846a2007, 0x06002203, 0x20078216, 0x2603846b, 0x00150600, 0x8450f801, 0x07002203, 0x2007820a, 0x08038452, 
    0x0f0700c1, 0x48010a00, 0xf80360fe, 0x03004007, 0x13000700, 0x23001d00, 0x39002f00, 0x43003f00, 0x9a014700, 0x01190b40, 0x4c010d0b, 0x010b0114, 
    0x28b04b4b, 0x90405850, 0x06050700, 0x00720706, 0x13140001, 0x15671401, 0x16261301, 0x13111202, 0x11006712, 0x22100125, 0x00671011, 0x0f012122, 
    0x670f220e, 0x19000e00, 0x67190e18, 0x181b1d00, 0x011a571d, 0x1b012718, 0x671b1817, 0x01281700, 0x1e171c1e, 0x241c0067, 0x07050209, 0x0067051c, 
    0x04080006, 0x00680806, 0x03012304, 0x67030420, 0x1f002000, 0x671f2002, 0x0c000200, 0x670c020d, 0x0b000d00, 0x670b0d0a, 0x00000a00, 0x0a00570a, 
    0x825f000a, 0x4f002508, 0x0091401b, 0x05239282, 0x40800607, 0x5a088893, 0x3a5e4059, 0x2430303a, 0x081e1e24, 0x47040408, 0x43444546, 0x3a404142, 
    0x3e3f3a3f, 0x303b3c3d, 0x38393039, 0x34353637, 0x24313233, 0x2e2f242f, 0x2a2b2c2d, 0x26272829, 0x1e231e25, 0x20212223, 0x1b1c1d1f, 0x1617181a, 
    0x08130815, 0x10111213, 0x0c0d0e0f, 0x04090a0b, 0x82070407, 0x06292b0d, 0x21012b19, 0x11012111, 0x03831121, 0x33152331, 0x23153335, 0x21150335, 
    0x35372335, 0x84331521, 0x27352109, 0x35210f83, 0x21108333, 0x23830315, 0x07200984, 0x15251583, 0x33352311, 0x2e038303, 0x0250fdf8, 0x0108feb0, 
    0x01c0fe40, 0x8240c040, 0x40012a02, 0xc0fed7d7, 0x4001d8d8, 0x2c128280, 0xc0fe9090, 0x80c07070, 0x8080c0fe, 0x2f1e8201, 0x404080c0, 0xe00860fe, 
    0x00ff00fa, 0x80010001, 0x80200583, 0xfc2b2982, 0x7f404080, 0xc0054041, 0x82a040e0, 0x4060270a, 0xc0fd6040, 0x0682a040, 0x40803b08, 0x40fda0e0, 
    0x60e00380, 0x00020000, 0x05000034, 0x00d20551, 0x00100007, 0x0d29402c, 0x01000401, 0x0004004c, 0x02040102, 0x00000068, 0x03054d56, 0x57010102, 
    0x00004e01, 0x26820809, 0x11074108, 0x0b061111, 0x01332b19, 0x03230133, 0x21130321, 0x27262603, 0x34070606, 0x02dc1d02, 0xfd95c824, 0x01ca909a, 
    0x441b6cf1, 0x18462f30, 0x2efad205, 0x60fea001, 0x2e014602, 0xa5a2d94b, 0xffff45dc, 0x07237385, 0x82260276, 0x0100347f, 0x00900a07, 0x00740165, 
    0x0202b109, 0xb07401b8, 0x88002b35, 0x87692023, 0xee062323, 0x2385bd00, 0x238f0120, 0x23888a20, 0x2401eb22, 0xea2223a0, 0x239fcb01, 0x01920a23, 
    0x2023961b, 0x266b85fa, 0xf90a0700, 0x88009101, 0xdd0821a7, 0x0b211787, 0x24178723, 0x95054cfe, 0x202f8707, 0x252f8527, 0x610b0700, 0x37899503, 
    0x85470721, 0x07012537, 0xd900ed06, 0xdf887396, 0x01940a23, 0x8323913d, 0xd2052167, 0x5f8d7f88, 0x93203b89, 0x0820d397, 0x23086341, 0x6a00ee0a, 
    0x03205f85, 0x8a0e6341, 0x01ed2223, 0x16ab41ce, 0x06236b88, 0x966200ec, 0x41a32023, 0xff2208f3, 0xcb911e01, 0x05000025, 0x88770751, 0x41912023, 
    0xfd2313ab, 0x895105f0, 0x3a0a23ef, 0x4f41a101, 0x5bfe2105, 0x012f1789, 0x01910a07, 0x0046f9ce, 0x0102b109, 0x4246f9b8, 0xa7880c53, 0x01960a23, 
    0x218395b7, 0x8387d708, 0x012b0b23, 0x8acb9522, 0xa22c2023, 0x982d2023, 0x88b32023, 0x932e206b, 0x20d78323, 0x21b38607, 0x9b422700, 0x20df8805, 
    0x21df8312, 0xdf827401, 0x8603b121, 0x073b43e8, 0x28229f8a, 0xc3a04201, 0x23a22920, 0x23985420, 0xc388b220, 0x23932a20, 0x9424c38e, 0x74013d01, 
    0x0525c3a3, 0x000602d2, 0x092f4302, 0x2507f741, 0xfa0a0601, 0xdd41bce0, 0xbcff2105, 0x0020fd82, 0x622c2384, 0x7f050000, 0x2600fc05, 0x002e0200, 
    0x82222382, 0x2386dc1f, 0x238edc20, 0x2388dc20, 0x94178321, 0xb6062a47, 0x2700dc05, 0x65010200, 0x21498300, 0x25841284, 0x85b80221, 0xffff276d, 
    0x00006200, 0x2386ce06, 0x23847d20, 0x23948520, 0x2386ba20, 0x23846920, 0x23948620, 0x2386c220, 0x23847120, 0x23948720, 0x23071522, 0x00218f83, 
    0x222384c4, 0x45ca6288, 0xff21052f, 0x06db42ca, 0x15228f83, 0x238a1307, 0xba628922, 0xba202386, 0x4416ff42, 0x0023144f, 0x44510500, 0x09201e97, 
    0x06212383, 0x05f34116, 0x0a060025, 0x8200e18d, 0x03470800, 0x42ff3400, 0x8e065105, 0x17000f00, 0x45001a00, 0x11134240, 0x0704010e, 0x094c0105, 
    0x06050601, 0x00020085, 0x0a088602, 0x01030702, 0x01070001, 0x05050068, 0x01044d56, 0x00570000, 0x0010104e, 0x10191a00, 0x82171017, 0x110f213e, 
    0x123a0083, 0x2b1c0b0b, 0x23010301, 0x23032103, 0x23032313, 0x13173301, 0x27261301, 0x41820606, 0x33034408, 0x01c57804, 0xfe95c89e, 0xd7a6d7c3, 
    0x02ca9083, 0x7332dc1d, 0x20b97afe, 0x18462f27, 0x638d0169, 0xfd8e06c7, 0x019bfbd7, 0x02a2fda0, 0x0560fe5e, 0x440188d2, 0x0802b8fb, 0xdca58666, 
    0x01d2fe45, 0x42eafe16, 0xd2200b37, 0x21081342, 0x13420efa, 0x06274711, 0x200d8f42, 0x1e9b4507, 0x05000023, 0x1ee74651, 0x12fe6222, 0x2609b342, 
    0xe6092700, 0x42000802, 0x032309bb, 0x42ffb801, 0x2b840abb, 0x8a06bb42, 0x05c3422b, 0x0b432b83, 0x12fe210a, 0x830bc342, 0x3f03212d, 0x200acb42, 
    0x0bcb4203, 0xcb422b82, 0x202b840a, 0x0ad34257, 0xd3422b8f, 0x26002d0a, 0xbc12860a, 0xe6090701, 0x00004303, 0x84066f42, 0xffff2285, 0x20db8200, 
    0x0adb4206, 0x4b205784, 0x8f0ae342, 0x0ae34257, 0x88225782, 0x5783ca62, 0x889e0221, 0x08eb4257, 0xeb42af82, 0x8357830a, 0x06012225, 0x05f3420a, 
    0xf3425783, 0x12fe2108, 0x20091746, 0x21a78200, 0x4f82da01, 0x83480120, 0xd2052d05, 0x21000c00, 0x01081e40, 0x4c010001, 0x2e291782, 0x0202034d, 
    0x012f0101, 0x270c824e, 0x110c000c, 0x18080411, 0x2005ea48, 0x05e54801, 0xe6480120, 0xc4fe2106, 0x2705e048, 0xd205cdfe, 0x74032efa, 0x2205dc48, 
    0x49008cfc, 0x07210553, 0x2d5b826d, 0x0013000f, 0x00424045, 0x01010009, 0x18827209, 0x0208032c, 0x08006703, 0x08040600, 0x14826706, 0x82600021, 
    0x4d562d66, 0x05040400, 0x02070a5f, 0x05570505, 0x13237882, 0x43101112, 0x11240804, 0x1d0b0b11, 0x21238182, 0x88112115, 0x032c0803, 0x23112101, 
    0x04cc0234, 0x0234fd62, 0x0262fd9e, 0xfd73fcd7, 0x0c01c2e7, 0x055dcf01, 0x14fea8d2, 0xa812fea8, 0x60fea001, 0x19033e02, 0x3205e342, 0x07000034, 
    0x0247076d, 0x003d0026, 0x06070100, 0x464503ed, 0x238213fb, 0x23888a20, 0x3704ea22, 0x05232395, 0x830602d2, 0x03002747, 0x0000b400, 0xeb82c804, 
    0x1d001334, 0x39002600, 0x010a3640, 0x4c010403, 0x03000400, 0xec820402, 0x00050523, 0x25e4855f, 0x5f010202, 0x4a4a0106, 0x24263e06, 0x1b1d1e20, 
    0x13001416, 0x07211200, 0x332b170b, 0x16322111, 0x06141516, 0x1e150706, 0x2b078302, 0x32212523, 0x26343536, 0x35212326, 0x42080985, 0x02b42123, 
    0x63cb9c10, 0x46416f44, 0xdc675d8b, 0x019dfeb0, 0x4c93ae5e, 0x98fe608b, 0xa6784801, 0xb2fe9187, 0xb36bd205, 0x4a7d606d, 0x58040e12, 0xb47075a2, 
    0x6186a869, 0xa04c7e4b, 0x8661738c, 0x85ffff00, 0x77072daf, 0x41002602, 0x07010000, 0x8c01910a, 0x0320e384, 0x220a574a, 0x835bfeb4, 0x24238ad3, 
    0x0046f997, 0x08624709, 0xfe214784, 0x23238b8b, 0xa300ed06, 0x14222390, 0x238b0000, 0xff420b25, 0x85bdfeec, 0xfe390847, 0x2b35b0bd, 0x00030000, 
    0x0500003c, 0x00d205e0, 0x0025001b, 0xb576002e, 0x0605010c, 0xb04b4c01, 0x4058500c, 0x03010826, 0x03020602, 0x00060072, 0x05060405, 0x02010767, 
    0x074e4102, 0x0104042c, 0x0101005f, 0x1b4e0157, 0x28862740, 0x9d800621, 0x40592c29, 0x2e000014, 0x2526282c, 0x821c1e23, 0x211b2b72, 0x0b09322f, 
    0x35132b19, 0x7e412110, 0x11212610, 0x15152223, 0x11844101, 0x34013c24, 0x86416c02, 0xdffd250b, 0x9c01835b, 0x24108a41, 0x014a5a04, 0x0e8d412e, 
    0x892b0525, 0x414efc48, 0x93410a92, 0xd2052608, 0x41000602, 0x080f9000, 0x000100a7, 0x05ecff7a, 0x00e60568, 0x403b0021, 0x03020038, 0x05020305, 
    0x04050080, 0x7e040503, 0x01030300, 0x01010061, 0x04004d5c, 0x06610004, 0x5d000001, 0x00014e00, 0x181a1d1e, 0x0c0d1012, 0x21000709, 0x0b072101, 
    0x22052b16, 0x34350224, 0x32332412, 0x23171616, 0x2223022e, 0x14150206, 0x32331612, 0x33373636, 0x0f03020e, 0xabd5febf, 0xbf2b01ab, 0x1aabfd97, 
    0xac7915be, 0x7ed88661, 0x6285d87f, 0xbe1579ab, 0x14fda91a, 0xec5701b9, 0xba5701ed, 0x669ada75, 0xfe88478c, 0xfebebff9, 0x8c4887f9, 0x76dc9765, 
    0x08a78500, 0x06450631, 0x002c0095, 0x10524055, 0x11020301, 0x0a030101, 0x03010501, 0x0504004c, 0x07040507, 0x06070080, 0x7e060705, 0x03000200, 
    0x69030201, 0x87050500, 0x060624bd, 0x87086100, 0x28292bbd, 0x1b1d2325, 0x13151718, 0xc1820d0f, 0x2c012c23, 0x2ec18b09, 0x34351720, 0x17323336, 
    0x23262615, 0x9c111522, 0x01012acc, 0x458e94aa, 0x0d1e1024, 0x2ad39ba2, 0x837c4e9e, 0x02029509, 0x9167fe65, 0xffff2ddb, 0x53fe7a00, 0xe6056805, 
    0x49002602, 0x072eea82, 0x04029a0a, 0x0900f5ff, 0xb80101b1, 0x5f48f5ff, 0xff7a2606, 0x076805ec, 0x2523878a, 0x1802ea06, 0x23857401, 0x8e08d74d, 
    0x920a2323, 0x23966801, 0x6b887720, 0x47a29120, 0x47939320, 0x8f87b383, 0x85270021, 0x070121b3, 0x12209786, 0x444bbb88, 0x00590808, 0xff7a0002, 
    0x06680542, 0x0023008e, 0x4058002d, 0x020a0d55, 0x14250007, 0x15070202, 0x22040301, 0x03050201, 0x01004c04, 0x00850100, 0x07040702, 0x00800402, 
    0x04070304, 0x01087e03, 0x86060506, 0x00070700, 0x00000061, 0x03004d5c, 0x00610503, 0x055d0505, 0x2800004e, 0x2d4f8226, 0x25132323, 0x09271214, 
    0x052b1c0b, 0x8a422613, 0x37172b06, 0x16160733, 0x26262317, 0x89420127, 0x22232608, 0x01030727, 0x05a04226, 0x52011639, 0xaba88f5f, 0x4ebf2b01, 
    0x54a6414a, 0xbe19a075, 0xfe405c11, 0x424e467e, 0x23080797, 0x47626e99, 0x2d7b0108, 0x7ed8862f, 0x0d01be66, 0xe954015c, 0xba5701ed, 0x3bedb810, 
    0x7d5593d6, 0x17bdfb27, 0x2c05a442, 0xbe01ca20, 0x88082e04, 0xaabff9fe, 0x82a682f5, 0xff7024c8, 0x435e05ec, 0x052d085b, 0x05040204, 0x02008002, 
    0x03020403, 0x0851437e, 0x0126ce84, 0x01010061, 0x5b43015d, 0x32012914, 0x14151204, 0x22230402, 0x3329c882, 0x3233021e, 0x34351236, 0x32c28302, 
    0x3e230706, 0xbfc90202, 0xabab2b01, 0x97bfd5fe, 0x421baafd, 0x29080887, 0xac6186d7, 0x1abe1579, 0xe605fea9, 0xeca9feb9, 0xbaa8feec, 0x6699db75, 
    0x0188478c, 0x01bfbf07, 0x8b488706, 0x76db9866, 0x0344ffff, 0x06022307, 0xb8824900, 0xb4000235, 0x4c050000, 0x0a00d205, 0x28001300, 0x03002540, 
    0x825f0103, 0x4d56279f, 0x00020200, 0x544a045f, 0x00013305, 0x0b0d1113, 0x0a000204, 0x0b050a01, 0x21212b16, 0xa9862111, 0x21253608, 0x10110020, 
    0x02212100, 0x012ffe85, 0x3501dae4, 0xc2fea6a5, 0x07010afe, 0x0b011001, 0xfdfefafe, 0xd205e7fe, 0xe7b3feb2, 0xb4b1fee9, 0x013501a8, 0x010d010f, 
    0x247b8431, 0x0600003c, 0x247b8264, 0x001b0012, 0x05aa455b, 0x01061e29, 0x02040203, 0x45057203, 0x1f2016a2, 0x04212086, 0x30219580, 0x00104059, 
    0x15191b00, 0x00120013, 0x32262112, 0x08964507, 0x45065941, 0xb686078e, 0x34013c24, 0xb5864002, 0x2ffee326, 0x9c01835b, 0x0424ba8b, 0x2e014a5a, 
    0x7445bd87, 0x47c28a05, 0x052f0507, 0x028a074c, 0x00540026, 0x0a070100, 0x47c40093, 0xb42610eb, 0x4c050000, 0x23887707, 0x74019122, 0xfe252391, 
    0x054c055b, 0x20238ad2, 0x10774f80, 0x8bfeb422, 0x0623238b, 0x928c00ed, 0x89132023, 0x07002523, 0x5701e906, 0x21050b46, 0x5f8c48fe, 0xd4009222, 
    0x14273b90, 0x67050000, 0x8200d205, 0x001b27cb, 0x770b0600, 0x3b8500e2, 0x09000023, 0x821785b3, 0x03072410, 0x89c605fe, 0x16062117, 0x17822f83, 
    0x17852720, 0x0a070025, 0x824a0693, 0x0001210f, 0x0421f782, 0x2f378249, 0x402f000b, 0x0002002c, 0x03020403, 0x01010067, 0x24097a47, 0x01065f05, 
    0x05ad4905, 0x000b0024, 0x0083110b, 0x1b0b0724, 0xa349332b, 0xb4153409, 0x32fd8c03, 0x63fd9d02, 0xd205d702, 0xa81afea8, 0x88a80cfe, 0x49042597, 
    0x26028a07, 0x01255083, 0x00eb0607, 0x100345e1, 0x238a8384, 0x8801ea22, 0x0a23239f, 0x96d80092, 0x87762023, 0x900a236b, 0x23852200, 0x850a6b53, 
    0x8847206b, 0x00ed228f, 0x88479696, 0x940a23b3, 0x2396fa00, 0x6b887720, 0xb3939120, 0x044cfe25, 0x85d2058c, 0x07002523, 0x8e029b0a, 0x4108f347, 
    0x0a210a13, 0x88cb9893, 0xec062383, 0xcb961f00, 0x8388a320, 0xdb00ff22, 0xfe23a791, 0x8a49045e, 0x019a2283, 0x21838975, 0x3b87d708, 0x005e0b23, 
    0x895f9597, 0xbd0a2123, 0xfe212393, 0x275f8948, 0x920a0701, 0x46f9df00, 0x52050747, 0xb422088b, 0x238b67fe, 0x00ee0623, 0x8223927f, 0x070342a7, 
    0x0a270022, 0x4f82a784, 0x20077b41, 0x0eb34a02, 0x2382d388, 0x8b019122, 0x00214f91, 0x0b774200, 0x43960a21, 0x012006cf, 0x2384478b, 0x0b426920, 
    0x00ee2208, 0x113f417a, 0x62202382, 0x23090341, 0xdf002b0b, 0x211f2741, 0x23a22c0b, 0x23982d20, 0x9341b320, 0x932e2008, 0x5bfe2123, 0x0021d789, 
    0x05074327, 0x21080341, 0xdf87b112, 0x08090c54, 0xb4000342, 0x490442ff, 0x13008e06, 0x1b001700, 0xb04b9100, 0x4058500d, 0x01020031, 0x0f700201, 
    0x0c05020b, 0x05070601, 0x010e6706, 0x53090709, 0x0404010a, 0x01035f01, 0x4d560101, 0x07020d10, 0x085f0007, 0x22056146, 0x8230401b, 0x85022133, 
    0x593432aa, 0x18182240, 0x00001414, 0x1b181b18, 0x1714191a, 0x15161714, 0x13218782, 0x31008811, 0x052b1f0b, 0x21112337, 0x33073337, 0x21032315, 
    0x03832115, 0x13072b08, 0x13112113, 0x01112313, 0x02c53742, 0x36a43674, 0x018ca574, 0x90d0fe00, 0xd6fdfa01, 0xfe8c8337, 0xc891377b, 0xd205bebe, 
    0x6f44bcbc, 0x04be3606, 0xfee60102, 0x0164fd1a, 0x000cfef4, 0x00010000, 0x04000086, 0x08db441b, 0xbc820320, 0x67020325, 0x44040400, 0x562105d1, 
    0x07e6444d, 0x4e005722, 0xdb442f82, 0x1101240b, 0x86213521, 0x1b043603, 0xce0274fc, 0x9d0263fd, 0xd20529fd, 0x01a82efa, 0xf401a8e6, 0x055746a8, 
    0x05490431, 0x000602d2, 0xff00005f, 0x006200ff, 0x82620500, 0x0027246f, 0x8219015f, 0x0a062480, 0x43bcc0fa, 0x4b53050b, 0xa305240b, 0x8300fc05, 
    0x845a2023, 0x12822223, 0x202386dc, 0x09df52dc, 0x05ab0523, 0x822384dc, 0x06012453, 0x9212830a, 0xe7062147, 0x0f502385, 0x05b75306, 0xb7530120, 
    0x86ff200e, 0x50b62023, 0x238f0ae3, 0x2386eb20, 0xb753a220, 0x20238f0a, 0x202386f3, 0x0ad350aa, 0xff27238a, 0x04000084, 0x831606fd, 0xb40029b3, 
    0x07000000, 0x5cff8d0a, 0x17410782, 0x41338227, 0x13460c4b, 0x1937460f, 0x4523ef45, 0x00201acb, 0x28050347, 0x00d20539, 0x40290009, 0x11034726, 
    0x04010526, 0x4e045704, 0x0923cc82, 0x82110900, 0x0b062200, 0x0afd461a, 0x8503b430, 0x830239fd, 0xd2057dfd, 0xa802fea8, 0x28827cfd, 0xe7ff0125, 
    0x830455fe, 0x00143053, 0x01304033, 0x00040001, 0x02000501, 0x8203004c, 0x04032509, 0x02020067, 0x2a07c349, 0x61050000, 0x61050500, 0x82234e05, 
    0x32132d5b, 0x2b1c0b06, 0x16163503, 0x35363233, 0x29086247, 0x22230614, 0x0b1f1119, 0x6d873f53, 0x448f942b, 0x039f5efe, 0x06343102, 0x23778375, 
    0x847cd1fc, 0x27069342, 0x02770739, 0x00890026, 0x2005f34f, 0x0dd34480, 0x8024ef82, 0x05040000, 0x2e22ef84, 0xdd822b40, 0x85040322, 0x02249782, 
    0x67020301, 0x00221d82, 0x18435701, 0x00012206, 0x22f48a4f, 0x432b1a06, 0x04290916, 0x027bfc05, 0x027dfdc7, 0x05124383, 0x02a8fe23, 0x342b8284, 
    0xff7a0001, 0x057805ec, 0x002300e6, 0x003b403e, 0x03060302, 0x09a94f02, 0x200ec04e, 0x07024e07, 0x1d1e1f30, 0x1117191c, 0x090c0d0f, 0x01230007, 
    0xc24e0823, 0x1604240c, 0x4c262317, 0xc24e0621, 0x214a0806, 0x14152135, 0x15030402, 0xa8d4fec7, 0xbf2801a8, 0xaa01019e, 0xd32ec41b, 0x7ed6839e, 
    0x7c89da7f, 0xfe026dbe, 0x9e3c027e, 0xba14edfe, 0xedeb5701, 0x7bba5701, 0xa88f91db, 0xc0f9fe87, 0x88fafebe, 0xa683c068, 0xf0feb9a3, 0x6f4b0095, 
    0x05c23006, 0x002602e6, 0x0100008d, 0x02430b07, 0x43b7feb0, 0xfe240593, 0x2b35b0b7, 0xd7831482, 0x064a0632, 0x002f0094, 0x11554058, 0x12020301, 
    0x0b030101, 0x2407ef4e, 0x08040508, 0x08e84e80, 0x07000826, 0x67070806, 0x200ef04e, 0x21ed8709, 0xf24e2a2b, 0x18192505, 0x0e101416, 0x2f23f182, 
    0x8c0a2f01, 0x4e1620f1, 0xfd9f0ef3, 0x53e08322, 0x4107f74e, 0x57221d03, 0xfa4e544e, 0x416a2007, 0x0b41120c, 0x07782206, 0x070b418a, 0x01920a23, 
    0x0d3f4262, 0x94222392, 0x23968401, 0x47887720, 0x12029122, 0xfe232391, 0x41780513, 0x00260777, 0x01e90607, 0x8f4100e8, 0x20838b07, 0x2183a193, 
    0x5f93ea06, 0x05ecff25, 0x87470778, 0xed062383, 0x838d2001, 0x8305c750, 0x24003183, 0x21b57e00, 0x01050401, 0x19b04b4c, 0x27405850, 0x291fbb42, 
    0x00000208, 0x1b4e005d, 0x299a2b40, 0x57070722, 0x5005ab51, 0x592a06ed, 0x00011740, 0x1d1e1f20, 0xef421b1c, 0x01242208, 0x0cf05024, 0xef423220, 
    0x21372d10, 0x23112135, 0x03020e03, 0xdbfebd04, 0x2b13ef42, 0xfe0ae3bd, 0x953d027c, 0xb96a151b, 0x2a15f042, 0xfda6c6e5, 0x5d420113, 0x41005e9b, 
    0xf3420863, 0x42972005, 0x302420f3, 0x12409f00, 0x240bf342, 0x0706012d, 0x06284104, 0x04002f23, 0x24fe4205, 0x30410a20, 0xa2332007, 0x09092931, 
    0x06004d57, 0x0a610006, 0x24053543, 0x011b4059, 0x05a96000, 0x1d232523, 0x083a431b, 0x30013023, 0x293a430b, 0x43124841, 0x4e41143a, 0x153b4314, 
    0x42135741, 0x972405bb, 0x07010000, 0x851e3f43, 0x1d3f4323, 0x3f432385, 0x4323821d, 0x3b85143f, 0x841d3f43, 0x1e3f4323, 0x3f432385, 0xb4210813, 
    0x3e050000, 0x0b00d205, 0x24402700, 0x04000100, 0x67040103, 0x00000102, 0x05064d56, 0x57030302, 0x0f5b4903, 0x33113324, 0x03822111, 0x05822320, 
    0x03beb433, 0xfcbebe0e, 0xfdd205f2, 0xfa84027c, 0xfda6022e, 0x059f425a, 0x5ffea622, 0x02355783, 0x00a10026, 0x0a060100, 0x00010b9a, 0x0101b108, 
    0x35b001b0, 0x05e7462b, 0x073e0523, 0x241f868a, 0x01920a07, 0x0ddb4351, 0x93202392, 0x77202398, 0x91224788, 0x47910102, 0x8a5bfe21, 0x0a07248b, 
    0x4c040291, 0x8f82136f, 0x47887620, 0x9b009022, 0x2111274c, 0x478c44fe, 0x78019424, 0x674649f9, 0x49f92105, 0x2e08d682, 0x00020000, 0x05000062, 
    0x00d205d4, 0x00170013, 0x0c38403b, 0x05030709, 0x0002040a, 0x6700050b, 0x02000b00, 0x67020b01, 0x06060108, 0x58034d56, 0x1723075f, 0x4b141516, 
    0x0d2a0c53, 0x012b1f0b, 0x23112315, 0x03822111, 0x41352321, 0x072c0771, 0x05211521, 0xfcbe70d4, 0x7878bef2, 0x31067941, 0x98040e03, 0x0200fc98, 
    0x045afda6, 0x3a019800, 0x0383c6fe, 0x00b29828, 0xb4000100, 0xaf8355fe, 0x00160027, 0x01324035, 0x089d8201, 0x00060124, 0x04004c02, 0x04020100, 
    0x01056701, 0x4d200303, 0x21020200, 0x0000004d, 0x06006106, 0x4e062906, 0x00821123, 0x07321326, 0x012b1d07, 0x8208c548, 0x05f44186, 0x2306142a, 
    0x11b30322, 0x3f530b1f, 0x83838582, 0x2309c748, 0x5afd4903, 0x21050842, 0xcb4883f9, 0xc0fe2905, 0xd205d105, 0xa1002600, 0x07286082, 0x9f04460b, 
    0xffff0000, 0xc0249782, 0xd2050006, 0x25056b41, 0x450b0700, 0x1f821b04, 0x0033af82, 0x05800700, 0x000d00d2, 0x002a402d, 0x01020005, 0x82670205, 
    0x5f042f19, 0x04020607, 0x034d2004, 0x21010101, 0x12824e01, 0x0d000d22, 0x0282a682, 0x1c070826, 0x2115012b, 0x83062b41, 0x800724a4, 0x85bebefd, 
    0xd205269c, 0x02cefaa0, 0x289687a6, 0x00010000, 0x08ecffb4, 0x22638254, 0x4669001a, 0x20250528, 0x01000400, 0x060e4106, 0x004d5625, 0x44590707, 
    0x022005b9, 0x20082146, 0x21229324, 0xe1440202, 0x0b1a4606, 0x12151631, 0x0b0c0d10, 0x0708090a, 0x00040506, 0x461a011a, 0x3521061a, 0x41a28335, 
    0x1a4a0643, 0x11332905, 0x06060614, 0xeefedd6f, 0x2208ac85, 0x8f8fa0c0, 0xdb7bbe98, 0xbcf3fb14, 0xd2056afd, 0x94026cfd, 0x9ba608fc, 0x8202a69b, 
    0xdca47efd, 0x4300006e, 0x05250713, 0x000602d2, 0x240f84a1, 0x06000062, 0x22cf8257, 0x4ca10027, 0x06241bb3, 0x00fc0598, 0xb34c2383, 0xa006231a, 
    0x2384dc05, 0x211ab34c, 0x2385dc07, 0x211bb34c, 0x2386f407, 0x211ab34c, 0x2386e007, 0x211ab34c, 0x2386e807, 0x2016b34c, 0x23a78200, 0x23073b07, 
    0xfd20b384, 0x220a6b60, 0x60b80201, 0x23820b6b, 0x238a1320, 0x8305775d, 0x06775d23, 0x0084ff27, 0x06f20500, 0x4c238316, 0x5f4113fb, 0x06434520, 
    0x21099341, 0x6f4112fe, 0x2700250b, 0x6a03e609, 0x210a2b4e, 0x295f0102, 0x06775e06, 0x840a7741, 0x8472202b, 0x05334e2b, 0xa35e2b83, 0x0b7f410a, 
    0x04212b83, 0x0a275fae, 0xf7820220, 0x87412b8b, 0x202b840a, 0x17fb61c6, 0x4112fe21, 0x2b840b8f, 0x0362b220, 0x412b8217, 0x2b840a97, 0x0b62ba20, 
    0x412b8217, 0x2b840a9f, 0x13620d20, 0x412b8417, 0x2b8a08a7, 0x22111b62, 0x4512feb4, 0x00260987, 0x02e60907, 0x56820010, 0x82b40021, 0x05722e04, 
    0x000300d2, 0x02164019, 0x56010101, 0x5017824d, 0x0334051d, 0x03110300, 0x012b170b, 0x01112311, 0xd205be72, 0xd2052efa, 0x21054f43, 0x33829803, 
    0xc5002622, 0x07302b82, 0x2602c500, 0xffff0000, 0x0000caff, 0x76075c02, 0x17820d82, 0x0a070125, 0x46b6fe90, 0xff210f0f, 0x222382cf, 0x88d70861, 
    0xfeeb2223, 0x662385bb, 0x16200a93, 0x9c202382, 0x46275f85, 0x0b060100, 0x4718ee42, 0x18230507, 0x822b35b0, 0xfef52667, 0x053b0267, 0x234387d2, 
    0x13ffee06, 0x20109b46, 0x21d7830b, 0x23888a07, 0x75ffeb22, 0x8211e346, 0x8a192067, 0x00ea2223, 0x21238f1c, 0x2382d2ff, 0x23895420, 0xff920a23, 
    0x2023906c, 0x222382f0, 0x88690736, 0xffee226b, 0x2023900e, 0x222382fe, 0x88470728, 0xffed2223, 0x2023902a, 0x202382f1, 0x226b8a35, 0x8f8eff94, 
    0x15002523, 0xb5014cfe, 0x002bfb87, 0xb79b0a06, 0xff000000, 0x829600ff, 0x079122ef, 0x08574177, 0xcba29120, 0xcb929320, 0x83824920, 0x83890120, 
    0xfeec0623, 0x10c341b3, 0x2382e220, 0xa3074422, 0xff226b88, 0xa7906fff, 0x8f826c20, 0x4789b920, 0x00960a23, 0x24239008, 0x015bfe99, 0x09c74194, 
    0x00910a23, 0x10c7411f, 0xf8ff9e24, 0x23821b02, 0xef020622, 0xaf42e784, 0x06022306, 0x0f84c500, 0x8b826220, 0xd2058b26, 0xc5002700, 0x4217cb45, 
    0x00202397, 0xcc224783, 0x4784fc05, 0x231aef45, 0xdc05d402, 0xef452384, 0x1004211a, 0xef452385, 0x2804211b, 0xef452386, 0x1404211a, 0xef452386, 
    0x1c04211a, 0xef452386, 0x6f03231a, 0xb3842307, 0x821aef45, 0x8a132023, 0x11ef4523, 0x20229b42, 0x23e342ff, 0x00008426, 0x16062602, 0x37466b83, 
    0x41022013, 0xaf441ecb, 0x07ff4107, 0x3821db41, 0x5c000100, 0x2b030000, 0x0b00d205, 0x26402900, 0x01010103, 0x02005f02, 0x059a6602, 0x5518e959, 
    0x153b050b, 0x15211121, 0xfe09015c, 0xfecf02f7, 0xa80801f8, 0xa8a88204, 0x00a87efb, 0x85ffff00, 0x76072d57, 0xea002602, 0x07010000, 0x67ff900a, 
    0x850f2b43, 0xd7082123, 0xeb202388, 0x44077343, 0x9f860aef, 0x06232386, 0x4459420b, 0x00230cef, 0x8367fe5c, 0x241f86bf, 0xffee0607, 0x102743c4, 
    0x07214384, 0x2223888a, 0x432600eb, 0x238f106f, 0xcd00ea22, 0x0a23239f, 0x961d0092, 0x88692023, 0xffee226b, 0x202396bf, 0x21238847, 0xa759ffed, 
    0x238f8e11, 0x3f00940a, 0xfe254791, 0x056e034c, 0x254785d2, 0x9b0a0700, 0x7b417001, 0x4177200a, 0x91200857, 0x9320cba2, 0xff25cb91, 0x030000fa, 
    0x0a37412b, 0x64ffec22, 0x2115c341, 0x6b88a307, 0x5100ff21, 0x0b420e53, 0x087f4108, 0x00960a23, 0x20cb92b9, 0x0bc7415b, 0x00910a23, 0x10c741d0, 
    0x0000622b, 0xfc05cd04, 0xea002700, 0x05f74301, 0x23142b57, 0xdc05d504, 0xaa202384, 0x210af748, 0xbf6a0101, 0x8511200d, 0xe6022123, 0x560aef48, 
    0x29200fe3, 0xfe202386, 0x201a2b57, 0x20238615, 0x0adf48ea, 0x1d20478f, 0xf2202386, 0x20152b57, 0x23d78200, 0x23077005, 0x0221b383, 0x19774a45, 
    0x13202382, 0x8744238a, 0x054f4310, 0x4209af41, 0x00241533, 0x072b0300, 0x211c7b42, 0x23823cff, 0x1606df22, 0x87446b83, 0x00142108, 0x23082f6a, 
    0xd2058c04, 0x01211b83, 0x16d35861, 0x3f825c20, 0xd2052b26, 0xea000602, 0x27250b44, 0x64000100, 0xdd03ecff, 0x112f5782, 0x28402b00, 0x02030100, 
    0x80020103, 0x60030300, 0x612105d4, 0x05f65104, 0x0e000137, 0x05080a0d, 0x01110004, 0x160b0511, 0x2622052b, 0x15333535, 0x09014d14, 0xc5210239, 
    0x738cbef8, 0xf7be8c72, 0x50d6e814, 0x8f8f8850, 0xfb280488, 0x85e8d6d8, 0x276782bf, 0x8a07bf04, 0x0a012602, 0x0724bd82, 0xd701920a, 0x83108b42, 
    0x82c12023, 0x2523868b, 0x1302420b, 0x65498b00, 0xb08b2305, 0xd3842b35, 0x0221af86, 0x21478306, 0xbf87ffff, 0x43580f85, 0x27052105, 0x0f244382, 
    0x23402600, 0x0426b482, 0x01000204, 0xc682014c, 0x044d5629, 0x02020203, 0x824e0257, 0x000f2491, 0x8216120f, 0x193608ca, 0x3311332b, 0x36360311, 
    0x01330137, 0x07012301, 0x03beb411, 0x01447f3e, 0xa6fdf9bd, 0xfee15b02, 0xd205d703, 0xeefe02fe, 0x014a9451, 0xfc7bfde1, 0xe3cc02b3, 0xd38517fe, 
    0x13feb422, 0xd3826b83, 0x10820f20, 0xe9060724, 0xdb4da301, 0x84272008, 0x251782eb, 0x930a0701, 0xeb901901, 0x0000b423, 0x23238a05, 0xc901ea06, 
    0xfe212391, 0x825f895b, 0x01912247, 0x109b43cc, 0x8bfeb422, 0x0623238b, 0x8dd800ed, 0x01003d23, 0x00006200, 0xd2057d06, 0x33000e00, 0x01093040, 
    0x4c010205, 0x05000200, 0x67050204, 0x645cb782, 0x4d202905, 0x04020607, 0x4e042104, 0x0e251282, 0x12110e00, 0x23008211, 0x2b1c0708, 0x20057f5b, 
    0x051f4133, 0x11232208, 0x58fe0a02, 0x01d16602, 0xd5fde6e6, 0xfee54302, 0x3205d909, 0x0277fda0, 0xfd2efd89, 0xfda40200, 0x071b415c, 0x7f05c022, 
    0x26227382, 0x10823304, 0x460b0724, 0x07824d04, 0x83000121, 0x055b31f7, 0x001200ec, 0x11234026, 0x08090d10, 0x00010603, 0x00229082, 0x086b5600, 
    0x01572105, 0x122a8283, 0x111c1200, 0x2b180b04, 0x01821133, 0x36360127, 0x06260717, 0x07a24107, 0x02122708, 0x5ed95947, 0x3664324a, 0x70025dfe, 
    0xba00fee6, 0x23fdd205, 0x13628202, 0x13208c41, 0xfc3ffe3a, 0xd1ac02cf, 0xfb6025fe, 0x27052708, 0x0602d205, 0x6b610f01, 0x82242008, 0x0005249b, 
    0x821c401f, 0x4d562811, 0x02010100, 0x42010360, 0x0523071d, 0x88110500, 0x1521297c, 0xb202beb4, 0xd6fad205, 0x2b076b5c, 0x028a0724, 0x00190126, 
    0x06070100, 0x24129f4b, 0x13feb400, 0x855f8204, 0x07002323, 0xd183e906, 0x2305a34c, 0x18062404, 0x0b221787, 0xb347012f, 0xfeb42205, 0x252f895b, 
    0x910a0701, 0xc3417701, 0xffff230d, 0x2383feff, 0x86470721, 0x8527203b, 0x4b7f8223, 0x122205b3, 0x8a7101b1, 0x08576606, 0xfe216f83, 0x23578b8b, 
    0x8300ed06, 0xab82578f, 0x7b8c4820, 0xcb009222, 0x32272390, 0x60040000, 0x8200d205, 0x003c27f3, 0x740b0601, 0x2d53e832, 0xe8ff2405, 0x412b35b0, 
    0x14200563, 0x3f202382, 0x0f632385, 0x5efe250d, 0x0306fc05, 0x28823b83, 0xc7022724, 0x07828604, 0x0421e382, 0x078b4187, 0x82860621, 0x001e2837, 
    0x1a244027, 0x43030611, 0x052309ae, 0x41030304, 0x1e260791, 0x11181e00, 0xf15b1118, 0x015c0806, 0x36171616, 0x21013736, 0x34112311, 0x06063736, 
    0x01230107, 0x16272626, 0xb4111516, 0x6f010e01, 0x1a1b3e15, 0x6a01163e, 0x04bb0f01, 0x1a532903, 0xfea5b3fe, 0x2c5119ae, 0xd2050502, 0xc23654fc, 
    0x38c3585b, 0x2efaac03, 0xee525303, 0x42f28074, 0x5303adfc, 0x6a83ef3f, 0xadfc56f1, 0x2f083342, 0x8a078606, 0x24012602, 0x07010000, 0xa202ea06, 
    0x25119f43, 0x86060000, 0x23877707, 0x93910a21, 0x5bfe2123, 0x238adf83, 0x5f41a520, 0xfeb42610, 0x054407c0, 0x242385d2, 0x450b0700, 0x05c75e05, 
    0x5f83b420, 0x06201782, 0x3f428383, 0x944b8405, 0x06fb440f, 0xd205532b, 0x24001600, 0x06122140, 0x094a4102, 0x240af944, 0x11160016, 0x07f94418, 
    0x1616012d, 0x35262617, 0x23113311, 0x41022e01, 0x2a08053f, 0x1e5e02e0, 0x0409335f, 0xe4fde2be, 0x3a524322, 0xd2050906, 0xa33047fc, 0x3cb76c65, 
    0x2efa9203, 0x70355003, 0xd78f6792, 0x85aefc36, 0x53052393, 0xbb826907, 0x00002c28, 0xee060701, 0x2741ff00, 0x20238213, 0x2223888a, 0x910d02ea, 
    0x13fe2223, 0x85bb8205, 0x07002523, 0xe701e906, 0x21084b45, 0x3b880753, 0x01930a23, 0x213b915d, 0x5f8c0000, 0x6601eb22, 0x77202396, 0x01235f85, 
    0x94910a07, 0x895b2083, 0x20238483, 0x12ab4110, 0x238b8b20, 0x01ed0623, 0x2023921c, 0x22478c48, 0x8d640192, 0x01002523, 0x55fee7ff, 0x00352383, 
    0x40300023, 0x020d192d, 0x01010103, 0x01000300, 0x4c030004, 0x05f25002, 0x57030336, 0x0000004d, 0x04006104, 0x4e046104, 0x1318112d, 0x1b0b0532, 
    0x2009945e, 0x12be4133, 0x5e152321, 0xc94109a2, 0x55012011, 0x062109e5, 0x16d44175, 0x847cab23, 0x05735600, 0xd2055e2d, 0x32002500, 0x0e192f40, 
    0x82030102, 0x0001239f, 0x9f820501, 0x03010425, 0x834d5603, 0x20a084a5, 0x06365f05, 0x11182523, 0x05365f19, 0x20077056, 0x08554235, 0x8a112321, 
    0x113321ac, 0x0327a383, 0x0b1f11d3, 0x422f3f53, 0xbf200765, 0x0b20ae88, 0xa320a589, 0x420a6d42, 0xae220c86, 0xa785d5fe, 0x05000022, 0x2f05f342, 
    0x111b401e, 0x02000205, 0x01034c01, 0x4d200202, 0x0023af82, 0x824e0021, 0x04102e94, 0x212b1a07, 0x36341123, 0x07020e37, 0x828b8201, 0x07250880, 
    0x01373636, 0xbf530533, 0x523a0609, 0xe4fd2243, 0x0904bee2, 0x021e5f33, 0x5203e05e, 0x678fd736, 0xfc357092, 0x287382b0, 0x6cb73c6e, 0x0330a365, 
    0x0e8f42b9, 0x00003825, 0x42060701, 0x8a23196b, 0x84012602, 0x940a2323, 0x8f427f01, 0x87472016, 0xed062223, 0x05ff7901, 0x230e1765, 0x76075305, 
    0x90224788, 0x074ca700, 0xfeb42510, 0x071606c0, 0x00216b86, 0x276b8527, 0x450b0701, 0x00003104, 0x200e076d, 0x052b41b4, 0x83060221, 0x07bb4397, 
    0x82d20521, 0x852c200f, 0x5efe28db, 0x03067d07, 0x82012600, 0x2700250f, 0x0706c702, 0x2105ab45, 0x07820806, 0x7a000230, 0xa405ecff, 0x0f00e605, 
    0x2d001f00, 0x45602a40, 0x01052409, 0x4a000202, 0x1130072b, 0x19000110, 0x111f1017, 0x0007091f, 0x060f010f, 0x6a0c175c, 0x27200559, 0x0809ab6b, 
    0x14150221, 0x10031612, 0xacd5febf, 0xbf2b01ac, 0xab2a01bf, 0xbfd6feab, 0x7f7fd785, 0xd88685d7, 0x6fd87f7f, 0xba390803, 0xeceda9fe, 0xb0b9a9fe, 
    0xbe070187, 0x870701c0, 0xbff9fe88, 0x88fafebe, 0x05ab6bff, 0x7607a42d, 0x41012602, 0x07010000, 0x5200900a, 0xdf7b0523, 0x21bf840b, 0x23876907, 
    0x01ee0623, 0x105b6a0b, 0xd2ff7a26, 0x0006a405, 0x00252385, 0x00410b07, 0x08fb89c2, 0x00a20622, 0x00330023, 0x20b04bb1, 0x1db65850, 0x01040216, 
    0x401b4c01, 0x0201160a, 0x04011d01, 0x594c0202, 0x40391a84, 0x0103001f, 0x06570304, 0x01040401, 0x01010261, 0x084d5c01, 0x00050501, 0x066a6161, 
    0xb04b1b27, 0x40585029, 0x24268523, 0x56020200, 0x202b854d, 0x292a9100, 0x03002440, 0x03060400, 0x27846904, 0x06060023, 0x057c7001, 0x5939518c, 
    0x25194059, 0x2d000124, 0x2533242b, 0x181a1c33, 0x10121417, 0x01230007, 0x06b95823, 0x34350228, 0x31372412, 0x01843332, 0x33021e31, 0x33353532, 
    0x22231415, 0x15121627, 0x41040214, 0xab241592, 0x01be2901, 0x042d0082, 0x4d423703, 0xaa127c89, 0x6c1d1aaa, 0x13a0417b, 0x5701ec30, 0x070701ba, 
    0xb6be1206, 0xfe6304aa, 0xa941c7cc, 0x08f35e14, 0x8a07a422, 0x22088741, 0x417201eb, 0xec211287, 0x22238b05, 0x9f1902ea, 0x920a2323, 0x23966901, 
    0x6b884720, 0x2701ed22, 0x8f882396, 0x01940a23, 0x23239f8b, 0x2801d906, 0x4210df7a, 0x4789055f, 0x8f939320, 0x054cfe25, 0x42e605a4, 0x6221085f, 
    0x053b5002, 0x17837a20, 0xa7860720, 0x0b270022, 0x01221784, 0xaf870607, 0x2f690320, 0x23678e0a, 0xb000ec06, 0xa3208b96, 0x21080f43, 0x235601ff, 
    0x0bbf6905, 0x08204784, 0x23080f43, 0xb800ee0a, 0x8e108b7d, 0x260b2323, 0x6b961001, 0x6b887720, 0xab419120, 0x216b8a17, 0xd75602ed, 0x109f4305, 
    0x88d70821, 0x97f12047, 0x9f08216b, 0x0b212387, 0x52238724, 0xb3850abb, 0x0b214788, 0x17ab415e, 0xbd206b8a, 0xfe212393, 0x09ab415b, 0x0a070124, 
    0xeb470291, 0x0bdf7d05, 0x230e8b41, 0x0502960a, 0x89153b42, 0x2b0b236b, 0x43417001, 0x20238a15, 0x2023a22c, 0x2023982d, 0x081f41b3, 0x23932e20, 
    0x7f43d783, 0x27002107, 0x88053743, 0x15df7ddf, 0x4521e789, 0x050f4b00, 0x851b8f43, 0x1dd74323, 0x2f412384, 0x69072119, 0x2384c382, 0x8315a745, 
    0xa20621c3, 0x9b412387, 0x44d22016, 0x00210943, 0x05cb4527, 0x06070122, 0x43074b44, 0x05331053, 0x010602e6, 0xff000041, 0xff6200ff, 0x056b06ec, 
    0x822700e6, 0x51c7200f, 0xc75b0a6f, 0x2223820c, 0x83fc05ac, 0x08012123, 0x8217175c, 0x85b42023, 0x10012147, 0x8e0a1753, 0xf0072147, 0x02212385, 
    0x17075c4c, 0x08ecff23, 0x20238608, 0x0a175364, 0x230c2b5c, 0xf407ecff, 0x50202386, 0x8217f75b, 0x86fc2023, 0x5b582023, 0xff2715ef, 0x05ecff22, 
    0x421606a4, 0x00290543, 0xfe8d0a07, 0x000000fa, 0x0aff4703, 0x21001826, 0x36403900, 0x08084550, 0x01030323, 0x01010061, 0x01074d34, 0x61000404, 
    0x00000106, 0x1a4e0035, 0x1e000119, 0x1a21191d, 0x11141621, 0x050d4810, 0x16080823, 0x0915772b, 0x2f050d48, 0x022e2101, 0x06062223, 0x36363201, 
    0x021e2137, 0x35100d48, 0xb20367fd, 0x7bcc830e, 0x0183cd7c, 0x83cc7bcc, 0x0e4efc0e, 0x1748cd83, 0x4c032e10, 0x7575e3a6, 0x75bffce4, 0xe2a5a5e2, 
    0x28c74175, 0xd7487a20, 0x08fb4105, 0x4b480f84, 0xe6052123, 0x6f203382, 0x8f09d346, 0x8243840f, 0x0a8f481f, 0xb8020322, 0x3b059776, 0x7a000200, 
    0x84070000, 0x1200d205, 0x3f001d00, 0x03003c40, 0x03050400, 0x01066704, 0x2408946a, 0x05020709, 0x08f86d05, 0x01131329, 0x131d1300, 0x1814161c, 
    0x29080e46, 0x01120007, 0x160b0a12, 0x6978212b, 0x15212107, 0x2107b47b, 0x6e781125, 0x17032b08, 0xabd2fec4, 0xc42e01ab, 0x20726404, 0x6bfc3007, 
    0x7ada90d8, 0xbb90da7a, 0xe1de4f01, 0x6dba4f01, 0xa82a06bf, 0xfe8e8204, 0xfeaeb1fd, 0xa3828ffd, 0x0000b424, 0xa382ae04, 0x15000c32, 0x28402b00, 
    0x01000300, 0x67010302, 0x00040400, 0x2005637b, 0x31ad8205, 0x004e0257, 0x0f131500, 0x000c000d, 0x0621260c, 0x5b7b180b, 0x2123230a, 0x4b7b1111, 
    0x01210808, 0x6de1aefe, 0xfeaee06d, 0xb13801bf, 0xfeb39696, 0x7fd205ca, 0xd88585d6, 0x02e5fd80, 0x8485b1c2, 0x05974aaf, 0x07ae042f, 0x0126028a, 
    0x01000077, 0x01ea0607, 0x10534595, 0x07219784, 0x21238777, 0x238f910a, 0x1037bb8a, 0x3d001e00, 0x1d1e3a40, 0x03040312, 0x0102090c, 0x020a0b04, 
    0x63030102, 0x00220841, 0xcd840303, 0x834d2021, 0x832120cd, 0x1a1c2bcd, 0x10001719, 0x212a1000, 0xcd8a0706, 0x07170724, 0xd1820627, 0x36170126, 
    0x26343536, 0x21240982, 0xb4273732, 0x5126d684, 0x68865f54, 0xda826e59, 0x286bc823, 0x24db8324, 0x313d3801, 0x35e08464, 0x9241c473, 0xfd1c9f56, 
    0xa4be03e5, 0x84437229, 0x0c97fdaf, 0xa382009a, 0x00003c2c, 0xd205c605, 0x1d001400, 0xd7756200, 0x07213205, 0x05030401, 0x00720403, 0x02010005, 
    0x06670105, 0x2a9f8601, 0x02004d56, 0x4e025702, 0x8622401b, 0x80052123, 0x59282498, 0x00001140, 0x15171b1d, 0x14275b82, 0x32261121, 0x7b1a0b08, 
    0xbc820c75, 0x6f7b2320, 0x2123260b, 0x0234013c, 0x07a0415a, 0x835bbe24, 0xa5419c01, 0x5a042407, 0x412e014a, 0x052907a8, 0xfe48892b, 0x8485b168, 
    0x082b51af, 0x05ae0427, 0x010602d2, 0x08cb6277, 0xdc053128, 0x77012700, 0xf3448301, 0x08f78213, 0x74ff7a22, 0xe605a405, 0x27001300, 0x42404500, 
    0x05021627, 0x020f1203, 0x4c020500, 0x05040300, 0x80050304, 0x02252582, 0x04040086, 0x05ee4a01, 0x05050024, 0x6b7b6200, 0x24262408, 0x44151c1e, 
    0x13220555, 0x6b7b1301, 0x12042e0d, 0x07021415, 0x06272317, 0x36173303, 0x06147836, 0x787b0220, 0x44372005, 0x8b2a0d5d, 0x81c6c079, 0x9cc6cd7a, 
    0x6f4c6354, 0x51862207, 0x0c5a4449, 0xc0fed32c, 0x35adff62, 0x49cde601, 0x764ca7f3, 0x8219200b, 0xfe7a24a1, 0x82410655, 0x001f30c7, 0x4078002f, 
    0x020e1d0b, 0x01080605, 0x69020001, 0x222a0696, 0x03060600, 0x02040761, 0x034c0303, 0x61022905, 0x60020200, 0x0000004d, 0x612bd784, 0x401b4e01, 
    0x04010726, 0x844d5604, 0x9900202a, 0x59290828, 0x20211540, 0x27290000, 0x2f212f20, 0x1f001f00, 0x33232626, 0x2b1a0b09, 0x16141101, 0x37363233, 
    0x22230615, 0x23113526, 0x7c078206, 0x17230878, 0x4d013533, 0x54080e6e, 0x53496a05, 0x24101e0d, 0x0c948e45, 0xba97e939, 0xa0a1e4fe, 0x99bb1c01, 
    0xfe0c37e9, 0x5bc6a140, 0x8899c661, 0xca726fca, 0x83f9d205, 0x02023134, 0x7c840996, 0x887b9601, 0xe35d01c6, 0xc45701dd, 0xfae57485, 0x0d019dca, 
    0x0c01a3a6, 0xf6fe989f, 0xf6feb6ac, 0x43d18290, 0xe8260673, 0x1000d205, 0x6d561900, 0x04022105, 0x08db4918, 0x05006724, 0x35440005, 0x03062d05, 
    0x57010102, 0x00004e01, 0x11131719, 0x10262d82, 0x07211731, 0x3744190b, 0x01072409, 0x44060123, 0x8731113b, 0xdc4e018d, 0x1211cafe, 0x3801bffe, 
    0xb29797b0, 0x08a582fe, 0x85d07722, 0xfd31dc94, 0x0143029b, 0xeb02befd, 0xa0858398, 0x00ffff00, 0x040000b4, 0x028a07e8, 0x00800126, 0x20054744, 
    0x11474494, 0x0413fe22, 0x2385af82, 0x06070026, 0x008801e9, 0x0a233b92, 0x91e40093, 0x225f8e3b, 0x492b00ec, 0x838510d7, 0x5f85a320, 0x0a070125, 
    0x96e700ff, 0x88772047, 0x01912123, 0x5b20a793, 0x4782a789, 0xb1019123, 0x6b4818f9, 0xfeb4210f, 0x07212382, 0x22478547, 0x840a2700, 0x07012523, 
    0xa200ed06, 0x12207382, 0x21088a74, 0x4c4c03b1, 0x06235606, 0x2b84ff88, 0x578dbd20, 0x03003e08, 0xa0feb400, 0x1807e804, 0x20001a00, 0x49002700, 
    0x01174640, 0x27040602, 0x0605021d, 0x05010107, 0x191a4c03, 0x4a040318, 0x4900010f, 0x01000103, 0x04008600, 0x04050600, 0x01076706, 0x201f8205, 
    0x23068259, 0x025f0105, 0x01330a82, 0x1522114f, 0x21141121, 0x1e060818, 0x1607012b, 0x82141516, 0x23230843, 0x23230601, 0x23012701, 0x21112311, 
    0x25371732, 0x13330337, 0x01212326, 0x34353636, 0xde032726, 0x41868b41, 0x220808f8, 0x72f9fe0e, 0xbebc0201, 0x3a42fe01, 0x28c4fe26, 0x29a2ecce, 
    0x01cafe2f, 0x3e839963, 0xe7940646, 0x4293e034, 0xfc3b070c, 0x8a03185e, 0xd205befd, 0x6c5e8509, 0x3a02d3fb, 0x0ac1fd06, 0x82577b95, 0x42000024, 
    0x230805ab, 0xd2053b05, 0x21001600, 0x3f404200, 0x01040108, 0x090c0f12, 0x02040204, 0x0601004c, 0x04010604, 0x02030580, 0x86200e82, 0x07252f82, 
    0x67070006, 0x34138200, 0x06005706, 0x005f0406, 0x4f040604, 0x12112126, 0x20181212, 0x22ce8208, 0x85322113, 0x37172dcf, 0x23130333, 0x13230727, 
    0x23112127, 0xc6841682, 0x3d08cf82, 0xb2f801b4, 0x8e9967de, 0xedcd8867, 0x8483d7f0, 0xfeb7eed2, 0x01bebeb0, 0x3e917f27, 0xfe818832, 0x7dd205c6, 
    0xd5a07dd0, 0xfeba8c32, 0xb5b8feb9, 0xfc4401b5, 0xed02c0fd, 0x46518049, 0x83825886, 0x18000226, 0xfa040000, 0x2a062f46, 0x0d344037, 0x01010001, 
    0x8201064c, 0x030027ba, 0x00670001, 0x48600707, 0x6b082006, 0x034608f5, 0x17312c07, 0x09111121, 0x332b1b0b, 0x18352311, 0x4308fb42, 0xc6271067, 
    0xfe01aeae, 0x436de1ae, 0x02241269, 0xea02a246, 0x08136c43, 0x7400012a, 0xae04e6ff, 0x3000e605, 0x38403b00, 0x01050400, 0x80010405, 0x05020100, 
    0x007e0201, 0x61030505, 0x5c030300, 0x0202004d, 0x32051d4a, 0x014e0060, 0x1d1f2100, 0x0917191c, 0x00030407, 0x45300130, 0x272506c3, 0x33021e33, 
    0x05314132, 0x26272729, 0x36343526, 0x7e323336, 0x232405af, 0x14150622, 0x5d080a82, 0x15031e17, 0x02060614, 0xe2fef291, 0x6208c30d, 0xa1655799, 
    0x5086515e, 0x88c8b4b4, 0xe29390e8, 0x0dba0483, 0xb09185b6, 0x95368561, 0x5584913c, 0xe51af27f, 0x356d54bb, 0x484f7842, 0x33163a5a, 0x7e94be33, 
    0xb36868bd, 0x89776d71, 0x355f4e69, 0x3810290f, 0x7a688f5d, 0x000072c4, 0xcb85ffff, 0x028a0725, 0x448d0126, 0x99200637, 0x8410bf53, 0x232389ef, 
    0xe900920a, 0xfe252391, 0x05ae045e, 0x234785e6, 0x9a0a0700, 0x8f065b44, 0x9493203b, 0x8b13203b, 0xe906213b, 0x85062f7a, 0x8577203b, 0x07012453, 
    0x9201910a, 0x5bfe219b, 0x23843b89, 0x7f569e20, 0x20e3880d, 0x254785ec, 0x270b0700, 0xfb896a01, 0x85a00821, 0x07012517, 0xf200200b, 0x20107354, 
    0x205f8374, 0x21838607, 0x83822700, 0x8b885f82, 0x84158b5a, 0xe60528b7, 0x8d010602, 0x42000000, 0x02300f2f, 0x02010501, 0x05008005, 0x04050104, 
    0x0101007e, 0x4c072f42, 0x602e074d, 0x00014e00, 0x282a2d2e, 0x1415181a, 0x2f421012, 0x26263409, 0x023e3435, 0x023e3737, 0x23263435, 0x23070622, 
    0x4333023e, 0x61080687, 0x15020e07, 0x33161614, 0x37363632, 0x02040633, 0x7ff2ac91, 0x3c918455, 0x61843795, 0xb68591b0, 0x8205ba0d, 0xe89093e2, 
    0xb4b4c888, 0x5e51874f, 0x985865a1, 0x0dc30763, 0x721ae2fe, 0x8f687ac4, 0x2910385d, 0x4e5f350f, 0x6d778969, 0x6868b371, 0xbe947ebd, 0x3a163333, 
    0x784f485a, 0x546d3542, 0xca82e5bb, 0x32067759, 0x00d20538, 0x403b001f, 0x05010638, 0x01011a00, 0x824c0205, 0x03042319, 0xf5460401, 0x0300260a, 
    0x075f0203, 0x08855e06, 0x1f001f35, 0x26212422, 0x0b082312, 0x11332b1c, 0x21333634, 0x821e0115, 0x060624b4, 0x82352323, 0x08d383b7, 0x01352338, 
    0x11152221, 0x02c3d7b4, 0x8ca3fe65, 0xdf7f7cda, 0x8feded8f, 0xb88fa5a5, 0x62fe5901, 0xc34204dc, 0x21fea0cd, 0x80b86402, 0xa670c580, 0x9381828d, 
    0xd4cf0192, 0x9c82aafb, 0x62000126, 0xc8040000, 0x07279b82, 0x1e402100, 0x7e020304, 0x02200951, 0x3f060a5f, 0x11070007, 0x0b051111, 0x35132b19, 
    0x11211521, 0x04621123, 0xbe2dfe66, 0xa8a82a05, 0x2a05d6fa, 0xff254682, 0xfe6200ff, 0x2347835e, 0x9b012602, 0x07271082, 0x8d019a0a, 0x82ff0000, 
    0x215f8317, 0x17858a07, 0x0a070125, 0x43ef0093, 0x62221007, 0x3b8b13fe, 0x01e90623, 0x203b8a79, 0x223b8877, 0x929f0191, 0x895b203b, 0x225f823b, 
    0x42a20191, 0x622010cb, 0x07174718, 0x01259b83, 0x00ed0607, 0x202392ae, 0x22478c48, 0x8df60092, 0x01002323, 0xcb824000, 0xd205cd26, 0x4e000d00, 
    0x2a05894b, 0x04010519, 0x04010201, 0x41010372, 0x1b220e37, 0x1b861a40, 0x90800221, 0x40592d1c, 0x0000000d, 0x210d000d, 0x06221111, 0x2207754b, 
    0x4b112115, 0x4039056e, 0x59033401, 0xc7be2dfe, 0x4a5a0483, 0xfaa72e01, 0x892b05d5, 0x01010048, 0x207f82c8, 0x2a7f82c5, 0x40260007, 0x01020023, 
    0x82008602, 0x57002115, 0x01284c82, 0x0203045f, 0x4f010001, 0xb0410b82, 0x19062306, 0xb041012b, 0xc8012306, 0x5082fd02, 0xa72b0522, 0x35824c84, 
    0xfe620023, 0x2bef8355, 0x31001200, 0x01112e40, 0x4c010400, 0x2f0a6566, 0x00040400, 0x00010561, 0x4e006100, 0x0c0f0001, 0x2c06e76e, 0x06120112, 
    0x012b160b, 0x11352622, 0x4a5b8421, 0x033f0757, 0xfe948e59, 0xfe66042b, 0x0b53492d, 0xfe240f20, 0x057c8455, 0xfaa8a8d5, 0x022d342b, 0x82099a02, 
    0x00023796, 0x042fff62, 0x00a306c8, 0x00130010, 0x11094067, 0x04010c0f, 0x48180005, 0x1f200759, 0x012bd182, 0x01087002, 0x86060506, 0x82020407, 
    0x06de7ca5, 0x05050029, 0x1b4e0557, 0x82001e40, 0x988520f3, 0x40592620, 0x13000011, 0x225e8212, 0x82111210, 0x09122600, 0x172b1c0b, 0x08a98301, 
    0x07333735, 0x03211533, 0x03112311, 0xd0233701, 0x2bfe6701, 0x8c531503, 0xf7fec553, 0x01dbbeca, 0xd13e3e99, 0x78028303, 0xa8d1d1a8, 0xd1fc05fe, 
    0xdcfd5301, 0x429c5f05, 0x052608bf, 0x010602d2, 0x9182009b, 0xffb4002e, 0x054005e8, 0x001500d2, 0x03214024, 0x2005885b, 0x06dc5802, 0x4e00602e, 
    0x10110001, 0x05060a0c, 0x15011500, 0x25050863, 0x11352624, 0x66441133, 0x080a8406, 0x02040627, 0xf9feb0fb, 0xb05fbe90, 0x5eaf7a7a, 0xfbfe90be, 
    0x99f08a18, 0x38fcd703, 0x6060a76b, 0xc8036ba7, 0xf09929fc, 0x366f888a, 0x00a206f6, 0x4036001d, 0x01011333, 0x004c0104, 0x02050004, 0x8a690504, 
    0x0106237d, 0x7d840000, 0x15171823, 0x22818614, 0x471d011d, 0x818e0632, 0x35353229, 0x23141533, 0x8e141123, 0x12b82489, 0x920caaaa, 0xbe12258d, 
    0xb9fcaab6, 0xff219182, 0x2bff85ff, 0x26028a07, 0x0000a801, 0xeb060701, 0x23136f5d, 0x4005e8ff, 0xea22238a, 0xb7430402, 0x8db42010, 0x920a2323, 
    0x23965401, 0x6b877620, 0x00900a23, 0x106b469e, 0x69204785, 0xee228f88, 0x4796f600, 0x23884720, 0x7801ed21, 0x8f8f11e3, 0x76019422, 0xfa204796, 
    0x00274785, 0x01f90a07, 0x410000ca, 0xd9221213, 0xa7911301, 0x054cfe25, 0x87d20540, 0x630b233b, 0x3b930d02, 0x41930a21, 0x08201707, 0x0a23e388, 
    0x85a300ee, 0x0ad3565f, 0x0821bf84, 0x082b41d7, 0x23a2eb20, 0x23a2f220, 0x2397ef20, 0x200adf41, 0x134375ec, 0x05e8ff25, 0x88a30740, 0x01ff228f, 
    0x114f4157, 0x415bfe21, 0x01240913, 0x00900a07, 0x20068748, 0x1f551802, 0xfeb42209, 0x23238b67, 0xfb00ee06, 0x250d9745, 0xb400ffff, 0x478c48fe, 
    0x5b019222, 0x8f832391, 0x220a1f41, 0x41fb00f1, 0x238411a3, 0xb3889f20, 0xc741f020, 0x0b674107, 0x9122b38e, 0x6b950702, 0x23091f41, 0xf001960a, 
    0x6b82fb91, 0x2384f620, 0x0000a925, 0x43060701, 0x238b1723, 0x8a176b43, 0x206b9a23, 0x85d78269, 0x1423436b, 0xf622d782, 0x2387a206, 0xd7900a20, 
    0xff020023, 0x20b382fa, 0x060f4df4, 0x40352b08, 0x05070a32, 0x02080303, 0x03090002, 0x01066700, 0x4d560404, 0x01090900, 0x01010061, 0x004e0160, 
    0x181c1e00, 0x00160017, 0x00821116, 0x11241433, 0x2b1d0b0b, 0x15231501, 0x23040614, 0x35262422, 0x0cf07635, 0x33072045, 0x90b4f405, 0xb0b0fbfe, 
    0xba90f9fe, 0x1003beba, 0xf0fcbebe, 0x2f052745, 0xed786003, 0x8a8af099, 0x78ed99f0, 0x8efd7202, 0x78210383, 0x053145de, 0x00820020, 0x0e3f5118, 
    0x62010621, 0xb96509de, 0x000c2c09, 0x0411180c, 0x212b180b, 0x64013301, 0x21080625, 0x58020133, 0x01c8dcfd, 0x2f47193b, 0x0118472f, 0xe2fdca33, 
    0x8cfcd205, 0xa4a0df45, 0x740345db, 0x59182efa, 0x01220bfb, 0xc76200c8, 0x41bd2005, 0x342810d3, 0x51055bfe, 0x2602d205, 0x57182385, 0x7b6508ef, 
    0x36388207, 0x00003400, 0xd205ae07, 0x27001d00, 0x0e192440, 0x00030306, 0x82024c01, 0x560024ab, 0x7904054d, 0x1d240888, 0x17111d00, 0x8205cf64, 
    0x851320a9, 0x331329a9, 0x36171613, 0x33133736, 0x0805ce64, 0x07060648, 0xfeca0103, 0x18ecc26a, 0x2c14142c, 0xefd8f11a, 0x2d132932, 0xfec4eb18, 
    0x00ffdd68, 0x11112513, 0x05ff1622, 0x606efcd2, 0xc66969c6, 0xfc920360, 0x67cebb6e, 0x92035fc3, 0xb0032efa, 0x5b62a247, 0x50fc519f, 0xdf850000, 
    0x53550720, 0x82cb2005, 0x0a0724a6, 0x914a0292, 0x21bb83df, 0xdf828a07, 0x06232384, 0xa05302eb, 0x02ea2223, 0x202396fa, 0x21478776, 0xcf50900a, 
    0x56012006, 0x8f8807fb, 0x23887720, 0x47939120, 0x075bfe25, 0x8ad205ae, 0x43fd2023, 0x00330d8b, 0x00390001, 0x053c0500, 0x001900d2, 0x15234026, 
    0x6901080f, 0x193515ef, 0x1a121900, 0x190b0512, 0x0101332b, 0x021e1333, 0x37023e17, 0x200b8213, 0x63531823, 0x39410807, 0x0bfe1602, 0x3a2cd7dc, 
    0x301a1b2f, 0xd7db2c3b, 0x11020bfe, 0x38fbfedb, 0x46242544, 0x02f9fe39, 0xfed702fb, 0x535a40c4, 0x5a533434, 0xfd3c0140, 0x01fefc30, 0x496b527a, 
    0xfe526d47, 0xff000086, 0x208b85ff, 0x28d38307, 0x010000d2, 0x01910a07, 0x101b41c3, 0x0721af84, 0x85d38276, 0x00902223, 0x10a7445d, 0xc0fe3924, 
    0xd3828705, 0x82012621, 0x07002523, 0x5504460b, 0xfe235f85, 0x8a9a0554, 0x03482217, 0x237789be, 0x0602d205, 0x27432f84, 0x823a2005, 0x000e2727, 
    0x0d204023, 0x53670107, 0x0929430a, 0x0e000e2a, 0x0b041218, 0x11212b18, 0x080b2a43, 0x5802113a, 0x01dcdcfd, 0x1e3e2627, 0x01243e1e, 0xdcfddb26, 
    0x70036202, 0x6f3e1ffe, 0x3b704846, 0x90fce101, 0x01009efd, 0x00003800, 0xf9058c05, 0x1d000f00, 0x0c0f1a40, 0x05020708, 0x2808c669, 0x57010100, 
    0x101c4e01, 0x215d8202, 0x5d823313, 0xbd693620, 0x11260806, 0xd8381123, 0x01109c01, 0x6fd64942, 0x275e3632, 0x05be74fe, 0x024cfdd2, 0x33447a1d, 
    0x401a1799, 0x9dfd79fd, 0xaf426302, 0x3a052f06, 0x26028a07, 0x0000d801, 0xea060701, 0x4b41c001, 0x82342010, 0x21238a83, 0x0b5e920a, 0x5f012006, 
    0x23850a2b, 0x47877620, 0x00900a23, 0x106f415a, 0x47202385, 0xed226b88, 0x6b96ce00, 0x47887720, 0x8fa19120, 0x6beb0621, 0x342612f7, 0x3a055bfe, 
    0x478ad205, 0xd342c320, 0x051b430d, 0x0a23fb8b, 0x96ac0196, 0x8869208f, 0x00ee22b3, 0x3a238db2, 0x06000200, 0x52050000, 0x1100d205, 0x36001a00, 
    0x06173340, 0x00010303, 0x45094c01, 0x012307d7, 0x45680003, 0x012006d7, 0x21058c55, 0x2c821213, 0x00831120, 0x1112123b, 0x2b1d0b0a, 0x01211501, 
    0x01112311, 0x03333521, 0x13211333, 0x21050333, 0x05ad4417, 0xfe520538, 0xbee5fedf, 0xc9fee5fe, 0xbcdcbfed, 0xdbbbd801, 0xfee0febf, 0x3a4222ba, 
    0xa0042f05, 0xfd3afe78, 0x0162029e, 0x320178c6, 0x0383cefe, 0x42377821, 0xe3870545, 0x02d20525, 0x58d80106, 0xd3200833, 0x2727ab82, 0x9901d801, 
    0x18010000, 0x4113b347, 0x622723cb, 0x1c070000, 0x8300dc05, 0x58e22047, 0x87700a7b, 0x7008210e, 0x03212385, 0x19637036, 0x86640821, 0x702a2023, 
    0x0723193f, 0x831307b7, 0x7d02216b, 0x1b702384, 0x0fa34211, 0x32019422, 0x410da741, 0x7f4208ef, 0xe6fe271c, 0xd0050000, 0x6b831606, 0x00960022, 
    0x0a23e482, 0x82befe8d, 0x06c34c07, 0x3b410620, 0x4cfe2120, 0x25097742, 0x9b0a0700, 0x3d825b01, 0x7a000138, 0x8e040000, 0x1500d205, 0x2c402f00, 
    0x0100010c, 0x02030101, 0x1b834c02, 0x50185f20, 0x032807db, 0x0301045f, 0x4e035703, 0x45081582, 0x45150015, 0x0b054511, 0x35332b19, 0x37363601, 
    0x21230606, 0x01152135, 0x36070606, 0x15213336, 0x229a0282, 0x964a264b, 0x04f5fd4a, 0x2570fd0c, 0x934a294f, 0x860e024a, 0x6632df03, 0xa8020332, 
    0x3631fc88, 0x0882356d, 0x7b84f782, 0x028a0726, 0x00f00126, 0x2005e343, 0x101b418d, 0x77202385, 0x0a222387, 0x23970191, 0x0a234788, 0x96dd0093, 
    0x20238947, 0x25239392, 0x8e045bfe, 0x6b8ad205, 0x9b438a20, 0xfe7a2210, 0x23238b8b, 0x9600ed06, 0x0025238d, 0xfe7a0001, 0x2f238355, 0x3d002200, 
    0x01153a40, 0x010a0302, 0x01010401, 0x01291982, 0x4c040005, 0x03020200, 0x0562715f, 0x01040426, 0x0101005f, 0x230c4669, 0x45114523, 0x200e4669, 
    0x136a4121, 0x0614112d, 0x03032223, 0x530b1f11, 0x41b2fc3f, 0x48691576, 0x1081410a, 0x7cadfe26, 0x00000084, 0x87078741, 0x070025f7, 0xbc00720b, 
    0x0622178c, 0x2882f001, 0x4c2bd783, 0xd2059f04, 0x42001a00, 0x820d3f40, 0x080e25d7, 0x17020102, 0x1823db82, 0x8c040001, 0x50d384d8, 0x152b0c64, 
    0x0a0b0c13, 0x00050709, 0x501a011a, 0x2e2c0564, 0x35232303, 0x21352101, 0x041e0115, 0x0805be5a, 0x18040633, 0x918a975c, 0x036f6eac, 0x04dafc1f, 
    0x6edafc0c, 0x6e7184a7, 0x1c412a40, 0x4cfe3c19, 0x58828258, 0xa8a50485, 0x1552fb87, 0x486e7661, 0x0ba7070b, 0x089a820f, 0x0002003c, 0x03e6ff5a, 
    0x006c04e0, 0x00360025, 0x2b094062, 0x04141521, 0x4c010104, 0x5013b04b, 0x00184058, 0x61020101, 0x5f020200, 0x0401064d, 0x03610004, 0x00000205, 
    0x1b4e0060, 0x1a891c40, 0x03030023, 0x201f8657, 0x05704f05, 0x15405934, 0x00012627, 0x36273626, 0x181a1f20, 0x25001012, 0x754f2501, 0x06785405, 
    0x35023e22, 0x35067854, 0x33023e27, 0x15021e32, 0x23352311, 0x3227020e, 0x35353636, 0x8354030e, 0x01600805, 0x66ad6ad7, 0x4e9a7f4c, 0x763d7e64, 
    0x1a887974, 0xb0922bad, 0x858f3856, 0x130cb157, 0x64408654, 0x4a0b488a, 0x411a595f, 0x1a834471, 0x606e9a50, 0x0a224578, 0x29220e0d, 0x69736806, 
    0x7366393b, 0x9d501b30, 0x981ffd83, 0x9f385327, 0x9b447d4e, 0x0b10150d, 0x4b270803, 0x00595740, 0xffff0000, 0x0625ff85, 0x01260216, 0x241082fb, 
    0x01ea0607, 0x23179337, 0xa900940a, 0x07211789, 0x232f8763, 0xae00280b, 0xfe231785, 0x88e0035b, 0x85272047, 0x0701252f, 0x3901910a, 0x106b5a18, 
    0xe6ff5a24, 0x438ae003, 0x43872920, 0x5420178e, 0x3e20178c, 0x2a207388, 0x7388178b, 0x930a0724, 0xbb948700, 0x17899220, 0x8a110421, 0x002b2277, 
    0x84bb948e, 0x20bba62f, 0x8e43872c, 0x8c2d20bb, 0x883f2017, 0x8b2e20bb, 0x23bb8817, 0xceec0606, 0x200b8f41, 0x232f8602, 0xd1900a06, 0xf520178b, 
    0xee211788, 0x20178bd6, 0x22178603, 0x41910a07, 0xfe2507bf, 0x04e0035b, 0x8a17856c, 0x0b8366cb, 0xb3835a20, 0x53870620, 0xed0a0724, 0x3f413a01, 
    0xeb062313, 0x17939000, 0x01960a23, 0x20178a23, 0x2283882f, 0x898a00ff, 0xd3052117, 0x06231786, 0x8645ed06, 0x56fe23b3, 0x9b872304, 0x0b070025, 
    0x89250264, 0x9c06212f, 0xb0224788, 0x17949b01, 0xfd009522, 0x07211789, 0x085b418c, 0x17872220, 0x47885f83, 0x840a2721, 0x21678b2f, 0x1b41f0fd, 
    0x07002509, 0x0c013a0a, 0x05204f89, 0x22086341, 0x4429ee06, 0x9e260523, 0x2404f2ff, 0x23447804, 0x0401210c, 0x44082344, 0x5f210a19, 0x0715444d, 
    0x4e025d29, 0x001c401b, 0x44590303, 0x1e8c0a19, 0x2c182344, 0x16163201, 0x020e1415, 0x15020e07, 0x05485515, 0x020e1735, 0x022e2223, 0x15331135, 
    0x17023e33, 0x15060622, 0x58033e15, 0x022105bc, 0x062344a7, 0x447f6321, 0xaf210823, 0x07234457, 0x633f8723, 0x0523448b, 0x44704225, 0x44780482, 
    0x0c3a0724, 0x062a210f, 0x3a6a7368, 0x30746539, 0x839d501b, 0x2898e102, 0x4e9f3852, 0x2444457c, 0x26092505, 0x59573f4c, 0x25091741, 0x06026c04, 
    0x0742fb01, 0x0c1b4414, 0xbb420620, 0x003f080e, 0xff5a0003, 0x04f306e6, 0x0034006c, 0x00490041, 0x1a514054, 0x01031112, 0x2a2b3102, 0x02050603, 
    0x01010a4c, 0x06050108, 0x0b670501, 0x03020201, 0x03010461, 0x094d5f03, 0x00060601, 0x450c0761, 0x2108056f, 0x45470001, 0x3c3e4243, 0x2d2f3537, 
    0x23242628, 0x15171c1e, 0x080a0d0f, 0x34013400, 0x2b160b0d, 0x57452205, 0x33332105, 0x3f0b5545, 0x36171616, 0x1e323336, 0x21151502, 0x32331616, 
    0x06173736, 0x26222306, 0x13020e27, 0x06062223, 0x25055d41, 0x21373536, 0x0f832626, 0x6ad8012d, 0x8c5666ae, 0x74f452a8, 0x45897874, 0x3808056c, 
    0x287b8739, 0x597cb73c, 0xfc538cac, 0x93bb07d7, 0xaf208f64, 0x92aeed27, 0x801a37d9, 0x4ff2f4ad, 0x64835387, 0xa1478964, 0xa2016f02, 0x508e6088, 
    0x6e9a501a, 0x214b8060, 0x08814569, 0x4f4f2308, 0x833b6257, 0xaf4b9bd6, 0x2d5557bb, 0x6274a07f, 0x023a623c, 0x4054290c, 0x7d4e5957, 0xb68cf644, 
    0x5741935a, 0xf3062f07, 0x2602d305, 0x00001f02, 0xed060700, 0x1789ba01, 0x88160621, 0x02ea2217, 0x231789ac, 0x06026c04, 0x28082f84, 0xff680002, 
    0x044804e8, 0x0016006c, 0xb68d0024, 0x04020c12, 0x4b4c0105, 0x585015b0, 0x05001940, 0x02610105, 0x5f010101, 0x056b674d, 0x41060321, 0x1b230559, 
    0x8224b04b, 0x8a1d2020, 0x03002320, 0x25865703, 0x27064056, 0x0021401b, 0x4d590202, 0x00202484, 0x23914483, 0x40595938, 0x01171817, 0x171c1e00, 
    0x11241824, 0x090e0f10, 0x01160007, 0x9e410816, 0x35022305, 0x905d1234, 0x35332205, 0x08eb4633, 0x0805ad41, 0x14150641, 0x40021616, 0x7a79d58a, 
    0x806c8bd7, 0xb30f1244, 0x471210b2, 0xa2984d82, 0x8e6a9b9f, 0x188e4847, 0xb204018e, 0x8c0301b1, 0xb31e5c47, 0x1fada2fb, 0xeaa1485e, 0x6de4b9bb, 
    0xbf7575bb, 0x85ffff71, 0x16062bfb, 0x23022602, 0x07000000, 0x5b7dea06, 0xff682406, 0x894804e8, 0x940a2517, 0x0000e200, 0x07212f87, 0x232f8763, 
    0xe700280b, 0xfe211785, 0x202f8a5b, 0x252f8527, 0x910a0701, 0xc7467201, 0x8a5b8410, 0x87292043, 0x8a738343, 0x8c542017, 0x883e2017, 0x8b2a2073, 
    0x22a38a17, 0x89c00093, 0x20178aa3, 0x20178a92, 0x225f8a4a, 0x94c7002b, 0xa62f84bb, 0x872c20bb, 0x20bb8e43, 0x20178c2d, 0x20bb883f, 0x88178b2e, 
    0x060624a3, 0x8a0007ec, 0x860220bb, 0x0a06232f, 0x178b0a90, 0x1788f520, 0x8b0fee21, 0x86032017, 0x0a072217, 0x07bf4191, 0x045bfe25, 0x856c0448, 
    0x46cb8a17, 0x68200bc7, 0x0620b383, 0x07245387, 0x7301ed0a, 0x23133f41, 0xc900eb06, 0x0a231793, 0x8a5c0196, 0x882f2017, 0x00ff2283, 0x211789c3, 
    0x1786d305, 0xed060623, 0x23b3867e, 0x8b0456fe, 0x00249b87, 0x02640b07, 0x8505db5c, 0x889c208f, 0x01b02247, 0x204789d4, 0x22178906, 0x89360195, 
    0x8c072117, 0x20085b41, 0x21178722, 0xfb89f0fd, 0x0a070025, 0x8945013a, 0x4105202f, 0x06220843, 0x8f8262ee, 0x00020034, 0x04e8ff9e, 0x00d2057e, 
    0x00240016, 0x010ab57c, 0xfe430601, 0x00252807, 0x06050601, 0x4c800501, 0x0627053e, 0x00610406, 0x725f0404, 0x0221065c, 0x060a4407, 0x96294021, 
    0x02002327, 0x89725702, 0x0060310a, 0x1940594e, 0x00011718, 0x24171e20, 0x0e102418, 0x2306085c, 0x09160116, 0x3405ee43, 0x15232726, 0x11331123, 
    0x33023e33, 0x15121632, 0x27060214, 0x059d6132, 0x22234508, 0x16141506, 0x826aa502, 0xae141346, 0x44130eb4, 0xd58c6d80, 0xa7d57879, 0x46478d69, 
    0xa09a6a8d, 0x5d4918a2, 0xd205ad1f, 0x5b1ed9fd, 0xfdfe8c48, 0xfcfeb2b1, 0xbf71a18e, 0x6ebb7475, 0xeabbb9e4, 0x0a00ffff, 0x0239eb85, 0x00420226, 
    0x0b070100, 0x027eff6b, 0xb109002f, 0x02b80102, 0x2b35b02f, 0x0a0f4100, 0x26001829, 0x0cb58800, 0x41070101, 0x2a20070f, 0x06273282, 0x80060107, 
    0x4d040400, 0x07260753, 0x00610507, 0x79460505, 0x08022107, 0x20071441, 0x232c9b2e, 0x57020200, 0x2006ab46, 0x07fb4b08, 0x191a1b2c, 0x20220001, 
    0x261a2619, 0x4c181012, 0x1823080c, 0x410a1801, 0x21220b1b, 0x1d412115, 0x45032321, 0x20416ffd, 0xfe99221a, 0x15214172, 0xff870020, 0xe0057637, 
    0x2e002000, 0x0e409100, 0x0304010d, 0x0405010e, 0x07010114, 0x06174603, 0x630c0841, 0x0841066b, 0x412c8f25, 0x22371408, 0x2a000121, 0x222e2128, 
    0x12181a2e, 0x070a0c10, 0x00040506, 0x41200120, 0x64180c08, 0x2e420b1e, 0x9c480819, 0x1346826b, 0x8e9aa414, 0x1f0f2444, 0x1304a20c, 0x8d6d8044, 
    0xd67879d6, 0x49906ba2, 0x9d6d8f48, 0x4918a5a3, 0x04ac1e5d, 0x09837ce1, 0x65020295, 0x5b1dcbfe, 0xfdfe8d48, 0xfbfeb1b0, 0xc2739a8e, 0x70be7677, 
    0xeebebce8, 0x2605bb43, 0x04e8ff9e, 0x42bd067e, 0x0a3b073f, 0x00a90191, 0xb10800ba, 0xbab00102, 0x002b35b0, 0x00ffff00, 0x045bfe9e, 0x8ad2057e, 
    0x669f2023, 0x23840de3, 0x238b8b20, 0x00ed0623, 0x21238dab, 0x47820200, 0x97435e20, 0x40422908, 0x02040a3f, 0x4c010504, 0x20059575, 0x05e26405, 
    0x6f475f20, 0x004d260b, 0x015b0101, 0x0f5f434e, 0x230a4c47, 0x11232726, 0x21225d43, 0x5d43b40e, 0xb1fd2318, 0x5e437407, 0x00003717, 0xff680001, 
    0x042e04e8, 0x001d006c, 0x1b2e4031, 0x040b0c1a, 0xb3840203, 0x47610121, 0x002207ff, 0x5e5e0461, 0x10162908, 0x0007090e, 0x051d011d, 0x210ded47, 
    0x59490717, 0x064f6305, 0x17373808, 0x65020606, 0x8080e598, 0xf5a298e5, 0x9119ad2e, 0x4690706e, 0x71709046, 0x2dac1993, 0x019018f8, 0x01afac04, 
    0x92a39005, 0x756f5631, 0xbd6e70be, 0x315b7374, 0x8200a995, 0x02250800, 0x5efe6800, 0xd2052e04, 0x2a002000, 0x44404700, 0x05020a0d, 0x191a2200, 
    0x10111314, 0x01050207, 0x03020301, 0x057b524c, 0x00050523, 0x36328261, 0x02004d5f, 0x00610302, 0x4d600303, 0x04040106, 0x004e045b, 0x82232500, 
    0x25202b40, 0x07271229, 0x132b1a0b, 0x99482613, 0x13172506, 0x16160333, 0x2721b082, 0x092a4a01, 0x13032724, 0x2a4a2601, 0xadb52306, 0xb7828575, 
    0x8d434a2e, 0x63449f8a, 0x3a16ad19, 0x2b27e6fe, 0xa428b985, 0x609a4349, 0x2c281a01, 0x3f28ce82, 0xce015efe, 0xaf070146, 0x122dc983, 0x57fe7801, 
    0x31507b27, 0x0dfd334d, 0x27cc840a, 0x0264fe12, 0x0af10272, 0x6821df82, 0x076b41b7, 0x20057829, 0x45002c00, 0x82114240, 0x010a2ac7, 0x292a0104, 
    0x05041a1b, 0x26d18204, 0x01030002, 0x6c690302, 0xd48207d1, 0x0620de83, 0x2d077b41, 0x1d1f2527, 0x0c0e1215, 0x2c000709, 0x64502c01, 0x27d38706, 
    0x32333626, 0x26151716, 0x1722c383, 0x8e411617, 0x5c6d301a, 0x227c7e0e, 0x2d150d2f, 0x18263511, 0x4105063d, 0x252c189c, 0x03056871, 0x42030394, 
    0x0f0faf44, 0x2110a741, 0xa741ffff, 0x6c042d05, 0x4a022602, 0x07000000, 0x5b019a0a, 0x2208b746, 0x8716062e, 0xea062317, 0x17936e01, 0x00920a22, 
    0x26059f58, 0x04e8ff68, 0x8803062e, 0x96912047, 0x8793202f, 0x5efe212f, 0x5f872f82, 0x77852720, 0x8d070021, 0x20978267, 0x4a978306, 0x2e200603, 
    0x00200f87, 0x47063f4b, 0x0c22083f, 0x3f470401, 0x0604260a, 0x05040605, 0x0c4a7980, 0x20073f47, 0x0a3f4703, 0x00222795, 0x3f470303, 0x052c4b15, 
    0x4b121321, 0x3f47092e, 0x0a2e4b06, 0x2e4b1120, 0x8b413a15, 0xd67978d6, 0x45806d8b, 0xaeb40e12, 0x81471214, 0x9fa29850, 0x468d6a9b, 0x092e4b47, 
    0x1e5b4832, 0x2efa2702, 0x495d1fad, 0xb9bbeaa1, 0x74bb6ee4, 0x2e092f4b, 0x02d205dc, 0x00550226, 0x0b070100, 0x47ca016b, 0x6839103f, 0x160555fe, 
    0x2300d205, 0x4d003100, 0x04154a40, 0x22060502, 0x02040001, 0x0746484c, 0x1b530220, 0x08280805, 0x01050501, 0x01010061, 0x04004d60, 0x07610004, 
    0x61000001, 0x24254e00, 0x292b0001, 0x31253124, 0x17181d20, 0x080a1012, 0x2907577a, 0x35262201, 0x020e2311, 0x7d432223, 0x16162307, 0xe8833317, 
    0x2505924d, 0x01061537, 0x1c4c3632, 0xae04240a, 0x8208928e, 0x8b6b20e2, 0x480828f4, 0x0f1f0c54, 0x886afd24, 0x55fe25f7, 0x58017c84, 0x2e4cec82, 
    0x20ff8607, 0x058d6eab, 0x41340221, 0xef410903, 0x24052105, 0x2c061f47, 0x130f4080, 0x14020301, 0x1c030101, 0x47e7820c, 0x22200720, 0xe584ea82, 
    0x004d5c24, 0xe4840606, 0x2007f641, 0x08f64104, 0x24932620, 0x04040022, 0x3511f341, 0x00012122, 0x2e212628, 0x1a1b2e22, 0x10121618, 0x20000709, 
    0xf3412001, 0x0b144712, 0x4d071854, 0x0e20162c, 0x4d071347, 0x01211a33, 0x06154736, 0x4d1ffb21, 0xf7420e3b, 0x0727490a, 0x27490520, 0x0705260a, 
    0x06050706, 0x0a7b5680, 0x41070721, 0xa14f0605, 0x49042005, 0x2c9a0a27, 0x04040022, 0x27152749, 0x26191e20, 0x1415261a, 0x49080343, 0x03430927, 
    0x3521220b, 0x14344e21, 0x230b0543, 0x45036ffd, 0x221a0843, 0x43998e01, 0x00291009, 0x00030000, 0x055efe68, 0x06e742f3, 0xb5003e22, 0x3805314f, 
    0x02071816, 0x011c0604, 0x06320401, 0x07040305, 0x00010401, 0x1b4c0407, 0x20188340, 0x20189105, 0x20368559, 0x0e1a4327, 0x02050926, 0x61010404, 
    0x2d051b43, 0x62000707, 0x00000108, 0x1b4e005b, 0xed6c2e40, 0x03032708, 0x06004d56, 0x4c430206, 0x43092005, 0x308a0a4c, 0x1b405928, 0x00012425, 
    0x51433537, 0x1d1f2c05, 0x13151a1b, 0x23000b0d, 0x670a2301, 0x2724057b, 0x35372707, 0x25135443, 0x16323336, 0x51431415, 0x4305200e, 0x352e0569, 
    0x26272634, 0x77c80406, 0x70911f8c, 0x624306e7, 0x4547260f, 0xfda2a37c, 0x0860430b, 0x524c0231, 0x303f3336, 0xfe4d2c2f, 0x904b675e, 0x43cee877, 
    0x8527106c, 0x76789219, 0x432b0292, 0xe22a096a, 0x404b481f, 0x073f2a31, 0xef451a07, 0x84052f07, 0x26001806, 0x00005502, 0x2f0b0700, 0x07460a04, 
    0x06482208, 0x079344bd, 0x01910a23, 0x1093494f, 0x5bfe6824, 0xb7444804, 0x20238209, 0x0d6f495f, 0x00ffff25, 0x8b8bfe68, 0xed062323, 0x23926b00, 
    0x23891320, 0x06070023, 0x07734de9, 0x8c48fe21, 0x0092225f, 0x253b91b3, 0xd308e8ff, 0xbf87d205, 0x04fe0323, 0x22c782e6, 0x82680002, 0x82372017, 
    0x00223d17, 0x4b9a0130, 0x585011b0, 0x011e0e40, 0x01180400, 0x01010002, 0x4c030701, 0x1ab04b1b, 0x0920158e, 0x24201584, 0x0a201585, 0x15832b87, 
    0x0a213c83, 0x823c8606, 0x59592210, 0x08548559, 0x02002929, 0x02000700, 0x05008007, 0x0a4d5605, 0x04000001, 0x04010661, 0x0c4d5f04, 0x07070209, 
    0x080b5f01, 0x01010303, 0x824e0157, 0x8215206f, 0x98352059, 0x8a002030, 0x0c4d242e, 0x8d090901, 0x20ac833c, 0x203c9f31, 0x846a8202, 0x0569493b, 
    0x75830320, 0x3b20cf83, 0x0022388c, 0xa5870a0a, 0xb0890020, 0x42917f86, 0x91394021, 0x8300203d, 0x263c82e2, 0x06005f06, 0x974d5906, 0x8259203b, 
    0x19403e00, 0x00002324, 0x3023282a, 0x22003024, 0x11222200, 0x11232615, 0x0b0d2211, 0x35212b1e, 0x074c4401, 0x26107f46, 0x15011521, 0x46251521, 
    0xcd260d7b, 0x01fd7a02, 0x1b4314ae, 0xdb03270f, 0x7c0298fd, 0x1c4325fa, 0x03822608, 0x42fc0c30, 0x0f1143ad, 0x8a8cfe27, 0xa00cd8fc, 0x0f7f4789, 
    0x06d30823, 0x06434216, 0x43422720, 0x0a072406, 0x826a0593, 0x022508e1, 0x4efe6800, 0xd2058a07, 0x45003700, 0xb04b9201, 0x4058501c, 0x0201290c, 
    0x0c232a06, 0x02020103, 0xb04b1b4c, 0x20138525, 0x8313890c, 0x080c2122, 0x59202287, 0x3e069244, 0x02010040, 0x04010204, 0x0b040080, 0x7e0b0402, 
    0x030a010d, 0x000a0300, 0x07070080, 0x820c4d56, 0x6106334d, 0x06060108, 0x010e4d5f, 0x61030b0b, 0x03030105, 0x85824d57, 0x00610927, 0x09610909, 
    0x836b824e, 0x9144207f, 0x00052247, 0x20479305, 0x83408300, 0x6105254c, 0x60050500, 0xb7834b8e, 0x4b9c4e20, 0x0c0c0022, 0x00229287, 0x0a880202, 
    0x4021559a, 0x2050a14c, 0x82e28300, 0x5f08264f, 0x59080800, 0x34a49a4d, 0x40595959, 0x0038391c, 0x383d3f00, 0x00453945, 0x34370037, 0x06414232, 
    0x0f222531, 0x052b1f0b, 0x32331616, 0x26343536, 0x42232326, 0x1e201e4e, 0x2305976f, 0x27262622, 0x2d0e5742, 0x71aa1d58, 0xa84cbd8b, 0x7c01768a, 
    0x6042e8fd, 0xfe082e12, 0x7cd48664, 0x7a96e682, 0xfe168fd2, 0x086842c1, 0x5b57602d, 0x8b518a8c, 0xeb019256, 0x4241fc0c, 0x8d2f1170, 0x0cf3fd84, 
    0x7dc57606, 0x4f71c67f, 0x42e96b98, 0x67450979, 0x7cfe2205, 0x08fb4904, 0x49270021, 0x012905fb, 0x00070607, 0x0022ff9e, 0x08435112, 0x0103b128, 
    0xb022ffb8, 0x23482b35, 0x04463806, 0x0018006c, 0x403b0020, 0x02151638, 0x4c010203, 0x02000400, 0x18020403, 0x24082a65, 0x03004d5f, 0x0aa97303, 
    0x1a1c1e2d, 0x0f111319, 0x0007090e, 0x4c180118, 0x95570d9b, 0x5701200d, 0x29080682, 0xeba27402, 0x98e37c7f, 0x548dad59, 0xbb07d8fc, 0x1f8f6395, 
    0xfded27ae, 0x0d7002ff, 0x8b608a99, 0x01901850, 0x01acac02, 0x52579406, 0x7f302808, 0x8fa2029d, 0x55925ab3, 0x462d07d7, 0x26020206, 0x00006602, 
    0x900a0600, 0x820682fe, 0xfe6838a6, 0x0546045e, 0x001f00d2, 0x002c0027, 0x405e0030, 0x020a0d5b, 0x82210006, 0x181937f7, 0x02030313, 0x0402011e, 
    0x094c0403, 0x0807020b, 0x07030201, 0x4b4e6802, 0x06062105, 0x3d074b4e, 0x61040303, 0x60040400, 0x05010a4d, 0x4e055b05, 0x00002020, 0x292a2e2f, 
    0x27202720, 0x5a822224, 0x22251f2d, 0x0c271215, 0x132b1b0b, 0x56262613, 0x564e05f0, 0x15152305, 0x554e0321, 0x1301340b, 0x06222326, 0x13130706, 
    0x01161623, 0x86263307, 0x82746ac0, 0x43492bf6, 0x62aa8a97, 0x893afe82, 0xf985443a, 0x5564ac28, 0x7d2001a9, 0xfb822a26, 0x68053b08, 0x3604d76e, 
    0xd264c901, 0x015efe0f, 0xa4fb49e0, 0x940601ac, 0xfe780112, 0xc1ee3c56, 0x14aafe4b, 0x7f305557, 0x59fe1d9d, 0x39012c04, 0x56925a09, 0x110157fe, 
    0x7802895a, 0xef4ca8fd, 0x06462206, 0x061b4116, 0xeb060724, 0x0f42bd00, 0xe8ff2205, 0x22178b04, 0x936401ea, 0x920a2317, 0x1789b400, 0x86d30521, 
    0x06062347, 0xc35572ed, 0x23478a09, 0xd600940a, 0x06212f89, 0x222f8603, 0x87910a07, 0x4cfe255f, 0x6c044604, 0x0b231787, 0x942e0265, 0x8b932077, 
    0x23bf8877, 0xfbec0606, 0x2f20778b, 0xff225f88, 0x4785b700, 0x8b5efe21, 0x9a0a235f, 0x5f895301, 0x86630721, 0x0b06232f, 0x478a735e, 0x0a211789, 
    0x211787bd, 0x478948fe, 0x0a070125, 0x48bb0092, 0xfe211113, 0x23238b67, 0x5b00ee06, 0x8f822392, 0x2720bf88, 0x00218f85, 0x09274107, 0x8c5bfe21, 
    0x01912267, 0x41439167, 0x0a230dab, 0x89500196, 0xf50521d3, 0x21089341, 0xd39356ee, 0x2b0b0724, 0x0341bb00, 0x0b072212, 0x2017962c, 0x20178c2d, 
    0x08ab413f, 0x17872e20, 0xd38ab383, 0xb4009223, 0x05c36800, 0x0321bb85, 0x09b36d01, 0xbb836820, 0x026c0425, 0x41660206, 0x8f4213e7, 0x0ec3430e, 
    0x4111bf42, 0x00290537, 0xff640002, 0x044204f2, 0x0a9b4476, 0x01030223, 0x2418824c, 0x04020504, 0x08914467, 0xbe5a5f20, 0x015d2408, 0x4400014e, 
    0x0120119b, 0x2506a856, 0x022e2223, 0x90443535, 0x27072405, 0x5c013636, 0x363b053c, 0xeba23602, 0x99e27c7f, 0x548dad59, 0xbb072803, 0x208e6395, 
    0x02ed27ae, 0x4490fd01, 0x0428059b, 0xfefe9076, 0xf9feabac, 0x08079c44, 0x3056562c, 0x5efd9d7f, 0x925ab38f, 0xe8000100, 0xce020000, 0x10001806, 
    0x0a404500, 0x00010108, 0x01020109, 0xb04b4c02, 0x40585020, 0x10820011, 0x00006125, 0x694d5e00, 0x1b22066c, 0x0e820f40, 0x00020124, 0x11866901, 
    0x0b405922, 0x102f1182, 0x24251000, 0x2b180b04, 0x36341133, 0x51323336, 0x153d07d5, 0x925be811, 0x14544051, 0x262d0e32, 0xf3044c53, 0x15428261, 
    0x0c059a09, 0x35fb5155, 0x207f8200, 0x207f8214, 0x2c7f82d6, 0x40610018, 0x0501100a, 0x03011104, 0x377f8705, 0x0505001d, 0x04006104, 0x024d5e04, 
    0x03000001, 0x0206075f, 0x4d590303, 0x2a059469, 0x001b401b, 0x03050004, 0x92690504, 0x8459201d, 0x001825a9, 0x11242518, 0x08240082, 0x012b1c0b, 
    0x2105b674, 0x87793335, 0x06795206, 0x02151528, 0xb4fefea6, 0xa98cdcdc, 0xfc9a5e27, 0x9ac4033c, 0x20b08995, 0x20af836d, 0x20af829e, 0x2caf8284, 
    0x405b0014, 0x03010c0a, 0x04010d02, 0x20af8703, 0x07734f1b, 0x004d5e2a, 0x5f040000, 0x04040105, 0x1928ad89, 0x03000200, 0x69030204, 0x59221b90, 
    0x13820d40, 0x14001422, 0x0622ab83, 0xa9861a0b, 0x220d4941, 0x82540215, 0x41a390a5, 0xa1820b52, 0x1424a383, 0x8a030000, 0x1624a382, 0x0bb55c00, 
    0x0120a282, 0x2006ce41, 0x219e891d, 0x28820105, 0x01045f30, 0x4d590101, 0x06060107, 0x1b4e0657, 0x6c181b40, 0x1d92076d, 0x28054e41, 0x11160016, 
    0x11242313, 0x05e47711, 0x4a412320, 0x07172e07, 0x06222326, 0x15211515, 0xdaee1121, 0x2aa482da, 0x111b2a34, 0x014c531d, 0x4118fee8, 0x08280645, 
    0x515504a3, 0x3cfc9a6d, 0x0122ea82, 0xa3829e00, 0xa3823a20, 0x56001227, 0x010107b5, 0x20a38700, 0x0972421b, 0x5f2bad83, 0x59020200, 0x0401054d, 
    0x82045704, 0x831920a1, 0x0002233b, 0x1b906901, 0x22054241, 0x83120012, 0x0b06229f, 0x0788421a, 0x9e20998b, 0x0424978d, 0x428261f3, 0xff219588, 
    0x279383ff, 0xb5078402, 0x88022602, 0x2f052f44, 0xb2014f00, 0x01b10900, 0xb201b801, 0x002b35b0, 0xfe232383, 0x82ce0555, 0x262384b7, 0x08030700, 
    0x8400b101, 0x06174217, 0x86020623, 0x200f83b6, 0x820f823f, 0x204b8227, 0x22b38286, 0x82730b06, 0x23278810, 0x2600b507, 0x01232783, 0x92910a07, 
    0x82142063, 0x84d6203b, 0x86872087, 0x90a12087, 0xfe142487, 0x841d0655, 0x83238287, 0x00022187, 0x26080082, 0xfe680002, 0x044a0446, 0x0024006c, 
    0x407d0031, 0x020c1d0c, 0x03040605, 0x02020102, 0x24b04b4c, 0x22405850, 0x60060600, 0x082d07cf, 0x02050501, 0x02020061, 0x01004d57, 0x08235301, 
    0x26401b26, 0x59040400, 0x08c34118, 0x92055c52, 0x40592c28, 0x01252619, 0x252a2c00, 0x66312631, 0x09260554, 0x01240007, 0xfd4f0924, 0x1e372606, 
    0x36323302, 0x06015035, 0x2409ff7c, 0x11333533, 0x82878214, 0x2634211b, 0x0806ca56, 0xba630220, 0x189234de, 0x86627947, 0x451311ad, 0xd6866c81, 
    0x8bd77a7c, 0x1346816c, 0xdd82af11, 0x775f988d, 0xfea23305, 0x5e5c8846, 0x80374e20, 0x5820e08a, 0xaff47f43, 0x815fffad, 0x90852e05, 0x6c0256b7, 
    0xe1b2b7cf, 0xac70b66d, 0x080f41da, 0x0526053f, 0x002e00e0, 0x405d003b, 0x0501245a, 0x03012504, 0x020c1d05, 0x03040706, 0x04020102, 0x0764444c, 
    0x004d5c27, 0x61030707, 0x07e96100, 0x0838f08b, 0x61000001, 0x2f304e00, 0x34360001, 0x3b303b2f, 0x21232729, 0x1012181a, 0x2e22ef82, 0xed502e01, 
    0x20ef9807, 0x0b3b5311, 0x0c20f9aa, 0x41074753, 0x4e532100, 0x41022009, 0xff3f0f08, 0xfe6800ff, 0x04370546, 0x0226006c, 0x01000092, 0x02420b07, 
    0x004bff89, 0x0102b109, 0x424bffb8, 0x238206db, 0x064a0424, 0x23840216, 0x0a070027, 0x00b60092, 0x8c3b8500, 0x00942217, 0x20178ad8, 0x212f8803, 
    0x43470191, 0x46fe2106, 0x77202f82, 0x0b231787, 0x94680176, 0x95932047, 0xea06215f, 0x0521478b, 0x244786d3, 0x74ed0606, 0x2a008200, 0xff520001, 
    0x042504f1, 0x1820006d, 0x201b0f72, 0x09f6555f, 0x4e005d2e, 0x1b1c0001, 0x1517191a, 0x0c0d0f11, 0x6205df54, 0x23221002, 0x055e2626, 0x33420805, 
    0x21373632, 0x14152135, 0x51020606, 0x8380e798, 0xc57a91e4, 0x1db81281, 0xbc8b6d8e, 0x9e8392bb, 0x01f3fe03, 0x0fd379bc, 0xb002018b, 0x8a0201b3, 
    0x5f6da75e, 0xc6c7d470, 0x928199d5, 0x71cf8e81, 0xa3850000, 0xe204a235, 0x55002d00, 0x01105240, 0x0b110201, 0x02030502, 0x1804004c, 0x2509d96e, 
    0x69030205, 0x71180800, 0xb6820dd8, 0x00060623, 0xd8711861, 0x28292d08, 0x22242627, 0x191a1c1e, 0x0d0f1315, 0x2d22ba82, 0xa95c2d01, 0x078a5406, 
    0x18361721, 0x2108cb80, 0x72181706, 0x495307d7, 0x2fc78f05, 0x013a8d50, 0x24456a6d, 0x530d1e10, 0x08102434, 0x2a2bd399, 0x096f5626, 0x67020295, 
    0x8d2d2b8e, 0x00013ddc, 0x0400009e, 0x00d2051d, 0x40270013, 0x00010524, 0x004c0104, 0x4d560101, 0x02040400, 0x35052f54, 0x00000103, 0x234e0057, 
    0x11112313, 0x2b1b0b05, 0x11231101, 0xa7831133, 0x82151621, 0x342d080a, 0x06222326, 0xb4b45201, 0xaa6eab37, 0x7587b5d1, 0x9e02a179, 0xd20562fd, 
    0x6070cafd, 0x3afdd4d2, 0x9281b702, 0xff00009d, 0xfe8800ff, 0x226b835e, 0x82022602, 0x06002575, 0x00ed9a0a, 0x09201784, 0x17858385, 0x0b070127, 
    0x027dff6b, 0x05ab452f, 0x24066b5f, 0xfe090001, 0x2aa78455, 0x40560028, 0x03011d53, 0x82010302, 0x01210804, 0x4c030100, 0x08050107, 0x05090401, 
    0x06006704, 0x004d2006, 0x61090202, 0x27090900, 0x0303004d, 0x050c4521, 0xc3820a20, 0x00292108, 0x2100014e, 0x1a1b1c1f, 0x16171819, 0x12131415, 
    0x070c0e11, 0x01280005, 0x16070b28, 0x2722012b, 0x078e6c18, 0xdb83d284, 0x33352328, 0x21153335, 0xee882115, 0x0614152b, 0x2445fa02, 0x530c200f, 
    0x27ea8349, 0xb49595b4, 0xc3fe3d01, 0x012bfc84, 0x0955fe94, 0x31020296, 0x82620334, 0xfd8f2af3, 0x8ad30462, 0xfe8a7575, 0x050941c9, 0x847cab22, 
    0x7341f082, 0x051c2d05, 0x001d00e0, 0x08324035, 0x09010201, 0x0f25ca82, 0x03050001, 0x20bc824c, 0x56481801, 0x06bf4408, 0x80410420, 0x24242a07, 
    0x0b061123, 0x11012b1c, 0x0c834423, 0x44108b41, 0x95830768, 0x41b4d021, 0xb95e0792, 0x41bb2009, 0x8f820b99, 0x0455fe22, 0x282d8f83, 0x50405300, 
    0x04050118, 0x05060119, 0x0a63411f, 0x57450520, 0x0202230b, 0xea506106, 0x03032105, 0x270d6b46, 0x21230001, 0x15171b1d, 0x21095841, 0x58410b08, 
    0x0b414515, 0x5841bd86, 0x41c38c0f, 0x855f1158, 0x24cb8408, 0x847c8ffc, 0x055b4100, 0x06ecff37, 0x00d205ff, 0xb5960026, 0x01050110, 0xb04b4c01, 
    0x40585019, 0x0537571d, 0x54010121, 0x052a0824, 0x02610005, 0x00000207, 0x5154005d, 0x90212007, 0x02022124, 0x2983e282, 0x85010721, 0x25402128, 
    0x06242385, 0x004d5906, 0x00244d83, 0x4d5f0404, 0x8a057647, 0x59593527, 0x00011540, 0x1b1d2122, 0x0e0f1315, 0x07090c0d, 0x26012600, 0x2006a744, 
    0x069a6d26, 0x23111526, 0x33113311, 0x08070041, 0x3316164b, 0x11123632, 0x10153335, 0xec040602, 0x8864ac6a, 0xb4a47c78, 0x9f280fb4, 0x44d3ab82, 
    0x995a2b61, 0xf08ab75d, 0x9fcc6214, 0x9d9083fe, 0x0562fd8f, 0x5adafdd2, 0xfed6d066, 0x2e837ef3, 0x016c01a1, 0xfe969631, 0xcc4cfea4, 0x050b4100, 
    0x048cfe38, 0x005e041d, 0xb5480013, 0x00040105, 0xb04b4c01, 0x40585017, 0xcc820316, 0xe243be82, 0x835d2006, 0x015b25c8, 0x16401b4e, 0x8407f543, 
    0x5f002112, 0x01232784, 0x43b7594e, 0x33200afc, 0x0625b482, 0x26222306, 0x20bb8235, 0x08b28314, 0xb4690332, 0x6eab37b4, 0x87b5d2a9, 0x01a17975, 
    0xfa9e02c0, 0x7036022e, 0x02d4d260, 0x8149fdc6, 0x00009d92, 0xfe140001, 0x0470045e, 0x001f006c, 0x29b04b77, 0x0a2c8482, 0x0201010f, 0x01030101, 
    0x401b4c02, 0x04200c82, 0x59200c86, 0x1c291e85, 0x02010100, 0x02010461, 0x06f35102, 0x5d22d182, 0x1851064d, 0x401b2205, 0x05d44820, 0x24083d6f, 
    0x00030300, 0x22228b61, 0x820e4059, 0x001f2d0e, 0x3525131f, 0x0b072315, 0x11012b1b, 0x3426b686, 0x06222326, 0x76413507, 0x32332208, 0x08cb8336, 
    0x38bc032a, 0xd2a96bad, 0x1d104560, 0x2330130b, 0x7588ae7d, 0xfeb5a178, 0x7366025e, 0x01d4d25f, 0x043f56a4, 0x03079702, 0x6bfe959b, 0x8f20d382, 
    0xd785e582, 0x46055522, 0x2a22d782, 0xb8859000, 0x01120e2d, 0x01040302, 0x01290204, 0x82030600, 0x201082db, 0x86108a05, 0x002129df, 0x61030202, 
    0x03030105, 0x0423df82, 0x82610104, 0x4d5d29ef, 0x00060600, 0x00010762, 0x4e27cb82, 0x0025401b, 0x60590505, 0x27970862, 0x15405934, 0x24270001, 
    0x1b1d2021, 0x0d0e1316, 0x2a000608, 0x78432a01, 0x35262105, 0x1421f39e, 0x26fc8216, 0x04061537, 0x93948ede, 0x544118fd, 0x6f012109, 0x20170541, 
    0x05fb5cf7, 0x00ffff22, 0x2920c745, 0xb7ffffff, 0x1d040000, 0xeb458a07, 0x920a2207, 0x977318ff, 0x20239010, 0x21239193, 0x47847b00, 0x47887720, 
    0x18009121, 0x22119773, 0x465bfe9e, 0x0125096f, 0x01910a07, 0x0d137369, 0xaf208f82, 0x76204784, 0x90224788, 0xa3739bfe, 0x0a137a05, 0x44fe9e22, 
    0x9423478c, 0x18f9dd00, 0x820c9773, 0xfe9e22fb, 0x23238b8b, 0x7500ed06, 0x6b476b8f, 0x06022f07, 0x00009e02, 0x7c00ffff, 0x77010000, 0x7b820306, 
    0x0000b228, 0x910a0600, 0x00820002, 0x82000121, 0x5201291d, 0x03005e04, 0x16401900, 0x59221182, 0x7318024d, 0x138207cb, 0x0311032f, 0x332b170b, 
    0x9e113311, 0xfb5e04b4, 0x4c2082a2, 0x032105ef, 0x21338242, 0x4b830226, 0xb2020724, 0x6383f001, 0x00b0ff27, 0x06420200, 0x24638602, 0xfe900a07, 
    0x2017849c, 0x221782b5, 0x88630747, 0xfeeb2217, 0x201784a1, 0x221782d6, 0x87f5051c, 0xee062317, 0x1784f4fe, 0x67fedb24, 0xab882102, 0xab832620, 
    0x82070121, 0x52f9201d, 0x2b890d41, 0x855e0421, 0x7c258a43, 0xff23088f, 0x82b6ffff, 0x8f3c2067, 0x6b0b254f, 0x6aff2aff, 0x2306c94a, 0x2b35b06a, 
    0xff27db84, 0x010000f1, 0x88160652, 0xffeb2293, 0x2167835b, 0x17829e00, 0x1788ff20, 0xea060623, 0x202f8502, 0x205b82b8, 0x2417883a, 0xff920a07, 
    0x212f8352, 0x1782e4ff, 0xd3050e22, 0xed224788, 0x178410ff, 0x1782d720, 0x2f8a1b20, 0x74ff9422, 0xf5241784, 0x95014cfe, 0x0024c787, 0x979b0a06, 
    0x17845f85, 0x1783bb8a, 0x910a0627, 0xffff0002, 0x207b8fff, 0x207b8693, 0x20ab822f, 0x246389e7, 0x99feec06, 0x202f8300, 0x227b82c8, 0x412f062a, 
    0xff220887, 0xdb8455ff, 0x0121b182, 0x222f889f, 0x66960a06, 0x7c240657, 0x7a015bfe, 0x230f3741, 0x0500910a, 0x21118741, 0x2b837f00, 0x88098741, 
    0x08874125, 0xff01002b, 0x015efee6, 0x005e0453, 0x086b420a, 0x02020024, 0x21666201, 0x21210805, 0x0b031023, 0x33132b19, 0x23061611, 0x32333523, 
    0x01b59d35, 0x2124a3a6, 0xfb5e0496, 0xa6b2a052, 0x24c384ac, 0x025efeb4, 0x2067843a, 0x29e582c7, 0xff6b0b07, 0x00a1ff28, 0x6782b109, 0xb0a1ff24, 
    0xe7832b35, 0xb7842384, 0x0000c724, 0x23852700, 0x0a060125, 0x8b000191, 0x434fa729, 0xff21153b, 0x17ef42ff, 0xfe7c0028, 0x0666035e, 0x1f430003, 
    0x0a262305, 0x85820291, 0x01c70227, 0x000000f0, 0x20858207, 0x820782f1, 0x3f0027bc, 0x7e020000, 0x6c185e04, 0x59220eff, 0xa782044d, 0x19ff6c18, 
    0x23113338, 0x23152135, 0x3f153311, 0x3f02c6c6, 0x039ac5c5, 0xfc9a9a2a, 0xcf849ad6, 0x5efee624, 0xfb887601, 0x6682f385, 0xfee6ff25, 0x8200035d, 
    0x00123f6b, 0x4b5b001d, 0x58502eb0, 0x02001d40, 0x034d5902, 0x04010101, 0x04010562, 0x004d6004, 0xcc4f0606, 0x005b2f05, 0x1b401b4e, 0x05010103, 
    0x01060401, 0x29846a04, 0x593a1d8b, 0x00011540, 0x1315191b, 0x0b0c0d0e, 0x0608090a, 0x12011200, 0x2b160b08, 0xad4f0601, 0x11332105, 0x15270182, 
    0x06161523, 0x70231306, 0x3536079d, 0x9b870801, 0x6c518952, 0x01d8ceb4, 0x6c1a8144, 0x2e3a4034, 0xb282393f, 0x53709937, 0xea034279, 0x34a216fc, 
    0x015a9353, 0x2f400174, 0x2e643d2b, 0x82d38600, 0x20d384bb, 0x221082d0, 0x6e910a07, 0xff2b05f7, 0x025efeb7, 0x02160639, 0x84c70226, 0xff922217, 
    0x8f2f8451, 0x86932017, 0x141b4117, 0xffffff22, 0x00211796, 0x08c7419e, 0x5f82e020, 0xc1412720, 0x0121080e, 0x00009e00, 0xd2054804, 0x35000c00, 
    0x01073240, 0x0a0b0201, 0x02010302, 0x0201004c, 0x03010203, 0x25348280, 0x02004d56, 0x40185902, 0x0c2c0bf5, 0x11120c00, 0x0b061111, 0x11332b1a, 
    0x24080182, 0x01013301, 0x11070123, 0x0116b49e, 0x2cfedfde, 0xfee7f701, 0xd2057667, 0xed019ffc, 0x82fd20fe, 0xfe6f0b02, 0x20498264, 0x2f6f8700, 
    0x001600e0, 0x06404043, 0x07000101, 0x11010301, 0x152f6c82, 0x02040214, 0x02004c04, 0x02030403, 0x82008004, 0x8261201a, 0x4d5c2132, 0x2605b373, 
    0x04040205, 0x824e0457, 0x00162a11, 0x12111216, 0x0b072324, 0x4b7d821b, 0x33200b19, 0x0c4b8788, 0x4b8e8b07, 0xfd2108ce, 0x24958b90, 0x9e00ffff, 
    0x077b60fe, 0x5f82d720, 0xe9060724, 0x83412801, 0x00002805, 0x8a074804, 0x82022602, 0x07012217, 0x1357470a, 0x238d9e20, 0x47ea0621, 0x23611657, 
    0x22478505, 0x46510191, 0x236111eb, 0x23238408, 0x5d00ed06, 0x0036238d, 0xfe1c0001, 0x04c6038c, 0x000c005e, 0x0b0b405c, 0x0301020a, 0xb0560107, 
    0x50172e05, 0x001a4058, 0x03020301, 0x05800201, 0x05285604, 0x57020223, 0x23cf824d, 0x1b4e005b, 0x794b1c89, 0x00002305, 0x26855f03, 0x544e0021, 
    0xd241053d, 0x012d080a, 0x23112311, 0x01012301, 0x11370133, 0x16b4c603, 0x01df22fe, 0xe709fed4, 0x04769901, 0x032efa5e, 0x0113fe61, 0xfd7e02e0, 
    0x9c016ff5, 0x07d34100, 0x2c269784, 0x01072940, 0x43420001, 0x01022506, 0x85000100, 0x01219682, 0x206c8485, 0x878d8276, 0x42062067, 0x04211c3a, 
    0x4262825e, 0x01220a3a, 0x68829e00, 0xd2055222, 0x1805e347, 0x2b1b4b76, 0xd205b452, 0xd2052efa, 0xf4ffffff, 0xfa263382, 0x2602d205, 0x7982e002, 
    0x730b0622, 0x00201082, 0xb4241782, 0x3a020000, 0x012f1787, 0xff6b0b07, 0x00170028, 0x0101b108, 0x6cb017b0, 0xff21056b, 0x202382d9, 0x213b8a1f, 
    0x42829175, 0x9e24ce82, 0x290255fe, 0x0e288782, 0x24402700, 0x0200010d, 0x3907ff4f, 0x61000202, 0x00000103, 0x014e0061, 0x05080b00, 0x010e0004, 
    0x160b040e, 0xfa4b012b, 0x1537330a, 0x8ec00106, 0x5349b494, 0x24101e0d, 0x7c8455fe, 0x55187d06, 0x5f83079a, 0x1c000226, 0x43030000, 0x12395f82, 
    0x33001d00, 0x010e3040, 0x4c010306, 0x02050107, 0x05010001, 0x04006900, 0x5f561804, 0x585f2009, 0x242e060c, 0x25121123, 0x08101121, 0x012b1e0b, 
    0x01821123, 0x2626222e, 0x33363435, 0x33111732, 0x34253311, 0x0807dc51, 0x43033337, 0x536eb6d6, 0x8b9f5189, 0xd6b6333e, 0x3d3974fe, 0x34433e2d, 
    0xfd54026a, 0x415402ac, 0x9c715278, 0xfd770111, 0x472f6126, 0x3e2a2d42, 0xff020000, 0x035efeb7, 0x208f8205, 0x308f8210, 0x11364039, 0x03050609, 
    0x04020305, 0x02030001, 0x24fd824c, 0x03020103, 0x05015180, 0x00030337, 0x00010462, 0x4e005b00, 0x14160001, 0x07080a0c, 0x10011000, 0x05034105, 
    0x27072723, 0x828d8237, 0x15162494, 0x51010614, 0xed6405a3, 0xda012105, 0x2705ed64, 0x7c494bb4, 0xeffea2a3, 0x2a0ed264, 0x82faf305, 0x7678921c, 
    0x64490192, 0xc3490ab8, 0xe0022105, 0x262c9b82, 0x0000e002, 0xde050701, 0x6f023201, 0x21051d47, 0x47476f02, 0x9e002105, 0xfe221982, 0x03428a07, 
    0x07012105, 0x24149f43, 0x0113fe48, 0x09eb4152, 0xdae90622, 0x2408234a, 0x18069502, 0x2f5f8400, 0x2f0b0700, 0x00001b01, 0x7d00ffff, 0x78015bfe, 
    0x23093f42, 0x0300910a, 0x290dab43, 0xe3ffffff, 0x0d025bfe, 0x77854707, 0x85270021, 0x257f8223, 0x010fffed, 0x51180074, 0x3382145b, 0x0d028b22, 
    0x06205789, 0x57902b82, 0x48febd24, 0x23893f02, 0xff920a23, 0x2b238d57, 0x9e000100, 0x1b02f8ff, 0x0f00d205, 0x2012a342, 0x069e5262, 0x0a00012a, 
    0x00040508, 0x040f010f, 0x4e05216e, 0x373e089e, 0x01060617, 0xb47d7e99, 0x1e1d3825, 0x4618240d, 0x04798708, 0x4d53fbda, 0x9804043f, 0xff820a07, 
    0x5f821420, 0x5f823920, 0xef022629, 0x0601001e, 0x1814730b, 0x830d4b80, 0x859a201f, 0x835e201f, 0x886b221f, 0x055d4318, 0x35b01823, 0x203f862b, 
    0x201f855a, 0x211f8339, 0x3f8acc75, 0x00020022, 0x03213f82, 0x081f8229, 0x28001d23, 0x4d405000, 0x01070108, 0x05060116, 0x080a4c02, 0x09040302, 
    0x03050002, 0x02006900, 0x004d5602, 0x07fc6807, 0x05050038, 0x06006206, 0x4e065706, 0x00011e1e, 0x271e281e, 0x181a2123, 0xdc471113, 0x04062605, 
    0x1d011d00, 0x28ea820b, 0x34112001, 0x16323336, 0x05dc4717, 0xd24d1120, 0x05877805, 0x50113521, 0x15820769, 0xfe74012b, 0x4b6a7da0, 0xadb41353, 
    0x070a41ad, 0x7d7e2437, 0x3e2e3e3a, 0x58023444, 0x8b771201, 0xe5013a45, 0xfe9218fd, 0x061b41cd, 0x0179872b, 0x2f749260, 0x2b2f4347, 0x22e7824d, 
    0x42f8ff9e, 0xef20069f, 0x82199f42, 0x071b2523, 0x0226028a, 0x9f422384, 0xfe882614, 0x051b0213, 0x822385d2, 0x1ae921e3, 0x82069f42, 0x059f423b, 
    0x9f423b82, 0xfe9e220a, 0x252f895b, 0x910a0701, 0x23424300, 0x069f420d, 0x47071b22, 0x27205386, 0x9f422385, 0x2300251d, 0x4d028bfe, 0x2b848787, 
    0x57904f20, 0x48fefd24, 0x23897f02, 0xff920a23, 0x20238f97, 0x06cb4500, 0x02060223, 0x080f5be0, 0x5e047a28, 0x1f000500, 0x11821c40, 0x6f185920, 
    0x9e281ec7, 0x042802b4, 0xa648fc5e, 0x2d057b46, 0x72046406, 0x56002300, 0x020309b6, 0xc0520403, 0x7c162007, 0x02330506, 0x00000201, 0x07084d59, 
    0x03030305, 0x1b4e0357, 0x83001a40, 0x201d8310, 0x06807901, 0x59221c88, 0x1c821040, 0x23002336, 0x14231323, 0x09112324, 0x332b1d0b, 0x36173311, 
    0x16323336, 0xc3550585, 0x08cc5509, 0x11153908, 0x2901af9e, 0x916e63ad, 0x79bf281e, 0xb45fa061, 0x82715a88, 0x625f7cb4, 0xcd5e0498, 0x677d7071, 
    0xaa547a6a, 0x020efd82, 0x8a6879ed, 0x0226fd6a, 0x88725dff, 0x0040fd86, 0x84054f46, 0x002e27bf, 0x240f407a, 0xa855021e, 0x0589530b, 0x01041f2e, 
    0x61060202, 0x06020708, 0x054d5906, 0x21050c66, 0x27570101, 0x00612105, 0x2321d182, 0x83198300, 0x61072626, 0x07070108, 0x2c25925f, 0x01194059, 
    0x22262800, 0x1b1c1d20, 0x0872541a, 0x5508be59, 0xd45511cb, 0x23fe8f08, 0x42050614, 0x8806d155, 0x41b420e7, 0x7e540d00, 0x8d982009, 0x0b0f41f1, 
    0x5463fc21, 0x64220b83, 0xc3415e04, 0x03042107, 0x4108c341, 0x59210599, 0x0acb414d, 0xf1835720, 0x18871a20, 0x00000023, 0x411d8457, 0x5d2205cb, 
    0xc3414e01, 0x11012813, 0x06062723, 0x85262223, 0x098a5305, 0x2308f444, 0x64061135, 0xc441c38d, 0x5e7d2705, 0x5e049862, 0xc641a2fb, 0x81ab2507, 
    0x13fdf202, 0x0229d483, 0x5d01fdda, 0x02858972, 0x258382c0, 0xfe9e0001, 0xc383065e, 0x34002730, 0x03093140, 0x01020302, 0x0204064c, 0xb2410202, 
    0x61002e05, 0x00000101, 0x01084d5d, 0x075b0707, 0x3032824e, 0x13270027, 0x14231323, 0x0b092524, 0x11012b1d, 0x26a1a033, 0x11231133, 0x420baa05, 
    0xa583126a, 0xfe0cb424, 0xa79c015e, 0xfea2fb25, 0x4700005e, 0x06270537, 0x02160664, 0x82fe0226, 0x06072488, 0x8a8902ea, 0x87032017, 0x910a2117, 
    0xfe211787, 0x20db825b, 0x21178572, 0x17820701, 0xd3438c20, 0x0587430d, 0x041c042d, 0x0013006c, 0x0105b544, 0x5d010400, 0x12230672, 0x41040400, 
    0x5921059b, 0x067a464d, 0x16401b25, 0x55010100, 0x5f20094f, 0x37551887, 0x4323200c, 0x67430777, 0x52012808, 0x3601adb4, 0x57aa71af, 0x5e230aa2, 
    0x596677cf, 0xdb850934, 0x051c0427, 0x032602f5, 0x23db8205, 0x58ee0606, 0x2108b749, 0x9f82f404, 0x6900222c, 0x01110a40, 0x01210102, 0x175e0500, 
    0x821c2007, 0x05175e8f, 0xc2569582, 0x01062208, 0x05575400, 0x03002022, 0x21057861, 0xbd566104, 0x3322860e, 0x01134059, 0x151c1f00, 0x0e0f1013, 
    0x00080a0d, 0x07220122, 0x2305f548, 0x11233535, 0x220f4943, 0x71331115, 0x04280855, 0x01948e8b, 0xa1797587, 0x0120da87, 0x22091a4a, 0x59b702ab, 
    0xe5870615, 0x3a54ab20, 0x44002005, 0x04210537, 0x25cf821d, 0x40610020, 0xcf82130e, 0x00010128, 0x05010002, 0x78410300, 0x901b2006, 0x00002cd3, 
    0x05006105, 0x4e056105, 0x941f401b, 0x2c2189d2, 0x27094059, 0x25131123, 0x1c0b0632, 0x7786182b, 0x29c99408, 0x02222306, 0x0a291192, 0xc78c3e54, 
    0x09b24618, 0x8f5a0321, 0x847c2bc6, 0x02000000, 0x5efe9e00, 0xc382d005, 0x3100243a, 0x15408600, 0x01050114, 0x0502011d, 0x03050625, 0x04020604, 
    0x04060001, 0x2422cc86, 0xe2820500, 0x80020522, 0x0056d490, 0x005b2107, 0x2820d582, 0xb0412688, 0x352a8a13, 0x01154059, 0x20282a00, 0x1316181e, 
    0x0d101112, 0x0124000b, 0xa84a0824, 0x16b54109, 0x2113bc4a, 0xbc4aa504, 0x0dc54105, 0x2015c94a, 0x0ed14121, 0x9e2cfe22, 0x3a11d84a, 0xfec7ff01, 
    0x041c0455, 0x001e006c, 0x0c0e406d, 0x03050401, 0x02040101, 0x41010001, 0x1c3507db, 0x02050500, 0x02010361, 0x004d5902, 0x4d570404, 0x00010100, 
    0x0aaf4262, 0x05211884, 0x06105b05, 0x59332290, 0x00011340, 0x13141719, 0x0a0b0e10, 0x1e000507, 0x82071e01, 0x5b1320fc, 0xf44509d2, 0x087b4306, 
    0x14111524, 0xf5453006, 0x0b844306, 0x2108e945, 0x89430905, 0xfc8f240b, 0x44847cb7, 0xfe290553, 0x041d045e, 0x0406026c, 0x250f8582, 0x1c040000, 
    0x9f431606, 0x5e072006, 0x9e2208ef, 0xf38313fe, 0xe9221788, 0x2f934001, 0x375f0a20, 0x8e9e2007, 0x00eb2247, 0x202f8abf, 0x20478703, 0x07975f0a, 
    0x5bfe9e22, 0xdb565f89, 0x9e002315, 0x238b8bfe, 0x21159356, 0x478c48fe, 0xbd009222, 0x210d0b45, 0x4782ffff, 0x30065e25, 0x44000306, 0x272c0583, 
    0xba04c702, 0x07000000, 0xbb04910a, 0x2b08cf5c, 0x005e0474, 0x40240015, 0x02061121, 0x07005318, 0x7a185920, 0x152a0bd9, 0x18111500, 0x190b0511, 
    0x7318332b, 0x77180b73, 0x2908081f, 0x8e01f39e, 0x03245233, 0xfeeeb304, 0x23533570, 0x5e040403, 0x945381fd, 0x5991484b, 0xa2fb7f02, 0x96558102, 
    0x59934748, 0x73827ffd, 0x6800022a, 0x6404e8ff, 0x0f006c04, 0x0df37118, 0x054d5f22, 0x08f37118, 0x4e006022, 0x15f37118, 0x7e081376, 0x06240f36, 
    0x16161415, 0x31073f7a, 0x8080e699, 0x927199e6, 0x71924646, 0x46469070, 0x3d7a1890, 0xfe903607, 0xfeacaffb, 0x74a190fc, 0xbf6f6ebd, 0x70be7575, 
    0xff74bd6e, 0x829385ff, 0x032622fe, 0x23a38216, 0x08900a06, 0x23092369, 0x02f50564, 0x06221786, 0x178560ee, 0xd3ff5326, 0x8b047704, 0x0b221787, 
    0x1782014b, 0x35060b6d, 0x00560582, 0x00300020, 0x0ab04ba7, 0x29405850, 0x01010300, 0x7c467003, 0x765f2008, 0x0223052d, 0x63010101, 0x235405d1, 
    0x20f28205, 0x05b86f1b, 0x30822820, 0xa3850321, 0x2640212f, 0x02252a87, 0x02020061, 0x10877659, 0x96820720, 0x59235882, 0x7d194059, 0x3029066f, 
    0x181a3022, 0x11131516, 0x105e7610, 0x32313722, 0x332d0183, 0x32331632, 0x15333535, 0x16232314, 0x0e9d7f16, 0x2f096641, 0x0197e57f, 0x55020201, 
    0xa82256a4, 0x60562aaa, 0x2a147041, 0x0e019004, 0x9ac6d622, 0x4196ec4c, 0x00211075, 0x08774100, 0x47411620, 0x06072206, 0x3b4218eb, 0x0664210a, 
    0xea201789, 0x8a0adf79, 0x0c0f7a17, 0xd3056422, 0x06234786, 0x417ced06, 0x47890abf, 0x00940a23, 0x237792e0, 0x7dd90606, 0x3f7a2f95, 0x044c2409, 
    0x866c0464, 0x0b07245f, 0x855d0266, 0x82fe2047, 0x20778817, 0x20178527, 0x237f9700, 0x05ec0606, 0x2f20678b, 0x0a234f87, 0x8ac100ff, 0x086f4297, 
    0x0dee0a22, 0x17882f8b, 0x65260b22, 0x0320178b, 0x077b4788, 0x0664210b, 0x07242f87, 0x7101ed0a, 0x07215f89, 0x222f8663, 0x8bf10a06, 0x2b072147, 
    0x2008cf42, 0x88178c24, 0x5e0b212f, 0x8a0b2741, 0x87bd2047, 0x5bfe2117, 0x25092741, 0x910a0701, 0xdd587101, 0x11f3410d, 0x01960a23, 0x249b925a, 
    0x002b0b07, 0x201794c5, 0x2017962c, 0x20178c2d, 0x08ab413f, 0x17872e20, 0x0b429b83, 0x42272008, 0xa38a053b, 0x200f8f6c, 0x202b8482, 0x05974a1a, 
    0x8b0a7f42, 0x0baf4217, 0xd385178a, 0x00030031, 0x04e8ff68, 0x00f50582, 0x00300020, 0x44000345, 0x3f3c0511, 0x07080300, 0x00720301, 0x020f090b, 
    0x070b0107, 0x0808006a, 0x010c610a, 0x4d5c0a0a, 0x2615f743, 0x0505010e, 0x430d6100, 0x1b2705ce, 0x500db04b, 0x83404058, 0x03082346, 0x47ba8007, 
    0x479e1020, 0x8fa65e20, 0x47821120, 0x8f884220, 0x5e21cd87, 0x26e0834d, 0x00610b07, 0xa6560b0b, 0x94152049, 0xb25c2049, 0xc6162049, 0x9e1720db, 
    0x27b34147, 0x479e2020, 0x20276b41, 0xa5479e25, 0x3e40218f, 0x461f3e42, 0x84421053, 0x8759200c, 0x29403800, 0x21223132, 0x42430001, 0x3b3d3f41, 
    0x34363839, 0x45324531, 0x4621282a, 0x10200e6a, 0x0afe4118, 0x39286a46, 0x26262213, 0x07062223, 0x33363623, 0x33161632, 0x06333732, 0x98650206, 
    0x7f4680e5, 0x31f3341d, 0x1a1a4c5c, 0x037e0219, 0x5434504f, 0x0a2e2148, 0x4853037b, 0x94460605, 0x98043b1b, 0x1d32292a, 0x2b2a765a, 0xff725e51, 
    0xfe6800ff, 0x0582045b, 0x03260256, 0xbb70001a, 0x11cf4405, 0xd3ff5324, 0x57447704, 0x0b262408, 0x1800014b, 0x44075940, 0x042509bf, 0x0306026c, 
    0x127b4616, 0xfa0a0724, 0x178a8501, 0xcb452020, 0x01822208, 0x2217949d, 0x948d0183, 0x00842217, 0x201794e5, 0x0b174585, 0x5f890620, 0x2f968620, 
    0x2f8c8720, 0x23088347, 0x98018d0a, 0x1349cf8c, 0x4a0b2306, 0x00820005, 0xd7490320, 0x0018280a, 0x40390021, 0x18040036, 0x2a083dad, 0x01006101, 
    0x074d5f01, 0x76020201, 0x11330803, 0x1f000110, 0x15191a1d, 0x11181014, 0x00070918, 0x6a0f010f, 0xe5490e0e, 0x21372908, 0x2103021e, 0x2223022e, 
    0x09254418, 0x3205e549, 0x0a4d8a65, 0x4c0a77fd, 0x8502dd89, 0x63884e0b, 0x494d8762, 0x5e2c11ed, 0x9e60609e, 0x5df0015e, 0x995b5b9a, 0x41087748, 
    0x02201093, 0x49081747, 0x07240aff, 0x006c049b, 0x0724eb85, 0x55036602, 0x022deb82, 0x00006800, 0x5e042b06, 0x1f001300, 0x67731800, 0x4d592113, 
    0x0d677318, 0x14142608, 0x1f140001, 0x15171e14, 0x0f101112, 0x0b0c0d0e, 0x1300080a, 0x0b0a1301, 0x22212b16, 0x35352626, 0x33363634, 0x68731821, 
    0x0639080d, 0x16141515, 0x53023316, 0x7879dd95, 0xdc0394db, 0xf101b8fd, 0x48020ffe, 0x5ce806fd, 0x874a4887, 0x98fa955e, 0x95fa9810, 0x9dc9fea0, 
    0xa0a0b6fe, 0xb26c1e03, 0xb2691069, 0x05a7416c, 0x0856fe23, 0x23bb89ed, 0xa404e603, 0x9e24bb84, 0x7e045efe, 0x16261782, 0x78002400, 0x696714b5, 
    0x50242306, 0x4a184058, 0x062b090b, 0x02610006, 0x59000001, 0x4d01084d, 0x603306bc, 0x0401074d, 0x4e045b04, 0x0029401b, 0x06050601, 0x82800501, 
    0x7e59204f, 0x2b910a9f, 0x1540593c, 0x00001718, 0x24171e20, 0x16002418, 0x23261600, 0x0b091111, 0x11132b1a, 0x47181533, 0x23270ad1, 0x27262622, 
    0x18011123, 0x220c074a, 0x1814ae9e, 0x2708004a, 0x46826a8c, 0x38010e13, 0x08074a18, 0x065efe24, 0x4818b300, 0x49270ae1, 0xb1fd1f5d, 0x18712b02, 
    0x8c08094a, 0x001a37eb, 0x4080002b, 0x1c2a2b13, 0x01060418, 0x030f1012, 0x01110603, 0xc64e0304, 0x00242b07, 0x05060501, 0x00800601, 0xf9850505, 
    0x776f2220, 0x84282008, 0x832420f8, 0x882820f8, 0x00002326, 0x2b824d22, 0x00610225, 0x91270202, 0x40592d2a, 0x29000011, 0x00212327, 0x2a1a001a, 
    0x0821f382, 0x25f38e07, 0x07170706, 0xf7870627, 0x307a1720, 0x06222805, 0x33161415, 0x89273732, 0x3e4526fa, 0x6272746b, 0x2cfe8579, 0x46486bc2, 
    0xa09a6a8d, 0x394598a2, 0x0b014168, 0x4cd6853a, 0x377f6e77, 0xfd1f5d49, 0x772803b1, 0xbb74ae71, 0xbbb9e46e, 0x00741bea, 0x29090741, 0x2000e005, 
    0x4d002e00, 0xed5e4a40, 0x01022805, 0x05020d1e, 0x5e4c0306, 0x06210ae1, 0xb8431806, 0x6103240a, 0x41030300, 0x222908f7, 0x2a000021, 0x222e2128, 
    0x2446822e, 0x24262620, 0x05c84123, 0x180cf75e, 0x4109d34b, 0x0e5f15d2, 0xb94a1807, 0x13d94109, 0x837c8329, 0x02029509, 0x41cafe65, 0xdf4e1be1, 
    0x7e042705, 0x26021606, 0xe7824b03, 0xea060724, 0xeb4fa101, 0x067e2208, 0x21178703, 0x178b910a, 0x026c0423, 0x262f8406, 0xfe680002, 0x4348045e, 
    0x7125060b, 0x050102b5, 0x072d5403, 0x0300242b, 0x03060506, 0x06008005, 0x07cd6806, 0x41180720, 0x00210a7f, 0x06e75100, 0xaa712687, 0x063e4106, 
    0x59362a90, 0x17181040, 0x24171c1e, 0x13112418, 0x08102526, 0x012b1b0b, 0x41181123, 0x35211094, 0xde441833, 0xb448220e, 0x0d5e7e0e, 0xfeae1424, 
    0x45189814, 0xfe2307ce, 0x7e4f025e, 0xb3210d55, 0x5f4118fc, 0x0000210a, 0x0535e384, 0x00e0051c, 0x00300022, 0x1a444047, 0x1b030401, 0x13040201, 
    0x05fb4102, 0x03040427, 0x03030061, 0x0ac7435c, 0x2421bc90, 0x052f7f23, 0x9a272421, 0x0bd86cb9, 0xc5a01520, 0x09420620, 0x9c082007, 0x084e71cd, 
    0xd68d8320, 0x552ed784, 0x6c041e05, 0x2f002100, 0x0b407c00, 0xcf820415, 0x00012023, 0x0b627304, 0x4f059a52, 0x01200567, 0x09864618, 0x2009a869, 
    0x057d5426, 0x920cf642, 0x40593828, 0x01222319, 0x22272900, 0x1e2f232f, 0x1217181b, 0x00080a10, 0x73210121, 0x46180662, 0x352112b2, 0x06d05b33, 
    0x10b04618, 0x928eb627, 0x82471210, 0xd452186b, 0x5448270b, 0x240f1f0c, 0x521864fd, 0xfe2808d6, 0x017c8455, 0x485e1f58, 0x07af4618, 0x1e5c4724, 
    0xb169fab3, 0x34022206, 0xe15218ea, 0x00002108, 0x2905f356, 0x6e04d502, 0x4a001200, 0xf2570bb6, 0xb04b2905, 0x40585022, 0x02020012, 0x2305f157, 
    0x01044d59, 0x6806775a, 0x19820599, 0x5f20e984, 0x59221887, 0x4c820c40, 0x12001224, 0xed513424, 0x6c152007, 0x240805e2, 0x26261517, 0x15062223, 
    0x0cae9e11, 0x14649f1f, 0x40081037, 0x049e7924, 0x6755ac5e, 0x02b50102, 0xfd719308, 0x21878444, 0x878455fe, 0x40001d2d, 0x060e3d40, 0x1c030402, 
    0x63040001, 0x02210ac3, 0x057b7700, 0x0000042a, 0x04005904, 0x05610004, 0x00312082, 0x1a000151, 0x0c101217, 0x00040509, 0x061d011d, 0x07ac6006, 
    0x235d808f, 0x05bb6005, 0xac568b8c, 0x09052109, 0xfc219589, 0x06a75699, 0x2f06b768, 0x026e04d5, 0x00540326, 0x0b070100, 0xff2aff6b, 0x2406ab70, 
    0x35b02fff, 0x2714822b, 0xf0ff2e00, 0x5e046502, 0x23074741, 0x4c010302, 0x25064741, 0x03030104, 0x4d414d59, 0x00572508, 0x16401b4e, 0x00221486, 
    0x19835700, 0x00610127, 0x015d0101, 0x0f47414e, 0x23110124, 0xf4592335, 0x07a77005, 0x84650221, 0x381321bc, 0x21074841, 0xb485a2fb, 0x93090126, 
    0x00bc0271, 0xfe238b84, 0x82320355, 0x0021298b, 0x0e37403a, 0x03020206, 0x4205dd42, 0x022105b1, 0x286e8502, 0x0404004d, 0x01056200, 0x05ee6100, 
    0x161b1e2c, 0x0c101215, 0x01210009, 0x45560621, 0x35352205, 0x227e8f33, 0x57231133, 0x022808f7, 0x098e8eca, 0x649f1f0c, 0xb42c8c87, 0x0b544809, 
    0xfe240f20, 0xab7c8455, 0xfb21958b, 0x08f557a2, 0x002e9f84, 0x04220200, 0x00110069, 0x0a1c401f, 0x7f620101, 0x06ff4405, 0x572ec182, 0x34244e00, 
    0x190b0310, 0x1123212b, 0xba6d2634, 0x15163d0a, 0x3bb42202, 0x33253b62, 0x2f3d0b10, 0x0271af5d, 0x225b58e9, 0x02a90202, 0x90a74604, 0x9e205b83, 
    0x92205b82, 0x00205b87, 0x20068065, 0x07fe7a5f, 0x11245c82, 0x34421100, 0x420ce97a, 0x063505a2, 0x719e1115, 0x3e2f5cb0, 0x2533100a, 0x023b633a, 
    0x46a790ec, 0x25598204, 0x585b2202, 0x5b8417fd, 0x025efe2b, 0x006e04d5, 0x40340014, 0x062c4331, 0x022b1782, 0x80020001, 0x02030104, 0x82008603, 
    0x5901210a, 0xcc837682, 0x51020122, 0x14286f82, 0x34241400, 0x19060511, 0x2105b948, 0x4d183636, 0x1522093c, 0x17432311, 0xfe0a240e, 0x4200065e, 
    0xfd230984, 0x5a5efe44, 0x0223050f, 0x421606d5, 0x002d057f, 0x00ea0607, 0xff0000b4, 0xfe4800ff, 0x868f8313, 0x61062017, 0x6a2408f3, 0xec020000, 
    0x06232f88, 0x8204930a, 0xffff2387, 0x1782e1ff, 0xec22478b, 0x47844bff, 0x17827a20, 0x2f06dc22, 0x0a224787, 0x3b6207ff, 0x06d52209, 0x22178603, 
    0x86910a07, 0xfe7d2277, 0x2077895b, 0x62178301, 0x0020103b, 0x05212384, 0x623b86d3, 0x0623073b, 0x69c2ed06, 0xf92106fb, 0x08eb6b46, 0x8bfee322, 
    0x33624f8b, 0x02003311, 0x00009e00, 0x5e044004, 0x18000f00, 0x30403300, 0x79180108, 0x592113cb, 0x2aad824d, 0x01570101, 0x1800004e, 0x82101216, 
    0x0f48082d, 0x07211631, 0x332b190b, 0x16322111, 0x07061415, 0x22032301, 0x11112123, 0x35363233, 0x23232634, 0xddbd019e, 0x017371d7, 0x0cfecf15, 
    0xfef6fe0c, 0x907e7d8f, 0xc65e04fc, 0x26a4719c, 0xa3013ffe, 0x3a025dfe, 0x685d5c66, 0x3831838e, 0x01093540, 0x4c010105, 0x01070100, 0x05010405, 
    0x05f54a67, 0x04040025, 0x45066003, 0x1029052f, 0x10000010, 0x13171018, 0x24888211, 0x1131110e, 0x83888408, 0x1333248a, 0x83160133, 0x0123218f, 
    0x9e238987, 0x820a01b3, 0xfecf3181, 0xd77173eb, 0xfcf6fedd, 0x8f7d7e90, 0x5dfe5e04, 0x25088382, 0x71a4263f, 0x2402c69c, 0x5d6879fe, 0x0000665c, 
    0xff6c0001, 0x04d303e8, 0x0027006c, 0x172e4031, 0x04030416, 0x8c820301, 0x43030321, 0x01210746, 0x4b511801, 0x191b3e0a, 0x06081214, 0x27012700, 
    0x2b160b05, 0x27262205, 0x33161637, 0x34353632, 0x35242727, 0x0cf17d34, 0x17161423, 0x089a8417, 0x1a020644, 0xab1ee4ac, 0x75648518, 0xfebaa48b, 
    0x77bb6cd4, 0xa326bfad, 0x646c6b17, 0xa9625a85, 0xc76f9298, 0x29919618, 0x4564565c, 0x472c2773, 0x539360ea, 0x3c2a7697, 0x3e465c62, 0x2428174b, 
    0x99627397, 0xab840058, 0x8455fe21, 0x003328ab, 0x18444047, 0x82040517, 0x012b2aab, 0x01320104, 0x4c030500, 0x2bb38b00, 0x04006104, 0x004d6004, 
    0x61000505, 0x2f060b5a, 0x2d300001, 0x1a1c282a, 0x07091315, 0x33013300, 0x2007955c, 0x24c2a311, 0x15272223, 0x05ef7014, 0x8e8e0123, 0x2dcc9c94, 
    0xa66a9b83, 0x24101f0d, 0x7c8455fe, 0xd79dba01, 0x65cf3c26, 0x09960202, 0x0025de82, 0xfe6c0001, 0x37df845e, 0x404b003b, 0x182a2b48, 0x05030417, 
    0x03000102, 0x00010109, 0x0102010a, 0x7209a27a, 0xd98306d7, 0x0139e482, 0x00610201, 0x025b0202, 0x2f00014e, 0x1c26282d, 0x070c0e1a, 0x013b0005, 
    0x24e3833b, 0x1e272205, 0x5f5c1802, 0x2603240a, 0x41332727, 0x433627b8, 0x3a503f3b, 0x184a281d, 0x3b712042, 0xc140855f, 0x01060708, 0xff9c0a13, 
    0x6b0c1832, 0x16302a71, 0x7a412174, 0x0d4d016e, 0x2f280b0d, 0x221d0441, 0x42ffff00, 0x06260587, 0x03260216, 0xbd500067, 0x00322105, 0x0a221792, 
    0x3b5b0092, 0x062b4105, 0x0a232f87, 0x941c019a, 0x8893202f, 0x0313242f, 0x886c04d3, 0x01e9225f, 0x202f8a0c, 0x21478803, 0x77860191, 0x895bfe21, 
    0x0701262f, 0x3501910a, 0x7bb218f9, 0xff6c260f, 0x07d303e8, 0x233b8732, 0x8c011f0b, 0x07215389, 0x2217882c, 0x858b0020, 0x20538317, 0x206b8706, 
    0x84538527, 0x1873825b, 0x840ed7b2, 0x28af825b, 0x00670306, 0x00010000, 0x2c6b8266, 0x006c04cd, 0x40270026, 0x11122624, 0x06a64303, 0x82610021, 
    0x4d5f221e, 0x06034200, 0x4e026035, 0x222a242c, 0x2b1a0b04, 0x33363613, 0x15161632, 0x4d070514, 0xd86506d4, 0x264e0805, 0x37363435, 0x35363637, 
    0x22232634, 0x267a0706, 0xbb78acc0, 0xbad4fe6c, 0xd3748ca5, 0xe11dad2d, 0x6fc783b0, 0x62a99b8f, 0x6b64855a, 0x5d03176c, 0x93539877, 0x2c47ea60, 
    0x64467327, 0x9a8e26b1, 0x71619a58, 0x17282598, 0x5c463e4b, 0x9b823d61, 0x0000b432, 0xe6057a04, 0x37002b00, 0x010c3440, 0x4c010403, 0x23067951, 
    0x05050069, 0x5c29a184, 0x0202004d, 0x06075f01, 0x06564502, 0x2b292c82, 0x21242125, 0x0b08242d, 0x2d42181c, 0x22ad8208, 0x44150706, 0x23200535, 
    0x0a2d7818, 0x87323321, 0x154008af, 0xc56fb411, 0x74c77e80, 0xb2916b7f, 0xa584c56c, 0x9a8b74a5, 0x485b8183, 0x76883969, 0x53049370, 0x5d61b57d, 
    0xaf7c78ac, 0xc50e0e25, 0x6aba769a, 0x716b8aa7, 0x7549aa92, 0x858f6742, 0x00b0fb6a, 0xff23af83, 0x82a204ec, 0x00322eaf, 0x1c0a4055, 0x1b040301, 
    0x02030001, 0x0562644c, 0x04001624, 0x46790104, 0x03032106, 0x25058a4f, 0x1b4e0057, 0x188a1a40, 0x57000023, 0x076f444d, 0x4e025d30, 0x310b4059, 
    0x191e202f, 0x05112317, 0x6379180b, 0x29c78308, 0x1415020e, 0x1415031e, 0x2c452306, 0x032e250a, 0x023e3435, 0x08058041, 0xb66a0152, 0xb660ace4, 
    0x29362977, 0x46666746, 0xa762b1d8, 0x6a22452c, 0x46786858, 0x2c466968, 0x5c802b39, 0x2504706a, 0x2504dbfb, 0x9e4be1e0, 0x47624b7d, 0x4e352c42, 
    0x5a7a5849, 0x2030a397, 0x5431149c, 0x4c563a4b, 0x3e4e6e53, 0x3f4d3e4b, 0x0088656a, 0xe82ce383, 0xa102f2ff, 0x0f006805, 0x25402800, 0x09cf4318, 
    0x85241a83, 0x02020100, 0x270b5d48, 0x03101326, 0x132b1906, 0x42072f4c, 0x353e0527, 0x473db4e8, 0x25163511, 0x9123471c, 0xfb6805a2, 0x08454bba, 
    0x0a0a9804, 0x01008999, 0x5f821400, 0x5f827520, 0x39001724, 0xa0443640, 0x4c023107, 0x05040500, 0x00010385, 0x075f0400, 0x04040206, 0x2605be66, 
    0x02020062, 0x824e025d, 0x00172f98, 0x13111117, 0x08111326, 0x012b1c0b, 0x72682315, 0x3523280e, 0x11331133, 0x8ae65602, 0xa8a82779, 0x9a5e04b4, 
    0x7d885efd, 0x9ab00226, 0xf6fe0a01, 0x87834d82, 0x0254fe23, 0x2c8782ab, 0x403c0022, 0x00010139, 0x07010006, 0x32878200, 0x85030203, 0x00010600, 
    0x80000601, 0x01010105, 0x60045f02, 0x002c0522, 0x00620700, 0x07610707, 0x1113274e, 0x17260082, 0x1e0b0823, 0x174b132b, 0x27272505, 0x11352626, 
    0x33208585, 0x172e9d89, 0x22230616, 0x0c200fea, 0x12145772, 0x91828d7f, 0xa186e620, 0xa120162f, 0x5dfe44b8, 0x57020296, 0x960a525c, 0x879b8680, 
    0x8e6322ae, 0x22a384c1, 0x8273024e, 0x001629a3, 0x133c403f, 0x14010601, 0xa386a782, 0x06209b8c, 0x2806ae71, 0x014e0061, 0x0d0f1000, 0xa05b180c, 
    0x01162208, 0x08967716, 0xd6459e8a, 0x01230806, 0xa7aa89ee, 0xeeeeb4a7, 0x16251193, 0xfe481c25, 0x0482a04e, 0x0a019a54, 0xfb9af6fe, 0x0404a4d2, 
    0x830b0a97, 0x8e012387, 0x87825d02, 0x2f000b36, 0x02002c40, 0x06850201, 0x05000501, 0x01010386, 0x57010000, 0x01240682, 0x01045f00, 0x4f232982, 
    0x18000000, 0x2308b3b4, 0x132b1b06, 0x200a1341, 0x826984bb, 0x8536204a, 0xcafd2a60, 0xff020000, 0x03ecffd4, 0x2e5b8222, 0x00250018, 0x194a404d, 
    0x03050611, 0x82060705, 0x4107204d, 0x0723098d, 0x41070601, 0x52180d8d, 0x5d200744, 0x1e23f183, 0x5412141c, 0x0927069b, 0x18000708, 0x48091801, 
    0x07220665, 0x818a3727, 0x21137a62, 0x7a62f701, 0x629c8405, 0x14270e71, 0x77904b67, 0x855702e8, 0x1efe21af, 0x26116762, 0xff140002, 0x820006e8, 
    0x003633bf, 0x4b0c0143, 0x585030b0, 0x1a2d0b40, 0x030d0702, 0xc1820001, 0x0d881b20, 0x020c0127, 0xb04b594c, 0x08208224, 0x04003125, 0x00850403, 
    0x020b0209, 0x00800b09, 0x070d000b, 0x0a690d0b, 0x02020206, 0x05085f03, 0x59030302, 0x82010c4d, 0x016122e2, 0xd062180e, 0x23598308, 0x0804003c, 
    0x08263896, 0x08080061, 0x44864d5f, 0x92010521, 0x44402143, 0x186c3ead, 0x4d5d2707, 0x000c0c00, 0x925f0e61, 0x01232e08, 0x3a3e4000, 0x292f3138, 
    0x21242527, 0x05ff631f, 0x26051b56, 0x36000507, 0x410f3601, 0x0623067e, 0x43222306, 0x26211217, 0x36631835, 0x33411807, 0x05176a07, 0x06141526, 
    0x33162506, 0x0805184b, 0x07062242, 0x61440406, 0x8e3f3ea2, 0xa7ae7f4e, 0xeeeeb4a7, 0x57272f4f, 0xe47e512c, 0x7bbf7898, 0x8313b50e, 0x25b39471, 
    0x897cd064, 0xfebc6f8a, 0x617251ca, 0x5b3e3594, 0x18025095, 0x372d343a, 0x9702a09b, 0x0805b741, 0x586afd45, 0x8e202643, 0x0501abc1, 0x6ca05894, 
    0xbce1774c, 0x73635d78, 0x97626b8f, 0x5a43e454, 0x622f2c52, 0x0000035c, 0x29000100, 0x8a02f6fe, 0x17006c04, 0x36403900, 0x0201010a, 0x01000109, 
    0x05004c02, 0x47860504, 0x68670728, 0x06a54405, 0x44054c73, 0x33220c9b, 0xac663335, 0x07310805, 0x33363627, 0x11151632, 0x11231533, 0xe6481123, 
    0x3411473d, 0x481c2517, 0xa8a29122, 0x029ab4a8, 0x07454ba2, 0x0a0a9805, 0x50fd8999, 0x01f6fe9a, 0x4583840a, 0x1f24071f, 0x45404800, 0x280a1f45, 
    0x85070607, 0x04020a0b, 0x2a928203, 0x09670004, 0x06050501, 0x7e01085f, 0x02200612, 0x25092945, 0x1e1f001f, 0x0083111d, 0x13261326, 0x1f0b0c11, 
    0x20152e45, 0x080d4435, 0x36451520, 0x269d820f, 0xf102e6e6, 0x45cbfe9a, 0x0123083a, 0x41d39a43, 0xd32e054d, 0x1400ffff, 0x9e025efe, 0x26026805, 
    0xb3827903, 0x9a0a0727, 0x0000a500, 0x261782ff, 0x9802f2ff, 0x84006006, 0x07012f17, 0x1e012f0b, 0x08004800, 0xb00101b1, 0x1372b048, 0x223b8205, 
    0x88750213, 0x0606233b, 0x42825ce9, 0x75223b86, 0x53850d07, 0x0a070127, 0x011f0091, 0x05db480a, 0x700a0121, 0x14220687, 0x3b895bfe, 0x85202384, 
    0x24105b49, 0x028bfe14, 0x255f878f, 0xed060701, 0x239291ff, 0xc1024822, 0x0a232389, 0x8fd9ff92, 0xcdff2123, 0x7522cb82, 0x8f880c07, 0xb9fe9022, 
    0x02218f85, 0x238f85b8, 0x9e000100, 0x57282382, 0x13006805, 0x32403500, 0x230aab41, 0x85030403, 0x0da34918, 0x290a9f41, 0x13130013, 0x06111326, 
    0x98411a0b, 0x11332312, 0xc3463802, 0x0ec1460b, 0xfe540423, 0x237783f6, 0x8d0254fe, 0x20087782, 0x4038001e, 0x00010135, 0x05010004, 0x004c0200, 
    0x85010201, 0x00030400, 0x80000403, 0x02030300, 0x055a635f, 0x05000023, 0x05b36862, 0x11132728, 0x06231711, 0xb7461c0b, 0x1133210d, 0x200fb346, 
    0x08b346cc, 0xb146b420, 0x468b8317, 0xd3560bae, 0x80022705, 0x26026805, 0x17428903, 0x00872d06, 0x00ffff00, 0x02f2ff9e, 0x0060067a, 0x01251784, 
    0x012f0b07, 0x10174200, 0x13fe9e24, 0x3b885702, 0xe9060623, 0x8242823e, 0x827b203b, 0x0757223b, 0x2553850d, 0x910a0701, 0x17420100, 0xfe9e2210, 
    0x843b895b, 0x41672023, 0x00250fcf, 0x028bfe47, 0x255f8771, 0xed060701, 0x239073ff, 0x48fe2124, 0x2389a302, 0xff920a23, 0x21238fbb, 0x8f84afff, 
    0x8f880c20, 0x9bfe9022, 0x2c131742, 0x5e041d04, 0x50001300, 0x020111b5, 0x07995701, 0x01031336, 0x4d590101, 0x00020200, 0x02050461, 0x005d0000, 
    0x17401b4e, 0x04221586, 0x1a855704, 0x84010521, 0x40593119, 0x10000111, 0x0a0d0e0f, 0x00040508, 0x06130113, 0x350e6472, 0x11331135, 0x06063523, 
    0xd2a91902, 0x787588b4, 0x37aeb5a1, 0x41180eb1, 0x8f270801, 0xa2fb9e02, 0x41657ad1, 0x9e260547, 0x1d04f2ff, 0xb7820206, 0x27669320, 0x41058205, 
    0x0423069b, 0x87f5051d, 0x09eb6b17, 0xcc2b2f82, 0x1b005605, 0x19b58f00, 0x83050201, 0x500a2fc3, 0x001e4058, 0x04010104, 0x05050070, 0xb8865f01, 
    0x0620ce83, 0x0dd44218, 0x25821d20, 0x98850421, 0x21402124, 0x06211f90, 0x20fd8606, 0x2bfd8607, 0x01154059, 0x15171800, 0x0f111214, 0x23050241, 
    0x081b011b, 0x20110241, 0x06f16532, 0x240d0a41, 0xaaa022a2, 0x0f0e4105, 0xd6222e08, 0x1afcaac6, 0x00657ad1, 0xfe9e0001, 0x04a6045e, 0x001c005e, 
    0x29b04b9e, 0x1bb65850, 0x00010214, 0x401b4c01, 0x0301140a, 0x01011b00, 0xc1981803, 0x82192008, 0x7b002019, 0x57290b21, 0x0601074d, 0x4e065b06, 
    0x213b841b, 0x208b2340, 0x0404002e, 0x01034d57, 0x62050101, 0x5d050500, 0x40212a88, 0x24258521, 0x04030300, 0x20248462, 0x20238200, 0x35238b61, 
    0x0f405959, 0x1c000000, 0x21241c00, 0x11231323, 0x2b1c0b08, 0x5e4b1113, 0x85352006, 0x33380808, 0x27222315, 0x2223020e, 0x9e112726, 0x72719eb4, 
    0x3c30b496, 0x2be1241d, 0x2d6b611d, 0xfe2f9f40, 0xfd00065e, 0x8d8c9d5a, 0xfca6029c, 0x9b2b379f, 0x205048a8, 0xc7fd6146, 0x00275882, 0xff140002, 
    0x820005f2, 0x001628f7, 0xb56c001f, 0x820a0105, 0x059548f3, 0x080b1f39, 0x09040306, 0x0a000203, 0x07670004, 0x59050501, 0x0a0a004d, 0x82026101, 
    0x015725cb, 0x23401b4e, 0x01222193, 0x26835701, 0x4b610221, 0x592605ab, 0x00001540, 0x7d181b1d, 0xc682090d, 0x0b0c112a, 0x15012b1e, 0x35231123, 
    0x46051148, 0x2120067c, 0x0721d182, 0x05cf5521, 0x05352608, 0x37aeb100, 0xd2a96eb1, 0x02b4bcbc, 0xfdb5b516, 0x787588ea, 0x8a9f02a1, 0x7ad1ebfd, 
    0x7dd4d265, 0xfebf018a, 0x28038341, 0x92816e8a, 0xffff8f9d, 0x05d34200, 0xbb421620, 0x06072106, 0x2408bf6a, 0x1d04f2ff, 0x23178906, 0x006601ea, 
    0x8908eb42, 0x920a2317, 0x1789b600, 0x43d30521, 0xed210803, 0x0b334374, 0x0a234788, 0x89d80094, 0x9c06212f, 0x07242f86, 0x2c01950a, 0x06235f92, 
    0x8675d906, 0x4cfe2547, 0x5e046004, 0x9b222f88, 0x2f926202, 0x976b0720, 0x43bf8409, 0x0a220893, 0x8f8a05ee, 0x43630721, 0xeb2008c3, 0xf2201796, 
    0xef201796, 0x93201786, 0x230c1f41, 0xfdec0606, 0x06215f8a, 0x22a7882f, 0x85b900ff, 0x5bfe23a7, 0xbf871d04, 0x0a070125, 0x45010090, 0x02200517, 
    0x09075318, 0x67fe9e22, 0x0623238b, 0x455e00ee, 0x00230f3b, 0x8c48fe9e, 0x00922247, 0x832391be, 0x21e38a9b, 0x9b8a5df1, 0x882b0721, 0x41f020fb, 
    0x9b8d085b, 0x6a019122, 0xf7415395, 0x0196220a, 0x087f4152, 0x1784cc20, 0x64829620, 0x476d0720, 0x8b838209, 0x0b574217, 0x0a20178a, 0x0521478c, 
    0x839b82f5, 0x062f7147, 0x82ffff21, 0x045b24ef, 0x855605cc, 0x07012217, 0x2b9b900a, 0x9e000100, 0x1d04ecff, 0x0f005e04, 0x07638518, 0x45071f46, 
    0x01250506, 0x090b0c00, 0x05647807, 0x27063a55, 0x11331135, 0x11202110, 0x143d0682, 0xd65d0206, 0x0b01b4e9, 0xe9b50b01, 0x02d2e414, 0xfe4dfdbc, 
    0x021b01e5, 0xd244fdb3, 0x82e386e4, 0x20e3845f, 0x27e389b4, 0x14000200, 0x0005ecff, 0x14247782, 0x35001b00, 0x12df8018, 0x09228682, 0x175a0109, 
    0x00002a06, 0x1516181a, 0x14001400, 0x22008211, 0x18112313, 0x2109df80, 0x80182223, 0x9b830fdd, 0xb1000526, 0xe9d6d7e9, 0x8308ca43, 0x9f0228a1, 
    0xe4d2738a, 0x4373d2e4, 0x6a2009c8, 0xdf41ac83, 0x43a78c07, 0x178d0a6b, 0x2008bb6e, 0x43178dff, 0x634208cb, 0x22ef8208, 0x6e0a0701, 0x9320135b, 
    0xff423b8c, 0x2353830b, 0x03260202, 0x00233b82, 0x82900a06, 0x0537449a, 0x07211782, 0x43178863, 0x17430877, 0x826b8508, 0x1117432f, 0x3b8a6b83, 
    0x8d099b43, 0x079b4353, 0x9b849e20, 0x6b88f520, 0x8e08fb43, 0x5746186b, 0x054b4212, 0x420aeb41, 0x2b4109b7, 0x0196220d, 0x42d98252, 0xcc26057b, 
    0x17005605, 0xdf695a00, 0x471d2005, 0x8b4216dc, 0x401b2205, 0x10b6471c, 0x15650220, 0x005d2c06, 0x1340594e, 0x12130001, 0x420d0f10, 0x172305b1, 
    0x47071701, 0xb14209ae, 0x08ac4705, 0x240ab942, 0xaaa022a2, 0x0dbd4205, 0xc6d62229, 0xd2bcfdaa, 0x84ffffe4, 0x057343d3, 0xa343c520, 0x43fe200d, 
    0x1782075b, 0x22178b70, 0x8b04ecff, 0x0b0f413b, 0xc743178a, 0x242f820a, 0x2602f505, 0x20538203, 0x0ac74300, 0x450e2f42, 0x178408d7, 0xab412f20, 
    0x0a072106, 0x83082f45, 0xd3052117, 0x06211786, 0x094f4606, 0x1d04ec24, 0xdb412b07, 0x09c34408, 0x17454c20, 0x83b42006, 0x680b23e3, 0xbb431602, 
    0x889c200a, 0x0967465f, 0xa7844782, 0xa78e2f83, 0x450a6b42, 0x9b45083b, 0x232f8208, 0xee060701, 0x12174118, 0x0000362e, 0x5e044904, 0x21000c00, 
    0x01061e40, 0x26094e71, 0x02020103, 0x824e0257, 0x4f841898, 0xa583180b, 0x01013e08, 0xc555fee1, 0x132a1aee, 0xee1a2913, 0x0455fec5, 0x4969fd5e, 
    0x91464691, 0xfb970249, 0x213682a2, 0x5b8e0001, 0x01020023, 0x0577734c, 0x00010125, 0x8c005700, 0x0101305b, 0x26260323, 0x07060627, 0x02012303, 
    0x89ab019e, 0xab01275b, 0xa2fb5e04, 0x5d859702, 0x0469fd25, 0x85ffff5e, 0xf505255b, 0xd4032602, 0x06236b82, 0x823aee06, 0x21178306, 0xcf835bfe, 
    0x01251785, 0x01910a07, 0x0d17464b, 0x00010027, 0x06000046, 0x26f38246, 0x4027001e, 0x180f1a24, 0x180a9f84, 0x240ca943, 0x111e001e, 0x9f841818, 
    0xa0841813, 0x08b18708, 0xfe990143, 0x1888bfad, 0x351b1b38, 0x84c0861a, 0x1c1a3518, 0xbf881937, 0x91b3adfe, 0x191a331c, 0x04911b35, 0x5718fe5e, 
    0xd88085d9, 0xfee8015d, 0x81d75a18, 0x015bd780, 0x01a2fbe8, 0x6bcc60fa, 0xfe5ece6b, 0x84bb8206, 0x02062197, 0xd820bb82, 0x0724cc82, 0xe900900a, 
    0xaf920782, 0x0103002d, 0x0204054c, 0x4d590303, 0x41020102, 0xaf8a074b, 0x410b4d41, 0x33200956, 0x2307bd41, 0x5301f304, 0x0121af92, 0x82af8a53, 
    0x85e8209b, 0x18fe23b1, 0xb185e801, 0x8218fe21, 0x850620c7, 0xfa0123b1, 0xb3880000, 0xb3881620, 0x9f019222, 0x06231793, 0x94a801eb, 0x02ea2217, 
    0x20178a4f, 0x20478803, 0x25178791, 0x46065bfe, 0x17855e04, 0x0a070125, 0x41520291, 0x83880dcf, 0x3b889c20, 0x15029538, 0x01000000, 0x00004100, 
    0x5e041d04, 0x26001700, 0x0d132340, 0x85180107, 0x2d740817, 0x0017350c, 0x12181217, 0x2b190b05, 0x33010133, 0x17161617, 0x37373636, 0x23210b82, 
    0x05914227, 0x41073408, 0x8efe8901, 0x3d268bd2, 0x27381b1d, 0x8afece8e, 0xa4d18801, 0x1a1c3a25, 0x02a62636, 0xd920023e, 0x33336b3c, 0xfdd93c6b, 
    0xfbccfdd6, 0x2f2f6739, 0x82fb3967, 0x207f8497, 0x20d38306, 0x828f82e1, 0x380121bb, 0x1785eb84, 0xaf820220, 0x06231783, 0x82d2900a, 0x822f871e, 
    0x030621eb, 0x01371783, 0x5efe1400, 0x68047504, 0x5b001f00, 0x111e0940, 0x0304010e, 0x544c0100, 0x1820056c, 0xa24b3282, 0x4d373605, 0x04030300, 
    0x02050662, 0x04330404, 0x1c401b4e, 0x31020200, 0x221f844d, 0x8e010100, 0x1859201e, 0x3207ab4e, 0x21152521, 0x1b080725, 0x0301132b, 0x2323022e, 
    0x82323335, 0x01132bf9, 0x1e130133, 0x15333302, 0xfc822223, 0x01034308, 0xfe9b0149, 0x3231251e, 0x6b552c2c, 0x01cb2c50, 0x63fec03b, 0x372619fe, 
    0x542c2c30, 0xcb29506e, 0x5efec6fe, 0xe6010703, 0xa60c313a, 0xfe555a21, 0xfd4e0278, 0x310cfe03, 0x1ea60b2d, 0x95015153, 0x8882a9fd, 0x00010033, 
    0x0456fe36, 0x005e0449, 0x401e0017, 0x01060c1b, 0x0a8b4100, 0x6131af82, 0x18234e02, 0x190b0317, 0x1737132b, 0x37373616, 0x08ac4201, 0x06013323, 
    0x088c8206, 0x132e8c35, 0x20297853, 0xeec555fe, 0x1313291a, 0xc4f01a29, 0xa43315fe, 0xfe463077, 0x16059c6b, 0x045d7839, 0x4969fd64, 0x90464690, 
    0xfa970249, 0x0e7e85fb, 0x85ffff00, 0x02062577, 0xe6032602, 0x06238882, 0x88e3900a, 0x4e05388f, 0x2700e005, 0x2d403000, 0x00010107, 0x01030108, 
    0x17181d23, 0x68030204, 0x03200c5f, 0x82054463, 0x27192da0, 0x0b042424, 0x37012b1a, 0x3233023e, 0x21066164, 0x9f860707, 0xb78f2720, 0x31840330, 
    0x5c6b3f1c, 0x1e0e2e49, 0x133c550c, 0xae860b34, 0xc8900e20, 0x885e042c, 0x083d704d, 0x34020290, 0xb9848832, 0xd1910720, 0x41020021, 0x1a2b0843, 
    0x37002300, 0x0f203440, 0x1804090a, 0x3014cc84, 0x01004d59, 0x4e016101, 0x1b1c0000, 0x1a001a00, 0x29008211, 0x0a112319, 0x012b1d0b, 0x4f412315, 
    0x21af8605, 0x84182303, 0x072008d5, 0x07d58418, 0x87230429, 0xa433c2fe, 0x86463077, 0x91ff2eab, 0x73c57a5f, 0xc474a301, 0xbdfeee7a, 0x057f414b, 
    0x861e0327, 0x7e85c1fc, 0x26ab860e, 0x01869e02, 0x83c0fe40, 0xd1862103, 0x41058641, 0x1620097f, 0x25067f41, 0x01ea0607, 0x17920049, 0x00920a23, 
    0x21178999, 0x2f86d305, 0xed060624, 0x17890057, 0x86030621, 0x0a072217, 0x20478c91, 0x2217889c, 0x930f0195, 0xeb06235f, 0x1789a200, 0x855e0421, 
    0x8201202f, 0x64022147, 0x25104f44, 0x0456fe36, 0xb3880649, 0x01960a23, 0x213b8935, 0x9b88f505, 0x8a3bee21, 0x2253829b, 0x93e60306, 0x940a237b, 
    0xdba2bb00, 0x420ea342, 0x878708bb, 0xd9060623, 0x06bb4258, 0x00002008, 0x08064904, 0x36001700, 0x060c0940, 0x00040001, 0x4b4c0102, 0x585020b0, 
    0x02000c40, 0x474d5e02, 0x1b200660, 0x00210e84, 0x210e865f, 0x6343b559, 0x07012606, 0x07062627, 0x0b724707, 0x3336362e, 0xf3031632, 0x7952132e, 
    0xab012029, 0x28096443, 0xa533eb01, 0x05463076, 0x059242f3, 0x029cfb23, 0x05dd4197, 0x0569fd26, 0x0e7d8605, 0x3420a782, 0xd32e8f82, 0x26024707, 
    0x00003904, 0xed060701, 0x84189a00, 0x2385107b, 0x23877620, 0x00900a23, 0xfb501826, 0x20238510, 0x2047888a, 0x738f18d9, 0x44362012, 0x83410547, 
    0x0b072506, 0x00750167, 0x00217482, 0x2c838236, 0x005e0452, 0x40230008, 0x01040720, 0x13c94803, 0x08000824, 0x89181212, 0x013b08ef, 0x01110133, 
    0xd950fee6, 0x34013601, 0x0147fed9, 0xfdca0294, 0xfd2e02d2, 0x8478fe2a, 0x007e2453, 0x82ed0300, 0x000b2653, 0x072c402f, 0x17861801, 0x4d59240f, 
    0x18020200, 0x080b1786, 0x0b000b2f, 0x05221122, 0x332b190b, 0x21350135, 0x01152135, 0x7e152115, 0xa1fd7302, 0x9ffd4703, 0x03867502, 0x8fa70b26, 
    0xa70be3fc, 0xffff0000, 0x825f8600, 0x00fe2acb, 0x0b070100, 0xffc00042, 0x05fb5645, 0xb045ff22, 0x2405df67, 0x0415ff7e, 0x3583820f, 0x40350013, 
    0x01010c32, 0x00010602, 0x054c0203, 0x04000401, 0x0f820086, 0x2306ec55, 0x5f000303, 0x5722b482, 0x05824e00, 0x13001330, 0x23221132, 0x2b1a0b06, 
    0x26343505, 0x8e892123, 0x15163229, 0x376c0315, 0x87a0fd57, 0x6a012796, 0x3beb9e8f, 0x9c886947, 0x6580ad22, 0x00274382, 0xfe7e0001, 0x82af045e, 
    0x001f247b, 0x83444047, 0x010822ff, 0x2b728202, 0x01150205, 0x01160503, 0x4c050304, 0x01212882, 0x3713825f, 0x02004d59, 0x065f0502, 0x57050501, 
    0x0303004d, 0x04006104, 0x4e045b04, 0x1f2a1f82, 0x26241e00, 0x07221114, 0x17411b0b, 0x3233240a, 0x62171616, 0x23260767, 0x2e272622, 0x29412302, 
    0x67323508, 0x34437089, 0x1f1a2e3f, 0x573f1c2d, 0x5c8d4f58, 0x4b584a34, 0x2c2ea088, 0x4e4c646e, 0x82100b1a, 0x4e876c30, 0x6382174a, 0x5522ab83, 
    0xab82c404, 0x44001832, 0x010c4140, 0x01060302, 0x01170401, 0x4c030500, 0x03249982, 0x0303005f, 0x0420a382, 0x086b8618, 0x2d0ce863, 0x0d0f1215, 
    0x07090a0b, 0x18000405, 0x40181801, 0x3641087e, 0x06775e0a, 0x04061527, 0xfd948e5b, 0x09d24145, 0x2009c569, 0x219f88ab, 0xc369aefe, 0x05e34108, 
    0x41160621, 0x002505e3, 0x01ea0607, 0x09fb4134, 0x87030621, 0x910a2117, 0x2f88178c, 0x00930a23, 0x892f8a84, 0x87922017, 0x5bfe2517, 0x5e04ed03, 
    0x01214785, 0x20478207, 0x10cf4431, 0x8bfe7e22, 0x0623238b, 0x8d3d00ed, 0x02003923, 0x0000a800, 0xd2057204, 0x17000e00, 0x24402700, 0x05000100, 
    0x67050104, 0x08146918, 0x56000038, 0x0303004d, 0x244e0357, 0x21261121, 0x1c0b0610, 0x1133132b, 0x7c613205, 0x11213806, 0x32211323, 0x26343536, 
    0xc0a82123, 0xdca01b01, 0xa0dc7373, 0x82c0e5fe, 0xa299380b, 0xe5fe99a2, 0xcffed205, 0x76c27501, 0xfe74c377, 0x89eb01bb, 0x82907b7b, 0x82b42065, 
    0x183f2077, 0x3b0a87b6, 0x01035f02, 0x4d2e0202, 0x2f010100, 0x00004e01, 0x05000500, 0x08041111, 0x15012b18, 0x112a6382, 0x33fd3f04, 0xa7d205be, 
    0x3482d5fa, 0x3420b782, 0x3f832182, 0x07000326, 0x23402600, 0x8205c14c, 0x25418236, 0x60010202, 0x47860103, 0x00040525, 0x82030003, 0x2b173d48, 
    0x01330133, 0x23012125, 0xca220234, 0xfafb1f02, 0x83fe0403, 0xfad2050c, 0x3704a72e, 0x03213982, 0xe3af1800, 0x0023320b, 0x083b403e, 0x04000501, 
    0x67040502, 0x01030300, 0x209a8261, 0x0a187434, 0x4e003530, 0x10112020, 0x23200001, 0x21222320, 0xaf181719, 0x092009f6, 0x12e8a718, 0x0f63ae18, 
    0x3521d682, 0xfaaf1803, 0xbf01231b, 0xa3188cfd, 0xae180c8b, 0x022e1454, 0x00a0a09d, 0x8c000300, 0xb4040000, 0x0982d205, 0x0b000728, 0x3a403d00, 
    0xbd840400, 0x07670524, 0x1a5a0301, 0x4d2e2105, 0x0122e582, 0x1a41065f, 0x08083105, 0x00000404, 0x0b080b08, 0x0704090a, 0x05060704, 0x032a3b82, 
    0x17080911, 0x2135332b, 0x03860115, 0x28048c34, 0x1804e0fb, 0x830333fc, 0x2b05a7a7, 0x72fda7a7, 0xbf41a7a7, 0x3e052c05, 0x0700d205, 0x1e402100, 
    0x45010100, 0x2e28050f, 0x0001024d, 0x4e002f00, 0x072e6982, 0x11110700, 0x19080511, 0x2311012b, 0x03822111, 0xbe3e052d, 0x05bef2fc, 0x052efad2, 
    0x82d6fa2a, 0x0100233c, 0xb7828600, 0x0a82fd20, 0x535b1e20, 0x14152407, 0x82020305, 0x020328a2, 0x01004c03, 0x415f0001, 0x618507d4, 0x83032f21, 
    0x001e255b, 0x1a41491e, 0x33285b83, 0x36360135, 0x27262637, 0x2128b083, 0x16272622, 0x15011716, 0x08928b18, 0x01867808, 0x286331a7, 0xfe336227, 
    0xfd4b047b, 0x398451aa, 0x0142672c, 0x49c1fe3e, 0x9241317d, 0x9360025e, 0x5b33bb01, 0x34582223, 0xa7939201, 0x5d240402, 0x43b5fe44, 0x754daffe, 
    0xa702042a, 0x7a000300, 0x9106bfff, 0x15001306, 0x27001e00, 0xb04ba500, 0x4058500c, 0x01020027, 0x03570205, 0x0b080101, 0x01060702, 0x090c6907, 
    0x01040602, 0x00060500, 0x02020069, 0x820a5f05, 0x4f05251f, 0x15b04b1b, 0x22202e82, 0x0524289d, 0x1b4e052f, 0x593553a8, 0x1f1e4059, 0x0016161f, 
    0x1f271f00, 0x16202127, 0x181e161e, 0x089f8217, 0x11161522, 0x0d111611, 0x052b1b08, 0x02242635, 0x24123435, 0x15333537, 0x15120416, 0x07040214, 
    0x3e111115, 0x23081482, 0x11012626, 0x1415020e, 0x2a031616, 0xb0cafeca, 0xca3601b0, 0x3601cab7, 0xcafeb0b0, 0x79e099ca, 0xb0fee079, 0x412c0684, 
    0x01b0067e, 0x01c5c531, 0x7e06b031, 0xfe250b82, 0xfec5c5cf, 0x2e0b82cf, 0xf2fb3105, 0x9ae58305, 0xfb83e59a, 0x860e04f7, 0x4200200a, 0x062c0513, 
    0x00d20556, 0x40250017, 0x05010722, 0x2908f682, 0x6a010502, 0x00020406, 0x004d2e00, 0x022f0202, 0x1411114e, 0x12111112, 0x1e080810, 0x1133012b, 
    0x23110510, 0x11112411, 0x91821133, 0x06821720, 0x0524a382, 0x8bfdb89e, 0x40080283, 0xb8a1c458, 0x0558c3a2, 0xfd7ffed2, 0x4dfe0d6f, 0x020db301, 
    0xfe810191, 0x6ae3b88a, 0xfc7f0304, 0xe36a0481, 0x000100b8, 0x0500007a, 0x00e605af, 0x40320025, 0x1116242f, 0x04000403, 0x04004c01, 0x06b34304, 
    0x0001022a, 0x065f0300, 0x03030205, 0x08053e42, 0x25002574, 0x27171127, 0x1b080711, 0x2135332b, 0x35022635, 0x33241234, 0x15120432, 0x15070214, 
    0x11211521, 0x34351236, 0x22232626, 0x14150606, 0x7e111712, 0xbcb36b01, 0xc32d01aa, 0xab2c01c4, 0x6b01b2bd, 0xb8a5e8fd, 0x908fd676, 0xa6b776d6, 
    0x01334aa7, 0x01cdd337, 0xfeb2b239, 0xfed4cdc7, 0xa74a33ca, 0x012c2c01, 0xe9a3cb09, 0xa3e97d7d, 0x2df7feca, 0xbe18d4fe, 0x062108cb, 0x24ab827d, 
    0x00120427, 0xeb8f18ce, 0x00622216, 0x2323a400, 0x00fc05be, 0x01214782, 0x7fad180f, 0x01012b0a, 0xb0dcffb8, 0xff002b35, 0x478300ff, 0x6b85c620, 
    0x84170121, 0xc3d71823, 0x02082114, 0x02212385, 0x29238453, 0x00bc1284, 0x0201b109, 0xc918ffb8, 0x00230887, 0x861a0800, 0x186b2023, 0x201a3390, 
    0x20238606, 0x20238457, 0x20479486, 0x2023860e, 0x2023845f, 0x23239387, 0x23076107, 0xb220d784, 0x88222384, 0x8f86ca62, 0xd789ca20, 0x13202382, 
    0x8922238a, 0x2386ba62, 0x2385ba20, 0x0093ff32, 0x06270600, 0x04260016, 0x00007812, 0xff8d0a07, 0xff26b982, 0xfe6200ff, 0x37410612, 0x2700250a, 
    0x3b03e609, 0x17bfae18, 0x3f412b82, 0x202b840a, 0x0a474143, 0xc1180220, 0xfe210bdf, 0x0b474112, 0x0a26002d, 0x01bc1284, 0x04e60907, 0x4100007f, 
    0x2b820f4f, 0x830a4f41, 0x97042157, 0x180a5741, 0x820cd7ae, 0x0a57412b, 0x83202b84, 0x8f0a5f41, 0x0a5f412b, 0x8b202b84, 0x8e0a6741, 0x0b67412b, 
    0xde20db84, 0x1ad7ca18, 0x41076121, 0x2b8a086f, 0x83057741, 0x06774157, 0xfe7a002b, 0x05af0512, 0x042602e6, 0x82f78212, 0x2c0221ff, 0x01390782, 
    0xecff7a00, 0xd205a505, 0x2a002700, 0x08182740, 0x01000202, 0x0001044c, 0x05555e00, 0x004d5631, 0x61050202, 0x5d050500, 0x11274e05, 0x60112818, 
    0x342705b5, 0x21353712, 0x44152135, 0x332805b1, 0x35363632, 0x27262634, 0x51081182, 0x12161521, 0x04021415, 0x02242223, 0xfe8ea87a, 0x5f1702ca, 
    0xd77a609f, 0x7ad68b8b, 0x025f9e5f, 0x8ecafe17, 0xd5feaaa8, 0xd5fec0c1, 0xd4be02aa, 0x0c5c3101, 0xa628d5a7, 0xf99989e6, 0x99f99292, 0x28a6e689, 
    0x5a0ca7d5, 0xd4d4cdfe, 0xb8b8bafe, 0xa6824601, 0x0001003e, 0x04000062, 0x00e605fd, 0x4031001d, 0x0208152e, 0x161c0100, 0x0404010f, 0x034c0200, 
    0x6127ae83, 0x01010102, 0x82054d34, 0x042f2212, 0x3233824e, 0x241d001d, 0x06132626, 0x212b1a08, 0x23260111, 0x64070622, 0x17290509, 0x36361313, 
    0x07173233, 0x08148226, 0x1101073c, 0xc9fe5002, 0x1e0d411f, 0x3b222408, 0x31704a25, 0x612ae3e0, 0x263e445e, 0x400e1d06, 0x02c7fe1f, 0x44ab023d, 
    0x11a60505, 0xfd72520d, 0x5f0302fc, 0x05aa1a66, 0x55fd4405, 0xcb43c3fd, 0x82682007, 0x04272397, 0x83430128, 0x18fa2005, 0x2f13d7db, 0x7607fd04, 
    0x28042602, 0x07010000, 0x5200900a, 0x3a0d6b4d, 0x14000200, 0x020546fe, 0x1200d205, 0x23001e00, 0x05122040, 0x00030302, 0x82014c01, 0x4d5623db, 
    0xce6f0300, 0x02612e05, 0x12262c4e, 0x1a0b0410, 0x0133132b, 0x073a7001, 0x35262229, 0x37363634, 0x5d060617, 0x390806c3, 0xd0142634, 0xa901a501, 
    0x50e9fdd0, 0x81829365, 0x38502b94, 0x2f2e2963, 0x2c302627, 0x1cfcd205, 0x34fbe403, 0x7643ceb9, 0x2f778080, 0xe282ac75, 0x22256e5c, 0x26213130, 
    0x0082006d, 0xb4000226, 0xb7040000, 0x0c268b82, 0x31001500, 0xb1182e40, 0xf5470851, 0x4d202c06, 0x03040400, 0x0301065f, 0x18032103, 0x350964af, 
    0x1111210b, 0x2b190707, 0x15211133, 0x32211121, 0x04141504, 0x834a2523, 0xb4240807, 0x44fd7a03, 0x01e45601, 0xe5f6fe0b, 0x5201aafe, 0x96a2a296, 
    0xd205aefe, 0xe436fea7, 0xa6efcac4, 0x867b8590, 0x2e05ab46, 0x00073f04, 0x1f000900, 0x03001c40, 0x83850302, 0x005f2392, 0x76820202, 0x21010125, 
    0x82114e01, 0x07042200, 0x067f4a1a, 0x33112122, 0x2205834a, 0x4aacd802, 0x012d0686, 0x00d2fe2e, 0x00ffff00, 0x0454fe14, 0x30c7825a, 0x1b7d0926, 
    0x0b260000, 0x0000e272, 0x57480b06, 0x24d18200, 0x06c0fe62, 0x081b822c, 0x16000f23, 0x30403300, 0x03020508, 0x00530300, 0x5f010707, 0x20010100, 
    0x0202064d, 0x5f040000, 0x21040400, 0x21e38204, 0xec181213, 0x152d088b, 0x1b070911, 0x3311132b, 0x37123636, 0xadd41813, 0x08088207, 0x06032129, 
    0x317a6202, 0x33113e52, 0xb7a6a503, 0x039fa3fb, 0x26c7fd11, 0xc0fe5513, 0xa02ce701, 0x02d71401, 0xfed5fa74, 0x83400119, 0x84042710, 0xfeec33fe, 
    0xf382008b, 0x00003924, 0x8b827507, 0x36001525, 0x83103340, 0x4c012f89, 0x05000108, 0x00020301, 0x090a6703, 0x91840307, 0x02020425, 0x82022102, 
    0x1500268c, 0x12111500, 0x82008211, 0x070b2e04, 0x11012b1f, 0x01330133, 0x23012301, 0xee581811, 0x332a0808, 0xb6360411, 0xfee67e01, 0xdae00145, 
    0xbed772fe, 0xd76ffed7, 0x45fee101, 0xb28001e7, 0x6afdd205, 0x35fd9602, 0x9402f9fc, 0x03836cfd, 0x02090323, 0x281383c9, 0x00ffff00, 0x07c0fe39, 
    0x238f82c9, 0x00300426, 0x0b249a82, 0x00970646, 0x7d2a1783, 0x7704ecff, 0x0602e605, 0x17824105, 0xb4000126, 0x27050000, 0x0c3b2782, 0x2a402d00, 
    0x01040107, 0x01004c01, 0x01030400, 0x01026704, 0x4d200000, 0x42020506, 0x00230623, 0x840c000c, 0x070722b2, 0x675b181b, 0x11232f0b, 0x01d1beb4, 
    0xd5fde6e6, 0xfee54302, 0x9882d909, 0x0bb6c318, 0x1c206385, 0x14246382, 0x06b56300, 0x4b296284, 0x585017b0, 0x01092140, 0x200f8201, 0x2a6b8205, 
    0x02020108, 0x05004d20, 0x825f0005, 0x4d222296, 0x05984207, 0x1f401b22, 0x18822389, 0x00030524, 0x2b856705, 0x59252186, 0x13140e40, 0x06474111, 
    0x070a1027, 0x33012b1f, 0x07494115, 0x23152c08, 0x23112335, 0x33113311, 0x44a1e901, 0xfede5501, 0xd5a30178, 0xa15194fe, 0x77bebe77, 0x02fb3304, 
    0xfd19fd9a, 0xe9830215, 0x827dfde9, 0x826620b6, 0x82002062, 0xd4fe23af, 0xaf820205, 0x34001627, 0x01073140, 0x05134105, 0x4d060521, 0x032305bb, 
    0x41650304, 0x0726051a, 0x21060601, 0x34824e06, 0x16001625, 0x82161124, 0x07082285, 0x081a411c, 0x00162508, 0x23001015, 0x27361627, 0x21232626, 
    0xa7bdb411, 0xfdedfd01, 0x1501f4e5, 0x02e5fafe, 0x0708a295, 0xddfeb3e4, 0x30062d41, 0xcffe176e, 0xfefdfefb, 0xe101a6da, 0xfdcabebe, 0x052f4560, 
    0x82480521, 0x00112787, 0x00244027, 0xd6420303, 0x226f8206, 0x42056102, 0x11330949, 0x11111000, 0x07062114, 0x35332b1a, 0x36363233, 0x82211337, 
    0x213408f5, 0x23020e03, 0x55462862, 0x034f0c30, 0xd3fdbe98, 0x9e4d0e42, 0x9d38a789, 0xfabf0397, 0xfc2b052e, 0x6ee4b1d8, 0xffff0000, 0xecff7a00, 
    0xe605a405, 0x6f010602, 0xb42a0f84, 0x1305c0fe, 0x2602d205, 0x6b82530b, 0x470b0724, 0x07820902, 0x34000126, 0xd3040000, 0x16318f82, 0x25402800, 
    0x0002060c, 0x024c0101, 0x20010101, 0x221e824d, 0x41046103, 0x0b8205b3, 0x1827f982, 0x07052114, 0x83212b19, 0x08795690, 0x13371224, 0x95820133, 
    0x02013108, 0x165a4a68, 0xd0f4fd1c, 0x2a5945c4, 0xb2405d28, 0x1efdfdcc, 0xa9728950, 0x0444372f, 0x9c44fe7f, 0x017680ff, 0xbc019f06, 0x6f4824fb, 
    0x0300003f, 0xa82ea382, 0x2a062606, 0x1c001500, 0x48002300, 0x264c4540, 0x090c3008, 0x01070602, 0x0b086906, 0x01040702, 0x4c070500, 0x1d2f0c26, 
    0x0016161d, 0x1d231d00, 0x161e1f23, 0x4b1c161c, 0x07200bce, 0x0817ce4b, 0x06110326, 0x16141506, 0x36361101, 0x02263435, 0xe5fec3f1, 0x1b019999, 
    0x01c3bec3, 0xfe99991b, 0xd9bec3e5, 0x9701e7e7, 0x58210482, 0x27a582c3, 0x01bfbf1a, 0xc3069f1a, 0xfe250b82, 0xfebfbfe6, 0x2c0b82e6, 0x9c037301, 
    0xd6d6ee0a, 0xfc9203ee, 0x20088464, 0x085b4100, 0xd205a623, 0x075b4100, 0x74044622, 0x01261882, 0xc0fe6200, 0x17822a07, 0x31000f3d, 0x05002e40, 
    0x08540502, 0x01010207, 0x01035f00, 0x4d200000, 0x02020104, 0x42006006, 0x0f23076f, 0x85110f00, 0x07093000, 0x35132b1d, 0x11211521, 0x11331121, 
    0x82230333, 0x62240807, 0x36fe5e04, 0x93bee302, 0xc3fbb401, 0xa0a03205, 0x2b0575fb, 0x1afed4fa, 0x32054001, 0x9e000100, 0xe6040000, 0x13386b82, 
    0x30403300, 0x0102010c, 0x02000111, 0x02004c02, 0x04000105, 0x03690002, 0x2405d341, 0x04210404, 0x0e36674e, 0x2b160725, 0x18242201, 0x2008a654, 
    0x08738237, 0x0611232e, 0xe8910206, 0xbcbef5fe, 0x56c06991, 0xc856bebe, 0xf8e42c02, 0x37feca01, 0x363c91a3, 0x2efa8b02, 0x382e9202, 0x9e00ffff, 
    0x7905c0fe, 0x26227782, 0xf3823d04, 0x460b0727, 0x00004704, 0x851782ff, 0x8402208f, 0x07012f17, 0xf101440b, 0x090095ff, 0xb80101b1, 0xb35395ff, 
    0x82b42006, 0x87fc2023, 0x011126b3, 0x010c0002, 0x24b38201, 0x00000105, 0x23bd8202, 0x04040069, 0x08ffd718, 0x3221b392, 0x3a501804, 0x11072208, 
    0x29b58223, 0x09033636, 0xbe0a01e9, 0xb38692bb, 0xe4a60327, 0x0136fef8, 0x27b383c9, 0xd20575fd, 0x382e6efd, 0x20058343, 0x260d8206, 0x3d001700, 
    0x88153a40, 0x87072077, 0x01062877, 0x5f050404, 0x8a050500, 0x1314247d, 0x68101112, 0x1727076c, 0x07081701, 0x8e012b16, 0x35213d81, 0x11211521, 
    0x89043636, 0xbe0401e8, 0xbe6791b5, 0x2cfebe58, 0xe6fdac04, 0x8d03c753, 0x4f318a82, 0x91a3b001, 0x8dfd363b, 0xa7a72b05, 0x392dfcfd, 0xd7c61800, 
    0x05f52d08, 0x000b00d2, 0x041c401f, 0x00000202, 0x05217885, 0x23838260, 0x114e0521, 0x10290083, 0x2b1c0706, 0x21113313, 0x2f038611, 0x0402beb4, 
    0xbe0402bd, 0xd205bff9, 0x2b05d5fa, 0x2e290384, 0x00ffff00, 0x07c0feb4, 0x224f8288, 0x41420426, 0x06210593, 0x26078256, 0x00620002, 0x82200600, 
    0x000c2617, 0x40360015, 0x08197933, 0x0833b618, 0x4d202308, 0x02040400, 0x0202005f, 0x0d4e0221, 0x0d00000d, 0x10140d15, 0x000c000e, 0x1121240c, 
    0x2b190708, 0x42483513, 0x11212308, 0x45481113, 0x62260806, 0x62016602, 0xfe0f01e7, 0xe0fde8f2, 0x916201be, 0x0591a9a9, 0xb4fda032, 0xf8d3ccef, 
    0xadfd3205, 0x88a0c6fd, 0x9b84937f, 0x5c208382, 0x46209b84, 0x07249382, 0xea04c500, 0x2008db48, 0x2f1782ca, 0x0013000a, 0x00264029, 0x04010500, 
    0x67040003, 0x38056048, 0x60010303, 0x21010100, 0x0b0b4e01, 0x120b130b, 0x20241122, 0x2b1a0706, 0x06ce4801, 0x33112122, 0x0838b818, 0x90720121, 
    0x8603218b, 0xd2228884, 0x88860dfd, 0x62000226, 0x80080000, 0x18326f82, 0x3a002100, 0x02003740, 0x00070109, 0x00670702, 0x92450404, 0x01062606, 
    0x61030000, 0x062a4708, 0x00191935, 0x19211900, 0x001a1c20, 0x11170018, 0x21142124, 0x451b070a, 0x89880a9c, 0x0e032125, 0x41012302, 0x2827081a, 
    0x0c2f5547, 0x89770350, 0xebfd2894, 0x9a480e43, 0x418e0488, 0xa0250528, 0x03939938, 0x072b41ce, 0xabc9fc26, 0xdf026fe1, 0xb420a788, 0x9820a782, 
    0x1232a782, 0x38001b00, 0x01033540, 0x02080a01, 0x05010705, 0x9f820267, 0x004d203c, 0x60040707, 0x04020609, 0x4e042104, 0x00001313, 0x1a131b13, 
    0x12001416, 0xa4821200, 0x11111123, 0x06bd460b, 0x33112122, 0x2307fc49, 0x11211121, 0xb424a088, 0xbe1a03b4, 0xfc239c89, 0x85d803e6, 0xd2052597, 
    0x5202aefd, 0x02239785, 0x8820fde0, 0x00002194, 0x0a97ef18, 0x00242108, 0x00454048, 0x05040506, 0x00800406, 0x03020301, 0x00800201, 0x01030004, 
    0x00670304, 0x61070505, 0x252ba182, 0x0202004d, 0x01086100, 0x72260000, 0x19210590, 0xc8561818, 0x05220807, 0x01240004, 0x16070924, 0x2622052b, 
    0x1e332726, 0x36323302, 0x35213736, 0x23022e21, 0x07060622, 0x11823e23, 0x12045508, 0x04021415, 0xfe99ca02, 0x15be1aa9, 0x7d62ac79, 0xfd0c82ce, 
    0x11690294, 0x6279c983, 0xbe1579ac, 0x97feaa1b, 0xab2a01bf, 0x14d6feab, 0x6697db77, 0xe877478c, 0xdb9fa7aa, 0x668c4770, 0xba75da9a, 0xebeda9fe, 
    0x00baa9fe, 0xb4000200, 0xa407ecff, 0x1600e605, 0x6e208d82, 0x20059d76, 0x24d48221, 0x03000603, 0x38ad8267, 0x05086101, 0x25010102, 0x0601094d, 
    0x04610206, 0x26020201, 0x401b4e02, 0x25238729, 0x05050108, 0x29844d20, 0x27830020, 0x04040023, 0x822c8621, 0x2c2b82e7, 0x18164059, 0x20000017, 
    0x1826171e, 0x2d668226, 0x26131116, 0x070a1123, 0x11012b1b, 0x39513621, 0x23042c08, 0x27022422, 0x11231121, 0x18363201, 0x2d078ff0, 0x12141502, 
    0x01720116, 0x01b1110b, 0xd186b31e, 0xfeb5bf2a, 0xfe0eb0df, 0x5c04bef6, 0x0aecc418, 0xfdd20527, 0x2f01d36e, 0x2edb83a4, 0xb9a9feec, 0xd73601a7, 
    0xd20560fd, 0x1887cafa, 0x820ef4c4, 0x21f782b9, 0xbb56003e, 0x00103505, 0x40310019, 0x0101082e, 0x064c0105, 0x01000501, 0x67010500, 0x0339c582, 
    0x0303005f, 0x01024d20, 0x00210000, 0x1111114e, 0x22181119, 0x10311127, 0x31ba8207, 0x21112321, 0x23012722, 0x35262601, 0x33363634, 0x0f820321, 
    0x15063d08, 0x04331614, 0xbffebe72, 0xcafe1112, 0x8d4e01dc, 0xaee16d87, 0xfebefe01, 0x9797b2ca, 0x014202b0, 0x6502bdfd, 0x8594dc31, 0x19fd77d0, 
    0x85a04002, 0x00009883, 0xb400ffff, 0xcf04a7ff, 0x8205034c, 0x0b07249c, 0x87d40051, 0x75082117, 0x04211783, 0x2117850e, 0x07827a04, 0x0963f518, 
    0x35056f42, 0x03040302, 0x00800402, 0x05060507, 0x00800607, 0x07050004, 0x76560504, 0x4d252408, 0x42060600, 0x212d0a6f, 0x181b1d20, 0x12151617, 
    0x090c0d10, 0x096f4207, 0x2505f553, 0x16163233, 0x6d422317, 0x15212206, 0x06814221, 0xf5183320, 0x62331372, 0x1183c979, 0x94fd6902, 0x7dce820c, 
    0x1579ac62, 0x18a91abe, 0x080f78f5, 0x9fdb702f, 0x77e8aaa7, 0x97668c47, 0x000076dc, 0xff7a0002, 0x058007eb, 0x002f00e6, 0x4047003b, 0x18262c44, 
    0x2d070403, 0x04000203, 0x05004c02, 0x23b98200, 0x03006907, 0x2b054a4e, 0x01064d25, 0x61000404, 0x00020801, 0x31052c43, 0x282a3537, 0x15171e20, 
    0x0d0e0f10, 0x2f000507, 0x2c432f01, 0x06272406, 0x86222306, 0x22152fc2, 0x10150206, 0x37322100, 0x34350226, 0xd3833636, 0x14158708, 0x16160702, 
    0x37363233, 0x01060617, 0x34351236, 0x06222326, 0x06121415, 0x4dbf635f, 0xde66d465, 0xacb2b9fe, 0x86bf2b01, 0x1e017fd8, 0x76790001, 0xdd7e8d78, 
    0x7ede9190, 0x572599c7, 0x43713233, 0xfe913738, 0xa7c39941, 0x88a38a88, 0x29282b15, 0x5601bb29, 0x5701edeb, 0xfe87b0ba, 0xedfec0f9, 0x6c22c7fe, 
    0xa6af2f01, 0xed8688f6, 0xc2fed49b, 0x15080a67, 0x261a9a1d, 0x01562001, 0xbda1a815, 0xfe94a9c6, 0x008200eb, 0x1400022e, 0x3706ecff, 0x2200e605, 
    0x88002b00, 0x23051556, 0x0902002f, 0x723af582, 0x06010700, 0x80060701, 0x05030108, 0x03070101, 0x09006a01, 0x00610409, 0xc7410404, 0x440a2006, 
    0x1b220537, 0x31833040, 0x03020923, 0x0832a780, 0x1b40592c, 0x27290001, 0x1e1f2324, 0x16171a1c, 0x0c0d1012, 0x04050708, 0x22012200, 0x2b16070b, 
    0x02242205, 0x35112427, 0x16141533, 0x98431716, 0x06014207, 0x06333725, 0x44010406, 0x72080685, 0xfeb3c903, 0xfe0faee4, 0x340fb1d7, 0x01ad0f35, 
    0x01c1bb21, 0xc0fb9110, 0x78ca820e, 0xc42ed39f, 0xfffeaa1b, 0x88038ffd, 0x8bbc6002, 0x1483cf7f, 0xd33201a5, 0x3f41010b, 0x1340444d, 0x3201d301, 
    0xcbfeafa5, 0xe1a4a3ca, 0x908fa874, 0x4f037cdb, 0x7583e593, 0x020000e2, 0xecff8000, 0xe6057d05, 0x22001900, 0x3b403e00, 0x01020300, 0x80010302, 
    0x4c000100, 0x0221059b, 0x0b094102, 0x09410720, 0x00013205, 0x1a1b1e20, 0x0d0e1113, 0x0506090b, 0x19011900, 0x20cd8608, 0x06364535, 0x36230723, 
    0x07a05536, 0xd242c482, 0xe2022b05, 0x91effec0, 0x830e4104, 0xb48579c9, 0x9e01012d, 0xa82801bf, 0x01d4fea8, 0x8577fc19, 0x148424bc, 0x873501af, 
    0x7bdc21ab, 0x21073845, 0xb385ab02, 0x00ffff37, 0x04ecff7d, 0x02d2057c, 0x004b0506, 0x00010000, 0x05000034, 0x28c3826e, 0xb541000f, 0x0102010e, 
    0x06f27b01, 0x01001126, 0x03610001, 0x252fb382, 0x0202004d, 0x1b4e0221, 0x03001540, 0x844d2003, 0x873b8218, 0x593a0817, 0x211311b6, 0x1a070422, 
    0x3636012b, 0x23153333, 0x01070622, 0x01330123, 0x32150433, 0x1734777c, 0xfe1a2e3d, 0xdefdca4e, 0x12b401ca, 0x9f8eb904, 0xfb484eae, 0xfbd2055e, 
    0x8f820023, 0xa7ff622a, 0xd2055306, 0x9b012600, 0x21053344, 0x07825802, 0x00022208, 0x04e8ff68, 0x002d0641, 0x00330023, 0x14334036, 0x01030201, 
    0x1f22234c, 0x191a1b1e, 0x01090118, 0x2abb824a, 0x03010203, 0x02010469, 0x82610002, 0x00603a33, 0x2d24254e, 0x2533242b, 0x05272633, 0x012b180b, 
    0x15121607, 0x23060214, 0x06f54422, 0x16163225, 0x82263317, 0x3727211c, 0x37200582, 0x37200d82, 0x0adb4c18, 0x15066308, 0x03161614, 0xb98bcac7, 
    0x9694dd7b, 0xcb7879de, 0x567d547c, 0x7b201018, 0x2ffafe69, 0x38632bd1, 0x41894449, 0x68bffef8, 0x8b41488c, 0x458b6970, 0x87058b40, 0x7dfe8e62, 
    0x00ffb4f0, 0x9cf28a88, 0x3a88f19e, 0xcb582b55, 0x656e7f62, 0x7d1c3e20, 0x78365921, 0xa66293fa, 0x79b65e66, 0x6267b06b, 0xa6826bac, 0x83020021, 
    0x01053edb, 0x15006c04, 0x89002700, 0x12270940, 0x05040c0f, 0x4b4c0104, 0x585015b0, 0x04001840, 0x08f56404, 0x0005052f, 0x02060361, 0x00350000, 
    0xb04b1b4e, 0x201f8224, 0x241f8b1c, 0x4d2f0303, 0x21248300, 0x23850106, 0x00204026, 0x4d310202, 0x19652384, 0x38228d07, 0x13405959, 0x21230001, 
    0x10111b1d, 0x07090d0e, 0x15011500, 0x2b160807, 0xdb8f1805, 0x1363080b, 0x23130333, 0x13020e03, 0x23032e27, 0x14150622, 0x3e323316, 0x53023702, 
    0x7f7dde90, 0xa98192e2, 0xaa481862, 0x54aaa898, 0xfaac671b, 0x512f0d01, 0xad945f82, 0x845d8ea9, 0x180c3358, 0xa9050194, 0x930401ab, 0x0154a169, 
    0xfdd1fd50, 0x565701d1, 0x470270a9, 0x848a3503, 0xbfc2e056, 0x8e8758e1, 0x41ffff36, 0x062f0507, 0x04260216, 0x00000056, 0x01fa0a07, 0x88000086, 
    0x88202017, 0x01822217, 0x2217949e, 0x948e0183, 0x00842117, 0x2505a362, 0x05e8ff68, 0x47890601, 0xc6008522, 0x86202f94, 0x87202f96, 0x07212f8b, 
    0x228f8859, 0x89420188, 0x22178a47, 0x89440189, 0x21d78a17, 0xf763018d, 0xfe682205, 0x248f8a12, 0x01e60927, 0x88f7846d, 0x881f96df, 0x881f96e7, 
    0x881f96ef, 0x881f96f7, 0x411f96ff, 0x1f830807, 0xbf89ef88, 0x96080f41, 0x1717411f, 0xe1009422, 0x21092f41, 0x5f41d305, 0x06062406, 0x85007ded, 
    0x428f8417, 0x6f89071f, 0x210c4f41, 0x37866c04, 0x4f410720, 0xffff2205, 0x05674100, 0x5f423791, 0xf505210c, 0xee216f88, 0x886f8a61, 0x216f8717, 
    0x1f840606, 0x00020038, 0x045efe9e, 0x00e60550, 0x002d0017, 0x0c454048, 0x16050401, 0x08480301, 0x03042805, 0x00690405, 0x83000606, 0x4d34234b, 
    0x455f0108, 0x4d353606, 0x02020107, 0x194e0233, 0x28000018, 0x1f202226, 0x192d181d, 0x2843822d, 0x09242c17, 0x132b1808, 0x08f24711, 0x60070621, 
    0x22240668, 0x01112726, 0x22056860, 0x85333523, 0x224d0808, 0x14111506, 0xc9719e16, 0x6fc58184, 0xb38b7689, 0x6a86cd75, 0x1f0128a4, 0x7a8ea28a, 
    0x8d79518d, 0x907a778c, 0x055efe94, 0x68b87aee, 0x7e74b165, 0xb2232297, 0x72cb83a4, 0xb2fd6858, 0x82983602, 0x82a39780, 0x807b6a6f, 0x6f48fd6e, 
    0x22f08295, 0x82360001, 0x044923cf, 0xae18005e, 0x3122103f, 0xb485034d, 0x0e252682, 0x12180e00, 0x21a88204, 0xaf681101, 0x0111250b, 0xc551fee5, 
    0x26091b6d, 0x015efe50, 0x6d6a0496, 0x96340a1f, 0x02006afe, 0xe8ff6800, 0xd2054404, 0x27001b00, 0x36403900, 0x21067361, 0xa75f0069, 0x49c81808, 
    0x1c1d340c, 0x21230001, 0x271d271c, 0x0b0d0e10, 0x1b000607, 0x44081b01, 0x262b059b, 0x37123435, 0x10352626, 0x44153321, 0x17270591, 0x14151216, 
    0x41270606, 0x4108081f, 0x56021614, 0xf47cdf93, 0x029491c9, 0xa8c29a1e, 0xaa9b8098, 0x94de7cc9, 0x92a5a592, 0x18a5a692, 0xe6a1e579, 0x210e0201, 
    0x09016269, 0x3a403ba1, 0xfe2d2954, 0xe5a3d1e8, 0xb0aea179, 0xb3cecfb2, 0xef82adb1, 0x2908a182, 0x03ecff6c, 0x006c04e6, 0x4044002b, 0x02121341, 
    0x01080203, 0x28290304, 0x03040502, 0x0003004c, 0x04030504, 0x02020069, 0x61456101, 0x0a7f4505, 0x2600012f, 0x1d1e2024, 0x1015171b, 0x012b000e, 
    0x0658452b, 0x3629bc82, 0x022e3736, 0x33363435, 0xff851832, 0x16142108, 0x20052e47, 0x08088215, 0x3736324f, 0x02060617, 0x77cf8234, 0x52586125, 
    0xbff02056, 0xac25ccb0, 0x706b7417, 0x86777787, 0x95887586, 0x166b787d, 0x14d620b1, 0x2f619150, 0x17185664, 0x9b2e5f50, 0x2f8592ae, 0x4d60594e, 
    0x6b975443, 0x5f604d4d, 0xa68d285b, 0xffff0000, 0x25c38400, 0x26021606, 0xd4827304, 0xfa0a0724, 0x07825101, 0x17830220, 0x821f0421, 0x821420db, 
    0x403a30dd, 0x02010837, 0x004c0105, 0x03020005, 0x46690205, 0x5f240735, 0x0303004d, 0x0af00019, 0x25292b27, 0x181c1e23, 0x22d38216, 0x70140114, 
    0xd38c06f9, 0x12111224, 0x97410302, 0x05b04206, 0x8205af4a, 0x34d38be1, 0x01f3fbbe, 0x758186f1, 0xa6799188, 0x768d3f91, 0x7777836d, 0x2ad08d81, 
    0xfcfed7fe, 0xc4fee9fe, 0x83262c02, 0xcae824d1, 0x8365b475, 0x23d387df, 0x06026c04, 0x0126d384, 0xecff6600, 0xa741e003, 0x191a2607, 0x24040302, 
    0x21048201, 0x05820203, 0x03004c26, 0x03010200, 0x0524d384, 0x05050061, 0x0121d382, 0x2dd38a01, 0x15171c1e, 0x0c0e0f11, 0x2b000608, 0xd3862b01, 
    0x08ba4918, 0x43232621, 0x07200a78, 0x2605e45a, 0x06061415, 0x83021e07, 0x024e0806, 0x20d6bc18, 0x786a17b1, 0x7588957d, 0x77778686, 0x746b7186, 
    0xcb26ac17, 0x20f0bfb0, 0x61585256, 0x14ce7725, 0x5b288da6, 0x4d4d605f, 0x4354976b, 0x4e59604d, 0xae92852f, 0x505f2e9b, 0x64561817, 0x5091612f, 
    0x02000000, 0xecff6700, 0x8f411a04, 0x010d2209, 0xb5db1805, 0x63692009, 0xbb82078a, 0x41040421, 0x0722128f, 0x8f410005, 0x13022608, 0x32331210, 
    0x20a48a16, 0x093a4403, 0x14070623, 0x05964116, 0x0223232a, 0x01f1fa52, 0xefbffbf3, 0xf739a887, 0x83777781, 0x3e8d766d, 0x7aa69101, 0x81758890, 
    0x013c0114, 0x01040117, 0x22ae8c29, 0x83435a02, 0xb46524c7, 0x83e8ca75, 0x052b43d5, 0xecff6624, 0xbf827e05, 0xa3003b22, 0x36054458, 0x2a303114, 
    0x04050429, 0x02083905, 0x13140700, 0x03000202, 0x8b401b4c, 0x87032016, 0x85592016, 0x00252932, 0x04000704, 0x03070059, 0x022b3282, 0x00690007, 
    0x61060505, 0x82060600, 0x066543f7, 0x4e015d32, 0x0026401b, 0x00030004, 0x00690304, 0x00010807, 0x20082898, 0x01174059, 0x2e343600, 0x2125272c, 
    0x181c1e1f, 0x000f1116, 0x093b013b, 0x012b160b, 0x27262622, 0x08c64107, 0x26222322, 0x211cf141, 0x4a183717, 0x042f0825, 0x2d5c52fe, 0x4417860f, 
    0x25615831, 0x4183ce77, 0xb83617ff, 0x0db709ed, 0x1a30371f, 0x1c1a0a2d, 0x3fdc0141, 0x1851456d, 0xf2410d28, 0x12124206, 0x6c91a22a, 0x0e5a9356, 
    0x130d7804, 0x2009b743, 0x08b74320, 0x69018222, 0x890acf43, 0x01832217, 0x22179459, 0x94b10084, 0x00852217, 0x20179491, 0x202f9686, 0x442f8c87, 
    0x8d3a0947, 0x00006401, 0x68000100, 0xb103e1fe, 0x2400d205, 0x2f403200, 0x01021017, 0xb0690102, 0x442e200e, 0x2d820544, 0x38052365, 0x38240024, 
    0x06333b11, 0x012b1a08, 0x23263435, 0x35242223, 0x37363634, 0x08038237, 0x23060650, 0x15213521, 0x15020e01, 0x33331614, 0x15151632, 0x41340503, 
    0x00ffdd4b, 0x8267934e, 0x41265a32, 0xbbfe3b90, 0x8dfe1203, 0xb03c7b5e, 0x8e8f3394, 0x36c0e1fe, 0x65b8d229, 0xa683bca6, 0x05235e40, 0xfe89a105, 
    0x7b9b7923, 0x77738449, 0x7582c481, 0x9e00012e, 0x1d045efe, 0x13006c04, 0x05b54c00, 0x0a736a18, 0x414b1620, 0x4d312108, 0x2f202882, 0x3328a883, 
    0x401b4e03, 0x0101001a, 0x04271282, 0x00610204, 0x8b370202, 0x7b6a181c, 0x1b082407, 0x1811012b, 0x201a7b6a, 0xb18318d1, 0x5e043008, 0xd26677cf, 
    0x0498fbd4, 0x9d928159, 0x85ffff00, 0x1606258f, 0x82042602, 0x21069345, 0x1789008c, 0x17882020, 0xa4018222, 0x83221794, 0x17949401, 0xec008422, 
    0x85221794, 0x1794cc00, 0x2f968620, 0x2f8b8720, 0x88590721, 0x0188228f, 0x8a478948, 0x01892217, 0x8a17894a, 0x018d22d7, 0x2317869f, 0x061d0412, 
    0x2627d787, 0x0010e609, 0x840a0700, 0x841f9add, 0x841f9ae5, 0x841f9aed, 0x841f9af5, 0x231f9afd, 0x00cc0087, 0xff240082, 0xfe9e00ff, 0xef88bf82, 
    0x8822bf87, 0x1f9c4801, 0x4a018922, 0x17411f8b, 0x223f8708, 0x8b9f018d, 0x6c04211f, 0x23066741, 0x10e60906, 0x3790778a, 0x8c01fa22, 0x5e243788, 
    0xf5051d04, 0x06223787, 0x378a67ee, 0x6f851788, 0x1d840620, 0x7a00032e, 0x7e04e8ff, 0x1100ea05, 0x1f001800, 0x13d3d118, 0xa2183620, 0x35360ad1, 
    0x191a4e00, 0x1c1d0001, 0x1f1a1f19, 0x12131517, 0x1100080a, 0x89491101, 0x02240806, 0x12343535, 0x16323336, 0x14151512, 0x21010602, 0x22230202, 
    0x12320102, 0x12122113, 0xe79e7c02, 0x9ee77d7d, 0xfe2a0584, 0x01980216, 0xac9f9fac, 0x03824b01, 0x0168fd30, 0x01b418ac, 0xe244e249, 0xb4b44901, 
    0x0882b7fe, 0xb7fe2008, 0x014c03b4, 0xfe150100, 0x0155fceb, 0xff000115, 0x00ebfe00, 0x9e000100, 0x1b02f8ff, 0x18005e04, 0x270da374, 0x02004d31, 
    0x03620002, 0x20057869, 0xa3741801, 0x05234a09, 0x33113522, 0x093c4b18, 0x0fa37418, 0xfc660324, 0x74184dc7, 0xff2107a3, 0x255f82c7, 0x02600729, 
    0x77500426, 0xfe552605, 0xff0000e8, 0x217785ff, 0x17861606, 0xfa0a0624, 0x17830018, 0x82afff21, 0x0641222f, 0x23178602, 0xfe900a07, 0x2f823782, 
    0x17828020, 0x20061b22, 0x82212f88, 0x212f8430, 0x178e7000, 0x84208321, 0xc8ff2117, 0x0724178c, 0x78ff840a, 0xa8205f84, 0x8522178e, 0x178458ff, 
    0x37202f83, 0x07225f88, 0x2f8a860a, 0x178a1f20, 0x2f868720, 0x4783d420, 0x88590721, 0xd488218f, 0xd6207785, 0x1c201782, 0x8921178a, 0x211784d6, 
    0x77845300, 0x8d21ef89, 0x202f892b, 0x0807411b, 0x940a0724, 0x8f8473ff, 0x2f83e320, 0x86d30521, 0x0607245f, 0x840fffed, 0x825b2017, 0x06952217, 
    0x081f41f7, 0x47fe8a22, 0xd5201784, 0xf5202f84, 0xee222f88, 0x1784f3fe, 0x1782b420, 0x1f074622, 0x8c222f88, 0x788238ff, 0x3600012c, 0x0905e8ff, 
    0x2100ea05, 0x0e515b00, 0x1d0b2f05, 0x06071213, 0x00010601, 0x401b4c01, 0x0c831d0e, 0x00020529, 0x02010113, 0x85594c02, 0x820d2023, 0x4d362c3a, 
    0x01020203, 0x4e013501, 0x8511401b, 0x0201250f, 0x004d2f02, 0x59221384, 0x13820b40, 0x2100212e, 0x0804292a, 0x01332b18, 0x07262627, 0x2406d749, 
    0x16160117, 0x69ae1837, 0x77032007, 0x0333050e, 0x17ad0136, 0x1255712e, 0x294a112e, 0x0134a674, 0x82722d6b, 0x1054080c, 0xa6732d47, 0x2a1ca033, 
    0x1a291314, 0x3c6804ee, 0x04133577, 0x7b0d089c, 0x7648fc88, 0x9b041338, 0x887b0e07, 0x8e4cac01, 0x4a914647, 0x010069fd, 0xe1fe7400, 0xd205f203, 
    0x3d002d00, 0x010c3a40, 0x4c010405, 0x00070108, 0x04008607, 0x04060500, 0x01036705, 0x5f25c982, 0x2e020200, 0x073e4e4d, 0x2c052f47, 0x342d002d, 
    0x11212421, 0x0809331e, 0x0d32471d, 0x35022e2e, 0x37363634, 0x15213505, 0x15060607, 0x080b474c, 0x1632334c, 0x46031515, 0xe86d4132, 0xb375f6fe, 
    0x5a91525f, 0xfe53935b, 0x881c03b7, 0x969ff1e6, 0xbcaff8e4, 0x8f5aa3af, 0xc1e1fe8e, 0xb8d32836, 0x0e4f9b80, 0x60743a0b, 0x0d427b61, 0x0890990e, 
    0x6a827a0d, 0x818ca07c, 0x8177867b, 0xbf8200c4, 0xf8ff293d, 0x5e04ae04, 0x37001700, 0x01153440, 0x4c010600, 0x01020305, 0x005f0401, 0x85310404, 
    0x07022bb2, 0x2f000002, 0x00014e00, 0x4d181012, 0x17220a9f, 0x31441701, 0x11352606, 0x11231121, 0x18ae8223, 0x080adc4e, 0x7e2b0426, 0xb461fe7c, 
    0xc58104b5, 0x1e1d3825, 0x4516240d, 0x02798708, 0x033bfccd, 0xfd9999c5, 0x043f4e60, 0x0b069704, 0x3006774f, 0x006c047e, 0x00210013, 0x11354038, 
    0x01040301, 0x277e824c, 0x00006100, 0x064d3700, 0x30096b4f, 0x02020105, 0x154e0233, 0x1d000014, 0x1521141b, 0x23338221, 0x07242613, 0x4405674f, 
    0x142006b4, 0x18051254, 0x2911d960, 0x9797de7b, 0xd5787bde, 0x60186b8b, 0x260808d6, 0x9a6b8b44, 0x5efea2a3, 0x01b0d003, 0xfe8b8c02, 0xfeb0b1fe, 
    0x5d4990fa, 0x02b1fd1f, 0x77bf702b, 0xe26ebb73, 0x82edb9ba, 0x47ff2087, 0x7e2605df, 0x26022006, 0x1082b004, 0x820a0724, 0x1f47c601, 0x22178b08, 
    0x83b60183, 0xe3ff2417, 0x82045efe, 0x2f2f85d7, 0x6b0b0701, 0x5dfc57ff, 0x02b10900, 0x5dfcb801, 0x2406675f, 0x04e1fe68, 0x28fb822a, 0x40320021, 
    0x0210112f, 0x09674903, 0x2309804e, 0x61000303, 0x37427182, 0x00212505, 0x26253621, 0x210b6749, 0xb0452626, 0x059f6706, 0x15060624, 0x65491614, 
    0x4f5b2807, 0xe5986344, 0x18e58080, 0x290ddfa7, 0xfeb08f64, 0x433ba1e1, 0xa718f884, 0xb4250ddf, 0xa3829769, 0x06d74f00, 0x5e04d52d, 0x21001100, 
    0x2d403000, 0x82020306, 0x495f208e, 0x003a073f, 0x00010561, 0x4e003500, 0x00011213, 0x2112191b, 0x0a0b2113, 0x11000709, 0x6a541101, 0x36362509, 
    0x21152133, 0x2105f250, 0x95862203, 0x3636322b, 0x26263435, 0xe6986502, 0x0894827f, 0xfe700239, 0x80968277, 0x907099e6, 0x70904646, 0x46469271, 
    0x01911892, 0xfeacac03, 0xdb2f998c, 0x8ef99fad, 0xb86ed503, 0x73be6e6f, 0x6f6ebd74, 0x00006eb8, 0xff140001, 0x82a603f2, 0x00122e9b, 0x10324035, 
    0x11010401, 0x02040001, 0x0869434c, 0x004d3124, 0xa2850404, 0x4e002f31, 0x0c0d0001, 0x06070809, 0x12000405, 0x46061201, 0x10600749, 0x16142105, 
    0x3f058359, 0xa291b702, 0x920390fe, 0x463d92fe, 0x24163512, 0x89990e39, 0xa1a1a902, 0x454b65fd, 0x14980408, 0x2905e741, 0x1d04ecff, 0x06025e04, 
    0x0f89b403, 0x02f70623, 0x240f8326, 0xe6060600, 0x062742ac, 0x06202783, 0x168b4118, 0x09e34018, 0x01fa0a23, 0x20478a7d, 0x24478620, 0x01820a07, 
    0x22179495, 0x94850183, 0x00842217, 0x221794dd, 0x94bd0085, 0x96862017, 0x8b87202f, 0x5907212f, 0x88228f88, 0x47893901, 0x8922178a, 0x43183b01, 
    0x0a2313a7, 0x9490018d, 0x83461817, 0x04ec2209, 0x6340181d, 0x094f4117, 0x418a0a21, 0x40180b4f, 0x1f201833, 0x2808a788, 0x009d008c, 0x00020000, 
    0x055efe68, 0x0072045c, 0x0025001b, 0x092c402f, 0x1c000201, 0x010a0f1a, 0x02020105, 0x0202004c, 0x05574400, 0x0101032a, 0x4e013301, 0x21230000, 
    0x1b282a82, 0x08041214, 0x11012b16, 0x27067c45, 0x15060617, 0x34110510, 0x0805ae5b, 0x07001052, 0x36361111, 0x23263435, 0x02150622, 0x84f3a786, 
    0x2f6e9b51, 0x6a017263, 0xc1808e9a, 0xfedcfe6d, 0x717ab7b7, 0x5efe4241, 0x940c8c01, 0xed82a6fb, 0x1c9a1fac, 0x6efea1d0, 0xa2920220, 0xa5fa8cb2, 
    0xcbfef2fe, 0x0272fe18, 0xced91430, 0x484fdbad, 0x0021aa82, 0x22ab8403, 0x71d30513, 0x40220693, 0x9f823d40, 0x4d2e2508, 0x07020a08, 0x03610107, 
    0x37010101, 0x02090b4d, 0x61000606, 0x00000104, 0x05004d35, 0x4e053305, 0x16161f1f, 0x29093271, 0x11161112, 0x0c101611, 0xe4571d08, 0x33112309, 
    0x1e593211, 0x23112306, 0x76431113, 0x11012106, 0x21068743, 0x14446502, 0x99b13205, 0xe57f7fe5, 0x70b1b199, 0x90474691, 0x9070dffe, 0xb8711846, 
    0x0121080a, 0x9199fe67, 0xacaffcfe, 0xfe90fcfe, 0xfc6d0576, 0x6ebd74be, 0xfc75be70, 0x754203be, 0xbe6e70be, 0x34c48273, 0xfe9e0001, 0x059b055e, 
    0x00170068, 0x0028402b, 0x85030103, 0x21b88205, 0xba594d31, 0x85062005, 0x070728b7, 0x114e0733, 0x82111313, 0x08102803, 0x052b1e08, 0x49110020, 
    0x058205cf, 0x35363222, 0x27080582, 0x11210010, 0xfec20223, 0xb4e3fef9, 0xb2b4b2be, 0xe3feb4bf, 0x14b4f8fe, 0x24013901, 0xebfd1502, 0xdb04dae2, 
    0xe2da25fb, 0xfe250b83, 0xfec7fedc, 0x3a7f8472, 0x06f0ff68, 0x005e0408, 0x403a002c, 0x02012a37, 0x004c0103, 0x01020103, 0x8a800203, 0x06622188, 
    0x2f08c646, 0x1f202628, 0x13141719, 0x07080e10, 0x2c012c00, 0x2605c646, 0x36341102, 0x4e333736, 0x908205a3, 0x6c333521, 0x4308081a, 0x1e332726, 
    0x02101502, 0x27262223, 0x04020606, 0x704ceab2, 0x783fca35, 0x6b707b4e, 0x6d64af6e, 0x78517c74, 0x7033ca3c, 0x82b6ea4e, 0x9422228f, 0x01040110, 
    0xb0f19700, 0xe3b24532, 0xabb9ab90, 0xa3f4f4a3, 0x94280682, 0x3040afe7, 0xfe9bf3ac, 0x78260082, 0xff756360, 0xbb8400ff, 0x02160625, 0x82cc0426, 
    0x0a0723cb, 0xf74f02fa, 0x20178505, 0x24178820, 0x00710282, 0x892f8800, 0x02832217, 0x22179461, 0x94b90184, 0x01852217, 0x20179499, 0x202f9686, 
    0x212f8b87, 0x8f885907, 0x15028822, 0x178a4789, 0x17028922, 0xd78a1789, 0x6c028d22, 0xfe241785, 0x06080612, 0x2724bf87, 0x5102e609, 0xdf88f784, 
    0xe7881f96, 0xef881f96, 0xf7881f96, 0xff881f96, 0x07411f96, 0x881f8308, 0x41bf89ef, 0x1f96080f, 0x84081741, 0x07ef415f, 0x1f413f89, 0x5e04210c, 
    0x41076741, 0xff23051f, 0x966800ff, 0x0c2f4237, 0x87f50521, 0xee062137, 0x84068b79, 0x88178837, 0x371f856f, 0x46000200, 0x850446fe, 0x13005e04, 
    0x2c001f00, 0x0a0d2940, 0x01030307, 0x2005666a, 0x05e05159, 0x00010433, 0x4e006100, 0x191b0001, 0x08090b0c, 0x13011300, 0x056a5305, 0x36343527, 
    0x33013737, 0x27028201, 0x15161617, 0x06030614, 0x08094d6f, 0x7f63023f, 0x7f16209a, 0x01c547fe, 0xc858015a, 0x1d7d48fe, 0x297f910f, 0x26263030, 
    0x46fe2a30, 0x5e25777d, 0x7903fd2b, 0xae0252fd, 0x38f984fc, 0x7e761a5d, 0x6350cf01, 0x2c2a2127, 0x0062251f, 0x06834800, 0x05582c08, 0x002100d2, 
    0x4044002f, 0x05011541, 0x004c0106, 0x04030001, 0x00690301, 0x05060004, 0x00690604, 0x4d200202, 0x05050108, 0x82076100, 0x002822a9, 0x3366184e, 
    0x1b290809, 0x0e111219, 0x00090b0d, 0x09210121, 0x052b1607, 0x35262622, 0x36123435, 0x36363736, 0x06143335, 0x07020e07, 0x33023e33, 0x58be8432, 
    0xc683096a, 0x02164f08, 0x87e69065, 0xa6e58b3e, 0x90a04065, 0x60bc97b5, 0x7d1e050f, 0xc47962ab, 0x8ee28174, 0x93a1a994, 0x50569a64, 0xfe891894, 
    0x01d826af, 0x0a58b527, 0x7d373b06, 0x4a0a0d84, 0x864eb3ba, 0x98f18d53, 0x9e92fc9e, 0xceb3b5d0, 0x6d74b264, 0xd28263ac, 0x0003002d, 0x0400009e, 
    0x005e041f, 0x8218000f, 0x403924d7, 0x19010836, 0x2113f31a, 0xd7824d22, 0x065f0132, 0x21010101, 0x00004e01, 0x191b1f21, 0x10121618, 0x0e253782, 
    0x17070721, 0x9361182b, 0x021e2408, 0x70061415, 0x35200933, 0x3406f667, 0xc9019e21, 0x6476d7b6, 0xc44d7741, 0x019bfead, 0x62625665, 0x3d078256, 
    0x7372651f, 0x04e2fe65, 0x6287a35e, 0x47091472, 0xaa825779, 0x564652a4, 0x48549760, 0xa3834f46, 0xa3830120, 0x18540321, 0x7a0a8f81, 0x928205cf, 
    0xcf7a8c86, 0x18072106, 0x29064f70, 0xfefd5403, 0xa65e04b4, 0x348248fc, 0x3f860020, 0x006e0532, 0x4b470007, 0x58500ab0, 0x00001740, 0x70000303, 
    0x84085a79, 0x022125dd, 0x16401b4e, 0x00211982, 0x22189085, 0x790c4059, 0x07240975, 0x11012b19, 0x1125ef82, 0xaa021123, 0x236a84aa, 0x4afe1001, 
    0x00266d85, 0x0900ffff, 0xaf8354fe, 0x04260223, 0x2c3582e7, 0xff6b0b27, 0x0145ff7d, 0x1c480b06, 0x0c897e00, 0x02000028, 0xbffe2800, 0xa682c004, 
    0x2015c370, 0x23c37022, 0x70023e21, 0x240810c2, 0x3b2e5c28, 0x02250d26, 0xfcb3aad1, 0x130274cf, 0x101885fe, 0x01bffe37, 0xc1792ee7, 0xfcb6019a, 
    0x0119fe48, 0x260f8341, 0xf0fe1203, 0x41fdfeb2, 0x41240567, 0x3a060000, 0x24088b82, 0x40360015, 0x02010c33, 0x4c010106, 0x08010103, 0x01050601, 
    0x02046706, 0x22000002, 0x07090a4d, 0x21050503, 0x07c37005, 0x70111121, 0x0b2805c5, 0x332b1f07, 0x01330101, 0x0a818b18, 0x82112321, 0x01220801, 
    0xfec10141, 0x7001d545, 0x0157b459, 0x46fed76e, 0xfed9bf01, 0x55b4558d, 0x39028bfe, 0x25fe2502, 0x0383db01, 0xfddbfd27, 0xfedd01c7, 0x27038323, 
    0x4100ffff, 0x8d06c0fe, 0x262a8b82, 0x0000eb04, 0x460b0700, 0x07825b05, 0x5e00012f, 0x9803f3ff, 0x2d006a04, 0x4b404e00, 0x05ab4226, 0x21155168, 
    0x51680069, 0x68272006, 0x20310e51, 0x181a1b1e, 0x0f101216, 0x0507090d, 0x012d0004, 0x0951682d, 0xb6581620, 0x09cc5808, 0x23055568, 0x14151616, 
    0x08175f18, 0xf8014608, 0x036fb96f, 0x598504b8, 0x74877e64, 0x7e5f4949, 0x82545669, 0x6b02ae02, 0xa4706ab1, 0x805a7c59, 0x0dbc6b82, 0x39578247, 
    0x524d674e, 0x4f608666, 0x45545f4b, 0x544b875a, 0x7c64558c, 0x8c140811, 0x53915d68, 0x059b4200, 0x821d0421, 0x0b5a08e7, 0x1b401e00, 0x00020208, 
    0x034c0102, 0x22020201, 0x0001014d, 0x4e002100, 0x10131113, 0x2b1a0704, 0x23112321, 0x33112301, 0x33013311, 0x0db51d04, 0xb4abeefd, 0xaa14020d, 
    0xdafc2603, 0xd7fc5e04, 0x00002903, 0x9e00ffff, 0xdf04c0fe, 0x26021606, 0x0000ee04, 0x940a2700, 0x0782d800, 0x450b0724, 0x0782fa02, 0x9e000126, 
    0x3a040000, 0x0c206f82, 0x2115ef71, 0xef714d22, 0xb49e3c23, 0xe48e0170, 0xc40142fe, 0x9b97fee4, 0x1cfe5e04, 0xe3fde401, 0xd401bffd, 0x82002cfe, 
    0xfcfe2363, 0x63824a04, 0x3100192f, 0x01072e40, 0x4c010103, 0x04020f10, 0x062a4549, 0x82026721, 0x4d2228d9, 0x04040105, 0x824e0421, 0x00192a95, 
    0x11161819, 0x07061111, 0x083c7119, 0x15021e30, 0x07060614, 0x35363627, 0x23262634, 0x73831123, 0xfee78b30, 0x6dc28265, 0x336fad63, 0xa25b9170, 
    0x7a85e169, 0x120dfe30, 0x7075ba78, 0x93147ab8, 0x556c9a1d, 0x85824b82, 0x20070b41, 0x22878280, 0x82f00426, 0x0b072365, 0x6d830346, 0x20050341, 
    0x26178293, 0x403b0014, 0x42010b38, 0x072c09e6, 0x00670601, 0x05070002, 0x04670702, 0x0a22a484, 0xec420209, 0x00142207, 0x20a38214, 0x24038212, 
    0x070b1111, 0x20a9851f, 0x0e6c7235, 0x69b49e31, 0x3b01269f, 0x0198fed2, 0xe1fed26e, 0x83699f48, 0xcaca21a2, 0x21071f41, 0x9b83cccc, 0x00010027, 
    0x04000014, 0x268382e8, 0x4033000e, 0x73010730, 0x85820b77, 0x5f000622, 0x73072441, 0x0e22077c, 0x6a430e00, 0x07082605, 0x35132b1c, 0x0b2e7421, 
    0xec011422, 0x230b9041, 0x92cc03b4, 0x210b9241, 0xfe82cc03, 0x03217385, 0x727382fc, 0x22210c4f, 0x721c824d, 0x2008284f, 0x4c412814, 0x02140726, 
    0x6efeb5f2, 0x8e410811, 0xc448a67c, 0xfbf201ba, 0xfeb803a2, 0x7cf9b976, 0x05b37500, 0xbe04c028, 0x26025e04, 0x5b82f504, 0x450b0724, 0x1788d902, 
    0x7f828f20, 0x46221787, 0x17845d03, 0x00009e24, 0x2f828b05, 0x4a090621, 0x9e240553, 0x4d06c0fe, 0x26200f82, 0x00200f83, 0x04213f82, 0x21278768, 
    0x27841704, 0xeb427020, 0x83aa2008, 0x8209204f, 0x2227820f, 0x82780346, 0x0001216f, 0x4b204f83, 0x0d241782, 0x2a402d00, 0x04201182, 0x29061c6e, 
    0x06075f01, 0x22010102, 0xa972054d, 0x000d2308, 0x0084110d, 0x1c07082a, 0x2111012b, 0x21152111, 0x3806517f, 0x11025201, 0xccfee801, 0xb4effdb4, 
    0x33fe5e04, 0xfc92cd01, 0xfeeb0134, 0x82598215, 0x55fe2163, 0x31088b83, 0x41001600, 0x01033e40, 0x01020301, 0x4c020100, 0x02000500, 0x67020503, 
    0x04040106, 0x03004d22, 0x004d2103, 0x62000101, 0x00000107, 0x014e0029, 0x1a701300, 0x0b0c2d05, 0x0005070a, 0x08160116, 0x012b1607, 0x09e78018, 
    0xb36f7c83, 0x06142a05, 0x2445f502, 0x530c200f, 0x23808249, 0xb41102b4, 0x08db8018, 0x83960221, 0x23918384, 0x847cf7fa, 0xf743e082, 0x04d92406, 
    0x4126025e, 0x4522060b, 0xef43f402, 0x82162008, 0x4b4018b1, 0x6b22200d, 0xd54607b7, 0x1123210e, 0x042d8083, 0xf1fdb416, 0xfb5e04b5, 0xfcb803a2, 
    0x823c8248, 0x0014245f, 0x82a60300, 0x0906225f, 0x4e338272, 0x17220527, 0x274ed205, 0x4e20200c, 0x274e051a, 0x4e272005, 0x274e0534, 0x4d282505, 
    0x24050500, 0x2017274e, 0x17274e07, 0x1e4e1120, 0x4e012007, 0x274e0730, 0x4eb52007, 0xb527052e, 0x49499270, 0x84250192, 0x90182f06, 0xafac0401, 
    0x01900501, 0x909afe66, 0x264efbfe, 0x21023306, 0xc77e5e03, 0x79c26e70, 0xa2fc5e03, 0x706ec279, 0x0f437ec7, 0xfe412405, 0x82ea034c, 0x001c39de, 
    0x1639403c, 0x040d1013, 0x01030302, 0x01020201, 0x4c030100, 0x03030104, 0x41051848, 0x052005c2, 0x2c07c241, 0x11121415, 0x05070e0f, 0x1c011c00, 
    0x05be4106, 0x1616372d, 0x34353233, 0x03272626, 0x4a012301, 0x46080582, 0x15161613, 0x9b020614, 0x110e3041, 0x0f841648, 0xfebf2325, 0x6001cffb, 
    0x01cfa1fe, 0xcf060104, 0x3de09cfe, 0x4cfea936, 0x0a06aa0e, 0x453925b3, 0xfe2b0136, 0x022e0255, 0x013ffe30, 0xfed0fdc1, 0x5091609e, 0x4700aa95, 
    0x0421050b, 0x22a78280, 0x44e10326, 0xf34109c7, 0x83a92006, 0x4c0b2117, 0x77201786, 0x24081743, 0x025e0416, 0x22178626, 0x42800147, 0x0120080b, 
    0xf7732f82, 0x21f1821b, 0xf7730404, 0x73262016, 0x200811f7, 0xb4e7c247, 0x804a698c, 0x3cb4b43c, 0xcd5e017f, 0xfe6601cd, 0x13767e9a, 0xfb360211, 
    0x108101a2, 0x07874513, 0x77829420, 0x06052622, 0x6220a786, 0x8208cf43, 0x8402208f, 0x07012717, 0x8001440b, 0x2149cbfe, 0xcbfe2105, 0x24068f54, 
    0x0500009e, 0x203b82f6, 0x08ef720b, 0x034d2225, 0x72010101, 0x9e221def, 0x028401b4, 0x04a8fa27, 0x0348fc5e, 0x210383b8, 0x8b86a2fb, 0x84890621, 
    0x8509208b, 0x5705218b, 0x02210782, 0x21678200, 0x67841004, 0x53721420, 0x4d22230f, 0x53720300, 0x0c0c2808, 0x130c140c, 0x72251122, 0x16250753, 
    0x06061415, 0x0c547223, 0x01522108, 0x5fd3c625, 0x27fe84b6, 0x632501b4, 0x02638080, 0x659bc8cd, 0x5e0461a4, 0x80fec8fd, 0x6d575369, 0x00277282, 
    0x00140002, 0x82be0400, 0x000d2373, 0x63730016, 0x73798214, 0x0e2e0963, 0x0e00000e, 0x11150e16, 0x000d000f, 0x6373250d, 0x7383870b, 0x14220864, 
    0x838fec01, 0x92cc0324, 0x86846ffe, 0xfecc0323, 0x7586855a, 0x0521057b, 0x22838246, 0x820b0526, 0x02072494, 0x82f403b2, 0x3d9b8507, 0x00680584, 
    0x001c0013, 0x003d4040, 0x85010001, 0x010a0400, 0x08040708, 0x02060967, 0xa2460303, 0x07002207, 0x078c4107, 0xd1821420, 0x141c1425, 0x8215171b, 
    0x82132037, 0x11112ea2, 0x1c070b11, 0x3335132b, 0x21113311, 0x62018215, 0x23200531, 0x260a1074, 0x01aafe14, 0x92abfe5f, 0x0a0125af, 0xff92f6fe, 
    0x3741b38e, 0x05842206, 0x879b88d2, 0x01002496, 0xe74d2001, 0xfe74229b, 0x279b908c, 0x2900ffff, 0xfd060000, 0x2d05e346, 0x07000015, 0xed020b05, 
    0x02000000, 0x17829e00, 0x1782c420, 0x1b00122b, 0x30403300, 0x08010103, 0x089a7301, 0x9a732220, 0x0000250d, 0x1315191b, 0x20099673, 0x0c96730a, 
    0x14151628, 0x11212306, 0x977d1121, 0x9e2d0808, 0xb41002b4, 0xd4b62401, 0x28feb6d4, 0xc402f0fd, 0x6d672401, 0xdcfe676d, 0x2efe5e04, 0x2ffed201, 
    0xb39795ae, 0x1bfee501, 0x4f4c51a6, 0x088e8255, 0x0001002e, 0x04e8ff64, 0x006c042a, 0x4040001f, 0x0214153d, 0x03040403, 0x02020102, 0x0003004c, 
    0x02030102, 0x04040067, 0x05006105, 0x004d2705, 0x3307c764, 0x014e0028, 0x12171900, 0x0c0d0e10, 0x0006080b, 0x071f011f, 0x6205c54e, 0x362506d5, 
    0x21352137, 0x0aa77f26, 0x59821220, 0x02063108, 0x2df8a42d, 0x709419ac, 0x0a4d8863, 0xe3011bfe, 0x6e909e12, 0x2ead1991, 0xe598a2f5, 0x18e58080, 
    0x5b3195a9, 0x5e9c5d73, 0x6fc089a2, 0xa3923156, 0x2807bb45, 0x00020000, 0x06e8ff9e, 0x24a78256, 0x00260016, 0x057d5b9c, 0xbe822120, 0x01060429, 
    0x07006704, 0x49610007, 0x09240527, 0x03060601, 0x21058075, 0xb96c0328, 0x92252007, 0x01082528, 0x4d210505, 0x00222e85, 0x2c830303, 0x88294021, 
    0x00002327, 0x55824d22, 0x00610226, 0x4d270202, 0x59202b91, 0x2610ad73, 0x11232613, 0x7d070a11, 0x21230510, 0x5433023e, 0x222707e5, 0x21272626, 
    0x4a322511, 0xe75406c0, 0x9e270806, 0x101601aa, 0x998bd886, 0xe68080e6, 0x85da8d99, 0x03ebfe0e, 0x4692710f, 0x6f719246, 0x91464691, 0x20fe5e04, 
    0x417add97, 0x7c260702, 0x22fe98e2, 0x86187489, 0x00280aa7, 0x002f0002, 0x04d10300, 0x7305b34f, 0xe347199b, 0x10102708, 0x17101810, 0x9b732622, 
    0x0323220b, 0x059b7323, 0x03213323, 0x05de6811, 0x03333208, 0xf6feb3d1, 0xcffe0c0c, 0x71731501, 0xbd01ddd7, 0x7e90fcb3, 0xa3018e7e, 0xc1015dfe, 
    0x9c71a426, 0x01dcfdc6, 0x5c5d6887, 0x00010066, 0x03befe9e, 0x088382ed, 0x39001c21, 0x0a113640, 0x01010202, 0x0005004c, 0x01050201, 0x07000069, 
    0x06000601, 0x04040065, 0x47005f03, 0x02320745, 0x0000004e, 0x231b001c, 0x24121111, 0x1c070821, 0x634d012b, 0x11072708, 0x15211123, 0x8c721121, 
    0x062f0807, 0xcf012306, 0x869c8850, 0xb42bc878, 0xfefdb602, 0x6c6b8721, 0xd1776ab2, 0xa0befe86, 0x948ca2af, 0x04f0febf, 0xe9fda65e, 0xca74715d, 
    0x46e19082, 0xfe2306df, 0x82f806e2, 0x001b2893, 0x01264029, 0x82490101, 0x01002c90, 0x00670005, 0x5f040202, 0x46040400, 0x2124053a, 0x11214e01, 
    0x27210082, 0x4c838306, 0xfc480961, 0x212a0805, 0x16363311, 0x0e141516, 0x34740502, 0xa5638587, 0xfdb4cc62, 0x7803b5f1, 0x8af19bcc, 0xfe945c2a, 
    0xa0239ce2, 0x4d8d626b, 0x1d4918fe, 0x2afe2a05, 0x94d67301, 0x688a8d38, 0x17c31800, 0x001f310a, 0x0c3d4040, 0x0203020b, 0x05021c1d, 0x004c0204, 
    0x2005c769, 0x268b8267, 0x01006101, 0x6f4d2701, 0x282e0847, 0x00014e00, 0x1415181a, 0x0e101213, 0x57430709, 0x5b02200a, 0x07200d48, 0x23077174, 
    0x06061737, 0x37070a49, 0xad2ef5a2, 0x906e9119, 0xe301129e, 0x4d0a1bfe, 0x93716388, 0xf82dac19, 0x31080e49, 0x563192a3, 0xa289c06f, 0x735d9c5e, 
    0xa995315b, 0xcb520000, 0x11063605, 0x2c006c04, 0x47003800, 0x11254440, 0x2b070302, 0x00031f26, 0x25aa8203, 0x03070004, 0x726a0704, 0x4d272c08, 
    0x03030105, 0x08066100, 0x84000002, 0x323427ac, 0x2023282a, 0xae821719, 0x06070833, 0x2c012c00, 0x2b160709, 0x11002005, 0x33361234, 0x05ec4215, 
    0x37323324, 0x60742626, 0x74062009, 0x23240960, 0x37062722, 0x0808bd58, 0x0216146c, 0xfee6feb8, 0x98e780ca, 0xd3479170, 0x543937c9, 0x77b76766, 
    0x7c68b878, 0x132a1766, 0x342d663a, 0x8b45823e, 0x65959a86, 0x64657d8d, 0x0118787b, 0xaf100130, 0xa1900501, 0xc470be75, 0xd14708dc, 0x6fc17c81, 
    0x8a7bc16f, 0x020349d4, 0x1e89151a, 0xe3372f16, 0x7785ab2f, 0x80779493, 0x000000ad, 0xfe140001, 0x042805c0, 0x5f7d005e, 0x01042e05, 0x01065404, 
    0x5f020000, 0x02020708, 0x0d524802, 0x5f7d2f82, 0x7d01200d, 0x213f0c5d, 0xfed80235, 0xb50f02f9, 0xfcb40193, 0x04f7feaa, 0xe8fca05e, 0x48fcb803, 
    0x40011afe, 0x82a0be03, 0x0035083e, 0xff140002, 0x045205e8, 0x001f006c, 0x404b0027, 0x021c1d48, 0x4c010106, 0x03080200, 0x80030208, 0x05030107, 
    0x03060101, 0x08006901, 0x00610408, 0x4d270404, 0x6baa1800, 0x00283907, 0x2500014e, 0x1a202123, 0x10151618, 0x080a0b0e, 0x00040507, 0x0a1f011f, 
    0x2c056c45, 0x26262726, 0x16143335, 0x33023e17, 0x25b71832, 0x80033215, 0x0a83e49a, 0x5e9eb2af, 0xd383116a, 0x8dad598a, 0x2cb71854, 0xec822c15, 
    0xa3c0039e, 0x91026f61, 0x183b79da, 0x180783ce, 0x3c0830b7, 0x7d00ffff, 0x7c0478fe, 0x07035e04, 0x00004b05, 0x09008cfe, 0xb80100b1, 0x35b08cfe, 
    0x32e7832b, 0x00360001, 0x04880400, 0x000e005e, 0x03244027, 0x83020301, 0x000229e4, 0x00010161, 0x044d2200, 0x0808684d, 0x0e000e36, 0x05112521, 
    0x212b1907, 0x33013301, 0x33363613, 0x22231533, 0xd0010107, 0x01c566fe, 0x25e80c2e, 0x484b6b90, 0xbbfe1d51, 0x8bfc5e04, 0x636ba702, 0x8efc4d9f, 
    0x03336482, 0x26ff7400, 0xac06ae04, 0x31002800, 0x4f003900, 0x82114c40, 0x1c333967, 0x32030402, 0x04091d30, 0x08290401, 0x04010002, 0x0302004c, 
    0x04008502, 0x04358582, 0x01008001, 0x00010300, 0x0601077e, 0x00860600, 0x4d5c0303, 0x3d928205, 0x004e005d, 0x00280000, 0x11131d28, 0x0811121d, 
    0x052b1c0b, 0x27262635, 0x17161633, 0xae422711, 0x35372705, 0x021e1533, 0x16822317, 0x1e17112e, 0x06141503, 0x11150706, 0x34353636, 0x23231182, 
    0x55061127, 0x6308058d, 0x0cfdd855, 0x70a40ac3, 0x73c8b43b, 0x86787ec6, 0xba0476cd, 0x3b71970b, 0x5584913c, 0x8199d771, 0x508651a7, 0x8a747801, 
    0xc2da7652, 0x70b0df0f, 0x1a020c77, 0x94be3311, 0x0d6db273, 0x6b09c7ca, 0x74626aad, 0x1007fe0b, 0x8f5d3810, 0x76bb7368, 0x6d01c20a, 0x486b8d0e, 
    0xd9163a5a, 0x8210d601, 0x375b475c, 0x3f054b42, 0x04000068, 0x00d2052e, 0x0025001c, 0x1e27402a, 0x17181b1d, 0x0f101314, 0x0c01090c, 0x4c010001, 
    0x56202582, 0x0a62a418, 0x1c001c29, 0x170b031a, 0x5c35212b, 0xcf82063a, 0x0720de82, 0xc582bd82, 0x83173721, 0x034b08ce, 0x15020e11, 0x02161614, 
    0x6dc5851f, 0x7685c56d, 0xad2ada91, 0x5d5b7716, 0x2aac167a, 0x577694db, 0x72373772, 0xf69611aa, 0x96f8a19f, 0x0caaac11, 0x4d3187a0, 0xc4fc0c69, 
    0x31516e0c, 0xa80ca68a, 0x34034e01, 0x63ae7912, 0x8278ac62, 0x0001227e, 0x20a3821e, 0x26a3824a, 0x403e0019, 0x8301013b, 0x01093f96, 0x02010801, 
    0x68020103, 0x06030107, 0x03050401, 0x0a0b6704, 0x56000002, 0x0505004d, 0xfa510557, 0x21172207, 0x05585111, 0x0b0c1327, 0x01132b1f, 0x23018333, 
    0x15072115, 0x08068b4f, 0x3521353b, 0x21352127, 0x4201ef01, 0xd2430104, 0xfefe8efe, 0x440103bf, 0xfebdbcfe, 0x034601ba, 0x0001bdfe, 0xd2058ffe, 
    0xc4023cfd, 0x068816fd, 0xc0fe8892, 0x92884001, 0xea028806, 0x209b8400, 0x089b826e, 0xe6057320, 0x79002900, 0x021011b6, 0x4c010402, 0x5011b04b, 
    0x00284058, 0x00000108, 0x01057208, 0xac820602, 0xd87a0220, 0x00612605, 0x4d5c0303, 0x2b198207, 0x010a6009, 0x09570909, 0x29401b4e, 0x01232a83, 
    0xa0800008, 0x4059222b, 0x27758212, 0x13280029, 0x25131124, 0x11210382, 0x2ed6820b, 0x36323533, 0x35230327, 0x36262733, 0x6f323336, 0x17210793, 
    0x24e48217, 0x07061613, 0x06e05b21, 0x23064508, 0x034d596e, 0x07959a09, 0x8ece6d04, 0xad1aedaa, 0x8f6b8513, 0x01070488, 0x0922fee3, 0x02364c03, 
    0xa9262e31, 0x66a7867d, 0x96300161, 0x79d083e6, 0x6b1ca9cb, 0xeb7aa67e, 0x51d7fe96, 0x2d271b62, 0x85852f3e, 0x3008f785, 0x035efe1e, 0x00140600, 
    0x409b0022, 0x06011b12, 0x04011c05, 0x02010a06, 0x01010900, 0x4b4c0402, 0x58501cb0, 0x06002240, 0x00610506, 0x4d5e0505, 0x28f28203, 0x07085f04, 
    0x59040402, 0x07a7464d, 0x4e015b26, 0x20b04b1b, 0x20202982, 0x23821983, 0x00040223, 0x8b348967, 0x1e402927, 0x06000500, 0x69060504, 0x02202a8b, 
    0x8205b870, 0x59592348, 0x9a821040, 0x22002234, 0x13112325, 0x09112334, 0x012b1d0b, 0x14112315, 0x1a6d2306, 0x23112309, 0xb8703335, 0x1536080b, 
    0xcda00215, 0x371f9ba7, 0x46100e1d, 0xb54d3b0c, 0x2a8bb3b5, 0x0f2b1d65, 0x04b01a29, 0x1afc993a, 0x0905b3aa, 0x610406a2, 0x99e60356, 0x0fbbb26d, 
    0x0604a10b, 0x03416dbc, 0x622c0805, 0x4704ecff, 0x1e00d205, 0x41404400, 0x1a1b1c1d, 0x07081819, 0x03040506, 0x010e0102, 0x02161703, 0x01150100, 
    0x4c030002, 0x00030100, 0x8026dc82, 0x03030104, 0x3c824d56, 0x0a676c18, 0x1e001e28, 0x05191333, 0xac82190b, 0x05152523, 0x27038215, 0x35023e11, 
    0x04021433, 0x1124b783, 0x35373507, 0x11260382, 0x3001f701, 0x0383d0fe, 0x6bb5702b, 0xf4fe95c0, 0x236a2db3, 0x080082d7, 0xfad20520, 0x9d88b788, 
    0xfd88b688, 0xda5d01cd, 0xd4fee6bc, 0x02040591, 0x60b76083, 0x60b6609d, 0x6f835001, 0x004c0025, 0x822e0500, 0x00182bab, 0x40450021, 0x07010942, 
    0x9f820b06, 0x67000734, 0x04010105, 0x01030201, 0x0a006702, 0x005f080a, 0xa2820808, 0x5703032a, 0x00014e03, 0x191b1f21, 0x0ab27118, 0x0029db84, 
    0x0c180118, 0x012b160b, 0x06444321, 0x33352323, 0x21038235, 0x595a2111, 0x083b4c06, 0xfe430329, 0xfe4801b1, 0x82eabeb8, 0x02280800, 0x6bd9a70d, 
    0x0afed96b, 0x959b4e01, 0xb1fe9b94, 0xa7895902, 0x2901d7fe, 0x02a789a7, 0x7aca79d2, 0xa777cb7a, 0x9f77799c, 0x3008ae82, 0x34000100, 0xdb04ecff, 
    0x2c00e605, 0x52405500, 0x090a0125, 0x0a080126, 0x0203010f, 0x03040110, 0x0b0c4c04, 0x01070802, 0x00080100, 0x01010667, 0x31bf8805, 0x09006109, 
    0x004d5c09, 0x61040303, 0x5d040400, 0x4e824e04, 0x2c002c2b, 0x2224282a, 0x12111411, 0x2c058325, 0x2b1f0b0d, 0x06210701, 0x21171415, 0x9cd51807, 
    0x0300280b, 0x26333723, 0x82373435, 0x00122106, 0x07034c18, 0x07065308, 0xfd442e04, 0x020202bb, 0x4ffe430a, 0x6190da2a, 0x4c4b3d9f, 0xfee170cc, 
    0x35c932c1, 0xb7020282, 0x01329435, 0xa4e8e13f, 0x60a04349, 0x032bda90, 0x262491c3, 0xb5932325, 0x9d344abc, 0x21014948, 0x23930001, 0x91242625, 
    0x22010101, 0x4c3c9f99, 0x9582b6bd, 0x00012f08, 0x0400003a, 0x00d2051d, 0x4044001d, 0x01010b41, 0x004c0103, 0x86020102, 0x01080700, 0x06070506, 
    0x02090a67, 0x00010405, 0x67000503, 0x1f820300, 0xd7825720, 0x00610122, 0x51202882, 0x1d2d4082, 0x11111d00, 0x22121122, 0x0b111322, 0x33d28306, 
    0x23020e23, 0x23150123, 0x32212701, 0x37213736, 0x23262621, 0x3e080582, 0x17162707, 0x98331d04, 0x9ecf6f0f, 0xebe70105, 0x0104effd, 0x17a18108, 
    0x0232b0fd, 0x82981a19, 0x0333e9fe, 0x3be933b0, 0xad710413, 0xfd5ea064, 0x88020caa, 0xad5f5f7e, 0xadab6056, 0x82694d02, 0x0002226a, 0x20ab8262, 
    0x27ab82c8, 0x000b0007, 0x062f4032, 0x20059454, 0x08988203, 0x0504042c, 0x0501075f, 0x004d5605, 0x01570101, 0x0008084e, 0x080b0800, 0x00090a0b, 
    0x11070007, 0x0b081111, 0x15012b19, 0x11231121, 0x07823521, 0xc8043537, 0xfebd2cfe, 0xfb66042b, 0xa7b3049a, 0x0c04f4fb, 0xa71f01a7, 0x2d6682a7, 
    0xb400ffff, 0x9107f2ff, 0x2600d205, 0x10827701, 0x79030724, 0x07821c05, 0x46000426, 0x1f050000, 0x1c331782, 0x29002300, 0x5e002f00, 0x10135b40, 
    0x0b030305, 0x82020206, 0x12672b8b, 0x0103070c, 0x0002080e, 0x9382010d, 0x000d3808, 0x090d0a09, 0x0f0f0067, 0x04005f04, 0x114d5604, 0x570a0a01, 
    0x2a2a4e0a, 0x00001d1d, 0x2f2a2f2a, 0x28292c2e, 0x231d2426, 0x2122231d, 0x1c001c00, 0x1411191b, 0x82211211, 0x141126ae, 0x332b1f0b, 0x0ad54211, 
    0x15331727, 0x14151623, 0x39068207, 0x21230606, 0x35360111, 0x15212734, 0x36322111, 0x26012137, 0x15212326, 0x008293d9, 0xbd014608, 0xa42aeecd, 
    0x8d02028d, 0xcdee2aa3, 0x3e0200ff, 0xc2fd0202, 0x87770901, 0x02dcfd1d, 0x77881d23, 0xd802f9fe, 0x01929a92, 0x92a3993c, 0x25282825, 0xfe99a492, 
    0x236a0365, 0x9a232a2a, 0x5245d7fe, 0x4451be01, 0x22ef8295, 0x82340001, 0x827a20ef, 0x001331ef, 0x06314034, 0x00010205, 0x08094c01, 0x03040306, 
    0x04220982, 0x71416800, 0x01022605, 0x01570101, 0x2331824e, 0x11130013, 0x132f0083, 0x0b0a1111, 0x15012b1e, 0x01230121, 0x83231107, 0x05d859c7, 
    0x05012508, 0x02e2fd7a, 0x02fee51a, 0xe5e5bebc, 0x2e027dbe, 0x03c6fdf7, 0x3dfda86b, 0xfed0ad02, 0xa8c30223, 0x99fd6702, 0x00240383, 0x2c000700, 
    0x76200482, 0x72087f82, 0x0023001f, 0x002b0027, 0x0033002f, 0x407c0037, 0x09013579, 0x022e310a, 0x4c020203, 0x0f19181c, 0x09060b0d, 0x1113151a, 
    0x01000508, 0x14680009, 0x04071012, 0x16171b01, 0x02050406, 0x67020103, 0x0a020c0e, 0x054d560a, 0x57030301, 0x34344e03, 0x28283030, 0x37340000, 
    0x33303734, 0x2c2d3330, 0x2b282b28, 0x2627292a, 0x22232425, 0x1f002021, 0x451e1f00, 0x17230549, 0x85141516, 0x821120d2, 0x0b1d2200, 0x27d3821f, 
    0x15330723, 0x03230321, 0x35220384, 0x5f182733, 0x1335080b, 0x03331321, 0x23272101, 0x21373305, 0x37331721, 0x33172301, 0x08078325, 0x0723274d, 
    0x33a86a07, 0x85fafedb, 0x7afe87c4, 0xfe84c687, 0xa732d9fb, 0x80be887c, 0xd2837b01, 0x807a0182, 0x4cfc88c0, 0xc8332e01, 0x30c8a901, 0xaefcd8fe, 
    0x0230c82f, 0x103375fa, 0x0e3369fc, 0x32a80134, 0xdf03320c, 0xfea0b9a0, 0x83e6011a, 0x230a8203, 0x0dfef301, 0xfe220387, 0x0083b9a7, 0xc5a7fe22, 
    0x01230082, 0x48b3b3f9, 0x31280d17, 0x15b69500, 0x06040214, 0x3a071748, 0x010c0032, 0x720c0000, 0x08040107, 0x04020301, 0x01096703, 0x01010a02, 
    0x4601020c, 0x5c2208f9, 0x23820b4d, 0x0e600d2b, 0x570d0d01, 0x401b4e0d, 0x23348333, 0x80000c01, 0x592235aa, 0x8a821a40, 0x30003134, 0x27292c2d, 
    0x20212223, 0x24251311, 0x13111111, 0x33480f11, 0x23272107, 0x48054441, 0x17241237, 0x17211521, 0x26103b48, 0x059b9f04, 0x48049296, 0x042a0d3e, 
    0x1cfee801, 0xfedf0105, 0x43480425, 0x857f250c, 0x837c84a8, 0x24084448, 0x85a88481, 0x0a454878, 0x00033208, 0x05000034, 0x00d20551, 0x001b0017, 
    0x404f0024, 0x0001204c, 0x104c0101, 0x0003020e, 0x030b0f0d, 0x03000403, 0x020a0c68, 0x02070904, 0x05040605, 0x341d8267, 0x01084d56, 0x06570606, 
    0x001c1c4e, 0x1c241c00, 0x191a1b23, 0x42418218, 0x11200d2e, 0x1331e182, 0x33132135, 0x23152113, 0x23153317, 0x21032313, 0x08058203, 0x37333544, 
    0x21272117, 0x26262725, 0x07060627, 0x1c015707, 0x01e1dcde, 0x9a46e015, 0x8ec89264, 0xca8a8dfd, 0x45a36e91, 0x440c027c, 0x52017afe, 0x30441b02, 
    0x0218462f, 0x0290de02, 0x909cfd64, 0x72fe92be, 0x03838e01, 0xbe922608, 0x0690bebe, 0xa5a2d94b, 0x000645dc, 0xff6e0002, 0x05a104ec, 0x001600e6, 
    0x40540030, 0x06070051, 0x09070609, 0x30198280, 0x01020001, 0x09010b80, 0x09050a00, 0x0500670a, 0x23108204, 0x0c670005, 0x2e08c682, 0x08006108, 
    0x004d5c08, 0x61030101, 0x5d030300, 0x17184e03, 0x28292a2b, 0x20222627, 0x30171c1d, 0x14113018, 0x10251222, 0x2b1c0b0d, 0x62062101, 0x33350770, 
    0x22230406, 0x37343526, 0x01213523, 0x15020e22, 0x33023e23, 0x05a14432, 0x35215c08, 0x35363621, 0xa1042634, 0x28303efd, 0x95767c83, 0xfffe01cb, 
    0x47f5d3d4, 0xfd330497, 0x306354eb, 0x5a01cd0f, 0xe1cda3c5, 0xcdfb9e37, 0x3322b902, 0x2f0a0278, 0x6053355b, 0xb8c06b61, 0x536ea9b4, 0x2d9202a3, 
    0x661a4845, 0xaab069ac, 0xa3a34f61, 0x512f562b, 0x00000062, 0x822e0005, 0xfa260804, 0x1b00d205, 0x23001f00, 0x31002a00, 0x5f406200, 0x0a090127, 
    0x0203012f, 0x12154c02, 0x050b0d14, 0x080f1109, 0xee820003, 0x0e10682d, 0x13010307, 0x02030406, 0x82020103, 0x0a0744ef, 0x00242431, 0x242b2c00, 
    0x232a242a, 0x1f202122, 0x821c1d1e, 0x1a1b2354, 0xc6411819, 0x4316200d, 0x152705f5, 0x11231533, 0x44210123, 0x352505cd, 0x11333523, 0x320d8233, 
    0x21011133, 0x33052127, 0x26252135, 0x16162726, 0x82230117, 0x26262d04, 0x9595fa05, 0xcbfee295, 0x98bf37fe, 0x26080082, 0x015a01e0, 0x20fcbea7, 
    0xfe6b6c01, 0xdf4302ff, 0xcefeb6fe, 0x043d5424, 0x25030207, 0x274c1d84, 0xb2030507, 0x4392a892, 0x0a8207de, 0xfd200223, 0x080383e0, 0xa8c6fe45, 
    0x3b92a8a8, 0xa0606c95, 0x3134fe3c, 0x85494e86, 0x03000000, 0x26ff7a00, 0xac067805, 0x24001c00, 0x42002900, 0x141e3f40, 0x0104090c, 0x021d2500, 
    0x01010503, 0x4c030304, 0x00010000, 0x02010085, 0x82068501, 0x8604290f, 0x05000200, 0x67050203, 0x2305e541, 0x28290000, 0x1c273d82, 0x1a151414, 
    0x181a0b07, 0x4e0df859, 0x6508071e, 0x02141521, 0x03150704, 0x15020e11, 0x36051210, 0x02213736, 0xf7feb1c7, 0x09019693, 0xea9078ae, 0x2ac4199b, 
    0x390289b7, 0xa700ff92, 0x6ab77378, 0xa92801e4, 0x81fe03d3, 0xc212cada, 0xdfdc4801, 0x10c14b01, 0x7f0bc8c9, 0xa38388d3, 0xa3bafd0e, 0x99f7feb2, 
    0x7c01c709, 0x90108f04, 0xfffeaffa, 0x0d1fd6fe, 0xcf85b9e3, 0x05422608, 0x008c0668, 0x0035002d, 0x405b003b, 0x012a2c58, 0x3a060903, 0x09000208, 
    0x01023739, 0x191b1e02, 0x04010303, 0x07cd424c, 0xd3840520, 0x02080a31, 0x02000007, 0x00670007, 0x61060909, 0x42060600, 0x622005ca, 0x3021e487, 
    0x3952822f, 0x1437112d, 0x34132312, 0x1e0b0b14, 0x1603012b, 0x26231716, 0x32012726, 0xd1823233, 0x0e33a908, 0x27222302, 0x26372307, 0x13070727, 
    0x34350226, 0x32332412, 0x07373717, 0x01371716, 0x02060601, 0x01161415, 0x01171601, 0x55d40426, 0xbe157b59, 0xfe25340c, 0x620908b9, 0xbe1579ab, 
    0x99fda91a, 0x60342324, 0x4b454f39, 0x927d5b60, 0xbf2b01ab, 0x62321615, 0x46464f37, 0x3f0153fd, 0x4e7bd284, 0xaefee101, 0x55014f42, 0xfe8c0643, 
    0x7cc03fec, 0xfb26603b, 0x658c48de, 0x0376dc97, 0x2513b9a9, 0x290104f1, 0xd8450160, 0xba5701ed, 0xb304a301, 0xfae4220f, 0x030c049e, 0xbcfbfe8a, 
    0xba03e093, 0x132ebafb, 0x00275204, 0x2208e882, 0x26ff7a00, 0xac066805, 0x27001e00, 0x47404a00, 0x00010109, 0x02021420, 0x02151f01, 0x01010304, 
    0x41040405, 0x022e06f7, 0x02010301, 0x03008003, 0x04030104, 0x1982067e, 0x00860527, 0x4d5c0101, 0x07924a00, 0x1e001e2a, 0x11131713, 0x1b0b071a, 
    0x4115fd41, 0xfe41051c, 0x144d0806, 0xc6021616, 0x97f7feac, 0xac090197, 0x9ce98c78, 0xcc1dbe19, 0x1dcb8483, 0xe99b19be, 0xb674788d, 0xdab66969, 
    0x01c111ca, 0x01dddd49, 0xca11c24a, 0xd47a09c7, 0x0c9e8d91, 0x9f0c6afb, 0x7ad4908c, 0x7b01c70a, 0x91129004, 0xf8adadf9, 0x20cb8290, 0x31cb8201, 
    0x056605ec, 0x003200e6, 0x2b0c4080, 0x00010201, 0xca820928, 0x4c022208, 0x501eb04b, 0x002c4058, 0x05060504, 0x00800604, 0x00020001, 0x00800201, 
    0x00060100, 0x05050059, 0x07c24e03, 0x0206062c, 0x02020061, 0x1b4e025d, 0x2e822d40, 0x04050723, 0x202e8907, 0x22308207, 0x89690007, 0x89002030, 
    0x4059382f, 0x2217250b, 0x17232613, 0x1e0b0823, 0x2607012b, 0x06222326, 0x82150706, 0x0e1725f4, 0x24222302, 0x20060842, 0x07ca4e16, 0x15026c08, 
    0x11171214, 0x3e331533, 0x16323302, 0x0d3d0905, 0x7e5a252e, 0xc07d0244, 0xab1cbe1d, 0xfebe96fc, 0x01ababd6, 0xfc96be2a, 0x20bd1cab, 0xd78593e9, 
    0xb29dcc7e, 0x7555100c, 0x034e2c41, 0x1007a631, 0xc44a9361, 0x03889d10, 0xb973da99, 0xedec5701, 0x73ba5701, 0x980399da, 0xf9fe87a1, 0xdcfef4c0, 
    0xbda00227, 0x193a5e36, 0x4a010000, 0x173808eb, 0x2d403000, 0x0e0f1017, 0x0a0b0c0d, 0x04050609, 0x00010203, 0x01010010, 0x0c96f818, 0x5700003a, 
    0x11114e00, 0x0b041719, 0x15012b1a, 0x15371507, 0x11231107, 0x35253505, 0x11300382, 0x15213521, 0xf4031121, 0xbeffffff, 0x0901f7fe, 0x4d080384, 
    0xfe66042b, 0x9c3e042d, 0x9a679964, 0x01f3fd65, 0x6b9469c3, 0x6b94689b, 0xa8a89f01, 0x0000adfe, 0xfe680005, 0x06b80a5e, 0x0024008c, 0x00490038, 
    0x00640057, 0x147c407f, 0x09030e11, 0x0a0d4903, 0x09090503, 0x58010c01, 0x04223639, 0x9d520c08, 0x00012907, 0x0c01080c, 0x09090069, 0x2306a441, 
    0x050b0b00, 0x3a052f7e, 0x030a100d, 0x61000808, 0x030e0406, 0x4d5d0000, 0x0707010f, 0x4b4e075b, 0x8225254a, 0x604c08ef, 0x51535a5c, 0x574b574a, 
    0x3c3e4548, 0x38253825, 0x292b3133, 0x15171e20, 0x05071213, 0x24012400, 0x2b160b11, 0x35262205, 0x32333634, 0x06111716, 0x36270706, 0x33353736, 
    0x20333615, 0x15151204, 0x23060214, 0x06272622, 0x34110106, 0x32119972, 0x3233021e, 0x35353636, 0x23262634, 0x01070622, 0x86363632, 0x1415230b, 
    0x14842516, 0x23820882, 0x7e013533, 0x809ca373, 0x37214b2d, 0x4d2b437a, 0x41b4438f, 0x2ee6823e, 0xeb798e40, 0x3cae8faa, 0xf504962a, 0x7296df7b, 
    0x46080ad7, 0x5b2c45fb, 0x9c734d71, 0xe0f05c4f, 0x05213c1a, 0x478d69f3, 0x9a6b8b44, 0xf1f9a2a3, 0x35273e1c, 0x4836434a, 0x879a143f, 0x11149d80, 
    0x1c0a1b03, 0x23179a14, 0x05aec60c, 0xd5b6febc, 0xbcfed74d, 0x4d4874b4, 0x7372fe6f, 0x032f1211, 0x3d603405, 0x509ffa90, 0x028efda7, 0x7351fb03, 
    0x2808091f, 0x44221cc7, 0x63413b3f, 0x0000003b, 0xff9e0001, 0x05430682, 0x002d0000, 0x24b04bb3, 0x0d405850, 0x0202012c, 0x15182400, 0x21078203, 
    0x0f851b4c, 0x0f870720, 0x1c525920, 0x0a212d05, 0x00000901, 0x04007009, 0x05860401, 0x002f2882, 0x02070861, 0x4d5f0000, 0x01020306, 0x5a015701, 
    0x20200766, 0x09212883, 0x21279a85, 0x228a2440, 0x07070024, 0x4f864d59, 0x4e8b0120, 0x39525920, 0x002d3205, 0x1411252d, 0x24131223, 0x0b0b2314, 
    0x07012b1f, 0x05f36f36, 0x11231122, 0x20059d41, 0x28098215, 0x26012303, 0x06222326, 0x430c8306, 0x51080774, 0x89041317, 0x335c264e, 0xb65c995e, 
    0x702f6344, 0xb1c0b77b, 0x690c6e01, 0x48724051, 0x110cb4b4, 0x4b477854, 0x056a2a78, 0x1a15c300, 0xfd8ab357, 0x56de0228, 0x748f2a62, 0x610143fd, 
    0x8e0321fe, 0x8347525e, 0x0464fd5a, 0x5c30ba5e, 0x0134403c, 0x00820008, 0x00022a08, 0x050000b4, 0x005e04d6, 0x0019000c, 0x29b04b70, 0x27405850, 
    0x01020400, 0x80010402, 0x02050100, 0x007e0501, 0x5f000202, 0x31ce8206, 0x05004d59, 0x08600305, 0x03030207, 0x1b4e0357, 0x298f2b40, 0x82060621, 
    0x222e8323, 0x8e000000, 0x4059372d, 0x0d0d0d10, 0x13180d19, 0x23111221, 0x0b092012, 0x21132b1d, 0xf9841120, 0x11212322, 0x33220282, 0x9b6f2111, 
    0x21320806, 0x014402b4, 0x5c51bd67, 0x01bd7cfe, 0x8401bd77, 0xfebf515a, 0xfe5e0499, 0x0170fe9b, 0xfc5d6290, 0xfdf30248, 0x02615cb3, 0xfe11fdef, 
    0x0100009d, 0xc7829800, 0xc7823820, 0x20001931, 0x12151d40, 0x00040508, 0x004c0103, 0x18590303, 0x2d08f26f, 0x10151516, 0x2b1a0b04, 0x26272321, 
    0x77822702, 0x02063d08, 0x35231515, 0x37361234, 0x16153335, 0x05151216, 0x0101b938, 0x88bf8bab, 0xdf7eb9af, 0xe097bf93, 0x01e3b77a, 0x44fd2002, 
    0xfe21bb02, 0xb7b7dffc, 0xb42901c7, 0x16ecec17, 0xc7d6feb4, 0xff26e282, 0xffb400ff, 0x2f4f08e8, 0x82802005, 0x03072410, 0x82be0467, 0x088f8507, 
    0xd2053a2b, 0x42002d00, 0x23263f40, 0x01041c1f, 0x06092d07, 0x01000402, 0x07004c02, 0x07000100, 0x02096901, 0x06000002, 0x0601085f, 0x05a24d06, 
    0x005f043d, 0x04570404, 0x12292a4e, 0x11111822, 0x10221227, 0x2b1f0b0a, 0x26112301, 0x83072223, 0x15062db2, 0x33161614, 0x35211521, 0x02263733, 
    0x0544bc82, 0x17322105, 0x5708c283, 0x34231512, 0xd1032726, 0x252724a0, 0x5e4ea123, 0x0293cb69, 0xd86efb12, 0xc2756805, 0x2523a1a3, 0xa7a02526, 
    0x505cbdc2, 0xd9019c02, 0x27fe0606, 0xc9389801, 0x83e69391, 0x590fa6a6, 0xd6a30f01, 0xd23f2b01, 0xad0404ad, 0xc5fe41d3, 0x38cc97e7, 0xebffffff, 
    0x54040000, 0x262cc782, 0x001b8900, 0x420b0701, 0x71fec3ff, 0x0806c761, 0x35b07120, 0x0500002b, 0x46ffb400, 0x8c06c804, 0x24001a00, 0x2c002800, 
    0x5e003300, 0x010f5b40, 0x4f510a07, 0x85220805, 0x0005010e, 0x01038605, 0x020d0f01, 0x0b010a0b, 0x0a010c69, 0x06070109, 0x0869070a, 0x00000601, 
    0x06825906, 0x2d057572, 0x2d510006, 0x2d00002d, 0x2f332d33, 0x8b4b2c2e, 0x24252405, 0x821c1e23, 0x1f1a225c, 0x28008211, 0x2b1b0610, 0x11213505, 
    0x68f08221, 0x15200648, 0x23260785, 0x11111523, 0xdb443233, 0x33012405, 0x82352311, 0x11212203, 0x3c108336, 0x62fe5202, 0x99789e01, 0x6f4462c9, 
    0x5d8b4641, 0x0bb0dc67, 0x4c93ae06, 0x98fe608b, 0x080082e0, 0x72580133, 0xbaba829c, 0xbabad205, 0x6cb36b01, 0x124a7d60, 0xa258040e, 0x69b47075, 
    0xfe5e03ba, 0x4b618604, 0x04fe4c7e, 0x01a0fc01, 0x051afee6, 0x855f708a, 0x20008200, 0x08fb8803, 0x29001f42, 0x92003200, 0x010b0e40, 0x0112010b, 
    0x011a0a09, 0x4c030800, 0x500db04b, 0x042e4058, 0x01010201, 0x070c7002, 0x00000502, 0x0a007105, 0x0a080900, 0x0b006709, 0x035f010b, 0x56010101, 
    0x0808004d, 0x25056443, 0x1b4e0057, 0x30832c40, 0x84850221, 0x8605212f, 0x592b2e9e, 0x00001a40, 0x2a2c3032, 0x4f222729, 0x112008c1, 0x0d2b0083, 
    0x052b1b0b, 0x33112335, 0x83153335, 0x16162103, 0x2105f058, 0x0782021e, 0x23150727, 0x03152335, 0x06304121, 0x85352121, 0x21232a09, 0xd8d88c01, 
    0xb578ae78, 0x052a41af, 0x78dac426, 0x5e0192ae, 0x27062c41, 0xa6784801, 0xb2fe9187, 0x24052b41, 0xda1ac1ba, 0x082c4190, 0x13dc9a32, 0x01bababe, 
    0x4b618662, 0x8ca04c7e, 0x00866173, 0x022d0082, 0xecff7a00, 0xe6059204, 0x17000b00, 0x03181900, 0x0c0d3b19, 0x11130001, 0x170d170c, 0x0b000507, 
    0x0b060b01, 0x22052b16, 0x00101100, 0x05833233, 0x32275708, 0x02101112, 0x11022223, 0x86021210, 0x01edfef9, 0x01f8f715, 0xfaeefe14, 0xa4b1b1a4, 
    0x14b2b2a3, 0x6c019001, 0x94016a01, 0x96fe6cfe, 0x70fe94fe, 0x013b01a6, 0x011d011b, 0xfec3fe3c, 0xfee5fee4, 0x000100c5, 0x02000060, 0x00d2058d, 
    0x40210007, 0x0305061e, 0x81700003, 0x4d562106, 0x5722ab82, 0x05824e00, 0x00072108, 0x0b031107, 0x11012b17, 0x01231123, 0x8d022535, 0x98fe0abb, 
    0xd2054401, 0x22052efa, 0xefccf5fe, 0x4b822482, 0x00009a24, 0xd7824f04, 0x34001d2a, 0x01013140, 0x4c010304, 0x51821582, 0x82800321, 0x61023120, 
    0x5c020200, 0x0303004d, 0x01055f04, 0x04570404, 0x1d2f5b83, 0x23281d00, 0x0b062812, 0x35332b1a, 0x75023e01, 0x232106e5, 0x091e5f34, 0x01073808, 
    0x9a152115, 0x6e53ef01, 0x7f77a138, 0xd27ab697, 0x75cd8585, 0xfe84923a, 0x89af02ba, 0x885a1902, 0x8875457b, 0xc8847e98, 0x75bc6f6f, 0x8cc29951, 
    0xa70ca5fe, 0x8300ffff, 0x0550308f, 0x052602e6, 0x0100003f, 0x00720b07, 0x4391fff1, 0xff2405ab, 0x2b35b091, 0x00251482, 0x04ecff7d, 0x28b38277, 
    0x404e002e, 0x0301274b, 0x24b38204, 0x05040506, 0xb5551806, 0x08636d10, 0x5518c382, 0x5d2807b5, 0x00014e00, 0x1b1c1f21, 0x2c0a636d, 0x092e012e, 
    0x052b160b, 0x27262622, 0x13636d33, 0x0c5f0519, 0x83421520, 0x02710805, 0x85e2927b, 0xb408c005, 0xb4b78c7f, 0x837979a6, 0x4c7a90a3, 0xb7035585, 
    0x83d98404, 0x856cc98b, 0x849e8f72, 0xb26414e6, 0x907b6a76, 0xa5997974, 0x866f738b, 0x75496637, 0xb67064b2, 0x22b07e6a, 0x8dc1170c, 0x006fc07a, 
    0x00020000, 0x04000078, 0x00d205b5, 0x000f000a, 0x0c344037, 0x01000101, 0x02010201, 0x0205074c, 0x02040601, 0x02010302, 0x57298268, 0x0b270757, 
    0x0b00000b, 0x820e0b0f, 0x0a3d0830, 0x12111111, 0x2b1a0b08, 0x33013513, 0x23153311, 0x37112311, 0x15012311, 0xe78c0278, 0x01b6caca, 0x0119fe0c, 
    0x08049b2f, 0xfea704fc, 0xa72f01d1, 0xfefc0e03, 0x0001000c, 0x04ecff80, 0x30738245, 0x40490024, 0x03011946, 0x02131406, 0x4c020301, 0x82048200, 
    0x00802c6e, 0x01030006, 0x00690306, 0x55040505, 0x00220502, 0x36720202, 0x005d3505, 0x1e00014e, 0x1617181c, 0x090f1115, 0x00040507, 0x08240124, 
    0x440d4241, 0x222905c4, 0x13270706, 0x03211521, 0x091d4233, 0x54024308, 0x057cd083, 0x70a309b8, 0x54508d5a, 0x8e455e91, 0x0358b22c, 0x3390fd10, 
    0x4d8c2e08, 0x817bd689, 0xb36714e0, 0x54816472, 0x98605e94, 0x16222c57, 0xfea7e202, 0x8131264d, 0xe08f90e2, 0x01000081, 0xbb826200, 0xbb826520, 
    0x4c002628, 0x011b4940, 0xbb8f0703, 0xbb820720, 0x69030728, 0x04040106, 0xc1825f05, 0x844d5621, 0x010823bc, 0xbc840000, 0x501e2021, 0xbe86052a, 
    0x26012622, 0x8a0e0142, 0x352321be, 0x7420c08f, 0x4423c091, 0x9bbd0399, 0xa73b21c1, 0x0020c28c, 0x2b055344, 0x00e6057c, 0x002e001e, 0x13464049, 
    0x2605af73, 0x03040302, 0x73800402, 0x032708af, 0x00610103, 0x735c0101, 0xc0820ab4, 0x011f2035, 0x1f262800, 0x182e202e, 0x0d0f1116, 0x0007090c, 
    0x871e011e, 0x350225c2, 0x32330010, 0x2305274f, 0x11022223, 0x200a7b41, 0x0ef16327, 0x86024f08, 0x5c99ba5d, 0x7dfd2601, 0xba127ec6, 0xac748c19, 
    0xbf3c0cc3, 0x7fd48074, 0x5a98e27c, 0x8e515490, 0x56925a5a, 0x44149052, 0xce1201a0, 0xad018901, 0x6175b264, 0xfed7fe82, 0x7e695df3, 0xe38b90df, 
    0x975aa787, 0x58955b5d, 0x5857975c, 0xfb4c5d97, 0x05252b06, 0x000700d2, 0x06224025, 0x025e0201, 0x5f012105, 0x5627c582, 0x0201034d, 0x44025702, 
    0x440807a2, 0x180b0421, 0x3501332b, 0x15213521, 0x9602c801, 0xc30304fd, 0x1f056bfd, 0xfab1a70c, 0x030000df, 0xecff7a00, 0xe6057904, 0x2c001f00, 
    0x45003800, 0x08174240, 0x01040302, 0x0401084c, 0x04020300, 0x05006903, 0x061f4105, 0x59820720, 0x08144a18, 0x212d2e37, 0x34000120, 0x2e382d32, 
    0x20262838, 0x112c212c, 0x011f000f, 0x0721411f, 0x36343525, 0x61353736, 0x83470dff, 0x46272006, 0x2225064d, 0x16141506, 0x640c8413, 0x58080581, 
    0xe7977902, 0x53844c81, 0xce76806d, 0x77ce8385, 0x84516a81, 0x96e7834e, 0x9254ae94, 0xadb78d5c, 0x969a7697, 0x98957c7a, 0x79bc6b14, 0x0f6ca15e, 
    0x76ba1c08, 0x6767b372, 0xba7672b3, 0x6c0f081c, 0xbc795ea1, 0x768fa56b, 0x9f497f53, 0x028f767c, 0x70718bbf, 0x71708686, 0x080b428b, 0x0b42e920, 
    0x420b2007, 0x8843050b, 0x01082606, 0x01030005, 0x26ec8205, 0x61040606, 0x44040400, 0x072006ce, 0x4205cc42, 0x10250b0b, 0x0507090e, 0x0b0b4204, 
    0x2405d044, 0x06231112, 0xf9531806, 0x1e172707, 0x10151202, 0x0a420300, 0x5b52080f, 0x127ec67f, 0x768c17bc, 0x3c0cc5aa, 0xd68075be, 0x99e37e7f, 
    0x5c98b85c, 0x5beddcfe, 0x8f535792, 0x548f5a5c, 0x64148c51, 0x846377b4, 0x0f012901, 0xdf7f6c5b, 0x87e58b8f, 0x9e450103, 0xfecef0fe, 0x0253fe75, 
    0x57985dbf, 0x595d9556, 0x955b5c97, 0xc3410058, 0x053b4707, 0x1b00132d, 0x32403500, 0x030d191a, 0x18010203, 0x260a8dca, 0x03030105, 0x85046100, 
    0x141529cf, 0x1b140001, 0x0e101b15, 0x2f154547, 0x23260101, 0x14110222, 0x11123201, 0x16012734, 0x2f0c4947, 0xcc01f6fd, 0xb2a36e4e, 0xb1a45501, 
    0x4e34fe45, 0x34105147, 0xa0036b01, 0xfec3fe4a, 0xa3fef9e4, 0x1b013b01, 0x60fc99fa, 0x2aa78249, 0x007e0001, 0x057c0200, 0x650b00d2, 0x0021059f, 
    0x82a18201, 0x01032991, 0x02006900, 0x044d5602, 0x82058058, 0x0b28082b, 0x21120b00, 0x190b0513, 0x0611212b, 0x33352306, 0x33373632, 0x26c10111, 
    0x750672ab, 0x04a325bb, 0x9d432ec6, 0x2efa637d, 0x7d235784, 0x8304ecff, 0x001f2c57, 0x17454048, 0x11050401, 0x45040601, 0xa9441266, 0x06dc410d, 
    0x19000127, 0x14151618, 0x06d84112, 0x1f011f22, 0x210e6645, 0xdb183435, 0x352407c4, 0x36011521, 0x08069b46, 0xe2867a35, 0x0bc2098c, 0xb9897fb4, 
    0x7a87a44b, 0x7ffd7901, 0x47fe7b03, 0x8479e09a, 0xb15e14e7, 0x8a75707d, 0x54885088, 0x0cb70197, 0x04fe8ba7, 0x79c77009, 0x8271c780, 0x010021ae, 
    0x27088b46, 0x4033000f, 0x04010130, 0x2605ac50, 0x04020607, 0x46040105, 0x02230684, 0x615f0502, 0x8e640825, 0x12212d06, 0x2b1c0b08, 0x33013513, 
    0x11211501, 0x2b078a46, 0xbb510278, 0xf501bdfd, 0xb4cbcbb4, 0x2a058646, 0xcc010c10, 0xfea734fe, 0x492f01d1, 0x2408085b, 0x00d2052d, 0x00200014, 
    0x0a354038, 0x01020401, 0x0002004c, 0x04020304, 0x0101006a, 0x01064d56, 0x61000303, 0x051e4205, 0x0115162f, 0x151a1c00, 0x0e201620, 0x0008090c, 
    0x814f1814, 0x8237200c, 0x0968467c, 0x4305ca43, 0x360806bd, 0x7ad68a54, 0x5101785c, 0x2451fecd, 0xc9883259, 0x89d57b70, 0x80a4a480, 0x14a4a581, 
    0x6a90df7e, 0xf101b1ed, 0x1d198bfd, 0x8a8bcd71, 0xb3a37cd8, 0xaeaf8c88, 0x82b48b89, 0x268b82a2, 0x0400007a, 0x89e6052d, 0x139a18a3, 0x8969200a, 
    0x5c5c209e, 0xa39506c0, 0xdd5e0120, 0x01072305, 0x8c430123, 0x5722200a, 0x34230793, 0x84530226, 0xaffe24a3, 0x82af01cd, 0xca8725a3, 0x88d67b70, 
    0x0521a386, 0x23a485e6, 0x75020ffe, 0x8b25a484, 0xb2a37cd7, 0x21a48389, 0xa482b38c, 0x8e000226, 0xa204ecff, 0x334da34a, 0xf0fefa98, 0xf8f71301, 
    0xf0fe1201, 0xb0b0a4fa, 0xb1b1a3a4, 0x38105143, 0x013a01a6, 0x011e011c, 0xfec5fe3b, 0xfee4fee2, 0x000100c6, 0x040000e1, 0x074b437a, 0x2a07a34a, 
    0x56010100, 0x0001024d, 0x43600300, 0x2b080c4b, 0x05111511, 0x332b190b, 0x23112135, 0x33253501, 0xe1152111, 0xfe0a8f01, 0xe9440198, 0x04a04f01, 
    0xccf5fe82, 0xa0cefaef, 0xbd00ffff, 0x72205782, 0x0624e382, 0x00233f05, 0x96200f82, 0x9020f382, 0x41210f84, 0x200f8319, 0x201f8279, 0x237782b6, 
    0x01420506, 0xb2200f83, 0x77201f82, 0x43210f84, 0x200f8332, 0x200f8297, 0x212f8499, 0x0f831d45, 0x2f82b620, 0x1f847920, 0x83544621, 0x8298200f, 
    0x8497201f, 0x1e47211f, 0xe9252f89, 0x48050600, 0x41b7821d, 0xcb440a63, 0x0b714156, 0x2506cb44, 0xa45401b1, 0xcb4444b0, 0xfec52919, 0xa3fef9e2, 
    0x1c013a01, 0x4109cb44, 0x0f27077f, 0x2e403100, 0x43010103, 0x01310551, 0x69010200, 0x56030300, 0x0001044d, 0x06600500, 0x07e86401, 0x0f000f2d, 
    0x13211211, 0x1b0b0711, 0x4435332b, 0x21240bd5, 0x8801e115, 0x2407d844, 0x04a05601, 0x05db4426, 0x00a0ce22, 0x093f5b18, 0x05060024, 0x7f41004b, 
    0x014c210d, 0xbe260f83, 0x7104ecff, 0x1f82d205, 0x84444d21, 0x0000250f, 0xe6057104, 0x4e200f82, 0x6c3a0f84, 0x920199fe, 0x0701d000, 0xccffcb05, 
    0x0900fefa, 0xb80100b1, 0x35b0fefa, 0x4f84002b, 0xf3ff9026, 0x01019e01, 0xde252f82, 0xffff00f0, 0x240f8400, 0x26002a04, 0x820f8205, 0xffde2435, 
    0x4c2903f0, 0x0321051f, 0x83358329, 0xb0002823, 0xe7049e01, 0x82052700, 0xbd00211d, 0xe6222586, 0x5b821100, 0x82bdb021, 0x01b12524, 0xe603b801, 
    0x83836388, 0x5382b620, 0x83852720, 0x00212f83, 0x20558208, 0x848b8812, 0x835e8430, 0xfeff2683, 0x06b002e9, 0x2193822d, 0x0f83259d, 0x0f827020, 
    0x0f842120, 0x00109e26, 0x52000100, 0x21281f86, 0x1ab65900, 0x02010219, 0x07445c18, 0x02001a2b, 0x02050100, 0x05006901, 0x36028200, 0x04040065, 
    0x03006103, 0x4e045e03, 0x0020401b, 0x02040003, 0x8c690403, 0x00592524, 0x61000505, 0x513a2d83, 0x1d094059, 0x25211511, 0x1c0b0610, 0x2622012b, 
    0x26343535, 0x33352327, 0x09823636, 0x15333626, 0x11150626, 0x0806027a, 0x16141138, 0xd6b00233, 0x216752ae, 0xae526622, 0x4f5f7fd6, 0x5f4f7e7e, 
    0xbae9fe7f, 0x686ee4cd, 0x6606b606, 0xbacde66e, 0x7f750197, 0x7f58e2fe, 0x811a1419, 0x7fe4fe57, 0x00820076, 0x70000122, 0xce2cbf82, 0x20002d06, 
    0x09b66000, 0x03040208, 0x1b20bf87, 0x0020a283, 0x0030a283, 0x00050106, 0x01006505, 0x00610201, 0x015e0202, 0x2120c082, 0x0320b883, 0xc882dd83, 
    0x05232585, 0x82590005, 0x61052152, 0xc1822e84, 0x0d820e20, 0x20002032, 0x1d111512, 0x1b0b0711, 0x3235132b, 0x34113536, 0x2f058a49, 0x23263411, 
    0x15163235, 0x17161415, 0x06061533, 0x35080882, 0x5e807006, 0x4f7d7d4f, 0xadd6805e, 0x7b07765e, 0xe9fead60, 0x017f7695, 0x1a81571c, 0x587e1a14, 
    0x757e1e01, 0xe6cdba97, 0xb4016575, 0xe4766601, 0xffffbacd, 0x9f412201, 0x409f2108, 0x21069f41, 0xcf82fe01, 0xa1050623, 0x370f83f5, 0x0247ffff, 
    0x018b06b0, 0x259d0506, 0xb108005e, 0x5eb00100, 0x002b35b0, 0x1b822b84, 0x1b842120, 0x8f109e21, 0x8552201b, 0x06032437, 0x8f006605, 0x8270201b, 
    0x06ce221b, 0x201b828b, 0x211b8f67, 0x37852201, 0x05060124, 0x3792409f, 0x8b839b82, 0x8ef5a121, 0x4e012e1b, 0xdc032902, 0x0700cf02, 0xbe00b305, 
    0x82008200, 0x024e27db, 0x03dc0394, 0x1385013a, 0xbd856b20, 0xbd826b20, 0x00ffff2f, 0x042c00bf, 0x0062046f, 0x11ec0506, 0x200f8200, 0x200f82be, 
    0x210f846e, 0x0f83d1ed, 0x4500bf22, 0x77201f82, 0xee211f82, 0x200f8df1, 0x260f84ef, 0x041b01d4, 0x8273035c, 0xf2f0211f, 0xd4261f83, 0x5c042e00, 
    0x0f825e04, 0x0f84f120, 0x6400b426, 0x2a047904, 0xf2200f82, 0xc3262f84, 0x6c04f101, 0x0f829d02, 0x0f85f320, 0x82700021, 0x821e205f, 0x86f4200f, 
    0x0448240f, 0x8247046c, 0x8af5200f, 0x8261206f, 0x84f6200f, 0x0098260f, 0x039704ac, 0x200f82e2, 0x260f84f7, 0x04900197, 0x820c0396, 0x83f8200f, 
    0x06012d0f, 0x24048c02, 0x0700d205, 0x94000b06, 0xe382ff85, 0x6f04cf24, 0xff820505, 0x1100ec24, 0xff85a300, 0xff85a320, 0xcf00be24, 0x1b846e04, 
    0xd1ffed22, 0xbf221b8e, 0x3782d100, 0x37820320, 0xf1ffee24, 0x37838c00, 0x8cb00222, 0x1b893785, 0x1b90ef20, 0xbe01d426, 0x16045c04, 0xf0223782, 
    0x5385f2ff, 0x86b00221, 0x82d4206f, 0x055c2253, 0x201b8201, 0x201b87f1, 0x261b8701, 0x040701b4, 0x82cd0479, 0x82f2201b, 0x26a78d53, 0x049402c3, 
    0x8240036c, 0x91f3201b, 0x1301251b, 0xc1046f04, 0xf4201b82, 0x00251b91, 0x046c04eb, 0x201b82ea, 0x201b87f5, 0x226f8703, 0x82dc00bf, 0x82f82037, 
    0x82f6201b, 0x8597201b, 0x859720df, 0x019826df, 0x0497044f, 0x201b8285, 0x883787f7, 0x029726c3, 0x0396042c, 0x201b82a8, 0x201b82f8, 0x054f419c, 
    0x37859c20, 0x00c63708, 0x046904ff, 0x060600d3, 0x0000030c, 0xff680003, 0x050705ec, 0x002300e0, 0x003b002d, 0x19b04b91, 0x11405850, 0x03081625, 
    0x171e0502, 0x21020402, 0x03040001, 0x138e1b4c, 0x13820320, 0x2c855920, 0xad4d2320, 0x02002e09, 0x03610002, 0x00000206, 0x04004d5d, 0x240b8704, 
    0x401b4e00, 0x25258c20, 0x03005f03, 0x23855703, 0x014a0620, 0x40593305, 0x37000113, 0x202b2d35, 0x0f1a1b1f, 0x0123000d, 0x7b500723, 0x34352506, 
    0x26373636, 0x2a06655a, 0x06141516, 0x36010707, 0x82333536, 0x23172708, 0x13060627, 0x03610701, 0x37032106, 0x0808b952, 0x02161473, 0x73d69344, 
    0x4e55854c, 0x70a6c75f, 0x576f58a2, 0x1d3f016c, 0x2b4dad20, 0x4a67d9d0, 0xa0feb1d3, 0x9a4b5c33, 0x61c2a57c, 0x5f2d401b, 0x49685551, 0x73b96d14, 
    0x3f778b5f, 0x9466a65e, 0x599157bd, 0x50419d67, 0x87387dfe, 0x37c39c4c, 0x47497cfc, 0xa6011101, 0x45754426, 0x0303886e, 0x4e381448, 0x655c4734, 
    0x00794350, 0x00010000, 0x035efe62, 0x2f42182c, 0x5f012c0a, 0x59010100, 0x0201034d, 0x18025b02, 0x3609ff7c, 0x012b180b, 0x21352113, 0x84f50103, 
    0xca02e9fd, 0x055efe96, 0x4afaa759, 0xa034058f, 0xad01f3ff, 0x0300d205, 0x2c000f00, 0x01042940, 0x5f000101, 0x56271a82, 0x0303004d, 0x82056102, 
    0x025d2c4b, 0x0004054e, 0x04090b00, 0x820f050f, 0x11032a28, 0x2b170b06, 0x03330313, 0x07865b03, 0x06141538, 0x0dcc0ccc, 0x4f4f3858, 0x4e4e3838, 
    0xf303df01, 0x14fe0dfc, 0x1083374f, 0xff4f3724, 0x678200ff, 0x82fa0321, 0x05262267, 0x245d8293, 0x02930507, 0x2807824d, 0xfea00002, 0x04ad0197, 
    0x257f8476, 0x00264029, 0x80820400, 0x83630121, 0x61032177, 0x5f208282, 0x13227c95, 0x7c8b1333, 0xb30dc126, 0x4f37670c, 0xfe216f84, 0x217c8397, 
    0x8984d204, 0x4f383822, 0x7f856682, 0x05fe0524, 0x7f8700e6, 0x7f869720, 0xf3ff5224, 0x1782b103, 0x2b001f28, 0x3a403d00, 0x89820100, 0x8003012a, 
    0x05030106, 0x7e050300, 0x080abb54, 0x04050524, 0x04010761, 0x4e045d04, 0x00002021, 0x2b202527, 0x1f002b21, 0x12231e00, 0x190b082a, 0x3435012b, 
    0xed713636, 0x63072008, 0x16280507, 0x07061415, 0x1515020e, 0x0138ad8b, 0x4564357f, 0x658e5a42, 0xbe089658, 0x76c27705, 0x6a6abf82, 0x234f4061, 
    0x3c083f41, 0x95890bc1, 0x7b282957, 0x6f7b6857, 0x5db07e7d, 0x7972b265, 0x49273bac, 0xfe0b5968, 0x21e58432, 0xd8823738, 0xbf82d782, 0x84c80721, 
    0x829720d7, 0x050726ab, 0x00170497, 0x21178500, 0x178ac405, 0x17839320, 0x00020029, 0x0378fe66, 0x826b04c5, 0x002b29b7, 0x27b04b6b, 0x26405850, 
    0x0124ec83, 0x80010305, 0x0524fd82, 0x007e0001, 0x5f20ea87, 0x25081f6c, 0x1b4e025b, 0x28902340, 0x51820020, 0x89660221, 0x4e05242f, 0x41144059, 
    0x1523151d, 0x43060614, 0x36240732, 0x020e3337, 0x27064450, 0x35023e37, 0x16321335, 0x11821f82, 0x36343524, 0x1d419802, 0x95592106, 0x26051d41, 
    0x6a6ac081, 0x414e4161, 0x2208051d, 0x024f4f37, 0x96880b9d, 0x7b282a56, 0x707b6857, 0x5db17d7c, 0x7972b166, 0x48283bac, 0x010b5869, 0x42384ece, 
    0x99820584, 0xf3ff5237, 0xe605a803, 0x2c002000, 0x1fb67b00, 0x00040203, 0xb04b4c01, 0x27f38222, 0x01020029, 0x00020100, 0x0120f282, 0x33084560, 
    0x5f000404, 0x59000000, 0x0606004d, 0x01086105, 0x055d0505, 0x2720f682, 0x00292b88, 0x06040107, 0x00670400, 0x8b348701, 0x40592c29, 0x00212215, 
    0x21262800, 0x822c222c, 0x23202c74, 0x09112913, 0x012b1a0b, 0x42033303, 0x26210619, 0xbe6b1823, 0x83162008, 0x060724f2, 0x42070706, 0x9e3d0c1b, 
    0x140aac16, 0x474e5816, 0x6e3b4071, 0x06b6064b, 0x8175c075, 0x608268bd, 0x0307425c, 0x08db8441, 0x014f4f22, 0xfe9e02a2, 0x3e1011d3, 0x6b4f6587, 
    0x56693136, 0x6a5db07b, 0xc98370b4, 0x3b523b3e, 0x4f51fe64, 0x20050441, 0x41cd824f, 0xbc2206f3, 0x92826b04, 0xa8002c28, 0x02031fb6, 0x07410400, 
    0x0100210a, 0x8020df82, 0x5f21c888, 0x41e4824d, 0x57200508, 0x23080d66, 0x1b4e035b, 0x20052c42, 0x844f8227, 0x23258230, 0x04020000, 0x2406226f, 
    0x05050108, 0x212e8c5f, 0x29912440, 0x03000125, 0x89650301, 0x4e06226a, 0x19344159, 0x13231322, 0x20063042, 0x099f6316, 0x35262629, 0x36373634, 
    0x42373736, 0x70200c32, 0x2c073441, 0x6e3b3f72, 0x05b6064b, 0x8076bf76, 0x0e3441be, 0xfdbc0233, 0x112d0162, 0x65883d10, 0x31366b4f, 0xaf7b556a, 
    0x0934415e, 0x41af0121, 0x51080a34, 0xfeda0001, 0x068b02e9, 0x000f002d, 0x000e4011, 0x85000100, 0x76010100, 0x0b021417, 0x34132b18, 0x33371212, 
    0x15020206, 0x23131214, 0x43da0226, 0x4daf4b74, 0x81793c71, 0x02837faf, 0x6501a35f, 0x9d7b4b01, 0xb5feacfe, 0x5bfec792, 0x01d9f6fe, 0x428300c2, 
    0x53826020, 0x53841120, 0x14401729, 0x00010000, 0x82010285, 0x081b8254, 0x0f000f3a, 0x170b0317, 0x1212132b, 0x02023435, 0x12163327, 0x02141512, 
    0x75856007, 0xaf4e703c, 0x8542754b, 0x01e9fe7d, 0xc1a30112, 0x014b0192, 0xfe7b9d54, 0xa29afeb5, 0xd53efedf, 0xe2204682, 0x70205782, 0x07245782, 
    0x25402800, 0x01354d82, 0x67010002, 0x03030200, 0x02005702, 0x045f0302, 0x03020301, 0x3518824f, 0x11070007, 0x0b051111, 0x11132b19, 0x11231521, 
    0x01e21533, 0x3e82e28e, 0x99440726, 0x0099eef9, 0x0b2f4b8a, 0x2f403200, 0x04000300, 0x67040305, 0x82050106, 0x0005311b, 0x02010067, 0x00570102, 
    0x5f020101, 0x02010200, 0x0b215383, 0x4a5b1900, 0x84012009, 0x84212053, 0x7002215b, 0x72205882, 0x02255e82, 0x43fd98d7, 0x21618299, 0x5f8243fd, 
    0xab827b20, 0xab880920, 0x11820220, 0xab820220, 0x03030024, 0xa0825700, 0x0020ab84, 0x3528ab8f, 0x35231133, 0xe27b1121, 0xfe28ad82, 0x120699e9, 
    0x00bcf899, 0xab854b8a, 0x03000425, 0x82030402, 0x215387f7, 0x53840505, 0x835f0521, 0x8f0520be, 0x841320ab, 0x21598755, 0x5b85dfdf, 0x98bd0224, 
    0x5e84bd02, 0x90204582, 0xee20ab82, 0x7f4dab82, 0x4dee207e, 0x7b20377f, 0xd920bf82, 0x20867f4d, 0x2f7f4d7b, 0x0002002f, 0x0775fe7a, 0x009e0540, 
    0x01500042, 0x05137d97, 0x01241239, 0x0115040a, 0x013e0a06, 0x013f0208, 0x4c040800, 0x1ab04b1b, 0x83405850, 0x8e052019, 0x20148719, 0x212e8a09, 
    0x49855959, 0x002a2a08, 0x04070001, 0x05690701, 0x0a000401, 0x690a0406, 0x0602090c, 0x03610206, 0x57020201, 0x0808004d, 0x010b6100, 0x005b0000, 
    0x2861864e, 0x04050031, 0x0a05040a, 0x20398780, 0x2038a200, 0x209a8222, 0x2038933b, 0x22718309, 0x88090901, 0x207b9870, 0x2042822d, 0x2c429a34, 
    0x59090206, 0x01030600, 0x02060802, 0x21b78c69, 0x36a93940, 0x08000023, 0x233c8759, 0x59510008, 0x31080082, 0x43442140, 0x484a0001, 0x50445043, 
    0x3234393b, 0x26272a2c, 0x181a2022, 0x06081012, 0x42014200, 0x2b160b0d, 0x11002001, 0x21241210, 0x12160432, 0xd5471415, 0x58272005, 0x21080a22, 
    0x17163233, 0x11333533, 0x32331614, 0x26343536, 0x22232426, 0x10150204, 0x36322100, 0x0e173736, 0x16840302, 0x2223a708, 0x14150606, 0x14041616, 
    0x24fe42fe, 0x019401d7, 0x3701ce1a, 0x45166ad2, 0x7a347489, 0x1a08095d, 0xb3857186, 0x77bb6b5b, 0x0a1b8160, 0x6e40439e, 0xffa85347, 0xfee5ad00, 
    0x8601adba, 0x99507401, 0x2e2b1d78, 0x919ea591, 0x5283877e, 0x70323e74, 0xdf0175fe, 0x1d01b901, 0x85db9901, 0x98e2fee3, 0x6db3d76b, 0x403e4a20, 
    0x8de18461, 0x467bd486, 0x6dfd5426, 0xf4e35a3c, 0x6dbae97c, 0xf3a6feb9, 0x6ffe8ffe, 0x8c0a251e, 0x02192613, 0xb3b2af49, 0x548d5583, 0x0063a25c, 
    0xda00ffff, 0x8b0247ff, 0x06038b06, 0x934f9d05, 0x6000210f, 0x11201b82, 0x9e201b84, 0xe2201b90, 0x70201b82, 0x9f201b84, 0x7b201b90, 0x09201b82, 
    0xa1201b84, 0x90201b90, 0xee201b82, 0xa3201b84, 0x37831b90, 0x1b84d920, 0x1b90a420, 0xff7a2008, 0x06400755, 0x0507037e, 0x000000a5, 0xb10800e0, 
    0xe0b00200, 0x002b35b0, 0x00220002, 0x6ded0400, 0x7a20062f, 0x08053143, 0x0b0e282b, 0x020c0302, 0x03010002, 0x01086700, 0x4d560606, 0x04020a0f, 
    0x095f0504, 0x05050207, 0x0d104d59, 0x57010102, 0x401b4e01, 0x83118326, 0x0503231c, 0x36916804, 0x59242887, 0x00001e40, 0x2c18416d, 0x2b1f0b11, 
    0x03211321, 0x37231323, 0x28038433, 0x13210333, 0x07330333, 0x20038423, 0x2e1c8201, 0xfe44c702, 0x4397438c, 0x3cde19de, 0x82db19db, 0x74012609, 
    0xdc439744, 0x300e8517, 0x740150fe, 0x018cfe3c, 0x0165fe9b, 0x6e01969b, 0x08098598, 0x9865fe43, 0xfe9692fe, 0x01310265, 0x0002006e, 0x05ecff78, 
    0x00e70456, 0x00330023, 0x17464049, 0x040d0f15, 0x181e0103, 0x0204060c, 0x1f202103, 0x06030405, 0x4c030200, 0x01020e16, 0x0001004a, 0x03010203, 
    0x05a96669, 0x2f06395a, 0x00012425, 0x33242b2d, 0x11133325, 0x23012300, 0x23057f61, 0x27072726, 0x2c05134e, 0x17372737, 0x32333636, 0x17371716, 
    0x05c84907, 0x27071724, 0x145d0606, 0xe2560810, 0x804dbd6a, 0x39338376, 0x768d383e, 0x65b64b8e, 0x8f4cb966, 0x3d37937a, 0x7a8a3338, 0x6bc04e81, 
    0x7373c378, 0xc57778c3, 0x14c57575, 0x7c824047, 0x67ba4c86, 0x914ec06c, 0x413a907c, 0x7c933b43, 0x6bbe4e94, 0x8a4bb866, 0x4941857c, 0x7fd47fa2, 
    0x7d7dd481, 0x088281d4, 0x2e36b782, 0xb40220ff, 0x03001806, 0x14401700, 0x00010102, 0x00008501, 0x03827600, 0x03000338, 0x170b0311, 0x2301012b, 
    0xfeb40201, 0xe001a620, 0x08f91806, 0x1b82f806, 0x06010128, 0xa30120fe, 0x379bb207, 0x1123112b, 0x079da301, 0x096ef6b2, 0x28338292, 0xfec00002, 
    0x056901e8, 0x243382d2, 0x40220007, 0x8213821f, 0x4863206e, 0x0335075e, 0x044e0256, 0x04070404, 0x10111207, 0x2b190b05, 0x23113313, 0x21448213, 
    0x0082a9c0, 0xfd930129, 0xfdea0655, 0x82a70259, 0x49b78f36, 0xb7870c07, 0x33010525, 0x840e0201, 0x06e025b7, 0x0008f9f8, 0x012f0082, 0x29029000, 
    0xcf021e03, 0x1f000300, 0x82021c40, 0x010022ef, 0x27068257, 0x005f0001, 0x4f000100, 0x152af78b, 0x1e033521, 0xcf0272fd, 0x1682a6a6, 0x00241d82, 
    0x00042902, 0x04223ba8, 0x2c82fc00, 0x60263b87, 0xcc044602, 0x77a6ec02, 0xfbcc0425, 0x8aec0294, 0xa9082077, 0x00082277, 0x227787f8, 0x8200ffff, 
    0x233b83b3, 0xb6050602, 0xef82c482, 0x03120127, 0x00920380, 0x83ff830f, 0x590122d3, 0x3b158200, 0x00010261, 0x01510001, 0x00070900, 0x030f010f, 
    0x012b160b, 0x35262622, 0x33363634, 0x2f05285a, 0x58400206, 0x92565692, 0x56915958, 0x12019156, 0x59200987, 0x00211582, 0x873d8202, 0x001b2457, 
    0x432e4031, 0x82820a11, 0x18435920, 0x00022c08, 0x01101151, 0x10151700, 0x851b111b, 0x0606216b, 0x2b5b6b91, 0x24778b0c, 0x6f6f4e59, 0x8403824e, 
    0x9158257f, 0x58915757, 0x83227f82, 0x13824f6e, 0x6e4f4e22, 0xcd82e282, 0xff013426, 0xa5024f03, 0x25266b41, 0xe5fd4f03, 0x6b41a502, 0x5e012c06, 
    0x78030c01, 0x02009803, 0x82b30600, 0x2b322ed4, 0x01011101, 0x011a025e, 0xfe8c020c, 0x2c5f83ba, 0x00920002, 0x032004a8, 0x000800fa, 0x2beb860c, 
    0x02010302, 0x03010567, 0x57030000, 0x03240682, 0x01045f00, 0x4f357e82, 0x00010909, 0x0c090c09, 0x05070a0b, 0x08010800, 0x2b160b06, 0x05f05025, 
    0x2711213b, 0x02112311, 0xf6f6d65e, 0xbac201d6, 0xccdea8b4, 0xaefcddcb, 0xfd1202a0, 0x207d82ee, 0x2063829c, 0x2463862a, 0x002d4030, 0x23568201, 
    0x67030102, 0x00251a82, 0x02005702, 0x21628402, 0x628a0002, 0x88020421, 0x21240862, 0x16322111, 0x01061415, 0x02113311, 0x013dfe5f, 0xf5f5d6c3, 
    0xa8b422fe, 0xcbdd5203, 0xb202decc, 0x1202eefd, 0x0128cc82, 0x2e011801, 0x74035e03, 0xa34cac82, 0x1011260b, 0x2b180602, 0x28468201, 0x46021801, 
    0x7403bafd, 0x2efb83fd, 0x9000ffff, 0x1e039402, 0x06033a03, 0x5500b305, 0x00290af1, 0x00ffff00, 0x04940200, 0x201b8400, 0x261b90b4, 0x04b10260, 
    0x825703cc, 0x90b52037, 0x2037821b, 0x20378508, 0x2b1b8fb6, 0xa9010001, 0x29048003, 0xb8050703, 0x9720af82, 0x54051354, 0x1b8a054b, 0x1b87b920, 
    0x86b00221, 0x0234261b, 0x034f0396, 0x2037823c, 0x263790ba, 0x03a3015e, 0x822f0478, 0x8fbb201b, 0x9200271b, 0x20044001, 0x1b829204, 0x1b82bc20, 
    0xff469820, 0x54982005, 0x9c200583, 0x2a201b82, 0xbd201b84, 0x01271b8f, 0x03c60118, 0x820c045e, 0x87be2037, 0xb001211b, 0x002f3783, 0x03a00001, 
    0x05c6019b, 0x000300d2, 0x44164019, 0x0023076c, 0x444e0156, 0x132d0a6d, 0xa0033313, 0x03588a9c, 0xfd37029b, 0x8c1882c9, 0xb1262c37, 0x40446406, 
    0x0100001b, 0x82570001, 0x5f01221c, 0x20098202, 0x0bae4401, 0x0006b123, 0x22448444, 0x889cce58, 0x00012244, 0x207b82d2, 0x267b9f94, 0xe8033303, 
    0x8816c216, 0xffff2136, 0x02213783, 0x223782e8, 0x82cc0526, 0x0507286f, 0x005401cc, 0x83ffff00, 0x360321cb, 0xca201784, 0xca221784, 0x178e7001, 
    0x1784cb20, 0x1786cb20, 0x99fe7837, 0xd0000e03, 0xcb052700, 0xfefad8ff, 0xcb050701, 0xfefa4801, 0x0dcf5a00, 0x2906645b, 0x7800ffff, 0x9e019afe, 
    0x2783d100, 0xff212f82, 0x05835b00, 0x4318ff20, 0x50200843, 0x7620cf82, 0x133ccf84, 0x00001040, 0x005f0100, 0x00560101, 0x0210114e, 0x012b180b, 
    0x01330323, 0xce9c8a76, 0x9784ca83, 0x02212f82, 0x20af84e6, 0x209784d2, 0x279783d2, 0x66000100, 0x6401b703, 0x2c1f1741, 0x66033313, 0x037cca34, 
    0xfd1b02b7, 0x213e82e5, 0x3783ffff, 0x84260321, 0x84d4204f, 0x01d4224f, 0x826784c2, 0x4104204f, 0x1783052f, 0x84052721, 0x07002517, 0x8403d405, 
    0x06211f87, 0x873788aa, 0x8307821f, 0x2127831f, 0x4f824605, 0xdf98978b, 0x7a846423, 0x879283c8, 0x208f8657, 0x223f82d8, 0x90d80507, 0x2017838f, 
    0x20178527, 0x841f8200, 0x0001266f, 0x0194038e, 0x42ff8461, 0x032b275b, 0x3bc90333, 0x94033ad3, 0x85fd3e02, 0x214382f3, 0xd3844903, 0x7b84db20, 
    0xe801db22, 0x80249384, 0xa60199fe, 0x2006475d, 0x0f475de0, 0x00010030, 0x01f3ffa0, 0x000101ae, 0x401a000b, 0x7d460017, 0x05096706, 0x00050726, 
    0x030b010b, 0x240b9e71, 0x01061415, 0x06b35227, 0x5f510d20, 0x058f5509, 0x824a0621, 0x0526223e, 0x247f82de, 0x02de0527, 0x2407824e, 0x04de0507, 
    0x8287849c, 0xfc032167, 0x17821f88, 0x37851f83, 0x04ae0124, 0x3784022a, 0x17820120, 0x5d000021, 0xa02710b7, 0xae01cd00, 0x82020405, 0x20538255, 
    0x282585da, 0x11000304, 0xb00100b1, 0x06b75dda, 0x5d030421, 0x2faf08b7, 0x99fe8024, 0xe75dca01, 0xfae02206, 0x205f84fe, 0x1ae75d1c, 0x3d02a027, 
    0x4b03ae01, 0x21ad8403, 0x17434a02, 0x4a022105, 0x03217f89, 0x20d3825d, 0x211f856b, 0x1f856a03, 0x886a0321, 0x326fac1f, 0x64000100, 0xc3029000, 
    0x05004004, 0x04b63d00, 0x54010201, 0x0c2008f5, 0x2508c044, 0x1b4e0159, 0x93441140, 0x59270810, 0x00000a40, 0x05000500, 0x170b0312, 0x0101252b, 
    0x01010133, 0x016ffef5, 0x76fece91, 0x01908a01, 0xfed801d8, 0x8228fe28, 0x01002324, 0x67825000, 0x67c2af20, 0x67843720, 0x8a015029, 0x01ce76fe, 
    0x886ffe91, 0xffff2166, 0x0421cb83, 0x22638259, 0x82e80526, 0x05072874, 0x009601e8, 0x83ffff00, 0x4504217b, 0xe9201784, 0xe9201784, 0x93821783, 
    0x2c00ae34, 0x62045e04, 0x06000700, 0x010207b3, 0x35132b32, 0x01831501, 0xb003ae33, 0xc80238fd, 0x017e0802, 0xaefec4dc, 0xc2aefe0c, 0x202f8200, 
    0x202f82ed, 0x212f869d, 0x2f820106, 0x35010122, 0x21080184, 0x50fc9d04, 0x38fdc802, 0x0802b003, 0x01c224fe, 0x52010c52, 0x0024fec4, 0xce000200, 
    0x7e044500, 0x63827704, 0x22000b30, 0x06071f40, 0x01020304, 0x4a010700, 0x52820100, 0x01005722, 0x2407914a, 0x0b021811, 0x28818418, 0x15051505, 
    0x21352111, 0x248582ce, 0xfc8b0275, 0x2b568250, 0x4d017fab, 0xd20ad0b6, 0xa8e5feb5, 0x578dc382, 0x25402825, 0x84050607, 0x4a002157, 0x2610a741, 
    0x0b080808, 0x4b190b08, 0x352105e2, 0x82018225, 0x152123b6, 0xb3827e04, 0x75fd8b24, 0x6085b003, 0xb5b5fe2b, 0xb6d00ad2, 0x1bfdb3fe, 0x2b6283a8, 
    0xe2000200, 0x6a041b01, 0x03007303, 0x2f2bbd82, 0x02002c40, 0x00030105, 0x8a670302, 0x01042c62, 0x4f010001, 0x00000404, 0x82040704, 0x09f25984, 
    0x15213523, 0x2e038201, 0xfc8803e2, 0x01880378, 0x01a6a61b, 0x82a6a6b2, 0x012c08bb, 0x2e00e200, 0x5e046a04, 0x60001300, 0x5017b04b, 0x05204058, 
    0x01060301, 0x02030102, 0x01010768, 0x09000108, 0x00670001, 0x4d590404, 0x086b4618, 0x20055074, 0x21289786, 0x28744e04, 0x00132105, 0x08097b7f, 
    0x1f0b0b3b, 0x2337252b, 0x21132135, 0x33372135, 0x21153307, 0x21152103, 0x5f7a0107, 0x6b3a01f7, 0xe8015bfe, 0xfc5ea45e, 0x016bc1fe, 0x5f13feaa, 
    0x01a6ed2e, 0xebeba60c, 0xa6f4fea6, 0x2ca784ed, 0x046400c3, 0x002a0488, 0x402c000b, 0x5b891829, 0x01042308, 0x9e830500, 0x05020227, 0x0501065f, 
    0x102d5402, 0x82112521, 0x3311226f, 0x086b8211, 0x51021120, 0x8e0172fe, 0xfe8e01a9, 0x94016472, 0xfe93019f, 0x6cfe9f6d, 0xd2000100, 0x7b04f101, 
    0xbb4a9d02, 0x7b042726, 0x9d0257fc, 0x9682acac, 0x00253b83, 0x047e0470, 0x3b97821e, 0x0006b306, 0x252b3201, 0x01270101, 0x01013701, 0x04010117, 
    0xfe9efe0a, 0x6201749e, 0x01270484, 0x9efe7462, 0x88706201, 0xfe76250e, 0x7663019d, 0x4b832283, 0xd2000328, 0x7b044800, 0x87824704, 0x1b000f2f, 
    0xb04b6800, 0x4058502d, 0x0101061d, 0x37e58500, 0x04010805, 0x07650405, 0x03020201, 0x03030061, 0x1b4e0259, 0x03002340, 0x01231082, 0x8a690203, 
    0x04042828, 0x05005905, 0x84610405, 0x59512831, 0x10111a40, 0x4c000405, 0x115c0603, 0x0b09270a, 0x15012b17, 0x204b3521, 0x16322406, 0x58061415, 
    0xec830bd6, 0x37d30129, 0x37374e4e, 0x86374d4d, 0x9c023607, 0x4da2aaaa, 0x4e4e3638, 0xfd4d3836, 0x36374e0a, 0x37364d4d, 0x0a0b434e, 0x00613008, 
    0x000f000b, 0x02344037, 0x05080001, 0x00040302, 0x06006703, 0x06070109, 0x04006307, 0x005f0104, 0x04590101, 0x000c0c4e, 0x0c0f0c00, 0x820d0e0f, 
    0x058e562f, 0x1b0b0a26, 0x2135132b, 0x0806b241, 0x01112345, 0xce152135, 0x01a98401, 0xa97dfe83, 0xb0037cfe, 0x01a89202, 0xa8d9fe27, 0x2601dafe, 
    0xa8a8b3fd, 0xa7000200, 0xa604ac00, 0x1b00e203, 0x6b003700, 0x08006840, 0x08060a06, 0x010d800a, 0x0709070b, 0x8280090b, 0x00043d22, 0x0c800402, 
    0x03010501, 0x80030501, 0x0a000600, 0x690a0607, 0x09000700, 0x69090700, 0x0425b982, 0x69040001, 0x221c8200, 0x5a005901, 0x01340525, 0x1c1c5103, 
    0x371c0000, 0x3335371c, 0x292a2d2f, 0x1f212527, 0x1b266382, 0x24122324, 0xa7820e23, 0x3626373c, 0x16323336, 0x33161617, 0x33273632, 0x23060616, 
    0x26272622, 0x06222326, 0x1b9a0317, 0x5301a83c, 0x794b4b85, 0x263e3652, 0xa402483f, 0x4d865303, 0x32527a49, 0x4c3b2741, 0x1b84a402, 0x35507a24, 
    0x1b85273f, 0x4c873108, 0x34517848, 0x4d3a2842, 0x957bd502, 0x2d444243, 0x78585925, 0x463f4697, 0x5e50262c, 0x967bb801, 0x2c434244, 0x79575a28, 
    0x463c4596, 0x6150282e, 0x0128cd82, 0x9001a600, 0x0c03a504, 0x4226af82, 0x446406b1, 0x04413740, 0x41062007, 0x00210804, 0x82f49400, 0x001b213e, 
    0x0720e485, 0xb124e482, 0x13440006, 0x3520cc8b, 0x3d08e88d, 0x875302a8, 0x517a4a4a, 0x3e264035, 0x5402a447, 0x7c4c4a86, 0x263f364d, 0x01014c3a, 
    0x43967cb7, 0x262e473e, 0x967b575a, 0x2f434143, 0x005f5225, 0xae00ffff, 0x5e04cf00, 0x07030505, 0x6c82ec05, 0x200d1b61, 0x201b82ed, 0x201b849d, 
    0x261b90ed, 0x04d100ce, 0x8203057e, 0x82ee2037, 0x0dc3611b, 0xef201b89, 0xe2261b90, 0x6a04be01, 0x37821604, 0x5387f020, 0x2008ff60, 0x225382e2, 
    0x8201056a, 0x90f1201b, 0x00c3266f, 0x048804ff, 0x201b82c5, 0x271b82f2, 0xb108009b, 0x9bb00100, 0x2605974c, 0x049402d2, 0x8240037b, 0x90f3201b, 
    0x01d22637, 0x047e0413, 0x201b82c1, 0x251b91f4, 0x7b04eb00, 0x1b82ea04, 0x1b87f520, 0x2208c361, 0x82dc00ce, 0x82f82037, 0x4df6201b, 0x00270f5b, 
    0x044f01a7, 0x828504a6, 0x90f7201b, 0x02a626c3, 0x03a5042c, 0x201b82a8, 0x611b82f8, 0x003b0ac3, 0x01e00001, 0x0224043b, 0x000500e9, 0x0ab04b46, 
    0x17405850, 0x00020103, 0x46710200, 0x1b220ff3, 0x19831640, 0x8f860221, 0x59220818, 0x00000b40, 0x05000500, 0x0b041111, 0x11012b18, 0x11213521, 
    0x65fd7b03, 0x3b014403, 0xfe9f0f01, 0x32830052, 0x035aff23, 0x262782a6, 0xb1270003, 0x51446406, 0xb12c1ee7, 0x21440006, 0x03352115, 0xa65afca6, 
    0x01383682, 0x86017200, 0xd2057c03, 0x2e000d00, 0x010c2b40, 0x01000502, 0x0101034c, 0x2b06e045, 0x05050106, 0x02005f02, 0x4e055602, 0x0d236482, 
    0x82110d00, 0x07122700, 0x012b1b0b, 0xe2453503, 0x03153c08, 0xfe21bf01, 0xb22c01d4, 0xd4fe2c01, 0x01860121, 0x0197d7a7, 0x97c9fe37, 0x8259fed7, 
    0x22a78237, 0x84000072, 0x00152867, 0x1439403c, 0x82090201, 0x08c84667, 0xf1466720, 0x4656200c, 0x398207f1, 0x15001522, 0x02847082, 0x0b0b1225, 
    0x85212b1f, 0x20798875, 0x88cd8211, 0x8581887d, 0x97a72e85, 0x97300197, 0xcafe3601, 0x97d0fe97, 0x2a898397, 0x03520001, 0x0573032e, 0x410700a3, 
    0x0522072f, 0x8a820101, 0xa2820020, 0x02038523, 0x055e5c02, 0x07000722, 0x3f057441, 0x440006b1, 0x01330113, 0x03230323, 0xc72d0152, 0xd9b12d01, 
    0x2e03d70d, 0x8bfd7502, 0x29fed701, 0x3882a182, 0x8c02722c, 0xd2059003, 0x2c001100, 0x727e2940, 0x4b4c1806, 0x4a5c8208, 0x064f0845, 0x114a0805, 
    0x03181100, 0x012b170b, 0x25270513, 0x03053725, 0x17250333, 0x25070505, 0x0db90113, 0x0148f4fe, 0x48e6fe1a, 0x900d0c01, 0x480b010c, 0x1a01e6fe, 
    0x0cf5fe48, 0x3d018c02, 0x92927eab, 0x3d01ab80, 0x80abc3fe, 0xab7e9292, 0x7f85c3fe, 0xff00c326, 0xd3046604, 0x31227f82, 0x7f922e40, 0x82100e49, 
    0x20848736, 0x08849025, 0x0a46022f, 0x014ec1fe, 0x50aafe57, 0x9e0a3c01, 0x503b010a, 0x5701aafe, 0x0ac2fe4e, 0xce8001ff, 0x88b3af89, 0xfe7f01d0, 
    0xb388cf82, 0xfecd89af, 0x084c8281, 0x00040048, 0x045a0164, 0x00e605f0, 0x00230013, 0x003b0032, 0x6406b169, 0x315e4044, 0x01080401, 0x02070c4c, 
    0x04020405, 0x00800205, 0x06030001, 0x00690301, 0x08090006, 0x00690906, 0x05040008, 0x0b670408, 0x00000201, 0x06825902, 0x00024008, 0x00010a61, 
    0x24510002, 0x01141524, 0x35393b00, 0x24322433, 0x28292b32, 0x1d252627, 0x1523141b, 0x00090b23, 0x0d130113, 0xb12b160b, 0x01440006, 0x35022e22, 
    0x33023e34, 0x15021e32, 0x56020e14, 0x37210f53, 0x18328227, 0x2207e04c, 0x18011707, 0x08087f7c, 0xd378aa31, 0xa05b5ba0, 0xd37978d3, 0xa05a5aa0, 
    0xc87a79d3, 0x7ac87777, 0x7777c979, 0x735ef5c9, 0x22100178, 0x2334374e, 0x6cabfe6d, 0x16383719, 0x835a016e, 0x8334872c, 0x828d2007, 0x8234852e, 
    0xae390805, 0x1802b6b6, 0x383a4b25, 0x01d1164f, 0x30302f0f, 0x03000023, 0xe9ffa800, 0xe905a806, 0x27001300, 0x64004700, 0x446406b1, 0x05005940, 
    0x05060806, 0x08008008, 0x07080607, 0x2a68187e, 0x00072610, 0x09070209, 0x12144169, 0x01141535, 0x40434500, 0x353b3d3f, 0x2d303133, 0x141d1f2b, 
    0x41271527, 0x0c200510, 0x2a061041, 0x26242205, 0x12343502, 0x5a332436, 0x02250565, 0x32270406, 0x2a12823e, 0x2223022e, 0x1415020e, 0x5401021e, 
    0x172406ec, 0x23262623, 0x21064b5a, 0x67623233, 0xa8032e08, 0xd4eafe9f, 0x01d47777, 0x019f9f16, 0x2a098316, 0x7b9feafe, 0x5c5ca4d7, 0x867bd7a4, 
    0xd3fe2f07, 0x6877c574, 0xb00e73af, 0x4854850f, 0x02824878, 0x0f75542b, 0xa76c0db0, 0x74c57768, 0x843c8e17, 0x8aae2050, 0x3746843e, 0xc4785102, 
    0x61985974, 0x7847604a, 0x47774849, 0x9a614b5f, 0x00c47559, 0x3b410082, 0x5c25080f, 0x08005940, 0x08070507, 0x05008005, 0x06050706, 0x0001007e, 
    0x03010903, 0x00090069, 0x07090807, 0x00060069, 0x41eb8204, 0x06223037, 0x33412b16, 0x06142424, 0x78222306, 0xa77608a9, 0x06b96408, 0x3d243341, 
    0xc4752502, 0x6ca96777, 0x7510b00e, 0x47764955, 0x55497647, 0x0eb00e85, 0x7767b073, 0x334175c4, 0x312a8227, 0x4a619a59, 0x48774760, 0x5f477849, 
    0x5998614b, 0x8743c474, 0x0b6f4205, 0x3b00322d, 0x55405800, 0x0506010b, 0x43060502, 0x0434057c, 0x00690301, 0x07080004, 0x00690804, 0x06050007, 
    0x0a670507, 0x82057c43, 0x00022b06, 0x00010961, 0x28510002, 0x7c431528, 0x32282706, 0x2f313228, 0x6942292b, 0x2631410c, 0x9a552720, 0x23232206, 
    0x065c7d15, 0x41232321, 0x902d2426, 0x9e944a01, 0x89a196a0, 0x55505055, 0x25164189, 0x0703c52e, 0x92737493, 0x487e01fb, 0x00463a3a, 0x2808c582, 
    0x04ba0352, 0x00d20585, 0x0014000c, 0x0b404043, 0x00030106, 0x0a4c0105, 0x03040908, 0x00050005, 0x02020686, 0x01050501, 0x36078357, 0x075f0501, 
    0x05010501, 0x000d0d4f, 0x0d140d00, 0x11121314, 0x820e0f10, 0x110c313c, 0x0b121112, 0x012b1a06, 0x11231103, 0x33131333, 0x30080682, 0x23112103, 
    0x23152135, 0x9f530311, 0xa4a3745f, 0xfd9d6175, 0xa501a26d, 0x01ba03a2, 0x0297fe69, 0x0179fe18, 0x01e8fd87, 0x0198fe68, 0xfe5454c4, 0x248f843c, 
    0x057004b6, 0x085282d6, 0x59003136, 0x080b5640, 0x03090602, 0x02060701, 0x0a09004c, 0x06090a06, 0x07060080, 0x7e07060a, 0x00020108, 0x00090a00, 
    0x0700690a, 0x59070202, 0x02070700, 0x0b050c5f, 0x0224b682, 0x0e4f0207, 0x282da182, 0x21232426, 0x1113151f, 0x0e310d10, 0x20528231, 0x21a4820c, 
    0xa5830d11, 0x5108a288, 0x05110323, 0x33352622, 0x32331614, 0x27263435, 0x27262627, 0x32333626, 0x34231516, 0x06222326, 0x17171617, 0x06141516, 
    0xa2754002, 0x9e6076a3, 0x7bfe9f34, 0x33586860, 0x3228743d, 0x024b4d3c, 0x5b6b5801, 0x392d5863, 0x01012545, 0x6ca43c4e, 0xd688ba03, 0xfe6a2208, 
    0xfe6b0196, 0x51570495, 0x1e46282a, 0x0d0a0825, 0x5e3a3a50, 0x24295152, 0x0d36172a, 0x49851b0a, 0x05c34353, 0xba035237, 0xd2054205, 0x13000b00, 
    0x52001900, 0x070a4f40, 0x06080002, 0x06736302, 0x0403002c, 0x0b670302, 0x05050401, 0x06825704, 0x5f050427, 0x090e0c0f, 0x2c0e820d, 0x14144f05, 
    0x00000c0c, 0x19141914, 0x22a78218, 0x410c130c, 0xb44c0592, 0x06102a09, 0x11012b1b, 0x15231521, 0x41038433, 0x04750793, 0x55023105, 0xbaea4901, 
    0x56fdeaba, 0xa2a501a2, 0xe761a502, 0x5424c083, 0x54935489, 0x82059241, 0x543c25cd, 0x5e000400, 0x9420a382, 0x0720a382, 0x5008a382, 0x0020001d, 
    0x2067406a, 0x090a020c, 0x0b02090f, 0x0201120a, 0x104c030d, 0x06070f0c, 0x0107030e, 0x08860102, 0x00030405, 0x000a0900, 0x0a006709, 0x0a0d0b00, 
    0x0d00670b, 0x570d0202, 0x020d0d00, 0x0d020060, 0x14145002, 0x00000808, 0x1d141e1f, 0x114f1814, 0x13082e08, 0x10111308, 0x0a0b0d0e, 0x07000700, 
    0x32008211, 0x012b1906, 0x23133313, 0x21072327, 0x17330313, 0x82033337, 0x2107210c, 0x2308d188, 0x01273325, 0xd757db90, 0x30e6315f, 0xb6b9c501, 
    0x6a807f6c, 0x8569b9b5, 0x013cfc84, 0xbabad837, 0x56ab8301, 0xfd39d383, 0x017d7de8, 0xbb09010f, 0xfef7febb, 0x02c2c2f1, 0x529c5418, 0x00dcc9d6, 
    0x21db8303, 0xdb829804, 0x16000922, 0x5108d982, 0x15434046, 0x07030b10, 0x044c0108, 0x00000203, 0x08000708, 0x01070069, 0x00590701, 0x5f010707, 
    0x0205060a, 0x07010509, 0x0a0a4f01, 0x1e200000, 0x160a1719, 0x1314160a, 0x0e0f1112, 0x09000c0d, 0x0b210800, 0x012b1706, 0x16323311, 0x06060707, 
    0x12432123, 0x3325350b, 0x35353632, 0x23232634, 0x62c6ea02, 0x01010186, 0xacfd6184, 0x27071e43, 0x3a65bb01, 0x653a4c4c, 0x7d24b083, 0x7c625c61, 
    0x270f2743, 0x5c3e4c54, 0x02004c3e, 0x2a08b382, 0x05b504b6, 0x000c00d4, 0x40590021, 0x02010b56, 0x01060807, 0x4c020a09, 0x0a080700, 0x800a0708, 
    0x08090a00, 0x067e090a, 0x82010202, 0x820120c3, 0x000928c3, 0x00590900, 0x43000909, 0xab820627, 0x0d0e4f32, 0x1e1f0000, 0x17191b1d, 0x11131516, 
    0x210e210d, 0x2007cd43, 0x0fcd430d, 0x26220524, 0xd4821035, 0x2623172e, 0x14152223, 0x33373233, 0x5c010606, 0x0231bb87, 0xf7867742, 0x610a7768, 
    0x9c967117, 0x0d5f1b67, 0x11e6436c, 0x88042208, 0x62100186, 0xbcb8695b, 0x00635562, 0x00020000, 0x033d0382, 0x00de0523, 0x001b000f, 0x6406b139, 
    0x2d2b5c44, 0x2006ce47, 0x0e9b5c01, 0x080b2f5c, 0x5dd4012b, 0x995c5c99, 0x5b985c5d, 0x4d5c985b, 0x4e4d6c6c, 0x3d036d6d, 0x5d5c995a, 0x9a5b5b9a, 
    0x5a995c5d, 0x4d4c6d96, 0x4c4d6e6e, 0x8292826d, 0x43200893, 0x29038702, 0x2000ea05, 0x7a002e00, 0x501cb04b, 0x250c4058, 0x04031112, 0x00011d01, 
    0x1b4c0204, 0x03200e89, 0x59200e82, 0x183b2285, 0x02010100, 0x02020061, 0x01064d79, 0x61000404, 0x00020503, 0x4e008100, 0x891c401b, 0x0300231a, 
    0x1f867b03, 0x00010522, 0x21081e83, 0x22154059, 0x21000121, 0x1c2e222e, 0x0f14161b, 0x0120000d, 0x160d0720, 0x2622012b, 0x36363435, 0x30423637, 
    0x06223005, 0x36362707, 0x021e3233, 0x35231115, 0x83060623, 0x356408e4, 0x0607020e, 0x16141506, 0xb07f7201, 0x77549e67, 0x5756586b, 0x2fa11467, 
    0x783572cf, 0x09a6446b, 0x6e498219, 0x5e540c7b, 0x616a4f1d, 0x7c838702, 0x092d665f, 0x042c130d, 0x2c454c44, 0x19617227, 0xfd5a723f, 0x533273d3, 
    0x6a497186, 0x040b120b, 0x3a3e390a, 0x0002003d, 0x0388024e, 0x00ea058e, 0x001b000f, 0x0a534218, 0x5d4d7921, 0xbb8308ba, 0x8510bb5d, 0x0c275eb6, 
    0x080c8b41, 0xbc7dee2a, 0x7dbc6767, 0x6868bb7d, 0x777c7dbb, 0x777b7d76, 0x6d880277, 0xc38381c2, 0x83c36c6c, 0x8f6cc381, 0xac7776ab, 0xab7678ab, 
    0x28058b41, 0x01e80258, 0x0017070d, 0x20898203, 0x0505544f, 0x03001522, 0x00238482, 0x6e690203, 0x01240959, 0x1a401b4e, 0x78541788, 0x40592210, 
    0x136e6e12, 0x11331122, 0x390b5052, 0x264fa162, 0x24263636, 0xe8023535, 0xe8fc1803, 0x24367d03, 0x23353523, 0x8b833426, 0x6000012c, 0xdf02e802, 
    0x14000806, 0x84186a00, 0x202108a3, 0x05901850, 0x4d5e2e0b, 0x00000103, 0x01026101, 0x005e0101, 0x06df6a4e, 0x04001823, 0x20138504, 0x201f8a5c, 
    0x211f825c, 0x29821540, 0x00040025, 0x4d690401, 0x3e820500, 0x4f00013b, 0x23b75959, 0x11112413, 0x2b1b0b05, 0x11231113, 0x36331533, 0x16323336, 
    0x080b8215, 0x23263424, 0x9fff0622, 0x751a0699, 0x9f8f7151, 0x5d474756, 0x12fed604, 0x3e801803, 0xfd7f924a, 0x4df401f1, 0xaf855c59, 0x00006e34, 
    0xd2051e04, 0x28000e00, 0x01002540, 0x01000300, 0x1a828003, 0x7c05ad4e, 0x0e240a32, 0x21260e00, 0x19226d82, 0x6182212b, 0x4c432320, 0x11213907, 
    0x54b46303, 0x7272dc9f, 0xc3019fdc, 0xfcfc2c05, 0x8687d57a, 0x2efa7bd3, 0x4f824482, 0x5f82b420, 0x5f846420, 0x1f402232, 0x00030200, 0x80000203, 
    0x01030300, 0x0101005f, 0x07ef4318, 0x21261129, 0x1a0b0410, 0x4c23212b, 0x0629075f, 0x23112323, 0x01bb6f01, 0x2b5a85c3, 0xd205b454, 0x8786d37b, 
    0x04037ad5, 0x02375882, 0xd2fe7a00, 0xe6051204, 0x46003700, 0x39403c00, 0x02022021, 0x82043204, 0x02023157, 0x0402004c, 0x01020401, 0x05010080, 
    0x00010001, 0x3508a676, 0x014e045c, 0x1e232500, 0x0815161c, 0x01370006, 0x160b0637, 0x5b18012b, 0x34240918, 0x25272626, 0x2005c060, 0x056f6337, 
    0x5c183320, 0x15250848, 0x17161614, 0x05726305, 0x1516072a, 0x16030614, 0x34353636, 0x06212f82, 0x081b8206, 0x330217ac, 0xa120c2ab, 0x5d6e6919, 
    0x22483272, 0x7561e6fe, 0x03466638, 0xa6cc4443, 0x982bb2a3, 0x60665c22, 0x2349326a, 0x71631a01, 0x8b036381, 0x5a1f2cd6, 0xe2fe8845, 0x433e5420, 
    0xa5d2fe49, 0x6b5b2a91, 0x4a374f51, 0x38a41334, 0x713d5aac, 0x3905044c, 0xa58e4f72, 0x612997a2, 0x35495667, 0xa615344b, 0x5f56aa3a, 0x69070895, 
    0x02a58e93, 0x5219128c, 0xa44e7742, 0x41531c13, 0x002a653c, 0x00680003, 0x041307e4, 0x0025000d, 0x004b0037, 0x423e4041, 0x0406182f, 0x4c010504, 
    0x00020801, 0x04050106, 0x07690500, 0x02020401, 0x06825904, 0x02042408, 0x02010361, 0x01510204, 0x3d474900, 0x2a34363b, 0x141d1f28, 0x000a0c12, 
    0x09250125, 0x012b1606, 0x82171636, 0x373621f1, 0x2909cc61, 0x27262223, 0x06062726, 0x887f0607, 0x16032408, 0x83323316, 0x26372123, 0x26261b82, 
    0x05062223, 0x06832636, 0x07202382, 0x1e843e82, 0x01365608, 0x42af70ff, 0x1e142f1d, 0x79b53f36, 0x6c6cb670, 0xb47670b6, 0x11243241, 0xb5401730, 
    0x6db97174, 0x0178b96d, 0x76456187, 0x15311f34, 0x2e23340e, 0x87614879, 0x3e014e05, 0x784c3f68, 0x0c2f282f, 0x341e3115, 0x683f4777, 0x010c043e, 
    0x341b3e5b, 0x3e342b19, 0x08458263, 0x6db87131, 0x32313f60, 0x3e163815, 0x71b86d61, 0xfe6cb770, 0x3f87616d, 0x1d3c1e32, 0x2d214213, 0x3f5f8541, 
    0x2d423d68, 0x1f0e4027, 0x3f321d3b, 0x8200693e, 0x02630800, 0xecffa200, 0xe6057204, 0x31001f00, 0x4b404e00, 0x0201010b, 0x0100010a, 0x00040103, 
    0x0405012e, 0x02004c04, 0x02000100, 0x01066901, 0x04010700, 0x69040005, 0x03030500, 0x05005905, 0x00610305, 0x51030503, 0x00012021, 0x3120282a, 
    0x16183121, 0x06080d0f, 0x1f011f00, 0x2b160608, 0x17163201, 0x4523022e, 0x16250787, 0x14151512, 0x052e4102, 0x36343527, 0x06221736, 0x41118206, 
    0x56080516, 0x022e3535, 0x9f567602, 0x9e6c0f38, 0x43874c5a, 0x738d3b11, 0x757bf7bc, 0xd99a99db, 0xaad26e74, 0x3b3c7e62, 0x7b62617d, 0x753a063b, 
    0x3e46ff03, 0x1d6ac68a, 0x271aa417, 0xf690fecc, 0xd8feba3a, 0x97f08bac, 0x80de8d16, 0x58945aa6, 0x64a56216, 0x487cc875, 0x82485e20, 0x3cbd82e2, 
    0x04f2fe52, 0x00d205c1, 0x4039000c, 0x02010536, 0x040a0b01, 0x03020303, 0x03030001, 0x821f824c, 0x67022209, 0x057d6204, 0x03270682, 0x00005f00, 
    0x824f0003, 0x0c34083c, 0x14110c00, 0x19060511, 0x2115052b, 0x35010135, 0x01211521, 0xc1040115, 0x6e0291fb, 0x240492fd, 0x3f02d9fc, 0xa668c2fd, 
    0x02d70296, 0xfda69ad9, 0x56fd394f, 0x01263782, 0x2affba00, 0x73820e05, 0x2700072a, 0x01022440, 0x86000100, 0x01235a82, 0x82570301, 0x01032606, 
    0x0301005f, 0x0a0e6e01, 0x01246182, 0x21112311, 0x052f0382, 0x28fdbe0e, 0xf9d205be, 0xfa000658, 0x84a80600, 0xe6ff2fc3, 0xcc022bfe, 0x18003306, 
    0x0e409600, 0xbd83010f, 0x57820482, 0x544c0321, 0x143c050b, 0x03000200, 0x69030201, 0x00010100, 0x00010461, 0x4e006100, 0x15b04b1b, 0x16405850, 
    0x0226e882, 0x02020061, 0x1d8e4d5e, 0x1d821720, 0x40213995, 0x23508919, 0x59010000, 0x23083887, 0x59510001, 0x0f405959, 0x11140001, 0x05070b0d, 
    0x18011800, 0x2b160b05, 0x37272213, 0x32331616, 0x36341135, 0x08082a44, 0x1411152b, 0x36425e06, 0x0f450e12, 0x27a3ac8e, 0x12182549, 0xa49c1e4b, 
    0xa0122bfe, 0x05a50704, 0x0cbdb04f, 0x04049b08, 0xa1affac3, 0x32e784ac, 0x00004c00, 0xd205cb04, 0x31000800, 0x01012e40, 0x82010201, 0x00032311, 
    0x09820085, 0x82048621, 0x410220f2, 0x02260541, 0x0302005f, 0x34824f02, 0x0800082a, 0x05121111, 0x012b1906, 0x35065653, 0xaf9d0135, 0xfdd0af01, 
    0xc2f3a0d6, 0x22fe1103, 0x2efa9f04, 0xd1546b02, 0xff5e3e05, 0x041e05ce, 0x001b008e, 0x00310026, 0x0f3f4042, 0x0003020d, 0x10232428, 0x03020502, 
    0x2665821b, 0x0e4c0302, 0x824a0001, 0x02032559, 0x04690300, 0x01221282, 0x06825902, 0x61010222, 0x512f8583, 0x2a2c1c1d, 0x261d261c, 0x0605292c, 
    0x68172b18, 0x3e21058e, 0x68f48302, 0x0e310689, 0x26222302, 0x36322527, 0x26343536, 0x16160127, 0x404f1827, 0x14560807, 0xa34eac16, 0x9e59453c, 
    0xba6678d1, 0xa550a44a, 0x9f5a473e, 0xbc6976cf, 0x6b70014b, 0x252a6ab1, 0x7a31dbfd, 0x312502fa, 0xb36e4176, 0x50322969, 0x68ba4ba3, 0x599fcf77, 
    0x4ca43d45, 0x68bc4aa6, 0x5a9ed177, 0x6a343e46, 0x79426cb2, 0x25dbfd31, 0x25029d2a, 0x0e832925, 0xb1827820, 0x52000235, 0x16040000, 0x0500d205, 
    0x1a000900, 0x08091740, 0x54040307, 0x0026088c, 0x12760101, 0xb5820211, 0x01132708, 0x23010133, 0x52020937, 0x01a08f01, 0xa471fe95, 0xfe090154, 
    0x02f8fef0, 0xfdea02e8, 0xde18fd16, 0x07020a02, 0x5384f9fd, 0x7703462c, 0xf305c102, 0x2a001d00, 0xc95a7a00, 0x220c2305, 0x58820f10, 0xdf491a20, 
    0x490e8707, 0x2d2406df, 0x18405850, 0x02256d82, 0x02020061, 0x0bdf494f, 0xdf495020, 0x4d4f250c, 0x4c030300, 0x820adf49, 0x4059371e, 0x011e1f15, 
    0x1f2a1e00, 0x1418192a, 0x000c0e12, 0x071d011d, 0xdf49160a, 0x08de4906, 0x2105dd49, 0xdd491616, 0x7206200b, 0x440806ad, 0x8a673701, 0x615b799a, 
    0x22783f46, 0x70a5209b, 0xa1588b4e, 0x22731c07, 0x6316644a, 0x49434d23, 0x5b5b7703, 0x07095560, 0x26071f13, 0x481a4329, 0x405a2f5a, 0x305c58fe, 
    0x37457137, 0x040e0a40, 0x25202b08, 0x33fb8428, 0x037a0375, 0x00ae062a, 0x001f0013, 0x090a4072, 0x03030501, 0x4b22f484, 0xe4821db0, 0xdf821d20, 
    0x454d4a21, 0x0321060b, 0x05b7734f, 0x06016125, 0x84000002, 0x822420e9, 0x8600201f, 0x3726980f, 0x15174059, 0x1b000114, 0x151f1419, 0x080c0e1f, 
    0x00050607, 0x08130113, 0x2725f385, 0x11231523, 0xf6471833, 0x0b204a0a, 0x03024508, 0x0a14695e, 0x1207aba9, 0x85506467, 0x55b4ab51, 0x52555959, 
    0x7a035b5b, 0x036e2c4a, 0x2cc7fe2c, 0x6e8c4352, 0x67849f9d, 0x64665251, 0x00665254, 0x54000100, 0xf2027703, 0x1900f305, 0x2e403100, 0x090a1617, 
    0x0c4f2d19, 0x7c184f20, 0xc28209fa, 0x1400012c, 0x070c0e12, 0x01190005, 0x84410519, 0x0c0b4808, 0x32333308, 0x06173736, 0xa3b70106, 0x80a3c0c0, 
    0x0c9c13a6, 0x6055414f, 0x51445560, 0xa3139b0a, 0x8eb07703, 0x5770b08e, 0x653c2d23, 0x3f675657, 0x7458222d, 0x83820200, 0x09037a22, 0x24095741, 
    0x0105010a, 0x13574110, 0x00610124, 0x57410101, 0x41032007, 0x0f850e57, 0x05004d23, 0x41269405, 0x0f250c57, 0x080c0d0e, 0x0a574106, 0x36343523, 
    0x22c78336, 0x4c331133, 0x3908091f, 0x22232634, 0x16141506, 0xab7c7b01, 0x634f8651, 0xac071267, 0x69150ba9, 0x5a5a5325, 0x59585553, 0x9d9f7a03, 
    0x52438c6e, 0xfc39012c, 0x482e6ed4, 0x54526684, 0x51516764, 0xd3840067, 0x0603772e, 0x1500f305, 0x3b001c00, 0x12133840, 0x14972019, 0x36065f41, 
    0x00000106, 0x014e0050, 0x17191b00, 0x0c0e1016, 0x0005070b, 0x42150115, 0x9b8209e8, 0x15151622, 0x098e6218, 0x26210122, 0x49089c83, 0xc1a8bd01, 
    0x9a5f9fbf, 0x03f8fd5b, 0x503c5669, 0x9c1c9811, 0x6101c2fe, 0x4d4c5a07, 0xaa77035f, 0x47af8f94, 0x4c2b668c, 0x221e2650, 0x7b015945, 0x004a493d, 
    0x20000100, 0x14028203, 0x1600df06, 0x0a406100, 0x0203010b, 0x0482010c, 0xc5424c20, 0x03032907, 0x02006102, 0x054d4e02, 0x01319682, 0x0101045f, 
    0x074d4b01, 0x4c060601, 0x401b4e06, 0x24dc821b, 0x03020103, 0x381d9269, 0x000f4059, 0x00160000, 0x25121116, 0x08111123, 0x132b1c0a, 0x33352311, 
    0x0b064635, 0x33152608, 0xa5112315, 0x5e868585, 0x28144a2d, 0x5c14200d, 0x8203a2a2, 0x207eed01, 0x060f6a68, 0x4106047c, 0x13fe7e2a, 0x39668200, 
    0x03900254, 0x00f3050b, 0x002c0020, 0x1a4a404d, 0x0b030601, 0x04050201, 0x7f820203, 0x06004c2f, 0x04610306, 0x4f030301, 0x0501084d, 0x27b38405, 
    0x01004d4c, 0x07610001, 0x5125b882, 0x21224e00, 0x06fd7701, 0x181c1d2c, 0x080e1016, 0x01200006, 0xb9420920, 0x05a14605, 0x35353622, 0x20131c71, 
    0x08057106, 0x14155c08, 0x82af0116, 0x118f1aa5, 0x60534858, 0x5d651311, 0x51508651, 0x6a614f87, 0xc2a90913, 0x595a5396, 0x5a595554, 0x41519002, 
    0x39251f28, 0x3f2b7a3c, 0x6e6a843d, 0x2f4e438c, 0x799bfd77, 0x5d76017f, 0x67645353, 0x005f5150, 0x03750001, 0x06060382, 0x001300ae, 0x0105b548, 
    0x41010204, 0x16200672, 0x4a24b482, 0x0404004d, 0x4f22c384, 0xbe82034d, 0x4e004c25, 0x8916401b, 0x21228213, 0x18865f00, 0x23b75930, 0x11112313, 
    0x2b1b0a05, 0x11231101, 0xe04c1133, 0x0130080d, 0x1ca7ab20, 0x8e745874, 0x474553ac, 0xfef0045b, 0xfe2c0392, 0x7e4c3ebb, 0x0172fe65, 0x4240386e, 
    0x00020000, 0x0182036c, 0x00e30629, 0x000f0003, 0x17368686, 0x02020105, 0x03006103, 0x004d4e03, 0x4d4b0000, 0x01010104, 0x8782014c, 0x8b09354e, 
    0x12184e17, 0x2b170a23, 0x0e184e13, 0x56ab7535, 0x26383826, 0x03383827, 0xfd6b0282, 0x30bd0295, 0x83302222, 0x264b8203, 0x02f9ff02, 0x822a019e, 
    0x000a2487, 0x42500016, 0x1b260581, 0x03030105, 0xfb826104, 0x00288786, 0x62010202, 0x4d010100, 0x19228b83, 0x1f820400, 0x03040023, 0x8a8b8469, 
    0x40593d1b, 0x120b0c0e, 0x0c160b10, 0x10232116, 0x2b190a06, 0x14113313, 0x35232306, 0x13353233, 0x290a1a7d, 0x7995ac75, 0x5669131a, 0x97843727, 
    0xfded0529, 0x81557076, 0x88de0242, 0x05ab4199, 0xae06072f, 0x50000c00, 0x0a0b0940, 0x02040307, 0x07af4101, 0x79821220, 0x004d4a31, 0x4d4b0101, 
    0x02020304, 0x4e024c02, 0x8219401b, 0x5f022114, 0x1b8d0f85, 0x0c405922, 0x0c261b82, 0x13120c00, 0x95830511, 0x33112608, 0x33253311, 0x27230101, 
    0xab751507, 0xc608010d, 0x2101ebfe, 0x033ee0c9, 0xfe2c0382, 0xf2feed52, 0x3efea3fe, 0x843482c0, 0x20012187, 0x03228782, 0x1d413000, 0x020c2405, 
    0x82010101, 0x0000237d, 0x7682004c, 0x82094266, 0x4059220e, 0x3534820a, 0x11030003, 0x2b170a03, 0x11231101, 0x06ab2001, 0x03d4fcae, 0x7f42002c, 
    0x89042f05, 0x2200f405, 0x30403300, 0x00040103, 0xd6820109, 0x71514c20, 0x02220805, 0x00000201, 0x07084d4b, 0x03030305, 0x004e034c, 0x00220000, 
    0x23132322, 0x11232413, 0x2b1d0a09, 0x01191113, 0x4f4f0c01, 0x08088a08, 0x099d7536, 0x4743751d, 0x841f1b5d, 0xac83674d, 0x4c3d3949, 0x3c3a46a6, 
    0x02820350, 0x3f48806b, 0x46515245, 0x5dfe606f, 0x37337c01, 0x86fe323a, 0x38307e01, 0x88fe333b, 0x032f9b86, 0x00f30506, 0x40230013, 0x00010520, 
    0x4f4c0104, 0x4b2008f9, 0x42071143, 0x17200df6, 0x2410f642, 0x761b03a0, 0x0af7425b, 0x8d6b0224, 0xf6425241, 0x0697450a, 0x67821720, 0x0eef5318, 
    0x9b514f20, 0x0050220a, 0xef53184e, 0x05334410, 0x2205c744, 0x51061415, 0xb6350c97, 0xa3bfbfa3, 0xa2bfbfa2, 0x565c5c56, 0x035d5d56, 0x8d8db177, 
    0x290383b1, 0x53536b81, 0x52536969, 0x0082006c, 0x75000226, 0x2a039e02, 0x1f39e384, 0x3b403e00, 0x00050103, 0x04020111, 0x05004c02, 0x01610005, 
    0x4b000001, 0x05834e4d, 0x0202002e, 0x01064d50, 0x034d0303, 0x0014154e, 0x27060e48, 0x13001300, 0x08112425, 0x50054342, 0x162006d7, 0x2205a87d, 
    0x18112327, 0x2f0bd24e, 0x120aa975, 0x85506466, 0x5e7cab51, 0xab07146a, 0x82060a48, 0x784f2180, 0x25060648, 0xadfe2d4a, 0x0b486001, 0x00022209, 
    0x201e8254, 0x299f8609, 0x10354038, 0x02020501, 0x9f850101, 0x03610223, 0x07be4901, 0x00610126, 0x4d500101, 0x4d21d382, 0x489e8200, 0x142a05ab, 
    0x07102425, 0x012b1a0a, 0x51451123, 0x08534705, 0x0a54ec18, 0x16141535, 0x07ac0903, 0x7c5c6a15, 0x4f8651ab, 0x0a136a5f, 0x47a9fea9, 0x022f064f, 
    0x2f53019e, 0x6e9d9f48, 0x304e438c, 0x4711fe78, 0xbb42094e, 0x18022905, 0x1100f605, 0x2c402f00, 0x002d8a82, 0x0203010a, 0x01094c02, 0x02004a00, 
    0x073d4102, 0x42010421, 0x112407bb, 0x24241100, 0x41076e43, 0x2508052a, 0x26261517, 0x15062223, 0x08a77511, 0x1c3f6816, 0x0f2c0d1b, 0x8203644c, 
    0x3d716b02, 0x0596083d, 0xfe384805, 0x6b8200a0, 0x77035230, 0xf405ce02, 0x31002300, 0x15162e40, 0x56820304, 0x4d4c0121, 0x4f200737, 0x2e09374d, 
    0x014e0050, 0x13171900, 0x00050711, 0x49230123, 0x272b0613, 0x32331637, 0x27343536, 0x46262627, 0x4a4808f9, 0x050f5905, 0x8c013b08, 0x9d17a47f, 
    0x4b408322, 0x646b7e6a, 0x937b87a5, 0x6e22971b, 0x3a304d36, 0x03b5cd84, 0x21555d77, 0x2e1c235a, 0x58131613, 0x53655b43, 0x21451f4a, 0x0a22161d, 
    0x5d822216, 0x9f83006f, 0x76032030, 0x7b06cc01, 0x2f001700, 0x010d2c40, 0x9c820304, 0x0001002f, 0x02010585, 0x065f0102, 0x4b010101, 0x08ad824d, 
    0x00620451, 0x04500404, 0x2613114e, 0x10111113, 0x2b1d0a07, 0x33153313, 0x14112315, 0x36363716, 0x06061737, 0x35260607, 0x33352311, 0x8b8bab81, 
    0x1d0d202e, 0x371b2008, 0x61795f21, 0x8e7b0661, 0x1fc3fe7e, 0x05010117, 0x0a087b02, 0x5b560101, 0x827e4801, 0x03753064, 0x0506037c, 0x001300ed, 
    0x0111b5d8, 0x4e010102, 0x13210672, 0x25768503, 0x62000202, 0xf24a0504, 0xb04b2506, 0x4058500d, 0x4c261a90, 0x4b1b4e00, 0x1a9310b0, 0x1a845020, 
    0x1a931220, 0x17203585, 0x35851a93, 0x1a931820, 0x81913583, 0x59203082, 0x40270084, 0x10000111, 0x180d0e0f, 0x43089fd7, 0x112006e8, 0x82072179, 
    0x233b0808, 0x01060627, 0xab8e7477, 0x5a474653, 0x1b04a0ac, 0x7e7c0378, 0xfe8e0165, 0x42413792, 0xfd6e0136, 0x50438d95, 0x00010000, 0x03820335, 
    0x00ed0525, 0x4021000c, 0x0201061e, 0x434c0100, 0x032505d4, 0x4c020201, 0x23cd1802, 0x180a2309, 0xa018012b, 0x013f0b64, 0xb6ecfe49, 0x0c1b138a, 
    0x89121b0c, 0x03ecfeb4, 0xfe6b0282, 0x315a2dbc, 0x012c5b31, 0x8295fd44, 0x0332245b, 0x827a0482, 0x001e295b, 0x1a244027, 0x0303060f, 0xb3455d82, 
    0x04052206, 0x07f64202, 0x1e001e35, 0x11181811, 0x2b1a0a06, 0x17330301, 0x36171616, 0x89373736, 0x23032408, 0x82262627, 0x072108cf, 0xd90b0107, 
    0x1d0f52b3, 0x121f0d0c, 0x10589f5a, 0x1c0b0d20, 0xdbb65210, 0x190d68b0, 0x0d190b0c, 0x27838368, 0x45702efa, 0xfa317042, 0x44210782, 0x2f078241, 
    0x21ff95fd, 0x622d2d62, 0x0000ff21, 0x36000100, 0xff202382, 0x17299382, 0x23402600, 0x01070d13, 0x47f28904, 0xf3840508, 0x1700172b, 0x05121812, 
    0x132b190a, 0x21938a13, 0x8b881303, 0xe7363108, 0x1953b8da, 0x25111124, 0xdfb45718, 0x1867b6e9, 0x1e101023, 0x8203651a, 0x2d013e01, 0x21401f69, 
    0x691c4222, 0xc4fed1fe, 0x203d1e80, 0x80213822, 0x35247f84, 0x29039902, 0x1e267f84, 0x060c1b40, 0x7f8a0001, 0x02020029, 0x234e0251, 0x83031718, 
    0x17372177, 0x1487ca18, 0x34623708, 0x0a5a4606, 0xb6e7fe08, 0x0a17128a, 0x91131c0d, 0x22c1feb4, 0x42286b7e, 0x027ab002, 0x22292317, 0xbcfe6e02, 
    0x3230582b, 0x44012a57, 0x5d4a53fd, 0x0100000d, 0xf7826d00, 0x7782ca20, 0x2f000b2e, 0x01072c40, 0x01010100, 0x4c020203, 0x5f209383, 0x4b210c82, 
    0x217c824d, 0x8b445f03, 0x000b2609, 0x2211220b, 0x08888305, 0x35013531, 0x15213521, 0x15211501, 0xfe7d016d, 0xfe390296, 0x03780199, 0x81015f82, 
    0xfe6a8605, 0x0086058a, 0x035d0002, 0x06500378, 0x000b00b8, 0x474d0017, 0x172505f5, 0x01030300, 0x205c8261, 0x0da8464a, 0x15401b22, 0x25113079, 
    0x594e0050, 0xc3461340, 0xd722082c, 0xb2c8c7b3, 0xb3c6c7b2, 0x5f66665f, 0x0366675f, 0xc6c4db78, 0xc4c5dcdb, 0x858c8edb, 0x858f8e86, 0xde828d84, 
    0x8a030021, 0x00132e9b, 0x4039001b, 0x11121536, 0x01030203, 0x76868a4c, 0x89830fa5, 0x0c161826, 0x07130d13, 0x083d5b18, 0x8f490120, 0x3227300a, 
    0x27343536, 0x01271601, 0x06222326, 0x8a011415, 0xfe292a8d, 0x015e2df6, 0x5f3e2c09, 0x2c938c67, 0x53fe4677, 0xac015921, 0x73858f20, 0x307b8200, 
    0x01820363, 0x00ae06f3, 0xb7390007, 0x03030506, 0x08ad4900, 0x22213049, 0x49070007, 0x23320830, 0x01373507, 0xdb08adf3, 0xfcae06cf, 0x819902d4, 
    0xf8827c98, 0x83000121, 0x82e5205f, 0x000a255f, 0x0101b54d, 0x202c5d85, 0x13405850, 0x01040200, 0x63030203, 0x61202583, 0x5e271782, 0x401b4e00, 
    0x82020019, 0x00572814, 0x03000001, 0x42690001, 0x0225070f, 0x40594f03, 0x0829820c, 0x0a000a28, 0x05131112, 0x012b190b, 0x23060611, 0x37363235, 
    0x37011133, 0x4c3a7b1f, 0x0393198a, 0x2b660282, 0x3d4f8b26, 0x2b82d4fc, 0x7000012c, 0x1d038203, 0x1a00b806, 0x7b825c00, 0x4a030421, 0x1e210787, 
    0x0a975800, 0x7d506120, 0x03032905, 0x01055f04, 0x044c0404, 0x20053b5b, 0x05b85800, 0x00000224, 0x88820201, 0x59361e8a, 0x00000d40, 0x1a001a00, 
    0x27122227, 0x2b1a0a06, 0x36013513, 0xf54e3536, 0x23390805, 0x32333634, 0x06141516, 0x15070706, 0x01761521, 0x5e474854, 0xa6594745, 0xb59790b7, 
    0x996e6e26, 0x8203b501, 0x390d017b, 0x3f362d4d, 0x8972363f, 0x5b2c6885, 0x076f5071, 0x2493828b, 0x03780367, 0x27af8234, 0xb586002b, 0x04030125, 
    0x2e21af87, 0xcd5b1800, 0x4d4a211e, 0x08cb5918, 0x82005021, 0x902c20bf, 0x05516230, 0x04006928, 0x04010300, 0x2e8b6903, 0x17405925, 0x18200001, 
    0x220d6389, 0x4d2b012b, 0x5b1806ee, 0x072016ff, 0x82055c63, 0x150722e8, 0x08ef8316, 0x62ca0144, 0xb0025fa0, 0x4e496a02, 0x4c5c6b63, 0x56644d4c, 
    0x02634644, 0x995b01a7, 0x66b0925e, 0xcc726b53, 0x693a7803, 0x3e332846, 0x7b3e312f, 0x392d303d, 0x6a462d37, 0x4461853c, 0x0d060b5b, 0x86684d62, 
    0x03410000, 0x06383c06, 0x001c00ae, 0x153d4040, 0x0f050401, 0x02040601, 0x0005004c, 0x04050604, 0x82060067, 0x830620c0, 0x01073ec0, 0x65000200, 
    0x59010100, 0x00014e01, 0x13141617, 0x0c0e1012, 0x03040608, 0x1c011c00, 0x06895908, 0x48163321, 0x262b0553, 0x37352323, 0x21352135, 0x83360515, 
    0x062f08ae, 0xca96cc01, 0x6805b105, 0x6d625049, 0xfeeb5664, 0xfe810251, 0x60ae8be9, 0x7f7803a4, 0x4032296a, 0x714a3337, 0x7a8c05b2, 0x668802d9, 
    0x823c6f4c, 0x236d829b, 0x50038203, 0x0a299b82, 0x5b000f00, 0x010c0a40, 0x227e8201, 0x4e020102, 0x07220707, 0x5c180205, 0x4a2a0b9a, 0x0303004d, 
    0x1b4e034c, 0xd9831740, 0x1e8c8520, 0x59221984, 0x5c181340, 0x504210b7, 0x11332505, 0x15231533, 0x113eb382, 0x65150123, 0x77d89c01, 0x0905a777, 
    0x0804e9fe, 0xfd200286, 0x868689e3, 0xfe5c0189, 0x978208ac, 0x65000122, 0x0f399786, 0x35403800, 0x01040101, 0x00004c01, 0x00850002, 0x02050102, 
    0x01010357, 0xaa561807, 0x02022407, 0x70005f05, 0x56180616, 0x352213a4, 0x77851533, 0x6e01652b, 0x019bfea5, 0x7b7b9c26, 0x237385a2, 0xecec08eb, 
    0x00377682, 0x7b000100, 0x28037803, 0x1e00ae06, 0x0b407a00, 0x06030115, 0x51020f10, 0x26210908, 0x230b8200, 0x80020103, 0x0f2e5d18, 0x2006a542, 
    0x05b45107, 0x24401b22, 0x04252888, 0x04060500, 0x0adc4105, 0x8b500220, 0x00502d05, 0x1540594e, 0x181a0001, 0x11121314, 0x2206dd41, 0x531e011e, 
    0xdd4107d5, 0x07222909, 0x15211327, 0x36330721, 0x08067f43, 0x91c80135, 0x02aa01bb, 0x6850435e, 0x3959506d, 0x3002359e, 0x06205cfe, 0x80416819, 
    0x7803c4ac, 0x39306787, 0x4f42404f, 0xa1012636, 0x2e21db8c, 0x9e7b7491, 0x46000000, 0x302d0543, 0x1900b806, 0x7a002500, 0x050110b5, 0x07854306, 
    0x02002724, 0x5c180403, 0x4a251389, 0x0501084d, 0x22b18805, 0x8825401b, 0x00012329, 0xd8650203, 0x05062405, 0x8c690604, 0x40593827, 0x011a1b19, 
    0x1a1f2100, 0x15251b25, 0x0b0c0e13, 0x0006080a, 0x43190119, 0x034b0779, 0x26232406, 0x4b062223, 0x16200589, 0x080b424d, 0x1616173d, 0xac5bd201, 
    0x8cb2ca6e, 0x16ad0db2, 0x076a6687, 0x7d548b1d, 0x4e9ec1a6, 0x504f6868, 0x62050569, 0xae4a7803, 0x8dedc497, 0x7d8f5a65, 0x6e914539, 0x53849f7c, 
    0x56523d3d, 0x85533b3b, 0x03773aeb, 0x00ae0605, 0x001e0012, 0x0a3b403e, 0x01020401, 0x0201004c, 0x02008501, 0x27ea8300, 0x0301066a, 0x59030000, 
    0x03230682, 0x82056100, 0x510034cd, 0x00011314, 0x1e13181a, 0x0b0d1e14, 0x12000809, 0x7d071201, 0x372309a8, 0x41013313, 0xeb4d0680, 0xb32e080d, 
    0x365f9c5b, 0xfeabff35, 0x813d37f7, 0x609959a7, 0x4d64644d, 0x0365654c, 0x597a3e77, 0x013f7841, 0x12c9fe2e, 0x7e547585, 0x3d508546, 0x0383503d, 
    0x00820020, 0x52000126, 0xed028203, 0x0724a382, 0x06b54000, 0x24063f46, 0x4058501d, 0x07354811, 0x4a4d4a21, 0x1b240625, 0x01000f40, 0x0122d682, 
    0x11866700, 0x0b405922, 0x07292582, 0x21110700, 0x2b180a04, 0x06434813, 0xa1019628, 0x9b021bfe, 0x5a825dfe, 0x8b059c25, 0x4761fd8d, 0x3d2e069f, 
    0x1d00b806, 0x35002900, 0x16b66f00, 0x80450207, 0x08202309, 0x5d180401, 0x4a270d5d, 0x0201074d, 0x54610002, 0x1b2a0681, 0x01001e40, 0x01040500, 
    0x2a886905, 0x593a208c, 0x2a2b1b40, 0x00011e1f, 0x352a2f31, 0x2325352b, 0x291f291e, 0x1d000e10, 0xee411d01, 0x805d180a, 0x16162310, 0x74611415, 
    0x055e4605, 0x0d7f5d18, 0xcd015308, 0x7660a769, 0x57614958, 0x965e5e97, 0x53496158, 0x69a6617b, 0x4f6b6951, 0x52686b4f, 0x455d5e44, 0x035d5d45, 
    0x40673d78, 0x070d7248, 0x3e42660e, 0x62393961, 0x0e66423d, 0x4a700d07, 0x7a3d6740, 0x44343445, 0x45343444, 0x2f406a01, 0x303d3e2f, 0x1742412e, 
    0x03762c05, 0x00be0630, 0x0027001b, 0x430ab57a, 0xdb430c03, 0x18082006, 0x430f815d, 0x25200fdc, 0x420adc43, 0x002707fb, 0x03050103, 0x43020069, 
    0x19360bdd, 0x00011c1d, 0x271c2123, 0x1416271d, 0x06080d0f, 0x1b000304, 0x14411b01, 0x43272006, 0x194f06e1, 0x1e172809, 0x06141502, 0x72363203, 
    0x43080557, 0x01161415, 0x0db28bb4, 0x3e540bad, 0x1e076a65, 0xa77c538b, 0x6171a458, 0xaac962a3, 0x0708704c, 0x674f4d61, 0x8f760368, 0x92312c66, 
    0x91453a7d, 0x4c83516f, 0xaf530304, 0x01efc48c, 0x3a40559f, 0x3d3c5350, 0x30060b43, 0x06050382, 0x001200b9, 0x403d001e, 0x02010a3a, 0x050b4304, 
    0x01058628, 0x03010600, 0xb9820004, 0x0202042d, 0x04005904, 0x00610204, 0x43020402, 0x3222170a, 0xa2821616, 0x23030727, 0x22230601, 0x06a65d26, 
    0x4908a882, 0x35363233, 0xaf012634, 0x365f9b5c, 0x01aaff35, 0x82373400, 0x609959a7, 0x4c64644c, 0x0665654c, 0x59793eb9, 0xfe3f7941, 0x0f3401d2, 
    0x7d557585, 0x3d508546, 0x3c50503c, 0x0100503d, 0xee029300, 0xe406d901, 0x18000d00, 0x6b621540, 0x2f1a820a, 0x14164f01, 0x2b180a02, 0x36363413, 
    0x02063337, 0x173c6a82, 0x2a932623, 0x4a9e324c, 0x9e51464d, 0x58d504a8, 0x8345b3bf, 0x6b77ebfe, 0x00ee9ddf, 0x01220082, 0x4f824e00, 0x4f849420, 
    0xd37d1e20, 0x000d2915, 0x0a03160d, 0x36132b17, 0x0223b582, 0x821e3327, 0x4e073857, 0x4a4d4552, 0x2a4b339e, 0x9eee02a8, 0x01776adf, 0xb3458315, 
    0x83f958bf, 0x00012254, 0x2053829d, 0x205382c3, 0xbf4b1807, 0x190a2126, 0x08bf4b18, 0x26019d31, 0xee028282, 0xfd7ef603, 0x00007e06, 0x82640001, 
    0x888a204b, 0x5f4b184b, 0x344b8321, 0x23113335, 0x64112135, 0x26018282, 0x027eee02, 0x0afc7efa, 0x314b8200, 0x02de0389, 0x000d06e5, 0x4b4d000b, 
    0x585020b0, 0x49711640, 0x054b2112, 0x4705a457, 0x49770632, 0x40592411, 0x7500000e, 0x07280897, 0x012b1b0a, 0x33352335, 0x2d063247, 0xe7e77001, 
    0x03e7e78e, 0xd586d4de, 0x7f4a86d5, 0x048b2705, 0x05e402ab, 0x43180039, 0x0a2e1ee7, 0x15012b17, 0xe4023521, 0x3905a7fd, 0x64828e8e, 0x00020029, 
    0x02280496, 0x82bc05d8, 0x0007253b, 0x0bb04b8e, 0x1438b582, 0x01040000, 0x63010001, 0x03030105, 0x02005f02, 0x4e034b02, 0x0eb04b1b, 0x1a211b82, 
    0x18007900, 0x15202182, 0x40203d98, 0x5924389a, 0x12405959, 0x820f3e79, 0x351324ac, 0x82011521, 0x02962e03, 0x02befd42, 0x8c280442, 0x8c08018c, 
    0x39b7828c, 0x4600ffff, 0xc102c7fe, 0x07034301, 0x00002706, 0x090050fb, 0xb80200b1, 0x037c50fb, 0xfe752608, 0x012a03ca, 0x201f82fe, 0x201f9428, 
    0x203f8254, 0x203f84f2, 0x201f8729, 0x203f8b01, 0x203f8254, 0x203f8409, 0x213f972a, 0x3f840603, 0x1f942b20, 0xd2fe2026, 0x2f021402, 0x2c207f82, 
    0xfd235f95, 0x840b03e0, 0x942d203f, 0xfe75223f, 0x835f82d2, 0x942e20bf, 0xfe6c263f, 0x022901d2, 0x205f8233, 0x253f932f, 0xeefdf9ff, 0x1f842a01, 
    0x1f933020, 0x5f830020, 0xdf840720, 0x5f943120, 0x01211f82, 0x201f8420, 0x231f9732, 0x44018904, 0x33207f82, 0x1f411f97, 0x94342006, 0xfe54241f, 
    0x841703c7, 0x953520ff, 0xeefd239f, 0x1f842a03, 0x1f943620, 0x1f825420, 0x1f840920, 0x1f943720, 0x0223bf82, 0x82460118, 0x9438209f, 0xfe52247f, 
    0x84ce02c7, 0x943920bf, 0xfe20261f, 0x01cc01c6, 0x203f82cb, 0x221f943a, 0x82ccfe75, 0x823d20df, 0x943b201f, 0xfe35251f, 0x012503d2, 0x3c201f83, 
    0x32241f94, 0x7a04d2fe, 0x3d201f84, 0x36241f94, 0xff02d2fe, 0x3e201f84, 0x35241f94, 0x2903e9fd, 0x3f201f84, 0x6d201f94, 0xca203f82, 0x40201f84, 
    0x5d261f94, 0x5003c8fe, 0xbf820802, 0x3f414120, 0x201f8914, 0x201f8742, 0x0b1f4303, 0xd2fe6326, 0xfe01f301, 0x43203f82, 0x1f835f94, 0x1f84e520, 
    0x1f944420, 0xd2fe7024, 0x7f841d03, 0x1f944520, 0x9f826720, 0x1f843420, 0x1f984620, 0x5f843820, 0x1f944720, 0x5f826520, 0x1f845020, 0xdf944820, 
    0x49201f89, 0x7b203f94, 0x28207f82, 0x4a203f84, 0x5d201f94, 0x30201f82, 0x4b209f84, 0x5d245f94, 0x0503c7fe, 0x4c203f84, 0x52241f94, 0xed02d2fe, 
    0x4d201f84, 0x3d205f98, 0x4e205f84, 0x2a147f41, 0x03c6fe5d, 0x030e0230, 0x944f0607, 0x825d205f, 0x020522ff, 0x201f8209, 0x261f9450, 0x013efe93, 
    0x823402d9, 0x9451201f, 0x824e207f, 0x8494201f, 0x9452201f, 0x829d201f, 0x84c3201f, 0x9453201f, 0x8264201f, 0x848a201f, 0x9454201f, 0xff89261f, 
    0x01e5022e, 0x207f825d, 0x261f9455, 0x02fbff8b, 0x828900e4, 0x9456201f, 0xff96261f, 0x01d80278, 0x201f820c, 0x39df9157, 0x70fe0100, 0x19030000, 
    0x0300d205, 0x16401900, 0x56000000, 0x0101024d, 0x46185701, 0x21220c87, 0x28823301, 0xa9000428, 0xd20500fc, 0x25822efa, 0x4e000230, 0xc202f7ff, 
    0x0b003503, 0x2b001700, 0xbc532840, 0x5a572011, 0x4318127d, 0x27220ec2, 0xa6513632, 0x16142f06, 0xa2988801, 0xa39797a3, 0x4b4c99a1, 0x03824c4b, 
    0xcbd30931, 0xc9d7d6ca, 0x9087d4ca, 0x93928987, 0x828f8888, 0x00032277, 0x2077824c, 0x267784cc, 0x001b0013, 0x53304033, 0x022612b7, 0x01046100, 
    0x81860000, 0x200fb153, 0x10b15305, 0x27160324, 0xb1532613, 0x8c2b0805, 0x98a8a898, 0x99a7a898, 0xde1a4e4b, 0x24dd4725, 0x094e4b38, 0xd9c7c7d7, 
    0xd8c6c6da, 0x728a9282, 0x2c58fe46, 0x29a8016b, 0x826d8b95, 0x0001288f, 0x0100004b, 0x182c03b6, 0x2111eb6e, 0x1f825f00, 0x05828282, 0x0ceb6e18, 
    0x37350731, 0x09a1b601, 0x2c03a3c1, 0xa402d4fc, 0x847da095, 0x82492047, 0x82a52047, 0xdb671847, 0x05855515, 0x4e035722, 0x67182b82, 0x23350fdb, 
    0x33373632, 0x13040111, 0x3f04396b, 0x028a1c77, 0x82352787, 0x845c8253, 0x00633057, 0x03900200, 0x001a0035, 0x012f4032, 0x54030401, 0x002405e1, 
    0x00800301, 0x210f4c53, 0x5f830457, 0x23074953, 0x332b1a0b, 0x08194953, 0x10016a30, 0x2f4b3b35, 0x9f9b4032, 0x20967a73, 0x016a575a, 0x27016c46, 
    0x2f2e5539, 0x6d313634, 0x255d847d, 0x75607851, 0x0100870a, 0xf7ff6400, 0x8382bf02, 0x4c002b24, 0x48534940, 0x28105305, 0x4e00572c, 0x1d1f0001, 
    0x1517191a, 0x71500f11, 0x012b2306, 0x4a42092b, 0x078f4c05, 0x18263421, 0x180cffb5, 0x530a235b, 0x4108060d, 0x07a87c8f, 0x305107a3, 0x4d48503a, 
    0x45375454, 0x582b3139, 0x52049a04, 0x73554c82, 0x563e493c, 0x6909ac53, 0x39201958, 0x7e45342e, 0x352c343f, 0x5c3d2326, 0x37654034, 0x0a0e5e46, 
    0x634e670a, 0xc7860084, 0x2c03c824, 0xc7831d00, 0x04011624, 0x0b531005, 0x04063405, 0x03060403, 0x01030080, 0x7e010304, 0x04020100, 0x537e0201, 
    0x02240821, 0x07620002, 0x27058e42, 0x17180001, 0x11131415, 0x2306574d, 0x081d011d, 0x1853c78f, 0x073a0809, 0x15161636, 0x90010614, 0xa60bae73, 
    0x392d520b, 0x43461a55, 0xa4fea340, 0x4be52602, 0x09b34274, 0x18216160, 0x3c1b3c2b, 0x0bc1722a, 0x05ff6a87, 0x693e6c3f, 0x0200007f, 0x04825b00, 
    0xa782ca20, 0x10ab6f18, 0x2213f652, 0x524e0357, 0x0b2510f3, 0x35372b1a, 0x0af35201, 0x5b15033c, 0x63c84401, 0x0b039a63, 0x02817dc9, 0x86d7fd2e, 
    0x01867d7d, 0x0ba2fe69, 0x6f880100, 0x69180f20, 0x8182098f, 0x52850021, 0x052311e9, 0x184e0557, 0x24091e8e, 0x0b081221, 0x2169841c, 0xb74b1503, 
    0x35232b07, 0x9504015b, 0x6594d7fa, 0x69849765, 0xf80be223, 0x836c82f8, 0xff7424ba, 0x82ac02f5, 0x002229d7, 0x1318b6cd, 0x01060302, 0x5206b45b, 
    0x572821b9, 0x4b1b4e00, 0x58500cb0, 0x2022e552, 0x202b845d, 0x832ba40d, 0x3652a557, 0x40595959, 0x1d000115, 0x1516171b, 0x080c1114, 0x00030406, 
    0x42220122, 0x23251000, 0x06060722, 0x0e3d5327, 0x01063b08, 0x04987383, 0x2b45049b, 0x4356503b, 0x26111607, 0x013a8e10, 0x1bbbfec6, 0x25470e07, 
    0x864d9672, 0x225a770b, 0x3e3d4c2b, 0x01010255, 0x7a012001, 0x180db787, 0x7b4e7499, 0xab450048, 0x03be3005, 0x001c0035, 0x40470028, 0x06011344, 
    0x534c0104, 0xdb822113, 0x011d1e35, 0x1d222400, 0x17281e28, 0x0d0f1115, 0x00080a0c, 0x431c011c, 0x2e21057c, 0x07195f02, 0x23051b7b, 0x33363315, 
    0x45056a4f, 0x430808d7, 0x01160607, 0x646f2e8f, 0x59975a40, 0x9f119d72, 0x4b33420f, 0x80490b60, 0xa4467446, 0x50553f8c, 0x07573940, 0x1c095707, 
    0x96819d51, 0x61825cc1, 0x7c7d3225, 0x4f78446d, 0x5683a576, 0x50563c3f, 0x00623a3b, 0x7624bf86, 0x10002c03, 0x3823c182, 0x53093540, 0x10531417, 
    0x82002005, 0x111229b4, 0x16180001, 0x1c121c11, 0x0725af82, 0x10011000, 0x08784607, 0x33133723, 0x06105303, 0x080c7d46, 0xa2746431, 0xa2a84030, 
    0x722a2bdc, 0x39759d83, 0x3a394343, 0x91094545, 0x62883e7c, 0xb0fe0001, 0x76747a11, 0x3d488092, 0x3e464641, 0x0000493f, 0x82470001, 0x827f2098, 
    0x00072993, 0x061f4022, 0x4b010001, 0x200bec52, 0x40701857, 0x7e2a0815, 0x72fe5701, 0xa7fe3802, 0x860b9b02, 0x0060fd8c, 0xff4e0003, 0x03b702f7, 
    0x00190035, 0x00310025, 0x13404043, 0x04030206, 0xbe524c01, 0x2be2821a, 0x1a1b2627, 0x2b2d0001, 0x31273126, 0x2505b054, 0x19000c0e, 0x99411901, 
    0x35262505, 0x35373634, 0x5807b45f, 0xf18b0913, 0x080b6461, 0x8a82014b, 0x3a4358aa, 0x78799d43, 0x3e38449e, 0x4489ac5d, 0x3f3d524b, 0x34464a51, 
    0x38374245, 0x80094341, 0x0d724964, 0x3c650f09, 0x5d7c7b5e, 0x090f643d, 0x644a710d, 0x343e7d80, 0x38454538, 0x6a013e34, 0x3932323b, 0x3b323239, 
    0x05af4100, 0xbe02f630, 0x1e003903, 0x47002a00, 0x010a4440, 0xd0830503, 0xca180320, 0x7f5207af, 0x2bd78216, 0x00011f20, 0x2a1f2426, 0x15172a20, 
    0x22062445, 0x451e011e, 0x7c520eec, 0x23e48305, 0x031e1736, 0x0625de82, 0x37363203, 0x05c14736, 0x01164708, 0x119c7377, 0x34410ea0, 0x250a614a, 
    0x76463e68, 0x5a8b4f46, 0x43656b29, 0x4156945a, 0x55050454, 0x4e534044, 0x2664830a, 0x357c7f34, 0x4e79453c, 0x034a8353, 0x9d4e1a01, 0x5cc29884, 
    0x355d9401, 0x3e576135, 0xc784563d, 0x76300482, 0x10003603, 0x36001c00, 0x01093340, 0x4c010402, 0x2b0b7e52, 0x04010200, 0x01006902, 0x4e015701, 
    0x21157542, 0x7b523201, 0x52132006, 0x1722067b, 0x7a520622, 0x603b0809, 0x412fa274, 0x2bdca2a8, 0x9c82732a, 0x43433976, 0x44443b39, 0x7d913603, 
    0xff62883e, 0x11500100, 0x9375747b, 0x403d4881, 0x3f3d4747, 0x00000049, 0x00790001, 0x02a00280, 0x180b00a8, 0x512e6748, 0x4d2c0b1a, 0xd380d4d4, 
    0x79d780d3, 0xd779d8d8, 0x74265382, 0x99025001, 0x1751d401, 0x510b201f, 0x99260617, 0xd401dbfd, 0x8e828484, 0x00020029, 0x02ce0086, 0x82510294, 
    0x0007213b, 0x2ff74918, 0xb8503720, 0x02862d06, 0x02f2fd0e, 0x8080ce0e, 0x7f7f0401, 0x012a5783, 0xb1ff8500, 0xb003af01, 0x5f530e00, 0x530b2016, 
    0x263b0f5f, 0x2c452785, 0x424c4092, 0x4f49924a, 0xc8579301, 0xfe8743bb, 0xdb6575df, 0x82f576a2, 0x823c20e3, 0x8266204f, 0x000d214f, 0x821b5f53, 
    0x531720e2, 0x3c370b5f, 0x414b3f4d, 0x28442c92, 0xdaa84f98, 0x21017560, 0xc8bb4287, 0x85f3ef58, 0xff8026a3, 0x005801f6, 0xb34e18ce, 0x0057260e, 
    0x0700014e, 0xb34e1805, 0x4a172007, 0xec240a6e, 0x2d3f3f2d, 0x0a200382, 0x09820584, 0x66284785, 0x5201e1fe, 0x0300a600, 0x03249b97, 0x03110300, 
    0x13279b82, 0x66033313, 0x827da547, 0xfec5222f, 0x383c823b, 0xff7e0001, 0x0068010c, 0x001100c8, 0x041a401d, 0x01010001, 0x0001014c, 0x21078249, 
    0x20826100, 0x4e005d2d, 0x0b022524, 0x27172b18, 0x42373636, 0x115d0683, 0x23af3b05, 0x1307413c, 0x3f3a291c, 0x6d433731, 0x4c1f4af4, 0x2f3b1a4b, 
    0x47503c30, 0x97858e74, 0x26ff8e30, 0xba004a01, 0x22000d00, 0x00001f40, 0x87820104, 0x02006525, 0x425f0102, 0x258205f2, 0x000d3b08, 0x2113110c, 
    0x2b190b05, 0x32333517, 0x23353536, 0x14153335, 0x178e2306, 0xbc622724, 0x4dda4d58, 0xba1f2f3f, 0x00675ad3, 0x4e00ffff, 0xc2029d02, 0x0703db05, 
    0x00008a06, 0x8b52a602, 0xa6022105, 0x20088b52, 0x201f824c, 0x201f84cc, 0x211f878b, 0x1f8ab803, 0xa6024b26, 0xd205b601, 0x8c203f82, 0x01201f87, 
    0x49201f8b, 0xa5201f82, 0x8d201f84, 0x63241f94, 0x9002a602, 0x8e205f84, 0x64201f94, 0xbf207f82, 0x8f201f84, 0xc8201f98, 0x90205f84, 0x5b201f94, 
    0xca205f82, 0x91201f84, 0x1f89df94, 0x3f949220, 0x9b027424, 0x3f84ac02, 0x1f949320, 0x9f824e20, 0x9f84be20, 0x5f949420, 0x76201f83, 0x95203f84, 
    0x47201f94, 0x7f209f82, 0x96201f84, 0xb7205f98, 0x97205f84, 0x2a147f41, 0x029c024e, 0x03df05be, 0x94980607, 0x824e205f, 0x0576225f, 0x201f82dc, 
    0x261f9499, 0x02260379, 0x824e05a0, 0x949a201f, 0x0374267f, 0x049902f6, 0x201f827a, 0x261f949b, 0x02740386, 0x82f70494, 0x949c201f, 0x0285265f, 
    0x06af0157, 0x201f8256, 0x203f949d, 0x201f823c, 0x201f8466, 0x2b1f919e, 0x80000100, 0x58018002, 0x0b005803, 0x16075918, 0x6b09d443, 0xd4430b85, 
    0x80022107, 0x2809d543, 0x01660001, 0x0352018b, 0x29d34350, 0xc52e2f82, 0x00003bfe, 0x7e00ffff, 0x68019b01, 0xc7825703, 0xa782a120, 0x09008f28, 
    0xb80100b1, 0x27438f02, 0x018e2608, 0x034a01b0, 0x201f8244, 0x201f82a2, 0x201f868a, 0x2a1f888a, 0x0500004b, 0x00d20566, 0x828c0627, 0x01a6281f, 
    0x02890607, 0x8600004d, 0x096f4327, 0x06202782, 0x2f82278a, 0x2f822784, 0xd6038e22, 0x4e262f92, 0x5807f7ff, 0x2782db05, 0x2c05bf43, 0x03890627, 
    0x01000010, 0x048f0607, 0x202f8599, 0x0caf4302, 0x06f7ff23, 0x8a878995, 0x948f205f, 0x8263205f, 0x8457205f, 0x059f435f, 0x0f205f83, 0x98205f86, 
    0xbf838f92, 0x5f941420, 0x4a039122, 0x64242f92, 0xb7060000, 0xdf435f84, 0x215f8205, 0x5f84f002, 0xed039122, 0x4b242f92, 0x9606f5ff, 0x93225f94, 
    0x2f92ea03, 0xf5ff6322, 0x8f061f41, 0x049322bf, 0x202f92ac, 0x202f8264, 0x228f9439, 0x928d0493, 0x825b202f, 0x846a202f, 0x0091258f, 0x00a60200, 
    0x0321bf82, 0x22bf8421, 0x41be0493, 0x9420167f, 0x9420bf94, 0x24147f41, 0x07f7ff74, 0x202f8441, 0x215f8793, 0x5f84fa02, 0x83049422, 0x4b248f92, 
    0xc3060000, 0x96225f94, 0x2f934404, 0x06f7ff23, 0x202f948d, 0x208f9497, 0x208f8264, 0x141f4130, 0x79049722, 0xbf835f92, 0xbf943a20, 0xbf949720, 
    0x8f824720, 0x2f844320, 0x24050f45, 0x02890627, 0x22ef8403, 0x928c0397, 0xff4b235f, 0x4f4106f6, 0x94982015, 0xff4b24bf, 0x91b308f7, 0x270023ef, 
    0x2f838c06, 0x06070125, 0x8ff1058a, 0x00310867, 0xffe60005, 0x05f506e3, 0x001100ea, 0x00270023, 0x00430035, 0x11b04bd2, 0x2c405850, 0x0b08010e, 
    0x08010201, 0x01006902, 0x01060700, 0x09006a07, 0x053d7209, 0x0d4d5c2a, 0x00060601, 0x0a050c61, 0x6020c382, 0x20082779, 0x24339c30, 0x0505010c, 
    0x24398657, 0x0000010a, 0x21378260, 0x32923440, 0x56040423, 0x246b844d, 0x5c030300, 0x0836924d, 0x4059592c, 0x2936372b, 0x13242428, 0x3e000112, 
    0x3743363c, 0x282e3043, 0x24352935, 0x26272427, 0x121a1c25, 0x0a231323, 0x01110008, 0x8f4d0f11, 0x35262105, 0x084b5e18, 0x06141526, 0x26220106, 
    0x0326118e, 0x25013301, 0x26823632, 0x22232628, 0x14151506, 0x0d8c0116, 0x5fd2052e, 0x83444383, 0x4182605e, 0xdafb8143, 0x81340c86, 0xd6814342, 
    0xfca90004, 0x4c950300, 0x4b4e3c3e, 0x86fc3f41, 0x1d290886, 0x4e528a53, 0x53538952, 0x23068289, 0x5c03538a, 0xfc320f8d, 0xfad205c1, 0x4369662e, 
    0x6a6a424e, 0x69434e42, 0x0b895c03, 0x00000029, 0xffe60007, 0x41c909e3, 0x352a069b, 0x47003900, 0x63005500, 0x9f41f400, 0x322d0805, 0x100c0114, 
    0x0c010401, 0x01036904, 0x09010b01, 0x6a090108, 0x050d0d00, 0x05010661, 0x134d5c05, 0x0803120a, 0x11610008, 0x0e020f07, 0x056d4105, 0x2005cd7a, 
    0x24399e36, 0x07070111, 0x823f8857, 0x06e3413d, 0x943a4021, 0x06062338, 0x77844d56, 0x76830020, 0x2f083c96, 0x3b405959, 0x48495657, 0x36363a3b, 
    0x12132425, 0x5c5e0001, 0x63576356, 0x55484e50, 0x40425549, 0x473b473a, 0x39363936, 0x2c2e3738, 0x35253524, 0x200bc141, 0x14c14115, 0xc1412120, 
    0x23d34110, 0xd3412120, 0x1ae1410c, 0x41750221, 0xf9210aee, 0x19ee4106, 0x41210321, 0xf92106ee, 0x15f741b2, 0x420df541, 0x0f422005, 0x00092618, 
    0x0ce3ffe6, 0x080f429d, 0x4b00472c, 0x67005900, 0x83007500, 0x13421601, 0x38330805, 0x1510011a, 0x10010601, 0x03056906, 0x0d0f0102, 0x010a0b02, 
    0x11006a0b, 0x08610711, 0x5c070701, 0x180e194d, 0x0a05170c, 0x1661000a, 0x13041409, 0x42071202, 0x3c200b19, 0x16243fa0, 0x57090901, 0x4384458a, 
    0x21065d42, 0x3e964040, 0x56080823, 0x2083844d, 0x9a828300, 0x59592e42, 0x76774b40, 0x5a5b6869, 0x48484c4d, 0x06294237, 0x7c7e2308, 0x83778376, 
    0x75686e70, 0x60627569, 0x675b675a, 0x594c5254, 0x4b48594d, 0x494a4b48, 0x47363e40, 0x35424737, 0x421b2011, 0x47422635, 0x35554243, 0x210c6242, 
    0x624232f6, 0x086b4222, 0x42def621, 0x7942236b, 0x17834238, 0xffff2b08, 0xeeff2000, 0xd205c006, 0x400b2600, 0x27000000, 0xe7028906, 0x07010000, 
    0xf2033906, 0x090077fc, 0xb80103b1, 0x35b077fc, 0x2b82002b, 0xfaff542a, 0xf3059207, 0x29062600, 0x03202b85, 0x2405f146, 0xfc8c043b, 0x202b827e, 
    0x202b8202, 0x222b887e, 0x927307f5, 0x0435222b, 0x222b855c, 0x87fcb802, 0xff46262b, 0x056907e7, 0x235782eb, 0x00f80027, 0x03218382, 0x2c838436, 
    0xfc770429, 0xb1120070, 0xffb80200, 0x845782f8, 0x8270208c, 0x838b8208, 0x92452033, 0x9a392033, 0x04a82a33, 0x06fd01f0, 0x06060016, 0x26bf82ea, 
    0x04aa0002, 0x826203f0, 0x00032d0f, 0xb1250007, 0x40446406, 0x0101031a, 0x57207a82, 0x01380682, 0x01025f00, 0x4f000100, 0x10111111, 0x2b1a0b04, 
    0x440006b1, 0x33132301, 0x02290383, 0xc9a89485, 0x7593dbfd, 0x255282c8, 0x01dafe26, 0x93820026, 0x0c829620, 0x5f84eb20, 0x8300eb21, 0x82a2200f, 
    0x0685260f, 0x0a060216, 0x2b0f83fa, 0x15051401, 0x0206a603, 0x900a0600, 0x03207f82, 0x05210f83, 0x2b0f8249, 0x0017000b, 0x40370023, 0x02030534, 
    0x59207e83, 0x01390783, 0x04086100, 0x05060207, 0x51000100, 0x0c0d1819, 0x1d1f0001, 0x23192318, 0x83891813, 0x0609210a, 0x4f07067e, 0x21200597, 
    0x8b0a3050, 0x8b012a0b, 0x31464631, 0x01454531, 0x21088f73, 0x18841505, 0x17863120, 0xc384078a, 0x02056624, 0xd383e802, 0x84920a21, 0x05e22a0f, 
    0x05280321, 0x060600f5, 0x260f84ee, 0x024505d4, 0x82d305fe, 0x84ed200f, 0x0463240f, 0x84a702fb, 0x9494202f, 0x057a2a0f, 0x06750115, 0x0a060003, 
    0x261f8491, 0x02a5042a, 0x829c0638, 0x8e95200f, 0x4193206f, 0x22080623, 0x064e0418, 0x000300f7, 0x001b000f, 0x6406b143, 0x05384044, 0x02010301, 
    0x00005903, 0x02010106, 0x82670100, 0x02032d0f, 0x07040861, 0x02030203, 0x05101151, 0x140e5a18, 0x41170821, 0x132205c3, 0xc75b0333, 0x0b27410b, 
    0x226c022a, 0x9ffe66c1, 0x30444430, 0x02210382, 0x26088622, 0x2601d105, 0x84b9dafe, 0x86188314, 0xff002a03, 0xfe9b00ff, 0x00f9015e, 0x20bf8230, 
    0x26bf849a, 0x014cfe5e, 0x821000fe, 0x829b200f, 0x000128bf, 0x0113fe6e, 0x4d8aff77, 0x6e2325cb, 0x837fb851, 0x89fe212f, 0xaf423b84, 0x00032207, 
    0x18f7841f, 0x510d9f71, 0xb12407d8, 0x13440006, 0xa823d382, 0x42c2c98c, 0x0023058d, 0x42000100, 0x0322078b, 0x3b842600, 0x20eb6318, 0x33030128, 
    0xc1570113, 0x43878cc9, 0x43830220, 0x434e0321, 0x3220061f, 0x27274584, 0x01000102, 0x82570001, 0x01002606, 0x0403055f, 0x200f8203, 0x0f57644f, 
    0x68410b20, 0x20518206, 0x28038233, 0xc9dd7301, 0xc8aab4a8, 0x23598575, 0xdafe2601, 0x0022de82, 0x3b420001, 0x18032007, 0x23072756, 0x00010102, 
    0x183f6918, 0x0129e783, 0x02352115, 0x05d6fdfe, 0x055b65d3, 0x42000121, 0x1420078f, 0x08fd4b18, 0x00010427, 0x01055904, 0x23608203, 0x00690103, 
    0x623a9c82, 0x00020602, 0x01520004, 0x10111200, 0x080a0c0e, 0x00030507, 0x07140114, 0x1142160b, 0xe32a1905, 0x88340814, 0x1a4b5d31, 0x7e02191a, 
    0x34504f03, 0x2e214854, 0x53037b0a, 0x292a2105, 0x765a1d32, 0x5e512b2a, 0xffff0072, 0x5bfe7a00, 0x49ff7501, 0x910a0701, 0x46f90000, 0x2105274f, 
    0x4f4f46f9, 0x01003805, 0xd4fdf2fc, 0x6efffefd, 0x1e000900, 0x446406b1, 0x04051340, 0x83490002, 0x007627e7, 0x00090000, 0x84860209, 0x1415053b, 
    0x36270706, 0xfd353536, 0x754b4cfe, 0x4d923526, 0x4e40bb52, 0x5247783b, 0x08bc8200, 0x0000b44d, 0xe8051508, 0x19000b00, 0x2b002700, 0x0a409000, 
    0x07060109, 0x09020103, 0xb04b4c02, 0x40585017, 0x06010c27, 0x0804010b, 0x00690406, 0x09010d08, 0x67090802, 0x00070700, 0x0201055f, 0x4d560000, 
    0x0202030a, 0x4e025702, 0x922b401b, 0x21928329, 0x2f824d56, 0x00610525, 0x885c0505, 0x40593c2d, 0x1b282824, 0x000c0d1a, 0x282b2800, 0x22292a2b, 
    0x1b271a20, 0x0c121427, 0x82190d19, 0x110b2b8e, 0x0b0e1113, 0x11332b19, 0x03820133, 0x0123112f, 0x22011123, 0x26353526, 0x16323336, 0x06e56c15, 
    0x4b263521, 0x62080785, 0x15213503, 0x9902b4b4, 0xfdb4b80e, 0x4e05106b, 0xbc01bca1, 0xbab9a2a0, 0x0154549f, 0x54565653, 0x7b02e555, 0x91fbd205, 
    0x2efa6f04, 0x9afb6604, 0x9abdd802, 0xbdbd9b61, 0xbb9c619b, 0x61596c92, 0x576a6a57, 0xfe6b5a61, 0x00979757, 0x8200ffff, 0xf608ecff, 0x2600e605, 
    0x00001706, 0x49000700, 0x84008e03, 0x220c8217, 0x88de05de, 0x03892217, 0x2a1784a5, 0x050000b4, 0x02d20527, 0x840f0106, 0x8234200f, 0x0751270f, 
    0x002602fa, 0x32820002, 0x01f90a22, 0x08059744, 0xecff7a20, 0xe605a405, 0x41012602, 0x07010000, 0xe901de05, 0x09007202, 0xb80102b1, 0x35b07202, 
    0x2f82002b, 0xff883208, 0x048404ec, 0x001a004e, 0x40400023, 0x021e213d, 0x01150405, 0x02030300, 0x01004c02, 0x05040106, 0x00690401, 0x03020005, 
    0x00670205, 0x03000003, 0x211c8259, 0x08826100, 0x1c510036, 0x1b1f201b, 0x23231c23, 0x07232814, 0x252b1a06, 0x23060615, 0x08665718, 0x16165308, 
    0x11211515, 0x32331616, 0x06060136, 0x11211107, 0x08042626, 0x6d65bd51, 0x595190bf, 0x8962bb97, 0xfffc85e1, 0x5c4f8c37, 0x4ae8febc, 0x1f023a8e, 
    0x68c68c34, 0x9b583e34, 0xcb7374cb, 0xf48c589a, 0xb8fe309c, 0x03393d31, 0x3643016d, 0x2001e8fe, 0xdf823c35, 0xca000136, 0xa2060000, 0x14001805, 
    0x26402900, 0x03010710, 0x4c010001, 0x0025b082, 0x0101144a, 0x0f8c6a49, 0x0229212a, 0x212b180b, 0x07170101, 0x27088582, 0x21333636, 0x26222115, 
    0x17161627, 0xfd560317, 0x748c0274, 0x4bb042d3, 0x043a7339, 0x3afefb02, 0xb04b3973, 0x8c02d342, 0xd22c1682, 0x0b3a9342, 0x0b11a611, 0xd242933a, 
    0x77835582, 0xd1ba0921, 0x1a072377, 0x779de6f8, 0x14faff2d, 0x001e0574, 0x40270008, 0x88010124, 0x920820ed, 0x141121ed, 0x0520ed83, 0x0120ed82, 
    0x0132e782, 0x6efd5c03, 0xfe749202, 0xed701234, 0x06cc0190, 0x0d839202, 0xfea6352b, 0x00010035, 0x06faffca, 0x295782a2, 0x4032000d, 0x0201082f, 
    0x46410102, 0x010d2406, 0x82004903, 0xef7618f1, 0x03002c0e, 0x114f0302, 0x04141112, 0x872b1a06, 0x17072162, 0xe22c678b, 0x69fbf003, 0x95045d5b, 
    0x1d0111fc, 0xe3266d86, 0xa65d5ba6, 0x5082e3fe, 0x09217385, 0x2073b4ba, 0x2973980b, 0x51f80807, 0xad075d5b, 0x7394f9f8, 0x79820120, 0x41d80621, 
    0x142407b7, 0x0003050e, 0x1328e882, 0x4a010212, 0x49000101, 0x0f4f5d18, 0x0227213c, 0x212b180b, 0x36363727, 0x23060637, 0x32213521, 0x26261716, 
    0x01372727, 0x2b424c04, 0xfefb2307, 0xb3410204, 0x42742006, 0x74220f2a, 0xeb8474fd, 0x09217783, 0x2177c3f0, 0x77876407, 0x07e6f823, 0x2377a11a, 
    0xaa14faff, 0x21072f42, 0xed830108, 0x96060721, 0x121121ed, 0x0522ed83, 0xe7820127, 0x0137013a, 0x01741812, 0x1290edcc, 0x7434fe70, 0x74069202, 
    0x01a6cb01, 0x6efd74cb, 0x0126d082, 0xfaff0001, 0xbb41d806, 0x820d2007, 0x01022651, 0x020b0c4c, 0x05464103, 0x02000326, 0x67020301, 0x270f4e41, 
    0x12111211, 0x2b1a0b04, 0x37216285, 0x3d678527, 0x01744804, 0x0410fc1c, 0xfb5b5d95, 0xfef10369, 0x900274e3, 0x1d017206, 0xa65b5da6, 0x70841d01, 
    0x09216f84, 0x306fc5f0, 0x01745e07, 0x07f9f81d, 0xf85b5dad, 0xfe080751, 0x8edd83e2, 0xfa002e6f, 0x57050100, 0x14005e04, 0x30403300, 0x247f8207, 
    0x01020110, 0x22e28302, 0x83034902, 0x4486200a, 0x002d0f5b, 0x00140000, 0x04113114, 0x372b1806, 0x08584411, 0x07013408, 0x27262601, 0x11151616, 
    0xfe9a03fa, 0x5ddc59d6, 0x0226562d, 0x2bfd76d6, 0x0b1f4126, 0x9a03c40f, 0x1f0b0fa6, 0x2bfd2641, 0x26d60276, 0xdc5d2d56, 0x82d6fe59, 0x0100234b, 
    0x8382dd00, 0x83843a20, 0x2a402d29, 0x0201010e, 0x82000105, 0x090a2583, 0x00490002, 0x86221f82, 0x14820200, 0x855a5720, 0x01023506, 0x103e114f, 
    0x2b190603, 0x34112325, 0x06063736, 0x01270107, 0x2108b842, 0x67923a05, 0xc49a0324, 0x92852a01, 0x762afd24, 0x9284d502, 0x5b83a620, 0x0000dd26, 
    0x5d043a05, 0x1020ff85, 0x07206682, 0x0c247b84, 0x4a02020b, 0x8520ff84, 0x8b0fdc41, 0x110121ff, 0x2d082a43, 0x16013701, 0x26261716, 0x3a051135, 
    0x6d9166fc, 0xfc9a0323, 0x24998566, 0xfd76d502, 0x0501412a, 0x832a0121, 0x82fa2083, 0x84572083, 0x26ff8283, 0x00010105, 0x8602010e, 0x834a20ff, 
    0x1882821f, 0x860d2a7b, 0x331325ff, 0x07061411, 0x0122f982, 0xe6450117, 0x92fa2008, 0x66fc2164, 0x84139241, 0xca2208ff, 0xf0090000, 0x25001805, 
    0x2e403100, 0x0e141a21, 0x01060107, 0x134c0100, 0x04020312, 0x16254a00, 0x5e460315, 0x1c1f2511, 0x170b0239, 0x440c5f46, 0x0120082f, 0x46084444, 
    0x05211470, 0x09ca437a, 0x4374fd21, 0xfa2107e2, 0x110c4686, 0x21058346, 0x0182fd74, 0x96467420, 0x20118505, 0x21008200, 0xb7820001, 0xea360d21, 
    0xc00821b7, 0xf721b793, 0x24b7ad40, 0xffca0002, 0x06df43fa, 0x3800133b, 0x10133540, 0x0204060d, 0x0c4c0103, 0x0407080b, 0x04054a01, 0x49000301, 
    0x05b37600, 0x0be47118, 0x02000027, 0x14124f00, 0x08574416, 0x01070139, 0x21011701, 0x05013701, 0x21273721, 0x745e0707, 0xacfa1d01, 0x46741d01, 
    0xe23705fd, 0xe2fe5605, 0xf8920274, 0x5da0061d, 0x5b5cf95b, 0x1d017206, 0x4772e3fe, 0xe320050d, 0x5d232784, 0x825b5b5d, 0x26938257, 0x1e05360d, 
    0xce000d00, 0xa40a2193, 0xf7219382, 0x21938966, 0x93849c08, 0x09d7f427, 0xf65b5de6, 0x08939816, 0xca000127, 0xe2050000, 0x1400ea05, 0x13401600, 
    0x03071014, 0x00060102, 0x0000004a, 0x1b4e0057, 0x2b170b01, 0x07010113, 0x06714427, 0x21070744, 0xc448ca07, 0x5e032311, 0x68428c02, 0xecfb2309, 
    0xb2411404, 0x06474206, 0x82e8ff21, 0x8dd22067, 0x82492067, 0x8656201b, 0x02092367, 0xd8431737, 0x076e4306, 0xe2053722, 0x490a9542, 0x0221062c, 
    0x0c574974, 0xecfb1422, 0x0220678a, 0xe821cf84, 0x30678305, 0x402c0018, 0x0d0e1229, 0x060a0b0c, 0x01000107, 0x366c834c, 0x0101004d, 0x01036002, 
    0x02570202, 0x1515154e, 0x17181518, 0x82041116, 0x110121e7, 0x17227688, 0x8b860101, 0x21350125, 0x86060315, 0x0b224379, 0x05c4fd29, 0x03ca021e, 
    0x86f8fc08, 0x22958b7d, 0x43a670fd, 0xfd2f05f3, 0x07e205f9, 0x0025001f, 0x0013b306, 0x882b3201, 0x45352057, 0x07210650, 0x0a5d4127, 0x25056344, 
    0x56031737, 0x894374fd, 0x4174200c, 0x9b430a6d, 0xfd742205, 0x095b4af9, 0x201eea43, 0x08f78274, 0xca000120, 0x6b080000, 0x26000006, 0x30403300, 
    0x00020203, 0x01072201, 0x02000303, 0x0301264c, 0x0f820049, 0x01020025, 0x18000069, 0x2b08d47f, 0x03000300, 0x2621364f, 0x1a060439, 0x240d8144, 
    0x34353636, 0x05146a26, 0x15161626, 0x23060614, 0x3115f34a, 0x9059df03, 0x59905454, 0xdf8a4c4c, 0x8adf8383, 0xc44321fc, 0x291e8211, 0xa6559059, 
    0x8788db81, 0x774481db, 0x82bc200b, 0x875d20af, 0x242527af, 0x26020302, 0x92820520, 0x82610220, 0x02002506, 0x69020103, 0x0022a482, 0xb4835703, 
    0xba825f20, 0xaf830020, 0xaf843720, 0x270a1c45, 0x36343526, 0x15333336, 0x08626218, 0x21097349, 0x1845d105, 0x21fc2107, 0x4c21a385, 0x21b3854c, 
    0x0949df03, 0xdb812910, 0x81db8887, 0x599055a6, 0x34452282, 0xff003b08, 0x00ca00ff, 0x05a2065d, 0x07060375, 0x005d0008, 0x0100b108, 0x35b05db0, 
    0x1b86002b, 0x84ba0921, 0x9209201b, 0x1457241b, 0x827b0574, 0x930a2037, 0x8353821b, 0x930b201b, 0x8353821b, 0x8f0c201b, 0x0001211b, 0xd8208b82, 
    0x0d206f84, 0x09211b93, 0x201b84f0, 0x221b920e, 0x84aa1457, 0x930f208b, 0xd806211b, 0x10201b84, 0x53821b93, 0x11208b83, 0x00231b8f, 0x865d00ca, 
    0x9316206f, 0x360d211b, 0x17208b84, 0x57201b92, 0x18205386, 0x02201b85, 0x200b4f41, 0x83378257, 0x9019206f, 0x00dd2e1b, 0x053a05ab, 0x07070308, 
    0x00000013, 0x058941aa, 0x0f55aa20, 0x00dd2205, 0x201b82ca, 0x201b8227, 0x201b8214, 0x201b85ca, 0x201b85ca, 0x211b82fa, 0x1b830557, 0x1b921520, 
    0x5705ab22, 0x12205384, 0x2c08538d, 0xde000100, 0x5f06ad00, 0x0500b104, 0x05b30600, 0x2b320103, 0x01013713, 0x75de0117, 0x16037d01, 0x0271fc79, 
    0x8afe789d, 0xfc771203, 0x2b3a8273, 0x8e010100, 0x8905ad00, 0x0b00a404, 0x04212f82, 0x232f8200, 0x01012725, 0x01293284, 0x07020107, 0xfe840179, 
    0x3404827c, 0xfe798501, 0x7884017b, 0x79ad7cfe, 0x82018301, 0x017dfe79, 0x21048283, 0x0e827efe, 0x77820020, 0xa2ff6630, 0xd205b007, 0x0f000200, 
    0x01020c40, 0x5e824900, 0x01107631, 0x132b1706, 0x07660121, 0x055afc4a, 0x82d0f9d2, 0x01002914, 0x00006600, 0x2e06b007, 0x15262b82, 0x01011240, 
    0x03824a00, 0x82760021, 0x0002331b, 0x16060202, 0x0101332b, 0x03a40366, 0xf92e06a6, 0x2f8200d2, 0x46ff6228, 0x8c069506, 0xa3820200, 0xa3830220, 
    0x0101052d, 0xcdf99506, 0x03ba3306, 0x82a403a2, 0x00012238, 0x202382c0, 0x202386f1, 0x2b238301, 0xc0011117, 0x07ba3106, 0x005cfc46, 0x9f893982, 
    0x23000527, 0x02042040, 0x0cda4802, 0x82820220, 0x034f0129, 0x03050303, 0x84031005, 0x030921b5, 0xfd25b684, 0x0281027f, 0x25bc8383, 0xbdfb8a05, 
    0x4b834304, 0x0529bf88, 0x21402400, 0x01020105, 0x0a294a4a, 0x23058256, 0x03040000, 0x02212b82, 0x21d08503, 0xd3852125, 0x05d9f925, 0x837dfd04, 
    0x04a622d9, 0x891f8241, 0x00052fdb, 0x0304b508, 0x32020002, 0x0101052b, 0xe2861103, 0xbafba522, 0xf925e584, 0xfd0205dc, 0x20eb827e, 0x83eb8a02, 
    0x03052233, 0x23338301, 0x03091117, 0xfa25f082, 0xfb430475, 0x29f684bd, 0x800280fd, 0x03008202, 0xaf824000, 0x1b41f420, 0x12003005, 0x39403c00, 
    0x4a020101, 0x02010200, 0x82010085, 0x040123a5, 0x677e0669, 0x055f220a, 0x2c338201, 0x0007084f, 0x070c0e00, 0x06120812, 0x20c98505, 0x24c98307, 
    0x13330209, 0x0b4c6a23, 0x03402008, 0xfbda03da, 0xce0cb5cc, 0x4f4f3967, 0x4f4f3739, 0x74f98c06, 0xef016f02, 0x374f5ffc, 0x82505039, 0x2c668212, 
    0x06e9ffa8, 0x00e905a8, 0x40180013, 0x2f0f8215, 0x01028501, 0x01760000, 0x00090b00, 0x03130113, 0x16396518, 0x67180320, 0x17201370, 0x13426718, 
    0x00020022, 0x27226389, 0x60183100, 0x15241c53, 0x1f000114, 0x0a226818, 0x7e960620, 0x0f1e6818, 0x67188e94, 0x9e940fff, 0x6718ae20, 0x002c0fe1, 
    0x00c00001, 0x05920600, 0x000300d2, 0x0fc78718, 0x03000332, 0x17060311, 0x2111332b, 0xd205c011, 0x2efad205, 0x2f89df82, 0x2a00072c, 0x00002740, 
    0x00020300, 0x214d6703, 0x01042b0a, 0x4f010201, 0x06070000, 0x56820405, 0x05110322, 0x25234486, 0x82211121, 0xd4fa2548, 0x7afb8604, 0xa6224e83, 
    0x3f828604, 0x83880220, 0x1c000c22, 0x270a3341, 0x02010567, 0x57020000, 0x2d080682, 0x045f0002, 0x00020001, 0x010d0f4f, 0x0d141700, 0x071c0f1c, 
    0x010c0004, 0x1606060b, 0x3522212b, 0x21333411, 0x11151632, 0x21252314, 0x0e823632, 0x21232624, 0x0f820622, 0xa8011636, 0x0004e8e8, 0xfcea7872, 
    0x2efa0303, 0xfc2e1919, 0x19192c06, 0xea281282, 0x00fc7278, 0x2c19a6e8, 0x8b821689, 0x8b8a0320, 0x20001626, 0x3a403d00, 0x2106146d, 0xcc820067, 
    0x03040224, 0x95850767, 0x95820682, 0x95880620, 0x181b1e29, 0x0d121317, 0x85160f16, 0x95082099, 0x11212799, 0x21031614, 0xa0853435, 0xfb259d8e, 
    0x0419197a, 0x8ba38586, 0x9b0229a2, 0x192c65fd, 0x2ecd7203, 0x0020c082, 0x032ba395, 0x67030102, 0x05000200, 0x82050204, 0x00042aa3, 0x07570400, 
    0x00040401, 0x30a3825f, 0x194f0004, 0x1d000117, 0x1920171c, 0x0e111420, 0x22a3960d, 0x86112101, 0x21132899, 0x35353632, 0x41141521, 0xfb210941, 
    0x249b87be, 0x2efa0345, 0x88ac8219, 0x4c0223a3, 0x9b839902, 0x19c1fb31, 0x2ccfcf2c, 0x00010019, 0x0818ff62, 0x82ba0606, 0xb30639ad, 0x32010103, 
    0x0803092b, 0xfc34fc06, 0x02d80328, 0x0330fce8, 0x00d203d0, 0x278aa382, 0x0b000731, 0x0d000f00, 0x0d0f0a40, 0x0507090b, 0x83040103, 0x09253734, 
    0x02092506, 0x52fec003, 0xb00150fe, 0x58fed003, 0xae0152fe, 0x0785a801, 0x82cc0321, 0x01562407, 0x84e802aa, 0x7aaa2215, 0x2a0c82fe, 0x06faae01, 
    0xa80158fe, 0x857aae01, 0x00002215, 0x21678c02, 0x5e83b508, 0x5e820220, 0x93880720, 0x1efde226, 0xec0214fd, 0xfc279b87, 0xfde8022e, 0x821afd18, 
    0x8c0820a3, 0x3ba3833b, 0x00170013, 0x001f001b, 0x1e124015, 0x16181a1c, 0x0e101214, 0x06080a0c, 0x08000204, 0x032a5482, 0x37060937, 0x37050209, 
    0x03830727, 0x07820120, 0x03821320, 0x83120221, 0x869487c1, 0xa80122c0, 0x27b2847c, 0xfb0cfaa8, 0x4705fbfb, 0xfe250482, 0xfbf5f5d7, 0x210382fb, 
    0xe8823a01, 0x56feaa2b, 0x01aa017a, 0xfa52feae, 0x22d2830c, 0x857a52fe, 0x84298215, 0xe3fc2102, 0x03212d82, 0x82048257, 0x000a2aab, 0x0754ffb2, 
    0x007e06da, 0x08a1840f, 0x27002383, 0x2f002b00, 0x37003300, 0x8b003b00, 0x2d2e8840, 0x05042627, 0x02252f04, 0x1e220501, 0x23020002, 0x0006021d, 
    0x07021f21, 0x004c0506, 0x05010e04, 0x67050401, 0x03000100, 0x69030108, 0x1108010a, 0x0903100b, 0x67090802, 0x0c02010d, 0x02060001, 0x06006900, 
    0x57060707, 0x07060600, 0x07010f5f, 0x384f0706, 0x30343438, 0x11282830, 0x38000110, 0x3a3b383b, 0x34373439, 0x30353637, 0x32333033, 0x05fd5731, 
    0x0b698118, 0x16061226, 0x2622012b, 0x7105804a, 0x441805be, 0x01270d29, 0x27050137, 0x82011701, 0x11052403, 0x82051133, 0x8213200f, 0x35012407, 
    0x82211521, 0x46043103, 0x5959955a, 0x945b5a95, 0x5b945959, 0x4b6b6b4b, 0x02390382, 0x66c4fea2, 0xeefa3a01, 0x643a0164, 0x01669e02, 0xfefc643c, 
    0xfe38fe8e, 0x2b1082c6, 0x25fc8ed6, 0xb403ba01, 0xa001ba01, 0x96243883, 0x5b965959, 0x94314482, 0x6a4c4a6a, 0x6a4a4c6a, 0x3a01f9fd, 0x66c6fe66, 
    0x22068266, 0x82649e02, 0x017d2542, 0xbd44febc, 0xfe2a0882, 0x01ebfac6, 0x0346feba, 0x00828e4d, 0x09000022, 0x420a6341, 0x67410709, 0x82520807, 
    0x21227f40, 0x03041a1b, 0x02192302, 0x12160301, 0x17070002, 0x00040211, 0x05021315, 0x004c0504, 0x03060301, 0x0a800601, 0x04070001, 0x80040007, 
    0x010b0200, 0x03020103, 0x06010867, 0x030d090e, 0x07060007, 0x05040067, 0x00570405, 0x5f050404, 0x3682010c, 0x2c2c4f30, 0x24242828, 0x00011c1c, 
    0x2f2c2f2c, 0x52412d2e, 0x06e36405, 0x1f1c1f2b, 0x07091d1e, 0x0f010f00, 0x1258410f, 0x4c410120, 0xfc01212b, 0x21324441, 0x3b418dfe, 0x00023228, 
    0x07e8ff97, 0x00f30597, 0x00270013, 0x1421b508, 0x056b480d, 0x36262628, 0x16363637, 0x05841717, 0x0616162e, 0x36010107, 0x26272636, 0x07070626, 
    0x5d080584, 0x17160606, 0x14fd1804, 0x583c3b5a, 0x5ae9ea5c, 0xe75a6264, 0x3c5c5be9, 0x16fd593c, 0x253a7602, 0x90383e2b, 0xd6d63c92, 0x3d959339, 
    0x3827263b, 0x5aec0218, 0x5b57ebed, 0x60573c39, 0x393d5860, 0xeeed5959, 0x02fefd59, 0x9a9b3a78, 0x24233237, 0x38d0d03b, 0x383a2228, 0x00389898, 
    0x978a0100, 0x0db30622, 0x9105df49, 0x947f9593, 0xff002269, 0x245387ff, 0x4b070602, 0x35638300, 0x07f2ffba, 0x008c06a2, 0x40180009, 0x00010515, 
    0x0208094a, 0xd55b0401, 0x12320806, 0x18060213, 0x1301012b, 0x13132101, 0x04130121, 0xdadafd2e, 0xa402d8fd, 0xa202d2d0, 0x01d8dafd, 0x0274fe7e, 
    0x028e0186, 0xfe7afd86, 0x007afd72, 0x4f890002, 0x2d00132d, 0x050f2a40, 0x134a0002, 0x830b0c12, 0x02082956, 0x00010149, 0x57000202, 0x002f0682, 
    0x01035f02, 0x4f020002, 0x13121612, 0x8a1a0604, 0x05012966, 0x03212503, 0x03052103, 0xfd2f708f, 0x680801da, 0xbbfe0e01, 0xb9fe6569, 0x8f6a0e01, 
    0x42022c80, 0xc33801bd, 0xc4fe3c01, 0x85c8fec3, 0x00002bdf, 0x46068507, 0x1d000600, 0x76821a40, 0x82034a21, 0x0001267f, 0x01010085, 0x25208276, 
    0x11060006, 0xe4820412, 0x01011339, 0x11211121, 0x036603ba, 0xfc42fe65, 0x03e002b0, 0xfd9afc66, 0x82e00220, 0x82002025, 0x084788d7, 0x34000d2d, 
    0x010d3140, 0x054a0302, 0x02060301, 0x03040002, 0x04006700, 0x57040101, 0x01040400, 0x0401005f, 0x00004f01, 0x090a0b0c, 0x84000708, 0x89072060, 
    0x83272060, 0x01212165, 0x6b286788, 0x1f020401, 0xedfd0401, 0x88267089, 0xe2021efd, 0x77831202, 0xba000424, 0xbf86c2fe, 0x11000d2c, 0x51001500, 
    0x030b4e40, 0x7b820402, 0x00227182, 0x7a820403, 0x010a0327, 0x02030602, 0x086b8267, 0x06080925, 0x08006709, 0x57080707, 0x07080800, 0x07010b5f, 
    0x0e4f0708, 0x1500000e, 0x0e121314, 0x10110e11, 0x870c0d0f, 0x11122298, 0x2298820c, 0x83211101, 0x822520fb, 0x2b078298, 0x11211103, 0x21352125, 
    0x43fe7702, 0x21050b41, 0xa08549fd, 0x01ecfd26, 0x50039904, 0xfd3b0e83, 0x012e01e1, 0xfc6603b2, 0x864efe9a, 0x1202b401, 0x5afbeefd, 0x42febe01, 
    0x8200b287, 0xf8290885, 0x0c07deff, 0x3b00f205, 0x51004600, 0x67005c00, 0x79006b00, 0x01057640, 0x0f011103, 0x690f0304, 0x030e1710, 0x02061304, 
    0x35fc8202, 0x02071267, 0x020b0d01, 0x09010a09, 0x150c1667, 0x00000a03, 0x0884590a, 0x000a3908, 0x02140861, 0x51000a00, 0x47485253, 0x00013c3d, 
    0x68696a6b, 0x5d5f6365, 0x5c525658, 0x4c4e5c53, 0x51485147, 0x463c4042, 0x3637463d, 0x282a3032, 0x1d1f2527, 0x12141819, 0x0729e282, 0x3b013b00, 
    0x2b160618, 0x06a07705, 0x23113322, 0x250bdf45, 0x34352115, 0xa9773636, 0x23062306, 0x0a881123, 0x35312583, 0x06141521, 0x36362706, 0x22233535, 
    0x16141506, 0x230a8205, 0x23232634, 0x01210a82, 0x06015e33, 0x25161424, 0xba7d1633, 0x21012d07, 0x34022111, 0x55559057, 0xa8a85790, 0x582a0785, 
    0x1c015791, 0x58589056, 0x05825690, 0x85a6a621, 0x38058207, 0x9157e4fe, 0xa8624658, 0x03616143, 0x626244dd, 0xfc61a644, 0x6101a8ab, 0x21108346, 
    0x1183a637, 0xfe61452c, 0xfe1c014c, 0x560122e4, 0x48845790, 0x5891552a, 0x56568f57, 0xa6a6578f, 0x48870785, 0x56915724, 0x15839156, 0x97569024, 
    0x4b826101, 0x61444523, 0x2c088201, 0x44a66145, 0xa6990361, 0x44606044, 0x20118346, 0x24098346, 0x1c01a6fd, 0x2a008200, 0x03ca0001, 0x05760518, 
    0x4e0500e0, 0x0131073f, 0x07010127, 0x723c0101, 0x56025602, 0x031cfe72, 0x24098218, 0x0172aafd, 0x242f82e2, 0x01ca0002, 0x202f82a4, 0x2a2f82d2, 
    0x40260009, 0x03040523, 0x4e050102, 0x062a122e, 0x06090606, 0x06031709, 0x51862b17, 0x15213522, 0xfd255589, 0x01a204af, 0x2d5987a4, 0xa0a0ac01, 
    0xca000100, 0x7605e8ff, 0x8b8ab002, 0x01011729, 0x04050137, 0x83aafd72, 0x02e42281, 0x830982b0, 0x821e2095, 0x0003228b, 0x082f8266, 0x3905f826, 
    0x23001d00, 0x95003000, 0x5009b04b, 0x28144058, 0x04030f10, 0x1a202201, 0x02040003, 0x1f21234c, 0x1b490003, 0x0320168b, 0x59201688, 0x1c2f3285, 
    0x01000200, 0x69010204, 0x00040106, 0x82590400, 0x00043406, 0x02050361, 0x51000400, 0x0023401b, 0x04000403, 0x8a800003, 0x865b8226, 0x01052126, 
    0x592a2583, 0x24251540, 0x30240001, 0x62183025, 0xf6460ad4, 0x34352105, 0x09b36c18, 0x42270721, 0x1126066f, 0x06233523, 0xde821306, 0x25170126, 
    0x35353632, 0x07da6218, 0x18d90221, 0x3414da62, 0x6238fd02, 0x68026602, 0x4a12fd62, 0x23631664, 0x0249434d, 0xe46218bd, 0x2bfd2a16, 0xfd60ca02, 
    0x60680298, 0xee62187c, 0x06c3440d, 0xd2057435, 0x0b000700, 0x2b402e00, 0x05000104, 0x01030206, 0x18670300, 0x37117794, 0x08090a0b, 0x07000700, 
    0x07111111, 0x132b1906, 0x21012135, 0x25012115, 0xba360482, 0x9d024102, 0xc1fddc01, 0x240263fd, 0x48fdb802, 0xfaa62c05, 0x0582a6d4, 0x8200a621, 
    0x052b4500, 0x34266787, 0x01003140, 0x60820200, 0x6f826720, 0x00030323, 0x25068257, 0x075f0300, 0x0c820605, 0x084f0325, 0x18000008, 0x820d41c2, 
    0x8633206d, 0x3521326d, 0x01ba1521, 0x029d02de, 0xfd24fe3f, 0x02c10163, 0x826683b8, 0x2669826c, 0x00e80002, 0x82ba0600, 0x1f2e08cf, 0x41002600, 
    0x24263e40, 0x02042023, 0x03012504, 0x004c0202, 0x04030402, 0x05800302, 0x01060001, 0x04000204, 0x01030069, 0x00590301, 0xc3180303, 0x22280855, 
    0x001f0021, 0x2814241f, 0x1a23e282, 0x1835012b, 0x0808fd76, 0x24222346, 0x33350226, 0x33021e14, 0x35023e32, 0x01022e34, 0x01072111, 0xd2030107, 
    0xcd0d019b, 0xfecd7373, 0xfe9a9bf3, 0xa674cef2, 0x78d39f5a, 0x5a9ed278, 0xfcd29f59, 0xc804029e, 0xfe72e601, 0xa62c0518, 0xf2fecd74, 0xcc2d2283, 
    0x01cc7474, 0xd2779a0e, 0x9e5a5a9f, 0x232a82d2, 0xa2fe5b9f, 0xfe262782, 0xe6017218, 0xc3850100, 0x0024073d, 0x40300021, 0x0001212d, 0x01000203, 
    0x0001024c, 0x0200004a, 0x02008500, 0x8f850203, 0x2fb082b8, 0x1a060413, 0x1102092b, 0x1512021e, 0x04060214, 0x262cb08f, 0xff032726, 0xb5014bfe, 
    0x6bbffe93, 0x8e30ad92, 0xbb0396f1, 0xb501b401, 0x7b09adfe, 0x95fafeca, 0xa98ecc82, 0xa0fe9823, 0x329f8c0c, 0x0e364039, 0x03030c0d, 0x0b4c0101, 
    0x004a0101, 0x82010301, 0x0302219a, 0xab82a482, 0x00592d08, 0x61000202, 0x02000104, 0x00015100, 0x16181c1d, 0x2100090a, 0x06052101, 0x22212b16, 
    0x35022624, 0x36361234, 0x01011137, 0x15020e11, 0x20075941, 0x2abc8333, 0xfe9bd203, 0x6b74cdf2, 0x8293febf, 0x954b2c90, 0x9f5a8ef2, 0xd17878d3, 
    0x82a65a9f, 0x74f23fba, 0x9a0e01cc, 0xcb050195, 0x53010a7a, 0x4cfe4bfe, 0xa00c6f01, 0xd27899fd, 0x9f5a5a9e, 0xb98478d1, 0x00820020, 0xae00032a, 
    0x00090000, 0x0400d205, 0x152b0682, 0x39403c00, 0x12131415, 0x820f1011, 0x090b27b6, 0x03020d01, 0x1b504c01, 0x0708231a, 0x3a820506, 0x05120425, 
    0x472b1706, 0x07230a12, 0x53270101, 0x200806fa, 0x1cfd9203, 0x6e05e402, 0x8704d5fa, 0xc0fd79fb, 0xfe70b005, 0x6fbbfebc, 0xbdfe4301, 0x0145016f, 
    0x080e8244, 0x02e80223, 0xa62efaea, 0xbcfd8604, 0x0171befe, 0x71bcfe44, 0x43014301, 0x01bcfe71, 0xbdfe7144, 0x00030000, 0x20a782ba, 0x21a7960e, 
    0xa79f0307, 0x85080921, 0x07c350a7, 0x25010122, 0xa488ad83, 0x01070136, 0x026e05ba, 0xfb1afde6, 0x02870436, 0xfbc0fd40, 0x6e870179, 0x6e20a383, 
    0x6f34a383, 0x4301bdfe, 0x05bcfe6f, 0xfd16fdd2, 0x4202a618, 0x09fc4402, 0xfe21a38c, 0x82b782bd, 0x00b424a7, 0x82980700, 0x000328a7, 0x00130007, 
    0x4137403a, 0x0a22084d, 0x4d410b09, 0x1469511e, 0x55020921, 0xb4340844, 0xc2f9e406, 0x68fa9805, 0xbbfe1204, 0x0170bbfe, 0x70bcfe44, 0x45219e82, 
    0x519e836e, 0xfc210689, 0x103f4109, 0x00bdfe22, 0x02390082, 0xdf008600, 0xe8056206, 0x06000200, 0x2c402f00, 0x4a000101, 0x01000103, 0x0b175e00, 
    0x0201042f, 0x034f0201, 0x03000003, 0x05060306, 0x3f2c8204, 0x16060502, 0x0209132b, 0x86112111, 0xee02ee02, 0xd60526fa, 0x0003e802, 0xf7fd00fd, 
    0xdefe2201, 0x01265b82, 0xd700ca00, 0xf7821a07, 0x30000a25, 0x82022d40, 0x01012655, 0x4c020003, 0x097c5900, 0x7c596720, 0x11112a0f, 0x06041311, 
    0x01252b1a, 0x085a8201, 0x21352120, 0x7f022111, 0xb5014bfe, 0x5cfef703, 0x65fb4802, 0x01b501d7, 0x029cfeb5, 0x69fca550, 0x63890000, 0x2c000824, 
    0x63852940, 0x63840220, 0x00490222, 0x85267182, 0x02020000, 0x8e825700, 0x005f0226, 0x4f020002, 0x03225f82, 0x5f861906, 0x5d893320, 0x5a89a420, 
    0x5983f520, 0xcc205b83, 0x1c20bf82, 0x5b84bf82, 0x02010725, 0x82010801, 0x20bf824d, 0x215b8200, 0xb0430102, 0x82572005, 0x5f002212, 0x825c8200, 
    0x8411205b, 0x82b9825b, 0x01113559, 0x65fb6705, 0x01f903a2, 0x6401d7b5, 0x0bfd9703, 0x4bfe6401, 0xca275783, 0x1a070000, 0x84000006, 0x01012857, 
    0x01000002, 0x44020201, 0x658205ad, 0xb3968620, 0x82020921, 0x87232058, 0x9b0431b2, 0x0209fca4, 0x01b40197, 0xfb9dfeb5, 0x00fa0363, 0x01220082, 
    0x5b82cc00, 0x5b871c20, 0x5b82af83, 0x4c020022, 0x4a25bd82, 0x01000100, 0xdb8f1886, 0x20b38b0a, 0x835a8501, 0x07fc26b3, 0x019b04a2, 0x265a82b5, 
    0x0406fc63, 0x8263019d, 0x255782b4, 0xe305e8ff, 0xb382d205, 0x1d402023, 0x20498203, 0x11396100, 0x11111122, 0x3b05c964, 0x35210321, 0x04211121, 
    0x014cfe2e, 0xf1fc0263, 0x6101b603, 0x03b50118, 0xcbfba293, 0xba2e8082, 0x64073301, 0x06009d04, 0x38000a00, 0x81653540, 0x01022205, 0x21a18202, 
    0x1f824903, 0x04850226, 0x03010301, 0x3a101d62, 0x0a070707, 0x11120a07, 0x19060513, 0x1102092b, 0x01211521, 0x03113311, 0x824bfea5, 0xfcbf355c, 
    0xa415fd41, 0xb5013301, 0x9efeb501, 0x039efea4, 0x0098fc68, 0x6f8ee483, 0xbd820620, 0x054c0122, 0x01206f88, 0x00206f84, 0x01246f82, 0x57010000, 
    0x09168918, 0x14226f85, 0x6f831111, 0x83110121, 0x130121d3, 0x04287082, 0x0341fc79, 0x92b501bf, 0x64276d83, 0xfe6201a4, 0x844dfe4b, 0x012f086d, 
    0x0000ba00, 0x0e062304, 0x44001600, 0x01014140, 0x0a0b4a00, 0x00010002, 0x04050085, 0x01098605, 0x02010801, 0x67020103, 0x04030107, 0x82570304, 
    0x04032806, 0x0401065f, 0x824f0403, 0x001623aa, 0x6e821516, 0x00841120, 0x060c122d, 0x01132b1f, 0x33112101, 0x82152315, 0x23112603, 0x33352311, 
    0x21038235, 0xe482ba11, 0x9dfeb423, 0x200082f8, 0x220382a3, 0x825904f8, 0xfe4b29f3, 0x98ad98ef, 0x6b0195fe, 0x01210682, 0x824f8211, 0xffba2c78, 
    0x052304d2, 0x001600e0, 0x8338403b, 0x0a852184, 0x0021fe82, 0x82738286, 0x0402237c, 0x91826703, 0x02010123, 0x22068257, 0x825f0102, 0x010222a1, 
    0x46c8184f, 0x820b200c, 0x82052086, 0x207b8785, 0x268f8833, 0xfe6f0221, 0x8863014b, 0x63012285, 0x2097822e, 0x227d8311, 0x8295fe6b, 0xeffe2106, 
    0x012a8482, 0x72fd1800, 0x6008060b, 0x9b571700, 0x0d44080f, 0x0117000b, 0x16060317, 0x2422012b, 0x35020000, 0x00001234, 0x04323324, 0x15120000, 
    0x00000214, 0xe8900504, 0xa2fe5cfe, 0x8d8dfffe, 0x5e010101, 0xe8e8a401, 0x5d01a301, 0x8d8d0101, 0xa3fefffe, 0x72fd5dfe, 0x5d221883, 0x1882a301, 
    0x2082a420, 0xa2261885, 0xe8e85cfe, 0x20825dfe, 0x008dff22, 0x02200082, 0x2f20838a, 0x291ebb57, 0x00011819, 0x2f182325, 0x9e852f19, 0x990b0621, 
    0x3227369e, 0x12122424, 0x02023435, 0x22232424, 0x02020404, 0x12121415, 0x3bb6a104, 0x7001cbe8, 0x7ce13301, 0xcdfee17c, 0xcccb90fe, 0xcdfe90fe, 
    0xe27c7ce2, 0x70013301, 0xab22d2a1, 0x2883e17c, 0x83cccb21, 0x83368344, 0xcbcc2144, 0xe1214483, 0x2aef857c, 0x0aa2fd40, 0x002e08cc, 0x571d000d, 
    0x102f1e77, 0x1800010e, 0x101d0e15, 0x0004071d, 0x850c010d, 0x097757ef, 0x78570620, 0xfa3a3b11, 0x7a9808fa, 0xf77a8080, 0x18c60851, 0xf7181e1e, 
    0x1f1f193a, 0x08fca2fd, 0x1482fa96, 0x817b6a27, 0x08181ead, 0x251984c8, 0x001e1838, 0x7f41ffff, 0x06022407, 0x83006b07, 0x829f860f, 0x846c200f, 
    0x0623420f, 0x83260221, 0x0700251f, 0xdb020200, 0x41221794, 0x17940503, 0x83024922, 0x54221794, 0x1794e702, 0x11035f22, 0x89221794, 0x17943603, 
    0x96028d22, 0xa1201794, 0xc5221796, 0x2f937c04, 0x030a0123, 0x2217942c, 0x94f3020f, 0x03192217, 0x2217944f, 0x94f20124, 0x022c2217, 0x2217948b, 
    0x94800241, 0x41772017, 0x0121154f, 0x154f417e, 0x03800123, 0x22479400, 0x94fe028d, 0x029b2217, 0x221794fa, 0x949502a8, 0x02c82217, 0x221794cc, 
    0x949e01cb, 0x02d22217, 0x221794d4, 0x94d802d8, 0x03f02217, 0x2317930b, 0x09033d05, 0x3e221794, 0x1794bb03, 0x23033f22, 0x41221794, 0x17940303, 
    0xce024222, 0x43221794, 0x17940e03, 0x14034522, 0x46201794, 0x23150f42, 0x16034705, 0x48202f94, 0x49224796, 0x2f940f03, 0xcb034a22, 0x4b221794, 
    0x1794f802, 0xd6024c22, 0x4d221794, 0x17943c03, 0x17964e20, 0x68049322, 0x97202f94, 0x4406bb6f, 0x05210e1f, 0x13af41ad, 0x0507012e, 0x00b803b3, 
    0xb108006b, 0x6bb00102, 0x8c078f62, 0x2423823b, 0x00d402ec, 0x202385a3, 0x222397a3, 0xa00c03ed, 0x02f02223, 0x212385e9, 0x4785b002, 0x46030021, 
    0x3b3e0c67, 0x51405400, 0x03000100, 0x69030106, 0x08050107, 0x05090401, 0x06006704, 0x0209010c, 0x87180906, 0x3033137c, 0x01181930, 0x303b3000, 
    0x38393a3b, 0x34353637, 0x46313233, 0x0d200b8c, 0x20328c46, 0x13901813, 0x204f470a, 0x291b9846, 0x02b1fd7a, 0x4f02a24f, 0xa246b1fd, 0x2c022b3e, 
    0x02985402, 0x98acfd54, 0x1b46acfd, 0x0726280a, 0x0100006b, 0x41f30507, 0x01200757, 0x28155741, 0x40390033, 0x31323336, 0x5f651803, 0x43c9471e, 
    0x01270323, 0x3c344117, 0x0384be24, 0x2f41849c, 0x6e6f243f, 0x436e4d04, 0x0125111f, 0x02f40507, 0x20a742e7, 0xe802f522, 0x03202385, 0x41064f41, 
    0x00250f73, 0x021a0707, 0x825f9139, 0x961b2017, 0x021c2117, 0x27122747, 0x08070701, 0x5d00d901, 0x66055b43, 0x7f43080f, 0x0d07230e, 0x23a0a301, 
    0x09023224, 0x47853800, 0xa3433820, 0x33072516, 0x3f000302, 0x3f202385, 0x57482387, 0x07262a07, 0x0000006c, 0x02020007, 0x0c6f48d2, 0x41221787, 
    0x1794ec02, 0x7a024922, 0x54221794, 0x1794a602, 0x08035f22, 0x89221794, 0x17942d03, 0x8d028d22, 0x97221794, 0x17948602, 0x2f96a120, 0x7304c522, 
    0x01232f93, 0x945e030a, 0x020f2217, 0x221794b2, 0x942e0319, 0x01242217, 0x221794e9, 0x9482022c, 0x02412217, 0x22179477, 0x94fc0277, 0x417e2017, 
    0x01231567, 0x94f70280, 0x028d222f, 0x221794f5, 0x94f1029b, 0x02a82217, 0x2217948c, 0x94c302c8, 0x01cb2117, 0x42058f48, 0x01220e3f, 0x0f4702d2, 
    0x22178f05, 0x94cf02d8, 0x03f02247, 0x21179302, 0x37493d05, 0x22478e06, 0x41033e05, 0x05231497, 0x941a033f, 0x49412047, 0x478f064f, 0xd5024222, 
    0x43202f94, 0x8f06df49, 0x4945202f, 0x178f0607, 0x46034622, 0x47224794, 0x17940d03, 0x47964820, 0x06034922, 0x4a222f94, 0x1794c403, 0xef024b22, 
    0x4c221794, 0x1794e802, 0x32034d22, 0x4e221794, 0x17943303, 0x5f049322, 0x97221794, 0x17948403, 0xaf41ad20, 0x07012513, 0xb003b305, 0x41105f48, 
    0x23820c43, 0xe302ec22, 0x8f109345, 0xa2ed2023, 0x02f02223, 0x105f48e0, 0x200bd74d, 0x0a5f4829, 0x5f486720, 0x57200818, 0x0202010b, 0x010a5f00, 
    0x4f000200, 0x0e101e1e, 0x291e0001, 0x2728291e, 0x23242526, 0x1f202122, 0x480bfc4d, 0xfc4d055f, 0x0a4d481c, 0x084e0120, 0x2b042115, 0x4e092848, 
    0x01211713, 0x090248fa, 0x230b0f4e, 0x006c0726, 0x20050348, 0x0d4341df, 0x00030022, 0x2124fb8b, 0x36403900, 0x0348bc82, 0x1355660b, 0x2232dd4e, 
    0x96170127, 0xf30225d8, 0x849c0384, 0x2118e74e, 0xa6473d02, 0x22cf9305, 0x8dde02f4, 0xffff21cf, 0x0220cf87, 0xf521f387, 0x47f38602, 0x37420aa7, 
    0x0700250c, 0x30021a07, 0x2113af42, 0x17961b07, 0x46021c21, 0x01251287, 0x01080707, 0x108347d0, 0x23826b8c, 0x9a010d22, 0x322223a0, 0xa7470002, 
    0x22478f10, 0x47fa0133, 0x7a3210a7, 0x78057efd, 0x2602e605, 0x00008d00, 0xf9070700, 0xd784ed01, 0x97201789, 0xb420178c, 0x27262f82, 0x2602d205, 
    0x17860f01, 0x2f84a820, 0x04211782, 0x20178424, 0x20178619, 0x21178753, 0x17845305, 0x17862c20, 0x8305ef47, 0x84e8202f, 0x86802017, 0x058f4717, 
    0x7efd7423, 0xc3cf1904, 0x488f820a, 0x9e200507, 0x48201782, 0x02212f83, 0x412f86d7, 0x7724054f, 0x7e017efd, 0xe0201784, 0x06231782, 0x82dff907, 
    0xffff2206, 0x212f8200, 0x17841b02, 0x1785ef20, 0x17881f20, 0x041c0427, 0x0326026c, 0x20478605, 0x82a78445, 0xd5022347, 0x17826e04, 0x478c5420, 
    0x7efd6c24, 0x2f84d303, 0x2f866720, 0x2605af50, 0x027efd14, 0x82680575, 0x8579202f, 0x8861202f, 0x5702215f, 0x89201784, 0x43201785, 0x00230682, 
    0x82980001, 0xff9f28a7, 0x00110071, 0x180a4039, 0x2a09cf51, 0x501cb04b, 0x000b4058, 0x83000101, 0x005b2540, 0x10401b4e, 0x00222e82, 0x13865901, 
    0x5100012b, 0x2524b459, 0x2b180b02, 0xeb511813, 0x27cf3c10, 0x15084943, 0x47412e20, 0x7b4b3f36, 0x24527efd, 0x421c5356, 0x5a433635, 0x84a08250, 
    0xfe9e39d7, 0x00c201cf, 0x080701fa, 0xfbfeff00, 0xb1090018, 0xfbb80100, 0x2b35b018, 0x1f82af86, 0x2a04ca24, 0x1f852700, 0x05070125, 0x181c00de, 
    0x84079ba0, 0x01b12527, 0x2903b801, 0x02223085, 0x2f828400, 0x2f82b020, 0x1d001127, 0x2b402e00, 0x2eb8820e, 0x01114c01, 0x03004901, 0x00020104, 
    0x82690203, 0x61012157, 0x5d2dbc82, 0x12134e01, 0x1d121719, 0x25241d13, 0x31be8205, 0x35262601, 0x32333634, 0x06141516, 0x16272223, 0x89181716, 
    0x01330ba0, 0x53895e73, 0x484e3d46, 0x08182333, 0x38944a53, 0x82384f4f, 0xcffe3003, 0x5991b12c, 0x3a3c4b64, 0x605d204a, 0x84f10327, 0x2d198215, 
    0xa000ffff, 0x7703d203, 0x2600fd05, 0x7482ff07, 0xff070724, 0xf384b301, 0xb703a022, 0xe2241782, 0x00082600, 0xf9820082, 0x00211783, 0x212f8301, 
    0x2f82c401, 0x22001125, 0x84041f40, 0x210482b9, 0xac82004a, 0x86590021, 0x010022b6, 0x056c4151, 0x06170124, 0xad880706, 0x013db983, 0x534a2c87, 
    0x33231808, 0x463d4e48, 0xfd058953, 0x5d60275c, 0x3c3b4920, 0x9158654b, 0x205f84b2, 0x215f82b7, 0x531800e2, 0x60820fb3, 0x63826120, 0x4e005c22, 
    0x2017c741, 0x22598bdd, 0x84b70388, 0x3a4a2759, 0x59644b3c, 0x9983b191, 0x5b8abb82, 0x200a7541, 0x05384201, 0x86015c21, 0x1164415b, 0x41870121, 
    0x03210c58, 0x0c5041b7, 0x02000022, 0x03225b83, 0xb7830577, 0x23002332, 0x0e202040, 0x01000102, 0x0211234c, 0x01034901, 0x0f826083, 0x61830020, 
    0x25242a26, 0x2b1a0b04, 0x05206391, 0x8e10da41, 0x8e0e8e75, 0x8e5c2084, 0xffff2c92, 0xcffea000, 0xfa00c401, 0x82080703, 0x12b742fe, 0x03251f82, 
    0x00fa0077, 0x201f8527, 0x21278201, 0x2782b301, 0xdf421220, 0x01b12108, 0x8208e842, 0xfe34284f, 0x07510554, 0x8226028a, 0x000028ef, 0x01940a27, 
    0x8274013d, 0x01e33535, 0x0046f9ca, 0x0102b112, 0xb07401b8, 0x03b12b35, 0x46f9b801, 0x8f059b71, 0x01922233, 0x2533a11b, 0x51050000, 0x67854607, 
    0xe2295f82, 0x74016500, 0x02b10900, 0x205f8502, 0x838b8300, 0x69082123, 0xfa222388, 0x23856a00, 0x238e0320, 0xa782478a, 0xa7862385, 0xd3834784, 
    0x88d20521, 0x82cb8547, 0x83c2866b, 0x00b42423, 0x84c80400, 0x00412247, 0x20ef8400, 0x8247848b, 0x84ef84e6, 0x54fe2323, 0x4784c804, 0x93222387, 
    0xb38246f9, 0x83070a41, 0xff7a2423, 0x846805ec, 0x85492047, 0x17022147, 0x01204784, 0x6b828f8a, 0x844c0521, 0x85542023, 0x73012123, 0xb420b390, 
    0x4c20b382, 0x23876b84, 0x6b847c20, 0xb38b0220, 0x49228f82, 0xd7828a07, 0x00005f28, 0x920a2700, 0x7741d800, 0x82872006, 0xb112212b, 0xb1207387, 
    0xff223487, 0x7b8200ff, 0x84490421, 0x2533827b, 0xe2080701, 0x30192200, 0x23920d87, 0x8701e322, 0x7b83c391, 0x47859f84, 0x9f842382, 0xf9257382, 
    0x2b35b046, 0x20478600, 0x206b8439, 0x20e78689, 0x2447907f, 0x05ecff7a, 0x20238478, 0x2123858d, 0x23901102, 0x0521b382, 0x2023843e, 0x222384a1, 
    0x939b00e2, 0x22238cb3, 0x910002e3, 0x54fe2347, 0xb3843e05, 0x23824785, 0xff25b38f, 0x020000df, 0x206b8447, 0x216b85c5, 0x6b8fb6fe, 0x08242385, 
    0x002602d7, 0xf4222385, 0x2385bbfe, 0x200a9742, 0x203d82b1, 0x22478a75, 0x901b00e3, 0xfeb1248f, 0x84750154, 0x8247858f, 0x218f8f23, 0xb382b400, 
    0x25084748, 0xe3080701, 0x2393c801, 0x84095348, 0x4f531923, 0xfeff2f10, 0x240454fe, 0x26024707, 0x00001901, 0x47822700, 0x01252382, 0xffed0607, 
    0x2197822a, 0xb741b112, 0x08e04307, 0x2105bf41, 0xc3838606, 0x82240121, 0x217b82cd, 0xc390a102, 0x06219f82, 0x89c38386, 0x239f9123, 0x53050000, 
    0x2c204784, 0x0c204786, 0xff484793, 0x83012009, 0x900c206b, 0xfe7a2647, 0x07a40554, 0x20c3828a, 0x23c38341, 0x6901920a, 0x2105ef42, 0x9b441802, 
    0xff7a2218, 0x203382ec, 0x82338546, 0x00e22257, 0x106744b3, 0x08212384, 0x22238869, 0x44b800fa, 0x478f1067, 0x1802e322, 0x8410b343, 0x6f45189f, 
    0x82082009, 0x10b34323, 0x06212384, 0x206b82a2, 0x060b4145, 0x8b44bb83, 0x216b840d, 0x8f888b08, 0x1001fe22, 0xb4258f90, 0xae040000, 0x20d78307, 
    0x21478577, 0x8f909401, 0xe8202383, 0x80202384, 0x93202386, 0xfe222391, 0x5f4a0454, 0x07012508, 0xad01e308, 0xb420b390, 0x07212383, 0x828f8247, 
    0x27002147, 0x01252385, 0x00ed0607, 0x204f82a2, 0x085e4412, 0x4403b121, 0xff2706e4, 0xff7400ff, 0x84ae04e6, 0x05d743c3, 0x1900f221, 0x8312afd9, 
    0x859f8423, 0x01e32223, 0x10174298, 0x7b827420, 0x8408e74a, 0x429a209f, 0x23841017, 0x9f844787, 0x2b842382, 0xdb424f83, 0x00622115, 0x2106ef45, 
    0x1b419b01, 0x909e2006, 0x4562207b, 0x238907ef, 0xb4247b90, 0x4005e8ff, 0xa8207b84, 0xe2214784, 0x46478600, 0x23840ac7, 0x02d70824, 0x23850126, 
    0xa300f422, 0x26102f44, 0x0554feb4, 0x88d20540, 0x85478223, 0x4702206b, 0x00230566, 0x8f00ffff, 0x93f62047, 0x8a8f8347, 0x98f8206b, 0x88692023, 
    0x93fa206b, 0x228f8e23, 0x910302e3, 0x222382fb, 0x82a206f6, 0x84a92047, 0x842394fb, 0x886f208f, 0x01fd226b, 0x20fb9013, 0x079f4734, 0x85c80121, 
    0xca012147, 0x34236b90, 0x42070000, 0xcb2005ef, 0xe2202384, 0x2006ef42, 0x0d2f4801, 0xe322238c, 0xd341f902, 0x236b8210, 0xd205ae07, 0x47858f82, 
    0x6b902382, 0x00003926, 0x46073c05, 0xd2202382, 0x00216b85, 0x0f03465d, 0x238f0020, 0xc201e322, 0x47826b91, 0x47843a20, 0x4786d820, 0x47905a20, 
    0x0520d782, 0xe322238b, 0x4791bf01, 0x0554fe23, 0x85b3843a, 0x90238247, 0x007a24b3, 0x848e0400, 0x45f0206b, 0x01210563, 0x2447908c, 0x0454fe7a, 
    0x8747848e, 0x91862023, 0x088f4747, 0x8f479720, 0x005c2418, 0x832b0300, 0xea00216b, 0xe2222384, 0xd79067ff, 0x08232384, 0x862602d7, 0xfff42223, 
    0x10f7416c, 0xe322478f, 0xb390cc00, 0x54fe5c24, 0xb3832b03, 0x23824786, 0x5a20b390, 0xe02d2382, 0x26021606, 0x0000fb01, 0x940a2700, 0x068f4200, 
    0x49350121, 0x2b8f109f, 0x87009222, 0xe320c384, 0xff232b93, 0x83e003e6, 0x2357847b, 0xd1e20806, 0xff235e82, 0x835a00ff, 0xf5062117, 0x06236f86, 
    0x8ad6fa08, 0x232f8817, 0x01e30807, 0x84057358, 0x6c042173, 0x01202f85, 0x97851783, 0x2a0bcb49, 0x04e8ff9e, 0x028c067e, 0x86420226, 0x00a8228f, 
    0x052b58ba, 0x35b0ba2c, 0xff00002b, 0xfe9e00ff, 0xc34f0454, 0x20238705, 0x10ab459b, 0x47826820, 0x83832e20, 0x824a0221, 0x206b8394, 0x833b846d, 
    0x84482017, 0x8655205f, 0x904e205f, 0x8268205f, 0x053b505f, 0x5b202387, 0x23825f91, 0x16064622, 0x6620a782, 0x27245f82, 0xb400920a, 0x63204f86, 
    0x83106b41, 0x84462073, 0x232b838b, 0xfee20806, 0xff223282, 0x178d00ff, 0x6320a383, 0x5b83a385, 0x856c0421, 0x8401205b, 0x267f9017, 0x02000014, 
    0x828407d6, 0x06b74123, 0x01a00029, 0xb10900b2, 0x19b80101, 0x2408d7a5, 0x0446fe68, 0x2077844a, 0x06034192, 0x5f836520, 0x00c4ff27, 0x071d0400, 
    0x203b8246, 0x21b3849e, 0x474afee2, 0x8e962011, 0x82e32023, 0x86742029, 0x4a74205f, 0x9e2006d7, 0x1d20a782, 0x47855f84, 0x6501e322, 0x20109342, 
    0x20378297, 0x2023845b, 0x238382b2, 0x01e30806, 0xff21fb84, 0x20bf82c5, 0x2417882d, 0xfee20807, 0x849b849c, 0x8f991917, 0xf4082309, 0x1783a1fe, 
    0xfe970024, 0x47890154, 0x82082621, 0x07012547, 0x0100e308, 0x840d1941, 0xfef52443, 0x8895014c, 0x0a26225b, 0x8484829b, 0xffff2779, 0x5efee6ff, 
    0x1b845a01, 0x8f85c720, 0x00200582, 0xb4241782, 0x3a025efe, 0x27271788, 0x28ff6b0b, 0x8201a1ff, 0x261f8235, 0x0101b109, 0x51a1ffb8, 0x54210a03, 
    0x085b5204, 0x01218583, 0x20f7904d, 0x30df829e, 0x00d205ce, 0x00e00226, 0x08070100, 0x023201cd, 0x053f4175, 0x41750221, 0x9520063f, 0x5920d382, 
    0x23857384, 0xffffe322, 0xff28478f, 0x0254fee3, 0x0247070d, 0x00224784, 0x23840827, 0x06070125, 0x4a0fffed, 0x7b8218af, 0x84640621, 0x41fe2057, 
    0x022205f7, 0x37430088, 0x64062306, 0x4b827204, 0x93821782, 0x8802e322, 0x00206f8f, 0x04213b82, 0x523b831c, 0x082305ef, 0x436501e3, 0x07530873, 
    0x41f38408, 0x682a11eb, 0x640454fe, 0x26021606, 0x13431603, 0x84be2006, 0x01e322fb, 0x1413436d, 0x2b84a384, 0xe2080622, 0x0b238419, 0x86f50621, 
    0x08062343, 0x2b430dfa, 0x432f8909, 0x73830acf, 0x856c0421, 0x8597842f, 0x0b53446b, 0x82229783, 0x23825605, 0x8f8c1a20, 0xff25238c, 0x076404e8, 
    0x20778817, 0x41f682fe, 0x5e200533, 0x21056b44, 0x4b414b03, 0x53012005, 0x00250627, 0x05d50200, 0x06ff53d2, 0x00228f82, 0x2f8300b3, 0x54fe9522, 
    0x20091754, 0x41178201, 0x002011d3, 0x05212384, 0x413b86d3, 0x062407d3, 0x00c2ed06, 0x4e052142, 0x4f840539, 0xe8ff6c26, 0x2207d303, 0x67202b82, 
    0xf1227f84, 0x178a8c01, 0x17881720, 0x8b00f222, 0x97841789, 0xe3222f85, 0x17853101, 0x5454fe21, 0x97830997, 0x41310121, 0x6c2010fb, 0x3b882383, 
    0x23839782, 0x7b822b85, 0x1b4d0920, 0x27e78208, 0xf2ffe2ff, 0xdc067502, 0x792b7f82, 0x07010000, 0xb9fee208, 0x82000a01, 0xb8022323, 0xdf420a01, 
    0x8e142006, 0x00e32223, 0x2023851e, 0x21238a01, 0x175554fe, 0x22478209, 0x908100e3, 0xff9e2497, 0x841d04f2, 0x82932097, 0x08062287, 0x820582e2, 
    0x84002083, 0x975b1917, 0xf4082209, 0x46188205, 0x1d22061f, 0x9b825e04, 0x53822f82, 0x2544e220, 0x4a012006, 0x3b8f0a43, 0x3b87f620, 0x538a6b83, 
    0x178bf820, 0x85f50621, 0x06002353, 0x6b96fa08, 0x6601e322, 0xfe25bf91, 0x05cc0454, 0x213b8256, 0x53510096, 0x83239205, 0xfb062177, 0xfd215f88, 
    0x20cb8575, 0x203b8236, 0x20cb8449, 0x203b86d4, 0x265f9047, 0x06000046, 0x82d20546, 0x82d8203b, 0x08072334, 0x035e00e2, 0x2c178f05, 0x004e02e3, 
    0x00ffff00, 0x0654fe46, 0x49538446, 0x02210647, 0x2253904e, 0x41000041, 0xe1200673, 0x06235382, 0x82d2e208, 0x8d3b8206, 0x08072417, 0x843701e3, 
    0xfe362453, 0x84490456, 0x85e62083, 0x85e3202f, 0x83178d2f, 0x8648202f, 0x0454212f, 0x2f82d785, 0x17820120, 0x90600221, 0x007e2483, 0x84ed0300, 
    0x06c74453, 0x235c0120, 0xfe7e2405, 0x84ed0354, 0x06c744bf, 0x902d0121, 0xfe682a3b, 0x06480454, 0x02260216, 0x24888223, 0x00940a27, 0x063f41e2, 
    0x8b446e20, 0x222b8e11, 0x99c00092, 0xe8ff212b, 0x8306fb45, 0x08062357, 0x9f440ae2, 0x06482209, 0x236f86f5, 0x0ffa0806, 0xc383178a, 0xe7828784, 
    0x476f0121, 0x482208e3, 0x2f856c04, 0x17830120, 0x93449785, 0xfe97240b, 0x835b0154, 0xb20221e7, 0xc7428f85, 0x0afb5207, 0x00009e26, 0x84078402, 
    0x88204782, 0x4e202386, 0x23100748, 0x02f8ff9e, 0x20058b46, 0x188b46ef, 0x54fe9e22, 0x2009ff58, 0x218f8201, 0x53413f00, 0xe3ff210f, 0x07212383, 
    0x826b8247, 0x27002347, 0x2383e308, 0x2a1d8b46, 0xf2ffc4ff, 0xdc065702, 0x52032602, 0xe22205fb, 0x27449bfe, 0x8e962010, 0x82e32023, 0x450a20a5, 
    0x4b440509, 0x599f8308, 0x9f840827, 0x53056749, 0x9e220b67, 0xb342ecff, 0x44b42006, 0x17820e27, 0x82630721, 0x44178583, 0xbb491127, 0x00e22205, 
    0x106b4e00, 0x3b8a5384, 0x8d092744, 0x09274453, 0x06211782, 0x446b88f5, 0x6b851127, 0x82132b49, 0x062744e3, 0x49060753, 0x8f84124f, 0x88fb0621, 
    0x0727445f, 0x5322cf54, 0x003323d3, 0x05ecff80, 0x0246077d, 0x00510426, 0x08070100, 0x529100e2, 0x39241027, 0x75070000, 0x30202384, 0x01212385, 
    0x10f74c7a, 0xecff7d24, 0x23837704, 0x85410521, 0x1d002123, 0xb3822390, 0x20060f53, 0x20238638, 0x522390a7, 0x6f20096f, 0xb7522386, 0x4e032005, 
    0x70200aef, 0x5e20b382, 0x49208f84, 0x6d202386, 0x34244790, 0xd3040000, 0xbd822384, 0x2620d784, 0x9e202390, 0xe6202382, 0x3d202384, 0x65204786, 
    0xb3822390, 0x075c062f, 0x04260046, 0x00000046, 0x04c50027, 0x212b85ea, 0x2b840901, 0xd74d978b, 0x131f4e0f, 0xf2ff642a, 0xd2054204, 0x85022602, 
    0x2005b342, 0x086745fb, 0x833a0621, 0xeb042117, 0x2a06d345, 0xff0000e1, 0xff5e00ff, 0x849803f3, 0x85ed2017, 0x829c202f, 0x20178206, 0x20bb829e, 
    0x2017841d, 0x0cfb42ee, 0xe8ff6824, 0x17836404, 0x85c30921, 0x85082017, 0x8264202f, 0x832a2017, 0x12052117, 0x830cdf45, 0x84012047, 0x85062017, 
    0x88f42017, 0x4605275f, 0x2600d205, 0x10820b05, 0xb2022723, 0x34188303, 0x00e20807, 0xff000090, 0x006200ff, 0x07fd0400, 0x04260246, 0x050f4128, 
    0x47190020, 0xff270ed7, 0xffc4ffff, 0x842c02f8, 0x859b20a3, 0x82fe20d3, 0x433b8207, 0x06211cb7, 0x08eb42f7, 0x82b2de21, 0x20478236, 0x20478276, 
    0x2017837a, 0x22478504, 0x834dfedf, 0xc9ff2183, 0x31221782, 0x83821f07, 0xe1221785, 0x178338ff, 0x5f840020, 0xdf20478a, 0x17904785, 0x17855f86, 
    0x03214783, 0x22a784b4, 0x849d00e1, 0x03b23647, 0x049c0176, 0x0807035e, 0x030000cd, 0xb1090076, 0x03b80100, 0x05174c76, 0x00010022, 0x01235682, 
    0x18e8009c, 0x2108437b, 0x7b185f01, 0x33281143, 0xb2153335, 0x00e8e8ea, 0xfe212f83, 0x212f84ef, 0x6f18000d, 0x13202257, 0x08576f18, 0x06141136, 
    0x2e1cb223, 0x6eea7a30, 0x61effe60, 0xe8273a4f, 0x8171f9fe, 0xff21aa82, 0x238385ff, 0x26021f04, 0x0120a383, 0x3720a985, 0x21054b45, 0x97493703, 
    0x83b22006, 0x20238477, 0x968682ce, 0x00002323, 0xcb823806, 0x00254784, 0x02cd0827, 0x8260824e, 0x9c04212b, 0x02220782, 0x3982a000, 0x1b778a20, 
    0xd7d51806, 0x02022a0e, 0x01055f03, 0x03570303, 0x4d5e184e, 0x13390812, 0x03033303, 0xbb153335, 0xce0dcc0c, 0x03df01ea, 0xfe0dfcf3, 0x00e8e821, 
    0x00520002, 0x05b10300, 0x001f00e6, 0x403d0023, 0x0001003a, 0x03010003, 0x03010680, 0x04030004, 0x3b77837e, 0x02020061, 0x04004d5c, 0x075f0504, 
    0x57050501, 0x20204e05, 0x23200000, 0x21222320, 0x292bd518, 0x01237e82, 0x1864357f, 0x221423d5, 0x1801ead4, 0x201b1dd5, 0x2aa9823f, 0x00ffff00, 
    0x014c02b2, 0x4234039c, 0x0221050b, 0x050b424c, 0x424c0221, 0x0221060b, 0x06634100, 0x000d002f, 0x40260011, 0x00050023, 0x04050104, 0x82d18267, 
    0x00652502, 0x5f020101, 0x3708ca82, 0x114e0257, 0x13112311, 0x1c0b0620, 0x2223012b, 0x33113526, 0x14152315, 0x11333316, 0x01333523, 0x6e601c9c, 
    0x2e307aea, 0xfeeaea1c, 0x017181ef, 0x3a27e807, 0xe8e7034f, 0x2108eb41, 0xa341ea03, 0x41072008, 0x9b8305a3, 0x01d90029, 0x02f8049c, 0x82cd0827, 
    0x42d92028, 0x04280505, 0xb1110010, 0xd9b00100, 0xb125a282, 0x04b80101, 0x09cf4e10, 0x01000023, 0x24478288, 0xeccd0806, 0x223f8200, 0x86effe9e, 
    0x85ce200f, 0x231f830f, 0x26001f04, 0x4d831f83, 0x03ecff22, 0x840f5342, 0x82238433, 0x26239733, 0x8801d900, 0x8200f804, 0xecff2197, 0xb1820b82, 
    0x9aecff21, 0x01b22697, 0x059c01b3, 0x82c785d2, 0x2b2f820b, 0xea040000, 0x00b11200, 0xb301b801, 0xea20c887, 0x2f08c885, 0x05290103, 0x062d040e, 
    0x000300f7, 0x000b0007, 0x00324035, 0x01010600, 0x67010003, 0x03070508, 0x5f020303, 0x02020104, 0x084e0356, 0x00040408, 0x2506767d, 0x07040704, 
    0x33820506, 0x0911032e, 0x012b170b, 0x05033313, 0x21153335, 0x02320382, 0x66c12266, 0x01c446fe, 0xd105c47c, 0xdafe2601, 0x0082c4c3, 0x00820020, 
    0x212a6b8f, 0x01001e40, 0x01020000, 0x62836700, 0x2305ff42, 0x114e0256, 0x10200083, 0x2605dc41, 0x23033303, 0x82053335, 0xf0022a03, 0xe1c1667d, 
    0x4002c4c4, 0x205885c4, 0x21568217, 0xbf87ffff, 0x08060223, 0x326383de, 0x0e059100, 0x1f07f902, 0x18001400, 0x48001c00, 0x83054540, 0x002e08cc, 
    0x00690103, 0x020a0204, 0x00040600, 0x0b090c6a, 0x06070703, 0x0601085f, 0x4e075606, 0x15151919, 0x1c190001, 0x1a1b1c19, 0x18151815, 0x61181617, 
    0x0d240d26, 0x012b160b, 0x13226118, 0xef820120, 0x03823320, 0x31500224, 0x61184c5c, 0xfd26102a, 0xc4e0c4f7, 0x61184b06, 0xfe200a2f, 0x20080b41, 
    0x21b78302, 0x0b449103, 0x40243006, 0x04030521, 0x00010103, 0x0001025f, 0x44015600, 0x6c871303, 0x82290121, 0x0e052156, 0x26055541, 0x05960001, 
    0x845a010e, 0x0bc71847, 0x21a3821a, 0x3383c496, 0x00000024, 0x3387ffff, 0x08060223, 0x2e0f84e3, 0x081805b2, 0x00000686, 0x00cd0827, 0x44180500, 
    0x078505b9, 0x059c0429, 0x08070118, 0x82ea06cd, 0xb124260f, 0x05b80100, 0x06434218, 0x02200885, 0x03201187, 0xff220886, 0x4f8200ff, 0x91380621, 
    0x8347834f, 0x1b00214f, 0x9f83479a, 0x58feb226, 0x40ff3806, 0xfe218f85, 0x218f8558, 0x3f8558fe, 0x3f840f82, 0x8658fe21, 0x82088587, 0x82088487, 
    0x085b413f, 0xe2080622, 0x0020ef8b, 0x0021ef84, 0x231f8303, 0xd2053505, 0x3306f342, 0x082c402f, 0x06030705, 0x00010105, 0x0202045f, 0x01560000, 
    0x411ced42, 0x332006f5, 0x01230782, 0x41e0c429, 0xc436088e, 0xffffffc4, 0x035dfee6, 0x02d20500, 0x00d00226, 0x08070000, 0x834800e3, 0x06734c05, 
    0x02260025, 0x8200b686, 0x00e321c9, 0x2611734c, 0x0154fe96, 0x8418ff5a, 0x4b63181d, 0x46ff2010, 0x002506a7, 0x080602e8, 0x42d783cd, 0xff270dfb, 
    0xfe2901ff, 0x84910354, 0x07954b3f, 0xbd4f0020, 0x288b8207, 0x042e0002, 0x07ea01d7, 0x28f78422, 0x17b04b53, 0x15405850, 0x2af58204, 0x02008601, 
    0x00030105, 0x82670302, 0x00562827, 0x1e401b4e, 0x82030000, 0x80012111, 0x01211f82, 0x23198284, 0x00570203, 0x2306a446, 0x594f0302, 0x114c8918, 
    0x2b170b31, 0x01331313, 0x15333503, 0xfef9c32e, 0x82c499eb, 0xfe29386d, 0xc48701d7, 0x000200c4, 0x02ec0464, 0x001707e6, 0x000c0008, 0x8301b55d, 
    0x854c2075, 0x00162382, 0x81820001, 0x0106032c, 0x04030004, 0x02020567, 0x83840000, 0x0a831f20, 0x15820420, 0x00800123, 0x26848201, 0x03040403, 
    0x7a030057, 0x592c0844, 0x09091340, 0x0c090000, 0x0a0b0c09, 0x28085882, 0x07121207, 0x012b180b, 0x15333717, 0x35032303, 0x15333537, 0x8e901501, 
    0xebabecb3, 0x0006c4dc, 0xfe09afaf, 0x090b01f5, 0x30908253, 0xffff0000, 0x60066400, 0x8b08e602, 0xf2080703, 0x05f15f00, 0x214b0020, 0x83002007, 
    0x052427ff, 0x078c030e, 0x1b450063, 0x40372205, 0x27258234, 0x01068500, 0x85010201, 0x442d1d45, 0x0f310829, 0xfec2c98c, 0xc4e0c482, 0x14014f06, 
    0xbffeecfe, 0x820082c4, 0x2401278b, 0x8c038206, 0x8b82d708, 0x8b87f420, 0xa9620320, 0x208b8406, 0x208b821e, 0x288b82a0, 0x000c0008, 0x403f0010, 
    0x0542413c, 0x02020731, 0x85000100, 0x01030100, 0x08060985, 0x45040403, 0x042d0647, 0x090d0d4e, 0x0d000009, 0x0f100d10, 0x0b23410e, 0x23410a20, 
    0x4213200b, 0x012106cc, 0x052741cf, 0x9a820620, 0x41630721, 0xfd210729, 0x839e84ab, 0x821e209f, 0x84a0209f, 0x94f6209f, 0x0d2b419f, 0x20074746, 
    0x2d474602, 0x13330322, 0x25082941, 0x8cc9c10a, 0x294186fe, 0x4100200f, 0xf8200d2b, 0x06218b99, 0x09d346f5, 0x01010622, 0x41056846, 0x15232ab5, 
    0x41033521, 0x0324061c, 0x20d6fd6e, 0xf5248983, 0x19fe8080, 0x89051241, 0x03692487, 0x91fa0807, 0xffff2987, 0x9d06b900, 0x6f082103, 0xfd201f82, 
    0x9d821f91, 0x2905b926, 0xfb062103, 0x5e2aa786, 0x5025b04b, 0x04184058, 0xa6840201, 0x8e430120, 0x5f012105, 0x0126bd82, 0x1b4e0056, 0x1a8b1e40, 
    0x0121d384, 0x22068257, 0x825f0001, 0x4f00245e, 0x471a4059, 0xd0821ba4, 0xd0862720, 0xfdfe0224, 0xd0821bd6, 0x8eb70524, 0x9f47808e, 0xd1002708, 
    0x39030605, 0x3b471707, 0x40472e06, 0x06010844, 0x030b090c, 0x07060307, 0x053e4767, 0x6600042d, 0x03010100, 0x03010561, 0x47015603, 0x6818423a, 
    0xfd211465, 0x209c83ff, 0x0a3a4706, 0x834d0121, 0xffff21a6, 0x0222a387, 0x83790806, 0xfd7a2205, 0x0b5b6b9a, 0x010f0928, 0xff0000fb, 0x178900ff, 
    0x00009724, 0x17880700, 0x2f82b420, 0x84081363, 0x84b62017, 0x6317822f, 0x17840907, 0x17876120, 0x84095b62, 0x05e37917, 0xfb602f83, 0x4d178408, 
    0x74220597, 0x5b6b9afd, 0x2077820b, 0x20478488, 0x5817829e, 0x2f8408ff, 0x17843b20, 0x9afd8d24, 0x5b6b6001, 0x0f092209, 0x22ae82ed, 0x8200ffff, 
    0x095b522f, 0x09060024, 0x17882d0f, 0x820b5b6b, 0x8753205f, 0x09435747, 0x47862f83, 0x9afd6c22, 0x8409c356, 0x841f2077, 0xfd14222f, 0x0943569a, 
    0x6f202f83, 0x5b6b5f88, 0x0f09220b, 0x23178251, 0xa0000100, 0x732fa782, 0x0d0061ff, 0xb04b6800, 0x40585010, 0x82020019, 0x01022816, 0x03000067, 
    0x82590003, 0x61032b25, 0x00030104, 0x4b1b5103, 0x208215b0, 0x18001321, 0x230ef57c, 0x1b4e015b, 0x5923369a, 0x820c4059, 0x157d1845, 0x09bd4d09, 
    0x06141535, 0x2a19a023, 0x63d36e2b, 0x589afd57, 0xd1233546, 0x847466ed, 0xfe8a2fc7, 0x007401ef, 0x080600e8, 0xff00d8ce, 0x0f8200ff, 0x82400321, 
    0x8326200f, 0x0700250f, 0xa401ce08, 0x03292785, 0x054003d9, 0x092600d2, 0x24648214, 0x01140907, 0x27178ccc, 0xffce0827, 0x01ea04d8, 0x2f4b3184, 
    0xea042107, 0x260e2f4b, 0x038a0001, 0x827401d9, 0x057f4e47, 0x02000125, 0x87630201, 0x560323fb, 0xc18c4e00, 0x2315012f, 0x15150622, 0x11231533, 
    0x01333634, 0x06804e74, 0x61d2052a, 0xe8273b4e, 0x81710701, 0x53838387, 0x83837b83, 0x8405174d, 0x204d827b, 0x31738b00, 0x1cb04b3b, 0x15405850, 
    0x01020200, 0x0101005f, 0x7b844d56, 0x0303002b, 0x1b4e0059, 0x03001240, 0x20028200, 0x2a1e8865, 0xb6594e02, 0x20131123, 0x4d1a0b04, 0x8c820e2a, 
    0x2106264d, 0x244dd903, 0xff002207, 0x41df83ff, 0x16200627, 0x07245a82, 0xcc011609, 0x02260782, 0x0000b400, 0xf782d804, 0x16000c2e, 0x2e403100, 
    0x05000200, 0x67050204, 0x00218382, 0x8220825f, 0x04042488, 0x4e065f03, 0x4e0805c2, 0x14160000, 0x0c000d0f, 0x11210b00, 0x190b0711, 0x2111332b, 
    0x21112115, 0x14150432, 0x21252304, 0x35363632, 0x21232634, 0xfd8b03b4, 0xf2700133, 0xfcfe0401, 0x0190fef2, 0x498c6570, 0x90fe98a2, 0xfea7d205, 
    0xc4c3e83b, 0x8150a5f7, 0x83986a47, 0x217f8297, 0x7f82540a, 0x54002622, 0x07256e82, 0xc605f001, 0x24178300, 0x05000014, 0x26178567, 0x0600001b, 
    0x82e2770b, 0x209d821e, 0x22af8278, 0x82b4059a, 0x00163f83, 0x22b04b56, 0x1e405850, 0x04000100, 0x67040105, 0x03020200, 0x0303005f, 0x01064d56, 
    0xbf840505, 0x4e005728, 0x001c401b, 0x66180003, 0x28840787, 0x59391e8b, 0x0d0d0e40, 0x150d160d, 0x24111122, 0x1b0b0720, 0x2221212b, 0x24343524, 
    0x08d88233, 0x03213533, 0x06222111, 0x16161415, 0xfd9a0433, 0xfbfef1d4, 0x01f10501, 0x034ffd56, 0xaafed687, 0x7e3a8599, 0xc2c4f766, 0xb19801ee, 
    0x1002f9fa, 0x7d476a96, 0x22a7824c, 0x9500ffff, 0x000132bf, 0x04ecff7a, 0x00e60574, 0x404e002e, 0x0501074b, 0x75861804, 0x05072e0a, 0x06070506, 
    0x00040080, 0x05040705, 0x2bc98269, 0x01006101, 0x004d5c01, 0x61000606, 0x0805f718, 0x282a2b2e, 0x1f202226, 0x1417191d, 0x000e1013, 0x0a07f918, 
    0x18343521, 0x2907e384, 0x16323336, 0x2e231716, 0xbd842302, 0x15333322, 0x4d080886, 0x33373632, 0x7602020e, 0x9f84e692, 0x6c85728e, 0xd9838bc9, 
    0x03b70484, 0x794c8555, 0x7982a491, 0xb7b4a679, 0x08b3808c, 0xe38405c0, 0x7ac06f14, 0x0c17c18d, 0x6a7eb022, 0xb26470b6, 0x37664975, 0x8b736f86, 
    0x747999a5, 0x766a7b90, 0xeb8564b2, 0x00007a34, 0xd205f104, 0x0f040600, 0x020000f4, 0xecff8000, 0xe3827e05, 0x21001927, 0x3b403e00, 0x534a1900, 
    0x20d78616, 0xddf71807, 0x1a1b3b09, 0x0d0e1113, 0x0506090b, 0x19011900, 0x2b160b08, 0x02242205, 0x26213535, 0xbf822602, 0x23075508, 0x33243636, 
    0x15120432, 0x13040214, 0x33021e21, 0xf2023632, 0xa5e4feb1, 0x7e014504, 0xd49d83d5, 0xaa1bc42f, 0xc09d0201, 0xa0a82801, 0xfcffdbfe, 0xc5740382, 
    0x14f5ae7c, 0xb9100195, 0x0501bda3, 0x9192a587, 0xfeba7bdb, 0xfeebeda9, 0x5b02baa9, 0xdb68c083, 0x24058b43, 0x0548fe62, 0x34c38206, 0x403b0022, 
    0x03011538, 0x020f1604, 0x4c020302, 0x00030200, 0x29d28203, 0x03010000, 0x007e0100, 0xf9180303, 0x01350756, 0x00610501, 0x05610505, 0x22112a4e, 
    0x06102326, 0x372b1c0b, 0x18948433, 0x29076861, 0x35213501, 0x15011521, 0xb2841616, 0x22234108, 0xc2622624, 0x68b17007, 0x7c63b57d, 0x01748fdb, 
    0x04ddfcec, 0xa5f5fd28, 0xfe968ffd, 0xfea1b3f4, 0x64439ffa, 0xcc775598, 0x73d28f7f, 0x0cf8019b, 0xe1fd8bab, 0xfea0070e, 0xfeb4aff2, 0xe481a1e7, 
    0x84056f41, 0x8a0725ab, 0x20092602, 0x07249682, 0x1501930a, 0x230d2363, 0x74000100, 0x1820cf82, 0x4228cf84, 0x010e3f40, 0x01140203, 0x4c290482, 
    0x04060107, 0x05060405, 0x24228280, 0x04010604, 0x2bd08269, 0x02005f02, 0x004d5602, 0x61000505, 0x61226082, 0x05824e00, 0x22002229, 0x13112326, 
    0x82082316, 0x062523d6, 0xbc820406, 0x34350226, 0x35373612, 0x1520d582, 0x2322d583, 0x19430622, 0x32440805, 0x05373636, 0xfea10818, 0xfeb2a1fb, 
    0xfd9096f3, 0x04f5fda4, 0x01dbfc2a, 0xdc8f71eb, 0x7bb6637d, 0x076fb16a, 0x80e59643, 0xb41901a1, 0x9f0f01af, 0x1f020e07, 0xfe0cab8b, 0xd2739b08, 
    0x77cc7f8f, 0x00649855, 0x82359082, 0x92044cfe, 0x2900e605, 0x1f402200, 0x171f2027, 0x01060001, 0x05464c49, 0x02000023, 0x31a68261, 0x234e005c, 
    0x0b032712, 0x35132b19, 0x35362436, 0x85822634, 0x8c181520, 0x16230adb, 0x82141516, 0x860720ad, 0x2763081d, 0xe5df0406, 0x95a43c01, 0xd8a3888a, 
    0x95e98401, 0x5082e291, 0x8d5d5449, 0xcda6feff, 0xad4601e6, 0xfe792f27, 0x9c5101b8, 0x8acc9d45, 0x66818f84, 0x6364b57c, 0xb86789bf, 0x91be3650, 
    0x75affdb1, 0x8d2eac29, 0x825eb8ea, 0x00875926, 0x00ffff00, 0x06ecffb4, 0x00d20503, 0x00c50026, 0x01070000, 0x8726020a, 0x63082117, 0x01211783, 
    0x20178519, 0x050b7b04, 0x0000b424, 0x17872404, 0x0a070127, 0xfdce0191, 0x058354c8, 0x54c8fd21, 0x53820683, 0x84e40921, 0x852c2023, 0x0706213b, 
    0x24080782, 0xfe7a0002, 0x0544065e, 0x001500e6, 0x4b810024, 0x585019b0, 0x01140e40, 0x1d1e0205, 0x05030405, 0x4c020504, 0x2010841b, 0x20108903, 
    0x28268559, 0x0505001c, 0x03066102, 0x06215402, 0x00610126, 0x4d5d0101, 0x5b2b5582, 0x401b4e00, 0x03010620, 0x844d5603, 0x07445424, 0x5928228c, 
    0x00001040, 0x191b2022, 0x152d7b82, 0x07112527, 0x012b190b, 0x07112311, 0x06084211, 0x34355f08, 0x32332412, 0x01251716, 0x33121415, 0x11373632, 
    0x22232626, 0x44061102, 0xfe438fd0, 0xfec4a6ef, 0x019a95e8, 0xd679c91f, 0xfb0e014b, 0x5bd3d3ad, 0x9a2b2e97, 0x05d7d357, 0x068cf8d2, 0xfafb35a2, 
    0x01aa7366, 0xdb84d73a, 0x47a73901, 0x53fd6f3c, 0xeafef97e, 0xd2033135, 0xf4fe3632, 0x4757fffe, 0x05c82408, 0x692602d2, 0x0b2c056b, 0x00ce0072, 
    0xb1080012, 0x12b00101, 0x0805e752, 0x34000220, 0xe3050000, 0x0d00d205, 0x30001600, 0x010d2d40, 0x01000102, 0x0501004c, 0x01030401, 0xf1826704, 
    0x0323e782, 0x54600203, 0x0e300561, 0x0e160e0e, 0x21242315, 0x1a0b0612, 0x1327132b, 0x2008bd46, 0x4e561921, 0x9dd12d09, 0x015b01fc, 0x0f01e762, 
    0xfde8f2fe, 0x07505619, 0x57b60334, 0xb4fdc501, 0xf8d3ccef, 0x65fd7a05, 0x88a0c6fd, 0x5f82937f, 0x74000138, 0xa104ecff, 0x1f00e605, 0xb04b6400, 
    0xb3585019, 0x4a010115, 0x0582b51b, 0x4c010422, 0x29069141, 0x03030017, 0x01046101, 0x8f820101, 0x00020224, 0xf6440561, 0x401b2205, 0x05ef471b, 
    0x04030325, 0x18040061, 0x860725fa, 0x40593a1d, 0x19000111, 0x0b101317, 0x00050609, 0x061f011f, 0x052b160b, 0x35262622, 0xc4a81811, 0x346b0808, 
    0x06222326, 0x36363507, 0x15163233, 0x06061411, 0xf2978a02, 0x92aed68d, 0x4d53ac91, 0x1a0e2b0d, 0xb9892143, 0x6e14f494, 0xf803a5db, 0x9ca608fc, 
    0xa902a69c, 0x04024e62, 0xb80a08a7, 0xa457fdab, 0x02006edc, 0x99fe6e00, 0x38066005, 0x19001000, 0x3a403d00, 0x0500010e, 0x01074c01, 0x86040104, 
    0x00000500, 0x67000501, 0x47060600, 0x8748065e, 0x01572307, 0x9e83004e, 0x36821120, 0x11210f3e, 0x0b081111, 0x01012b1a, 0x11231121, 0x32211533, 
    0x06141504, 0x01150107, 0x35363221, 0x3308a582, 0xfd790421, 0xdad6fef9, 0xfa1201da, 0x87960901, 0xe8fb2002, 0x97961201, 0xeefea18c, 0xd00399fe, 
    0x380697fd, 0x8cd5e166, 0x12fc33cc, 0x977b040a, 0x0091786f, 0x01390082, 0xecffa600, 0xd2059d06, 0x66002800, 0x5019b04b, 0x1e0a4058, 0x23010201, 
    0x21868201, 0x0c871b4c, 0x02020622, 0x38076b41, 0x02030515, 0x4d560101, 0x02020104, 0x06076100, 0x5d000002, 0x401b4e00, 0x82178619, 0x875720c8, 
    0x0585411c, 0x0b405932, 0x24131123, 0x22142416, 0x2b1e0b08, 0x23060625, 0x25086441, 0x36323316, 0x71413736, 0x250c8306, 0x11331137, 0x22842723, 
    0x64033108, 0x6c7fac30, 0x35d057a0, 0x6e562e54, 0xce030e3e, 0x792f5637, 0xc3ce177b, 0x6a993206, 0x59ada36c, 0xacca5768, 0xe7fb1904, 0x3b307e73, 
    0x2b28355e, 0x78370b86, 0xfa6c0456, 0x4942772e, 0x00020057, 0x045efe72, 0x00e605a4, 0x871e0011, 0x010c2ee1, 0x1e000301, 0x01030e12, 0x1b4c0203, 
    0x200e8340, 0x420e8702, 0x12270651, 0x00030300, 0x82020461, 0x4d5c2add, 0x5b010100, 0x401b4e01, 0x21f38316, 0x1a844d56, 0x00000022, 0x59261887, 
    0x00000d40, 0x61821a1c, 0x231a1136, 0x2b180b05, 0x36361501, 0x12043233, 0x02141515, 0x11070402, 0x3e22fd82, 0x4e453503, 0x073a0805, 0x84344a01, 
    0x0901b155, 0xfee78093, 0xd8d8bac7, 0x4d9ef3a5, 0x8266b6be, 0x26d20527, 0xfe891f1b, 0xb534d5e9, 0xfafebdfe, 0xfffe29b7, 0x3efa7407, 0xfae0ac2d, 
    0xd9ea387a, 0xaf41393f, 0xfe782405, 0x829b0460, 0x00142ecf, 0x0d0a4051, 0x08030101, 0x02010201, 0x05bb414c, 0xaa821620, 0x04610322, 0x22058044, 
    0x44570202, 0x1a200894, 0xb982b482, 0x43010121, 0x1c870907, 0x82b75921, 0x1023289f, 0x2b1b0b05, 0x42112301, 0xb28205f0, 0xc4843320, 0x16162408, 
    0xd29b0415, 0x9b56a1b0, 0x42cece41, 0xf18a5ea5, 0x0560fe95, 0x2897a69d, 0x0512fb24, 0x2d233cd2, 0x82a3d96d, 0x00022698, 0x04ecff52, 0x089782bd, 
    0x3b002d21, 0x3e404100, 0x00020827, 0x02101f01, 0x4c020004, 0x07000106, 0x00050401, 0x01036904, 0x455c0101, 0x2a08081a, 0x304e025d, 0x3700022e, 
    0x303b2e34, 0x1925263b, 0x00090a16, 0x082d022d, 0x012b160b, 0x36363233, 0x27263435, 0x15021e35, 0x46070614, 0x23280579, 0x26262223, 0x37363435, 
    0x36220584, 0x23471537, 0x49172005, 0x3382067e, 0x5d083282, 0x5b277402, 0x5c5d5a96, 0x6e6ab571, 0x926c5d5c, 0x9c189dfa, 0x5d6c93fa, 0xb56b6e5b, 
    0x5b5a5e6f, 0x99187897, 0x1899b9b9, 0x03baba99, 0x62611f85, 0xa416665f, 0x7ea65605, 0x372b9e7e, 0xcb9a7db6, 0x99ca6565, 0x2a38b67e, 0xa67e7e9f, 
    0x17a40556, 0x61625d67, 0x928cb31f, 0x93858591, 0xeb828c90, 0x58000126, 0x00040000, 0x1e2deb82, 0x35403800, 0x0004011b, 0x02004c01, 0x86ed1801, 
    0x0105210e, 0x5f2a2582, 0x57040400, 0x00024e04, 0x7d491c1d, 0x1e002405, 0x88061e02, 0x20ae82e0, 0x20bc8226, 0x07634707, 0x3608ea82, 0x23110706, 
    0x31e10111, 0x2f2f796f, 0x7d6d6f79, 0x6f04ca06, 0xdba782c4, 0x7ea7536d, 0x68ca01da, 0x58945ba6, 0x66816ca7, 0x976cba75, 0x7f9491f7, 0xfe1a9bdd, 
    0x84ca01de, 0x006e2d97, 0x05620500, 0x000600d2, 0x011e4021, 0x97829082, 0x5601012b, 0x0202034d, 0x00570000, 0x875b184e, 0x0b230808, 0x01212b18, 
    0x33012301, 0xfe770401, 0xed75fe6f, 0x02c11902, 0xfbb5041a, 0xfad2054b, 0xff00002e, 0x82b400ff, 0x47b2204b, 0x19220a73, 0x63848e01, 0xecff5a33, 
    0xb3050204, 0x1a002200, 0x13141740, 0x4a010301, 0x206a8200, 0x2d1c8261, 0x1d4e005d, 0x0b02271b, 0x37012b17, 0xcb82021e, 0x2e222332, 0x34353502, 
    0x37363612, 0x11020617, 0x16161415, 0x0805a341, 0x2902263d, 0x69ba793d, 0xb278e3eb, 0x8c3a3a76, 0xf120bdf6, 0x43794cd7, 0x794c867b, 0x1fa82903, 
    0xd684d895, 0xc9a462ff, 0x01a13966, 0x229be219, 0xc5fe31ac, 0x7e8200ff, 0x889659ad, 0x825b996f, 0x0002266a, 0x05ecff6c, 0x319f8279, 0x001f0013, 
    0x0139403c, 0x12000201, 0x02020501, 0x654d004c, 0x066a2d05, 0x00000203, 0x01074d56, 0x61010404, 0x1805f679, 0x2b0d11b2, 0x08122326, 0x092b190b, 
    0x06013302, 0x28059244, 0x33363634, 0x01171632, 0x05534501, 0x82062221, 0x013808b1, 0x01890197, 0x93fdee6b, 0x6071b223, 0x9d5d5d9d, 0x25583160, 
    0x1f0133fe, 0x3e59593e, 0x05595941, 0x03ecfcd2, 0x6603fb14, 0x609d5c83, 0x185e9c5f, 0xfa620316, 0x514e51d4, 0x4e200082, 0x20060750, 0x26ab82b4, 
    0x00e6050c, 0x43980029, 0x103205a7, 0x03072021, 0x01130501, 0x01120403, 0x4c030302, 0x128c401b, 0x12820620, 0x30068944, 0x05010026, 0x04010504, 
    0x03040080, 0x7e030405, 0x06494a00, 0x004d5c31, 0x62020303, 0x02020607, 0x4e025d02, 0x982a401b, 0x82072028, 0x855720df, 0x8400202e, 0x4059362c, 
    0x0000000f, 0x24290029, 0x13252526, 0x1c0b0823, 0x1011332b, 0x43fb8412, 0x22230669, 0x41372726, 0x570806ad, 0x2323022e, 0x26260135, 0x06062223, 
    0xebb41115, 0x6afca1e4, 0xf3dbb4fe, 0x4693e381, 0x2b3c478e, 0x9a8c466f, 0x19676f4f, 0x2f260191, 0x7a6f5b7e, 0x01dd0330, 0x83070102, 0x0e4ffe5f, 
    0xc48dc0e2, 0xa51b1866, 0x80941f12, 0x0b316f64, 0x218d019f, 0x5ca1653c, 0xff0023fc, 0x2605976c, 0x026c0448, 0x82230206, 0x0002328f, 0x04e8ff9e, 
    0x006c047e, 0x00240016, 0x040ab68d, 0x20f88202, 0x0518514c, 0xf7821920, 0x0361023d, 0x59020201, 0x0401074d, 0x01610004, 0x00000206, 0x1b4e0060, 
    0x5024b04b, 0x8a1d4058, 0x01002320, 0x25865701, 0x85010621, 0x21402124, 0x5921fa82, 0x2624824d, 0x03006103, 0x914d5f03, 0x59593823, 0x17181740, 
    0x1e200001, 0x24182417, 0x08090e10, 0x16000607, 0x48081601, 0x272f0616, 0x11231523, 0x3e331533, 0x16323302, 0x19141512, 0x081000ed, 0x826ba641, 
    0xb2101346, 0x43130fb3, 0xd68c6c80, 0xa8d5797a, 0x47488e69, 0xa09a6b8d, 0x5e4818a2, 0x5e04ad1f, 0x475c1eb3, 0xb1fdfe8c, 0x8efcfeb2, 0x75bf71a1, 
    0xe46dbb75, 0x00eabbb9, 0xff720002, 0x825b05ec, 0x002f27fb, 0x4031003a, 0xe9820d2e, 0x15270029, 0x0504070e, 0x474c0202, 0x0120056c, 0xb882cb82, 
    0x84050521, 0x035d2ec2, 0x2b2d274e, 0x06232425, 0x132b1c0b, 0x05ba4227, 0x07200585, 0x2205ac41, 0x43171607, 0x87080686, 0x36343526, 0x37363736, 
    0x022e2726, 0x01062223, 0x14150606, 0x36163316, 0x7ef03435, 0x6e588c32, 0xa151509e, 0x348a586f, 0x203b1c80, 0x4656442b, 0x451e0405, 0x7f839032, 
    0x1e473293, 0x100d0404, 0x30454731, 0xd8013a22, 0x251e231f, 0x54031d27, 0xa35c3c80, 0x5ba38888, 0x2b24803d, 0x087a8433, 0x928a3508, 0x7d7d6741, 
    0x8b914167, 0x19080737, 0x336f591c, 0x3f26fe2c, 0x29192363, 0x3a182b01, 0x5e000100, 0xf90346fe, 0x212cdf82, 0x38403b00, 0x01050400, 0x80010405, 
    0x05231782, 0x417e0001, 0x06200995, 0x023ce282, 0x02020061, 0x014e0261, 0x16181a00, 0x09101215, 0x00030407, 0x07210121, 0x012b160b, 0x2605624f, 
    0x26262223, 0x84341135, 0x171622ed, 0x08ee8523, 0x14111546, 0x44021616, 0xc4068b60, 0x75c47903, 0x6a69d7a6, 0xc282a4d8, 0x06c4036e, 0x796e6c7f, 
    0xfe792e2f, 0x605372ec, 0xf69566a5, 0x92ea0192, 0xb36996f7, 0x71895e71, 0x16fe5bad, 0x0070ad5a, 0x46000200, 0x140488fe, 0x1e2aa382, 0x56003100, 
    0x00011eb5, 0x58470101, 0x001d2506, 0x03010304, 0x0321b183, 0x219f8403, 0x1c824d5f, 0x4b600021, 0x1a2007f4, 0xc0821f88, 0x64000122, 0x07f3b418, 
    0x4e035f3b, 0x2f0a4059, 0x2b23252d, 0x0b051011, 0x21012b19, 0x022e2135, 0x35022627, 0x2cbe8635, 0x06141515, 0x06060706, 0x17161623, 0x06104603, 
    0x14820620, 0x17165b08, 0x36323316, 0xfd890336, 0x0cb90134, 0xa2215145, 0x99d973cb, 0x6b74db9a, 0x0c1189c6, 0x46bc560c, 0x647c3a44, 0x6d3b7b61, 
    0x67342146, 0x88fe3f83, 0x4a4211a1, 0x1301891b, 0xfda614a9, 0xa5fc8e8f, 0x85cb7a14, 0x4f020212, 0x230351a6, 0x68b37114, 0x1472b367, 0x0c2daf75, 
    0xeb82a061, 0xecff5a24, 0xeb82ff03, 0x1e001639, 0x3d404000, 0x01020203, 0x074c0102, 0x02000501, 0x67020501, 0x43040400, 0x00220928, 0xca490661, 
    0x17172f05, 0x1e170001, 0x191b1d17, 0x090a0d0f, 0x1e430507, 0x44202008, 0x3728062d, 0x12103521, 0x12163233, 0x2b08d584, 0x23262613, 0x15070622, 
    0xf0fe0502, 0x94387c8e, 0x069e8950, 0xd0ec2efd, 0x7d7adc93, 0x851089e3, 0x0b836a72, 0x4a63d314, 0x5b9dbc46, 0x243e7d82, 0xacfefe90, 0x86f2a228, 
    0xa692a202, 0x00109296, 0xffffff00, 0x022bfee6, 0x023306cc, 0x23440606, 0x682e0805, 0xfe035efe, 0x1b003306, 0x84002800, 0x01121140, 0x1a1c0203, 
    0x04040b19, 0x00011b01, 0x4b4c0304, 0x58500ab0, 0x01001b40, 0x01030403, 0xe9828004, 0x02010329, 0x04006903, 0x41620004, 0x514406ad, 0x881d2005, 
    0x06d24122, 0x8b4d5e21, 0x2c429c24, 0x2db75959, 0x22242434, 0x2b1b0b05, 0x27998205, 0x34352622, 0x17323336, 0x0db6c318, 0x01071725, 0x43072626, 
    0x4608056b, 0x02353632, 0x778c1fb5, 0x7ca3a289, 0xa3ac4b49, 0x18254926, 0x9d1d4c11, 0xd6fe71e7, 0x2e2f4d1f, 0x36333f31, 0x674bf052, 0x92787692, 
    0xb072041c, 0x9b080cbd, 0xfbc30404, 0x0177e816, 0x081d1a27, 0x312a3f07, 0x82484b40, 0x2fd182c1, 0x035dfe72, 0x001606ee, 0x0027001b, 0x160e4067, 
    0x0e37eb82, 0x0f030101, 0x03010201, 0x20b04b4c, 0x1e405850, 0x00040106, 0x82040103, 0x063046f9, 0x012cde82, 0x00610201, 0x025b0202, 0x1c401b4e, 
    0x05244a82, 0x69050004, 0x1e892889, 0x0f405933, 0x21231c1d, 0x271d271c, 0x23262424, 0x2b1a0b07, 0x07ae4213, 0x16141126, 0x15373233, 0x1126f585, 
    0x26222306, 0x2f470526, 0x5d72360a, 0x9d5f609d, 0x1f41455e, 0x1c451623, 0x48429190, 0x015d9d60, 0x062d475a, 0x60bd043b, 0x9d5c5c9d, 0x6400fb60, 
    0x08a40a52, 0x03acb408, 0x9e5e1dc3, 0x4e514f3e, 0x20028251, 0x2d94824f, 0x6400ffff, 0x4204f2ff, 0x06027604, 0x10828502, 0x0f820220, 0xee05e839, 
    0x28006c04, 0x46003100, 0x292a4340, 0x0e141525, 0x0905070d, 0x821d0103, 0x4c022ae2, 0x04000300, 0x69040305, 0x20c28600, 0x0570515f, 0x3a06fc45, 
    0x2c2e0001, 0x181a1f21, 0x090b1012, 0x28012800, 0x2b160b07, 0x022e2205, 0x42253535, 0x272e05a0, 0x32333636, 0x1e371704, 0x36323302, 0xda841737, 
    0x07272628, 0x13060206, 0xed821605, 0x36366a08, 0x594b0235, 0x03548dad, 0x87b51522, 0xae208e63, 0xd1aced27, 0xc1230d01, 0x30331b0d, 0x1a0a2d1a, 
    0x5223411c, 0x420f2d5c, 0xaae07d03, 0x971393fd, 0x4c906582, 0xd6833b18, 0x92790f9b, 0x3056569b, 0xc8ee9d7f, 0x4e87561d, 0x0d78040e, 0x45794b13, 
    0x00ffa80a, 0x5d1e0291, 0x9f63a081, 0xff00005b, 0xfe7d00ff, 0x047c0478, 0xb729195e, 0x371f8715, 0x27021606, 0x00004b05, 0x07018cfe, 0xd200930a, 
    0x09000000, 0xb80100b1, 0x08df2919, 0x47820220, 0x045d2b08, 0x005e0485, 0x00340026, 0x19534056, 0x1a040301, 0x03020213, 0x06020c21, 0x22232405, 
    0x04060003, 0x0302004c, 0x01020301, 0x71530080, 0x4d592306, 0x71530100, 0x55572005, 0x0739050f, 0x5b000001, 0x00014e00, 0x2a2c3133, 0x14161718, 
    0x06081012, 0x26012600, 0x06d76108, 0x3634352f, 0x16163233, 0x35361717, 0x23232634, 0x078d5335, 0x15021e2a, 0x07170714, 0x37060627, 0x08a0ab18, 
    0x33166508, 0x1c023632, 0xa872bd70, 0x7ea06093, 0xb215182e, 0x72018d8d, 0x760383fd, 0xc1816dfe, 0x647b416c, 0x8bc7477b, 0x65a33b22, 0x794c564c, 
    0xfe7d5445, 0x638b495d, 0x543c9577, 0x38371426, 0x01989f77, 0x8aa70cb8, 0x090c23fe, 0x7970b572, 0x6579656f, 0x1cf94e3f, 0x2e3b5931, 0x2e21402f, 
    0x7a000100, 0x790478fe, 0x2025f382, 0x0a407800, 0x21d9820a, 0x04820110, 0xb04b4c27, 0x40585027, 0x53f08226, 0xf4821495, 0x00050523, 0x22ea8661, 
    0x9023401b, 0x82052028, 0x0522081b, 0x03006500, 0x005f0203, 0x03590202, 0x1540594e, 0x1c1d0001, 0x1113181a, 0x0b0c0d0e, 0x20000708, 0x13412001, 
    0x11c1530a, 0x4508fb82, 0x020e3337, 0xe8977d02, 0x82d07884, 0x7c036ffe, 0x710187fd, 0x4ba68679, 0xb28188ba, 0x8c08c20b, 0x7178fee0, 0xc57b7fc6, 
    0x010c0677, 0x0ca78bdc, 0x539848fe, 0x8a875088, 0xb17c6e77, 0x0100005f, 0x44fe5e00, 0xdf82fb03, 0x3b002930, 0x01023840, 0x03270005, 0x02050402, 
    0x0482004c, 0x02040524, 0x13820080, 0x7e010223, 0x82ce8200, 0x8200202f, 0x20ff82d8, 0x3bb68261, 0x124e0361, 0x2e13232a, 0x1c0b0610, 0x1521132b, 
    0x15161601, 0x0e070614, 0x16141502, 0x362d9882, 0x06143337, 0x26222306, 0x37363435, 0x07c94136, 0x92214808, 0x7bfe6903, 0xb9d4a38c, 0x72266762, 
    0x4c713d61, 0xc867cd04, 0xc9e7c192, 0x5f617fcd, 0x7501b36b, 0x5e04c6fd, 0x16aafe80, 0x8c8c6d98, 0x41381528, 0x234f4622, 0xa45a4a56, 0x8191b469, 
    0x421a2b9f, 0x82403844, 0x82004a01, 0x00013300, 0x0500009e, 0x00d20581, 0x4036002a, 0x02191a33, 0x944c0402, 0x0a614606, 0x0002023d, 0x0001055f, 
    0x4e005700, 0x1c1e0001, 0x070a1517, 0x2a000405, 0x0b062901, 0x82212b16, 0x3311269e, 0x21331411, 0x21a18232, 0x6c182727, 0x1720083a, 0x8205e648, 
    0x171722ca, 0x08d68204, 0x02230656, 0xb4beb410, 0x75c001b4, 0x98baa48b, 0x77bb6c94, 0xa326bfad, 0x646c6b17, 0xa9625a85, 0xc76f2a01, 0x04b4be83, 
    0xb480fb60, 0x276d4558, 0x7691242c, 0x97539360, 0x623c2a76, 0x453e465c, 0xe2462817, 0x00529362, 0x94000200, 0xc2030000, 0x0700ae05, 0x6c000f00, 
    0x3e053d5a, 0x04010624, 0x04050305, 0x01088003, 0x00010003, 0x00670103, 0x5f070505, 0x07070109, 0x85024d56, 0x401b22bc, 0x82268822, 0x05002518, 
    0x67050704, 0x24862f88, 0x18405930, 0x00000808, 0x0f080f08, 0x0b0c0d0e, 0x6682090a, 0x11110724, 0x06540a11, 0x11212406, 0x82011123, 0x27078303, 
    0xfe9dc203, 0x2e039d0c, 0x27080583, 0xbafd4602, 0x38fec801, 0x68034602, 0xc401befd, 0x42023cfe, 0x6800ffff, 0x4a0446fe, 0x06026c04, 0x00009202, 
    0x5e000100, 0xf920bb82, 0x085c9b4e, 0x6e759c30, 0x7a30317b, 0x09895e70, 0xc27905c3, 0x6ad8a772, 0xda84ac54, 0xab702702, 0xac5a2f5a, 0x6155706f, 
    0xf59565a5, 0xe1822f91, 0x77fe1799, 0x978c2702, 0x79002528, 0x030124b5, 0xa9470104, 0x292c0806, 0x04050600, 0x80040605, 0x03030400, 0x08097004, 
    0x01020302, 0x00030100, 0x05050068, 0x07006107, 0x004d5c07, 0x01570101, 0x2a401b4e, 0x05232b8a, 0x9a7e0304, 0x4059222c, 0x27768211, 0x23250025, 
    0x11212712, 0x0a320082, 0x012b1e0b, 0x23152315, 0x33352335, 0x36323335, 0x7d4f3536, 0x03152714, 0xdbdad146, 0xe39376db, 0xa2330126, 0xf4a29191, 
    0x562fe793, 0x00010000, 0x03ecff78, 0x003f05e4, 0x425f0026, 0x002e0635, 0x85020102, 0x07000600, 0x80070600, 0x24820104, 0x01035f26, 0x4d590101, 
    0x0521d782, 0x21e18262, 0xd782055d, 0x268c2220, 0x01010322, 0x06232982, 0x8a670001, 0x40592524, 0x2a13230b, 0x1122c782, 0xc9830817, 0x032e3423, 
    0x23c98335, 0x33113311, 0x1423d582, 0x4315031e, 0x262105ca, 0x05265935, 0x13033e08, 0x4a6d6c4a, 0xc5d2bfbf, 0x6c6c4ac5, 0x7fbf6b4a, 0xcf67c993, 
    0x376f4b03, 0x21017068, 0x4e3e4a3b, 0x9990647b, 0xfbfe0501, 0x564b8b99, 0x5a6a423c, 0x68539460, 0x564a5ba5, 0xff005324, 0x074742ff, 0x09260223, 
    0x26b5824f, 0x006b0b07, 0x57e7fd6d, 0xe723065b, 0x822b35b0, 0x5e002114, 0xf937ef82, 0x1d00d205, 0x35403800, 0x01000104, 0x03004c01, 0x03000400, 
    0x84058004, 0x057d55eb, 0x0204043d, 0x02020061, 0x014e025d, 0x12141600, 0x030c0e11, 0x011d0002, 0x160b061d, 0x8223012b, 0x021e22c1, 0x21bd8715, 
    0x70473327, 0x35340806, 0x02262634, 0x7fd25f11, 0xd86a51a5, 0x6ec07fa7, 0x7c08c305, 0x307b6f6c, 0xdf037b30, 0xa8fef301, 0x7fdf9c1a, 0x96f7905d, 
    0x5c6fb369, 0x58ad7289, 0x70ad5c5d, 0x260cff42, 0x01314034, 0x82030401, 0x02012693, 0x03010203, 0x32838280, 0x00006100, 0x004d5c00, 0x5f040303, 
    0x04040105, 0x824e0457, 0x001e2e10, 0x1322191e, 0x1a0b0629, 0x2e11212b, 0x089a4b02, 0x2a08594c, 0x021e1415, 0x01113317, 0x82a780d6, 0x0b544c8d, 
    0x5b2d0f3e, 0x8701934c, 0x80e09a19, 0x95f59131, 0x5e71b367, 0x58ac7187, 0x72742d31, 0xd9fd0c54, 0x93825c82, 0x4cfe8630, 0x6c04d503, 0x22001e00, 
    0x181d1f40, 0x7b591217, 0x5f5c0811, 0x12224e00, 0x190b0325, 0x2435372b, 0x23343524, 0x23150622, 0x32333634, 0x07141516, 0x00101516, 0x36243505, 
    0x06273435, 0x010201dd, 0x7762c412, 0xb7c6e9ce, 0xfe8c78d5, 0x0187fe81, 0xc23bfe2a, 0xda3f99ce, 0x5666b98e, 0x9cb7c0a1, 0xdd69849c, 0xd0fefcfe, 
    0xd944a133, 0x844b82b5, 0x220b474b, 0x41230626, 0xff2305cf, 0x415cfd73, 0x5c2006cf, 0x3106cf41, 0x0400009e, 0x005e0418, 0x402d000c, 0x0301052a, 
    0x65180100, 0x062708c7, 0x01010205, 0x19044d59, 0x0808ac12, 0x0c000c35, 0x11121111, 0x1b0b0711, 0x3311012b, 0x01013301, 0x11230123, 0x52011123, 
    0xdb8f015c, 0xd90121fe, 0x4d6dfee0, 0xfe5e04b4, 0xfdf00110, 0x01d5fdcd, 0x8212feee, 0x01002d5c, 0xe8ff3600, 0xea050905, 0x61002700, 0x22058b4b, 
    0x82202712, 0x0e0f29e3, 0x0206070d, 0x010d0001, 0x1b267882, 0x20271540, 0x13871015, 0x00020c24, 0x7c820116, 0x85594c21, 0x000c2531, 0x4d5c0000, 
    0x01269382, 0x1b4e0160, 0x0e841040, 0x02020026, 0x01004d57, 0x593c1283, 0x292d1ab5, 0x2b190b03, 0x26373501, 0x27070726, 0x32333636, 0x15371716, 
    0x16160107, 0x10cc5319, 0x2701233d, 0x268a1001, 0x2e123f5d, 0x5e294a11, 0x8dc83490, 0x722d5c01, 0x102e1255, 0x19732d47, 0x3f09d053, 0x0bad01c5, 
    0x34983904, 0x040e1234, 0x500d089c, 0x359b4c56, 0x38766ffc, 0x079b0413, 0x01887b0e, 0x08d85319, 0x68042d08, 0x0001001c, 0x0444feb4, 0x00d205ad, 
    0x40470021, 0x05010444, 0x02051c01, 0x01110504, 0x01100603, 0x4c040302, 0x06050400, 0x80060405, 0x5626bc82, 0x0505004d, 0xbc825f01, 0x004d5924, 
    0xae510606, 0x06084f05, 0x2422112d, 0x10112925, 0x2b1d0b07, 0x5c113313, 0x2f4305f3, 0x08a45106, 0x08068349, 0xb423114a, 0xfe2703b5, 0x82eac66d, 
    0xc17596e5, 0x802c8344, 0xb1b18b4f, 0x71018f8c, 0x05b5d4fd, 0x8a8cfed2, 0x150c23fe, 0xd991c2ed, 0x813d4879, 0x93ab332c, 0x0198a290, 0x4dfc0cb8, 
    0x46000200, 0xd5045efe, 0x15006c04, 0x8d002400, 0x33055651, 0x05011411, 0x04191a02, 0x05040403, 0x04010105, 0x401b4c03, 0x03201383, 0x5920138c, 
    0x250b8351, 0x02020306, 0x78535f02, 0x0885560a, 0x01062124, 0xdf820303, 0x02050522, 0x2392da83, 0x1440592c, 0x00001617, 0x24161c1e, 0x87822417, 
    0x25271524, 0x18470811, 0x11072b06, 0x22230606, 0x35352626, 0xcc411234, 0x5b012005, 0x6808071b, 0x15150606, 0xd5041614, 0xb63d78ce, 0x6cd69d77, 
    0x60a5d96a, 0xfdcc3aa0, 0x1f442efa, 0x6b304a1d, 0x04953077, 0x0400fa5e, 0x7efd45f6, 0xf7965849, 0x01a02890, 0x383e9902, 0x1834fc68, 0x16d90214, 
    0x6ab87319, 0x00c7b028, 0x6e000200, 0x1b06ecff, 0x17006c04, 0x43003000, 0x010c4040, 0x4c010504, 0x04030500, 0x80040503, 0x4abf8208, 0x34080531, 
    0x01064d5f, 0x62010404, 0x01010102, 0x194e015d, 0x2a000118, 0x21242528, 0x1930181f, 0x0b0d0f30, 0x01170009, 0x160b0917, 0x0432012b, 0x14151616, 
    0x2223020e, 0x28be8227, 0x3435022e, 0x17243636, 0x08de5d22, 0x33353523, 0x06f34417, 0x26345308, 0xc5450326, 0x50ad1401, 0x6f9a5e2b, 0xef5555ef, 
    0x2b5e9b6f, 0x1501ad50, 0x5fe2c4c5, 0x524f5c26, 0x0101cd7b, 0x5c505378, 0x04e15f26, 0xe3b56a6c, 0x99b65a79, 0x5ce8e85c, 0x795ab699, 0xa66ab5e3, 
    0x5683d37b, 0xb3956aa3, 0x98b0bcbc, 0x8356a36a, 0xa7457bd3, 0x2cd38208, 0x40300021, 0x0203002d, 0x00030200, 0x2c188280, 0x7e010002, 0x04020200, 
    0x04040061, 0x08024c5f, 0x4e055d27, 0x27122327, 0x05344a22, 0x560b8f45, 0x60080faa, 0x26262223, 0x8908c35e, 0x31776968, 0x75697934, 0x05c30877, 
    0xa285c16b, 0xd66e6bd8, 0x74c57e9b, 0x74555b01, 0x365aac71, 0x9272b362, 0x6cc07d71, 0x3698fd98, 0x6696f790, 0x000300a8, 0x0474fe97, 0x00d20585, 
    0x001b0013, 0x40370023, 0x1520210d, 0x070e1114, 0x00010804, 0xb04b4c01, 0x4058502e, 0x0518430b, 0x21067e59, 0x1982000b, 0x12838620, 0x594e003f, 
    0x021519b4, 0x132b180b, 0x37123435, 0x16113311, 0x14151512, 0x23110702, 0x01022611, 0x05db4711, 0x15014c08, 0x11171614, 0xd4980606, 0xd4bccebb, 
    0xbacebcd4, 0x605e02d6, 0x13fe6060, 0x605f5f60, 0xdb182002, 0x01232d01, 0x2291fe6f, 0x18dbd2fe, 0x22d3fedc, 0x81017ffe, 0x022c0123, 0x26f1fc6f, 
    0x861889cd, 0x18abfecf, 0x0326cd88, 0x82cf270e, 0x00013476, 0x02ecff66, 0x00000680, 0x40670011, 0x0201070b, 0x820c0100, 0x6b022004, 0x11250693, 
    0x56010100, 0x5428824d, 0x572305a7, 0x551b4e02, 0x172005ed, 0x13861882, 0x40211e8d, 0x089f7115, 0x03351883, 0x03030061, 0x594e035d, 0x1123b659, 
    0x0b042313, 0x35172b1a, 0x0e155b16, 0x1a664708, 0x7459192a, 0x05cbd21e, 0x14537a28, 0x04c00636, 0x043f4a06, 0x7200fac7, 0x000a483e, 0xfe260002, 
    0x0679045e, 0x00270014, 0x40d60030, 0x0301091a, 0x00010a02, 0x0a012803, 0x06011d07, 0x0501170a, 0x04011606, 0xb4820605, 0x58501c25, 0x6c003340, 
    0xd41806b3, 0x093f09dd, 0x01070701, 0x0101085f, 0x004d5901, 0x62060a0a, 0x5d060600, 0x0505004d, 0x04006104, 0x83045b04, 0x822020d6, 0x8731203a, 
    0x822a823a, 0x010a2333, 0x44896707, 0x40213895, 0x266e882f, 0x00030002, 0x8a690302, 0x3d6a933b, 0x10405959, 0x292a2d2f, 0x23251311, 0x11233325, 
    0x1f0b0b10, 0x1133132b, 0x36343533, 0x014c3233, 0x14112d07, 0x27222306, 0x32331637, 0x06353536, 0x262a0b82, 0x35231135, 0x23030133, 0x14831411, 
    0xd2e55608, 0x3eaac4d2, 0x36140944, 0xc463531a, 0x08413faa, 0x6156382b, 0x98294e1f, 0x01bfbf77, 0x33d201a5, 0x0534163e, 0x6dfbfe3f, 0xa60ebbb2, 
    0x5f620305, 0xbab122fb, 0x640aa60e, 0x0906325d, 0x720295ae, 0x0269fc99, 0x558efdfe, 0x00000640, 0xff140001, 0x056c02f2, 0x05d745e0, 0x011a2908, 
    0x011b0506, 0x010a0604, 0x010b0001, 0x4c040102, 0x05060600, 0x05050061, 0x01034d5c, 0x5f040000, 0x04020708, 0x004d5904, 0x32069c50, 0x004e025d, 
    0x00210000, 0x11232421, 0x11252313, 0x4a1d0b09, 0xac840599, 0x88173721, 0x08e385bf, 0x26261536, 0x15152223, 0x0ae65602, 0x28244e48, 0x874b3524, 
    0x9aa8a8a9, 0x0f24448e, 0x04a20c1f, 0xfd4e925e, 0x085157c2, 0x80a0149a, 0x8392ba02, 0x9509837c, 0x83650202, 0x3505f743, 0x04fd03ee, 0x0023003a, 
    0x080c4060, 0x18030601, 0x05030117, 0xfb410206, 0x001e2906, 0x05060003, 0x02690603, 0x8207ac49, 0x06e641a4, 0x4e045d26, 0x001c401b, 0x0020cf82, 
    0x6720c482, 0x05422987, 0x2a1e8207, 0x240a4059, 0x11232527, 0x83071211, 0x13272cc0, 0x15213523, 0x36360721, 0x46163637, 0x2e28059d, 0x16373502, 
    0x36323316, 0x0805fa5c, 0xb4860159, 0x6803a632, 0x221e01fe, 0xc9b83978, 0x479abe57, 0xc84d7d95, 0x775f7e01, 0x526e6f6b, 0x0ed7015f, 0xb1b1a401, 
    0x022417e8, 0x69b3c905, 0x502865ab, 0x4f10527b, 0x5e5b765c, 0x00003b74, 0x36000200, 0x24050000, 0x0e005e04, 0x33001700, 0x010e3040, 0x01010001, 
    0x60020104, 0xc3820c92, 0x92600320, 0x0f0f2708, 0x160f170f, 0x92602523, 0x609e850c, 0x2a080a93, 0x01ee8cc2, 0xc6250142, 0x84b65fd3, 0x01b427fe, 
    0x80806325, 0x4c720263, 0x6ffea001, 0xa4659bc8, 0xfe040461, 0x6980fe22, 0x846d5753, 0x00143487, 0x05940500, 0x00210068, 0xb6750033, 0x08021011, 
    0x474c0101, 0x1f310502, 0x03020300, 0x02060785, 0x5f020101, 0x02020405, 0x248f8202, 0x60000808, 0x07224e09, 0x03002725, 0x42850305, 0x5f240723, 
    0x0101074d, 0x04212a82, 0x3a298f01, 0x01194059, 0x23262900, 0x0e131522, 0x090a0b0c, 0x05060708, 0x01210004, 0x4f0b0a20, 0x232a0614, 0x33113335, 
    0x33362111, 0x0b4f1632, 0x8316200b, 0x012325df, 0x16141121, 0x2005334f, 0x05344f26, 0xef015408, 0xa7a7aa8a, 0x3efe01b4, 0x26c2aa43, 0x6f6916a4, 
    0x605d8663, 0xe09595a8, 0xfe95fecb, 0x014d47f1, 0x4e867ad7, 0x8f9dbb56, 0xa30282a0, 0xfe0a0199, 0x7a950ef6, 0x5c653928, 0x164a4046, 0x768d2226, 
    0xc503af97, 0x5e558bfd, 0x46384658, 0x9c232913, 0x82005772, 0x00023b00, 0x04ecff54, 0x001406ba, 0x003b002d, 0x260c4069, 0x01000207, 0x04020f1e, 
    0x8d540200, 0x5e1b2006, 0x5e220d02, 0x0248004d, 0x025d2b06, 0x1b401b4e, 0x00010103, 0x23898501, 0x59251d8a, 0x2e301740, 0x06235e01, 0x1824252e, 
    0x00080915, 0x082c012d, 0x012b160b, 0x202a225e, 0x0e235e33, 0x599a5608, 0x5c5f5d98, 0x736ab370, 0x9271605e, 0x9b189cf9, 0x607092fa, 0xb56a725e, 
    0x5c605b6e, 0x18205998, 0x9abbbb9a, 0xbebd9818, 0x6e2a7b03, 0x23746b65, 0xb562049a, 0x2ea78181, 0x9a80b636, 0xcb6464cc, 0x36b78199, 0x8281a72e, 
    0x9a0461b5, 0x646b7423, 0x90a62b6e, 0x36008291, 0x008e9093, 0x00030000, 0x06ecff66, 0x00d205d7, 0x002f001f, 0x468f003f, 0x13350509, 0x0702171a, 
    0x29383903, 0x07060428, 0x0002070a, 0x1b4c0306, 0x20158f40, 0x20158201, 0x08308559, 0x04001f22, 0x084d5604, 0x03070701, 0x03010561, 0x094d5f03, 
    0x00060601, 0x02010261, 0x005d0000, 0x23401b4e, 0x00232190, 0x88570101, 0x29258426, 0x3d0e4059, 0x2725273b, 0x02821222, 0x0b0a2425, 0x43012b1f, 
    0x272305a1, 0x49272315, 0x36270753, 0x17323336, 0x82113311, 0x16162506, 0x16141505, 0x28057846, 0x22232626, 0x35050606, 0x21088436, 0x16841107, 
    0x06367508, 0x89c56bd7, 0x09bf6aad, 0xc588b66c, 0x88c3696a, 0x6cd06cb1, 0x69c288b1, 0x76355ffa, 0x23755a64, 0x64557623, 0xce043678, 0x64783601, 
    0x24247554, 0x76635974, 0x14340234, 0x7991ffa4, 0x91847065, 0xac14a4ff, 0x017b8dff, 0x7a20fee1, 0x14acff8d, 0x5668b26e, 0x43f70147, 0x83b36a51, 
    0x6ab36f14, 0x01fe414f, 0xb2685445, 0x03000000, 0x60fe6600, 0x6c04d706, 0x20064b41, 0x05694399, 0x0e111325, 0x41010702, 0x1e21064b, 0x074b4101, 
    0x02201583, 0x5920158d, 0x202b3085, 0x07070108, 0x02036101, 0x41010102, 0x04340747, 0x5d000001, 0x05010a4d, 0x4e055b05, 0x0024401b, 0x4d590202, 
    0x01202786, 0x592c2696, 0x00001640, 0x34363b3d, 0x24262b2d, 0x1f2a9382, 0x27122227, 0x1b0b0b22, 0x0e57012b, 0x063f4e05, 0x33371729, 0x32333617, 
    0x41151616, 0x1121066c, 0x1e554101, 0x6b370323, 0x054e41af, 0x0a6cb830, 0xb86d0bac, 0x6b69c288, 0x6aad89c5, 0x55412ffd, 0x60fe241a, 0x417a0602, 
    0x842f0650, 0x8d847676, 0xa414acff, 0xfd7991ff, 0x41d403fb, 0x28081b57, 0x008c0001, 0x04cd0300, 0x0016006c, 0x09314034, 0x01020101, 0x0401054c, 
    0x04030203, 0x03008002, 0x00610003, 0x4d5f0000, 0x80ab1800, 0x00162c0c, 0x16212416, 0x1a0b0622, 0x4e34132b, 0x0624059f, 0x11231107, 0x0808e645, 
    0xee8c1523, 0x8adbbdbb, 0x735ed0a2, 0x676e5e5d, 0xcebd0270, 0x93ced8e1, 0xb6fe1acf, 0x7089c301, 0x7a8f9872, 0x06477e00, 0x5e041f26, 0xe6040602, 
    0x27546582, 0x05612a05, 0x000d00d2, 0x0c344037, 0x24868201, 0x02050001, 0x08b7624c, 0x04005f2b, 0x064d5904, 0x00050501, 0x0649535f, 0x0d2f3782, 
    0x11110d00, 0x07111211, 0x252b1b0b, 0x65352115, 0x2408051e, 0x01152111, 0x9bfc6105, 0xeafc6c02, 0x0104b4b4, 0xa6a696fd, 0xfc230395, 0xfed20548, 
    0xd5fc8d8c, 0x00020000, 0x35fb8226, 0x00b20576, 0x0019000c, 0x090e4078, 0x02030104, 0x0e111600, 0x75820703, 0x34054359, 0x02010322, 0x02000500, 
    0x090b8005, 0x07050306, 0x7e070500, 0x2127820a, 0x92430000, 0x07572505, 0x1d401b4e, 0x02221184, 0x2c828500, 0x85020522, 0x05252985, 0x07010885, 
    0x321f8207, 0x0d1b4059, 0x0d00000d, 0x18190d19, 0x13141517, 0x820f1012, 0x120c3171, 0x0c121211, 0x1b2b1a0b, 0x13133302, 0x03230333, 0x0b8b0282, 
    0x7651c62d, 0x9e4f7a82, 0x7c7883ab, 0x8ba0ab83, 0x0527080c, 0x017efeb2, 0x017ffe82, 0x01b6fd81, 0x0275fe8b, 0xfe96fc4a, 0xfe7f0181, 0xfd7e0182, 
    0xfe8c01b8, 0x00480274, 0x83010000, 0xbf0231df, 0x13001606, 0x0a405600, 0x0304010b, 0x0402010c, 0x2c078f45, 0x0201051a, 0x00010106, 0x00670102, 
    0x05e85b04, 0x824d5e21, 0x00572136, 0x1828d182, 0x04000300, 0x69040302, 0x002c248a, 0x4e005700, 0x110a4059, 0x11222411, 0x26058a4e, 0x23112321, 
    0x46363335, 0x2208067d, 0x33072223, 0x9f012315, 0x11aba8d1, 0x441f9dbe, 0x362a0b1f, 0xe0da1c93, 0x959a4904, 0xa606089e, 0x829a8708, 0xffff2e5f, 
    0xe8ff4600, 0xd2052204, 0x72040600, 0x82a783de, 0x1e0421ad, 0x133e0f82, 0x2c402f00, 0x0307090a, 0x02020405, 0x00050100, 0x06010867, 0x034d5606, 
    0x57010101, 0x3c824e01, 0x13001323, 0x25008711, 0x2b1f0b0b, 0x81821501, 0x03841120, 0x73333521, 0x043106a4, 0xbdb5e71e, 0xb6c7c7b6, 0x3205b5bd, 
    0x0470fba2, 0x21038390, 0x0082a0a2, 0x00010031, 0x04ecff5a, 0x00190601, 0x401a001f, 0x62111217, 0x1b210ebb, 0x11bb6219, 0x25001022, 0x210db962, 
    0xb8622802, 0x76b12f06, 0x0120013a, 0xf8d34833, 0x7a43794c, 0xb7629f86, 0xc821080a, 0x3e013967, 0x9898e901, 0xfe77fe6c, 0xae7e42cf, 0xa48a9559, 
    0x000200b5, 0x044cfe62, 0x005e04c0, 0x05b36213, 0xb3620220, 0x05e06015, 0x00610126, 0x01610101, 0x0ec5d418, 0x1323262a, 0x2b190b08, 0x13171301, 
    0x220db562, 0x49130117, 0x35080767, 0x01161415, 0xfa10e5ea, 0x274dfee7, 0x9e5f85a4, 0x5f9e5f5e, 0xc0fe3e44, 0x58583fc0, 0x5959413f, 0x22fd5e04, 
    0xfa19033b, 0x5d8e74f0, 0x9c5f5f9d, 0x7a031a5e, 0xb162a8fa, 0x00012509, 0x03ecff5e, 0x4e05ab5f, 0x076a872f, 0x9a3b0805, 0x3b006c04, 0x2b402e00, 
    0x02020104, 0x01056101, 0x4d5f0101, 0x00000106, 0x03006103, 0x4e035d03, 0x2d2e0001, 0x1d1f2b2c, 0x0e0f1011, 0x3b013b00, 0x2b160b07, 0x023e3225, 
    0x822e3435, 0x023e3003, 0x06221533, 0x1e141506, 0x0e141502, 0x85222302, 0x34352614, 0x35232626, 0x83148532, 0x0224081c, 0x427d6687, 0x27322718, 
    0x798a4112, 0x272f4017, 0x752f2734, 0xcd9d9ecd, 0x34283075, 0x18403028, 0x12418a79, 0x41081482, 0x927e4318, 0x2a635b3a, 0x696c7545, 0x4f511b38, 
    0x2c0da536, 0x655e362f, 0x934a5a81, 0x7a494979, 0x815a4993, 0x2f365e65, 0x36a50d2c, 0x381b5050, 0x45756c69, 0x3a5a642a, 0x01000000, 0xecff8800, 
    0xcf82d603, 0x70002222, 0x2c059e46, 0x01010c0a, 0x00010b02, 0x1b4c0201, 0x200c8340, 0x460c8504, 0x172506bd, 0x02010100, 0x22f88361, 0x8a054d5f, 
    0x401b23f2, 0x5d4c001b, 0x391d8d0b, 0x01114059, 0x191d1e00, 0x090e1017, 0x01220007, 0x160b0622, 0x3632252b, 0xe9673536, 0x05175306, 0x6905db6a, 
    0x38080a96, 0x613f2d02, 0x1c2c2c37, 0x30192436, 0x59623b7a, 0x7ebf6c19, 0xce6cbe7b, 0x30986139, 0x7b01737e, 0x080a3b44, 0x5c1d0f9f, 0x83fe4c8e, 
    0x5e5ecba4, 0xa502a4cb, 0x7e735bfd, 0x26db8230, 0xfeb80002, 0x825a0460, 0x00102bdb, 0xb743001d, 0x030c111d, 0x204b0301, 0x00112607, 0x61000303, 
    0x05ca6202, 0x2406d94f, 0x02020015, 0x08576959, 0x824d5f21, 0x015b2eea, 0x29b6594e, 0x04221911, 0x012b1a0b, 0x07474736, 0x07040229, 0x33112315, 
    0x57023e13, 0x330808bd, 0x98378001, 0x61bd8a63, 0xe0bcfeae, 0x9612bed0, 0x7b3b84e8, 0x23725562, 0x443fe903, 0x30a5fa8b, 0xa9fefec7, 0xfe05fe42, 
    0x8529a4fb, 0x673095cd, 0x3d4d69ae, 0x2c05ff45, 0x5e042304, 0x0f000700, 0x29402c00, 0x05c5670c, 0x02000426, 0x68020401, 0x5924c582, 0x0203054d, 
    0x21067a44, 0x26820809, 0x11074308, 0x0b061111, 0x01332b19, 0x03230133, 0x21130321, 0x06272627, 0x01260706, 0x9201e08b, 0x4ffe65c3, 0x4c019361, 
    0x20412b3c, 0x5e041634, 0x2101a2fb, 0xb601dffe, 0x78f37bab, 0x010042b4, 0x00009e00, 0x6f821704, 0x27000b24, 0x5f822440, 0x00020324, 0x55556703, 
    0x000b2210, 0x2a66820b, 0x0b071111, 0x11012b1b, 0x5a331121, 0x012e0608, 0xb4110252, 0xb4effdb4, 0x33fe5e04, 0x5d82cd01, 0x15feeb22, 0x57844d82, 
    0x828b0521, 0x831e2009, 0x111a2257, 0x30578206, 0x01014c01, 0x4d590000, 0x03030405, 0x02570202, 0x366e824e, 0x181e001e, 0x06111811, 0x332b1a0b, 
    0x16132111, 0x36361716, 0x82211337, 0x3634225e, 0x08c58237, 0x03230346, 0x16272626, 0x9e111516, 0x28ff0e01, 0x3011132f, 0x1201fc27, 0x1b0103b5, 
    0x9ef42f3a, 0x1a3a2df7, 0x5e040302, 0x9a6096fd, 0x619c474a, 0xa2fb6a02, 0xbe5f4802, 0x6fac6563, 0x4802b8fd, 0x575fa66a, 0xb8fd5abe, 0xeb826982, 
    0x00001424, 0x9382a603, 0x21000724, 0x5c4e1e40, 0x0104250a, 0x03570303, 0x07228e83, 0xe7820700, 0x190b0539, 0x2111212b, 0x21152135, 0xfe840111, 
    0xfe920390, 0xa1bd0392, 0x8343fca1, 0x00023b47, 0x034cfe6e, 0x00880145, 0x001f0018, 0x163e4041, 0x15000301, 0x02030201, 0xdf82064c, 0x2e08e882, 
    0x02006903, 0x02050400, 0x05006704, 0x59050101, 0x01050500, 0x05010061, 0x00015101, 0x191a1d1f, 0x0e0f1113, 0x1800080a, 0x0c071801, 0x49012b16, 
    0x2624098a, 0x21353526, 0x0805d04a, 0x3636274d, 0x14152101, 0x01323316, 0x64af72c0, 0x765ba96e, 0x1a02509f, 0x4652710d, 0x27762258, 0xfe42019c, 
    0x9b5852a2, 0xad638801, 0xb8832070, 0x71b36861, 0x42605662, 0x5c396c27, 0x4c0918fe, 0xffff0063, 0xf3ffa000, 0xd205ad01, 0x6e050602, 0xc02d05b3, 
    0x62010000, 0x0300d005, 0x16401900, 0x05966e02, 0x80690020, 0x00033406, 0x0b031103, 0x11012b17, 0x62011123, 0xfad005a2, 0x82d00530, 0x00882443, 
    0x823a0200, 0x09262b33, 0x0000c875, 0x00750907, 0x5b8200d8, 0x89b4ff21, 0x00e42b17, 0x6b0b2700, 0x140128ff, 0x07830701, 0x0026ff32, 0x0101b112, 
    0xb01401b8, 0x02b12b35, 0x26ffb801, 0x00370882, 0x006c0001, 0x05050900, 0x001300b2, 0x10094047, 0x0401040b, 0x4d010002, 0x1032068a, 0x03010506, 
    0x4d560000, 0x02020304, 0x4e025702, 0x1286401b, 0x875f0221, 0x40593512, 0x0000000e, 0x14130013, 0x12121114, 0x2b1b0b07, 0x33130101, 0x03270282, 
    0x01073723, 0x83352303, 0x01133e04, 0x6b5c02d0, 0x6c5b02d3, 0x01d58cd4, 0x6aaafd06, 0xa8fd04d4, 0x058cda69, 0x04a3fbb2, 0x2903835d, 0x05054efa, 
    0xa9fb5704, 0x05830404, 0x3f089082, 0x62000200, 0x37038c02, 0x0e00ac05, 0x3b001700, 0x01083840, 0x4c010205, 0x02010103, 0x02008501, 0x04050107, 
    0x00670502, 0x60000404, 0x00000106, 0x0f4e007b, 0x0f00010f, 0x12160f17, 0x05060710, 0x0038a082, 0x080e010e, 0x012b160d, 0x11331121, 0x03331317, 
    0x14151616, 0x15010606, 0x3306804a, 0x99fec901, 0xd5a5a0bb, 0x4a4642bd, 0x8df1fe8c, 0x4a434b53, 0x203d7282, 0x0101f5fe, 0x23cdfe0c, 0x7946477a, 
    0xdd7a014a, 0x402d3040, 0x00010000, 0x02490162, 0x088f8285, 0x64001b26, 0x01071340, 0x17010002, 0x0f000401, 0x10040201, 0x04020301, 0x25b04b4c, 
    0x1a405850, 0x03040200, 0x80030204, 0x03283182, 0x00650301, 0x61040000, 0x8125a682, 0x401b4e04, 0x201c8c20, 0x391b8357, 0x69040002, 0x03010100, 
    0x01030061, 0xb7595103, 0x13232424, 0x1b0d0523, 0xd053132b, 0x16142109, 0x08094763, 0x2306352f, 0x17622622, 0x3f301c33, 0x1621bb12, 0x49281e2c, 
    0x41446027, 0x02271661, 0x0d0abd86, 0x2f02252c, 0x1f2897fc, 0x0a07ae0c, 0x61a96d80, 0x82638204, 0x828c2089, 0x071131d8, 0x001e000e, 0x1912405b, 
    0x1a040501, 0x01050001, 0x1020c382, 0xba830482, 0xba821820, 0x2b821920, 0x00010224, 0xbb516902, 0x4d7e2707, 0x01010103, 0xb982017b, 0x04001728, 
    0x04000500, 0x23876905, 0x59231986, 0x82250940, 0x231325b0, 0x2b1c0d06, 0x2205ce6e, 0x6e111516, 0x3b080a1d, 0x32333634, 0x26151716, 0x01222326, 
    0x41672345, 0x48bb8b76, 0x1245343e, 0x276040b9, 0x2b0a254c, 0x14063514, 0x903d36cd, 0x0104fea2, 0x365468d7, 0x03d1fd2e, 0x0b826d93, 0x0602aa08, 
    0x002d6b82, 0x02420001, 0x05e6017e, 0x001100ac, 0x0e4b5568, 0xb4822420, 0x20093255, 0x09325581, 0x4e028123, 0x058e411b, 0x82001521, 0x005f24e0, 
    0x557b0202, 0x81210837, 0x20cf8203, 0x225b8212, 0x18030003, 0x2208f646, 0x554e027b, 0x0d21074c, 0x0b7b411a, 0x2d066270, 0x1c321842, 0xb9124132, 
    0x5c201d8d, 0x6b411439, 0x292f2905, 0xe0fc2802, 0x04453c73, 0x012e4c82, 0x0000b400, 0xd2053f04, 0x1f000500, 0x11821c40, 0x035f0227, 0x20020201, 
    0x2281824d, 0x824e0121, 0x00053810, 0x04111105, 0x012b1807, 0x23112115, 0xfd3f0411, 0xd205be33, 0x82d5faa7, 0x05476d34, 0x073f0431, 0x0926028a, 
    0x0100007d, 0x01ea0607, 0x18740185, 0x220edf56, 0x83c0feb4, 0x2b238563, 0x460b0700, 0x0000d300, 0xf9ffffff, 0x17867b85, 0x720b0623, 0x856f82c7, 
    0x27052153, 0x04215383, 0x20538633, 0x295391b6, 0x3e050000, 0x0602d205, 0x4b830e04, 0xae20c784, 0x01210f83, 0x2a0f8477, 0x05ecff7a, 0x02e60568, 
    0x74490006, 0x06220c0f, 0x0f849b01, 0x7b823420, 0x6384d320, 0x63833920, 0x00940a23, 0x826390fe, 0x3c052119, 0xd2205384, 0x23052b41, 0x7806ecff, 
    0x2b08f682, 0x40270021, 0x05011c24, 0x044c0101, 0x00000202, 0x01034d20, 0x61050101, 0x05050106, 0x244e0526, 0x13231324, 0x07071123, 0x11132b1d, 
    0x8b086a73, 0x06062508, 0x27262223, 0x20080584, 0x5786beb4, 0x7bbe8366, 0xbe8d5e5e, 0x6677c072, 0xaa37339f, 0x01e9b267, 0xfb400492, 0x7c7c7ec0, 
    0x2f078b7e, 0x475dbc8d, 0xd2464948, 0x1600ffff, 0x1a050000, 0x26358b82, 0x00504604, 0x720b0701, 0xb201e4ff, 0x02b10900, 0xb201b801, 0x05bf5eb0, 
    0xecffb42a, 0xe6053607, 0x90002a00, 0x35056e51, 0x0a090032, 0x07090a07, 0x00020080, 0x01020001, 0x020b0c80, 0x09820407, 0x6700072f, 0x060a0a00, 
    0x06010861, 0x004d2006, 0x06cd7f01, 0x4e032625, 0x9b3a401b, 0x2c2e8434, 0x61080a0a, 0x25080800, 0x0505004d, 0x223d8521, 0x82030300, 0x40593b3c, 
    0x00000016, 0x272a002a, 0x23222325, 0x13111111, 0x11231323, 0x2b1f070d, 0x82791501, 0x37363605, 0x23020e17, 0x27022422, 0x11231123, 0x36331133, 
    0x32332412, 0x07f05316, 0x07065008, 0xc9fd3c05, 0x7dce820c, 0x157aab61, 0xfbaa1cbd, 0xe0feb697, 0xbeda0daf, 0xb111dcbe, 0x95b21c01, 0xbd1cacfb, 
    0x7a92e920, 0x031083c9, 0xe6a9a648, 0x668c4777, 0x74da9803, 0xd73701a8, 0xd2055efd, 0x01d076fd, 0xd973a22c, 0xa198039a, 0x82a1dc71, 0x00023f8e, 
    0x05000034, 0x00d20551, 0x0014000b, 0x112d4030, 0x01000601, 0x0406004c, 0x06010201, 0x22826802, 0x074d202e, 0x01030305, 0x4e012101, 0x0c0d0000, 
    0x0814cf18, 0x1b070822, 0x83061f49, 0x232808ad, 0x27211303, 0x06272626, 0x02340706, 0x2402dc1d, 0xbabfabc8, 0x01dea6c1, 0x441b57c8, 0x18462f30, 
    0x2efad205, 0x22fede01, 0x02300383, 0xd94bf480, 0x45dca5a2, 0xb4000200, 0x4b070000, 0x26087f82, 0x001c0013, 0x19354038, 0x01010001, 0x00010a4c, 
    0x03020507, 0x68030002, 0x0102090b, 0x084d2001, 0x02030406, 0x82022102, 0x14152283, 0x0b1e4e00, 0x1f070c2b, 0x2111012b, 0x23013301, 0x26898503, 
    0x11211323, 0x87011123, 0x7201268f, 0x3501a501, 0x319282db, 0xc2b9c0aa, 0xfeaecaa6, 0x2203be96, 0x1957c901, 0x98843146, 0x03aefc23, 0x839c8952, 
    0xd20527a0, 0x45f4aefc, 0xa283a4dd, 0x9e24a382, 0x35060000, 0x1b36a382, 0x32001f00, 0x01022f40, 0x04010600, 0x67040003, 0x01080800, 0x9f83005f, 
    0x05070927, 0x21030303, 0x259f8203, 0x1b001e1f, 0x82821b00, 0x0a2a8683, 0x332b1d07, 0x33363411, 0xa2820133, 0x0861f318, 0x2223a884, 0x82111506, 
    0x213a08b6, 0x34e5f29e, 0xc10460fe, 0xe53361fe, 0x8793bef2, 0x8895bc96, 0x0b090292, 0xb1fd2301, 0xebd76e01, 0x5efda202, 0x92fed7eb, 0x92887001, 
    0x8a0276fd, 0x90fe8892, 0xfe013003, 0x3f410000, 0x8b082105, 0x21089b82, 0x00240020, 0x05364039, 0x07090301, 0x03010002, 0x0b006700, 0x045f020b, 
    0x20020201, 0x080a0c4d, 0xc2410406, 0x23242906, 0x20002000, 0x23111b1d, 0x11329f82, 0x0d131111, 0x212b1f07, 0x21373411, 0x33112311, 0xa7992111, 
    0x4ff50232, 0xbebe2efe, 0x61fe8d03, 0x62fec004, 0xbdf1e533, 0x9621ac83, 0x27ac8987, 0x76fd6eae, 0x5efdd205, 0xb382b29a, 0xfe7e3508, 0x07e10340, 
    0x00300075, 0x40450039, 0x02323842, 0x01080607, 0x4c020403, 0x01021718, 0x07060049, 0x07008506, 0x00850700, 0x02030004, 0x00690304, 0x5f000505, 
    0x203dee82, 0x0202004d, 0x01006101, 0x4e012601, 0x21241312, 0x203c3d24, 0x2b1e0708, 0x16322113, 0x0c3c7416, 0x1415062c, 0x07171616, 0x3435022e, 
    0x2f483336, 0x35232106, 0x66080886, 0x37171321, 0x23011533, 0x01b93501, 0x7cda8d2b, 0x8d837383, 0x338cda7c, 0x4b38414a, 0x7d43531c, 0x2a9db94f, 
    0x9aa38f82, 0x889d8f8f, 0xd5fe8d86, 0x94afaef7, 0xfe69f1fe, 0x5ed205f4, 0xb17775ac, 0x89b3292e, 0x3f66bf87, 0x2e473431, 0x5b1c860d, 0x80825783, 
    0x88827a91, 0x6c668ba7, 0xac4a027f, 0xeffe0cac, 0x730c1101, 0x0627065b, 0x02d20556, 0x45110406, 0x052f076b, 0x028a076e, 0x00530426, 0x06070100, 
    0x457100ec, 0x0220056b, 0x09776918, 0x56fe7a2a, 0xe605670a, 0x41012600, 0x0724f482, 0x1e06e603, 0x7d293b84, 0x77045efe, 0x2602e605, 0x23178405, 
    0x8a019a0a, 0x7a241784, 0x680553fe, 0x00211783, 0x25538349, 0x04029a0a, 0x7746f5ff, 0xf5ff2405, 0x832b35b0, 0xfe622487, 0x82c804c0, 0x01262287, 
    0x2353839b, 0x5602460b, 0x3a208f88, 0x06221782, 0x0f8cd801, 0x0f832620, 0x0b070127, 0xfeef0072, 0x214b859b, 0x4b869bfe, 0xc0fe1424, 0x6f833706, 
    0x84500421, 0x0247224b, 0x203b84e7, 0x207d82b4, 0x214b8372, 0x0f84c500, 0x00003924, 0xeb847507, 0x97843020, 0x52029422, 0x82105746, 0x0a062197, 
    0x26223382, 0x4b843604, 0x25044522, 0x08275f19, 0xd205e626, 0x3d042600, 0x49221784, 0x17842403, 0xecff8026, 0x76077d05, 0x074b5418, 0x00900a23, 
    0x4b541891, 0x85238316, 0x01902277, 0x1063417a, 0xecff7d24, 0x47837704, 0x84410521, 0x1890209b, 0x20124b54, 0x206b8270, 0x416b845e, 0x90210557, 
    0x03541800, 0x009e2411, 0x84e60400, 0x21a78223, 0x8f820701, 0x17df5318, 0x18007621, 0x230edf53, 0x0901900a, 0x0ddf5318, 0x00010022, 0x08066747, 
    0x001f004d, 0x09324035, 0x19010001, 0x02040501, 0x0001034c, 0x04020708, 0x68040005, 0x01010102, 0x01064d20, 0x05210505, 0x0000004e, 0x181f001f, 
    0x1a111111, 0x07091111, 0x35132b1d, 0x13330121, 0x3e17021e, 0x33133702, 0x21152101, 0x45012301, 0x08820598, 0x01ae4808, 0xdc3bfe71, 0x2f3a2cd7, 
    0x3b301a1b, 0xfed7db2c, 0xfe650137, 0xdbe001a0, 0x4438fbfe, 0x39462425, 0x01d8f9fe, 0x86bb02e9, 0xc4fe9102, 0x34535a40, 0x405a5334, 0x6ffd3c01, 
    0x0145fd86, 0x496b527a, 0xfe526d47, 0x82bb0286, 0x01540877, 0x00007a00, 0xea052f05, 0x44002100, 0x011f4140, 0x4c010504, 0x05030200, 0x80050203, 
    0x01070400, 0x00040600, 0x03030069, 0x01006101, 0x004d2501, 0x5f060505, 0x21060600, 0x00014e06, 0x1b1c1d1e, 0x0f111719, 0x07090c0d, 0x21012100, 
    0x2b160708, 0x02242225, 0x71060f7d, 0x9b5809e8, 0x33410806, 0x06132311, 0xa1ce0206, 0xa4a4f1fe, 0x90b61d01, 0xbe19a3f2, 0x7e89da1d, 0xca7675ca, 
    0x1dda897d, 0x4005bebe, 0x01a689de, 0x01d6d535, 0xc96aa734, 0x778d868e, 0xe5a7a6e6, 0xfd848c76, 0x605f01b9, 0x23274876, 0x9e2a2382, 0x54030000, 
    0x26021606, 0xe382e704, 0xea060730, 0x0000fe00, 0x9e00ffff, 0x5403c0fe, 0x17875e04, 0x00460b23, 0x201784b3, 0x872f8309, 0x07012717, 0x7dff6b0b, 
    0x2f4345ff, 0x45ff2105, 0x82062f43, 0x1d042153, 0xee205384, 0x0a215383, 0x05ef4d94, 0x178e0020, 0x00eb0623, 0x835384bf, 0x843a2017, 0x85f0202f, 
    0x35012183, 0x01360782, 0xecff9e00, 0x5e04d605, 0x33002200, 0x01203040, 0x4c010102, 0x05820305, 0x044d222d, 0x00020201, 0x02070661, 0x6b260000, 
    0x182f0558, 0x0f121417, 0x06090b0e, 0x01220005, 0x7c070822, 0x834910ee, 0x01250813, 0x589d66f9, 0x5d5c6cb4, 0x5b6bb46b, 0x58b46a5c, 0xa578669b, 
    0x14a42524, 0x026ea95f, 0x6005fdfc, 0x02607171, 0x2a0788fb, 0x5fa96e04, 0x78626278, 0x82010000, 0x05e8289b, 0x006c04dd, 0x65cf0027, 0x5f4905b5, 
    0x4d222124, 0x23085f49, 0x1b4e0328, 0x20051d53, 0x1b644936, 0x82079949, 0x0b604939, 0x9d493d83, 0x4932821f, 0x2720069d, 0x820d9d49, 0x4959203c, 
    0x2726059e, 0x23252700, 0x9e492021, 0x22122105, 0x2c079e49, 0x32331616, 0x0e333736, 0x26222302, 0x079d4926, 0x33023e22, 0x08653a19, 0x07066f08, 
    0x4afe9404, 0x6484ac12, 0x0eb5168e, 0x927ebd73, 0xd40e81da, 0x10d6b4b4, 0x778bd884, 0xb50e79c0, 0x82728313, 0x800213ad, 0x68b89da2, 0x5da1665b, 
    0xfe94e280, 0xfe5e0422, 0x7cdd9322, 0x4b6ca058, 0x0099b278, 0x00020000, 0x04000036, 0x005e045b, 0x0018000e, 0x17234026, 0x04091215, 0x4c010200, 
    0x22020200, 0x0103044d, 0x21000003, 0x2a824e00, 0x0e000e39, 0x05141511, 0x212b1907, 0x15150603, 0x26343523, 0x01230327, 0x51010133, 0x350805f0, 
    0x03072727, 0xab689298, 0xc0913a32, 0x01b7b601, 0x2b63fdb8, 0x45171848, 0x29276129, 0x7c108101, 0x473ff5f5, 0x047efe07, 0x02a2fb5e, 0x37390a16, 
    0xfe0c3835, 0x58827f7f, 0x9e000226, 0xff050000, 0x17208382, 0x3b386a82, 0x01203840, 0x1b1e0405, 0x0a050202, 0x02000201, 0x05004c03, 0x05000200, 
    0x07476719, 0x03070824, 0x94870401, 0x17001723, 0x24008311, 0x07091515, 0x8998831d, 0x48132099, 0x1320065f, 0x0525a18b, 0x3037923b, 0x2da283ac, 
    0xb6e3fe98, 0xe15a01b6, 0xfdb901b7, 0xa8862a63, 0x81012825, 0x823e4608, 0x08462da9, 0x84017efe, 0x5e047cfe, 0x3f02c1fd, 0x0b21b183, 0x21b18438, 
    0x8b827d7d, 0x00006024, 0xaf822e05, 0x1e001a26, 0x35403800, 0x32059c49, 0x09090059, 0x01005f01, 0x084d2201, 0x00000202, 0x490a5f03, 0x1e2709a3, 
    0x001b1c1d, 0x821a001a, 0x11132493, 0x820b1311, 0x353329ac, 0x01373634, 0x16160121, 0x22054c41, 0x82112323, 0x06222101, 0x3808c182, 0x21133301, 
    0xfec4dc60, 0xfe0d04c9, 0xb4d7bec3, 0xb3497b95, 0x457b5249, 0xc322aa01, 0xe9a255fe, 0x000208cb, 0xcc0a00fe, 0xa4a2a2e6, 0x0147fe73, 0x6e7930b9, 
    0x015f02a2, 0x053b4a5c, 0x824b0721, 0x0022269b, 0x403f0026, 0x069c493c, 0x0c005923, 0x059c490c, 0x0b4d2229, 0x03030205, 0x490d5f01, 0x262b0aa3, 
    0x00232425, 0x1e220022, 0x5924111c, 0x14250508, 0x2b1f070e, 0x20a28321, 0x08a64905, 0x2620a987, 0x3808aa8e, 0x2e3c7d02, 0xb4b46bfe, 0xcafecb02, 
    0xc2fe0c04, 0x44b3c0d6, 0xb34a527a, 0x447c5248, 0xc51fab01, 0x669055fe, 0xfe033393, 0xfe5e0447, 0xfdff0101, 0xcee408fe, 0x796da2a2, 0x23ba8831, 
    0x0060015b, 0x7108bb82, 0x035efe5a, 0x00160690, 0x0037002e, 0x305f4062, 0x1f080901, 0x02030201, 0x020a0c4c, 0x85080908, 0x09050900, 0x00030085, 
    0x02030102, 0x04040067, 0x05005f05, 0x004d2205, 0x62060101, 0x21060600, 0x0707004d, 0x010b6100, 0x00240000, 0x012f2f4e, 0x2f372f00, 0x32343536, 
    0x272b2d31, 0x17181a24, 0x0e0f1115, 0x0005080c, 0x0d2e012e, 0x012b1607, 0xac492622, 0x21352214, 0x09db4932, 0x2223232c, 0x16141506, 0x03153333, 
    0x04823717, 0x3503232f, 0xc4a8c601, 0x6b4aa4c0, 0xfc6b7373, 0x080583ec, 0x0198fe42, 0x6dd3b568, 0xd376625b, 0x61594ab5, 0x852e5d65, 0xecb38e90, 
    0x5efeebab, 0x9b86859c, 0x534d4c53, 0x4d4d53a0, 0x8ca3a052, 0x1e1a7561, 0xa88f6585, 0x433e3e43, 0xafb807a0, 0xf5fe09af, 0x00090b01, 0x29058745, 
    0x9b055efe, 0x06026805, 0x0f84cb04, 0x0000362a, 0x16068804, 0x1c052602, 0x06232082, 0x85cfec06, 0xfe5e2a27, 0x0498035e, 0x0426026a, 0x241082ed, 
    0x009a0a07, 0x2a2f84ef, 0x045efe68, 0x026c042e, 0x854a0226, 0x5b012117, 0x142a1784, 0xa603c0fe, 0x26025e04, 0x17837209, 0x01460b23, 0x20178499, 
    0x202f8236, 0x22178249, 0x8c710406, 0x8326200f, 0x0701270f, 0x70006b0b, 0x5b46d2fc, 0xd2fc2105, 0x22088b49, 0x8352055e, 0x1a052163, 0x02216385, 
    0x233b845f, 0x06000041, 0x20054346, 0x221784eb, 0x84b90194, 0xfe9e2a17, 0x040104c0, 0x0526005e, 0x227b8406, 0x843f0249, 0x0c877517, 0x9775ff20, 
    0x02062106, 0x8520bb82, 0x06232782, 0x18fb900a, 0x830a435c, 0x85042017, 0x00902257, 0x243f84e1, 0x03f3ff5e, 0x20178498, 0x182f85ed, 0x240c435c, 
    0x042602d3, 0x221783ee, 0x8574ed06, 0x05fb4647, 0x17855f82, 0x82900a21, 0x00003416, 0xff680003, 0x046404e8, 0x000f006c, 0x00210018, 0x4c364039, 
    0x672b0603, 0x01050500, 0x01010061, 0x46074d27, 0x012705ec, 0x00280000, 0x5510114e, 0x152b05ff, 0x11181014, 0x00070918, 0x460f010f, 0x022006ed, 
    0x7b063c6a, 0x4c0808bf, 0x021e2137, 0x022e2103, 0x06062223, 0xe5986502, 0x98e58080, 0x8080e699, 0x8a6599e6, 0x77fd0a4d, 0xdd894c0a, 0x4e0b8502, 
    0x87626388, 0x0190184d, 0x01afac04, 0xfe909005, 0xfeacaffb, 0x5ea190fc, 0x9e60609e, 0x5df0015e, 0x995b5b9a, 0x06d37c00, 0xf3836420, 0x85c30921, 
    0x820820f3, 0x20178206, 0x20c38264, 0x2117832a, 0x17851205, 0xf389d220, 0x17840120, 0x17850620, 0x0b075d18, 0x18020621, 0x230f075d, 0x9000900a, 
    0x0cd7b719, 0x35001d29, 0x01083240, 0x4a170100, 0x22201313, 0x260a134a, 0x181d001d, 0x82111111, 0x08134a03, 0x16461720, 0x4a372005, 0xac4f0613, 
    0x07670806, 0x01710123, 0xd2b8fe2f, 0x1d3d268b, 0x8e27381b, 0x01bbfece, 0x01defe1d, 0x25a4d15c, 0x361a1c3a, 0x01d0a626, 0x86f60158, 0x3cd9e201, 
    0x6b33336b, 0x1efed93c, 0xfb0afe86, 0x2f2f6739, 0x01fb3967, 0x000100f6, 0x0499fe68, 0x006c0422, 0x40310019, 0x0001032e, 0x004c0104, 0x03040302, 
    0x05800402, 0x00000401, 0x4a630004, 0x27220706, 0xd2824e03, 0x1800192f, 0x11281322, 0x2b1a0706, 0x11231125, 0x07a9412e, 0x0807f649, 0x1614152f, 
    0xb3cf0233, 0x7e69c388, 0xbf7898e5, 0x13b50e7a, 0xb4927184, 0xfe8994b2, 0x11540110, 0xab9af59b, 0x58930601, 0x774c6ca0, 0xe7bebce1, 0x20838200, 
    0x356682b4, 0x00d20539, 0x40290009, 0x00020026, 0x03020403, 0x01010067, 0x6f825f00, 0x824d2e21, 0x2f042287, 0x237b8304, 0x11090009, 0x06280082, 
    0x332b1a08, 0x21152111, 0xb4270384, 0x39fd8503, 0x82fdc702, 0xfea72541, 0x7cfda700, 0x01263482, 0x4efeb400, 0x53822705, 0x2b001134, 0x0f102840, 
    0x0204040a, 0x0e4c0100, 0x040b0c0d, 0x5a824902, 0x4d2e0028, 0x02020103, 0x5783022f, 0x11001127, 0x08041116, 0x08558218, 0x03113346, 0x01373636, 
    0x27020933, 0x11070113, 0x3e03beb4, 0xbd01447f, 0x02a6fdf9, 0x95cbfe5b, 0xd703fee9, 0x02fed205, 0x9451eefe, 0xfde1014a, 0xfeb3fc7b, 0x48016a4e, 
    0xfee3cc02, 0x01000017, 0xecff7000, 0xe6055e05, 0x7c057d47, 0x0220096d, 0x7e2d6c82, 0x05030300, 0x05050061, 0x02004d34, 0x05ac7b02, 0x4e003534, 
    0x191b0001, 0x10121516, 0x0405080a, 0x21012100, 0xef490807, 0x72272005, 0x57080520, 0x02343512, 0x06222326, 0x3e230706, 0x04323302, 0x02141512, 
    0x98c90204, 0xbe1aa9fe, 0x61ac7915, 0x7e7fd786, 0xac6186d8, 0x1bbe1579, 0xbf97fdaa, 0xabab2b01, 0x7614d5fe, 0x8c6597dc, 0x07018748, 0x0701bfbe, 
    0x668c4788, 0xba75da9a, 0xeceda9fe, 0x00b9a9fe, 0x7a00ffff, 0x774ea782, 0xde05250a, 0x6f02df01, 0x21059f44, 0x9f446f02, 0x23cb8606, 0xcc092602, 
    0x0720da82, 0xa4202382, 0x8b702390, 0x06022406, 0x83005209, 0xfe9e2b57, 0x04a6045e, 0x0306025e, 0x34820097, 0x00360031, 0x047c0400, 0x00140066, 
    0x010eb545, 0x74010003, 0x1220064f, 0x612c1d83, 0x01010102, 0x01044d31, 0x032f0303, 0x20061756, 0x20148401, 0x22148737, 0x820c4059, 0x00143429, 
    0x23211a14, 0x2b190805, 0x26260121, 0x33352323, 0x5b171632, 0x2b08071d, 0x14020133, 0x3310acfe, 0x691e192e, 0x1ab61f8a, 0x29131429, 0xfec4ef1a, 
    0x2c7e0355, 0x564f9b21, 0x914906fe, 0x49914646, 0xa2fb9702, 0x64329384, 0x2a04e8ff, 0x1d006c04, 0x2e403100, 0x03041213, 0xa5490104, 0x61033f05, 
    0x37030300, 0x0101004d, 0x01046100, 0x00350000, 0x1700014e, 0x080e1015, 0x011d0006, 0x9941051d, 0x06cc6f05, 0x34353622, 0x82089a5a, 0x1230088e, 
    0x06021415, 0xf8a42d02, 0x9419ac2d, 0x46907070, 0x6e709046, 0x2ead1991, 0xe598a2f5, 0x18e58080, 0x5b3195a9, 0x6ebd7473, 0x6f75be70, 0xa3923156, 
    0x82079b44, 0x02002392, 0x93826800, 0x93842e20, 0x45002938, 0x0b0c4240, 0x1b020502, 0x0403021a, 0x05004c02, 0x03040107, 0x66190405, 0xa1820837, 
    0x42030321, 0x1f2f083f, 0x2500011e, 0x1f291e23, 0x10161829, 0x8307090e, 0x850820a9, 0x079b43a9, 0x20067668, 0x07d76406, 0x06061722, 0x0b3a7d18, 
    0x26074f45, 0xad2ef5a2, 0x856e9119, 0x93712abb, 0xf82dac19, 0x4d4d36a7, 0x45038236, 0xa3310851, 0x6f563192, 0x6e70be75, 0x5b7374bd, 0x01a99531, 
    0x821f84c4, 0x41c78523, 0xc784095b, 0x82121321, 0x030423c7, 0xc7870102, 0xc7850120, 0x200b6941, 0x05694106, 0x7141c789, 0x41c78609, 0xc78c1a71, 
    0x20197d41, 0x41c787a5, 0x01211785, 0x28c78bbf, 0xfe9e0001, 0x04c7035e, 0x1593445e, 0x054d3126, 0x33040401, 0x200f9344, 0x08934413, 0x29039e33, 
    0x75028bfd, 0x5efe8bfd, 0xfea10006, 0xedfca155, 0x22538300, 0x8218044e, 0x0e250853, 0x28402b00, 0x0300010d, 0x020e4c01, 0x49010301, 0x00000300, 
    0x67000301, 0x02020104, 0x01004d31, 0x4e012f01, 0x2d008211, 0x1b080513, 0x0127012b, 0x23112301, 0xbd733311, 0x02250805, 0x0601639f, 0xb44d5dfe, 
    0x870164b4, 0x0123fedb, 0x594efed7, 0xde015901, 0x5e0422fe, 0xe00120fe, 0xd8fdcafd, 0x3c008200, 0xffa20003, 0x067204ec, 0x001e0014, 0x0037002b, 
    0x1a0a4083, 0x1c060301, 0x02000401, 0x0547574c, 0x0108293f, 0x04010900, 0x69040005, 0x02070700, 0x02020061, 0x03004d36, 0x00610603, 0x4d370606, 
    0x06b64700, 0x4e013535, 0x0025401b, 0x06070002, 0x00690702, 0x00030006, 0x8a690306, 0x3c27893b, 0x201b4059, 0x3600011f, 0x272e3034, 0x202b1f25, 
    0x1116182b, 0x0007090f, 0x0a1e011e, 0x06db5d08, 0x06061426, 0x11022223, 0x6706e147, 0x26250574, 0x36150627, 0x066e7136, 0x36323326, 0x01263435, 
    0x080a936c, 0x80b8025a, 0xdb7472c8, 0x74faee99, 0xbd89b2ea, 0x417a9443, 0x3e1d5e99, 0x7f4949b8, 0x92917d4e, 0x89fe8486, 0x522a754c, 0x52513f46, 
    0x6aab0379, 0xe19695cd, 0x0166017c, 0x01e94960, 0x868cca66, 0x15527e40, 0x4ba58126, 0x8243a759, 0xb9b99460, 0x01968f94, 0x45171dc5, 0x58492a22, 
    0x863dd682, 0x9004ecff, 0x2300e605, 0x36002e00, 0x00243340, 0x21040102, 0x04010315, 0x4c020102, 0x24068200, 0x80020104, 0x06806500, 0x3206bc45, 
    0x35000000, 0x2a294e00, 0x05261423, 0x012b1b08, 0x82070617, 0x099a61c9, 0x352ec383, 0x3535022e, 0x32333634, 0x36111516, 0xca610536, 0x154d0805, 
    0x04161415, 0x49400987, 0xce8ac4f3, 0x7686cd72, 0xd9927e6b, 0x9b9ac277, 0xfe401fba, 0x3c4448d2, 0x0c038d4a, 0x910918a4, 0xce72eedc, 0xfe46018a, 
    0x8f9985ba, 0x9718988f, 0xa9118fe6, 0xfeb3c3ba, 0x030b0485, 0x5c687101, 0x8515624f, 0x088682c7, 0x5a000230, 0x3406ecff, 0x13005e04, 0x45002900, 
    0x010a4240, 0x4c010605, 0x05000600, 0x80050600, 0x0303080a, 0x5f040000, 0x04040109, 0x01074d31, 0x0d730505, 0x01353005, 0x0014144e, 0x14291400, 
    0x1f222429, 0x82191b1e, 0x14132f3e, 0x0b112423, 0x012b1a08, 0x15162315, 0xce820210, 0x2306272a, 0x26030222, 0x05352337, 0x08214118, 0x08080c5a, 
    0x27263448, 0x495d3406, 0xa578bfd4, 0xaff25329, 0x4f0608da, 0x34280160, 0x5d6a7a21, 0x5d71d171, 0x32237a6b, 0xb5a45e04, 0xfee8fece, 0xee747acd, 
    0x12011501, 0xa4a4c3e4, 0xc164bc72, 0x01a0a8d5, 0xa0f5fe0b, 0x66c1d5a8, 0xc68270bc, 0x0001002d, 0x05ecff74, 0x006c0458, 0x42cf0022, 0x1636059f, 
    0x01000108, 0x070f1221, 0x1a000304, 0x03030401, 0x0301014c, 0x6b504b01, 0x201d8e06, 0x201d8705, 0x20188340, 0x87368902, 0x59592118, 0x18205585, 
    0x2d087a46, 0x03004d37, 0x06620403, 0x04040205, 0xc3500435, 0x8a1c2007, 0x0106241f, 0x852f0505, 0x85002025, 0x20402623, 0x31020200, 0x2423844d, 
    0x37010100, 0x2022904d, 0x05975f59, 0x22002235, 0x24143424, 0x1b080724, 0x1137332b, 0x22232634, 0x42363507, 0x0128050d, 0x14110733, 0x36323316, 
    0x08a04118, 0xf3013a08, 0x1e4f5d6e, 0x1a451823, 0xed01b292, 0x4f5f8ad7, 0x170f240e, 0xb1931a46, 0x02982dfe, 0x074e6576, 0xb70b07a0, 0x02a7fea7, 
    0xa9fdbfa9, 0x04034d64, 0xb8080aa0, 0xfd3c01a5, 0x3e8a827b, 0xfea20002, 0x04720426, 0x0021006c, 0x40300033, 0x0201192d, 0x004c0103, 0x86000200, 
    0x82030105, 0x02032206, 0x21c08269, 0xb2836101, 0x234e0437, 0x222a2c22, 0x27332333, 0x0806102b, 0x23012b19, 0x26272626, 0x09517926, 0x95431520, 
    0x021e2607, 0x01031e17, 0x09857b32, 0x1a820620, 0x16165a08, 0x01a82404, 0xdd946b83, 0x9ada737a, 0x6b75da9a, 0xb06f8ec8, 0x91631440, 0x69854857, 
    0x6265fe3d, 0x7c3a3a7c, 0x3b7c6262, 0x26fe7c3b, 0x1e163a4d, 0xf64901b9, 0x8ffea75f, 0x15a6fc8e, 0x5a82e08b, 0x50907547, 0x40221014, 0x5b550275, 
    0x70155795, 0xb26868b2, 0x95571570, 0x37cb825b, 0xff400001, 0x045a03ff, 0x0019005e, 0x00314034, 0x00050004, 0x00670504, 0x2706dd7f, 0x01064d31, 
    0x5f010000, 0x36052545, 0x15160001, 0x0e101314, 0x02040b0d, 0x19011900, 0x2b160807, 0x18152125, 0x830928ca, 0x0606220b, 0x2d068207, 0x2802021e, 
    0xcefe3201, 0x6a6ad8a6, 0x0983a5d9, 0x3875633b, 0xfe880106, 0x75370778, 0xf691a6a5, 0xf3982798, 0x8e55a68e, 0x8d54a456, 0x06234c55, 0x06010527, 
    0x04260216, 0x25978256, 0x01fa0a07, 0x17830086, 0xecff6c24, 0x1784e603, 0x17867320, 0xfb485120, 0x052b5408, 0x17868220, 0x17858c20, 0x02f8ff23, 
    0x202f841b, 0x2317829b, 0x18fa0a06, 0xff230682, 0x82c7ffff, 0x07292217, 0x835f8260, 0x0b072417, 0x84e8fe55, 0xff68232f, 0x731804e8, 0x77830937, 
    0x17848520, 0xecff9e22, 0x21058b54, 0x5f86b403, 0x178a7d20, 0x2602f722, 0x06231784, 0x84ace606, 0x6800255f, 0x0806f0ff, 0xcc207784, 0x02212f85, 
    0x3b078259, 0xfe970001, 0xff970112, 0x000c008a, 0x6406b15c, 0x090a4044, 0x0a010201, 0x02020001, 0x2c069c49, 0x02010017, 0x00700102, 0x02000002, 
    0x22168259, 0x82036200, 0x5200241d, 0x8216401b, 0x85012119, 0x34081890, 0x010d4059, 0x04060800, 0x010c0003, 0x1608040c, 0x0006b12b, 0x35220144, 
    0x14153335, 0x15373233, 0x42010606, 0x1832a2ab, 0xfe301014, 0xbcbeba12, 0x0667044d, 0x86bb8406, 0x0226088b, 0x00e60906, 0x00030000, 0x037a025e, 
    0x00ce063f, 0x001a0011, 0x4b0e0123, 0x585009b0, 0x01082040, 0x02030004, 0x494e0304, 0x4e7e2008, 0x81260a49, 0x4b1b4e00, 0x279411b0, 0x27907c20, 
    0x27941b20, 0x21204f91, 0x4f912794, 0x27822f20, 0x9f881d20, 0x02010728, 0x02000106, 0x3b476500, 0x6e7c2007, 0x012605af, 0x01040500, 0x278b6905, 
    0x02000023, 0x080e4f59, 0x51000223, 0x3a008359, 0x1b1c1b40, 0x00011213, 0x231b1f21, 0x1517231c, 0x1a131a12, 0x1100080a, 0x19091101, 0x18073e11, 
    0x260c9048, 0x35363227, 0x18152135, 0x0807b0b0, 0x15062227, 0xa866cf01, 0x68a76263, 0x6161a669, 0x566069a6, 0x5c5c92fe, 0x5e586e01, 0x7a025a5e, 
    0x86a7da6b, 0x6666d5a7, 0x2f0682d5, 0x949d6adb, 0xa30b0ba3, 0x0dde0194, 0xa48f8fa4, 0x2005af60, 0x0b035a01, 0x0000b425, 0x18059803, 0x2408e755, 
    0x2602c500, 0x06175b00, 0x88be0521, 0x85272017, 0x07002517, 0x4c04c500, 0x07211f87, 0x221f8877, 0x86c80107, 0x06af5e37, 0x01060223, 0x822784c8, 
    0xf706210f, 0x0f832783, 0x05203f83, 0x8205e742, 0x1d092117, 0x5f821788, 0x1f831783, 0x87ab0721, 0x430b2137, 0x27821f90, 0x27831f83, 0x88d10921, 
    0x8a622087, 0x86d22087, 0x0c0f6187, 0x00ffff22, 0x06210f82, 0x224f84e7, 0x840000d2, 0x84752087, 0x2117823f, 0x17880d09, 0x05205f82, 0x87841782, 
    0x1f849b20, 0x0000b426, 0xd2052404, 0x1920cf82, 0xab610f84, 0x211f820f, 0x1f834c05, 0x84540021, 0x210f821f, 0x2f848606, 0x0f842420, 0x00007031, 
    0x03066b01, 0xb2022600, 0x060000f4, 0x82f6910a, 0xffff277e, 0x00007c00, 0x17856703, 0x262b1082, 0x0002910a, 0xb2022700, 0x8200f001, 0x910a239d, 
    0x0782f201, 0x27850020, 0x96570521, 0x86272027, 0x21378227, 0x3785e003, 0x89e20321, 0x39062137, 0x0722378e, 0x5f84d403, 0x2a205783, 0x3d27d782, 
    0x06005e04, 0x86f4d403, 0x4f05210f, 0x0f832f83, 0x03218983, 0x215186d8, 0x1f8300da, 0x96823620, 0x1f85e620, 0x71821782, 0x837f0421, 0x910a2307, 
    0x0f858104, 0x856f0621, 0x5306202f, 0x0023061b, 0xa0d60900, 0x83c1822f, 0x8200202f, 0x5f08214f, 0x08213f85, 0x246f8461, 0x0600007c, 0x20bf900d, 
    0x20bf88e1, 0x20bf8235, 0x20bf8411, 0x24bf84e1, 0x05000041, 0x206f84d5, 0x824782e1, 0x821b824f, 0x209f82b2, 0x824f8460, 0xc507211f, 0x7f821f90, 
    0x1f820420, 0x2f820020, 0x854e0621, 0x5006217f, 0x9e2a2f84, 0x52010000, 0x0602d205, 0xaf45e002, 0x042e2208, 0x200f826c, 0x2a0f844a, 0x04e8ff5c, 
    0x00d2053c, 0x84550206, 0x272f827f, 0x72046406, 0xfe020602, 0x012b4782, 0xecff5400, 0xe405bf04, 0x6d002100, 0x5c2919b7, 0x0101004d, 0x05006105, 
    0x22e77b05, 0x12045808, 0x02141515, 0x26222304, 0x17d25426, 0xa9919d93, 0x86af554a, 0xd214909d, 0xa2e3810f, 0x8d0c01bd, 0xbcf7fe8d, 0x017fe4a6, 
    0x8ca995d0, 0x99a88cea, 0x94b082e7, 0xa97edd8f, 0xa8cdcefe, 0xa8cefece, 0x0100dc83, 0x98feb200, 0xe6051b05, 0x41002400, 0x01233e40, 0x82030605, 
    0x4c023982, 0x06040300, 0x80060304, 0x00060107, 0x63000600, 0x02040400, 0x02020061, 0x0520a282, 0x2205d753, 0x824e015d, 0x002437d8, 0x13222724, 
    0x08112327, 0x012b1c0b, 0x06112311, 0x24222306, 0x175c3502, 0x07864e10, 0x05353908, 0xa440d112, 0xf9feb662, 0x0b01908c, 0x80e4a6b6, 0x8f16cd0e, 
    0x54af869e, 0x758ba649, 0xc5012da3, 0xb001d3fc, 0x01a8302c, 0xcdaace32, 0x7daa3101, 0xb29290dd, 0xaa98e882, 0x5b23c382, 0x8200a236, 0x827e20b3, 
    0x05133092, 0x000900b2, 0x090a4034, 0x01040506, 0x69000105, 0x0b200744, 0x56209582, 0x08964418, 0x35080d83, 0x01005f01, 0x4e015701, 0x1214b459, 
    0x2b180b02, 0x33110101, 0x01170111, 0x14010123, 0x01cfcb01, 0x92fd8ed7, 0x038efdb5, 0x0403fe39, 0x0285fb76, 0x5bfd9402, 0x6782ac02, 0xf1011a2d, 
    0x41033e04, 0x20001100, 0x82021d40, 0x86002362, 0xa9180300, 0x23290d40, 0x04102313, 0x012b1a06, 0x05a65423, 0x0805b051, 0x04161621, 0x6020a43e, 
    0x8c6b628d, 0x2aa71d56, 0x8381d096, 0xf10196d1, 0x3d3b5a2d, 0x99582b5a, 0x82995e5f, 0x01aa08a4, 0x8dfe4800, 0xc506de01, 0x06000700, 0x010407b3, 
    0x37172b32, 0x01372711, 0xdc480111, 0x120184dc, 0xdcf3eefe, 0x82da8005, 0xeaf9eefe, 0x0300f0fe, 0x82008800, 0x28054305, 0x2f001700, 0xbf004700, 
    0x2c2d3240, 0x2627282b, 0x210a0906, 0x1b1c1f20, 0x0607061a, 0x40434445, 0x14153e3f, 0x0e0f1013, 0x3904030c, 0x33343738, 0x07080932, 0x0c020304, 
    0x4c040001, 0x501eb04b, 0x002c4058, 0x0407000a, 0x1167070a, 0x0303050f, 0x03020c0e, 0x00030100, 0x04011067, 0x0401010d, 0x01086301, 0x5f090606, 
    0x0909010b, 0x1b4e0659, 0x09823340, 0x07231282, 0x87670609, 0x01102638, 0x04010304, 0x223f9057, 0x845f0104, 0x594f3842, 0x46471e40, 0x3c3d4142, 
    0x35363a3b, 0x2e2f3031, 0x2425292a, 0x84111414, 0x12103c02, 0x012b1f0b, 0x27071723, 0x07352315, 0x35233727, 0x17372733, 0x37153335, 0xaf330717, 
    0x43052d17, 0x734779ac, 0x78437362, 0x4372a7ad, 0x47280882, 0xbffea774, 0x744679ac, 0xac221383, 0x138273a7, 0x83467421, 0x8fab2013, 0x01a63527, 
    0x76447b70, 0x4574a3a5, 0x4475607a, 0x75a6a574, 0x0c027544, 0xa726128b, 0x754476a9, 0x259034fd, 0x00000037, 0xfd5e0001, 0xff4603dd, 0x0008009f, 
    0x08164019, 0x01010001, 0x3115824c, 0x01028501, 0x11760000, 0x0b031111, 0x03012b19, 0xd2820123, 0x01270338, 0x01b3aebf, 0x2c018f2d, 0xfe12b1b2, 
    0x01e6fef7, 0x013efec2, 0x47832b1a, 0x07fe5826, 0x4a024603, 0x27050742, 0x2b320103, 0x03070209, 0x03393182, 0x01b5fe46, 0xdbde7804, 0x02780276, 
    0xfeeafd01, 0x61014561, 0x034a9ffe, 0x3b7e82f9, 0x4c000100, 0x4106a004, 0x0e000e06, 0x0eb53400, 0x00030506, 0x20b04b49, 0x0b405850, 0x2407a84c, 
    0x1b4e005e, 0x1a901840, 0x26470812, 0x180b0221, 0x2124012b, 0x27070422, 0x33243636, 0x17160432, 0xcbfee205, 0xfebc98fe, 0x506f8fc1, 0x982101f0, 
    0xeb2901a2, 0xc3a00446, 0x574e635e, 0x81464780, 0xff000057, 0x02a000ff, 0x03ae013d, 0x0507034b, 0x190000de, 0x27136730, 0xae01f3ff, 0x06020101, 
    0x2f821f83, 0x28065238, 0xce06f803, 0x07060701, 0xce065200, 0x00b10900, 0xce06b801, 0xf98235b0, 0x00003c08, 0x00680005, 0x04b80488, 0x000b00d4, 
    0x00230017, 0x003b002f, 0x0749404c, 0x04030406, 0x01050607, 0x02080700, 0x0b000102, 0x0a010401, 0x05030109, 0x004c0504, 0x00070006, 0x82690706, 
    0x01033216, 0x01000401, 0x05040069, 0x00590405, 0x61050404, 0x21218200, 0x00852451, 0x0b082e31, 0x27252b1e, 0x01370101, 0x01011701, 0x4f250107, 
    0x14240596, 0x26222306, 0x01200b8b, 0x1120178a, 0x01260b8a, 0x45018452, 0x0482bbfe, 0x8345012f, 0x4401bcfe, 0x01bbfe83, 0x3a3a3e31, 0x2c03833e, 
    0x3a3ca0fc, 0x3d3b3b3d, 0xb1013d39, 0x2013853c, 0x2f07873c, 0x4a0186de, 0xfe884a01, 0x884b01b5, 0xb6feb6fe, 0x8c280e82, 0x31434331, 0x2f40402f, 
    0x2e310783, 0x75fe4041, 0x2f42422f, 0x0343432f, 0x41412f99, 0x200c822f, 0x3a008200, 0xfea00002, 0x04ea0199, 0x0003002a, 0x4029000f, 0x04030026, 
    0x03010201, 0x18006902, 0x310edfa6, 0x090b0405, 0x0f050f04, 0x0b051011, 0x23012b18, 0x15533303, 0xea01290b, 0x6bce9c8a, 0x384f4f38, 0xfe250382, 
    0x02370299, 0x820a844c, 0x2648820e, 0x061dfe4c, 0x828cff41, 0x40262961, 0x050b0c23, 0x4a010404, 0x5d085f84, 0x01010059, 0x01026100, 0x51000100, 
    0x07090001, 0x0f010f00, 0x2b160b03, 0x26242201, 0x04163727, 0x37243233, 0x04060617, 0xfec74503, 0x6f4bcae3, 0xf2340164, 0x6a4701ec, 0xfecf3d5f, 
    0x4b1dfed6, 0x44505282, 0x50436261, 0x004f834d, 0x7200ffff, 0x900380ff, 0x0703c602, 0x00000b06, 0xfb41f4fc, 0xf4fc2105, 0x2206fb41, 0x823e0002, 
    0x06332287, 0x28878211, 0x405e001f, 0x151b1c0d, 0x228d8314, 0x45030108, 0x142307cc, 0x83040100, 0x00652f8d, 0x61020303, 0x02020105, 0x1b4e035e, 
    0x09821a40, 0x01030024, 0x16410302, 0x84b68505, 0x59512d28, 0x10111340, 0x17190001, 0x1f111f10, 0x0620c185, 0x3627c193, 0x07171604, 0x43232426, 
    0x03210601, 0x33d19237, 0x2801c6cb, 0x675e3dcd, 0xf0f0bdfe, 0x6e65cffe, 0x1a01c84c, 0x072ee58d, 0x835001f3, 0x64424e4e, 0x544e4660, 0xf3824b82, 
    0x86feda2d, 0xd205f803, 0x0b062600, 0x83010068, 0xfb6822f9, 0x24f982fa, 0xfbb80101, 0x08f984fa, 0x86000127, 0x4a051902, 0x17008803, 0x2a402d00, 
    0x0201010d, 0x0002010c, 0x004c0203, 0x03010002, 0x00690102, 0x03000003, 0x21f28259, 0x08826100, 0x51004508, 0x23232523, 0x2b1a0b04, 0x06061701, 
    0x022e2223, 0x07062223, 0x33363627, 0x33021e32, 0xf9043632, 0x6ba53251, 0x888e954f, 0x37715243, 0x689e3f4b, 0x878a9451, 0x03764645, 0x5c28811e, 
    0x333c503c, 0x54298629, 0x35210782, 0x0cfb4100, 0x24402722, 0x2705fb41, 0x00010249, 0x59000101, 0x00230682, 0x82006101, 0x0cfc410c, 0x41320521, 
    0x20080e2a, 0x2a01c545, 0x695f3ecf, 0xeeeebafe, 0x6f67cbfe, 0x1d01c94b, 0x4e824f74, 0x5e664150, 0x81524e47, 0x2667834c, 0x03750088, 0x82c803db, 
    0x403a22e3, 0x058f4637, 0x04030622, 0x22058946, 0x82000106, 0x030425ec, 0x05570401, 0xf582f083, 0x0067002b, 0x5f010404, 0x01040100, 0x0522464f, 
    0x1c0b0622, 0x2a072246, 0x37270737, 0x27333521, 0x46371737, 0x26080522, 0xb5ffdb03, 0x0193b066, 0xfeb566af, 0x66affbff, 0xb09001b0, 0x01f9af66, 
    0xb367b7d5, 0x67b1f3f5, 0x66b290b7, 0x82fdfdb2, 0x00003704, 0x0601ffff, 0xcf0220fe, 0x2600b207, 0x0000b005, 0xb0050700, 0x17832c01, 0x0228002c, 
    0x02b60229, 0x050600cf, 0x278298b3, 0x00270f8d, 0xfefeff02, 0x82a10360, 0x00032a31, 0xb1380007, 0x40446406, 0x21af822d, 0xb3820200, 0x01046723, 
    0x20e68201, 0x22068257, 0x825f0001, 0x4f002809, 0x00000404, 0x18040704, 0x22074874, 0x4f170b06, 0x15230511, 0x82013521, 0x032f0803, 0x035dfca1, 
    0xfe5dfca3, 0x019f9fff, 0x009f9f01, 0x00580002, 0x054703d5, 0x001300ac, 0x4028001e, 0x030f1325, 0x01000303, 0x0001024c, 0x48850003, 0x272d0f69, 
    0x04112616, 0x012b1a0d, 0x17013313, 0x05775416, 0x3734352d, 0x13330137, 0x06060317, 0x55331415, 0x3b080541, 0xfecca6d5, 0x6d1e45ea, 0x216c5e5e, 
    0xcdecfe4c, 0x140606a5, 0x10172815, 0x029e0314, 0xa6fefc0e, 0x5f563347, 0x4d275560, 0xfdfd02b1, 0x9cfe21f2, 0x2d153d32, 0x3e16131a, 0x74000100, 
    0x9c22c082, 0x8f823e05, 0x2440272a, 0x0e111213, 0x0a0b0c0d, 0x2105b241, 0xdd460f01, 0x00003608, 0x4e002100, 0x07021519, 0x03012b18, 0x03250705, 
    0x37251323, 0x20038405, 0x080f8233, 0xcf300326, 0xfe482301, 0xe1afb6dd, 0x0146dffe, 0xdffec827, 0xb922014b, 0x2601e4ac, 0xfe28034c, 0xac80ac98, 
    0x8e01c0fe, 0x013c0682, 0xaa82a86a, 0x6afe4601, 0x00007eaa, 0xe000ffff, 0xb3019403, 0x0600d205, 0x0052db05, 0x78268f82, 0xb1015efe, 0xab73beff, 
    0x01002208, 0x227c8285, 0x824e0033, 0x00032805, 0x08031103, 0x82052b17, 0xb101297d, 0x42bebe7b, 0x6001a0fe, 0x37821882, 0x2d054b52, 0x0017003b, 
    0x1cb04b4f, 0x1d405850, 0x16820200, 0x6701022c, 0x04030300, 0x0404005f, 0x29824d31, 0x005f052d, 0x052f0505, 0x1b401b4e, 0x50000400, 0x2787056a, 
    0x87000021, 0x4059371d, 0x22212709, 0x06201211, 0x372b1c08, 0x37363221, 0x26213521, 0x05822326, 0x16163222, 0x08053453, 0x01402127, 0x09858c32, 
    0x8a0172fe, 0xfe8b7e0d, 0xa63201ce, 0xd86a6ad8, 0xa5cefea6, 0x7fa47fa6, 0xec8da6a8, 0xed902891, 0x2484828d, 0x0582ff7a, 0x2fe382c2, 0x40360022, 
    0x02151633, 0x010c0301, 0x4c020100, 0xd044a182, 0x00013215, 0x0d0f1c1e, 0x22000608, 0x06052201, 0x22052b16, 0x070d5026, 0x11371723, 0x24838333, 
    0x27070614, 0x059a5a36, 0x11233d08, 0x01060614, 0x46a28ba7, 0x73424a78, 0xf0300f51, 0x4d8ded91, 0x362d7442, 0x5064a463, 0x8b7ecd82, 0x4978466a, 
    0x0d37633f, 0xeb8d2005, 0x46b7678f, 0x49842f68, 0xfb63a666, 0x5e9e5fa3, 0x073d9f85, 0x0042063d, 0x40300025, 0x0210232d, 0x4c010300, 0x11122425, 
    0x004a0104, 0x03020003, 0x29238259, 0x00010200, 0x03030069, 0x10826102, 0x2551022a, 0x0423252a, 0x012b1a06, 0x23207a82, 0x05209d8c, 0x128d8d83, 
    0x3d072525, 0x8971cd82, 0xcafc219f, 0x04230e8c, 0x82940176, 0x24a58888, 0xfca58d03, 0x08108b8c, 0xe5ab0429, 0x01000000, 0x47025e00, 0x20053d03, 
    0x27000800, 0x446406b1, 0x01041c40, 0x4c010002, 0x02000101, 0x01038500, 0x82760202, 0x00082726, 0x04111408, 0x8843180b, 0x33013f05, 0x13371713, 
    0x87010133, 0xabb1d7fe, 0xb1ad1213, 0x4702d9fe, 0x3dfed902, 0xc3014848, 0x308227fd, 0x00013308, 0x03530260, 0x0033053c, 0xb3060008, 0x32010003, 
    0x3501012b, 0x07051501, 0x3c030517, 0xdc0224fd, 0x47473cfe, 0x5302c401, 0x018d2a01, 0x11adb329, 0x3682ab13, 0x378d0020, 0x37830620, 0x25351325, 
    0x82252737, 0x0160333b, 0xfe4646c6, 0x02dc023a, 0x13abb153, 0xfeb3ad11, 0x33858dd7, 0x0220c390, 0x2409434a, 0x00020203, 0x21c38600, 0xc3881411, 
    0x07270334, 0x33012303, 0xad8c0201, 0xb1ab1312, 0x018f2901, 0x90820227, 0xfe484825, 0x86d9023c, 0xa22208c3, 0x4102ab00, 0x07001d02, 0x06b15100, 
    0xb04b4464, 0x4058500c, 0x01020018, 0x00710201, 0x00010100, 0x06820057, 0x03045f22, 0x4f286f83, 0x0017401b, 0x86020102, 0x875d1991, 0x00072105, 
    0x36070f78, 0x440006b1, 0x15213513, 0x35231523, 0x829f01a2, 0x8f8e019b, 0x83e3e38f, 0x6e00274c, 0x7002dffd, 0x8f41b8ff, 0x4103202b, 0x2408058f, 
    0xd13f0103, 0x0e0e797c, 0xfdcd7c75, 0xfed901df, 0x013232db, 0x0027fe25, 0x01320001, 0x01f80119, 0x000300a9, 0x20c78320, 0x5b011940, 0x10112210, 
    0x06dc4102, 0x1521132b, 0xc6013221, 0xa9013afe, 0x2a8f8490, 0x029400a2, 0x002d0241, 0x8435000b, 0x062a313b, 0x02000501, 0x01045705, 0x01010300, 
    0x67010002, 0x05221082, 0x13825f02, 0x824f0221, 0x0bdd7931, 0x0122e783, 0xe7843315, 0x35232808, 0xbf013533, 0x829b8282, 0x842d0282, 0x90858590, 
    0xff000084, 0x01a000ff, 0x05ae01ae, 0x052702e5, 0x010000de, 0x830701bb, 0xe4043207, 0x00b11200, 0xbb01b801, 0xb12b35b0, 0x04b80101, 0x840882e4, 
    0x044e2a2f, 0x051e0157, 0x0b0602e6, 0x300f843c, 0x016f0240, 0x01660447, 0x00b00a07, 0x00cafd00, 0x21378309, 0x2e84cafd, 0x00275082, 0x035ffe92, 
    0x417eff16, 0x012a094f, 0x01000101, 0x0202034c, 0xbd180100, 0x082408b9, 0x12120700, 0x21071b42, 0x236f1705, 0x3f013206, 0xfeb09394, 0xfffe7dfa, 
    0x0aa4a482, 0x1501ebfe, 0x2ae0820a, 0x82000200, 0x1a039104, 0x46000306, 0x253340cf, 0x03352115, 0x0268fd1a, 0x0568fd98, 0xe78b8b1c, 0x82008989, 
    0x10034296, 0xb3840620, 0x85201a83, 0x0121b882, 0x07cf4201, 0x3d089343, 0x13331313, 0x07270323, 0x64d16e03, 0x0e757ccd, 0xdffd790e, 0x27fed901, 
    0x32322501, 0x3883dbfe, 0xdefd7226, 0xb9ff7102, 0x3d0a8f43, 0x15253525, 0x05170705, 0x01fe7102, 0xc4feff01, 0x3c013030, 0x5cc0defd, 0x0b7372bf, 
    0x338f6e0b, 0x080b8b43, 0x72150520, 0x30303c01, 0xff01c4fe, 0x6e72defd, 0x72730b0b, 0x02005cbf, 0xf0fd2800, 0xb5ff1c02, 0x28190f00, 0x3f085973, 
    0x43724522, 0x45457243, 0x71444471, 0x45453245, 0x46453232, 0x673df0fd, 0x3d673e3f, 0x3f3e673d, 0x42723d67, 0x42422e2f, 0x00422f2e, 0xffff0000, 
    0xf600f600, 0x1c024b02, 0xeb060701, 0x06fc6000, 0x21051f42, 0x1f4206fc, 0x2b1f8205, 0x03f004d2, 0x0016068a, 0x3cec0606, 0x0f882f83, 0x28fb0a3b, 
    0x00010000, 0x0348fe66, 0x005cff37, 0xb1590016, 0xb4446406, 0x03020001, 0x05af6b4a, 0x04001928, 0x59040001, 0x26820300, 0x69010328, 0x00040400, 
    0x11820261, 0x1b510029, 0x02001d40, 0x92860200, 0x00003420, 0x59510004, 0x122222b7, 0x0b052323, 0x06b12b1b, 0x4a054400, 0x3008098f, 0x36342715, 
    0x16163233, 0x02363233, 0x7e0187b0, 0x3544335c, 0x36292939, 0x385e7f89, 0x29344f50, 0x700ca43a, 0x1b251b87, 0x71062d3f, 0x3e2e2d8c, 0x2aa38300, 
    0x017d044c, 0x000006dc, 0x444e0005, 0x0a2605a7, 0x17405850, 0xa8440103, 0x0100270f, 0x1b4f0100, 0x19831640, 0x840ca744, 0x40592218, 0x08ea770b, 
    0x28070d44, 0x23152111, 0x90014c15, 0x226182f9, 0x82f48f83, 0x226b9827, 0x19020000, 0x34385f36, 0x440006b1, 0x35233501, 0x41011121, 0x049001f5, 
    0xfe8ff47d, 0x838c827d, 0x23fe256f, 0xa9ffdc01, 0x002bdb8e, 0x00010100, 0x02010070, 0x82570102, 0x6002210a, 0x5020d284, 0x1982db82, 0x90850021, 
    0x26db9418, 0x15331533, 0x82f9974c, 0xf7862260, 0x2037838f, 0x206b954c, 0x201b8201, 0x22de8270, 0x82570002, 0x216b8493, 0x6b840200, 0x01000123, 
    0x93189085, 0x33352d6b, 0x4c113335, 0x23fe9bf5, 0x7afef78f, 0x24059349, 0xff240339, 0x0e5b469d, 0x02030422, 0x00216d8f, 0x206c8402, 0x8c1a8417, 
    0x4619846e, 0x0522135b, 0x6e822115, 0x0111212f, 0x9b780111, 0xe66354fd, 0x019cfee6, 0x2dbb8264, 0x78000100, 0x1f0323fe, 0x0500a9ff, 0x2b425000, 
    0x00182d09, 0x01020201, 0x02010370, 0x57020000, 0x02220682, 0x09826000, 0xe4820020, 0x1a821720, 0x91850121, 0x31e59219, 0x11211501, 0x1f031133, 
    0xfe9959fd, 0x860180a3, 0x6f82fafe, 0x4cfe482a, 0xa8005003, 0x63000800, 0xb5246f83, 0x03000105, 0x2607c764, 0x0302001e, 0x82700203, 0x01002925, 
    0x03010471, 0x57030000, 0x03200682, 0x03207c83, 0x1c207c83, 0x02212082, 0x211f8285, 0x1e918601, 0x0828f985, 0x11120800, 0x190b0511, 0x08054943, 
    0x17211520, 0x33010123, 0xfd500307, 0xfeb2f1ea, 0xb23101cf, 0xef8045ef, 0x2e012e01, 0x000000ed, 0xd3470001, 0x00032405, 0x85530007, 0x500c24ff, 
    0x84194058, 0x02702182, 0x03229b82, 0x06825700, 0x60030022, 0x03297083, 0x18401b50, 0x01000100, 0x411a9285, 0x37301379, 0x33353335, 0xa2153315, 
    0xab829b82, 0x8fc9c98f, 0x882a7384, 0x5e020000, 0x0500b205, 0x73832d00, 0x83224021, 0x43862088, 0x5720059f, 0x02270682, 0x01005f01, 0x434f0102, 
    0x01310f7e, 0x21112311, 0xd05e0235, 0xb205fafe, 0x0c054efa, 0x222182a6, 0x89000100, 0x842c204f, 0x8221204f, 0x02012243, 0x09da5085, 0x82006021, 
    0x9150200b, 0x3521294e, 0x5e021121, 0x06012afe, 0xa6224f83, 0x22820c05, 0x07224f8a, 0x4f843100, 0xfb822620, 0x03000224, 0xc54b0057, 0x210e8206, 
    0x26190003, 0xc74808eb, 0x83a3850d, 0x85a58256, 0xf1032557, 0x001b01a6, 0x012457d1, 0xf103a61b, 0x022457d2, 0x8702a685, 0x36085783, 0x0285047a, 
    0x007c0668, 0xb306000b, 0x3201040a, 0x3727132b, 0x37173727, 0x07170717, 0x9366e027, 0x9092648f, 0x65919164, 0x66870492, 0x95689394, 0x94936491, 
    0x82009568, 0xff012a00, 0x026301f4, 0x00070348, 0x07e34110, 0x01010a32, 0x104c0100, 0x04000102, 0x00004a00, 0x59000101, 0x61212883, 0x22168200, 
    0x49152551, 0x2f080770, 0x1e252703, 0x36323302, 0x23061737, 0x27262622, 0x70010408, 0x3832160d, 0x210a220a, 0x59494936, 0x27021234, 0x6f52459b, 
    0x9e020a38, 0x3e6e4419, 0x00364982, 0x038c0266, 0x00ba0531, 0x40320018, 0x02010d2f, 0x054c0101, 0x58820401, 0x01042608, 0x00030080, 0x00030400, 
    0x01010069, 0x02005f02, 0x4e027b02, 0x18000000, 0x11271800, 0x0d062224, 0x26012b1a, 0x084a6e26, 0x26352322, 0x0808044d, 0x76021545, 0x5c4a5807, 
    0x55644950, 0x5f9273b8, 0xa16266a3, 0x3e910460, 0x5d5d704f, 0x186cfb6d, 0xa27593ab, 0x5c854855, 0x00020000, 0x03000014, 0x00ea0520, 0x00210017, 
    0x18404043, 0x05020209, 0x01020411, 0x824c0202, 0x0205247e, 0x82690503, 0x82012025, 0x82692011, 0x040029fc, 0x04040059, 0x01066100, 0x31080c82, 
    0x1f000151, 0x0d14161d, 0x0607080b, 0x01170005, 0x16060717, 0x2622212b, 0x23063535, 0x11373235, 0x11202110, 0x15070214, 0x33331614, 0x36360115, 
    0xad843435, 0x6a024408, 0x6761bed0, 0x2c015d6b, 0xb5db1801, 0xfe5a805a, 0x2c7568cc, 0xb3354339, 0x9a155ec3, 0x01fd011a, 0xdeacfe7a, 0x9c57b1fe, 
    0x029a5c80, 0x9beb4ac6, 0x7359485e, 0x00010000, 0x05c0fe98, 0x008c0036, 0x5f490007, 0x1822050f, 0x3c460102, 0x03032306, 0x0a825701, 0x0460032a, 
    0x03010301, 0x17401b50, 0x00231a83, 0x8e010085, 0x0ce94319, 0x2b190627, 0x11331113, 0x2f038221, 0x4003b098, 0x01c0feae, 0x01dafecc, 0x0034fe26, 
    0xa22a6f83, 0x3605feff, 0x25000006, 0x4456b900, 0x00302805, 0x09000908, 0x83800008, 0x0002381e, 0x0a0b6701, 0x01060202, 0x03020403, 0x09090069, 
    0x07006107, 0x704d5e07, 0x57290745, 0x4b1b4e05, 0x585027b0, 0x2037a340, 0x21378c5c, 0x6a882e40, 0x71820720, 0x69090722, 0x04267293, 0x005f0504, 
    0x68820505, 0x40595923, 0x27218214, 0x1e250025, 0x1127121c, 0x0c240085, 0x012b1f0b, 0x27088b67, 0x11211521, 0x35262622, 0x2006294f, 0x86681817, 
    0x15640807, 0x02161614, 0xfdde0258, 0xfed601db, 0xfd25022a, 0x74c67c22, 0xb97cc674, 0x0cbd0ddf, 0x71496874, 0x02724241, 0x95a90163, 0xfe93ecfe, 
    0xd20195c3, 0x9688d075, 0xb974cf8a, 0x526b77bc, 0x589a588c, 0x0200548e, 0x00006800, 0xb104a003, 0x1f001b00, 0x32403500, 0x0102010f, 0x02030110, 
    0x03000101, 0x01004c03, 0x09ead718, 0x00030423, 0x0a214169, 0x26111128, 0x06232624, 0xc9531c0b, 0x08c44206, 0x26071723, 0x75581823, 0x82012008, 
    0x024008bc, 0xa23d75f4, 0x79cb7b5e, 0x5d7bcb79, 0x57743da3, 0x4b7f4d72, 0x754d7f4b, 0x3803c7fd, 0x3d02c8fc, 0x75443b73, 0xc57978c6, 0x743b4475, 
    0x4d7c4a53, 0xfe4a7d4c, 0x03009bb0, 0x00007800, 0xd2057105, 0x0f200982, 0x22089f82, 0x0038403b, 0x02010703, 0x69020305, 0x01080500, 0x04050104, 
    0x0000006a, 0x01064d56, 0x01570101, 0x1810114e, 0x26155be9, 0x332b170b, 0x56013301, 0x22210c53, 0x06d86626, 0xa006142c, 0xfca90004, 0x5e423100, 
    0x0382425e, 0x86770321, 0xd2052508, 0xd7032efa, 0x17821384, 0x87fbfc21, 0x02002f09, 0xa804d4fc, 0xe006c4fe, 0x28001e00, 0xc1469200, 0x50303405, 
    0x110f4058, 0x02010210, 0x05060128, 0x06000100, 0x8c1b4c03, 0x82042011, 0x4b592211, 0x202883b0, 0x06b77221, 0x27826920, 0x01060530, 0x06006905, 
    0x59060000, 0x00060600, 0x3a820461, 0x1b51002c, 0x04002840, 0x04060006, 0x2b918000, 0x2b870420, 0x00363482, 0x0a405951, 0x25162323, 0x07222422, 
    0xb12b1d0b, 0x01440006, 0xa7500606, 0x33333605, 0x22233435, 0x26271506, 0x16323336, 0x16141515, 0x26262317, 0x08128327, 0x32331461, 0x2efe3736, 
    0x553c4f15, 0x62738265, 0x7e342e54, 0x60657d01, 0x870a077b, 0x62060705, 0x25553c33, 0xf3040e49, 0x4c5a2f1c, 0x5925584f, 0x48092025, 0xe3626661, 
    0x0f204320, 0x1f30bf21, 0x0016273f, 0x04d4fc02, 0x06c2fea2, 0x001500e0, 0xb149001c, 0x40446406, 0x0301123e, 0x00011302, 0x834c0203, 0x830420db, 
    0x000426db, 0x02040302, 0x0a085667, 0x20820620, 0x01510034, 0x171a1c00, 0x0c0e1016, 0x0006080b, 0x07150115, 0xbe85160b, 0x68262221, 0x15210775, 
    0x7bc61921, 0x82032008, 0x263a08cb, 0xdffd2223, 0x67948c7f, 0x98fe797a, 0x353f4704, 0x19461740, 0x35e5da66, 0xa204623e, 0x8b147399, 0x2f759d93, 
    0x20234b44, 0x01482346, 0x43340752, 0x82fd0200, 0x1cfeb204, 0x7d82a707, 0x33000f22, 0x2820a384, 0x54079e52, 0x002311f6, 0x820c0e00, 0x0003248c, 
    0x54051103, 0x112207f2, 0x0f4c1123, 0x05a65405, 0x8614fe3a, 0x2426290c, 0x25262727, 0xfdda0628, 0x852802d8, 0x1e2a2a1e, 0x0029291e, 0x022a0082, 
    0xa204c8fc, 0xe006d5fe, 0x7f4d0d00, 0x0e0f2924, 0x14160001, 0x1b0f1b0e, 0x0d237682, 0x41060d01, 0x14251203, 0x36322706, 0x06844535, 0x14152a08, 
    0x75cffd16, 0x77759292, 0x44778f8f, 0x43443e3e, 0xa2043e3e, 0x800c7e9a, 0x0c7e9c9a, 0x5d6e9c7c, 0x5d4f0c4d, 0x4d0c4f5d, 0x2d8e825d, 0xdefc0100, 
    0xb4fea804, 0x1100da06, 0xfd835500, 0x010db526, 0x4c010102, 0x20058742, 0x053d5018, 0x0e655720, 0x0104210a, 0x52290c82, 0x0019401b, 0x02000402, 
    0x37208259, 0x01000400, 0x02006704, 0x00620002, 0x52000200, 0x1211b759, 0x05221322, 0x4206374d, 0x1126066c, 0x33141133, 0x06823732, 0x3efe233d, 
    0x5739511a, 0x4f5f8465, 0x0466861e, 0x6d2823f3, 0xfe49017c, 0x013d7db7, 0x82d8fd89, 0xfc012c94, 0xfea204cc, 0x00e006b9, 0x8346001c, 0x3b402193, 
    0x2c08b97b, 0x05030405, 0x01007e04, 0x01020300, 0x13b84603, 0x17191a2d, 0x0c0e1015, 0x0007090b, 0x421c011c, 0x33420a32, 0x45172007, 0x1521051e, 
    0x059e6815, 0x06332f08, 0x5acffd06, 0x857e3772, 0x8004786e, 0x3e363302, 0x2f3f3e3f, 0x05800636, 0x4ea20486, 0x7014497f, 0x1f5178a4, 0x1444623c, 
    0x202f6147, 0x9f82714c, 0xc0fc0222, 0xbf289f82, 0x0f00c807, 0x9b001b00, 0x3405df43, 0x40585020, 0x0501090f, 0x02121301, 0x010e0504, 0x4c030400, 
    0x20118c1b, 0x20118203, 0x056e4659, 0x02002226, 0x57020001, 0x26070143, 0x00040107, 0x82590400, 0x00042c06, 0x02060361, 0x51000400, 0x8a23401b, 
    0x8203201e, 0x0200271e, 0x02000300, 0x26856703, 0x3705a847, 0x11174059, 0x16000110, 0x111b1014, 0x0b0c0d1b, 0x0006080a, 0x080f010f, 0x2e0f2542, 
    0x11331117, 0x27062723, 0x26353732, 0x83062223, 0xfd2708fc, 0x7a7c66a2, 0x86366168, 0x4c370974, 0x57232555, 0x043f403b, 0x0c78a0a2, 0x01369d7d, 
    0x31eafc1e, 0xc7506e41, 0x424d604c, 0x01260528, 0xb204defc, 0xf382b4fe, 0x3d001122, 0x4026f183, 0x02010132, 0x04820e00, 0xd7480220, 0x57042305, 
    0xd6840000, 0x0105692c, 0x5f010404, 0x04010103, 0x13824f01, 0x11001129, 0x22132312, 0x431a0b06, 0x112005bd, 0x0bcc3519, 0x11073008, 0x62fd1123, 
    0x67595c36, 0x51342986, 0xc807841e, 0x703adefe, 0x01bffe7d, 0x3f433c41, 0x16037ffe, 0xfc010000, 0xffb2043a, 0x00e00662, 0x84390020, 0x052e2b7b, 
    0x1c000301, 0x02030201, 0x8582074c, 0x02230d82, 0x83690300, 0x0200340a, 0x0204065f, 0x4f020002, 0x15221211, 0x22231322, 0x851e0b08, 0x82362077, 
    0x6a172077, 0x2328069e, 0x22233411, 0x15160706, 0x09827e82, 0x333f8583, 0x4f1ab0fc, 0x192d7937, 0x66593f55, 0x372e5b88, 0x5f84030d, 0x63861d50, 
    0x28249406, 0x84332c5f, 0x7d433794, 0x1d192126, 0x4301bdfe, 0x7cfe3c7d, 0x01002802, 0xb20442fd, 0x9b8274fe, 0x7b530f20, 0x010b2607, 0x01060200, 
    0x25058202, 0x0201004c, 0xa082034a, 0x00210782, 0x0a434c69, 0x12112324, 0x0f410423, 0x26152407, 0x84222326, 0x089d8481, 0x0d74fe31, 0x1b520e24, 
    0x18106786, 0x061b3046, 0x09097dda, 0x028dfe4a, 0x26224228, 0x01000000, 0xae042800, 0x66077501, 0x40001600, 0x446406b1, 0x82093540, 0x4c01316b, 
    0x05040500, 0x02060785, 0x00010304, 0x67000401, 0x022c7282, 0x01005901, 0x00620201, 0x52020102, 0x162b3b82, 0x11111600, 0x11122613, 0x411c0b08, 
    0x15230512, 0x6b141123, 0x26080ba3, 0x35333523, 0x75011533, 0x1c0c2f64, 0x1d290804, 0x61614352, 0x6de00688, 0x0451f9fe, 0x06046902, 0x0d015662, 
    0x8286866d, 0xfc01224b, 0x23f782cc, 0x00da06ce, 0x552a9356, 0xfd3d0703, 0x6b90c591, 0x94650707, 0x02b204c5, 0x27a2fe28, 0xfd5e0127, 0xfc0100d8, 
    0xffb204fe, 0x54538204, 0x0a2408c7, 0x04010407, 0x4c28d082, 0x00020304, 0x57000101, 0x00230783, 0x82025f01, 0x4f01210b, 0x0b258782, 0x12120b00, 
    0x07594e12, 0x17012608, 0x13033337, 0x23072723, 0xa1fd0313, 0xaaa1605e, 0x66659eae, 0x06a9ad9d, 0xfeaaaada, 0xadeafeee, 0x011601ad, 0x2a378212, 
    0xfd40fd01, 0xff70feda, 0x4d0f0086, 0xb741074f, 0x13b3410a, 0xb3413220, 0x4105200a, 0x200805b3, 0x33112315, 0x32333617, 0x0f70fe16, 0x19560e20, 
    0x32106584, 0x7e190e5c, 0x4f07097d, 0x43a601ec, 0x29b98249, 0xa8043afc, 0x6e0531ff, 0x8b6a1800, 0x0db52605, 0x01010301, 0x05aa594c, 0x02051b22, 
    0x7027d684, 0x03010106, 0x82590103, 0x03012b06, 0x03010462, 0x1b520301, 0x1d841a40, 0x92850021, 0x4059251c, 0x2212220a, 0x10200282, 0x2c08d347, 
    0x33161633, 0x33273632, 0x22230616, 0x23038227, 0x06333526, 0x70081183, 0x017c6efd, 0x282f2b3c, 0x7d018801, 0x323a6562, 0x807a6568, 0x232b3501, 
    0x2b6e0533, 0x642b2e2e, 0x6b383862, 0x252e2b5b, 0xfc030000, 0xffa2040e, 0x00e00653, 0x00320027, 0xb1670039, 0x40446406, 0x0301195c, 0x02131404, 
    0x24310302, 0x06070303, 0x07000125, 0x01054c04, 0x03010b04, 0x69030402, 0x0802010a, 0x02070601, 0x01096906, 0x07000007, 0x08068259, 0x61000726, 
    0x00020c01, 0x01510007, 0x34373900, 0x2a2d2f33, 0x20212328, 0x181a1c1f, 0x0d0f1116, 0x0005070b, 0x0d270127, 0x2009a544, 0x14914827, 0x33361727, 
    0x15151632, 0x24c68221, 0x06061737, 0x08974825, 0x47372621, 0xfe2705ec, 0x2075516f, 0x48466417, 0x450809a2, 0x3b6e647e, 0x767b6344, 0x80089afe, 
    0x1b472e5f, 0x64a4fe6b, 0x26553c33, 0x88091151, 0x633f32e3, 0x3943a204, 0x4c5a4531, 0x5b23584f, 0x48092025, 0x9d3f3f61, 0x438f2f75, 0xff432846, 
    0x293f1f30, 0x07762121, 0x0b414433, 0x06743007, 0x002100e0, 0x003c0031, 0x6406b161, 0x41564044, 0x0329080b, 0x03080601, 0x0401054c, 0x05054107, 
    0x0002002f, 0x08020608, 0x020b0969, 0x06000006, 0x37078359, 0x01610006, 0x0600020a, 0x22235100, 0x37390001, 0x282a3234, 0x31233122, 0x230a0541, 
    0x0c210121, 0x47260541, 0x30240ce5, 0x16141515, 0x2809a749, 0x4d6efe26, 0x65162175, 0x0b084148, 0x473b7023, 0x0a04486a, 0x3365c32e, 0x5227553c, 
    0xa2040810, 0x48323c44, 0x210a0241, 0x19484040, 0x4e31080b, 0x5d4d0c01, 0x3f1f3091, 0x001e232b, 0x0efc0200, 0x17ffa804, 0x1f00e006, 0x7e002900, 
    0x446406b1, 0x17181040, 0x29040302, 0x0607021f, 0x07010107, 0x062c4803, 0x01052232, 0x03040000, 0x00690400, 0x07060003, 0x00690603, 0x59261e83, 
    0x01070700, 0x28820261, 0x1b51012c, 0x01002940, 0x01070207, 0x2c938002, 0x83070221, 0x6102312c, 0x02070200, 0x0b405951, 0x22252423, 0x11112524, 
    0x2508c245, 0x23033313, 0x2c422626, 0x15162215, 0x09104115, 0x85fefd2b, 0x04bde394, 0x51160208, 0x0b13413a, 0x887b6022, 0x2a06ba4a, 0x61017905, 
    0x210fd8fd, 0x412e1e12, 0x66230a0a, 0x4a5ad162, 0x002005bc, 0xae2afb83, 0xc3fea804, 0x1500cb07, 0x135f2400, 0x01132d07, 0x01160102, 0x4c020203, 
    0x4a010101, 0x600bff4c, 0x24230bc4, 0x45292526, 0x372308e0, 0x7015021e, 0x544c066e, 0x26172305, 0xe04f1326, 0x323f0808, 0x34353536, 0x592b40fd, 
    0x7848629d, 0x477a4b49, 0x383d6a9a, 0x10b98220, 0x3e423743, 0x493c4343, 0x17676407, 0x3175c284, 0x43498255, 0x8f764572, 0xfe6c5a20, 0x591913c3, 
    0x5b503c41, 0x8b0c3256, 0x001e22a7, 0x0715462d, 0xa7821720, 0xa7841f20, 0x1b1c1d29, 0x0405061a, 0x9a090103, 0x252b22af, 0x24af892d, 0x17371716, 
    0x07ee5d07, 0x88262221, 0x072723b4, 0xb9923727, 0x7c4e5b26, 0x45387026, 0x0d27bd89, 0x28721827, 0x8bc82f64, 0x431827c2, 0x3f403847, 0xc68960a7, 
    0x193d2528, 0x21393741, 0xcb8dbefe, 0x03b42f08, 0x06bffed8, 0x001c00e6, 0xb1b50029, 0x4b446406, 0x585029b0, 0x01161740, 0x20210306, 0x0a060502, 
    0x04050201, 0x03020101, 0x05010001, 0x19841b4c, 0x19920420, 0x38855920, 0x01042330, 0x05060003, 0x08690603, 0x02000501, 0x5e640501, 0x00592606, 
    0x61000101, 0x2d448207, 0x401b5100, 0x0304002a, 0x06040306, 0x2ca00080, 0x19405939, 0x00011d1e, 0x291d2224, 0x1718291e, 0x0b0d1315, 0x1c000608, 
    0x43091c01, 0x37280ac9, 0x32331616, 0x23063535, 0x2b06984f, 0x37173233, 0x06141133, 0x36320306, 0x080a8349, 0x7f3bb241, 0x53224029, 0x5f388d28, 
    0x8a3f6c43, 0x07386664, 0x3a7a4c78, 0x26123a2e, 0x3e424354, 0x322fd803, 0x75222956, 0x7f4a402f, 0x9e7c0c4f, 0xe5fd3d49, 0x012e6653, 0xec1e203c, 
    0x0c4d603b, 0x82005e4e, 0xfc013e00, 0xfea804a6, 0x000807c0, 0xb1530020, 0x40446406, 0x04011948, 0x00011e05, 0x004c0204, 0x20d78202, 0x4bd78202, 
    0x062a0732, 0x06040500, 0x04006705, 0xf3510000, 0x82072006, 0x51002d28, 0x1c1d0001, 0x15171a1b, 0x0a0b0d0f, 0x2022cf82, 0x454a2001, 0x50162010, 
    0x1720085a, 0xc882de83, 0x35233908, 0x06061521, 0x9c77b9fd, 0x7b77749b, 0x360a7b07, 0x113c3e3e, 0x56370101, 0x7b0d3f34, 0x8e130201, 0x6a88a804, 
    0x6b856b7e, 0x2e252b50, 0x4251294a, 0x520c1455, 0x3d1bf26c, 0xc828b784, 0xcafeb204, 0x0c00ce07, 0x22075d43, 0x47050809, 0x012706ef, 0x03010003, 
    0x5d000057, 0x022008c0, 0x2507f247, 0x130c000c, 0xf2471312, 0x112e0808, 0x07333737, 0x07272313, 0xfd112315, 0x91992b4e, 0xa697ecc5, 0xce07863f, 
    0xb13328fe, 0xf1b6fede, 0x1c03b041, 0x72fd0100, 0xf6fdb204, 0x5f5dc807, 0x33012b23, 0x72fd2311, 0xc8078484, 0xa783eafc, 0x8202fd21, 0x079322a7, 
    0x0a1b5606, 0x57020121, 0xcc55136f, 0x21153010, 0xfe113311, 0x866ffe93, 0x026e2005, 0x821afe54, 0x01002721, 0xb20460fc, 0x4f8209ff, 0x2e000c30, 
    0x446406b1, 0x05082340, 0x01000102, 0x0482044c, 0x57000122, 0x00240682, 0x02035f01, 0x4f251383, 0x11121211, 0x084c4d11, 0x9a821320, 0x03112208, 
    0x23110323, 0xb4fd3311, 0x9588a3b2, 0xa3849a6e, 0xc3014305, 0x7001acfd, 0x7e0190fe, 0x540282fe, 0x20638200, 0x26b382c6, 0x00e4069c, 0x4d520011, 
    0xb38206d7, 0x2006aa45, 0x82618315, 0x6902215d, 0x01206a86, 0x4f277882, 0x0019401b, 0x4b010204, 0x002009c8, 0x4d09c74b, 0x474b0fd4, 0x8407200b, 
    0x4d3c208c, 0x062f0ad4, 0x6d282399, 0x01b7fe7c, 0xfe3d7d49, 0x83280277, 0x8288208f, 0x82c0208f, 0x4f0920f3, 0x06200765, 0xf3838f82, 0x2416d949, 
    0x12090009, 0x09d94911, 0x82110121, 0x820120f9, 0x0efd2e69, 0x88882a01, 0x0786d6fe, 0x0177fe06, 0x22f68289, 0x837afe86, 0x020023f2, 0x6382b4fc, 
    0x6382af20, 0x22001924, 0xf5834300, 0x0a384028, 0x01040001, 0xe083034c, 0x02008627, 0x02040500, 0x13364e05, 0x1c202227, 0x0611131a, 0x228c8204, 
    0x4e190119, 0x23280836, 0x21112315, 0x14151632, 0x2d050e45, 0x23151716, 0x35352626, 0x33272634, 0x06823632, 0x23233508, 0x8674aefd, 0x76680901, 
    0x09252f54, 0x060e880b, 0x2683aa2f, 0x83223430, 0x02d98b05, 0x56535f54, 0x2e491330, 0x0e371431, 0x12410e08, 0x6d1e2931, 0x24272530, 0x24085342, 
    0x00e1068e, 0x077f4a14, 0x02010135, 0x02090d00, 0x4c020201, 0x01020100, 0x02000086, 0x82590002, 0x61022a2b, 0x02000200, 0x22262551, 0x06415903, 
    0x36270123, 0x21958333, 0x90820706, 0x82362721, 0x23240889, 0x3ffd0622, 0x506d513d, 0x7d2c4471, 0x4447928e, 0x063b1f46, 0x5c434c52, 0x1f593b50, 
    0x26e302ce, 0x154b333d, 0x01324b82, 0xa804bafc, 0xe60695fe, 0x3b002400, 0x446406b1, 0x6c823040, 0x0102042b, 0x04008004, 0x05040205, 0x3b24827e, 
    0x02000102, 0x03050069, 0x00590503, 0x61030505, 0x03050300, 0x29122251, 0x06281222, 0x22073a4c, 0x18272634, 0x2a08d2b8, 0x23262623, 0x16141522, 
    0x51161617, 0x35200503, 0x08058c4a, 0x360efe47, 0x7c7b4946, 0x7d86635d, 0x53333306, 0x70673436, 0x81735e89, 0x2754027c, 0x48052c2f, 0x1110241d, 
    0x574a4f4c, 0x25234867, 0x0e1c1e3a, 0x524c491a, 0x31437554, 0x00002121, 0x046cfd01, 0x0780feb2, 0x000e00d8, 0x25a78430, 0x02010825, 0x99820901, 
    0x004c0226, 0x86000200, 0x2809e04c, 0x01020061, 0x13255102, 0x081e4110, 0x34112326, 0x16323336, 0x39056954, 0x84f0fd15, 0x21115275, 0x1b13101b, 
    0xb204331f, 0x64626002, 0x06680505, 0xea822f2b, 0xd8fc0122, 0x91246782, 0x0900da06, 0x26070f41, 0x02010108, 0x68000103, 0x672109a2, 0x0af55a04, 
    0x24086159, 0x11090009, 0x08d35a12, 0x2115013f, 0x35210135, 0xfe011521, 0x0147fe91, 0x01f1fe11, 0x05f5fea9, 0x01626e20, 0xfe606e58, 0x2f6a82a6, 
    0x92fc0200, 0xd8fea804, 0x1800e606, 0x9d002600, 0x3209db46, 0x06010a10, 0x021c1d01, 0x12170603, 0x03030002, 0x83401b4c, 0x8b022012, 0x06cd4612, 
    0x01021f31, 0x03060001, 0x08690601, 0x00030205, 0x83590300, 0x00032f07, 0x02070461, 0x51000300, 0x0024401b, 0x5b500602, 0x2f269a05, 0x1a194059, 
    0x21000119, 0x1a26191f, 0x0f141626, 0x22056353, 0x46180118, 0x63530ac3, 0x37173306, 0x33141133, 0x06173732, 0x27222306, 0x36322706, 0xbc483537, 
    0x153f0805, 0x7dfd1614, 0x6d7e816a, 0x08194b35, 0x040a267a, 0x182d120c, 0x4c351751, 0x13133a2b, 0x3f43293c, 0x96a8043f, 0xa8830875, 0xfe42242a, 
    0x5b043c72, 0x5151050c, 0xd022276c, 0x56672922, 0x41534c08, 0x36080513, 0xfeed03a8, 0x00a207c1, 0x00290015, 0x6406b154, 0x06494044, 0x16050401, 
    0x0f040301, 0x03030101, 0x0102004c, 0x01078602, 0x05060000, 0x00690600, 0x03040005, 0x68690405, 0x01310f31, 0x22252700, 0x1a1d1f20, 0x0d101118, 
    0x0115000b, 0x08be4615, 0x42052943, 0x2731079b, 0x34112315, 0x16033636, 0x35323316, 0x23232634, 0x08078535, 0x15062241, 0x8664acfd, 0x47422b33, 
    0x4e267689, 0x784e8620, 0x2f461540, 0x3e354985, 0x3242702b, 0xa207502a, 0x50385865, 0x41631717, 0x1513766d, 0x55cb02e3, 0xa4fd2f66, 0x487a2117, 
    0x2d68653c, 0x834d3736, 0xfa082ccf, 0x01c2fe17, 0x00ae05b8, 0x821b000d, 0x00372ad1, 0x00530045, 0x006f0061, 0x08db84ab, 0x011ea050, 0x1f051f1c, 
    0x0e80051c, 0x0403060c, 0x04071507, 0x181a8015, 0x17140316, 0x09141709, 0x0a101280, 0x010b0803, 0x8001080b, 0x03000102, 0x1d008600, 0x1d1c1f00, 
    0x010d691f, 0x07010f05, 0x69070504, 0x1b150119, 0x15141701, 0x01116917, 0x2a821309, 0x690b0928, 0x03030100, 0x59185901, 0x2f0809e8, 0x696a6c6e, 
    0x62636567, 0x5b5c5e60, 0x54555759, 0x4d4e5052, 0x4647494b, 0x3f404244, 0x38393b3d, 0x31323436, 0x2a2b2d2f, 0x23242628, 0x22121f21, 0x10230185, 
    0x501f0720, 0x23200518, 0x2d05df45, 0x23262623, 0x23010622, 0x32333634, 0x0d851516, 0x56230321, 0x1b8e052c, 0x29833620, 0x37870320, 0x0d833420, 
    0x0d871320, 0x05201b84, 0x1b843787, 0x298c0120, 0x7cfd2208, 0x60710172, 0x01717362, 0x2c34372c, 0x7274bffd, 0x70726262, 0x34362d01, 0x01710c2c, 
    0x73616072, 0x2a198370, 0x7299042b, 0x73626171, 0x822d0172, 0x720c2e26, 0x5f637201, 0x352e6e72, 0x73c72f35, 0x21188201, 0x25827272, 0xfa2e3224, 
    0x33827004, 0x72736323, 0x213f822e, 0x2685ed02, 0x2e6f2108, 0xfe2d3734, 0x6b6b53c2, 0x403e2853, 0x6953f604, 0x3b295369, 0x51d9fb3b, 0x27536b6d, 
    0xd903413f, 0x3c221185, 0x1185dafb, 0xe1013f33, 0x51696a50, 0x283c3c28, 0x51696951, 0x023e3b29, 0x080883e6, 0x3e3c284e, 0x08000000, 0x62fe2cfa, 
    0xc6057001, 0x09000400, 0x13000e00, 0x1d001800, 0x27002200, 0x06b15600, 0x4b404464, 0x031c2425, 0x21260203, 0x161a1d20, 0x06070915, 0x02030405, 
    0x03000f01, 0x0102181f, 0x004c0300, 0x03010502, 0x67030200, 0x370ae148, 0x00010104, 0x0f0f4f01, 0x130f0a0a, 0x1112130f, 0x0e0a0e0a, 0x1707061b, 
    0x08059241, 0x05352589, 0x35250515, 0x13010537, 0x03031733, 0x03331327, 0x33370301, 0x35270313, 0x27011725, 0x03071725, 0x07133703, 0xb3fe79fb, 
    0xe9055b01, 0x010fa5fe, 0x46f2fb4c, 0x547a0c88, 0x46607a0c, 0x60c61f02, 0x60d19512, 0xfa424501, 0x27014789, 0x929c0161, 0x0164c640, 0x44627aa6, 
    0x8c460c8c, 0x5afc7a0a, 0xfe0e6001, 0x0e0406ae, 0xa0fe5201, 0x2c01acfa, 0x04bafe62, 0x9a0e642e, 0x421efb46, 0x030e64ca, 0x42480158, 0x8260d6fe, 
    0x01002dfe, 0xa20458fc, 0xfe052aff, 0x76000700, 0x3805c944, 0x40585015, 0x0203001c, 0x00700302, 0x01000001, 0x00020071, 0x00570200, 0x08a76002, 
    0x19b04b22, 0x1b202382, 0x01212388, 0x21229086, 0x1d821a40, 0x82850321, 0x281c9140, 0x11b65959, 0x04101111, 0x05485407, 0x15210333, 0x35213523, 
    0xdefdd633, 0xaf2302b0, 0xf07e2005, 0x2a97826c, 0xff18056c, 0x00140668, 0x832c0014, 0x21402297, 0x21518200, 0x32565900, 0x2e938208, 0x02010461, 
    0x22510200, 0x20231323, 0x411b0705, 0x3325055f, 0x33023e32, 0x5f4d1832, 0x22240807, 0x23230606, 0x512a6cfc, 0x3b6a6d80, 0x3c89806f, 0xab833a2e, 
    0x9e052c75, 0x69242e24, 0x3510266d, 0x003b3b31, 0x012c0082, 0x150562fd, 0x5a065bfe, 0x19000500, 0x0e266f84, 0x03010405, 0x1b824900, 0x01127622, 
    0x3007bc41, 0x07333527, 0xa608fe17, 0x053d03bf, 0x8e7cc915, 0x203b8573, 0x203b82a2, 0x203b849a, 0x253b841a, 0x0102030f, 0x3c850400, 0x3c881420, 
    0x37270732, 0x9afe3327, 0x043c52a6, 0xc9de05c0, 0x008e7344, 0x3220e782, 0x1622e786, 0x3b843e00, 0x010b332d, 0x4c010201, 0x4901010d, 0x82000104, 
    0x00572247, 0x20068203, 0x07e34903, 0x00010032, 0x00014f01, 0x07091012, 0x16000204, 0x07051601, 0x21064e59, 0x676f1533, 0x15210806, 0x34352315, 
    0x16323336, 0xfe161617, 0x33afa0c8, 0x48624e4f, 0x9588572e, 0x2e785c82, 0x9e053b21, 0x29fd8286, 0x2610372f, 0x19317462, 0xc3841a12, 0x0494fc2b, 
    0x0662ffa2, 0x002400e0, 0x090957e3, 0x02003534, 0x02030003, 0x07008000, 0x07050605, 0x0b0c8006, 0x10820102, 0x69030122, 0x093f9c82, 0x00070501, 
    0x06006705, 0x59060808, 0x08060600, 0x08010a61, 0x1b510806, 0x5029b04b, 0x8f3a4058, 0x2038843c, 0x20388b59, 0x8438820a, 0x080a2352, 0x48820a01, 
    0x00204282, 0x40214184, 0x273c953f, 0x05040000, 0x04005700, 0x04207a83, 0x41977a83, 0x40595923, 0x30d88216, 0x23240024, 0x22202122, 0x12112212, 
    0x11221322, 0x0719450d, 0x36331526, 0x16323336, 0x23070d45, 0x23153307, 0x08050b4d, 0x06063354, 0x27262223, 0x11231523, 0x0f651afd, 0x6836688b, 
    0x3c047843, 0x083d3b29, 0x3f06b9b9, 0x0330363b, 0x5e820178, 0x630b8d6c, 0xdada0686, 0x53297a66, 0x43242a3f, 0x443e623c, 0x73592b33, 0x02e16e83, 
    0xffff0028, 0x2105b0fc, 0xf505f6fe, 0xee060700, 0x8982cefb, 0x002f1382, 0x01870328, 0x01fe0431, 0xffe90607, 0x677405ba, 0x0521051f, 0x083f6974, 
    0xe7045028, 0x20066201, 0x2b490d00, 0x32f61807, 0x8259200c, 0x61032745, 0x00030104, 0x0a825103, 0x0d000d27, 0x05222221, 0x058c6308, 0xff461320, 
    0x83232005, 0x14153406, 0x660d0d75, 0xed252566, 0x4848e704, 0xa0996b3e, 0xe5000100, 0x07795b5b, 0x510a4f5e, 0x0432064f, 0x00030001, 0x0b000151, 
    0x0506080a, 0x010d0003, 0x7e7f050d, 0x33342709, 0x22231533, 0x06821415, 0xed3d0132, 0x662525ed, 0xe7040d66, 0x3e6b99a0, 0x02004848, 0x0227bb83, 
    0x00200675, 0x5311000d, 0x4b2905c1, 0x585030b0, 0x01051b40, 0x22d98202, 0x18690102, 0x2d0bfe9a, 0x00030206, 0x401b5103, 0x01050020, 0x57630503, 
    0x28229207, 0x00104059, 0x0f101100, 0x2457820e, 0x2222210d, 0x144a4107, 0x03232523, 0x074e4133, 0x7d130124, 0x5341c166, 0x01092307, 0x9b860026, 
    0x9b869520, 0x235e6420, 0x419b8209, 0x06211203, 0x05dc4902, 0x02219b82, 0x989b8200, 0x40592322, 0x9b840113, 0x20092e41, 0x142e4107, 0x32419e83, 
    0x4b012108, 0x37419f84, 0x209f8a05, 0x209f86bf, 0x6e9f8967, 0x0020057a, 0x230d3b41, 0x03060507, 0x25053c41, 0x01040021, 0x3c410403, 0x2c238713, 
    0x0e144059, 0x0e00000e, 0x10110e11, 0x0641410f, 0x41410820, 0x13372314, 0x41410333, 0x227a2307, 0x404166c1, 0xdafe220a, 0x07434100, 0xa386c720, 
    0xa38c6a20, 0x83112041, 0x0544417f, 0x0221a382, 0x99a38200, 0x40592523, 0x010e0e17, 0x4941a386, 0x41082009, 0xa6831449, 0x20084941, 0x41a7849a, 
    0xa7860848, 0xe704002a, 0x59074602, 0x22001400, 0x21071f48, 0x916a0105, 0x02320808, 0x0800020a, 0x006a0004, 0x06070008, 0x00690708, 0x06090906, 
    0x06060059, 0x010b6109, 0x51090609, 0x00011515, 0x22152215, 0x1b1d1e20, 0x11121719, 0x08190e10, 0x0c200906, 0x26259388, 0x06222326, 0x05574907, 
    0x32331627, 0x06063337, 0x0cdc4301, 0x18a60121, 0x2113e9a6, 0xf343cffe, 0x85062e06, 0x1d32292a, 0x2b2a765a, 0xfe725e51, 0x06004462, 0x00000024, 
    0xbfa10002, 0xbf830720, 0x08000728, 0x69080709, 0xba820900, 0x82005921, 0x24bf82c4, 0x51060906, 0x29bf8216, 0x1b1d1f20, 0x2215181a, 0xbfaa2216, 
    0x35220322, 0x940be143, 0x436920bf, 0xbe8e06f6, 0x2f058241, 0x14010300, 0x4e041805, 0x0300f706, 0x1b000f00, 0x4907bb5c, 0x5922057c, 0xdd820100, 
    0x67000122, 0x03350e82, 0x04076102, 0x03020306, 0x10115102, 0x15170405, 0x1b111b10, 0x0675780b, 0x1808082c, 0x0006b12b, 0x03230144, 0x19620133, 
    0x8a21200a, 0xf6022a0b, 0xfec1667d, 0x444430b4, 0x21038230, 0x08862202, 0x01d10525, 0x8421fe26, 0x86178313, 0xffff2103, 0x02359787, 0x00e60606, 
    0x00030000, 0x03f9047c, 0x001f070e, 0x00200014, 0x1625422c, 0x00040728, 0x0701096a, 0x65590606, 0x61063b05, 0x030b080c, 0x51060706, 0x15162122, 
    0x26280001, 0x2c222c21, 0x20151a1c, 0x65412016, 0x420d200d, 0xd1971c25, 0x1419a918, 0x3159fe2a, 0x31314646, 0x74014545, 0x06210886, 0x0b38424b, 
    0x1c84ae20, 0x1b863120, 0x00200782, 0x04259882, 0x060b01f0, 0x0a7b5316, 0x18000121, 0x220cc0e0, 0x41021011, 0x0b230b62, 0x82c1667d, 0x00262532, 
    0xa200ffff, 0x85270882, 0x06021606, 0x8300fa0a, 0xc30d190f, 0x02002d0c, 0x15051401, 0x0206a603, 0x17000b00, 0x21075952, 0x5e830103, 0x06825920, 
    0x61000126, 0x03040205, 0x512e8282, 0x00010c0d, 0x170c1113, 0x0507170d, 0x8e820b00, 0x6309ad55, 0xcf4108e9, 0x8b01210b, 0x0521e78f, 0x82da9015, 
    0x057a2658, 0x06750115, 0x267f8203, 0x6406b127, 0x821c4044, 0x01002113, 0x850d5c7a, 0x86032071, 0x41132071, 0xf7270a6f, 0x334a4a33, 0x834a4a34, 
    0x4532265b, 0x46313245, 0x2a3f8200, 0x02020566, 0x001606e8, 0x84210008, 0x7d162053, 0x21210f6f, 0x0aec5012, 0x33133538, 0x27231513, 0xebb11701, 
    0x8eb3ecab, 0x01090205, 0x09f5fe0b, 0x008200af, 0x89000121, 0x719f864b, 0x0132205b, 0x15333717, 0x35032303, 0x8e901701, 0xebabecb3, 0x56181606, 
    0x0126087a, 0xfb046300, 0x9b82a702, 0x2408375d, 0x02010103, 0x31471801, 0x0461330a, 0x00020001, 0x0c000151, 0x0507090b, 0x010f0004, 0x6b41050f, 
    0x35262709, 0x33161433, 0x06823632, 0x0106063a, 0x4e835185, 0x45455984, 0x834d8459, 0x814bfb04, 0x5757444f, 0x4c804f44, 0x2a274082, 0x3802a504, 
    0x70009c06, 0x24085aa7, 0x47784831, 0x49487847, 0x77474777, 0x49493549, 0x49493435, 0x7244a504, 0x44714646, 0x46467144, 0x4a7e4472, 0x22138234, 
    0x414a3434, 0x6424054b, 0xb101f004, 0x0a20fb82, 0x3f059762, 0x500eb04b, 0x00164058, 0x00010100, 0x01020071, 0x00590201, 0x61010202, 0x01020100, 
    0x15401b51, 0x00211882, 0x23178f86, 0x2221b559, 0x3a0abc41, 0x23233637, 0x16323335, 0x88460107, 0x8b2a1447, 0x35467c8b, 0x2789f004, 0x84557b76, 
    0x89012f73, 0xb202a501, 0x0900e503, 0x06b11e00, 0x0d194464, 0x01201983, 0x08830d19, 0x5fb20233, 0x302f7456, 0x60b9e503, 0x4a4d4cdb, 0x00bb5698, 
    0x2747c701, 0xdb037afe, 0x8405a3ff, 0x06298f89, 0x49000205, 0x00000101, 0x23b08276, 0x02090009, 0x0806ec41, 0x0e300328, 0x36270702, 0x175d3536, 
    0x752d432d, 0x84052f30, 0x288c9164, 0x70a24a4d, 0x00010000, 0x015efe9b, 0x003000f9, 0xfd480012, 0x500c2b06, 0x00204058, 0x00010203, 0xbf4a7203, 
    0x04042309, 0x57825900, 0x0562042a, 0x04000401, 0x21401b52, 0x02232283, 0x98800103, 0x40592c23, 0x0000000d, 0x11110012, 0x62212411, 0x13200776, 
    0x075e6318, 0x33372323, 0x050b5215, 0x769b2408, 0x372b2b37, 0x625f1e52, 0xfe786f5b, 0x251d695e, 0x86e61c25, 0x58514d04, 0x00010052, 0x014cfe5e, 
    0x821000fe, 0x069b4a47, 0x00011029, 0x0f4c0101, 0x7e030607, 0x0d251440, 0x0112000b, 0x07e34312, 0x21052546, 0xab7a1737, 0x08088306, 0x61490120, 
    0xb252598a, 0x1c536642, 0x1e3b132e, 0x644cfe59, 0x3784475e, 0x3f612e10, 0x810b114f, 0xb4822111, 0x00ffff31, 0x0248fe66, 0x035cffe8, 0x00930a07, 
    0x4b46f900, 0xf92105eb, 0x07eb4b46, 0xff1efc33, 0x043cff79, 0x000300b9, 0x6406b11f, 0x02144044, 0x21988201, 0x7f410085, 0x00032405, 0x66031103, 
    0x032f0699, 0xc4012301, 0x028567fd, 0xfab90498, 0x824005c0, 0x01002922, 0xc2ff7bfb, 0x1006dfff, 0x212b3fa6, 0x037814fc, 0xf91006ec, 0x844e06b2, 
    0x60fc273f, 0x0cffcc04, 0x13714d06, 0x500a2c09, 0x04184058, 0x02010203, 0x71710102, 0x5f280968, 0x02000200, 0x17401b4f, 0xce561a84, 0x82572006, 
    0x85022043, 0x40592219, 0x6e0c820c, 0x30080fa7, 0x11231121, 0x60fc1121, 0xfe99ac02, 0x01cc0488, 0x017ffe81, 0xfffdfe03, 0xfd70fcff, 0xffb2fe6c, 
    0x06070100, 0xf9dafb57, 0xb1090044, 0xf9b80200, 0x05174144, 0xfdffff39, 0xfe17fe14, 0x00b1ffc7, 0xfc3a0b27, 0x0198f9ac, 0xfd3a0b07, 0x7698f9c4, 
    0xf92105a3, 0x23278298, 0xb80101b1, 0x77820884, 0x00fd0128, 0x90fe06fe, 0xb37288ff, 0x1903200e, 0x733d8369, 0xfd2a0923, 0x9001f7f7, 0x90f206fe, 
    0x37417efe, 0x04342a05, 0x0605ffa0, 0x001d0028, 0x05a94a98, 0x5850243c, 0x01121740, 0x03060304, 0x02010002, 0x141a1b4c, 0x4a030413, 0x00020405, 
    0x19961b49, 0x59490222, 0x2005d674, 0x12b5741a, 0x02050222, 0x20053966, 0x17d7741e, 0x83010521, 0x40592520, 0x18000111, 0x22072567, 0x681d011d, 
    0x27290a54, 0x26372707, 0x15062223, 0x05085027, 0x17375008, 0x32331607, 0x14173536, 0x1f26fe06, 0x623b132f, 0x28242139, 0x5e818937, 0x421f432c, 
    0x07063662, 0x80863a29, 0x090cf304, 0x0e653e68, 0x71062f40, 0x7413218f, 0x41015f3e, 0x89710c2e, 0xfc030000, 0xfe740420, 0x004f07f1, 0x00220016, 
    0x834d002e, 0x424030fb, 0x02020001, 0x06010d05, 0x07010c00, 0x824c0306, 0x02052495, 0x43690504, 0x033708d2, 0x03060000, 0x06006900, 0x59060707, 
    0x07060600, 0x06070061, 0x82245107, 0x25222300, 0x10602323, 0x50968208, 0x937507bb, 0xee421809, 0x0508580b, 0x08059558, 0x8968fe22, 0x42325d82, 
    0x28283935, 0x5b80853b, 0x34505138, 0xaafe3729, 0x3e3a3a3d, 0x3e393a3e, 0x3f393a3d, 0x063b0783, 0x8a700e69, 0x401c261c, 0x8e700a2f, 0xa33f2e2e, 
    0x2f42442d, 0xfe3f3f2f, 0x84452c33, 0x82002008, 0xfc022e00, 0xffde0460, 0x00850631, 0x002b0015, 0x0b757689, 0x58502924, 0x6f762b40, 0x01022409, 
    0x82040500, 0x070a27ca, 0x09590a06, 0xc8820501, 0x69070530, 0x060a0a00, 0x06010861, 0x1b51060a, 0xf7823240, 0x02000524, 0x35898005, 0x02000022, 
    0x5928349c, 0x282a1040, 0x22122426, 0x22050664, 0x550b0b23, 0x172506b9, 0x22230614, 0x0ac24126, 0x32331624, 0x15941536, 0x89a8fe36, 0x4e425d82, 
    0x3c273644, 0x385b8085, 0x29355050, 0x5c838937, 0x20411183, 0x34118205, 0x85063828, 0x2267530b, 0x06242e21, 0x23236d54, 0x5608b230, 0x32068267, 
    0x6c510823, 0x002e2221, 0xfd22fc01, 0xff52ffd8, 0x4f0d0092, 0x2f080561, 0x020209b6, 0x4c010205, 0x5010b04b, 0x031e4058, 0x02020101, 0x01047001, 
    0x00050500, 0x05020071, 0x00570205, 0x60050202, 0x05020500, 0x1c401b50, 0x83053d48, 0x8600211f, 0x59281e8f, 0x12110940, 0x10121111, 0x0808755a, 
    0x37272327, 0x27210733, 0x23071733, 0x71fd2137, 0x7dd2d27d, 0xa4d701a3, 0x7dd4d47d, 0xfd27fea5, 0xaadbdfd8, 0xacdfdbaa, 0x31978200, 0xfedafdc2, 
    0x00a1ffa3, 0xb11d0008, 0x40446406, 0x84550812, 0x00072805, 0x0000004a, 0x45011076, 0x01390625, 0x35071123, 0x27151737, 0xbd67e6fd, 0xfdbdf0f1, 
    0xa62001da, 0x7cd1d17c, 0x392682a6, 0x68fcffff, 0x44ffff04, 0x0701df07, 0x08fc2c0a, 0x0900ac02, 0xb80100b1, 0x7744ac02, 0x01002905, 0x590488fd, 
    0xe70559fe, 0x2a20ff82, 0x1f216784, 0x11574e00, 0x03000028, 0x11145100, 0x63611014, 0x06230808, 0x36343526, 0x06261533, 0x33161415, 0x7b5659fe, 
    0x3a2c567b, 0x5a042c3a, 0x57576c01, 0x40015e74, 0x823f292e, 0x0200297f, 0x910486fc, 0x9f06e9fe, 0x19205f82, 0x27076168, 0x01000102, 0x04000104, 
    0x180a2f42, 0x220f1446, 0x41221222, 0x34250a35, 0x06222326, 0x05c65715, 0x0b004618, 0xe9fe2808, 0x4c4a43a4, 0x8ca6a442, 0x57fea38e, 0x3e3a383e, 
    0x3e383c3c, 0x553b8d05, 0x9a783a56, 0x2ffdfe9a, 0x2d2f4141, 0x82004244, 0xfd1a26e7, 0xffedfeee, 0x097773c8, 0x77730120, 0xfd2b080a, 0x89895f79, 
    0x5f8b8861, 0x8a5d878b, 0x8961f2fd, 0x8a8c618b, 0x618b8b61, 0xff00008d, 0xfd0cfdff, 0xff0bffde, 0x0a0700b9, 0x839afc38, 0x201382d6, 0x20138234, 
    0x22138433, 0x85c2fc39, 0x74fc2513, 0x7c00defd, 0x272c1382, 0x02fc390a, 0x07000000, 0x0cfe370a, 0x7f820782, 0x04400029, 0x064701a5, 0x520f009c, 
    0x0f2523e3, 0x14110f00, 0x07236011, 0x35132108, 0x34353632, 0x32352326, 0x14151616, 0x35400606, 0x49354949, 0x77474777, 0x4a7ea504, 0x7e493434, 
    0x2005ed49, 0x2dab8200, 0xfa047a00, 0xe8057501, 0x910a0603, 0xed41e500, 0xe5ff2405, 0x822b35b0, 0xd8fc3283, 0x90fef1fd, 0x0e00b8ff, 0x06b12200, 
    0x17404464, 0x3442180e, 0x000c220a, 0x21aa8249, 0x58421576, 0x372c0808, 0x27173727, 0x17370733, 0x27071707, 0x690cfd07, 0x079d1a9d, 0x1a9b075a, 
    0x604766a0, 0x9227fe5c, 0xb63c572e, 0x2e5739b9, 0x9096348e, 0x032e3a82, 0x21fe3dfc, 0xc4ff4eff, 0x23001700, 0xab4e2f00, 0x01063a07, 0x01120005, 
    0x4c020402, 0x07000101, 0x00040501, 0x01066905, 0x04020204, 0x23068259, 0x03610204, 0x51211c83, 0x6a008524, 0x262609ef, 0x16323336, 0x05833617, 
    0x2605ff44, 0x23060627, 0x4b252622, 0x3425057e, 0x06222326, 0x080b8a05, 0x013efc58, 0x58335c82, 0x34591e1e, 0x5d82805f, 0x1d1f5834, 0x805e3458, 
    0x3142bf01, 0x32424232, 0xabfe4231, 0x3f32353f, 0x4034323f, 0x7a59f1fe, 0x29242429, 0x7858567d, 0x28232328, 0x482a5878, 0x462f2c46, 0x482a2f46, 
    0x472e2d45, 0x01000047, 0x9e0412fd, 0x7e068dfe, 0x7f600700, 0xb04b2605, 0x4058500d, 0x2919821c, 0x00700001, 0x02030302, 0xc2730071, 0x73002009, 
    0x1a2005db, 0x00211e82, 0x211d8285, 0x1c8f8602, 0x6b06fb57, 0x28080734, 0x03330733, 0xfd233723, 0xd73c7d75, 0xd73e7c66, 0xfeb57e06, 0xff00b3d5, 
    0xfe42fdff, 0xffc60268, 0x0a070398, 0xf90000b6, 0x05c141c8, 0x43c8f921, 0x422808af, 0xc602a004, 0x1100d005, 0x4c07775f, 0x0e2a18bf, 0x05080a0d, 
    0x01110004, 0xb94d0511, 0x24310808, 0x1e332726, 0x36323302, 0x06333736, 0xac040406, 0x35c8e7fe, 0xd9a62aa4, 0xa4db7975, 0xc934a426, 0xa004e8fe, 
    0x274c8c58, 0x51393751, 0x588c4c25, 0x34d28200, 0x390560fb, 0xd2050100, 0x27000300, 0x446406b1, 0x01021c40, 0x20178201, 0x22068257, 0x825f0001, 
    0x4f002109, 0xbb492782, 0x1513340b, 0xfb013521, 0x99d2055f, 0xfbffff99, 0x0097fe60, 0x8230ff01, 0x82b720d3, 0x865e20d3, 0x875e20d3, 0x4cfc29d3, 
    0xc303de04, 0x1900f805, 0x20074763, 0x2f5f820e, 0x03020101, 0x010d4c02, 0x01004a00, 0x59010203, 0x02246183, 0x00690300, 0x61291882, 0x02010200, 
    0x24252451, 0x08914423, 0x36362727, 0x020c3233, 0x05e67616, 0x23063c08, 0x26022c22, 0xfc062223, 0xa41070bc, 0x05015f82, 0x24012601, 0x704859ff, 
    0xab0f7211, 0xf3fe6f7e, 0xe8fee2fe, 0x6a485df7, 0x5d1cde04, 0x1e1e158f, 0x253f3915, 0x1e147d65, 0x823a141e, 0xfd012c69, 0x029d0442, 0x00ce05c6, 
    0x84280011, 0x534e18f3, 0x07d5411b, 0x08574e18, 0x36362808, 0x04323324, 0xa4c60216, 0x7cdaa226, 0x26a2db7b, 0x01cc37a4, 0x01a9a817, 0x9d04cb18, 
    0x3a3a5225, 0x8b502552, 0x828b5656, 0x01002d6a, 0xd4fd4efd, 0x92ff5303, 0x7d000800, 0xb5216b83, 0x21e28208, 0x72424c01, 0x02032507, 0x00700302, 
    0x2b09a44d, 0x02020057, 0x01006001, 0x1b500102, 0x2005a646, 0x06925a1b, 0x4d010021, 0x228b06af, 0x9307925a, 0x07925a1c, 0x2c08c088, 0x21352137, 
    0x02053327, 0xfaf0b429, 0xef1605e9, 0xfd2a01b4, 0xaf5db2d4, 0xff0000df, 0x05a000ff, 0x06980805, 0x05270013, 0x050000de, 0x21078312, 0x07854e02, 
    0x059c0429, 0x05070112, 0x82ea06de, 0xb124260f, 0x05b80100, 0x06b34a12, 0x02200885, 0x03201187, 0x002f0886, 0x05d40002, 0x07fe0229, 0x00030063, 
    0x833a0007, 0x2f402df9, 0x02030200, 0x03010585, 0x04850301, 0x0ab54718, 0xff826020, 0x18500021, 0x341ab547, 0x03331337, 0xd6fdfe02, 0xc2c98cce, 
    0x8e8eb705, 0xfe140198, 0x21b386ec, 0xb3914a06, 0xb383ab83, 0x9a1b0021, 0x253f84ab, 0x4a064bfe, 0xf38559ff, 0x8558fe21, 0x58fe21f3, 0x0f823f85, 
    0xba183f84, 0x0029170f, 0x0402fc03, 0x063cff9c, 0x06bf5300, 0x3b4b7520, 0x50133905, 0x06274058, 0x02040101, 0x00007001, 0x00050305, 0x02008003, 
    0x59020305, 0x08487818, 0x0302022c, 0x02030062, 0x401b5203, 0x29820626, 0x9f850121, 0x40592828, 0x1a000012, 0x73121418, 0x072008e3, 0x23072348, 
    0x07012313, 0x16504d18, 0x8dfd2f08, 0xf6feb2c3, 0x3a3a4092, 0x3a383c3a, 0x3e4c0240, 0x3e3c3c38, 0x063e383a, 0x01d7fe00, 0x4132f829, 0x3e2e3043, 
    0x3f32923e, 0x402e2f42, 0xc9820040, 0x82e6fb21, 0x942220d3, 0x000025d3, 0x70000204, 0xd382af82, 0xd38b0120, 0x05040124, 0xd38b0069, 0x00212982, 
    0x9b28a085, 0x013322d3, 0x31d39637, 0xf8c3defc, 0x40abecfe, 0x3e3e3a3a, 0xfd403a3a, 0x09853cb6, 0x82043c21, 0xd7fe31d1, 0x43433031, 0x41412b30, 
    0x3f422f8f, 0x41402e32, 0x012ad382, 0xd4fd08fd, 0xa7ff5bfe, 0xe3442f00, 0x182f2607, 0x49010317, 0x0e547b00, 0x212b2d23, 0x06554102, 0x3336052a, 
    0x14151632, 0x1415020e, 0x07f38018, 0x07171627, 0x34352626, 0x2881183e, 0x34353108, 0x07062223, 0x6b5a08fd, 0x382b3e44, 0x2f3c2f2b, 0x47270282, 
    0x8c5f103b, 0x822e3d2e, 0x080d8202, 0x44242421, 0x3b348d1d, 0x11222025, 0x0a09090c, 0x1c181a0d, 0x09090b1a, 0x4e050c07, 0x1b2e3107, 0x82080a18, 
    0x0d330801, 0x1e171617, 0x16091015, 0x01000f17, 0xb604d4fc, 0x1b0663ff, 0x06000500, 0x010002b3, 0x17032b32, 0x17372505, 0x76fe4dea, 0xb54efbfe, 
    0xe2831b06, 0x82688394, 0x262b82d6, 0xffd7045e, 0x4e00060d, 0x11240927, 0x17405850, 0x42db4018, 0x33030132, 0xfd152117, 0x42e3da38, 0xd7048a01, 
    0x97922901, 0xfc215582, 0x206f82b8, 0x5e6f8462, 0x0c6607bf, 0x053d4f08, 0x02010325, 0x684f0200, 0x3531106a, 0x27231321, 0xea01b8fc, 0x0584aec0, 
    0xd7fe966a, 0x82228293, 0x828620bf, 0x8b33204f, 0x183f824f, 0x220d0047, 0x7e000100, 0x132c12d6, 0x07211521, 0x01c386fc, 0x8485feea, 0x96209e83, 
    0x01225083, 0x4f823efc, 0x4f828920, 0x32000932, 0x446406b1, 0x03082740, 0x01000202, 0x0001014c, 0x57200782, 0x00230682, 0x83045f02, 0x65a48413, 
    0xf3820e26, 0xa8833720, 0x0cfd072c, 0x655ae0ce, 0xa4911b01, 0x5d83867f, 0xfea0a025, 0x82aeaed7, 0x828c20af, 0xb8d7205f, 0x2113345f, 0x03333717, 
    0xfc072723, 0x1e018e8c, 0xcedf5f61, 0x8b808bd3, 0x6cfb295f, 0x2a00cc04, 0x0f00db05, 0x3d081f60, 0x03010003, 0x02010459, 0x02010000, 0x03006700, 
    0x00610103, 0x51010301, 0x22122212, 0xc6760510, 0x21132206, 0x05547106, 0x39053249, 0x78fd2a21, 0x8d528a28, 0x4f3fa4a5, 0xff02404d, 0x3a3d4305, 
    0x57387897, 0x45823857, 0x0446fb25, 0x840200cc, 0xb1362a63, 0x40446406, 0x0103002b, 0x23638500, 0x01020001, 0x00226383, 0x12820561, 0x0151002f, 
    0x0a0c0d00, 0x04050608, 0x010f0003, 0x0b894f0f, 0x21352122, 0x33082955, 0x8a55d0fe, 0x027efd29, 0x4c4d40fd, 0x04a5a640, 0x983b3ccc, 0x78226c83, 
    0x6f820097, 0x0474fc2b, 0x058303a7, 0x000800ee, 0x206f8423, 0x05ea4c18, 0x53070121, 0x08220998, 0x98530800, 0x05133d07, 0x05250715, 0x3b253527, 
    0xfddd4803, 0xdb54fd55, 0xee054703, 0xd03f18f0, 0xee1a3fd0, 0xea2a4f83, 0x8afe1c04, 0x1200e005, 0x4f843400, 0x01102924, 0xfb520001, 0x404f1806, 
    0x0efc5214, 0x68057165, 0x07200798, 0xfd230882, 0x5289629f, 0x5a220afc, 0xfc52e005, 0x602f2105, 0x2c09fc52, 0xfdd4fc01, 0xff91fed4, 0x0007008e, 
    0x05e7455a, 0x5850102c, 0x01041d40, 0x03000003, 0x60520070, 0x0060280e, 0x50020002, 0x831b401b, 0x8503211f, 0x24093369, 0x00000057, 0x521d8502, 
    0x05391364, 0x23032107, 0xfd132137, 0x070130ba, 0xfe309751, 0xa27252fb, 0x01a4e8fe, 0x82378216, 0x19fe2983, 0xbeffa7ff, 0x6a001900, 0x1021fb84, 
    0x2efb820c, 0x0202020d, 0x02181901, 0x4c030403, 0x820cb04b, 0x1e210895, 0x01010000, 0x02007000, 0x59020304, 0x04000100, 0x6a040103, 0x03020200, 
    0x02030061, 0x401b5103, 0x2120821d, 0x1f978500, 0x22b75925, 0x42232226, 0x0526085d, 0x36360733, 0x49603233, 0x0e172205, 0x06c24f02, 0x27072d08, 
    0x638c63fd, 0x26194829, 0x1f223c3e, 0x04710b34, 0x373f4c26, 0x2e2a545d, 0x425c334f, 0x20171afa, 0x232c2720, 0x26405e2e, 0x2c1a2026, 0x002bbe82, 
    0x0492fc01, 0x05d9fe7d, 0x682300d2, 0xb5250561, 0x00030117, 0x20b48201, 0x24b48219, 0x0201061d, 0x29b68204, 0x07690102, 0x03030001, 0x06825900, 
    0x61030026, 0x00030105, 0x5a52b382, 0x00222605, 0x01020401, 0x212a8259, 0xbe820400, 0x40232994, 0x84020023, 0x00692226, 0x21258206, 0x25930406, 
    0x40595935, 0x1f000115, 0x1318191d, 0x070b0d11, 0x00040506, 0x67230123, 0x35260996, 0x35272634, 0x9c4c1636, 0x07436a06, 0x566a1520, 0x175e0807, 
    0x35fe1616, 0x442f243d, 0x46545676, 0x200d1d4e, 0x1e2a3c1c, 0x4a596649, 0x11145249, 0x43dc0424, 0x5803381f, 0x43555c01, 0x25544961, 0x23263c24, 
    0x5e015904, 0x51584447, 0x0027333c, 0x04a0fc01, 0x07d8fe7e, 0x0021007a, 0x6406b142, 0x1e374044, 0x1f020301, 0x02030001, 0x020f104c, 0xa64f4900, 
    0x076a6012, 0x181b1d29, 0x00070916, 0x4b210121, 0x012107f8, 0x08be7e22, 0x0624ae82, 0x023e2707, 0x20066f7b, 0x051a6914, 0x95fd3608, 0x4b48703d, 
    0xa87d4b7d, 0x275cac6f, 0x5658813d, 0x85524044, 0x191a253c, 0x2f920545, 0x744d5265, 0x958ca341, 0x6b1866ba, 0x7b8b4414, 0x3f4e6561, 0x124f128b, 
    0x2aa78214, 0xfed003cc, 0x00e006b9, 0x83840029, 0x0eb726a7, 0x0103010d, 0x7d451805, 0x002d3d07, 0x04060403, 0x00800603, 0x06040506, 0x05007e05, 
    0x70050101, 0x04000200, 0x69040203, 0x0020c382, 0x21056a5a, 0x0b820062, 0x401b5223, 0x232f912e, 0x7e010504, 0x59293097, 0x25120a40, 0x112b1222, 
    0x08477616, 0x16160722, 0x2322e282, 0xe0821627, 0x82372721, 0x051d5bf6, 0x2c12367b, 0x331f04ed, 0x47065658, 0x6a122325, 0x113f7b62, 0xa4047332, 
    0x2f210611, 0x02483c31, 0x040e142a, 0x629d1340, 0x300d4c7b, 0x00006c46, 0x04b4fc02, 0x07b3fea2, 0x000f00c8, 0x0719551b, 0x58502034, 0x01030f40, 
    0x191a0105, 0x0e050402, 0x03040201, 0x118c1b4c, 0x240c4b7b, 0x00020100, 0x0a2c7b57, 0x7b020221, 0x0223054b, 0x82030661, 0x7b02200b, 0x1e820f4b, 
    0x06000026, 0x00020301, 0x33054c7b, 0x02006102, 0x59510204, 0x10111440, 0x16180000, 0x1b111b10, 0x0f248e82, 0x08112225, 0x2107706d, 0xb67a3311, 
    0x14152805, 0x27222306, 0x7d323707, 0x2d080670, 0xfc161507, 0x5f3686b4, 0x6a7a7a6a, 0x8c083768, 0x3d3c3b3e, 0x04272654, 0xfe1603b2, 0x7e9c36e2, 
    0x41a0780c, 0x4d5d5e31, 0x4c5d500c, 0xef834ec9, 0xef82c020, 0xe006ae24, 0xef821400, 0x2c06137f, 0x0302010b, 0x0201010a, 0x03004c02, 0x00571800, 
    0x05043107, 0x00670401, 0x05000005, 0x05050059, 0x01066100, 0x51310c82, 0x191b0001, 0x0d0f1516, 0x04050709, 0x14011400, 0x06994e07, 0x26220131, 
    0x26213535, 0x07222326, 0x33363627, 0x82151632, 0x373d08a9, 0x16141523, 0xaffd3233, 0x66017679, 0x5d404503, 0x681b4332, 0x948b8054, 0x3b34e309, 
    0x9fa20465, 0x4d422f73, 0x42294441, 0x88147498, 0x3407ec96, 0xfd010043, 0xfeb20406, 0x00d8077b, 0x05e35a16, 0x0f3b4029, 0x10040501, 0x82050301, 
    0x0001339d, 0x04008601, 0x04030500, 0x06076905, 0x00000302, 0x07835703, 0x5f000331, 0x03000102, 0x00004f00, 0x16001600, 0x82111325, 0x0b657a00, 
    0x23112324, 0x48423335, 0x82072006, 0x15063ba4, 0x6353fe15, 0x77616189, 0x1a1f1054, 0x2116180b, 0x6de00631, 0xc1013ffe, 0x9d6d326d, 0x82322007, 
    0x208f824c, 0x088f8200, 0xc8076749, 0x68003300, 0x446406b1, 0x01005d40, 0x01010807, 0x01270709, 0x0c260600, 0x0d000502, 0x1b050101, 0x1a040201, 
    0x07020301, 0x0708004c, 0x00570803, 0x00060007, 0x00690607, 0x05000009, 0x00690009, 0x02040005, 0x43690405, 0x082f08f5, 0x005f0308, 0x4f030803, 
    0x15132f32, 0x82311533, 0x0a132104, 0x2b084455, 0x22230616, 0x33321523, 0x17353632, 0x11230b84, 0x57221123, 0x33210816, 0x210b8b35, 0x27831133, 
    0x382efe3b, 0x032d3e01, 0x14020202, 0x3c01381f, 0x8402032f, 0x1e150303, 0x04303c3a, 0x20088803, 0x3d1d8384, 0x3013d306, 0x16224a44, 0xfe472e0e, 
    0x243301fb, 0x4a2e0d14, 0x11172148, 0xfeff4a2c, 0xf48221d1, 0x72fc022c, 0xbcfef303, 0x1100e006, 0x05521f00, 0x01102207, 0x24018202, 0x0101114c, 
    0x25228249, 0x03000203, 0x10820469, 0x59020122, 0x735c0682, 0x12132b07, 0x1f12181a, 0x26251f13, 0xb1600b05, 0x18372006, 0x42092b41, 0x132005ba, 
    0x0c2b4018, 0x7d72fc2d, 0x77759241, 0x35779090, 0x18db782e, 0x31072f40, 0x764cca2e, 0x9a9a800c, 0x9a7e0c80, 0x1d01c011, 0x40184f5b, 0x022e0b33, 
    0xbe03b3fc, 0xe406b2fe, 0x1b000f00, 0xa9479700, 0x50203405, 0x0e0f4058, 0x13000401, 0x04050212, 0x05010109, 0x841b4c03, 0x8a032011, 0x7e592011, 
    0x1f3305ff, 0x00020603, 0x05040107, 0x00690400, 0x02010005, 0x83690105, 0x02002212, 0x06355a5f, 0x03002228, 0x57030204, 0x268f0106, 0x03030022, 
    0x03232483, 0x7e594f02, 0x03431efb, 0x22232e05, 0x11231127, 0x17361733, 0x16150722, 0x21fc8533, 0xfb7ed0fd, 0xe4062111, 0x2405fb7e, 0x1603e2fe, 
    0x0ffb7e31, 0x7b24ef82, 0x1c00d807, 0x3c077f7e, 0x00010108, 0x03020916, 0x02011501, 0x004c0303, 0x03010000, 0x00690100, 0x03020203, 0x2c541859, 
    0x15262409, 0x50041425, 0xff42071b, 0x1411280d, 0x26222306, 0x84163727, 0x67fd2393, 0x09437601, 0x30222f06, 0x24125376, 0x180b0913, 0x0630200d, 
    0x0e432de5, 0x2e2c2c05, 0x636473fd, 0x01670406, 0x83312b05, 0x72fc2b6e, 0xa1fef303, 0x1700da06, 0x81417700, 0x50302505, 0x0c0f4058, 0x11209882, 
    0x01279382, 0x01174c02, 0x8e1b4903, 0x49042211, 0x05026759, 0x01021822, 0x5720b283, 0x280a386e, 0x01030104, 0x401b5103, 0x22138219, 0x82590104, 
    0x03003620, 0x67030004, 0x04010100, 0x01040061, 0xb7595104, 0x23131123, 0x088c7414, 0x35263726, 0x14113311, 0x0d189c18, 0x07272a08, 0x247b72fc, 
    0x2b362986, 0x67880d33, 0x38511911, 0x04751a1e, 0x6439c62e, 0xb7fe4901, 0x1921433a, 0xd8fd8c01, 0x06272340, 0x24c784bb, 0xffb20438, 0x22c78232, 
    0x83260012, 0x1b402bc7, 0x0202040b, 0x044c0100, 0x54180201, 0x112108dd, 0x88018214, 0x33132b76, 0x13371713, 0x03230333, 0x04820727, 0x2a080d82, 
    0x7a6711fd, 0x4c050663, 0x67689986, 0x69661416, 0x02518499, 0x5e017c05, 0x2424a2fe, 0xd8fd5e01, 0x45454401, 0x2802bcfe, 0x820fa2fe, 0xfc043273, 
    0xfea804d4, 0x00a707c3, 0x0028001e, 0x003e0032, 0x0a4141ac, 0x27a34518, 0x01092b2a, 0x08010a07, 0x69080703, 0x200ab545, 0xad451805, 0x18322016, 
    0x9b07ad45, 0xb7451835, 0x3d102d0f, 0x2335373b, 0x16232325, 0x22242225, 0x7d08e259, 0x4518142b, 0x032012bd, 0x2206dd4f, 0x4f272223, 0x45180ae7, 
    0x063912d3, 0x0705860a, 0x3b346206, 0x0e4a2455, 0x25262831, 0xf44e4d28, 0x2726222b, 0x180a8227, 0x3211e345, 0x0f22441d, 0x1e31bf21, 0x0217263f, 
    0x2a2a1e0f, 0x8347471e, 0x1e360805, 0x00002929, 0x04aefc04, 0x07bbfea2, 0x000d00a7, 0x0027001b, 0xb14b0033, 0x40446406, 0x04010640, 0x01050107, 
    0x00690504, 0x02030001, 0x09690301, 0x00000201, 0x06825902, 0x61000234, 0x02000108, 0x0e0f5100, 0x30320001, 0x24262a2c, 0x44181e20, 0x0a200bf5, 
    0x0fcf4218, 0x4418ed83, 0x13200ef5, 0xef8be38a, 0x75b5fd23, 0x0d451892, 0x2a6f310c, 0x2a2a2325, 0xf12a2523, 0x26252528, 0x28252526, 0x0c1f4518, 
    0x2209eb44, 0x821e4f02, 0x272023dc, 0xde882027, 0xfc030027, 0xfea804c8, 0x22df82a0, 0x821d0011, 0x836e20df, 0x334518dd, 0x8222200c, 0x010826e6, 
    0x06050106, 0x3d451869, 0x89232019, 0x18002024, 0x2b184745, 0x24230c40, 0x12112324, 0x09221322, 0x41079946, 0x112605fb, 0x33141133, 0x06823732, 
    0xce592320, 0x4137200b, 0xfe2e08f0, 0x39501a29, 0x5f866658, 0x67861e4f, 0xed83b2fe, 0xf526f583, 0x27262526, 0x45184b4d, 0x02210f73, 0x3de88bad, 
    0x00000047, 0x3afdffff, 0xd9fe8904, 0x0701e105, 0x98fc460a, 0x0900de03, 0xb80100b1, 0x4757de03, 0xfe282608, 0xffaa0269, 0x3ddf559a, 0xa4aa2008, 
    0x77daa526, 0x2aa5d976, 0x01cd37a4, 0x01a5a618, 0x69fece17, 0x37375127, 0x8b512850, 0x828a5455, 0x0046088b, 0xfe48fc02, 0xff19ff0f, 0x001500b3, 
    0xb18a002b, 0x40446406, 0x0221220c, 0x4c010006, 0x01020b0c, 0x2db04b4a, 0x2a405850, 0x04000100, 0x69040100, 0x01030200, 0x00020600, 0x09070069, 
    0x00590705, 0x05090006, 0x0d820906, 0x61050730, 0x07050108, 0x401b5105, 0x0805002e, 0x31938605, 0x31850820, 0x31850820, 0x00610830, 0x51080708, 
    0x2a0e4059, 0x22222528, 0x04822212, 0x27481020, 0x09735e08, 0x615d3520, 0x94072009, 0xcdfc3415, 0x385c7f85, 0x27355050, 0x5b848939, 0x36444e42, 
    0x89013a28, 0x5c812312, 0x12834f43, 0x06e2fe38, 0x23236d53, 0x550a232e, 0x2f232367, 0x6b5207f5, 0x22322323, 0x0d82530a, 0x00003134, 0x78fcffff, 
    0x54ff9b04, 0x07017b07, 0x18fc2b0a, 0x97414802, 0x48022105, 0x2c069741, 0xfd2afb02, 0xffa800df, 0x000800ba, 0x07bd4f11, 0x07080d34, 0x06010205, 
    0x4c010002, 0x4a000106, 0x49020100, 0x5c450101, 0x09092808, 0x11091109, 0x48041a14, 0x35290732, 0x25233725, 0x17150535, 0x05684501, 0xfb013408, 
    0x04c4012a, 0x023cfe04, 0xd9fef0d4, 0x1c1ea9a7, 0xd5fea6b1, 0x707ddffd, 0xbf7c7101, 0xd701be5b, 0x4040dcfe, 0x29fe2401, 0xfc010000, 0xffe6045a, 
    0x82d8073c, 0x402a297d, 0x0e0f1027, 0x0a0b0c0d, 0x21068e50, 0x8182010e, 0x00352382, 0x01010285, 0x00007601, 0x11001100, 0x17060318, 0x0737012b, 
    0x0c2e5b27, 0x79fd1730, 0xdb53d408, 0x06d253db, 0x53d206a4, 0x0882d9d9, 0xe6042008, 0x778c80f6, 0xf8828f74, 0x749083f8, 0xf6809073, 0x00ffff00, 
    0x029d06d4, 0x03d708fe, 0x82bd0a07, 0x6274205a, 0x01200517, 0x8b061b6f, 0x5e0b211f, 0x052a1f95, 0x05fe0245, 0x060600d3, 0x4f8300ed, 0xf004bc26, 
    0x16061102, 0xea210f82, 0x200f8314, 0x200f82f6, 0x210f844b, 0x408260eb, 0x00540027, 0x03960200, 0x300b7c8c, 0x21152534, 0x02113311, 0xcebefd96, 
    0x8c03a6a6, 0x01001afd, 0x4b827200, 0x4b827a20, 0xd35c0720, 0x01032609, 0x01045702, 0x26698203, 0x00670003, 0x18010202, 0x63087552, 0x4e820e2a, 
    0x50832320, 0xc8fe7a2e, 0x1d02d0d0, 0x0389fea6, 0x0091fe8c, 0x03320082, 0xf9041401, 0x6307a603, 0x0f000300, 0x37001b00, 0x4e823440, 0x06850035, 
    0x01030101, 0x07040885, 0x03020203, 0x03010561, 0x18025c03, 0x231b134d, 0x03331301, 0x2505c764, 0x15163233, 0xed6a0614, 0x8c0f250c, 0xe9fec2c9, 
    0x270f2269, 0x14014f06, 0xaafeecfe, 0x640f2869, 0x012009d7, 0x2815d764, 0x04e0ff02, 0x060a02f9, 0x2db384f5, 0x0427402a, 0x00000101, 0x67000103, 
    0x54510105, 0x29ac8305, 0x00000405, 0x0f04090b, 0x26820f05, 0x06110329, 0x012b170b, 0x8b352115, 0x0a0225a4, 0x1701d6fd, 0x27065569, 0x8080f506, 
    0x314604fe, 0x83075969, 0x04142451, 0x86a603f9, 0x001b2567, 0x06324035, 0x19416987, 0x6974822a, 0x19410bc5, 0x6e03240b, 0x4147d6fd, 0x88861017, 
    0x45453122, 0x880b196b, 0x08ab418f, 0x00208f82, 0x08c3d518, 0x2229a941, 0x41133303, 0x0a2518a9, 0xfe8cc9c1, 0x419190ed, 0x002016a9, 0x00289382, 
    0x032905a4, 0x002b0736, 0x2b053f42, 0x25b04b5e, 0x18405850, 0x08030105, 0x01239283, 0x82690203, 0x5f012b26, 0x01010106, 0x1b4e0056, 0x1a8b1e40, 
    0x14dbce18, 0x1a7a4f18, 0x21150124, 0x126b3735, 0x0c66420a, 0x4c41fe20, 0xb7052412, 0x42878e8e, 0x90820f61, 0x00022708, 0x030605e2, 0x00630728, 
    0x00180014, 0x003b403e, 0x85060706, 0x03070109, 0x04008507, 0x00020802, 0x00660004, 0xfb420101, 0x01562605, 0x0115154e, 0x33d61800, 0x0b0a2113, 
    0x1733d618, 0x0333133e, 0x5d318802, 0x191a1a4b, 0x4f037e02, 0x48543450, 0x7b0a2e21, 0xddfe5303, 0x05c2c98c, 0x0cf4ce18, 0x14014924, 0x9682ecfe, 
    0x43030021, 0x0820088f, 0x2b089982, 0x403f0020, 0x0101013c, 0x074c0100, 0x01000202, 0x01008500, 0x09850104, 0x03030805, 0x06610403, 0x5c040401, 
    0x15164e03, 0x0000090a, 0x3205ca6d, 0x14090e10, 0x0800140a, 0x12120700, 0x2b180b0a, 0x6b371701, 0x8242059f, 0xcf012117, 0x2005b76b, 0x0ff4416d, 
    0xaf63072b, 0xf5fe09af, 0xfd090b01, 0x10404196, 0x01ffff37, 0x036d0614, 0x03d708a6, 0x00f20a07, 0x00740100, 0x0300b109, 0x094b45b8, 0x69201f86, 
    0xee201f82, 0x3f831f9a, 0x1f93eb20, 0x2507e343, 0xed0a0602, 0x6f8c0000, 0x2f93ef20, 0x8207cf41, 0x00f1302f, 0x00020000, 0x0205062a, 0x00fa0738, 
    0x191b000f, 0x231e1b0d, 0x00011011, 0x2105c36f, 0x58570709, 0x0ac45307, 0x14151625, 0x62270606, 0x222c0515, 0x16141506, 0x77493101, 0x49774747, 
    0x34360585, 0x34354849, 0x05064949, 0x46457244, 0x71434371, 0x44724546, 0x0b6c497e, 0x82492005, 0x0100218a, 0x2607976e, 0x1e000300, 0x18001b40, 
    0x3312a742, 0x11030003, 0x2b170803, 0x03331313, 0x66c122a2, 0x2601f004, 0x26060f72, 0x03f004aa, 0x82160662, 0x00072b3b, 0x6406b125, 0x031a4044, 
    0x44820101, 0x06825720, 0x19000121, 0x2030bb3d, 0x205b82a8, 0x364f82fd, 0x00ea0606, 0xfdffff00, 0xfe92fe02, 0x01b8ff57, 0xfcea0607, 0x48a2f95a, 
    0xf9210523, 0x082f60a2, 0x9ffe2633, 0x8eff42ff, 0x2d001900, 0x01152a40, 0x4c010105, 0x058b4204, 0x05237f82, 0x82590105, 0x05012306, 0x19820661, 
    0x23510524, 0x01821222, 0x06071025, 0x6d052b1d, 0xb54e07bb, 0x14332605, 0x26222306, 0x08048327, 0x6126fc25, 0x3e433347, 0x443e0162, 0x7b614832, 
    0x1c5a3d60, 0x7d5e753e, 0x44443772, 0x44453637, 0x2a876837, 0x82874e24, 0x730032e1, 0xd5020205, 0x0f002f06, 0xb04b4700, 0x40585017, 0x236c8212, 
    0x00860102, 0x612a8082, 0x00000104, 0x1b4e025e, 0x14851840, 0x16820f82, 0x06825920, 0x6102002a, 0x02000200, 0x0f405951, 0x280f596e, 0x16163201, 
    0x26342315, 0x05e36423, 0x01362d08, 0x508958a4, 0x45456884, 0x8a508468, 0x88502f06, 0x5d5d4a55, 0x5088554a, 0xffff0000, 0x15fe7300, 0x42ffd502, 
    0xff0a0703, 0x13f90000, 0x20061b41, 0x051b4113, 0xfcffff31, 0xfe44fe8c, 0x015fffd0, 0xfc940a07, 0x8649f929, 0x8849201f, 0xfe86261f, 0xff32ff25, 
    0x241f8289, 0xff0efc43, 0x211f85ec, 0x5b41ecff, 0xfe482d08, 0xfff6fe2d, 0x00070093, 0x0bb04b49, 0x08421b6b, 0x2b19063a, 0x11211101, 0x15213523, 
    0xae0248fc, 0xfe88fe9b, 0xfe66012d, 0x00e8e89a, 0xfc020000, 0xfec10486, 0x008f06e9, 0x0019000d, 0x033a403d, 0x04050101, 0x80040105, 0x01070500, 
    0x2005f252, 0x26268202, 0x02020059, 0x4d066100, 0x15360865, 0x0f190e13, 0x080a0b19, 0x00030406, 0x080d010d, 0x012b1606, 0x9c6f2622, 0x4527200a, 
    0x38080a92, 0xa28eb6fd, 0x4d4d3fa4, 0x8da5a442, 0x35413540, 0x043b3d3b, 0x39769ac1, 0x783a5556, 0x2c3fef98, 0x2e423c38, 0x00003f30, 0xfcffff00, 
    0xfe48fe72, 0x015cfff4, 0xfc920a07, 0x0fbf6c0c, 0xfdffff2f, 0xfee00320, 0x00180639, 0xfc350b07, 0x2e328298, 0xfd010000, 0xfedb034e, 0x001b0677, 
    0x6e160009, 0x4a2005df, 0x830b4f6e, 0x34353b9a, 0x06173736, 0xfd151506, 0x74565f4e, 0xdb03312e, 0x4cdb60b9, 0x5699494d, 0x4b73ffbb, 0x250f830e, 
    0xa6035bfe, 0x838248ff, 0x6d009021, 0x02210643, 0x07436db8, 0x00ffff2d, 0x01f00496, 0x001606eb, 0x83eb0606, 0x2efd2db3, 0x83fe92fe, 0x0701b8ff, 
    0x98fceb06, 0x25112f43, 0x02056400, 0x2f82b401, 0x3e000a26, 0x5011b04b, 0x2436f36f, 0x012b1906, 0x09ef6f23, 0x3f884e31, 0x8b8b2b15, 0x0538497c, 
    0x76277702, 0x8200537d, 0xfd013300, 0xff4dfea8, 0x009f003d, 0x40280011, 0x02010925, 0x19560800, 0x02002405, 0x70008500, 0x54230e63, 0x82031023, 
    0x33252255, 0x05894315, 0x16352208, 0x33323316, 0xfe353632, 0x8f8fcb72, 0x10194618, 0x02040d1e, 0xf79f4148, 0x0707b2a9, 0x560105a2, 0x2563835b, 
    0x4dfeccfe, 0x63845f00, 0x2d40302c, 0x0102010e, 0x0200010f, 0x78184c02, 0x61210efa, 0x24158203, 0x00015100, 0x0606650d, 0x16060428, 0x2622032b, 
    0x6f823535, 0x373d6885, 0x16060615, 0x3fca8f8f, 0x0e040249, 0x441a0f1e, 0xa8b34dfe, 0x5b56f7f7, 0x07a20501, 0x2dcf8407, 0xfef2fd66, 0x00baff5d, 
    0x4024000e, 0x6b820821, 0x004c0122, 0x2405f546, 0x59010202, 0x27dc8200, 0x01020062, 0x32245202, 0x0523cb84, 0x82141133, 0x823320c1, 0x82232058, 
    0xfd26086a, 0x0b319a66, 0x2709071a, 0x46604a1d, 0x024ef6fe, 0x58080466, 0xffff0062, 0x7f04a0fd, 0x19063bfe, 0x3a0b0700, 0x698238fd, 0x20201383, 
    0xb3201382, 0x27241382, 0xb8fc3a0b, 0x1b831382, 0x1b86b020, 0x17fea027, 0xb1ff3bfe, 0x212f8401, 0xb74398f9, 0x98f92105, 0x2d05b743, 0xd400ffff, 
    0xfe028bfe, 0x070119ff, 0x776fed06, 0xffff2911, 0x2c06e0fb, 0xd20686ff, 0x07201f82, 0xd2200b82, 0x06213f85, 0x08774dd2, 0xce05e62c, 0x6f0783ff, 
    0x07000300, 0x6b183000, 0x06272c3b, 0x15032b17, 0x82013521, 0xfc7d2e03, 0xfc9d0363, 0x9f6d0663, 0x9f02019f, 0x26d3839f, 0xfe1ffe74, 0x82aeff44, 
    0xfd3c22b7, 0x0fcf6626, 0x4029b782, 0x4701c4fd, 0x0701bbff, 0x21e9820a, 0x97851ff9, 0x441ff921, 0xa62608af, 0xb4fed7fd, 0x1f82ceff, 0x7cfc9524, 
    0x1f8332f9, 0xf9b80223, 0x08af4432, 0x8bfe3e3a, 0x7cff78ff, 0x2d001600, 0x010c2a40, 0x4c010301, 0x00020205, 0x04860001, 0x01220b82, 0x06825903, 
    0x61010323, 0x38198306, 0x22122251, 0x10211222, 0x2b1d0607, 0x23342301, 0x23150622, 0x32333636, 0x45038217, 0x20080682, 0x80680ffe, 0x0169453b, 
    0x40746b7d, 0x7e6b7440, 0x803c4469, 0x3e7c8bfe, 0x4f866b3e, 0x3e6c854f, 0x2fd3823e, 0xc5018afc, 0x9902d0fe, 0xee060701, 0xa4fca8fb, 0xfc21b385, 
    0x26b388a4, 0xfe67fe8a, 0x853bffd0, 0x1143441f, 0xfee0fb27, 0xff86ffc8, 0x058b416e, 0x856eff21, 0x6eff213f, 0x26088b41, 0xff09fee0, 0x41acff83, 
    0x5d363f8b, 0x5dfca303, 0xa2a2abfe, 0xa2a20101, 0xfd010000, 0xffd9041a, 0x036b0601, 0x7f240817, 0x678f8f65, 0x8e62908e, 0x0491628e, 0x909165db, 
    0x67919167, 0x92679190, 0x02000000, 0xd7042800, 0x3207ea01, 0x0f229382, 0xf9464d00, 0x04142605, 0x01000101, 0x241c8286, 0x03020003, 0x2d268269, 
    0x1b4e0056, 0x00001d40, 0x00030103, 0x1e828001, 0x82840121, 0x02032219, 0x09595e59, 0x0e405922, 0x0e855818, 0x33131323, 0x07eb5301, 0x22230631, 
    0xf9c32e26, 0x3eadebfe, 0x3e3c3b37, 0x633e3739, 0x012805b2, 0x44422fea, 0x3f3f2f2d, 0x022f6482, 0xec046400, 0x2c07e602, 0x14000800, 0x4ab55d00, 
    0x9285058c, 0x84001621, 0x06042191, 0x04278082, 0x02056903, 0x84000002, 0x831f2094, 0x2196850a, 0x95820100, 0x03030429, 0x04005904, 0x82610304, 
    0x0304292a, 0x13405951, 0x0000090a, 0x200bab4a, 0x0bab4a07, 0x4e462520, 0x1501290a, 0xecb38e90, 0x3d01ebab, 0x2007a74d, 0x07974a00, 0xac4d3e20, 
    0xffff2d09, 0x60066400, 0xa008e602, 0x200b0703, 0x3e11bb4f, 0x2a000300, 0x3802a504, 0x0f008c07, 0x1f001b00, 0x41404400, 0x04050400, 0x05010885, 
    0x82850501, 0x020326c8, 0x07690301, 0x18c28201, 0x2b0d887c, 0x10111c1c, 0x1f1c0001, 0x1d1e1f1c, 0x200b244a, 0x06f74b09, 0x36343524, 0x2b6c3336, 
    0x0b244a06, 0x33370324, 0x34760107, 0x920e2313, 0x3876bcb6, 0xb5012716, 0x0000b4b4, 0xbb4a0300, 0xdd082105, 0xd44aabed, 0x82172012, 0x16d84aab, 
    0x86a60121, 0xbc2008ab, 0x4e030605, 0x14002b07, 0x2c002000, 0x44404700, 0x0c070109, 0x06030b08, 0x69060703, 0x0a020400, 0x7a104a4d, 0x524d2080, 
    0x0a174218, 0x4d0cf94d, 0x61201566, 0x4d0fd24c, 0x38200d73, 0x2410d54c, 0xffff0000, 0x23cf8600, 0x240b0602, 0x2109274e, 0xdf82f506, 0x3c001824, 
    0xdd823940, 0xda830020, 0x254e6720, 0x15132345, 0x254e3521, 0xfd442215, 0x3baf8dd6, 0x008080ef, 0x28000200, 0x52024e06, 0x0300ec07, 0x2a000f00, 
    0x00002740, 0x57000103, 0x07855c18, 0x0123b182, 0x6501045f, 0x5c1805a4, 0x13230c7e, 0x55033313, 0xed280bff, 0xfecfd88d, 0x3b373da5, 0x39300082, 
    0x014e063b, 0x01f9fe07, 0x42402e30, 0x42412e2c, 0x63266783, 0xa702df04, 0x65826307, 0x6100132f, 0x5019b04b, 0x001a4058, 0x85040504, 0x05324307, 
    0x01060222, 0x662a7582, 0x01010103, 0x1b4e0156, 0x1c8a2240, 0x200f266d, 0x2d2b8462, 0x17405952, 0x00011010, 0x13101310, 0xf1791112, 0x41082009, 
    0x504a06ef, 0x0306210a, 0x8520ae83, 0x250af179, 0xc2c98c9d, 0xf579df04, 0x70012509, 0xecfe1401, 0x59208182, 0x9d20a782, 0x5b20a786, 0x192ba785, 
    0x05040500, 0x01040085, 0x8f008504, 0x892120a6, 0x22a5981b, 0x82000113, 0x891020a0, 0x930720a1, 0x032327a1, 0x517b0133, 0x937a4d84, 0x06843006, 
    0x04c9c293, 0x4f804cdf, 0x44575744, 0x834b814f, 0x369f82a1, 0x02e10463, 0x003e07ac, 0x0024000f, 0x1ab04b7c, 0x22405850, 0x82070109, 0x05073086, 
    0x06080069, 0x0104020b, 0x006a0408, 0x82010a02, 0x4165202d, 0x2d20084f, 0x04200982, 0x02211b82, 0x4b2d9480, 0x368408a7, 0x40595135, 0x0110111f, 
    0x20212200, 0x181a1c1e, 0x10131517, 0x89241124, 0x920c20c0, 0x221322c0, 0x05401826, 0x50802c12, 0x58804c81, 0x80584545, 0x183c814c, 0x2e130340, 
    0x7f4be104, 0x5757454e, 0x4b7f4e45, 0x182a8901, 0x82090640, 0x04662fbd, 0x078303e6, 0x00080063, 0xb55a000c, 0xca180108, 0x1731098b, 0x03040105, 
    0x01040301, 0x02030080, 0x00030001, 0x251b8263, 0x1b4e0156, 0x19892140, 0x012a1782, 0x03007e00, 0x57030004, 0x28600300, 0x40593208, 0x0909090d, 
    0x130c090c, 0x06101221, 0x012b1a0b, 0x06c67c23, 0x33133723, 0x07ca7c03, 0xc98c8726, 0x09e604c2, 0x2105ce7c, 0x4f5101ba, 0x00022106, 0x02219382, 
    0x209386f3, 0x20938c55, 0x24888215, 0x00860001, 0x82818203, 0x8767209a, 0x001e2891, 0x04000401, 0x82800001, 0x8400211f, 0x04208e82, 0x04218e84, 
    0x2227825f, 0x9a4f0403, 0x3303228e, 0x238e8713, 0x8cc9c1b8, 0x8b848e8e, 0x84170321, 0x0013228b, 0x248b8882, 0x40585010, 0x2366821b, 0x72030401, 
    0x05269286, 0x05030400, 0x91866904, 0x2005d542, 0x2022851c, 0x20968301, 0x8db68201, 0x24402123, 0x00211e87, 0x20bc8301, 0x3bbc857e, 0x05040405, 
    0x05050059, 0x04006104, 0x59510405, 0x21094059, 0x12211222, 0x1c0b0610, 0x20094741, 0x0a6a4c25, 0x2106197e, 0x724c0a01, 0x4cc68908, 0xc784057a, 
    0x07e80229, 0x0008003f, 0x4172001d, 0x1f200c53, 0x0826c085, 0x04000601, 0xc1820603, 0x09050728, 0x07010302, 0xcb866a03, 0x00284026, 0x03000301, 
    0x24085d41, 0x07030407, 0x222e8a59, 0x83620307, 0x03073531, 0x16405952, 0x1a1b090a, 0x13151719, 0x0c0e1011, 0x1d0a1d09, 0x0a22b782, 0xb789190b, 
    0xc2423720, 0x20c18614, 0x14bd4281, 0x20072142, 0x0bb942d6, 0x0100002a, 0x9e04c600, 0x18067a01, 0x291ea351, 0x132b170b, 0xc6033311, 0x2e8334b4, 
    0x0086fe32, 0xffff0000, 0x9d06a400, 0x9f083603, 0xf00a0703, 0x53077b48, 0x002b0b0b, 0x030605e2, 0x02f50628, 0x84260b06, 0xfebc2e2f, 0xff1102b0, 
    0x060701d6, 0xf91400ea, 0x05934ac0, 0x18c0f921, 0x2608a347, 0x015a0386, 0x183a04a5, 0x520a0341, 0xaa820933, 0x114f0124, 0x81590210, 0x21132b06, 
    0x01862307, 0x0416841f, 0x8c82e03a, 0x82000221, 0x203b8692, 0x07756b07, 0x82020021, 0x3f4c1849, 0x00002513, 0x04050607, 0x62181c82, 0x332409a2, 
    0x01173337, 0x85245383, 0xe1fe8416, 0xe2215883, 0x825a85e2, 0x03882878, 0x06a101e0, 0x5f0a0018, 0xcb52077f, 0x0a2d0813, 0x03150a00, 0xb12b170b, 
    0x01440006, 0x2727022e, 0x12161733, 0x11180117, 0x0b0c3236, 0x340e08bf, 0x32e00310, 0x5053bda6, 0xf9fe9452, 0x29b3824b, 0x037e0001, 0x06a901db, 
    0xb77e001b, 0x0cd74f0c, 0x2006d45d, 0x08db4f13, 0x54627e30, 0x03352e75, 0xdc62b9db, 0x98454d49, 0x8a82bb5b, 0x02740038, 0x0722038c, 0x001a000e, 
    0x6406b13f, 0x0b344044, 0x01020101, 0xb418054c, 0x0022081f, 0xee820300, 0x1b4f6920, 0x08315909, 0x1a001a26, 0x22182126, 0x4908027e, 0x152906d5, 
    0x15070614, 0x32331123, 0x06c46536, 0x07062a08, 0x8fac0574, 0x7c51a27b, 0x5342b97d, 0x6b48164d, 0x050b454d, 0x6ea57ced, 0xa1656cb5, 0x01f322d8, 
    0x427d527c, 0x4a8e6665, 0x21da823b, 0x938a0100, 0x93843920, 0x01102e23, 0x2e938203, 0x02010000, 0x80020001, 0x01000400, 0x82010400, 0x4b032092, 
    0x5f2806ba, 0x03020300, 0x2611284f, 0x3009506c, 0x26262301, 0x15062223, 0x16161415, 0x23113333, 0x056a6735, 0x33363d08, 0x22031632, 0x51420aa4, 
    0x4d17486a, 0x7cbb4451, 0x7aa2517d, 0xed05ab92, 0x668e4d38, 0x527d4265, 0x22f384fe, 0x6b65a1d8, 0x00a76eb6, 0xf600ffff, 0x4b02b0fe, 0x0701d6ff, 
    0x6000eb06, 0x26127742, 0x017f0468, 0x74190603, 0x012d2a7b, 0x01112311, 0x19069b03, 0x9a0166fe, 0x4f638300, 0xeb821c1b, 0x57044e26, 0xe6051e01, 
    0x373b0379, 0x7b551e01, 0x392b557b, 0x58042b39, 0x59576c01, 0x3e016073, 0x003b2b2f, 0xfb777f84, 0x0a062207, 0x281082b0, 0xfe680001, 0xff030114, 
    0x20d3aaac, 0x24d38505, 0x0168fe54, 0x08428298, 0xfc02002d, 0xffb2040e, 0x00da0692, 0x0022001f, 0x6406b141, 0x06364044, 0x4b010101, 0x00000102, 
    0x0a00010a, 0x08010067, 0x03040206, 0x83690401, 0x5f033712, 0x03050709, 0x4f030003, 0x1e1f2122, 0x11211313, 0x11111523, 0x4c180b10, 0x33260717, 
    0x21272115, 0x4e181607, 0x2327073f, 0x23352315, 0x82150622, 0x37342106, 0x2d080c82, 0xfc233701, 0x3601860e, 0xa54002a5, 0x367d735f, 0x117d1648, 
    0x1a7d443a, 0x3702867e, 0xda06a050, 0x07f2f2f2, 0x51517866, 0xcfcf324c, 0x07845826, 0x8a37013c, 0x00020000, 0x02670320, 0x00d205d1, 0x00100007, 
    0x0d2a402d, 0x00020209, 0x547f4c01, 0x5cda8216, 0x24080626, 0x132b1906, 0x23133313, 0x37072327, 0x26262733, 0x07060627, 0xf3d3eb20, 0x30ee31b2, 
    0x1604925d, 0x1f0e1022, 0x3b5a8215, 0x7d95fd6b, 0x380bf47d, 0x78413f7a, 0x01000038, 0xd2ff0600, 0x00069604, 0x06000300, 0x2d051b71, 0x17012717, 
    0x0e048288, 0x055a2e82, 0x61825ad4, 0x28000128, 0xae02a602, 0x57452c03, 0x1706381e, 0x2135132b, 0x86022815, 0x8686a602, 0x00010000, 0x038f028c, 
    0xa5130312, 0x828c2037, 0x848f2237, 0x25378384, 0x01a60180, 0x6f830422, 0x14401722, 0x240c405e, 0x11030003, 0x2a688303, 0x80113311, 0x02a601a2, 
    0x827afd86, 0x376b82a2, 0x01c0fea1, 0x00a600e5, 0x401f0005, 0x0201031c, 0x00860200, 0x5f000101, 0x21221d82, 0x3e714e00, 0x18072e08, 0x2313132b, 
    0xa1032135, 0x2601415f, 0x23348291, 0x1afea640, 0x32203f82, 0x32200a82, 0x11203fa5, 0x7d243f83, 0x0100014b, 0x3f823e87, 0x0b828020, 0x40003522, 
    0x0720eb9e, 0x21057b46, 0x3a83b580, 0x80fe8022, 0x3231bb85, 0xdc0154fe, 0x0f00a400, 0x2f403200, 0x02010103, 0x215b8202, 0xfb664c02, 0x21022106, 
    0x09c09518, 0x00293a08, 0x0c00014e, 0x06090a0b, 0x010f0004, 0x1607050f, 0x2722132b, 0x32331637, 0x23353536, 0x14153335, 0x3041a306, 0x3d30380e, 
    0xa1fb4d49, 0x9b0e54fe, 0x68574c08, 0xb3a7f6a4, 0x28e38c00, 0x00164019, 0x86000200, 0x396c8200, 0x0202005f, 0x114e0221, 0x07031011, 0x23132b19, 
    0x23152103, 0x0101b4e7, 0xd2824b00, 0x82a6e621, 0x01b82d37, 0x020704a8, 0x001400b6, 0x0c2d4030, 0x21086b78, 0x6b78010b, 0x25222919, 0x07042322, 
    0x27012b1a, 0x78058545, 0x27080866, 0x22232626, 0x3b4e0601, 0x6f44527d, 0x5738295e, 0x7b3a512b, 0x5d6f4457, 0xa8015f2a, 0x2f724a3d, 0x3740332f, 
    0x2f2f6956, 0x5226af83, 0x7604d3ff, 0x9b428b04, 0x6bbd280d, 0x2d6aba03, 0x425e045a, 0x9e32059b, 0x16040000, 0x07005e04, 0x1e402100, 0x00000102, 
    0xd4824d22, 0x0460032b, 0x21030301, 0x00004e03, 0x06214300, 0x3324db82, 0x21113311, 0x9e3a0382, 0xb50f02b4, 0x48fc5e04, 0xa2fbb803, 0xb6ffffff, 
    0x3c020000, 0x26025e04, 0x7682b202, 0x6b0b0731, 0x6aff2aff, 0x01b10900, 0x6affb801, 0x822b35b0, 0x5a002714, 0x15013202, 0x8b825305, 0xcf791f20, 
    0x11012c1e, 0x15011123, 0xfc5305bb, 0x822103df, 0x00012a7f, 0x01490118, 0x00ad0559, 0x22e3550f, 0xe3552520, 0x13370805, 0x06140333, 0x27262223, 
    0x33161635, 0xa1353632, 0x7a6e01b8, 0x0b123115, 0x27320a1b, 0xc7fcad05, 0x0606a388, 0x3d05019c, 0x00ffff4c, 0x06e8ff68, 0x006c0468, 0x82230226, 
    0x0a0726aa, 0xff20044d, 0x20bf82ad, 0x20bf8202, 0x34bf86ad, 0x03a7ff40, 0x009803fb, 0x40310017, 0x0102002e, 0x00020100, 0x26cd8280, 0x01030201, 
    0x18000069, 0x26077745, 0x04010561, 0x82510400, 0x00172bb6, 0x24122216, 0x1a070621, 0x4518052b, 0x2225074c, 0x10231506, 0x072b5112, 0x01232908, 
    0xb79b6b80, 0xb69c9ab8, 0x9ad6d859, 0xee8787ec, 0xafb0599b, 0xbeb49796, 0x010501a4, 0x96e5810e, 0x007ee295, 0xa0000200, 0xad229582, 0x6d82ea05, 
    0x2c000f24, 0xe25f2940, 0x824d2009, 0x5f012867, 0x01010104, 0x5f4e0157, 0x332012ed, 0x1aa6cc19, 0xfcfe032d, 0x4fdd0402, 0x4e4e3838, 0x834f3838, 
    0xb4003848, 0x13050000, 0x0700d205, 0x18401b00, 0x01010103, 0x02004d20, 0x44600002, 0x11240503, 0x04101111, 0x2121cd82, 0x05064221, 0xfb13052d, 
    0xe302bea1, 0xfad205be, 0x4f2b05d5, 0x1a220d2f, 0x2a7a9200, 0x001e3205, 0x05010504, 0x06007204, 0x06040500, 0x02006905, 0x0ce34d07, 0x2005d74b, 
    0x2125851f, 0x26978001, 0x87294021, 0x01032721, 0x01050201, 0x29897e02, 0x8408064e, 0x59512b59, 0x01154059, 0x15161800, 0xbe4e1113, 0x14604f0a, 
    0x4f0af24b, 0x0d200b67, 0x4f09f64b, 0xfa4b0c6d, 0x03002905, 0xfc04df00, 0x60074103, 0x0f230982, 0x60001b00, 0x34201783, 0x27192d62, 0x012b1708, 
    0x03033313, 0x2916cc51, 0xc122cd01, 0x4430f766, 0x03823044, 0x864a0121, 0x3a062708, 0xdafe2601, 0x1584c2fe, 0x03861983, 0x2f05f347, 0x01e70450, 
    0x02200662, 0x00830a06, 0x00ffff00, 0x02210f82, 0x200f8475, 0x200f8884, 0x200f8495, 0x200f8885, 0x200f84bf, 0x200f8886, 0x200f84c7, 0x260f8487, 
    0x02e70400, 0x82590746, 0x8e88204f, 0x8489200f, 0x0428260f, 0x060b01f0, 0x201f8216, 0x7b80828d, 0x50200d5b, 0x29050161, 0x05020015, 0x02010301, 
    0xa6426703, 0x00562508, 0x1b401b4e, 0x727b1788, 0x005f280b, 0x4f000100, 0x7b124059, 0x012f1275, 0x37352115, 0x02133303, 0xd3d6fdfe, 0x7b8cc9c1, 
    0x59830971, 0x05a00027, 0x06f50102, 0x1e3b4616, 0x2b170623, 0x21438201, 0x40836101, 0x1d4f0220, 0x8a012005, 0x182b473b, 0x03331326, 0xc2c98ca0, 
    0x14226482, 0xa583ecfe, 0x4cfe5e2c, 0x10000002, 0x26001200, 0x48182340, 0x012b0de7, 0x01026100, 0x00610000, 0x7500014e, 0x6c6209e5, 0xde481805, 
    0x4b34080d, 0x4e5d8c61, 0x536344b3, 0x3c132d1c, 0x4cfe5a1e, 0x844a5e64, 0x5f311034, 0x0b114f3e, 0x00211181, 0xfef0ff01, 0x0234034c, 0x001b00e8, 
    0x1828402b, 0x19010201, 0x230b775a, 0x03610002, 0x163a6a87, 0x000b0c14, 0x041b011b, 0x132b160b, 0x34352622, 0x3335053e, 0x030e0214, 0x39461415, 
    0x61db2e06, 0xa388528a, 0x4b5288a2, 0x95a7955f, 0x5449185f, 0x67482f0a, 0x9b6f5855, 0xfec099db, 0x506fabfa, 0x7e86374f, 0x00010023, 0x247f8240, 
    0x00fb0133, 0x207f831a, 0x207f8217, 0x277f9718, 0x0a0b1315, 0x1a011a00, 0xec847f83, 0x82043e21, 0x040e217f, 0x012e7e88, 0x628a612b, 0x629bae9b, 
    0x9283534b, 0x7e8a5383, 0x54664a2d, 0x78a57458, 0x547ab483, 0x86344b45, 0x0001267c, 0x0156fe5e, 0x3f6341fe, 0x8a61493f, 0x43b25259, 0x2f1e5365, 
    0x591e3b10, 0x5e6456fe, 0x10377a47, 0x4e3f5630, 0x11800912, 0x37e38221, 0x024cfe5e, 0x00040106, 0x40250014, 0x00011222, 0x114c0101, 0x4a010207, 
    0xca410882, 0x0d0f260a, 0x14011400, 0x05425203, 0x36343524, 0x5a412537, 0x8201200a, 0x40522766, 0x521c1601, 0xd88a3550, 0x528d4828, 0x6c8957cf, 
    0xcf412a5c, 0x825d2008, 0x0207226b, 0x2e4f4128, 0x4105cf41, 0x482d0e4f, 0x7f508a61, 0x7d507f8f, 0x72817248, 0x2c758b48, 0x7e615a69, 0xc58f7eb2, 
    0x4b465983, 0x0bcb4135, 0xc201562b, 0x0d000000, 0x23402600, 0x23e7840b, 0x0303040a, 0x0825e88f, 0x010d0006, 0x22e8870d, 0x42060737, 0x013c063e, 
    0xe5627315, 0x1e672f37, 0x1e3b1231, 0x7e56fe51, 0x7f94ce5e, 0x11800a11, 0xff010021, 0x0121d784, 0x2cd7dca2, 0x494a6049, 0x7b6a8e60, 0x364265a1, 
    0x2bd78942, 0x02051afd, 0x7a06c4ff, 0x46000500, 0x21053f60, 0xf8780017, 0x035f290e, 0x02000201, 0x16401b4f, 0x01211982, 0x724b1886, 0x2018850a, 
    0x237e1859, 0x1806340a, 0x2135012b, 0xfd352311, 0x9aaa021a, 0xfe7efc05, 0x8200fa88, 0xfb012800, 0x00cb0146, 0x486d0225, 0x06371fbf, 0x15132b17, 
    0xfb253521, 0xa26d0221, 0x000100a2, 0x03a4028c, 0x442e0312, 0x132a219b, 0x8c152135, 0xa4028602, 0xa2828a8a, 0xfeecfc27, 0xff83fe18, 0x2a3782ae, 
    0x402f0007, 0x0500002c, 0x19020301, 0x4513b447, 0x81820f2e, 0x11012a08, 0x15011121, 0xecfc3533, 0xd8fe9701, 0x0118feb7, 0x016afe96, 0xffb7b727, 
    0xfedcfcff, 0xff7bfe33, 0x0a0701a5, 0xfd3afc2e, 0x05775188, 0x5c88fd21, 0xe22e08df, 0x7afe3dfe, 0x0700c2ff, 0x25402800, 0x74820200, 0xc5825720, 
    0x0103002a, 0x02006700, 0x045f0302, 0x03211182, 0x0c384d4f, 0x23350133, 0x33353335, 0xfddffd11, 0x3dfe9bfd, 0xfe7b8d7d, 0x2220827b, 0x82eefc01, 
    0x8886204b, 0x0100234b, 0x4b830003, 0x01030224, 0x1f826702, 0x00204b84, 0x11234b8f, 0x82211533, 0xeefc3701, 0xff000198, 0x013dfe00, 0x7d8d7b85, 
    0x3afdffff, 0xd9fe53fe, 0xb782abff, 0x98fc4624, 0xb786a8fd, 0x5f6da820, 0x044c2808, 0x0622fe67, 0x84150076, 0x00012bb7, 0x02010002, 0x03000069, 
    0x59180003, 0x40080ecf, 0x11150015, 0x06051118, 0x35012b19, 0x34353632, 0x34352626, 0x22153336, 0x16141506, 0x06141516, 0x25224cfd, 0x61742423, 
    0x1f202519, 0x7a670471, 0x401b1624, 0x4b452749, 0x1a17177a, 0x46294b42, 0x29ba8250, 0x32000100, 0x5f039c02, 0xd7413603, 0x4d0b201e, 0x322705d3, 
    0x9c022d03, 0x82009a9a, 0x02002637, 0x04060299, 0x09934b66, 0x0135112b, 0x02060215, 0x2c01a199, 0x241f84a1, 0x04e90217, 0x261f8e82, 0xbd1702e9, 
    0x82bdae01, 0x0248321f, 0x038e02ad, 0x00140081, 0x002e4031, 0x04000104, 0x1b571859, 0x0004220a, 0x254b8262, 0x52000400, 0x54180001, 0xbf570dd2, 
    0xf4561807, 0x54ee2011, 0x02211324, 0x0c1c54ad, 0xa6000128, 0x9801d004, 0x73627706, 0x160b2216, 0x0997522b, 0x2d58a630, 0x042d276d, 0x995f81d0, 
    0x6c3c462e, 0xf7837841, 0x9c023224, 0x2f413703, 0x02052429, 0x489a9a9c, 0xd74806c7, 0x00822106, 0x00204783, 0x422cdc82, 0x8dc33443, 0xf53c0f5f, 
    0x00080700, 0xe3230083, 0x8632945d, 0xfa492807, 0x146cfd17, 0x82dd08aa, 0x0003240f, 0x82010002, 0x83002007, 0xc0072b05, 0x000012fe, 0x17fa7415, 
    0x1f8268f7, 0x04891684, 0x05790b2d, 0x04480140, 0x050000b0, 0x40340085, 0xb3238003, 0x82056200, 0xea062903, 0x02076200, 0xee066200, 0xf6200382, 
    0x49200382, 0x9f8a0385, 0x0b840920, 0xb38c2b82, 0x07233fa6, 0x8b3400f3, 0x3c052303, 0x038eb400, 0x54061424, 0x13883c00, 0x7a00d823, 0x2003a105, 
    0x24238470, 0x06b400c6, 0x823b82de, 0x93052007, 0x00e12603, 0x00310a14, 0x230383b4, 0xb400cf04, 0x862003ea, 0x05256b83, 0x066200e8, 0x24038229, 
    0x07620031, 0x2003826d, 0x20038285, 0x26038271, 0x05620079, 0x8384ff83, 0x2093901f, 0x23a782b9, 0x04e7ffb9, 0x00250784, 0x00f80580, 0x2303a37a, 
    0x7a000e06, 0x052303a3, 0x82b400f2, 0x86a62003, 0x8c0b8307, 0x36062103, 0x23829b82, 0x84100621, 0x07b42527, 0x08b400e2, 0xb4223385, 0xbb820b07, 
    0x03824c20, 0x62005424, 0x03829008, 0x0382a820, 0x03829420, 0x13829c20, 0x0385ef20, 0xffa60623, 0x83278384, 0x9e07205f, 0x2123832b, 0xef822602, 
    0xb4004c26, 0xcaff2602, 0xcf240382, 0x1600b202, 0xf5200782, 0x0b201782, 0x17830382, 0x0f82d220, 0x0382f020, 0x0382fe20, 0x1382f120, 0x03821520, 
    0x0b829620, 0x49201783, 0xe2200782, 0x6c200f82, 0x99240382, 0x9e003402, 0xb4240782, 0x62003f03, 0xca2a1782, 0x62008003, 0x62008803, 0x0382c404, 
    0x0382dc20, 0x0382c820, 0x0382d020, 0x03852320, 0xff254f85, 0xffda02fe, 0x85338584, 0x87032387, 0x03b55c00, 0x8bfaff21, 0x29052937, 0x31056200, 
    0x6d066200, 0x85200382, 0x71200382, 0x79200382, 0xcc201382, 0x2b870385, 0xff3b0425, 0x82e8043c, 0x237786ab, 0x64009104, 0xd7200384, 0x0f820786, 
    0x00600523, 0x210393b4, 0x4b82b606, 0x1b82a620, 0x1f856d20, 0x00860423, 0x210391b4, 0x1388feff, 0x3200c22c, 0x1400a104, 0xb4007606, 0x039d3a07, 
    0x00070623, 0x2103a5b4, 0x27a3e7ff, 0x82f70721, 0x001e234f, 0x038b067a, 0x0f8e1820, 0x0fcb1f8f, 0x038f6b83, 0xe5245f87, 0x26076200, 0x2e240382, 
    0x6a086200, 0x82200382, 0x6e200382, 0x76260382, 0x1e066200, 0xb38422ff, 0xbb8c2382, 0x08273b86, 0x057a000a, 0x88b4001c, 0x82142003, 0x003422e7, 
    0x210f833c, 0x3f839f06, 0x0521e385, 0xa3238226, 0x821e2003, 0x82872027, 0x002e2603, 0x00220518, 0x2003b074, 0x233b82ac, 0x0562002a, 0x2f26039b, 
    0x27054000, 0x238cc801, 0x3782f420, 0x0382ee20, 0x03db0783, 0x03906383, 0x46faff21, 0x07230b5f, 0x973400e2, 0x75052303, 0x03883900, 0x0b829d20, 
    0x13830383, 0x34006e27, 0x3800b405, 0x9f078305, 0x00582203, 0x23278306, 0x62000707, 0x50240784, 0xa4086200, 0x98240382, 0xeb076200, 0x17831385, 
    0xfe040623, 0x232387e6, 0x7a000805, 0x192603a4, 0x7e047a00, 0x03fe5a00, 0x7f8b9e20, 0x00570723, 0x23038b5a, 0x6800e604, 0x9e2003fa, 0x0a207b82, 
    0x9e230382, 0x8300de04, 0x20038d0b, 0x839b8292, 0x86a12003, 0x930f8707, 0x25c79207, 0x68002606, 0xdf95ae05, 0x00510927, 0x00b50868, 0x20078468, 
    0x20238604, 0xf90782aa, 0x02642e03, 0x02e800ea, 0x021400f6, 0x029e00a4, 0x200782b0, 0x82078260, 0x6c06210b, 0x84200782, 0xea230382, 0x83023f00, 
    0x25238207, 0x1400bb06, 0xaf82e804, 0x05210382, 0x87078560, 0x2407900f, 0x0452007c, 0x260382c2, 0x049e00bb, 0x828800bb, 0x84092003, 0x82ba2003, 
    0x2103820f, 0x17849d07, 0x0e059e26, 0x0c051400, 0xbb215782, 0x231f8200, 0xbb04b7ff, 0x00210383, 0x822b827b, 0xafff2137, 0x2b850785, 0x00f00123, 
    0x2803827c, 0x00e0039e, 0xfff0019e, 0x200382b0, 0x200382b5, 0x200382d6, 0x200386db, 0x200782b6, 0x822383f1, 0x82b82007, 0x82e42003, 0x82d72003, 
    0x86f52003, 0x20138303, 0x200b822f, 0x202382c8, 0x204f8652, 0x200f827f, 0x200382e6, 0x830389b4, 0xb0ff2167, 0x7c246782, 0x3f00bd02, 0xe6231782, 
    0x84ffc602, 0x200b8203, 0x830386b7, 0x82e62033, 0x049e2223, 0x889f8264, 0x8cbf8203, 0x1c00210f, 0x93861f83, 0x6386f420, 0xc784d920, 0x1c005727, 
    0xb7ff3003, 0x83cf8402, 0x480023d3, 0x0784b802, 0x27827d20, 0x0386e320, 0x3402bd2a, 0x62029e00, 0xae021400, 0x6e240382, 0x52031400, 0x24200382, 
    0x17831382, 0x88003424, 0x0b879802, 0x82e3ff21, 0x0223242b, 0x84fdff34, 0x00dc245f, 0x9902079e, 0x41042003, 0x0787068b, 0x82fa0521, 0xffba24c7, 
    0x41bb04c7, 0x1f8f05a3, 0x06250f8b, 0x059e00aa, 0x23278212, 0x046800cc, 0x53220389, 0x0f8cc604, 0x0bd11b8b, 0x038f6b83, 0x5300cc22, 0x73a88f8a, 
    0x00ff0729, 0x006a0668, 0x82230968, 0x82e620bf, 0x44e020d7, 0xef43121b, 0x0303230a, 0x03859e00, 0x82b6ff21, 0x832e2007, 0xc0022303, 0x03822e00, 
    0x1f841786, 0x17824820, 0x03036a24, 0x0782e1ff, 0x2f857a20, 0x827d0021, 0x23038207, 0x6f04e3ff, 0x03836382, 0x6c003923, 0x3003b504, 0x00ee0466, 
    0x001605b4, 0x00fd02b4, 0x009e02e8, 0x20038414, 0x2807829c, 0x03140086, 0x06d4ff44, 0x20138464, 0x20178429, 0x2013829e, 0x850f8402, 0x842f8727, 
    0xcdff2507, 0x9e008002, 0xe4200388, 0x7b200b88, 0x47201386, 0x21220782, 0x93438002, 0xf504210d, 0xb026c382, 0x14059e00, 0xab431400, 0x200baa0b, 
    0x832ba093, 0x44038f63, 0x77970557, 0x3f8353a1, 0xbb82fe20, 0x5b860393, 0x7f23979c, 0x8a043600, 0x8c062303, 0x039f4600, 0x005e0423, 0x22038c41, 
    0x8714008d, 0x6e052143, 0x5b8b4f8d, 0x05230ba7, 0x87340007, 0x20338403, 0x23538288, 0x047e006b, 0x053503a6, 0x04a80016, 0x05b400a1, 0x06340073, 
    0x057a001e, 0x058c0040, 0x320f82f2, 0x07860083, 0x077a000b, 0x06b4000a, 0x067a0029, 0x836200f7, 0x38072903, 0x40076200, 0x7c086200, 0x94200382, 
    0x80200382, 0x88200382, 0xdb201382, 0x06230385, 0xa093ffa1, 0x204f8323, 0x206b821f, 0x2353825f, 0x056200c2, 0x87820782, 0x2b051424, 0x8b83b400, 
    0x00bc0425, 0x828e0614, 0x00ae2c4f, 0x00d60739, 0x00f10439, 0x8260057d, 0x82552093, 0x82762003, 0x4afc2003, 0x052105e3, 0x820b82c7, 0xa00621ff, 
    0xc42c4b82, 0x5307b400, 0x9a056200, 0xb8059e00, 0x07830382, 0x13829a20, 0x47821320, 0x0782a920, 0x06202b82, 0x1020a783, 0x32283382, 0xe808b400, 
    0x00096200, 0xd8240b82, 0x1e087000, 0x26240782, 0x37053e00, 0xdd201782, 0x7a221384, 0xf382e207, 0x1400b728, 0x8000f705, 0x7f82f604, 0x3400a22c, 
    0x6200bb06, 0x6800a904, 0x03e55005, 0x00c4042f, 0x007f049e, 0x00ac0436, 0x004c0468, 0x2003846c, 0x28078686, 0x0466004c, 0x05670086, 0x87078292, 
    0x2007931b, 0x423b8213, 0x23bb23db, 0x7a00f82a, 0x9e003402, 0xc7ff3402, 0xaf200786, 0x80200782, 0x70200382, 0xc8201382, 0xa8200382, 0xd420078a, 
    0xd6200b82, 0x53201b82, 0xff210785, 0x200782e3, 0x2003825b, 0x220382d5, 0x822205b4, 0x007828ef, 0x00d70474, 0x45e60429, 0xff230b8f, 0x828e04e3, 
    0x00fe24cb, 0x44ba0368, 0x9e203877, 0x2d0fdf43, 0x6800c405, 0x68007b05, 0x9e003906, 0x07827006, 0x042503da, 0x044600c9, 0x24c382c0, 0x039e0085, 
    0x3003887d, 0x00e80409, 0x007b0628, 0x00a30641, 0x00f40341, 0x20a3885e, 0x20ff8256, 0x200382b2, 0x2403827e, 0x059e00af, 0x20f78204, 0x2403869a, 
    0x061400b8, 0x82b38229, 0xb5042103, 0xd3201f82, 0x6b201f82, 0x0b830782, 0xb4200383, 0xba245f82, 0x7f051400, 0x2b246f82, 0x86044100, 0xc7200382, 
    0x17821f82, 0x829f0421, 0x82bd2007, 0x21078203, 0x43829406, 0x78206383, 0x26203f82, 0xe4202f82, 0xec201782, 0x03826382, 0x00650725, 0x822c0729, 
    0x0092240f, 0x82be0664, 0x006f2807, 0x0055042f, 0x8460079e, 0x06682613, 0x0568003a, 0x20338246, 0x2c2f82b6, 0x047d00f6, 0x053600be, 0x04740022, 
    0x28738292, 0x041e0066, 0x036e00e3, 0x2a07821e, 0x056200c1, 0x054c009c, 0x82340055, 0x053a343f, 0x0762002a, 0x05b400ba, 0x05460051, 0x073400ae, 
    0x832c00a2, 0x85052d2b, 0x0f053400, 0x28066e00, 0xf8052e00, 0x200a9753, 0x820b82d6, 0x200b2533, 0xdf066800, 0x8a20af82, 0xd0243b82, 0xf7089800, 
    0xce260782, 0xd4049800, 0xcf53ebff, 0x000c2a08, 0x0041037a, 0x00e10460, 0x3403849a, 0x057d00f1, 0x0478002b, 0x048000bf, 0x046200df, 0x047a00f6, 
    0x20078287, 0x820782f3, 0x8305200b, 0x0030222f, 0x8517827e, 0x82a72027, 0x23038217, 0x8e003005, 0xe1200382, 0xbd200382, 0x96200382, 0x79200382, 
    0xb2200382, 0x97200382, 0xb6200382, 0x98200382, 0x27870b86, 0x23867d20, 0x0782be20, 0x2352be20, 0x82902006, 0x24038707, 0x0020036c, 0x200382ff, 
    0x20038270, 0x21078552, 0x07852201, 0x05231795, 0x854e0130, 0xbf002103, 0x03825383, 0x03830783, 0x0b82d420, 0xb4200383, 0xc3200782, 0x1b83038a, 
    0x01219786, 0x832f8606, 0x2137aa8f, 0xb382c600, 0x03870020, 0x0027052f, 0x008e0368, 0x004d0262, 0x009a04a0, 0x210783a0, 0x0b826406, 0x52001726, 
    0x52002e08, 0x52280b82, 0x66001704, 0x52000e04, 0x66240382, 0xda00eb02, 0x60200382, 0xe2200382, 0x7b200386, 0x7b240782, 0x90006903, 0x7b240382, 
    0x7a00ba07, 0x1b8c238e, 0x00110533, 0x00cc0522, 0x00e20278, 0x01a9022e, 0x00290206, 0x2c0b83c0, 0x9000ae03, 0x00000004, 0x60003005, 0x83078208, 
    0x80042303, 0x03860001, 0x07823420, 0xbc045e24, 0x03829200, 0x0b829c20, 0x2f8f1820, 0x02232b9b, 0x84a00016, 0x00662403, 0x82ba03d2, 0x00862303, 
    0x038303a0, 0x78005e24, 0x8b82ee01, 0x50001622, 0x50300f82, 0x6600c801, 0x66008a03, 0x66004c05, 0x66000e07, 0x012b0f8b, 0x038e00ef, 0x028e00d7, 
    0x8280004e, 0x06a02603, 0x04a000ea, 0x2057829c, 0x20038a4e, 0x831b856a, 0x8202201f, 0x1303230b, 0x03826400, 0xa9045024, 0x03826400, 0x4b055024, 
    0x0382ae00, 0x0382ed20, 0x0386ce20, 0x0782e220, 0xc3200383, 0xd2200782, 0x1f83038a, 0x0f82a720, 0x33b6a620, 0xa603e028, 0xee030000, 0x03847200, 
    0x5200c532, 0x72000204, 0xc3002905, 0x64005405, 0xa8005007, 0x04210387, 0x241b82e3, 0x055200ce, 0x08038294, 0x5e00e622, 0x5e00e704, 0x5e000705, 
    0x8200a503, 0x4300a103, 0x4e00dc03, 0x58009501, 0x60007b03, 0x6e00d204, 0xb42e0382, 0x7a008c04, 0x68007d07, 0xa2001205, 0x37821305, 0xba00c82c, 
    0xe6ffec02, 0x4c000905, 0x43827a05, 0x5200682e, 0x46003603, 0x75007e03, 0x54004303, 0x542a0782, 0x54005603, 0x20003202, 0x0f828003, 0x75007b22, 
    0x6c265382, 0xf9ff9601, 0x0b842c03, 0xfe047522, 0x17822b82, 0x846b0321, 0x8375202f, 0x49022133, 0x1e241382, 0xf6015200, 0x1b833782, 0x35005a36, 
    0x3200ac04, 0x36003503, 0x35005e03, 0x6d003703, 0x5d00ad03, 0x02310383, 0x0263006f, 0x03630061, 0x03700089, 0x03670091, 0x23038295, 0x036500ae, 
    0x85240383, 0x8d037b00, 0x62202782, 0x3f200382, 0x9a209b82, 0x0f860782, 0x00270223, 0x20038293, 0x2003824e, 0x2803829d, 0x006e0364, 0x006f0389, 
    0x2007828b, 0xc3c34096, 0xfe89013d, 0x00100370, 0x0018034e, 0x001b024c, 0x000a024b, 0x00f10249, 0x000d0363, 0x82160364, 0x00212303, 0x0382035b, 
    0x00fa0229, 0x000c0374, 0x82c4024e, 0x00c62403, 0x82050347, 0x230f8633, 0x79001903, 0x74282f82, 0x86001a03, 0x8500eb01, 0x3c240382, 0x8000d801, 
    0x66200382, 0x7e200382, 0x8e200382, 0xd62c63e4, 0xc7064b00, 0xa6074b00, 0xe3064e00, 0xa5240782, 0x6b066300, 0x0e240782, 0xe4066400, 0x632a1784, 
    0x64008707, 0x5b00b807, 0x0f82e206, 0x74008f24, 0x33820a07, 0x0b82db20, 0x17827e20, 0x74008826, 0x47009106, 0x09211b83, 0x34138201, 0x0ae600db, 
    0x0de600af, 0x07e60083, 0x08200010, 0x07540007, 0x2e0382c7, 0x074600ba, 0x02460095, 0x03a80095, 0x82aa00f8, 0x96280807, 0xa2002902, 0x1401ba04, 
    0x14015d06, 0x66004e03, 0xe2000a04, 0xd400d203, 0x63000a03, 0x63000003, 0x7a00ef01, 0x2a006202, 0x052f1b83, 0x02140162, 0x029b0025, 0x005e0027, 
    0x826e0000, 0x82a82003, 0x86962003, 0x82d42003, 0x83e22007, 0x0000282f, 0x4002f2fc, 0x82020000, 0x74012103, 0x04200785, 0x08283182, 0x040000ba, 
    0x08000000, 0x022d0382, 0x020000ac, 0x01000000, 0x05000054, 0x200b8230, 0x820b824e, 0x8200202b, 0x32168223, 0x00bd0800, 0x006609b4, 0x005e0882, 
    0x00600582, 0x4b8505b4, 0x0e2e06e7, 0xa2078800, 0xba0aca00, 0x7415ca00, 0x0b87ca00, 0x01a2072b, 0x01ba0a00, 0x01741500, 0x230b8700, 0xfa003406, 
    0xdd200382, 0xfa200386, 0x0e213383, 0x833b8500, 0xac062307, 0x0384ca00, 0x0785b220, 0x00270923, 0x200382ca, 0x905fa7bc, 0x0034214f, 0x73826b88, 
    0x1307fa2c, 0x1707de00, 0x16088e01, 0x03836600, 0x00550723, 0x20038262, 0x220f90c0, 0x44400034, 0xc0200abb, 0x038c0b82, 0x00680823, 0x23038c62, 
    0x08b2008c, 0x2e230383, 0x87089700, 0x005c2303, 0x038308ba, 0x07823f20, 0x02240387, 0x4006f800, 0x0387db82, 0x87825e20, 0x1f822e20, 0xe3820382, 
    0x0387e820, 0x00ba0923, 0x2c0382ae, 0x004c08ba, 0x00e806b4, 0x00e60786, 0x200386ca, 0x250787cc, 0xcc00ad06, 0x3b821e08, 0x04230382, 0x83ba00dd, 
    0x1e0b2303, 0x03841800, 0x40000c22, 0x1787078c, 0x83e70740, 0xf20340ff, 0x5df80521, 0x0521054b, 0x054b5b60, 0x00070625, 0x822605b4, 0x00222203, 
    0x06475474, 0x02772008, 0x049e0034, 0x039e00ba, 0x04770003, 0x026c0039, 0x0214009e, 0x009e0080, 0x02980000, 0x869e004e, 0x04842403, 0x83a00017, 
    0x64022303, 0x0387a000, 0x07830f87, 0x600c535f, 0x3c200b17, 0x03836f82, 0x7a00d822, 0x5e07db5e, 0xab83132b, 0x230bcb5d, 0xdfff2602, 0x00250385, 
    0x002602b1, 0x23c387b1, 0xfeff8604, 0x5b07ef5b, 0x5b5b08ab, 0x82182013, 0x211782fb, 0xab5a1c05, 0x0f875a0e, 0x62002a23, 0x5a038305, 0x4b5a1b27, 
    0x59d78207, 0xbb590bcb, 0x006e2208, 0x08ab5934, 0xe7820820, 0x06230382, 0x5d7a000e, 0x0b830b43, 0x4e184759, 0x9222078f, 0xcb586800, 0x0ec75708, 
    0x57f60221, 0xbb26062f, 0xbb04c4ff, 0x03829600, 0xf0019e28, 0xf0019700, 0x0385c5ff, 0xf5200b84, 0xe6200b82, 0xb4240382, 0x9e006404, 0x20060b56, 
    0x200f8295, 0x07bb55e3, 0x55087755, 0xdb540d6b, 0x076f5505, 0x5f548f82, 0x82952006, 0x54952007, 0x0227134f, 0x02e2ff9e, 0x8314009e, 0x0ffb4e03, 
    0xf5220f8c, 0x0f849e00, 0x36007f22, 0x520bd352, 0xf75208bb, 0x085b520a, 0x410a1b55, 0x1382080f, 0x0224ef83, 0x039e00a4, 0x2908af56, 0x8002e3ff, 
    0x8002c4ff, 0x03829600, 0x8c10834f, 0x86fe2087, 0x00cf2c87, 0xff2602b4, 0x00f705df, 0x52ae0780, 0x21080503, 0xb4000706, 0x7a001e06, 0x7000d805, 
    0x34000705, 0x9e009a05, 0xb4001007, 0x5c008703, 0x6400aa04, 0x3f4f7b06, 0x00cc2c0a, 0x00920468, 0x009f0464, 0x82e4059e, 0x005f2603, 0xff340262, 
    0x826b87c4, 0x8276200b, 0x8bc92003, 0x4e02237b, 0x038fb200, 0x82ea0621, 0x002a2613, 0x001704a0, 0x211b8752, 0x27869c04, 0x9e002623, 0x82038f02, 
    0x56052343, 0x03872901, 0x00800327, 0x01000091, 0x0adf4729, 0x0b82b220, 0x04330384, 0x012901ba, 0x069600f0, 0x0229015e, 0x02e6ffc6, 0x839e0084, 
    0x8367830f, 0x271f833f, 0x2e001202, 0x64003c03, 0x04230383, 0x862401b0, 0x821e2003, 0x85038307, 0x82ba200f, 0x23038217, 0xb900d203, 0x04230383, 
    0x83d10000, 0x22574403, 0x57448d20, 0x448d200a, 0xa0260e57, 0x8a00fe01, 0x0389ca03, 0x03870f83, 0x052f1783, 0x0ab40040, 0x05b400ce, 0x051400e1, 
    0x83780012, 0xf1042507, 0x0c057a00, 0xf8260382, 0x7a058000, 0x03866200, 0x1f827420, 0xb706822a, 0x1709b400, 0x8004b400, 0x98243782, 0xf806b400, 
    0x3705d74f, 0x34004b06, 0x74001305, 0x6e00ce05, 0xa6004307, 0x72001605, 0x78000f05, 0x52240382, 0x58005804, 0x06211783, 0x2737820e, 0x055a005c, 
    0x056c00d3, 0x6f423f82, 0x059e2806, 0x047200c9, 0x825e0057, 0x04462e27, 0x025a0059, 0x04e6ffec, 0x0468001e, 0x2a178260, 0x066400aa, 0x04640002, 
    0x847d00f6, 0x84ff2003, 0x047a2e07, 0x055e0055, 0x049e00e7, 0x04940054, 0x202b82e8, 0x853f8257, 0x84782043, 0x220f874b, 0x84860059, 0x0034284f, 
    0x0022059e, 0x82210536, 0x001b26eb, 0x00890646, 0x3127836e, 0x97001d05, 0x6600e602, 0x26007904, 0x14009502, 0x57825b04, 0x27828c20, 0x1400fa2a, 
    0x54000e05, 0x66003d07, 0x97820383, 0x85048c22, 0xd5244382, 0x9c039e00, 0xe32a2b82, 0x52042600, 0x68044600, 0x33824800, 0x18055a24, 0x4f846200, 
    0x74000e2c, 0x88005c04, 0xb8001205, 0x23824904, 0xdf51b520, 0xba033b05, 0x9b031400, 0x4d026e00, 0x2202a000, 0xde02c000, 0xf0018800, 0x6f09b4ff, 
    0x17826c00, 0xe502622e, 0x9d036200, 0x26028c00, 0xa1044200, 0x84064355, 0xf9ff2307, 0xb3826005, 0x0382f220, 0x03821c20, 0x6f41d820, 0x07052905, 
    0x75053400, 0x2c073900, 0x82241382, 0xa6071600, 0x2905174a, 0xb4007f07, 0x9e00d306, 0x43822909, 0x7e005b24, 0x17820a07, 0x3400a22b, 0x7a009d0a, 
    0x7d00f104, 0x453f8705, 0x06230647, 0x821400b7, 0x07b42a73, 0x053900ae, 0x056200fc, 0x43e382b8, 0x2f820aaf, 0xa3437020, 0x216f8307, 0x7f82af05, 
    0xfb526f82, 0x0777540c, 0xeb825620, 0x03827420, 0x9e004128, 0x36009104, 0x4b823506, 0x60008e24, 0x0f82ab07, 0x5a002e24, 0x07823906, 0x3600be29, 
    0x5e00f403, 0x54009204, 0x93440503, 0xb6052906, 0x7b061400, 0xbd044100, 0xaa222382, 0x0b446400, 0x45638310, 0x13440747, 0x5e04210a, 0x86243382, 
    0xbf046800, 0x6020e782, 0xd8220382, 0xe3847000, 0x04210782, 0x05e35834, 0x00b20423, 0x206f8236, 0x44038264, 0x4520054f, 0x1b821782, 0x0012052f, 
    0x001405a2, 0x00900686, 0x00cc055a, 0x250f8374, 0x40009a03, 0x4f825005, 0x6c004c23, 0x55738204, 0xc721060b, 0x867b8304, 0x700627e7, 0x25026800, 
    0x03839700, 0x009d032f, 0x0026025e, 0x004c04b4, 0x007206b4, 0x24eb82b4, 0x008505b4, 0x26078234, 0x00d10934, 0x82f70b34, 0x829b200b, 0x00752c97, 
    0x009b0739, 0x00c10939, 0x84860439, 0x057a22a7, 0x362f82c6, 0x02b4003a, 0x03700022, 0x057c00e0, 0x067c00d0, 0x047c006f, 0x822a0052, 0x082a2a1b, 
    0x0a36005f, 0x0636004f, 0x2013844e, 0x26078235, 0x003e0841, 0x53f00141, 0x053405bb, 0x075c000c, 0x059e0002, 0x05540013, 0x06b200cd, 0x007e0091, 
    0x04230082, 0x821a0058, 0x05483193, 0x038800c9, 0x035e00a4, 0x0658009e, 0x024c0089, 0x8206c750, 0x0552225f, 0x22c3821e, 0x83a0006a, 0x02042717, 
    0x80067200, 0x17823e00, 0xce05da24, 0x13848600, 0x3b826520, 0x0601d526, 0x2800de02, 0x03230383, 0x82feff9f, 0x055824eb, 0x8274000e, 0x02e032af, 
    0x03780027, 0x0640009a, 0x077a003c, 0x037a00f1, 0x2367829b, 0x0360009c, 0x0b820383, 0x00e5022b, 0x00e002a2, 0x0028026e, 0x820b8432, 0x68012b7b, 
    0x51014e00, 0xa6034000, 0x3b829200, 0x1f848220, 0x7200e123, 0x20038302, 0x24678444, 0x005c04f6, 0x820383d2, 0x0266226b, 0x8ab38224, 0x225b8203, 
    0x84970378, 0x84482077, 0x00e82353, 0x038f0288, 0x7a00e426, 0xf4ff4002, 0x66382782, 0x14008e03, 0x9800ce05, 0xa200d605, 0x68000404, 0x7800e905, 
    0xd4fc0000, 0xfd210385, 0x20078282, 0x200382c8, 0x200382de, 0x200382cc, 0x280b86c0, 0xfd00003a, 0x00000042, 0x20178628, 0x200f82fe, 0x820b8240, 
    0x0efc2117, 0x03870782, 0x0b82ae20, 0xb4200383, 0xa6200782, 0xfd214b85, 0x202b8272, 0x200b8202, 0x20038260, 0x200382c6, 0x82038288, 0x83fd201f, 
    0x82ba2013, 0x826c201b, 0x82d8200f, 0x82922003, 0x00a82403, 0x8217fa00, 0x822c2003, 0x8258200b, 0x211b8203, 0x238262fd, 0x0b82a220, 0x03823220, 
    0x03829420, 0x0000b028, 0xb2012800, 0x03875000, 0x009d0225, 0x82bd0250, 0x82e72003, 0x82ef2003, 0x00462303, 0x03820200, 0x01620523, 0x29038314, 
    0x7c008003, 0x28003301, 0xf3822902, 0xe2000026, 0x14010000, 0x7a204382, 0x66200382, 0x63200386, 0x2a200782, 0x64200382, 0x89201b82, 0xfe200385, 
    0x9b201f83, 0x5e201382, 0xfc252385, 0xfb00001e, 0x20c7867b, 0x82938270, 0x82fd2043, 0x34fc211a, 0x20201382, 0x22201786, 0xc2200782, 0x02821482, 
    0x8268fc21, 0x20eb8323, 0x20078286, 0x2003821a, 0x8303820c, 0x8274202b, 0x8540201c, 0x83fc207f, 0x823d20f7, 0x82122017, 0x85422003, 0x60fb2103, 
    0x03826782, 0x854cfc21, 0x4efd210f, 0xa0202b82, 0xd4200382, 0x0b820786, 0x8202fc21, 0x82e62023, 0x4108201f, 0xfc2005b7, 0xfc21a382, 0x820b82b8, 
    0x3efc216b, 0x8c200782, 0x6c201f82, 0x46200382, 0x6f820b82, 0x41eafc21, 0xfc2109e3, 0x830b8292, 0x82cc2043, 0x82b42007, 0x82c02003, 0x82062047, 
    0x82002003, 0x8272200b, 0x41b32003, 0x0b8306f3, 0x37863820, 0xcb41ae20, 0x823a2006, 0x82282027, 0x8248200b, 0x82782003, 0x822a205f, 0x865a2007, 
    0x03d4289b, 0x02d400d0, 0x82bc00de, 0x02f62a03, 0x025400e8, 0x047200ec, 0x053750b0, 0xffef0127, 0x01ba04e0, 0x260f8414, 0x04a400d2, 0x83e20000, 
    0x8603840b, 0x82238417, 0x821b832f, 0x022a2453, 0x50a20029, 0xa8200687, 0x02207782, 0x26246b82, 0x73004803, 0xe3850383, 0xef83fc20, 0x07838b83, 
    0xfd21af82, 0x22278220, 0x8262054e, 0x23538267, 0x96009502, 0x2e240f82, 0x64000202, 0x43820782, 0xf382fe20, 0x8266fd21, 0x84ff820b, 0x03a0242b, 
    0x82d400d2, 0x41e020c7, 0x7424064f, 0x40005101, 0x2006bb42, 0x2007823e, 0x2003858a, 0x821f83fb, 0x1afd2503, 0x28001202, 0x2307b748, 0x2a006002, 
    0xaf820383, 0x0386bc20, 0x7a02e222, 0x00261f82, 0x00036300, 0x03825900, 0x40036324, 0x038b6600, 0x00260223, 0x847382c6, 0xde0227ff, 0x2702bc00, 
    0x03868600, 0x25028828, 0x98037e00, 0x03837400, 0xf6241b82, 0x68006b01, 0xd4202b82, 0x83072344, 0x2a8f820f, 0x00f1020e, 0x009c0420, 0x82d60206, 
    0x009e306b, 0x00a2018c, 0x003f0280, 0x006401a1, 0x82b50132, 0x820e200b, 0x2f0b8207, 0xb800bf04, 0x5200c904, 0x9e00b404, 0xb6fff001, 0x5a353f82, 
    0x18006f01, 0x68001206, 0x40003b04, 0xa0004d02, 0xb400c705, 0x27af8200, 0xdf005204, 0x5000b201, 0x23174b43, 0x28003301, 0xd4242782, 0xa0009502, 
    0x29280384, 0x34035e00, 0x3303f0ff, 0x27244782, 0x46025e00, 0x47240382, 0x02025dff, 0x07820f82, 0x2205f342, 0x820346fb, 0x20b3829f, 0x200382ec, 
    0x200382dc, 0x200382e2, 0x201b82ee, 0x2a03823a, 0x0091034c, 0x00060232, 0x82e90200, 0x00cc2803, 0x00260248, 0x826903a6, 0x828782bb, 0x2102826b, 
    0x19827002, 0xe4240383, 0x08030000, 0x2c200382, 0x50200382, 0x74200382, 0x98200382, 0xb0200382, 0xc8200382, 0xe8240382, 0x0c040000, 0x30200382, 
    0x48200382, 0x6c200382, 0x90200382, 0xdb820382, 0x82d80421, 0x00fc2407, 0x82200500, 0x82382003, 0x825c2003, 0x82802003, 0x82a42003, 0x253b8203, 
    0x0000ec05, 0x03821006, 0x03824420, 0x03826820, 0x03828c20, 0x06245782, 0x070000d4, 0x07217382, 0x20078218, 0x2003823c, 0x20038260, 0x20038284, 
    0x200382a8, 0x240382cc, 0x080000f0, 0x82038214, 0x82082053, 0x82082053, 0x82082053, 0xbc082453, 0x82090000, 0x8209209f, 0x8209209f, 0x8209202b, 
    0x8209202b, 0x1c0a242b, 0x820a0000, 0x820a209b, 0xa00a211b, 0x17820b82, 0x00f80a25, 0x82240b00, 0x20d38203, 0x257b820b, 0x0000c40b, 0x0382580c, 
    0x03827c20, 0x0c202382, 0x0d208782, 0x0d207782, 0x0d207782, 0x0d204b82, 0x0d203382, 0x0e254b82, 0x0f0000f4, 0x82038204, 0x820f207f, 0x8210206f, 
    0x8310206b, 0x00e02307, 0x17821100, 0x82281121, 0x824c2007, 0x24938203, 0x00007012, 0x20c38213, 0x20138213, 0x209f8213, 0x20678214, 0x20e38214, 
    0x205b8214, 0x20e38214, 0x25838214, 0x00001015, 0x03823415, 0x03824c20, 0x03826420, 0x15246f82, 0x160000e4, 0x1621ff82, 0x8207822c, 0x8216209f, 
    0x821620b7, 0x82162067, 0x82162067, 0x82162067, 0x82172037, 0x401724d3, 0x82170000, 0x82172033, 0x821720b3, 0x821720b3, 0xe81725c3, 0x0c180000, 
    0x38200382, 0x5c200382, 0x87820382, 0x7b821820, 0x82c81821, 0x00ec230b, 0x6f821900, 0x6f821920, 0x8b821920, 0x00601a25, 0x82c01a00, 0x82d02003, 
    0x20d78203, 0x24ab821b, 0x00003c1b, 0x2017821b, 0x2087821b, 0x20f7821b, 0x20f7821b, 0x2053821b, 0x2053821c, 0x2073821c, 0x2573821c, 0x0000641c, 
    0x0382881c, 0x0000dc24, 0x0382541d, 0x03827820, 0x1e20cf82, 0x1e251382, 0x1f0000ac, 0x20038294, 0x820382b8, 0x0020241f, 0x82200000, 0x82202057, 
    0x82202057, 0x82202057, 0x7c212457, 0x82210000, 0x822220af, 0x82222033, 0x822320cb, 0x82232057, 0x58232457, 0x82230000, 0x8223201b, 0x8223201b, 
    0x822420cb, 0x82242017, 0x82242037, 0x84242437, 0x82240000, 0x8224208f, 0xf024258f, 0x14250000, 0x27820382, 0x60822620, 0xeb822620, 0x00502629, 
    0x00b42600, 0x82742700, 0x202b8203, 0x202b8227, 0x202b8227, 0x202b8227, 0x202b8228, 0x25238228, 0x00005c28, 0x03828028, 0x0382a420, 0x0382c820, 
    0x0000e424, 0x03820829, 0x29219f82, 0x20078244, 0x20038270, 0x8203829c, 0xf429241b, 0x822a0000, 0x4c2a215b, 0xdf820782, 0x82902a21, 0x20938207, 
    0x20d3822a, 0x24d3822b, 0x0000242b, 0x2133822b, 0x0782682b, 0x03828c20, 0x0382b020, 0x2b20cf82, 0x2c20cf82, 0x2c20b782, 0x2c20cf82, 0x2c20cf82, 
    0x2c24cf82, 0x2c0000a0, 0x2c253b82, 0x2d0000e8, 0x2003820c, 0x82038230, 0x822d201f, 0x822d20b3, 0x982d21af, 0xbc200f82, 0xe0240382, 0x042e0000, 
    0x28200382, 0x77820382, 0x8f822e20, 0x82942e21, 0x00b8230b, 0x77822e00, 0x77822f20, 0x5b822f20, 0x3b822f20, 0x3b822f20, 0x3b822f20, 0xe3822f20, 
    0xe3822f20, 0xe3823020, 0x00343024, 0x73823000, 0x73823020, 0x73823020, 0x73823020, 0x73823020, 0x73823120, 0x73823120, 0x00483125, 0x826c3100, 
    0x21cb8203, 0x0782b431, 0x0382d820, 0x0000fc23, 0x20e78232, 0x20cb8232, 0x20cb8232, 0x21cb8232, 0x1382b032, 0x3220cb82, 0x3320cb82, 0x33206f82, 
    0x33256f82, 0x33000064, 0x20038288, 0x200382a4, 0x820382c8, 0x8233203b, 0x8234203b, 0x82342017, 0xac342417, 0x82340000, 0xcc3425c3, 0x38350000, 
    0x9f820382, 0x9f823520, 0xdb823520, 0x17823520, 0xdb823520, 0x00543624, 0x7f823600, 0x0b833620, 0x3724b382, 0x3700002c, 0x37202782, 0x37217782, 
    0x820b8280, 0xd837215b, 0x57820782, 0x93823820, 0x93823820, 0x005c3824, 0xcf823800, 0xdf823920, 0x00383924, 0x0f823900, 0x2b823920, 0x57823920, 
    0x82a83921, 0x82b8200f, 0x258f8203, 0x00003c3a, 0x0382603a, 0x03828420, 0x03829c20, 0x0382c020, 0x0000e424, 0x0382083b, 0x3b206782, 0x3b206782, 
    0x3c208f82, 0x3c204782, 0x3d208f82, 0x3d201382, 0x3d201382, 0x3d201382, 0x3d204b82, 0xe8231383, 0x823d0000, 0x823e20f3, 0x283e2533, 0xc43e0000, 
    0x13820382, 0x000c3f29, 0x00243f00, 0x82704000, 0x82942003, 0x25738203, 0x0000dc40, 0x03820041, 0x41211782, 0x82078248, 0x824120d7, 0xb041217b, 
    0xd4200b82, 0xf8240382, 0x1c420000, 0x40200382, 0x64200382, 0x88200382, 0xac200382, 0xd0200382, 0xf4240382, 0x18430000, 0xb3820382, 0xb3824320, 
    0x37824320, 0xcb824320, 0x82cc4321, 0x00f02313, 0x53824400, 0x53824420, 0x53824420, 0x82904421, 0x82b4200f, 0x00d82403, 0x82044500, 0x21bf8203, 
    0x07823845, 0x03825c20, 0x03828020, 0x0382a420, 0x4525ff82, 0x460000ec, 0x82038210, 0x824620b7, 0x8247209b, 0x8247209b, 0x3447250f, 0x44470000, 
    0x54200382, 0x78230382, 0x82480000, 0x82482093, 0x82482053, 0x82482053, 0x7c492453, 0x824a0000, 0x504a21a3, 0x74230782, 0x824b0000, 0x4c4c2493, 
    0x824c0000, 0xfc4c241b, 0x824d0000, 0x824d206f, 0x824d206f, 0x824d206f, 0x824d206f, 0x824d206f, 0x824d206f, 0x204e241b, 0x824e0000, 0x824f20e7, 
    0x825020d7, 0x82512063, 0x8251206f, 0x5851256f, 0x70510000, 0x94200382, 0x1b820382, 0xf3825120, 0xf3825120, 0x000c5225, 0x82305200, 0x82642003, 
    0x206b8203, 0x20778253, 0x20ab8253, 0x20ef8254, 0x24778254, 0x00006054, 0x21a38254, 0x07829c54, 0x0382c020, 0x0000e424, 0x03820855, 0x03828820, 
    0x0000d424, 0x03824856, 0x57207782, 0x57204782, 0x5820b782, 0x58200782, 0x58204f82, 0x5820db82, 0x58203782, 0x58203782, 0x58203782, 0x59203782, 
    0x59203782, 0x59209f82, 0x59209782, 0x5920bb82, 0x5920bb82, 0x5920bb82, 0x5924bb82, 0x5a0000ec, 0x5a20ab82, 0x5a21ab82, 0x820b8258, 0xa05a214b, 
    0xc4200782, 0xe8230382, 0x825b0000, 0x825b2057, 0x825b2057, 0x825b2057, 0x825b2057, 0x825b2057, 0x825b2057, 0x825c2057, 0xa85c2557, 0x045d0000, 
    0x28200382, 0x4c200382, 0x17820382, 0x17825e20, 0x002c5e25, 0x82505e00, 0x21db8203, 0x0782985e, 0x0000bc23, 0x21b3825f, 0x07826c5f, 0x03829020, 
    0x5f203782, 0x5f244782, 0x600000d0, 0x60217b82, 0x20078294, 0x240382b8, 0x610000dc, 0x20038200, 0x82038224, 0x8261202f, 0x8261202f, 0xb461212f, 
    0xd8230f82, 0x82620000, 0x8462214f, 0x3f820782, 0x82cc6221, 0x00f02407, 0x82146300, 0x82382003, 0x20db8203, 0x20db8263, 0x20db8263, 0x205b8263, 
    0x248b8263, 0x0000fc63, 0x20b78264, 0x20b78264, 0x20138264, 0x20138264, 0x209f8265, 0x209f8265, 0x209f8265, 0x246b8266, 0x00001866, 0x20bf8266, 
    0x20f38266, 0x82038367, 0xf4672483, 0x82680000, 0x826820fb, 0x82682057, 0x68682127, 0x5b820f82, 0xcb826820, 0x82b06821, 0x82c8200b, 0x20238203, 
    0x20238269, 0x25ab8269, 0x00003c69, 0x03825469, 0x6920af82, 0x69209f82, 0x69206f82, 0x69206f82, 0x6920b382, 0x6a20a382, 0x6a247382, 0x6a000020, 
    0x6a204f82, 0x6a204f82, 0x6a204f82, 0x6a204f82, 0x6a204f82, 0x6a21f782, 0x231b82d0, 0x6b0000e8, 0xf8240383, 0x106c0000, 0x93820382, 0x2b826d20, 
    0x2b826d20, 0x2b826d20, 0x00906d25, 0x828c6e00, 0x21df8203, 0x0782bc6e, 0x0000d423, 0x20bf826f, 0x21bf826f, 0x0b82306f, 0x03824820, 0x03826020, 
    0x6f20ef82, 0x6f202b82, 0x6f202382, 0xec242383, 0x04700000, 0x1c200382, 0x34200382, 0x4c200382, 0x64200382, 0x88200382, 0xa0200382, 0x7f820382, 
    0x7f827020, 0x7b827020, 0x4f827120, 0x4f827120, 0x4f827120, 0x4f827120, 0x4f827120, 0x4f827120, 0x4f827120, 0x007c7224, 0x2f827200, 0x03827320, 
    0x5b827420, 0x00e07424, 0x57827500, 0xa7827520, 0x00dc7528, 0x00707600, 0x33827700, 0x3f827820, 0x3f827820, 0x0b837820, 0x78203f82, 0x78203f82, 
    0x78253f82, 0x780000b0, 0x820382c0, 0x8279206b, 0x8279203f, 0x827a203f, 0xc87b240f, 0x827c0000, 0x387e2403, 0x827e0000, 0x747e21ef, 0x98200782, 
    0x23820382, 0xbf827e20, 0x00f87e29, 0x00107f00, 0x823c8100, 0x005c2303, 0xaf828300, 0xd3828320, 0x00948428, 0x00ac8400, 0x57828500, 0x3f828520, 
    0x4f828520, 0x2b828520, 0x2b828620, 0x93828620, 0x00408625, 0x82588600, 0x20978203, 0x20eb8286, 0x20b78286, 0x203b8286, 0x207f8286, 0x24eb8286, 
    0x00000c87, 0x20a78287, 0x20738287, 0x21738287, 0x0f828c87, 0x0382a420, 0x87207782, 0x87207782, 0x88206382, 0x8820df82, 0x88202382, 0x88204b82, 
    0x88204b82, 0x88204b82, 0x89204b82, 0x89201382, 0x8a207782, 0x8b20df82, 0x8b242382, 0x8c0000a8, 0x8c209f82, 0x8c200f82, 0x8c20ef82, 0x8c202382, 
    0x8c216f82, 0x821782c4, 0x008d246b, 0x828e0000, 0x188f2497, 0x828f0000, 0x548f2127, 0x6c200782, 0x84200382, 0x9c200382, 0xb4200382, 0xcc200382, 
    0xe4230382, 0x82900000, 0x6491243b, 0x82910000, 0x829120a7, 0x8292203b, 0xd8922ca7, 0x68930000, 0x34940000, 0x82950000, 0x8295208b, 0x8296202b, 
    0x829720ab, 0x82972083, 0x829720ab, 0x1c9824f7, 0x82980000, 0x8298201b, 0x8298203b, 0xac982143, 0x43820f82, 0x82e09821, 0x251f8207, 0x00002c99, 
    0x03824499, 0x03825c20, 0x9920ef82, 0x9921ef82, 0x240b82b8, 0x9a0000dc, 0x20038208, 0x20038220, 0x20038238, 0x82038250, 0x809a216b, 0x98200782, 
    0x9b820382, 0x6f829a20, 0x9b829a20, 0x00fc9a25, 0x82149b00, 0x20678203, 0x2067829b, 0x20f7829b, 0x201b829b, 0x205f829b, 0x207f829c, 0x249f829c, 
    0x00004c9c, 0x215f829c, 0x0782c89c, 0x9d207b82, 0x9d20df82, 0x9d204382, 0x9d202782, 0x9d204382, 0x9e204382, 0x9e204382, 0x9e202b82, 0x9f20c382, 
    0x9f207382, 0x9f207382, 0x9f203382, 0x9f246f82, 0x9f0000bc, 0xa0243782, 0xa0000078, 0xa1259b82, 0xa1000010, 0x82038228, 0x82a12057, 0xc4a12573, 
    0x54a20000, 0xf0230382, 0x82a30000, 0x82a32047, 0x82a3203f, 0x82a3203f, 0x82a320b3, 0xc0a321d3, 0x67821782, 0xd382a420, 0x1382a420, 0x0088a424, 
    0xa782a400, 0x8f82a420, 0x0090a524, 0x8b82a500, 0x82d8a521, 0x203f8207, 0x252382a6, 0x00002ca6, 0x038260a6, 0x03828420, 0xa6212782, 0x230782b8, 
    0xa70000f4, 0xa8202782, 0xa9240b82, 0xaa00007c, 0xaa207f82, 0xaa21f382, 0x820b8258, 0x04ab240f, 0x82ab0000, 0xecab28ef, 0xb0ac0000, 0x82ad0000, 
    0x94ae245b, 0x82ae0000, 0x82ae20cf, 0xd4ae21bf, 0x1b820b82, 0x2782af20, 0x2782af20, 0x3b82af20, 0xbb82af20, 0x8b82af20, 0x6382af20, 0x1382b020, 
    0x3782b020, 0x3782b020, 0xeb82b020, 0x00f8b024, 0x6382b200, 0x2782b220, 0x6382b220, 0x8270b221, 0x212b820f, 0x0782a0b2, 0xb2218382, 0x230782d0, 
    0xb30000e8, 0xb321af82, 0x82078220, 0x82b320f3, 0x82b320f3, 0x80b321df, 0x98200f82, 0x4f820382, 0x4f82b320, 0x4f82b320, 0x4f82b320, 0x6382b420, 
    0x0034b425, 0x824cb400, 0x207b8203, 0x20b782b4, 0x21a382b4, 0x0f82c0b4, 0xb420ff82, 0xb520ff82, 0xb8204f82, 0xb8203382, 0xb924ab82, 0xb900000c, 
    0xb9203382, 0xb9203382, 0xb9203382, 0xb9203382, 0xb9203382, 0xb9213382, 0x201b82ac, 0x200382c4, 0x230382dc, 0xba0000f4, 0xba209782, 0xba206f82, 
    0xba203b82, 0xbb286f82, 0xbb000084, 0xbc00009c, 0xbd24b382, 0xbe000090, 0xbe209782, 0xbe209782, 0xbe209782, 0xbf24ef82, 0xc000008c, 0xc1204f82, 
    0xc120d782, 0xc2209b82, 0xc2205382, 0xc328d782, 0xc3000044, 0xc40000e4, 0xc420f782, 0xc5253f82, 0xc5000014, 0x8203822c, 0x5cc52117, 0x74200782, 
    0x3b820382, 0x82a4c521, 0x206b8207, 0x247b82c5, 0x000018c6, 0x2c2b82c6, 0x000028c7, 0x0000d4c7, 0x0000b4c8, 0x208b82c9, 0x201f82c9, 0x208b82c9, 
    0x245f82c9, 0x000010ca, 0x201f82ca, 0x205782ca, 0x207782ca, 0x20c782ca, 0x207382ca, 0x28fb82ca, 0x0000d0ca, 0x00006ccb, 0x25eb82cc, 0x000000cd, 
    0x038260cd, 0x0000e823, 0x206782ce, 0x207f82cf, 0x28a382cf, 0x000030d0, 0x0000fcd1, 0x25c382d2, 0x000024d3, 0x03823cd3, 0xd3212782, 0x82078278, 
    0x82d3207b, 0x82d32047, 0x08d424b7, 0x82d40000, 0x82d420af, 0x82d5209f, 0x54d52423, 0x82d50000, 0x90d52123, 0x97820782, 0x82d8d521, 0x24478207, 
    0x000020d6, 0x20d382d6, 0x240f82d6, 0x0000f0d6, 0x203782d7, 0x207382d7, 0x25af82d8, 0x0000acd9, 0x0382c4d9, 0x0382dc20, 0xda24df82, 0xda00000c, 
    0xda207382, 0xda204f82, 0xda204f82, 0xda21ab82, 0x20138284, 0x8203829c, 0xccda2153, 0x7b820782, 0x5782da20, 0xaf82db20, 0x0038db25, 0x825cdb00, 
    0x21ab8203, 0x078298db, 0x0382b020, 0x0382d420, 0x0000ec24, 0x038204dc, 0xdc21e782, 0x20078234, 0x8203824c, 0x82dc20db, 0x82dc20ff, 0x82dd207b, 
    0x82dd20a7, 0xa8dd24a7, 0x82dd0000, 0x82dd20cf, 0x82dd2053, 0x82de2053, 0x82de2053, 0x50de25d3, 0x68de0000, 0x57820382, 0x5782de20, 0x82bcde21, 
    0x2057820b, 0x205782de, 0x203782df, 0x203782df, 0x208b82df, 0x203782df, 0x203782df, 0x203782e0, 0x203782e0, 0x20e782e0, 0x258f82e0, 0x000074e0, 
    0x03828ce0, 0x0382a420, 0xe0203b82, 0xe0243b82, 0xe10000f8, 0xe120d382, 0xe121a382, 0x820b82c8, 0x82e2204b, 0x82e220db, 0x82e320db, 0x82e320c7, 
    0x82e32073, 0x82e32073, 0x82e32073, 0x82e32073, 0x82e32037, 0x82e42037, 0x6ce42433, 0x82e40000, 0x94e4252b, 0x60e50000, 0xd8200382, 0xf0230382, 
    0x82e60000, 0x58e7245f, 0x82e70000, 0x88e721db, 0xa0200782, 0xb8200382, 0xe7820382, 0xe782e720, 0x000ce825, 0x8224e800, 0x823c2003, 0x824c2003, 
    0x82642003, 0x827c2003, 0x24478203, 0x0000ace8, 0x201782e9, 0x204f82e9, 0x205b82e9, 0x24d382e9, 0x0000c0e9, 0x20cb82ea, 0x20bf82ea, 0x208382ea, 
    0x200b82eb, 0x201382eb, 0x206382ec, 0x206382ec, 0x206382ec, 0x206382ec, 0x256382ec, 0x0000dcec, 0x038200ed, 0x03827820, 0xee200f82, 0xee206b82, 
    0xef20d782, 0xef20cb82, 0xf024c382, 0xf1000020, 0xf1247382, 0xf20000c4, 0xf2203b82, 0xf2207382, 0xf2202782, 0xf3203782, 0xf3203782, 0xf3249782, 
    0xf3000048, 0xf321db82, 0x20078290, 0x820382b4, 0xf0f325d7, 0x1cf40000, 0x1b820382, 0x8782f420, 0x6f82f420, 0x82ccf421, 0x00f8230f, 0x3382f500, 
    0x8250f521, 0x00682407, 0x8210f600, 0x20b38203, 0x201b82f6, 0x203382f6, 0x20d782f7, 0x242382f7, 0x000044f8, 0x24d382f8, 0x0000ecf8, 0x201382f9, 
    0x257782f9, 0x0000a4f9, 0x038208fa, 0xfb247f82, 0xfb000040, 0xfb203782, 0xd0230b83, 0x82fc0000, 0x82fd20a3, 0x2cfd24e7, 0x82fd0000, 0x82fe20f3, 
    0x28fe2457, 0x82fe0000, 0x82fe2017, 0x54ff24bb, 0x82ff0000, 0xbcff253f, 0x40000100, 0x58200382, 0xc8280382, 0x70010100, 0x08020100, 0xc4230382, 
    0x82030100, 0x4804251b, 0x60040100, 0x78300382, 0x34050100, 0x38060100, 0x50070100, 0x04080100, 0x14200382, 0x94200382, 0xac280382, 0x88090100, 
    0x900a0100, 0xa8200382, 0xc0200382, 0xd8200382, 0xf0230382, 0x820b0100, 0x200b214b, 0x37820782, 0x37820b20, 0x82680b21, 0x8280200b, 0x82a02003, 
    0x25278203, 0x0100e00b, 0x0382000c, 0x0c202382, 0x0c208782, 0x0c206b82, 0x0c211f82, 0x20138298, 0x200382b0, 0x240382d0, 0x0d0100e8, 0x82038208, 
    0x820d2023, 0x100e2923, 0x740e0100, 0x280f0100, 0xec230382, 0x82100100, 0x8210208b, 0x8210204b, 0x8211202b, 0x5412258f, 0xa4130100, 0xbf820382, 
    0x82d41321, 0x20238207, 0x24238214, 0x01001c14, 0x21c38214, 0x07824c14, 0x15209b82, 0x15206782, 0x15206782, 0x15206782, 0x1520fb82, 0x15258b82, 
    0x160100f8, 0x82038210, 0x8216205b, 0x5816216b, 0x70200b82, 0xdb820382, 0x27821620, 0x63821620, 0x3b821620, 0x23821720, 0x00301725, 0x82501701, 
    0x201f8203, 0x201f8217, 0x20fb8217, 0x20478217, 0x29478217, 0x0100fc17, 0x0100ac18, 0x03820c19, 0x03822420, 0x03823c20, 0x19219782, 0x2007826c, 
    0x20038284, 0x2003829c, 0x200382b4, 0x200382cc, 0x820382e4, 0x141a252f, 0x2c1a0100, 0x44200382, 0x5c200382, 0xe3820382, 0x828c1a21, 0x20cb8207, 
    0x200b821b, 0x25bb821c, 0x0100b81c, 0x0382601d, 0x03827820, 0x1d207382, 0x1e204382, 0x1e24cf82, 0x1f0100e8, 0x1f201782, 0x1f218b82, 0x200b8288, 
    0x820382a0, 0x821f202b, 0x821f20af, 0x0020251b, 0x18200100, 0xb3820382, 0x82482021, 0x202b8207, 0x20438220, 0x20438220, 0x21b78220, 0x1382c020, 
    0x0382d820, 0x2124db82, 0x21010008, 0x22205782, 0x22241f82, 0x230100f8, 0x23200b82, 0x2320a782, 0x2320a782, 0x2420a782, 0x2420a782, 0x2420a782, 
    0x2420a782, 0x2420a782, 0x24209b82, 0x2420a782, 0x2424a782, 0x240100c4, 0x25242782, 0x25010004, 0x2520f782, 0x25212382, 0x820b8264, 0x822520f3, 
    0x8225201f, 0xdc25211f, 0x47820f82, 0x47822620, 0xd3822620, 0xa3822620, 0x1b822720, 0x97822820, 0xbb822820, 0x73822820, 0x3b822920, 0x00b02925, 
    0x823c2a01, 0x00542303, 0x0f822b01, 0x67822b20, 0x82942b21, 0x291f820b, 0x0100802c, 0x0100982c, 0x03821c2d, 0x2d20c382, 0x2e251382, 0x2e010010, 
    0x20038228, 0x20038238, 0x82038250, 0x822e20e3, 0x822e20c3, 0x6c2f246f, 0x822f0100, 0x822f2083, 0x822f20c7, 0xa030240f, 0x82310100, 0x8231206f, 
    0x82312023, 0x82312023, 0x82322043, 0x203224f7, 0x82320100, 0x823220b3, 0xac322467, 0x82330100, 0x8233200f, 0xbc33259b, 0x58340100, 0xf4240382, 
    0x0c350100, 0x9c230382, 0x82360100, 0x82372027, 0x82372013, 0x7038244f, 0x82380100, 0x8239201b, 0x8c3a2417, 0x823a0100, 0x823b20df, 0xe43b24eb, 
    0x823c0100, 0x833d2067, 0x00ec2303, 0xdf823e01, 0xbb823f20, 0x8b824020, 0x00304128, 0x00e04101, 0x27824201, 0x3f824320, 0x00d84328, 0x00f04301, 
    0x13824401, 0x97824520, 0xa3824620, 0x1b824720, 0x00904824, 0xfb824901, 0x007c4a28, 0x004c4b01, 0x0b824c01, 0x00404d25, 0x825c4e01, 0x202b8203, 
    0x24538250, 0x0100c851, 0x20278252, 0x20c38253, 0x24b38253, 0x0100e853, 0x20a78254, 0x290f8255, 0x01002c56, 0x0100b856, 0x03820457, 0x5720d782, 
    0x58200b82, 0x5924a382, 0x59010000, 0x5a20d782, 0x5b208f82, 0x5b20c782, 0x5c20e782, 0x5d251782, 0x5e010068, 0x82038210, 0x185f2407, 0x825f0100, 
    0x8260205f, 0xd0602443, 0x82610100, 0xb4612173, 0x97820782, 0x82d46121, 0x20df8207, 0x20f78261, 0x255b8262, 0x01001462, 0x03822462, 0x03823420, 
    0x0100dc24, 0x03824463, 0x03825420, 0x03826420, 0x6320b382, 0x6320f382, 0x63206382, 0x63203f82, 0x6420eb82, 0x64259b82, 0x64010038, 0x82038248, 
    0x8265207f, 0x8265206b, 0x82652017, 0xf86524bb, 0x82660100, 0x3066214f, 0xf3820782, 0x8b826620, 0x3f826620, 0x82a06621, 0x203f820f, 0x218b8266, 
    0x0b82e066, 0x0100f023, 0x20c78267, 0x20af8267, 0x20f78267, 0x212f8267, 0x13824067, 0x03825020, 0x03826020, 0x03827020, 0x6721df82, 0x82078290, 
    0x8267203b, 0x8267203b, 0xec67243b, 0x82680100, 0x8268207f, 0x826820af, 0x8268202f, 0x786821d7, 0x94201382, 0xb0200382, 0xcc200382, 0x87820382, 
    0xd7826920, 0x57826920, 0x57826920, 0x6a20038b, 0x6a242b82, 0x6b0100bc, 0x6b213f82, 0x8207823c, 0x826b20d7, 0x7c6c240f, 0x826c0100, 0xac6c2843, 
    0x986d0100, 0x826e0100, 0xd46f2573, 0x28700100, 0x87820382, 0x57827020, 0x002c7124, 0x3f827101, 0x00d87124, 0x23827201, 0xfb827320, 0xcb827520, 
    0x00fc7525, 0x82187601, 0x82342003, 0x21bf8203, 0x07826c76, 0x03828820, 0x77205b82, 0x7820bf82, 0x78203382, 0x78249b82, 0x790100e4, 0x79218f82, 
    0x82078268, 0x8279201b, 0x1c7a243b, 0x827a0100, 0x827a2047, 0xc07a2513, 0x4c7b0100, 0x3b820382, 0x87827b20, 0x00107c24, 0x3b827c01, 0x82a87c21, 
    0x82c42007, 0x202f8203, 0x206b827c, 0x206b827d, 0x206b827d, 0x206b827d, 0x206b827d, 0x202f827d, 0x204f827d, 0x253f827d, 0x0100dc7d, 0x0382147e, 
    0x7e205382, 0x7e207b82, 0x7e203b82, 0x7e201782, 0x7f24b382, 0x7f010008, 0x7f20cf82, 0x7f211b82, 0x820b8270, 0x827f201b, 0x827f201b, 0x82802057, 
    0x3880241b, 0x82800100, 0x82802053, 0xb480211b, 0xf3820b82, 0x00ec8024, 0x6b828101, 0x82548121, 0x206b8207, 0x20538281, 0x25338281, 0x0100f081, 
    0x03822082, 0x03824020, 0x03826020, 0x82251782, 0x830100f8, 0x2003825c, 0x20038274, 0x2003828c, 0x820382bc, 0x48842927, 0xac840100, 0x04850100, 
    0x07820382, 0x6b828620, 0x00448624, 0x33828601, 0x57828720, 0x00c88728, 0x00dc8801, 0xeb828901, 0x82948921, 0x82b02007, 0x247b8203, 0x0100e889, 
    0x2033828a, 0x2167828a, 0x0b823c8a, 0x8a20b782, 0x8a205b82, 0x8a203782, 0x8a204782, 0x8a253782, 0x8b0100e4, 0x8203824c, 0xf48b256f, 0x7c8c0100, 
    0xd0230382, 0x828d0100, 0xd48d24c7, 0x828e0100, 0x829020bf, 0x829120f3, 0x68922497, 0x82920100, 0x829320a3, 0x82942013, 0x82952043, 0x829620cf, 
    0x8296205b, 0x82972067, 0x80982437, 0x82990100, 0x8299209b, 0x829a2083, 0xa49a319f, 0xfc9a0100, 0x0c9c0100, 0x389d0100, 0x1c9e0100, 0x37820382, 
    0x00e09e24, 0x7b829f01, 0x5782a020, 0x2f82a120, 0x5b82a120, 0x9b82a220, 0x002ca324, 0xbb82a301, 0x0084a424, 0x5782a501, 0x2382a520, 0x0098a625, 
    0x8224a701, 0x20af8203, 0x205382a8, 0x28d782a8, 0x010018a9, 0x0100b4a9, 0x204f82aa, 0x201f82aa, 0x205b82ab, 0x24ab82ab, 0x010040ac, 0x205b82ac, 
    0x244f82ad, 0x010078ae, 0x201382ae, 0x20b382af, 0x289f82af, 0x010060b0, 0x0100c0b0, 0x201b82b1, 0x24e782b1, 0x010054b2, 0x20e782b2, 0x20b382b3, 
    0x206f82b4, 0x246f82b5, 0x0100b8b5, 0x289382b6, 0x010004b7, 0x0100f0b7, 0x20c782b8, 0x20bf82b8, 0x20a382ba, 0x240782ba, 0x01009cbb, 0x20fb82bb, 
    0x296782bc, 0x01008cbc, 0x0100d8bc, 0x038250bd, 0xbe250b82, 0xbe010044, 0x82038264, 0x82be204b, 0xc4be21f7, 0xe4230b82, 0x82bf0100, 0x82bf204b, 
    0x82bf20bf, 0x82bf201f, 0x82bf201f, 0x82bf201f, 0x82bf201f, 0x82bf201f, 0x82c0201f, 0x82c0201f, 0x82c0201f, 0x82c0201f, 0x82c0201f, 0x82c0201f, 
    0x82c0201f, 0x82c0201f, 0x82c1201f, 0x82c1201f, 0x82c1201f, 0x82c1201f, 0x82c1201f, 0x82c1201f, 0x82c1201f, 0x82c1201f, 0x82c2201f, 0x82c2201f, 
    0x82c2201f, 0x82c2201f, 0x82c2201f, 0x82c2201f, 0x82c2201f, 0x82c2201f, 0x82c3201f, 0x82c3201f, 0x82c3201f, 0x82c3201f, 0x82c3201f, 0x82c3201f, 
    0x82c3201f, 0x82c3201f, 0x82c4201f, 0x82c4201f, 0x82c4201f, 0x82c4201f, 0x82c4201f, 0x14c524e3, 0x82c50100, 0x82c52023, 0x82c620eb, 0xc8c62917, 
    0x90c70100, 0x38c80100, 0xa82c0382, 0x10c90100, 0x48ca0100, 0x08cb0100, 0x2f820382, 0x4782cb20, 0x00b8cc28, 0x0080cd01, 0x3b82ce01, 0x8268ce21, 
    0x253f8207, 0x0100fcce, 0x03824ccf, 0x0382a020, 0x0100e823, 0x206782d0, 0x212382d0, 0x0b82d0d0, 0x0100f023, 0x214782d1, 0x078230d1, 0x03825020, 
    0x03827020, 0xd1216382, 0x820782b0, 0x82d1201f, 0x82d2201f, 0x82d2201f, 0x82d2201f, 0x82d2201f, 0x82d2201f, 0x82d2201f, 0x82d2201f, 0x82d2201f, 
    0x82d3201f, 0x82d3201f, 0x82d3201f, 0x82d3201f, 0xbcd3291f, 0xf8d30100, 0x18d40100, 0xab820382, 0x8260d421, 0x21338207, 0x0782c0d4, 0xd5242f82, 
    0xd5010020, 0xd5202b82, 0xd5208382, 0xd5244782, 0xd60100e0, 0xd6214382, 0x82078240, 0x82d6203f, 0xd0d625a7, 0x00d70100, 0x57820382, 0x3f82d720, 
    0x3f82d720, 0x3f82d720, 0x5782d720, 0x0094d924, 0xd782db01, 0x0028de25, 0x8254de01, 0x21478203, 0x0782acde, 0xdf204782, 0xdf20f782, 0xdf25df82, 
    0xdf010074, 0x82038284, 0x82df202b, 0x48e0252b, 0x58e00100, 0x68200382, 0x78200382, 0x88200382, 0x98200382, 0xa8200382, 0xb8200382, 0xc8230382, 
    0x82e10100, 0x82e1201b, 0x82e1201b, 0xc4e1241b, 0x82e20100, 0x44e2217f, 0x3f820782, 0x00e8e224, 0x1f82e301, 0x1b82e320, 0x9b82e320, 0xe42003bf, 
    0xe5204f82, 0xe5245f82, 0xe5010018, 0xe520c782, 0xe524fb82, 0xe6010064, 0xe6200f82, 0xe724eb82, 0xe7010008, 0xe724f782, 0xe80100d4, 0xe820bb82, 
    0xe924fb82, 0xe9010038, 0xea201b82, 0xea283782, 0xea010070, 0xeb0100f4, 0xeb200782, 0xec200782, 0xed200782, 0xed244782, 0xee0100e0, 0xef20fb82, 
    0xef203f82, 0xef241382, 0xf00100d8, 0xf0295782, 0xf10100f0, 0xf20100a0, 0x8203824c, 0x84f221c7, 0x0f830782, 0x0782bc20, 0xf2202382, 0xf3254382, 
    0xf3010010, 0x8203822c, 0x82f3206f, 0x80f32133, 0x9c200b82, 0xb8200382, 0x87820382, 0x00f0f325, 0x820cf401, 0x21678203, 0x078244f4, 0xf4206782, 
    0xf4203f82, 0xf520cb82, 0xf525b782, 0xf501003c, 0x2003825c, 0x820382a8, 0x82f6204f, 0x58f62827, 0xdcf60100, 0x82f70100, 0x82f720df, 0x20f8243f, 
    0x82f80100, 0x00f92837, 0xa4f90100, 0x82fa0100, 0x82fa206b, 0x82fa20a7, 0x14fb2483, 0x82fb0100, 0x24fd24e7, 0x82fe0100, 0xf8fe24fb, 0x82ff0100, 
    0x82ff20af, 0xacff2553, 0x3c000200, 0x84200382, 0xfc280382, 0xb0010200, 0x58030200, 0x88200382, 0xe4280382, 0x14040200, 0x48050200, 0x17820382, 
    0x0018062d, 0x00dc0602, 0x007c0702, 0x82280802, 0x00d02703, 0x00780902, 0x23820a02, 0x82700a21, 0x00d42407, 0x82300b02, 0x203b8203, 0x203b820b, 
    0x2057820c, 0x250b820c, 0x0200f80c, 0x0382640d, 0x0200f423, 0x202f820e, 0x2467820e, 0x0200ec0f, 0x21478210, 0x07828c10, 0x03829c20, 0x0382b420, 
    0x0382cc20, 0x10203782, 0x11201f82, 0x11255382, 0x1102002c, 0x20038244, 0x2003825c, 0x82038274, 0xa411212b, 0xbc200782, 0x6b820382, 0x43821120, 
    0x00041225, 0x821c1202, 0x82342003, 0x824c2003, 0x20678203, 0x21578212, 0x0b829412, 0x1221db82, 0x820782c4, 0x821220b3, 0x0c13257b, 0x24130200, 
    0x97820382, 0x82541321, 0x826c2007, 0x20f78203, 0x207f8213, 0x207f8213, 0x207f8213, 0x207f8213, 0x207f8213, 0x207f8214, 0x207f8214, 0x207f8214, 
    0x207f8214, 0x207f8214, 0x207f8214, 0x207f8214, 0x207f8214, 0x207f8214, 0x20d78214, 0x247b8215, 0x02004015, 0x24778215, 0x02009816, 0x201b8216, 
    0x24738217, 0x0200e817, 0x206f8218, 0x206f8218, 0x206f8218, 0x206f8218, 0x20fb8218, 0x216b8218, 0x1b82c018, 0x18206782, 0x19206782, 0x19206782, 
    0x19206782, 0x19206782, 0x19206782, 0x19206782, 0x19206782, 0x19206782, 0x19204b82, 0x19206782, 0x1a20e782, 0x1a20e782, 0x1a206b82, 0x1a20e782, 
    0x1a20e782, 0x1a206f82, 0x1a20e782, 0x1a20e782, 0x1a20e782, 0x1a207382, 0x1a20e782, 0x1b20e782, 0x1b207782, 0x1b207782, 0x1b207782, 0x1b207782, 
    0x1b20e782, 0x1b20e782, 0x1b207b82, 0x1b20e782, 0x1b20e782, 0x1b207f82, 0x1c207f82, 0x1c207f82, 0x1c207f82, 0x1c207f82, 0x1c207f82, 0x1c207f82, 
    0x1c207f82, 0x1c207f82, 0x1c207f82, 0x1c207f82, 0x1d207f82, 0x1d207f82, 0x1d207f82, 0x1d247f82, 0x1d020058, 0x1d217b82, 0x820782a0, 0x821e2077, 
    0x821e2057, 0x821f20d3, 0x901f2467, 0x821f0200, 0xcc1f2163, 0x63820782, 0x63821f20, 0x00202024, 0x5f822002, 0x82682021, 0x205b8207, 0x205b8220, 
    0x205b8220, 0x205b8220, 0x205b8220, 0x205b8221, 0x205b8221, 0x205b8221, 0x20db8221, 0x20db8221, 0x205f8221, 0x20db8221, 0x20db8221, 0x20638221, 
    0x20db8221, 0x20db8221, 0x20638222, 0x20438222, 0x253f8222, 0x02004823, 0x03826023, 0x03827820, 0x0200d823, 0x203f8224, 0x207f8224, 0x20fb8225, 
    0x206f8225, 0x24cb8225, 0x0200a825, 0x243b8225, 0x02000026, 0x20178226, 0x20338226, 0x20438226, 0x20278226, 0x20a78226, 0x20378226, 0x20a38226, 
    0x25a38227, 0x02005427, 0x03827827, 0x03829c20, 0x2720cf82, 0x2825bf82, 0x28020008, 0x2003822c, 0x82038250, 0x9828214f, 0x7b820782, 0x00e02824, 
    0xb7822902, 0x82282921, 0x21b38207, 0x07828029, 0x2921d782, 0x820782c8, 0x102a24d3, 0x822a0200, 0x822a2083, 0x822a20f3, 0xb02a21af, 0xef820f82, 
    0x00f82a25, 0x821c2b02, 0x82402003, 0x21e78203, 0x0782882b, 0x2b204f82, 0x2c204f82, 0x2c204f82, 0x2c244f82, 0x2c02005c, 0x2c204f82, 0x2c204f82, 
    0x2c204f82, 0x2d204f82, 0x2d204f82, 0x2d25df82, 0x2d020058, 0x2003827c, 0x200382a0, 0x240382c4, 0x2e0200e8, 0x2003820c, 0x82038230, 0x822e20bf, 
    0x822e20bf, 0x822e20bf, 0x822e20bf, 0x822f20bf, 0x822f20bf, 0x822f20bf, 0x822f20bf, 0x822f20bf, 0x822f20bf, 0x822f206f, 0x8230206f, 0x8230206f, 
    0x8230206f, 0x82302037, 0x8230206f, 0x8230201b, 0x823020a7, 0x82302073, 0x82312073, 0x82312073, 0x82312073, 0x703125df, 0x94310200, 0x57820382, 
    0x82d83121, 0x00f02407, 0x82143202, 0x82382003, 0x205b8203, 0x205b8232, 0x203f8232, 0x205b8232, 0x20e78232, 0x203f8232, 0x205f8233, 0x20978233, 
    0x203f8233, 0x25eb8233, 0x02009033, 0x0382b433, 0x33243f82, 0x340200fc, 0x34211b82, 0x20078248, 0x2003826c, 0x20038284, 0x820382a8, 0x8234203b, 
    0x8235203b, 0x1c35253b, 0x40350200, 0x3b820382, 0xf3823520, 0x7f823520, 0x82ac3521, 0x82d0200f, 0x203f8203, 0x207f8236, 0x25db8236, 0x02004436, 
    0x03826836, 0x36211f82, 0x240782b8, 0x370200dc, 0x20038200, 0x82038218, 0x82372063, 0x823720df, 0x82372063, 0x9c372163, 0xc3821382, 0x82e43721, 
    0x24438207, 0x02002038, 0x20c38238, 0x20c38238, 0x21c38238, 0x0f828c38, 0x0382a420, 0x3820c782, 0x38258b82, 0x390200f8, 0x20038210, 0x20038234, 
    0x82038260, 0x8239201f, 0x8239201f, 0x8239201f, 0x8239201f, 0x823a201f, 0x823a20a7, 0x823a20a7, 0x883a25a7, 0xbc3a0200, 0xe0230382, 0x823b0200, 
    0x283b21c3, 0x1b820782, 0x82583b21, 0x20c38207, 0x20a3823b, 0x21c3823b, 0x0f82c43b, 0x0200e824, 0x03820c3c, 0x03822420, 0x03824820, 0x3c21a382, 
    0x20078290, 0x200382b4, 0x820382d8, 0x823d209f, 0x823d209f, 0x823d20df, 0x823d20df, 0x823d207b, 0x823d20df, 0xf43d24df, 0x823e0200, 0x823e203b, 
    0x3c3e213b, 0xe3820b82, 0x3f823e20, 0xe3823e20, 0x9f823e20, 0x82c83e21, 0x20838213, 0x209f823e, 0x20bf823f, 0x2087823f, 0x2087823f, 0x2487823f, 
    0x0200703f, 0x21a7823f, 0x0782a83f, 0x40246782, 0x4002002c, 0x4020ff82, 0x4020ff82, 0x40209f82, 0x41209782, 0x41200782, 0x42258782, 0x42020018, 
    0x82038230, 0x824220fb, 0x80422137, 0x5f820b82, 0x5f824220, 0x5b824220, 0x57824320, 0x2b824320, 0x33824320, 0x0f824320, 0x00a04424, 0x0b824402, 
    0x001c4524, 0x57824502, 0x827c4521, 0x82bc2007, 0x20cb8203, 0x20af8246, 0x24178246, 0x02007846, 0x20e78246, 0x215f8246, 0x0b82d446, 0x0382e420, 
    0x4724cf82, 0x47020014, 0x48201782, 0x4820d382, 0x4828f382, 0x480200b0, 0x490200d0, 0x49209b82, 0x49207b82, 0x4920f782, 0x4a244782, 0x4a020064, 
    0x4a20e782, 0x4b248782, 0x4b020034, 0x4b20c382, 0x4c247382, 0x4c020000, 0x4c20af82, 0x4c21af82, 0x820b8248, 0x824c20b3, 0x824c206b, 0x824c2053, 
    0xc04c21eb, 0x2b821382, 0x00f04c25, 0x82084d02, 0x82202003, 0x82382003, 0x205f8203, 0x203f824d, 0x24bf824d, 0x0200104e, 0x21d3824e, 0x0782584e, 
    0x0382ac20, 0x0200cc23, 0x2023824f, 0x2023824f, 0x208b824f, 0x2027824f, 0x20678250, 0x204f8250, 0x204f8250, 0x20fb8251, 0x20878251, 0x242f8252, 
    0x02000453, 0x203b8253, 0x25a78253, 0x02008054, 0x03829854, 0x5420c382, 0x5424e382, 0x550200ec, 0x56200382, 0x56205f82, 0x57203382, 0x57202f82, 
    0x5820f382, 0x59201b82, 0x5a243f82, 0x5b02003c, 0x5b203b82, 0x5c255382, 0x5c02000c, 0x82038224, 0x825d207f, 0x825e2027, 0x825e20fb, 0x7c5f284f, 
    0x5c600200, 0x82610200, 0x8261207f, 0x8262204b, 0x82622047, 0x8263203b, 0x8864248b, 0x82640200, 0x8265206f, 0x9c652c23, 0xc4650200, 0xb8660200, 
    0x82670200, 0x54682413, 0x82690200, 0xb46921ef, 0x17820782, 0x43826a20, 0x00406b24, 0x67826c02, 0x82306c21, 0x20138207, 0x2067826d, 0x20b7826d, 
    0x245b826e, 0x0200686e, 0x20ef826f, 0x200b8270, 0x29d38271, 0x0200d871, 0x02006c72, 0x03822073, 0x75202b82, 0x7528a782, 0x760200d0, 0x770200a0, 
    0x78280b82, 0x79020038, 0x7a02004c, 0x7b246b82, 0x7c0200f0, 0x7c202b82, 0x7c208782, 0x7d25a382, 0x7e0200cc, 0x20038264, 0x27038274, 0x7f0200e0, 
    0x80020060, 0x80208b82, 0x8120a382, 0x82242782, 0x82020048, 0x83202782, 0x83209382, 0x84209f82, 0x84240f82, 0x85020090, 0x85205382, 0x85200b82, 
    0x85204782, 0x8524e782, 0x860200c8, 0x86284782, 0x870200f4, 0x880200b0, 0x89243b82, 0x89020014, 0x8921db82, 0x82078278, 0xa8892133, 0x6f820782, 
    0xc7828920, 0x53828920, 0x00fc8924, 0xe3828a02, 0xe3828a20, 0xef828a20, 0x1b828a20, 0x9f828a20, 0x7f828c20, 0x00888c25, 0x822c8d02, 0x20578203, 
    0x2463828e, 0x0200688f, 0x2047828f, 0x2197828f, 0x0b82b48f, 0x8f202b82, 0x90202b82, 0x90252b82, 0x90020018, 0x8203823c, 0x8290206b, 0x82902083, 
    0x8290203b, 0xb89021fb, 0x6b821382, 0x00009125, 0x82249102, 0x20af8203, 0x25978291, 0x02009891, 0x03824492, 0x9320ab82, 0x93203b82, 0x93207f82, 
    0x93201b82, 0x93241b82, 0x93020084, 0x93206382, 0x94246382, 0x95020050, 0x96242b82, 0x9602001c, 0x97206f82, 0x98208382, 0x99204782, 0x34240383, 
    0x4c990200, 0x6f820382, 0x9f829920, 0x82949921, 0x82a4200b, 0x21af8203, 0x0782e099, 0x0200f824, 0x0382109a, 0x03822020, 0x03823820, 0x9a204b82, 
    0x9a213f82, 0x820b8280, 0x829b2053, 0x5c9b257f, 0x749b0200, 0x8c200382, 0xac230382, 0x829c0200, 0xd09c244f, 0x829d0200, 0x829d205f, 0x829e2083, 
    0x829e2023, 0x829e2033, 0x839e201f, 0x2823820f, 0x0200409f, 0x0200d49f, 0x200f82a0, 0x207b82a1, 0x24e382a1, 0x020028a2, 0x205f82a3, 0x256f82a4, 
    0x0200d8a4, 0x038214a6, 0xa7208382, 0xa7203b82, 0xa7206f82, 0xa7246f82, 0xa70200b0, 0xa7209b82, 0x9b821783, 0x2b82a820, 0x3782a820, 0x4f82a820, 
    0xdb82a820, 0x00dca825, 0x8258aa02, 0x20338203, 0x213382aa, 0x0b82a0aa, 0xaa205b82, 0xaa203382, 0xab243382, 0xab020000, 0xab202f82, 0xab202f82, 
    0xab206b82, 0xab212782, 0x82138288, 0xa8ab215b, 0x2b820782, 0x2b82ab20, 0x2b82ab20, 0x0008ac24, 0x2782ac02, 0x8260ac21, 0x82702007, 0x82902003, 
    0x00c02303, 0x4382ad02, 0x8220ad21, 0x82302007, 0x20438203, 0x206782ad, 0x211b82ad, 0x0f82a0ad, 0xad209f82, 0xae202382, 0xaf258382, 0xaf02000c, 
    0x82038674, 0x04b025eb, 0x94b10200, 0xdc230382, 0x82b20200, 0x82b220db, 0x82b22077, 0x82b22073, 0x82b22073, 0xe8b325ef, 0x4cb40200, 0xb4200382, 
    0x2f820382, 0x1b82b520, 0xd382b520, 0x0048b624, 0x5782b602, 0x003cb725, 0x8254b702, 0x82642003, 0x82742003, 0x20238203, 0x290b82b8, 0x0200e4b8, 
    0x0200f4b8, 0x03822cb9, 0xba20bb82, 0xbb24d382, 0xbb020010, 0x93820783, 0x2782bb20, 0x1b82bc20, 0x0b82bc20, 0x2782bc20, 0xb782bd20, 0xaf82bd20, 
    0xa782bd20, 0x00d0bd29, 0x00f0bd02, 0x8244be02, 0x82a42003, 0x00f82303, 0x2b82bf02, 0x825cbf21, 0x20178207, 0x204782c0, 0x20eb82c0, 0x203382c0, 
    0x244782c0, 0x020040c1, 0x248b82c1, 0x02001cc2, 0x28bf82c2, 0x020000c3, 0x020070c3, 0x200782c4, 0x249382c4, 0x0200c4c4, 0x21db82c5, 0x07826cc5, 
    0xc6200b82, 0xc6242782, 0xc6020058, 0xc7200b82, 0xc7206382, 0xc8295382, 0xc9020060, 0xca02008c, 0x82038228, 0x82cb2083, 0x82cc20b3, 0xdccc242f, 
    0x82cd0200, 0x82ce2007, 0x82ce204b, 0x94cf24ab, 0x82d00200, 0xacd0247f, 0x82d10200, 0x82d12047, 0x82d1209f, 0x82d2209f, 0xccd22cf3, 0x78d30200, 
    0x84d40200, 0x82d50200, 0x82d6204b, 0x82d7208b, 0xfcd724a3, 0x82d90200, 0xe8d92507, 0x54da0200, 0xe7820382, 0x00e0da25, 0x8244db02, 0x28bf8203, 
    0x020038dc, 0x0200e4dc, 0x24df82dd, 0x020004de, 0x2c6f82de, 0x0200d8de, 0x0200ecdf, 0x0200bce0, 0x206382e2, 0x240382e3, 0x02003ce4, 0x207782e4, 
    0x244782e4, 0x020024e5, 0x200b82e5, 0x205b82e6, 0x208f82e7, 0x205f82e7, 0x207382e7, 0x241b82e7, 0x020048e8, 0x204f82e8, 0x208782e9, 0x24cf82ea, 
    0x0200d0ea, 0x247382eb, 0x02004cec, 0x241782ec, 0x0200f4ec, 0x241382ed, 0x02000cee, 0x21c382ee, 0x07822cee, 0xef204b82, 0xef20e382, 0xef242382, 
    0xf002009c, 0xf0248782, 0xf1020098, 0xf1202382, 0xf120b382, 0xf1201382, 0xf2203b82, 0xf2205382, 0xf3207382, 0xf3203782, 0xf320af82, 0xf4251782, 
    0xf4020014, 0x20038234, 0x82038264, 0xccf524cf, 0x82f60200, 0x82f720af, 0x82f82053, 0x82f820e3, 0x82038497, 0x82f9200f, 0x94f9244f, 0x82f90200, 
    0x82f9207f, 0xf8f9244f, 0x82fa0200, 0x7cfa213f, 0x6f820782, 0x0f82fa20, 0x00c4fb24, 0xeb82fc02, 0x5f82fc20, 0x2782fc20, 0xdf82fd20, 0xdf82fd20, 
    0x1782fd20, 0x0782fe20, 0x00d8fe24, 0xd782ff02, 0x5782ff20, 0x00ccff25, 0x820c0003, 0x00e02803, 0x00b40103, 0x82600203, 0x828c2003, 0x00fc2403, 
    0x824c0303, 0x829c2003, 0x290b8203, 0x03005c04, 0x0300c004, 0x03823005, 0x03828020, 0x0300f82c, 0x03007c06, 0x03003c07, 0x03824408, 0x0300ec23, 
    0x24038209, 0x0300dc0a, 0x2017820b, 0x2d53820c, 0x0300000d, 0x0300a00d, 0x0300900e, 0x0382240f, 0x10201f82, 0x11245f82, 0x120300bc, 0x132d5782, 
    0x13030084, 0x140300a4, 0x15030010, 0x8203821c, 0x8215204b, 0x2c16241b, 0x82160300, 0x6c16217b, 0x4b820782, 0x8f821620, 0x2f821620, 0x00e81625, 
    0x82401703, 0x82d42003, 0x00f42303, 0x93821803, 0x53821820, 0x8f821920, 0x00381a29, 0x00d01a03, 0x82781b03, 0x82982003, 0x82b82003, 0x82d82003, 
    0x25338203, 0x0300081c, 0x0382181c, 0x1c206b82, 0x1d20e782, 0x1d20c382, 0x1d204782, 0x1d208b82, 0x1e20af82, 0x1e204782, 0x1e206782, 0x1e206382, 
    0x1f207f82, 0x1f207f82, 0x1b820783, 0x00f01f24, 0x2f822003, 0x2f822020, 0x2f822020, 0x82702021, 0x24cf820f, 0x0300fc20, 0x240f8221, 0x0300cc21, 
    0x20db8222, 0x217f8222, 0x0b825422, 0x03827420, 0x03829420, 0x0300b424, 0x03820c23, 0x23204b82, 0x2320cb82, 0x2320cb82, 0x24257b82, 0x24030000, 
    0x82038220, 0x8224204f, 0x822420a7, 0x822520cb, 0x82262047, 0x282624a3, 0x82260300, 0x8227200f, 0x502824cf, 0x82280300, 0x82282017, 0x5829247f, 
    0x822a0300, 0xa02a2837, 0x8c2b0300, 0x822c0300, 0xac2c243f, 0x822d0300, 0x482e256b, 0x842e0300, 0xdb820382, 0x73822e20, 0x3f822e20, 0x00102f24, 
    0x6f822f03, 0x00c42f24, 0x83823003, 0x37823020, 0x87823120, 0x87823120, 0xbb823120, 0x00b03124, 0x23823203, 0x47823220, 0x00643224, 0x23823303, 
    0xff823320, 0x27823320, 0x00d83324, 0x1b823403, 0x82443421, 0x20578207, 0x20438234, 0x247b8235, 0x03006835, 0x251f8235, 0x03001836, 0x03823c36, 
    0x3620a382, 0x36207382, 0x3720d382, 0x3720cb82, 0x37204782, 0x38200b82, 0x38298f82, 0x39030088, 0x3a030070, 0x20038204, 0x20038214, 0x20038224, 
    0x82038234, 0x543a2153, 0x2b820782, 0xbb823a20, 0x5f823a20, 0x5b823b20, 0x4f823b20, 0x2f823b20, 0x7b823b20, 0xeb823c20, 0xc3823c20, 0x13823d20, 
    0x00a83d24, 0x3b823e03, 0x6b823e20, 0x00fc3e24, 0x37823f03, 0x829c3f21, 0x201f8207, 0x20cf8240, 0x28cf8240, 0x03009840, 0x0300e440, 0x206b8241, 
    0x21538241, 0x0b82ac41, 0x0382cc20, 0x0300ec23, 0x202f8242, 0x21a38242, 0x0b82dc42, 0x0100ec3c, 0x790b0000, 0x0a008400, 0x07006900, 0x52000200, 
    0x8d009300, 0x0e010000, 0x0f820c0e, 0x002d1d82, 0x00b60124, 0x04010003, 0x00000009, 0x85038250, 0x8201200b, 0x86502031, 0x00022417, 0x865a000e, 
    0x0003240b, 0x8668004c, 0x0004240b, 0x86b4001a, 0x0005240b, 0x86ce0036, 0x0006230b, 0x9982011a, 0x07245384, 0x1e015400, 0x08241786, 0x72010800, 
    0x09240b86, 0x7a012000, 0x0b200b86, 0x9a200b82, 0x0c200b86, 0xba200b82, 0x0d240b86, 0xda012001, 0x0e240b86, 0xfa023400, 0xb4820b85, 0x2e031622, 
    0x01240b86, 0x44031c00, 0x02240b86, 0x60032a00, 0x03240b86, 0x8a034000, 0x04240b86, 0xca032400, 0x05200b86, 0xee200b82, 0x06240b86, 0x12042400, 
    0x07240b86, 0x36041a00, 0x08200b86, 0xfb860b82, 0x00090125, 0x866a0412, 0x000a2417, 0x867c0410, 0x820b200b, 0x868c2017, 0x000c240b, 0x869e042c, 
    0x000d230b, 0x6b870418, 0x22000e24, 0x1786e204, 0x2e000f23, 0x06134105, 0x00100125, 0x8632051c, 0x00112417, 0x864e0526, 0x8212200b, 0x86742017, 
    0x0013240b, 0x86900512, 0x8214200b, 0x86a2200b, 0x1520080b, 0xb4053200, 0x6f004300, 0x79007000, 0x69007200, 0x68006700, 0x20007400, 0x30003200, 
    0x36003100, 0x54200982, 0x65201182, 0x49220782, 0x19826e00, 0x25826520, 0x50002022, 0x6f260582, 0x65006a00, 0x13826300, 0x41002024, 0x07827500, 
    0x47826820, 0x73007223, 0x20298900, 0x20218252, 0x221b8267, 0x8261006c, 0x00342231, 0x8355822e, 0x823b2057, 0x82692067, 0x002d2231, 0x20698239, 
    0x20698232, 0x2c298262, 0x00640065, 0x003b0033, 0x00530052, 0x2003824d, 0x20498a3b, 0x2015822d, 0x21358265, 0x4b850075, 0x20206389, 0x5620198e, 
    0x85834982, 0x8d826920, 0xb7826e20, 0x4f8975a5, 0x5520699b, 0x20209182, 0x6e20cb82, 0x2020a982, 0x20229d8a, 0xf7826900, 0x20201983, 0x7220d582, 
    0x64202182, 0x6d208582, 0x6b20f584, 0x6f228382, 0x05826600, 0x6d209583, 0x2e212782, 0x20098700, 0x24218252, 0x006d0073, 0x213d8475, 0x57830041, 
    0x1d846520, 0xbd847320, 0x4d826820, 0x70007422, 0x3a221d82, 0x01822f00, 0x6d204189, 0x2f215f82, 0x201f9f00, 0x85218254, 0x84462099, 0x8274204f, 
    0x82532085, 0x82662009, 0x84772057, 0x8265209d, 0x20218511, 0x20c3826c, 0x20558263, 0x206d826e, 0x20df8465, 0x838f8875, 0x826820d5, 0x0020221b, 
    0x20f58253, 0x2033824c, 0x2095824f, 0x211f8265, 0x59890020, 0x418c4c20, 0x25822c20, 0x230f8b41, 0x002e0031, 0x20210383, 0x8d998900, 0x09494177, 
    0x9f827620, 0x6c006922, 0x62200582, 0xa7830582, 0x5f827720, 0xd1827420, 0x24056741, 0x00410046, 0x20638251, 0x20cb8261, 0x4107823a, 0x2941070b, 
    0x00732805, 0x00720063, 0x82700069, 0x8273201d, 0x82732075, 0x826c200b, 0x826f2007, 0x00672415, 0x824f002f, 0x414c20b7, 0x33ab083f, 0x6420f989, 
    0x67205382, 0x73229384, 0x07824400, 0xab827320, 0x62006d22, 0x75201584, 0x74200b82, 0x6f270982, 0x52006e00, 0x41006f00, 0x2022054b, 0x09827100, 
    0x93826f20, 0x73006522, 0x2620b382, 0x63200382, 0x6d221d82, 0x2f826d00, 0x2022459d, 0x4b822800, 0x31826f20, 0x6c007322, 0x68212d84, 0x05a74100, 
    0x07827a20, 0x45827220, 0x43002922, 0x72207182, 0x6c20f982, 0x63201986, 0x6120e182, 0x6120f182, 0x74201382, 0x73222584, 0x83845300, 0x3d851583, 
    0x2022239f, 0xb3827000, 0x41846e20, 0x478bd58b, 0x4120d78d, 0x6d859f82, 0xa7826e20, 0x20200983, 0x6e209d82, 0x3b417f82, 0x82662009, 0x82752011, 
    0x20118999, 0x21bb8273, 0x0f890078, 0x0f826e20, 0x4c203383, 0x77202982, 0x72223b82, 0x83822d00, 0x73006122, 0x20250b82, 0x20004c00, 0x090f4200, 
    0x67827420, 0x75826920, 0x33825320, 0xaf826d20, 0x07826c20, 0x03826620, 0x7521e185, 0x20919300, 0x061b4173, 0x49827020, 0x55007322, 0x70203582, 
    0x69206590, 0x7983658c, 0x59847220, 0x6b824620, 0x74006122, 0x74209182, 0x41839d82, 0x4d827420, 0x3f827220, 0x43006522, 0x70208b82, 0x93832582, 
    0x3f826c20, 0x438e4720, 0x83007021, 0x825320f7, 0x006e2221, 0x20478267, 0x20458265, 0x244b8273, 0x0072006f, 0x202b8279, 0x21418261, 0xc583006f, 
    0x2205b541, 0x90660020, 0x94742011, 0x8e6320d1, 0x23e18b79, 0x00020053, 0xfe230084, 0x848c00a4, 0x21048e08, 0x1082790b, 0x00019d0c, 0x00620024, 
    0x00ad00ae, 0x00c700c9, 0x01020163, 0x01040103, 0x01060105, 0x01080107, 0x010a0109, 0x010c010b, 0x010e010d, 0x0110010f, 0x01120111, 0x01140113, 
    0x01160115, 0x01180117, 0x011a0119, 0x011c011b, 0x011e011d, 0x0120011f, 0x01220121, 0x01240123, 0x01260125, 0x01280127, 0x012a0129, 0x012c012b, 
    0x012e012d, 0x0130012f, 0x01320131, 0x01340133, 0x01900035, 0x01370136, 0x01250038, 0x013a0139, 0x013c013b, 0x013e013d, 0x0126003f, 0x00640040, 
    0x014101fd, 0x01ff0042, 0x01440143, 0x00460145, 0x01470127, 0x01490148, 0x014b014a, 0x014d014c, 0x014f014e, 0x00280050, 0x006500cb, 0x01ca00c8, 
    0x01520151, 0x01540153, 0x01560155, 0x01580157, 0x015a0159, 0x015c015b, 0x015e015d, 0x0160015f, 0x01620161, 0x01640163, 0x01660165, 0x01680167, 
    0x016a0169, 0x016c016b, 0x016e016d, 0x0170016f, 0x01720171, 0x01740173, 0x01290075, 0x01770176, 0x012a0078, 0x017a0179, 0x01f8007b, 0x017d017c, 
    0x017f017e, 0x01810180, 0x01830182, 0x01850184, 0x01870186, 0x01890188, 0x012b008a, 0x018c018b, 0x018e018d, 0x0190018f, 0x01920191, 0x01940193, 
    0x01960195, 0x01980197, 0x019a0199, 0x019c019b, 0x019e019d, 0x01a0019f, 0x01a201a1, 0x01a401a3, 0x01a601a5, 0x01a801a7, 0x01aa01a9, 0x01ac01ab, 
    0x012c00ad, 0x01ce00ae, 0x01b001af, 0x00cf00b1, 0x01cd00cc, 0x01b301b2, 0x00b501b4, 0x01b601fa, 0x01b801b7, 0x01ba01b9, 0x01bc01bb, 0x01be01bd, 
    0x01c001bf, 0x01c201c1, 0x01c401c3, 0x01c601c5, 0x01c801c7, 0x01ca01c9, 0x01cc01cb, 0x01ce01cd, 0x01d001cf, 0x01d201d1, 0x01d401d3, 0x01d601d5, 
    0x01d801d7, 0x01da01d9, 0x01dc01db, 0x01de01dd, 0x01e001df, 0x01e201e1, 0x01e401e3, 0x01e601e5, 0x01e801e7, 0x01ea01e9, 0x00ec01eb, 0x01ed012d, 
    0x01ef01ee, 0x012e00f0, 0x01f201f1, 0x01f401f3, 0x01f601f5, 0x01f801f7, 0x012f00f9, 0x01fb01fa, 0x01fd01fc, 0x02ff01fe, 0x02e20000, 0x00020201, 
    0x02030230, 0x02050204, 0x02070206, 0x00090208, 0x02660031, 0x020b020a, 0x020d020c, 0x020f020e, 0x02110210, 0x02130212, 0x02150214, 0x02170216, 
    0x02190218, 0x021b021a, 0x0032001c, 0x00af0067, 0x001d0291, 0x00d000d3, 0x021e02d1, 0x0220021f, 0x02220221, 0x02240223, 0x02260225, 0x02280227, 
    0x022a0229, 0x022c022b, 0x022e022d, 0x0230022f, 0x02320231, 0x02340233, 0x02360235, 0x02380237, 0x023a0239, 0x023c023b, 0x023e023d, 0x0240023f, 
    0x02420241, 0x02440243, 0x02460245, 0x02480247, 0x004a0249, 0x023300b0, 0x024c024b, 0x024e024d, 0x0050024f, 0x00510234, 0x02520235, 0x02540253, 
    0x02560255, 0x02580257, 0x025a0259, 0x025c025b, 0x0236005d, 0x005f025e, 0x02e400fb, 0x02610260, 0x02630262, 0x02650264, 0x02670266, 0x02370068, 
    0x026a0269, 0x026c026b, 0x026e026d, 0x0270026f, 0x02720271, 0x00740273, 0x00750238, 0x00d400d6, 0x026800d5, 0x02770276, 0x02790278, 0x027b027a, 
    0x027d027c, 0x027f027e, 0x02810280, 0x02830282, 0x02850284, 0x02870286, 0x02890288, 0x028b028a, 0x028d028c, 0x008f028e, 0x02900239, 0x023a0091, 
    0x02930292, 0x02950294, 0x00970296, 0x0298023b, 0x029a0299, 0x009c029b, 0x009d023c, 0x009e02eb, 0x029f02bb, 0x02a102a0, 0x02a302a2, 0x02a502a4, 
    0x02a702a6, 0x02a902a8, 0x02ab02aa, 0x02ad02ac, 0x02af02ae, 0x00b102b0, 0x02b2023d, 0x02e600b3, 0x02b502b4, 0x02b702b6, 0x02b902b8, 0x004400ba, 
    0x02bb0269, 0x02bd02bc, 0x02bf02be, 0x00c102c0, 0x02c2026b, 0x02c402c3, 0x02c602c5, 0x026c00c7, 0x02c902c8, 0x00cb02ca, 0x02cc026a, 0x02ce02cd, 
    0x00d002cf, 0x02d1026e, 0x00d302d2, 0x02d4026d, 0x02d602d5, 0x02a000d7, 0x02d902d8, 0x02db02da, 0x02dd02dc, 0x02df02de, 0x02e102e0, 0x02e302e2, 
    0x02e502e4, 0x02e702e6, 0x02e902e8, 0x02eb02ea, 0x02ed02ec, 0x02ef02ee, 0x02f102f0, 0x02f302f2, 0x02f502f4, 0x02f702f6, 0x00f902f8, 0x02fa0245, 
    0x02fc02fb, 0x02fe02fd, 0x00ee00ff, 0x03000346, 0x006f0001, 0x030203fe, 0x12070882, 0x03040359, 0x00060305, 0x03010147, 0x03080307, 0x030a0309, 
    0x030c030b, 0x030e030d, 0x0310030f, 0x03120311, 0x03140313, 0x00480015, 0x00160373, 0x00700071, 0x03170372, 0x03190318, 0x031b031a, 0x031d031c, 
    0x031f031e, 0x03210320, 0x03230322, 0x03250324, 0x03270326, 0x03290328, 0x032b032a, 0x032d032c, 0x032f032e, 0x00310330, 0x03320349, 0x03340333, 
    0x03360335, 0x03380337, 0x033a0339, 0x034a003b, 0x033d033c, 0x03f9003e, 0x0340033f, 0x03420341, 0x03440343, 0x034b0045, 0x03470346, 0x03490348, 
    0x034b034a, 0x034d034c, 0x034f034e, 0x03510350, 0x03530352, 0x03550354, 0x00570356, 0x03d7004c, 0x03770058, 0x035a0359, 0x035c035b, 0x0075005d, 
    0x03760074, 0x035f035e, 0x03610360, 0x03630362, 0x03650364, 0x03670366, 0x03690368, 0x036b036a, 0x036d036c, 0x006f036e, 0x0370034d, 0x03720371, 
    0x03740373, 0x00760375, 0x0377034e, 0x03790378, 0x037b037a, 0x037d037c, 0x004f007e, 0x037f03e3, 0x03810380, 0x03830382, 0x03850384, 0x03870386, 
    0x03890388, 0x038b038a, 0x038d038c, 0x038f038e, 0x03910390, 0x03930392, 0x03950394, 0x03970396, 0x03990398, 0x0350009a, 0x039c039b, 0x039e039d, 
    0x00a0039f, 0x03780051, 0x03a203a1, 0x03a403a3, 0x03a603a5, 0x03a803a7, 0x03aa03a9, 0x03ac03ab, 0x03ae03ad, 0x005200af, 0x007d007c, 0x00b003a1, 
    0x0079007a, 0x03b1037b, 0x03b303b2, 0x03b503b4, 0x03b703b6, 0x03b903b8, 0x03bb03ba, 0x03bd03bc, 0x03bf03be, 0x03c103c0, 0x03c303c2, 0x03c503c4, 
    0x03c703c6, 0x03c903c8, 0x03cb03ca, 0x03cd03cc, 0x03cf03ce, 0x03d103d0, 0x03d303d2, 0x03d503d4, 0x03d703d6, 0x03d903d8, 0x03b100da, 0x00dc03db, 
    0x03dd0353, 0x03df03de, 0x00e103e0, 0x03e20354, 0x035500e3, 0x03e503e4, 0x03e703e6, 0x03e903e8, 0x03eb03ea, 0x03ed03ec, 0x03ef03ee, 0x03f103f0, 
    0x03f303f2, 0x00f503f4, 0x03f60356, 0x03f803f7, 0x00fc00f9, 0x03fa03e5, 0x03fc03fb, 0x03fe03fd, 0x040004ff, 0x04890001, 0x00030402, 0x04040457, 
    0x04060405, 0x04080407, 0x040a0409, 0x040c040b, 0x040e040d, 0x0410040f, 0x04120411, 0x04140413, 0x04160415, 0x04180417, 0x041a0419, 0x001c041b, 
    0x04810058, 0x041e041d, 0x0020041f, 0x007e007f, 0x04210480, 0x04230422, 0x04250424, 0x04270426, 0x04290428, 0x042b042a, 0x042d042c, 0x042f042e, 
    0x04310430, 0x04330432, 0x04350434, 0x04370436, 0x04390438, 0x043b043a, 0x043d043c, 0x043f043e, 0x04410440, 0x04430442, 0x04450444, 0x04470446, 
    0x04490448, 0x044b044a, 0x044d044c, 0x044f044e, 0x04510450, 0x04530452, 0x04550454, 0x04570456, 0x04590058, 0x045a0459, 0x045a005b, 0x045d045c, 
    0x045f045e, 0x04610460, 0x00630462, 0x0464045b, 0x04660465, 0x005c0067, 0x046804ba, 0x04ec0069, 0x046b046a, 0x046d046c, 0x046f046e, 0x04710470, 
    0x04730472, 0x04750474, 0x04770476, 0x04790478, 0x047b047a, 0x045d007c, 0x047e047d, 0x0480047f, 0x00820481, 0x048304e7, 0x00850484, 0x048604ed, 
    0x04880487, 0x048a0489, 0x048c048b, 0x048e048d, 0x0490048f, 0x04920491, 0x04940493, 0x04960495, 0x04980497, 0x049a0499, 0x049c049b, 0x049e049d, 
    0x04a0049f, 0x04a204a1, 0x04a404a3, 0x04a604a5, 0x04a804a7, 0x04aa04a9, 0x04ac04ab, 0x04ae04ad, 0x04b004af, 0x04b204b1, 0x04b404b3, 0x04b604b5, 
    0x04b804b7, 0x04ba04b9, 0x04bc04bb, 0x04be04bd, 0x04c004bf, 0x04c204c1, 0x04c404c3, 0x04c604c5, 0x04c804c7, 0x04ca04c9, 0x04cc04cb, 0x04ce04cd, 
    0x00d004cf, 0x04d104ea, 0x04d304d2, 0x04d504d4, 0x04d704d6, 0x04d904d8, 0x04db04da, 0x04dd04dc, 0x04df04de, 0x04e104e0, 0x04e304e2, 0x04e504e4, 
    0x04e704e6, 0x04e904e8, 0x04eb04ea, 0x04ed04ec, 0x04ef04ee, 0x04f104f0, 0x04f304f2, 0x04f504f4, 0x04f704f6, 0x04f904f8, 0x04fb04fa, 0x04fd04fc, 
    0x05ff04fe, 0x05010500, 0x05030502, 0x05050504, 0x05070506, 0x05090508, 0x050b050a, 0x050d050c, 0x050f050e, 0x05110510, 0x05130512, 0x05150514, 
    0x05170516, 0x05190518, 0x051b051a, 0x051d051c, 0x051f051e, 0x05210520, 0x05230522, 0x05250524, 0x05270526, 0x00290528, 0x052a059b, 0x052c052b, 
    0x052e052d, 0x0530052f, 0x05320531, 0x05340533, 0x05360535, 0x05380537, 0x053a0539, 0x053c053b, 0x053e053d, 0x0540053f, 0x05420541, 0x05440543, 
    0x05460545, 0x05480547, 0x054a0549, 0x054c054b, 0x054e054d, 0x0550054f, 0x05520551, 0x05540553, 0x05560555, 0x05580557, 0x055a0559, 0x055c055b, 
    0x055e055d, 0x0560055f, 0x05620561, 0x05640563, 0x05660565, 0x05680567, 0x056a0569, 0x056c056b, 0x056e056d, 0x0570056f, 0x05720571, 0x05740573, 
    0x05760575, 0x05780577, 0x057a0579, 0x057c057b, 0x057e057d, 0x0580057f, 0x05820581, 0x05840583, 0x05860585, 0x05880587, 0x058a0589, 0x058c058b, 
    0x058e058d, 0x0590058f, 0x05920591, 0x05940593, 0x00960595, 0x00840007, 0x00850096, 0x059705a6, 0x05990598, 0x059b059a, 0x059d059c, 0x059f059e, 
    0x05a105a0, 0x05a305a2, 0x05a505a4, 0x05a705a6, 0x05a905a8, 0x05ab05aa, 0x05ad05ac, 0x05f700ae, 0x00b005af, 0x00140013, 0x00b10515, 0x00170016, 
    0x00b20518, 0x001a0019, 0x051c001b, 0x05b405b3, 0x05b605b5, 0x05b805b7, 0x05ba05b9, 0x05bc05bb, 0x05be05bd, 0x05c005bf, 0x05c205c1, 0x05c405c3, 
    0x05c605c5, 0x05c805c7, 0x05ca05c9, 0x05cc05cb, 0x05ce05cd, 0x05d005cf, 0x05d205d1, 0x05d405d3, 0x05d605d5, 0x05d805d7, 0x05da05d9, 0x05dc05db, 
    0x05de05dd, 0x05e005df, 0x05e205e1, 0x05e405e3, 0x05e605e5, 0x05e805e7, 0x05ea05e9, 0x05ec05eb, 0x05ee05ed, 0x05f005ef, 0x05f205f1, 0x05f405f3, 
    0x05f605f5, 0x05f805f7, 0x00fa05f9, 0x00fb0509, 0x00fc0504, 0x00fd05a3, 0x05fe0522, 0x06a200ff, 0x00010600, 0x000c000b, 0x0002063e, 0x00030640, 
    0x0060005e, 0x06040623, 0x06060605, 0x06080607, 0x000a0609, 0x00bd0006, 0x005f0012, 0x003f00e8, 0x06b20010, 0x06b3000b, 0x0687000c, 0x060e060d, 
    0x0610060f, 0x06120611, 0x06140613, 0x06160615, 0x06180617, 0x061a0619, 0x061c061b, 0x00b6001d, 0x000a00b7, 0x00b40005, 0x00c500b5, 0x061e06c4, 
    0x0620061f, 0x06220621, 0x06240623, 0x06260625, 0x00280627, 0x0011000f, 0x002906ab, 0x062a061d, 0x001e002b, 0x062c06c3, 0x00be002d, 0x00a900bf, 
    0x001f00aa, 0x00940021, 0x00200095, 0x000e008f, 0x00f000ef, 0x009300b8, 0x066100a7, 0x062f062e, 0x06310630, 0x06330632, 0x06350634, 0x06370636, 
    0x06390638, 0x00a4003a, 0x00820042, 0x004100c2, 0x003b060d, 0x068b008a, 0x003d063c, 0x063e068c, 0x0640063f, 0x00420641, 0x009d0083, 0x0643069e, 
    0x06880044, 0x00860045, 0x00980092, 0x009a0099, 0x06a5009c, 0x06b90046, 0x06480647, 0x064a0649, 0x064c064b, 0x064e064d, 0x0650064f, 0x06520651, 
    0x06540653, 0x06560655, 0x06580657, 0x065a0659, 0x065c065b, 0x065e065d, 0x0660065f, 0x06620661, 0x06640663, 0x06660665, 0x06680667, 0x066a0669, 
    0x066c066b, 0x066e066d, 0x0670066f, 0x06720671, 0x06740673, 0x06760675, 0x06780677, 0x067a0679, 0x067c067b, 0x067e067d, 0x0680067f, 0x06820681, 
    0x06840683, 0x06860685, 0x06880687, 0x068a0689, 0x068c068b, 0x068e068d, 0x0690068f, 0x06920691, 0x06940693, 0x06960695, 0x06980697, 0x069a0699, 
    0x069c069b, 0x069e069d, 0x06a0069f, 0x06a206a1, 0x06a406a3, 0x06a606a5, 0x00a806a7, 0x06a906bc, 0x06ab06aa, 0x06ad06ac, 0x06af06ae, 0x06b106b0, 
    0x06b306b2, 0x06b506b4, 0x06b706b6, 0x06b906b8, 0x06bb06ba, 0x06bd06bc, 0x06bf06be, 0x06c106c0, 0x06c306c2, 0x06c506c4, 0x06c706c6, 0x06c906c8, 
    0x06cb06ca, 0x06cd06cc, 0x06cf06ce, 0x06d106d0, 0x06d306d2, 0x06d506d4, 0x06d706d6, 0x06d906d8, 0x00db06da, 0x06dc06f4, 0x00de06dd, 0x06f600f5, 
    0x06e006df, 0x06e206e1, 0x06e406e3, 0x06e606e5, 0x06e806e7, 0x06ea06e9, 0x000800eb, 0x06ec06c6, 0x06ee06ed, 0x06f006ef, 0x008d00f1, 0x064300df, 
    0x068e00f2, 0x00d800f3, 0x00da00d9, 0x00f406db, 0x00dd00dc, 0x00f506e1, 0x06e000de, 0x06f706f6, 0x06f906f8, 0x06fb06fa, 0x00fd06fc, 0x06fe0603, 
    0x070007ff, 0x07020701, 0x07040703, 0x07060705, 0x07080707, 0x070a0709, 0x070c070b, 0x070e070d, 0x0710070f, 0x07120711, 0x07140713, 0x07160715, 
    0x07180717, 0x071a0719, 0x071c071b, 0x071e071d, 0x0720071f, 0x07220721, 0x07240723, 0x07260725, 0x07280727, 0x072a0729, 0x072c072b, 0x072e072d, 
    0x0730072f, 0x07320731, 0x07340733, 0x07360735, 0x07380737, 0x073a0739, 0x073c073b, 0x073e073d, 0x0740073f, 0x07420741, 0x07440743, 0x07460745, 
    0x07480747, 0x074a0749, 0x074c074b, 0x074e074d, 0x0750074f, 0x07520751, 0x07540753, 0x07560755, 0x07580757, 0x075a0759, 0x075c075b, 0x075e075d, 
    0x0760075f, 0x07620761, 0x07640763, 0x07660765, 0x07680767, 0x076a0769, 0x076c076b, 0x076e076d, 0x0770076f, 0x07720771, 0x07740773, 0x07760775, 
    0x07780777, 0x077a0779, 0x077c077b, 0x077e077d, 0x0780077f, 0x07820781, 0x07840783, 0x07860785, 0x07880787, 0x078a0789, 0x078c078b, 0x078e078d, 
    0x0790078f, 0x07920791, 0x07940793, 0x07960795, 0x07980797, 0x079a0799, 0x079c079b, 0x079e079d, 0x07a0079f, 0x07a207a1, 0x07a407a3, 0x07a607a5, 
    0x07a807a7, 0x07aa07a9, 0x07ac07ab, 0x07ae07ad, 0x07b007af, 0x07b207b1, 0x07b407b3, 0x07b607b5, 0x07b807b7, 0x07ba07b9, 0x07bc07bb, 0x07be07bd, 
    0x07c007bf, 0x07c207c1, 0x07c407c3, 0x07c607c5, 0x07c807c7, 0x07ca07c9, 0x07cc07cb, 0x07ce07cd, 0x07d007cf, 0x07d207d1, 0x07d407d3, 0x07d607d5, 
    0x07d807d7, 0x07da07d9, 0x07dc07db, 0x07de07dd, 0x07e007df, 0x07e207e1, 0x07e407e3, 0x07e607e5, 0x07e807e7, 0x07ea07e9, 0x07ec07eb, 0x07ee07ed, 
    0x07f007ef, 0x07f207f1, 0x07f407f3, 0x07f607f5, 0x07f807f7, 0x07fa07f9, 0x07fc07fb, 0x07fe07fd, 0x080008ff, 0x08020801, 0x08040803, 0x08060805, 
    0x08080807, 0x080a0809, 0x080c080b, 0x080e080d, 0x0810080f, 0x08120811, 0x08140813, 0x08160815, 0x08180817, 0x081a0819, 0x081c081b, 0x081e081d, 
    0x0820081f, 0x08220821, 0x08240823, 0x08260825, 0x08280827, 0x082a0829, 0x082c082b, 0x082e082d, 0x0830082f, 0x08320831, 0x08340833, 0x08360835, 
    0x08380837, 0x083a0839, 0x083c083b, 0x083e083d, 0x0840083f, 0x08420841, 0x08440843, 0x08460845, 0x08480847, 0x084a0849, 0x084c084b, 0x084e084d, 
    0x0850084f, 0x08520851, 0x08540853, 0x08560855, 0x08580857, 0x085a0859, 0x085c085b, 0x085e085d, 0x0860085f, 0x08620861, 0x08640863, 0x08660865, 
    0x08680867, 0x086a0869, 0x086c086b, 0x086e086d, 0x0870086f, 0x08720871, 0x08740873, 0x08760875, 0x08780877, 0x087a0879, 0x087c087b, 0x087e087d, 
    0x0880087f, 0x08820881, 0x08840883, 0x08860885, 0x08880887, 0x088a0889, 0x088c088b, 0x088e088d, 0x0890088f, 0x08920891, 0x08940893, 0x08960895, 
    0x08980897, 0x089a0899, 0x089c089b, 0x089e089d, 0x08a0089f, 0x08a208a1, 0x08a408a3, 0x08a608a5, 0x08a808a7, 0x08aa08a9, 0x08ac08ab, 0x08ae08ad, 
    0x08b008af, 0x08b208b1, 0x08b408b3, 0x08b608b5, 0x08b808b7, 0x08ba08b9, 0x08bc08bb, 0x08be08bd, 0x08c008bf, 0x08c208c1, 0x08c408c3, 0x08c608c5, 
    0x08c808c7, 0x08ca08c9, 0x08cc08cb, 0x08ce08cd, 0x08d008cf, 0x08d208d1, 0x08d408d3, 0x08d608d5, 0x08d808d7, 0x08da08d9, 0x08dc08db, 0x08de08dd, 
    0x08e008df, 0x08e208e1, 0x08e408e3, 0x08e608e5, 0x08e808e7, 0x08ea08e9, 0x08ec08eb, 0x08ee08ed, 0x08f008ef, 0x08f208f1, 0x08f408f3, 0x08f608f5, 
    0x08f808f7, 0x08fa08f9, 0x08fc08fb, 0x08fe08fd, 0x090009ff, 0x09020901, 0x09040903, 0x09060905, 0x09080907, 0x090a0909, 0x090c090b, 0x090e090d, 
    0x0910090f, 0x09120911, 0x09140913, 0x09160915, 0x09180917, 0x091a0919, 0x091c091b, 0x091e091d, 0x0920091f, 0x09220921, 0x09240923, 0x09260925, 
    0x09e90027, 0x09290928, 0x092b092a, 0x092d092c, 0x092f092e, 0x09310930, 0x09330932, 0x09350934, 0x09370936, 0x09390938, 0x093b093a, 0x093d093c, 
    0x093f093e, 0x09410940, 0x09430942, 0x09450944, 0x09470946, 0x09490948, 0x094b094a, 0x094d094c, 0x094f094e, 0x09510950, 0x09530952, 0x09550954, 
    0x09570956, 0x09590958, 0x095b095a, 0x095d095c, 0x095f095e, 0x09610960, 0x09630962, 0x09650964, 0x09670966, 0x09690968, 0x096b096a, 0x096d096c, 
    0x096f096e, 0x09710970, 0x09730972, 0x09750974, 0x09770976, 0x09790978, 0x097b097a, 0x097d097c, 0x097f097e, 0x09810980, 0x09830982, 0x09850984, 
    0x09870986, 0x09890988, 0x098b098a, 0x098d098c, 0x098f098e, 0x09910990, 0x09930992, 0x09950994, 0x09970996, 0x09990998, 0x099b099a, 0x099d099c, 
    0x099f099e, 0x09a109a0, 0x09a309a2, 0x09a509a4, 0x09a709a6, 0x09a909a8, 0x09ab09aa, 0x09ad09ac, 0x09af09ae, 0x09b109b0, 0x09b309b2, 0x09b509b4, 
    0x09b709b6, 0x09b909b8, 0x09bb09ba, 0x09bd09bc, 0x09bf09be, 0x09c109c0, 0x09c309c2, 0x09c509c4, 0x09c709c6, 0x09c909c8, 0x09cb09ca, 0x09cd09cc, 
    0x09cf09ce, 0x09d109d0, 0x09d309d2, 0x09d509d4, 0x09d709d6, 0x09d909d8, 0x09db09da, 0x09dd09dc, 0x09df09de, 0x09e109e0, 0x09e309e2, 0x09e509e4, 
    0x09e709e6, 0x09e909e8, 0x09eb09ea, 0x09ed09ec, 0x09ef09ee, 0x09f109f0, 0x09f309f2, 0x09f509f4, 0x09f709f6, 0x09f909f8, 0x09fb09fa, 0x09fd09fc, 
    0x0aff09fe, 0x0a010a00, 0x0a030a02, 0x0a050a04, 0x0a070a06, 0x0a090a08, 0x0a0b0a0a, 0x0a0d0a0c, 0x0a0f0a0e, 0x0a110a10, 0x0a130a12, 0x0a150a14, 
    0x0a170a16, 0x0a190a18, 0x0a1b0a1a, 0x0a1d0a1c, 0x0a1f0a1e, 0x0a210a20, 0x0a230a22, 0x0a250a24, 0x0a270a26, 0x0a290a28, 0x0a2b0a2a, 0x0a2d0a2c, 
    0x0a2f0a2e, 0x0a310a30, 0x0a330a32, 0x0a350a34, 0x0a370a36, 0x0a390a38, 0x0a3b0a3a, 0x0a3d0a3c, 0x0a3f0a3e, 0x0a410a40, 0x0a430a42, 0x0a450a44, 
    0x0a470a46, 0x0a490a48, 0x0a4b0a4a, 0x0a4d0a4c, 0x0a4f0a4e, 0x0a510a50, 0x0a530a52, 0x0a550a54, 0x0a570a56, 0x0a590a58, 0x0a5b0a5a, 0x0a5d0a5c, 
    0x0a5f0a5e, 0x0a610a60, 0x0a630a62, 0x0a650a64, 0x0a670a66, 0x0a690a68, 0x0a6b0a6a, 0x0a6d0a6c, 0x0a6f0a6e, 0x0a710a70, 0x0a730a72, 0x0a750a74, 
    0x0a770a76, 0x0a790a78, 0x0a7b0a7a, 0x0a7d0a7c, 0x0a7f0a7e, 0x0a810a80, 0x0a830a82, 0x0a850a84, 0x0a870a86, 0x0a890a88, 0x0a8b0a8a, 0x0a8d0a8c, 
    0x0a8f0a8e, 0x0a910a90, 0x0a930a92, 0x0a950a94, 0x0a970a96, 0x0a990a98, 0x0a9b0a9a, 0x0a9d0a9c, 0x0a9f0a9e, 0x0aa10aa0, 0x0aa30aa2, 0x0aa50aa4, 
    0x0aa70aa6, 0x0aa90aa8, 0x0aab0aaa, 0x0aad0aac, 0x0aaf0aae, 0x0ab10ab0, 0x0ab30ab2, 0x0ab50ab4, 0x0ab70ab6, 0x0ab90ab8, 0x0abb0aba, 0x0abd0abc, 
    0x0abf0abe, 0x0ac10ac0, 0x0ac30ac2, 0x0ac50ac4, 0x0ac70ac6, 0x0ac90ac8, 0x0acb0aca, 0x0acd0acc, 0x0acf0ace, 0x0ad10ad0, 0x0ad30ad2, 0x0ad50ad4, 
    0x0ad70ad6, 0x0ad90ad8, 0x0adb0ada, 0x0add0adc, 0x0adf0ade, 0x0ae10ae0, 0x0ae30ae2, 0x0ae50ae4, 0x0ae70ae6, 0x0ae90ae8, 0x0aeb0aea, 0x0aed0aec, 
    0x0aef0aee, 0x0af10af0, 0x0af30af2, 0x0af50af4, 0x0af70af6, 0x0af90af8, 0x0afb0afa, 0x0afd0afc, 0x0bff0afe, 0x0b010b00, 0x0b030b02, 0x0b050b04, 
    0x0b070b06, 0x0b090b08, 0x0b0b0b0a, 0x0b0d0b0c, 0x0b0f0b0e, 0x0b110b10, 0x0b130b12, 0x0b150b14, 0x0b170b16, 0x0b190b18, 0x0b1b0b1a, 0x0b1d0b1c, 
    0x0b1f0b1e, 0x0b210b20, 0x0b230b22, 0x0b250b24, 0x0b270b26, 0x0b290b28, 0x0b2b0b2a, 0x0b2d0b2c, 0x0b2f0b2e, 0x0b310b30, 0x0b330b32, 0x0b350b34, 
    0x0b370b36, 0x0b390b38, 0x0b3b0b3a, 0x0b3d0b3c, 0x0b3f0b3e, 0x0b410b40, 0x0b430b42, 0x0b450b44, 0x0b470b46, 0x0b490b48, 0x0b4b0b4a, 0x0b4d0b4c, 
    0x0b4f0b4e, 0x0b510b50, 0x0b530b52, 0x0b550b54, 0x0b570b56, 0x0b590b58, 0x0b5b0b5a, 0x0b5d0b5c, 0x0b5f0b5e, 0x0b610b60, 0x0b630b62, 0x0b650b64, 
    0x0b670b66, 0x0b690b68, 0x0b6b0b6a, 0x0b6d0b6c, 0x0b6f0b6e, 0x0b710b70, 0x0b730b72, 0x0b750b74, 0x0b770b76, 0x0b790b78, 0x0b7b0b7a, 0x0b7d0b7c, 
    0x0b7f0b7e, 0x0b810b80, 0x0a830b82, 0x6e697241, 0x75636167, 0x840b6574, 0x676f360a, 0x6b656e6f, 0x616d4107, 0x6e6f7263, 0x72624106, 0x07657665, 
    0x27168641, 0x30696e75, 0x07444331, 0x44210784, 0x21078545, 0x07843045, 0x87303221, 0x85322007, 0x3632210f, 0x31210783, 0x22178545, 0x84414531, 
    0x8407821f, 0x2007821f, 0x201f8534, 0x21278641, 0x0f863841, 0x07864120, 0x07864320, 0x31236784, 0x85304245, 0x8642200f, 0x8642203f, 0x3642283f, 
    0x706c4105, 0x840a6168, 0x6f742405, 0x84736f6e, 0x30462128, 0x46225085, 0x0f863930, 0x46225885, 0x0f864230, 0x46216085, 0x22d08430, 0x85304631, 
    0x30462268, 0x201f8546, 0x203f8642, 0x203f8642, 0x223f8442, 0x84333230, 0x46312207, 0x23478442, 0x30313430, 0x3421f084, 0x85078744, 0x384621a0, 
    0x38203f86, 0x38203f86, 0x38203786, 0x31223784, 0x7f863846, 0x7f863820, 0x7f863820, 0x7f873820, 0x4c064327, 0x64626d61, 0x2a5e8461, 0x07324531, 
    0x63614541, 0x84657475, 0x4434210f, 0x3020ff86, 0x45216e85, 0x200f8730, 0x221f8436, 0x84333432, 0x38312207, 0x26078431, 0x04323134, 0x86746542, 
    0x3738384c, 0x6963430b, 0x6d756372, 0x78656c66, 0x6f64430a, 0x63636174, 0x84746e65, 0x414520fa, 0xea82053a, 0x3022aa84, 0x53853831, 0x84463321, 
    0x270f82ca, 0x63440641, 0x6e6f7261, 0xd9852e86, 0x85304521, 0x304521d1, 0x4520c985, 0x28051941, 0x32314531, 0x61624405, 0x25888572, 0x08324631, 
    0x3d847a44, 0x45075f22, 0x27066842, 0x65726245, 0x450a6576, 0x45208789, 0x21057342, 0x67884506, 0x85323021, 0x850782e2, 0x3232218e, 0x21056141, 
    0xfa863145, 0x17843120, 0x17876f82, 0x31209786, 0xd1419786, 0x41452006, 0x312205c9, 0x17874245, 0x4321af86, 0x20cf8530, 0x06524143, 0x57864320, 
    0x57844320, 0x34323032, 0x74450536, 0x076e7275, 0x69737045, 0x0c6e6f6c, 0x74420786, 0x8531200a, 0x3146227a, 0x214a8439, 0x82853146, 0x42314622, 
    0x72850f86, 0x41314621, 0x432006f4, 0x43202f86, 0x30232f84, 0x41353134, 0x354305ad, 0x34302205, 0x05344130, 0x85443421, 0x39312182, 0xe2820f84, 
    0x46054522, 0x04248a83, 0x72616247, 0x31243284, 0x470b3339, 0x200ad341, 0x0cd34147, 0x32313025, 0x41470632, 0x3121094b, 0x26db8646, 0x47033032, 
    0x8306312e, 0x312e2646, 0x696e7509, 0x22488230, 0x8a0d312e, 0x312e2b4a, 0x72624708, 0x2e657665, 0x55890c31, 0x32212d87, 0x841f8332, 0x21128759, 
    0x09853446, 0x32453124, 0xb0862e30, 0x0b383223, 0x849d8948, 0x313221b1, 0x20067741, 0x066f4132, 0x93873220, 0x3d82ec84, 0x48044122, 0x3422de87, 
    0x34843743, 0x84413421, 0x3430212c, 0x20073141, 0x28348441, 0x36463130, 0x61744503, 0x41038208, 0x21420a8e, 0x32462206, 0x057e4139, 0x8e413220, 
    0x41322006, 0x3220068e, 0x20068e41, 0x068e4132, 0x91853220, 0x43324621, 0x43200683, 0x43202f86, 0x30212f84, 0x07b64134, 0xb6413920, 0x86392006, 
    0x86392057, 0x84392027, 0x46312227, 0x20578639, 0x20578639, 0x20578639, 0x29578739, 0x2e490843, 0x62756f64, 0x9884656c, 0x78854520, 0x39313022, 
    0xfa82e584, 0x49064329, 0x646c6974, 0x43490765, 0x49240622, 0x76657262, 0x8b450e82, 0x214e840c, 0xaf433230, 0x85302007, 0x42452086, 0x45280655, 
    0x49044143, 0x0961746f, 0x47240483, 0x6b656572, 0x74250984, 0x736f6e6f, 0x2613830c, 0x72656964, 0x45697365, 0x33200630, 0x3320d486, 0x3320d486, 
    0x46214d85, 0x20d48633, 0x20d48633, 0x20d48633, 0x20d48633, 0x22858433, 0x86444631, 0x8644203f, 0x8644203f, 0x8444203f, 0x3430233f, 0xc1413630, 
    0x37302705, 0x312e4903, 0x7d87490b, 0x20082c42, 0x08814245, 0x13883720, 0x312e4329, 0x72674908, 0x83657661, 0x63612308, 0x08827475, 0x42490d21, 
    0x1683094a, 0x6c697423, 0x20168264, 0x062b4109, 0x62201283, 0x8205b042, 0x6f6728f0, 0x2e6b656e, 0x43490c31, 0x5c850810, 0x43313023, 0x22098646, 
    0x88383032, 0x85412009, 0x45312209, 0x82138643, 0x21138709, 0x13873346, 0x39334622, 0x46212786, 0x201d8933, 0x20138842, 0x20098843, 0x86098844, 
    0x463122de, 0x22778633, 0x88444631, 0x8844204f, 0x8844204f, 0x8644204f, 0x3430234f, 0x45853630, 0x37240982, 0x4a0b312e, 0x280f4943, 0x75073834, 
    0x3330696e, 0x05104237, 0x10423420, 0x33312106, 0x21057241, 0x1f844531, 0x33453123, 0x056e4230, 0x86323321, 0x053c4307, 0x9c473420, 0x34302105, 
    0x2b05c742, 0x38393130, 0x70614b05, 0x4c066170, 0x24097146, 0x06423331, 0x0841444c, 0x5b844b82, 0x5b870782, 0x2005ee41, 0x05264245, 0x42323021, 
    0x30210526, 0x078c4231, 0x22062e42, 0x85303445, 0x8434207b, 0x34302683, 0x4d024443, 0x20be8575, 0x25428446, 0x43313430, 0x788a4e06, 0x06353423, 
    0x2278884e, 0x86463130, 0x84342070, 0x453122bc, 0x41888634, 0x0f820504, 0x4e05412a, 0x6b6f6f68, 0x676e4503, 0x34215784, 0x23318431, 0x44303430, 
    0x39200f86, 0x45200785, 0x45208286, 0x30214984, 0x05a24734, 0x37333025, 0x854e0236, 0x43312a92, 0x684f0542, 0x076e726f, 0x0687434f, 0x72624f33, 
    0x0d657665, 0x6e75684f, 0x75726167, 0x75616c6d, 0x224d8474, 0x85314431, 0x85452007, 0x453122c5, 0x200f8443, 0x05164732, 0x47323021, 0x30210516, 
    0x05844432, 0x1f860782, 0x85453221, 0x079c4127, 0x17843420, 0x1784c782, 0x35453123, 0x05304130, 0xad843520, 0x1f865682, 0x1f864320, 0x22057848, 
    0x86444531, 0x0719481f, 0x82053346, 0x82fd8417, 0x82978407, 0x493f8607, 0x312105c1, 0x05c14945, 0x32270782, 0x6c734f0b, 0x41687361, 0x4f27057a, 
    0x7263696d, 0x860c6e6f, 0x0a554507, 0x22066841, 0x45393446, 0x34200555, 0x46225885, 0x0f864234, 0x46226085, 0x0f854434, 0x2105b041, 0x73463330, 
    0x46462106, 0x30223784, 0xc0843134, 0x45343025, 0x454f0436, 0xaa4208e7, 0x85148205, 0x35452254, 0x22448434, 0x83363545, 0x34302207, 0x26348538, 
    0x03344131, 0x846f6852, 0x45462d1b, 0x5f510843, 0x6f687472, 0x52066b6f, 0x230a3842, 0x52063635, 0x20093842, 0x058f4832, 0x31323022, 0x20062841, 
    0x06184135, 0x6a873520, 0x4521b785, 0x26628435, 0x46313132, 0x41785202, 0x342305c3, 0x84530643, 0x530b2158, 0x420f7b43, 0x3123055c, 0x84303645, 
    0x3645218c, 0x36205d86, 0x3620b886, 0x1f82b884, 0x30236d84, 0x84353034, 0x41312152, 0x4606ea45, 0x9582051b, 0x54064122, 0x0923ac84, 0x83696e75, 
    0x073a470e, 0x9e863620, 0x9e863620, 0x9e843620, 0x37453123, 0x21488630, 0x31830c43, 0x43413129, 0x7361622e, 0x41540765, 0x1c840509, 0x45333235, 
    0x75615403, 0x6f685505, 0x55066e72, 0x646c6974, 0x42550765, 0x552d06ca, 0x76657262, 0x72550565, 0x0d676e69, 0x0cd04255, 0x66465520, 0x4a44200b, 
    0x4420064a, 0x4420b986, 0x3021b984, 0x05e84531, 0x42200782, 0x87496b85, 0x86ba8205, 0x413720f1, 0x37200609, 0x20060941, 0x20178737, 0x05294138, 
    0xd8863720, 0x22057e43, 0x86454531, 0x0502421f, 0x1f870f82, 0x4520f886, 0x4621f886, 0x446f8530, 0x37200700, 0x37231f86, 0x41570b45, 0x062f099d, 
    0x61726757, 0x57066576, 0x74756361, 0x46570965, 0x45200cec, 0x2105d24a, 0xa54b4531, 0x43452006, 0x0f8205fa, 0x30214b84, 0x05664c34, 0x46343027, 
    0x68430343, 0x246f8469, 0x0b334231, 0x0ffd4159, 0x23074945, 0x59064538, 0xda856f84, 0x2106ea42, 0xd2864645, 0x24060243, 0x07453432, 0x063c4a55, 
    0x74250786, 0x736f6e6f, 0x8c0c860f, 0x354622a3, 0x224c8439, 0x86423546, 0x064f4307, 0x85463521, 0x0627410f, 0x86454621, 0x05784427, 0x45463125, 
    0x41590742, 0x062105bf, 0x21fc845a, 0x0c4a5a0a, 0x4531230c, 0x41843039, 0x41394521, 0x392106a1, 0x29e18434, 0x04343232, 0x7261625a, 0x294c5a04, 
    0x43322906, 0x61064637, 0x76657262, 0x2006a748, 0x227a8541, 0x85374245, 0x31422140, 0x33200786, 0x22420786, 0x079b4406, 0x0f844120, 0x41453122, 
    0x4520ba85, 0x2007f442, 0x21b28541, 0xda844145, 0x4a323021, 0x312106e7, 0x225f8444, 0x86323230, 0x3141215f, 0x31219884, 0x82078445, 0x82678447, 
    0x0733222f, 0x05c54261, 0x42610721, 0xd88209aa, 0x610a4122, 0x8409d34e, 0x271e8b0a, 0x61053130, 0x6e727574, 0x34205484, 0x21057045, 0xb8453430, 
    0x42342006, 0x452007e7, 0x65205c82, 0x28094644, 0x03354434, 0x08312e61, 0x83128461, 0x48622008, 0x7522065c, 0x9282696e, 0x2107cd47, 0xb6484245, 
    0x31422108, 0x2305af47, 0x33424531, 0x35200988, 0x24087748, 0x0d312e45, 0x09494261, 0x49821785, 0x09822186, 0x13884420, 0x41205388, 0x21072148, 
    0x17484145, 0x30322607, 0x0b312e31, 0x0d484961, 0x44313022, 0x2008d748, 0x823d8932, 0x82092029, 0x313022af, 0x22098245, 0x49676108, 0x12830552, 
    0xa4866e82, 0x30323022, 0x59410983, 0x41828206, 0x8c87065b, 0x2e41392c, 0x72610731, 0x2e676e69, 0x67410c31, 0x831e8709, 0x6108228d, 0x058c4974, 
    0x4c620421, 0x38200899, 0x2006b441, 0x22078435, 0x87304531, 0x061c4207, 0x07373022, 0x32209983, 0x24063948, 0x0b383831, 0x091d4163, 0x42630a21, 
    0x30210ebc, 0x222e8439, 0x84324633, 0x34342407, 0x44640731, 0x35200bf2, 0x31204e85, 0x2505604f, 0x31323230, 0x05466406, 0x207d8208, 0x05aa4242, 
    0x82050c48, 0x8546200f, 0x3131210f, 0x9d840786, 0x46313022, 0x32210785, 0x2b078541, 0x05364331, 0x676f7964, 0x6f640468, 0x24065748, 0x07373432, 
    0x05854265, 0x62650628, 0x65766572, 0xab89650a, 0x78426520, 0x65062105, 0x30217b88, 0x06fb4532, 0xf1873220, 0x2006974c, 0x05f64d45, 0x31453122, 
    0x0782ba84, 0x0782e284, 0x3120ab86, 0x50063e43, 0x4520068b, 0x22057b50, 0x87424531, 0x21c38617, 0xc3853143, 0xb3844320, 0x43453122, 0x4d066141, 
    0x3320073c, 0x30210f84, 0x05524834, 0x2f840782, 0x4434303a, 0x74650537, 0x0c6e7275, 0x7261705f, 0x5f662e74, 0x65736162, 0x312e6603, 0x69240382, 
    0x692e6605, 0x3207e241, 0x312e4631, 0x6e656606, 0x05312e67, 0x676e6f6c, 0x84730b73, 0x72742506, 0x0e656b6f, 0xad410b84, 0x4631220e, 0x832f8304, 
    0x32302a97, 0x67043036, 0x0b726162, 0x0ade4167, 0x308c6720, 0x32313025, 0x41670633, 0x31210932, 0x2cb28446, 0x31324531, 0x732e6704, 0x6e750a63, 
    0x82478369, 0x41ea850a, 0xca820542, 0x62844220, 0x25493420, 0x20228205, 0x220f8436, 0x84373632, 0x39312407, 0x83680535, 0x840b20e2, 0x746c2605, 
    0x6b6f6f68, 0x830b840a, 0x04322209, 0x20978368, 0x0fde4568, 0x58413120, 0x41322006, 0x32200650, 0x55848d87, 0x75849582, 0x39453122, 0x34236d85, 
    0x820f4242, 0x656c24ce, 0x4d697373, 0x46260ddf, 0x69746906, 0x4645646c, 0x44322206, 0x82c7820c, 0x2e44273e, 0x706d6363, 0x7c826904, 0x42690721, 
    0x6925064a, 0x76657262, 0x05d34765, 0x84463221, 0x69072120, 0x200c8f47, 0x20d28430, 0x06084332, 0x86303221, 0x42432084, 0x43210635, 0x215d8542, 
    0x3c854243, 0x30256a82, 0x0b373332, 0x439a866a, 0x32220798, 0x65843934, 0x28890782, 0x68493420, 0x37353407, 0x046a6902, 0x63732e69, 0x72636a0f, 
    0x7473736f, 0x846c6961, 0x890a2027, 0x6a0b210f, 0x200e3141, 0x069c4731, 0x3e433320, 0x49342006, 0x30210564, 0x219c8531, 0x324f3130, 0x31302305, 
    0xc4843733, 0xbc463120, 0x33452206, 0x05cf4131, 0x69413320, 0x35332906, 0x75746b05, 0x6b066e72, 0x8305d548, 0x393127c4, 0x6d6c0941, 0x49416469, 
    0x436c2005, 0x1c490bf4, 0x22e68205, 0x826c0434, 0x6c0621e6, 0x2409bf45, 0x06433331, 0x0851426c, 0x85453121, 0x41078279, 0xdf4e062e, 0x33453006, 
    0x2e6c0644, 0x32307373, 0x6c736c0b, 0x84687361, 0x860c200b, 0x200c8477, 0x897c880e, 0x3632221b, 0x200c8443, 0x84768309, 0x850b2009, 0x8222897b, 
    0x200c8480, 0x8885850b, 0x20828218, 0x200c8b37, 0x200c8b39, 0x200c8b42, 0x200c8444, 0x238b8307, 0x04464334, 0x6320a682, 0x32290c84, 0x6d053137, 
    0x6e727574, 0x2605840c, 0x63736564, 0x41646e65, 0xba420648, 0x31342106, 0x34230f85, 0x416e0733, 0x03210531, 0x07c04465, 0x0835332a, 0x74666c6e, 
    0x6b6f6f68, 0x31244f84, 0x6e064539, 0x230a3941, 0x6e063634, 0x22083941, 0x41463130, 0x34200631, 0x21060543, 0x5a863734, 0x42201787, 0x432e4585, 
    0x2e6e0443, 0x6f056373, 0x6e726f68, 0xd7426f07, 0x626f2706, 0x65766572, 0x684a6f0d, 0x20d2830c, 0x05b94c31, 0x45313022, 0x45213f86, 0x20478444, 
    0x05a24532, 0x30323022, 0x3021ca84, 0x05b65132, 0x1f860782, 0x2105a651, 0x3b423230, 0x06704c07, 0x84344521, 0x4531222f, 0x46fa8635, 0xbb560778, 
    0x45312205, 0x471f8643, 0x312105f8, 0x05f84745, 0xd7860782, 0x8205e04a, 0x50d7860f, 0x0f8205c1, 0x07827784, 0x95483f86, 0x33452307, 0x394d6f0b, 
    0x4d6f200a, 0x07860639, 0x200b394d, 0x21d88330, 0x93414631, 0x4f462006, 0x0f820503, 0x2005f442, 0x06d14a46, 0x60414620, 0x37462206, 0x252f8338, 
    0x33373430, 0xb5436f04, 0x4f342007, 0x30260548, 0x05374534, 0x0745656f, 0x84228206, 0x343021ab, 0x21053e56, 0x79493130, 0x86352007, 0x061547d3, 
    0x7e4f3420, 0x32302505, 0x71073041, 0x21050e42, 0x48437207, 0x4434280b, 0x75747205, 0x840b6e72, 0x2c198505, 0x6966720c, 0x6f686873, 0x65726b6f, 
    0x24918476, 0x08453732, 0x066e4272, 0x42720621, 0x35230a31, 0x42720637, 0x32200931, 0x22055447, 0x85313230, 0x4a4520e0, 0x452006d2, 0x2106d24a, 
    0x51413545, 0x46352306, 0xca837204, 0x6e697223, 0x20078376, 0x0cc34c73, 0x73064622, 0x0b216284, 0x0e6d4473, 0x84313221, 0x453123f5, 0x96833136, 
    0x67860782, 0xf5863620, 0x8205fd45, 0x21278417, 0x0d413430, 0x31303005, 0x670c3841, 0x616d7265, 0x6c62646e, 0x46312e73, 0x742506f7, 0x7361625f, 
    0x24e08465, 0x07424131, 0x20848574, 0x05144710, 0x75637424, 0x20896c72, 0x5b513220, 0x41322a06, 0x74740538, 0x046e7275, 0x08f04874, 0x06333623, 
    0x0b044174, 0x9c864220, 0xf4860787, 0x46423620, 0x31372106, 0x39241f85, 0x2e740337, 0x49068455, 0x312508e3, 0x312e3336, 0x864e8508, 0x3132211c, 
    0x8206004a, 0x4a0989d7, 0x36200832, 0x2008904a, 0x08864a37, 0x2e37392e, 0x74750631, 0x65646c69, 0x6f687505, 0x2206014b, 0x84354230, 0x383224ec, 
    0x43750739, 0x752406a5, 0x76657262, 0x72252482, 0x0d676e69, 0x0dab4375, 0x4c0c8446, 0x31200532, 0x21056550, 0xfd533130, 0x20078205, 0x22528441, 
    0x84434431, 0x48322007, 0x302105da, 0x07da4832, 0xa1413720, 0x84372006, 0x4531227a, 0x06434437, 0x82823720, 0x82696e21, 0x0624410f, 0x1f864520, 
    0x1f864520, 0x44072746, 0x31210523, 0x05234445, 0x44410782, 0x31462806, 0x312e7503, 0x54617508, 0x09240522, 0x30696e75, 0x1283d782, 0x820aae4b, 
    0x2e34249f, 0x4b750d31, 0x3720117c, 0x82062a4b, 0x2e3524a9, 0x4b750b31, 0x0e541054, 0x4b372008, 0x3120072d, 0x8207aa53, 0x06f05355, 0xaa530982, 
    0x82998206, 0x75082147, 0x290c684b, 0x312e3745, 0x6f687507, 0xca416e72, 0x4b248205, 0x462008d5, 0x2008ac41, 0x08d44145, 0xd4414520, 0x46452408, 
    0x410f312e, 0x0c420c8e, 0x41b88408, 0x138505bd, 0x37453122, 0xae414184, 0x4b718305, 0x082005b2, 0x88050042, 0x257a8824, 0x312e3537, 0x184d7605, 
    0x423e8207, 0x372306a0, 0x41770946, 0x05210707, 0x211f8377, 0x3941770b, 0x77062109, 0x0621db84, 0x08fe4377, 0x38453122, 0x2006ad41, 0x06cd4138, 
    0x42383921, 0xf45a05da, 0x5a452006, 0x302505ec, 0x03353434, 0x08564f63, 0x24054942, 0x0b463432, 0x0fdf4379, 0x44070d48, 0x312505d5, 0x06393945, 
    0x0b664f79, 0x20062442, 0x46768646, 0x5e8205a0, 0x76833320, 0x51343021, 0x302305c9, 0x85464534, 0x3146210f, 0x33220786, 0x074e7905, 0x05575009, 
    0x48343021, 0x342406ba, 0x79073246, 0x26053b41, 0x732e7904, 0x497a0463, 0xfe490830, 0x32302505, 0x7a073034, 0x21051c44, 0x614f7a06, 0x4a7a2005, 
    0xa8820cc5, 0x07826984, 0x07828984, 0x47053526, 0x616d6d61, 0x333c7f84, 0x54053439, 0x61746568, 0x02695802, 0x53056950, 0x616d6769, 0x69685003, 
    0x69735003, 0x204f2185, 0x46462806, 0x6d4f0a42, 0x46616765, 0x36200a44, 0x21055341, 0x63413646, 0x52462005, 0x4621061f, 0x05394336, 0x0a494620, 
    0x46312205, 0x05c54136, 0x2f524620, 0x44462006, 0x4622066e, 0x62834146, 0x5d463121, 0x46200671, 0x41206a87, 0x47861787, 0x86434121, 0x20478627, 
    0x057e5141, 0x03504620, 0x46462306, 0xb6500843, 0x05884d06, 0xc6473320, 0x47332006, 0x3024054e, 0x06344433, 0x3120f384, 0x3420d284, 0x20060b46, 
    0x057c5034, 0x55343021, 0xff4108ed, 0x31342105, 0x4b06434b, 0x3127074b, 0x614b0537, 0x85727963, 0x0552593d, 0x4c343021, 0x302205da, 0xa5843134, 
    0x52343021, 0x30220564, 0xe2413034, 0x05a94b06, 0x5a343021, 0x0782054c, 0x2f5e5586, 0x200f8205, 0x204f8537, 0x20178742, 0x840f8638, 0x864782fd, 
    0x86322057, 0x39322117, 0xb5551f85, 0x48342006, 0x34220683, 0x17854332, 0x1f863020, 0x3f863020, 0x82054a5a, 0x85452067, 0x06a3481f, 0x62513420, 
    0x5e342006, 0x678205ef, 0x86077a57, 0x058c5c67, 0x45343021, 0x34200647, 0x82059555, 0x282786df, 0x61053230, 0x6168706c, 0x4205840a, 0x2a5c0a0e, 
    0x46312305, 0xae413130, 0x06105e05, 0x33304622, 0x40840f86, 0x2b431f82, 0x30462105, 0x0f82f884, 0x1f853720, 0x23054654, 0x30384631, 0x305e0f85, 
    0x200f8205, 0x860f8632, 0x86382047, 0x86382047, 0x06415347, 0xf2434620, 0x5f462006, 0x462106a0, 0x53878642, 0x31220541, 0x3f864246, 0x82058041, 
    0x347f860f, 0x62043742, 0x05617465, 0x6d6d6167, 0x65640561, 0x0761746c, 0x061b5365, 0xe5840786, 0x0c860d20, 0x6f6c6326, 0x08646573, 0x31210d86, 
    0x2308870b, 0x11766572, 0x26850b8a, 0x118a0f20, 0x2207dd4a, 0x86314631, 0x058942e2, 0xe2860f82, 0x21069d48, 0xe2863146, 0x2505b346, 0x32374631, 
    0xa2827a04, 0x03820320, 0x03820820, 0x200a7441, 0x20498632, 0x5cec8632, 0x462006c2, 0x21057d42, 0x7d424631, 0x41078205, 0x0d61062c, 0x52462006, 
    0x462006d7, 0x20061255, 0x050b4346, 0x5d463121, 0x462006d7, 0x21069053, 0x34413946, 0x05354206, 0x47861f82, 0x82051b43, 0x06bc410f, 0xc1864320, 
    0x22051543, 0x86434631, 0x05b25ec1, 0x37230f82, 0x82687405, 0x690425ba, 0x1161746f, 0xcf450483, 0x20cc8407, 0x5c118309, 0x1b8b050f, 0x5305f841, 
    0x3121051e, 0x065d4b46, 0xea544620, 0x45462006, 0x46210693, 0x506b8633, 0x27820554, 0x4d06d841, 0x4620065f, 0x2006ee55, 0x069f5846, 0x6d4b4620, 
    0x44462006, 0x31210526, 0x05394846, 0x372c0782, 0x6d616c06, 0x02616462, 0x72036978, 0x8608d357, 0x0507485d, 0x46333022, 0x2e056f43, 0x05324333, 
    0x6d676973, 0x61740361, 0x42750775, 0x1420052f, 0xdb8c0786, 0x148e0f20, 0x0f860c20, 0x510ac541, 0x31210506, 0x06274c46, 0x3b504620, 0x410f8205, 
    0x7b58067d, 0x4a462006, 0x17820535, 0x4b4be186, 0x46312105, 0x2006c056, 0x05ab4346, 0x4c463121, 0x4620060f, 0x8205575a, 0x262f860f, 0x70033745, 
    0x82086968, 0x72672503, 0x036b6565, 0x0526b582, 0x67656d6f, 0x05840a61, 0x3620918a, 0x20065742, 0x06574236, 0x21064c58, 0x91863646, 0x20065458, 
    0x06df4a46, 0x5c584620, 0x4a462006, 0x462006e7, 0x20060a57, 0x05d05b46, 0x55463121, 0x0782053f, 0x52062742, 0x0f8205cc, 0x4c065d41, 0x46200625, 
    0x82059544, 0x06574217, 0x21055b53, 0xc54f4631, 0x86078205, 0x06cf562f, 0x37464628, 0x6d616706, 0xa684616d, 0x42343021, 0x07820522, 0x07826684, 
    0x3021ae84, 0x05d64234, 0x46343022, 0x42065445, 0x1f820532, 0x1c453620, 0x05ee5e05, 0x76840f82, 0x0c450782, 0x052e4806, 0x54450f82, 0x05d64206, 
    0x47864f82, 0x2105575f, 0xde853430, 0x17862782, 0x2105f642, 0x74453530, 0x06515407, 0x8e563420, 0x20278205, 0x41778544, 0x3f820506, 0x0f853520, 
    0x2105a35c, 0xef5f3430, 0x46278205, 0x9f4d064c, 0x34302105, 0x8205974d, 0x443f86c7, 0x178205d3, 0x9157c786, 0x860f8205, 0x874220c7, 0x061c4607, 
    0xd7863420, 0x8205315b, 0x05cc4227, 0x395b3420, 0x860f8205, 0x071e49bf, 0x2205ee41, 0x86353430, 0x05a15a3f, 0x7f862782, 0x5c463420, 0x05e84e06, 
    0x39343022, 0x5e57c786, 0x20378205, 0x47d78534, 0x302105da, 0x06e74b34, 0x2f543420, 0x34302105, 0x2105a842, 0x844b3430, 0x30322305, 0x2f834142, 
    0x44250782, 0x72754504, 0x840c866f, 0x2414827c, 0x65700638, 0x07115873, 0xdf453020, 0x30322105, 0x8205d257, 0x04392507, 0x6172696c, 0x33203386, 
    0x80840786, 0x36201c82, 0x322e0f86, 0x6c6f630d, 0x75636e6f, 0x6e657272, 0x15867963, 0x2582b684, 0x0f853220, 0x82056148, 0x8646200f, 0x871f870f, 
    0x8643209e, 0x85382017, 0x41422007, 0x45200506, 0x82058160, 0x213784a9, 0x1e553130, 0x08078205, 0x7a0a4321, 0x2e6f7265, 0x73616c73, 0x6e6f0868, 
    0x73732e65, 0x74073130, 0x65657268, 0x6609312e, 0x8472756f, 0x73082311, 0x08847869, 0x696e0922, 0x38842487, 0x06667422, 0x06823583, 0x6f777426, 
    0x0866742e, 0x74223a85, 0x3b840766, 0x69220783, 0x18826576, 0x41830620, 0x73241f82, 0x6e657665, 0x08250f82, 0x68676965, 0x20088274, 0x22518407, 
    0x860d6674, 0x208b854f, 0x8455850b, 0x850a2073, 0x82312053, 0x860c202c, 0x20178455, 0x8452850b, 0x860c200b, 0x250c8445, 0x6d6f6308, 0x2e82616d, 
    0x65700926, 0x646f6972, 0x12820982, 0x836f6c21, 0x05654177, 0x61632e23, 0x26958373, 0x6d65730c, 0x856f6369, 0x700c281a, 0x6e657261, 0x8366656c, 
    0x840d2096, 0x8672200c, 0x620c25a4, 0x65636172, 0x0c841a87, 0x0e201a87, 0x6b220d83, 0x1c867465, 0x0e860f20, 0x11201e87, 0x73865489, 0x598a1220, 
    0x11201286, 0x11865e89, 0x638a1220, 0x13201286, 0x1386688b, 0x6d8c1420, 0x09251486, 0x68707968, 0x20ec8365, 0x8609860e, 0x6c072f18, 0x2e737365, 
    0x670a6674, 0x74616572, 0x0a827265, 0x12830c20, 0x75716524, 0x0c826c61, 0x17860f20, 0x08200f87, 0x0b230887, 0x87746f6e, 0x7007230b, 0x4483756c, 
    0x696d0823, 0x2808846e, 0x6c756d0b, 0x6c706974, 0x26418279, 0x76696409, 0x82656469, 0x830c2009, 0x26228726, 0x7070610e, 0x87786f72, 0x610d2442, 
    0x55696373, 0x298205ed, 0x73610b28, 0x69726574, 0x8e876b73, 0x87079c41, 0x200f878e, 0x86ab8911, 0x8c1420d0, 0x201486b0, 0x8666850d, 0x8810200d, 
    0x841086ba, 0x20528798, 0x86a1850d, 0x8810201a, 0x201086c9, 0x86ce860e, 0x8911200e, 0x201186d3, 0x86d88b13, 0x8a122013, 0x201286dd, 0x86e28810, 
    0x73082510, 0x65636170, 0x0a27f082, 0x30696e75, 0x86304130, 0x3032230a, 0x0a823830, 0x2b05bc43, 0x65094134, 0x616c6378, 0x6c62646d, 0x70441186, 
    0x05565406, 0x45303221, 0x32230535, 0x84443330, 0x3145231f, 0x24421138, 0x715f260a, 0x6c6c6975, 0x0b224212, 0x0e201285, 0x200d9342, 0x0e90420f, 
    0x68421020, 0x4254870f, 0xc28305d3, 0xb0420e20, 0x420f200d, 0x07230ead, 0x832e7461, 0x660a2a26, 0x72756769, 0x73616465, 0x2da08468, 0x0a353130, 
    0x6e65706f, 0x6c6c7562, 0x12857465, 0x0e33342a, 0x61697274, 0x656c676e, 0xc944168c, 0x05b15406, 0x41353224, 0xcc420b41, 0x650b220a, 0x8454836e, 
    0x890f2064, 0x220f8464, 0x886d650b, 0x850b201b, 0x20178452, 0x8479890f, 0x750c270f, 0x3032696e, 0x0c843334, 0x838d1320, 0x4320208b, 0x44200c8b, 
    0x92820c89, 0x0d2e0c84, 0x746f7571, 0x76657265, 0x65737265, 0x0d841064, 0x6c626422, 0x05261087, 0x6d697270, 0xcb660b65, 0x850b8405, 0x05e947f7, 
    0x35303224, 0x15840837, 0x0e202f82, 0x0e83248a, 0x70229382, 0x1d87656c, 0x30213683, 0x05e05a32, 0x412e0782, 0x6f77740c, 0x6c746f64, 0x65646165, 
    0xc4440a72, 0x53632005, 0x3226069d, 0x09363332, 0x97826e61, 0x69656c23, 0x27398461, 0x09453733, 0x7373656c, 0x0c20b384, 0x84063843, 0x430e200c, 
    0x11200d57, 0x20105443, 0x0951430a, 0x4e430d20, 0x7009230c, 0x5085756c, 0x48430a20, 0x430d2009, 0x0b200c45, 0x200a4243, 0x0d3f430e, 0x3c431020, 
    0x430f200f, 0x0d200e39, 0x240c3643, 0x46317506, 0x05b74831, 0x31313223, 0x26d48337, 0x30323132, 0x43657403, 0x3126051d, 0x75084233, 0x2482696e, 
    0x08883620, 0x69064129, 0x6d756e2e, 0x846e0672, 0x34338406, 0x08423430, 0x74706d65, 0x74657379, 0x732e6106, 0x06737075, 0x20068562, 0x20068563, 
    0x20068564, 0x20068565, 0x20068566, 0x20068567, 0x20068568, 0x20068569, 0x2006856a, 0x2006856b, 0x2006856c, 0x2006856d, 0x2006856e, 0x2006856f, 
    0x20068570, 0x20068571, 0x20068572, 0x20068573, 0x20068574, 0x20068575, 0x20068576, 0x20068577, 0x20068578, 0x20068579, 0x2306847a, 0x72657a09, 
    0x0f205685, 0xc2470988, 0x23d1820b, 0x656e6f0d, 0x10472b84, 0x77742105, 0x4a472f85, 0x20f38306, 0x0555470f, 0x23840a83, 0x8206ec47, 0x660e233b, 
    0xa085756f, 0x69211886, 0x484b8576, 0x21820505, 0x69730d22, 0x20849785, 0xd3470a20, 0x20498305, 0x05d5470a, 0x29480a83, 0x222d8206, 0x8b696e0e, 
    0x0a7d448c, 0x7d448784, 0x440f830a, 0x10830c7d, 0x840d7d44, 0x6c70225a, 0x053a4175, 0x85067642, 0x7571227a, 0x06814161, 0xfa826120, 0xd5416220, 
    0x20068205, 0x200d8563, 0x83068564, 0x201482ca, 0x200d8566, 0x20068567, 0x20068568, 0x20068569, 0x2006856a, 0x8306856b, 0x20308253, 0x200d856d, 
    0x2006856e, 0x2006856f, 0x20068570, 0x20068571, 0x20068572, 0x20068573, 0x20068574, 0x20068575, 0x20068576, 0x20068577, 0x20068578, 0x20068579, 
    0x4106847a, 0x622107d5, 0x07d54173, 0x49826220, 0x22099849, 0x41736275, 0x178306d5, 0x31307323, 0x05d54108, 0x41736221, 0x3a8208d5, 0x8607d541, 
    0x07d54123, 0x41736221, 0x188807d5, 0x2105d541, 0xd5417362, 0x415d8206, 0x208605d5, 0x8208d541, 0x07d5415f, 0x41736221, 0x4f8207d5, 0x8606d541, 
    0x0cd5412e, 0xd5418782, 0x7362210c, 0x210ed541, 0xd5417362, 0x415a820f, 0x6f8206d5, 0x20054c44, 0x44f18273, 0x0a83067a, 0x23051f41, 0x6d6f6e64, 
    0x83051f41, 0x0af54209, 0x0d240e83, 0x2e656e6f, 0x1f411785, 0x410d8307, 0x3a84061f, 0x88051f41, 0x051f4123, 0x1f410e83, 0x21188a05, 0x4b857669, 
    0x69730823, 0x20548478, 0x4208870d, 0x5f840bf5, 0x83051f41, 0x051f410a, 0x6e214f84, 0x458c8b69, 0x2d84052a, 0x0a84dd85, 0x84055845, 0x0993472e, 
    0x3f41a784, 0x200f830a, 0x06c94a0b, 0xde4a3584, 0x89268405, 0x2194830a, 0x0f8d0f33, 0x33413720, 0x756e2305, 0x3341726d, 0x41098305, 0x0e830a33, 
    0x826f0d21, 0x411785a6, 0x0d830733, 0x84063341, 0x0533413a, 0x33412388, 0x410e8305, 0x188a0533, 0x65766923, 0x230e832e, 0x78697308, 0x0d200884, 
    0x33410887, 0x415f840b, 0x0a830533, 0x84053341, 0x696e214f, 0x33418c8b, 0x412d8405, 0x0a840533, 0x84053341, 0x0933412e, 0x3341a784, 0x410f830a, 
    0x35840733, 0x84051841, 0x410a8926, 0xc5870b33, 0x4e065846, 0x322105b0, 0x05a75731, 0x5d313221, 0x07820521, 0x2005b74d, 0x05f15031, 0xbf4d0f82, 
    0x50312005, 0x0f8205f1, 0x2005794d, 0x05984e31, 0x994d0f82, 0x35312605, 0x6e6f0930, 0x25f48465, 0x68740c68, 0x0b866572, 0x660b7324, 0x0b877669, 
    0x65730c25, 0x856e6576, 0x07732424, 0x82696e75, 0x8631203f, 0x06014e07, 0x21054850, 0x17493132, 0x30312106, 0x30207f86, 0x3805094e, 0x0e303031, 
    0x72646461, 0x73737365, 0x656a6275, 0x74057463, 0x736f6e6f, 0x08ad590e, 0x0d2a7b84, 0x69727963, 0x63696c6c, 0x71827262, 0x16520d20, 0x052d480c, 
    0x09363230, 0x74756361, 0x6d6f6365, 0x72670962, 0x09847661, 0x30201b85, 0x2705454e, 0x09343033, 0x646c6974, 0x08291984, 0x62746f64, 0x776f6c65, 
    0x2131820d, 0x0a84616d, 0x626d6322, 0x30203084, 0x21056c51, 0xbd473032, 0x41302006, 0x3022065c, 0xdc843030, 0x85303021, 0x553020e4, 0x32380599, 
    0x0c333030, 0x72696874, 0x736d6564, 0x65636170, 0x6175710e, 0x72657472, 0x0c250e86, 0x74786973, 0x860c8668, 0x05b54140, 0x41303021, 0x3020057d, 
    0x82057356, 0x057d4148, 0x42303022, 0x312e2784, 0x64103631, 0x65726765, 0x6e656365, 0xd6826974, 0x0f656422, 0x66291085, 0x6e657261, 0x74696568, 
    0x250f850c, 0x766c656b, 0x35856e69, 0x3d853220, 0x45433535, 0x74736509, 0x74616d69, 0x61096465, 0x776f7272, 0x4a66656c, 0x372305c6, 0x830e3546, 
    0x6f4c240c, 0x8341676e, 0x0c322119, 0x64222084, 0x238a6c62, 0x840a3821, 0x69722314, 0x36876867, 0x840f3621, 0x2037890d, 0x8222840d, 0x4b258b37, 
    0x312105f7, 0x06ec4139, 0xee853920, 0x3c5a3120, 0x31322305, 0x8e853939, 0x746f6222, 0x2205684b, 0x88374637, 0x21148a7f, 0x5c840741, 0x85707521, 
    0x6f64222e, 0x22e18577, 0x85333139, 0x70752211, 0x20118564, 0x05185131, 0x41313224, 0xe9880e41, 0x8209fb4a, 0x200c84ee, 0x84f38d13, 0x8b112013, 
    0x20328bf8, 0x200c8438, 0x0902410f, 0x36201c8b, 0x14200c84, 0x840e0c41, 0x41122014, 0x348b0c11, 0x0c843920, 0xe683a085, 0x37201b8b, 0x1e8f8c8d, 
    0x2b894120, 0x85393121, 0x750c262b, 0x3132696e, 0x86a68539, 0x8661850c, 0x2ba3850c, 0x676e640a, 0x68635f62, 0x0c6b6365, 0x622e0a84, 0x6f6c6c61, 
    0x74077874, 0x67616972, 0x07856e64, 0x07707522, 0x35224e83, 0x0f853043, 0xf0417220, 0x52352005, 0x32210560, 0x05205335, 0x66353221, 0x0f820590, 
    0x2e05d241, 0x0b304136, 0x63726963, 0x6c62656c, 0x866b6361, 0x68772e0b, 0x09657469, 0x6c6c6966, 0x6f626465, 0x53598578, 0x322105da, 0x05ef7335, 
    0x31423222, 0x2a052144, 0x0c333142, 0x6d616964, 0x84646e6f, 0x8b0e2042, 0x785f210c, 0x52841b87, 0x0c841b87, 0x03785f24, 0xfd417573, 0x43362005, 
    0x36260698, 0x68053136, 0xbb866165, 0x5b553720, 0x36322105, 0x20066b44, 0x067b4436, 0x07864220, 0x895e3120, 0x31322505, 0x70134145, 0x652dbd82, 
    0x6e69666f, 0x65726574, 0x69737473, 0x20598567, 0x05745933, 0x86333221, 0x30332143, 0x20054f45, 0x055c5933, 0x5c333221, 0x32210540, 0x05345933, 
    0x7b430782, 0x53312005, 0xb9520680, 0x85278206, 0x58332017, 0x0f820537, 0x20053f41, 0x05b96233, 0x4333322b, 0x61630e45, 0x61697272, 0x5c808267, 
    0x322107c9, 0x06764131, 0x8b593120, 0x440f8205, 0x31200579, 0x82057b59, 0x208e85ba, 0x05545731, 0x70313221, 0x07820502, 0x75074626, 0x4232696e, 
    0x2105b658, 0x2f5d3532, 0x42322205, 0x06a64e31, 0x814f4420, 0x86302005, 0x5b34202f, 0x3221053c, 0x05e75434, 0x98440782, 0x4d342005, 0x0f8205be, 
    0x20059844, 0x05885334, 0x47850f82, 0x82067f54, 0x8445200f, 0x4234216f, 0x34227785, 0x0f853043, 0x20062e42, 0x05d65834, 0xec5b3220, 0x85078206, 
    0x433421b7, 0x20050646, 0x05e75534, 0x16411782, 0x55342005, 0x0f8205bf, 0x55054944, 0x0f8206c7, 0x21054641, 0x7f864334, 0x82050064, 0x417f8617, 
    0x3420064e, 0x2105396d, 0x7e573432, 0x41078205, 0x34200537, 0x82057e57, 0x8533200f, 0x0622429f, 0x7e573420, 0x44178205, 0x342105b1, 0x22878636, 
    0x54123836, 0x2e200970, 0x2205e942, 0x546f1064, 0x10870653, 0x20069b4c, 0x200f8731, 0x08885411, 0x73203288, 0x88069054, 0x08985422, 0x0e201187, 
    0x88053c51, 0x75712731, 0x69747365, 0x10876e6f, 0x756e1229, 0x7265626d, 0x88676973, 0x082f5312, 0x6372692a, 0x0c64656c, 0x7373656c, 0x164f9388, 
    0x520f8706, 0x2a850766, 0xca850a20, 0x756c7022, 0x2005b747, 0x06aa4532, 0x38393223, 0x4f1a850e, 0x07270715, 0x32696e75, 0x45383341, 0x75210507, 
    0x44c08870, 0x6f2105e5, 0x208d8877, 0x2229830f, 0x8d333139, 0x656c2321, 0xc2887466, 0x850b4b45, 0x44122088, 0x2587099d, 0xa5441420, 0x2b14870b, 
    0x732e4109, 0x72617571, 0x42096465, 0x43200988, 0x44200988, 0x45200988, 0x46200988, 0x47200988, 0x0b230987, 0x88312e47, 0x88482015, 0x88492009, 
    0x884a2009, 0x884b2009, 0x884c2009, 0x884d2009, 0x884e2009, 0x884f2009, 0x88502009, 0x88512009, 0x88522009, 0x88532009, 0x88542009, 0x88552009, 
    0x88562009, 0x88572009, 0x88582009, 0x88592009, 0x875a2009, 0x420c2009, 0x12410596, 0x6f0b2305, 0xe288656e, 0x6f777422, 0x0d240b87, 0x65726874, 
    0x8c561988, 0x06454105, 0x69660c23, 0x23198876, 0x7869730b, 0x73243388, 0x6e657665, 0x65240d88, 0x74686769, 0xb4427488, 0x43748505, 0x54860b18, 
    0x86091843, 0x08184310, 0x18430f86, 0x2011860a, 0x08184310, 0x11201086, 0x86091843, 0x07184311, 0x10200e86, 0x86081843, 0x0b184310, 0x18431286, 
    0x430e8607, 0x0c860518, 0x8608a655, 0x0618430f, 0x6e550d86, 0x550c8605, 0x0d86066e, 0x72661027, 0x69746361, 0x081c416f, 0x86097f55, 0x520e2021, 
    0x0e86063c, 0x86083243, 0x0669480f, 0x88776f21, 0x08324341, 0x6c22218c, 0x72416665, 0x054c4808, 0x85417220, 0x0b32430b, 0x32433786, 0x6a14860d, 
    0x322c05e9, 0x73732e32, 0x750e3330, 0x3130696e, 0x31200c82, 0x1b850e84, 0x8b363321, 0x8a42200c, 0x3534210c, 0x35200c8a, 0x3222268a, 0x198a3831, 
    0x8b373321, 0x8443200c, 0x8411200c, 0x84332069, 0x857b850c, 0x8a34206c, 0x35312145, 0x3222388a, 0x45893931, 0x85313221, 0x83af8486, 0x21af8a0c, 
    0x42853233, 0x6f630a25, 0x84616d6d, 0x590e2033, 0xe5830910, 0x23550c20, 0x84462005, 0x5411201b, 0x4f4107da, 0x30732305, 0xec541233, 0x054f4108, 
    0x0e201282, 0x21881284, 0x0e840f20, 0x88066e41, 0x071b5531, 0x15205684, 0x840f3155, 0x84132015, 0x69732815, 0x626c676e, 0x8d657361, 0x6d118880, 
    0x422005c6, 0x3720c684, 0x41210c85, 0x222b8343, 0x4c410e37, 0xc88208f1, 0x30231b84, 0x84454431, 0x2128831b, 0xfc853230, 0x31231984, 0x88304145, 
    0x45312319, 0x0c8b3230, 0x0c843420, 0x40180f20, 0x1c8b0902, 0x0c8b4120, 0x86857985, 0x93854320, 0x8c450e21, 0x7f0f2086, 0x388a09c0, 0x8a384221, 
    0x8531200c, 0x470f21a3, 0x8a082f65, 0x42b38c1c, 0xc0860589, 0xa6853220, 0x347c0e20, 0x22f68709, 0x86324531, 0x0ae07b52, 0x43201c89, 0x3320c28b, 
    0xcd42f98b, 0x205f8605, 0x20a38b33, 0x0b2d4134, 0x338b3420, 0x86853420, 0x42050341, 0x408605a1, 0x40854420, 0x414f0e21, 0x8a410c10, 0x21838906, 
    0xad863230, 0x43204285, 0x200b5341, 0x41698c45, 0x312109cb, 0x05514345, 0x35206986, 0x3520aa8b, 0x26825a89, 0x36204d8b, 0x200b3542, 0x20d18b36, 
    0x20678b36, 0x204d8b36, 0x6e4d8b36, 0x372205d7, 0xd191550e, 0x37443122, 0x200ab541, 0x234f8937, 0x39443130, 0x0c821988, 0x0c8b4220, 0x0c883520, 
    0x45453122, 0x200b4841, 0x209d8b46, 0x20838b37, 0x05054137, 0xbc770e20, 0x20428a08, 0x20e08b38, 0x20c68b38, 0x0b074138, 0x4f853820, 0x90590e21, 
    0x453122c6, 0x0b644138, 0x92854620, 0x2b770f20, 0x206c8a09, 0x20e38539, 0x0ab64211, 0x1e843120, 0x91421020, 0x20108509, 0x05d8710e, 0x852e4521, 
    0x4211200e, 0x208b0a95, 0x86414321, 0x05084220, 0x50414220, 0x4441210b, 0x7505e343, 0xe34309d8, 0x8846200a, 0x32302295, 0x85358c32, 0x214f855e, 
    0x26883330, 0x30453122, 0x20057941, 0x0948750f, 0xa3411c8b, 0x85298209, 0x20438579, 0x215d8543, 0x3941650e, 0x650f210c, 0x2013b943, 0x09f64142, 
    0x31453122, 0x0f20a385, 0x8a09d973, 0x20b38c6f, 0x20a68b32, 0x21a68532, 0x2d846906, 0x8c690e21, 0x20928576, 0x22fd8932, 0x86434531, 0x696920b9, 
    0x358405ab, 0x886a0621, 0x3230226a, 0x20948b34, 0x716a8533, 0x4d4308a6, 0x05924606, 0x308b0c87, 0x4f413420, 0x8b34200b, 0x05ed46a8, 0x34203386, 
    0x420b8341, 0x0e2106fd, 0x22bb906f, 0x41323230, 0x0c820968, 0x7541c88c, 0x8c45200b, 0x47268b69, 0x76860504, 0xaa8b3520, 0x5a893520, 0x35453122, 
    0x36204d8b, 0x200b7443, 0x20aa8b36, 0x20de8b36, 0x20748b36, 0x205a8b36, 0x8b338c39, 0x85362067, 0x6d0e2067, 0xa5420929, 0x0b8e430a, 0x5c893720, 
    0x44313022, 0x8209de43, 0x09a8430c, 0xcf430c82, 0x8b45200b, 0x8b4620b7, 0x8b3720aa, 0x41372083, 0x0e20051f, 0x4108a56c, 0x312208fd, 0xb98b3845, 
    0xd38b3820, 0x21413820, 0x8538200b, 0x790e214f, 0x8210b241, 0x0b7e4142, 0x92854620, 0xe96b0f20, 0x206c8a09, 0x43e38539, 0x422105fc, 0x06db4337, 
    0x41210e85, 0x200e8644, 0x09d04310, 0x1f83d185, 0x8405ae79, 0x210e844a, 0x3d8e3232, 0x3d863120, 0x6e751125, 0x75453169, 0x2f8806d3, 0x31453123, 
    0x20208646, 0x0881740e, 0x2f851d84, 0x4405df42, 0x418406bd, 0x83393321, 0x8511851e, 0x8d3920a0, 0x42362171, 0x3620be8c, 0xe941be88, 0x20be8c09, 
    0x212e8c38, 0x0e8a3337, 0xe744dc82, 0x22dc8407, 0x8d434431, 0x8c36201d, 0x3545213b, 0x46200e8c, 0xa685fa87, 0x97873720, 0xc7820c20, 0x30343022, 
    0x0c868485, 0x2109ec41, 0x63423430, 0x8234200b, 0x08974271, 0x21493420, 0x4634200b, 0x30220a83, 0x97424534, 0x4534210a, 0x200a9742, 0x0a9d4634, 
    0x46343021, 0x74850624, 0xe5424620, 0x21d98405, 0x44413034, 0x201b8507, 0x09a64244, 0x70429082, 0x420c8209, 0x76820954, 0x8209e742, 0x20338b0c, 
    0x42338b45, 0x5a85067b, 0xcb424620, 0x33302209, 0x05b54644, 0x200cda69, 0x69f0832e, 0x14840f13, 0x13691920, 0x6f74240e, 0x42736f6e, 0x462109c6, 
    0x05164244, 0x31216783, 0x0be44746, 0x9c484620, 0x4446200b, 0x46210ba3, 0x057a4145, 0x8f5f0e20, 0x584f8408, 0x8a83079d, 0x2009804b, 0x06c85f37, 
    0x8b4b1583, 0x0d37280d, 0x696c6c65, 0x85697370, 0x500b208e, 0x288306dd, 0xc14d0d20, 0x30732309, 0x2a5a1337, 0x65632705, 0x7265746e, 0xbc886465, 
    0x34303222, 0x28055841, 0x6f777413, 0x65746f64, 0x053a606e, 0x0f202084, 0x84093f60, 0x650e200f, 0x0e840839, 0x214c0d20, 0x66742105, 0x31650d87, 
    0x200d8405, 0x09324c11, 0x12201f86, 0x12864c8a, 0x6e750c25, 0x42323069, 0x1220060f, 0x880c6f58, 0x463121a0, 0x820ad241, 0x0a7b480c, 0x42434621, 
    0x33210acb, 0x05564230, 0x33215384, 0x0ad84230, 0xfa493320, 0x3032210a, 0x820ad842, 0x093a420c, 0x45303222, 0xf7584085, 0x20828408, 0x0db6470e, 
    0xee441320, 0x06f44f08, 0x37307322, 0x200be779, 0x200f8273, 0x0dcf7b13, 0x0d204684, 0x84070859, 0x6f11230d, 0xa461656e, 0x32118408, 0x61696417, 
    0x73657265, 0x6f747369, 0x63736f6e, 0x84626d6f, 0x82122017, 0x62642526, 0x6275736c, 0x14241288, 0x74756361, 0x11843e83, 0x84636c21, 0x63102527, 
    0x6e6f7261, 0x2e202c82, 0x75201090, 0x19202185, 0xc059b987, 0x922a8708, 0x84338f19, 0x886f8b5d, 0x8f198933, 0x081e5a33, 0x19896790, 0x1a203386, 
    0x8e739b87, 0x93688b05, 0x8535871a, 0x843b872d, 0x6e632735, 0x3073732e, 0x1a921a37, 0x24061841, 0x6c697419, 0x089b4964, 0x1991d38c, 0xe34f6986, 
    0x4f37200b, 0x37200de3, 0x870be34f, 0x0955420c, 0x48313021, 0x30210af5, 0x0a914c31, 0xe34f3020, 0x42338706, 0xf87a0ab0, 0x4f372006, 0x2b8610e3, 
    0x820a414d, 0x4f388a52, 0x268506e3, 0x8506e34f, 0x08e34faf, 0xe34f1b85, 0x4f372006, 0x3820124f, 0x4f08d04f, 0x1189074f, 0x2007c04f, 0x11e24f38, 
    0xe24f3820, 0x4f38200d, 0x31860ee2, 0x200be24f, 0x14e24f38, 0x75073828, 0x3130696e, 0x07853238, 0x06314628, 0x6f726344, 0x0e857461, 0x08423823, 
    0x05bb6e45, 0x10853120, 0x8205905a, 0x8546202f, 0x0559570f, 0x74313021, 0x3121069b, 0x254f8542, 0x02433132, 0x22854a49, 0x04374325, 0x866f644c, 
    0x41432650, 0x04494f02, 0x08827854, 0x08343832, 0x72756356, 0x65766973, 0x08525902, 0x7061636d, 0x2008f074, 0x052e7531, 0x70323021, 0x078205c5, 
    0x3220a485, 0x2105967a, 0x7e7a3230, 0x73452006, 0x312105a1, 0x057b6f45, 0x45210782, 0x2ed48209, 0x45394531, 0x6107312e, 0x69726373, 0x860b7470, 
    0x385d8307, 0x62616209, 0x6d616779, 0x6308616d, 0x65727473, 0x09686374, 0x746c6564, 0x211c8361, 0x3c7a6504, 0x33382108, 0x322ac184, 0x650a3638, 
    0x6f6c6873, 0x1a88706f, 0x2105585e, 0xf16c3230, 0x39322106, 0x7b829a85, 0x18713285, 0x31302105, 0x82056958, 0x84412007, 0x44352117, 0x44220787, 
    0xf7866708, 0x32321884, 0x670e3439, 0x74746f6c, 0x74736c61, 0x6162706f, 0x0e8d1172, 0x766e6922, 0x7222118e, 0x328b7665, 0x1d82208e, 0x5b851182, 
    0x0b44312a, 0x6f6f686a, 0x6c62646b, 0x0c2d5882, 0x6572676b, 0x616c6e65, 0x6369646e, 0x05d27009, 0x05251682, 0x676f796c, 0x28308468, 0x0b334131, 
    0x67656d6f, 0x05a47261, 0x322a1384, 0x70083435, 0x616c6968, 0x737b6974, 0x7d612006, 0x302108c4, 0x06d06d32, 0x6c6d3120, 0x20ee8205, 0x20348444, 
    0x05847331, 0x36201f82, 0x32200f84, 0x22057772, 0x42333230, 0x33210626, 0x20178539, 0x053e4134, 0x757f3220, 0x18322006, 0x75076f45, 0x452006db, 
    0x2305486f, 0x46394531, 0x31212f83, 0x05a86f45, 0x67840782, 0x17840782, 0x38313223, 0x073e7134, 0x0721a884, 0x05fc4176, 0x31296484, 0x61044642, 
    0x0463732e, 0x20048368, 0x2004836d, 0x83048274, 0x3032241b, 0x47073439, 0x312605ca, 0x70697004, 0x04830765, 0x6c626423, 0x4207860a, 0x412d06af, 
    0x0a464637, 0x72757452, 0x7075736e, 0x05f17565, 0x35453528, 0x6f68680a, 0x12846b6f, 0x8d720a21, 0x3134211d, 0x21054342, 0x07863034, 0x21059970, 
    0x30423430, 0x30342206, 0x219c8443, 0xc1843134, 0x42343021, 0x342006eb, 0x8205b173, 0x0519410f, 0x45303422, 0x995b2785, 0x5a302005, 0x07820602, 
    0xf2591f86, 0x410f8205, 0x34200569, 0x82057d77, 0x0570420f, 0x6d773420, 0x860f8205, 0x054e7547, 0x72343021, 0x078205fd, 0x20059141, 0x05cc5e34, 
    0x77343021, 0x07820565, 0xf36e9f86, 0x34302105, 0x8205b25b, 0x5b478607, 0x30210512, 0x05125b34, 0x35200782, 0x5018a785, 0xf042078a, 0x7b342006, 
    0x34200667, 0x22059a5b, 0x86453430, 0x34462157, 0x46202f85, 0x46207f86, 0x895c5786, 0x34302205, 0x61278638, 0x302105f9, 0x06134434, 0x60433420, 
    0x42342006, 0x34200641, 0x2205a17d, 0x86353430, 0x0599722f, 0x8f86ef82, 0x8205fa5a, 0x0571420f, 0x85783420, 0x200f8205, 0x787f8544, 0x30210575, 
    0x05e47c34, 0x37200782, 0x91421785, 0x42342006, 0x34200691, 0x2006e142, 0x055d7834, 0x42343023, 0x5c278531, 0xff820522, 0x5b068f41, 0x302205ca, 
    0x6f864434, 0x82059b7f, 0x206f860f, 0x06ef4144, 0x17424520, 0x05ea5c06, 0x7c343021, 0x0782053f, 0x57854220, 0x82053f7c, 0x20c786f7, 0x204f8646, 
    0x773f8646, 0x30210506, 0x065f4133, 0x2206795d, 0x85463330, 0x41332067, 0x3327064f, 0x6b054646, 0x6a707061, 0x42240685, 0x756e0243, 0x33216084, 
    0x20688537, 0x05927333, 0x37333022, 0x4b5d3886, 0x24588205, 0x65620537, 0x06417374, 0x1c753320, 0x21158205, 0x4e840636, 0x72043125, 0x85316f68, 
    0x84462049, 0x463121a2, 0x82054241, 0x82da8407, 0x20178707, 0x22278337, 0x87444631, 0x82ca8417, 0x2181841f, 0x0a414631, 0x840f8205, 0x46312181, 
    0x22063671, 0x84413733, 0x42442b37, 0x6f720846, 0x6f6e616d, 0x0885656e, 0x6f777423, 0x2511840a, 0x65726874, 0x0a840965, 0x756f6623, 0x21098672, 
    0x27867669, 0x78697322, 0x73242785, 0x6e657665, 0x65240a85, 0x74686769, 0x6e212885, 0x22508869, 0x840b6e65, 0x6c652145, 0x0b852983, 0x65777425, 
    0x8565766c, 0x69662535, 0x0c797466, 0x68272284, 0x72646e75, 0x84106465, 0x8266200c, 0x2010866b, 0x2710840d, 0x756f6874, 0x646e6173, 0x3221b983, 
    0x056c4331, 0x31200782, 0x32200f86, 0x33200786, 0x34200786, 0x35200786, 0x36200786, 0x37200786, 0x38200786, 0x39200786, 0x41200786, 0x42200786, 
    0x43200786, 0x44200786, 0x45200786, 0x46200786, 0xc8460785, 0x45322005, 0x0782068e, 0x30215f85, 0x222f8430, 0x85323941, 0x5f37202f, 0x3020064f, 
    0x21058e45, 0xa6453032, 0x30322105, 0x82057047, 0x09302107, 0x2305fe6d, 0x0c746f64, 0x840b534b, 0x33302166, 0x30214685, 0x20968533, 0x05f67330, 
    0x86854682, 0x0e743020, 0x30322105, 0x8205cf76, 0x85312007, 0x05db4337, 0x06410f82, 0x35303205, 0x65760e35, 0x63697472, 0x61626c61, 0x6c626472, 
    0x22758508, 0x850d5f5f, 0x6f6e3108, 0x61657262, 0x6e750d6b, 0x73726564, 0x65726f63, 0x0a252482, 0x6d6d6167, 0x09984561, 0x32383430, 0x6d756e0c, 
    0x6c617265, 0x65657267, 0x0c8b0f6b, 0x65757321, 0x33260514, 0x6d0b3646, 0x6a837375, 0x746f6e24, 0x0b8a0e65, 0x2106ef6f, 0xcd5f3230, 0x20078205, 
    0x82ae8332, 0x86332007, 0x23ae8407, 0x35443230, 0x3d410f85, 0x200f8205, 0x210f8537, 0x07853644, 0x2006da44, 0x05f74232, 0x47861f82, 0x20060245, 
    0x06e24332, 0xd77d3220, 0x46322206, 0x86378631, 0x05dc7627, 0x45323021, 0x3220062a, 0x82056743, 0x865f870f, 0x061a446f, 0x41463222, 0x42203f86, 
    0x43200786, 0x44200786, 0x45200786, 0x46200786, 0x442c0785, 0x6e750a34, 0x45323069, 0x6e632e35, 0x39200a86, 0x36200a89, 0x38200a89, 0x37200a89, 
    0x3e830a82, 0x71424621, 0xd6820506, 0x840c4521, 0x35392146, 0x2c09e56d, 0x0c333131, 0x63617073, 0x65706f65, 0x0733636e, 0x30413026, 0x6d6f7307, 
    0x20088d62, 0x05cf7830, 0x36333022, 0x20055841, 0x06cb4633, 0x41363321, 0x33200558, 0x82053d78, 0x20e8851f, 0x06db4633, 0x597e3320, 0x85178205, 
    0x453320f0, 0x332006d3, 0x2006eb46, 0x05597e33, 0xf0851f82, 0xe3453320, 0x44312105, 0x21053e77, 0x90414431, 0x20078205, 0x05604434, 0x8205c841, 
    0x8636200f, 0x8638200f, 0x86392007, 0x82678407, 0x8642201f, 0x8643200f, 0x86442007, 0x82678407, 0x8546201f, 0x066f790f, 0x31454422, 0x32200f86, 
    0xe7840786, 0x45443122, 0xfb457786, 0x860f8205, 0x05c16377, 0x77840f82, 0x38343022, 0x07828784, 0x3f840f87, 0x3f840f82, 0x27410782, 0x38342105, 
    0x0f823f84, 0x67833720, 0x49364121, 0x3021052d, 0x05ce4333, 0x37840782, 0x46463121, 0x078205ab, 0x4620b785, 0x21052346, 0x76624631, 0x46312105, 
    0x8205fa45, 0x20cf850f, 0x05b34746, 0xd7850f82, 0xbb464620, 0x46312105, 0x8205b842, 0x48278607, 0x0f820503, 0x83462786, 0x20378205, 0x218f8330, 
    0x17683330, 0x84078205, 0x2007829f, 0x20178632, 0x85078643, 0x30332abf, 0x6f680d41, 0x62616b6f, 0x0bef686f, 0x21064949, 0xed853133, 0x597f3320, 
    0x7c332006, 0x302105ab, 0x06097f33, 0x86323321, 0x05df7b4d, 0x44333021, 0xfd8205c4, 0xaf425d86, 0x34332106, 0x20055541, 0x06ec7833, 0xe4783320, 
    0x34332206, 0x208d8542, 0x69478634, 0x3f8205e3, 0x0782e584, 0x3021dd84, 0x05c54433, 0x31200782, 0xc5422f85, 0x05cd4407, 0x9d411782, 0x6a332005, 
    0x0f8205a3, 0xa36a7f86, 0x860f8205, 0x064a4c7f, 0x4a4c3320, 0x35332106, 0x35207f86, 0xd9487f86, 0x35332106, 0xb6697f86, 0x33302105, 0x82050464, 
    0x647f8607, 0x30200604, 0x21050948, 0x8c7a4431, 0x30322105, 0x22057948, 0x84453032, 0x2017826f, 0x05854230, 0x2006ad41, 0x05c46444, 0x1d421782, 
    0x44442005, 0x0f8205ee, 0x0782af84, 0x2f863720, 0x39203f87, 0xa7840f86, 0xa7841f82, 0x4d420782, 0x7a442005, 0x0f8205c4, 0x27854620, 0x2006577d, 
    0x053a4844, 0x44443123, 0x86178632, 0x64978757, 0x312205dc, 0x57864544, 0x82051e45, 0x4e57860f, 0x0f820562, 0x2e455786, 0x44312305, 0x4f853146, 
    0x20060b7c, 0x052e4544, 0x34201782, 0x35201786, 0xa7860786, 0x20069542, 0x06f54244, 0x49494420, 0x30322705, 0x750a3046, 0xb782696e, 0xe5443420, 
    0x200a8206, 0x06e54436, 0x43323022, 0x0782f584, 0x4d834120, 0xa5840782, 0x85323021, 0x210782b5, 0xf0511442, 0x630c2513, 0x6e6f7261, 0x23064e52, 
    0x746f640c, 0x23052851, 0x15636c2e, 0x88148351, 0x09b35144, 0x5d512a82, 0x740d2a14, 0x65646c69, 0x74756361, 0x884e8265, 0x09205238, 0x92636c21, 
    0x94752014, 0x89752078, 0x09ae522a, 0x10637522, 0x6324b088, 0x2e626d6f, 0x9e89258a, 0x11637522, 0x26868889, 0x6e750a27, 0x30333069, 0x2a318241, 
    0x6e6f7409, 0x742e736f, 0x840c706f, 0x62642259, 0x2024836c, 0x240c840e, 0x68676972, 0x850e8374, 0x0626411b, 0x72610e24, 0x84536863, 0x620c2809, 
    0x65766572, 0x83766e69, 0x870f2028, 0x852b860c, 0x250c861c, 0x69726210, 0x2a836764, 0x0d201086, 0x0d861085, 0x61630f2b, 0x6172646e, 0x646e6962, 
    0x204b8375, 0xc5451811, 0x20218809, 0x0542486f, 0x21837182, 0x04821020, 0x4d616d21, 0x0b8206d1, 0x54126221, 0x0d201136, 0x280c3154, 0x6172670d, 
    0x656c6576, 0x84d68566, 0x205c860d, 0x08d34411, 0x4a825f20, 0x63617024, 0x364e1074, 0x70622405, 0x84616c61, 0x2410872f, 0x72746572, 0x2524826f, 
    0x6f690b62, 0x3f866174, 0x696c0c27, 0x6576656e, 0x20298472, 0x410c870f, 0x0f88064f, 0x0d202c86, 0x87053242, 0x826f200d, 0x63732437, 0x8465726f, 
    0x860d88d5, 0x7213243c, 0x83676e69, 0x616823b3, 0x3286666c, 0x13831420, 0x67697224, 0x148a7468, 0x14830b20, 0x0e262086, 0x67616573, 0x2a556c75, 
    0x740c2807, 0x65646c69, 0x8364696d, 0x870c8561, 0x09a54928, 0x11201b83, 0x830cb449, 0x78082411, 0x83707573, 0x550f2008, 0x0b200e69, 0x890a6455, 
    0x6375220b, 0x3a55180c, 0x6c2e2108, 0x75220c8b, 0x52541463, 0x936c2011, 0x63752214, 0x54298412, 0x7e8d0cff, 0x116e6326, 0x76657262, 0x83056043, 
    0x872e209d, 0x09fb4211, 0x7f6f1187, 0x20238208, 0x09554216, 0x21094a43, 0x168a6e63, 0x15203f8b, 0x68232d89, 0x866b6f6f, 0x8b2c8a67, 0x8213205a, 
    0x616d2c1e, 0x65636361, 0x6972746e, 0x82746867, 0x4415206e, 0x6321121b, 0x21dd906e, 0xb6446e63, 0x85462006, 0x058c4507, 0x45323021, 0x3021059c, 
    0x05106d32, 0xd6440782, 0x06d64f06, 0x24463220, 0x32302405, 0x42084543, 0x09200771, 0x85085a42, 0x054d484a, 0x9f463a82, 0x4e322005, 0x323005f9, 
    0x0c464644, 0x7261705f, 0x5f412e74, 0x63617266, 0x4f260c86, 0x73616c73, 0x19851668, 0x6f726327, 0x61627373, 0x07104372, 0x16951b20, 0x65725f25, 
    0x8e137478, 0x6576241b, 0x860d7472, 0x72792513, 0x6c696174, 0x63206186, 0x69210d82, 0x842e8763, 0x595f200c, 0x11200586, 0x69262e89, 0x6f685f63, 
    0x118d6b6f, 0x66656c24, 0x23851074, 0x74696626, 0x5f796361, 0x55869b82, 0xb7846f20, 0x65700e22, 0x2307b371, 0x6e727574, 0x2605f04a, 0x632e3836, 
    0x65706d63, 0x372105a5, 0x230c8831, 0x32423230, 0x0f200c84, 0x32067b54, 0x696e755f, 0x45443230, 0x72616c0e, 0x69726567, 0x83746867, 0x520f2084, 
    0x64230579, 0x6f6e776f, 0x3024080e, 0x2e463134, 0x0b206283, 0x24054a45, 0x30333036, 0x08ce4539, 0x6e6f742c, 0x6e5f736f, 0x6f727261, 0x20820d77, 
    0x46463124, 0x14842e45, 0x43210d85, 0x200d8b44, 0x200d8c44, 0x20298c43, 0x210d8c44, 0x378c4643, 0x45200d8c, 0x24470d86, 0x2e362306, 0xec44636c, 
    0x07bc4105, 0x63610d25, 0x87657475, 0x6008200d, 0x412006ed, 0x4f200887, 0x55200887, 0x61200887, 0x65200887, 0x6f200887, 0x79210887, 0x283e860a, 
    0x0c312e75, 0x6c676e61, 0x06224465, 0x61620e2f, 0x64696d72, 0x676e6f6c, 0x626d6f63, 0x07414208, 0x1d680d20, 0x06724405, 0x61740f28, 0x6f646b63, 
    0x0f8b6e77, 0x66656c23, 0x200f8674, 0x231f8310, 0x68676972, 0x0d201087, 0x75211083, 0x261e8870, 0x65646c69, 0x82726576, 0x8370201e, 0x870b2066, 
    0x752e2266, 0x05db4663, 0x83373321, 0x6c7329ff, 0x73687361, 0x74726f68, 0x0e211882, 0x05ab435f, 0x736f7227, 0x6e632e73, 0x0bac4314, 0x61746f24, 
    0x14826574, 0xf1421120, 0x27358708, 0x726f6b14, 0x73696e6f, 0x8305d543, 0x202682a3, 0x26008200, 0xff010001, 0x820f00ff, 0x3a02b509, 0x00b600b6, 
    0x05a100a1, 0x040000d2, 0xfe00005e, 0xffe6055e, 0xff6c04ec, 0x8256fee8, 0x271b8619, 0xd205f0ff, 0xf0ff5e04, 0x05211d85, 0x821f82ea, 0xaf00210b, 
    0x81320182, 0xfe018100, 0xd2fe3d01, 0x3302eefd, 0xc7fe4301, 0x1787e9fd, 0x05ae062f, 0x028203ed, 0x05e3069e, 0x027703f3, 0x224f8999, 0x82050000, 
    0x216d874f, 0x6f860306, 0xfe214f88, 0x225388d2, 0x86c8fe08, 0x89ee2057, 0x82032157, 0xb8225b88, 0x5f877803, 0x00b07708, 0x00b0202c, 0x59455855, 
    0xb84b2020, 0x4b510e00, 0x5a5306b0, 0x1b34b058, 0x605928b0, 0x558a2066, 0x2502b058, 0x0008b961, 0x63630008, 0x211b6223, 0x5900b021, 0x234300b0, 
    0x0100b244, 0x42604300, 0x2c01b02d, 0x666020b0, 0x2c02b02d, 0x21232123, 0x2c03b02d, 0x03b36420, 0x42001514, 0x4313b043, 0x42606020, 0x431402b1, 
    0x0325b142, 0x4302b043, 0xb0207854, 0x0882230c, 0x6461432a, 0x785004b0, 0x020202b2, 0xb0244682, 0x211c6521, 0xb2261583, 0x4201150e, 0x0a82201c, 
    0xb2422325, 0x82130113, 0xb023291b, 0x65585000, 0x0116b259, 0x2d2a2983, 0xb02c04b0, 0x15b02b03, 0x6f835843, 0x4316b023, 0x3e208643, 0x2064201b, 
    0xb050c0b0, 0xb25a2604, 0x430d0128, 0xb0456345, 0x21584506, 0x592503b0, 0x82585b52, 0x8a1b269c, 0x50b02058, 0x25128250, 0x201b5940, 0x098338b0, 
    0x59593824, 0x2d85b120, 0x28209182, 0x0d861282, 0x30b02022, 0xb0210c82, 0x2e298330, 0x205850c0, 0x8a8a2066, 0x0ab02061, 0x82605850, 0x8320203b, 
    0x830a201b, 0x83362009, 0x60363509, 0x5959601b, 0x02b01b59, 0x430cb025, 0x5200b063, 0x4b00b058, 0x21202c83, 0x1b230f82, 0x831eb04b, 0x4b1e2625, 
    0x0010b861, 0x2f118263, 0x0005b863, 0x64595962, 0x01b05961, 0x2359592b, 0x5922e285, 0xcf826420, 0x5942232d, 0x2c05b02d, 0xb0204520, 0x82612504, 
    0x43072ed3, 0x07b05850, 0x08b04223, 0x211b4223, 0x24328221, 0x06b02d60, 0x28fe842c, 0x64202b03, 0x426207b1, 0x831c8320, 0x851b20ee, 0x280583be, 
    0x456007b0, 0x2a05b063, 0x241c8221, 0x208a2043, 0x386b828a, 0x250530b1, 0x512604b0, 0x1b506058, 0x58595261, 0x59215923, 0x5340b020, 0x231b8258, 
    0x40b0211b, 0x2d2a8a87, 0xb02c07b0, 0xb22b4309, 0xe6410200, 0x82082005, 0x42233a0e, 0x00b02023, 0xb0614223, 0xb0666202, 0x01b06301, 0x2a07b060, 
    0x2c09b02d, 0x26ad8320, 0xb863430e, 0x82620004, 0x22af8222, 0x83596040, 0x44602122, 0x2d2c2482, 0xb22c0ab0, 0x43000e09, 0x212a4245, 0x21083842, 
    0x48422c0b, 0x850c200d, 0x2b012245, 0x82178223, 0x206032fa, 0x61238a45, 0xb0206420, 0x21585020, 0xb01b00b0, 0x21578230, 0xa4821b20, 0xb025a587, 
    0x61232503, 0x20628544, 0x213e960d, 0x358224b0, 0xda883c82, 0x0e21348b, 0x25d0842c, 0x000c0db3, 0x65824503, 0x21231b35, 0x2d212a59, 0xb12c0fb0, 
    0xb0450202, 0x2d446164, 0x822c10b0, 0x202029c2, 0x4a430fb0, 0x585000b0, 0x23240882, 0x10b05942, 0x52200d83, 0x10200d82, 0x2d220d82, 0x488211b0, 
    0x83621021, 0xb82024f1, 0x82630004, 0xb02708b8, 0x20604311, 0xb020608a, 0x23422311, 0x2c12b02d, 0xb158544b, 0x59446404, 0x650db024, 0xb02d7823, 
    0x514b2c13, 0x85534b58, 0x211b2114, 0x13201782, 0x143c1784, 0x1200b12c, 0xb1585543, 0xb0431212, 0xb0426101, 0xb0592b11, 0x02b04300, 0x0fb14225, 
    0x10200483, 0xb0240482, 0x20231601, 0x502dc982, 0x0001b158, 0x04b06043, 0x8a8a4225, 0x23768320, 0x23212a10, 0x0b873682, 0x1f851b20, 0x02233283, 
    0x82b06125, 0x8259201d, 0x824720c9, 0x604723bf, 0xac4102b0, 0xb020210d, 0x0814c241, 0x0000b141, 0xb0442313, 0x00b04301, 0x0101b23e, 0x42604301, 
    0x2c15b02d, 0x0200b100, 0xb0585445, 0x20422312, 0x230eb045, 0x230db042, 0x426007b0, 0x18b76020, 0x11000118, 0x42001300, 0x608a4242, 0x8214b020, 
    0x61012e1b, 0x2b0814b1, 0x1b2b8bb0, 0xb02d5922, 0x27e38216, 0xb02d2b15, 0x01b12c17, 0x18230783, 0x8302b12c, 0x2c192307, 0x078303b1, 0xb12c1a23, 
    0x23078304, 0x05b12c1b, 0x1c230783, 0x8306b12c, 0x2c1d2307, 0x078307b1, 0xb12c1e23, 0x23078308, 0x09b12c1f, 0x2b240783, 0xb020232c, 0x2e057f41, 
    0x4b6006b0, 0x20235854, 0x5d01b02e, 0x8221211b, 0x8a2c206c, 0x8816201c, 0x8571201c, 0x8a2d201c, 0x8826201c, 0x8572201c, 0x2c20251c, 0x2b0fb000, 
    0xb023e798, 0x85b56101, 0x8be783ea, 0x822120df, 0x822020df, 0x822220df, 0x200783df, 0x83df8223, 0x82242007, 0x200783df, 0x83df8225, 0x82262007, 
    0x200783df, 0x83df8227, 0x82282007, 0x200783df, 0x83df8229, 0x822a2007, 0x320783df, 0x3c202c2e, 0x2d6001b0, 0x202c2fb0, 0x6018b060, 0x82234320, 
    0xb043240e, 0x82612502, 0x2eb03507, 0xb02d212a, 0x2fb02c30, 0x2a2fb02b, 0x2c31b02d, 0x20472020, 0x2716cd41, 0x23386123, 0x58558a20, 0x1b25219c, 
    0xb02d5921, 0x07e24132, 0x060eb134, 0x01b04245, 0x2a31b016, 0x150105b1, 0x59305845, 0x2082221b, 0x1e413320, 0x2323970a, 0x35202c34, 0x3520b984, 
    0x47854d82, 0x26444520, 0x01b02211, 0x147b422b, 0x00231783, 0x8300b416, 0x3e442700, 0x34b13823, 0xeb831501, 0x202c3623, 0x94c0823c, 0xb0602f33, 
    0x38614300, 0x2c37b02d, 0x2d3c172e, 0x2a9f38b0, 0x4301b023, 0x082e8263, 0xb12c3933, 0x25160002, 0x47202e20, 0x422300b0, 0x492502b0, 0x23478a8a, 
    0x20612347, 0x211b6258, 0x2301b059, 0x0138b242, 0x2a141501, 0x2c3ab02d, 0xb01600b0, 0x24268217, 0x04b02504, 0x2f268425, 0x42000cb1, 0x2b430bb0, 
    0x232e8a65, 0x8a3c2020, 0x3b205382, 0x2021268d, 0x2428842e, 0x2306b020, 0x3e2d8742, 0x5060b020, 0x40b02058, 0x04b35851, 0x1b200520, 0x052604b3, 
    0x4242591a, 0x0ab02023, 0x828a2043, 0x2581827f, 0xb0604623, 0xae434306, 0x2060240f, 0x462b01b0, 0x04300595, 0x23646043, 0x614305b0, 0xb0585064, 
    0x1b614304, 0x60240b82, 0x2503b059, 0x6120338f, 0xb0289a82, 0x46232604, 0x231b3861, 0x46206182, 0x0682e782, 0x4f829784, 0x88826492, 0x232b0122, 
    0x60207e82, 0xb0236d82, 0x82612505, 0x82558f03, 0x20612451, 0x832504b0, 0x82032084, 0x06494505, 0x59236b89, 0x413cb02d, 0x2025070b, 0x05b02020, 
    0x060b4126, 0x383c2325, 0x883db02d, 0x0ab0231a, 0x1f824223, 0x47234622, 0x23216c82, 0x201b8261, 0x0842413e, 0x6941cc83, 0x00b02905, 0x202e5854, 
    0x1b21233c, 0x0220bd83, 0x54821485, 0x22088a41, 0x822506b0, 0x484920a5, 0xc4410bbb, 0x11794205, 0x41236021, 0x232106ad, 0x20a48221, 0x20898a3f, 
    0x25a28643, 0x20b06020, 0xf28f6660, 0x2507e241, 0x20232c40, 0x6982462e, 0x17b04635, 0x1b505843, 0x20585952, 0xb12e593c, 0x2b140130, 0x8c41b02d, 
    0x1b52221d, 0x201d8c50, 0x871d8c42, 0x8f4f8b3b, 0x2c432431, 0x9b2b3ab0, 0x2c442e70, 0x8a2b3bb0, 0xb03c2020, 0x8a422306, 0x252a9938, 0x2e4306b0, 
    0xa28230b0, 0xf2844520, 0xb0250424, 0x79412604, 0xb0612405, 0x4242230c, 0xb02205a9, 0x6d82430b, 0x2e203c24, 0xd0863823, 0xb12c462a, 0x4225040a, 
    0xb01600b0, 0x25203283, 0x202dd242, 0x47c54247, 0x2502b024, 0xdd826146, 0x38233c26, 0x2020211b, 0x21082f42, 0xa7865921, 0xb12c4725, 0x412b3a00, 
    0x48200786, 0x3b230d82, 0x4123212b, 0xcd860617, 0x24080241, 0x00b02c49, 0x05f64315, 0x0100b22d, 0x13141501, 0x2a36b02e, 0x964ab02d, 0x2c4b2817, 
    0x140100b1, 0x8237b013, 0x2c4c2323, 0x068239b0, 0x2a824d20, 0x23451629, 0x46202e20, 0x4161238a, 0x4e30072d, 0x230ab02c, 0x2b4db042, 0x2c4fb02d, 
    0x460000b2, 0x50200882, 0x01200882, 0x51230883, 0x8401b22c, 0x82522011, 0x20118408, 0x211a8253, 0x23824700, 0x08825420, 0x08830120, 0x1a825520, 
    0x56201184, 0x11840882, 0xb32c5726, 0x43000000, 0x58202482, 0x01200982, 0x59230984, 0x8501b32c, 0x825a2013, 0x20138509, 0x221d825b, 0x82430100, 
    0x825c2027, 0x84012009, 0x825d2009, 0x2013851d, 0x8509825e, 0x825f2013, 0x4500216a, 0x60202682, 0x01200882, 0x61200883, 0x11846a82, 0x08826220, 
    0x63201184, 0x00211a82, 0x20238248, 0x20088264, 0x20088301, 0x841a8265, 0x82662011, 0x20118408, 0x20978467, 0x20248244, 0x83978468, 0x84692009, 
    0x20098397, 0x8397846a, 0x846b2009, 0x20098397, 0x8397846c, 0x846d2009, 0x20098397, 0x8397846e, 0x2c6f2409, 0x413c00b1, 0x702008c0, 0xb0210d84, 
    0x205e8240, 0x200a8571, 0x240a8241, 0x00b02c72, 0x21268316, 0x0d8242b0, 0xb12c7325, 0x842b3c01, 0x85742023, 0x2023830a, 0x83238475, 0x20238318, 
    0x203c8276, 0x2055883d, 0x840d8477, 0x85782031, 0x8241200a, 0x85792047, 0x202e830a, 0x2047827a, 0x2052853d, 0x830a857b, 0x857c2020, 0x2020830a, 
    0x202b827d, 0x204f883e, 0x840d847e, 0x857f204f, 0x202e830a, 0x200a8580, 0x205a8242, 0x20398281, 0x204f853e, 0x830a8582, 0x85832020, 0x2020830a, 
    0x202b8284, 0x204f883f, 0x840d8485, 0x8586204f, 0x8241200a, 0x85872044, 0x202e830a, 0x20398288, 0x204f853f, 0x830a8589, 0x858a2020, 0x0820830a, 
    0xb22c8b21, 0x4503000b, 0x06b05850, 0x0204b21b, 0x23584503, 0x59211b21, 0xb02b4259, 0x03b06508, 0x47785024, 0x2d2e07d0, 0x00b84b00, 0xb15852c8, 
    0x598e0101, 0xf24d01b0, 0xb1703005, 0x40420700, 0x5f6f7f09, 0x2737434f, 0x842a0007, 0x7410300f, 0x54086408, 0x3c064808, 0x1e082c06, 0x860a0707, 
    0x067c2d16, 0x065c066c, 0x0442044e, 0x05250634, 0x0e351684, 0x1d094142, 0x15401940, 0x0f401240, 0x07400b40, 0x000700c0, 0x202f820b, 0x21188215, 
    0x018c4000, 0xb92f1883, 0x00000300, 0x0124b144, 0xb0585188, 0x86588840, 0x8328200f, 0x08b8220f, 0x23108700, 0x27b11b59, 0xba291283, 0x01008008, 
    0x63884004, 0x20298654, 0x08008359, 0x76104025, 0x56066606, 0x3e044a06, 0x20062e04, 0x2a0e0705, 0x85ff01b8, 0xb18d04b0, 0xb3440002, 0x00066405, 
    0x05004444, 0x7f9b1efa, 0x000000d3, 
};

