// File: '/tmp/extras/ttf/Inter-Italic.ttf' (417388 bytes)
// Exported using binary_to_compressed_c.cpp
const unsigned int font_inter_italic_compressed_size = 276985;
const unsigned int font_inter_italic_compressed_data[276988/4] =
{
    0x0000bc57, 0x00000000, 0x6c5e0600, 0x00000400, 0x00010025, 0x82110000, 0x043e0804, 0x44471000, 0x73614645, 0x00003a5d, 0x00001c01, 0x5047ee03, 
    0xab20534f, 0x000048b4, 0x01000c05, 0x53477044, 0x196f4255, 0x0100cc78, 0x00007c49, 0x534f365e, 0xed1e322f, 0x01008ba4, 0x4582b4a7, 0x6d63603c, 
    0x0b337061, 0x0100cd37, 0x000014a8, 0x7663c264, 0x007e2074, 0x0600a03f, 0x53826c4e, 0x70660433, 0x2f626d67, 0x06008107, 0x0000704f, 0x61670c0e, 
    0x21078273, 0x1f821000, 0x3f826420, 0x6c67083c, 0xff456679, 0x02008ebc, 0x0300d80c, 0x6568b460, 0xb1346461, 0x0500fd73, 0x1f828c6d, 0x82683621, 
    0xec172310, 0x0f82b01d, 0x0f82c420, 0x6d682428, 0x896a7874, 0x0f8208f7, 0x0000e830, 0x6f6c542d, 0x7f116163, 0x0500f0b1, 0x0f823c9b, 0x616d582c, 
    0x500d7078, 0x05008d0f, 0x2f8294c8, 0x616e2028, 0xeb07656d, 0x0f82591a, 0x0000b43f, 0x6f706c07, 0xe7227473, 0x0500bea8, 0x000020d0, 0x7270417e, 
    0xff687065, 0x06007a23, 0x27df825d, 0x0100ef00, 0x0e000200, 0x02823982, 0x82ae0321, 0x829a200b, 0x82ad2003, 0x01af2815, 0x01010016, 0x828a0118, 
    0x018c2205, 0x22058299, 0x82d8019b, 0x01da2205, 0x280582f9, 0x002902fb, 0x022b0201, 0x22058284, 0x82860286, 0x02892205, 0x220582a8, 0x82af02ac, 
    0x02b12205, 0x220582b2, 0x82c502b7, 0x03c72805, 0x03010039, 0x8246033c, 0x03482205, 0x22058256, 0x825b0359, 0x035d2205, 0x2205825e, 0x82770360, 
    0x03792105, 0x03232982, 0x82e003c7, 0x03e3220b, 0x220582e9, 0x82eb03eb, 0x03ed2205, 0x280582ed, 0x000704f3, 0x04090401, 0x2205820b, 0x820f040e, 
    0x04112205, 0x22058214, 0x821a0417, 0x041c2205, 0x2205822d, 0x822f042f, 0x04312205, 0x22058235, 0x82500437, 0x04522205, 0x22058252, 0x82550454, 
    0x04572205, 0x22058258, 0x8261045a, 0x04632205, 0x2205827a, 0x828e047c, 0x04912205, 0x22058294, 0x82a90498, 0x04ad2205, 0x220582c4, 0x82ca04c8, 
    0x04cc2205, 0x220582d1, 0x82d304d3, 0x04d52205, 0x210582e1, 0x8f8204e4, 0x04ee0423, 0x220b82ee, 0x82f104f1, 0x04f32205, 0x220582f4, 0x82f804f6, 
    0x04fa2805, 0x050100ff, 0x820d050d, 0x050f2205, 0x21058212, 0xa1820514, 0x05190523, 0x220b8219, 0x821e051b, 0x05202205, 0x22058222, 0x822a052a, 
    0x052c2205, 0x2205822c, 0x82300530, 0x05322205, 0x22058233, 0x823a053a, 0x053c2205, 0x2205823c, 0x824a0549, 0x054f2205, 0x22058250, 0x82830580, 
    0x05892205, 0x2805828a, 0x00fa05f9, 0x06040601, 0x22058204, 0x82230608, 0x06262205, 0x21058228, 0xf5820634, 0x06390623, 0x220b8241, 0x82540643, 
    0x06572205, 0x22058259, 0x82660665, 0x066b2205, 0x2205826c, 0x8271066f, 0x06842205, 0x21058285, 0x4d820688, 0x069e0623, 0x220b82a1, 0x82a306a3, 
    0x06a52205, 0x220582a6, 0x82ac06ac, 0x06b02205, 0x220582b0, 0x82b806b4, 0x06be2205, 0x2e0582be, 0x00d106ca, 0x06e30603, 0x070100e7, 0x82370737, 
    0x07502205, 0x2205826a, 0x826d076c, 0x07742205, 0x22058274, 0x82760776, 0x078d2205, 0x220582a8, 0x82ab07aa, 0x07b22205, 0x220582b2, 0x82b407b4, 
    0x07cb2205, 0x2d0582d9, 0x00da07da, 0x08e60703, 0x08010047, 0x7182084a, 0x08b90823, 0x280b82ba, 0x00c208bd, 0x08c50803, 0x220b82c7, 0x82cc08cc, 
    0x08db2205, 0x220582e9, 0x82ea08ea, 0x08f42217, 0x220b82f5, 0x82f808f7, 0x08fb2205, 0x280582fd, 0x000209ff, 0x09040901, 0x22058205, 0x820e090e, 
    0x09122205, 0x22058212, 0x82180918, 0x091b2205, 0x2205821b, 0x821e091d, 0x09202205, 0x22058220, 0x82240924, 0x09282205, 0x22058228, 0x822a092a, 
    0x092c2205, 0x2205822c, 0x82320932, 0x09362205, 0x22058236, 0x824d094a, 0x09582205, 0x2205825c, 0x8262095e, 0x09642205, 0x22058264, 0x8286096c, 
    0x098f2205, 0x220582a3, 0x82a909a7, 0x09ac2205, 0x210582af, 0xd78209b4, 0x09b80923, 0x2e0b82c0, 0x00e309c4, 0x0a2f0a01, 0x0a030051, 0x825b0a54, 
    0x0a6b2205, 0x220582c0, 0x82d30ad3, 0x0ad42205, 0x221d82d4, 0x82e10ae0, 0x0ae62805, 0x0a0200e6, 0x82f50af5, 0x0af62217, 0x281182f6, 0x00f70af7, 
    0x0b020b03, 0x28058202, 0x00040b03, 0x0b0d0b01, 0x2205820d, 0x82110b11, 0x0b192205, 0x22058219, 0x82310b31, 0x0b482405, 0x8201004c, 0x00022401, 
    0x820c0000, 0x82122003, 0x0601220b, 0x080582d0, 0xcb061524, 0xcd06cc06, 0xcf06ce06, 0xbe08bd08, 0x6c0a6b0a, 0x6e0a6d0a, 0x700a6f0a, 0x8b0a710a, 
    0x980a920a, 0x7582be0a, 0x6582f720, 0x2f820020, 0x20000026, 0x0a003a00, 0x3a080182, 0x009a0050, 0x005800a6, 0x00680060, 0x00780070, 0x00900080, 
    0x4c464404, 0x63720054, 0x006c7279, 0x65726776, 0x6c76006b, 0x006e7461, 0x630500c0, 0x00707370, 0x72656b82, 0x848e006e, 0x6dbc2e05, 0x006b7261, 
    0x6d6b6d98, 0x0088006b, 0x25958201, 0x00b40001, 0x65820002, 0x001c0123, 0x21078304, 0x0786ae00, 0x0786b220, 0x0786b620, 0x0786ba20, 0xd200be22, 
    0x70202782, 0x06260382, 0x01001000, 0x0382d800, 0x09820920, 0xb0000224, 0x1582b800, 0x0b840220, 0xcc01f422, 0x00200b82, 0x06831b82, 0x09000122, 
    0x03240682, 0x03000200, 0x05201184, 0x05334b82, 0x07000600, 0xb6000800, 0x41430300, 0xb6002054, 0x824c4f4d, 0x4f522205, 0x8205824d, 0x8606202d, 
    0x2133862d, 0x3982ffff, 0x01000126, 0x0500bc20, 0x20266182, 0xae1f0100, 0x0582ec2b, 0x8337c621, 0x25722205, 0x210b8232, 0x0b832678, 0x721f8422, 
    0x8c220b82, 0x0582621f, 0x48296c22, 0x72220582, 0x05825a32, 0xd22efe22, 0x2c223f82, 0x4982fa42, 0x00000224, 0x0785c8ed, 0x00b27025, 0x82ffff00, 
    0x84002091, 0x82042071, 0x1fd42229, 0x2229828a, 0x82a61f02, 0x22ff850b, 0x8b5a1f07, 0x20318801, 0x82d18201, 0xe0232131, 0x67283f84, 0xcc209c21, 
    0xc020fa21, 0x84280182, 0x9e222022, 0x8420ba21, 0xd2220182, 0x0186ae20, 0x0784c620, 0xd822c62a, 0xc0206821, 0xc6206c22, 0xb424018c, 0xba208221, 
    0x07820182, 0x21822123, 0x26018240, 0x20dc202e, 0x88d821ba, 0x88e6203f, 0x85518309, 0x238a244d, 0x8290201a, 0x20f02201, 0x204d82f0, 0x207b82ba, 
    0x310d83ba, 0xfa200421, 0x12219620, 0x9c202021, 0x5221a220, 0x0183a820, 0x88462221, 0x20cc2241, 0x232b82cc, 0x204021c0, 0x03846f82, 0x7182ba20, 
    0x20217582, 0x249584c0, 0x4e0200cc, 0x28d783ec, 0xb0537650, 0x3d003f00, 0x21008e00, 0x1087bbff, 0x0080ff22, 0xff21009c, 0x251e91de, 0x0000e9ff, 
    0x178f98ff, 0xff69ff23, 0x89138dd2, 0x89178965, 0x8cff2137, 0x09ab1589, 0x8f75ff21, 0xa3ff212d, 0x0f8f118f, 0x8fb0ff21, 0x210f9111, 0x1389ceff, 
    0x8946ff21, 0x2109890b, 0x0b8906ff, 0xff200985, 0xff210684, 0x980684e2, 0x13074104, 0x18942c98, 0x8fafff21, 0x8f53c116, 0x220f9e51, 0x9e1e005d, 
    0x411e9621, 0x3895219d, 0xa1119942, 0xa6ff21f3, 0xff234b87, 0x8758ff8c, 0x2307830b, 0xccff4cff, 0x038b0783, 0xff98ff23, 0x830f8b4f, 0xc9ff210b, 
    0x00210583, 0x0dcb4200, 0xffbbff23, 0x971785e3, 0x09614205, 0x823bff21, 0x8826973d, 0x11c54217, 0x77421a83, 0x83438307, 0x0000210f, 0x0f850989, 
    0x91820587, 0x00009824, 0x0382bbff, 0x1382ba20, 0x03821e20, 0x2fff002a, 0xf5fe5eff, 0x5eff0000, 0x69200d84, 0x820d4141, 0x202d8331, 0x0745419c, 
    0x846fff21, 0x83242025, 0x00002305, 0x078674ff, 0xd8ff4624, 0x0b83f6ff, 0x8352ff21, 0x20038a05, 0x870b8928, 0xa6ff22ed, 0x427d82ff, 0x9d41059d, 
    0x38ff2115, 0x09873589, 0xa382ff20, 0x00200b87, 0x0d89c384, 0xff210983, 0x890583c3, 0x235f8503, 0x80ff0000, 0x21053344, 0x01828cff, 0xe8fe3523, 
    0x8b008800, 0xa3ff21e9, 0x83093541, 0x75ff23c3, 0x2888e9ff, 0xff21088e, 0x205b86d5, 0x8318831d, 0x0d33410b, 0xfd44fe20, 0xff582213, 0x852d835e, 
    0x0ffb4303, 0x23853f8d, 0xff2505c7, 0x003bff52, 0x44618700, 0x03410fd3, 0x1ed5450c, 0x009a0020, 0x20157142, 0x062742ff, 0xff213883, 0xa30583ba, 
    0xceff2103, 0xa30b5545, 0x42239131, 0x49820557, 0xe185e220, 0x42e9ff21, 0x37851333, 0x8208db42, 0x20258223, 0x461586c4, 0x602011ab, 0x05991985, 
    0xfee9ff23, 0x0be741e9, 0xd544298f, 0xa1478f37, 0x19bd420f, 0x21883ba1, 0x09883a20, 0xcf4308a8, 0xca3ea815, 0x0f634328, 0x83425a83, 0xcd2d8329, 
    0x217bc903, 0x998969ff, 0x466b6f41, 0x8b4905dd, 0x14c1480a, 0x214591d5, 0x094d415b, 0xff470991, 0x43f38505, 0xff2137bd, 0x495788ec, 0xff21080d, 
    0xaa1388d8, 0x13d34208, 0x2a863eaa, 0x86eaff21, 0xb506a408, 0x13014c73, 0x24886ea4, 0x4c49f141, 0x91412533, 0xb0ae8835, 0x35574108, 0x309a66b0, 
    0x410fa943, 0xff211b01, 0x491d87b0, 0x5e9a0d87, 0x73f31aca, 0xff21be89, 0x9d0b89f3, 0x1dd34109, 0x9d0f6f41, 0x4f1da54b, 0x37931151, 0x9f4b7989, 
    0x4e2e9010, 0xa3241235, 0x80ff0000, 0x210f3f49, 0x7b8ff5fe, 0x00200f8f, 0xff210088, 0x09814abb, 0x08a61488, 0x7549ff20, 0x15054d10, 0x26c44ea6, 
    0x4d0be741, 0x5ec40df3, 0x3220448d, 0x0d970e8d, 0x00f5ff23, 0x059d4d00, 0xff212185, 0x870785c6, 0x9bff2105, 0x07b70987, 0x211bd345, 0x5589fcfe, 
    0x897eff21, 0x4b09a10b, 0x7f4409eb, 0xcf47a11b, 0xd3ff2121, 0xb58351a5, 0x4e211948, 0xef20088d, 0x11485583, 0x11314307, 0x8307514f, 0xb303b925, 
    0x05bf4f45, 0xff26739d, 0x0046ff23, 0xdf4efe00, 0x53d58412, 0xe744069b, 0x83452028, 0xb303c535, 0x207986f1, 0x9807866e, 0x41e14306, 0xad504191, 
    0x457c870f, 0x1982117d, 0x00001d22, 0xd54f1794, 0xa1002008, 0x875d2000, 0x0f734222, 0x8728ad41, 0x4307bc40, 0xff211f55, 0x098d5335, 0x1b9b6891, 
    0x118b2d91, 0x4c087f43, 0x298b14b3, 0x97500b9b, 0x15e1443f, 0x83a9ff21, 0x21434473, 0x03c12583, 0xff23678b, 0x4369ffaf, 0x654909cf, 0x52ff2013, 
    0x7bc10ab5, 0x4747418f, 0x0f914205, 0x0f89258f, 0x89efff21, 0x0000210b, 0x4f113141, 0x298b0b19, 0xff270b87, 0xff0000bb, 0x8a23ff00, 0x0ae551f3, 
    0x82e0ff21, 0x8289201d, 0x48462003, 0x05471bad, 0x98ff2105, 0x5410db55, 0xfd4606e9, 0x0663582e, 0x82eeff21, 0x87bf2073, 0x210793a7, 0x2182daff, 
    0x1985ed20, 0x85f0ff21, 0x20058807, 0xb6098816, 0x9cff2108, 0x368638b6, 0x82399943, 0x869220d5, 0x20069e44, 0x8afd86ff, 0x831a2026, 0x207ba50b, 
    0x06d753ff, 0x038f3183, 0x48091555, 0x15410de3, 0xbaff2111, 0x458f2b89, 0x81440fe3, 0x23c74721, 0x7b9ba9b5, 0x9bafff21, 0xc36fb51d, 0xe0ff2135, 
    0x43b545c3, 0xb5eeff21, 0x2135c537, 0x47c5ebff, 0x38010029, 0x000100e6, 0x82750a01, 0x38002205, 0x220582e2, 0x84190b01, 0x84762011, 0x82d62011, 
    0x0a022a05, 0x00350a33, 0x38000002, 0x200382ce, 0x361182d4, 0x06ca0607, 0x07d106d0, 0x0aea08da, 0x00930a7b, 0xfecc0601, 0x820700e9, 0x82b8201d, 
    0x82be2003, 0x82c42003, 0x82ca2003, 0x82d02003, 0x82d62003, 0x82dc2003, 0x042e083f, 0xcf06cb06, 0xbd080000, 0x0500be08, 0x6f0a6b0a, 0xf70a0700, 
    0x0c00f70a, 0xa8380d00, 0xae38ea38, 0xba38b438, 0xde38c038, 0xc638e438, 0x0182cc38, 0xd838d222, 0x052d6d83, 0x05bf05be, 0x08db07c0, 0x08a908a8, 
    0x2e7561ac, 0x7d821520, 0x03829420, 0x03829a20, 0x0382e820, 0x0382a020, 0x0382a620, 0x0382ac20, 0x0000f424, 0x07820039, 0x0382fa20, 0x0386b220, 
    0xe220c193, 0xee20c586, 0x0022c984, 0xcd82e238, 0x03820f20, 0x3c820920, 0x000b5e08, 0x00080096, 0x00c500a1, 0x00c70094, 0x01b900e9, 0x0089010a, 
    0x018c01dc, 0x015c01a3, 0x01ee01a5, 0x01f00174, 0x03be01fa, 0x01dc03da, 0x04ea03c9, 0x05cc0135, 0x02250525, 0x08db0818, 0x081902e1, 0x021109f3, 
    0x09580920, 0x093f0280, 0x02a909a5, 0x05010068, 0x00a3ffe8, 0xff380701, 0x280b8298, 0x00afff72, 0x00740601, 0x22058214, 0x831e006a, 0xe3ff2105, 
    0x84220582, 0x1d82e2ff, 0x1d830720, 0xff720523, 0x20298480, 0x823b84bb, 0x0705222f, 0x200b83ff, 0x20418207, 0x294d8302, 0xbaffb106, 0x93050200, 
    0x5582afff, 0x09825e20, 0x09821f82, 0x09828c20, 0xbbff7222, 0x752c2182, 0x2a060200, 0x30069cff, 0x0300f3ff, 0xbb224f82, 0x1782bf05, 0x3bffc030, 
    0x73060300, 0x7406baff, 0x7906f5ff, 0x0d82f5ff, 0xe2ff9924, 0x03829a06, 0x7f829b20, 0x24050431, 0x2905e3ff, 0xb305f2ff, 0xb405e9fe, 0x8f008cfe, 
    0x00e92e11, 0xff6a0605, 0xff8b063d, 0xff9906b8, 0x263982b0, 0xff9b06b0, 0x820600b0, 0x05bb228b, 0x226382ab, 0x82bbffaf, 0x07752289, 0x200782de, 
    0x24b582e0, 0xff780306, 0x2a8182a3, 0xff8e0575, 0xffcd0500, 0x82d9053b, 0x82e8200f, 0x820720e7, 0x0598242f, 0x8298ffaf, 0x05af2215, 0x20b784e7, 
    0x223782bb, 0x82e00798, 0x820720e7, 0x82ec208b, 0x05ec248b, 0x8280ff2d, 0x82a3203f, 0x828c203f, 0x05462c29, 0x00bbfee8, 0xff070508, 0x82270569, 
    0x82932003, 0x82ab2003, 0xffaf2255, 0x2077823b, 0x203f825e, 0x2a3f823b, 0x0509003b, 0x05afff90, 0x8275ffbe, 0x057522f9, 0x280782c0, 0x0798ffe8, 
    0x0875ffdb, 0x200382a8, 0x220382a9, 0x8275ffac, 0xffbe2225, 0x202182c9, 0x282182c9, 0xffee05c9, 0xfff105f5, 0x202582f5, 0x282582c9, 0xffa908c9, 
    0xffac08c9, 0x202582c9, 0x828382ab, 0x22ad822f, 0x82b00580, 0xffb7214b, 0x8022e183, 0x0782df07, 0x80ffe024, 0x4b82e107, 0x93820c20, 0x93059824, 
    0xd7829cff, 0xac05a924, 0x2d828cff, 0x2d82a920, 0xb7058c24, 0x9b828cff, 0x9b82af20, 0x3182a920, 0x9f828c20, 0x3182a920, 0x0e008c28, 0xa3ffb105, 
    0x0382b205, 0xfd82be20, 0x2a05a141, 0xffe805bb, 0xffdb07a3, 0x82e407bb, 0xffe52207, 0x208982a3, 0x208982bb, 0x228982bb, 0x82eb08bb, 0xffec240f, 
    0x821000a3, 0x82802067, 0x05462267, 0x203982ad, 0x240382ae, 0x0546ffaf, 0x200782c7, 0x20f582e9, 0x220382ea, 0x82d2ffee, 0x05d226cb, 0x06affff2, 
    0x20498291, 0x22838238, 0x8246ffde, 0x0846327b, 0x00bbffa7, 0x008a0131, 0x008b0145, 0x00670245, 0x20b98445, 0x20358210, 0x20038211, 0x20038212, 
    0x20138219, 0x2003821c, 0x2003821d, 0x249f821e, 0x0523ff1f, 0x20078222, 0x20d58223, 0x20078224, 0x20038226, 0x20038228, 0x20038229, 0x2003822a, 
    0x201f822b, 0x2007822c, 0x201f822d, 0x2007822f, 0x20438286, 0x243b8291, 0x055eff93, 0x2007829e, 0x200f82ab, 0x240382af, 0x0575ffeb, 0x200382ec, 
    0x200b82ef, 0x200782f8, 0x302b82fd, 0x064500fe, 0x06c50004, 0x074500e2, 0x07afff1e, 0x2003821f, 0x200b8220, 0x20038221, 0x20038222, 0x20038223, 
    0x83038224, 0x823f20c1, 0x82de2007, 0xe056081f, 0xf40aafff, 0x01004500, 0x78036700, 0x0405ec03, 0x12051105, 0x24051e05, 0x27052605, 0x2a052905, 
    0x63052e05, 0x65056405, 0x69056605, 0x6c056b05, 0x72056e05, 0x86057605, 0x99059305, 0x9b059a05, 0x9e059c05, 0xa505a405, 0xac05ab05, 0xae05ad05, 
    0xb005af05, 0x9b44b705, 0x056d0805, 0x05c705c6, 0x05cf05ce, 0x05d105d0, 0x05d505d2, 0x05d805d7, 0x05dd05dc, 0x05df05de, 0x05e405e2, 0x05e705e5, 
    0x05e905e8, 0x05eb05ea, 0x05ed05ec, 0x05ef05ee, 0x05f205f1, 0x06fe05f8, 0x066a062e, 0x06840677, 0x06890688, 0x06990690, 0x069b069a, 0x06ec06b1, 
    0x070407ed, 0x07160705, 0x071e071d, 0x07db071f, 0x07df07de, 0x08e107e0, 0x050745a7, 0x0a030a2b, 0x0a0f0a0e, 0x000200d4, 0x09018249, 0x000053b6, 
    0x88005f00, 0xa1000b00, 0x3500ad00, 0xc400af00, 0x76014200, 0x58007601, 0x99018d01, 0x9b015900, 0x6600a201, 0xa701a501, 0x2b026e00, 0x71003502, 
    0x66024702, 0x7f027c00, 0x9c008202, 0x86028602, 0x8902a000, 0xa1009102, 0x2a032903, 0x4803aa00, 0xac005603, 0x5b035903, 0x6003bb00, 0xbe007303, 
    0x13041304, 0x3504d200, 0xd3003504, 0xce04ce04, 0xfb04d400, 0xd500fb04, 0xff04fe04, 0x1105d600, 0xd8001205, 0x14051405, 0x1905da00, 0xdb001905, 
    0x0a060a06, 0x0c06dc00, 0xdd000c06, 0x0f060f06, 0x1a06de00, 0xdf001b06, 0x3b063b06, 0x3d06e100, 0xe2003d06, 0x40064006, 0x4b06e300, 0xe4004c06, 
    0xb806b406, 0xe306e600, 0xeb00e306, 0x52075207, 0x5407ec00, 0xed005407, 0x57075707, 0x6207ee00, 0xef006307, 0x8f078f07, 0x9107f100, 0xf2009107, 
    0x95079507, 0xa007f300, 0xf400a107, 0xd107d107, 0xd707f600, 0xf700d907, 0xee07ee07, 0xf107fa00, 0xfb00f407, 0xf907f707, 0x1008ff00, 0x02011508, 
    0x37083708, 0x3a080801, 0x09013d08, 0x42084008, 0x5d080d01, 0x10016408, 0x80087e08, 0x8a081801, 0x1b018a08, 0x8e088e08, 0x96081c01, 0x1d019608, 
    0x98089808, 0xe1081e01, 0x1f01e108, 0xe908e708, 0x04092001, 0x23010409, 0x1b091b09, 0x5f092401, 0x25016009, 0x70096e09, 0x7a092701, 0x2a017a09, 
    0x91099009, 0x95092b01, 0x2d019509, 0x99099809, 0x9b092e01, 0x30019b09, 0xa909a709, 0xad093101, 0x3401af09, 0xd109d109, 0xe1093701, 0x3801e109, 
    0x72333901, 0x3221018f, 0x2111826a, 0x01b233fc, 0x82703221, 0x339c3035, 0x337e3378, 0x338a3384, 0x339033d2, 0x889c3396, 0x33302149, 0x3221018c, 
    0x2f0f8976, 0x88328232, 0x94328e32, 0xa0329a32, 0xac32a632, 0x7c240182, 0x30338232, 0x3182158f, 0xae33a222, 0x34230195, 0x934e3302, 0x14342101, 
    0x33210193, 0x2201bc36, 0x85203460, 0xb2322101, 0x058b0785, 0x33b83225, 0x993c33a8, 0xbe322b01, 0x4233c432, 0xca324233, 0x0783d032, 0x4821038c, 
    0x20019133, 0x22d78254, 0x825a3366, 0x33b422f7, 0x38018272, 0x33d6324e, 0x32c033ba, 0x32e232dc, 0x33c633e8, 0x32ee32cc, 0x33fa32f4, 0x3a158200, 
    0x330633ba, 0x3312330c, 0x33f63318, 0x33f0331e, 0x332433d8, 0x332a33de, 0x82e433ea, 0x823c203f, 0x4148206b, 0x91410adf, 0x07514105, 0x4e334e24, 
    0x17411434, 0x8ad18507, 0x84b182c5, 0x8248203d, 0x33fc26a1, 0x33603354, 0x20518866, 0x200d824e, 0x20a58272, 0x205b8254, 0x201b824e, 0x20478266, 
    0x8313825a, 0x826c2023, 0x346c2e13, 0x3408340e, 0x3472330e, 0x0002001a, 0x2003826a, 0x062d443b, 0xc5003a22, 0x6e0a0182, 0x00c70064, 0x006500d7, 
    0x000901d9, 0x01410176, 0x01a70076, 0x007e017e, 0x01a801dd, 0x01de00c7, 0x00d801d8, 0x01da01fe, 0x01ff00ef, 0x011e02fb, 0x02390215, 0x02390139, 
    0x01660247, 0x0292023a, 0x025a0193, 0x01a70295, 0x02ac025c, 0x026f01af, 0x01b202b1, 0x03f70273, 0x03750128, 0x012a032a, 0x033403a7, 0x03a80134, 
    0x01770374, 0x037903a9, 0x03ad01b4, 0x01d903c7, 0x03dd03e9, 0x03fc01de, 0x01ed03ed, 0x041804fe, 0x04ff0118, 0x02260426, 0x04980400, 0x040102a9, 
    0x02ee04ee, 0x04f40413, 0x041402f4, 0x02fb04fb, 0x05f90515, 0x061602fa, 0x02080608, 0x060c0618, 0x0619020c, 0x02100610, 0x0616061a, 0x061b0216, 
    0x021c061c, 0x0620061c, 0x061d0220, 0x02390639, 0x063d061e, 0x061f023d, 0x02410641, 0x06470620, 0x06210247, 0x024d064d, 0x06510622, 0x06230251, 
    0x02b806b4, 0x06e60624, 0x072902e7, 0x02370737, 0x0750072b, 0x072c0250, 0x02540754, 0x0758072d, 0x072e0258, 0x025e075e, 0x0760072f, 0x07300260, 
    0x02640764, 0x07680731, 0x07320268, 0x028d078d, 0x07910733, 0x07340291, 0x02960796, 0x079c0735, 0x0736029c, 0x029e079e, 0x07a20737, 0x073802a2, 
    0x02a607a6, 0x07e60739, 0x073a02eb, 0x02f407f1, 0x07fa0740, 0x084402fd, 0x020b0805, 0x08160848, 0x084f021e, 0x02270825, 0x082b0858, 0x085b0234, 
    0x023d083a, 0x08430865, 0x08690247, 0x02580852, 0x0865086e, 0x0875026d, 0x02760874, 0x0879087e, 0x08810279, 0x028b0881, 0x08900882, 0x088d0290, 
    0x02960894, 0x089a088e, 0x0891029a, 0x029d089d, 0x08a00892, 0x089302a1, 0x02a608a4, 0x08c60895, 0x089802c6, 0x02ff08ff, 0x09120999, 0x099a0212, 
    0x021b091b, 0x094a099b, 0x099c024a, 0x02720971, 0x0974099d, 0x099f0274, 0x027d097d, 0x099509a0, 0x09a10295, 0x02990998, 0x099e09a2, 0x09a4029f, 
    0x02a209a2, 0x09bd09a6, 0x09a702bf, 0x02c409c4, 0x09c709aa, 0x09ab02c7, 0x02c909c9, 0x09cc09ac, 0x09ad02cc, 0x02ce09ce, 0x09d409ae, 0x09af02d4, 
    0x02d709d7, 0x09d909b0, 0x09b102d9, 0x02dc09dc, 0x09de09b2, 0x0ab302de, 0x02d40ad4, 0x0ae10ab4, 0x00b502e1, 0x82830002, 0x003c2a03, 0x00410000, 
    0x003b0048, 0x08018252, 0x54004326, 0x44005c00, 0xad005f00, 0xaf004d00, 0x9c00c500, 0x0901c700, 0x0f01b300, 0xf6001401, 0x76011801, 0x7e01fc00, 
    0x32080182, 0x0180015b, 0x015c018a, 0x0199018c, 0x019b0167, 0x017501a2, 0x01d801a5, 0x01da017d, 0x01b101f9, 0x011e02fb, 0x022302d1, 0x02f50129, 
    0x0141022b, 0x824302fc, 0x02132e01, 0x02660245, 0x02680214, 0x0236026c, 0x28018271, 0x0273023b, 0x023c0284, 0x08018286, 0x89024e62, 0x4f029302, 
    0xa8029502, 0xac025a02, 0x6e02af02, 0xb202b102, 0xb7027202, 0x7402c502, 0x2803c702, 0x2a038302, 0xe5022a03, 0x39032c03, 0x3c03e602, 0xf4024603, 
    0x56034803, 0x5903ff02, 0x0e035b03, 0x77036003, 0x79031103, 0x2903c503, 0xd903c703, 0xdd037603, 0x8903e003, 0xe903e303, 0xed038d03, 0x5c080182, 
    0x04f30394, 0x04950307, 0x03180417, 0x042204aa, 0x04ac0322, 0x03260426, 0x042a04ad, 0x04ae032a, 0x032c042c, 0x042f04af, 0x04b0032f, 0x03320432, 
    0x043504b1, 0x04b20335, 0x03500437, 0x045704b3, 0x04cd0357, 0x037a0463, 0x049804ce, 0x04e603a9, 0x03c404ad, 0x04d604f8, 0x041004df, 0x220182e4, 
    0x82ee041a, 0x041b2201, 0x220182f1, 0x82f4041c, 0x041d2201, 0x090182fb, 0xfe041ea8, 0x1f04ff04, 0x0d050d05, 0x0f052104, 0x22041005, 0x14051405, 
    0x1b052404, 0x25041d05, 0xfa05f905, 0x08062804, 0x2a042106, 0x41063906, 0x43064404, 0x4d045206, 0xe706e406, 0x37075d04, 0x61043707, 0x51075007, 
    0x53076204, 0x64045807, 0x5e075a07, 0x60076a04, 0x6f046907, 0x8e078d07, 0x90077904, 0x7b049607, 0x9c079807, 0x9e078204, 0x8704a707, 0xd907cb07, 
    0xe6079104, 0xa004ed07, 0x0b08ef07, 0x0d08a804, 0xc5044708, 0x8c084a08, 0x8f080005, 0x43059108, 0x96089408, 0x9a084605, 0x49059a08, 0x9d089d08, 
    0xa0084a05, 0x4b05a108, 0xa608a408, 0xc6084d05, 0x5005c608, 0xe908db08, 0xf5085105, 0x6005f508, 0xf808f708, 0xff086105, 0x63050209, 0x04090409, 
    0x12096705, 0x68051209, 0x1b091b09, 0x24096905, 0x6a052409, 0x32093209, 0x36096b05, 0x6c053609, 0x4c094a09, 0x60096d05, 0x70056009, 0x62096209, 
    0x70097105, 0x72057209, 0x74097409, 0x76097505, 0x76057609, 0x78097809, 0x7b097705, 0x78057b09, 0x7f097d09, 0x91097905, 0x7c059109, 0x95099509, 
    0x98097d05, 0x7e059909, 0x9f099e09, 0xa2098005, 0x8205a309, 0xaf09ac09, 0xb4098405, 0x8805b409, 0xb809b809, 0xba098905, 0x8a05ba09, 0xc009bd09, 
    0xc4098b05, 0x8f05c409, 0xc809c809, 0xcd099005, 0x9105cd09, 0xd009d009, 0xd2099205, 0x9305d409, 0xd809d809, 0xdd099605, 0x9705dd09, 0xe309e009, 
    0xd40a9805, 0x9c05d40a, 0xe10ae10a, 0x02009d05, 0x03829400, 0x005c4008, 0x005f0000, 0x005b00ad, 0x001601af, 0x011801aa, 0x0112017e, 0x018a0180, 
    0x018c0179, 0x01840199, 0x01a2019b, 0x01a50192, 0x019a01d8, 0x01f901da, 0x02fb01ce, 0x02ee0129, 0x0241022b, 0x8243021d, 0x02343401, 0x026c0245, 
    0x026e0235, 0x025d0271, 0x02840273, 0x82860261, 0x73200801, 0xa8028902, 0xac027402, 0x9402af02, 0xb202b102, 0xb7029802, 0x9a02c502, 0x2803c702, 
    0x2a03a902, 0x32080182, 0x032c030b, 0x030c0339, 0x0346033c, 0x0348031a, 0x03250356, 0x035b0359, 0x03600334, 0x03370377, 0x03c50379, 0x03c7034f, 
    0x039c03e0, 0x03e903e3, 0x82eb03b6, 0x03bd2201, 0x080182ed, 0xf303be7c, 0xbf030704, 0x0b040904, 0x0e04d403, 0xd7030f04, 0x14041104, 0x1704d903, 
    0xdd031804, 0x1a041a04, 0x1e04df03, 0xe0032204, 0x26042604, 0x2a04e503, 0xe6032a04, 0x2d042c04, 0x2f04e703, 0xe9032f04, 0x35043204, 0x3704ea03, 
    0xee035004, 0x55045404, 0x57040804, 0x0a045804, 0x61045a04, 0x63040c04, 0x14047a04, 0x8d047c04, 0x91042c04, 0x3e049404, 0xa9049804, 0xad044204, 
    0x2d82c404, 0xca04c82c, 0xcc046c04, 0x6f04d104, 0x0182d304, 0xd5047528, 0x7604df04, 0x0182e104, 0xe4048122, 0x82280182, 0xeb04e704, 0xee048304, 
    0x88220182, 0x0182f104, 0xf3048928, 0x8a04f404, 0x0182f604, 0xf8048c22, 0xf6090182, 0x04fb048d, 0x058e04ff, 0x040d050d, 0x050f0593, 0x05940412, 
    0x04140514, 0x051b0598, 0x0599041e, 0x04220520, 0x052a059d, 0x05a0042a, 0x042c052c, 0x053005a1, 0x05a20430, 0x04330532, 0x053a05a3, 0x05a5043a, 
    0x043c053c, 0x05f905a6, 0x06a704fa, 0x04230608, 0x062606a9, 0x06c50428, 0x04410639, 0x064306c8, 0x06d10454, 0x04590657, 0x066b06e3, 0x06e6046c, 
    0x0471066f, 0x068406e8, 0x06eb0485, 0x048a0688, 0x069e06ed, 0x06f0049e, 0x04a006a0, 0x06a306f1, 0x06f204a3, 0x04a606a5, 0x06ac06f3, 0x06f504ac, 
    0x04b006b0, 0x06be06f6, 0x06f704be, 0x04e706e3, 0x073707f8, 0x07fd0437, 0x046a0750, 0x076c07fe, 0x0719056d, 0x05740774, 0x0776071b, 0x071c0576, 
    0x05a8078d, 0x07aa071d, 0x073905ab, 0x05b207b2, 0x07b4073b, 0x073c05b4, 0x05d907cb, 0x08e6073d, 0x084c0547, 0x05a6084a, 0x08b908ae, 0x080b06ba, 
    0x06c708c5, 0x08db080d, 0x081006e9, 0x06f508f5, 0x08f7081f, 0x082006f8, 0x06fd08fb, 0x09010922, 0x09250601, 0x06040904, 0x09120926, 0x09270612, 
    0x061b091b, 0x091d0928, 0x0929061e, 0x06200920, 0x0924092b, 0x092c0624, 0x06320932, 0x0936092d, 0x092e0636, 0x064d094a, 0x0958092f, 0x0933065c, 
    0x0662095e, 0x096c0938, 0x093d066c, 0x0672096e, 0x0974093e, 0x0943067f, 0x06860981, 0x098f094f, 0x09550692, 0x06a30995, 0x09a70959, 0x096806a9, 
    0x06af09ac, 0x09b4096b, 0x096f06b4, 0x06c009b8, 0x09c40970, 0x097906c4, 0x06c809c8, 0x09cd097a, 0x097b06cd, 0x06d409d0, 0x09d8097c, 0x098106d8, 
    0x06dd09dd, 0x09e00982, 0x0a8306e3, 0x06d40ad4, 0x0ae10a87, 0x0b8806e1, 0x06040b03, 0x0b0d0b89, 0x0b8b060d, 0x06110b11, 0x0b480b8c, 0x028d064c, 
    0xbf922ab6, 0x342b2f01, 0xa028342b, 0xac28a628, 0xb828b228, 0x4f87b828, 0x85342b21, 0x211f9109, 0x01b33a2b, 0x2bbe2833, 0x2be8283a, 0x28c42816, 
    0x28d028ca, 0x28dc28d6, 0x860f82e2, 0xf22a214b, 0x28210183, 0x970785ee, 0x18293305, 0xf428f22a, 0x0029fa28, 0x0c290629, 0x1229a42a, 0x2b831229, 
    0x83102b21, 0x21098219, 0x01a02ab0, 0x291e292f, 0x292a2924, 0x29362930, 0x2b222b3c, 0x23318322, 0x48294229, 0xaa213984, 0x3301c82a, 0x4e297829, 
    0x5a295429, 0x66296029, 0x72296c29, 0x7829aa2a, 0x29215d89, 0x210b827e, 0x01bc2a98, 0x962e2b21, 0x2b1c2a01, 0x2984292e, 0x2990298a, 0x22218396, 
    0x822b9c29, 0xbc2a2111, 0x292101bd, 0x213f88a2, 0x01bb2a9e, 0x0a2bd422, 0x292701ad, 0x2aae29a8, 0xe1e02ab6, 0x6a282101, 0xa421e382, 0x2101842a, 
    0x0785b429, 0xe62505b0, 0xba29e62a, 0xb505822a, 0x282b2103, 0x292b01a1, 0x29282bc0, 0x2acc29c6, 0xa4c82aaa, 0xda280865, 0xce2ad229, 0xde29d829, 
    0xea29e429, 0xf629f029, 0x022afc29, 0x0e2a082a, 0x1a2a142a, 0x262a202a, 0x2c2a042b, 0x382a322a, 0x92200182, 0x3e3a5582, 0x4a2a442a, 0x502a8c2a, 
    0x5c2a562a, 0x682a622a, 0x742a6e2a, 0x802a7a2a, 0x1582862a, 0x440a7344, 0xb1430709, 0x0d3f4308, 0x4210df42, 0xa54305b1, 0x0b934208, 0x42065342, 
    0xef41091b, 0x41a4200e, 0x27410f89, 0x410a2006, 0x2b211101, 0x228f823a, 0x82c82aaa, 0x82d42067, 0x8ada2045, 0x82b62021, 0x2abc2419, 0x83c22ad4, 
    0x220b8289, 0x82ce2ac8, 0x2225830d, 0x82da2ae0, 0x82e6202b, 0x82f2202b, 0x82ec2017, 0x2af82603, 0x280a2bfe, 0x2891820a, 0x2b042b40, 0x2a9e050a, 
    0x2101bfb8, 0x0182a225, 0x8227d82a, 0xe425de25, 0x6e266e26, 0x25214f87, 0x930985a2, 0x6229211f, 0x25210187, 0x270983ea, 0xca2af025, 0xca2af625, 
    0x23230189, 0xb308230e, 0xfc253501, 0xa8220823, 0x8a228422, 0x96229022, 0x9c22de22, 0xa822a222, 0x2a214987, 0x220184b2, 0xa6da29ee, 0x29682101, 
    0x2621018c, 0x2e0f8902, 0x14260e26, 0xe4221a26, 0x3e292026, 0x8326a825, 0x26082400, 0x8f68290e, 0x68292115, 0xb2227384, 0x07852c26, 0x29250595, 
    0x26b22af8, 0x2e038262, 0x26382632, 0x2644263e, 0x2650264a, 0x83562656, 0x5c26212d, 0x2a231983, 0xa1ce29b2, 0x68262f01, 0x74266e26, 0xae257a26, 
    0x8026d228, 0x31838026, 0x261c2a23, 0x21398486, 0x018a29e0, 0x8fc42a21, 0x8c262101, 0xd0211182, 0x21018d2a, 0x01a62a22, 0xc9c82921, 0xb0263301, 
    0x98269226, 0xa4269e26, 0xb4258e27, 0xc829aa26, 0x5d89b026, 0x82ae2221, 0x29e6210b, 0x2a230192, 0x95ec2958, 0x0e232301, 0x0193522a, 0xbd6e2921, 
    0x05e34201, 0x8b742921, 0xbe2a2101, 0x5821018a, 0x2b01942a, 0x582ad426, 0xbc26b626, 0xc826c226, 0x26212183, 0x211183ce, 0x01917a29, 0xbd282a21, 
    0xda262101, 0x29213f85, 0x21018380, 0x0785ba25, 0x93202321, 0x86292101, 0x2a210183, 0x90078528, 0x298c2105, 0x2a2f01ba, 0x29922982, 0x2ae026c2, 
    0x29c229a0, 0x912e2a92, 0xe6262501, 0xfe29e626, 0x21210189, 0x870b8958, 0x2c232109, 0x29230197, 0x8b982998, 0xec26211b, 0x262d0d85, 0x29f826f2, 
    0x29e82ad4, 0x29fe26f2, 0x250187f2, 0x1c270427, 0x0199e82a, 0x27f8292b, 0x2710270a, 0x291c2716, 0x2b018df8, 0x2227e82a, 0xf42af42a, 0x28272827, 
    0x2a210783, 0x82a58bf4, 0x85c18add, 0x2e272119, 0xcf136b41, 0xb4222313, 0x01899e29, 0x27342727, 0x2a282a34, 0x25018304, 0x3a273a27, 0x0b852c23, 
    0x2723058b, 0x990a2ab2, 0x40272b01, 0x102a4627, 0x4c27102a, 0x07835227, 0x1621038c, 0x2101902a, 0x0185a429, 0x85582721, 0x2505af07, 0xa62aa62a, 
    0x0583ba22, 0x292503b5, 0x295e27aa, 0x250182aa, 0x27b029b0, 0x05822964, 0x2a210387, 0x2101858e, 0x01a1b629, 0x296a2727, 0x291a23b6, 0x25018fbc, 
    0xc8297027, 0x01827627, 0x8827822c, 0x94278e27, 0x14299a27, 0x0182a027, 0x8e277c21, 0xc8292311, 0x2b825e2a, 0x702ac42e, 0xa6276a2a, 0x642aac27, 
    0x9a2a522a, 0x272301b1, 0xaea02ab2, 0x41a62001, 0xac212239, 0x2101ac2a, 0x0183b827, 0x824c2a21, 0x2a462101, 0x26080187, 0x27882a8e, 0x2ac427be, 
    0x22ec297c, 0x25b82ac0, 0x2ada29c0, 0x29ca2752, 0x27622962, 0x27d627d0, 0x22e227dc, 0x82e827c6, 0xee300803, 0x1228f427, 0xfa272428, 0x06280028, 
    0x12280c28, 0x1828cc22, 0x24281e28, 0x30282a28, 0x3c283628, 0x48284228, 0x54284e28, 0x60285a28, 0x6628d222, 0x6c340382, 0x8a287228, 0x78289c28, 
    0x84287e28, 0xd8228a28, 0x96289028, 0x3a080f82, 0x28a828a2, 0x28b428ae, 0x28c028ba, 0x28cc28c6, 0x2ae029d2, 0x28c829b8, 0x25fc28d8, 0x23de22c6, 
    0x28cc2502, 0x29fc22de, 0x28022956, 0x29e422e4, 0x28fc2250, 0x29f028ea, 0x82f62826, 0x29fc2809, 0x29082902, 0x820e293e, 0x29142e21, 0x29ea221a, 
    0x29262920, 0x29f6222c, 0x2439822c, 0x29f022d2, 0x200b8232, 0x23218238, 0x224a2944, 0x23233182, 0x82502902, 0x295c224b, 0x380182da, 0x2ac42ae0, 
    0x29e62922, 0x2af229ec, 0x29f829e8, 0x2a042afe, 0x2a102a0a, 0x0b3d4916, 0x2a23ff83, 0x48ca2aca, 0x3982096d, 0x82296821, 0x482a2001, 0xb2200577, 
    0xc420b182, 0xd0244982, 0x222ad02a, 0x31474f82, 0x05cf460d, 0x2306bf46, 0x522a522a, 0x82119946, 0x297421ef, 0x2a210182, 0x210182be, 0x01822a58, 
    0x827a2921, 0x29da2101, 0x46061948, 0x29270b29, 0x23802980, 0x82862920, 0x07b54501, 0x2e2a9222, 0x45059144, 0x23230519, 0x8398292c, 0xe82a21cf, 
    0xf4200182, 0x4405c744, 0x29210d95, 0x062f449e, 0x20092744, 0x20f58210, 0x12db4310, 0x6d43aa20, 0x8e2a2305, 0x65438e2a, 0x29bc2206, 0x206182bc, 
    0x053d45c2, 0x42062f44, 0x233510a1, 0x2ab22a08, 0x29222a64, 0x2a6a2ac8, 0x2ace2970, 0x2a202382, 0x09c74288, 0x41d42921, 0x23251d7f, 0x2a0e230e, 
    0x3643821c, 0x2ac42ac4, 0x2a522a22, 0x2a822a28, 0x2a342a2e, 0x2a402a3a, 0x824c2a46, 0x82be2011, 0x2a582203, 0x20238258, 0x8269825e, 0xbe2a2365, 
    0x6582762a, 0x29827c20, 0x6f846d82, 0xca2a8e2e, 0x14231a23, 0x942a1a23, 0xa02a9a2a, 0xa9831382, 0x3382ac20, 0x2d82b820, 0x2ac42608, 0x2ad02aca, 
    0x2adc2ad6, 0x23e82ae2, 0x2aee2a26, 0x23fa2af4, 0x2d92062c, 0x22822c42, 0x1fa029f2, 0x2da029c2, 0x21018342, 0x0983ec1f, 0x1f250d85, 0x1fc81fc2, 
    0x221786ce, 0x83da1fd4, 0x262b8209, 0x1fda1fda, 0x86e61fe0, 0x1ff22e23, 0x25f81ff2, 0x20fe1fec, 0x21782104, 0x201f8278, 0x264784ec, 0x29422df2, 
    0x82822ca0, 0x831f8c1d, 0x16202d1b, 0x10200a20, 0xac291620, 0xac291c20, 0x20210183, 0x21058322, 0x0183542d, 0x20ee292d, 0x2028202e, 0x2dee292e, 
    0x82342054, 0x205a2811, 0x2040203a, 0x855a2d46, 0xda2b2701, 0xbe29c429, 0x03825820, 0x4c20a622, 0x52200582, 0x20210f85, 0x2007825e, 0x200386c4, 
    0x250783be, 0x6a206420, 0x11847020, 0x2b350f82, 0x20c42938, 0x207620a0, 0x2082207c, 0x208e2088, 0x209a2094, 0x2c3b84a0, 0x2bbe29a6, 0x20e02be0, 
    0x2bb220ac, 0x210183a4, 0x0182be20, 0xa42bb822, 0xc4220582, 0x1393ca20, 0x29d62925, 0x82d020d6, 0x20078301, 0x200b82dc, 0x851183e2, 0xee203503, 
    0xfa20f420, 0x0021c828, 0x1c29f228, 0x06210621, 0xee20e820, 0x158e2382, 0x2dd62927, 0x210c214e, 0x20058254, 0x2a038212, 0x21d2214e, 0x2918214e, 
    0x824e21dc, 0x821e200d, 0x21d2230b, 0x0b822d24, 0x2db41535, 0x21502b4e, 0x2b2a2154, 0x213021e0, 0x213c2136, 0x82482142, 0x294e2601, 0x2be826dc, 
    0x262d8250, 0x21482a54, 0x83482aae, 0x9c212301, 0x03826621, 0xa2215a24, 0x15829c21, 0x0f846020, 0x19846c20, 0x7821722c, 0x84217e21, 0x90218a21, 
    0x01829621, 0xa2219c26, 0xa8213426, 0xae242582, 0xb421ba21, 0xba2a0382, 0xaa2bba21, 0xc021aa2b, 0x0784c621, 0x2e26cc24, 0x5f82aa2b, 0x8783d220, 
    0x294e2d23, 0x210785dc, 0x0782d821, 0xde216026, 0x602de421, 0x2b250187, 0x21ea21b0, 0x260582f0, 0x21f621f6, 0x87b02bfc, 0x14222301, 0x01820e22, 
    0x08220222, 0x14200582, 0x29271583, 0x226822f4, 0x82f42938, 0x22ee2801, 0x22ee293e, 0x83ee291a, 0x2417820b, 0x223e221a, 0x220b8220, 0x842622f4, 
    0x8423831f, 0x2c222303, 0x31893222, 0x3f822982, 0xf4303b82, 0x44226222, 0x50224a22, 0xf8255622, 0x5c220429, 0x62201982, 0x68200382, 0x68284384, 
    0x3a2c6e22, 0x7a227422, 0x80200582, 0x86260382, 0xb62bf429, 0x03829222, 0x92228c2c, 0x9e229822, 0x062ab62b, 0x0f82b62b, 0xbc2ba426, 0xb022aa22, 
    0x03830582, 0xbc2bb622, 0x22200183, 0x22270782, 0x2c522cbc, 0x82c22252, 0x83c82003, 0x27038709, 0x1e2a1e2a, 0xe022e622, 0xce260382, 0xd422ec22, 
    0x1183e622, 0x07851383, 0xe0220982, 0x0b87da22, 0x2d830785, 0xec201782, 0x2d290d83, 0x2df22242, 0x222a2a42, 0x2e0182f8, 0x230423fe, 0x2d2a2a0a, 
    0x23102348, 0x83482d16, 0x582c2f01, 0x4c231c23, 0x52232e23, 0x4c232223, 0x0f82582c, 0x05842820, 0x13825e20, 0x3a233426, 0x46234023, 0x52321f82, 
    0x5e235823, 0xda2b582c, 0x6a236423, 0x70237023, 0x0187da2b, 0x23122d27, 0x234e2a8e, 0x25038388, 0x7c237623, 0x09824e2a, 0x03828220, 0x122d8822, 
    0x23211b83, 0x200582b2, 0x210b8394, 0x09824e2a, 0xa0239a22, 0x03870b83, 0x23a62325, 0x82122dac, 0x2db22a2d, 0x24b8238a, 0x2a8a2d90, 0x23018360, 
    0xc423be23, 0x2d210783, 0x25018536, 0x962ac624, 0x0382ae24, 0x0f83c620, 0x836c2a21, 0x84378201, 0xca232107, 0x05870f85, 0x23182d2d, 0x2a182df4, 
    0x2a962a72, 0x82d02372, 0x85d62003, 0xdc23230d, 0x0187182d, 0x83722a21, 0xe2232509, 0xee23e823, 0x0f830983, 0xf42c2982, 0xd02c722a, 0xfa230c24, 
    0x00240624, 0x12200382, 0x0c260382, 0x18241224, 0x01833216, 0x2ca02c33, 0x169c24a0, 0x25a02c32, 0x16e82c50, 0x2d1a161a, 0x83018578, 0x1e24251d, 
    0x6024782d, 0x24240182, 0x2a24782d, 0x24271785, 0x24962d48, 0x82762630, 0x84362005, 0x26482a0b, 0x263c247c, 0x2682267c, 0x8413827c, 0x4224210d, 
    0x2d2f0983, 0x24261696, 0x24762648, 0x244e2448, 0x845a2454, 0x8496203f, 0x836c2051, 0x6624230b, 0x13842616, 0x19827186, 0x2d231784, 0x838a2a78, 
    0xb4152917, 0x78247224, 0x7e242016, 0x84220982, 0x0183b415, 0x83e42a21, 0x782d2105, 0x8a233982, 0x83248a2d, 0x24902801, 0x168a2d96, 0x855c2532, 
    0x321625d1, 0x5025302d, 0xd985d183, 0x24351585, 0x2c362da2, 0x2dc024ee, 0x2a362d36, 0x2ac62496, 0x2a642696, 0x270b8396, 0x6426362d, 0xa824c624, 
    0x24211983, 0x059b41ae, 0x2208a341, 0x89ba24b4, 0x362d2131, 0x24213f83, 0x89238dc6, 0x225f820d, 0x84de24cc, 0x24d22201, 0x260782d8, 0x2de424e4, 
    0x83c22b12, 0x7e2d3b01, 0xea247e2d, 0xc22bf624, 0xf624f024, 0x0225fc24, 0xa82ac22b, 0x0825c22b, 0x0183c82b, 0x250e2525, 0x84c82b14, 0x861a2003, 
    0x2b078211, 0x26252025, 0xce2bce2b, 0x2c252c16, 0x2b230783, 0x863225ce, 0x2b382207, 0x210187d4, 0x09853e25, 0x16442535, 0x25ba1532, 0x2532165c, 
    0x25a02c4a, 0x2ca02c50, 0x85a02ce8, 0x820787ff, 0x2550221b, 0x87138556, 0x41298305, 0x2521073f, 0x823b8350, 0x23378239, 0xba155025, 0x4385298b, 
    0x85055b41, 0x5625232f, 0x2185e82c, 0x2f057d41, 0x6225d22a, 0xd22a9e25, 0x6825c02a, 0x74256e25, 0x7a2e0182, 0xc02a8025, 0x062dc02a, 0x8c258625, 
    0x2182062d, 0x1f82b020, 0x9225d228, 0xaa25a425, 0x0f829825, 0x0f84a420, 0x11843582, 0x25271d82, 0x25bc25b6, 0x823426c2, 0x2ade2117, 0x25270184, 
    0x25ce25c8, 0x83d425d4, 0x2e2c270d, 0xf429da25, 0x0182e025, 0xf225ec31, 0xfe25f825, 0x0a260426, 0x10261026, 0x8e25e625, 0xf4293511, 0x1c261626, 
    0x2e2c2226, 0x28264026, 0x4c2c2826, 0x642c2e26, 0x34201582, 0x21059b47, 0x17823a26, 0x4c264630, 0x2e2c5226, 0x5826542d, 0x5e26ee26, 0xdf41522c, 
    0x23178d17, 0x6426962a, 0x2a29118a, 0x6a262a2d, 0x70267026, 0x8a09822d, 0x2d302103, 0x962101ad, 0x2101822d, 0x05837626, 0x2623038d, 0x8582267c, 
    0x88262111, 0x16230185, 0x41321632, 0x8b410da1, 0x32162305, 0x9741a02c, 0x3c2d2107, 0x2c2101ad, 0x2501839a, 0x8e268e26, 0x4783b22c, 0x82942621, 
    0x269a2201, 0x210183a0, 0x0182222c, 0x872c1c21, 0x2db82401, 0x83ca2c06, 0xa6262101, 0x2e080182, 0x26b226ac, 0x2cbe26b8, 0x2cc4269a, 0x26fe2bbe, 
    0x26bc2bca, 0x26422dd0, 0x2da42bd6, 0x2c542d54, 0x29dc2652, 0x2bac29ac, 0x26e226da, 0x824c2ce2, 0x82ee2007, 0x26e82213, 0x3a0582e8, 0x26f426ee, 
    0x270027fa, 0x270c2706, 0x27182712, 0x2724271e, 0x2730272a, 0x823c2736, 0x27422e01, 0x2748276c, 0x2754274e, 0x2760275a, 0x2a0d8266, 0x27782772, 
    0x2784277e, 0x8290278a, 0x27963801, 0x27a2279c, 0x27ae27a8, 0x27ba27b4, 0x27c627c0, 0x27d227cc, 0x82de27d8, 0x28e43c01, 0x27ea270e, 0x27f627f0, 
    0x280228fc, 0x280e2808, 0x281a2814, 0x28262820, 0x8232282c, 0x28382601, 0x2844283e, 0x2601824a, 0x28562850, 0x8262285c, 0x287a2801, 0x28682880, 
    0x8274286e, 0x080b8307, 0x86288038, 0x92288c28, 0xaa2b9828, 0xf429422d, 0xe0289e28, 0xda28a428, 0x7029aa28, 0xb628b028, 0x7c296a29, 0xe628bc28, 
    0xc828c228, 0x6a297629, 0xd428ce28, 0xda289429, 0x0b822229, 0x1782e020, 0xf228ec26, 0x2829fe28, 0xf8200d82, 0x04200782, 0x0a282f82, 0x10295e29, 
    0x1c291629, 0x282e2382, 0x2e298829, 0x70293429, 0x40293a29, 0x0d824629, 0x52294c24, 0x21825829, 0x0b826420, 0x17826a20, 0x7c297626, 0x82299429, 
    0x8e200d82, 0x9a220782, 0x0182a42b, 0x4e2daa28, 0xb62bb02b, 0x2745bc2b, 0x32163105, 0xc82bc22b, 0xd42bce2b, 0xa029a029, 0x422d262b, 0x29370383, 
    0x29ac29a6, 0x2db829b2, 0x2abe295a, 0x29f02af0, 0x2aca29c4, 0x82d02942, 0x2ad62401, 0x834e2df6, 0x30d38203, 0x29dc294e, 0x29602de2, 0x29b02be8, 
    0x29142bee, 0x210383f4, 0x0182f429, 0x002afa2a, 0x062ab62b, 0x0c2abc2b, 0x2a250383, 0x2a522c12, 0x0d994718, 0x2d1e2a25, 0x82242a42, 0x2a2a2201, 
    0x2e018230, 0x2c362a36, 0x2b3c2a58, 0x2b422ada, 0x83482a32, 0x4e2a2103, 0x54230182, 0x832a122d, 0x5a200803, 0x4a2b602a, 0x6c2a662a, 0x782a722a, 
    0x182d782a, 0x6e2b7e2a, 0x842a842a, 0x682b782d, 0x962d682b, 0x78200584, 0x2a2fd583, 0x2d902a8a, 0x166e2b8a, 0x2b962a32, 0x83362d4a, 0x362d2b03, 
    0x9c2a362d, 0xc22ba22a, 0xef82a82a, 0xae2ac823, 0x2303822b, 0xb42ab42a, 0x2982fb82, 0x230dd744, 0xba2ad22a, 0xc0220182, 0x0182c62a, 0xcc2acc22, 
    0xd8220f82, 0x6382de2a, 0x49469e20, 0xea2a2505, 0xd42bea2a, 0x378e6183, 0x2af02808, 0x2bfc2af6, 0x2b082b02, 0x2b142b0e, 0x2b202b1a, 0x2b2c2b26, 
    0x2b382b32, 0x2b442b3e, 0x2b4a2b6e, 0x2b562b50, 0x82622b5c, 0x2b6e24ad, 0x827a2b74, 0x83802053, 0x862b2943, 0x922b8c2b, 0x9e2b982b, 0x211da541, 
    0x0182da2b, 0x2be02608, 0x2bec2be6, 0x2cf82bf2, 0x2c122d52, 0x2cfe2bd0, 0x160a2c04, 0x2c1e2d32, 0x2c162c10, 0x2c222c1c, 0x2c2e2cb8, 0x30038228, 
    0x2c342c2e, 0x2c542d3a, 0x2d402c52, 0x2c462c48, 0x360b844c, 0x2d582c58, 0x2c5e2c4e, 0x2c422d64, 0x2c702c6a, 0x2c7c2c76, 0x82882c82, 0x2c8e2421, 
    0x829a2c94, 0x2ca02a01, 0x2ca62ca0, 0x2db22cac, 0x304b8236, 0x2cc42cbe, 0x2cd02cca, 0x2cdc2cd6, 0x15e82ce2, 0x2c1582ba, 0x2cf42cee, 0x2d002dfa, 
    0x2d0c2d06, 0x24038254, 0x2d1e2d12, 0x28038218, 0x2d362d24, 0x2d302d2a, 0x20018296, 0x27d98336, 0x4e2d3c2d, 0x482d422d, 0xe4090582, 0x2d5a2d54, 
    0x2d662d60, 0x2d722d6c, 0x2d7e2d78, 0x2d8a2d84, 0x15962d90, 0x2d9c2dc0, 0x2da82da2, 0x2db42dae, 0x2dc02dba, 0x000200c6, 0x018a0141, 0x0300008b, 
    0x00780378, 0x03ec0302, 0x040300ec, 0x00ff04fe, 0x05100504, 0x05060012, 0x00150515, 0x05190509, 0x050a0019, 0x0020051c, 0x0522050b, 0x05100023, 
    0x002f0527, 0x05520512, 0x051b0052, 0x006e0563, 0x0578051c, 0x05280078, 0x0080057b, 0x05820529, 0x052f0082, 0x00860584, 0x05900530, 0x05330091, 
    0x00940593, 0x05990535, 0x0537009e, 0x00a005a0, 0x05a4053d, 0x053e00a5, 0x00b205ab, 0x05b70540, 0x054800b7, 0x00c005be, 0x05c20549, 0x054c00c2, 
    0x00c705c5, 0x05c9054d, 0x055000cc, 0x00d905cf, 0x05dc0554, 0x055f00e6, 0x00ef05e9, 0x05f1056a, 0x057100f2, 0x00f805f8, 0x05fd0573, 0x067400fe, 
    0x00260626, 0x06290676, 0x0677002a, 0x002e062d, 0x06310679, 0x067b0031, 0x00370636, 0x0653067c, 0x067e0064, 0x006c0667, 0x066f0690, 0x0696006f, 
    0x00730672, 0x06760697, 0x06990077, 0x007a0679, 0x0680069b, 0x069d0082, 0x00870686, 0x068f06a0, 0x06a2008f, 0x00910691, 0x069906a3, 0x06a4009b, 
    0x00ed06e9, 0x070107a7, 0x07ac0005, 0x00160716, 0x071d07b1, 0x07b20024, 0x003f073f, 0x07db07ba, 0x07bb00e1, 0x00e507e4, 0x08a708c2, 0x08c400ac, 
    0x00b008ae, 0x08eb08ca, 0x09cd00f2, 0x00f209f2, 0x0a030ad5, 0x0ad60004, 0x000f0a0e, 0x0ad40ad8, 0x0ada00d4, 0x00de0ade, 0x0af40adb, 0x00dc00f4, 
    0x01890002, 0x008b018a, 0x03780319, 0x032d0078, 0x00ec03ec, 0x04fe0408, 0x042900fe, 0x00ff04ff, 0x0510050e, 0x052c0010, 0x00120511, 0x0515051b, 
    0x08118215, 0x19051932, 0x1c053300, 0x1a001d05, 0x1e051e05, 0x1f051700, 0x04001f05, 0x20052005, 0x22053c00, 0x15002205, 0x23052305, 0x27051d00, 
    0x34002705, 0x28052805, 0x29221182, 0x29822a05, 0x2b052b28, 0x2c053100, 0x11822c05, 0x2d052d22, 0x2e3a2382, 0x38002e05, 0x2f052f05, 0x63052f00, 
    0x01006605, 0x69056905, 0x6b050300, 0x0b826c05, 0x6e056e22, 0x782e0b82, 0x16007805, 0x7b057b05, 0x7c052200, 0x0b827c05, 0x7d057d22, 0x7e2e0b82, 
    0x10007e05, 0x7f057f05, 0x80051100, 0x0b828005, 0x82058222, 0x84220b82, 0x0b828405, 0x85058522, 0x862e0b82, 0x09008605, 0x90059005, 0x91053b00, 
    0xa7829105, 0x93059328, 0x99050800, 0x59829c05, 0x9d059d28, 0x9e052800, 0x0b829e05, 0xa505a422, 0xab340582, 0x0c00ab05, 0xac05ac05, 0xad050a00, 
    0x0b00ae05, 0xaf05af05, 0xb0221182, 0x1182b005, 0xb205b128, 0xb7050700, 0x0b82b705, 0xc005be2e, 0xc2050600, 0x0500c205, 0xc505c505, 0xc7220582, 
    0x2f82c705, 0xc905c92e, 0xca052000, 0x2100ca05, 0xcb05cb05, 0xcc220b82, 0x0b82cc05, 0xd205cf22, 0xd522d182, 0x6582d505, 0xd805d722, 0xdc220b82, 
    0x0582df05, 0xe205e222, 0xe4221182, 0x0b82e505, 0xea05e92e, 0xeb051400, 0x0f00ec05, 0xed05ed05, 0xee281782, 0x2500ee05, 0xef05ef05, 0xf122c582, 
    0x0b82f105, 0xf205f222, 0xf8222382, 0x2382f805, 0xfd05fd22, 0x3808d182, 0x00fe05fe, 0x06260632, 0x063e0026, 0x002a0629, 0x062d061f, 0x063a002d, 
    0x002e062e, 0x06310637, 0x06300031, 0x00370636, 0x06530623, 0x06020058, 0x00590659, 0x065a061c, 0x220b825b, 0x825c065c, 0x065d220b, 0x2e0b825d, 
    0x005e065e, 0x065f0639, 0x0636005f, 0x82640660, 0x06672211, 0x08058269, 0x6a066a26, 0x6b062b00, 0x18006c06, 0x6f066f06, 0x72063d00, 0x1e007306, 
    0x76067606, 0x77062700, 0x35007706, 0x79067906, 0x7a341d82, 0x2e007a06, 0x82068006, 0x86061200, 0x24008706, 0x8f068f06, 0x91342382, 0x2a009106, 
    0x9b069906, 0xec061300, 0x0100ed06, 0x05070407, 0x16280582, 0x08001607, 0x1d071d07, 0x1e2e0582, 0x09001f07, 0x24072007, 0x3f070400, 0x05823f07, 
    0xdb07db3a, 0xdc070600, 0x0500dd07, 0xde07de07, 0xdf070c00, 0x0a00df07, 0xe007e007, 0xe1220b82, 0x0b82e107, 0xe507e43a, 0xa7080700, 0x0b00a708, 
    0xa908a808, 0xaa080600, 0x0500ab08, 0xac08ac08, 0xae280b82, 0x1600ae08, 0xb008b008, 0xeb221182, 0x2982ec08, 0xed08ed2e, 0xee080d00, 0x2600ee08, 
    0xef08ef08, 0xf0220b82, 0x0b82f008, 0x08f13e08, 0x090d00f2, 0x00f209f2, 0x0a030a05, 0x0a090003, 0x00040a04, 0x0a0e0a04, 0x0a03000f, 0x00d40ad4, 
    0x0ade0a08, 0x0a0e00de, 0x00f40af4, 0x00020004, 0x0246028c, 0x030e0046, 0x00780378, 0x06394331, 0x3343ff20, 0x12240806, 0x1e050600, 0x14001e05, 
    0x1f051f05, 0x20051e00, 0x3b002005, 0x22052205, 0x23052700, 0x16002305, 0x26052605, 0x272e1d82, 0x33002705, 0x28052805, 0x2a052b00, 0x11822a05, 
    0x2b052b22, 0x2c222f82, 0x29822c05, 0x2d052d22, 0x2e3a2982, 0x37002e05, 0x2f052f05, 0x52051d00, 0x01005205, 0x66056305, 0x67050200, 0x0b826805, 
    0x69056928, 0x6a050400, 0x0b826a05, 0x6c056b22, 0x6d221782, 0x39436d05, 0x05043606, 0x00730573, 0x0578052e, 0x05130078, 0x007b057b, 0x057c051c, 
    0x220b827c, 0x827d057d, 0x057f280b, 0x0510007f, 0x43820582, 0x1024062d, 0x86058605, 0x902eb982, 0x3a009005, 0x93059305, 0x94052900, 0x4d829405, 
    0x9d059922, 0x9e286582, 0x2a009e05, 0xa005a005, 0xa4221182, 0x1182a505, 0xab05ab34, 0xac050d00, 0x0b00ac05, 0xae05ad05, 0xaf050c00, 0x1182af05, 
    0xb005b022, 0xb1281182, 0x0a00b205, 0xb705b705, 0xbe2e0b82, 0x0700c005, 0xc505c205, 0xc6050500, 0x4182c605, 0xc705c722, 0xc92e2f82, 0x1a00c905, 
    0xca05ca05, 0xcb051b00, 0x0b82cb05, 0xcc05cc22, 0xcf220b82, 0xcb82d205, 0xd405d322, 0x24063343, 0x05d60504, 0x220b82d6, 0x82d805d7, 0x05d92217, 
    0x063f43d9, 0xe0050224, 0x4543e105, 0x05042406, 0x82e305e3, 0x05e4220b, 0x222382e5, 0x43e705e6, 0x12200651, 0x2a0a5143, 0x05ee0504, 0x052200ee, 
    0x82ef05ef, 0x05f122e9, 0x250b82f1, 0x00f205f2, 0x51430512, 0x1d220809, 0x04060406, 0x22063000, 0x09002306, 0x25062406, 0x26062100, 0x3c002606, 
    0x2a062906, 0x2b061900, 0x17822c06, 0x2d062d2e, 0x2e063900, 0x36002e06, 0x30062f06, 0x532e1182, 0x03005806, 0x5b065a06, 0x5d061800, 0x0b825d06, 
    0x5e065e2e, 0x5f063800, 0x35005f06, 0x64066006, 0x67221182, 0x05826906, 0x066a2008, 0x062f006a, 0x006c066b, 0x066d0615, 0x061f006e, 0x00710670, 
    0x06720628, 0x06170073, 0x82750675, 0x76200817, 0x26007606, 0x77067706, 0x78063400, 0x2c007806, 0x82068006, 0x86061100, 0x20008706, 0x8f068f06, 
    0x91311d82, 0x2d009106, 0xf006ee06, 0xf1060100, 0x0200f206, 0x0f514307, 0x3807062c, 0x32003807, 0xdb07db07, 0x4b430700, 0x070d300a, 0x00df07df, 
    0x07e0070b, 0x070d00e0, 0x82e107e1, 0x07e4300b, 0x080a00e5, 0x00a708a7, 0x08a8080c, 0x430700a9, 0x072c0a4b, 0xae08ae08, 0xaf081300, 0x0100af08, 
    0x22065143, 0x43b208b2, 0x0a300657, 0xed08ed08, 0xee082300, 0x2500ee08, 0xef08ef08, 0xf0220b82, 0x0b82f008, 0xf208f124, 0x57432400, 0x00042808, 
    0x0a0e0a08, 0x4304000f, 0x002f0b51, 0x066efe01, 0x00010094, 0x000000ad, 0x835d0101, 0x9bfe2905, 0x01001a07, 0xe207b2fe, 0xbe201782, 0x00211183, 
    0x21058397, 0x0b8449fd, 0x0584b220, 0x1184b720, 0x05835220, 0x83a9ff21, 0x25012705, 0x01001606, 0x05830503, 0x05830229, 0x020100d3, 0x82f105a5, 
    0x05f72805, 0x010100d2, 0x8203069a, 0x844d200b, 0x842a201d, 0x05262205, 0x201782fa, 0x231d8393, 0x02060003, 0x43201d82, 0x00231783, 0x825e04db, 
    0x83fa2017, 0x45022105, 0x62200584, 0xb9200584, 0x04200584, 0xe1201d84, 0x8e200584, 0x67200584, 0x00210583, 0x230583f0, 0x18052bfe, 0x4620b982, 
    0x01210583, 0x202f84dd, 0x20058444, 0x202984bb, 0x208984cb, 0x200b8455, 0x20178454, 0x230583ba, 0xdd056603, 0xdb207182, 0xe020d784, 0x02210583, 
    0x21058360, 0x0b84d301, 0x05841320, 0x05831c20, 0x84570321, 0x846e2005, 0x845d2005, 0x84642005, 0x83b7201d, 0x1e042105, 0x05214d83, 0x843b844c, 
    0x7f012111, 0x4c200b84, 0x55207184, 0x06210b83, 0x2611847d, 0x00820304, 0x84c90101, 0x836a2005, 0x3d002305, 0x1182d2fe, 0x05830220, 0x83a30021, 
    0x24052905, 0x0100f9ff, 0xf2ffed05, 0xc9200582, 0x06230583, 0x82f5ff3d, 0x8331200b, 0x53032105, 0x05214783, 0x200b8428, 0x20b9844a, 0x210583b8, 
    0x05830402, 0x84bf0121, 0x84542005, 0x84352005, 0x843c2017, 0x84392005, 0x84f42005, 0x84972005, 0x849c2095, 0x8369200b, 0xaf022147, 0xa1844d84, 
    0x84860321, 0x84c120d1, 0x84d82005, 0x84ce2005, 0x84d62029, 0x843d20f5, 0x84f62011, 0x84d2200b, 0x84342017, 0x00282605, 0x010100be, 0x20d784ed, 
    0x200584eb, 0x20d78426, 0x21058324, 0xb384c704, 0x05843a20, 0x05844420, 0x05843120, 0x05842d20, 0x05843620, 0x47844d20, 0x05842220, 0x05843220, 
    0x05830720, 0x84cf0121, 0x8408200b, 0x84aa200b, 0x839d20ef, 0x42062105, 0x59200584, 0x48200584, 0x4f200584, 0xa2204784, 0x22262984, 0x0100d205, 
    0x17845005, 0x05848b20, 0x06211784, 0x200b8491, 0x20c58498, 0x200583a0, 0x20658505, 0x2065845b, 0x20058470, 0x20dd8479, 0x200584b4, 0x200584cb, 
    0x200584ba, 0x201d8414, 0x203b8430, 0x20058471, 0x2041847a, 0x200584b5, 0x200584cc, 0x200584bb, 0x202f84c2, 0x84238482, 0xe10627e9, 0x01008f03, 
    0x0583ea06, 0x84250821, 0x843c2005, 0x842b2005, 0x84322005, 0x849d201d, 0x84a12005, 0x84c02005, 0x21e9843b, 0x5384ef05, 0x0584e520, 0x17843820, 
    0x05832b20, 0x04fb0027, 0x0201005e, 0x41ef8421, 0xf420059d, 0x39221d84, 0x1782a201, 0x1d844120, 0x35842a20, 0x5384d120, 0x28025628, 0x3b030100, 
    0x05829902, 0x3804e422, 0x41220582, 0x05828203, 0x21044a26, 0x57010100, 0x80220b84, 0x1182b504, 0x0b833d20, 0x84420221, 0xfe7a2205, 0x264d82d2, 
    0x0071ff83, 0x84900001, 0x00b9220b, 0x20118205, 0x210b8376, 0x05837b01, 0x83330721, 0x46072365, 0x3b823301, 0x7a03402c, 0xb1040100, 0x0100c802, 
    0x1784ce07, 0x05831720, 0x84530821, 0x034f2ce9, 0x070100cb, 0x00f501cf, 0x839f0501, 0xc5072117, 0x0e200584, 0x05210583, 0x2029848d, 0x2029844a, 
    0x20298446, 0x202984c6, 0x20178396, 0x21dd8404, 0x11833605, 0x01060422, 0x03218382, 0x203584c1, 0x202f83d0, 0x216b8402, 0x1183d401, 0x84ee0321, 
    0x84c62005, 0x84ff201d, 0x83f6203b, 0x9500272f, 0x01005903, 0x1184ea04, 0x28026324, 0x47820100, 0x0100a224, 0x11839a06, 0x83150121, 0x8a062105, 
    0x00200583, 0x03272384, 0x00670305, 0x83f60001, 0x95022111, 0x47204d84, 0x04210583, 0x840b8454, 0x3e02212f, 0xb9201d84, 0x24201184, 0xec207784, 
    0x23840b84, 0x84b30321, 0x211d8411, 0x0b84c003, 0x2f844620, 0x0b848f20, 0x77842f20, 0x1184d920, 0x5984c320, 0x17844320, 0x0584b620, 0x03207784, 
    0x0521bf84, 0x841d8451, 0xfc0021a7, 0x11202f84, 0x1a200584, 0x55202984, 0x6c200584, 0x5b200584, 0x62200584, 0xb5201d84, 0x36200584, 0xd1206584, 
    0x0a201784, 0x13200584, 0x4e204d84, 0x65200584, 0xae201184, 0xca202984, 0x29200584, 0xc4201184, 0xcd200584, 0x0820cb84, 0x1f200584, 0x80201184, 
    0x84200584, 0xfb843b84, 0x84900521, 0x0537441d, 0x0321cb84, 0x202384cc, 0x204d84f5, 0x21058328, 0x8384ce00, 0x002fcb84, 0x0037fe17, 0x00020101, 
    0x01010000, 0x8234fe74, 0x84ea2005, 0x047d2629, 0x0001005e, 0x210b83f9, 0x05843901, 0x0121a784, 0x200b84e9, 0x20538496, 0x2029841e, 0x260b842d, 
    0x005ffe4d, 0x83220101, 0x8401200b, 0x480121e9, 0x07250b84, 0x0100f6fe, 0x20298501, 0x20118435, 0x203584e1, 0x200b84e2, 0x200b84e4, 0x204184b4, 
    0x2005848a, 0x84058461, 0xd30321fb, 0x8d42cb84, 0x84252005, 0x8414200b, 0x846e20e9, 0x84242035, 0x84b22005, 0x84c92047, 0x84e72005, 0x84fd2005, 
    0x83fb2041, 0xd1002105, 0xd5261184, 0x01009902, 0x0584fe01, 0x8203f226, 0x0d020100, 0x01210583, 0x200584f1, 0x2805843b, 0x009b02c1, 0x02bb0001, 
    0x202982a0, 0x201184d8, 0x20298401, 0x200b84b5, 0x230583f4, 0xa602de00, 0xc4203b82, 0x01210583, 0x20178403, 0x200584c7, 0x2005844f, 0x200584f9, 
    0x203584e5, 0x200b8489, 0x200b84d1, 0x200b84b6, 0x220584ca, 0x82d2fe2b, 0x8446205f, 0x832a2005, 0x74002105, 0xfa220584, 0x1782ebfd, 0x0b841120, 
    0x1d843a20, 0x0584ee20, 0x11842d20, 0xf6fd1722, 0xfd201d82, 0x00210583, 0x2017843c, 0x20178400, 0x200b8488, 0x20058432, 0x2005841e, 0x200584c2, 
    0x2005840a, 0x200584ef, 0x20058303, 0x06874204, 0x00c80224, 0x27420501, 0x005d2805, 0x05010000, 0x823c0032, 0x84492005, 0x8439200b, 0x843f2005, 
    0x84562005, 0x843c2005, 0x84322005, 0x831b2005, 0xbe042105, 0x03210583, 0x201184e3, 0x20058435, 0x2005842e, 0x2005842a, 0x204d8429, 0x200b8440, 
    0x2005842c, 0x20058430, 0x20058433, 0x20058437, 0x20058329, 0x21358402, 0x0b849b02, 0x53849d20, 0x0b849420, 0x05842320, 0x05834120, 0x84ee0121, 
    0x8309200b, 0xf3002105, 0x482b0584, 0x01002efe, 0x5ffe5500, 0x42020100, 0x898405b1, 0xb1420220, 0x84fc2005, 0x83c82035, 0x98002105, 0x02210583, 
    0x201184b3, 0x26058467, 0x0034fe72, 0x83a80201, 0x6302210b, 0x48200584, 0x9b840584, 0x84e80121, 0x84db2035, 0x22048211, 0x84000100, 0xc101219b, 
    0x1d203b84, 0x00210583, 0x201d84fe, 0x2005841b, 0x200584a7, 0x251d8410, 0x0047feca, 0x53430101, 0x84442005, 0x84c72011, 0x202f8505, 0x202984b8, 
    0x2005843b, 0x2005845a, 0x200584c6, 0x20058491, 0x2105836b, 0x0b84a005, 0x05847b20, 0x20057143, 0x200b83e6, 0x20238404, 0x05d94701, 0x5384e520, 
    0x8984f820, 0x20052d48, 0x202f8401, 0x201184dc, 0x200b84b6, 0x20058465, 0x2005845d, 0x2005840e, 0x21058317, 0x23843c03, 0xd7204d85, 0x83844784, 
    0x849a0021, 0x84e2200b, 0x84232023, 0x03ab280b, 0x03010067, 0x828a07a6, 0x07a82205, 0x2205829b, 0x827707a2, 0x08dc2205, 0x200584d7, 0x220582d6, 
    0x826e07a5, 0x08d52205, 0x210582aa, 0xfb82079a, 0x058c0327, 0x040100d2, 0x200584aa, 0x200584b0, 0x210583b7, 0x1d830606, 0x83120621, 0xc805214d, 
    0x03211183, 0x214d8363, 0x0b843504, 0x5984ef20, 0x6b84f220, 0x35848620, 0x17841d20, 0x11844e20, 0x1d844b20, 0x5f845720, 0x0b845f20, 0x17846320, 
    0x95846520, 0x65075c22, 0x99207d82, 0x99219584, 0x21958208, 0x41847404, 0x05837d20, 0x84b80521, 0x84cf2005, 0x84be2005, 0x84c52005, 0x84cd2059, 
    0x84342023, 0x075f220b, 0x20418276, 0x208f8457, 0x2011843f, 0x206584e9, 0x206584ec, 0x200584ed, 0x207d84e1, 0x200b84db, 0x201d84d8, 0x203584d8, 
    0x205384ba, 0x204d843a, 0x200584ad, 0x200584ed, 0x20f584f6, 0x201d8448, 0x21058391, 0x0583b602, 0x84f30121, 0x83f02005, 0xf30121b3, 0x01214783, 
    0x20c584f9, 0x20358408, 0x2005844c, 0x20058463, 0x20058452, 0x208f8459, 0x203584ac, 0x827d83f6, 0x21ad8235, 0x4183a102, 0x83a40221, 0xa8022141, 
    0x02211783, 0x214783aa, 0x35840104, 0x77840a20, 0x05844520, 0x05845c20, 0x05844b20, 0xa5205385, 0xa7208f84, 0x9c203584, 0xc120d784, 0xa4201184, 
    0x0421d183, 0x21178362, 0x77841904, 0xef84a320, 0x1184a420, 0x8384a020, 0x8384f720, 0x6584c820, 0x17847d20, 0x83837920, 0x83e10321, 0xe803218f, 
    0xe7202f84, 0xe4200584, 0xde201784, 0xe6205f84, 0x03215983, 0x841784e9, 0x24298247, 0x03010047, 0x20fb84f6, 0x252983f0, 0xd7082a04, 0x05820100, 
    0x1782d620, 0x4d84ed20, 0x5f84f420, 0x6b84bb20, 0xbf84c420, 0x0583ff20, 0x84160621, 0x84772011, 0x847b2005, 0x83f020a7, 0xed05215f, 0x70200b84, 
    0x6c206584, 0x3e205384, 0xab202384, 0x6e201784, 0x6f201784, 0x71200584, 0x6b207784, 0x3720a184, 0x73201d84, 0x72201784, 0x6f200584, 0x2b201784, 
    0x7b201784, 0x78201184, 0xda201184, 0xd220c584, 0xe020d184, 0xde204184, 0xdd201d84, 0xd7200584, 0x9f20b384, 0x04210583, 0x20b984d4, 0x200584d5, 
    0x213583d1, 0x4184d104, 0x05869a20, 0xe3827620, 0x35849b20, 0x11849720, 0x3b849420, 0xc5849720, 0xe3843520, 0x05848720, 0x2005c342, 0x208984d0, 
    0x202f849a, 0x217d838f, 0xd784c304, 0x1784ec20, 0x17846a20, 0x47846620, 0x0b846920, 0xfa051922, 0x49225f82, 0x05823607, 0x63075022, 0x62200584, 
    0x1a220582, 0x05821606, 0x03061622, 0x1c220582, 0x05822706, 0xd3050e22, 0x13280582, 0x0100f105, 0x5e04e402, 0x02241d84, 0x1b040100, 0x02211783, 
    0x225f842e, 0x82bd0660, 0x83072017, 0xff022105, 0x07202f84, 0x0d204184, 0x04204184, 0x03213b83, 0x21658441, 0x65830741, 0x82060721, 0x7e022341, 
    0x53820d06, 0x05845520, 0x05842320, 0x05846d20, 0xb2076922, 0xc4201782, 0xb6200584, 0x01217183, 0x82b983d8, 0x82762005, 0x843d2017, 0x83992011, 
    0xa0012153, 0x0121ad83, 0x216583a2, 0x71839c01, 0x04bb0122, 0x0221a182, 0x20058436, 0x2011847a, 0x21ef83db, 0x3584a202, 0x0b83dc20, 0x83b10121, 
    0xf10121b3, 0x02210583, 0x410b84a1, 0xd820059d, 0x04212383, 0x21538327, 0xbf842304, 0x05830020, 0x84e60221, 0x840e20f5, 0x840820cb, 0x84422017, 
    0x844220cb, 0x840520cb, 0x840c20dd, 0x848b2035, 0x833f2029, 0x3b03210b, 0xf5203b84, 0xd1208984, 0x0a200584, 0x51200584, 0x02211d83, 0x20058452, 
    0x21538354, 0x29844e02, 0x1d846f20, 0x1784c520, 0x0584c420, 0x1784c120, 0xb9846820, 0x6805cb26, 0xa1010100, 0xe6220584, 0x0b820d07, 0x0c07e622, 
    0xc7200582, 0xc7200b84, 0x02210b83, 0x207d84ed, 0x207d8404, 0x20598406, 0x219b83fd, 0x17849f02, 0x0206e926, 0x9c030100, 0xec200b84, 0xed202384, 
    0xe9200584, 0xd1206584, 0x23820586, 0x84e60221, 0x84e2207d, 0x84df2011, 0x84e52041, 0x05da2611, 0x020100d3, 0x224784e2, 0x82080619, 0x0750224d, 
    0x22058247, 0x82760758, 0x84d12017, 0x84cd2023, 0x84d02035, 0x05ab2659, 0x040100d2, 0x20058481, 0x20058458, 0x200584c1, 0x210583ca, 0x05840506, 
    0x05841c20, 0x05840b20, 0x05831220, 0x83650521, 0x4b032105, 0xb6202984, 0x91200b84, 0x04215f83, 0x200b8471, 0x84058447, 0x7c022729, 0x01000000, 
    0x29843103, 0x17840020, 0x05846220, 0x05843520, 0x05848820, 0x05846b20, 0xb9840020, 0xfb838320, 0x83780221, 0x9c012105, 0x0121c583, 0x21a7839f, 
    0x1d849401, 0x1783ea20, 0x849a0321, 0x84892023, 0x8438200b, 0x84cb200b, 0x84a7200b, 0x84492005, 0x84e12011, 0x838a2005, 0xb5042105, 0xc0200b84, 
    0x8c200584, 0xe2220584, 0x95821c05, 0x7784b020, 0x05842c20, 0x05840a20, 0x05842d20, 0x05831320, 0x05620227, 0x020100e0, 0x22058489, 0x82ed055c, 
    0x06a9220b, 0x2005824b, 0x200b8455, 0x200b8426, 0x220b8456, 0x82d20630, 0x83572017, 0x8501290b, 0x0100ae06, 0xe3069101, 0x92200582, 0x88200584, 
    0x03211183, 0x2029841d, 0x20058453, 0x20058481, 0x202f845d, 0x200b84e5, 0x220b842d, 0x827b068d, 0x845b2047, 0x844c2011, 0x84f32005, 0x84382005, 
    0x84522005, 0x84342005, 0x83952005, 0x84022153, 0x8b200584, 0x8c200584, 0x95227784, 0x77823d01, 0x9b01e222, 0x8e200582, 0x5f200b84, 0x8f200b84, 
    0x69220b84, 0x17822202, 0x0b839020, 0x01be0029, 0x000100fe, 0x823302ca, 0x83c12005, 0x5602210b, 0x8c202384, 0xba200584, 0x96200584, 0x1e200584, 
    0x66200584, 0xc6223584, 0x4182cb01, 0x11849420, 0x05838520, 0x842c0221, 0x8471200b, 0x848b2005, 0x846d2005, 0x83ce2005, 0xbd012153, 0xc4200584, 
    0xc5200584, 0xb3220584, 0x41822c03, 0x0584a620, 0x0584ad20, 0x0583b220, 0x05230223, 0x50fb82d2, 0x73200555, 0x05211183, 0x2017847a, 0x20178416, 
    0x2105831d, 0x11839207, 0x06d20327, 0x07010002, 0x20118337, 0x057b4206, 0x8205cc21, 0x130621c5, 0x05211183, 0x201784b5, 0x20058447, 0x20358439, 
    0x21058345, 0x1184fc04, 0x05843120, 0x05842c20, 0x0e062926, 0x2b060100, 0x36200b84, 0x4d200584, 0x33200584, 0x5f850584, 0x0b841720, 0x05842f20, 
    0x05840c20, 0x65840a20, 0x0b84ac20, 0x05843b20, 0x05843e20, 0x05843020, 0x05842920, 0x77842520, 0x2005bd48, 0x201184f3, 0x20058428, 0x20058421, 
    0x20058423, 0x847d8420, 0x840620d7, 0x270621f5, 0x2d201784, 0x44200584, 0x2a200584, 0x2e200584, 0x20200584, 0x24200584, 0x0e200584, 0x26200584, 
    0x02200584, 0x03290583, 0x008a07a5, 0x075b0301, 0x84058246, 0xe7032153, 0x43200b84, 0x62200584, 0x09481d84, 0x844f2005, 0x84d02011, 0x83922005, 
    0xeb01273b, 0x01004707, 0x11847104, 0x0584dc20, 0x2f84f320, 0x5984aa20, 0x11846420, 0x05866320, 0x03212982, 0x200b8467, 0x20058470, 0x200584d2, 
    0x21298394, 0x0b83c904, 0x848b0421, 0x84922035, 0x848f2017, 0x845e2005, 0x83e12005, 0x5e022105, 0x19221d84, 0xa7821606, 0x0323c584, 0x828c0658, 
    0x051a260b, 0x02010018, 0x210b83ff, 0x0b83c102, 0x830a0321, 0xff022123, 0x02262f83, 0x008107bc, 0xb3840101, 0x83820582, 0x841b0421, 0x840b2047, 
    0x84332047, 0x86462023, 0x00d32405, 0x84b90201, 0x06de22d7, 0x205982dc, 0x222984e1, 0x825e04a3, 0x84c92017, 0x84da2023, 0x849c2005, 0x84c52011, 
    0x8387200b, 0xd101220b, 0x21598207, 0x3584bf01, 0xad835720, 0x84eb0121, 0x84c620b9, 0x84af20d7, 0x8452200b, 0x84de2005, 0x84e82005, 0x84a02005, 
    0x84502005, 0x849a2005, 0x843e2029, 0x849c20e9, 0x84de2005, 0x84d8207d, 0x068f5565, 0xc8200b84, 0xf7470584, 0x84872005, 0x84892023, 0x84942071, 
    0x84f82017, 0x203585bf, 0x210b83b4, 0x17841804, 0x0b842620, 0x2f846620, 0x7220cb85, 0x61221784, 0xe9828107, 0x1784a320, 0x05845a20, 0x05849e20, 
    0x05842520, 0x23842920, 0xef840820, 0xe9847b20, 0x6805a026, 0x81010100, 0x03210583, 0x20238420, 0x22058411, 0x828c0677, 0x08c02247, 0x20058244, 
    0x260b8475, 0x00cb0312, 0x83d50201, 0x1e032335, 0x0b821606, 0x4184ce20, 0x5384db20, 0x53848020, 0x1d84b720, 0x05847120, 0x8a076022, 0x16203b82, 
    0x91204d84, 0xb3840b84, 0x845b0321, 0x84b5200b, 0x84142005, 0x8432201d, 0x84512005, 0x83ba20d1, 0x13042117, 0xce261184, 0x01007607, 0x0583b704, 
    0x845a0321, 0x84a82005, 0x84a22005, 0x84462017, 0x848a200b, 0x849c207d, 0x8452208f, 0x84032077, 0x84d3200b, 0x84d62005, 0x84552005, 0x843a209b, 
    0x84b1201d, 0x84e32005, 0x84ae2017, 0x84a02017, 0x06e62205, 0x20ad8202, 0x210583e0, 0x05849b02, 0xd305f822, 0x08201182, 0xd0200b84, 0xf4200584, 
    0x8f202384, 0x8b200b84, 0x61204784, 0xd0207d84, 0xc1204184, 0x88200584, 0xbd261784, 0x01001805, 0x11848d02, 0x0584c920, 0x1784c220, 0x05849520, 
    0xdd845c20, 0x05835420, 0x84ad0121, 0x84a9200b, 0x83052005, 0x33042105, 0x90221784, 0x41820306, 0x3b849020, 0x05837f20, 0x84920121, 0x8464206b, 
    0x83b52011, 0x5703205f, 0x1220057b, 0x56202f84, 0x9d202384, 0xfd23d783, 0x828c0640, 0x064d223b, 0x22058227, 0x8262075d, 0x84622005, 0x07562205, 
    0x220b8236, 0x8463077c, 0x00623105, 0x00906102, 0x70000004, 0x003665b6, 0x00680078, 0x1e20008d, 0x0a200e84, 0x04910584, 0x12916e20, 0x78201186, 
    0x06c10786, 0x42904520, 0x11825d20, 0x08829785, 0x1f910020, 0x03921583, 0x00bbff23, 0x18168514, 0x20086762, 0xf95f1852, 0xcb5e1809, 0xe2ff210d, 
    0xff272983, 0x0098ffd2, 0x83dbff00, 0x820f8305, 0x85bb200b, 0x21058307, 0x2583ceff, 0x1182ff20, 0x8380ff21, 0x0000230f, 0x5a18e9ff, 0xff2117e9, 
    0x201b82bb, 0x832585c4, 0x82ff2005, 0x00002157, 0x07a35d18, 0x03881183, 0x0c84dd83, 0x11956018, 0x04921684, 0x4f82ad85, 0x5c186920, 0x77861fa3, 
    0x10776a18, 0x15415483, 0x18002007, 0x8312f558, 0x23038b1f, 0xefffafff, 0x5785bd8b, 0x0b91218b, 0xba209ba0, 0xff213389, 0x230b83b0, 0xc3ffbbff, 
    0x03830783, 0x1d86ff20, 0x11831985, 0x6f410383, 0xf56d180d, 0x871d830b, 0x88258d03, 0x87382015, 0x21078309, 0x0583f5ff, 0x31950387, 0x07851d87, 
    0x00219b89, 0xfb5b1800, 0x83198507, 0xbaff2705, 0x00001e00, 0x0383d8ff, 0x8475ff21, 0xffaf2411, 0x8252ff69, 0x410b2059, 0x6b870d2d, 0xff270783, 
    0xff000074, 0x848cff75, 0x42f1832f, 0x002b09e7, 0x5eff2fff, 0x69ff0000, 0x84fe0000, 0x420d85ab, 0x7f87057b, 0x84bbff21, 0x829c2045, 0x186f2007, 
    0x820c196d, 0x853b8257, 0x82462005, 0x20978309, 0x83878ef6, 0x8378839b, 0x83282003, 0x23039f04, 0x98ff8cff, 0x3c20f98c, 0x1f8c319f, 0x0d871d20, 
    0x1487438c, 0x67180020, 0x3143289d, 0x88002008, 0xe2ff2300, 0xdd8b0000, 0x420dcf41, 0x0a2008b9, 0xed823086, 0xff231383, 0x43bbffe0, 0x1b860905, 
    0xe9ff0022, 0x14200984, 0x25830583, 0x431e0021, 0x581813b7, 0xff210b9b, 0x82218faf, 0x44e32057, 0x2f8f1ba9, 0x03866b83, 0xb5445d20, 0x0a7b4408, 
    0x06c91b86, 0x4ac99720, 0xaf45499e, 0x9ed82029, 0x411ea049, 0x5e1805cd, 0xd5415d5f, 0x05c14315, 0x20a9a0a0, 0x2aa98220, 0x9f4129be, 0xff202521, 
    0x002000de, 0x8205f344, 0x856f8207, 0x23088205, 0xafff8cff, 0x2007af42, 0x20158900, 0x831a82bb, 0x2011850d, 0x840d8211, 0x80ff2165, 0x00222d82, 
    0x35825eff, 0x2000e222, 0xaf202f8a, 0x24826182, 0x27840289, 0x8914b546, 0x203f8823, 0x89918b5d, 0x0b93410b, 0x200c0f44, 0x05f3430a, 0xff75ff24, 
    0x6f4500f6, 0x0000230a, 0x0182bbff, 0xdd45af20, 0x17054908, 0x02856282, 0xffa6ff23, 0x202d8275, 0x20d7825e, 0x42498ea3, 0xff2012cb, 0xf944cf82, 
    0x8c4d8515, 0x85978c05, 0x42c38b19, 0xff230d6f, 0x82b0ff63, 0xff6922b9, 0x828d826f, 0x000023bf, 0x9983d4fe, 0x28263782, 0xc6ff5eff, 0x09823bff, 
    0xfe210286, 0x45838dd4, 0xfd840975, 0x41826920, 0x2d412320, 0x2137840c, 0x068463ff, 0xff22048a, 0xcf83fe75, 0x3f874620, 0x0d476118, 0x93822883, 
    0x07839c20, 0x5120038e, 0xff220f85, 0x734600af, 0x60ff2c18, 0xc3ff8cff, 0x6aff52ff, 0x83ff2fff, 0x00802691, 0xfe69ff00, 0x843183f5, 0x0719450f, 
    0x4b83e920, 0xff21ad83, 0x20f382a3, 0x828b83f5, 0x252d82c5, 0x0000ba00, 0x0b82c3ff, 0x07825220, 0x79180c20, 0xff241145, 0x00e8fe60, 0x3f840086, 
    0x75ff8623, 0x180f82ff, 0x2111816a, 0x0d410000, 0x224b8205, 0x8292ff8c, 0x21028422, 0x06832fff, 0x01210583, 0x20098405, 0x07a747bb, 0x005eff25, 
    0x449cff00, 0x8b440783, 0x0bc74809, 0x2107a946, 0x7383d4fe, 0x03973f83, 0x8306ff21, 0x56ff2119, 0xb0200584, 0x03a90583, 0x200ca146, 0x85378d46, 
    0x47138d57, 0x0d820d41, 0x6d4a1e86, 0x9e0e8607, 0x0d5d4206, 0x1e962c9e, 0x96071f41, 0x4216c21e, 0x549311e1, 0xff69ff22, 0x0a177318, 0xa3202194, 
    0x4d8d1583, 0xa3112f41, 0x0d3f43cf, 0x11876418, 0x038d6783, 0x2d8d9b9f, 0xf3430dcb, 0xa153cb07, 0x0d65414b, 0xff212f83, 0x0903415e, 0x2f4cff20, 
    0x87178306, 0x05cf4d03, 0x4c0fd742, 0x418723ef, 0x214a0795, 0x9c1c9506, 0xb5691815, 0x0915420b, 0x2008cd4b, 0x09f7413b, 0x21133342, 0xd545bbff, 
    0x757f4105, 0x1c96d89c, 0x09396418, 0x831af14a, 0x12d34b3b, 0x039b1683, 0x9b1f5f4e, 0x891b833b, 0xa50d839b, 0x0d774703, 0x5549339a, 0x55bf411c, 
    0x75429b99, 0x21b38d0b, 0x69448cff, 0x93338d23, 0x8561910d, 0x13c54257, 0x13933f93, 0xe220cf9a, 0xc1412f85, 0xcfff210f, 0x05991785, 0x4208674a, 
    0xc3451e6f, 0x83539911, 0x0fbf4a19, 0x03a91383, 0x00afff22, 0x85066548, 0x0b434707, 0x0023ff25, 0x51bbff20, 0x174e0c7b, 0x80ff210e, 0xae206982, 
    0x0d824189, 0x95470290, 0x099f4117, 0xff21f193, 0x12b54338, 0x8e07bf49, 0x48728f85, 0x518f41ef, 0x9d420fd1, 0x128b4b26, 0x59418b89, 0x001e220a, 
    0xab1789dc, 0x44879509, 0xcb422825, 0x4789831e, 0xff250d3b, 0xff0000c6, 0x200382ba, 0x8b1b838c, 0xafff2103, 0x98201784, 0x200c6f42, 0x89218ba3, 
    0x1371470b, 0x5d551d87, 0x4127850b, 0x2d410527, 0xf2ff2309, 0x97550000, 0x82d82008, 0x228f830b, 0x51ecff60, 0x6f42108f, 0x08954d06, 0x078a6287, 
    0x8513bb42, 0x85f78d1e, 0x9905b313, 0xcd4db361, 0x8e4d859b, 0x095b4d05, 0x198e3a20, 0x9f410ecf, 0x41589f08, 0x308c10d9, 0x8c0d8f55, 0x0af5571a, 
    0x2883439d, 0xe14203e7, 0x05f74605, 0x25059549, 0xbbff0000, 0x79183bff, 0xb74f110d, 0x8975200c, 0x0d81589f, 0xb0223d82, 0x058246ff, 0x03823b20, 
    0x25835220, 0x18f5fe21, 0x83093f84, 0x4403830f, 0xff250513, 0xffa3ff4c, 0x0c61455b, 0xfe215784, 0x223784de, 0x470000c6, 0x4b91118f, 0x038b2b83, 
    0x82112b43, 0x08e54565, 0x46152748, 0x578b1757, 0x458b0b40, 0xa1401569, 0x419b9f85, 0xff2111d3, 0x099358d2, 0x88153f43, 0x068f4a33, 0xfbb54391, 
    0x9b8947a3, 0x6d426393, 0x42258511, 0xef482651, 0x914b851e, 0x85759705, 0x0b315129, 0xb9541185, 0xb4078207, 0x45cd9a02, 0x78b42837, 0x8153349b, 
    0x21259609, 0x1883c4ff, 0xffbbff23, 0x09e347e0, 0x82d2ff21, 0x00142213, 0x0fb54400, 0x20126b44, 0x2029821e, 0x2a0382d1, 0xff8cff00, 0xff0000bb, 
    0x8280ff46, 0x0cbd5205, 0xffc4ff23, 0x8921836a, 0x56ff2003, 0x8c18051b, 0x2189105f, 0x9789098b, 0xfd480020, 0x86a59114, 0x93df5e3d, 0x06869a86, 
    0x851c394e, 0x0a7d4323, 0x210e4355, 0x1b8380ff, 0x851de542, 0x8c059043, 0x17df4349, 0x4d8c59a8, 0xcf4a6b85, 0xdbff2119, 0xff202183, 0x830a1b47, 
    0x4503830f, 0x85971513, 0x8369ff21, 0x5eff2143, 0x8511394e, 0x8d518361, 0x8d499703, 0x950d9525, 0x25b5859b, 0x0000baff, 0x21898cff, 0x5d56ff21, 
    0x982008f5, 0x80211982, 0x55008800, 0x0e8805db, 0x33840020, 0x0f853220, 0x833bff21, 0x23ff21c9, 0x91113941, 0xbbff237b, 0xd14b24ff, 0x83498513, 
    0xbaff2105, 0x830a3543, 0x44038510, 0x5b462287, 0x156f5405, 0x85151748, 0x21058f5a, 0x4383afff, 0x58defe21, 0x23850b8f, 0x5b13bd46, 0x782058c7, 
    0x65437382, 0x0fff6207, 0x1b82ba20, 0x03828220, 0x27830283, 0x8905c742, 0x83ae2015, 0x00002318, 0x07855401, 0x4741058a, 0x442d8a22, 0x57830fb5, 
    0x890bf943, 0x00682197, 0x85838f87, 0x85000021, 0x844a8705, 0x98ff270d, 0xbbff0000, 0x154274ff, 0x06ff2109, 0x84079741, 0x0b6f421b, 0x93460620, 
    0x421e200c, 0x7f82065b, 0x3b224182, 0x498274ff, 0x9f411820, 0xfe982312, 0x008600fc, 0x23051b4e, 0xcafebbff, 0x201a6f42, 0x8525831e, 0x87368629, 
    0x12274106, 0xff9cff22, 0x8713295a, 0x42078a31, 0x638a5813, 0x9bb30ab7, 0x431f7f44, 0x9db711f9, 0x7b1837cf, 0x8d621321, 0xa169cf05, 0xc9ff254f, 
    0xccff0000, 0x1b430382, 0x2038a10d, 0x717d1800, 0x9933a210, 0x1fcd4122, 0x19aa3999, 0xaa123f43, 0x502a8f3d, 0x6f8f5f1d, 0xff230fb8, 0x470000b0, 
    0x48830b43, 0x4423ff21, 0x178311a9, 0xf95d0389, 0x12454305, 0x200a1145, 0x46008500, 0x15850f09, 0x7f4505ac, 0x6636a109, 0x3982172f, 0x03820b20, 
    0x2f660292, 0x8222920f, 0x16a54712, 0x5924574b, 0xcf8f0f51, 0x2917df42, 0xc4ffafff, 0x46ff0000, 0x0582ceff, 0xa741bb20, 0x968e8209, 0x82499502, 
    0x82462047, 0x4a0c203d, 0xb3461109, 0x4953860c, 0x188611e5, 0xc54c0686, 0x890c8605, 0x85452006, 0x8581950a, 0x4905851b, 0x9f680b2d, 0x872b8519, 
    0x8755a105, 0x07001029, 0x81183301, 0x8d5507ad, 0x05b14f09, 0x410b1554, 0x6e4116f5, 0x8433850a, 0x0ad95710, 0xffceff23, 0x833b89c4, 0x480d8761, 
    0x4d6105c5, 0x84ce200c, 0x83048c3d, 0x20358425, 0x501683ec, 0x18831449, 0x4d560384, 0x4ec98519, 0xfe2307bd, 0x8435ffa3, 0x4e048230, 0xff2113d1, 
    0x931f83d2, 0x43308219, 0xff210a25, 0x210c856f, 0x3343c6ff, 0x886d881f, 0x55118577, 0x9b891377, 0x05892385, 0xff80ff27, 0xfe8cffd5, 0x226d82e8, 
    0x82afff1d, 0x001d2417, 0x4563ff00, 0x118d1185, 0x35820d8d, 0xff210288, 0x441b9100, 0x1f910d9b, 0x008e0020, 0x4423a74c, 0x57851165, 0x4905af41, 
    0x848e33df, 0xfe200e86, 0xa3128d45, 0xc03e869f, 0x05a54406, 0xad152946, 0x9143855c, 0x6d074549, 0x66069d45, 0x00200ae5, 0xad085b5a, 0x212d85cf, 
    0xc557d2fe, 0x11314812, 0x00d70020, 0x6d057946, 0xcf820bcf, 0x6dd7e220, 0x44855740, 0x998f1361, 0x0f2d9818, 0x55451f8d, 0x6d874213, 0x51000021, 
    0xa68d1461, 0x32200da7, 0x27a728a7, 0x2f739b9f, 0x418b9143, 0x3f503b81, 0x0f395114, 0xb16a7291, 0x45e92005, 0x654c49af, 0x84d7bb13, 0x6604aaa0, 
    0xd94d346f, 0x229f4177, 0x41497f46, 0x7f460544, 0x40178511, 0xdf448b05, 0x8baf4023, 0x400da556, 0x8daf8d99, 0xff74ff23, 0x23338388, 0xc4ff88ff, 
    0x03870983, 0x03951383, 0x35852f87, 0x038f0583, 0x4f0d674c, 0x2d8f0f39, 0x63850f93, 0x4d8d1985, 0x19837599, 0x9b64038c, 0x0c69600c, 0x45140b53, 
    0x508c1451, 0x15430ced, 0x08cf7805, 0x7d8df620, 0x8d49cf67, 0xa20d4057, 0x41929f75, 0x4f4e1335, 0x15357527, 0x13405193, 0xf1ff21a7, 0x2620a9ea, 
    0x61466ba3, 0x13615b1d, 0x755e558a, 0x402d8a22, 0x0720e90a, 0xab4cead5, 0xd969d513, 0x11014b55, 0x5180ff21, 0x7bd90d95, 0xcf8959d3, 0x22086758, 
    0x87f5fe46, 0x0c936d69, 0x76061567, 0x0582056b, 0x8710476b, 0x41078935, 0x1b89112d, 0x0b52098f, 0x4143a117, 0x2e20767f, 0x0fe7c18f, 0x8d112958, 
    0x60ff2179, 0x6b640f83, 0xd313830f, 0x219f4103, 0x53f975d3, 0x4592c544, 0xff2744af, 0xff0000c6, 0x4f6ffff5, 0x0b830b77, 0x210ba377, 0x7741f2ff, 
    0x077f5729, 0x29cd31a9, 0xff7eff25, 0x610000d8, 0x002009c1, 0x77640082, 0x4012820f, 0xff21ec02, 0x42ee94e6, 0xff21223f, 0x8a3994cb, 0x20218414, 
    0x20108a14, 0x870b8a36, 0x841f8b0a, 0x1f9f5313, 0x049c2484, 0xc1a6ff21, 0xc1609c43, 0xc150201c, 0xe041d842, 0x05d7479b, 0x48c92546, 0xa14117a7, 
    0x1858a658, 0xa6451f49, 0x2026d16c, 0x0a9f6845, 0x028c0a82, 0x0d825120, 0x4d070164, 0x0d9b0db3, 0x02843482, 0x3d832383, 0x74232b85, 0x6400b400, 
    0xfd5c0a4d, 0x005d220c, 0x8b318422, 0x22358504, 0x8b8b0000, 0x5d002114, 0x8508db4f, 0x0dff554b, 0xc1630d8d, 0xc0418c08, 0x21fd5d0c, 0x9343629f, 
    0x5bef7c47, 0x1fbfc39f, 0x4246ff21, 0x1a821a77, 0xff2102a9, 0x402ba918, 0x2b48dd29, 0x6fff9b21, 0x339b1785, 0xff211b97, 0x991997e1, 0xacff2117, 
    0xff211b83, 0x9f0583da, 0x4ce99503, 0xcb820921, 0x9310f148, 0x0c854453, 0x138a2093, 0x5b05f759, 0x0f4411e7, 0x0eb3443e, 0x958f7083, 0x41132f44, 
    0x9f7511ad, 0x406b8331, 0x6f42c503, 0x83c32034, 0x1d3776fb, 0x03c72183, 0x840ba171, 0x843c2053, 0x82044005, 0x99093743, 0x13816d8c, 0x19402d99, 
    0x0f574395, 0x8f4aa5bd, 0x1b2f7387, 0x7f60e1b3, 0x4047b313, 0xaf459733, 0x42d6923e, 0xa9450957, 0x920d8d0d, 0x5212a838, 0x348a0b1b, 0x0b821520, 
    0x06820383, 0x29470297, 0x852b990c, 0x8d058b19, 0x00152350, 0x3d99000b, 0x4a182b84, 0x3a8435bf, 0xff2704fc, 0x0098ff98, 0x4323ff00, 0xff210bcf, 
    0x11db56af, 0x0d8c118d, 0x430cfd5e, 0xff20133f, 0x8c0cb356, 0x21fb903b, 0x8d82deff, 0x1690e020, 0x077910a3, 0x9136a312, 0x19b94223, 0x45911999, 
    0xab4211af, 0x523ca20c, 0xe7751f7f, 0xc46aa227, 0x43411822, 0x12d56d0c, 0xcf4464b5, 0x73878a51, 0x588a4dff, 0xff210a8d, 0x860f8df8, 0x860f200d, 
    0x6f069407, 0x5955059f, 0x941a200c, 0x21148228, 0x0482dfff, 0x0d200287, 0xbd180887, 0x1f820917, 0x87242f4c, 0x4307d939, 0x89a12f03, 0x200a2543, 
    0x632d843c, 0x11840cc5, 0x874304be, 0x4b5ea01f, 0xff217009, 0x4093a0e7, 0xff4cac20, 0x4be08533, 0xff2121fb, 0x432982d2, 0x1b821859, 0x1f8a0283, 
    0x83115d66, 0xe103cb20, 0x83adcb61, 0xcbb2184b, 0xbb4c8348, 0x00022603, 0x0002009b, 0x38428297, 0x00c800a1, 0x00ca0096, 0x01be00ea, 0x00d4010a, 
    0x02d601df, 0x02aa0136, 0x22018238, 0x823a020b, 0x020c2801, 0x0242023c, 0x8244020d, 0x02143001, 0x02660247, 0x02680215, 0x0235026a, 0x826e026c, 
    0x70480825, 0x3b027c02, 0xae027f02, 0xb0024802, 0x7802d402, 0xdd02d602, 0xdf029d02, 0xa502e802, 0xeb02ea02, 0xed02af02, 0xb102f502, 0x2903f702, 
    0x2b03ba02, 0xed024503, 0x58034803, 0x5a030803, 0x19035c03, 0x95035e03, 0xb5031c03, 0x542e0182, 0xba03b703, 0xbc035503, 0x5903d903, 0x0182dd03, 
    0xdf03772e, 0x7803e903, 0xef03eb03, 0xf1038303, 0x020b0182, 0x040c0488, 0x04890311, 0x031c0413, 0x041e048f, 0x0499031e, 0x032b0421, 0x042e049a, 
    0x04a5032f, 0x03540433, 0x045604a7, 0x04c90356, 0x037d047d, 0x047f04ca, 0x04cb037f, 0x03870482, 0x048904cc, 0x04d20394, 0x03c50496, 0x04c704de, 
    0x040e04ee, 0x04f504f0, 0x04f70436, 0x043c04fb, 0x04ff04fd, 0x05100541, 0x05440412, 0x04150515, 0x05190547, 0x05480419, 0x041f051c, 0x05220549, 
    0x054d0422, 0x042a0527, 0x052c054e, 0x0552042c, 0x042f052e, 0x054b0553, 0x0555044b, 0x044d054d, 0x054f0556, 0x0557044f, 0x04520552, 0x05630558, 
    0x0559046e, 0x04780578, 0x057b0565, 0x0566047e, 0x04800580, 0x0584056a, 0x056b0484, 0x04870586, 0x0589056c, 0x056e0489, 0x048b058b, 0x0590056f, 
    0x05700491, 0x04940593, 0x05990572, 0x0574049e, 0x04a005a0, 0x05a4057a, 0x057b04a5, 0x04b205ab, 0x05b7057d, 0x058504b7, 0x04c005be, 0x05c20586, 
    0x058904c2, 0x04c705c5, 0x05c9058a, 0x058d04cc, 0x04d905cf, 0x05dc0591, 0x059c04e6, 0x04ef05e9, 0x05f105a7, 0x05ae04f2, 0x04fe05f8, 0x060906b0, 
    0x06b7040d, 0x04130610, 0x061606bc, 0x06c00417, 0x04190619, 0x061b06c2, 0x06c30421, 0x04250624, 0x062e06ca, 0x06cc042e, 0x04320632, 0x063406cd, 
    0x06ce0434, 0x045d0636, 0x066006cf, 0x06f70464, 0x04690667, 0x069106fc, 0x06ff0491, 0x05ed06e9, 0x07010700, 0x07050505, 0x05160716, 0x071d070a, 
    0x070b0524, 0x05390738, 0x073f0713, 0x0715053f, 0x05cb07cb, 0x07cd0716, 0x071705d9, 0x05e107db, 0x08e40724, 0x082b0529, 0x057a082f, 0x087c0871, 
    0x08bd0580, 0x058d088a, 0x088f08c2, 0x08c60590, 0x05960896, 0x089908c8, 0x08c9059d, 0x05a4089f, 0x08a608ce, 0x08d405ac, 0x05b008ae, 0x08c608db, 
    0x08de05c7, 0x05db08db, 0x08dd08e0, 0x08e105e9, 0x05f208eb, 0x08f708ee, 0x08f605f7, 0x05fb08fb, 0x090409f7, 0x09f80504, 0x05110911, 0x091b09f9, 
    0x09fa051b, 0x05200920, 0x092209fb, 0x09fc0522, 0x052d092d, 0x092f09fd, 0x09fe052f, 0x054b094a, 0x094d09ff, 0x0901064d, 0x06600958, 0x09620902, 
    0x090b0667, 0x066a096a, 0x096e0911, 0x09120672, 0x06750974, 0x09780917, 0x09190679, 0x067e097e, 0x0980091b, 0x091c0686, 0x06890988, 0x098f0923, 
    0x0925068f, 0x06950991, 0x09970926, 0x092b0699, 0x06a6099c, 0x09ac092e, 0x093906ac, 0x06b109b1, 0x09c4093a, 0x093b06cf, 0x06d309d3, 0x09f20947, 
    0x0a4806f2, 0x06040a03, 0x0a0e0a49, 0x0a4b060f, 0x06d40ad4, 0x0ade0a4d, 0x0a4e06de, 0x06e00ae0, 0x0af40a4f, 0x0a5006f4, 0x06f60af6, 0x01020051, 
    0x000200ea, 0x00050040, 0x00480041, 0x00490001, 0x00040053, 0x82790054, 0x007b220b, 0x2205827b, 0x82890084, 0x008a2605, 0x001c008a, 0x2401828b, 
    0x008d0001, 0x22238297, 0x82c600a1, 0x00c72817, 0x001700c8, 0x82cc00ca, 0x00cd220b, 0x220b82d0, 0x82d300d1, 0x00d4220b, 0x220b82d5, 0x82d900d6, 
    0x00db220b, 0x220b82db, 0x82e500e4, 0x00e82205, 0x221182e8, 0x82e900e9, 0x00ea2e0b, 0x010100ea, 0x000e010a, 0x010f012a, 0x280b8214, 0x00150115, 
    0x0116010f, 0x280b8235, 0x00360136, 0x0137011c, 0x280b8240, 0x00760141, 0x01770104, 0x220b827d, 0x827f017e, 0x01802e0b, 0x01010089, 0x008b018a, 
    0x018c0115, 0x280b828c, 0x0099018d, 0x019a0113, 0x220b829a, 0x82a3019b, 0x01a52247, 0x080582a7, 0xc701a820, 0xc8010900, 0x1f00ca01, 0xd101cb01, 
    0xd2012200, 0x1400d701, 0xe601d801, 0xeb010e00, 0x0582ec01, 0xef01ef22, 0xf03a0582, 0x1a00fa01, 0xfb01fb01, 0xfc010200, 0x06001a02, 0x1b021b02, 
    0x1c020300, 0x0b822202, 0x23022328, 0x25020100, 0x05822a02, 0x42022b28, 0x44020200, 0x05824502, 0x46024628, 0x47023300, 0x0b826602, 0x6702672e, 
    0x68021500, 0x2c006802, 0x69026902, 0x6a222982, 0x0b826a02, 0x6e026b22, 0x70220b82, 0x05827002, 0x72027122, 0x73221182, 0x2f827c02, 0x85027f22, 
    0x862e1182, 0x08008602, 0x88028702, 0x89020700, 0x11829102, 0x9402922e, 0x95021100, 0x23009702, 0x99029802, 0x9a220b82, 0x1d829a02, 0x9d029b22, 
    0x9e220b82, 0x17829f02, 0xa202a022, 0xa3280b82, 0x5800a302, 0xa402a402, 0xa5221182, 0x1182a702, 0xa902a828, 0xaa021c00, 0x2f82ab02, 0xac02ac22, 
    0xad221182, 0x1d82ad02, 0xae02ae22, 0xb0220b82, 0x1d82b002, 0xb602b322, 0xb7220582, 0x6b82be02, 0xbf02bf28, 0xc0021e00, 0x0b82c502, 0xc602c622, 
    0xc7223582, 0x0b82d002, 0xd402d122, 0xd5220b82, 0x0b82dd02, 0xe002df28, 0xe1020300, 0xa782e202, 0xea02e322, 0xeb220b82, 0x4182eb02, 0xf502ec22, 
    0xf7280b82, 0x02002903, 0x2b032b03, 0x2c280582, 0x03003103, 0x33033203, 0x34220b82, 0x0b823703, 0x45033b22, 0x48340582, 0x0c005603, 0x58035703, 
    0x5a030100, 0x07005c03, 0x69035e03, 0x6a220582, 0x11827303, 0x7703742e, 0x78030800, 0x5c007803, 0x94037903, 0x95220b82, 0x35829503, 0xb503b528, 
    0xb7030a00, 0x0582b803, 0xba03b928, 0xbc032100, 0x0582c103, 0xc503c228, 0xc6031e00, 0x1782d803, 0xd903d928, 0xdd030500, 0x0b82dd03, 0xe903df28, 
    0xea031b00, 0x5382eb03, 0xec03ec2e, 0xed032700, 0x0400ed03, 0xef03ef03, 0xf1221182, 0x0b82f103, 0x03f32608, 0x044900f3, 0x000c040c, 0x040d041f, 
    0x0401000e, 0x00100410, 0x04110434, 0x04140011, 0x00130413, 0x0414044a, 0x22178216, 0x82170417, 0x04182817, 0x04040018, 0x82190419, 0x041a2211, 
    0x2235821a, 0x821b041b, 0x041c2211, 0x2811821c, 0x001d041d, 0x0421040f, 0x220b8221, 0x82220422, 0x0423220b, 0x220b8224, 0x82250425, 0x0426220b, 
    0x220b8227, 0x82280428, 0x04292247, 0x220b8229, 0x822a042a, 0x042b223b, 0x220b822b, 0x822e042d, 0x042f2205, 0x2211822f, 0x82340434, 0x04352259, 
    0x08358235, 0x50043626, 0x51040200, 0x03005104, 0x52045204, 0x53045600, 0x3b005304, 0x54045404, 0x55040c00, 0x1d005504, 0x56045604, 0x57220b82, 
    0x0b826104, 0x62046228, 0x63046700, 0x2f827a04, 0x7d047d28, 0x7f041600, 0x05827f04, 0x87048222, 0x89220582, 0x05828d04, 0x8e048e2e, 0x90045b00, 
    0x07009004, 0x94049104, 0x95222982, 0x53829504, 0x96049622, 0x97226b82, 0x17829704, 0xa9049822, 0xaa221782, 0x1182ab04, 0xac04ac3a, 0xad045e00, 
    0x0d00c404, 0xc504c504, 0xc6040a00, 0x4c00c604, 0xc904c704, 0xca222382, 0x2f82ca04, 0xcb04cb2e, 0xcc042b00, 0x1e00cd04, 0xce04ce04, 0xcf223582, 
    0x1d82d404, 0xd504d522, 0xd6221d82, 0x1d82d804, 0xe004d922, 0xe1221182, 0x1182e104, 0xe204e222, 0xe3222382, 0x2f82e404, 0xe604e522, 0xe72e1782, 
    0x4e00e704, 0xe904e804, 0xea040600, 0x1182ec04, 0xed04ed22, 0xee282982, 0x1100ee04, 0xf004f004, 0xf1220b82, 0x4782f104, 0xf204f222, 0xf3221d82, 
    0x4182f304, 0xf404f422, 0xf5280b82, 0x0c00f504, 0xf704f604, 0xf8220b82, 0x1782f904, 0xfc04fa22, 0xfd222f82, 0xad82fd04, 0xfe04fe3a, 0xff044f00, 
    0x3300ff04, 0x12051005, 0x19052500, 0x15001905, 0x1d051c05, 0x1e3a0582, 0x39001e05, 0x1f051f05, 0x22054300, 0x46002205, 0x23052305, 0x26053c00, 
    0x17822605, 0x2705272e, 0x28056000, 0x50002805, 0x2a052a05, 0x2b221182, 0x29822b05, 0x2c052c22, 0x2d222982, 0x29822d05, 0x2e052e34, 0x2f056200, 
    0x42002f05, 0x4c054c05, 0x4e052800, 0x05824e05, 0x50055022, 0x522e0582, 0x10005205, 0x66056305, 0x67051200, 0x0b826805, 0x69056928, 0x6a051900, 
    0x0b826a05, 0x6c056b22, 0x6d221782, 0x0b826d05, 0x6e056e22, 0x732e1782, 0x53007305, 0x78057805, 0x7c053800, 0x05827c05, 0x7f057f28, 0x82053600, 
    0x05828205, 0x85058522, 0x86220582, 0xc5828605, 0x88058822, 0x8a225f82, 0x05828a05, 0x8c058c22, 0x90280582, 0x63009005, 0x91059105, 0x9328d782, 
    0x4b009305, 0x94059405, 0x99225982, 0x59829d05, 0x9e059e28, 0xa0054d00, 0x1182a005, 0xa505a422, 0xab341182, 0x3200ab05, 0xac05ac05, 0xad052d00, 
    0x2e00ae05, 0xaf05af05, 0xb0221182, 0x1182b005, 0xb205b128, 0xb7052900, 0x0b82b705, 0xc005be2e, 0xc2052600, 0x2000c505, 0xc605c605, 0xc7224182, 
    0x2f82c705, 0xc905c92e, 0xca053f00, 0x4000ca05, 0xcb05cb05, 0xcc220b82, 0x0b82cc05, 0xd205cf22, 0xd322d782, 0x2982d405, 0xd505d522, 0xd6226b82, 
    0x0b82d605, 0xd805d722, 0xd9221782, 0x0b82d905, 0xdf05dc22, 0xe0220b82, 0x0b82e105, 0xe205e222, 0xe3222382, 0x0b82e305, 0xe505e422, 0xe6221782, 
    0x0b82e705, 0xea05e92e, 0xeb053700, 0x3500ec05, 0xed05ed05, 0xee2e2382, 0x4400ee05, 0xef05ef05, 0xf1052500, 0x0b82f105, 0xf205f222, 0xf8222382, 
    0x2382f805, 0x05f92608, 0x053000fc, 0x00fd05fd, 0x05fe0542, 0x061500fe, 0x00040604, 0x06080659, 0x06240008, 0x00090609, 0x060a062f, 0x280b820c, 
    0x000d060d, 0x060e0654, 0x220b820e, 0x820f060f, 0x06102e17, 0x06570010, 0x00110611, 0x0612065a, 0x28118213, 0x00150614, 0x06160631, 0x22238216, 
    0x82170617, 0x0618220b, 0x220b8218, 0x82190619, 0x1a20080b, 0x5f001a06, 0x1b061b06, 0x1d066400, 0x47001d06, 0x1e061e06, 0x1f066500, 0x66001f06, 
    0x20062006, 0x292e1182, 0x3e002a06, 0x33063306, 0x35063a00, 0x05823506, 0x06362008, 0x06410037, 0x00380638, 0x06390652, 0x060b0052, 0x00580653, 
    0x065a0618, 0x063d005b, 0x825d065d, 0x065f280b, 0x0661005f, 0x82640660, 0x0667220b, 0x2e058269, 0x006a066a, 0x06910655, 0x06510091, 0x82e206e2, 
    0x06ee34d7, 0x061000f0, 0x00f206f1, 0x07160712, 0x07270016, 0x821d071d, 0x071e3405, 0x0725001f, 0x00240720, 0x07380715, 0x075d0038, 0x823f073f, 
    0x07cb340b, 0x070400cb, 0x00d007cd, 0x07d10701, 0x071300d1, 0x82d407d2, 0x07d5340b, 0x070300d6, 0x00d707d7, 0x07d8070c, 0x070700d8, 0x82d907d9, 
    0x07db3a17, 0x072600db, 0x00dd07dc, 0x07de0720, 0x073200de, 0x00df07df, 0x07e0072d, 0x220b82e0, 0x82e107e1, 0x07e42e0b, 0x072900e5, 0x00eb07e6, 
    0x07ec0705, 0x223582ed, 0x82ee07ee, 0x07ef2265, 0x220b82f5, 0x82f607f6, 0x07f7220b, 0x340b82f9, 0x00fb07fa, 0x08fc0717, 0x08010004, 0x000b0805, 
    0x080c0804, 0x080b820f, 0x13081038, 0x14081300, 0x0f001508, 0x1e081608, 0x1f080900, 0x1f001f08, 0x22082008, 0x23082200, 0x14002408, 0x27082508, 
    0x28080e00, 0x1a002908, 0x34082f08, 0x35080600, 0x3b823608, 0x3d08372e, 0x3e080200, 0x2c003e08, 0x3f083f08, 0x40220b82, 0x17824208, 0x4308432e, 
    0x44081100, 0x23004508, 0x47084608, 0x482e0b82, 0x1c004808, 0x49084908, 0x4a080700, 0x23824d08, 0x51084e28, 0x52080300, 0x35825808, 0x5c085922, 
    0x5d280b82, 0x0c006108, 0x64086208, 0x653a2382, 0x08006d08, 0x6e086e08, 0x6f080a00, 0x21007108, 0x73087208, 0x74081e00, 0x11827608, 0x78087728, 
    0x79081b00, 0x59827908, 0x80087a22, 0x8a224d82, 0x05828a08, 0x8b088b28, 0x8c081700, 0xdd828c08, 0x8d088d22, 0x8f22b982, 0x17828f08, 0x90089022, 
    0x96221182, 0x6b829608, 0x99089922, 0x9a226b82, 0x0b829b08, 0x9d089d22, 0x9f280b82, 0x16009f08, 0xa108a008, 0xa2220b82, 0x0b82a308, 0xa408a422, 
    0xa6220b82, 0x0582a608, 0xa708a734, 0xa8082e00, 0x2600a908, 0xab08aa08, 0xac082000, 0x0b82ac08, 0xae08ae2e, 0xaf083800, 0x1000af08, 0xb008b008, 
    0xb2221782, 0x0582b208, 0xc708c722, 0xdb227182, 0x7182db08, 0xe008dd22, 0xe1280b82, 0x1300e108, 0xe408e208, 0xe5220b82, 0x5382e608, 0xe708e722, 
    0xe822e982, 0xe982e808, 0xe908e922, 0xeb2e1782, 0x2900ec08, 0xee08ee08, 0xf0084500, 0x0582f008, 0x08f72608, 0x094800f7, 0x00040904, 0x0911090f, 
    0x09010011, 0x00180918, 0x091b091c, 0x0902001c, 0x001e091d, 0x09220907, 0x22178222, 0x822f092f, 0x094a2e05, 0x0905004a, 0x004b094b, 0x094d0903, 
    0x221d824d, 0x82590958, 0x095c2217, 0x2805825e, 0x005f095f, 0x09600904, 0x284d8260, 0x00620962, 0x09630914, 0x22178263, 0x82650965, 0x09662205, 
    0x223b8266, 0x82670967, 0x0969220b, 0x2205826a, 0x826d096d, 0x096f222f, 0x2205826f, 0x82700970, 0x09712835, 0x090e0072, 0x82740974, 0x0975221d, 
    0x22418275, 0x82780978, 0x0979221d, 0x220b8279, 0x827e097e, 0x09812205, 0x227d8282, 0x82830983, 0x0984227d, 0x220b8286, 0x82880988, 0x09892205, 
    0x285f8289, 0x008f098f, 0x0991090a, 0x22bf8291, 0x82920992, 0x09932223, 0x22118294, 0x82990998, 0x099c2211, 0x2229829d, 0x82a0099e, 0x09a2220b, 
    0x280b82a2, 0x00a309a3, 0x09a4091e, 0x221182a4, 0x82a609a5, 0x09ac2277, 0x222f82ac, 0x82b109b0, 0x09b8221d, 0x221782b8, 0x82c709c4, 0x09c82817, 
    0x091f00cb, 0x82cc09cc, 0x09cd220b, 0x228982cf, 0x82d309d3, 0x09f2340b, 0x0a2000f2, 0x00040a03, 0x0a0e0a27, 0x0a19000f, 0x82d40ad4, 0xde34080b, 
    0x3300de0a, 0xe00ae00a, 0xf40a0800, 0x1500f40a, 0xf60af60a, 0x02000100, 0x02000e02, 0x04003c00, 0x40003d00, 0x41000700, 0x15004800, 0x51004900, 
    0x52001e00, 0x03220182, 0x01825300, 0x54001e30, 0x03005c00, 0x5e005d00, 0x5f001c00, 0x29827900, 0x88007b22, 0x892c0582, 0x34008b00, 0x96008d00, 
    0x97002200, 0x17280182, 0xac00ab00, 0xad000600, 0x0d220182, 0x0182ae00, 0xc700052a, 0x1d00c800, 0xd000cd00, 0xd4220582, 0x0582d500, 0xdb00db22, 
    0xe4220582, 0x0582e500, 0x00e92008, 0x011d00e9, 0x000e010a, 0x010f0108, 0x01180018, 0x00220119, 0x0123011f, 0x01090023, 0x82400140, 0x01412e05, 
    0x01030044, 0x00450145, 0x01460158, 0x2e0b8275, 0x00760176, 0x01770107, 0x012a007d, 0x827e017e, 0x017f3411, 0x0124007f, 0x00890180, 0x018a0117, 
    0x0148008b, 0x828c018c, 0x018d2e0b, 0x01140098, 0x00990199, 0x019a0115, 0x280b829a, 0x00a7019b, 0x01a8010d, 0x287182a8, 0x00a901a9, 0x01aa0159, 
    0x280b82c1, 0x00c601c2, 0x01c70130, 0x340b82c7, 0x00ca01c8, 0x01cb012c, 0x012900d1, 0x00d401d2, 0x01d6011b, 0x3a0582d7, 0x00ef01d8, 0x01f0010c, 
    0x012300fa, 0x001a02fb, 0x021b0202, 0x022d001b, 0x821e021c, 0x021f220b, 0x3a0b8222, 0x00350223, 0x02380201, 0x02240038, 0x003c023c, 0x0242025d, 
    0x021c0042, 0x82440244, 0x02472205, 0x281d8266, 0x006a0268, 0x026c0225, 0x2205826c, 0x826d026d, 0x026e283b, 0x0246006e, 0x82700270, 0x02712205, 
    0x22178271, 0x82720272, 0x02732817, 0x02210073, 0x82740274, 0x02752211, 0x220b827c, 0x8284027f, 0x02852817, 0x02050085, 0x82870286, 0x02882211, 
    0x226b8288, 0x82910289, 0x02922e17, 0x02090094, 0x00970295, 0x0298022b, 0x280b8299, 0x009a029a, 0x029b0206, 0x220b829d, 0x829f029e, 0x02a02217, 
    0x220b82a3, 0x82a402a4, 0x02a5220b, 0x220b82a8, 0x82ab02a9, 0x02ac2223, 0x220b82ac, 0x82ad02ad, 0x02ae2217, 0x220b82ae, 0x82b702b0, 0x02b82805, 
    0x021600be, 0x82bf02bf, 0x02c0225f, 0x220b82c0, 0x82c502c5, 0x02c62271, 0x223582c6, 0x82c702c7, 0x02d0280b, 0x023700d0, 0x82d402d1, 0x02df2211, 
    0x222982e0, 0x82e102e1, 0x02e222a1, 0x22a182e2, 0x82e702e3, 0x02e82211, 0x222982e8, 0x82ea02ea, 0x02eb2223, 0x221182eb, 0x82f402ed, 0x02f52205, 
    0x3a6582f5, 0x00fa02f7, 0x02fb0201, 0x026800fb, 0x002903fc, 0x032b0301, 0x0325002b, 0x8231032c, 0x0332280b, 0x03210032, 0x82330333, 0x03343411, 
    0x03240034, 0x00370335, 0x0338030a, 0x03020038, 0x82390339, 0x033a2211, 0x220b823a, 0x8245033b, 0x03483417, 0x03100056, 0x00580357, 0x035a0315, 
    0x0306005b, 0x825c035c, 0x035e2223, 0x280b825e, 0x005f035f, 0x0360032d, 0x340b8273, 0x00760374, 0x03770305, 0x03730077, 0x00780378, 0x03790366, 
    0x28118295, 0x00b503b5, 0x03b7030b, 0x280582b8, 0x00ba03b9, 0x03bc0328, 0x280582c1, 0x00c503c2, 0x03c60327, 0x224d82c6, 0x82c803c7, 0x03c9221d, 
    0x229582c9, 0x82d803ca, 0x03d9220b, 0x220b82d9, 0x82dd03dd, 0x03df280b, 0x031c00e1, 0x82e303e2, 0x03e42229, 0x080b82e9, 0xeb03eb4a, 0xec030d00, 
    0x3300ec03, 0xed03ed03, 0xee030300, 0x0700ee03, 0xf103f103, 0x0c040300, 0x2c000c04, 0x0d040d04, 0x0e041500, 0x0d000f04, 0x10041004, 0x11043f00, 
    0x1b001104, 0x13041304, 0x14043e00, 0x18001504, 0x16041604, 0x18222382, 0x35821804, 0x1a041a28, 0x1b040c00, 0x0b821b04, 0x1c041c22, 0x21282f82, 
    0x02002204, 0x24042404, 0x25260b82, 0x01002504, 0xfd4b2704, 0x04032808, 0x002b042b, 0x4b2e045a, 0x5b2408fd, 0x33043304, 0x34225982, 0x7d823404, 
    0x36043522, 0x37282f82, 0x0f005004, 0x51045104, 0x52346582, 0x63005204, 0x53045304, 0x54045e00, 0x10005404, 0x56045604, 0x7d282382, 0x1a007d04, 
    0x7f047f04, 0x82220582, 0x05828704, 0x8d048922, 0x8e340582, 0x04008e04, 0x8f048f04, 0x90047600, 0x06009004, 0x94049104, 0x962e2f82, 0x0a009704, 
    0xa9049804, 0xaa040500, 0x1182ab04, 0xac04ac34, 0xad046a00, 0x1100c404, 0xc504c504, 0xc7040b00, 0x5f82c704, 0xca04c822, 0xcb2e2982, 0x3700cb04, 
    0xcd04cc04, 0xce042700, 0xd182cf04, 0xd004d02e, 0xd1040600, 0x1600d104, 0xd204d204, 0xd3221182, 0x0b82d504, 0xd604d622, 0xd7220b82, 0x1d82d804, 
    0xd904d922, 0xda220b82, 0x0b82da04, 0xdb04db22, 0xdc220b82, 0x0b82dc04, 0xdd04dd22, 0xde225382, 0x1182de04, 0xdf04df22, 0xe0221182, 0x0b82e004, 
    0xe104e122, 0xe2221782, 0x8f82e204, 0xe404e322, 0xe5226b82, 0x7782e504, 0xe704e622, 0xe8221d82, 0x2982e804, 0xea04e922, 0xeb220b82, 0x1782eb04, 
    0xed04ec2e, 0xee043800, 0x0900ee04, 0xf004f004, 0xf1223582, 0x1182f204, 0xf404f322, 0xf5220b82, 0x2982f504, 0xf704f722, 0xf8221182, 0x1182f804, 
    0xf904f928, 0xfa042d00, 0x3b82fa04, 0xfb04fb22, 0xfd221182, 0xe982fd04, 0xfe04fe3a, 0xff045f00, 0x4000ff04, 0x10051005, 0x11056400, 0x4c001205, 
    0x15051505, 0x26081182, 0x00190519, 0x051c056c, 0x054a001d, 0x001e051e, 0x051f0547, 0x0526001f, 0x00220522, 0x05270544, 0x056d0027, 0x82280528, 
    0x0529220b, 0x221d822a, 0x822c052c, 0x052e340b, 0x056f002e, 0x002f052f, 0x054b0567, 0x0531004b, 0x824d054d, 0x054f2205, 0x2e05824f, 0x00520552, 
    0x05630512, 0x05130066, 0x82680567, 0x0569280b, 0x05200069, 0x826a056a, 0x056b220b, 0x2217826c, 0x826d056d, 0x056e220b, 0x2e17826e, 0x00780578, 
    0x057b0545, 0x0552007b, 0x827c057c, 0x057d220b, 0x280b827d, 0x007e057e, 0x05800542, 0x22058280, 0x82840584, 0x05862805, 0x05350086, 0x82870587, 
    0x05892265, 0x22058289, 0x828b058b, 0x05902805, 0x05700090, 0x82910591, 0x059328b9, 0x05330093, 0x82940594, 0x05992e5f, 0x0520009c, 0x009d059d, 
    0x059e055c, 0x220b829e, 0x82a005a0, 0x05a42217, 0x340b82a5, 0x00ab05ab, 0x05ac053c, 0x053900ac, 0x00ae05ad, 0x05af053a, 0x221182af, 0x82b005b0, 
    0x05b12811, 0x053200b2, 0x82b705b7, 0x05be2e0b, 0x052f00c0, 0x00c205c2, 0x05c5052e, 0x220582c5, 0x82c605c6, 0x05c72247, 0x2e3582c7, 0x00c905c9, 
    0x05ca054f, 0x055000ca, 0x82cb05cb, 0x05cc220b, 0x220b82cc, 0x82d205cf, 0x05d322e9, 0x222982d4, 0x82d505d5, 0x05d62271, 0x220b82d6, 0x82d805d7, 
    0x05d92217, 0x220b82d9, 0x82df05dc, 0x05e0220b, 0x220b82e1, 0x82e205e2, 0x05e32223, 0x220b82e3, 0x82e505e4, 0x05e62217, 0x2e0b82e6, 0x00ea05e9, 
    0x05eb0543, 0x054100ec, 0x82ed05ed, 0x05ee2e23, 0x055500ee, 0x00ef05ef, 0x05f10535, 0x220b82f1, 0x82f205f2, 0x05f82223, 0x082382f8, 0xfc05f920, 
    0xfd053b00, 0x2600fd05, 0xfe05fe05, 0x09066900, 0x36000a06, 0x0b060b06, 0x0c064d00, 0x0b820c06, 0x0d060d34, 0x10066200, 0x51001106, 0x12061206, 
    0x13066500, 0x1d821306, 0x17061622, 0x26081d82, 0x00190619, 0x061b066b, 0x0671001b, 0x001c061c, 0x061d0672, 0x0657001d, 0x001e061e, 0x061f0674, 
    0x0675001f, 0x82200620, 0x06213a11, 0x06770021, 0x00250624, 0x062e0654, 0x066e002e, 0x00320632, 0x0634064b, 0x08058234, 0x37063620, 0x38065300, 
    0x61003806, 0x52063906, 0x53060e00, 0x19005806, 0x59065906, 0x5a064e00, 0x0b825b06, 0x5c065c22, 0x5d220b82, 0x0b825d06, 0x64066022, 0x67220582, 
    0x05826906, 0x9106913a, 0xe9066000, 0x1200eb06, 0xed06ec06, 0x01071300, 0x12000307, 0x05070407, 0x16280b82, 0x33001607, 0x1d071d07, 0x1e340582, 
    0x35001f07, 0x24072007, 0x38072600, 0x49003907, 0x3f073f07, 0x56080b82, 0x00cb07cb, 0x07cd0722, 0x071800cd, 0x00ce07ce, 0x07d0071f, 0x071700d0, 
    0x00d107d1, 0x07d20714, 0x071600d2, 0x00d507d5, 0x07d60702, 0x070a00d6, 0x00d707d7, 0x07d80710, 0x070600d9, 0x00db07db, 0x07dc072f, 0x072e00dd, 
    0x00de07de, 0x07df073c, 0x073900df, 0x82e007e0, 0x07e1220b, 0x080b82e1, 0xe507e42c, 0xe6073200, 0x0400eb07, 0xed07ec07, 0xee071500, 0x1e00ee07, 
    0xf007ef07, 0xf1070300, 0x0700f407, 0xf507f507, 0xf6073400, 0x8982f607, 0xfb07fa28, 0xfe071d00, 0x8f82fe07, 0x08ff3208, 0x081f0000, 0x000b0805, 
    0x080c0803, 0x082a000c, 0x000f080d, 0x08100817, 0x08140013, 0x00150814, 0x0816080d, 0x0808001c, 0x001d081d, 0x081e0830, 0x080b821e, 0x1f081f2c, 
    0x20082c00, 0x29002208, 0x24082308, 0x25081b00, 0x0c002708, 0x29082808, 0x2f082300, 0x02003408, 0x37083508, 0x3a080100, 0x05823d08, 0x3e083e2e, 
    0x3f082500, 0x21003f08, 0x42084008, 0x432e1d82, 0x09004308, 0x45084408, 0x46082b00, 0x0b824808, 0x4908492e, 0x4a080600, 0x16004a08, 0x51084e08, 
    0x52222382, 0x3b825908, 0x5c085a2e, 0x5d080a00, 0x10006108, 0x64086208, 0x653a2382, 0x05006d08, 0x6e086e08, 0x6f080b00, 0x28007108, 0x73087208, 
    0x74082700, 0x11827608, 0x78087728, 0x79081c00, 0x53827908, 0x7a087a22, 0x7e227782, 0x35828008, 0x8a088a2e, 0x8b080700, 0x1d008b08, 0x8c088c08, 
    0x8d28ef82, 0x1b008d08, 0x90089008, 0x96220b82, 0x6b829608, 0x99089922, 0x9a227782, 0x0b829b08, 0x9d089c22, 0x9f280b82, 0x1a009f08, 0xa108a008, 
    0xa2227182, 0x0b82a308, 0xa408a422, 0xa6220b82, 0x0582a608, 0xa708a734, 0xa8083a00, 0x2f00a908, 0xab08aa08, 0xac082e00, 0x0b82ac08, 0xae08ae2e, 
    0xaf084500, 0x1200af08, 0xb008b008, 0xc6221782, 0x8f82c608, 0x08c72c08, 0x084600c7, 0x00db08db, 0x08dd0822, 0x081800dd, 0x00de08de, 0x08e0081f, 
    0x081700e0, 0x00e108e1, 0x08e20814, 0x081600e2, 0x82e508e5, 0x08e6227d, 0x22fb82e6, 0x82e708e7, 0x08e822fb, 0x34c582e9, 0x00ec08eb, 0x08ed0832, 
    0x083d00ed, 0x00ee08ee, 0x08ef0856, 0x220b82ef, 0x82f008f0, 0x08f1220b, 0x220b82f2, 0x82f708f7, 0xfb3808d1, 0x1500fb08, 0x04090409, 0x11090d00, 
    0x14001109, 0x1b091b09, 0x20090100, 0x0a002009, 0x22092209, 0x2d091000, 0x16002d09, 0x2f092f09, 0x4a090200, 0x04004a09, 0x4b094b09, 0x4d220b82, 
    0x23824d09, 0x5b095822, 0x5c343b82, 0x18005c09, 0x5e095e09, 0x5f092a00, 0x1e005f09, 0x60096009, 0x62281782, 0x1b006209, 0x64096409, 0x65225382, 
    0x17826509, 0x67096622, 0x6a224182, 0x77826a09, 0x6e096e28, 0x6f093e00, 0x17826f09, 0x70097022, 0x71282f82, 0x0c007209, 0x75097509, 0x78283582, 
    0x03007809, 0x79097909, 0x7e220b82, 0x05827e09, 0x80098022, 0x81284782, 0x0a008309, 0x85098409, 0x86228382, 0x9b828609, 0x88098822, 0x89221782, 
    0x59828909, 0x8f098f28, 0x91090b00, 0x11829109, 0x92099222, 0x93222982, 0x11829409, 0x95099528, 0x97092d00, 0x35829709, 0x99099822, 0x9c221d82, 
    0x0b829d09, 0xa0099e22, 0xa1220b82, 0x0b82a209, 0xa309a328, 0xa4092700, 0x1182a409, 0xa509a52e, 0xa6093400, 0x1800a609, 0xac09ac09, 0xb1224182, 
    0x6b82b109, 0xc809c728, 0xcc092c00, 0x8f82cd09, 0x09f23a08, 0x0a2e00f2, 0x00030a03, 0x0a040a35, 0x0a260004, 0x000f0a0e, 0x0ad40a20, 0x0a3300d4, 
    0x00de0ade, 0x0ae00a40, 0x0a0500e0, 0x00f40af4, 0x31010026, 0x00040038, 0x0c2c0500, 0x2101f38a, 0x018fb00a, 0x0aa40b25, 0x90a40bb0, 0x12022c01, 
    0x0c2a0b5c, 0x0c840d54, 0x932a0b54, 0xa40a2701, 0xa814a40a, 0x1b937815, 0x3521139b, 0x231d8abc, 0x0baa0a42, 0x158b5d94, 0x0aaa0d23, 0x2101879e, 
    0x0191d40c, 0x15f60d23, 0x220382e2, 0x851c0e0e, 0xae0f2501, 0x880b5016, 0x219657a1, 0x0b418820, 0x111d4110, 0x962111c5, 0x2c018b0b, 0x24a814a4, 
    0x14021a3c, 0x213417a8, 0x290383b0, 0xa814a814, 0xf21cf21c, 0xff89a814, 0x0d2709a9, 0x0f221022, 0x8bfa0be8, 0x620d2101, 0x13250187, 0x13ba1718, 
    0x2101a918, 0x0193f80a, 0xad420c21, 0xdc132101, 0x0b212f93, 0x2701a420, 0x42323c2a, 0x0a2a0bec, 0x240b3f42, 0x11020b02, 0x9a3da4fe, 0x870c2063, 
    0x0c422600, 0x0fdc130c, 0x25a38718, 0xdc13dc13, 0xb191080d, 0x83880b21, 0x60102b01, 0x721bb81a, 0x880b340b, 0x0f83a40a, 0x1a460e25, 0x84c618b8, 
    0x0e702609, 0x0e301c9a, 0x831b839a, 0xa40a211d, 0x10212183, 0x23378560, 0xc40e880b, 0x0b210987, 0x21018b0c, 0x0d82420c, 0x27060d43, 0x780fa40a, 
    0x420b2a0b, 0x8406a342, 0x83478307, 0x0fb74203, 0x1521a183, 0x22b58878, 0x41a40a76, 0x71821167, 0x42142024, 0x2b414214, 0x213f9d3f, 0x1f8b0c0c, 
    0x0cb81d23, 0x20018430, 0x859b8242, 0x21058e09, 0xd387b20b, 0x0d2107a5, 0x21018308, 0x0785500b, 0x0c2105b3, 0x210183ee, 0x018d6c0b, 0x0c221584, 
    0x0784460f, 0x09922184, 0xee0c0c28, 0x5c12020b, 0x018b020b, 0x19e02a3f, 0x0b780c54, 0x222a0ba4, 0x2da40be2, 0x14220d3a, 0x0aa814a8, 0x0cbe1662, 
    0x0bd40cd4, 0x2d19832a, 0xd00d1813, 0x2a0b620a, 0x420c420c, 0x09822a0b, 0x17822020, 0x2c058f42, 0x0bb00aa4, 0x0b220d20, 0x0a200b20, 0x2501b1c6, 
    0x6e0ac40b, 0x3b82680a, 0x920a6821, 0xa6102501, 0x7a0bd60b, 0x0d250197, 0x0ad00a40, 0x07af41a4, 0x0c401823, 0x234f4130, 0x6e20a984, 0x03ac7582, 
    0x42460f21, 0x73820909, 0x420c0c22, 0x2505f742, 0xa40a420c, 0x0583a40a, 0x30200384, 0x42260584, 0x200bee0e, 0x0b85420c, 0x74240582, 0x880b740a, 
    0x0783e382, 0x19832020, 0x07830f82, 0x10252582, 0x0a7a0af0, 0x2a1b828c, 0x0a2a0b80, 0x0a800ada, 0x83ba0c80, 0xb60a2101, 0x29240585, 0x0a861e12, 
    0x922e0183, 0x920a8c0a, 0x2a0b160b, 0xba0c6c1f, 0x0185b60a, 0x27825b82, 0xee230b84, 0x820aa00c, 0x1e0c2103, 0xa02a0182, 0x660c660c, 0xe40a8220, 
    0x03835e0b, 0x83be2521, 0x4a11214b, 0x3d835985, 0xa4280f84, 0xb60aa649, 0x980a160b, 0x0b250185, 0x0bba122a, 0x8701d3e8, 0x22078477, 0x82780c78, 
    0x44c782c5, 0x0c230903, 0x82f60dd4, 0x820c200d, 0x0c2a2803, 0x0a300c42, 0x83a40aa4, 0x88cf83c1, 0x0a6b48d3, 0x4705ed47, 0x41830bd5, 0x7b444384, 
    0x0ddb4605, 0xa8149622, 0x21117f46, 0x5546220d, 0x620d2305, 0x4346620d, 0xf80a2305, 0x2945f80a, 0x0657420b, 0xe9425183, 0x0c202205, 0x231f850c, 
    0x6010880b, 0x22070b45, 0x840ba40a, 0x051b43b7, 0x5f441f83, 0x0537420f, 0x42051d44, 0x0c21119f, 0x05c743ee, 0x2105ad43, 0x0182020b, 0x840c8821, 
    0x2b318551, 0x620da40b, 0xa40b2a0b, 0x420c200b, 0x61845983, 0x47837a20, 0x0b7a0b22, 0x0c210784, 0x24018266, 0x0b660cba, 0x14474188, 0x1e0c1e2c, 
    0xaa0aaa0a, 0xba12a40b, 0x45825427, 0x830b3021, 0x828a20c5, 0x14302247, 0x290185a8, 0x2a0bd40c, 0xb00a960b, 0x6b84a814, 0xb00a2026, 0x8a0c8a0c, 
    0x13250f83, 0x0b181318, 0x8215822a, 0x20058285, 0x09034320, 0x2020f582, 0xee202582, 0xbb845183, 0x20209d89, 0x2024a788, 0xd40c540c, 0xcf84e182, 
    0x22224782, 0x6982220d, 0x09822a20, 0x69846220, 0xb7820982, 0x2a0b162c, 0xb60ab60a, 0x200b780c, 0x1f83080d, 0x0501002b, 0x008000e8, 0xfff20301, 
    0x2c0584a3, 0x04010052, 0x004cffed, 0x00a30201, 0x2011845d, 0x200584bb, 0x20118446, 0x20058451, 0x223582c5, 0x82afff72, 0xffe82205, 0x22058298, 
    0x84c6ffcd, 0x84452017, 0x39178211, 0x69ff2504, 0x9d020200, 0xa2024500, 0x02004500, 0xafffcd05, 0xbbffe705, 0x67830200, 0x8b287182, 0x62040200, 
    0x7b0498ff, 0x13833f82, 0x31828020, 0x13827520, 0x13821020, 0x8cffcb22, 0xc6223182, 0x3582bbff, 0x02008028, 0xafffa501, 0x6d82a601, 0x52204583, 
    0x27834582, 0x27821120, 0x4f832520, 0xffd90125, 0x82b20298, 0x000226bb, 0x084500c9, 0x226d82f5, 0x82970203, 0x00a32477, 0x83a40251, 0x8217830d, 
    0x855120cb, 0x9d01231b, 0x518269ff, 0x51826920, 0x03006922, 0x46218d82, 0x224b8504, 0x82030075, 0x82802017, 0x05802217, 0x20598272, 0x21b38703, 
    0x0d83e805, 0x68205386, 0x21835385, 0x82bf0521, 0xffc024a1, 0x8603003b, 0x82bb2041, 0x00af2c29, 0xffab0504, 0xffaf0575, 0x82de0775, 0xffe02603, 
    0x03040075, 0x20cb84f0, 0x89bb82af, 0x82802023, 0x82802023, 0x07802423, 0x8280ffe0, 0xfff22723, 0xff1e0418, 0xd58204af, 0xff040925, 0x82040069, 
    0x825d20b3, 0x05982167, 0x83050941, 0x82962011, 0x859e20d3, 0x206b82d7, 0x203584e3, 0x2035822f, 0x24358280, 0xffe10498, 0x24118298, 0x0400006a, 
    0x4181828e, 0x04200771, 0x0125ed87, 0x0498ffd9, 0x83cb820c, 0x86512059, 0x845220bd, 0x202383dd, 0x23f982af, 0xfff203af, 0x59844b84, 0x9004af28, 
    0x970475ff, 0x8f823bff, 0x05008c22, 0x11881b82, 0xff070523, 0x22158498, 0x82100406, 0x827b20b3, 0x828f2027, 0x82912003, 0xffcb243d, 0x82f5048c, 
    0x01062865, 0x01bbff9c, 0x82bbff9d, 0x045e2637, 0x0423ff11, 0x287f8213, 0x0075ff25, 0x00960206, 0x24dd8445, 0x05a3ffc6, 0x24ab82cd, 0x0698ffe7, 
    0x22338400, 0x4180ff9d, 0xc0220885, 0x1d8269ff, 0xa182bb20, 0x06005e22, 0x410bb741, 0x07260c99, 0xafff0b02, 0x4982f902, 0x98ff7226, 0xafffc605, 
    0x69241d82, 0x80ffe705, 0x08203784, 0x5220b584, 0xcb869382, 0x0527b983, 0x058cff1f, 0x848cff2b, 0x830820c1, 0x1b042189, 0x1e249b82, 0xe104bbff, 
    0x0e223782, 0x4782bbff, 0x8c209983, 0x98224782, 0x21820900, 0xbe055122, 0xbf206182, 0xc0205d82, 0xe8280782, 0xdb07bbff, 0xa808a3ff, 0xa9200382, 
    0xac220382, 0x2582a3ff, 0x8c009522, 0x8c22d982, 0x07829702, 0x03829e20, 0x03829f20, 0x0382a420, 0x8c00ad24, 0x03824408, 0x8c004524, 0x2b420900, 
    0x82b12008, 0x82b220ad, 0xffe82c03, 0xffe407af, 0xffe50798, 0x82eb0898, 0xffec2103, 0x05217182, 0x20198294, 0x206982b3, 0x220382b4, 0x8275ffb7, 
    0x0580228f, 0x247d82d9, 0x05f5fee7, 0x200782ec, 0x207182f8, 0x20259c0a, 0x203982eb, 0x840382ec, 0x95022329, 0x9b824500, 0x9b824520, 0x9e025122, 
    0x9f200b82, 0x23092143, 0x4500ad02, 0x45269f82, 0x45004508, 0x298a0a00, 0x298a4520, 0xa4027424, 0x29a44500, 0x299c6820, 0x51207d8f, 0x0320538d, 
    0x2407bd42, 0x0569ffb1, 0x420382b2, 0x072906c5, 0x0769ffe4, 0x0869ffe5, 0x240382eb, 0x0069ffec, 0x88a7960b, 0xe805237d, 0xd588e3ff, 0x42010c21, 
    0xbe200b57, 0xbf205782, 0x5f420382, 0xdb07210a, 0xa8205782, 0xa9200382, 0xac200382, 0x0d2a5f82, 0xcb008a00, 0xcb003601, 0x0382a802, 0x0382a920, 
    0x0382b020, 0x0382b320, 0x0382b420, 0x0382b520, 0x0382b620, 0xcb00eb3a, 0xcb000406, 0xcb004808, 0xcb001809, 0x94050e00, 0xac0598ff, 0xb005bbff, 
    0xbf410382, 0x41bb2009, 0xeb200cbf, 0xec201b82, 0xf8240382, 0xdf07bbff, 0xe1240382, 0x0e00bbff, 0x200cc542, 0x441d82be, 0x3983055d, 0x820cd142, 
    0x08bb26a9, 0x08bbffa8, 0x820382a9, 0x0f002169, 0xa3223984, 0x03435d00, 0x2a3dab08, 0x00550011, 0x005e0045, 0x82790097, 0x82aa2003, 0x00ae2603, 
    0x00090197, 0x22fb828c, 0x82380197, 0x823d200b, 0x823e2003, 0x008b2603, 0x009b0297, 0x07d34545, 0xffb20229, 0x00b3028c, 0x82e20645, 0x03122a33, 
    0x04a3fff2, 0x04bbff7d, 0x2003827f, 0x20038282, 0x20038283, 0x20038284, 0x20038285, 0x20038286, 0x20038287, 0x20038289, 0x2003828a, 0x2003828b, 
    0x2003828c, 0x24e5828d, 0x088b00e8, 0x20c9829f, 0x260382a2, 0x00bbffa3, 0x82920216, 0x82932063, 0x82942003, 0x82982003, 0x82992003, 0x829b2003, 
    0x869c2003, 0x82a0207b, 0x46a12007, 0x02200557, 0xa520f583, 0xa6200b82, 0xa7200382, 0xac200382, 0xae280382, 0xee044500, 0x43084500, 0x46200382, 
    0x47200382, 0x79200382, 0x1626e382, 0x8cff1501, 0x03829b01, 0x03829c20, 0x03829d20, 0x03829e20, 0x03829f20, 0x0382a020, 0x0382a120, 0x0382a220, 
    0x0382a320, 0x0382a520, 0x0382a620, 0x8cffa724, 0x03821d04, 0x03822220, 0x03822520, 0x8cff3524, 0x03821408, 0x09254782, 0x098cff04, 0x23038260, 
    0x008cff70, 0x98205983, 0x98265982, 0x98ff9c01, 0x03829d01, 0x03829e20, 0x03829f20, 0x0382a020, 0x0382a120, 0x0382a220, 0x0382a320, 0x0382a520, 
    0x0382a620, 0x98ffa722, 0x98225982, 0x07822204, 0x03822520, 0x98ff3524, 0x03821408, 0x98ff1522, 0x98205982, 0x98265982, 0x98ff7009, 0xb3821700, 
    0x5982a320, 0x5982a320, 0x5982a320, 0x9e01a326, 0x9f01a3ff, 0xa0200382, 0xa1200382, 0xa2200382, 0xa3200382, 0xa5200382, 0xa6200382, 0xa7220382, 
    0x5982a3ff, 0x5982a320, 0x2504a322, 0x35260b82, 0x3807a3ff, 0x5d82a3ff, 0x1508a324, 0x5d82a3ff, 0x5d82a320, 0x5d82a320, 0x5d84a320, 0x5d82af20, 
    0x5d82af20, 0x5d82af20, 0x5d82af20, 0x5d82af20, 0xa001af26, 0xa101afff, 0xa2200382, 0xa3200382, 0x81470382, 0xa7012306, 0x5d82afff, 0x5d82af20, 
    0x5d82af20, 0x3504af24, 0x5d82afff, 0x5d82af20, 0x1508af24, 0x5d82afff, 0x5d82af20, 0x5d82af20, 0x1700af28, 0xbbffd801, 0x0382d901, 0x0382da20, 
    0x0382db20, 0x0382dc20, 0x0382dd20, 0x0382de20, 0x0382df20, 0x0382e020, 0x0382e120, 0x0382e220, 0x0382e320, 0x0382e420, 0x0382e520, 0x0382e620, 
    0x0382eb20, 0x0382ec20, 0xbbffef24, 0x03822508, 0x03822620, 0xbbff2724, 0x03827109, 0xbbff7222, 0x0c305d82, 0x0b020cff, 0x13029cff, 0x2d02a1ff, 
    0x38028cff, 0x3b200382, 0x42200382, 0x45200382, 0x49200382, 0x66200382, 0xa33c0382, 0xff025d00, 0x34038cff, 0x37048cff, 0x72058cff, 0xc00580ff, 
    0xc6053bff, 0xc80598ff, 0xcd270b82, 0xd5052fff, 0x4605a3ff, 0x09280683, 0x008cff1b, 0xff150119, 0x4730d141, 0xd941075f, 0x3807210f, 0x8316dd41, 
    0x01692665, 0x0169ff9b, 0x2003829c, 0x2003829d, 0x2003829e, 0x2003829f, 0x200382a0, 0x200382a1, 0x200382a2, 0x09af48a3, 0x82a70121, 0x06c5470b, 
    0x69266582, 0x69ff2204, 0x03822504, 0x69ff3522, 0x692a6582, 0x69ff1408, 0x69ff1508, 0x03820409, 0x03826020, 0x69ff7022, 0x0223cbb9, 0xa9a3ffb2, 
    0x0b0225cb, 0x1a02afff, 0x48240382, 0xf80298ff, 0xf9240382, 0x750398ff, 0x76280382, 0x7803afff, 0xba032fff, 0xc8240b82, 0xe003bbff, 0xe2200f82, 
    0xe3200382, 0xe8200382, 0x24080f82, 0x04bbffe9, 0x045eff7b, 0x048cff8f, 0x05f5fe91, 0x05bbff72, 0x0598ff90, 0x0552ffc0, 0x05afffc3, 0x055effc6, 
    0x260382cd, 0x008cffe8, 0x8252051a, 0x82672011, 0x82682003, 0x826a2003, 0x826d2003, 0x82942003, 0x82a02003, 0x0d2f4703, 0xd305af22, 0xd4201382, 
    0xd6200382, 0xd9200382, 0x79825582, 0x82e10521, 0x2179820b, 0x0782e605, 0x0382e720, 0x25064b47, 0xafffee06, 0x0382ef06, 0xaffff028, 0xafffaf08, 
    0x79431a00, 0x0ba74843, 0x20188543, 0x22d3821b, 0x82670598, 0x826820f1, 0x826a2003, 0x826d2003, 0x82942003, 0x48a02003, 0x98201003, 0x9822d382, 
    0x1782d405, 0x0382d620, 0xa3ffd924, 0x0782e005, 0x0382e120, 0x0382e320, 0x0382e620, 0x0382e720, 0x820af947, 0x829820d7, 0x069824d7, 0x8298fff0, 
    0x009821d7, 0xbb206d83, 0xbb266d82, 0xbbff6805, 0x03826a05, 0x03826d20, 0x03829420, 0xb146a020, 0x0575220c, 0x200f82c6, 0x200382d3, 0x200382d4, 
    0x410382d6, 0xbb220541, 0x0b82e105, 0x0382e320, 0x0382e620, 0x0382e720, 0x2009cd46, 0x206d82af, 0x206d82bb, 0x206d82bb, 0x226d82bb, 0x491d00bb, 
    0x5222145b, 0x818223ff, 0x81822320, 0x81822320, 0x6d052322, 0x94200f82, 0xa0200382, 0xc6200382, 0xc9200382, 0xcb20c382, 0xcd200382, 0xd3200382, 
    0xd4200f82, 0xd6200382, 0xd9200382, 0xe0200382, 0xe1200382, 0xe3200382, 0xe6200382, 0xe7220382, 0x758223ff, 0x75822320, 0x75822320, 0x75822320, 
    0x21002322, 0x24288b42, 0x03bbffdf, 0x200382e0, 0x200382e1, 0x820382e2, 0xe40321d7, 0xe5200782, 0xdf820382, 0xdf820320, 0xa3420320, 0x77082f2e, 
    0x7808bbff, 0x2100bbff, 0xafff0a01, 0x03820b01, 0x03820c20, 0x03820d20, 0xafff0e22, 0x2338b144, 0x05afffbe, 0x20057d4a, 0x17b944af, 0xffdb0725, 
    0x82a808af, 0x82a92003, 0xffac2803, 0xff1b09af, 0x4921008c, 0x52210851, 0x19f741ff, 0x200b1149, 0x06ab4cc6, 0x2522fb41, 0xbbff5a06, 0x03825b06, 
    0x0382ee20, 0x0382ef20, 0xbbfff022, 0x250f4949, 0xbbffaf08, 0x65482300, 0x0092242c, 0x82930251, 0x82942003, 0x82982003, 0x82992003, 0x829b2003, 
    0x829c2003, 0x829d2003, 0x82a02003, 0x82a12003, 0x82a22003, 0x82a52003, 0x82a62003, 0x82a72003, 0x82ac2003, 0x82ae2003, 0x06994803, 0x00ee042d, 
    0x00e20651, 0x00430897, 0x82460851, 0x82472003, 0x00792403, 0x422b0051, 0xab44281f, 0xffbe2427, 0x82bf0552, 0x82c02003, 0xffc22403, 0x82c305af, 
    0x82c42003, 0x44c52003, 0x753a0cbf, 0x8cff5a06, 0x8cff5b06, 0x52ffdb07, 0xafffdc07, 0xafffdd07, 0x52ffa808, 0x0382a908, 0x0b82aa20, 0x0382ab20, 
    0x0b82ac20, 0x0782b020, 0xafffb228, 0xaffff209, 0xadc82d00, 0x45130142, 0x0144076d, 0x09754507, 0xcd05bb25, 0x42055eff, 0x05212205, 0x42d582e8, 
    0x08250a01, 0x00bbffaf, 0x0cf1412e, 0x51008a23, 0x0d5b4a00, 0x5b4a5120, 0x37f54110, 0x5100a824, 0xfd41a902, 0x42b0200a, 0x51220801, 0x0b82b402, 
    0x0382b520, 0x0382b620, 0x5100eb28, 0x5100ee04, 0x15420406, 0x42482012, 0x09210519, 0x20a78218, 0x20b98e2f, 0x20b98e45, 0x23b9bc45, 0x027400a3, 
    0x220bb342, 0x824500a8, 0x024521bd, 0x2007bb42, 0x420f82b0, 0xbd8206bf, 0xb5024522, 0xb6200f82, 0xeb220382, 0xbd864500, 0xd3424520, 0x00482610, 
    0x00790845, 0x22bd8251, 0x8e300045, 0x237741bd, 0x4b024521, 0xa4222b6f, 0xc1825100, 0x4b024521, 0x7f410773, 0x02452209, 0x41a982ae, 0x45201d7f, 
    0x210a7f41, 0x9f4b0845, 0x057f4107, 0xc1824520, 0x31005122, 0x2428ef42, 0x03afffdf, 0x200382e0, 0x0a5148e1, 0x0b82e420, 0x0382e520, 0x0382e620, 
    0x0382e720, 0x0382e820, 0xafffe922, 0x43146148, 0xad4325b5, 0xff77240d, 0x437808af, 0x332622b5, 0x00008702, 0x03828802, 0x51009624, 0x07829a02, 
    0x2106b751, 0x0b82aa02, 0x0382ab20, 0x0382c620, 0x0382d120, 0x0382d220, 0x0382d320, 0x0000d424, 0x03825a03, 0x03825b20, 0x03825c20, 0x03825e20, 
    0x03825f20, 0x03826020, 0x03826120, 0x03826220, 0x03826320, 0x03826420, 0x03826520, 0x03826620, 0x03826720, 0x03826820, 0x00006924, 0x03829004, 
    0x03829720, 0x0382ca20, 0x0382d520, 0x0382e120, 0x0382ed20, 0x0382f020, 0x0382fa20, 0x0382fb20, 0x0000fc24, 0x03827305, 0xe3ffe828, 0x0000d807, 
    0x03824908, 0x08205782, 0x08215782, 0x240b8264, 0x090000e8, 0x2003821d, 0x2003821e, 0x2003824d, 0x2a038283, 0x00000092, 0xff150139, 0x829b0175, 
    0x829c2003, 0x829d2003, 0x829e2003, 0x829f2003, 0x82a02003, 0x82a12003, 0x82a22003, 0x82a32003, 0x82a52003, 0x82a62003, 0x82a72003, 0xffc82403, 
    0x82c901bb, 0x82ca2003, 0x82d82003, 0x82d9200f, 0x82da2003, 0x82db2003, 0x82dc2003, 0x82dd2003, 0x82de2003, 0x82df2003, 0x82e02003, 0x82e12003, 
    0x82e22003, 0x82e32003, 0x82e42003, 0x82e52003, 0x82e62003, 0x82eb2003, 0x82ec2003, 0xffef2c03, 0xfff20375, 0xff0c0475, 0x821a04bb, 0x821d2003, 
    0x8222200b, 0x82252003, 0x82342003, 0xff35240f, 0x82140875, 0x24ab8203, 0xbbff1f08, 0x21178208, 0x0f822608, 0x75ff2724, 0x03820409, 0x03826020, 
    0x03827020, 0x03827120, 0x03827220, 0x09209f82, 0x09209f82, 0x09259f82, 0x00bbffcb, 0x4de58245, 0x0123300f, 0x829cffc8, 0x019c2ae5, 0x039cffca, 
    0x0398ffb5, 0x200382b7, 0x200382b8, 0x200382c6, 0x200382c7, 0x200382c8, 0x200382c9, 0x200382ca, 0x200382cb, 0x200382cc, 0x200382cd, 0x200382ce, 
    0x200382cf, 0x200382d0, 0x200382d1, 0x200382d2, 0x200382d3, 0x200382d4, 0x200382d5, 0x200382d6, 0x200382d7, 0x200382d8, 0x220382dd, 0x82affff2, 
    0x829c20f9, 0x4d9c20f9, 0x34240c83, 0x35049cff, 0xdf521b82, 0xc5042706, 0xfd0498ff, 0x934d98ff, 0x1f082507, 0x6e089cff, 0x74200f82, 0x75200382, 
    0x76220382, 0xa74d98ff, 0x8f09210b, 0x93200f82, 0x94200382, 0xac200382, 0xc8240382, 0xc9099cff, 0xcf820382, 0xffcb092b, 0x014b009c, 0x015eff15, 
    0x2003829b, 0x2003829c, 0x2003829d, 0x2003829e, 0x2003829f, 0x200382a0, 0x200382a1, 0x200382a2, 0x200382a3, 0x200382a5, 0x200382a6, 0x240382a7, 
    0x01afffc8, 0x200382c9, 0x240382ca, 0x01a3ffd2, 0x200382d3, 0x200382d4, 0x200382d5, 0x200382d6, 0x240382d7, 0x0198ffd8, 0x200382d9, 0x200382da, 
    0x200382db, 0x200382dc, 0x200382dd, 0x200382de, 0x200382df, 0x200382e0, 0x200382e1, 0x200382e2, 0x200382e3, 0x200382e4, 0x200382e5, 0x200382e6, 
    0x200382eb, 0x300382ec, 0x0398ffef, 0x045efff2, 0x04afff0c, 0x04a3ff11, 0x20fd8213, 0x200b821a, 0x2013821d, 0x20038222, 0x20038225, 0x240f8234, 
    0x085eff35, 0x82038214, 0x1f0829cb, 0x2308afff, 0x2408a3ff, 0x25240382, 0x260898ff, 0x27200382, 0x8d280382, 0x0409a3ff, 0x60095eff, 0x62200382, 
    0x70200b82, 0x71240782, 0x720998ff, 0x75200382, 0x79200f82, 0x7e200382, 0xdb820382, 0xdb820920, 0xdb820920, 0xffcb0925, 0x82cd09af, 0x82ce2013, 
    0xffcf2403, 0x444c00a3, 0x86240cbd, 0xe102bbff, 0xe2200382, 0xf8200382, 0x2406134d, 0x03bbff74, 0x20038275, 0x20038276, 0x20038277, 0x20038278, 
    0x20038279, 0x2003827a, 0x2003827b, 0x2003827c, 0x2003827d, 0x2003827e, 0x2003827f, 0x20038280, 0x20038281, 0x20038282, 0x20038283, 0x20038284, 
    0x82038285, 0x8703215b, 0x88200782, 0x89200382, 0x8a200382, 0x8b200382, 0x8c200382, 0x8d200382, 0x8e200382, 0x8f200382, 0x90200382, 0x91200382, 
    0x92200382, 0x93200382, 0x94200382, 0x8b4d0382, 0x53ff4a07, 0xbbff6524, 0x03826608, 0x03826720, 0x03826820, 0x03826920, 0x03826a20, 0x03826b20, 
    0x03826c20, 0x03826d20, 0x2a06234b, 0xbbffe00a, 0x87025600, 0x8202bbff, 0x9a0221c5, 0xaa200782, 0xab200382, 0xc6200382, 0xd1200382, 0xd2200382, 
    0xd3200382, 0xd4200382, 0x5a20b582, 0x5b200382, 0x5c200382, 0x5e200382, 0x5f200382, 0x60200382, 0x61200382, 0x62200382, 0x63200382, 0x64200382, 
    0x65200382, 0x66200382, 0x67200382, 0x68200382, 0x69280382, 0x5204bbff, 0x900498ff, 0x97240782, 0xca0475ff, 0xd5200782, 0xe1200382, 0xed200382, 
    0xf0200382, 0xfa200382, 0xfb200382, 0xfc220382, 0x634ebbff, 0x203b820c, 0x07674e05, 0x1b826e20, 0x03827320, 0xafff9424, 0x07829905, 0x0521af82, 
    0x2007829b, 0x2003829c, 0x2003829d, 0x201782a0, 0x200782a4, 0x200382a5, 0x200b82c6, 0x200782c9, 0x220382cb, 0x4e80ffcd, 0x7782088b, 0x8f4e0520, 
    0x05af2105, 0x20078f4e, 0x4e2382e2, 0x93820b93, 0x250b8f4e, 0xbbffd807, 0x03824908, 0x03826220, 0x03826320, 0x03826420, 0xafffaf28, 0xbbffe808, 
    0x03821d09, 0x03821e20, 0x03824d20, 0x03828320, 0xbbff9224, 0x03820e0a, 0xbbff0f24, 0x8b426000, 0x67d54ae4, 0x292ad742, 0xbbffaf08, 0xbbffe00a, 
    0x3b456500, 0x01692636, 0x0169ffc9, 0x200382ca, 0x200382cb, 0x200382cc, 0x200382cd, 0x200382ce, 0x200382cf, 0x200382d0, 0x240382d1, 0x018cffd2, 
    0x200382d3, 0x200382d4, 0x200382d5, 0x200382d6, 0x240382d7, 0x0146ffd8, 0x200382d9, 0x200382da, 0x200382db, 0x200382dc, 0x200382dd, 0x200382de, 
    0x200382df, 0x200382e0, 0x200382e1, 0x200382e2, 0x200382e3, 0x200382e4, 0x200382e5, 0x200382e6, 0x200382eb, 0x200382ec, 0x240382ef, 0x0180fff0, 
    0x200382f1, 0x200382f2, 0x200382f3, 0x200382f4, 0x200382f5, 0x200382f6, 0x200382f7, 0x200382f8, 0x340382f9, 0x0380fffa, 0x0446fff2, 0x0469ff0c, 
    0x04bbff10, 0x0498ff11, 0x20078217, 0x450f821a, 0x69220987, 0x13822804, 0x13823420, 0x5eff3526, 0x69ff6204, 0x220a8f45, 0x82200869, 0x8221200f, 
    0x82222003, 0xff232403, 0x8224088c, 0xff252403, 0x82260846, 0x82272003, 0xff282403, 0x82290880, 0xff8d2203, 0x0aa3458c, 0x45098c21, 0x462605a3, 
    0x46ff7209, 0x1b827509, 0x03827920, 0x03827e20, 0x69ffc824, 0x0382c909, 0x0382ca20, 0x0382cb20, 0x1382cd20, 0x0382ce20, 0x8cffcf26, 0x02006f00, 
    0x03200582, 0x04200382, 0x05200382, 0x06200382, 0x07200382, 0x08200382, 0x09200382, 0x0a200382, 0x0b200382, 0x0c200382, 0x0d200382, 0x0e200382, 
    0x0f200382, 0x10200382, 0x11200382, 0x12200382, 0x13200382, 0x14200382, 0x15200382, 0x16200382, 0x17200382, 0x18200382, 0x19200382, 0x1a200382, 
    0x1b200382, 0x1c200382, 0x1d200382, 0x1e200382, 0x1f200382, 0x20200382, 0x21200382, 0x22200382, 0xe5820382, 0x82240021, 0x82252007, 0x82262003, 
    0x82272003, 0x82282003, 0x82292003, 0x822a2003, 0x822b2003, 0x822c2003, 0x822d2003, 0x822e2003, 0x822f2003, 0x82302003, 0x82312003, 0x82322003, 
    0x82332003, 0x82342003, 0x82352003, 0x82362003, 0x82372003, 0x82382003, 0x82392003, 0x823a2003, 0x823b2003, 0x823c2003, 0x823d2003, 0x823e2003, 
    0x823f2003, 0xff402803, 0xff0a018c, 0x820b010c, 0x820c2003, 0x820d2003, 0xff0e2203, 0x0c27440c, 0x221bbb53, 0x538cffd9, 0x032313bf, 0x4b8cffec, 
    0xc3531461, 0x5a062d12, 0x5b0669ff, 0x160769ff, 0x1d078cff, 0xe6200382, 0xe7200382, 0xe8200382, 0xe9200382, 0xea200382, 0xeb240382, 0x4a098cff, 
    0x66200382, 0x89240382, 0x030a8cff, 0x04200382, 0xd4200382, 0x7320c382, 0x2533c757, 0x80ffc801, 0x0382c901, 0x0382ca20, 0xafffcb24, 0x0382cc01, 
    0x0382cd20, 0x0382ce20, 0x0382cf20, 0x0382d020, 0x0382d120, 0x69ffd824, 0x0382d901, 0x0382da20, 0x0382db20, 0x0382dc20, 0x0382dd20, 0x0382de20, 
    0x0382df20, 0x0382e020, 0x0382e120, 0x0382e220, 0x0382e320, 0x0382e420, 0x0382e520, 0x0382e620, 0x0382eb20, 0x0382ec20, 0x69ffef28, 0xbbffb503, 
    0x0382b703, 0x0382b820, 0x0382b920, 0x0382ba20, 0x0382bc20, 0x0382bd20, 0x0382be20, 0x0382bf20, 0x0382c020, 0x0382c120, 0x0382c620, 0x0382c720, 
    0x0382c820, 0x0382c920, 0x0382ca20, 0x0382cb20, 0x0382cc20, 0x0382cd20, 0x0382ce20, 0x0382cf20, 0x0382d020, 0x0382d120, 0x0382d220, 0x0382d320, 
    0x0382d420, 0x0382d520, 0x0382d620, 0x0382d720, 0x0382d820, 0x0382dd20, 0x69fff228, 0x80ff0c04, 0x03821a04, 0x200bbf58, 0x300f8234, 0x048cff35, 
    0x04bbffc5, 0x05bbfffd, 0x05affff9, 0x200382fa, 0x230382fb, 0x08affffc, 0x2506db58, 0x80ff1f08, 0x0f822008, 0x03822120, 0x03822220, 0x69ff2524, 
    0x03822608, 0x03822720, 0xbbff6e24, 0x03826f08, 0x03827020, 0x03827120, 0x03827420, 0x03827520, 0xbbff7622, 0x250b1359, 0x69ff7109, 0x03827209, 
    0x17828f20, 0x03829320, 0x03829420, 0x0382ac20, 0x80ffc824, 0x0382c909, 0x0382ca20, 0x80ffcb2a, 0x02009600, 0x0300afff, 0x04200382, 0x05200382, 
    0x06200382, 0x07200382, 0x08200382, 0x09200382, 0x0a200382, 0x0b200382, 0x0c200382, 0x0d200382, 0x0e200382, 0x0f200382, 0x10200382, 0x11200382, 
    0x12200382, 0x13200382, 0x14200382, 0x15200382, 0x16200382, 0x17200382, 0x18200382, 0x19200382, 0x1a200382, 0x1b200382, 0x1c200382, 0x1d200382, 
    0x1e200382, 0x1f200382, 0x20200382, 0x21200382, 0xe1820382, 0x82230021, 0x82242007, 0x82252003, 0x82262003, 0x82272003, 0x82282003, 0x82292003, 
    0x822a2003, 0x822b2003, 0x822c2003, 0x822d2003, 0x822e2003, 0x822f2003, 0x82302003, 0x82312003, 0x82322003, 0x82332003, 0x82342003, 0x82352003, 
    0x82362003, 0x82372003, 0x82382003, 0x82392003, 0x823a2003, 0x823b2003, 0x823c2003, 0x823d2003, 0x823e2003, 0x823f2003, 0xff402203, 0x132154af, 
    0x2636dd42, 0xffc90198, 0x82ca0198, 0x82f02003, 0x82f12057, 0x82f22003, 0x82f32003, 0x82f42003, 0x82f52003, 0x82f62003, 0x82f72003, 0x82f82003, 
    0x82f92003, 0xfffa2403, 0x82d903af, 0x82ec2003, 0xfff22803, 0xff0c048c, 0x821a0498, 0x0d314203, 0x3504982a, 0x93058cff, 0xab0598ff, 0xaf200782, 
    0xb1240382, 0xb20500ff, 0xbe240382, 0xbf052fff, 0xc0280382, 0x16072fff, 0x1d07afff, 0x38240382, 0xdb078cff, 0xde200f82, 0xe0200782, 0xe4240382, 
    0xe50700ff, 0xe6200382, 0xe7201b82, 0xe8200382, 0xe9200382, 0xea200382, 0xeb200382, 0x220c7142, 0x82280898, 0x8229200f, 0xffa82403, 0x82a9082f, 
    0x82ac2003, 0xffeb3003, 0xffec0800, 0xff040900, 0xff4a098c, 0x826009af, 0x82662007, 0x82702007, 0x82892007, 0xffc82307, 0xf7820998, 0xf7820920, 
    0xffcb0929, 0xff030a98, 0x82040aaf, 0xffd42e03, 0x02ff00af, 0x02bbff1b, 0x028cff86, 0x200782df, 0x200382e0, 0x200b82e1, 0x200382e2, 0x200b82e3, 
    0x200382e4, 0x200382e5, 0x200382e6, 0x200382e7, 0x200382e8, 0x200382e9, 0x200382ea, 0x200382ec, 0x200382ed, 0x200382ee, 0x200382ef, 0x200382f0, 
    0x200382f1, 0x200382f2, 0x200382f3, 0x240382f4, 0x03bbfff5, 0x2003822c, 0x2003822d, 0x2003822e, 0x2003822f, 0x20038230, 0x20038231, 0x20038234, 
    0x20038235, 0x20038236, 0x20038237, 0x2003823b, 0x2003823c, 0x2003823d, 0x2003823e, 0x2003823f, 0x20038240, 0x20038241, 0x20038242, 0x20038243, 
    0x20038244, 0x24038245, 0x038cff74, 0x20038275, 0x20038276, 0x20038277, 0x20038278, 0x20038279, 0x2003827a, 0x2003827b, 0x2003827c, 0x2003827d, 
    0x2003827e, 0x2003827f, 0x20038280, 0x20038281, 0x20038282, 0x20038283, 0x20038284, 0x82038285, 0x870321f7, 0x88200782, 0x89200382, 0x8a200382, 
    0x8b200382, 0x8c200382, 0x8d200382, 0x8e200382, 0x8f200382, 0x90200382, 0x91200382, 0x92200382, 0x93200382, 0x94200382, 0x95240382, 0x5104bbff, 
    0x63200382, 0x64200382, 0x65200382, 0x66200382, 0x67200382, 0x68200382, 0x69200382, 0x6a200382, 0x6b200382, 0x6c200382, 0x6d200382, 0x6e200382, 
    0x6f200382, 0x70200382, 0x71200382, 0x72200382, 0x73200382, 0x74200382, 0x75200382, 0x76200382, 0x77200382, 0x78200382, 0x79200382, 0x7a200382, 
    0x8f200382, 0x91200382, 0x92200382, 0x93200382, 0x94200382, 0x98200382, 0x99200382, 0x9a200382, 0x9b200382, 0x9c200382, 0x9d200382, 0x9e200382, 
    0x9f200382, 0xa0200382, 0xa1200382, 0xa2200382, 0xa3200382, 0xa4200382, 0xa5200382, 0xa6200382, 0xa7200382, 0xa8200382, 0xa9200382, 0xc6200382, 
    0xc7200382, 0xc8200382, 0xc9200382, 0xcf200382, 0xd0200382, 0xd1200382, 0xd2200382, 0xd3200382, 0xd4200382, 0xd9200382, 0xda200382, 0xdb200382, 
    0xdc200382, 0xdd200382, 0xde200382, 0xdf200382, 0xe0200382, 0xe5200382, 0xe6200382, 0xea200382, 0xeb200382, 0xec200382, 0xf2200382, 0xf4200382, 
    0xf6200382, 0xf7240382, 0x1e05bbff, 0x23240382, 0x260575ff, 0x2a200782, 0x2d200382, 0x52240b82, 0x67055eff, 0x68200382, 0x6a200382, 0x6d200382, 
    0x6b550382, 0x05752205, 0x200b8294, 0x2027829e, 0x240782a0, 0x050cffb1, 0x240382b2, 0x053bffbe, 0x200382bf, 0x240382c0, 0x0580ffc2, 0x200382c3, 
    0x200382c4, 0x200382c5, 0x282782c6, 0x059effc9, 0x05d8ffca, 0x200782cb, 0x240782cc, 0x0546ffcd, 0x201782d3, 0x200382d4, 0x200382d6, 0x200382d9, 
    0x200382e0, 0x200382e1, 0x200382e3, 0x200382e6, 0x280382e7, 0x062fffe8, 0x0618ff5a, 0x2403825b, 0x065effee, 0x280382ef, 0x075efff0, 0x07bbffd5, 
    0x280382d6, 0x073bffdb, 0x0780ffdc, 0x2c0382dd, 0x070cffe4, 0x080cffe5, 0x08bbff4e, 0x2003824f, 0x20038250, 0x20038251, 0x20038259, 0x2003825a, 
    0x2003825b, 0x2403825c, 0x088cff65, 0x20038266, 0x20038267, 0x20038268, 0x20038269, 0x2003826a, 0x2003826b, 0x2003826c, 0x2003826d, 0x20278299, 
    0x2003829d, 0x200382a0, 0x200382a1, 0x200382a4, 0x240382a6, 0x083bffa8, 0x240382a9, 0x0880ffaa, 0x200382ab, 0x240b82ac, 0x085effaf, 0x200b82b0, 
    0x200382b2, 0x202382e5, 0x200382e6, 0x288782eb, 0x090cffec, 0x09bbff4b, 0x20038281, 0x20038282, 0x20038284, 0x20038285, 0x20038286, 0x20038288, 
    0x8203829c, 0xa2092163, 0xb0200782, 0xb1200382, 0xf22a0382, 0xe00a80ff, 0x02008cff, 0x0382c000, 0x00003c2a, 0x5e004900, 0x7a003b00, 0x22080182, 
    0x00890051, 0x0052008c, 0x00c600a1, 0x00c90056, 0x007c00cc, 0x00d400d1, 0x00d60080, 0x008400da, 0x82e300dc, 0x00e62621, 0x009100e8, 0x360182ea, 
    0x01090194, 0x01950044, 0x00750146, 0x017701d1, 0x0101017e, 0x82a8019b, 0xaa2c0c15, 0x1701c101, 0xd401c701, 0xd6012f01, 0x3d011a02, 0x1e021c02, 
    0x23028201, 0x85013702, 0x3a023902, 0x3c029a01, 0x9c014202, 0x45024402, 0x4702a301, 0xa5016602, 0x6a026802, 0x6c02c501, 0xc8016d02, 0x72027102, 
    0x7402ca01, 0xcc017402, 0x85027f02, 0x8902cd01, 0xd401ae02, 0xc402b002, 0xc602fa01, 0x0f02cf02, 0xd402d102, 0xd6021902, 0x1d02dd02, 0xe102df02, 
    0xe3022502, 0x2802e702, 0xeb02ea02, 0xed022d02, 0x2f02f502, 0xfa02f702, 0xfc023802, 0x3c022903, 0x31032b03, 0x33036a02, 0x71023303, 0x38033503, 
    0x3a037202, 0x76024503, 0x57035703, 0x5a038202, 0x83025b03, 0x5e035e03, 0x60038502, 0x86027603, 0x95037803, 0xb5039d02, 0xbb02b503, 0xba03b703, 
    0xbc03bc02, 0xc002c103, 0xd903c703, 0xdd03c602, 0xd902dd03, 0xe103df03, 0xe403da02, 0xdd02ed03, 0xf203ef03, 0x0c04e702, 0xeb020c04, 0x11040e04, 
    0x1404ec02, 0xf0021504, 0x1c041704, 0x1e04f202, 0xf8021e04, 0x2b042104, 0x2e04f902, 0x04032e04, 0x50043404, 0x52040503, 0x22035304, 0x62045504, 
    0x7b042403, 0x32037b04, 0x7d047d04, 0x7f043303, 0x34037f04, 0x87048204, 0x89043503, 0x3b039404, 0xc5049604, 0xc8044703, 0x7703ca04, 0xe204ce04, 
    0xe6047a03, 0x8f03ea04, 0xee04ec04, 0xf0049403, 0x9703f504, 0xf804f704, 0xfb049d03, 0x9f03fb04, 0xfd04fd04, 0xff04a003, 0xa1030005, 0x02050205, 
    0x0b05a303, 0xa4030b05, 0x15051505, 0x1e05a503, 0xa6031f05, 0x27052705, 0x2905a803, 0xa9032a05, 0x52055205, 0x6705ab03, 0xac036a05, 0x6e056d05, 
    0x7205b003, 0xb2037205, 0x76057605, 0x7b05b303, 0xb4037b05, 0x7e057d05, 0x8005b503, 0xb7038005, 0x84058405, 0x8605b803, 0xb9038605, 0x91059105, 
    0x9305ba03, 0xbb039405, 0x9e059905, 0xa005bd03, 0xc303a005, 0xa505a405, 0xab05c403, 0xc603ac05, 0xb205af05, 0xb705c803, 0xcc03b705, 0xc205c205, 
    0xc505cd03, 0xce03c605, 0xcc05c905, 0xce05d003, 0xd403ce05, 0xd605d305, 0xd905d503, 0xd903d905, 0xe305e005, 0xe605da03, 0xde03e805, 0xed05ed05, 
    0xef05e103, 0xe203ef05, 0xfd05f905, 0x0006e303, 0xe8030006, 0x58063906, 0x5a06e903, 0x09045b06, 0x5d065d06, 0x60060b04, 0x0c046406, 0x69066706, 
    0xe9061104, 0x1404eb06, 0x03070107, 0x16071704, 0x1a041607, 0x24071d07, 0x3f071b04, 0x23043f07, 0xcf07cd07, 0xd2072404, 0x2704d607, 0xd907d807, 
    0xdc072c04, 0x2e04e107, 0xeb07e407, 0xee073404, 0x3c04f007, 0xf507f507, 0xf7073f04, 0x4004f907, 0x0c08fc07, 0x14084304, 0x54041c08, 0x29081e08, 
    0x2f085d04, 0x69043e08, 0x5c084008, 0x62087904, 0x96047108, 0x7a087408, 0x7c08a604, 0xad048008, 0x8d088c08, 0x8f08b204, 0xb4049008, 0x96089608, 
    0x9908b604, 0xb7049d08, 0xa4089f08, 0xa608bc04, 0xc204a608, 0xab08aa08, 0xaf08c304, 0xc504b008, 0xc608c608, 0xdd08c704, 0xc804df08, 0xe608e208, 
    0xe808cb04, 0xd004e908, 0xec08eb08, 0xf408d204, 0xd404f408, 0xf708f608, 0x0109d504, 0xd7040109, 0x04090409, 0x1b09d804, 0xd9041b09, 0x20092009, 
    0x2d09da04, 0xdb042d09, 0x2f092f09, 0x4a09dc04, 0xdd044b09, 0x4d094d09, 0x5809df04, 0xe0046009, 0x67096209, 0x6f09e904, 0xef047209, 0x75097409, 
    0x7809f304, 0xf5047909, 0x7e097e09, 0x8009f704, 0xf8048609, 0x89098809, 0x8f09ff04, 0x01058f09, 0x94099109, 0x97090205, 0x06059909, 0xa2099c09, 
    0xa4090905, 0x1005a609, 0xac09ac09, 0xb1091305, 0x1405b109, 0xcf09c409, 0xd3091505, 0x2105d309, 0xf209f209, 0x030a2205, 0x2305040a, 0x0f0a0e0a, 
    0xd40a2505, 0x2705d40a, 0xde0ade0a, 0xe00a2805, 0x2905e00a, 0xf40af40a, 0xf60a2a05, 0x2b05f60a, 0x41009d01, 0x42004500, 0x43200382, 0x44200382, 
    0x45200382, 0x46200382, 0x47200382, 0x48200382, 0x54200382, 0x55200382, 0x56200382, 0x57200382, 0x58200382, 0x59200382, 0x5a200382, 0x5b200382, 
    0x5c200382, 0x5d200382, 0x5e200382, 0x5f200382, 0x60200382, 0x61200382, 0x62200382, 0x63200382, 0x64200382, 0x65200382, 0x66200382, 0x67200382, 
    0x68200382, 0x69200382, 0x6a200382, 0x6b200382, 0x6c200382, 0x6d200382, 0x6e200382, 0x6f200382, 0x70200382, 0x71200382, 0x72200382, 0x73200382, 
    0x74200382, 0x75200382, 0x76200382, 0x77200382, 0x78200382, 0x79200382, 0x7b200382, 0x84200382, 0x85200382, 0x86200382, 0x87200382, 0x88200382, 
    0x89200382, 0x8b200382, 0xa1200382, 0xa2200382, 0xa3200382, 0xa4200382, 0xa5200382, 0xa6200382, 0xa7200382, 0xa8200382, 0xa9200382, 0xaa200382, 
    0xab200382, 0xac200382, 0xad200382, 0xae200382, 0xaf200382, 0xb0200382, 0xb1200382, 0xb2200382, 0xb3200382, 0xb4200382, 0xb5200382, 0xb6200382, 
    0xb7200382, 0xb8200382, 0xb9200382, 0xba200382, 0xbb200382, 0xbc200382, 0xbd200382, 0xbe200382, 0xbf200382, 0xc0200382, 0xc1200382, 0xc2200382, 
    0xc3200382, 0xc4200382, 0xc5200382, 0xc6200382, 0xc9200382, 0xca200382, 0xcb200382, 0xcc200382, 0xd1200382, 0xd2200382, 0xd3200382, 0xd6200382, 
    0xd7200382, 0xd8200382, 0xd9200382, 0xe8200382, 0xea240382, 0x0f014500, 0x10200382, 0x11200382, 0x12200382, 0x13200382, 0x14200382, 0x16200382, 
    0x17200382, 0x18200382, 0x19200382, 0x1a200382, 0x1b200382, 0x1c200382, 0x1d200382, 0x1e200382, 0x1f200382, 0x20200382, 0x21200382, 0x22200382, 
    0x23200382, 0x24200382, 0x25200382, 0x26200382, 0x27200382, 0x28200382, 0x29200382, 0x2a200382, 0x2b200382, 0x2c200382, 0x2d200382, 0x2e200382, 
    0x2f200382, 0x30200382, 0x31200382, 0x32200382, 0x33200382, 0x34200382, 0x35200382, 0x37200382, 0x38200382, 0x39200382, 0x3a200382, 0x3b200382, 
    0x3c200382, 0x3d200382, 0x3e200382, 0x3f200382, 0x40200382, 0x77200382, 0x78200382, 0x79200382, 0x7a200382, 0x7b200382, 0x7c200382, 0x7d200382, 
    0x80200382, 0x81200382, 0x82200382, 0x83200382, 0x84200382, 0x85200382, 0x86200382, 0x87200382, 0x88200382, 0x89200382, 0x8a200382, 0x8b200382, 
    0x8c200382, 0x9a230382, 0x82024500, 0x250221c7, 0xc3820782, 0x82270221, 0x82282007, 0x82292003, 0x822a2003, 0x82672003, 0x82692003, 0x826b2003, 
    0x826c2003, 0x826d2003, 0x826e2003, 0x82702003, 0x827f2003, 0x82802003, 0x82812003, 0x82822003, 0x82832003, 0x82842003, 0x82852003, 0x82862003, 
    0x82892003, 0x216b8203, 0x07828b02, 0x02216b82, 0x2007828d, 0x2003828e, 0x2003828f, 0x20038290, 0x20038291, 0x200382a3, 0x200382b7, 0x200382b8, 
    0x200382b9, 0x200382ba, 0x200382bb, 0x200382bc, 0x200382bd, 0x200382be, 0x200382c0, 0x200382c1, 0x240382c2, 0x025100c3, 0x200782c4, 0x200382c5, 
    0x200382c7, 0x200382c8, 0x200382c9, 0x200382ca, 0x200382cb, 0x200382cc, 0x200382cd, 0x200382ce, 0x200382cf, 0x200382d0, 0x200382d5, 0x200382d6, 
    0x200382d7, 0x200382d8, 0x200382d9, 0x200382da, 0x200382db, 0x200382dc, 0x200382dd, 0x240382e1, 0x034500e2, 0x20038257, 0x20038258, 0x8203826a, 
    0x6c0321f3, 0xf3820782, 0x826e0321, 0x826f2007, 0x21f78203, 0x07827103, 0x03827220, 0x03827320, 0x03827420, 0x03827520, 0x03827620, 0x03827720, 
    0x03827820, 0x03827920, 0x03827a20, 0x03827b20, 0x03827c20, 0x03827d20, 0x03827e20, 0x03827f20, 0x03828020, 0x03828120, 0x03828220, 0x03828320, 
    0x03828420, 0x03828520, 0x03828620, 0x03828720, 0x03828820, 0x03828920, 0x03828a20, 0x03828b20, 0x03828c20, 0x03828d20, 0x03828e20, 0x03828f20, 
    0x03829020, 0x03829120, 0x03829220, 0x03829320, 0x03829420, 0x0382ea20, 0x0382eb20, 0x4500ef24, 0x03820d04, 0x03820e20, 0x03821420, 0x03821520, 
    0x03821620, 0x03821920, 0x03821c20, 0x03822120, 0x03822320, 0x03822420, 0x03822620, 0x03822720, 0x03822920, 0x03822b20, 0x03822d20, 0x45002e23, 
    0x202b8205, 0x212b8205, 0x0b821d05, 0x03829120, 0x4500fe28, 0x4500e206, 0x03822007, 0x0f590419, 0x13823f20, 0x0382cd20, 0x0382ce20, 0x0382cf20, 
    0x0382d020, 0x0382d220, 0x0382d320, 0x0382d420, 0x0382d920, 0x0382ec20, 0x0382ed20, 0x0382ef20, 0x0382f020, 0x0382f120, 0x0382f220, 0x0382f320, 
    0x0382f420, 0x0382f520, 0x0382f720, 0x0382f820, 0x0382f920, 0x0382fc20, 0x0382fd20, 0x0382fe20, 0x4500ff28, 0x45000008, 0x03820108, 0x03820220, 
    0x03820320, 0x03820420, 0x03820c20, 0x0821e782, 0x2007820e, 0x2003820f, 0x20038235, 0x20038236, 0x20038240, 0x20038241, 0x20038242, 0x2003824a, 
    0x2003824b, 0x2003824c, 0x2003824d, 0x20038265, 0x20038266, 0x20038267, 0x20038268, 0x20038269, 0x2003826a, 0x2003826b, 0x2003826c, 0x2003826d, 
    0x2003827a, 0x2003827b, 0x2003827c, 0x2003827d, 0x2003827e, 0x2003827f, 0x20038280, 0x2003828a, 0x2003828f, 0x200382c7, 0x200382dd, 0x200382de, 
    0x200382df, 0x200382e0, 0x200382e2, 0x200382e3, 0x200382e4, 0x200382e9, 0x240382f5, 0x094500f7, 0x20038211, 0x20038222, 0x2003822f, 0x20038258, 
    0x20038259, 0x2003825c, 0x2003825d, 0x2003825e, 0x20038263, 0x20038265, 0x20038267, 0x82038269, 0x7409218f, 0xa5200782, 0xa6200382, 0xc4200382, 
    0xc5200382, 0xc6200382, 0xc7200382, 0xcc200382, 0xd3240382, 0xe00a4500, 0xf4200382, 0xf6240382, 0xae014500, 0x23d47546, 0x0051008a, 0x469b7946, 
    0x15204775, 0x23827946, 0x01510036, 0x257a7d46, 0x45009b01, 0x03829c01, 0x03829d20, 0x03829e20, 0x03829f20, 0x0382a020, 0x0382a120, 0x0382a220, 
    0x0382a320, 0x0382a520, 0x0382a620, 0x4600a721, 0x892355ad, 0x46025100, 0xa96e1fa9, 0x8295200b, 0x8296202f, 0x82972003, 0x11b56e03, 0x9e025122, 
    0x9f201782, 0xbd6e0382, 0x0251210d, 0x201b4d63, 0x202f82ad, 0x20df82ae, 0x200782b0, 0x640382b3, 0x21470bcd, 0x4745202d, 0xeb225421, 0x1d475100, 
    0x27994630, 0x9d461d20, 0x46222006, 0x25200aa1, 0x2119a546, 0x1b823504, 0xad46ee20, 0x05f16516, 0x2315b146, 0x07450038, 0x2487b546, 0x08450014, 
    0x16bd4615, 0x17824320, 0x51004424, 0x03824508, 0x460b3565, 0x79200fd5, 0x2149b546, 0xb1460409, 0x00182306, 0xb5460951, 0x4660201b, 0x702016b9, 
    0xbd461782, 0x0bb94623, 0x42005126, 0x43005100, 0x44200382, 0xed820382, 0x82460021, 0x82472007, 0x82482003, 0x82542003, 0x82552003, 0x82562003, 
    0x82572003, 0x82582003, 0x82592003, 0x825a2003, 0x825b2003, 0x825c2003, 0x825d2003, 0x825e2003, 0x825f2003, 0x82602003, 0x82612003, 0x82622003, 
    0x82632003, 0x82642003, 0x82652003, 0x82662003, 0x82672003, 0x82682003, 0x82692003, 0x826a2003, 0x826b2003, 0x826c2003, 0x826d2003, 0x826e2003, 
    0x826f2003, 0x82702003, 0x82712003, 0x82722003, 0x82732003, 0x82742003, 0x82752003, 0x82762003, 0x82772003, 0x82782003, 0x82792003, 0x827b2003, 
    0x82842003, 0x82852003, 0x82862003, 0x82872003, 0x82882003, 0x82892003, 0x008a2403, 0x828b0045, 0x82a12007, 0x82a22003, 0x82a32003, 0x82a42003, 
    0x82a52003, 0x82a62003, 0x82a72003, 0x82a82003, 0x82a92003, 0x82aa2003, 0x82ab2003, 0x82ac2003, 0x82ad2003, 0x82ae2003, 0x82af2003, 0x82b02003, 
    0x82b12003, 0x82b22003, 0x82b32003, 0x82b42003, 0x82b52003, 0x82b62003, 0x82b72003, 0x82b82003, 0x82b92003, 0x82ba2003, 0x82bb2003, 0x82bc2003, 
    0x82bd2003, 0x82be2003, 0x82bf2003, 0x82c02003, 0x82c12003, 0x82c22003, 0x82c32003, 0x82c42003, 0x82c52003, 0x82c62003, 0x82ca2003, 0x82cb2003, 
    0x82cc2003, 0x82d12003, 0x82d22003, 0x82d32003, 0x82d62003, 0x82d72003, 0x82d82003, 0x82d92003, 0x82e82003, 0x00ea2403, 0x820f0151, 0x82102003, 
    0x82112003, 0x82122003, 0x82132003, 0x82142003, 0x00152403, 0x8216015d, 0x82172007, 0x82182003, 0x82192003, 0x821a2003, 0x821b2003, 0x821c2003, 
    0x821d2003, 0x821e2003, 0x821f2003, 0x82202003, 0x82212003, 0x82222003, 0x82232003, 0x82242003, 0x82252003, 0x82262003, 0x82272003, 0x82282003, 
    0x82292003, 0x822a2003, 0x822b2003, 0x822c2003, 0x822d2003, 0x822e2003, 0x822f2003, 0x82302003, 0x82312003, 0x82322003, 0x82332003, 0x82342003, 
    0x82352003, 0x00362403, 0x82370145, 0x82382007, 0x82392003, 0x823a2003, 0x823b2003, 0x823c2003, 0x823d2003, 0x823e2003, 0x823f2003, 0x82402003, 
    0x82772003, 0x82782003, 0x82792003, 0x827a2003, 0x827b2003, 0x827c2003, 0x827d2003, 0x82802003, 0x82812003, 0x82822003, 0x82832003, 0x82842003, 
    0x82852003, 0x82862003, 0x82872003, 0x82882003, 0x82892003, 0x828a2003, 0x828b2003, 0x828c2003, 0x829a2003, 0x009b2403, 0x829c015d, 0x829d2003, 
    0x829e2003, 0x829f2003, 0x82a02003, 0x82a12003, 0x82a22003, 0x82a32003, 0x82a52003, 0x82a62003, 0x00a72303, 0xfb82025d, 0x00250224, 0xf7820251, 
    0x82270221, 0x82282007, 0x82292003, 0x822a2003, 0x82672003, 0x82692003, 0x826b2003, 0x826c2003, 0x826d2003, 0x826e2003, 0x82702003, 0x827f2003, 
    0x82802003, 0x82812003, 0x82822003, 0x82832003, 0x82842003, 0x82852003, 0x05b94603, 0x8b025122, 0x97820b82, 0x828d0221, 0x828e2007, 0x828f2003, 
    0x82902003, 0x82912003, 0x0db94603, 0x46024521, 0x452105b9, 0x11b94602, 0xb9464520, 0x02452106, 0x770db946, 0x7b750567, 0x6aa8200b, 0x452208c9, 
    0x0b82ad02, 0x2205b946, 0x82b30245, 0x82b4200b, 0x07c96a03, 0x7f82b720, 0x0382b820, 0x0382b920, 0x0382ba20, 0x0382bb20, 0x0382bc20, 0x0382bd20, 
    0x0382be20, 0x0382c020, 0x0382c120, 0x0382c220, 0x2205db4d, 0x82c50251, 0x82c7200b, 0x82c82003, 0x82c92003, 0x82ca2003, 0x82cb2003, 0x82cc2003, 
    0x82cd2003, 0x82ce2003, 0x82cf2003, 0x82d02003, 0x82d52003, 0x82d62003, 0x82d72003, 0x82d82003, 0x82d92003, 0x82da2003, 0x82db2003, 0x82dc2003, 
    0x82dd2003, 0x00eb2803, 0x00570345, 0x82580351, 0x826a2003, 0x826b2003, 0x826c2003, 0x826d2003, 0x826e2003, 0x826f2003, 0x82702003, 0x82712003, 
    0x82722003, 0x82732003, 0x82ea2003, 0x82eb2003, 0x00ef2403, 0x820d0451, 0x820e2003, 0x82142003, 0x82152003, 0x82162003, 0x82192003, 0x821c2003, 
    0x001d2403, 0x8221045d, 0x82222007, 0x82232007, 0x82242007, 0x82252003, 0x8226200b, 0x82272007, 0x82292003, 0x822b2003, 0x822d2003, 0x822e2003, 
    0x82352003, 0x05b9461b, 0x82055121, 0x1d05253f, 0x91055100, 0xfe2c0382, 0x04065100, 0xe2064500, 0x20075100, 0x21200382, 0x22200382, 0x23200382, 
    0x24200382, 0x38240382, 0x3f075d00, 0xcd200782, 0xff820382, 0x82cf0721, 0x21ff8207, 0x0782d207, 0x0382d320, 0x0382d420, 0x0382d920, 0x0382ec20, 
    0x0382ed20, 0x0382ef20, 0x0382f020, 0x0382f120, 0x0382f220, 0x0382f320, 0x0382f420, 0x0382f520, 0x0382f720, 0x0382f820, 0x0382f920, 0x0382fc20, 
    0x0382fd20, 0x0382fe20, 0x5100ff28, 0x51000008, 0x03820108, 0x03820220, 0x03820320, 0x03820420, 0x03820c20, 0x03820d20, 0x03820e20, 0x03820f20, 
    0x5d001424, 0x03821508, 0x0b823520, 0x03823620, 0x03824020, 0x03824120, 0x03824220, 0x2305b946, 0x00450845, 0x220bef6b, 0x824a0845, 0x824b201b, 
    0x824c2003, 0x824d2003, 0x05b94603, 0x7b085122, 0x7c200b82, 0x7d200382, 0x7e200382, 0x7f200382, 0x80200382, 0x8a200382, 0x8f200382, 0xc7200382, 
    0xdd200382, 0xde200382, 0xdf200382, 0xe0200382, 0xe2200382, 0xe3200382, 0xe4200382, 0xe9280382, 0x04095100, 0x11095d00, 0x18240782, 0x22094500, 
    0x2f200782, 0x58200382, 0x59200382, 0x5c200382, 0x5d200382, 0x5e200382, 0x60200382, 0x63202782, 0x65200782, 0x67200382, 0x69200382, 0x6a200382, 
    0x70200382, 0x74201782, 0xa5200782, 0xa6200382, 0xc4200382, 0xc5200382, 0xc6200382, 0xc7200382, 0xcc200382, 0xd3240382, 0xf40a5100, 0xf6240382, 
    0xeb025100, 0x2420734d, 0x00afff49, 0x2003824a, 0x2003824b, 0x2003824c, 0x2003824d, 0x2003824e, 0x2003824f, 0x20038250, 0x20038251, 0x20038252, 
    0x54038253, 0x8a28b315, 0x8b00c500, 0x8d004500, 0x8e20bf82, 0x8f200382, 0x90200382, 0x91200382, 0x92200382, 0x93200382, 0x94200382, 0x95200382, 
    0x96200382, 0x97200382, 0xa1200382, 0xa2202f82, 0xa3200382, 0xa4200382, 0x45540382, 0x48cb4d87, 0x018cff22, 0x227f4554, 0x4dc50036, 0x412428cb, 
    0x4201afff, 0x43200382, 0x44200382, 0x45200382, 0x46200382, 0x47200382, 0x48200382, 0x49200382, 0x4a200382, 0x4b200382, 0x4c200382, 0x4d200382, 
    0x4e200382, 0x4f200382, 0x50200382, 0x51200382, 0x52200382, 0x53200382, 0x54200382, 0x55200382, 0x56200382, 0x57200382, 0x58200382, 0x59200382, 
    0x5a200382, 0x5b200382, 0x5c200382, 0x5d200382, 0x5e200382, 0x5f200382, 0x60200382, 0x61200382, 0x62200382, 0x63200382, 0x64200382, 0x65200382, 
    0x66200382, 0x67200382, 0x68200382, 0x69200382, 0x6a200382, 0x6b200382, 0x6c200382, 0x6d200382, 0x6e200382, 0x6f200382, 0x70200382, 0x71200382, 
    0x72200382, 0x73200382, 0x74200382, 0x75200382, 0x76200382, 0x21550382, 0x827e201b, 0x827f201f, 0x27295503, 0x7c062155, 0x01212f47, 0x206382a8, 
    0x200382a9, 0x200382aa, 0x200382ab, 0x200382ac, 0x200382ad, 0x200382ae, 0x200382af, 0x200382b0, 0x200382b1, 0x200382b2, 0x200382b3, 0x200382b4, 
    0x200382b5, 0x200382b6, 0x200382b7, 0x200382b8, 0x200382b9, 0x200382ba, 0x200382bb, 0x200382bc, 0x200382bd, 0x200382be, 0x200382bf, 0x200382c0, 
    0x200382c1, 0x200382c2, 0x200382c3, 0x200382c4, 0x200382c5, 0x200382c6, 0x240382c7, 0x015effc8, 0x240382c9, 0x025effca, 0x1e334f1b, 0x5533dd55, 
    0x754823d9, 0x1369480b, 0x480b6148, 0xc5250d59, 0xc500a902, 0x06dd7d02, 0x82b00221, 0x82b3200b, 0x82b42003, 0x82b52003, 0x82b62003, 0x830f4f03, 
    0x4500df24, 0x0382e002, 0x0382e320, 0x0382e420, 0x0382e520, 0x0382e620, 0x0382e720, 0x0382e820, 0x0382e920, 0x0382ea20, 0xaf82eb20, 0x0782ec20, 
    0x0382ed20, 0x0382ee20, 0x0382ef20, 0x0382f020, 0x0382f120, 0x0382f220, 0x0382f320, 0x0382f420, 0x4500f524, 0x03822c03, 0x03822d20, 0x03822e20, 
    0x03822f20, 0x03823020, 0x03823120, 0x03823420, 0x03823520, 0x03823620, 0x03823720, 0x03823b20, 0x03823c20, 0x03823d20, 0x03823e20, 0x03823f20, 
    0x03824020, 0x03824120, 0x03824220, 0x03824320, 0x03824420, 0xd1564520, 0x82952032, 0xffb52433, 0x82b7035e, 0x82b82003, 0x82c62003, 0x82c72003, 
    0x82c82003, 0x82c92003, 0x82ca2003, 0x82cb2003, 0x82cc2003, 0x82cd2003, 0x82ce2003, 0x82cf2003, 0x82d02003, 0x82d12003, 0x82d22003, 0x82d32003, 
    0x82d42003, 0x82d52003, 0x82d62003, 0x82d72003, 0x82d82003, 0x82dd2003, 0x07135003, 0xafffed24, 0x6b82ef03, 0x0782f120, 0x3bfff226, 0x5eff0c04, 
    0x2708bd56, 0x04740010, 0x04a3ff13, 0x200bc556, 0x28138217, 0x04afff18, 0x04450019, 0x202b821a, 0x200b821b, 0x280b821c, 0x048cff1d, 0x0423ff1e, 
    0x200b8221, 0x560b8222, 0x252307e1, 0x560498ff, 0x282007e5, 0x29203b82, 0x2a201f82, 0xed563382, 0x2f04210a, 0x34200f82, 0x35204b82, 0x51203782, 
    0x52201f82, 0x63200782, 0x64200782, 0x65200382, 0x66200382, 0x67200382, 0x68200382, 0x69200382, 0x6a200382, 0x6b200382, 0x6c200382, 0x6d200382, 
    0x6e200382, 0x6f200382, 0x70200382, 0x71200382, 0x72200382, 0x73200382, 0x74200382, 0x75200382, 0x76200382, 0x77200382, 0x78200382, 0x79200382, 
    0x7a200382, 0x91200382, 0x92200382, 0x93200382, 0x94200382, 0x98200382, 0x99200382, 0x9a200382, 0x9b200382, 0x9c200382, 0x9d200382, 0x9e200382, 
    0x9f200382, 0xa0200382, 0xa1200382, 0xa2200382, 0xa3200382, 0xa4200382, 0xa5200382, 0xa6200382, 0xa7200382, 0xa8200382, 0xa9200382, 0xc5200382, 
    0xc624c782, 0xc704a3ff, 0xc8200b82, 0xc9200382, 0xcb240382, 0xcf045d00, 0xd0200782, 0xd1200382, 0xd2200382, 0xd3200382, 0xd4200382, 0xd6200382, 
    0xd7201b82, 0xd8200382, 0xd9200382, 0xda200f82, 0xdb200382, 0xdc200382, 0xdd200382, 0xde200382, 0xdf200382, 0xe0200382, 0xe5200382, 0xe6200382, 
    0xea200382, 0xeb200382, 0xec200382, 0x21057f51, 0x3b82f104, 0x0b82f220, 0x0382f420, 0x0382f620, 0x0382f720, 0x5efffd27, 0xafffcb07, 0x1b195807, 
    0x4500d524, 0x2158d607, 0x82ee200e, 0x1b255833, 0x1f82f620, 0x242f2958, 0x08afff05, 0x20038206, 0x20038207, 0x20038208, 0x20038209, 0x2003820a, 
    0x5803820b, 0x0f690f45, 0x82162007, 0x8217201b, 0x82182003, 0x82192003, 0x821a2003, 0x821b2003, 0x821c2003, 0x821d2003, 0x821e2003, 0xff1f2303, 
    0x7558085e, 0x85421813, 0x0048230b, 0xaf5108c5, 0x004e240f, 0x824f0845, 0x82502003, 0x82512003, 0x82592003, 0x825a2003, 0x825b2003, 0x825c2003, 
    0x826e2003, 0x82742057, 0x82752003, 0x82762003, 0x23df5103, 0x8f828c20, 0x3b828f20, 0x07829020, 0x07829920, 0x03829d20, 0x0382a020, 0x0382a120, 
    0x0382a420, 0xb558a620, 0x82db2006, 0x1bb9581f, 0x2782e520, 0x0382e620, 0x4500e928, 0x8cff0409, 0x07821109, 0xc5001822, 0x20080b52, 0x16c5584b, 
    0xa9675f20, 0x13cd5806, 0x1b826d20, 0xc1676f20, 0x82742006, 0x8278203f, 0x8281200b, 0x82822007, 0x82842003, 0x82852003, 0x82862003, 0x82882003, 
    0xff8f2403, 0x8293095e, 0x82942003, 0x829c2003, 0x21c7820f, 0x0d59a209, 0x82ac200a, 0x82b02017, 0x59b1200f, 0xc8201219, 0xc9201b82, 0xca200382, 
    0xcb200382, 0x29590382, 0xf6360807, 0x01004500, 0x0a000000, 0x1800cc00, 0x46440200, 0xb401544c, 0x6e74616c, 0x5900b801, 0xc801c001, 0xd801d001, 
    0xe801e001, 0xf801f001, 0x08020002, 0x18021002, 0x01822002, 0x30022834, 0x20033802, 0xb8024002, 0x50024802, 0xa8025802, 0x03826002, 0x03826820, 
    0x03827020, 0x03827820, 0x03828020, 0x03828820, 0x03829020, 0x03829820, 0x0382a020, 0x2f82b020, 0x02c06108, 0x02d002c8, 0x021204d8, 0x02e802e0, 
    0x024e05f0, 0x032004f8, 0x03080300, 0x03180310, 0x03280320, 0x03380330, 0x03080440, 0x03500348, 0x03600358, 0x03700368, 0x03800378, 0x03900388, 
    0x03a00398, 0x03b003a8, 0x03c003b8, 0x03d003c8, 0x03e003d8, 0x03f003e8, 0x000004f8, 0x6c616128, 0x63480474, 0x60320583, 0x65736163, 0x63637c03, 
    0x6c04706d, 0x31307663, 0x05828203, 0x88033222, 0x33220582, 0x05828e03, 0x94033422, 0x35220582, 0x05829a03, 0xa0033622, 0x37220582, 0x0582a603, 
    0xac033822, 0x39280582, 0x7663b203, 0xb8033031, 0x32220582, 0x0582be03, 0xc4033322, 0x343a0582, 0x6c64ca03, 0x50046769, 0x6d6f6e64, 0x7266d003, 
    0x7c046361, 0x6c636f6c, 0x0584d603, 0x0584dc20, 0x756ee22d, 0xe803726d, 0x6e64726f, 0x82705804, 0xee03220c, 0x2d958273, 0x6973f403, 0xfa03666e, 
    0x31307373, 0x05820004, 0x06043222, 0x33220582, 0x05820c04, 0x12043422, 0x35220582, 0x05821804, 0x1e043622, 0x37220582, 0x05822404, 0x2a04382f, 
    0x73627573, 0x75733004, 0x36047370, 0x084d8274, 0x7a3c042b, 0x046f7265, 0x00280442, 0x00240400, 0x54414303, 0x4d740420, 0x04204c4f, 0x4d4f52c6, 
    0x00180520, 0x00000001, 0x006c1b01, 0x21078303, 0x0f858617, 0x00440523, 0x210f8306, 0x0f856609, 0x00780823, 0x230f8304, 0x05007410, 0x05210783, 
    0x210f85a0, 0x07854005, 0x863c0e21, 0x85962017, 0x3005210f, 0x0e210785, 0x213f85a4, 0x4f85fa04, 0x85480521, 0x84778217, 0x217f874f, 0x1f867409, 
    0x2f868e20, 0x0f88d020, 0x6f840620, 0x0f86aa20, 0x0785ee20, 0x85e20621, 0x16072107, 0x70200786, 0x1f860786, 0x85040821, 0x3c08210f, 0x56200786, 
    0x08215785, 0x208788bc, 0x21578301, 0x0f86d408, 0x1f855e20, 0x07860420, 0x86fe0c21, 0x859420a7, 0x78042107, 0x0521078d, 0x212f8592, 0x07826a0c, 
    0x01000824, 0x07850c07, 0x86720421, 0x82742007, 0x2117822f, 0x27859404, 0x85be0a21, 0x120b2107, 0x0e200785, 0x00242f83, 0x840e0100, 0x20066f41, 
    0x82078558, 0x0004263f, 0x04010000, 0x210f8518, 0x0785b816, 0x85e00821, 0x900b2107, 0x08210785, 0x21078570, 0x07851e0b, 0x85da1321, 0xd6142107, 
    0x17210785, 0x210785c6, 0x07861605, 0x07862420, 0x07863220, 0x07864020, 0x07854e20, 0x855a0721, 0x86092007, 0x5c0321a7, 0x08210f85, 0x210785ae, 
    0x07853c05, 0x37860620, 0x86d80321, 0x85bc200f, 0x32032307, 0xb7820600, 0x2a040223, 0x05714104, 0x20050438, 0x58053005, 0x06006a05, 0x05000800, 
    0x24068805, 0xac059a05, 0x2582be05, 0x2e00012a, 0x01009a08, 0xa2084c00, 0x4d220582, 0x0582aa08, 0xb2084e22, 0x4f220582, 0x0582ba08, 0xc2085022, 
    0x51220582, 0x0582ca08, 0xd2085222, 0x53220582, 0x0582da08, 0xe2085422, 0x55220582, 0x0582ea08, 0xf2085622, 0x57220582, 0x0582fa08, 0x53845820, 
    0x05841320, 0x05840e20, 0x05840d20, 0x05840c20, 0x05841220, 0x05843d20, 0x05844320, 0x6c071128, 0x44000100, 0x05826a07, 0x68074522, 0x46220582, 
    0x05826607, 0x64074722, 0x48220582, 0x05826207, 0x60074922, 0x4a220582, 0x05825e07, 0x35844b20, 0x05843b20, 0x05843c20, 0x05843e20, 0x05823f20, 
    0x09840220, 0x02000026, 0x3a003600, 0x02240b82, 0x42004000, 0x04280782, 0x30002f00, 0x34003300, 0x062c0b82, 0x05000300, 0x08000600, 0x0b000900, 
    0x0d3a0f82, 0x16001400, 0x1a001800, 0x1e001c00, 0x22002000, 0x26002400, 0x2a002800, 0x25822c00, 0x00008208, 0x0e3a0e3d, 0x0e620e4e, 0x0e8a0e76, 
    0x0e980d9e, 0x103e0fb2, 0x0d22111a, 0x0fc60eaa, 0x11321054, 0x0ebc0d3c, 0x106a0fda, 0x0c56114a, 0x0ece0dee, 0x0ce00dee, 0x0ff20dfe, 0x10800f02, 
    0x0e040e62, 0x0f160f16, 0x117a1096, 0x0f2a0f70, 0x0f9210ac, 0x11aa10c2, 0x11c2108a, 0x0ea012a4, 0x10d80f28, 0x12be11da, 0x0fa613bc, 0x11f210ee, 
    0x13d812d8, 0x110410c4, 0x12f2110a, 0x00e213f4, 0x00ffff00, 0x20d38425, 0x20b58202, 0x20b78404, 0x34b98407, 0x000b000a, 0x000d000c, 0x000f000e, 
    0x00110010, 0x00130012, 0x20c58217, 0x20c78219, 0x20c9821b, 0x20cb821d, 0x20cd821f, 0x22cf8221, 0x82240023, 0x00262245, 0x204f8427, 0x204fa826, 
    0x2051d014, 0x2051d015, 0x2a51a216, 0x00981801, 0x18010010, 0x820200fa, 0x00b62205, 0x200584da, 0x2205820d, 0x83010086, 0x77072105, 0xca200582, 
    0x18210f85, 0x200782c2, 0x20038282, 0x2003829a, 0x2003827e, 0x20038298, 0x2003827a, 0x200382b0, 0x20038276, 0x200382ae, 0x2003828e, 0x2003828c, 
    0x2e0f846a, 0x188a1802, 0x1802008e, 0x020200bc, 0x826b026b, 0x00c82a09, 0x02690203, 0x006d026c, 0x26738403, 0x00b01872, 0x86070000, 0x1864220d, 
    0x200d82a8, 0x2a3b820a, 0x180400b8, 0x187e187a, 0x82861882, 0x00b62635, 0x05f90504, 0x820383fa, 0x00b4220d, 0x21438504, 0x0d827a08, 0x381b0026, 
    0x381b8018, 0x68220982, 0x1d46a01a, 0x281a2105, 0x78204182, 0x0022c182, 0x11821700, 0xaa1a0126, 0x161a0100, 0x01205982, 0x2b200382, 0x04262386, 
    0x2a1a0200, 0x25845418, 0x13821920, 0xf0190126, 0xbe170100, 0x27832984, 0x13832d20, 0x82d21821, 0x825e2049, 0x20118335, 0x20118441, 0x201182c0, 
    0x2c118a54, 0x19010000, 0x190300b8, 0x18de19de, 0x204d8408, 0x2c21821b, 0x1f0800ae, 0x1faa1f38, 0x1b9e1baa, 0x220182f6, 0x823e2f2e, 0x00ac3215, 
    0x18621808, 0x184a1a50, 0x18061830, 0x181e180a, 0x32b78224, 0x050800aa, 0x063a052a, 0x06540623, 0x0785066c, 0x82b20774, 0x00463215, 0x08ef0808, 
    0x08ed08f0, 0x08ec08ee, 0x08f108eb, 0x201582f2, 0x2e2b8292, 0x063b052b, 0x06560625, 0x0787066e, 0x82b30775, 0x82902015, 0x052d2e15, 0x062a063d, 
    0x0673065b, 0x0777078c, 0x201582b5, 0x2e15828e, 0x063e052e, 0x065e062d, 0x078f0676, 0x82b60778, 0x828c2015, 0x052f2e15, 0x0631063f, 0x067a0662, 
    0x07790793, 0x201582b7, 0x2e15828a, 0x063c052c, 0x06590628, 0x078a0671, 0x82b40776, 0x00002aed, 0x17d61602, 0x1701007a, 0x20f18290, 0x24038203, 
    0x17cc1602, 0x200f8278, 0x260f8680, 0x00bc1801, 0x83e21804, 0x0c172101, 0x1d20fd84, 0x9e243786, 0x00004217, 0x31201184, 0x92211186, 0x058f4417, 
    0x32000022, 0x01261184, 0x05008018, 0x0185a618, 0x84d01621, 0x851f202b, 0x24172519, 0x9a190100, 0x37201184, 0x01231182, 0x8300a01b, 0x1b022403, 
    0x828819a0, 0x82032055, 0x828e200d, 0x82ee2085, 0x8201200b, 0x24238503, 0x1601007c, 0x2011866e, 0x25478539, 0x06001e18, 0x01874418, 0x2d831d82, 
    0x0200213c, 0x0b00d617, 0x6a036a02, 0x6c036b03, 0x6e036d03, 0x70036f03, 0x72037103, 0x1b827303, 0x0b00aa38, 0x98009700, 0x9a009900, 0x9c009b00, 
    0x9e009d00, 0xa0009f00, 0x53822a08, 0x88160126, 0xf2150100, 0x9d856982, 0x02003832, 0x0c000218, 0x99029302, 0xa002e10a, 0xab02a702, 0xa8280b82, 
    0xa802b102, 0xe20aa802, 0x17258585, 0x17070098, 0x220189be, 0x8300e815, 0x86232087, 0x007a241d, 0x8ba01708, 0xca152101, 0x25261f84, 0x44170200, 
    0xa5930d00, 0x087e0825, 0x8680087f, 0x003a243f, 0x8d601709, 0x8a152101, 0x27204184, 0x18242186, 0x3e170a00, 0x1521018f, 0x20238468, 0x08658229, 
    0x0f00d820, 0xd102d002, 0xd302d202, 0xd502d402, 0xd702d602, 0xd902d802, 0xdb02da02, 0x7c08dc02, 0x23827d08, 0x8c161c2c, 0x16279219, 0x00150d00, 
    0x01959016, 0x02002708, 0x1100aa16, 0x86068406, 0x89068806, 0x8d068b06, 0x90068e06, 0x92069106, 0x98069706, 0x99069a06, 0x94069606, 0x27829506, 
    0x27828220, 0x066b2008, 0x066f066d, 0x06720670, 0x06750674, 0x06780677, 0x067e0679, 0x0681067f, 0x067d0680, 0x827c067b, 0x00bc2675, 0x05fb0513, 
    0x0853a3fc, 0x003c1941, 0x07cb071d, 0x07cd07cc, 0x07cf07ce, 0x07d107d0, 0x07d307d2, 0x07d507d4, 0x07d707d6, 0x07d907d8, 0x07e107e0, 0x07df07de, 
    0x07e407e5, 0x07e307e2, 0x06dc07db, 0x079b0682, 0x00dd07da, 0x82000100, 0x21048203, 0x07820201, 0x03820320, 0x00000424, 0x03820501, 0x00064a08, 
    0x00070100, 0x00481c02, 0x052c0520, 0x052e052d, 0x053c052f, 0x053e053d, 0x0628063f, 0x062d062a, 0x06590631, 0x065e065b, 0x06710662, 0x06760673, 
    0x068a067a, 0x068f068c, 0x07760793, 0x07780777, 0x07b40779, 0x07b607b5, 0x08d182b7, 0x22006246, 0xeb00ea00, 0xed00ec00, 0xef00ee00, 0xf100f000, 
    0xf300f200, 0xf500f400, 0xf700f600, 0xf900f800, 0xfb00fa00, 0xfd00fc00, 0xff00fe00, 0x01010001, 0x03010201, 0x05010401, 0x07010601, 0x09010801, 
    0x95082b08, 0x08219382, 0x21008a00, 0x0d8c0901, 0x0d8c0a20, 0x0d8c0b20, 0x0d8c0c20, 0x0d8c0d20, 0x0d8c0e20, 0x0d8c0f20, 0x0d8c1020, 0x0d8c1120, 
    0x0d8c1220, 0x0d8c1320, 0x0d8a1420, 0x1702b608, 0x03290034, 0x039d0395, 0x03a603b2, 0x03a40397, 0x039a0396, 0x039803ae, 0x03ac03b1, 0x039903b0, 
    0x039e03a2, 0x03a103a0, 0x03ad039c, 0x03b4039f, 0x03b3039b, 0x03a303af, 0x03a703a5, 0x03aa03a9, 0x08a803ab, 0x08820881, 0x08840883, 0x08860885, 
    0x08880887, 0x1f020089, 0x062b0054, 0x063a0639, 0x063c063b, 0x063e063d, 0x0640063f, 0x06420641, 0x06440643, 0x06460645, 0x06480647, 0x064a0649, 
    0x064c064b, 0x064e064d, 0x0650064f, 0x06520651, 0x06550653, 0x06580657, 0x065c065a, 0x065f065d, 0x06610660, 0x06640663, 0x06660665, 0x06670669, 
    0x1e020068, 0x085b82f8, 0x0906085a, 0x0b060a06, 0x0d060c06, 0x0f060e06, 0x11061006, 0x13061206, 0x15061406, 0x17061606, 0x19061806, 0x1b061a06, 
    0x1d061c06, 0x1f061e06, 0x21062006, 0x24062206, 0x27062606, 0x2b062906, 0x2e062c06, 0x30062f06, 0x33063206, 0x35063406, 0x36063806, 0x02003706, 
    0x2e00621a, 0x433f0f42, 0x032719bb, 0x1d020058, 0xdb3200cc, 0x2a052361, 0xb3463a05, 0x1c710805, 0x053300c6, 0x05880587, 0x058a0589, 0x058c058b, 
    0x05a0058d, 0x05a205a1, 0x05a405a3, 0x05a605a5, 0x05a805a7, 0x05aa05a9, 0x05da05c3, 0x05dc05db, 0x05de05dd, 0x05e005df, 0x05e205e1, 0x05e405e3, 
    0x05e605e5, 0x070107ed, 0x07030702, 0x07050704, 0x07070706, 0x07090708, 0x0712070a, 0x0710070f, 0x070b0711, 0x070d070c, 0x1c02000e, 0x0a3400b6, 
    0x086de6f4, 0xe822016e, 0x88153d00, 0x90158c15, 0x98159415, 0xa0159c15, 0xa815a415, 0xb015ac15, 0xb815b415, 0xc015bc15, 0xc815c415, 0xd015cc15, 
    0xd815d415, 0xe015dc15, 0xe815e415, 0xf015ec15, 0xf815f415, 0x0016fc15, 0x08160416, 0x10160c16, 0x18161416, 0x20161c16, 0x28162416, 0x30162c16, 
    0x58163416, 0x3c163816, 0x44164016, 0x4c164816, 0x54165016, 0x5c301182, 0x64166016, 0x6c166816, 0x74167016, 0x68220100, 0x479f7f82, 0x2908459e, 
    0x7c167816, 0x84168016, 0x8c168816, 0x94169016, 0x9c169816, 0xa416a016, 0xa816c816, 0xb016ac16, 0xb816b416, 0xc016bc16, 0x1182c416, 0x16cc5008, 
    0x16d416d0, 0x16dc16d8, 0x00e416e0, 0x00b61802, 0x051e053d, 0x0520051f, 0x05230522, 0x05260524, 0x05280527, 0x052c0529, 0x05bf05be, 0x05c305c2, 
    0x057e05c5, 0x0584057f, 0x05800585, 0x05870582, 0x058b0588, 0x0589058c, 0x0594058a, 0x19cd05a0, 0x2e0a2930, 0x05d405d3, 0x05d605d5, 0x05d805d7, 
    0x42ec05d9, 0x06291b0b, 0x06d306d2, 0x200200de, 0x087f822e, 0x31053082, 0x33053205, 0x35053405, 0x37053605, 0x39053805, 0x45053c05, 0x49054605, 
    0x47054a05, 0x4b054805, 0x4f054c05, 0x4d055005, 0x51054e05, 0x40055205, 0x42054105, 0x44054305, 0x54055305, 0x56055505, 0x58055705, 0x5a055905, 
    0x5c055b05, 0x5e055d05, 0x61055f05, 0x63056205, 0x65056405, 0x67056605, 0x69056805, 0x6b056a05, 0x6d056c05, 0x6e056005, 0x70056f05, 0x03007105, 
    0x14230100, 0xec190100, 0xd8220782, 0x0f840000, 0x0f82c820, 0x0f82dc20, 0x0f820420, 0x21018808, 0x1b420046, 0x167016f4, 0x172a17ca, 0x1b0218f4, 
    0x18741630, 0x1a101864, 0x17781606, 0x177418ac, 0x1c1c1932, 0x177c162c, 0x18d016b8, 0x185819d4, 0x17901b84, 0x18d616c4, 0x19dc161e, 0x1c2c186e, 
    0x16801664, 0x183a17e2, 0x1b48183a, 0x16841660, 0x18941888, 0x194217a4, 0x17e816b2, 0x16e618d0, 0x194a178c, 0x169c1c30, 0x16dc1790, 0x19f818ee, 
    0x1b0a1944, 0x16e817c2, 0x16b418f4, 0x188419fa, 0x16001756, 0x82981694, 0x82032099, 0x163a2643, 0x1601007c, 0x8399828e, 0x180326ab, 0x16281828, 
    0x20118270, 0x24118882, 0x16161816, 0x20118264, 0x22118676, 0x82342201, 0x000c26cf, 0x22ba1602, 0x281382f8, 0x22010003, 0x18010022, 0x200b82fa, 
    0x28038201, 0x00030035, 0x22e81802, 0x201382d4, 0x201b82e8, 0x83138210, 0x82c22023, 0x82d6200f, 0x21d62219, 0x201184fe, 0x250f8200, 0x210100c4, 
    0x358700ec, 0x94190122, 0xb2201382, 0x2382478a, 0x82261621, 0x16702233, 0x2525893e, 0x01003216, 0x9182100d, 0x138a2a20, 0x0f821e20, 0x03820420, 
    0x138a1620, 0x01000a24, 0x1382f615, 0x13890220, 0x15200f83, 0x15219582, 0x241388ee, 0x150c1802, 0x202982e2, 0x22778a88, 0x83201704, 0x62152101, 
    0x74201782, 0x00261782, 0x04000300, 0x01830c17, 0x82541521, 0x87662013, 0xf8162113, 0x15210183, 0x20138246, 0x2e138658, 0x00142101, 0x00ec1701, 
    0x159a1503, 0x82d8219a, 0x00032715, 0x17d81703, 0xed8221d8, 0x82d81721, 0x211282f1, 0x04820300, 0xc4170127, 0xc4170200, 0x0a014120, 0x1f822020, 
    0x00b01723, 0x41078301, 0x0522064b, 0x01859416, 0x00d61425, 0x82e81401, 0x82002015, 0x1605223d, 0x2101857e, 0x1582c614, 0x1588d820, 0x84166821, 
    0xb6142101, 0xc8201582, 0x04221586, 0x01835a17, 0xa5822120, 0x825a1721, 0x8282205b, 0x207f8517, 0x24998244, 0x20441744, 0x080d416c, 0x5620012a, 
    0x2e170100, 0xdc140200, 0x83860983, 0xc6140224, 0x17824020, 0x3d821820, 0x15860782, 0xfa150326, 0xba14fa15, 0x4e206982, 0x260a3b41, 0x15e41503, 
    0x82aa14e4, 0x07c34b15, 0x0300352a, 0xce150300, 0x9a14ce15, 0x2e201582, 0x06222b8a, 0x0187b815, 0x82fa1321, 0x820c201b, 0x8200201b, 0x1506222d, 
    0x230187a0, 0x0100e813, 0x18831b82, 0x06000324, 0x01878815, 0x82d61321, 0x090d4117, 0x84167821, 0x64202901, 0x78160100, 0xa01f0100, 0xe3843082, 
    0x00601625, 0x83601604, 0x881f2101, 0x1f21e589, 0x26278270, 0x13030048, 0x83f613f6, 0x24d1860b, 0x1fde1302, 0x21198258, 0x09860030, 0x03251786, 
    0xc613c613, 0x21f9821f, 0x5b821816, 0x22090141, 0x83f81404, 0xb8132101, 0x4c208b82, 0x0422d78a, 0x0183e014, 0x82a61321, 0x8c3a2017, 0x14c82117, 
    0x13210182, 0x20178294, 0x22178a28, 0x89b01407, 0xf2122101, 0x04201d82, 0x00261d82, 0x07000300, 0x01899614, 0x00de1225, 0x88f01201, 0x147c2119, 
    0x12210188, 0x201982ca, 0x281986dc, 0x15010000, 0x1505006a, 0x2101856a, 0xf788921e, 0xfe120224, 0x1d82781e, 0x03005024, 0x0b85fe12, 0x1225e187, 
    0x1ee412e4, 0x221b825e, 0x85020036, 0x21198609, 0x00861405, 0x82d41221, 0x8a682063, 0x130522b5, 0x210185fa, 0x1982c012, 0x198c5420, 0x8413e021, 
    0xac122101, 0x40201982, 0x50081988, 0x00d01c02, 0x07500747, 0x07520751, 0x07540753, 0x07560755, 0x07580757, 0x075a0759, 0x075c075b, 0x075e075d, 
    0x0760075f, 0x07620761, 0x07640763, 0x07660765, 0x07680767, 0x076a0769, 0x076c076b, 0x076e076d, 0x0770076f, 0x07720771, 0x07740773, 0x08354b75, 
    0x7b077a26, 0x7d077c07, 0x7e2d0182, 0x80077f07, 0x82078107, 0x85078407, 0x2a0d8d07, 0x07890783, 0x0786078a, 0x84880787, 0x078b3009, 0x0003008c, 
    0x11e81103, 0x00621de8, 0x893a1401, 0x22fd860b, 0x87161306, 0xd6112501, 0x6a110100, 0x0324cb88, 0xfa120600, 0x11210187, 0x411b82c0, 0x06220b01, 
    0x0187de12, 0x82aa1121, 0x090b431b, 0x1c025208, 0x0748005e, 0x078e078d, 0x0790078f, 0x07920791, 0x07940793, 0x07960795, 0x07980797, 0x079a0799, 
    0x079c079b, 0x079e079d, 0x07a0079f, 0x07a207a1, 0x07a407a3, 0x07a607a5, 0x07a807a7, 0x07aa07a9, 0x07ac07ab, 0x07ae07ad, 0x07b007af, 0x07b207b1, 
    0x07334cb3, 0x07b80727, 0x07ba07b9, 0x2d0182bb, 0x07bd07bc, 0x07bf07be, 0x07c207c0, 0x0d8d07c3, 0xc707c12a, 0xc407c807, 0xc607c507, 0xc9280984, 
    0x0300ca07, 0x2c120700, 0x10250189, 0x100100ec, 0x22eb8a80, 0x890e1207, 0xd4102101, 0x09421d82, 0x1107220b, 0x210189f0, 0x1d82bc10, 0x3b885020, 
    0x1d01c608, 0x155e009c, 0x15e815e2, 0x15f415ee, 0x160016fa, 0x167a1706, 0x1612160c, 0x161e1618, 0x162a1624, 0x17aa1730, 0x16361682, 0x1642163c, 
    0x164e1648, 0x168a1754, 0x1692175a, 0x16661660, 0x1672166c, 0x167e1678, 0x168a1684, 0x16961690, 0x16a2169c, 0x16ae16a8, 0x17d217b4, 0x17ea17de, 
    0x180218f6, 0x181a180e, 0x18321826, 0x16ba163e, 0x16c616c0, 0x18d216cc, 0x17641856, 0x16be17b4, 0x16de16d8, 0x16ea16e4, 0x16f616f0, 0x170217fc, 
    0x170e1708, 0x174a1814, 0x179a17c8, 0x17a2171a, 0x17261720, 0x1832172c, 0x18381772, 0x178e1880, 0x1744173e, 0x1750174a, 0x175c1756, 0x17681762, 
    0x0074176e, 0x009c1f02, 0x13e74fa0, 0x273f2b4b, 0x69021109, 0x6d026c02, 0x4f1b954b, 0x154d13d3, 0x2b05213f, 0x20089d4e, 0x089f4e3b, 0xa14e2520, 
    0x4e562008, 0x6e2008a3, 0x2008a54e, 0x08a74e87, 0x42097343, 0x08290877, 0x082b082a, 0x087c087a, 0x056d507d, 0x0811754d, 0x00950829, 0x009a1f02, 
    0x07e807e8, 0x07eb07e9, 0x07e607e7, 0x07ed07ec, 0x07ef07ee, 0x07f207f0, 0x07f407f3, 0x07f507f1, 0x82db08f6, 0x07dc304b, 0x07f907f8, 0x07fa07f7, 
    0x07fc07fb, 0x828b08fd, 0x2cfe085d, 0x2e082d08, 0xdd089508, 0xde08fe07, 0x0008ff07, 0x02080108, 0x0308df08, 0x06080408, 0x09080b08, 0x0a080508, 
    0xe0080c08, 0x0e080d08, 0xe1080f08, 0x12081108, 0x13081008, 0x15081408, 0x1b081608, 0x19081708, 0x18081a08, 0x1c081e08, 0x1f081d08, 0x21082008, 
    0x24082208, 0x25082308, 0x27082608, 0x29082808, 0x30082f08, 0x32083108, 0x34083308, 0x36083508, 0x38083708, 0x3b083908, 0x3d083c08, 0x7a083a08, 
    0x3e08c708, 0x41083f08, 0x40084208, 0x44084308, 0x47084508, 0x48084608, 0xe208c608, 0x4b084a08, 0x4c08e308, 0x7b084d08, 0x7c08e408, 0x4e087d08, 
    0xe5084f08, 0x51085008, 0x58085308, 0x52085608, 0x59085708, 0x5a08e608, 0x5c085b08, 0x5f08e708, 0x5d086008, 0x61085e08, 0x6308e808, 0x62086408, 
    0x7f08e908, 0x7e088008, 0x6a086508, 0x68086608, 0x67086908, 0x6b086d08, 0x51416c08, 0x6e8c0812, 0x70086f08, 0x73087108, 0x74087208, 0x76087508, 
    0x78087708, 0xa1089f08, 0xb408a008, 0xb508b308, 0xb608b708, 0xae08ad08, 0xa808a908, 0xaa08ac08, 0xab08b208, 0xa708af08, 0x9c068306, 0xc508c308, 
    0xb908c408, 0xc808ea08, 0xc9089b08, 0xb808b008, 0xbb08ba08, 0xbd08bc08, 0xbf08be08, 0xc108c008, 0xcf08c208, 0xd308d508, 0xd108d808, 0xd608d208, 
    0xd408d008, 0xcb08ca08, 0xcd08cc08, 0xd908ce08, 0xd708da08, 0x981f0200, 0xf9053d01, 0x2020d741, 0x19d3412a, 0x41fe0721, 0x032408cf, 0xfa050408, 
    0x260ccf41, 0x080e080d, 0x4192010f, 0xcb4160cd, 0x08c62407, 0x414b084a, 0xc34106c5, 0x0fc14107, 0x5b085a26, 0x4f035c08, 0x2109bf41, 0xbf416403, 
    0x44bd4106, 0x4d3c0521, 0x354d163f, 0xad082758, 0xae08f40a, 0x154d8d05, 0x138d4f0c, 0xac085226, 0xa708af08, 0x201a094d, 0x0859426e, 0x114dc820, 
    0x23a34f05, 0x089b0823, 0x367f42c9, 0x01000125, 0x83005a03, 0x83572005, 0x9a012505, 0x841f0100, 0x86200382, 0x88200382, 0x8a200382, 0x8c200382, 
    0x8e200382, 0x05211d83, 0x21058390, 0x0583d206, 0x84c10221, 0x0019262f, 0x1f7a1f02, 0x200b8480, 0x2027822c, 0x20038292, 0x210d839e, 0x31840200, 
    0x0584cd20, 0x0582da20, 0x90010326, 0x62034d03, 0x02220982, 0x3d831901, 0x824e1f21, 0x8250202b, 0x82522003, 0x83542003, 0x68022217, 0x051f4802, 
    0x4f070122, 0x01210f82, 0x21218207, 0x15820300, 0x72027124, 0x7d850100, 0x6a208184, 0x04280582, 0x76057405, 0x7b057805, 0x00270b83, 0x01410102, 
    0x83f702fb, 0x212f850b, 0x55823e08, 0x03822420, 0x13822620, 0x1f820220, 0x7984fb20, 0x23824120, 0x181f0224, 0xb7821e1f, 0x241f1e22, 0x94269d84, 
    0x241f0300, 0x13822c1f, 0x02000126, 0xa0059405, 0x0525bb83, 0x003f051e, 0x2ce98400, 0x1f050068, 0x1f041f1a, 0x1e141f0c, 0x301184fe, 0x1f070092, 
    0x1f281f38, 0x1f101f30, 0x1f161f1c, 0x2a318222, 0x05ab0502, 0x050000ac, 0x83b405af, 0x0300210d, 0x20204182, 0x22220f82, 0x0b822405, 0x29052624, 
    0x3b820600, 0x5f820820, 0x9705952c, 0xa105a005, 0xcd05a305, 0x1384da05, 0xd105cd2e, 0xde05da05, 0xea06e906, 0x02070107, 0x1e2e1384, 0x22063005, 
    0x6b065306, 0x6a078406, 0x1384a807, 0x31051f2e, 0x55062406, 0x86066d06, 0xa9076b07, 0x232e1384, 0x29063405, 0x72065a06, 0x6e078b06, 0x1384ac07, 
    0x3605262e, 0x5d062c06, 0x8e067506, 0xae077007, 0x292e1384, 0x30063905, 0x79066106, 0x73079206, 0x1384b107, 0x3305222e, 0x58062706, 0x89067006, 
    0xab076d07, 0x0329b783, 0x005b035a, 0x03620300, 0x250d8369, 0x01000000, 0x0984581e, 0x96008d2a, 0xf6070000, 0x0a00f607, 0x03240f82, 0x68026802, 
    0x2d832782, 0x2d840120, 0x15830320, 0x08233d8b, 0x82640862, 0x0001222b, 0x148f4311, 0x7f057e26, 0xbf05be05, 0xd322f982, 0x8d82d405, 0x2c15cd56, 
    0x06950694, 0x06970696, 0x06990698, 0x0825829a, 0x92020c44, 0x9a029802, 0xa602a102, 0xac02aa02, 0xb202b002, 0xb602b502, 0x1500fb05, 0xe41fc61f, 
    0xaa1f8e1f, 0x741f5a1f, 0x421f2a1f, 0x141ffe1e, 0xea1ed61e, 0xc41eb21e, 0x921e821e, 0x741e661e, 0x5a1e4e1e, 0x4782a21e, 0x6a061323, 0x13155706, 
    0x067b3408, 0x067d067c, 0x067f067e, 0x06810680, 0x1d12009d, 0x1db21da8, 0x1dc61dbc, 0x1dda1dd0, 0x1dee1de4, 0x1d701d68, 0x1d801d78, 0x1d901d88, 
    0x1da01d98, 0x823a1d34, 0x020438f9, 0x00c402c1, 0x02c60200, 0x020400c6, 0x00cf02c8, 0x084c0805, 0x820d004d, 0x8208201b, 0x002026ff, 0x05220501, 
    0x22058224, 0x82290526, 0x82fd8205, 0x05902805, 0x05020090, 0x82bf05be, 0x05d1220b, 0x410582d1, 0x0122050b, 0xe7821500, 0x94029322, 0x9b22eb84, 
    0xef829c02, 0xf182a520, 0xa902a822, 0xab20f582, 0xae22f782, 0xfb87af02, 0x2d82cd83, 0x6541e620, 0x264c0822, 0x3c1f321f, 0x501f461f, 0x641f5a1f, 
    0x781f6e1f, 0x8c1f821f, 0xa01f961f, 0xb41faa1f, 0xc81fbe1f, 0xdc1fd21f, 0xf01fe61f, 0x0420fa1f, 0x18200e20, 0x2c202220, 0xea1e3620, 0xfa1ef21e, 
    0x0a1f021f, 0x1a1f121f, 0x2a1f221f, 0xe41ede1e, 0x0522d982, 0x0182c500, 0xc7000024, 0x8582d700, 0x00dc5a08, 0x071200e9, 0x00fa07fa, 0x088b0820, 
    0x0021008b, 0x200c202b, 0x20202016, 0x2034202a, 0x2048203e, 0x205c2052, 0x20702066, 0x2084207a, 0x2098208e, 0x20ac20a2, 0x20c020b6, 0x20d420ca, 
    0x20e820de, 0x21fc20f2, 0x21102106, 0x2124211a, 0x2138212e, 0x214c2142, 0x21602156, 0x2c95826a, 0x1fec1fe4, 0x20fc1ff4, 0x00d01f04, 0x08ad9b2b, 
    0x2040202d, 0x2054204a, 0x2068205e, 0x207c2072, 0x20902086, 0x20a4209a, 0x20b820ae, 0x20cc20c2, 0x20e020d6, 0x20f420ea, 0x210821fe, 0x82841f12, 
    0x1f9428ff, 0x1fa41f9c, 0x827e1fac, 0x030332d1, 0x00770374, 0x03790300, 0x08040094, 0x006d0865, 0x08158220, 0x92020c46, 0x01009202, 0x98029802, 
    0x9a020700, 0x03009a02, 0xa102a102, 0xa6020600, 0x0500a602, 0xaa02aa02, 0xac020b00, 0x0400ac02, 0xb002b002, 0xb2020800, 0x0900b202, 0xb502b502, 
    0xb6020c00, 0x0a00b602, 0xfb05fb05, 0x4a084982, 0x001d0001, 0x019d0093, 0x011b0110, 0x0182012f, 0x02ba0292, 0x02d702ca, 0x033e03ee, 0x0364034f, 
    0x05ab056e, 0x05af05ac, 0x05b105b0, 0x05b305b2, 0x05be05b4, 0x068106c5, 0x09ca069a, 0x000200f2, 0x02360211, 0x0200003b, 0x8241023d, 0x0246227d, 
    0x22778246, 0x82690268, 0x6c500865, 0x0e006d02, 0x72027102, 0xb8021000, 0x1200be02, 0xdc02c002, 0x35031900, 0x36003703, 0x45033b03, 0x5a033900, 
    0x44005b03, 0x73036203, 0xb5034600, 0x5800b503, 0xba03b703, 0xbc035900, 0x5d00c803, 0xd803ca03, 0xdd036a00, 0x7900de03, 0xba1f0100, 0xbc200382, 
    0xbe200382, 0xc0200382, 0xc2200382, 0xc4200382, 0xc6200382, 0xc8200382, 0xca200382, 0xcc200382, 0xce200382, 0xd0200382, 0xd2200382, 0xd4200382, 
    0xd6200382, 0xd8200382, 0xda200382, 0xdc200382, 0xde200382, 0xe0200382, 0xe2200382, 0xe4200382, 0xe6200382, 0xe8200382, 0xea200382, 0xec200382, 
    0xee200382, 0xf0200382, 0xf2200382, 0xf4200382, 0xf6200382, 0xf8200382, 0xfa200382, 0xfc200382, 0xfe240382, 0x00200100, 0x02200382, 0x04200382, 
    0x06200382, 0x08200382, 0x0a200382, 0x0c200382, 0x0e200382, 0x10200382, 0x12200382, 0x14200382, 0x16200382, 0x18200382, 0x1a200382, 0x1c200382, 
    0x1e200382, 0x20200382, 0x22200382, 0x24200382, 0x26200382, 0x28200382, 0x2a200382, 0x2c200382, 0x2e200382, 0x30200382, 0x32200382, 0x34200382, 
    0x36200382, 0x38200382, 0x3a200382, 0x3c200382, 0x3e200382, 0x40200382, 0x42200382, 0x44200382, 0x46200382, 0x48200382, 0x4a200382, 0x4c200382, 
    0x4e200382, 0x50200382, 0x52200382, 0x54200382, 0x56200382, 0x58200382, 0x5a200382, 0x5c200382, 0x5e200382, 0x60200382, 0x62200382, 0x64200382, 
    0x66200382, 0x68200382, 0x6a200382, 0x6c200382, 0x6e200382, 0x70200382, 0x72200382, 0x74200382, 0x76200382, 0x78200382, 0x7a200382, 0x7c200382, 
    0x7e200382, 0x80200382, 0x82200382, 0x84200382, 0x86200382, 0x88200382, 0x8a200382, 0x8c200382, 0x8e200382, 0x90200382, 0x92200382, 0x94200382, 
    0x96200382, 0x98200382, 0x9a200382, 0x9c200382, 0x9e200382, 0xa0200382, 0xa2200382, 0xa4200382, 0xa6200382, 0x52080382, 0x203800a8, 0x20d820ce, 
    0x20ec20e2, 0x210021f6, 0x2114210a, 0x1c721c1e, 0x1c861c7c, 0x1c9a1c90, 0x1cae1ca4, 0x1cc21cb8, 0x1cd61ccc, 0x1cea1ce0, 0x1dfe1cf4, 0x1d121d08, 
    0x1d261d1c, 0x1d3a1d30, 0x1d4e1d44, 0x1d621d58, 0x1d761d6c, 0x1d8a1d80, 0x459e1d94, 0x20350927, 0x20be20b6, 0x1c421cc6, 0x1c521c4a, 0x1c621c5a, 
    0x1caa206a, 0x43718236, 0x1c3110fb, 0x1c0a1c00, 0x1c1e1c14, 0x1c321c28, 0x1c461c3c, 0x082f8250, 0x6e1c644b, 0x821c781c, 0x961c8c1c, 0xaa1ca01c, 
    0xbe1cb41c, 0xd21cc81c, 0xe61cdc1c, 0xfa1cf01c, 0x0e1d041d, 0x221d181d, 0x361d2c1d, 0x4a1d401d, 0x5e1d541d, 0x4c204420, 0xd01b5420, 0xe01bd81b, 
    0xf01be81b, 0x3e20f81b, 0x0100ca1b, 0x05435700, 0x05263a08, 0x05330529, 0x05360534, 0x06270639, 0x062c0629, 0x06580630, 0x065d065a, 0x06700661, 
    0x06750672, 0x06890679, 0x068e068b, 0x076d0792, 0x0770076e, 0x07ab0773, 0x07ae07ac, 0x2c7b42b1, 0x07000222, 0x3d110f45, 0xc402c102, 0xc6022000, 
    0x2400c602, 0xcf02c802, 0x57032500, 0x2d005703, 0xe81f0200, 0x0582ee1f, 0xf41fee22, 0xf4220582, 0x0582fa1f, 0x0020fa28, 0x00200200, 0x05820620, 
    0x0c200622, 0x0c220582, 0x05821220, 0x18201222, 0x18220582, 0x05821e20, 0x24201e22, 0x0122d982, 0x05847e05, 0x05848420, 0x05848020, 0x05847f20, 
    0x05848520, 0x03008222, 0x43824783, 0x0a200326, 0x16201020, 0x14240f82, 0x20201a20, 0x41820782, 0x822a2021, 0x20282407, 0x8434202e, 0x84c2202d, 
    0x84952005, 0x84972005, 0x82992005, 0x05022405, 0x8488057f, 0x05c22c07, 0x000200c3, 0x06d20601, 0x840000e1, 0x8487201f, 0x848b2005, 0x82892005, 
    0x05033e1b, 0x00390530, 0x053c0500, 0x050a003c, 0x00710540, 0x1f05000b, 0x1fde1fd8, 0x1fea1fe4, 0x820b82f0, 0xf61f2505, 0x0220fc1f, 0x05820b82, 
    0x20082027, 0x0014200e, 0x83058305, 0x26202197, 0x20280b82, 0x2c202620, 0x38203220, 0x05820b82, 0x203e2027, 0x004a2044, 0x27058306, 0x56205020, 
    0x62205c20, 0x5a2a0d82, 0x66206020, 0x72206c20, 0x0d827820, 0x29197020, 0x0d8209c1, 0x8c20862a, 0x98209220, 0xa4209e20, 0x9c2a0d82, 0xa820a220, 
    0xb420ae20, 0x0d82ba20, 0xb820b22a, 0xc420be20, 0xd020ca20, 0xc82a0d82, 0xd420ce20, 0xe020da20, 0x0d82e620, 0x20de2a08, 0x20ea20e4, 0x20f620f0, 
    0x200700fc, 0x21fa20f4, 0x21062100, 0x2112210c, 0x21070018, 0x2114210e, 0x2120211a, 0x212c2126, 0x2c0f8232, 0x212e2128, 0x213a2134, 0x21462140, 
    0x2c0f824c, 0x21482142, 0x2154214e, 0x2160215a, 0x2c0f8266, 0x2162215c, 0x216e2168, 0x217a2174, 0x2e0f8280, 0x217c2176, 0x21882182, 0x2194218e, 
    0x8302009a, 0xdc0a3b01, 0xde0a0000, 0xdb0a540b, 0x80210800, 0x8c218621, 0x98219221, 0xa4219e21, 0x1182aa21, 0x21290784, 0x21b621b0, 0x21c221bc, 
    0x841182c8, 0xce212907, 0xda21d421, 0xe621e021, 0x07841182, 0x21ec212b, 0x21f821f2, 0x000422fe, 0x3f078509, 0x10220a22, 0x1c221622, 0x28222222, 
    0x1a220900, 0x26222022, 0x32222c22, 0x3e223822, 0x4a224422, 0x26081382, 0x2242223c, 0x224e2248, 0x225a2254, 0x22662260, 0x220a006c, 0x22d222ca, 
    0x2264225e, 0x2270226a, 0x227c2276, 0x82882282, 0x22782215, 0x7b36197e, 0x229c3408, 0x22a822a2, 0x220b00ae, 0x22b422ae, 0x22c022ba, 0x82cc22c6, 
    0x22d82a35, 0x22e422de, 0x000100ea, 0x06dd4a09, 0xdf4a9920, 0x05d43e06, 0x220c00e1, 0x22c822c2, 0x22d422ce, 0x22e022da, 0x22ec22e6, 0x22f822f2, 
    0x000423fe, 0x302f8202, 0x0080057e, 0x05820500, 0x05030082, 0x00860584, 0x08418204, 0x07009728, 0x9f059905, 0xc2050b00, 0x1200c205, 0xd905cd05, 
    0xec051300, 0x2000ec05, 0xfa06e906, 0x10002100, 0xb6221023, 0x5997bc22, 0x820a2321, 0x050a245b, 0x82760576, 0x2061835b, 0x20618401, 0x20618404, 
    0x20618405, 0x20618408, 0x2061840c, 0x20618413, 0x20618414, 0x20618421, 0x203f8222, 0x29cb430b, 0x051e0537, 0x052e001e, 0x00300530, 0x076a072f, 
    0x0730006a, 0x00a807a8, 0x24458231, 0x05870506, 0x2285828d, 0x82aa05a0, 0x05c322d5, 0x22cf82c3, 0x82e605da, 0x05ed28cf, 0x072000ed, 0x82120701, 
    0x013608cf, 0xfb012b00, 0x2b022302, 0x47023602, 0x73026802, 0x92027f02, 0xb802b002, 0xdf02c102, 0xf702e602, 0x32032c03, 0x48033503, 0x74035a03, 
    0xb903b503, 0xc703c203, 0xf149df03, 0x82802018, 0xd12d08ef, 0xd405d305, 0xde221700, 0xee22e622, 0xfe22f622, 0xee210623, 0xfa21f421, 0x06220022, 
    0x12220c22, 0x1e221822, 0x2a222422, 0x36223022, 0x06114222, 0x118e2f82, 0x22092342, 0x42227222, 0x002d100d, 0x23aa2318, 0x23ba23b2, 0x23ca23c2, 
    0x151742d2, 0x82f02221, 0xfc62087d, 0x08230223, 0x14230e23, 0xe8221800, 0xf422ee22, 0x0023fa22, 0x0c230623, 0x18231223, 0x24231e23, 0x30232a23, 
    0x3c233623, 0x48234223, 0x54234e23, 0x60235a23, 0x6c236623, 0x1b007223, 0x8e258625, 0x9e259625, 0xae25a625, 0xbe25b625, 0x7623c625, 0x82237c23, 
    0x8e238823, 0x9a239423, 0xa623a023, 0x8782ac23, 0xbe23b824, 0x8982c423, 0xd623d024, 0x3782dc23, 0x2527338c, 0x25d625ce, 0x82e625de, 0x23b024b1, 
    0x82bc23b6, 0xc88a08b3, 0xd423ce23, 0xe023da23, 0xec23e623, 0xf823f223, 0x0424fe23, 0xd2231b00, 0xde23d823, 0xea23e423, 0xf623f023, 0x0224fc23, 
    0x0e240824, 0x1a241424, 0x26242024, 0x32242c24, 0x3e243824, 0x4a244424, 0x56245024, 0x62245c24, 0x6e246824, 0x3c241b00, 0x48244224, 0x54244e24, 
    0x60245a24, 0x6c246624, 0x78247224, 0x84247e24, 0x90248a24, 0x9c249624, 0xa824a224, 0xb424ae24, 0xc024ba24, 0xcc24c624, 0xd824d224, 0xcb070200, 
    0x0582db08, 0xdc08cc22, 0xcd220582, 0x0582dd08, 0xde08ce22, 0xcf220582, 0x0582df08, 0xe008d022, 0xd1280582, 0x0200e108, 0x09063a06, 0x3b220582, 
    0x05820a06, 0x0b063c22, 0x3d220582, 0x05820c06, 0x0d063e22, 0x3f220582, 0x05820e06, 0x0f064022, 0x43220582, 0x35821206, 0xe208d222, 0x44220b82, 
    0x0b821306, 0xe308d322, 0xd4220582, 0x1182e408, 0x14064522, 0xd5220b82, 0x0b82e508, 0x17064822, 0x49220582, 0x05821806, 0x19064a22, 0xd6221782, 
    0x0b82e608, 0x1a064b22, 0xd7220b82, 0x0b82e708, 0x1b064c22, 0xd8220b82, 0x0582e808, 0xe908d922, 0x4d221182, 0x05821c06, 0x1d064e22, 0x4f220582, 
    0x05821e06, 0x1f065022, 0x51220582, 0x05822006, 0x21065228, 0xbe050200, 0x0582b408, 0xb308bf22, 0xc2220582, 0x0582b508, 0xb708c322, 0xc5220582, 
    0x0582b608, 0x47058b22, 0x8c220582, 0x05824805, 0x5105a022, 0xe0225982, 0x0582ef08, 0xf008e122, 0xde220582, 0x0582ed08, 0xee08df22, 0xe5220582, 
    0x0582ec08, 0xeb08e422, 0xe2220582, 0x0582f108, 0xf208e322, 0x43223582, 0x0582b208, 0x5305da22, 0xdb220582, 0x05825405, 0x5505dc22, 0xdd220582, 
    0x05825605, 0x5805df22, 0xe2220582, 0x05825b05, 0x5c05e322, 0xe4220582, 0x05825d05, 0x5e05e522, 0xe6220582, 0x05825f05, 0x6005ed22, 0x8222ad82, 
    0x05828306, 0x9c069b22, 0xda225982, 0x0582ea08, 0xb008dd2a, 0x39060300, 0xf9050806, 0x42240782, 0x48081106, 0x46240782, 0x1506fc05, 0x472c0782, 
    0xfa051606, 0xc3050300, 0xaa084205, 0x442e0782, 0xab08dc07, 0x41060400, 0x1006fb05, 0x09824308, 0x89056526, 0x49053406, 0x66260982, 0x35068a05, 
    0x09824a05, 0x80069932, 0xa8084105, 0x53060500, 0x6b068406, 0x30052206, 0x55280b82, 0x6d068606, 0x31052406, 0x57280b82, 0x6f068806, 0x32052606, 
    0x58280b82, 0x70068906, 0x33052706, 0x5a280b82, 0x72068b06, 0x34052906, 0x5c280b82, 0x74068d06, 0x35052b06, 0x5d280b82, 0x75068e06, 0x36052c06, 
    0x5f280b82, 0x77069006, 0x37052e06, 0x60280b82, 0x78069106, 0x38052f06, 0x61280b82, 0x79069206, 0x39053006, 0x9a360b82, 0x40058106, 0xa908db07, 
    0x63060600, 0x7e069706, 0x32068705, 0x0d824505, 0x9806642a, 0x88057f06, 0x46053306, 0x692a0d82, 0x7d069606, 0x3806de05, 0x0d825705, 0x9406672a, 
    0xe0057b06, 0x59053606, 0x682e0d82, 0x7c069506, 0x3706e105, 0x02005a05, 0xe5501100, 0x2c053b11, 0x0a002c05, 0x80057e05, 0x82050b00, 0x0e008205, 
    0x85058405, 0x87050f00, 0x2f828c05, 0x05943408, 0x05170094, 0x00a005a0, 0x05be0518, 0x051900bf, 0x00c305c2, 0x05c5051b, 0x051d00c5, 0x00e605cd, 
    0x05ec051e, 0x063800ed, 0x00d306d2, 0x06de063a, 0x823c00de, 0x06222a69, 0x00cf06cb, 0x0a2f0a01, 0x2205823b, 0x82510a3d, 0x0a542205, 0x2205825b, 
    0x82740a6b, 0x0a7a2205, 0x2205827a, 0x82800a7e, 0x0a842205, 0x22058286, 0x828c0a8b, 0x0a8f2205, 0x2205828f, 0x82980a97, 0x0a9b2205, 0x2205829c, 
    0x82a70a9e, 0x0aaa2205, 0x220582b9, 0x82bc0abc, 0x0abe2205, 0x220582be, 0x82c00ac0, 0x0ad32205, 0x220582d3, 0x82f30aee, 0x0af72805, 0x0b0100f7, 
    0x820e0b0d, 0x0b112205, 0x22058211, 0x82160b16, 0x0b182205, 0x2205821a, 0x821c0b1c, 0x0b222205, 0x22058223, 0x82270b26, 0x0b302205, 0x22058230, 
    0x82330b32, 0x0b372205, 0x22058237, 0x82390b39, 0x0b422205, 0x22058242, 0x824e0b47, 0x0b532405, 0x82010054, 0x3d320801, 0x49004100, 0x5f005400, 
    0x8d008900, 0xc500a100, 0x0f010a01, 0x24011901, 0x41012c01, 0x7e017701, 0x8d018001, 0xa8019b01, 0xcb01c801, 0xd801d201, 0xef45f001, 0x052a2114, 
    0x2c098d58, 0x05780574, 0x0590058e, 0x05cd0594, 0x055951ce, 0x05d50533, 0x066a06d6, 0x06ee06e9, 0x06fc06fb, 0x071307fd, 0x257d8214, 0x00020042, 
    0x839d000d, 0x45014422, 0x85878782, 0x8789a920, 0x02fb0125, 0x461f0214, 0x6e200aaf, 0x2806b146, 0x02a80293, 0x02c102b8, 0x05b546d0, 0x02fa0225, 
    0x462c03fb, 0x772008b7, 0x2109b946, 0xcb820904, 0x87823020, 0x87824720, 0x22570741, 0x41a00594, 0x05250d07, 0x05db05da, 0x070565de, 0x220c1541, 
    0x41060701, 0x48200619, 0x9720918e, 0xb34c9b41, 0x00022293, 0x20938220, 0x0d581909, 0x04830837, 0x021b05fe, 0x051e0518, 0x0536023f, 0x02720572, 
    0x05740558, 0x0559027d, 0x02910591, 0x05fd0563, 0x066402fd, 0x029e069d, 0x06a00665, 0x066702a0, 0x02a306a2, 0x06a90668, 0x066a02a9, 0x02ae06ab, 
    0x06b1066b, 0x066f02b8, 0x02e206e2, 0x07150777, 0x07780218, 0x021f071d, 0x0725077c, 0x077f022d, 0x02350730, 0x07380788, 0x088e0240, 0x02e108db, 
    0x09f30897, 0x099e0211, 0x02800958, 0x09a509bd, 0x82e602a9, 0x23d608bf, 0x1702fb01, 0x19020000, 0x1d004502, 0x66024702, 0x68024a00, 0x6a006802, 
    0x6e026e02, 0x70026b00, 0x6c007c02, 0x93027f02, 0x95027900, 0x8e009802, 0x9f029a02, 0xa1029200, 0x9800a602, 0xaa02a802, 0xac029e00, 0xa100ae02, 
    0xb002b002, 0xb202a400, 0xa500bf02, 0xcf02c102, 0xdd02b300, 0xc200dd02, 0xf502df02, 0xf702c300, 0xda002903, 0x35032b03, 0x37030d01, 0x18013b03, 
    0x45033d03, 0x48031d01, 0x26015703, 0x5c035a03, 0x5e033601, 0x39016903, 0x77037403, 0x79034501, 0x49019403, 0xd903b503, 0xdf036501, 0x8a01e903, 
    0xfb043604, 0xfd049501, 0x5b02fd04, 0xe706e706, 0xe2085c02, 0x5d02e908, 0x49091209, 0x81096502, 0x9d02a409, 0xc109aa09, 0x0100c102, 0xcd515e00, 
    0x16c5490d, 0xa782ba20, 0xd702ca22, 0xe622a182, 0xcd49ee02, 0x823e2008, 0x824f2093, 0x03642291, 0x20d5496e, 0x2c095f65, 0x057f057e, 0x05820580, 
    0x05850584, 0x122d5294, 0x66072366, 0x4f521a07, 0x01690807, 0x1e041e00, 0x1e181e0e, 0x1e2c1e22, 0x1e401e36, 0x1e541e4a, 0x1e681e5e, 0x1e7c1e72, 
    0x1e901e86, 0x1ea41e9a, 0x1eb81eae, 0x1ecc1ec2, 0x1ee01ed6, 0x1ef41eea, 0x1f081ffe, 0x1f1c1f12, 0x1f301f26, 0x1f441f3a, 0x1f581f4e, 0x1f6c1f62, 
    0x1f801f76, 0x1f941f8a, 0x1fa81f9e, 0x1fbc1fb2, 0x1fd01fc6, 0x1fe41fda, 0x20f81fee, 0x47075402, 0x74212b0a, 0x88217e21, 0x9c219221, 0xb021a621, 
    0xc421ba21, 0xd821ce21, 0xec21e221, 0x0022f621, 0x14220a22, 0x28221e22, 0x3c223222, 0x50224622, 0x64225a22, 0x78226e22, 0x8c228222, 0xa0229622, 
    0xb422aa22, 0xc822be22, 0xdc22d222, 0xf022e622, 0x0423fa22, 0x18230e23, 0x2c232223, 0x40233623, 0x54234a23, 0x68235e23, 0x7c237223, 0x90238623, 
    0xa4239a23, 0xb823ae23, 0xcc23c223, 0xe023d623, 0xf423ea23, 0x0824fe23, 0x1c241224, 0x30242624, 0x44243a24, 0x58244e24, 0x6c246224, 0x80247624, 
    0x94248a24, 0xa8249e24, 0xbc24b224, 0xd024c624, 0xe424da24, 0xf824ee24, 0x0c250225, 0x20251625, 0x34252a25, 0x48253e25, 0x5c255225, 0x70256625, 
    0x84257a25, 0x98258e25, 0xac25a225, 0xc025b625, 0xd425ca25, 0xe825de25, 0xfc25f225, 0x10260626, 0x24261a26, 0x38262e26, 0x4c264226, 0x60265626, 
    0xe41c6a26, 0xf41cec1c, 0x041dfc1c, 0x141d0c1d, 0x241d1c1d, 0x341d2c1d, 0x441d3c1d, 0x541d4c1d, 0x641d5c1d, 0x741d6c1d, 0x841d7c1d, 0x941d8c1d, 
    0xa41d9c1d, 0xb41dac1d, 0xc41dbc1d, 0xd41dcc1d, 0xe41ddc1d, 0xf41dec1d, 0xcc1cfc1d, 0xd81cd21c, 0x0100de1c, 0x8d00a000, 0x8f008e00, 0x91009000, 
    0x93009200, 0x95009400, 0xc5009600, 0xc800c700, 0xca00c900, 0xcc00cb00, 0xce00cd00, 0xd000cf00, 0xd200d100, 0xd400d300, 0xd600d500, 0xdc00d700, 
    0xde00dd00, 0xe000df00, 0xe200e100, 0xe400e300, 0xe600e500, 0xe800e700, 0x9a01e900, 0x71026802, 0xc1027202, 0xc302c202, 0xc602c402, 0xc902c802, 
    0xcb02ca02, 0xcd02cc02, 0xcf02ce02, 0x5a035703, 0x62035b03, 0x64036303, 0x66036503, 0x68036703, 0x74036903, 0x76037503, 0x79037703, 0x7b037a03, 
    0x7d037c03, 0x7f037e03, 0x81038003, 0x83038203, 0x85038403, 0x87038603, 0x89038803, 0x8b038a03, 0x8d038c03, 0x8f038e03, 0x91039003, 0x93039203, 
    0x1f059403, 0x23052205, 0x29052605, 0xf3513105, 0x51242008, 0x552008f5, 0x2008f751, 0x08f9516d, 0xfb518620, 0x516b2008, 0xa92008fd, 0x0807ff51, 
    0x07f60725, 0x083e08fa, 0x084d084c, 0x08630862, 0x08650864, 0x08670866, 0x08690868, 0x086b086a, 0x086d086c, 0x8201008b, 0x031409f1, 0x15000f00, 
    0x20001b00, 0x43004200, 0x57004e00, 0x63005800, 0x71006600, 0x8b007800, 0x93009200, 0x9d009c00, 0xa600a500, 0xc700a700, 0xd200c800, 0xe900d700, 
    0xec00eb00, 0xfb00f600, 0x10010901, 0x1b011301, 0x1e011d01, 0x27012601, 0x32012f01, 0x42013301, 0x59015601, 0x64015f01, 0x82017901, 0x87018601, 
    0x92018801, 0x94019301, 0x97019601, 0xa0019f01, 0xb501ad01, 0xb701b601, 0xbb01b801, 0xc001bf01, 0xca01c601, 0xd001cf01, 0xd301d101, 0xdc01d401, 
    0xe001de01, 0xf501f201, 0x0602ff01, 0x0c020b02, 0x0e020d02, 0x28022702, 0x3d023102, 0x48023e02, 0x5a024f02, 0x6c026102, 0x71027002, 0x8c027802, 
    0x8e028d02, 0x95029202, 0xa1029602, 0xb002a602, 0xba02b202, 0xc802bd02, 0xcc02ca02, 0xd502cd02, 0xd902d702, 0xe402da02, 0xee02e502, 0xf202f102, 
    0x0c03f802, 0x15030f03, 0x30031a03, 0x42033e03, 0x44034303, 0x50034f03, 0x52035103, 0x54035303, 0x2106d941, 0xf5710369, 0x03732205, 0x08c34175, 
    0x03893408, 0x038e038d, 0x039d0394, 0x039f039e, 0x03a103a0, 0x03a303a2, 0x03af03a8, 0x03ba03b8, 0x03c003bf, 0x03c403c3, 0x03ce03c8, 0x03e503d1, 
    0x047f04e8, 0x6a9a0499, 0x74290a65, 0xbe057805, 0xc005bf05, 0x05116b05, 0x05c65508, 0x068106c7, 0x06bd069a, 0x06c406be, 0x06ca06c7, 0x09a009d0, 
    0x0af209ef, 0x0a650a0d, 0x0a670a66, 0x0a6c0a6b, 0x0a970a8c, 0x0a9a0a99, 0x0ae80ae4, 0x0aeb0ae9, 0x0aee0aed, 0x0af00aef, 0x0b1a0bf2, 0x0b310b1b, 
    0x0b330b32, 0x0b370b36, 0x01010053, 0x0002003d, 0x201fd541, 0x1ad1419c, 0xcd411320, 0x01322408, 0x41410133, 0xcb410ccd, 0x41902005, 0xc94160cb, 
    0x02b22407, 0x41c802bd, 0xc14106c3, 0x0fbf4107, 0x2005bd41, 0x0abd414d, 0x6503622b, 0x69036603, 0x70036f03, 0x41bb4103, 0x6c052c21, 0x47361955, 
    0x49054805, 0x4b054a05, 0x4d054c05, 0x4f054e05, 0x51055005, 0x4b6c5205, 0x5f60201a, 0x395f1b43, 0x74052705, 0x78057605, 0xb96e8605, 0x05953a0c, 
    0x05970596, 0x059a0599, 0x059c059b, 0x059e059d, 0x05a0059f, 0x05c605c0, 0x1c1d6dc7, 0x08075742, 0xd206d02e, 0xde06d306, 0xea06e906, 0xec06eb06, 
    0xee06ed06, 0xf006ef06, 0xf206f106, 0xf406f306, 0xf606f506, 0xf806f706, 0xfa06f906, 0xef09a009, 0x27357d42, 0x02008d07, 0x50074f07, 0x4e280582, 
    0x0200c802, 0x0109c605, 0x06210583, 0x290582e9, 0x00e20694, 0x05f70203, 0x138307bf, 0x05849420, 0x7c05a022, 0x78221982, 0x05827d05, 0x0b847b20, 
    0x0b847420, 0x0000762c, 0xc6050200, 0x19010100, 0x0b820100, 0x03821020, 0x02210f84, 0x280f84c1, 0x00f7060f, 0x06ce0502, 0x210583f8, 0x05880b07, 
    0x0c07db22, 0x05830b84, 0x0907db22, 0xdb270b82, 0x03000a07, 0x8505d105, 0x05de2407, 0x84f106db, 0x84f22039, 0x83ce2015, 0xee062147, 0x06214783, 
    0x214783ef, 0x41830607, 0x06070723, 0x201f86f9, 0x240784ed, 0x00fa06d1, 0x22458204, 0x82ce05d1, 0x00012189, 0x00240185, 0x0d070400, 0xce201f84, 
    0xdb200786, 0xde210784, 0x820f8505, 0x0507216d, 0xd1201f84, 0xde200786, 0xde210784, 0x240f8505, 0x07de05de, 0x8857870e, 0x86db2009, 0x85458309, 
    0x8347831d, 0x82378209, 0x85098759, 0x88438227, 0x21278213, 0x9b820200, 0x8205f76c, 0x240b86a8, 0x00000002, 0x8bb38403, 0x82118719, 0x201b84c5, 
    0x823b8401, 0x2202822a, 0x88040001, 0x86002013, 0x22f38709, 0x88050015, 0x8b4f8b11, 0x00002215, 0x8d238806, 0x22178d57, 0x8c070000, 0x8f4f8b5d, 
    0x00002219, 0x8d2b8c08, 0x221b9157, 0x8e090000, 0x93318d2f, 0x0000221d, 0x8d33900a, 0x221f9535, 0x920b0000, 0x97398d37, 0x06002621, 0x050200ea, 
    0x20058495, 0x24058297, 0x05940503, 0x20078694, 0x85078695, 0x86952017, 0x84952017, 0x0503232d, 0x17850595, 0x17869720, 0x17869720, 0x17829720, 
    0x0400eb22, 0x19824783, 0x95210987, 0x20098706, 0x20098697, 0x201d8895, 0x85398295, 0x8895201d, 0x8897203b, 0x8897201d, 0x8697201d, 0x8495201d, 
    0x833183a3, 0x83598509, 0x21598509, 0x59870595, 0x1d870983, 0x07825987, 0x09835986, 0x59871d87, 0x59889720, 0x1d850983, 0x59850983, 0x59889720, 
    0x1d870983, 0x97215987, 0x83b38705, 0x821d8709, 0x0607270b, 0xdb050200, 0x05860707, 0x63820320, 0x03200d83, 0x07854d82, 0x1d849720, 0xa0050322, 
    0xa1200786, 0xa3200786, 0x08200782, 0x21064941, 0x098507db, 0x13889520, 0x09889720, 0x1d853783, 0x1388a120, 0x95203b87, 0x1d836d84, 0x6f849520, 
    0x3b870985, 0x73849520, 0x3b871385, 0x87059521, 0x8897203b, 0x8897203b, 0x86cf823b, 0x88972063, 0x0597213b, 0x97203b87, 0xa0203b88, 0xa0203b88, 
    0xa0213b88, 0x20778705, 0x203b88a0, 0x203b88a0, 0x203b88a0, 0x203b88a1, 0x203b88a1, 0x203b88a1, 0x203b88a1, 0x203b88a1, 0x203b88a1, 0x203b88a3, 
    0x203b88a3, 0x203b88a3, 0x203b88a3, 0x203b88a3, 0x263b84a3, 0x0702008e, 0x848f074f, 0x84902005, 0x84912005, 0x84922005, 0x84932005, 0x84952005, 
    0x84962005, 0x84972005, 0x84982005, 0x84992005, 0x849a2005, 0x849b2005, 0x849c2005, 0x849d2005, 0x849e2005, 0x849f2005, 0x84a02005, 0x84a12005, 
    0x84a22005, 0x84a32005, 0x84a42005, 0x84a52005, 0x84a62005, 0x84a72005, 0x84a82005, 0x84a92005, 0x84aa2005, 0x84ab2005, 0x84ac2005, 0x84ad2005, 
    0x84ae2005, 0x84af2005, 0x84b02005, 0x84b12005, 0x84b22005, 0x84b32005, 0x84b42005, 0x84b52005, 0x84b62005, 0x84b72005, 0x84b82005, 0x84b92005, 
    0x84ba2005, 0x84bb2005, 0x84bc2005, 0x84bd2005, 0x84be2005, 0x84bf2005, 0x84c02005, 0x84c22005, 0x84c32005, 0x84c12005, 0x84c72005, 0x84c82005, 
    0x84c42005, 0x84c52005, 0x84c62005, 0x84c92005, 0x84ca2005, 0x82512005, 0x074e2205, 0x20058452, 0x20058453, 0x20058454, 0x20058455, 0x20058456, 
    0x20058457, 0x20058458, 0x20058459, 0x2005845a, 0x2005845b, 0x2005845c, 0x2005845d, 0x2005845e, 0x2005845f, 0x20058460, 0x20058461, 0x20058462, 
    0x20058463, 0x20058464, 0x20058465, 0x20058466, 0x20058467, 0x20058468, 0x20058469, 0x2005846a, 0x2005846b, 0x2005846c, 0x2005846d, 0x2005846e, 
    0x2005846f, 0x20058470, 0x20058471, 0x20058472, 0x20058473, 0x20058474, 0x20058475, 0x20058476, 0x20058477, 0x20058478, 0x20058479, 0x2005847a, 
    0x2005847b, 0x2005847c, 0x2005847d, 0x2005847e, 0x2005847f, 0x20058480, 0x20058481, 0x20058482, 0x20058484, 0x20058485, 0x20058483, 0x20058489, 
    0x2005848a, 0x20058486, 0x20058487, 0x20058488, 0x2005848b, 0x2705838c, 0x0200ee06, 0xef06ce05, 0x03220586, 0x0d849405, 0x95050322, 0x97200786, 
    0xf0200782, 0x21065b44, 0x098506ce, 0x13889520, 0x95201d87, 0x1d833784, 0x39849520, 0x1d870985, 0x1d889720, 0x1d889720, 0x82059721, 0x0a00261d, 
    0x700a0200, 0x238f8200, 0x0b016c0a, 0x6d280b82, 0x02006501, 0x1802cb06, 0x70220b82, 0x05827102, 0x70026c22, 0xd1200584, 0x79220582, 0x1d831b03, 
    0x832a0521, 0x3a05210b, 0x00210583, 0x2111833f, 0x05823e00, 0x7801ce22, 0xcb220582, 0x17827901, 0xc9016c22, 0xcf220b82, 0x0582ca01, 0xd301d022, 
    0xd4201184, 0x6b220582, 0x5f842102, 0x05822020, 0xb302ce22, 0x6d221182, 0x0582b402, 0x2f036e22, 0xcb221182, 0x0b823003, 0xb7036c22, 0xcf220b82, 
    0x0582b803, 0xc303d022, 0xc4201184, 0x6b210582, 0x22ad8204, 0x8304cb06, 0x006b22a7, 0x22118242, 0x8343006c, 0x44002723, 0x250b0200, 0x7d842501, 
    0x6b842620, 0x0b822720, 0x8202d021, 0x6c0a2305, 0x0b842802, 0x23832920, 0x82a10221, 0x0276221d, 0x201184a6, 0x22118298, 0x84e3022d, 0x84e4208f, 
    0x84e520e3, 0x821020ad, 0x01ca2205, 0x22118211, 0x8412016e, 0x84132053, 0x84142017, 0x84602065, 0x82612011, 0x01cc2205, 0x22238262, 0x84630171, 
    0x846420e9, 0x84c22023, 0x22b3821d, 0x8301cc06, 0x017122b3, 0x201d84c5, 0x207184c6, 0x220582ba, 0x82bb02ca, 0x026e2235, 0x207784bc, 0x201784bd, 
    0x215983be, 0x0b821603, 0x1703cb22, 0xcc220582, 0x23821803, 0x19037122, 0xcf220b82, 0x05821a03, 0x9003d022, 0x91201d84, 0x92201d84, 0x93201d84, 
    0x94201d84, 0xd0220582, 0x11824b00, 0x51007522, 0x79220582, 0x11824c00, 0x4d00cb22, 0x6d220b82, 0x05824e00, 0x4f006c22, 0x6e220582, 0x05845600, 
    0x11845720, 0x35845820, 0x77835920, 0x825a0021, 0x00ca220b, 0x220b825b, 0x84a30017, 0x84a42035, 0x84a52029, 0x84a62029, 0x82a72029, 0x006b220b, 
    0x222382a8, 0x82cc0113, 0x016d220b, 0x221782cd, 0x84ce01cc, 0x82cf20ef, 0x016b2211, 0x220582d0, 0x82d1016c, 0x01d02211, 0x201784f1, 0x201184f2, 
    0x220582f3, 0x84f4016e, 0x84f52035, 0x82f6201d, 0x02252247, 0x2211822e, 0x822c0275, 0x02792205, 0x2217822f, 0x823002cb, 0x026d220b, 0x22058231, 
    0x8232026c, 0x026e2205, 0x2005843c, 0x2011843d, 0x2223823e, 0x843f02d0, 0x8240203b, 0x02ca220b, 0x220b8241, 0x82e40317, 0x03cb220b, 0x212383e5, 
    0x0582e603, 0xe7036e22, 0x6d220582, 0x1782e803, 0xe903d022, 0x9020e384, 0x9120d784, 0x6f220582, 0xd7849200, 0xf5849320, 0xe9849420, 0x0b829520, 
    0x9600cb22, 0xce220582, 0xb9841a01, 0x05821b20, 0x0109ca22, 0x2120bf84, 0x79220582, 0xb9841d01, 0x4d831f20, 0x82200121, 0x01172205, 0x2211829e, 
    0x829c01ca, 0x0175221d, 0x20e3849d, 0x202f849f, 0x202984a0, 0x202984a1, 0x220582a2, 0x84760217, 0x827720d7, 0x026f2205, 0x20cb8478, 0x22178279, 
    0x847a0250, 0x847b20dd, 0x827c20fb, 0x02ce2205, 0x2029848a, 0x2017848b, 0x2029848c, 0x20f5848d, 0x220b828e, 0x828f026b, 0x02132235, 0x22058290, 
    0x84bc0325, 0x82bd20e3, 0x03cc221d, 0x220582be, 0x82ba03cb, 0x036b2211, 0x220582bf, 0x82c0036c, 0x03d02211, 0x220b82c1, 0x84810170, 0x848220d1, 
    0x848320ad, 0x828420a7, 0x01cd220b, 0x22478285, 0x84860111, 0x848720b3, 0x828920b3, 0x02252211, 0x207d84cb, 0x209584c9, 0x220582ca, 0x84c802ca, 
    0x82c22089, 0x02792205, 0x208f84cc, 0x202984ce, 0x220582cf, 0x843d0317, 0x823e207d, 0x03ca2205, 0x2223823f, 0x8240036e, 0x03cd220b, 0x221d8241, 
    0x84420311, 0x8443208f, 0x8445208f, 0x846320b9, 0x84642023, 0x8262202f, 0x0375220b, 0x20238465, 0x20238466, 0x20238467, 0x20598468, 0x22178269, 
    0x822d016b, 0x01cf2217, 0x20c5842e, 0x20c5842f, 0x20c58430, 0x220b8231, 0x843201cc, 0x843320bf, 0x823420bf, 0x01252235, 0x22058235, 0x82e70217, 
    0x02cf2211, 0x20c584ed, 0x20c584ee, 0x20d784ef, 0x220b82f0, 0x84f102cc, 0x84f220d1, 0x84f320cb, 0x84f420cb, 0x844b2071, 0x824c20cb, 0x036d221d, 
    0x209b844d, 0x20a7844f, 0x20b3844e, 0x20a78450, 0x20a78451, 0x222f8252, 0x82530347, 0x01322205, 0x209b848e, 0x221d828f, 0x8290016d, 0x01752205, 
    0x20a78492, 0x20a78491, 0x20a18493, 0x20a18494, 0x222f8296, 0x84da0133, 0x228f832f, 0x84db0176, 0x84dc2035, 0x84df20e9, 0x84e020d1, 0x82e12029, 
    0x01712211, 0x20fb84e2, 0x220582dd, 0x84de01ce, 0x00953047, 0x0acb0603, 0x0096016c, 0x0a6e0a03, 0x84cb036c, 0x232182b1, 0xc803760a, 0x6b222182, 
    0xbd84cc03, 0x1782d020, 0xd103cc22, 0xd220ab84, 0x71221182, 0x0b82d303, 0xcd03cf22, 0xce220582, 0xc984ce03, 0x0582cf20, 0x9b027022, 0xcc221182, 
    0x05829c02, 0x9d02cb22, 0x6d221182, 0x05829502, 0x97026b22, 0xcf221182, 0x05829e02, 0x9f02ce22, 0x6f221182, 0x0582a502, 0xa2027122, 0x6e220582, 
    0x1782a302, 0xa402cd22, 0x1121cf82, 0x22d58202, 0x8300f00a, 0x00cc2289, 0x221782cc, 0x82cd00cb, 0x006d2223, 0x220582c7, 0x82ce006b, 0x00cf2211, 
    0x220582cf, 0x82d000ce, 0x006f2211, 0x220582d1, 0x82d20076, 0x006c2205, 0x220582d6, 0x82d70071, 0x00d0221d, 0x220b82d3, 0x82d4006e, 0x00cd220b, 
    0x215983d5, 0x0582ca00, 0xc8002d22, 0x6b24eb82, 0x6000cb06, 0xcc221982, 0x61846100, 0x61846220, 0x61846320, 0x5b846420, 0x5b846520, 0x55846620, 
    0x61846720, 0x4f846820, 0x5b847120, 0x67847220, 0x8b847320, 0x61846920, 0x61846a20, 0x17826b20, 0x6e007522, 0x17220b82, 0x05826f00, 0x4a022d22, 
    0xcc221d82, 0x05824b02, 0x4c02cb22, 0x6d221d82, 0x05824802, 0x4d026b22, 0xce221182, 0x0b824e02, 0x4f026f22, 0x6c220582, 0x05825002, 0x51027622, 
    0x6e220582, 0x1d825a02, 0x5b02d022, 0x71220b82, 0x0b825c02, 0x5d02cf22, 0x4b224d82, 0x05825e02, 0x5f024c22, 0x4d220582, 0x05826002, 0x52024e22, 
    0xcd221d82, 0x0b825302, 0x54021122, 0x75222f82, 0x05825502, 0x5602c022, 0xbf220582, 0x17825702, 0x58021722, 0x7420f784, 0x6d20f782, 0x7520f782, 
    0xcc220784, 0x07837600, 0x00710a23, 0x2a0f8477, 0x006c00cf, 0x06ce0603, 0x846d00cc, 0x01cb2207, 0x225982aa, 0x82ab01cc, 0x01cb2205, 0x224d82ac, 
    0x82ad016d, 0x016b2205, 0x221182ae, 0x82af01cf, 0x01ce2205, 0x221182b0, 0x82b1016f, 0x01702205, 0x226582b2, 0x82b3010d, 0x0176220b, 0x221d82c0, 
    0x82c101d0, 0x0171220b, 0x220582b4, 0x82b9016e, 0x01cd2211, 0x222382ba, 0x82bb0111, 0x011b2205, 0x220582bc, 0x82bd012d, 0x03172205, 0x221d827a, 
    0x827b03cc, 0x03cb2205, 0x222f827c, 0x8275036d, 0x036b2205, 0x22118276, 0x827d03cf, 0x03ce2205, 0x2211827e, 0x827f036f, 0x03702205, 0x22358280, 
    0x8281030d, 0x0376220b, 0x221d828e, 0x828f03d0, 0x0371220b, 0x22058282, 0x8283036e, 0x03ef2205, 0x22058284, 0x828503f0, 0x03ee2205, 0x22058286, 
    0x828703f2, 0x03cd2229, 0x223b8288, 0x82890311, 0x031b2205, 0x2205828a, 0x848b032d, 0x828c2083, 0x03f32223, 0x2a0b828d, 0x00b50153, 0x066b0a03, 
    0x84b601ce, 0x01cb2207, 0x230783b7, 0xb8016e0a, 0xcc2a0f84, 0x0300be01, 0xcb06cf06, 0x0782bf01, 0x6b0ace24, 0x59820500, 0x0600cc22, 0xcb220582, 
    0x47820700, 0x04006d22, 0xcf220b82, 0x0b820300, 0x08006b22, 0x70220582, 0x59820900, 0x0b003522, 0xce221782, 0x11820c00, 0x0d006f22, 0x76220582, 
    0x11821500, 0x1600d022, 0x71220b82, 0x23821f00, 0x0e004a22, 0x6e220b82, 0x17821100, 0x1200cd22, 0x11221182, 0x11821300, 0x14006c22, 0x2a220b82, 
    0x17824601, 0x4701cc22, 0xcb220582, 0x17824801, 0x43016d22, 0xcf220b82, 0x0b824201, 0x49016b22, 0xce220b82, 0x0b824a01, 0x4b016f22, 0x0d222f82, 
    0x0b824401, 0x59017922, 0xd0221782, 0x0b825a01, 0x4c017122, 0x6e220582, 0x05824d01, 0x4f017622, 0xcd221782, 0x29825001, 0x53011122, 0x6c221182, 
    0x5f841002, 0x0582fc20, 0x8202cb21, 0x6d0a23c5, 0x0b821a02, 0x8202cf21, 0x6b0a23b9, 0x23821602, 0x17027022, 0x34212f82, 0x23958202, 0xfd01ce06, 
    0x6f221182, 0x05821402, 0x82027621, 0xd00623b9, 0x0b821102, 0x05027122, 0x4b222382, 0x05820702, 0x08024c22, 0x4d220582, 0x05820902, 0xfe014e22, 
    0x48220582, 0x05820002, 0x01024922, 0xf7222982, 0x0b820202, 0x03024a22, 0x6e220b82, 0x05820c02, 0x0f02ef22, 0xf1220582, 0x77820a02, 0x1202cd22, 
    0x11221d82, 0x9b840d02, 0x0b821920, 0xfc022a22, 0xcc211782, 0x23778202, 0xfe02cb06, 0x6d221782, 0xa184f902, 0x0b82f820, 0xff026b22, 0xce220b82, 
    0x0b820003, 0x01036f22, 0x0d222f82, 0x0b82fa02, 0x0f037922, 0xd0221782, 0x0b821003, 0x82037121, 0x4b0b23a1, 0x1d821203, 0x13034c22, 0x4d210582, 
    0x23bf8203, 0x02034e0b, 0x6e221d82, 0x05820303, 0x05037622, 0xcd222f82, 0x1d820603, 0x07031122, 0xef221182, 0x0b820803, 0x82035421, 0x6c0a23c5, 
    0x11820a03, 0x0b03f122, 0xf3210582, 0x23b38203, 0x0d03370b, 0xc0220b82, 0x05820e03, 0x1700bf2a, 0x6d0a0300, 0x1800cb06, 0xcc220784, 0x6b431900, 
    0x841a2006, 0x00cf220f, 0x2007821c, 0x201f826f, 0x2207841d, 0x831e00cc, 0x710a2307, 0x07820f00, 0xce066b24, 0x07821000, 0xce066c24, 0x2f845b01, 
    0x5c01cb22, 0xcc220784, 0x47855d01, 0x845e0121, 0x01cf220f, 0x252f8551, 0x03005201, 0x2f82cf06, 0x37865420, 0x0f845520, 0x5601cb22, 0x0a230783, 
    0x8257016b, 0x06ce2407, 0x845801cc, 0x07cb2107, 0x0521e782, 0x20058495, 0x20058497, 0x200584a1, 0x240582a3, 0x05940503, 0x20078694, 0x20078695, 
    0x20078697, 0x200786a0, 0x850786a1, 0x8695202f, 0x8495202f, 0x05032351, 0x2f850595, 0x85059521, 0x0595212f, 0x95212f85, 0x202f8505, 0x202f8697, 
    0x202f8697, 0x202f8697, 0x202f8697, 0x202f8697, 0x202f8697, 0x202f86a0, 0x202f86a0, 0x202f86a0, 0x202f86a0, 0x202f86a0, 0x202f86a0, 0x202f86a1, 
    0x202f86a1, 0x202f86a1, 0x202f86a1, 0x202f86a1, 0x202f86a1, 0x202f86a3, 0x202f86a3, 0x202f86a3, 0x202f86a3, 0x202f86a3, 0x202f82a3, 0x063b4d03, 
    0x87079421, 0x88952009, 0x88972009, 0x88a02009, 0x88a12009, 0x86a32009, 0x82952009, 0x203b856d, 0x876f8295, 0x203b8709, 0x87738295, 0x203b8713, 
    0x20778895, 0x203b8897, 0x203b8897, 0x85ad8297, 0x88972031, 0x8297203b, 0x871387b1, 0x88a02077, 0x88a0203b, 0x88a0203b, 0x88a0203b, 0x88a0203b, 
    0x88a0203b, 0x88a12077, 0x88a1203b, 0x88a1203b, 0x88a1203b, 0x88a1203b, 0x88a1203b, 0x88a3203b, 0x88a3203b, 0x88a3203b, 0x88a3203b, 0x88a3203b, 
    0x86a3203b, 0x0595223b, 0x833b8694, 0x05674109, 0x2b410983, 0x41098305, 0x09830567, 0x83052b41, 0x21ef8509, 0x67410595, 0x87098307, 0x8695203b, 
    0x87138377, 0x8695203b, 0x87138377, 0x0767413b, 0xb3862f82, 0x77870983, 0x83076741, 0x20778713, 0x41b38897, 0x95210767, 0x07674105, 0x3b870983, 
    0x83076741, 0x413b8713, 0x89820767, 0xa120ef88, 0xa1207788, 0x6741b388, 0x87278307, 0x0767413b, 0x41059521, 0x09830767, 0x6741ef87, 0x87138307, 
    0x076741ef, 0xef851383, 0x7786ed82, 0x3b850983, 0xb3850983, 0x3b850983, 0x77850983, 0x3b870983, 0x22076741, 0x86950597, 0x829720b3, 0x423b8709, 
    0x138307cf, 0x79823b87, 0x00030725, 0x82970504, 0x05474301, 0x77870983, 0x8207cf42, 0x061b4207, 0x3b870983, 0x21076741, 0x67410597, 0x87098307, 
    0x07cf423b, 0xb3871383, 0x8307cf42, 0x42b38713, 0x972107cf, 0x07674105, 0xb3870983, 0x83076741, 0x41778713, 0x97200767, 0x83086741, 0x41778709, 
    0x13830767, 0x67417787, 0x85138307, 0x41b18277, 0x09830667, 0x09833b85, 0x09837785, 0x09833b85, 0x09837785, 0x67413b87, 0x41a02007, 0x09830867, 
    0x67413b87, 0x87138307, 0x0767413b, 0x6741a020, 0x87098308, 0x07674177, 0x77871383, 0x0724f182, 0x05040003, 0x77871383, 0x20076741, 0x08cf42a0, 
    0x77870983, 0x8207cf42, 0x06474307, 0x3b870983, 0x20076741, 0x086741a0, 0x3b870983, 0x83076741, 0x41b38713, 0xa0200767, 0x83086741, 0x41b38709, 
    0x13830767, 0x6741b387, 0x85138307, 0x41758277, 0x09830667, 0x09833b85, 0x09837785, 0x09833b85, 0x09837785, 0x67413b87, 0x41a12007, 0x09830867, 
    0x67413b87, 0x87138307, 0x0767413b, 0x6741a120, 0x87098308, 0x07674177, 0x77871383, 0x83076741, 0x41778713, 0xa1200767, 0x83086741, 0x41778709, 
    0x13830767, 0xf1827787, 0x00030725, 0x82a10504, 0x05474301, 0x77870983, 0x1d885b82, 0x1f827787, 0x77871388, 0x22073744, 0x43a305a1, 0x098306bf, 
    0x9f457787, 0x87138307, 0x44a32077, 0x398206eb, 0x83066741, 0x83778509, 0x833b8509, 0x83778509, 0x833b8509, 0x82778509, 0x443b886b, 0x13830737, 
    0x67413b87, 0x87138307, 0x0767413b, 0x6741a320, 0x87098308, 0x07674177, 0x77871383, 0x83076741, 0x41778713, 0xa3200767, 0x83086741, 0x41778709, 
    0x13830767, 0x67417787, 0x41a32007, 0x09830867, 0x67417787, 0x87138307, 0x07674177, 0x3182a320, 0x67417787, 0x41a32007, 0x09830867, 0x67417787, 
    0x87138307, 0x330b8277, 0x04000000, 0x90012205, 0x00000500, 0xcd043305, 0x9a00e7ff, 0x002d0783, 0x00cd0277, 0x009f028c, 0x05000200, 0x2a258203, 
    0xe0040002, 0x52ff0a00, 0x82ffa100, 0x8221200d, 0x52003703, 0x00534d53, 0xff000081, 0xfec007ff, 0x07000012, 0x00ee01c0, 0x33820100, 0x04000025, 
    0x82d2055e, 0x00202223, 0x2005820c, 0x83038204, 0x85242043, 0x3a16250b, 0x01000300, 0x24200b82, 0x0a2c0782, 0x3a160000, 0x16160400, 0xe0010000, 
    0x07221482, 0x1982e000, 0x007edd09, 0x014801ac, 0x025402c3, 0x0284027b, 0x03a40290, 0x030a0304, 0x030f030c, 0x03150313, 0x0323031b, 0x032c0328, 
    0x03430338, 0x036f0362, 0x037f0376, 0x038c038a, 0x03d703a1, 0x03f603dd, 0x047904fa, 0x05ff049d, 0x1d3f0e2f, 0x1d0d1d00, 0x1d431d1b, 0x1d4d1d49, 
    0x1d521d50, 0x1d5b1d58, 0x1d9c1d65, 0x1dbb1da0, 0x1de71dd7, 0x1ef51de9, 0x1f0f1f9b, 0x1f1d1f15, 0x1f3f1f27, 0x1f4d1f45, 0x1f591f57, 0x1f5d1f5b, 
    0x1f871f7d, 0x1fb41faf, 0x1fd31fc4, 0x1fef1fdb, 0x20fe1ff4, 0x2027200b, 0x20572055, 0x2071205f, 0x209c208e, 0x20b520af, 0x20c020ba, 0x20e820de, 
    0x210121f0, 0x21062103, 0x21132109, 0x21222117, 0x212b2126, 0x2132212e, 0x214d213b, 0x217f215f, 0x21892186, 0x21aa2199, 0x21b521b1, 0x21d021bb, 
    0x21d421d2, 0x21e521df, 0x22ea21e7, 0x22062202, 0x2212220f, 0x221e221a, 0x2236222b, 0x22602248, 0x23982265, 0x23182305, 0x232b2327, 0x23872380, 
    0x24cf238b, 0x24682423, 0x25ea24cf, 0x25aa25a2, 0x25b725b3, 0x25c125bd, 0x25cb25c7, 0x25e625cf, 0x260026ef, 0x263c2606, 0x26652661, 0x27a0266b, 
    0x27172713, 0x27642756, 0x27ef2788, 0x2a1329fa, 0x2b062b38, 0x2b1c2b13, 0x2c7c2c24, 0x2eff2d7f, 0xa79fa618, 0xe02ea9ff, 0xe00be000, 0xe04fe02b, 
    0xe05ee05c, 0xe080e06a, 0xe091e087, 0xe0a3e096, 0xe0cce0bd, 0xe1f5e0e6, 0xe10ae106, 0xe113e10f, 0xe122e118, 0xe12ae124, 0xe13de137, 0xe15ee156, 
    0xe1c3e163, 0xe2e1e1df, 0xe2c7e274, 0xeedce2d8, 0xee0aee07, 0xee14ee12, 0xee25ee17, 0xee47ee45, 0xee84ee71, 0xee9bee8f, 0xeed2ee9c, 0xeedeeed3, 
    0xfec3f6e1, 0x00ffffff, 0x20340083, 0xae00a000, 0xc5014a01, 0x7e025602, 0x92028602, 0x0603a602, 0x080ce141, 0x2c032622, 0x42033703, 0x63034603, 
    0x7a037403, 0x8c038403, 0xa3038e03, 0xf003dc03, 0xfc03f903, 0xa0048004, 0x2c0ce141, 0x1d4d1d47, 0x1d521d4f, 0x1d5b1d56, 0x06e14162, 0xd81dbf38, 
    0xea1de81d, 0x9d1efc1d, 0x181f101f, 0x281f201f, 0x481f401f, 0xe141501f, 0x5f420806, 0x881f801f, 0xb61fb01f, 0xd61fc61f, 0xf21fdd1f, 0x0020f61f, 
    0x2f201020, 0x5f205720, 0x74207020, 0xa0209020, 0xb820b120, 0xdb20bc20, 0xf020e820, 0x03210021, 0x09210521, 0x16211321, 0x26211e21, 0xe1412a21, 
    0x21503008, 0x21832160, 0x21902189, 0x21b021a9, 0x41ba21b3, 0xde2206e1, 0xe141e421, 0x22052406, 0x4111220f, 0x64280ce1, 0x03239522, 0x25231823, 
    0x3808e141, 0x242324ce, 0x24b62460, 0x25a025ea, 0x25b225aa, 0x25ba25b6, 0x25c425c0, 0x08e141ca, 0xe1410520, 0x416a2006, 0x80240ae1, 0xf527ef27, 
    0x2006e141, 0x14e14112, 0xe0026608, 0xe04be00c, 0xe05de050, 0xe06be06a, 0xe088e081, 0xe097e092, 0xe0c8e0a4, 0xe1f3e0dc, 0xe109e106, 0xe111e10c, 
    0xe121e117, 0xe12ae124, 0xe138e12b, 0xe157e13e, 0xe1c3e163, 0xe1e1e1d2, 0xe27be2e2, 0xeed9e2c8, 0xee09ee01, 0xee14ee0c, 0xee1dee17, 0xee47ee26, 
    0xee72ee48, 0xee90ee87, 0xee9dee9c, 0xeed4eed3, 0x06e141df, 0x94000121, 0x62073700, 0x5f07be03, 0x59075e07, 0x0000ad03, 0x41074b07, 0x34071807, 
    0x2c85cc06, 0x85dbfd21, 0x2f058907, 0xddf6a9ff, 0x3fec4aec, 0xc5e832ec, 0xc1e80000, 0xc4200382, 0xc2200382, 0x6e280382, 0x66e86de8, 0x69ec0000, 
    0x13820382, 0xe5000038, 0xe565e14b, 0xe3000045, 0xe520e2de, 0xe28ee24c, 0x008ce28d, 0x2b82e400, 0x879ae421, 0xcee42551, 0xd6e60000, 0xe5230d83, 
    0x8376e661, 0x2d038b07, 0xcee9b2e9, 0xe0e5b7e5, 0xdbe50000, 0x198317e9, 0xe5cde22b, 0xdfbae5bb, 0xe5bae45a, 0x20738267, 0x20198264, 0x22038216, 
    0x8294e556, 0xe5813005, 0xe51fe51c, 0xe56be525, 0xe54ae563, 0x82ffe348, 0x82f4207b, 0xe3eb2c03, 0xe3d9e3e2, 0xe390e38e, 0x836be372, 0x1be42b45, 
    0x12e40000, 0xb2e3b7e3, 0x7f82afe3, 0x0be3082a, 0x80e29ae2, 0xf5df80e1, 0x03871d83, 0x4fe14508, 0x5de1b4df, 0x29e12ae1, 0xcae0ede0, 0x99e3c7e0, 
    0x00e07de0, 0xd0dffddf, 0xebdfc9df, 0x0000fae1, 0x4dddeadd, 0x11dc2adc, 0x27dc31dc, 0x7bd5c6d9, 0x65d7d4dc, 0x5461ba63, 0x2827ba60, 0xde209520, 
    0x80220000, 0xee2a0382, 0x0625bf24, 0x00001825, 0x03824325, 0x00b32c08, 0x29ee2900, 0x29dc29de, 0x29da29db, 0x29cf29d7, 0x26c929ce, 0x26000049, 
    0x2400006a, 0x25e723b5, 0x2613292f, 0x26fe2504, 0x85ed2502, 0x80142b8b, 0x4e15a914, 0xfc166f15, 0x1183fd16, 0x671c2908, 0x661c3e19, 0x651c0d1c, 
    0x07100000, 0x0100e80a, 0xde010000, 0xb2029a02, 0xd804e603, 0x4006f605, 0x60064c06, 0x40078406, 0x03872d83, 0x873c0721, 0x00002709, 0x3a073607, 
    0x07824407, 0x74074e2e, 0xde07dc07, 0xec07ea07, 0x2009e608, 0x00232189, 0x82d20900, 0x86d42003, 0x85d62003, 0x82092019, 0x040a2707, 0x040a0000, 
    0x1185420b, 0x338c0c20, 0x15820c20, 0x007c0c2f, 0x0cc80c00, 0x0dfe0ce4, 0x0d000008, 0x2203822a, 0x83660d38, 0xae0d2f2d, 0xe40db00d, 0x1a0efc0d, 
    0x260e220e, 0x13832e0e, 0x0e210383, 0x2005842c, 0x8307852a, 0x2403830b, 0x0000280e, 0x21a3820e, 0x0d84480e, 0x05835620, 0x1983038d, 0x17891d85, 
    0x0e3c0e22, 0x37838382, 0x0e201385, 0x290c0341, 0x380e360e, 0x400e3a0e, 0x378f420e, 0x058b2d85, 0x8b2a0e21, 0x250b930d, 0x0000140e, 0x19871a0e, 
    0x0e210d87, 0x8b11874a, 0x21158307, 0x118b520e, 0x0e250b83, 0x0e5c0e50, 0x8709835e, 0x5e0e2303, 0x0b87820e, 0x0e000023, 0x3f0b8588, 0x7405d206, 
    0x8e05ae05, 0xb106fe04, 0xad057205, 0x7f057e05, 0xd305ec05, 0x9405be05, 0x9005bf05, 0x2c14f972, 0x05c505c2, 0x05d105cd, 0x057805ce, 0x0eb57186, 
    0x2a254f73, 0x05930580, 0x05eb0582, 0x6fbb06e8, 0x7f7916b9, 0x845d081d, 0x85059105, 0xd306d905, 0xff047605, 0x8f050105, 0x92050005, 0xbd06ff05, 
    0xf905ef05, 0xe705cb05, 0xc106ee05, 0xd705f805, 0x27062606, 0x7803b906, 0xc605fd05, 0x2406c806, 0xcc05fa05, 0x9e06a206, 0x7b05a306, 0x06000500, 
    0x04000700, 0x08000300, 0x4b003d00, 0x61006000, 0x63006200, 0x05796d00, 0x08c75308, 0x012d01f7, 0x01470146, 0x01430148, 0x01d50542, 0x01aa0144, 
    0x01ac01ab, 0x03da01ad, 0x025703ea, 0x02fc0110, 0x021a0204, 0x0216020b, 0x022e021f, 0x024b024a, 0x0248024c, 0x029c029b, 0x0495029d, 0x02e70236, 
    0x02fd02fc, 0x02f902fe, 0x02d605f8, 0x5b6d03fa, 0x35090705, 0x02cb0375, 0x00c8032a, 0x0013020b, 0x00fd010c, 0x0014020d, 0x002f024c, 0x0030024d, 
    0x0031024e, 0x0032024f, 0x083c0256, 0x003702f5, 0x004d0264, 0x004e0265, 0x004f0266, 0x00500267, 0x00510268, 0x00760290, 0x00770291, 0x00780292, 
    0x00790293, 0x008a02a3, 0x008902a9, 0x009702ce, 0x009e02cf, 0x009f02d0, 0x00a102d1, 0x089302d2, 0x01ae02ff, 0x01b3020b, 0x09ba0210, 0x021a012d, 
    0x021b01c9, 0x021c01ca, 0x020109cb, 0x022101c8, 0x022e01c2, 0x022f01ed, 0x023001ee, 0x023701ef, 0x024901e9, 0x034a01ff, 0x034b0100, 0x03760101, 
    0x03810129, 0x0382013d, 0x0383013e, 0x038e013f, 0x038f014b, 0x0390014c, 0x0391014d, 0x039c014e, 0x039d0162, 0x03040963, 0x03ae0161, 0x03af0176, 
    0x03b0017d, 0x03b1017e, 0x03b2017f, 0x03b30180, 0x03cc0181, 0x03db01bc, 0x01dc01cc, 0x01e403f1, 0x01e503f2, 0x02e603f3, 0x0024026e, 0x02f30846, 
    0x09050925, 0x00520038, 0x002d024a, 0x0855005c, 0x093a02f6, 0x087a0016, 0x00f808fa, 0x0002058a, 0x020c048f, 0x00d80085, 0x021701c9, 0x09c302b9, 
    0x0108092e, 0x01ec0236, 0x02450173, 0x090309fb, 0x037b0130, 0x0107092e, 0x08560399, 0x031a09f9, 0x09a3015b, 0x01a50136, 0x047703a9, 0x01060908, 
    0x01c903d9, 0x08e003f8, 0x09fd08fb, 0x05210920, 0x09250521, 0x09270937, 0x09500949, 0x09520951, 0x025e004f, 0x01000944, 0x09b70223, 0x02400102, 
    0x020e00f5, 0x02d30003, 0x034c01a2, 0x03b40102, 0x03b50182, 0x03b60183, 0x03b70184, 0x03b80185, 0x00660286, 0x000c020f, 0x000f0210, 0x0020023e, 
    0x0075028e, 0x017a0294, 0x01bb0211, 0x0103034d, 0x0804034e, 0x021e09fc, 0x00f408b4, 0x0042025d, 0x007b0295, 0x010909ae, 0x00f00231, 0x00170209, 
    0x0121023f, 0x001b0365, 0x000a0211, 0x00120212, 0x00520269, 0x0053026a, 0x00a302d4, 0x01a402d5, 0x0105034f, 0x01060350, 0x01400384, 0x01410385, 
    0x018703b9, 0x018803ba, 0x014f0392, 0x0864039e, 0x002b09fe, 0x098b02a4, 0x093b020a, 0x013a090b, 0x00e103f7, 0x000d0213, 0x0154026b, 0x01070351, 
    0x01080352, 0x01090353, 0x010a0354, 0x02cd03dd, 0x03ea02c7, 0x09a8025e, 0x003c093b, 0x0251002e, 0x0122012c, 0x034a03a6, 0x090c09e2, 0x0145003d, 
    0x000d09c7, 0x01490279, 0x01aa020c, 0x0134037f, 0x0137038c, 0x02ca03e3, 0x0912091b, 0x09260213, 0x02380232, 0x09170939, 0x041c091b, 0x04580457, 
    0x0259045a, 0x097402a9, 0x047d0224, 0x021409c5, 0x02830286, 0x049a0284, 0x02af027c, 0x02c602c4, 0x022f09c5, 0x02e202e1, 0x02eb02e0, 0x03f602e8, 
    0x092a0326, 0x03330931, 0x03340938, 0x033b0339, 0x0346033a, 0x09490347, 0x092c0918, 0x03600319, 0x0979035c, 0x03480947, 0x03bb03b6, 0x03de03d9, 
    0x091d09e3, 0x0925091f, 0x0929092a, 0x09e70615, 0x0256043e, 0x024b097e, 0x02bf02b2, 0x093303de, 0x02280926, 0x09450243, 0x03350939, 0x0972025f, 
    0x093f0922, 0x02230940, 0x06880287, 0x0656090f, 0x09190611, 0x09550957, 0x061e0654, 0x05bc0520, 0x05ca0abd, 0x0ac90aac, 0x0ad00ad1, 0x0acc0acb, 
    0x0a070a06, 0x06050a08, 0x0ac606bf, 0x0ac10ace, 0x0ac30ac2, 0x0acf0ad2, 0x0ac60acd, 0x0ac70ac8, 0x0a0e0a0f, 0x0a090a21, 0x060b0a0c, 0x06c406c2, 
    0x06c906c5, 0x0aba06c0, 0x09270a28, 0x061306fe, 0x0a1f061a, 0x0a220a29, 0x0a260a24, 0x0a230a25, 0x0ac50ac4, 0x05110a10, 0x0a0a0ab0, 0x0a130a12, 
    0x0a150a14, 0x0a170a16, 0x0a190a18, 0x0a1a0a0d, 0x0a1c0a1b, 0x0a1e0a1d, 0x06200a1f, 0x0acb06cc, 0x06cf066d, 0x0a6f0ace, 0x0a6b0a6c, 0x06700a71, 
    0x0a750ad1, 0x0a000a76, 0x093e0101, 0x09ad09c2, 0x05af09ae, 0x060d01c8, 0x00c706bc, 0x00c70522, 0x00b0007c, 0x03e501da, 0x007d04f5, 0x03480021, 
    0x00ec03eb, 0x00f9017b, 0x00ed03af, 0x001801d9, 0x0129013c, 0x01ee033f, 0x01ef0366, 0x01f0037c, 0x03e401a7, 0x03d701f1, 0x00f303f2, 0x04e601db, 
    0x04550438, 0x047e0464, 0x04370499, 0x04520451, 0x04540453, 0x04630462, 0x097c047b, 0x098e04aa, 0x04ac09ab, 0x041c038f, 0x04910490, 0x04960495, 
    0x04980497, 0x04c603aa, 0x04ad04ac, 0x039a047f, 0x049b041d, 0x09a609ae, 0x04b309b2, 0x040a0409, 0x09ab040b, 0x09b109b4, 0x09b009a5, 0x02b609b5, 
    0x01b50234, 0x0ab7096f, 0x01530002, 0x0994042a, 0x09a809a7, 0x008600a9, 0x09350487, 0x012f0459, 0x00e80098, 0x040e01e9, 0x04290428, 0x015c0922, 
    0x04610939, 0x04300019, 0x0947000d, 0x00100458, 0x04110485, 0x01380113, 0x0414043a, 0x002b0117, 0x097101bb, 0x095e095d, 0x0460095f, 0x091b041a, 
    0x041c0462, 0x0423041e, 0x04250424, 0x04270426, 0x042b042a, 0x041c022c, 0x04c704c6, 0x02cb04c8, 0x04cc0462, 0x09cf04ce, 0x04d10484, 0x04d904d6, 
    0x042703db, 0x023103e0, 0x03e10435, 0x03e204d4, 0x04e504c5, 0x04ea04e7, 0x04ed04eb, 0x04ec04ee, 0x04f404f3, 0x026302f5, 0x09820264, 0x03f80481, 
    0x02ac0255, 0x04b602ad, 0x02f204f1, 0x09860981, 0x04d50385, 0x096309e6, 0x04640987, 0x096509f0, 0x09660988, 0x09670989, 0x0968098a, 0x0969098b, 
    0x096a098c, 0x096b098d, 0x0318048e, 0x04340425, 0x096c09fd, 0x036d098f, 0x097f092b, 0x0aff09a4, 0x0a550a54, 0x0a570a56, 0x0a520a58, 0x043d0153, 
    0x048009d0, 0x037a01ef, 0x040e042d, 0x095b09c9, 0x042d0483, 0x041204f6, 0x096e09cd, 0x04160190, 0x041504d3, 0x041501d4, 0x04ab00d5, 0x04ad00dc, 
    0x042e04dd, 0x043004f7, 0x096f09f9, 0x09700991, 0x09710992, 0x09720993, 0x04d50194, 0x041d04e4, 0x041f04fa, 0x042004e8, 0x022104e9, 0x04310491, 
    0x097309fb, 0x09740995, 0x04960975, 0x09d20416, 0x00d70476, 0x00de04aa, 0x09df04ac, 0x01970977, 0x02da0428, 0x023100dd, 0x0232001d, 0x0240001e, 
    0x02880022, 0x09320465, 0x09780998, 0x09790999, 0x097a099a, 0x0433049b, 0x093b01fc, 0x093c019c, 0x0372019d, 0x09740128, 0x0975019e, 0x097b099f, 
    0x03da03a0, 0x03db03d6, 0x03dc03d7, 0x097c09d8, 0x095a09a1, 0x097d0982, 0x040f04a2, 0x04d601ca, 0x097e09e3, 0x060906a3, 0x060c060b, 0x06140612, 
    0x061b0617, 0x0641061c, 0x064d064a, 0x0ac3094e, 0x0a9c0a9b, 0x0a9e0a9d, 0x0a9f0a98, 0x0aa10aa0, 0x0aa30aa2, 0x0aa40a3c, 0x0aa60aa5, 0x0aa80aa7, 
    0x0aaa0aa9, 0x0a3d0aab, 0x0a3f0a3e, 0x0aac0a40, 0x0a510aad, 0x0abb0aba, 0x00bd0abc, 0x00190214, 0x00270242, 0x00280243, 0x00290244, 0x00330250, 
    0x003d0257, 0x003e0258, 0x003f0259, 0x0040025a, 0x0041025b, 0x0055026c, 0x0056026d, 0x0057026e, 0x0058026f, 0x00590270, 0x0071028b, 0x007c0296, 
    0x008c02a5, 0x008d02a6, 0x008e02a7, 0x008002a2, 0x008f02a8, 0x009802ca, 0x019602c8, 0x01bc0212, 0x01bd0213, 0x01be0214, 0x01cc021d, 0x01cd021e, 
    0x01ce021f, 0x01cf0220, 0x01e30225, 0x01e40226, 0x01e50227, 0x01f10232, 0x01f20233, 0x01f30234, 0x01f40235, 0x010b0355, 0x010c0356, 0x010d0357, 
    0x010e0358, 0x012f0378, 0x01300379, 0x01420386, 0x01430387, 0x01440388, 0x01450389, 0x01500393, 0x01510394, 0x01520395, 0x01530396, 0x01540397, 
    0x0165039f, 0x016603a0, 0x016703a1, 0x016803a2, 0x018903bb, 0x018a03bc, 0x018b03bd, 0x018c03be, 0x018d03bf, 0x01b703c9, 0x01b803ca, 0x01bd03cd, 
    0x01be03ce, 0x01ba03cf, 0x01bf03d0, 0x01c003d1, 0x01c303d3, 0x01c403d4, 0x01ce03de, 0x01e703f4, 0x01e803f5, 0x02e903f6, 0x03690390, 0x02cf03c1, 
    0x09700215, 0x099a0141, 0x02150042, 0x0216000e, 0x02170011, 0x02180005, 0x02190007, 0x021a0008, 0x021b0009, 0x011c0006, 0x021d00fe, 0x021e0000, 
    0x021f0001, 0x01200002, 0x027100ff, 0x0272005a, 0x0273005b, 0x0274005c, 0x0275005d, 0x0276005e, 0x0277005f, 0x02780060, 0x02d60061, 0x02d700a5, 
    0x035901a6, 0x035a010f, 0x035b0110, 0x035c0111, 0x035d0112, 0x035e0113, 0x035f0114, 0x03600115, 0x03610116, 0x03620117, 0x03630118, 0x03640119, 
    0x03c0011a, 0x03c1018e, 0x03c2018f, 0x03c30190, 0x03c40191, 0x03c50192, 0x03c60193, 0x03df0194, 0x03e001d0, 0x03e101d1, 0x03e201d2, 0x090e09d3, 
    0x090f0943, 0x09100944, 0x04390445, 0x043b043a, 0x043d043c, 0x043f043e, 0x6a180040, 0x240809c9, 0x00290028, 0x00b1002a, 0x00b300b2, 0x00b500b4, 
    0x00b700b6, 0x048004b8, 0x04820481, 0x04840483, 0x04860485, 0x0f257787, 0xea01cc08, 0xb004af04, 0xb204b104, 0xb404b304, 0xb604b504, 0xf703f603, 
    0xf903f803, 0xfb03fa03, 0xfd03fc03, 0xb8094104, 0xb9096104, 0xba096d04, 0xbb098804, 0xbd092403, 0xbe09a404, 0xc009b704, 0x34003300, 0x36003500, 
    0x38003700, 0x3a003900, 0x6f046e04, 0x71047004, 0x73047204, 0x75047404, 0xbd00bc00, 0xbf00be00, 0xc100c000, 0xc300c200, 0xb904b804, 0xbb04ba04, 
    0xbd04bc04, 0xbf04be04, 0x0004ff03, 0x02040104, 0x04040304, 0x06040504, 0x50044f04, 0x2c002b00, 0x2f002d00, 0x5d0a3b00, 0x5c0ac109, 0x670a6a0a, 
    0x77047604, 0x79047804, 0x83007a04, 0xb9008400, 0xc400ba00, 0x610a5f0a, 0x8904630a, 0x8b048a04, 0x8c04bc09, 0x77008d04, 0xb90806f1, 0x620a600a, 
    0xa504640a, 0xa704a604, 0x9204bf09, 0xa8049304, 0xeb01a904, 0xed01ec01, 0x7d01ee01, 0x660a650a, 0xc304680a, 0x6e01c404, 0xfe037001, 0x0704f403, 
    0x5e0a690a, 0xfc09fb09, 0x95059605, 0x98059705, 0xfd09fa09, 0xac05ab05, 0xb305b205, 0xb005af05, 0xb405b105, 0xea05e905, 0x9c059905, 0xc105ef09, 
    0xee09c005, 0xb206d406, 0xb505b306, 0xb705b605, 0xba05b905, 0xeb09bb05, 0xca05c905, 0x7505f109, 0xf0097c05, 0xed09f309, 0xea09ec09, 0x6a069b05, 
    0x83058105, 0x7a057905, 0x73057705, 0x9d05fe05, 0xf4099e05, 0xf509f209, 0x2e0af609, 0xf809f709, 0x2206f909, 0x64181006, 0x36350c2f, 0x38063706, 
    0x33063206, 0x53061506, 0x57065506, 0x5a065806, 0xab641806, 0x06673409, 0x06690668, 0x06640663, 0x063d0639, 0x09500647, 0x1840064e, 0x0808f564, 
    0x4b06488c, 0x2c0a4c06, 0x13051105, 0x0c051b05, 0x0f051605, 0x19050805, 0x17050b05, 0x05054602, 0x14050a05, 0x09051505, 0x0d051005, 0x12050e05, 
    0x06050705, 0x18050305, 0x1a050405, 0x2d0a1d05, 0x970a990a, 0x4f074e07, 0xb506b606, 0xf105e206, 0x8a018b01, 0xf405f305, 0xaa06f205, 0xb006af06, 
    0xa106a006, 0xa506a406, 0xa706a606, 0xa906a806, 0xac06ab06, 0xae06ad06, 0xe4099d06, 0xe5094609, 0xe906e609, 0xee06fb06, 0xf706fc06, 0x8b74fe06, 
    0x072d0807, 0x07460743, 0x03060642, 0x050206ec, 0x078107d4, 0x07840782, 0x07340783, 0x07350736, 0x073e0738, 0x0741073f, 0x07160740, 0x0718071a, 
    0x2603841c, 0x07190715, 0x841b0717, 0x254b0803, 0x07062707, 0xea061f07, 0xf806ef06, 0xf206ed06, 0x9902fa06, 0xa702a002, 0xb102ab02, 0x3c033603, 
    0x4005c305, 0x42054105, 0xed054405, 0xfc05fb05, 0x35063406, 0x3b063a06, 0x3e063c06, 0x49063f06, 0x51064f06, 0x65065206, 0x18066606, 0x18136d51, 
    0x0813bf68, 0x8607c346, 0x89078707, 0x8b078a07, 0xc2078c07, 0xc407c307, 0xc707c507, 0xc907c807, 0xc405ca07, 0xef010a00, 0xdd031802, 0xf50a6a03, 
    0xc600c107, 0x6902a401, 0x6b026a02, 0x6d026c02, 0xbe066f02, 0x94078807, 0xcb07c607, 0x0a9b6818, 0xd207cc24, 0x6818d307, 0xd43d089b, 0xf60ad907, 
    0xdc07db07, 0xde07dd07, 0xe007df07, 0xe207e107, 0x440be307, 0x0c00450b, 0x21008200, 0x0482884e, 0x06210282, 0x8704828a, 0x82012002, 0x85202008, 
    0xd2062103, 0x21200782, 0x05210385, 0x20078274, 0x21038522, 0x0782ae05, 0x03852320, 0x828e0521, 0x85242007, 0xfe042103, 0x25200782, 0x06210385, 
    0x200782b1, 0x21038526, 0x07827205, 0x03852720, 0x82ad0521, 0x82282007, 0x00292403, 0x827e0500, 0x852a2007, 0xec052103, 0x2b200782, 0x05210385, 
    0x200782d3, 0x2103852c, 0x0782be05, 0x03852d20, 0x82940521, 0x852e2007, 0xbf052103, 0x2f200782, 0x05210385, 0x20078290, 0x20038230, 0x20538232, 
    0x2007821e, 0x20038233, 0x830b8235, 0x823620af, 0x8239200b, 0x208b830b, 0x820b823a, 0xc2052103, 0x3b200782, 0x05210385, 0x200782c5, 0x2103853c, 
    0x0782cd05, 0x03853d20, 0x82d10521, 0x853e2007, 0xce052103, 0x3f200782, 0x05210385, 0x20078278, 0x21038540, 0x07828605, 0x03864120, 0x00000224, 
    0x03864200, 0x43201383, 0x03830b82, 0x07824920, 0x03864420, 0x07825420, 0x03864520, 0x07825f20, 0x03864620, 0x07828920, 0x03864720, 0x07828d20, 
    0x03864820, 0x0782a120, 0x03833f83, 0x4a20a783, 0x03820f82, 0x820a0121, 0x854b2007, 0x0f012103, 0x4c200782, 0x01210385, 0x20078219, 0x2103854d, 
    0x07822401, 0x03854e20, 0x822c0121, 0x854f2007, 0x41012103, 0x50200782, 0x01210385, 0x20078277, 0x21038551, 0x07827e01, 0x03855220, 0x00800125, 
    0x85530000, 0x83012003, 0x82b7838f, 0x9b012103, 0x55201382, 0x01210385, 0x200782a8, 0x21038556, 0x0782c801, 0x03855720, 0x82cb0121, 0x85582007, 
    0xd2012103, 0x59200782, 0x01210385, 0x200782d8, 0x2103855a, 0x0782f001, 0x03855b20, 0x6b830520, 0x0b825c20, 0x05210382, 0x20078293, 0x2103855d, 
    0x07828205, 0x03855e20, 0x82eb0521, 0x855f2007, 0xe8052103, 0x60200782, 0x06210385, 0x200782bb, 0x21038561, 0x0782fb01, 0x03856220, 0x82230221, 
    0x85632007, 0x2b022103, 0x64200782, 0x02210385, 0x20078236, 0x21038565, 0x07824702, 0x03856620, 0x82680221, 0x85672007, 0x73022103, 0x0f830782, 
    0x02210382, 0x200b827f, 0x21038569, 0x07829202, 0x03856a20, 0x82b00221, 0x856b2007, 0xb8022103, 0x6c200782, 0x02210385, 0x200782c1, 0x2103856d, 
    0x0782df02, 0x03856e20, 0x82e60221, 0x856f2007, 0xf7022103, 0x70200782, 0x03210385, 0x2007822c, 0x21038571, 0x07823203, 0x03857220, 0x82350321, 
    0x85732007, 0x48032103, 0x74200782, 0x03210385, 0x2007825a, 0x20038575, 0x20138303, 0x820b8276, 0xb5032103, 0x77200782, 0x03210385, 0x200782b9, 
    0x21038578, 0x0782c203, 0x03857920, 0x82c70321, 0x857a2007, 0x83032003, 0x827b209b, 0x2103820b, 0x07828405, 0x03857c20, 0x82910521, 0x857d2007, 
    0x85052103, 0x7e200782, 0x05210385, 0x200782d9, 0x210385a0, 0x0782d306, 0x0385a120, 0x7b820520, 0x82a20021, 0x2103820b, 0x0782ff04, 0x0385a320, 
    0x82010521, 0x85a42007, 0x8f052103, 0xa5200782, 0x05200385, 0x00210682, 0x820482a6, 0x92052103, 0xa7200782, 0x05200385, 0xa8203b83, 0x03820b82, 
    0x82bd0621, 0x85a92007, 0xef052103, 0xaa200782, 0x05210385, 0x200782f9, 0x210385ab, 0x0782cb05, 0x0385ac20, 0x82e70521, 0x85ae2007, 0xee052103, 
    0xaf200782, 0x06210385, 0x200782c1, 0x210385b0, 0x0782f805, 0x0385b120, 0x82d70521, 0x82b22007, 0x00b32403, 0x82260600, 0x85b42007, 0xb9062103, 
    0xb5200782, 0x03210385, 0x20078278, 0x210385b6, 0x0782fd05, 0x0385b720, 0x82c60521, 0x85b82007, 0xc8062103, 0x33830782, 0x06210382, 0x200b8224, 
    0x210385ba, 0x0782fa05, 0x0385bb20, 0x82cc0521, 0x85bc2007, 0xa2062103, 0xdb830782, 0x06210382, 0x200b829e, 0x210385be, 0x0782a306, 0x0385bf20, 
    0x827b0521, 0x82c02007, 0x82c22003, 0x82052003, 0x86c32003, 0x82042003, 0x86c42007, 0x82032003, 0x86c52007, 0x82082003, 0x86c62007, 0x823d2003, 
    0x86c72007, 0x824b2003, 0x209f8307, 0x052743cb, 0x87830020, 0x0b82ce20, 0xcf200f83, 0x03830782, 0xd0202b83, 0x03820b82, 0x82f70821, 0x85d12007, 
    0x2d012103, 0xd2200782, 0xd4240382, 0x46010000, 0xd5200782, 0x01210385, 0x20078243, 0x210385d6, 0x07824201, 0x0385d720, 0x82d50521, 0x85d82007, 
    0x44012103, 0xd9200782, 0xdc200382, 0xaa203b82, 0xdd200782, 0x01210385, 0x200782da, 0x210385de, 0x0782ea03, 0x0385df20, 0x82570321, 0x85e02007, 
    0x10022103, 0xe1200782, 0x01210385, 0x200782fc, 0x210385e2, 0x07820402, 0x0385e320, 0x821a0221, 0x85e42007, 0x0b022103, 0xe5200782, 0x02210385, 
    0x20078216, 0x210385e6, 0x07821f02, 0x0385e720, 0x822e0221, 0x82e82007, 0x00ea2403, 0x824a0200, 0x85eb2007, 0x48022103, 0xec200782, 0xee200382, 
    0x9b201782, 0xef200782, 0x02210385, 0x20078295, 0x210385f0, 0x07823604, 0x0385f120, 0x4f830220, 0x0b82f220, 0x2f82f420, 0xf5209b83, 0x03820b82, 
    0x82f90221, 0x85f62007, 0xf8022103, 0xf7200782, 0x05210385, 0x830782d6, 0x2103820f, 0x0b82fa02, 0xfb242783, 0x7a030000, 0x3f830b82, 0x03210382, 
    0x200b8275, 0x210385fd, 0x0782cb03, 0x0385fe20, 0x822a0221, 0x85ff2007, 0xc8032403, 0x82010000, 0x2003830a, 0x20ef8200, 0x83088201, 0x13022103, 
    0x02201782, 0x00210385, 0x2007820c, 0x20038603, 0x200782fd, 0x21038504, 0x07820d00, 0x03850520, 0x82140221, 0x85062007, 0x4c002103, 0x07200782, 
    0x02210385, 0x2007822f, 0x21038508, 0x07824d00, 0x03850920, 0x82300221, 0x850a2007, 0x4e002103, 0x0b200782, 0x02210385, 0x83078231, 0x2103826f, 
    0x0b824f00, 0x03826383, 0x82320221, 0x850e200b, 0x56002103, 0x0f200782, 0x02210385, 0x2007823c, 0x21038510, 0x0782f508, 0x03851120, 0x82370221, 
    0x85122007, 0x64002103, 0x13200782, 0x02210385, 0x8307824d, 0x210382ab, 0x0b826500, 0x03851520, 0x83830220, 0x0b821620, 0x00210382, 0x20078266, 
    0x21038517, 0x07824f02, 0x03851820, 0x82670021, 0x85192007, 0x50022103, 0x1a200782, 0x00210385, 0x20078268, 0x2103851b, 0x07825102, 0x03851c20, 
    0x82900021, 0x851d2007, 0x76022103, 0x1e200782, 0x00210385, 0x20078291, 0x2103851f, 0x07827702, 0x03852020, 0x82920021, 0x85212007, 0x78022103, 
    0x22200782, 0x00210385, 0x20078293, 0x21038523, 0x07827902, 0x03852420, 0x82a30021, 0x85252007, 0x8a022103, 0x26200782, 0x00210385, 0x200782a9, 
    0x21038527, 0x07828902, 0x03852820, 0x82ce0021, 0x85292007, 0x97022103, 0x2a200782, 0x00210385, 0x200782cf, 0x2103852b, 0x07829e02, 0x03852c20, 
    0x82d00021, 0x852d2007, 0x9f022103, 0x2e200782, 0x00210385, 0x200782d1, 0x2103852f, 0x0782a102, 0x03853020, 0x82d20021, 0x85312007, 0x83022003, 
    0x823220b3, 0x2103820b, 0x0782ff08, 0x03853320, 0x82ae0221, 0x86342007, 0x820b2003, 0x85352007, 0xb3022103, 0x36200782, 0x10200386, 0x37200782, 
    0x02210385, 0x200782ba, 0x21038538, 0x07822d09, 0x03863920, 0x07821a20, 0x03853a20, 0x82c90221, 0x863b2007, 0x821b2003, 0x853c2007, 0xca022103, 
    0x3d200782, 0x1c200386, 0x3e200782, 0x02210385, 0x200782cb, 0x2103853f, 0x07820109, 0x03854020, 0x82c80221, 0x86412007, 0x82212003, 0x85422007, 
    0xc2022103, 0x43200782, 0x2e200386, 0x44200782, 0x02210385, 0x200782ed, 0x20038645, 0x2007822f, 0x21038546, 0x0782ee02, 0x03864720, 0x07823020, 
    0x03854820, 0x82ef0221, 0x864a2007, 0x20df8303, 0x820b824b, 0xe9022103, 0x4c200782, 0x49200386, 0x4d200782, 0x02210385, 0x200782ff, 0x8303864e, 
    0x824f2037, 0x2103820b, 0x07820003, 0x03865020, 0x07824b20, 0x03855120, 0x82010321, 0x86522007, 0x82762003, 0x85532007, 0x29032103, 0x54200782, 
    0x81200386, 0x55200782, 0x03210385, 0x2007823d, 0x20038656, 0x20078282, 0x21038557, 0x07823e03, 0x03865820, 0x07828320, 0x03855920, 0x823f0321, 
    0x865a2007, 0x828e2003, 0x855b2007, 0x83032003, 0x825c2083, 0x2003830b, 0x2007828f, 0x2103855d, 0x07824c03, 0x03865e20, 0x07829020, 0x03855f20, 
    0x824d0321, 0x86602007, 0x82912003, 0x85612007, 0x4e032103, 0x62200782, 0x9c200386, 0x63200782, 0x03200385, 0x64201383, 0x03830b82, 0x07829d20, 
    0x03856520, 0x1f830320, 0x0b826620, 0x09250382, 0x01000004, 0x21038567, 0x07826103, 0x03866820, 0x0782ae20, 0x03856920, 0x82760321, 0x866a2007, 
    0x82af2003, 0x856b2007, 0x7d032103, 0x6c200782, 0xb0200386, 0x6d200782, 0x03210385, 0x2007827e, 0x2003866e, 0x200782b1, 0x2103856f, 0x07827f03, 
    0x03867020, 0x0782b220, 0x03857120, 0x00800325, 0x86720100, 0x82b32003, 0x85732007, 0x81032103, 0x74200782, 0xcc200386, 0x75200782, 0x03210385, 
    0x200782bc, 0x20038676, 0x200782db, 0x20038577, 0x20238303, 0x830b8278, 0x82dc2003, 0x86792007, 0x82f12003, 0x857a2007, 0xe4032103, 0x7b200782, 
    0xf2200386, 0x7c200782, 0x03210385, 0x200782e5, 0x2003867d, 0x200782f3, 0x2103857e, 0x0782e603, 0x03857f20, 0xd3830220, 0x0382ab83, 0x82240221, 
    0x829f8313, 0x46002103, 0x82200b82, 0x08200385, 0x83203b83, 0x03820b82, 0x82250221, 0x85842007, 0x05092103, 0x85200782, 0x09210385, 0x20078238, 
    0x21038586, 0x07825200, 0x03858720, 0x824a0021, 0x85882007, 0x2d022103, 0x89200782, 0x00210385, 0x2007825c, 0x2103858a, 0x07825500, 0x03858b20, 
    0x82f60821, 0x858c2007, 0x3a022103, 0x8d200782, 0x09210385, 0x20078216, 0x2003858e, 0x20f78300, 0x820b828f, 0xfa082103, 0x90200782, 0x08210385, 
    0x200782f8, 0x20038591, 0x205b8300, 0x820b8292, 0x02052103, 0x93200782, 0x00200385, 0x01213382, 0x820b8294, 0x0c042103, 0x95200782, 0x02210385, 
    0x20078285, 0x21038596, 0x0782d800, 0x03859720, 0x82c90021, 0x86982007, 0x82172003, 0x85992007, 0xb9022103, 0x9a200782, 0x02210385, 0x200782c3, 
    0x2103859b, 0x07822e09, 0x03859c20, 0x82080921, 0x869d2007, 0x82362003, 0x859e2007, 0xec022103, 0x9f200782, 0x73200386, 0xa0200782, 0x45200386, 
    0xa1200782, 0x02210385, 0x200782fb, 0x210385a2, 0x07820309, 0x0385a320, 0x82300921, 0x86a42007, 0x827b2003, 0x85a52007, 0x83032003, 0x82a62077, 
    0x2103820b, 0x07820709, 0x0386a720, 0x07829920, 0x0385a820, 0x82560321, 0x85a92007, 0xf9082103, 0xaa200782, 0x09210385, 0x2007821a, 0x210385ab, 
    0x07825b03, 0x0386ac20, 0xad207383, 0x03820b82, 0xbf830920, 0x0b82ae20, 0xa5200383, 0xaf200782, 0xa9200386, 0xb0200782, 0x03210385, 0x20078277, 
    0x200385b1, 0x20fb8304, 0x820b82b2, 0x06092503, 0xb3010000, 0xd9200386, 0xb4200782, 0x03210385, 0x200782c9, 0x200386b5, 0x200782f8, 0x210385b6, 
    0x0782e003, 0x0385b720, 0x82fb0821, 0x85b82007, 0xfd082103, 0xb9200782, 0xba240382, 0x20090000, 0xbb200782, 0x05210385, 0x20078221, 0x210385bc, 
    0x07822505, 0x0385bd20, 0x82370921, 0x85be2007, 0x27092103, 0xbf200782, 0x09210385, 0x20078249, 0x200382c0, 0x204782c2, 0x20078250, 0x210385c3, 
    0x07824f09, 0x0385c520, 0x825e0021, 0x85c62007, 0x44022103, 0xc7200782, 0x09210385, 0x20078200, 0x200386c8, 0x83078223, 0x200382c3, 0x20af8302, 
    0x820f82ca, 0x02092103, 0xcb200782, 0x40200386, 0xcc200782, 0x02210385, 0x200782f5, 0x210385cd, 0x07820e00, 0x0385ce20, 0x82030221, 0x85cf2007, 
    0xd3002103, 0xd0200782, 0x02210385, 0x200782a2, 0x200386d1, 0x2007824c, 0x200385d2, 0x205f8303, 0x830b82d3, 0x82b42003, 0x85d42007, 0x82032103, 
    0xd5200782, 0xb5200386, 0xd6200782, 0x03210385, 0x20078283, 0x200386d7, 0x200782b6, 0x210385d8, 0x07828403, 0x0386d920, 0x0782b720, 0x0385da20, 
    0x82850321, 0x86db2007, 0x82b82003, 0x85dc2007, 0x86032103, 0xdd200782, 0x02210385, 0x20078266, 0x210385de, 0x07820f00, 0x0385df20, 0x820c0221, 
    0x85e02007, 0x10002103, 0xe1200782, 0x02200385, 0xe2202383, 0x03820b82, 0x823e0021, 0x85e32007, 0x20022103, 0xe4200782, 0x00210385, 0x2007828e, 
    0x210385e5, 0x07827502, 0x0385e620, 0x82940021, 0x85e72007, 0x7a022103, 0xe8200782, 0x11200386, 0xe9200782, 0x02210385, 0x200782bb, 0x200386ea, 
    0x2007824d, 0x210385eb, 0x07820303, 0x0386ec20, 0x07824e20, 0x0385ed20, 0x00040325, 0x85ee0100, 0xfc082103, 0xef200782, 0x09210385, 0x2007821e, 
    0x210385f0, 0x0782b402, 0x0385f120, 0x82f40821, 0x85f22007, 0x5d002103, 0xf3200782, 0x02210385, 0x83078242, 0x2103821b, 0x0b829500, 0x0385f520, 
    0x827b0221, 0x85f62007, 0xae002103, 0xf7200782, 0x09210385, 0x20078209, 0x200386f8, 0x20078231, 0x210385f9, 0x0782f002, 0x0385fa20, 0x23830020, 
    0x0b82fb20, 0x02210382, 0x83078217, 0x2103829f, 0x0b823f00, 0x0385fd20, 0x82210221, 0x86fe2007, 0x82652003, 0x85ff2007, 0x1b032503, 0x00020000, 
    0x00210385, 0x20078211, 0x24038601, 0x0200000a, 0x21038502, 0x07821200, 0x03860320, 0x04200b83, 0x03820b82, 0x82690021, 0x86052007, 0x82522003, 
    0x85062007, 0x6a002103, 0x07200782, 0x53200386, 0x08200782, 0x00210385, 0x820782d4, 0x830220ab, 0x82a32003, 0x850a200b, 0xd5002103, 0x0b200782, 
    0xa4200386, 0x0c200782, 0x01210385, 0x2007824f, 0x2103850d, 0x07820503, 0x03850e20, 0x82500121, 0x850f2007, 0x83032003, 0x82102073, 0x2103820b, 
    0x07828401, 0x0382c383, 0x82400321, 0x8512200b, 0x85012103, 0x13200782, 0x03210385, 0x20078241, 0x21038514, 0x0782b901, 0x03851520, 0x82870321, 
    0x85162007, 0xba012103, 0x17200782, 0x03210385, 0x20078288, 0x21038518, 0x07829201, 0x03851920, 0x9b830320, 0x0b821a20, 0x01210382, 0x2007829e, 
    0x2103851b, 0x07826403, 0x03851c20, 0x82fe0821, 0x851d2007, 0x2b092103, 0x1e200782, 0x00200385, 0x1f20e383, 0x03830b82, 0x07828b20, 0x03852020, 
    0x000a0925, 0x86210200, 0x823b2003, 0x85222007, 0x0b092103, 0x23200782, 0x09210385, 0x2007823a, 0x21038524, 0x0782f701, 0x03852520, 0x82e10321, 
    0x85262007, 0x83002003, 0x822720eb, 0x2003830b, 0x2007820d, 0x21038528, 0x07826b00, 0x03862920, 0x07825420, 0x03852a20, 0x82510121, 0x852b2007, 
    0x07032103, 0x2c200782, 0x01210385, 0x20078252, 0x2503852d, 0x00000803, 0x03852e02, 0x82530121, 0x852f2007, 0x09032103, 0x30200782, 0x01200385, 
    0x31205383, 0x03820b82, 0x820a0321, 0x853220d7, 0xdd012103, 0x33200782, 0x03210385, 0x200782cd, 0x20038634, 0x200782c7, 0x20038635, 0x200782ea, 
    0x21038536, 0x07825e03, 0x03863720, 0x0782a820, 0x03823820, 0x00003924, 0x07823b09, 0x03853a20, 0x8b830020, 0x03820f83, 0x82510021, 0x863c2013, 
    0x822c2003, 0x853d2007, 0x22012103, 0x3e200782, 0x01210385, 0x200782a6, 0x2103853f, 0x07824a03, 0x03854020, 0x82e20321, 0x85412007, 0x0c092103, 
    0x42200782, 0x09210385, 0x2007823d, 0x21038543, 0x07824500, 0x03854420, 0xb3830120, 0x03820f83, 0x820d0921, 0x85462013, 0x79002103, 0x47200782, 
    0x49200386, 0x48200782, 0x01200385, 0x0f835383, 0xaa200383, 0x4a201382, 0x01210385, 0x2007827f, 0x2103854b, 0x07823403, 0x03854c20, 0x828c0121, 
    0x854d2007, 0x37032103, 0x4e200782, 0x01210385, 0x200782e3, 0x2103854f, 0x0782ca03, 0x03865020, 0x07821b20, 0x5224ff83, 0x12090000, 0x53200b82, 
    0x26200386, 0x54200782, 0x09210385, 0x20078232, 0x20038256, 0x064b4157, 0x07825820, 0x09210382, 0x20078217, 0x23038259, 0x0900005a, 0x5b204783, 
    0x5c230b82, 0x83040000, 0x825d2027, 0x2003820b, 0x211b8204, 0x0b825e02, 0x04210382, 0x20078259, 0x2003865f, 0x200782a9, 0x20038660, 0x20078274, 
    0x21038561, 0x07822409, 0x03866220, 0x07827d20, 0x03856320, 0x82c50421, 0x85642007, 0x14092103, 0x65200782, 0x86200386, 0x66200782, 0x67200382, 
    0x83200382, 0x68200382, 0x9a200386, 0x69200782, 0x04210385, 0x2007827c, 0x2003866a, 0x200782af, 0x2003866b, 0x200782c4, 0x2003866c, 0x200782c6, 
    0x8303866d, 0x826e206b, 0x2103820b, 0x07822f09, 0x03826f20, 0x03827020, 0x0382e120, 0x03867120, 0x0782e020, 0x03867220, 0x0782eb20, 0x03867320, 
    0x0782e820, 0x0383cf83, 0x0b82f620, 0x03857520, 0x82260321, 0x85762007, 0x2a032103, 0x77200782, 0x09210385, 0x20078231, 0x21038578, 0x07823309, 
    0x03857920, 0x82380321, 0x857a2007, 0x34092103, 0x7b200782, 0x03210385, 0x20078239, 0x2103857e, 0x07823b03, 0x03857f20, 0x823a0321, 0x82802007, 
    0x00812403, 0x82460300, 0x85822007, 0x49032103, 0x24061741, 0x09000083, 0x200b8218, 0x21038584, 0x07822c09, 0x03858620, 0x82190921, 0x85872007, 
    0x60032103, 0x88200782, 0x03210385, 0x2007825c, 0x21038589, 0x07827903, 0x03828a20, 0x47828b20, 0x07824720, 0x03858c20, 0x82b60321, 0x858d2007, 
    0xbb032103, 0x8e200782, 0x03210385, 0x200782d9, 0x2103858f, 0x0782de03, 0x03859020, 0x82e30321, 0x85922007, 0x1d092103, 0x93200782, 0x09210385, 
    0x2007821f, 0x21038594, 0x07822509, 0x03859520, 0x822a0921, 0x85962007, 0x29092103, 0x97200782, 0x09210385, 0x20078215, 0x21038598, 0x0782e706, 
    0x03859920, 0x823e0921, 0x859a2007, 0x56042103, 0x9b200782, 0x7e200386, 0x9c200782, 0x09210385, 0x2007824b, 0x2003869d, 0x200782b2, 0x2003869e, 
    0x200782bf, 0x8303869f, 0x82a020b3, 0x2103820b, 0x07823303, 0x0385a120, 0x82260921, 0x85a22007, 0x28092103, 0xa3200782, 0x43200386, 0xa4200782, 
    0x45200386, 0xa6200782, 0x09210385, 0x20078239, 0x210385a7, 0x07823509, 0x0385a820, 0x825f0321, 0x86a92007, 0x82722003, 0x85aa2007, 0x22092103, 
    0xab200782, 0xac240382, 0x3f090000, 0xad200782, 0x09210385, 0x20078223, 0x200382ae, 0x05a741af, 0x82b00221, 0x21038207, 0x07820f06, 0x0385b120, 
    0xef830920, 0x0b82b220, 0x06210382, 0x20078211, 0x210385b3, 0x07821906, 0x0385b420, 0x82570921, 0x85b52007, 0x55092103, 0xb6200782, 0x09210385, 
    0x20078254, 0x210385b7, 0x07821e06, 0x0385b820, 0x82200621, 0x82b92007, 0x00ba2403, 0x82bc0500, 0x85bb2007, 0xca0a2103, 0x0f830782, 0x05210382, 
    0x200b82ac, 0x210385bd, 0x0782c90a, 0x0385be20, 0x82d10a21, 0x85bf2007, 0xd00a2103, 0xc0200782, 0xc1240382, 0xcb0a0000, 0xc2200782, 0xc4200382, 
    0x06200b82, 0xc5200782, 0x0a210385, 0x20078205, 0x200385c6, 0x20378306, 0x820b82c7, 0x83062003, 0x82c82013, 0x2103820b, 0x0782ce0a, 0x0382c920, 
    0x3b82cb20, 0x02214b82, 0x820b82cc, 0xd20a2103, 0xcd200782, 0x0a210385, 0x200782cf, 0x210385ce, 0x0782cd0a, 0x0385cf20, 0x47830a20, 0x0b82d020, 
    0x0a200382, 0x02204b82, 0x03829f83, 0x63820a20, 0x82d20221, 0x21038217, 0x07820f0a, 0x0385d320, 0x820e0a21, 0x85d42007, 0x210a2103, 0xd5200782, 
    0x0a210385, 0x20078209, 0x210385d6, 0x07820c0a, 0x0385d720, 0x820b0a21, 0x85d82007, 0x83062003, 0x82d920df, 0x00da240b, 0x82c40600, 0x85db2007, 
    0xc9062103, 0xdc200782, 0x06210385, 0x200782c0, 0x210385dd, 0x0782ba06, 0x0385de20, 0x82280a21, 0x85df2007, 0x270a2103, 0xe0200782, 0x09210385, 
    0x068344fe, 0x5382e120, 0x0b821320, 0x0385e220, 0x821a0621, 0x85e32007, 0x1f062103, 0xe4200782, 0x0a210385, 0x20078229, 0x210385e5, 0x0782220a, 
    0x0385e620, 0x82240a21, 0x85e72007, 0x260a2103, 0xe8200782, 0x0a210385, 0x20078225, 0x210385e9, 0x0782230a, 0x0382ea20, 0x0000eb23, 0x20bf830a, 
    0x200b82ec, 0x200b82ed, 0x20078210, 0x210385ee, 0x0782b005, 0x0385ef20, 0x000a0a25, 0x82f00200, 0x82f72003, 0x82122023, 0x85f82007, 0x0d0a2103, 
    0xf9200782, 0xff200382, 0xa7821782, 0x00000324, 0x03820300, 0x82cc0621, 0x85012007, 0xcb062103, 0x02200782, 0x0a210385, 0x2007826d, 0x21038503, 
    0x0782cf06, 0x03850420, 0x82ce0621, 0x85062007, 0x6f0a2103, 0x07200782, 0x0a210385, 0x2007826c, 0x21038508, 0x07826b0a, 0x03850920, 0x82710a21, 
    0x850a2007, 0x700a2103, 0x0c200782, 0x0a210385, 0x2007826e, 0x2103850f, 0x0782cd06, 0x03851320, 0x82720a21, 0x85152007, 0x730a2103, 0x1b200782, 
    0x0a210385, 0x20078274, 0x21038523, 0x0782d006, 0x03852620, 0x82d10621, 0x82272007, 0x00282403, 0x82750a00, 0x852c2007, 0x770a2103, 0x37200782, 
    0x38200382, 0x78201782, 0x42200782, 0x43200382, 0x5a200b82, 0x46200782, 0x62200382, 0x7a200b82, 0x63200782, 0xc7820382, 0x822f0a21, 0x20638307, 
    0x20178275, 0x200b8200, 0x21038576, 0x07823e01, 0x03822783, 0x82c20921, 0x827b200b, 0x007d2403, 0x82ad0900, 0x857e2007, 0xc8052103, 0x7f200782, 
    0x01210385, 0x2007820d, 0x21038584, 0x0782bc06, 0x03858520, 0x82c70621, 0x85862007, 0x22002103, 0x87200782, 0x05200385, 0x88201783, 0x03820b82, 
    0x827c0021, 0x85892007, 0xb0002103, 0x8a200782, 0x00210385, 0x200782da, 0x2103858c, 0x07826701, 0x03858e20, 0x82e50121, 0x868f2007, 0x82f52003, 
    0x85902007, 0x7d042103, 0x91200782, 0x00210385, 0x20078221, 0x21038592, 0x07824800, 0x03829320, 0x03829420, 0x0382eb20, 0x03859520, 0xd3830020, 
    0x0b829620, 0x01210382, 0x200782f9, 0x21038597, 0x0782af00, 0x03869820, 0x0782ed20, 0x03859920, 0x82d90021, 0x859a2007, 0x18012103, 0x9b200782, 
    0x00210385, 0x2007823c, 0x2103859c, 0x07822901, 0x03859d20, 0x823f0121, 0x869e2007, 0x82ee2003, 0x859f2007, 0x66012103, 0xa0200782, 0xef200386, 
    0xa1200782, 0x01210385, 0x2007827c, 0x200386a3, 0x200782f0, 0x210385a4, 0x0782a701, 0x0385a520, 0x82e40121, 0x86a62007, 0x82f12003, 0x85a72007, 
    0xd7012103, 0xa8200782, 0xa9200382, 0xf2200382, 0xaa200382, 0x00210385, 0x200782db, 0x210385ab, 0x0782e601, 0x0385ac20, 0x82380421, 0x85ad2007, 
    0x55042103, 0xae200782, 0x04210385, 0x20078264, 0x210385af, 0x07827e04, 0x0385b020, 0x82990421, 0x85b12007, 0x37042103, 0xb2200782, 0xb5240382, 
    0x51040000, 0xb6200782, 0xb7200382, 0x62200b82, 0xb8200782, 0xb9200382, 0x7b200b82, 0xba200782, 0x09200385, 0xbb208b83, 0x03820b82, 0x828e0421, 
    0x82bc2007, 0x00bd2303, 0x97830900, 0x0b82be20, 0x04210382, 0x2007828f, 0x200386bf, 0x2007821c, 0x200382c0, 0x204782c1, 0x20078290, 0x200382c2, 
    0x200b82c5, 0x20078295, 0x200385c6, 0x20538304, 0x830b82c7, 0x20138303, 0x200b82c8, 0x202382c9, 0x200782ac, 0x210385ca, 0x07827f04, 0x0385cb20, 
    0x829a0421, 0x86cc2007, 0x821d2003, 0x85cd2007, 0x9b042103, 0xce200782, 0x04210385, 0x200782ae, 0x210385cf, 0x0782a609, 0x0382d020, 0xa782d120, 
    0xd220eb83, 0xd4200b82, 0x09205f82, 0xd5200782, 0x04200385, 0xd620bf83, 0x03820b82, 0x82b40921, 0x85d72007, 0xb1092103, 0xdc200782, 0x09210385, 
    0x200782a5, 0x210385dd, 0x0782b009, 0x0382f020, 0x5382f120, 0xa741b520, 0x4cf22006, 0x0321054b, 0x820f82f3, 0x83022003, 0x82f42017, 0x2103820b, 
    0x07826f01, 0x0385f520, 0x82b70921, 0x85f62007, 0x020a2103, 0xf9200782, 0x00210385, 0x20078253, 0x210385fa, 0x07822a01, 0x0385fc20, 0x82940421, 
    0x82fd2007, 0x82ff2003, 0x82a7206b, 0x820020b7, 0x82012003, 0x82862004, 0x86022007, 0x82352003, 0x85032007, 0x59092103, 0x04200782, 0x2f200386, 
    0x05200782, 0x01210385, 0x20078298, 0x24038206, 0x00000007, 0x200782e8, 0x21038508, 0x0b410e01, 0x0a042105, 0x28200782, 0x0b200382, 0x22200386, 
    0x0c200782, 0x09210385, 0x2007825c, 0x2103850d, 0x07823901, 0x03850e20, 0x82610921, 0x860f2007, 0x82192003, 0x85102007, 0x30002103, 0x11200782, 
    0x0d200386, 0x12200782, 0x00210385, 0x20078247, 0x21038513, 0x07825809, 0x03861420, 0x00001024, 0x03851504, 0x82850021, 0x86162007, 0x82112003, 
    0x86172007, 0x82132003, 0x85182007, 0x38012103, 0x6f830782, 0x01210382, 0x200b823a, 0x2003861a, 0x20078214, 0x8303861b, 0x821c2037, 0x2103820b, 
    0x07822b01, 0x03851d20, 0x82bb0021, 0x851e2007, 0x71012103, 0x1f200782, 0xeb820382, 0x825d0921, 0x82232007, 0x86242003, 0x8225204b, 0x21038207, 
    0x07826209, 0x03862620, 0x07821c20, 0x03862720, 0x2f411e20, 0x862c2006, 0x822d2037, 0x822f2007, 0x822a2003, 0x82ff8303, 0x1c022103, 0x31200b82, 
    0x33200382, 0xc6200382, 0x34200382, 0xcb200386, 0x35200782, 0x02200385, 0x36205f83, 0x03830b82, 0x0782cc20, 0x03823720, 0x03823820, 0x0382ce20, 
    0x03853920, 0x82840921, 0x863a2007, 0x82d12003, 0x863b2007, 0x82d62003, 0x863c2007, 0x82d92003, 0x863d2007, 0x82db2003, 0x853e2007, 0x83032003, 
    0x823f20af, 0x2003830b, 0x200782e0, 0x21038540, 0x07823103, 0x03854120, 0x82350221, 0x86422007, 0x82e12003, 0x85432007, 0xd4032103, 0x44200782, 
    0xe2200386, 0x45200782, 0x03210385, 0x200782c5, 0x20038646, 0x200782e5, 0x20038647, 0x200782e7, 0x20038248, 0x20038249, 0x200382ea, 0x2003824a, 
    0x2003824b, 0x200382ed, 0x2003864c, 0x200782ec, 0x2003824d, 0x2003824f, 0x200382f3, 0x20038250, 0x069b4d51, 0x0b825220, 0x02210382, 0x20078282, 
    0x21038553, 0x07828109, 0x03865420, 0x0782f820, 0x03855520, 0x07830320, 0x0b825620, 0x3b825720, 0x0782ac20, 0x03855820, 0x82b60221, 0x82592007, 
    0x825a2003, 0x82f12003, 0x855b2003, 0x83022003, 0x825c2047, 0x2103820b, 0x07828609, 0x03855d20, 0x82850921, 0x855e2007, 0xd5032103, 0x5f200782, 
    0xe6200386, 0x60200782, 0x09210385, 0x20078263, 0x21038561, 0x1f458709, 0x62042505, 0x64090000, 0x63200b82, 0xf0200386, 0x0f830782, 0x09210382, 
    0x860b8265, 0x88092103, 0x66200b82, 0x09200385, 0x67200783, 0x03820b82, 0x82890921, 0x85682007, 0x82092003, 0x6904210f, 0x03820b82, 0x828a0921, 
    0x856a2007, 0x68092103, 0x6b200782, 0x09210385, 0x2007828b, 0x2103856c, 0x07826909, 0x03856d20, 0x828c0921, 0x856e2007, 0x6a092103, 0x6f200782, 
    0x09210385, 0x2007828d, 0x21038570, 0x07826b09, 0x03857120, 0x828e0921, 0x86722007, 0x82182003, 0x85732007, 0x25032103, 0x74200782, 0x34200386, 
    0x75200782, 0xfd200386, 0x76200782, 0x09210385, 0x2007826c, 0x21038577, 0x07828f09, 0x03857820, 0x826d0921, 0x85792007, 0x2b032103, 0x80200782, 
    0x09210385, 0x2007827f, 0x21038581, 0x0782a409, 0x03858220, 0x82ff0921, 0x82832007, 0x00872403, 0x82540a00, 0x82882007, 0x82892003, 0x8252200b, 
    0x858a2007, 0x3d012103, 0x8b200782, 0xd0200386, 0x8c200782, 0x09210385, 0x20078280, 0x2003868d, 0x200782ef, 0x2103858e, 0x07827a01, 0x03858f20, 
    0x462d0321, 0x0421056f, 0x05a74490, 0x82910421, 0x20038307, 0x200782c9, 0x21038592, 0x07825b09, 0x03859320, 0x8b830920, 0x0b829420, 0x3b830383, 
    0xa3469520, 0xf6042105, 0x96200782, 0x12240386, 0x97040000, 0xcd200386, 0x98200782, 0x09210385, 0x2007826e, 0x21038599, 0x07829009, 0x03859a20, 
    0x82160121, 0x869b2007, 0x82d32003, 0x869c2007, 0x82152003, 0x869d2007, 0x82d42003, 0x85a02007, 0x83012003, 0x82a12017, 0x2003830b, 0x200782d5, 
    0x210385a2, 0x0782ab00, 0x0386a320, 0x0782dc20, 0x0385a420, 0x82ad0021, 0x86a52007, 0x82dd2003, 0x86a62007, 0x822e2003, 0x86a72007, 0x82f72003, 
    0x86a82007, 0x82302003, 0x86a92007, 0x82f92003, 0x85aa2007, 0x6f092103, 0xab200782, 0x09210385, 0x05774791, 0x00ac0425, 0x82700900, 0x8263830b, 
    0x92092103, 0xae200b82, 0x09210385, 0x20078271, 0x210385af, 0x07829309, 0x0385b020, 0x82720921, 0x85b12007, 0x94092103, 0xb2200782, 0x01200385, 
    0xb320cb83, 0x03830b82, 0x0782e420, 0x0386b420, 0x07821d20, 0x0386b520, 0x0782fa20, 0x0386b620, 0x07821f20, 0x0386b720, 0x0782e820, 0x0386b820, 
    0x07822020, 0x0386b920, 0x0782e920, 0x0386ba20, 0x07822120, 0x0385bb20, 0x82910221, 0x86bc2007, 0x82312003, 0x86bd2007, 0x82fb2003, 0x85be2007, 
    0x73092103, 0xbf200782, 0x09210385, 0x20078295, 0x200382c0, 0x20ef82c1, 0x20078274, 0x210385c2, 0x07829609, 0x0386c320, 0x07821620, 0x0386c420, 
    0x0782d220, 0x0385c520, 0x45760921, 0xc62006d3, 0xd7200782, 0xc7200382, 0x00210385, 0x200782aa, 0x200386c8, 0x200782de, 0x210385c9, 0x0782ac00, 
    0x0386ca20, 0x0782df20, 0x0385cb20, 0x82770921, 0x85cc2007, 0x97092103, 0xcd200782, 0x01210385, 0x06034628, 0x0782ce20, 0x0382da20, 0x0385cf20, 
    0x82dd0221, 0x85d02007, 0x83002003, 0x82d120e3, 0x2103820b, 0x07821d02, 0x0385d220, 0x82320021, 0x85d32007, 0x1e022103, 0xd4200782, 0x00210385, 
    0x20078240, 0x210385d5, 0x07822202, 0x0385d620, 0x86880021, 0x00d724c3, 0x82650200, 0x86d8200b, 0x20478303, 0x820b82d9, 0x98092103, 0xda248786, 
    0x78090000, 0xdb200b82, 0x09210385, 0x20078299, 0x210385dc, 0x07827909, 0x03829f83, 0x829a0921, 0x85de200b, 0x7a092103, 0xdf200782, 0x09210385, 
    0x2007829b, 0x200386e0, 0x20078233, 0x200386e1, 0x200782fc, 0x210385e2, 0x07823b01, 0x0385e320, 0x829c0921, 0x85e42007, 0x3c012103, 0xe5200782, 
    0x09210385, 0x2007829d, 0x210385e6, 0x07827201, 0x0385e720, 0x82280321, 0x85e82007, 0x74012103, 0xe9200782, 0x09210385, 0x0693469e, 0x0000ea24, 
    0x0b827501, 0x0385eb20, 0x829f0921, 0x85ec2007, 0x7b092103, 0xed200782, 0x09210385, 0x200782a0, 0x200385ee, 0x21f38203, 0x0b82ef04, 0x03210382, 
    0x200782d6, 0x210385f0, 0x6346db03, 0x00f12406, 0x82d70300, 0x85f2200b, 0xdc032103, 0x2006db46, 0x201782f3, 0x200b82d8, 0x210385f4, 0x07827c09, 
    0x0385f520, 0x82a10921, 0x85f62007, 0x5a092103, 0xf7200782, 0x09210385, 0x20078282, 0x210385f8, 0x07827d09, 0x0385f920, 0x82a20921, 0x86fa2007, 
    0x820f2003, 0x86fb2007, 0x82ca2003, 0x85fc2007, 0x83012003, 0x82fd209b, 0x2003830b, 0x200782e3, 0x210385fe, 0x07827e09, 0x0385ff20, 0x00a30925, 
    0x852f0500, 0x82042003, 0x3f0e249b, 0x820e0000, 0x1c052503, 0x001d0000, 0x09210385, 0x2007824a, 0x2103850d, 0x07824c09, 0x03851b20, 0x824d0921, 
    0x85432007, 0x08062103, 0x47200782, 0x06210385, 0x20078209, 0x24038248, 0x06000049, 0x8307820b, 0x21038227, 0x0b820e06, 0x03854f20, 0x82120621, 
    0x85502007, 0x14062103, 0x52200782, 0x06210385, 0x20078216, 0x21038556, 0x07821706, 0x03825720, 0x47825820, 0x5b207383, 0x03820b82, 0x821d0621, 
    0x85622007, 0x41062103, 0x63200782, 0x06210385, 0x2007824a, 0x20038264, 0x202f8265, 0x2007824d, 0x2103859c, 0x07820a06, 0x0385a020, 0xc7830620, 
    0x0b82bb20, 0x06210382, 0x20078221, 0x210385bf, 0x0782c309, 0x0382c020, 0x0a210782, 0x2007829b, 0x210385c4, 0x0782980a, 0x0382c520, 0x0000c924, 
    0x07829f0a, 0x0385ca20, 0x823c0a21, 0x82cb2007, 0x82d22003, 0x82a42017, 0x82d32007, 0x82d62003, 0x823d200b, 0x85d72007, 0xac0a2103, 0xd8200782, 
    0xe7200382, 0xa7831782, 0x0b82e820, 0x0a210382, 0x200782ad, 0x210385e9, 0x0782510a, 0x0382ea20, 0x2382f520, 0x0782ae20, 0x0382fc20, 0x0b82ff20, 
    0x0000ba24, 0x0385001e, 0x82140021, 0x85012007, 0x19022103, 0x02200782, 0x00210385, 0x20078242, 0x21038503, 0x07822702, 0x03850420, 0x82430021, 
    0x85052007, 0x28022103, 0x06200782, 0x00210385, 0x20078244, 0x21038507, 0x07822902, 0x03850820, 0x82500021, 0x85092007, 0x33022103, 0x0a200782, 
    0x00210385, 0x20078257, 0x2003850b, 0x21d78202, 0x0b820c1e, 0x00210382, 0x20078258, 0x2103850d, 0x07823e02, 0x03850e20, 0x82590021, 0x850f2007, 
    0x3f022103, 0x10200782, 0x00210385, 0x2007825a, 0x21038511, 0x07824002, 0x03851220, 0x825b0021, 0x85132007, 0x41022103, 0xe7830782, 0x00210382, 
    0x200b826c, 0x21038515, 0x07825502, 0x03851620, 0x826d0021, 0x85172007, 0x56022103, 0x18200782, 0x00210385, 0x2007826e, 0x21038519, 0x07825702, 
    0x03851a20, 0x826f0021, 0x851b2007, 0x58022103, 0x1c200782, 0x00210385, 0x20078270, 0x2103851d, 0x07825902, 0x03851e20, 0x828b0021, 0x851f2007, 
    0x71022103, 0x20200782, 0x00210385, 0x20078296, 0x21038521, 0x07827c02, 0x03852220, 0x82a50021, 0x85232007, 0x8c022103, 0x24200782, 0x00210385, 
    0x200782a6, 0x21038525, 0x07828d02, 0x03852620, 0x82a70021, 0x85272007, 0x8e022103, 0x28200782, 0x00210385, 0x200782a2, 0x21038529, 0x07828002, 
    0x03852a20, 0x82a80021, 0x852b2007, 0x8f022103, 0x2c200782, 0x00210385, 0x200782ca, 0x2103852d, 0x07829802, 0x03852e20, 0x82c80021, 0x852f2007, 
    0x83022003, 0x823020b3, 0x2103820b, 0x07821201, 0x03853120, 0x82bc0221, 0x85322007, 0x13012103, 0x33200782, 0x02210385, 0x200782bd, 0x21038534, 
    0x07821401, 0x03853520, 0x82be0221, 0x85362007, 0x1d012103, 0x37200782, 0x02210385, 0x200782cc, 0x21038538, 0x07821e01, 0x03853920, 0x82cd0221, 
    0x853a2007, 0x1f012103, 0x3b200782, 0x02210385, 0x200782ce, 0x2103853c, 0x07822001, 0x03853d20, 0x82cf0221, 0x853e2007, 0x25012103, 0x3f200782, 
    0x02210385, 0x200782e3, 0x21038540, 0x07822601, 0x03854120, 0x82e40221, 0x85422007, 0x27012103, 0x43200782, 0x02210385, 0x200782e5, 0x20038544, 
    0x20df8301, 0x820b8245, 0xf1022103, 0x46200782, 0x01200385, 0x4720eb83, 0x03820b82, 0x82f20221, 0x85482007, 0x34012103, 0x49200782, 0x02210385, 
    0x200782f3, 0x2103854a, 0x07823501, 0x03854b20, 0x82f40221, 0x854c2007, 0x55012103, 0x4d200782, 0x03210385, 0x2007820b, 0x2103854e, 0x07825601, 
    0x03854f20, 0x820c0321, 0x85502007, 0x57012103, 0x51200782, 0x03210385, 0x2007820d, 0x21038552, 0x07825801, 0x03855320, 0x820e0321, 0x85542007, 
    0x78012503, 0x551e0000, 0x03210385, 0x2007822f, 0x21038556, 0x07827901, 0x03855720, 0x82300321, 0x823f8307, 0x86012103, 0x59200b82, 0x03210385, 
    0x20078242, 0x2103855a, 0x07828701, 0x03855b20, 0x82430321, 0x855c2007, 0x88012103, 0x5d200782, 0x03210385, 0x20078244, 0x2103855e, 0x07828901, 
    0x03855f20, 0x82450321, 0x85602007, 0x93012103, 0x61200782, 0x03210385, 0x20078250, 0x21038562, 0x07829401, 0x03856320, 0x82510321, 0x85642007, 
    0x95012103, 0x65200782, 0x03210385, 0x20078252, 0x21038566, 0x07829601, 0x03856720, 0x82530321, 0x85682007, 0x97012103, 0x69200782, 0x03210385, 
    0x20078254, 0x2103856a, 0x07829f01, 0x03856b20, 0x82650321, 0x856c2007, 0xa0012103, 0x6d200782, 0x03200385, 0x6e205b83, 0x03820b82, 0x82a10121, 
    0x856f2007, 0x67032103, 0x70200782, 0x01210385, 0x200782a2, 0x21038571, 0x07826803, 0x03857220, 0x82bb0121, 0x85732007, 0x83032003, 0x827420fb, 
    0x2103820b, 0x0782bc01, 0x03857520, 0x828a0321, 0x85762007, 0xbd012103, 0x77200782, 0x03210385, 0x2007828b, 0x21038578, 0x0782be01, 0x03857920, 
    0x828c0321, 0x857a2007, 0xbf012103, 0x7b200782, 0x03210385, 0x2007828d, 0x2103857c, 0x0782c901, 0x03857d20, 0x82b70321, 0x857e2007, 0xca012103, 
    0x7f200782, 0x03210385, 0x200782b8, 0x21038580, 0x0782cd01, 0x03858120, 0x82bd0321, 0x85822007, 0xce012103, 0x83200782, 0x03200385, 0x84208383, 
    0x03820b82, 0x82cf0121, 0x85852007, 0xba032103, 0x86200782, 0x01210385, 0x200782d0, 0x21038587, 0x0782bf03, 0x03858820, 0x82d10121, 0x85892007, 
    0xc0032103, 0x8a200782, 0x01210385, 0x200782d3, 0x2103858b, 0x0782c303, 0x0382db83, 0x82d40121, 0x82cf830b, 0xc4032103, 0x8e200b82, 0x01210385, 
    0x200782de, 0x2003858f, 0x209b8303, 0x820b8290, 0xf4012103, 0x91200782, 0x03210385, 0x200782e7, 0x21038592, 0x0782f501, 0x03859320, 0x82e80321, 
    0x85942007, 0xf6012103, 0x95200782, 0x03210385, 0x200782e9, 0x21038596, 0x07829002, 0x03859720, 0x82690321, 0x85982007, 0xc1032103, 0x99200782, 
    0x03200385, 0x9a20fb83, 0x03820b82, 0x82150221, 0x859b2007, 0x70022103, 0x9d200782, 0x09210385, 0x20078241, 0x2003859e, 0x21278201, 0x0b829f1e, 
    0x09210382, 0x20078242, 0x200385a0, 0x203b8300, 0x820b82a1, 0x0e022103, 0xa2200782, 0x00210385, 0x20078216, 0x210385a3, 0x07821102, 0x0385a420, 
    0x82170021, 0x85a52007, 0x05022103, 0xa6200782, 0x00210385, 0x20078218, 0x210385a7, 0x07820702, 0x0385a820, 0x82190021, 0x85a92007, 0x08022103, 
    0xaa200782, 0x00210385, 0x2007821a, 0x210385ab, 0x07820902, 0x0385ac20, 0x821b0021, 0x85ad2007, 0x06022103, 0xae200782, 0x00210385, 0x2007821c, 
    0x210385af, 0x0782fe01, 0x0385b020, 0x821d0021, 0x85b12007, 0x00022103, 0xb2200782, 0x00210385, 0x2007821e, 0x210385b3, 0x07820102, 0x0385b420, 
    0x821f0021, 0x85b52007, 0x02022103, 0xb6200782, 0x00210385, 0x20078220, 0x210385b7, 0x0782ff01, 0x0385b820, 0x82710021, 0x85b92007, 0x5a022103, 
    0xba200782, 0x00210385, 0x20078272, 0x210385bb, 0x07825b02, 0x0385bc20, 0x82730021, 0x85bd2007, 0x5c022103, 0xbe200782, 0x00210385, 0x20078274, 
    0x210385bf, 0x07825d02, 0x0385c020, 0x82750021, 0x85c12007, 0x5e022103, 0xc2200782, 0x00210385, 0x20078276, 0x210385c3, 0x07825f02, 0x0385c420, 
    0x82770021, 0x85c52007, 0x60022103, 0xc6200782, 0x00250385, 0x1e000078, 0x210385c7, 0x07826102, 0x0385c820, 0x82d60021, 0x85c92007, 0xa5022103, 
    0xca200782, 0x00210385, 0x200782d7, 0x210385cb, 0x0782a602, 0x0385cc20, 0x82590121, 0x85cd2007, 0x0f032103, 0xce200782, 0x01200385, 0xcf20fb83, 
    0x03820b82, 0x82100321, 0x85d02007, 0x5b012103, 0xd1200782, 0x03210385, 0x20078211, 0x210385d2, 0x07825c01, 0x0385d320, 0x82120321, 0x85d42007, 
    0x5d012103, 0xd5200782, 0x03210385, 0x20078213, 0x210385d6, 0x07825e01, 0x0385d720, 0x82140321, 0x85d82007, 0x5f012103, 0xd9200782, 0x03210385, 
    0x20078215, 0x200385da, 0x20fb8301, 0x820b82db, 0x16032103, 0xdc200782, 0x01200385, 0xdd20fb83, 0x03820b82, 0x82170321, 0x85de2007, 0x62012103, 
    0xdf200782, 0x03210385, 0x20078218, 0x210385e0, 0x07826301, 0x0385e120, 0x82190321, 0x85e22007, 0x64012103, 0xe3200782, 0x03210385, 0x2007821a, 
    0x210385e4, 0x0782c001, 0x0385e520, 0x828e0321, 0x85e62007, 0xc1012103, 0xe7200782, 0x03210385, 0x2007828f, 0x210385e8, 0x0782c201, 0x0385e920, 
    0x82900321, 0x85ea2007, 0xc3012103, 0xeb200782, 0x03210385, 0x20078291, 0x210385ec, 0x0782c401, 0x0385ed20, 0x82920321, 0x85ee2007, 0xc5012103, 
    0xef200782, 0x03210385, 0x20078293, 0x210385f0, 0x0782c601, 0x0385f120, 0x82940321, 0x85f22007, 0x83012003, 0x82f320eb, 0x2103820b, 0x0782d003, 
    0x0385f420, 0x82e00121, 0x85f52007, 0xd1032103, 0xf6200782, 0x01210385, 0x200782e1, 0x210385f7, 0x0782d203, 0x0385f820, 0x82e20121, 0x85f92007, 
    0xd3032103, 0xfa200782, 0x09210385, 0x2007820e, 0x210385fb, 0x07824309, 0x0385fc20, 0x820f0921, 0x85fd2007, 0x44092103, 0xfe200782, 0x09210385, 
    0x20078210, 0x250385ff, 0x00004509, 0x0382001f, 0xe7550720, 0x081f2105, 0x37820b82, 0x82230021, 0x82102007, 0x00152403, 0x825b0400, 0x82182007, 
    0x821d2003, 0x827d2028, 0x82202007, 0x54272003, 0x1f21055f, 0x200b8228, 0x2017822f, 0x200782b1, 0x20038230, 0x20178237, 0x20078280, 0x20038238, 
    0x2017823f, 0x200782dc, 0x82038240, 0x1e032167, 0x48200782, 0x4d240382, 0x68010000, 0x50200782, 0x57200382, 0x9c202f82, 0x59200782, 0x01210385, 
    0x200782e7, 0x2103855b, 0x0782e801, 0x03855d20, 0x82e90121, 0x855f2007, 0xea012103, 0x60200782, 0x67200382, 0xaf203b82, 0x4b830782, 0x00006f24, 
    0x0b82f603, 0x03857020, 0x82410421, 0x85712007, 0xb8092103, 0x72200782, 0x04210385, 0x20078261, 0x21038573, 0x0782b909, 0x03857420, 0x826d0421, 
    0x85752007, 0xba092103, 0x76200782, 0x04210385, 0x20078288, 0x21038577, 0x0782bb09, 0x03857820, 0x82240321, 0x85792007, 0xbd092103, 0x7a200782, 
    0x04210385, 0x200782a4, 0x2103857b, 0x0782be09, 0x03857c20, 0x82b70421, 0x857d2007, 0xc0092103, 0x80200782, 0x87200382, 0x2005ef56, 0x2463831f, 
    0x0000008f, 0x20138233, 0x20038290, 0x054b5597, 0x82981f21, 0x829f200b, 0x82bc2017, 0x82a02007, 0x52a72003, 0x1f210587, 0x820b82a8, 0xff0321f7, 
    0xb0200782, 0xb4200382, 0x4a201782, 0xb6200782, 0x67820382, 0x824f0421, 0x82b82007, 0x82ba2003, 0x822b203b, 0x82b78307, 0x2f002103, 0x4b830b82, 
    0x00210382, 0x830b823b, 0x210382b7, 0x0b825d0a, 0x0385be20, 0x82c10921, 0x85bf2007, 0x5c0a2103, 0xab830782, 0x0a210382, 0x830b826a, 0x2103821b, 
    0x0b82670a, 0x0382c220, 0x7782c420, 0x07827620, 0x0382c620, 0x7b55c720, 0xc81f2105, 0xc9200b82, 0x83207782, 0xca200782, 0xcb200382, 0xb9200b82, 
    0xcc200782, 0x00210385, 0x200782c4, 0x210385cd, 0x07825f0a, 0x0385ce20, 0x82610a21, 0x85cf2007, 0x630a2103, 0xd0200782, 0xd2200382, 0x89205382, 
    0xd3200782, 0x09210385, 0x200782bc, 0x200382d6, 0x058755d7, 0x82d81f21, 0x82db200b, 0x82e4205f, 0x85dd2007, 0x600a2103, 0xde200782, 0x0a210385, 
    0x20078262, 0x210385df, 0x0782640a, 0x0382e020, 0xaf54e220, 0xe31f2105, 0x03820b82, 0xeb830920, 0xe5203f83, 0x21059355, 0x1782e61f, 0x0b82e720, 
    0x0782a820, 0x0382e820, 0x0000eb23, 0x21038201, 0x0b82ec1f, 0x01210382, 0x2007827d, 0x240382ed, 0x0a0000ee, 0x20078265, 0x210385ef, 0x0782680a, 
    0x0382f220, 0xcf53f420, 0xf61f2105, 0xf7200b82, 0x2105bf53, 0x0b82f81f, 0x01210382, 0x2007826e, 0x210385f9, 0x07827001, 0x0385fa20, 0x82fe0321, 
    0x85fb2007, 0xf4032103, 0xfc200782, 0x04210385, 0x20078207, 0x210385fd, 0x0782690a, 0x0385fe20, 0x005e0a24, 0xf6822000, 0x000b2025, 0x82d60600, 
    0x8210200b, 0x00112303, 0x43820900, 0x82122021, 0x2103820b, 0x07829605, 0x03851320, 0x82950521, 0x82142007, 0x00152403, 0x82970500, 0x85162007, 
    0x82092003, 0x1720217f, 0x03820b82, 0x67820920, 0x82182021, 0x0019240b, 0x82ab0500, 0x821a2007, 0x821b2003, 0x82b2200b, 0x821c2007, 0x821e2003, 
    0x82af200b, 0x851f2007, 0xb4052103, 0x84820782, 0x82212021, 0x82e92017, 0x8522200b, 0x99052103, 0x23200782, 0x05210385, 0x2007829c, 0x21038524, 
    0x0782ef09, 0x03852520, 0x82c10521, 0x85262007, 0xc0052103, 0x27200782, 0x09210385, 0x200782ee, 0x2103852f, 0x0782d406, 0x03823020, 0x00003123, 
    0x20838306, 0x200b8232, 0x206b8234, 0x200782b5, 0x20038235, 0x200b8237, 0x200782b9, 0x21038538, 0x0782eb09, 0x03823920, 0x17823a20, 0x0782c920, 
    0x03853b20, 0x82f10921, 0x853c2007, 0x75052103, 0x3d200782, 0x05210385, 0x2007827c, 0x2103853e, 0x0782f009, 0x03853f20, 0x82f30921, 0x85402007, 
    0xed092103, 0x41200782, 0x09210385, 0x200782ec, 0x21038542, 0x0782ea09, 0x03854320, 0x829b0521, 0x85442007, 0x6a062103, 0x45200782, 0x05210385, 
    0x20078281, 0x21038546, 0x07828305, 0x03824720, 0x9b824820, 0x07827920, 0x03854920, 0x82770521, 0x854a2007, 0x73052103, 0x4b200782, 0x05210385, 
    0x200782fe, 0x2003824c, 0x202f824d, 0x2007829d, 0x2103854e, 0x0782f409, 0x03854f20, 0x82f20921, 0x82502007, 0x00512403, 0x82f50900, 0x85522007, 
    0x2e0a2103, 0x53200782, 0x55200382, 0xf7201782, 0x57200782, 0x05210385, 0x200782b8, 0x2103855f, 0x0782d506, 0x03857020, 0x82220621, 0x85712007, 
    0x10062103, 0x74200782, 0x06210385, 0x20078229, 0x24038275, 0x06000076, 0x2007822b, 0x82038277, 0x830620bb, 0x827a205f, 0x827c200b, 0x82362017, 
    0x827d2007, 0x827e2003, 0x8232200b, 0x857f2007, 0x15062103, 0x80200782, 0x06200385, 0x81208b83, 0x03820b82, 0x82550621, 0x00822407, 0x82832000, 
    0x8257202f, 0x85842007, 0x5a062103, 0x85200782, 0x86200382, 0x5c201782, 0x87200782, 0x89200382, 0xaf830b82, 0x0b828a20, 0x0b828c20, 0x07826720, 
    0x03828d20, 0x0b828e20, 0x07826320, 0x03859020, 0x82390621, 0x85912007, 0x3d062103, 0x92200782, 0x06210385, 0x20078247, 0x21038593, 0x07825006, 
    0x03859420, 0x824e0921, 0x85952007, 0x40062103, 0x96200782, 0x99200382, 0x43205382, 0x9a200782, 0x06210385, 0x20078248, 0x2003829b, 0x2017829c, 
    0x2007824b, 0x210385a0, 0x07822c0a, 0x0385a120, 0x82110521, 0x85a22007, 0x13052103, 0xa3200782, 0x05210385, 0x2007821b, 0x210385a4, 0x07820c05, 
    0x0385a520, 0x82160521, 0x85a62007, 0x0f052103, 0xa7200782, 0x05210385, 0x20078208, 0x210385a8, 0x07821905, 0x0385a920, 0x820b0521, 0x85aa2007, 
    0x17052103, 0xab200782, 0x02210385, 0x20078246, 0x210385ac, 0x07820505, 0x0385ad20, 0x820a0521, 0x82ae2007, 0x00af2403, 0x82140500, 0x85b12007, 
    0x09052103, 0xb2200782, 0x05210385, 0x20078210, 0x240382b3, 0x050000b4, 0x2007820d, 0x210385b5, 0x07821205, 0x0385b820, 0x82070521, 0x85b92007, 
    0x06052103, 0xba200782, 0x05210385, 0x20078203, 0x210385bc, 0x07821805, 0x0385bd20, 0x82040521, 0x85be2007, 0x1a052103, 0xbf200782, 0x05210385, 
    0x2007821d, 0x210385c0, 0x07822d0a, 0x0385db20, 0x82990a21, 0x85dc2007, 0x970a2103, 0xdd200782, 0xde240382, 0x4e070000, 0xe8200782, 0x0a210385, 
    0x2007829a, 0x200385f0, 0x295b820a, 0x00000021, 0x00000121, 0x0782b706, 0x03850320, 0x82e30621, 0x85052007, 0xb6062103, 0x06200782, 0x06210385, 
    0x820782b5, 0x822120f3, 0xe4062103, 0x13200b82, 0x0a210385, 0x2007822a, 0x21038516, 0x0782e206, 0x03851720, 0x82f10521, 0x851e2007, 0x8b012103, 
    0x1f200782, 0x01210385, 0x2007828a, 0x82038220, 0xf305217c, 0x22200782, 0x05210385, 0x200782f2, 0x20038526, 0x83178303, 0x822b2057, 0x82e5209b, 
    0x852e2013, 0x82062003, 0x322121c7, 0x03820b82, 0x828c0021, 0x853b2007, 0xf5052103, 0x4d200782, 0x06210385, 0x200782b4, 0x21038550, 0x0782aa06, 
    0x03825120, 0x47825220, 0x0782af20, 0x03825320, 0x0b825420, 0x0782a020, 0x03825520, 0x0b825a20, 0x0782a420, 0x03825b20, 0x0b825e20, 0x0782ab20, 
    0x03855f20, 0x829d0621, 0x82602007, 0x007f2403, 0x82c40900, 0x85832007, 0x83092003, 0x008424fb, 0x82842100, 0x00462417, 0x82852100, 0x82862003, 
    0x23a7830b, 0x21000089, 0x06210382, 0x2007829f, 0x21038590, 0x0782e906, 0x03859120, 0x82fb0621, 0x85922007, 0xee062103, 0x93200782, 0x06210385, 
    0x200782fc, 0x21038594, 0x0782f706, 0x03859520, 0x82fe0621, 0x82962007, 0x82992003, 0x82f3209b, 0x82a92007, 0x21d38203, 0x0782ff06, 0x0382b020, 
    0x0000b124, 0x07824407, 0x0385b320, 0x82430721, 0x82ff8307, 0x46072103, 0xb5200b82, 0x07210385, 0x20078242, 0x200382ba, 0x202f82bb, 0x2007823b, 
    0x210385d0, 0x0782ec06, 0x0385d220, 0x82f10621, 0x85d42007, 0xf9062103, 0xde200782, 0xdf200382, 0x49202f82, 0xf3830782, 0x0721df82, 0x200b8247, 
    0x210385e7, 0x07823107, 0x0385ea20, 0x00320725, 0x85022200, 0x01062103, 0x05200782, 0x06210385, 0x86078206, 0x82032003, 0x0f22216b, 0x03820f82, 
    0x82030621, 0x85112007, 0x83062003, 0x82122037, 0x2003820b, 0x217f8205, 0x0b821a22, 0x06200382, 0x1e204383, 0x03820b82, 0x00224282, 0x0b822b22, 
    0x06210382, 0x20078204, 0x21038536, 0x0782c405, 0x03854820, 0x82d80521, 0x85602007, 0x82052003, 0x642221d3, 0x65240b82, 0xcf050000, 0x95200782, 
    0x96240382, 0x81070000, 0x97200782, 0x07210385, 0x20078284, 0x24038598, 0x00008307, 0x83938223, 0x34072103, 0x63820b82, 0x03822320, 0x82360721, 
    0x2087820b, 0x21038223, 0x0b823507, 0x03851820, 0x82330721, 0x85252007, 0x38072103, 0x26200782, 0x27200382, 0x3e205f82, 0xa3820782, 0x03822320, 
    0x823d0721, 0x8580200b, 0x37072103, 0x87200782, 0x07210385, 0x20078239, 0x2103858b, 0x07823a07, 0x0385ce20, 0x82410721, 0x20ab8207, 0x25038223, 
    0x00004007, 0x03852324, 0x4b820a20, 0xd7822420, 0x82682421, 0x826b205f, 0x82b62013, 0x20238303, 0x20078250, 0x250385ea, 0x00006a07, 0x0382a025, 
    0x2382a220, 0x07822020, 0x0385aa20, 0x829f0521, 0x85b22007, 0x16072103, 0xb3200782, 0x07210385, 0x8207821a, 0x82252047, 0x18072103, 0xb7200b82, 
    0x07210385, 0x2007821c, 0x840385ba, 0x82bb2017, 0x8403820b, 0x82bc2017, 0x2103820b, 0x07821507, 0x0385bd20, 0x82190721, 0x85c02007, 0x17072103, 
    0xc1200782, 0x07210385, 0x2007821b, 0x840385c4, 0x82c52017, 0x8403820b, 0x82c62017, 0x2103820b, 0x07822507, 0x0385c720, 0x82270721, 0x85ca2007, 
    0x07062103, 0xcb200782, 0x07210385, 0x8207821f, 0x822520eb, 0x1e072103, 0xe6200b82, 0x05210385, 0x2007829a, 0x250385ef, 0x00004c07, 0x03850026, 
    0x822a0721, 0x82052007, 0x00062403, 0x822e0700, 0x853c2007, 0x29072103, 0x61200782, 0x07210385, 0x2007822b, 0x21038565, 0x07822c07, 0x03826a20, 
    0x00006b24, 0x0782030a, 0x0385a020, 0x001d0725, 0x85132700, 0x83072003, 0x20db8207, 0x21038227, 0x13821407, 0x03855620, 0x82260721, 0x85642007, 
    0x2d072103, 0x80200782, 0x88200382, 0x2005a341, 0x839b8227, 0xe9092103, 0xf5201382, 0x06210385, 0x200782ea, 0x200385f6, 0x201f8306, 0x820b82f7, 
    0xf8062103, 0x03860782, 0x82ed0621, 0x85f9200b, 0xf2062103, 0xfa200782, 0x06200385, 0x29200782, 0x03838782, 0x00fd0625, 0x85382a00, 0x85072403, 
    0x822b0000, 0x210383eb, 0x0b823007, 0x03821220, 0x07212782, 0x20078223, 0x2103851c, 0x07824d07, 0x03852420, 0x004b0725, 0x857c2c00, 0x42062103, 
    0x7f200782, 0x01200385, 0x2d245f82, 0x2d0000ff, 0x0a250382, 0x2e0000d3, 0x25038518, 0x00007d05, 0x03859fa6, 0x00590a24, 0x1f82a700, 0x09250383, 
    0xa9000053, 0x2503852e, 0x0000e809, 0x038500e0, 0x82280721, 0x82022007, 0x000b2403, 0x82970000, 0x820c2007, 0x822b2003, 0x82ea200b, 0x207b8207, 
    0x210382e0, 0x0b829902, 0x03854c20, 0x82a00221, 0x209f8207, 0x210382e0, 0x0b82a702, 0x03854e20, 0x82ab0221, 0x854f2007, 0xb1022103, 0x50200782, 
    0x5c240382, 0xd0020000, 0x5d200782, 0x03210385, 0x20078236, 0x2103855e, 0x07823c03, 0x03856a20, 0x82580321, 0x826b2007, 0x00802403, 0x822a0500, 
    0x82812007, 0x82872003, 0x2103820b, 0x0b8288e0, 0x0b829120, 0x92207783, 0x03820b82, 0x82c30521, 0x82932007, 0x82952003, 0x82402017, 0x85962007, 
    0x44052103, 0x97200782, 0xa3200382, 0xda201782, 0xa4200782, 0x05210385, 0x200782ed, 0x200382a5, 0x201782a6, 0x200782fb, 0x240382a7, 0x060000a8, 
    0x20078234, 0x200382a9, 0x200b82ab, 0x2007823a, 0x200382ac, 0x200b82ad, 0x2007823e, 0x210385ae, 0x07824906, 0x0385af20, 0xdf830620, 0x0b82b020, 
    0x0621df82, 0x20078251, 0x200382b2, 0x202f82b3, 0x20078265, 0x200385b4, 0x20c78306, 0x820b82b5, 0x6d062103, 0xb6200782, 0xb7200382, 0x6f202382, 
    0xb8200782, 0x06210385, 0x20078272, 0x200382b9, 0x201782ba, 0x20078274, 0x200382bb, 0x200b82bd, 0x20078277, 0x200382c8, 0x200b82cc, 0x2007827b, 
    0x210385dc, 0x07828406, 0x0385dd20, 0x82860621, 0x82de2007, 0x82df2003, 0x82882023, 0x85e02007, 0x8b062103, 0xe1200782, 0xe2200382, 0x8d201782, 
    0xe3200782, 0xe5200382, 0x90200b82, 0xe6200782, 0x06210385, 0x200782c3, 0x280382f3, 0x0a0000f5, 0xe10000e1, 0x21038506, 0x0782e40a, 0x03820920, 
    0x17820a20, 0xe1213382, 0x200b820c, 0x200b820f, 0x200782e7, 0x20038211, 0x200b8213, 0x200782eb, 0x20038217, 0x200b8218, 0x200782ee, 0x20038221, 
    0x200b8222, 0x200782f0, 0x21038524, 0x0782f20a, 0x03852a20, 0x67820a20, 0x822be121, 0x0037230b, 0xe3820700, 0x8238e121, 0x8239200b, 0x21bf820b, 
    0x0b823ae1, 0x0b823d20, 0x07828920, 0x03823e20, 0x0b825620, 0x0782a820, 0x03825720, 0x0b825a20, 0x0782c220, 0x03825b20, 0x0b825e20, 0x0782c720, 
    0x03856320, 0x7b820620, 0xc382e120, 0x05210383, 0x201382aa, 0x200382d2, 0x202382df, 0x83078201, 0x210382cf, 0x0b82f40a, 0x0000e223, 0x217382e2, 
    0x0782e607, 0x03827b20, 0x08214382, 0x20078279, 0x240382c8, 0x080000d8, 0x200782ca, 0x200382d9, 0x230b82dc, 0xee0000c6, 0x03833f82, 0x82c40521, 
    0x8502200b, 0x0a002103, 0x03200782, 0x01210385, 0x200782ef, 0x20038504, 0x21838202, 0x0b8205ee, 0x03210382, 0x200782dd, 0x21038506, 0x07826a03, 
    0x03850720, 0x82f50a21, 0x85092007, 0xc1072103, 0x4b830782, 0x00210382, 0x200b82c6, 0x2103850c, 0x0782a401, 0x03820d20, 0x00001124, 0x07826902, 
    0x03851220, 0x826f0221, 0x85142007, 0x94022103, 0x17200782, 0x02210385, 0x200782c0, 0x2403821d, 0x03000025, 0x2007826b, 0x20038226, 0x200b8245, 
    0x20078295, 0x21038547, 0x07824305, 0x03824820, 0x00007124, 0x07824505, 0x03857220, 0x82be0621, 0x85732007, 0x88072103, 0x74200782, 0x07200385, 
    0x75205f83, 0x03820b82, 0x9b830720, 0x0b827620, 0x07210382, 0x200782cb, 0x24038277, 0x0700007b, 0x200782cd, 0x2103857c, 0x0782cc07, 0x03827d20, 
    0x17827e20, 0x0782d220, 0x03827f20, 0x0b828220, 0x0782d520, 0x03858320, 0x82d40721, 0x85842007, 0xd9072103, 0x87200782, 0x0a210385, 0x830782f6, 
    0x828f207b, 0x82db202f, 0x8290200b, 0x009b2403, 0x82f70a00, 0x859c2007, 0xda072103, 0x9d200782, 0x5b820382, 0x82030b21, 0x85d32007, 0xe00a2103, 
    0x57830782, 0x0000de24, 0x0b82390b, 0x0385df20, 0x82e30721, 0x201b8307, 0x241782e1, 0xf6000044, 0x250385c3, 0x0000ca06, 0x0385fffe, 0x00e70925, 
    0x842ff101, 0x05002203, 0x200782f0, 0x20038230, 0x20838236, 0x2007828d, 0x20038237, 0x200b8249, 0x20078295, 0x2203846a, 0x82f70500, 0x846b2007, 
    0x05002603, 0xf80100f6, 0x22038450, 0x82eb0600, 0x84522007, 0x06002303, 0xb88200f0, 0xa700a608, 0xcf0460fe, 0x03004007, 0x13000700, 0x23001d00, 
    0x39002f00, 0x43003f00, 0x8d014700, 0x5028b04b, 0x00904058, 0x06060507, 0x01007207, 0x01131400, 0x01156714, 0x02162613, 0x12131112, 0x25110067, 
    0x11221001, 0x22006710, 0x0e0f0121, 0x00670f22, 0x1819000e, 0x0067190e, 0x1d181b1d, 0x18011a57, 0x171b0127, 0x00671b18, 0x1e012817, 0x671e171c, 
    0x09241c00, 0x1c070502, 0x06006705, 0x06040800, 0x04006808, 0x20030123, 0x00670304, 0x021f0020, 0x00671f20, 0x0d0c0002, 0x00670c02, 0x0a0b000d, 
    0x00670b0d, 0x25a9820a, 0x0a0a0057, 0x08825f00, 0x1b4f0025, 0x82009140, 0x07052392, 0x93408006, 0x595a0888, 0x3a3a5e40, 0x24243030, 0x08081e1e, 
    0x46470404, 0x42434445, 0x3f3a4041, 0x3d3e3f3a, 0x39303b3c, 0x37383930, 0x33343536, 0x2f243132, 0x2d2e2f24, 0x292a2b2c, 0x25262728, 0x231e231e, 
    0x1f202122, 0x1a1b1c1d, 0x15161718, 0x13081308, 0x0f101112, 0x0b0c0d0e, 0x0704090a, 0x0d820704, 0x19062925, 0x8221012b, 0x21032301, 0x03820113, 
    0x33072332, 0x23073337, 0x21070337, 0x37372337, 0x13330721, 0x27200984, 0x33200584, 0x07211083, 0x83238303, 0x020f2109, 0x07252482, 0x33372303, 
    0x08038213, 0xfd57032f, 0x02780150, 0x2a0afdb0, 0xff2a4001, 0x40012b00, 0x4016c02b, 0xc015400b, 0x010ad520, 0xecd70a40, 0x0bc0fe0b, 0x01251cd8, 
    0x1a800b40, 0x221283ab, 0x83901090, 0x70270813, 0xc00bcf10, 0xfe0a801b, 0x10800ac0, 0x40010b95, 0x751a4025, 0x25c015c0, 0xfe400f40, 0xfae00860, 
    0x0100ff00, 0x83800100, 0x40802f05, 0x80fcc080, 0x417f4040, 0xe0c00540, 0x0a82a040, 0x40406027, 0x40c0fd60, 0x080682a0, 0xe040803b, 0x8040fda0, 
    0x0060e003, 0xd7ff0200, 0xf4040000, 0x0700d205, 0x2c001000, 0x010d2940, 0x4c010004, 0x02000400, 0x68020401, 0x56000000, 0x0203054d, 0x01570101, 
    0x0900004e, 0x08268208, 0x11110745, 0x190b0611, 0x3301232b, 0x21032301, 0x03210103, 0x06272626, 0x03290706, 0x2d01dc14, 0x9bfd50c0, 0x012b01d6, 
    0x230c3af1, 0x266b4715, 0x2efad205, 0x60fea001, 0x2e014602, 0x9ca4e240, 0x00004ae0, 0x85ffff00, 0x76073a77, 0x02002602, 0x07010000, 0xa2006b0a, 
    0x09007401, 0xb80202b1, 0x35b07401, 0x2023892b, 0x23238769, 0xfa00cf06, 0x01202385, 0x8a20238f, 0xcc222388, 0x23a06201, 0x8102cb22, 0x0a23239f, 
    0x9658016d, 0x85fa2023, 0x0700256b, 0x9101f50a, 0x0821cb89, 0x231787dd, 0xd301350b, 0xfe241785, 0x07f8044c, 0x27202f87, 0x00252f85, 0x03050b07, 
    0x21378995, 0xbb884707, 0x1701ce22, 0xdf887396, 0x016f0a23, 0x8323917b, 0xd2052167, 0x5f8d7f88, 0x6e203b89, 0xf921d396, 0x08634108, 0x00e80a23, 
    0x205f85a8, 0x0d634103, 0xe722238b, 0xab412202, 0x236b8816, 0xa100cd06, 0xa3202396, 0x0125a785, 0x01110b07, 0x25cb915b, 0xf4040000, 0x17427707, 
    0x026c2208, 0x23239108, 0xf404f0fd, 0x0a23ef89, 0x41a10115, 0xfe21054f, 0x2f17895b, 0x6c0a0701, 0x46f9b100, 0x02b10900, 0x46f9b801, 0x880c5342, 
    0x710a23a7, 0x5f91f501, 0x05000025, 0x88d708c0, 0x014b22a7, 0x21cb9360, 0x238a0005, 0x23964c20, 0x238a3f20, 0x23954d20, 0x08fe0423, 0x206b88b3, 
    0x8323934e, 0x860720d7, 0x270021b3, 0x88059b42, 0x831220df, 0x740121df, 0xb121df82, 0x43e88603, 0x7b8a075f, 0x7f014822, 0x0423c393, 0x88d608f4, 
    0x0149227b, 0x4123967a, 0x0a21080b, 0x234795f7, 0xb2080205, 0x4a204788, 0xc38e2393, 0x7b016f24, 0xc3a37401, 0x02d20525, 0x43020006, 0xf741092f, 
    0x06012507, 0xbcec010b, 0x2105dd41, 0xfd82bcff, 0x23830020, 0x00070033, 0x05240500, 0x002600fc, 0x01003002, 0x345d0a06, 0x202386dc, 0x20238edc, 
    0x212388dc, 0x4791255e, 0x0000e42d, 0xdc054206, 0x02002700, 0x83004e01, 0x095f2149, 0x02212584, 0x236d85b8, 0xcd00ffff, 0x59202382, 0x65202386, 
    0x60212384, 0x83238f08, 0x86482047, 0x84542023, 0x94612023, 0x864f2047, 0x845b2023, 0x90622023, 0x82852047, 0x07a222d7, 0x218f8323, 0x2384ae00, 
    0xca5b6322, 0x21052f45, 0xdb42caff, 0x85002005, 0x8a132023, 0x59642223, 0x202386ba, 0x16ff42ba, 0x23144f44, 0xf4040000, 0x21239744, 0xf3411606, 
    0x06002505, 0x00fa680a, 0x47080082, 0xffd7ff03, 0x06370542, 0x000f008e, 0x001b0018, 0x14424045, 0x04010e11, 0x4c010507, 0x02000200, 0x020a0886, 
    0x01010307, 0x68010700, 0x56050500, 0x0601094d, 0x045f0006, 0x57000001, 0x10104e00, 0x1a1b0000, 0x18101810, 0x0f213e82, 0x36008311, 0x1c0b0b12, 
    0x1301012b, 0x01210323, 0x03230123, 0x17330123, 0x46010113, 0x4e080571, 0x33030103, 0xdbfe3705, 0xfe50c0e2, 0xa6c5fec1, 0xd6803b01, 0xdc1403d2, 
    0xc5fdad1d, 0x10081101, 0x266b4708, 0x93bb019b, 0xfd8e06c9, 0x01a3fbcf, 0x02a2fda0, 0x0560fe5e, 0x4c0190d2, 0x0c02b8fb, 0x9c427531, 0xd2fe4ae0, 
    0xe6fe1a01, 0x42ffff00, 0xd220063b, 0x22071742, 0x421c010b, 0xb7461017, 0x0f934205, 0x4f440720, 0x194f4109, 0x231ceb46, 0x12fe0700, 0x2609b742, 
    0xc1092700, 0x42000902, 0x032309bf, 0x42ffb801, 0x2b840abf, 0x8a06bf42, 0x05c7422b, 0x0f432b83, 0xfee42209, 0x0bc74212, 0x03212d83, 0x0acf4227, 
    0xcf420320, 0x422b820b, 0x2b840acf, 0xd7423e20, 0x832b8b0a, 0x0ad74257, 0x0a26002d, 0x01bc0961, 0x03c10907, 0x4200002d, 0x85840673, 0x00ffff23, 
    0x425782cd, 0x57840adf, 0xe7423420, 0x20578b0a, 0x42db8285, 0x57820ae7, 0xca5b6322, 0x02215783, 0x42578887, 0x2b8408ef, 0x8308ef42, 0x22258357, 
    0x420a0601, 0x578305f7, 0x2108f742, 0x1b4612fe, 0x82002009, 0xd90121a7, 0x01204f82, 0x2b07cf41, 0x21000c00, 0x01081e40, 0x4c010001, 0x2e291782, 
    0x0202034d, 0x012f0101, 0x270c824e, 0x110c000c, 0x18080411, 0x4206f248, 0x0120057b, 0x2006ee48, 0x05e648a9, 0x053afe27, 0x032efad2, 0x05e24874, 
    0x828cfc21, 0x83022036, 0xfc073d5b, 0x0f00d205, 0x3f001300, 0x02003c40, 0x02080300, 0x08006703, 0x08040600, 0x01096706, 0x5f206e82, 0x562d2982, 
    0x0404004d, 0x070a5f05, 0x57050502, 0x23728205, 0x10111213, 0x24080243, 0x0b0b1111, 0x237b821d, 0x03210721, 0x2e080386, 0x01012113, 0x29231321, 
    0x6204c303, 0x5134fd1c, 0xfd1c9d02, 0xd7025263, 0x456bfc1c, 0xf9feeffd, 0xc4017001, 0xd2056c7a, 0xa813fea7, 0x49a711fe, 0x0221057f, 0x065349e1, 
    0x07fc072f, 0x00260247, 0x0100003d, 0x03ce0607, 0x13ff4683, 0x8a202382, 0xcb222388, 0x2395ed04, 0x02d20523, 0x27478306, 0x57000300, 0xf8040000, 
    0x1234eb82, 0x25001b00, 0x36403900, 0x04030109, 0x04004c01, 0x04020300, 0x0522f382, 0xea860005, 0x01020224, 0xfa82065f, 0x01573008, 0x2500004e, 
    0x1b1c1e23, 0x00131519, 0x21110012, 0x2b170b07, 0x32211333, 0x06071616, 0x1e150706, 0x020e0702, 0x32212523, 0x26363736, 0x82372123, 0x08098508, 
    0x02f7574a, 0x49bb9c0a, 0x6bab1612, 0x13427d46, 0xafea8212, 0x5901b2fe, 0x1110aeb1, 0x93fe8a8d, 0x4f43011a, 0x100d648e, 0xadfe926b, 0xb76dd205, 
    0x1c90896f, 0xa75b040a, 0x65af7076, 0x6e6493a7, 0x7742a098, 0x00815d50, 0xffff0000, 0x0721b785, 0x28eb8277, 0x01000041, 0x016c0a07, 0x20eb84c9, 
    0x09634a03, 0xfe570023, 0x89db835b, 0x7a002523, 0x090046f9, 0x84086e47, 0x8bfe2147, 0x0623238b, 0x8f85ffce, 0xf2ff2323, 0x478c0000, 0xb6ffd624, 
    0x4785bdfe, 0xbdfe3808, 0x002b35b0, 0x97000300, 0x10060000, 0x1d00d205, 0x30002600, 0x45404800, 0x0605010c, 0x01174c01, 0x01084a00, 0x02060203, 
    0x00800603, 0x04050006, 0x07670506, 0x41020201, 0x04240755, 0x005f0104, 0x2706a74b, 0x27292e30, 0x1e202426, 0x1d2c4482, 0x09332e22, 0x132b190b, 
    0x33363637, 0x280e5941, 0x23071321, 0x07070622, 0x11614101, 0x180c9726, 0x67029eb0, 0x2a0e6441, 0x1cf7d8fd, 0x0c4a435c, 0x4100010c, 0x0424156d, 
    0x9a944a5a, 0x270d7041, 0x41a7d205, 0x4dfc4848, 0x25147741, 0x0602d205, 0x87414100, 0x370f8709, 0x8b000100, 0xb405ecff, 0x2100e605, 0x38403b00, 
    0x05030200, 0x80050203, 0x0328f682, 0x007e0405, 0x61010303, 0x3208ec82, 0x04004d5c, 0x06610004, 0x5d000001, 0x00014e00, 0x181a1d1e, 0x0d0e1012, 
    0x2100080a, 0x0b072101, 0x22052b16, 0x34350226, 0x33241212, 0x17161632, 0x82262623, 0x064c08f0, 0x16141502, 0x36363233, 0x06063337, 0xa9ba0204, 
    0xce6e8afc, 0x99b62401, 0xbe018aef, 0x8c8fc706, 0xd6529bde, 0x93bd65a8, 0xcb33bf25, 0x9014f4fe, 0xb0bb0d01, 0x09014d01, 0x9adb749c, 0xd880a198, 
    0xd38af5fe, 0x658c48da, 0x0076dc97, 0xab840082, 0xfc062d08, 0x2d009506, 0x4e405100, 0x02030111, 0x0105010b, 0x04004c02, 0x04050705, 0x07008007, 
    0x06070506, 0x0002007e, 0x03020103, 0x05050069, 0x0624bd87, 0x08610006, 0x2a2bbd87, 0x1e242629, 0x16191a1c, 0x820e1014, 0x012d23c1, 0xc18c092d, 
    0x37172028, 0x32333636, 0xc5840717, 0x9d030721, 0x080130cd, 0xaf150d93, 0x18224489, 0x570b200f, 0x9d430854, 0x50a02bda, 0x95097f80, 0x32330202, 
    0xe39167fe, 0x00ffff3f, 0x0553fe8b, 0x02e605b4, 0x00490026, 0x0a070100, 0xff020275, 0xb10900f5, 0xffb80101, 0x055b48f5, 0x2105b341, 0x23878a07, 
    0x02cb0625, 0x857401ce, 0x4d012023, 0x238f06d3, 0x016d0a23, 0x202396a5, 0x226b8877, 0x9655026c, 0x216b8823, 0x47936e0a, 0x8f87b383, 0x85270021, 
    0x070121b3, 0x12209786, 0x404bbb88, 0x02002108, 0x4f089f82, 0x06b40542, 0x0024008e, 0x4053002f, 0x020b0e50, 0x01150007, 0x01160702, 0x01230403, 
    0x04030502, 0x0204004c, 0x03040203, 0x06010880, 0x00860605, 0x04020001, 0x00670201, 0x61000707, 0x5c000000, 0x0303004d, 0x05006105, 0x4e055d05, 
    0x27290000, 0x242e4a82, 0x14251323, 0x0b092812, 0x13172b1c, 0x91422626, 0x37172306, 0x95420733, 0x01272105, 0x25099042, 0x07272223, 0xa8420113, 
    0x8ed63808, 0xce6e7267, 0x54b62401, 0x7ca6614b, 0xbe017d6b, 0xfd394603, 0x42493ec6, 0x963308a0, 0x406a6173, 0x2a272f02, 0x529bde8c, 0x1101be40, 
    0x42a9fd4b, 0x122b05af, 0xd43cefba, 0x277f5592, 0x4214b8fb, 0x222e05af, 0x04ba01cc, 0xd8800733, 0x708af5fe, 0xbb8200a8, 0xecff6124, 0x67438a05, 
    0x04052d08, 0x02050402, 0x03020080, 0x7e030204, 0x84085d43, 0x610126d3, 0x5d010100, 0x14674301, 0x1632012f, 0x02141512, 0x22230402, 0x33272626, 
    0x22ce8416, 0x84343512, 0x23072dc6, 0x03243636, 0x8afbaa5b, 0xdcfece6e, 0x3b106743, 0x34bf2692, 0x050d01ca, 0xf3fe90e6, 0xb3feb0bb, 0x749cf7fe, 
    0xa2979adb, 0x0b01d880, 0x26056843, 0x0076db98, 0x42ffff00, 0x053e053b, 0x000602e6, 0x00000049, 0x00570002, 0x05920500, 0x000900d2, 0x40280012, 
    0x03030025, 0xa3825f01, 0x004d5624, 0x544a0202, 0x014f0808, 0x0c101200, 0x0002040a, 0x05090109, 0x212b160b, 0x32211321, 0x02071204, 0x20212500, 
    0x02121300, 0x49022121, 0x01f70efe, 0x2401dacc, 0xfe3a277a, 0x0196fd6a, 0x01130106, 0xd42c2c3d, 0xe7fefefe, 0xfeb3d205, 0xa0fee8b3, 0x01a876fe, 
    0x820d0137, 0x00312801, 0x00970002, 0x82aa0600, 0x0014347b, 0x4036001d, 0x00010e33, 0x0301064a, 0x03020402, 0x45058004, 0x1d2b1697, 0x0015171b, 
    0x22140014, 0x45073325, 0x8b840993, 0x8c459582, 0x45948607, 0x29200582, 0xfe219487, 0x45a382ae, 0x9f8b087d, 0x4a5a0424, 0xa2879a94, 0x20066e45, 
    0x22a9884e, 0x41ffff00, 0x072d0527, 0x0026028a, 0x01000054, 0x016e0a07, 0x0fcf4701, 0x77202386, 0x6c222388, 0x2391b101, 0x055bfe25, 0x89d20592, 
    0x63002123, 0x230f5f4f, 0x8bfe5700, 0x0623238b, 0x926effce, 0x89132023, 0x07002623, 0x5901ca06, 0x21a78400, 0x5f8c48fe, 0xb6ff6d22, 0x2b273b90, 
    0xad050000, 0x8200d205, 0x001b26cb, 0x510b0600, 0x08c747e6, 0x85fa0921, 0x24108217, 0x05df0307, 0x255385c5, 0xfa090000, 0x2f831606, 0x27201782, 
    0x00251785, 0x066e0a07, 0x200f8248, 0x21f78301, 0x3782da04, 0x2f000b2d, 0x02002c40, 0x02040300, 0x49006703, 0x06220d98, 0x97490501, 0x0b002405, 
    0x83110b00, 0x0b072500, 0x13332b1b, 0x39099149, 0x8c03f757, 0x5032fd1c, 0xfd1c9d02, 0xd7025362, 0xa7d2051b, 0xfea719fe, 0xd784a70a, 0x04000031, 
    0x028a07da, 0x005f0026, 0x06070100, 0x441f01cc, 0x572010cf, 0xcb22238e, 0x239f3e02, 0x016d0a23, 0x20239615, 0x236b8776, 0x5f006b0a, 0x57532385, 
    0x21f38509, 0x8f884707, 0xd400ce22, 0xb3884796, 0x016f0a23, 0x20239638, 0x226b8877, 0x91c5016c, 0x4cfe2523, 0xd205da04, 0x00252385, 0x02760a07, 
    0x08ef478f, 0x210a1341, 0xcb986e0a, 0x06238388, 0x965e00cd, 0x85a320cb, 0x0701255f, 0x1801110b, 0x5e208392, 0x7522838c, 0x83897501, 0x88d70821, 
    0x0002223b, 0x895f95d5, 0x980a2123, 0xfe212393, 0x275f8948, 0x6d0a0701, 0x46f9c1ff, 0x5205f746, 0x00230777, 0x8b67fe57, 0xcf062323, 0x239261ff, 
    0x2742a782, 0x27002207, 0x82a7840a, 0x077b414f, 0x934a0220, 0x0857410e, 0x6c212382, 0x05674300, 0xeb520120, 0x06e74109, 0x23083f41, 0xb201710a, 
    0x25111b41, 0xda040000, 0x0b426907, 0x00cf2208, 0x212393b7, 0x03417d05, 0x4b0b2309, 0x27411d01, 0x4c0b211f, 0xfc202396, 0x4d20478a, 0xda222396, 
    0x9341b308, 0x934e2008, 0x5bfe2123, 0x21094f43, 0x07432700, 0x08034105, 0x01b11222, 0x53062741, 0x420809f8, 0xff570003, 0x06da0442, 0x0013008e, 
    0x001b0017, 0x0db04b91, 0x31405850, 0x01010200, 0x0b0f7002, 0x010c0502, 0x06050706, 0x09010e67, 0x0a530907, 0x01040401, 0x0101035f, 0x104d5601, 
    0x0707020d, 0x50085f00, 0x1b2205a2, 0x33823040, 0xaa850221, 0x40593432, 0x14181822, 0x18000014, 0x1a1b181b, 0x14171419, 0x82151617, 0x11132187, 
    0x0b2f0088, 0x37172b1f, 0x37211323, 0x07330733, 0x4d330323, 0x300805e9, 0x21130107, 0x23130303, 0xc556c603, 0x567402f7, 0x1c7256a6, 0x1cfedda2, 
    0x01e5d2fe, 0xd6fd1bf9, 0xdd2d0156, 0x38507afe, 0xbe53cae5, 0xbcd205be, 0x067244bc, 0x0204be35, 0x19fee701, 0xf60163fd, 0x00000afe, 0x00340001, 
    0x44b70400, 0x032008e3, 0x032dc082, 0x04006702, 0x065f0504, 0x56050501, 0x07ee444d, 0x4e005724, 0xe3440000, 0x0301240c, 0x82213721, 0x3c038397, 
    0xfcf7b704, 0xce021c74, 0x1c63fd50, 0xfd539e02, 0xd2051b29, 0x01a72efa, 0xf601a7e7, 0x094f43a7, 0x02d20525, 0x845f0006, 0x00cd240f, 0x82f50500, 
    0x00272477, 0x821b015f, 0x0b062488, 0x43bcb601, 0x43530517, 0x00e92708, 0x05350600, 0x238300fc, 0x23835b20, 0x0e5d0a23, 0x202386dc, 0x06574adc, 
    0x06234782, 0x84dc053e, 0x84642023, 0x085e2123, 0xe424478f, 0x79070000, 0x02212385, 0x0adf509f, 0xdf500120, 0x2023820b, 0x20238690, 0x0ad750b6, 
    0x4783238b, 0x23867f20, 0xaf53a520, 0x20478f0a, 0x20238686, 0x0ac750ac, 0xa620238b, 0x8e22fb82, 0xb3831606, 0x00b40022, 0x0a237882, 0x825dff68, 
    0xff002307, 0x174100ff, 0x00572423, 0x41da0400, 0x1f460a4b, 0x1943460f, 0x4523fb45, 0x00201ad7, 0x28051347, 0x00d205d3, 0x40290009, 0x11134726, 
    0x04010526, 0x4e045704, 0x0923cc82, 0x82110900, 0x0b062200, 0x0a0d471a, 0x03f7573d, 0x39fd1c85, 0x1b830255, 0x056b7dfd, 0x00fea7d2, 0x007cfda7, 
    0x45ff0100, 0x830455fe, 0x84182057, 0x00032957, 0x04030004, 0x02020067, 0x2a07b549, 0x61050000, 0x61050500, 0x82254e05, 0x23152f55, 0x2b1c0b06, 
    0x16163703, 0x37363233, 0x6e473113, 0x07312f08, 0x22230606, 0x1f101abb, 0x0845560b, 0x6e8be230, 0xab151d2f, 0x5efe448d, 0x3302039f, 0x05230132, 
    0x227c8552, 0x47837dab, 0xd3260787, 0x26027707, 0x8e828900, 0x6c0a0724, 0xeb44bd01, 0x24fb820d, 0x04000024, 0x22fb84a0, 0x822b402e, 0x040323e9, 
    0x31430085, 0x82012007, 0x43572035, 0x0122062c, 0x00414f00, 0x1a06220a, 0x092a432b, 0xf7a00438, 0x021c7bfc, 0x7dfd55c7, 0x6b83021b, 0x2efad205, 
    0xa70002a7, 0x3e828402, 0xff8b0033, 0x05ba05ec, 0x002400e6, 0x003b403e, 0x03060302, 0x09d04f02, 0x200ed84e, 0x071a4e07, 0x4e1f2021, 0x24230ada, 
    0x4e082401, 0xda4e0c18, 0x214c0813, 0x06072137, 0xc0020402, 0x6c89fdaf, 0xb62301cc, 0x0389f1a1, 0x9bb016c4, 0x529bdb8a, 0xd47eacd8, 0x7dfe1990, 
    0x1c3c021c, 0xdafec61e, 0x0b019014, 0x4e01b1b9, 0x7b9d0a01, 0xa88f90dc, 0xf6fed880, 0x6adbd38a, 0xa9a681c0, 0x93f3feb8, 0x82077b4b, 0x260223b7, 
    0xc6828d00, 0xd70a0726, 0xb7fe7902, 0x2405a743, 0x35b0b7fe, 0x3bdb862b, 0x94060107, 0x54003200, 0x01135140, 0x010c0203, 0x4c020504, 0x08050400, 
    0x80080405, 0x2608004f, 0x06070008, 0x4f670708, 0x09200e08, 0x2e34ed87, 0x282b2c2d, 0x1c1e2026, 0x1216181b, 0x00080a10, 0x0a320132, 0x1723f18e, 
    0x4f023e37, 0xfe901a0b, 0x47df8e27, 0x955d0202, 0x050f4f55, 0x08565523, 0x220c4142, 0x6756622d, 0x0934705b, 0x32020295, 0x416afe33, 0x07211a17, 
    0x0817418a, 0x9f016d22, 0x4c0d5342, 0xba2006b7, 0x6f22238a, 0x2396c201, 0x47887720, 0x4f026c22, 0xfe222391, 0x83410513, 0x07002508, 0xea01ca06, 
    0x8b08174d, 0xa16e205f, 0xcb062383, 0x5f91c802, 0x05ecff25, 0x874707ba, 0xce062283, 0x066f4901, 0x24064f47, 0x00010000, 0x06bf4271, 0x7e002330, 
    0x040121b5, 0x4b4c0105, 0x585019b0, 0xcb422740, 0x0208291f, 0x005d0000, 0x2b401b4e, 0x0726299a, 0x004d5707, 0x15510404, 0x59200808, 0x00011740, 
    0x1d1e1f20, 0x17191b1c, 0x0c0d0f11, 0x23000709, 0x0b092301, 0x22052b16, 0x36370224, 0x080cd951, 0x0607025a, 0x32331612, 0x37213724, 0x37230321, 
    0xa4020606, 0x6ff9febd, 0x01e12727, 0xeca0c046, 0x16c40385, 0xec829fb8, 0x542020aa, 0x01bc89c5, 0x7bfe2b09, 0x7b3d021b, 0xf74b0c95, 0x5701ba14, 
    0x5701eceb, 0x8fdc7cbb, 0xfe86a88f, 0xfebfc0fa, 0xc7e487f8, 0xdf13fda6, 0xffff8c67, 0x0223f787, 0x42970026, 0x713918ff, 0x0007ecff, 0x33009406, 
    0x0e409b00, 0x02030112, 0x0504010b, 0x07060131, 0x06244103, 0x0a432f20, 0x410a2027, 0x3320072c, 0x092931a2, 0x004d5709, 0x61000606, 0x0541430a, 
    0x1b40593b, 0x2f300001, 0x2b2c2d2e, 0x1f212729, 0x15171a1d, 0x07090f11, 0x33013300, 0x0d38410b, 0x210e4543, 0x53521514, 0x1c474105, 0x45d98b22, 
    0x200d4943, 0x22554141, 0x64556022, 0x22094943, 0x4103026f, 0x00201162, 0x22076341, 0x41008a07, 0x4b430763, 0xff712413, 0x8aba05ec, 0x134b4323, 
    0x77202385, 0x4308ab41, 0x7120134b, 0x85054b43, 0x0a4b436b, 0x4b435f8f, 0x87238613, 0x144b435f, 0x47202385, 0x4b432388, 0x57210813, 0xd8050000, 
    0x0b00d205, 0x24402700, 0x04000100, 0x68040103, 0x00000102, 0x05064d56, 0x57030302, 0x0f8f4903, 0x33133324, 0x03822103, 0x13232408, 0xf7570321, 
    0x0e036bbe, 0xbef7be6b, 0x70f1fc71, 0x7cfdd205, 0x2efa8402, 0x5afda602, 0x00ffff00, 0x835efe04, 0x277f825b, 0x000000a1, 0x0b750a06, 0x2308274f, 
    0x8a07d805, 0x01251785, 0x016d0a07, 0x1007448e, 0x238a9784, 0x23986e20, 0x47887720, 0xaf4e6c20, 0x5bfe2113, 0x6b828389, 0xe7006c22, 0x2511f34c, 
    0xd8050000, 0x47887607, 0xd8006b22, 0x21115b4c, 0x478c44fe, 0x5b006f24, 0x7b4649f9, 0x49f92905, 0x002b35b0, 0x7f000200, 0x2608e482, 0x00d2053c, 
    0x00170013, 0x0c38403b, 0x05030709, 0x0002040a, 0x6800050b, 0x02000b00, 0x67020b01, 0x06060108, 0x58034d56, 0x1723077b, 0x4b141516, 0x0d2a0c87, 
    0x012b1f0b, 0x23032307, 0x03822113, 0x41372321, 0x0737076d, 0x06210721, 0xaa71183c, 0xf1fc71be, 0x75aabe70, 0xbe347816, 0x820e0334, 0xfcd73504, 
    0x0e031ef2, 0xfc989804, 0xfda60200, 0x9800045a, 0xc6fe3a01, 0x98290383, 0x000000b2, 0xfe570001, 0x38bb8355, 0x2b001a00, 0x04002840, 0x04020100, 
    0x01056801, 0x4d200303, 0x21020200, 0x2924824d, 0x06006106, 0x4e062906, 0x00821125, 0x07231526, 0x012b1d07, 0x820af548, 0x05f4418a, 0x2105f748, 
    0xf8481103, 0x835c2007, 0x0704428c, 0x230df848, 0x5afd2602, 0x24071142, 0xff837dab, 0x208782ff, 0x228784c0, 0x82a10026, 0x0a072672, 0x009804da, 
    0x41178900, 0x0025057f, 0x04d90a07, 0x821f821b, 0x000033b7, 0xd2051a08, 0x2d000d00, 0x05002a40, 0x05010200, 0x19826802, 0x075f042f, 0x04040206, 
    0x01034d20, 0x01210101, 0x2212824e, 0x820d000d, 0x260282b8, 0x2b1c0708, 0x41210701, 0xb483063f, 0x1a1a0825, 0x41dcbdfd, 0xa9850536, 0xa0d20526, 
    0xa602cefa, 0x6b859e87, 0x08ecff23, 0x226b82b0, 0x46690019, 0x2025054c, 0x01000400, 0x06284106, 0x004d5625, 0x44590707, 0x022005e1, 0x20084546, 
    0x21229324, 0x09450202, 0x06545706, 0x17405936, 0x15160001, 0x0c0d1012, 0x08090a0b, 0x04050607, 0x19011900, 0x22053e46, 0x83373702, 0x055b41aa, 
    0x644a0620, 0x333a0805, 0x06040603, 0x28ede21a, 0x6ef2fc1e, 0x6dbef7be, 0xc06d0e03, 0x8b811ca9, 0x691cb894, 0xfe296bbe, 0x010114d0, 0x6afdb6f3, 
    0x6cfdd205, 0x02fc9402, 0xa6a195a6, 0x78fd7c02, 0x6753f1f7, 0x05d82706, 0x000602d2, 0xe74b00a1, 0xf3062106, 0x2722d782, 0xff4ca100, 0x3307241b, 
    0x8300fc05, 0x1aff4c23, 0x053c0723, 0x4c2384dc, 0x08211aff, 0x4c238577, 0x08211bff, 0x4c23868e, 0x08211aff, 0x4c23867d, 0x08211aff, 0x4c238684, 
    0x012716ff, 0x07000013, 0x842307d7, 0x60ff20b3, 0x01220aaf, 0xaf60b802, 0x11012107, 0x13202384, 0xb75d238a, 0x5d238305, 0x012106b7, 0x2223829a, 
    0x84160680, 0x00a82723, 0x0a060000, 0x5b415168, 0x00572327, 0x8f410500, 0xfee9220b, 0x0b6b4112, 0x09270025, 0x4e6a03c1, 0x02210a73, 0x06655f01, 
    0x4105b35e, 0x2b840b73, 0x7b4e7320, 0x5e2b830a, 0xe42207df, 0x7b4112fe, 0x212b830b, 0x3362ae04, 0x412b8217, 0x2b840a83, 0x3b62c520, 0x412b8217, 
    0x2b840a8b, 0x4362b420, 0x412b8217, 0x2b840a93, 0x4b62bb20, 0x13012315, 0x9b4112fe, 0x202b840b, 0x1553620e, 0x84110121, 0x08a3412b, 0x5b622b8a, 
    0x57002310, 0xa74512fe, 0x07002509, 0x0f02c109, 0x3105df43, 0x0c020000, 0x0300d205, 0x16401900, 0x01010102, 0x17824d56, 0x34056d50, 0x11030003, 
    0x2b170b03, 0x13230301, 0xbef70c02, 0xfad205f7, 0x202b822e, 0x054f4300, 0x82320421, 0x0026220b, 0x252f82c5, 0x02c50007, 0x17860026, 0x07300323, 
    0x820d8276, 0x07012517, 0xf3fe6b0a, 0x25113346, 0x3a030000, 0x2388d708, 0xf9fee422, 0xd7662385, 0x2d002109, 0xc9209782, 0x46375f85, 0x0a060100, 
    0x0018f1d6, 0x0101b108, 0x35b018b0, 0xffffff2b, 0x8367fe55, 0x234387b7, 0xf5fdcf06, 0x2313bf46, 0x8a071102, 0xcc222388, 0x4f47b3ff, 0xf5022113, 
    0xcb22238a, 0x2393d200, 0x890b0321, 0x6d0a2323, 0x2394a9ff, 0x69071322, 0xcf226b88, 0x23944bff, 0x47070122, 0xce222388, 0x239468ff, 0x6b8a1820, 
    0xccff6f22, 0xff23238f, 0x894cfe81, 0x060024fb, 0x48b8760a, 0x0223083f, 0x41770765, 0x6c220857, 0x3b8f5900, 0x00570025, 0x8a370300, 0x926e205f, 
    0x002d24cb, 0x89b40200, 0xcd062323, 0xc341f2fe, 0x07072214, 0x236b87a3, 0xacff110b, 0x02216b93, 0x2347898b, 0x4600710a, 0x03222390, 0xcb895bfe, 
    0x0a070125, 0x4102ff6c, 0xff2911c7, 0x05ed01f8, 0x020602d2, 0x076342d0, 0x06223384, 0x0f84c500, 0xd382cd20, 0xd2052726, 0xc5002700, 0x8318cb45, 
    0x1f9742f7, 0x4782e920, 0xfc056722, 0xef454784, 0x7003231a, 0x2384dc05, 0x211aef45, 0x2385ab04, 0x211bef45, 0x2386c204, 0x211aef45, 0x2386b104, 
    0x211aef45, 0x2386b804, 0x231aef45, 0x23070b04, 0xef45b384, 0x2023821a, 0x45238a13, 0x002410ef, 0x03000057, 0x841e9b42, 0x1ee34223, 0x82720121, 
    0x068c2247, 0x276b8416, 0x00000080, 0x29680a06, 0x20063746, 0x22c74103, 0x410cfb41, 0x002220d7, 0xf382ff01, 0x05c5033a, 0x000b00d2, 0x03264029, 
    0x02010101, 0x0202005f, 0x01044d56, 0x5f050000, 0x2015415a, 0x055b5523, 0x0321073e, 0x1c010721, 0xfebf0901, 0xcf021cf7, 0xbff8fe1c, 0xa81c0801, 
    0xa8a88204, 0xffa87efb, 0xcb820082, 0x7607e12e, 0xea002602, 0x07010000, 0xa4ff6b0a, 0x840f2b43, 0x08eb227f, 0x222388d7, 0x44aaffe4, 0x23840fef, 
    0x2386a382, 0xd60a0623, 0x0def445c, 0x67feff22, 0x1f86c383, 0xcf060724, 0x2743a6fe, 0x2143850f, 0x23888a07, 0x6400cc22, 0x900f6f43, 0x01cb2123, 
    0x57056364, 0x00200797, 0xc520d386, 0x0a234789, 0x965a006d, 0x88692047, 0xffcf226b, 0x202396fc, 0x22238847, 0x941900ce, 0x8ac92023, 0x006f226b, 
    0x2123917d, 0xfb894cfe, 0x0a070026, 0x00710176, 0x7720a789, 0x22085741, 0x910a016c, 0x0000233b, 0x5f8ae803, 0xcb986e20, 0x22093741, 0x41a3ffcd, 
    0xc52214c3, 0x6b87a307, 0x00110b23, 0x416b945d, 0x71220b37, 0x2391f700, 0x895bfe21, 0x070125cb, 0xb3ff6c0a, 0x2d0fc741, 0x0000e900, 0xfc056805, 
    0xea002700, 0x7757a301, 0x71052319, 0x2384dc05, 0x5705f743, 0x06211477, 0x212385ac, 0x7757e702, 0xc3062119, 0xfe202386, 0x21197757, 0x2386b206, 
    0x7757ed20, 0xb9062119, 0xf4202386, 0x570adb48, 0x01270a77, 0x06000013, 0x8323070c, 0x470221b3, 0x4a0ad348, 0x23820e77, 0x238a1320, 0x24108744, 
    0x0000ffff, 0x20334203, 0xc5212382, 0x1c7b4207, 0x005e0027, 0x06790400, 0x586b8316, 0x15210807, 0x82008200, 0x00cd2661, 0x05280500, 0x211b83d2, 
    0x1f596301, 0x08b34315, 0xea000622, 0x44088f42, 0x00271c0b, 0xff460001, 0x827804ec, 0x00152f57, 0x0028402b, 0x03020301, 0x00800201, 0x18610303, 
    0x04612105, 0x39052652, 0x11120001, 0x06070c0e, 0x15011500, 0x2b160b05, 0x35262205, 0x33373634, 0x1f650606, 0x372b0805, 0x06033313, 0xafca0104, 
    0xbe0d08d5, 0x6473060d, 0xb117a570, 0xfe23b1be, 0xa9b714ed, 0x4e554217, 0x6c661136, 0x28048b8c, 0x84d4d8fb, 0x2777839b, 0x8a077705, 0x0a012602, 
    0x0723cd82, 0x5e026d0a, 0x9b82119f, 0x82020521, 0x2423879b, 0x002a02d6, 0x0575498b, 0x35b08b23, 0x87e3832b, 0x060221bf, 0xff214783, 0x820f8dff, 
    0x005724df, 0x82c00500, 0x000f2d43, 0x0d224025, 0x0203040a, 0x014c0100, 0x5621d582, 0x320b824d, 0x02570202, 0x0000004e, 0x120f000f, 0x0b051116, 
    0x82332b19, 0x033508c9, 0x01373636, 0x23010121, 0x57030501, 0x2f55bff7, 0x024d9249, 0xfd02010d, 0xd1cf013b, 0xf8fe75fe, 0xfed20550, 0x4efafe02, 
    0xe101468f, 0xb3fc7bfd, 0xfeedd702, 0x05a74116, 0x13fe5722, 0xd7826f83, 0x10820f20, 0xca060724, 0xa784a501, 0xef848784, 0x01251782, 0x016e0a07, 
    0x0f8b4356, 0x238e0020, 0x02cb0622, 0x4505876f, 0x00230a0b, 0x895bfe57, 0x2247825f, 0x43af006c, 0x572210af, 0x238b8bfe, 0xffce0623, 0x3d238dba, 
    0xe4000100, 0x02070000, 0x0e00d205, 0x30403300, 0x02050109, 0x02004c01, 0x02040500, 0xb7826705, 0x2905d05c, 0x06074d20, 0x21040402, 0x12824e04, 
    0x0e000e25, 0x4f111211, 0x330806b9, 0x37211321, 0x01330321, 0x23010133, 0x01032301, 0x58fedcb0, 0x6b66021b, 0xe65202d0, 0xc4015dfd, 0xda78fee4, 
    0xa032056f, 0x890277fd, 0x00fd2efd, 0x5cfda402, 0x22071f41, 0x82a905c0, 0x04262277, 0x24108214, 0x04da0a07, 0x34078246, 0x00580001, 0x05ef0500, 
    0x001200ef, 0x10224025, 0x0308090d, 0x065f6b05, 0x5f6b5620, 0x01572105, 0x12358583, 0x111c1200, 0x2b180b04, 0x03331333, 0x36360133, 0x06260717, 
    0x08858307, 0x5803072e, 0x1279bef6, 0xdf65b102, 0x66286355, 0x0112fe42, 0x72fee6e8, 0xd20551db, 0x820223fd, 0x8c441a5e, 0xfe3c0e1d, 0x02cffc3f, 
    0x25fed1ac, 0x26061b4c, 0xd205c005, 0x4c010602, 0x0321087b, 0x249b82e3, 0x401f0005, 0x2995821c, 0x01004d56, 0x03600201, 0x26420201, 0x00052306, 
    0x7d881105, 0x5707212d, 0x02dbbef7, 0xd2051cb2, 0x86a8d6fa, 0xe3032c4f, 0x26028a07, 0x00001901, 0x4b060701, 0xfe2114bb, 0x85638313, 0x07002523, 
    0x5001ca06, 0x2208a74c, 0x871806e3, 0x4f0b2317, 0x1785a801, 0x895bfe21, 0x0701252f, 0x5a006c0a, 0x230dcb41, 0x5700ffff, 0x07212383, 0x203b8647, 
    0x82238527, 0x05cf4b7f, 0x5fb11221, 0xbb6607e7, 0x20338408, 0x23578b8b, 0x65ffce06, 0x48205792, 0x6d227b8c, 0x2391adff, 0x8b000021, 0x450b2523, 
    0xe8ff8700, 0x21056f53, 0x935de8ff, 0x82262006, 0x05fe2623, 0x012600d2, 0x05876319, 0x8600e121, 0x065e24db, 0x83030693, 0x24108217, 0x04a80227, 
    0x82078286, 0x870421e3, 0x01260782, 0x00005700, 0x37822007, 0x27001f27, 0x111b2440, 0x0abb4306, 0x03040523, 0x07954103, 0x1f001f26, 0x11181119, 
    0x2b06595c, 0x17161613, 0x01373636, 0x13230321, 0x0e240782, 0x23010702, 0x2b067576, 0x01f75703, 0x1f0cd30e, 0x1e5d2a0b, 0x38081682, 0x8cbbf70f, 
    0x2a142d0f, 0xfe184854, 0x0ec5a526, 0x2310172a, 0xd2058c0e, 0xc33754fc, 0x36c15c59, 0x2efaac03, 0xf0595303, 0x8ba8566b, 0x03adfc2b, 0x85ed3d53, 
    0xfc54ec6f, 0x06eb41ad, 0x07200727, 0x0126028a, 0x05eb4124, 0x03760320, 0x0cab4305, 0x0721bf83, 0x23238777, 0xdf026c0a, 0x2111f343, 0xe3835bfe, 
    0x01212389, 0x11634188, 0x89c0fe21, 0x07002523, 0x5f05d90a, 0x83053f41, 0xd205235f, 0x83830602, 0x8405034f, 0x450f9427, 0xed2b060b, 0x1600d205, 
    0x21402400, 0x45020612, 0x1624140a, 0x18111600, 0x20070a45, 0x054c4101, 0x33133d08, 0x2e012303, 0x06062702, 0xf7570307, 0x13c001da, 0x1c082549, 
    0xf7be970b, 0x1870fedb, 0x142c3e30, 0x058c091a, 0x2847fcd2, 0xbd7071ae, 0xfa920341, 0x3250032e, 0x9f6f9a70, 0xaefc37d3, 0x2208ff44, 0x826907ed, 
    0x002c28e7, 0x06070100, 0x413c01cf, 0x0025110b, 0x07ed0500, 0x2223888a, 0x91c302cb, 0x13fe2223, 0x85c38205, 0x07002523, 0xe901ca06, 0x3b885f8a, 
    0x016e0a23, 0x8e3b919a, 0x01cc215f, 0x63061b4b, 0x23840b2b, 0x5f857720, 0x0a070125, 0x914a026c, 0x5bfe2147, 0x23838389, 0x41f30021, 0x8b2012b3, 
    0x0623238b, 0x92feffce, 0x8c482023, 0x006d2247, 0x5f238d46, 0x23830507, 0x0025002c, 0x1b254028, 0x0103020f, 0x16514c01, 0x03033606, 0x00004d57, 
    0x00610400, 0x04610404, 0x18112d4e, 0x0b052315, 0x0b065f1b, 0xc0413320, 0x5f232012, 0xce410e12, 0x56012016, 0x05210d25, 0x16dd4152, 0x837dab23, 
    0x06bb5600, 0xd205ed22, 0x2a2fa782, 0x0e192740, 0x01030102, 0x0301044c, 0x834d5603, 0x5fa884ad, 0x182708b0, 0x23131911, 0x561c0b06, 0x372008ba, 
    0x21085d42, 0xb28a1323, 0x06033327, 0x03222306, 0x06c45631, 0x42281b21, 0xbf20096c, 0x220b8542, 0x5f320be2, 0xa3200aca, 0x420a7a42, 0xae220c93, 
    0xab86d5fe, 0x05000022, 0x36050743, 0x111b401e, 0x02000205, 0x01034c01, 0x4d200202, 0x00000101, 0x824e0021, 0x041025a0, 0x212b1a07, 0x20094244, 
    0x088c8313, 0x3636072a, 0x04330137, 0x098dbef6, 0x6d4c1f2b, 0x57fd2954, 0x98bff7e2, 0x441a220b, 0xfc02257a, 0x355203e0, 0x936a94d4, 0xb0fc336f, 
    0x6e287982, 0x6568b442, 0xb9032ea4, 0x42062f44, 0x382806db, 0x07010000, 0xa601cc06, 0x42115742, 0x2384089f, 0x016f0a23, 0x232396bf, 0x01260247, 
    0x06212384, 0x061779ce, 0x230e7744, 0x7607ed05, 0x0a232387, 0x4ce6006b, 0x00230f3f, 0x89c0fe57, 0x2700218f, 0x01276b85, 0x04d90a07, 0x6d000036, 
    0x57200e87, 0x05239783, 0x830602d2, 0x05674473, 0x84ed0521, 0x432c200f, 0xfe28057b, 0x0614085e, 0x01260003, 0x00250f82, 0x06a80227, 0x24438207, 
    0x066c0a07, 0x30078208, 0xff8b0002, 0x05d005ec, 0x001100e6, 0x402d0021, 0x09b9602a, 0x02010524, 0x634a0002, 0x12133007, 0x191b0001, 0x21132112, 
    0x1100080a, 0x5f061101, 0x346c0ec6, 0x32272305, 0x2c6c3636, 0x02440807, 0x02161415, 0x8bfca9bb, 0x2401d06e, 0x8bfaa9b5, 0xddfecf6e, 0x9bde8cae, 
    0x8ca8d551, 0xd6529cde, 0x0d019014, 0x4d01b1bb, 0x909c0801, 0xb2bbf4fe, 0xf7feb3fe, 0xd880b09b, 0xd28b0b01, 0xfed880da, 0xdbd28bf6, 0x2e06735f, 
    0x027607d0, 0x00410126, 0x0a070100, 0x78f0006b, 0xc3850fdb, 0x87690721, 0xcf062323, 0xf36a4801, 0xff732610, 0x06eb05d2, 0x25238500, 0xd50a0700, 
    0xff87c200, 0x065a0636, 0x002200a2, 0x4bd90032, 0x585020b0, 0x04011bb5, 0x1b4c0101, 0x02230783, 0x66594c01, 0x1f380562, 0x01010300, 0x01067003, 
    0x61010404, 0x01010102, 0x01084d5c, 0x61000505, 0x2006dc61, 0x213b841b, 0x26821e40, 0x9b850321, 0x50292425, 0x8a284058, 0x83002025, 0x2530834a, 
    0x02006102, 0x558e5602, 0x84264021, 0x0400222a, 0x241e8604, 0x01060600, 0x8c338461, 0x59593a7e, 0x24194059, 0x2c000123, 0x2432232a, 0x16181a32, 
    0x0e101215, 0x01220008, 0x0d7d7022, 0x31333236, 0x33031e32, 0x33373732, 0x22230607, 0x15161627, 0x04020214, 0x3219ba41, 0x3c2f0304, 0x667e4d37, 
    0xaa1f0312, 0x1eaa1c1e, 0x41504921, 0x042b1aca, 0x12040606, 0x05aab6be, 0x418cdf4d, 0x836214d2, 0x07d02207, 0x08af418a, 0xb001cc22, 0x2310af41, 
    0x05ecff8b, 0xcb22238b, 0x239fcf02, 0x436d0a21, 0x5f6906b7, 0x2047850b, 0x226b8847, 0xa06501ce, 0x746f2047, 0x4791063b, 0xba20b389, 0x8f6b4787, 
    0x21b38e0a, 0x8f936e0a, 0x054cfe25, 0x85e605d0, 0x07002b8f, 0x7102060b, 0xffff0000, 0x17838b00, 0xa7860720, 0x85270021, 0x07012217, 0x20af8706, 
    0x0a074703, 0x0623678e, 0x43ef00cd, 0xa3201613, 0x01246785, 0x01110b07, 0x90058756, 0x430820d3, 0x0a230837, 0x7ef600e8, 0x5b430f33, 0x23238905, 
    0x4e01380b, 0x77206b96, 0x2108a343, 0x3f4d026c, 0x226b9b05, 0x957002e7, 0xd7082147, 0xec204788, 0x08216b97, 0x20d7889f, 0x58238736, 0x8b240a0f, 
    0xd005ecff, 0x0b234789, 0xa0660102, 0x9398206b, 0x5bfe2123, 0x2509ab41, 0x6c0a0701, 0xc76eff00, 0x0e8b4110, 0x02710a23, 0x135f4243, 0x8a0e0621, 
    0x014b228f, 0x218f9fae, 0x23a24c0b, 0x23984d20, 0x1f41b320, 0x934e2008, 0x43d78323, 0x0021077f, 0x05374327, 0x877edf88, 0x82002014, 0x5a0621e7, 
    0x45253384, 0x07010000, 0x168f4306, 0xd743238c, 0x41238b16, 0x5a22182f, 0xc3826907, 0xcf456b85, 0xfe8b2613, 0x065a065b, 0x412387a2, 0x7324149b, 
    0xeb05d2ff, 0xd522e78a, 0xbb8cc200, 0x33105343, 0x0602e605, 0x00004101, 0xcd00ffff, 0xa106ecff, 0x2700e605, 0xd1200f82, 0x5c0ad351, 0xe9200b2f, 
    0xe1222382, 0x2383fc05, 0x53110121, 0x7f5c0a7b, 0x2023820c, 0x214785ea, 0x775c1a01, 0xecff2317, 0x23852508, 0x5c550221, 0x2382176f, 0x23863c20, 
    0x675c6c20, 0x20238217, 0x5823862b, 0xa37e0593, 0x20238212, 0x20238632, 0x0a7b5362, 0x7f020221, 0x0121080f, 0x22b38209, 0x8416069d, 0x00cd2afb, 
    0x0a060000, 0x0000c068, 0x0a2b4803, 0x50061b7a, 0xc8770895, 0x4d342406, 0x77040107, 0x353006c9, 0x1c1d4e00, 0x20210001, 0x251d251c, 0x12131719, 
    0x21053948, 0xcd770808, 0x0539480d, 0x36210122, 0x26066474, 0x36363201, 0x48062137, 0xfd32133d, 0x04b203f2, 0xe592a8d5, 0x923a019c, 0xfc259be4, 
    0x4548034e, 0x4c033015, 0xdad22929, 0xd9fce88b, 0x288be78a, 0x41dbd227, 0x8b2026cf, 0x42050b49, 0x0f840803, 0x21237b48, 0x3382e605, 0x46006f21, 
    0x0f8f08db, 0x1f824384, 0x200abf48, 0x07374603, 0x0002003b, 0x07000073, 0x00d205ae, 0x001d0012, 0x003c403f, 0x05040003, 0x06670403, 0x08526b01, 
    0x02070924, 0xbc6e0505, 0x13132a08, 0x1d130001, 0x14161c13, 0xe3461811, 0x00072907, 0x0a120112, 0x212b160b, 0x72074e67, 0x252409d4, 0x06222313, 
    0x2d050b66, 0xfec4ac02, 0x25256cf7, 0xc34601dc, 0xe9720c04, 0x86fc330c, 0xf18f7fc1, 0x4d1d1da5, 0x01bb90c2, 0x01e1de4f, 0x886eba4f, 0x04a02a06, 
    0xf9fe9292, 0xf9feaeb1, 0x08af7593, 0xaf821020, 0x17000c26, 0x28402b00, 0x0129af82, 0x67010302, 0x00040400, 0x2220825f, 0x51054d56, 0x172c0795, 
    0x000d0f15, 0x260c000c, 0x180b0621, 0x0807137c, 0x23020e3d, 0x21130321, 0x37363632, 0x23262636, 0x01f75721, 0x4bccadfe, 0xf6911516, 0x59befeae, 
    0x79380175, 0x0e0e579d, 0xfe78832a, 0x7dd205ca, 0xd98585d6, 0x02e5fd81, 0x568e53c2, 0x4a518a57, 0x102606e3, 0x26028a07, 0xcf437701, 0x454b2006, 
    0x57261073, 0x10050000, 0x23877707, 0x016c0a22, 0x4605ab5d, 0x77760893, 0x3ec78306, 0x001f0010, 0x1f3a403d, 0x0403121e, 0x02090c03, 0x0a0b0401, 
    0x03010202, 0x0004004c, 0x82040201, 0x030321d9, 0x2020d984, 0x2130d984, 0x00004e02, 0x181a1b1d, 0x10001000, 0x0706212a, 0x0626d988, 0x07170706, 
    0xde820627, 0x87170121, 0x210324dd, 0x87273732, 0x701327e2, 0x5b8c545f, 0xe6827362, 0x60510225, 0x850b3a32, 0x016625e5, 0x57333c38, 0x732eeb84, 
    0x569441c4, 0xe5fd1fa2, 0x2baabe03, 0xf0824476, 0x0b97fd24, 0x0082009b, 0x9700023f, 0x28060000, 0x1700d205, 0x3a002200, 0x01113740, 0x01074a00, 
    0x03050304, 0x00800504, 0x24aa8205, 0x06670105, 0x22ab8601, 0x51004d56, 0x22210684, 0x29aa8220, 0x22170017, 0x08332611, 0x437c1a0b, 0x020e210a, 
    0x2321aa82, 0x093e7c13, 0x76069141, 0x5b2005b3, 0x200a9441, 0x07317cbe, 0x9d415920, 0x5a04240b, 0x419a944a, 0x052707a0, 0x4841a7d2, 0x4168fe48, 
    0x574d05a6, 0x05102607, 0x010602d2, 0x08476377, 0xdc059528, 0x77012700, 0x0b458501, 0x02003e13, 0x74ff8b00, 0xe605d005, 0x2a001600, 0x42404500, 
    0x0502192a, 0x02111403, 0x4c020500, 0x82e78200, 0x828020ed, 0x86022425, 0x4b040400, 0x00240607, 0x62000505, 0x24083b7c, 0x1f212729, 0x056d4418, 
    0x16011622, 0x2f0f3b7c, 0x02141512, 0x23130706, 0x03060627, 0x023e1733, 0x26067444, 0x16141502, 0x4c373233, 0x562d0caf, 0xb69973a2, 0x27924269, 
    0x785672b6, 0x06b44c3e, 0x5c67a922, 0x300eb74c, 0xfad7fe9d, 0xb6fbfe56, 0xe601201e, 0xeccb46bf, 0x08bc4c7a, 0x0000262a, 0x75000200, 0x040655fe, 
    0x2330cf82, 0x78003300, 0x11210b40, 0x09060502, 0x02000101, 0x21064a6a, 0x8a820022, 0x04076125, 0x4c030302, 0x02260551, 0x02020061, 0x3c824d60, 
    0x612bdf84, 0x401b4e01, 0x04010726, 0x844d5604, 0x9900202a, 0x40593b28, 0x00242515, 0x242b2d00, 0x00332533, 0x27230023, 0x09342328, 0x012b1a0b, 
    0x18650703, 0x06072b05, 0x37262223, 0x23373337, 0x09820406, 0x36370233, 0x33363612, 0x33171632, 0x36320137, 0x02363712, 0x072b4426, 0x04066508, 
    0x42091df7, 0x101f0d52, 0x89452619, 0x011c1583, 0xfe4d0b26, 0xfbb895ff, 0x881a2269, 0x998efdcb, 0x260c23d3, 0xdfa063fd, 0x331b1c88, 0xe5879aab, 
    0x461d1c9c, 0xfad205b2, 0x3035ab2e, 0x09960202, 0xebab8080, 0x01c1877c, 0x01a8e058, 0x8572d01b, 0xcafae574, 0xa70c019b, 0xa10d01a2, 0xaef4fe98, 
    0x90f8feb4, 0x26084f44, 0x00d20512, 0x56190010, 0x022105f1, 0xbb4a1804, 0x00672208, 0x71401805, 0x03062107, 0x07c04a18, 0x13171923, 0x262d8211, 
    0x21173110, 0x18190b07, 0x230a6b40, 0x06032313, 0x21065c44, 0x5a443637, 0xb02e0806, 0x191649cd, 0xdce996ab, 0xfe1111d7, 0x017c60bf, 0x16aeb337, 
    0xfeac8417, 0x78d205ca, 0xdc9384d0, 0x029bfd32, 0xbefd0143, 0x8299eb02, 0x5f449a8b, 0x07122706, 0x0126028a, 0xeb480080, 0x05675205, 0x210db775, 
    0xb3820513, 0x00252385, 0x01ca0607, 0x08eb528a, 0x0a233b8a, 0x4421016e, 0x238a149b, 0x00cd0623, 0x100f4a6a, 0x00005726, 0xa3071205, 0x01255f85, 
    0x01110b07, 0x20479624, 0x23238777, 0xd1016c0a, 0xfe212391, 0x25a7895b, 0x6c0a0701, 0xc34a9400, 0x83572010, 0x47072123, 0x00214785, 0x25238527, 
    0xce060701, 0x4f82e000, 0x7e751220, 0x49b12008, 0xa3560730, 0x23578b05, 0x9fffce06, 0x4208578d, 0x57000300, 0x1405a0fe, 0x1a001807, 0x26002000, 
    0x4a404d00, 0x05020117, 0x021c2204, 0x01070506, 0x4c030601, 0x0318191a, 0x010f4a04, 0x01034900, 0x86000100, 0x05000400, 0x67050406, 0x01060107, 
    0x82570601, 0x01062306, 0x0a82025f, 0x4f013e08, 0x201b1b1b, 0x2127201b, 0x18211411, 0x2b1c0608, 0x16160701, 0x07060607, 0x06032313, 0x27012323, 
    0x23032301, 0x17322113, 0x03372537, 0x21232613, 0x36030103, 0x04363736, 0x5e81699e, 0x07fe4118, 0xfe092508, 0x97016c5f, 0xf7be60c2, 0x3b45fe01, 
    0x3ad6fe3c, 0x322aff95, 0x025fcafe, 0x9899ef58, 0x94061e14, 0x91df35e9, 0x08071142, 0x185efc47, 0xbefd8a03, 0x860ad205, 0xd3fb6c5e, 0xfd073902, 
    0xfd1602c0, 0x78960bec, 0x000000b5, 0x00580002, 0x05470500, 0x001600d2, 0x40420021, 0x0401083f, 0x0c0f1201, 0x04020409, 0x01004c02, 0x01060406, 
    0x03058004, 0x200e8202, 0x252f8286, 0x07000607, 0x13820067, 0x00570638, 0x5f040606, 0x04060400, 0x1121264f, 0x18121212, 0x1e060820, 0x4118012b, 
    0x172707d7, 0x13013337, 0x82072723, 0x032122d6, 0x82168223, 0x2e4008c8, 0x01252302, 0xb1f8014e, 0x1a1546c9, 0xa84f96be, 0xbadcfecd, 0xd3a266d5, 
    0xfe8d2401, 0x01be5fb1, 0xbc28013a, 0x050714ad, 0xfe697432, 0x7dd205c7, 0xd59f7fd0, 0xfebb8c32, 0xb6b9feb8, 0xfb4501b6, 0xed27bb82, 0x632a7d9e, 
    0x83013b5a, 0x821e20bb, 0x822420bb, 0x00142ebb, 0x4037001d, 0x00010d34, 0x064c0101, 0x27c28201, 0x00010300, 0x07070067, 0x2006f860, 0x08c16c08, 
    0x2d07f67c, 0x11211731, 0x1b0b0911, 0x2313332b, 0x43183337, 0x7b4308e7, 0x6069270f, 0x7cac1aab, 0x7f43fe01, 0x46022419, 0x43ea02a2, 0x2f081282, 
    0x00010000, 0x05e6ff4b, 0x00e60503, 0x403b0031, 0x05040038, 0x01040501, 0x02010080, 0x7e020105, 0x03050500, 0x03030061, 0x02004d5c, 0x06610002, 
    0x6032d082, 0x00014e00, 0x1d1e2022, 0x080a181a, 0x31000405, 0xfb453101, 0x37262606, 0x16160633, 0x066d4833, 0x26272732, 0x023e3726, 0x16163233, 
    0x26362307, 0x07062223, 0x65081d82, 0x031e1717, 0x02020e07, 0x70e4a03f, 0x5006c30c, 0xac65588f, 0x410c0d72, 0xa0ac4e7c, 0x9f1419b5, 0xd99191f2, 
    0x05b90f6f, 0xc69186a2, 0x7d4f0d12, 0x87388e35, 0x14113e76, 0x671afc97, 0x6d547dbc, 0x50774235, 0x173a5948, 0x9cb82f33, 0x6769be7e, 0x786c72b3, 
    0x604e6888, 0x10291035, 0x69905c37, 0x0072c47a, 0xd385ffff, 0x028a0725, 0x828d0126, 0x060723e2, 0x4b4f02cb, 0x0b1f5405, 0x2389f784, 0x016d0a23, 
    0x10675425, 0x5efe4b26, 0xe6050305, 0x00264785, 0x01750a07, 0x5f920087, 0x946e0a21, 0x8b13203b, 0xca06233b, 0x3b8a7501, 0x53857720, 0x0a070124, 
    0x437b016c, 0x0a775006, 0x5bfe4b22, 0x23833b89, 0x577f0021, 0xe3880d13, 0x4785ec20, 0x0b070025, 0x89680147, 0xa008215f, 0x01251785, 0x01320b07, 
    0x10f7542f, 0x07205f84, 0x00238386, 0x836c0a27, 0x5b8b885f, 0x4b20152b, 0x08052742, 0x01060227, 0x0000008d, 0xff460001, 0x05f004e6, 0x002f00e6, 
    0x0038403b, 0x01050102, 0x00800502, 0x05010405, 0x01007e04, 0x07374201, 0x3207a54c, 0x014e0060, 0x292c2d00, 0x15181a27, 0x00101214, 0x422f012f, 
    0x3e260837, 0x3e373703, 0x25423702, 0x42232005, 0x06250634, 0x0e070706, 0x054e4702, 0x37365d08, 0x02040633, 0x5ddfae30, 0x926c1114, 0x3b9c409b, 
    0x110c6f8e, 0xd7888c8f, 0xa117ba1e, 0xd79192f3, 0xee191568, 0x9053bdb5, 0xa8130c60, 0x7da85895, 0xfe2cc315, 0xc4741abe, 0x5c8f6878, 0x10291138, 
    0x6b4e6036, 0x716b7984, 0xbd6968b3, 0x31bb987e, 0x5a3a1633, 0x358f7949, 0xe5bb546d, 0xcf82ce82, 0x0000582c, 0xd2054e05, 0x31001f00, 0x0f822e40, 
    0x01030423, 0x0a134704, 0x03030027, 0x06075f02, 0x0a6f5b02, 0x21242233, 0x08231226, 0x332b1c0b, 0x33363613, 0x1e010721, 0x25b28202, 0x33372323, 
    0xcd833632, 0x37234308, 0x07222101, 0x20b45803, 0x6502c3fa, 0x8c53fe1b, 0x15155dca, 0xed8ff1a0, 0xbd8fed1b, 0x8f8d1615, 0xa60118b8, 0x22dd62fe, 
    0xc34204b8, 0x21fea0cd, 0x80b86402, 0xa670c580, 0x9381828d, 0xd4cf0192, 0x9c82aafb, 0xe2000122, 0x64209b82, 0x07299b82, 0x1e402100, 0x01020304, 
    0x1b481801, 0x05bb5f09, 0x00072308, 0x11111107, 0x2b190b05, 0x07213713, 0x13230321, 0x66041ce2, 0xdb2dfe1c, 0x2b05dbbe, 0xd5faa7a7, 0x4a822b05, 
    0x00ffff26, 0x055efee2, 0x02234b82, 0x829b0126, 0x0a072710, 0x008f0175, 0x1782ff00, 0x05000025, 0x858a0764, 0x07012517, 0x2e016e0a, 0x22100f43, 
    0x8b13fee2, 0xca06233b, 0x3b8a7d01, 0x3b887720, 0xde016c22, 0x5b203b92, 0x5f823b89, 0x87006c22, 0x2210d342, 0x8b8bfee2, 0xce062323, 0x239092ff, 
    0x48feb822, 0x6d22478c, 0x238ddaff, 0x00010023, 0x33cb829c, 0x00d20568, 0x402a000f, 0x04010527, 0x04010201, 0x01038002, 0x27113741, 0x210f000f, 
    0x06231111, 0x3008ad4b, 0x23032107, 0x06222313, 0x0c9c0707, 0x039eb018, 0x0543415a, 0x4a43c836, 0x5a040c0c, 0xa79a944a, 0x2b05d5fa, 0x00484841, 
    0xdc010100, 0x27089741, 0x00234026, 0x86020102, 0x00221583, 0x06820057, 0x03045f27, 0x01000102, 0x410b824f, 0x0623069c, 0x41012b19, 0x0224069c, 
    0xfd021d4a, 0x200f9d41, 0x079b4101, 0x00140025, 0x821e4021, 0x030226b5, 0x0303005f, 0x08a34a56, 0x4e015b3b, 0x21161111, 0x1b0b0523, 0x0607212b, 
    0x07333716, 0x26262223, 0x13333737, 0x31598421, 0x0e148e02, 0x1a364660, 0x42835162, 0xdb021410, 0x05422bfe, 0x57782806, 0x43a00134, 0x427a6184, 
    0x0036050c, 0xff880002, 0x06640542, 0x0010008e, 0xb5630013, 0x0005010f, 0x81574c01, 0x01022d07, 0x08700201, 0x06050601, 0x02040786, 0x0320cc83, 
    0x2805846c, 0x05570505, 0x1e401b4e, 0x20eb8200, 0x26209885, 0x00114059, 0x82121300, 0x1210225a, 0x26008211, 0x1c0b0912, 0x8301172b, 0x2eb182a3, 
    0x01210733, 0x03372303, 0x88233701, 0x826bc401, 0x022508a2, 0x62a662f8, 0xfdfe1cc8, 0xbe7bd0fe, 0x3402d123, 0x03be2a3d, 0xa7890260, 0xfda7bcbc, 
    0xd11afdbb, 0x750571fe, 0x07a34274, 0x02d20526, 0x009b0106, 0x002d9582, 0x05e8ff93, 0x00d205d9, 0x40240014, 0x24a28621, 0x62000202, 0x07a84604, 
    0x0b0f1029, 0x00050609, 0x63140114, 0x262506b0, 0x03331337, 0x05a54606, 0x2c080983, 0xa5020406, 0x196bf4b3, 0x1ba1bea2, 0xc47bb0ac, 0xbe9f127f, 
    0xfeb519a3, 0xf48d18ea, 0xfcd00399, 0x62c9a332, 0xc1036daa, 0xed9a23fc, 0x31738786, 0xa206b206, 0x30001c00, 0x04002d40, 0x04020500, 0x7b8a6905, 
    0x23082447, 0x13141617, 0x1c227f86, 0xec441c01, 0x587f8b08, 0x2322061c, 0x87920603, 0x0858b920, 0x8b0d2106, 0x12258f92, 0xfcaab6be, 0x219384b3, 
    0x0741ffff, 0x8a072605, 0xa8012602, 0x05575b00, 0x2411f75d, 0x05e8ff93, 0x22238ad9, 0x43b902cb, 0x238e10a3, 0x016d0a23, 0x20239690, 0x236b8776, 
    0xda006b0a, 0x85105f46, 0x88692047, 0x01cf228f, 0x20479632, 0x21238847, 0xbf7901ce, 0x218f8f11, 0x2b6e016f, 0x20238511, 0x274785fa, 0xf50a0700, 
    0x0000c901, 0x20121341, 0x525f87ba, 0x2383070f, 0x054cfe25, 0x87d205d9, 0x070b233b, 0x3b930d02, 0x416e0a21, 0x08201707, 0x0a23e388, 0x85e000e8, 
    0x0a1f57e3, 0x08219b84, 0x082b41d7, 0x23a2e420, 0x23a2ed20, 0x2397e920, 0x220adf41, 0x41d900cd, 0xa3201697, 0x0b238f87, 0x41930111, 0xfe211197, 
    0x0913415b, 0x0a070124, 0x7b48ff6b, 0x18022006, 0x23081356, 0x67fe9300, 0x0623238b, 0x45dcffcf, 0xff210d83, 0x202382ff, 0x22478c48, 0x913c006d, 
    0xe8ff2323, 0x1f41d905, 0x01ec220a, 0x21b39538, 0x43419f08, 0x01eb2208, 0x11674150, 0x6c22b38e, 0x6b95e900, 0x23091f41, 0x2d02710a, 0xff23fb91, 
    0x84b206e8, 0x00a92123, 0x43058f4e, 0x238c1423, 0x6361cc20, 0x8d932012, 0x206b9a47, 0x85d78269, 0x1423436b, 0x065bfe25, 0x87a206b2, 0x900a2023, 
    0x020023d7, 0x6b821a00, 0x05262e08, 0x001600d2, 0x40350020, 0x05070a32, 0x02080303, 0x03090002, 0x01066800, 0x4d560404, 0x01090900, 0x01010061, 
    0x004e0160, 0x181b1d00, 0x212b8217, 0x00821116, 0x1124142d, 0x2b1d0b0b, 0x07230701, 0x46040606, 0xc4770549, 0x0628450c, 0x12260636, 0xb51928b6, 
    0xb3adeafe, 0x26196bf4, 0x68ba12b8, 0x0e0367be, 0xd2230482, 0x4526f1fc, 0x032f0637, 0x9af37860, 0xf48d86ed, 0x0278e699, 0x838efd72, 0xe4783003, 
    0xaa62c9a3, 0x0000006d, 0x00ce0001, 0x82eb0500, 0x000c26a7, 0x061e4021, 0x09766301, 0x59660320, 0x000c2b08, 0x0411180c, 0x212b180b, 0xc1643301, 
    0x01333107, 0xd3fefb01, 0x2010a9c8, 0x266b4714, 0xfccac601, 0xfc2e4482, 0x9dd6528c, 0x034bde9c, 0x002efa74, 0x5b85ffff, 0x0269072d, 0x00c80126, 
    0x06070100, 0x41fa00cf, 0xce2210db, 0x7f835bfe, 0x0a232387, 0x42b1006c, 0xa3850d23, 0x05480832, 0x001c00d2, 0x19244027, 0x0303050e, 0x024c0100, 
    0x0024ab82, 0x04054d56, 0x2c08607a, 0x111c001c, 0x06111718, 0x212b1a0b, 0x23a98203, 0x37363617, 0x6a65b18b, 0x07430805, 0x9f6d0101, 0x061154c2, 
    0x01294e24, 0x0958d889, 0x4d24040d, 0xc4820128, 0x63dd71fd, 0x3e010908, 0x0564fe42, 0xc06efcd2, 0x60c567cc, 0x6efc9203, 0x6666c25e, 0x92035ec2, 
    0xb0032efa, 0xb664a049, 0x8550fc97, 0x480823db, 0xb7828a07, 0xdb83cb20, 0x026d0a23, 0x21db9187, 0x238b0000, 0x02cc0623, 0x2123a091, 0x0b5e03cb, 
    0x0b134d05, 0x4784ce20, 0x6b887620, 0xe7506b20, 0x45012006, 0x23850a33, 0x23887720, 0x37036c22, 0xfe256b91, 0x0548085b, 0x212389d2, 0x6b41e001, 
    0xdcff320f, 0xba050000, 0x1a00d205, 0x23402600, 0x01080f15, 0x14896504, 0x1a001a37, 0x05121a12, 0x232b190b, 0x13330101, 0x3e17021e, 0x33013702, 
    0x05cf6601, 0x020e4508, 0x02240107, 0xd384fe94, 0x212c20a2, 0x4a3e2412, 0xe0100136, 0x920193fd, 0x312bc6d3, 0x443b201a, 0x02bafe2f, 0xfed702fb, 
    0x535a3fc4, 0x5a543535, 0xfd3c013e, 0x01fffc2f, 0x496b527a, 0x36524e30, 0xffff86fe, 0x07208b85, 0xd228d383, 0x07010000, 0x00026c0a, 0x2386d38f, 
    0xd3827620, 0x6b212385, 0x06634700, 0x23091b41, 0xc0fedcff, 0x2621d384, 0x28238201, 0xda0a0700, 0x00004e04, 0x215f82ff, 0x178c54fe, 0xbd03dc22, 
    0x03411785, 0x06022105, 0x23432f84, 0x05d42b05, 0x000e00d2, 0x071f4022, 0x24430201, 0x000e2a13, 0x0412180e, 0x212b180b, 0x0b734213, 0x01032808, 
    0x6efe65fb, 0x2c1bd7ce, 0x2e502b12, 0xfde97601, 0x6202654a, 0x1ffe7003, 0x4846703e, 0xe1013b71, 0x9efd90fc, 0x82000100, 0x22062e99, 0x0f00f705, 
    0x19401c00, 0x0207080f, 0x08626a04, 0x01010028, 0x1c4e0157, 0x5d820210, 0x01331322, 0x0809596a, 0x13230328, 0x2b01d8d2, 0x5f9b0111, 0x314962e0, 
    0x09fe3265, 0x0566be65, 0x024cfdd2, 0x313f7d1d, 0x41191699, 0x9dfd7afd, 0xaf426302, 0xd4052805, 0x26028a07, 0x4500d801, 0x76200543, 0x210f4b41, 
    0xf782ce00, 0x0a23238a, 0x964d016d, 0x87762023, 0x6b0a2347, 0x1b469700, 0x20478510, 0x226b8847, 0x960c01ce, 0x88772047, 0x016c2247, 0x892396fd, 
    0x01cc22b3, 0x25239157, 0xd4055bfe, 0x4789d205, 0xeb710020, 0x22d79010, 0x91ea0171, 0x20fb8447, 0x20b38869, 0x065360cf, 0x23088743, 0x5a000200, 
    0x05312383, 0x001100d2, 0x4035001a, 0x02061732, 0x4c010001, 0x07da4509, 0xda450120, 0x82012009, 0x004e24a9, 0x82121300, 0x8311202b, 0x12123b00, 
    0x1d0b0a11, 0x2107012b, 0x13230301, 0x33372103, 0x21133303, 0x05033313, 0xc7681721, 0xba053b05, 0xfedefe14, 0x65be659a, 0x14c9fecf, 0x89ce8cec, 
    0xe9eed801, 0xfebdfef1, 0x3d4219ba, 0xa0042f05, 0xfd3afe78, 0x0162029e, 0x320178c6, 0x0383cefe, 0x42377821, 0x00200547, 0x26076f45, 0x02d205d4, 
    0x84d80106, 0x00cd240f, 0x826f0700, 0x012724af, 0x6f9b01d8, 0x1b411597, 0x1dcf4106, 0xb8234783, 0x8300dc05, 0x18e42047, 0x8216b748, 0x0a092123, 
    0x03212385, 0x0a9f5d36, 0x0e6f4818, 0x86000921, 0x702c2023, 0x112616f7, 0x53080000, 0x6b831307, 0x847f0221, 0x10d37023, 0x2110cf41, 0x4b61016f, 
    0x0e334505, 0x07d40522, 0x271c8342, 0x00001501, 0x16064607, 0x7228d784, 0x06000000, 0x00cc680a, 0x4105cf70, 0xfe212137, 0x0977424c, 0x0a070025, 
    0x825c0176, 0x00012e41, 0x05000026, 0x00d20522, 0x40250009, 0x20118322, 0xc951185f, 0x5f032807, 0x03030104, 0x824e0357, 0x092a0815, 0x11120900, 
    0x190b0512, 0x0137332b, 0x07213721, 0x26072101, 0xfce30317, 0x0d041cd9, 0x031cfc17, 0x04861c27, 0xfb88a7a5, 0x8f82a75d, 0x07255384, 0x0126028a, 
    0x06bb43f0, 0xbf424520, 0x20238510, 0x22238777, 0x79016c0a, 0x9b85100b, 0x0a234789, 0x961c016e, 0x216b8847, 0x23936d0a, 0x835bfe21, 0x216b89e3, 
    0x47466f00, 0x21b3830d, 0x238b8bfe, 0xffce0623, 0x25238d7a, 0x26000100, 0x238355fe, 0x2006455d, 0x08564f02, 0x07035818, 0x00004d23, 0x07986900, 
    0x11122423, 0x0e986912, 0x3a412120, 0x06073008, 0x02222306, 0x1f101a62, 0x094a500b, 0x41b2fc1b, 0x1d2c0d4a, 0x4489ae16, 0x039f5efe, 0xa3362f02, 
    0x23075741, 0x008080ab, 0x21075b41, 0xcb85d205, 0x0b070026, 0x00bc0043, 0x0622178b, 0x8582f001, 0x5435ab83, 0xd2052105, 0x39001b00, 0x010f3640, 
    0x01180201, 0x4c020104, 0x08b58900, 0x57010127, 0x0404004d, 0x01056100, 0x00610000, 0x1600014e, 0x0b0c0d14, 0x0006080a, 0x061b011b, 0x012b160b, 
    0x23042e22, 0x25b58623, 0x3233041e, 0xb9823736, 0x4d550329, 0x695b5e73, 0x84685d88, 0x1d2908b5, 0xfc160b04, 0x658e6b13, 0x294f6c5b, 0x191c223f, 
    0x3e54fe5c, 0x3e616e61, 0xa7a60485, 0x154bfb87, 0x466c755f, 0x0aa7070b, 0x08978208, 0x4b000227, 0xa704e8ff, 0x16006c04, 0xa6002400, 0x04010cb5, 
    0x4b4c0106, 0x585015b0, 0x04002140, 0x04060506, 0x06008005, 0x05b26706, 0x5c675f20, 0x07032b06, 0x60000002, 0x4b1b4e00, 0x288224b0, 0x28922520, 
    0x03030023, 0x0a8a6757, 0x40212c83, 0x23278829, 0x4d590202, 0x00245584, 0x4d5f0101, 0x59392b91, 0x18194059, 0x1e000117, 0x1824171c, 0x11121324, 
    0x090e0f10, 0x01160007, 0x078c6716, 0x12363732, 0x16323336, 0x37331716, 0x37230333, 0x27020e23, 0x08059c53, 0x0606224b, 0x16160607, 0xbe8be101, 
    0xa41e1d4d, 0x746c8bee, 0x1d0f0e35, 0x1cafb9b5, 0x8c561915, 0x1fc79932, 0x6b997b1f, 0x131365a1, 0x8f187c28, 0xb2b10501, 0x478c0101, 0xfbb31f5b, 
    0x5d21ada2, 0xbaeca147, 0xba6fe2ba, 0x71c07573, 0x05135600, 0xa704e830, 0x26021606, 0x0000fb01, 0xcb060700, 0x1793f501, 0x006f0a23, 0x211789ef, 
    0x2f876307, 0x00480b23, 0x211785f3, 0x478a5bfe, 0x2f852720, 0x0a070125, 0x185c006c, 0x410f1f5b, 0x07210593, 0x22438862, 0x93ee0049, 0xf70a215b, 
    0xff205b87, 0x0721a382, 0x202f883e, 0x89178b4a, 0x6e0a23bb, 0xbb94cc00, 0x17896d20, 0x8a340521, 0x004b22bb, 0x84bb94d4, 0x89bb9c2f, 0x874c20ff, 
    0x20a38243, 0x205b8ab3, 0x22178a4d, 0x883f07a7, 0x8b4e20bb, 0x24bb8817, 0x15cd0606, 0x20bb8a00, 0x232f8602, 0x166b0a06, 0xf520178b, 0xe8211788, 
    0x20178b1c, 0x24178603, 0x016c0a07, 0x21d3897c, 0x17856c04, 0x0220cb8a, 0x0a375218, 0xb3824b20, 0x8706a721, 0x0a072453, 0x419601e7, 0x0623133f, 
    0x93d600cc, 0x710a2317, 0x178a6901, 0xe3882f20, 0xcf001122, 0x05211789, 0x085b42d3, 0x8b00ce22, 0xfe231785, 0x87a70456, 0x0700259b, 0x9002080b, 
    0x06212f89, 0x22cb889c, 0x94e0018b, 0x01702217, 0x21178942, 0x2f856907, 0x0b07012f, 0xfe470135, 0xb109008c, 0xfeb80302, 0x06bf728c, 0x4cfe4b24, 
    0x5388a704, 0x840a2721, 0x0700253b, 0x9102760a, 0xfd214385, 0x238b8bf0, 0x4c01150a, 0x05205b89, 0x23086f41, 0x006ecf06, 0x02280082, 0xf2ff4200, 
    0x76049f04, 0x21084f44, 0x4f440406, 0x0605310a, 0x80060405, 0x05050108, 0x07036100, 0x5f000002, 0x25050644, 0x01010102, 0x4f44015d, 0x2328850a, 
    0x59030300, 0x8e0a4444, 0x2940232c, 0x27970400, 0x57020222, 0x00205985, 0x4f445884, 0x3201381d, 0x06071216, 0x22230602, 0x23272626, 0x33132307, 
    0x023e3307, 0x58062217, 0x362a07a5, 0x08032626, 0x1e4ebd8c, 0x4f44a51d, 0xa06c3616, 0x29141365, 0x8f76047b, 0xb1b2fcfe, 0x478cfefe, 0x04b31e5c, 
    0x0950445e, 0x7672bb24, 0x4f4471bf, 0x6c042508, 0xfb010602, 0x44143342, 0x06200c47, 0x3b0ee742, 0x27000300, 0xcc06e8ff, 0x33007604, 0x4c003e00, 
    0x59405c00, 0x02030119, 0x032a2b31, 0x4b08c182, 0x0203004c, 0x01030201, 0x01010980, 0x0706010b, 0x0a690601, 0x04020201, 0x04010561, 0x0c4d5f04, 
    0x00070701, 0x020d0861, 0x005d0000, 0x4900014e, 0x3c3f4347, 0x2f34353a, 0x2226282d, 0x171b1d21, 0x0f111215, 0x00060a0d, 0x0e330133, 0x2705a06e, 
    0x33023e37, 0x37333632, 0x2005c359, 0x2e0d8327, 0x36361716, 0x15163233, 0x06050414, 0x82161415, 0x17372a1e, 0x22230406, 0x06062726, 0x08116201, 
    0x06060722, 0x82051b5c, 0x368b081f, 0xad870137, 0x5c0d1ab3, 0x814899ba, 0x5f151a5f, 0x16946a83, 0xca8515b6, 0x23ae817c, 0xa274cc4e, 0xfe8dfec2, 
    0x858d0665, 0xa72aa76c, 0xa7f6fe3e, 0x4434bc85, 0xdead01e0, 0x576b6afd, 0xd971a45d, 0x6e3b8542, 0x5d0f0e9a, 0x528f6965, 0x9bb9100c, 0x0156894d, 
    0x636b718c, 0x98650255, 0x54535f55, 0xb68ca55f, 0x192905a3, 0x4f5e948a, 0x649a852d, 0x0266545e, 0x5e2a027f, 0x5f4d4050, 0x0101eda3, 0x5b595550, 
    0x00437a4d, 0x41ffff00, 0x052d053f, 0x022602d3, 0x0000001f, 0x01ce0607, 0x21178998, 0x17881606, 0x0203cb22, 0x04231789, 0x84060276, 0x0002342f, 
    0x04e8ff41, 0x00d20588, 0x00260016, 0x040ab66b, 0x42050402, 0x1d2507e0, 0x56020200, 0x075c5d4d, 0xcb675f20, 0x01622205, 0x062c4706, 0x8e214021, 
    0x0100231f, 0x24865701, 0x0001063e, 0x4e006000, 0x18174059, 0x20000117, 0x1826171e, 0x090e1026, 0x00060708, 0x08160116, 0x42058c41, 0x032c069c, 
    0x33023e33, 0x14151632, 0x3227020e, 0x08067041, 0x15020e48, 0x50021614, 0x0f3c7a6c, 0xf7ae1e12, 0x1a0f5cb4, 0xb9698550, 0xd3924dd8, 0x6999649e, 
    0x65817935, 0x7a336598, 0x215d4718, 0xfdd205ad, 0x465b20d9, 0xfd82d0ef, 0x62a17acc, 0x805dbfa1, 0xc09e5fa3, 0x009f8561, 0xdf87ffff, 0x0226023a, 
    0x01000023, 0xff3b0b07, 0x002f02d9, 0x0102b109, 0xb02f02b8, 0x00002b35, 0x29090341, 0x00280018, 0x040cb677, 0x34480502, 0x00222308, 0xf85e0303, 
    0x06002706, 0x00610406, 0x35480404, 0x48012007, 0x40210735, 0x22249326, 0x48010100, 0x59380e31, 0x191a1940, 0x20220001, 0x281a2819, 0x0a0b1012, 
    0x06070809, 0x18011800, 0x41060448, 0x2122050f, 0x11412107, 0x45032522, 0x426efd19, 0x221c1541, 0x4172fe99, 0xf3831616, 0xe8ff4234, 0xe0059304, 
    0x32002400, 0x0a408d00, 0x03040110, 0xd2820118, 0x2c494c20, 0x002a2805, 0x07060701, 0x82800601, 0x07235df0, 0x05070730, 0x05050061, 0x01094d5f, 
    0x61000606, 0x08420802, 0x9b2e2007, 0x0200232c, 0x31865702, 0x15420820, 0x261b3907, 0x2e000125, 0x2632252c, 0x151c1e32, 0x070d0f13, 0x00040506, 
    0x0a240124, 0x240b1942, 0x36373731, 0x0c521836, 0x020f2107, 0x27052642, 0x02060712, 0x36322706, 0x08059966, 0x07062261, 0x3c021606, 0x0e37766b, 
    0x9aa41c14, 0xad14161f, 0x19244491, 0xa00d1e10, 0x041e1611, 0x6d8c5218, 0x1d4ebf8d, 0x88eda41d, 0x1369a36b, 0x6d7d2814, 0x1f20c99d, 0x5d49187e, 
    0xa003ac1e, 0x867983be, 0x02029509, 0x1db28365, 0xfe8d485b, 0xfeb1b0fd, 0x739a8efb, 0xbe7677c2, 0xbebce870, 0x420000ee, 0x06210843, 0x074342bd, 
    0x016c0a2d, 0x00ba00c6, 0x0102b108, 0x7cb0bab0, 0x412606db, 0x88045bfe, 0x2389d205, 0x628d0021, 0xff250dff, 0xfe4100ff, 0x23238b8b, 0x98ffce06, 
    0x0031238d, 0xfefcff02, 0x059b045e, 0x001600d2, 0x40420024, 0x0690433f, 0x230e6943, 0x04040107, 0x2705e366, 0x01004d60, 0x4e015b01, 0x22066643, 
    0x43241824, 0x03231366, 0x42330123, 0x3f410654, 0x44460813, 0x0f387469, 0x01b4620e, 0x0e5bb43c, 0x6c8c5319, 0x1d4fbe8b, 0x8aeda61d, 0x13689f69, 
    0x6b7a2713, 0x1f1fc59a, 0x5d471879, 0x07b1fd21, 0x1fd9fd74, 0xfe8b475b, 0xfeb4b2ff, 0x71a18dfb, 0xbb7376bf, 0xb9b9e36e, 0x008200ed, 0x5e000137, 
    0x5304e8ff, 0x1d006c04, 0x2e403100, 0x0b0c1a1b, 0x01020304, 0x21bf824c, 0x1c4b6101, 0x61002107, 0x2108f85a, 0xae821618, 0x1d000724, 0xf85a1d01, 
    0x34352d06, 0x3233023e, 0x26071716, 0x0e222326, 0x08058767, 0x17373637, 0x10020406, 0x9c53e8ca, 0xdda78ddf, 0x790ab016, 0x6b9c666b, 0x74887a36, 
    0x45a627ae, 0xf918f5fe, 0xc7fa85d0, 0x2792a875, 0x9e606a56, 0xad7d5dbd, 0x943a5b78, 0x088f82a6, 0x12000223, 0xa3045efe, 0x2000d205, 0x45002b00, 
    0x0b0e4240, 0x1a000502, 0x10111319, 0x01050205, 0x03020301, 0x058f4e4c, 0x00050523, 0x21308261, 0xaa824d5f, 0x00610331, 0x4d600303, 0x04040106, 
    0x004e045b, 0x82232500, 0x25202c3e, 0x07281228, 0x132b1a0b, 0x85262613, 0x131723a6, 0xaa830333, 0x46012721, 0x27230936, 0x87011303, 0xfc1223ba, 
    0xb3835c54, 0xcc444f2d, 0x187fe78b, 0xfe310ab0, 0x86262165, 0x4fa328b4, 0x01c4e044, 0x8326219b, 0xfe2627ca, 0x3ad3015e, 0xc68381c5, 0x7a01142c, 
    0x9e5553fe, 0xfd314f27, 0xc8840806, 0x62fe1427, 0xf9026d02, 0x21db8307, 0x67417947, 0x05f13509, 0x002c001b, 0x0a3e4041, 0x2a010401, 0x041a1b29, 
    0x4c020405, 0x088e5518, 0x41040421, 0xdc830773, 0x2d08f05b, 0x1d1f2527, 0x0c0e1215, 0x2c000709, 0xf05b2c01, 0x21d08606, 0x7c413636, 0x17062208, 
    0x1a864117, 0x055a7231, 0x2e227b8f, 0x2e15180d, 0x0d313510, 0x41020321, 0x292c1795, 0x03056870, 0x41030394, 0x0e0eb145, 0x2d0ea041, 0x5e00ffff, 
    0x53045efe, 0x26026c04, 0xd8822b02, 0x750a0727, 0x00005b01, 0x251782ff, 0x5304e8ff, 0x17871606, 0x01cb0623, 0x231793e7, 0xbe006d0a, 0x0320178a, 
    0x6c224788, 0x2f946e01, 0x2f876e20, 0x5f887783, 0x77852720, 0x8d070021, 0x20978267, 0x87978306, 0x230f878f, 0x5e000200, 0xe3209f82, 0x21083747, 
    0x37470c12, 0x067e4113, 0x04010726, 0x03610004, 0x86113747, 0x0300221f, 0x06374703, 0x37476120, 0x092c4e13, 0x41063747, 0x162405ab, 0x13331716, 
    0x47082b4e, 0x40080b37, 0xd7b7ec01, 0x86d3934d, 0x0e39796f, 0xf7b55c0c, 0x18131eaf, 0x65488953, 0x7a346698, 0x6798647d, 0xf1187935, 0xcbfc84d0, 
    0x1f5e4978, 0x2efa2c02, 0x455d23ad, 0xc2a262a1, 0x5f9a835f, 0x825fbd9d, 0x067f41a8, 0x0563052d, 0x022602d2, 0x01000036, 0x823b0b07, 0x0f374709, 
    0x55fe5e39, 0xd205e304, 0x33002300, 0x4a404d00, 0x05020415, 0x00012206, 0x604c0204, 0x0626050e, 0x00610206, 0x30470202, 0x20ec8405, 0x05115060, 
    0x00010729, 0x4e006100, 0x6a012425, 0x2039069c, 0x1217181d, 0x00080a10, 0x09230123, 0x012b160b, 0x13372622, 0x23020e23, 0x066a4322, 0x145fed86, 
    0x07372306, 0x2a480106, 0x1304260c, 0x39157f8b, 0x20e6820f, 0x2cfb8c68, 0x093d01d7, 0x1f0d5143, 0xfd261910, 0x0a0041b4, 0x8155fe25, 0x8258017f, 
    0x0b0841f7, 0x94feef2a, 0x02022f36, 0x34020996, 0x3c0c0d41, 0x02000000, 0xe8ff4b00, 0xe005c205, 0x30002200, 0x0a408d00, 0x02030114, 0x0705010c, 
    0x082f4702, 0x06070526, 0x80060507, 0xf484f982, 0x004d5c24, 0xf3840707, 0x20072f47, 0x0a2f4704, 0x00222c9a, 0x2f470404, 0x23243711, 0x282a0001, 
    0x30243023, 0x1c1d1e1f, 0x11131719, 0x22000709, 0x2f472201, 0x50022006, 0x33470a3e, 0x0707210a, 0x47234a50, 0x56500c33, 0x08324721, 0x43125f50, 
    0x4b490a17, 0x0c142105, 0x520c4b49, 0x0621091c, 0x061b4106, 0x20053c4d, 0x0a4b4904, 0x00222492, 0x4b490404, 0x0850511b, 0x43094b49, 0x21220a23, 
    0x06412137, 0x18254307, 0x70fd4325, 0x43450319, 0x01221c29, 0x2a439993, 0x00002813, 0xfe5e0003, 0x4398055e, 0x40220607, 0x4149b100, 0x18143605, 
    0x06040207, 0x0401011c, 0x07020305, 0x00010401, 0x1b4c0407, 0x20168340, 0x20168f05, 0x20328559, 0x0e364327, 0x02050922, 0x3006c345, 0x07004d60, 
    0x08620007, 0x5b000001, 0x401b4e00, 0x0801692e, 0x56030324, 0x6843004d, 0x01092808, 0x61010505, 0x8d010100, 0x40593b30, 0x0124251b, 0x2d373900, 
    0x2533242b, 0x1b1d1f33, 0x0d13151a, 0x0123000b, 0x6d430a23, 0x07272405, 0x43372527, 0x36251270, 0x07163233, 0x0e6d4306, 0x484e0520, 0x36373005, 
    0x06262726, 0x7b772e04, 0x015ea812, 0x430c220e, 0xe929107e, 0x877f494f, 0xfdb81313, 0x0a7b4352, 0x05500235, 0x3235460c, 0x2507084b, 0xfe502b2f, 
    0x904a685e, 0x43cee877, 0x82270e8b, 0x7575941c, 0x432b0294, 0xe12b0b88, 0x404a4920, 0x07402931, 0x45001907, 0x062707db, 0x00180632, 0x82360226, 
    0x0b072410, 0x4512044f, 0xe32308f3, 0x8402bd06, 0x07012517, 0x6d016c0a, 0x2410af49, 0x045bfe5e, 0x09df44e3, 0x006c0a23, 0x0d8b493a, 0x00ffff25, 
    0x8b8bfe5e, 0xce062323, 0x239245ff, 0x23891320, 0x06070025, 0x853001ca, 0x48fe2183, 0x6d215f8c, 0x110f4aff, 0xe8ff5e26, 0xd2055708, 0x0323bf87, 
    0x822204df, 0x000221c7, 0x54201783, 0x222f1782, 0x24013200, 0x020718b6, 0x4c010006, 0x5411b04b, 0x043f05c4, 0x01094d56, 0x61030000, 0x03030105, 
    0x080b4d5f, 0x01060602, 0x02070a5f, 0x57010103, 0x421b4e01, 0x2d22054b, 0x288e0400, 0x268a0020, 0x010b4d24, 0x348d0808, 0x5d821a20, 0x34982920, 
    0x33845a82, 0x00610226, 0x02600202, 0x2007da50, 0x22308433, 0x87090900, 0x88bf828d, 0x906f860a, 0x3140213a, 0x00203589, 0x3482c283, 0x005f0526, 
    0x4d590505, 0x338fa387, 0x00825920, 0x24184024, 0xcf7c0023, 0x22003106, 0x11222200, 0x11252615, 0x1d0b0c22, 0x0137212b, 0x4607e443, 0x21260f31, 
    0x21070107, 0x2d462507, 0x1842270d, 0xfd040003, 0x19479f2d, 0x0d324605, 0xaf033e2b, 0x0210fd16, 0xfa1a7c02, 0x0ab5425e, 0x30038226, 0xad42fc0c, 
    0x270da642, 0xfc8a8cfe, 0x89a00cd8, 0x480ba542, 0x0823052b, 0x41160657, 0x272006d7, 0x2406d741, 0x046e0a07, 0x05df41a5, 0x074efe36, 0x00d205ac, 
    0x01470037, 0x2a0b4049, 0x02010223, 0x010a0112, 0x08074c46, 0x0100392e, 0x01020a02, 0x010c800a, 0x03000309, 0x00800009, 0x4d560606, 0x0202010b, 
    0x01076105, 0x4d5f0505, 0x0a0a010d, 0x01046103, 0x4d570303, 0x082f5382, 0x08080061, 0x1b4e0861, 0x501cb04b, 0x8a3d4058, 0x00042240, 0x20409304, 
    0x83398300, 0x61042545, 0x60040400, 0x2520448e, 0x47204482, 0x00224495, 0x84870b0b, 0x8f890020, 0x40214e9b, 0x20499a45, 0x82cd8300, 0x5f072548, 
    0x59070700, 0x95053b57, 0x59593396, 0x391a4059, 0x41000038, 0x3947383f, 0x00370047, 0x02422a37, 0x22252805, 0x2b1f0b0e, 0x6a161605, 0x262205d0, 
    0x0f422323, 0x05ff6a1d, 0x26262223, 0x0d174227, 0x0feb0332, 0xd48b719b, 0x9a350d17, 0x0118768a, 0xe9fd02ce, 0x32162242, 0x0dfe1607, 0x5cc18502, 
    0xf9a31515, 0x75c57a96, 0x42defe05, 0x602d0a2b, 0x8a8c5b57, 0x92568b51, 0xfc0ceb01, 0x0f334241, 0xfd848d2f, 0x76060cf3, 0xc67f7dc5, 0x6b984f71, 
    0x0e6b48e9, 0x00ffff26, 0x057cfe01, 0x21087b49, 0x7b492700, 0x07012905, 0x7900e805, 0x120022ff, 0x2808bb50, 0xb80103b1, 0x35b022ff, 0x0677472b, 
    0x76042438, 0x24001900, 0x38403b00, 0x03021617, 0x004c0102, 0x03020004, 0x70180204, 0x5f24089b, 0x0303004d, 0x2b0c216f, 0x12141a1b, 0x07090d0e, 
    0x19011900, 0x20080b4c, 0x13125312, 0x08090c53, 0xcf170241, 0xdda85eea, 0xfec2a27f, 0x0361fe89, 0xa76b9a7d, 0xfe3ea72b, 0xe069fef5, 0x576b6bff, 
    0x18649d6e, 0x0193d4ef, 0xa570c503, 0x04a3b78c, 0xaa7b1d1e, 0x842f505d, 0x02870299, 0x40515d2a, 0x45a4684d, 0x042708bf, 0x02020644, 0x82470226, 
    0x0a062310, 0x0682076b, 0x04002b08, 0x5efee2ff, 0xd205a604, 0x28001f00, 0x36003000, 0x56405900, 0x05020a0d, 0x02213200, 0x012a0506, 0x18190607, 
    0x07020313, 0xe382011e, 0x004c0529, 0x02070006, 0x4d690706, 0x082018c7, 0x2507c74d, 0x27282b2c, 0x56822224, 0x28251f2d, 0x0b092712, 0x01032b1a, 
    0x84343526, 0x13172aed, 0x15160333, 0x03070614, 0x08025416, 0x03272b08, 0x23261301, 0x07060622, 0x06130336, 0x14150607, 0x36070116, 0x1e343536, 
    0x5e971301, 0x4d7fdda8, 0xef88d140, 0xccdccc6d, 0x02414032, 0xa6520806, 0x01f05366, 0x2822bfcb, 0x19649d6e, 0x639e82a7, 0x021e0378, 0x48578c34, 
    0xe3015efe, 0x0193f377, 0x1470c503, 0x5bfe7001, 0x9e889454, 0x1199fe20, 0x842f505d, 0x58fe1e99, 0x52011d04, 0x5ba46809, 0x0169fe02, 0x1e010816, 
    0x026c3e1d, 0x5719f68a, 0x2b412543, 0x06242209, 0x062b4116, 0xcc060724, 0xeb46c700, 0x22178b08, 0x93e601cb, 0x6d0a2317, 0x1789bd00, 0x86d30521, 
    0x06062347, 0x5f897cce, 0x5f892c20, 0x006f0a22, 0x26058b57, 0x04e8ff5e, 0x86030624, 0x054b472f, 0xffff002a, 0x4cfe5e00, 0x76042404, 0x0b231787, 
    0x88320209, 0x8a4b205f, 0x8b6e2047, 0x23178877, 0x06cd0606, 0x24227789, 0x47882f06, 0xc0001122, 0xfe214785, 0x235f8b5e, 0x5701750a, 0x24225f88, 
    0x2f866307, 0x020b0623, 0x2047897d, 0x21178951, 0x1787980a, 0x8948fe21, 0x07012547, 0xa8ff6d0a, 0x2012c347, 0x23238b67, 0x48ffcf06, 0x5e212392, 
    0x091f4104, 0x8f852720, 0x41070021, 0xfe210927, 0x22678c5b, 0x9155006c, 0xe8ff2243, 0x0aab4104, 0x01710a23, 0x22d3885a, 0x41f50527, 0xcf210893, 
    0x21d3885f, 0xd3882505, 0x4b0b0724, 0x2f88c500, 0x178a6520, 0x178a4c20, 0x178aa420, 0x178a4d20, 0x3f076322, 0x20086341, 0x8317874e, 0x089341b3, 
    0x23422720, 0x07012205, 0x20bb870a, 0x0a3b5a03, 0xbb835e20, 0x02760425, 0x42470206, 0x8f42135f, 0x10d3430c, 0x41051347, 0x37410a3f, 0x02002306, 
    0x57827700, 0xb7443d20, 0x0302230c, 0x18824c01, 0x02050424, 0xad446904, 0x4d5f2208, 0x07d94a00, 0x014e0125, 0x44202200, 0x012f0fb7, 0x14151632, 
    0x23060602, 0x34352622, 0x79362524, 0x072405c9, 0x01243627, 0x22074652, 0x44840236, 0x012f07b7, 0x039f0177, 0xa86a9a7d, 0x013ea72b, 0x4497010b, 
    0x042a07b7, 0x93d4ef76, 0x70c5fdfe, 0xb8448ba6, 0x79fd210b, 0x310ab844, 0xfe42ff01, 0x066d0340, 0x00190018, 0x100e4079, 0xb1820301, 0x012b0482, 
    0x4c030100, 0x5020b04b, 0x82164058, 0x610236b7, 0x5e020200, 0x0101004d, 0x01046100, 0x00610000, 0xb04b1b4e, 0x201d822e, 0x08a15114, 0x40211b8b, 
    0x24168919, 0x59010000, 0x3a1c8600, 0x59510001, 0x010f4059, 0x0e121500, 0x0005070c, 0x05190119, 0x032b160b, 0x46372722, 0x132005f0, 0x080ab451, 
    0x06030734, 0x32434906, 0x0d440e2d, 0xd90e5348, 0x27a2cd1d, 0x11322446, 0x209d1e4a, 0xfec11bd9, 0x05a11140, 0x05564f07, 0x0cbcb120, 0x04049a08, 
    0xa3defac4, 0x008200a9, 0x53ff0122, 0x7e20d382, 0x2130d382, 0x0e409600, 0x0506011a, 0x00020109, 0x02010108, 0x222bd387, 0x05060600, 0x05050061, 
    0x82034d5e, 0x5f0428ce, 0x04020708, 0x534d5904, 0x612107da, 0x28df8701, 0x00050020, 0x06050406, 0x21279869, 0x22871d40, 0x0123f382, 0x8b650102, 
    0x4e002129, 0x1020ef82, 0x212a9482, 0x23342100, 0x23241311, 0x2a640911, 0x20dc8205, 0x23f68923, 0x37333723, 0x0729fa8b, 0xfe180c03, 0xc11bb4fd, 
    0x08004199, 0x18e3b424, 0x04410de3, 0x040d270b, 0xc0fb925e, 0x0741a9a3, 0x41042305, 0x09414d92, 0x00503407, 0xfef8fe01, 0x06230340, 0x001d0018, 
    0x160e408e, 0x41030401, 0x202a0f03, 0x03040400, 0x03030061, 0x9f824d5e, 0x065f0525, 0x41050501, 0x1e201301, 0x2006b27f, 0x21259669, 0x20881b40, 
    0x83000221, 0x842789ff, 0x820e20fd, 0x001d240f, 0x8225341d, 0x0b0726fb, 0x07012b1b, 0x8cfb8d21, 0xb10221f7, 0xf841f78f, 0x41f38d0c, 0x502009fb, 
    0x01226482, 0xf3822aff, 0xf382c220, 0x9d00202d, 0x01130e40, 0x01030405, 0x42020201, 0x222b0acb, 0x04050500, 0x04040061, 0x82074d5e, 0x82032019, 
    0x030321f4, 0x0124f482, 0x08610001, 0x280cd742, 0x00040020, 0x05040305, 0x21279869, 0x22871d40, 0x82010021, 0x0001223b, 0x3a2a8a65, 0x59594e02, 
    0x00011740, 0x1a1b1c1d, 0x10121418, 0x0a0b0c0d, 0x20000507, 0x42092001, 0xf8410def, 0x05245607, 0x21070728, 0x06032107, 0xf5416106, 0xb0b33608, 
    0x1d0db019, 0x181ba2cd, 0x0b200f13, 0x010d209d, 0x1efe19e2, 0x09ff42b3, 0x993a0430, 0x03bcb14d, 0xc40101a5, 0xc7fb9950, 0xfb41a9a3, 0x06902906, 
    0x001c0018, 0x0f0e4093, 0x2005d343, 0x0b074105, 0xd3432020, 0x0505260a, 0x04005f04, 0x06054104, 0x05410620, 0x001e290c, 0x04030002, 0x00690302, 
    0x40212595, 0x2020881b, 0x22398201, 0x88650001, 0x4e052f28, 0x13405959, 0x18190001, 0x10141617, 0xfd820c0e, 0x43069271, 0xf98d0eed, 0xf0439320, 
    0x21f5980c, 0xf38c2005, 0x42ffff21, 0x073705ef, 0x022602b2, 0x01000069, 0x006c0a07, 0x00af01cf, 0x0101b109, 0x5faf01b8, 0x2383054f, 0x06060624, 
    0x23840018, 0x02070027, 0x00ae01e9, 0x823b8700, 0x02062317, 0x0f82b667, 0x2a071345, 0x67022602, 0x06000000, 0x823d440b, 0x20638906, 0x20178200, 
    0x446396b6, 0x8784057b, 0x87856820, 0x8f2a0121, 0x21238387, 0x87845806, 0x87832382, 0x82000221, 0x02220800, 0x46fe1900, 0x6c04a704, 0x36002600, 
    0x0c407d00, 0x05020d1f, 0x02040506, 0x4c020201, 0x5024b04b, 0x507f4058, 0x01042305, 0x87540303, 0x61022505, 0x57020200, 0x20059745, 0x06b94107, 
    0x41264021, 0x062405cd, 0x00610306, 0x5938289a, 0x27281940, 0x2e300001, 0x36283627, 0x191b2122, 0x080a1113, 0x26012600, 0x2a06b354, 0x1e372726, 
    0x36323302, 0x54073737, 0x1e290abb, 0x37371702, 0x020e0333, 0x0c854e03, 0xc8016008, 0x1868ae81, 0x6e38119b, 0x17ca8a61, 0x52191025, 0xe0b26986, 
    0x84d2944e, 0x23416c53, 0xaf1e150a, 0xe59c18c0, 0x6397673b, 0x617d7a30, 0x7e366998, 0x6b4346fe, 0x4b1e543b, 0xda898737, 0x40562104, 0xf580cddc, 
    0x422c76c6, 0xb3051642, 0xb3907ffb, 0x5a6c0254, 0x805cb595, 0xb8975a99, 0x41967d5d, 0x053b071f, 0x00e005c2, 0x00420032, 0x27564059, 0x1f040501, 
    0x0706020d, 0x01020405, 0x434c0302, 0x5c2407dc, 0x0707004d, 0x0921fc86, 0x064f5201, 0x20062541, 0x05254108, 0x0133342d, 0x333a3c00, 0x2c423442, 
    0x8624262a, 0x013222fb, 0x06415232, 0x3f21fb98, 0x09c55b02, 0x06416382, 0x1d10212e, 0x410c9f54, 0x04212912, 0x09a954b4, 0x3f131b41, 0x1900ffff, 
    0x430546fe, 0x26026c04, 0x00007302, 0xd60a0701, 0x4bff6b02, 0x02b10900, 0x4bffb801, 0x4205ff42, 0x0621055f, 0x27238516, 0x6d0a0700, 0x0000b600, 
    0xff643b85, 0x823b8305, 0x006f2217, 0x20178ad9, 0x222f8803, 0x8a66016c, 0x87772017, 0x500b2117, 0x8206077b, 0x20478c83, 0x235f956e, 0xdf01cb06, 
    0x05214789, 0x244786d3, 0x75ce0606, 0x2a008200, 0xff5f0001, 0x045504f1, 0x1822006d, 0x201b7f70, 0x097e575f, 0x4e005d24, 0x6d180001, 0x22220c7f, 
    0x60582201, 0x2315210e, 0x080c855b, 0x2137213f, 0x02020e07, 0x53eaca13, 0x7a8add9d, 0x0db96abb, 0x9a616877, 0x7891386c, 0xfe19be86, 0xbc0119f3, 
    0xe0961817, 0x86d2f10f, 0x5d73c6fa, 0x6f606fa6, 0x60bc995b, 0x7f9b9690, 0xcd8d8792, 0x31a7876e, 0xe2042b05, 0x54002e00, 0x010f5140, 0x010a0201, 
    0x70180305, 0x05240d4b, 0x00690302, 0x0e4b7018, 0x0623b982, 0x18610006, 0x33084b70, 0x2728292a, 0x1b1d2325, 0x11131719, 0x07090c0e, 0x2e012e00, 
    0x5a060c57, 0x17290aca, 0x22232607, 0x17161706, 0x30c99b17, 0x800f6fa4, 0x1924446b, 0x45541e1c, 0x0101070e, 0x2ad69bba, 0x09715753, 0x936b0495, 
    0x910a2322, 0x010034de, 0x00004100, 0xd2055904, 0x27001300, 0x01052440, 0x5c010400, 0x24080660, 0x61020404, 0x5f020200, 0x0001034d, 0x4e005700, 
    0x11231323, 0x1b0b0511, 0x2303012b, 0x36033313, 0x16323336, 0x200a8207, 0x08b28336, 0x6f640130, 0x5eb4f7b4, 0xaa6cb549, 0xb57623b7, 0x74721674, 
    0x9e02bd76, 0xd20562fd, 0x5e71cbfd, 0x3afdd4d2, 0x9083b702, 0x0000009b, 0xe9ffffff, 0x73835efe, 0x02260223, 0x2310827f, 0xf0750a06, 0xff210682, 
    0x858b87ff, 0x07012717, 0xd8ff3b0b, 0xdf452f02, 0x60022005, 0xaf8205fb, 0x8455fe21, 0x00293daf, 0x1e4f4052, 0x02020301, 0x02010001, 0x0501074c, 
    0x09040108, 0x00680405, 0x4d200606, 0x092ab882, 0x09090061, 0x03004d27, 0x3c452103, 0x820a2005, 0x7f2920c7, 0x1d380566, 0x191a1b1c, 0x15161718, 
    0x0f121314, 0x0005070d, 0x0b290129, 0x012b1607, 0x2108ad49, 0xd7841337, 0x2328e083, 0x33373337, 0x21072107, 0x072ef388, 0x55020606, 0x0e192244, 
    0x4d570c20, 0xed851d08, 0xb46f182f, 0x961796cd, 0x0113b413, 0xc4fe173c, 0x060b4134, 0x161d013c, 0x0955feae, 0x33020296, 0xb702ab32, 0x919b9083, 
    0xd30462fd, 0x8a75758a, 0x1941cafe, 0x80ab2205, 0x051b4680, 0x00004139, 0xe0055804, 0x25002100, 0x2e403100, 0x00010107, 0x0403010f, 0x82004c02, 
    0x82612009, 0x4d5c2223, 0x08964100, 0x8c6c0520, 0x23132a05, 0x24242513, 0x2b1c0b06, 0x0d7e6013, 0x830da041, 0x233324c8, 0x60db3607, 0x1f2e0d72, 
    0xae6bb447, 0xb47523b4, 0x716c1675, 0xc382c27c, 0x03b19a27, 0x9f030201, 0x088c44bf, 0x5c6ab839, 0x40fdd4d8, 0x8a83bd02, 0x68fd8fa3, 0x03069f03, 
    0x00020000, 0x8455fe41, 0x00302bab, 0x404b0034, 0x05011d48, 0x8d412504, 0x0ca54506, 0x0602022b, 0x06060061, 0x03004d5f, 0x0dc54603, 0x29000133, 
    0x1c202227, 0x1013141a, 0x0005070e, 0x08300130, 0x0c82410b, 0x83413320, 0x0e5a6109, 0x0723db87, 0x82010606, 0x0b8c41d4, 0xc9890120, 0x0125ea95, 
    0xfeae161d, 0x41e482ae, 0xda880995, 0xab24f590, 0x4a058080, 0x012df082, 0xecff4100, 0xd2055d07, 0x90002800, 0x183c82b5, 0x24086f72, 0x0000001d, 
    0x05ec4d56, 0x01010323, 0x2ae78201, 0x61040202, 0x04020607, 0x56045d04, 0x21200776, 0x0726248f, 0x57060601, 0x2a83004d, 0x28850020, 0x85254021, 
    0x03032223, 0x083a4e59, 0x904d5f21, 0x59592327, 0x28820f40, 0x28002828, 0x27142427, 0x267f1124, 0x03333405, 0x33363633, 0x020f1632, 0x33161606, 
    0x13123632, 0x82073337, 0x2223255c, 0x023f2626, 0x0806c942, 0xb4f84170, 0xb135105b, 0x23b0aa83, 0x2e151419, 0xb4592c5a, 0xb619339a, 0xfed43a19, 
    0x9b6d97ee, 0x16141b41, 0x7a776f15, 0x056e18c1, 0x5adafdd2, 0x98d7cf66, 0x2f837d75, 0x016c01a0, 0xfe969632, 0xca4dfea1, 0x759ecc63, 0x9a908389, 
    0x0062fd92, 0x62000100, 0x7a048cfe, 0x13005e04, 0x05b54800, 0x01000401, 0x17b04b4c, 0x16405850, 0x00000103, 0xd9824d59, 0x82620221, 0x615d20e3, 
    0x1b2706f3, 0x01001640, 0x8e860102, 0x4e02231d, 0x5c44b759, 0x33132609, 0x06132303, 0x7cb98206, 0x03210852, 0x075c4457, 0x44b8a921, 0x7733065c, 
    0x02c001bc, 0x022efa9e, 0xd25e7135, 0xfdc602d4, 0x7c918249, 0x582f05bb, 0xcc045efe, 0x1f006c04, 0x01b55f00, 0x83010301, 0x82292093, 0x001c2a93, 
    0x61020101, 0x02020104, 0x0553545f, 0x0000002e, 0x01064d5d, 0x055b0505, 0x20401b4e, 0x83055049, 0x92b18223, 0x40592222, 0x2c31820e, 0x131f001f, 
    0x23153525, 0x2b1b0b07, 0x41a68701, 0xdb4d055f, 0x7d072005, 0xbb830505, 0x1a033908, 0x6fbb4865, 0x4522acab, 0x1044560e, 0x14190b1e, 0x967c2430, 
    0x6c154319, 0x18bd7777, 0xfefeb46f, 0x6f64025e, 0x01d2d461, 0x043e57a4, 0x03079702, 0x6bfe959b, 0x919b947f, 0x6b82d982, 0x58000124, 0xcb8455fe, 
    0x75002a30, 0x01040a40, 0x01290204, 0x4c020600, 0xd083b04b, 0xa7822120, 0x5b08ba58, 0x5d260676, 0x0606004d, 0x264a6200, 0x58252008, 0x022105a4, 
    0x06294902, 0x0124e482, 0x01010061, 0x5934278d, 0x00011540, 0x20212427, 0x13161b1d, 0x06080d0e, 0x2a012a00, 0x21058b43, 0xe49e3726, 0x6f160621, 
    0x04250505, 0x15818b3a, 0x2eef9c3c, 0x504409d5, 0x1810200b, 0x8155fe26, 0x976d017f, 0x37f727f9, 0x9602022e, 0x0f460009, 0x21238723, 0x33468a07, 
    0x6d0a2207, 0x477218ff, 0x00412411, 0x8a590400, 0x986e2023, 0x88772023, 0x006c2147, 0x11f78018, 0x5bfe4122, 0x2609b746, 0x6c0a0701, 0x18f94c00, 
    0x850f5f7f, 0x8876206b, 0xfe6b2147, 0x11477218, 0x44fe4122, 0x6f22478c, 0x7218c0ff, 0xd7830d47, 0x8b8bfe21, 0xce062323, 0x6b9557ff, 0x02d20531, 
    0x007f0206, 0x00ffff00, 0x02000042, 0x8203060e, 0x0093287b, 0x0a060000, 0x8200026c, 0x83012000, 0xaf012917, 0x03005e04, 0x16401900, 0x59241182, 
    0x0101024d, 0x8205e174, 0x11033113, 0x2b170b03, 0x03331333, 0xb9b4b942, 0xa2fb5e04, 0x03214b86, 0x213382a0, 0x4b830226, 0x93020724, 0x6384f101, 
    0x63823720, 0x0206d922, 0x07246386, 0x9cfe6b0a, 0x38201784, 0xe3221782, 0x17886307, 0xa2fee422, 0xbc229388, 0x1787f505, 0xfecf0623, 0x231783f4, 
    0x67fe3cff, 0x2620ab8a, 0x0124ab83, 0xfdcf0607, 0x2005f17c, 0x07c95302, 0xbf832b87, 0x258a4385, 0xef530120, 0xb0ff2109, 0x4d207f82, 0x4f86fb88, 
    0xff3b0b25, 0x4b6aff10, 0x6a230621, 0x822b35b0, 0x052741fc, 0x06ba0123, 0x22938816, 0x885cffcc, 0x889e20ab, 0x06062317, 0x2f857bcb, 0x5b823020, 
    0x1788b420, 0x6d0a0724, 0x2f8852ff, 0xd305aa22, 0xce224788, 0x178811ff, 0x2f8ac120, 0x75ff6f22, 0x6222c784, 0xc7894cfe, 0x0a060024, 0x5f849976, 
    0x1782ff20, 0x830c0b41, 0x0a062317, 0x8741026c, 0xe0022106, 0x6e204b8a, 0xff217b85, 0x209382d6, 0x2317895d, 0x9bfecd06, 0x40207b84, 0xb0221782, 
    0x93872f06, 0xff110b23, 0x20938855, 0x232f8834, 0xef710a06, 0xea227b85, 0x7b8c5bfe, 0x01257582, 0xfe6c0a07, 0x0d0d56e9, 0x2b82bf84, 0x258abf89, 
    0x25088741, 0x45ff0100, 0x23835efe, 0x420a0021, 0x0024086b, 0x61010202, 0x0805f567, 0x10232124, 0x2b190b03, 0x06033313, 0x37232306, 0xfa373233, 
    0xc219c7b5, 0x211b24a4, 0x5e041c97, 0xb39f52fb, 0x9785aca6, 0x02234782, 0x825e0454, 0x00a82ac7, 0x0b070100, 0xff17ff3b, 0x050b4aa1, 0xb0a1ff37, 
    0xff002b35, 0xfe46ffff, 0x0655025e, 0x02260003, 0x000001a8, 0x25238227, 0x01a1ff18, 0xc3820a06, 0xbb84298b, 0x3f434fa2, 0xffff2215, 0x17f34200, 
    0x5efe4224, 0x7f84fe03, 0xb4829320, 0x77842620, 0x8b822720, 0x0d82f120, 0x6c0a0724, 0x0782f201, 0xff27bc82, 0x020000e2, 0x185e04da, 0x220e936b, 
    0x18044d59, 0x311c936b, 0x37231333, 0x03230721, 0x1a1e0733, 0x19c586c5, 0x06843f02, 0x2a039a2a, 0xd6fc9a9a, 0xffffff9a, 0x0d22d383, 0x23410306, 
    0x82002005, 0x824f82f7, 0x60ff256a, 0xb8025dfe, 0x12246f82, 0x5b001d00, 0x3705c355, 0x0202001d, 0x01034d59, 0x62040101, 0x04040105, 0x06004d60, 
    0x07610006, 0x5b2f3182, 0x401b4e00, 0x0101031b, 0x06040105, 0x846a0401, 0x081d8b29, 0x1540592c, 0x191b0001, 0x0d0e1315, 0x090a0b0c, 0x12000608, 
    0x0b081201, 0x06132b16, 0x023e3726, 0x33133333, 0x23073303, 0x13020e07, 0xb46f0623, 0x37390806, 0x12808868, 0x5193650d, 0xa6b4a66d, 0x07d91acf, 
    0x55915d0c, 0x074d346b, 0x3e2f3106, 0x5efe0749, 0x53709901, 0xea034279, 0x34a216fc, 0x015a9353, 0x2f400174, 0x2e643d2b, 0x20d78200, 0x2cbf825e, 
    0x000306ec, 0xfeb10226, 0x0a070000, 0x05db596c, 0xb322ef84, 0xef861606, 0x6d0a0724, 0xdb4151ff, 0x8adf2008, 0x8a6e2017, 0x101f4117, 0x27173741, 
    0x4100ffff, 0xfd035efe, 0xc1287784, 0x27000000, 0xf001a802, 0x7f820782, 0x82f10121, 0x052b4d07, 0xd205813a, 0x34000c00, 0x01073140, 0x010a0201, 
    0x4c020103, 0x03020100, 0x80030102, 0x2205c049, 0x7e590202, 0x4d080bd4, 0x120c000c, 0x06111111, 0x332b1a0b, 0x33033313, 0x01013301, 0x03070123, 
    0x8fb4f741, 0xdf2f0216, 0x8d01ddfd, 0x88bdfee7, 0xfcd20544, 0xfeed019f, 0x0282fd20, 0x64fe6f0b, 0x00010000, 0x04000043, 0x00e00583, 0x4038001a, 
    0x01010735, 0x69821300, 0x0401162d, 0x004c0302, 0x03040302, 0x4c800402, 0x03210a19, 0x29788203, 0x57040401, 0x12134e04, 0x144c1311, 0x07072112, 
    0x23227f89, 0x1f4bdc13, 0x1752210d, 0xb4218d8b, 0x0b034c99, 0x8a13fe21, 0x6e032099, 0xfe2905a7, 0x05810413, 0x022602d2, 0x25f782b8, 0x01ca0607, 
    0xb347002a, 0x07812207, 0x2217858a, 0x470a0701, 0x238a176b, 0x00cb0623, 0x10c778b7, 0x5bfe4122, 0x47825f89, 0x34006c22, 0x2111ff46, 0x238b8bfe, 
    0xffce0623, 0x38238d3f, 0xe4ff0100, 0x24048cfe, 0x0c005e04, 0x0a405b00, 0x0301010a, 0x01020107, 0x06a84a02, 0x01001a2f, 0x01030203, 0x04058002, 
    0x59030302, 0x0569534d, 0xb3640020, 0x241c8805, 0x00020000, 0x24218a86, 0x40594e02, 0x41f4820d, 0x2f080ada, 0x13230301, 0x01230123, 0x37013301, 
    0xf7240413, 0xfd168fb4, 0x2302dfd1, 0x01e773fe, 0x04448843, 0x032efa5e, 0x0113fe61, 0xfd7e02e0, 0x9c016ff5, 0x00273d82, 0x00420001, 0x84820400, 
    0x402b269b, 0x01010728, 0x054f4200, 0x00010225, 0x82850001, 0x8501219a, 0x76207584, 0x06206b8a, 0x220e4642, 0x41b4b942, 0x04210db8, 0x0cac415e, 
    0x01263a82, 0x00004100, 0x7418ec01, 0x012322f7, 0x18b4f7ec, 0x200bf774, 0x26f98205, 0x02d20557, 0x82c10226, 0x0b062347, 0x0682f144, 0xffffff23, 
    0x201782ca, 0x2f178767, 0x3b0b0701, 0x17002aff, 0x01b10800, 0xb017b001, 0x21055f6e, 0x3b8eefff, 0x82914621, 0x0100253b, 0x55fe0f00, 0x11288b84, 
    0x24402700, 0x02000110, 0x26076f50, 0x61000202, 0x79000103, 0x0e330579, 0x0006070b, 0x04110111, 0x012b160b, 0x37372622, 0x18331333, 0x26090354, 
    0x83891b01, 0x82011c15, 0xe15318ac, 0x55fe2408, 0x18ab8080, 0x820abb53, 0x0002266c, 0x03000054, 0x3cf78276, 0x00210016, 0x0e3a403d, 0x18030601, 
    0x02060501, 0x0207084c, 0x00010205, 0x6a000501, 0x98541800, 0x5f27080b, 0x0101004d, 0x174e0157, 0x17211717, 0x12152420, 0x10112125, 0x2b1d0b09, 
    0x23032301, 0x26222313, 0x36363726, 0x82173233, 0x1506258c, 0x21330707, 0x08069873, 0x33160640, 0x63d65b03, 0x516e63b6, 0x130e3e7e, 0x303d8db6, 
    0x016cb73e, 0xfed60a03, 0x2e021374, 0x07462f38, 0x02343406, 0x02acfd54, 0x54794054, 0x01119d6e, 0x0376fd77, 0x72391202, 0x2c453c29, 0xae823e28, 
    0xff020027, 0x025efe2d, 0x08af82a1, 0x1f001225, 0x34403700, 0x0303050b, 0x01040203, 0x4c020300, 0x03010200, 0x80030201, 0x56010100, 0x0303004d, 
    0x45046200, 0x012c05ba, 0x0e161800, 0x00090a0c, 0x05120112, 0x21091b67, 0xa3823313, 0x1623aa82, 0x41060607, 0x36260738, 0x06262726, 0xfe663701, 
    0x012d2306, 0xef66b4cf, 0x66dd2007, 0x012412e1, 0xfae00413, 0x2105d666, 0xc9664a01, 0x05734b0a, 0x82030321, 0x02262ca7, 0x010000c1, 0x01bf0507, 
    0x476f0299, 0x02210571, 0x059b476f, 0x00410027, 0x07da0200, 0x053b428a, 0x43070121, 0xff2513e3, 0x0113fe9a, 0x095f42ec, 0xdcca0622, 0x24080752, 
    0x18063b03, 0x2d5f8400, 0x4f0b0700, 0x00001b01, 0xe7ffffff, 0x2f895bfe, 0x0a070125, 0x43e6fe6c, 0x23850def, 0x07e60223, 0x21778547, 0x23852700, 
    0xce257f82, 0x74014dff, 0x834f1800, 0x48ff2314, 0x578b8bfe, 0xfdce0623, 0x225790f1, 0x8c48fe17, 0xfe6d227b, 0x30238d39, 0x57000100, 0xed01f8ff, 
    0x0f00d205, 0x24402700, 0x0ddb420d, 0x46536220, 0x00012a06, 0x0405080a, 0x0f010f00, 0x053b7204, 0x0808e64e, 0x0617372a, 0x7e3c0106, 0xb4ce1467, 
    0x381a0dc6, 0x0a0d201d, 0x87084719, 0xfbda0479, 0x043f4d53, 0x0a079804, 0x2600ffff, 0x7802f8ff, 0x262a6382, 0x001ed002, 0x440b0601, 0x79430112, 
    0xb0012305, 0x1f822b35, 0x1f822b20, 0x1f85c820, 0x1f835e20, 0x188b3b22, 0x18201f85, 0x2a201f85, 0x92201f82, 0x38201f85, 0x46211f83, 0x273f8acc, 
    0x1a000200, 0x2b03f8ff, 0x20081f82, 0x002a001d, 0x084d4050, 0x16010701, 0x02050601, 0x02080a4c, 0x02090403, 0x00030500, 0x0202006a, 0x0a2f6c56, 
    0x05050038, 0x06006106, 0x4e065706, 0x00011e1e, 0x291e2a1e, 0x181a2325, 0x30481113, 0x04062605, 0x1d011d00, 0x21ee820b, 0xfc5d2001, 0x33132506, 
    0x23073303, 0x20062b4f, 0x06ee4f17, 0x23373722, 0x31094f43, 0xa0fe7a01, 0x6a93142e, 0x5109484c, 0x18ab7bb4, 0x134133ab, 0x24200808, 0x3a14677e, 
    0x0a010919, 0x2e3e2f08, 0x37070849, 0x01580234, 0x478b7712, 0xfde9013c, 0xcdfe9218, 0x31062d41, 0x60017987, 0x2f3c3892, 0x2b2f4347, 0xffff004d, 
    0xdb825700, 0xfb850420, 0xb7420020, 0x429a2005, 0x238210b7, 0x07db0227, 0x0226028a, 0x232383d0, 0xb800cb06, 0x270f9b46, 0x13fedbff, 0xd205ed01, 
    0xf7822385, 0x001dca24, 0x5f860000, 0x18063c23, 0x253b8400, 0x4f0b0700, 0x17841c01, 0x5bfe2822, 0x01252f89, 0xff6c0a07, 0x0d3b4227, 0x00ffff22, 
    0x02232382, 0x864707e7, 0x85272053, 0x07012523, 0x4effce06, 0x2218b742, 0x8b8bfe89, 0xce062357, 0x578f32fe, 0xfe58ff23, 0x217b8c48, 0xc77ffe6d, 
    0x05cf430e, 0x82ec0121, 0x020622cf, 0x2dc882c1, 0x00420001, 0x04050300, 0x0005005e, 0xc182401f, 0x4d590022, 0x1dab6e18, 0xb9423308, 0xf601a0b4, 
    0xfc5e0419, 0x0000993b, 0x00410001, 0x04990600, 0x00250072, 0x0309b656, 0x01040302, 0x19b04b4c, 0x16405850, 0x04040106, 0x01026100, 0x54820002, 
    0x0507082c, 0x57030303, 0x401b4e03, 0x1083001a, 0x01201d83, 0x01231d82, 0x884d5f01, 0x4059221c, 0x261c8210, 0x23250025, 0x5f142413, 0x3327065b, 
    0x36073313, 0x79323336, 0x1620060b, 0x23058756, 0x06222326, 0x82089156, 0x41450809, 0x3c1fafba, 0x7d735eb7, 0x77cf380f, 0x16469664, 0x0e7eb47c, 
    0x78385b2d, 0xb47811a0, 0x58661080, 0x0f5e8244, 0xc35e0474, 0x6381686f, 0xad57796b, 0x0214fd82, 0x296051f4, 0x2cfd6892, 0x6a5f0503, 0xfd5a7c3f, 
    0x21cf8347, 0xcf8455fe, 0x76003227, 0x21270b40, 0x07745602, 0x1f2ed485, 0x02020104, 0x07086106, 0x59060602, 0xe268054d, 0x01012105, 0x2105fc57, 
    0xdd820061, 0x83002321, 0x26268319, 0x01086107, 0x925f0707, 0x40592e25, 0x2b000119, 0x20232529, 0x191d1e1f, 0x06145517, 0x6108ae5a, 0x3723073c, 
    0x8f263613, 0x412320e7, 0x0724100d, 0x9d040606, 0x9209a056, 0x41b420f5, 0xa756101b, 0x1005410c, 0x2d0d2541, 0x008080ab, 0x6a000100, 0xc106ecff, 
    0xe7415e04, 0x03042107, 0x4108e741, 0x593205bd, 0x0401064d, 0x02620004, 0x00000201, 0x1b4e0057, 0x18871a40, 0x10820020, 0x01201d84, 0x01241d82, 
    0x4e015d01, 0x2913e741, 0x37230301, 0x22230606, 0x05842726, 0x2b452620, 0x22811805, 0x24088308, 0x06133736, 0x28cc8bc1, 0x15459763, 0x0d7eb47c, 
    0x11e8412c, 0x41a2fb21, 0xae3507ea, 0xfdec0281, 0x2a5f510c, 0xd4026892, 0x6a5ffbfc, 0x025a7b40, 0x21d384b9, 0xd3845efe, 0x34002930, 0x03093140, 
    0x01020302, 0x0204064c, 0xda410202, 0x62002e05, 0x00000101, 0x01084d5d, 0x075b0707, 0x30c6824e, 0x14290029, 0x14241323, 0x0b092524, 0x13012b1d, 
    0x27b1a233, 0x03230333, 0x0b450805, 0x98099e42, 0xbab426b5, 0x5efe450c, 0x23b99e01, 0x5efea2fb, 0x27083b47, 0x16069906, 0xdf022602, 0x07211082, 
    0x07477b06, 0x00004126, 0x03069906, 0x0a2f1787, 0x0089026c, 0x00ffff00, 0x065bfe41, 0x85720499, 0x07012417, 0x18016c0a, 0x430e0b44, 0x042805cf, 
    0x006c0458, 0xb5440013, 0x5e05225a, 0x122305aa, 0x43040400, 0x592005af, 0x2507255a, 0x0016401b, 0xfb550101, 0x0c3e5a05, 0x200be355, 0x08b14203, 
    0x250c405a, 0x4820adba, 0x8e586eb8, 0x9802280a, 0x5e0468fd, 0x586172c5, 0xe3880880, 0x05580423, 0x20b382f5, 0x231082e6, 0x58cf0606, 0xa7430682, 
    0x6a042105, 0x212ca782, 0x0a406900, 0x01020111, 0x05000120, 0x2007575f, 0x2397821c, 0x01046103, 0x2109e74b, 0x596a0505, 0x00612605, 0x20401b4e, 
    0x23188400, 0x61040101, 0x5f20d582, 0x8a060a4c, 0x40592c22, 0x1e000113, 0x1013151b, 0x180d0e0f, 0x4a09d99b, 0x0356069d, 0x18d88b05, 0x2508b15e, 
    0x8389e603, 0x97581c15, 0x4ae68909, 0x61590dbd, 0x26f18807, 0x023035ab, 0x89099602, 0x845820db, 0xb55822db, 0x20da8215, 0x062e6001, 0xd6901b20, 
    0x45180020, 0x1b220873, 0xd5941f40, 0x592a2189, 0x23260940, 0x23271311, 0x6f180b06, 0x78590a31, 0x0667450a, 0x07030730, 0x22230606, 0x101af001, 
    0x4a500a29, 0xce941b09, 0x0ba64518, 0x802acd91, 0x02000080, 0x5efe4100, 0xc7826c05, 0x2f002238, 0x13408400, 0x01050114, 0x0502011b, 0x06020305, 
    0x00010402, 0xd7860406, 0x05002422, 0x0522e582, 0xdf908002, 0x2507e156, 0x1b4e005b, 0x26882840, 0x8a13be41, 0x4059312a, 0x28000115, 0x181c1e26, 
    0x11121316, 0x000b0d10, 0x27063f5e, 0x27262201, 0x13252707, 0x404bf493, 0x02042113, 0x2008404b, 0x07345b4d, 0x2008d241, 0x06407267, 0x2115504b, 
    0x435bcb01, 0x07e14105, 0x941c9425, 0x4b947575, 0x00350c5d, 0xff010000, 0x0455fe25, 0x006c0458, 0x40690020, 0x04010d0a, 0x05e35c05, 0x2f057443, 
    0x0505001c, 0x01036102, 0x4d590202, 0x57040400, 0x6305b167, 0x402207d3, 0x18840020, 0x57050521, 0x228d09f2, 0x1340592c, 0x181a0001, 0x0f111415, 
    0xaf640b0c, 0x64072005, 0x37200caf, 0x43074e46, 0x0725089c, 0x06060703, 0x094f4675, 0x2110a843, 0x3d466f18, 0x0db2430b, 0x68fd8f35, 0x008080ab, 
    0x00ffff00, 0x045efe42, 0x026c045a, 0x50630406, 0x5822082b, 0xc7431606, 0x60072006, 0x41220833, 0xff8313fe, 0xca221788, 0x2f934201, 0x7b600a20, 
    0x00412307, 0x478b0400, 0x936bcc20, 0x20178506, 0x20478703, 0x07db600a, 0x5bfe4122, 0xc7575f89, 0x8bfe2117, 0x7f57238b, 0x48fe2115, 0x6d22478c, 
    0x7f499fff, 0x4100330f, 0xc8065efe, 0x26000306, 0x0000e602, 0xa8022700, 0x5352bb04, 0xbc042105, 0x01210782, 0x2bd98200, 0x5e04d104, 0x24001500, 
    0x06112140, 0x089b4e18, 0x184d5921, 0x220a427a, 0x18150015, 0x08153775, 0x27262636, 0x03070606, 0x01efb942, 0x163a2924, 0x6a0f140a, 0xfeeab9b3, 
    0x183b28db, 0x6a101509, 0x81fd5e04, 0x4d48995a, 0x7f025c92, 0x8102a2fb, 0x434d9958, 0x7ffd5f9c, 0x28067f6f, 0x006c046d, 0x001f000f, 0x3771182d, 
    0x4d5f2209, 0x37711805, 0x00603708, 0x0110114e, 0x10171900, 0x091f111f, 0x010f0007, 0x160b060f, 0xe378052b, 0x02411808, 0xca103712, 0xdf9d53e8, 
    0x54e9cb8c, 0x6787df9f, 0x7b366a9d, 0x6a9c6689, 0xf27c7a36, 0xd2f83206, 0x73c6fa87, 0xbc9d60a1, 0x60ad805c, 0x7e5dbd9e, 0x066b6bac, 0xfa826d20, 
    0xf7022629, 0x06000000, 0x82086b0a, 0x22178706, 0x8602f505, 0xcf062217, 0x27178460, 0xd3fffeff, 0x8b04cd04, 0x0a221787, 0x178201df, 0x2108d385, 
    0x2e050105, 0x31002100, 0xb04b8c00, 0x4058500d, 0x0102001e, 0x05700201, 0x01030301, 0x0101005f, 0xdd7a4d59, 0x82062005, 0x23df8232, 0x13b04b1b, 
    0x1d202582, 0x02212582, 0x21249885, 0x1f842340, 0x0103002b, 0x72030505, 0x01050500, 0x374a9160, 0x17405959, 0x00012223, 0x3122292b, 0x181b3123, 
    0x07121516, 0x21012100, 0x310ca362, 0x33303133, 0x16161732, 0x37373233, 0x23060733, 0x42182322, 0x44411347, 0x04043106, 0x50111102, 0x03124ea9, 
    0x1c1ba020, 0x6c100faa, 0x28155441, 0x12090302, 0x7aaa9ebe, 0x195b41ca, 0x2b411620, 0x06072606, 0x00c800cc, 0x08734100, 0xaf7c1789, 0x066d210b, 
    0xaf7c1788, 0x056d220c, 0x088b41d3, 0xc76ece20, 0x222f8b0a, 0x88e1006f, 0x8885205f, 0x06062247, 0x7c2f96ba, 0x4c2409df, 0x6c046d04, 0x07245f86, 
    0x5e020a0b, 0xfe204785, 0x77881782, 0x17852720, 0x06060022, 0x06237f95, 0x4207cd06, 0x06210a3b, 0x224f882f, 0x88c10011, 0x066d2197, 0x22085342, 
    0x8b0ee80a, 0x2217882f, 0x8b66380b, 0x87032017, 0x7d0a2047, 0x47890ba7, 0xe70a0724, 0x5f898801, 0x42630721, 0xec20089b, 0x7c22478a, 0x17872b07, 
    0x8a360b21, 0x896d2017, 0x020b222f, 0x89778a7e, 0x980a2117, 0xfe211787, 0x0927415b, 0x0a070125, 0x5954006c, 0xdb410da9, 0x710a2111, 0x2109a37e, 
    0x53882605, 0x4b0b0724, 0xb392c600, 0x4c0b0722, 0xa520178a, 0x4d202f8a, 0x3f202f8c, 0x20085b41, 0x8317874e, 0x08f3419b, 0x3b422720, 0x6fa38a05, 
    0x05210e9f, 0x202b8401, 0x05a74afb, 0x8c092f7f, 0x0aaf4217, 0xd385178b, 0x00030031, 0x05e8ff5e, 0x00f50501, 0x00310021, 0x43740246, 0x343c05f5, 
    0x06070200, 0x00720201, 0x020e080a, 0x060a0106, 0x07070069, 0x010b6109, 0x4d5c0909, 0x260ae643, 0x0404010d, 0x440c6100, 0x1024080b, 0x35405850, 
    0x07233b83, 0x92800602, 0x9b5e203c, 0x8211203c, 0x8837203c, 0x216f873c, 0x82834d5e, 0x610a0626, 0x560a0a00, 0x13203e9b, 0x5c203e94, 0x15203ea7, 
    0x3d203e82, 0xa9447d88, 0x8bf48906, 0x09c04484, 0x1620ff8f, 0x3b204482, 0x4341448f, 0x4d5e2111, 0x17204299, 0x5c2042a5, 0x2020429a, 0x859942a5, 
    0xc3a24020, 0x59208098, 0x40350086, 0x23323327, 0x44000122, 0x3e404243, 0x37393a3c, 0x33463235, 0x0fdd4546, 0x10470f20, 0x24dd450b, 0x4f220121, 
    0x232d05c0, 0x32333636, 0x32331616, 0x06063337, 0x27f24502, 0x31da0135, 0x1c194556, 0x137e0621, 0x4d344f63, 0x172e2141, 0x4767137b, 0x0846065d, 
    0x98042c19, 0x1c33292a, 0x2b2a745c, 0x436f6151, 0xfe2a05f3, 0x0501055b, 0x0226022e, 0xe76c00fb, 0x10474405, 0x43056747, 0x262b08cf, 0x0001df0a, 
    0xcb060700, 0x4400e701, 0x04250aa3, 0x0206026c, 0x135346f7, 0x01010b23, 0x20178a85, 0x08434520, 0x9e015d22, 0x5e221794, 0x17948d01, 0xd6005f22, 
    0x60201794, 0x24077744, 0x6d04e8ff, 0x215f8906, 0x53760061, 0x20178b09, 0x462f8c62, 0x682209e3, 0x5f891d01, 0x23088346, 0x04de0a06, 0x6344e782, 
    0x49042005, 0x1930052b, 0x39002300, 0x04003640, 0x04020300, 0x05006703, 0x2505bd7e, 0x01074d5f, 0xa7780202, 0x10112d08, 0x1f210001, 0x14151a1b, 
    0x19111910, 0x48053949, 0xf4470c06, 0x36362806, 0x15062137, 0x18031614, 0x42083d72, 0x3f490707, 0x9d683005, 0x76fd1b6a, 0x025c7a02, 0x897b0187, 
    0x496a9a64, 0x612e0d45, 0x19195d9e, 0xf001ac7e, 0xad801213, 0x93419a5d, 0x4602201b, 0x5b49088f, 0x6c07240a, 0x49007604, 0x0724055b, 0x48034702, 
    0x022b4082, 0x00004b00, 0x5e04eb05, 0x18001400, 0x2115cb71, 0x71184d59, 0x15260dcb, 0x15000115, 0x564d151d, 0x0e0f3b06, 0x070b0c0d, 0x14011400, 
    0x2b160b0a, 0x26262221, 0x37023e37, 0x07213137, 0x03850321, 0x13254108, 0x07062223, 0x01331606, 0x55cb92fd, 0xf6a51c1d, 0xc6026f97, 0x36effd1a, 
    0xfe19ec01, 0x16023713, 0x874ffd19, 0x20d8916f, 0x88919220, 0xfaa7adfb, 0x9a01018b, 0xfe97bcfe, 0x039599b0, 0xc3c3d733, 0x25060b42, 0x4b0956fe, 
    0xbf876c04, 0x04c70323, 0x25bf83a5, 0x5efefcff, 0x17828804, 0x2600162a, 0x14b66800, 0x05040203, 0x29072a4f, 0x0505001d, 0x01016100, 0x054a0000, 
    0x61023005, 0x60020200, 0x0301064d, 0x4e035b03, 0x8221401b, 0x0d7c6740, 0x88066c69, 0x40593b23, 0x00171814, 0x171e2000, 0x00261826, 0x26160016, 
    0x0b081125, 0x13032b19, 0x4c180733, 0x23200915, 0x2723f682, 0x6f010323, 0x04360c3d, 0x091eaeff, 0x6a8c5518, 0x924dd8b9, 0x796d86d3, 0x63110d39, 
    0x4c188801, 0xfe340a1c, 0xb300065e, 0xef445b22, 0xccfd82d0, 0x1f604b7a, 0x2b02acfd, 0x0c1e4c18, 0x02000022, 0x1a39df88, 0x70002d00, 0x2c2d1440, 
    0x0503181c, 0x0f110405, 0x0502030e, 0x02030110, 0x06404f03, 0x04001c23, 0x21ed8504, 0xf8824d22, 0x2820ec84, 0x2420ec84, 0x2020ec83, 0x1882ec82, 
    0x01040427, 0x01010061, 0x31229127, 0x00104059, 0x23292b00, 0x001a0021, 0x11252a1a, 0xe78d0707, 0x17070226, 0x06062707, 0x1721ec87, 0x05c27636, 
    0x15020e28, 0x32331614, 0xf08a2737, 0x55656c27, 0x6e315a86, 0x2ff4853d, 0x43544802, 0x65817944, 0x7a336598, 0x53424b7a, 0x9b28f789, 0x7467d7fe, 
    0x1b187b6e, 0x0325fc84, 0xda517228, 0x1b4d1869, 0x701f2107, 0xff87b082, 0x00e00532, 0x00340024, 0x07404043, 0x20000101, 0x0605020f, 0x700c246b, 
    0x5f24060f, 0x0501074d, 0x3705084f, 0x04004d60, 0x4e045b04, 0x2c2e2526, 0x34263425, 0x24272615, 0x1b0b0824, 0x410f356b, 0x232110c5, 0x0dc74113, 
    0x210e406b, 0xd341031e, 0xdfb4230f, 0xd5415d01, 0x0b465f0a, 0x230edd41, 0xeafc4105, 0x210ddf41, 0xdf41ffff, 0x16062505, 0x2c032602, 0x0726f082, 
    0x1a02cb06, 0x17880000, 0x17870320, 0x016c0a23, 0x231789a1, 0x06026c04, 0x02262f84, 0x5efe5e00, 0xff42a604, 0xb6612306, 0xff420213, 0x0939500a, 
    0x7a555f20, 0x00612505, 0x4d600101, 0x5b206682, 0x220a0153, 0x53020505, 0x8d5705b8, 0x24228a05, 0x180f4059, 0x05fb4217, 0x25261529, 0x1a0b0710, 
    0x1823012b, 0x2110f546, 0x30413337, 0xa703370d, 0x191063b5, 0xb7678653, 0xd3934dd7, 0x3c7c6f86, 0xaf200a0f, 0x7f7e66fd, 0x5efe310a, 0x5c254e02, 
    0x84d0f143, 0x4b78cbfc, 0xfcbe2061, 0x0c474318, 0xd784a082, 0x05c1052f, 0x002200e0, 0x40430032, 0x04011b40, 0x23dc8203, 0x4c020605, 0x2007e376, 
    0x5744185c, 0x1807200a, 0x2e0a5744, 0x005b0000, 0x2c23244e, 0x2432232a, 0x82282432, 0x0b0822b9, 0x5db9941b, 0x072605dc, 0x22232626, 0xc5a00707, 
    0x3f610520, 0x6dd19d0d, 0xda90084e, 0x00020031, 0x0455fe4b, 0x006c04a7, 0x00310023, 0x180b407c, 0x740a9748, 0xf2510912, 0x05127405, 0xb8410120, 
    0x04042106, 0x200aeb69, 0x05ea5326, 0x2008fa42, 0x0a024108, 0x592c288a, 0x24251940, 0x292b0001, 0x31253124, 0x1ac64818, 0x0ba24718, 0x33033322, 
    0x2206aa5b, 0x18010607, 0x2a0ce657, 0x7f8b1504, 0x19133915, 0x186a8c56, 0x200eef57, 0xc9481899, 0x18bf200a, 0x280cf457, 0x7f8155fe, 0x5d215801, 
    0xfc571847, 0x63fc220b, 0xcc4818fe, 0x18ec2008, 0x2e090158, 0x00420001, 0x04340300, 0x0012006e, 0x570bb64a, 0x4b29058e, 0x585022b0, 0x02001240, 
    0x05df4402, 0x044d5923, 0x06475a01, 0xc2451620, 0x66022005, 0x5f200571, 0x59221887, 0x18820c40, 0x1200122d, 0x05113424, 0x332b190b, 0x6d073313, 
    0x17210531, 0x058d4907, 0x42032708, 0x0c1caeb9, 0x1464b12c, 0x0c1e1036, 0xb679213d, 0x5e047413, 0x026755ac, 0x0802b501, 0x44fd7193, 0x10000100, 
    0x8b8455fe, 0x4000202d, 0x08103d40, 0x1f030402, 0x64040001, 0x02200a00, 0x2a064977, 0x04000004, 0x04040059, 0x82056100, 0x51003120, 0x1a1d0001, 
    0x0b0e1214, 0x20000607, 0x06062001, 0x8f09d460, 0x08355686, 0x891c0126, 0x011c1583, 0x34569591, 0x56a38d0d, 0xff2e0731, 0x00a7ffff, 0x04340300, 
    0x0326026e, 0x3f670035, 0xff072105, 0x24064b71, 0x35b02fff, 0x2714822b, 0xf0ffd0ff, 0x5e04c202, 0x23075b41, 0x4c010302, 0x57065b41, 0x61410826, 
    0x00572505, 0x16401b4e, 0x00221486, 0x447b5700, 0x015d2208, 0x0f5b414e, 0x23030129, 0x06062337, 0x7b262223, 0x022108f0, 0x21c686c2, 0x5c413713, 
    0xa2fb210a, 0x21095e41, 0x8f84bc02, 0x8455fe21, 0x0020288f, 0x0d37403a, 0x41020205, 0x0320075f, 0x21059b63, 0xbb6c6101, 0x04043905, 0x01056200, 
    0x00610000, 0x1d00014e, 0x1114151a, 0x00080b0f, 0x06200120, 0x2105635e, 0x818f3337, 0x23033322, 0x2b085941, 0xe5fe2702, 0x1c091c2a, 0x64b12c0c, 
    0xb430908a, 0x081c09b9, 0x1f0c573c, 0xfe261910, 0xab000155, 0xfb249d8b, 0x3332aba2, 0x30068c57, 0x00700001, 0x04540200, 0x00120069, 0x09224025, 
    0x21948201, 0xbf82004c, 0x5f219d83, 0x7765184d, 0x00122909, 0x04342412, 0x212b180b, 0x0807b45b, 0x3636372c, 0x021e3233, 0x12010307, 0x5c2c0f7b, 
    0x1134253a, 0x2e3f0b1c, 0x2b618044, 0xe9027b12, 0x02215c58, 0x0402a902, 0x6e935626, 0x528214fd, 0x21057b59, 0x6b82ef02, 0x1f001127, 0x01001c40, 
    0x21f48201, 0x658b0000, 0x11001123, 0x21658442, 0x50181333, 0x063b0a8a, 0x41030706, 0xbb8d187c, 0x0a3d2f5c, 0x2532101c, 0x0f49683b, 0x91ec027c, 
    0x820446a6, 0x22023c62, 0x17fd575c, 0xff010000, 0x035efefc, 0x006e0436, 0x40340016, 0x02050d31, 0x82010203, 0x02012ccc, 0x80020001, 0x02030104, 
    0x82008603, 0x5901210a, 0x02267a82, 0x01020061, 0x97825102, 0x1600162b, 0x05133424, 0x032b1906, 0x124b4313, 0x04032324, 0xb9420246, 0x460a2511, 
    0xa2015efe, 0x210db142, 0x8f6b5efe, 0x50032305, 0xab421606, 0x07002d05, 0x2d01cb06, 0xffff0000, 0x13fe9bff, 0x2409c342, 0xca060600, 0x08bf6bdd, 
    0x88920321, 0x0a06232f, 0x1789046e, 0x17883420, 0xcd060724, 0x47834dff, 0x00420027, 0x06620300, 0x225f862f, 0x52110b06, 0x17830623, 0x03063422, 
    0x07241786, 0xb4006c0a, 0xff232f83, 0x895bfee8, 0x82012077, 0x18fe2017, 0x84102fa0, 0x055c2223, 0x223b86d3, 0x836c0a27, 0x06012523, 0x00c3ce06, 
    0x24050963, 0x35b046f9, 0x2397842b, 0x8bfe49ff, 0x06234f8b, 0x56f2fdce, 0x00210d27, 0x2ca38402, 0x005e04f6, 0x0016000f, 0x08304033, 0x43781801, 
    0x4d592113, 0x012aad82, 0x4e015701, 0x14160000, 0x2d821012, 0x16310f22, 0x09437818, 0x06073b08, 0x23130706, 0x23232203, 0x32331303, 0x23233637, 
    0x9601b942, 0x131ba6bf, 0xcbaa6b81, 0xe003039a, 0xe3cb5f45, 0xcbe62321, 0xa0c35e04, 0xfe27a370, 0xfea2013f, 0xbf3b025e, 0x838500cb, 0x849d0421, 
    0x00183c83, 0x09354038, 0x01010501, 0x0701004c, 0x01040501, 0x01026805, 0x4d590000, 0x7d040400, 0x572c0552, 0x10104e03, 0x18100000, 0x11131710, 
    0x0e248882, 0x08113111, 0x28055b45, 0x33322103, 0x16013301, 0x238f8216, 0x33030323, 0x08053246, 0xb3b94248, 0x0c0a0145, 0xcf43010c, 0x566da1fe, 
    0xddf81a13, 0x90fc41af, 0x6c0f108f, 0xfe5e048f, 0xfea3015d, 0x71a4263f, 0x2402c69c, 0x5d6879fe, 0x0000665c, 0x3d000100, 0xed03e8ff, 0x2b006c04, 
    0x2d403000, 0x03071b1c, 0x93820301, 0x48030321, 0x401806a4, 0x602f08ae, 0x00014e00, 0x15171e20, 0x2b00090b, 0x4f052b01, 0x27260597, 0x37352626, 
    0x81841616, 0x24272723, 0x05214337, 0xf5451620, 0x065a0807, 0x04171716, 0x01020e07, 0x0fcda8c3, 0x08ae0101, 0xa3796172, 0xb397100d, 0x1028dbfe, 
    0xa174c380, 0x03061ba9, 0x68570da5, 0x0a0c9d67, 0x01a25e4a, 0x85102723, 0x848e18cf, 0x1d070d07, 0x496c505c, 0x482c256a, 0x4f8e5df4, 0x15156683, 
    0x645c3c1e, 0x17443a4a, 0x5ff14828, 0xbb825494, 0xfed4ff23, 0x27bb8455, 0x40460038, 0x081c1d43, 0x2f2abb82, 0x37010401, 0x03050001, 0xc38b004c, 
    0x00610427, 0x4d600404, 0x0a6f5c00, 0x35000130, 0x212c2e32, 0x0c16181f, 0x0138000a, 0xd1820738, 0x26221326, 0x34331337, 0x2322d2a3, 0xf1442722, 
    0x8ae02508, 0x0b491582, 0x812adda6, 0x092465a8, 0x200d4f4f, 0xa9711910, 0x03bb2205, 0x21eb9e02, 0xb371d946, 0x01002506, 0x5dfe3d00, 0x3c37f384, 
    0x47404a00, 0x03182c2d, 0x01020503, 0x01090300, 0x010a0001, 0x7b040102, 0x5f2008c1, 0x0ada4718, 0x01004d3b, 0x00610201, 0x025b0202, 0x3100014e, 
    0x1c26282f, 0x070c0e1a, 0x013c0005, 0x32f7833c, 0x1e272205, 0x36363302, 0x06061737, 0x27260627, 0x41263703, 0x473328d9, 0x2b342b3c, 0x1c60281e, 
    0x3b7c252e, 0x942d7061, 0x41040c03, 0x0d3229ea, 0x0129716d, 0x2174162f, 0x7b010142, 0x026c016e, 0xfb412521, 0xffff2122, 0x2f05b742, 0x26021606, 
    0x00004803, 0xcb060700, 0x0000a001, 0x06231790, 0x82776d0a, 0x2517831e, 0xed035efe, 0x2f876c04, 0x01750a23, 0x212f8712, 0x47880504, 0x6e0a0622, 
    0x13202f88, 0x06232f8b, 0x8a0301ca, 0x8803205f, 0x016c2247, 0x21178527, 0x2f895bfe, 0x0a070125, 0x440d006c, 0x9b850d83, 0x070c0423, 0x233b8732, 
    0x8201310b, 0x09228388, 0x17882c07, 0x81003222, 0x06205389, 0x27206b87, 0x5b835385, 0xb2187383, 0xc7430e77, 0x06022306, 0xf0824803, 0x2e000131, 
    0xe403e8ff, 0x28006c04, 0x24402700, 0x43131428, 0xdf4607d7, 0x07104206, 0x4e02602a, 0x222b252c, 0x2b1a0b04, 0x26053a66, 0x06060716, 0x42060707, 
    0x172206db, 0x95690606, 0x37372306, 0x3d663636, 0xac4a0806, 0x78abd93b, 0x131053ae, 0xabc1a5a7, 0x737d0c13, 0xa6269265, 0x82aefc35, 0x131056b8, 
    0x63afa0a9, 0x780d0b68, 0x207a6f62, 0x96795d03, 0x70609353, 0x272c269b, 0x56634773, 0x9791265b, 0x71629a58, 0x17282597, 0x5c483f48, 0xaa823965, 
    0x00010033, 0x04000057, 0x00e60593, 0x4037002b, 0x03010c34, 0x4fbe1804, 0x00692308, 0xb1840505, 0x004d5c29, 0x5f010202, 0x45020607, 0x2c82069e, 
    0x21252b26, 0x242d2124, 0x2405a277, 0x3233023e, 0x82bc8516, 0x020e2206, 0xce761823, 0x3233210a, 0x4d08bb88, 0x15b85703, 0x7d81d58b, 0x151458b9, 
    0x8d026e9f, 0x8c141b94, 0x1da583d6, 0x13a173a4, 0x81867f14, 0x74495b1c, 0x70110b4c, 0x12aa6d77, 0x7c5304b8, 0xad5c63b4, 0x24ac7f79, 0x9cc60e0e, 
    0xa769b876, 0x94716c87, 0x417649aa, 0x6c838f67, 0xbb83b0fb, 0x04ecff23, 0x25bb8284, 0x40550034, 0xbb821d0a, 0x00011c24, 0x8f650203, 0x4f002007, 
    0xbe8206ff, 0x00030324, 0xea7b0261, 0x401b2205, 0x23188a1a, 0x4d570000, 0x3707ac44, 0x594e025d, 0x31330b40, 0x181a1f21, 0x0b051123, 0x03012b18, 
    0x24361323, 0x0e28db84, 0x16060703, 0x07021e17, 0x270cfd49, 0x2e272636, 0x033e3702, 0x08059c41, 0xb2bd0180, 0x0125b0b4, 0xaa63ad06, 0x3a0c155b, 
    0x09083441, 0x522a3045, 0xf3180e2d, 0x269d64b3, 0x5861205e, 0x0a0b856a, 0x4a283550, 0x380a0b29, 0x110a3942, 0x88675972, 0xdbfb2504, 0xe4dd2504, 
    0x4a7c9e4c, 0x2d444760, 0x24285038, 0x97567655, 0x9c1f31a6, 0x4c562f16, 0x232d6045, 0x3f43624d, 0x424d3c4b, 0x0085636b, 0xffa30001, 0x054502f2, 
    0x000e0068, 0x08254028, 0x09000101, 0x02010201, 0x5a6d004c, 0x02022105, 0x270bd148, 0x03101325, 0x012b1906, 0x0807e54c, 0x23061721, 0x01372622, 
    0x0db5b471, 0x36114534, 0x4c3c0b17, 0x05168793, 0x4dbafb68, 0x98040843, 0x42889a14, 0x58200517, 0xb3206382, 0x16246382, 0x0a406400, 0x3907e144, 
    0xb04b4c02, 0x4058500a, 0x0405001e, 0x03700504, 0x04000001, 0x0206075f, 0x46670404, 0x00612905, 0x025d0202, 0x1d401b4e, 0x05212082, 0x221f9785, 
    0x820f4059, 0x00162d64, 0x13111116, 0x08111325, 0x012b1c0b, 0x830a3169, 0x23132ba0, 0x33133337, 0x19b30203, 0xa88b70e5, 0x19a8722b, 0x2cb42ca9, 
    0xfd9a5e04, 0x26b0875e, 0x019ab002, 0x85f6fe0a, 0xfe4923b7, 0xb7830254, 0x6f00232b, 0x011c0b40, 0x081d0106, 0x05587802, 0x2535b883, 0x02020300, 
    0x06007003, 0x06010001, 0x01058000, 0x5f020101, 0x056f6004, 0x07000028, 0x07070061, 0xbf820761, 0x27822420, 0x9e850321, 0x40592526, 0x1113280b, 
    0x17260082, 0x1e0b0823, 0x8c47132b, 0x27272405, 0x86372626, 0x0a076abe, 0x06161731, 0x49222306, 0x0d1e0f19, 0x04056374, 0x8615727f, 0x89e520ca, 
    0x060630e1, 0x457ea850, 0x02965dfe, 0x525a5902, 0x867e980a, 0x38eb87d9, 0x5c985b63, 0x00010000, 0x0247fe34, 0x006805ba, 0xb55f0018, 0x0102010a, 
    0x22964101, 0x96416120, 0x411f821e, 0x18270596, 0x11111800, 0x41232514, 0x8d441096, 0x08d98605, 0x1aba022b, 0x4b11b2ec, 0x0a2a1a3c, 0x31441008, 
    0x1044834e, 0xa61aa6b9, 0x042cb72c, 0xd2fb995e, 0x02073d67, 0x400f06a0, 0x5c046082, 0x069c4199, 0x58000124, 0xb7848e01, 0x59000b22, 0x21054742, 
    0xbc82001f, 0x0670022a, 0x05000501, 0x01010386, 0x5720dc82, 0x01240682, 0x01046000, 0x5023e782, 0x821e401b, 0x85022121, 0x59232098, 0x18000e40, 
    0x230a4db5, 0x132b1b06, 0x2b0a7a41, 0x19a75ea1, 0x2cb42ca7, 0x5eee19ee, 0x37207a82, 0x993b8984, 0x0000c9fd, 0xff8dff02, 0x050103ec, 0x001a0068, 
    0x407e0027, 0x0305130c, 0x82060703, 0x42072075, 0x262007e3, 0x23082a42, 0x07060107, 0x240d2a42, 0x62000707, 0x25ad8208, 0x1b4e005d, 0x2b422540, 
    0x2a279c07, 0x01174059, 0x161e2000, 0x18111214, 0x24071788, 0x1a011a00, 0x06cb4909, 0x25270724, 0xba8a3313, 0x21139d63, 0x9d639701, 0x88362008, 
    0x635020d8, 0x14291395, 0x77904a68, 0x011301e8, 0x21f28545, 0x8d631dfe, 0x02210812, 0xe8ff5800, 0x68052906, 0x40003400, 0xb04b4701, 0x40585030, 
    0x02192b0b, 0x01030d07, 0x4c020700, 0x230d881b, 0x4c020c01, 0x0806b241, 0x0400322c, 0x70040303, 0x0b020900, 0x800b0902, 0x0d000b00, 0x690d0b07, 
    0x0202060a, 0x085f0302, 0x03030205, 0x010c4d59, 0x61000707, 0x69180e01, 0x31200cca, 0x04213982, 0x8338ae85, 0x003c2393, 0x38960804, 0x00610826, 
    0x4d5f0808, 0x05217d86, 0x217c9201, 0x3ead4440, 0x07070023, 0x068b4f01, 0x000c0c3d, 0x00010e61, 0x4e006000, 0x40595959, 0x3d000123, 0x2f36383b, 
    0x2325272d, 0x651e2022, 0x0f2c056c, 0x0b0c0d0e, 0x0005070a, 0x0f340134, 0x2106cc41, 0xc2440606, 0x0703440a, 0x3726372a, 0x33361236, 0x23071632, 
    0x22059651, 0x84361706, 0x020e220e, 0x05c44b25, 0x06222330, 0xe4030607, 0x45369960, 0x947f4e98, 0xe4416e1a, 0x6e360808, 0x4b31420e, 0x1d213a6a, 
    0xb398fca8, 0x07b505d7, 0xda93726d, 0x7116141f, 0x78867ee4, 0xca871114, 0x7246f0fe, 0x0f0da361, 0x5fa55973, 0x353a1804, 0x9f9c382d, 0xfc419802, 
    0xfd3a0805, 0x46455669, 0x01aac28f, 0xa1c39404, 0xbde1794a, 0x76605c78, 0x95616f8e, 0x5a43e454, 0x5b615b52, 0x01000004, 0xf6feedff, 0x6c044802, 
    0x64001600, 0x010a0a40, 0x01090201, 0xef450100, 0x4871200d, 0x5f2107b8, 0x0ad9454d, 0x45045721, 0x862007ef, 0xef451f97, 0x37232112, 0x2d079366, 
    0x32333627, 0x33030716, 0x23032307, 0xee451313, 0x1788210c, 0x32062345, 0x4da2029a, 0x98050743, 0xfd889a14, 0xf6fe9a50, 0x82000a01, 0x1b002bb3, 
    0xb402f2ff, 0x1e006805, 0xa3467d00, 0x00282a11, 0x07060607, 0x020a0b70, 0x2dad8204, 0x67000401, 0x05050109, 0x01085f06, 0xad460606, 0x8227200e, 
    0x8507212a, 0x592229a1, 0x77821440, 0x1e001e25, 0x83111c1d, 0x25132600, 0x0b0c1113, 0x14bc461f, 0xe1833720, 0xd6833320, 0x77020725, 0x4633e41a, 
    0x36240bc4, 0x23a91aaa, 0x2805c846, 0x23e519e5, 0xfe9af102, 0x07cc46cb, 0x9a43013a, 0x0a019ad3, 0xd39af6fe, 0xffff0000, 0x5efe5800, 0x6805b302, 
    0x5a032602, 0x07247b82, 0xa700750a, 0xff251785, 0x064b03f2, 0x27178560, 0x4f0b0701, 0x48002b01, 0x21050d71, 0xa774b048, 0x1d002305, 0x3b8a13fe, 
    0xca060623, 0x2042825f, 0x255382ff, 0xb302f2ff, 0x3b870d07, 0x006c0a25, 0x4a0a014c, 0x012105d3, 0x843c830a, 0x895b2077, 0x0701253b, 0x69ff6c0a, 
    0x230f534b, 0x8bfecbff, 0x0623238b, 0x9074fece, 0xfe9a2223, 0x22478c48, 0x8fbcfe6d, 0x58002123, 0x2322cb82, 0x8f880c07, 0xe6fe6b22, 0x02218f85, 
    0x238f85b8, 0x59000100, 0x9426b382, 0x12006805, 0xeb415e00, 0x001c2611, 0x03040403, 0x23dd8270, 0x01055f04, 0x20108d48, 0x211e821b, 0x1d958503, 
    0x0d405922, 0x12291882, 0x25131200, 0x0b061113, 0x11cc411a, 0x02033326, 0x71e51894, 0x270bc041, 0x042cb4b8, 0x56fd925e, 0x2307b441, 0xf6fe5404, 
    0x2a23a382, 0x830254fe, 0x001f2da3, 0x180b4069, 0x19030401, 0x04000208, 0x29074443, 0x02010023, 0x00700102, 0x8e820304, 0x0080002b, 0x5f020303, 
    0x59020200, 0x4970184d, 0x401b220a, 0x21258222, 0x249c8501, 0x0940592b, 0x11111328, 0x0b062317, 0x0d75481c, 0x480c7972, 0x2a200571, 0x820a7148, 
    0x89e520b6, 0x106d48c9, 0xd487c583, 0x25056a48, 0x5900ffff, 0xd3835efe, 0x03260223, 0x067f426a, 0x00008823, 0x251782ff, 0x2c03f2ff, 0x17856006, 
    0x0b070125, 0x420c014f, 0xff230f7f, 0x8a13fefe, 0x0606233b, 0x428240ca, 0x02233b85, 0x870d0794, 0x6c0a233b, 0x7f422d00, 0xfe4b2210, 0x253b895b, 
    0x6c0a0701, 0x37424aff, 0xacff230f, 0x238b8bfe, 0xfece0623, 0x22239055, 0x8c48fe7b, 0xfe6d2247, 0x21238f9d, 0xcb825900, 0x0c070422, 0x6b228f88, 
    0x7f42c7fe, 0xff632c10, 0x047a04f2, 0x0013005e, 0x6c11b550, 0x13360aa3, 0x01010103, 0x02004d59, 0x04620002, 0x00000205, 0x1b4e005d, 0x15861740, 
    0x57040422, 0x05201a85, 0x30052d48, 0x01114059, 0x0e0f1000, 0x05080a0d, 0x01130004, 0x06746813, 0x2205fc6f, 0x83363233, 0x232a0808, 0x01060637, 
    0x23b0a8bb, 0x1572b475, 0xbe76766d, 0xb9b56e18, 0xc14b23ae, 0x02d6d00e, 0x8049fdc6, 0x02929a93, 0xd1a2fb9e, 0x4f41657a, 0x219b8405, 0xbf820206, 
    0x10827420, 0x6b0a0622, 0x00230582, 0x8400ffff, 0xf5052117, 0x4b6e1787, 0x2c178208, 0x56055105, 0x8f001b00, 0x020119b5, 0x093f4a05, 0x01010429, 
    0x05007004, 0x8a5f0105, 0x070621d6, 0xb159d686, 0x001d2505, 0x85040104, 0x40212498, 0x211f9021, 0x05410606, 0x41072006, 0x592b0605, 0x00011540, 
    0x14151718, 0x410f1112, 0x1b23050a, 0x76081b01, 0x13210f33, 0x06496833, 0x41032321, 0xa1291212, 0xa0230622, 0x04aa1c21, 0x101a41a5, 0xd6223808, 
    0x1afcaac6, 0x00657ad1, 0xfefdff01, 0x047a045e, 0x001e005e, 0x29b04b9e, 0x1db65850, 0x00010215, 0x401b4c01, 0x0301150a, 0x01011d00, 0x594c0203, 
    0x5020b04b, 0x54194058, 0x03230506, 0x7e010101, 0x57290549, 0x0601074d, 0x4e065b06, 0x213b841b, 0x208b2340, 0x0404002e, 0x01034d57, 0x62050101, 
    0x5d050500, 0x40212a88, 0x24258521, 0x04030300, 0x20248462, 0x20238200, 0x38238b61, 0x0f405959, 0x1e000000, 0x21241e00, 0x11241323, 0x2b1c0b08, 
    0x03331303, 0x05ce5306, 0x5b080984, 0x23073333, 0x020e2722, 0x26262223, 0xfe030327, 0x341170b4, 0xac744a71, 0x8fb47019, 0x1d3d2809, 0x0ee2241a, 
    0x2d706f29, 0x1552602b, 0x065efe5e, 0x6a5afd00, 0x9a8f3c83, 0x9ffca602, 0xa99b2b37, 0x1d205148, 0xc9fd4048, 0x10000200, 0x1305f2ff, 0x16005e04, 
    0x6c001f00, 0x0a0105b5, 0xcb41ff82, 0x0b1f3905, 0x04030608, 0x00020309, 0x6800040a, 0x05050107, 0x0a004d59, 0x0261010a, 0x5725d782, 0x401b4e01, 
    0x22219323, 0x83570101, 0x4d022026, 0x592306ef, 0x18001540, 0x290c257e, 0x11112313, 0x2b1e0b0c, 0xba410701, 0x20c38205, 0x06104737, 0xdc822120, 
    0x50210721, 0x053c06e2, 0x58b01713, 0xc14b23ae, 0x23b0a86f, 0xbd17be15, 0x0249b44a, 0x4ab54916, 0x12eafdcb, 0x2f05fa42, 0xfd8a9f02, 0x657ad1eb, 
    0x8a7dd6d0, 0x41febf01, 0x8a250383, 0x9a93806e, 0x0bfb4292, 0xe3421620, 0x06072106, 0x25071f6d, 0x04f2ff63, 0x1789067a, 0x07b34d18, 0x4e18178e, 
    0x17840843, 0x86d30521, 0x06062347, 0x5f9475ce, 0x4e180a20, 0x2f84075b, 0x869c0621, 0x0a07252f, 0x002c0170, 0x20077343, 0x2277887d, 0x87ba0606, 
    0x4cfe2547, 0x5e047a04, 0x76222f88, 0x2f886402, 0xf76da78a, 0x435f8508, 0x0a2208bb, 0x8f8a06e8, 0x43630721, 0xe42008eb, 0x8320178a, 0xed20178a, 
    0xe9202f96, 0xa78a178b, 0x8affcd21, 0x2f06215f, 0x07245f86, 0xb900110b, 0xfe21a785, 0x25bf895b, 0x6b0a0701, 0x4745e4fe, 0xe3811805, 0xfe63220a, 
    0x23238b67, 0x41ffcf06, 0x22106b45, 0x8c48fe63, 0xff6d2247, 0x232391a1, 0x7a04f2ff, 0xec21cb8a, 0x219b8a5e, 0xfb882b07, 0x8676eb21, 0x229b8e17, 
    0x954e006c, 0x24ef8853, 0x01710a07, 0x23d78553, 0x5105f2ff, 0x77201784, 0xa76f4c82, 0x8e632009, 0x0a574217, 0x478d2f8b, 0x82f50521, 0x7347839b, 
    0xff2906b7, 0xfe6300ff, 0x0551055b, 0x22178556, 0x900a0701, 0x01002f9b, 0xecff6400, 0x5e047904, 0x24001100, 0x78452140, 0x4504200a, 0x0121052e, 
    0x062f4600, 0x11011123, 0x11244505, 0x06032708, 0xd4fe0104, 0xb47423c6, 0x82721872, 0x7218a082, 0xfe2273b4, 0xd5e114f1, 0x4dfdbc02, 0x918a8a91, 
    0x44fdb302, 0xde82e4d2, 0x6b848f82, 0x9520ef84, 0x0027ef89, 0xff100002, 0x821305ec, 0x00142283, 0x1382181d, 0x18592014, 0x2d081382, 0x004e015d, 
    0x16191b00, 0x00140015, 0x00821114, 0x1123132c, 0x2b1d0b0b, 0x07230701, 0xea430406, 0x8213201b, 0x82d72096, 0xbd132fa9, 0xb44abd17, 0x4a16024a, 
    0xfdcc49b4, 0xb68511ea, 0x8a9f0228, 0xe1e4d273, 0xe74373d5, 0x836a2009, 0x43b794bd, 0xcf8e0887, 0x8f083f43, 0x2b521817, 0xfe642907, 0x04790448, 
    0x0326025e, 0x0125ff82, 0xff6d0a07, 0x102b42a0, 0x06213b8d, 0x071b4306, 0x02201785, 0x00203b85, 0x84096747, 0x63072117, 0x93431788, 0xfe642207, 
    0x226b8c5b, 0x43e3fe6b, 0x3b831033, 0x8205b743, 0x4353828f, 0x538f07b7, 0x8407b743, 0xf5062117, 0x17446b88, 0x226b8f07, 0x9e4d006c, 0x092b45d7, 
    0x1b43ef8d, 0x05974206, 0x05510527, 0x00190056, 0x05af515a, 0x48001d21, 0xa7421520, 0x401b2205, 0x10fa471c, 0x18020221, 0x2408ff95, 0x01134059, 
    0x0af24700, 0x60181920, 0xfd4808e4, 0x08f2470b, 0x4710d542, 0x052107f0, 0x0fdd425f, 0xc6d62228, 0xd2bcfdaa, 0xdf4200e4, 0x069f4305, 0xcf43a620, 
    0x4364200c, 0x17820887, 0x0a070122, 0x8c161f41, 0x07f3433b, 0xecff6422, 0xf343178b, 0x24178408, 0x2602f505, 0x20538203, 0x09f34300, 0x04201782, 
    0x20050346, 0x46838295, 0x67410903, 0x412f2005, 0x5b4506bb, 0x21178409, 0x1786d305, 0x84097b46, 0x2b072117, 0x4408eb41, 0x642207ef, 0x57424cfe, 
    0x07002609, 0x17020c0b, 0x23fb8600, 0x9c067904, 0x93462f86, 0x84478409, 0x218f85a7, 0x534358cf, 0x0ab7420a, 0x22076745, 0x8967fe64, 0x0701255f, 
    0x40ffcf06, 0x2c0d4b42, 0x93000100, 0xa6040000, 0x0c005e04, 0x9b851800, 0x6059200c, 0x0c200a23, 0x089b8518, 0x33032908, 0x17161613, 0x01373636, 
    0x85010133, 0x0e81bcf2, 0x411f0712, 0xcd5c0126, 0x5e049cfd, 0x914969fd, 0x49914646, 0xa2fb9702, 0x01269882, 0x0000d9ff, 0x5b89ec03, 0x01020023, 
    0x0513764c, 0xc3570120, 0x88248205, 0x13012e5b, 0x26260323, 0x07060627, 0x02012301, 0x2a5b88fa, 0x02cda4fe, 0xfb5e0464, 0x859702a2, 0x69fd255d, 
    0xffff5e04, 0x0525b785, 0x032602f5, 0x234682b5, 0x3acf0606, 0x22050b41, 0x835bfe93, 0x251785cf, 0x6c0a0701, 0xf3902f00, 0x0000a324, 0x9782a306, 
    0x27001e28, 0x0f1a2440, 0x85180306, 0x471808eb, 0x1e270c16, 0x18111e00, 0x18061118, 0x8407eb85, 0x411320f9, 0x13220702, 0xab180133, 0x2c080857, 
    0xbf9a3d01, 0x07130a37, 0xd729592f, 0x110933c0, 0x2a593006, 0xf4fdbfd9, 0x120b3db3, 0x2a572d08, 0xfe5e04e4, 0x86d75818, 0x015ed780, 0x230982e8, 
    0xd57f85d5, 0xfb2c0982, 0x59fa01a2, 0xcf6f70d0, 0x0007fe5c, 0x9784d382, 0x82020621, 0x82b920bb, 0x0a0724cc, 0x82e9006b, 0xff012107, 0x05210582, 
    0x2aaf8be9, 0x4c010300, 0x03020405, 0x7c4d5903, 0x288207b7, 0x4d41af8a, 0x88032009, 0x012321a4, 0x0521ba88, 0x21af934f, 0xaf8a0c02, 0xe8209b82, 
    0xfe24b185, 0x58e80118, 0xfe21b184, 0x20c78218, 0x21b18506, 0x7182f901, 0x1620b388, 0x6d23b388, 0x89009f01, 0x231788cb, 0xa901cc06, 0xcb221794, 
    0x178ac802, 0x47880320, 0x4f026c22, 0xfe251785, 0x04a3065b, 0x2517855e, 0x6c0a0701, 0xcf413601, 0x2083880d, 0x223b889c, 0x82150270, 0xff013c9c, 
    0x040000e4, 0x005e0467, 0x40260017, 0x070d1323, 0x00020401, 0x01014c01, 0x76590000, 0x17240bb9, 0x18121700, 0x08678618, 0xe1421720, 0x33372505, 
    0x27230101, 0x08059142, 0x011c0736, 0xcae7fee9, 0x142a1d68, 0xb2304b23, 0x012ffed6, 0x1c7bcc2a, 0x48221329, 0x3d02cf2f, 0x3bd92102, 0x6b32326c, 
    0xd6fdd93c, 0x39fbccfd, 0x672f2f67, 0xfffffb39, 0x06207f85, 0xc220d383, 0xbb838f82, 0xd3833720, 0x02201786, 0x1783af82, 0x6b0a0623, 0x871e82d1, 
    0x21eb822f, 0x17830306, 0xa8ff0134, 0x9f045efe, 0x1f006804, 0x09405b00, 0x010e111e, 0xbf820304, 0x2005e055, 0x4b328218, 0x373505de, 0x0303004d, 
    0x05066104, 0x33040402, 0x401b4e04, 0x0202001c, 0x38901831, 0x571e8e08, 0x1f350569, 0x25211f00, 0x07252115, 0x032b1b08, 0x022e0301, 0x33372323, 
    0x29f98232, 0x01330113, 0x33021e13, 0xaf4c0733, 0x01590805, 0xad1a0258, 0x322f1d14, 0x53241c2c, 0x8a1e4365, 0xfdc79e01, 0x1e11ace4, 0x1b2c3134, 
    0x426a5524, 0x63fe881b, 0x07035efe, 0x313ae601, 0x5920a60c, 0x0278fe57, 0xfe03fd4e, 0x0b2d310c, 0x50541ea6, 0xa9fd9501, 0xff010000, 0x0456feed, 
    0x005e04a6, 0x401e0017, 0x01060c1b, 0x0a8b4100, 0x6130af82, 0x18234e02, 0x190b0317, 0x1737032b, 0x37373616, 0x210b6a44, 0x8c820606, 0x48133508, 
    0x3c805311, 0x81bcf12f, 0x1f07110e, 0x5d012641, 0x4940fdcd, 0x452c77ba, 0x049c6bfe, 0x5d763713, 0x69fd6404, 0x46469049, 0x97024990, 0x7e85fbfa, 
    0xffff000e, 0x062c7785, 0x03260202, 0x000000c7, 0xe26b0a06, 0x8f850682, 0x05e40534, 0x002800e0, 0x0829402c, 0x24000101, 0x0418191e, 0xa36b0302, 
    0x06d3650c, 0x19289c82, 0x04244327, 0x012b1a0b, 0x67069e61, 0x07220692, 0x9c840133, 0xb48f2720, 0x48df0332, 0x5a704f29, 0x0d154026, 0x58081d0e, 
    0x0a4b1a4b, 0x0e20ad86, 0x042dc790, 0x6d4d8d5e, 0x8e04053b, 0x32390102, 0x20b98483, 0x21d19107, 0x43410200, 0x001a2b08, 0x40370023, 0x0a0f2034, 
    0x86180409, 0x5930141d, 0x0101004d, 0x004e0161, 0x001b1c00, 0x111a001a, 0x19230082, 0x490a1123, 0xb28d05dd, 0x33372323, 0x26861803, 0x4e042a0e, 
    0x39fe8b16, 0x2c77ba49, 0x30ad8645, 0x5a188e90, 0x013ebc45, 0xafcda8a4, 0xbdfef3fe, 0x05834129, 0x861e0327, 0x7e85c1fc, 0x26ae860e, 0x01869e02, 
    0x83c0fe40, 0xd1862103, 0x20058941, 0x09834100, 0x83411620, 0x06072406, 0x93c101cb, 0x6d0a2317, 0x17899800, 0x86d30521, 0x0606242f, 0x890057ce, 
    0x03062117, 0x07241786, 0x48016c0a, 0x9c20178a, 0x70221788, 0x5f930e01, 0x00cc0623, 0x211789a2, 0x2f855e04, 0x47840120, 0x410f5344, 0x0620056b, 
    0x0a23b388, 0x89350171, 0xf505213b, 0x77469b88, 0x822f8506, 0x03062253, 0x237b93c7, 0xbb006f0a, 0xa742dba2, 0x08bf420e, 0x06238787, 0x4257ba06, 
    0xd93505bf, 0x92040000, 0x17000806, 0x09403600, 0x0001060c, 0x01020004, 0x05ff504c, 0x02000c25, 0x474d5e02, 0x1b210664, 0x210e8340, 0x0e865f00, 
    0x43b55921, 0x01260667, 0x06262707, 0x76470707, 0x36362a0b, 0x04163233, 0x52114892, 0x0a684381, 0xcda3fe35, 0xba49c002, 0x05462c77, 0x14049cf3, 
    0xfb5d7737, 0x4197029c, 0xfd3c05de, 0x85050569, 0xffff0d7e, 0x0000a500, 0x47076d05, 0x1a042602, 0x07010000, 0xcd00ce06, 0x0f934618, 0x76202386, 
    0x0a232387, 0x1858006b, 0x8510d789, 0x888a2047, 0x87ba2047, 0xb8022347, 0xd3567401, 0x086b4105, 0x2505d343, 0x010b0b07, 0x74820076, 0x00930028, 
    0x047c0400, 0x8b18005e, 0xcc480f43, 0x000e210b, 0x16438b18, 0x49762708, 0x94c7d4fe, 0x1c0c1c12, 0x07011f36, 0x49f7fddc, 0xa502b901, 0x502a9cfe, 
    0x29513232, 0x5bfd6401, 0x010047fe, 0x63822100, 0x63823520, 0x25000b22, 0x097b8718, 0x004d5927, 0x5f030202, 0x05e26b04, 0x2f088b82, 0x220b000b, 
    0x0b052211, 0x37332b19, 0x37213701, 0x07010721, 0x17210721, 0xfd02f002, 0x47031ba9, 0x0224fd18, 0x861b6c02, 0xa70b2603, 0x0be3fc8f, 0x86050b58, 
    0x2602235b, 0xce82df03, 0xd60a0726, 0x45ffa000, 0x2105cf57, 0xfb8345ff, 0xff227f83, 0x7f830415, 0x52001322, 0x2305cb4b, 0x0401051c, 0x71239382, 
    0x56010100, 0x03230787, 0x825f0003, 0x00572584, 0x1b401b4e, 0x04211e83, 0x571d9486, 0x13300533, 0x11321300, 0x0b062322, 0x37052b1a, 0x21232636, 
    0x3231b189, 0x02070716, 0x260c0ae8, 0x17a0fd57, 0xfd02f802, 0x2bbb84a1, 0x6901021c, 0x1015858c, 0x69473beb, 0xa823c288, 0x83006585, 0x5efe219f, 
    0x1f2e9f84, 0x38403b00, 0x05030115, 0x03040116, 0x8e824c02, 0x2906db7c, 0x05020200, 0x0501065f, 0xb7465705, 0x04002505, 0x4e045b04, 0x1f2a1f82, 
    0x26241e00, 0x07221114, 0x35411b0b, 0x3233340a, 0x1e171616, 0x36323302, 0x23061737, 0x2e272622, 0x8c212302, 0x6731358b, 0x28325f81, 0x1f192a33, 
    0x5e291f2e, 0x447c5158, 0x4b543d27, 0x2c2e9788, 0x4e4e646d, 0x82100b19, 0x4d857030, 0xa385164a, 0x3a045530, 0x19005e04, 0x39403c00, 0x05000118, 
    0x95824c01, 0x005f0326, 0x4d590303, 0xa9848f82, 0xe9669e82, 0x13162a0c, 0x0a0b0d0f, 0x04050709, 0x06f14c00, 0x26220124, 0x2d413737, 0x6607200a, 
    0x032708cc, 0x158389b6, 0x4146fd1c, 0x176d0fef, 0x20a2880d, 0x09136da7, 0x21055f42, 0x03421606, 0x07002905, 0xac01cb06, 0xffff0000, 0x03201786, 
    0x0a231787, 0x8a33016c, 0x232f8817, 0x83006e0a, 0x6d201794, 0xfe251787, 0x0435045b, 0x0863425e, 0x14006c22, 0x230ffb44, 0x8bfe2100, 0x0623238b, 
    0x8d1fffce, 0x003b0823, 0x004c0002, 0x05a50400, 0x000e00d2, 0x40270017, 0x00010024, 0x05010405, 0x00040068, 0x02040302, 0x00000067, 0x03004d56, 
    0x4e035703, 0x26112124, 0x0b061021, 0x33012b1c, 0x64320503, 0x3d080559, 0x01230321, 0x37363221, 0x21232636, 0x33c04201, 0xc9a11801, 0x91111154, 
    0xe3fea4f1, 0x1001be36, 0xb79b1c01, 0x9a8c1414, 0xd205e7fe, 0x7301cffe, 0xc87673bf, 0x01bbfe78, 0x7a7a8ceb, 0x6d82008f, 0x7f825720, 0x7f82d920, 
    0x1f000524, 0x6d821c40, 0x035f022d, 0x2e020201, 0x0101004d, 0x824e012f, 0x00052a10, 0x04111105, 0x012b1808, 0x2d6c8207, 0x1cd90413, 0xbedb33fd, 
    0xa7d205f7, 0x3782d5fa, 0x02000024, 0x4382d7ff, 0x0b82e220, 0x0700032c, 0x23402600, 0x00020106, 0x3a824c01, 0x02254582, 0x03600102, 0x254b8601, 
    0x03000405, 0x4c820300, 0x232b1726, 0x25013301, 0x29324f82, 0x01ca1803, 0x0313fc29, 0x050cc804, 0xa72efad2, 0x38823704, 0x8c3e2682, 0xd105ecff, 
    0x1100e605, 0x25002100, 0x3b403e00, 0x00050108, 0x04050204, 0x03030067, 0x9e826101, 0x774d3421, 0x352e0988, 0x22224e00, 0x00011213, 0x25222522, 
    0xb1182324, 0x09200bfe, 0x14c4a918, 0x0f43b018, 0x3722dc82, 0xb218bc02, 0x02281a02, 0x8cfd1a5c, 0x0190141a, 0x2008b218, 0xa09d0223, 0x24c385a0, 
    0x05000030, 0x06174147, 0x3d000b26, 0x04003a40, 0x0524c584, 0x03010767, 0x2105ed5a, 0x2a824d2e, 0x065f0122, 0x3f052241, 0x04040808, 0x0b080000, 
    0x090a0b08, 0x07040704, 0x03000506, 0x09110300, 0x332b1708, 0x01072137, 0x303a0386, 0x1b28041b, 0x041cbbfc, 0xc6fb1c18, 0x1c83031c, 0x2b05a7a7, 
    0x72fda7a7, 0x4d83a7a7, 0x82570021, 0x18d72077, 0x2207eb9c, 0x45010100, 0x2e280551, 0x0001024d, 0x4e002f00, 0x072e2382, 0x11110700, 0x19080511, 
    0x2303012b, 0x03822113, 0xf6d7052f, 0xf2fcdbbe, 0x05f7bedb, 0x052efad2, 0x05dc412b, 0x2a000122, 0x8e204b82, 0x1e2d4b82, 0x2d403000, 0x00010110, 
    0x02020514, 0x05dd4901, 0xe3415f20, 0x21608507, 0x5a83032f, 0x1e001e25, 0x831a314a, 0x3733285a, 0x37363601, 0x83272626, 0x216d08b7, 0x16272622, 
    0x07011716, 0x07060601, 0x21333636, 0x011b2a07, 0x2c703df1, 0xfe295521, 0x4b0416bd, 0x52aafd1c, 0x5e223883, 0x0a060135, 0x905489fe, 0x5e924139, 
    0x9a1c6002, 0x5837bb01, 0x335a2122, 0xa78c9201, 0x62210402, 0x43b5fe43, 0x744caffe, 0xa702042b, 0x78000300, 0xcf06bfff, 0x15001306, 0x25001d00, 
    0xb04bdb00, 0x4058500c, 0x0547632d, 0x05010a22, 0x7133bd82, 0x08010103, 0x0607020b, 0x0c6a0701, 0x00060209, 0x83590600, 0x00062c07, 0x00010461, 
    0x1b510006, 0x8213b04b, 0x85232034, 0x822d8e34, 0x06052322, 0x4a826900, 0x052f0522, 0x07c07618, 0x2a822220, 0x9d850221, 0x2b402129, 0x38822484, 
    0x86050022, 0x82902a8e, 0x59595936, 0x1e1e1e40, 0x00001616, 0x251e251e, 0x1d161f20, 0x17181d16, 0x2208d582, 0x11111615, 0x080d1116, 0x37052b1b, 
    0x37022426, 0x37241236, 0x16073337, 0x06071204, 0x07070402, 0x823e0313, 0x01022314, 0xe1820e13, 0x02124208, 0xfec815c2, 0x20207ee7, 0xcb5401e2, 
    0xc915b715, 0x1f7e1801, 0xacfee320, 0xacdc15cb, 0x199ff59b, 0xb6fddb26, 0xa1f698ac, 0x41de2519, 0x01b0067e, 0x01c5c530, 0x7e06b131, 0xfeb0057e, 
    0xfec7c4d1, 0x390b82ce, 0xf2fb3105, 0x99e58305, 0xfb1b01e5, 0x050e04fa, 0xe69ce682, 0x0100e9fe, 0xb782d500, 0xd205f12b, 0x25001700, 0x01072240, 
    0x08d58205, 0x01050228, 0x0204066a, 0x4d2e0000, 0x2f020200, 0x11114e02, 0x11111313, 0x08081012, 0x33012b1e, 0x03050203, 0x00241323, 0x0a821313, 
    0x82171621, 0x08ad8205, 0xb8390654, 0x88fd6d40, 0xfe48b748, 0x39f3fecd, 0x2f3fb841, 0xb794f0a7, 0x7ed5a194, 0xfed2051f, 0x0c6efd7f, 0xb3014dfe, 
    0x01490106, 0xfe81014f, 0xeeeafe8a, 0xfc7f0305, 0xe2690481, 0x000000ba, 0x00200001, 0x05f30500, 0x002400e6, 0x232c402f, 0x01040001, 0xdc68004c, 
    0x4d342c06, 0x00000102, 0x05065f03, 0x42030302, 0x8a080590, 0x26240024, 0x11271711, 0x2b1b0807, 0x37213733, 0x36370226, 0x32332412, 0x06071204, 
    0x21070702, 0x36132107, 0x02363712, 0x06062223, 0x17120607, 0x011a2003, 0x89a80d69, 0x01d82224, 0x01c3c345, 0x24227a11, 0x010db7f2, 0xedfd1a69, 
    0x22e6b230, 0x92dad329, 0x221ba3f2, 0xa030a38b, 0x3801334c, 0x3a01cdd6, 0xc6feb2b2, 0xc8fed6cd, 0x01a04c33, 0x0f012e24, 0x1901f8cc, 0xcba5ed7f, 
    0xfe2ff1fe, 0xff0000dc, 0x00cd00ff, 0x82ca0600, 0x032724b3, 0x82d700f3, 0x0b0621c4, 0x1197da18, 0xe92723a3, 0x0a070000, 0x8200fc05, 0x17012147, 
    0x0a204783, 0x14bbda18, 0x85130721, 0x2001216b, 0xc3182384, 0x08211443, 0x2123854e, 0x23845b02, 0xbc095f26, 0x01b10900, 0x095baf18, 0x0821b383, 
    0x20238665, 0x27921872, 0x00e42416, 0x86540800, 0x84612023, 0x94612023, 0x865b2047, 0x18682023, 0x20164b92, 0x22d78213, 0x842307ae, 0x84bb20d7, 
    0x5b632223, 0x288f86ca, 0x2b35b0ca, 0x01ffff00, 0x20238411, 0x18238a13, 0x23146f92, 0x1606a106, 0x00282383, 0x000000ae, 0x9b680a06, 0x00233b82, 
    0x4112fee9, 0x00250b37, 0x03c10927, 0x0a3f413e, 0x18010221, 0x410d87cd, 0x2b840a3f, 0x47414720, 0x202b830a, 0x239385bc, 0x12fee400, 0x2b0b4741, 
    0x5f0a2600, 0x0701bc09, 0x8204c109, 0x4f417d82, 0x412b820e, 0x57830a4f, 0x41990421, 0x02200a57, 0x830a7b41, 0x0a574157, 0x88202b84, 0x8b0a5f41, 
    0x82cd202b, 0x0a5f4157, 0x8f202b84, 0x8a0a6741, 0x1301242b, 0x410712fe, 0xdb840a67, 0x6f41e220, 0x412b830a, 0x2b84086f, 0x8a086f41, 0x0577412b, 
    0xba202b83, 0x2a060741, 0x0512fe20, 0x02e605f3, 0x82f30326, 0x21ff82f7, 0x07822702, 0x6f000138, 0x3f06ecff, 0x2700d205, 0x26402900, 0x00020118, 
    0x01044c01, 0x505f0000, 0x4d563105, 0x05020200, 0x05050061, 0x274e055d, 0x11281811, 0x2a05c361, 0x37371236, 0x07213721, 0x1807020e, 0x820b0fa7, 
    0x215e0811, 0x07121607, 0x23040206, 0x92022422, 0x04a2d522, 0x021bcafe, 0xbb652617, 0x52181684, 0xef8b89bf, 0x3b1719a3, 0x02265884, 0xcafe1b16, 
    0x23718203, 0xb8fede23, 0xf4fec1c2, 0xcdbf0274, 0x0c5f3401, 0xa729d5a7, 0xf69989e8, 0x9bf99191, 0x27a4e58c, 0x5b0ca7d5, 0xd3d4ccfe, 0xb9b9bcfe, 
    0xb2824601, 0x0001003d, 0x050000fc, 0x00e80598, 0x4030001e, 0x0208162d, 0x0f170100, 0x00040301, 0x83034c02, 0x02612cba, 0x34010101, 0x0401054d, 
    0x46042f04, 0x253b06f2, 0x06132626, 0x212b1a08, 0x23260313, 0x27070622, 0x16173636, 0x01131716, 0x18333636, 0x08073286, 0x03010742, 0xc65ff501, 
    0x1f0d4114, 0x35250908, 0x1f624825, 0x3a38018a, 0x44255e72, 0x1d05421f, 0xfe2b3f0e, 0x3d025f56, 0x0544ab02, 0x0f11a605, 0x72600302, 0x030209fe, 
    0x0e08665f, 0x440505aa, 0xc3fd55fd, 0x4b449f82, 0x03072105, 0x27249f82, 0x6b010904, 0x84164b44, 0x760725c3, 0x09042602, 0x07242182, 0x91006b0a, 
    0x360d234e, 0xae000200, 0x9c0546fe, 0x1500d205, 0x23002100, 0x05152040, 0x53030302, 0x562006d8, 0x3208066e, 0x2c4e0261, 0x04101229, 0x132b1a0b, 
    0x33010133, 0x82161601, 0x06072ad9, 0x26222306, 0x37023e37, 0x065e1817, 0x36460808, 0x01d0ae26, 0xd04e0200, 0x1a0e1efd, 0x08211d0c, 0x7e7dad15, 
    0x3d081382, 0x3b3f4f6e, 0x2a05053f, 0x04342825, 0xd2051604, 0xe3031dfc, 0x5a3232fb, 0x2f875f28, 0x797c7c79, 0x84ae7430, 0x256860e5, 0x1f352e25, 
    0xe3826a26, 0x57249b82, 0xc8040000, 0x0c209b82, 0x31229d82, 0x11822e40, 0x02040529, 0x01006705, 0x825f0001, 0x74202021, 0x2108099c, 0x004e0321, 
    0x0f131500, 0x000c000d, 0x1111210b, 0x2b190707, 0x07211333, 0x32210321, 0x04060716, 0x204b2523, 0x572a0807, 0x1c7a03f7, 0x014c44fd, 0x22e8e356, 
    0xe3d5fe22, 0x5301bdfe, 0x1416bb94, 0xa6fe9a7f, 0xfea7d205, 0xcac6e436, 0x868ea6ed, 0x47498979, 0x07072d08, 0x00090000, 0x001c401f, 0x85030203, 
    0x02241682, 0x0202005f, 0x01257e82, 0x4e012101, 0x22008211, 0x4b1a0704, 0x2123061b, 0x4b033313, 0x0224071f, 0x32ac32db, 0x2c06244b, 0xd2fe2e01, 
    0xffffff00, 0x0454fee7, 0x38d382f4, 0x1b580926, 0x0b260000, 0x0000e143, 0x56dc0a06, 0xff020000, 0x06c0fed3, 0x321b8223, 0x0016000f, 0x08304033, 
    0x00030205, 0x07005303, 0x825f0107, 0x4d202df3, 0x00020206, 0x005f0400, 0x04210404, 0x0dadef18, 0x09111532, 0x032b1b07, 0x36363313, 0x21133712, 
    0x23033303, 0x13210582, 0x08048221, 0x2d02062d, 0x6d397a50, 0x039b356b, 0x50a6dca5, 0xa3fb35b7, 0x1103ef35, 0x73c7fdc0, 0xc0fe923b, 0xa12ce701, 
    0x02d61401, 0xfed5fa74, 0x83400119, 0x84042710, 0xfeee33fe, 0x0082008b, 0xdcff0126, 0xea070000, 0x15259382, 0x33403600, 0x31918310, 0x01084c01, 
    0x03010500, 0x68030002, 0x0307090a, 0x99820101, 0x02020425, 0x82022102, 0x15002694, 0x12111500, 0x82008211, 0x070b2d04, 0x03012b1f, 0x01330133, 
    0x23012301, 0x05829382, 0x0d820120, 0x13332e08, 0xb76ed004, 0xfde6eb01, 0xda6001ce, 0x6dd7dffe, 0xfed66dbe, 0x6102d701, 0x01e7bcfe, 0x056eb212, 
    0x026afdd2, 0xfc35fd96, 0xfd9402f9, 0x2303836c, 0xc9020903, 0x00261383, 0xdcffffff, 0x9384c0fe, 0x11042622, 0x0725a382, 0x9006da0a, 0x2b178200, 
    0xecff5000, 0xe605ae04, 0x22050602, 0x2008bb41, 0x3fbb82a9, 0x402d000c, 0x0401072a, 0x004c0101, 0x03040001, 0x02680401, 0x20000001, 0x0205064d, 
    0x03210303, 0x0c22b683, 0xb6840c00, 0x1b070722, 0x0bb85f18, 0x57032324, 0xc618bef7, 0xd2210e8a, 0x89c618fd, 0x0001260c, 0x05000058, 0x2467829b, 
    0xb59a0014, 0x4a668406, 0x232a0582, 0x03040500, 0x09720504, 0x16820101, 0x76820520, 0x02010825, 0x824d2002, 0x4d22239c, 0x7a840107, 0xb04b1b27, 
    0x40585017, 0x212a8524, 0x2b9c8003, 0x00274029, 0x02010200, 0x97800100, 0x2655862e, 0x0e405959, 0x41111314, 0x10270686, 0x2b1f070a, 0x41073301, 
    0x40080788, 0x23372307, 0x33132303, 0x40023303, 0x014229a1, 0xfffddcc5, 0xfed72601, 0xa1264eff, 0xbe6b7826, 0x796ebef6, 0x02fb3304, 0xfd19fd9a, 
    0xe9830215, 0x057dfde9, 0x0066fdd2, 0x00010000, 0x05d3fe58, 0x26eb829c, 0x40340016, 0x78010731, 0x00220531, 0xaf4e0605, 0x04032305, 0x5a416503, 
    0x01072605, 0x06210606, 0x2533824e, 0x24160016, 0x8a821611, 0x1c070822, 0x08085a41, 0x07121629, 0x37270002, 0x36373616, 0x03212326, 0x69bdf658, 
    0xed6802a5, 0xe4ef79fd, 0xcbfe2b2b, 0xc48d19e6, 0xc4b6211f, 0x8271dffe, 0x02773579, 0x176efd89, 0xfefecffe, 0x01dafeff, 0xb5cd01a6, 0x60fde3c2, 
    0x00275a82, 0x00080001, 0x82e50500, 0x0011278f, 0x00244027, 0x2a430303, 0x221c8206, 0x42056102, 0x11350995, 0x11111000, 0x07062114, 0x37332b1a, 
    0x36363233, 0x03211337, 0x08038223, 0x23020e25, 0x47281b08, 0xef25485f, 0xbef79803, 0xc7d2fddb, 0x8ab0722b, 0x949e3aa7, 0x2efabf03, 0xd8fc2b05, 
    0x826ee5b0, 0xffff3d4e, 0xecff8b00, 0xe605d005, 0x6f010602, 0xffff0000, 0xc0fe5700, 0xd205ad05, 0xf60a2602, 0x07242082, 0x0902db0a, 0x01200782, 
    0x82059b53, 0x00163193, 0x0c254028, 0x01000206, 0x01024c01, 0x4d200101, 0x03221e82, 0xf9410462, 0x280b8205, 0x18150016, 0x07052114, 0x21948519, 
    0x565a3737, 0x01332109, 0x2d089982, 0x46681ba5, 0xfe262066, 0x2c7bc4b4, 0x8340152e, 0xfdd7fd5a, 0x9263292e, 0x3a2ca973, 0xfe7f0444, 0x7fff9d44, 
    0x019ffd7f, 0x4724fbbc, 0x50823f70, 0x79000333, 0x6306a8ff, 0x15002a06, 0x23001c00, 0xb04b8400, 0x310b4d0d, 0x322db64c, 0x1d1d1e40, 0x00001616, 
    0x231d231d, 0x1c161e1f, 0x4c181c16, 0x07200ab4, 0x0819b44c, 0x37243663, 0x13012636, 0x06070406, 0x20850216, 0x6afffec1, 0x01c81f1f, 0xbe20c436, 
    0x0001c220, 0xca1f1e6a, 0x20c2c9fe, 0x01dc9ad7, 0xbd23230e, 0xd89acffd, 0x2323eefe, 0x07c358c4, 0xbf19019e, 0xa01a01bf, 0x06c3c306, 0xbce7fe9f, 
    0x9ee5fec3, 0x0f05c306, 0xef0964fc, 0xfcf0d5d5, 0x0a9c036e, 0xe9d9daec, 0x0ba74100, 0xa7410020, 0x04da2207, 0x0818826d, 0xe4000127, 0x3407c0fe, 
    0x0f00d205, 0x2e403100, 0x05020500, 0x02070853, 0x5f000101, 0x00000103, 0x01044d20, 0x5f060202, 0x07c74200, 0x0f000f23, 0x2c008511, 0x2b1d0709, 
    0x07213713, 0x13210321, 0x056b4533, 0xe4132d08, 0x1b5e041b, 0x02c136fe, 0xdbbedce3, 0x35b45192, 0x05dcc3fb, 0xfba0a032, 0xfa2b0575, 0x011afed4, 
    0x00320540, 0xd0000100, 0x80050000, 0x14347382, 0x2c402f00, 0x02000112, 0x02004c01, 0x04000105, 0x03690002, 0x39052342, 0x04210404, 0x1100014e, 
    0x0b0e0f10, 0x00050609, 0x06140114, 0x012b1607, 0xa9182622, 0x37200976, 0x2e087882, 0x06061323, 0xd0978f02, 0xbe4c1c58, 0x92a31b4c, 0x6c5dca6b, 
    0x6dbef7be, 0x2c02d25d, 0x01a8d262, 0xa237feca, 0x02343e92, 0x022efa8b, 0x41382e92, 0xd022050b, 0x7f84c0fe, 0x1e042622, 0x07281082, 0x4004da0a, 
    0xffff0000, 0x02209787, 0x012f1784, 0x01d80a07, 0x0095ffde, 0x0101b109, 0x5595ffb8, 0x5820062f, 0x0820bb82, 0x0228bb89, 0x054c0100, 0x02000001, 
    0x692bc582, 0x20040400, 0x0101034d, 0x93012101, 0x163222bb, 0x5e541816, 0x8223200a, 0x363625bd, 0xcf984903, 0x0328bb91, 0xa9d162a6, 0xc90136fe, 
    0xfd25bb83, 0xfdd20575, 0x27bb846e, 0xe2000100, 0x8b060000, 0x17267f82, 0x36403900, 0x7f830115, 0x7f870720, 0x04010628, 0x005f0504, 0x858a0505, 
    0x12131423, 0x08586a11, 0x17011728, 0x2b160708, 0x888d3201, 0x37213a08, 0x03210721, 0xc4043636, 0x4729ddea, 0xa01b47be, 0x5dc76c8f, 0xfedabe67, 
    0xac041c2d, 0x55e5fd1c, 0x8d03d05c, 0x4ffef7e5, 0x90a4b001, 0x8efd343e, 0xa7a72b05, 0x392dfcfd, 0x26008200, 0x00570001, 0x828f0700, 0x000b2993, 
    0x041c401f, 0x00000202, 0x05218085, 0x238b8260, 0x114e0521, 0x10280083, 0x2b1c0706, 0x21033301, 0x0384f782, 0xbe4e0135, 0xdc0402dc, 0x0402dbbd, 
    0xf9f7bedb, 0xfad205bf, 0x842b05d5, 0x422e2003, 0x578408b3, 0x23042622, 0x2105a741, 0x07824f06, 0xe4000226, 0x33060000, 0x0c286f82, 0x36001500, 
    0x01003340, 0x2305ad7d, 0x03010667, 0x0805a956, 0x004d2023, 0x5f020404, 0x21020200, 0x0d0d4e02, 0x150d0000, 0x0e10140d, 0x0c000c00, 0x08112124, 
    0x132b1907, 0x08164937, 0x13132123, 0x06194903, 0x1be43108, 0x01626602, 0x21e5e962, 0xe8d1fe22, 0x5cdcd7fd, 0x9063015f, 0x8b1717c3, 0xa032058f, 
    0xcbefb4fd, 0x3205f9d3, 0xc6fdadfd, 0x9382869f, 0xffff0000, 0x0621fb83, 0x228b82f6, 0x82270426, 0x0007249b, 0x84ea04c5, 0x005724a3, 0x82da0400, 
    0x000a2f17, 0x40290013, 0x05000026, 0x00030401, 0x34496804, 0x06a34505, 0x4e012131, 0x130b0b0b, 0x1122120b, 0x07062024, 0x49012b1a, 0x212306aa, 
    0x87033313, 0xaa012194, 0xf722918a, 0x92887dbe, 0x84860321, 0xfdd2228f, 0x278f870d, 0x08000200, 0x93080000, 0x18327782, 0x3a002100, 0x02003740, 
    0x00070109, 0x00670702, 0x16460404, 0x01062706, 0x61030000, 0xf6470508, 0x19193505, 0x21190000, 0x1a1c2019, 0x17001800, 0x14212411, 0x1b070a21, 
    0x880a2046, 0x03212591, 0x0123020e, 0x08299587, 0x5f47281a, 0x03f22448, 0x0c304177, 0xcbebfd28, 0x88ac6e2a, 0xa5880805, 0x9938a025, 0x41ce0393, 
    0xfc26073b, 0x6fe1abc9, 0xb087df02, 0x57000222, 0xa820af82, 0x122eaf82, 0x38001b00, 0x01033540, 0x02080a01, 0x7b7f0705, 0x4d203c06, 0x04070700, 
    0x0206095f, 0x04210404, 0x0013134e, 0x131b1300, 0x0014161a, 0x82120012, 0x111123ac, 0x51470b11, 0x13212206, 0x07e84a33, 0x21132123, 0x27a88803, 
    0x63b4f757, 0xbe621b03, 0x7a25a68b, 0x047ae6fc, 0x25a28852, 0xaefdd205, 0xa2855202, 0xfde00223, 0x369f8920, 0xff5f0001, 0x05a205ec, 0x002300e6, 
    0x00454048, 0x05040506, 0x18800406, 0x2b08d7d1, 0x01030004, 0x00670304, 0x61070505, 0x4008a982, 0x02004d25, 0x08610002, 0x26000001, 0x00014e00, 
    0x17181b1d, 0x0e0f1214, 0x07090c0d, 0x23000405, 0x07092301, 0x22052b16, 0x33272626, 0x32331616, 0x21373636, 0x26362137, 0x06222326, 0x36230706, 
    0x078e5136, 0x02044e08, 0x84ea9a68, 0xce07be01, 0xa8e27e93, 0x1b94fd28, 0x5f0a6902, 0xb86179b7, 0x34be2690, 0x961101cf, 0x720b01c0, 0xfee32627, 
    0xdb7714b7, 0x77a09997, 0xa0a7aae8, 0x8b4770da, 0x74db9a67, 0xeba9feba, 0xbba8feeb, 0x00020000, 0x07ecff57, 0x33bf82d0, 0x00290019, 0x19b04b6e, 
    0x21405850, 0x03000000, 0x68030006, 0x0138b182, 0x02050861, 0x4d250101, 0x06060109, 0x01046102, 0x02260202, 0x29401b4e, 0x08242387, 0x20050501, 
    0x08f76218, 0x0422e082, 0x2c862104, 0x2b82eb82, 0x1640593e, 0x00001a1b, 0x291a2123, 0x1900291b, 0x15111900, 0x0a112327, 0x012b1b07, 0x12362103, 
    0x1632d182, 0x02141512, 0x22230402, 0x34350226, 0x23032137, 0xf9820113, 0x34351222, 0x4a08f684, 0x16141502, 0x016d0c02, 0x01d02c09, 0xfaa9c638, 
    0xfecf6e8b, 0xfca9b5dd, 0xf5fe048b, 0x03f7be6f, 0x9bde8c74, 0x8ca8d551, 0xd6529cde, 0x6efdd205, 0xb93401b9, 0xbbf4fe90, 0xfeb3feb2, 0x01909bf7, 
    0x2e2ebb0d, 0xd20560fd, 0x1880cafa, 0x2b0c87c8, 0xe1ff0200, 0x0c050000, 0x1000d205, 0x38319682, 0x01073540, 0x4c010500, 0x00050107, 0x00050100, 
    0x07224467, 0x064d2033, 0x01010203, 0x114e0121, 0x11000011, 0x14181119, 0x38328212, 0x31112710, 0x2b190708, 0x22211321, 0x01230123, 0x3e372626, 
    0x03213302, 0x080f8203, 0x06070643, 0x57033316, 0x0fbefe60, 0xe06afe0f, 0x6385b401, 0xf68c1618, 0xf7fe01b1, 0xcafe5f42, 0x1617b3b0, 0x4202af7f, 
    0x6602befd, 0x8393e033, 0x2efa76cd, 0x4002eb02, 0x9783889e, 0x00ffff00, 0x04a7ff57, 0x05ff4cd9, 0x00000028, 0x00ea0a07, 0x178600d4, 0x83760821, 
    0xef032117, 0x04211785, 0x2607827a, 0xff710001, 0x42b505ec, 0x02370883, 0x02030403, 0x07008004, 0x07050605, 0x04008006, 0x04070500, 0x58006705, 
    0x2524060e, 0x0606004d, 0x270a8342, 0x1a1c1f20, 0x14151617, 0x0ac1e718, 0x2b160724, 0x43552205, 0x32332405, 0x76171616, 0x06240578, 0x21072107, 
    0x08076650, 0x06063351, 0xbfaf0204, 0x2772f3fe, 0x4901e427, 0x87ea97c0, 0xcf07bf01, 0xa8dc7992, 0x1b6a022b, 0x5c1193fd, 0xb8627ebb, 0x33be268f, 
    0x14f0fece, 0xeb5701ba, 0xbb5701ec, 0x9a9adb74, 0xa0da709f, 0x77e9a9a7, 0x97668c47, 0x000076dc, 0xff720002, 0x825407eb, 0x002e36bf, 0x4047003a, 
    0x17252b44, 0x2c070403, 0x04000203, 0x05004c02, 0x21bd8200, 0xbe826907, 0x0061022f, 0x4d250202, 0x04040106, 0x08016100, 0x06444302, 0x29343631, 
    0x161d1f27, 0x0d0e0f14, 0x0004060c, 0x432e012e, 0x27220644, 0xc5872306, 0x0622072b, 0x12020702, 0x26373221, 0x05516102, 0x82071621, 0x168d0811, 
    0x36323316, 0x06061737, 0x37123601, 0x22232636, 0x12060706, 0xb865ff05, 0xe0d4d845, 0x2678d9fe, 0x4a01e527, 0xef861dbf, 0xec2e20aa, 0x7b780001, 
    0x1c1d5968, 0x9291f5a5, 0x231a56c7, 0x5524abfb, 0x46753433, 0xfe963c1e, 0x1cf0a870, 0x8889861a, 0x59181dc5, 0x52272c15, 0xe95801bb, 0xba5701ed, 
    0xfafe88b0, 0xfeebfebf, 0x016f21c8, 0xf6a4ac31, 0x9aed8789, 0x68c2fed4, 0x1c16070a, 0x01261a9a, 0x1701561f, 0xc4bea0a7, 0xe9fe92aa, 0x2e008200, 
    0xff420002, 0x058506ec, 0x002300e6, 0x4d88002c, 0x21080522, 0x0902002f, 0x72020303, 0x06010700, 0x80060701, 0x05030108, 0x03070101, 0x09006a01, 
    0x00610409, 0xd3410404, 0x440a2006, 0x1b220557, 0x31833040, 0x03020923, 0x3432a780, 0x011b4059, 0x25282a00, 0x1d1f2024, 0x1317181b, 0x090d0e11, 
    0x05914408, 0x0d420b20, 0x26262907, 0x07333737, 0x17161606, 0x2006b543, 0x070e4207, 0x06333725, 0x44010406, 0x7f0807a7, 0xfeb36903, 0x91147cff, 
    0xb10a1a7a, 0x2f030a0c, 0x01e03235, 0xf4c1bc3c, 0xfb1b225e, 0xb65d0cbe, 0x46f09c7a, 0xfece33c4, 0x031afeeb, 0xa63b1689, 0xa9e37e8a, 0x3201a414, 
    0xa4a206d4, 0x40424d3f, 0x01d30115, 0xfeaea532, 0xa3a3cbcb, 0x92a574e2, 0x037cdb90, 0x83e5934f, 0x0000e174, 0xff700002, 0x05c205ec, 0x001900e6, 
    0x403e0022, 0x0203003b, 0x01030201, 0x00010080, 0x05010605, 0x02020067, 0x200b1141, 0x05114107, 0x20000125, 0x831a1b1e, 0x090b28d5, 0x19000506, 
    0x84081901, 0x022622d5, 0x075e4537, 0x200c5d45, 0x07e74201, 0xc181022f, 0x1b215cf4, 0x5d0d4004, 0xefa079b6, 0x3bb78245, 0xbf9e1601, 0x27700901, 
    0xb4fee127, 0x78fc8a01, 0x8aa73b17, 0x14a9e27f, 0xca3501af, 0xa92eb083, 0x7bdc908e, 0xeda9feb9, 0xb9a9feed, 0xb883ab02, 0xffffe238, 0xecff5300, 
    0xd205dd04, 0x2c050602, 0x01000000, 0x0000ce00, 0xc7820b06, 0x41000f24, 0x17740eb5, 0x50192a06, 0x00114058, 0x61000101, 0x21b78203, 0x9f484d25, 
    0x401b2705, 0x03030015, 0x18844d20, 0x17873b82, 0xb6593a08, 0x22211311, 0x2b1a0704, 0x33363601, 0x22230733, 0x23010706, 0x33133301, 0x974a7804, 
    0x171d3c76, 0xfd273a3d, 0xd5feca8a, 0x0411e6c2, 0xae9d90b9, 0x5efb4a4c, 0x23fbd205, 0x2a8f8200, 0x06a7ffe2, 0x00d20554, 0x829b0126, 0x0a072453, 
    0x825802ea, 0x02220807, 0xe8ff4700, 0x2d066504, 0x33002300, 0x33403600, 0x03020114, 0x22234c01, 0x1a1b1e1f, 0x09011819, 0xbb824a01, 0x0102032a, 
    0x01046903, 0x61000202, 0x60323382, 0x24254e00, 0x33242b2d, 0x27263325, 0x2b180b05, 0xa0180701, 0x6c4309bb, 0x33172206, 0x211b8226, 0x05823727, 
    0x16163729, 0x32012517, 0x46373636, 0x690807d7, 0x04161606, 0x7972db55, 0xf5a61d26, 0x50c69694, 0xe19f1a19, 0x4974547c, 0x59120e12, 0x1ce4fe58, 
    0x335925e1, 0x387b3e5d, 0xdafd0d01, 0x10639d68, 0x6f772410, 0x11619e6a, 0x05792510, 0xfe8c6287, 0xfeb8ef80, 0xf28a88fe, 0x88f29e9b, 0x582b5639, 
    0x6e7f62cb, 0x1c3e2065, 0x3759217d, 0x6293fa79, 0xb66065a7, 0x66b06d77, 0x3353ac62, 0x4b210806, 0x4d05e8ff, 0x15006c04, 0x89002700, 0x12270940, 
    0x05040c0f, 0x4b4c0104, 0x585015b0, 0x04001840, 0x08e96604, 0x00050529, 0x02060361, 0x18350000, 0x20085aa6, 0x241f8b1c, 0x4d2f0303, 0x21248300, 
    0x23850106, 0x67204021, 0x4383050d, 0x01010025, 0x8f004d37, 0x59593c22, 0x00011340, 0x1b1d2123, 0x0d0e1011, 0x15000709, 0x08071501, 0x22052b16, 
    0x7b370226, 0x790805ea, 0x33131716, 0x03231303, 0x3501020e, 0x2223032e, 0x16060706, 0x023e3233, 0x91f90137, 0x1d1c55c8, 0x8392f5a7, 0x800b499a, 
    0xaa4cf5aa, 0xbc7f281b, 0x16045201, 0x955f7139, 0x7c1f20d9, 0x71955d8e, 0x9518154d, 0xaca80601, 0x6c920301, 0x510151a2, 0xd1fdd1fd, 0xa8535401, 
    0x03470271, 0x56838b35, 0xe0bec2e2, 0x378f8558, 0x4b00ffff, 0x4d05e8ff, 0x26021606, 0x00003704, 0x56180700, 0x1785089f, 0x17872020, 0x015d0a25, 
    0x8800009e, 0x2217892f, 0x948d015e, 0x005f2217, 0x221794d6, 0x94c60060, 0x00612217, 0x201794e6, 0x212f8b62, 0x8f885907, 0x42016322, 0x178a2f89, 
    0x43016422, 0xd7891789, 0x01680a23, 0x2117851d, 0xef8212fe, 0x2724bf87, 0x6c01c109, 0xdf89f783, 0xe7881f96, 0xef881f96, 0xf7881f96, 0xff881f96, 
    0x07411f96, 0x881f8308, 0x41bf89ef, 0x1f96080f, 0x22171741, 0x41e1006f, 0x0521092f, 0x065f41d3, 0x5e180620, 0x4b20084b, 0x1f428f84, 0x416f8907, 
    0x04210c4f, 0x2037866c, 0x054f4107, 0x00ffff22, 0x69223797, 0x6f8a8501, 0x6f88f520, 0x0060cf22, 0x20099f41, 0x87178705, 0x0606216f, 0x00381f84, 
    0xfefdff02, 0x0581045e, 0x001700e6, 0x4048002d, 0x04010c45, 0x03011605, 0x29052848, 0x04050304, 0x06060069, 0x4b826100, 0x084d3423, 0x06f24801, 
    0x074d3536, 0x33020201, 0x18194e02, 0x26280000, 0x1d1f2022, 0x2d192d18, 0x17284382, 0x0809242c, 0x13032b18, 0x098a4618, 0x2a052f62, 0x03272622, 
    0x37363201, 0x18232636, 0x08089446, 0x07062261, 0x03160603, 0xd68b14fb, 0x58b87f85, 0x7ba31413, 0x151b9684, 0x6b87dc91, 0x0161199c, 0x16bb8a7c, 
    0x8d7a7616, 0xa477511b, 0x77791313, 0x7312a47c, 0x5efe7812, 0xb979ee05, 0x74b16368, 0x2222987f, 0xca82a4b3, 0xfd695874, 0x973602b1, 0xa3968282, 
    0x7c6b707f, 0x48fd6d81, 0x0000976d, 0x82930001, 0x66a620db, 0x3122124f, 0xbf85034d, 0x4f66d682, 0x21b38205, 0xb26a1301, 0x0103260b, 0xc5f44344, 
    0x071f6f80, 0x94fdc537, 0x015efe42, 0xfd6b0495, 0x47904969, 0x02499047, 0xfe94fb97, 0x3140826c, 0x34000200, 0x5b04e8ff, 0x1b00d205, 0x39002700, 
    0x4b633640, 0x00692106, 0x25086b61, 0x04040107, 0xd2446100, 0x1d240806, 0x2300011c, 0x1d271c21, 0x0d0e1027, 0x0005060b, 0x081b011b, 0x052b1608, 
    0x36370222, 0x26263700, 0x21243637, 0x28057e46, 0x16171606, 0x020e0712, 0x05394127, 0x06225408, 0x01160607, 0x28e6dcf6, 0xc9210126, 0x17128887, 
    0x09012a01, 0xafc21b9a, 0x750a0b9b, 0x229aa392, 0x7af3a11a, 0x1a1cc492, 0xca8e8f84, 0x188e1f1f, 0xe9f20c01, 0x200e0001, 0x83836669, 0x3a3e3da1, 
    0xfe2d2954, 0xe7a2cee7, 0xb8b0a17a, 0xb6c9c9ae, 0x8200aab6, 0x312908ad, 0x0204ecff, 0x2d006c04, 0x41404400, 0x03021213, 0x04010802, 0x022a2b03, 
    0x4c030405, 0x04000300, 0x69040305, 0x01020200, 0x05814561, 0x2f0a9f45, 0x26280001, 0x1b1d2022, 0x0e101517, 0x2d012d00, 0x25067845, 0x023e3726, 
    0xcf822e37, 0x855a2420, 0x24bb8308, 0x31073333, 0x33a61807, 0x37580808, 0x01060617, 0x5fc183d4, 0x6e350810, 0x104a4d5d, 0x0d011b08, 0x0faeb6bd, 
    0x6a650ab4, 0x0a0b9a70, 0x1286726d, 0x97768606, 0x7c870e0e, 0xaa257979, 0x5114f137, 0x652e6091, 0x50161856, 0xab9c3060, 0x4f2f8097, 0x45506058, 
    0x6b26714f, 0x5f604f4b, 0xa68d285b, 0x00ffff00, 0x0626cf84, 0x04260216, 0x83450054, 0x82502005, 0x00022207, 0x20e78240, 0x35e7822d, 0x00320014, 
    0x0637403a, 0x01050201, 0x0005004c, 0x02050302, 0x61460069, 0x334c1806, 0x005d330a, 0x2e00014e, 0x1f25272c, 0x0e16181d, 0x0114000c, 0xf7750714, 
    0x34352505, 0x26263736, 0x36200582, 0x1525df82, 0x06060214, 0x27d78313, 0x16141506, 0x023e3233, 0x83066a4d, 0x08f1830d, 0xe0010750, 0x759ae8b8, 
    0xd8824561, 0x40d0d981, 0x0724e18b, 0x5385497c, 0x9972717e, 0x8a822659, 0x664c7b48, 0x050b876c, 0x829d1403, 0x1e1d8f79, 0xa5753e6f, 0x7dc2dc57, 
    0x86dbfcfe, 0x32262c02, 0x5641405c, 0x50c0ad6f, 0x572e9084, 0x4349383e, 0xe3871519, 0x026c0423, 0x22e38406, 0x82390001, 0x410b20db, 0x1c2607c3, 
    0x0403021b, 0x04820126, 0x82020321, 0x004c2605, 0x01020003, 0x24e38403, 0x05006105, 0x21e38205, 0x90420101, 0x2de38405, 0x17191e20, 0x0c0e1113, 
    0x2d000608, 0xe3862d01, 0x4b372721, 0xb24305ce, 0x33372105, 0x21088342, 0xf5833627, 0x020e0725, 0x82021e07, 0x014f0805, 0x09beb8b8, 0x795a07b8, 
    0x0c0ca082, 0x0d867773, 0x77850b01, 0x780d0b86, 0x23816d70, 0xb7df39a4, 0x0718d2bf, 0x5459642d, 0x11081552, 0xa214db90, 0x605a2891, 0x6c4b4b63, 
    0x44534354, 0x4c5b604d, 0xad97802f, 0x53612c99, 0x65561817, 0x52906130, 0x3d200573, 0x4720cf82, 0x132ccf82, 0x3a002a00, 0x010c3740, 0x4c010205, 
    0x21068d5b, 0x88440069, 0x43c78206, 0xc7840758, 0x2327292d, 0x171b1d21, 0x00050715, 0x85130113, 0x130229c7, 0x32330012, 0x06060716, 0x0320ae85, 
    0x0621c98a, 0x08d58616, 0x01372354, 0x2ebcfaf3, 0xfd22012b, 0x0f1ad4be, 0x52556f72, 0x8d100814, 0x810b96db, 0x0b0a8579, 0xc0ac6f68, 0xa5652220, 
    0x0f0ea877, 0x0d807479, 0x013d0114, 0x01020116, 0x579dad2b, 0x56191d7f, 0x925f2e64, 0x435a0251, 0x614a4455, 0xe6ccb7d7, 0x6a514c5e, 0x00820054, 
    0x39000126, 0x7505ecff, 0x3d22c782, 0x7559a300, 0x33143605, 0x042b2c32, 0x3b050405, 0x07000208, 0x02021314, 0x1b4c0300, 0x20168b40, 0x20168703, 
    0x29328559, 0x07040025, 0x00590400, 0x32820307, 0x0007022b, 0x05050069, 0x06006106, 0x43ff8206, 0x5d320695, 0x401b4e01, 0x00040026, 0x03040003, 
    0x08070069, 0x28980001, 0x17405936, 0x36380001, 0x27292e30, 0x1c1e2123, 0x0f111618, 0x3d013d00, 0x08af8b18, 0x18082a41, 0x420a5f55, 0x37201704, 
    0x2d05c04e, 0x06061737, 0x5152f004, 0x1a93031c, 0xe941334c, 0x42812006, 0xb9361e17, 0x01c70ed1, 0x1a302807, 0x1e060b2f, 0x3fdc0144, 0x1850456d, 
    0x05420d29, 0x13264206, 0x6b90a22a, 0x0e5a9356, 0x130d7804, 0x2009e743, 0x07e74320, 0x015d0a24, 0x17930069, 0x58015e22, 0x5f221794, 0x1794a100, 
    0x91006022, 0x16211788, 0x225f8906, 0x94b10061, 0x8a62202f, 0x4402202f, 0x0a3b0977, 0x00e80068, 0x00010000, 0x04e1fe30, 0x00d20540, 0x40310024, 
    0x0101102e, 0x6b4c0102, 0x2e260dd5, 0x0303004d, 0x2c826100, 0x30052667, 0x38240024, 0x06333b11, 0x012b1a08, 0x23263637, 0x05f25e23, 0x36375d08, 
    0x06063736, 0x21372123, 0x020e0107, 0x33160607, 0x07163233, 0x20790207, 0x4b412d09, 0x111dd8e1, 0x9e7db269, 0x432e6a3b, 0xbcfe3c91, 0x1712031b, 
    0x95743efe, 0xa1160c4e, 0x7b8f3390, 0xe1fe2116, 0xd52936c0, 0xbba766b4, 0x5f3ea683, 0xa1050524, 0x7b23fe89, 0x8749799b, 0xc4817770, 0xab827d82, 
    0x5efe422f, 0x6c045a04, 0x4c001400, 0x000105b5, 0xd85e1804, 0x4b162007, 0x312108a5, 0x2029824d, 0x28b1832f, 0x1b4e0333, 0x01001a40, 0x27128201, 
    0x61020404, 0x37020200, 0x592b1c8b, 0x231323b7, 0x08051111, 0x18012b1b, 0x210bb66e, 0xd3821323, 0x06222e08, 0x6f650106, 0x21adb9b4, 0xaa6fb749, 
    0xb5bb23ba, 0x746516b9, 0x0267924f, 0x0462fd9e, 0x6478ce5e, 0x98fbd4d2, 0x90835904, 0xffff8546, 0x25978400, 0x26021606, 0x7e826304, 0x010b0726, 
    0x00008c01, 0x20201788, 0x0a231787, 0x94a5015d, 0x015e2217, 0x22179494, 0x94dd005f, 0x00602217, 0x221794cd, 0x94ed0061, 0x8a622017, 0x0769222f, 
    0x228f8859, 0x88490163, 0x8a6a202f, 0x01642217, 0x2017884a, 0x23d7895a, 0x2401680a, 0xff261783, 0x0412fefa, 0xd787065a, 0xc1092626, 0x07000010, 
    0x1f9add85, 0x1f9ae584, 0x1f9aed84, 0x1f9af584, 0x1f9afd84, 0xcd006223, 0x21008200, 0xbf84ffff, 0x87090741, 0x016322bf, 0x411f8a49, 0x1f87090f, 
    0x4a016422, 0x17411f8a, 0x221f8709, 0x8b240168, 0x6c04211f, 0x23066741, 0x10c10906, 0x37917789, 0x8c016922, 0x47423785, 0xf5052105, 0x06223787, 
    0x378a67cf, 0x6f851788, 0x1d840620, 0x6e00032f, 0xca04e8ff, 0x1100ea05, 0x1f001800, 0x9b631800, 0x6c362012, 0x132d0d12, 0x1e000112, 0x16191a1c, 
    0x13181215, 0xd3d51818, 0x6837200d, 0x5b080504, 0x07071216, 0x27040206, 0x21371232, 0x21031202, 0x22230236, 0x9d1a0202, 0x0b2446c9, 0x0501b224, 
    0x45cba1a1, 0xb7280c28, 0xa27ffdfe, 0x67fd2bd8, 0x023d7e29, 0xa27a2899, 0xb418d9a1, 0x44e24901, 0xb64a01df, 0xe0b6feb5, 0xb6fee544, 0x1901a1b0, 
    0xfe00fffc, 0xfcab02eb, 0xe7fe1901, 0x0129d082, 0xf8ff5700, 0x5e04c101, 0x277a1800, 0x4d313d0d, 0x00020200, 0x00010362, 0x4e002f00, 0x080a0001, 
    0x0f000405, 0x08040f01, 0x22052b16, 0x180aea5b, 0x0807277a, 0x89b59027, 0x1d391a0d, 0x160b0d1f, 0x7a860847, 0xc7fc6603, 0x0404404c, 0xff0b0698, 
    0xff4b00ff, 0x07bc02f8, 0x04260260, 0x2873827c, 0xfef80a07, 0xff0000e9, 0x237b83ff, 0x16064402, 0x06231786, 0x8219010b, 0x2617821e, 0x02f8ff37, 
    0x880206d9, 0xd785182f, 0x23ab8207, 0x20063b02, 0x06231786, 0x85325d0a, 0x2017832f, 0x21178a2b, 0x1785215e, 0x47824520, 0x17889e20, 0x5f0a0724, 
    0x77846aff, 0x17821f20, 0x178aa620, 0x5aff6022, 0x55201784, 0xdf201782, 0x6122178a, 0x2f887aff, 0x178ac720, 0x2f866220, 0xf6227783, 0x8f885907, 
    0x89d66321, 0x8af7208f, 0xd7642117, 0x01211788, 0x22ef89c1, 0x88b1680a, 0x89022017, 0x0a072417, 0x4175ff6f, 0xaa22081f, 0x5f86d305, 0xce060724, 
    0x178311ff, 0xffe3ff27, 0x062d03f8, 0x081f41f7, 0x58ff6522, 0x54202f84, 0xbc22bf82, 0x2f88f505, 0xf4fecf22, 0x38201784, 0xfb221782, 0x2f881f07, 
    0x3aff6722, 0x012c7882, 0xe8ffd9ff, 0xea05ab04, 0x5b002100, 0x2f058251, 0x12131d0b, 0x06010607, 0x4c010001, 0x1d0e401b, 0x05290c83, 0x01130002, 
    0x4c020201, 0x20238559, 0x2b3a820d, 0x02034d36, 0x35010102, 0x401b4e01, 0x00209282, 0x01250f82, 0x4d2f0202, 0x22138400, 0x820b4059, 0x00212f23, 
    0x04292a21, 0x232b1808, 0x26262701, 0x0d4a0707, 0x13172d05, 0x37371616, 0x23060617, 0x03272622, 0x08057679, 0x0227016b, 0x68170c67, 0x1114135c, 
    0x92742d4a, 0x691acd1d, 0x0f141258, 0x91752f49, 0x130f581c, 0x27401e09, 0x6804a4fe, 0x1439743c, 0x0d089c04, 0x48fc887b, 0x04133876, 0x7c0e079b, 
    0x4bac0187, 0x91464690, 0x0069fd4a, 0xfe3a0001, 0x056c04e1, 0x002d00d2, 0x0c3a403d, 0x01040501, 0x0701084c, 0x00860700, 0x06050004, 0x03670504, 
    0x26c98201, 0x0202005f, 0x4e004d2e, 0x484706ae, 0x002d2c05, 0x2421342d, 0x331e1121, 0x471d0809, 0x2e2f0c4b, 0x023e3702, 0x21370537, 0x04060707, 
    0x53160607, 0x534706f0, 0xb9460808, 0x412c0921, 0x1fe8e86c, 0x62c18d15, 0x0f468652, 0x559e6f10, 0x031ab5fe, 0xea8c171c, 0x1316fffe, 0x1ae59190, 
    0x16d3aff8, 0x59a69615, 0x2016818a, 0x36c1e1fe, 0x7fb9d328, 0x0b0e4f9b, 0x625f723b, 0x0e0d427c, 0xd6829099, 0x796e802a, 0x7a7f8aa0, 0xc486728b, 
    0x6e3dcb82, 0x0805f8ff, 0x17005e04, 0x34403700, 0x06000115, 0x03054c01, 0x04010102, 0x0404005f, 0x22be8531, 0x43020702, 0x122f069f, 0x0b0c0d10, 
    0x0708090a, 0x00040506, 0x4e170117, 0x26200527, 0x20054862, 0x24bc8223, 0x16060323, 0x05735733, 0x7fd00331, 0xfe771466, 0xa0b49f60, 0x810419b5, 
    0x4370c519, 0x28080bb9, 0x3bfccd02, 0x9999c503, 0x414c60fd, 0x06970404, 0xff02000b, 0x045efefc, 0x006c049a, 0x00210013, 0x11354038, 0x01040301, 
    0x2786824c, 0x00006100, 0x064d3700, 0x3009ef4f, 0x02020105, 0x154e0233, 0x1d000014, 0x1521141b, 0x28338221, 0x07242613, 0x032b1808, 0x06635313, 
    0x0206072a, 0x26222306, 0x03232726, 0x080a8e54, 0x16060745, 0xa41da204, 0xc79597f6, 0xa41c1b52, 0x756a8cee, 0x610e0f38, 0x9f699401, 0x27131368, 
    0xc79a6a79, 0xfe7c1f1f, 0xafd0035e, 0x898e0101, 0xfeb4aefd, 0x5d4792f6, 0x02b1fd21, 0x77c0702b, 0xe26cba75, 0x82ecbcb8, 0xffff218f, 0x0625af85, 
    0x04260220, 0x26108291, 0x015d0a07, 0x920000c6, 0x015e2217, 0x201784b5, 0x85df855b, 0x07012f2f, 0xbbfe3b0b, 0x09005dfc, 0xb80102b1, 0x5f605dfc, 
    0xfe4b3006, 0x045604e1, 0x0021006c, 0x112f4032, 0x49030210, 0xf04e099c, 0x0c9c4909, 0x21002125, 0x49262536, 0x26210c9c, 0x05034137, 0x567a1720, 
    0x82062005, 0x079b49f4, 0x1bcf4808, 0x6345430a, 0x1c57cf98, 0x98fdab1d, 0xb515d9a4, 0x706e7f0a, 0x121365a4, 0x63727f27, 0x1b16998d, 0x3ba1e1fe, 
    0xacf88443, 0x900401b0, 0x563191a4, 0x6dbe766f, 0x966cb46d, 0x0000a383, 0xff4b0002, 0x043205e8, 0x8211005e, 0x403025a1, 0x0203062d, 0x5f209682, 
    0x3a077349, 0x01056100, 0x00350000, 0x0112134e, 0x12191b00, 0x0b211321, 0x0007090a, 0x55110111, 0x3e2d0802, 0x07213302, 0x07161621, 0x2213020e, 
    0x569b8506, 0x4b08062e, 0xcd990502, 0xaa1d1c54, 0x700298fc, 0x7978fe19, 0xaa1a1d72, 0xa3700afd, 0x26121364, 0xa471707e, 0x29131266, 0x0191187f, 
    0xfeacac03, 0xdb2f998c, 0x8ef89fae, 0xb76fd503, 0x75be6d6e, 0x706fbe73, 0x00006db7, 0x57000100, 0x0304f2ff, 0x122ea382, 0x32403500, 0x01040110, 
    0x04000111, 0x95434c02, 0x4d312408, 0x85040400, 0x002f26aa, 0x0d00014e, 0x06d1420c, 0x12011223, 0x07794606, 0x42051461, 0x330807cd, 0x8c8f5902, 
    0x90fe7217, 0x1a92031a, 0x0c6e92fe, 0x3611482f, 0x0e3c0b17, 0xa9028b97, 0x65fda1a1, 0x04084749, 0xffff1498, 0xecff6400, 0x5e047904, 0x95030602, 
    0x087b4118, 0xf7069122, 0x08c34118, 0x18acc721, 0x210a6341, 0x41180206, 0x4b1808c3, 0x4318079b, 0x0b230e73, 0x887d0101, 0x06792247, 0xc3411820, 
    0x015d2208, 0x20179496, 0x067f535e, 0x2f894785, 0xce005f22, 0x60222f94, 0x1794be00, 0xde006122, 0x62201794, 0x07212f8b, 0x228f8859, 0x893a0163, 
    0x22178a2f, 0x893b0164, 0x5f461817, 0x680a2309, 0x17941501, 0xd9006f22, 0x42181789, 0x4f4116fb, 0x0a072409, 0x8abc0065, 0x41f5202f, 0x42180867, 
    0x1f200dcb, 0x2208a788, 0x009e0067, 0x00020000, 0x055efe3e, 0x0072047c, 0x0024001b, 0x0829402c, 0x0f000201, 0x02010201, 0x58004c02, 0x372c06f7, 
    0x0101034d, 0x4e013301, 0x21230000, 0x1b2a2782, 0x08041214, 0x13012b16, 0xef6b0226, 0x13172c09, 0x32333636, 0x02071616, 0x82030500, 0x3756080b, 
    0x22232636, 0x41e50107, 0x162af0f8, 0x1572b77a, 0x221a936a, 0x1b6dac98, 0xab7f8eb7, 0xfe2d1c44, 0x4200ffa8, 0x23dcb75d, 0x8373531d, 0x015efe19, 
    0x3601128c, 0xaaec84fa, 0xd21c9a1f, 0x10d7cc9e, 0xb0a49202, 0xfea7fb8b, 0x18cefef1, 0x300272fe, 0xaacfd514, 0xb28297e1, 0x00030023, 0x2cb3824b, 
    0x00d3052f, 0x00200017, 0x4047002b, 0x08aa8244, 0x094d2e3e, 0x01060601, 0x01010361, 0x084d3701, 0x0707020b, 0x0a046100, 0x35000002, 0x0505004d, 
    0x184e0533, 0x2b000118, 0x1822242a, 0x1a201820, 0x14151619, 0x0b0c0d13, 0x0007080a, 0x0c170117, 0x5805ed42, 0x33240597, 0x32033313, 0x2306da59, 
    0x37132303, 0x22079d43, 0x43310301, 0x232f069f, 0xcd980502, 0xab1d1c55, 0x3b0198fd, 0x82973bb1, 0x1c4c080b, 0x4199feaa, 0x8a1b41b1, 0x1366a46f, 
    0x017e2713, 0xa3708aab, 0x27131266, 0x9018707d, 0xb0ac0401, 0x01900401, 0x8f99fe67, 0xadaefdfe, 0xfe91fafe, 0xa18a0176, 0xbe744203, 0x74be6f6f, 
    0xbefc4203, 0x6f6fbd74, 0x000074bf, 0x72000100, 0xf82edf82, 0x19006805, 0x2e403100, 0x03010300, 0xd5820585, 0x044d3129, 0x00020201, 0x83010662, 
    0x010826d3, 0x07330707, 0x262f824e, 0x13190019, 0x82121113, 0x08092803, 0x13012b1d, 0x82130220, 0x160623c0, 0x06823133, 0x37363222, 0x02370582, 
    0x03312100, 0xfe422202, 0x5831eefc, 0xa12658b4, 0xceb4ceac, 0x8226e7ad, 0xfe30390b, 0x42f8feb0, 0x8e015efe, 0x27013601, 0xebfd1502, 0xdb04d4e8, 
    0xe8d425fb, 0xfe250b83, 0xfec6fedd, 0x3a938372, 0x06f0ff42, 0x005e0417, 0x403a002d, 0x02012b37, 0x004c0103, 0x01020103, 0x8c800203, 0x0822479c, 
    0x2127292f, 0x15181a20, 0x090f1114, 0x012d0008, 0x0622472d, 0x3e372625, 0x4f333702, 0x9c820525, 0x07333722, 0x26055a44, 0x27262636, 0x82021e33, 
    0x2354083e, 0x06272622, 0x76a40106, 0x1a1c45a7, 0xca3b8c76, 0x1873964a, 0x6d715b1c, 0xaf291b88, 0x70451b29, 0x181c9877, 0xca355a28, 0x1924522e, 
    0xb6ebfe2b, 0x33127c80, 0xe57310a9, 0xadf39aac, 0xe3b14530, 0xaebaab90, 0xa0f4f4a0, 0x8fa8bcae, 0x3245b3e3, 0xfe97f2af, 0x78230082, 0x44756562, 
    0xcb840573, 0x02160625, 0x82ad0426, 0x0b072910, 0x00580201, 0x00ffff00, 0x20201785, 0x0a231787, 0x9471025d, 0x025e2217, 0x22179460, 0x94a9015f, 
    0x01602217, 0x22179499, 0x94b90161, 0x8b622017, 0x5907212f, 0x63228f88, 0x2f891502, 0x6422178a, 0x17891602, 0x0a23d789, 0x85f00168, 0x12fe2417, 
    0x87061706, 0x092724d7, 0x475002c1, 0xdf8705a7, 0xe7881f96, 0xef881f96, 0xf7881f96, 0xff881f96, 0x07411f96, 0x881f8308, 0x41bf89ef, 0x1f96080f, 
    0x84081741, 0x07ef415f, 0x1f413f89, 0x5e04210c, 0x41076741, 0xff23051f, 0x964200ff, 0x42692037, 0x05210b2f, 0x233787f5, 0x3301cf06, 0x88096f41, 
    0x856f8817, 0x0200361f, 0x46fea200, 0x5e04e104, 0x1f001300, 0x29402c00, 0x03070a0d, 0x06166c03, 0x004d5922, 0x07e08918, 0x00612008, 0x1b00014e, 
    0x090b0c19, 0x01130008, 0x160b0513, 0x2622012b, 0x37363637, 0x13330137, 0x71013301, 0x03200576, 0x080a6f71, 0x82bb0145, 0x2d06137e, 0xdafea91e, 
    0xcb01e7c7, 0x53b5fdc6, 0x14050312, 0x3b3a2ea9, 0x28270707, 0x05053726, 0x8046fe19, 0x2d5c2475, 0xfd7903fd, 0xfcae0252, 0x5a36f782, 0x017f791b, 
    0x275656cd, 0x222d2c24, 0x82006124, 0x022a0800, 0xe8ff4800, 0xd2059b04, 0x2f002200, 0x41404400, 0x06050116, 0x01004c01, 0x01040300, 0x04006903, 
    0x04050600, 0x02006906, 0xc0182002, 0x28380a24, 0x23244e00, 0x282a0001, 0x2f242f23, 0x10121a1c, 0x090b0d0e, 0x22012200, 0x2406a862, 0x36373726, 
    0x82bf8212, 0x82332002, 0x030e23b5, 0x8f5a3307, 0x0a4a5906, 0x07065d08, 0x04021606, 0x1d5cd090, 0xa96f2406, 0x4966a8f3, 0xa615a00a, 0x79a873b7, 
    0x2a052157, 0x7962b993, 0x1a194cad, 0x9474faab, 0x7f1d1ecc, 0x74aa6493, 0x188d1b13, 0x26affe89, 0xb52701d8, 0x3b060a58, 0x0d847d37, 0xa95f2b08, 
    0x53864e86, 0x9e98f18d, 0xd09e92fc, 0x64ceb3b5, 0xd8a474b2, 0x0336db82, 0x00004200, 0x5e043604, 0x18000f00, 0x39002100, 0x01083640, 0x61180403, 
    0x672508d7, 0x00050500, 0x2128825f, 0xdf824d22, 0x065f0132, 0x21010101, 0x00004e01, 0x191b1f21, 0x10121618, 0x0e283782, 0x17070721, 0x2113332b, 
    0x2108c056, 0x57720606, 0x69372009, 0x42080646, 0x01b94221, 0x17bab8c9, 0x40678910, 0x160e386c, 0xb6feabe2, 0x74506501, 0x594f0e0d, 0x01189cfe, 
    0x0c83621f, 0xfe63670b, 0xa55e04e2, 0x14716286, 0x55794809, 0x4da4a984, 0x9764534a, 0x4d474b52, 0x83010000, 0xb10321ab, 0x0a8f8718, 0x82058f7d, 
    0x2894869a, 0x05000500, 0x07041111, 0x06737218, 0x1bb1032c, 0xb49efefd, 0xa65e04b9, 0x378248fc, 0xde334387, 0x08006e05, 0xb04b4700, 0x4058500a, 
    0x03000017, 0x7c700003, 0xe984080a, 0x4e022125, 0x8216401b, 0x85002119, 0x593d1890, 0x00000c40, 0x08000800, 0x05111211, 0x012b1907, 0x07033313, 
    0x13230321, 0xaa2d0703, 0x2371872d, 0xf0fe1001, 0xff257584, 0xfeadffff, 0x23b78354, 0xc8042602, 0x272c3982, 0x5dff3b0b, 0x060145ff, 0x001cdc0a, 
    0x0c794118, 0x02000028, 0xbffe97ff, 0xab827f04, 0x2015eb72, 0x23eb7222, 0x72023e21, 0x2a0810ea, 0x365c5069, 0x6d264650, 0xaa9ed102, 0xfc35b350, 
    0x02c435cf, 0x85fe8313, 0xfe622e45, 0x2ee701bf, 0x019ac179, 0xfe48fcb6, 0x83410119, 0x12032f0f, 0xfeb2f0fe, 0x010000fd, 0x0000e4ff, 0x8f829106, 
    0x00152e08, 0x0c334036, 0x01060201, 0x01034c01, 0x06010801, 0x68060105, 0x00020204, 0x0a4d2200, 0x05030709, 0x4e052105, 0x15000000, 0x11111500, 
    0x05e97211, 0x1f070b29, 0x0101232b, 0x18330133, 0x0809f291, 0x2303232b, 0x1c012313, 0x9ffe2002, 0x592101d5, 0x574fb44f, 0xfdd7bd01, 0xd96101eb, 
    0x4e55dbfe, 0xfe554eb4, 0x0239023d, 0x0125fe25, 0x270383db, 0xc7fddbfd, 0x23fedd01, 0xff250383, 0xfee4ffff, 0x228f84c0, 0x82cc0426, 0x0a07246c, 
    0x825405da, 0x00012f07, 0x03f3ff23, 0x006a04a6, 0x404e002d, 0xc342264b, 0x15996905, 0x69006921, 0x27200699, 0x310e9969, 0x1a1b1e20, 0x10121618, 
    0x07090d0f, 0x2d000405, 0xab432d01, 0x59332008, 0x645a0a85, 0x5e232009, 0x55080941, 0x07161607, 0x9901020e, 0x0c5aae6e, 0x5a7806b8, 0x0e0d9062, 
    0x15497179, 0x0c8d6249, 0x5455590b, 0x11af0e8f, 0x6e6abe81, 0x110f4497, 0x7b015c91, 0x8410126d, 0x81470dc9, 0x664e3958, 0x8664534f, 0x5d4a4f63, 
    0x875a4554, 0x588c524b, 0x08117b64, 0x5e6a8b14, 0xf3425290, 0x042b0805, 0x005e047a, 0x401e000b, 0x0202081b, 0x4c010200, 0x02020103, 0x01014d22, 
    0x00210000, 0x1311134e, 0x1a070410, 0x1323212b, 0x41230123, 0x03390567, 0x0d86b5c1, 0xb9ab68fd, 0x020c85b4, 0x2603aa9a, 0x5e04dafc, 0x2903d7fc, 
    0x06934500, 0x9e04c028, 0x26021606, 0x1082cf04, 0x6f0a2724, 0x0782d900, 0xd90a0724, 0x0782fb02, 0x42000126, 0x91040000, 0x1f747382, 0x74222016, 
    0x2508241f, 0x4fb4b942, 0xe4de016f, 0x6401e9fd, 0x9ae4fee4, 0xfe5e044e, 0xfde4011c, 0x01bffde3, 0x002cfed4, 0x42000100, 0x6784fcfe, 0x2f00172e, 
    0x01072c40, 0x4c010103, 0x4904010e, 0x21065945, 0xe0820268, 0x054d2224, 0xd6750401, 0x17002805, 0x112e1700, 0x82061111, 0x074f42ec, 0x07161627, 
    0x2707020e, 0x05b45f36, 0x73850320, 0xfee7db32, 0x1dc7be13, 0x74c18112, 0x11ab751a, 0xe09caf14, 0xfe2e7c86, 0xafef1b0d, 0x147cb86e, 0x6d9b1d93, 
    0x8583a080, 0xffff0022, 0xc0208782, 0x26228784, 0xff82d104, 0xda0a0724, 0x07414803, 0x04ea2a08, 0x0014005e, 0x010bb5a5, 0x349e8206, 0x500cb04b, 
    0x00264058, 0x01010002, 0x07007202, 0x07060506, 0x050e4372, 0x06010724, 0xb1840468, 0x02090a28, 0x05210505, 0x64721b4e, 0x8c272005, 0x8005212d, 
    0x40212e98, 0x23298328, 0x80010200, 0x2a995885, 0x40595929, 0x00000012, 0x43140014, 0x2c08076a, 0x1f070b11, 0x3313332b, 0x33373303, 0x33013307, 
    0x03230101, 0x37230723, 0xb9420323, 0x22674fb4, 0x012722a0, 0x3ffed28a, 0xd2d20e01, 0x270d8247, 0x5e044e68, 0xcaca1cfe, 0x23079041, 0x2cfecccc, 
    0x5924f384, 0x40050000, 0x0e25f382, 0x30403300, 0x0b1b7607, 0xe1826720, 0x5f000622, 0x21079541, 0x20760303, 0x000e2205, 0x05ee430e, 0x1c070827, 
    0x2137132b, 0x837d8503, 0x5913247f, 0x42ed0118, 0xb4240d04, 0x92cc03a1, 0x210b0742, 0x7682cc03, 0xff010027, 0x040000b8, 0x22778259, 0x74270010, 
    0x222109af, 0x741c824d, 0x10220caf, 0xaf740f00, 0x74232007, 0x25080caf, 0x48230202, 0x5743281b, 0x02672645, 0x9eb5b9f2, 0x3b536efe, 0x4aa6b6be, 
    0xf201b7c5, 0xb803a2fb, 0xe6fe75fe, 0x4e82edfe, 0xffffff2d, 0x04c0feb8, 0x025e047d, 0x82d60426, 0x0a072610, 0x00da02d9, 0x83178600, 0x22178783, 
    0x835703da, 0x42002517, 0xe8050000, 0x06222f82, 0x0f854c09, 0x06c0fe23, 0x200f820c, 0x200f8326, 0x213f8200, 0x17856904, 0x7420c382, 0x4b202784, 
    0x82086743, 0x2600220f, 0x820f8209, 0x03da2227, 0x206f8272, 0x204f8401, 0x24eb82a7, 0x402d000d, 0x2111822a, 0x04700304, 0x5f012905, 0x01020607, 
    0x054d2201, 0x23080975, 0x110d000d, 0x08290084, 0x012b1c07, 0x21132103, 0x059f7507, 0x13232108, 0x024caf01, 0xe7014c11, 0xa1cdfe18, 0xeffd51b4, 
    0x04b9b451, 0x0133fe5e, 0x34fc92cd, 0x15feeb01, 0x00206082, 0xfe226b82, 0x83830455, 0x3d001828, 0x01023a40, 0x4d600100, 0x06682608, 0x22040401, 
    0x18a4184d, 0x01072909, 0x00290000, 0x1400014e, 0x2d061f72, 0x05070b0c, 0x18011800, 0x2b160708, 0x6b5f2201, 0x05d85307, 0x2e05b471, 0x02060607, 
    0x19224451, 0x570c200e, 0x851d084d, 0x83b42085, 0xb9b42497, 0x18ae161d, 0x85085aa2, 0x249c838f, 0x80aba2fb, 0x06734380, 0x5e049823, 0x071b4102, 
    0xf502d922, 0x20087343, 0x24ba8273, 0x40210007, 0x0a7b471e, 0xed440220, 0x24238205, 0x11070007, 0x05794711, 0x13230323, 0x31038221, 0xb4b97304, 
    0x9ef1fd9e, 0x5e04b9b5, 0xb803a2fb, 0x408248fc, 0x56246382, 0x03040000, 0x06226382, 0x37824d09, 0x34052b4f, 0x00d20533, 0x00220017, 0x404c002b, 
    0x02020049, 0x090c4d20, 0x072c4f02, 0x2c4f2720, 0x4d28390c, 0x24050500, 0x23234e05, 0x00011818, 0x2b232b23, 0x22182425, 0x1a1c2218, 0x210d304f, 
    0xc867070d, 0x0f304f0a, 0x31133122, 0x2106d052, 0xd1520301, 0x09304f08, 0x3bb54b08, 0x1d55cd97, 0x98fdab1c, 0x1941b541, 0x6aa86f8f, 0x7f291213, 
    0x708fb301, 0x121269a6, 0x90187d27, 0xafac0401, 0x01900501, 0x909afe66, 0xacaffbfe, 0xfe90fcfe, 0x978a0176, 0xc77e5e03, 0x79c26e70, 0xa2fc5e03, 
    0x6f6ec279, 0xe3827ec8, 0xe4ff0126, 0x46044cfe, 0x1b39fe82, 0x39403c00, 0x0c0f1215, 0x03030204, 0x02020101, 0x03010001, 0x0301044c, 0x05e04803, 
    0x20055a6a, 0x09f24105, 0x0e101129, 0x0005070d, 0x751b011b, 0xee410554, 0x36372705, 0x01032726, 0x654b0123, 0x13470805, 0x06071616, 0x40f60106, 
    0x45112a2f, 0x091d8517, 0xfe8d2617, 0xbc01cfb4, 0xbacffefe, 0xfecf5001, 0x1c2fa63f, 0xfec6190e, 0x06aa0e4c, 0x5138b50a, 0xfe2a014f, 0x022e0255, 
    0x013ffe30, 0xfed0fdc1, 0x4f92639e, 0x4700a795, 0x042105c7, 0x22a78267, 0x82c20326, 0x0a0724b7, 0x434703da, 0x73200833, 0x0a211783, 0x4e1786e0, 
    0xfe220677, 0x178204c0, 0x86260221, 0x01db2217, 0x261f8281, 0x009e0001, 0x825f0400, 0x0013252f, 0x112c402f, 0x240c3776, 0x0101036a, 0x24ed8201, 
    0x04210404, 0x4a5f184e, 0x4c07200e, 0x1c500540, 0x36322205, 0x07367637, 0xc2252708, 0xb53b22c5, 0x6a78153c, 0x5e3f824a, 0x40b5b9b5, 0x5e01833f, 
    0x6601cdcd, 0x777d9afe, 0x36021113, 0x8101a2fb, 0xab841310, 0x93829e20, 0x26227b83, 0xab86e704, 0x17855d20, 0x02209385, 0x01271784, 0x01d80a07, 
    0x49cbfe4d, 0xfe2105e9, 0x06d355cb, 0x00004224, 0xb7825306, 0x25091f75, 0x01034d22, 0x1f750101, 0x071b7511, 0xfb250783, 0x9e019eb4, 0x2804859e, 
    0x04a8fab9, 0x0348fc5e, 0x210383b8, 0x5343a2fb, 0x22538405, 0x85ea0426, 0x5105218f, 0x02210782, 0x216b8200, 0x6b840a04, 0x77741420, 0x4d22220f, 
    0x09777400, 0x0c0c0c28, 0x22130c14, 0x77742511, 0x020e2209, 0x0c777423, 0x016c3108, 0x1ab1c726, 0x83c67b11, 0xb4b927fe, 0x2501405e, 0x0e0d9066, 
    0xcd02656c, 0xa4669ac9, 0xfd5e0460, 0x6b80fec8, 0x006e5651, 0x59000200, 0xb9040000, 0x0d227782, 0x93751600, 0x757d8215, 0x0e2e0993, 0x0e00000e, 
    0x11150e16, 0x000d000f, 0x9375250d, 0x2187840d, 0x4c4c0313, 0x18592406, 0x8a43ed01, 0x6ea12189, 0x03248888, 0x6ffe92cc, 0x03238b84, 0x865afecc, 
    0xffff278b, 0x00004200, 0x8b82a305, 0xec04262a, 0x07000000, 0xf4039302, 0xa3850782, 0x68057f28, 0x1c001300, 0x114c7200, 0x00273405, 0x01000001, 
    0x0a040070, 0x04070801, 0x06096708, 0x46030302, 0x002507f8, 0x5f050707, 0x05df4700, 0x82264021, 0x85012129, 0x592c28a0, 0x14141740, 0x1c140000, 
    0x15171b14, 0x13206982, 0x112edc82, 0x070b1111, 0x37132b1c, 0x03331333, 0x01820721, 0x07163222, 0xfe29e58f, 0x012caa2c, 0xacfe185f, 0x25ec982b, 
    0xf6fe0a01, 0xf08fff92, 0xd220d787, 0x4022d784, 0xa3883d40, 0x01010024, 0xd1974d20, 0x3e22a5b6, 0xa59f3eaa, 0x8cfe7422, 0x003ca591, 0xceffffff, 
    0xf8060000, 0x26005e04, 0x0016d604, 0xec040700, 0x0000ee02, 0x42000200, 0xb7201782, 0x122b1782, 0x33001b00, 0x01033040, 0x76010801, 0x22210802, 
    0x0c02764d, 0x1b000025, 0x75131519, 0x0a2009fe, 0x260ffe75, 0x13212306, 0x4e250321, 0x4d08098a, 0x10024db4, 0x014db44d, 0x19b7b624, 0xfeb4f319, 
    0xf0fd5028, 0x01df0250, 0x0d7d6424, 0xfe63640f, 0xfe5e04dc, 0xfed2012e, 0x9995ae2f, 0xfee501b1, 0x4c4ea61b, 0x00005354, 0xff370001, 0x044404e8, 
    0x0020006c, 0x163d4040, 0x04030215, 0x22560304, 0x00032f05, 0x02030102, 0x04040067, 0x05006105, 0x61452705, 0x01062805, 0x00280000, 0x1800014e, 
    0x26070798, 0x20000608, 0x46072001, 0x64450533, 0x36362105, 0x2409f275, 0x24362707, 0x06715533, 0xa4cb013e, 0x0ab414dc, 0x97637081, 0x1bfe1967, 
    0x03e3011b, 0x6e607735, 0x47a527a4, 0x98a20f01, 0x31053846, 0x3195a918, 0x9c5d735b, 0x955ca25e, 0x31566f58, 0x2646a392, 0x05474107, 0x06e8ff23, 
    0x24af8260, 0x00270017, 0x05455d9c, 0xc6822120, 0x01060429, 0x07006804, 0x49610007, 0x092305cf, 0x78060601, 0x282a0600, 0x4b1b4e03, 0x585024b0, 
    0x28922540, 0x05010825, 0x854d2105, 0x0300222e, 0x212c8303, 0x27882940, 0x22000023, 0x2655824d, 0x02006102, 0x914d2702, 0x5921082b, 0x19164059, 
    0x21000018, 0x1927181f, 0x00170027, 0x23261417, 0x070a1111, 0x13332b1b, 0x3e210333, 0x2cfb8202, 0x020e1415, 0x35262223, 0x03213734, 0x07a96825, 
    0x15020e3d, 0xb9421614, 0x15014faa, 0x96eb9d23, 0x9f54e9cb, 0xe8ca8bdf, 0x4fe9fe01, 0x18671b03, 0x3509608d, 0x20fe5e04, 0xf886e088, 0xc6fa87d2, 
    0x16d0f973, 0x8922fe17, 0x8d189d60, 0x003b0966, 0xcbff0200, 0x26040000, 0x0f005e04, 0x31001800, 0x01082e40, 0x4c010501, 0x82050106, 0x010527c6, 
    0x04040067, 0xda825f03, 0x484d2221, 0x102b0673, 0x10181010, 0x11262217, 0x82071031, 0x232121a8, 0x2409fd75, 0x21333636, 0xc9831801, 0x03390807, 
    0xfe45b36d, 0xfe0c0cf6, 0x5f01cfbd, 0x1a13566d, 0xbd01ddf8, 0xfc41f2fe, 0x0f108f90, 0xa3018e6d, 0xc1015dfe, 0x9c71a426, 0x01dcfdc6, 0x5c5d6887, 
    0x00010066, 0x03befe42, 0x278b82c3, 0x4038001c, 0x02011135, 0x2c059f49, 0x01050201, 0x07000069, 0x06000601, 0x36908965, 0x21020200, 0x00004e02, 
    0x1b001c00, 0x12111123, 0x07082124, 0x68012b1c, 0x0721082d, 0x239b8203, 0x36032107, 0x08057f58, 0x23020e39, 0x501a3d01, 0x171bb889, 0x4bc6786d, 
    0x02b9b42e, 0xfefd1bb6, 0x6a993058, 0x16499f6c, 0x86e69c18, 0xafa0befe, 0xbb948ca2, 0x5e04ecfe, 0x5debfda6, 0x82ca746f, 0x8280e190, 0x229b8462, 
    0x82d006e2, 0x001b309b, 0x01264029, 0x00490101, 0x01000005, 0x82670005, 0x5f042187, 0xb2469682, 0x01212405, 0x8211214e, 0x06272100, 0x8c4d8c83, 
    0x23262205, 0x069c4923, 0x33032134, 0x07161636, 0xe804030e, 0x11a08d1b, 0x62984c11, 0xae4951cb, 0x78033606, 0xde9bcb4e, 0x41091967, 0xe2fea573, 
    0x6ba0239c, 0xfe4d8d62, 0x05c14918, 0x012afe29, 0x3894d673, 0x82688a8d, 0x4b003a74, 0x5604e8ff, 0x1f006c04, 0x3d404000, 0x03020b0c, 0x021c1d02, 
    0x4c020405, 0x05fb6b00, 0x93826720, 0x00610125, 0x71270101, 0x7743099b, 0x14152b06, 0x0e101213, 0x1f000709, 0x77431f01, 0x05dc5806, 0x077c4618, 
    0x230ae576, 0x04061737, 0x3909d058, 0xb515dba2, 0x906e7f0a, 0xe30129be, 0x051bfe1b, 0x71637933, 0x46a428a6, 0x9749ecfe, 0x92a33808, 0xc06f5631, 
    0x9c5ea289, 0x315b735d, 0x0000a995, 0xff3a0002, 0x82bb05e8, 0x002c30ab, 0x40460038, 0x02112543, 0x262b0703, 0x82030002, 0x000425ad, 0x07040307, 
    0x2a08a96c, 0x01054d27, 0x61000303, 0x44020806, 0x34270627, 0x23282a32, 0x82171920, 0x070833b1, 0x012c0006, 0x1607092c, 0x0020052b, 0x36123613, 
    0x4c4a0733, 0x32332205, 0x057b7837, 0x16163226, 0x07060607, 0x2408d476, 0x06272223, 0x050e4f37, 0x06227008, 0x02160607, 0xfee6fe58, 0xac1d2dfc, 
    0x6f1a98fe, 0x201367a5, 0x3a37caae, 0x15154349, 0x7976ca88, 0x161447a5, 0x2a1671a1, 0x306a3a13, 0x4088461e, 0xbba37f8b, 0x1416ab6c, 0x94646664, 
    0x185b1414, 0x10013001, 0x900401b0, 0x70bf74a1, 0x4808ddc3, 0xc17d80d1, 0x79c0706e, 0x0349d58b, 0x89151a02, 0x372f151f, 0x86ab2ee3, 0x7a949476, 
    0x8200ab7f, 0x00013e00, 0x04c0fe57, 0x005e04f3, 0x4031000f, 0x0104002e, 0x01065404, 0x5f020000, 0x02020708, 0x0de24802, 0x40182f82, 0x01200d3b, 
    0x0c394018, 0x37213a08, 0xfe1a3503, 0x0f0283f9, 0x939eb59e, 0xfc35b451, 0xf6fe9faa, 0xa05e041a, 0xb803e8fc, 0x1afe48fc, 0xbe034001, 0x000200a0, 
    0x05e8ff0e, 0x00760414, 0x002c0021, 0x1e1fb67e, 0x09aa4f02, 0x0200273c, 0x02030308, 0x03010772, 0x06010105, 0x006a0103, 0x61040808, 0x27040400, 
    0xb218004d, 0x28250799, 0x401b4e00, 0x23298328, 0x80030208, 0x59392a9f, 0x00011940, 0x2223282a, 0x15161a1c, 0x0b0c0f11, 0x05060809, 0x21012100, 
    0x05d3450a, 0x37343529, 0x33372626, 0x44171606, 0x042106cd, 0x05736d05, 0x17373625, 0x6d010406, 0x03310879, 0x02eacf07, 0x9e1b93af, 0x25664910, 
    0xa28bf0aa, 0x95c118c2, 0x20202b1a, 0x5fa4c803, 0xe9950486, 0xc118a587, 0x15391c9b, 0x9f0478fe, 0x07015e04, 0xc2ff2c05, 0x09008cfe, 0xb80100b1, 
    0x35b08cfe, 0x059f412b, 0x00009325, 0x6504e504, 0x03240673, 0x01020301, 0x2605dc5c, 0x00000101, 0x4e044d22, 0x0f300878, 0x25210f00, 0x19070511, 
    0x3303212b, 0x36013313, 0x3f086e76, 0xc5e17401, 0x59010c9b, 0x4b709e34, 0x3c28481a, 0x0429fe17, 0x028bfc5e, 0x9f6866a7, 0x8efc2a23, 0x03356783, 
    0x26ff4600, 0xac060105, 0x31002800, 0x41003900, 0x1c333e40, 0x3f6c8214, 0x03091d30, 0x01080200, 0x01010003, 0x4c040304, 0x01020100, 0x00020085, 
    0x00008502, 0x05850003, 0x86261483, 0x5d030300, 0x47824e03, 0x2800282b, 0x141d151d, 0x2b1a0b06, 0x07544105, 0x2627133a, 0x023e3726, 0x07333737, 
    0x2307021e, 0x03272636, 0x07031e17, 0x0707020e, 0x08056b5d, 0x3127267e, 0x06061327, 0x16160607, 0xce20d401, 0x09c311e0, 0x3a5a6e91, 0x1319b5a0, 
    0x2184d98e, 0xbb7f2178, 0x05b90d5d, 0x37546f83, 0x3e768738, 0xe98c1311, 0x823d209f, 0x410c12be, 0x4e544e7c, 0x0c109f78, 0xc3da6e42, 0x70adde12, 
    0x1a020c77, 0x9cb82f11, 0x0a6eb576, 0x6b0bc9c8, 0x756169aa, 0x1007fe0b, 0x905c3710, 0x75bd7569, 0x6d01c108, 0x486c8b0f, 0xd8173a59, 0x820fd701, 
    0x385b485b, 0x7e3bcc82, 0x73040000, 0x1c00d205, 0x2d002400, 0x181e2a40, 0x10131417, 0x09010c0f, 0x82010001, 0x000122f1, 0x26db825f, 0x01034d56, 
    0x45570202, 0x1c2706ce, 0x0b041a1f, 0x82212b18, 0x343521e5, 0x1624dd85, 0x26071716, 0x3623dd82, 0x82173736, 0x075308ce, 0x020e1303, 0x01161415, 
    0xbba61cc3, 0x80c98d4a, 0x8f1c761c, 0x0ab014bc, 0x5f895b65, 0x41a6228c, 0x3f1c97f6, 0x4d966d88, 0xf118ac5f, 0xc3ed7eba, 0xabab0d7d, 0x2784a50e, 
    0xfc09674e, 0x4f700fc5, 0x09a58b3a, 0x034c01a7, 0xdfa71933, 0x00a36f6f, 0x826c0001, 0x82e720a7, 0x001a26a7, 0x013b403e, 0x259d8301, 0x08010109, 
    0x99820201, 0x07682108, 0x01060301, 0x04030504, 0x020a0b67, 0x4d560000, 0x57050500, 0x00004e05, 0x1a001a00, 0x11311819, 0x122b0082, 0x0c131111, 
    0x012b1f0b, 0x82013313, 0x21072201, 0x29028207, 0x13230321, 0x37213721, 0x05822731, 0x01033a08, 0x0104ce8c, 0x12fed1b8, 0xbefe15fd, 0x43011902, 
    0x36bbfe14, 0xbcfe36be, 0x18460115, 0x15befe03, 0x05f50101, 0x023cfdd2, 0x8816fdc4, 0xfe889503, 0x884001c0, 0x02880890, 0x05af42ea, 0x00001235, 
    0xe605d304, 0x45002a00, 0x11124240, 0x01040202, 0x8208004c, 0x000826aa, 0x02010580, 0x20af8206, 0x05b34702, 0x03006131, 0x074d5c03, 0x09000001, 
    0x09010a5f, 0x83095709, 0x002a27ac, 0x11241329, 0x03822613, 0x820b1121, 0x373328aa, 0x13373632, 0x78333723, 0x072006a5, 0x85050e63, 0x060623b8, 
    0x1e822107, 0x33375208, 0x23060607, 0x67501b12, 0x1899280e, 0x8c121f95, 0xaf7389db, 0x01b10162, 0xad826a73, 0xe3012012, 0x2822fe19, 0x023b5c0b, 
    0x072f2c32, 0x1708a90a, 0x5ca78296, 0x9630016b, 0x75cf88e6, 0x1c70a75d, 0x869a7b6e, 0xd7fe96eb, 0x261b6350, 0x882f3e2e, 0x08cc8282, 0x7eff0122, 
    0xa0035efe, 0x22001406, 0x0e409700, 0x0506011b, 0x0604011c, 0x02010109, 0xb04b4c03, 0x4058501c, 0x1fabbf18, 0x4e015b26, 0x20b04b1b, 0x20352982, 
    0x04020708, 0x02000103, 0x00670004, 0x61050606, 0x5e050500, 0x0703474d, 0x40292783, 0x0005001e, 0x06050406, 0x262a8b69, 0x61010202, 0x82010100, 
    0x59592320, 0x95821040, 0x22002231, 0x13112325, 0x09112334, 0x012b1d0b, 0x82032307, 0x262221fa, 0x4106984a, 0x36200529, 0x0aa74d18, 0x02076808, 
    0xa5cd1af6, 0x1f98c71c, 0x10291d35, 0x5d3b0d43, 0x1bb4a50e, 0xd41d12b3, 0x1b612a8b, 0x1b280d46, 0x04121fb0, 0x1afc993a, 0x0905b1ac, 0x610406a2, 
    0x99e60356, 0x0fbcb16d, 0x0604a10b, 0x00006dbc, 0xff5e0001, 0x055504ec, 0x001d00d2, 0x1a39403c, 0x02050619, 0x03010601, 0x00021516, 0x02011401, 
    0x004c0300, 0x82000301, 0x048026dc, 0x56030301, 0x21a5824d, 0xda826202, 0x4e025d22, 0x1d280a82, 0x13321d00, 0x190b0519, 0x2523ac82, 0x82070507, 
    0x32032803, 0x33373636, 0x82210002, 0x135408b7, 0x07023f07, 0x02133737, 0x4a012a90, 0x1ab8fe20, 0xfe1e4801, 0xc5705db7, 0x39bf208f, 0xf2fe84fe, 
    0x6a206b2c, 0x1ae520e7, 0x37e81ce5, 0x89fbd205, 0x899d89b7, 0xcefd89b6, 0xfebdda5d, 0x05b5fea8, 0x61840204, 0x609d60b7, 0x500160b6, 0x22000200, 
    0x96050000, 0x182bab82, 0x45002100, 0x01094240, 0x820b0607, 0x000734a7, 0x01010567, 0x03020104, 0x00670201, 0x5f080a0a, 0x82080800, 0x03032eaa, 
    0x014e0357, 0x1b1f2100, 0x0f101219, 0x0919670e, 0x0002032b, 0x0c180118, 0x012b160b, 0x06244321, 0x33372323, 0x27038237, 0x16322113, 0x020e0716, 
    0x08089e4c, 0xfe4b0372, 0x4a0116b0, 0x32b5fe1b, 0x1de931bd, 0x1be917e8, 0x0c0278ea, 0x1549c6a9, 0xfeee8c14, 0x964f0124, 0x801414b5, 0x02b1fe96, 
    0xfea78959, 0xa72901d7, 0xd202a789, 0x7979cb7a, 0x97a778ca, 0x009a7d7d, 0xff2e0001, 0x055e05ec, 0x002d00e6, 0x26524055, 0x27090a01, 0x0f0a0801, 
    0x10020301, 0x04030401, 0x020b0c4c, 0x00010708, 0x67000801, 0x05010106, 0x2108c788, 0x09006109, 0x004d5c09, 0x61040303, 0x5d040400, 0x00004e04, 
    0x2d002d00, 0x2325292b, 0x12111411, 0x05822225, 0x1f0b0d29, 0x2107012b, 0x83060706, 0x0a7b48c9, 0x82030021, 0x373622cf, 0x25d68336, 0x33243636, 
    0x5d431732, 0x04560806, 0xbbfd5a70, 0x04060608, 0xfe5b0802, 0x8fbc0c50, 0x3048ab5f, 0xe16ed959, 0xcb08f3fe, 0x0604844d, 0x4db70806, 0x01ce3d94, 
    0x88eb9609, 0x5f943a61, 0x0349fa8f, 0x262491c3, 0xb6932325, 0x9d3549bb, 0x21014849, 0x23930001, 0x91242625, 0x9983f5ab, 0xbc4a3e9f, 0xe78200b7, 
    0x005a2b08, 0x05b70400, 0x001b00d2, 0x003b403e, 0x86020102, 0x01080700, 0x06070506, 0x02090a67, 0x00010405, 0x67000503, 0x01010300, 0x92735703, 
    0x01032206, 0x25d48251, 0x111b001b, 0x02822211, 0x11122224, 0xd083060b, 0x04062332, 0x07012323, 0x21370123, 0x37213720, 0x23262621, 0x3c080582, 
    0x15162707, 0x9b4f7d04, 0xedf6fe2e, 0x02860105, 0x135afeed, 0x0c010601, 0x4eb3fd4c, 0x880b1802, 0x4ee9fe81, 0xea4fb003, 0xad71042f, 0xaafdcb97, 
    0x7e88020c, 0x5f57adbe, 0x4d02adab, 0x27678269, 0xb4000200, 0x64050000, 0x072ea382, 0x32000b00, 0x01062f40, 0x00010203, 0x96820301, 0x0504043a, 
    0x0501075f, 0x004d5605, 0x01570101, 0x0008084e, 0x080b0800, 0x00090a0b, 0x2405e654, 0x2b190b08, 0x05f25501, 0x07823720, 0x05372608, 0x2cfe1b35, 
    0xfeabbead, 0x95041b2e, 0x1d9afb1b, 0xfba7b304, 0xa70c04f4, 0xa7a71f01, 0x00030000, 0x08e8ff58, 0x086b82d3, 0x50003624, 0x1c025b00, 0x5025b04b, 
    0x0e164058, 0x15030701, 0x070e0214, 0x033f4142, 0x2a2b000c, 0x040c0102, 0x18941b4c, 0x4c040d23, 0x05085159, 0x0400362e, 0x04030f02, 0x100e0072, 
    0x0e0c0001, 0x0f3faf82, 0x005f020f, 0x4d560202, 0x07020a0b, 0x065f0307, 0x03030205, 0x010d4d59, 0x61010c0c, 0x84020809, 0x4e1b20c4, 0x37200566, 
    0x02233d83, 0xb1800f04, 0x8224203e, 0xa83b20b3, 0x8200203e, 0x28828475, 0x01096108, 0x08600808, 0x8381824e, 0x9f4620f6, 0x06a07442, 0x0521cc86, 
    0x94cb8301, 0x8230204d, 0xb4502090, 0x0c0c214d, 0x4d209586, 0x00225884, 0xa5890d0d, 0xb44e4021, 0x29ee8352, 0x090c0c00, 0x09090061, 0x51844d5d, 
    0xf6840020, 0x00835920, 0x01274036, 0x53595b00, 0x3e444651, 0x3437383c, 0x282d2f33, 0x12181a26, 0x3a06a46b, 0x02030406, 0x36013600, 0x2b160b11, 
    0x23032301, 0x16162113, 0x33373307, 0x45073307, 0x2e2106e5, 0x05fc7802, 0x82171721, 0x820e2019, 0x27262d0c, 0x23060617, 0x37262622, 0x06062313, 
    0x06253482, 0x32331616, 0x08224637, 0x27263623, 0x091c8227, 0x33053616, 0x37363632, 0x23262636, 0xb42b0223, 0x01f6be61, 0x08b9e074, 0x28b72794, 
    0xaa3918ee, 0x108c8061, 0x3c1603a9, 0x0b694f3e, 0x88482b0a, 0x0f115976, 0x5e78af69, 0x1606267d, 0x80493245, 0x966e1044, 0x5403ff30, 0x1f0b69da, 
    0x1316253f, 0x0caa0713, 0x6b5c5b4d, 0x38280b0c, 0x12677393, 0xb365fb0d, 0x0b43856f, 0x6e6a180d, 0xfd4d02b4, 0x01d205b3, 0xeeeea2d1, 0x91504486, 
    0x4219287e, 0x3a3f5131, 0x23291657, 0x985866a4, 0x4f313d5c, 0x81400e07, 0xa1a50261, 0xfd6d01cc, 0x17474689, 0x3a382f02, 0x4658644c, 0x2e113e42, 
    0x4f6ca924, 0x47825082, 0x00548248, 0x00040000, 0x05000062, 0x00d20585, 0x0023001c, 0x002f0029, 0x135b405e, 0x03030510, 0x0202060b, 0x67020301, 
    0x03070c12, 0x02080e01, 0x00010d00, 0x000d0067, 0x090d0a09, 0x0f0f0067, 0x04005f04, 0x114d5604, 0x570a0a01, 0x2a2a4e0a, 0x00001d1d, 0x2f2a2f2a, 
    0x28292c2e, 0x231d2426, 0x2122231d, 0x1c285482, 0x1411191b, 0x11211211, 0x14250082, 0x332b1f0b, 0x0af94513, 0x07331727, 0x06070623, 0x2d068307, 
    0x03212304, 0x36373601, 0x03072137, 0x06823221, 0x26016108, 0x07212326, 0x1893797c, 0x18921993, 0xbd013493, 0xa40fd3cf, 0x07048e18, 0x188e0906, 
    0xf9fe45a4, 0x4400ffcc, 0x0708ce02, 0xc2fd0407, 0x07013119, 0xfd2b9278, 0x106c02dd, 0xfafe777d, 0x92d80219, 0x3c01929a, 0x2692a399, 0x9223272a, 
    0x65fe99a4, 0x29226a03, 0xfe9a242b, 0x015146d7, 0x954451be, 0x0126ff82, 0x00004e00, 0xff821406, 0x33001325, 0x4a053040, 0x082a0507, 0x03040306, 
    0x04010001, 0xa0446800, 0x01022505, 0x01570101, 0x00242a82, 0x11130013, 0x132f0083, 0x0b0a1111, 0x07012b1e, 0x01230121, 0x83230307, 0x133108d6, 
    0x01330333, 0xb0050133, 0x01e2fd1c, 0x74fee6a5, 0x75be4fdf, 0x66e41be4, 0x027e66be, 0x60fdf893, 0xfda86b03, 0xd1ad023d, 0xc30224fe, 0xfd6702a8, 
    0x27038399, 0x28000700, 0x0e080000, 0x69088382, 0x0023001f, 0x002b0027, 0x0033002f, 0x40720037, 0x0901356f, 0x022e320a, 0x4c020203, 0x0f19181a, 
    0x09060b0d, 0x08111315, 0x09010004, 0x12146800, 0x01040710, 0x04061617, 0x01030204, 0x0c0e6702, 0x560a0a02, 0x0301054d, 0x4e035703, 0x00003434, 
    0x37343734, 0x2c2d3031, 0x28292a2b, 0x24252627, 0x20212223, 0x1f001f00, 0xbe181d1e, 0xcd8409fb, 0x1b2d0483, 0x012b1f0b, 0x33072307, 0x23032107, 
    0x24038403, 0x23273337, 0x23d48237, 0x33132113, 0x03280383, 0x23272101, 0x21373305, 0x13240383, 0x25331723, 0x52080382, 0x07232701, 0xa91ab007, 
    0xfe1ada51, 0x36c4d5fa, 0xc3d878fe, 0x1af8fe34, 0x1caa14dd, 0x2dc0367d, 0xd2d57a01, 0xd27a0130, 0x13fcdbc0, 0xc9142f01, 0x4ec68c01, 0xbffcdafe, 
    0xd9fe50c6, 0x0e127493, 0x1374a803, 0x14fbfe0e, 0xdf03500c, 0xfea0b9a0, 0x83e6011a, 0x230a8203, 0x0dfef301, 0xfe220387, 0x0083b9a7, 0xc5a7fe2f, 
    0xbe02c5c5, 0x0000b3b3, 0x12000100, 0x051f4b00, 0x00322608, 0x16544057, 0x06040215, 0x0c004c01, 0x0c010001, 0x01078000, 0x03010804, 0x67030402, 
    0x0a020109, 0x020c0101, 0x082c4a01, 0x0b4d5c2e, 0x0d000001, 0x0d010e5f, 0x4e0d570d, 0x323d4b82, 0x2d2e3100, 0x2324282a, 0x13112122, 0x11112426, 
    0x0f111311, 0x332b1f0b, 0x37363237, 0x06b24237, 0x2112354b, 0x01822107, 0x2f11394b, 0x9c16a011, 0x92169616, 0xdb8e1310, 0x63af7286, 0x2c073d4b, 
    0x16e70111, 0x01171dfe, 0x26fe16de, 0x10434b10, 0xa8857f27, 0xcf8b7c84, 0x07444b72, 0xa8848124, 0x454b7885, 0xff033309, 0x050000d7, 0x00d20557, 
    0x001b0017, 0x404f0024, 0xeb82204c, 0x4c013308, 0x03020e10, 0x0b0f0d00, 0x00040303, 0x0a0c6803, 0x07090402, 0x04060502, 0x01006705, 0x084d5601, 
    0x57060601, 0x1c1c4e06, 0x241c0000, 0x1a1b231c, 0x41821819, 0x15161723, 0x05ca4214, 0x00831120, 0x1330eb82, 0x33012137, 0x23072113, 0x23073317, 
    0x21032313, 0x2905d542, 0x27211737, 0x26272521, 0xe7822726, 0x74073a08, 0x011c0117, 0x017cdc44, 0x26e01714, 0x5064189a, 0x8dfd4cc0, 0x6dd2d2cc, 
    0x6564a318, 0xfe240c02, 0x016a017a, 0x4715230c, 0x0203266b, 0x640290de, 0xbe909cfd, 0x0172fe92, 0x2d03838e, 0xbebebe92, 0xe2400690, 0x4ae09ca4, 
    0x00820006, 0x68000228, 0xe804ecff, 0x9182e605, 0x54002f2c, 0x07005140, 0x07060906, 0x0d608009, 0x010b3207, 0x050a0009, 0x00670a09, 0x00010405, 
    0x67000502, 0x2bce820c, 0x08006108, 0x004d5c08, 0x61030101, 0x2105304f, 0xe3421819, 0x1f213305, 0x2f181b1c, 0x15112f19, 0x10251222, 0x2b1c0b0d, 
    0xb7822101, 0x2a05c262, 0x23040633, 0x36372622, 0x82233736, 0x062222eb, 0x05c46207, 0x07060727, 0x37210733, 0x08178221, 0x0426365b, 0x3840fd9b, 
    0x770e0939, 0x11a77379, 0xdefe20cd, 0x1cd8d2d3, 0x962a3408, 0xfe34041a, 0x0f898159, 0xd77512cd, 0x1dc9c7a3, 0x1b9c4110, 0x021bcdfb, 0x084424bb, 
    0x0a02680e, 0x55365b2e, 0xc16d5f5e, 0x31a9b3b7, 0x02a32a67, 0x66617392, 0xb0ac69ac, 0xa3a34e60, 0x52305927, 0x08ee8261, 0x0005002d, 0x06000022, 
    0x00d2053a, 0x001f001b, 0x002a0023, 0x40620031, 0x0901275f, 0x03012f0a, 0x154c0202, 0x0b0d1412, 0x0f110905, 0x82000308, 0x10682dfa, 0x0103070e, 
    0x03040613, 0x02010302, 0xe143fb82, 0x2424310a, 0x2b2c0000, 0x2a242a24, 0x20212223, 0x1c1d1e1f, 0x1b235482, 0x4118191a, 0x16200dda, 0x2008d743, 
    0x05d74323, 0x2e088145, 0x13210133, 0x21010333, 0x33052127, 0x41252137, 0x480805e1, 0x16162301, 0x06363617, 0x1c95183a, 0x51951895, 0x30fee5db, 
    0x9851bf50, 0x961c9818, 0xda5a9816, 0xad010001, 0xfb5abe5a, 0x4f7301eb, 0x2102f8fe, 0xaffe1ce6, 0x3e1af3fe, 0x07150d2e, 0x158bda02, 0x12061c39, 
    0xa892b203, 0x07c84392, 0x02230a82, 0x83e0fd20, 0xfe2c0803, 0xa8a8a8c6, 0x739b3b92, 0xfe3ba569, 0x568e3034, 0x00008c4e, 0x8b000300, 0xba0526ff, 
    0x1c00ac06, 0x2a002500, 0x39403c00, 0x030c141e, 0x013c6882, 0x4c020503, 0x00010000, 0x02010085, 0x01068501, 0x86040304, 0x05000200, 0x68050203, 
    0x2305f741, 0x292a0000, 0x1c253782, 0x1a151414, 0x052a5107, 0x3435022d, 0x37241212, 0x1e073337, 0x82231702, 0x036e08d5, 0x02060721, 0x03070704, 
    0x15030e13, 0x36051614, 0x02213736, 0xfedf2246, 0x0e01bd64, 0x217821aa, 0x0378d58e, 0x879c14c4, 0x1c390261, 0xe7febc1e, 0xc13921a9, 0x4785bf78, 
    0xab0801b1, 0x81fe23f8, 0x011bcbda, 0x01aafd37, 0xa5060142, 0x0cc9c80d, 0x8586d280, 0xb9fd0ba5, 0xf8feb3a9, 0x01c70696, 0x1390047a, 0x7ff8d18b, 
    0x1015d8be, 0xd282b4e4, 0x2508d384, 0x06b40542, 0x0027008c, 0x00380030, 0x261b40a2, 0x06090201, 0x03082935, 0x09320900, 0x19010802, 0x08020216, 
    0xca820114, 0x4b4c3108, 0x585010b0, 0x070a3040, 0x06060502, 0x00007005, 0x00090109, 0x01008001, 0x08010908, 0x0408007e, 0x03080301, 0x09010b63, 
    0x00610609, 0x4d5c0606, 0x2205104e, 0x842f401b, 0x85052132, 0x592c31a7, 0x31311840, 0x38310000, 0x33343631, 0x25089a82, 0x141a1127, 0x14171311, 
    0x2b1d0b0c, 0x16160701, 0x26262317, 0x36360127, 0x020e3337, 0x37230707, 0x07072726, 0x50412637, 0x3f9b0805, 0x17160702, 0x0e010137, 0x16141503, 
    0x17160101, 0x22232601, 0x7845f204, 0x03be018e, 0xa9fe3945, 0xbf30d07d, 0x8cfabd31, 0x54346034, 0x4a603e48, 0xba638d7e, 0x33a50801, 0x49523364, 
    0x0141fd3a, 0x7aaf6f4c, 0xf5014a40, 0x56469dfe, 0x473e6401, 0xde8c060c, 0x559cdc39, 0xacfb287e, 0x90809c15, 0xa7097ad5, 0xc71906a8, 0x0147f004, 
    0x01a7bc0f, 0xa604013c, 0xa604a611, 0xfabd1403, 0x1c3c045f, 0x7aedcb90, 0x1504b079, 0x011e86fb, 0x00148604, 0xff8b0002, 0x06b40526, 0x821e00ac, 
    0x40382dca, 0x0c142035, 0x15000103, 0x02030201, 0x200b3642, 0x530f8200, 0x1e260f5c, 0x17131e00, 0x5c531a15, 0x11002106, 0x410f3142, 0x32420702, 
    0x026f0806, 0xfedb2245, 0x01be65ff, 0x7821a80d, 0x79d58a21, 0xb006be01, 0xe588c382, 0xc031bf33, 0x39218efd, 0x85be79c1, 0xcbdab146, 0x0138011a, 
    0x3f01a901, 0x0ea40501, 0x790bc8c9, 0xa08e90d3, 0x0f6afb0a, 0xd691899e, 0x01c7077a, 0x148f047a, 0x80f7d08b, 0x0000d7bf, 0xff700001, 0x05b005ec, 
    0x003200e6, 0x2b0c4080, 0x00010201, 0x02020928, 0x504c0201, 0x2c2a05e7, 0x06050400, 0x80060405, 0xec820100, 0x80020122, 0x06263382, 0x05005900, 
    0xef510305, 0x06062307, 0x0c426102, 0x822d2007, 0x0507232e, 0x2e890704, 0x30820720, 0x69000722, 0x00203089, 0x59382f89, 0x17250b40, 0x23261322, 
    0x0b082317, 0x07012b1e, 0x22232626, 0x07070606, 0x1723fa82, 0x18040606, 0x22084a4e, 0x4e161632, 0x730806c9, 0x12060702, 0x07331317, 0x33023e33, 
    0x33051616, 0x242b0c5b, 0x0d5b905a, 0x34d9801f, 0xfecf37bd, 0xfec096f2, 0x252871f5, 0xc04901e2, 0x0385e898, 0x94cb08bd, 0x1fa9ed86, 0x6e989b29, 
    0x190a1fb3, 0x2c417f63, 0xa631034b, 0x93611007, 0x9d11c44a, 0xda980387, 0x5701b974, 0x5801ecec, 0x97da75ba, 0x88a19803, 0xf5bff9fe, 0x0226dcfe, 
    0x5d36bda0, 0x0018013b, 0x01390082, 0x0000e200, 0xd2056405, 0x27001700, 0x0e172440, 0x04090a0d, 0x01000703, 0x09c17401, 0x824d5621, 0x00572928, 
    0x1911114e, 0x1a0b0417, 0x1c51ce82, 0x13232505, 0x37253705, 0x132e0382, 0x07213721, 0x4c040321, 0x19f1fe1a, 0x05821001, 0xbe573008, 0x16e5fe4b, 
    0xfe191e01, 0x1a011ae5, 0x1c2bfe45, 0xfe1c6604, 0x3e04382d, 0x6699639c, 0xf2fd649a, 0x9469c301, 0x94689b6b, 0xa7a0016b, 0x82acfea7, 0x002b0861, 
    0xfe220005, 0x06d50a5e, 0x0025008c, 0x004b0039, 0x00660059, 0x141440c0, 0x0d030901, 0x0905020a, 0x010c0109, 0x08022337, 0x434c040c, 0x393105d4, 
    0x03030200, 0x01007002, 0x01080c00, 0x0900690c, 0x06bb4109, 0x0b002308, 0x0061050b, 0x4d5f0505, 0x030a100d, 0x61000808, 0x030e0406, 0x4d5d0000, 
    0x0707010f, 0x1b4e075b, 0x3b823840, 0xb2850221, 0x5932083a, 0x4c4d2b40, 0x00012626, 0x5c5e6264, 0x594c5355, 0x474a594d, 0x39263d3f, 0x32343926, 
    0x1e202a2c, 0x12131517, 0x25000507, 0x0b112501, 0x22052b16, 0x004d3726, 0x13210805, 0x27070606, 0x37373636, 0x33360733, 0x07120420, 0x04020607, 
    0x26262223, 0x01060627, 0x36123613, 0xa6ed1833, 0x0103250c, 0x3233021e, 0x36202f83, 0x7805394d, 0x25220d57, 0x4e4d2626, 0x08238205, 0x1e0137d7, 
    0x15168973, 0x482d80b6, 0x7e39831e, 0x95511246, 0x1db42144, 0x0c013e42, 0x24582101, 0xfeaf240c, 0x8260aaf8, 0xa9362058, 0x1ea1b304, 0x9796f6a5, 
    0x1d1e50c8, 0x6b8beda3, 0x0e0d3776, 0x24c4fb62, 0x734d674b, 0x0d1a79b4, 0xcb620f15, 0x223c1aa8, 0x9f692d05, 0x25131467, 0xc89a6b79, 0xfa7b1f1f, 
    0x27391712, 0x0a0b5535, 0x4f483639, 0x879a140a, 0x11139d80, 0x1c0a1a03, 0x23179a14, 0x05aec60c, 0xd5b6febc, 0xbcfed74d, 0x315636b4, 0x72fe6f4e, 
    0x01b0d003, 0xfe8b8c02, 0xfeb0b1fe, 0x5d4990fa, 0x03b1fd1f, 0x3e603406, 0x509ffa90, 0x5196ce7d, 0x51fb0302, 0x7377bf70, 0xbae26ebb, 0x1cc7edb9, 
    0x3b3f4422, 0x003b6341, 0xff400001, 0x05750682, 0x002d0000, 0x052c5e92, 0x012c0d29, 0x24000202, 0x82031518, 0x1b4c2207, 0x200f8440, 0x200f8707, 
    0x28248559, 0x09010a28, 0x57090200, 0x32238205, 0x07086100, 0x5f000002, 0x0203064d, 0x4d570101, 0x87040400, 0x4e042412, 0x8d25401b, 0x8d01202a, 
    0x5f072b29, 0x59070700, 0x40594e04, 0x84830012, 0x11252d30, 0x13122314, 0x0b231424, 0x012b1f0b, 0x015d3607, 0x23032105, 0x0a27b418, 0x01230123, 
    0x05e04336, 0xc2431682, 0x325c0805, 0x05131716, 0x602a6e01, 0x3d8a5e33, 0x7ab67917, 0x305c330e, 0x74139071, 0xf2fe3ab7, 0x030602b3, 0x7e3f505c, 
    0xb66f0f5e, 0x0b1fb6ba, 0x47846318, 0x96216b4d, 0x15c30005, 0x8bb2571a, 0xde0228fd, 0x922b6354, 0x0143fd71, 0x0322fe60, 0x47515e8f, 0x64fd5b82, 
    0x30ba5e04, 0x34413c5c, 0x2908ea83, 0x00005800, 0x5e043006, 0x1a000c00, 0xb04b7000, 0x40585029, 0x02040027, 0x01040201, 0x05010080, 0x7e050102, 
    0x00020200, 0xe082065f, 0x004d5931, 0x60030505, 0x03020708, 0x4e035703, 0x8f2b401b, 0x06062129, 0x2e832382, 0x00000022, 0x59372d8e, 0x0d0d1040, 
    0x190d1a0d, 0x11122113, 0x09201223, 0x012b1d0b, 0x82032021, 0x27f582eb, 0x21230321, 0x21033313, 0x0805ea64, 0x23060643, 0x44021201, 0x423b6601, 
    0x401042bd, 0x9f7cfe5c, 0x7e7501bd, 0x840161bd, 0x7b10605b, 0xcc1d7dbf, 0xfe5e04b7, 0x0170fe9b, 0xfc605f90, 0xfdf30248, 0x02605db3, 0xaf11fdef, 
    0x000100b4, 0x0500003a, 0x30d3822e, 0x401f0018, 0x0508151c, 0x01030003, 0x0303004c, 0x29781859, 0x15162d08, 0x0b041015, 0x23212b1a, 0x27023637, 
    0x06238282, 0x82070702, 0x123d080b, 0x33373736, 0x03121607, 0x1fbbdc04, 0x74898026, 0xd98d74bd, 0x1fbb1f26, 0x98feae22, 0xe027bd27, 0xe2b733d2, 
    0xfd1f0401, 0x21bb0244, 0xb7dffcfe, 0x2a01c6b7, 0xebec17b4, 0xfe8ffe21, 0x05b77fd6, 0xab08e830, 0x2600d205, 0x00008001, 0x48030700, 0x0782be04, 
    0x71209385, 0x27081782, 0x4042002d, 0x021f263f, 0x092d0701, 0x01000302, 0x02094c02, 0x03010002, 0x80030001, 0x01000700, 0x6a010700, 0x06060108, 
    0x0805244e, 0x005f0432, 0x04570404, 0x12292a4e, 0x11111822, 0x10221227, 0x2b1f0b0a, 0x26132301, 0x03072223, 0x06061323, 0x16160607, 0x21072133, 
    0x26373337, 0x12363702, 0x21051844, 0xc7841732, 0x23075d08, 0x03272636, 0x224ea1e3, 0x4f262725, 0x7e5744a0, 0xb5431818, 0x1b120293, 0xd91b6cfb, 
    0x1b495907, 0x23aef324, 0x25251da1, 0xa11d2326, 0x278d9c23, 0x47391abd, 0xda019c02, 0x27fe0605, 0xc9389701, 0x82e49492, 0x5810a6a6, 0xd7a30d01, 
    0xd2402b01, 0xad0404ad, 0xc4fe41d3, 0x38cd97e6, 0xff25ef82, 0x040000bc, 0x2cd782ee, 0x1b890026, 0x0a070100, 0xfe80ffd6, 0x064b6671, 0x35b0713c, 
    0x0500002b, 0x46ff5700, 0x8c06f704, 0x22001900, 0x2a002600, 0xa5003200, 0x2b820eb5, 0x4b4c0130, 0x58500eb0, 0x02003640, 0x70020101, 0x6b18010e, 
    0x103907f2, 0x0a0b020d, 0x0c6a0b01, 0x0f090a01, 0x0a060702, 0x01086907, 0x06000006, 0x18068259, 0x2109fb6b, 0x38823440, 0x0e850222, 0x05243782, 
    0x01010386, 0x592e36a5, 0x2b2b2640, 0x00001a1a, 0x322b322b, 0x934c2c2d, 0x23242705, 0x211a221a, 0xa3821b1d, 0x111e1922, 0x062b0083, 0x37052b1b, 
    0x37211321, 0x821e0733, 0x07062282, 0x32068215, 0x2323020e, 0x33031307, 0x36373632, 0x33012326, 0x82372313, 0x03212303, 0x0f82023e, 0xd601a408, 
    0xf762fe1f, 0x781f9d01, 0x46b6981f, 0x6bab1611, 0x13427d46, 0xafea8212, 0x558f1f12, 0x10aeb102, 0xfe8a8d11, 0xdf55df3e, 0xdf51df1a, 0x4b515701, 
    0x100d5c86, 0x05baba69, 0x02babad2, 0x896db66e, 0x040a1c90, 0x7076a75b, 0x03ba65af, 0x9303fe5e, 0xfe986e64, 0xa0fd0103, 0x1afee701, 0x4d734404, 
    0x0000815c, 0x57000300, 0xfd0446ff, 0x1e008c06, 0x31002700, 0x0a408e00, 0x010b010b, 0x0a090111, 0xb04b4c02, 0x4058500d, 0x0201042e, 0x70020101, 
    0x0502070c, 0x71050000, 0x09000a00, 0x67090a08, 0x180b0b00, 0x2108bc67, 0xd4430808, 0x00572505, 0x2c401b4e, 0x02213083, 0x212f8485, 0x2e9e8605, 
    0x1a40592c, 0x2f310000, 0x2527282a, 0x84821f21, 0x1c1d1e25, 0x83111a1b, 0x0b0d2b00, 0x37052b1b, 0x37331323, 0x03830733, 0x07161623, 0x05384106, 
    0x07230682, 0x52233723, 0x36290537, 0x37212326, 0x36363221, 0x2f098337, 0xd81f1001, 0x781fd7f7, 0x781fae1f, 0x178caf20, 0x23063741, 0x20dee719, 
    0x57201383, 0x153a5219, 0x24053541, 0xde1cc2ba, 0x07364191, 0xd59b2d08, 0xbababd11, 0x64936101, 0x42a0986e, 0x815d5077, 0x5c000200, 0xec04ecff, 
    0x0b00e605, 0x2d001700, 0x03002a40, 0x00610103, 0x4d5c0101, 0x0805e245, 0x00010452, 0x4e005d00, 0x00010c0d, 0x170c1113, 0x0507170d, 0x0b010b00, 
    0x2b160b06, 0x13022205, 0x32330012, 0x00020312, 0x13123227, 0x22230212, 0x12020302, 0xd0fa2602, 0x58013c3c, 0x3bd3f6f7, 0xdeaafe3c, 0x2e2ee6a5, 
    0xe9a0a67a, 0x147d2e30, 0x6c019001, 0x2c080182, 0xfe70fe92, 0xfe91fe95, 0x3e01a670, 0x17011b01, 0xc9fe3f01, 0xe6feddfe, 0x0000c5fe, 0xb2000100, 
    0x28030000, 0x0700d205, 0x1d402000, 0x265e8205, 0x024c0101, 0x49010101, 0x24820721, 0x00072408, 0x0b031107, 0x03012b17, 0x01231323, 0x28032537, 
    0x0adabaf7, 0x01226bfe, 0xfad2056c, 0xfe22052e, 0x83efccf5, 0x003d244b, 0x82a10400, 0x001d24df, 0x822b402e, 0x0003245b, 0x82800301, 0x61023240, 
    0x5c020200, 0x0303004d, 0x01055f04, 0x04570404, 0x3315824e, 0x281d001d, 0x06281223, 0x332b1a0b, 0x023e0137, 0x23263637, 0x0808634f, 0x0e071642, 
    0x07010702, 0x173d0721, 0x86634702, 0x7e130b4b, 0x15bf7f75, 0xe09716b5, 0x59be8685, 0xb1560e14, 0x0280fe97, 0x891bae02, 0x8a5b1902, 0x8476457b, 
    0xc7847f97, 0x75bd7070, 0x89bf9c52, 0xa70ca5fe, 0xff226282, 0x938600ff, 0x0526022d, 0x01000020, 0x00430b07, 0x4491ffde, 0xff240513, 0x2b35b091, 
    0x65181482, 0x002b07f3, 0x404e002e, 0x0301274b, 0x184c0104, 0x7316a95c, 0xcd82080f, 0x00020230, 0x00010861, 0x4e005d00, 0x1f210001, 0x0f731b1c, 
    0x012e2b0a, 0x160b092e, 0x2622052b, 0x0f733726, 0x074b5014, 0x06071624, 0x10730706, 0x02790805, 0x6cd79124, 0x9f0ac00f, 0x13d08c7f, 0x79a69b14, 
    0xbb81791c, 0x7a791313, 0x0f658f4d, 0xe69e18b7, 0x53ba8a82, 0x77a31512, 0x177c8d02, 0x14f3a214, 0x6a76b363, 0x7a758e7b, 0x7489a599, 0x67378670, 
    0x64b17648, 0x7f6ab66f, 0x170c22b0, 0xbf7b8cc3, 0x0200006e, 0x00004f00, 0xd205a704, 0x0f000a00, 0x30403300, 0x0001010c, 0x05074c01, 0x04060102, 
    0x01030202, 0x00006802, 0x078b5b00, 0x000b0b27, 0x0b0f0b00, 0x082c820e, 0x11110a45, 0x0b081211, 0x37132b1a, 0x33033301, 0x23032307, 0x23133713, 
    0x194f0701, 0xa9e73703, 0x32cb1bca, 0x821d31b5, 0x0299fd0c, 0x049b2f01, 0xa704fc08, 0x2f01d1fe, 0xfc0e03a7, 0x00000cfe, 0xff540001, 0x829a04ec, 
    0x00233077, 0x18464049, 0x13060301, 0x03010212, 0x82004c02, 0x2c768204, 0x00060080, 0x03060103, 0x05050069, 0x051a5604, 0x02020025, 0x41076100, 
    0x1d300750, 0x1516171b, 0x090e1014, 0x00040507, 0x08230123, 0x200d4e41, 0x062d4236, 0x21132726, 0x33032107, 0x0806c248, 0x01020e43, 0x5fbf83f5, 
    0x8107b80e, 0x6f9f5973, 0x8992170f, 0xae339e43, 0x1c1003d3, 0x087c90fd, 0x884d9434, 0x181957c1, 0x6714f5a5, 0x836272b3, 0x92619553, 0x16232bba, 
    0xfea7e202, 0x8131264d, 0xe08e92e2, 0x20bb8280, 0x20bb8276, 0x28bb82bc, 0x404c0025, 0x03011a49, 0x20bb8f07, 0x28bb8207, 0x06690307, 0x05040401, 
    0x21c1825f, 0xbc844d56, 0x21080d42, 0x55511d1f, 0x22be8605, 0x42250125, 0xbe890e0d, 0x8d372321, 0x170221c0, 0xa324c092, 0xbe031c9a, 0x3b21c29d, 
    0x22c38ba7, 0x826c0002, 0x05cc38c3, 0x001d00e6, 0x4049002d, 0x05011346, 0x004c0106, 0x03040302, 0x79800402, 0x81440887, 0x01082308, 0x7d410505, 
    0x1e1f3508, 0x25270001, 0x2d1f2d1e, 0x0f111517, 0x07090c0d, 0x1d011d00, 0x0230c287, 0x33001237, 0x07161632, 0x23262623, 0x33030222, 0x22053e4a, 
    0x1827020e, 0x080eb458, 0x5d350257, 0x223484b4, 0xfd5c0141, 0x0269bd7e, 0x707309ba, 0x0c2dfbac, 0xc781dea1, 0x9b171862, 0xa35995ef, 0x34101072, 
    0xa65b5b7b, 0x350e0e73, 0xa044147c, 0x01ce1201, 0x64ab018b, 0x7d6675b2, 0xf4fed6fe, 0x90df7fc6, 0xa785e38c, 0x5b5d9758, 0x975d5996, 0x5c975758, 
    0x2e008200, 0x00620001, 0x05c10400, 0x000700d2, 0x831c401f, 0x005f2311, 0x27620101, 0x0748080b, 0x21110700, 0x2b180b04, 0x21370133, 0x01072137, 
    0x026f0362, 0x031c0ffd, 0x92fc1ec3, 0xa70c1f05, 0x00dffab1, 0xff4a0003, 0x05ae04ec, 0x001f00e6, 0x0038002c, 0x17424045, 0x04030208, 0x01084c01, 
    0x02030004, 0x00690304, 0x08f25619, 0x02010723, 0x64511802, 0x2d2e3708, 0x00012021, 0x382d3234, 0x2527382e, 0x2c212c20, 0x1f000f11, 0xe8411f01, 
    0x023e2208, 0x0d776637, 0x021e0723, 0x0eaf7a07, 0xbb470120, 0x057d6605, 0x97216e08, 0x101466da, 0x01549567, 0x13136167, 0x8283dc91, 0x13135ec1, 
    0x4e016ea1, 0x15113572, 0x928bf39e, 0x951413d1, 0x6fa15b8b, 0x018b150f, 0x12b7780f, 0x78777a12, 0x7b1314b6, 0x7abc6b14, 0x0f6ba05f, 0x76b91c08, 
    0x6766b374, 0xb97872b2, 0x6c0f081c, 0xbb7960a1, 0x7a8da56a, 0x7e469f7a, 0x02927654, 0x71708ebf, 0x73738283, 0x0002008a, 0x2bf78265, 0x00e905c5, 
    0x002e001e, 0x0b464049, 0x43051f42, 0x0826069c, 0x03000501, 0xfc820501, 0x04060626, 0x04040061, 0x4306ee44, 0x202b069d, 0x2800011f, 0x202e1f26, 
    0x4216182e, 0x1e2206e2, 0xf9881e01, 0x16163327, 0x13123233, 0x06095b23, 0x17023e29, 0x0712021e, 0x42030002, 0x5e080f1f, 0x69c07e0c, 0x7008bc02, 
    0x2dfeaa73, 0x72c94d0c, 0x185dc482, 0x9cf29717, 0x3382b25e, 0xa8fe4122, 0x72a2588c, 0x81390f0f, 0x6e9f585d, 0x7d360e0f, 0x77b46414, 0x29018265, 
    0x695e0f01, 0x868fe080, 0x01038ae5, 0xf0fea046, 0xfe77fecc, 0x5abf0252, 0x97565996, 0x5f97585e, 0x00599558, 0x47030000, 0x132b0a6f, 0x35001b00, 
    0x12153240, 0x4b020311, 0x7947057f, 0x16182517, 0x130d130c, 0x2a1a7947, 0x27160127, 0x22232601, 0x47060302, 0x2a2d127d, 0x419bfd2f, 0x4164027f, 
    0x30e9a06d, 0x16834729, 0xfc99002d, 0x03c44c5a, 0xc9fe48a3, 0x42f9ddfe, 0xdb2005cf, 0x1824b082, 0x0b00d205, 0x25053f6a, 0x4c010100, 0x13820100, 
    0x69000128, 0x56020200, 0xa659044d, 0x082c8205, 0x0b000b2b, 0x05132112, 0x212b190b, 0x23060613, 0x36323337, 0x01033337, 0xb72dca67, 0x77061a72, 
    0xf7a235cf, 0x432fc704, 0xfa627e9d, 0x245b852e, 0x04ecff53, 0x245b82dd, 0x403e0020, 0x0e80453b, 0x44006721, 0x80450dc3, 0x191a2f08, 0x13151617, 
    0x07090f11, 0x20000405, 0x80452001, 0x23262312, 0x5c433723, 0x36460806, 0x0e071616, 0x872a0202, 0xc20c77d9, 0x5a7f9807, 0x0e0f6f9f, 0x94888e2c, 
    0x02c10119, 0x031d89fd, 0xf4fd187b, 0x1459ce99, 0x14f39b15, 0x707cb25e, 0x5b793c75, 0x97558950, 0xa70cb701, 0x0904fe8b, 0x7e7bc76f, 0xaf8572c7, 
    0x3607b346, 0x4030000f, 0x0002002d, 0x01020001, 0x01010380, 0x04020607, 0x46040105, 0x052106b2, 0x05626505, 0x0f000f23, 0x2d008211, 0x0b081221, 
    0x37132b1c, 0x07013301, 0xb3461321, 0x194f2c07, 0xfdc8fd02, 0xe9010215, 0x464cb54b, 0xaf4605b5, 0x0c102a05, 0x34fecc01, 0x01d1fea7, 0x0874822f, 
    0x54000240, 0x3e04ecff, 0x1400d205, 0x38002100, 0x010b3540, 0x4c010204, 0x04000200, 0x69040203, 0x56010100, 0x0301064d, 0x05610003, 0x5d000001, 
    0x15164e00, 0x1b1d0001, 0x21162115, 0x090a0d0f, 0x56181400, 0x26230849, 0x83023e37, 0x36362483, 0x43163233, 0xec4505ef, 0x06430807, 0x8af40116, 
    0x0c1755c1, 0x01637c40, 0xeafdcda3, 0xce325c28, 0x9e1723ca, 0x91566fe9, 0x87170f62, 0x17c37f80, 0x7e148717, 0x96478fdf, 0xf10176b6, 0x1c198cfd, 
    0xd78acffb, 0x8e52a37c, 0xabae8d5b, 0x84b48b8c, 0x00a526ab, 0x058f0400, 0x21ab89e6, 0xab820402, 0x02000422, 0x6920b482, 0x5c21a689, 0x0528614d, 
    0x0120ab95, 0x27054963, 0x01230107, 0x22230606, 0x1726b783, 0x07060622, 0x514c1606, 0xee022e05, 0x1855c18b, 0x647b410b, 0x02cd5dfe, 0x26ab8216, 
    0x1722cacd, 0x866eea9e, 0xc28021ab, 0x052cab82, 0x90de7ee6, 0x76b69746, 0x74020ffe, 0xd821ac84, 0x2cac857b, 0xb38c8bac, 0x00020000, 0x04ecff98, 
    0x22ab82d5, 0x4a230011, 0x132f1af3, 0x1c000112, 0x1323121a, 0x00080a23, 0x4a110111, 0x330806f3, 0x12123435, 0x32333636, 0x02141512, 0x27060602, 
    0x35033e32, 0x22232634, 0x1415030e, 0xd0430216, 0x9a602cdb, 0xdccf91db, 0xdc995e2b, 0x6e9d698e, 0x7d7f1f45, 0x803d0684, 0xfe150114, 0x010e0174, 
    0xfe83da08, 0xfe71ffe8, 0xdbf8fef5, 0xbc74a684, 0xb057dbe0, 0x320686bd, 0x01000000, 0x00008500, 0xd2053804, 0x28000b00, 0x4a052540, 0x002a05ff, 
    0x4d560101, 0x00000102, 0x76436003, 0x1511370c, 0x190b0511, 0x2137332b, 0x37012313, 0x21033325, 0x011a8507, 0x0b4bbf92, 0xdce83205, 0xa01a4d01, 
    0xf5fe8204, 0xcefaefcc, 0x00ffffa0, 0x205b8260, 0x24fb82c4, 0x23200506, 0x240f8200, 0x04ecff69, 0x210f84c7, 0x0f831922, 0x1f825020, 0x7b82a820, 
    0x23050623, 0x200f8301, 0x201f8286, 0x210f84cc, 0x0f833224, 0x0f828920, 0x2f84e920, 0x831d2621, 0x00b6240f, 0x84150500, 0x5427211f, 0x68200f83, 
    0xe6252f84, 0x28050600, 0x200f831e, 0x220f8282, 0x82e905e2, 0x1d29210f, 0x7b41bc82, 0x001c290a, 0x40350027, 0x1a1b2732, 0x291bff44, 0x00011213, 
    0x1c121e20, 0x85411c13, 0x01272321, 0x89410116, 0x41172006, 0x172d1489, 0x013f94fd, 0x69673fee, 0x1f456e9d, 0x1a8f4114, 0xfc4c6a2e, 0x6d044850, 
    0xe0bc7442, 0x4a6257db, 0x270a9341, 0x4031000f, 0x0101032e, 0x31058943, 0x01020001, 0x03030069, 0x01044d56, 0x60050000, 0x01440106, 0x2112290b, 
    0x0b071113, 0x37332b1b, 0x260b1545, 0x1a850721, 0x45b08b01, 0xdc260819, 0xa01a5301, 0x1d452704, 0xa0ce2305, 0x6218ffff, 0x00270777, 0x002c0506, 
    0x4bffff00, 0x0622082f, 0x0f842d05, 0xecff9826, 0xd2058204, 0x2e211f82, 0x261f8344, 0x040000ea, 0x82e605d4, 0x452f210f, 0xff3b0f82, 0x0199fed5, 
    0x01d00059, 0xfeac0507, 0x00fefaf8, 0x0100b109, 0xb0fefab8, 0x84002b35, 0xff3f243f, 0x825a01f3, 0x050628af, 0xff00f0bf, 0x824000ff, 0x04e0280f, 
    0x05260029, 0x8200f1bf, 0x00bf2435, 0x4c290376, 0x0321058f, 0x82358329, 0x005f2e23, 0x04ff01b0, 0x052700e6, 0x001000bf, 0x242584bd, 0x00e60395, 
    0x215b8211, 0x2482bdb0, 0x0101b125, 0x87e603b8, 0x20838463, 0x205382f7, 0x84838527, 0x828d202f, 0x88122055, 0x8430848b, 0x2683835e, 0x03e9fee4, 
    0x822d065a, 0x267e21c3, 0xff270f82, 0x02e8fee4, 0x822c0642, 0x0f7f260f, 0x00010000, 0x201f8253, 0x301f8259, 0xb558002a, 0x00050115, 0xb04b4c01, 
    0x40585019, 0x39d2821a, 0x05000305, 0x00030069, 0x65040304, 0x01020200, 0x01010061, 0x1b4e025e, 0x75582040, 0x89692006, 0x04042824, 0x03005903, 
    0x83610403, 0x59513f2d, 0x11250940, 0x5115111d, 0x2b1c0b06, 0x33303713, 0x36363335, 0x36363737, 0x06260733, 0x074d0307, 0x06032606, 0x22073316, 
    0x08178226, 0x23272654, 0x37313035, 0x010f6137, 0x12636921, 0xd7ca2226, 0x15717f19, 0x83620f30, 0x0f3b7803, 0x7f4c152f, 0x228fd51a, 0x69411226, 
    0x0206081e, 0x06015f86, 0xcce66d67, 0x770197bb, 0x57e2fe7d, 0x1a141a7f, 0xe4fe5880, 0xb895767f, 0x686de4cf, 0x272e0107, 0xeb820100, 0xea02e922, 
    0x2420db82, 0x1423db82, 0x89050001, 0x00052ddb, 0x00050200, 0x00020069, 0x65010201, 0x0422b786, 0xdb84035e, 0x03000427, 0x69030405, 0x23248800, 
    0x59020101, 0x0221ff86, 0x20db8301, 0x20db8315, 0x24db8314, 0x31303001, 0x27ce8307, 0x37230606, 0x13373632, 0x2621e683, 0x08078226, 0x37072653, 
    0x07071632, 0x33171606, 0x7c0edb02, 0x21251370, 0x7f19daca, 0x0f2f1572, 0x7c048264, 0x15300f39, 0xd719804b, 0x1326228e, 0x0207764b, 0x68015586, 
    0xbccbe474, 0x017f7695, 0x1a80581c, 0x57801914, 0x777d1e01, 0xccbb9701, 0x016674e6, 0x00ffff00, 0x08cb4198, 0x82418021, 0xe5ff250f, 0xa702e9fe, 
    0x0623df82, 0x82f48205, 0xf400380f, 0x6a0347ff, 0x06018b06, 0x5e367e05, 0x00b10800, 0xb05eb001, 0x82002b35, 0xf4ff271b, 0x520246ff, 0x1b828a06, 
    0x8e1f7f21, 0x6300211b, 0x69203782, 0x47213784, 0x821b8e10, 0x02472237, 0x201b84fa, 0x211b8f48, 0x6f88a800, 0x8f518021, 0xfff52437, 0x84b70247, 
    0x04822137, 0x012e1b8e, 0x0329024e, 0x00cf02f8, 0x00940507, 0x008200be, 0x01ffff2a, 0x04940260, 0x013a030a, 0xd0221383, 0xbd856b00, 0xbd826b20, 
    0xb92cf782, 0xcb042c00, 0x06006204, 0x0011cd05, 0x6b200f82, 0x7d200f82, 0xce210f84, 0x260f83d2, 0x04450070, 0x827704d1, 0xf2cf211f, 0x9a200f87, 
    0xd0200f84, 0xa7260f84, 0x93041b01, 0x1f827303, 0x83f1d121, 0x00a7241f, 0x8293042e, 0x05062295, 0x260f84d2, 0x046400ab, 0x822a048c, 0x84d3201f, 
    0x01ba262f, 0x028004f1, 0x200f829d, 0x260f84d4, 0x04700091, 0x821404a7, 0xefd5210f, 0xba263f83, 0x7f044800, 0x0f824704, 0x1f84d620, 0x7f826f20, 
    0x61049b22, 0xd7200f82, 0xa9264f84, 0xd904ac00, 0x0f82e203, 0x8317d821, 0x0186262f, 0x03b20495, 0x200f820c, 0x272f83d9, 0x8c024701, 0xd2059104, 
    0xec22ff82, 0xff859500, 0x00d40027, 0x05e604cf, 0x24ff8205, 0x002c00cd, 0x20ff85a3, 0x20ff85a3, 0x201b8286, 0x221b8498, 0x8eedffce, 0x0087261b, 
    0x05e804d1, 0x24378203, 0x000900cf, 0x2237838c, 0x858cb002, 0x201b8337, 0x201b84b1, 0x261b90d0, 0x04be01c2, 0x821604ae, 0x00d12237, 0x2153850c, 
    0x6f86b002, 0x5382c220, 0x0105ae22, 0xd2201b82, 0x01201b87, 0xc6261b87, 0xa7040701, 0x1b82cd04, 0x0d00d322, 0xd5268b8e, 0x9b049402, 0x1b824003, 
    0x1b90d420, 0x1301ac26, 0xb704c204, 0xd5221b82, 0x378f0a00, 0x04eb0025, 0x82ea049a, 0x87d6201b, 0x87032037, 0x0088266f, 0x04b404dc, 0x201b82f8, 
    0x203782d7, 0x20df8597, 0x26df8597, 0x044f01c4, 0x828504f4, 0x00d8221b, 0x26c38e32, 0x043102a0, 0x82a803cc, 0x82d9201b, 0x419c20c3, 0x9c20054f, 
    0xc83e3785, 0xa504ff00, 0x0600d304, 0x0003ed05, 0x3b000300, 0xbf04ecff, 0x2300e005, 0x3b002d00, 0x00459100, 0x25113305, 0x02030816, 0x02171e05, 
    0x01210204, 0x4c030400, 0x138d401b, 0x13820320, 0x2c855920, 0x394e2320, 0x02002a09, 0x03610002, 0x00000206, 0x05ba595d, 0x00240b85, 0x20401b4e, 
    0x0324258c, 0x0303005f, 0x2006de59, 0x05694a06, 0x13405933, 0x35370001, 0x1f202b2d, 0x0d0f1a1b, 0x23012300, 0x070b5107, 0x37023e23, 0x068b5b26, 
    0x2f054852, 0x37363613, 0x07060633, 0x06272317, 0x07011306, 0x2106cf49, 0x5e533703, 0x06800808, 0x96ef0116, 0x0f1356c8, 0x3e619962, 0xdf171245, 
    0x429873a2, 0x61831010, 0x3928fd82, 0x6d1aad0d, 0x50d5a333, 0xfed8dc56, 0x63683eee, 0x787e110c, 0x1f7347aa, 0x0b093e4a, 0x81584d4b, 0x142f0b0e, 
    0x5d76bf70, 0x5d40768a, 0xb68f69a7, 0x625c975a, 0xfe55409b, 0x4c883984, 0xf537c5a1, 0x01444979, 0x29a00116, 0x6a4a7844, 0x4b040380, 0x37523914, 
    0x556c5443, 0x0000753e, 0xc5000100, 0xaa035efe, 0x0a934818, 0x005f012d, 0x4d590101, 0x02020103, 0x824e025b, 0x00053f22, 0x04111105, 0x012b180b, 
    0x21372101, 0x01750101, 0x1be9fd67, 0x6cfeca02, 0x59055efe, 0x2282faa7, 0x02000037, 0xf3ff4f00, 0xd2052502, 0x0f000300, 0x29402c00, 0x01010104, 
    0x05267200, 0x03030025, 0x82056102, 0x025d2c4f, 0x0004054e, 0x04090b00, 0x820f050f, 0x11032b28, 0x2b170b06, 0x03331313, 0x31412203, 0x07240806, 
    0x9cbd0606, 0x3a9eb5cc, 0x55090a49, 0x08453d31, 0xdf015407, 0x0dfcf303, 0x3d5614fe, 0x39564535, 0xffff4a34, 0x04216b83, 0x226b8272, 0x82740526, 
    0x0507247d, 0x824d0274, 0x00022807, 0x0297fe29, 0x84760401, 0x40292583, 0x04000026, 0x01218482, 0x217b8363, 0x86826103, 0x80985f20, 0x808a1320, 
    0xb3b52931, 0x4337669c, 0x375c090a, 0x0a094238, 0x8397fe5b, 0xd2042980, 0x4e38384f, 0x4f38384e, 0x83856a82, 0x056d0624, 0x838700e6, 0x83867820, 
    0xf3ffae24, 0x17822004, 0x2b001f26, 0x3a403d00, 0x27077155, 0x05030106, 0x7e050300, 0x080a7955, 0x04050523, 0x04010761, 0x4e045d04, 0x00002021, 
    0x2b202527, 0x1f002b21, 0x12231e00, 0x190b082a, 0x3e37012b, 0x090a7702, 0x2805e664, 0x06060716, 0x07020e07, 0x0b314107, 0x6c012108, 0x704e1902, 
    0x0e6f484c, 0x58657911, 0x1abe1da8, 0x8276ca8b, 0x141354b7, 0x59476b86, 0xa4021035, 0x2c08c782, 0x38385c09, 0x5b090941, 0x880bc101, 0x28295796, 
    0x7b68577b, 0xb07e7d6f, 0x72b2655d, 0x273bac79, 0x0b586949, 0x374f32fe, 0x384f4f38, 0x82e38637, 0x370821cb, 0x7820e384, 0x0729b782, 0x17047805, 
    0xffff0000, 0x21178200, 0x178a3c06, 0x17837420, 0xff020029, 0x0374feee, 0x82670460, 0x002b29c3, 0x2eb04b6b, 0x26405850, 0x012cf883, 0x80010305, 
    0x05000100, 0x007e0001, 0x5f21f687, 0x070b414d, 0x4e025b25, 0x9023401b, 0x00002528, 0x65020002, 0x05242f89, 0x1440594e, 0x22152941, 0x43020e07, 
    0x36330756, 0x020e3337, 0x26262223, 0x37363637, 0x3737023e, 0x82163213, 0x8211821b, 0xa2022410, 0x414f1802, 0x592e0729, 0x19be1ca8, 0x8176ca8c, 
    0x141354b8, 0x29416a87, 0x372b080b, 0x5c090942, 0x880b9902, 0x282a5696, 0x7b68577b, 0xb17d7c70, 0x72b1665d, 0x283bac79, 0x0b586948, 0x384ece01, 
    0x384f4f38, 0x82004e38, 0xffaf36a5, 0x051704f3, 0x002200e6, 0xb57a002e, 0x00040106, 0xb04b4c01, 0x27fe8222, 0x01020029, 0x00020100, 0x0123fd82, 
    0x73006103, 0x042305e0, 0x825f0004, 0x4d5930fb, 0x05060600, 0x05010861, 0x4e055d05, 0x8827401b, 0x0700292b, 0x00060401, 0x01006704, 0x298b3487, 
    0x1540592c, 0x00002324, 0x2e23282a, 0x73822e24, 0x12232230, 0x0b091429, 0x37012b1a, 0x33133536, 0xe8823603, 0x26363725, 0x56260726, 0x06210cd0, 
    0x0e354206, 0x02872208, 0x3dac5701, 0x64621a17, 0x68360d12, 0x1faa593f, 0xcf921bb8, 0x4aac8076, 0x6ba41314, 0x16115162, 0x0b864374, 0x12a22208, 
    0x85020403, 0x1013d1fe, 0x5065873e, 0x0101366b, 0xb07b8071, 0x70b46a5d, 0x3a3ec983, 0xfe6d374e, 0x07a24351, 0x0200002a, 0x78fef8ff, 0x6b045f03, 
    0x2e279f82, 0x06b5a700, 0x41040001, 0x00210a13, 0x20eb8201, 0x21d48880, 0xf0824d5f, 0x20051441, 0x08106857, 0x4e035b2b, 0x27b04b1b, 0x27405850, 
    0x066e5000, 0x5a822582, 0x31740420, 0x01082406, 0x8c5f0505, 0x2440212e, 0x01252991, 0x03010300, 0x226a8965, 0x41594e06, 0x07261940, 0x23031506, 
    0x4b420613, 0x33162205, 0x0c4c4216, 0x42363621, 0x40410e4c, 0x350c210a, 0x27054041, 0x76cf931a, 0x1349ac80, 0x08084041, 0x090b4a45, 0x453d3254, 
    0x02530808, 0x040312bc, 0x2f017bfd, 0x883d1013, 0x356c4f65, 0x7b807101, 0xb56a5eaf, 0x3dca836f, 0x6d374e3a, 0x3e55af01, 0x39564634, 0x00004a34, 
    0xfebe0001, 0x063403e9, 0x000f002d, 0x830e4011, 0x85410810, 0x76010100, 0x0b021417, 0x36132b18, 0x33371212, 0x07020206, 0x23131206, 0x1be20226, 
    0xaf5fac7d, 0x1872a968, 0xaf553321, 0x6002365d, 0x016501a2, 0xfe9f7b4b, 0x90b6fead, 0xfe5bfec6, 0xc201ddf3, 0x28008200, 0xfed5ff01, 0x063302e8, 
    0x2257822c, 0x84144017, 0x01022157, 0x1b825882, 0x0f000f28, 0x170b0317, 0x5c82032b, 0x02363208, 0x16332702, 0x06071212, 0xac2b0702, 0x051821c0, 
    0x36b03438, 0x241b073d, 0xe8fea4cb, 0xa8010701, 0x490192c8, 0x7b9f5301, 0x9bfeb5fe, 0x3dfed9a3, 0x20b382da, 0x20b38257, 0x24b38219, 0x40280007, 
    0x35518225, 0x01000201, 0x03020067, 0x00570203, 0x5f030202, 0x02030104, 0x18824f03, 0x00072408, 0x11111107, 0x2b190b05, 0x07210113, 0x07330123, 
    0x01340157, 0xfee2198e, 0xfe19e2fe, 0x994407e9, 0x8299eef9, 0x25538a27, 0x4032000b, 0x2b7d002f, 0x01063706, 0x01000005, 0x00670005, 0x01020201, 
    0x01010057, 0x02005f02, 0x5b830201, 0x0b000b22, 0x112c5b82, 0x1b0b0711, 0x2307012b, 0x21073303, 0x03256383, 0xe3198c02, 0x205d8274, 0x26698572, 
    0x98d70274, 0x829943fd, 0x43fd216a, 0xff254b82, 0x02e9fef1, 0x42bb88b3, 0x67260570, 0x03030000, 0x88825700, 0x0020bb84, 0x033abb8e, 0x23013337, 
    0x0f012137, 0x0201e219, 0x8e0119e2, 0xe9feccfe, 0x99120699, 0x3282bcf8, 0x88010021, 0x26bb8553, 0x02030004, 0x42670304, 0x5b8206a2, 0x84050521, 
    0x5f05215b, 0x0520ce83, 0x5d82bb8f, 0x85053d5e, 0xde742361, 0xbe82df19, 0x02246486, 0xbd0298bd, 0x00256787, 0x03e9fe91, 0x881b4e97, 0x1b4e9f20, 
    0xfef0244c, 0x4ef602e9, 0xe720831b, 0x2f421b4e, 0x2a000200, 0x650775fe, 0x41009e05, 0x97014f00, 0x39056874, 0x0a012312, 0x06011404, 0x08013d0a, 
    0x00013e02, 0x1b4c0408, 0x501ab04b, 0x19834058, 0x198e0520, 0x09201487, 0x59212e8a, 0x08498559, 0x01002a2a, 0x01040700, 0x01056907, 0x060a0004, 
    0x0c690a04, 0x06060209, 0x01036202, 0x4d570202, 0x00080800, 0x00010b61, 0x4e005b00, 0x31286186, 0x0a040500, 0x800a0504, 0x00203987, 0x222038a2, 
    0x3b209a82, 0x09203893, 0x01247183, 0x61020909, 0x7b987086, 0x42822d20, 0x429a3420, 0x09020625, 0x82060059, 0x06082345, 0xb78c6a02, 0xa9394021, 
    0x00002336, 0x3c875908, 0x51000823, 0x08008259, 0x43214036, 0x49000142, 0x434f4247, 0x33383a4f, 0x26292b31, 0x191f2125, 0x08101217, 0x01410006, 
    0x160b0d41, 0x0020012b, 0x24001213, 0x16043221, 0x030e0712, 0x37262223, 0x27093859, 0x17163233, 0x03333733, 0x31069355, 0x2223022e, 0x02070204, 
    0x36322100, 0x0e173736, 0x3f5a0302, 0x06b40807, 0x16160607, 0x42fe8503, 0x2f4963fe, 0xb0011301, 0x01ce1a01, 0x1940b226, 0x9a5f3711, 0x01807075, 
    0x749c2408, 0x173aa284, 0x77cc8b16, 0x0a137c62, 0x0a6e9f0e, 0x716e422e, 0x892d1528, 0xfee4aded, 0x3c28e79a, 0x74013b01, 0x1f83a24f, 0xa18f3013, 
    0x1d9b924f, 0x51856e1d, 0x0f0e5683, 0x75fe6018, 0xb901df01, 0x99011d01, 0xfee385db, 0xd86998e4, 0x4d5b6eb5, 0xe182633e, 0x7bd4888d, 0xfd532447, 
    0xe35c3a6d, 0xb9e97df5, 0xa4feb96d, 0xfe91fef5, 0x0a241e71, 0x1926138c, 0xb1b04902, 0x8d5485b1, 0x61a15e56, 0xffff0000, 0x47ffce00, 0x8b064403, 
    0x7e050601, 0x250f3b50, 0x46ffe5ff, 0x8f504302, 0x211b8f05, 0x37826700, 0x37842920, 0x1b908020, 0x47ff0124, 0x1b84c302, 0x1b908220, 0x3782a120, 
    0x1b84a720, 0x1b908420, 0x1b820020, 0x1b840620, 0x1b908520, 0x55ff4f2e, 0x7e068a07, 0x86050701, 0xe0002500, 0x2b05634e, 0x2b35b0e0, 0x3c000200, 
    0x13050000, 0x2006936f, 0x053d437a, 0x0b0e282c, 0x020c0302, 0x03010002, 0x33656700, 0x0a0f3805, 0x05040402, 0x0207095f, 0x4d590505, 0x01020d10, 
    0x4e015701, 0x8326401b, 0x231c8311, 0x68040503, 0x28873691, 0x1e405924, 0xa56f0000, 0x0b112718, 0x13212b1f, 0x48740321, 0x37232505, 0x03331333, 
    0x2407f558, 0x03230733, 0x081c8201, 0x4ad9022f, 0x994a8dfe, 0xdc1bdc4b, 0xdb1bda43, 0x014a974b, 0x4a994a73, 0x42dc1ddd, 0x4ada1ddb, 0x73015afe, 
    0x018dfe42, 0x0165fe9b, 0x6e01969b, 0x08098598, 0x9865fe3a, 0xfe9692fe, 0x01310265, 0x0002006e, 0x05ecff2c, 0x00e704b6, 0x00330023, 0x17464049, 
    0x040d0f15, 0x181e0103, 0x0204060c, 0x1f202103, 0x06030405, 0x4c030200, 0x01020e16, 0x08fb7618, 0x2f0ccf62, 0x00012425, 0x33242b2d, 0x11133325, 
    0x23012300, 0x2305db57, 0x27072726, 0x2c05bc4e, 0x17372737, 0x32333636, 0x17371716, 0x05a56307, 0x27071724, 0x4e5e0606, 0x827b0810, 0x9841b26a, 
    0x1a269c61, 0x445e1111, 0x54758a74, 0xaf6665c0, 0xad66a942, 0x11111e2b, 0x8e714057, 0x50cd586b, 0x1698d877, 0x77b05317, 0x1696d877, 0x14af5116, 
    0x7c834048, 0x67b94c87, 0x904ec16c, 0x403b907c, 0x7c933c42, 0x6bbe4d94, 0x894cb867, 0x4841847c, 0x7fd37ea2, 0x7d7ed482, 0xd47f82d3, 0xff01007f, 
    0x0320ffae, 0x0018065a, 0x40170003, 0x01010214, 0x00850100, 0x82760000, 0x00032203, 0x05066303, 0x0123012f, 0xfafc5a03, 0x060603a6, 0x0608f918, 
    0x281b82f8, 0xfe5a0001, 0x078b0220, 0x2c379eb2, 0x6cfe8b02, 0x0794019d, 0x096ef6b2, 0x28378292, 0xfe340002, 0x050302e8, 0x243782d2, 0x40220007, 
    0x214b841f, 0xc2486301, 0x56033307, 0x04044e02, 0x07040704, 0x05101112, 0x132b190b, 0x7d820333, 0xa6132334, 0x01a972a9, 0x72a972cf, 0x55fd9301, 
    0x59fdea06, 0x3a82a702, 0x00010027, 0x0220ffd4, 0x49bf872e, 0xbf870c73, 0x3303052d, 0xba8e0113, 0x06e0b8a2, 0x8308f9f8, 0x02902622, 0x023a0329, 
    0x228382cf, 0x831c401f, 0x010022f3, 0x22068257, 0x835f0001, 0x8b4f201d, 0x21072cfb, 0x1c3a0337, 0x021c72fd, 0x83a6a6cf, 0x0200231d, 0x0c820429, 
    0x04243ba6, 0x00fc1c1c, 0x65263b88, 0xec044602, 0x3ba7ec02, 0xfb1bec26, 0xec021b94, 0x08207788, 0x082377a9, 0x86f81c1c, 0xffff2277, 0x83b38200, 
    0x0602233b, 0xdb829705, 0xf900012b, 0x93031201, 0x0f009203, 0x21ff8200, 0xd6820100, 0x01005939, 0x02610001, 0x00010001, 0x09000151, 0x010f0007, 
    0x160b030f, 0x1822012b, 0x08094a46, 0x02020e20, 0x3f885b1b, 0x9a6c0f0f, 0x41875a54, 0x9a6b0e0f, 0x985b1201, 0x518a585a, 0x575a975c, 0x5b82518b, 
    0xf8000222, 0x95205b82, 0x1b245b84, 0x2e403100, 0x03275082, 0x69030102, 0x82020105, 0x43592086, 0x022c0828, 0x10115100, 0x15170001, 0x1b111b10, 
    0x06216f85, 0x186f8f06, 0x080b3674, 0x570e0224, 0x0f0e3d82, 0x5958a06d, 0x0e0f3f83, 0x4f41a170, 0x5f0e0d81, 0x0e804e4d, 0x12015c0e, 0x59599156, 
    0x05855691, 0x4c708328, 0x506b6d51, 0xd882704f, 0x012e0127, 0x026203ff, 0x267341a5, 0x1b620329, 0x021be7fd, 0x83a6a6a5, 0x01203f3b, 0x0370030c, 
    0x00020098, 0x0001b306, 0x012b3201, 0x20010113, 0x01e4016c, 0xfe8c020c, 0xd18200ba, 0x0076002b, 0x036d04a8, 0x000800fa, 0x2bef860c, 0x02010302, 
    0x03010567, 0x57030000, 0x03240682, 0x01045f00, 0x3d087e82, 0x0109094f, 0x090c0900, 0x070a0b0c, 0x01080005, 0x160b0608, 0x2622252b, 0x33243637, 
    0x13270321, 0x1e020323, 0x2222d2d6, 0x01d51c01, 0x579f8dc2, 0xdea858b4, 0xfcdccccc, 0x1202a0ae, 0x6b84eefd, 0x6b825b20, 0x6b865220, 0x2d403024, 
    0x5e820100, 0x03010225, 0x82020067, 0x00572389, 0x6a840202, 0x8a000221, 0x0204216a, 0x34086a88, 0x32211321, 0x04060716, 0x13330301, 0x3dfe1e02, 
    0xd5c3018d, 0xfe2223d2, 0x5792fee9, 0x03a858b3, 0xc8cddd52, 0xfdb202e0, 0x001202ee, 0x01ee0001, 0x0392032e, 0x4db88274, 0x25080b23, 0x06021011, 
    0x21012b18, 0x4e012103, 0xfd604402, 0xfd7403bc, 0xff0000ba, 0x02a200ff, 0x034c0394, 0x0506013a, 0xb9561294, 0x241b840a, 0x04940212, 0x201b842e, 
    0x261b9095, 0x04b10277, 0x825703fe, 0x90962037, 0x2037821b, 0x20378508, 0x2f1b8f97, 0xa9011201, 0x2904ac03, 0x99050701, 0x97001900, 0x5505db54, 
    0x01210513, 0x201b8211, 0x201b84ae, 0x211b879a, 0x1b86b002, 0x96024726, 0x3c037b03, 0x9b203782, 0x39263790, 0x8903a301, 0x1b822f04, 0x1b8f9c20, 
    0x018f0027, 0x04860440, 0x201b8292, 0x201b829d, 0x051f4798, 0x4b559820, 0x82742005, 0x846b201b, 0x8f9e201b, 0x0701271b, 0xab03c601, 0x37820c04, 
    0x1b879f20, 0x83b00121, 0x01003b37, 0x9b03dd00, 0xd2056102, 0x19000300, 0x01021640, 0x86010001, 0x56000000, 0x81444e00, 0x1313270a, 0xfadd0333, 
    0x2a82b68a, 0xc9fd3722, 0x378c1882, 0x06b11f24, 0x6b4e4464, 0x4503200e, 0xb12306b7, 0x84440006, 0xceb6223d, 0x223d87fa, 0x82240101, 0x8a2e200a, 
    0x00012273, 0x2154825f, 0x738b0156, 0x73820120, 0x48240124, 0x368773c2, 0x83ffff21, 0x82032137, 0x26223782, 0x2f82ad05, 0xad050728, 0x00005401, 
    0xc383ffff, 0x84d10321, 0x84ab2017, 0x01ab2217, 0x20178e70, 0x201784ac, 0x371786ac, 0x0299fe09, 0x00d000fd, 0xffac0527, 0x01fefa2c, 0x00ac0507, 
    0x00fefa9c, 0x5c0dbb5b, 0xff290650, 0xfe0900ff, 0x008d019a, 0x822783d1, 0x280f822f, 0xb80100b1, 0x35b0fffa, 0x2356822b, 0x3a010100, 0x0820a382, 
    0x1322cf84, 0x17651040, 0x4e003008, 0x0b021011, 0x23012b18, 0x02023303, 0x82ce3f89, 0x83372025, 0x212f8397, 0xaf847803, 0x9784b320, 0x9783b320, 
    0x00010027, 0x01b703a8, 0x228b41ff, 0xca8da829, 0x02b703d3, 0x82e5fd1b, 0x829f823e, 0xc1032137, 0xb5204f84, 0xb5224f84, 0x6783c201, 0x05214f83, 
    0x21178883, 0x17840527, 0x05070025, 0x878403b5, 0x4507211f, 0x27821f90, 0x27831f83, 0x82460521, 0x0101224f, 0x20978200, 0x24df9cc8, 0x2185a601, 
    0x849283c8, 0x212f82df, 0x57848a03, 0x3f82b920, 0xb9050722, 0x47838f85, 0x884c0521, 0x85272017, 0x82002017, 0x266f841f, 0x03060101, 0x84fb0194, 
    0xb1262c67, 0x40446406, 0x0100001b, 0x82570001, 0x5f012243, 0x20098202, 0x0b164701, 0x0006b135, 0x33130144, 0x22060103, 0x940397d3, 0xc2fd3e02, 
    0x83ffff00, 0xe3032143, 0xbc206384, 0x07243782, 0xe801bc05, 0xff259383, 0x0199fee9, 0x05335e6d, 0x5e0cff21, 0x002f0f33, 0xff4f0001, 0x016a01f3, 
    0x000b0000, 0x4617401a, 0x00250789, 0x014e005d, 0x05986400, 0x160b0324, 0x4656172b, 0x53d2200a, 0x0d200a3c, 0x82091953, 0x214b8383, 0x4b820406, 
    0xbf052622, 0x27248382, 0x4d02bf05, 0x07240782, 0x9a04bf05, 0x1f838b83, 0x88b70321, 0x8317821f, 0xffff231f, 0x83825000, 0xa75ef020, 0x5e012005, 
    0x862005a7, 0x2710a75e, 0x02d00075, 0x00060515, 0x00245582, 0x01dd0026, 0x00233d82, 0x5e0604ab, 0xdd2905a7, 0xb12b35b0, 0x04b80101, 0x080b5f06, 
    0xff252fae, 0x0299fee9, 0x2683820b, 0xffac0527, 0x84fefa0c, 0x5ea1205f, 0xb0261ad7, 0xcb013d02, 0x27844a03, 0x4a026122, 0x21058b5f, 0x7f884a02, 
    0x5d03e026, 0x6a04fb01, 0x91221f84, 0x1f856a03, 0x876a0321, 0x326fad1f, 0x6d000100, 0x1a039000, 0x05004004, 0x04b63d00, 0x55010201, 0x0c20088a, 
    0x26073d49, 0x4e015900, 0x4211401b, 0x2708103b, 0x000a4059, 0x00050000, 0x0b031205, 0x01252b17, 0x01013301, 0xbdfeb001, 0xfecedf01, 0x903c0128, 
    0xd801d801, 0x28fe28fe, 0x00272482, 0x000c0001, 0xc2b90290, 0x84372067, 0x820c2067, 0xcec4255a, 0x21fe4301, 0xff216688, 0x21cb83ff, 0x6382b004, 
    0xc9052622, 0x07287482, 0x9601c905, 0xffff0000, 0x04217b83, 0x2017844f, 0x201784ca, 0x821783ca, 0x00a83493, 0x04ba042c, 0x00070062, 0x0207b306, 
    0x132b3201, 0x83070137, 0x16a83701, 0xfc1efc03, 0x910201fe, 0x7e080221, 0xfec4dc01, 0xaefe0aac, 0x338200c2, 0x33829920, 0x3386ab20, 0x82010621, 
    0x01012433, 0x82350137, 0x95043803, 0x022104fc, 0x1d74fdff, 0x08026103, 0x01c224fe, 0x52010b53, 0x8224fec4, 0x02002972, 0x45007e00, 0x7704df04, 
    0x0b2b6b82, 0x1c401f00, 0x02040607, 0x824a0104, 0x01002550, 0x01010057, 0x2406a64a, 0x0b021811, 0x08868418, 0x05150524, 0x37210307, 0x0317e221, 
    0x53fd1fe6, 0x2e1f6702, 0x031b51fc, 0x7fab02af, 0xd0b64d01, 0xfeb5d20a, 0x5786a8e5, 0x5786a820, 0x21402428, 0x03010306, 0xab414a00, 0x08082a10, 
    0x0b080b08, 0x170b0319, 0x23af822b, 0x37253725, 0x21300682, 0xfc920407, 0xae021c1b, 0x1d99fd02, 0xd6fb7903, 0x1b2f5e82, 0xb5feab02, 0xd009d3b5, 
    0xfdb3feb6, 0x82a8a81b, 0x00022abc, 0x041b01b6, 0x007303a2, 0x25bd8203, 0x002c402f, 0x64820502, 0x67030222, 0x042f668a, 0x01000101, 0x0004044f, 
    0x04070400, 0x5a050607, 0x372309ae, 0x82010721, 0x1bb62603, 0xfc1b8803, 0x270583c1, 0xa6a61b01, 0xa6a6b201, 0x01345b82, 0x2e00b600, 0x5e04a204, 
    0x5a001300, 0x5017b04b, 0x091f4058, 0x12924c18, 0x2c05fe57, 0x05570505, 0x1f401b4e, 0x05040500, 0x27269786, 0x40594e00, 0x1112130e, 0x102b0086, 
    0x2b1f0b0a, 0x21073301, 0x82032107, 0x07310803, 0x37233723, 0x37211321, 0xa2820321, 0x1b030185, 0x0198bafe, 0x0cfe1bb0, 0xf286a286, 0x9836011b, 
    0x011b60fe, 0xeb5e04e3, 0xa6f4fea6, 0x01a6eded, 0x35a6830c, 0xb9000100, 0x9a046400, 0x0b002a04, 0x2c402f00, 0x02010200, 0x26730685, 0x00002607, 
    0x01035701, 0x99c21801, 0x55ac8208, 0x25200b54, 0x13216d83, 0x3c7d8333, 0x42050203, 0x011c72fe, 0x42a9428e, 0xfe1c8e01, 0x01644272, 0x8d01ac8d, 
    0xfeac73fe, 0x82368273, 0x01c82667, 0x028e04f1, 0x26db4a9d, 0x1d8e042a, 0x021b57fc, 0x00acac9d, 0x44083b82, 0x047000a2, 0x001404b8, 0xb306000b, 
    0x32010006, 0x0101252b, 0x37010127, 0x01170101, 0xfec10301, 0x6b6efede, 0xdcfe9401, 0x0125017d, 0x65fe6b99, 0x01702101, 0x7ca9fe5b, 0x5f015901, 
    0x01a1fe6c, 0xa2fe7d5d, 0x28ef84fe, 0x00c80003, 0x048d0448, 0x2c878247, 0x001b000f, 0x2db04b68, 0x1d405850, 0x3de58206, 0x00010500, 0x08050067, 
    0x04050401, 0x02010765, 0x00610302, 0x02590303, 0x23401b4e, 0x10820300, 0x02030123, 0x28288a69, 0x59050404, 0x04050500, 0x28318461, 0x1a405951, 
    0x04051011, 0x06274c00, 0x280add5c, 0x2b170b09, 0x37210701, 0x0a154625, 0x080bb75b, 0x1b8d0427, 0x011b56fc, 0x0a4b3afb, 0x36355608, 0x52080a48, 
    0x07423eaf, 0x35345506, 0x57060748, 0xaaaa9c02, 0x333c53a2, 0x29038347, 0x39560afd, 0x3e4e4633, 0x23434537, 0xaa350806, 0x0b006104, 0x3a000f00, 
    0x04003740, 0x04030603, 0x01028006, 0x02050800, 0x03000403, 0x09060068, 0x07060701, 0x01010063, 0x0c4e0159, 0x0c00000c, 0x0e0f0c0f, 0x5732820d, 
    0x0a26051d, 0x132b1b0b, 0xc6412137, 0x232b0806, 0x21370113, 0x011be007, 0x31ab3083, 0xfe1b8201, 0x30aa317e, 0x031b1cfe, 0x92021baf, 0xfe2701a8, 
    0xdafea8d9, 0xb3fd2601, 0x8200a8a8, 0x00922e7f, 0x03c204ac, 0x001800e2, 0x406b0031, 0x08118268, 0x02000437, 0x010c8004, 0x01030105, 0x00800305, 
    0x060a0608, 0x0d800a08, 0x09070b01, 0x80090b07, 0x04000000, 0x69040001, 0x03000100, 0x69030106, 0x0a000600, 0x690a0607, 0x3d1c8200, 0x07005907, 
    0x00610907, 0x51090709, 0x00001919, 0x31193119, 0x282a2e30, 0x21232526, 0x63821b1d, 0x22241827, 0x0e222412, 0x50b0820b, 0x16320592, 0x36323316, 
    0x06063337, 0x27262223, 0x22232626, 0x18970307, 0x1a962208, 0x8a4486a2, 0x22373549, 0xa20d5541, 0x4387a416, 0x4529507a, 0xa81b852c, 0x4487a11a, 
    0x39314b89, 0x08188423, 0x4088a22b, 0x45295678, 0x021b862b, 0x3bb5a08d, 0x5d213449, 0x3db59f54, 0xb1222950, 0xb59e48fe, 0x22314a3b, 0xb89d555c, 
    0x20295539, 0x82cc82ae, 0x019430c7, 0x03c00495, 0x001b000c, 0x6406b142, 0x41374044, 0x06200705, 0x88080541, 0x03052df4, 0x01005901, 0x00610301, 
    0x51030103, 0x1b283f82, 0x23241b00, 0x07232412, 0xb12ad482, 0x13440006, 0x3233023e, 0xd8861716, 0x87020e21, 0x063c08d8, 0x68139407, 0x704a4c8e, 
    0x263e2e46, 0xa20d573f, 0x4d8e6711, 0x2e446e4b, 0x583a2742, 0x7bb7010f, 0x463f4496, 0x575a262e, 0x43439379, 0x511f2e43, 0xff000060, 0x00c300ff, 
    0x05d504cf, 0x2005a362, 0x0ec3611b, 0x1b82b420, 0x1b84c620, 0x8f00ce21, 0x0095241b, 0x82f604d1, 0x050724ac, 0x621700cf, 0x1b830ea3, 0x1b84bf20, 
    0x1b90d020, 0xbe01d12a, 0x1604bd04, 0xd1050701, 0xa3625387, 0x82d12008, 0x05bd2253, 0x201b8201, 0x246f90d2, 0x040701d4, 0x06a362b5, 0xe3248b8f, 
    0xa9049402, 0x8f06a362, 0x01be261b, 0x04d40418, 0x2b5382bc, 0x001c00d5, 0xb10800a8, 0xa8b00100, 0x2605e74c, 0x04eb00e3, 0x82ea04a8, 0x87d6201b, 
    0x08a3626f, 0xdc009724, 0xa362c304, 0x068f4d06, 0x2707734d, 0x4f01ad00, 0x8504dd04, 0xd8203782, 0xad26c390, 0xd9042d02, 0x1b82a403, 0x1f4dd920, 
    0x01e53810, 0x0243043b, 0x000500e9, 0x0ab04b46, 0x17405850, 0x00020103, 0x47710200, 0x1b220f0a, 0x19831640, 0x8f860221, 0x40592218, 0x0c66610b, 
    0x37211334, 0x53030321, 0x1a65fd2d, 0x01474403, 0x9f0f013b, 0x218252fe, 0x88ff0126, 0x49035aff, 0x03260982, 0x06b12700, 0x17524464, 0x06b12f1e, 
    0x07214400, 0x49033721, 0x1b5afc1b, 0xb742a6a6, 0x01bf2c05, 0x05e20386, 0x000d00d2, 0x45244027, 0x042c08f2, 0x01050001, 0x02006800, 0x4e025602, 
    0x0d232882, 0x82110d00, 0x07122700, 0x012b1b0b, 0x91823713, 0x08052944, 0x01030722, 0xfe2424a3, 0x2c0119d4, 0x0134b234, 0xd4fe192c, 0x86016724, 
    0x97d7a701, 0xc9fe3701, 0x59fed797, 0x7422de82, 0x63840000, 0x3500153f, 0x01053240, 0x02010603, 0x68020301, 0x08010107, 0x01090001, 0x04006700, 
    0x0a4d5604, 0xe3521801, 0x00152207, 0x06dd4615, 0x0b121126, 0x212b1f0b, 0x75887185, 0xc6820320, 0x01030724, 0x6e822562, 0x332e7982, 0x0119d3fe, 
    0x33b2332d, 0xfe192b01, 0x858433d5, 0x01681931, 0x019797a7, 0x36019730, 0xfe97cafe, 0x829797d0, 0x82002089, 0x037e288b, 0x059f032e, 0x410700a3, 
    0x05250733, 0x01000101, 0x231a834c, 0x02020385, 0x0805fa5c, 0x07000729, 0x0b041111, 0x06b12b18, 0x01134400, 0x03231333, 0x017e0123, 0xaac6ca91, 
    0xdcfe0a90, 0x75022e03, 0xd7018bfd, 0x820029fe, 0x00013d00, 0x038c02b2, 0x00d205fc, 0x402c0011, 0x0e0f1029, 0x0a0b0c0d, 0x04050607, 0x0e010203, 
    0x264f5c83, 0x1153080e, 0x03181100, 0x012b170b, 0x25270513, 0x13173725, 0x17250333, 0x27070505, 0x44c70103, 0x0132d9fe, 0x5cfefe2e, 0x409027f2, 
    0xfe362301, 0x5d0401d0, 0x8c022bf1, 0x7eab3d01, 0xab809292, 0xc3fe3d01, 0x929280ab, 0xc3feab7e, 0x00010000, 0x04ff00c5, 0x82d304a2, 0x402a227b, 
    0x547b9227, 0x79870c5e, 0x79852520, 0x79870520, 0x03253108, 0xfe481502, 0x7401379f, 0x0168c7fe, 0x499e3618, 0xfe3a5d01, 0x653a018c, 0xff35e4fe, 
    0x89ce8001, 0xd088b3af, 0x82fe7f01, 0xafb388cf, 0x80fece89, 0x2808f782, 0x018d0004, 0x0548055a, 0x001200e6, 0x00310022, 0xb169003a, 0x40446406, 
    0x0401305e, 0x0c4c0108, 0x04050207, 0x02050402, 0x0ae54580, 0x06080933, 0x08006909, 0x08050400, 0x010b6704, 0x02000002, 0x08068259, 0x6100023e, 
    0x0200010a, 0x23235100, 0x00011314, 0x3234383a, 0x31233123, 0x2627282a, 0x1a1c2425, 0x22142213, 0x1200090b, 0x0b0d1201, 0x06b12b16, 0x22014400, 
    0x3e37022e, 0x16323303, 0x030e0712, 0x270f8556, 0x07232725, 0x32211323, 0x2106a856, 0x82593301, 0x02233f05, 0x86c47886, 0x7d141437, 0xa178e2bb, 
    0x141b72ee, 0x61e2ba7e, 0x1498dc7a, 0x7ab45614, 0x0783dd79, 0x01b52908, 0x1e734011, 0x10015978, 0x0a2b4822, 0x4b284109, 0x196cd8fe, 0x3208083f, 
    0x5a016e16, 0x78d3a05b, 0x5ba0d378, 0xa1f8fe9d, 0x8d260783, 0x7a7ac877, 0x058577c8, 0xb6ae3c08, 0x251802b6, 0x4f383a4b, 0x0f01d116, 0x2330302f, 
    0x00030000, 0x06e9ffbc, 0x00e905d2, 0x00230011, 0xb1640043, 0x40446406, 0x06050059, 0x08050608, 0x07080080, 0x7e070806, 0x18000100, 0x260d7a6f, 
    0x02090007, 0x41690907, 0x132f1220, 0x41000112, 0x393b3c3f, 0x2d2f3137, 0x6f27292c, 0x0c200b90, 0x34061c41, 0x02242205, 0x36123435, 0x04323324, 
    0x02141512, 0x32270406, 0x1911823e, 0x2508440d, 0x023e0316, 0x1d763233, 0x06062307, 0x69460607, 0x03262e0b, 0xd9febe48, 0x01fe94a7, 0x01bfb246, 
    0x2b088226, 0x8a95bafe, 0x8172c5fb, 0xfc8a93e3, 0x59080682, 0x9514b4e4, 0xa06877d8, 0x03b0025a, 0x84485475, 0x340c0c5c, 0x8454486d, 0x851db01c, 
    0xb17768b6, 0x01a91754, 0x01afb623, 0xa992fc41, 0xafb6defe, 0x92fcbefe, 0xf9c371ae, 0x82e08d88, 0x87f8c371, 0x0283e18d, 0x74c47851, 0x4a619859, 
    0x49784760, 0x5f477748, 0x599a614b, 0x2f41c475, 0x5c250810, 0x08005940, 0x08070507, 0x05008005, 0x06050706, 0x0001007e, 0x03010903, 0x00090069, 
    0x07090807, 0x00060069, 0x41e18204, 0x0622302b, 0x27412b16, 0x0e013021, 0x022e0702, 0x16163337, 0x36363237, 0x7a263637, 0x172307fd, 0x41161636, 
    0x20082026, 0x95149e02, 0x986778d7, 0x02b00253, 0x83495466, 0x330d0b5b, 0x9555496b, 0x8c1eb01a, 0xb17867bd, 0x23274155, 0x74c4773a, 0x99590101, 
    0x01614a61, 0x49487846, 0x4b5f4778, 0x01599961, 0x00c47501, 0x04200082, 0x2d0c5f42, 0x0037002e, 0x0b554058, 0x02050601, 0x78430605, 0x01043405, 
    0x04006903, 0x04070800, 0x07006908, 0x07060500, 0x430a6705, 0x06820578, 0x6100023a, 0x02000109, 0x24245100, 0x00011213, 0x2f313537, 0x2e242e24, 
    0x25272b2d, 0x410c5942, 0x2722242d, 0x5b652113, 0x07232205, 0x07724313, 0x34202441, 0x4a018058, 0x13148694, 0x2aa096b8, 0x5c55893f, 0x55440a09, 
    0x21184189, 0x0703c52d, 0x92737493, 0x487e01fb, 0x82463a3a, 0xde2808c1, 0x2005ba03, 0x0c00d205, 0x43001400, 0x060b4040, 0x05000301, 0x080a4c01, 
    0x05030409, 0x86000500, 0x01020206, 0x57010505, 0x01360783, 0x01075f05, 0x4f050105, 0x00000d0d, 0x140d140d, 0x10111213, 0x3c820e0f, 0x12110c31, 
    0x060b1211, 0x03012b1a, 0x33132303, 0x82331313, 0x032e0806, 0x37231321, 0x03230721, 0x3b639503, 0x62765a62, 0x625876e3, 0x6efddb3d, 0x010ea44c, 
    0x4ca40ca5, 0x6a01ba03, 0x180296fe, 0x870179fe, 0x0b83e8fd, 0x54c40125, 0x823cfe54, 0x03a12697, 0x050a05b6, 0x2f5a82d7, 0x40c80030, 0x02080b0b, 
    0x01030906, 0x4c020607, 0x07104818, 0x0a092308, 0x72090a06, 0x07070600, 0x01087006, 0x0a000002, 0x690a0009, 0x02020700, 0x07005907, 0x0c600207, 
    0xc3820b05, 0x0207022c, 0xb04b1b50, 0x40585022, 0x3388002d, 0x07060a23, 0x21349f7e, 0x2f852e40, 0x82800621, 0x3530a264, 0x1d405959, 0x00000d0e, 
    0x23242628, 0x13151f21, 0x300d1011, 0xc182300e, 0x11120c29, 0x060d1112, 0x41012b1a, 0x5b080819, 0x05030323, 0x33372622, 0x32331606, 0x27263637, 
    0x37262627, 0x36373636, 0x36230716, 0x07222326, 0x16171706, 0x02060607, 0x62755882, 0x615876e3, 0x6334d93c, 0x5f79fe3c, 0x07580d5a, 0x0d733b2e, 
    0x3a312406, 0x0c0a4841, 0x5a574f80, 0x2807580e, 0x07086c39, 0x18a23a4c, 0xba037f0d, 0x08084f41, 0x97fe693f, 0x95fe6b01, 0x2b525604, 0x24204527, 
    0x4c0b0a08, 0x01475040, 0x29545001, 0x0d354224, 0x4b871c0a, 0x0300004e, 0xba03de00, 0xd2059105, 0x13000b00, 0x52001900, 0x070a4f40, 0x06080002, 
    0x06776402, 0x0403002c, 0x0b670302, 0x05050401, 0x06825704, 0x5f050427, 0x090e0c0f, 0x320e820d, 0x14144f05, 0x00000c0c, 0x19141914, 0x15161718, 
    0x420c130c, 0x214d0512, 0x06102209, 0x24f7821b, 0x07230721, 0x42038433, 0x24080713, 0x03331321, 0x95020733, 0x114a015a, 0x0fbb16e8, 0x0ee818b9, 
    0xa24a57fd, 0x0ea5010e, 0xa8024aa4, 0xe74c6158, 0x24cc830c, 0x93548954, 0x05174254, 0x3c21d982, 0x05bf4354, 0xba039e24, 0xb3822a06, 0xb3820720, 
    0x001d5008, 0x40a70020, 0x020c2010, 0x090f090a, 0x120a0b02, 0x030d0201, 0x0cb04b4c, 0x30405850, 0x070f0c10, 0x07030e06, 0x010b0201, 0x04050871, 
    0x09000003, 0x6709000a, 0x0b000a00, 0x670b0a0d, 0x02020d00, 0x0d00570d, 0x0060020d, 0x50020d02, 0x892f401b, 0x86012132, 0x592d31a2, 0x14142840, 
    0x00000808, 0x1d141e1f, 0x50521814, 0x13082e08, 0x10111308, 0x0a0b0d0e, 0x07000700, 0x32008211, 0x012b1906, 0x23133301, 0x21072327, 0x17330313, 
    0x82033337, 0x410b820c, 0x9508071e, 0x01273325, 0x573501d0, 0xe71d5f7f, 0xe5c70145, 0x9e616c8a, 0x698ce06a, 0x3afca465, 0x0f37015a, 0x11ba18d7, 
    0xa30122b9, 0xba0332ac, 0xe8fd1802, 0x0f017d7d, 0xbbbb0901, 0xf1fef7fe, 0x1802c2c2, 0xd6529c54, 0x0000dcc9, 0x039e0003, 0x051c05ba, 0x000900d2, 
    0x00200016, 0x15434046, 0x07030b10, 0x044c0108, 0x00000203, 0x08000708, 0x01070069, 0x00590701, 0x5f010707, 0x0205060a, 0x07010509, 0x0a0a4f01, 
    0x1e200000, 0x160a1719, 0x1314160a, 0x0e0f1112, 0x44820c0d, 0x0b210830, 0x012b1706, 0x16323313, 0x06060707, 0xe6432123, 0x252d080b, 0x37363233, 
    0x23263637, 0x582c0323, 0x107062c6, 0x5f9c100f, 0x3b64acfd, 0x64745a61, 0x615875e3, 0xcb01da3b, 0x0b5a3963, 0x38440b10, 0x28b98364, 0x655c617d, 
    0xfe690179, 0x0bab4297, 0x404a5427, 0x0049415c, 0x37bb8202, 0x053a05b6, 0x000c00d4, 0x40930023, 0x02010b0b, 0x01060807, 0x4c020a09, 0x32057d6e, 
    0x0807002d, 0x7207080a, 0x08090a00, 0x067e090a, 0x82010202, 0x820120d1, 0x000929d1, 0x00590900, 0x5f000909, 0x8205fc43, 0x1b4f23b9, 0x2f852e40, 
    0xa5800a21, 0x06c64330, 0x1f20212d, 0x16181a1d, 0x0d121415, 0x44230e23, 0x0d2007e3, 0x270fe344, 0x37262205, 0x32333636, 0x2a05327e, 0x33060706, 
    0x06333732, 0x8b9e0106, 0x420239fe, 0x18187475, 0x09d47499, 0x353d0461, 0x21115c49, 0x602a699d, 0xba037e1c, 0x2e0f0441, 0x8b8b8504, 0x3138bd83, 
    0x62bc5f59, 0x82006256, 0x00023200, 0x033d03e8, 0x00de0587, 0x001b000f, 0x6406b139, 0x2d6b5d44, 0x2308fb49, 0x34352626, 0x1620aa83, 0x3908d482, 
    0x32270606, 0x26343536, 0x15062223, 0x38021614, 0x5b5b985d, 0x985d5d98, 0x5d985a5a, 0x4d6c6c4d, 0x036e6e4d, 0x5c985b3d, 0x5b5b9a5d, 0x995c5d9a, 
    0x4c6d965a, 0x4e6d6e4d, 0x93856d4c, 0x02682008, 0x05a60387, 0x002000ea, 0x4b7a002e, 0x58501cb0, 0x12250c40, 0x01040311, 0x0400011d, 0x891b4c02, 
    0x8203200e, 0x8559200e, 0x00183b22, 0x61020101, 0x79020200, 0x0401064d, 0x03610004, 0x00000205, 0x1b4e0081, 0x1a891c40, 0x03030023, 0x221f867b, 
    0x83000105, 0x5920081e, 0x21221540, 0x2e210001, 0x1b1c2e22, 0x0d0f1416, 0x20012000, 0x2b160d07, 0x37262201, 0x3637023e, 0x23057f42, 0x27070622, 
    0x1e26e083, 0x23030702, 0xe3842337, 0x6c373721, 0x670807d4, 0x9a7f8101, 0xa6781014, 0x076d7a55, 0x564b0b01, 0x9a1b7357, 0x3572df42, 0x0f306174, 
    0x0913a65c, 0x6e338f22, 0x0e120c8e, 0x501e6057, 0x570a0b73, 0x7c838702, 0x092d665f, 0x042c130d, 0x2c454c44, 0x19617227, 0xfd5a723f, 0x533273d3, 
    0x6a497186, 0x040b120b, 0x3a3e390a, 0x0200003d, 0x88028400, 0xea050404, 0x1a000d00, 0x200b0b7a, 0xff441879, 0x0081330a, 0x010e0f4e, 0x0e141600, 
    0x081a0f1a, 0x010d0006, 0xc288060d, 0x517b3320, 0x072d4907, 0x0116062a, 0x20bcbcfc, 0x7dce8716, 0x25080682, 0x65cd8915, 0x0d13947c, 0x7b535f1e, 
    0x5a131493, 0xc1ef8802, 0xee6cc383, 0x6cc381c4, 0x4f76ab8f, 0x78ab5084, 0x8782ab76, 0xe802822c, 0x1707d401, 0x0f000300, 0x39554f00, 0x00152905, 
    0x02010503, 0x69020300, 0x24094d70, 0x401b4e01, 0x5517881a, 0x592210b0, 0x62701240, 0x0be16f16, 0x9f82823f, 0x2c284582, 0x253f0807, 0x05052f20, 
    0x03e8023e, 0x03e8fc18, 0x23233a7d, 0x25263032, 0x21568237, 0x14827e00, 0x08066a29, 0x6a001400, 0x6c0105b5, 0x202005bd, 0x0c699918, 0x034d5e23, 
    0x26298201, 0x01010261, 0x6c005e01, 0x182007ac, 0x08c38d18, 0x1f8a5c20, 0x1f825c20, 0x82154021, 0x04002529, 0x69040100, 0x82058a58, 0x0001353e, 
    0xb759594f, 0x11241323, 0x1b0b0511, 0x2303012b, 0x33073313, 0x0df21519, 0x6f012808, 0x99849f52, 0x81230715, 0x15767152, 0x0d549f58, 0x6c474847, 
    0x12fed604, 0x3e801803, 0xfd7e934a, 0x4cf401f1, 0x82005b5a, 0x00013600, 0x040000a5, 0x00d205b8, 0x4028000e, 0x00010025, 0x03010003, 0x19198280, 
    0x24083e78, 0x03570303, 0x2410824e, 0x260e000e, 0x08758221, 0x212b192c, 0x23032313, 0x37262622, 0x2133023e, 0xdc070303, 0xa0547fb5, 0x17164ec8, 
    0x019ef095, 0x2c05f8c3, 0xd57bfcfc, 0x7ad38786, 0x37822efa, 0x58205382, 0xc6206382, 0x04216387, 0x22628201, 0x8a010300, 0x05e27c64, 0x0d216384, 
    0x22d98321, 0x83012b19, 0x05a24d63, 0x020e4d08, 0x81210223, 0xf6b9dbb6, 0xc7a0c301, 0x9616164e, 0x28029ff0, 0xd4fa0403, 0xd47bd205, 0x7ad48885, 
    0x00020000, 0x04d2fe49, 0x00e60534, 0x00460038, 0x2139403c, 0x04020220, 0x03030433, 0x4c020201, 0x01040200, 0x80010204, 0x01050100, 0x2a088e82, 
    0x04040066, 0x03006103, 0x4e045c03, 0x23250001, 0x15161c1e, 0x38000608, 0x0b063801, 0x22012b16, 0x16372726, 0x36323316, 0x48263637, 0x3e2205b0, 
    0xe6643702, 0x32332105, 0x07175118, 0x16060733, 0x16171716, 0x020e0716, 0x07160707, 0x16130606, 0x08308236, 0x262527c3, 0x06070606, 0xaba30117, 
    0x0aa808a7, 0x805d6e57, 0x3f26090d, 0x5957ff1f, 0x734a0a0f, 0x313a0447, 0xa6e8170d, 0x9f1297a3, 0x60664b12, 0x25080c78, 0x59fe1f41, 0x4d0a0e55, 
    0x79044373, 0x40f21718, 0x0b535e1c, 0xfdfe7b13, 0x0b4c581d, 0xd2fe7f14, 0x5b2a91a5, 0x374f516b, 0xa413344a, 0x3d5aac38, 0x05044c71, 0x8e4f7239, 
    0x2997a2a5, 0x49566761, 0x15344b35, 0x56aa3aa6, 0x06486f3f, 0x8e936907, 0x128c02a5, 0x77425219, 0x1c13a44e, 0x517a4153, 0x64000300, 0x2207e400, 
    0x27000d04, 0x4d003a00, 0x40404300, 0x28313b44, 0x0406061a, 0x014c0105, 0x06000208, 0x00040501, 0x01076905, 0x04020204, 0x08068259, 0x61020427, 
    0x04020103, 0x00015102, 0x3d3f494b, 0x2a2c3638, 0x13151f21, 0x27000b0d, 0x06092701, 0x36012b16, 0x16161716, 0x18f28317, 0x25087a6b, 0x26272622, 
    0xfe832726, 0x1d420620, 0x07f36806, 0x82373621, 0x26262718, 0x06062223, 0x06833605, 0x25820720, 0xbc083e82, 0x32331616, 0x25023636, 0x183dad73, 
    0x2e0e1124, 0x79bd4422, 0x095fae6e, 0x70bf7b09, 0x193bad73, 0x30121426, 0x76bb431e, 0x0a60b16f, 0x98c17b0a, 0x46617b06, 0x39233679, 0x20291316, 
    0x4144742e, 0x4a05466f, 0x4a5f7a07, 0x3b28327e, 0x1e2e0f0b, 0x404a722c, 0x0c04466d, 0x19416101, 0x3111182e, 0x6b623e1e, 0xb87172b6, 0x1a3e5e6c, 
    0x34161933, 0x6c613c1b, 0xb56e74ba, 0x606dfe6c, 0x1f303e88, 0x391b1c3f, 0x3e3d3122, 0x865e3f67, 0x46232c41, 0x203f190e, 0x6a3e422e, 0x00020000, 
    0x04ecff7f, 0x00e605b1, 0x0031001f, 0x0b4b404e, 0x0a020101, 0x03010001, 0x2e000401, 0x04040501, 0x06976d4c, 0x06693608, 0x01070001, 0x04000504, 
    0x03050069, 0x00590503, 0x61030505, 0x03050300, 0x01202151, 0x20282a00, 0x18312131, 0x080d0f16, 0x011f0006, 0x1606081f, 0x1632012b, 0x062a4e17, 
    0x3636372a, 0x12163233, 0x02060707, 0x26053441, 0x17023e37, 0x82060622, 0x051c4110, 0x37378708, 0xc202022e, 0x082e9754, 0x4e598b4b, 0x410a478c, 
    0xd5be7490, 0x200a2a3c, 0x9b97f5a8, 0x041b4bc4, 0x8ce4951a, 0x0c538e63, 0x69200d03, 0x5d8e615e, 0x2c020d16, 0x45ff036a, 0x6ac58b3f, 0x1aa4171d, 
    0x90fece27, 0xfebc3af4, 0xf18daad8, 0xde8f1694, 0x945aa67e, 0xa5631658, 0x7cc87563, 0x475d2248, 0xc8ff0100, 0x0e05f2fe, 0x0c00d205, 0x2d403000, 
    0x0302040a, 0x004c0102, 0x03020001, 0x04670201, 0x00000301, 0x06825703, 0x5f000322, 0x3e080982, 0x00004f00, 0x0c000c00, 0x05111411, 0x052b1906, 
    0x01372107, 0x07213701, 0x01070121, 0xfb1b5204, 0xe6021891, 0x04180cfe, 0xd8fc1b24, 0xfd0acf01, 0x96a66851, 0xd902d702, 0x4ffda69a, 0x8256fd39, 
    0x0001263c, 0x052aff3a, 0x2a6f82a9, 0x40270007, 0x00010224, 0x82860001, 0x0101215f, 0x01256685, 0x0301005f, 0x4a668301, 0x6683054d, 0x23010124, 
    0x03822101, 0xfea90537, 0x0001d2e5, 0x00ff4efd, 0x051b01d0, 0x0658f9d2, 0x06fef902, 0x825682a8, 0xfe3f31c7, 0x0672032b, 0x00190033, 0x100e4096, 
    0x04020301, 0x03205382, 0x03215f82, 0x056b554c, 0x02001423, 0x3fd48200, 0x01006903, 0x04610001, 0x61000001, 0x4b1b4e00, 0x585015b0, 0x03001640, 
    0x00610203, 0x4d5e0202, 0x17201d8e, 0x39951d82, 0x89194021, 0x00002350, 0x38875901, 0x51000139, 0x40595959, 0x1500010f, 0x080c0e12, 0x01190006, 
    0x160b0519, 0x4422032b, 0x3723065b, 0x44363613, 0x3308084c, 0x06060307, 0x1b3b1f4c, 0x0f430e2c, 0x1de21b8e, 0x4627a2cc, 0x4b113124, 0xe2219b1e, 
    0x2bfec11b, 0x04a00a08, 0x4f05a507, 0x080cbdb0, 0xc304049b, 0xaaa3affa, 0x013af082, 0x00005800, 0xd2056305, 0x31000800, 0x01012e40, 0x4c010201, 
    0x00030000, 0x09820085, 0x01048625, 0x41020203, 0x02260551, 0x0302005f, 0x33824f02, 0x00082908, 0x12111108, 0x2b190605, 0x33011301, 0x23032301, 
    0x60c40137, 0xfccd7202, 0xc28ca0e3, 0xfe11031b, 0xfaa00421, 0xa66b022e, 0x063e4883, 0x7405ceff, 0x1b008e04, 0x31002600, 0x3f404200, 0x03020d0f, 
    0x23242800, 0x02050210, 0x65821b03, 0x4c030226, 0x4a00010e, 0x03255982, 0x69030002, 0x22128204, 0x82590201, 0x01022206, 0x33858361, 0x2c1c1d51, 
    0x1d261c2a, 0x05292c26, 0x172b1806, 0x26263727, 0x6a059753, 0x0e320628, 0x26222303, 0x36322527, 0x26363736, 0x16160127, 0x28440127, 0x077b0805, 
    0x40461606, 0x112631bf, 0xe0b97d14, 0x3fae6777, 0x32bf40c0, 0x7d141227, 0x6975deb8, 0x790140b1, 0x1189c36a, 0xfd1d170b, 0xde722c80, 0x6f2b7f02, 
    0x87c56f41, 0x32150a11, 0xbc4ba350, 0x9dd07768, 0xa43d4558, 0xbe4ba54c, 0x9ed07669, 0x333e4759, 0x436db26a, 0xdafd3178, 0x029d2a25, 0x6b292525, 
    0x77416cb3, 0x6e000200, 0x32040000, 0x0500d205, 0x1a000900, 0x08091740, 0x55040307, 0x002608f0, 0x12760101, 0xb9820211, 0x01134f08, 0x23010133, 
    0x01030137, 0x9e0b026e, 0xf5fd1b01, 0x640177a4, 0x02a2febc, 0xfdea02e8, 0xde18fd16, 0x06020a02, 0x0000fafd, 0xa4000200, 0xa7037a03, 0x1300f305, 
    0x3d001f00, 0x010a3a40, 0x01100105, 0x4c020400, 0x01050500, 0x01010261, 0xc1744f01, 0x054f7a05, 0x4e005039, 0x00011415, 0x1f14191b, 0x0e0f1f15, 
    0x06080c0d, 0x13011300, 0x49160a08, 0x332606f6, 0x33171632, 0xea493337, 0x06444509, 0x01163908, 0x1a907db1, 0x4e926913, 0x070c5b60, 0xaa66ac13, 
    0x741c0912, 0x0d6b5311, 0x5853490e, 0x480e0e67, 0x9da07a03, 0x4f428b6f, 0x95fd782f, 0x844b2c6f, 0x64535267, 0x69524d68, 0x0023a682, 0x82ac0002, 
    0x06992fa7, 0x001400ae, 0x40720021, 0x0501090a, 0xa7840303, 0x1db04b2b, 0x1d405850, 0x4a020200, 0x24b3824d, 0x03006103, 0x2ab28703, 0x00020601, 
    0x4e005000, 0x8224401b, 0x6100211f, 0x26980f85, 0x17405936, 0x00011516, 0x21151a1c, 0x0c0e2116, 0x05060708, 0x14011400, 0x2726dc86, 0x13230723, 
    0xc1480333, 0x15620805, 0x27020e14, 0x35363632, 0x06222334, 0x16141506, 0x60614202, 0xa9130c0d, 0x0835ab87, 0x695e6c1e, 0x81552997, 0x2e614c8c, 
    0x3161488c, 0x4e7a034a, 0x2c03722c, 0x4d32c6fe, 0x853e8776, 0x50844772, 0x48832e6f, 0x4541366c, 0x00010000, 0x037703bb, 0x00f3056d, 0x4031001a, 
    0x0b17182e, 0x0203040a, 0xb1824c01, 0x00610129, 0x4d4f0101, 0x44030300, 0xca820501, 0x1500012c, 0x080d0f13, 0x011a0006, 0x7541051a, 0x06404c05, 
    0x42071721, 0x4208058d, 0x32331415, 0x06173736, 0x8ff50106, 0x83b35aab, 0xa1069587, 0x4f413c04, 0x44923164, 0x22961264, 0x937703ac, 0x69a65b7f, 
    0x2c225374, 0x34704e3c, 0x242e3f87, 0x00007556, 0x03b90002, 0x06c6037a, 0x411300ae, 0x0b420563, 0x0e634109, 0x07209686, 0x41052d4c, 0x03200e63, 
    0x4d230f84, 0x94050500, 0x40592c26, 0x01141517, 0x141a1c00, 0x42211521, 0xca871040, 0x42133321, 0x114d0941, 0x063b0806, 0x01161415, 0x4e946dba, 
    0x5f646f99, 0xac34090b, 0x0b14a987, 0x491e701c, 0x414a3061, 0x49316149, 0x827e7a03, 0x5371ad5b, 0xfc3d012f, 0x45326fd4, 0x356e4a84, 0x6d4a4241, 
    0x82453f35, 0x03b828db, 0x055e0376, 0x821800f5, 0x403b31db, 0x02151638, 0x4c010203, 0x02000400, 0x69020403, 0x003cad89, 0x61000303, 0x00000106, 
    0x014e0050, 0x1a1e2000, 0x0d111319, 0x0006080c, 0x07180118, 0x230c6f41, 0x07041415, 0x6d419483, 0x36032106, 0x5c08a886, 0xb48cf801, 0x737cb867, 
    0xf4f4fe98, 0x384f5801, 0x25981660, 0x92b8f9b6, 0x63533845, 0x7d877603, 0x616bac64, 0x04486856, 0x42400b0b, 0x4c152024, 0x0274015f, 0x24242a1b, 
    0x00000057, 0x020a0001, 0x06e40284, 0x001d00de, 0x111240a1, 0x12040501, 0x04050301, 0x03020101, 0x04010001, 0x0589414c, 0xaf822220, 0x00610431, 
    0x4d4e0404, 0x02020107, 0x01065f03, 0x464b0303, 0x0820050b, 0x512abb82, 0x4b1b4e00, 0x585030b0, 0xe1822040, 0x04030524, 0x27986905, 0x871d4021, 
    0x01002122, 0x01213b82, 0x05276000, 0x70085285, 0x59594e02, 0x00011740, 0x1718191a, 0x0e101315, 0x090a0b0c, 0x1d000507, 0x0a091d01, 0x22132b16, 
    0x16372726, 0x13373233, 0x36333723, 0x17323336, 0x22232607, 0x07330707, 0x06060323, 0x1637176e, 0x661d1c29, 0x148e570f, 0x7b9d158f, 0x1c323436, 
    0x050d622a, 0x52a915a9, 0x84029f13, 0x08800604, 0x7d0e025c, 0x7b0f7f72, 0x7d1f4e06, 0x7d7708fe, 0x08008200, 0x9700022e, 0xa9039002, 0x1f00f305, 
    0x53002d00, 0x01195040, 0x03040407, 0x02030102, 0x0602004c, 0x03020603, 0x07070080, 0x01056104, 0x4d4f0404, 0x08ee7618, 0xff8c4c20, 0x0120212d, 
    0x20262800, 0x1c2d212d, 0x8315171b, 0x05d448b9, 0xc3410a20, 0x07364b05, 0x06073725, 0x4f222306, 0x17230783, 0x82333733, 0x320321b9, 0x0807cb41, 
    0x14150661, 0x88c70116, 0x0b910f99, 0x70564a4a, 0x1a15160b, 0x986c5969, 0x666f9a4f, 0x150a0b5f, 0xd11467a9, 0x2e5f4b66, 0x62484149, 0x90024b32, 
    0x1b1a4059, 0x753c3e22, 0x6f3e2b01, 0x71ac5b81, 0xfd7c2d55, 0x01797995, 0x34694676, 0x6c494242, 0x003e3f35, 0xac000100, 0x90038203, 0x1300ae06, 
    0x82b54800, 0x010221c4, 0x3906d641, 0x01010016, 0x04004d4a, 0x00610204, 0x4d4f0202, 0x00000103, 0x1b4e004c, 0x13891640, 0x00212282, 0x2818865f, 
    0x1323b759, 0x05111123, 0x065d4d0a, 0x08052a60, 0x23030734, 0x23263613, 0x94010622, 0xa787ab3d, 0x527b2936, 0x42118076, 0x47093dac, 0x04664647, 
    0x0392fef0, 0x41bcfe2c, 0xfe647f48, 0x366e0172, 0x00004242, 0x93830200, 0x06e80128, 0x000300e3, 0x8e86000f, 0x5c7e1720, 0x4d4e2108, 0x4b272382, 
    0x0101044d, 0x82014c01, 0x09bd4e8f, 0xa04e178b, 0x7f0a2012, 0xa04e0503, 0x66ac3f0b, 0x281f67ac, 0x40070730, 0x072e2925, 0x82033f07, 0x95fd6b02, 
    0x2232bd02, 0x22332d23, 0x8b822d22, 0x9e020b22, 0x0a248b84, 0x50001600, 0x2405f142, 0x0301051b, 0x06f24203, 0x1d457384, 0x834d2007, 0x0019228f, 
    0x231f8204, 0x69030400, 0x593c1b8f, 0x0b0c0e40, 0x160b1012, 0x2321160c, 0x190a0610, 0x0333012b, 0x23230606, 0x37323337, 0x2908968b, 0x6cac1301, 
    0x1a7ba112, 0x0b691315, 0x062e29d0, 0x25283e06, 0x41040531, 0x76fded05, 0x4281576e, 0x2132de02, 0x232d3021, 0x62823222, 0x2d06c341, 0x00ae0698, 
    0xb74e000c, 0x0303070a, 0xc5410102, 0x82122007, 0x4d4a3120, 0x4b010100, 0x0203044d, 0x024c0202, 0x19401b4e, 0x02211482, 0x8d0f855f, 0x4059221b, 
    0x261b820c, 0x120c000c, 0x82051113, 0x1329089f, 0x33033313, 0x13013325, 0x07072723, 0x47ab87ac, 0xc530010c, 0xc9e7bffe, 0x032048b6, 0xfe2c0382, 
    0xf2feed52, 0x3fffa3fe, 0x263682c0, 0x03ac0001, 0x82de0182, 0x00032287, 0x05294130, 0x01020c24, 0x7f820101, 0x84063a42, 0x5f00210e, 0x4c222b82, 
    0x06684e00, 0x00033605, 0x0a031103, 0x03012b17, 0xde011323, 0x0687ab87, 0x03d4fcae, 0x33d7882c, 0xf4051405, 0x33002100, 0x01033040, 0x01080004, 
    0x4c020403, 0x37051952, 0x00020102, 0x084d4b00, 0x03030507, 0x4e034c03, 0x21000000, 0x13232100, 0x23250182, 0x1d0a0911, 0x25bc822b, 0x33363607, 
    0xe64f1732, 0x0892420d, 0x03074208, 0x0c9d67ac, 0x91407929, 0x4c8c2b1b, 0x4410746b, 0x3f0941ac, 0x085e4132, 0x0841a63d, 0x5e423639, 0x82033e08, 
    0x45786b02, 0x4552973a, 0x63fe6075, 0x2f358201, 0x8bfe323f, 0x32318301, 0x8efe3242, 0x067b4100, 0xf3058f2e, 0x23001300, 0x01052040, 0x4c010104, 
    0x20089950, 0x0735434b, 0x840d1a43, 0x88162095, 0x012e0887, 0x67ab3c93, 0x7e2612a0, 0x117c7955, 0x093eac41, 0x684a4446, 0x98feea04, 0x3f816b02, 
    0xfe648448, 0x36740177, 0x0200483c, 0x7703ba00, 0x6b828403, 0x1b000d22, 0x200b4352, 0x0a43524f, 0x43525020, 0x0f1b2208, 0x0643521b, 0x210e2946, 
    0x2c480606, 0x48262005, 0x0126062d, 0x5ea991f4, 0x04837fb3, 0x634c7b25, 0x82444e31, 0x034f2704, 0x5f7d9177, 0x048268a7, 0x8167a82d, 0x40307253, 
    0x31715145, 0x82004740, 0x00022600, 0x039e0286, 0x2d878298, 0x00210014, 0x033b403e, 0x12000501, 0xa7490201, 0x61002705, 0x00000101, 0x0d4f4d4b, 
    0x02002e05, 0x064d5002, 0x4d030301, 0x15164e03, 0x06ce4800, 0x00140027, 0x11242614, 0x05614208, 0x21068751, 0x8f631415, 0x03232205, 0x0bcb4813, 
    0xa98d8633, 0x731b0716, 0x2997685e, 0x64588154, 0x390a0c5e, 0x07ca48dc, 0x4f2f8682, 0x77502f79, 0x72843d88, 0xfe2b5047, 0x486001a9, 0x02220acb, 
    0x2082b900, 0xa782a620, 0xa7821320, 0x35403829, 0x02050110, 0x85010102, 0x610226a7, 0x02020103, 0x289c824f, 0x61010404, 0x50010100, 0x24db824d, 
    0x154e004d, 0x050f4814, 0x2425142b, 0x1a0a0710, 0x1323012b, 0x0f974523, 0x94450120, 0x1a03340c, 0x1f0a39ac, 0x946d576d, 0x676f994e, 0x15080a60, 
    0x484ffea9, 0x022f080a, 0x3351019e, 0x5b827e42, 0x2c5771ad, 0x4811fe7d, 0x3f420a09, 0xb6022906, 0x1100f605, 0x2c402f00, 0x002a9282, 0x0203010a, 
    0x01094c02, 0x264a4a00, 0x00012605, 0x044d4b00, 0x07e34201, 0x11001124, 0x9c432424, 0x053a4107, 0x08066c49, 0xac030736, 0x0812a766, 0x1c3f7220, 
    0x2b0d191a, 0x096e4f0e, 0x0282033a, 0x3d3d716b, 0x05059608, 0xa0fe3749, 0xa6000100, 0x3f037703, 0x2c00f405, 0x2e403100, 0x0306191c, 0x01215a82, 
    0x07c34d4c, 0xc34d4f20, 0x06734809, 0x0a151727, 0x012c0008, 0x06df492c, 0x51342721, 0x945a09e4, 0x32332506, 0x33161716, 0x2105f049, 0xdd510607, 
    0x01210807, 0x138d82ca, 0x430a9e02, 0x014b5541, 0x7b322b01, 0x05036554, 0x897b86b7, 0x9703010f, 0x4638390b, 0x08158353, 0x6058814f, 0x9b600202, 
    0x55597703, 0x2d120605, 0x141a2e25, 0x0f16091c, 0x6a624250, 0x11044957, 0x20291c22, 0x15081d13, 0x443e4b0e, 0x00003362, 0xaa000100, 0x55027603, 
    0x16007b06, 0x0a405d00, 0x0203010b, 0x0304010c, 0xb04b4c02, 0x40585012, 0x2f21821d, 0x05700001, 0x01020201, 0x0101065f, 0x004d4b01, 0x2506aa45, 
    0x1b4e0450, 0x1f821c40, 0x96850021, 0x40592f1e, 0x2513110a, 0x10111113, 0x2b1d0a07, 0x3a483301, 0x163b0805, 0x17373637, 0x06070606, 0x23133726, 
    0x37013337, 0x148a18ac, 0x2905358a, 0x0c171c21, 0x6722381c, 0x60360e63, 0x7b066015, 0xc3fe7e8e, 0x0201171f, 0x0a087b06, 0x555c0101, 0x837e4801, 
    0x03c1306d, 0x05a3037c, 0x001300ed, 0x0111b5d8, 0x4f010102, 0x13210652, 0x2f9e8503, 0x62000202, 0x00020504, 0x4e005000, 0x0db04b1b, 0x1a90c582, 
    0x1a844c20, 0x1a931020, 0x12203585, 0x35851a93, 0x1a931620, 0x18203585, 0x35831a93, 0x81904020, 0x59203082, 0x40220084, 0xe4180111, 0x5c440d6b, 
    0x13372205, 0x06b45233, 0x37080882, 0x06063723, 0x7975af01, 0x3cab4210, 0x47464709, 0xab3c0966, 0x2815a066, 0x7e7c0385, 0xfe8f0164, 0x41413792, 
    0xfd6e0137, 0x4f448d95, 0x01000000, 0x8203d300, 0xed05c303, 0x0ff7d918, 0x034d4b28, 0x4c020201, 0x24824e02, 0x0c000c2c, 0x0a041118, 0x03012b18, 
    0x41531333, 0x13210805, 0x81010133, 0x0c55afae, 0x2914040c, 0xfebabf1a, 0x02820385, 0x2cbdfe6b, 0x5a31315b, 0xfd44012c, 0x245b8395, 0x058203d0, 
    0x2c5b8218, 0x4027001e, 0x060f1a24, 0x01000303, 0x063b464c, 0x02040522, 0x2a075643, 0x111e001e, 0x06111818, 0x822b1a0a, 0x06a35361, 0x88333721, 
    0x23012108, 0x0806a453, 0x43010721, 0x0729b473, 0x32180209, 0x2e9f8419, 0x16030c09, 0xb57c182e, 0x3eb0bffe, 0x13040908, 0x83921329, 0x28fa3985, 
    0x6f435268, 0x30fafa30, 0x6e44446f, 0x95fdfa31, 0x2e6121ff, 0xfe21622e, 0x6d249383, 0x92038203, 0x172a9382, 0x23402600, 0x01070d13, 0x94820204, 
    0x20053745, 0x06a64704, 0x172af382, 0x18121700, 0x190a0512, 0x938b132b, 0x88130121, 0x6d3b088b, 0xb4a91c01, 0x0b1a1343, 0x671e2c1a, 0xb5effeb8, 
    0x1a1251b3, 0x1b2e140b, 0x0182037a, 0x692d013e, 0x2521421d, 0xfe691f3c, 0x80c4fed1, 0x20203f1d, 0x00801c40, 0x02770001, 0x84c70399, 0xffd6187f, 
    0x4d4b2b0f, 0x51020200, 0x18234e02, 0x77830317, 0x16173725, 0x41373736, 0x36080b72, 0x22230606, 0x05487726, 0x0d106341, 0x0b55b2b2, 0x2a140309, 
    0xfeb8c61a, 0x718c2b50, 0xb0024222, 0x160d017a, 0x6e02222b, 0x592bbdfe, 0x2a56322f, 0x53fd4401, 0x820c6245, 0x000122ce, 0x28f782a3, 0x00ed0556, 
    0x4025000b, 0x23118322, 0x0101005f, 0x03217284, 0x09e1445f, 0x0b000b25, 0x84221122, 0x373108f6, 0x37213501, 0x07010721, 0x10a30721, 0x9bfeb801, 
    0x123a0216, 0x010160fe, 0x82031673, 0x0581015f, 0x8afe6a86, 0x00008605, 0x03b70002, 0x06eb0378, 0x225b82b8, 0x484d0017, 0x1725057d, 0x01030300, 
    0x20628261, 0x0d20474a, 0x15401b22, 0x200a8a78, 0x08ce4e02, 0x13405924, 0x5e180c0d, 0xde420e7f, 0x05424806, 0x78060621, 0x0d340c85, 0x2021a3b3, 
    0xa2b2b2ed, 0x9bea2120, 0x16167d5f, 0x7e5f5f4f, 0x03320582, 0xc6c4db78, 0xc4c5dcdb, 0x858c8edb, 0x858f8e86, 0xec828d84, 0x8a030021, 0x001326a3, 
    0x4039001b, 0x93571836, 0x00012108, 0x83171979, 0x18182091, 0x220e9757, 0x55262201, 0x07200500, 0x27249186, 0x01271601, 0x20052056, 0x29958f02, 
    0xaffe1d13, 0x4f014f28, 0x9c823e27, 0x9b8c1320, 0xfe47763f, 0x015a2153, 0x858f20ab, 0x01000073, 0x8203f400, 0xae06b202, 0x38000700, 0x020305b6, 
    0x08464a00, 0x2221c749, 0x49070007, 0x233508c7, 0x02373707, 0x6ead86b2, 0xe31af108, 0xd4fcae06, 0x98819902, 0x205f827c, 0x205f82f3, 0x255f82a4, 
    0xb54d000a, 0x5e850101, 0x58502031, 0x02001340, 0x02030104, 0x00006303, 0x82610100, 0x005e2717, 0x19401b4e, 0x14820200, 0x58185720, 0x03210a09, 
    0x2026845f, 0x05a64a4f, 0x000a2008, 0x1311120a, 0x2b190b05, 0x06061301, 0x36323723, 0x01033337, 0x81276670, 0x954f173b, 0x82879323, 0x2c67276d, 
    0x3c508b26, 0x5882d4fc, 0xaf2a4782, 0xae038203, 0x1a00b806, 0x21425500, 0x821e2005, 0x08b85914, 0xb6516120, 0x03032805, 0x01055f04, 0x464c0404, 
    0xd9590530, 0x00022707, 0x00020100, 0x1e8a0069, 0x0d40593d, 0x1a000000, 0x22271a00, 0x0a062712, 0x37132b1a, 0x37363601, 0x22232636, 0x42230706, 
    0x39080532, 0x020f020e, 0x14af0721, 0x54518101, 0x45530907, 0xa6096447, 0x9790ce13, 0x3507119f, 0x01ab7b82, 0x0317b501, 0x0d017b82, 0x362d4d39, 
    0x72363f3f, 0x2c688589, 0x6f50715b, 0x9a828b07, 0x7803ba24, 0xaf82ba03, 0x86002c27, 0x030125b5, 0x07d54b04, 0x5f182e20, 0x4a201fa1, 0x09935d18, 
    0x4e005025, 0x902c401b, 0x05b16430, 0x04006928, 0x04010300, 0xfa826903, 0x08610022, 0x28056950, 0x01174059, 0x1b1e2000, 0xd35f181a, 0x012c230a, 
    0x0a43092c, 0x06936205, 0x2323e684, 0x88323337, 0x023e24ef, 0x18163233, 0x080ad15f, 0x97620067, 0x04b00a4d, 0x6d4e4961, 0x5c610808, 0x4d4c144c, 
    0x4d08076f, 0x096c4644, 0xa36c0da7, 0x109a925e, 0x0154760b, 0x0b0d6268, 0x7803ad6f, 0x2846693a, 0x312f3e33, 0x303d7b3e, 0x2d37392d, 0x853c6a46, 
    0x0b5b4461, 0x4d620d06, 0x003d6c45, 0x00010000, 0x037803b7, 0x00ae06d4, 0x403d001c, 0x0406003a, 0x03060403, 0x31c08480, 0x05007e01, 0x05060400, 
    0x02006704, 0x02000107, 0x916f6600, 0x00012a05, 0x13141617, 0x0c0e1012, 0x242e8208, 0x1c011c00, 0x05aa5a08, 0x84055963, 0x234608bc, 0x21372537, 
    0x05072137, 0x0e071636, 0x96020202, 0x03b10db5, 0x6c504961, 0x64600809, 0x08011356, 0x1751fe01, 0xfe148102, 0x11978cc5, 0x03ae730c, 0x296a7f78, 
    0x33374032, 0x05b2714a, 0x02d97a8c, 0x6f4c6688, 0x7482003c, 0x8203b324, 0x9f82b503, 0x0f000a29, 0x0cb55600, 0x41000101, 0x172607b1, 0x01020507, 
    0x60180406, 0x4a2b0875, 0x0303004d, 0x1b4e034c, 0x82001740, 0x8c8520d8, 0x2219841e, 0x18134059, 0x42109260, 0x2e080562, 0x07330333, 0x37230723, 
    0x01231337, 0x0116b307, 0x7759d8f6, 0xa7167717, 0x093a1b16, 0x0401b1fe, 0x20028608, 0x8689e3fd, 0x5c018986, 0x8208acfe, 0x2297875e, 0x6292000f, 
    0x252005f3, 0x8533ad83, 0x01010200, 0x05007002, 0x71050404, 0x04010103, 0x82570104, 0x04013106, 0x02060760, 0x50040104, 0x13b04b1b, 0x24405850, 
    0x02212c87, 0x212b9a85, 0x268c2340, 0x93860521, 0x59592651, 0x00000f40, 0xb55a1800, 0x33372213, 0x82d68507, 0xa5c82fd1, 0x010143fe, 0x279c2825, 
    0x167b177b, 0xd28516a2, 0xec08eb23, 0x82d582ec, 0x03c934cf, 0x06b70378, 0x001f00ae, 0x150b40a8, 0x10060301, 0x1801020f, 0x2108a4f9, 0x0b820025, 
    0x72010222, 0x0f656118, 0x21051443, 0xe5420762, 0x24dc8205, 0x4058501d, 0x222c8326, 0x18020103, 0x8e109361, 0x2440212d, 0x04262888, 0x04060500, 
    0x5e886705, 0x00020222, 0xdf825487, 0x00011528, 0x1314181a, 0x72421112, 0x011f2206, 0x06b3551f, 0x260a7242, 0x13270722, 0x4b210721, 0x540805be, 
    0x020e0716, 0xa591ff01, 0x5506aa10, 0x0a765043, 0x5a50600b, 0x027a9841, 0x5cfe1730, 0x701e0644, 0x13948041, 0x03ab6e0e, 0x30678778, 0x42404f39, 
    0x0126364f, 0x21db8ca1, 0x5274912e, 0x0000487f, 0x03bd0002, 0x06c00378, 0x001900b8, 0xb67a0025, 0x05021023, 0x07784206, 0x02002627, 0x02030403, 
    0xf5601872, 0x4d4a270f, 0x05050108, 0x0d416100, 0x25402107, 0x04222885, 0x8b460080, 0x8c318706, 0x40593827, 0x011a1b19, 0x1a1f2100, 0x15251b25, 
    0x0b0c0e13, 0x0006080a, 0x44190119, 0xf644081d, 0x26232405, 0x87062223, 0x0e3647de, 0x5b094108, 0x201951a0, 0x9a8cb2f2, 0x8608ad03, 0x07158266, 
    0x7d549627, 0xdb15128e, 0x0a764e88, 0x504f5b0a, 0x54040577, 0xae4a7803, 0x8dedc497, 0x7d8f5a65, 0x6e914539, 0x53849f7c, 0x56523d3d, 0x00533b3b, 
    0xb23cf383, 0x7d037703, 0x1200ae06, 0x3e001e00, 0x010a3b40, 0x4c010204, 0x01020100, 0x00020085, 0x0428f182, 0x03010669, 0x59030000, 0x08135c18, 
    0x51000335, 0x00011314, 0x1e13181a, 0x0b0d1e14, 0x12000809, 0x44071201, 0x2628050e, 0x37363637, 0x36013301, 0x830b6661, 0x063a08c2, 0x5be90116, 
    0x0b0e4b91, 0x31014049, 0x3bc3feab, 0x1491813d, 0x4aa46e0e, 0x0b0a714d, 0x724c4d57, 0x03580a0b, 0x597a3e77, 0x013f7841, 0x12c9fe2e, 0x7e547585, 
    0x3d508546, 0x0383503d, 0x0027aa82, 0x03cf0001, 0x82ac0382, 0x000722ab, 0x05774639, 0xfc481120, 0x4a4a2007, 0x1b2207e2, 0x28820f40, 0x01020024, 
    0xf44a6700, 0x40592206, 0x0825820b, 0x0700073b, 0x0a042111, 0x01132b18, 0x21372137, 0x02cf0107, 0x1bfe010f, 0x179b0217, 0x8203eefd, 0x8b059c02, 
    0x0061fd8d, 0x03af0003, 0x06bf0378, 0x001d00b8, 0x00350029, 0x0716b66f, 0x09304602, 0x01082023, 0xd1611804, 0x4d4a220d, 0xd1611807, 0x00502d08, 
    0x1e401b4e, 0x05000100, 0x69050104, 0x208c2a88, 0x1b405936, 0x1e1f2a2b, 0x2f310001, 0x352b352a, 0x291e2325, 0x0e10291f, 0x27077d55, 0x26262201, 
    0x37363637, 0x0ef56118, 0x07161624, 0x3349020e, 0x4613200b, 0x7b08082f, 0x03021606, 0x0a4e9d69, 0x015a890c, 0x0a0b5047, 0x5e5ea068, 0x0b0a488c, 
    0x51014b72, 0x720a0c68, 0x755155b1, 0x4f600908, 0x0809764f, 0x69448e5c, 0x45530808, 0x08086745, 0x3d780352, 0x72484067, 0x660e070d, 0x39613e42, 
    0x423d6239, 0x0d070e66, 0x67404a70, 0x34457a3d, 0x34444434, 0x6a014534, 0x3e2f2f40, 0x412e303d, 0x00020000, 0x037603c5, 0x00be06c6, 0x0027001b, 
    0x010ab5a9, 0x20051e43, 0x07fe431c, 0x72010224, 0x61180108, 0xfe430ef4, 0x05b6410e, 0x03442720, 0x212e9f07, 0x2d442540, 0x0506240a, 0x89690604, 
    0x0d2e4431, 0x1c1d1936, 0x21230001, 0x271d271c, 0x0d0f1416, 0x03040608, 0x1b011b00, 0x27064e43, 0x16163337, 0x37363233, 0x29058050, 0x17023e37, 
    0x0607021e, 0x45410306, 0x015e080a, 0x049b8beb, 0x3e4d03ad, 0x07158265, 0x7c539628, 0x6d0e128f, 0x956171b0, 0xf0211745, 0x037e4c66, 0x4f4d5403, 
    0x5a0a0a75, 0x668f7603, 0x7d92312c, 0x6f91453a, 0x044c8351, 0x8caf5303, 0x9f01efc4, 0x503a4055, 0x533d3c53, 0xdc000200, 0xa7038203, 0x1100b906, 
    0x3d001d00, 0x01093a40, 0x53430402, 0x05863005, 0x01060001, 0x03000403, 0x02040069, 0x56590402, 0x26080603, 0x13510204, 0x19000112, 0x131d1217, 
    0x080a0c1d, 0x01110007, 0x160b0711, 0x1632012b, 0x07060716, 0x06012301, 0x83262223, 0x182220b8, 0x080a5d5f, 0x915c6f39, 0x7f150f4b, 0x01aacffe, 
    0x82373733, 0x6e0e1390, 0x714c4aa4, 0x4c560a0a, 0x0a0a734c, 0x3eb90658, 0x7d7c5979, 0x3401d2fe, 0x5575850f, 0x5085467d, 0x50503c3d, 0x43503d3c, 
    0xd828054f, 0x9f02ec02, 0x0d00e206, 0x0cb34f18, 0x14162f08, 0x2b180a02, 0x37023e01, 0x07020633, 0x23171606, 0x0f020126, 0x9e3e6949, 0x12147c5e, 
    0x829d3622, 0xc057d304, 0xfe8145b3, 0xe06c7aec, 0x4b85ed9b, 0xe5026d32, 0xdb061302, 0x2e000c00, 0x5016b04b, 0x020c4058, 0x077c4118, 0x4e004a2a, 
    0x000a401b, 0x85000100, 0x01211382, 0x05b15476, 0x000c3108, 0x0a03160c, 0x36132b17, 0x02363736, 0x12163327, 0x6d070207, 0x1614735c, 0x37a52f22, 
    0xbe2c1722, 0xe785e502, 0x1301857c, 0xdefe6476, 0xdcf7fe8b, 0x01296882, 0xee02bb00, 0xe4068802, 0xb34f1800, 0x190a3b27, 0x2113132b, 0x33032307, 
    0x01a8bb07, 0x7e821425, 0xee021582, 0xfd7ef603, 0x92857e06, 0x5202ee22, 0x4f184f88, 0x4f832147, 0x13333728, 0x03213723, 0x4c831585, 0xa7250129, 
    0x027eee02, 0x84fc7efa, 0x03f22ae2, 0x066503db, 0x000b0009, 0x05855070, 0x01061725, 0x48000005, 0xb5740519, 0x024b2a08, 0xb04b1b4e, 0x40585024, 
    0x12d37416, 0x40231d83, 0x7a02001e, 0x59221be4, 0xfd184059, 0x0a270c5e, 0x37012b1b, 0x47333723, 0x013106ff, 0x17e723b6, 0x228e23e7, 0x22e717e6, 
    0x8ed0db03, 0x2a0282d0, 0x00010000, 0x03ab04f3, 0x7a390563, 0x0a201fdf, 0x34050a7a, 0xfd176303, 0x390517a7, 0x00008e8e, 0x04e90002, 0x056f0328, 
    0x253b82bc, 0x4b8e0007, 0x97600bb0, 0x01053005, 0x63030203, 0x01010104, 0x00005f00, 0x83014b00, 0x820e20da, 0x001a241b, 0x18010400, 0x840f5351, 
    0x604f202d, 0x142206f3, 0x3d920200, 0x389a4020, 0xf7825920, 0xe67c1220, 0x23ac830f, 0x01072137, 0x31080383, 0x43021814, 0x1691fd17, 0x05184402, 
    0xfe8c8c30, 0x008c8cf8, 0xffffff00, 0x02cafedd, 0x014301e0, 0xff080607, 0x0050fb39, 0x0200b109, 0xb050fbb8, 0xb3822b35, 0xe5201f82, 0xd2221f82, 
    0x1f82fe01, 0x1f940920, 0xc7fef424, 0x3f84a602, 0x1f870a20, 0x3f8b0120, 0x3f82f220, 0x3f84ff20, 0x3f940b20, 0xc6fef126, 0x45019702, 0x0c205f82, 
    0x43261f94, 0x1d02d4fd, 0x1f822e02, 0x5f940d20, 0xe0fdd024, 0x7f84e202, 0x3f940e20, 0xd2fee524, 0x7f84c902, 0x3f940f20, 0x01231f82, 0x82330221, 
    0x9410205f, 0xfd44223f, 0x201f86ee, 0x831f9411, 0x84d1205f, 0x9812205f, 0x8417205f, 0x9713201f, 0x4d04231f, 0x7f824401, 0x1f971420, 0x84c80221, 
    0x941520df, 0xfef3241f, 0x84bd02c7, 0x9416201f, 0xfdbf249f, 0x84d102ee, 0x9417201f, 0x82f2201f, 0x84df201f, 0x9418201f, 0x23df821f, 0x4601ef01, 
    0x19209f82, 0xdf207f94, 0x78207f82, 0x1a20bf84, 0xe3261f94, 0x8e01c6fe, 0x3f82cb01, 0x1f941b20, 0xccfefa26, 0x3d01dc02, 0x1c201f82, 0x00251f93, 
    0x02d2fe0c, 0x201f84fc, 0x241f941d, 0x04d2fe09, 0x201f8451, 0x211f931e, 0x3f82a6ff, 0x1f84cb20, 0x1f941f20, 0xe9fdb024, 0x1f840003, 0x1f942020, 
    0x3f82dc20, 0x1f848f20, 0x1f942120, 0xc8fef026, 0x08022403, 0x2220bf82, 0x89143f41, 0x8723201f, 0x4303201f, 0x00270a1f, 0x01d2fe2d, 0x82fe01eb, 
    0x9324203f, 0x2c00215f, 0xdd201f82, 0x25201f84, 0xff211f93, 0x209f82e8, 0x207f84e7, 0x241f9426, 0x02c8fef3, 0x201f84f3, 0x831f9427, 0x840d209f, 
    0x9428205f, 0x82ec201f, 0x84ee205f, 0x9429201f, 0x201f89df, 0x213f932a, 0x7f820200, 0x3f84f020, 0x1f932b20, 0x82f6ff21, 0x84f9201f, 0x942c209f, 
    0xfeeb245f, 0x84b602c7, 0x932d203f, 0x0800211f, 0xe5209f82, 0x2e201f84, 0xe8205f94, 0xf8205f82, 0x2f205f84, 0x2b137f41, 0xc6fefeff, 0x0e02ff02, 
    0x30060701, 0x15205f94, 0xe0225f82, 0x1f820902, 0x1f943120, 0x3cfe1126, 0x3202d801, 0x32201f82, 0xa6267f94, 0x4c0135fe, 0x1f822b02, 0x1f943320, 
    0x3efef426, 0x3402c101, 0x34201f82, 0xbe201f94, 0x8b201f82, 0x35201f84, 0x00271f93, 0x022bff2b, 0x8259019e, 0x9436203f, 0xff2c261f, 0x009c02fb, 
    0x201f8289, 0x261f9437, 0x0278ff22, 0x820c01a8, 0x9138201f, 0x010033df, 0x000013fe, 0xd205b303, 0x19000300, 0x00001640, 0x3c195600, 0x212212ab, 
    0x28823301, 0xa9f70428, 0xd20509fb, 0x25822efa, 0x0f000230, 0xd102f7ff, 0x0b003503, 0x2b001700, 0x10552840, 0x18572011, 0x54178d73, 0x26200e7b, 
    0x0806264d, 0x86972c29, 0x9acb2021, 0x21218696, 0x654d83cb, 0x4a361716, 0x1717674b, 0xc8d60935, 0xc8d7dcc4, 0x9582d7c8, 0x93938c88, 0x82938b8b, 
    0x8a03207f, 0x0013267f, 0x4033001b, 0x120b5530, 0x86069a55, 0x0f055589, 0x20075871, 0x12055516, 0x8d8f0120, 0xfe0d1229, 0x013a1de0, 0x82351d21, 
    0x8b122094, 0x456e3693, 0x6d2656fe, 0x9326a901, 0x01006c8b, 0x00005500, 0x2c03d801, 0x13741800, 0x5f00210f, 0x8982b682, 0x74180582, 0x07340c13, 
    0xd8013737, 0x09729d86, 0x03b917c9, 0x02d4fc2c, 0x7b8c86ab, 0x4b204782, 0xc8244782, 0x0b002d03, 0x0ad36c18, 0x02010223, 0x241a8285, 0x00010300, 
    0x5c691869, 0x1227080c, 0x0b051321, 0x13332b19, 0x37230606, 0x37363223, 0x6ca50333, 0x152f7621, 0x248c420b, 0x87028681, 0x54813336, 0x82d3fc3a, 
    0x00052c3c, 0x039d0200, 0x001a0035, 0x5429402c, 0x9d5408be, 0x0457220f, 0x0a9a544e, 0x2b1a0b23, 0x179a5433, 0x12053108, 0x414b4901, 0x34400807, 
    0x95095338, 0x7e79a612, 0x2f071390, 0x027a6f73, 0x6d156001, 0x56411a01, 0x3e3b362e, 0x827d6b32, 0x7e542462, 0x7e096f65, 0x77825882, 0xf7ff1024, 
    0x8782a902, 0x4c002927, 0x01244940, 0x37741803, 0x17645413, 0x4e005726, 0x1d1f0001, 0x220c6154, 0x18290129, 0x2209446f, 0x4c331606, 0x615405e2, 
    0x055a500c, 0x06064f08, 0x07160707, 0x26010606, 0x0947814e, 0x374d03a0, 0x0b0a583a, 0x1241474d, 0x075c3c42, 0x37363707, 0x12960859, 0x847a75b9, 
    0x49660b11, 0x121cba01, 0x5f3209be, 0x3f2f2041, 0x71413834, 0x3c2f3442, 0x7b642c36, 0x5a436285, 0xa01b080c, 0xcb828368, 0xcb820d20, 0x2c03c92d, 
    0x76001b00, 0x5020b04b, 0x54294058, 0x01240f5c, 0x70010202, 0x20096254, 0x05f15102, 0x1b22c782, 0x2b912a40, 0x02010422, 0x890a8f54, 0x4059222c, 
    0x0e905415, 0x1b011b26, 0x2b160b08, 0x2808ea77, 0x26363736, 0x023f2323, 0x068f5421, 0x3708e682, 0x0ca4792a, 0x364a01a1, 0x08095a3f, 0x12534e3e, 
    0xa0fe01dc, 0x12210215, 0x7f73eafe, 0x09c01211, 0x2a25656d, 0x51343942, 0x7f07c16b, 0x8c01f069, 0x00836a64, 0x0b000200, 0x91200482, 0x0a28d382, 
    0x33000f00, 0x010c3040, 0x54089c69, 0x57220e6b, 0x68544e03, 0x1a0b2510, 0x0137372b, 0x380c6854, 0xac01140b, 0x15605dc3, 0x15951560, 0xfe093d1b, 
    0x7a7e01ec, 0xd0fd3402, 0x2600827e, 0x95fe7501, 0x8801000a, 0x000f2273, 0x05376c54, 0x84821c20, 0x00850027, 0x02010102, 0xc36e1870, 0x0505270b, 
    0x1b4e0557, 0x1e871b40, 0x90850221, 0x1229541d, 0x01219283, 0x07294c07, 0x82372321, 0x93762e92, 0xeb0193fe, 0x642a882a, 0x92156315, 0x26928415, 
    0xffff0ada, 0x827e7e7e, 0xff22338f, 0x03af02f6, 0x001f002c, 0x160b4077, 0x06030211, 0x27540110, 0x00232109, 0x53062754, 0x572017d0, 0x8205ac69, 
    0x01032425, 0x9a008002, 0x40592a26, 0x1b000115, 0x13141519, 0x0af65312, 0x2110d841, 0xf7530622, 0x064e080d, 0x79280106, 0x0799118d, 0x6a3e353a, 
    0x3e490b0a, 0x821a451c, 0x15d10171, 0x0644a7fe, 0x673a6016, 0xbd141376, 0x2e5f810a, 0x47475439, 0x2e11174f, 0xee7f8601, 0x6f932e1f, 0x00009c78, 
    0x18000200, 0xad02f7ff, 0x1b003503, 0x77002700, 0xd75012b5, 0x501a2406, 0x53244058, 0x722005cd, 0x8419cc53, 0x22f453dc, 0x59212782, 0x0aa55040, 
    0x2505bf66, 0x1b000709, 0xb0431b01, 0x022e2205, 0x05994337, 0x26262322, 0x0818f553, 0x35320144, 0x1424546d, 0x7793ce20, 0x019d0589, 0x71502f38, 
    0x7e210817, 0x13776246, 0x3c7fb415, 0x3e0b0b69, 0x066a3f42, 0x22093a06, 0xc2789956, 0x2f638cf3, 0x3e8b9932, 0x796d914a, 0x4356789d, 0x3f5c593f, 
    0xf383573f, 0xf6ff0a2f, 0x2c036902, 0x1d001100, 0x35403800, 0x14f75309, 0x61000329, 0x00000105, 0x504e0057, 0x0524159e, 0x37262622, 0x3618f053, 
    0x3e794809, 0x0169130e, 0xf5fe910b, 0x73683435, 0x8c610e14, 0x825f3c3b, 0x3f2308a2, 0x0a0b603c, 0x773b0a42, 0x017d7259, 0x0ec4fe3c, 0x7b517681, 
    0x40527845, 0x41545740, 0x00005341, 0x82180001, 0x829e20a4, 0x0007249f, 0x531a401d, 0x57220bd2, 0xcf534e02, 0x99751808, 0x0118320a, 0x75fe01c8, 
    0x16330215, 0xa90235fe, 0xfd807c07, 0x39268254, 0xff070003, 0x03b002f7, 0x001c0035, 0x00340028, 0x15404043, 0x04030207, 0xa6534c01, 0x37ee821a, 
    0x1d1e292a, 0x2e300001, 0x342a3429, 0x281d2224, 0x0d0f281e, 0x1c011c00, 0x23085a45, 0x35373636, 0x3623fb83, 0x59163233, 0xa3530aad, 0x016c0817, 
    0x488a5730, 0x4f7d0c0a, 0x110d483d, 0x7b5076ac, 0x690b0a41, 0x59490141, 0x915e0b0e, 0x08644155, 0x3d414608, 0x42080965, 0x07583a80, 0x37363f07, 
    0x3d090957, 0x3f673c09, 0x080d7249, 0x5945660e, 0x3b603a7a, 0x070e6445, 0x3c4a750d, 0x4a6f3d66, 0x4948353a, 0x014c3438, 0x31314a6e, 0x31324040, 
    0x02000049, 0xf4ff1800, 0x3c03ab02, 0x7720eb84, 0x22089f53, 0x57585019, 0x02210575, 0x08be5601, 0x23114653, 0x1b4e005d, 0x82236e53, 0x40592627, 
    0x011d1e19, 0x05174100, 0x41086d53, 0x6d53091d, 0x53032012, 0x48080f6d, 0x0691751e, 0x2f39029d, 0x07176f4f, 0x63478921, 0x640e126b, 0x64305b97, 
    0x2013204d, 0x6a3c58c8, 0x403e0505, 0x08096340, 0x678d0c41, 0x8c9b362f, 0x6f8d4c3e, 0x05478356, 0x98572603, 0x01f3c474, 0x3b455b97, 0x3c415c57, 
    0x20f78359, 0x30048235, 0x00360394, 0x001e0012, 0x0a334036, 0x01040201, 0x0b6a534c, 0x0102002b, 0x00690204, 0x01570101, 0x16bb564e, 0x5306c641, 
    0x3d081569, 0x774b9501, 0x3d0a0e3d, 0x91f5fe35, 0x34350a01, 0x0e137169, 0x3d3a8e61, 0x410a0b5f, 0x0c62383c, 0x3603430c, 0x3e56763d, 0xc4fe3e75, 
    0x810e3c01, 0x457c5373, 0x42425477, 0x44434f52, 0x00820054, 0x5500012c, 0x90028000, 0x0b00a802, 0x3b5a5a00, 0x45202005, 0x1d5205ce, 0xc64c1809, 
    0x521b200f, 0x01522002, 0x1b0b230d, 0x0152252b, 0x24053c0b, 0x24d414d4, 0x14d32480, 0xd78024d3, 0x79d8d879, 0x000100d7, 0x02500150, 0x51d4018a, 
    0x0b201fff, 0x3405ff51, 0xfd158a02, 0xd40115db, 0x00008484, 0x004c0002, 0x029a02ce, 0x874e1851, 0x51372034, 0x4c2606a0, 0x150e0215, 0x05831dfe, 
    0x8080ce27, 0x7f7f0401, 0x2a008200, 0xff570001, 0x03ee01b1, 0x540e00b0, 0x0b230f8b, 0x54132b18, 0x23080b8b, 0x480f6b26, 0x57923763, 0x1e11147a, 
    0x2636922f, 0xc8579301, 0xfe8743bb, 0xdb6575df, 0x00f576a2, 0xd3ff0100, 0x5c204b82, 0x0d214b82, 0x33641800, 0x000d240f, 0x8203160d, 0x540720db, 
    0x20080674, 0x0607021e, 0x63692d07, 0x2a1d1410, 0x07262192, 0x4fc0280f, 0x7560daa8, 0x42872101, 0xee58c8bb, 0x269b84f4, 0x01f6ff2c, 0x18cd000f, 
    0x210e4b53, 0x53180057, 0x9534184b, 0x07083b2e, 0x38302844, 0x0a420607, 0x382a3144, 0x3b292e45, 0x9b824a82, 0xe1fedb28, 0xa6001101, 0x9b900300, 
    0x03000323, 0x279b8311, 0x03331303, 0xc8a59125, 0xc5212882, 0x383582fe, 0xff100001, 0x001c010c, 0x001100c8, 0x041a401d, 0x01010001, 0x0001014c, 
    0x21078249, 0x55826100, 0x4e005d2a, 0x0b022524, 0x27172b18, 0x0621d682, 0x0ad56023, 0x4218283f, 0x1c17134d, 0x07073028, 0x35383347, 0xf483130c, 
    0x4a4c1f4a, 0x2f2f3a19, 0x7247513e, 0x3193848f, 0x26ff0e00, 0xba000b01, 0x22000d00, 0x00001f40, 0x8a820104, 0x02006525, 0x435f0102, 0x25820532, 
    0x000d2e08, 0x2113110c, 0x2b190b05, 0x32333717, 0x23373736, 0x06073337, 0x0d0e2306, 0x08312516, 0xbb1e6205, 0x4d690f22, 0x2f3f4dda, 0x5ad3ba1f, 
    0x31318267, 0x7f00ffff, 0x41039d02, 0x0701db05, 0x70006b06, 0x7353a602, 0xa6022105, 0x084b5318, 0x6c201f89, 0x03211f87, 0x261f8ab8, 0x02a602c5, 
    0x82d20548, 0x876d203f, 0x8b01201f, 0x82bb201f, 0x0538221f, 0x201f82d3, 0x241f946e, 0x03a60275, 0x207f840d, 0x201f946f, 0x209f8280, 0x201f8419, 
    0x201f9470, 0x201f827d, 0x207f8439, 0x201f9471, 0x205f827b, 0x201f8401, 0x89df9472, 0x9473201f, 0x0292243f, 0x841f039c, 0x9474203f, 0x8288201f, 
    0x841d207f, 0x9475209f, 0x027a245f, 0x84d9029c, 0x9476203f, 0x8288201f, 0x840e209f, 0x9477201f, 0x8277205f, 0x8420205f, 0x4178205f, 0x882a147f, 
    0x1b039a02, 0x0701e205, 0x5f947906, 0x5f82a520, 0xdc050422, 0x7a201f82, 0xc5261f94, 0x00032603, 0x1f824e05, 0x7f947b20, 0xf603c026, 0x7a04fa02, 
    0x7c201f82, 0xbc261f94, 0x0a037403, 0x1f82f704, 0x5f947d20, 0x5702c726, 0x56065e02, 0x7e201f82, 0x43243f94, 0xcc015702, 0x7f201f84, 0x002f1f91, 
    0x02980001, 0x037b0180, 0x000b0057, 0x821c401f, 0x0741770f, 0x0001022e, 0x01510001, 0x00050700, 0x030b010b, 0x08fcb818, 0x21059861, 0xdd430101, 
    0x8002210a, 0x2808de43, 0x014c0001, 0x0382018b, 0x1adb4350, 0x33131327, 0xa5914c03, 0x2d2882c8, 0x003bfec5, 0x7c00ffff, 0x88019b01, 0xc3825703, 
    0x6c00822c, 0x09008f02, 0xb80100b1, 0x23438f02, 0x017a2608, 0x037701b0, 0x201f8244, 0x201f8283, 0x201f868a, 0x2a1f888a, 0x05000057, 0x00d205f7, 
    0x836d0627, 0x242782e3, 0x0044026a, 0x43278600, 0x2782096b, 0x896a0621, 0x842f8227, 0x222f8227, 0x92cd036f, 0xff7f262f, 0x054907f7, 0x432782db, 
    0x272c05bb, 0x17036a06, 0x07010000, 0xa0047006, 0x02202f85, 0x240b8b43, 0x06f7ff57, 0x205f9476, 0x205f9470, 0x205f8275, 0x435f8447, 0x5f83059b, 
    0x5f861520, 0x8f929e20, 0xbf8ae78e, 0x41037222, 0x80242f92, 0x96060000, 0x70245f84, 0xa6027000, 0xe3202f84, 0x72225f84, 0x2f92e003, 0xf6ff5724, 
    0xbf949006, 0xe1037422, 0x75242f92, 0x6107f6ff, 0x7422bf94, 0x2f92b204, 0x2f828020, 0x8f942f20, 0x82047421, 0x10af41ab, 0x2f827b20, 0x8f845d20, 
    0xbf877220, 0x84110321, 0x047422bf, 0x167f41ae, 0xbf947a20, 0x7f417520, 0xff922414, 0x843107f7, 0x4174202f, 0xfb20081f, 0x75225f84, 0xbf928404, 
    0x00005724, 0x5f94d906, 0x3b047722, 0xff232f93, 0x947d06f7, 0x9478202f, 0x8280208f, 0x411c208f, 0x7822141f, 0x5f926c04, 0x3420bf83, 0x7820bf94, 
    0x0820bf94, 0x2e208f82, 0x77202f84, 0x0121ef87, 0x22ef84f5, 0x927e0378, 0xff57245f, 0x947806f4, 0x947920bf, 0xff5724bf, 0x91b008f7, 0x2700232f, 
    0x2f836d06, 0x06070125, 0x8fdf056b, 0x00470867, 0xff370105, 0x05e106e3, 0x001100ea, 0x00270023, 0x00430035, 0x11b04bd2, 0x2c405850, 0x0b08010e, 
    0x08010201, 0x01006902, 0x01060700, 0x09006907, 0x04610309, 0x5c030301, 0x06010d4d, 0x0c610006, 0x00030a05, 0x7c006000, 0x30200743, 0x0c24339c, 
    0x57050501, 0x0a213986, 0x21378501, 0x32923440, 0x56040423, 0x206b844d, 0x926a8300, 0x59593e36, 0x36372b40, 0x24242829, 0x00011213, 0x43363c3e, 
    0x2e304337, 0x35293528, 0x27242724, 0x9b4b1826, 0x4f0f200c, 0x262f05be, 0x023e3737, 0x16163233, 0x020e0707, 0x8d262201, 0x3301260f, 0x36322501, 
    0x06f36737, 0x16060723, 0x340d8c01, 0x75607005, 0x0e0d0d2a, 0x615e915a, 0x0d0e2a74, 0xfc90590d, 0x31129067, 0xf704a0fe, 0x0309fba9, 0x0b504ca6, 
    0x4d2c0b0d, 0x06825449, 0x14fd2d22, 0x1d280e8c, 0x4e518a54, 0x53538a51, 0x54220684, 0x0f8d5c03, 0x05c1fc32, 0x662efad2, 0x444e4369, 0x4e446868, 
    0x5c036943, 0x00280b89, 0x37010700, 0xb509e3ff, 0x2a06af41, 0x00390035, 0x00550047, 0x41f40063, 0x2d0805b3, 0x0c011432, 0x01040110, 0x0369040c, 
    0x010b0101, 0x09010809, 0x0d0d0069, 0x01066105, 0x4d5c0505, 0x03120a13, 0x61000808, 0x020f0711, 0xb941050e, 0x9e36200b, 0x01112439, 0x88570707, 
    0x413d823f, 0x402106f7, 0x2338943a, 0x4d560606, 0x00207784, 0x3c967683, 0x59592f08, 0x56573b40, 0x3a3b4849, 0x24253636, 0x00011213, 0x63565c5e, 
    0x4e506357, 0x55495548, 0x473a4042, 0x3936473b, 0x37383936, 0x35242c2e, 0x4d183525, 0x15200b71, 0x2012d541, 0x0fd54121, 0xe5410f8f, 0x41212010, 
    0xf3410ce5, 0x74022320, 0x06427461, 0x93f9210e, 0x21260642, 0x06422103, 0x40fa210c, 0x15420e8c, 0x0d13420e, 0x42202342, 0x0028172d, 0x37010900, 
    0x890ce3ff, 0x2c082f42, 0x004b0047, 0x00670059, 0x01830075, 0x05334216, 0x1a383308, 0x01151001, 0x06100106, 0x02030569, 0x020d0f01, 0x0b010a0b, 
    0x11110069, 0x01086107, 0x4d5c0707, 0x0c180e19, 0x0a0a0517, 0x09166100, 0x02130414, 0x39420712, 0xa03c200b, 0x0116243f, 0x8a570909, 0x42438445, 
    0x4021067d, 0x233e9640, 0x4d560808, 0x00208384, 0x429a8283, 0x4059592e, 0x6976774b, 0x4d5a5b68, 0x3748484c, 0x08064942, 0x767c7e23, 0x70837783, 
    0x6975686e, 0x5a606275, 0x54675b67, 0x4d594c52, 0x484b4859, 0x40494a4b, 0x3747363e, 0x11554247, 0x55421b20, 0x3f654222, 0x21417342, 0x73427402, 
    0xbff62110, 0x8d441290, 0x0e864215, 0xf7210e8e, 0x2995426c, 0x4238a342, 0x2b0816ad, 0x5400ffff, 0x9a06eeff, 0x2600d205, 0x0000d40a, 0x6a062700, 
    0x0000e702, 0x1a060701, 0x77fc5b03, 0x03b10900, 0x77fcb801, 0x002b35b0, 0xbb2a2b82, 0x9907faff, 0x2600f305, 0x2b850a06, 0x84030321, 0x031c242b, 
    0x827efcf6, 0x8202202b, 0x887e202b, 0x07f5222b, 0x222b924a, 0x85c60316, 0xb802222b, 0x262b87fc, 0x07e7ffa3, 0x82eb056d, 0xff082357, 0x838200f8, 
    0x84570321, 0x040a2c57, 0x0070fc00, 0x0200b112, 0x82f8ffb8, 0x208c8457, 0x82088270, 0x2033838b, 0x2033923f, 0x2a339a1a, 0x020205a0, 0x00160623, 
    0x82cb0606, 0x010226bf, 0x04f0041f, 0x2d0f8208, 0x00070003, 0x6406b125, 0x031a4044, 0x93510101, 0x025f3608, 0x00010001, 0x1111114f, 0x1a0b0410, 
    0x0006b12b, 0x13230144, 0x3a038333, 0xd994fa02, 0x93aafdc9, 0xf004c8a6, 0xdafe2601, 0xff002601, 0x043b01ff, 0x845e02f0, 0x00cc215f, 0x17200f83, 
    0x2b250f82, 0x06021606, 0x2d54820b, 0x9b01ffff, 0x3d041505, 0x06000206, 0x7f826b0a, 0x0f830320, 0x82e00521, 0x000b2b0f, 0x00230017, 0x05344037, 
    0x29820203, 0x83590121, 0x00013907, 0x07040861, 0x00050602, 0x19510001, 0x010c0d18, 0x181d1f00, 0x13231923, 0x0ae38f18, 0x16060923, 0x0bd1702b, 
    0x07502120, 0x2e0b8b0a, 0x3a310602, 0x31520808, 0x08083931, 0x97730151, 0x1505290c, 0x45313146, 0x46313145, 0xcf83078f, 0x05de0025, 0x83620302, 
    0x6d0a21df, 0x012b0f83, 0x03210560, 0x00f505c8, 0x84cf0606, 0x0557260f, 0x05990345, 0x200f82d3, 0x242f84ce, 0x03fb04fb, 0x202f844c, 0x2b0f936f, 
    0x15050101, 0x03060c02, 0x6c0a0600, 0xb1261f84, 0xd602a504, 0x0f829c06, 0x4f847020, 0x6f820a20, 0x3f848e20, 0x2f416e20, 0x18220806, 0xf706e504, 
    0x0f000300, 0x43001b00, 0x446406b1, 0x01053840, 0x03020103, 0x06000059, 0x00020101, 0x0f826701, 0x6102032a, 0x03070408, 0x51020302, 0x17f65e18, 
    0x41170821, 0x132205cf, 0x0b5d0333, 0x0b33410b, 0x5307032c, 0x80fe97c1, 0x08083930, 0x0584304f, 0x8a220221, 0xd1052a0c, 0xdafe2601, 0x303044b9, 
    0x2a038b44, 0xffffff00, 0x015efef9, 0x82300080, 0x837520c7, 0xc9ff27c7, 0x61014cfe, 0x0f821000, 0x0000762c, 0xbeff0100, 0x070113fe, 0x334e8aff, 
    0x8203201a, 0x90422397, 0x2882bdb9, 0x89fe7722, 0x00203382, 0x2207bb42, 0x181f0003, 0x2922ab68, 0xf0c9baa0, 0x14010205, 0x3b82ecfe, 0x21089742, 
    0x66180003, 0x03272793, 0xcb011333, 0x425ac990, 0x002205dd, 0x43830200, 0x43c20321, 0x3220062b, 0x27278184, 0x01000102, 0x82570001, 0x01002606, 
    0x0403055f, 0x8e621803, 0x06b12416, 0x82014400, 0x82332051, 0xe7012803, 0xb377c9ac, 0x8544c878, 0x26012459, 0x8200dafe, 0x01012100, 0x18073b42, 
    0x3029375c, 0x37210701, 0xfd189903, 0xd30518d6, 0x00008e8e, 0x088f4201, 0x4f181420, 0x2a0808c9, 0x04000104, 0x03010559, 0x03000100, 0x04006901, 
    0x02610004, 0x04000206, 0x00015100, 0x0e101112, 0x07080a0c, 0x14000305, 0x18071401, 0x720ac94f, 0x3c080983, 0x37323316, 0x03060633, 0x45563106, 
    0x06211c19, 0x4f63137e, 0x21414d34, 0x137b172e, 0x2a210567, 0x5c1c3329, 0x512b2a74, 0xff006f61, 0xfee4ffff, 0xffef005b, 0x0a070149, 0xf9e3fe6c, 
    0x05df4d46, 0xb046f924, 0xe2822b35, 0xfc01003d, 0xfdd4fd48, 0x006eff8b, 0xb11e0009, 0x40446406, 0x02040513, 0x01014900, 0x82760000, 0x00092320, 
    0x84860209, 0x0607053f, 0x36270706, 0xfd373736, 0x6c0f0e8b, 0x482e6753, 0x4d920e0c, 0x4e3ebd52, 0x5247793a, 0x08c08200, 0x0000584d, 0xe8059508, 
    0x19000b00, 0x2b002700, 0x0a409000, 0x07060109, 0x09020103, 0xb04b4c02, 0x40585017, 0x06010c27, 0x0804010b, 0x00690406, 0x09010d08, 0x67090802, 
    0x00070700, 0x0201055f, 0x4d560000, 0x0202030a, 0x4e025702, 0x922b401b, 0x21968329, 0x2f824d56, 0x00610525, 0x885c0505, 0x40593c2d, 0x1b282824, 
    0x000c0d1a, 0x282b2800, 0x22292a2b, 0x1b271a20, 0x0c121427, 0x82190d19, 0x110b2b8e, 0x0b0e1113, 0x13332b19, 0x03820133, 0x01230328, 0x22010323, 
    0xe85a3726, 0x06706006, 0x080af54b, 0x07213773, 0x01b6f658, 0xb8bb0edc, 0x27feb4f8, 0xc805bb0f, 0x111a9ea2, 0xa29ed91a, 0x1a121a9d, 0x655388d6, 
    0x410e0f10, 0x0d665755, 0xfe481012, 0x7b0218d2, 0xfbd20519, 0xfa6f0491, 0xfb66042e, 0xbdd8029a, 0xbd9b619a, 0x9a619bbd, 0x5a6b92bd, 0x6b695861, 
    0x685d6156, 0x979757fe, 0xe800ffff, 0x4209ecff, 0x2600e605, 0x0000f805, 0x49000700, 0x00008e03, 0x251782ff, 0x78080000, 0x1788de05, 0xa5038922, 
    0x572a1784, 0xc0050000, 0x0602d205, 0x0f830f01, 0x00d7ff2c, 0x07f40400, 0x002602fa, 0x3f820002, 0x01f50a23, 0x34278491, 0x05ecff8b, 0x02e605d0, 
    0x00410126, 0x05070100, 0x025102bf, 0x05034772, 0xb0720225, 0x82002b35, 0x6c34082f, 0x8404ecff, 0x1c004e04, 0x3d002500, 0x01233a40, 0x01180405, 
    0x4c020203, 0x01060100, 0x04010504, 0x00050069, 0x02050302, 0x00030067, 0x00590300, 0x61000303, 0x94080882, 0x1d1e5100, 0x251d2122, 0x1822251e, 
    0x06072327, 0x07252b1a, 0x22230606, 0x3e370226, 0x16323303, 0x15301516, 0x21070614, 0x32331603, 0x06060336, 0x13210307, 0xca032626, 0x62c85d0e, 
    0x1a61d692, 0xc9b07b14, 0x58b48961, 0xfefc0301, 0x5f9c6538, 0x9b4a88c3, 0x1e022f41, 0xc6802c30, 0x993c3668, 0x749a0001, 0x8c579aca, 0x03029cf4, 
    0xb8fe1813, 0x6b033b6e, 0xfe364301, 0x352001e8, 0x0001003c, 0x060000d9, 0x001805bf, 0x40290014, 0x01071026, 0x01000103, 0x25b7824c, 0x01144a00, 
    0xee824901, 0x57000123, 0x20068200, 0x2b2b825f, 0x29214f01, 0x2b180b02, 0x17010121, 0x3908a482, 0x33363607, 0x22210721, 0x16162726, 0xf9021717, 
    0xf802e0fd, 0xc94df661, 0x39773b54, 0xfb1c0204, 0x387039fe, 0xb0379841, 0x8c028c02, 0x9342d274, 0xa6110b3a, 0x933a0b11, 0x7785d242, 0xd1d70921, 
    0x1a072477, 0x9ce6f81c, 0xfaff2d77, 0x1d059214, 0x27000800, 0x01012440, 0x0820ed88, 0x1121ed92, 0x20ed8314, 0x20ed8205, 0x3ce78201, 0xfdfe0201, 
    0x690003db, 0x5c12f4fd, 0x017fed1d, 0x92020689, 0xfe7d9102, 0x29fea63f, 0x26008200, 0xffd90001, 0x82de06fa, 0x000d295b, 0x082f4032, 0x01020201, 
    0x23064a41, 0x4903010d, 0x02202183, 0x0d7f7c18, 0x0203002c, 0x12114f03, 0x06041411, 0x66872b1a, 0x82170721, 0x8613206b, 0xbefe2e6b, 0xfb1bde03, 
    0x043e817b, 0xfefb1ba8, 0x267186f7, 0x4a6ea6ed, 0x87d9fea6, 0xf4092173, 0x0b2073b4, 0x062b7398, 0x65f81bf4, 0xbe073e81, 0x92e8f81b, 0x02012573, 
    0xe8060000, 0x2407bb41, 0x03050e14, 0x28e88200, 0x01021213, 0x0001014a, 0x4f621849, 0x2133080f, 0x180b0227, 0x3727212b, 0x06373636, 0x37212306, 
    0x17163221, 0x27272626, 0xf0030137, 0xc94df661, 0x3a763c55, 0x041cfefb, 0x37703a02, 0xb0379841, 0x42200287, 0x74260d2e, 0x000074fd, 0x77830100, 
    0xc3000a21, 0x08072177, 0xf8247787, 0x1a071ce6, 0xff2577a0, 0x05bb14fe, 0x0533421a, 0x82010821, 0x074c2289, 0x21ed9606, 0xed831211, 0x01270522, 
    0x013be782, 0xc0110137, 0xed0c026c, 0x81121da2, 0x027d7cfe, 0x017c0222, 0xd101a6bf, 0x8272fd6a, 0xe5002ecf, 0xe806fbff, 0x0d001e05, 0x2f403200, 
    0x2651820d, 0x0c4c0102, 0x4103020b, 0x03260546, 0x03010200, 0x4e416702, 0x1211270f, 0x0b041211, 0x62852b1a, 0x82273721, 0x03240867, 0xea030137, 
    0xfc40016a, 0x83041b25, 0x56fb3d82, 0xf704041b, 0x0525027d, 0xa611017d, 0x01a6496f, 0x6efd6a27, 0x6f824782, 0xc5000a21, 0x0207316f, 0xf93f016a, 
    0x99071b0e, 0x40f83d82, 0xf61b071b, 0xbe356f92, 0x0f050100, 0x14005e04, 0x30403300, 0x00010107, 0x01020110, 0x22e28302, 0x83034902, 0x4486200a, 
    0x002d0f5f, 0x00140000, 0x04113114, 0x372b1806, 0x085c4413, 0x07013808, 0x27262601, 0x03070606, 0x9a0399be, 0x59d6fe1b, 0x4b285bda, 0x8a5e0220, 
    0x3220a3fd, 0x0f150418, 0x9a03c432, 0x1f0b0fa6, 0x2bfd2641, 0x26d60276, 0xdc5d2d56, 0x82d6fe59, 0x20f7824f, 0x20878294, 0x29878496, 0x0e2a402d, 
    0x05020101, 0x87820001, 0x02090a25, 0x82004900, 0x0086221f, 0x20148202, 0x06115b57, 0x4f01022f, 0x03103e11, 0x252b1906, 0x36361323, 0x22768237, 
    0x42012701, 0x043308bc, 0x0f32a6fd, 0x50261a33, 0x62b3fc2c, 0x602c4e03, 0x82de5f33, 0x031b3669, 0x2a01c49a, 0x2d5ddc59, 0x2afd2656, 0x26d50276, 
    0x0f0b1f41, 0x288082a6, 0x00260101, 0x04770500, 0x0507415d, 0x6a821020, 0x7f840720, 0x020b0c27, 0x01034a02, 0x06ed6602, 0x6c180120, 0x07410aa7, 
    0x0301210b, 0x25083243, 0x16013701, 0x8a821716, 0x77051326, 0x1b66fc99, 0xda297082, 0x204b285b, 0x028aa2fd, 0x0608415d, 0xfc9a0323, 0x05094166, 
    0x76d50224, 0x09412afd, 0x2a012105, 0x9d20e783, 0x9f208782, 0x2d278784, 0x01052a40, 0x830e0001, 0x0a4c257c, 0x4a000209, 0x85241f83, 0x02020100, 
    0x02258684, 0x0102005f, 0x07074102, 0x03330125, 0x82070606, 0x17012276, 0x25088401, 0x21072133, 0x07413601, 0x4d032407, 0x41b2fc62, 0x01280507, 
    0x66fc1b2a, 0xd6fe9a03, 0x24050841, 0xfd76d602, 0x0708412b, 0x00012408, 0x090000d9, 0x001805ff, 0x40310025, 0x141a212e, 0x0601070e, 0x4c010001, 
    0x02031213, 0x254a0004, 0x46031516, 0x1f251172, 0x0b02391c, 0x0c734617, 0x20083f44, 0x08544401, 0x21148446, 0xd9437a05, 0x43fd2009, 0xfa2108f2, 
    0x111f4686, 0x21059646, 0x0182fd74, 0x85067a44, 0x82002011, 0x21b78400, 0xb7ea450d, 0x93c00821, 0x40f721b7, 0x2608b7ad, 0xffd90002, 0x05010afa, 
    0x000d001e, 0x40380013, 0x0d101335, 0x03020406, 0x0b0c4c01, 0x01040708, 0x0104054a, 0x64490003, 0x672b06fa, 0x00000200, 0x02005702, 0x825f0002, 
    0x4f002408, 0x44161412, 0x35080867, 0x01010713, 0x03210117, 0x21050137, 0x07212737, 0x01690307, 0xf7adfa3f, 0x03dbfd7f, 0xbefe6900, 0x7df65505, 
    0xfaf72502, 0x3d82a006, 0x05815ef9, 0xfe11017d, 0x1e4768d9, 0x01ed2a05, 0x6efd6a27, 0x6e496f5d, 0x24578300, 0x0dfaffd9, 0x2193d347, 0x9382490a, 
    0x8867f721, 0x9b082193, 0xf4279383, 0x82e609b4, 0x9a18f63d, 0x00013793, 0x060000fc, 0x00ea0514, 0x40160014, 0x07101413, 0x06010203, 0xae824a00, 
    0x4e005733, 0x170b011b, 0x0101132b, 0x26262707, 0x07061627, 0x07134403, 0xfc073008, 0x2002f802, 0x7637af88, 0x0a02022d, 0x0aada6ad, 0xb1471523, 
    0x5e03f54c, 0x74fd8c02, 0xb142d374, 0x3a733a4b, 0x1404ecfb, 0x4b3a7339, 0x42d342b0, 0xd626054b, 0xee05e8ff, 0x6b8dd205, 0x1b824920, 0x6b865620, 
    0x3702092a, 0x17161617, 0x13373626, 0x26077643, 0xfdee0537, 0x91e0fd08, 0x7402256b, 0x8c0274fd, 0x04236b87, 0x8aecfb14, 0x0002226b, 0x20d7826e, 
    0x2c6b841d, 0x402c0018, 0x0d0e1229, 0x060a0b0c, 0x05e16807, 0x4d560038, 0x02010100, 0x02010360, 0x4e025702, 0x18151515, 0x16171815, 0xef820411, 
    0x7a890120, 0x01011722, 0x01288f86, 0x03072137, 0x81a68120, 0x6020e886, 0xfd2b938a, 0x1e051b58, 0x03ca021b, 0x86f8fc08, 0x379a8b82, 0xa6a670fd, 
    0x83000100, 0x4706f9fd, 0x25001f07, 0x13b30600, 0x2b320100, 0x37205b88, 0x21066845, 0x69412707, 0x0606340a, 0x37363607, 0xa3021737, 0xaf87e0fd, 
    0x022e7637, 0x83e80a02, 0x4cb0277c, 0xf80261f5, 0x14822002, 0x842d7721, 0x14242814, 0xf54db046, 0x41f9fd61, 0x0521090d, 0x4188877a, 0x4327058f, 
    0x733a4bb0, 0x8786fa3a, 0x05834a15, 0x06d3083b, 0x00260000, 0x03304033, 0x01000202, 0x03010722, 0x4c020003, 0x49030126, 0x240f8200, 0x69010200, 
    0x74851800, 0x03002b09, 0x364f0300, 0x04392621, 0x91441a06, 0x2da8820d, 0x23262636, 0x32333723, 0x0e071616, 0x164b2302, 0xdf033615, 0x0e6c9e59, 
    0x59823c0f, 0x8a4c1b4c, 0x16175fca, 0xfc8af4a8, 0x11d84321, 0x5990542c, 0xa6559059, 0x8788db81, 0x8b4481db, 0x00f8240b, 0x876d0800, 0x242527b3, 
    0x26020302, 0x96820520, 0x32620220, 0x02002506, 0x69020103, 0x0022a882, 0xb8835703, 0xbe825f20, 0xb3830020, 0xb3843720, 0x2f0a3045, 0x023e3726, 
    0x23073333, 0x07060622, 0x33161606, 0x21099649, 0x1e497505, 0x21fc2907, 0x165eca8a, 0x8af4a717, 0xba82af82, 0x820e0f21, 0xdf0321ba, 0x27103049, 
    0x8887db81, 0x55a681db, 0x5420b583, 0x4d084c45, 0x5d35057b, 0x7505ce06, 0xe9060601, 0x08005d0f, 0xb00100b1, 0x2b35b05d, 0x211b8600, 0x1b84e609, 
    0x1b92ea20, 0xa1145724, 0x37827a05, 0x1b93eb20, 0x84ed0621, 0x93ec201b, 0x030a211b, 0xed201b84, 0x01251b8f, 0x065d0011, 0x206f84f7, 0x211b93ee, 
    0x1b840f0a, 0x1b92ef20, 0xca145b24, 0x8b827705, 0x1b8ff020, 0x00f40023, 0x20538258, 0x201b827b, 0x821b93f1, 0x201b8353, 0x241b90f2, 0x0a5d00e8, 
    0x206f840e, 0x211b93f7, 0x1b84540d, 0x1b92f820, 0x100a5723, 0x20538305, 0x201b85f9, 0x0b4f4102, 0x560d5722, 0xfa201b84, 0xb02e1b90, 0xb205ab00, 
    0x07010805, 0x1c00f406, 0x8941aa00, 0xb0aa2d05, 0xffff2b35, 0xca004701, 0x27059805, 0xf5241b82, 0xca002100, 0xca201b85, 0x00211b84, 0x201b82be, 
    0x201b84c0, 0x201b90f6, 0x205382da, 0x2053842b, 0x08538df3, 0x0001002d, 0x06ad00f2, 0x00b604b5, 0xb3060005, 0x32010305, 0x0137132b, 0xf2011701, 
    0x03370181, 0xe2fb6e9d, 0xfe709f02, 0x82170390, 0x820079fc, 0x01012a00, 0x05ad0060, 0x00ac04e2, 0x212f820b, 0x2f820006, 0x01272523, 0x08328401, 
    0x0107013e, 0x016ece01, 0x82befec9, 0xc8014101, 0x0136fe70, 0xc0fe8241, 0x880182ad, 0xfe6e7f01, 0x81860182, 0x82fe78fe, 0x007d016e, 0x00010100, 
    0x4a08a2ff, 0x0200d205, 0x0c400f00, 0x49000102, 0x76275d82, 0x17060110, 0x8221012b, 0x4a07271d, 0xd20553fb, 0x1582d0f9, 0x09000128, 0x53070000, 
    0x2b822e06, 0x12401522, 0x4a201c82, 0x00210382, 0x321a8276, 0x02020002, 0x332b1606, 0x04090101, 0x06a002aa, 0x82d2f92e, 0x8200295b, 0x4e0746ff, 
    0x02008c06, 0x0220a382, 0x052da383, 0x1a060101, 0xcc0668fa, 0x03a203ba, 0x205384a4, 0x20238244, 0x20238611, 0x2c238301, 0x44010117, 0x99053401, 
    0xfc4607ba, 0x2122825c, 0xa38a0200, 0x23000527, 0x02042040, 0x0cf64802, 0x86820220, 0x034f0129, 0x03050303, 0x84031005, 0x030923b9, 0xba820001, 
    0x5bfe5626, 0x3703cc01, 0x0525c083, 0x04bffb8a, 0x214f8441, 0xc7820800, 0xc7845220, 0x24000527, 0x01052140, 0xf9761802, 0x05da560c, 0x04000023, 
    0x21b98203, 0xd8850302, 0x0121252d, 0x02ac0408, 0x0504fa9e, 0x8334fe03, 0x04a622e1, 0x891f823f, 0x00052ee3, 0x0304b508, 0x32020002, 0x0209052b, 
    0x24e98613, 0xfbd551fe, 0x26ee8452, 0x0105cff9, 0x820080fd, 0x83f38933, 0x82052033, 0x223382ab, 0x84040917, 0x0ffa25f7, 0x27fcab04, 0xfd25fd84, 
    0x0280028e, 0x22b38381, 0x82e3ff03, 0x419720b3, 0x002a0527, 0x403c0012, 0x02010139, 0x0b4b004a, 0x03042206, 0x97401801, 0x055f320d, 0x00030001, 
    0x0007084f, 0x070c0e00, 0x06120812, 0x20cd8505, 0x25cd8207, 0x33020923, 0xec7d2313, 0x1d37080b, 0xc502ef04, 0x5eb533fc, 0x5c3933ce, 0x39420a09, 
    0x090a5c37, 0xf98c0642, 0x016f0274, 0x4f5ffcef, 0x50503937, 0x004f3739, 0xffae0001, 0x05e006e9, 0x001300e9, 0x82154018, 0x85012f0f, 0x00000102, 
    0x0b000176, 0x01130009, 0x5f820313, 0x22052508, 0x37022624, 0x24361236, 0x16043233, 0x02060712, 0x52030406, 0xb2fafea1, 0xa31a1b4b, 0x9d2601f2, 
    0xb30601a1, 0xf3390b83, 0x7917dafe, 0xa11b01d7, 0xd012019d, 0xfed77975, 0xfe9da1e5, 0x0075d0ee, 0x276b1802, 0xe381180c, 0xe79c181d, 0xfc6a1810, 
    0xe86a1824, 0xd36a1820, 0x00002b21, 0x62000100, 0x2c070000, 0xaf56d205, 0x17062a17, 0x2113332b, 0x05f86203, 0x750282d2, 0x33890623, 0x2a000724, 
    0x47822740, 0x00020324, 0x554d6703, 0x0104250a, 0x4f010201, 0x06225a82, 0x5a820405, 0x05110322, 0x25234886, 0x84211321, 0xf1fa2d4c, 0xfbc08604, 
    0xfad2057a, 0x8604a62e, 0x00234282, 0x82640002, 0x82172030, 0x000e238b, 0x3341001e, 0x05672709, 0x00000201, 0x06825702, 0x5f000224, 0x28820104, 
    0x114f2708, 0x1900010f, 0x111e0f16, 0x0005081e, 0x060d010e, 0x212b1606, 0x36133722, 0x32213336, 0x06030716, 0x21252306, 0x10823632, 0x21232624, 
    0x10820622, 0x01162508, 0xa826e84c, 0x04708d13, 0x13637200, 0x718c13a8, 0xfa0305fc, 0xa8093332, 0xfc1c0d05, 0x09303306, 0xe81104a9, 0x78331c82, 
    0x00fc7278, 0x27a67771, 0x1ffc0337, 0xfc362a0d, 0x82111b06, 0x269b89c2, 0x00220018, 0x6e3a403d, 0x67210670, 0x24e08200, 0x67030402, 0x82a58507, 
    0x20a58206, 0x29a58806, 0x191a1d20, 0x180f1415, 0xa9851811, 0xa9970820, 0x06032127, 0x37211316, 0x97b08536, 0xfb6a29ad, 0x1104737e, 0x2682047e, 
    0xb38db687, 0xfd820228, 0x03111b4c, 0xba83e872, 0xb7960020, 0x0102032b, 0x02006703, 0x02040500, 0x2ab78205, 0x04000004, 0x04010757, 0x825f0004, 
    0x000430b7, 0x01191b4f, 0x191e1f00, 0x16221b22, 0x980f1013, 0x210122b7, 0x28ad8613, 0x36322103, 0x07213737, 0x12654106, 0x82042123, 0x29ab8772, 
    0x32fa0386, 0xfb1e0933, 0x6b41277e, 0x4c02230c, 0xaf83b402, 0x27dafb32, 0x1be8b637, 0x01000011, 0x18ff8000, 0xba062208, 0x0639c182, 0x010103b3, 
    0x03092b32, 0x92fb2208, 0x7a04ccfc, 0x30fce802, 0xd203d003, 0x8ab78200, 0x00073127, 0x000f000b, 0x0f0a400d, 0x07090b0d, 0x04010305, 0x25253483, 
    0x09130209, 0x30058202, 0x08fede03, 0xf4019afe, 0x12fee603, 0xf80196fe, 0x080682a8, 0xf6019822, 0x10fee003, 0xee01a0fe, 0x52fee802, 0xaa01ae01, 
    0x0156fe7a, 0xfaae01aa, 0x0158fe06, 0x7aae01a8, 0x6a821585, 0x8c020021, 0xb508216b, 0x02206283, 0x07206282, 0x42269788, 0x83fca9fd, 0x9f875f02, 
    0x0243fc27, 0xfd05fdd3, 0x223c822d, 0x82810008, 0x842520cf, 0x3ba785cf, 0x00170013, 0x001f001b, 0x1e124015, 0x16181a1c, 0x0e101214, 0x06080a0c, 
    0x08000204, 0x032a5482, 0x37060937, 0x25050209, 0x03830527, 0x07820120, 0xea310384, 0xf70197fe, 0xfe8e6701, 0x01f50199, 0xfe5cfd61, 0x2f078398, 
    0x019dfe90, 0xf96101f1, 0xd12401e3, 0x1e05dbfe, 0xfe2a0684, 0xcc1e0153, 0x8901dcfe, 0x06831d01, 0xdd833a20, 0x7a56fe22, 0xfe23dd83, 0x830cfa52, 
    0x52fe22dd, 0x2015857a, 0x260086fb, 0xfbf5e3fc, 0x825703fb, 0x00002c04, 0xffc4000a, 0x06040854, 0x840f007e, 0x238308a9, 0x2b002700, 0x33002f00, 
    0x3b003700, 0x88408b00, 0x21223637, 0x35080904, 0x09010223, 0x00021e26, 0x021d2702, 0x1f25000a, 0x050a0b02, 0x1008004c, 0x08010901, 0x01006709, 
    0x01040300, 0x01066903, 0x0e070f04, 0x04020503, 0x010d6705, 0x00010c02, 0x6900020a, 0x0b0b0a00, 0x0a00570a, 0x115f0b0a, 0x0b0a0b01, 0x3038384f, 
    0x282c2c30, 0x01101128, 0x383b3800, 0x30393a3b, 0x32333033, 0x2c2f2c31, 0x582d2e2f, 0x87180595, 0x12200b11, 0x2005255d, 0x078d6426, 0x45180e20, 
    0x012f0c57, 0x02093701, 0x27010137, 0x37011701, 0x82210721, 0x13012403, 0x83050333, 0x0807820f, 0x5a2e0427, 0x0f0e4086, 0x5a5ca570, 0x0e0e4185, 
    0x4d44a572, 0x5d0f0d7a, 0x0d794c49, 0x4c02580d, 0x0176fafe, 0xfe54fc06, 0x2d0682fc, 0x015110fe, 0x2903536e, 0x16ba0118, 0x0582d6f8, 0xef01182d, 
    0x014a8e48, 0x6d01511a, 0x8304fc54, 0x59a0260a, 0x955b5a95, 0x3c05825a, 0x945a965a, 0x69504869, 0x6a4a4a6c, 0x3a01f9fd, 0x03c6fe66, 0x643a0172, 
    0xc4fbc6fe, 0x220e8266, 0x828e3a01, 0x21022700, 0x44febc01, 0x188264bd, 0x0115fa28, 0x0046feba, 0x73410900, 0x0721420a, 0x08077741, 0x7f408260, 
    0x15162a2b, 0x29060704, 0x07010217, 0x0002121a, 0x02111b03, 0x13190008, 0x05080902, 0x0701004c, 0x02010702, 0x00010a80, 0x00030803, 0x06008008, 
    0x0107010d, 0x04670706, 0x050c0201, 0x0003030b, 0x00670302, 0x08090908, 0x08080057, 0x010e5f09, 0x4f090809, 0x24242c2c, 0x1c1c2020, 0x62410001, 
    0x27243805, 0x25262724, 0x23202320, 0x1f1c2122, 0x1d1e1f1c, 0x0f000709, 0x410f0f01, 0x5c411068, 0xbe01212f, 0x213b5041, 0x47418dfe, 0x0221082a, 
    0xe8ffe900, 0xf305e907, 0x27001300, 0x1bb50800, 0x02000714, 0x01052b32, 0x37362626, 0x17163636, 0x2e058417, 0x07061616, 0x36360101, 0x26262726, 
    0x84070706, 0x065f0805, 0x03171606, 0x4b90fdb8, 0x6a696314, 0x524cdff2, 0xdef36c74, 0x61164a4a, 0x02aefc6a, 0x034742e7, 0xa08c2c2c, 0x2dbdf14a, 
    0x45489d8c, 0x182d0646, 0xee5aec02, 0x3a5958ec, 0x6060593c, 0x573b3a59, 0x5befeb56, 0x7e0200fe, 0x36969739, 0x3d2b2236, 0x2135dac8, 0x9a3a3c2a, 
    0x00003697, 0x88e70001, 0xb3062297, 0x05534a0d, 0x7f829391, 0x7f828e20, 0xf36a672e, 0x72534ce1, 0x4cdff169, 0x6962174d, 0xed256983, 0x3b5a57eb, 
    0x2a69823b, 0x58393d58, 0x5aeeee58, 0x87ffff00, 0x06022453, 0x82002c07, 0x08013663, 0xf007f2ff, 0x09008c06, 0x15401800, 0x4a000105, 0x01020809, 
    0x068d5c04, 0x0213122a, 0x092b1806, 0x13012103, 0x23080282, 0x99fd1004, 0x1afe4501, 0x3a01a402, 0xfda20268, 0x7e016d98, 0x860274fe, 0x86028e01, 
    0x72fe7afd, 0x02007afd, 0x132d4f8a, 0x2a402d00, 0x0002050f, 0x0c12134a, 0x2956830b, 0x01490208, 0x02020001, 0x06825700, 0x5f02002f, 0x00020103, 
    0x16124f02, 0x06041312, 0x2966881a, 0x25031701, 0x21030321, 0x70910317, 0xe939fe2d, 0xfe2e0134, 0xfe9935bb, 0x8f9eeeb9, 0x42023c7e, 0xc33801bd, 
    0xc4fe3c01, 0x00c8fec3, 0x00d80001, 0x06a30700, 0x00060046, 0x821a401d, 0x034a2172, 0x01267b82, 0x01008500, 0xfc827601, 0x06000625, 0x82041211, 
    0x01133ee0, 0x21032101, 0xf603d813, 0x42fed502, 0x79affc78, 0x6603e002, 0x20fd9afc, 0x0000e002, 0x08478a02, 0x34000d2d, 0x010d3140, 0x054a0302, 
    0x02060301, 0x03040002, 0x04006700, 0x57040101, 0x01040400, 0x0401005f, 0x00004f01, 0x090a0b0c, 0x84000708, 0x89072060, 0x33272160, 0x21216582, 
    0x29678a01, 0x027bf745, 0x13017b1c, 0x718945fe, 0x1efd882c, 0x1202e202, 0xd8000400, 0xbf86c2fe, 0x11000d2c, 0x51001500, 0x030b4e40, 0x7b820402, 
    0x00227182, 0x7a820403, 0x010a0327, 0x02030602, 0x086b8267, 0x06080925, 0x08006709, 0x57080707, 0x07080800, 0x07010b5f, 0x0e4f0708, 0x1500000e, 
    0x0e121314, 0x10110e11, 0x870c0d0f, 0x11122298, 0x2298820c, 0x83211301, 0x212521fb, 0x0d820784, 0x21250329, 0x4e022137, 0x4143fe47, 0x472b050c, 
    0x1f025ffd, 0xfe030149, 0x8296fd44, 0x4ba22405, 0x82494f03, 0x1e640812, 0x01e0fd1e, 0x03b2012e, 0xfe9afc66, 0xb401864e, 0xeefd1202, 0xbe015afb, 
    0xb28742fe, 0x06000000, 0xdeffbc00, 0xf3058507, 0x46003b00, 0x5c005100, 0x6c006800, 0x76407900, 0x11030105, 0x03040b01, 0x1510690b, 0x1304030a, 
    0x01020206, 0x12670204, 0x0f010207, 0x0c09020d, 0x17670901, 0x0c03160e, 0x590c0000, 0x39080884, 0x0861000c, 0x0c000214, 0x52535100, 0x3c3d4748, 
    0x6b6c0001, 0x6365696a, 0x56585d5f, 0x5c535c52, 0x51474c4e, 0x40425148, 0x463d463c, 0x30323637, 0x2527282a, 0x18191d1f, 0xea821214, 0x3b000735, 
    0x06183b01, 0x2e052b16, 0x023e3702, 0x23133333, 0x82262622, 0x36172609, 0x07071616, 0x24098721, 0x2323020e, 0x069d5103, 0x022e0736, 0x07213737, 
    0x3313020e, 0x07263637, 0x06070626, 0x36360116, 0x23200b83, 0x05200a82, 0x37210a82, 0x21158523, 0x16843233, 0x06263008, 0x21010706, 0xd4012113, 
    0x0e3e8258, 0x599e6d0e, 0x57a62fa6, 0x0f0f3e83, 0x58559f6f, 0x1c0e3f82, 0x0e1b1d01, 0x59589f6e, 0x0e0e3d81, 0x83579e6f, 0x3e822e1e, 0x9e6e0e0f, 
    0x3d825858, 0xe3fe1a0f, 0x0816821b, 0x1bb64b26, 0x4346430b, 0x410b0e7d, 0x7d454603, 0x45400b0d, 0x440d1cb4, 0x7e45acfc, 0x46981c0c, 0x440a0c7e, 
    0x4498dc03, 0x36081882, 0x5a2e4244, 0xe9fd0840, 0xfe2f1c01, 0x550122e4, 0x92575790, 0x551c0158, 0x8f595892, 0x56010154, 0xa6a65790, 0x01569057, 
    0x568f5701, 0xfe559258, 0x579258e4, 0x89559057, 0x31042419, 0x826144a6, 0x3f4c2a1e, 0x0166fc69, 0x6b3d495b, 0x08108401, 0xa6446123, 0x404a5d01, 
    0x5a990365, 0x01663f4c, 0x2e4a2d01, 0x1c01a6fd, 0x01010000, 0x05180303, 0x00e005b1, 0x07df4e05, 0x27012508, 0x01070101, 0x026f7201, 0x79f401ba, 
    0x18036cfe, 0xfd560272, 0xe20172aa, 0x02000000, 0xa401c600, 0xd2050c06, 0x092a2f82, 0x23402600, 0x02030405, 0xca4e0501, 0x06062a12, 0x09060906, 
    0x17060317, 0x2451862b, 0x01072137, 0x27558735, 0x041be8fd, 0xa4011ba2, 0x01235b87, 0x82a0a0ac, 0x0001285f, 0x05e8ffcc, 0x89b00279, 0x0105388f, 
    0x17010137, 0x09fec302, 0x02940182, 0x02186334, 0x1efe7256, 0x8272e201, 0x0300342e, 0xe8ff7c00, 0x39050e06, 0x19001300, 0x49002500, 0x820a4640, 
    0x16183d8e, 0x04000310, 0x17194c02, 0x49000315, 0x00010102, 0x05010405, 0x04010769, 0x59040000, 0x04230682, 0x62036100, 0x4f180527, 0x0f2a09b2, 
    0x080c0d0e, 0x01130006, 0xe6460813, 0x054e4805, 0x67181720, 0x03200825, 0x252d8984, 0x36373632, 0x06222326, 0x03160607, 0x2b671821, 0xfdb22b12, 
    0xfa016cae, 0xfd58d402, 0x67185361, 0x02210935, 0x356718c0, 0x28fd2a0c, 0xfd5aca02, 0x666e029e, 0x3f671892, 0x3a01300c, 0x0f080000, 0x0700d205, 
    0x2e000b00, 0x82042b40, 0x020626ba, 0x03000103, 0x0fa85967, 0x0b000039, 0x0008090a, 0x11070007, 0x06071111, 0x37012b19, 0x07210121, 0x83250121, 
    0x1b3a3904, 0xc2014102, 0xfd1bdc01, 0x0240febf, 0x1bb8023f, 0x2c0548fd, 0xa6d4faa6, 0xa6210582, 0x22008200, 0x825e0002, 0x860e206b, 0x4034266b, 
    0x00010031, 0x20648202, 0x23738267, 0x57000303, 0x00250682, 0x05075f03, 0x230c8206, 0x08084f03, 0x0b202c82, 0x0b55cd18, 0x33207182, 0x21337186, 
    0x5e072137, 0x03de011b, 0x1b4b026c, 0x92fc24fe, 0x821db501, 0x826a8371, 0x266d8270, 0x00ee0002, 0x82f20600, 0x1e3f086b, 0x40002500, 0x23253d40, 
    0x04020322, 0x02030124, 0x02004c02, 0x02040304, 0x01058003, 0x04010600, 0x69040002, 0x01010300, 0x03005903, 0x00610103, 0x51010301, 0x20210000, 
    0x1e001e00, 0x82281424, 0x821a20e9, 0x163221e9, 0x0806944f, 0x26222326, 0x33370226, 0x33021e06, 0x37023e32, 0x01260236, 0x01072113, 0x51040107, 
    0xabfa9a1b, 0xa0191947, 0x9bdefeef, 0x43080a83, 0x3815a61a, 0x7877c485, 0x147cb9e0, 0xfcec711b, 0x0402553d, 0x869701ea, 0x2c0569fe, 0xfecc74a6, 
    0xfe9b9af2, 0x7474cdf2, 0x9a0e01cc, 0x5a9ed278, 0x77d19f5a, 0x9c0701a2, 0x0402a2fe, 0x7218fec8, 0x0100e601, 0xf13dc784, 0x21002407, 0x2c402f00, 
    0x02020121, 0x024c0100, 0x004a0001, 0x85000200, 0x02030200, 0x82bc8f85, 0x050747b4, 0x1e030229, 0x06071202, 0x8f040602, 0x26262eb4, 0xfe400427, 
    0x38fe0193, 0x419dea90, 0x31b29518, 0x92d8651a, 0xb401bb03, 0xadfeb501, 0xfeca7a09, 0xae9194fa, 0x9eff9a24, 0x0082000c, 0xd820a785, 0x2034a782, 
    0x36403900, 0x030c0d0e, 0x4c010103, 0x4a01010b, 0x01030100, 0x0221a382, 0x82ad8203, 0x00593eb4, 0x61000202, 0x02000104, 0x00015100, 0x15171b1c, 
    0x2000090a, 0x06052001, 0x22212b16, 0x06045126, 0x01133731, 0x04061301, 0x12060706, 0x3e323316, 0x83333702, 0x032108c6, 0xaafb9a74, 0x96191a47, 
    0x941101e1, 0xfe6f0138, 0xfe983c02, 0x1b1ab7f5, 0x789eee72, 0x137cb9e1, 0x08c983a6, 0xcc74df24, 0x959a0e01, 0x7acb0501, 0xfe540109, 0x014cfe4b, 
    0xfea00c6f, 0xfafea099, 0xd29f5a9b, 0xf2fe9a77, 0xb38274cc, 0xcc000339, 0x9a090000, 0x0400d205, 0x15000900, 0x39403c00, 0x12131415, 0x820f1011, 
    0x090b27be, 0x03020d01, 0x67504c01, 0x0708231a, 0x3a820506, 0x05120426, 0x212b1706, 0x2209fe46, 0x54010107, 0x44080756, 0x98fd3403, 0x6e056003, 
    0x04f2faf8, 0x79fbbf88, 0x790561fd, 0xfef1fe81, 0x7a015e86, 0x0181f2fe, 0x5b7b010f, 0xe80288fe, 0x2efaea02, 0xfd8604a6, 0x71befebc, 0xbcfe4401, 
    0x01430171, 0xbcfe7143, 0xfe714401, 0x238282bd, 0x5e000300, 0x2c20ab82, 0x0721ab96, 0x21ab9f03, 0xab850809, 0x22071351, 0x83250101, 0x541320b1, 
    0x5e330aff, 0x026e05f6, 0xfba0fc6a, 0x02890451, 0xfb1ffe9f, 0x875de079, 0x5c7a35a5, 0x0e0188fe, 0x05f0fe81, 0xfd16fdd2, 0x4202a618, 0x09fc4402, 
    0x0122aa82, 0xa5867142, 0x71bdfe24, 0xa7824501, 0x00005824, 0xa7823208, 0x07000328, 0x3a001300, 0x51413740, 0x090a2208, 0x1e51410b, 0xb9510720, 
    0x02092113, 0x2008a488, 0xe406f658, 0x05ddf9f6, 0x68fac098, 0xf1fe6903, 0x015b85fe, 0x81f2fe78, 0x7a011001, 0x0186fe5d, 0x06d9510e, 0x4109fc21, 
    0xbb310a44, 0xfe714501, 0x00bdfebd, 0x00520002, 0x058206df, 0x2d0982e8, 0x402f0006, 0x0001012c, 0x0001034a, 0x935e0001, 0x01042c0b, 0x4f020102, 
    0x00000303, 0x83030603, 0x0223088f, 0x06050200, 0x09132b16, 0x03211302, 0x026e03a4, 0x30d0f970, 0x0230d605, 0xfd0003e8, 0x01f7fd00, 0x82defe22, 
    0x00da2443, 0x82b407d7, 0x000a25f7, 0x0229402c, 0x01255582, 0x02000301, 0x06e0594c, 0xe0596720, 0x1111280f, 0x06041311, 0x82252b1a, 0x21290826, 
    0x21372113, 0x46022103, 0xfe0194fe, 0x61f7033b, 0x021b5cfe, 0x65fb9848, 0x01b501d7, 0x029cfeb5, 0x69fca550, 0x00010000, 0x206382d9, 0x246382b3, 
    0x40280008, 0x82638525, 0x004c219d, 0x85276d82, 0x02020000, 0x82005700, 0x005f2506, 0x4f020002, 0x03225f82, 0x5f861906, 0x5d823320, 0x5d864520, 
    0x8aa47c21, 0x82f52059, 0x00012258, 0x205782ce, 0x2557872d, 0x01020107, 0x4d820108, 0x02215782, 0x05b44301, 0x820ab25d, 0x225784b8, 0x82132113, 
    0x01133955, 0xfb3b2d05, 0x7ca29966, 0x013bf603, 0x6401d76f, 0x0bfd9703, 0x4bfe6401, 0x0129af82, 0x07000023, 0x00000682, 0x21af8308, 0xba440101, 
    0x20618208, 0x08af9686, 0x03020921, 0x13230321, 0xfe910221, 0x3bfe0192, 0xa2c69c04, 0x0209fca9, 0x01b40197, 0xfb9dfeb5, 0x82fa0363, 0x826f20ed, 
    0x87772057, 0x21ab8357, 0xb5824c01, 0x19824a20, 0x5e860121, 0xaf860f62, 0x84130121, 0x2baf8256, 0x09fc3a79, 0x04c4a4a9, 0x6f013a9b, 0x63265782, 
    0x9d0406fc, 0xb0826301, 0x4b010130, 0xca05e8ff, 0x0a00d205, 0x1d402000, 0xb5610103, 0x11132313, 0x49651111, 0x13212605, 0x07213721, 0x38ae8223, 
    0x0193fece, 0xf0fc9763, 0x1bb6031b, 0x62019801, 0x03b50118, 0xfca2a293, 0x29e3826d, 0x33019200, 0x9d048f07, 0x55820600, 0x31403422, 0x23050d66, 
    0x4a020102, 0x0226a882, 0x03010485, 0xa1620301, 0x07260810, 0x070a0707, 0x1311120a, 0x2b190605, 0x21030209, 0x13012107, 0x7d030333, 0xfe0192fe, 
    0x1bbc033a, 0xdafc44fc, 0x5a82a490, 0x01b5012d, 0xa49efeb5, 0x68039efe, 0x830098fc, 0x01cc246f, 0x89ca0733, 0x8206206f, 0x4c0122c5, 0x206f8405, 
    0x206f8401, 0x216f8200, 0x8e180001, 0x6f850cb1, 0x11111422, 0x01206f83, 0x133fd783, 0x33131301, 0x3a4f0403, 0x031b43fc, 0x6f013abd, 0x90a38f4b, 
    0x64013301, 0xfe6201a4, 0x864dfe4b, 0x01003b6e, 0x00000601, 0x0e068004, 0x44001600, 0x01014140, 0x0a0b4a00, 0x00010002, 0x8d180085, 0x67270cdf, 
    0x04030107, 0x82570304, 0x04032506, 0x0401065f, 0xae825b82, 0x16001623, 0x20768215, 0x23008411, 0x1f060c12, 0x2125ed82, 0x23073303, 0x26038207, 
    0x23132303, 0x82373337, 0x01133f03, 0x01fd0117, 0x2d9dfe6c, 0x1cf819f8, 0x3cf61bf8, 0x19f73ca5, 0x17f71df8, 0x59042df9, 0x9182b501, 0xad98ef27, 
    0x0195fe98, 0x2206826b, 0x82001101, 0xff9e2c80, 0x051804d2, 0x001600e0, 0x8338403b, 0x0a85228c, 0x20168201, 0x827b8286, 0x04022a84, 0x01086803, 
    0x02010102, 0x23068257, 0x095f0102, 0x01210a82, 0x5bce184f, 0x820b200c, 0x0105228e, 0x20848821, 0x30988833, 0xfe0a0221, 0x2d620194, 0x1df71bf9, 
    0x3cf919f8, 0x2a8d84a4, 0x2df81bfa, 0x012e6301, 0x831101b5, 0xfe6b2285, 0x21068295, 0x7482effe, 0x72fd1229, 0x60084a0b, 0x57001700, 0x3a080eff, 
    0x17000b0d, 0x06031701, 0x22012b16, 0x02020024, 0x00123637, 0x32332424, 0x12120004, 0x00020607, 0xd0040404, 0xfe72fee8, 0x2649cacb, 0x3801d126, 
    0xb8018601, 0x8f01e9e6, 0x82c93501, 0xfed02910, 0xfe7afec7, 0x8d72fd48, 0x603ac982, 0xe7eaa701, 0x5b01a101, 0xfe8e8cff, 0xfea0fefd, 0xfee6ea5a, 
    0xffa4fe60, 0x0082008c, 0x89000221, 0x562d2083, 0x69260ae7, 0x00020105, 0x99180200, 0x19290cff, 0x24000118, 0x192d1822, 0x219e852d, 0x9e990b06, 
    0x24322733, 0x37120024, 0x24000236, 0x04042223, 0x06070200, 0xa1b58212, 0xcde73fb4, 0x5d018a01, 0x22bc1901, 0xebfe732a, 0xcefb69fe, 0xa2fe76fe, 
    0x21bbe7fe, 0x15017328, 0xd49f9601, 0xe57eab3b, 0x74013701, 0xb901fecd, 0x7fba4c01, 0xfec6fee6, 0xfefccf89, 0xb9b6fe4c, 0x2c008200, 0xfd95ff02, 
    0x08ca0ba2, 0x000d002e, 0x1ed7571d, 0x010e102f, 0x0e151800, 0x081d101d, 0x010d0005, 0x2aef830c, 0x37262213, 0x21333601, 0x57010732, 0x012007d6, 
    0x08067756, 0x16060145, 0x146c7a7b, 0xfb296c01, 0x29f99808, 0x941494fe, 0x086bf77a, 0x042019c9, 0x18047601, 0x1939f71a, 0x8afe0422, 0xa2fd1904, 
    0x96087b81, 0x6af7fafa, 0x20ad827a, 0x17c80816, 0xf7171f1f, 0x00201638, 0x41ffff00, 0x0223078f, 0x834c0706, 0x82af870f, 0x8c4d200f, 0x8326201f, 
    0x0700251f, 0xda020200, 0x41221794, 0x1794f602, 0x82024922, 0x54221794, 0x1794b002, 0x2b035f22, 0x89221794, 0x17943603, 0x96028d22, 0xa1221794, 
    0x17949b02, 0x8104c522, 0x01231793, 0x942c030a, 0x020f2217, 0x221794f3, 0x944f0319, 0x01242217, 0x221794fe, 0x948c022c, 0x02412217, 0x22179483, 
    0x91060377, 0x07013017, 0x7f027e01, 0x08003c00, 0xb00202b1, 0x4135b03c, 0x0123142b, 0x91010380, 0x0700253b, 0x02038d01, 0x9b211794, 0x22b39502, 
    0x949902a8, 0x42c8202f, 0x01231503, 0x94c201cb, 0x02d2222f, 0x221794df, 0x94e602d8, 0x03f02217, 0x2317930f, 0x09031e05, 0x1f221794, 0x1794bb03, 
    0x23032022, 0x22221794, 0x17940303, 0x73022321, 0xa34405df, 0x42022006, 0x052306f3, 0x940e0324, 0x0326222f, 0x20179414, 0x151b4227, 0x03280523, 
    0x202f9417, 0x20479629, 0x1607412a, 0xcb032b22, 0x2c224794, 0x1794f902, 0xd6022d22, 0x2e221794, 0x17943d03, 0x17962f20, 0x5f047422, 0x78222f94, 
    0x17948803, 0xaf418e20, 0x07012e13, 0xca039405, 0x08006b00, 0xb00102b1, 0x14c3426b, 0xcd242382, 0xa3000703, 0xa3202385, 0xce222397, 0x23a00803, 
    0x4787d120, 0x98b00221, 0xa2d32047, 0x8fd42047, 0x0300218f, 0x300dcb46, 0x36403900, 0x032f3031, 0x4c010302, 0x03000100, 0xd5a01802, 0x41d54615, 
    0x01271323, 0x228e4717, 0x241fd946, 0x52047913, 0x3ade4679, 0x7b680225, 0x417b4d04, 0x012711f7, 0x03d50507, 0x41a80008, 0xa82005bb, 0x2017bb41, 
    0x074f41d6, 0x97410320, 0x07002516, 0x3902fb06, 0x17825f91, 0x1796fc20, 0x4602fd21, 0x01271223, 0x01e90607, 0x855d00e9, 0x965d208f, 0xee06238f, 
    0x239fb301, 0x02130725, 0x85380013, 0x96382047, 0x14072147, 0x3b202382, 0x3b202385, 0x53472386, 0x07262a08, 0x0000004d, 0x02020007, 0x0c6b47d1, 
    0x41221787, 0x1794ed02, 0x79024922, 0x54221794, 0x1794a702, 0x22035f22, 0x89221794, 0x17942d03, 0x8d028d22, 0x97221794, 0x17948602, 0x9202a122, 
    0xc5221794, 0x17937804, 0x030a0123, 0x2217945b, 0x94ea020f, 0x03192217, 0x22179446, 0x94f50124, 0x022c2217, 0x22179483, 0x947a0241, 0x02772217, 
    0x251791fd, 0x7e010701, 0x5b477602, 0x0fbb410f, 0x02800123, 0x233b91f8, 0x8d010700, 0x90057b45, 0x029b212f, 0xa822b395, 0x47949002, 0x1b42c820, 
    0xcb012315, 0x2f94b901, 0xdb45d220, 0x22779005, 0x94dd02d8, 0x03f0222f, 0x23179306, 0x00031e05, 0x1f221794, 0x1794b203, 0x1a032022, 0x22221794, 
    0x1794fa02, 0xd5022322, 0x24221794, 0x17940503, 0x0b032622, 0x27201794, 0x23151b42, 0x0d032805, 0x29202f94, 0x2a204796, 0x22160741, 0x94c4032b, 
    0x022c2247, 0x221794ef, 0x94e8022d, 0x032e2217, 0x22179432, 0x9433032f, 0x04742217, 0x22179456, 0x947f0378, 0x418e2017, 0x012513af, 0x03940507, 
    0x0f5b47c1, 0x820d1b42, 0x02cd2223, 0x0f3747fe, 0xce222390, 0x23a0ff02, 0x4787d120, 0x90095b47, 0xa2d32047, 0x8fd42047, 0x0300218f, 0x270c374d, 
    0x40390021, 0x1f202136, 0x650b5b47, 0x414d1319, 0x27012331, 0x454d1701, 0x7b032525, 0x79520479, 0x27184b4d, 0x047b3602, 0xffff7b4d, 0xd520ff90, 
    0x0b47ff82, 0x2023900e, 0x47ff87d6, 0x238d090b, 0x06070025, 0x423002fb, 0x06211307, 0x211796fc, 0xeb4502fd, 0x07012512, 0xdf01e906, 0x8d0fe746, 
    0x2223826b, 0x9fa901ee, 0x13072523, 0x36000902, 0x2005e746, 0x14e74636, 0x07070126, 0x000a0214, 0x330e0b47, 0x7efd8b00, 0xe605ba05, 0x8d002602, 
    0x07000000, 0xf601da07, 0x0021d783, 0x20178871, 0x20178c97, 0x26178257, 0x02d205c0, 0x860f0126, 0x84b12017, 0x2117822f, 0x1784e303, 0x17861920, 
    0x17875c20, 0x84ed0521, 0x862c2017, 0x88f52017, 0x84122017, 0x86802017, 0x05374e17, 0x5f824b20, 0x8f830320, 0x8f870120, 0x24051f4e, 0x047efd41, 
    0x212f8381, 0x2f86b802, 0x47833620, 0xfdd4ff25, 0x84ec017e, 0x82c12017, 0x07062317, 0x0682e8da, 0x00ffff23, 0x84178215, 0xd0022177, 0x29201785, 
    0x47831785, 0x6c045826, 0xe6022602, 0x4e204786, 0xd5224784, 0x6c197efd, 0x002009cf, 0xe9204782, 0x3d202f85, 0xed201782, 0x03212f83, 0x4d2f8648, 
    0xef82050b, 0x05b30227, 0x03260268, 0x8217825a, 0x856b202f, 0xfd38242f, 0x8494027e, 0x856a2017, 0x824c2017, 0x01002306, 0x8f82ecff, 0x71ff1928, 
    0x39001100, 0x51180a40, 0x4b2b0967, 0x58501cb0, 0x01000b40, 0x82610001, 0x005b2728, 0x10401b4e, 0x85180100, 0x08820870, 0x5951002a, 0x022524b4, 
    0x132b180b, 0x10835118, 0x1b072008, 0x19155749, 0x08362e1f, 0x3e3a5008, 0x93160d3c, 0x24527efd, 0x411c5356, 0x5b463435, 0x83a18050, 0x2c002fdb, 
    0x7b01cffe, 0x0701fa00, 0x2cffe107, 0x2f7e18fb, 0x18fb2405, 0x852b35b0, 0x251f82b3, 0x29040b02, 0x1f852700, 0x0507012d, 0x03a100bf, 0xb1120029, 
    0x84b80100, 0x01b12527, 0x2903b801, 0x02313085, 0xd5fe2100, 0x2304d801, 0x1f001300, 0x0a408900, 0x28bc820e, 0x01134c01, 0xb04b4901, 0x29cd820a, 
    0x04030014, 0x03000201, 0x5e826902, 0x82610121, 0x015726db, 0xb04b1b4e, 0x201b940c, 0x201b845d, 0x831b940d, 0x91402037, 0x3532824e, 0x40595959, 
    0x1b14150d, 0x151f1419, 0x0525241f, 0x132b180b, 0x73182626, 0x23270871, 0x15062722, 0x18171614, 0x080bb17d, 0x6958e237, 0x48620e17, 0x0a0b423e, 
    0x13213057, 0x113e4302, 0x0a0a3f3a, 0x4536385a, 0xfe5a0a0b, 0x8eb22cd5, 0x3d4c6857, 0x181c453d, 0x24554c03, 0x3652e603, 0x3a4e4e36, 0x05575035, 
    0xd203f72a, 0xfd05f903, 0xe0072600, 0x0730d582, 0xb301e007, 0xffff0000, 0xb7030201, 0xe2050404, 0xe12d1782, 0x07000002, 0xb501e107, 0x01000000, 
    0x212f8200, 0x2f824602, 0x2200112a, 0x01041f40, 0x4c010001, 0x4a200482, 0x01221a82, 0x17415900, 0x01002206, 0x05d84151, 0x0617012d, 0x33360706, 
    0x06071632, 0x83222306, 0x022b08c6, 0x60521e28, 0x33231c18, 0x5909093c, 0x0f434540, 0xfd05a318, 0x5c5f285c, 0x3a3b481f, 0x8f59654e, 0x010100b2, 
    0x02b70300, 0x18e2054f, 0x8210bb53, 0x82612064, 0x185c201e, 0x2007bb53, 0x10374201, 0x901e0121, 0xb703215e, 0x49265e84, 0x654d3b3a, 0xdc828e59, 
    0x06010122, 0x53205f82, 0x13245f82, 0x1a401d00, 0x4209e541, 0x5c2207ac, 0xbe864e01, 0x08127941, 0x58c70126, 0x630e1769, 0x093e4047, 0x21355309, 
    0x3e430213, 0xb12cb703, 0x4d67588f, 0x1d4c3939, 0x554c0319, 0x02000024, 0x04216383, 0x3263840d, 0x40230027, 0x020e2220, 0x4c010001, 0x01021327, 
    0x82010349, 0x826120e2, 0x8300200f, 0x242c2769, 0x1a0b0425, 0x6b92012b, 0x13920520, 0x90810321, 0x09fe217f, 0x92901290, 0xa2905c20, 0x00ffff27, 
    0x01cffe30, 0x063f437f, 0x3f433020, 0xfe323412, 0x003403cf, 0x072700fa, 0xfb32ffe1, 0x07070118, 0x82e500e1, 0x0d3f4327, 0x7043fb20, 0xff300805, 
    0xfed7ffff, 0x07f40454, 0x0026028a, 0x00000002, 0x016f0a27, 0x0174017b, 0x00be0807, 0x0046f9ac, 0x0102b112, 0xb07401b8, 0x03b12b35, 0x46f9b801, 
    0x33920882, 0x58016d22, 0x002533a1, 0x07f40400, 0x82678546, 0x00bd295f, 0x007401a3, 0x0202b109, 0x00205f85, 0x23825783, 0x6908f922, 0xd5222388, 
    0x2385a800, 0x238d0320, 0xbe22478b, 0x23850702, 0x4784a786, 0x0521d383, 0x854788d2, 0x866b82cb, 0x212382c2, 0x6b825700, 0x8f84f820, 0x00004123, 
    0x21ef8201, 0x4784c801, 0xef84e682, 0x47822384, 0x4784f820, 0x00232386, 0x8246f975, 0x070a41b3, 0x8b242383, 0xb405ecff, 0x49204784, 0x02214785, 
    0x20478454, 0x838f8901, 0x9205216b, 0x54202384, 0x01212385, 0x25b38fb0, 0x54fe5700, 0x6b849205, 0x00212386, 0x206b845e, 0x82b38b02, 0x07da228f, 
    0x28d7828a, 0x0000005f, 0x016d0a27, 0x06774115, 0x2b826920, 0x87b11221, 0x87b12073, 0xffff2134, 0xda20e784, 0x33827b84, 0x08070125, 0x846000bd, 
    0x4101207b, 0x23900977, 0xc401be22, 0x7b83c391, 0x47859f84, 0x1900be21, 0x84108b63, 0x84d32047, 0x8689206b, 0x90bc20e7, 0xff8b2447, 0x84ba05ec, 
    0x858d2023, 0x4e022123, 0x57242390, 0xd8050000, 0xa1202384, 0xbd222384, 0xb393d900, 0xbe22238c, 0x47913d02, 0x0554fe23, 0x85b384d8, 0x00be2447, 
    0x1946f9e2, 0x820e376f, 0x2003216b, 0xc5206b84, 0xfe216b85, 0x266b93f4, 0xd7083a03, 0x85002602, 0xfecf2223, 0x422385f9, 0xfb830997, 0x8a4d0221, 
    0x00be2247, 0x248f9058, 0x0254fe0d, 0x858f840c, 0xfebe2247, 0x828f91fd, 0x08d348b3, 0x08070125, 0x93aa00be, 0x09df4823, 0x55202384, 0x07292395, 
    0x01260247, 0x00000019, 0x82478227, 0x07012523, 0x68ffce06, 0x12229782, 0x574201b1, 0x08e04306, 0x21052b42, 0xc3832007, 0x00240124, 0x7b820100, 
    0x90de0221, 0xfe5724c3, 0x83200754, 0x212387c3, 0x7b918301, 0x05000023, 0x204784ed, 0x2047862c, 0x49479349, 0xc384098b, 0x4790ee20, 0x54fe8b26, 
    0x8a07d005, 0x4120c382, 0x0a23c383, 0x42a6016d, 0xfa2006ef, 0x23179b44, 0xecff8b00, 0x46203382, 0x57823385, 0xf100bd22, 0x850f6744, 0x69082123, 
    0xd5222388, 0x6744f600, 0x2247900f, 0x435502be, 0x9f8410b3, 0x090f4518, 0x00be0822, 0x67449783, 0x2323820d, 0xa2065a06, 0x45206b82, 0x93050b41, 
    0x21b38323, 0x8f888b08, 0x4301d921, 0x02200513, 0x220d5f42, 0x83071005, 0x857720d7, 0xd1012147, 0x57248f90, 0x12050000, 0x80202384, 0xd0202386, 
    0xfe222391, 0xeb4a0554, 0x07012108, 0x8f20b382, 0x82136744, 0x82472047, 0x2147828f, 0x23852700, 0x06070125, 0x82e000ce, 0x4412204f, 0xb120085e, 
    0x27072c45, 0x4b00ffff, 0x0305e6ff, 0xd743c384, 0x01cd2205, 0x1047432f, 0x9f842384, 0xbe222385, 0x1742d401, 0x824b2010, 0x08734b9f, 0x7a209f84, 
    0x84101742, 0x84478723, 0x8323829f, 0x424f842b, 0xe22415db, 0x64050000, 0x9b203384, 0x20061b41, 0x207b90dd, 0x227b82e2, 0x82d20564, 0x212386f7, 
    0x7b908200, 0xe8ff9324, 0x4784d905, 0x4784a820, 0xdb00bd22, 0x2384e790, 0x82d70821, 0x22238547, 0x44e000cf, 0x9320102f, 0xd9206b82, 0x23856b84, 
    0x7fffbd22, 0x02206b85, 0x23056647, 0x00ffff00, 0xd120478f, 0x8f834793, 0xd3206b8a, 0x69202398, 0xd5208f88, 0x8f8e2393, 0xe400be22, 0xfe25fb91, 
    0x06b20654, 0x204782a2, 0x94fb84a9, 0x208f8423, 0x226b886f, 0x905001d8, 0x82ce20fb, 0x84eb206b, 0x86c820fb, 0x90ac2047, 0x00ce266b, 0x07480800, 
    0x20478246, 0x222384cb, 0x41d201bd, 0x238f1067, 0x3603be22, 0x8210d341, 0xd3df196b, 0xbe08230b, 0x6b8fdb01, 0x00dcff23, 0x05934600, 0x85d20121, 
    0x9b00216b, 0x23906b8f, 0xff01be22, 0x47826b91, 0xb384d420, 0x4786d820, 0x478f9820, 0xb3820020, 0x238b0520, 0xfc01be22, 0xfe254791, 0x05d40554, 
    0x85fb82d2, 0x00be2247, 0x21b38fa1, 0x6b822600, 0x6b842220, 0x6b84f020, 0xcb01be22, 0x26204790, 0x22204782, 0x23864784, 0x906a0021, 0x47712047, 
    0x9720088f, 0x25178f47, 0x0000ffff, 0x6b83d103, 0x84ea0021, 0xffbd2223, 0x84d78fa5, 0x08eb2423, 0x862602d7, 0xffcf2223, 0x0ff741aa, 0xc5202384, 
    0xbe22478a, 0xb38f0901, 0xfeffff25, 0x83c50354, 0x224786b3, 0x90aeffbe, 0xfe4b32b3, 0x06a70454, 0x01260216, 0x000000fb, 0x006f0a27, 0x229784ef, 
    0x495700be, 0x2b8f109f, 0xcc006d22, 0xff232b99, 0x83a704e8, 0x2357847b, 0x17bd0806, 0xb5825e82, 0x17834b20, 0x86f50621, 0x0806236f, 0x178a1cd5, 
    0x07292f88, 0x7b01be08, 0xffff0000, 0x21738400, 0x2f856c04, 0x17820120, 0x96499786, 0x20238307, 0x26538241, 0x028c0688, 0x85230226, 0xc501238f, 
    0x3351ba00, 0xb0ba2305, 0x47842b35, 0xe7824120, 0x5f838820, 0x00212387, 0x10ab4588, 0x47825e20, 0x23845320, 0x00203382, 0x01216b82, 0x833b846d, 
    0x84e32017, 0x8636205f, 0x906c205f, 0x825e205f, 0x84e3205f, 0x2123863b, 0x5f913500, 0x24222382, 0xa7821606, 0xf4824720, 0x6d0a2724, 0x4f85bd00, 
    0x41500021, 0x7383106b, 0x4f843420, 0x06232b83, 0x8208bd08, 0xffff2232, 0x20178300, 0x83178824, 0x006c23a3, 0x1782ff00, 0x04215b83, 0x205b8576, 
    0x86178201, 0x0a274153, 0xfe53ff27, 0x077e0340, 0x20238281, 0x23778568, 0xaf012901, 0x2405c349, 0x35b0af01, 0x2247832b, 0x4146fe19, 0x022905b7, 
    0x00000073, 0x01be0807, 0x265f8465, 0x04000041, 0x82460759, 0x847f203b, 0xfebd213b, 0x8f11474a, 0x00be2123, 0x2011474a, 0x20a78241, 0x85bf8459, 
    0x00be2247, 0x10934247, 0x61824220, 0x2384f620, 0x83829320, 0x83820620, 0xff270682, 0x004000ff, 0x88c90200, 0x08072417, 0x849dfebd, 0x2217839b, 
    0x826307e3, 0x242f839b, 0xfecf0807, 0x241783a2, 0x54fef4ff, 0x20478901, 0x20478326, 0x20d18201, 0x058d45fe, 0x84081941, 0xfe62222b, 0x242b8b4c, 
    0x0099760a, 0x27798400, 0x45ffffff, 0xf5015efe, 0xa8207784, 0x15828882, 0x00200582, 0x46271782, 0x55025efe, 0x1900d205, 0x840ed3a9, 0xb10927af, 
    0xffb80101, 0x8b51b0a1, 0x52f78307, 0x858308e7, 0x60190020, 0xff270e8f, 0x004100ff, 0x84240300, 0x00c12a4f, 0x08070100, 0x02be01a8, 0x059f4175, 
    0x41750221, 0xff21059f, 0x53d382f1, 0xcd840817, 0x3f41e120, 0x2623830f, 0x4707e602, 0x82022602, 0x27002447, 0x82febe08, 0x07012523, 0x4dffce06, 
    0x8218af4a, 0x9906217b, 0xdf27e384, 0x07000000, 0x5e02be08, 0xb782056b, 0x04990623, 0x824b8272, 0x206f8317, 0x11f74401, 0x04213b82, 0x203b8458, 
    0x0d3342e6, 0x0454fe22, 0x84089353, 0x11eb41f3, 0x23825e20, 0x16066d22, 0xf7205f82, 0x20061343, 0x22fb84be, 0x434f00be, 0x6d201413, 0x2b836784, 
    0xbd080623, 0x09134309, 0xf5066d22, 0x06234386, 0x8a0ed508, 0x432f8817, 0x73830acf, 0x856c0421, 0x8597842f, 0x0811426b, 0x23054f43, 0x2e050105, 
    0xfb202382, 0x238c8f8c, 0x04e8ff25, 0x8817076f, 0x66d92177, 0xff257784, 0x045efefc, 0x21778388, 0x0f412c03, 0x00a02a06, 0x00ffff00, 0x03000042, 
    0x20178434, 0x21178535, 0x1783b300, 0xfef2ff23, 0x09a35454, 0xa7820120, 0x5b4dfe20, 0x25238410, 0x02d3055c, 0x3b830326, 0xbe082722, 0x01252383, 
    0xc3ce0606, 0x0b854d00, 0x00214f83, 0x2297823d, 0x8222070d, 0x8448202b, 0x01cc2167, 0x83056b55, 0x83092017, 0x05f354af, 0x00cd0822, 0x03211788, 
    0x859784ed, 0x01be222f, 0x82478526, 0x08235597, 0x00219783, 0x0f6b4208, 0x833d0021, 0x823b8823, 0x83238397, 0x4e43832b, 0x58260e1f, 0x1303f2ff, 
    0x9782dc06, 0x00005a2a, 0xbd080701, 0x0a01e7fe, 0x02232383, 0x420a01b8, 0x002005df, 0x02212382, 0x22238ab3, 0x854b00be, 0x8a012023, 0x54fe2123, 
    0x8209a355, 0xffbe2247, 0x24979064, 0x04f2ff63, 0x2797847a, 0x00000074, 0x01bd0806, 0xff220682, 0x178400ff, 0x82630721, 0x21178583, 0x178606cf, 
    0x0454fe25, 0x855e047a, 0x449b8417, 0x01200525, 0x830a434a, 0x8a83203b, 0x87d1203b, 0x8a6b833b, 0x8bd32017, 0xf5062117, 0xd5206b88, 0xbe226b96, 
    0xbf914900, 0x0554fe25, 0x82560551, 0x06a34c3b, 0x77832393, 0x88fb0621, 0x76d8215f, 0x9320cb85, 0xa620cb82, 0xb528cb84, 0x07010000, 0x2a00be08, 
    0xa3265f90, 0xa3060000, 0x3b82d205, 0x3482b920, 0xbd080729, 0x0000ea00, 0x8f00ffff, 0x02be2217, 0x2317854e, 0xa30654fe, 0x2f825384, 0x01215383, 
    0x25538f31, 0x0000e4ff, 0x53846704, 0x5382c220, 0xbd080623, 0x210682d2, 0x178effff, 0x01218f82, 0x25538336, 0x56feedff, 0x2f84a604, 0x2f85c720, 
    0x2f85e320, 0x2f83178d, 0x2f864720, 0x85045421, 0x842f82d7, 0x8f432083, 0x21002183, 0x35208382, 0xc7445384, 0x32012106, 0x2124bf84, 0x350454fe, 
    0xc744bf84, 0x0f002106, 0xff253b8f, 0x0154fef4, 0x212383af, 0x37419302, 0x4bfe2005, 0xfe2b10b7, 0x0340fef8, 0x02810723, 0x85690226, 0xce002123, 
    0x2a104347, 0x03f8ff57, 0x00d20525, 0x84d00226, 0x01a82223, 0x0fc745bf, 0x82320021, 0x83ed206b, 0x222386a7, 0x8f22ffbe, 0x2423838f, 0x4707e702, 
    0x22478402, 0x84082700, 0x07012523, 0x4effce06, 0x2a18c745, 0x02f2ff59, 0x02dc06f4, 0x846a0326, 0xfebd227b, 0x106343c8, 0x94202383, 0xbe22238a, 
    0x63432c00, 0xfe552210, 0x09ef5854, 0x82070121, 0x9045207b, 0xff64249f, 0x837904ec, 0x950321c3, 0x840c6343, 0x63072117, 0x17858382, 0x26076343, 
    0x0454fe64, 0x855e0479, 0x22538217, 0x4de3febd, 0x3b8310a7, 0x85056343, 0x0763433b, 0x6343538f, 0x21178407, 0x6b88f506, 0x8f076343, 0x00be226b, 
    0x43bf9148, 0xa6210863, 0x05274300, 0xe3832392, 0x88fb0621, 0x0763435f, 0x00005723, 0x220b5404, 0x2a200f53, 0x05ecff70, 0x024607c2, 0x84320426, 
    0x00bd2283, 0x0f6351cf, 0x00dcff25, 0x84ea0700, 0x85112023, 0xb8012123, 0x210f334c, 0xa7825000, 0x2383ae20, 0x85220521, 0x5b002123, 0xb3822390, 
    0x20064b52, 0x20238638, 0x512390e7, 0x6f2009f3, 0xf3512386, 0x54032005, 0x5f200ae3, 0xa220b382, 0x2a208f84, 0xa9202386, 0xa5244790, 0x6d050000, 
    0x1a202384, 0x59202386, 0xd0202390, 0x80202382, 0x1e202384, 0xc7562386, 0x0e4f5505, 0x07f6062f, 0x04260046, 0x00000027, 0x04c50027, 0x212b85ea, 
    0x4f844701, 0x5b4d978a, 0x77002b23, 0x3d04e8ff, 0x2602d205, 0xb3426602, 0x44e72005, 0x062108a3, 0x21178391, 0x0f45cc04, 0x00e12a06, 0x00ffff00, 
    0x03f3ff23, 0x201784c8, 0x202f85ce, 0x058b4a9c, 0x00004222, 0x21055f46, 0xfb42cf04, 0x825e200c, 0x836d205f, 0x9e09212f, 0xa3481785, 0x82372006, 
    0x84442017, 0x85f32047, 0x85d12017, 0x21258247, 0x17845f04, 0x06238883, 0x88f5bd08, 0xa305235f, 0xf782d205, 0x1082ec20, 0x93022724, 0x9786f403, 
    0x97849020, 0x0000fc29, 0x46079805, 0x82042602, 0x07012560, 0x9200bd08, 0x22105f41, 0x4bf8ff40, 0x0421052f, 0x4b3b857c, 0xb743062f, 0x067a221b, 
    0x08eb42f7, 0x84b2b921, 0xf1ff258b, 0x1603f8ff, 0x47861783, 0x46feba21, 0x45200513, 0xfb225f82, 0x83821f07, 0xbc225f85, 0x9b843aff, 0x478b5f83, 
    0x4785ba20, 0x178f0020, 0x17845f86, 0x47837920, 0x84950321, 0x00bc22a7, 0x2647849e, 0x017603e9, 0x825e04f9, 0x00a824dd, 0x5c760393, 0x032105df, 
    0x05534b76, 0x00010029, 0x01000056, 0x18e80066, 0x26087f7b, 0x01025f01, 0x18570101, 0x290c43c5, 0x07333733, 0x26ea2656, 0x5a82e8e8, 0x29223382, 
    0x3384effe, 0x22000d2c, 0x00001f40, 0x00030104, 0x6e186503, 0x132117b7, 0xb76e1837, 0x06033f07, 0x10292306, 0x0a3d2e1c, 0xea267a06, 0x6083132b, 
    0x4f61effe, 0xfee8273a, 0x008171f9, 0x8b84ffff, 0x1f04ee25, 0x52082602, 0xa8240583, 0x37038800, 0x2105ff48, 0xdb483703, 0x857b8306, 0x00a92223, 
    0x91d58400, 0x21d38223, 0xd3820006, 0x00254784, 0x02a80827, 0x24b8824d, 0x04a80807, 0x2607829a, 0x00430002, 0x75140200, 0x2c23066f, 0x82042940, 
    0x5f0021f0, 0x56211982, 0x28c4824d, 0x01055f03, 0x03570303, 0xed82184e, 0x170b3d0f, 0x3313132b, 0x33370103, 0xcc9cac07, 0x26e4feb5, 0xdf0126ea, 
    0x0dfcf303, 0xe8e821fe, 0x002c5282, 0x040000ae, 0x00e60520, 0x0023001f, 0x0dd3d918, 0x03000424, 0x61827e04, 0x82610221, 0x4d5c3761, 0x05040400, 
    0x0501075f, 0x4e055705, 0x00002020, 0x23202320, 0x37822122, 0x12231e25, 0x180b082a, 0x831ed3d9, 0x01220881, 0x4e17026c, 0x6f484c72, 0x6579110e, 
    0xbe1da858, 0x76d2931a, 0x134caf82, 0x476b8614, 0x020f345b, 0x9e83e3fe, 0x890bc123, 0xc4d91895, 0x59683813, 0xe83ffe0b, 0x00ffffe8, 0x014c02b7, 
    0x013403c7, 0x00a80807, 0x424c0261, 0x0221051f, 0x061f424c, 0x3e00023b, 0xef01effe, 0x0d001f04, 0x26001100, 0x05002340, 0x05010400, 0x03006704, 
    0x25028200, 0x01010065, 0xd2825f02, 0x02573d08, 0x2311114e, 0x06201311, 0x012b1c0b, 0x37262223, 0x23073313, 0x33160607, 0x37231333, 0x1c130133, 
    0x2b135960, 0x067a26ea, 0x1c2e230a, 0xea27eaa5, 0x7181effe, 0x27e80701, 0xe7034f3a, 0x56208783, 0xb3204f82, 0x8208b341, 0x4d022f8d, 0xffff0000, 
    0xd9007a00, 0xf8041202, 0x9f822700, 0xd9002422, 0xac29a784, 0x11001004, 0xb00100b1, 0x25a682d9, 0xb80101b1, 0x234e1004, 0x00422408, 0x82520100, 
    0x08062347, 0x3f83eca8, 0xbf821520, 0xa9200f85, 0x1f830f84, 0xcf82da20, 0x1f832620, 0x74204d84, 0x83106342, 0x82238533, 0x20239633, 0x208b8266, 
    0x209786fe, 0x20978610, 0x26979a98, 0x02b3019e, 0x84d20536, 0x014822c7, 0x225584b3, 0x60ea04d0, 0x01210547, 0x20c887b3, 0x08c885ea, 0xa301032e, 
    0xc8040e05, 0x0300f706, 0x0b000700, 0x32403500, 0x01060000, 0x01000301, 0x07050867, 0x02030303, 0x0201045f, 0x4e035602, 0x04040808, 0x2507f67b, 
    0x07040704, 0x33820506, 0x0911032e, 0x012b170b, 0x05033313, 0x21073337, 0x032b0382, 0x97c15301, 0xc42125fe, 0x827c0121, 0xd1052704, 0xdafe2601, 
    0x0082c4c3, 0x00820020, 0x212a6f8f, 0x01001e40, 0x01020000, 0x66836700, 0x23051343, 0x114e0256, 0x10200083, 0x2605e441, 0x23013303, 0x82053337, 
    0x8b032b03, 0xfec1367d, 0xc421c4ce, 0x04821f02, 0x17205b84, 0xff215983, 0x23c787ff, 0xb9080602, 0x0b316784, 0xc1030e05, 0x14001f07, 0x1c001800, 
    0x45404800, 0x08d48305, 0x0103002e, 0x02040069, 0x0600020a, 0x0c690004, 0x07030b09, 0x085f0607, 0x56060601, 0x19194e07, 0x00011515, 0x1c191c19, 
    0x18151a1b, 0x16171815, 0x0d366018, 0x160b0d27, 0x2622012b, 0x32601826, 0x82012010, 0x823320f7, 0xff022103, 0x133a6018, 0xaa82fd20, 0x21e02126, 
    0x4b0621c4, 0x0a436018, 0x1341fe20, 0x84022008, 0x442c20bb, 0x24300627, 0x03052140, 0x01010304, 0x01025f00, 0x01560000, 0x87131f44, 0xa3012170, 
    0x5a835682, 0x410e0521, 0x01260561, 0x0e051001, 0x4b84f501, 0x16401923, 0x08714402, 0x830c6745, 0x1001213e, 0x36833a82, 0x87ffff21, 0x06023733, 
    0x0000be08, 0x2e01ffff, 0x28091805, 0x27000006, 0xd800a808, 0x07831805, 0x85260321, 0x74052907, 0x07011805, 0xc207a808, 0x24260f82, 0xb80100b1, 
    0x53421805, 0x20088506, 0x20118702, 0x85088603, 0xda06214f, 0x47834f91, 0x00214f83, 0x82479a1b, 0x1000278f, 0xba0558fe, 0x878340ff, 0xfebaff23, 
    0x23078358, 0x58fe0702, 0x04213f83, 0x840f8254, 0x58fe213f, 0x08858786, 0x08848782, 0x5f413f82, 0x08062208, 0x41df84bd, 0xef840723, 0x83030021, 
    0xd005231f, 0x0343d205, 0x402f3306, 0x0705082c, 0x01050603, 0x045f0001, 0x00000202, 0xfd420156, 0x06fd411c, 0x07823320, 0x41089041, 0xc4200994, 
    0x24053b69, 0x025dfe5e, 0x2a6382d4, 0xfeb10226, 0x08070000, 0x83df00be, 0x07a34c8b, 0x02260024, 0xd74ab667, 0x10a34c05, 0xfef3ff27, 0xffd80054, 
    0x20ef8218, 0x06854bbe, 0xc55c0020, 0x83002006, 0x47002043, 0x0223065b, 0x84a80806, 0x06d343df, 0xb9200f82, 0x86241f84, 0x0f0354fe, 0xc54b3f84, 
    0x4f002007, 0x40820729, 0x9f000228, 0x8c02d704, 0xff842207, 0xb04b5328, 0x40585017, 0xfd820415, 0x0086012a, 0x03010502, 0x67030200, 0x56282782, 
    0x401b4e00, 0x0300001e, 0x01211182, 0x211f8280, 0x19828401, 0x57020322, 0x2407cc46, 0x594f0302, 0xbc891840, 0x05ce4610, 0x37030137, 0xf49f0733, 
    0x58bafef9, 0x0421c421, 0xfe2901d7, 0xc48701d7, 0x305782c4, 0x04040102, 0x078803ec, 0x00080017, 0xb55d000c, 0x20798301, 0x2386854c, 0x00010016, 
    0x032c8582, 0x00040106, 0x05670403, 0x00000202, 0x1f208784, 0x04200a83, 0x01231582, 0x82010080, 0x04032688, 0x00570304, 0x08c07803, 0x1340592c, 
    0x00000909, 0x0c090c09, 0x58820a0b, 0x12120728, 0x2b180b07, 0x86821701, 0x03230132, 0x0733023f, 0xab73b701, 0xe7fe02b3, 0xe902beab, 0x062a9382, 
    0x09afaf00, 0x0b01f5fe, 0x96845309, 0x01ffff35, 0x03600642, 0x018b08c6, 0x00cd0807, 0x0074013e, 0x4b00b109, 0x002c0759, 0x01030000, 0x040e059e, 
    0x00630741, 0x23053b45, 0x00344037, 0x8526ae82, 0x02010106, 0x3d458501, 0x0841442d, 0xc9babe25, 0x434dfef0, 0x062806d5, 0xfe14014f, 0xc4bffeec, 
    0x2606e344, 0x048206dc, 0x82d7087f, 0x87cf208f, 0x6203208f, 0x8f880621, 0x8f827d20, 0x0c000828, 0x3f001000, 0x4a413c40, 0x02072205, 0x2a978302, 
    0x01030100, 0x08060985, 0x45040403, 0x042d0667, 0x090d0d4e, 0x0d000009, 0x0f100d10, 0x0b2b410e, 0x2b410a20, 0x0337210a, 0x2106e042, 0x3041ac02, 
    0x865d2008, 0x630721a1, 0x21073441, 0xa584abfd, 0xff000024, 0xa78301ff, 0xa784bb20, 0xa798d120, 0x37412720, 0x07734608, 0x7346a482, 0x3303222b, 
    0x08354113, 0xc993b825, 0x4153fe5d, 0x8f881335, 0x8f846520, 0x8f98d320, 0xf5065122, 0x22090347, 0x46010106, 0xc5410594, 0x2107212a, 0x26082841, 
    0xfd185104, 0x878918d6, 0x80f5248f, 0x4119fe80, 0x8f260bc3, 0x07016908, 0x8b91d508, 0x01ffff29, 0x049d0690, 0x826f082b, 0x91d8201f, 0x0300291f, 
    0x29055201, 0xfb06ed03, 0x5e2aab86, 0x5025b04b, 0x04184058, 0xaa840201, 0xaa430120, 0x5f012105, 0x0126c182, 0x1b4e0056, 0x1a8b1e40, 0x0121d784, 
    0x2a068257, 0x005f0001, 0x4f000100, 0x471a4059, 0xd4821bd8, 0xfd412720, 0x94032106, 0x0620d483, 0x0524d486, 0x808e8eb7, 0x9382d384, 0x06055b26, 
    0x17070904, 0x2e066b47, 0x08444047, 0x090c0601, 0x0307030b, 0x47670706, 0x042d056e, 0x01006500, 0x05610301, 0x56030301, 0x416a4701, 0x47010321, 
    0xfe21136a, 0x209e8737, 0x0a6a4706, 0x834d0121, 0xffff22a8, 0x2ba78601, 0xd9080602, 0xffff0000, 0x9afd8b00, 0x230b776b, 0xf101ea08, 0x71201784, 
    0x97241788, 0x07000000, 0x57201788, 0xa3621782, 0x20178408, 0x822f84ac, 0x09976217, 0x57201784, 0xeb611787, 0x20178409, 0x601788f0, 0x1784088b, 
    0x17849120, 0x5f824b20, 0x84080360, 0x847c2017, 0xfd412217, 0x0b776b9a, 0x31208f82, 0xff231783, 0x6b9afdc2, 0x08210b77, 0x059353ea, 0x82030021, 
    0x08af5217, 0x08060024, 0xc68224ea, 0x00ffff22, 0xe3574783, 0x205f8408, 0x22478449, 0x569afdc3, 0x2f8309d3, 0x2f85e420, 0x17823d20, 0x84085356, 
    0x830a202f, 0x4500232f, 0xd3559afd, 0x572f8309, 0x0021054b, 0x6b178226, 0x08220a77, 0x478247ea, 0x01002208, 0x9afddfff, 0x61fffc00, 0x68000d00, 
    0x5010b04b, 0x00194058, 0x00010002, 0x00670102, 0x00030300, 0x2b258259, 0x01046103, 0x51030003, 0x15b04b1b, 0x13202082, 0x230fed4d, 0x1b4e015b, 
    0x5923369a, 0x180c4059, 0x200cc57c, 0x080d4e03, 0x06072508, 0x0e212306, 0x0937291a, 0xd2236e05, 0x57761126, 0x46589afd, 0xedd12335, 0xffff7466, 
    0xeffe0100, 0xe8003e01, 0xa922c582, 0x0f8500d8, 0x82090321, 0x0826210f, 0xf3820f82, 0xa301a922, 0xcf2af384, 0xd703d903, 0x2600d205, 0x6882ef08, 
    0xef080724, 0x1784cb01, 0x1782d120, 0x1782d920, 0xa908272c, 0xea04a800, 0xa9080701, 0x6f4b7302, 0xea042107, 0x210e6f4b, 0x47820001, 0x820c0221, 
    0x05d34e2f, 0x02000125, 0x87630201, 0x560323ff, 0xc58c4e00, 0x2307012f, 0x07070622, 0x13230733, 0x02333636, 0x0cd44e0c, 0x61d2052d, 0xe8273b4e, 
    0x81710701, 0x8200ffff, 0x0e022387, 0x7f83d205, 0x00258783, 0x0100b109, 0x827f84b8, 0x01002551, 0xd903e500, 0x00231f83, 0x6c3b000d, 0x152005ef, 
    0x2107484f, 0x7f844d56, 0x0303002a, 0x1b4e0059, 0x03001240, 0x3205724d, 0x5f010202, 0x56010100, 0xb6594e02, 0x20131123, 0x4d1a0b04, 0x01280e72, 
    0x59601cba, 0x27ea2c13, 0x21056e4d, 0x6a4dd903, 0x828f8207, 0xda03216f, 0x2622e782, 0x5e82f108, 0xf1080724, 0x0782cc01, 0x58000226, 0xe5040000, 
    0x172cff84, 0x2e403100, 0x05000200, 0x67050204, 0x1a4f6882, 0x04042407, 0x4f065f03, 0x0025051a, 0x10151700, 0x08b3820e, 0x11210c4e, 0x190b0711, 
    0x2113332b, 0x21032107, 0x0e071632, 0x21252302, 0x37363632, 0x21232636, 0x8b03f658, 0x4c34fd1c, 0xdcf47001, 0xf2951621, 0x01abfea1, 0x5f986470, 
    0x978a130c, 0xd20590fe, 0xe93bfea7, 0x70c782c4, 0x487f4fa5, 0x0000986c, 0x2105f365, 0x8782e70a, 0x54002622, 0x07249782, 0xc505f001, 0x2b241784, 
    0xad050000, 0x1b261785, 0x0b060000, 0x1e82e651, 0x4220a582, 0x25081782, 0x00b4052e, 0x0016000c, 0x22b04b56, 0x1e405850, 0x04000100, 0x67040105, 
    0x03020200, 0x0303005f, 0x01064d56, 0xc7840505, 0x4e005727, 0x001c401b, 0xc3651803, 0x8b288408, 0x595a081e, 0x0d0d0e40, 0x150d160d, 0x24111122, 
    0x1b0b0720, 0x2221212b, 0x24363726, 0x21132133, 0x13012137, 0x07062221, 0x33161606, 0xd4fd3d04, 0x2020dff0, 0x01f32f01, 0x50fd4454, 0xfe87031b, 
    0xaafe5756, 0x0b11a098, 0xf4647227, 0x01efc4c4, 0xf9fab198, 0x6d951002, 0xff4b7b48, 0xc39500ff, 0x00015608, 0x04ecff4c, 0x00e605bf, 0x404e002e, 
    0x0501074b, 0x004c0104, 0x03040302, 0x00800402, 0x05060507, 0x00800607, 0x07050004, 0x00690504, 0x61010303, 0x5c010100, 0x0606004d, 0x01086100, 
    0x005d0000, 0x2b00014e, 0x2226282a, 0x191d1f20, 0x10131417, 0x012e000e, 0x3285182e, 0xd698180b, 0x3623240a, 0x84232626, 0x333322c1, 0x08088607, 
    0x37363258, 0x02020e33, 0x65d39216, 0x92bf1714, 0x15686c02, 0x8bdb8a12, 0x0f67c883, 0x7c4409b7, 0x13a7794c, 0x79828d13, 0xcea6791b, 0x8c9f1314, 
    0xc019c880, 0x14f3a218, 0x8d7ac06f, 0x220c17c1, 0xb66a7eb0, 0x75b26470, 0x86376649, 0xa58b736f, 0x90747999, 0xb2766a7b, 0xf3820064, 0x00001e34, 
    0xd2058205, 0xf0030600, 0x020000f4, 0xecff6700, 0xeb82c205, 0x2100193e, 0x3b403e00, 0x01020300, 0x80010302, 0x05000100, 0x67050106, 0x04020200, 
    0x04040061, 0x0720df86, 0x203cdf87, 0x131a1b1e, 0x0b0d0e11, 0x00050609, 0x08190119, 0x052b160b, 0x37022422, 0x02362137, 0x5b08d084, 0x24363623, 
    0x12043233, 0x04020607, 0x16062101, 0x24323316, 0xfeb19202, 0x1a1d78fe, 0x531f4504, 0xef9f82bf, 0xcd33c445, 0xc09e1601, 0x266f0801, 0xbcfed926, 
    0x82fc6201, 0x7cb45513, 0x141701af, 0xb9100195, 0x0501bea3, 0x908fa886, 0xfeba7bdc, 0xfeeeebab, 0x5b02baa8, 0xdb68c083, 0x02249d82, 0x7a0548fe, 
    0x2225c782, 0x33403600, 0x23b38316, 0x0302004c, 0x002dbe82, 0x01000080, 0x7e010003, 0x04030300, 0x38ba825f, 0x01004d56, 0x00610501, 0x05610505, 
    0x22112a4e, 0x06102326, 0x372b1c0b, 0x28938433, 0x36373636, 0x23232626, 0x1aa41837, 0x16162107, 0x4b08b284, 0x26262223, 0x560ac013, 0xc97c69a4, 
    0x59181585, 0x1b7290c9, 0xddfc3e02, 0x1728041d, 0xa6029afd, 0x1e1e62e3, 0xb2d9fec6, 0x4379f0a0, 0x77559864, 0xd3907eca, 0xf8019b74, 0xfd8bab0c, 
    0xa2070ee1, 0xb4aef0fe, 0x80a0e9fe, 0x00ffffe5, 0x0825ab84, 0x08260244, 0x269b82fb, 0x016e0a07, 0x532e0273, 0x02240547, 0x2b35b02e, 0x00211482, 
    0x20cf8218, 0x2bcf845e, 0x07354038, 0x05040601, 0x80050604, 0x0424e882, 0x69040106, 0x0224cb82, 0x0202005f, 0x0529cb82, 0x00610005, 0x00610000, 
    0x2105824e, 0xce820022, 0x16131124, 0xd1820823, 0x06062523, 0x2db68204, 0x12363702, 0x01373724, 0x21072137, 0x60180115, 0x322009b7, 0x4708ea82, 
    0xc721c604, 0xb2a1e6fe, 0x1d1e67f2, 0xa61801bc, 0x174efe02, 0xfc1e2a04, 0x199701db, 0xa0f08e71, 0xa2411418, 0x87bf6b7b, 0xe5964317, 0x1901a180, 
    0x0e01afb4, 0x020e07a0, 0x0cab8b1f, 0x729b08fe, 0xca7f92d3, 0x63985676, 0x9a827a82, 0x4cfe3c32, 0xe605ec04, 0x1f002700, 0x1e251c40, 0x49010316, 
    0x01211582, 0x08585386, 0x234e002e, 0x0b032612, 0x37132b19, 0x36370024, 0x29051742, 0x3233023e, 0x06071616, 0x05840706, 0x04046d08, 0x24363707, 
    0x27363736, 0x1bbc0406, 0x93016e01, 0x8b831622, 0xd711b08a, 0x96f69f14, 0x1a66d691, 0x4d566d12, 0xb61f1a3c, 0x94fee6fe, 0x01ef1dd5, 0x201ed35e, 
    0xa1fe884b, 0x699c5101, 0x83cc0301, 0x7c658290, 0xc16464b5, 0x4fb4648e, 0xad94c337, 0x2974aefa, 0xe98d2fac, 0x5948bfb7, 0xffff0087, 0xecff5700, 
    0xd2059e06, 0xc5002600, 0x07239a82, 0x5e020a01, 0x1782050b, 0x83fe0821, 0x19012117, 0x04201785, 0xf344ba82, 0xe3032105, 0x01271787, 0x016c0a07, 
    0x41c8fd78, 0xfd2105af, 0x06f754c8, 0x0a213b82, 0x2023847f, 0x213b852c, 0x07820706, 0x00022108, 0x065efe6b, 0x00e605de, 0x002a0019, 0x19b04b7b, 
    0x0b405850, 0x02050118, 0x04020324, 0x1b4c0205, 0x03200d84, 0x59200d86, 0x1c362085, 0x02050500, 0x02030661, 0x4d5c0202, 0x01040400, 0x01010061, 
    0x63734d5d, 0x06202607, 0x56030301, 0x5424844d, 0x228c07ae, 0x10405928, 0x26280000, 0x75821d1f, 0x2729192f, 0x190b0711, 0x2301012b, 0x23030701, 
    0x06124203, 0x31377b08, 0x24123637, 0x17163233, 0x06070125, 0x36323312, 0x13331337, 0x22232626, 0xde060300, 0x01d0c4fe, 0x0152981a, 0xddfe5458, 
    0x5ffbc6a7, 0x23021423, 0xc93d01cd, 0x0141ca79, 0x143cfb20, 0x59d1a528, 0x0155389f, 0x5d8e224d, 0x2bfdfed1, 0x8cf8d205, 0xfe35a206, 0x66e8fd12, 
    0x3901ac73, 0xdd0a7ad6, 0x47a63801, 0x52fd703d, 0xebfefa7d, 0x03023333, 0x392fcf01, 0xfdfef6fe, 0x0e19ffff, 0x3b080743, 0x9b012602, 0x07010000, 
    0xd200430b, 0x08001200, 0xb00101b1, 0x2b35b012, 0x02000000, 0x00008300, 0xd205f405, 0x16000d00, 0x2d403000, 0x0102010d, 0x004c0100, 0x04010501, 
    0x68040103, 0x56212382, 0x0705434d, 0x4e025733, 0x160e0e0e, 0x2423150e, 0x0b061221, 0x27012b1a, 0x05ed4601, 0x2124ed82, 0x21031313, 0x3508de82, 
    0x01232636, 0x48018f12, 0x01625b01, 0x21e5e962, 0xe8d1fe22, 0x50e8d7fd, 0x9063015f, 0x8b1717c3, 0x57b6038f, 0xb4fdc501, 0xf9d3cbef, 0x65fd7a05, 
    0x869fc6fd, 0x67829382, 0x4b00012f, 0x2105ecff, 0x1f00e605, 0x14b55800, 0x20ca8201, 0x05a7414c, 0x80821720, 0x04610125, 0x82010101, 0x0202248b, 
    0x45056200, 0x1b23050e, 0x84001b40, 0x03032113, 0x8a072c45, 0x40593f1d, 0x19000111, 0x0b101317, 0x00050609, 0x061f011f, 0x052b160b, 0x37262622, 
    0x06033313, 0xab823316, 0x1a431320, 0x06127405, 0x06035708, 0x29020406, 0x1b69e095, 0x1caad8a8, 0xca8f8c98, 0x4711701c, 0x1127104c, 0x2341181e, 
    0x711d9f89, 0xfafeba1b, 0xa6dc6c14, 0x08fcf803, 0xa99998aa, 0x4b65a902, 0x07a70303, 0xfdacb70b, 0x6ddca557, 0x12000200, 0xd60499fe, 0x12003806, 
    0x64001b00, 0x03010ab5, 0xc5860105, 0x82002321, 0x700031ac, 0x02040200, 0x00050086, 0x03050403, 0x06060067, 0x2905c448, 0x0404004d, 0x1b4e0457, 
    0x25822240, 0x9c850021, 0x59210824, 0x22240a40, 0x21261111, 0x1d0b0711, 0x3337132b, 0x16322107, 0x07060607, 0x01230701, 0x13230321, 0x06874113, 
    0xf8213908, 0x0111da22, 0x26e2fe13, 0x018eb819, 0xfee70279, 0x66d5fe9c, 0x0175e7da, 0x11ad9b12, 0xfea47113, 0xca6e05ee, 0x8bd4e666, 0x12fc32ca, 
    0xfdd0030a, 0xfd6e0597, 0x766c9aa6, 0x37058f41, 0x07ecff76, 0x00d20537, 0x4b5c0027, 0x585019b0, 0x000122b5, 0x1b4c0102, 0x06200782, 0x45430782, 
    0x05153406, 0x01010203, 0x01044d56, 0x62000202, 0x00020607, 0x82005d00, 0x861920c9, 0x20e38217, 0x411c8757, 0x593205b7, 0x11230b40, 0x24152413, 
    0x0b082214, 0x06252b1e, 0x96412306, 0x33162508, 0x36373632, 0x8405a241, 0x3313240b, 0x84372303, 0x03390821, 0x80bd3f25, 0x1c35926c, 0x13aed0ae, 
    0x762c4d21, 0x07032895, 0x12aeceae, 0x74314c20, 0xcebc2892, 0x3d0ec5f6, 0x926f69a4, 0x57685aae, 0x1904acca, 0x7d75e7fb, 0x255f732f, 0x2d0a832a, 
    0x71327e71, 0xfa6b045e, 0x4841752e, 0x00820059, 0xd2ff022e, 0x08055efe, 0x0f00e605, 0x58001a00, 0x0123e185, 0x83000301, 0x890782e1, 0x001226e1, 
    0x61000303, 0x27de8204, 0x004d5c00, 0x015b0101, 0x1620de82, 0x5621ef83, 0x821a844d, 0x2618874d, 0x000d4059, 0x82171900, 0x0f6a0853, 0x0b052219, 
    0x07012b18, 0x00203336, 0x02060703, 0x03070400, 0x36030123, 0x37371224, 0x22232636, 0x06e20107, 0x1001a277, 0x0a2d0301, 0xeefeb31b, 0x2ac3a6fe, 
    0x173601d8, 0xd74901c9, 0x98230b1f, 0x0568bfb3, 0xfe3a26d2, 0x42d7fec2, 0xfebefeb4, 0xff2ab8f9, 0xfa740700, 0x01eb363f, 0xe046c249, 0x010079d4, 
    0x60fe1a00, 0xc3820105, 0x4c001424, 0xb5820db5, 0x20076d42, 0x22a78216, 0x44046103, 0x022205c1, 0xd5445702, 0x821a2008, 0x21b682b1, 0x32430101, 
    0x2c1c8709, 0x1123b759, 0x05102313, 0x012b1b0b, 0x061b4323, 0x09235119, 0x03071637, 0x1bedd2fb, 0xa257a791, 0xf8ced246, 0xad460ace, 0x70de8c5e, 
    0x3780821b, 0x2999a49d, 0x0513fb24, 0x2e233dd2, 0x00a2da6d, 0x24000200, 0x2f05ecff, 0x20089782, 0x003b002d, 0x083d4040, 0x1f010001, 0x00040210, 
    0x01064c02, 0x04010700, 0x6a040005, 0x01010103, 0x085f455c, 0x4e025d3c, 0x00022e30, 0x3b2e3437, 0x25263b30, 0x090a1619, 0x2d022d00, 0x2b160b08, 
    0x494b3301, 0x37272305, 0xc046021e, 0x23232709, 0x37262622, 0xd5493636, 0x83372005, 0x16062318, 0xcc491716, 0x08328206, 0x2636377c, 0x5e29aa02, 
    0x0e0f699b, 0x6e1b5a48, 0x141450a6, 0x4f516289, 0xfeb41712, 0x9b189ff3, 0x151a72ea, 0x5355658b, 0xc3871515, 0x6d5f1b6e, 0x90491010, 0xcf9c1860, 
    0x9d9e1718, 0x17d09b18, 0x8503a217, 0x5a626220, 0x05a41768, 0x7f7ea455, 0xb0362ba0, 0x68cf9c7b, 0x7e9bcb64, 0xa02b37b5, 0x55a47e7f, 0x6716a405, 
    0x2060615f, 0x8d928eb3, 0x8f938787, 0x0100008b, 0x0000b000, 0xfb825e04, 0x32001e24, 0xf2182f40, 0x012a08a5, 0x00610301, 0x4d5c0303, 0x1f820105, 
    0xf0435f20, 0x00022305, 0xcf491c1d, 0x1e002405, 0x88061e02, 0x47ba82eb, 0x40080cb5, 0x07020e07, 0x01132303, 0x8a7031d2, 0x0f190f49, 0x6c6e6915, 
    0x18ca1893, 0xa681d58f, 0x191946c5, 0x82c17915, 0x014dd831, 0x59a66aca, 0x6ba75994, 0xb977687f, 0x91f7976b, 0x9bdd7f94, 0x01defe1a, 0x329783ca, 
    0x05000012, 0x00d20506, 0x40210006, 0x0001011e, 0x824c0101, 0x4d562903, 0x00020203, 0x4e005700, 0x088f5a18, 0x2b180b3c, 0x23010321, 0x04013301, 
    0xacfdc819, 0xc10f03eb, 0xb5042401, 0xd2054bfb, 0x25822efa, 0x2105ab47, 0xc3477105, 0x0119220a, 0x3418828e, 0xff480001, 0x050604ec, 0x002200b3, 
    0x1417401a, 0x01030113, 0x2163824a, 0x1c826100, 0x005d2008, 0x271b1d4e, 0x2b170b02, 0x021e3701, 0x23040607, 0x37022e22, 0x36123637, 0x06173724, 
    0x4a070700, 0xfa830518, 0x54024808, 0x43a07857, 0xf0fe2517, 0x5aa178e6, 0x19091019, 0x1301b165, 0xfeff03c6, 0x15162afa, 0x78426b2f, 0x331318a1, 
    0xa829036b, 0x81d99920, 0xa562ffd3, 0x9d3966c8, 0x9ee41801, 0xfe32ac22, 0x7f82f8be, 0x8d9158ad, 0x825a9970, 0x00022676, 0x06ecff34, 0x30ab8212, 
    0x001e0012, 0x0139403c, 0x11000201, 0x02020501, 0x06dd4d4c, 0x03066a29, 0x56000002, 0x4801074d, 0x013b0703, 0x0013144e, 0x13181a00, 0x001e141e, 
    0x26120012, 0x0b081223, 0x02092b19, 0x44060133, 0x3e2805ac, 0x17323302, 0x36321301, 0x7142ae82, 0x02670805, 0x0108012e, 0xc3fceeee, 0x5e70cc34, 
    0x0f0f448f, 0x5f61ae77, 0x42c4fe47, 0x0f0e643e, 0x6542404a, 0x054e0d0e, 0x03eafcd2, 0x6806fb16, 0x619c5b84, 0x2e5f9d5e, 0xd4fa6203, 0x51524e50, 
    0x4e505053, 0x01000000, 0xecff5700, 0xe6051305, 0x96002800, 0x5019b04b, 0x200f4058, 0x05010207, 0x04030112, 0x03020111, 0x8c1b4c03, 0x82062011, 
    0x06874511, 0x01002630, 0x01050405, 0x04008004, 0x03040503, 0xb14a007e, 0x4d5c3106, 0x02030300, 0x02060761, 0x025d0202, 0x2a401b4e, 0x07202898, 
    0x5720dd82, 0x00202e85, 0x59222c84, 0x95820f40, 0x2800283c, 0x25242624, 0x0b082313, 0x13332b1c, 0x32330012, 0x16011716, 0x020e0716, 0xb4182223, 
    0x5e080847, 0x2323022e, 0x26260137, 0x06062223, 0xa5570307, 0xe413012b, 0xfe55e7a6, 0x20cada6f, 0x92f3a217, 0x26577d95, 0xb18c4769, 0x683c1116, 
    0x1a8f1865, 0x742b6701, 0x49896f5b, 0xdd03a60f, 0x08010101, 0x4ffe5b87, 0x8dbee40e, 0xa53366c4, 0x80922011, 0x0b317065, 0x228d019f, 0x5aa2663b, 
    0x6d0023fc, 0x042507ef, 0x0106026c, 0x329582fb, 0xff420002, 0x049b04e8, 0x0016006c, 0xb68d0024, 0x8202040a, 0x514c20fe, 0x192005a0, 0x0234fd82, 
    0x02010361, 0x074d5902, 0x00040401, 0x02060161, 0x00600000, 0x07f7a218, 0x208a1d20, 0x01010023, 0x21258657, 0x24850106, 0x00214022, 0x24823a83, 
    0x00610326, 0x4d5f0303, 0x59382391, 0x18174059, 0x20000117, 0x1824171e, 0x090e1024, 0x00060708, 0x08160116, 0x32066648, 0x23072327, 0x33073313, 
    0x3233023e, 0x06071216, 0x44270602, 0x262005c5, 0x08062f42, 0x7d6b5543, 0x1c100e3f, 0x1db2b9b2, 0x8b521810, 0x50bf8b6c, 0xe59e1d1d, 0x68a0699b, 
    0x7b271313, 0x1fc69a6b, 0x48187c1f, 0x04ad1f5e, 0x5b1fb35e, 0xfffe8b47, 0xfbfeb4b2, 0xbf70a18d, 0x6ebb7476, 0xeababae4, 0x31008200, 0xffb80002, 
    0x04a105ec, 0x002f006c, 0x4031003a, 0xf5820d2e, 0x1527002a, 0x0504070e, 0x044c0202, 0x61210d83, 0x82d78201, 0x050521c4, 0x5d30ce84, 0x2d274e03, 
    0x2324252b, 0x2b1c0b06, 0x36362701, 0x1720a182, 0x07200585, 0x3306c041, 0x021e1716, 0x23060607, 0x3e372622, 0x37363702, 0x022e2726, 0x7a08b782, 
    0x07060601, 0x16371606, 0x01363736, 0x9b3c6921, 0x39836e59, 0x596fbe66, 0x1595287b, 0x4d2c2034, 0x03035a6c, 0x0b1a2f15, 0x7c83a511, 0x490b1181, 
    0x0505295e, 0x34230c09, 0x4221303d, 0x35298b01, 0x231a0506, 0x0b042626, 0x3b805403, 0x8888a45d, 0x803a5ea4, 0x85342c23, 0x35070878, 0x6742928b, 
    0x416a797c, 0x07398b90, 0x591e1907, 0xfe2c336e, 0x22643d26, 0x0101291c, 0x823b1928, 0x010027ea, 0x46fef8ff, 0xeb822604, 0x3b00212a, 0x04003840, 
    0x04050105, 0x2205354f, 0x417e0001, 0x062009ad, 0x2108ee82, 0x02006102, 0x4e026102, 0x181a0001, 0x10121516, 0x03040709, 0x21012100, 0x2b160b07, 
    0x37363201, 0xd0820e33, 0x37262625, 0x82023e13, 0x071623fe, 0xba423623, 0x06490806, 0xb9011616, 0xc3169e5f, 0x74d49514, 0x1840c0a6, 0xf1941952, 
    0x4fb083a4, 0x6808c30e, 0x4c8b6e6c, 0x110f5410, 0x72ecfe67, 0x66a56053, 0x0192f794, 0x95f793ea, 0x5e6fb46a, 0x5bad7189, 0xad5a16fe, 0x00020070, 
    0x0488fe22, 0x2fa78231, 0x0031001e, 0x1b0a405b, 0x1e040101, 0x02010001, 0x25060c4a, 0x0304001d, 0xba830301, 0x84030321, 0x4d5f2fa8, 0x00010100, 
    0x00000060, 0x1b4e005b, 0x1f881a40, 0x0123c982, 0x87006400, 0x4e033826, 0x2f0a4059, 0x2b23252d, 0x0b051011, 0x21012b19, 0x022e2137, 0x18022627, 
    0x470bdf88, 0x17210523, 0x06454613, 0x07066c08, 0x17160607, 0x36323316, 0xfdf00236, 0xb8011d32, 0x1e45380a, 0x03199a8a, 0x95f09d1a, 0x184dc39b, 
    0xdf8b1103, 0x0c0c128f, 0x3f3aa149, 0x6c1e1103, 0x568c6164, 0x50120311, 0x6830213c, 0x88fe5a94, 0x4b410fa1, 0x1201891d, 0xfdaa14aa, 0xa5fc8e8b, 
    0x87cb7715, 0x01010212, 0x0351a64f, 0xb3721423, 0x72b36767, 0x2cad7814, 0x82a0610c, 0xff2824fb, 0x821b04ec, 0x001939fb, 0x40400022, 0x0204053d, 
    0x4c010201, 0x00050107, 0x02050102, 0x04040067, 0x22095443, 0x4a066100, 0x1a2f0514, 0x1a00011a, 0x1e221a22, 0x0c10121c, 0x5007090b, 0x262109dd, 
    0x07634426, 0x3e372122, 0x22054c43, 0x48020e07, 0xda82059f, 0xa4018208, 0x1c5f956c, 0x5a78298d, 0xfd22c08e, 0x891a0f2d, 0xcb8c92da, 0x1c072059, 
    0x09f9f7a3, 0x75567075, 0x14041146, 0x6335613d, 0x98c14e42, 0x8ef7a05c, 0xb7fffe86, 0x88f2a028, 0xa098a202, 0x12498657, 0xffffff00, 0x032bfe3f, 
    0x02330672, 0x00040606, 0xff020000, 0x045efedf, 0x003306a4, 0x0028001b, 0x120f4082, 0x1a020301, 0x01040219, 0x0400011b, 0xb04b4c03, 0x4058500a, 
    0x0301001b, 0x04010304, 0x29f38280, 0x03020103, 0x04040069, 0x3e826200, 0x4e005b22, 0x20062856, 0x1822881d, 0x8a095dc7, 0x2c429c24, 0x2db75959, 
    0x22242434, 0x2b1b0b05, 0x058a4305, 0x33363625, 0x43131732, 0x07260aa9, 0x03071703, 0xfb482626, 0x33500805, 0x02373632, 0x769e2b31, 0x1413888b, 
    0x47487abd, 0xa2cd1dbc, 0x31274425, 0x9d1d4c10, 0x85c1d020, 0x30481bfa, 0x0a083d2c, 0x5f353237, 0x674bf00c, 0x907a7692, 0xb172041c, 0x9b090bbc, 
    0xfbc30404, 0x0177e816, 0x081c1a28, 0x342c3a07, 0x00494a40, 0xd02fd782, 0xa3035dfe, 0x1b001606, 0x63002700, 0x82160a40, 0x010f33f1, 0x4c020301, 
    0x5020b04b, 0x061e4058, 0x03000401, 0xfb820401, 0x37066e46, 0x01004d5e, 0x00610201, 0x025b0202, 0x1c401b4e, 0x05000000, 0x69050004, 0x1e892889, 
    0x0f405932, 0x21231c1d, 0x271d271c, 0x23272423, 0x2b1a0b07, 0x4d078d43, 0x372005a2, 0x2329d882, 0x06131320, 0x26262223, 0x0a6c4705, 0x0fdf4b08, 
    0x6061ae76, 0x0110438d, 0x433410d5, 0x191b2321, 0xdefe1d45, 0x4947a23b, 0x01448d5e, 0x0d644050, 0x3f404b0e, 0x500d0d68, 0x9d60bb04, 0x5f9d5d5e, 
    0x536300fb, 0x0808a40a, 0xc4036001, 0x3b9d5c1e, 0x51504f4f, 0x4b52534f, 0xc767ffff, 0x76042505, 0x66020602, 0x0220ad82, 0x05350f83, 0x007604c0, 
    0x0035002a, 0x26404043, 0x0d0e1415, 0x01030607, 0x29e7821f, 0x03004c02, 0x03050400, 0xe6876904, 0x004d5f22, 0x062afa83, 0x60000001, 0x00014e00, 
    0xd1823133, 0x10121a29, 0x2a00090b, 0x46072a01, 0x3534050d, 0x25243634, 0x22232626, 0x36270706, 0x16323324, 0x15143717, 0x2106ef48, 0xde840617, 
    0x07277308, 0x01040206, 0x15060406, 0x32331614, 0xdb013636, 0x0190c2a2, 0x032f015a, 0xa86a967e, 0x013ea72b, 0xe8c7a60b, 0x0602d109, 0x2f1a2f26, 
    0x441e060b, 0x1a4f5223, 0xaa174703, 0x0e01fffe, 0x67fbfeeb, 0xa779576b, 0x8ba61862, 0x26699f77, 0x505da277, 0xdd99842f, 0x06031dc6, 0x0e4b8354, 
    0x130d7804, 0x09457d4e, 0xa1eefeab, 0x44204002, 0x4d404d62, 0xee82bf7d, 0x152cff82, 0x9f0478fe, 0x07015e04, 0xc2ff2c05, 0x0f433419, 0x06231f87, 
    0x85270016, 0x0701251f, 0xd1006e0a, 0x09263a82, 0xb80100b1, 0x4a508cfe, 0x002b0805, 0xfeffff02, 0x048c045d, 0x0026005e, 0x40510034, 0x02011a4e, 
    0x020c2103, 0x23240506, 0x06000322, 0x02004c03, 0x02030103, 0x54008001, 0x59200621, 0x2b082154, 0x06004d57, 0x07610006, 0x5b000001, 0x2e054341, 
    0x17182a2c, 0x10121416, 0x26000608, 0x62082601, 0x230806da, 0x33363637, 0x17161632, 0x36373617, 0x37232326, 0x37213701, 0x07010721, 0x0607021e, 
    0x27071707, 0x27370606, 0x41056541, 0x6e08055b, 0xb1727b01, 0xc0141059, 0x71966193, 0x091e1527, 0x8e8f9412, 0x02bc0119, 0x031b83fd, 0x1ffe1775, 
    0x4daf8002, 0x6b541413, 0xd3516a78, 0x942f1db2, 0x085d4f68, 0x41754308, 0x5dfe8654, 0x77628b4a, 0x26543c95, 0x73393814, 0xb80198a1, 0xfe8aa70c, 
    0x73090c23, 0x6e7870b6, 0x3f657965, 0x2d1cf94e, 0x312c3c5d, 0x002e2040, 0xfe0f0001, 0x828a0478, 0x00202afb, 0x27b04b6c, 0x26405850, 0x164b5400, 
    0x0521f582, 0x22eb8805, 0x9023401b, 0x07052628, 0x00050001, 0x07765165, 0x4e035937, 0x01154059, 0x1a1c1d00, 0x0e111318, 0x080b0c0d, 0x01200007, 
    0x08144120, 0x37023e22, 0x20057654, 0x08765407, 0x32335108, 0x0e333736, 0x97de0102, 0x141563d5, 0x0283e399, 0x0317befe, 0x87fd1c7c, 0x1a290102, 
    0x62b38679, 0x88a3160d, 0xc21ec581, 0xfef0a91d, 0x7fc67178, 0x0677c57b, 0x8bdc010c, 0x48fe0ca7, 0x50885398, 0x6e778a87, 0x005fb17c, 0xd6ff0100, 
    0x580444fe, 0x293adb82, 0x33403600, 0x05040103, 0x04004c01, 0x04050205, 0x02008002, 0x01020501, 0xd182007e, 0x00202a82, 0x0120db82, 0x3b05e64c, 
    0x124e0361, 0x2e13232a, 0x1c0b0610, 0x0721132b, 0x07161601, 0x0e070606, 0x16060702, 0x9d849c82, 0x26222325, 0x84363637, 0x26580802, 0x01372323, 
    0x6903ef21, 0x8942fe15, 0xec171289, 0x307165bf, 0x61650b06, 0x1159773d, 0xd9830fcd, 0x18c9c192, 0x83d3e416, 0x55090b6d, 0x0116b36b, 0x04c6fdac, 
    0xaafe805e, 0x8c6d9816, 0x3815288c, 0x4f462241, 0x5a4a5623, 0x91b469a4, 0x1a2b9f81, 0x40384442, 0x004a0182, 0x0029bf82, 0x05000062, 0x00d2059f, 
    0x24bf832b, 0x0202191a, 0x06f84c04, 0x3d0a8946, 0x60000202, 0x00000105, 0x014e0057, 0x171c1e00, 0x05070a15, 0x012b0004, 0x160b062a, 0xa882212b, 
    0x03331326, 0x32213306, 0x2723ae82, 0x46262627, 0x17200588, 0x82052d49, 0x171721d2, 0x08050e4b, 0xb4b40161, 0xb4ba1d9e, 0x01b31dbf, 0x0b9a75c0, 
    0x92b39d12, 0x8410137c, 0xa6ad77c9, 0x5b0daa13, 0x0c94646c, 0xa25e4f0a, 0x10137a92, 0xbe83d488, 0xfb6004b4, 0x4558b480, 0x242c276d, 0x93607691, 
    0x2a769753, 0x465c623c, 0x2817453e, 0x62739124, 0x00005293, 0x00380002, 0x05560400, 0x000700ae, 0x5b6c000f, 0x242a051d, 0x05040106, 0x03040503, 
    0x37660880, 0x00672c06, 0x5f070505, 0x07070109, 0x85024d56, 0x401b22c8, 0x82268822, 0x05002518, 0x67050704, 0x24862f88, 0x18405930, 0x00000808, 
    0x0f080f08, 0x0b0c0d0e, 0x6682090a, 0x1111072c, 0x190b0a11, 0x2303012b, 0x03822113, 0x032b0787, 0x4b9b60c4, 0x9b4b0afe, 0x85be0360, 0x9d290809, 
    0xfd460260, 0xfec801ba, 0x03460238, 0x01befd68, 0x023cfec4, 0x00ffff42, 0x0446fe19, 0x026c04a7, 0x00730206, 0x00010000, 0x28c382c0, 0x00e6055d, 
    0x40280020, 0x11134f25, 0x04202382, 0x3106124f, 0x27122319, 0x1b0b0523, 0x3731012b, 0x36323337, 0x0c4f3736, 0x013a0815, 0x75160680, 0x124e8b6c, 
    0x6a161209, 0x179c5e6d, 0xd39516c5, 0x3ec4aa73, 0x781b0a1e, 0xd74388c0, 0x81258101, 0x2f5eab6c, 0x716cab5e, 0x65a66054, 0x2f8df698, 0x189ce17e, 
    0x8f8277fe, 0x8f827820, 0x8f825820, 0x72002822, 0x2005cc47, 0x5bb91829, 0x04220808, 0x70040303, 0x03020809, 0x01000102, 0x00680003, 0x61070505, 
    0x5c070700, 0x0101004d, 0x1b4e0157, 0x2b8a2a40, 0x03040523, 0x222c9a7e, 0x82114059, 0x002822db, 0x21d58228, 0x00821124, 0x1e0b0a2d, 0x2307012b, 
    0x23372307, 0x9b373337, 0x03072ee2, 0x19d01c1a, 0x1cdd18d8, 0x16060ddc, 0x33ea8d76, 0xa673d394, 0x091c42c2, 0x87c37819, 0xa233010f, 0x4ea29191, 
    0x9628ee8d, 0x802f90f5, 0x56179be1, 0x012c7f82, 0xecff4400, 0x3f05c803, 0x8d002900, 0x253aef85, 0x01010200, 0x06007002, 0x06000700, 0x01048007, 
    0x5f010000, 0x01010103, 0xeb824d59, 0x82610521, 0x055d23f5, 0x6e421b4e, 0x212c8206, 0x2b9f8502, 0x8c224021, 0x01032226, 0x23558201, 0x68000106, 
    0x5927508a, 0x230b4059, 0x82112c13, 0x08183200, 0x012b1e0b, 0x2e272636, 0x23373702, 0x33133337, 0x052c6b03, 0x1e171624, 0x9d4b0702, 0x062d5a06, 
    0xe8025b08, 0x2e334a08, 0x18103058, 0x2bc01dc3, 0x1bc52bd0, 0x240a17c3, 0x4e2b2745, 0x830f0d2a, 0xb99280ce, 0x0ad1104c, 0x6939673b, 0x3c250180, 
    0x4e1f2349, 0x99905f78, 0xfbfe0501, 0x4e3b8b99, 0x401b1836, 0x94614e61, 0x5ba56854, 0x55255649, 0x7f00ffff, 0x64040000, 0x2602e605, 0xf8822a09, 
    0x3b0b0731, 0xe7fd1300, 0x01b10900, 0xe7fdb801, 0x822b35b0, 0x33002e14, 0x1804ecff, 0x1d00d205, 0x35403800, 0x052f5104, 0x04000328, 0x80040300, 
    0x20820105, 0x005f2708, 0x4d560101, 0x02040400, 0x02020061, 0x014e025d, 0x12141600, 0x030c0e11, 0x011d0002, 0x160b061d, 0x1323012b, 0xcd820333, 
    0xd242ce8a, 0x02380808, 0xd0525e5a, 0x2c8c7b39, 0x91170f15, 0xae81a8f2, 0x07c50d50, 0x8e6c6c63, 0x0f0f0f50, 0xdf036814, 0xa8fef301, 0x80df9b1a, 
    0x98f78e5d, 0x5b6eb469, 0x5dac6e8a, 0x6fad5d5d, 0xbf877a82, 0x34309b82, 0x01013140, 0x4c010304, 0x03020100, 0x80030102, 0x00248b82, 0x00000061, 
    0x13ad1c19, 0x1322182a, 0x1a0b0629, 0x2e13212b, 0x4c09314c, 0x3e0807f9, 0x16160607, 0x01033317, 0x927d4179, 0x1d0a192c, 0x82a4ee92, 0xc50f50af, 
    0x6c6b680b, 0x0a134d89, 0x59530c11, 0x87015c93, 0x7edf9c19, 0x97f58f32, 0x5f70b368, 0x5bab6f86, 0x72a05331, 0x82d9fd0e, 0x00013172, 0x034cfe34, 
    0x006c04fe, 0x401f0022, 0x1419201c, 0x230f9b5a, 0x224e005f, 0x23059b5a, 0x24243737, 0x23063c51, 0x33363623, 0x2405c256, 0x02071616, 0x08975a05, 
    0x1b9d4608, 0x38010c01, 0x62570e16, 0xce0f8461, 0xb7c6fa1b, 0x560d1ac7, 0x152d3d45, 0x1bfefc5b, 0x8b0701cf, 0x692f1614, 0x99cef5fe, 0x568fda3f, 
    0xa1586462, 0x4f9cb6c0, 0xa7344092, 0x6608fe74, 0xaf7d2ea1, 0x404b8278, 0x0bdf4b61, 0x04062622, 0x2305ef41, 0x5cfd02ff, 0x2006ef41, 0x06ef415c, 
    0x00004232, 0x5e047504, 0x2d000c00, 0x01052a40, 0x4c010003, 0x0332d382, 0x68030002, 0x01020506, 0x044d5901, 0x57020201, 0x15824e02, 0x000c3808, 
    0x1211110c, 0x0b071111, 0x03012b1b, 0x01330133, 0x23012301, 0x01132303, 0x01644faf, 0xc5fddbd6, 0xfee07c01, 0xb44f4dbc, 0xfe5e04b9, 0xfde00120, 
    0x01d8fdca, 0x8222fede, 0x0880825f, 0xff10002a, 0x054404ee, 0x002300e8, 0x230e405b, 0x16040301, 0x020f1314, 0x02030005, 0x1cb04b4c, 0x19405850, 
    0x00040300, 0x80000304, 0x8205055e, 0x82612033, 0x5d012682, 0x401b4e01, 0x821b8d1d, 0x824d2093, 0x059b5a92, 0x594e0129, 0x153724b7, 0x83052522, 
    0x07072799, 0x33161613, 0x614a0733, 0x82032005, 0x052723a3, 0x22493737, 0x374e0805, 0x32333636, 0x47031716, 0x0bdc351e, 0x17232125, 0x563c331f, 
    0xfe7d143b, 0x2f02e679, 0x1df3fe1e, 0x1b2a0ec8, 0x1a091e0a, 0x6216460e, 0x8a051561, 0x2bfc13ae, 0x0ba62332, 0x025a571b, 0x0416fd30, 0xaa5f8000, 
    0x01141b48, 0x08059d03, 0x81824246, 0x01002508, 0x48fe5900, 0xd205ec04, 0x42002000, 0x01053f40, 0x01110504, 0x01100603, 0x4c030302, 0x06050400, 
    0x80060405, 0x562e2882, 0x0505004d, 0x01005f01, 0x004d5901, 0x73520606, 0x02613409, 0x2422114e, 0x10112924, 0x2b1d0b07, 0x21033301, 0x47070107, 
    0x2225055a, 0x16372726, 0x05034c33, 0x37234808, 0x03213701, 0xb54e0123, 0x1927033e, 0xc00220fe, 0xa71821c6, 0xb47893f8, 0xa04a9a39, 0x1717cc8c, 
    0x1b8d8d96, 0xfd04b801, 0x05b39dd1, 0x8a8cfed2, 0x150c23fe, 0xd792c5eb, 0x833b4875, 0x9090a75f, 0xb80198a5, 0x824dfc0c, 0x00023a8b, 0x055efe2a, 
    0x006c0431, 0x00270017, 0x24b04b81, 0x0b405850, 0x02050116, 0x083b5c1e, 0x03200d82, 0x59200d86, 0x3f522085, 0x03062505, 0x5f020202, 0x570a3854, 
    0x21240866, 0x03030106, 0x0524dc82, 0x00610205, 0x592c2394, 0x18191440, 0x1f210000, 0x27192718, 0x17247b82, 0x08112727, 0x34067447, 0x03230307, 
    0x22230606, 0x37372626, 0x33361236, 0x37171632, 0x22fa8201, 0x50133113, 0x530805a4, 0x05160607, 0xd1cefc31, 0x3d012d84, 0x9c7dc246, 0x061643bb, 
    0xa4f49618, 0xdd309562, 0x482e59fd, 0x35443621, 0x518b685a, 0x731b0611, 0x00fa5e04, 0xfe45f604, 0x468bfef3, 0x92f7945b, 0x0301a028, 0x68364098, 
    0x141834fc, 0x93014601, 0x6eb86f2f, 0x00c3b428, 0x02280082, 0xecff5500, 0x6c042506, 0x30258f82, 0x40404300, 0x05ed490c, 0x04030527, 0x80040503, 
    0x4ad38208, 0x5f2705b9, 0x0401064d, 0x42620104, 0x19270692, 0x2a000118, 0x82242528, 0x193039cc, 0x0b0d0f30, 0x01170009, 0x160b0917, 0x0432012b, 
    0x0e071616, 0x27222303, 0x2e29cf82, 0x023e3702, 0x06221724, 0x21c08206, 0xd1823316, 0x4a333721, 0x66080710, 0x03262636, 0x0301c5a5, 0x0f142a8e, 
    0x6fa97849, 0xf07b2eef, 0x0d458b6f, 0xcb76140f, 0xc4a82701, 0x0e1682f6, 0x50504b0a, 0xd01f1e94, 0x55601e20, 0x0e426d50, 0x04cf3f16, 0xe3b56b6c, 
    0x98b75a78, 0x5de8e85c, 0x7959b698, 0xa66ab5e4, 0x5582d17b, 0xb6926ca5, 0x98b0bcbc, 0x8556a56b, 0x000079d0, 0xff300001, 0x821604ec, 0x00212cdb, 
    0x002d4030, 0x02000203, 0x82800003, 0x00022c18, 0x02007e01, 0x00610402, 0x4c5f0404, 0x5d270893, 0x23274e05, 0x4a222712, 0x332005c1, 0x4806b64a, 
    0x3f08128b, 0x26262223, 0x7106c53a, 0x4d89696b, 0x16120a10, 0x90746968, 0x8c1ac31b, 0xbea285d2, 0x18091a42, 0x7f9cef97, 0x5b0157b3, 0xad727653, 
    0xb3633758, 0x7e719270, 0xfd976bc0, 0xf6903699, 0x00a86797, 0x23080082, 0xfe730003, 0x05ae0474, 0x001500d2, 0x0025001d, 0x1f0a4034, 0x08131a1b, 
    0x01000105, 0x2eb04b4c, 0x0b405850, 0x5a053643, 0x0b20067d, 0x0121ce82, 0x35128386, 0xb4594e00, 0x0b02161a, 0x37132b18, 0x1337023e, 0x12160333, 
    0x2e580707, 0x02262b05, 0x16060737, 0x06061317, 0x47490325, 0x98530805, 0xcb871804, 0x3cce3c81, 0x0425a3b6, 0x81cc8618, 0xb43fce3f, 0x1704f7a5, 
    0x66815a40, 0x81b70183, 0x04178265, 0x20023e16, 0x98e99218, 0xfe700117, 0xd2fe2291, 0xea9218db, 0x7ffe1798, 0x01238101, 0x8a18f42c, 0x0f0325cd, 
    0xfcf6cf27, 0x89cc26f2, 0x82cf8618, 0x00012f85, 0x03ecff08, 0x00000622, 0x40600011, 0xb682010a, 0x02010c24, 0x266d0200, 0x47112006, 0x00210528, 
    0x05925500, 0x4e025723, 0x05dc561b, 0x00221882, 0x40828501, 0x40221889, 0x3d820015, 0x44008521, 0x033706d4, 0x03030061, 0x594e035d, 0x1123b659, 
    0x0b042313, 0x37172b1a, 0x82171616, 0x331322ce, 0x06195c01, 0x20084608, 0x59192a1a, 0xd0cc2880, 0x0fc900ff, 0x14548633, 0x04c00634, 0x4a010105, 
    0xfac6043f, 0x493f7400, 0x0200000a, 0x5efe6200, 0x14061e05, 0x34002a00, 0x12400901, 0x0203010b, 0x0a060120, 0x0605011a, 0x05040119, 0x06d65104, 
    0x00003223, 0x20c18203, 0x21788272, 0x87826102, 0x4d5e2108, 0x07070109, 0x01085f01, 0x4d590101, 0x060a0a00, 0x06060061, 0x05004d5d, 0x00610405, 
    0x045b0404, 0x20072649, 0x23398333, 0x80010003, 0x20243aad, 0x31405850, 0x65823a87, 0x0a236e82, 0x89680701, 0x21739544, 0x6e882f40, 0x03000226, 
    0x69030200, 0xa5933b8a, 0x59592008, 0x32104059, 0x112c2d30, 0x26232513, 0x10112533, 0x2b1f0b0b, 0x33033301, 0x36373137, 0x4c323336, 0x032507cf, 
    0x23060603, 0x066e4522, 0x0b833720, 0x74372621, 0x232005bf, 0x0806395f, 0xd06a017f, 0x0c06d22c, 0x3aace31d, 0x34132746, 0x1071531c, 0xe41d527d, 
    0x24413bad, 0x7155372b, 0x4d200810, 0x195c9529, 0xc01dc368, 0xd1513601, 0x40290e69, 0x05173316, 0x26fbfe3f, 0x0ebdb047, 0x620305a6, 0xfe12fd5f, 
    0x0ebbb010, 0x5f620aa6, 0xaa090632, 0x99720299, 0xe8017ffd, 0x40558efd, 0x00000306, 0xff850001, 0x051503f2, 0x002100e0, 0x0d47404a, 0x1f030401, 
    0x20010701, 0x03070001, 0x07b94d4c, 0x064d5c30, 0x02010101, 0x0201055f, 0x004d5902, 0x0b660707, 0x1c1e370a, 0x14151617, 0x0a0c1012, 0x04050607, 
    0x21012100, 0x2b160b09, 0xcb852205, 0x0725f08a, 0x23073307, 0x08da8507, 0x0617373e, 0x8f87ba01, 0x18a87415, 0xad1416a8, 0x19244491, 0xa00d1e10, 
    0x18e51611, 0x650a08e5, 0x244e3a0e, 0x0e390b29, 0xba0280a0, 0x86798392, 0x02029509, 0x2d928365, 0x5157a1fd, 0x00149a08, 0x01370082, 0xeeff7200, 
    0x3a041c04, 0x5f002200, 0x01080b40, 0x01170306, 0x47060502, 0x1e2907d8, 0x06000300, 0x69060305, 0x07434a02, 0x4a42b882, 0x045d2706, 0x1c401b4e, 
    0x1a820100, 0x00010323, 0x42298767, 0x1e820769, 0x0a40593d, 0x23242724, 0x07121111, 0x012b1d0b, 0x37231327, 0x07210721, 0x36373636, 0x45060716, 
    0x37200562, 0x0877b118, 0x06224308, 0x77b07601, 0x68031da6, 0x4101fe1d, 0xb33a7e23, 0xf31a1dad, 0x708d48e2, 0x0dca0e37, 0x8474616b, 0x6c5d0f0f, 
    0xd7016954, 0xb1a4010e, 0x2417e8b1, 0xb7c40502, 0x5028d6a4, 0x4e10527b, 0x5f5e745d, 0xd2823c72, 0x0002003a, 0x0500004e, 0x005e041f, 0x0017000e, 
    0x0e304033, 0x01000101, 0x02010401, 0x820c2a62, 0x030323c8, 0x08775f02, 0x0f0f2705, 0x160f170f, 0x2a622523, 0x62132005, 0x0e22072a, 0x2a622302, 
    0xce32080a, 0x01330180, 0x26014343, 0x111ab1c7, 0xfe83c67b, 0x4065aa27, 0x90662501, 0x656c0e0d, 0x014c7202, 0xc96ffea0, 0x60a4669a, 0x21fe0504, 
    0x516b80fe, 0x8f856e56, 0x8f828520, 0x6805df2f, 0x32002200, 0x11b69e00, 0x01080210, 0x06bf4301, 0x03002032, 0x70030202, 0x01020607, 0x055f0201, 
    0x02020204, 0x08249882, 0x095f0008, 0x4706174f, 0x1f2005c2, 0x03212782, 0x33269a85, 0x03002740, 0x00850305, 0x61050606, 0x5f050500, 0x0101074d, 
    0x04205182, 0x8a056b42, 0x59593a50, 0x00011940, 0x23242629, 0x0c0e1416, 0x08090a0b, 0x04050607, 0x21012200, 0x073d500a, 0x2705df4c, 0x32333621, 
    0x2e071716, 0x0b733d19, 0x23060624, 0x5b502103, 0x367d080c, 0x9189c001, 0x19a77016, 0x2cb42ca7, 0x4340fe01, 0xaa11a7ad, 0x4a572a08, 0x090b9664, 
    0x95a35d4e, 0xfe1a1478, 0xf1fecbc9, 0x01941e68, 0x0c947ad7, 0x97b3a013, 0x9f0f1375, 0x99a30283, 0xf6fe0a01, 0x2877980e, 0x5e304826, 0x164a3d47, 
    0x74922226, 0xc503ac97, 0x57b38bfd, 0x29256d46, 0x57739c23, 0x26000200, 0x3005ecff, 0x2d001406, 0x68003b00, 0x01070b40, 0x0f1e0100, 0x02000402, 
    0x05d8554c, 0xa65f1b20, 0x5f5e200d, 0x1b240ba6, 0x01031b40, 0x85203082, 0x00202389, 0x2906e748, 0x594e025d, 0x2e301740, 0xc75f0001, 0x24252e05, 
    0x08091518, 0x2c012d00, 0x2b160b08, 0x29c65f01, 0xc75f3320, 0xd382080e, 0x106c9e5c, 0x1b5a4811, 0x174ca46d, 0x58668d16, 0xb31a1652, 0x189cf8fe, 
    0x1a72ea99, 0x57688e16, 0x88161556, 0x5e1b6fc4, 0x4c111274, 0x16045792, 0x1617d49d, 0x981899a3, 0xa21718d6, 0x6e2b7b03, 0x25766863, 0xb762039a, 
    0x2ea58083, 0x9a81b636, 0xca6364cb, 0x36b6819c, 0x8380a72e, 0x9a0461b5, 0x656b7423, 0x93a62a6e, 0x908e9191, 0x00918e93, 0x49000300, 0xf206ecff, 
    0x1f00d205, 0x3f002f00, 0xb2468b00, 0x171a3306, 0x39030602, 0x06070229, 0x0002070a, 0x1b4c0307, 0x138c1140, 0x13820120, 0x2c855920, 0x001f2208, 
    0x4d560404, 0x06060109, 0x01056103, 0x4d5f0303, 0x07070108, 0x01026200, 0x5d000002, 0x401b4e00, 0x23219023, 0x57010100, 0x25842688, 0x0e405929, 
    0x25273b3d, 0x82122227, 0x0a242e02, 0x012b1f0b, 0x23020e07, 0x23072722, 0x0b244a37, 0x33131729, 0x32333603, 0x48071216, 0x032707a5, 0x32331616, 
    0x49253636, 0x9008076d, 0x23262613, 0x06060622, 0x951b03d8, 0x56ad8add, 0x8208bd11, 0x40ad87b6, 0x921a031b, 0x57b189dd, 0x8050d150, 0x3da889b2, 
    0x191303ee, 0x82556367, 0x6618552e, 0x5389635a, 0x100344fb, 0x59646415, 0x18542f83, 0x8a635667, 0x14340254, 0x7991ffa4, 0x91847065, 0xaa14a4ff, 
    0x7b8e0001, 0x20fee101, 0x00ff8e7a, 0xb37014be, 0xfe415069, 0x68564605, 0x6e1482b2, 0x465668b2, 0x5241f901, 0x0000b369, 0xfe490003, 0x04f20660, 
    0x0020006c, 0x00400030, 0x05894395, 0x0e11112c, 0x3a010602, 0x0607022a, 0x5341011f, 0x20138307, 0x4b138b02, 0x202b0679, 0x06060109, 0x02036101, 
    0x41010102, 0x0434074f, 0x5d000001, 0x05010a4d, 0x4e055b05, 0x0024401b, 0x4d590202, 0x01202786, 0x592c2696, 0x00001640, 0x35373c3e, 0x25272c2e, 
    0x202b8f82, 0x27122327, 0x1b0b0b22, 0x4113012b, 0x37230c55, 0x41360733, 0x75410556, 0x01032105, 0x241e5e41, 0x7f559602, 0x085541af, 0x57b82108, 
    0x400aac1e, 0xa8895e9e, 0x1b031a3d, 0xac8add95, 0x9e025557, 0x67191303, 0x2e825663, 0x59661954, 0x2d0a6041, 0x19543082, 0x8a655468, 0x0260fe53, 
    0x5b417a06, 0x76843b07, 0x8e444076, 0x14aa00ff, 0x7991ffa4, 0xc003fbfd, 0x69b37014, 0x05fe4250, 0x63415447, 0x472c0807, 0x4f42fa01, 0x0000b46b, 
    0x00a20001, 0x04080400, 0x0016006c, 0x052b402e, 0x02030401, 0x80020403, 0x00030300, 0x00000061, 0x02004d5f, 0x22053a6f, 0x824e0157, 0x00162d0f, 
    0x16212416, 0x1a0b0622, 0x2436132b, 0x2206874f, 0x18132303, 0x080913cc, 0x0123a230, 0xc8bbbb05, 0xa6ab1923, 0x5f4bd236, 0x1413776e, 0x82696e49, 
    0xcfbd0215, 0x93d1d7e0, 0xb6fe1acd, 0x7385c301, 0x78919774, 0xffff0000, 0x7f824200, 0x5e043626, 0xc7040602, 0x012e5f82, 0x00004000, 0xd205af05, 
    0x2d000d00, 0x86822a40, 0x004d562a, 0x5f040101, 0x59040400, 0x2006916e, 0x05984502, 0x0d312d82, 0x11110d00, 0x07111211, 0x252b1b0b, 0x01372107, 
    0x088a8321, 0x0721032a, 0x1b200501, 0x02179bfc, 0x9de9fcf3, 0x3db4f8b6, 0xfd160004, 0x95a6a60f, 0x48fc2303, 0x8cfed205, 0x00d5fc8d, 0x28000200, 
    0x0a367b82, 0x0c00b205, 0x71001900, 0x04090e40, 0x00020301, 0x030e1116, 0xda440507, 0x031d2707, 0x00020201, 0x1a820a5f, 0x56000035, 0x06090b4d, 
    0x07050503, 0x0701085f, 0x4e075707, 0x841b401b, 0x23248219, 0x67020005, 0x59321d8e, 0x0d0d1b40, 0x190d0000, 0x1718190d, 0x12131415, 0x6a820f10, 
    0x11120c2c, 0x0b0c1212, 0x13012b1a, 0x02823313, 0x03230127, 0x1b032303, 0x340b8902, 0xb4115c01, 0x9e903982, 0x3683f5fe, 0x104b83be, 0x3c82b114, 
    0x080d878d, 0xfeb2053c, 0xfe800180, 0xfd81017f, 0xfe8901b6, 0xfc4a0277, 0x0184fe96, 0x0182fe7c, 0x01b8fd7e, 0x0276fe8a, 0x01000048, 0x00007200, 
    0x16066303, 0x56001300, 0x010b0a40, 0x010c0304, 0xd5870402, 0x01051a25, 0x72010602, 0x042005b5, 0x2605605d, 0x00004d5e, 0x82005700, 0x001828d2, 
    0x02040003, 0x8a690403, 0x271a8424, 0x110a4059, 0x11222411, 0x08056f4f, 0x13232143, 0x36333723, 0x16323336, 0x23260717, 0x07330722, 0xd0420123, 
    0xaa1aa7b5, 0x1f9dda29, 0x2a261f41, 0xdb339335, 0x4904e11a, 0x089e959a, 0x8708a606, 0x00ffff9a, 0x04e8ff12, 0x00d20539, 0xde530406, 0x24a78200, 
    0x040000ae, 0x380f829f, 0x402f0013, 0x07090a2c, 0x02040503, 0x05010002, 0x01086800, 0x4d560606, 0x59411803, 0x00132308, 0x00871113, 0x1f0b0b27, 
    0x2307012b, 0x83838203, 0x33372403, 0x83073337, 0x9f043b03, 0xb6c2e81b, 0xb6c1bcc2, 0xc71ac6c1, 0xbc1ab61a, 0x051bb61b, 0x70fba232, 0x03839004, 
    0x82a0a221, 0x31e88200, 0xff480001, 0x060404ec, 0x00200019, 0x11164019, 0x7a640201, 0x191b210c, 0x200a7a64, 0x057a6400, 0x25001226, 0x03000617, 
    0x080b7864, 0x74575321, 0x241645a1, 0x78e5eefe, 0x101959a1, 0x76013309, 0xeb314901, 0x0b32cafe, 0x436a2f15, 0x64179e7c, 0x36080677, 0xd683d795, 
    0xa56200ff, 0x013966c8, 0x96e60143, 0x75fe6d98, 0x7e42d2fe, 0x89965aad, 0x005a9970, 0xe8ff0200, 0x1e054cfe, 0x13005e04, 0x3c001f00, 0x01023940, 
    0x64120002, 0xa0621177, 0x61013105, 0x61010100, 0x14154e01, 0x191b0000, 0x1f151f14, 0x132c3682, 0x08132326, 0x012b190b, 0x33011713, 0x210c7964, 
    0x08510303, 0x06222105, 0x3008bc82, 0x056c4802, 0xfdea7b01, 0x81bf3d76, 0x0f428e5f, 0x60ad760f, 0x24aa3a45, 0x0e0d6341, 0x66403e4d, 0x044c0d0e, 
    0x3922fd5e, 0xf0fa1703, 0x9d5d8979, 0x2c02825f, 0xfa7a031a, 0x524d52a8, 0x4e534f50, 0x701b4f51, 0x4fd38b21, 0x8021091b, 0x0b1b4fb2, 0x7e729124, 
    0x1b4f6cbf, 0xa7682206, 0x3f008200, 0xff570001, 0x04f004ec, 0x003c006c, 0x042b402e, 0x01020201, 0x01010561, 0x064d5f01, 0x03000001, 0x3406204e, 
    0x2e2f0001, 0x1e202c2d, 0x0e0f1011, 0x3c013c00, 0x2b160b07, 0x066f4825, 0x37262626, 0x0733033e, 0x20057650, 0x068f5017, 0x82022e21, 0x37830814, 
    0x23262636, 0x021e3237, 0x07030e07, 0x02021e06, 0x4597854c, 0x111a0b09, 0x04081610, 0x78924c1e, 0x37401419, 0x0e130607, 0x0b0f1d12, 0x9fd88643, 
    0x1a63c39e, 0x423b0e0c, 0x2a080835, 0x7a16173e, 0x04053584, 0x38423709, 0x360b070a, 0x875e9275, 0x3878483b, 0x1c386633, 0xa5354f51, 0x2d322d0c, 
    0x8c382b50, 0x7b924865, 0x947b4a4a, 0x64815a4a, 0x2d31335b, 0x5037a50d, 0x693a1b51, 0x2d457368, 0x84385966, 0x825420e3, 0x820720e3, 0x002122e3, 
    0x05134776, 0x010c0a2c, 0x010b0201, 0x4c020100, 0x0c83401b, 0x0c850420, 0x20060547, 0x3018821a, 0x00010200, 0x02010480, 0x054d5f02, 0x03000001, 
    0x052a4f62, 0x1e401b27, 0x00040100, 0x201c8204, 0x231b8300, 0x59040400, 0x5931208c, 0x00011140, 0x17191c1d, 0x07090e10, 0x21012100, 0x072b4106, 
    0x2e055461, 0x36363507, 0x16163233, 0x020e0307, 0x6b262223, 0x3f08068c, 0x693df201, 0x0a37114b, 0x371c2c24, 0x397a3826, 0x0b034b62, 0xcc8c1838, 
    0x24c9bc7b, 0x1164ce64, 0x2f985b28, 0x7b01757d, 0x080a3b44, 0x5d1b119f, 0x83fe4b8e, 0xd95ccba6, 0xfda502f4, 0x2d7e765b, 0x0027e682, 0xfe280002, 
    0x82830460, 0x000e24e7, 0x844f001b, 0x00b527e9, 0x01000301, 0x07831b4c, 0x4c010222, 0x1120df86, 0x0021cb82, 0x23e08261, 0x004d5f00, 0x2006f450, 
    0x20ce8215, 0x08716b59, 0x592a1787, 0x181129b6, 0x1a0b0421, 0xb582012b, 0x0707122d, 0x07040206, 0x33132307, 0x5a023e03, 0x5908083a, 0xc284c201, 
    0x0725b0cb, 0xa2fed51d, 0xe2d026e9, 0xfc9b94c0, 0x0f0716a3, 0x56626b20, 0xe9032c7e, 0xfcd2fe83, 0xfdfec730, 0x05fe41a9, 0x28a4fbfe, 0x3096cd85, 
    0x4d69ae67, 0x0200003d, 0x0000c9ff, 0x5e04c603, 0x0f000700, 0x29402c00, 0x0004010c, 0x04004c01, 0x04010200, 0xd6826802, 0x054d592d, 0x01010203, 
    0x004e0157, 0x82080900, 0x07430826, 0x06111111, 0x232b190b, 0x23133301, 0x13032103, 0x27262721, 0x37070606, 0xd9e04402, 0x4ffe34bc, 0x4b01dc91, 
    0x321b161f, 0x5e042350, 0x2101a2fb, 0xb601dffe, 0x77f27cab, 0x000047b0, 0x00420001, 0x82740400, 0x000b246f, 0x56244027, 0x0b221881, 0x66820b00, 
    0x20078156, 0x20ef8221, 0x05ac5b23, 0x024caf29, 0xb9b44c11, 0x19fd51b4, 0x82092362, 0xfeeb2264, 0x067b5615, 0x05215f82, 0x200b82e8, 0x245f831e, 
    0x0306111a, 0x29cf8202, 0x00000101, 0x04054d59, 0xe2560303, 0x001e2507, 0x1811181e, 0x16035e1a, 0x0123cd82, 0x84260323, 0x034508d6, 0x0901b942, 
    0x06171898, 0x0137491e, 0xb9180161, 0x230f61b5, 0x41572c12, 0x969eabfe, 0x0d0b1e1b, 0x04610f1c, 0x6196fd5e, 0x9b4a479d, 0xfb6a0260, 0x594802a2, 
    0xac635ec7, 0x02b8fd6f, 0x60a56b48, 0xfd5db65d, 0x82e882b8, 0x825620fb, 0x820320fb, 0x0007249b, 0x4f1e4021, 0x04260a21, 0x57030301, 0x24824e03, 
    0x07000722, 0x053df782, 0x212b190b, 0x21372113, 0x01032107, 0x90fe9e28, 0x1b92031b, 0x039e92fe, 0xfca6a6b8, 0x3c268248, 0xfaff0200, 0x00034cfe, 
    0x18008801, 0x41002000, 0x01163e40, 0x01150003, 0x4c020302, 0x82eb8206, 0x033508f4, 0x00020069, 0x04020504, 0x01050067, 0x00590501, 0x61010505, 
    0x01050100, 0x1f000151, 0x13191a1d, 0x0a0e0f11, 0x01180008, 0x160c0718, 0x1632012b, 0x0e070716, 0x05955502, 0x26342122, 0x2205cc61, 0x54211336, 
    0x4c0805c1, 0xa073a701, 0x18061546, 0x765ab88e, 0x1113308d, 0x51621702, 0x642c6143, 0xfef1ad30, 0x421002a1, 0x016e4a5b, 0x70ad6388, 0x61b98220, 
    0x6270b468, 0x2a3f5f57, 0xfe5c396c, 0x654a0918, 0xff00005b, 0xff4f00ff, 0x052502f3, 0x050602d2, 0x2fc08274, 0x00620001, 0x05fb0100, 0x000300d0, 
    0x02164019, 0x2405fe70, 0x00570000, 0x341d824e, 0x11030003, 0x2b170b03, 0x13230301, 0xa2f7fb01, 0xfad005f8, 0x832b8230, 0x003a2447, 0x82e10200, 
    0x09262a0b, 0x0000d850, 0x00500907, 0x215f83e6, 0x1782a2ff, 0x17859120, 0x0000e32b, 0xff3b0b27, 0x01140154, 0x33078207, 0x0026ff02, 0x0101b112, 
    0xb01401b8, 0x02b12b35, 0x26ffb801, 0x00370882, 0x000e0001, 0x05990900, 0x001300b2, 0x10094047, 0x0401040b, 0x4e010002, 0x10320623, 0x03010506, 
    0x4d560000, 0x02020304, 0x4e025702, 0x1285401b, 0x85000222, 0x59211287, 0x82418240, 0x1413343d, 0x12121114, 0x2b1b0b07, 0x01330209, 0x23013301, 
    0x86010737, 0x01250804, 0xa1016602, 0x01d52401, 0xd42501a0, 0x01d582fe, 0xfe64fe06, 0x0301d4dc, 0xdcfe61fe, 0x057e01da, 0x04a4fbb2, 0x2d03835c, 
    0x05054efa, 0xa9fb5704, 0x59040202, 0x9682a7fb, 0xd2820020, 0x02720027, 0x05cb038c, 0x27ab82ac, 0xb5630017, 0x02050108, 0x0a3fa183, 0x1c405850, 
    0x02010103, 0x00700102, 0x05010702, 0x68050204, 0x00040400, 0x0001065f, 0x82007b00, 0x831b20ad, 0x8501211e, 0x592f1d94, 0x0f0f1740, 0x170f0001, 
    0x1012160f, 0x82050607, 0x0e002dd0, 0x0d080e01, 0x21012b16, 0x17033313, 0x16260382, 0x020e0716, 0x294b0703, 0xd9013906, 0xb98699fe, 0xd3d3a12d, 
    0x0c313cf0, 0xd0975f0c, 0x55568d25, 0x4b370707, 0x203c9f82, 0x0101f5fe, 0x24cdfe0c, 0x7946467b, 0xdd7a0149, 0x3f2c3042, 0x72000100, 0x98024901, 
    0x1c22bb82, 0x37555b00, 0x01172805, 0x4c020004, 0x8225b04b, 0x001a28be, 0x04030402, 0x82800302, 0x01032328, 0xed826503, 0x82610421, 0x048121c2, 
    0x2020bc82, 0x57201c8c, 0x023b1b83, 0x00690400, 0x61030101, 0x03010300, 0x25b75951, 0x22132325, 0x2b1b0d05, 0x83163713, 0x08f872a4, 0xd3530720, 
    0x84372005, 0x72330806, 0x2f322e21, 0xb95d1947, 0x161e0791, 0x1e0d2a14, 0x61274a29, 0x271d122e, 0x2516315c, 0x17bd8602, 0x2c02272d, 0x1f2897fc, 
    0x07ae0408, 0xaa6b820a, 0x8204342e, 0x0001226d, 0x35d7829a, 0x000e0790, 0x4057001f, 0x0501190e, 0x00011a04, 0x02010105, 0xbf820300, 0xbf821820, 
    0x26821920, 0x00010224, 0xc0526902, 0x4d7e2707, 0x01010103, 0xbe82017b, 0x04001728, 0x04000500, 0x23876905, 0x59221986, 0xb5820940, 0x23132327, 
    0x2b1c0d06, 0x63e31801, 0x0307220e, 0x0bfd6623, 0x01063c08, 0x702d22ea, 0x1c767441, 0x1250bb55, 0x4e343c3c, 0x9abb5c1b, 0x28615312, 0x0a1c224a, 
    0x27141428, 0x35cb1406, 0xfea68c3c, 0x6ad70104, 0xfd2d3552, 0x6b9303cf, 0xaa080b84, 0x821c0602, 0x01002d77, 0x7e025200, 0xac057c02, 0x67001000, 
    0x20057f41, 0x20bf820b, 0x20bf8202, 0x21bf8224, 0xcd820017, 0x01036126, 0x4d810202, 0xa4562e82, 0x02812305, 0x9e411b4e, 0x83152005, 0x005f241e, 
    0x837b0202, 0x6103261d, 0x81030300, 0x20da8203, 0x059f4312, 0x08154a18, 0x4e027b22, 0x2305be56, 0x1a0d0422, 0x080a8b41, 0x06272325, 0x26222306, 
    0x322e2152, 0x5b194931, 0x098f86bb, 0x1539682a, 0xbd860224, 0x022a2f17, 0x73e0fc27, 0x8204453c, 0x2ba7824c, 0x04000057, 0x00d205d9, 0x401f0005, 
    0x0221ba83, 0x2196835f, 0x82824d20, 0x4e012122, 0x053b2382, 0x11110500, 0x2b180704, 0x03210701, 0xd9041323, 0xdb33fd1c, 0xd205f7be, 0x82d5faa7, 
    0x6f002037, 0x042f05b3, 0x028a07d9, 0x00580926, 0x06070100, 0x183b02cb, 0x230fe75b, 0xc0fe5700, 0x23856783, 0x0a070026, 0x00cc00da, 0x0b203b83, 
    0x17867f85, 0x430b0623, 0x857382c6, 0xa9052153, 0x04215383, 0x20538614, 0x2953916c, 0xd7050000, 0x0602d205, 0x4b84ef03, 0x0521cb82, 0x210f8310, 
    0x0f847701, 0xecff8b2a, 0xe605b405, 0x49000602, 0xe2200f84, 0x64202f82, 0x9b201f84, 0xa5200f84, 0x6d200f82, 0x1a206384, 0x0a236383, 0x8f31016f, 
    0xdcff2163, 0xba202382, 0xd2203384, 0x01269882, 0xecff8300, 0xf7821207, 0x00222a08, 0x1c244027, 0x01010501, 0x0202044c, 0x4d200000, 0x01010103, 
    0x01066205, 0x05260505, 0x1324244e, 0x11231323, 0x2b1d0707, 0x081d4313, 0x0e24088b, 0x26222302, 0x2a05a741, 0xbeb49a26, 0x567215b4, 0x83159866, 
    0x5e662308, 0x0883a25e, 0xd0911736, 0x28956477, 0x7663b646, 0x92014bab, 0xc0fb4004, 0x7f7b7b7f, 0x8e28078b, 0x49465dbb, 0xbb5d444b, 0x24053341, 
    0x04000020, 0x22ab82da, 0x83270426, 0x430b2ecf, 0xb201dbff, 0x02b10900, 0xb201b801, 0x057b60b0, 0xbf825820, 0xe6058226, 0x90002900, 0x35054a52, 
    0x0a090032, 0x07090a07, 0x00020080, 0x01020001, 0x020b0c80, 0x09820407, 0x68000730, 0x060a0a00, 0x06010861, 0x004d2006, 0x6a520101, 0x03262505, 
    0x3a401b4e, 0x2e84349b, 0x080a0a2c, 0x08080061, 0x05004d25, 0x3d852105, 0x03030022, 0x59223c82, 0xad821640, 0x00293408, 0x22242629, 0x11112321, 
    0x12231311, 0x070d1123, 0x07012b1f, 0x16160621, 0x37243233, 0x04060617, 0x02242223, 0x23032337, 0x33033313, 0x33241236, 0x58161632, 0x76080646, 
    0x6b050706, 0x10cafd1b, 0x927db95b, 0xbd3b0301, 0xf2fed036, 0xfcfeb696, 0x6fdb177b, 0x6bbef6be, 0x01e134dc, 0xe998b236, 0x07bd0285, 0xdc7995cb, 
    0x48032aa7, 0x77e7a8a6, 0x99039a9f, 0x01a873da, 0x5efdd737, 0x76fdd205, 0xa22d01cf, 0x0397da75, 0xdc71a198, 0x020000a1, 0x0000d7ff, 0xd205f404, 
    0x14000b00, 0x2d403000, 0x00060111, 0x06004c01, 0x01020104, 0x82680206, 0x4d202eb5, 0x03030507, 0x01210101, 0x0d00004e, 0x2128820c, 0x0083110b, 
    0x1b070827, 0x3301232b, 0x82ae8201, 0x032324b0, 0x48272101, 0x200805c1, 0xdc140329, 0x5bc82d01, 0x50ba50bf, 0x4901f5c2, 0x0c2fc801, 0x6b461524, 
    0xfad20526, 0xfede012e, 0x31038322, 0x40f48002, 0xdf9ca5e0, 0x0200004a, 0x00005700, 0x8382ee06, 0x00132608, 0x4038001c, 0x00011935, 0x0a4c0101, 
    0x05070001, 0x00020302, 0x090b6803, 0x20010102, 0x0406084d, 0x21020203, 0x22878202, 0x4e001415, 0x0c260bee, 0x012b1f07, 0x8d8a2103, 0x8706be49, 
    0x0c022793, 0x01a5018d, 0x9785dbc2, 0xc350b92c, 0xfefdcaf5, 0xf7be4f96, 0x9e839602, 0x47152322, 0xfc239e83, 0x895203ae, 0x2aa683a2, 0xaefcd205, 
    0xa4e240f4, 0x824ae09c, 0x824120a7, 0x826420a7, 0x001b36a7, 0x4032001f, 0x0001022f, 0x03040106, 0x00670400, 0x5f010808, 0x27a38300, 0x03050709, 
    0x03210303, 0x1f27a382, 0x001b001e, 0x8211211b, 0x23112c8a, 0x2b1d070a, 0x24361333, 0x82013333, 0x163229a6, 0x13230307, 0x23232636, 0x23240682, 
    0x03070622, 0x4408ba82, 0x243d4121, 0x34e41901, 0xc104d0fe, 0xe032f2fd, 0xbe3c24d0, 0x877b173d, 0x6cbc6c96, 0x17ab8795, 0x0c90023d, 0xb1fd7701, 
    0xead86e01, 0x5efda202, 0x92fedce6, 0x92887001, 0x8a0276fd, 0x90fe8892, 0xfe013003, 0x26008200, 0x00570002, 0x82ba0800, 0x202108a7, 0x39002400, 
    0x01053640, 0x02070903, 0x00030100, 0x0b0b0068, 0x01045f02, 0x4d200202, 0x06080a0c, 0x06d64104, 0x00232427, 0x1d200020, 0x2cab841b, 0x13111111, 
    0x2b1f070d, 0x37361321, 0x229f8221, 0x99210333, 0x98022db3, 0xfe621c3c, 0xf7be6c2f, 0x8e0370be, 0xc02cba82, 0xe433f2fd, 0xbd3d24cc, 0x857c173c, 
    0x9624ba83, 0x3c17ad85, 0xae27ba88, 0x0576fd6e, 0x835efdd2, 0xd8ea21c0, 0x8a21c083, 0x21c08390, 0xc0888a90, 0x00022f08, 0x0440fe00, 0x0075077f, 
    0x003a0031, 0x39424045, 0x06070233, 0x04030108, 0x16174c02, 0x00490102, 0x85060706, 0x07000700, 0x00040085, 0x2f6d0203, 0x5f2a0806, 0x20000000, 
    0x0202004d, 0x01006101, 0x4e012601, 0x23241312, 0x203b3d24, 0x2b1e0708, 0x16322101, 0x06060716, 0x0e031607, 0x33722302, 0x17162805, 0x37022e07, 
    0x48333636, 0x23230672, 0x86373137, 0x2186080a, 0x33371701, 0x03230115, 0x01520137, 0x60ca8d2c, 0x7aa01415, 0x9c152bff, 0x49338cea, 0x2808094c, 
    0x3f671e42, 0x150d3a6e, 0x7c2a98d5, 0x8d1414ae, 0x14078f99, 0x119b9e91, 0xfe897414, 0x905a01d2, 0xc2fe93cd, 0x0502e068, 0x77ad5ed2, 0x542eaf76, 
    0xc187f1fe, 0x32353c66, 0x860f2e46, 0x5782591c, 0x818c7d88, 0x7e298781, 0x7d70638c, 0xacac4a02, 0x01effe0c, 0xff000c11, 0x00d500ff, 0x05f10600, 
    0x030602d2, 0x0f8300f2, 0x0f82ce20, 0x8a070b2e, 0x34042602, 0x07010000, 0xb000cd06, 0x2005af45, 0x2f6c1802, 0x8b003308, 0xc40a56fe, 0x2600e605, 
    0x00004101, 0xc7030700, 0x3b841e06, 0x5efe502a, 0xe605ae04, 0x22052602, 0x0a231783, 0x848c0175, 0xfe8b2417, 0x83b40553, 0x49002117, 0x0a305383, 
    0xff020275, 0xb10900f5, 0xffb80101, 0x2b35b0f5, 0xe2247783, 0x6405c0fe, 0x26228782, 0x3b849b01, 0x5102da22, 0x8f823b84, 0x82d40521, 0x01062217, 
    0x200f8cd8, 0x270f8326, 0x430b0701, 0x9bfeb300, 0xfe214b85, 0x244b869b, 0x06c0fe42, 0x216f8385, 0x4b843104, 0xe702db22, 0x57243b84, 0x0c020000, 
    0x00214b83, 0x250f83c5, 0x0000dcff, 0xeb84ea07, 0x97841120, 0x90026f22, 0x210f9b46, 0x97820800, 0x3382e520, 0x17042622, 0xd9224b84, 0x4b842804, 
    0x1782d020, 0xd2058026, 0x1e042600, 0xdd221784, 0x17842303, 0xecff7026, 0x7607c205, 0x07c75718, 0x006b0a23, 0x205384ce, 0x093f4102, 0x23837786, 
    0x6b227785, 0x6341b701, 0xff502410, 0x83ae04ec, 0x22052147, 0x6b229b84, 0x23905a00, 0x6b825f20, 0x6b84a220, 0x23862a20, 0x2390a820, 0x0000d024, 
    0x23848005, 0x0121a782, 0x208f8207, 0x262390a2, 0x06000057, 0x187607f6, 0x230f5b57, 0x46016b0a, 0x57182b84, 0x0021085b, 0x07ab4701, 0x2000a308, 
    0x32403500, 0x01000109, 0x04050119, 0x01034c02, 0x02070800, 0x04000504, 0x01010268, 0x064d2001, 0x21050501, 0x00004e05, 0x20002000, 0x11111119, 
    0x0911111a, 0x132b1d07, 0x33012137, 0x17021e13, 0x0137023e, 0x07210133, 0x03230121, 0x0e272626, 0x23010702, 0x0116c501, 0xd3a9fe70, 0x212c20a2, 
    0x4a3e2412, 0xe0100136, 0x6501cafd, 0x019ffe16, 0x2bc6d36d, 0x3b201a31, 0xbafe2f44, 0x025c02e0, 0x910286bb, 0x5a3fc4fe, 0x54353553, 0x3c013e5a, 
    0xfd866ffd, 0x527a0145, 0x4e30496b, 0x86fe3652, 0x7b82bb02, 0x82000122, 0x8229ff82, 0x2100ea05, 0x41404400, 0x0511631f, 0x03023008, 0x05020305, 
    0x07040080, 0x04060001, 0x03006900, 0x00610103, 0x4d250101, 0x06050500, 0x0606005f, 0x014e0621, 0x1c1d1e00, 0x1117191b, 0x510c0d0f, 0x08280569, 
    0x252b1607, 0x37022622, 0x20072a47, 0x05915923, 0x08078254, 0x23033348, 0x02060613, 0x6ff4a287, 0x01d62423, 0xe290b539, 0x07bf0182, 0xdd7e89c2, 
    0x501c1c9b, 0xf0897db7, 0xbe60be33, 0x89f14f3f, 0xd53501a7, 0xa63501d5, 0x868fc86a, 0xa6e4778d, 0x8c76e6a8, 0x01b9fd84, 0xff76605f, 0x634800ff, 
    0x05a75720, 0x06b10327, 0x04260216, 0x22e782c8, 0x49cb0607, 0x4226068f, 0xb103c0fe, 0x17875e04, 0x00da0a2b, 0xff0000ad, 0x00fdffff, 0x27178900, 
    0x3b0b0701, 0x45ff5dff, 0x21053743, 0x374345ff, 0x00002307, 0x53847a04, 0x5383cf20, 0x006f0a23, 0x213b83d9, 0x178d4200, 0x00cc0623, 0x201788c0, 
    0x202f8491, 0x208386d1, 0x360782ae, 0xff6b0001, 0x043406ec, 0x0022005e, 0x20304033, 0x01010201, 0x8203054c, 0x22230805, 0x0201044d, 0x06620002, 
    0x00000207, 0x014e0026, 0x181c1e00, 0x0f121417, 0x06090b0e, 0x01220005, 0x7f070822, 0xef7f10e6, 0x52332008, 0x273a05d1, 0x9a010606, 0x123c8c67, 
    0x107fb57e, 0x7c5e5e58, 0x7eb37f10, 0x5c5c5710, 0x1182107d, 0xaa73123c, 0x14917967, 0x6014b935, 0xfc026da9, 0x735e05fd, 0xfb025e73, 0x725f05fd, 
    0x07825f72, 0xa96c0427, 0x62627861, 0x26a78478, 0x06e8ff42, 0x826c0407, 0x78cf208a, 0xa7490579, 0x4d222124, 0x1908a749, 0x20097e6b, 0x1bac4936, 
    0x8207e149, 0x0ba84939, 0xe5493d83, 0x4932821f, 0x272006e5, 0x820de549, 0x4959203c, 0x262605e6, 0x22242600, 0xe6491f20, 0x49222006, 0x332109e6, 
    0x09287732, 0x2506e449, 0x3233023e, 0xb7420716, 0x07c80805, 0xfe1ca204, 0x858e084b, 0xb5259f63, 0x7ecc8e1f, 0x0c5dc492, 0xb9b44fd5, 0x28d64fb4, 
    0xb38ceca8, 0x06b506d6, 0xcb816f72, 0xa280022d, 0x5b68b89d, 0x805da166, 0x22fe94e2, 0x22fe5e04, 0xc37cde92, 0xb1754ea1, 0x0200009a, 0x0000d9ff, 
    0x5e04fe03, 0x17000d00, 0x23402600, 0x01111416, 0x01020004, 0x0202004c, 0x03044d22, 0x00000301, 0x004e0021, 0x000d0000, 0x1414110d, 0x2b190705, 
    0x07060321, 0x36372307, 0x01230327, 0x16011333, 0x36361716, 0x07272737, 0x69533b03, 0x29ab2915, 0xc0d16a15, 0xffb76f02, 0x3e29bcfd, 0x2b4e200f, 
    0x013d1237, 0xf57c1081, 0xfe0e7ff5, 0xfb5e047e, 0x0b1602a2, 0x38353738, 0x7e7efe0c, 0x02265882, 0x00004200, 0x8382a305, 0x00152608, 0x403a001f, 
    0x05011e37, 0x02191c04, 0x01010502, 0x4c030200, 0x02000500, 0x68020500, 0x04040106, 0x07084d22, 0x86a08203, 0x00152393, 0x00831115, 0x09141424, 
    0x978b1d07, 0x48211321, 0x3321068c, 0x269f8901, 0x6a53df04, 0x84ac2814, 0xfed8309f, 0xb9b640e3, 0x5a015fb6, 0x01b74001, 0x92bbfd00, 0x840129aa, 
    0x5e047cfe, 0x3f02c1fd, 0x7d21b28a, 0x82b2827d, 0x00042490, 0x82330500, 0x001929b3, 0x4035001d, 0x02020832, 0x2b06e049, 0x09090069, 0x01005f01, 
    0x0a4d2201, 0x2f09e049, 0x1a1b1c1d, 0x19001900, 0x13231121, 0x0b131111, 0x3326ae82, 0x37363637, 0x9f822103, 0x23070723, 0x0ae04937, 0x01074908, 
    0x04211333, 0xc5fd271b, 0xfe0d04e2, 0x25b3bd6e, 0x1b1bb41a, 0x49497d80, 0x7e4849b3, 0x021b1ba8, 0xfefd220e, 0xcce8a255, 0xfe000208, 0xe5cd0a00, 
    0x75a2a2a2, 0xb90147fe, 0x02a2a275, 0x005c015f, 0x42000200, 0x50070000, 0x20299f82, 0x3c002400, 0x050b3940, 0x07d84902, 0x0c006a23, 0x05d8490c, 
    0x0d4d2222, 0x210cd849, 0xda492122, 0x05564108, 0x1f070e24, 0xa683212b, 0x4e410520, 0x3aad9605, 0x21022101, 0x37551118, 0xb44969fe, 0x0255b4b9, 
    0x0c04e0ca, 0xb6bd6dfe, 0x83b31b26, 0x834a20b7, 0xab7c3cb7, 0x0f021a1a, 0xfe00011e, 0x93669055, 0x47fe0333, 0x01fe5e04, 0xfffdff01, 0x87e6cd08, 
    0xa47326bf, 0x015b02a2, 0x08bf8260, 0xfed2ff25, 0x06e6035e, 0x00320016, 0x4062003b, 0x0901345f, 0x02012308, 0x0c4c0203, 0x0908020a, 0x09008508, 
    0x18850905, 0x3108474b, 0x5f050404, 0x22050500, 0x0101004d, 0x06006106, 0x93642106, 0x010b2205, 0x08ff8200, 0x33334e25, 0x3b330001, 0x38393a33, 
    0x2f313536, 0x1c1e282b, 0x1315191b, 0x05080c0e, 0x32013200, 0x2b16070d, 0x49262201, 0xe0490ede, 0x21372109, 0x2108236d, 0x104a0606, 0x33210806, 
    0x17130733, 0x01073337, 0x01370323, 0x16aaa824, 0x4aa3da16, 0x0d0d816b, 0x0cfc6b66, 0x6bec0708, 0x080a8280, 0x98fe6a5f, 0xb568011a, 0x801017b8, 
    0x11605d60, 0x4ab5ef17, 0x0a0a6c59, 0x1a2e5d59, 0xb3ab73c3, 0xabe7fe02, 0x5efe02be, 0x9b86859c, 0x534d4c53, 0x53283048, 0xa0524d4d, 0x75618ca3, 
    0x65851e1a, 0x3e43a88f, 0x07a0433e, 0x09afafb8, 0x0b01f5fe, 0xffff0009, 0x5efe7200, 0x6805f805, 0xac040602, 0x310f8300, 0x04000093, 0x021606e5, 
    0x00fd0426, 0x06060000, 0x0682d1cd, 0x00ffff29, 0x035efe23, 0x826a04a6, 0x82ce2017, 0x0a072310, 0x03500075, 0xfe5e2a05, 0x0453045e, 0x0226026c, 
    0x2017852b, 0x05035501, 0xc0fe562a, 0x5e040304, 0x4d092602, 0xda211784, 0x82598201, 0x82932047, 0x82a6202f, 0x04062217, 0x206f8452, 0x200f8689, 
    0x270f8326, 0x3b0b0701, 0xd2fce9ff, 0x21058b46, 0x8b46d2fc, 0x820e2006, 0x041422a3, 0x207b8276, 0x224b84fb, 0x83470275, 0xe4ff213b, 0x7346a082, 
    0x84cc2005, 0x016f2217, 0x205384b9, 0x267b829e, 0x005e045f, 0x84e70426, 0x02dd2217, 0x24178440, 0x04e8ff77, 0x2247823d, 0x89660206, 0x0206210f, 
    0x0f82bb82, 0x0a060024, 0xeb84e66b, 0x17825786, 0x57850420, 0xe0006b22, 0x23242f84, 0xd803f3ff, 0x04212f83, 0x822882ce, 0x849b202f, 0x0513472f, 
    0x02d30525, 0x82cf0426, 0x06062310, 0x178a75ce, 0x17842f84, 0x826b0a21, 0x00002416, 0x825e0003, 0x046d2c87, 0x000f006c, 0x00230019, 0x4c364039, 
    0x6729064b, 0x01050500, 0x01010061, 0x0de61827, 0x0028360a, 0x0110114e, 0x1b1f2100, 0x1014151a, 0x09191119, 0x010f0007, 0x061d470f, 0x34355a08, 
    0x3233023e, 0x0e141516, 0x36322702, 0x06213736, 0x03161415, 0x34353621, 0x06222326, 0xca100206, 0xdf9d53e8, 0x54e9cb8c, 0x6887df9f, 0xfd1b6a9d, 
    0x5c7a0276, 0x7b018702, 0x6a9a6489, 0x85d0f918, 0xf875c7fa, 0xc6fa87d2, 0x9e61a173, 0x7e19195d, 0x13f001ac, 0x5dad8012, 0x84c3859a, 0x21c383ab, 
    0xf3859e09, 0x17850820, 0xc3823720, 0xdb844420, 0x1785f320, 0x1785d020, 0x04212582, 0x2017845f, 0x201785e7, 0x080b41f4, 0x06a30526, 0x04260002, 
    0x0cbb6018, 0x006b0a23, 0x2820828f, 0x00e4ff01, 0x04670400, 0x06fd445e, 0x01000123, 0x134b4a17, 0x4b4a2220, 0x001d260a, 0x1111181d, 0x4a038211, 
    0x0322064b, 0x3b461733, 0x4a372005, 0x1450064b, 0x07420806, 0x16670123, 0xcaf82f01, 0x142a1d68, 0xb2304b23, 0x016cfed6, 0xdefe161c, 0x7bcc0901, 
    0x2213291c, 0xd5cf2f48, 0xf601ac01, 0xd9e20186, 0x32326c3b, 0xfed93c6b, 0x0afe861e, 0x2f6739fb, 0xfb39672f, 0xa282f601, 0x00010033, 0x0499fe4e, 
    0x006c044c, 0x40310018, 0x0001032e, 0xd74e1804, 0x01052209, 0x21c08204, 0x3e4a6300, 0x03272207, 0x3033824e, 0x22170018, 0x06112812, 0x252b1a07, 
    0x2e132303, 0x06046e02, 0x08077547, 0x33160631, 0xb3538a02, 0x40aa8539, 0xfda91c19, 0x06d7b399, 0x6e7306b5, 0x2020da91, 0xfe89948e, 0x11540110, 
    0xaa9af59a, 0xc3950601, 0xdf7350a1, 0x82e6c1bc, 0x00012254, 0x356a8257, 0x00d205d3, 0x40290009, 0x00020026, 0x03020403, 0x01010067, 0x1e825f00, 
    0x824d2e21, 0x2f04228b, 0x237f8304, 0x11090009, 0x06290082, 0x332b1a08, 0x21072113, 0x3e038303, 0x8503f757, 0x5539fd1c, 0xfd1bc702, 0xd2056b39, 
    0xa700fea7, 0x00007cfd, 0xfe570001, 0x82c0054e, 0x00113357, 0x0f27402a, 0x0203040a, 0x0e4c0100, 0x040b0c0d, 0x5d824902, 0x4d2e0028, 0x02020103, 
    0x5a83022f, 0x11001127, 0x08041116, 0x08588218, 0x0303333f, 0x01373636, 0x27020933, 0x03070101, 0x55bef757, 0x50984b30, 0xfdf90d02, 0xfecf013b, 
    0x1f018383, 0x51fc79fe, 0x02fed205, 0x9451eefe, 0xfde1014a, 0xfeb3fc7b, 0x48016a4e, 0xfee3cc02, 0x82b48217, 0xecff36ba, 0xe605a105, 0x3b002000, 
    0x04003840, 0x04030103, 0x01008001, 0x2d718202, 0x0303007e, 0x05006105, 0x004d3405, 0x9e190202, 0x013108eb, 0x15181a00, 0x090f1114, 0x00040507, 
    0x07200120, 0x052f4a08, 0x16332730, 0x36323316, 0x02363712, 0x06222326, 0x4f180706, 0x44080b49, 0xeb986702, 0x06be0184, 0xee8692cf, 0x53201faa, 
    0xb86186c1, 0x34be2690, 0x971001cf, 0x720c01bf, 0xfee42727, 0xdc7614b7, 0x87a19897, 0xbfbe0701, 0x47880701, 0xda9a668c, 0xa9feba75, 0xa9feeced, 
    0xffff00b9, 0x07e75400, 0xc34e2620, 0xbf052505, 0x6f024902, 0x2105b344, 0xb3446f02, 0x855f2006, 0x260227cf, 0x0000a709, 0x23820701, 0x23900b20, 
    0x2406a772, 0x2d090602, 0x2a578200, 0x5efefdff, 0x5e047a04, 0x4a030602, 0x7b300593, 0xd9040000, 0x13006604, 0x0db54500, 0x01000301, 0x21061869, 
    0x52820012, 0x0102612b, 0x4d310101, 0x03030104, 0x07ac562f, 0x14840120, 0x14873720, 0x0c405922, 0x13342982, 0x21191300, 0x19080523, 0x2603212b, 
    0x37232326, 0x13173233, 0x08052843, 0x01330141, 0x09c0b801, 0x19192f2c, 0x6320d71e, 0x1e08110e, 0x5d012740, 0x039cfdc4, 0x9b232a7e, 0x4906fea5, 
    0x91464691, 0xfb970249, 0x000100a2, 0x04e8ff37, 0x006c0444, 0x4031001d, 0x0412132e, 0x49010403, 0x033f05d9, 0x03030061, 0x01004d37, 0x04610001, 
    0x35000001, 0x00014e00, 0x0e101517, 0x1d000608, 0x41051d01, 0xfd7f0599, 0x37362206, 0x0b407d36, 0x07123d08, 0x01060206, 0x14dca4cb, 0x70810ab4, 
    0x1265a370, 0x707c2713, 0xa527a46e, 0xa20f0147, 0x1d55cd98, 0x18fdab1c, 0x5b3195a9, 0x6ebd7473, 0x6f75be70, 0xa3923156, 0xaffbfe90, 0x90fcfeac, 
    0x0222df82, 0x97825d00, 0x97845220, 0x4500293b, 0x0b0c4240, 0x1b020502, 0x0403021a, 0x05004c02, 0x03040107, 0x00690405, 0x059c5102, 0x0321a582, 
    0x08434203, 0x011e1f2f, 0x1e232500, 0x18291f29, 0x090e1016, 0x20ad8307, 0x45ad8508, 0x03550659, 0x020e2105, 0x2405cc7d, 0x04061737, 0x05da4703, 
    0x16322c08, 0x02060607, 0x53e8ca0f, 0xa78ddf9c, 0x0ab016dd, 0x9c666b79, 0x887a366b, 0xa627ae74, 0x61f5fe45, 0x08094036, 0x4036365a, 0x455a0908, 
    0xa8350668, 0x6a562792, 0x5dbd9e60, 0x5b78ad7d, 0x01a6943a, 0x36364dc4, 0x8403834d, 0x095f41c7, 0x1321c784, 0x23c78212, 0x01020304, 0x0120c787, 
    0x6d41c785, 0x4106200b, 0xc789056d, 0x86097541, 0x1a7541c7, 0x8141c98b, 0x825a201f, 0x590925cd, 0x09413636, 0x8d41cd82, 0xbf012117, 0x0128cf8a, 
    0x5efefdff, 0x5e042404, 0x2615a744, 0x01054d31, 0x44330404, 0x03200fa7, 0x2908a744, 0x2903fe03, 0x468bfd1b, 0x05827502, 0x5efe822b, 0xfea10006, 
    0xedfca155, 0x26008200, 0xfe420001, 0x8275044e, 0x0e28085b, 0x2b402e00, 0x0300010d, 0x00010102, 0x010e4c02, 0x00490102, 0x01000003, 0x04680003, 
    0x31020201, 0x0101004d, 0x114e012f, 0x13280082, 0x2b1b0805, 0x01012701, 0x0806014d, 0x01330121, 0x6efb0101, 0xb8fe6301, 0xb9b44f63, 0x01544fb4, 
    0xc6fdebd6, 0x4efe7b01, 0x0151016c, 0x7522fed3, 0x002009f2, 0x80375482, 0x8b04ecff, 0x1d001406, 0x35002900, 0x0a408300, 0x06030119, 0x8204011b, 
    0x05db5777, 0x0108293e, 0x04010900, 0x69040005, 0x02070700, 0x02020061, 0x03004d36, 0x00610603, 0x4d370606, 0x2f07de47, 0x1b4e0135, 0x02002540, 
    0x02060700, 0x06006907, 0x06225a82, 0x3b8a6903, 0x82060648, 0x40593027, 0x011e1f1b, 0x2e323400, 0x1e24262c, 0x41291f29, 0x0a2d09df, 0x012b1608, 
    0x0e071632, 0x02222302, 0x06885013, 0x26260d84, 0x36070627, 0x26631736, 0x32332705, 0x01123736, 0x5e541616, 0x22680806, 0xc2f80206, 0x9a1925d1, 
    0xc0eb99ef, 0xae260c3a, 0x89b30c01, 0x590a15a3, 0x974278a2, 0x4b1c3356, 0x8a492fc7, 0x5f191064, 0x19a69290, 0x484dfe31, 0x51512b70, 0x54300807, 
    0xab038753, 0xe197deed, 0x0162017c, 0x01e74964, 0x858ccc66, 0x16517e42, 0x4aa68025, 0x8343a75a, 0xbab69561, 0x01240194, 0x43161dc4, 0x594c2922, 
    0x4608de82, 0x04ecff5c, 0x00e605ac, 0x002f0024, 0x222c402f, 0x01020216, 0x01004c01, 0x01040204, 0x04008002, 0x00610304, 0x4d340303, 0x00020200, 
    0x00000062, 0x294e0035, 0x2714232a, 0x2b1b0805, 0x06060701, 0x04060707, 0x62262223, 0xc08306b8, 0x02263727, 0x023e3737, 0x28f68233, 0x05363603, 
    0x23263613, 0x08268322, 0xac041660, 0x23482413, 0xe5fe2518, 0x4fbb89c3, 0x36cd3516, 0x6a786c16, 0xcb191895, 0x0d0218d4, 0x9e69b071, 0x203f1d97, 
    0x3dd1fe42, 0x3b433811, 0x13030e5d, 0xa40c036b, 0x9104100d, 0xce72eddd, 0xfe46018a, 0x8d9b83ba, 0x01259991, 0x7112d925, 0xb0c6539e, 0x0b0485fe, 
    0x68700102, 0x15644d5c, 0x9d82c784, 0x40000234, 0x8e06ecff, 0x14005e04, 0x45002a00, 0x010a4240, 0xce820605, 0x05000638, 0x80050600, 0x0303080a, 
    0x5f040000, 0x04040109, 0x01074d31, 0x55750505, 0x01353005, 0x0015154e, 0x152a1500, 0x2023252a, 0x821a1c1f, 0x1414273e, 0x0b112424, 0xe5821a08, 
    0x07162324, 0x9a5a0002, 0x13022607, 0x37233736, 0x20f98205, 0x0de75d06, 0x26365708, 0x1d8e0627, 0x2e222b5e, 0x79bcf6fe, 0xb93c158f, 0x2e9fbf78, 
    0x1d5f6622, 0x42450b01, 0x68571f11, 0x2b198e5f, 0x551b2dd3, 0x209e6a5d, 0x04200210, 0xd0b2a45e, 0xd2fee2fe, 0x7973717b, 0x16013601, 0xa4a4b5cd, 
    0xc167bd70, 0x019eaad3, 0xa0f5fe0b, 0x63c3d3a8, 0xd68273bc, 0x00010031, 0x05ecff96, 0x006c045e, 0xb7820022, 0x82070f21, 0x4c0121c7, 0x2005d042, 
    0x08694618, 0x004d3736, 0x62040303, 0x04020506, 0x4e043504, 0x24b04b1b, 0x1c405850, 0x06201f8a, 0x2f20f282, 0x00202585, 0x40262385, 0x02020020, 
    0x23844d31, 0x01010024, 0x22904d37, 0x40595923, 0x3e1e820e, 0x24220022, 0x24241434, 0x2b1b0807, 0x36133733, 0x07222326, 0x33363637, 0x03071632, 
    0x72073301, 0x260806ab, 0x23060607, 0x13372622, 0x68889601, 0x20505011, 0x46181b21, 0x1c94921b, 0xda6a023a, 0x51105fbb, 0x0f240e4e, 0x8347171b, 
    0x332a0812, 0x0297c7fd, 0x074f6477, 0xb70b07a0, 0x02a1fea7, 0xbafdd0af, 0x04034c65, 0xb8080aa0, 0xfd2f01a5, 0x02000088, 0x26fe6c00, 0xf7828c04, 
    0x3800262c, 0x2d403000, 0x0302011b, 0x18834c01, 0x01058623, 0x221f8203, 0x82690203, 0x610121c9, 0x043bbb83, 0x3127284e, 0x2838272f, 0x102d2738, 
    0x2b190806, 0x26362301, 0x02262627, 0x42313737, 0x54620591, 0x14272407, 0x82171616, 0x031e2602, 0x36363201, 0x06ed4637, 0x07063d08, 0x16160607, 
    0x0eaa7a03, 0xbc8e697d, 0x010f2842, 0x96f3a01a, 0x1849c09c, 0xe2901403, 0x36a06c8f, 0x0655864f, 0x7441060d, 0xc9fe2354, 0x0c548c62, 0x681c1003, 
    0x58906263, 0x210c0310, 0x3008a982, 0x1f163b4d, 0xf34901ba, 0xfeaa055a, 0xa5fc8f8c, 0x82df8c15, 0x91774858, 0x0301134f, 0x41240e02, 0x5b5c0273, 
    0x70155795, 0xb26868b2, 0x95571570, 0x05db415b, 0xff272408, 0x04b703ff, 0x0018005e, 0x00314034, 0x00050004, 0x00670504, 0x5f020303, 0x31020200, 
    0x0001064d, 0x455f0100, 0x013b0522, 0x14151600, 0x0d0e1013, 0x0002040b, 0x07180118, 0x252b1608, 0x22210721, 0x83372626, 0x220a83e2, 0x82070606, 
    0x06410806, 0x01e70116, 0xcefe1d32, 0x173ebea7, 0xf2911706, 0x1d3301a6, 0x8562d0fe, 0x89011350, 0x0a79fe1b, 0x93a6a561, 0x962795f7, 0x54a690f3, 
    0x8aa4578e, 0xff0000ac, 0xff4b00ff, 0x064d05e8, 0x04260216, 0x249c8237, 0x01690a07, 0x24178485, 0x04ecff31, 0x20178402, 0x20178654, 0x24178450, 
    0x045efe42, 0x2017845a, 0x20178663, 0x2417848c, 0x02f8ff57, 0x20178444, 0x2317827c, 0x19690a06, 0x5f840682, 0xbc02f824, 0x5f826007, 0x07241783, 
    0xe9fef80a, 0x5e242f84, 0x6d04e8ff, 0x02212f83, 0x20778cf7, 0x20778264, 0x21178379, 0x17869503, 0x2f847d20, 0x91211783, 0xf36c1806, 0xc7062108, 
    0x0028be82, 0x4200ffff, 0x1706f0ff, 0xad207784, 0x02212f85, 0x34078258, 0xfeeaff01, 0xfffc0012, 0x000c008a, 0x6406b157, 0x0109b544, 0x08c47202, 
    0x0100173a, 0x70010202, 0x00000200, 0x02005902, 0x03620002, 0x00020001, 0x16401b52, 0x01211982, 0x08189085, 0x0d405939, 0x06080001, 0x0c000304, 
    0x08040c01, 0x06b12b16, 0x22134400, 0x07333737, 0x37323306, 0x94060607, 0xa21f1eaa, 0x18330d1f, 0x32101114, 0xbeba12fe, 0x67044dbc, 0x83000606, 
    0x238b87bb, 0xc1090602, 0x033f1082, 0x7a029d00, 0xce06cf03, 0x19001000, 0x0e012200, 0x5009b04b, 0x08204058, 0x03000401, 0x4e030402, 0x7e200871, 
    0x260a714e, 0x1b4e0081, 0x9411b04b, 0x907c2027, 0x941b2027, 0x204f9127, 0x91279421, 0x822f204f, 0x881d2027, 0x0107289f, 0x00010602, 0x47650002, 
    0x7c20073b, 0x20051770, 0x1cf51801, 0x8267200d, 0x00002327, 0x06825902, 0x2305204c, 0x59510002, 0x403d0083, 0x121a1b1b, 0x20000111, 0x1b221a1e, 
    0x11141622, 0x0a191219, 0x01100008, 0x160d0910, 0x3fd4182b, 0x06062c0d, 0x37363227, 0x06072137, 0x7e210316, 0x480806d1, 0x9865db01, 0x1d171d41, 
    0x6865b787, 0x161c3f97, 0x6284fb29, 0xfe021a6f, 0x421b0291, 0x026e010b, 0x5d5e3f1a, 0x7a021c72, 0x86a9da69, 0x6564d5a9, 0xfb86a8d5, 0xa3949df1, 
    0x95a20b0b, 0xa30dde01, 0x00a78c90, 0xffff0000, 0x0e6f5a00, 0x04210f83, 0x53591832, 0xc5002309, 0x27872602, 0x88580621, 0x85272017, 0x07002517, 
    0x4c04c500, 0x08211f87, 0x221f8811, 0x86c80107, 0x00ce2a37, 0x05eb0500, 0x010602d2, 0x822784c8, 0x9107210f, 0x0f832783, 0x05203f83, 0x82056b43, 
    0xb7092117, 0x5f821788, 0x1f831783, 0x87ab0721, 0xdd0b2137, 0x27821f90, 0x27831f83, 0x84d10921, 0x21cf8227, 0x878ae007, 0x8785d220, 0x210dbf61, 
    0x0f83ffff, 0x84810721, 0x00d2224f, 0x20878400, 0x833f8375, 0xa7092117, 0x5f821788, 0x17820520, 0x9b208784, 0x03215f87, 0x20cf84e3, 0x145b6219, 
    0x05217f82, 0x211f8392, 0x8f885400, 0x2f842020, 0x0f842420, 0x00003631, 0x03060202, 0x93022600, 0x060000f4, 0x50f66c0a, 0x03210887, 0x821785ff, 
    0x0a262b10, 0x0000026c, 0x01930227, 0x9d8200f1, 0x016c0a23, 0x280782f3, 0x00ffff00, 0x05000042, 0x202796f0, 0x82278627, 0xe2032137, 0x03213785, 
    0x213789e4, 0x378e9706, 0xb5030722, 0x57835f84, 0x0000872b, 0x5e049a04, 0xb5030600, 0x210f86f4, 0x2f83e605, 0x89830f83, 0x86d80321, 0x00da2151, 
    0x21068f53, 0x1f857e08, 0x71821782, 0x837f0421, 0x6c0a2307, 0x0f858104, 0x85700621, 0x7206212f, 0x0a212f87, 0x822fa06f, 0x202f83c1, 0x214f8200, 
    0x3f856108, 0x84630821, 0x21f7823f, 0xbf905806, 0xbf87c220, 0x82d8ff21, 0x845b20bf, 0x83c220bf, 0x82ff20bf, 0x6c0621f7, 0xc2206f84, 0x4f824782, 
    0x00221b82, 0x9f820700, 0x4f836020, 0x08211f83, 0x821f905d, 0x8204207f, 0x8200201f, 0x4f06212f, 0x2f823782, 0x84510621, 0x00412a7f, 0x05ec0100, 
    0x020602d2, 0x360f84c1, 0x03e8ff00, 0x006c04f5, 0xa22b0206, 0x00ffff00, 0x04e8ff52, 0x82d205d7, 0x8336200f, 0x8200207f, 0x9906272f, 0x06027204, 
    0x4782df02, 0x3d00012a, 0x0e05ecff, 0x2100e405, 0x2a1a1b7e, 0x01004d5c, 0x00610501, 0x7e5d0505, 0x4708221b, 0x06070712, 0x22230402, 0xd2442626, 
    0x919e7502, 0x1c1771c1, 0x859b321a, 0xd02fab9c, 0xa1f6a527, 0x235ff2bb, 0xfec0221c, 0xcfa3bcdb, 0x94d0015d, 0x8de98caa, 0x81e899a8, 0xdc9195af, 
    0xcefea77d, 0xfecfa8cf, 0xdb81a8cf, 0x00309e82, 0xfea20001, 0x05720598, 0x002400e6, 0x033a403d, 0x01398682, 0x0403004c, 0x06030406, 0x06010780, 
    0x00060000, 0x04040063, 0x02006102, 0x4ca68202, 0x5d220608, 0x3d824e01, 0x24002432, 0x27132227, 0x0b081123, 0x03012b1c, 0x06061323, 0x02219582, 
    0x06fa4b37, 0x09f95018, 0x0807845c, 0x01053748, 0x4748d087, 0xebba61aa, 0x201b2059, 0xbd2901bf, 0x095ecfa3, 0x9d7701ce, 0x1879c286, 0x8d21161b, 
    0x35b5758b, 0xfcc5011b, 0x2baf01d3, 0x3101aa30, 0x01caaacd, 0xdd7eac32, 0x83af958f, 0x8aaa97e8, 0x365c8eea, 0xb78200a1, 0x9a829220, 0xb205292f, 
    0x34000900, 0x06090a40, 0x05010405, 0x08406a01, 0x9d820b20, 0x47185620, 0x0d820855, 0x00013808, 0x01010085, 0x594e0157, 0x021214b4, 0x012b180b, 
    0x03331301, 0x23011701, 0x01410101, 0xbcd2bb77, 0xfd772902, 0x00feb51e, 0x03fe3903, 0x87fb7604, 0xfd940002, 0x82ac025b, 0x00012f48, 0x04f10112, 
    0x00410334, 0x40200011, 0x6682021d, 0x00860022, 0x0e9dab18, 0x2313232b, 0x1a060410, 0x2e23012b, 0x05e45102, 0x023e2508, 0x16163233, 0x19a43404, 
    0x6b628151, 0xa6236697, 0x82dfae37, 0x017dc183, 0x3c592df1, 0x582b593e, 0x995f5f99, 0xb7085f83, 0x8dfec2ff, 0xc5067302, 0x06000700, 0x010407b3, 
    0x25072b32, 0x13372713, 0x013e0101, 0x9db9e902, 0xfefffee2, 0x05dcf3bf, 0xfe82da80, 0xfeeaf9ee, 0x030000f0, 0x82006800, 0x28053505, 0x2f001700, 
    0xd4004700, 0x14153240, 0x0e0f1013, 0x09040306, 0x03040708, 0x00010602, 0x40434445, 0x2c2d3e3f, 0x2627282b, 0x390a090c, 0x33343738, 0x1f202132, 
    0x0c1a1b1c, 0x4c040607, 0x501eb04b, 0x00364058, 0x85040304, 0x0a000100, 0x800a0100, 0x090a0110, 0x7e090a00, 0x0607010d, 0x0f118607, 0x0e09030b, 
    0x0603080c, 0x68060907, 0x00000102, 0x01055f03, 0x00590303, 0x3e401b4e, 0x2482389a, 0x01232d82, 0x84670003, 0x06062342, 0x08845709, 0x60060922, 
    0x093a4e84, 0x40595006, 0x4246471e, 0x3b3c3d41, 0x3135363a, 0x2a2e2f30, 0x14242529, 0x02841114, 0x0b12103c, 0x23012b1f, 0x07270717, 0x27073723, 
    0x33372337, 0x37173727, 0x17370733, 0x17973307, 0x2f960520, 0x4a042908, 0x615065ad, 0x871b621b, 0x0ea88d3a, 0x614e60a6, 0x881b601c, 0xfea6873c, 
    0x5365ab47, 0x1b621a5f, 0xac8d3988, 0x4f5fa313, 0x39251884, 0x6f02aa87, 0x221886ac, 0x87ad8d38, 0x38893e18, 0xdc03aa87, 0xa677447b, 0x7a4575a4, 
    0x76447560, 0x4476a9a9, 0x7b34fd75, 0xa5a37444, 0x21128576, 0x1282a7a7, 0x118c6020, 0x4477a824, 0x00820075, 0xa6ff0135, 0x8e02ddfd, 0x08009fff, 
    0x16401900, 0x01000108, 0x82004c01, 0x02852e05, 0x76000001, 0x03111111, 0x012b190b, 0x05dc6f03, 0x35012736, 0x7b01b3dc, 0x83b2e08d, 0xfef7fe0a, 
    0xfec201e6, 0x2b1a013e, 0xb2264784, 0x3d0307fe, 0x2f424a02, 0x03250805, 0x012b3201, 0x03071301, 0x03012701, 0xc05cfe3d, 0xe9fea582, 0x02200369, 
    0xfeebfd01, 0x62014560, 0x034a9efe, 0x323783f9, 0xa004c000, 0x0e06b506, 0x34000d00, 0x06070db5, 0x7b490003, 0x0b200593, 0x61201d83, 0x5e208e82, 
    0x16029418, 0x22253908, 0x2b180b02, 0x23242601, 0x27070422, 0x20332436, 0x4a061704, 0xbcc9fe8b, 0x9fb2febd, 0xa3019862, 0x010701ed, 0xa0045670, 
    0x635e6162, 0x95928c4e, 0xffff0089, 0x3d02b000, 0x1c733819, 0xf3ff4f2b, 0x00016a01, 0xbf050602, 0x392f8200, 0x2806daff, 0xce069b03, 0xe8050701, 
    0xce065200, 0x00b10900, 0xce06b801, 0xf68335b0, 0x05003b08, 0x88007800, 0xd404d704, 0x17000b00, 0x2f002300, 0x4c003b00, 0x06074940, 0x07040304, 
    0x00010506, 0x02020807, 0x010b0001, 0x090a0104, 0x04050301, 0x06004c05, 0x06000700, 0x16826907, 0x01010332, 0x69010004, 0x05050400, 0x04005904, 
    0x00610504, 0x51212182, 0x25008524, 0x1e0b082e, 0xab18252b, 0x072208d4, 0xed4d2501, 0x06062405, 0x8b262223, 0x8a01200b, 0x05316c17, 0x23840720, 
    0x1c012808, 0xfe7c0170, 0x0d019cf2, 0xfe6b7d01, 0x990d0186, 0x4601f2fe, 0x393b4a07, 0x49070835, 0xfc32393d, 0x3c4408a8, 0x8308343b, 0x01313312, 
    0x3b46086e, 0x0808323b, 0x30393b49, 0x3a450898, 0x0b82353a, 0x303b3932, 0x4a0186de, 0xfe884a01, 0x884b01b5, 0xb5feb7fe, 0x883a0e82, 0x32424632, 
    0x2f3e422d, 0x32404630, 0xfe3d4031, 0x44442f76, 0x41422e2f, 0x04829b03, 0x30302708, 0x00004340, 0x89000200, 0xf2019bfe, 0x03002304, 0x29000f00, 
    0x03002640, 0x01020104, 0x00690203, 0x01000001, 0x8c570057, 0x00013405, 0x0b04054f, 0x050f0409, 0x0510110f, 0x012b180b, 0x53330323, 0x34080c75, 
    0xce3f8951, 0x0940390a, 0x38395a09, 0x5b080841, 0x36029bfe, 0x36504602, 0x364e5036, 0x01005236, 0x1dfeceff, 0x8cffc305, 0x26000e00, 0x0b0c2340, 
    0x01040405, 0x2063844a, 0x3a638359, 0x00010261, 0x01510001, 0x00070900, 0x030e010e, 0x012b160b, 0x27262422, 0x69041637, 0x330805d7, 0xc3990204, 
    0x41b8f1fe, 0x2201567f, 0x5a01eff4, 0xfe6f4e73, 0x481dfe6e, 0x43505582, 0x50426362, 0xffffab74, 0x80ff3100, 0xc6027b03, 0xec050701, 0xf4fc7fff, 
    0x21050742, 0x5218f4fc, 0xca26080f, 0xb2061dfe, 0x83821106, 0x5e001e28, 0x1a1b0d40, 0x89831314, 0x03010822, 0x23074170, 0x04010014, 0x652f8983, 
    0x02030300, 0x02010561, 0x4e035e02, 0x821a401b, 0x03002409, 0x41030201, 0xb2850516, 0x512d2884, 0x10134059, 0x1800010f, 0x101e0f16, 0x20bd851e, 
    0x25bd9106, 0x16043603, 0x07430717, 0x24362307, 0xcd919502, 0x01c63233, 0x4e4ae234, 0xf0aafe72, 0x57dffef0, 0x01b43f7e, 0x08e18c0e, 0x01f30721, 
    0x4e4e8350, 0x46606442, 0x4b82544e, 0xff000000, 0xfe1a01ff, 0x05640486, 0x052600d2, 0x830068ec, 0x680023f9, 0xf982fafb, 0xb8010124, 0xf984fafb, 
    0x00012708, 0x051902ac, 0x00880360, 0x402d0017, 0x01010d2a, 0x02010c02, 0x4c020300, 0x01000200, 0x69010203, 0x00000300, 0xf2825903, 0x82610021, 
    0x00450808, 0x23252351, 0x1a0b0423, 0x0617012b, 0x2e222306, 0x06222302, 0x36362707, 0x021e3233, 0x05363233, 0xb53b3d23, 0x818a4f6b, 0x7b52437e, 
    0xab47343d, 0x7d885168, 0x7e43467d, 0x28811e03, 0x3c503c5c, 0x2a862933, 0x30078353, 0xff010000, 0x051dfeac, 0x008cffa1, 0x4027000f, 0x05f74124, 
    0x01024927, 0x00010100, 0x23068259, 0x00610100, 0xf8410c82, 0x010f2805, 0x160b030f, 0x4132052b, 0x20080e2b, 0x1c01c9d6, 0x606b2fb7, 0xf0ecc8fe, 
    0x6270bcfe, 0x2a01df59, 0x4b835174, 0x60644350, 0x82514e45, 0x2767824c, 0x75007a00, 0xc803e603, 0x3d22e382, 0xd3463a40, 0x46ec8211, 0x012306ae, 
    0x83010586, 0x825720ef, 0x00032406, 0x8201025f, 0x464f20fd, 0x0622053c, 0x3c461c0b, 0x4621200b, 0x53080b3c, 0x96fecd03, 0x93299179, 0xd355cb29, 
    0xfa19fffe, 0x2b907992, 0x53cc2a92, 0xd501fccc, 0xf3b167b7, 0xb767b1f3, 0xb066b290, 0x66b2fdfb, 0x00ffffb2, 0x0320fe5a, 0x00b207b7, 0x00910526, 
    0x05070000, 0x002c0191, 0x00ffff00, 0x02290228, 0x00cf02d2, 0x98940506, 0x00270f90, 0xfe5eff02, 0x82430360, 0x00032a31, 0xb1380007, 0x40446406, 
    0x28a8822d, 0x03010200, 0x01046702, 0x20ea8201, 0x22068257, 0x825f0001, 0x4f003c09, 0x00000404, 0x07040704, 0x03000506, 0x06110300, 0xb12b170b, 
    0x01440006, 0x83372107, 0x1b032703, 0x1a5dfc1a, 0x0583cb03, 0xfffe2408, 0x01019f9f, 0x02009f9f, 0xd500d700, 0xac05de03, 0x20001500, 0x26402900, 
    0x03111415, 0x01000304, 0x8201024c, 0x48852045, 0x623409a2, 0x01030100, 0x27172752, 0x1a0d0411, 0x3313012b, 0x16161701, 0x2d05b744, 0x37363637, 
    0x13330337, 0x06060315, 0x93550607, 0x02420805, 0xfecffc13, 0x040a2967, 0x59820e04, 0x040e5e5a, 0x95681917, 0x234250cd, 0x2907031a, 0x03031417, 
    0x029e0309, 0xa4fcfc0e, 0x58173f28, 0x17585b59, 0x02af2b34, 0x1ef2fdff, 0x2f3d96fe, 0x13182d15, 0xf8823b17, 0x00010023, 0x30d48258, 0x003e05dc, 
    0x40270013, 0x11121324, 0x0b0c0d0e, 0x059e480a, 0x460f0121, 0x2b8208fd, 0x4e002133, 0x07021519, 0x01012b18, 0x03250705, 0x37250123, 0x82038305, 
    0x052c08a9, 0xfe590307, 0x5d0701f6, 0xaee9f6fe, 0xfdfe2301, 0x0109015a, 0x61f9fe06, 0xacef0601, 0x0a01dafe, 0xfe280360, 0xac80ac98, 0x8e01c0fe, 
    0x26080682, 0x82a86a01, 0xfe4601aa, 0x007eaa6a, 0x01ffff00, 0x02940358, 0x00d2054d, 0x52bc0506, 0xff010000, 0x015efed8, 0x74beff4b, 0x002208fb, 
    0x80828501, 0x74003321, 0x083008fb, 0x03052b17, 0x4b011323, 0x42f8beb5, 0x6001a0fe, 0x37821e82, 0xffffe233, 0x3b047403, 0x4f001900, 0x501cb04b, 
    0x001d4058, 0x22e28202, 0x18670102, 0x21077556, 0x29824d31, 0x005f052d, 0x052f0505, 0x1b401b4e, 0x50000400, 0x6f1805d2, 0x002008f3, 0x59391d87, 
    0x21270940, 0x20131123, 0x2b1c0806, 0x36322127, 0x37213736, 0x26263621, 0x21068223, 0xb9531632, 0x21300805, 0x62300101, 0xfe145083, 0x8c011b76, 
    0x63692307, 0x011bd0fe, 0x42c2a830, 0x90190719, 0xcefea8ef, 0x4f8551a5, 0x53874da4, 0x8fed8ea6, 0x8eed8f28, 0x01267e82, 0x82ff1e00, 0xef821d06, 
    0x3600232f, 0x15163340, 0x0b030102, 0x02010001, 0x4a5a184c, 0x00012208, 0x50211900, 0x3032820c, 0x080d0f1c, 0x01230006, 0x16060523, 0x2622052b, 
    0x05bb4a37, 0x13371723, 0x238c8333, 0x27070606, 0x07566b18, 0x0e034608, 0x8b340103, 0x590c128b, 0x69424a84, 0xda320640, 0x66d691f0, 0x4d6c1118, 
    0x0c4c3563, 0x64944711, 0x600cb950, 0x8b7ea990, 0x4978466a, 0x0d37633f, 0xeb8d2005, 0x46b7678f, 0x49842f68, 0xfb63a666, 0x607d48a3, 0x20aa8236, 
    0x3d788200, 0xe80782ff, 0x27004206, 0x2b402e00, 0x00021024, 0x274c0103, 0x4a010212, 0x02000300, 0x21825903, 0x01020029, 0x03006900, 0x82610203, 
    0x51022d10, 0x24252b25, 0x2b1a0604, 0x23030e01, 0x0521a68b, 0x22108e03, 0x83220725, 0x8b553085, 0x590c118a, 0x68424a85, 0x97310641, 0x8592affc, 
    0x24be8a14, 0x019c04c6, 0x88918394, 0x8d0324af, 0x8c8cfca5, 0xab042211, 0x08af85e5, 0x4702da21, 0x2005bb03, 0x27000800, 0x446406b1, 0x01041c40, 
    0x4c010002, 0x02000101, 0x01038500, 0x82760202, 0x00082727, 0x04111408, 0xc043180b, 0x33033e05, 0x13371713, 0x8a010133, 0x075fb1b0, 0xfeb3f91e, 
    0x0247025c, 0x493dfed9, 0xfdc30149, 0x082f8227, 0x0001003b, 0x03530298, 0x003305bd, 0xb306000a, 0x32010208, 0x0137132b, 0x17070507, 0x37010705, 
    0x0e03159a, 0x4a20fe1f, 0x1ca60145, 0x030355fd, 0x29017c8e, 0x1311adb3, 0x2a01b1ab, 0x203b8211, 0x203b8266, 0x213b868b, 0x3b820309, 0x82270121, 
    0x25230835, 0x37252737, 0x02770301, 0x1df4fc03, 0x4349e301, 0x021e56fe, 0x018e03ab, 0xb1d6fe12, 0xad1113ab, 0x85d7feb3, 0x8262207b, 0x8b4120d3, 
    0x4a0220d3, 0x03240997, 0x00000202, 0x1121d386, 0x3bd38914, 0x23030727, 0x02133301, 0x1f066390, 0xa201b1f5, 0x4702ae8f, 0x4848c401, 0xd9023cfe, 
    0x2208d387, 0x02ab0088, 0x001d023f, 0xb1510007, 0x4b446406, 0x58500cb0, 0x02001840, 0x71020101, 0x01010000, 0x82005700, 0x045f2206, 0x286f8303, 
    0x17401b4f, 0x02010200, 0x22199186, 0x820c4059, 0x07240828, 0x11110700, 0x190b0511, 0x0006b12b, 0x21371344, 0x23072307, 0x01188837, 0x2682189f, 
    0x8e01279c, 0xe3e38f8f, 0x01282782, 0xdffd0600, 0xb8ff0802, 0x202aa341, 0x07a34113, 0x7c818737, 0xa9140548, 0xfde3fe7c, 0xfed901df, 0x012d2ddb, 
    0x0027fe25, 0x28998201, 0x01e10119, 0x000300a9, 0x21cb8320, 0xa68a1540, 0x01241e82, 0x0210114f, 0x2c06f041, 0x21072113, 0x18c6011b, 0xa90139fe, 
    0x2b268290, 0x94007400, 0x2d022902, 0x62000b00, 0x2b050741, 0x40585013, 0x05010620, 0x70050000, 0x28050e41, 0x01000104, 0x04570001, 0x212f8201, 
    0x0a820360, 0x1b500124, 0x22831e40, 0x82850521, 0x86022121, 0x59222092, 0xee820e40, 0x460baa7b, 0x333e052f, 0x23072307, 0x33372337, 0x16c00137, 
    0x1681167f, 0x1983169b, 0x2d021682, 0x85859084, 0x33828490, 0x00ffff33, 0x02ae0199, 0x00e40539, 0x00bf0527, 0x01bb014a, 0x33078207, 0x00e404cf, 
    0x0100b112, 0xb0bb01b8, 0x01b12b35, 0xe404b801, 0x002f0882, 0x00ffff00, 0x015704bc, 0x02e605ba, 0x84d00a06, 0x024b300f, 0x0487016f, 0x0a070166, 
    0xfda2ff8b, 0x830900ca, 0xcafd2137, 0xc3822e84, 0xfe1e0027, 0xffa6025f, 0x0983417e, 0xd4830120, 0x02034c2a, 0x00010002, 0x01010085, 0x22055342, 
    0x42121207, 0x173b0753, 0x07333717, 0x37032301, 0xb2ae79cd, 0x7dcefe04, 0xa48202d5, 0xebfe0aa4, 0x820a1501, 0x02002ab3, 0x9104e800, 0x0306bc03, 
    0x404f4700, 0x2107253f, 0x16960337, 0x021868fd, 0x6afd18bc, 0x8b1c0519, 0x8989e78b, 0xff010000, 0x01dffdb8, 0x0b3b42ba, 0xb7840620, 0x00211a82, 
    0x87bc8285, 0x110821b7, 0x3208df43, 0x13330103, 0x07270323, 0x1f014803, 0x467c7f64, 0x82ab1405, 0xfed92843, 0x2d250127, 0x82dbfe2d, 0xda360853, 
    0x0902defd, 0x0a00b9ff, 0x05b30600, 0x2b320100, 0x33372501, 0x05072537, 0x01051707, 0x0c1ffebb, 0x20020201, 0x30aefe12, 0xfd2d012e, 0x0e4ec0de, 
    0x0b7372bf, 0xf4826e0b, 0xbaff0126, 0xe901defd, 0xdb433b86, 0x23240805, 0x25370507, 0x37252737, 0x01dd0105, 0x14dffd01, 0x2e305001, 0x0110d8fe, 
    0x0aa8fee1, 0x0b6e72c0, 0xbf72730b, 0x02303b82, 0xf0fd95ff, 0xb5ffaa01, 0x19000d00, 0x06b13900, 0x1ef32f19, 0x010e0f31, 0x0e131500, 0x08190f19, 
    0x010d0006, 0x570b060d, 0x0c4607e7, 0x0e072306, 0x42182702, 0x79280a19, 0x0b117b69, 0x68457c55, 0x34080682, 0x32327c54, 0x3c080851, 0x08513130, 
    0xf0fd3a09, 0x673e5e85, 0x3f5e843d, 0x42723d67, 0x413f3030, 0xff432f2e, 0x009b01ff, 0x02be02f6, 0x0607011c, 0xfc6000cc, 0x05334206, 0x4206fc21, 
    0x1f820533, 0xf004772c, 0x1606fe03, 0xcd060600, 0x0f82003c, 0x02054a24, 0x0f82f603, 0xcb062724, 0xd182d301, 0xcb060724, 0x0782aa00, 0x0100002e, 
    0x48fec0ff, 0x5cffbd02, 0x58001600, 0xb324d983, 0x4a030101, 0x3405ff5b, 0x01040019, 0x00590400, 0x00010003, 0x00690103, 0x61000404, 0x29118202, 
    0x401b5100, 0x0002001d, 0x20928602, 0x04000034, 0xb7595100, 0x23122222, 0x1b0b0523, 0x0006b12b, 0x324b0544, 0x162b080f, 0x36323316, 0x12843902, 
    0x3e335d97, 0x2929352e, 0x14890840, 0x48385d98, 0x44293446, 0x86710ca4, 0x3e1b251b, 0x8c71062e, 0x823e2e2d, 0xae002ba3, 0x80027d04, 0x05000006, 
    0xf7434e00, 0x500a2605, 0x03174058, 0x0f004501, 0x00010027, 0x401b4f01, 0x44198316, 0x18840cff, 0x0b405922, 0x0522f382, 0x72420500, 0x13133309, 
    0x07230721, 0x920140ae, 0x0428fa18, 0x8f83017d, 0x2b8200f4, 0x6f82d820, 0x6f938120, 0x02000023, 0x0f044e71, 0x00206f85, 0x1d4e6f82, 0x3d6f920e, 
    0x37233701, 0xa5010321, 0x0117f528, 0x7d044192, 0x7dfe8ff4, 0xa0ff0100, 0x490123fe, 0xdf8ea9ff, 0x01000026, 0x00700001, 0x084ed918, 0xd6846020, 
    0x6f825020, 0x00211982, 0x92189085, 0x13032b6f, 0x07330733, 0x29984060, 0x638219fa, 0x8ff78623, 0x843b8200, 0x8270206f, 0x4107206f, 0xd8840c4f, 
    0xe2827020, 0x57000222, 0x02202682, 0x00216f83, 0x236f8402, 0x85010001, 0x6f851890, 0x19000721, 0x230a663e, 0x37333703, 0x18257184, 0x299929f6, 
    0x21738202, 0x7386f78f, 0x39fece26, 0x9dffb602, 0x230ec346, 0x01020304, 0x758b9182, 0x84020021, 0x84172074, 0x84768c1a, 0x13c34619, 0x07172008, 
    0x03333721, 0x26a41321, 0x9b257801, 0x3a52fd3a, 0xfee6e663, 0x0064019c, 0xfeccff01, 0x82870223, 0x000522eb, 0x093b4250, 0x0100182d, 0x70010202, 
    0x00020103, 0x82570200, 0x00022206, 0x20098260, 0x20ec8200, 0x211a8217, 0x19918501, 0x34125d41, 0x13210701, 0x87020333, 0x4059fd14, 0xa3fe2c9a, 
    0xfe860180, 0x2bcd82fa, 0x4cfed8ff, 0xa800e802, 0x63000800, 0xb5247383, 0x03000105, 0x2707df65, 0x0302001e, 0x00700203, 0x7121f683, 0x05754d04, 
    0x03200682, 0x03208083, 0x1c208083, 0x02212082, 0x211f8285, 0x1e918601, 0x0823fd85, 0x47120800, 0x053d09c1, 0x23172107, 0x05330103, 0xfd15e802, 
    0xfbb2c8ea, 0xfeb26101, 0xef8045e9, 0x2e012e01, 0x2b8f82ed, 0xab006200, 0x03021902, 0x53000700, 0x24050341, 0x4058500c, 0x21828419, 0x9b820270, 
    0x57000322, 0x00220682, 0x70836003, 0x1b500329, 0x01001840, 0x92850100, 0x137d411a, 0xf4413720, 0x19622d06, 0x219b2181, 0x8fab1882, 0x008fc9c9, 
    0x012b7782, 0x02000002, 0x00b205f3, 0x832d0005, 0x22402177, 0x00211482, 0x05b74386, 0x06825720, 0x5f010227, 0x01020100, 0x0f96434f, 0x23030138, 
    0x02372113, 0xd6d2f0f3, 0x051dfbfe, 0x054efab2, 0x0100a60c, 0x4f822c00, 0x4f84f220, 0x4f842c20, 0x43822120, 0x85020122, 0x910f9143, 0x37212c4e, 
    0xf2021321, 0x1b2afef0, 0x83d60501, 0x05a6224f, 0x2035820c, 0x834f82d4, 0x0007229f, 0x204f8432, 0x22ff8227, 0x84850302, 0x78d018a5, 0x49a3870a, 
    0xa4850d38, 0xf3255782, 0xfea7d1f1, 0x205982fc, 0x2459832f, 0x01a6f103, 0x205b821b, 0x265bc75a, 0x1ffafe2f, 0x83a70301, 0x1b01245b, 0x82f103a6, 
    0xc598205b, 0xd2f0225b, 0x20b7846b, 0x245b836b, 0x02a68502, 0x085b8287, 0x8504ee57, 0x7c060e03, 0x06000b00, 0x01040ab3, 0x27012b32, 0x17372737, 
    0x17071737, 0x42012707, 0x7577ab54, 0xaa56a77a, 0x0479797a, 0x93946687, 0x64909468, 0x95689592, 0x01000000, 0x6301f8ff, 0x07032b02, 0x2b001300, 
    0x446406b1, 0x010c2040, 0x4c010001, 0x00020213, 0x221f824a, 0x83590001, 0x82612026, 0x51012365, 0xe6491726, 0x37032407, 0x67141425, 0x27080882, 
    0x26222306, 0x15082726, 0x4b197a01, 0x060a250b, 0x49204320, 0x0208214e, 0x0c459b27, 0x66650b17, 0x0d9e020a, 0x3d6e450c, 0x00364f82, 0x038c02a9, 
    0x00ba05a5, 0x40320018, 0x02010d2f, 0x054c0101, 0x5e820401, 0x8001042a, 0x00000300, 0x69000304, 0x3208fe7f, 0x00004e02, 0x18001800, 0x22241127, 
    0x2b1a0d06, 0x18263601, 0x21095b7a, 0x9b472637, 0x162e0806, 0x02db0207, 0x645b4f46, 0x64380e0f, 0x13ba2c57, 0x13177370, 0x6268b378, 0x040e4a93, 
    0x71533a91, 0xfb6c5b5f, 0x91ac186c, 0x4857a373, 0x52825c85, 0x00020033, 0x0300000c, 0x00ea05c2, 0x00230019, 0x043a403d, 0x208a8201, 0x2480824c, 
    0x05030205, 0x261f8269, 0x01020401, 0x82040069, 0x00592790, 0x61000404, 0x0c820106, 0x01512708, 0x181f2100, 0x080c0e16, 0x00050607, 0x07190119, 
    0x212b1606, 0x37372622, 0x32372306, 0x36361337, 0x06032033, 0x16820700, 0x33331626, 0x36360307, 0x0806b65e, 0xd0180244, 0x610e20a5, 0x646d0f64, 
    0x93ad1f56, 0x25392101, 0x1ac5f0fe, 0x5557140e, 0x74bd1a5f, 0x1a0e1a9d, 0x134b4735, 0x1457c3b9, 0x01021c9a, 0xa0feb6be, 0x56b6fedc, 0x245d559e, 
    0x4ccb029a, 0x41599cef, 0xb882735f, 0x0600012c, 0xf004c0fe, 0x07008c00, 0x3b604900, 0x02182205, 0x06744601, 0x01030323, 0x2a0a8257, 0x01046003, 
    0x50030103, 0x8317401b, 0x8500231a, 0x198e0100, 0x270c1144, 0x132b1906, 0x21033313, 0x06320382, 0x0332b24c, 0x4aae313f, 0xcc01c0fe, 0x2601dafe, 
    0x738434fe, 0xfeffc92a, 0x00068405, 0xf1002500, 0x2805c74c, 0x0403002f, 0x72030406, 0x2eeb8200, 0x67070605, 0x09050108, 0x050a0101, 0x5b006901, 
    0x5e27062b, 0x0a010b4d, 0x825f000a, 0x0057233f, 0x67571b4e, 0x85302005, 0x80062136, 0x272337aa, 0xa2405850, 0x8d5c2037, 0x2e40216f, 0x02266a88, 
    0x02030400, 0x72916904, 0x5924a08b, 0x14405959, 0x2537ab82, 0x23242500, 0x17111111, 0x11271222, 0x1f0b0c11, 0x2107252b, 0x63262213, 0x32200570, 
    0x220ed25b, 0x6d072113, 0x490805c2, 0xfd1af204, 0xb3794d22, 0x17191752, 0xbc7ad997, 0x09bf11be, 0x7e486a60, 0x0f1a0f59, 0x4647632a, 0xfd17de02, 
    0xd5012ddb, 0x342bfe19, 0xd2019593, 0x968acf74, 0xbb73d08a, 0x516c76ba, 0x599a598c, 0xa901538e, 0x93ecfe95, 0x8382c3fe, 0x00022008, 0x0300000b, 
    0x00b104be, 0x001f001b, 0x0f324035, 0x10010201, 0x01020301, 0x03030001, 0x1801004c, 0x3709eadb, 0x69000304, 0x05040400, 0x0505005f, 0x114e0557, 
    0x26242611, 0x1c0b0623, 0x4306f154, 0x17210720, 0x05786d07, 0x16160625, 0x82013233, 0x024508b4, 0xae4662f6, 0x58b87b5e, 0xdf991414, 0x34975d7b, 
    0x4d724a87, 0x0d0d5f8b, 0x754d7237, 0x380390fd, 0x02c8fc1a, 0x443b733d, 0x7978c675, 0x3b4475c5, 0x7c4a5374, 0x4a7d4c4d, 0x009bb0fe, 0x00440003, 
    0x05e40500, 0x200982d2, 0x26a3820f, 0x0038403b, 0x6b010805, 0x032105d5, 0x06765707, 0x5600002d, 0x0101064d, 0x4e015701, 0x19051011, 0x2517964c, 
    0x01330133, 0xac182225, 0x0120093b, 0x44340b8a, 0xfba9f704, 0x42ab0309, 0x6e0b0a4e, 0x0b4e4242, 0x85fc6e0a, 0x05280c8a, 0xd22efad2, 0x5e42425e, 
    0x03210383, 0x37098705, 0x4ffd0200, 0x6affa804, 0x1d00e006, 0x71002700, 0x446406b1, 0x020f10b6, 0x4c279782, 0x5030b04b, 0x82214058, 0x071b58b8, 
    0x01060531, 0x06006905, 0x59060000, 0x00060600, 0x82010461, 0x1b512b0c, 0x04002840, 0x04060006, 0x2b918000, 0x2b870420, 0x00373482, 0x0a405951, 
    0x24162323, 0x07222422, 0xb12b1d0b, 0x01440006, 0x85230606, 0x373336c6, 0x07222336, 0x33363627, 0x07071632, 0x23170606, 0x23372626, 0x06685422, 
    0xa4fe4e08, 0x543b571a, 0x900b0a55, 0x0f066176, 0x7e0d5f55, 0x5f658d0b, 0x0426116d, 0x01890706, 0x37601802, 0x550b0541, 0x04124f24, 0x58301cf4, 
    0x255a504b, 0x48094559, 0xe3626661, 0x10254816, 0x1d32be21, 0x0016253f, 0xfd020000, 0xffa20452, 0x24ef8270, 0x001c0015, 0x2cef8349, 0x01123e40, 
    0x01130203, 0x4c020300, 0x069a6300, 0x00040027, 0x02040302, 0x0a245767, 0x20820620, 0x01510032, 0x171a1c00, 0x0c0e1016, 0x0006080b, 0x07150115, 
    0x2006fb4c, 0x20c48201, 0x2abb8637, 0x33160621, 0x17373632, 0x82030606, 0x263708d4, 0x48fe2223, 0x04167284, 0x7d65a81c, 0xfe08145e, 0x3f3c0697, 
    0x3a1d4633, 0xe8a47121, 0x3d2c0901, 0x9ca20465, 0x938b1470, 0x442f739f, 0x4620234b, 0x52014625, 0x83423606, 0x04fa26ab, 0x07fdfeb2, 0x228582a7, 
    0x8433000f, 0x532820ab, 0x0420079a, 0x23101656, 0x0c0e0000, 0x03249482, 0x05110300, 0x22071256, 0x86132303, 0x06240895, 0x26222306, 0x865adafe, 
    0x32060a5a, 0x06212323, 0x25262b05, 0xfdda0623, 0x842802d8, 0x21282821, 0x002a2a1c, 0x4b2a7383, 0x83ffa204, 0x0d00e006, 0x0b4e1b00, 0x14162526, 
    0x1b0f1b0e, 0x410d0b4e, 0x9a640b0f, 0x08ee6a06, 0x7639fe2a, 0x15021578, 0x777776a8, 0xaa280682, 0x0d4d4464, 0x43310e02, 0x0d290683, 0x9aa20433, 
    0x9c7e0c7e, 0x2b04829c, 0x4c5e6e9a, 0x5f5b510c, 0x59510c4d, 0x002b9a82, 0x0457fd01, 0x067affa8, 0x4b1200da, 0x302b07d7, 0x18405850, 0x02010103, 
    0x66570100, 0x04210a8c, 0x290c8201, 0x19401b52, 0x00040200, 0x20825902, 0x00040026, 0x00670401, 0x2905ab6b, 0x59520002, 0x231211b7, 0xc14d2213, 
    0x06864207, 0xa37b1320, 0x82372005, 0x23250807, 0x581fb3fe, 0x1556553a, 0x0b388636, 0x27513125, 0x675a8641, 0x2824f404, 0x47017f6c, 0x3b42b7fe, 
    0xfd87013f, 0x2e9382d8, 0xffa20452, 0x00e00666, 0xb178001d, 0x55446406, 0x273505ef, 0x05030200, 0x00720203, 0x05030405, 0x01007e04, 0x01020300, 
    0x11224703, 0x28401b22, 0x05212985, 0x322a9f80, 0x01134059, 0x17191a00, 0x0c0e1015, 0x0007090b, 0x421d011d, 0x26210a7c, 0x06e74137, 0x66412320, 
    0x7b332008, 0x38080535, 0x695c38fe, 0x17040e21, 0x62708198, 0x2e037f08, 0x0e4d3d32, 0x40300e04, 0x800b402c, 0x04704f0a, 0x487f4fa2, 0x79a37114, 
    0x62382350, 0x61471444, 0x5633232c, 0xfd020034, 0x28d78244, 0x00c807ad, 0x001c000f, 0x33d9859d, 0x40585020, 0x0501090e, 0x04011401, 0x00010e05, 
    0x1b4c0304, 0x0320108b, 0x59201082, 0x2205bd46, 0x4a020021, 0x052305b8, 0x18050104, 0x831547ce, 0x212383fa, 0x48820403, 0x43800021, 0x0726077a, 
    0x00030401, 0x06825904, 0x26084848, 0x11174059, 0x82000110, 0x111c2dfa, 0x0b0c0d1c, 0x0006080a, 0x080f010f, 0x270f7b43, 0x03331317, 0x27062723, 
    0x3721f882, 0x065b6d26, 0x0cfe3d08, 0x02146266, 0x60669315, 0x8487302e, 0x3a420272, 0x2318422b, 0x4d3c5717, 0x2e0d020d, 0x799fa204, 0x359c7e0c, 
    0xeafc1d01, 0x286e4030, 0x6049cf23, 0x5e4c0c4d, 0x48fd0100, 0x68ffb204, 0x1120ff82, 0x2506e34c, 0x00020101, 0xd2474c01, 0x051d2805, 0x00000401, 
    0x82037004, 0x86012814, 0x02020000, 0x82005900, 0x00622806, 0x52020002, 0x831c401b, 0x8504211f, 0x59221e95, 0x2b820d40, 0x11001129, 0x22132312, 
    0x451a0b06, 0x03220507, 0x44183336, 0x350808dc, 0x23030722, 0x2f50fe13, 0x55595b3e, 0x34863414, 0x4d371e0a, 0x84864028, 0xdffec807, 0xfe7d7039, 
    0x3c4101bf, 0x7cfe3c43, 0x01001603, 0xb204a6fc, 0xe0061600, 0xad431f00, 0x01052a07, 0x01120003, 0x4c020302, 0x82b28207, 0x0002230d, 0x0a836903, 
    0x5f020025, 0x82020406, 0x114f2ba1, 0x22142212, 0x08222313, 0x7d851e0b, 0x7d823620, 0xbe441720, 0x247a8205, 0x07222336, 0x83838306, 0x080f8208, 
    0x6afd3332, 0x7a37561f, 0x3f5d1f1e, 0x34145657, 0x5d153588, 0x05012755, 0x14348435, 0x4027505f, 0x06635a84, 0x5e282494, 0x7e6d322c, 0x4301bdfe, 
    0x1e1a457d, 0x3d2d0784, 0x28027dfe, 0xfd010000, 0xffb204ae, 0x2ea3823a, 0xb134000f, 0x40446406, 0x00010b29, 0x82010102, 0x004c2504, 0x034a0201, 
    0x0782a782, 0x4d690021, 0x23240a32, 0x04231211, 0x23061c41, 0x26260703, 0x89839282, 0xc63ca484, 0x0e220a17, 0x863e2750, 0x1c06675a, 0x061b2f4d, 
    0x09097dda, 0x028afe47, 0x26214128, 0x002b6f82, 0x02ae04dd, 0x0066073c, 0x42660016, 0x133505b9, 0x21405850, 0x04040500, 0x06077005, 0x01030402, 
    0x00040100, 0x27738268, 0x00590102, 0x61020101, 0x02248e82, 0x20401b51, 0x05212382, 0x31229a85, 0x000f4059, 0x00160000, 0x13111116, 0x08111226, 
    0x40411c0b, 0x23072805, 0x32330603, 0x18073736, 0x0809a760, 0x0733372c, 0x63123c02, 0x0c2f0e2c, 0x0911041d, 0x32521d2a, 0x12622d0e, 0x16881662, 
    0xfe6de006, 0x020451f9, 0x62060469, 0x6d0d0156, 0x54828686, 0xfd01002d, 0xffb20492, 0x00da0694, 0x83300008, 0x254024b7, 0x58020304, 0x022e0734, 
    0x01015700, 0x5f020000, 0x00020103, 0x30824f02, 0x3a103c58, 0x33133715, 0x6bfdfd01, 0x9f0e3190, 0x04e0fe94, 0xfe2802b2, 0x012727a2, 0x82d8fd5e, 
    0x205f822e, 0x205f8268, 0x225f82c4, 0x8435000b, 0x0a2a295f, 0x04010407, 0x4c010001, 0x57566882, 0x02032605, 0x5f010000, 0x206a8202, 0x25638301, 
    0x120b000b, 0x4b571212, 0x01270807, 0x03333717, 0x07272313, 0xfe031323, 0xa17c3f68, 0x499e82d6, 0x79d99f82, 0xaaaada06, 0xeafeeefe, 0x1601adad, 
    0x82001201, 0x88fc2942, 0xfffddafd, 0x100086ff, 0xf341cb87, 0x13ef4109, 0xef413320, 0x4105200a, 0x658205ef, 0x17332408, 0x32333636, 0x16fffd16, 
    0x510e1f0d, 0x46862a26, 0x4d1c0667, 0x7e180d2f, 0x4607097d, 0x41a601f5, 0x82012522, 0x01002d6e, 0xa804b4fc, 0x6e05baff, 0x5c001600, 0xb526db83, 
    0x0103010c, 0x8e454c01, 0x051b2405, 0x82000202, 0x067027d2, 0x03030101, 0x06825901, 0x6203012b, 0x01030104, 0x401b5203, 0x211d841a, 0x1c928500, 
    0x0a405929, 0x22221222, 0x48102211, 0x332b08b0, 0x32331606, 0x06063337, 0x82272223, 0x82262003, 0x0810820a, 0x7cf8fd24, 0x582c3407, 0x8d10880d, 
    0x3b326562, 0x0e696468, 0x2e280681, 0x2b6e0558, 0x6264592e, 0x5b6b3838, 0xa8823128, 0x89fc032e, 0x0300a204, 0x2700e006, 0x39003200, 0x08059f42, 
    0x185b4030, 0x13040301, 0x03020212, 0x07020324, 0x00012506, 0x054c0407, 0x010b0401, 0x03040203, 0x02010a69, 0x07060108, 0x09690602, 0x00000701, 
    0x06825907, 0x00072608, 0x020c0161, 0x51000700, 0x37390001, 0x2d2f3334, 0x2123282a, 0x191b1e1f, 0x0f111517, 0x05070b0d, 0x27012700, 0x0922450d, 
    0x69492720, 0x36172713, 0x07163233, 0xd3842107, 0x06061723, 0x08704925, 0x372cd782, 0x22232636, 0x6b52d9fe, 0x46701f15, 0x080b7b49, 0x8b0b7c2e, 
    0x4d316f65, 0x17637863, 0x099afe09, 0x3a60413a, 0xfe75213a, 0x462f65ce, 0x27570e07, 0x9a03155b, 0x270801e2, 0xa204603d, 0x48333c45, 0x36098e49, 
    0x7a983e3e, 0x434b442f, 0xff442746, 0x2c42202c, 0x07731e24, 0x41004235, 0x23080817, 0x00e00622, 0x002f0021, 0xb161003b, 0x40446406, 0x03011956, 
    0x02131404, 0x01030302, 0x4c030806, 0x07040105, 0x2f051241, 0x08000200, 0x69080206, 0x06020b09, 0x59060000, 0x26080783, 0x01610006, 0x0600020a, 
    0x22235100, 0x36380001, 0x282a3032, 0x2f232f22, 0x16181a1c, 0x0c0e1012, 0x21000608, 0x410c2101, 0x15200a12, 0x481a1341, 0x27330fb5, 0x07062223, 
    0x32331606, 0xfe263736, 0x166b4fd8, 0x4147711e, 0x602d0514, 0x5f561007, 0x8c0b7d0d, 0x50317165, 0x0cd4486a, 0x4d434439, 0x330d020d, 0x463266ac, 
    0x2b230405, 0x03145d27, 0x3e47a204, 0x41493402, 0x40210914, 0x0fec4840, 0x30912908, 0x2d221b21, 0x00001d25, 0x89fc0200, 0xddffa804, 0x1e00e006, 
    0x79002800, 0x446406b1, 0x16170b40, 0x1e040302, 0x02060701, 0x3d06a44b, 0x00010522, 0x00030400, 0x03006904, 0x03070600, 0x07006906, 0x59070101, 
    0x01070700, 0x09820261, 0x1b51012c, 0x01002940, 0x01070207, 0x2c938002, 0x2c840220, 0x00610231, 0x51020702, 0x230b4059, 0x24222424, 0x46111125, 
    0x13260821, 0x26230133, 0x30413526, 0x07162213, 0x051c4107, 0x3632332c, 0xc188fe37, 0xbfc3fe94, 0xaf4b0201, 0x0b7d3a0e, 0x6d5f658c, 0x607a2311, 
    0x08054632, 0x124f2452, 0x61017905, 0x2110d8fd, 0x0db04b11, 0x3059d026, 0x15253d21, 0xfd21fb83, 0x26fb822f, 0x00cb0777, 0x61240015, 0x132d0717, 
    0x16010201, 0x02020301, 0x0101014c, 0x0bdf4d4a, 0x230bcc62, 0x29252624, 0x21073d46, 0x6e183701, 0x372a08fa, 0x3233023e, 0x13262617, 0xcd412626, 
    0x37490809, 0x3f1cfe36, 0x13428654, 0x855e0e08, 0x11837049, 0x46815a0d, 0x6f11343c, 0x353f0e84, 0x090b5040, 0x583c4632, 0x0702080e, 0x84176764, 
    0x553175c2, 0x68924982, 0x1f41754f, 0xc6fe6c59, 0x44561811, 0x575b523a, 0x00000d31, 0x20af8402, 0x2baf8296, 0x002c001d, 0x6406b140, 0x17354044, 
    0x1e20af82, 0x1c29af84, 0x06191a1b, 0x01030405, 0x22b79a09, 0x892d252a, 0x171624b7, 0x5f071737, 0x222006e0, 0x2505bf51, 0x07272617, 0xc0923727, 
    0x88435627, 0x2a2d791a, 0x26c48d10, 0x207b290d, 0x9092296c, 0x431827c8, 0x3f403847, 0xcc8960a7, 0x41354527, 0xfe223837, 0x2ed08ac1, 0x0326fd02, 
    0x0683ffd8, 0x001c00e6, 0x47b3002a, 0x293b0549, 0x16405850, 0x03060116, 0x06050121, 0x0502010b, 0x02010104, 0x01000103, 0x841b4c05, 0x91042018, 
    0x4b592218, 0x303683b0, 0x03010423, 0x03050600, 0x01086906, 0x01020005, 0x06706605, 0x01005926, 0x07610001, 0x002d4382, 0x2a401b51, 0x06030400, 
    0x80060403, 0x392ca000, 0x1e194059, 0x2500011d, 0x1e2a1d23, 0x1517182a, 0x080c0e13, 0x011c0006, 0xe343091c, 0x16372a0a, 0x36323316, 0x23063737, 
    0x06244b22, 0x33371726, 0x03020e03, 0x07421483, 0x075f0805, 0xf7fd1606, 0x4f20773a, 0x47254e1a, 0x42070a51, 0x1471635e, 0x63a61502, 0x76112d64, 
    0x815e0e5a, 0x163f2f03, 0x2f350c27, 0x020d5143, 0xd803300d, 0x2b56332e, 0x2c3f3820, 0x0c799f3f, 0x3b479c7e, 0x6554e5fd, 0x213c012e, 0x201aed1d, 
    0x510c4d60, 0xfd01005b, 0xffa80427, 0x00080763, 0x4b7c0020, 0x2822093d, 0xdc820200, 0x4c720221, 0x06260810, 0x06040500, 0x3b536705, 0x0107210a, 
    0x51230c82, 0x8529401b, 0x8006212a, 0x59282ba0, 0x00011540, 0x1a1b1c1d, 0x22081b4c, 0x4b200120, 0x3e200c1c, 0x0b2d4718, 0x0806c444, 0x37233742, 
    0x06060721, 0x867421fe, 0x5b0c1411, 0x69774b85, 0x2d047b07, 0x0d4f4b3e, 0x4e310b0c, 0x0d104532, 0x0201127b, 0x0499172a, 0x7e6d85a8, 0x6b3c6b49, 
    0x4b252b50, 0x4b4c5156, 0x6c520d13, 0x003c1cf2, 0x012c0082, 0xb20434fd, 0xce0769ff, 0x36000c00, 0x402fe783, 0x0105082b, 0x01000103, 0x0301044c, 
    0x5e850300, 0x54480afd, 0x000c2508, 0x1312130c, 0x08085448, 0x37370327, 0x23130733, 0x23070727, 0x4d3cfe13, 0xea91b732, 0x478197b7, 0x0784861d, 
    0x312afece, 0xb6fedeb1, 0x03b040f0, 0x2d6e821c, 0xdefd0100, 0xe4feb204, 0x0300c807, 0x6f841900, 0x5e000e21, 0x585f0727, 0x33012c09, 0x60fe2303, 
    0x07848284, 0x82eafcc8, 0x826e2033, 0x070f22a3, 0x0aa75706, 0x59020121, 0x58571303, 0x0703330f, 0x03331321, 0x6ffe10f1, 0x05508464, 0x54026e20, 
    0x6e821afe, 0x82ccfc21, 0x82d9204f, 0x000c224f, 0x2383842e, 0x02050823, 0x9c5ff285, 0x035f2209, 0x25138302, 0x1212114f, 0x674e1111, 0x084e8208, 
    0x03132326, 0x23030323, 0x39fe3313, 0x8864a3fd, 0x5970d33e, 0xa362843f, 0xc3014305, 0x7401acfd, 0x79018cfe, 0x540287fe, 0x00206783, 0x2326eb82, 
    0x1200e406, 0x43424b00, 0x50302d05, 0x04154058, 0x02000001, 0x69020001, 0x082e7518, 0x4f01002b, 0x0019401b, 0x04010204, 0x84c38257, 0x04002a1c, 
    0x035f0104, 0x01040101, 0x0fec4e4f, 0x6b4c3620, 0xfc33220f, 0x11ec4ec7, 0x24980630, 0xfe806b28, 0x424901b9, 0x79fe3f3b, 0x59822802, 0xfc010023, 
    0x20fb82f4, 0x20fb828e, 0x07915009, 0x85010621, 0x020321fb, 0x414afc85, 0x0009240e, 0x4a111209, 0x13220941, 0xfe853313, 0xe9dcfd30, 0x88628841, 
    0x648640ea, 0x73fe0607, 0xfc828d01, 0x7cfe8422, 0x0222f882, 0x638220fd, 0x63825720, 0x22001924, 0xf9834300, 0x0a384027, 0x01040001, 0x29cf824c, 
    0x00860100, 0x04050002, 0x4e4f0502, 0x00012911, 0x1a1c2022, 0x04061113, 0x19228482, 0x204f1901, 0x07233a08, 0x32211323, 0x07060716, 0x07071616, 
    0x15171606, 0x37362623, 0x27263637, 0x05a85e33, 0xfe234608, 0x8424763e, 0x6b090162, 0x5c0e0d61, 0x08081b2b, 0x88070204, 0x0903040d, 0x83a02307, 
    0x06063529, 0x0582252c, 0x5402d98b, 0x30585060, 0x31304812, 0x080d3418, 0x3110430e, 0x316d2225, 0x00252525, 0xfd010000, 0x26b782c0, 0x00e1063a, 
    0x84310016, 0x01262eb5, 0x0e000201, 0x0201020a, 0x01004c02, 0x0b2a4e02, 0xc4826120, 0x26510225, 0x62032326, 0x012006a7, 0x2206fa52, 0x82070606, 
    0x0543659d, 0x22232c08, 0x2dedfd06, 0x50326c2a, 0x510a1062, 0x6d8e5c31, 0x06094f4a, 0x3e211d21, 0x204c5206, 0x39545e23, 0x02cd2055, 0x353e25e3, 
    0x82152524, 0x04352a7f, 0x0647ffa8, 0x002400e6, 0x0973449a, 0x79822520, 0x01020429, 0x05040072, 0x42700405, 0x052e081e, 0x59050303, 0x03050500, 
    0x05030062, 0x137b5203, 0x89262006, 0x0402232c, 0x2d987e05, 0x85274021, 0x80042428, 0x9b050400, 0x59592629, 0x12220940, 0x20028229, 0x072b4d06, 
    0x27263624, 0xae50022e, 0x26262707, 0x06072223, 0x63681716, 0x33460808, 0x32331606, 0x2a0591fe, 0x2e522d4a, 0x5a8c0c08, 0x7d0b7563, 0x53382701, 
    0x3033060b, 0x0d0b6365, 0x6f745d99, 0x4c077e0d, 0x47055b28, 0x0b12241c, 0x4c354428, 0x1d486755, 0x1c1f3a2b, 0x49491b0d, 0x43755652, 0xb9822230, 
    0xd8fd012a, 0x6effb204, 0x0e00d807, 0x2e07834c, 0x01020108, 0x02000109, 0x00004c02, 0x4e860002, 0x25220f00, 0x8e411013, 0x18232008, 0x3f08e359, 
    0x07062223, 0x62845cfe, 0x11538410, 0x15201a22, 0x08372119, 0x6002b204, 0x05056462, 0x2e2c0668, 0x00236a82, 0x8242fd01, 0x0649246b, 0x410900da, 
    0x608207fb, 0x02030125, 0x5d046701, 0x5f250a03, 0x00030000, 0x2430824f, 0x11090009, 0x08a36412, 0x07032208, 0x21013721, 0x01072137, 0x45fe12f1, 
    0xfe4a0110, 0xa90112f2, 0x05bafe0e, 0x01626e20, 0xfe606e58, 0x2e3382a6, 0x0417fd02, 0x065effa8, 0x001800e6, 0x479b0025, 0x0f31098f, 0x0106010a, 
    0x0603011d, 0x00021217, 0x1b4c0303, 0x20118340, 0x47118a02, 0x1f310681, 0x00010102, 0x06010306, 0x02050869, 0x03000003, 0x33078359, 0x04610003, 
    0x03000207, 0x401b5100, 0x06020024, 0x00570200, 0x592f269c, 0x191a1940, 0x1e200001, 0x251a2519, 0x550f1416, 0x1822050d, 0x77471801, 0x4137200a, 
    0x172605e0, 0x06033337, 0x174f3233, 0x0e9a5105, 0xe5fd4408, 0x010f6866, 0x34709d11, 0x7a131345, 0x0a290b44, 0x2c130504, 0x420a5119, 0x193f2a3a, 
    0x3d4c1e24, 0x1002144f, 0x93a80430, 0xa7840878, 0xfe422529, 0x5b043e74, 0x5050050c, 0xd721246c, 0x09586548, 0x8200544a, 0xfc022c00, 0xffed03f2, 
    0x00a2076d, 0x5f2a0015, 0x23080505, 0x01064540, 0x010f0504, 0x4c020301, 0x02010200, 0x00010786, 0x00050600, 0x05006906, 0x05030400, 0x03006904, 
    0x59201c82, 0x0931df18, 0x28000131, 0x1f212326, 0x11181a1d, 0x000b0d10, 0x47150115, 0x32250841, 0x06060716, 0x07a04207, 0x23072728, 0x03023e13, 
    0xd5821616, 0x23263625, 0x85373723, 0x226c0808, 0x92fe0706, 0x090e7a61, 0x363d2f40, 0x74a0120a, 0x261d4b26, 0x5f0e7684, 0x4211a47f, 0x0c148330, 
    0x073e3540, 0x136e2b0b, 0x29313909, 0xa2070d5c, 0x4f395964, 0x41611717, 0x16137570, 0x55cb02e4, 0xa6fd2e67, 0x48792218, 0x6645203d, 0x4d35362f, 
    0x0cfa0800, 0xba01c2fe, 0x0d00ae05, 0x29001b00, 0x45003700, 0x61005300, 0x86016f00, 0x0805fb41, 0x5850192c, 0x011e6340, 0x1f051f1c, 0x1012721c, 
    0x07040306, 0x72040715, 0x0316181a, 0x17091714, 0x0c0e7214, 0x0b08030a, 0x72080b01, 0xea820102, 0x71002108, 0x1f001d00, 0x691f1d1c, 0x13050111, 
    0x05040701, 0x01196907, 0x17011b15, 0x69171514, 0x0f09010d, 0x09362a82, 0x0100690b, 0x59010303, 0x03010100, 0x01030061, 0x4b1b5103, 0x6a821ab0, 
    0x6a9a6420, 0x88800921, 0x8001216b, 0x00216c83, 0x216bb686, 0x66866640, 0x88800521, 0x801521d2, 0x68c8d388, 0x59593308, 0x6c6e3a40, 0x6567696a, 
    0x5e606263, 0x57595b5c, 0x50525455, 0x494b4d4e, 0x42444647, 0x3b3d3f40, 0x34363839, 0x2d2f3132, 0x26282a2b, 0x1f212324, 0x01852212, 0x07201023, 
    0x05f5511f, 0x49472320, 0x05735505, 0x0d8c0120, 0x0d8c0320, 0x0d8c0520, 0x0d8c1320, 0x298d378d, 0x54081b8d, 0x0d70eafc, 0x60645f84, 0x2106730d, 
    0xfe373437, 0x820e7492, 0x0d636262, 0x36250772, 0x73be3434, 0x60618210, 0x07720f63, 0x37353621, 0x0f728804, 0x61616283, 0x24066e0f, 0xb03a3435, 
    0x627f0d70, 0x700e6263, 0x34372406, 0x7266fa35, 0x6261840d, 0x07720d60, 0x23488222, 0x0e73f405, 0x1d820e83, 0x32382026, 0x706bfd39, 0x23083a83, 
    0x07710e60, 0x38373423, 0x6b53c2fe, 0x3e28536b, 0x53f60440, 0x29536969, 0xd9fb3b3b, 0x536b6d51, 0x25413f27, 0x3f220785, 0x1986d703, 0x51e1fd29, 
    0x28516969, 0x83263e3c, 0x3d272407, 0x86e4023c, 0x00660810, 0xfa080000, 0x0162fe28, 0x00c6056a, 0x00090004, 0x0013000e, 0x001d0018, 0x00270022, 
    0x6406b14f, 0x25444044, 0x03031c24, 0x20212602, 0x12131a1d, 0x030b0c10, 0x000d0102, 0x020e1f03, 0x4c030001, 0x02030200, 0x03010585, 0x00850300, 
    0x85000100, 0x01010104, 0x05141476, 0x14181405, 0x05161718, 0x16090509, 0x0a6f0706, 0x258d0806, 0x01070537, 0x03173313, 0x33370325, 0x37250113, 
    0x27010537, 0x05033313, 0x17253527, 0x17252701, 0x37030307, 0x61fb0713, 0x0112c7fe, 0x4d01164f, 0xb40a8a80, 0x72967102, 0x7a015f12, 0x1018b1fe, 
    0x62fc3901, 0x8060b20a, 0x014e6b01, 0xbaf9365f, 0x5049013c, 0x4a5a1004, 0xa6017496, 0x8c44627a, 0x6001b0fc, 0xb0aefe0e, 0xfe622c01, 0x464c02ba, 
    0x027a0a8c, 0x52010e5e, 0x64dea0fe, 0xfb469a0e, 0x64ca421e, 0x0158030e, 0xd6fe4248, 0x2cfb8260, 0x04c0fc01, 0x05caffa2, 0x000700fe, 0x05bd4376, 
    0x5850152a, 0x03001c40, 0x70030202, 0x002acf82, 0x02007101, 0x57020000, 0xab630200, 0xb04b2208, 0x20238219, 0x2123881b, 0x22908601, 0x821a4021, 
    0x8503211d, 0x1c914082, 0xb6595928, 0x10111111, 0x62560704, 0x03240805, 0x37230721, 0x58333721, 0xb214defd, 0x12230226, 0x7e2005af, 0x00006cf0, 
    0x05e6fc01, 0x06fdff18, 0x00140014, 0x20067762, 0x21558200, 0x794c5900, 0x2e978208, 0x02010461, 0x22510200, 0x20231323, 0x421b0705, 0x332105ff, 
    0x05594c32, 0x2b085882, 0x22232636, 0x23230606, 0x5128fefc, 0x3b707687, 0x07146b73, 0x320a0389, 0xb58e3931, 0x9e052c75, 0x6c242e24, 0x3410266a, 
    0x003b3b32, 0x012a0082, 0x150500fe, 0x5a06e1fe, 0xc74b0500, 0x04052507, 0x49000301, 0x76221b82, 0xc7410112, 0x37273107, 0xfe170733, 0xbf148383, 
    0x1505291b, 0x738e7cc9, 0x28243b84, 0x4dff1505, 0x18273b84, 0x446406b1, 0x82020d40, 0x203a849c, 0x313a8714, 0x37270703, 0xcac83337, 0xc1145046, 
    0x44c9de05, 0xe7828e73, 0xe782ac20, 0xe782fa20, 0x37001622, 0x2c293784, 0x02000105, 0x00570001, 0x22068204, 0x82690204, 0x0100380e, 0x0101035f, 
    0x014f0100, 0x0d101200, 0x0407090c, 0x01160002, 0x68070616, 0x032205e3, 0x1c730733, 0x08f48307, 0x32333620, 0x16161716, 0xaf18a1a7, 0x5e454933, 
    0x0e5a2c48, 0x12078804, 0x705c82a8, 0x05361e29, 0xf682869e, 0x10363029, 0x31746226, 0x831a1219, 0x00fd2bbb, 0x1400a204, 0x2200e006, 0xa349e700, 
    0x00353409, 0x03000302, 0x00800002, 0x05060507, 0x0c800607, 0x5a01020b, 0x043b0533, 0x01090001, 0x05000705, 0x08060068, 0x00590608, 0x61080606, 
    0x0608010a, 0x4f1b5108, 0x3c200557, 0x00263c8f, 0x0608060a, 0x4496080a, 0x44870a20, 0x43840020, 0xa1414021, 0x0000273e, 0x57000504, 0x88830400, 
    0x67050423, 0x865c8200, 0x23438488, 0x16405959, 0x2230db82, 0x20212200, 0x11221e1f, 0x21121122, 0x0d112213, 0x32072645, 0x36363307, 0x16163233, 
    0x23362307, 0x33070622, 0x55062307, 0x51080843, 0x07233726, 0xe0fd1323, 0x9d236524, 0x36613765, 0x6103770a, 0xb712453b, 0x3405b812, 0x7616633c, 
    0x6f5f950d, 0x26600a7a, 0xda065a84, 0x297a66da, 0x454e3f53, 0x443e623a, 0x8574585e, 0x2802e16c, 0xffff0000, 0x21052efd, 0xf50596ff, 0xcf060700, 
    0x8982cefb, 0x002f1382, 0x01870361, 0x01fe04aa, 0x00ca0607, 0x6a7405a3, 0x05210543, 0x08776c74, 0xe704db28, 0x20060902, 0x1b4a0d00, 0x02002d07, 
    0x02000100, 0x00006901, 0x59000303, 0x03274582, 0x03010461, 0x82510300, 0x000d350a, 0x2222210d, 0x2b190805, 0x440006b1, 0x33372313, 0x23363732, 
    0x07370683, 0x0c0de806, 0x090c660d, 0x25122565, 0x04191aed, 0x3e4848e7, 0x82a0996b, 0x00012134, 0xc52063e3, 0x0a20c782, 0x215ec782, 0x0af36009, 
    0x83590321, 0x31c782cc, 0x51000300, 0x0c0d0001, 0x03050608, 0x0f010f00, 0xcf420805, 0x22012c05, 0x33333637, 0x07222307, 0x82161706, 0xb1012508, 
    0xed1a19ec, 0x6733ca82, 0x130a0409, 0x040c0d41, 0x6b99a0e7, 0x1d111a3e, 0x83020048, 0x340321cf, 0x0d226b82, 0xa1551100, 0xb04b2805, 0x40585030, 
    0x4101051b, 0x0624123b, 0x03000302, 0x23055359, 0x57050301, 0x85135e41, 0x40592922, 0x11000010, 0x000e0f10, 0x20056641, 0x14664107, 0x03232523, 
    0x0d6a4133, 0x7d4f0124, 0x6f41c135, 0x01092307, 0x00820026, 0xc5000226, 0x4c03e704, 0x0f24a382, 0x64001300, 0x2209354f, 0x4101051b, 0x06201217, 
    0x2406f64a, 0x02050020, 0x98a38200, 0x40592822, 0x13000113, 0x41101112, 0x07200942, 0x83164241, 0x104641a8, 0x847f0121, 0x074b41ab, 0x4f41ad84, 
    0x41652005, 0x6720064f, 0x1c21ab89, 0x124f4104, 0x06050723, 0x05504103, 0x04002125, 0x41040301, 0x23871350, 0x1440592c, 0x00000e0e, 0x110e110e, 
    0x55410f10, 0x41082006, 0x37231455, 0x41033313, 0x7b230d55, 0x4197c153, 0xfe220a54, 0x534100da, 0x416d2005, 0x6a200653, 0x3041a78c, 0x4c838311, 
    0xa782054b, 0x82000221, 0x2c2399a7, 0x10174059, 0x10000110, 0x12131013, 0x09594111, 0x59410820, 0x41ac8316, 0x9b201059, 0x5841af84, 0x20b1820a, 
    0x2cb38200, 0x03e704b8, 0x00590720, 0x00220014, 0x23b38356, 0x01054b40, 0x0808ea6d, 0x020a0233, 0x00040800, 0x00080069, 0x07080607, 0x09060069, 
    0x00590609, 0x61090606, 0x0609010b, 0x15155109, 0x22150001, 0x1e202215, 0x17191b1d, 0x0e101112, 0x1a0f190c, 0x880c2008, 0x053f549f, 0x4405ce49, 
    0x012006d2, 0x240c1c44, 0x56315e02, 0x280f1945, 0x8cfe2110, 0x2e0c3344, 0x292a8506, 0x745c1c33, 0x61512b2a, 0x4462fe6f, 0x02210740, 0x20c38900, 
    0x20c39624, 0x28c38307, 0x09080007, 0x00690807, 0x21be8209, 0xc8820059, 0x0624c382, 0x16510609, 0x2229c382, 0x1a1b1d21, 0x16241518, 0x20c3aa24, 
    0x0e154403, 0xab20c595, 0x8e0e2a44, 0x083744c6, 0x8b00033c, 0xd5031805, 0x0300f706, 0x1b000f00, 0x06b13d00, 0x32404464, 0x00030105, 0xb8750302, 
    0x82672007, 0x0203340e, 0x06040761, 0x02030203, 0x05101151, 0x10151704, 0x7c1b111b, 0x082b0781, 0xb12b1808, 0x01440006, 0x64330323, 0x21220bf9, 
    0x6a4e2622, 0x06072f05, 0x7d810206, 0x65fec136, 0x08083930, 0x0584304f, 0x8a220221, 0xd105290c, 0x21fe2601, 0x44303044, 0xff3f038b, 0x059b01ff, 
    0x06e50418, 0x060602f7, 0x000000c7, 0x04fe0003, 0x07c103f9, 0x0014001f, 0x412c0020, 0x09211a79, 0x5b748201, 0x063b058e, 0x0b080c61, 0x06070603, 
    0x16212251, 0x28000115, 0x222c2126, 0x151a1c2c, 0x41201620, 0x0d200d79, 0x8a1c3d42, 0x20d98ccd, 0x144742ff, 0x3a312227, 0x31520808, 0x22f08231, 
    0x8a740151, 0x4b06210c, 0x200b5242, 0xbd1419ae, 0x01012810, 0x02f00449, 0x7416060a, 0x01210aa7, 0x0cfc7d00, 0x02101122, 0x270b7241, 0xc1357dfb, 
    0x2601f004, 0x01212482, 0x203b8217, 0x223b842b, 0x1906b126, 0x201cd379, 0x06904b08, 0x03331327, 0xc1531701, 0x28418397, 0xff00dafe, 0x056001ff, 
    0x2b151921, 0x02002d09, 0x15059b01, 0x02063d04, 0x17000b00, 0x21075954, 0x92830103, 0x06825920, 0x6100013a, 0x03040205, 0x51000100, 0x00010c0d, 
    0x170c1113, 0x0507170d, 0x0b010b00, 0x42077d72, 0x06201813, 0x21172341, 0x16411505, 0x01002910, 0x15050101, 0x03060c02, 0xb7778782, 0x12b07e06, 
    0x03207985, 0x42096558, 0x01280881, 0x083e3372, 0x34335608, 0x60830583, 0x45453225, 0x82463132, 0x05de2f43, 0x06620302, 0x00080016, 0x6406b121, 
    0x41184044, 0x212110d3, 0x0a7c5212, 0x3301373a, 0x27230713, 0x02b18f01, 0xc0ab1701, 0x0570b302, 0x0b010902, 0xaf09f5fe, 0x0a24a382, 0x8e030205, 
    0xa3864b84, 0x20203375, 0x07337501, 0x73bd012c, 0xfe02b3ab, 0x02beabe7, 0x5b181606, 0x9f82084b, 0x079b1619, 0xbf520f20, 0x01032407, 0x18010201, 
    0x2a13f3ee, 0x07090b0c, 0x0f000405, 0x41050f01, 0x075f0901, 0x362f0806, 0x020e3337, 0x7751fa01, 0x0b840d37, 0x6845454a, 0x630d840b, 0x4cfb0490, 
    0x56454f80, 0x814f4556, 0x0200004b, 0xa504b100, 0x9c06d602, 0x66000f00, 0xfb632363, 0x111b2406, 0x8307091b, 0x0af14175, 0x2105145b, 0x71741616, 
    0x9a01290e, 0x0b346c49, 0x48835a0c, 0x25080782, 0x825a0b0c, 0x08553534, 0x34323f08, 0x3d090955, 0x7344a504, 0x44714645, 0x45467144, 0x4a7e4473, 
    0x48473535, 0x97823434, 0xf600012c, 0x4502f004, 0x0a001606, 0xe5464600, 0x500e3d05, 0x00164058, 0x00010100, 0x01020071, 0x00590201, 0x61010202, 
    0x01020100, 0x15401b51, 0x8a09476f, 0xb5592317, 0xc8412221, 0x05264a0b, 0x01071635, 0x1a5d87ba, 0x8b138b29, 0x04463879, 0x762789f0, 0x82005779, 
    0x7e012740, 0xfb02a501, 0x1519e503, 0x01202103, 0x08031519, 0x20fb0237, 0x685f8511, 0x21104939, 0x64b9e503, 0x474d4ad9, 0x00bb5998, 0x274bcb01, 
    0xdb03cefe, 0x84053000, 0x06269789, 0x49000205, 0xe4790101, 0x00092105, 0x089b1519, 0x0e22133c, 0x36270702, 0x01303736, 0x335a4528, 0x124b3b67, 
    0x91648405, 0x4a4d288c, 0xe28270a2, 0xff010029, 0x015efef9, 0x49300080, 0x0c2b0991, 0x20405850, 0x01020300, 0x4a720300, 0x04310918, 0x00590004, 
    0x62040000, 0x00040105, 0x401b5204, 0x23228321, 0x80010302, 0x592e2398, 0x00000d40, 0x12001300, 0x21241112, 0xe94e0b06, 0x33372106, 0x2206d557, 
    0x53073337, 0x220806b8, 0x37761107, 0x24060630, 0x5f445239, 0x505f0e08, 0x7b7a0e0d, 0x1d695efe, 0xe61e2424, 0x4b045630, 0x85545950, 0xfec928ab, 
    0x0061014c, 0x71120010, 0x10280733, 0x01010001, 0x02070f4c, 0x14bb4218, 0x000b0d25, 0x44120112, 0x1327070a, 0x36372622, 0x7f173736, 0x0882071f, 
    0x61a43608, 0x6f0c107a, 0x734dae5b, 0x1c520c0a, 0x21261432, 0x644cfe5e, 0x3784475e, 0x3e603110, 0x810b114e, 0xff002111, 0xfeedffff, 0xff710248, 
    0x0a07015c, 0xf9e3fe6e, 0x05af4c46, 0x4c46f921, 0xfb3307af, 0xff79ffac, 0x00b904a7, 0xb11f0003, 0x40446406, 0x82010214, 0x82852098, 0x827620b4, 
    0x00032403, 0x69031103, 0x032f06f5, 0x59012301, 0x03858afc, 0xfab90476, 0x844005c0, 0x14fb27d7, 0x8300c2ff, 0x3fa21006, 0x3f821320, 0x09fb832b, 
    0x06f70478, 0x06b2f910, 0x273f844e, 0xcc04cefc, 0x4d06bcff, 0x2c09df74, 0x4058500a, 0x02030418, 0x01020201, 0x093c7571, 0x02005f28, 0x1b4f0200, 
    0x1a841740, 0xef180120, 0x4f6f1027, 0x07fb580c, 0x03211323, 0x08038223, 0x40cefc2e, 0x9b40ae02, 0x2c89fe2b, 0x8101cc04, 0x03017ffe, 0xfffffdfe, 
    0x6cfdb4fb, 0x00ff3afe, 0x38060701, 0x44f9cbfa, 0x00b10900, 0x44f9b802, 0x08051b41, 0xfdffff21, 0xff17fe78, 0x00b1ff6d, 0xfcce0a27, 0x0198f9ac, 
    0xfdce0a07, 0x0098f9c4, 0x0100b112, 0x8298f9b8, 0x01b12127, 0xcc820886, 0x78fc0128, 0x21fe06fe, 0x8f7688ff, 0x0103220e, 0x45ff7602, 0x7645fd21, 
    0xfe3305ff, 0xfe90f206, 0xfc01007e, 0xffa004a8, 0x002806a3, 0x4498001d, 0x243c0557, 0x17405850, 0x03040112, 0x00020306, 0x1b4c0201, 0x0413141a, 
    0x04054a03, 0x1b490002, 0x02221996, 0xb7785949, 0x781a2005, 0x02221296, 0x365e0205, 0x781e2005, 0x052117b8, 0x25208301, 0x01114059, 0x436a1800, 
    0x0a4c450a, 0x27072722, 0x5a053669, 0x17240589, 0x16071737, 0x0806c86c, 0x1f9cfe49, 0x584c122d, 0x29241e4a, 0x12870842, 0x3e2d5e97, 0x4656561d, 
    0x45290707, 0x99128307, 0x090cf304, 0x0e653e68, 0x6f062f40, 0x74132191, 0x40015f3e, 0x87730c2f, 0xfc030000, 0xff7404a6, 0x004f079f, 0x00220016, 
    0x834c002e, 0x414037ff, 0x07020101, 0x0004010d, 0x0405010c, 0x06004c03, 0x06020700, 0xe5436907, 0x07da7208, 0x127f4718, 0x23252223, 0x07946223, 
    0x77790320, 0x36012514, 0x16323336, 0x18058867, 0x080b7547, 0x1185e663, 0x3e325c9a, 0x2829342f, 0x11840842, 0x4b375c97, 0x41293449, 0x460771fe, 
    0x07353b39, 0x37384c07, 0x4a085c34, 0x08323b37, 0x38384c08, 0x0e690632, 0x261c8a70, 0x0a2f401c, 0x2e2e906e, 0x2ca7fe3f, 0x322d4245, 0x2e023d3e, 
    0x2d434030, 0x003f3e31, 0xfc020000, 0xffde04d4, 0x008506e6, 0x002b0015, 0x24dd8388, 0x030101b3, 0x0599514a, 0x5b7a2b20, 0x01023309, 0x00040500, 
    0x070a0069, 0x09590a06, 0x07000501, 0xf1820506, 0x060a0a2c, 0x06010861, 0x1b51060a, 0xff823240, 0x02000524, 0x35898005, 0x349c6082, 0x10405929, 
    0x2426282a, 0x84222212, 0x0b232802, 0xb12b1f0b, 0x41440006, 0x9d4c0519, 0x05cd4105, 0x32331629, 0x06170736, 0x8f222306, 0xa0490815, 0x5d920d86, 
    0x363f4743, 0x87064326, 0x385c8f10, 0x2935494b, 0x0d871d3f, 0x48425c94, 0x4228363e, 0x8f0e8307, 0x4a4a375d, 0x063f2736, 0x67530b85, 0x242e2122, 
    0x236e5306, 0x08b12f23, 0x23236756, 0x51082330, 0x2e22216c, 0x2a008200, 0xfd92fb01, 0xffc2fed8, 0x500d0092, 0x2f080521, 0x020209b6, 0x4c010205, 
    0x5010b04b, 0x031e4058, 0x02020101, 0x01047001, 0x00050500, 0x05020071, 0x00570205, 0x60050202, 0x05020500, 0x1c401b50, 0x83057548, 0x8600211f, 
    0x59281e8f, 0x12110940, 0x10121111, 0x08084a5c, 0x37272344, 0x27210733, 0x23071733, 0xbbfc2137, 0x7df4ad7c, 0x88d701bf, 0x7ffab27d, 0xfd29fec2, 
    0xaadbdfd8, 0xacdfdbaa, 0xfc010000, 0xfedafd20, 0x00a1ff16, 0xb11c0008, 0x40446406, 0x06070811, 0x06020305, 0xb6824a00, 0x01107622, 0x08063c45, 
    0x1323012f, 0x17253707, 0x2efd2707, 0x14d93065, 0x17cf1301, 0x01dafda1, 0xd17ca721, 0xffa57cd1, 0x04defcff, 0x070300ff, 0x0a0701df, 0x0278fc07, 
    0x05a745ac, 0x44ac0221, 0x0029058b, 0x04f8fd01, 0x05f5fe59, 0x20ff82e7, 0x2067842a, 0x17a3641f, 0x14111424, 0xb1460410, 0x01350806, 0x36372606, 
    0x26073336, 0x16060706, 0x58b3fe37, 0x8e0e0d63, 0x47280e54, 0x2b310809, 0x6d015a04, 0x5e735955, 0x2b2f3d01, 0x00000140, 0x0414fd02, 0x068bff91, 
    0x2263829f, 0x44600019, 0x112c0551, 0x20405850, 0x01000102, 0x72000104, 0x18094042, 0x220dc04a, 0x8621401b, 0x42042022, 0x238d0a64, 0x09405927, 
    0x12222424, 0x08644122, 0x36230327, 0x06222326, 0x05e54e07, 0x080b5d43, 0x0aa48929, 0x514c4738, 0xbd14a409, 0xfe898f8e, 0x3846082d, 0x0808363a, 
    0x33373a49, 0x523e8d05, 0x9b773b55, 0x2ffdfe9b, 0x822f4142, 0x00002a03, 0xfd78fc01, 0xff74feee, 0x157b77c8, 0xc3fc2c08, 0x6f719f4b, 0xa04ca172, 
    0xfd746f73, 0x8b8961f2, 0x618a8c61, 0x8e618d89, 0xffff0000, 0xdefd74fc, 0xb9ffa3fe, 0x130a0700, 0x82009afc, 0x20138200, 0x2013827c, 0x221384ab, 
    0x85c2fc14, 0xbcfb2513, 0xc6ffdefd, 0x272c1382, 0x02fc140a, 0x07000000, 0x0cfe120a, 0x7f820782, 0x04a90029, 0x06e501a5, 0x530f009c, 0x0f2423f3, 
    0x14110f00, 0x2108a25d, 0x52483713, 0x37350805, 0x07161632, 0x15a9020e, 0x08085535, 0x4b15333e, 0x0b0c326c, 0xa5048259, 0x35354a7e, 0x73457e47, 
    0x45724444, 0x00ffff00, 0x02fa04fd, 0x01e80508, 0xfc6c0a06, 0x052542e5, 0xb0e5ff24, 0x87822b35, 0xfd4cfc31, 0xff04fef1, 0x000e00b8, 0x6406b122, 
    0x18174044, 0x200bec46, 0x0504570c, 0x91421520, 0x372c0808, 0x37173727, 0x17370733, 0x27071707, 0x8360fc07, 0x18942997, 0x0aa52559, 0x464f4fa9, 
    0x9227fe74, 0xb63c572e, 0x2e5739b9, 0x9096348e, 0x0328e982, 0x21fea5fb, 0xc4ffd1fe, 0x4f067345, 0x063a066f, 0x11000501, 0x02040201, 0x0001014c, 
    0x04050107, 0x06690500, 0x02020401, 0x06825904, 0x61020423, 0x211c8303, 0x00822451, 0x24242322, 0x200d1b6e, 0x05876b16, 0xf56a0720, 0x23062405, 
    0x69252622, 0x3625050a, 0x06222326, 0x080b8a05, 0x10b4fb5f, 0x51345b96, 0x33602418, 0x0d0d6a5e, 0x36686094, 0x5e345f23, 0x07cf016c, 0x52303234, 
    0x31350606, 0xa5fe4f32, 0x33353207, 0x2f06064b, 0xfe4e3433, 0x2a7a59f1, 0x7b292423, 0x4b7c5656, 0x58782823, 0x2f45482a, 0x2f46442f, 0x2b48482a, 
    0x0047482c, 0x0498fd01, 0x0625ff9e, 0x0007007e, 0x05ed4252, 0x58500d31, 0x00001c40, 0x70000101, 0x03030200, 0x77007102, 0x002009b6, 0x2005cf77, 
    0x211e821a, 0x1d828500, 0x8f860221, 0x0617591c, 0x08077b43, 0x33073328, 0x23372303, 0x5d7c2efe, 0x5e7d97d8, 0xb57e06d7, 0x00b3d5fe, 0xdefdffff, 
    0x600368fe, 0x070398ff, 0x0000910a, 0xc541c8f9, 0xc8f92105, 0x2808eb43, 0x03a004de, 0x00d00560, 0x20334d11, 0x0a0d0e2a, 0x00040508, 0x05110111, 
    0x082d4118, 0x26243108, 0x021e3327, 0x36363233, 0x06063337, 0xfead6b04, 0xa426b0f6, 0x79d09621, 0x2bb2e578, 0xfedf42a4, 0x59a004d9, 0x51264b8c, 
    0x25513938, 0x00588b4d, 0xfb2ad282, 0x003905e1, 0x00d2059b, 0xfb4d0003, 0x01022206, 0x20178201, 0x22068257, 0x825f0001, 0x4f002109, 0x2d0e0f4a, 
    0x37210713, 0x5ffb199b, 0x99d20519, 0xd7820099, 0xfec8fa2f, 0xff82ff97, 0x0a070130, 0xf9e7fe92, 0x20d7865e, 0x29d7875e, 0xde04c2fc, 0xf8055c04, 
    0x75691900, 0x820f2007, 0x01012f63, 0x4c020302, 0x4a00010e, 0x02030100, 0x65835901, 0x03000223, 0x093f6f69, 0x24252323, 0x08d14424, 0x823e2721, 
    0x020c21da, 0x08074148, 0x2c22233a, 0x06222302, 0x166a2cfd, 0x5f578f62, 0x21010101, 0x58fb1e01, 0x6b1c774c, 0x8b7fc01e, 0x9efeabfe, 0x4675c2fe, 
    0x1cde0474, 0x15436b3e, 0x3b151e1e, 0x7e64253d, 0x391e281e, 0x00316882, 0x04acfd01, 0x052e039d, 0x001100ce, 0x6406b128, 0x5b531844, 0x07d9411c, 
    0x085f5318, 0x36362808, 0x04323324, 0xa42e0316, 0x7bd1951f, 0x2cafe57a, 0x01e244a4, 0x01a6a825, 0x9d04b708, 0x3a3a5225, 0x8b502552, 0x848b5456, 
    0xb4fc2b6b, 0xc002d4fd, 0x080092ff, 0x6b837d00, 0x8208b521, 0x4c0123fb, 0x7642b04b, 0x02032405, 0x4e700302, 0x572b0a14, 0x01020200, 0x02010060, 
    0x461b5001, 0x1b2005e6, 0x2506b25b, 0x86000100, 0x3c820200, 0xb25b228b, 0x5b1c9307, 0xc08807b2, 0x21252b08, 0x33272137, 0xb2710105, 0xe8fa0d01, 
    0xd115050f, 0xfd0701b2, 0xaf5db2d4, 0x01ffffdf, 0x09050527, 0x0012062c, 0x00bf0527, 0x078405d8, 0x85260321, 0x74052907, 0x07011205, 0xc207bf05, 
    0x24260f82, 0xb80100b1, 0x074b1205, 0x20088506, 0x20118702, 0x82088603, 0x05522ca8, 0x07d40329, 0x00030063, 0x833a0007, 0x2f4022f9, 0x06765d00, 
    0x85030123, 0x05684204, 0x01220682, 0xff826000, 0x04500022, 0x19894c18, 0x33133739, 0x18940303, 0xe718d6fd, 0x05f0c9ba, 0x988e8eb7, 0xecfe1401, 
    0x85000000, 0xde0621b7, 0xaf83b791, 0x0021b783, 0x82af9a1b, 0x0900273f, 0xbe054bfe, 0xf78358ff, 0xfebaff22, 0x02230784, 0x8358fe07, 0xebc2183f, 
    0x03002921, 0x9c0475fc, 0x0006cdff, 0x20068f54, 0x28e9843e, 0x03040033, 0x00590405, 0x23158202, 0x06690302, 0x0535ec83, 0x00670001, 0x61050404, 
    0x05040500, 0x1a000051, 0x0e121418, 0x0664770c, 0x31480720, 0x23132307, 0x734a0503, 0x080b8b0a, 0x932ffe35, 0xa101dab2, 0x3f394708, 0x4908082f, 
    0xfd31393a, 0x374909ad, 0x0808303c, 0x313c364a, 0xd7fe0006, 0x32952901, 0x2e2e4540, 0x3335413e, 0x2f2f443e, 0x8200403d, 0xfc032200, 0x20a38267, 
    0x20a388a3, 0x05335e75, 0x5850132a, 0x00002740, 0x70000204, 0x2008a082, 0x01050305, 0x02008003, 0x59020305, 0x05000400, 0x69050401, 0x03020200, 
    0x02030062, 0x401b5203, 0x21298226, 0x28a08500, 0x12405922, 0x3322da98, 0x52183701, 0xfd3f16dc, 0xfef6f74e, 0x4709b7b9, 0x08313e39, 0x3e384b08, 
    0x08ccfd2f, 0x343a3b45, 0x3a4a0708, 0x8204313a, 0xd7fe24d8, 0x83412f34, 0x8e4434da, 0x3040412e, 0x00423f30, 0xfd94fc01, 0xffdbfdd4, 0x4f3000a7, 
    0x3029075f, 0x01020101, 0x0101184c, 0x14226749, 0x172c2e25, 0x41032116, 0x0527066b, 0x16323336, 0x66030e07, 0x08830631, 0x2607172a, 0x033e3726, 
    0x27263637, 0x51080884, 0x22233435, 0x94fc0706, 0x35456b62, 0x3b310608, 0x1c01012c, 0x07432114, 0x2f3e3206, 0x1e860503, 0x05087b68, 0x012f3f33, 
    0x21141d01, 0x35040541, 0x22243241, 0x348d2048, 0x211f263e, 0x07090b10, 0x19060409, 0x0b1a1a21, 0x09100908, 0x2b34084e, 0x0a82191a, 0x08073708, 
    0x1c160604, 0x12141d16, 0x1016140c, 0x01000000, 0xb60458fd, 0x1b06f4ff, 0x06000500, 0x010002b3, 0x17032b32, 0x17372705, 0x4ffe3743, 0x06a364eb, 
    0x94e2831b, 0x27826983, 0xd7040024, 0x451897ff, 0x11240b6b, 0x17405850, 0x42fb4418, 0x33030133, 0xfd072117, 0x26e5aaaa, 0x04188c01, 0x922901d7, 
    0x206f8297, 0x206f8240, 0x4f6f91d4, 0x45740fa5, 0x401b2205, 0x09744116, 0xd7825720, 0x20075e74, 0x4b461859, 0x37013711, 0x27231321, 0x011a40fd, 
    0x6ab08eec, 0xfe966a05, 0x010093d7, 0x6f82f8fc, 0x6f84d620, 0x0bb34218, 0xe0848620, 0x01255183, 0x0001005f, 0x02431801, 0x21132d11, 0xfc072107, 
    0xe901f5f8, 0x9a85fe1b, 0x9621be83, 0x21348293, 0x4f82e0fc, 0x0006fb24, 0x1f420900, 0x75082007, 0x04201203, 0x02201383, 0x23114867, 0x17330301, 
    0x072ca684, 0xe29e7efd, 0x1b017f40, 0xa563a45f, 0xa0255c83, 0xaed7fea0, 0x24af82ae, 0x00d704fe, 0x355fb87c, 0x37172113, 0x27230133, 0xc0fefc07, 
    0x764a1c01, 0xd3fffee2, 0x608a9e6d, 0x0000002d, 0x04f3fb01, 0x05c600cc, 0x610f00db, 0x0327084f, 0x59030100, 0x82020104, 0x0002311d, 0x03030067, 
    0x01006201, 0x12520103, 0x10221222, 0x22071d6c, 0x74062113, 0x363f0951, 0xfdae2137, 0x52943478, 0xa4138b8e, 0x4d4f3209, 0x0103094d, 0x3a3d4305, 
    0x56397798, 0x82003956, 0xc8fb2149, 0x9c206782, 0x7b6d6784, 0x03002306, 0x67850001, 0x02000123, 0x22678301, 0x82056100, 0x05fc5d12, 0x06080a25, 
    0x55030405, 0x03260b42, 0x21272622, 0xbf492137, 0x06333f05, 0x8250c306, 0x187cfd1f, 0x3108fe02, 0x094f4c4b, 0x04bd13a6, 0x983d3acc, 0x3a555639, 
    0x72829877, 0xfc010029, 0x03a704e8, 0x56ee05fb, 0x538309c7, 0x54050121, 0x0823091a, 0x48020800, 0x2b0807e3, 0x25070705, 0x25372705, 0x042003db, 
    0xfd76fde7, 0x0304cf31, 0xf0ee056f, 0xd0d03f18, 0x00ee1a3f, 0x87fd0100, 0x1fff1c04, 0x1200e005, 0x2307f557, 0x00010110, 0x21056f53, 0x09820249, 
    0x18000121, 0x530d3354, 0x01220d70, 0x16551632, 0x23362b07, 0x27070622, 0x44fe3636, 0x71537962, 0x055f220e, 0x0f7153e0, 0x012ccc82, 0xd4fd38fc, 
    0x8eff05fe, 0x5a000700, 0x2c055f45, 0x40585010, 0x0301041d, 0x70030000, 0x0e324300, 0x02006028, 0x1b500200, 0x1f831b40, 0x43850321, 0x1d850e37, 
    0x3913dc52, 0x03210705, 0x13213723, 0x014b4afd, 0x49957d06, 0x7280fcfe, 0xa4e8fea2, 0x83841601, 0x19fe322a, 0xbeff1dff, 0x6a001800, 0x40228383, 
    0xff820b10, 0x02020c2b, 0x17180102, 0x03040302, 0x05727a4c, 0x4a001e21, 0x043806ed, 0x00590203, 0x03040001, 0x006a0401, 0x61030202, 0x03020300, 
    0x1d401b51, 0x00232082, 0x95020085, 0xb759241f, 0x42222622, 0x05260969, 0x33360733, 0x9c491632, 0x020e2105, 0x08081450, 0x8bfbfc29, 0x263a568a, 
    0x20233639, 0x0c6d113b, 0x373d5737, 0x2e2a4e57, 0x42563258, 0x202031fa, 0x30232b28, 0x26263e5e, 0x832c1822, 0x04fd29bb, 0x62ff7d04, 0x2300d205, 
    0x2505217c, 0x030117b5, 0xb0820100, 0x58501935, 0x01061d40, 0x01010402, 0x69010200, 0x03000107, 0x82590003, 0x03002606, 0x03010561, 0x52af8200, 
    0x222605ca, 0x02040100, 0x2a825901, 0x82040021, 0x232994ba, 0x02002340, 0x69222684, 0x25820600, 0x93040621, 0x59593525, 0x00011540, 0x18191d1f, 
    0x0b0d1113, 0x04050607, 0x23012300, 0x2509c269, 0x27263637, 0x15523637, 0x26272106, 0x2206746c, 0x46262607, 0x690805de, 0xfe161617, 0x050b3ca7, 
    0x44103218, 0x640a0c65, 0x0e434756, 0x3e1c1807, 0x1b2a080b, 0x0a584611, 0x49496b0b, 0x1e090b43, 0x1b44dc04, 0x0158033b, 0x6543535a, 0x27264f4a, 
    0x03222a3a, 0x475c0159, 0x3e515747, 0x00002731, 0x47fd0100, 0xa0ff7e04, 0x21007a07, 0x06b14100, 0x36404464, 0x0203011e, 0x0300011f, 0x010f4c02, 
    0x0d504900, 0x43042012, 0x1d2906a0, 0x0916181b, 0x01210007, 0x07234c21, 0x82220121, 0x023e2ba0, 0x07163233, 0x2707020e, 0xc682023e, 0x22234908, 
    0x33060706, 0x06173732, 0x3d23fe06, 0x0e0e3669, 0x7d488860, 0x901b1b90, 0x42155cbb, 0x10136f8d, 0x5d404348, 0x3a86190b, 0x481d0b2b, 0x682f9205, 
    0x3e724e53, 0xb69393a5, 0x146b1863, 0x627b8a46, 0x8b3f4e63, 0x14124f12, 0xaf82ae82, 0xcf034d2a, 0xe00666ff, 0xb9002a00, 0xb726af83, 0x03010e0f, 
    0x49180501, 0x2c3c07cd, 0x06040300, 0x00720304, 0x06040506, 0x05007e05, 0x70050101, 0x04000200, 0x69040203, 0x0028cb82, 0x01005901, 0x00620001, 
    0x52210b82, 0x056d791b, 0x33902d20, 0x01050423, 0x1834987e, 0x880a7e44, 0x2a309b64, 0x0a405959, 0x12222512, 0x7916112c, 0xe4570894, 0x37272905, 
    0x36373616, 0x26372726, 0x35170e7f, 0x53fe0606, 0x082e1d05, 0x06575f08, 0x05052820, 0x691d2326, 0x1c7f1349, 0x880f3515, 0x0610a304, 0x3f312d21, 
    0x10014801, 0x040f1418, 0x619d1341, 0x330d2a7f, 0x00006c47, 0x20fd0200, 0x54ffa204, 0x0f00c807, 0xc5001b00, 0x33054944, 0x40585020, 0x0501030e, 
    0x04011a01, 0x02010e05, 0x1b4c0304, 0x2b7f108b, 0x820c2006, 0x00222126, 0x2705da43, 0x04050001, 0x076a0501, 0x8205934f, 0x02042a06, 0x02030661, 
    0x51020402, 0x07557f1b, 0x00010023, 0x06297f85, 0x40212895, 0x254d8228, 0x01068500, 0x73820403, 0x8a800221, 0x0203212c, 0x2205567f, 0x83006102, 
    0x59592d53, 0x10111440, 0x16180000, 0x1b111b10, 0x0f24bb82, 0x08112225, 0x20089157, 0x05917e33, 0x0805f24f, 0x32370741, 0x36373736, 0x07222326, 
    0x20fd1607, 0x3e308682, 0x0b5c635f, 0x70950a01, 0x9b0f2d69, 0x020d4b3d, 0x53412a0d, 0x04182133, 0xfe1603b2, 0x7e9c35e3, 0x40a3750c, 0x4c5e5e30, 
    0x4d604d0c, 0x820052c4, 0xfd022900, 0xffa20443, 0x00e0065a, 0x0a7b4318, 0x02010c29, 0x01010b03, 0x184c0202, 0x310a3c44, 0x04010504, 0x00050067, 
    0x00590500, 0x61000505, 0x0c820106, 0x43185120, 0x0924077b, 0x00040507, 0x0f7b4318, 0x9c832120, 0x44180620, 0x54080a3f, 0x14152337, 0xfe323316, 
    0x135d7919, 0x07650108, 0x48313e3a, 0x73203920, 0x12777a56, 0x2fac1403, 0x673527e6, 0x759ca204, 0x204b4430, 0x45264421, 0x87147894, 0x3507ec97, 
    0xfd010042, 0xffb204ba, 0x00d80769, 0xb1460016, 0x40446406, 0x05010f3b, 0x03011004, 0x33a58205, 0x86010001, 0x05000400, 0x69050403, 0x03020607, 
    0x57030000, 0x03200783, 0x07565a18, 0x1625e982, 0x13251600, 0x7e008211, 0x0328071f, 0x23032307, 0x33372313, 0x08066e44, 0x23260728, 0x07070622, 
    0x4a6112e7, 0x12644b89, 0x85110864, 0x19201052, 0x2215191c, 0x06080835, 0x3ffe6de0, 0x326dc101, 0x61706363, 0x82322005, 0x82982093, 0x072a2493, 
    0x463300c8, 0x46080627, 0x0701005f, 0x09010108, 0x00012707, 0x020c2606, 0x010d0005, 0x011b0501, 0x011a0402, 0x4c070203, 0x08070800, 0x02030085, 
    0x07008603, 0x07000600, 0x09006906, 0x09050000, 0x01006a00, 0x59010204, 0x04000500, 0x4f040502, 0x32260abe, 0x3315132f, 0x04823115, 0x560a1321, 
    0x01280647, 0x23060617, 0x32072322, 0x82060758, 0x20c7820b, 0x06694722, 0x17323323, 0x230b8937, 0x03333733, 0x61082783, 0x0936f4fe, 0x02022e49, 
    0x1401020c, 0x07360524, 0x01013049, 0x0432842b, 0x02251404, 0x30460636, 0x030c0505, 0x05261503, 0x2f480936, 0x842a0405, 0x15010132, 0x13d30626, 
    0x224a4430, 0x472e0e16, 0x3301fbfe, 0x2e0d1424, 0x2149014a, 0x4a2c1117, 0x21d1feff, 0xc6fc0200, 0x69fff303, 0x1100e006, 0x41621f00, 0x01102207, 
    0x2d018202, 0x0101114c, 0x00000049, 0x03000203, 0x10820469, 0x59020122, 0xa75d0682, 0x12132b07, 0x1f12181a, 0x26251f13, 0x41620b05, 0x44372006, 
    0xdd42081e, 0x42012006, 0x063b07dd, 0x16060707, 0x329fc6fc, 0xa8150213, 0x15767876, 0x77a71502, 0x01982c37, 0x184c450b, 0x2509a444, 0xcc2e0432, 
    0x4418754b, 0x122407a5, 0x5e1d01c1, 0x0ba84418, 0xc5fb022c, 0x2efebe03, 0x0f00e406, 0xa7711c00, 0x50203307, 0x0e0e4058, 0x14000401, 0x09040501, 
    0x03050101, 0x10841b4c, 0x10890320, 0xe5435920, 0x00202105, 0x2608d682, 0x02060386, 0x04010700, 0x69040005, 0x01010500, 0x05005905, 0x00620105, 
    0x52010501, 0x0027401b, 0x00040003, 0x84800403, 0x0106212a, 0x43182997, 0x32211f39, 0x2df08216, 0x27222306, 0x33132303, 0x22173617, 0xf3590706, 
    0x36372405, 0x1866fd26, 0x081b3943, 0x9ee40625, 0x9c7e0c7a, 0x03e3fe35, 0x6e403016, 0x49cf2328, 0x4d0c4c61, 0x0000005d, 0x0320fd01, 0x0769ffbe, 
    0x182000d8, 0x2d079342, 0x02030117, 0x01020918, 0x00010803, 0x5a180301, 0x3682135f, 0x25510026, 0x04142616, 0x2108fb50, 0x99820607, 0x79272621, 
    0x132006c0, 0x350c8f73, 0xfe073107, 0x1008015c, 0x23125684, 0x160a1e14, 0x0838200d, 0x45433736, 0x1407310b, 0x622db204, 0x67040665, 0x312b0501, 
    0x4e013f01, 0x21074d43, 0x6c827a2d, 0x03c6fc2b, 0x0665fff3, 0x001600da, 0x05b1456f, 0x58503030, 0x01100b40, 0x01010302, 0x0301164c, 0x0d8a1b49, 
    0x59490422, 0x2105ea68, 0xc0830218, 0x71570021, 0x62290922, 0x01030104, 0x401b5203, 0x22138219, 0x82590104, 0x03003320, 0x67030004, 0x04010100, 
    0x01040062, 0xb7595204, 0xa6821123, 0x22080478, 0x18372637, 0x200b6946, 0x08e78327, 0xfc07272f, 0x111a9cc6, 0x0a388636, 0x284e371e, 0x655a8641, 
    0x39581f07, 0x0494181f, 0x6539c72e, 0xb7fe4701, 0x013b4439, 0x42d8fd8b, 0xbb062824, 0x26008200, 0x04fefc01, 0x82f8ffb2, 0x541220c3, 0x1130077f, 
    0x0403040b, 0x4c010002, 0x00020104, 0x57000202, 0x42180783, 0x11210833, 0x88018214, 0x33132385, 0x87831513, 0x03232008, 0x23030727, 0x07133303, 
    0x7aa19dfd, 0x86860c28, 0x0b3266f5, 0x3f679c20, 0x05011784, 0x185e017c, 0x08074342, 0x47440126, 0x02bcfe47, 0x0fa2fe28, 0x4ffd0400, 0x75ffa804, 
    0x2000a707, 0x34002a00, 0x8b004000, 0x446406b1, 0x021011b6, 0x093b4a18, 0x01092b2a, 0x08010a07, 0x69080703, 0x180adc45, 0x2817454a, 0x06040032, 
    0x00040600, 0x20359b80, 0x4f4a1804, 0x3f102d0e, 0x2337393d, 0x16252325, 0x22242225, 0x2b07fe5a, 0x23060601, 0x36372622, 0x37333336, 0x2007164c, 
    0x05eb4233, 0x34231724, 0x4a183427, 0x55420a58, 0x82072005, 0x087f772f, 0xfe313a82, 0x3a581aa4, 0x0b0a5554, 0x06627590, 0x3b2b550f, 0x6f4a1806, 
    0x05290807, 0x01880605, 0x34611802, 0x550b0543, 0x27124f24, 0x25253105, 0x490d0620, 0x3407ea4e, 0x061c2721, 0x23252b06, 0x1df40427, 0x05e17f2f, 
    0x22233708, 0x66614809, 0x411fe362, 0x0d070323, 0x1e31bc1c, 0x0216253f, 0x2a2b200e, 0x20484520, 0x1d1d2d27, 0x00002828, 0x31fd0400, 0x69ffa204, 
    0x0d00a707, 0x26001b00, 0xf1793200, 0x40403a05, 0x07040106, 0x04010501, 0x01006905, 0x01020300, 0x01096903, 0x02000002, 0x34068259, 0x08610002, 
    0x00020001, 0x010e0f51, 0x2b2f3100, 0x20232529, 0x8d49181e, 0x4d0a200b, 0x01210687, 0x0bf14422, 0xed442720, 0x0900410c, 0x01412620, 0x181f200c, 
    0x440da449, 0xce250cff, 0x22243406, 0x28f48222, 0x06eb2725, 0x2223252f, 0x21f58207, 0x49182127, 0x022316bb, 0x8228204f, 0x212829ed, 0x2129291d, 
    0x002c281d, 0x03260082, 0xa80443fd, 0xef8265ff, 0x1e001225, 0x6a002a00, 0x22200afd, 0x0827ef82, 0x05010601, 0x18036906, 0x2018d949, 0x20248923, 
    0xe3491800, 0x0c402b18, 0x23242424, 0x13231211, 0xd0460922, 0x05194207, 0x200b7e43, 0x0ae05203, 0x0c2c4b18, 0x1820a021, 0x3d08004a, 0x27513026, 
    0x645b8541, 0x223206e0, 0x05052423, 0x2722272e, 0x263005fb, 0x05051d26, 0xf982272a, 0x2924f523, 0x184a186c, 0x022c080b, 0x27291eae, 0x26291f20, 
    0x2b2b1e20, 0x28281e1e, 0xffff0000, 0x8904fafc, 0xe105b1fe, 0x210a0701, 0xde0398fc, 0x00b10900, 0xde03b801, 0x26087757, 0x0269fe88, 0x569aff0a, 
    0x023f3ce3, 0x971fa40a, 0xe27878d2, 0x45a430b0, 0xa62601e4, 0xb70901a5, 0x512769fe, 0x26513837, 0x56558a52, 0x450805e3, 0xfe9bfb02, 0xffaefe0f, 
    0x001500b3, 0xb18a002b, 0x40446406, 0x0221220c, 0x4c010006, 0x01020b0c, 0x2db04b4a, 0x2a405850, 0x04000100, 0x69040100, 0x01030200, 0x00020600, 
    0x09070069, 0x00590705, 0x05090006, 0x0d820906, 0x61050730, 0x07050108, 0x401b5105, 0x0805002e, 0x31938605, 0x31850820, 0x31850820, 0x00610830, 
    0x51080708, 0x2a0e4059, 0x22222528, 0x04822212, 0x71481020, 0x05844208, 0x5e093658, 0x37210fae, 0x08c45e17, 0x43fc2108, 0x5d900e85, 0x364a4a38, 
    0x87064026, 0x425b950d, 0x29363e48, 0x0e842a41, 0x4b385c90, 0x4126364a, 0x20081582, 0x48435c93, 0x4228363f, 0x5306e2fe, 0x2e23236d, 0x67550a23, 
    0xf52f2323, 0x236b5207, 0x0a233123, 0x320d8253, 0xfcffff31, 0xff9b04b0, 0x017b07d5, 0xfc060a07, 0x41480218, 0x0221059b, 0x069b4148, 0x74fa022c, 
    0x3e00dffd, 0x0a00baff, 0xf57d1300, 0x070f2d07, 0x02040205, 0x064c0100, 0x014a0001, 0x09d85f18, 0x0b0b0b28, 0x14130b13, 0x7048041c, 0x37252908, 
    0x05372523, 0x17073107, 0x073f5e18, 0x74fa4d08, 0x05d60114, 0x144efe03, 0x020cb402, 0x7ba5dbd2, 0xa4e12713, 0xdffd8afe, 0x7101707d, 0x0c4fbf7c, 
    0xfed701be, 0x014141dc, 0x0029fe24, 0xf8fc0100, 0xffffe604, 0x1100d807, 0x27402a00, 0x0d0e0f10, 0x070a0b0c, 0x03040506, 0x010e0102, 0x23828382, 
    0x02850035, 0x76010101, 0x11000000, 0x03181100, 0x012b1706, 0x5c270737, 0x39080d3e, 0xea33eafd, 0x6bc8ee3b, 0x2fa424bc, 0xc5ea3ae7, 0x0421be6a, 
    0x8c80f6e6, 0x828f7477, 0x9083f8f8, 0x80907374, 0xffff00f6, 0x9d069001, 0xd7081204, 0x980a0701, 0x74013e00, 0xd7180900, 0x1f850bd7, 0x83d20321, 
    0x020b211f, 0x022d1f93, 0x04450503, 0x00d30545, 0x00ce0607, 0x209282ac, 0x26338200, 0x02020534, 0x821606b7, 0x00cb2213, 0x24138694, 0x02f0049b, 
    0x231382be, 0x60cc0606, 0x0826c383, 0x67020000, 0xab7f8c03, 0x07253330, 0x03331321, 0xfd1d6702, 0x7cce98be, 0x8c03a6a6, 0x4f831afd, 0x4f822620, 
    0x4f828820, 0x4f180720, 0x03200941, 0x187e5818, 0x07209382, 0x0c3d6018, 0x21070124, 0x57832303, 0x1d882308, 0xd03fcafe, 0x023dd098, 0x89fea61d, 
    0x91fe8c03, 0x2b00ffff, 0xae01c2fe, 0x0701d6ff, 0x8bffcb06, 0x3342c0f9, 0xc0f92105, 0x29063342, 0x03de0001, 0x04fd015a, 0x6018003a, 0x2328250b, 
    0xad1f01de, 0xe03a0414, 0x02228582, 0xbc822800, 0x07203b85, 0x21070955, 0x49820200, 0x67030222, 0x210a5b55, 0x5c550104, 0x06072305, 0x1c820405, 
    0x05110322, 0x2c062957, 0x17333733, 0x23072103, 0x5e14ad28, 0x21578369, 0x5983e2e2, 0x2c01012b, 0xed01e003, 0x0d001806, 0x10bb6b00, 0x83026121, 
    0x8251204d, 0x000d237e, 0x7357150c, 0x01310807, 0x3737022e, 0x16060733, 0x15161417, 0x1a0a6201, 0xbf010112, 0x03050805, 0x38e00301, 0x5051b8a7, 
    0x4bf38352, 0x0008120b, 0x03c20001, 0x064302db, 0x0933681b, 0x02040524, 0x33684a00, 0x07256713, 0x20c20730, 0x69608711, 0x21104b3b, 0x64b9db03, 
    0xca6849da, 0x01002a05, 0x8c021201, 0x0e07c003, 0x08216a00, 0x04010528, 0x04030203, 0x9f828002, 0xec820320, 0x69006921, 0x5f250891, 0x01020100, 
    0x2517824f, 0x271b001b, 0x4d181821, 0x36340955, 0x16323336, 0x06070716, 0x23070706, 0x36323313, 0x36373736, 0x08055144, 0x1a120134, 0x91788ec8, 
    0x1a101235, 0xbc2980a2, 0x5a544340, 0x0c110b2a, 0x4f48430d, 0xed05154e, 0xb56ba57c, 0xd5a3656f, 0x7c01f422, 0x65417e52, 0x4c416e45, 0xe3820039, 
    0x9782d520, 0x9782d220, 0x63001a34, 0x446406b1, 0x030110b5, 0x4b4c0102, 0x585013b0, 0x20821f40, 0x0001022a, 0x00040072, 0x01040001, 0x0329a182, 
    0x00590203, 0x5f030202, 0x23bb8200, 0x20401b4f, 0xc4822185, 0x59242296, 0x261128b7, 0x2009a853, 0x067c6101, 0x16060728, 0x03333316, 0x55183723, 
    0x4008085d, 0x01a4c103, 0x606b4d39, 0x030b1111, 0x40425141, 0x5d7529b9, 0x6f12111c, 0x8f917ab5, 0x4a3bed05, 0x4165678d, 0x84fe527e, 0xa5d521f3, 
    0x6eb66b65, 0x01ffffa7, 0x02b0fe9b, 0x01d6ffbe, 0x00cc0607, 0x12af4260, 0x7f04cc26, 0x1906a901, 0x382a5b5e, 0x13230301, 0x9944a901, 0xfe190642, 
    0xff9a0166, 0xfe3a00ff, 0xff7c028b, 0x20638219, 0x13c768ce, 0x04bc0027, 0x05ba0157, 0x3b1f63e6, 0x5278013d, 0x8f0f0e6a, 0x452b0e52, 0x2b300708, 
    0x69015804, 0x60715d58, 0x2b2f3d01, 0x8200013d, 0x07e76183, 0x8b0a062e, 0x01000000, 0x14febaff, 0xacff9b00, 0x1720d7aa, 0x9b28d782, 0x54469b46, 
    0x980168fe, 0x02384382, 0xb2047afc, 0xda062b00, 0x22001f00, 0x06b17400, 0x06b54464, 0x01010401, 0x08069e55, 0x07092427, 0x04030305, 0x02710304, 
    0x0a000001, 0x670a0001, 0x04040100, 0x01005701, 0x08620401, 0x01040206, 0x401b5204, 0x21268523, 0x259a8603, 0x10405930, 0x1e1f2122, 0x11211313, 
    0x11111523, 0x46770b10, 0x07332807, 0x07212721, 0x79071616, 0x2320056e, 0x23220682, 0x0d840622, 0x0c823720, 0x37014108, 0x86d4fc23, 0x7d350127, 
    0x5acd4002, 0x7d0c1264, 0x472b0b0b, 0x227d2216, 0x0e4d3910, 0x0c0d7d0d, 0x86227c21, 0xa0676802, 0xf2f2da06, 0x7b6207f3, 0x314d5151, 0x5925cfcf, 
    0x324c5151, 0x8a3701cf, 0x0036e783, 0x03670354, 0x00d20505, 0x00100007, 0x0d2a402d, 0x00020209, 0xcc694c01, 0x092f4516, 0x19064108, 0x3301132b, 
    0x23272313, 0x27333707, 0x06272626, 0x01540706, 0xb28cd352, 0x8544ef1c, 0x0d0d0393, 0x1e341905, 0x6b026703, 0x7d7d95fd, 0x7a380bf4, 0x3878413f, 
    0xb1ff0100, 0x2905d2ff, 0x03000006, 0x2d07475b, 0x17012717, 0x06057324, 0x055a2e72, 0x61825bd4, 0x3c000128, 0xd802a602, 0x23822c03, 0x1b401e22, 
    0x180afd44, 0x34085146, 0x11030003, 0x2b170603, 0x07213713, 0x8602163c, 0x86a60216, 0x293a8286, 0x9c000100, 0x38038f02, 0x3ba51303, 0x3b849c20, 
    0x84848f22, 0x6a253b85, 0x7701a601, 0x22778304, 0x47144017, 0x70880c60, 0x0333132c, 0x6ba26b6a, 0x8602a601, 0x22837afd, 0xc0fe0f37, 0xa600a301, 
    0x1f000500, 0x01031c40, 0x86020002, 0x00010100, 0x2251825f, 0x824e0021, 0x00053505, 0x04111105, 0x132b1807, 0x21372313, 0x41940f03, 0xe126011b, 
    0x40233582, 0x821afea6, 0x0100271f, 0xc0fedcff, 0x43a4f700, 0x43840320, 0x4b350e26, 0x5100011b, 0xee20438c, 0xe2224382, 0xf79e4000, 0x2b170723, 
    0x23c28203, 0x40b44012, 0x80223d82, 0x808280fe, 0xff012208, 0x0154fe91, 0x00a4009b, 0x4032000f, 0x0101032f, 0x00010202, 0x004c0201, 0x5f020303, 
    0x21020200, 0x08d1834d, 0x01046147, 0x00290000, 0x0c00014e, 0x06090a0b, 0x010f0004, 0x1607050f, 0x2722112b, 0x32331637, 0x23373736, 0x06073337, 
    0x282f4006, 0x563d3136, 0x1b4d110e, 0xc11c29fb, 0x9b0e54fe, 0x68574c08, 0xb1aaf5a4, 0xff010000, 0x20a782a2, 0x28eb84f1, 0x00164019, 0x86000200, 
    0x84708200, 0x4e023566, 0x03101111, 0x132b1907, 0x07211323, 0x4fb45623, 0x4b1b0001, 0xe621a782, 0x30a682a6, 0xac000100, 0x1504a801, 0x1500b602, 
    0x2d403000, 0x08a3620c, 0xa3620b20, 0x2522281a, 0x07042322, 0x4a132b1a, 0x24081467, 0x904844f0, 0x56674452, 0x345e3b29, 0x578c4948, 0x2a556744, 
    0xa801662e, 0x2f714b3d, 0x373e352f, 0x2f2f6956, 0x277b8438, 0xd3fffdff, 0x8b04cc04, 0x290db742, 0x73045c59, 0x045a2d5c, 0x24825a5e, 0x42000134, 
    0x73040000, 0x07005e04, 0x1e402100, 0x00000102, 0xdc824d22, 0x04600328, 0x21030301, 0x23824e03, 0x82066d48, 0x133324e3, 0x82210333, 0x42330803, 
    0x029eb4b9, 0xb9b59e0f, 0x48fc5e04, 0xa2fbb803, 0xb0ffffff, 0x4d020000, 0x26025e04, 0x00009302, 0x3b0b0701, 0x6aff10ff, 0x01b10900, 0x6affb801, 
    0x822b35b0, 0x5a002714, 0x9b013202, 0x8f825305, 0x1c401f22, 0x081c1364, 0x23030124, 0x869b0113, 0x530586bb, 0x2103dffc, 0xf4ff0100, 0xed014901, 
    0x0f00ad05, 0x21402400, 0x02010108, 0x71824c01, 0x47850021, 0x61210961, 0x2a148200, 0x10232551, 0x2b190603, 0x51033301, 0x27080c9a, 0x89b83501, 
    0x147e8616, 0x0b181131, 0x31320a1b, 0xfcad050d, 0x06a883c7, 0x05019c06, 0x03004c3d, 0xf9049601, 0x63074104, 0x0f269b82, 0x37001b00, 0xb0833440, 
    0x01068536, 0x85010301, 0x03070408, 0x61030202, 0x03030105, 0x114e025c, 0x19ff5a18, 0x33130123, 0x18e57303, 0xc9babe25, 0x73b0fef0, 0x062717ea, 
    0xfe14014f, 0x73aafeec, 0x776f0ff0, 0xffff2d1f, 0xe8ff4b00, 0x6c043e06, 0xfb012600, 0x073cb582, 0x1304280a, 0x0900adff, 0xb80102b1, 0x35b0adff, 
    0x0200002b, 0xf9049500, 0xf506d702, 0x2a26df84, 0x01042740, 0xf5820001, 0x05670023, 0x20d98301, 0x23d88400, 0x00000405, 0x8205cb76, 0x11032926, 
    0x2b170b06, 0x37210701, 0x6c053170, 0x022805b0, 0xd6fd18d7, 0x3e33aa18, 0x27084174, 0x8080f506, 0x314604fe, 0x83064574, 0x04962455, 0x865104f9, 
    0x001b256b, 0x06324035, 0x49416d87, 0x1878822a, 0x210bc973, 0x43772221, 0x51042109, 0x26208483, 0x86184941, 0x45312591, 0x46313145, 0x41074f41, 
    0x382006e3, 0x8208e341, 0x00002897, 0x03010106, 0xaa670100, 0x33032297, 0x18e14113, 0xc993b825, 0x98b6fe5d, 0x16e14197, 0x0000003b, 0xff240001, 
    0x03fc03a7, 0x00160098, 0x002e4031, 0x01000102, 0x00800002, 0x24068203, 0x00690103, 0x07777200, 0x01056126, 0x51040004, 0x162c3282, 0x12211500, 
    0x07062124, 0x37052b1a, 0x08064c72, 0x07062241, 0x32211223, 0x06071616, 0x01230406, 0x996b1c16, 0x9c1a19d5, 0x1bd59d98, 0xae015859, 0x1960d79b, 
    0xfefeac19, 0xacb0599b, 0xbeb39b96, 0x821302a4, 0xe19595e6, 0x0103007e, 0x03290552, 0x822b07fe, 0x000f3671, 0x4b5e001b, 0x585025b0, 0x01051840, 
    0x07040803, 0x03010203, 0x2c848202, 0x065f0100, 0x56010101, 0x401b4e00, 0x821a8b1e, 0x20c38215, 0x20068257, 0x06df6701, 0x1a405922, 0x231b2643, 
    0x37372107, 0x26164678, 0xfd189403, 0x415d18d6, 0x05241744, 0x878e8eb7, 0x080f2343, 0x01020028, 0x0306055b, 0x006307e1, 0x00180014, 0x003b403e, 
    0x85060706, 0x03070109, 0x04008507, 0x00020802, 0x00660004, 0xc3430101, 0x01562c05, 0x0115154e, 0x15181500, 0x78161718, 0x0a240df9, 0x012b160b, 
    0x6c067f6e, 0x162c054d, 0x33373233, 0x13030606, 0x01030333, 0x2713e178, 0xf0c9baeb, 0x292a0605, 0x25081e7b, 0x14014901, 0x6f42ecfe, 0x827d2006, 
    0x82082093, 0x00202495, 0x183c403f, 0x080ec7e5, 0x8501042d, 0x03080509, 0x61040303, 0x04040106, 0x164e035c, 0x00090a15, 0x151a1c00, 0x10201620, 
    0x0a14090e, 0x00080014, 0x0a121207, 0x772b180b, 0x8f43081f, 0x0c80790b, 0x3777ac20, 0x173e4109, 0x77630721, 0xfd210750, 0x10454196, 0xffff002f, 
    0x6d06d401, 0xd708bb04, 0xed0a0701, 0x06534f00, 0x01b80328, 0x2b35b074, 0x1f870000, 0x69088f22, 0xe8201f82, 0x7f201f98, 0xe4203f84, 0x87441f93, 
    0x06022307, 0x4f88e70a, 0x2f847620, 0x2f93e920, 0x8207d741, 0x82ec202f, 0x00023080, 0x02000066, 0x00ea0540, 0x000f0003, 0x4429402c, 0x4d2009be, 
    0x01281e82, 0x0101045f, 0x4e015701, 0x2312c944, 0x03331333, 0x3d0b3941, 0x9db3b666, 0x09423767, 0x38375c0a, 0x5c090a42, 0x02fcfe03, 0x384fdd04, 
    0x384e4e38, 0x6b844f38, 0x0506ec26, 0xfa070e03, 0x1b246982, 0x2e403100, 0x8207dd54, 0x20848273, 0x28068259, 0x04610002, 0x00020001, 0x13ff7751, 
    0x2009195f, 0x0ffb7716, 0x4cde3308, 0x0b0c3571, 0x4d477d54, 0x0b0c3670, 0x323c7d56, 0x3c0a0a56, 0x09553436, 0x05063c09, 0x42477848, 0x7747406c, 
    0x3f6d4447, 0x3534467e, 0x3434484b, 0x7d82004a, 0x00005737, 0xd205ad05, 0x1b000700, 0x01031840, 0x4d200101, 0x00020200, 0x05b74960, 0x11111129, 
    0x1a070410, 0x4721212b, 0x043005a6, 0xf7a1fbb6, 0xe302dcbe, 0xd205bedc, 0x2b05d5fa, 0x02282682, 0xdf04f700, 0x63074803, 0x1a3bd382, 0xb04be100, 
    0x4058500d, 0x0504001e, 0x72040501, 0x05000600, 0x69050604, 0x83070200, 0x03652bd4, 0x56010101, 0x4b1b4e01, 0x25820eb0, 0x25851f20, 0x99800121, 
    0xa4102026, 0xa319204c, 0x2940214c, 0x03276e87, 0x05020101, 0x897e0201, 0x00002376, 0xf7835902, 0xa6846120, 0x82595121, 0x15402f00, 0x16180001, 
    0x10111315, 0x07090b0c, 0x5d180405, 0x0122077b, 0xf5792622, 0x2313220b, 0x08eb7837, 0x007af620, 0x7826200e, 0xdf210afb, 0x080b7a4c, 0x795e0121, 
    0x03290707, 0xfc046201, 0x6007d303, 0x05237e00, 0x20173f46, 0x19214834, 0x2b170822, 0x321c2148, 0x97c15379, 0x3830d4fe, 0x30500807, 0x07083830, 
    0x8a4a0150, 0x3a06270c, 0xdafe2601, 0x1d7ec2fe, 0x00002f0f, 0xc500ffff, 0x0a02e704, 0x06022006, 0x0f845e0a, 0xe704db24, 0x0f843403, 0x0f845f20, 
    0x03211f82, 0x200f844c, 0x201f8860, 0x200f8465, 0x201f8861, 0x200f846d, 0x200f8462, 0x223f82b8, 0x82590720, 0x8e63204f, 0x8364200f, 0x079b7d0f, 
    0x68241f82, 0x01000000, 0x4c0a6f7d, 0x00411bff, 0x0a677d07, 0x2806d36b, 0x00630794, 0x00070003, 0x05794650, 0x02001529, 0x01030105, 0x43670302, 
    0x562508d6, 0x401b4e00, 0x6b17881b, 0xe2820bea, 0x4f000125, 0x6b124059, 0x012712ed, 0x37372107, 0x46133303, 0xeb240557, 0x055dc993, 0x2809e96b, 
    0x05450101, 0x066b0202, 0x1e834c16, 0x2b170623, 0x21438201, 0x3e83d801, 0x14010224, 0xf383ecfe, 0x3b821820, 0x3b849b20, 0x29177b4d, 0x03331301, 
    0xc9ba1801, 0x348505f0, 0xc9ff012f, 0x63014cfe, 0x12001000, 0x22402500, 0x0bb77910, 0x6100012b, 0x00000102, 0x014e0061, 0x09416600, 0x7905b244, 
    0x24080cae, 0x107e5ea5, 0xb05b6f0c, 0x0e0b704f, 0x12321e54, 0xfe5f2126, 0x4761624c, 0x32103783, 0x12503d5e, 0x2111810a, 0x389f8200, 0x4cfe5aff, 
    0x8f035f03, 0x2b001c00, 0x01192840, 0x011a0102, 0x4c020200, 0x20098200, 0x22088285, 0x87036100, 0x15172b6f, 0x1c000b0c, 0x0b041c01, 0x71832b16, 
    0x12053e2a, 0x02063337, 0x0607040e, 0x3606565f, 0x127c6036, 0xbaa16e0f, 0x09679cb8, 0x90610b57, 0x5b8da6a8, 0x84520c08, 0xfe5e377e, 0x5162654c, 
    0x82656074, 0xb50401b7, 0xcbddfec8, 0x47495e8a, 0x89854e30, 0xabff0122, 0x29248782, 0x1a00fb01, 0x1820f383, 0x1726f384, 0x4a01020b, 0xf38b0100, 
    0x00131526, 0x031a011a, 0x37238188, 0x88050e17, 0x5f86317e, 0x730d107c, 0x7daebca9, 0x71164a14, 0x5f8ea197, 0x63307c8a, 0x54674960, 0x78a57457, 
    0x78b48306, 0x344a4453, 0x00287986, 0xccff0100, 0x640156fe, 0x083d6f41, 0x7961a621, 0x57720c0f, 0x0b7b42ae, 0x301d520c, 0x5f212615, 0x5d6456fe, 
    0x10347b4a, 0x4e415b29, 0x41800a11, 0xc928066f, 0xd4014cfe, 0x15000501, 0x1320e783, 0x1220e784, 0x8b05937b, 0x0e1025e7, 0x15011500, 0x3628e787, 
    0x0e253736, 0x16060703, 0x30066741, 0x107a61a4, 0x014e690c, 0x63692a38, 0x20050645, 0x0761412b, 0x485e642c, 0x58d0528d, 0x2c5c6c88, 0xe3412b23, 
    0xc8fe3208, 0x05024cfe, 0x1a002802, 0x28402b00, 0x01020117, 0x17e34118, 0x0b131533, 0x011a000a, 0x160b041a, 0x2622032b, 0x37053e37, 0x0a614133, 
    0x77645d32, 0x8e620c10, 0x156d949e, 0x8869187d, 0x08557e8f, 0x2f090c7c, 0x68475d66, 0xb27f6259, 0x84c4907e, 0x354a4759, 0x2b06137c, 0xb2ff0100, 
    0x280156fe, 0x0d000000, 0x0b20f383, 0x0a21f384, 0x10db4104, 0x00060825, 0x870d010d, 0x412520f3, 0x723508d6, 0x010f4c74, 0x69455007, 0x2615331e, 
    0x56fe5821, 0x94ce5d7f, 0x0551417f, 0xdb830120, 0x01ef0123, 0x2cdbc6a2, 0x8e9a8b61, 0x147d1268, 0x7b8c8364, 0x2cdb8c53, 0x4a496148, 0x7b6a8d60, 
    0x374166a1, 0x2fdb8742, 0xd7faffff, 0x83fd0205, 0x27001606, 0x60fbcb06, 0x0724e382, 0x37facb06, 0x00280782, 0x48ffffff, 0xcb000205, 0x13821b82, 
    0x85a8fe21, 0x6cfc2813, 0xeffda4fe, 0x8201b8ff, 0xccfb2313, 0x6b57a2f9, 0x49a22006, 0x2a08053b, 0xa6fb0100, 0xd4fe9ffe, 0x1b008eff, 0x16b55400, 
    0x01010501, 0x15b04b4c, 0x1b405850, 0x00020204, 0x70000101, 0x05010103, 0x82590105, 0x05012306, 0x21820662, 0x1b520524, 0x1d841a40, 0x92850021, 
    0x40592f1c, 0x1222230a, 0x10221224, 0x2b1d0607, 0x45423305, 0x14332105, 0x20064e42, 0x090b7533, 0xb8fb3e08, 0x323f0b61, 0x620a4a41, 0x40370901, 
    0x610b5233, 0x76629112, 0x3d61232f, 0x3872655e, 0x02384343, 0x43403603, 0x4f886738, 0x00872a25, 0xeb000100, 0x5b030205, 0x0f002f06, 0xb04b4700, 
    0x20a48217, 0x237f8212, 0x00860102, 0x6127aa82, 0x00000104, 0x484e025e, 0x14820585, 0x16820f82, 0x06825920, 0x6102002c, 0x02000200, 0x0f405951, 
    0x8b470001, 0x0b052809, 0x32012b16, 0x56071616, 0x3408062b, 0x02023e23, 0x387d584e, 0x590d840e, 0x0d774545, 0x97660e84, 0x89502f06, 0x5d5d4a54, 
    0x5089544a, 0xff000000, 0xfec5ffff, 0xff350215, 0x0b070142, 0xf9dafe11, 0x064f4113, 0x4f411320, 0xffff3105, 0x44fe08fc, 0x5fff59fe, 0x6f0a0701, 
    0x49f90dfb, 0x49201f86, 0xfb271f87, 0xfe25fedc, 0x8289ffc4, 0xfc1e241f, 0x85ecff0e, 0xecff211f, 0x2d088f41, 0xfe2dfe9e, 0x0093ff86, 0x4b490007, 
    0x2b7e0bb0, 0x19063d42, 0x2113012b, 0x21372303, 0x3c9efb07, 0x9b3aac02, 0x2788fe27, 0x66012dfe, 0xe8e89afe, 0x0231d482, 0xc1040dfd, 0x8f0683ff, 
    0x19000d00, 0xb04b6a00, 0x2c758212, 0x01010322, 0x01020405, 0x07050072, 0x05f06401, 0x00000222, 0x2905e348, 0x00010662, 0x1b520002, 0x24842340, 
    0x04010523, 0x3c259980, 0x0f174059, 0x1500010e, 0x0f190e13, 0x080a0b19, 0x00030406, 0x080d010d, 0x012b1606, 0x09074922, 0x27060622, 0x080a7b4d, 
    0x8f22fe3f, 0x0ba41386, 0x4f4d4c34, 0xc013a40a, 0x092c3f65, 0x3a34490b, 0x48070733, 0x769ac104, 0x3a55553a, 0x3fef9977, 0x413a372f, 0x003f322d, 
    0xfbffff00, 0xfe48fecd, 0x015cff51, 0xfa6d0a07, 0x074018ef, 0xffff300f, 0xe003c4fd, 0x180685fe, 0xc90a0700, 0x830098fc, 0xfd012e00, 0xffdb0394, 
    0x001b0611, 0x40160009, 0x10735913, 0x6f59a183, 0x94fd2108, 0x093b4218, 0x64b9db29, 0x464d4ad9, 0x18bb5999, 0x290f0347, 0x7d00ffff, 0x1f035bfe, 
    0x878248ff, 0xe2fe6b22, 0x02218785, 0x8f4018b8, 0x2c1f8207, 0x01f0041d, 0x00160640, 0xfecc0607, 0x828683e2, 0xfed3279b, 0xfff6fe92, 0x138201b8, 
    0x4398fc21, 0x431811a3, 0x3e250a5f, 0x500fb04b, 0x5b431858, 0x19062335, 0x6b4a012b, 0x5743180a, 0x06fd2915, 0xfafe4dfe, 0x11009f00, 0x201ed352, 
    0x05d35254, 0x07332522, 0x080ad352, 0x36323321, 0xca30fe37, 0x8fad1c29, 0x1b184318, 0x040d1f0f, 0x0f4d4802, 0xb4a7f79f, 0x05a20707, 0x82585901, 
    0xfe0126f1, 0xff4dfe44, 0x296382d8, 0x402c0010, 0x02010d29, 0xff470101, 0x08464b07, 0x00010331, 0x01510002, 0x05070c00, 0x01100004, 0x46060410, 
    0x37200520, 0x33216f82, 0x82678332, 0xbc290877, 0x291c758b, 0x8b1e2acb, 0x200c0402, 0x471b1b0f, 0xacaf4dfe, 0x01b1f7f7, 0x0707a205, 0xc1fc0100, 
    0xbdfdf2fd, 0x0f00baff, 0x05ff4900, 0x18850021, 0x3509b958, 0x01020062, 0x52235202, 0x19060310, 0x0333052b, 0x37323306, 0xcc851736, 0xfefc3735, 
    0x330c2c98, 0x05110f07, 0x20280712, 0x46105249, 0x824cf4fe, 0x036624a7, 0x82635709, 0xffff2fc2, 0x7f0404fe, 0x1906e1fe, 0xce0a0700, 0xc74138fd, 
    0x04842406, 0x8259ff7f, 0x0a272413, 0x82b8fcce, 0x201b8313, 0x281b85b0, 0x17fe04fe, 0xb1ffe1fe, 0x212f8401, 0xf74398f9, 0x98f92105, 0x5905f743, 
    0xff311fff, 0x0668fbff, 0x0629ff2c, 0x050701d2, 0x06e0fbe8, 0x213f85d2, 0x3f85d206, 0xfc02002f, 0x00ce0580, 0x006f0761, 0x00070003, 0x07831830, 
    0x1706272c, 0x2107132b, 0x03820137, 0xfc1a393d, 0xc7031a61, 0x1962fc1a, 0x9f9f6d06, 0x9f9f0201, 0xfcffff00, 0xfd1ffeda, 0x82aeffd8, 0xfcd022bb, 
    0x0fcf791e, 0xffffff29, 0x00c4fd85, 0x82bbffc1, 0xfe8b241f, 0x851ff9dc, 0x1ff9219b, 0x26081345, 0xfe1ffe2b, 0x82160050, 0xfb70241f, 0x837af97a, 
    0xb802231f, 0xf3447af9, 0xfea42f08, 0xffeffe8b, 0x0018007c, 0x010eb554, 0x83460301, 0x46052008, 0x71210583, 0x22138204, 0x82590301, 0x01032306, 
    0x21830661, 0x401b5123, 0x211d841a, 0x1c928600, 0x0a40593c, 0x22221222, 0x07102411, 0x012b1d06, 0x36353023, 0x07222326, 0x33363623, 0x03821732, 
    0x0806f345, 0x6875fd3a, 0x803d390a, 0x95126914, 0x4d33746a, 0x11686a74, 0x3c3a0a69, 0x018bfe80, 0x6b7c403b, 0x854f4f86, 0x00403c6c, 0xffff0000, 
    0xd3019efc, 0xa70206ff, 0xcf060701, 0xb2fc3efb, 0xfc21e385, 0x08d745b2, 0x67feeb26, 0x3bff53fe, 0xfa211f83, 0x117f448b, 0xfe68fb27, 0xff29ffc8, 
    0x05bf416e, 0x856eff21, 0x6eff213f, 0x00293f85, 0xfe32fb02, 0xff19ff09, 0x07bf41ac, 0x0b550420, 0x02032609, 0x05570302, 0x05445801, 0x18020321, 
    0x2310c784, 0x072b1706, 0x3106bf41, 0x5bfc1ae7, 0x1a7a031b, 0x541a5dfc, 0xfffea2a2, 0xbc82a2a2, 0x9efd0127, 0xb3ffd904, 0x163f7e06, 0x51effd39, 
    0x787678a6, 0x78a653a6, 0xdb047a74, 0x67919065, 0x8f679191, 0x82936792, 0x0002283b, 0x02d7049e, 0x8232078a, 0x000f2297, 0x0575474d, 0x9c831420, 
    0x00860122, 0x2005565f, 0x2d268269, 0x1b4e0056, 0x00001d40, 0x00030103, 0x1e828001, 0x00840123, 0x07c35d02, 0x24056971, 0x000e4059, 0x696f1800, 
    0x1313230c, 0x44640133, 0xf49e3f0b, 0x5cbbfef8, 0x383a4608, 0x49080834, 0x04363538, 0xfe2901d7, 0x2dea01d7, 0x30304144, 0x67823d3e, 0x01020030, 
    0x03ec0404, 0x002c0788, 0x00140008, 0xbc52b55d, 0x23968505, 0x00010016, 0x04219582, 0x27848206, 0x05690304, 0x00000202, 0x1f209884, 0x9a850a83, 
    0x82010021, 0x03042999, 0x00590403, 0x61030404, 0x04292a82, 0x40595103, 0x00090a13, 0x0bdb5200, 0xdb520720, 0x3c72180b, 0xd8f9180c, 0x47012109, 
    0x200b7156, 0x07c35200, 0x76563e20, 0xffff2d0a, 0x60064201, 0xa008c603, 0x320b0701, 0x3e11ef61, 0xa4000300, 0x10032004, 0x0f00ce06, 0x1f001b00, 
    0x41404400, 0x04050400, 0x05010885, 0x82850501, 0x020326d0, 0x07690301, 0x20ca8201, 0xe8941802, 0x1c1c2e0c, 0x00011011, 0x1f1c1f1c, 0x15171d1e, 
    0xe4491810, 0x47092008, 0x49180557, 0x132516e0, 0x01073337, 0x1ae85196, 0xb8b03d3e, 0x442004da, 0x673e4472, 0x4371443d, 0x783c6741, 0x48313242, 
    0x46313244, 0xb4b48201, 0xaa26af82, 0x07030506, 0xafc8dd08, 0x2506db54, 0x33023e37, 0x94521632, 0x20af840f, 0x23af9a9c, 0xdab6b030, 0x21169c52, 
    0xaf83a601, 0x5b012708, 0x16040605, 0x14002b07, 0x2c002000, 0x44404700, 0x0c070109, 0x06030b08, 0x69060703, 0x0a020400, 0x00040002, 0x86550065, 
    0x884e180a, 0x178e5520, 0x55178257, 0xfe2115a2, 0x170f5596, 0x200db855, 0x11125538, 0xffff0022, 0x0225d787, 0x00360b06, 0x066b5600, 0xf506f922, 
    0x1824e782, 0x39403c00, 0x0020e582, 0x6720e283, 0x0820e282, 0x6956e290, 0x07132330, 0xc6953721, 0xfd18b024, 0xb18d18d6, 0x8080ef22, 0x2a055f49, 
    0x000205be, 0x007a067c, 0x4a460005, 0x172105cb, 0x0e1c7600, 0x01035f26, 0x4f020002, 0x08244f79, 0x2b180620, 0x03213701, 0xbefd3723, 0x40a90215, 
    0xfc052b9b, 0xfa88fe7e, 0x34fb0100, 0x2e00cb01, 0xc35b6d02, 0x06e8461f, 0xfb1b2e26, 0x6d021a21, 0x27051b45, 0xa402a000, 0x2e033d03, 0x2c216b51, 
    0x07213713, 0x860217a0, 0x8aa40217, 0x83df848a, 0x3704213b, 0x03223ba9, 0x3b871680, 0x40fc0228, 0x1cfe18fe, 0x7782aeff, 0x2f00072d, 0x00002c40, 
    0x02030105, 0x7e670300, 0x5f2509f7, 0x02010104, 0x13ee4501, 0x13012e08, 0x07030321, 0x40fc3733, 0x45990143, 0x1bb71bfa, 0x960118fe, 0x27016afe, 
    0xff00b7b7, 0xfe5efcff, 0xff15fe33, 0x0a0701a5, 0xfdd6fb09, 0x056b4688, 0x4688fd21, 0x0124066b, 0x3dfe52fc, 0xc2241f82, 0x52000700, 0x2005ec4d, 
    0x2675841d, 0x03010470, 0x18030000, 0x280ac980, 0x01000060, 0x401b5000, 0x211f821b, 0x1e838502, 0x82860321, 0x01002611, 0x01010057, 0x771d8500, 
    0x063e0cbb, 0x37012b19, 0x37333723, 0x39fd0333, 0xfc17fc15, 0xfe419b15, 0x7b8d7d3d, 0x01007bfe, 0x778248fc, 0x83ff0b21, 0x85512077, 0x821c2077, 
    0x0001215f, 0x02207783, 0x02215883, 0x25588402, 0x02006002, 0x76840201, 0x76836c82, 0x76901d92, 0x33132908, 0x23073307, 0x4148fc07, 0x17ff1497, 
    0x3dfe14ff, 0x8d7b8501, 0xffff007d, 0x53fefafc, 0xabffb1fe, 0x210a0701, 0xa8fd98fc, 0x20060f41, 0x070f41a8, 0x04a8fd34, 0x06d6fe67, 0x00190076, 
    0x112c402f, 0x02000204, 0x79824c01, 0x01000225, 0x18006902, 0x2612d658, 0x11190019, 0x8405111a, 0x36322eec, 0x27263637, 0x36372626, 0x22073736, 
    0x06617d06, 0x06063608, 0x2116a8fd, 0x0b02032d, 0x06110a08, 0x1461800c, 0x0304261b, 0x0d080609, 0x04790c06, 0x17257a67, 0x1b152610, 0x4946243f, 
    0x16177a01, 0x1f17270f, 0x52422245, 0x26748200, 0x039c0245, 0x4236038b, 0x0b2f1e8f, 0x37132b17, 0x19450721, 0x02192d03, 0x429a9a9c, 0x1426058f, 
    0x66029902, 0x5b5f6604, 0x37133909, 0x1a140701, 0x021a3802, 0x2c01a199, 0x010000a1, 0x1702fdff, 0x82044c03, 0x03202389, 0x032b2382, 0x1f30031f, 
    0x01bd1702, 0x8200bdae, 0x025e3383, 0x03c602ad, 0x00140081, 0x002e4031, 0x04000104, 0x56180559, 0x042b0903, 0x06026100, 0x00040002, 0x5a000151, 
    0x07200da8, 0x21171945, 0xa45a0402, 0xad022113, 0x2a0aa05a, 0x01020000, 0x034e0602, 0x82ec072d, 0x000f299b, 0x0db04b59, 0x1f405850, 0x032c1782, 
    0x80030002, 0x03010104, 0x00710103, 0x02210b82, 0x0bc07959, 0x218b1e20, 0x8b059548, 0x11774820, 0x33130126, 0x36360103, 0x08053b5e, 0x26222323, 
    0xd9b89c01, 0x08d8fefc, 0x2f3b3846, 0x3b460706, 0x4e062f3a, 0xf9fe0701, 0x422c3001, 0x422f2a42, 0x08a35843, 0x63076d2b, 0x13000f00, 0xb04b6100, 
    0x269b8219, 0x0504001a, 0x47078504, 0x022105aa, 0x0c9f5806, 0x8a224021, 0x1252181c, 0x202b8410, 0xc6571851, 0x1c23580c, 0xb2830320, 0x240f1c58, 
    0xf0c9ba5e, 0x0b155804, 0x03567020, 0x074f5905, 0xab846220, 0xab855a20, 0x05001729, 0x05010400, 0x90006704, 0x259d82a8, 0x01040204, 0x22898002, 
    0x8708864d, 0x011324a8, 0x58121300, 0xea410bc8, 0x51372007, 0x0e2a07df, 0x03231302, 0x51f70133, 0x52183877, 0x622509c2, 0x92913390, 0x22a48cc6, 
    0x41110172, 0xe124064f, 0x3e078303, 0x2436a382, 0xb04b7c00, 0x4058501a, 0x07010922, 0x07040500, 0x08006905, 0x92820b06, 0x69040825, 0x410a0200, 
    0x2d200d57, 0x2d94ae88, 0x3684b988, 0x40595135, 0x0110111f, 0x20212200, 0x181a1c1e, 0x10131517, 0x41241124, 0x0c20096a, 0x8b06b042, 0x13685dc5, 
    0x50f30131, 0x800d3775, 0x4545490b, 0x0d800b67, 0x427e8d61, 0x042d13cf, 0x4e7f4be1, 0x45575745, 0x014b7f4e, 0x0ddb4289, 0x04d90034, 0x076004e6, 
    0x00080063, 0xb54e000c, 0x01000108, 0x9a414c01, 0x04032a07, 0x01058503, 0x85040104, 0x21178202, 0x1b828600, 0x4e015626, 0x0015401b, 0x00201989, 
    0x1e831982, 0x76002108, 0x090d4059, 0x090c0909, 0x1221130c, 0x1a0b0610, 0x3723012b, 0x07133301, 0x13372723, 0x8a010333, 0x08fa5418, 0xc9baa533, 
    0x09e604f0, 0xf5fe0b01, 0x01baaf09, 0x00ecfe14, 0x21878302, 0x8786a003, 0x878c5520, 0x7c861520, 0x8a830320, 0x67040322, 0x1e288587, 0x00040100, 
    0x80000104, 0x00211f82, 0x27928284, 0x00570304, 0x5f040303, 0x03222782, 0x8e9a4f04, 0x13330322, 0xd5238e8a, 0x8e5dc993, 0x208f868e, 0x228f84df, 
    0x88cb0013, 0x500d248f, 0x821b4058, 0x0401236a, 0x96867203, 0x04000526, 0x69040503, 0xff5b9586, 0x851c2005, 0x83012022, 0x0001239a, 0x238f0086, 
    0x46a11020, 0x22821920, 0x4021469d, 0x26658724, 0x04000100, 0x417e0001, 0x052d0507, 0x59050404, 0x04050500, 0x05040061, 0x05f15b04, 0x22210929, 
    0x10122112, 0x411c0b06, 0x25200994, 0x410a7351, 0x0121099b, 0x0ada5b1c, 0x2007a341, 0x07d65ba8, 0x28061741, 0x003f079e, 0x001d0008, 0x0ca74172, 
    0x10411f20, 0x01083105, 0x03040006, 0x00690406, 0x02090507, 0x03070103, 0x26071b41, 0x01002840, 0x41030003, 0x072408b1, 0x59070304, 0x07222e8a, 
    0x31836103, 0x51030735, 0x0a164059, 0x191a1b09, 0x11131517, 0x090c0e10, 0x821d0a1d, 0x0b0a22be, 0x20be8919, 0x140f4337, 0xa420c889, 0x87140943, 
    0x43d620d1, 0x002a0c05, 0x2e010100, 0x20029e04, 0xdf461806, 0x13012e21, 0x2e010333, 0x0472b43e, 0xfe7a019e, 0x263b8386, 0x02d00416, 0x53770643, 
    0x0b2316af, 0x53012b16, 0x013508af, 0x6f0f1516, 0x3e316337, 0xd004150b, 0x2f9b5c81, 0x406c3d46, 0x065f4778, 0x5f476320, 0x4705202a, 0xff2e075f, 
    0x04db00ff, 0x060902e7, 0x0a060220, 0xeb6f005d, 0x083c2607, 0x0a07019f, 0x182760eb, 0xf506f927, 0x380b0602, 0x82bf8200, 0x00042e03, 0x3f4d8742, 
    0x3c0f5f03, 0x080700f5, 0x23008300, 0x32945de3, 0x472c0786, 0x6cfd0cfa, 0xdd08ca14, 0x03000200, 0x01200382, 0x00201783, 0x072b0582, 0x0012fec0, 
    0xfa751500, 0x82d4f60c, 0x0100221f, 0x86198453, 0x550b2d04, 0xa7004005, 0x0000b004, 0xd7ff8505, 0x23800340, 0x050700b5, 0x06290382, 0x06e400d3, 
    0x06cd00ea, 0x200782d9, 0x230782e0, 0x06850033, 0x9f900382, 0x138c2b82, 0x07233fa6, 0x8bd7fff4, 0x3c052303, 0x038d5700, 0x06f2ff25, 0x88970054, 
    0x00d72313, 0x03a1058b, 0x23846120, 0x5700c524, 0x3b82dd06, 0x05200782, 0xe0260393, 0x300a2b00, 0x03835700, 0x00d00423, 0x2003ea57, 0x316b8334, 
    0xcd00eb05, 0xe9002b06, 0xcd003406, 0xe4006e07, 0x07828607, 0x07827520, 0xcd007c26, 0xa6008405, 0x93901f83, 0xa782b920, 0x45ffb923, 0x25078404, 
    0xf7052400, 0x03a68b00, 0x27827120, 0x06230384, 0x83710000, 0x8b0f8303, 0x261f840b, 0x055700f2, 0x820400f2, 0x90078303, 0x39062303, 0x1b837f00, 
    0x84100621, 0x07572527, 0x085700e2, 0x57223385, 0xbf820d07, 0xe9004d2c, 0xcd005607, 0xe4009108, 0x0782a808, 0x07829720, 0x17829e20, 0x1301f12a, 
    0x1101f107, 0x9a019a07, 0x43832783, 0x2b9e0720, 0x02212383, 0x22ef8226, 0x8357004c, 0x26038407, 0x022d00b2, 0x8855ff26, 0x8d1f820f, 0x81ff210b, 
    0x2b820f8a, 0x03223b88, 0x0b853402, 0x00410323, 0x2d2383cd, 0xe9008103, 0xcd008a03, 0xe400c504, 0x0782dc04, 0x0782cb20, 0x0782d220, 0x13012526, 
    0x11012504, 0x03234787, 0x8772019e, 0x23378433, 0x03ffff87, 0x052d03c2, 0x05e9002a, 0x06cd0033, 0x06e4006e, 0x20078285, 0x26078274, 0x05cd007b, 
    0x821301ce, 0x87112003, 0x3b042763, 0xea045e00, 0x0f88cd00, 0x46009123, 0x20038304, 0x820786d7, 0x6005230b, 0x03935700, 0x00b90625, 0x828805e4, 
    0x006d221b, 0x231f8358, 0x57008604, 0xa12803a0, 0x76062600, 0x3a075700, 0x0623039d, 0xa5570007, 0x45ff2103, 0x072127a3, 0x234f82f7, 0x068b001e, 
    0x73220389, 0x0f8c1806, 0x0bd11b8b, 0x038f6b83, 0x73001e22, 0xf0308f84, 0x3007cd00, 0x3907e900, 0x7408cd00, 0x8b08e400, 0x7a200782, 0x81260782, 
    0xec06cd00, 0x23870901, 0x9f88bb8a, 0x00a40727, 0x001c0573, 0x20038857, 0x22e78212, 0x83970034, 0xa106210f, 0xef853f82, 0x26057522, 0x03a32382, 
    0x27820220, 0x5800852a, 0x1e001405, 0x4b002005, 0x222403ac, 0xac054600, 0x2c233b82, 0x9905e200, 0x05b82803, 0x059c0030, 0x86dc012c, 0x84882023, 
    0x00f32407, 0x82ee0593, 0xdb078303, 0x91638303, 0x051a2403, 0x87ce0085, 0xe2072303, 0x0397ce00, 0xff750523, 0x200388dc, 0x830b829d, 0x20138303, 
    0x233f826e, 0x05d200b4, 0x039f0783, 0x5a005822, 0x07232783, 0x84cd0009, 0x00522407, 0x82a408cd, 0x009a2603, 0x01ed07cd, 0x23438711, 0x1501c806, 
    0x05232387, 0xa426000a, 0x001c2603, 0x00e90426, 0x2003fe4b, 0x237f8b42, 0x27004307, 0x0423038b, 0x884100e7, 0x00de2203, 0x260f8c42, 0x04fcffe6, 
    0x825e0093, 0x86122003, 0x990b8307, 0x82e72003, 0x8303872b, 0x250b82f7, 0x5e002706, 0x178a7c05, 0x0825238a, 0x085e008d, 0x83038289, 0x84032007, 
    0x04012223, 0x8407829b, 0xe2ff2103, 0x13870b89, 0x773207e0, 0x42ffe902, 0x53fffc02, 0xf8fea102, 0x2aff8f02, 0x07825d02, 0x06210b82, 0x20078269, 
    0x83038281, 0x8207831f, 0xbb062723, 0xe80453ff, 0x03a41900, 0x5f009324, 0x0382d904, 0x4100bb27, 0xe9ffbb04, 0x83078404, 0x2103850b, 0x07849e07, 
    0x0e056228, 0x0f055800, 0x1f8f5800, 0x01230f93, 0x834200f1, 0xe2032103, 0x37200784, 0x38200b82, 0xff231385, 0x84f1013c, 0x85b02003, 0x201f840f, 
    0x210b8930, 0x1f8262ff, 0x17830382, 0x82d6ff21, 0x85402017, 0xeaff211b, 0xea241782, 0x45fff001, 0xe6220384, 0x078446ff, 0x37286785, 0x4200e103, 
    0xe2ffbc02, 0x02231383, 0x8260ffc6, 0x885e2003, 0x2133862b, 0xc782e003, 0x03826520, 0x43006723, 0x90078304, 0xe4ff2303, 0x77826604, 0x4100f026, 
    0x0500f001, 0xca203f82, 0xef200382, 0x0f290b82, 0x54006803, 0x2dff3003, 0x82438202, 0x8241200f, 0x029a2217, 0x21278370, 0x0b82e7ff, 0x48200383, 
    0x17360782, 0x57003402, 0x26006302, 0x2b00ae02, 0x2a006f02, 0x1a005303, 0x13822403, 0x34241783, 0xc002dbff, 0x28200b84, 0x03822782, 0x0289ff26, 
    0x0158ff34, 0x03276f82, 0x0742005d, 0x86410002, 0x826a2003, 0x87038307, 0x4141200f, 0x05210f63, 0x26c782fb, 0x0425ffbb, 0x8f4200bc, 0x250f8f1b, 
    0x4100ab06, 0x27821305, 0x5e00cd23, 0x23038804, 0xc604feff, 0x0bde0f8b, 0x038f6b83, 0x8382cd20, 0x83a5938c, 0x00e30729, 0x00d1055e, 0x8224094b, 
    0xffe7242f, 0x82e004fc, 0x8c078303, 0x821b8303, 0x00e92603, 0x0004034b, 0x24038242, 0xff040310, 0x200382a7, 0x2b0383d0, 0x7000c202, 0x4100c102, 
    0xfcff0603, 0xff211f85, 0x8407859b, 0x822f832b, 0xe8ff2103, 0x03832b82, 0x0b044926, 0x68044200, 0x38280382, 0x38043d00, 0x2e04d4ff, 0x03aa0783, 
    0x2e003932, 0x5700ee04, 0x57001505, 0xa300fd02, 0x5800a002, 0x492e0382, 0x34009a02, 0x58008802, 0x8dff4603, 0x13836406, 0x02edff25, 0x861b00a1, 
    0x2023831f, 0x250b891d, 0xa002cbff, 0x0f849aff, 0x59008126, 0x2a008102, 0x07830382, 0xff210382, 0x240b86fe, 0xff81024b, 0x200382ac, 0x230f837b, 
    0x6300bc04, 0xf5200388, 0xb2260b82, 0x1405fdff, 0x178c1000, 0x0bbf238b, 0x038f6383, 0x6400bb23, 0x84038204, 0x830b8677, 0x2003ac0f, 0x934382fd, 
    0x274fa303, 0x0493007f, 0x04d9ff7f, 0x00250784, 0x008c0693, 0x210385a3, 0x0b89e9ff, 0x07851387, 0xff5e0423, 0x22038ce4, 0x82a8ff91, 0x83ed2043, 
    0x74052203, 0x870784ff, 0x2407b20f, 0x000705d9, 0x840387a5, 0x8255203f, 0x006b23a3, 0x03a60421, 0x00160535, 0x00a1044c, 0xff730557, 0x001e06d7, 
    0x0041058c, 0x82f20530, 0x8524080f, 0x0a072a00, 0x0b077800, 0x2006d500, 0xf8062000, 0xff06cd00, 0x3f07cd00, 0x4807e900, 0x8308cd00, 0x9a08e400, 
    0x89200782, 0x90200782, 0xe32a1782, 0xe3071301, 0xc6061101, 0x23a0ce00, 0x1f2a4f83, 0x61056f00, 0xbe06fc00, 0x0783cd00, 0xae248782, 0x57002b05, 
    0x04358b83, 0x06e7ffbc, 0x07d3ff91, 0x07dcffae, 0x04dcffd6, 0x055000f0, 0x24938260, 0x05580056, 0x22038276, 0x820800ff, 0x058b22ab, 0x821382c7, 
    0x9f0631ff, 0xc3057900, 0x56075700, 0x9a05e400, 0xb805d000, 0x07830382, 0x58009a28, 0xe2001607, 0x1b82a907, 0x06252b82, 0x07e4008a, 0x28338210, 
    0x08570031, 0x080800ea, 0x240b82ff, 0x085f00d5, 0x2407821e, 0x05e1ff26, 0x20178238, 0x080b82de, 0x7100d722, 0x7200e107, 0x4200b606, 0x7000f505, 
    0x5300f504, 0xce00a205, 0xe200bc06, 0x4700a804, 0x4b005005, 0x042f03e3, 0x04fdffc5, 0x0493007f, 0x043400ac, 0x8431004b, 0x00892203, 0x28078440, 
    0x0439004c, 0x053d0087, 0x87078291, 0x2607931b, 0x04300014, 0xa94200bc, 0xfaff2303, 0x03a7bc04, 0x2b825783, 0x6e00f726, 0x57003502, 0x4b200382, 
    0x37200786, 0x13830786, 0x0b824520, 0x03821f20, 0x07865520, 0x1b8a5720, 0xff210b86, 0x201382e3, 0x30038254, 0xff210538, 0x007904d9, 0x00d9043a, 
    0xffe6046e, 0x2c038afc, 0x008d045b, 0x0000054b, 0x00bb034b, 0x2cf34357, 0x2f1adb43, 0x3e00c405, 0x4b007c05, 0x72003a06, 0x42007006, 0x042d03db, 
    0x04a200c9, 0x044800bf, 0x03420086, 0x3103877f, 0xe904adff, 0x7b0697ff, 0xa306e4ff, 0xf303e4ff, 0xab412300, 0x00582408, 0x82b30442, 0x82802003, 
    0x00b12a03, 0x00070542, 0xff9b0459, 0x240384b8, 0x06b8ffb9, 0x82af822a, 0xb6042103, 0xd4201f82, 0x6b201f82, 0x0b830782, 0xb5200383, 0xbb2c5f82, 
    0x7f055600, 0x2a044b00, 0x8604e4ff, 0xc7200382, 0x17821f82, 0x00a10423, 0x2087829e, 0x2107839e, 0x43829506, 0x1782b320, 0x3f827920, 0x59002824, 
    0x0b82e505, 0x6782ee20, 0x07250382, 0x07ceff67, 0x240f822c, 0x06370090, 0x280782c0, 0x04cbff68, 0x07420055, 0x320b825f, 0x064b0092, 0x053a003c, 
    0x05570047, 0x040e008b, 0x821500f5, 0x93200853, 0x46002005, 0x7e009304, 0x6c006904, 0x1200e204, 0x7eff1e03, 0x5e00c104, 0x22009f05, 0x2e005605, 
    0x5a343f82, 0xb4002c05, 0x58000d09, 0x62005105, 0x4e00ba05, 0x2800a007, 0x05292b83, 0x05d7ff85, 0x06680010, 0x202b8228, 0x0a1b53f7, 0x7000d322, 
    0xe22a3382, 0x22001f0b, 0x4000df06, 0x3b828a06, 0x3a00d024, 0x7b82f608, 0x3a00ce26, 0xbcffd404, 0x2a085353, 0x035c000b, 0x04b20042, 0x843d00e1, 
    0x00f03003, 0x002d0550, 0x00bd044f, 0x00df0454, 0x82f30476, 0x00892b97, 0x00f00462, 0x00f4044a, 0x2f830565, 0xdb003222, 0x5320bf82, 0xa5202784, 
    0xa4262782, 0x3005a500, 0x03829800, 0x03828520, 0x03826020, 0x03826920, 0x03825020, 0x03828620, 0x03828920, 0x0382b620, 0x03826820, 0x278a8220, 
    0x0b825320, 0x0f864f20, 0x2602ea28, 0x2602d5ff, 0x03823f00, 0x03824020, 0x0f835f20, 0x00200327, 0xff1f03e4, 0x220782e4, 0x84200353, 0x03982407, 
    0x82e5ff21, 0x82f4200f, 0x82f42017, 0x82632007, 0x20078317, 0x241782a8, 0x013005f5, 0x8303824e, 0x82b9207f, 0x826b2057, 0x86702003, 0x82a72003, 
    0x20038307, 0x200782ab, 0x200382ba, 0x20078691, 0x2007826f, 0x21a785a9, 0x07824701, 0x0b85d420, 0x82870021, 0x20038307, 0x830782c2, 0x82c62003, 
    0x82d52007, 0x86ac2003, 0x82882007, 0x82c42007, 0x82a02003, 0x82c82003, 0x870020af, 0x84052f03, 0x15043b00, 0x4d02c500, 0x9a044f00, 0x07824f00, 
    0x64062922, 0x17260b82, 0x2e08ae00, 0x0b82ae00, 0x0e04ae28, 0x0e04eeff, 0x0782af00, 0xeb02f826, 0xea02be00, 0xeb22fb82, 0x0b825700, 0xec025724, 
    0x0383f1ff, 0x006a032b, 0xff6a0391, 0x00b707f0, 0x2417822a, 0xffea02ce, 0x240782e5, 0x00ec0267, 0x201b8201, 0x200382a1, 0x081b8200, 0x11054f25, 
    0xcc053c00, 0xe2022c00, 0xa902aeff, 0x29025a00, 0xe0023400, 0xb003d400, 0x02049000, 0x30050000, 0x82086500, 0x23038307, 0xf9008004, 0xf8240382, 
    0x2e018004, 0x20280382, 0x7600bd04, 0x5b00bc04, 0xee201382, 0xa2202f82, 0x12202f82, 0x77202f82, 0x12202b82, 0x03831f82, 0x07821120, 0x03824720, 
    0x2b823920, 0x2b828f20, 0x0b827420, 0x67020724, 0x0384dd00, 0x24016624, 0x0382ba03, 0xdd00d723, 0x20038503, 0x82178209, 0x01250803, 0x01d7033a, 
    0x00c9013a, 0x008b03a8, 0x004d05a8, 0x000f07a8, 0x01c901a8, 0x018b0300, 0x014d0500, 0x01ef0100, 0x2a238206, 0xff4d0206, 0x004d02e9, 0x41e7064f, 
    0x4e26062f, 0x4e025000, 0x03847500, 0x1b846820, 0x1f82b020, 0x3402e036, 0x1303e9ff, 0x14036d00, 0xa9040c00, 0xaa046d00, 0x4c050c00, 0x4c225b82, 
    0x07829900, 0x03867e20, 0x0782b620, 0xb9200383, 0xc8200782, 0xa2200382, 0x1f830786, 0x0b829220, 0x03829420, 0x0382c320, 0x0382b420, 0x03869520, 
    0x0782d120, 0xd4200383, 0xe3200782, 0xbe200382, 0x97200786, 0xad200782, 0x20080386, 0xffa603e5, 0x00e90388, 0x00ea03bf, 0x00c50374, 0x0002047e, 
    0x002a05b2, 0x005405c5, 0x0051078d, 0x080387bc, 0x00e40429, 0x00ce04de, 0x009505a1, 0x00e605de, 0x00e7049e, 0x0007059e, 0x00a5039e, 0x00a103e8, 
    0x00dc0368, 0x00950184, 0x827b0382, 0xd2360843, 0xd104a500, 0x89045800, 0x7d074900, 0x13056400, 0x16057f00, 0xc905c8ff, 0xe7023a00, 0x0b053fff, 
    0x7a055800, 0x68040600, 0x7f036e00, 0x7d03a400, 0x4203ac00, 0x0782bb00, 0x4803b92c, 0x4402b800, 0x80030a00, 0x4b829700, 0x5382ac20, 0x9601ac27, 
    0x2d030b00, 0x210b8400, 0x2b82fd04, 0x03827b20, 0xba006b22, 0x86202f82, 0xb9220382, 0x0f824902, 0xa6001e26, 0xaa00f801, 0xc1303382, 0xd3005a03, 
    0xd000aa04, 0x6d003603, 0x77005e03, 0xa3240782, 0xb700ad03, 0x022d0383, 0x02f40070, 0x03f30063, 0x03af008a, 0x20438290, 0x23178295, 0x03b300ae, 
    0x86300383, 0x8e03c900, 0x6103bd00, 0x4003b200, 0x9a03cf00, 0x8e2e2382, 0x6203c500, 0x2702dc00, 0x2002d800, 0x07826d00, 0x2602bb28, 0x6e038500, 
    0x0382f200, 0x0382f320, 0x7f03e92c, 0x7d03ddff, 0x4203e5ff, 0x0782f4ff, 0x4803f232, 0x4402f1ff, 0x800343ff, 0x7b03d0ff, 0x9501e5ff, 0x96240382, 
    0x2d0344ff, 0x04210b85, 0x822b82fd, 0x6b032317, 0x2f82f3ff, 0x0382bf20, 0x4902f222, 0x1e261382, 0xf801dfff, 0x3382e3ff, 0xc382fa20, 0xc3820c20, 
    0x36030928, 0x5e03a6ff, 0x0782b0ff, 0xad03dc24, 0x0383f0ff, 0x2d20c382, 0x2c26c382, 0xe8ff8a03, 0x43829003, 0x17829520, 0xecffae23, 0x2a038303, 
    0x03020086, 0x03f6ff8e, 0x82ebff61, 0x030822c3, 0x2223829a, 0x82feff8e, 0x821520c3, 0x02112cbb, 0x02a6ff20, 0x02f4ff27, 0x82beff26, 0x822b20bb, 
    0x822c2003, 0x01222803, 0x0313fe89, 0x830f0017, 0x12023703, 0x02025500, 0xf7024b00, 0x00030500, 0x06031000, 0x11030d00, 0x03830b00, 0x00fb0233, 
    0x00fc0222, 0x00d40218, 0x00b8020a, 0x000b0318, 0x3c0f8607, 0x00190335, 0x000e0355, 0x001a0350, 0x00eb014c, 0xffec0157, 0x00d701d3, 0xffd7012c, 
    0x200782db, 0x20038210, 0x205f820e, 0x8203837f, 0x82c52063, 0x82bb2063, 0x82752063, 0x82802063, 0x037d2463, 0x837b0011, 0x20638203, 0x20538292, 
    0x20638288, 0x2063827a, 0x20638288, 0x200f8677, 0x206382a5, 0x206382c5, 0x206382c0, 0x246382bc, 0x00ec01c7, 0x20578243, 0x20038298, 0x2003824c, 
    0x2d03827c, 0x00cd037a, 0x00c40657, 0x00a00757, 0x0b82067f, 0x009e0725, 0x82520675, 0x00f12413, 0x82dc0680, 0x00ad2c17, 0x007b0775, 0x00a90780, 
    0x82c9067b, 0x0080240f, 0x82f30692, 0x82d8201f, 0x8277200b, 0x828f2017, 0x0089220f, 0x211b8308, 0x1382f608, 0x3701db34, 0x3701af0a, 0x3701830d, 
    0x54000f07, 0xbb000608, 0x0382c607, 0x00d95608, 0x00b507a3, 0x00a601a3, 0x01f903a0, 0x0193021f, 0x012a023b, 0x01bb0417, 0x015e069b, 0x004f039b, 
    0x010b04de, 0x01d30360, 0x000a0357, 0x009803fb, 0x01ef01fb, 0x00620201, 0x014f03b1, 0x0163050a, 0xff25029b, 0xff2602f9, 0xff0000c9, 0x000000be, 
    0x010000a0, 0x2003863b, 0x2d078257, 0xffef0160, 0xfc0000e4, 0x00400248, 0x03820200, 0x85740121, 0x5e042807, 0xba080000, 0x82040000, 0x82082034, 
    0xac022d03, 0x00020000, 0x54010000, 0x30050000, 0x4d200b82, 0x2b820b82, 0x23820020, 0x28081682, 0x00bd0800, 0x00650958, 0x005e08e8, 0x006005e8, 
    0xff850557, 0x001e06d7, 0x000e058b, 0x00a2076c, 0x00ba0ad9, 0x007515d9, 0x2b0b87d9, 0x0201a207, 0x0201ba0a, 0x02017515, 0xe5201382, 0xe52c1f82, 
    0xbe003506, 0x94003306, 0x26013506, 0x9d200782, 0xd9221382, 0x3b85000e, 0x06230783, 0x82fc00ac, 0x06d62403, 0x826e00b3, 0x09832407, 0x82d90026, 
    0x82f82003, 0x82e8203f, 0x82e8202b, 0x87e8205f, 0x205f820b, 0x205f8211, 0x205f8211, 0x20138211, 0x831f82f4, 0x82e82003, 0x832b8447, 0x20638207, 
    0x206b82b0, 0x20078247, 0x387b82be, 0x001307da, 0x011607f2, 0x01160860, 0x00160800, 0x00560709, 0x00550782, 0x200f8644, 0x2a0f8808, 0x07e3ff34, 
    0x07ae0050, 0x82bc0051, 0x86622007, 0x82642003, 0x23038407, 0x80006808, 0x8124038a, 0xc4008c08, 0x2e260384, 0x2e08e900, 0x0384e700, 0x08015c23, 
    0x23038308, 0x08d8003f, 0x013a0387, 0x4206bc00, 0x42060301, 0x4106c600, 0x5e06cc00, 0x2f087c00, 0x2f083a01, 0xc3825e00, 0x0387ee20, 0x00ba0923, 
    0x2c0382cc, 0x004d085e, 0x00e80658, 0x00e50752, 0x280382da, 0x00e707d9, 0x01e707ce, 0x38078223, 0x01ab066f, 0x001f084b, 0x00200892, 0x01dd04cc, 
    0x00dd0406, 0x001e0b9e, 0x22038412, 0x8c95ff0c, 0x40178707, 0xff83e707, 0x5cf20340, 0x712006f3, 0x2107d35a, 0x3b590706, 0x202a0806, 0x65044b00, 
    0xf0014100, 0x3402d4ff, 0xbb041500, 0x04034100, 0x3804d5ff, 0xa0023d00, 0x81025700, 0x00003800, 0x4d02ecff, 0x03842c00, 0x21006832, 0xf7001804, 
    0x02011804, 0xf7006602, 0x00016402, 0x06280382, 0x06011e04, 0x30006402, 0x32201b82, 0x200cd75e, 0x0a9b5f85, 0x73823c20, 0xd7220383, 0x5f5e8b00, 
    0x13af5d07, 0x235dab84, 0x82052006, 0x0daf5c07, 0x5b0d0021, 0x735b0b97, 0x082f5b07, 0x5a0d0f5b, 0x135b0553, 0x1c052106, 0x5a0e2f5a, 0xdf590f0b, 
    0x1bab5907, 0x2007cf59, 0x0d4f5985, 0x59083f59, 0xdf580b27, 0x00f72207, 0x0fff5c71, 0x2018cb58, 0x064758e7, 0xeb579320, 0x08cb570a, 0x0b821382, 
    0x57fc0221, 0xfb56062f, 0x0577560a, 0x56400021, 0xff350583, 0xfff101f4, 0xfff00162, 0xffe60145, 0x00650446, 0x00e00241, 0x200f8241, 0x200383f1, 
    0x06bb5507, 0x54087b55, 0x6f5513d7, 0x54e72007, 0xf2260873, 0xf2ff0403, 0x47543804, 0x09f35311, 0x53580021, 0xf5201cab, 0x2006df53, 0x0bd7527f, 
    0x52a30021, 0x7f2008bb, 0x520aab52, 0xc782065b, 0xa102f424, 0x9756f8fe, 0x02322406, 0x54320034, 0x00210947, 0x1ca34f55, 0x6400fd22, 0xd02c1f84, 
    0x26025700, 0xf5055700, 0xae077000, 0x0805eb51, 0x00070621, 0x001e0657, 0x00d5058b, 0x0007055f, 0x009a05a5, 0x001007d0, 0xff870357, 0x009b04ff, 
    0x4f7b0677, 0xcd360a27, 0x90045e00, 0xa1043700, 0xe5059e00, 0x61054200, 0x3502fc00, 0x5b844000, 0x6400bb26, 0xf1ff3502, 0x45200f82, 0x02238b8b, 
    0x82e9004d, 0x82562003, 0x87292003, 0xe7062b07, 0x2b025600, 0x17044300, 0x1382ae00, 0x6802b726, 0x9a043e00, 0x4d221382, 0x9f827a00, 0x03824220, 
    0x078a1520, 0x23826620, 0x57059e24, 0x0387a301, 0x01810327, 0x0100000b, 0x200382a3, 0x20038610, 0x8207822e, 0x10003903, 0xa301bb04, 0x1001f101, 
    0xa3015f06, 0x5effc602, 0xf8fe8102, 0xf3fff101, 0x56204382, 0x9b823f83, 0x12028628, 0x3c039f00, 0x03820401, 0xb1044224, 0x03829e01, 0xb004dc22, 
    0xb0220782, 0x0f88dc01, 0x0f82bb20, 0xdc01bb26, 0x9001d303, 0x52240382, 0x5b010004, 0x3f440383, 0x02c22422, 0x44030034, 0xc320063f, 0x2e063f44, 
    0x00810245, 0xff000026, 0x00fd01df, 0x84c80301, 0x82cf2003, 0x82d12007, 0x82cf200f, 0x01d13803, 0x03e500fe, 0x05e500ca, 0x0a580040, 0x055700cf, 
    0x052b00e0, 0x83420012, 0xf0042f07, 0x0c054c00, 0xf6051e00, 0x7b056700, 0x03860200, 0x05182008, 0x063c0011, 0x095700b7, 0x04570017, 0x0a570080, 
    0x06570098, 0x056b00fa, 0x06e2002c, 0x8283004b, 0x054b383f, 0x071200ce, 0x05760043, 0x05d2ff15, 0x051a0010, 0x0424000e, 0x83b00058, 0x0e062117, 
    0x5c283782, 0xd2054800, 0x7e053400, 0xe9240b82, 0xe6044b00, 0xc92a7382, 0x5604b800, 0x5904f8ff, 0x2b822200, 0xe7022830, 0x19043fff, 0x5e04dfff, 
    0x9b04d000, 0x87827700, 0xf5047724, 0x03841500, 0xfffffe22, 0x0f200782, 0xd6302f82, 0x6200e705, 0x38005404, 0x1900e804, 0xc0005704, 0x78200b82, 
    0x44203f82, 0x7f200b82, 0x33200382, 0x56220784, 0x4f843400, 0x67823520, 0x00142e08, 0x00200510, 0x001b0559, 0x0089062a, 0x00560455, 0x001d0530, 
    0x00e60273, 0x007a0408, 0x00ea0262, 0x005a0485, 0x008e0572, 0x0027064e, 0x24bb8285, 0x003d0726, 0x82038349, 0x04a23a9b, 0x05420086, 0x034000d5, 
    0x0228009c, 0x047200e3, 0x04120052, 0x04ae0069, 0x22d3825b, 0x84e8ff18, 0x8410204f, 0x05542ee3, 0x04280012, 0x04c9ff49, 0x064200b6, 0x05af512a, 
    0xff9b0329, 0x004d02fa, 0x8221024f, 0x00de3c6b, 0xfff0013a, 0x006f09a2, 0x009b030e, 0x00e20272, 0x009d0372, 0x0026029a, 0x55a10452, 0x0785062b, 
    0x60050b22, 0x2105c362, 0x07821c05, 0x00d72808, 0x002c058b, 0x000705e2, 0xff7505a5, 0x002c07dc, 0x00310583, 0x00a60720, 0xff850558, 0x007f07d7, 
    0x00d30657, 0x82290941, 0x005f3343, 0x000b0700, 0x00a205d5, 0x009d0ace, 0x00f0048b, 0x3f870550, 0x23062f45, 0x4200b606, 0x572c7382, 0xdcffae07, 
    0x0800ff05, 0xd000b805, 0x820baf43, 0x435f20ef, 0x6f8307a3, 0x00ad0523, 0x526f8382, 0xfd200ae3, 0x350bd352, 0x6b007506, 0x42004106, 0xd9ff9104, 
    0x42003606, 0x04009005, 0x0f82ad07, 0xd2ff2d3a, 0x72003a06, 0x9300bf04, 0x2300f303, 0x5e009304, 0x5600bb03, 0x93007f04, 0x89280382, 0x0e008b05, 
    0xe4ff7b06, 0x9e241f82, 0x77009b04, 0x20100b44, 0x0a9b5abc, 0x210a1344, 0x33825e04, 0x4e008524, 0x5762c004, 0x00d42206, 0x82e3845f, 0x35042107, 
    0xb2273382, 0xb204fdff, 0x83047b00, 0x007e2233, 0x2007845d, 0x82138246, 0x16053f1b, 0x14058000, 0x8c065c00, 0xca054000, 0x12059600, 0x9b036c00, 
    0x50052700, 0x4b044b00, 0xd7833100, 0x2406cf54, 0x00cd044b, 0x0767445e, 0x00700627, 0xff250242, 0x240383ea, 0x9d009d03, 0x06fb6302, 0x00720625, 
    0x82ab0757, 0x00852287, 0x260782ce, 0x00d109ce, 0x82f70bce, 0x829b200b, 0xff752c13, 0xff9b07dc, 0xffc109dc, 0x418604dc, 0xc52006c7, 0x2905b762, 
    0x36002202, 0x4200e203, 0xa354d305, 0x52043105, 0xc6058700, 0x61088700, 0x520a9300, 0x4f069300, 0x2708c782, 0x06d8ff52, 0x08e4ff4f, 0x01e4ff40, 
    0x044100f0, 0x0500005a, 0x0752000c, 0x05410002, 0x053d0013, 0x06a200cd, 0x00920091, 0x043b0082, 0x02120058, 0x05c2ff27, 0x036800c9, 0x03a6ffa4, 
    0x06b2ff9d, 0x02c00089, 0x82b0004d, 0x4f200803, 0xdaff5204, 0x78001e05, 0x89006802, 0xceff8906, 0x31000204, 0xcaff8006, 0x1a015204, 0xac00ce05, 
    0xac2c1382, 0x7a006604, 0x5a00d503, 0x2800de02, 0x032f0383, 0x035eff9f, 0x05d7009e, 0x0258000e, 0x82580122, 0x03d8345f, 0x06e2ff9b, 0x071e003a, 
    0x031e00f0, 0x03da009b, 0x8298009d, 0x82662003, 0x02622c0b, 0x028800e5, 0x020600e0, 0x82020029, 0x02742e0b, 0x0199004e, 0x01bc0068, 0x034b0051, 
    0x2a2f82a6, 0x02e8009a, 0x02b8ffe0, 0x82daffe1, 0x02ba3003, 0x0295ff44, 0x049b01de, 0x0477015b, 0x824a0123, 0x02c03cb3, 0x02ae0024, 0x02d80025, 
    0x02a0ff25, 0x03a0ff24, 0x03ceff9c, 0x03ccff97, 0x82d8ff9a, 0x02622c53, 0x020201e9, 0x022c00e8, 0x82d400e9, 0x825a2003, 0x02983003, 0x02ee00e4, 
    0x03f8ff3f, 0x03a90097, 0x820c0093, 0x050630cf, 0x04c900d6, 0x050b0003, 0x004400e9, 0x824ffd00, 0x82522003, 0x82fa2003, 0x824b2003, 0x86572003, 
    0x241b830f, 0xfc000048, 0x240f82a6, 0x000000ae, 0x200782dd, 0x20038292, 0x20138268, 0x20038288, 0x200382b4, 0x21038989, 0x1b822ffd, 0x26200383, 
    0x27200782, 0x34200382, 0xde200382, 0x6e200382, 0xcc202382, 0x42820382, 0x82f4fc21, 0x8220200f, 0x82c02003, 0x82352003, 0x82d82003, 0x82422003, 
    0x82172003, 0x00f2241f, 0x820cfa00, 0x82282003, 0x241f820b, 0x0000e6fc, 0x203382fe, 0x200f83fe, 0x822382ac, 0x2efd210b, 0x61240482, 0xdb00b101, 
    0xb3280384, 0x5203c500, 0x6a03db00, 0x64200782, 0x6c260782, 0x4602c500, 0x0383b800, 0x0052043b, 0x0163058b, 0x0080039b, 0x012802fe, 0x012a0249, 
    0x01000417, 0x01000060, 0x2003829b, 0x82478201, 0x0a01219b, 0xfb200782, 0xb1200382, 0xf6200382, 0x7e201782, 0xfe250385, 0xff0000ce, 0x200382f9, 
    0x230382c9, 0xfb0000ed, 0xfb217f82, 0x82978214, 0x82fb2017, 0x78fd21f7, 0x03830b82, 0x0782a820, 0x0382a620, 0x2382d420, 0x07829220, 0x4982db82, 
    0x82fc0021, 0xf8fd215b, 0x3383b382, 0x74242783, 0x7cfc0000, 0xbc202382, 0xa9201d82, 0xfd200382, 0x4c200f82, 0xa5200f82, 0x98202382, 0x82062741, 
    0xe1fb2133, 0xc820ff82, 0xc2201b82, 0x73821382, 0x6b82fc20, 0x82270121, 0x82522093, 0x21078203, 0x1b820900, 0x03827520, 0x03826720, 0x23829420, 
    0x03825820, 0x40204e83, 0x6f820f82, 0x82e0fc21, 0x82fe2007, 0x82f32057, 0x20478303, 0x201f82e8, 0x20138287, 0x20038238, 0x200b8232, 0x20038204, 
    0x20038247, 0x0687414d, 0x07824320, 0x8385ba20, 0x82c6fc21, 0x85c52033, 0x200b8317, 0x214782fc, 0x0f824ffd, 0x03823120, 0xfc212782, 0x05f741fa, 
    0x829bfb21, 0x82b02007, 0x24d383a7, 0x010000f8, 0x3b038390, 0x0302d003, 0x3401df02, 0x9b01de02, 0x0800e902, 0x2600ec02, 0x2b00df02, 0xde002702, 
    0x28300382, 0x2c012702, 0xc2002502, 0x12019803, 0xd5009903, 0x01272783, 0x03cc006b, 0x433a00d3, 0xa9230607, 0x82ff6b01, 0xfc39088b, 0x00f1027a, 
    0xff9c0454, 0x00d602b1, 0x009e033c, 0x00a3019c, 0x003f026a, 0xff7a010f, 0xffb401dc, 0xff0e02ee, 0xff650191, 0x00c004a2, 0xffca04ac, 0x00b504fd, 
    0xfff10142, 0x384f82b0, 0xff6f015a, 0x01b004f4, 0xff4f0396, 0x001506ed, 0x00ef014b, 0x01bb0495, 0x23138396, 0x24003b04, 0x82084b48, 0x20138223, 
    0x201b82d4, 0x840783d4, 0x01b03227, 0x010004d4, 0x004d025b, 0x00000066, 0x00c705ec, 0x25078257, 0x015204f7, 0x6b420162, 0x075f421a, 0x01000037, 
    0x01930252, 0x01960245, 0xff280218, 0xff3203c9, 0xff33035a, 0x080b82ab, 0x4602cc2c, 0x4602c9ff, 0x0302c8fe, 0x4702b2ff, 0x0000c8fe, 0x0000d7fa, 
    0x010048ff, 0x00006cfc, 0x4803a6fb, 0x4803eb00, 0x0000c5ff, 0x0f8208fc, 0x0382dc20, 0x00009e28, 0x01000dfd, 0x0782cdfb, 0x0382c420, 0x63059428, 
    0xbb049b01, 0x93827d00, 0x0f821d20, 0x0202d324, 0x0782f600, 0x00000624, 0x378244fe, 0x0782c120, 0x0f820420, 0x07838420, 0x00d30323, 0x2043823a, 
    0x20178268, 0x24038280, 0xff5101da, 0x20078285, 0x2013822b, 0x820782a4, 0xebfb215b, 0xfb211f85, 0x24338232, 0x0010029e, 0x0793499e, 0x009a0227, 
    0x001602a4, 0x077349aa, 0x010e0423, 0x2023825b, 0x282f82be, 0x009f0334, 0x009904a0, 0x204382a0, 0x20038240, 0x2003825e, 0x20038252, 0x20038248, 
    0x3a2382fa, 0x009203a8, 0x00090245, 0xffea0214, 0x00ca02fd, 0x017b025e, 0x00000302, 0x820a03f7, 0x82012003, 0x00412403, 0x823f03d9, 0x823d2003, 
    0x00403603, 0x012602d9, 0x0128022e, 0x006a0316, 0x00b10145, 0x01d303db, 0x826f8590, 0x020021e5, 0x0384cb82, 0x0000fc24, 0x03822003, 0x0320e782, 
    0x0321d382, 0x200b828c, 0x200382b0, 0x230382c8, 0x040000e0, 0x04212c82, 0x82078224, 0x60042187, 0x37820782, 0x82a80421, 0x82cc2007, 0x00f02803, 
    0x00140500, 0x82380500, 0x82502003, 0x82742003, 0x82982003, 0x82bc2003, 0x203b8203, 0x253c8206, 0x00002806, 0x03825c06, 0x03828020, 0x0382a420, 
    0x06245782, 0x070000ec, 0x07217382, 0x20078230, 0x20038254, 0x20038278, 0x2003829c, 0x240382c0, 0x080000e4, 0x20038208, 0x8203822c, 0x82082053, 
    0x82082053, 0x82082053, 0xd4082553, 0x90090000, 0xb4200382, 0xc4200382, 0xe8240382, 0x0c0a0000, 0x7f820382, 0x82640a21, 0x201b8207, 0x2027820a, 
    0x2517820a, 0x0000140b, 0x0382400b, 0x03826c20, 0x0b20b382, 0x0c208f82, 0x0c204b82, 0x0c204b82, 0x0c202382, 0x0d20bf82, 0x0d201782, 0x0d20cb82, 
    0xcb820b83, 0x33820e20, 0x00fc0e24, 0x53820f00, 0x821c0f21, 0x25ab8207, 0x0000ac10, 0x0382d010, 0x0000f424, 0x03821811, 0x03823c20, 0x03826020, 
    0x00009423, 0x203f8212, 0x24c38213, 0x00004013, 0x25538213, 0x00006814, 0x03828c14, 0x0382b020, 0x1425ab82, 0x150000f8, 0x20038210, 0x20038234, 
    0x8203824c, 0x821520a3, 0x82152033, 0x8216209f, 0x82162063, 0x5416243b, 0x82160000, 0x821620ff, 0x821620ff, 0x821620ff, 0x821620ff, 0x20172583, 
    0x44170000, 0x53820382, 0x82801721, 0x82a42007, 0x248f8203, 0x0000ec17, 0x20538218, 0x24878218, 0x00006018, 0x204f8218, 0x20c38218, 0x20c38218, 
    0x20c38218, 0x24c38219, 0x00003819, 0x20f78219, 0x203b821a, 0x20bb821a, 0x25fb821a, 0x0000041b, 0x0382281b, 0x1b218782, 0x82078270, 0xb81b21bf, 
    0xdc200782, 0xa7820382, 0xef821c20, 0x002c1c25, 0x82501c00, 0x82742003, 0x82982003, 0x244f8203, 0x0000701d, 0x202b821d, 0x24ff821d, 0x0000ac1e, 
    0x244f821e, 0x0000c41f, 0x24c3821f, 0x00000c20, 0x21c38220, 0x07824820, 0x03826c20, 0x03829020, 0x0000b423, 0x20278221, 0x20278221, 0x20a78223, 
    0x25fb8223, 0x00005823, 0x03827c23, 0x23204782, 0x23207382, 0x24257382, 0x24000000, 0x2003825c, 0x82038274, 0xbc24216b, 0xa7820782, 0xa7822520, 
    0xa7822520, 0xa7822520, 0x00e42524, 0x57822600, 0x82842621, 0x009c2407, 0x82082700, 0x20578203, 0x20278227, 0x20278228, 0x20278228, 0x20278228, 
    0x20a38228, 0x205b8228, 0x205b8228, 0x205b8228, 0x205b8229, 0x25608229, 0x00003c29, 0x03826029, 0x29211f82, 0x2007829c, 0x820382c8, 0x202a24c7, 
    0x822a0000, 0x782a2137, 0xa4200782, 0x53820382, 0xcf822a20, 0x17822b20, 0x00382b24, 0x97822b00, 0x82802b21, 0x82a02007, 0x20eb8203, 0x201b822b, 
    0x20eb822c, 0x24eb822c, 0x0000542c, 0x2037822c, 0x204f822c, 0x21eb822c, 0x0f82d82c, 0x0000fc23, 0x213b822d, 0x0782442d, 0x03826820, 0x03828c20, 
    0x2d211f82, 0x820782ac, 0x822d205b, 0x182e2473, 0x822e0000, 0x822e208f, 0x822e208f, 0xa82e21cf, 0xcc200f82, 0xf0240382, 0x142f0000, 0x77820382, 
    0x77822f20, 0x82742f21, 0x8298200b, 0x201f8203, 0x201f822f, 0x20e38230, 0x20ab8230, 0x25c38230, 0x00009030, 0x0382b430, 0x30207382, 0x31207382, 
    0x31207382, 0x31207382, 0x31207382, 0x31207382, 0x3120cb82, 0x3125e382, 0x320000ec, 0x20038210, 0x20038234, 0x20038258, 0x8203827c, 0x823220cb, 
    0x823220cb, 0x823320cb, 0x823320cb, 0x823320cb, 0x823320cb, 0x823320cb, 0xc03329ab, 0xe4330000, 0x00340000, 0x24200382, 0x08820382, 0x3b823420, 
    0x00d03424, 0xbf823400, 0xbf823520, 0x8b823520, 0xa7823520, 0x9b823520, 0x2f823520, 0x2f823520, 0x00083625, 0x822c3600, 0x82502003, 0x82c82003, 
    0x00e02403, 0x82543700, 0x82642003, 0x208f8203, 0x20138237, 0x24138337, 0x380000f8, 0x8203821c, 0x82382027, 0x823820e3, 0xbc3821e3, 0xd4200f82, 
    0x5f820382, 0xdb823920, 0xdb823920, 0x00d83924, 0xdb823900, 0x00143a24, 0x87823a00, 0x87823a20, 0xe3823a20, 0x6f823a20, 0x00e43a24, 0x6f823b00, 
    0xf7823b20, 0x13823b20, 0xf7823b20, 0xf7823b20, 0x82b03b21, 0x20478217, 0x2063823b, 0x24e7823c, 0x00004c3d, 0x202f823d, 0x202f823d, 0x202f823e, 
    0x209f823e, 0x2477823e, 0x00007c3e, 0x202f823e, 0x20ef823e, 0x257b823e, 0x00005c3f, 0x0382803f, 0x3f20a782, 0x41240f82, 0x41000030, 0x4121bb82, 
    0x82078278, 0x82412023, 0x82412043, 0x82422043, 0x82422043, 0x82422043, 0x70422573, 0x94420000, 0xb8200382, 0xdc240382, 0x00430000, 0xa7820382, 
    0x82484321, 0x826c2007, 0x20c78203, 0x20c78243, 0x24c78243, 0x0000fc43, 0x20ab8244, 0x20378244, 0x20ab8244, 0x207b8244, 0x20ab8244, 0x20538244, 
    0x20538245, 0x20538245, 0x25978245, 0x00007445, 0x03829845, 0x0382c420, 0x4525c782, 0x460000f8, 0x2003821c, 0x20038240, 0x20038264, 0x20038288, 
    0x200382ac, 0x230382d0, 0x470000e8, 0x4721af82, 0x820782c8, 0x82472063, 0x0c482463, 0x82480000, 0x8248202f, 0xf048242f, 0x82490000, 0x824920a3, 
    0x824920a3, 0x824a20a3, 0x184b2577, 0x284b0000, 0x4c230382, 0x824c0000, 0x824d2027, 0x824d2027, 0xf44d244b, 0x824e0000, 0x824e203b, 0x824e20f7, 
    0x824e20f7, 0x824e20f7, 0x824e20f7, 0x824e20f7, 0x824f201b, 0x824f2037, 0x8250208b, 0x825120cf, 0x8252201f, 0x82522043, 0x82522043, 0x8252205f, 
    0x82522093, 0x82522093, 0x825220b3, 0x82532093, 0x24532547, 0x48530000, 0x7c200382, 0xeb820382, 0x005c5424, 0x3f825400, 0xff825520, 0x0b825520, 
    0x00805524, 0xe7825500, 0x82bc5521, 0x00e02407, 0x82045600, 0x21538203, 0x07829056, 0x57200f82, 0x58255b82, 0x58000000, 0x23038210, 0x59000084, 
    0x59217f82, 0x2007823c, 0x83038260, 0x82a8200f, 0x82cc2007, 0x25e38203, 0x0000145a, 0x03822c5a, 0x03825020, 0x5a20e382, 0x5a216f82, 0x200b82b0, 
    0x820382d4, 0x1c5b2473, 0x825b0000, 0x645b21e7, 0xab820782, 0xab825b20, 0xf3825b20, 0xd7825b20, 0x57825c20, 0x57825c20, 0x57825c20, 0x57825c20, 
    0x57825c20, 0x57825c20, 0x57825c20, 0x57825d20, 0x9f825d20, 0x23825e20, 0x23825e20, 0x23825e20, 0x33825e20, 0x0f825f20, 0x0f825f20, 0x0f825f20, 
    0x33825f20, 0x33825f20, 0x33825f20, 0xb0826020, 0xef826020, 0x00a06025, 0x82b86000, 0x20638203, 0x20cb8260, 0x25f38261, 0x0000a461, 0x0382c861, 
    0x0000ec23, 0x21d38262, 0x07823462, 0x62202f82, 0x62202f82, 0x62212f82, 0x230f82c4, 0x630000e8, 0x63219f82, 0x82078298, 0x82632077, 0x0464253b, 
    0x28640000, 0x4c200382, 0x70200382, 0x94200382, 0x5b820382, 0x5b826420, 0x8b826420, 0x000c6524, 0x87826500, 0x87826520, 0x87826520, 0x87826520, 
    0xbb826520, 0xbb826620, 0x00386624, 0x47826600, 0x82d46621, 0x00e42307, 0x6b826700, 0x009c6825, 0x82b46800, 0x20278203, 0x20138268, 0x208b8269, 
    0x245f8269, 0x00004069, 0x208f8269, 0x20638269, 0x20838269, 0x20938269, 0x20238269, 0x23238369, 0x6a0000fc, 0x6a214f82, 0x8207822c, 0x5c6a21cb, 
    0x74200782, 0x98200382, 0xb0200382, 0xd7820382, 0xab826a20, 0x00f86a24, 0x4f826b00, 0x4f826b20, 0x4f826b20, 0x4f826b20, 0x73826b20, 0x73826b20, 
    0x73826b20, 0x4f826b20, 0xff826c20, 0x4f826c20, 0x4f826d20, 0x4f826d20, 0x006c6e24, 0xbb826e00, 0x23826e20, 0x00ac6e25, 0x828c6f00, 0x24538203, 
    0x0000a470, 0x20e38271, 0x25e38271, 0x00001872, 0x03823c72, 0x73203782, 0x74241f82, 0x75000064, 0x75203b82, 0x75208b82, 0x75208b82, 0x75208b82, 
    0x75201782, 0x75213382, 0x821b82c4, 0x827520ef, 0x827620b7, 0xe876240b, 0x82770000, 0x8278200f, 0xf079253b, 0x687b0000, 0x80200382, 0x2b820382, 
    0xb7827b20, 0x8f827b20, 0x00047c24, 0xb3827c00, 0xb3827c20, 0x00007e28, 0x00207e00, 0x0b828000, 0x57828020, 0x17828120, 0x0b828120, 0x00548224, 
    0xab828200, 0xab828220, 0xab828220, 0xcf828220, 0xcf828220, 0x67828220, 0x5b828220, 0xcf828320, 0x93828320, 0x93828320, 0x93828320, 0x3b828320, 
    0x93828320, 0xcb828320, 0x7f828320, 0xc7828320, 0xc7828420, 0x00308425, 0x82488400, 0x82602003, 0x82782003, 0x82902003, 0x82a82003, 0x20238203, 
    0x204b8284, 0x204b8284, 0x204b8285, 0x244b8285, 0x0000e085, 0x28678286, 0x0000b887, 0x0000ac88, 0x200b8289, 0x202b828a, 0x2077828a, 0x202b828a, 
    0x2453828a, 0x00000c8b, 0x2053828b, 0x209f828b, 0x209f828b, 0x2073828c, 0x2023828d, 0x2023828d, 0x2023828d, 0x204f828d, 0x204f828e, 0x204f828e, 
    0x209b828e, 0x209b828e, 0x249b828e, 0x00001c8f, 0x251b828f, 0x00007090, 0x03828890, 0x91205f82, 0x92290782, 0x93000034, 0x94000024, 0x82038238, 
    0x98952443, 0x83960000, 0x82bc2003, 0x258f8207, 0x00000497, 0x03822897, 0x03824c20, 0x97213b82, 0x82078294, 0xc897219f, 0x1f820782, 0x6b829820, 
    0x6b829820, 0x6b829820, 0x6b829820, 0x6b829820, 0x00a09825, 0x82c49800, 0x00f02403, 0x82089900, 0x82202003, 0x215f8203, 0x07825099, 0x03826820, 
    0x03828020, 0x03829c20, 0x9920df82, 0x99207382, 0x9920b782, 0x9a209b82, 0x9a206782, 0x9a206782, 0x9a206382, 0x9a206382, 0x9b201782, 0x9b203f82, 
    0x9b203f82, 0x9b243f82, 0x9b000060, 0x9b251782, 0x9c0000d0, 0x82038290, 0xc09c21f7, 0xd8200782, 0x6b820382, 0x2b829d20, 0x43829d20, 0x00989d24, 
    0xd7829e00, 0x4b829e20, 0xb3829e20, 0x4f829e20, 0x37829e20, 0x00dc9e25, 0x82789f00, 0x25b78203, 0x000018a0, 0x038230a0, 0x03825420, 0x03826c20, 
    0xa1244382, 0xa2000088, 0xa2201382, 0xa2201382, 0xa2202782, 0xa2206382, 0xa2206382, 0xa325a382, 0xa3000000, 0x20038224, 0x20038248, 0x830382ac, 
    0x00ec2413, 0x820ca400, 0x00e82303, 0x0782a500, 0x3b82a520, 0x1f82a520, 0xa782a520, 0x8284a521, 0x20738213, 0x207382a5, 0x243b82a6, 0x000010a6, 
    0x20ff82a6, 0x20cb82a7, 0x20cb82a8, 0x202f82a9, 0x204382a9, 0x20e382a9, 0x20fb82a9, 0x2c1782aa, 0x0000b0aa, 0x0000c8aa, 0x0000a4ab, 0x209382ac, 
    0x247f82ad, 0x000068ae, 0x208b82ae, 0x820b83ae, 0x82ae208b, 0x82ae20ef, 0x82ae20ab, 0x14af24ef, 0x82af0000, 0x5caf214b, 0x7c200782, 0xf4240382, 
    0x80b00000, 0xff820382, 0x4b82b020, 0x4b82b020, 0x7f82b120, 0x1782b120, 0x6f82b220, 0xbf82b220, 0x003cb224, 0xdf82b200, 0x5f82b220, 0xa382b220, 
    0x829cb221, 0x82bc200f, 0x82d42003, 0x25cf8203, 0x000004b3, 0x03821cb3, 0x03823420, 0x03824c20, 0x03826420, 0xb3215b82, 0x82078294, 0xd0b321f7, 
    0xef820782, 0xd382b420, 0x0018b424, 0xf382b400, 0xf382b420, 0x8274b421, 0x828c200b, 0x20bb8203, 0x204f82b4, 0x207382b7, 0x201f82b8, 0x209f82b8, 
    0x241f82b8, 0x000060b8, 0x20c782b8, 0x20c782b8, 0x20c782b8, 0x20c782b8, 0x20c782b8, 0x24c782b8, 0x000008b9, 0x21ff82b9, 0x0782ccb9, 0xb920af82, 
    0xba203b82, 0xba20af82, 0xba206482, 0xbb201382, 0xbc207782, 0xbd200382, 0xbd205f82, 0xbd205f82, 0xbd205f82, 0xbe201782, 0xbf200b82, 0xc020ef82, 
    0xc124c382, 0xc1000028, 0xc128c382, 0xc20000f8, 0xc3000088, 0xc3209782, 0xc3241782, 0xc40000fc, 0xc4212382, 0x20078298, 0x200382b0, 0x200382c8, 
    0x820382e0, 0x10c52427, 0x82c50000, 0x60c521e7, 0x84230782, 0x82c60000, 0x82c62087, 0x58c72433, 0x82c80000, 0x54c925fb, 0x6cc90000, 0x1b820382, 
    0x1782c920, 0x8f82c920, 0x7782c920, 0x00e4c924, 0x2b82ca00, 0xb382ca20, 0xdf82ca20, 0x8264ca21, 0x20ff820f, 0x200f82cb, 0x20bf82cb, 0x208782cc, 
    0x201782cd, 0x20db82cd, 0x200b82ce, 0x28b782cf, 0x000018d0, 0x00001cd1, 0x20a782d3, 0x242382d3, 0x0000c0d4, 0x20ff82d4, 0x249f82d4, 0x000014d5, 
    0x212f82d5, 0x07825cd5, 0xd520ab82, 0xd520d782, 0xd620a782, 0xd7247b82, 0xd7000040, 0xd7218f82, 0x2007827c, 0x20038294, 0x820382b8, 0x263a823f, 
    0x0024d800, 0x8248d800, 0x208f8203, 0x204782d8, 0x254782d9, 0x000000da, 0x038204db, 0xdb20e382, 0xdc20e382, 0xdc20e382, 0xdc207382, 0xdc204782, 
    0xdc254782, 0xdc000070, 0x20038288, 0x820382a0, 0xd0dc214b, 0xe8230782, 0x82dd0000, 0x82dd2037, 0x30dd21a3, 0x53820b82, 0x7b82dd20, 0x8290dd21, 
    0x20f3820b, 0x20f382dd, 0x206382dd, 0x20f382de, 0x20e382de, 0x25ab82de, 0x000050de, 0x038268de, 0xde20af82, 0xdf20af82, 0xdf206782, 0xdf206782, 
    0xdf20b782, 0xdf207b82, 0xe0207b82, 0xe0251382, 0xe0000034, 0x2003824c, 0x82038264, 0x82e020c3, 0x82e02077, 0x82e02077, 0x82e02077, 0x0ce12477, 
    0x82e10000, 0x3ce121c7, 0xf0230782, 0x82e20000, 0x2ce22163, 0x44200782, 0x5c200382, 0x74200382, 0x8c200382, 0x63820382, 0x82bce221, 0x82d42007, 
    0x00ec2303, 0xe382e300, 0x821ce321, 0x205f8207, 0x20d782e3, 0x20a782e3, 0x206f82e4, 0x208382e4, 0x206f82e4, 0x25af82e4, 0x0000fce4, 0x038298e5, 
    0x0382b020, 0xe5209782, 0xe5209782, 0xe6209782, 0xe6203782, 0xe6203782, 0xe6203382, 0xe620db82, 0xe6282b82, 0xe70000f4, 0xe80000c0, 0xe820db82, 
    0xe920db82, 0xe9205f82, 0xe9206f82, 0xe9206f82, 0xea206f82, 0xea200f82, 0xea203782, 0xea203782, 0xea255f82, 0xea000070, 0x82038288, 0x82ea20cf, 
    0x82ea205f, 0x82ea205f, 0x82ea205f, 0x82eb205f, 0x82eb2087, 0xc4eb2417, 0x82eb0000, 0x82ec20e3, 0x82ec20e3, 0x82ec20e3, 0x82ec202f, 0x82ed206b, 
    0xa8ed24e3, 0x82ee0000, 0x82ee2047, 0x00ef251f, 0x18ef0000, 0x30200382, 0x48200382, 0x6c200382, 0x90230382, 0x82f00000, 0x54f02147, 0x2b820782, 
    0x1382f120, 0x3b82f120, 0x2382f220, 0x00d0f225, 0x823cf400, 0x255f8203, 0x000078f5, 0x03829cf5, 0xf520bb82, 0xf6201f82, 0xf6245b82, 0xf600002c, 
    0xf621c382, 0x82078274, 0x82f620ff, 0x82f620c7, 0x82f6209b, 0x82f7209b, 0x82f72087, 0x7cf7241b, 0x82f70000, 0x82f72057, 0x211682df, 0x3382f800, 
    0x0058f824, 0xd782f800, 0x2382f920, 0x5b82f920, 0x9b82f920, 0xbb82fa20, 0x2782fa20, 0x1f82fb20, 0x3382fb20, 0x4f82fb20, 0x0b82fc20, 0x6f82fc20, 
    0x00d8fc24, 0x2382fc00, 0x4f82fd20, 0x8f82fe20, 0x00ccfe25, 0x8238ff00, 0x21c38203, 0x078260ff, 0x0100dc28, 0x0100f000, 0x03820801, 0x03827c20, 
    0x0100fc24, 0x03821402, 0x03823820, 0x0100b824, 0x03824c03, 0x0382a420, 0x0100bc24, 0x03824804, 0x03826020, 0x0100d828, 0x01008805, 0x03822806, 
    0x0100e827, 0x0100e407, 0x213b8208, 0x07829408, 0x0100ac30, 0x01006c09, 0x0100780a, 0x0100980b, 0x0382500c, 0x0c213382, 0x230782e0, 0x0d0100f8, 
    0x0e206f82, 0x0f253382, 0x0f010000, 0x20038218, 0x82038230, 0x820f2057, 0x820f2023, 0x900f2133, 0xa8200f82, 0xc0200382, 0x67820382, 0x33820f20, 
    0x27821020, 0x8f821020, 0x00581024, 0x23821001, 0x57821020, 0x9b821020, 0x1f821020, 0xbb821020, 0xbb821120, 0x8b821120, 0x00401124, 0x47821101, 
    0x23821120, 0x23821120, 0x00741224, 0x6f821201, 0x009c1324, 0x93821401, 0x00841424, 0x8f821501, 0x23821520, 0x77821620, 0x5b821620, 0x00541824, 
    0x1b821801, 0x1b821820, 0x27821820, 0x82b41821, 0x82cc200f, 0x24d38203, 0x0100fc18, 0x208b8219, 0x2057821a, 0x247b821a, 0x0100701a, 0x21f7821a, 
    0x0782a01a, 0x1a217f82, 0x820782d0, 0x821b20cb, 0x821b20cb, 0x821b20a3, 0x821b2053, 0x821b205f, 0x821b2027, 0xb01b24c7, 0x821b0100, 0x821b2023, 
    0x101c24a3, 0x821c0100, 0x821c201f, 0x681c211f, 0x47820b82, 0x47821c20, 0x00bc1c24, 0x2f821d01, 0x82d41d21, 0x00ec2407, 0x82041e01, 0x821c2003, 
    0x82342003, 0x824c2003, 0x82642003, 0x827c2003, 0x82942003, 0x82ac2003, 0x82c42003, 0x25d38203, 0x0100f41e, 0x03820c1f, 0x03822420, 0x03823c20, 
    0x1f20c782, 0x2020c782, 0x21240b82, 0x21010008, 0x22252f82, 0x22010044, 0x2003825c, 0x24038274, 0x23010098, 0x82038238, 0x8224203b, 0x822420cb, 
    0x80242483, 0x82240100, 0x82242017, 0xc82421a7, 0xe0200b82, 0xf8230382, 0x82250100, 0x282521ab, 0xf7820782, 0x2b822520, 0x9f822520, 0xaf822520, 
    0xaf822520, 0xf7822520, 0xd3822520, 0xf7822520, 0xf7822620, 0x00b42624, 0x6b822701, 0x2f822820, 0x93822820, 0x000c2924, 0x93822901, 0x87822920, 
    0x93822920, 0x93822920, 0x82842921, 0x829c2013, 0x212b8203, 0x0782cc29, 0x0100e423, 0x20e7822a, 0x2027822a, 0x20a3822a, 0x20e3822a, 0x2123822a, 
    0x1782a42a, 0x2a20df82, 0x2b201f82, 0x2b241f82, 0x2b01001c, 0x2b204782, 0x2b204782, 0x2c24c382, 0x2c010018, 0x2d206382, 0x2d208782, 0x2e202382, 
    0x2e209b82, 0x2f243782, 0x2f010014, 0x2f243b82, 0x300100bc, 0x30208b82, 0x31249b82, 0x31010008, 0x3120b782, 0x3220cf82, 0x3320cf82, 0x33244f82, 
    0x3301007c, 0x34201b82, 0x3420b782, 0x34204b82, 0x3420b382, 0x3425e382, 0x34010050, 0x23038268, 0x350100d4, 0x3520af82, 0x35205382, 0x3524e382, 
    0x360100e0, 0x37208f82, 0x37201382, 0x37201382, 0x3720c382, 0x3825c382, 0x38010030, 0x82038248, 0xc0382117, 0xd8230782, 0x82390100, 0xdc392143, 
    0x9f820782, 0xe3823a20, 0xaf823b20, 0x008c3b24, 0xe3823c01, 0x57823c20, 0x77823d20, 0x13823e20, 0x8b823f20, 0x47823f20, 0x3f824020, 0xfb824120, 
    0x00b84124, 0x63824201, 0xcf824220, 0x004c4324, 0x17824401, 0x00f04424, 0xc7824501, 0x00604624, 0x97824701, 0xdf824820, 0x53824820, 0x7b824920, 
    0xf3824a20, 0x2f824a20, 0xd7824d20, 0x03824e20, 0xd3824f20, 0x17825020, 0xff825120, 0x00785224, 0x2f825301, 0x13825420, 0x8f825520, 0x17825620, 
    0x73825720, 0x6f825820, 0xeb825920, 0x002c5b28, 0x00545c01, 0x0b825d01, 0x2f825d20, 0x00bc5d24, 0x67825e01, 0x83825e20, 0x00086025, 0x82346101, 
    0x00c82303, 0x6f826201, 0x82a86221, 0x20738207, 0x24078263, 0x01002064, 0x25db8264, 0x0100a065, 0x03828066, 0x67202382, 0x6820f782, 0x69204382, 
    0x69256782, 0x6a0100ac, 0x2303825c, 0x6b0100d0, 0x6c207b82, 0x6c205f82, 0x6d202382, 0x6d20fb82, 0x6d205382, 0x6d20e782, 0x6d247782, 0x6d010064, 
    0x6d218f82, 0x82078284, 0x826d2077, 0x826e203f, 0x826e2037, 0xd86e252b, 0xe86e0100, 0xd3820382, 0x8b826f20, 0x43826f20, 0x00386f24, 0x1f826f01, 
    0x828c6f21, 0x20ab8207, 0x208f826f, 0x2087826f, 0x25af8270, 0x01008871, 0x03829871, 0x71219f82, 0x200782c4, 0x240382e0, 0x720100fc, 0x82038218, 
    0x82722073, 0x82722097, 0x8272206f, 0x907221af, 0xbb821382, 0x82b07221, 0x20b78207, 0x20a78272, 0x252f8272, 0x0100f072, 0x03820073, 0x03821020, 
    0x7321e382, 0x20078230, 0x82038240, 0x8273203b, 0x8273203b, 0x9c73213b, 0xb8200f82, 0xd4200382, 0x2f820382, 0x000c7424, 0x9b827401, 0xd3827420, 
    0x82607421, 0x20ef820b, 0x21878274, 0x0b82b474, 0x74205782, 0x038b5782, 0x8b827620, 0x23827620, 0xdb827620, 0x6b827720, 0x006c7724, 0xff827701, 
    0x63827820, 0x00687824, 0x63827801, 0x00787924, 0xe3827a01, 0xdf827b20, 0x00247c24, 0x13827c01, 0x6f827c20, 0x003c7d24, 0xbb827d01, 0x00f87d24, 
    0x0f827e01, 0x00a47f25, 0x82388201, 0x82542003, 0x82702003, 0x20338203, 0x21ff8282, 0x0b82c482, 0x82207782, 0x8320ff82, 0x84246782, 0x850100d8, 
    0x8521d382, 0x82078248, 0x8285209b, 0x08862457, 0x82860100, 0x828620b3, 0xbc86215b, 0x13820b82, 0xc7828720, 0xdb828720, 0x00f48725, 0x82188801, 
    0x20978203, 0x24e38288, 0x01002089, 0x217b8289, 0x07825889, 0x03827420, 0x89218382, 0x200782ac, 0x230382c8, 0x8a0100e4, 0x8a21c782, 0x8207821c, 
    0x828a208b, 0x828a208b, 0x828a2087, 0x828b201b, 0x828b2017, 0x308b2447, 0x828b0100, 0x828b207b, 0x828b20d7, 0x838b207f, 0x209f821b, 0x201b828c, 
    0x201b828c, 0x20fb828c, 0x201b828c, 0x24bb828c, 0x0100c08c, 0x201b828c, 0x20f7828d, 0x2473828d, 0x01005c8d, 0x2017828d, 0x2033828d, 0x2517828d, 
    0x0100048e, 0x0382348e, 0x03826420, 0x03829420, 0x0382b420, 0x0100d423, 0x2117828f, 0x07826c8f, 0x0382d020, 0x9020f382, 0x90207b82, 0x90202782, 
    0x90241382, 0x910100c4, 0x9125db82, 0x92010084, 0x8203822c, 0x82922037, 0x82932027, 0x829320b3, 0x6894242b, 0x82950100, 0x08962427, 0x82960100, 
    0x40962177, 0x5c200782, 0x93820382, 0x2b829620, 0x82b09621, 0x82cc200b, 0x202b8203, 0x24678297, 0x01002097, 0x219b8297, 0x07825897, 0x03827420, 
    0x98209782, 0x98253782, 0x99010088, 0x82038214, 0xe499284f, 0x609a0100, 0x829b0100, 0x829c2073, 0x829d20a3, 0xec9e240f, 0x829f0100, 0xf0a0280f, 
    0xa4a10100, 0x82a20100, 0x80a32897, 0x90a40100, 0x82a50100, 0x82a6203f, 0xbca628af, 0x4ca70100, 0x82a80100, 0x82a82067, 0x82a82047, 0x82a92077, 
    0x82ab2077, 0x82ac20ab, 0x82ac209f, 0x82ac2093, 0xc0ad24bb, 0x82ae0100, 0x82af2087, 0x82af2027, 0x82b02087, 0xdcb028ef, 0x64b10100, 0x82b20100, 
    0x82b220bf, 0x82b32033, 0x82b4206f, 0x82b5203f, 0x82b52087, 0x82b6200b, 0x18b72467, 0x82b70100, 0x0cb82457, 0x82b80100, 0x82b9204b, 0xa8b92437, 
    0x82ba0100, 0x82ba2073, 0x7cbb297b, 0x2cbc0100, 0x50bd0100, 0xac230382, 0x82be0100, 0x82be204b, 0x38bf286b, 0x94bf0100, 0x82c00100, 0xd8c02407, 
    0x82c10100, 0xb8c12407, 0x82c20100, 0x82c3204b, 0x82c42047, 0xb0c42457, 0x82c50100, 0x82c620cf, 0x82c72067, 0x30c824e7, 0x82c80100, 0x82c92033, 
    0x82ca2017, 0x82cb2033, 0x82cb201b, 0x82cc208f, 0x82cc20e7, 0xd4cc251f, 0x74cd0100, 0x1f820382, 0x006cce25, 0x828cce01, 0x20738203, 0x202382ce, 
    0x20af82ce, 0x20a382cf, 0x208b82cf, 0x209b82cf, 0x201f82cf, 0x201f82cf, 0x201f82cf, 0x201f82cf, 0x201f82cf, 0x201f82d0, 0x201f82d0, 0x201f82d0, 
    0x201f82d0, 0x201f82d0, 0x201f82d0, 0x201f82d0, 0x201f82d0, 0x201f82d1, 0x201f82d1, 0x201f82d1, 0x201f82d1, 0x201f82d1, 0x201f82d1, 0x201f82d1, 
    0x201f82d1, 0x201f82d2, 0x201f82d2, 0x201f82d2, 0x201f82d2, 0x201f82d2, 0x201f82d2, 0x201f82d2, 0x201f82d2, 0x201f82d3, 0x201f82d3, 0x201f82d3, 
    0x201f82d3, 0x201f82d3, 0x201f82d3, 0x201f82d3, 0x201f82d3, 0x201f82d4, 0x201f82d4, 0x201f82d4, 0x201f82d4, 0x251f82d4, 0x0100c4d4, 0x038244d5, 
    0x0100dc24, 0x038224d6, 0x01007c24, 0x038204d7, 0x0100d028, 0x0100a4d8, 0x038218d9, 0x0100a827, 0x010088da, 0x2d1b82db, 0x01001cdc, 0x010064dc, 
    0x010050dd, 0x038248de, 0xdf285782, 0xdf010074, 0xe00100b0, 0xe0215f82, 0x82078258, 0xf4e0252f, 0x28e10100, 0x37820382, 0x00e0e125, 0x8200e201, 
    0x82202003, 0x82402003, 0x82602003, 0x82802003, 0x82a02003, 0x82c02003, 0x201f8203, 0x201f82e3, 0x201f82e3, 0x201f82e3, 0x201f82e3, 0x201f82e3, 
    0x201f82e3, 0x241f82e3, 0x0100e0e3, 0x201f82e4, 0x201f82e4, 0x201f82e4, 0x201f82e4, 0x201f82e4, 0x20a382e4, 0x20ab82e5, 0x20b782e5, 0x20c382e5, 
    0x24d382e5, 0x01009ce5, 0x24ef82e5, 0x0100fce5, 0x21eb82e6, 0x07825ce6, 0xe621e782, 0x820782bc, 0x82e720ab, 0x82e720bf, 0x82e720ff, 0xace728cb, 
    0xdce70100, 0x82e80100, 0x3ce821b7, 0x3f820782, 0x3f82e820, 0x3f82e820, 0x5782e920, 0x00b4ea29, 0x00e4ec01, 0x8290ef01, 0x253f8203, 0x0100e8ef, 
    0x038214f0, 0xf020f782, 0xf0203f82, 0xf0205782, 0xf0203f82, 0xf0205782, 0xf1206f82, 0xf1204782, 0xf1202782, 0xf1203f82, 0xf1201782, 0xf1201782, 
    0xf2201782, 0xf2201782, 0xf2207782, 0xf2208f82, 0xf2206782, 0xf2245382, 0xf30100f4, 0xf3216382, 0x20078238, 0x24038274, 0xf40100b8, 0x82038218, 
    0x82f420af, 0x82f4203b, 0x82f52037, 0x2503bf67, 0x010070f6, 0x038288f6, 0x0382a020, 0x0382b020, 0x0382c820, 0xf7249782, 0xf80100a4, 0xf8219382, 
    0x24078294, 0xf90100f0, 0x24038264, 0xfa0100d8, 0x82038250, 0x20fb2423, 0x82fb0100, 0x00fc24f7, 0x82fc0100, 0x08fd243f, 0x82fd0100, 0x10fe240f, 
    0x82fe0100, 0x80ff251f, 0x14000200, 0xa8230382, 0x82010200, 0x82012007, 0x10022d0f, 0xa0020200, 0x54030200, 0x04040200, 0x20200382, 0x3c200382, 
    0x58200382, 0x74200382, 0x90200382, 0xac200382, 0xc8200382, 0xe4240382, 0x00050200, 0x1c200382, 0x38200382, 0x33820382, 0x82700521, 0x828c2007, 
    0x21538203, 0x0782c405, 0x0382e020, 0x0200fc24, 0x03822c06, 0x06203f82, 0x06215b82, 0x240b82d0, 0x070200f4, 0x20038218, 0x20038268, 0x230382b4, 
    0x080200e8, 0x08254782, 0x090200a4, 0x8203820c, 0x82092013, 0x400a2d13, 0xdc0a0200, 0x940b0200, 0x4c0c0200, 0x43820382, 0x53820c20, 0x2b820d20, 
    0x47820d20, 0x00440f24, 0x6f821002, 0x00241125, 0x82781102, 0x82882003, 0x00d82403, 0x82641202, 0x20a78203, 0x20178213, 0x242f8213, 0x0200b015, 
    0x20078215, 0x204f8216, 0x20a38216, 0x20078217, 0x201f8217, 0x20838218, 0x20178218, 0x20378219, 0x20e7821a, 0x2073821a, 0x20e3821b, 0x20af821c, 
    0x2413821c, 0x0200ec1c, 0x2163821d, 0x07829c1d, 0x1e20b382, 0x1e208382, 0x1f29c382, 0x1f020010, 0x20020080, 0x82038218, 0x282124b3, 0x82220200, 
    0xb822210b, 0xc8200782, 0x83820382, 0x00f02225, 0x82082302, 0x82202003, 0x82382003, 0x82502003, 0x20ef8203, 0x21378223, 0x0b829823, 0x23209382, 
    0x23202b82, 0x23247f82, 0x240200f8, 0x24205382, 0x24204782, 0x24219b82, 0x200f8258, 0x8203827c, 0x822420f7, 0xc42421a7, 0xdc200b82, 0x83820382, 
    0x000c2524, 0xd7822502, 0xaf822520, 0x82542521, 0x826c200b, 0x82842003, 0x21a38203, 0x0782b425, 0x0382cc20, 0x0382e420, 0x0200fc24, 0x03821426, 
    0x2620cb82, 0x2621c382, 0x200b825c, 0x20038274, 0x8203828c, 0xbc2621b3, 0xd4200782, 0xe3820382, 0x00042725, 0x821c2702, 0x217b8203, 0x07826427, 
    0x2720fb82, 0x27217782, 0x820b82d0, 0x82282073, 0x8229204b, 0x822920c7, 0x82292047, 0x82292047, 0x82292047, 0x82292047, 0x822920c3, 0x82292043, 
    0x822a20bf, 0x342a253f, 0x4c2a0200, 0x43820382, 0xbf822a20, 0xbf822a20, 0x47822a20, 0xbf822a20, 0xbf822a20, 0x4b822a20, 0xbf822b20, 0xbf822b20, 
    0xbf822b20, 0xbf822b20, 0xbf822b20, 0xbf822b20, 0xbf822b20, 0xbf822b20, 0x00d82b29, 0x00f02b02, 0x82082c02, 0x21738203, 0x0782382c, 0x03825020, 
    0x03826820, 0x03828020, 0x03829820, 0x2c217782, 0x200782c8, 0x820382e0, 0x102d257b, 0x282d0200, 0xbf820382, 0x82582d21, 0x82702007, 0x21c38203, 
    0x0782a02d, 0x0382b820, 0x2d25c782, 0x2e0200e8, 0x20038200, 0x20038218, 0x20038230, 0x20038248, 0x20038260, 0x82038278, 0xc02e217b, 0xe4230782, 
    0x822f0200, 0x2c2f2177, 0x73820782, 0x0b823020, 0x0b823020, 0x0b833020, 0x30207f82, 0x30207f82, 0x30247f82, 0x300200bc, 0x31247b82, 0x31020004, 
    0x31207782, 0x31207782, 0x31207782, 0x31207782, 0x31207782, 0x31207782, 0x31207782, 0x31207782, 0x32207782, 0x32207782, 0x32207782, 0x32207782, 
    0x32207782, 0x32207782, 0x32257782, 0x33020090, 0x8203820c, 0x5c332463, 0x82340200, 0x82342067, 0x82342067, 0x82342067, 0x4435298b, 0xa8350200, 
    0x4c360200, 0x6c200382, 0xa7820382, 0x53823620, 0x77823720, 0x00283724, 0x17823702, 0x73823720, 0x82943721, 0x246f820b, 0x0200dc37, 0x216b8238, 
    0x07822438, 0x38216782, 0x8207827c, 0xc438218b, 0x87820782, 0x6b823920, 0x00303925, 0x82543902, 0x207f8203, 0x204f8239, 0x20f78239, 0x206b8239, 
    0x24eb823a, 0x02002c3a, 0x2183823a, 0x0782743a, 0x3a217782, 0x240782cc, 0x3b0200f0, 0x20038214, 0x82038238, 0x823b2083, 0xb43b21b3, 0xd8200b82, 
    0xfc240382, 0x203c0200, 0xa7820382, 0xb7823c20, 0x828c3c21, 0x82b0200b, 0x204f8203, 0x204f823d, 0x204f823d, 0x244f823d, 0x0200843d, 0x204f823d, 
    0x204f823d, 0x204f823d, 0x204f823e, 0x204f823e, 0x20f3823e, 0x25eb823e, 0x0200a43e, 0x0382c83e, 0x0200ec24, 0x0382103f, 0x03823420, 0x03825820, 
    0x3f21bf82, 0x820782a0, 0x823f20bf, 0x824020bf, 0x824020bf, 0x824020bf, 0x824020bf, 0x824020bf, 0x824020bf, 0x824020bf, 0x8241206f, 0x8241206f, 
    0x8241206f, 0x8241206f, 0x82412037, 0x8241206f, 0x8241201b, 0x824120a7, 0x82422073, 0x82422073, 0x82422073, 0x82422073, 0x984225df, 0xbc420200, 
    0x57820382, 0x00004325, 0x82184302, 0x823c2003, 0x82602003, 0x205b8203, 0x205b8243, 0x203f8243, 0x205b8243, 0x20e78243, 0x203f8244, 0x205f8244, 
    0x20978244, 0x203f8244, 0x28eb8244, 0x0200b844, 0x0200dc44, 0x213f8245, 0x07822445, 0x45211b82, 0x20078270, 0x20038294, 0x200382ac, 0x820382d0, 
    0x8246203b, 0x8246203b, 0x4446253b, 0x68460200, 0x3b820382, 0xf3824620, 0x7f824620, 0x82d44621, 0x00f8230f, 0x3f824702, 0x7f824720, 0xdb824720, 
    0x826c4721, 0x8290200f, 0x251f8203, 0x0200e047, 0x03820448, 0x03822820, 0x03824020, 0x48206382, 0x4820df82, 0x48206382, 0x48216382, 0x821382c4, 
    0x0c4924c3, 0x82490200, 0x48492143, 0xc3820782, 0xc3824920, 0xc3824920, 0x82b44921, 0x82cc200f, 0x20c78203, 0x258b8249, 0x0200204a, 0x0382384a, 
    0x03825c20, 0x03828020, 0x4a218782, 0x230782c8, 0x4b0200ec, 0x4b201b82, 0x4b20a382, 0x4b20a382, 0x4b20a382, 0x4b201b82, 0x4b208382, 0x4b208382, 
    0x4c24a382, 0x4c020010, 0x4c218782, 0x8207824c, 0x884c21e7, 0x83820782, 0xe7824c20, 0x00f44c25, 0x82184d02, 0x20c38203, 0x217f824d, 0x0b82844d, 
    0x0382a820, 0x4d257b82, 0x4e0200f0, 0x8203821c, 0x824e20bf, 0x824e20bf, 0x824e203b, 0xa04e213b, 0xb8201382, 0x3f820382, 0xc3824e20, 0x00084f25, 
    0x822c4f02, 0x20838203, 0x219f824f, 0x0b82744f, 0x4f208782, 0x4f208782, 0x4f218782, 0x820f82d4, 0x825020a7, 0x825020eb, 0x9850244b, 0x82500200, 
    0x82502017, 0x0051249f, 0x82510200, 0x8252205b, 0x8252201b, 0x94522443, 0x82520200, 0xdc52219b, 0x33820782, 0xfb825220, 0xdf825320, 0x5b825320, 
    0x57825320, 0x53825320, 0x00145425, 0x826c5402, 0x007c2303, 0xd7825502, 0x17825520, 0xb3825520, 0x93825520, 0x8b825620, 0x00485624, 0xa7825602, 
    0x67825620, 0x17825620, 0x5b825720, 0x00245724, 0x17825702, 0x82685721, 0x82782007, 0x201f8203, 0x201b8257, 0x243f8258, 0x0200c058, 0x248b8258, 
    0x02005059, 0x25e38259, 0x0200f859, 0x0382185a, 0x5a202382, 0x5b202382, 0x5b256f82, 0x5b020034, 0x82038254, 0x905c25ef, 0xa05c0200, 0x6f820382, 
    0x82d05c21, 0x20138207, 0x20c7825d, 0x2433825d, 0x0200305d, 0x2167825d, 0x0782605d, 0x5d206782, 0x5d202b82, 0x5d204382, 0x5d216382, 0x231382d8, 
    0x5e0200f0, 0x5e20a382, 0x5e21c782, 0x200b82b4, 0x230382cc, 0x5f0200e4, 0x5f206382, 0x5f21d382, 0x820b828c, 0x826020f3, 0x9c60240f, 0x82600200, 
    0x82602023, 0x82612023, 0x8261204b, 0x8262204b, 0x82622023, 0x826320f7, 0x8263208f, 0x046424b3, 0x82640200, 0x82652087, 0x8265206f, 0x82652023, 
    0x82652023, 0x82652033, 0x82662033, 0x8267201f, 0x8267201f, 0x82682013, 0x206924bb, 0x826a0200, 0xc46a29a7, 0x5c6b0200, 0x586c0200, 0x8f820382, 
    0x003c6d24, 0x1f826d02, 0xc7826d20, 0x00946e25, 0x82b06f02, 0x24af8203, 0x0200c870, 0x204b8271, 0x202b8272, 0x2c2b8273, 0x02000c74, 0x02001c74, 
    0x02002475, 0x20c38276, 0x20ef8276, 0x2c078277, 0x02002877, 0x02005077, 0x02004c78, 0x200b8279, 0x20478279, 0x20f3827a, 0x2037827b, 0x20af827b, 
    0x24cf827b, 0x0200ec7c, 0x2007827d, 0x2483827e, 0x0200bc7e, 0x206f827f, 0x2413827f, 0x02001080, 0x20cf8280, 0x200f8281, 0x204b8282, 0x20f78283, 
    0x24938283, 0x02008c84, 0x204f8285, 0x240b8285, 0x0200a087, 0x247f8288, 0x02002c89, 0x203b8289, 0x2047828a, 0x2847828c, 0x0200748d, 0x0200d88e, 
    0x211b828f, 0x0782688f, 0x0200d423, 0x24bb8290, 0x02004891, 0x28138291, 0x0200d091, 0x02006092, 0x20b78293, 0x208f8293, 0x20538294, 0x20338295, 
    0x28a38296, 0x02009896, 0x0200f896, 0x25ef8297, 0x0200e097, 0x03829098, 0x98206782, 0x98204f82, 0x99207382, 0x9920e382, 0x9a29ff82, 0x9b020084, 
    0x9c020040, 0x20038204, 0x820382ac, 0x829d201b, 0x829d20a3, 0x449d248b, 0x829d0200, 0x789d2177, 0x88200782, 0x53820382, 0x67829d20, 0x82cc9d21, 
    0x00dc230b, 0x17829e02, 0x009c9e29, 0x00b89f02, 0x823ca002, 0x00e42303, 0x8382a102, 0xd782a220, 0xa382a320, 0xa382a320, 0xfb82a320, 0x8382a320, 
    0x5b82a320, 0xaf82a320, 0x00e8a324, 0x9782a302, 0x001ca425, 0x8234a402, 0x20638203, 0x216382a4, 0x0b8280a4, 0xa4205f82, 0xa420ff82, 0xa520af82, 
    0xa5208f82, 0xa520c782, 0xa5204b82, 0xa6206782, 0xa6200b82, 0xa7257382, 0xa7020000, 0x20038218, 0x20038230, 0x20038254, 0x8203826c, 0x82a720c3, 
    0x82a82087, 0x82a9204b, 0x10aa2c7f, 0xc4aa0200, 0x64ab0200, 0x82ac0200, 0x82ad20e7, 0x82ad209b, 0x82ad2047, 0x82ad200f, 0x82ad208f, 0x82ad208f, 
    0x82ad208f, 0x82ad206b, 0x82ad206b, 0x82ae208f, 0x82ae2033, 0x38ae2563, 0x50ae0200, 0x93820382, 0x9382ae20, 0x9382ae20, 0x00b0ae25, 0x825caf02, 
    0x82742003, 0x215f8203, 0x0782a4af, 0xb0205f82, 0xb0242382, 0xb10200f0, 0xb120eb82, 0xb2240f82, 0xb2020070, 0xb2215b82, 0x200782b8, 0x230382c8, 
    0xb30200d8, 0xb4202382, 0xb420b382, 0xb5200f82, 0xb5244b82, 0xb60200f4, 0xb7201382, 0xb8200b82, 0xb9240782, 0xba020040, 0xbb257382, 0xbb02001c, 
    0x200382a8, 0x820382c0, 0x82bb2037, 0x08bc2557, 0x20bc0200, 0x1f820382, 0x9382bc20, 0x2f82bc20, 0x9382bc20, 0x000cbd24, 0x2f82bd02, 0x8782be20, 
    0x00b4be25, 0x82ccbe02, 0x00ec2403, 0x8204bf02, 0x82142003, 0x822c2003, 0x20ef8203, 0x20af82bf, 0x21af82bf, 0x0f829cbf, 0xbf212782, 0x200782d4, 
    0x820382e4, 0x82c02083, 0x82c0202b, 0x82c0202b, 0x54c0242b, 0x82c00200, 0xacc02127, 0xbc200782, 0xdc230382, 0x82c10200, 0x82c12063, 0x6cc12143, 
    0x7c200b82, 0x43820382, 0x6782c120, 0x1b83c120, 0xc1246b82, 0xc20200fc, 0xc2202382, 0xc3253382, 0xc3020064, 0x240385d0, 0x020030c4, 0x250f82c4, 
    0x020018c6, 0x038260c6, 0xc720e782, 0xc724c782, 0xc7020028, 0xc724c782, 0xc8020058, 0xc8209782, 0xc9204782, 0xc920fb82, 0xca242382, 0xca020034, 
    0xca201782, 0xcb249f82, 0xcb02003c, 0xcb206782, 0xcb20a782, 0xcc20a782, 0xcc20a782, 0xcd20f782, 0xcd204382, 0xcd20a382, 0xcd208782, 0xce202782, 
    0xcf209382, 0xcf245382, 0xd00200d8, 0xd0207382, 0xd020a782, 0xd1208b82, 0xd1202f82, 0xd1201b82, 0xd2208f82, 0xd2249f82, 0xd20200a0, 0xe0240b83, 
    0x00d30200, 0xeb820382, 0x00b8d324, 0x1b82d402, 0x8248d421, 0x00842407, 0x8214d502, 0x21838203, 0x078244d5, 0xd6208f82, 0xd6204382, 0xd620a382, 
    0xd7208382, 0xd7242f82, 0xd80200c8, 0xd824ab82, 0xd90200b4, 0xd9242382, 0xda0200bc, 0xda213f82, 0x8207825c, 0x82db204b, 0x70db243f, 0x82db0200, 
    0x1cdc287f, 0xa4dc0200, 0x82dd0200, 0x82dd201b, 0x82df2077, 0x82df2037, 0x80e0247b, 0x82e10200, 0x82e22023, 0x90e2251f, 0x2ce30200, 0xc0270382, 
    0x98e40200, 0x82e50200, 0x82e62003, 0x82e62027, 0x82e7206f, 0x82e8206f, 0x82e8205b, 0x82e820cf, 0x82e920db, 0xf0e924a3, 0x82eb0200, 0x20ec24ff, 
    0x82ed0200, 0xcced283f, 0x9cee0200, 0x82ef0200, 0x82f0201f, 0x82f12043, 0x64f124ff, 0x82f10200, 0x82f2209f, 0xb0f2241f, 0x82f30200, 0x82f32093, 
    0x4cf42427, 0x82f50200, 0x82f5208b, 0x82f620c3, 0x82f72073, 0x82f820bf, 0xecfa2823, 0xe8fb0200, 0x82fc0200, 0xf8fc24ff, 0x82fd0200, 0x82fd20ff, 
    0x82fd2073, 0x82ff206b, 0x58ff2523, 0x78ff0200, 0xdc240382, 0x40000300, 0xac240382, 0x50010300, 0xfc2c0382, 0xa4020300, 0x58030300, 0x1c040300, 
    0xe4240382, 0x84050300, 0x94240382, 0x78060300, 0xb4200382, 0xf8240382, 0x08070300, 0x90200382, 0xe8240382, 0x34080300, 0x88200382, 0xf4280382, 
    0x8c090300, 0x000a0300, 0x4c200382, 0x98200382, 0x3f820382, 0x27820b20, 0x2f820c20, 0x00280c25, 0x82680c03, 0x00a82403, 0x82240d03, 0x82442003, 
    0x82742003, 0x2c238203, 0x0300e00e, 0x0300c00f, 0x0300d010, 0x21238211, 0x0782b011, 0x0f820383, 0x5f821220, 0x00ec1224, 0x3f821303, 0x823c1321, 
    0x21a78207, 0x07826c13, 0x0382d820, 0x14247382, 0x15030054, 0x15214f82, 0x2407829c, 0x160300bc, 0x82038230, 0x82162057, 0x821720b3, 0x82172033, 
    0x82182007, 0x82182037, 0x8218209b, 0x8219202f, 0x8219204f, 0x181a291f, 0xf01a0300, 0xb81b0300, 0x7f820382, 0x57821c20, 0x83821c20, 0x00101d25, 
    0x82701d03, 0x00d42303, 0x37821e03, 0x87821e20, 0xd3821f20, 0x007c1f24, 0x07822003, 0x63822020, 0x97822120, 0x00802228, 0x00c42303, 0x9b822403, 
    0x63822520, 0x6b822620, 0x03832720, 0x28203782, 0x29240382, 0x2a030078, 0x2a203f82, 0x2c205f82, 0x2c24ff82, 0x2d0300f8, 0x2e242b82, 0x2e03000c, 
    0x2f281b82, 0x2f030088, 0x300300a8, 0x30213382, 0x82078298, 0x82302027, 0x823020d3, 0x82312023, 0x82312067, 0x60312487, 0x82310300, 0xdc31246f, 
    0x82320300, 0x823220af, 0xcc322497, 0x82330300, 0x8233200b, 0x6c342497, 0x82340300, 0x823420d7, 0x8234208f, 0x543525cb, 0x64350300, 0x57820382, 
    0x00903624, 0x47823703, 0x82243721, 0x21478207, 0x07829c37, 0x38252782, 0x38030014, 0x82038258, 0x823920b3, 0x8239201f, 0x823920a3, 0x8239207b, 
    0x823a2063, 0x483a252b, 0x843a0300, 0xe4230382, 0x823b0300, 0xa03b21e3, 0xe7820782, 0x00303c28, 0x00c83c03, 0x5f823d03, 0x1b823d20, 0x00a43e25, 
    0x82383f03, 0x20af8203, 0x25d38240, 0x03002c40, 0x03824c40, 0x03825c20, 0x03827c20, 0x40209782, 0x4120f382, 0x4120e782, 0x4324b382, 0x43030008, 
    0x43213382, 0x820782b4, 0xd443214f, 0x47820782, 0x00f44325, 0x82044403, 0x20978203, 0x207f8244, 0x20ab8244, 0x208b8244, 0x20e38245, 0x204f8245, 
    0x299b8245, 0x03004046, 0x0300bc46, 0x03822847, 0x4825c782, 0x4803001c, 0x82038278, 0x8249205f, 0x82492037, 0x82492017, 0x824920b7, 0x824a204b, 
    0x984a2417, 0x824a0300, 0xd84a2437, 0x824b0300, 0x104c2443, 0x824c0300, 0x444c21bf, 0x8f820782, 0x1f824c20, 0x1f824c20, 0x97824c20, 0xbf824c20, 
    0x00584d24, 0x5f824d03, 0x7f824e20, 0xf3824e20, 0x00944e25, 0x82b04e03, 0x82d02003, 0x00f02303, 0x3f824f03, 0x826c4f21, 0x21d38207, 0x0782ac4f, 
    0x50253782, 0x50030070, 0x82038290, 0x82502027, 0x82512027, 0x685124ff, 0x82510300, 0xa8522c93, 0xc8520300, 0x78530300, 0x82540300, 0x0055249b, 
    0x82550300, 0x82552043, 0x0c5624ff, 0x82560300, 0x845621ab, 0xc0230782, 0x82570300, 0x3c5721cb, 0xb4230782, 0x82580300, 0x82582043, 0x825820af, 
    0x825920b7, 0x385925d7, 0x5c590300, 0xd4230382, 0x825a0300, 0x825b206f, 0x825b202b, 0x825c2033, 0x825d2073, 0x825d201b, 0xe05e2463, 0x825f0300, 
    0x825f20cb, 0x826020fb, 0x74602413, 0x82600300, 0x8260205b, 0xb4603d6b, 0x00000100, 0x8400550b, 0x67000a00, 0x02000700, 0x93005200, 0x00008d00, 
    0x0c0e0301, 0x1d820f82, 0x0123002d, 0x000300aa, 0x00090401, 0x82500000, 0x200b8503, 0x20318201, 0x24178650, 0x000c0002, 0x240b865a, 0x004a0003, 
    0x230b8666, 0x00180004, 0x3b848982, 0x36000523, 0x848d8200, 0x8206200b, 0x86fe2017, 0x00072423, 0x86160154, 0x0008240b, 0x866a0108, 0x0009240b, 
    0x86720120, 0x820b200b, 0x8692200b, 0x820c200b, 0x86b2200b, 0x010d240b, 0x86d20120, 0x000e240b, 0x85f20234, 0x22b4820b, 0x86260316, 0x0001240b, 
    0x863c031c, 0x0002240b, 0x8658032a, 0x0003240b, 0x86820340, 0x0004240b, 0x86c20324, 0x8205200b, 0x86e6200b, 0x0006240b, 0x860a0424, 0x0007240b, 
    0x862e041a, 0x8208200b, 0x8648200b, 0x0009240b, 0x86620412, 0x000a240b, 0x86740410, 0x820b200b, 0x86842017, 0x000c240b, 0x8696042c, 0x000d230b, 
    0x6b870418, 0x22000e24, 0x1786da04, 0x2e000f24, 0x0b86fc04, 0x1c001024, 0x0b862a05, 0x26001124, 0x0b864605, 0x12001224, 0x0b866c05, 0x0b821320, 
    0x0b867e20, 0x00142008, 0x00900532, 0x006f0043, 0x00790070, 0x00690072, 0x00680067, 0x00200074, 0x00300032, 0x82360031, 0x82542009, 0x82652011, 
    0x00492207, 0x2019826e, 0x22258265, 0x82500020, 0x006f2605, 0x0065006a, 0x24138263, 0x00410020, 0x20078275, 0x23478268, 0x00730072, 0x49202989, 
    0x61221582, 0x57826c00, 0x34006324, 0x53822e00, 0x3b205583, 0x69206582, 0x2d221982, 0x67823900, 0x67823220, 0x49826220, 0x6400652c, 0x3b003300, 
    0x53005200, 0x03824d00, 0x478a3b20, 0x0b822d20, 0x87007421, 0x205f8949, 0x20178c20, 0x83458256, 0x8269207f, 0x826e2087, 0x8971a5b1, 0x2065994d, 
    0x20678255, 0x207f8220, 0x83a3826e, 0x09094173, 0xef826920, 0x20201983, 0x7220cf82, 0x64202182, 0x6d208382, 0x72220782, 0x81826b00, 0x66006f22, 
    0x72200582, 0x6d202382, 0x2e210382, 0x20098700, 0x24218252, 0x006d0073, 0x213d8475, 0x57830041, 0x1d846520, 0xbb847320, 0x4d826820, 0x70007422, 
    0x3a221d82, 0x01822f00, 0x6d204189, 0x2f215f82, 0x201f9f00, 0x85218254, 0x84462099, 0x8274204f, 0x82532085, 0x82662009, 0x84772057, 0x8265209d, 
    0x41218511, 0x6520059d, 0x73208382, 0x64205b82, 0x75201782, 0xd5838f88, 0x15826820, 0x53002026, 0x4c004900, 0x4f201b82, 0x2b839582, 0x89002021, 
    0x004c2459, 0x82630069, 0x826e2025, 0x006522af, 0x4125822c, 0x31230f89, 0x83002e00, 0x00202103, 0x778d9989, 0x43822020, 0x39827320, 0x76006122, 
    0x69229f82, 0x05826c00, 0x05826220, 0x7722a783, 0xb7826900, 0x1d846820, 0x41227783, 0x0b845100, 0x3a007422, 0x0b410782, 0x05294107, 0x89827320, 
    0x69007224, 0x31827000, 0x75827320, 0x0b827320, 0x07826c20, 0x72006f28, 0x2f006700, 0xb7824f00, 0x3f414c20, 0x8933ab08, 0x826420f9, 0x84672053, 
    0x00732293, 0x24b78444, 0x006d0061, 0x20158462, 0x20b78275, 0x27098274, 0x006e006f, 0x006f0052, 0x22054b41, 0x82710020, 0x826f2009, 0x00652193, 
    0x2620e583, 0x6320b782, 0x6d201d82, 0x61203782, 0x459b1182, 0x28002022, 0x6f204b82, 0x73223182, 0x5d826c00, 0xbd827320, 0x64006522, 0x7a220f82, 
    0xd5826500, 0x29006f24, 0x71824300, 0xf9827220, 0x11826c20, 0x63201983, 0x61202382, 0x61201b82, 0x74201382, 0x73222584, 0x83845300, 0x3d851583, 
    0x2022239f, 0xb3827000, 0x41846e20, 0x478bd58b, 0x4120d78d, 0x6d859f82, 0xa7826e20, 0x20200983, 0x6e20e382, 0x3b417f82, 0x82662009, 0x82752011, 
    0x20118999, 0x21bb8273, 0x0f890078, 0x0f826e20, 0x4c203383, 0x77202982, 0x72223b82, 0x83822d00, 0x73006122, 0x20220b82, 0xf7824c00, 0x20090f42, 
    0x20678274, 0x20758269, 0x20338253, 0x20af826d, 0x2007826c, 0x85038266, 0x007521e1, 0x73209193, 0x20061b41, 0x22498270, 0x82550073, 0x90702035, 
    0x8c692065, 0x20798365, 0x20598472, 0x226b8246, 0x82740061, 0x82742091, 0x2041839d, 0x204d8274, 0x223f8272, 0x82430065, 0x8270208b, 0x05a74425, 
    0x47002022, 0x7021438e, 0x20f78300, 0x83378243, 0x059941a9, 0x66002022, 0x6f213782, 0x20118b00, 0x20b59474, 0x8b5d8e63, 0x00532dc5, 0xff000002, 
    0xfe9a99f6, 0x008c00a4, 0x0b210092, 0x07148255, 0x0001b216, 0x00620024, 0x00ad00ae, 0x00c700c9, 0x01020163, 0x01040103, 0x01060105, 0x01080107, 
    0x010a0109, 0x010c010b, 0x010e010d, 0x0110010f, 0x01120111, 0x01140113, 0x01160115, 0x01180117, 0x011a0119, 0x011c011b, 0x011e011d, 0x0120011f, 
    0x01220121, 0x01240123, 0x01260125, 0x01280127, 0x012a0129, 0x012c012b, 0x012e012d, 0x0130012f, 0x01320131, 0x01340133, 0x01900035, 0x01370136, 
    0x01250038, 0x013a0139, 0x013c013b, 0x013e013d, 0x0126003f, 0x00640040, 0x014101fd, 0x01ff0042, 0x01440143, 0x00460145, 0x01470127, 0x01490148, 
    0x014b014a, 0x014d014c, 0x014f014e, 0x00280050, 0x006500cb, 0x01ca00c8, 0x01520151, 0x01540153, 0x01560155, 0x01580157, 0x015a0159, 0x015c015b, 
    0x015e015d, 0x0160015f, 0x01620161, 0x01640163, 0x01660165, 0x01680167, 0x016a0169, 0x016c016b, 0x016e016d, 0x0170016f, 0x01720171, 0x01740173, 
    0x01290075, 0x01770176, 0x012a0078, 0x017a0179, 0x01f8007b, 0x017d017c, 0x017f017e, 0x01810180, 0x01830182, 0x01850184, 0x01870186, 0x01890188, 
    0x012b008a, 0x018c018b, 0x018e018d, 0x0190018f, 0x01920191, 0x01940193, 0x01960195, 0x01980197, 0x019a0199, 0x019c019b, 0x019e019d, 0x01a0019f, 
    0x01a201a1, 0x01a401a3, 0x01a601a5, 0x01a801a7, 0x01aa01a9, 0x01ac01ab, 0x012c00ad, 0x01ce00ae, 0x01b001af, 0x00cf00b1, 0x01cd00cc, 0x01b301b2, 
    0x00b501b4, 0x01b601fa, 0x01b801b7, 0x01ba01b9, 0x01bc01bb, 0x01be01bd, 0x01c001bf, 0x01c201c1, 0x01c401c3, 0x01c601c5, 0x01c801c7, 0x01ca01c9, 
    0x01cc01cb, 0x01ce01cd, 0x01d001cf, 0x01d201d1, 0x01d401d3, 0x01d601d5, 0x01d801d7, 0x01da01d9, 0x01dc01db, 0x01de01dd, 0x01e001df, 0x01e201e1, 
    0x01e401e3, 0x01e601e5, 0x01e801e7, 0x01ea01e9, 0x00ec01eb, 0x01ed012d, 0x01ef01ee, 0x012e00f0, 0x01f201f1, 0x01f401f3, 0x01f601f5, 0x01f801f7, 
    0x012f00f9, 0x01fb01fa, 0x01fd01fc, 0x02ff01fe, 0x02e20000, 0x00020201, 0x02030230, 0x02050204, 0x02070206, 0x00090208, 0x02660031, 0x020b020a, 
    0x020d020c, 0x020f020e, 0x02110210, 0x02130212, 0x02150214, 0x02170216, 0x02190218, 0x021b021a, 0x0032001c, 0x00af0067, 0x001d0291, 0x00d000d3, 
    0x021e02d1, 0x0220021f, 0x02220221, 0x02240223, 0x02260225, 0x02280227, 0x022a0229, 0x022c022b, 0x022e022d, 0x0230022f, 0x02320231, 0x02340233, 
    0x02360235, 0x02380237, 0x023a0239, 0x023c023b, 0x023e023d, 0x0240023f, 0x02420241, 0x02440243, 0x02460245, 0x02480247, 0x004a0249, 0x023300b0, 
    0x024c024b, 0x024e024d, 0x0050024f, 0x00510234, 0x02520235, 0x02540253, 0x02560255, 0x02580257, 0x025a0259, 0x025c025b, 0x0236005d, 0x005f025e, 
    0x02e400fb, 0x02610260, 0x02630262, 0x02650264, 0x02670266, 0x02370068, 0x026a0269, 0x026c026b, 0x026e026d, 0x0270026f, 0x02720271, 0x00740273, 
    0x00750238, 0x00d400d6, 0x026800d5, 0x02770276, 0x02790278, 0x027b027a, 0x027d027c, 0x027f027e, 0x02810280, 0x02830282, 0x02850284, 0x02870286, 
    0x02890288, 0x028b028a, 0x028d028c, 0x008f028e, 0x02900239, 0x023a0091, 0x02930292, 0x02950294, 0x00970296, 0x0298023b, 0x029a0299, 0x009c029b, 
    0x009d023c, 0x009e02eb, 0x029f02bb, 0x02a102a0, 0x02a302a2, 0x02a502a4, 0x02a702a6, 0x02a902a8, 0x02ab02aa, 0x02ad02ac, 0x02af02ae, 0x00b102b0, 
    0x02b2023d, 0x02e600b3, 0x02b502b4, 0x02b702b6, 0x02b902b8, 0x004400ba, 0x02bb0269, 0x02bd02bc, 0x02bf02be, 0x00c102c0, 0x02c2026b, 0x02c402c3, 
    0x02c602c5, 0x026c00c7, 0x02c902c8, 0x00cb02ca, 0x02cc026a, 0x02ce02cd, 0x00d002cf, 0x02d1026e, 0x00d302d2, 0x02d4026d, 0x02d602d5, 0x02a000d7, 
    0x02d902d8, 0x024500da, 0x02dc02db, 0x02de02dd, 0x00e002df, 0x024600ee, 0x00e202e1, 0x02fe006f, 0x01e402e3, 0x02e50200, 0x00e702e6, 0x02010147, 
    0x02e902e8, 0x02eb02ea, 0x02ed02ec, 0x02ef02ee, 0x02f102f0, 0x02f302f2, 0x02f502f4, 0x004800f6, 0x00f70273, 0x00700071, 0x02f80272, 0x02fa02f9, 
    0x02fc02fb, 0x02fe02fd, 0x030003ff, 0x03020301, 0x03040303, 0x03060305, 0x03080307, 0x030a0309, 0x030c030b, 0x030e030d, 0x0310030f, 0x00120311, 
    0x03130349, 0x03150314, 0x03170316, 0x03190318, 0x031b031a, 0x034a001c, 0x031e031d, 0x03f9001f, 0x03210320, 0x03230322, 0x03250324, 0x034b0026, 
    0x03280327, 0x032a0329, 0x032c032b, 0x032e032d, 0x0330032f, 0x03320331, 0x03340333, 0x03360335, 0x00380337, 0x03d7004c, 0x03770039, 0x033b033a, 
    0x033d033c, 0x0075003e, 0x03760074, 0x0340033f, 0x03420341, 0x03440343, 0x03460345, 0x03480347, 0x034a0349, 0x034c034b, 0x034e034d, 0x0050034f, 
    0x0351034d, 0x03530352, 0x03550354, 0x00570356, 0x0358034e, 0x035a0359, 0x035c035b, 0x035e035d, 0x004f005f, 0x036003e3, 0x03620361, 0x03640363, 
    0x03660365, 0x03680367, 0x036a0369, 0x036c036b, 0x036e036d, 0x0370036f, 0x03720371, 0x03740373, 0x03760375, 0x03780377, 0x037a0379, 0x0350007b, 
    0x037d037c, 0x037f037e, 0x00810380, 0x03780051, 0x03830382, 0x03850384, 0x03870386, 0x03890388, 0x038b038a, 0x038d038c, 0x038f038e, 0x00520090, 
    0x007d007c, 0x009103a1, 0x0079007a, 0x0392037b, 0x03940393, 0x03960395, 0x03980397, 0x039a0399, 0x039c039b, 0x039e039d, 0x03a0039f, 0x03a203a1, 
    0x03a403a3, 0x03a603a5, 0x03a803a7, 0x03aa03a9, 0x03ac03ab, 0x03ae03ad, 0x03b003af, 0x03b203b1, 0x03b403b3, 0x03b603b5, 0x03b803b7, 0x03ba03b9, 
    0x03b100bb, 0x00bd03bc, 0x03be0353, 0x03c003bf, 0x00c203c1, 0x03c30354, 0x035500c4, 0x03c603c5, 0x03c803c7, 0x03ca03c9, 0x03cc03cb, 0x03ce03cd, 
    0x03d003cf, 0x03d203d1, 0x03d403d3, 0x00d603d5, 0x03d70356, 0x03d903d8, 0x00fc00da, 0x03db03e5, 0x03dd03dc, 0x03df03de, 0x03e103e0, 0x038900e2, 
    0x00e403e3, 0x03e50357, 0x03e703e6, 0x03e903e8, 0x03eb03ea, 0x03ed03ec, 0x03ef03ee, 0x03f103f0, 0x03f303f2, 0x03f503f4, 0x03f703f6, 0x03f903f8, 
    0x03fb03fa, 0x00fd03fc, 0x03810058, 0x04ff03fe, 0x00010400, 0x007e007f, 0x04020480, 0x04040403, 0x04060405, 0x04080407, 0x040a0409, 0x040c040b, 
    0x040e040d, 0x0410040f, 0x04120411, 0x04140413, 0x04160415, 0x04180417, 0x041a0419, 0x041c041b, 0x041e041d, 0x0420041f, 0x04220421, 0x04240423, 
    0x04260425, 0x04280427, 0x042a0429, 0x042c042b, 0x042e042d, 0x0430042f, 0x04320431, 0x04340433, 0x04360435, 0x04380437, 0x04590039, 0x043b043a, 
    0x045a003c, 0x043e043d, 0x0440043f, 0x04420441, 0x00440443, 0x0445045b, 0x04470446, 0x005c0048, 0x044904ba, 0x04ec004a, 0x044c044b, 0x044e044d, 
    0x0450044f, 0x04520451, 0x04540453, 0x04560455, 0x04580457, 0x045a0459, 0x045c045b, 0x045d005d, 0x045f045e, 0x04610460, 0x00630462, 0x046404e7, 
    0x00660465, 0x046704ed, 0x04690468, 0x046b046a, 0x046d046c, 0x046f046e, 0x04710470, 0x04730472, 0x04750474, 0x04770476, 0x04790478, 0x047b047a, 
    0x047d047c, 0x047f047e, 0x04810480, 0x04830482, 0x04850484, 0x04870486, 0x04890488, 0x048b048a, 0x048d048c, 0x048f048e, 0x04910490, 0x04930492, 
    0x04950494, 0x04970496, 0x04990498, 0x049b049a, 0x049d049c, 0x049f049e, 0x04a104a0, 0x04a304a2, 0x04a504a4, 0x04a704a6, 0x04a904a8, 0x04ab04aa, 
    0x04ad04ac, 0x04af04ae, 0x00b104b0, 0x04b204ea, 0x04b404b3, 0x04b604b5, 0x04b804b7, 0x04ba04b9, 0x04bc04bb, 0x04be04bd, 0x04c004bf, 0x04c204c1, 
    0x04c404c3, 0x04c604c5, 0x04c804c7, 0x04ca04c9, 0x04cc04cb, 0x04ce04cd, 0x04d004cf, 0x04d204d1, 0x04d404d3, 0x04d604d5, 0x04d804d7, 0x04da04d9, 
    0x04dc04db, 0x04de04dd, 0x04e004df, 0x04e204e1, 0x04e404e3, 0x04e604e5, 0x04e804e7, 0x04ea04e9, 0x04ec04eb, 0x04ee04ed, 0x04f004ef, 0x04f204f1, 
    0x04f404f3, 0x04f604f5, 0x04f804f7, 0x04fa04f9, 0x04fc04fb, 0x04fe04fd, 0x050005ff, 0x05020501, 0x05040503, 0x05060505, 0x05080507, 0x000a0509, 
    0x050b059b, 0x050d050c, 0x050f050e, 0x05110510, 0x05130512, 0x05150514, 0x05170516, 0x05190518, 0x051b051a, 0x051d051c, 0x051f051e, 0x05210520, 
    0x05230522, 0x05250524, 0x05270526, 0x05290528, 0x052b052a, 0x052d052c, 0x052f052e, 0x05310530, 0x05330532, 0x05350534, 0x05370536, 0x05390538, 
    0x053b053a, 0x053d053c, 0x053f053e, 0x05410540, 0x05430542, 0x05450544, 0x05470546, 0x05490548, 0x054b054a, 0x054d054c, 0x054f054e, 0x05510550, 
    0x05530552, 0x05550554, 0x05570556, 0x05590558, 0x055b055a, 0x055d055c, 0x055f055e, 0x05610560, 0x05630562, 0x05650564, 0x05670566, 0x05690568, 
    0x056b056a, 0x056d056c, 0x056f056e, 0x05710570, 0x05730572, 0x05750574, 0x00770576, 0x00840007, 0x00850096, 0x057805a6, 0x057a0579, 0x057c057b, 
    0x057e057d, 0x0580057f, 0x05820581, 0x05840583, 0x05860585, 0x05880587, 0x058a0589, 0x058c058b, 0x058e058d, 0x05f7008f, 0x00910590, 0x00140013, 
    0x00920515, 0x00170016, 0x00930518, 0x001a0019, 0x051c001b, 0x05950594, 0x05970596, 0x05990598, 0x059b059a, 0x059d059c, 0x059f059e, 0x05a105a0, 
    0x05a305a2, 0x05a505a4, 0x05a705a6, 0x05a905a8, 0x05ab05aa, 0x05ad05ac, 0x05af05ae, 0x05b105b0, 0x05b305b2, 0x05b505b4, 0x05b705b6, 0x05b905b8, 
    0x05bb05ba, 0x05bd05bc, 0x05bf05be, 0x05c105c0, 0x05c305c2, 0x05c505c4, 0x05c705c6, 0x05c905c8, 0x05cb05ca, 0x05cd05cc, 0x05cf05ce, 0x05d105d0, 
    0x05d305d2, 0x05d505d4, 0x05d705d6, 0x05d905d8, 0x00db05da, 0x00dc0509, 0x00dd0504, 0x00de05a3, 0x05df0522, 0x05a200e0, 0x00e205e1, 0x000c000b, 
    0x00e3053e, 0x00e40540, 0x0060005e, 0x05e50523, 0x05e705e6, 0x05e905e8, 0x00eb05ea, 0x00bd0006, 0x005f0012, 0x003f00e8, 0x05b20010, 0x05b300ec, 
    0x058700ed, 0x05ef05ee, 0x05f105f0, 0x05f305f2, 0x05f505f4, 0x05f705f6, 0x05f905f8, 0x05fb05fa, 0x05fd05fc, 0x00b600fe, 0x000a00b7, 0x00b40005, 
    0x00c500b5, 0x06ff05c4, 0x06010600, 0x06030602, 0x06050604, 0x06070606, 0x00090608, 0x0011000f, 0x000a06ab, 0x060b061d, 0x001e000c, 0x060d06c3, 
    0x00be000e, 0x00a900bf, 0x001f00aa, 0x00940021, 0x00200095, 0x000e008f, 0x00f000ef, 0x009300b8, 0x066100a7, 0x0610060f, 0x06120611, 0x06140613, 
    0x06160615, 0x06180617, 0x061a0619, 0x00a4001b, 0x00820042, 0x004100c2, 0x001c060d, 0x068b008a, 0x001e061d, 0x061f068c, 0x06210620, 0x00230622, 
    0x009d0083, 0x0624069e, 0x06880025, 0x00860026, 0x00980092, 0x009a0099, 0x06a5009c, 0x06b90027, 0x06290628, 0x062b062a, 0x062d062c, 0x062f062e, 
    0x06310630, 0x06330632, 0x06350634, 0x06370636, 0x06390638, 0x063b063a, 0x063d063c, 0x063f063e, 0x06410640, 0x06430642, 0x06450644, 0x06470646, 
    0x06490648, 0x064b064a, 0x064d064c, 0x064f064e, 0x06510650, 0x06530652, 0x06550654, 0x06570656, 0x06590658, 0x065b065a, 0x065d065c, 0x065f065e, 
    0x06610660, 0x06630662, 0x06650664, 0x06670666, 0x06690668, 0x066b066a, 0x066d066c, 0x066f066e, 0x06710670, 0x06730672, 0x06750674, 0x06770676, 
    0x06790678, 0x067b067a, 0x067d067c, 0x067f067e, 0x06810680, 0x06830682, 0x06850684, 0x06870686, 0x00890688, 0x068a06bc, 0x068c068b, 0x068e068d, 
    0x0690068f, 0x06920691, 0x06940693, 0x06960695, 0x06980697, 0x069a0699, 0x069c069b, 0x069e069d, 0x06a0069f, 0x06a206a1, 0x06a406a3, 0x06a606a5, 
    0x06a806a7, 0x06aa06a9, 0x06ac06ab, 0x06ae06ad, 0x06b006af, 0x06b206b1, 0x06b406b3, 0x06b606b5, 0x06b806b7, 0x06ba06b9, 0x00bc06bb, 0x06bd06f4, 
    0x00bf06be, 0x06f600f5, 0x06c106c0, 0x06c306c2, 0x06c506c4, 0x06c706c6, 0x06c906c8, 0x06cb06ca, 0x000800cc, 0x06cd06c6, 0x06cf06ce, 0x06d106d0, 
    0x008d00d2, 0x064300df, 0x068e00d3, 0x00d800d4, 0x00da00d9, 0x00d506db, 0x00dd00dc, 0x00d606e1, 0x06e000de, 0x06d806d7, 0x06da06d9, 0x06dc06db, 
    0x00de06dd, 0x06df0603, 0x06e106e0, 0x06e306e2, 0x06e506e4, 0x06e706e6, 0x06e906e8, 0x06eb06ea, 0x06ed06ec, 0x06ef06ee, 0x06f106f0, 0x06f306f2, 
    0x06f506f4, 0x06f706f6, 0x06f906f8, 0x06fb06fa, 0x06fd06fc, 0x07ff06fe, 0x07010700, 0x07030702, 0x07050704, 0x07070706, 0x07090708, 0x070b070a, 
    0x070d070c, 0x070f070e, 0x07110710, 0x07130712, 0x07150714, 0x07170716, 0x07190718, 0x071b071a, 0x071d071c, 0x071f071e, 0x07210720, 0x07230722, 
    0x07250724, 0x07270726, 0x07290728, 0x072b072a, 0x072d072c, 0x072f072e, 0x07310730, 0x07330732, 0x07350734, 0x07370736, 0x07390738, 0x073b073a, 
    0x073d073c, 0x073f073e, 0x07410740, 0x07430742, 0x07450744, 0x07470746, 0x07490748, 0x074b074a, 0x074d074c, 0x074f074e, 0x07510750, 0x07530752, 
    0x07550754, 0x07570756, 0x07590758, 0x075b075a, 0x075d075c, 0x075f075e, 0x07610760, 0x07630762, 0x07650764, 0x07670766, 0x07690768, 0x076b076a, 
    0x076d076c, 0x076f076e, 0x07710770, 0x07730772, 0x07750774, 0x07770776, 0x07790778, 0x077b077a, 0x077d077c, 0x077f077e, 0x07810780, 0x07830782, 
    0x07850784, 0x07870786, 0x07890788, 0x078b078a, 0x078d078c, 0x078f078e, 0x07910790, 0x07930792, 0x07950794, 0x07970796, 0x07990798, 0x079b079a, 
    0x079d079c, 0x079f079e, 0x07a107a0, 0x07a307a2, 0x07a507a4, 0x07a707a6, 0x07a907a8, 0x07ab07aa, 0x07ad07ac, 0x07af07ae, 0x07b107b0, 0x07b307b2, 
    0x07b507b4, 0x07b707b6, 0x07b907b8, 0x07bb07ba, 0x07bd07bc, 0x07bf07be, 0x07c107c0, 0x07c307c2, 0x07c507c4, 0x07c707c6, 0x07c907c8, 0x07cb07ca, 
    0x07cd07cc, 0x07cf07ce, 0x07d107d0, 0x07d307d2, 0x07d507d4, 0x07d707d6, 0x07d907d8, 0x07db07da, 0x07dd07dc, 0x07df07de, 0x07e107e0, 0x07e307e2, 
    0x07e507e4, 0x07e707e6, 0x07e907e8, 0x07eb07ea, 0x07ed07ec, 0x07ef07ee, 0x07f107f0, 0x07f307f2, 0x07f507f4, 0x07f707f6, 0x07f907f8, 0x07fb07fa, 
    0x07fd07fc, 0x08ff07fe, 0x08010800, 0x08030802, 0x08050804, 0x08070806, 0x08090808, 0x080b080a, 0x080d080c, 0x080f080e, 0x08110810, 0x08130812, 
    0x08150814, 0x08170816, 0x08190818, 0x081b081a, 0x081d081c, 0x081f081e, 0x08210820, 0x08230822, 0x08250824, 0x08270826, 0x08290828, 0x082b082a, 
    0x082d082c, 0x082f082e, 0x08310830, 0x08330832, 0x08350834, 0x08370836, 0x08390838, 0x083b083a, 0x083d083c, 0x083f083e, 0x08410840, 0x08430842, 
    0x08450844, 0x08470846, 0x08490848, 0x084b084a, 0x084d084c, 0x084f084e, 0x08510850, 0x08530852, 0x08550854, 0x08570856, 0x08590858, 0x085b085a, 
    0x085d085c, 0x085f085e, 0x08610860, 0x08630862, 0x08650864, 0x08670866, 0x08690868, 0x086b086a, 0x086d086c, 0x086f086e, 0x08710870, 0x08730872, 
    0x08750874, 0x08770876, 0x08790878, 0x087b087a, 0x087d087c, 0x087f087e, 0x08810880, 0x08830882, 0x08850884, 0x08870886, 0x08890888, 0x088b088a, 
    0x088d088c, 0x088f088e, 0x08910890, 0x08930892, 0x08950894, 0x08970896, 0x08990898, 0x089b089a, 0x089d089c, 0x089f089e, 0x08a108a0, 0x08a308a2, 
    0x08a508a4, 0x08a708a6, 0x08a908a8, 0x08ab08aa, 0x08ad08ac, 0x08af08ae, 0x08b108b0, 0x08b308b2, 0x08b508b4, 0x08b708b6, 0x08b908b8, 0x08bb08ba, 
    0x08bd08bc, 0x08bf08be, 0x08c108c0, 0x08c308c2, 0x08c508c4, 0x08c708c6, 0x08c908c8, 0x08cb08ca, 0x08cd08cc, 0x08cf08ce, 0x08d108d0, 0x08d308d2, 
    0x08d508d4, 0x08d708d6, 0x08d908d8, 0x08db08da, 0x08dd08dc, 0x08df08de, 0x08e108e0, 0x08e308e2, 0x08e508e4, 0x08e708e6, 0x08e908e8, 0x08eb08ea, 
    0x08ed08ec, 0x08ef08ee, 0x08f108f0, 0x08f308f2, 0x08f508f4, 0x08f708f6, 0x08f908f8, 0x08fb08fa, 0x08fd08fc, 0x09ff08fe, 0x09010900, 0x09e90002, 
    0x09040903, 0x09060905, 0x09080907, 0x090a0909, 0x090c090b, 0x090e090d, 0x0910090f, 0x09120911, 0x09140913, 0x09160915, 0x09180917, 0x091a0919, 
    0x091c091b, 0x091e091d, 0x0920091f, 0x09220921, 0x09240923, 0x09260925, 0x09280927, 0x092a0929, 0x092c092b, 0x092e092d, 0x0930092f, 0x09320931, 
    0x09340933, 0x09360935, 0x09380937, 0x093a0939, 0x093c093b, 0x093e093d, 0x0940093f, 0x09420941, 0x09440943, 0x09460945, 0x09480947, 0x094a0949, 
    0x094c094b, 0x094e094d, 0x0950094f, 0x09520951, 0x09540953, 0x09560955, 0x09580957, 0x095a0959, 0x095c095b, 0x095e095d, 0x0960095f, 0x09620961, 
    0x09640963, 0x09660965, 0x09680967, 0x096a0969, 0x096c096b, 0x096e096d, 0x0970096f, 0x09720971, 0x09740973, 0x09760975, 0x09780977, 0x097a0979, 
    0x097c097b, 0x097e097d, 0x0980097f, 0x09820981, 0x09840983, 0x09860985, 0x09880987, 0x098a0989, 0x098c098b, 0x098e098d, 0x0990098f, 0x09920991, 
    0x09940993, 0x09960995, 0x09980997, 0x099a0999, 0x099c099b, 0x099e099d, 0x09a0099f, 0x09a209a1, 0x09a409a3, 0x09a609a5, 0x09a809a7, 0x09aa09a9, 
    0x09ac09ab, 0x09ae09ad, 0x09b009af, 0x09b209b1, 0x09b409b3, 0x09b609b5, 0x09b809b7, 0x09ba09b9, 0x09bc09bb, 0x09be09bd, 0x09c009bf, 0x09c209c1, 
    0x09c409c3, 0x09c609c5, 0x09c809c7, 0x09ca09c9, 0x09cc09cb, 0x09ce09cd, 0x09d009cf, 0x09d209d1, 0x09d409d3, 0x09d609d5, 0x09d809d7, 0x09da09d9, 
    0x09dc09db, 0x09de09dd, 0x09e009df, 0x09e209e1, 0x09e409e3, 0x09e609e5, 0x09e809e7, 0x09ea09e9, 0x09ec09eb, 0x09ee09ed, 0x09f009ef, 0x09f209f1, 
    0x09f409f3, 0x09f609f5, 0x09f809f7, 0x09fa09f9, 0x09fc09fb, 0x09fe09fd, 0x0a000aff, 0x0a020a01, 0x0a040a03, 0x0a060a05, 0x0a080a07, 0x0a0a0a09, 
    0x0a0c0a0b, 0x0a0e0a0d, 0x0a100a0f, 0x0a120a11, 0x0a140a13, 0x0a160a15, 0x0a180a17, 0x0a1a0a19, 0x0a1c0a1b, 0x0a1e0a1d, 0x0a200a1f, 0x0a220a21, 
    0x0a240a23, 0x0a260a25, 0x0a280a27, 0x0a2a0a29, 0x0a2c0a2b, 0x0a2e0a2d, 0x0a300a2f, 0x0a320a31, 0x0a340a33, 0x0a360a35, 0x0a380a37, 0x0a3a0a39, 
    0x0a3c0a3b, 0x0a3e0a3d, 0x0a400a3f, 0x0a420a41, 0x0a440a43, 0x0a460a45, 0x0a480a47, 0x0a4a0a49, 0x0a4c0a4b, 0x0a4e0a4d, 0x0a500a4f, 0x0a520a51, 
    0x0a540a53, 0x0a560a55, 0x0a580a57, 0x0a5a0a59, 0x0a5c0a5b, 0x0a5e0a5d, 0x0a600a5f, 0x0a620a61, 0x0a640a63, 0x0a660a65, 0x0a680a67, 0x0a6a0a69, 
    0x0a6c0a6b, 0x0a6e0a6d, 0x0a700a6f, 0x0a720a71, 0x0a740a73, 0x0a760a75, 0x0a780a77, 0x0a7a0a79, 0x0a7c0a7b, 0x0a7e0a7d, 0x0a800a7f, 0x0a820a81, 
    0x0a840a83, 0x0a860a85, 0x0a880a87, 0x0a8a0a89, 0x0a8c0a8b, 0x0a8e0a8d, 0x0a900a8f, 0x0a920a91, 0x0a940a93, 0x0a960a95, 0x0a980a97, 0x0a9a0a99, 
    0x0a9c0a9b, 0x0a9e0a9d, 0x0aa00a9f, 0x0aa20aa1, 0x0aa40aa3, 0x0aa60aa5, 0x0aa80aa7, 0x0aaa0aa9, 0x0aac0aab, 0x0aae0aad, 0x0ab00aaf, 0x0ab20ab1, 
    0x0ab40ab3, 0x0ab60ab5, 0x0ab80ab7, 0x0aba0ab9, 0x0abc0abb, 0x0abe0abd, 0x0ac00abf, 0x0ac20ac1, 0x0ac40ac3, 0x0ac60ac5, 0x0ac80ac7, 0x0aca0ac9, 
    0x0acc0acb, 0x0ace0acd, 0x0ad00acf, 0x0ad20ad1, 0x0ad40ad3, 0x0ad60ad5, 0x0ad80ad7, 0x0ada0ad9, 0x0adc0adb, 0x0ade0add, 0x0ae00adf, 0x0ae20ae1, 
    0x0ae40ae3, 0x0ae60ae5, 0x0ae80ae7, 0x0aea0ae9, 0x0aec0aeb, 0x0aee0aed, 0x0af00aef, 0x0af20af1, 0x0af40af3, 0x0af60af5, 0x0af80af7, 0x0afa0af9, 
    0x0afc0afb, 0x0afe0afd, 0x0b000bff, 0x0b020b01, 0x0b040b03, 0x0b060b05, 0x0b080b07, 0x0b0a0b09, 0x0b0c0b0b, 0x0b0e0b0d, 0x0b100b0f, 0x0b120b11, 
    0x0b140b13, 0x0b160b15, 0x0b180b17, 0x0b1a0b19, 0x0b1c0b1b, 0x0b1e0b1d, 0x0b200b1f, 0x0b220b21, 0x0b240b23, 0x0b260b25, 0x0b280b27, 0x0b2a0b29, 
    0x0b2c0b2b, 0x0b2e0b2d, 0x0b300b2f, 0x0b320b31, 0x0b340b33, 0x0b360b35, 0x0b380b37, 0x0b3a0b39, 0x0b3c0b3b, 0x0b3e0b3d, 0x0b400b3f, 0x0b420b41, 
    0x0b440b43, 0x0b460b45, 0x0b480b47, 0x0b4a0b49, 0x0b4c0b4b, 0x0b4e0b4d, 0x0b500b4f, 0x0b520b51, 0x0b540b53, 0x0b560b55, 0x0b580b57, 0x0b5a0b59, 
    0x0b5c0b5b, 0x0b5e0b5d, 0x72410a5f, 0x61676e69, 0x65747563, 0x360a840b, 0x6e6f676f, 0x41076b65, 0x7263616d, 0x41066e6f, 0x76657262, 0x86410765, 
    0x6e752716, 0x43313069, 0x07840744, 0x85454421, 0x30452107, 0x32210784, 0x20078730, 0x210f8532, 0x07833632, 0x85453121, 0x45312217, 0x821f8441, 
    0x821f8407, 0x85342007, 0x8641201f, 0x38412127, 0x41200f86, 0x43200786, 0x67840786, 0x42453123, 0x200f8530, 0x203f8642, 0x283f8642, 0x41053642, 
    0x6168706c, 0x2405840a, 0x6f6e6f74, 0x21288473, 0x50853046, 0x39304622, 0x58850f86, 0x42304622, 0x60850f86, 0x84304621, 0x463122d0, 0x22688530, 
    0x85463046, 0x8642201f, 0x8642203f, 0x8442203f, 0x3230223f, 0x22078433, 0x84424631, 0x34302347, 0xf0843031, 0x87443421, 0x21a08507, 0x3f863846, 
    0x3f863820, 0x37863820, 0x37843820, 0x38463122, 0x38207f86, 0x38207f86, 0x38207f86, 0x43277f87, 0x6d614c06, 0x84616462, 0x45312a5e, 0x45410732, 
    0x74756361, 0x210f8465, 0xff864434, 0x6e853020, 0x87304521, 0x8436200f, 0x3432221f, 0x22078433, 0x84313831, 0x31342607, 0x65420432, 0x384c8674, 
    0x430b3738, 0x63726963, 0x6c666d75, 0x430a7865, 0x61746f64, 0x6e656363, 0x20fa8474, 0x053a4145, 0xaa84ea82, 0x38313022, 0x33215385, 0x82ca8446, 
    0x0641270f, 0x72616344, 0x2e866e6f, 0x4521d985, 0x21d18530, 0xc9853045, 0x19414520, 0x45312805, 0x44053231, 0x85726162, 0x46312588, 0x7a440832, 
    0x5f223d84, 0x68424507, 0x62452706, 0x65766572, 0x8789450a, 0x73424520, 0x45062105, 0x30216788, 0x82e28532, 0x218e8507, 0x61413232, 0x31452105, 
    0x3120fa86, 0x6f821784, 0x97861787, 0x97863120, 0x2006d141, 0x05c94145, 0x42453122, 0xaf861787, 0x85304321, 0x414320cf, 0x43200652, 0x43205786, 
    0x30325784, 0x05363432, 0x72757445, 0x7045076e, 0x6f6c6973, 0x07860c6e, 0x200a7442, 0x227a8531, 0x84393146, 0x3146214a, 0x46228285, 0x0f864231, 
    0x46217285, 0x06f44131, 0x2f864320, 0x2f844320, 0x31343023, 0x05ad4135, 0x22053543, 0x41303430, 0x34210534, 0x21828544, 0x0f843931, 0x4522e282, 
    0x8a834605, 0x62470424, 0x32847261, 0x33393124, 0xd341470b, 0x4147200a, 0x30250cd3, 0x06323231, 0x094b4147, 0x86463121, 0x303226db, 0x312e4703, 
    0x26468306, 0x7509312e, 0x8230696e, 0x312e2248, 0x2b4a8a0d, 0x4708312e, 0x76657262, 0x0c312e65, 0x2d875589, 0x83323221, 0x8759841f, 0x34462112, 
    0x31240985, 0x2e303245, 0x3223b086, 0x89480b38, 0x21b1849d, 0x77413132, 0x41322006, 0x3220066f, 0xec849387, 0x41223d82, 0xde874804, 0x37433422, 
    0x34213484, 0x212c8441, 0x31413430, 0x84412007, 0x31302834, 0x45033646, 0x82086174, 0x0a8e4103, 0x22062142, 0x41393246, 0x3220057e, 0x20068e41, 
    0x068e4132, 0x8e413220, 0x41322006, 0x3220068e, 0x46219185, 0x06834332, 0x2f864320, 0x2f844320, 0x41343021, 0x392007b6, 0x2006b641, 0x20578639, 
    0x20278639, 0x22278439, 0x86394631, 0x86392057, 0x86392057, 0x87392057, 0x08432957, 0x6f642e49, 0x656c6275, 0x45209884, 0x30227885, 0xe5843931, 
    0x4329fa82, 0x69744906, 0x0765646c, 0x06224349, 0x72624924, 0x0e827665, 0x840c8b45, 0x3230214e, 0x2007af43, 0x20868530, 0x06554245, 0x41434528, 
    0x746f4904, 0x04830961, 0x65724724, 0x09846b65, 0x6e6f7425, 0x830c736f, 0x69642613, 0x73657265, 0x06304569, 0xd4863320, 0xd4863320, 0x4d853320, 
    0x86334621, 0x863320d4, 0x863320d4, 0x863320d4, 0x843320d4, 0x46312285, 0x203f8644, 0x203f8644, 0x203f8644, 0x233f8444, 0x36303430, 0x2705c141, 
    0x49033730, 0x490b312e, 0x2c427d87, 0x42452008, 0x37200881, 0x43291388, 0x4908312e, 0x76617267, 0x23088365, 0x74756361, 0x0d210882, 0x094a4249, 
    0x74231683, 0x82646c69, 0x41092016, 0x1283062b, 0xb0426220, 0x28f08205, 0x656e6f67, 0x0c312e6b, 0x08104349, 0x30235c85, 0x86464331, 0x30322209, 
    0x20098838, 0x22098541, 0x86434531, 0x87098213, 0x33462113, 0x46221387, 0x27863933, 0x89334621, 0x8842201d, 0x88432013, 0x88442009, 0x22de8609, 
    0x86334631, 0x46312277, 0x204f8844, 0x204f8844, 0x204f8844, 0x234f8644, 0x36303430, 0x09824585, 0x312e3724, 0x49434a0b, 0x3834280f, 0x696e7507, 
    0x42373330, 0x34200510, 0x21061042, 0x72413331, 0x45312105, 0x31231f84, 0x42303345, 0x3321056e, 0x43078632, 0x3420053c, 0x21059c47, 0xc7423430, 
    0x31302b05, 0x4b053839, 0x61707061, 0x71464c06, 0x33312409, 0x444c0642, 0x4b820841, 0x07825b84, 0xee415b87, 0x42452005, 0x30210526, 0x05264232, 
    0x42313021, 0x2e42078c, 0x34452206, 0x207b8530, 0x26838434, 0x44433430, 0x85754d02, 0x844620be, 0x34302542, 0x4e064331, 0x3423788a, 0x884e0635, 
    0x31302278, 0x20708646, 0x22bc8434, 0x86344531, 0x05044188, 0x412a0f82, 0x6f684e05, 0x45036b6f, 0x5784676e, 0x84313421, 0x34302331, 0x0f864430, 
    0x07853920, 0x82864520, 0x49844520, 0x47343021, 0x302505a2, 0x02363733, 0x2a92854e, 0x05424331, 0x726f684f, 0x434f076e, 0x4f330687, 0x76657262, 
    0x684f0d65, 0x61676e75, 0x6c6d7572, 0x84747561, 0x4431224d, 0x20078531, 0x22c58545, 0x84434531, 0x4732200f, 0x30210516, 0x05164732, 0x44323021, 
    0x07820584, 0x32211f86, 0x41278545, 0x3420079c, 0xc7821784, 0x31231784, 0x41303545, 0x35200530, 0x5682ad84, 0x43201f86, 0x78481f86, 0x45312205, 
    0x481f8644, 0x33460719, 0x84178205, 0x840782fd, 0x86078297, 0x05c1493f, 0x49453121, 0x078205c1, 0x4f0b3227, 0x73616c73, 0x057a4168, 0x696d4f27, 
    0x6e6f7263, 0x4507860c, 0x68410a55, 0x34462206, 0x05554539, 0x58853420, 0x42344622, 0x60850f86, 0x44344622, 0xb0410f85, 0x33302105, 0x21067346, 
    0x37844646, 0x31343022, 0x3025c084, 0x04364534, 0x08e7454f, 0x8205aa42, 0x22548514, 0x84343545, 0x35452244, 0x22078336, 0x85383430, 0x41312634, 
    0x68520334, 0x2d1b846f, 0x08434546, 0x74725f51, 0x6b6f6f68, 0x38425206, 0x3635230a, 0x38425206, 0x48322009, 0x3022058f, 0x28413132, 0x41352006, 
    0x35200618, 0xb7856a87, 0x84354521, 0x31322662, 0x52024631, 0x05c34178, 0x06433423, 0x21588453, 0x7b43530b, 0x055c420f, 0x36453123, 0x218c8430, 
    0x5d863645, 0xb8863620, 0xb8843620, 0x6d841f82, 0x30343023, 0x21528435, 0xea454131, 0x051b4606, 0x41229582, 0xac845406, 0x6e750923, 0x470e8369, 
    0x3620073a, 0x36209e86, 0x36209e86, 0x31239e84, 0x86303745, 0x0c432148, 0x31293183, 0x622e4341, 0x07657361, 0x05094154, 0x32351c84, 0x54034533, 
    0x55057561, 0x6e726f68, 0x69745506, 0x0765646c, 0x06ca4255, 0x7262552d, 0x05657665, 0x6e697255, 0x42550d67, 0x55200cd0, 0x200b6646, 0x064a4a44, 
    0xb9864420, 0xb9844420, 0x45313021, 0x078205e8, 0x6b854220, 0x82058749, 0x20f186ba, 0x06094137, 0x09413720, 0x87372006, 0x41382017, 0x37200529, 
    0x7e43d886, 0x45312205, 0x421f8645, 0x0f820502, 0xf8861f87, 0xf8864520, 0x85304621, 0x0700446f, 0x1f863720, 0x0b453723, 0x099d4157, 0x6757062f, 
    0x65766172, 0x63615706, 0x09657475, 0x0cec4657, 0xd24a4520, 0x45312105, 0x2006a54b, 0x05fa4345, 0x4b840f82, 0x4c343021, 0x30270566, 0x03434634, 
    0x84696843, 0x4231246f, 0x41590b33, 0x49450ffd, 0x45382307, 0x6f845906, 0xea42da85, 0x46452106, 0x0243d286, 0x34322406, 0x4a550745, 0x0786063c, 
    0x6e6f7425, 0x860f736f, 0x22a38c0c, 0x84393546, 0x3546224c, 0x43078642, 0x3521064f, 0x410f8546, 0x46210627, 0x44278645, 0x31250578, 0x07424546, 
    0x05bf4159, 0x845a0621, 0x5a0a21fc, 0x230c0c4a, 0x30394531, 0x45214184, 0x06a14139, 0x84343921, 0x323229e1, 0x625a0434, 0x5a047261, 0x2906294c, 
    0x46374332, 0x72626106, 0xa7487665, 0x85412006, 0x4245227a, 0x21408537, 0x07863142, 0x07863320, 0x44062242, 0x4120079b, 0x31220f84, 0xba854145, 
    0xf4424520, 0x85412007, 0x414521b2, 0x3021da84, 0x06e74a32, 0x84443121, 0x3230225f, 0x215f8632, 0x98843141, 0x84453121, 0x84478207, 0x222f8267, 
    0x42610733, 0x072105c5, 0x09aa4261, 0x4122d882, 0xd34e610a, 0x8b0a8409, 0x3130271e, 0x75746105, 0x54846e72, 0x70453420, 0x34302105, 0x2006b845, 
    0x07e74234, 0x5c824520, 0x46446520, 0x44342409, 0x4b620435, 0x38200866, 0x35208186, 0x31220784, 0x07873045, 0x3020e986, 0x3021b984, 0x06064732, 
    0x38383124, 0x3442630b, 0x630a2109, 0x210e8941, 0x8b843930, 0x32463322, 0x34240784, 0x64073134, 0x200bbf43, 0x204e8535, 0x052d4e31, 0x32323025, 
    0x44640631, 0x7d8208d2, 0x77414220, 0x05d94605, 0x46200f82, 0x31210f85, 0x84078631, 0x3130229d, 0x21078546, 0x07854132, 0x3643312b, 0x6f796405, 
    0x64046867, 0x0624476f, 0x37343224, 0x52416507, 0x65062805, 0x76657262, 0x89650a65, 0x416520ab, 0x06210545, 0x217b8865, 0xc8443230, 0x87322006, 
    0x06644bf1, 0xc34c4520, 0x45312205, 0x82ba8431, 0x82e28407, 0x20ab8607, 0x060b4231, 0x2006584f, 0x05484f45, 0x42453122, 0xc3861787, 0x85314321, 
    0x844320c3, 0x453122b3, 0x06614143, 0x2007094c, 0x210f8433, 0x1f473430, 0x84078205, 0x34303a2f, 0x65053744, 0x6e727574, 0x61705f0c, 0x662e7472, 
    0x7361625f, 0x2e660365, 0x2a038231, 0x2e660569, 0x09312e69, 0x82696e75, 0x2e463190, 0x65660631, 0x312e676e, 0x6e6f6c05, 0x730b7367, 0x74250684, 
    0x656b6f72, 0x410b840e, 0x31220ead, 0x2f830446, 0x302a9783, 0x04303632, 0x72616267, 0xde41670b, 0x8c67200a, 0x31302530, 0x67063332, 0x21093241, 
    0xb2844631, 0x32453129, 0x2e670431, 0x820a6373, 0x82478386, 0x41ea850a, 0xca820542, 0x62844220, 0xf2473420, 0x20228205, 0x220f8436, 0x84373632, 
    0x39312407, 0x83680535, 0x840b20e2, 0x746c2605, 0x6b6f6f68, 0x830b840a, 0x04322209, 0x20978368, 0x0fab4468, 0x58413120, 0x41322006, 0x32200650, 
    0x55848d87, 0x75849582, 0x39453122, 0x34236d85, 0x820f4242, 0x656c24ce, 0x4c697373, 0x46220dac, 0x49466906, 0x82bf8205, 0x0c442136, 0x2e260786, 
    0x706d6363, 0x7c826904, 0x42690721, 0x6925064a, 0x76657262, 0x05a04665, 0x84463221, 0x69072120, 0x200c5c46, 0x20d28430, 0x06084332, 0x86303221, 
    0x05df4d84, 0x43453123, 0x215d8542, 0x3c854243, 0x30256a82, 0x0b373332, 0x439a866a, 0x32220798, 0x65843934, 0x28890782, 0x35483420, 0x37353407, 
    0x046a6902, 0x63732e69, 0x72636a0f, 0x7473736f, 0x846c6961, 0x890a2027, 0x6a0b210f, 0x200e3141, 0x06694631, 0x3e433320, 0x48342006, 0x30210531, 
    0x219c8531, 0xff4d3130, 0x31302305, 0xc4843733, 0x89453120, 0x33452206, 0x05cf4131, 0x69413320, 0x35332906, 0x75746b05, 0x6b066e72, 0x8305a247, 
    0x393127c4, 0x6d6c0941, 0x49416469, 0x436c2005, 0xe9470bf4, 0x22e68205, 0x826c0434, 0x6c0621e6, 0x24098c44, 0x06433331, 0x0851426c, 0x85453121, 
    0x43078279, 0xac4d0664, 0x33453006, 0x2e6c0644, 0x32307373, 0x6c736c0b, 0x84687361, 0x860c200b, 0x200c8477, 0x897c880e, 0x3632221b, 0x200c8443, 
    0x84768309, 0x850b2009, 0x8222897b, 0x200c8480, 0x8885850b, 0x20828218, 0x200c8b37, 0x200c8b39, 0x200c8b42, 0x200c8444, 0x238b8307, 0x04464334, 
    0x6320a682, 0x32290c84, 0x6d053137, 0x6e727574, 0x2605840c, 0x63736564, 0x41646e65, 0xba420648, 0x31342106, 0x34230f85, 0x416e0733, 0x03210531, 
    0x07c04465, 0x0835332a, 0x74666c6e, 0x6b6f6f68, 0x31244f84, 0x6e064539, 0x230a3941, 0x6e063634, 0x22083941, 0x41463130, 0x34200631, 0x21060543, 
    0x5a863734, 0x42201787, 0x432e4585, 0x2e6e0443, 0x6f056373, 0x6e726f68, 0xd7426f07, 0x626f2706, 0x65766572, 0x35496f0d, 0x20d2830c, 0x05864b31, 
    0x45313022, 0x45213f86, 0x20478444, 0x05a24532, 0x30323022, 0x3021ca84, 0x05835032, 0x1f860782, 0x21057350, 0x3b423230, 0x063d4b07, 0x84344521, 
    0x4531222f, 0x46fa8635, 0x88550778, 0x45312205, 0x461f8643, 0x312105c5, 0x05c54645, 0xd7860782, 0x8205ad49, 0x4fd7860f, 0x0f82058e, 0x07827784, 
    0x62473f86, 0x33452407, 0x4c736f0b, 0x6f200906, 0x8606064c, 0x0b064c07, 0xd8833020, 0x41463121, 0x46200693, 0x8205d04d, 0x05f4420f, 0x9e494620, 
    0x41462006, 0x46220660, 0x2f833837, 0x37343025, 0x436f0433, 0x342007b5, 0x2605154e, 0x37453430, 0x45656f05, 0x22820607, 0x3021ab84, 0x050b5534, 
    0x48313021, 0x35200746, 0x1547d386, 0x4e342006, 0x3025054b, 0x07304132, 0x050e4271, 0x43720721, 0x34280b48, 0x74720544, 0x0b6e7275, 0x19850584, 
    0x66720c2c, 0x68687369, 0x726b6f6f, 0x91847665, 0x45373224, 0x6e427208, 0x72062106, 0x230a3142, 0x72063735, 0x20093142, 0x05544732, 0x31323022, 
    0x4520e085, 0x20069f49, 0x069f4945, 0x41354521, 0x35230651, 0x83720446, 0x697223ca, 0x0783766e, 0x904b7320, 0x0646220c, 0x21628473, 0x6d44730b, 
    0x3132210e, 0x3123f584, 0x83313645, 0x86078296, 0x86362067, 0x05fd45f5, 0x27841782, 0x41343021, 0x3030050d, 0x0c384131, 0x6d726567, 0x62646e61, 
    0x312e736c, 0x2506f746, 0x61625f74, 0xe0846573, 0x42413124, 0x84857407, 0x14471020, 0x63742405, 0x896c7275, 0x50322020, 0x322a0628, 0x74053841, 
    0x6e727574, 0xf0487404, 0x33362308, 0x04417406, 0x8642200b, 0x8607879c, 0x423620f4, 0x37210646, 0x291f8531, 0x74033739, 0x7509312e, 0xa082696e, 
    0x2507c850, 0x2e333631, 0x4e850831, 0x32211c86, 0x821c8631, 0x200989d7, 0x821d8544, 0x87462013, 0x31372109, 0x392e0987, 0x06312e37, 0x6c697475, 
    0x75056564, 0xce496f68, 0x42302206, 0x24ec8435, 0x07393832, 0x06a54375, 0x72627524, 0x24827665, 0x6e697225, 0x43750d67, 0x84460dab, 0x05ff4a0c, 
    0x324f3120, 0x31302105, 0x8205ca52, 0x84412007, 0x44312252, 0x20078443, 0x05da4832, 0x48323021, 0x372007da, 0x2006a141, 0x227a8437, 0x44374531, 
    0x37200643, 0x6e218282, 0x410f8269, 0x45200624, 0x45201f86, 0x27461f86, 0x05234407, 0x44453121, 0x07820523, 0x28064441, 0x75033146, 0x7508312e, 
    0x05ef5261, 0x6e750924, 0xd7823069, 0xd1841283, 0x82050941, 0x2e34249f, 0x42750d31, 0x2b410947, 0x06405308, 0x3524a982, 0x750b312e, 0x820d6a53, 
    0x08db5237, 0x88333721, 0x0677524b, 0xbd521d82, 0x52098206, 0x99820677, 0x08224782, 0x88536775, 0x053e4905, 0x2e374529, 0x68750731, 0x856e726f, 
    0x52248242, 0x452107c4, 0x08ac4146, 0xd4414520, 0x41452008, 0x452408d4, 0x0f312e46, 0x420c8e41, 0xb884080c, 0x8805bd41, 0x414184cc, 0x718305ae, 
    0x6e697226, 0x08312e67, 0x88050042, 0x257a8824, 0x312e3537, 0xe54b7605, 0x45312207, 0x06a04237, 0x09463723, 0x07074177, 0x83770521, 0x770b211f, 
    0x21093941, 0xdb847706, 0x43770621, 0x312208fe, 0xad413845, 0x41382006, 0x392106cd, 0x05da4238, 0x2006c159, 0x05b95945, 0x34343025, 0x4e630335, 
    0x49420823, 0x34322405, 0x43790b46, 0x0d480fdf, 0x05d54407, 0x39453125, 0x4e790639, 0x24420b33, 0x86462006, 0x05a04676, 0x33205e82, 0x30217683, 
    0x05965034, 0x45343023, 0x210f8546, 0x07863146, 0x79053322, 0x4f09d44c, 0x30210524, 0x06ba4834, 0x32463424, 0x3b417907, 0x79042605, 0x0463732e, 
    0x0830497a, 0x2505fe49, 0x30343230, 0x1c447a07, 0x7a062105, 0x20052e4e, 0x0cc54a7a, 0x6984a882, 0x89840782, 0x35260782, 0x6d614705, 0x7f84616d, 
    0x3439333c, 0x65685405, 0x58026174, 0x69500269, 0x67695305, 0x5003616d, 0x50036968, 0x21856973, 0x2806ed4d, 0x0a424646, 0x67656d4f, 0x0a444661, 
    0x53413620, 0x36462105, 0x20056341, 0x06ec5046, 0x43364621, 0x46200539, 0x22050a49, 0x41364631, 0x462005c5, 0x2006fc50, 0x066e4446, 0x41464622, 
    0x31216283, 0x063e5c46, 0x6a874620, 0x17874120, 0x41214786, 0x86278643, 0x50412047, 0x4620054b, 0x2306d04e, 0x08434646, 0x4d06834f, 0x33200588, 
    0x2006c647, 0x054e4733, 0x44333024, 0xf3840634, 0xd2843120, 0x0b463420, 0x4f342006, 0x30210549, 0x08ba5434, 0x2105ff41, 0x434b3134, 0x074b4b06, 
    0x05373127, 0x7963614b, 0x583d8572, 0x3021051f, 0x05da4c34, 0x31343022, 0x3021a584, 0x05315134, 0x30343022, 0x4b06e241, 0x302105a9, 0x05195934, 
    0x55860782, 0x8205fc5c, 0x8537200f, 0x8742204f, 0x86382017, 0x82fd840f, 0x20578647, 0x21178632, 0x1f853932, 0x20068254, 0x06834834, 0x43323422, 
    0x30201785, 0x30201f86, 0x17593f86, 0x20678205, 0x481f8545, 0x342006a3, 0x20062f50, 0x05bc5d34, 0x47566782, 0x5b678607, 0x30210559, 0x06474534, 
    0x62543420, 0x86df8205, 0x32302827, 0x706c6105, 0x840a6168, 0x0a0e4205, 0x2305f75a, 0x31304631, 0x5c05ae41, 0x462206dd, 0x0f863330, 0x1f824084, 
    0x21052b43, 0xf8843046, 0x37200f82, 0x13531f85, 0x46312305, 0x0f853038, 0x8205fd5c, 0x8632200f, 0x2047860f, 0x20478638, 0x52478638, 0x4620060e, 
    0x2006f243, 0x066d5e46, 0x86424621, 0x050e5287, 0x42463122, 0x80413f86, 0x860f8205, 0x3742347f, 0x74656204, 0x61670561, 0x05616d6d, 0x746c6564, 
    0x51650761, 0x078606e8, 0x0d20e584, 0x63260c86, 0x65736f6c, 0x0d860864, 0x870b3121, 0x65722308, 0x0b8a1176, 0x0f202685, 0xdd4a118a, 0x46312207, 
    0x42e28631, 0x0f820589, 0x9d48e286, 0x31462106, 0xb346e286, 0x46312505, 0x7a043237, 0x0320a282, 0x08200382, 0x74410382, 0x8632200a, 0x86322049, 
    0x068f5bec, 0x7d424620, 0x46312105, 0x82057d42, 0x062c4107, 0x2006da5f, 0x06a45146, 0xdf534620, 0x43462006, 0x3121050b, 0x06a45c46, 0x5d524620, 
    0x39462106, 0x42063441, 0x1f820535, 0x1b434786, 0x410f8205, 0x432006bc, 0x1543c186, 0x46312205, 0x5dc18643, 0x0f82057f, 0x74053723, 0x25ba8268, 
    0x746f6904, 0x04831161, 0x8407cf45, 0x830920cc, 0x05dc5a11, 0xf8411b8b, 0x05eb5105, 0x33463122, 0xb753e386, 0x45462006, 0x46210693, 0x506b8633, 
    0x27820554, 0x4d06d841, 0x4620065f, 0x2006bb54, 0x066c5746, 0x6d4b4620, 0x44462006, 0x31210526, 0x05394846, 0x372c0782, 0x6d616c06, 0x02616462, 
    0x72036978, 0x8608a056, 0x0507485d, 0x46333022, 0x2e056f43, 0x05324333, 0x6d676973, 0x61740361, 0x42750775, 0x1420052f, 0xdb8c0786, 0x148e0f20, 
    0x0f860c20, 0x510ac541, 0x31210506, 0x06274c46, 0x3b504620, 0x410f8205, 0x4857067d, 0x4a462006, 0x17820535, 0x4b4be186, 0x46312105, 0x20068d55, 
    0x05ab4346, 0x4c463121, 0x4620060f, 0x82052459, 0x262f860f, 0x70033745, 0x82086968, 0x72672503, 0x036b6565, 0x0526b582, 0x67656d6f, 0x05840a61, 
    0x3620918a, 0x20065742, 0x06734136, 0x21061957, 0x91863646, 0x20062157, 0x06df4a46, 0x29574620, 0x4a462006, 0x462006e7, 0x2006d755, 0x059d5a46, 
    0x54463121, 0x0782050c, 0x52062742, 0x0f8205cc, 0x4c065d41, 0x46200625, 0x82059544, 0x06574217, 0x2f864620, 0x2105c54f, 0x87584631, 0x27d18608, 
    0x67063746, 0x616d6d61, 0x3021a684, 0x05224234, 0x36840782, 0xae840782, 0x42343021, 0x302205d6, 0x54454634, 0x05324206, 0x46841f82, 0x6e841f82, 
    0x07870f82, 0x48060c45, 0x1782052e, 0x42065445, 0x2f8205d6, 0x245e4786, 0x34302105, 0x2782de85, 0xf6421786, 0x35302105, 0x54077445, 0x34200651, 
    0x82055b55, 0x45442027, 0x06410594, 0x203f8205, 0x5b0f8535, 0x30210570, 0x05bc5e34, 0x4c462782, 0x059f4d06, 0x4d343021, 0xc7820597, 0xd3443f86, 
    0x86178205, 0x055e56c7, 0xc7860f82, 0x07874220, 0x20061c46, 0x59d78634, 0x278205fe, 0x2005cc42, 0x05065a34, 0xbf860f82, 0x41071e49, 0x302205ee, 
    0x3f863534, 0x82056e59, 0x207f8627, 0x065c4634, 0x2205e84e, 0x86393430, 0x052b56c7, 0x34203782, 0xda47d785, 0x34302105, 0x2006e74b, 0x052f5434, 
    0x42343021, 0x302105a8, 0x05844b34, 0x42303223, 0x822f8341, 0x04442507, 0x6f727545, 0x7c840c86, 0x38241482, 0x73657006, 0x2007de56, 0x05df4530, 
    0x56303221, 0x0782059f, 0x6c043925, 0x86617269, 0x86332033, 0x82808407, 0x8636201c, 0x0d322e0f, 0x6f6c6f63, 0x7275636e, 0x636e6572, 0x84158679, 
    0x202582b6, 0x480f8532, 0x0f820561, 0x0f864620, 0x9e871f87, 0x17864320, 0x07853820, 0x06414220, 0x5f452005, 0xa982054e, 0x30213784, 0x051e5531, 
    0x21080782, 0x657a0a43, 0x732e6f72, 0x6873616c, 0x656e6f08, 0x3073732e, 0x68740731, 0x2e656572, 0x6f660931, 0x11847275, 0x69730823, 0x22088478, 
    0x87696e09, 0x22388424, 0x83066674, 0x26068235, 0x2e6f7774, 0x85086674, 0x6674223a, 0x833b8407, 0x76692207, 0x20188265, 0x82418306, 0x6573241f, 
    0x826e6576, 0x6508250f, 0x74686769, 0x07200882, 0x74225184, 0x4f860d66, 0x0b208b85, 0x73845585, 0x53850a20, 0x2c823120, 0x55860c20, 0x0b201784, 
    0x0b845285, 0x45860c20, 0x08250c84, 0x6d6d6f63, 0x262e8261, 0x72657009, 0x82646f69, 0x21128209, 0x77836f6c, 0x23056541, 0x7361632e, 0x0c269583, 
    0x696d6573, 0x1a856f63, 0x61700c28, 0x6c6e6572, 0x96836665, 0x0c840d20, 0xa4867220, 0x72620c25, 0x87656361, 0x870c841a, 0x830e201a, 0x656b220d, 
    0x201c8674, 0x870e860f, 0x8911201e, 0x20738654, 0x86598a12, 0x89112012, 0x2011865e, 0x86638a12, 0x8b132012, 0x20138668, 0x866d8c14, 0x68092514, 
    0x65687079, 0x0e20ec83, 0x18860986, 0x656c072f, 0x742e7373, 0x72670a66, 0x65746165, 0x200a8272, 0x2412830c, 0x61757165, 0x200c826c, 0x8717860f, 
    0x8708200f, 0x6e0b2308, 0x0b87746f, 0x6c700723, 0x23448375, 0x6e696d08, 0x0b280884, 0x746c756d, 0x796c7069, 0x09264182, 0x69766964, 0x09826564, 
    0x26830c20, 0x0e262287, 0x72707061, 0x4287786f, 0x73610d24, 0xed556963, 0x28298205, 0x7473610b, 0x73697265, 0x418e876b, 0x8e87079c, 0x11200f87, 
    0xd086ab89, 0xb08c1420, 0x0d201486, 0x0d866685, 0xba881020, 0x98841086, 0x0d205287, 0x1a86a185, 0xc9881020, 0x0e201086, 0x0e86ce86, 0xd3891120, 
    0x13201186, 0x1386d88b, 0xdd8a1220, 0x10201286, 0x1086e288, 0x70730825, 0x82656361, 0x750a27f0, 0x3030696e, 0x0a863041, 0x30303223, 0x430a8238, 
    0x342b05bc, 0x78650941, 0x6d616c63, 0x866c6264, 0x06704411, 0x21055654, 0x35453032, 0x30322305, 0x1f844433, 0x38314523, 0x0a244211, 0x75715f26, 
    0x126c6c69, 0x850b2242, 0x420e2012, 0x0f200d93, 0x200e9042, 0x0f684210, 0xd3425487, 0x20c28305, 0x0db0420e, 0xad420f20, 0x6107230e, 0x26832e74, 
    0x69660a2a, 0x65727567, 0x68736164, 0x302da084, 0x6f0a3531, 0x626e6570, 0x656c6c75, 0x2a128574, 0x740e3334, 0x6e616972, 0x8c656c67, 0x06c94416, 
    0x2405b154, 0x41413532, 0x0acc420b, 0x6e650b22, 0x64845483, 0x64890f20, 0x0b220f84, 0x1b886d65, 0x52850b20, 0x0f201784, 0x0f847989, 0x6e750c27, 
    0x34303269, 0x200c8433, 0x8b838d13, 0x8b432020, 0x8944200c, 0x8492820c, 0x710d2e0c, 0x65746f75, 0x65766572, 0x64657372, 0x220d8410, 0x876c6264, 
    0x70052610, 0x656d6972, 0x0598650b, 0xf7850b84, 0x2405e947, 0x37353032, 0x82158408, 0x8a0e202f, 0x820e8324, 0x6c702293, 0x831d8765, 0x32302136, 
    0x8205e05a, 0x0c412e07, 0x646f7774, 0x656c746f, 0x72656461, 0x05c4440a, 0x9d536320, 0x32322606, 0x61093633, 0x2397826e, 0x6169656c, 0x33273984, 
    0x6c094537, 0x84737365, 0x430c20b3, 0x0c840638, 0x57430e20, 0x4311200d, 0x0a201054, 0x20095143, 0x0c4e430d, 0x6c700923, 0x20508575, 0x0948430a, 
    0x45430d20, 0x430b200c, 0x0e200a42, 0x200d3f43, 0x0f3c4310, 0x39430f20, 0x430d200e, 0x06240c36, 0x31463175, 0x2105b748, 0x2c533132, 0x31322605, 
    0x74033032, 0x051d4365, 0x42333126, 0x696e7508, 0x36202482, 0x41290888, 0x6e2e6906, 0x06726d75, 0x4106846e, 0x34330579, 0x6d650842, 0x73797470, 
    0x61067465, 0x7075732e, 0x85620673, 0x85632006, 0x85642006, 0x85652006, 0x85662006, 0x85672006, 0x85682006, 0x85692006, 0x856a2006, 0x856b2006, 
    0x856c2006, 0x856d2006, 0x856e2006, 0x856f2006, 0x85702006, 0x85712006, 0x85722006, 0x85732006, 0x85742006, 0x85752006, 0x85762006, 0x85772006, 
    0x85782006, 0x85792006, 0x847a2006, 0x7a092306, 0x56857265, 0x09880f20, 0x820bc247, 0x6f0d23d1, 0x2b84656e, 0x21051047, 0x2f857774, 0x83064a47, 
    0x470f20f3, 0x0a830555, 0xec472384, 0x233b8206, 0x756f660e, 0x1886a085, 0x85766921, 0x0505484b, 0x0d222182, 0x97856973, 0x0a202084, 0x8305d347, 
    0x470a2049, 0x0a8305d5, 0x82062948, 0x6e0e222d, 0x448c8b69, 0x87840a7d, 0x830a7d44, 0x0c7d440f, 0x7d441083, 0x225a840d, 0x41756c70, 0x7642053a, 
    0x227a8506, 0x41617571, 0x61200681, 0x6220fa82, 0x8205d541, 0x85632006, 0x8564200d, 0x82ca8306, 0x85662014, 0x8567200d, 0x85682006, 0x85692006, 
    0x856a2006, 0x856b2006, 0x82538306, 0x856d2030, 0x856e200d, 0x856f2006, 0x85702006, 0x85712006, 0x85722006, 0x85732006, 0x85742006, 0x85752006, 
    0x85762006, 0x85772006, 0x85782006, 0x85792006, 0x847a2006, 0x07d54106, 0x41736221, 0x622007d5, 0x98494982, 0x62752209, 0x06d54173, 0x73231783, 
    0x41083130, 0x622105d5, 0x08d54173, 0xd5413a82, 0x41238607, 0x622107d5, 0x07d54173, 0xd5411888, 0x73622105, 0x8206d541, 0x05d5415d, 0xd5412086, 
    0x415f8208, 0x622107d5, 0x07d54173, 0xd5414f82, 0x412e8606, 0x87820cd5, 0x210cd541, 0xd5417362, 0x7362210e, 0x820fd541, 0x06d5415a, 0x4c446f82, 
    0x82732005, 0x067a44f1, 0x1f410a83, 0x6e642305, 0x1f416d6f, 0x42098305, 0x0e830af5, 0x6e6f0d24, 0x17852e65, 0x83071f41, 0x061f410d, 0x1f413a84, 
    0x41238805, 0x0e83051f, 0x8a051f41, 0x76692118, 0x08234b85, 0x84786973, 0x870d2054, 0x0bf54208, 0x1f415f84, 0x410a8305, 0x4f84051f, 0x8b696e21, 
    0x052a458c, 0xdd852d84, 0x58450a84, 0x472e8405, 0xa7840993, 0x830a3f41, 0x4a0b200f, 0x358406c9, 0x8405de4a, 0x830a8926, 0x0f332194, 0x37200f8d, 
    0x23053341, 0x726d756e, 0x83053341, 0x0a334109, 0x0d210e83, 0x85a6826f, 0x07334117, 0x33410d83, 0x413a8406, 0x23880533, 0x83053341, 0x0533410e, 
    0x6923188a, 0x832e6576, 0x7308230e, 0x08847869, 0x08870d20, 0x840b3341, 0x0533415f, 0x33410a83, 0x214f8405, 0x8c8b696e, 0x84053341, 0x0533412d, 
    0x33410a84, 0x412e8405, 0xa7840933, 0x830a3341, 0x0733410f, 0x18413584, 0x89268405, 0x0b33410a, 0x3726c587, 0x696e7507, 0xb04e3132, 0x31322105, 
    0x8205a757, 0x05b74d0f, 0xf1503120, 0x4d0f8205, 0x31210579, 0x05bf4d35, 0xf1503120, 0x4d178205, 0x31200579, 0x8205984e, 0x05994d0f, 0x30353126, 
    0x656e6f09, 0x6825f484, 0x7268740c, 0x240b8665, 0x69660b73, 0x250b8776, 0x7665730c, 0x24856e65, 0x87867320, 0x07863120, 0x5006014e, 0x32210548, 
    0x06174931, 0x86303121, 0x8630207f, 0x3030378f, 0x6464610e, 0x73736572, 0x6a627573, 0x05746365, 0x6f6e6f74, 0xad590e73, 0x2a7b8408, 0x7279630d, 
    0x696c6c69, 0x82726263, 0x520d2071, 0x2d480c16, 0x36323005, 0x75636109, 0x6f636574, 0x6709626d, 0x84766172, 0x201b8509, 0x05454e30, 0x34303327, 
    0x6c697409, 0x29198464, 0x746f6408, 0x6f6c6562, 0x31820d77, 0x84616d21, 0x6d63220a, 0x20308462, 0x056c5130, 0x47303221, 0x302006bd, 0x22065c41, 
    0x84303030, 0x303021dc, 0x3020e485, 0x38059955, 0x33303032, 0x6968740c, 0x6d656472, 0x63617073, 0x75710e65, 0x65747261, 0x250e8672, 0x7869730c, 
    0x0c866874, 0xb5414086, 0x30302105, 0x20057d41, 0x05735630, 0x7d414882, 0x30302205, 0x2e278442, 0x10363131, 0x72676564, 0x65636565, 0x8269746e, 
    0x656422d6, 0x2910850f, 0x65726166, 0x6965686e, 0x0f850c74, 0x6c656b25, 0x856e6976, 0x85322035, 0x4335353d, 0x73650945, 0x616d6974, 0x09646574, 
    0x6f727261, 0x66656c77, 0x2305c64a, 0x0e354637, 0x4c240c83, 0x41676e6f, 0x32211983, 0x2220840c, 0x8a6c6264, 0x0a382123, 0x72231484, 0x87686769, 
    0x0f362136, 0x37890d84, 0x22840d20, 0x258b3782, 0x2105f74b, 0xec413931, 0x85392006, 0x5a3120ee, 0x3223053c, 0x85393931, 0x6f62228e, 0x05684b74, 
    0x37463722, 0x148a7f88, 0x84074121, 0x7075215c, 0x64222e85, 0xe185776f, 0x33313922, 0x75221185, 0x11856470, 0x18513120, 0x31322405, 0x880e4141, 
    0x09fb4ae9, 0x0c84ee82, 0xf38d1320, 0x11201384, 0x328bf88b, 0x0c843820, 0x02410f20, 0x201c8b09, 0x200c8436, 0x0e0c4114, 0x12201484, 0x8b0c1141, 
    0x84392034, 0x83a0850c, 0x201b8be6, 0x8f8c8d37, 0x8941201e, 0x3931212b, 0x0c262b85, 0x32696e75, 0xa6853931, 0x61850c86, 0xa3850c86, 0x6e640a2b, 
    0x635f6267, 0x6b636568, 0x2e0a840c, 0x6c6c6162, 0x0778746f, 0x61697274, 0x856e6467, 0x70752207, 0x224e8307, 0x85304335, 0x4172200f, 0x352005f0, 
    0x21056052, 0x20533532, 0x35322105, 0x82059066, 0x05d2410f, 0x3041362e, 0x7269630b, 0x62656c63, 0x6b63616c, 0x772e0b86, 0x65746968, 0x6c696609, 
    0x6264656c, 0x5985786f, 0x2105da53, 0xbc723532, 0x42322205, 0x05214431, 0x3331422a, 0x6169640c, 0x646e6f6d, 0x0e204284, 0x5f210c8b, 0x841b8778, 
    0x841b8752, 0x785f240c, 0x41757303, 0x362005fd, 0x26069843, 0x05313636, 0x86616568, 0x553720bb, 0x3221055b, 0x066b4436, 0x7b443620, 0x86422006, 
    0x5e312007, 0x32250589, 0x13414531, 0x2dbd8270, 0x69666f65, 0x7265746e, 0x73747365, 0x59856769, 0x74593320, 0x33322105, 0x33214386, 0x05075330, 
    0x5c593320, 0x33322105, 0x2105405c, 0x34593332, 0x43078205, 0x3120057b, 0x52068053, 0x278206b9, 0x33201785, 0x82053758, 0x053f410f, 0xb9623320, 
    0x33322b05, 0x630e4543, 0x69727261, 0x80826761, 0x2107c95c, 0x76413132, 0x59312006, 0x0f82058b, 0x20057944, 0x057b5931, 0x8e85ba82, 0x54573120, 
    0x31322105, 0x8205cf6e, 0x07462607, 0x32696e75, 0x05b65842, 0x5d353221, 0x3222052f, 0xa64e3142, 0x4f442006, 0x30200581, 0x34202f86, 0x21053c5b, 
    0xe7543432, 0x44078205, 0x34200598, 0x8205be4d, 0x0598440f, 0x88533420, 0x850f8205, 0x067f5447, 0x45200f82, 0x34216f84, 0x22778542, 0x85304334, 
    0x062e420f, 0xd6583420, 0x5b322005, 0x078206ec, 0x3421b785, 0x05064643, 0xe7553420, 0x41178205, 0x34200516, 0x8205bf55, 0x0549440f, 0x8206c755, 
    0x0546410f, 0x86433421, 0x0500647f, 0x7f861782, 0x20064e41, 0x05066c34, 0x57343221, 0x0782057e, 0x20053741, 0x057e5734, 0x1e470f82, 0x42342005, 
    0x34200622, 0x82057e57, 0x05b14417, 0x86363421, 0x38362287, 0x09705412, 0xe9422e20, 0x10642205, 0x0653546f, 0x9b4c1087, 0x87312006, 0x5411200f, 
    0x32880888, 0x90547320, 0x54228806, 0x11870898, 0x3c510e20, 0x27318805, 0x73657571, 0x6e6f6974, 0x12291087, 0x626d756e, 0x69737265, 0x53128867, 
    0x692a082f, 0x656c6372, 0x656c0c64, 0x93887373, 0x8706164f, 0x0766520f, 0x0a202a85, 0x7022ca85, 0xb747756c, 0x45322005, 0x322306aa, 0x850e3839, 
    0x07154f1a, 0x6e750727, 0x33413269, 0x05074538, 0x88707521, 0x05e544c0, 0x88776f21, 0x830f208d, 0x31392229, 0x23218d33, 0x7466656c, 0x4b45c288, 
    0x2088850b, 0x099d4412, 0x14202587, 0x870ba544, 0x41092b14, 0x7571732e, 0x64657261, 0x09884209, 0x09884320, 0x09884420, 0x09884520, 0x09884620, 
    0x09874720, 0x2e470b23, 0x20158831, 0x20098848, 0x20098849, 0x2009884a, 0x2009884b, 0x2009884c, 0x2009884d, 0x2009884e, 0x2009884f, 0x20098850, 
    0x20098851, 0x20098852, 0x20098853, 0x20098854, 0x20098855, 0x20098856, 0x20098857, 0x20098858, 0x20098859, 0x2009875a, 0x0596420c, 0x23051241, 
    0x656e6f0b, 0x7422e288, 0x0b876f77, 0x68740d24, 0x19886572, 0x41058c56, 0x0c230645, 0x88766966, 0x730b2319, 0x33887869, 0x76657324, 0x0d886e65, 
    0x67696524, 0x74887468, 0x8505b442, 0x0b184374, 0x18435486, 0x43108609, 0x0f860818, 0x860a1843, 0x43102011, 0x10860818, 0x18431120, 0x43118609, 
    0x0e860718, 0x18431020, 0x43108608, 0x12860b18, 0x86071843, 0x0518430e, 0xa6550c86, 0x430f8608, 0x0d860618, 0x86056e55, 0x066e550c, 0x10270d86, 
    0x63617266, 0x416f6974, 0x7f55081c, 0x20218609, 0x063c520e, 0x32430e86, 0x480f8608, 0x6f210669, 0x43418877, 0x218c0832, 0x66656c22, 0x48087241, 
    0x7220054c, 0x430b8541, 0x37860b32, 0x860d3243, 0x05e96a14, 0x2e32322c, 0x33307373, 0x696e750e, 0x0c823130, 0x0e843120, 0x33211b85, 0x200c8b36, 
    0x210c8a42, 0x0c8a3534, 0x268a3520, 0x38313222, 0x3321198a, 0x200c8b37, 0x200c8443, 0x20698411, 0x850c8433, 0x206c857b, 0x21458a34, 0x388a3531, 
    0x39313222, 0x32214589, 0x84868531, 0x8a0c83af, 0x323321af, 0x0a254285, 0x6d6d6f63, 0x20338461, 0x0910590e, 0x0c20e583, 0x20052355, 0x201b8446, 
    0x07da5411, 0x23054f41, 0x12333073, 0x4108ec54, 0x1282054f, 0x12840e20, 0x0f202188, 0x6e410e84, 0x55318806, 0x5684071b, 0x31551520, 0x2015840f, 
    0x28158413, 0x676e6973, 0x7361626c, 0x88808d65, 0x05c66d11, 0xc6844220, 0x0c853720, 0x83434121, 0x0e37222b, 0x08f14c41, 0x1b84c882, 0x44313023, 
    0x831b8445, 0x32302128, 0x1984fc85, 0x41453123, 0x23198830, 0x32304531, 0x34200c8b, 0x0f200c84, 0x8b09cf7e, 0x8b41201c, 0x8579850c, 0x85432086, 
    0x450e2193, 0x0f20868c, 0x8a098d7e, 0x38422138, 0x31200c8a, 0x0f21a385, 0x082f6547, 0xb38c1c8a, 0x86058942, 0x853220c0, 0x7b0e20a6, 0xf6870901, 
    0x32453122, 0xad7a5286, 0x201c890a, 0x20c28b43, 0x42f98b33, 0x5f8605cd, 0xa38b3320, 0x2d413420, 0x8b34200b, 0x85342033, 0x05034186, 0x8605a142, 
    0x85442040, 0x4f0e2140, 0x410c1041, 0x8389068a, 0x86323021, 0x204285ad, 0x0b534143, 0x698c4520, 0x2109cb41, 0x51434531, 0x20698605, 0x20aa8b35, 
    0x825a8935, 0x204d8b26, 0x0b354236, 0xd18b3620, 0x678b3620, 0x4d8b3620, 0x4d8b3620, 0x2205d76e, 0x91550e37, 0x443122d1, 0x0ab54137, 0x4f893720, 
    0x44313023, 0x82198839, 0x8b42200c, 0x8835200c, 0x4531220c, 0x0b484145, 0x9d8b4620, 0x838b3720, 0x05413720, 0x760e2005, 0x428a0889, 0xe08b3820, 
    0xc68b3820, 0x07413820, 0x8538200b, 0x590e214f, 0x3122c690, 0x64413845, 0x8546200b, 0x750f2092, 0x6c8a09f8, 0xe3853920, 0xb6421120, 0x8431200a, 
    0x4210201e, 0x10850991, 0xd8710e20, 0x2e452105, 0x11200e85, 0x8b0a9542, 0x41432120, 0x08422086, 0x41422005, 0x41210b50, 0x05e34344, 0xb2906120, 
    0x44313023, 0x22958846, 0x8c323230, 0x855e8535, 0x3330214f, 0x31222688, 0x79413045, 0x750f2005, 0x1c8b0948, 0x8209a341, 0x85798529, 0x85432043, 
    0x650e215d, 0x0f21868c, 0x13b94365, 0xf6414220, 0x45312209, 0x20a38531, 0x09d9730f, 0xb38c6f8a, 0xa68b3220, 0xa6853220, 0x84690621, 0x690e212d, 
    0x9285768c, 0xfd893220, 0x43453122, 0x6920b986, 0x8405ab69, 0x6a062135, 0x30226a88, 0x948b3432, 0x6a853320, 0x4308a671, 0x9246064d, 0x8b0c8705, 
    0x41342030, 0x34200b4f, 0xed46a88b, 0x20338605, 0x0b834134, 0x2106fd42, 0xbb906f0e, 0x32323022, 0x82096841, 0x41c88c0c, 0x45200b75, 0x268b698c, 
    0x86050447, 0x8b352076, 0x893520aa, 0x4531225a, 0x204d8b35, 0x0b744336, 0xaa8b3620, 0xde8b3620, 0x748b3620, 0x5a8b3620, 0x338c3920, 0x3620678b, 
    0x0e206785, 0x4609296d, 0x8e430a89, 0x8937200b, 0x3130225c, 0x09de4344, 0xa8430c82, 0x430c8209, 0x45200bcf, 0x4620b78b, 0x3720aa8b, 0x3720838b, 
    0x20051f41, 0x08a56c0e, 0x2208fd41, 0x8b384531, 0x8b3820b9, 0x413820d3, 0x38200b21, 0x0e214f85, 0x10b24179, 0x7e414282, 0x8546200b, 0x6b0f2092, 
    0x6c8a09e9, 0xe3853920, 0x6e751125, 0x75453169, 0x1e840677, 0x21050e44, 0xed434631, 0x740e2006, 0x1d840825, 0x83422f85, 0x06614405, 0x33204184, 
    0x1185ae84, 0x39214185, 0x84418737, 0x42362120, 0x44200e8d, 0x10200e86, 0x41098d41, 0x3d830534, 0x44313023, 0x212e8c38, 0x0e8a3337, 0x8b441d82, 
    0x202c8607, 0x201d8d43, 0x213b8c36, 0x0e8c3545, 0x8c314621, 0x8737200e, 0x820c2097, 0x343022a6, 0x86848530, 0x0990410c, 0x42343021, 0x34210b07, 
    0x0a074244, 0xc5483420, 0x4634200b, 0x30220a27, 0x3b424534, 0x4534210a, 0x4146338b, 0x3430210a, 0x8506c845, 0x42462074, 0xd9840589, 0x41303421, 
    0x1b850744, 0x4a424420, 0x42908209, 0x0c820914, 0x8209f841, 0x098b4276, 0x338b0c82, 0x338b4520, 0x85061f42, 0x4246205a, 0x3022096f, 0x59464433, 
    0x0c7e6905, 0x73732e24, 0xb7683730, 0x2014840f, 0x0eb76819, 0x6e6f7424, 0x6a42736f, 0x44462109, 0x83051642, 0x46312167, 0x200b8847, 0x0b404846, 
    0x47444620, 0x4546210b, 0x20057a41, 0x08335f0e, 0x41584f84, 0x4b8a8307, 0x37200924, 0x83066c5f, 0x0d2f4b15, 0x650d3728, 0x70696c6c, 0x8e856973, 
    0x81500b20, 0x20288306, 0x09654d0d, 0x1320d782, 0x2705ce59, 0x746e6563, 0x64657265, 0x3222bc88, 0x58413430, 0x74132805, 0x6f646f77, 0x5f6e6574, 
    0x208405de, 0xe35f0f20, 0x200f8409, 0x08dd640e, 0x0d200e84, 0x2105c54b, 0x0d876674, 0x8405d564, 0x4b11200d, 0x1f8609d6, 0x4c8a1220, 0x0c251286, 
    0x30696e75, 0x060f4232, 0x13581220, 0x21a0880c, 0xd2414631, 0x480c820a, 0x46210a1f, 0x0acb4243, 0x42303321, 0x53840556, 0x42303321, 0x33200ad8, 
    0x210a9e49, 0xd8423032, 0x420c820a, 0x3222093a, 0x40854530, 0x84089b58, 0x470e2082, 0x13200d5a, 0x4f089244, 0x73220698, 0x8b793730, 0x8273200b, 
    0x7b13200f, 0x46840d73, 0xac580d20, 0x230d8407, 0x656e6f11, 0x84084861, 0x64173211, 0x72656169, 0x73697365, 0x6f6e6f74, 0x6d6f6373, 0x20178462, 
    0x25268212, 0x736c6264, 0x12886275, 0x63611424, 0x3e837475, 0x6c211184, 0x25278463, 0x72616310, 0x2c826e6f, 0x10902e20, 0x21857520, 0xb9871920, 
    0x87086459, 0x8f19922a, 0x8b5d8433, 0x8933886f, 0x59338f19, 0x679008c2, 0x33861989, 0x9b871a20, 0x8b053273, 0x871a9368, 0x872d8535, 0x2735843b, 
    0x732e6e63, 0x1a373073, 0x18411a92, 0x74192406, 0x49646c69, 0xd38c083f, 0x69861991, 0x200b874f, 0x0d874f37, 0x874f3720, 0x420c870b, 0x30210955, 
    0x0a994831, 0x4c313021, 0x30200a35, 0x8706874f, 0x0ab04233, 0x20069c7a, 0x10874f37, 0xe54c2b86, 0x8a52820a, 0x06874f38, 0x874f2685, 0x4faf8506, 
    0x1b850887, 0x2006874f, 0x12f34e37, 0x744f3820, 0x07f34e08, 0x644f1189, 0x4f382007, 0x38201186, 0x200d864f, 0x0e864f38, 0x864f3186, 0x4f38200b, 
    0x38281486, 0x696e7507, 0x32383130, 0x46280785, 0x63440631, 0x74616f72, 0x38230e85, 0x6e450842, 0x3120055f, 0x345a1085, 0x202f8205, 0x560f8546, 
    0x302105fd, 0x063f7431, 0x85423121, 0x3132254f, 0x4a490243, 0x43252285, 0x644c0437, 0x2650866f, 0x4f024143, 0x78540449, 0x38320826, 0x63560834, 
    0x69737275, 0x59026576, 0x636d0852, 0x94747061, 0x74312008, 0x302105d2, 0x05697032, 0xa4850782, 0x3a7a3220, 0x32302105, 0x2006227a, 0x05457345, 
    0x6f453121, 0x0782051f, 0x6a764520, 0x45392c05, 0x6107312e, 0x69726373, 0x860b7470, 0x385d8307, 0x62616209, 0x6d616779, 0x6308616d, 0x65727473, 
    0x09686374, 0x746c6564, 0x211c8361, 0xe0796504, 0x33382108, 0x322ac184, 0x650a3638, 0x6f6c6873, 0x1a88706f, 0x2105fc5d, 0x956c3230, 0x39322106, 
    0x7b829a85, 0xbc703285, 0x31302105, 0x82050d58, 0x84412007, 0x44352117, 0x44220787, 0xf7866708, 0x32321884, 0x670e3439, 0x74746f6c, 0x74736c61, 
    0x6162706f, 0x0e8d1172, 0x766e6922, 0x7222118e, 0x328b7665, 0x1d82208e, 0x5b851182, 0x0b44312a, 0x6f6f686a, 0x6c62646b, 0x0c2d5882, 0x6572676b, 
    0x616c6e65, 0x6369646e, 0x05767009, 0x05251682, 0x676f796c, 0x28308468, 0x0b334131, 0x67656d6f, 0x05487261, 0x322a1384, 0x70083435, 0x616c6968, 
    0x177b6974, 0x7d612006, 0x30210868, 0x06746d32, 0x106d3120, 0x20ee8205, 0x20348444, 0x05287331, 0x36201f82, 0x32200f84, 0x22051b72, 0x42333230, 
    0x33210626, 0x20178539, 0x053e4134, 0x197f3220, 0x18322006, 0x7507e043, 0x4520067f, 0x2305ec6e, 0x46394531, 0x31212f83, 0x054c6f45, 0x67840782, 
    0x17840782, 0x38313223, 0x07e27034, 0x0721a884, 0x05fc4176, 0x31296484, 0x61044642, 0x0463732e, 0x20048368, 0x2004836d, 0x83048274, 0x3032241b, 
    0x47073439, 0x312605ca, 0x70697004, 0x04830765, 0x6c626423, 0x4207860a, 0x412d06af, 0x0a464637, 0x72757452, 0x7075736e, 0x05957565, 0x35453528, 
    0x6f68680a, 0x12846b6f, 0x8d720a21, 0x3134211d, 0x21054342, 0x07863034, 0x09414620, 0x42342005, 0x34220630, 0x9c844330, 0x84313421, 0x343021c1, 
    0x2006eb42, 0x05557334, 0x19410f82, 0x30342205, 0x5b278545, 0x3020053d, 0x8206a659, 0x591f8607, 0x0f820596, 0x21775f86, 0x420f8205, 0x34200570, 
    0x82051177, 0x7447860f, 0x302105f2, 0x05a17234, 0x91410782, 0x5e342005, 0x30210570, 0x05097734, 0x9f860782, 0x2105976e, 0x565b3430, 0x86078205, 
    0x05b65a47, 0x5a343021, 0x078205b6, 0xa7853520, 0x07fb4e18, 0x2006f042, 0x060b7b34, 0x3e5b3420, 0x34302205, 0x71578645, 0x30220555, 0x7f864634, 
    0x57864620, 0x22052d5c, 0x86383430, 0x05bf7e27, 0x37202782, 0x60435f85, 0x42342006, 0x34200641, 0x2205457d, 0x86353430, 0x053d722f, 0x8f86ef82, 
    0x82059e5a, 0x0571420f, 0x29783420, 0x200f8205, 0x784f8544, 0x30210519, 0x05887c34, 0x67870782, 0x91422f86, 0x42342006, 0x342006e1, 0x23050178, 
    0x31423430, 0xc65b3f85, 0x41ff8205, 0x6e5b068f, 0x34302205, 0x7f3f8644, 0x0f82053f, 0x44206f86, 0x2006ef41, 0x06174245, 0x21058e5c, 0xe37b3430, 
    0x20078205, 0x7b578542, 0xf78205e3, 0x4620c786, 0x46204f86, 0xaa763f86, 0x33302105, 0x5d065f41, 0x3022061d, 0x67854633, 0x4f413320, 0x46332706, 
    0x616b0546, 0x296a7070, 0x43422406, 0x84756e02, 0x37332160, 0x33206885, 0x21053673, 0xf87a3330, 0x86508205, 0x37442540, 0x74656205, 0x2006e572, 
    0x05c07433, 0x36211d82, 0x254e8406, 0x68720431, 0x4985316f, 0xa2844620, 0x41463121, 0x07820542, 0x0782da84, 0x37201787, 0x31222783, 0x17874446, 
    0x1f82ca84, 0x31218184, 0x050a4146, 0x79840f82, 0x70463121, 0x332206da, 0x37844137, 0x4642442b, 0x6d6f7208, 0x6e6f6e61, 0x23088565, 0x0a6f7774, 
    0x74251184, 0x65657268, 0x230a8409, 0x72756f66, 0x69210986, 0x22278676, 0x85786973, 0x65732427, 0x856e6576, 0x6965240a, 0x85746867, 0x696e2128, 
    0x65225088, 0x45840b6e, 0x836c6521, 0x250b8529, 0x6c657774, 0x35856576, 0x66696625, 0x840c7974, 0x75682722, 0x6572646e, 0x0c841064, 0x6b826620, 
    0x0d201086, 0x74271084, 0x73756f68, 0x83646e61, 0x313221b9, 0x82056c43, 0x86312007, 0x8632200f, 0x86332007, 0x05db5d07, 0x8b723120, 0x43312006, 
    0x2f820594, 0x1f863720, 0x07863820, 0x07863920, 0x07864120, 0x07864220, 0x07864320, 0x07864420, 0x07864520, 0x07854620, 0x2005c846, 0x068e4532, 
    0x36200782, 0x30211784, 0x222f8430, 0x85323941, 0x5e37202f, 0x302006f3, 0x21058e45, 0xa6453032, 0x30322105, 0x82057047, 0x09302107, 0x2305a26d, 
    0x0c746f64, 0x850b534b, 0x8533204e, 0x33302146, 0x30209685, 0x82059a73, 0x20868546, 0x05b27330, 0x76303221, 0x07820573, 0x37853120, 0x8205db43, 
    0x0506410f, 0x35353032, 0x7265760e, 0x61636974, 0x7261626c, 0x086c6264, 0x5f227585, 0x08850d5f, 0x626f6e31, 0x6b616572, 0x646e750d, 0x63737265, 
    0x8265726f, 0x670a2524, 0x616d6d61, 0x30099845, 0x0c323834, 0x656d756e, 0x676c6172, 0x6b656572, 0x210c8b0f, 0xb8647573, 0x46332605, 0x756d0b36, 
    0x246a8373, 0x65746f6e, 0x6f0b8a0e, 0x30210693, 0x05715f32, 0x32200782, 0x0782ae83, 0x07863320, 0x3023ae84, 0x85354432, 0x053d410f, 0x37200f82, 
    0x44210f85, 0x44078536, 0x322006da, 0x8205f742, 0x4547861f, 0x32200602, 0x2006e243, 0x067b7d32, 0x31463222, 0x27863786, 0x21058076, 0x2a453230, 
    0x43322006, 0x0f820567, 0x6f865f87, 0x22061a44, 0x86414632, 0x8642203f, 0x86432007, 0x86442007, 0x86452007, 0x85462007, 0x34442c07, 0x696e750a, 
    0x35453230, 0x866e632e, 0x8939200a, 0x8936200a, 0x8938200a, 0x8237200a, 0x213e830a, 0xaa704246, 0x21d68205, 0x46840c45, 0x6d353921, 0x312c0989, 
    0x730c3331, 0x65636170, 0x6e65706f, 0x2607d762, 0x07304130, 0x626d6f73, 0x30200831, 0x22057378, 0x41363330, 0x33200558, 0x2106cb46, 0x58413633, 
    0x77332005, 0x1f8205e1, 0x3320e885, 0x2006db46, 0x05fd7d33, 0xf0851782, 0xd3453320, 0x46332006, 0x332006eb, 0x8205fd7d, 0x20f0851f, 0x05e34533, 
    0x76443121, 0x312105e2, 0x05904144, 0x34200782, 0x41056044, 0x0f8205c8, 0x0f863620, 0x07863820, 0x07863920, 0x1f826784, 0x0f864220, 0x07864320, 
    0x07864420, 0x1f826784, 0x0f854620, 0x22061379, 0x86314544, 0x8632200f, 0x22e78407, 0x86454431, 0x05fb4577, 0x77860f82, 0x82056563, 0x2277840f, 
    0x84383430, 0x87078287, 0x823f840f, 0x823f840f, 0x05274107, 0x84383421, 0x200f823f, 0x21678337, 0x2d493641, 0x33302105, 0x8205ce43, 0x21378407, 
    0xab464631, 0x85078205, 0x464620b7, 0x31210523, 0x051a6246, 0x62463121, 0x0f8205ea, 0x4620cf85, 0x8205b347, 0x20d7850f, 0x05bb4646, 0x42463121, 
    0x078205b8, 0x03482786, 0x860f8205, 0x05834627, 0x30203782, 0x30218f83, 0x05bb6733, 0x9f840782, 0x32200782, 0x43201786, 0xbf850786, 0x4130332a, 
    0x6f6f680d, 0x6f62616b, 0x490b9368, 0x33210649, 0x20ed8531, 0x06fd7e33, 0x4f7c3320, 0x33302105, 0x2106ad7e, 0x4d863233, 0x2105837b, 0xc4443330, 
    0x86fd8205, 0x06af425d, 0x41343321, 0x33200555, 0x20069078, 0x06887833, 0x42343322, 0x34208d85, 0x87694786, 0x843f8205, 0x840782e5, 0x333021dd, 
    0x8205c544, 0x85312007, 0x07c5422f, 0x8205cd44, 0x059d4117, 0x397b3320, 0x860f8205, 0x05476a7f, 0x7f860f82, 0x20064a4c, 0x064a4c33, 0x86353321, 
    0x8635207f, 0x06d9487f, 0x86353321, 0x055a697f, 0x63333021, 0x078205a8, 0xa8637f86, 0x48302006, 0x31210509, 0x05307a44, 0x48303221, 0x32220579, 
    0x6f844530, 0x30201782, 0x41058542, 0x442006ad, 0x82056864, 0x051d4217, 0xee444420, 0x840f8205, 0x200782af, 0x872f8637, 0x8639203f, 0x82a7840f, 
    0x82a7841f, 0x054d4207, 0x687a4420, 0x200f8205, 0x7c278546, 0x442006fb, 0x23053a48, 0x32444431, 0x57861786, 0x80649787, 0x44312205, 0x45578645, 
    0x0f82051e, 0x624e5786, 0x860f8205, 0x052e4557, 0x46443123, 0x7b4f8531, 0x442006af, 0x82052e45, 0x86342017, 0x86352017, 0x42a78607, 0x44200695, 
    0x2006f542, 0x05494944, 0x46303227, 0x6e750a30, 0x20b78269, 0x06e54434, 0x36200a82, 0x2206e544, 0x84433230, 0x200782f5, 0x824d8341, 0x21a58407, 
    0xb5853230, 0x0f860782, 0x21054e65, 0xed853230, 0x30200782, 0x15682f85, 0x32302105, 0x82050e66, 0x4117863f, 0x0f820585, 0x6c08452a, 0x76656e69, 
    0x09747265, 0x46054c51, 0x322007a2, 0x8205ae43, 0x0500423a, 0x5a4a3220, 0x82322005, 0x5f0c2cb8, 0x74726170, 0x665f412e, 0x86636172, 0x734f260c, 
    0x6873616c, 0x30198516, 0x736f7263, 0x72616273, 0x6d6f635f, 0x74636170, 0x2516951b, 0x7865725f, 0x1b8e1374, 0x0d208a83, 0x79251386, 0x69617472, 
    0x2061866c, 0x210d8263, 0x2e876369, 0x5f200c84, 0x2005e754, 0x262e8911, 0x685f6369, 0x8d6b6f6f, 0x656c2411, 0x85107466, 0x69662623, 0x79636174, 
    0x869b825f, 0x846f2055, 0x700e22b7, 0x07b86c65, 0x72757423, 0x0551466e, 0x2e383626, 0x706d6363, 0x2105aa60, 0x0c883137, 0x42323023, 0x200c8432, 
    0x136b5314, 0x61630c25, 0x536e6f72, 0x0f2006c9, 0x2b06fe4f, 0x696e755f, 0x45443230, 0x746f640c, 0x23056641, 0x15636c2e, 0x88140e53, 0x093e5354, 
    0x0e636c2c, 0x6772616c, 0x67697265, 0xde837468, 0xf7521520, 0x740d2a14, 0x65646c69, 0x74756361, 0x885d8265, 0x09ba5347, 0x92636c21, 0x94752014, 
    0x89752087, 0x0948542a, 0x10637522, 0x6324bf88, 0x2e626d6f, 0xad89258a, 0x11637522, 0x26868889, 0xe54e0f20, 0x6f643005, 0x632e6e77, 0x0a657361, 
    0x30696e75, 0x82413033, 0x830c2041, 0x3134280a, 0x75742e46, 0x850b6e72, 0x82362017, 0x8839201b, 0x6f742cab, 0x5f736f6e, 0x7272616e, 0x820d776f, 
    0x46312420, 0x842e4546, 0x210d8514, 0x0d8b4443, 0x0d8c4420, 0x298c4320, 0x0d8c4420, 0x8c464321, 0x200d8c37, 0x200d8645, 0x82678409, 0x43702027, 
    0x362406a5, 0x0d636c2e, 0xdc42ec84, 0x610d2507, 0x65747563, 0x08200d87, 0x2006125d, 0x20088741, 0x2008874f, 0x20088755, 0x20088761, 0x20088765, 
    0x2108876f, 0x3e860a79, 0x312e7523, 0x2757840c, 0x636c6264, 0x0e626d6f, 0x72240c84, 0x74686769, 0x1b850e83, 0x24066442, 0x6372610e, 0x093d5668, 
    0x72620c28, 0x69657665, 0x2883766e, 0x0c870f20, 0x1c852b86, 0x10250c86, 0x64697262, 0x862a8367, 0x850d2010, 0x2b0d8610, 0x6e61630f, 0x62617264, 
    0x75646e69, 0x11204b83, 0x09224818, 0x6f202188, 0x8205fb4a, 0x20218371, 0x21048210, 0x8a50616d, 0x210b8206, 0xef561262, 0x560d2011, 0x4a410cea, 
    0x656c2205, 0x24d68566, 0x76617267, 0x205c8665, 0x088c4711, 0x20075b41, 0x05ef5010, 0x61706224, 0x2f84616c, 0x72241087, 0x6f727465, 0x0b246f83, 
    0x61746f69, 0x0c203f86, 0x8307d844, 0x870f2018, 0x064f410c, 0x2c860f88, 0xfc440d20, 0x222d8308, 0x4b766f0d, 0xd58406e0, 0x3c860d88, 0x69721324, 
    0xb383676e, 0x6c616823, 0x20408666, 0x24138314, 0x68676972, 0x20148a74, 0x8614830b, 0x730e2620, 0x75676165, 0x07e3576c, 0x69740c28, 0x6d65646c, 
    0x61836469, 0x28870c85, 0x83095e4c, 0x4c11201b, 0x11830c6d, 0x73780824, 0xd4847075, 0x200e2258, 0x0a1d580b, 0x75220b89, 0x56180c63, 0x2e210864, 
    0x220c8b6c, 0x57146375, 0x6c20110b, 0x75221493, 0x29841263, 0x250cb857, 0x676e610c, 0x8b86656c, 0x61620e23, 0x23cd8272, 0x676e6f6c, 0x0246a384, 
    0x46122007, 0x6c24080b, 0x5f746665, 0x0d201f83, 0x8605f666, 0x740f27ee, 0x646b6361, 0x3245776f, 0x830f8308, 0x201f862b, 0x240f8310, 0x68676972, 
    0x20108674, 0x2110830d, 0x1e887075, 0x646c6926, 0x72657665, 0x70201e82, 0x0b207983, 0x2e227087, 0x66446375, 0x37332105, 0x0d2af682, 0x73616c73, 
    0x6f687368, 0x18827472, 0x845f0e21, 0x232a84ce, 0x0f6e632e, 0x240c4841, 0x62116e63, 0x44528272, 0x118709f8, 0x8709e444, 0x08a67211, 0x16204582, 
    0x8b091f43, 0x8b168a3a, 0x8915203f, 0x6f68232d, 0xba836b6f, 0x5a8b438d, 0x1e821320, 0x61616d2c, 0x6e656363, 0x67697274, 0x2a827468, 0x138b1420, 
    0x61746f24, 0x14826574, 0x6e411120, 0x27ea8708, 0x726f6b14, 0x73696e6f, 0x6c223c85, 0x3b836665, 0x21134046, 0xe3416e63, 0x6e632210, 0x26008200, 
    0xff010001, 0x820f00ff, 0x3a02b509, 0x00b400b4, 0x05a100a1, 0x040000d2, 0xfe00005e, 0xffe6055e, 0xff6c04ec, 0x8256fee8, 0x271b8619, 0xd205f0ff, 
    0xf0ff5e04, 0x05211d85, 0x821f82ea, 0xac00210b, 0x81320182, 0xfe018100, 0xd2fe3d01, 0x3302eefd, 0xc7fe4401, 0x1787e9fd, 0x05ae062f, 0x028203ed, 
    0x05e3069e, 0x027703f4, 0x224f8999, 0x82050000, 0x216d874f, 0x6f860306, 0xfe214f88, 0x225388d2, 0x86c8fe08, 0x89ee2057, 0x82032157, 0xb8225b88, 
    0x5f877803, 0x00b07708, 0x00b0202c, 0x59455855, 0xb84b2020, 0x4b510e00, 0x5a5306b0, 0x1b34b058, 0x605928b0, 0x558a2066, 0x2502b058, 0x0008b961, 
    0x63630008, 0x211b6223, 0x5900b021, 0x234300b0, 0x0100b244, 0x42604300, 0x2c01b02d, 0x666020b0, 0x2c02b02d, 0x21232123, 0x2c03b02d, 0x03b36420, 
    0x42001514, 0x4313b043, 0x42606020, 0x431402b1, 0x0325b142, 0x4302b043, 0xb0207854, 0x0882230c, 0x6461432a, 0x785004b0, 0x020202b2, 0xb0244682, 
    0x211c6521, 0xb2261583, 0x4201150e, 0x0a82201c, 0xb2422325, 0x82130113, 0xb023291b, 0x65585000, 0x0116b259, 0x2d2a2983, 0xb02c04b0, 0x15b02b03, 
    0x6f835843, 0x4316b023, 0x3e208643, 0x2064201b, 0xb050c0b0, 0xb25a2604, 0x430d0128, 0xb0456345, 0x21584506, 0x592503b0, 0x82585b52, 0x8a1b269c, 
    0x50b02058, 0x25128250, 0x201b5940, 0x098338b0, 0x59593824, 0x2d85b120, 0x28209182, 0x0d861282, 0x30b02022, 0xb0210c82, 0x2e298330, 0x205850c0, 
    0x8a8a2066, 0x0ab02061, 0x82605850, 0x8320203b, 0x830a201b, 0x83362009, 0x60363509, 0x5959601b, 0x02b01b59, 0x430cb025, 0x5200b063, 0x4b00b058, 
    0x21202c83, 0x1b230f82, 0x831eb04b, 0x4b1e2625, 0x0010b861, 0x2f118263, 0x0005b863, 0x64595962, 0x01b05961, 0x2359592b, 0x5922e285, 0xcf826420, 
    0x5942232d, 0x2c05b02d, 0xb0204520, 0x82612504, 0x43072ed3, 0x07b05850, 0x08b04223, 0x211b4223, 0x24328221, 0x06b02d60, 0x28fe842c, 0x64202b03, 
    0x426207b1, 0x831c8320, 0x851b20ee, 0x280583be, 0x456007b0, 0x2a05b063, 0x241c8221, 0x208a2043, 0x386b828a, 0x250530b1, 0x512604b0, 0x1b506058, 
    0x58595261, 0x59215923, 0x5340b020, 0x231b8258, 0x40b0211b, 0x2d2a8a87, 0xb02c07b0, 0xb22b4309, 0xe6410200, 0x82082005, 0x42233a0e, 0x00b02023, 
    0xb0614223, 0xb0666202, 0x01b06301, 0x2a07b060, 0x2c09b02d, 0x26ad8320, 0xb863430e, 0x82620004, 0x22af8222, 0x83596040, 0x44602122, 0x2d2c2482, 
    0xb22c0ab0, 0x43000e09, 0x212a4245, 0x21083842, 0x48422c0b, 0x850c200d, 0x2b012245, 0x82178223, 0x206032fa, 0x61238a45, 0xb0206420, 0x21585020, 
    0xb01b00b0, 0x21578230, 0xa4821b20, 0xb025a587, 0x61232503, 0x20628544, 0x213e960d, 0x358224b0, 0xda883c82, 0x0e21348b, 0x25d0842c, 0x000c0db3, 
    0x65824503, 0x21231b35, 0x2d212a59, 0xb12c0fb0, 0xb0450202, 0x2d446164, 0x822c10b0, 0x202029c2, 0x4a430fb0, 0x585000b0, 0x23240882, 0x10b05942, 
    0x52200d83, 0x10200d82, 0x2d220d82, 0x488211b0, 0x83621021, 0xb82024f1, 0x82630004, 0xb02708b8, 0x20604311, 0xb020608a, 0x23422311, 0x2c12b02d, 
    0xb158544b, 0x59446404, 0x650db024, 0xb02d7823, 0x514b2c13, 0x85534b58, 0x211b2114, 0x13201782, 0x143c1784, 0x1200b12c, 0xb1585543, 0xb0431212, 
    0xb0426101, 0xb0592b11, 0x02b04300, 0x0fb14225, 0x10200483, 0xb0240482, 0x20231601, 0x502dc982, 0x0001b158, 0x04b06043, 0x8a8a4225, 0x23768320, 
    0x23212a10, 0x0b873682, 0x1f851b20, 0x02233283, 0x82b06125, 0x8259201d, 0x824720c9, 0x604723bf, 0xac4102b0, 0xb020210d, 0x0814c241, 0x0000b141, 
    0xb0442313, 0x00b04301, 0x0101b23e, 0x42604301, 0x2c15b02d, 0x0200b100, 0xb0585445, 0x20422312, 0x230eb045, 0x230db042, 0x426007b0, 0x18b76020, 
    0x11000118, 0x42001300, 0x608a4242, 0x8214b020, 0x61012e1b, 0x2b0814b1, 0x1b2b8bb0, 0xb02d5922, 0x27e38216, 0xb02d2b15, 0x01b12c17, 0x18230783, 
    0x8302b12c, 0x2c192307, 0x078303b1, 0xb12c1a23, 0x23078304, 0x05b12c1b, 0x1c230783, 0x8306b12c, 0x2c1d2307, 0x078307b1, 0xb12c1e23, 0x23078308, 
    0x09b12c1f, 0x2b240783, 0xb020232c, 0x2e057f41, 0x4b6006b0, 0x20235854, 0x5d01b02e, 0x8221211b, 0x8a2c206c, 0x8816201c, 0x8571201c, 0x8a2d201c, 
    0x8826201c, 0x8572201c, 0x2c20251c, 0x2b0fb000, 0xb023e798, 0x85b56101, 0x8be783ea, 0x822120df, 0x822020df, 0x822220df, 0x200783df, 0x83df8223, 
    0x82242007, 0x200783df, 0x83df8225, 0x82262007, 0x200783df, 0x83df8227, 0x82282007, 0x200783df, 0x83df8229, 0x822a2007, 0x320783df, 0x3c202c2e, 
    0x2d6001b0, 0x202c2fb0, 0x6018b060, 0x82234320, 0xb043240e, 0x82612502, 0x2eb03507, 0xb02d212a, 0x2fb02c30, 0x2a2fb02b, 0x2c31b02d, 0x20472020, 
    0x2716cd41, 0x23386123, 0x58558a20, 0x1b25219c, 0xb02d5921, 0x07e24132, 0x060eb134, 0x01b04245, 0x2a31b016, 0x150105b1, 0x59305845, 0x2082221b, 
    0x1e413320, 0x2323970a, 0x35202c34, 0x3520b984, 0x47854d82, 0x26444520, 0x01b02211, 0x147b422b, 0x00231783, 0x8300b416, 0x3e442700, 0x34b13823, 
    0xeb831501, 0x202c3623, 0x94c0823c, 0xb0602f33, 0x38614300, 0x2c37b02d, 0x2d3c172e, 0x2a9f38b0, 0x4301b023, 0x082e8263, 0xb12c3933, 0x25160002, 
    0x47202e20, 0x422300b0, 0x492502b0, 0x23478a8a, 0x20612347, 0x211b6258, 0x2301b059, 0x0138b242, 0x2a141501, 0x2c3ab02d, 0xb01600b0, 0x24268217, 
    0x04b02504, 0x2f268425, 0x42000cb1, 0x2b430bb0, 0x232e8a65, 0x8a3c2020, 0x3b205382, 0x2021268d, 0x2428842e, 0x2306b020, 0x3e2d8742, 0x5060b020, 
    0x40b02058, 0x04b35851, 0x1b200520, 0x052604b3, 0x4242591a, 0x0ab02023, 0x828a2043, 0x2581827f, 0xb0604623, 0xae434306, 0x2060240f, 0x462b01b0, 
    0x04300595, 0x23646043, 0x614305b0, 0xb0585064, 0x1b614304, 0x60240b82, 0x2503b059, 0x6120338f, 0xb0289a82, 0x46232604, 0x231b3861, 0x46206182, 
    0x0682e782, 0x4f829784, 0x88826492, 0x232b0122, 0x60207e82, 0xb0236d82, 0x82612505, 0x82558f03, 0x20612451, 0x832504b0, 0x82032084, 0x06494505, 
    0x59236b89, 0x413cb02d, 0x2025070b, 0x05b02020, 0x060b4126, 0x383c2325, 0x883db02d, 0x0ab0231a, 0x1f824223, 0x47234622, 0x23216c82, 0x201b8261, 
    0x0842413e, 0x6941cc83, 0x00b02905, 0x202e5854, 0x1b21233c, 0x0220bd83, 0x54821485, 0x22088a41, 0x822506b0, 0x484920a5, 0xc4410bbb, 0x11794205, 
    0x41236021, 0x232106ad, 0x20a48221, 0x20898a3f, 0x25a28643, 0x20b06020, 0xf28f6660, 0x2507e241, 0x20232c40, 0x6982462e, 0x17b04635, 0x1b505843, 
    0x20585952, 0xb12e593c, 0x2b140130, 0x8c41b02d, 0x1b52221d, 0x201d8c50, 0x871d8c42, 0x8f4f8b3b, 0x2c432431, 0x9b2b3ab0, 0x2c442e70, 0x8a2b3bb0, 
    0xb03c2020, 0x8a422306, 0x252a9938, 0x2e4306b0, 0xa28230b0, 0xf2844520, 0xb0250424, 0x79412604, 0xb0612405, 0x4242230c, 0xb02205a9, 0x6d82430b, 
    0x2e203c24, 0xd0863823, 0xb12c462a, 0x4225040a, 0xb01600b0, 0x25203283, 0x202dd242, 0x47c54247, 0x2502b024, 0xdd826146, 0x38233c26, 0x2020211b, 
    0x21082f42, 0xa7865921, 0xb12c4725, 0x412b3a00, 0x48200786, 0x3b230d82, 0x4123212b, 0xcd860617, 0x24080241, 0x00b02c49, 0x05f64315, 0x0100b22d, 
    0x13141501, 0x2a36b02e, 0x964ab02d, 0x2c4b2817, 0x140100b1, 0x8237b013, 0x2c4c2323, 0x068239b0, 0x2a824d20, 0x23451629, 0x46202e20, 0x4161238a, 
    0x4e30072d, 0x230ab02c, 0x2b4db042, 0x2c4fb02d, 0x460000b2, 0x50200882, 0x01200882, 0x51230883, 0x8401b22c, 0x82522011, 0x20118408, 0x211a8253, 
    0x23824700, 0x08825420, 0x08830120, 0x1a825520, 0x56201184, 0x11840882, 0xb32c5726, 0x43000000, 0x58202482, 0x01200982, 0x59230984, 0x8501b32c, 
    0x825a2013, 0x20138509, 0x221d825b, 0x82430100, 0x825c2027, 0x84012009, 0x825d2009, 0x2013851d, 0x8509825e, 0x825f2013, 0x4500216a, 0x60202682, 
    0x01200882, 0x61200883, 0x11846a82, 0x08826220, 0x63201184, 0x00211a82, 0x20238248, 0x20088264, 0x20088301, 0x841a8265, 0x82662011, 0x20118408, 
    0x20978467, 0x20248244, 0x83978468, 0x84692009, 0x20098397, 0x8397846a, 0x846b2009, 0x20098397, 0x8397846c, 0x846d2009, 0x20098397, 0x8397846e, 
    0x2c6f2409, 0x413c00b1, 0x702008c0, 0xb0210d84, 0x205e8240, 0x200a8571, 0x240a8241, 0x00b02c72, 0x21268316, 0x0d8242b0, 0xb12c7325, 0x842b3c01, 
    0x85742023, 0x2023830a, 0x83238475, 0x20238318, 0x203c8276, 0x2055883d, 0x840d8477, 0x85782031, 0x8241200a, 0x85792047, 0x202e830a, 0x2047827a, 
    0x2052853d, 0x830a857b, 0x857c2020, 0x2020830a, 0x202b827d, 0x204f883e, 0x840d847e, 0x857f204f, 0x202e830a, 0x200a8580, 0x205a8242, 0x20398281, 
    0x204f853e, 0x830a8582, 0x85832020, 0x2020830a, 0x202b8284, 0x204f883f, 0x840d8485, 0x8586204f, 0x8241200a, 0x85872044, 0x202e830a, 0x20398288, 
    0x204f853f, 0x830a8589, 0x858a2020, 0x0820830a, 0xb22c8b21, 0x4503000b, 0x06b05850, 0x0204b21b, 0x23584503, 0x59211b21, 0xb02b4259, 0x03b06508, 
    0x47785024, 0x2d2e07d0, 0x00b84b00, 0xb15852c8, 0x598e0101, 0xf24d01b0, 0xb1703005, 0x40420700, 0x5f6f7f09, 0x2737434f, 0x842a0007, 0x7410300f, 
    0x54086408, 0x3c064808, 0x1e082c06, 0x860a0707, 0x067c2d16, 0x065c066c, 0x0442044e, 0x05250634, 0x0e351684, 0x1d094142, 0x15401940, 0x0f401240, 
    0x07400b40, 0x000700c0, 0x202f820b, 0x21188215, 0x018c4000, 0xb92f1883, 0x00000300, 0x0124b144, 0xb0585188, 0x86588840, 0x8328200f, 0x08b8220f, 
    0x23108700, 0x27b11b59, 0xba291283, 0x01008008, 0x63884004, 0x20298654, 0x08008359, 0x76104025, 0x56066606, 0x3e044a06, 0x20062e04, 0x2a0e0705, 
    0x85ff01b8, 0xb18d04b0, 0xb3440002, 0x00066405, 0x05004444, 0x5d7342fa, 0x0000003a, 
};

