// File: '/tmp/extras/ttf/Inter-BoldItalic.ttf' (425296 bytes)
// Exported using binary_to_compressed_c.cpp
const unsigned int font_inter_bold_italic_compressed_size = 284583;
const unsigned int font_inter_bold_italic_compressed_data[284584/4] =
{
    0x0000bc57, 0x00000000, 0x507d0600, 0x00000400, 0x00010025, 0x82110000, 0x043e0804, 0x44471000, 0x73614645, 0x00003a5d, 0x00001c01, 0x5047ee03, 
    0x672c534f, 0x000036fa, 0x01000c05, 0x5347285b, 0x196f4255, 0x0100cc78, 0x00003460, 0x534f365e, 0x1920322f, 0x010009a8, 0x45826cbe, 0x6d636028, 
    0x0b337061, 0x0f82cd37, 0x0000cc30, 0x7663c264, 0xdc812074, 0x06007c43, 0x5382506d, 0x70660434, 0x2f626d67, 0x06008107, 0x0000546e, 0x61670c0e, 
    0x37827073, 0x1f821020, 0x07824820, 0x6c67083c, 0xd4ca6679, 0x02008824, 0x03009023, 0x6568bc68, 0x4d346461, 0x05001674, 0x1f824c8c, 0x82683621, 
    0x87172310, 0x0f82371c, 0x0f828420, 0x6d682428, 0x85c47874, 0x0f828003, 0x0000a830, 0x6f6c542d, 0x91116163, 0x05009ced, 0x0f82fcb9, 0x616d582b, 
    0x500d7078, 0x05008c0f, 0x296f82e7, 0x616e2000, 0x1f0f656d, 0x0f82d11d, 0x00742008, 0x70900700, 0x2374736f, 0x00f0a800, 0x0004ef05, 0x70417e00, 
    0x68706572, 0x007a23ff, 0x82607c06, 0x00ef265f, 0x00020001, 0x8209820e, 0xae032102, 0x9a200b82, 0xad200382, 0xaf281582, 0x01001601, 0x8a011801, 
    0x8c220582, 0x05829901, 0xd8019b22, 0xda220582, 0x0582f901, 0x2902fb28, 0x2b020100, 0x05828402, 0x86028622, 0x89220582, 0x0582a802, 0xaf02ac22, 
    0xb1220582, 0x0582b202, 0xc502b722, 0xc7280582, 0x01003903, 0x46033c03, 0x48220582, 0x05825603, 0x5b035922, 0x5d220582, 0x05825e03, 0x77036022, 
    0x79210582, 0x23298203, 0xe003c703, 0xe3220b82, 0x0582e903, 0xeb03eb22, 0xed220582, 0x0582ed03, 0x0704f328, 0x09040100, 0x05820b04, 0x0f040e22, 
    0x11220582, 0x05821404, 0x1a041722, 0x1c220582, 0x05822d04, 0x2f042f22, 0x31220582, 0x05823504, 0x50043722, 0x52220582, 0x05825204, 0x55045422, 
    0x57220582, 0x05825804, 0x61045a22, 0x63220582, 0x05827a04, 0x8e047c22, 0x91220582, 0x05829404, 0xa9049822, 0xad220582, 0x0582c404, 0xca04c822, 
    0xcc220582, 0x0582d104, 0xd304d322, 0xd5220582, 0x0582e104, 0x8204e421, 0xee04238f, 0x0b82ee04, 0xf104f122, 0xf3220582, 0x0582f404, 0xf804f622, 
    0xfa280582, 0x0100ff04, 0x0d050d05, 0x0f220582, 0x05821205, 0x82051421, 0x190523a1, 0x0b821905, 0x1e051b22, 0x20220582, 0x05822205, 0x2a052a22, 
    0x2c220582, 0x05822c05, 0x30053022, 0x32220582, 0x05823305, 0x3a053a22, 0x3c220582, 0x05823c05, 0x4a054922, 0x4f220582, 0x05825005, 0x83058022, 
    0x89220582, 0x05828a05, 0xfa05f928, 0x04060100, 0x05820406, 0x23060822, 0x26220582, 0x05822806, 0x82063421, 0x390623f5, 0x0b824106, 0x54064322, 
    0x57220582, 0x05825906, 0x66066522, 0x6b220582, 0x05826c06, 0x71066f22, 0x84220582, 0x05828506, 0x82068821, 0x9e06234d, 0x0b82a106, 0xa306a322, 
    0xa5220582, 0x0582a606, 0xac06ac22, 0xb0220582, 0x0582b006, 0xb806b422, 0xbe220582, 0x0582be06, 0xd106ca2e, 0xe3060300, 0x0100e706, 0x37073707, 
    0x50220582, 0x05826a07, 0x6d076c22, 0x74220582, 0x05827407, 0x76077622, 0x8d220582, 0x0582a807, 0xab07aa22, 0xb2220582, 0x0582b207, 0xb407b422, 
    0xcb220582, 0x0582d907, 0xda07da2d, 0xe6070300, 0x01004708, 0x82084a08, 0xb9082371, 0x0b82ba08, 0xc208bd28, 0xc5080300, 0x0b82c708, 0xcc08cc22, 
    0xdb220582, 0x0582e908, 0xea08ea22, 0xf4221782, 0x0b82f508, 0xf808f722, 0xfb220582, 0x0582fd08, 0x0209ff28, 0x04090100, 0x05820509, 0x0e090e22, 
    0x12220582, 0x05821209, 0x18091822, 0x1b220582, 0x05821b09, 0x1e091d22, 0x20220582, 0x05822009, 0x24092422, 0x28220582, 0x05822809, 0x2a092a22, 
    0x2c220582, 0x05822c09, 0x32093222, 0x36220582, 0x05823609, 0x4d094a22, 0x58220582, 0x05825c09, 0x62095e22, 0x64220582, 0x05826409, 0x86096c22, 
    0x8f220582, 0x0582a309, 0xa909a722, 0xac220582, 0x0582af09, 0x8209b421, 0xb80923d7, 0x0b82c009, 0xe309c42e, 0x2f0a0100, 0x0300510a, 0x5b0a540a, 
    0x6b220582, 0x0582c00a, 0xd30ad322, 0xd4220582, 0x1d82d40a, 0xe10ae022, 0xe6280582, 0x0200e60a, 0xf50af50a, 0xf6221782, 0x1182f60a, 0xf70af728, 
    0x020b0300, 0x0582020b, 0x040b0328, 0x0d0b0100, 0x05820d0b, 0x110b1122, 0x19220582, 0x0582190b, 0x310b3122, 0x48240582, 0x01004c0b, 0x02240182, 
    0x0c000000, 0x12200382, 0x01220b82, 0x0582d006, 0x06152408, 0x06cc06cb, 0x06ce06cd, 0x08bd08cf, 0x0a6b0abe, 0x0a6d0a6c, 0x0a6f0a6e, 0x0a710a70, 
    0x0a920a8b, 0x82be0a98, 0x82f72075, 0x82002065, 0x0000262f, 0x003a0020, 0x0801820a, 0x9a00503a, 0x5800a600, 0x68006000, 0x78007000, 0x90008000, 
    0x46440400, 0x7200544c, 0x6c727963, 0x72677600, 0x76006b65, 0x6e74616c, 0x0500c000, 0x70737063, 0x656b8200, 0x8e006e72, 0xbc2e0584, 0x6b72616d, 
    0x6b6d9800, 0x88006b6d, 0x95820100, 0xb4000125, 0x82000200, 0x1c012365, 0x07830400, 0x86ae0021, 0x86b22007, 0x86b62007, 0x86ba2007, 0x00be2207, 
    0x202782d2, 0x26038270, 0x00100006, 0x82d80001, 0x82092003, 0x00022409, 0x82b800b0, 0x84022015, 0x01f4220b, 0x200b82e2, 0x831b8200, 0x00012206, 
    0x24068209, 0x00020003, 0x20118403, 0x334b8205, 0x00060005, 0x00080007, 0x430300b6, 0x00205441, 0x4c4f4db6, 0x52220582, 0x05824d4f, 0x06202d82, 
    0x33862d86, 0x82ffff21, 0x00012639, 0x00cc2301, 0x26618205, 0x22010020, 0x82582fbe, 0x3bd62105, 0x82220583, 0x0b82b627, 0x832a8821, 0x2294220b, 
    0x220b8282, 0x8272229c, 0x2c7c2205, 0x220582b4, 0x82c63582, 0x320e2239, 0x2205823e, 0x8266463c, 0x00022449, 0x8550f700, 0x82762507, 0xffff0000, 
    0x00209182, 0x04207184, 0xe4222f82, 0x29829a22, 0xb6221222, 0xc6200b82, 0x07221984, 0x018b6a22, 0x01203188, 0x3182d182, 0x84f02821, 0x24722825, 
    0x251824ca, 0x82ca2306, 0x23942a01, 0x255225d6, 0x23e824ba, 0x22018294, 0x86b823dc, 0x84d02001, 0x26d02607, 0x2362242e, 0x222382ca, 0x8cd02384, 
    0x24be2401, 0x82c42396, 0x23078201, 0xb0249624, 0x7c260182, 0xc423e623, 0x4188f425, 0x0988f020, 0x4f855383, 0x70269a24, 0x0182a023, 0xfa23fa22, 
    0xc4204d82, 0xc4205982, 0xd6320d84, 0x04242224, 0x3024a623, 0xac233e24, 0x4c24b223, 0x01830e24, 0x872c2521, 0x18242343, 0xaf841824, 0x8823d621, 
    0xb0242201, 0x847d8223, 0x84c42003, 0x82b02081, 0x82d62021, 0x82d02057, 0x00d6242b, 0x83425202, 0xd85328ed, 0x42005457, 0x90004000, 0xbbff2100, 
    0xff211287, 0x970987c5, 0xf0ff2107, 0xff251991, 0xff0000f5, 0x221792a4, 0x8dc6ff63, 0xd4ff2115, 0x0d850f8d, 0x8598ff21, 0x00002307, 0x09878cff, 
    0xff2107af, 0x21319175, 0x1391a3ff, 0xff21118f, 0x93118fb0, 0xc9ff210f, 0xff211589, 0x890b89aa, 0xebfe2109, 0x09870b89, 0x838aff21, 0x43ff2009, 
    0x0a830559, 0x7f410396, 0xa2209609, 0xafff2116, 0x57b82491, 0x4b912520, 0x2b2211aa, 0x2daa1e00, 0xb1412a8c, 0x88308c23, 0x80ff220c, 0xb8009000, 
    0xbd4990ff, 0xfbff2110, 0xff213f99, 0x231b87a6, 0x35ff3eff, 0x07830b87, 0xff4cff23, 0x8d0783c4, 0x98ff2303, 0x118d47ff, 0xff000023, 0x431187d1, 
    0xff230d6f, 0x87ccffbb, 0x2007f019, 0x2171a56e, 0xbb88b5ff, 0x00003b23, 0x9a0c87ff, 0x13e94307, 0x46203982, 0xff203287, 0x0b854782, 0x0f850989, 
    0xbb202188, 0x25057144, 0x0000bbff, 0x1582aaff, 0x03821e20, 0x2fff002a, 0xf5fe5eff, 0x3effd1ff, 0x69200d84, 0x210f5142, 0x2f84bbff, 0x9aff9722, 
    0x00231f83, 0x836fff00, 0x34ff2107, 0x00230583, 0x825eff00, 0x83e12003, 0x46ff250b, 0xe6ffc8ff, 0x4a200984, 0x038a0583, 0x0b8a1820, 0x79440020, 
    0xa6ff2107, 0xbf438383, 0x17b14205, 0x8b33ff21, 0x210b8539, 0x4d8cf5ff, 0x0d8bae20, 0xff210b85, 0x870785bf, 0x23638505, 0x93ff0000, 0x27076745, 
    0x8cff8cff, 0xe8fef7fe, 0x1b822187, 0x430a4743, 0x4541058d, 0x52ff2107, 0x75231d82, 0x9600e9ff, 0xc6ff2100, 0x85441f82, 0x830d2005, 0x82ff2022, 
    0x0d43410b, 0x83defe21, 0x23038f17, 0x5eff48ff, 0xff211389, 0x850b89d7, 0x85438d09, 0x2105cb13, 0xe18326ff, 0x0f46e588, 0xbd7f8b10, 0x188f428b, 
    0x83064342, 0x0fb341d5, 0x03971383, 0xffbeff23, 0xab1b97be, 0x05754217, 0xffd3ff23, 0x23df85d7, 0x0000e6ff, 0x89178942, 0x05094219, 0x85cfff21, 
    0x83ff2169, 0x058b0785, 0x8b60ff21, 0x230b950d, 0xe9feddff, 0x95057143, 0x0000211f, 0x97391346, 0x46178451, 0x554316e3, 0xa729840d, 0x20518d04, 
    0x8b36a71b, 0x19754127, 0x0be9258b, 0x83118d43, 0x09b3457b, 0x039d0d83, 0x9de5ff21, 0xab1db51f, 0x2161a181, 0x238969ff, 0x21718141, 0x7d83d5ff, 
    0x84059146, 0x83f22009, 0xd9039105, 0x3dd54499, 0x11ada991, 0x8505e548, 0x39eb43ff, 0x200ce948, 0x21818723, 0x0987d8ff, 0xf74207ad, 0x8543ad15, 
    0xeaff212d, 0x05a70785, 0xa7e7ff21, 0xb7278d29, 0x4b458ee9, 0x00201245, 0xcd4d00b8, 0xc8ff2127, 0x38ba62b8, 0xba21974d, 0x433aaa5c, 0xff210fd7, 
    0x233c9bb8, 0xb2ffa5ff, 0x8513ff49, 0x4705e513, 0xa0c83a23, 0xa9f3ff21, 0x1fe9414a, 0xa90f8141, 0x45299d59, 0x279e09d3, 0x20097f51, 0x83299d52, 
    0x11e94f1d, 0x00a3ff23, 0x05c34500, 0xfe21c98d, 0x8f818ff5, 0x8a00200f, 0x463b8300, 0xff213909, 0x864a8a11, 0x15a94d0a, 0x06ea1c86, 0x89d9ff21, 
    0xe3ff216c, 0x09da0b89, 0x5bc83720, 0x49c81920, 0xff224894, 0xc94e00f5, 0x501e8506, 0x13830d41, 0x839bff21, 0x2003bd05, 0x14f94dff, 0xfe215387, 
    0x230987f7, 0x89ff0000, 0x09a30b89, 0x2109014d, 0x2fa3eeff, 0xff2123ef, 0x2371a7d3, 0xd5ffcdff, 0x4f23ff48, 0xef2008c5, 0xff205983, 0x43063b41, 
    0xa15013d9, 0x9d258305, 0xe1ff2103, 0x00231f9d, 0x9f84ff00, 0x211f9321, 0x1593f1ff, 0x32201386, 0x00260786, 0x46ff23ff, 0x1b500000, 0x48238315, 
    0xdb440745, 0x9819830d, 0x98452003, 0x2118b419, 0x36a07fff, 0x21981020, 0x21220753, 0x3d98c0ff, 0xff2118a8, 0x212a91d2, 0x1391c1ff, 0x3d4d1183, 
    0x511d2016, 0x248308bf, 0x1758038c, 0x202e8a21, 0x420b875d, 0xc1410f93, 0xc042872a, 0x217f4307, 0xff35ff23, 0x21669ba1, 0x1d9bb6ff, 0xab431b9d, 
    0x9ded2008, 0x581da127, 0x2da10b81, 0x09412193, 0xb1ff2117, 0x79442d83, 0xc3278323, 0x05f14e03, 0xff234987, 0x4356ffaf, 0xff2109ff, 0x8b1787ef, 
    0x16b14207, 0x0bbe228b, 0x00f2ff25, 0x42f0ff00, 0x549b0fb1, 0x3f41a98d, 0x0b575013, 0xff214995, 0x227582bb, 0x8a23ff00, 0x899820ff, 0xe0ff2129, 
    0xff250b83, 0xff000089, 0x4d0382aa, 0x5d47189b, 0x48bb8305, 0x282110dd, 0x21008400, 0x06848eff, 0xff2104a8, 0x472a85a5, 0x93540553, 0xdaff211d, 
    0xdf429b82, 0x101f5c08, 0x49851620, 0xff2105bd, 0x823fbdac, 0xbdbc20a1, 0x9dff2141, 0xff203fa7, 0x2011eb43, 0x203b831a, 0x2181a6ff, 0x2d83b9ff, 
    0xff210397, 0x491987d0, 0xff210d53, 0x8917879c, 0xb5ff2107, 0x89112b4c, 0x4409e71d, 0x7f8b1777, 0x8b1b215b, 0x9d0bb527, 0xafff2381, 0x57b5ceff, 
    0x0148358c, 0xb1268c19, 0x0505440c, 0x31c937b1, 0x2183594b, 0xcfc8ebff, 0xde390128, 0x01000100, 0x0582750a, 0xda390022, 0x01220582, 0x1184190b, 
    0x11847620, 0x0582ce20, 0x330a022a, 0x0200350a, 0xc6390000, 0xcc200382, 0x073a1182, 0xd006ca06, 0xda07d106, 0x7b0aea08, 0x0100930a, 0xe9fecc06, 
    0x00000700, 0x21820a3a, 0x0382b020, 0x0382b620, 0x0382bc20, 0x0382c220, 0x0382c820, 0x3f82ce20, 0x06042e08, 0x00cf06cb, 0x08bd0800, 0x0a0500be, 
    0x006f0a6b, 0x0af70a07, 0x000c00f7, 0x399a390d, 0x39a039e2, 0x39ac39a6, 0x39b239d6, 0x39b839dc, 0x220182be, 0x83ca39c4, 0xbe052d6d, 0xc005bf05, 
    0xa808db07, 0xac08a908, 0x202e8564, 0x20858615, 0x2007828c, 0x20038292, 0x20038298, 0x2403829e, 0x390000e6, 0x200382a4, 0x830382ec, 0x82aa2007, 
    0x93038307, 0x84e020bd, 0x390022c1, 0x200782d4, 0x200382da, 0x20cd82e0, 0x0803820f, 0x00000962, 0x96000b00, 0xa1000800, 0x9400c500, 0xe900c700, 
    0x0a01b900, 0xdc008901, 0xa3018c01, 0xa5015c01, 0x7401ee01, 0xfa01f001, 0xda03be01, 0xc901dc03, 0x3504ea03, 0x2505cc01, 0x18022505, 0xe108db08, 
    0xf3081902, 0x20021109, 0x80095809, 0xa5093f02, 0x6802a909, 0xe8050100, 0x0100a3ff, 0x98ff3807, 0x72280b82, 0x0100afff, 0x0f007406, 0x6a220582, 
    0x05833900, 0x82e3ff21, 0x83072017, 0x72052317, 0x238480ff, 0x3584bb20, 0x05222982, 0x0b84ff07, 0x00250023, 0x21478302, 0x2782b106, 0x93050224, 
    0x4f82afff, 0x13825e20, 0x09821f82, 0x09828c20, 0xbbff7222, 0x752a2182, 0x2a060200, 0x3006acff, 0x0982f3ff, 0xd7ff8426, 0xe5ff9006, 0x98262784, 
    0xb2ffcd05, 0x63820300, 0xbf05bb22, 0xc0302b82, 0x03003bff, 0xbaff7306, 0xf5ff7406, 0xf5ff7906, 0x99200d82, 0x9a202f82, 0x9b320382, 0x0500d7ff, 
    0x50ff6a06, 0xcdff8b06, 0xa5ff9906, 0x03829a06, 0xa5ff9b24, 0x7b820600, 0xab05bb22, 0xaf223f82, 0x7982bbff, 0xde077522, 0xe0200782, 0x063ea582, 
    0xf3ff2405, 0xe6ff2905, 0xe7ff7405, 0xe9feb305, 0x8cfeb405, 0xc1ffd206, 0x78030600, 0x7782a3ff, 0x8e057524, 0x858200ff, 0xd9053b22, 0xe8200f82, 
    0x3393c982, 0x3384e920, 0x63820720, 0xaf059823, 0x22b583ff, 0x84e705af, 0x82bb20db, 0x0798266b, 0x0098ffe0, 0x206b8207, 0x246b82ec, 0xff2d05ec, 
    0x20598280, 0x205982a3, 0x2e59828c, 0xfee80546, 0x050900bb, 0x05afff90, 0x8275ffbe, 0x057522e7, 0x280782c0, 0x0798ffe8, 0x0875ffdb, 0x200382a8, 
    0x220382a9, 0x8275ffac, 0x82ab2025, 0x8209823b, 0x05802265, 0x212582b0, 0xcd83ffb7, 0xdf078022, 0xe0240782, 0xe10780ff, 0x0c202582, 0xd1204782, 
    0xd1204782, 0xd1264782, 0xf5ffeb05, 0x0382ec05, 0x0382ee20, 0x0382f120, 0xf5fff822, 0xd1205782, 0xd12c5782, 0xd1ffa908, 0xd1ffac08, 0x07050d00, 
    0x9322b582, 0xc1829cff, 0xac05a924, 0x5f828cff, 0x5f82a920, 0xb7058c22, 0xcd260b82, 0x3807b2ff, 0xc982afff, 0x6782a920, 0xcd828c20, 0x6782a920, 
    0x0e008c28, 0xa3ffb105, 0x0382b205, 0xc3ffbe22, 0xc3206f82, 0xc3246f82, 0xa3ffe805, 0xc3225f82, 0x0782e407, 0xa3ffe522, 0xc3206782, 0xc3206782, 
    0xc3226782, 0x0f82eb08, 0xa3ffec28, 0xec030e00, 0x7382b2ff, 0x27056926, 0x930569ff, 0xab220382, 0x73823bff, 0x16073b22, 0x1d206b82, 0x5e206f84, 
    0x3b206f82, 0x3b266b82, 0xb2ff030a, 0x0382040a, 0xb2ffd424, 0x2d821000, 0xa5828020, 0xad054626, 0xae05bbff, 0xaf240382, 0xc70546ff, 0xe9240782, 
    0xea05afff, 0xee240382, 0xf105d2ff, 0xf2240382, 0x9106afff, 0x38228382, 0x49828cff, 0x49824620, 0xa7084632, 0x3100bbff, 0x45008a01, 0x45008b01, 
    0x45006702, 0x1020f784, 0x11203582, 0x12200382, 0x19200382, 0x1c201382, 0x1d200382, 0x1e200382, 0x1f24d982, 0x220523ff, 0x23240782, 0x24058cff, 
    0x26200782, 0x28200382, 0x29200382, 0x2a200382, 0x2b200382, 0x2c201f82, 0x2d200782, 0x2f201f82, 0x86200782, 0x91204382, 0x93243b82, 0x9e055eff, 
    0xab200782, 0xaf200f82, 0xeb240382, 0xec0575ff, 0xef200382, 0xf8200b82, 0xfd200782, 0xfe302b82, 0x04064500, 0xe206c500, 0x1e074500, 0x1f07afff, 
    0x20200382, 0x21200b82, 0x22200382, 0x23200382, 0x24200382, 0xc1830382, 0x07823f20, 0x1f82de20, 0xafffe02a, 0x4500f40a, 0x49000200, 0x060a0182, 
    0x00000053, 0x0088005f, 0x00a1000b, 0x003500ad, 0x00c400af, 0x01760142, 0x01580076, 0x0099018d, 0x019b0159, 0x016600a2, 0x00a701a5, 0x022b026e, 
    0x02710035, 0x00660247, 0x027f027c, 0x029c0082, 0x00860286, 0x028902a0, 0x03a10091, 0x002a0329, 0x034803aa, 0x03ac0056, 0x005b0359, 0x036003bb, 
    0x04be0073, 0x00130413, 0x043504d2, 0x04d30035, 0x00ce04ce, 0x04fb04d4, 0x04d500fb, 0x00ff04fe, 0x051105d6, 0x05d80012, 0x00140514, 0x051905da, 
    0x06db0019, 0x000a060a, 0x060c06dc, 0x06dd000c, 0x000f060f, 0x061a06de, 0x06df001b, 0x003b063b, 0x063d06e1, 0x06e2003d, 0x00400640, 0x064b06e3, 
    0x06e4004c, 0x00b806b4, 0x06e306e6, 0x07eb00e3, 0x00520752, 0x075407ec, 0x07ed0054, 0x00570757, 0x076207ee, 0x07ef0063, 0x008f078f, 0x079107f1, 
    0x07f20091, 0x00950795, 0x07a007f3, 0x07f400a1, 0x00d107d1, 0x07d707f6, 0x07f700d9, 0x00ee07ee, 0x07f107fa, 0x07fb00f4, 0x00f907f7, 0x081008ff, 
    0x08020115, 0x01370837, 0x083a0808, 0x0809013d, 0x01420840, 0x085d080d, 0x08100164, 0x0180087e, 0x088a0818, 0x081b018a, 0x018e088e, 0x0896081c, 
    0x081d0196, 0x01980898, 0x08e1081e, 0x081f01e1, 0x01e908e7, 0x09040920, 0x09230104, 0x011b091b, 0x095f0924, 0x09250160, 0x0170096e, 0x097a0927, 
    0x092a017a, 0x01910990, 0x0995092b, 0x092d0195, 0x01990998, 0x099b092e, 0x0930019b, 0x01a909a7, 0x09ad0931, 0x093401af, 0x01d109d1, 0x09e10937, 
    0x003801e1, 0x03720001, 0x05ec0378, 0x05110504, 0x051e0512, 0x0524051f, 0x05270526, 0x052a0529, 0x0563052e, 0x05650564, 0x05690566, 0x056c056b, 
    0x0572056e, 0x05860576, 0x05930591, 0x059a0599, 0x059c059b, 0x05a4059e, 0x05ab05a5, 0x05ad05ac, 0x05af05ae, 0x46b705b0, 0x7b08059f, 0xc705c605, 
    0xcf05ce05, 0xd105d005, 0xd505d205, 0xd805d705, 0xdd05dc05, 0xdf05de05, 0xe405e205, 0xe705e505, 0xe905e805, 0xeb05ea05, 0xed05ec05, 0xef05ee05, 
    0xf205f105, 0xfd05f805, 0x2e06fe05, 0x77066a06, 0x88068406, 0x90068906, 0x9a069906, 0xb1069b06, 0xed06ec06, 0x05070407, 0x1d071607, 0x1f071e07, 
    0x21072007, 0x23072207, 0x3f072407, 0xde07db07, 0xe007df07, 0xa708e107, 0x2f051947, 0x040a030a, 0x0f0a0e0a, 0xf40ad40a, 0x32343901, 0x3221018f, 
    0x211182fa, 0x01b23492, 0x82003321, 0x33383035, 0x330c3306, 0x33803412, 0x34803418, 0x87383450, 0xf0332149, 0x1e20018e, 0x342b0f89, 0x3324338c, 
    0x3330332a, 0x8236333c, 0x33422403, 0x824a3448, 0x8ff02013, 0x22318215, 0x96fc334e, 0x34542201, 0x2101940e, 0x01d134a4, 0xf6332022, 0x5a200186, 
    0x11870988, 0x3e34f626, 0x02346033, 0x332b0199, 0x346c3366, 0x33083408, 0x83783372, 0x21038c07, 0x01913444, 0xd7821420, 0x1a342628, 0x5634fc33, 
    0x01823234, 0x7e330e3a, 0x62345c34, 0x8a338433, 0x68349033, 0x96336e34, 0xa2339c33, 0xae33a833, 0xb4380182, 0xc033ba33, 0xcc33c633, 0x7434d233, 
    0xde33d833, 0xe4337a34, 0xea338634, 0x02203f82, 0x44206b82, 0x4109df41, 0x51410681, 0x20658206, 0x092b410e, 0xc58ad785, 0x3d84b182, 0x92269f83, 
    0x20341434, 0x51882634, 0x0d820e20, 0x3f823220, 0x5b821420, 0x1b820e20, 0x47822620, 0x13821a20, 0x34212382, 0x2413822c, 0x349e342c, 0x26038298, 
    0x00aa3432, 0x826a0002, 0x453b2003, 0x3a220615, 0x0182c500, 0x00646e0a, 0x00d700c7, 0x01d90065, 0x01760009, 0x00760141, 0x017e01a7, 0x01dd007e, 
    0x00c701a8, 0x01d801de, 0x01fe00d8, 0x00ef01da, 0x02fb01ff, 0x0215011e, 0x01390239, 0x02470239, 0x023a0166, 0x01930292, 0x0295025a, 0x025c01a7, 
    0x01af02ac, 0x02b1026f, 0x027301b2, 0x012803f7, 0x032a0375, 0x03a7012a, 0x01340334, 0x037403a8, 0x03a90177, 0x01b40379, 0x03c703ad, 0x03e901d9, 
    0x01de03dd, 0x03ed03fc, 0x04fe01ed, 0x01180418, 0x042604ff, 0x04000226, 0x02a90498, 0x04ee0401, 0x041302ee, 0x02f404f4, 0x04fb0414, 0x051502fb, 
    0x02fa05f9, 0x06080616, 0x06180208, 0x020c060c, 0x06100619, 0x061a0210, 0x02160616, 0x061c061b, 0x061c021c, 0x02200620, 0x0639061d, 0x061e0239, 
    0x023d063d, 0x0641061f, 0x06200241, 0x02470647, 0x064d0621, 0x0622024d, 0x02510651, 0x06b40623, 0x062402b8, 0x02e706e6, 0x07370729, 0x072b0237, 
    0x02500750, 0x0754072c, 0x072d0254, 0x02580758, 0x075e072e, 0x072f025e, 0x02600760, 0x07640730, 0x07310264, 0x02680768, 0x078d0732, 0x0733028d, 
    0x02910791, 0x07960734, 0x07350296, 0x029c079c, 0x079e0736, 0x0737029e, 0x02a207a2, 0x07a60738, 0x073902a6, 0x02eb07e6, 0x07f1073a, 0x074002f4, 
    0x02fd07fa, 0x08050844, 0x0848020b, 0x021e0816, 0x0825084f, 0x08580227, 0x0234082b, 0x083a085b, 0x0865023d, 0x02470843, 0x08520869, 0x086e0258, 
    0x026d0865, 0x08740875, 0x087e0276, 0x02790879, 0x08810881, 0x0882028b, 0x02900890, 0x0894088d, 0x088e0296, 0x029a089a, 0x089d0891, 0x0892029d, 
    0x02a108a0, 0x08a40893, 0x089502a6, 0x02c608c6, 0x08ff0898, 0x099902ff, 0x02120912, 0x091b099a, 0x099b021b, 0x024a094a, 0x0971099c, 0x099d0272, 
    0x02740974, 0x097d099f, 0x09a0027d, 0x02950995, 0x099809a1, 0x09a20299, 0x029f099e, 0x09a209a4, 0x09a602a2, 0x02bf09bd, 0x09c409a7, 0x09aa02c4, 
    0x02c709c7, 0x09c909ab, 0x09ac02c9, 0x02cc09cc, 0x09ce09ad, 0x09ae02ce, 0x02d409d4, 0x09d709af, 0x09b002d7, 0x02d909d9, 0x09dc09b1, 0x09b202dc, 
    0x02de09de, 0x0ad40ab3, 0x0ab402d4, 0x02e10ae1, 0x000200b5, 0x2a038283, 0x0000003c, 0x00480041, 0x8252003b, 0x43260801, 0x5c005400, 0x5f004400, 
    0x4d00ad00, 0xc500af00, 0xc7009c00, 0xb3000901, 0x14010f01, 0x1801f600, 0xfc007601, 0x01827e01, 0x015b3208, 0x018a0180, 0x018c015c, 0x01670199, 
    0x01a2019b, 0x01a50175, 0x017d01d8, 0x01f901da, 0x02fb01b1, 0x02d1011e, 0x01290223, 0x022b02f5, 0x02fc0141, 0x2e018243, 0x02450213, 0x02140266, 
    0x026c0268, 0x82710236, 0x023b2801, 0x02840273, 0x8286023c, 0x4e620801, 0x93028902, 0x95024f02, 0x5a02a802, 0xaf02ac02, 0xb1026e02, 0x7202b202, 
    0xc502b702, 0xc7027402, 0x83022803, 0x2a032a03, 0x2c03e502, 0xe6023903, 0x46033c03, 0x4803f402, 0xff025603, 0x5b035903, 0x60030e03, 0x11037703, 
    0xc5037903, 0xc7032903, 0x7603d903, 0xe003dd03, 0xe3038903, 0x8d03e903, 0x0182ed03, 0x03945c08, 0x030704f3, 0x04170495, 0x04aa0318, 0x03220422, 
    0x042604ac, 0x04ad0326, 0x032a042a, 0x042c04ae, 0x04af032c, 0x032f042f, 0x043204b0, 0x04b10332, 0x03350435, 0x043704b2, 0x04b30350, 0x03570457, 
    0x046304cd, 0x04ce037a, 0x03a90498, 0x04ad04e6, 0x04f803c4, 0x04df04d6, 0x82e40410, 0x041a2201, 0x220182ee, 0x82f1041b, 0x041c2201, 0x220182f4, 
    0x82fb041d, 0x1ea80901, 0xff04fe04, 0x0d051f04, 0x21040d05, 0x10050f05, 0x14052204, 0x24041405, 0x1d051b05, 0xf9052504, 0x2804fa05, 0x21060806, 
    0x39062a04, 0x44044106, 0x52064306, 0xe4064d04, 0x5d04e706, 0x37073707, 0x50076104, 0x62045107, 0x58075307, 0x5a076404, 0x6a045e07, 0x69076007, 
    0x8d076f04, 0x79048e07, 0x96079007, 0x98077b04, 0x82049c07, 0xa7079e07, 0xcb078704, 0x9104d907, 0xed07e607, 0xef07a004, 0xa8040b08, 0x47080d08, 
    0x4a08c504, 0x00058c08, 0x91088f08, 0x94084305, 0x46059608, 0x9a089a08, 0x9d084905, 0x4a059d08, 0xa108a008, 0xa4084b05, 0x4d05a608, 0xc608c608, 
    0xdb085005, 0x5105e908, 0xf508f508, 0xf7086005, 0x6105f808, 0x0209ff08, 0x04096305, 0x67050409, 0x12091209, 0x1b096805, 0x69051b09, 0x24092409, 
    0x32096a05, 0x6b053209, 0x36093609, 0x4a096c05, 0x6d054c09, 0x60096009, 0x62097005, 0x71056209, 0x72097009, 0x74097205, 0x75057409, 0x76097609, 
    0x78097605, 0x77057809, 0x7b097b09, 0x7d097805, 0x79057f09, 0x91099109, 0x95097c05, 0x7d059509, 0x99099809, 0x9e097e05, 0x80059f09, 0xa309a209, 
    0xac098205, 0x8405af09, 0xb409b409, 0xb8098805, 0x8905b809, 0xba09ba09, 0xbd098a05, 0x8b05c009, 0xc409c409, 0xc8098f05, 0x9005c809, 0xcd09cd09, 
    0xd0099105, 0x9205d009, 0xd409d209, 0xd8099305, 0x9605d809, 0xdd09dd09, 0xe0099705, 0x9805e309, 0xd40ad40a, 0xe10a9c05, 0x9d05e10a, 0x94000200, 
    0x40080382, 0x0000005c, 0x00ad005f, 0x01af005b, 0x01aa0016, 0x017e0118, 0x01800112, 0x0179018a, 0x0199018c, 0x019b0184, 0x019201a2, 0x01d801a5, 
    0x01da019a, 0x01ce01f9, 0x012902fb, 0x022b02ee, 0x021d0241, 0x34018243, 0x02450234, 0x0235026c, 0x0271026e, 0x0273025d, 0x02610284, 0x08018286, 
    0x89027320, 0x7402a802, 0xaf02ac02, 0xb1029402, 0x9802b202, 0xc502b702, 0xc7029a02, 0xa9022803, 0x01822a03, 0x030b3208, 0x0339032c, 0x033c030c, 
    0x031a0346, 0x03560348, 0x03590325, 0x0334035b, 0x03770360, 0x03790337, 0x034f03c5, 0x03e003c7, 0x03e3039c, 0x03b603e9, 0x220182eb, 0x82ed03bd, 
    0xbe7c0801, 0x0704f303, 0x0904bf03, 0xd4030b04, 0x0f040e04, 0x1104d703, 0xd9031404, 0x18041704, 0x1a04dd03, 0xdf031a04, 0x22041e04, 0x2604e003, 
    0xe5032604, 0x2a042a04, 0x2c04e603, 0xe7032d04, 0x2f042f04, 0x3204e903, 0xea033504, 0x50043704, 0x5404ee03, 0x08045504, 0x58045704, 0x5a040a04, 
    0x0c046104, 0x7a046304, 0x7c041404, 0x2c048d04, 0x94049104, 0x98043e04, 0x4204a904, 0xc404ad04, 0xc82c2d82, 0x6c04ca04, 0xd104cc04, 0xd3046f04, 
    0x75280182, 0xdf04d504, 0xe1047604, 0x81220182, 0x0182e404, 0xe7048228, 0x8304eb04, 0x0182ee04, 0xf1048822, 0x89280182, 0xf404f304, 0xf6048a04, 
    0x8c220182, 0x0182f804, 0x048df609, 0x04ff04fb, 0x050d058e, 0x0593040d, 0x0412050f, 0x05140594, 0x05980414, 0x041e051b, 0x05200599, 0x059d0422, 
    0x042a052a, 0x052c05a0, 0x05a1042c, 0x04300530, 0x053205a2, 0x05a30433, 0x043a053a, 0x053c05a5, 0x05a6043c, 0x04fa05f9, 0x060806a7, 0x06a90423, 
    0x04280626, 0x063906c5, 0x06c80441, 0x04540643, 0x065706d1, 0x06e30459, 0x046c066b, 0x066f06e6, 0x06e80471, 0x04850684, 0x068806eb, 0x06ed048a, 
    0x049e069e, 0x06a006f0, 0x06f104a0, 0x04a306a3, 0x06a506f2, 0x06f304a6, 0x04ac06ac, 0x06b006f5, 0x06f604b0, 0x04be06be, 0x06e306f7, 0x07f804e7, 
    0x04370737, 0x075007fd, 0x07fe046a, 0x056d076c, 0x07740719, 0x071b0574, 0x05760776, 0x078d071c, 0x071d05a8, 0x05ab07aa, 0x07b20739, 0x073b05b2, 
    0x05b407b4, 0x07cb073c, 0x073d05d9, 0x054708e6, 0x084a084c, 0x08ae05a6, 0x06ba08b9, 0x08c5080b, 0x080d06c7, 0x06e908db, 0x08f50810, 0x081f06f5, 
    0x06f808f7, 0x08fb0820, 0x092206fd, 0x06010901, 0x09040925, 0x09260604, 0x06120912, 0x091b0927, 0x0928061b, 0x061e091d, 0x09200929, 0x092b0620, 
    0x06240924, 0x0932092c, 0x092d0632, 0x06360936, 0x094a092e, 0x092f064d, 0x065c0958, 0x095e0933, 0x09380662, 0x066c096c, 0x096e093d, 0x093e0672, 
    0x067f0974, 0x09810943, 0x094f0686, 0x0692098f, 0x09950955, 0x095906a3, 0x06a909a7, 0x09ac0968, 0x096b06af, 0x06b409b4, 0x09b8096f, 0x097006c0, 
    0x06c409c4, 0x09c80979, 0x097a06c8, 0x06cd09cd, 0x09d0097b, 0x097c06d4, 0x06d809d8, 0x09dd0981, 0x098206dd, 0x06e309e0, 0x0ad40a83, 0x0a8706d4, 
    0x06e10ae1, 0x0b030b88, 0x0b890604, 0x060d0b0d, 0x0b110b8b, 0x0b8c0611, 0x064c0b48, 0x2bb6028d, 0x2e01c04c, 0x292a29e2, 0x29362930, 0x2942293c, 
    0x874e2948, 0x622a214f, 0x1f910986, 0xb22b6421, 0x54293501, 0x8429642b, 0x60295a29, 0x6c296629, 0x78297229, 0x84297e29, 0xee214988, 0x2101822b, 
    0x05838a29, 0x29330399, 0x29ee2bc6, 0x29962990, 0x29a2299c, 0x29ae29a8, 0x84ba29b4, 0x83c02037, 0x21098219, 0x01a02b70, 0x29cc2929, 0x29d829d2, 
    0x82de29e4, 0x29ea2203, 0x233183f0, 0xfc29f629, 0x6a213984, 0x2101c82b, 0x0182262a, 0x082a022e, 0x142a0e2a, 0x202a1a2a, 0x262a6a2b, 0x2a215d89, 
    0x210b822c, 0x01ba2b52, 0x2b322a23, 0x26019688, 0x2a882be8, 0x823e2a38, 0x83442001, 0x4a2a2221, 0x2111822b, 0x01bd7c2b, 0x88502a21, 0x2b58213f, 
    0x9a2201bb, 0x01add62b, 0x2a562a27, 0x2b762b5c, 0x2101e1a6, 0xe382622a, 0x842bdc21, 0x682a2101, 0x05b00785, 0xac2bac25, 0x822b6e2a, 0x2103b605, 
    0x01822b5e, 0x83742a21, 0x27039705, 0x5e2b7a2a, 0x6a2b802a, 0x8e200182, 0x4c0865a4, 0x2b862aa0, 0x2a8c2a94, 0x2a982a92, 0x2aa42a9e, 0x2ab02aaa, 
    0x2abc2ab6, 0x2ac82ac2, 0x2ad42ace, 0x2ad02bda, 0x2ae62ae0, 0x2bec2aec, 0x2a6a2b4c, 0x2af82af2, 0x2b042bfe, 0x2b102b0a, 0x2b1c2b16, 0x2b282b22, 
    0x2b342b2e, 0x2b402b3a, 0x0c714446, 0x20070944, 0x06b543ee, 0x420d3f43, 0xb34211df, 0x2b702105, 0x93420185, 0x0753420b, 0x41091d42, 0xdc200df1, 
    0x21108941, 0x01832b5e, 0x0141d620, 0x82642012, 0x2b6a228d, 0x2465828e, 0x2ba62b9a, 0x20218aa0, 0x25198276, 0x2b9a2b7c, 0x89832b82, 0x2382ee20, 
    0x0d829420, 0xa6202583, 0xa6202782, 0xcb832984, 0x2782b220, 0xbe2bb826, 0xc42bd62b, 0xca280382, 0xd62bd02b, 0xd02a9e05, 0x262901bf, 0x2692268c, 
    0x26a42698, 0x2203829e, 0x87b026aa, 0x8626214f, 0x1f940985, 0x862ad621, 0xb6262101, 0x26270983, 0x26322cbc, 0x89322cc2, 0x842b2301, 0x01b33c2b, 
    0x2b2c2c35, 0x23e6263c, 0x26c82644, 0x26d426ce, 0x264a23da, 0x87e626e0, 0xdc2a2149, 0x26230183, 0xa5542bec, 0x202c2101, 0x2621018d, 0x370f89f2, 
    0xfe266e26, 0x74260427, 0x10270a27, 0x1c271627, 0xf8267a26, 0x202c6e26, 0x3182158f, 0x822c1a21, 0x22272101, 0x03970583, 0x2c662b25, 0x8258271a, 
    0x27282e03, 0x272e27ca, 0x273a2734, 0x27462740, 0x2039844c, 0x23198352, 0x482b1a2c, 0x272901a1, 0x2764275e, 0x2776276a, 0x22038270, 0x8354287c, 
    0x82272331, 0x39848827, 0x8a2bd221, 0x902c2001, 0x8e272100, 0x38211282, 0x21018c2c, 0x01a1902b, 0x84942721, 0x2b422123, 0x272101c8, 0x2e0182be, 
    0x27a0279a, 0x27ac27a6, 0x2bb827b2, 0x89be2742, 0xc427215d, 0x5a210b82, 0x2501902b, 0xd027ca27, 0x01959823, 0x2bd62723, 0x210193ba, 0x01bbe22a, 
    0x42dc2721, 0x2a21050f, 0x21018be8, 0x0189262c, 0x95c02b21, 0xfa272b01, 0xe227c02b, 0xee27e827, 0x2183342a, 0x83f42721, 0xee2a2111, 0x2b210191, 
    0x2101bd96, 0x3f850028, 0x83f42a21, 0x06282101, 0x23210785, 0x210193b0, 0x0183fa2a, 0x85962b21, 0x21058f07, 0x01bc002b, 0x062bea2a, 0x0c28362b, 
    0x362b1228, 0x9c210982, 0x2401912b, 0x231e2b1e, 0x2101899e, 0x0b89682c, 0x21210987, 0x23019788, 0x0c2b0c2b, 0x28211b8b, 0x2d0d8518, 0x24281e28, 
    0x502c4e2b, 0x2a28602b, 0x0187602b, 0x286e2c25, 0x99502c30, 0x662b2b01, 0x80263628, 0x42283c28, 0x018d662b, 0x28502c2b, 0x2c5c2c48, 0x284e285c, 
    0x2107834e, 0xb38c5c2c, 0xb3910e20, 0x41ea2821, 0x13cf136b, 0x2b542827, 0x2b5a2812, 0x27018512, 0x60286028, 0x6c2b962b, 0x28210183, 0x84018266, 
    0x870f8509, 0x72282205, 0x2b019a2b, 0x7e287828, 0x782b782b, 0x50238428, 0x038c0783, 0x912b7e21, 0x2b182101, 0x28210184, 0xaf07858a, 0x562c2405, 
    0x8223562c, 0xb3078303, 0x1e2b2503, 0x1e2b9028, 0x24250182, 0x9628242b, 0x8805822b, 0x2bf62103, 0x2a210185, 0x2101822b, 0x05835c23, 0x28270397, 
    0x282a2b9c, 0x90302ba2, 0x28422401, 0x82a828de, 0x28b42801, 0x28c028ba, 0x82c628cc, 0x28d22503, 0x28ae28d8, 0xde34118f, 0x422bc62b, 0xd82be428, 
    0xea28d22b, 0xcc2bf028, 0x082cba2b, 0x282301b1, 0xae0e2cf6, 0x233d4101, 0xac2c1421, 0xfc282101, 0x2b230183, 0x42b42bb4, 0x230809d7, 0xf02bf62b, 
    0x0229442c, 0x9823e42b, 0x08296223, 0x542b0e29, 0x1429ba2b, 0xd62ad62a, 0x20291a29, 0x26296823, 0x2c3a0382, 0x38293229, 0x5c293e29, 0x44296e29, 
    0x50294a29, 0x5c295629, 0x62296e23, 0x11826829, 0x7a297432, 0x86298029, 0x92298c29, 0x9e299829, 0xa4297423, 0xaa380382, 0xb629b029, 0xd429bc29, 
    0xc229e629, 0xce29c829, 0x7a23d429, 0xe029da29, 0x2e080f82, 0x29f229ec, 0x2afe29f8, 0x2a0a2a04, 0x2a162a10, 0x2ad22b1c, 0x2a422bd0, 0x2ab82a22, 
    0x2a282a94, 0x232e2aa0, 0x2a862386, 0x2a342a76, 0x828e2a3a, 0x2aca2803, 0x2a462a40, 0x828023c4, 0x2a4c2615, 0x2a582a52, 0x241d825e, 0x2a6a2a64, 
    0x24078270, 0x2aac2a7c, 0x26038282, 0x2a882aca, 0x828c238e, 0x2a942231, 0x2245829a, 0x829223a6, 0x82b22015, 0x2abe2455, 0x82ca2ac4, 0x2b543adb, 
    0x2b2c2cd2, 0x235a2b90, 0x2c602b98, 0x23662b50, 0x2b6c2b9e, 0x2b782b72, 0x0c3d497e, 0x2c23ff82, 0x48322c32, 0x2b21096d, 0x051f4654, 0x8307f547, 
    0x05634747, 0x21123147, 0x01822b5a, 0x2307bd46, 0xba2bba2b, 0x21119946, 0x6746202c, 0x262c2305, 0x5746262c, 0xee2a2305, 0xa182ee2a, 0x46071948, 
    0x2a290a2b, 0x23f42af4, 0x2afa2ab0, 0x08b545fa, 0x9c2b0622, 0x4505c541, 0x21230519, 0x830c2b88, 0x502c21cf, 0x5c200182, 0x4606c744, 0x2b210c17, 
    0x062b4412, 0x20092744, 0x20f58278, 0x12db4378, 0x6d431e20, 0x2bf62206, 0x065b43f6, 0x302b3022, 0x36206182, 0x21063d45, 0x01822b7e, 0x3511d743, 
    0x1a2c3c2b, 0x902bcc2b, 0xd22b422b, 0x482bd82b, 0xb023ea2b, 0x2789f02b, 0x414e2b21, 0x2b211d7f, 0x26018284, 0x2c1a2c8a, 0x82442c2c, 0x2bba3a45, 
    0x2bea2b96, 0x2ba22b9c, 0x23ae2ba8, 0x2bb42b9e, 0x2b262cba, 0x2bc02bba, 0x206782c0, 0x826982c6, 0x20118265, 0x206582de, 0x822982e4, 0x2009826d, 
    0x2eb382f0, 0x23aa23fc, 0x2caa23a4, 0x2c082c02, 0x84b0230e, 0x82142081, 0x2c202257, 0x2c5b8226, 0x2c382c32, 0x2c442c3e, 0x23502c4a, 0x341b82b6, 
    0x21622c5c, 0x2b920688, 0x216c2186, 0x21742b36, 0x2b742b3c, 0x21018386, 0x09846021, 0x21250d84, 0x2142213c, 0x22178648, 0x844e214e, 0x21742109, 
    0x21230982, 0x845a2154, 0x21862a27, 0x21782172, 0x218a217e, 0x22038284, 0x82962190, 0x8460204b, 0x82662047, 0x82742005, 0x821f8f5d, 0xa8212d65, 
    0xa2219c21, 0xa42ea821, 0xa42e3624, 0x24210183, 0x2105833c, 0x0183be2f, 0x2150222d, 0x21ae21b4, 0x2f5022b4, 0x82ba21be, 0x21c42811, 0x21c621c0, 
    0x85c42fcc, 0x382e2501, 0x982ba42b, 0x22270183, 0x2bd22120, 0x85d82198, 0xde21210f, 0xa4200782, 0x98200386, 0x21250783, 0x21ea21e4, 0x821184ea, 
    0xf021350f, 0x1a22a42b, 0x3c24f621, 0x0222fc21, 0x0e220822, 0x1a221422, 0x98261d82, 0x982b2022, 0x01822622, 0x32222c24, 0x0183022e, 0x823e2221, 
    0x2e382201, 0x22078402, 0x83082e44, 0x50222101, 0x4a220182, 0x0582082e, 0x5c225628, 0xac2fac2f, 0x01826222, 0x07826820, 0x03826e20, 0x11837420, 
    0x22350385, 0x22862280, 0x2292228c, 0x229e2298, 0x22aa22a4, 0x227a22b0, 0x8e238280, 0x282d8215, 0x23b622a6, 0x22a62f10, 0x210382bc, 0x018322f8, 
    0xfe22c224, 0x0d82f822, 0x0d84c820, 0xa62fce22, 0xe2360182, 0x0a23a62f, 0x0a231023, 0xda22d422, 0xe622e022, 0xf222ec22, 0x21823228, 0x0423fe24, 
    0x1d820a23, 0x522c1026, 0x522c7023, 0x23230183, 0x82222358, 0x23162403, 0x8258235e, 0x841c2015, 0x8428200f, 0x232e2819, 0x233a2334, 0x82402346, 
    0x234c2203, 0x24198252, 0x2364235e, 0x2425826a, 0x237c2370, 0x2a038276, 0x2f7c237c, 0x23762f76, 0x84822382, 0x28882207, 0x24078220, 0x2f8e23b8, 
    0x210183b8, 0x0785c82b, 0x82942321, 0x23ca2607, 0x2fa0239a, 0x250187ca, 0xa6230e2e, 0x0582ac23, 0xac23ac26, 0x0e2eb223, 0x23230187, 0x82ca23b8, 
    0x23be2201, 0x200582c4, 0x271583d0, 0x2424e62b, 0xe62bee23, 0xda280182, 0xda2bf423, 0xda2bd623, 0x2b270b83, 0x23d623e6, 0x82dc23f4, 0x23e6220b, 
    0x831f84e2, 0x23038423, 0xe823e823, 0x29823189, 0x3b823f82, 0x1e24e630, 0xfa231e24, 0x06240024, 0x12240c24, 0x5b821824, 0x03821e20, 0x2b832420, 
    0x2424242d, 0x24a42e2a, 0x28362430, 0x823c24da, 0x2b422609, 0x24142ee6, 0x29038348, 0x4e244824, 0x142e5424, 0x0d82f82b, 0x60245a28, 0x66241a2e, 
    0x05836624, 0x6c220382, 0x01831a2e, 0x07822420, 0x2e72242b, 0x25bc2ebc, 0x24bc2e02, 0x870983fc, 0x0a2c2703, 0xe4240a2c, 0x03828a24, 0xc0247826, 
    0xe4247e24, 0x13831183, 0x09820785, 0x84248a22, 0x07850b87, 0x17822d83, 0x0382c020, 0xac2f902a, 0xac2f9624, 0x9c241c2c, 0xa22c0184, 0x1c2ca824, 
    0xae24b22f, 0xb22fb424, 0x2e210183, 0x2a5982c2, 0x24c624e4, 0x24ba24ea, 0x82c22ee4, 0x84c0200f, 0x82f62005, 0x24cc2613, 0x24d824d2, 0x322182de, 
    0x24f024ea, 0x2cc22ef6, 0x24022540, 0x250225fc, 0x87402c02, 0x5c2e2701, 0x582c1a25, 0x03831425, 0x25082525, 0x87582c0e, 0x5c2e210d, 0x25211b83, 
    0x2005823e, 0x210b8320, 0x0982582c, 0x2c252622, 0x03870b83, 0x25322525, 0x825c2e38, 0x253e2a31, 0x25442550, 0x2c50254a, 0x23018370, 0x5c255625, 
    0x2f210783, 0x2501859a, 0xd02cd02c, 0x05838226, 0x2c210f83, 0x8201837c, 0x21078437, 0x0f856225, 0x94280588, 0x942c8c25, 0x7425822c, 0x68200382, 
    0x6e200382, 0x25210d85, 0x2007827a, 0x20038694, 0x25078382, 0x86258025, 0x11848625, 0x82200f83, 0x822a3782, 0xa4253a2f, 0x9e259225, 0x03829825, 
    0x0382aa20, 0xaa25a426, 0x742eb025, 0x25210183, 0x220182bc, 0x84742eb6, 0x25c22607, 0x2cc825c8, 0x290185b2, 0xc216c216, 0xb22cce25, 0x0182d425, 
    0x0782da20, 0x1785e020, 0x300a2627, 0x26e62500, 0x20058204, 0x230b83ec, 0x5c280a26, 0x25250183, 0x305c28f2, 0x210d8500, 0x0983f825, 0xfe242182, 
    0x04260a26, 0x10300382, 0x1c261626, 0xe22fe22f, 0xe22f0030, 0x28262826, 0x26210b83, 0x830d8322, 0x85038709, 0xe22f2317, 0x1185be2c, 0x262e2627, 
    0x263a2634, 0x20338240, 0x21118546, 0x07853c2d, 0x2f4c2627, 0x26f42ff4, 0x28018252, 0x2f5e2658, 0x27c216f4, 0x83b1833c, 0x942f2b03, 0xc2166e28, 
    0x6e286e28, 0x13876426, 0x2f6a2627, 0x26582f9a, 0x22058270, 0x83d02c9a, 0x76262401, 0x822fd02c, 0x9a2f210b, 0x26210983, 0x2119837c, 0x9b418226, 
    0x23058705, 0x88268826, 0x29823189, 0x31858e20, 0x0d88258d, 0x9426582c, 0x3027a626, 0x9a26a626, 0x0582a026, 0xac26ac26, 0x202e5c2e, 0x26210183, 
    0x260182b2, 0x2ebe26b8, 0x82be2620, 0x26c42601, 0x2c202eca, 0x210d82e8, 0xe4822ed0, 0x26262e25, 0x83d626d6, 0x20038205, 0x821186dc, 0xe2262b07, 
    0x2c2ee826, 0xee262c2e, 0x0783f426, 0xfa200982, 0x27230785, 0x87322e00, 0x06272101, 0x27270985, 0x272a210c, 0x822a2712, 0x2f182b05, 0x2f44280a, 
    0x2f1e270a, 0x0f82210a, 0x872a2121, 0x2a212507, 0x24274428, 0x05871385, 0x33822983, 0x16272782, 0x276e28c2, 0x836e2830, 0x210b8301, 0x3f415616, 
    0x21078307, 0x05876e28, 0x27270983, 0x27c2163c, 0x85522f36, 0x057d4121, 0x27002d2f, 0x2d482742, 0x27122d00, 0x2754274e, 0x3e01825a, 0x2d662760, 
    0x2f122d12, 0x276c2770, 0x2d702f72, 0x2d962730, 0x279a2f30, 0x278a2778, 0x827e2790, 0x2d8a220f, 0x20058230, 0x83038284, 0x271d8211, 0xa2279c27, 
    0x2628a827, 0xae221182, 0x01833021, 0x27ba2723, 0x200382b4, 0x270b83ba, 0xe62b982e, 0xc027fc27, 0xcc310182, 0xd827d227, 0xe427de27, 0xf027ea27, 
    0xc627f627, 0x3a118f27, 0x280228fc, 0x2e0e2808, 0x28142898, 0x2e1a281a, 0x2e2028b6, 0x28e62bce, 0x83d42e26, 0x2c283701, 0x3228bc2e, 0xc228762f, 
    0xbe2f982e, 0xd4283828, 0xbc2e3e28, 0x01a38e2f, 0x28442823, 0x29278a4a, 0x2ee82fe8, 0x28502826, 0x09822f50, 0x9421038a, 0x2101ac2f, 0x01830030, 
    0x85562821, 0x23058b07, 0x62285c28, 0x28210f85, 0x21018568, 0x0182c216, 0x840ca141, 0x21158211, 0x97416e28, 0xa02f2107, 0x042101ae, 0x2b01822f, 
    0x74287428, 0xc2161c2f, 0x7a280a2f, 0x80220182, 0x01838628, 0x2e8c2e25, 0x87bc168c, 0x222f2501, 0x342f702f, 0x28210183, 0x2601828c, 0x28982892, 
    0x82a4289e, 0x9a24083d, 0x622e282f, 0x1a2eaa28, 0xb628b028, 0x022ebc28, 0xbe2fbe2f, 0xc228bc2e, 0xa42ea42e, 0xc828ce28, 0xb62ec828, 0x20080782, 
    0x2ee028d4, 0x28da2814, 0x28e628e0, 0x29f228ec, 0x28f82846, 0x290429fe, 0x2910290a, 0x291c2916, 0x08018222, 0x28292820, 0x34292e29, 0x40293a29, 
    0x4c294629, 0x58295229, 0x64295e29, 0x70296a29, 0x7c297629, 0x01828229, 0x8e298838, 0xe8299429, 0xa0299a29, 0xac29a629, 0xb829b229, 0xc429be29, 
    0x0182ca29, 0xd629d026, 0xe229dc29, 0xee321d82, 0xfa29f429, 0x062a002a, 0x122a0c2a, 0x1e2a182a, 0x0182242a, 0x302a2a26, 0x3c2a362a, 0x42260182, 
    0x4e2a482a, 0x0182542a, 0x722a6c28, 0x602a5a2a, 0x0782662a, 0x20080b83, 0x2a782a72, 0x2a842a7e, 0x2b762f8a, 0x2ae62b86, 0x2a4a2b90, 0x2ade2af0, 
    0x2a9c2a96, 0x2ad82ab4, 0x340f82cc, 0x2aa82aa2, 0x2a262bae, 0x2b562bb4, 0x2bba2a5c, 0x2acc2a08, 0x220382c0, 0x82d22ac6, 0x82d22005, 0x2afc2425, 
    0x82de2afc, 0x82e4201b, 0x82ea201b, 0x2af6343f, 0x2b262bfc, 0x2b022b50, 0x2b082b5c, 0x2b142b0e, 0x82202b1a, 0x2b2c2611, 0x2b322b68, 0x20158238, 
    0x24038244, 0x2b4a2b3e, 0x20038244, 0x21578350, 0x1b82622b, 0x022e6e2e, 0x762f082e, 0x0e2eb82f, 0x1a2e142e, 0x2b050d45, 0x202ec216, 0x2c2e262e, 
    0x742b322e, 0x7a200182, 0x8020a782, 0x23080382, 0x2ba42eec, 0x2f922b8c, 0x2d982bc4, 0x2b9e2b4e, 0x2baa2ba4, 0x2bb62bb0, 0x2dac2fbc, 0x2ba62f54, 
    0x2fa62fc2, 0x2b314982, 0x2fce2bc8, 0x2ed42bca, 0x2dda2b0e, 0x2be62b72, 0x200382e0, 0x2a0382e6, 0x2ef22bec, 0x2ef82b14, 0x83fe2b1a, 0x042c2503, 
    0x2e2cbc2e, 0x2d0d9947, 0xac2f0a2c, 0x162c102c, 0x222c1c2c, 0x1d82282c, 0xc22e342e, 0x402c3a2c, 0x902d462c, 0x4c2c522c, 0x58280382, 0x5e2c582c, 
    0x642c5c2e, 0x24080382, 0x2c702c6a, 0x2c762cd6, 0x2c822c7c, 0x2c8e2c88, 0x2c9a2c94, 0x2ca62ca0, 0x2cb22cac, 0x30cc2db8, 0x2cb82c00, 0x31d385b8, 
    0xc42cbe2c, 0xca2cf42f, 0xd02cc216, 0x9a2fae2d, 0x6745d62c, 0xdc2c2705, 0x202ee22c, 0xef82e82c, 0xee2c2623, 0x2703822e, 0xfa2cf42c, 0xa82d2c2e, 
    0x3b0dd544, 0x002d2a21, 0x0c2d062d, 0x182d122d, 0x242d1e2d, 0x302d2a2d, 0x3021362d, 0xfc2d0030, 0x2d296183, 0x2d422d3c, 0x16322e48, 0x0be34450, 
    0x31080b83, 0x542d4e2d, 0x602d5a2d, 0x6c2d662d, 0x782d722d, 0x842d7e2d, 0x902d8a2d, 0x9c2d962d, 0xa82da22d, 0xb42dae2d, 0xc02dba2d, 0xcc2dc62d, 
    0xd22d5016, 0x5382d82d, 0x3984de20, 0xea2de428, 0xf62df02d, 0xa541fc2d, 0x382e211d, 0x26080182, 0x2e442e3e, 0x2e502e4a, 0x2ebc2e56, 0x2e3a2f5c, 
    0x2e682e62, 0x2e742e6e, 0x2e802e7a, 0x2ebc1686, 0x2e222f8c, 0x82922e98, 0x2e982603, 0x2fa42e9e, 0x262782be, 0x2eb22faa, 0x84b62eb0, 0x2ec2380b, 
    0x2ea62fc2, 0x2ece2ec8, 0x2eda2ed4, 0x2ee62ee0, 0x2ef22eec, 0x82b22ff8, 0x2ffe2223, 0x3e018204, 0x2f0a2f0a, 0x2f162f10, 0x2f9a2f1c, 0x2f282f22, 
    0x2f342f2e, 0x2f402f3a, 0x2f4c2f46, 0x82561652, 0x2f582c15, 0x2f642f5e, 0x2f702f6a, 0x82be2f76, 0x2f942403, 0x827c2f82, 0x2f882c03, 0x2fe82f8e, 
    0x30003094, 0x839a2f00, 0xa02f25d9, 0xac2fa62f, 0xb8205b82, 0xc42a2782, 0xd02fca2f, 0xdc2fd62f, 0x2582e22f, 0x2feed109, 0x30fa2ff4, 0x305c1600, 
    0x300c3006, 0x30183012, 0x3024301e, 0x002a302a, 0x01430002, 0x008b018a, 0x03780300, 0x03020078, 0x00ec03ec, 0x04fe0403, 0x050400ff, 0x00120510, 
    0x05150506, 0x05090015, 0x00190519, 0x051c050a, 0x050b0020, 0x00230522, 0x05270510, 0x0512002f, 0x004b054b, 0x054d051b, 0x051c004d, 0x004f054f, 
    0x0552051d, 0x051e0052, 0x006e0563, 0x0578051f, 0x052b0078, 0x0080057b, 0x0582052c, 0x05320082, 0x00870584, 0x05890533, 0x05370089, 0x008b058b, 
    0x05900538, 0x05390091, 0x00940593, 0x0599053b, 0x053d009e, 0x00a005a0, 0x05a40543, 0x054400a5, 0x00b205ab, 0x05b70546, 0x054e00b7, 0x00c005be, 
    0x05c2054f, 0x055200c2, 0x00c705c5, 0x05c90553, 0x055600cc, 0x00d905cf, 0x05dc055a, 0x056500e6, 0x00ef05e9, 0x05f10570, 0x057700f2, 0x00f805f8, 
    0x05fd0579, 0x067a00fe, 0x00310622, 0x0636067c, 0x068c0037, 0x00640653, 0x0667068e, 0x06a0006c, 0x006f066f, 0x067206a6, 0x06a70073, 0x00770676, 
    0x067906a9, 0x06ab007a, 0x00820680, 0x068606ad, 0x06b00087, 0x008f068f, 0x069106b2, 0x06b30091, 0x009b0699, 0x06e906b4, 0x07b700ed, 0x00050701, 
    0x071607bc, 0x07c10016, 0x0024071d, 0x073f07c2, 0x07ca003f, 0x00e107db, 0x07e407cb, 0x08d200e5, 0x00ac08a7, 0x08ae08d4, 0x08da00b0, 0x00f208eb, 
    0x09f209dd, 0x0ae500f2, 0x00040a03, 0x0a0e0ae6, 0x0ae8000f, 0x00d40ad4, 0x0ade0aea, 0x0aeb00de, 0x00f40af4, 0x000200ec, 0x018a0194, 0x031b008b, 
    0x00780378, 0x03ec0330, 0x040a00ec, 0x00fe04fe, 0x04ff042c, 0x051000ff, 0x002b0182, 0x0511052f, 0x051d0012, 0x82150515, 0x19320811, 0x36001905, 
    0x1d051c05, 0x1e051c00, 0x19001e05, 0x1f051f05, 0x20050400, 0x3f002005, 0x22052205, 0x23051700, 0x1f002305, 0x27052705, 0x28053700, 0x11822805, 
    0x2a052922, 0x2b282982, 0x34002b05, 0x2c052c05, 0x2d221182, 0x23822d05, 0x2e052e34, 0x2f053b00, 0x32002f05, 0x4b054b05, 0x4d050800, 0x05824d05, 
    0x4f054f22, 0x632e0582, 0x01006605, 0x69056905, 0x6b050300, 0x0b826c05, 0x6e056e22, 0x782e0b82, 0x18007805, 0x7b057b05, 0x7c052400, 0x0b827c05, 
    0x7d057d22, 0x7e2e0b82, 0x12007e05, 0x7f057f05, 0x80051300, 0x0b828005, 0x82058222, 0x84220b82, 0x0b828405, 0x85058522, 0x86280b82, 0x0b008605, 
    0x87058705, 0x89225f82, 0x05828905, 0x8b058b22, 0x90280582, 0x3e009005, 0x91059105, 0x9328cb82, 0x0a009305, 0x9c059905, 0x9d286b82, 0x2b009d05, 
    0x9e059e05, 0xa4220b82, 0x0582a505, 0xab05ab34, 0xac050e00, 0x0c00ac05, 0xae05ad05, 0xaf050d00, 0x1182af05, 0xb005b022, 0xb1281182, 0x0900b205, 
    0xb705b705, 0xbe2e0b82, 0x0700c005, 0xc205c205, 0xc5050500, 0x0582c505, 0xc705c722, 0xc92e2f82, 0x2200c905, 0xca05ca05, 0xcb052300, 0x0b82cb05, 
    0xcc05cc22, 0xcf220b82, 0xe382d205, 0xd505d522, 0xd7226582, 0x0b82d805, 0xdf05dc22, 0xe2220582, 0x1182e205, 0xe505e422, 0xe92e0b82, 0x1600ea05, 
    0xec05eb05, 0xed051100, 0x1782ed05, 0xee05ee28, 0xef052800, 0xd782ef05, 0xf105f122, 0xf2220b82, 0x2382f205, 0xf805f822, 0xfd222382, 0xd182fd05, 
    0xfe05fe3a, 0x22063500, 0x06002306, 0x25062406, 0x26062700, 0x41002606, 0x28062706, 0x29281182, 0x21002a06, 0x2c062b06, 0x2d2e0b82, 0x3d002d06, 
    0x2e062e06, 0x2f063a00, 0x11823006, 0x3106313a, 0x36063300, 0x25003706, 0x58065306, 0x59060200, 0x1e005906, 0x5b065a06, 0x5c220b82, 0x0b825c06, 
    0x5d065d22, 0x5e2e0b82, 0x3c005e06, 0x5f065f06, 0x60063900, 0x11826406, 0x69066722, 0x26080582, 0x006a066a, 0x066b062e, 0x061a006c, 0x006f066f, 
    0x06720640, 0x06200073, 0x00760676, 0x0677062a, 0x06380077, 0x82790679, 0x067a341d, 0x0631007a, 0x00820680, 0x06860614, 0x06260087, 0x828f068f, 
    0x06913423, 0x062d0091, 0x009b0699, 0x06ec0615, 0x070100ed, 0x82050704, 0x07162805, 0x070a0016, 0x821d071d, 0x071e2e05, 0x070b001f, 0x00240720, 
    0x073f0704, 0x3a05823f, 0x00db07db, 0x07dc0707, 0x070500dd, 0x00de07de, 0x07df070e, 0x070c00df, 0x82e007e0, 0x07e1220b, 0x3a0b82e1, 0x00e507e4, 
    0x08a70809, 0x080d00a7, 0x00a908a8, 0x08aa0807, 0x080500ab, 0x82ac08ac, 0x08ae280b, 0x081800ae, 0x82b008b0, 0x08eb2211, 0x2e2982ec, 0x00ed08ed, 
    0x08ee080f, 0x082900ee, 0x82ef08ef, 0x08f0220b, 0x080b82f0, 0xf208f14d, 0xf2090f00, 0x0500f209, 0x030a030a, 0x040a0b00, 0x0400040a, 0x0f0a0e0a, 
    0xd40a0300, 0x0a00d40a, 0xde0ade0a, 0xf40a1000, 0x0400f40a, 0x99000200, 0x8b018a01, 0x46020300, 0x0f004602, 0x67026702, 0x78030300, 0x34007803, 
    0x8203ec03, 0xfe043b69, 0x2d00fe04, 0xff04ff04, 0x10050f00, 0x07001205, 0x19051905, 0x1c050300, 0x05821d05, 0x1e051e2b, 0x1f051500, 0x20001f05, 
    0x31018205, 0x22053e00, 0x29002205, 0x23052305, 0x26051800, 0x1d822605, 0x2705272e, 0x28053600, 0x2e002805, 0x2a052a05, 0x2b221182, 0x2f822b05, 
    0x2c052c22, 0x2d222982, 0x29822d05, 0x2e052e3a, 0x2f053a00, 0x1f002f05, 0x52055205, 0x63050100, 0x02006605, 0x68056705, 0x69280b82, 0x05006905, 
    0x6a056a05, 0x6b220b82, 0x17826c05, 0x6d056d22, 0x36068743, 0x05730505, 0x05310073, 0x00780578, 0x057b0514, 0x051e007b, 0x827c057c, 0x057d220b, 
    0x280b827d, 0x007f057f, 0x05820511, 0x22058282, 0x82850585, 0x05862205, 0x28c58286, 0x00900590, 0x0591053d, 0x2ec58291, 0x00930593, 0x0594052b, 
    0x05010094, 0x829d0599, 0x059e286b, 0x052c009e, 0x82a005a0, 0x05a42211, 0x431182a5, 0x0b20216f, 0x2a0a6f43, 0x05c20508, 0x050600c5, 0x82c605c6, 
    0x096f4341, 0xca051c30, 0x1d00ca05, 0xcb05cb05, 0xcc051c00, 0x0b82cc05, 0xd205cf22, 0xd322d182, 0x7543d405, 0x05052406, 0x82d605d6, 0x05d7220b, 
    0x221782d8, 0x43d905d9, 0x02240681, 0xe105e005, 0x24068743, 0x05e30505, 0x220b82e3, 0x82e505e4, 0x05e62223, 0x069343e7, 0xeb05132a, 0x1000ec05, 
    0xed05ed05, 0xee28b382, 0x2400ee05, 0xef05ef05, 0xf122ef82, 0x0b82f105, 0xf205f228, 0xf8051300, 0x2382f805, 0x05fd2c08, 0x051f00fd, 0x00fe05fe, 
    0x06040603, 0x06330004, 0x00230622, 0x0624060a, 0x06230025, 0x00260626, 0x0629063f, 0x061b002a, 0x822c062b, 0x062d2e17, 0x063c002d, 0x002e062e, 
    0x062f0639, 0x28118230, 0x00330633, 0x06350617, 0x2e058235, 0x00580653, 0x065a0604, 0x061a005b, 0x825d065d, 0x065e2e0b, 0x063b005e, 0x005f065f, 
    0x06600638, 0x22118264, 0x82690667, 0x6a200805, 0x32006a06, 0x6c066b06, 0x6d061600, 0x21006e06, 0x71067006, 0x72062a00, 0x19007306, 0x75067506, 
    0x20081782, 0x00760676, 0x06770628, 0x06370077, 0x00780678, 0x0680062f, 0x06120082, 0x00870686, 0x068f0622, 0x281d828f, 0x00910691, 0x06e20630, 
    0x34bf82e2, 0x00f006ee, 0x06f10601, 0x070200f2, 0x00160716, 0x071d0709, 0x3405821d, 0x001f071e, 0x07200707, 0x07030024, 0x00380738, 0x073f0735, 
    0x2a0b823f, 0x00db07db, 0x07dc0708, 0x430600dd, 0x0b201c93, 0x3c0a9343, 0x08aa0808, 0x080600ab, 0x00ac08ac, 0x08ae0808, 0x081400ae, 0x00af08af, 
    0x08b00801, 0x221782b0, 0x82b208b2, 0x08eb3405, 0x080b00ec, 0x00ed08ed, 0x08ee0825, 0x082700ee, 0x82ef08ef, 0x08f0220b, 0x3a0b82f0, 0x00f208f1, 
    0x09f20926, 0x0a0600f2, 0x00040a03, 0x0a0e0a09, 0x0a05000f, 0x82d40ad4, 0x0ade3a0b, 0x0a0f00de, 0x00f40af4, 0xfe010003, 0x00940640, 0x00100101, 
    0x01010000, 0x2d05838d, 0x1a0755fe, 0x73fe0100, 0x0100e207, 0x1183c800, 0x833afd21, 0xa8002105, 0xc3200584, 0x36201184, 0xff210583, 0x270583a9, 
    0x23064001, 0x52030100, 0x022f0583, 0x00e90560, 0x06a80201, 0x0101000b, 0x820606ca, 0x06ce2205, 0x20118224, 0x201d847f, 0x2605845d, 0x00080659, 
    0x83bc0001, 0x2003293b, 0x01000506, 0x1b062403, 0x7d202382, 0x32221d84, 0x11825e04, 0x05830620, 0x841e0221, 0x835f2005, 0x83012105, 0x34200b84, 
    0x12200584, 0xd2201184, 0x80200584, 0x00210583, 0x230583f4, 0x180525fe, 0x2b20b982, 0x02230583, 0x82d20510, 0x84112053, 0x841d202f, 0x84d92005, 
    0x84da2005, 0x0579225f, 0x201d82d4, 0x20838406, 0x200584a2, 0x210583b7, 0x05841605, 0x05831d20, 0x83040121, 0x46022105, 0x5b200584, 0xba202384, 
    0xc1200584, 0xdf200584, 0x11200584, 0x28200584, 0x48203584, 0x3e202984, 0x04210583, 0x2165833e, 0x47842604, 0x0584d720, 0x05849020, 0xb3847920, 
    0x0b837820, 0x84cb0621, 0x031e2611, 0x0101007c, 0x200584e6, 0x23058382, 0xccfe5700, 0x1f201182, 0x00210583, 0x230583bb, 0xf6ffa605, 0xfe261182, 
    0x01006f03, 0x0b832f06, 0x84150621, 0xff3a2605, 0x050100fe, 0x20058423, 0x2089843d, 0x21058359, 0x05843205, 0x17831a20, 0x84500321, 0x8329200b, 
    0xc4002105, 0xbd200584, 0x4420a784, 0x01210583, 0x200584e3, 0x20118477, 0x2005844d, 0x2047844c, 0x200b8434, 0x20ad84a1, 0x200b84b9, 0x214d8380, 
    0x5384b002, 0x5384a120, 0x3b843920, 0x1d844720, 0x35846320, 0x0b846620, 0xbe003626, 0x00020100, 0xfd20d184, 0x39200584, 0x3620d184, 0x3620cb84, 
    0x5f843b84, 0x843b0521, 0x832d200b, 0x45022105, 0x20200584, 0x16200584, 0xe4205984, 0x17200b84, 0xeb200b84, 0xa7202984, 0x06210583, 0x210583fa, 
    0x05841f07, 0x00230482, 0x841e0701, 0x21e98417, 0x2f846706, 0xd2051326, 0x93050100, 0x05210b83, 0x210583a8, 0x05840807, 0x07216b84, 0x200b840e, 
    0x201d842c, 0x20058457, 0x20358492, 0x207184b1, 0x200584dd, 0x210583f2, 0x05845204, 0x05847720, 0x05845820, 0xe9847620, 0x03215384, 0x202984bf, 
    0x200584d5, 0x201d84dc, 0x200584e1, 0x208f84f6, 0x20058455, 0x2005845c, 0x2065847a, 0x200584ac, 0x202384c3, 0x2005846f, 0x268984e0, 0x00850337, 
    0x84970801, 0x84bc2005, 0x849d2005, 0x83bb2005, 0x0a072105, 0x22200584, 0x3a200584, 0x6e264184, 0x01000102, 0x59841905, 0x05839d20, 0x84e60521, 
    0x8390204d, 0xdd002705, 0x01005e04, 0x0b838202, 0x84aa0221, 0x84b3201d, 0x8462201d, 0x01a92605, 0x020100b9, 0x210b83b4, 0x29842702, 0x47848b20, 
    0x2a029f2e, 0x60030100, 0x01009d02, 0x3d040104, 0x71220b82, 0x05837c03, 0x00300425, 0x848e0101, 0x04a6220b, 0x201182b8, 0x210b8376, 0x05848402, 
    0xccfeaa2c, 0xaa020100, 0x010080ff, 0x0b84c700, 0x0800df22, 0xaf201182, 0x01210b83, 0x210583bd, 0xe384c707, 0x3d01a522, 0x6d223b82, 0x5f826803, 
    0xc202ce22, 0x0320ef82, 0x2e201784, 0x05210583, 0x210583cd, 0xf5846808, 0x82036a21, 0xf00721a1, 0xdb20e384, 0xf1412384, 0x84252005, 0x84c42029, 
    0x845f2029, 0x84612029, 0x84e72029, 0x84d22029, 0x846b201d, 0x834d2005, 0x40042311, 0x89822c01, 0x1183a920, 0x84110421, 0x83f72017, 0x29032135, 
    0x02210b83, 0x201784a8, 0x2005842f, 0x2105833e, 0x05832c03, 0x84760621, 0x015e2129, 0x00273b82, 0x00320377, 0x84980501, 0x02962723, 0x0401002a, 
    0x9b830167, 0x95845420, 0x05834320, 0x834a0121, 0xcf052105, 0xf4200584, 0x56264784, 0x01005403, 0x0b835001, 0x84200421, 0x84962017, 0x21ef8405, 
    0x7d845b01, 0x0584e520, 0x0584c820, 0x2984d920, 0x05842b20, 0x05843220, 0x03213b84, 0x204d8482, 0x43058499, 0x0b850583, 0x1184b420, 0x5384b620, 
    0x05841520, 0x20051542, 0x2017841c, 0x20058465, 0x210583a0, 0x5f84e201, 0x5384df20, 0x05843f20, 0x05842120, 0x35843620, 0x0584bb20, 0x05849c20, 
    0x1784ba20, 0x3584ec20, 0x35841820, 0x0321dd84, 0x204d84b8, 0x200584dd, 0x200584be, 0x200584dc, 0x2005840e, 0x20298425, 0x2005843b, 0x85118442, 
    0x84582035, 0x84b7204d, 0x20358405, 0x20358404, 0x21358404, 0x2984d102, 0x02212f84, 0x203b8451, 0x201184d3, 0x208984f9, 0x20058459, 0x2005847e, 
    0x20058460, 0x201d847d, 0x200584cc, 0x441184e4, 0x65840573, 0x84710221, 0x843c2041, 0x84b22005, 0x837f2071, 0x04062105, 0x03200584, 0xf6203584, 
    0x69201784, 0x32202384, 0x2e200584, 0x00210583, 0x200584f2, 0x260584b9, 0x0057fe38, 0x83290101, 0xf501260b, 0x010034fe, 0x213b8402, 0x11840202, 
    0x05841a20, 0x05838520, 0x84490221, 0x849b200b, 0x21898459, 0x41842504, 0x67fe7b26, 0x53030100, 0x01210583, 0x84118448, 0xe60121fb, 0xdb202f84, 
    0xd1840584, 0xfe250127, 0x020100f6, 0x2111836d, 0x05830f02, 0xad840320, 0x84190221, 0x84f32023, 0x84e12011, 0x84862005, 0x84e22005, 0x84f72005, 
    0x845620fb, 0x845d2005, 0x847b2005, 0x84ad20d7, 0x84c42005, 0x84c2204d, 0x8401200b, 0x8434200b, 0x84b52005, 0x84de2053, 0x21418405, 0x17841f04, 
    0x05849e20, 0xa784c520, 0x1d84fa20, 0x9d02e326, 0x07020100, 0x1c220584, 0x0b827c03, 0x05831320, 0x84fe0121, 0x845d2005, 0x02d22c05, 0x00010095, 
    0x00a002d1, 0x84f00101, 0x84192011, 0x84d02029, 0x830d2005, 0xf8002305, 0x3b82a102, 0x0583d420, 0x841d0121, 0x84df2023, 0x84682005, 0x84152023, 
    0x84042005, 0x84992005, 0x84f22017, 0x84f5200b, 0x84e8200b, 0xfe552205, 0x205f82cc, 0x2005844c, 0x21058337, 0x0b849600, 0xe5fd0b22, 0x29201782, 
    0x52201184, 0x02210583, 0x20178409, 0x22118446, 0x82f1fd31, 0x830d2077, 0x56002105, 0x18201784, 0xa1201784, 0x4e200b84, 0x3d200584, 0xd2200584, 
    0x2b200584, 0x2e204184, 0x21200b84, 0x042d0583, 0x00000070, 0x025e0301, 0x040100c2, 0x200b84d8, 0x210583fa, 0x05844c05, 0x05844d20, 0x34002c26, 
    0x45050100, 0x37200b84, 0x3e200584, 0x34260584, 0x0100fdff, 0x0b844105, 0x05842c20, 0x05831820, 0x19440420, 0x84332005, 0x84f1204d, 0x841b2017, 
    0x84432005, 0x84442005, 0x84212005, 0x84232005, 0x843c2059, 0x842f200b, 0x842b2005, 0x842e2005, 0x84352005, 0x842c2005, 0x84382065, 0x832a200b, 
    0x9d022105, 0x1d840584, 0x84c20021, 0x8490200b, 0x84c9206b, 0x844a200b, 0x84522005, 0x84222005, 0x05c94205, 0x0b831d20, 0xfe6b002c, 0x00010033, 
    0x0067fe76, 0x6b840201, 0x840a0221, 0x8405203b, 0x835c2005, 0xe9012105, 0x00210583, 0x200583b7, 0x05394202, 0x1784b920, 0x05848b20, 0x34fef326, 
    0xad020100, 0x02210b83, 0x20058453, 0x202f8401, 0x200584f4, 0x202384bb, 0x200584e0, 0x20058446, 0x20238417, 0x8405847d, 0xb00221c5, 0x23200b84, 
    0xd4261d84, 0x010055fe, 0x0b84ed01, 0x05845e20, 0x1d84ff20, 0x0584e320, 0x05845020, 0x05849220, 0x0584b320, 0x05848820, 0x05837c20, 0x84dc0521, 
    0x8478200b, 0x275984b9, 0x0800f301, 0x04050100, 0xf5204784, 0x29201d84, 0x56201d84, 0xec201184, 0xba20a184, 0xf9201784, 0xc1200b84, 0x9f200b84, 
    0x95250584, 0x0100fdff, 0x213b8402, 0x35843002, 0x23845b20, 0x0583b620, 0x84080221, 0x84ef2041, 0x84b82011, 0x84212011, 0x05194423, 0x5403d828, 
    0xdb020100, 0x05825e04, 0x0583a320, 0x07dd0329, 0x0301007f, 0x829707e0, 0x07e12205, 0x260b849f, 0x04010098, 0x82d80814, 0x07dd220b, 0x220b827c, 
    0x82c00810, 0x07d6220b, 0x2205825d, 0x82d205dc, 0x07de2205, 0x2005828f, 0x200b84bf, 0x210583d0, 0x05842205, 0x05842920, 0x05834720, 0x84790421, 
    0x83902005, 0x18062105, 0x06213b83, 0x21658322, 0x3584d605, 0x8207f821, 0xf7032165, 0x23847784, 0x847c0421, 0x84432017, 0x84432011, 0x8458201d, 
    0x84612071, 0x8462200b, 0x845e209b, 0x849620ad, 0x8401209b, 0x8498205f, 0x840c205f, 0x84312005, 0x84132005, 0x84302005, 0x845c201d, 0x84972005, 
    0x84602059, 0x212984b3, 0x53835803, 0x842d0421, 0x84f42017, 0x84f4205f, 0x84ea2077, 0x84f92071, 0x84f82011, 0x84f92011, 0x84ef2005, 0x84e12017, 
    0x84e2200b, 0x84e0201d, 0x21cb844d, 0xf5843605, 0x05841720, 0x05841820, 0x06215984, 0x2089848d, 0x200584b2, 0x20058493, 0x201d84b1, 0x200584e3, 
    0x210583fa, 0x0584d302, 0x05841120, 0xdd830320, 0x83060221, 0x0702215f, 0x5120ef84, 0x3584bf84, 0x6b840420, 0x84b80421, 0x84d52011, 0x84072005, 
    0x83062035, 0xfc012195, 0x3420a184, 0x3c20d184, 0x04201784, 0x0221a183, 0x205384cb, 0x205384ce, 0x212983ce, 0x5983cf02, 0x843a0421, 0x844f2041, 
    0x84ae2089, 0x84b52005, 0x218f8405, 0x0b840505, 0x47841c20, 0x3584cd20, 0x5f84c420, 0x3584c820, 0x17843920, 0x5f83cc20, 0x83740421, 0x2904211d, 
    0xbe207784, 0x4d840b84, 0x84030221, 0x84042035, 0x849e202f, 0x839e2017, 0xef032183, 0x03218f83, 0x821183f2, 0x00982405, 0x848e0301, 0x84cf203b, 
    0x83d7205f, 0xd9032153, 0xf5841d84, 0x5d202382, 0xfc202382, 0x0321b383, 0x234183fb, 0xd8083004, 0xf8201182, 0xfc204784, 0xf0205984, 0x06214183, 
    0x20058450, 0x20058475, 0x20058457, 0x207d8474, 0x200584c3, 0x206584db, 0x215f83fa, 0x0b843e06, 0x65847520, 0x53847520, 0x2384ad20, 0x1784da20, 
    0x17847d20, 0x71847e20, 0xb3847d20, 0x17843620, 0x05844f20, 0x1d848420, 0x17848420, 0x11843720, 0xb384d120, 0xbf84c920, 0x3584d420, 0x2384d320, 
    0x1d84a920, 0xa783df20, 0x830c0521, 0x0a052111, 0x0b822983, 0xd820f583, 0xd6204184, 0xd2203b84, 0xcf200b84, 0xd020d184, 0x73202384, 0xf820bf84, 
    0xf7200584, 0x40200584, 0xd2204d84, 0xc8205984, 0x04216b83, 0x211183ea, 0x17845d05, 0x41849220, 0x1d849220, 0x08062e28, 0x61030100, 0x05824c07, 
    0x64076522, 0x31220582, 0x05822306, 0x24063022, 0x32220582, 0x05822b06, 0xe9052722, 0x2d280582, 0x01000b06, 0x5e04ee02, 0x2f260b82, 0x01001b06, 
    0x17833404, 0x843e0421, 0x83f2202f, 0x52022117, 0xaf225f84, 0x2982de06, 0x0583d720, 0x84140321, 0x841e203b, 0x841e204d, 0x841f2029, 0x831b2053, 
    0x5203214d, 0x1c207184, 0x02234d83, 0x820706ae, 0x84812035, 0x84482005, 0x84962005, 0x07932205, 0x201782cd, 0x210583f9, 0x47841f03, 0x47841f20, 
    0x59831520, 0x04c60223, 0x201d825d, 0x217d83d6, 0xd183f701, 0x98260582, 0xf5010100, 0x17828f07, 0x17848220, 0x6b83bb20, 0x83b40121, 0xbf01212f, 
    0x01217d83, 0x20178472, 0x217783bc, 0x5383be01, 0x84e20121, 0x84cd2047, 0x831620dd, 0xb1022111, 0xfb202384, 0xd6205384, 0x0221d783, 0x20058417, 
    0x20e38442, 0x21058305, 0x1d84fc01, 0x3b836f20, 0x83ff0321, 0x4e04212f, 0x05829b83, 0x01002424, 0x47842503, 0x5384ed20, 0xef841920, 0x83831220, 
    0x831d0321, 0x1c032183, 0x5122cb84, 0x29826407, 0xf3050326, 0xde040100, 0x63204784, 0x6320dd84, 0x18201d84, 0x02213b83, 0x200584e3, 0x20058488, 
    0x20058429, 0x21238371, 0x47837202, 0x84710221, 0x848c2065, 0x84e320bf, 0x84e32017, 0x84922011, 0x05e826bf, 0x01010068, 0x200b847e, 0x290b83cf, 
    0x2e071902, 0x18020100, 0x17822507, 0x0b83ea20, 0x83e80121, 0x20ad820b, 0x2089821b, 0x20ad841d, 0x20a7841d, 0x20a78427, 0x20b98423, 0x2017841c, 
    0x20118426, 0x21118322, 0x1184cc02, 0x0b830b20, 0x060c0422, 0xc1203b83, 0x04211183, 0x2183830d, 0x05860e04, 0x6b822420, 0x8f84f920, 0x2384f720, 
    0xdd841320, 0xdd841320, 0x59841020, 0x11841220, 0x71840920, 0x23841120, 0x08066c22, 0x96228982, 0x05825d07, 0x8f079e22, 0xa9204182, 0xee20dd84, 
    0xee204784, 0xd8265984, 0x0100d205, 0x05847e04, 0x0584d920, 0x0583ee20, 0x844e0621, 0x05114305, 0x0b845420, 0x05837220, 0x84a40521, 0x83bb2005, 
    0xb9032105, 0x70200584, 0x2c201184, 0xba200b84, 0x03216583, 0x20478464, 0x201184e0, 0x84058456, 0x4a022041, 0x1e20059d, 0x7f201184, 0xa3200584, 
    0x27200584, 0x1e20b984, 0x0221b983, 0x21fb838a, 0x5142bd01, 0x00232406, 0x84b50101, 0x83f92017, 0x25032117, 0xd2202984, 0x02210b83, 0x201184b2, 
    0x200b8469, 0x420b84f3, 0x94200575, 0x04200b84, 0x9c201784, 0x04210583, 0x200b84d9, 0x260584ad, 0x001c05f0, 0x84950301, 0x84bc2077, 0x84442005, 
    0x841f2005, 0x844d2005, 0x84332005, 0x842e2005, 0x84302005, 0x83242005, 0x73022705, 0x0100e405, 0x05849202, 0x5106d622, 0x6b220b82, 0x0582f905, 
    0x0b842020, 0x0b846920, 0xdf066122, 0x72201182, 0x01230b83, 0x82b8069d, 0x07b022bf, 0x20058209, 0x210b83a3, 0x23843b03, 0x05847820, 0x05846820, 
    0x0584ae20, 0x2f847520, 0x0b84fd20, 0x0b844720, 0x8706ad22, 0x79204782, 0x71201184, 0x03210583, 0x200b840a, 0x2005845c, 0x2005847d, 0x20058451, 
    0x215983bc, 0x05849802, 0x0584a420, 0x0584a620, 0xa1010f22, 0xa4227782, 0x05824901, 0x0b845920, 0x0b84a220, 0x2f029a22, 0xab201182, 0x00290b83, 
    0x000802d6, 0x02e90001, 0x20058259, 0x210b83dc, 0x23847402, 0x0584b120, 0x0584a120, 0x0584e720, 0x0584ae20, 0x05843620, 0x3b848020, 0xd701e622, 
    0xb2204782, 0xaa201184, 0x02210583, 0x200b8443, 0x20058495, 0x200584b6, 0x2005848a, 0x215983f5, 0x0584d101, 0x0584dd20, 0x0584df20, 0x3c03c922, 
    0xab204182, 0xb5200584, 0xb9200584, 0x02230583, 0x82d20536, 0x832620fb, 0xbb052105, 0x05211183, 0x201784d5, 0x20178418, 0x21058322, 0x11830308, 
    0x06020426, 0x0701001b, 0x06202f84, 0x26058d42, 0x003f05d2, 0x83a00501, 0x33062123, 0x07200583, 0x2005a146, 0x204d8443, 0x20178401, 0x25058444, 
    0x00060623, 0x33480601, 0x842e2005, 0x842b2011, 0x84352005, 0x842f2005, 0x841f2005, 0x841e2005, 0x840d2005, 0x84162005, 0x84972047, 0x842a200b, 
    0x841c2005, 0x84232005, 0x846b206b, 0x05e5470b, 0x0b84f820, 0x05843220, 0x05843b20, 0x0621bf84, 0x2077841a, 0x2011841a, 0x20058425, 0x20058424, 
    0x2005842c, 0x20058426, 0x84058421, 0x170621e9, 0x19200b84, 0x14200584, 0x03290583, 0x009707df, 0x07da0301, 0x22058279, 0x827a07db, 0x84942005, 
    0x84f32017, 0x843e200b, 0x84612005, 0x845c2023, 0x21b3840b, 0x0b845303, 0x0584ef20, 0x3b84dc20, 0x0b83dd20, 0x83010221, 0xf9012705, 0x01005d07, 
    0x1d849904, 0x0584ed20, 0x4184fb20, 0x0b84f720, 0x5f84b020, 0x0b847020, 0x05847820, 0x2f837320, 0x847f0321, 0x848e200b, 0x83872005, 0x07052123, 
    0x05825983, 0x04219582, 0x203584c0, 0x206b84d3, 0x202384d3, 0x200b84cd, 0x200b84cd, 0x2005848d, 0x20238446, 0x208984f4, 0x200584c9, 0x22118482, 
    0x82230630, 0x062b22d7, 0x22058205, 0x8206062c, 0x06aa2205, 0x260582c0, 0x00180563, 0x83d30201, 0x8c02210b, 0x03210b83, 0x2029841d, 0x20298418, 
    0x20298319, 0x051f4402, 0xaf07f522, 0x1a202f82, 0x01211183, 0x217783f1, 0xe984f201, 0x5f83ab20, 0x86b90121, 0x20f58317, 0x205f8449, 0x20058421, 
    0x204d841c, 0x200b8417, 0x204d845e, 0x2205846c, 0x82e90567, 0x84de2077, 0x0714220b, 0x220b820f, 0x82100715, 0x04c32605, 0x0401005e, 0x217d8308, 
    0x35840904, 0x1183c220, 0x83f40221, 0x83058211, 0x840d20b9, 0x840e209b, 0x84c7203b, 0x84e9201d, 0x07f2217d, 0x01217d82, 0x824d83e5, 0x214d8205, 
    0xa7835c03, 0x83010221, 0xc5032105, 0x05210583, 0x200b8426, 0x20058478, 0x200584d4, 0x200584f6, 0x200584b9, 0x2005849b, 0x210583b2, 0x3b846404, 
    0x0584c820, 0x8f84ef20, 0x83841820, 0x7d84b820, 0x05842120, 0x11841720, 0x0b84e220, 0x05840b20, 0x0584da20, 0x3583b620, 0x83b90121, 0xdd01210b, 
    0xfd20a784, 0x04210583, 0x200b8464, 0x200b8448, 0x200584ce, 0x20e38410, 0x28178411, 0x00af078e, 0x05a80301, 0x200582d2, 0x200584ad, 0x200584a7, 
    0x20058431, 0x21058339, 0xef842602, 0x05839820, 0x05ce0127, 0x01010068, 0x2105839f, 0x23844503, 0x05842d20, 0x8c067b22, 0xc6224182, 0x05825108, 
    0x0b847820, 0x1b044a26, 0xe5020100, 0xf5203b84, 0x03230583, 0x82230640, 0x84ec2011, 0x84d32011, 0x84a72005, 0x05fe2253, 0x221782ee, 0x825d04b8, 
    0x849c203b, 0x07632229, 0x200b8297, 0x20598417, 0x200b84a1, 0x200b8429, 0x200b84a0, 0x200584ee, 0x20118432, 0x20058447, 0x21058386, 0x17832b05, 
    0x84130421, 0x846c2011, 0x07c92605, 0x0501008f, 0x21058329, 0x05847b03, 0x0584bd20, 0x0583b520, 0x83680421, 0xa8022105, 0x5c209584, 0x26207784, 
    0xfe200b84, 0xf9200584, 0x72200584, 0x6720a784, 0xf0201d84, 0x04210583, 0x2017841d, 0x201784c5, 0x210584a9, 0xe98206f2, 0x831b0421, 0xbb022105, 
    0x03230583, 0x82e9051c, 0x841a20bf, 0x84e62011, 0x840e2011, 0x84dd2005, 0x84ae2011, 0x8373204d, 0xd00221a1, 0x9d204184, 0x2e265984, 0x01001805, 
    0x1184dc02, 0x0584e220, 0x2984d120, 0x0583b220, 0xaf470120, 0x84962005, 0x838d20d7, 0xb7012105, 0xac200b84, 0xf8204784, 0x04210583, 0x22178452, 
    0x822406b9, 0x84c12047, 0x84a82041, 0x84b0203b, 0x84a52023, 0x838b2011, 0x03042165, 0x43200b84, 0x73202f84, 0xbd202384, 0xfd23d783, 0x828c0662, 
    0x067f223b, 0x2205822b, 0x82640791, 0x84932005, 0x078d2205, 0x200b824c, 0x2f0b82b0, 0x00186502, 0x74000004, 0x00b26850, 0x006a007a, 0x1e20008d, 
    0x15200e84, 0x04910584, 0x12916920, 0x83201186, 0x069f0786, 0x209f2520, 0x45201f84, 0x048b0584, 0x70182b20, 0x1f9607e3, 0x04911684, 0x00bbff23, 
    0x21158514, 0x0786dbff, 0x6d181820, 0x621809d3, 0xff210d29, 0x222183d7, 0x82ffd7ff, 0xe4ff23cb, 0x0d839aff, 0x43820383, 0x03840683, 0x83d3ff21, 
    0x21118325, 0x1b8380ff, 0xff210383, 0x83218be6, 0x23038911, 0xe9ffbbff, 0x075f6e18, 0x5b822b84, 0x18000021, 0x20142169, 0x831f835d, 0x736e1803, 
    0x23278323, 0xddff0000, 0x3a200786, 0x1f276118, 0x8398ff21, 0x83058529, 0x23038b09, 0xd5ffcdff, 0x5c180f85, 0x19851301, 0xaf222f8c, 0x6118efff, 
    0x178307b3, 0x19835595, 0x9fa00389, 0x2b8aaa20, 0x5584b020, 0x5b18a820, 0xff2109b3, 0x181d8594, 0x86076f72, 0x84ae200d, 0x83ce2027, 0x00002105, 
    0x0b837218, 0x05851185, 0x18179b41, 0x200f8f72, 0x8b7218ff, 0x214f8520, 0x5d873200, 0x00219f89, 0xa55a1800, 0xd1ff210d, 0xaa221182, 0x05821e00, 
    0x0382c820, 0x75ffd822, 0xe9260582, 0x5fffafff, 0x8f824aff, 0x98ff0522, 0x0baf6218, 0xff21a187, 0x202582e0, 0x2203825e, 0x836dff75, 0xaaff2163, 
    0x240bf342, 0x2fffeeff, 0x241d83ff, 0xfe000069, 0x206184f5, 0x2025843e, 0x05894269, 0xff218187, 0x254f85bb, 0x9aff97ff, 0x73186fff, 0x298407db, 
    0x00233d82, 0x8379ff00, 0x46ff217b, 0xe6209b86, 0x840dbd41, 0x832c839f, 0x83182003, 0x21039f04, 0xcd828cff, 0x258ab520, 0x0b8a2620, 0x1d200aa1, 
    0x41412287, 0x2115870d, 0x61180000, 0x41432ab7, 0x203d8a08, 0x204182dd, 0x200f8a98, 0x230b89bb, 0xecff0500, 0x0a220d86, 0x0984eaff, 0x2d822d20, 
    0x0383f120, 0x18bbff21, 0x200a9b5c, 0x201b8405, 0x06214200, 0x0d830f20, 0x82f7ff21, 0x43292005, 0x15830b05, 0xff230383, 0x831700be, 0x21038307, 
    0x6188afff, 0x03840e83, 0xf3225982, 0x0a842000, 0x558f0496, 0x2d839b86, 0x84005d21, 0x0000217d, 0x8317d542, 0x2003c024, 0xab41c097, 0x11eb4540, 
    0xff213d96, 0xa81896d8, 0xbbff2116, 0xff214383, 0xb730a85e, 0x21d39428, 0x4eb78cff, 0x7d203796, 0x4e201788, 0x08d90988, 0x6e8cd394, 0xceff202c, 
    0x00000f00, 0xe4ffafff, 0x19842800, 0x2508e742, 0xb5ff8cff, 0x13840900, 0x89000021, 0x00bb2415, 0x821f0000, 0x20118503, 0x23098711, 0xafff80ff, 
    0x5e204782, 0xdd203582, 0x21204982, 0x02841782, 0xed455982, 0x840e8406, 0x20298404, 0x9b0a84d0, 0x06374304, 0x823d0021, 0x829b8524, 0x2c002108, 
    0x09827d84, 0x210b9b41, 0x1082c1ff, 0x05200287, 0x25053748, 0xecff75ff, 0x14872300, 0xff210783, 0x830182bb, 0x820382a5, 0x0623440f, 0x02910982, 
    0x2f843220, 0x75ffb122, 0x8023d384, 0x4900a6ff, 0x16830565, 0x61850382, 0x028c0882, 0xd382ff20, 0x8c171345, 0x8c0c8528, 0x4412859b, 0x7b420b23, 
    0x20ff290d, 0xa8ffb0ff, 0x30ff5fff, 0xbf849182, 0x839efe21, 0x2437829d, 0xff7dff12, 0xe57718d6, 0x8419820b, 0x841b8221, 0x80ff2102, 0xa8280988, 
    0x5fff7cff, 0x23ff0000, 0x21118d44, 0x258720ff, 0xff230789, 0x8282fe75, 0x8a46202d, 0x89ef2041, 0x2309851d, 0x9cffb0ff, 0x058c0985, 0x0d855120, 
    0x00afff23, 0x91098512, 0x60ff2d05, 0xbfff8cff, 0x6aff4aff, 0x69ff2fff, 0x80206782, 0x69220382, 0x3183f5fe, 0x8295ff21, 0x45bb200b, 0xd92006bf, 
    0xb1833b83, 0x00a3ff27, 0xfff5fe00, 0x821b84bf, 0xba00212d, 0xbf240982, 0x4affbbff, 0x0c220782, 0x278346ff, 0xff24038b, 0x00e8fe60, 0x41840088, 
    0x75ff8624, 0x45848aff, 0x870a6346, 0x23218322, 0xbbff0000, 0x92209782, 0x00227b86, 0x1d832fff, 0x01210583, 0x20098422, 0x82ab83bb, 0xff0026a5, 
    0xff00005e, 0x079b449c, 0x4809a344, 0xff200bf3, 0x2106e742, 0x75839efe, 0x03973f83, 0x83ebfe21, 0x05c74119, 0x1583418b, 0x671803a1, 0xff200da9, 
    0x830a9b49, 0x835b853b, 0x87038b09, 0x8713859b, 0xb770189f, 0x872d851f, 0x48ff2005, 0x14870b47, 0x574c07a5, 0x0dcf4808, 0x258e3ca5, 0x8e08e149, 
    0x420e8a17, 0x1c8a11f1, 0xff210a88, 0x3f671869, 0x05714b1f, 0xff204d8d, 0x083d7718, 0x85f0ff21, 0x18d3a74a, 0x8521cf67, 0x9f05894f, 0xcf29899f, 
    0x09054409, 0x4f9f59cf, 0x830d6d41, 0x7dff232d, 0x078363ff, 0xff200383, 0x13857e18, 0xa4ffd222, 0x67461b84, 0x252f4d0e, 0x03993983, 0x990d774c, 
    0x4e199127, 0x21420bbd, 0x08074c09, 0x9d893b20, 0x21133f42, 0xf145bbff, 0x79874105, 0x118dd191, 0x870b234d, 0xf1ff2119, 0xe7200988, 0x07940987, 
    0x15855d20, 0x19854393, 0xff210593, 0xab159384, 0xa99f8913, 0x0d9b4735, 0x8149379a, 0x59c7411c, 0x6f189f99, 0x102010b1, 0x20089d41, 0x1fa1468c, 
    0x079d2987, 0x2e826190, 0x4205d742, 0x1c8213d3, 0xd39a02a6, 0x21065742, 0x4a8df6ff, 0x8dc4ff21, 0x4c0d910f, 0x7b42089f, 0x85219106, 0x14fd5111, 
    0x05981a85, 0x21985b88, 0xff25189b, 0xff0000af, 0x212185ae, 0xad50bbff, 0x62ff250d, 0xbbff0f00, 0x450ba74e, 0xff210f1f, 0x82398280, 0x1319453d, 
    0x854b1982, 0x90088408, 0x0ba74104, 0x21130d48, 0x7b8b28ff, 0xef493e86, 0x0bad4f07, 0x068b1a86, 0x8b411b49, 0x490bd94d, 0x67980d1b, 0x8912c34b, 
    0x0a1b492b, 0xb1002322, 0x09ab1789, 0x51173343, 0x818f3d63, 0x250d3f42, 0x0000c6ff, 0x038294ff, 0x2310fd4e, 0xaeffafff, 0x98201782, 0x470b0f43, 
    0x01541751, 0x836b8f07, 0x0ec5550f, 0x1384b520, 0x0589af20, 0x00230983, 0x82f2ff00, 0x86d32003, 0x2007820b, 0x232782ff, 0xe7ff50ff, 0x10596d18, 
    0x43067b42, 0x37850d25, 0xff210587, 0x8f0987d7, 0x8ffb8d07, 0x990fa91d, 0x9343a961, 0x939fc729, 0x5000205b, 0x27580985, 0xb4389419, 0x08a74114, 
    0x7f183d9f, 0x0c200a9b, 0x93442b91, 0x47258a13, 0x438a0673, 0x0af71c8a, 0x4705f142, 0xc549051b, 0x00002705, 0x46ff4eff, 0x918f78ff, 0x200c0350, 
    0x201d8362, 0x051f43ff, 0x0fd58e18, 0x46ff4426, 0x3bff0000, 0x52200382, 0xfe212583, 0x830583f5, 0x8707830f, 0x80ff2103, 0xff270985, 0xffa3ff62, 
    0x8544ff5b, 0x2005830d, 0x205b85ff, 0x823b8404, 0x14b7475b, 0x8310514f, 0x4203892d, 0x6582119b, 0x44080146, 0x21511519, 0xfe68892a, 0x17854509, 
    0xdd509682, 0xe11b8218, 0x9a7d8602, 0x2183849f, 0x0684c0ff, 0xff21048a, 0x093353c6, 0x42154f43, 0x4f43080f, 0x8a439007, 0x420aae4e, 0x4286136b, 
    0x8908c94f, 0x8c19869f, 0x11794206, 0x73471e85, 0x9510850a, 0x00ae2105, 0x97368f57, 0x46668777, 0x1883109b, 0x831c054c, 0x43039b20, 0x57201a2f, 
    0x1be0379b, 0x9f997d86, 0x83d4ff21, 0xbbff2383, 0x2389d8ff, 0x82dbff21, 0x00092613, 0x00d6ff00, 0x8a098211, 0x22198402, 0x880b0000, 0x82292012, 
    0x82d12009, 0xff002a03, 0x00bbff8c, 0xff46ff00, 0x20058280, 0x871183ab, 0xd4ff2303, 0x0b875aff, 0x80201388, 0x95994983, 0x2f882787, 0x20092b55, 
    0x877d8a5d, 0xff00221e, 0x8d0a88e5, 0x5f775f08, 0x0d976d8d, 0x9f1f5b42, 0x4857821f, 0xff2207b9, 0xdb5b00fc, 0x82168208, 0xbfff2302, 0x2943d2ff, 
    0x49498c36, 0x4f43191b, 0x8784821f, 0x85518c02, 0x0bcf5d14, 0x05871185, 0x83e4ff21, 0x75ff2309, 0x0783fbff, 0x2b45038b, 0x27879715, 0x75ff69ff, 
    0x5eff0000, 0x85117d4e, 0x87598b61, 0x874b970b, 0x95079d1f, 0x2733839f, 0xbaff9aff, 0x6dffceff, 0x2109a74f, 0x895e3bff, 0x00ab2708, 0xff80ff00, 
    0x008600f4, 0x200e0748, 0x20558410, 0x821c832d, 0xff3b2641, 0xff00006d, 0x071b4823, 0x03851583, 0x85094161, 0x2705830f, 0x1fffbbff, 0x8cff0000, 
    0x65590382, 0x851a830b, 0x82102003, 0xffba2219, 0x857b89ba, 0x49058216, 0x8b4614ef, 0x05ff540d, 0xff56ff23, 0x8e2f82e6, 0x07e36002, 0x0e94168e, 
    0xffafff27, 0xfe000056, 0x82f78ede, 0x0d61552b, 0x02841082, 0x84262746, 0x2004ae2b, 0x202f8283, 0x83038220, 0x83682002, 0x20038a04, 0x5c0b82ba, 
    0x27830703, 0x89057f4b, 0x06f14f15, 0xa7490120, 0x8331820a, 0x144b4102, 0x03981883, 0x198e5d20, 0x97875b83, 0x68219b8d, 0x83938700, 0x00002189, 
    0x23830585, 0x0d840383, 0xff83ff29, 0xffaefff0, 0x8387ff5e, 0x21038312, 0xdf49ebfe, 0x8bff2307, 0x4b420000, 0x4519820b, 0x00220953, 0x1b861e00, 
    0x41827f82, 0x5eff3b22, 0x18202d82, 0x2312a741, 0x0007ff83, 0xff210088, 0x230a83cc, 0xcffebbff, 0x221c7b42, 0x82ccff1e, 0x13575497, 0x21122f41, 
    0xa95a9cff, 0x8e688314, 0x09cb5903, 0x0e40188e, 0x449fb386, 0xc1411f95, 0x86e6400b, 0xff21868a, 0x860c8aa6, 0x7cff210a, 0x2886d39f, 0xff2506d2, 
    0xff0000d1, 0x200382c4, 0x425cafbf, 0x35af05d9, 0x01412f97, 0x124f4368, 0x17969397, 0x178a3f20, 0x20096d50, 0x40158a6e, 0xff21960a, 0x090349b5, 
    0x8598ff21, 0x23ff21a4, 0x8511c144, 0x21058719, 0x098346ff, 0x21125543, 0x008f0080, 0x8f0f2546, 0x870fa61f, 0x662e9f9b, 0x17611beb, 0x13835905, 
    0x820feb66, 0x21028a29, 0x0c85eeff, 0x4b179d5c, 0xff21278f, 0x87478579, 0x42d38f05, 0xff2917ef, 0x00d8ffc5, 0xff46ff00, 0x200582de, 0x870385bb, 
    0x95079543, 0xafff2349, 0x3d8246ff, 0x75ff0c22, 0x7155358f, 0xcbff2115, 0x0f8f278f, 0x20160758, 0x95278545, 0x851b8585, 0x0bcb5f05, 0x20053d57, 
    0x126769ff, 0x05872b85, 0x6769ff20, 0xe015870c, 0x22855f07, 0x60ac83e0, 0x8b0f315a, 0x0b036c3c, 0x0b87178b, 0xfffbff23, 0x4c0b85f3, 0xff2109dd, 
    0x211183be, 0x0583c2ff, 0xff210385, 0x990785b9, 0x84338505, 0x8429201f, 0x23048405, 0xb9ffbeff, 0x61833b89, 0xdc200d8a, 0xe9206584, 0x03870583, 
    0x1287458a, 0x82ff0021, 0xacff2327, 0xad590000, 0x88219305, 0xff00222a, 0x8d0b89ed, 0xcdff2109, 0xff210f83, 0x250583b6, 0xa3fe0000, 0x098525ff, 
    0x57000021, 0x15850dc5, 0x83dbff21, 0x8519931f, 0x2305831f, 0x00009cff, 0x21095d6c, 0x9549c6ff, 0x88358227, 0x8247837b, 0x859b840f, 0x8905870b, 
    0x8811879f, 0x82802019, 0xfe8c286b, 0x008cffe8, 0x82afff0d, 0x000d2415, 0x4573ff00, 0x118d11a1, 0x35820d8d, 0xff200288, 0x610cf54a, 0x3d9915f7, 
    0x05832f85, 0x83152755, 0x45038919, 0x5985113f, 0x4a057b42, 0x83620d0f, 0xa93d8907, 0x4bfe2009, 0x36860bb9, 0x2a869fa3, 0x134506c4, 0x17494605, 
    0x438562ab, 0x75454991, 0xa365ab21, 0x06b9452b, 0x2b8b3b20, 0x8bddff21, 0x230bad0d, 0x52ffd2fe, 0x6b42318f, 0xbb338f23, 0x057d510f, 0x700baf6e, 
    0x57bb09df, 0x559f3b40, 0xb48e14e3, 0x0f5f9d18, 0x2f661e8d, 0x42178b09, 0x3d637295, 0x20bf8840, 0xca098827, 0x1fdd6308, 0x91432b74, 0x3f8741ae, 
    0x51142d62, 0x76910f8d, 0xff231184, 0x843effdd, 0x4c04c208, 0xdbac13a1, 0xb20e6d47, 0xff252392, 0x45b100f5, 0x69b21b20, 0xa74132c7, 0xe46ec726, 
    0x22814147, 0x4e497347, 0x1d851d07, 0x45890540, 0xad4023cb, 0x47898789, 0x77876fe9, 0xff2307d5, 0x837dff79, 0x7dff2359, 0x0983aeff, 0x0083ff23, 
    0x83118500, 0x85039315, 0x8227831d, 0x94882029, 0x0c136c21, 0x930f5550, 0x8b139331, 0x114b6785, 0x3d931d8b, 0x23661386, 0x0cdd610c, 0x54143b6f, 
    0x83864d1f, 0xc35006be, 0x07d74605, 0x690f354f, 0xa6be4967, 0x97203ef5, 0xcf5d76ec, 0x5c8f9922, 0x2b9611c5, 0x539665bc, 0x21801640, 0x8294f9ff, 
    0x15821920, 0x06820383, 0xe16002ce, 0x665d950e, 0x599543eb, 0x41e61540, 0x0e201bbb, 0x60240341, 0x379d1259, 0x9d153165, 0x1d001033, 0x0b6a4201, 
    0x11554112, 0x2111e14c, 0x455880ff, 0x4035910f, 0xd3899d11, 0x2208ef61, 0x87f5fe46, 0x0b1b54b3, 0xbb261f88, 0x000080ff, 0xf145bbff, 0x11314123, 
    0x07955987, 0xa1170f54, 0x78874147, 0xc9952e20, 0xff2115e3, 0x21659d75, 0x1f8311ff, 0x8339ff21, 0x4103e505, 0x87e521a7, 0xb14565eb, 0x449f4696, 
    0x00c6ff28, 0xfff5ff00, 0x115aff6f, 0x640b830a, 0x71540bf9, 0x15814115, 0x95099b59, 0x2715e31f, 0xeeff89ff, 0xf7fe0000, 0xff216b8b, 0x400d8b76, 
    0xff20f50b, 0x410acf7e, 0x03200a01, 0x0a9a0b8a, 0x2022ad5e, 0x203e82cb, 0x87038214, 0x87362002, 0x18078a08, 0x87082d45, 0x414d6713, 0xc1a6ff21, 
    0xda8d8743, 0xda662007, 0xe05ac35b, 0x13fd7e9f, 0x43fbb8c3, 0xfb17cf48, 0x08594393, 0x442f4c18, 0x07f44d87, 0x75824520, 0x20174f50, 0x661b8251, 
    0x238d0759, 0x45660d97, 0x8323830b, 0x252b853d, 0x01100074, 0xa766000d, 0xa545180a, 0x005d220e, 0x8d6d8222, 0x06db7202, 0x8c400021, 0x005d2116, 
    0x4d851787, 0x8d0d1358, 0x3647720d, 0x0c926f8c, 0x4945e155, 0xfb6533e9, 0x2ec37f14, 0x12f5d092, 0x21069164, 0x834246ff, 0xa91a821a, 0x18ff2102, 
    0x29402ba9, 0x215348e5, 0x761b0741, 0x369b1a09, 0xa9731b94, 0x452d9418, 0xac200861, 0xcf710985, 0x83298719, 0x06ad5307, 0x0b830b20, 0xaf6e0020, 
    0x09954908, 0x00cbff22, 0x4824bd5c, 0xbf622bed, 0x08e36305, 0x4408cd5b, 0xcb444223, 0x64e1840e, 0x43440e01, 0x0dc37113, 0x4f783584, 0xe2358330, 
    0x66936803, 0xa1133545, 0xc3ff21dd, 0xff212385, 0x840785b2, 0x840a2005, 0x2104d605, 0x83518cff, 0xfb51180e, 0x4895d62d, 0x0f870fed, 0xb3180793, 
    0x31931d37, 0x67951340, 0xa7bb11d1, 0x2220c34a, 0xbb2f0010, 0x753bab5f, 0x47ab1bd3, 0x67081542, 0x15870c35, 0x45cd0740, 0x104142cb, 0x09634212, 
    0x8d0dc545, 0xa838920d, 0xdfff2112, 0x15202a94, 0xc7441582, 0x0c636d22, 0x36823383, 0x1a200292, 0x930a1745, 0x001a2355, 0x3d99000b, 0x4d183c84, 
    0x3a8435d7, 0x27800440, 0x98ff98ff, 0x23ff0000, 0x210be343, 0xc745afff, 0x8da5820e, 0x770d8c11, 0x17660cd1, 0x0ca56014, 0x51186d82, 0x6282121d, 
    0xff250288, 0xff0000de, 0xab0e88e0, 0xab282008, 0x422b9b2c, 0x199919c5, 0x1ba94f9b, 0x492ff34a, 0x016f1fed, 0xbfa3a929, 0x0c555a29, 0x10c35518, 
    0x10205da2, 0x05852384, 0x04830a84, 0x8355e744, 0x76038659, 0x488641a7, 0xff21069d, 0x201f94f8, 0x8815940f, 0x275a1814, 0x1f5a1807, 0x0000210a, 
    0x0c595618, 0x08822a88, 0x82d4ff21, 0x44028704, 0x7d6308f7, 0xd1ff2109, 0x87256b4c, 0x4507dd42, 0x6ac40ccb, 0x888fff21, 0x843c2046, 0x0ea34409, 
    0x04bc1384, 0x47b9618a, 0x3fb99b85, 0xab7339b0, 0x404ab019, 0x7d4f8830, 0x5bae9725, 0xff2121dd, 0x203b82d2, 0x9b038213, 0x751f8a02, 0x489b21b7, 
    0x61e11ba3, 0x23af85a3, 0x4a11b918, 0x2f917aaf, 0x99000226, 0x97000200, 0xa1381882, 0x9600c800, 0xea00ca00, 0x0a01be00, 0xdf00d401, 0x3602d601, 
    0x3802aa01, 0x0b220182, 0x01823a02, 0x3c020c28, 0x0d024202, 0x01824402, 0x47021430, 0x15026602, 0x6a026802, 0x6c023502, 0x25826e02, 0x02704808, 
    0x023b027c, 0x02ae027f, 0x02b00248, 0x027802d4, 0x02dd02d6, 0x02df029d, 0x02a502e8, 0x02eb02ea, 0x02ed02af, 0x02b102f5, 0x022903f7, 0x032b03ba, 
    0x03ed0245, 0x03580348, 0x035a0308, 0x0319035c, 0x0395035e, 0x82b5031c, 0x03542e01, 0x03ba03b7, 0x03bc0355, 0x035903d9, 0x2e0182dd, 0x03df0377, 
    0x037803e9, 0x03ef03eb, 0x82f10383, 0x880b0a01, 0x11040c04, 0x13048903, 0x8f031c04, 0x1e041e04, 0x21049903, 0x9a032b04, 0x2f042e04, 0x3304a503, 
    0xa7035404, 0x56045604, 0x7d04c903, 0xca037d04, 0x7f047f04, 0x8204cb03, 0xcc038704, 0x94048904, 0x9604d203, 0xde03c504, 0xee04c704, 0xf0040e04, 
    0x3604f504, 0xfb04f704, 0xfd043c04, 0x4104ff04, 0x12051005, 0x15054404, 0x47041505, 0x19051905, 0x1c054804, 0x49041f05, 0x22052205, 0x27054d04, 
    0x4e042a05, 0x2c052c05, 0x2e055204, 0x53042f05, 0x4b054b05, 0x4d055504, 0x56044d05, 0x4f054f05, 0x52055704, 0x58045205, 0x6e056305, 0x78055904, 
    0x65047805, 0x80057b05, 0x82056604, 0x6c048205, 0x87058405, 0x89056d04, 0x71048905, 0x8b058b05, 0x90057204, 0x73049105, 0x94059305, 0x99057504, 
    0x77049e05, 0xa005a005, 0xa4057d04, 0x7e04a505, 0xb205ab05, 0xb7058004, 0x8804b705, 0xc005be05, 0xc2058904, 0x8c04c205, 0xc705c505, 0xc9058d04, 
    0x9004cc05, 0xd905cf05, 0xdc059404, 0x9f04e605, 0xef05e905, 0xf105aa04, 0xb104f205, 0xfe05f805, 0x0906b304, 0xba040e06, 0x13061006, 0x1606c004, 
    0xc4041906, 0x21061b06, 0x2406c804, 0xcf042506, 0x2e062e06, 0x3206d104, 0xd2043206, 0x34063406, 0x3606d304, 0xd4045d06, 0x64066006, 0x6706fc04, 
    0x01056906, 0x91069106, 0xe9060405, 0x0505ed06, 0x05070107, 0x16070a05, 0x0f051607, 0x24071d07, 0x38071005, 0x18053907, 0x3f073f07, 0xcb071a05, 
    0x1b05cb07, 0xd907cd07, 0xdb071c05, 0x2905e107, 0x2908e407, 0x2f083005, 0x76057a08, 0x80087c08, 0x8a08c205, 0xc7058d08, 0x90088f08, 0x9608cb05, 
    0xcd059608, 0x9d089908, 0x9f08ce05, 0xd305a408, 0xac08a608, 0xae08d905, 0xe005b008, 0xc708c608, 0xdb08e305, 0xe505db08, 0xe908dd08, 0xeb08e605, 
    0xf305f208, 0xf708f708, 0x8208fb05, 0x05e70801, 0x090409fc, 0x09fd0504, 0x05110911, 0x091b09fe, 0x09ff051b, 0x06200920, 0x09220900, 0x09010622, 
    0x062d092d, 0x092f0902, 0x0903062f, 0x064b094a, 0x094d0904, 0x0906064d, 0x06600958, 0x09620907, 0x09100667, 0x066a096a, 0x096e0916, 0x09170672, 
    0x06750974, 0x0978091c, 0x091e0679, 0x067e097e, 0x09800920, 0x09210686, 0x06890988, 0x098f0928, 0x092a068f, 0x06950991, 0x0997092b, 0x09300699, 
    0x06a6099c, 0x09ac0933, 0x093e06ac, 0x06b109b1, 0x09c4093f, 0x094006cf, 0x06d309d3, 0x09f2094c, 0x0a4d06f2, 0x06040a03, 0x0a0e0a4e, 0x0a50060f, 
    0x06d40ad4, 0x0ade0a52, 0x0a5306de, 0x06e00ae0, 0x0af40a54, 0x0a5506f4, 0x06f60af6, 0x01020056, 0x000200ef, 0x00050040, 0x00480041, 0x00490001, 
    0x00040053, 0x82790054, 0x007b220b, 0x2205827b, 0x82890084, 0x008a2605, 0x001c008a, 0x2401828b, 0x008d0001, 0x22238297, 0x82c600a1, 0x00c72817, 
    0x001700c8, 0x82cc00ca, 0x00cd220b, 0x220b82d0, 0x82d300d1, 0x00d4220b, 0x220b82d5, 0x82d900d6, 0x00db220b, 0x220b82db, 0x82e500e4, 0x00e82205, 
    0x221182e8, 0x82e900e9, 0x00ea2e0b, 0x010100ea, 0x000e010a, 0x010f012a, 0x280b8214, 0x00150115, 0x0116010f, 0x280b8235, 0x00360136, 0x0137011c, 
    0x280b8240, 0x00760141, 0x01770104, 0x220b827d, 0x827f017e, 0x01802e0b, 0x01010089, 0x008b018a, 0x018c0115, 0x280b828c, 0x0099018d, 0x019a0113, 
    0x220b829a, 0x82a3019b, 0x01a52247, 0x080582a7, 0xc701a820, 0xc8010900, 0x1f00ca01, 0xd101cb01, 0xd2012200, 0x1400d701, 0xe601d801, 0xeb010e00, 
    0x0582ec01, 0xef01ef22, 0xf03a0582, 0x1a00fa01, 0xfb01fb01, 0xfc010200, 0x06001a02, 0x1b021b02, 0x1c020300, 0x0b822202, 0x23022328, 0x25020100, 
    0x05822a02, 0x42022b28, 0x44020200, 0x05824502, 0x46024628, 0x47023300, 0x0b826602, 0x6702672e, 0x68021500, 0x2c006802, 0x69026902, 0x6a222982, 
    0x0b826a02, 0x6e026b22, 0x70220b82, 0x05827002, 0x72027122, 0x73221182, 0x2f827c02, 0x85027f22, 0x862e1182, 0x08008602, 0x88028702, 0x89020700, 
    0x11829102, 0x9402922e, 0x95021100, 0x23009702, 0x99029802, 0x9a220b82, 0x1d829a02, 0x9d029b22, 0x9e220b82, 0x17829f02, 0xa202a022, 0xa3280b82, 
    0x5a00a302, 0xa402a402, 0xa5221182, 0x1182a702, 0xa902a828, 0xaa021c00, 0x2f82ab02, 0xac02ac22, 0xad221182, 0x1d82ad02, 0xae02ae22, 0xb0220b82, 
    0x1d82b002, 0xb602b322, 0xb7220582, 0x6b82be02, 0xbf02bf28, 0xc0021e00, 0x0b82c502, 0xc602c622, 0xc7223582, 0x0b82d002, 0xd402d122, 0xd5220b82, 
    0x0b82dd02, 0xe002df28, 0xe1020300, 0xa782e202, 0xea02e322, 0xeb220b82, 0x4182eb02, 0xf502ec22, 0xf7280b82, 0x02002903, 0x2b032b03, 0x2c280582, 
    0x03003103, 0x33033203, 0x34220b82, 0x0b823703, 0x45033b22, 0x48340582, 0x0c005603, 0x58035703, 0x5a030100, 0x07005c03, 0x69035e03, 0x6a220582, 
    0x11827303, 0x7703742e, 0x78030800, 0x5e007803, 0x94037903, 0x95220b82, 0x35829503, 0xb503b528, 0xb7030a00, 0x0582b803, 0xba03b928, 0xbc032100, 
    0x0582c103, 0xc503c228, 0xc6031e00, 0x1782d803, 0xd903d928, 0xdd030500, 0x0b82dd03, 0xe903df28, 0xea031b00, 0x5382eb03, 0xec03ec2e, 0xed032700, 
    0x0400ed03, 0xef03ef03, 0xf1221182, 0x0b82f103, 0x03f32608, 0x044b00f3, 0x000c040c, 0x040d041f, 0x0401000e, 0x00100410, 0x04110434, 0x04140011, 
    0x00130413, 0x0414044c, 0x22178216, 0x82170417, 0x04182817, 0x04040018, 0x82190419, 0x041a2211, 0x2235821a, 0x821b041b, 0x041c2211, 0x2811821c, 
    0x001d041d, 0x0421040f, 0x220b8221, 0x82220422, 0x0423220b, 0x220b8224, 0x82250425, 0x0426220b, 0x220b8227, 0x82280428, 0x04292247, 0x220b8229, 
    0x822a042a, 0x042b223b, 0x220b822b, 0x822e042d, 0x042f2205, 0x2211822f, 0x82340434, 0x04352259, 0x08358235, 0x50043626, 0x51040200, 0x03005104, 
    0x52045204, 0x53045800, 0x3c005304, 0x54045404, 0x55040c00, 0x1d005504, 0x56045604, 0x57220b82, 0x0b826104, 0x62046228, 0x63046900, 0x2f827a04, 
    0x7d047d28, 0x7f041600, 0x05827f04, 0x87048222, 0x89220582, 0x05828d04, 0x8e048e2e, 0x90045d00, 0x07009004, 0x94049104, 0x95222982, 0x53829504, 
    0x96049622, 0x97226b82, 0x17829704, 0xa9049822, 0xaa221782, 0x1182ab04, 0xac04ac3a, 0xad046000, 0x0d00c404, 0xc504c504, 0xc6040a00, 0x4e00c604, 
    0xc904c704, 0xca222382, 0x2f82ca04, 0xcb04cb2e, 0xcc042b00, 0x1e00cd04, 0xce04ce04, 0xcf223582, 0x1d82d404, 0xd504d522, 0xd6221d82, 0x1d82d804, 
    0xe004d922, 0xe1221182, 0x1182e104, 0xe204e222, 0xe3222382, 0x2f82e404, 0xe604e522, 0xe72e1782, 0x5000e704, 0xe904e804, 0xea040600, 0x1182ec04, 
    0xed04ed22, 0xee282982, 0x1100ee04, 0xf004f004, 0xf1220b82, 0x4782f104, 0xf204f222, 0xf3221d82, 0x4182f304, 0xf404f422, 0xf5280b82, 0x0c00f504, 
    0xf704f604, 0xf8220b82, 0x1782f904, 0xfc04fa22, 0xfd222f82, 0xad82fd04, 0xfe04fe3a, 0xff045100, 0x3300ff04, 0x12051005, 0x19052500, 0x15001905, 
    0x1d051c05, 0x1e3a0582, 0x3a001e05, 0x1f051f05, 0x22054500, 0x48002205, 0x23052305, 0x26053d00, 0x17822605, 0x2705272e, 0x28056200, 0x52002805, 
    0x2a052a05, 0x2b221182, 0x29822b05, 0x2c052c22, 0x2d222982, 0x29822d05, 0x2e052e34, 0x2f056400, 0x44002f05, 0x4c054c05, 0x4e052800, 0x05824e05, 
    0x50055022, 0x522e0582, 0x10005205, 0x66056305, 0x67051200, 0x0b826805, 0x69056928, 0x6a051900, 0x0b826a05, 0x6c056b22, 0x6d221782, 0x0b826d05, 
    0x6e056e22, 0x73341782, 0x55007305, 0x78057805, 0x7b053900, 0x42007b05, 0x7c057c05, 0x7d220b82, 0x0b827d05, 0x7e057e2e, 0x7f053600, 0x37007f05, 
    0x80058005, 0x82220b82, 0x0b828205, 0x84058422, 0x85220b82, 0x0b828505, 0x86058622, 0x8822e382, 0x7d828805, 0x8a058a22, 0x8c220582, 0x05828c05, 
    0x90059028, 0x91056500, 0xf5829105, 0x93059328, 0x94054d00, 0x77829405, 0x9d059922, 0x9e287782, 0x4f009e05, 0xa005a005, 0xa4221182, 0x1182a505, 
    0xab05ab34, 0xac053200, 0x2d00ac05, 0xae05ad05, 0xaf052e00, 0x1182af05, 0xb005b022, 0xb1281182, 0x2900b205, 0xb705b705, 0xbe2e0b82, 0x2600c005, 
    0xc505c205, 0xc6052000, 0x4182c605, 0xc705c722, 0xc92e2f82, 0x4000c905, 0xca05ca05, 0xcb054100, 0x0b82cb05, 0xcc05cc22, 0xcf220b82, 0xf582d205, 
    0xd405d322, 0xd5222982, 0x6b82d505, 0xd605d622, 0xd7220b82, 0x1782d805, 0xd905d922, 0xdc220b82, 0x0b82df05, 0xe105e022, 0xe2220b82, 0x2382e205, 
    0xe305e322, 0xe4220b82, 0x1782e505, 0xe705e622, 0xe92e0b82, 0x3800ea05, 0xec05eb05, 0xed053500, 0x2382ed05, 0xee05ee2e, 0xef054600, 0x2500ef05, 
    0xf105f105, 0xf2220b82, 0x2382f205, 0xf805f822, 0x26082382, 0x00fc05f9, 0x05fd0530, 0x054400fd, 0x00fe05fe, 0x06040615, 0x065b0004, 0x00080608, 
    0x06090624, 0x062f0009, 0x820c060a, 0x060d280b, 0x0656000d, 0x820e060e, 0x060f220b, 0x2e17820f, 0x00100610, 0x06110659, 0x065c0011, 0x82130612, 
    0x06142811, 0x06310015, 0x82160616, 0x06172223, 0x220b8217, 0x82180618, 0x0619220b, 0x080b8219, 0x1a061a20, 0x1b066100, 0x66001b06, 0x1d061d06, 
    0x1e064900, 0x67001e06, 0x1f061f06, 0x20066800, 0x11822006, 0x2a06292e, 0x33063f00, 0x3b003306, 0x35063506, 0x20080582, 0x00370636, 0x06380643, 
    0x06540038, 0x00520639, 0x0653060b, 0x06180058, 0x005b065a, 0x065d063e, 0x280b825d, 0x005f065f, 0x06600663, 0x220b8264, 0x82690667, 0x066a2e05, 
    0x0657006a, 0x00910691, 0x06e20653, 0x34d782e2, 0x00f006ee, 0x06f10610, 0x071200f2, 0x00160716, 0x071d0727, 0x3405821d, 0x001f071e, 0x07200725, 
    0x07150024, 0x00380738, 0x073f075f, 0x340b823f, 0x00cb07cb, 0x07cd0704, 0x070100d0, 0x00d107d1, 0x07d20713, 0x340b82d4, 0x00d607d5, 0x07d70703, 
    0x070c00d7, 0x00d807d8, 0x07d90707, 0x3a1782d9, 0x00db07db, 0x07dc0726, 0x072000dd, 0x00de07de, 0x07df0732, 0x072d00df, 0x82e007e0, 0x07e1220b, 
    0x2e0b82e1, 0x00e507e4, 0x07e60729, 0x070500eb, 0x82ed07ec, 0x07ee2235, 0x226582ee, 0x82f507ef, 0x07f6220b, 0x220b82f6, 0x82f907f7, 0x07fa340b, 
    0x071700fb, 0x000408fc, 0x08050801, 0x0804000b, 0x820f080c, 0x1038080b, 0x13001308, 0x15081408, 0x16080f00, 0x09001e08, 0x1f081f08, 0x20081f00, 
    0x22002208, 0x24082308, 0x25081400, 0x0e002708, 0x29082808, 0x2f081a00, 0x06003408, 0x36083508, 0x372e3b82, 0x02003d08, 0x3e083e08, 0x3f082c00, 
    0x0b823f08, 0x42084022, 0x432e1782, 0x11004308, 0x45084408, 0x46082300, 0x0b824708, 0x4808482e, 0x49081c00, 0x07004908, 0x4d084a08, 0x4e282382, 
    0x03005108, 0x58085208, 0x59223582, 0x0b825c08, 0x61085d28, 0x62080c00, 0x23826408, 0x6d08653a, 0x6e080800, 0x0a006e08, 0x71086f08, 0x72082100, 
    0x1e007308, 0x76087408, 0x77281182, 0x1b007808, 0x79087908, 0x7a225982, 0x4d828008, 0x8a088a22, 0x8b280582, 0x17008b08, 0x8c088c08, 0x8d22dd82, 
    0xb9828d08, 0x8f088f22, 0x90221782, 0x11829008, 0x96089622, 0x99226b82, 0x6b829908, 0x9b089a22, 0x9d220b82, 0x0b829d08, 0x9f089f28, 0xa0081600, 
    0x0b82a108, 0xa308a222, 0xa4220b82, 0x0b82a408, 0xa608a622, 0xa7340582, 0x2e00a708, 0xa908a808, 0xaa082600, 0x2000ab08, 0xac08ac08, 0xae2e0b82, 
    0x3900ae08, 0xaf08af08, 0xb0081000, 0x1782b008, 0xb208b222, 0xc7220582, 0x7182c708, 0xdb08db22, 0xdd227182, 0x0b82e008, 0xe108e128, 0xe2081300, 
    0x0b82e408, 0xe608e522, 0xe7225382, 0xe982e708, 0xe808e822, 0xe922e982, 0x1782e908, 0xec08eb2e, 0xee082900, 0x4700ee08, 0xf008f008, 0x26080582, 
    0x00f708f7, 0x0904094a, 0x090f0004, 0x00110911, 0x09180901, 0x091c0018, 0x001c091b, 0x091d0902, 0x0907001e, 0x82220922, 0x092f2217, 0x2e05822f, 
    0x004a094a, 0x094b0905, 0x0903004b, 0x824d094d, 0x0958221d, 0x22178259, 0x825e095c, 0x095f2805, 0x0904005f, 0x82600960, 0x0962284d, 0x09140062, 
    0x82630963, 0x09652217, 0x22058265, 0x82660966, 0x0967223b, 0x220b8267, 0x826a0969, 0x096d2205, 0x222f826d, 0x826f096f, 0x09702205, 0x28358270, 
    0x00720971, 0x0974090e, 0x221d8274, 0x82750975, 0x09782241, 0x221d8278, 0x82790979, 0x097e220b, 0x2205827e, 0x82820981, 0x0983227d, 0x227d8283, 
    0x82860984, 0x0988220b, 0x22058288, 0x82890989, 0x098f285f, 0x090a008f, 0x82910991, 0x099222bf, 0x22238292, 0x82940993, 0x09982211, 0x22118299, 
    0x829d099c, 0x099e2229, 0x220b82a0, 0x82a209a2, 0x09a3280b, 0x091e00a3, 0x82a409a4, 0x09a52211, 0x227782a6, 0x82ac09ac, 0x09b0222f, 0x221d82b1, 
    0x82b809b8, 0x09c42217, 0x281782c7, 0x00cb09c8, 0x09cc091f, 0x220b82cc, 0x82cf09cd, 0x09d32289, 0x340b82d3, 0x00f209f2, 0x0a030a20, 0x0a270004, 
    0x000f0a0e, 0x0ad40a19, 0x080b82d4, 0xde0ade34, 0xe00a3300, 0x0800e00a, 0xf40af40a, 0xf60a1500, 0x0100f60a, 0x13020200, 0x3c000200, 0x3d000400, 
    0x07004000, 0x48004100, 0x49001500, 0x1e005100, 0x01825200, 0x53000322, 0x1e300182, 0x5c005400, 0x5d000300, 0x1c005e00, 0x79005f00, 0x7b222982, 
    0x05828800, 0x8b00892c, 0x8d003400, 0x22009600, 0x01829700, 0xab001728, 0x0600ac00, 0x0182ad00, 0xae000d22, 0x052a0182, 0xc800c700, 0xcd001d00, 
    0x0582d000, 0xd500d422, 0xdb220582, 0x0582db00, 0xe500e422, 0x20080582, 0x00e900e9, 0x010a011d, 0x0108000e, 0x0018010f, 0x01190118, 0x011f0022, 
    0x00230123, 0x01400109, 0x2e058240, 0x00440141, 0x01450103, 0x015a0045, 0x82750146, 0x01762e0b, 0x01070076, 0x007d0177, 0x017e012a, 0x3411827e, 
    0x007f017f, 0x01800124, 0x01170089, 0x008b018a, 0x018c0149, 0x2e0b828c, 0x0098018d, 0x01990114, 0x01150099, 0x829a019a, 0x019b280b, 0x010d00a7, 
    0x82a801a8, 0x01a92871, 0x015b00a9, 0x82c101aa, 0x01c2280b, 0x013000c6, 0x82c701c7, 0x01c8340b, 0x012c00ca, 0x00d101cb, 0x01d20129, 0x011b00d4, 
    0x82d701d6, 0x01d83a05, 0x010c00ef, 0x00fa01f0, 0x02fb0123, 0x0202001a, 0x001b021b, 0x021c022d, 0x220b821e, 0x8222021f, 0x02233a0b, 0x02010035, 
    0x00380238, 0x023c0224, 0x025f003c, 0x00420242, 0x0244021c, 0x22058244, 0x82660247, 0x0268281d, 0x0225006a, 0x826c026c, 0x026d2205, 0x283b826d, 
    0x006e026e, 0x02700247, 0x22058270, 0x82710271, 0x02722217, 0x28178272, 0x00730273, 0x02740221, 0x22118274, 0x827c0275, 0x027f220b, 0x28178284, 
    0x00850285, 0x02860205, 0x22118287, 0x82880288, 0x0289226b, 0x2e178291, 0x00940292, 0x02950209, 0x022b0097, 0x82990298, 0x029a280b, 0x0206009a, 
    0x829d029b, 0x029e220b, 0x2217829f, 0x82a302a0, 0x02a4220b, 0x220b82a4, 0x82a802a5, 0x02a9220b, 0x222382ab, 0x82ac02ac, 0x02ad220b, 0x221782ad, 
    0x82ae02ae, 0x02b0220b, 0x280582b7, 0x00be02b8, 0x02bf0216, 0x225f82bf, 0x82c002c0, 0x02c5220b, 0x227182c5, 0x82c602c6, 0x02c72235, 0x280b82c7, 
    0x00d002d0, 0x02d10237, 0x221182d4, 0x82e002df, 0x02e12229, 0x22a182e1, 0x82e202e2, 0x02e322a1, 0x221182e7, 0x82e802e8, 0x02ea2229, 0x222382ea, 
    0x82eb02eb, 0x02ed2211, 0x220582f4, 0x82f502f5, 0x02f73a65, 0x020100fa, 0x00fb02fb, 0x03fc026a, 0x03010029, 0x002b032b, 0x032c0325, 0x280b8231, 
    0x00320332, 0x03330321, 0x34118233, 0x00340334, 0x03350324, 0x030a0037, 0x00380338, 0x03390302, 0x22118239, 0x823a033a, 0x033b220b, 0x34178245, 
    0x00560348, 0x03570310, 0x03150058, 0x005b035a, 0x035c0306, 0x2223825c, 0x825e035e, 0x035f280b, 0x032d005f, 0x82730360, 0x0374340b, 0x03050076, 
    0x00770377, 0x03780375, 0x03680078, 0x82950379, 0x03b52811, 0x030b00b5, 0x82b803b7, 0x03b92805, 0x032800ba, 0x82c103bc, 0x03c22805, 0x032700c5, 
    0x82c603c6, 0x03c7224d, 0x221d82c8, 0x82c903c9, 0x03ca2295, 0x220b82d8, 0x82d903d9, 0x03dd220b, 0x280b82dd, 0x00e103df, 0x03e2031c, 0x222982e3, 
    0x82e903e4, 0xeb4a080b, 0x0d00eb03, 0xec03ec03, 0xed033300, 0x0300ed03, 0xee03ee03, 0xf1030700, 0x0300f103, 0x0c040c04, 0x0d042c00, 0x15000d04, 
    0x0f040e04, 0x10040d00, 0x3f001004, 0x11041104, 0x13041b00, 0x3e001304, 0x15041404, 0x16041800, 0x23821604, 0x18041822, 0x1a283582, 0x0c001a04, 
    0x1b041b04, 0x1c220b82, 0x2f821c04, 0x22042128, 0x24040200, 0x0b822404, 0x25042526, 0x27040100, 0x28081b4c, 0x042b0403, 0x045c002b, 0x081b4c2e, 
    0x33045d24, 0x59823304, 0x34043422, 0x35227d82, 0x2f823604, 0x50043728, 0x51040f00, 0x65825104, 0x52045234, 0x53046500, 0x60005304, 0x54045404, 
    0x56041000, 0x23825604, 0x7d047d28, 0x7f041a00, 0x05827f04, 0x87048222, 0x89220582, 0x05828d04, 0x8e048e34, 0x8f040400, 0x78008f04, 0x90049004, 
    0x91040600, 0x2f829404, 0x9704962e, 0x98040a00, 0x0500a904, 0xab04aa04, 0xac341182, 0x6c00ac04, 0xc404ad04, 0xc5041100, 0x0b00c504, 0xc704c704, 
    0xc8225f82, 0x2982ca04, 0xcb04cb2e, 0xcc043700, 0x2700cd04, 0xcf04ce04, 0xd02ed182, 0x0600d004, 0xd104d104, 0xd2041600, 0x1182d204, 0xd504d322, 
    0xd6220b82, 0x0b82d604, 0xd804d722, 0xd9221d82, 0x0b82d904, 0xda04da22, 0xdb220b82, 0x0b82db04, 0xdc04dc22, 0xdd220b82, 0x5382dd04, 0xde04de22, 
    0xdf221182, 0x1182df04, 0xe004e022, 0xe1220b82, 0x1782e104, 0xe204e222, 0xe3228f82, 0x6b82e404, 0xe504e522, 0xe6227782, 0x1d82e704, 0xe804e822, 
    0xe9222982, 0x0b82ea04, 0xeb04eb22, 0xec2e1782, 0x3800ed04, 0xee04ee04, 0xf0040900, 0x3582f004, 0xf204f122, 0xf3221182, 0x0b82f404, 0xf504f522, 
    0xf7222982, 0x1182f704, 0xf804f822, 0xf9281182, 0x2d00f904, 0xfa04fa04, 0xfb223b82, 0x1182fb04, 0xfd04fd22, 0xfe3ae982, 0x6100fe04, 0xff04ff04, 
    0x10054000, 0x66001005, 0x12051105, 0x15054d00, 0x11821505, 0x05192608, 0x056e0019, 0x001d051c, 0x051e054b, 0x0548001e, 0x001f051f, 0x05220526, 
    0x05450022, 0x00270527, 0x0528056f, 0x220b8228, 0x822a0529, 0x052c221d, 0x340b822c, 0x002e052e, 0x052f0571, 0x0569002f, 0x004b054b, 0x054d0531, 
    0x2205824d, 0x824f054f, 0x05522e05, 0x05120052, 0x00660563, 0x05670513, 0x280b8268, 0x00690569, 0x056a0520, 0x220b826a, 0x826c056b, 0x056d2217, 
    0x220b826d, 0x826e056e, 0x05782e17, 0x05460078, 0x007b057b, 0x057c0554, 0x220b827c, 0x827d057d, 0x057e2e0b, 0x0542007e, 0x007f057f, 0x05800543, 
    0x220b8280, 0x82820582, 0x0584220b, 0x220b8284, 0x82850585, 0x0586280b, 0x05350086, 0x82870587, 0x05892277, 0x22058289, 0x828b058b, 0x05902805, 
    0x05720090, 0x82910591, 0x059328cb, 0x05330093, 0x82940594, 0x05992e71, 0x0520009c, 0x009d059d, 0x059e055e, 0x220b829e, 0x82a005a0, 0x05a42217, 
    0x340b82a5, 0x00ab05ab, 0x05ac053c, 0x053900ac, 0x00ae05ad, 0x05af053a, 0x221182af, 0x82b005b0, 0x05b12811, 0x053200b2, 0x82b705b7, 0x05be2e0b, 
    0x052f00c0, 0x00c205c2, 0x05c5052e, 0x220582c5, 0x82c605c6, 0x05c72247, 0x2e3582c7, 0x00c905c9, 0x05ca0551, 0x055200ca, 0x82cb05cb, 0x05cc220b, 
    0x220b82cc, 0x82d205cf, 0x05d322fb, 0x222982d4, 0x82d505d5, 0x05d62271, 0x220b82d6, 0x82d805d7, 0x05d92217, 0x220b82d9, 0x82df05dc, 0x05e0220b, 
    0x220b82e1, 0x82e205e2, 0x05e32223, 0x220b82e3, 0x82e505e4, 0x05e62217, 0x2e0b82e6, 0x00ea05e9, 0x05eb0544, 0x054100ec, 0x82ed05ed, 0x05ee2e23, 
    0x055700ee, 0x00ef05ef, 0x05f10535, 0x220b82f1, 0x82f205f2, 0x05f82223, 0x082382f8, 0xfc05f920, 0xfd053b00, 0x2600fd05, 0xfe05fe05, 0x09066b00, 
    0x36000a06, 0x0b060b06, 0x0c064e00, 0x0b820c06, 0x0d060d3a, 0x0e066400, 0x50000e06, 0x11061006, 0x12065300, 0x67001206, 0x13061306, 0x16222382, 
    0x23821706, 0x18061822, 0x26081d82, 0x00190619, 0x061b066d, 0x0673001b, 0x001c061c, 0x061d0674, 0x0659001d, 0x001e061e, 0x061f0676, 0x0677001f, 
    0x82200620, 0x06213a11, 0x06790021, 0x00250624, 0x062e0656, 0x0670002e, 0x00320632, 0x0634064c, 0x08058234, 0x37063620, 0x38065500, 0x63003806, 
    0x52063906, 0x53060e00, 0x19005806, 0x59065906, 0x5a064f00, 0x0b825b06, 0x5c065c22, 0x5d220b82, 0x0b825d06, 0x64066022, 0x67220582, 0x05826906, 
    0x9106913a, 0xe9066200, 0x1200eb06, 0xed06ec06, 0x01071300, 0x12000307, 0x05070407, 0x16280b82, 0x33001607, 0x1d071d07, 0x1e340582, 0x35001f07, 
    0x24072007, 0x38072600, 0x4a003907, 0x3f073f07, 0x56080b82, 0x00cb07cb, 0x07cd0722, 0x071800cd, 0x00ce07ce, 0x07d0071f, 0x071700d0, 0x00d107d1, 
    0x07d20714, 0x071600d2, 0x00d507d5, 0x07d60702, 0x070a00d6, 0x00d707d7, 0x07d80710, 0x070600d9, 0x00db07db, 0x07dc072f, 0x072e00dd, 0x00de07de, 
    0x07df073c, 0x073900df, 0x82e007e0, 0x07e1220b, 0x080b82e1, 0xe507e42c, 0xe6073200, 0x0400eb07, 0xed07ec07, 0xee071500, 0x1e00ee07, 0xf007ef07, 
    0xf1070300, 0x0700f407, 0xf507f507, 0xf6073400, 0x8982f607, 0xfb07fa28, 0xfe071d00, 0x8f82fe07, 0x08ff3208, 0x081f0000, 0x000b0805, 0x080c0803, 
    0x082a000c, 0x000f080d, 0x08100817, 0x08140013, 0x00150814, 0x0816080d, 0x0808001c, 0x001d081d, 0x081e0830, 0x080b821e, 0x1f081f2c, 0x20082c00, 
    0x29002208, 0x24082308, 0x25081b00, 0x0c002708, 0x29082808, 0x2f082300, 0x02003408, 0x37083508, 0x3a080100, 0x05823d08, 0x3e083e2e, 0x3f082500, 
    0x21003f08, 0x42084008, 0x432e1d82, 0x09004308, 0x45084408, 0x46082b00, 0x0b824808, 0x4908492e, 0x4a080600, 0x16004a08, 0x51084e08, 0x52222382, 
    0x3b825908, 0x5c085a2e, 0x5d080a00, 0x10006108, 0x64086208, 0x653a2382, 0x05006d08, 0x6e086e08, 0x6f080b00, 0x28007108, 0x73087208, 0x74082700, 
    0x11827608, 0x78087728, 0x79081c00, 0x53827908, 0x7a087a22, 0x7e227782, 0x35828008, 0x8a088a2e, 0x8b080700, 0x1d008b08, 0x8c088c08, 0x8d28ef82, 
    0x1b008d08, 0x90089008, 0x96220b82, 0x6b829608, 0x99089922, 0x9a227782, 0x0b829b08, 0x9d089c22, 0x9f280b82, 0x1a009f08, 0xa108a008, 0xa2227182, 
    0x0b82a308, 0xa408a422, 0xa6220b82, 0x0582a608, 0xa708a734, 0xa8083a00, 0x2f00a908, 0xab08aa08, 0xac082e00, 0x0b82ac08, 0xae08ae2e, 0xaf084600, 
    0x1200af08, 0xb008b008, 0xc6221782, 0x8f82c608, 0x08c72c08, 0x084700c7, 0x00db08db, 0x08dd0822, 0x081800dd, 0x00de08de, 0x08e0081f, 0x081700e0, 
    0x00e108e1, 0x08e20814, 0x081600e2, 0x82e508e5, 0x08e6227d, 0x22fb82e6, 0x82e708e7, 0x08e822fb, 0x34c582e9, 0x00ec08eb, 0x08ed0832, 0x083d00ed, 
    0x00ee08ee, 0x08ef0858, 0x220b82ef, 0x82f008f0, 0x08f1220b, 0x220b82f2, 0x82f708f7, 0xfb3808d1, 0x1500fb08, 0x04090409, 0x11090d00, 0x14001109, 
    0x1b091b09, 0x20090100, 0x0a002009, 0x22092209, 0x2d091000, 0x16002d09, 0x2f092f09, 0x4a090200, 0x04004a09, 0x4b094b09, 0x4d220b82, 0x23824d09, 
    0x5b095822, 0x5c343b82, 0x18005c09, 0x5e095e09, 0x5f092a00, 0x1e005f09, 0x60096009, 0x62281782, 0x1b006209, 0x64096409, 0x65225382, 0x17826509, 
    0x67096622, 0x6a224182, 0x77826a09, 0x6e096e28, 0x6f093e00, 0x17826f09, 0x70097022, 0x71282f82, 0x0c007209, 0x75097509, 0x78283582, 0x03007809, 
    0x79097909, 0x7e220b82, 0x05827e09, 0x80098022, 0x81284782, 0x0a008309, 0x85098409, 0x86228382, 0x9b828609, 0x88098822, 0x89221782, 0x59828909, 
    0x8f098f28, 0x91090b00, 0x11829109, 0x92099222, 0x93222982, 0x11829409, 0x95099528, 0x97092d00, 0x35829709, 0x99099822, 0x9c221d82, 0x0b829d09, 
    0xa0099e22, 0xa1220b82, 0x0b82a209, 0xa309a328, 0xa4092700, 0x1182a409, 0xa509a52e, 0xa6093400, 0x1800a609, 0xac09ac09, 0xb1224182, 0x6b82b109, 
    0xc809c728, 0xcc092c00, 0x8f82cd09, 0x09f23a08, 0x0a2e00f2, 0x00030a03, 0x0a040a35, 0x0a260004, 0x000f0a0e, 0x0ad40a20, 0x0a3300d4, 0x00de0ade, 
    0x0ae00a40, 0x0a0500e0, 0x00f40af4, 0x3b010026, 0x000400f8, 0x0d3a0500, 0x2101f336, 0x018fd20a, 0x0a840b25, 0x90840bd2, 0x13242a01, 0x0cae0c4c, 
    0x0cc80d78, 0x20078278, 0x270391ae, 0xc60ac60a, 0x06163a15, 0x119d1991, 0x10a04023, 0x222188c0, 0x9dcc0ac0, 0x231d832d, 0xc00aee0d, 0x0d210187, 
    0x29019150, 0x68170a10, 0xee160a10, 0x01856419, 0x17981b25, 0xa1420ce6, 0x20219657, 0x100b4142, 0xc5111d41, 0x0b762111, 0x843a018b, 0x022b3a15, 
    0x3a15dc1c, 0xa029921d, 0xd625481e, 0x3a153a15, 0x3821b223, 0xff893a15, 0x0d2609a9, 0x107e1084, 0x008c0c40, 0x87600e21, 0xa0152501, 0xa015ea19, 
    0x18250185, 0x18a01564, 0x85018364, 0x2105930f, 0x01931a0b, 0xad660c21, 0x6e142101, 0x0b212f93, 0x2901a342, 0x1647ae0c, 0xae0cd04d, 0xb741de0a, 
    0x240b2509, 0xee12240b, 0x239b3da3, 0x861e0c21, 0x0c662601, 0x0e6e141e, 0x27a38786, 0x6e146e14, 0x9e0fa60d, 0x4221b392, 0x2b01820c, 0xfe1e0611, 
    0xa00bb81f, 0xc60a420c, 0x0e250f83, 0x1afe1eb4, 0x26098478, 0x20100fe2, 0x83100f76, 0x211d831b, 0x2183c60a, 0x83061121, 0x2103831b, 0x09873e0f, 
    0x8b2e0b21, 0x660c2701, 0xae0c2e0b, 0xe183b20b, 0x0fc60a23, 0x430982d4, 0x0784072b, 0x4b844783, 0x240f8f43, 0x16660c66, 0x22b78806, 0x41c60a08, 
    0x42261269, 0xd414420b, 0x0941d414, 0x211bc11b, 0x438b1e0c, 0x0cfe2123, 0x200184ec, 0x859b8266, 0x21058e09, 0xd387c40b, 0x0d2107a5, 0x210183a6, 
    0x0785d60c, 0x6a2105b4, 0x2101820d, 0x018d5a0b, 0x0c231383, 0x83e2181e, 0x29039707, 0x6a0d1e0c, 0x4c13240b, 0x018b240b, 0x1c40303f, 0x0b9c0c2e, 
    0x28ae0c84, 0x37840b46, 0x15840dfa, 0x0a3a153a, 0x0d78167e, 0x0c500d50, 0x291983ae, 0x140ea015, 0xae0c7e0a, 0x0182660c, 0x7e0aae24, 0x1782420b, 
    0x2705f542, 0x0bd20a84, 0x0b840d42, 0x0a210d82, 0x2401b1e8, 0x8a0ad60b, 0x213d820a, 0x0193840a, 0x0b4c1125, 0x97680be8, 0x3a0e2501, 0xc60af20a, 
    0x2307af41, 0xec0c061b, 0x84234f41, 0x828a20a9, 0x2103ac75, 0x09426c0f, 0x22738209, 0x42660c2e, 0x0c2505f7, 0x0ac60a66, 0x840583c6, 0x84ec2003, 
    0x11662605, 0x0c420b96, 0x820b8566, 0x0a902705, 0x0b420c90, 0x07820a42, 0x11837d83, 0x0d280783, 0x11420b6a, 0x0a9a32e0, 0x0a272d82, 0x0a920b9c, 
    0x829c0afc, 0x0ab42101, 0x0d210182, 0x2101831c, 0x0585d80a, 0x22722e25, 0x82a20acc, 0x0aae2601, 0x0bae0aa8, 0x29218338, 0x920bb40a, 0x1c0d0827, 
    0x0185d80a, 0x2d825582, 0x0b230b83, 0x83020d10, 0x540c2703, 0x020d540c, 0x0184300c, 0x8a0c8a28, 0x060ba824, 0x03834c0b, 0x83403521, 0x3a122157, 
    0x0d206585, 0x0f844382, 0xd6569424, 0x5d82d80a, 0x840aba21, 0x920b2501, 0xfa0baa13, 0x778701d3, 0x0c250783, 0x0b9c0c9c, 0x21018238, 0x01880b92, 
    0x10500d29, 0x0bae0c0a, 0x82ae0c2e, 0x0c662c01, 0x0ac60aec, 0x0c300cc6, 0x8c8a0c8a, 0x0a8148db, 0x47050348, 0x43830beb, 0x43844583, 0x1347ae20, 
    0x1576220e, 0x1195463a, 0x46840d21, 0x0e23056c, 0x46600e60, 0x0b230543, 0x451a0b1a, 0x6b420b3d, 0x85518305, 0x420b2309, 0x1f861e0c, 0x06114222, 
    0x21071f45, 0xb986c60a, 0x22052f43, 0x44660c66, 0x4b420f97, 0x05314405, 0x2012b342, 0x05db436a, 0x2405c743, 0x240b240b, 0x2267830c, 0x85ae0cae, 
    0x840b2431, 0x830c600e, 0x854220d1, 0x21818359, 0x4783680b, 0x85680b21, 0x07f14107, 0x0d300c27, 0x0c8a0c1c, 0x144f4142, 0x540c542c, 0xcc0acc0a, 
    0xaa13840b, 0xc982b42c, 0x2e0bec26, 0x360d660c, 0xec224d82, 0x01853a15, 0x0c500d29, 0x0a760bae, 0x843a15d2, 0x0a422671, 0x0d360dd2, 0x270f8336, 
    0xa015a015, 0x600eae0c, 0x05828b83, 0x1d434220, 0x2e0b2309, 0x2582420b, 0x51836a20, 0xa38ac183, 0xfd424220, 0x25118305, 0x500d780c, 0x27416a0d, 
    0x840d2307, 0xa741840d, 0x600e2105, 0x0b846983, 0x380b8a2a, 0xd80a920b, 0x9c0cd80a, 0xa6305182, 0xae0c920b, 0xe8050100, 0x01008000, 0xa3fff203, 
    0x522c0584, 0xed040100, 0x010057ff, 0x5100a302, 0xbb201184, 0x46200584, 0x17851184, 0x0b828620, 0x4e00b422, 0x72223b82, 0x0582afff, 0x98ffe822, 
    0xcd220582, 0x2384c6ff, 0x11844520, 0x04391782, 0x0069ff25, 0x009d0202, 0x00a20245, 0x05020045, 0x05afffcd, 0x00bbffe7, 0x826d8302, 0x008b2877, 
    0xff620402, 0x827b0498, 0x2013833f, 0x20318280, 0x20138275, 0x22138210, 0x828cffcb, 0xffc62231, 0x283582bb, 0x01020080, 0x01afffa5, 0x836d82a6, 
    0x82522045, 0x20278345, 0x20278211, 0x254f8325, 0x98ffd901, 0xc182b202, 0x59820320, 0x85044621, 0x00752217, 0x20358203, 0x22358280, 0x82720580, 
    0x87032025, 0xe805217f, 0x13820d84, 0x82bf0521, 0xffc0245f, 0x8603003b, 0x82bb2033, 0x00af321b, 0x00c90003, 0x00ce024b, 0x00f50832, 0x0204004b, 
    0x2cc18297, 0x025100a3, 0x054500a4, 0x00250002, 0x201f8204, 0x821f8345, 0x822520c3, 0x00452c23, 0xffab0504, 0xffaf0575, 0x82de0775, 0xffe02603, 
    0x03040075, 0x84bb84f0, 0x835584f1, 0x82802023, 0x82802023, 0x07802423, 0x8280ffe0, 0xfff22623, 0xff1e0495, 0x22f782db, 0x820409e0, 0x02042495, 
    0x825d00a3, 0x059821ad, 0x6920f985, 0x96207d82, 0x9e207982, 0xe82a7d86, 0x0400e3ff, 0xbbffde01, 0x0382e001, 0x0382e120, 0x3584e220, 0x6820a185, 
    0x0323a189, 0x822ffff2, 0x82802059, 0x04982459, 0x8298ffe1, 0xffa52435, 0x82a6016a, 0xffd92403, 0x840c0498, 0x41d38235, 0x52200601, 0xbb20a182, 
    0xaf242384, 0xafffa601, 0x39843d82, 0xaf28a184, 0x75ff9004, 0x3bff9704, 0x8c20a182, 0x4b20fb84, 0x4b26fb8a, 0xc9000500, 0xb7824b00, 0x15905120, 
    0x9d012526, 0xa50169ff, 0xa6280382, 0xf50869ff, 0x05002500, 0x32282782, 0x00006a03, 0x75ff8e04, 0x26080f42, 0xff100406, 0x827b04af, 0x828f2065, 
    0xff912803, 0xffcb0480, 0x82f5048c, 0x010624a3, 0x8289ff9c, 0x82892045, 0x04b52291, 0x221d8211, 0x82d0ff13, 0x006922d3, 0x88118206, 0x07052399, 
    0x4d8298ff, 0xa184b220, 0x96020624, 0x67824500, 0xc6055d24, 0x1582a3ff, 0xe7057526, 0x000698ff, 0x9d224d84, 0x134280ff, 0xffc02208, 0x201d8269, 
    0x28f982bb, 0x0208005e, 0x02afff0b, 0x202f82f9, 0x22498272, 0x82bbff86, 0x82af203b, 0x8269201d, 0x8580203b, 0x8ce58221, 0x0b4d42cf, 0x0920db84, 
    0x51227382, 0x4382be05, 0xafffbf24, 0x0782c005, 0xbbffe828, 0xa3ffdb07, 0x0382a808, 0x0382a920, 0xa3ffac28, 0x95020900, 0xa1828700, 0x97028722, 
    0x9e200782, 0x9f200382, 0xa4200382, 0xad240382, 0x44088700, 0x45240382, 0x09008700, 0x20088f42, 0x208f82b1, 0x2c0382b2, 0x07afffe8, 0x0798ffe4, 
    0x0898ffe5, 0x2c0382eb, 0x0098ffec, 0xfff20309, 0xff5204af, 0x07a1418c, 0x82070521, 0xff1f2429, 0x822b058c, 0xffcd2103, 0x83050f41, 0x045d2e97, 
    0x0498ff1b, 0x04bbff1e, 0x0580ffe1, 0x20df840e, 0x22c182a3, 0x82d9058c, 0x82e7200b, 0x820b204b, 0x82452097, 0x82452097, 0x02452697, 0x0245009e, 
    0x2403829f, 0x026800a3, 0x260782a4, 0x054500ad, 0x82e3ffe8, 0x0845259f, 0x00450045, 0x51202d8b, 0x51202d8a, 0x02222d88, 0x2d942500, 0x74205b8b, 
    0x89892dac, 0x898f5b97, 0x83025121, 0x212d8bb7, 0x0142010c, 0xffbe240b, 0x82bf0569, 0x0a094203, 0xffdb0725, 0x82a80869, 0x82a92003, 0xffac2e03, 
    0x000d0069, 0x014e008a, 0x024e0036, 0x200382a8, 0x200382a9, 0x200382b0, 0x200382b3, 0x200382b4, 0x200382b5, 0x2e0382b6, 0x064e00eb, 0x084e0004, 
    0x094e0048, 0x844e0018, 0x828c2035, 0x828c2035, 0x028c2635, 0x028c00a9, 0x200382b0, 0x200382b3, 0x200382b4, 0x200382b5, 0x220382b6, 0x828c00eb, 
    0x828c2035, 0x828c2035, 0x008c2235, 0x0fd9430d, 0xff940529, 0xffb30598, 0x82b405a3, 0xffb73003, 0xffc60575, 0xffd90580, 0xfee705af, 0x82ec05f5, 
    0xfff82407, 0x420f00a3, 0xbe2110bb, 0x2de318ff, 0x10c74207, 0xbb20df82, 0xbb2adf82, 0xbbffa908, 0xbbffac08, 0x3d841000, 0x5d00a322, 0xab0cfd42, 
    0x00112841, 0x0093008a, 0x824b00c9, 0x829320ef, 0x829320ef, 0x829320ef, 0x029326ef, 0x029300b3, 0x200382b4, 0x200382b5, 0x2a0382b6, 0x023200ce, 
    0x059300eb, 0x822500e8, 0x829320f7, 0x089324f7, 0x824b00f5, 0x00932cfb, 0x00550011, 0x005e0045, 0x82790097, 0x82aa2003, 0x00ae2603, 0x00090197, 
    0x22558287, 0x82380197, 0x823d200b, 0x823e2003, 0x008b2603, 0x009b0297, 0x07574645, 0xffb20223, 0x2269828c, 0x82e20645, 0x03122a33, 0x04a3fff2, 
    0x04bbff7d, 0x2003827f, 0x20038282, 0x20038283, 0x20038284, 0x20038285, 0x20038286, 0x20038287, 0x20038289, 0x2003828a, 0x2003828b, 0x2203828c, 
    0x82bbff8d, 0x088b2693, 0x08bbff9f, 0x240382a2, 0x00bbffa3, 0x0ca94412, 0x69ffb124, 0x0382b205, 0x7fffbe24, 0x0382bf05, 0x0382c020, 0xafffcd38, 
    0xbbffe705, 0x7fffdb07, 0x69ffe407, 0x69ffe507, 0x7fffa808, 0x0382a908, 0x0382ac20, 0x0f82eb20, 0x69ffec26, 0x92021600, 0x9320ad82, 0x94200382, 
    0x98200382, 0x99200382, 0x9b200382, 0x9c200382, 0xa020c586, 0xa1200782, 0x82052547, 0x025d2275, 0x200b82a5, 0x200382a6, 0x200382a7, 0x280382ac, 
    0x044500ae, 0x084500ee, 0x20038243, 0x20038246, 0x2a038247, 0x00450079, 0xff150116, 0x829b018c, 0x829c2003, 0x829d2003, 0x829e2003, 0x829f2003, 
    0x82a02003, 0x82a12003, 0x82a22003, 0x82a32003, 0x82a52003, 0x82a62003, 0xffa72403, 0x821d048c, 0x82222003, 0x82252003, 0xff352403, 0x8214088c, 
    0x25478203, 0x8cff0409, 0x03826009, 0x8cff7022, 0x98205984, 0x98265982, 0x98ff9c01, 0x03829d01, 0x03829e20, 0x03829f20, 0x0382a020, 0x0382a120, 
    0x0382a220, 0x0382a320, 0x0382a520, 0x0382a620, 0x98ffa722, 0x98225982, 0x07822204, 0x03822520, 0x98ff3524, 0x03821408, 0x98ff1522, 0x98205982, 
    0x98265982, 0x98ff7009, 0xb3821700, 0x5982a320, 0x5982a320, 0x5982a320, 0x9e01a326, 0x9f01a3ff, 0xa0200382, 0xa1200382, 0xa2200382, 0xa3200382, 
    0xa5200382, 0xa6200382, 0xa7220382, 0x5982a3ff, 0x5982a320, 0x2504a322, 0x35260b82, 0x3807a3ff, 0x5d82a3ff, 0x1508a324, 0x5d82a3ff, 0x5d82a320, 
    0x5d82a320, 0x5d84a320, 0x5d82af20, 0x5d82af20, 0x5d82af20, 0x5d82af20, 0x5d82af20, 0xa001af26, 0xa101afff, 0xa2200382, 0xa3200382, 0x4f480382, 
    0xa7012306, 0x5d82afff, 0x5d82af20, 0x5d82af20, 0x3504af24, 0x5d82afff, 0x5d82af20, 0x1508af24, 0x5d82afff, 0x5d82af20, 0x5d82af20, 0x1700af28, 
    0xbbffd801, 0x0382d901, 0x0382da20, 0x0382db20, 0x0382dc20, 0x0382dd20, 0x0382de20, 0x9547df20, 0xe301210d, 0xe4200f82, 0xe5200382, 0xe6200382, 
    0xeb200382, 0xec200382, 0xef240382, 0x2508bbff, 0x26200382, 0x27240382, 0x7109bbff, 0x72270382, 0x1900bbff, 0x41ff1501, 0x8d823073, 0x0c049824, 
    0x7b41bbff, 0x41c3820f, 0x6583157f, 0x9b016a26, 0x9c016aff, 0x9d200382, 0x9e200382, 0x9f200382, 0xa0200382, 0xa1200382, 0xa2200382, 0xa3200382, 
    0xa5200382, 0x20062f48, 0x093348a7, 0x6a266582, 0x6aff2204, 0x03822504, 0x6aff3522, 0x6a2a6582, 0x6aff1408, 0x6aff1508, 0x03820409, 0x03826020, 
    0x6aff7022, 0x0223cbb9, 0xa9a3ffb2, 0x0b0225cb, 0x1a02afff, 0x48240382, 0xf80298ff, 0xf9240382, 0x750398ff, 0x76280382, 0x7803afff, 0xba032fff, 
    0xc8240b82, 0xe003bbff, 0xe2200f82, 0xe3200382, 0x28080382, 0x03aeffe8, 0x04aeffe9, 0x045eff7b, 0x048cff8f, 0x05f5fe91, 0x05bbff72, 0x0598ff90, 
    0x0552ffc0, 0x05afffc3, 0x055effc6, 0x220382cd, 0x828cffe8, 0xff0c22cb, 0x2469820c, 0xff130297, 0x266d8247, 0xff2d0277, 0x8238028c, 0x823b2003, 
    0x82422003, 0x82452003, 0x82492003, 0x82662003, 0xff9c2c03, 0x00a302b6, 0xffff025d, 0x8234038c, 0xff37225d, 0x205d828c, 0x20598280, 0x2455823b, 
    0xffc80598, 0x25598280, 0xffd5052f, 0x974805a3, 0x1b092106, 0x1c246582, 0x2500c900, 0x48431b43, 0x27430b97, 0xf508230b, 0x2b432500, 0x831d200c, 
    0x101748a7, 0x68ff5224, 0x03826705, 0x03826820, 0x03826a20, 0x03826d20, 0x03829420, 0x0382a020, 0x0382c620, 0x98ffc924, 0x0382cb05, 0x0382cd20, 
    0x0f82d320, 0x0382d420, 0x0382d620, 0x0382d920, 0x0382e020, 0x0382e120, 0x0382e320, 0x0382e620, 0x68ffe724, 0x0382ee06, 0x0382ef20, 0x68fff028, 
    0x68ffaf08, 0xe3461e00, 0xff522210, 0x227182b5, 0x826805b5, 0x826a2007, 0x826d2003, 0x82942003, 0x82a02003, 0x0dfb4603, 0xd305b522, 0xd4201382, 
    0xd6200382, 0xd9200382, 0xe0200382, 0xe1200382, 0xe3200382, 0xe6200382, 0xe7200382, 0x17470382, 0x28798206, 0xffef06b5, 0xfff006b5, 0x227982b5, 
    0x921f00b5, 0x829e2079, 0x829e2079, 0x059e2679, 0x059eff6a, 0x2003826d, 0x20038294, 0x8d0382a0, 0x829e2079, 0x059e2279, 0x201782d4, 0x240382d6, 
    0x05a9ffd9, 0x200782e0, 0x200382e1, 0x200382e3, 0x200382e6, 0x240382e7, 0x05a3ffeb, 0x220382ec, 0x82a3fff8, 0x829e207d, 0x829e207d, 0x829e207d, 
    0x949e207d, 0x82a8207d, 0x82a8207d, 0x82a8207d, 0x82a8207d, 0x05a8267d, 0x05a8ff94, 0x8d0382a0, 0x82a8207d, 0x82a8207d, 0x05a8227d, 0x201b82d6, 
    0x200382d9, 0x200382e0, 0x200382e1, 0x200382e3, 0x200382e6, 0x220382e7, 0x82bbffeb, 0x05bb247d, 0x82affff8, 0x82a8207d, 0x82a8207d, 0x82a8207d, 
    0x82a8207d, 0x43c3427d, 0x420d1548, 0x5f4814cb, 0x1b092b0f, 0x20008cff, 0x32001501, 0x03829b01, 0x03829c20, 0x03829d20, 0x03829e20, 0x03829f20, 
    0x0382a020, 0x0382a120, 0x0382a220, 0x0382a320, 0x0382a520, 0x0382a620, 0x3200a724, 0x03821d04, 0x03822220, 0x03822520, 0x32003523, 0x13ad4905, 
    0x32003822, 0x69257182, 0x32001408, 0x49638208, 0x09250bb9, 0x09320004, 0x24038260, 0x00320070, 0x47b94521, 0x411c9149, 0xe1450aff, 0x01232614, 
    0x01afff0a, 0x2003820b, 0x2003820c, 0x2203820d, 0x44afff0e, 0xbe244059, 0xbf05afff, 0xc0200382, 0xc6210382, 0x179541ff, 0xa808af26, 0xa908afff, 
    0xac280382, 0x1b09afff, 0x23008cff, 0x242c7149, 0x02510092, 0x20038293, 0x20038294, 0x20038298, 0x20038299, 0x2003829b, 0x2003829c, 0x2003829d, 
    0x200382a0, 0x200382a1, 0x200382a2, 0x200382a5, 0x200382a6, 0x200382a7, 0x200382ac, 0x490382ae, 0x042d06a5, 0x065100ee, 0x089700e2, 0x08510043, 
    0x20038246, 0x24038247, 0x00510079, 0x0c6f4924, 0xbbff5224, 0x03826705, 0x03826820, 0x03826a20, 0x03826d20, 0x03829020, 0x03829420, 0x0382a020, 
    0x200b0b42, 0x06674fc6, 0x0782d320, 0x0382d420, 0x0382d620, 0x0382d920, 0x0382e020, 0x0382e120, 0x0382e320, 0x0382e620, 0xbbffe728, 0xe0ff5a06, 
    0x03825b06, 0x5d009124, 0x0f82ee06, 0x0382ef20, 0xbbfff022, 0x250ff54b, 0xbbffaf08, 0x33422500, 0x82ac204c, 0x82b02081, 0x09d94303, 0xcd4bbb20, 
    0x09bd430c, 0xdf07bb22, 0xe1209182, 0x20162548, 0x50f3462b, 0x52ffbe24, 0x0382bf05, 0x0382c020, 0xafffc224, 0x0382c305, 0x0382c420, 0x0747c520, 
    0x06753a0c, 0x06cbff5a, 0x07cbff5b, 0x0752ffdb, 0x07afffdc, 0x08afffdd, 0x0852ffa8, 0x200382a9, 0x200b82aa, 0x200382ab, 0x200b82ac, 0x280782b0, 
    0x09afffb2, 0x00affff2, 0x42adc82d, 0xb5471311, 0x07154207, 0x2509bd47, 0xffcd05bb, 0x1142055e, 0xe8052322, 0x09428cff, 0xaf08230b, 0xb58ebbff, 
    0xa0ffbf22, 0x24185b48, 0x03a0ffc2, 0x200382c3, 0x200382c4, 0x280382c5, 0x03bbffc8, 0x03aeffdf, 0x200382e0, 0x200382e1, 0x200382e2, 0x200382e3, 
    0x200382e4, 0x200382e5, 0x200382e6, 0x480382e7, 0x04251283, 0x04a0ffcc, 0x200382cd, 0x220382e3, 0x48a0ffe4, 0x08251b93, 0x08a0ff72, 0x2a038273, 
    0x08aeff77, 0x09aeff78, 0xc0a0ffa3, 0x82bb20b5, 0x03bb22b5, 0x20c182e1, 0x200382e2, 0x200382e3, 0x200382e4, 0x200382e5, 0x200382e6, 0x200382e7, 
    0x220382e8, 0x49bbffe9, 0xb5b60b39, 0xb582bb20, 0xb584bb20, 0x85442e20, 0x008a230c, 0xfb4d0051, 0x4d51200d, 0x894410fb, 0x00a82437, 0x44a90251, 
    0xb0200a91, 0x22089544, 0x82b40251, 0x82b5200b, 0x82b62003, 0x00eb2803, 0x00ee0451, 0x44040651, 0x482012a9, 0x2105ad44, 0xa7821809, 0xb98e2f20, 
    0xb98e4520, 0xb9bc4520, 0x7400a323, 0x0b474502, 0x4500a822, 0x4521bd82, 0x074f4502, 0x0f82b020, 0x82065345, 0x024522bd, 0x200f82b5, 0x220382b6, 
    0x864500eb, 0x454520bd, 0x48261067, 0x79084500, 0xbd825100, 0x30004522, 0x7741bd8e, 0x02452123, 0x222bc54e, 0x4e5100a4, 0x7f410cc9, 0x02452209, 
    0x41a982ae, 0x45201d7f, 0x210a7f41, 0xf54e0845, 0x057f4107, 0xc1824520, 0x31005122, 0x24285b44, 0x03afffdf, 0x200382e0, 0x0a054ce1, 0x0b82e420, 
    0x0382e520, 0x0382e620, 0x0382e720, 0x0382e820, 0xafffe922, 0x4514154c, 0x8c202521, 0x240c1945, 0x08afff77, 0x22214578, 0x87023326, 0x88020000, 
    0x96240382, 0x9a025100, 0xeb550782, 0xaa022106, 0xab200b82, 0xc6200382, 0xd1200382, 0xd2200382, 0xd3200382, 0xd4240382, 0x5a030000, 0x5b200382, 
    0x5c200382, 0x5e200382, 0x5f200382, 0x60200382, 0x61200382, 0x62200382, 0x63200382, 0x64200382, 0x65200382, 0x66200382, 0x67200382, 0x68200382, 
    0x69240382, 0x90040000, 0x97200382, 0xca200382, 0xd5200382, 0xe1200382, 0xed200382, 0xf0200382, 0xfa200382, 0xfb200382, 0xfc240382, 0x73050000, 
    0xe8280382, 0xd807e3ff, 0x49080000, 0x57820382, 0x57820820, 0x82640821, 0x00e8240b, 0x821d0900, 0x821e2003, 0x824d2003, 0x82832003, 0x00922a03, 
    0x01390000, 0x0175ff15, 0x2003829b, 0x2003829c, 0x2003829d, 0x2003829e, 0x2003829f, 0x200382a0, 0x200382a1, 0x200382a2, 0x200382a3, 0x200382a5, 
    0x200382a6, 0x240382a7, 0x01bbffc8, 0x200382c9, 0x200382ca, 0x200f82d8, 0x200382d9, 0x200382da, 0x200382db, 0x200382dc, 0x200382dd, 0x200382de, 
    0x200382df, 0x200382e0, 0x200382e1, 0x200382e2, 0x200382e3, 0x200382e4, 0x200382e5, 0x200382e6, 0x200382eb, 0x2c0382ec, 0x0375ffef, 0x0475fff2, 
    0x04bbff0c, 0x2003821a, 0x200b821d, 0x20038222, 0x20038225, 0x240f8234, 0x0875ff35, 0x82038214, 0x1f0824ab, 0x8208bbff, 0x26082117, 0x27240f82, 
    0x040975ff, 0x60200382, 0x70200382, 0x71200382, 0x72200382, 0x9f820382, 0x9f820920, 0x9f820920, 0xffcb0925, 0x423d00bb, 0xbf220c79, 0x1f4680ff, 
    0x0380261a, 0x0380ffc3, 0x200382c4, 0x460382c5, 0x8d42051f, 0xcc042534, 0xcd0480ff, 0xe3200382, 0xe4220382, 0x1f4680ff, 0x339d4208, 0x80ff7224, 
    0x03827308, 0x2e23a542, 0x0980ffa3, 0x00affff2, 0xff15014b, 0x829b015e, 0x829c2003, 0x829d2003, 0x829e2003, 0x829f2003, 0x82a02003, 0x82a12003, 
    0x82a22003, 0x82a32003, 0x82a52003, 0x82a62003, 0x82a72003, 0xffc82403, 0x82c901af, 0x82ca2003, 0xffd22403, 0x82d301a3, 0x82d42003, 0x82d52003, 
    0x82d62003, 0x82d72003, 0xffd82403, 0x82d90198, 0x82da2003, 0x82db2003, 0x82dc2003, 0x82dd2003, 0x82de2003, 0x82df2003, 0x82e02003, 0x82e12003, 
    0x82e22003, 0x82e32003, 0x82e42003, 0x82e52003, 0x82e62003, 0x82eb2003, 0x82ec2003, 0xffef3403, 0xfff20398, 0xff0c04b5, 0xff1104af, 0xff1304a3, 
    0x821a04d0, 0xff1d240b, 0x8222045e, 0x82252003, 0x82342003, 0xff35240f, 0x8214085e, 0x29cb8203, 0xafff1f08, 0xa3ff2308, 0x03822408, 0x98ff2524, 
    0x03822608, 0x03822720, 0xa3ff8d28, 0x5eff0409, 0x03826009, 0x0b826220, 0x07827020, 0x98ff7124, 0x03827209, 0x0f827520, 0x03827920, 0x03827e20, 
    0x0920db82, 0x0920db82, 0x0925db82, 0x09afffcb, 0x201382cd, 0x240382ce, 0x00a3ffcf, 0x0c23424c, 0xbbff8624, 0x0382e102, 0x0382e220, 0xa750f820, 
    0xff742406, 0x827503bb, 0x82762003, 0x82772003, 0x82782003, 0x82792003, 0x827a2003, 0x827b2003, 0x827c2003, 0x827d2003, 0x827e2003, 0x827f2003, 
    0x82802003, 0x82812003, 0x82822003, 0x82832003, 0x82842003, 0x82852003, 0x215b8203, 0x07828703, 0x03828820, 0x03828920, 0x03828a20, 0x03828b20, 
    0x03828c20, 0x03828d20, 0x03828e20, 0x03828f20, 0x03829020, 0x03829120, 0x03829220, 0x03829320, 0x03829420, 0x48071f51, 0xa34836b3, 0xff65241c, 
    0x826608bb, 0x82672003, 0x82682003, 0x82692003, 0x826a2003, 0x826b2003, 0x826c2003, 0x826d2003, 0x06bf4803, 0xffe00a28, 0x014f00bb, 0xbb53ff15, 
    0xc8012530, 0xc9019cff, 0xca200382, 0xcb240382, 0xcc018aff, 0xcd200382, 0xce200382, 0xcf200382, 0xd0200382, 0xd1280382, 0xb5038aff, 0xb70398ff, 
    0xb8200382, 0xc6200382, 0xc7200382, 0xc8200382, 0xc9200382, 0xca200382, 0xcb200382, 0xcc200382, 0xcd200382, 0xce200382, 0xcf200382, 0xd0200382, 
    0xd1200382, 0xd2200382, 0xd3200382, 0xd4200382, 0xd5200382, 0xd6200382, 0xd7200382, 0xd8200382, 0xdd200382, 0xf2280382, 0x0c04afff, 0x1a049cff, 
    0x1d200382, 0x22200b82, 0x25200382, 0x34200382, 0x35200f82, 0x3f5b0782, 0xc5042706, 0xfd0498ff, 0x5b5498ff, 0x1f082907, 0x20089cff, 0x21088aff, 
    0x22200382, 0x6e200382, 0x74201b82, 0x75200382, 0x76220382, 0x7b5498ff, 0x8f09210b, 0x93200f82, 0x94200382, 0xac200382, 0xc8240382, 0xc9099cff, 
    0xf7820382, 0xffcb092b, 0x0256009c, 0x02bbff87, 0x20038288, 0x2003829a, 0x200382aa, 0x200382ab, 0x200382c6, 0x200382d1, 0x200382d2, 0x240382d3, 
    0x03bbffd4, 0x2003825a, 0x2003825b, 0x2003825c, 0x2003825e, 0x2003825f, 0x20038260, 0x20038261, 0x20038262, 0x20038263, 0x20038264, 0x20038265, 
    0x20038266, 0x20038267, 0x24038268, 0x04bbff69, 0x20c18252, 0x24078290, 0x0475ff97, 0x200782ca, 0x200382d5, 0x200382e1, 0x200382ed, 0x200382f0, 
    0x200382fa, 0x280382fb, 0x05bbfffc, 0x05dbff52, 0x20038267, 0x82038268, 0x6a05213b, 0x6d200782, 0x6e200382, 0x73201b82, 0x94200382, 0x99200b82, 
    0xaf820782, 0x829b0521, 0x829c2007, 0x829d2003, 0x82a02003, 0x82a42017, 0x82a52007, 0x82c62003, 0x82c9200b, 0x82cb2007, 0xffcd2403, 0x82d30580, 
    0x82d4200f, 0x21778203, 0x0782d605, 0x0382d920, 0x0382e020, 0x0382e120, 0x2382e220, 0x0782e320, 0x0382e620, 0x0382e720, 0xbbffed28, 0xdbffee06, 
    0x0382ef06, 0xdbfff028, 0xbbffd807, 0x03824908, 0x03826220, 0x03826320, 0x03826420, 0xdbffaf28, 0xbbffe808, 0x03821d09, 0x03821e20, 0x03824d20, 
    0x03828320, 0xbbff9224, 0x03820e0a, 0xbbff0f24, 0xc9435800, 0xffbf2210, 0x98cd43a0, 0x4b15914c, 0xed4361db, 0x09b54c23, 0x2508ff4b, 0xbbffe00a, 
    0x61416c00, 0x028f210e, 0x24056141, 0xffe2028f, 0x085b478f, 0x8fff7424, 0x03827503, 0x03827620, 0x03827720, 0x03827820, 0x03827920, 0x03827a20, 
    0x03827b20, 0x03827c20, 0x03827d20, 0x03827e20, 0x03827f20, 0x03828020, 0x03828120, 0x03828220, 0x03828320, 0x03828420, 0x03828520, 0x03828620, 
    0x03828720, 0x03828820, 0x03828920, 0x03828a20, 0x03828b20, 0x03828c20, 0x03828d20, 0x03828e20, 0x03828f20, 0x03829020, 0x03829120, 0x03829220, 
    0x03829320, 0x03829420, 0x98ffba23, 0x15614103, 0x4e45f34d, 0x652467e5, 0x66088fff, 0x67200382, 0x68200382, 0x69200382, 0x6a200382, 0x6b200382, 
    0x6c200382, 0x6d200382, 0x634e0382, 0xaf08330e, 0xa309bbff, 0xe00aa0ff, 0x6f008fff, 0x8cff0200, 0x03820300, 0x03820420, 0x03820520, 0x03820620, 
    0x03820720, 0x03820820, 0x03820920, 0x03820a20, 0x03820b20, 0x03820c20, 0x03820d20, 0x03820e20, 0x03820f20, 0x03821020, 0x03821120, 0x03821220, 
    0x03821320, 0x03821420, 0x03821520, 0x03821620, 0x03821720, 0x03821820, 0x03821920, 0x03821a20, 0x03821b20, 0x03821c20, 0x03821d20, 0x03821e20, 
    0x03821f20, 0x03822020, 0x03822120, 0x03822220, 0x03822320, 0x03822420, 0x03822520, 0x03822620, 0x03822720, 0x03822820, 0x03822920, 0x03822a20, 
    0x03822b20, 0x03822c20, 0x03822d20, 0x03822e20, 0x03822f20, 0x03823020, 0x03823120, 0x03823220, 0x03823320, 0x03823420, 0x03823520, 0x03823620, 
    0x03823720, 0x03823820, 0x03823920, 0x03823a20, 0x03823b20, 0x03823c20, 0x03823d20, 0x03823e20, 0x03823f20, 0x8cff4028, 0x0cff0a01, 0x03820b01, 
    0x03820c20, 0x03820d20, 0x0cff0e22, 0x580cc142, 0xd9221b89, 0x8d588cff, 0xec032313, 0x7b4c8cff, 0x12915814, 0xff5a062d, 0xff5b06bb, 0xff1607bb, 
    0x821d078c, 0x82e62003, 0x82e72003, 0x82e82003, 0x82e92003, 0x82ea2003, 0xffeb2403, 0x824a098c, 0x82662003, 0xff892403, 0x82030a8c, 0x82042003, 
    0x82d42003, 0x5c7320c3, 0x01253337, 0x0180ffc8, 0x200382c9, 0x240382ca, 0x01afffcb, 0x200382cc, 0x200382cd, 0x200382ce, 0x200382cf, 0x200382d0, 
    0x240382d1, 0x0169ffd8, 0x200382d9, 0x200382da, 0x200382db, 0x200382dc, 0x200382dd, 0x200382de, 0x200382df, 0x200382e0, 0x200382e1, 0x200382e2, 
    0x200382e3, 0x200382e4, 0x200382e5, 0x200382e6, 0x200382eb, 0x280382ec, 0x0369ffef, 0x03bbffb5, 0x200382b7, 0x200382b8, 0x200382b9, 0x200382ba, 
    0x200382bc, 0x200382bd, 0x200382be, 0x200382bf, 0x200382c0, 0x200382c1, 0x200382c6, 0x200382c7, 0x200382c8, 0x200382c9, 0x200382ca, 0x200382cb, 
    0x200382cc, 0x200382cd, 0x200382ce, 0x200382cf, 0x200382d0, 0x200382d1, 0x200382d2, 0x200382d3, 0x200382d4, 0x200382d5, 0x200382d6, 0x200382d7, 
    0x200382d8, 0x280382dd, 0x0469fff2, 0x0480ff0c, 0x5d03821a, 0x34200b2f, 0x35300f82, 0xc5048cff, 0xfd04bbff, 0xf905bbff, 0xfa05afff, 0xfb200382, 
    0xfc230382, 0x5d08afff, 0x0825064b, 0x0880ff1f, 0x200f8220, 0x20038221, 0x24038222, 0x0869ff25, 0x20038226, 0x24038227, 0x08bbff6e, 0x2003826f, 
    0x20038270, 0x20038271, 0x20038274, 0x22038275, 0x5dbbff76, 0x09250b83, 0x0969ff71, 0x20038272, 0x2017828f, 0x20038293, 0x20038294, 0x240382ac, 
    0x0980ffc8, 0x200382c9, 0x2a0382ca, 0x0080ffcb, 0xff020096, 0x820300af, 0x82042003, 0x82052003, 0x82062003, 0x82072003, 0x82082003, 0x82092003, 
    0x820a2003, 0x820b2003, 0x820c2003, 0x820d2003, 0x820e2003, 0x820f2003, 0x82102003, 0x82112003, 0x82122003, 0x82132003, 0x82142003, 0x82152003, 
    0x82162003, 0x82172003, 0x82182003, 0x82192003, 0x821a2003, 0x821b2003, 0x821c2003, 0x821d2003, 0x821e2003, 0x821f2003, 0x82202003, 0x82212003, 
    0x21e18203, 0x07822300, 0x03822420, 0x03822520, 0x03822620, 0x03822720, 0x03822820, 0x03822920, 0x03822a20, 0x03822b20, 0x03822c20, 0x03822d20, 
    0x03822e20, 0x03822f20, 0x03823020, 0x03823120, 0x03823220, 0x03823320, 0x03823420, 0x03823520, 0x03823620, 0x03823720, 0x03823820, 0x03823920, 
    0x03823a20, 0x03823b20, 0x03823c20, 0x03823d20, 0x03823e20, 0x03823f20, 0xafff4022, 0x42135157, 0x982636dd, 0x98ffc901, 0x0382ca01, 0x5782f020, 
    0x0382f120, 0x0382f220, 0x0382f320, 0x0382f420, 0x0382f520, 0x0382f620, 0x0382f720, 0x0382f820, 0x0382f920, 0xaffffa24, 0x0382d903, 0x0382ec20, 
    0x8cfff228, 0x98ff0c04, 0x03821a04, 0x2a0d3142, 0xff350498, 0xff93058c, 0x82ab0598, 0x82af2007, 0xffb12403, 0x82b20500, 0xffbe2403, 0x82bf052f, 
    0xffc02803, 0xff16072f, 0x821d07af, 0xff382403, 0x82db078c, 0x82de200f, 0x82e02007, 0xffe42403, 0x82e50700, 0x82e62003, 0x82e7201b, 0x82e82003, 
    0x82e92003, 0x82ea2003, 0x42eb2003, 0x98220c71, 0x0f822808, 0x03822920, 0x2fffa824, 0x0382a908, 0x0382ac20, 0x00ffeb30, 0x00ffec08, 0x8cff0409, 
    0xafff4a09, 0x07826009, 0x07826620, 0x07827020, 0x07828920, 0x98ffc823, 0x20f78209, 0x29f78209, 0x98ffcb09, 0xafff030a, 0x0382040a, 0xafffd42a, 
    0x1b02a900, 0x92022500, 0x93200382, 0x94200382, 0x98200382, 0x99200382, 0x9b200382, 0x9c200382, 0x9d200382, 0xa0200382, 0xa1200382, 0xa2200382, 
    0xa3240382, 0xa5025d00, 0xa6200782, 0xa7200382, 0xac200382, 0xae200382, 0xdf200382, 0xe0200382, 0xe3200382, 0xe4200382, 0xe5200382, 0xe6200382, 
    0xe7200382, 0xe8200382, 0xe9200382, 0xea200382, 0xec200382, 0xed200382, 0xee200382, 0xef200382, 0xf0200382, 0xf1200382, 0xf2200382, 0xf3200382, 
    0xf4200382, 0xf5240382, 0x2c032500, 0x2d200382, 0x2e200382, 0x2f200382, 0x30200382, 0x31200382, 0x34200382, 0x35200382, 0x36200382, 0x37200382, 
    0x3b200382, 0x3c200382, 0x3d200382, 0x3e200382, 0x3f200382, 0x40200382, 0x41200382, 0x42200382, 0x43200382, 0x44200382, 0x45200382, 0x95240382, 
    0x51042500, 0x63200382, 0x64200382, 0x65200382, 0x66200382, 0x67200382, 0x68200382, 0x69200382, 0x6a200382, 0x6b200382, 0x6c200382, 0x6d200382, 
    0x6e200382, 0x6f200382, 0x70200382, 0x71200382, 0x72200382, 0x73200382, 0x74200382, 0x75200382, 0x76200382, 0x77200382, 0x78200382, 0x79200382, 
    0x7a200382, 0x91200382, 0x92200382, 0x93200382, 0x94200382, 0x98200382, 0x99200382, 0x9a200382, 0x9b200382, 0x9c200382, 0x9d200382, 0x9e200382, 
    0x9f200382, 0xa0200382, 0xa1200382, 0xa2200382, 0xa3200382, 0xa4200382, 0xa5200382, 0xa6200382, 0xa7200382, 0xa8200382, 0xa9200382, 0xc7200382, 
    0xc8200382, 0xc9200382, 0xcf200382, 0xd0200382, 0xd1200382, 0xd2200382, 0xd3200382, 0xd4200382, 0xd9200382, 0xda200382, 0xdb200382, 0xdc200382, 
    0xdd200382, 0xde200382, 0xdf200382, 0xe0200382, 0xe5200382, 0xe6200382, 0xea200382, 0xeb200382, 0xec200382, 0xee200382, 0xf2200382, 0xf4200382, 
    0xf6200382, 0xf7230382, 0x82052500, 0xd507299b, 0xd6072500, 0x43082500, 0x46200382, 0x47200382, 0x4e200382, 0x4f200382, 0x50200382, 0x51200382, 
    0x59200382, 0x5a200382, 0x5b200382, 0x5c200382, 0x79200382, 0x99200382, 0x9d200382, 0xa0200382, 0xa1200382, 0xa4200382, 0xa6200382, 0x7b820382, 
    0x7b820820, 0x004b0925, 0x82810925, 0x82822003, 0x82842003, 0x82852003, 0x82862003, 0x82882003, 0x829c2003, 0x213b8203, 0x0782a209, 0x0382b020, 
    0x2500b12a, 0x0200ae00, 0x0300b2ff, 0x04200382, 0x05200382, 0x06200382, 0x07200382, 0x08200382, 0x09200382, 0x0a200382, 0x0b200382, 0x0c200382, 
    0x0d200382, 0x0e200382, 0x0f200382, 0x10200382, 0x11200382, 0x12200382, 0x13200382, 0x14200382, 0x15200382, 0x16200382, 0x17200382, 0x18200382, 
    0x19200382, 0x1a200382, 0x1b200382, 0x1c200382, 0x1d200382, 0x1e200382, 0x1f200382, 0x20200382, 0x21200382, 0x22200382, 0x23200382, 0x24200382, 
    0x25200382, 0x26200382, 0x27200382, 0x28200382, 0x29200382, 0x2a200382, 0x2b200382, 0x2c200382, 0x2d200382, 0x2e200382, 0x2f200382, 0x30200382, 
    0x31200382, 0x32200382, 0x33200382, 0x34200382, 0x35200382, 0x36200382, 0x37200382, 0x38200382, 0x39200382, 0x3a200382, 0x3b200382, 0x3c200382, 
    0x3d200382, 0x3e200382, 0x3f200382, 0x40220382, 0x9351b2ff, 0x01692636, 0x0169ffc9, 0x200382ca, 0x200382cb, 0x200382cc, 0x200382cd, 0x200382ce, 
    0x200382cf, 0x200382d0, 0x240382d1, 0x018cffd2, 0x200382d3, 0x200382d4, 0x200382d5, 0x200382d6, 0x240382d7, 0x0146ffd8, 0x200382d9, 0x200382da, 
    0x200382db, 0x200382dc, 0x200382dd, 0x200382de, 0x200382df, 0x200382e0, 0x200382e1, 0x200382e2, 0x200382e3, 0x200382e4, 0x200382e5, 0x200382e6, 
    0x200382eb, 0x200382ec, 0x240382ef, 0x0180fff0, 0x200382f1, 0x200382f2, 0x200382f3, 0x200382f4, 0x200382f5, 0x200382f6, 0x200382f7, 0x200382f8, 
    0x380382f9, 0x0380fffa, 0x03b2ffd9, 0x0446fff2, 0x0469ff0c, 0x04bbff10, 0x0498ff11, 0x20078217, 0x510f821a, 0x692209e3, 0x13822804, 0x13823420, 
    0x5eff352c, 0x69ff6204, 0xb2ffe607, 0x0382e707, 0x0382e820, 0x0382e920, 0x0382ea20, 0xb2ffeb22, 0x260a0352, 0xff200869, 0x82210869, 0x82222003, 
    0xff232403, 0x8224088c, 0xff252403, 0x82260846, 0x82272003, 0xff282403, 0x82290880, 0xff8d2a03, 0xff04098c, 0xff4a095e, 0x061b52b2, 0x66098c22, 
    0x1f520b82, 0x09462605, 0x0946ff72, 0x20238275, 0x20038279, 0x2003827e, 0x241b8289, 0x0969ffc8, 0x200382c9, 0x200382ca, 0x200382cb, 0x201782cd, 
    0x2e0382ce, 0x008cffcf, 0xff1b02ff, 0xff8602bb, 0x82df028c, 0x82e02007, 0x82e12003, 0x82e2200b, 0x82e32003, 0x82e4200b, 0x82e52003, 0x82e62003, 
    0x82e72003, 0x82e82003, 0x82e92003, 0x82ea2003, 0x82ec2003, 0x82ed2003, 0x82ee2003, 0x82ef2003, 0x82f02003, 0x82f12003, 0x82f22003, 0x82f32003, 
    0x82f42003, 0xfff52403, 0x822c03bb, 0x822d2003, 0x822e2003, 0x822f2003, 0x82302003, 0x82312003, 0x82342003, 0x82352003, 0x82362003, 0x82372003, 
    0x823b2003, 0x823c2003, 0x823d2003, 0x823e2003, 0x823f2003, 0x82402003, 0x82412003, 0x82422003, 0x82432003, 0x82442003, 0x82452003, 0xff742303, 
    0xe582038c, 0x82760321, 0x82772007, 0x82782003, 0x82792003, 0x827a2003, 0x827b2003, 0x827c2003, 0x827d2003, 0x827e2003, 0x827f2003, 0x82802003, 
    0x82812003, 0x82822003, 0x82832003, 0x82842003, 0x82852003, 0x21f78203, 0x07828703, 0x03828820, 0x03828920, 0x03828a20, 0x03828b20, 0x03828c20, 
    0x03828d20, 0x03828e20, 0x03828f20, 0x03829020, 0x03829120, 0x03829220, 0x03829320, 0x03829420, 0xbbff9524, 0x03825104, 0x03826320, 0x03826420, 
    0x03826520, 0x03826620, 0x03826720, 0x03826820, 0x03826920, 0x03826a20, 0x03826b20, 0x03826c20, 0x03826d20, 0x03826e20, 0x03826f20, 0x03827020, 
    0x03827120, 0x03827220, 0x03827320, 0x03827420, 0x03827520, 0x03827620, 0x03827720, 0x03827820, 0x03827920, 0x03827a20, 0x03828f20, 0x03829120, 
    0x03829220, 0x03829320, 0x03829420, 0x03829820, 0x03829920, 0x03829a20, 0x03829b20, 0x03829c20, 0x03829d20, 0x03829e20, 0x03829f20, 0x0382a020, 
    0x0382a120, 0x0382a220, 0x0382a320, 0x0382a420, 0x0382a520, 0x0382a620, 0x0382a720, 0x0382a820, 0x0382a920, 0x0382c620, 0x0382c720, 0x0382c820, 
    0x0382c920, 0x0382cf20, 0x0382d020, 0x0382d120, 0x0382d220, 0x0382d320, 0x0382d420, 0x0382d920, 0x0382da20, 0x0382db20, 0x0382dc20, 0x0382dd20, 
    0x0382de20, 0x0382df20, 0x0382e020, 0x0382e520, 0x0382e620, 0x0382ea20, 0x0382eb20, 0x0382ec20, 0x0382f220, 0x0382f420, 0x0382f620, 0xbbfff724, 
    0x03821e05, 0x75ff2324, 0x07822605, 0x03822a20, 0x0b822d20, 0x5d137763, 0x75260551, 0xb5ff9405, 0x27829e05, 0x0782a020, 0x0cffb124, 0x0382b205, 
    0x3bffbe24, 0x0382bf05, 0x0382c020, 0x80ffc224, 0x0382c305, 0x0382c420, 0x0382c520, 0x2782c620, 0x9effc928, 0xd8ffca05, 0x0782cb05, 0x0782cc20, 
    0x46ffcd22, 0x2824af63, 0x062fffe8, 0x0695ff5a, 0x2103825b, 0xb363ffee, 0xd5072508, 0xd607bbff, 0xdb280382, 0xdc073bff, 0xdd0780ff, 0xe42c0382, 
    0xe5070cff, 0x4e080cff, 0x4f08bbff, 0x50200382, 0x51200382, 0x59200382, 0x5a200382, 0x5b200382, 0x5c200382, 0x65240382, 0x66088cff, 0x67200382, 
    0x68200382, 0x69200382, 0x6a200382, 0x6b200382, 0x6c200382, 0x6d200382, 0x99200382, 0x9d202782, 0xa0200382, 0xa1200382, 0xa4200382, 0xa6200382, 
    0xa8240382, 0xa9083bff, 0xaa240382, 0xab0880ff, 0xac200382, 0xaf240b82, 0xb008b5ff, 0xb2200b82, 0xe5200382, 0xe6202382, 0xeb200382, 0xec288782, 
    0x4b090cff, 0x8109bbff, 0x82200382, 0x84200382, 0x85200382, 0x86200382, 0x88200382, 0x9c200382, 0x63820382, 0x82a20921, 0x82b02007, 0x82b12003, 
    0xfff22a03, 0xffe00a80, 0x0002008c, 0x2a0382c6, 0x0000003c, 0x005e0049, 0x827a003b, 0x00512801, 0x008c0089, 0x82a10052, 0x0056361b, 0x00cc00c9, 
    0x00d1007c, 0x008000d4, 0x00da00d6, 0x00dc0084, 0x262182e3, 0x00e800e6, 0x82ea0091, 0x01943601, 0x00440109, 0x01460195, 0x01d10075, 0x017e0177, 
    0x019b0101, 0x081582a8, 0xc101aa8c, 0xc7011701, 0x2f01d401, 0x1a02d601, 0x1c023d01, 0x82011e02, 0x37022302, 0x39028501, 0x9a013a02, 0x42023c02, 
    0x44029c01, 0xa3014502, 0x66024702, 0x6802a501, 0xc5016a02, 0x6d026c02, 0x7102c801, 0xca017202, 0x74027402, 0x7f02cc01, 0xcd018602, 0xae028902, 
    0xb002d501, 0xfb01c402, 0xcf02c602, 0xd1021002, 0x1a02d402, 0xdd02d602, 0xdf021e02, 0x2602e102, 0xe702e302, 0xea022902, 0x2e02eb02, 0xf502ed02, 
    0xf7023002, 0x6f82fa02, 0x03fcc00b, 0x033d0229, 0x0231032b, 0x0333036b, 0x03720233, 0x02380335, 0x033a0373, 0x03770245, 0x02570357, 0x035a0383, 
    0x0384025b, 0x025e035e, 0x03600386, 0x03870276, 0x02950378, 0x03b5039e, 0x03bc02b5, 0x02ba03b7, 0x03bc03bd, 0x03c102c1, 0x02d903c7, 0x03dd03c7, 
    0x03da02dd, 0x02e103df, 0x03e403db, 0x03de02ed, 0x02f203ef, 0x040c04e8, 0x04ec020c, 0x0211040e, 0x041404ed, 0x04f10215, 0x021c0417, 0x041e04f3, 
    0x04f9021e, 0x022b0421, 0x042e04fa, 0x0405032e, 0x03500434, 0x04520406, 0x04230353, 0x03620455, 0x047b0425, 0x0433037b, 0x037d047d, 0x047f0434, 
    0x0435037f, 0x03870482, 0x04890436, 0x043c0394, 0x03c50496, 0x04c80448, 0x047803ca, 0x03e204ce, 0x04e6047b, 0x049003ea, 0x03ee04ec, 0x04f00495, 
    0x049803f5, 0x03f804f7, 0x04fb049e, 0x04a003fb, 0x03fd04fd, 0x05ff04a1, 0x05a20300, 0x03020502, 0x050b05a4, 0x05a5030b, 0x03150515, 0x051e05a6, 
    0x05a7031f, 0x03270527, 0x052905a9, 0x05aa032a, 0x034b054b, 0x054d05ac, 0x05ad034d, 0x034f054f, 0x055205ae, 0x05af0352, 0x036a0567, 0x056d05b0, 
    0x05b4036e, 0x03720572, 0x057605b6, 0x05b70376, 0x037b057b, 0x057d05b8, 0x05b9037e, 0x03800580, 0x058405bb, 0x05bc0384, 0x03870586, 0x058905bd, 
    0x05bf0389, 0x038b058b, 0x059105c0, 0x05c10391, 0x03940593, 0x059905c2, 0x05c4039e, 0x03a005a0, 0x05a405ca, 0x05cb03a5, 0x03ac05ab, 0x05af05cd, 
    0x05cf03b2, 0x03b705b7, 0x05be05d3, 0x05d403c0, 0x03c205c2, 0x05c505d7, 0x05d803c6, 0x03cc05c9, 0x05ce05da, 0x05de03ce, 0x03d605d3, 0x05d905df, 
    0x05e303d9, 0x03e305e0, 0x05e605e4, 0x05e803e8, 0x03ed05ed, 0x05ef05eb, 0x05ec03ef, 0x03fd05f9, 0x060006ed, 0x06f20300, 0x03580639, 0x065a06f3, 
    0x0613045b, 0x045d065d, 0x06600615, 0x06160464, 0x04690667, 0x06e9061b, 0x071e04eb, 0x04030701, 0x07160721, 0x07240416, 0x0424071d, 0x073f0725, 
    0x072d043f, 0x04cf07cd, 0x07d2072e, 0x073104d6, 0x04d907d8, 0x07db0736, 0x073804e1, 0x04eb07e4, 0x07ee073f, 0x074704f0, 0x04f507f5, 0x07f7074a, 
    0x074b04f9, 0x040c08fc, 0x0814084e, 0x085f041c, 0x0429081e, 0x082f0868, 0x0874043e, 0x045c0840, 0x08620884, 0x08a10471, 0x047a0874, 0x087c08b1, 
    0x08b80480, 0x048d088c, 0x088f08bd, 0x08bf0490, 0x04960896, 0x089908c1, 0x08c2049d, 0x04a4089f, 0x08a608c7, 0x08cd04a6, 0x04ac08a8, 0x08af08ce, 
    0x08d304b0, 0x04c608c6, 0x08dd08d5, 0x08d604df, 0x04e608e2, 0x08e808d9, 0x08de04e9, 0x04ec08eb, 0x08f408e0, 0x08e204f4, 0x04f708f6, 0x090109e3, 
    0x09e50401, 0x04040904, 0x091b09e6, 0x09e7041b, 0x04200920, 0x092d09e8, 0x09e9042d, 0x042f092f, 0x094a09ea, 0x09eb044b, 0x044d094d, 0x095809ed, 
    0x09ee0460, 0x04670962, 0x096f09f7, 0x09fd0472, 0x05750974, 0x09780901, 0x09030579, 0x057e097e, 0x09800905, 0x09060586, 0x05890988, 0x098f090d, 
    0x090f058f, 0x05940991, 0x09970910, 0x09140599, 0x05a2099c, 0x09a40917, 0x091e05a6, 0x05ac09ac, 0x09b10921, 0x092205b1, 0x05cf09c4, 0x09d30923, 
    0x092f05d3, 0x05f209f2, 0x0a030a30, 0x0a310504, 0x050f0a0e, 0x0ad40a33, 0x0a3505d4, 0x05de0ade, 0x0ae00a36, 0x0a3705e0, 0x05f40af4, 0x0af60a38, 
    0x013905f6, 0x0041009d, 0x82420045, 0x82432003, 0x82442003, 0x82452003, 0x82462003, 0x82472003, 0x82482003, 0x82542003, 0x82552003, 0x82562003, 
    0x82572003, 0x82582003, 0x82592003, 0x825a2003, 0x825b2003, 0x825c2003, 0x825d2003, 0x825e2003, 0x825f2003, 0x82602003, 0x82612003, 0x82622003, 
    0x82632003, 0x82642003, 0x82652003, 0x82662003, 0x82672003, 0x82682003, 0x82692003, 0x826a2003, 0x826b2003, 0x826c2003, 0x826d2003, 0x826e2003, 
    0x826f2003, 0x82702003, 0x82712003, 0x82722003, 0x82732003, 0x82742003, 0x82752003, 0x82762003, 0x82772003, 0x82782003, 0x82792003, 0x827b2003, 
    0x82842003, 0x82852003, 0x82862003, 0x82872003, 0x82882003, 0x82892003, 0x828b2003, 0x82a12003, 0x82a22003, 0x82a32003, 0x82a42003, 0x82a52003, 
    0x82a62003, 0x82a72003, 0x82a82003, 0x82a92003, 0x82aa2003, 0x82ab2003, 0x82ac2003, 0x82ad2003, 0x82ae2003, 0x82af2003, 0x82b02003, 0x82b12003, 
    0x82b22003, 0x82b32003, 0x82b42003, 0x82b52003, 0x82b62003, 0x82b72003, 0x82b82003, 0x82b92003, 0x82ba2003, 0x82bb2003, 0x82bc2003, 0x82bd2003, 
    0x82be2003, 0x82bf2003, 0x82c02003, 0x82c12003, 0x82c22003, 0x82c32003, 0x82c42003, 0x82c52003, 0x82c62003, 0x82c92003, 0x82ca2003, 0x82cb2003, 
    0x82cc2003, 0x82d12003, 0x82d22003, 0x82d32003, 0x82d62003, 0x82d72003, 0x82d82003, 0x82d92003, 0x82e82003, 0x00ea2403, 0x820f0145, 0x82102003, 
    0x82112003, 0x82122003, 0x82132003, 0x82142003, 0x82162003, 0x82172003, 0x82182003, 0x82192003, 0x821a2003, 0x821b2003, 0x821c2003, 0x821d2003, 
    0x821e2003, 0x821f2003, 0x82202003, 0x82212003, 0x82222003, 0x82232003, 0x82242003, 0x82252003, 0x82262003, 0x82272003, 0x82282003, 0x82292003, 
    0x822a2003, 0x822b2003, 0x822c2003, 0x822d2003, 0x822e2003, 0x822f2003, 0x82302003, 0x82312003, 0x82322003, 0x82332003, 0x82342003, 0x82352003, 
    0x82372003, 0x82382003, 0x82392003, 0x823a2003, 0x823b2003, 0x823c2003, 0x823d2003, 0x823e2003, 0x823f2003, 0x82402003, 0x82772003, 0x82782003, 
    0x82792003, 0x827a2003, 0x827b2003, 0x827c2003, 0x827d2003, 0x82802003, 0x82812003, 0x82822003, 0x82832003, 0x82842003, 0x82852003, 0x82862003, 
    0x82872003, 0x82882003, 0x82892003, 0x828a2003, 0x828b2003, 0x828c2003, 0x009a2303, 0xc7820245, 0x82250221, 0x21c38207, 0x07822702, 0x03822820, 
    0x03822920, 0x03822a20, 0x03826720, 0x03826920, 0x03826b20, 0x03826c20, 0x03826d20, 0x03826e20, 0x03827020, 0x03827f20, 0x03828020, 0x03828120, 
    0x03828220, 0x03828320, 0x03828420, 0x03828520, 0x03828620, 0x03828920, 0x02216b82, 0x8207828b, 0x8d02216b, 0x8e200782, 0x8f200382, 0x90200382, 
    0x91200382, 0xa3200382, 0xb7200382, 0xb8200382, 0xb9200382, 0xba200382, 0xbb200382, 0xbc200382, 0xbd200382, 0xbe200382, 0xc0200382, 0xc1200382, 
    0xc2200382, 0xc3240382, 0xc4025100, 0xc5200782, 0xc7200382, 0xc8200382, 0xc9200382, 0xca200382, 0xcb200382, 0xcc200382, 0xcd200382, 0xce200382, 
    0xcf200382, 0xd0200382, 0xd5200382, 0xd6200382, 0xd7200382, 0xd8200382, 0xd9200382, 0xda200382, 0xdb200382, 0xdc200382, 0xdd200382, 0xe1200382, 
    0xe2240382, 0x57034500, 0x58200382, 0x6a200382, 0xf3820382, 0x826c0321, 0x21f38207, 0x07826e03, 0x03826f20, 0x0321f782, 0x20078271, 0x20038272, 
    0x20038273, 0x20038274, 0x20038275, 0x20038276, 0x20038277, 0x20038278, 0x20038279, 0x2003827a, 0x2003827b, 0x2003827c, 0x2003827d, 0x2003827e, 
    0x2003827f, 0x20038280, 0x20038281, 0x20038282, 0x20038283, 0x20038284, 0x20038285, 0x20038286, 0x20038287, 0x20038288, 0x20038289, 0x2003828a, 
    0x2003828b, 0x2003828c, 0x2003828d, 0x2003828e, 0x2003828f, 0x20038290, 0x20038291, 0x20038292, 0x20038293, 0x20038294, 0x200382ea, 0x240382eb, 
    0x044500ef, 0x2003820d, 0x2003820e, 0x20038214, 0x20038215, 0x20038216, 0x20038219, 0x2003821c, 0x20038221, 0x20038223, 0x20038224, 0x20038226, 
    0x20038227, 0x20038229, 0x2003822b, 0x2303822d, 0x0545002e, 0x05202b82, 0x05212b82, 0x200b821d, 0x28038291, 0x064500fe, 0x074500e2, 0x20038220, 
    0x6f151921, 0x823f200e, 0x82cd200f, 0x82ce2003, 0x82cf2003, 0x82d02003, 0x82d22003, 0x82d32003, 0x82d42003, 0x82d92003, 0x82ec2003, 0x82ed2003, 
    0x82ef2003, 0x82f02003, 0x82f12003, 0x82f22003, 0x82f32003, 0x82f42003, 0x82f52003, 0x82f72003, 0x82f82003, 0x82f92003, 0x82fc2003, 0x82fd2003, 
    0x82fe2003, 0x00ff2803, 0x00000845, 0x82010845, 0x82022003, 0x82032003, 0x82042003, 0x820c2003, 0x21e78203, 0x07820e08, 0x03820f20, 0x03823520, 
    0x03823620, 0x03824020, 0x03824120, 0x03824220, 0x03824a20, 0x03824b20, 0x03824c20, 0x03824d20, 0x03826520, 0x03826620, 0x03826720, 0x03826820, 
    0x03826920, 0x03826a20, 0x03826b20, 0x03826c20, 0x03826d20, 0x03827a20, 0x03827b20, 0x03827c20, 0x03827d20, 0x03827e20, 0x03827f20, 0x03828020, 
    0x03828a20, 0x03828f20, 0x0382c720, 0x0382dd20, 0x0382de20, 0x0382df20, 0x0382e020, 0x0382e220, 0x0382e320, 0x0382e420, 0x0382e920, 0x0382f520, 
    0x4500f724, 0x03821109, 0x03822220, 0x03822f20, 0x03825820, 0x03825920, 0x03825c20, 0x03825d20, 0x03825e20, 0x03826320, 0x03826520, 0x03826720, 
    0x03826920, 0x09218f82, 0x20078274, 0x200382a5, 0x200382a6, 0x200382c4, 0x200382c5, 0x200382c6, 0x200382c7, 0x240382cc, 0x0a4500d3, 0x200382e0, 
    0x240382f4, 0x014500f6, 0xd47546ae, 0x51008a23, 0x9b794600, 0x20477546, 0x82794615, 0x51003623, 0x7a7d4601, 0x009b0125, 0x829c0145, 0x829d2003, 
    0x829e2003, 0x829f2003, 0x82a02003, 0x82a12003, 0x82a22003, 0x82a32003, 0x82a52003, 0x82a62003, 0x00a72103, 0x2355ad46, 0x02510089, 0x201fa946, 
    0x207b8292, 0x20038293, 0x20038294, 0x202f8295, 0x20038296, 0x78038297, 0x512211a9, 0x17829e02, 0x03829f20, 0x210db178, 0xeb690251, 0x82ad201b, 
    0x82ae202f, 0x82b0205b, 0x82b32007, 0x0b6b6b03, 0x202d2147, 0x54214745, 0x5100eb22, 0x46301d47, 0x1d202799, 0x20069d46, 0x0aa14622, 0xa5462520, 
    0x35042119, 0xee201b82, 0x6c16ad46, 0xb146058f, 0x00382315, 0xb5460745, 0x00142487, 0x46150845, 0x432016bd, 0x44241782, 0x45085100, 0xd36b0382, 
    0x0fd5460b, 0xb5467920, 0x04092149, 0x2306b146, 0x09510018, 0x201bb546, 0x16b94660, 0x17827020, 0x4623bd46, 0x022706b9, 0x00410041, 0x82420051, 
    0x82432003, 0x82442003, 0x21ed8203, 0x07824600, 0x03824720, 0x03824820, 0x03825420, 0x03825520, 0x03825620, 0x03825720, 0x03825820, 0x03825920, 
    0x03825a20, 0x03825b20, 0x03825c20, 0x03825d20, 0x03825e20, 0x03825f20, 0x03826020, 0x03826120, 0x03826220, 0x03826320, 0x03826420, 0x03826520, 
    0x03826620, 0x03826720, 0x03826820, 0x03826920, 0x03826a20, 0x03826b20, 0x03826c20, 0x03826d20, 0x03826e20, 0x03826f20, 0x03827020, 0x03827120, 
    0x03827220, 0x03827320, 0x03827420, 0x03827520, 0x03827620, 0x03827720, 0x03827820, 0x03827920, 0x03827b20, 0x03828420, 0x03828520, 0x03828620, 
    0x03828720, 0x03828820, 0x03828920, 0x45008a24, 0x07828b00, 0x0382a120, 0x0382a220, 0x0382a320, 0x0382a420, 0x0382a520, 0x0382a620, 0x0382a720, 
    0x0382a820, 0x0382a920, 0x0382aa20, 0x0382ab20, 0x0382ac20, 0x0382ad20, 0x0382ae20, 0x0382af20, 0x0382b020, 0x0382b120, 0x0382b220, 0x0382b320, 
    0x0382b420, 0x0382b520, 0x0382b620, 0x0382b720, 0x0382b820, 0x0382b920, 0x0382ba20, 0x0382bb20, 0x0382bc20, 0x0382bd20, 0x0382be20, 0x0382bf20, 
    0x0382c020, 0x0382c120, 0x0382c220, 0x0382c320, 0x0382c420, 0x0382c520, 0x0382c620, 0x0382ca20, 0x0382cb20, 0x0382cc20, 0x0382d120, 0x0382d220, 
    0x0382d320, 0x0382d620, 0x0382d720, 0x0382d820, 0x0382d920, 0x0382e820, 0x5100ea24, 0x03820f01, 0x03821020, 0x03821120, 0x03821220, 0x03821320, 
    0x03821420, 0x5d001524, 0x07821601, 0x03821720, 0x03821820, 0x03821920, 0x03821a20, 0x03821b20, 0x03821c20, 0x03821d20, 0x03821e20, 0x03821f20, 
    0x03822020, 0x03822120, 0x03822220, 0x03822320, 0x03822420, 0x03822520, 0x03822620, 0x03822720, 0x03822820, 0x03822920, 0x03822a20, 0x03822b20, 
    0x03822c20, 0x03822d20, 0x03822e20, 0x03822f20, 0x03823020, 0x03823120, 0x03823220, 0x03823320, 0x03823420, 0x03823520, 0x45003624, 0x07823701, 
    0x03823820, 0x03823920, 0x03823a20, 0x03823b20, 0x03823c20, 0x03823d20, 0x03823e20, 0x03823f20, 0x03824020, 0x03827720, 0x03827820, 0x03827920, 
    0x03827a20, 0x03827b20, 0x03827c20, 0x03827d20, 0x03828020, 0x03828120, 0x03828220, 0x03828320, 0x03828420, 0x03828520, 0x03828620, 0x03828720, 
    0x03828820, 0x03828920, 0x03828a20, 0x03828b20, 0x03828c20, 0x03829a20, 0x5d009b24, 0x03829c01, 0x03829d20, 0x03829e20, 0x03829f20, 0x0382a020, 
    0x0382a120, 0x0382a220, 0x0382a320, 0x0382a520, 0x0382a620, 0x5d00a727, 0x2c001b02, 0x24ff8202, 0x51002502, 0x21fb8202, 0x07822702, 0x03822820, 
    0x03822920, 0x03822a20, 0x03826720, 0x03826920, 0x03826b20, 0x03826c20, 0x03826d20, 0x03826e20, 0x03827020, 0x03827f20, 0x03828020, 0x03828120, 
    0x03828220, 0x03828320, 0x03828420, 0x03828520, 0x2205bd46, 0x828b0251, 0x219b820b, 0x07828d02, 0x03828e20, 0x03828f20, 0x03829020, 0x03829120, 
    0x210dbd46, 0xbd460245, 0x02452105, 0x2011bd46, 0x06bd4645, 0x46024521, 0x68240dbd, 0x4500a402, 0x200ea970, 0x066b7145, 0xad024522, 0xbd461b82, 
    0x02452205, 0x200b82b3, 0x710382b4, 0xb720076b, 0xb8207f82, 0xb9200382, 0xba200382, 0xbb200382, 0xbc200382, 0xbd200382, 0xbe200382, 0xc0200382, 
    0xc1200382, 0xc2200382, 0xdf4d0382, 0x02512205, 0x200b82c5, 0x200382c7, 0x200382c8, 0x200382c9, 0x200382ca, 0x200382cb, 0x200382cc, 0x200382cd, 
    0x200382ce, 0x200382cf, 0x200382d0, 0x200382d5, 0x200382d6, 0x200382d7, 0x200382d8, 0x200382d9, 0x200382da, 0x200382db, 0x200382dc, 0x240382dd, 
    0x022c00df, 0x200382e0, 0x200382e3, 0x200382e4, 0x200382e5, 0x200382e6, 0x200382e7, 0x200382e8, 0x200382e9, 0x200382ea, 0x20b782eb, 0x200782ec, 
    0x200382ed, 0x200382ee, 0x200382ef, 0x200382f0, 0x200382f1, 0x200382f2, 0x200382f3, 0x240382f4, 0x032c00f5, 0x2003822c, 0x2003822d, 0x2003822e, 
    0x2003822f, 0x20038230, 0x20038231, 0x20038234, 0x20038235, 0x20038236, 0x20038237, 0x2003823b, 0x2003823c, 0x2003823d, 0x2003823e, 0x2003823f, 
    0x20038240, 0x20038241, 0x20038242, 0x20038243, 0x20038244, 0x24038245, 0x03510057, 0x20038258, 0x2003826a, 0x2003826b, 0x2003826c, 0x2003826d, 
    0x2003826e, 0x2003826f, 0x20038270, 0x20038271, 0x20038272, 0x20038273, 0x20338295, 0x200782ea, 0x240382eb, 0x045100ef, 0x2003820d, 0x2003820e, 
    0x20038214, 0x20038215, 0x20038216, 0x20038219, 0x2403821c, 0x045d001d, 0x20078221, 0x20078222, 0x20078223, 0x20038224, 0x200b8225, 0x20078226, 
    0x20038227, 0x20038229, 0x2003822b, 0x2003822d, 0x2003822e, 0x241b8235, 0x042c0051, 0x20038263, 0x20038264, 0x20038265, 0x20038266, 0x20038267, 
    0x20038268, 0x20038269, 0x2003826a, 0x2003826b, 0x2003826c, 0x2003826d, 0x2003826e, 0x2003826f, 0x20038270, 0x20038271, 0x20038272, 0x20038273, 
    0x20038274, 0x20038275, 0x20038276, 0x20038277, 0x20038278, 0x20038279, 0x2003827a, 0x20038291, 0x20038292, 0x20038293, 0x20038294, 0x20038298, 
    0x20038299, 0x2003829a, 0x2003829b, 0x2003829c, 0x2003829d, 0x2003829e, 0x2003829f, 0x200382a0, 0x200382a1, 0x200382a2, 0x200382a3, 0x200382a4, 
    0x200382a5, 0x200382a6, 0x200382a7, 0x200382a8, 0x200382a9, 0x200382c7, 0x200382c8, 0x200382c9, 0x200382cf, 0x200382d0, 0x200382d1, 0x200382d2, 
    0x200382d3, 0x200382d4, 0x200382d9, 0x200382da, 0x200382db, 0x200382dc, 0x200382dd, 0x200382de, 0x200382df, 0x200382e0, 0x200382e5, 0x200382e6, 
    0x200382ea, 0x200382eb, 0x240382ec, 0x044500ee, 0x200782f2, 0x200382f4, 0x280382f6, 0x052c00f7, 0x05510019, 0x2003821c, 0x2003821d, 0x82038291, 
    0xfe052dab, 0x04065100, 0xe2064500, 0x20075100, 0x21200382, 0x22200382, 0x23200382, 0x24200382, 0x38240382, 0x3f075d00, 0xcd200782, 0xce200382, 
    0xcf200382, 0xd0200382, 0xd2200382, 0xd3200382, 0xd4200382, 0xd5240382, 0xd6072c00, 0xd9200382, 0xec200b82, 0xed200382, 0xef200382, 0xf0200382, 
    0xf1200382, 0xf2200382, 0xf3200382, 0xf4200382, 0xf5200382, 0xf7200382, 0xf8200382, 0xf9200382, 0xfc200382, 0xfd200382, 0xfe200382, 0xff280382, 
    0x00085100, 0x01085100, 0x02200382, 0x03200382, 0x04200382, 0x0c200382, 0x0d200382, 0x0e200382, 0x0f200382, 0x14240382, 0x15085d00, 0x35200382, 
    0x36200b82, 0x40200382, 0x41200382, 0x42200382, 0x95480382, 0x08452305, 0x69740045, 0x0845220b, 0x201b824a, 0x2003824b, 0x2003824c, 0x2403824d, 
    0x082c004e, 0x2003824f, 0x20038250, 0x20038251, 0x20038259, 0x2003825a, 0x2003825b, 0x4803825c, 0x512205b5, 0x2b827b08, 0x03827c20, 0x03827d20, 
    0x03827e20, 0x03827f20, 0x03828020, 0x03828a20, 0x03828f20, 0x2b829920, 0x03829d20, 0x0382a020, 0x0382a120, 0x0382a420, 0x0382a620, 0x1b82c720, 
    0x0382dd20, 0x0382de20, 0x0382df20, 0x0382e020, 0x0382e220, 0x0382e320, 0x0382e420, 0x2382e520, 0x0382e620, 0x5100e928, 0x5d000409, 0xcb751109, 
    0x22092105, 0x2f200782, 0x4b240382, 0x58092c00, 0x59200782, 0x5c200382, 0x5d200382, 0x5e200382, 0x60200382, 0x63202b82, 0x65200782, 0x67200382, 
    0x69200382, 0x6a200382, 0x70200382, 0x74201782, 0x81200782, 0x82203782, 0x84200382, 0x85200382, 0x86200382, 0x88200382, 0x9c200382, 0xa7820382, 
    0x82a20921, 0x82a52007, 0x82a62027, 0x82b02003, 0x82b1200b, 0x82c42003, 0x82c5200b, 0x82c62003, 0x82c72003, 0x82cc2003, 0x00d32403, 0x82f40a51, 
    0x00f62403, 0x4feb0251, 0x492420bf, 0x4a00afff, 0x4b200382, 0x4c200382, 0x4d200382, 0x4e200382, 0x4f200382, 0x50200382, 0x51200382, 0x52200382, 
    0x53200382, 0x61560382, 0x008a28b3, 0x008b00c5, 0x828d0045, 0x828e20bf, 0x828f2003, 0x82902003, 0x82912003, 0x82922003, 0x82932003, 0x82942003, 
    0x82952003, 0x82962003, 0x82972003, 0x82a12003, 0x82a2202f, 0x82a32003, 0x82a42003, 0x87915603, 0x22481750, 0x56018cff, 0x36227f91, 0x1750c500, 
    0xff412428, 0x824201af, 0x82432003, 0x82442003, 0x82452003, 0x82462003, 0x82472003, 0x82482003, 0x82492003, 0x824a2003, 0x824b2003, 0x824c2003, 
    0x824d2003, 0x824e2003, 0x824f2003, 0x82502003, 0x82512003, 0x82522003, 0x82532003, 0x82542003, 0x82552003, 0x82562003, 0x82572003, 0x82582003, 
    0x82592003, 0x825a2003, 0x825b2003, 0x825c2003, 0x825d2003, 0x825e2003, 0x825f2003, 0x82602003, 0x82612003, 0x82622003, 0x82632003, 0x82642003, 
    0x82652003, 0x82662003, 0x82672003, 0x82682003, 0x82692003, 0x826a2003, 0x826b2003, 0x826c2003, 0x826d2003, 0x826e2003, 0x826f2003, 0x82702003, 
    0x82712003, 0x82722003, 0x82732003, 0x82742003, 0x82752003, 0x82762003, 0x1b6d5703, 0x1f827e20, 0x03827f20, 0x57277557, 0x4818066d, 0x01212f87, 
    0x206382a8, 0x200382a9, 0x200382aa, 0x200382ab, 0x200382ac, 0x200382ad, 0x200382ae, 0x200382af, 0x200382b0, 0x200382b1, 0x200382b2, 0x200382b3, 
    0x200382b4, 0x200382b5, 0x200382b6, 0x200382b7, 0x200382b8, 0x200382b9, 0x200382ba, 0x200382bb, 0x200382bc, 0x200382bd, 0x200382be, 0x200382bf, 
    0x200382c0, 0x200382c1, 0x200382c2, 0x200382c3, 0x200382c4, 0x200382c5, 0x200382c6, 0x240382c7, 0x015effc8, 0x240382c9, 0x025effca, 0x1e7f511b, 
    0x58332958, 0x92242325, 0x93022000, 0x94200382, 0x98200382, 0x99200382, 0x9b200382, 0x9c200382, 0x9d200382, 0xa0200382, 0xa1200382, 0xa2200382, 
    0xa5200382, 0xa6200382, 0xa7200382, 0xa8240382, 0xa902c500, 0xac200382, 0xae200b82, 0xb0200382, 0xb3200b82, 0xb4200382, 0xb5200382, 0xb6200382, 
    0x5b510382, 0x00df2483, 0x82e00245, 0x82e32003, 0x82e42003, 0x82e52003, 0x82e62003, 0x82e72003, 0x82e82003, 0x82e92003, 0x82ea2003, 0x82eb2003, 
    0x82ec20af, 0x82ed2007, 0x82ee2003, 0x82ef2003, 0x82f02003, 0x82f12003, 0x82f22003, 0x82f32003, 0x82f42003, 0x00f52403, 0x822c0345, 0x822d2003, 
    0x822e2003, 0x822f2003, 0x82302003, 0x82312003, 0x82342003, 0x82352003, 0x82362003, 0x82372003, 0x823b2003, 0x823c2003, 0x823d2003, 0x823e2003, 
    0x823f2003, 0x82402003, 0x82412003, 0x82422003, 0x82432003, 0x82442003, 0x59452003, 0x9520321d, 0xb5243382, 0xb7035eff, 0xb8200382, 0xc6200382, 
    0xc7200382, 0xc8200382, 0xc9200382, 0xca200382, 0xcb200382, 0xcc200382, 0xcd200382, 0xce200382, 0xcf200382, 0xd0200382, 0xd1200382, 0xd2200382, 
    0xd3200382, 0xd4200382, 0xd5200382, 0xd6200382, 0xd7200382, 0xd8200382, 0xdd200382, 0x5f520382, 0xffed2407, 0x82ef03af, 0x82f1206b, 0xfff22607, 
    0xff0c043b, 0x0809595e, 0x74001027, 0xa3ff1304, 0x0b115904, 0x13821720, 0xafff1828, 0x45001904, 0x2b821a04, 0x0b821b20, 0x0b821c20, 0x8cff1d28, 
    0x23ff1e04, 0x0b822104, 0x0b822220, 0x23072d59, 0x0498ff25, 0x20073159, 0x203b8228, 0x201f8229, 0x5933822a, 0x04210a39, 0x200f822f, 0x204b8234, 
    0x20378235, 0x201f8251, 0x20078252, 0x20078263, 0x20038264, 0x20038265, 0x20038266, 0x20038267, 0x20038268, 0x20038269, 0x2003826a, 0x2003826b, 
    0x2003826c, 0x2003826d, 0x2003826e, 0x2003826f, 0x20038270, 0x20038271, 0x20038272, 0x20038273, 0x20038274, 0x20038275, 0x20038276, 0x20038277, 
    0x20038278, 0x20038279, 0x2003827a, 0x20038291, 0x20038292, 0x20038293, 0x20038294, 0x20038298, 0x20038299, 0x2003829a, 0x2003829b, 0x2003829c, 
    0x2003829d, 0x2003829e, 0x2003829f, 0x200382a0, 0x200382a1, 0x200382a2, 0x200382a3, 0x200382a4, 0x200382a5, 0x200382a6, 0x200382a7, 0x200382a8, 
    0x200382a9, 0x24c782c5, 0x04a3ffc6, 0x200b82c7, 0x200382c8, 0x240382c9, 0x045d00cb, 0x200782cf, 0x200382d0, 0x200382d1, 0x200382d2, 0x200382d3, 
    0x200382d4, 0x201b82d6, 0x200382d7, 0x200382d8, 0x200f82d9, 0x200382da, 0x200382db, 0x200382dc, 0x200382dd, 0x200382de, 0x200382df, 0x200382e0, 
    0x200382e5, 0x200382e6, 0x200382ea, 0x200382eb, 0x240382ec, 0x042000ee, 0x203b82f1, 0x200b82f2, 0x200382f4, 0x200382f6, 0x270382f7, 0x075efffd, 
    0x07afffcb, 0x241b655a, 0x074500d5, 0x0e6d5ad6, 0x3382ee20, 0x201b715a, 0x5a1f82f6, 0x05242f75, 0x0608afff, 0x07200382, 0x08200382, 0x09200382, 
    0x0a200382, 0x0b200382, 0x915a0382, 0x07df700f, 0x1b821620, 0x03821720, 0x03821820, 0x03821920, 0x03821a20, 0x03821b20, 0x03821c20, 0x03821d20, 
    0x03821e20, 0x5eff1f23, 0x13c15a08, 0x20004324, 0x03824608, 0x03824720, 0xc5004823, 0x0ffb5308, 0x45004e24, 0x03824f08, 0x03825020, 0x03825120, 
    0x03825920, 0x03825a20, 0x03825b20, 0x03825c20, 0x57826e20, 0x03827420, 0x03827520, 0x03827620, 0x47827920, 0x201fe15a, 0x208f828c, 0x203b828f, 
    0x20078290, 0x20078299, 0x2003829d, 0x200382a0, 0x200382a1, 0x200382a4, 0x06015ba6, 0x1f82db20, 0x201b055b, 0x202782e5, 0x280382e6, 0x094500e9, 
    0x098cff04, 0x22078211, 0x54c50018, 0x4b200857, 0x2016115b, 0x06796f5f, 0x2013195b, 0x201b826d, 0x06916f6f, 0x3f827420, 0x0b827820, 0x07828120, 
    0x03828220, 0x03828420, 0x03828520, 0x03828620, 0x03828820, 0x5eff8f24, 0x03829309, 0x03829420, 0x0f829c20, 0x0921c782, 0x0a595ba2, 0x1782ac20, 
    0x0f82b020, 0x655bb120, 0x82c82012, 0x82c9201b, 0x82ca2003, 0x82cb2003, 0x07755b03, 0x00f63608, 0x00010045, 0x000a0000, 0x001800cc, 0x4c464402, 
    0x6cb40154, 0x016e7461, 0x015900b8, 0x01c801c0, 0x01d801d0, 0x01e801e0, 0x02f801f0, 0x02080200, 0x02180210, 0x34018220, 0x02300228, 0x02200338, 
    0x02b80240, 0x02500248, 0x02a80258, 0x20038260, 0x20038268, 0x20038270, 0x20038278, 0x20038280, 0x20038288, 0x20038290, 0x20038298, 0x200382a0, 
    0x082f82b0, 0xc802c061, 0xd802d002, 0xe0021204, 0xf002e802, 0xf8024e05, 0x00032004, 0x10030803, 0x20031803, 0x30032803, 0x40033803, 0x48030804, 
    0x58035003, 0x68036003, 0x78037003, 0x88038003, 0x98039003, 0xa803a003, 0xb803b003, 0xc803c003, 0xd803d003, 0xe803e003, 0xf803f003, 0x28000004, 
    0x746c6161, 0x83634804, 0x63603205, 0x03657361, 0x6d63637c, 0x636c0470, 0x03313076, 0x22058282, 0x82880332, 0x03332205, 0x2205828e, 0x82940334, 
    0x03352205, 0x2205829a, 0x82a00336, 0x03372205, 0x220582a6, 0x82ac0338, 0x03392805, 0x317663b2, 0x82b80330, 0x03322205, 0x220582be, 0x82c40333, 
    0x03343a05, 0x696c64ca, 0x64500467, 0x036d6f6e, 0x617266d0, 0x6c7c0463, 0x036c636f, 0x200584d6, 0x2d0584dc, 0x6d756ee2, 0x6fe80372, 0x046e6472, 
    0x0c827058, 0x73ee0322, 0x032d9582, 0x6e6973f4, 0x73fa0366, 0x04313073, 0x22058200, 0x82060432, 0x04332205, 0x2205820c, 0x82120434, 0x04352205, 
    0x22058218, 0x821e0436, 0x04372205, 0x2f058224, 0x732a0438, 0x04736275, 0x70757330, 0x74360473, 0x2b084d82, 0x657a3c04, 0x42046f72, 0x00002804, 
    0x03002404, 0x20544143, 0x4f4d7404, 0xc604204c, 0x204d4f52, 0x01001805, 0x01000000, 0x03006c1b, 0x17210783, 0x230f8586, 0x06004405, 0x09210f83, 
    0x230f8566, 0x04007808, 0x10230f83, 0x83050074, 0xa0052107, 0x05210f85, 0x21078540, 0x17863c0e, 0x0f859620, 0x85300521, 0xa40e2107, 0x04213f85, 
    0x214f85fa, 0x17854805, 0x4f847782, 0x09217f87, 0x201f8674, 0x202f868e, 0x200f88d0, 0x206f8406, 0x200f86aa, 0x210785ee, 0x0785e206, 0x86160721, 
    0x86702007, 0x211f8607, 0x0f850408, 0x863c0821, 0x85562007, 0xbc082157, 0x01208788, 0x08215783, 0x200f86d4, 0x201f855e, 0x21078604, 0xa786fe0c, 
    0x07859420, 0x8d780421, 0x92052107, 0x0c212f85, 0x2407826a, 0x07010008, 0x2107850c, 0x07867204, 0x2f827420, 0x04211782, 0x21278594, 0x0785be0a, 
    0x85120b21, 0x830e2007, 0x0000242f, 0x41840e01, 0x5820066f, 0x3f820785, 0x00000426, 0x18040100, 0x16210f85, 0x210785b8, 0x0785e008, 0x85900b21, 
    0x70082107, 0x0b210785, 0x2107851e, 0x0785da13, 0x85d61421, 0xc6172107, 0x05210785, 0x20078616, 0x20078624, 0x20078632, 0x20078640, 0x2107854e, 
    0x07855a07, 0xa7860920, 0x855c0321, 0xae08210f, 0x05210785, 0x2007853c, 0x21378606, 0x0f86d803, 0x0785bc20, 0x00320323, 0x23b78206, 0x042a0402, 
    0x38057141, 0x05200504, 0x05580530, 0x0006006a, 0x05050008, 0x05240688, 0x05ac059a, 0x2a2582be, 0x082e0001, 0x0001009a, 0x82a2084c, 0x084d2205, 
    0x220582aa, 0x82b2084e, 0x084f2205, 0x220582ba, 0x82c20850, 0x08512205, 0x220582ca, 0x82d20852, 0x08532205, 0x220582da, 0x82e20854, 0x08552205, 
    0x220582ea, 0x82f20856, 0x08572205, 0x200582fa, 0x20538458, 0x20058413, 0x2005840e, 0x2005840d, 0x2005840c, 0x20058412, 0x2005843d, 0x28058443, 
    0x006c0711, 0x07440001, 0x2205826a, 0x82680745, 0x07462205, 0x22058266, 0x82640747, 0x07482205, 0x22058262, 0x82600749, 0x074a2205, 0x2005825e, 
    0x2035844b, 0x2005843b, 0x2005843c, 0x2005843e, 0x2005823f, 0x26098402, 0x00020000, 0x823a0036, 0x0002240b, 0x82420040, 0x00042807, 0x0030002f, 
    0x82340033, 0x00062c0b, 0x00050003, 0x00080006, 0x820b0009, 0x000d3a0f, 0x00160014, 0x001a0018, 0x001e001c, 0x00220020, 0x00260024, 0x002a0028, 
    0x0825822c, 0x3d000082, 0x4e0e3a0e, 0x760e620e, 0x9e0e8a0e, 0xb20e980d, 0x1a103e0f, 0xaa0d2211, 0x540fc60e, 0x3c113210, 0xda0ebc0d, 0x4a106a0f, 
    0xee0c5611, 0xee0ece0d, 0xfe0ce00d, 0x020ff20d, 0x6210800f, 0x160e040e, 0x960f160f, 0x70117a10, 0xac0f2a0f, 0xc20f9210, 0x8a11aa10, 0xa411c210, 
    0x280ea012, 0xda10d80f, 0xbc12be11, 0xee0fa613, 0xd811f210, 0xc413d812, 0x0a110410, 0xf412f211, 0x0000e213, 0x2500ffff, 0x0220d384, 0x0420b582, 
    0x0720b784, 0x0a34b984, 0x0c000b00, 0x0e000d00, 0x10000f00, 0x12001100, 0x17001300, 0x1920c582, 0x1b20c782, 0x1d20c982, 0x1f20cb82, 0x2120cd82, 
    0x2322cf82, 0x45822400, 0x27002622, 0x26204f84, 0x14204fa8, 0x152051d0, 0x162051d0, 0x012a51a2, 0x10009818, 0xfa180100, 0x05820200, 0xda00b622, 
    0x0d200584, 0x86220582, 0x05830100, 0x82770721, 0x85ca2005, 0xc218210f, 0x82200782, 0x9a200382, 0x7e200382, 0x98200382, 0x7a200382, 0xb0200382, 
    0x76200382, 0xae200382, 0x8e200382, 0x8c200382, 0x6a200382, 0x022e0f84, 0x8e188a18, 0xbc180200, 0x6b020200, 0x09826b02, 0x0300c82a, 0x6c026902, 
    0x03006d02, 0x72267384, 0x0000b018, 0x0d860700, 0xa8186422, 0x0a200d82, 0xb82a3b82, 0x7a180400, 0x82187e18, 0x35828618, 0x0400b626, 0xfa05f905, 
    0x0d820383, 0x0400b422, 0x08214385, 0x260d827a, 0x18381b00, 0x82381b80, 0x1a682209, 0x051d46a0, 0x82281a21, 0x82782041, 0x000022c1, 0x26118217, 
    0x00aa1a01, 0x82161a01, 0x82012059, 0x862b2003, 0x00042623, 0x182a1a02, 0x20258454, 0x26138219, 0x00f01901, 0x84be1701, 0x20278329, 0x2113832d, 
    0x4982d218, 0x35825e20, 0x41201183, 0xc0201184, 0x54201182, 0x002c118a, 0xb8190100, 0xde190300, 0x0818de19, 0x1b204d84, 0xae2c2182, 0x381f0800, 
    0xaa1faa1f, 0xf61b9e1b, 0x2e220182, 0x15823e2f, 0x0800ac32, 0x50186218, 0x30184a1a, 0x0a180618, 0x24181e18, 0xaa32b782, 0x2a050800, 0x23063a05, 
    0x6c065406, 0x74078506, 0x1582b207, 0x08004632, 0xf008ef08, 0xee08ed08, 0xeb08ec08, 0xf208f108, 0x92201582, 0x2b2e2b82, 0x25063b05, 0x6e065606, 
    0x75078706, 0x1582b307, 0x15829020, 0x3d052d2e, 0x5b062a06, 0x8c067306, 0xb5077707, 0x8e201582, 0x2e2e1582, 0x2d063e05, 0x76065e06, 0x78078f06, 
    0x1582b607, 0x15828c20, 0x3f052f2e, 0x62063106, 0x93067a06, 0xb7077907, 0x8a201582, 0x2c2e1582, 0x28063c05, 0x71065906, 0x76078a06, 0xed82b407, 
    0x0200002a, 0x7a17d616, 0x90170100, 0x0320f182, 0x02240382, 0x7817cc16, 0x80200f82, 0x01260f86, 0x0400bc18, 0x0183e218, 0x840c1721, 0x861d20fd, 
    0x179e2437, 0x84000042, 0x86312011, 0x17922111, 0x22058f44, 0x84320000, 0x18012611, 0x18050080, 0x210185a6, 0x2b84d016, 0x19851f20, 0x00241725, 
    0x849a1901, 0x82372011, 0x1b012311, 0x038300a0, 0xa01b0224, 0x55828819, 0x0d820320, 0x85828e20, 0x0b82ee20, 0x03820120, 0x7c242385, 0x6e160100, 
    0x39201186, 0x18254785, 0x1806001e, 0x82018744, 0x3c2d831d, 0x17020021, 0x020b00d6, 0x036a036a, 0x036c036b, 0x036e036d, 0x0370036f, 0x03720371, 
    0x381b8273, 0x000b00aa, 0x00980097, 0x009a0099, 0x009c009b, 0x009e009d, 0x08a0009f, 0x2653822a, 0x00881601, 0x82f21501, 0x329d8569, 0x18020038, 
    0x020c0002, 0x0a990293, 0x02a002e1, 0x82ab02a7, 0x02a8280b, 0x02a802b1, 0x85e20aa8, 0x98172585, 0xbe170700, 0x15220189, 0x878300e8, 0x1d862320, 
    0x08007a24, 0x018ba017, 0x84ca1521, 0x0025261f, 0x00441702, 0x25a5930d, 0x7f087e08, 0x3f868008, 0x09003a24, 0x018d6017, 0x848a1521, 0x86272041, 
    0x00182421, 0x8f3e170a, 0x68152101, 0x29202384, 0x20086582, 0x020f00d8, 0x02d102d0, 0x02d302d2, 0x02d502d4, 0x02d702d6, 0x02d902d8, 0x02db02da, 
    0x087c08dc, 0x2c23827d, 0x198c161c, 0x00162792, 0x1600150d, 0x08019590, 0x16020027, 0x061100aa, 0x06860684, 0x06890688, 0x068d068b, 0x0690068e, 
    0x06920691, 0x06980697, 0x0699069a, 0x06940696, 0x20278295, 0x08278282, 0x6d066b20, 0x70066f06, 0x74067206, 0x77067506, 0x79067806, 0x7f067e06, 
    0x80068106, 0x7b067d06, 0x75827c06, 0x1300bc26, 0xfc05fb05, 0x410853a3, 0x1d003c19, 0xcc07cb07, 0xce07cd07, 0xd007cf07, 0xd207d107, 0xd407d307, 
    0xd607d507, 0xd807d707, 0xe007d907, 0xde07e107, 0xe507df07, 0xe207e407, 0xdb07e307, 0x8206dc07, 0xda079b06, 0x0000dd07, 0x03820001, 0x01210482, 
    0x20078202, 0x24038203, 0x01000004, 0x08038205, 0x0000064a, 0x02000701, 0x2000481c, 0x2d052c05, 0x2f052e05, 0x3d053c05, 0x3f053e05, 0x2a062806, 
    0x31062d06, 0x5b065906, 0x62065e06, 0x73067106, 0x7a067606, 0x8c068a06, 0x93068f06, 0x77077607, 0x79077807, 0xb507b407, 0xb707b607, 0x4608d182, 
    0x00220062, 0x00eb00ea, 0x00ed00ec, 0x00ef00ee, 0x00f100f0, 0x00f300f2, 0x00f500f4, 0x00f700f6, 0x00f900f8, 0x00fb00fa, 0x00fd00fc, 0x01ff00fe, 
    0x01010100, 0x01030102, 0x01050104, 0x01070106, 0x08090108, 0x8295082b, 0x00082193, 0x0121008a, 0x200d8c09, 0x200d8c0a, 0x200d8c0b, 0x200d8c0c, 
    0x200d8c0d, 0x200d8c0e, 0x200d8c0f, 0x200d8c10, 0x200d8c11, 0x200d8c12, 0x200d8c13, 0x080d8a14, 0x341702b6, 0x95032900, 0xb2039d03, 0x9703a603, 
    0x9603a403, 0xae039a03, 0xb1039803, 0xb003ac03, 0xa2039903, 0xa0039e03, 0x9c03a103, 0x9f03ad03, 0x9b03b403, 0xaf03b303, 0xa503a303, 0xa903a703, 
    0xab03aa03, 0x8108a803, 0x83088208, 0x85088408, 0x87088608, 0x89088808, 0x541f0200, 0x39062b00, 0x3b063a06, 0x3d063c06, 0x3f063e06, 0x41064006, 
    0x43064206, 0x45064406, 0x47064606, 0x49064806, 0x4b064a06, 0x4d064c06, 0x4f064e06, 0x51065006, 0x53065206, 0x57065506, 0x5a065806, 0x5d065c06, 
    0x60065f06, 0x63066106, 0x65066406, 0x69066606, 0x68066706, 0xf81e0200, 0x5a085b82, 0x06090608, 0x060b060a, 0x060d060c, 0x060f060e, 0x06110610, 
    0x06130612, 0x06150614, 0x06170616, 0x06190618, 0x061b061a, 0x061d061c, 0x061f061e, 0x06210620, 0x06240622, 0x06270626, 0x062b0629, 0x062e062c, 
    0x0630062f, 0x06330632, 0x06350634, 0x06360638, 0x1a020037, 0x422e0062, 0xbb433f0f, 0x58032719, 0xcc1d0200, 0x61db3200, 0x052a0523, 0x05b3463a, 
    0xc61c7108, 0x87053300, 0x89058805, 0x8b058a05, 0x8d058c05, 0xa105a005, 0xa305a205, 0xa505a405, 0xa705a605, 0xa905a805, 0xc305aa05, 0xdb05da05, 
    0xdd05dc05, 0xdf05de05, 0xe105e005, 0xe305e205, 0xe505e405, 0xed05e605, 0x02070107, 0x04070307, 0x06070507, 0x08070707, 0x0a070907, 0x0f071207, 
    0x11071007, 0x0c070b07, 0x0e070d07, 0xb61c0200, 0xf40a3400, 0x6e086de6, 0x00e82201, 0x1588153d, 0x1590158c, 0x15981594, 0x15a0159c, 0x15a815a4, 
    0x15b015ac, 0x15b815b4, 0x15c015bc, 0x15c815c4, 0x15d015cc, 0x15d815d4, 0x15e015dc, 0x15e815e4, 0x15f015ec, 0x15f815f4, 0x160016fc, 0x16081604, 
    0x1610160c, 0x16181614, 0x1620161c, 0x16281624, 0x1630162c, 0x16581634, 0x163c1638, 0x16441640, 0x164c1648, 0x82541650, 0x165c3011, 0x16641660, 
    0x166c1668, 0x00741670, 0x82682201, 0x9e479f7f, 0x16290845, 0x167c1678, 0x16841680, 0x168c1688, 0x16941690, 0x169c1698, 0x16a416a0, 0x16a816c8, 
    0x16b016ac, 0x16b816b4, 0x16c016bc, 0x081182c4, 0xd016cc50, 0xd816d416, 0xe016dc16, 0x0200e416, 0x3d00b618, 0x1f051e05, 0x22052005, 0x24052305, 
    0x27052605, 0x29052805, 0xbe052c05, 0xc205bf05, 0xc505c305, 0x7f057e05, 0x85058405, 0x82058005, 0x88058705, 0x8c058b05, 0x8a058905, 0xa0059405, 
    0x4119cd05, 0xd32e0acd, 0xd505d405, 0xd705d605, 0xd905d805, 0x0b42ec05, 0xd206291b, 0xde06d306, 0x2e200200, 0x82087f82, 0x05310530, 0x05330532, 
    0x05350534, 0x05370536, 0x05390538, 0x0545053c, 0x05490546, 0x0547054a, 0x054b0548, 0x054f054c, 0x054d0550, 0x0551054e, 0x05400552, 0x05420541, 
    0x05440543, 0x05540553, 0x05560555, 0x05580557, 0x055a0559, 0x055c055b, 0x055e055d, 0x0561055f, 0x05630562, 0x05650564, 0x05670566, 0x05690568, 
    0x056b056a, 0x056d056c, 0x056e0560, 0x0570056f, 0x00030071, 0x00142301, 0x82ec1901, 0x00d82207, 0x200f8400, 0x200f82c8, 0x200f82dc, 0x080f8204, 
    0x46210188, 0xf41b4200, 0xca167016, 0xf4172a17, 0x301b0218, 0x64187416, 0x061a1018, 0xac177816, 0x32177418, 0x2c1c1c19, 0xb8177c16, 0xd418d016, 
    0x84185819, 0xc417901b, 0x1e18d616, 0x6e19dc16, 0x641c2c18, 0xe2168016, 0x3a183a17, 0x601b4818, 0x88168416, 0xa4189418, 0xb2194217, 0xd017e816, 
    0x8c16e618, 0x30194a17, 0x90169c1c, 0xee16dc17, 0x4419f818, 0xc21b0a19, 0xf416e817, 0xfa16b418, 0x56188419, 0x94160017, 0x99829816, 0x43820320, 
    0x7c163a26, 0x8e160100, 0xab839982, 0x28180326, 0x70162818, 0x82201182, 0x16241188, 0x64161618, 0x76201182, 0x01221186, 0xcf823422, 0x02000c26, 
    0xf822ba16, 0x03281382, 0x22220100, 0xfa180100, 0x01200b82, 0x35280382, 0x02000300, 0xd422e818, 0xe8201382, 0x10201b82, 0x23831382, 0x0f82c220, 
    0x1982d620, 0xfe21d622, 0x00201184, 0xc4250f82, 0xec210100, 0x22358700, 0x82941901, 0x8ab22013, 0x21238247, 0x33822616, 0x3e167022, 0x16252589, 
    0x0d010032, 0x20918210, 0x20138a2a, 0x200f821e, 0x20038204, 0x24138a16, 0x1501000a, 0x201382f6, 0x83138902, 0x8215200f, 0xee152195, 0x02241388, 
    0xe2150c18, 0x88202982, 0x0422778a, 0x01832017, 0x82621521, 0x82742017, 0x00002617, 0x17040003, 0x2101830c, 0x13825415, 0x13876620, 0x83f81621, 
    0x46152101, 0x58201382, 0x012e1386, 0x01001421, 0x0300ec17, 0x9a159a15, 0x1582d821, 0x03000327, 0xd817d817, 0x21ed8221, 0xf182d817, 0x00211282, 
    0x27048203, 0x00c41701, 0x20c41702, 0x200a0141, 0x231f8220, 0x0100b017, 0x4b410783, 0x16052206, 0x25018594, 0x0100d614, 0x1582e814, 0x3d820020, 
    0x7e160522, 0x14210185, 0x201582c6, 0x211588d8, 0x01841668, 0x82b61421, 0x86c82015, 0x17042215, 0x2001835a, 0x21a58221, 0x5b825a17, 0x17828220, 
    0x44207f85, 0x44249982, 0x6c204417, 0x2a080d41, 0x00562001, 0x002e1701, 0x83dc1402, 0x24838609, 0x20c61402, 0x20178240, 0x823d8218, 0x26158607, 
    0x15fa1503, 0x82ba14fa, 0x414e2069, 0x03260a3b, 0xe415e415, 0x1582aa14, 0x2a07c34b, 0x00030035, 0x15ce1503, 0x829a14ce, 0x8a2e2015, 0x1506222b, 
    0x210187b8, 0x1b82fa13, 0x1b820c20, 0x2d820020, 0x75180620, 0x1323097b, 0x820100e8, 0x2418831b, 0x15060003, 0x21018788, 0x1782d613, 0x21090d41, 
    0x01841678, 0x00642029, 0x00781601, 0x82a01f01, 0x25e38430, 0x04006016, 0x01836016, 0x89881f21, 0x701f21e5, 0x48262782, 0xf6130300, 0x0b83f613, 
    0x0224d186, 0x581fde13, 0x30211982, 0x86098600, 0x13032517, 0x1fc613c6, 0x1621f982, 0x415b8218, 0x04220901, 0x0183f814, 0x82b81321, 0x8a4c208b, 
    0x140422d7, 0x210183e0, 0x1782a613, 0x178c3a20, 0x8214c821, 0x94132101, 0x28201782, 0x0722178a, 0x0189b014, 0x82f21221, 0x8204201d, 0x0000261d, 
    0x14070003, 0x25018996, 0x0100de12, 0x1988f012, 0x88147c21, 0xca122101, 0xdc201982, 0x00281986, 0x6a150100, 0x6a150500, 0x1e210185, 0x24f78892, 
    0x1efe1202, 0x241d8278, 0x12030050, 0x870b85fe, 0xe41225e1, 0x5e1ee412, 0x36221b82, 0x09850200, 0x05211986, 0x21008614, 0x6382d412, 0xb58a6820, 
    0xfa130522, 0x12210185, 0x201982c0, 0x21198c54, 0x018413e0, 0x82ac1221, 0x88402019, 0x02500819, 0x4700d01c, 0x51075007, 0x53075207, 0x55075407, 
    0x57075607, 0x59075807, 0x5b075a07, 0x5d075c07, 0x5f075e07, 0x61076007, 0x63076207, 0x65076407, 0x67076607, 0x69076807, 0x6b076a07, 0x6d076c07, 
    0x6f076e07, 0x71077007, 0x73077207, 0x75077407, 0x2608354b, 0x077b077a, 0x827d077c, 0x077e2d01, 0x0780077f, 0x07820781, 0x07850784, 0x832a0d8d, 
    0x8a078907, 0x87078607, 0x09848807, 0x8c078b30, 0x03000300, 0xe811e811, 0x0100621d, 0x0b893a14, 0x0622fd86, 0x01871613, 0x00d61125, 0x886a1101, 
    0x000324cb, 0x87fa1206, 0xc0112101, 0x01411b82, 0x1206220b, 0x210187de, 0x1b82aa11, 0x08090b43, 0x5e1c0252, 0x8d074800, 0x8f078e07, 0x91079007, 
    0x93079207, 0x95079407, 0x97079607, 0x99079807, 0x9b079a07, 0x9d079c07, 0x9f079e07, 0xa107a007, 0xa307a207, 0xa507a407, 0xa707a607, 0xa907a807, 
    0xab07aa07, 0xad07ac07, 0xaf07ae07, 0xb107b007, 0xb307b207, 0x2707334c, 0xb907b807, 0xbb07ba07, 0xbc2d0182, 0xbe07bd07, 0xc007bf07, 0xc307c207, 
    0x2a0d8d07, 0x07c707c1, 0x07c407c8, 0x84c607c5, 0x07c92809, 0x000300ca, 0x892c1207, 0xec102501, 0x80100100, 0x0722eb8a, 0x01890e12, 0x82d41021, 
    0x0b09421d, 0xf0110722, 0x10210189, 0x201d82bc, 0x083b8850, 0x9c1d01c6, 0xe2155e00, 0xee15e815, 0xfa15f415, 0x06160016, 0x0c167a17, 0x18161216, 
    0x24161e16, 0x30162a16, 0x8217aa17, 0x3c163616, 0x48164216, 0x54164e16, 0x5a168a17, 0x60169217, 0x6c166616, 0x78167216, 0x84167e16, 0x90168a16, 
    0x9c169616, 0xa816a216, 0xb416ae16, 0xde17d217, 0xf617ea17, 0x0e180218, 0x26181a18, 0x3e183218, 0xc016ba16, 0xcc16c616, 0x5618d216, 0xb4176418, 
    0xd816be17, 0xe416de16, 0xf016ea16, 0xfc16f616, 0x08170217, 0x14170e17, 0xc8174a18, 0x1a179a17, 0x2017a217, 0x2c172617, 0x72183217, 0x80183817, 
    0x3e178e18, 0x4a174417, 0x56175017, 0x62175c17, 0x6e176817, 0x02007417, 0xa0009c1f, 0x4b13e74f, 0x09273f2b, 0x02690211, 0x4b6d026c, 0xd34f1b95, 
    0x3f154d13, 0x4e2b0521, 0x3b20089d, 0x20089f4e, 0x08a14e25, 0xa34e5620, 0x4e6e2008, 0x872008a5, 0x4308a74e, 0x77420973, 0x2a082908, 0x7a082b08, 
    0x7d087c08, 0x4d056d50, 0x29081175, 0x02009508, 0xe8009a1f, 0xe907e807, 0xe707eb07, 0xec07e607, 0xee07ed07, 0xf007ef07, 0xf307f207, 0xf107f407, 
    0xf607f507, 0x4b82db08, 0xf807dc30, 0xf707f907, 0xfb07fa07, 0xfd07fc07, 0x5d828b08, 0x082cfe08, 0x082e082d, 0x07dd0895, 0x07de08fe, 0x080008ff, 
    0x08020801, 0x080308df, 0x08060804, 0x0809080b, 0x080a0805, 0x08e0080c, 0x080e080d, 0x08e1080f, 0x08120811, 0x08130810, 0x08150814, 0x081b0816, 
    0x08190817, 0x0818081a, 0x081c081e, 0x081f081d, 0x08210820, 0x08240822, 0x08250823, 0x08270826, 0x08290828, 0x0830082f, 0x08320831, 0x08340833, 
    0x08360835, 0x08380837, 0x083b0839, 0x083d083c, 0x087a083a, 0x083e08c7, 0x0841083f, 0x08400842, 0x08440843, 0x08470845, 0x08480846, 0x08e208c6, 
    0x084b084a, 0x084c08e3, 0x087b084d, 0x087c08e4, 0x084e087d, 0x08e5084f, 0x08510850, 0x08580853, 0x08520856, 0x08590857, 0x085a08e6, 0x085c085b, 
    0x085f08e7, 0x085d0860, 0x0861085e, 0x086308e8, 0x08620864, 0x087f08e9, 0x087e0880, 0x086a0865, 0x08680866, 0x08670869, 0x086b086d, 0x1251416c, 
    0x086e8c08, 0x0870086f, 0x08730871, 0x08740872, 0x08760875, 0x08780877, 0x08a1089f, 0x08b408a0, 0x08b508b3, 0x08b608b7, 0x08ae08ad, 0x08a808a9, 
    0x08aa08ac, 0x08ab08b2, 0x06a708af, 0x089c0683, 0x08c508c3, 0x08b908c4, 0x08c808ea, 0x08c9089b, 0x08b808b0, 0x08bb08ba, 0x08bd08bc, 0x08bf08be, 
    0x08c108c0, 0x08cf08c2, 0x08d308d5, 0x08d108d8, 0x08d608d2, 0x08d408d0, 0x08cb08ca, 0x08cd08cc, 0x08d908ce, 0x00d708da, 0x01981f02, 0x41f9053d, 
    0x2a2020d7, 0x2119d341, 0xcf41fe07, 0x08032408, 0x41fa0504, 0x0d260ccf, 0x0f080e08, 0xcd419201, 0x07cb4160, 0x4a08c624, 0xc5414b08, 0x07c34106, 
    0x260fc141, 0x085b085a, 0x414f035c, 0x032109bf, 0x06bf4164, 0x2144bd41, 0x3f4d3c05, 0x58354d16, 0x0aad0827, 0x05ae08f4, 0x0c154d8d, 0x26138d4f, 
    0x08ac0852, 0x4da708af, 0x6e201a09, 0x20085942, 0x05114dc8, 0x2323a34f, 0xc9089b08, 0x25367f42, 0x03010001, 0x0583005a, 0x05835720, 0x009a0125, 
    0x82841f01, 0x82862003, 0x82882003, 0x828a2003, 0x828c2003, 0x838e2003, 0x9005211d, 0x06210583, 0x210583d2, 0x2f84c102, 0x02001926, 0x801f7a1f, 
    0x2c200b84, 0x92202782, 0x9e200382, 0x00210d83, 0x20318402, 0x200584cd, 0x260582da, 0x03900103, 0x8262034d, 0x01022209, 0x213d8319, 0x2b824e1f, 
    0x03825020, 0x03825220, 0x17835420, 0x02680222, 0x22051f48, 0x824f0701, 0x0701210f, 0x00212182, 0x24158203, 0x00720271, 0x847d8501, 0x826a2081, 
    0x05042805, 0x05760574, 0x837b0578, 0x0200270b, 0xfb014101, 0x0b83f702, 0x08212f85, 0x2055823e, 0x20038224, 0x20138226, 0x201f8202, 0x207984fb, 
    0x24238241, 0x1f181f02, 0x22b7821e, 0x84241f1e, 0x0094269d, 0x1f241f03, 0x2613822c, 0x05020001, 0x83a00594, 0x1e0525bb, 0x00003f05, 0x682ce984, 
    0x1a1f0500, 0x0c1f041f, 0xfe1e141f, 0x92301184, 0x381f0700, 0x301f281f, 0x1c1f101f, 0x221f161f, 0x022a3182, 0xac05ab05, 0xaf050000, 0x0d83b405, 
    0x82030021, 0x82202041, 0x0522220f, 0x240b8224, 0x00290526, 0x203b8206, 0x2c5f8208, 0x05970595, 0x05a105a0, 0x05cd05a3, 0x2e1384da, 0x05d105cd, 
    0x06de05da, 0x07ea06e9, 0x84020701, 0x051e2e13, 0x06220630, 0x066b0653, 0x076a0784, 0x2e1384a8, 0x0631051f, 0x06550624, 0x0786066d, 0x84a9076b, 
    0x05232e13, 0x06290634, 0x0672065a, 0x076e078b, 0x2e1384ac, 0x06360526, 0x065d062c, 0x078e0675, 0x84ae0770, 0x05292e13, 0x06300639, 0x06790661, 
    0x07730792, 0x2e1384b1, 0x06330522, 0x06580627, 0x07890670, 0x83ab076d, 0x5a0329b7, 0x00005b03, 0x69036203, 0x00250d83, 0x1e010000, 0x2a098458, 
    0x0096008d, 0x07f60700, 0x820a00f6, 0x0203240f, 0x82680268, 0x202d8327, 0x202d8401, 0x8b158303, 0x6208233d, 0x2b826408, 0x11000122, 0x26148f43, 
    0x057f057e, 0x82bf05be, 0x05d322f9, 0x568d82d4, 0x942c15cd, 0x96069506, 0x98069706, 0x9a069906, 0x44082582, 0x0292020c, 0x029a0298, 0x02a602a1, 
    0x02ac02aa, 0x02b202b0, 0x05b602b5, 0x1f1500fb, 0x1fe41fc6, 0x1faa1f8e, 0x1f741f5a, 0x1e421f2a, 0x1e141ffe, 0x1eea1ed6, 0x1ec41eb2, 0x1e921e82, 
    0x1e741e66, 0x1e5a1e4e, 0x234782a2, 0x066a0613, 0x08131557, 0x7c067b34, 0x7e067d06, 0x80067f06, 0x9d068106, 0xa81d1200, 0xbc1db21d, 0xd01dc61d, 
    0xe41dda1d, 0x681dee1d, 0x781d701d, 0x881d801d, 0x981d901d, 0x341da01d, 0xf9823a1d, 0xc1020438, 0x0000c402, 0xc602c602, 0xc8020400, 0x0500cf02, 
    0x4d084c08, 0x1b820d00, 0xff820820, 0x01002026, 0x24052205, 0x26220582, 0x05822905, 0x0582fd82, 0x90059028, 0xbe050200, 0x0b82bf05, 0xd105d122, 
    0x0b410582, 0x00012205, 0x22e78215, 0x84940293, 0x029b22eb, 0x20ef829c, 0x22f182a5, 0x82a902a8, 0x82ab20f5, 0x02ae22f7, 0x83fb87af, 0x202d82cd, 
    0x226541e6, 0x1f264c08, 0x1f3c1f32, 0x1f501f46, 0x1f641f5a, 0x1f781f6e, 0x1f8c1f82, 0x1fa01f96, 0x1fb41faa, 0x1fc81fbe, 0x1fdc1fd2, 0x1ff01fe6, 
    0x200420fa, 0x2018200e, 0x202c2022, 0x1eea1e36, 0x1ffa1ef2, 0x1f0a1f02, 0x1f1a1f12, 0x1e2a1f22, 0x82e41ede, 0x000522d9, 0x240182c5, 0x00c70000, 
    0x088582d7, 0xe900dc5a, 0xfa071200, 0x2000fa07, 0x8b088b08, 0x2b002100, 0x16200c20, 0x2a202020, 0x3e203420, 0x52204820, 0x66205c20, 0x7a207020, 
    0x8e208420, 0xa2209820, 0xb620ac20, 0xca20c020, 0xde20d420, 0xf220e820, 0x0621fc20, 0x1a211021, 0x2e212421, 0x42213821, 0x56214c21, 0x6a216021, 
    0xe42c9582, 0xf41fec1f, 0x0420fc1f, 0x2b00d01f, 0x2d08ad9b, 0x4a204020, 0x5e205420, 0x72206820, 0x86207c20, 0x9a209020, 0xae20a420, 0xc220b820, 
    0xd620cc20, 0xea20e020, 0xfe20f420, 0x12210821, 0xff82841f, 0x9c1f9428, 0xac1fa41f, 0xd1827e1f, 0x74030332, 0x00007703, 0x94037903, 0x65080400, 
    0x20006d08, 0x46081582, 0x0292020c, 0x02010092, 0x00980298, 0x029a0207, 0x0203009a, 0x00a102a1, 0x02a60206, 0x020500a6, 0x00aa02aa, 0x02ac020b, 
    0x020400ac, 0x00b002b0, 0x02b20208, 0x020900b2, 0x00b502b5, 0x02b6020c, 0x050a00b6, 0x82fb05fb, 0x014a0849, 0x93001d00, 0x10019d00, 0x2f011b01, 
    0x92018201, 0xca02ba02, 0xee02d702, 0x4f033e03, 0x6e036403, 0xac05ab05, 0xb005af05, 0xb205b105, 0xb405b305, 0xc505be05, 0x9a068106, 0xf209ca06, 
    0x11000200, 0x3b023602, 0x3d020000, 0x7d824102, 0x46024622, 0x68227782, 0x65826902, 0x026c5008, 0x020e006d, 0x00720271, 0x02b80210, 0x021200be, 
    0x00dc02c0, 0x03350319, 0x03360037, 0x0045033b, 0x035a0339, 0x0344005b, 0x00730362, 0x03b50346, 0x035800b5, 0x00ba03b7, 0x03bc0359, 0x035d00c8, 
    0x00d803ca, 0x03dd036a, 0x007900de, 0x82ba1f01, 0x82bc2003, 0x82be2003, 0x82c02003, 0x82c22003, 0x82c42003, 0x82c62003, 0x82c82003, 0x82ca2003, 
    0x82cc2003, 0x82ce2003, 0x82d02003, 0x82d22003, 0x82d42003, 0x82d62003, 0x82d82003, 0x82da2003, 0x82dc2003, 0x82de2003, 0x82e02003, 0x82e22003, 
    0x82e42003, 0x82e62003, 0x82e82003, 0x82ea2003, 0x82ec2003, 0x82ee2003, 0x82f02003, 0x82f22003, 0x82f42003, 0x82f62003, 0x82f82003, 0x82fa2003, 
    0x82fc2003, 0x00fe2403, 0x82002001, 0x82022003, 0x82042003, 0x82062003, 0x82082003, 0x820a2003, 0x820c2003, 0x820e2003, 0x82102003, 0x82122003, 
    0x82142003, 0x82162003, 0x82182003, 0x821a2003, 0x821c2003, 0x821e2003, 0x82202003, 0x82222003, 0x82242003, 0x82262003, 0x82282003, 0x822a2003, 
    0x822c2003, 0x822e2003, 0x82302003, 0x82322003, 0x82342003, 0x82362003, 0x82382003, 0x823a2003, 0x823c2003, 0x823e2003, 0x82402003, 0x82422003, 
    0x82442003, 0x82462003, 0x82482003, 0x824a2003, 0x824c2003, 0x824e2003, 0x82502003, 0x82522003, 0x82542003, 0x82562003, 0x82582003, 0x825a2003, 
    0x825c2003, 0x825e2003, 0x82602003, 0x82622003, 0x82642003, 0x82662003, 0x82682003, 0x826a2003, 0x826c2003, 0x826e2003, 0x82702003, 0x82722003, 
    0x82742003, 0x82762003, 0x82782003, 0x827a2003, 0x827c2003, 0x827e2003, 0x82802003, 0x82822003, 0x82842003, 0x82862003, 0x82882003, 0x828a2003, 
    0x828c2003, 0x828e2003, 0x82902003, 0x82922003, 0x82942003, 0x82962003, 0x82982003, 0x829a2003, 0x829c2003, 0x829e2003, 0x82a02003, 0x82a22003, 
    0x82a42003, 0x82a62003, 0xa8520803, 0xce203800, 0xe220d820, 0xf620ec20, 0x0a210021, 0x1e211421, 0x7c1c721c, 0x901c861c, 0xa41c9a1c, 0xb81cae1c, 
    0xcc1cc21c, 0xe01cd61c, 0xf41cea1c, 0x081dfe1c, 0x1c1d121d, 0x301d261d, 0x441d3a1d, 0x581d4e1d, 0x6c1d621d, 0x801d761d, 0x941d8a1d, 0x27459e1d, 
    0xb6203509, 0xc620be20, 0x4a1c421c, 0x5a1c521c, 0x6a1c621c, 0x361caa20, 0xfb437182, 0x001c3110, 0x141c0a1c, 0x281c1e1c, 0x3c1c321c, 0x501c461c, 
    0x4b082f82, 0x1c6e1c64, 0x1c821c78, 0x1c961c8c, 0x1caa1ca0, 0x1cbe1cb4, 0x1cd21cc8, 0x1ce61cdc, 0x1dfa1cf0, 0x1d0e1d04, 0x1d221d18, 0x1d361d2c, 
    0x1d4a1d40, 0x205e1d54, 0x204c2044, 0x1bd01b54, 0x1be01bd8, 0x1bf01be8, 0x1b3e20f8, 0x000100ca, 0x08054357, 0x2905263a, 0x34053305, 0x39053605, 
    0x29062706, 0x30062c06, 0x5a065806, 0x61065d06, 0x72067006, 0x79067506, 0x8b068906, 0x92068e06, 0x6e076d07, 0x73077007, 0xac07ab07, 0xb107ae07, 
    0x222c7b42, 0x45070002, 0x023d110f, 0x00c402c1, 0x02c60220, 0x022400c6, 0x00cf02c8, 0x03570325, 0x002d0057, 0x1fe81f02, 0x220582ee, 0x82f41fee, 
    0x1ff42205, 0x280582fa, 0x000020fa, 0x20002002, 0x22058206, 0x820c2006, 0x200c2205, 0x22058212, 0x82182012, 0x20182205, 0x2205821e, 0x8224201e, 
    0x050122d9, 0x2005847e, 0x20058484, 0x20058480, 0x2005847f, 0x22058485, 0x83030082, 0x26438247, 0x200a2003, 0x82162010, 0x2014240f, 0x8220201a, 
    0x21418207, 0x07822a20, 0x2e202824, 0x2d843420, 0x0584c220, 0x05849520, 0x05849720, 0x05829920, 0x7f050224, 0x07848805, 0xc305c22c, 0x01000200, 
    0xe106d206, 0x1f840000, 0x05848720, 0x05848b20, 0x1b828920, 0x3005033e, 0x00003905, 0x3c053c05, 0x40050a00, 0x0b007105, 0xd81f0500, 0xe41fde1f, 
    0xf01fea1f, 0x05820b82, 0x1ff61f25, 0x820220fc, 0x2705820b, 0x0e200820, 0x05001420, 0x97830583, 0x82262021, 0x2020280b, 0x202c2026, 0x82382032, 
    0x2705820b, 0x44203e20, 0x06004a20, 0x20270583, 0x20562050, 0x8262205c, 0x205a2a0d, 0x20662060, 0x2072206c, 0x2a0d8278, 0x20762070, 0x2082207c, 
    0x828e2088, 0x20862a0d, 0x2092208c, 0x209e2098, 0x2a0d82a4, 0x20a2209c, 0x20ae20a8, 0x82ba20b4, 0x20b22a0d, 0x20be20b8, 0x20ca20c4, 0x2a0d82d0, 
    0x20ce20c8, 0x20da20d4, 0x82e620e0, 0xde2a080d, 0xea20e420, 0xf620f020, 0x0700fc20, 0xfa20f420, 0x06210021, 0x12210c21, 0x07001821, 0x14210e21, 
    0x20211a21, 0x2c212621, 0x0f823221, 0x2e21282c, 0x3a213421, 0x46214021, 0x0f824c21, 0x4821422c, 0x54214e21, 0x60215a21, 0x0f826621, 0x62215c2c, 
    0x6e216821, 0x7a217421, 0x0f828021, 0x7c21762e, 0x88218221, 0x94218e21, 0x02009a21, 0x0a3b0183, 0x0a0000dc, 0x0a540bde, 0x210800db, 0x21862180, 
    0x2192218c, 0x219e2198, 0x82aa21a4, 0x29078411, 0xb621b021, 0xc221bc21, 0x1182c821, 0x21290784, 0x21d421ce, 0x21e021da, 0x841182e6, 0xec212b07, 
    0xf821f221, 0x0422fe21, 0x07850900, 0x220a223f, 0x22162210, 0x2222221c, 0x22090028, 0x2220221a, 0x222c2226, 0x22382232, 0x2244223e, 0x0813824a, 
    0x42223c26, 0x4e224822, 0x5a225422, 0x66226022, 0x0a006c22, 0xd222ca22, 0x64225e22, 0x70226a22, 0x7c227622, 0x88228222, 0x20081582, 0x227e2278, 
    0x228a2284, 0x22962290, 0x22a2229c, 0x00ae22a8, 0x22ae220b, 0x22ba22b4, 0x22c622c0, 0x2a3582cc, 0x22de22d8, 0x00ea22e4, 0x4a090001, 0x992006dd, 
    0x2c06df4a, 0x00e105d4, 0x22c2220c, 0x22ce22c8, 0xf53d19d4, 0xf8222709, 0x0423fe22, 0x2f820200, 0x80057e30, 0x82050000, 0x03008205, 0x86058405, 
    0x41820400, 0x00972808, 0x05990507, 0x050b009f, 0x00c205c2, 0x05cd0512, 0x051300d9, 0x00ec05ec, 0x06e90620, 0x002100fa, 0x22102310, 0x97bc22b6, 
    0x0a232159, 0x0a245b82, 0x76057605, 0x61835b82, 0x61840120, 0x61840420, 0x61840520, 0x61840820, 0x61840c20, 0x61841320, 0x61841420, 0x61842120, 
    0x3f822220, 0xcb430b20, 0x1e053729, 0x2e001e05, 0x30053005, 0x6a072f00, 0x30006a07, 0xa807a807, 0x45823100, 0x87050624, 0x85828d05, 0xaa05a022, 
    0xc322d582, 0xcf82c305, 0xe605da22, 0xed28cf82, 0x2000ed05, 0x12070107, 0x3608cf82, 0x012b0001, 0x022302fb, 0x0236022b, 0x02680247, 0x027f0273, 
    0x02b00292, 0x02c102b8, 0x02e602df, 0x032c03f7, 0x03350332, 0x035a0348, 0x03b50374, 0x03c203b9, 0x49df03c7, 0x802018f1, 0x2d08ef82, 0x05d305d1, 
    0x221700d4, 0x22e622de, 0x22f622ee, 0x210623fe, 0x21f421ee, 0x220022fa, 0x220c2206, 0x22182212, 0x2224221e, 0x2230222a, 0x11422236, 0x8e2f8206, 
    0x09234211, 0x22722222, 0x2d100d42, 0xaa231800, 0xba23b223, 0xca23c223, 0x1742d223, 0xf0222115, 0x62087d82, 0x230223fc, 0x230e2308, 0x22180014, 
    0x22ee22e8, 0x23fa22f4, 0x23062300, 0x2312230c, 0x231e2318, 0x232a2324, 0x23362330, 0x2342233c, 0x234e2348, 0x235a2354, 0x23662360, 0x0072236c, 
    0x2586251b, 0x2596258e, 0x25a6259e, 0x25b625ae, 0x23c625be, 0x237c2376, 0x23882382, 0x2394238e, 0x23a0239a, 0x82ac23a6, 0x23b82487, 0x82c423be, 
    0x23d02489, 0x82dc23d6, 0x27338c37, 0xd625ce25, 0xe625de25, 0xb024b182, 0xbc23b623, 0x7c08b382, 0x23ce23c8, 0x23da23d4, 0x23e623e0, 0x23f223ec, 
    0x24fe23f8, 0x231b0004, 0x23d823d2, 0x23e423de, 0x23f023ea, 0x24fc23f6, 0x24082402, 0x2414240e, 0x2420241a, 0x242c2426, 0x24382432, 0x2444243e, 
    0x2450244a, 0x245c2456, 0x24682462, 0x241b006e, 0x2442243c, 0x244e2448, 0x245a2454, 0x24662460, 0x2472246c, 0x247e2478, 0x248a2484, 0x24962490, 
    0x24a2249c, 0x24ae24a8, 0x24ba24b4, 0x033f19c0, 0x02002507, 0xdb08cb07, 0xcc220582, 0x0582dc08, 0xdd08cd22, 0xce220582, 0x0582de08, 0xdf08cf22, 
    0xd0220582, 0x0582e008, 0xe108d128, 0x3a060200, 0x05820906, 0x0a063b22, 0x3c220582, 0x05820b06, 0x0c063d22, 0x3e220582, 0x05820d06, 0x0e063f22, 
    0x40220582, 0x05820f06, 0x12064322, 0xd2223582, 0x0b82e208, 0x13064422, 0xd3220b82, 0x0582e308, 0xe408d422, 0x45221182, 0x0b821406, 0xe508d522, 
    0x48220b82, 0x05821706, 0x18064922, 0x4a220582, 0x17821906, 0xe608d622, 0x4b220b82, 0x0b821a06, 0xe708d722, 0x4c220b82, 0x0b821b06, 0xe808d822, 
    0xd9220582, 0x1182e908, 0x1c064d22, 0x4e220582, 0x05821d06, 0x1e064f22, 0x50220582, 0x05821f06, 0x20065122, 0x52280582, 0x02002106, 0xb408be05, 
    0xbf220582, 0x0582b308, 0xb508c222, 0xc3220582, 0x0582b708, 0xb608c522, 0x8b220582, 0x05824705, 0x48058c22, 0xa0220582, 0x59825105, 0xef08e022, 
    0xe1220582, 0x0582f008, 0xed08de22, 0xdf220582, 0x0582ee08, 0xec08e522, 0xe4220582, 0x0582eb08, 0xf108e222, 0xe3220582, 0x3582f208, 0xb2084322, 
    0xda220582, 0x05825305, 0x5405db22, 0xdc220582, 0x05825505, 0x5605dd22, 0xdf220582, 0x05825805, 0x5b05e222, 0xe3220582, 0x05825c05, 0x5d05e422, 
    0xe5220582, 0x05825e05, 0x5f05e622, 0xed220582, 0xad826005, 0x83068222, 0x9b220582, 0x59829c06, 0xea08da22, 0xdd2a0582, 0x0300b008, 0x08063906, 
    0x0782f905, 0x11064224, 0x07824808, 0xfc054624, 0x07821506, 0x1606472c, 0x0300fa05, 0x4205c305, 0x0782aa08, 0xdc07442e, 0x0400ab08, 0xfb054106, 
    0x43081006, 0x65260982, 0x34068905, 0x09824905, 0x8a056626, 0x4a053506, 0x99320982, 0x41058006, 0x0500a808, 0x84065306, 0x22066b06, 0x0b823005, 
    0x86065528, 0x24066d06, 0x0b823105, 0x88065728, 0x26066f06, 0x0b823205, 0x89065828, 0x27067006, 0x0b823305, 0x8b065a28, 0x29067206, 0x0b823405, 
    0x8d065c28, 0x2b067406, 0x0b823505, 0x8e065d28, 0x2c067506, 0x0b823605, 0x90065f28, 0x2e067706, 0x0b823705, 0x91066028, 0x2f067806, 0x0b823805, 
    0x92066128, 0x30067906, 0x0b823905, 0x81069a36, 0xdb074005, 0x0600a908, 0x97066306, 0x87057e06, 0x45053206, 0x642a0d82, 0x7f069806, 0x33068805, 
    0x0d824605, 0x9606692a, 0xde057d06, 0x57053806, 0x672a0d82, 0x7b069406, 0x3606e005, 0x0d825905, 0x9506682e, 0xe1057c06, 0x5a053706, 0x11000200, 
    0x3b11e550, 0x2c052c05, 0x7e050a00, 0x0b008005, 0x82058205, 0x84050e00, 0x0f008505, 0x8c058705, 0x34082f82, 0x00940594, 0x05a00517, 0x051800a0, 
    0x00bf05be, 0x05c20519, 0x051b00c3, 0x00c505c5, 0x05cd051d, 0x051e00e6, 0x00ed05ec, 0x06d20638, 0x063a00d3, 0x00de06de, 0x2a69823c, 0x06cb0622, 
    0x0a0100cf, 0x823b0a2f, 0x0a3d2205, 0x22058251, 0x825b0a54, 0x0a6b2205, 0x22058274, 0x827a0a7a, 0x0a7e2205, 0x22058280, 0x82860a84, 0x0a8b2205, 
    0x2205828c, 0x828f0a8f, 0x0a972205, 0x22058298, 0x829c0a9b, 0x0a9e2205, 0x220582a7, 0x82b90aaa, 0x0abc2205, 0x220582bc, 0x82be0abe, 0x0ac02205, 
    0x220582c0, 0x82d30ad3, 0x0aee2205, 0x280582f3, 0x00f70af7, 0x0b0d0b01, 0x2205820e, 0x82110b11, 0x0b162205, 0x22058216, 0x821a0b18, 0x0b1c2205, 
    0x2205821c, 0x82230b22, 0x0b262205, 0x22058227, 0x82300b30, 0x0b322205, 0x22058233, 0x82370b37, 0x0b392205, 0x22058239, 0x82420b42, 0x0b472205, 
    0x2405824e, 0x00540b53, 0x08018201, 0x41003d32, 0x54004900, 0x89005f00, 0xa1008d00, 0x0a01c500, 0x19010f01, 0x2c012401, 0x77014101, 0x80017e01, 
    0x9b018d01, 0xc801a801, 0xd201cb01, 0xf001d801, 0x2114ef45, 0x8d58052a, 0x05742c09, 0x058e0578, 0x05940590, 0x51ce05cd, 0x05330559, 0x06d605d5, 
    0x06e9066a, 0x06fb06ee, 0x07fd06fc, 0x82140713, 0x0042257d, 0x000d0002, 0x4422839d, 0x87824501, 0xa9208587, 0x01258789, 0x021402fb, 0x0aaf461f, 
    0xb1466e20, 0x02932806, 0x02b802a8, 0x46d002c1, 0x022505b5, 0x03fb02fa, 0x08b7462c, 0xb9467720, 0x09042109, 0x3020cb82, 0x47208782, 0x07418782, 
    0x05942257, 0x0d0741a0, 0x05da0525, 0x65de05db, 0x15410705, 0x0701220c, 0x06194106, 0x918e4820, 0x9b419720, 0x2293b34c, 0x82200002, 0xb56b1993, 
    0x04830838, 0x021b05fe, 0x051e0518, 0x0536023f, 0x02720572, 0x05740558, 0x0559027d, 0x02910591, 0x05fd0563, 0x066402fd, 0x029e069d, 0x06a00665, 
    0x066702a0, 0x02a306a2, 0x06a90668, 0x066a02a9, 0x02ae06ab, 0x06b1066b, 0x066f02b8, 0x02e206e2, 0x07150777, 0x07780218, 0x021f071d, 0x0725077c, 
    0x077f022d, 0x02350730, 0x07380788, 0x088e0240, 0x02e108db, 0x09f30897, 0x099e0211, 0x02800958, 0x09a509bd, 0x82e602a9, 0x23d608bf, 0x1702fb01, 
    0x19020000, 0x1d004502, 0x66024702, 0x68024a00, 0x6a006802, 0x6e026e02, 0x70026b00, 0x6c007c02, 0x93027f02, 0x95027900, 0x8e009802, 0x9f029a02, 
    0xa1029200, 0x9800a602, 0xaa02a802, 0xac029e00, 0xa100ae02, 0xb002b002, 0xb202a400, 0xa500bf02, 0xcf02c102, 0xdd02b300, 0xc200dd02, 0xf502df02, 
    0xf702c300, 0xda002903, 0x35032b03, 0x37030d01, 0x18013b03, 0x45033d03, 0x48031d01, 0x26015703, 0x5c035a03, 0x5e033601, 0x39016903, 0x77037403, 
    0x79034501, 0x49019403, 0xd903b503, 0xdf036501, 0x8a01e903, 0xfb043604, 0xfd049501, 0x5b02fd04, 0xe706e706, 0xe2085c02, 0x5d02e908, 0x49091209, 
    0x81096502, 0x9d02a409, 0xc109aa09, 0x0100c102, 0xcd515e00, 0x16c5490d, 0xa782ba20, 0xd702ca22, 0xe622a182, 0xcd49ee02, 0x823e2008, 0x824f2093, 
    0x03642291, 0x20d5496e, 0x2c095f65, 0x057f057e, 0x05820580, 0x05850584, 0x122d5294, 0x66072366, 0x4f521a07, 0x01690807, 0x1e041e00, 0x1e181e0e, 
    0x1e2c1e22, 0x1e401e36, 0x1e541e4a, 0x1e681e5e, 0x1e7c1e72, 0x1e901e86, 0x1ea41e9a, 0x1eb81eae, 0x1ecc1ec2, 0x1ee01ed6, 0x1ef41eea, 0x1f081ffe, 
    0x1f1c1f12, 0x1f301f26, 0x1f441f3a, 0x1f581f4e, 0x1f6c1f62, 0x1f801f76, 0x1f941f8a, 0x1fa81f9e, 0x1fbc1fb2, 0x1fd01fc6, 0x1fe41fda, 0x20f81fee, 
    0x47075402, 0x74212b0a, 0x88217e21, 0x9c219221, 0xb021a621, 0xc421ba21, 0xd821ce21, 0xec21e221, 0x0022f621, 0x14220a22, 0x28221e22, 0x3c223222, 
    0x50224622, 0x64225a22, 0x78226e22, 0x8c228222, 0xa0229622, 0xb422aa22, 0xc822be22, 0xdc22d222, 0xf022e622, 0x0423fa22, 0x18230e23, 0x2c232223, 
    0x40233623, 0x54234a23, 0x68235e23, 0x7c237223, 0x90238623, 0xa4239a23, 0xb823ae23, 0xcc23c223, 0xe023d623, 0xf423ea23, 0x0824fe23, 0x1c241224, 
    0x30242624, 0x44243a24, 0x58244e24, 0x6c246224, 0x80247624, 0x94248a24, 0xa8249e24, 0xbc24b224, 0xd024c624, 0xe424da24, 0xf824ee24, 0x0c250225, 
    0x20251625, 0x34252a25, 0x48253e25, 0x5c255225, 0x70256625, 0x84257a25, 0x98258e25, 0xac25a225, 0xc025b625, 0xd425ca25, 0xe825de25, 0xfc25f225, 
    0x10260626, 0x24261a26, 0x38262e26, 0x4c264226, 0x60265626, 0xe41c6a26, 0xf41cec1c, 0x041dfc1c, 0x141d0c1d, 0x241d1c1d, 0x341d2c1d, 0x441d3c1d, 
    0x541d4c1d, 0x641d5c1d, 0x741d6c1d, 0x841d7c1d, 0x941d8c1d, 0xa41d9c1d, 0xb41dac1d, 0xc41dbc1d, 0xd41dcc1d, 0xe41ddc1d, 0xf41dec1d, 0xcc1cfc1d, 
    0xd81cd21c, 0x0100de1c, 0x8d00a000, 0x8f008e00, 0x91009000, 0x93009200, 0x95009400, 0xc5009600, 0xc800c700, 0xca00c900, 0xcc00cb00, 0xce00cd00, 
    0xd000cf00, 0xd200d100, 0xd400d300, 0xd600d500, 0xdc00d700, 0xde00dd00, 0xe000df00, 0xe200e100, 0xe400e300, 0xe600e500, 0xe800e700, 0x9a01e900, 
    0x71026802, 0xc1027202, 0xc302c202, 0xc602c402, 0xc902c802, 0xcb02ca02, 0xcd02cc02, 0xcf02ce02, 0x5a035703, 0x62035b03, 0x64036303, 0x66036503, 
    0x68036703, 0x74036903, 0x76037503, 0x79037703, 0x7b037a03, 0x7d037c03, 0x7f037e03, 0x81038003, 0x83038203, 0x85038403, 0x87038603, 0x89038803, 
    0x8b038a03, 0x8d038c03, 0x8f038e03, 0x91039003, 0x93039203, 0x1f059403, 0x23052205, 0x29052605, 0xf3513105, 0x51242008, 0x552008f5, 0x2008f751, 
    0x08f9516d, 0xfb518620, 0x516b2008, 0xa92008fd, 0x0807ff51, 0x07f60725, 0x083e08fa, 0x084d084c, 0x08630862, 0x08650864, 0x08670866, 0x08690868, 
    0x086b086a, 0x086d086c, 0x8201008b, 0x031409f1, 0x15000f00, 0x20001b00, 0x43004200, 0x57004e00, 0x63005800, 0x71006600, 0x8b007800, 0x93009200, 
    0x9d009c00, 0xa600a500, 0xc700a700, 0xd200c800, 0xe900d700, 0xec00eb00, 0xfb00f600, 0x10010901, 0x1b011301, 0x1e011d01, 0x27012601, 0x32012f01, 
    0x42013301, 0x59015601, 0x64015f01, 0x82017901, 0x87018601, 0x92018801, 0x94019301, 0x97019601, 0xa0019f01, 0xb501ad01, 0xb701b601, 0xbb01b801, 
    0xc001bf01, 0xca01c601, 0xd001cf01, 0xd301d101, 0xdc01d401, 0xe001de01, 0xf501f201, 0x0602ff01, 0x0c020b02, 0x0e020d02, 0x28022702, 0x3d023102, 
    0x48023e02, 0x5a024f02, 0x6c026102, 0x71027002, 0x8c027802, 0x8e028d02, 0x95029202, 0xa1029602, 0xb002a602, 0xba02b202, 0xc802bd02, 0xcc02ca02, 
    0xd502cd02, 0xd902d702, 0xe402da02, 0xee02e502, 0xf202f102, 0x0c03f802, 0x15030f03, 0x30031a03, 0x42033e03, 0x44034303, 0x50034f03, 0x52035103, 
    0x54035303, 0x2106d941, 0xf5710369, 0x03732205, 0x08c34175, 0x03893408, 0x038e038d, 0x039d0394, 0x039f039e, 0x03a103a0, 0x03a303a2, 0x03af03a8, 
    0x03ba03b8, 0x03c003bf, 0x03c403c3, 0x03ce03c8, 0x03e503d1, 0x047f04e8, 0x6a9a0499, 0x74290a65, 0xbe057805, 0xc005bf05, 0x05116b05, 0x05c65508, 
    0x068106c7, 0x06bd069a, 0x06c406be, 0x06ca06c7, 0x09a009d0, 0x0af209ef, 0x0a650a0d, 0x0a670a66, 0x0a6c0a6b, 0x0a970a8c, 0x0a9a0a99, 0x0ae80ae4, 
    0x0aeb0ae9, 0x0aee0aed, 0x0af00aef, 0x0b1a0bf2, 0x0b310b1b, 0x0b330b32, 0x0b370b36, 0x01010053, 0x0002003d, 0x201fd541, 0x1ad1419c, 0xcd411320, 
    0x01322408, 0x41410133, 0xcb410ccd, 0x41902005, 0xc94160cb, 0x02b22407, 0x41c802bd, 0xc14106c3, 0x0fbf4107, 0x2005bd41, 0x0abd414d, 0x6503622b, 
    0x69036603, 0x70036f03, 0x41bb4103, 0x6c052c21, 0x47361955, 0x49054805, 0x4b054a05, 0x4d054c05, 0x4f054e05, 0x51055005, 0x4b6c5205, 0x5f60201a, 
    0x395f1b43, 0x74052705, 0x78057605, 0xb96e8605, 0x05953a0c, 0x05970596, 0x059a0599, 0x059c059b, 0x059e059d, 0x05a0059f, 0x05c605c0, 0x1c1d6dc7, 
    0x08075742, 0xd206d02e, 0xde06d306, 0xea06e906, 0xec06eb06, 0xee06ed06, 0xf006ef06, 0xf206f106, 0xf406f306, 0xf606f506, 0xf806f706, 0xfa06f906, 
    0xef09a009, 0x27357d42, 0x02008d07, 0x50074f07, 0x4e280582, 0x0200c802, 0x0109c605, 0x06210583, 0x290582e9, 0x00e20694, 0x05f70203, 0x138307bf, 
    0x05849420, 0x7c05a022, 0x78221982, 0x05827d05, 0x0b847b20, 0x0b847420, 0x0000762c, 0xc6050200, 0x19010100, 0x0b820100, 0x03821020, 0x02210f84, 
    0x280f84c1, 0x00f7060f, 0x06ce0502, 0x210583f8, 0x05880b07, 0x0c07db22, 0x05830b84, 0x0907db22, 0xdb270b82, 0x03000a07, 0x8505d105, 0x05de2407, 
    0x84f106db, 0x84f22039, 0x83ce2015, 0xee062147, 0x06214783, 0x214783ef, 0x41830607, 0x06070723, 0x201f86f9, 0x240784ed, 0x00fa06d1, 0x22458204, 
    0x82ce05d1, 0x00012189, 0x00240185, 0x0d070400, 0xce201f84, 0xdb200786, 0xde210784, 0x820f8505, 0x0507216d, 0xd1201f84, 0xde200786, 0xde210784, 
    0x240f8505, 0x07de05de, 0x8857870e, 0x86db2009, 0x85458309, 0x8347831d, 0x82378209, 0x85098759, 0x88438227, 0x21278213, 0x9b820200, 0x8205f76c, 
    0x240b86a8, 0x00000002, 0x8bb38403, 0x82118719, 0x201b84c5, 0x823b8401, 0x2202822a, 0x88040001, 0x86002013, 0x22f38709, 0x88050015, 0x8b4f8b11, 
    0x00002215, 0x8d238806, 0x22178d57, 0x8c070000, 0x8f4f8b5d, 0x00002219, 0x8d2b8c08, 0x221b9157, 0x8e090000, 0x93318d2f, 0x0000221d, 0x8d33900a, 
    0x221f9535, 0x920b0000, 0x97398d37, 0x06002621, 0x050200ea, 0x20058495, 0x24058297, 0x05940503, 0x20078694, 0x85078695, 0x86952017, 0x84952017, 
    0x0503232d, 0x17850595, 0x17869720, 0x17869720, 0x17829720, 0x0400eb22, 0x19824783, 0x95210987, 0x20098706, 0x20098697, 0x201d8895, 0x85398295, 
    0x8895201d, 0x8897203b, 0x8897201d, 0x8697201d, 0x8495201d, 0x833183a3, 0x83598509, 0x21598509, 0x59870595, 0x1d870983, 0x07825987, 0x09835986, 
    0x59871d87, 0x59889720, 0x1d850983, 0x59850983, 0x59889720, 0x1d870983, 0x97215987, 0x83b38705, 0x821d8709, 0x0607270b, 0xdb050200, 0x05860707, 
    0x63820320, 0x03200d83, 0x07854d82, 0x1d849720, 0xa0050322, 0xa1200786, 0xa3200786, 0x08200782, 0x21064941, 0x098507db, 0x13889520, 0x09889720, 
    0x1d853783, 0x1388a120, 0x95203b87, 0x1d836d84, 0x6f849520, 0x3b870985, 0x73849520, 0x3b871385, 0x87059521, 0x8897203b, 0x8897203b, 0x86cf823b, 
    0x88972063, 0x0597213b, 0x97203b87, 0xa0203b88, 0xa0203b88, 0xa0213b88, 0x20778705, 0x203b88a0, 0x203b88a0, 0x203b88a0, 0x203b88a1, 0x203b88a1, 
    0x203b88a1, 0x203b88a1, 0x203b88a1, 0x203b88a1, 0x203b88a3, 0x203b88a3, 0x203b88a3, 0x203b88a3, 0x203b88a3, 0x263b84a3, 0x0702008e, 0x848f074f, 
    0x84902005, 0x84912005, 0x84922005, 0x84932005, 0x84952005, 0x84962005, 0x84972005, 0x84982005, 0x84992005, 0x849a2005, 0x849b2005, 0x849c2005, 
    0x849d2005, 0x849e2005, 0x849f2005, 0x84a02005, 0x84a12005, 0x84a22005, 0x84a32005, 0x84a42005, 0x84a52005, 0x84a62005, 0x84a72005, 0x84a82005, 
    0x84a92005, 0x84aa2005, 0x84ab2005, 0x84ac2005, 0x84ad2005, 0x84ae2005, 0x84af2005, 0x84b02005, 0x84b12005, 0x84b22005, 0x84b32005, 0x84b42005, 
    0x84b52005, 0x84b62005, 0x84b72005, 0x84b82005, 0x84b92005, 0x84ba2005, 0x84bb2005, 0x84bc2005, 0x84bd2005, 0x84be2005, 0x84bf2005, 0x84c02005, 
    0x84c22005, 0x84c32005, 0x84c12005, 0x84c72005, 0x84c82005, 0x84c42005, 0x84c52005, 0x84c62005, 0x84c92005, 0x84ca2005, 0x82512005, 0x074e2205, 
    0x20058452, 0x20058453, 0x20058454, 0x20058455, 0x20058456, 0x20058457, 0x20058458, 0x20058459, 0x2005845a, 0x2005845b, 0x2005845c, 0x2005845d, 
    0x2005845e, 0x2005845f, 0x20058460, 0x20058461, 0x20058462, 0x20058463, 0x20058464, 0x20058465, 0x20058466, 0x20058467, 0x20058468, 0x20058469, 
    0x2005846a, 0x2005846b, 0x2005846c, 0x2005846d, 0x2005846e, 0x2005846f, 0x20058470, 0x20058471, 0x20058472, 0x20058473, 0x20058474, 0x20058475, 
    0x20058476, 0x20058477, 0x20058478, 0x20058479, 0x2005847a, 0x2005847b, 0x2005847c, 0x2005847d, 0x2005847e, 0x2005847f, 0x20058480, 0x20058481, 
    0x20058482, 0x20058484, 0x20058485, 0x20058483, 0x20058489, 0x2005848a, 0x20058486, 0x20058487, 0x20058488, 0x2005848b, 0x2705838c, 0x0200ee06, 
    0xef06ce05, 0x03220586, 0x0d849405, 0x95050322, 0x97200786, 0xf0200782, 0x21065b44, 0x098506ce, 0x13889520, 0x95201d87, 0x1d833784, 0x39849520, 
    0x1d870985, 0x1d889720, 0x1d889720, 0x82059721, 0x0a00261d, 0x700a0200, 0x238f8200, 0x0b016c0a, 0x6d280b82, 0x02006501, 0x1802cb06, 0x70220b82, 
    0x05827102, 0x70026c22, 0xd1200584, 0x79220582, 0x1d831b03, 0x832a0521, 0x3a05210b, 0x00210583, 0x2111833f, 0x05823e00, 0x7801ce22, 0xcb220582, 
    0x17827901, 0xc9016c22, 0xcf220b82, 0x0582ca01, 0xd301d022, 0xd4201184, 0x6b220582, 0x5f842102, 0x05822020, 0xb302ce22, 0x6d221182, 0x0582b402, 
    0x2f036e22, 0xcb221182, 0x0b823003, 0xb7036c22, 0xcf220b82, 0x0582b803, 0xc303d022, 0xc4201184, 0x6b210582, 0x22ad8204, 0x8304cb06, 0x006b22a7, 
    0x22118242, 0x8343006c, 0x44002723, 0x250b0200, 0x7d842501, 0x6b842620, 0x0b822720, 0x8202d021, 0x6c0a2305, 0x0b842802, 0x23832920, 0x82a10221, 
    0x0276221d, 0x201184a6, 0x22118298, 0x84e3022d, 0x84e4208f, 0x84e520e3, 0x821020ad, 0x01ca2205, 0x22118211, 0x8412016e, 0x84132053, 0x84142017, 
    0x84602065, 0x82612011, 0x01cc2205, 0x22238262, 0x84630171, 0x846420e9, 0x84c22023, 0x22b3821d, 0x8301cc06, 0x017122b3, 0x201d84c5, 0x207184c6, 
    0x220582ba, 0x82bb02ca, 0x026e2235, 0x207784bc, 0x201784bd, 0x215983be, 0x0b821603, 0x1703cb22, 0xcc220582, 0x23821803, 0x19037122, 0xcf220b82, 
    0x05821a03, 0x9003d022, 0x91201d84, 0x92201d84, 0x93201d84, 0x94201d84, 0xd0220582, 0x11824b00, 0x51007522, 0x79220582, 0x11824c00, 0x4d00cb22, 
    0x6d220b82, 0x05824e00, 0x4f006c22, 0x6e220582, 0x05845600, 0x11845720, 0x35845820, 0x77835920, 0x825a0021, 0x00ca220b, 0x220b825b, 0x84a30017, 
    0x84a42035, 0x84a52029, 0x84a62029, 0x82a72029, 0x006b220b, 0x222382a8, 0x82cc0113, 0x016d220b, 0x221782cd, 0x84ce01cc, 0x82cf20ef, 0x016b2211, 
    0x220582d0, 0x82d1016c, 0x01d02211, 0x201784f1, 0x201184f2, 0x220582f3, 0x84f4016e, 0x84f52035, 0x82f6201d, 0x02252247, 0x2211822e, 0x822c0275, 
    0x02792205, 0x2217822f, 0x823002cb, 0x026d220b, 0x22058231, 0x8232026c, 0x026e2205, 0x2005843c, 0x2011843d, 0x2223823e, 0x843f02d0, 0x8240203b, 
    0x02ca220b, 0x220b8241, 0x82e40317, 0x03cb220b, 0x212383e5, 0x0582e603, 0xe7036e22, 0x6d220582, 0x1782e803, 0xe903d022, 0x9020e384, 0x9120d784, 
    0x6f220582, 0xd7849200, 0xf5849320, 0xe9849420, 0x0b829520, 0x9600cb22, 0xce220582, 0xb9841a01, 0x05821b20, 0x0109ca22, 0x2120bf84, 0x79220582, 
    0xb9841d01, 0x4d831f20, 0x82200121, 0x01172205, 0x2211829e, 0x829c01ca, 0x0175221d, 0x20e3849d, 0x202f849f, 0x202984a0, 0x202984a1, 0x220582a2, 
    0x84760217, 0x827720d7, 0x026f2205, 0x20cb8478, 0x22178279, 0x847a0250, 0x847b20dd, 0x827c20fb, 0x02ce2205, 0x2029848a, 0x2017848b, 0x2029848c, 
    0x20f5848d, 0x220b828e, 0x828f026b, 0x02132235, 0x22058290, 0x84bc0325, 0x82bd20e3, 0x03cc221d, 0x220582be, 0x82ba03cb, 0x036b2211, 0x220582bf, 
    0x82c0036c, 0x03d02211, 0x220b82c1, 0x84810170, 0x848220d1, 0x848320ad, 0x828420a7, 0x01cd220b, 0x22478285, 0x84860111, 0x848720b3, 0x828920b3, 
    0x02252211, 0x207d84cb, 0x209584c9, 0x220582ca, 0x84c802ca, 0x82c22089, 0x02792205, 0x208f84cc, 0x202984ce, 0x220582cf, 0x843d0317, 0x823e207d, 
    0x03ca2205, 0x2223823f, 0x8240036e, 0x03cd220b, 0x221d8241, 0x84420311, 0x8443208f, 0x8445208f, 0x846320b9, 0x84642023, 0x8262202f, 0x0375220b, 
    0x20238465, 0x20238466, 0x20238467, 0x20598468, 0x22178269, 0x822d016b, 0x01cf2217, 0x20c5842e, 0x20c5842f, 0x20c58430, 0x220b8231, 0x843201cc, 
    0x843320bf, 0x823420bf, 0x01252235, 0x22058235, 0x82e70217, 0x02cf2211, 0x20c584ed, 0x20c584ee, 0x20d784ef, 0x220b82f0, 0x84f102cc, 0x84f220d1, 
    0x84f320cb, 0x84f420cb, 0x844b2071, 0x824c20cb, 0x036d221d, 0x209b844d, 0x20a7844f, 0x20b3844e, 0x20a78450, 0x20a78451, 0x222f8252, 0x82530347, 
    0x01322205, 0x209b848e, 0x221d828f, 0x8290016d, 0x01752205, 0x20a78492, 0x20a78491, 0x20a18493, 0x20a18494, 0x222f8296, 0x84da0133, 0x228f832f, 
    0x84db0176, 0x84dc2035, 0x84df20e9, 0x84e020d1, 0x82e12029, 0x01712211, 0x20fb84e2, 0x220582dd, 0x84de01ce, 0x00953047, 0x0acb0603, 0x0096016c, 
    0x0a6e0a03, 0x84cb036c, 0x232182b1, 0xc803760a, 0x6b222182, 0xbd84cc03, 0x1782d020, 0xd103cc22, 0xd220ab84, 0x71221182, 0x0b82d303, 0xcd03cf22, 
    0xce220582, 0xc984ce03, 0x0582cf20, 0x9b027022, 0xcc221182, 0x05829c02, 0x9d02cb22, 0x6d221182, 0x05829502, 0x97026b22, 0xcf221182, 0x05829e02, 
    0x9f02ce22, 0x6f221182, 0x0582a502, 0xa2027122, 0x6e220582, 0x1782a302, 0xa402cd22, 0x1121cf82, 0x22d58202, 0x8300f00a, 0x00cc2289, 0x221782cc, 
    0x82cd00cb, 0x006d2223, 0x220582c7, 0x82ce006b, 0x00cf2211, 0x220582cf, 0x82d000ce, 0x006f2211, 0x220582d1, 0x82d20076, 0x006c2205, 0x220582d6, 
    0x82d70071, 0x00d0221d, 0x220b82d3, 0x82d4006e, 0x00cd220b, 0x215983d5, 0x0582ca00, 0xc8002d22, 0x6b24eb82, 0x6000cb06, 0xcc221982, 0x61846100, 
    0x61846220, 0x61846320, 0x5b846420, 0x5b846520, 0x55846620, 0x61846720, 0x4f846820, 0x5b847120, 0x67847220, 0x8b847320, 0x61846920, 0x61846a20, 
    0x17826b20, 0x6e007522, 0x17220b82, 0x05826f00, 0x4a022d22, 0xcc221d82, 0x05824b02, 0x4c02cb22, 0x6d221d82, 0x05824802, 0x4d026b22, 0xce221182, 
    0x0b824e02, 0x4f026f22, 0x6c220582, 0x05825002, 0x51027622, 0x6e220582, 0x1d825a02, 0x5b02d022, 0x71220b82, 0x0b825c02, 0x5d02cf22, 0x4b224d82, 
    0x05825e02, 0x5f024c22, 0x4d220582, 0x05826002, 0x52024e22, 0xcd221d82, 0x0b825302, 0x54021122, 0x75222f82, 0x05825502, 0x5602c022, 0xbf220582, 
    0x17825702, 0x58021722, 0x7420f784, 0x6d20f782, 0x7520f782, 0xcc220784, 0x07837600, 0x00710a23, 0x2a0f8477, 0x006c00cf, 0x06ce0603, 0x846d00cc, 
    0x01cb2207, 0x225982aa, 0x82ab01cc, 0x01cb2205, 0x224d82ac, 0x82ad016d, 0x016b2205, 0x221182ae, 0x82af01cf, 0x01ce2205, 0x221182b0, 0x82b1016f, 
    0x01702205, 0x226582b2, 0x82b3010d, 0x0176220b, 0x221d82c0, 0x82c101d0, 0x0171220b, 0x220582b4, 0x82b9016e, 0x01cd2211, 0x222382ba, 0x82bb0111, 
    0x011b2205, 0x220582bc, 0x82bd012d, 0x03172205, 0x221d827a, 0x827b03cc, 0x03cb2205, 0x222f827c, 0x8275036d, 0x036b2205, 0x22118276, 0x827d03cf, 
    0x03ce2205, 0x2211827e, 0x827f036f, 0x03702205, 0x22358280, 0x8281030d, 0x0376220b, 0x221d828e, 0x828f03d0, 0x0371220b, 0x22058282, 0x8283036e, 
    0x03ef2205, 0x22058284, 0x828503f0, 0x03ee2205, 0x22058286, 0x828703f2, 0x03cd2229, 0x223b8288, 0x82890311, 0x031b2205, 0x2205828a, 0x848b032d, 
    0x828c2083, 0x03f32223, 0x2a0b828d, 0x00b50153, 0x066b0a03, 0x84b601ce, 0x01cb2207, 0x230783b7, 0xb8016e0a, 0xcc2a0f84, 0x0300be01, 0xcb06cf06, 
    0x0782bf01, 0x6b0ace24, 0x59820500, 0x0600cc22, 0xcb220582, 0x47820700, 0x04006d22, 0xcf220b82, 0x0b820300, 0x08006b22, 0x70220582, 0x59820900, 
    0x0b003522, 0xce221782, 0x11820c00, 0x0d006f22, 0x76220582, 0x11821500, 0x1600d022, 0x71220b82, 0x23821f00, 0x0e004a22, 0x6e220b82, 0x17821100, 
    0x1200cd22, 0x11221182, 0x11821300, 0x14006c22, 0x2a220b82, 0x17824601, 0x4701cc22, 0xcb220582, 0x17824801, 0x43016d22, 0xcf220b82, 0x0b824201, 
    0x49016b22, 0xce220b82, 0x0b824a01, 0x4b016f22, 0x0d222f82, 0x0b824401, 0x59017922, 0xd0221782, 0x0b825a01, 0x4c017122, 0x6e220582, 0x05824d01, 
    0x4f017622, 0xcd221782, 0x29825001, 0x53011122, 0x6c221182, 0x5f841002, 0x0582fc20, 0x8202cb21, 0x6d0a23c5, 0x0b821a02, 0x8202cf21, 0x6b0a23b9, 
    0x23821602, 0x17027022, 0x34212f82, 0x23958202, 0xfd01ce06, 0x6f221182, 0x05821402, 0x82027621, 0xd00623b9, 0x0b821102, 0x05027122, 0x4b222382, 
    0x05820702, 0x08024c22, 0x4d220582, 0x05820902, 0xfe014e22, 0x48220582, 0x05820002, 0x01024922, 0xf7222982, 0x0b820202, 0x03024a22, 0x6e220b82, 
    0x05820c02, 0x0f02ef22, 0xf1220582, 0x77820a02, 0x1202cd22, 0x11221d82, 0x9b840d02, 0x0b821920, 0xfc022a22, 0xcc211782, 0x23778202, 0xfe02cb06, 
    0x6d221782, 0xa184f902, 0x0b82f820, 0xff026b22, 0xce220b82, 0x0b820003, 0x01036f22, 0x0d222f82, 0x0b82fa02, 0x0f037922, 0xd0221782, 0x0b821003, 
    0x82037121, 0x4b0b23a1, 0x1d821203, 0x13034c22, 0x4d210582, 0x23bf8203, 0x02034e0b, 0x6e221d82, 0x05820303, 0x05037622, 0xcd222f82, 0x1d820603, 
    0x07031122, 0xef221182, 0x0b820803, 0x82035421, 0x6c0a23c5, 0x11820a03, 0x0b03f122, 0xf3210582, 0x23b38203, 0x0d03370b, 0xc0220b82, 0x05820e03, 
    0x1700bf2a, 0x6d0a0300, 0x1800cb06, 0xcc220784, 0x6b431900, 0x841a2006, 0x00cf220f, 0x2007821c, 0x201f826f, 0x2207841d, 0x831e00cc, 0x710a2307, 
    0x07820f00, 0xce066b24, 0x07821000, 0xce066c24, 0x2f845b01, 0x5c01cb22, 0xcc220784, 0x47855d01, 0x845e0121, 0x01cf220f, 0x252f8551, 0x03005201, 
    0x2f82cf06, 0x37865420, 0x0f845520, 0x5601cb22, 0x0a230783, 0x8257016b, 0x06ce2407, 0x845801cc, 0x07cb2107, 0x0521e782, 0x20058495, 0x20058497, 
    0x200584a1, 0x240582a3, 0x05940503, 0x20078694, 0x20078695, 0x20078697, 0x200786a0, 0x850786a1, 0x8695202f, 0x8495202f, 0x05032351, 0x2f850595, 
    0x85059521, 0x0595212f, 0x95212f85, 0x202f8505, 0x202f8697, 0x202f8697, 0x202f8697, 0x202f8697, 0x202f8697, 0x202f8697, 0x202f86a0, 0x202f86a0, 
    0x202f86a0, 0x202f86a0, 0x202f86a0, 0x202f86a0, 0x202f86a1, 0x202f86a1, 0x202f86a1, 0x202f86a1, 0x202f86a1, 0x202f86a1, 0x202f86a3, 0x202f86a3, 
    0x202f86a3, 0x202f86a3, 0x202f86a3, 0x202f82a3, 0x063b4d03, 0x87079421, 0x88952009, 0x88972009, 0x88a02009, 0x88a12009, 0x86a32009, 0x82952009, 
    0x203b856d, 0x876f8295, 0x203b8709, 0x87738295, 0x203b8713, 0x20778895, 0x203b8897, 0x203b8897, 0x85ad8297, 0x88972031, 0x8297203b, 0x871387b1, 
    0x88a02077, 0x88a0203b, 0x88a0203b, 0x88a0203b, 0x88a0203b, 0x88a0203b, 0x88a12077, 0x88a1203b, 0x88a1203b, 0x88a1203b, 0x88a1203b, 0x88a1203b, 
    0x88a3203b, 0x88a3203b, 0x88a3203b, 0x88a3203b, 0x88a3203b, 0x86a3203b, 0x0595223b, 0x833b8694, 0x05674109, 0x2b410983, 0x41098305, 0x09830567, 
    0x83052b41, 0x21ef8509, 0x67410595, 0x87098307, 0x8695203b, 0x87138377, 0x8695203b, 0x87138377, 0x0767413b, 0xb3862f82, 0x77870983, 0x83076741, 
    0x20778713, 0x41b38897, 0x95210767, 0x07674105, 0x3b870983, 0x83076741, 0x413b8713, 0x89820767, 0xa120ef88, 0xa1207788, 0x6741b388, 0x87278307, 
    0x0767413b, 0x41059521, 0x09830767, 0x6741ef87, 0x87138307, 0x076741ef, 0xef851383, 0x7786ed82, 0x3b850983, 0xb3850983, 0x3b850983, 0x77850983, 
    0x3b870983, 0x22076741, 0x86950597, 0x829720b3, 0x423b8709, 0x138307cf, 0x79823b87, 0x00030725, 0x82970504, 0x05474301, 0x77870983, 0x8207cf42, 
    0x061b4207, 0x3b870983, 0x21076741, 0x67410597, 0x87098307, 0x07cf423b, 0xb3871383, 0x8307cf42, 0x42b38713, 0x972107cf, 0x07674105, 0xb3870983, 
    0x83076741, 0x41778713, 0x97200767, 0x83086741, 0x41778709, 0x13830767, 0x67417787, 0x85138307, 0x41b18277, 0x09830667, 0x09833b85, 0x09837785, 
    0x09833b85, 0x09837785, 0x67413b87, 0x41a02007, 0x09830867, 0x67413b87, 0x87138307, 0x0767413b, 0x6741a020, 0x87098308, 0x07674177, 0x77871383, 
    0x0724f182, 0x05040003, 0x77871383, 0x20076741, 0x08cf42a0, 0x77870983, 0x8207cf42, 0x06474307, 0x3b870983, 0x20076741, 0x086741a0, 0x3b870983, 
    0x83076741, 0x41b38713, 0xa0200767, 0x83086741, 0x41b38709, 0x13830767, 0x6741b387, 0x85138307, 0x41758277, 0x09830667, 0x09833b85, 0x09837785, 
    0x09833b85, 0x09837785, 0x67413b87, 0x41a12007, 0x09830867, 0x67413b87, 0x87138307, 0x0767413b, 0x6741a120, 0x87098308, 0x07674177, 0x77871383, 
    0x83076741, 0x41778713, 0xa1200767, 0x83086741, 0x41778709, 0x13830767, 0xf1827787, 0x00030725, 0x82a10504, 0x05474301, 0x77870983, 0x1d885b82, 
    0x1f827787, 0x77871388, 0x22073744, 0x43a305a1, 0x098306bf, 0x9f457787, 0x87138307, 0x44a32077, 0x398206eb, 0x83066741, 0x83778509, 0x833b8509, 
    0x83778509, 0x833b8509, 0x82778509, 0x443b886b, 0x13830737, 0x67413b87, 0x87138307, 0x0767413b, 0x6741a320, 0x87098308, 0x07674177, 0x77871383, 
    0x83076741, 0x41778713, 0xa3200767, 0x83086741, 0x41778709, 0x13830767, 0x67417787, 0x41a32007, 0x09830867, 0x67417787, 0x87138307, 0x07674177, 
    0x3182a320, 0x67417787, 0x41a32007, 0x09830867, 0x67417787, 0x87138307, 0x330b8277, 0x04000000, 0xbc024e05, 0x00000500, 0xcd043305, 0x9a00e7ff, 
    0x002d0783, 0x00cd0277, 0x009f02be, 0x08000200, 0x2a258203, 0xe0040002, 0x52ff0a00, 0x82ffa100, 0x8221200d, 0x52003703, 0x00534d53, 0xff0000a1, 
    0xfec007ff, 0x07000012, 0x00ee01c0, 0x33820100, 0x04000025, 0x82d2055e, 0x00202223, 0x2005820c, 0x83038204, 0x85242043, 0x3a16250b, 0x01000300, 
    0x24200b82, 0x0a2c0782, 0x3a160000, 0x16160400, 0xe0010000, 0x07221482, 0x1982e000, 0x007edd09, 0x014801ac, 0x025402c3, 0x0284027b, 0x03a40290, 
    0x030a0304, 0x030f030c, 0x03150313, 0x0323031b, 0x032c0328, 0x03430338, 0x036f0362, 0x037f0376, 0x038c038a, 0x03d703a1, 0x03f603dd, 0x047904fa, 
    0x05ff049d, 0x1d3f0e2f, 0x1d0d1d00, 0x1d431d1b, 0x1d4d1d49, 0x1d521d50, 0x1d5b1d58, 0x1d9c1d65, 0x1dbb1da0, 0x1de71dd7, 0x1ef51de9, 0x1f0f1f9b, 
    0x1f1d1f15, 0x1f3f1f27, 0x1f4d1f45, 0x1f591f57, 0x1f5d1f5b, 0x1f871f7d, 0x1fb41faf, 0x1fd31fc4, 0x1fef1fdb, 0x20fe1ff4, 0x2027200b, 0x20572055, 
    0x2071205f, 0x209c208e, 0x20b520af, 0x20c020ba, 0x20e820de, 0x210121f0, 0x21062103, 0x21132109, 0x21222117, 0x212b2126, 0x2132212e, 0x214d213b, 
    0x217f215f, 0x21892186, 0x21aa2199, 0x21b521b1, 0x21d021bb, 0x21d421d2, 0x21e521df, 0x22ea21e7, 0x22062202, 0x2212220f, 0x221e221a, 0x2236222b, 
    0x22602248, 0x23982265, 0x23182305, 0x232b2327, 0x23872380, 0x24cf238b, 0x24682423, 0x25ea24cf, 0x25aa25a2, 0x25b725b3, 0x25c125bd, 0x25cb25c7, 
    0x25e625cf, 0x260026ef, 0x263c2606, 0x26652661, 0x27a0266b, 0x27172713, 0x27642756, 0x27ef2788, 0x2a1329fa, 0x2b062b38, 0x2b1c2b13, 0x2c7c2c24, 
    0x2eff2d7f, 0xa79fa618, 0xe02ea9ff, 0xe00be000, 0xe04fe02b, 0xe05ee05c, 0xe080e06a, 0xe091e087, 0xe0a3e096, 0xe0cce0bd, 0xe1f5e0e6, 0xe10ae106, 
    0xe113e10f, 0xe122e118, 0xe12ae124, 0xe13de137, 0xe15ee156, 0xe1c3e163, 0xe2e1e1df, 0xe2c7e274, 0xeedce2d8, 0xee0aee07, 0xee14ee12, 0xee25ee17, 
    0xee47ee45, 0xee84ee71, 0xee9bee8f, 0xeed2ee9c, 0xeedeeed3, 0xfec3f6e1, 0x00ffffff, 0x20340083, 0xae00a000, 0xc5014a01, 0x7e025602, 0x92028602, 
    0x0603a602, 0x080ce141, 0x2c032622, 0x42033703, 0x63034603, 0x7a037403, 0x8c038403, 0xa3038e03, 0xf003dc03, 0xfc03f903, 0xa0048004, 0x2c0ce141, 
    0x1d4d1d47, 0x1d521d4f, 0x1d5b1d56, 0x06e14162, 0xd81dbf38, 0xea1de81d, 0x9d1efc1d, 0x181f101f, 0x281f201f, 0x481f401f, 0xe141501f, 0x5f420806, 
    0x881f801f, 0xb61fb01f, 0xd61fc61f, 0xf21fdd1f, 0x0020f61f, 0x2f201020, 0x5f205720, 0x74207020, 0xa0209020, 0xb820b120, 0xdb20bc20, 0xf020e820, 
    0x03210021, 0x09210521, 0x16211321, 0x26211e21, 0xe1412a21, 0x21503008, 0x21832160, 0x21902189, 0x21b021a9, 0x41ba21b3, 0xde2206e1, 0xe141e421, 
    0x22052406, 0x4111220f, 0x64280ce1, 0x03239522, 0x25231823, 0x3808e141, 0x242324ce, 0x24b62460, 0x25a025ea, 0x25b225aa, 0x25ba25b6, 0x25c425c0, 
    0x08e141ca, 0xe1410520, 0x416a2006, 0x80240ae1, 0xf527ef27, 0x2006e141, 0x14e14112, 0xe0026608, 0xe04be00c, 0xe05de050, 0xe06be06a, 0xe088e081, 
    0xe097e092, 0xe0c8e0a4, 0xe1f3e0dc, 0xe109e106, 0xe111e10c, 0xe121e117, 0xe12ae124, 0xe138e12b, 0xe157e13e, 0xe1c3e163, 0xe1e1e1d2, 0xe27be2e2, 
    0xeed9e2c8, 0xee09ee01, 0xee14ee0c, 0xee1dee17, 0xee47ee26, 0xee72ee48, 0xee90ee87, 0xee9dee9c, 0xeed4eed3, 0x06e141df, 0x94000121, 0x62073700, 
    0x5f07be03, 0x59075e07, 0x0000ad03, 0x41074b07, 0x34071807, 0x2c85cc06, 0x85dbfd21, 0x2f058907, 0xddf6a9ff, 0x3fec4aec, 0xc5e832ec, 0xc1e80000, 
    0xc4200382, 0xc2200382, 0x6e280382, 0x66e86de8, 0x69ec0000, 0x13820382, 0xe5000038, 0xe565e14b, 0xe3000045, 0xe520e2de, 0xe28ee24c, 0x008ce28d, 
    0x2b82e400, 0x879ae421, 0xcee42551, 0xd6e60000, 0xe5230d83, 0x8376e661, 0x2d038b07, 0xcee9b2e9, 0xe0e5b7e5, 0xdbe50000, 0x198317e9, 0xe5cde22b, 
    0xdfbae5bb, 0xe5bae45a, 0x20738267, 0x20198264, 0x22038216, 0x8294e556, 0xe5813005, 0xe51fe51c, 0xe56be525, 0xe54ae563, 0x82ffe348, 0x82f4207b, 
    0xe3eb2c03, 0xe3d9e3e2, 0xe390e38e, 0x836be372, 0x1be42b45, 0x12e40000, 0xb2e3b7e3, 0x7f82afe3, 0x0be3082a, 0x80e29ae2, 0xf5df80e1, 0x03871d83, 
    0x4fe14508, 0x5de1b4df, 0x29e12ae1, 0xcae0ede0, 0x99e3c7e0, 0x00e07de0, 0xd0dffddf, 0xebdfc9df, 0x0000fae1, 0x4dddeadd, 0x11dc2adc, 0x27dc31dc, 
    0x7bd5c6d9, 0x65d7d4dc, 0x5461ba63, 0x2827ba60, 0xde209520, 0x80220000, 0xee2a0382, 0x0625bf24, 0x00001825, 0x03824325, 0x00b32c08, 0x29ee2900, 
    0x29dc29de, 0x29da29db, 0x29cf29d7, 0x26c929ce, 0x26000049, 0x2400006a, 0x25e723b5, 0x2613292f, 0x26fe2504, 0x85ed2502, 0x80142b8b, 0x4e15a914, 
    0xfc166f15, 0x1183fd16, 0x671c2908, 0x661c3e19, 0x651c0d1c, 0x07100000, 0x0100e80a, 0xde010000, 0xb2029a02, 0xd804e603, 0x4006f605, 0x60064c06, 
    0x40078406, 0x03872d83, 0x873c0721, 0x00002709, 0x3a073607, 0x07824407, 0x74074e2e, 0xde07dc07, 0xec07ea07, 0x2009e608, 0x00232189, 0x82d20900, 
    0x86d42003, 0x85d62003, 0x82092019, 0x040a2707, 0x040a0000, 0x1185420b, 0x338c0c20, 0x15820c20, 0x007c0c2f, 0x0cc80c00, 0x0dfe0ce4, 0x0d000008, 
    0x2203822a, 0x83660d38, 0xae0d2f2d, 0xe40db00d, 0x1a0efc0d, 0x260e220e, 0x13832e0e, 0x0e210383, 0x2005842c, 0x8307852a, 0x2403830b, 0x0000280e, 
    0x21a3820e, 0x0d84480e, 0x05835620, 0x1983038d, 0x17891d85, 0x0e3c0e22, 0x37838382, 0x0e201385, 0x290c0341, 0x380e360e, 0x400e3a0e, 0x378f420e, 
    0x058b2d85, 0x8b2a0e21, 0x250b930d, 0x0000140e, 0x19871a0e, 0x0e210d87, 0x8b11874a, 0x21158307, 0x118b520e, 0x0e250b83, 0x0e5c0e50, 0x8709835e, 
    0x5e0e2303, 0x0b87820e, 0x0e000023, 0x080b8588, 0x05d20620, 0x05ae0574, 0x06fe048e, 0x057205b1, 0x057e05ad, 0x05ec057f, 0x05be05d3, 0x05bf0594, 
    0x55180590, 0xc22c1311, 0xcd05c505, 0xce05d105, 0x86057805, 0x730eb571, 0x802a254f, 0x82059305, 0xe805eb05, 0xb96fbb06, 0x1d7f7916, 0x05845d08, 
    0x05850591, 0x05d306d9, 0x05ff0476, 0x058f0501, 0x05920500, 0x05bd06ff, 0x05f905ef, 0x05e705cb, 0x05c106ee, 0x06d705f8, 0x06270626, 0x057803b9, 
    0x06c605fd, 0x052406c8, 0x06cc05fa, 0x069e06a2, 0x007b05a3, 0x00060005, 0x00040007, 0x00080003, 0x004b003d, 0x00610060, 0x00630062, 0x0805796d, 
    0xf708c753, 0x46012d01, 0x48014701, 0x42014301, 0x4401d505, 0xab01aa01, 0xad01ac01, 0xea03da01, 0x10025703, 0x0402fc01, 0x0b021a02, 0x1f021602, 
    0x4a022e02, 0x4c024b02, 0x9b024802, 0x9d029c02, 0x36049502, 0xfc02e702, 0xfe02fd02, 0xf802f902, 0xfa02d605, 0x055b6d03, 0x75350907, 0x2a02cb03, 
    0x0b00c803, 0x0c001302, 0x0d00fd01, 0x4c001402, 0x4d002f02, 0x4e003002, 0x4f003102, 0x56003202, 0xf5083c02, 0x64003702, 0x65004d02, 0x66004e02, 
    0x67004f02, 0x68005002, 0x90005102, 0x91007602, 0x92007702, 0x93007802, 0xa3007902, 0xa9008a02, 0xce008902, 0xcf009702, 0xd0009e02, 0xd1009f02, 
    0xd200a102, 0xff089302, 0x0b01ae02, 0x1001b302, 0x2d09ba02, 0xc9021a01, 0xca021b01, 0xcb021c01, 0xc8020109, 0xc2022101, 0xed022e01, 0xee022f01, 
    0xef023001, 0xe9023701, 0xff024901, 0x00034a01, 0x01034b01, 0x29037601, 0x3d038101, 0x3e038201, 0x3f038301, 0x4b038e01, 0x4c038f01, 0x4d039001, 
    0x4e039101, 0x62039c01, 0x63039d01, 0x61030409, 0x7603ae01, 0x7d03af01, 0x7e03b001, 0x7f03b101, 0x8003b201, 0x8103b301, 0xbc03cc01, 0xcc03db01, 
    0xf101dc01, 0xf201e403, 0xf301e503, 0x6e02e603, 0x46002402, 0x2502f308, 0x38090509, 0x4a005200, 0x5c002d02, 0xf6085500, 0x16093a02, 0xfa087a00, 
    0x8a00f808, 0x8f000205, 0x85020c04, 0xc900d800, 0xb9021701, 0x2e09c302, 0x36010809, 0x7301ec02, 0xfb024501, 0x30090309, 0x2e037b01, 0x99010709, 
    0xf9085603, 0x5b031a09, 0x3609a301, 0xa901a501, 0x08047703, 0xd9010609, 0xf801c903, 0xfb08e003, 0x2009fd08, 0x21052109, 0x37092505, 0x49092709, 
    0x51095009, 0x4f095209, 0x44025e00, 0x23010009, 0x0209b702, 0xf5024001, 0x03020e00, 0xa202d300, 0x02034c01, 0x8203b401, 0x8303b501, 0x8403b601, 
    0x8503b701, 0x8603b801, 0x0f006602, 0x10000c02, 0x3e000f02, 0x8e002002, 0x94007502, 0x11017a02, 0x4d01bb02, 0x4e010303, 0xfc080403, 0xb4021e09, 
    0x5d00f408, 0x95004202, 0xae007b02, 0x31010909, 0x0900f002, 0x3f001702, 0x65012102, 0x11001b03, 0x12000a02, 0x69001202, 0x6a005202, 0xd4005302, 
    0xd500a302, 0x4f01a402, 0x50010503, 0x84010603, 0x85014003, 0xb9014103, 0xba018703, 0x92018803, 0x9e014f03, 0xfe086403, 0xa4002b09, 0x0a098b02, 
    0x0b093b02, 0xf7013a09, 0x1300e103, 0x6b000d02, 0x51015402, 0x52010703, 0x53010803, 0x54010903, 0xdd010a03, 0xc702cd03, 0x5e03ea02, 0x3b09a802, 
    0x2e003c09, 0x2c025100, 0xa6012201, 0xe2034a03, 0x3d090c09, 0xc7014500, 0x79000d09, 0x0c014902, 0x7f01aa02, 0x8c013403, 0xe3013703, 0x1b02ca03, 
    0x13091209, 0x32092602, 0x39023802, 0x1b091709, 0x57041c09, 0x5a045804, 0xa9025904, 0x24097402, 0xc5047d02, 0x86021409, 0x84028302, 0x7c049a02, 
    0xc402af02, 0xc502c602, 0xe1022f09, 0xe002e202, 0xe802eb02, 0x2603f602, 0x31092a03, 0x38033309, 0x39033409, 0x3a033b03, 0x47034603, 0x18094903, 
    0x19092c09, 0x5c036003, 0x47097903, 0xb6034809, 0xd903bb03, 0xe303de03, 0x1f091d09, 0x2a092509, 0x15092909, 0x3e09e706, 0x7e025604, 0xb2024b09, 
    0xde02bf02, 0x26093303, 0x43022809, 0x39094502, 0x5f033509, 0x22097202, 0x40093f09, 0x87022309, 0x0f068802, 0x11065609, 0x57091906, 0x54095509, 
    0x20061e06, 0xbd05bc05, 0xac05ca0a, 0xd10ac90a, 0xcb0ad00a, 0x060acc0a, 0x080a070a, 0xbf06050a, 0xce0ac606, 0xc20ac10a, 0xd20ac30a, 0xcd0acf0a, 
    0xc80ac60a, 0x0f0ac70a, 0x210a0e0a, 0x0c0a090a, 0xc2060b0a, 0xc506c406, 0xc006c906, 0x280aba06, 0xfe09270a, 0x1a061306, 0x290a1f06, 0x240a220a, 
    0x250a260a, 0xc40a230a, 0x100ac50a, 0xb005110a, 0x120a0a0a, 0x140a130a, 0x160a150a, 0x180a170a, 0x0d0a190a, 0x1b0a1a0a, 0x1d0a1c0a, 0x1f0a1e0a, 
    0xcc06200a, 0x6d0acb06, 0xce06cf06, 0x6c0a6f0a, 0x710a6b0a, 0xd106700a, 0x760a750a, 0x010a000a, 0xc2093e01, 0xae09ad09, 0xc805af09, 0xbc060d01, 
    0x2200c706, 0x7c00c705, 0xda00b000, 0xf503e501, 0x21007d04, 0xeb034800, 0x7b00ec03, 0xaf00f901, 0xd900ed03, 0x3c001801, 0x3f012901, 0x6601ee03, 
    0x7c01ef03, 0xa701f003, 0xf103e401, 0xf203d701, 0xdb00f303, 0x3804e601, 0x64045504, 0x99047e04, 0x51043704, 0x53045204, 0x62045404, 0x7b046304, 
    0xaa097c04, 0xab098e04, 0x8f04ac09, 0x90041c03, 0x95049104, 0x97049604, 0xaa049804, 0xac04c603, 0x7f04ad04, 0x1d039a04, 0xae049b04, 0xb209a609, 
    0x0904b309, 0x0b040a04, 0xb409ab04, 0xa509b109, 0xb509b009, 0x3402b609, 0x6f01b502, 0x020ab709, 0x2a015300, 0xa7099404, 0xa909a809, 0x87008600, 
    0x59093504, 0x98012f04, 0xe900e800, 0x28040e01, 0x22042904, 0x39015c09, 0x19046109, 0x0d043000, 0x58094700, 0x85001004, 0x13041104, 0x3a013801, 
    0x17041404, 0xbb002b01, 0x5d097101, 0x5f095e09, 0x1a046009, 0x62091b04, 0x1e041c04, 0x24042304, 0x26042504, 0x2a042704, 0x2c042b04, 0xc6041c02, 
    0xc804c704, 0x6202cb04, 0xce04cc04, 0x8409cf04, 0xd604d104, 0xdb04d904, 0xe0042703, 0x35023103, 0xd403e104, 0xc503e204, 0xe704e504, 0xeb04ea04, 
    0xee04ed04, 0xf304ec04, 0xf504f404, 0x64026302, 0x81098202, 0x5503f804, 0xad02ac02, 0xf104b602, 0x8102f204, 0x85098609, 0xe604d503, 0x87096309, 
    0xf0046409, 0x88096509, 0x89096609, 0x8a096709, 0x8b096809, 0x8c096909, 0x8d096a09, 0x8e096b09, 0x25031804, 0xfd043404, 0x8f096c09, 0x2b036d09, 
    0xa4097f09, 0x540aff09, 0x560a550a, 0x580a570a, 0x530a520a, 0xd0043d01, 0xef048009, 0x2d037a01, 0xc9040e04, 0x83095b09, 0xf6042d04, 0xcd041204, 
    0x90096e09, 0xd3041601, 0xd4041504, 0xd5041501, 0xdc04ab00, 0xdd04ad00, 0xf7042e04, 0xf9043004, 0x91096f09, 0x92097009, 0x93097109, 0x94097209, 
    0xe404d501, 0xfa041d04, 0xe8041f04, 0xe9042004, 0x91022104, 0xfb043104, 0x95097309, 0x75097409, 0x16049609, 0x7609d204, 0xaa00d704, 0xac00de04, 
    0x7709df04, 0x28019709, 0xdd02da04, 0x1d023100, 0x1e023200, 0x22024000, 0x65028800, 0x98093204, 0x99097809, 0x9a097909, 0x9b097a09, 0xfc043304, 
    0x9c093b01, 0x9d093c01, 0x28037201, 0x9e097401, 0x9f097501, 0xa0097b09, 0xd603da03, 0xd703db03, 0xd803dc03, 0xa1097c09, 0x82095a09, 0xa2097d09, 
    0xca040f04, 0xe304d601, 0xa3097e09, 0x0b060906, 0x12060c06, 0x17061406, 0x1c061b06, 0x4a064106, 0x4e064d06, 0x9b0ac309, 0x9d0a9c0a, 0x980a9e0a, 
    0xa00a9f0a, 0xa20aa10a, 0x3c0aa30a, 0xa50aa40a, 0xa70aa60a, 0xa90aa80a, 0xab0aaa0a, 0x3e0a3d0a, 0x400a3f0a, 0xad0aac0a, 0xba0a510a, 0xbc0abb0a, 
    0x1400bd0a, 0x42001902, 0x43002702, 0x44002802, 0x50002902, 0x57003302, 0x58003d02, 0x59003e02, 0x5a003f02, 0x5b004002, 0x6c004102, 0x6d005502, 
    0x6e005602, 0x6f005702, 0x70005802, 0x8b005902, 0x96007102, 0xa5007c02, 0xa6008c02, 0xa7008d02, 0xa2008e02, 0xa8008002, 0xca008f02, 0xc8009802, 
    0x12019602, 0x1301bc02, 0x1401bd02, 0x1d01be02, 0x1e01cc02, 0x1f01cd02, 0x2001ce02, 0x2501cf02, 0x2601e302, 0x2701e402, 0x3201e502, 0x3301f102, 
    0x3401f202, 0x3501f302, 0x5501f402, 0x56010b03, 0x57010c03, 0x58010d03, 0x78010e03, 0x79012f03, 0x86013003, 0x87014203, 0x88014303, 0x89014403, 
    0x93014503, 0x94015003, 0x95015103, 0x96015203, 0x97015303, 0x9f015403, 0xa0016503, 0xa1016603, 0xa2016703, 0xbb016803, 0xbc018903, 0xbd018a03, 
    0xbe018b03, 0xbf018c03, 0xc9018d03, 0xca01b703, 0xcd01b803, 0xce01bd03, 0xcf01be03, 0xd001ba03, 0xd101bf03, 0xd301c003, 0xd401c303, 0xde01c403, 
    0xf401ce03, 0xf501e703, 0xf601e803, 0x9002e903, 0xc1036903, 0x1502cf03, 0x41097002, 0x42099a01, 0x0e021500, 0x11021600, 0x05021700, 0x07021800, 
    0x08021900, 0x09021a00, 0x06021b00, 0xfe011c00, 0x00021d00, 0x01021e00, 0x02021f00, 0xff012000, 0x5a027100, 0x5b027200, 0x5c027300, 0x5d027400, 
    0x5e027500, 0x5f027600, 0x60027700, 0x61027800, 0xa502d600, 0xa602d700, 0x0f035901, 0x10035a01, 0x11035b01, 0x12035c01, 0x13035d01, 0x14035e01, 
    0x15035f01, 0x16036001, 0x17036101, 0x18036201, 0x19036301, 0x1a036401, 0x8e03c001, 0x8f03c101, 0x9003c201, 0x9103c301, 0x9203c401, 0x9303c501, 
    0x9403c601, 0xd003df01, 0xd103e001, 0xd203e101, 0xd303e201, 0x43090e09, 0x44090f09, 0x45091009, 0x3a043904, 0x3c043b04, 0x3e043d04, 0x40043f04, 
    0xc96a1800, 0x28240809, 0x2a002900, 0xb200b100, 0xb400b300, 0xb600b500, 0xb800b700, 0x81048004, 0x83048204, 0x85048404, 0x87048604, 0x080f2577, 
    0x04ea01cc, 0x04b004af, 0x04b204b1, 0x04b404b3, 0x03b604b5, 0x03f703f6, 0x03f903f8, 0x03fb03fa, 0x04fd03fc, 0x04b80941, 0x04b90961, 0x04ba096d, 
    0x03bb0988, 0x04bd0924, 0x04be09a4, 0x00c009b7, 0x00340033, 0x00360035, 0x00380037, 0x043a0039, 0x046f046e, 0x04710470, 0x04730472, 0x00750474, 
    0x00bd00bc, 0x00bf00be, 0x00c100c0, 0x04c300c2, 0x04b904b8, 0x04bb04ba, 0x04bd04bc, 0x03bf04be, 0x040004ff, 0x04020401, 0x04040403, 0x04060405, 
    0x0050044f, 0x002c002b, 0x002f002d, 0x095d0a3b, 0x0a5c0ac1, 0x04670a6a, 0x04770476, 0x04790478, 0x0083007a, 0x00b90084, 0x0ac400ba, 0x0a610a5f, 
    0x04890463, 0x098b048a, 0x048c04bc, 0xf177008d, 0x0ab90806, 0x0a620a60, 0x04a50464, 0x09a704a6, 0x049204bf, 0x04a80493, 0x01eb01a9, 0x01ed01ec, 
    0x0a7d01ee, 0x0a660a65, 0x04c30468, 0x016e01c4, 0x03fe0370, 0x0a0704f4, 0x095e0a69, 0x05fc09fb, 0x05950596, 0x09980597, 0x05fd09fa, 0x05ac05ab, 
    0x05b305b2, 0x05b005af, 0x05b405b1, 0x05ea05e9, 0x099c0599, 0x05c105ef, 0x06ee09c0, 0x06b206d4, 0x05b505b3, 0x05b705b6, 0x05ba05b9, 0x05eb09bb, 
    0x09ca05c9, 0x057505f1, 0x09f0097c, 0x09ed09f3, 0x05ea09ec, 0x056a069b, 0x05830581, 0x057a0579, 0x05730577, 0x059d05fe, 0x09f4099e, 0x09f509f2, 
    0x092e0af6, 0x09f809f7, 0x062206f9, 0x2f641810, 0x0636350c, 0x06380637, 0x06330632, 0x06530615, 0x06570655, 0x065a0658, 0x09ab6418, 0x68066734, 
    0x63066906, 0x39066406, 0x47063d06, 0x4e095006, 0x64184006, 0x8c0808f5, 0x064b0648, 0x052c0a4c, 0x05130511, 0x050c051b, 0x050f0516, 0x05190508, 
    0x0217050b, 0x05050546, 0x0514050a, 0x05090515, 0x050d0510, 0x0512050e, 0x05060507, 0x05180503, 0x051a0504, 0x0a2d0a1d, 0x07970a99, 0x064f074e, 
    0x06b506b6, 0x01f105e2, 0x058a018b, 0x05f405f3, 0x06aa06f2, 0x06b006af, 0x06a106a0, 0x06a506a4, 0x06a706a6, 0x06a906a8, 0x06ac06ab, 0x06ae06ad, 
    0x09e4099d, 0x09e50946, 0x06e906e6, 0x06ee06fb, 0x06f706fc, 0x078b74fe, 0x43072d08, 0x42074607, 0xec030606, 0xd4050206, 0x82078107, 0x83078407, 
    0x36073407, 0x38073507, 0x3f073e07, 0x40074107, 0x1a071607, 0x1c071807, 0x15260384, 0x17071907, 0x03841b07, 0x07254b08, 0x07070627, 0x06ea061f, 
    0x06f806ef, 0x06f206ed, 0x029902fa, 0x02a702a0, 0x03b102ab, 0x053c0336, 0x054005c3, 0x05420541, 0x05ed0544, 0x06fc05fb, 0x06350634, 0x063b063a, 
    0x063e063c, 0x0649063f, 0x0651064f, 0x06650652, 0x51180666, 0x6818136d, 0x460813bf, 0x078607c3, 0x07890787, 0x078b078a, 0x07c2078c, 0x07c407c3, 
    0x07c707c5, 0x07c907c8, 0x00c405ca, 0x02ef010a, 0x03dd0318, 0x07f50a6a, 0x01c600c1, 0x026902a4, 0x026b026a, 0x026d026c, 0x07be066f, 0x07940788, 
    0x18cb07c6, 0x240a9b68, 0x07d207cc, 0x9b6818d3, 0x07d43d08, 0x07f60ad9, 0x07dc07db, 0x07de07dd, 0x07e007df, 0x07e207e1, 0x0b440be3, 0x000c0045, 
    0x4e210082, 0x82048288, 0x8a062102, 0x02870482, 0x08820120, 0x03852020, 0x82d20621, 0x85212007, 0x74052103, 0x22200782, 0x05210385, 0x200782ae, 
    0x21038523, 0x07828e05, 0x03852420, 0x82fe0421, 0x85252007, 0xb1062103, 0x26200782, 0x05210385, 0x20078272, 0x21038527, 0x0782ad05, 0x03822820, 
    0x00002924, 0x07827e05, 0x03852a20, 0x82ec0521, 0x852b2007, 0xd3052103, 0x2c200782, 0x05210385, 0x200782be, 0x2103852d, 0x07829405, 0x03852e20, 
    0x82bf0521, 0x852f2007, 0x90052103, 0x30200782, 0x32200382, 0x1e205382, 0x33200782, 0x35200382, 0xaf830b82, 0x0b823620, 0x0b823920, 0x3a208b83, 
    0x03820b82, 0x82c20521, 0x853b2007, 0xc5052103, 0x3c200782, 0x05210385, 0x200782cd, 0x2103853d, 0x0782d105, 0x03853e20, 0x82ce0521, 0x853f2007, 
    0x78052103, 0x40200782, 0x05210385, 0x20078286, 0x24038641, 0x00000002, 0x83038642, 0x82432013, 0x2003830b, 0x20078249, 0x20038644, 0x20078254, 
    0x20038645, 0x2007825f, 0x20038646, 0x20078289, 0x20038647, 0x2007828d, 0x20038648, 0x830782a1, 0x8303833f, 0x824a20a7, 0x2103820f, 0x07820a01, 
    0x03854b20, 0x820f0121, 0x854c2007, 0x19012103, 0x4d200782, 0x01210385, 0x20078224, 0x2103854e, 0x07822c01, 0x03854f20, 0x82410121, 0x85502007, 
    0x77012103, 0x51200782, 0x01210385, 0x2007827e, 0x25038552, 0x00008001, 0x03855300, 0x8f830120, 0x0382b783, 0x829b0121, 0x85552013, 0xa8012103, 
    0x56200782, 0x01210385, 0x200782c8, 0x21038557, 0x0782cb01, 0x03855820, 0x82d20121, 0x85592007, 0xd8012103, 0x5a200782, 0x01210385, 0x200782f0, 
    0x2003855b, 0x206b8305, 0x820b825c, 0x93052103, 0x5d200782, 0x05210385, 0x20078282, 0x2103855e, 0x0782eb05, 0x03855f20, 0x82e80521, 0x85602007, 
    0xbb062103, 0x61200782, 0x01210385, 0x200782fb, 0x21038562, 0x07822302, 0x03856320, 0x822b0221, 0x85642007, 0x36022103, 0x65200782, 0x02210385, 
    0x20078247, 0x21038566, 0x07826802, 0x03856720, 0x82730221, 0x820f8307, 0x7f022103, 0x69200b82, 0x02210385, 0x20078292, 0x2103856a, 0x0782b002, 
    0x03856b20, 0x82b80221, 0x856c2007, 0xc1022103, 0x6d200782, 0x02210385, 0x200782df, 0x2103856e, 0x0782e602, 0x03856f20, 0x82f70221, 0x85702007, 
    0x2c032103, 0x71200782, 0x03210385, 0x20078232, 0x21038572, 0x07823503, 0x03857320, 0x82480321, 0x85742007, 0x5a032103, 0x75200782, 0x03200385, 
    0x76201383, 0x03820b82, 0x82b50321, 0x85772007, 0xb9032103, 0x78200782, 0x03210385, 0x200782c2, 0x21038579, 0x0782c703, 0x03857a20, 0x9b830320, 
    0x0b827b20, 0x05210382, 0x20078284, 0x2103857c, 0x07829105, 0x03857d20, 0x82850521, 0x857e2007, 0xd9052103, 0xa0200782, 0x06210385, 0x200782d3, 
    0x200385a1, 0x217b8205, 0x0b82a200, 0x04210382, 0x200782ff, 0x210385a3, 0x07820105, 0x0385a420, 0x828f0521, 0x85a52007, 0x82052003, 0xa6002106, 
    0x03820482, 0x82920521, 0x85a72007, 0x83052003, 0x82a8203b, 0x2103820b, 0x0782bd06, 0x0385a920, 0x82ef0521, 0x85aa2007, 0xf9052103, 0xab200782, 
    0x05210385, 0x200782cb, 0x210385ac, 0x0782e705, 0x0385ae20, 0x82ee0521, 0x85af2007, 0xc1062103, 0xb0200782, 0x05210385, 0x200782f8, 0x210385b1, 
    0x0782d705, 0x0382b220, 0x0000b324, 0x07822606, 0x0385b420, 0x82b90621, 0x85b52007, 0x78032103, 0xb6200782, 0x05210385, 0x200782fd, 0x210385b7, 
    0x0782c605, 0x0385b820, 0x82c80621, 0x82338307, 0x24062103, 0xba200b82, 0x05210385, 0x200782fa, 0x210385bb, 0x0782cc05, 0x0385bc20, 0x82a20621, 
    0x82db8307, 0x9e062103, 0xbe200b82, 0x06210385, 0x200782a3, 0x210385bf, 0x07827b05, 0x0382c020, 0x0382c220, 0x03820520, 0x0386c320, 0x07820420, 
    0x0386c420, 0x07820320, 0x0386c520, 0x07820820, 0x0386c620, 0x07823d20, 0x0386c720, 0x07824b20, 0xcb209f83, 0x20052743, 0x20878300, 0x830b82ce, 
    0x82cf200f, 0x83038307, 0x82d0202b, 0x2103820b, 0x0782f708, 0x0385d120, 0x822d0121, 0x82d22007, 0x00d42403, 0x82460100, 0x85d52007, 0x43012103, 
    0xd6200782, 0x01210385, 0x20078242, 0x210385d7, 0x0782d505, 0x0385d820, 0x82440121, 0x82d92007, 0x82dc2003, 0x82aa203b, 0x85dd2007, 0xda012103, 
    0xde200782, 0x03210385, 0x200782ea, 0x210385df, 0x07825703, 0x0385e020, 0x82100221, 0x85e12007, 0xfc012103, 0xe2200782, 0x02210385, 0x20078204, 
    0x210385e3, 0x07821a02, 0x0385e420, 0x820b0221, 0x85e52007, 0x16022103, 0xe6200782, 0x02210385, 0x2007821f, 0x210385e7, 0x07822e02, 0x0382e820, 
    0x0000ea24, 0x07824a02, 0x0385eb20, 0x82480221, 0x82ec2007, 0x82ee2003, 0x829b2017, 0x85ef2007, 0x95022103, 0xf0200782, 0x04210385, 0x20078236, 
    0x200385f1, 0x204f8302, 0x200b82f2, 0x832f82f4, 0x82f5209b, 0x2103820b, 0x0782f902, 0x0385f620, 0x82f80221, 0x85f72007, 0xd6052103, 0x0f830782, 
    0x02210382, 0x830b82fa, 0x00fb2427, 0x827a0300, 0x823f830b, 0x75032103, 0xfd200b82, 0x03210385, 0x200782cb, 0x210385fe, 0x07822a02, 0x0385ff20, 
    0x00c80324, 0x0a820100, 0x00200383, 0x0120ef82, 0x03830882, 0x82130221, 0x85022017, 0x0c002103, 0x03200782, 0xfd200386, 0x04200782, 0x00210385, 
    0x2007820d, 0x21038505, 0x07821402, 0x03850620, 0x824c0021, 0x85072007, 0x2f022103, 0x08200782, 0x00210385, 0x2007824d, 0x21038509, 0x07823002, 
    0x03850a20, 0x824e0021, 0x850b2007, 0x31022103, 0x6f830782, 0x00210382, 0x830b824f, 0x21038263, 0x0b823202, 0x03850e20, 0x82560021, 0x850f2007, 
    0x3c022103, 0x10200782, 0x08210385, 0x200782f5, 0x21038511, 0x07823702, 0x03851220, 0x82640021, 0x85132007, 0x4d022103, 0xab830782, 0x00210382, 
    0x200b8265, 0x20038515, 0x20838302, 0x820b8216, 0x66002103, 0x17200782, 0x02210385, 0x2007824f, 0x21038518, 0x07826700, 0x03851920, 0x82500221, 
    0x851a2007, 0x68002103, 0x1b200782, 0x02210385, 0x20078251, 0x2103851c, 0x07829000, 0x03851d20, 0x82760221, 0x851e2007, 0x91002103, 0x1f200782, 
    0x02210385, 0x20078277, 0x21038520, 0x07829200, 0x03852120, 0x82780221, 0x85222007, 0x93002103, 0x23200782, 0x02210385, 0x20078279, 0x21038524, 
    0x0782a300, 0x03852520, 0x828a0221, 0x85262007, 0xa9002103, 0x27200782, 0x02210385, 0x20078289, 0x21038528, 0x0782ce00, 0x03852920, 0x82970221, 
    0x852a2007, 0xcf002103, 0x2b200782, 0x02210385, 0x2007829e, 0x2103852c, 0x0782d000, 0x03852d20, 0x829f0221, 0x852e2007, 0xd1002103, 0x2f200782, 
    0x02210385, 0x200782a1, 0x21038530, 0x0782d200, 0x03853120, 0xb3830220, 0x0b823220, 0x08210382, 0x200782ff, 0x21038533, 0x0782ae02, 0x03863420, 
    0x07820b20, 0x03853520, 0x82b30221, 0x86362007, 0x82102003, 0x85372007, 0xba022103, 0x38200782, 0x09210385, 0x2007822d, 0x20038639, 0x2007821a, 
    0x2103853a, 0x0782c902, 0x03863b20, 0x07821b20, 0x03853c20, 0x82ca0221, 0x863d2007, 0x821c2003, 0x853e2007, 0xcb022103, 0x3f200782, 0x09210385, 
    0x20078201, 0x21038540, 0x0782c802, 0x03864120, 0x07822120, 0x03854220, 0x82c20221, 0x86432007, 0x822e2003, 0x85442007, 0xed022103, 0x45200782, 
    0x2f200386, 0x46200782, 0x02210385, 0x200782ee, 0x20038647, 0x20078230, 0x21038548, 0x0782ef02, 0x03864a20, 0x4b20df83, 0x03820b82, 0x82e90221, 
    0x864c2007, 0x82492003, 0x854d2007, 0xff022103, 0x4e200782, 0x37830386, 0x0b824f20, 0x03210382, 0x20078200, 0x20038650, 0x2007824b, 0x21038551, 
    0x07820103, 0x03865220, 0x07827620, 0x03855320, 0x82290321, 0x86542007, 0x82812003, 0x85552007, 0x3d032103, 0x56200782, 0x82200386, 0x57200782, 
    0x03210385, 0x2007823e, 0x20038658, 0x20078283, 0x21038559, 0x07823f03, 0x03865a20, 0x07828e20, 0x03855b20, 0x83830320, 0x0b825c20, 0x8f200383, 
    0x5d200782, 0x03210385, 0x2007824c, 0x2003865e, 0x20078290, 0x2103855f, 0x07824d03, 0x03866020, 0x07829120, 0x03856120, 0x824e0321, 0x86622007, 
    0x829c2003, 0x85632007, 0x83032003, 0x82642013, 0x2003830b, 0x2007829d, 0x20038565, 0x201f8303, 0x820b8266, 0x04092503, 0x67010000, 0x03210385, 
    0x20078261, 0x20038668, 0x200782ae, 0x21038569, 0x07827603, 0x03866a20, 0x0782af20, 0x03856b20, 0x827d0321, 0x866c2007, 0x82b02003, 0x856d2007, 
    0x7e032103, 0x6e200782, 0xb1200386, 0x6f200782, 0x03210385, 0x2007827f, 0x20038670, 0x200782b2, 0x25038571, 0x00008003, 0x03867201, 0x0782b320, 
    0x03857320, 0x82810321, 0x86742007, 0x82cc2003, 0x85752007, 0xbc032103, 0x76200782, 0xdb200386, 0x77200782, 0x03200385, 0x78202383, 0x03830b82, 
    0x0782dc20, 0x03867920, 0x0782f120, 0x03857a20, 0x82e40321, 0x867b2007, 0x82f22003, 0x857c2007, 0xe5032103, 0x7d200782, 0xf3200386, 0x7e200782, 
    0x03210385, 0x200782e6, 0x2003857f, 0x83d38302, 0x210382ab, 0x13822402, 0x03829f83, 0x82460021, 0x8582200b, 0x83082003, 0x8283203b, 0x2103820b, 
    0x07822502, 0x03858420, 0x82050921, 0x85852007, 0x38092103, 0x86200782, 0x00210385, 0x20078252, 0x21038587, 0x07824a00, 0x03858820, 0x822d0221, 
    0x85892007, 0x5c002103, 0x8a200782, 0x00210385, 0x20078255, 0x2103858b, 0x0782f608, 0x03858c20, 0x823a0221, 0x858d2007, 0x16092103, 0x8e200782, 
    0x00200385, 0x8f20f783, 0x03820b82, 0x82fa0821, 0x85902007, 0xf8082103, 0x91200782, 0x00200385, 0x92205b83, 0x03820b82, 0x82020521, 0x85932007, 
    0x82002003, 0x94012133, 0x03820b82, 0x820c0421, 0x85952007, 0x85022103, 0x96200782, 0x00210385, 0x200782d8, 0x21038597, 0x0782c900, 0x03869820, 
    0x07821720, 0x03859920, 0x82b90221, 0x859a2007, 0xc3022103, 0x9b200782, 0x09210385, 0x2007822e, 0x2103859c, 0x07820809, 0x03869d20, 0x07823620, 
    0x03859e20, 0x82ec0221, 0x869f2007, 0x82732003, 0x86a02007, 0x82452003, 0x85a12007, 0xfb022103, 0xa2200782, 0x09210385, 0x20078203, 0x210385a3, 
    0x07823009, 0x0386a420, 0x07827b20, 0x0385a520, 0x77830320, 0x0b82a620, 0x09210382, 0x20078207, 0x200386a7, 0x20078299, 0x210385a8, 0x07825603, 
    0x0385a920, 0x82f90821, 0x85aa2007, 0x1a092103, 0xab200782, 0x03210385, 0x2007825b, 0x830386ac, 0x82ad2073, 0x2003820b, 0x20bf8309, 0x830b82ae, 
    0x82a52003, 0x86af2007, 0x82a92003, 0x85b02007, 0x77032103, 0xb1200782, 0x04200385, 0xb220fb83, 0x03820b82, 0x00060925, 0x86b30100, 0x82d92003, 
    0x85b42007, 0xc9032103, 0xb5200782, 0xf8200386, 0xb6200782, 0x03210385, 0x200782e0, 0x210385b7, 0x0782fb08, 0x0385b820, 0x82fd0821, 0x82b92007, 
    0x00ba2403, 0x82200900, 0x85bb2007, 0x21052103, 0xbc200782, 0x05210385, 0x20078225, 0x210385bd, 0x07823709, 0x0385be20, 0x82270921, 0x85bf2007, 
    0x49092103, 0xc0200782, 0xc2200382, 0x50204782, 0xc3200782, 0x09210385, 0x2007824f, 0x210385c5, 0x07825e00, 0x0385c620, 0x82440221, 0x85c72007, 
    0x00092103, 0xc8200782, 0x23200386, 0xc3830782, 0x02200382, 0xca20af83, 0x03820f82, 0x82020921, 0x86cb2007, 0x82402003, 0x85cc2007, 0xf5022103, 
    0xcd200782, 0x00210385, 0x2007820e, 0x210385ce, 0x07820302, 0x0385cf20, 0x82d30021, 0x85d02007, 0xa2022103, 0xd1200782, 0x4c200386, 0xd2200782, 
    0x03200385, 0xd3205f83, 0x03830b82, 0x0782b420, 0x0385d420, 0x82820321, 0x86d52007, 0x82b52003, 0x85d62007, 0x83032103, 0xd7200782, 0xb6200386, 
    0xd8200782, 0x03210385, 0x20078284, 0x200386d9, 0x200782b7, 0x210385da, 0x07828503, 0x0386db20, 0x0782b820, 0x0385dc20, 0x82860321, 0x85dd2007, 
    0x66022103, 0xde200782, 0x00210385, 0x2007820f, 0x210385df, 0x07820c02, 0x0385e020, 0x82100021, 0x85e12007, 0x83022003, 0x82e22023, 0x2103820b, 
    0x07823e00, 0x0385e320, 0x82200221, 0x85e42007, 0x8e002103, 0xe5200782, 0x02210385, 0x20078275, 0x210385e6, 0x07829400, 0x0385e720, 0x827a0221, 
    0x86e82007, 0x82112003, 0x85e92007, 0xbb022103, 0xea200782, 0x4d200386, 0xeb200782, 0x03210385, 0x20078203, 0x200386ec, 0x2007824e, 0x250385ed, 
    0x00000403, 0x0385ee01, 0x82fc0821, 0x85ef2007, 0x1e092103, 0xf0200782, 0x02210385, 0x200782b4, 0x210385f1, 0x0782f408, 0x0385f220, 0x825d0021, 
    0x85f32007, 0x42022103, 0x1b830782, 0x00210382, 0x200b8295, 0x210385f5, 0x07827b02, 0x0385f620, 0x82ae0021, 0x85f72007, 0x09092103, 0xf8200782, 
    0x31200386, 0xf9200782, 0x02210385, 0x200782f0, 0x200385fa, 0x20238300, 0x820b82fb, 0x17022103, 0x9f830782, 0x00210382, 0x200b823f, 0x210385fd, 
    0x07822102, 0x0386fe20, 0x07826520, 0x0385ff20, 0x001b0325, 0x85000200, 0x11002103, 0x01200782, 0x0a240386, 0x02020000, 0x00210385, 0x20078212, 
    0x83038603, 0x8204200b, 0x2103820b, 0x07826900, 0x03860520, 0x07825220, 0x03850620, 0x826a0021, 0x86072007, 0x82532003, 0x85082007, 0xd4002103, 
    0xab820782, 0x03830220, 0x0b82a320, 0x03850a20, 0x82d50021, 0x860b2007, 0x82a42003, 0x850c2007, 0x4f012103, 0x0d200782, 0x03210385, 0x20078205, 
    0x2103850e, 0x07825001, 0x03850f20, 0x73830320, 0x0b821020, 0x01210382, 0x83078284, 0x210382c3, 0x0b824003, 0x03851220, 0x82850121, 0x85132007, 
    0x41032103, 0x14200782, 0x01210385, 0x200782b9, 0x21038515, 0x07828703, 0x03851620, 0x82ba0121, 0x85172007, 0x88032103, 0x18200782, 0x01210385, 
    0x20078292, 0x20038519, 0x209b8303, 0x820b821a, 0x9e012103, 0x1b200782, 0x03210385, 0x20078264, 0x2103851c, 0x0782fe08, 0x03851d20, 0x822b0921, 
    0x851e2007, 0x83002003, 0x821f20e3, 0x2003830b, 0x2007828b, 0x25038520, 0x00000a09, 0x03862102, 0x07823b20, 0x03852220, 0x820b0921, 0x85232007, 
    0x3a092103, 0x24200782, 0x01210385, 0x200782f7, 0x21038525, 0x0782e103, 0x03852620, 0xeb830020, 0x0b822720, 0x0d200383, 0x28200782, 0x00210385, 
    0x2007826b, 0x20038629, 0x20078254, 0x2103852a, 0x07825101, 0x03852b20, 0x82070321, 0x852c2007, 0x52012103, 0x2d200782, 0x03250385, 0x02000008, 
    0x2103852e, 0x07825301, 0x03852f20, 0x82090321, 0x85302007, 0x83012003, 0x82312053, 0x2103820b, 0xd7820a03, 0x03853220, 0x82dd0121, 0x85332007, 
    0xcd032103, 0x34200782, 0xc7200386, 0x35200782, 0xea200386, 0x36200782, 0x03210385, 0x2007825e, 0x20038637, 0x200782a8, 0x24038238, 0x09000039, 
    0x2007823b, 0x2003853a, 0x838b8300, 0x2103820f, 0x13825100, 0x03863c20, 0x07822c20, 0x03853d20, 0x82220121, 0x853e2007, 0xa6012103, 0x3f200782, 
    0x03210385, 0x2007824a, 0x21038540, 0x0782e203, 0x03854120, 0x820c0921, 0x85422007, 0x3d092103, 0x43200782, 0x00210385, 0x20078245, 0x20038544, 
    0x83b38301, 0x2103820f, 0x13820d09, 0x03854620, 0x82790021, 0x86472007, 0x82492003, 0x85482007, 0x83012003, 0x830f8353, 0x82aa2003, 0x854a2013, 
    0x7f012103, 0x4b200782, 0x03210385, 0x20078234, 0x2103854c, 0x07828c01, 0x03854d20, 0x82370321, 0x854e2007, 0xe3012103, 0x4f200782, 0x03210385, 
    0x200782ca, 0x20038650, 0x8307821b, 0x005224ff, 0x82120900, 0x8653200b, 0x82262003, 0x85542007, 0x32092103, 0x56200782, 0x57200382, 0x20064b41, 
    0x82078258, 0x17092103, 0x59200782, 0x5a230382, 0x83090000, 0x825b2047, 0x005c230b, 0x27830400, 0x0b825d20, 0x04200382, 0x02211b82, 0x820b825e, 
    0x59042103, 0x5f200782, 0xa9200386, 0x60200782, 0x74200386, 0x61200782, 0x09210385, 0x20078224, 0x20038662, 0x2007827d, 0x21038563, 0x0782c504, 
    0x03856420, 0x82140921, 0x86652007, 0x82862003, 0x82662007, 0x82672003, 0x82832003, 0x86682003, 0x829a2003, 0x85692007, 0x7c042103, 0x6a200782, 
    0xaf200386, 0x6b200782, 0xc4200386, 0x6c200782, 0xc6200386, 0x6d200782, 0x6b830386, 0x0b826e20, 0x09210382, 0x2007822f, 0x2003826f, 0x20038270, 
    0x200382e1, 0x20038671, 0x200782e0, 0x20038672, 0x200782eb, 0x20038673, 0x830782e8, 0x200383cf, 0x200b82f6, 0x21038575, 0x07822603, 0x03857620, 
    0x822a0321, 0x85772007, 0x31092103, 0x78200782, 0x09210385, 0x20078233, 0x21038579, 0x07823803, 0x03857a20, 0x82340921, 0x857b2007, 0x39032103, 
    0x7e200782, 0x03210385, 0x2007823b, 0x2103857f, 0x07823a03, 0x03828020, 0x00008124, 0x07824603, 0x03858220, 0x41490321, 0x83240617, 0x18090000, 
    0x84200b82, 0x09210385, 0x2007822c, 0x21038586, 0x07821909, 0x03858720, 0x82600321, 0x85882007, 0x5c032103, 0x89200782, 0x03210385, 0x20078279, 
    0x2003828a, 0x2047828b, 0x20078247, 0x2103858c, 0x0782b603, 0x03858d20, 0x82bb0321, 0x858e2007, 0xd9032103, 0x8f200782, 0x03210385, 0x200782de, 
    0x21038590, 0x0782e303, 0x03859220, 0x821d0921, 0x85932007, 0x1f092103, 0x94200782, 0x09210385, 0x20078225, 0x21038595, 0x07822a09, 0x03859620, 
    0x82290921, 0x85972007, 0x15092103, 0x98200782, 0x06210385, 0x200782e7, 0x21038599, 0x07823e09, 0x03859a20, 0x82560421, 0x869b2007, 0x827e2003, 
    0x859c2007, 0x4b092103, 0x9d200782, 0xb2200386, 0x9e200782, 0xbf200386, 0x9f200782, 0xb3830386, 0x0b82a020, 0x03210382, 0x20078233, 0x210385a1, 
    0x07822609, 0x0385a220, 0x82280921, 0x86a32007, 0x82432003, 0x86a42007, 0x82452003, 0x85a62007, 0x39092103, 0xa7200782, 0x09210385, 0x20078235, 
    0x210385a8, 0x07825f03, 0x0386a920, 0x07827220, 0x0385aa20, 0x82220921, 0x82ab2007, 0x00ac2403, 0x823f0900, 0x85ad2007, 0x23092103, 0xae200782, 
    0xaf200382, 0x2105a741, 0x0782b002, 0x06210382, 0x2007820f, 0x200385b1, 0x20ef8309, 0x820b82b2, 0x11062103, 0xb3200782, 0x06210385, 0x20078219, 
    0x210385b4, 0x07825709, 0x0385b520, 0x82550921, 0x85b62007, 0x54092103, 0xb7200782, 0x06210385, 0x2007821e, 0x210385b8, 0x07822006, 0x0382b920, 
    0x0000ba24, 0x0782bc05, 0x0385bb20, 0x82ca0a21, 0x820f8307, 0xac052103, 0xbd200b82, 0x0a210385, 0x200782c9, 0x210385be, 0x0782d10a, 0x0385bf20, 
    0x82d00a21, 0x82c02007, 0x00c12403, 0x82cb0a00, 0x82c22007, 0x82c42003, 0x8206200b, 0x85c52007, 0x050a2103, 0xc6200782, 0x06200385, 0xc7203783, 
    0x03820b82, 0x13830620, 0x0b82c820, 0x0a210382, 0x200782ce, 0x200382c9, 0x823b82cb, 0xcc02214b, 0x03820b82, 0x82d20a21, 0x85cd2007, 0xcf0a2103, 
    0xce200782, 0x0a210385, 0x200782cd, 0x200385cf, 0x2047830a, 0x820b82d0, 0x820a2003, 0x8302204b, 0x2003829f, 0x2163820a, 0x1782d202, 0x0a210382, 
    0x2007820f, 0x210385d3, 0x07820e0a, 0x0385d420, 0x82210a21, 0x85d52007, 0x090a2103, 0xd6200782, 0x0a210385, 0x2007820c, 0x210385d7, 0x07820b0a, 
    0x0385d820, 0xdf830620, 0x0b82d920, 0x0000da24, 0x0782c406, 0x0385db20, 0x82c90621, 0x85dc2007, 0xc0062103, 0xdd200782, 0x06210385, 0x200782ba, 
    0x210385de, 0x0782280a, 0x0385df20, 0x82270a21, 0x85e02007, 0xfe092103, 0x20068344, 0x205382e1, 0x200b8213, 0x210385e2, 0x07821a06, 0x0385e320, 
    0x821f0621, 0x85e42007, 0x290a2103, 0xe5200782, 0x0a210385, 0x20078222, 0x210385e6, 0x0782240a, 0x0385e720, 0x82260a21, 0x85e82007, 0x250a2103, 
    0xe9200782, 0x0a210385, 0x20078223, 0x230382ea, 0x0a0000eb, 0xec20bf83, 0xed200b82, 0x10200b82, 0xee200782, 0x05210385, 0x200782b0, 0x250385ef, 
    0x00000a0a, 0x0382f002, 0x2382f720, 0x07821220, 0x0385f820, 0x820d0a21, 0x82f92007, 0x82ff2003, 0x24a78217, 0x00000003, 0x21038203, 0x0782cc06, 
    0x03850120, 0x82cb0621, 0x85022007, 0x6d0a2103, 0x03200782, 0x06210385, 0x200782cf, 0x21038504, 0x0782ce06, 0x03850620, 0x826f0a21, 0x85072007, 
    0x6c0a2103, 0x08200782, 0x0a210385, 0x2007826b, 0x21038509, 0x0782710a, 0x03850a20, 0x82700a21, 0x850c2007, 0x6e0a2103, 0x0f200782, 0x06210385, 
    0x200782cd, 0x21038513, 0x0782720a, 0x03851520, 0x82730a21, 0x851b2007, 0x740a2103, 0x23200782, 0x06210385, 0x200782d0, 0x21038526, 0x0782d106, 
    0x03822720, 0x00002824, 0x0782750a, 0x03852c20, 0x82770a21, 0x82372007, 0x82382003, 0x82782017, 0x82422007, 0x82432003, 0x825a200b, 0x82462007, 
    0x82622003, 0x827a200b, 0x82632007, 0x21c78203, 0x07822f0a, 0x75206383, 0x00201782, 0x76200b82, 0x01210385, 0x8307823e, 0x21038227, 0x0b82c209, 
    0x03827b20, 0x00007d24, 0x0782ad09, 0x03857e20, 0x82c80521, 0x857f2007, 0x0d012103, 0x84200782, 0x06210385, 0x200782bc, 0x21038585, 0x0782c706, 
    0x03858620, 0x82220021, 0x85872007, 0x83052003, 0x82882017, 0x2103820b, 0x07827c00, 0x03858920, 0x82b00021, 0x858a2007, 0xda002103, 0x8c200782, 
    0x01210385, 0x20078267, 0x2103858e, 0x0782e501, 0x03868f20, 0x0782f520, 0x03859020, 0x827d0421, 0x85912007, 0x21002103, 0x92200782, 0x00210385, 
    0x20078248, 0x20038293, 0x20038294, 0x200382eb, 0x20038595, 0x20d38300, 0x820b8296, 0xf9012103, 0x97200782, 0x00210385, 0x200782af, 0x20038698, 
    0x200782ed, 0x21038599, 0x0782d900, 0x03859a20, 0x82180121, 0x859b2007, 0x3c002103, 0x9c200782, 0x01210385, 0x20078229, 0x2103859d, 0x07823f01, 
    0x03869e20, 0x0782ee20, 0x03859f20, 0x82660121, 0x86a02007, 0x82ef2003, 0x85a12007, 0x7c012103, 0xa3200782, 0xf0200386, 0xa4200782, 0x01210385, 
    0x200782a7, 0x210385a5, 0x0782e401, 0x0386a620, 0x0782f120, 0x0385a720, 0x82d70121, 0x82a82007, 0x82a92003, 0x82f22003, 0x85aa2003, 0xdb002103, 
    0xab200782, 0x01210385, 0x200782e6, 0x210385ac, 0x07823804, 0x0385ad20, 0x82550421, 0x85ae2007, 0x64042103, 0xaf200782, 0x04210385, 0x2007827e, 
    0x210385b0, 0x07829904, 0x0385b120, 0x82370421, 0x82b22007, 0x00b52403, 0x82510400, 0x82b62007, 0x82b72003, 0x8262200b, 0x82b82007, 0x82b92003, 
    0x827b200b, 0x85ba2007, 0x83092003, 0x82bb208b, 0x2103820b, 0x07828e04, 0x0382bc20, 0x0000bd23, 0x20978309, 0x820b82be, 0x8f042103, 0xbf200782, 
    0x1c200386, 0xc0200782, 0xc1200382, 0x90204782, 0xc2200782, 0xc5200382, 0x95200b82, 0xc6200782, 0x04200385, 0xc7205383, 0x03830b82, 0xc8201383, 
    0xc9200b82, 0xac202382, 0xca200782, 0x04210385, 0x2007827f, 0x210385cb, 0x07829a04, 0x0386cc20, 0x07821d20, 0x0385cd20, 0x829b0421, 0x85ce2007, 
    0xae042103, 0xcf200782, 0x09210385, 0x200782a6, 0x200382d0, 0x83a782d1, 0x82d220eb, 0x82d4200b, 0x8209205f, 0x85d52007, 0x83042003, 0x82d620bf, 
    0x2103820b, 0x0782b409, 0x0385d720, 0x82b10921, 0x85dc2007, 0xa5092103, 0xdd200782, 0x09210385, 0x200782b0, 0x200382f0, 0x205382f1, 0x06a741b5, 
    0x4b4cf220, 0xf3032105, 0x03820f82, 0x17830220, 0x0b82f420, 0x01210382, 0x2007826f, 0x210385f5, 0x0782b709, 0x0385f620, 0x82020a21, 0x85f92007, 
    0x53002103, 0xfa200782, 0x01210385, 0x2007822a, 0x210385fc, 0x07829404, 0x0382fd20, 0x6b82ff20, 0xb782a720, 0x03820020, 0x04820120, 0x07828620, 
    0x03860220, 0x07823520, 0x03850320, 0x82590921, 0x86042007, 0x822f2003, 0x85052007, 0x98012103, 0x06200782, 0x07240382, 0xe8000000, 0x08200782, 
    0x01210385, 0x050b410e, 0x820a0421, 0x82282007, 0x860b2003, 0x82222003, 0x850c2007, 0x5c092103, 0x0d200782, 0x01210385, 0x20078239, 0x2103850e, 
    0x07826109, 0x03860f20, 0x07821920, 0x03851020, 0x82300021, 0x86112007, 0x820d2003, 0x85122007, 0x47002103, 0x13200782, 0x09210385, 0x20078258, 
    0x24038614, 0x04000010, 0x21038515, 0x07828500, 0x03861620, 0x07821120, 0x03861720, 0x07821320, 0x03851820, 0x82380121, 0x826f8307, 0x3a012103, 
    0x1a200b82, 0x14200386, 0x1b200782, 0x37830386, 0x0b821c20, 0x01210382, 0x2007822b, 0x2103851d, 0x0782bb00, 0x03851e20, 0x82710121, 0x821f2007, 
    0x21eb8203, 0x07825d09, 0x03822320, 0x4b862420, 0x07822520, 0x09210382, 0x20078262, 0x20038626, 0x2007821c, 0x20038627, 0x062f411e, 0x37862c20, 
    0x07822d20, 0x03822f20, 0x03822a20, 0x0382ff83, 0x821c0221, 0x8231200b, 0x82332003, 0x82c62003, 0x86342003, 0x82cb2003, 0x85352007, 0x83022003, 
    0x8236205f, 0x2003830b, 0x200782cc, 0x20038237, 0x20038238, 0x200382ce, 0x21038539, 0x07828409, 0x03863a20, 0x0782d120, 0x03863b20, 0x0782d620, 
    0x03863c20, 0x0782d920, 0x03863d20, 0x0782db20, 0x03853e20, 0xaf830320, 0x0b823f20, 0xe0200383, 0x40200782, 0x03210385, 0x20078231, 0x21038541, 
    0x07823502, 0x03864220, 0x0782e120, 0x03854320, 0x82d40321, 0x86442007, 0x82e22003, 0x85452007, 0xc5032103, 0x46200782, 0xe5200386, 0x47200782, 
    0xe7200386, 0x48200782, 0x49200382, 0xea200382, 0x4a200382, 0x4b200382, 0xed200382, 0x4c200382, 0xec200386, 0x4d200782, 0x4f200382, 0xf3200382, 
    0x50200382, 0x51200382, 0x20069b4d, 0x820b8252, 0x82022103, 0x53200782, 0x09210385, 0x20078281, 0x20038654, 0x200782f8, 0x20038555, 0x20078303, 
    0x200b8256, 0x203b8257, 0x200782ac, 0x21038558, 0x0782b602, 0x03825920, 0x03825a20, 0x0382f120, 0x03855b20, 0x47830220, 0x0b825c20, 0x09210382, 
    0x20078286, 0x2103855d, 0x07828509, 0x03855e20, 0x82d50321, 0x865f2007, 0x82e62003, 0x85602007, 0x63092103, 0x61200782, 0x09210385, 0x051f4587, 
    0x00620425, 0x82640900, 0x8663200b, 0x82f02003, 0x820f8307, 0x65092103, 0x03860b82, 0x82880921, 0x8566200b, 0x83092003, 0x82672007, 0x2103820b, 
    0x07828909, 0x03856820, 0x0f820920, 0x82690421, 0x2103820b, 0x07828a09, 0x03856a20, 0x82680921, 0x856b2007, 0x8b092103, 0x6c200782, 0x09210385, 
    0x20078269, 0x2103856d, 0x07828c09, 0x03856e20, 0x826a0921, 0x856f2007, 0x8d092103, 0x70200782, 0x09210385, 0x2007826b, 0x21038571, 0x07828e09, 
    0x03867220, 0x07821820, 0x03857320, 0x82250321, 0x86742007, 0x82342003, 0x86752007, 0x82fd2003, 0x85762007, 0x6c092103, 0x77200782, 0x09210385, 
    0x2007828f, 0x21038578, 0x07826d09, 0x03857920, 0x822b0321, 0x85802007, 0x7f092103, 0x81200782, 0x09210385, 0x200782a4, 0x21038582, 0x0782ff09, 
    0x03828320, 0x00008724, 0x0782540a, 0x03828820, 0x0b828920, 0x07825220, 0x03858a20, 0x823d0121, 0x868b2007, 0x82d02003, 0x858c2007, 0x80092103, 
    0x8d200782, 0xef200386, 0x8e200782, 0x01210385, 0x2007827a, 0x2103858f, 0x6f462d03, 0x90042105, 0x2105a744, 0x07829104, 0xc9200383, 0x92200782, 
    0x09210385, 0x2007825b, 0x20038593, 0x208b8309, 0x830b8294, 0x203b8303, 0x05a34695, 0x82f60421, 0x86962007, 0x00122403, 0x86970400, 0x82cd2003, 
    0x85982007, 0x6e092103, 0x99200782, 0x09210385, 0x20078290, 0x2103859a, 0x07821601, 0x03869b20, 0x0782d320, 0x03869c20, 0x07821520, 0x03869d20, 
    0x0782d420, 0x0385a020, 0x17830120, 0x0b82a120, 0xd5200383, 0xa2200782, 0x00210385, 0x200782ab, 0x200386a3, 0x200782dc, 0x210385a4, 0x0782ad00, 
    0x0386a520, 0x0782dd20, 0x0386a620, 0x07822e20, 0x0386a720, 0x0782f720, 0x0386a820, 0x07823020, 0x0386a920, 0x0782f920, 0x0385aa20, 0x826f0921, 
    0x85ab2007, 0x91092103, 0x25057747, 0x0000ac04, 0x0b827009, 0x03826383, 0x82920921, 0x85ae200b, 0x71092103, 0xaf200782, 0x09210385, 0x20078293, 
    0x210385b0, 0x07827209, 0x0385b120, 0x82940921, 0x85b22007, 0x83012003, 0x82b320cb, 0x2003830b, 0x200782e4, 0x200386b4, 0x2007821d, 0x200386b5, 
    0x200782fa, 0x200386b6, 0x2007821f, 0x200386b7, 0x200782e8, 0x200386b8, 0x20078220, 0x200386b9, 0x200782e9, 0x200386ba, 0x20078221, 0x210385bb, 
    0x07829102, 0x0386bc20, 0x07823120, 0x0386bd20, 0x0782fb20, 0x0385be20, 0x82730921, 0x85bf2007, 0x95092103, 0xc0200782, 0xc1200382, 0x7420ef82, 
    0xc2200782, 0x09210385, 0x20078296, 0x200386c3, 0x20078216, 0x200386c4, 0x200782d2, 0x210385c5, 0xd3457609, 0x82c62006, 0x82d72007, 0x85c72003, 
    0xaa002103, 0xc8200782, 0xde200386, 0xc9200782, 0x00210385, 0x200782ac, 0x200386ca, 0x200782df, 0x210385cb, 0x07827709, 0x0385cc20, 0x82970921, 
    0x85cd2007, 0x28012103, 0x20060346, 0x200782ce, 0x200382da, 0x210385cf, 0x0782dd02, 0x0385d020, 0xe3830020, 0x0b82d120, 0x02210382, 0x2007821d, 
    0x210385d2, 0x07823200, 0x0385d320, 0x821e0221, 0x85d42007, 0x40002103, 0xd5200782, 0x02210385, 0x20078222, 0x210385d6, 0xc3868800, 0x0000d724, 
    0x0b826502, 0x0386d820, 0xd9204783, 0x03820b82, 0x86980921, 0x00da2487, 0x82780900, 0x85db200b, 0x99092103, 0xdc200782, 0x09210385, 0x83078279, 
    0x2103829f, 0x0b829a09, 0x0385de20, 0x827a0921, 0x85df2007, 0x9b092103, 0xe0200782, 0x33200386, 0xe1200782, 0xfc200386, 0xe2200782, 0x01210385, 
    0x2007823b, 0x210385e3, 0x07829c09, 0x0385e420, 0x823c0121, 0x85e52007, 0x9d092103, 0xe6200782, 0x01210385, 0x20078272, 0x210385e7, 0x07822803, 
    0x0385e820, 0x82740121, 0x85e92007, 0x9e092103, 0x24069346, 0x010000ea, 0x200b8275, 0x210385eb, 0x07829f09, 0x0385ec20, 0x827b0921, 0x85ed2007, 
    0xa0092103, 0xee200782, 0x03200385, 0x0421f382, 0x820b82ef, 0xd6032103, 0xf0200782, 0x03210385, 0x066346db, 0x0000f124, 0x0b82d703, 0x0385f220, 
    0x46dc0321, 0xf32006db, 0xd8201782, 0xf4200b82, 0x09210385, 0x2007827c, 0x210385f5, 0x0782a109, 0x0385f620, 0x825a0921, 0x85f72007, 0x82092103, 
    0xf8200782, 0x09210385, 0x2007827d, 0x210385f9, 0x0782a209, 0x0386fa20, 0x07820f20, 0x0386fb20, 0x0782ca20, 0x0385fc20, 0x9b830120, 0x0b82fd20, 
    0xe3200383, 0xfe200782, 0x09210385, 0x2007827e, 0x250385ff, 0x0000a309, 0x03852f05, 0x9b820420, 0x003f0e24, 0x03820e00, 0x001c0525, 0x85001d00, 
    0x4a092103, 0x0d200782, 0x09210385, 0x2007824c, 0x2103851b, 0x07824d09, 0x03854320, 0x82080621, 0x85472007, 0x09062103, 0x48200782, 0x49240382, 
    0x0b060000, 0x27830782, 0x06210382, 0x200b820e, 0x2103854f, 0x07821206, 0x03855020, 0x82140621, 0x85522007, 0x16062103, 0x56200782, 0x06210385, 
    0x20078217, 0x20038257, 0x83478258, 0x825b2073, 0x2103820b, 0x07821d06, 0x03856220, 0x82410621, 0x85632007, 0x4a062103, 0x64200782, 0x65200382, 
    0x4d202f82, 0x9c200782, 0x06210385, 0x2007820a, 0x200385a0, 0x20c78306, 0x820b82bb, 0x21062103, 0xbf200782, 0x09210385, 0x200782c3, 0x820382c0, 
    0x9b0a2107, 0xc4200782, 0x0a210385, 0x20078298, 0x240382c5, 0x0a0000c9, 0x2007829f, 0x210385ca, 0x07823c0a, 0x0382cb20, 0x1782d220, 0x0782a420, 
    0x0382d320, 0x0b82d620, 0x07823d20, 0x0385d720, 0x82ac0a21, 0x82d82007, 0x82e72003, 0x20a78317, 0x820b82e8, 0xad0a2103, 0xe9200782, 0x0a210385, 
    0x20078251, 0x200382ea, 0x202382f5, 0x200782ae, 0x200382fc, 0x240b82ff, 0x1e0000ba, 0x21038500, 0x07821400, 0x03850120, 0x82190221, 0x85022007, 
    0x42002103, 0x03200782, 0x02210385, 0x20078227, 0x21038504, 0x07824300, 0x03850520, 0x82280221, 0x85062007, 0x44002103, 0x07200782, 0x02210385, 
    0x20078229, 0x21038508, 0x07825000, 0x03850920, 0x82330221, 0x850a2007, 0x57002103, 0x0b200782, 0x02200385, 0x1e21d782, 0x820b820c, 0x58002103, 
    0x0d200782, 0x02210385, 0x2007823e, 0x2103850e, 0x07825900, 0x03850f20, 0x823f0221, 0x85102007, 0x5a002103, 0x11200782, 0x02210385, 0x20078240, 
    0x21038512, 0x07825b00, 0x03851320, 0x82410221, 0x82e78307, 0x6c002103, 0x15200b82, 0x02210385, 0x20078255, 0x21038516, 0x07826d00, 0x03851720, 
    0x82560221, 0x85182007, 0x6e002103, 0x19200782, 0x02210385, 0x20078257, 0x2103851a, 0x07826f00, 0x03851b20, 0x82580221, 0x851c2007, 0x70002103, 
    0x1d200782, 0x02210385, 0x20078259, 0x2103851e, 0x07828b00, 0x03851f20, 0x82710221, 0x85202007, 0x96002103, 0x21200782, 0x02210385, 0x2007827c, 
    0x21038522, 0x0782a500, 0x03852320, 0x828c0221, 0x85242007, 0xa6002103, 0x25200782, 0x02210385, 0x2007828d, 0x21038526, 0x0782a700, 0x03852720, 
    0x828e0221, 0x85282007, 0xa2002103, 0x29200782, 0x02210385, 0x20078280, 0x2103852a, 0x0782a800, 0x03852b20, 0x828f0221, 0x852c2007, 0xca002103, 
    0x2d200782, 0x02210385, 0x20078298, 0x2103852e, 0x0782c800, 0x03852f20, 0xb3830220, 0x0b823020, 0x01210382, 0x20078212, 0x21038531, 0x0782bc02, 
    0x03853220, 0x82130121, 0x85332007, 0xbd022103, 0x34200782, 0x01210385, 0x20078214, 0x21038535, 0x0782be02, 0x03853620, 0x821d0121, 0x85372007, 
    0xcc022103, 0x38200782, 0x01210385, 0x2007821e, 0x21038539, 0x0782cd02, 0x03853a20, 0x821f0121, 0x853b2007, 0xce022103, 0x3c200782, 0x01210385, 
    0x20078220, 0x2103853d, 0x0782cf02, 0x03853e20, 0x82250121, 0x853f2007, 0xe3022103, 0x40200782, 0x01210385, 0x20078226, 0x21038541, 0x0782e402, 
    0x03854220, 0x82270121, 0x85432007, 0xe5022103, 0x44200782, 0x01200385, 0x4520df83, 0x03820b82, 0x82f10221, 0x85462007, 0x83012003, 0x824720eb, 
    0x2103820b, 0x0782f202, 0x03854820, 0x82340121, 0x85492007, 0xf3022103, 0x4a200782, 0x01210385, 0x20078235, 0x2103854b, 0x0782f402, 0x03854c20, 
    0x82550121, 0x854d2007, 0x0b032103, 0x4e200782, 0x01210385, 0x20078256, 0x2103854f, 0x07820c03, 0x03855020, 0x82570121, 0x85512007, 0x0d032103, 
    0x52200782, 0x01210385, 0x20078258, 0x21038553, 0x07820e03, 0x03855420, 0x00780125, 0x85551e00, 0x2f032103, 0x56200782, 0x01210385, 0x20078279, 
    0x21038557, 0x07823003, 0x03823f83, 0x82860121, 0x8559200b, 0x42032103, 0x5a200782, 0x01210385, 0x20078287, 0x2103855b, 0x07824303, 0x03855c20, 
    0x82880121, 0x855d2007, 0x44032103, 0x5e200782, 0x01210385, 0x20078289, 0x2103855f, 0x07824503, 0x03856020, 0x82930121, 0x85612007, 0x50032103, 
    0x62200782, 0x01210385, 0x20078294, 0x21038563, 0x07825103, 0x03856420, 0x82950121, 0x85652007, 0x52032103, 0x66200782, 0x01210385, 0x20078296, 
    0x21038567, 0x07825303, 0x03856820, 0x82970121, 0x85692007, 0x54032103, 0x6a200782, 0x01210385, 0x2007829f, 0x2103856b, 0x07826503, 0x03856c20, 
    0x82a00121, 0x856d2007, 0x83032003, 0x826e205b, 0x2103820b, 0x0782a101, 0x03856f20, 0x82670321, 0x85702007, 0xa2012103, 0x71200782, 0x03210385, 
    0x20078268, 0x21038572, 0x0782bb01, 0x03857320, 0xfb830320, 0x0b827420, 0x01210382, 0x200782bc, 0x21038575, 0x07828a03, 0x03857620, 0x82bd0121, 
    0x85772007, 0x8b032103, 0x78200782, 0x01210385, 0x200782be, 0x21038579, 0x07828c03, 0x03857a20, 0x82bf0121, 0x857b2007, 0x8d032103, 0x7c200782, 
    0x01210385, 0x200782c9, 0x2103857d, 0x0782b703, 0x03857e20, 0x82ca0121, 0x857f2007, 0xb8032103, 0x80200782, 0x01210385, 0x200782cd, 0x21038581, 
    0x0782bd03, 0x03858220, 0x82ce0121, 0x85832007, 0x83032003, 0x82842083, 0x2103820b, 0x0782cf01, 0x03858520, 0x82ba0321, 0x85862007, 0xd0012103, 
    0x87200782, 0x03210385, 0x200782bf, 0x21038588, 0x0782d101, 0x03858920, 0x82c00321, 0x858a2007, 0xd3012103, 0x8b200782, 0x03210385, 0x830782c3, 
    0x210382db, 0x0b82d401, 0x0382cf83, 0x82c40321, 0x858e200b, 0xde012103, 0x8f200782, 0x03200385, 0x90209b83, 0x03820b82, 0x82f40121, 0x85912007, 
    0xe7032103, 0x92200782, 0x01210385, 0x200782f5, 0x21038593, 0x0782e803, 0x03859420, 0x82f60121, 0x85952007, 0xe9032103, 0x96200782, 0x02210385, 
    0x20078290, 0x21038597, 0x07826903, 0x03859820, 0x82c10321, 0x85992007, 0x83032003, 0x829a20fb, 0x2103820b, 0x07821502, 0x03859b20, 0x82700221, 
    0x859d2007, 0x41092103, 0x9e200782, 0x01200385, 0x1e212782, 0x820b829f, 0x42092103, 0xa0200782, 0x00200385, 0xa1203b83, 0x03820b82, 0x820e0221, 
    0x85a22007, 0x16002103, 0xa3200782, 0x02210385, 0x20078211, 0x210385a4, 0x07821700, 0x0385a520, 0x82050221, 0x85a62007, 0x18002103, 0xa7200782, 
    0x02210385, 0x20078207, 0x210385a8, 0x07821900, 0x0385a920, 0x82080221, 0x85aa2007, 0x1a002103, 0xab200782, 0x02210385, 0x20078209, 0x210385ac, 
    0x07821b00, 0x0385ad20, 0x82060221, 0x85ae2007, 0x1c002103, 0xaf200782, 0x01210385, 0x200782fe, 0x210385b0, 0x07821d00, 0x0385b120, 0x82000221, 
    0x85b22007, 0x1e002103, 0xb3200782, 0x02210385, 0x20078201, 0x210385b4, 0x07821f00, 0x0385b520, 0x82020221, 0x85b62007, 0x20002103, 0xb7200782, 
    0x01210385, 0x200782ff, 0x210385b8, 0x07827100, 0x0385b920, 0x825a0221, 0x85ba2007, 0x72002103, 0xbb200782, 0x02210385, 0x2007825b, 0x210385bc, 
    0x07827300, 0x0385bd20, 0x825c0221, 0x85be2007, 0x74002103, 0xbf200782, 0x02210385, 0x2007825d, 0x210385c0, 0x07827500, 0x0385c120, 0x825e0221, 
    0x85c22007, 0x76002103, 0xc3200782, 0x02210385, 0x2007825f, 0x210385c4, 0x07827700, 0x0385c520, 0x82600221, 0x85c62007, 0x78002503, 0xc71e0000, 
    0x02210385, 0x20078261, 0x210385c8, 0x0782d600, 0x0385c920, 0x82a50221, 0x85ca2007, 0xd7002103, 0xcb200782, 0x02210385, 0x200782a6, 0x210385cc, 
    0x07825901, 0x0385cd20, 0x820f0321, 0x85ce2007, 0x83012003, 0x82cf20fb, 0x2103820b, 0x07821003, 0x0385d020, 0x825b0121, 0x85d12007, 0x11032103, 
    0xd2200782, 0x01210385, 0x2007825c, 0x210385d3, 0x07821203, 0x0385d420, 0x825d0121, 0x85d52007, 0x13032103, 0xd6200782, 0x01210385, 0x2007825e, 
    0x210385d7, 0x07821403, 0x0385d820, 0x825f0121, 0x85d92007, 0x15032103, 0xda200782, 0x01200385, 0xdb20fb83, 0x03820b82, 0x82160321, 0x85dc2007, 
    0x83012003, 0x82dd20fb, 0x2103820b, 0x07821703, 0x0385de20, 0x82620121, 0x85df2007, 0x18032103, 0xe0200782, 0x01210385, 0x20078263, 0x210385e1, 
    0x07821903, 0x0385e220, 0x82640121, 0x85e32007, 0x1a032103, 0xe4200782, 0x01210385, 0x200782c0, 0x210385e5, 0x07828e03, 0x0385e620, 0x82c10121, 
    0x85e72007, 0x8f032103, 0xe8200782, 0x01210385, 0x200782c2, 0x210385e9, 0x07829003, 0x0385ea20, 0x82c30121, 0x85eb2007, 0x91032103, 0xec200782, 
    0x01210385, 0x200782c4, 0x210385ed, 0x07829203, 0x0385ee20, 0x82c50121, 0x85ef2007, 0x93032103, 0xf0200782, 0x01210385, 0x200782c6, 0x210385f1, 
    0x07829403, 0x0385f220, 0xeb830120, 0x0b82f320, 0x03210382, 0x200782d0, 0x210385f4, 0x0782e001, 0x0385f520, 0x82d10321, 0x85f62007, 0xe1012103, 
    0xf7200782, 0x03210385, 0x200782d2, 0x210385f8, 0x0782e201, 0x0385f920, 0x82d30321, 0x85fa2007, 0x0e092103, 0xfb200782, 0x09210385, 0x20078243, 
    0x210385fc, 0x07820f09, 0x0385fd20, 0x82440921, 0x85fe2007, 0x10092103, 0xff200782, 0x09250385, 0x1f000045, 0x20038200, 0x05e75507, 0x82081f21, 
    0x2137820b, 0x07822300, 0x03821020, 0x00001524, 0x07825b04, 0x03821820, 0x28821d20, 0x07827d20, 0x03822020, 0x5f542720, 0x281f2105, 0x2f200b82, 
    0xb1201782, 0x30200782, 0x37200382, 0x80201782, 0x38200782, 0x3f200382, 0xdc201782, 0x40200782, 0x67820382, 0x821e0321, 0x82482007, 0x004d2403, 
    0x82680100, 0x82502007, 0x82572003, 0x829c202f, 0x85592007, 0xe7012103, 0x5b200782, 0x01210385, 0x200782e8, 0x2103855d, 0x0782e901, 0x03855f20, 
    0x82ea0121, 0x82602007, 0x82672003, 0x82af203b, 0x244b8307, 0x0300006f, 0x200b82f6, 0x21038570, 0x07824104, 0x03857120, 0x82b80921, 0x85722007, 
    0x61042103, 0x73200782, 0x09210385, 0x200782b9, 0x21038574, 0x07826d04, 0x03857520, 0x82ba0921, 0x85762007, 0x88042103, 0x77200782, 0x09210385, 
    0x200782bb, 0x21038578, 0x07822403, 0x03857920, 0x82bd0921, 0x857a2007, 0xa4042103, 0x7b200782, 0x09210385, 0x200782be, 0x2103857c, 0x0782b704, 
    0x03857d20, 0x82c00921, 0x82802007, 0x56872003, 0x1f2005ef, 0x8f246383, 0x33000000, 0x90201382, 0x97200382, 0x21054b55, 0x0b82981f, 0x17829f20, 
    0x0782bc20, 0x0382a020, 0x8752a720, 0xa81f2105, 0xf7820b82, 0x82ff0321, 0x82b02007, 0x82b42003, 0x824a2017, 0x82b62007, 0x21678203, 0x07824f04, 
    0x0382b820, 0x3b82ba20, 0x07822b20, 0x0382b783, 0x822f0021, 0x824b830b, 0x3b002103, 0xb7830b82, 0x0a210382, 0x200b825d, 0x210385be, 0x0782c109, 
    0x0385bf20, 0x825c0a21, 0x82ab8307, 0x6a0a2103, 0x1b830b82, 0x0a210382, 0x200b8267, 0x200382c2, 0x207782c4, 0x20078276, 0x200382c6, 0x057b55c7, 
    0x82c81f21, 0x82c9200b, 0x82832077, 0x82ca2007, 0x82cb2003, 0x82b9200b, 0x85cc2007, 0xc4002103, 0xcd200782, 0x0a210385, 0x2007825f, 0x210385ce, 
    0x0782610a, 0x0385cf20, 0x82630a21, 0x82d02007, 0x82d22003, 0x82892053, 0x85d32007, 0xbc092103, 0xd6200782, 0xd7200382, 0x21058755, 0x0b82d81f, 
    0x5f82db20, 0x0782e420, 0x0385dd20, 0x82600a21, 0x85de2007, 0x620a2103, 0xdf200782, 0x0a210385, 0x20078264, 0x200382e0, 0x05af54e2, 0x82e31f21, 
    0x2003820b, 0x83eb8309, 0x55e5203f, 0x1f210593, 0x201782e6, 0x200b82e7, 0x200782a8, 0x230382e8, 0x010000eb, 0x1f210382, 0x820b82ec, 0x7d012103, 
    0xed200782, 0xee240382, 0x650a0000, 0xef200782, 0x0a210385, 0x20078268, 0x200382f2, 0x05cf53f4, 0x82f61f21, 0x53f7200b, 0x1f2105bf, 0x820b82f8, 
    0x6e012103, 0xf9200782, 0x01210385, 0x20078270, 0x210385fa, 0x0782fe03, 0x0385fb20, 0x82f40321, 0x85fc2007, 0x07042103, 0xfd200782, 0x0a210385, 
    0x20078269, 0x240385fe, 0x00005e0a, 0x25f68220, 0x00000b20, 0x0b82d606, 0x03821020, 0x00001123, 0x21438209, 0x0b821220, 0x05210382, 0x20078296, 
    0x21038513, 0x07829505, 0x03821420, 0x00001524, 0x07829705, 0x03851620, 0x7f820920, 0x82172021, 0x2003820b, 0x21678209, 0x0b821820, 0x00001924, 
    0x0782ab05, 0x03821a20, 0x0b821b20, 0x0782b220, 0x03821c20, 0x0b821e20, 0x0782af20, 0x03851f20, 0x82b40521, 0x21848207, 0x17822120, 0x0b82e920, 
    0x03852220, 0x82990521, 0x85232007, 0x9c052103, 0x24200782, 0x09210385, 0x200782ef, 0x21038525, 0x0782c105, 0x03852620, 0x82c00521, 0x85272007, 
    0xee092103, 0x2f200782, 0x06210385, 0x200782d4, 0x23038230, 0x06000031, 0x32208383, 0x34200b82, 0xb5206b82, 0x35200782, 0x37200382, 0xb9200b82, 
    0x38200782, 0x09210385, 0x200782eb, 0x20038239, 0x2017823a, 0x200782c9, 0x2103853b, 0x0782f109, 0x03853c20, 0x82750521, 0x853d2007, 0x7c052103, 
    0x3e200782, 0x09210385, 0x200782f0, 0x2103853f, 0x0782f309, 0x03854020, 0x82ed0921, 0x85412007, 0xec092103, 0x42200782, 0x09210385, 0x200782ea, 
    0x21038543, 0x07829b05, 0x03854420, 0x826a0621, 0x85452007, 0x81052103, 0x46200782, 0x05210385, 0x20078283, 0x20038247, 0x209b8248, 0x20078279, 
    0x21038549, 0x07827705, 0x03854a20, 0x82730521, 0x854b2007, 0xfe052103, 0x4c200782, 0x4d200382, 0x9d202f82, 0x4e200782, 0x09210385, 0x200782f4, 
    0x2103854f, 0x0782f209, 0x03825020, 0x00005124, 0x0782f509, 0x03855220, 0x822e0a21, 0x82532007, 0x82552003, 0x82f72017, 0x85572007, 0xb8052103, 
    0x5f200782, 0x06210385, 0x200782d5, 0x21038570, 0x07822206, 0x03857120, 0x82100621, 0x85742007, 0x29062103, 0x75200782, 0x76240382, 0x2b060000, 
    0x77200782, 0xbb820382, 0x5f830620, 0x0b827a20, 0x17827c20, 0x07823620, 0x03827d20, 0x0b827e20, 0x07823220, 0x03857f20, 0x82150621, 0x85802007, 
    0x83062003, 0x8281208b, 0x2103820b, 0x07825506, 0x00008224, 0x2f828320, 0x07825720, 0x03858420, 0x825a0621, 0x82852007, 0x82862003, 0x825c2017, 
    0x82872007, 0x82892003, 0x20af830b, 0x200b828a, 0x200b828c, 0x20078267, 0x2003828d, 0x200b828e, 0x20078263, 0x21038590, 0x07823906, 0x03859120, 
    0x823d0621, 0x85922007, 0x47062103, 0x93200782, 0x06210385, 0x20078250, 0x21038594, 0x07824e09, 0x03859520, 0x82400621, 0x82962007, 0x82992003, 
    0x82432053, 0x859a2007, 0x48062103, 0x9b200782, 0x9c200382, 0x4b201782, 0xa0200782, 0x0a210385, 0x2007822c, 0x210385a1, 0x07821105, 0x0385a220, 
    0x82130521, 0x85a32007, 0x1b052103, 0xa4200782, 0x05210385, 0x2007820c, 0x210385a5, 0x07821605, 0x0385a620, 0x820f0521, 0x85a72007, 0x08052103, 
    0xa8200782, 0x05210385, 0x20078219, 0x210385a9, 0x07820b05, 0x0385aa20, 0x82170521, 0x85ab2007, 0x46022103, 0xac200782, 0x05210385, 0x20078205, 
    0x210385ad, 0x07820a05, 0x0382ae20, 0x0000af24, 0x07821405, 0x0385b120, 0x82090521, 0x85b22007, 0x10052103, 0xb3200782, 0xb4240382, 0x0d050000, 
    0xb5200782, 0x05210385, 0x20078212, 0x210385b8, 0x07820705, 0x0385b920, 0x82060521, 0x85ba2007, 0x03052103, 0xbc200782, 0x05210385, 0x20078218, 
    0x210385bd, 0x07820405, 0x0385be20, 0x821a0521, 0x85bf2007, 0x1d052103, 0xc0200782, 0x0a210385, 0x2007822d, 0x210385db, 0x0782990a, 0x0385dc20, 
    0x82970a21, 0x82dd2007, 0x00de2403, 0x824e0700, 0x85e82007, 0x9a0a2103, 0xf0200782, 0x0a200385, 0x21295b82, 0x21000000, 0x06000001, 0x200782b7, 
    0x21038503, 0x0782e306, 0x03850520, 0x82b60621, 0x85062007, 0xb5062103, 0xf3820782, 0x03822120, 0x82e40621, 0x8513200b, 0x2a0a2103, 0x16200782, 
    0x06210385, 0x200782e2, 0x21038517, 0x0782f105, 0x03851e20, 0x828b0121, 0x851f2007, 0x8a012103, 0x20200782, 0x7c820382, 0x82f30521, 0x85222007, 
    0xf2052103, 0x26200782, 0x03200385, 0x57831783, 0x9b822b20, 0x1382e520, 0x03852e20, 0xc7820620, 0x82322121, 0x2103820b, 0x07828c00, 0x03853b20, 
    0x82f50521, 0x854d2007, 0xb4062103, 0x50200782, 0x06210385, 0x200782aa, 0x20038251, 0x20478252, 0x200782af, 0x20038253, 0x200b8254, 0x200782a0, 
    0x20038255, 0x200b825a, 0x200782a4, 0x2003825b, 0x200b825e, 0x200782ab, 0x2103855f, 0x07829d06, 0x03826020, 0x00007f24, 0x0782c409, 0x03858320, 
    0xfb830920, 0x00008424, 0x17828421, 0x00004624, 0x03828521, 0x0b828620, 0x8923a783, 0x82210000, 0x9f062103, 0x90200782, 0x06210385, 0x200782e9, 
    0x21038591, 0x0782fb06, 0x03859220, 0x82ee0621, 0x85932007, 0xfc062103, 0x94200782, 0x06210385, 0x200782f7, 0x21038595, 0x0782fe06, 0x03829620, 
    0x9b829920, 0x0782f320, 0x0382a920, 0x0621d382, 0x200782ff, 0x240382b0, 0x070000b1, 0x20078244, 0x210385b3, 0x07824307, 0x0382ff83, 0x82460721, 
    0x85b5200b, 0x42072103, 0xba200782, 0xbb200382, 0x3b202f82, 0xd0200782, 0x06210385, 0x200782ec, 0x210385d2, 0x0782f106, 0x0385d420, 0x82f90621, 
    0x82de2007, 0x82df2003, 0x8249202f, 0x82f38307, 0x470721df, 0xe7200b82, 0x07210385, 0x20078231, 0x250385ea, 0x00003207, 0x03850222, 0x82010621, 
    0x85052007, 0x06062103, 0x03860782, 0x6b820320, 0x820f2221, 0x2103820f, 0x07820306, 0x03851120, 0x37830620, 0x0b821220, 0x05200382, 0x22217f82, 
    0x820b821a, 0x83062003, 0x821e2043, 0x8203820b, 0x22002242, 0x820b822b, 0x04062103, 0x36200782, 0x05210385, 0x200782c4, 0x21038548, 0x0782d805, 
    0x03856020, 0xd3820520, 0x82642221, 0x0065240b, 0x82cf0500, 0x82952007, 0x00962403, 0x82810700, 0x85972007, 0x84072103, 0x98200782, 0x07240385, 
    0x23000083, 0x03839382, 0x82340721, 0x2063820b, 0x21038223, 0x0b823607, 0x23208782, 0x07210382, 0x200b8235, 0x21038518, 0x07823307, 0x03852520, 
    0x82380721, 0x82262007, 0x82272003, 0x823e205f, 0x20a38207, 0x21038223, 0x0b823d07, 0x03858020, 0x82370721, 0x85872007, 0x39072103, 0x8b200782, 
    0x07210385, 0x2007823a, 0x210385ce, 0x07824107, 0x2320ab82, 0x07250382, 0x24000040, 0x20038523, 0x204b820a, 0x21d78224, 0x5f826824, 0x13826b20, 
    0x0382b620, 0x50202383, 0xea200782, 0x07250385, 0x2500006a, 0x200382a0, 0x202382a2, 0x20078220, 0x210385aa, 0x07829f05, 0x0385b220, 0x82160721, 
    0x85b32007, 0x1a072103, 0x47820782, 0x03822520, 0x82180721, 0x85b7200b, 0x1c072103, 0xba200782, 0x17840385, 0x0b82bb20, 0x17840382, 0x0b82bc20, 
    0x07210382, 0x20078215, 0x210385bd, 0x07821907, 0x0385c020, 0x82170721, 0x85c12007, 0x1b072103, 0xc4200782, 0x17840385, 0x0b82c520, 0x17840382, 
    0x0b82c620, 0x07210382, 0x20078225, 0x210385c7, 0x07822707, 0x0385ca20, 0x82070621, 0x85cb2007, 0x1f072103, 0xeb820782, 0x03822520, 0x821e0721, 
    0x85e6200b, 0x9a052103, 0xef200782, 0x07250385, 0x2600004c, 0x21038500, 0x07822a07, 0x03820520, 0x00000624, 0x07822e07, 0x03853c20, 0x82290721, 
    0x85612007, 0x2b072103, 0x65200782, 0x07210385, 0x2007822c, 0x2403826a, 0x0a00006b, 0x20078203, 0x250385a0, 0x00001d07, 0x03851327, 0x07830720, 
    0x2720db82, 0x07210382, 0x20138214, 0x21038556, 0x07822607, 0x03856420, 0x822d0721, 0x82802007, 0x41882003, 0x272005a3, 0x03839b82, 0x82e90921, 
    0x85f52013, 0xea062103, 0xf6200782, 0x06200385, 0xf7201f83, 0x03820b82, 0x82f80621, 0x21038607, 0x0b82ed06, 0x0385f920, 0x82f20621, 0x85fa2007, 
    0x82062003, 0x82292007, 0x25038387, 0x0000fd06, 0x0385382a, 0x00850724, 0xeb822b00, 0x07210383, 0x200b8230, 0x82038212, 0x23072127, 0x1c200782, 
    0x07210385, 0x2007824d, 0x25038524, 0x00004b07, 0x03857c2c, 0x82420621, 0x857f2007, 0x82012003, 0xff2d245f, 0x822d0000, 0xd30a2503, 0x182e0000, 
    0x05250385, 0xa600007d, 0x2403859f, 0x0000590a, 0x831f82a7, 0x53092503, 0x2ea90000, 0x09250385, 0xe00000e8, 0x21038500, 0x07822807, 0x03820220, 
    0x00000b24, 0x07829700, 0x03820c20, 0x0b822b20, 0x0782ea20, 0xe0207b82, 0x02210382, 0x200b8299, 0x2103854c, 0x0782a002, 0xe0209f82, 0x02210382, 
    0x200b82a7, 0x2103854e, 0x0782ab02, 0x03854f20, 0x82b10221, 0x82502007, 0x005c2403, 0x82d00200, 0x855d2007, 0x36032103, 0x5e200782, 0x03210385, 
    0x2007823c, 0x2103856a, 0x07825803, 0x03826b20, 0x00008024, 0x07822a05, 0x03828120, 0x0b828720, 0xe0210382, 0x200b8288, 0x830b8291, 0x82922077, 
    0x2103820b, 0x0782c305, 0x03829320, 0x17829520, 0x07824020, 0x03859620, 0x82440521, 0x82972007, 0x82a32003, 0x82da2017, 0x85a42007, 0xed052103, 
    0xa5200782, 0xa6200382, 0xfb201782, 0xa7200782, 0xa8240382, 0x34060000, 0xa9200782, 0xab200382, 0x3a200b82, 0xac200782, 0xad200382, 0x3e200b82, 
    0xae200782, 0x06210385, 0x20078249, 0x200385af, 0x20df8306, 0x820b82b0, 0x510621df, 0xb2200782, 0xb3200382, 0x65202f82, 0xb4200782, 0x06200385, 
    0xb520c783, 0x03820b82, 0x826d0621, 0x82b62007, 0x82b72003, 0x826f2023, 0x85b82007, 0x72062103, 0xb9200782, 0xba200382, 0x74201782, 0xbb200782, 
    0xbd200382, 0x77200b82, 0xc8200782, 0xcc200382, 0x7b200b82, 0xdc200782, 0x06210385, 0x20078284, 0x210385dd, 0x07828606, 0x0382de20, 0x2382df20, 
    0x07828820, 0x0385e020, 0x828b0621, 0x82e12007, 0x82e22003, 0x828d2017, 0x82e32007, 0x82e52003, 0x8290200b, 0x85e62007, 0xc3062103, 0xf3200782, 
    0xf5280382, 0xe10a0000, 0x06e10000, 0x0a210385, 0x200782e4, 0x20038209, 0x8217820a, 0x0ce12133, 0x0f200b82, 0xe7200b82, 0x11200782, 0x13200382, 
    0xeb200b82, 0x17200782, 0x18200382, 0xee200b82, 0x21200782, 0x22200382, 0xf0200b82, 0x24200782, 0x0a210385, 0x200782f2, 0x2003852a, 0x2167820a, 
    0x0b822be1, 0x00003723, 0x21e38207, 0x0b8238e1, 0x0b823920, 0xe121bf82, 0x200b823a, 0x200b823d, 0x20078289, 0x2003823e, 0x200b8256, 0x200782a8, 
    0x20038257, 0x200b825a, 0x200782c2, 0x2003825b, 0x200b825e, 0x200782c7, 0x20038563, 0x207b8206, 0x83c382e1, 0xaa052103, 0xd2201382, 0xdf200382, 
    0x01202382, 0xcf830782, 0x0a210382, 0x230b82f4, 0xe20000e2, 0x07217382, 0x200782e6, 0x8203827b, 0x79082143, 0xc8200782, 0xd8240382, 0xca080000, 
    0xd9200782, 0xdc200382, 0xc6230b82, 0x82ee0000, 0x2103833f, 0x0b82c405, 0x03850220, 0x820a0021, 0x85032007, 0xef012103, 0x04200782, 0x02200385, 
    0xee218382, 0x820b8205, 0xdd032103, 0x06200782, 0x03210385, 0x2007826a, 0x21038507, 0x0782f50a, 0x03850920, 0x82c10721, 0x824b8307, 0xc6002103, 
    0x0c200b82, 0x01210385, 0x200782a4, 0x2403820d, 0x02000011, 0x20078269, 0x21038512, 0x07826f02, 0x03851420, 0x82940221, 0x85172007, 0xc0022103, 
    0x1d200782, 0x25240382, 0x6b030000, 0x26200782, 0x45200382, 0x95200b82, 0x47200782, 0x05210385, 0x20078243, 0x24038248, 0x05000071, 0x20078245, 
    0x21038572, 0x0782be06, 0x03857320, 0x82880721, 0x85742007, 0x83072003, 0x8275205f, 0x2003820b, 0x209b8307, 0x820b8276, 0xcb072103, 0x77200782, 
    0x7b240382, 0xcd070000, 0x7c200782, 0x07210385, 0x200782cc, 0x2003827d, 0x2017827e, 0x200782d2, 0x2003827f, 0x200b8282, 0x200782d5, 0x21038583, 
    0x0782d407, 0x03858420, 0x82d90721, 0x85872007, 0xf60a2103, 0x7b830782, 0x2f828f20, 0x0b82db20, 0x03829020, 0x00009b24, 0x0782f70a, 0x03859c20, 
    0x82da0721, 0x829d2007, 0x215b8203, 0x0782030b, 0x0385d320, 0x82e00a21, 0x24578307, 0x0b0000de, 0x200b8239, 0x210385df, 0x0782e307, 0xe1201b83, 
    0x44241782, 0xc3f60000, 0x06250385, 0xfe0000ca, 0x250385ff, 0x0100e709, 0x03842ff1, 0xf0050022, 0x30200782, 0x36200382, 0x8d208382, 0x37200782, 
    0x49200382, 0x95200b82, 0x6a200782, 0x00220384, 0x0782f705, 0x03846b20, 0xf6050026, 0x50f80100, 0x00220384, 0x0782eb06, 0x03845220, 0xf0060023, 
    0x08b88200, 0xfea700a6, 0x07cf0460, 0x00030040, 0x00130007, 0x0023001d, 0x0039002f, 0x0043003f, 0x4b8d0147, 0x585028b0, 0x07009040, 0x07060605, 
    0x00010072, 0x14011314, 0x13011567, 0x12021626, 0x67121311, 0x01251100, 0x10112210, 0x21220067, 0x220e0f01, 0x0e00670f, 0x0e181900, 0x1d006719, 
    0x571d181b, 0x2718011a, 0x18171b01, 0x1700671b, 0x1c1e0128, 0x00671e17, 0x0209241c, 0x051c0705, 0x00060067, 0x08060408, 0x23040068, 0x04200301, 
    0x20006703, 0x20021f00, 0x0200671f, 0x020d0c00, 0x0d00670c, 0x0d0a0b00, 0x0a00670b, 0x5725a982, 0x000a0a00, 0x2508825f, 0x401b4f00, 0x92820091, 
    0x06070523, 0x88934080, 0x40595a08, 0x303a3a5e, 0x1e242430, 0x0408081e, 0x45464704, 0x41424344, 0x3a3f3a40, 0x3c3d3e3f, 0x3039303b, 0x36373839, 
    0x32333435, 0x242f2431, 0x2c2d2e2f, 0x28292a2b, 0x1e252627, 0x22231e23, 0x1d1f2021, 0x181a1b1c, 0x08151617, 0x12130813, 0x0e0f1011, 0x0a0b0c0d, 
    0x04070409, 0x250d8207, 0x2b190629, 0x01822101, 0x13210323, 0x32038201, 0x37330723, 0x37230733, 0x37210703, 0x21373723, 0x84133307, 0x84272009, 
    0x83332005, 0x03072110, 0x09832383, 0x82020f21, 0x03072524, 0x13333723, 0x2f080382, 0x50fd5703, 0xb0027801, 0x012a0afd, 0x00ff2a40, 0x2b40012b, 
    0x0b4016c0, 0x20c01540, 0x40010ad5, 0x0becd70a, 0xd80bc0fe, 0x4001251c, 0xab1a800b, 0x90221283, 0x13839010, 0x10702708, 0x1bc00bcf, 0xc0fe0a80, 
    0x9510800a, 0x2540010b, 0xc0751a40, 0x4025c015, 0x60fe400f, 0x00fae008, 0x000100ff, 0x05838001, 0x8040802f, 0x4080fcc0, 0x40417f40, 0x40e0c005, 
    0x270a82a0, 0x60404060, 0xa040c0fd, 0x3b080682, 0xa0e04080, 0x038040fd, 0x000060e0, 0x00d4ff02, 0x056b0500, 0x000700d2, 0x402c0010, 0x04010d29, 
    0x004c0100, 0x01020004, 0x00680204, 0x4d560000, 0x01020305, 0x4e015701, 0x08090000, 0x45082682, 0x11111107, 0x2b190b06, 0x01210123, 0x03210321, 
    0x26272101, 0x02062702, 0xf4022c07, 0x13019001, 0xfd39b9fe, 0x1d01a8ee, 0x10167501, 0x713d0e1d, 0xfad20535, 0xfe5a012e, 0x864902a6, 0x9a0c016e, 
    0x72f5fe97, 0x7785ffff, 0x028f073b, 0x00020026, 0x0a070100, 0x01ba006b, 0xb1090074, 0x01b80202, 0x2b35b074, 0x20238800, 0x23238785, 0x3501cf06, 
    0x01202385, 0x9720238f, 0xcc222388, 0x23a06201, 0xa002cb22, 0x0a23239f, 0x9661016d, 0x85f22023, 0x0700266b, 0x8501f50a, 0x21a78800, 0x1785e708, 
    0x0b07012e, 0x00c90135, 0xb108000f, 0x0fb00302, 0x2384ca83, 0x0551fe24, 0x3b87076b, 0x3b852720, 0x0b070025, 0x89dd0305, 0x5d072143, 0xce22c788, 
    0x7f967601, 0x33419320, 0x016f2208, 0x83239182, 0xd2052167, 0x5f8e2385, 0x41077321, 0x0a210827, 0x21df976e, 0x5f889208, 0xbd00e822, 0x03205f85, 
    0x8a0e6f41, 0x02e72123, 0x41069341, 0x6b8810b7, 0x00cd0623, 0x16db418e, 0x3341a720, 0x41112008, 0x982018b7, 0x6c228f88, 0xef911102, 0x05edfd23, 
    0x23ef896b, 0x9701150a, 0x21054f41, 0x17893afe, 0x0a07012f, 0xf9b9006c, 0xb109004a, 0xf9b80102, 0x0c5f424a, 0x0a23a788, 0x91140271, 0x0000255f, 
    0xd8082706, 0x4b22a788, 0xcb946401, 0x238a9a20, 0x23964c20, 0x238a9b20, 0x23964d20, 0xc6088722, 0x4e206b88, 0xd7832393, 0x2107c741, 0xa7422700, 
    0x20df8805, 0x21df8312, 0xdf827401, 0x8603b121, 0x074743e8, 0x48227b8a, 0xc3948301, 0x238a6b20, 0x81014922, 0x0a21239f, 0x224796f7, 0x88c5088f, 
    0x934a20c3, 0x42c38423, 0xc38206c7, 0x82016f24, 0xc3a37401, 0x02d20525, 0x43020006, 0xf741092f, 0x07012707, 0x51ff010b, 0xdf41afff, 0xafff2105, 
    0x3206df41, 0x050000ff, 0x00f10596, 0x2b020026, 0x0a060100, 0x86bf035d, 0x83bf2021, 0x21478321, 0x23821000, 0xda05a722, 0x3c202383, 0x5e222383, 
    0x2386a8fb, 0x2388a820, 0x0000ce24, 0x2382f906, 0x02002725, 0x83008e01, 0xed5f2125, 0x02222584, 0x2584ffb8, 0x00ffff27, 0x070000b0, 0x2023861e, 
    0x212384b3, 0x238fee60, 0x2382ce20, 0x23860020, 0x23849520, 0x47946120, 0x23861d20, 0x2384b220, 0x47906220, 0x8f82b920, 0x47075023, 0x218f8200, 
    0x2384e500, 0xbc416322, 0x21053b45, 0xfb85bcff, 0x82d00021, 0x07672223, 0x2023842e, 0x222384fc, 0x86a33d64, 0x42a32023, 0x4f440cff, 0x0000231e, 
    0x97446b05, 0x19062123, 0x2406f341, 0x93680a06, 0x064341f6, 0x4341f620, 0x00470805, 0xffd4ff03, 0x066b0542, 0x000f008e, 0x001d0018, 0x14414044, 
    0x0703010e, 0x094c0105, 0x06050601, 0x00020085, 0x0a088602, 0x01030702, 0x01070001, 0x05050068, 0x01044d56, 0x00570000, 0x0010104e, 0x101a1b00, 
    0x82181018, 0x110f213d, 0x122e0083, 0x2b1c0b0b, 0x21130301, 0x23012103, 0x05822301, 0x17217108, 0x26130137, 0x02062726, 0x07250707, 0x05262733, 
    0xfeedc13f, 0xc5fe39b9, 0x0176f8fe, 0xfea86007, 0x01f402a3, 0xfd6c0590, 0x0b06d9e6, 0x35713d05, 0x78500141, 0x0608169d, 0xfa76fe8e, 0xfd5a01fc, 
    0xfe1802e8, 0x1fd205a6, 0x01bbfbdb, 0x3c7135b8, 0x72f5fe97, 0x86f5f586, 0xff000034, 0x001c00ff, 0x05b30500, 0x002600d2, 0x01004802, 0x99010b06, 
    0x420c6d42, 0xa3420c93, 0x4107200c, 0x0747235f, 0xfeff221d, 0x09c74212, 0x09270026, 0x001502c1, 0x2309cf42, 0xffb80103, 0x820acf42, 0x08cf422b, 
    0x26202b84, 0xd7422b84, 0x422b8305, 0xfe210ad7, 0x0bd74212, 0x03212d83, 0x0adf4279, 0xdf420320, 0x12fe210b, 0x840bdf42, 0x849e202b, 0x05e7422b, 
    0xce202b8b, 0xe7422b82, 0x26002d0a, 0xa8ed610a, 0xc1090701, 0x00007f03, 0x43068342, 0x2b820837, 0x840aef42, 0x429d2057, 0x578b0af7, 0xaf82b920, 
    0x820af742, 0x41632257, 0x215783bc, 0x5788cf02, 0x8208ff42, 0x0aff422b, 0x02215783, 0x0a0743e6, 0x07435783, 0x12fe2108, 0x20092b46, 0x21a78200, 
    0x4f82ea01, 0xa3480120, 0xd2052d05, 0x21000c00, 0x01081e40, 0x4c010001, 0x2e291782, 0x0202034d, 0x012f0101, 0x270c824e, 0x110c000c, 0x18080411, 
    0x49060e49, 0x01200509, 0x2e080a49, 0x0e1d1077, 0xfe35703e, 0xfad205a2, 0x48cf022e, 0xfd2107ff, 0x203a8231, 0x215f8302, 0x5f825808, 0x13000f3e, 
    0x42404500, 0x02010900, 0x00720901, 0x08030002, 0x00670302, 0x04060008, 0x00670608, 0x5f207882, 0x562d2f82, 0x0404004d, 0x070a5f05, 0x57050502, 
    0x237c8205, 0x10111213, 0x24081143, 0x0b0b1111, 0x2385831d, 0x21032107, 0x2d080385, 0x01032113, 0x2c231321, 0x0a057a03, 0x3d4dfd2a, 0xfd2a7f02, 
    0xb6023c81, 0x3918fc2a, 0x01c939fe, 0x64640154, 0xfdd20568, 0xfefd93fe, 0xa249fd92, 0x5d022105, 0x2f052f46, 0x5d075808, 0x3d002602, 0x07010000, 
    0xb803ce06, 0x82131747, 0x88972023, 0x04cb2223, 0x232395e2, 0x0602d205, 0x00274783, 0x002a0003, 0x82360500, 0x001034ef, 0x00220019, 0x08364039, 
    0x01040301, 0x0004004c, 0x82040203, 0x050522f0, 0x25e88600, 0x5f010202, 0x764a0106, 0x20222806, 0x17191a1c, 0x82001113, 0x07213fed, 0x332b170b, 
    0x16322113, 0x07060607, 0x07021e15, 0x25230406, 0x37363221, 0x21232636, 0x08853337, 0x2a234108, 0xf54702f7, 0xb9141cd9, 0x43875377, 0xdffe1b13, 
    0x01dcfefb, 0x0e968800, 0xfe706f0e, 0x61e823e8, 0x5b0c119e, 0xd205ff6c, 0x9b7dade3, 0x5e040c1a, 0xddab73a7, 0x585b76fb, 0x6273d16b, 0xffff5a4a, 
    0x0721ab85, 0x28df8298, 0x01000041, 0x016c0a07, 0x20df84a6, 0x097b4a03, 0xfe2a0023, 0x89cf833a, 0x51002523, 0x09004af9, 0x20087a47, 0x21478300, 
    0x238b75fe, 0xffce0623, 0x21238fb3, 0x1741c8ff, 0x24478805, 0xfe8bffd6, 0x084785dc, 0xb0dcfe38, 0x00002b35, 0x00860003, 0x05ba0600, 0x001a00d2, 
    0x002c0023, 0x0b454048, 0x01060501, 0x0001154c, 0x0301084a, 0x03020602, 0x06008006, 0x06040500, 0x01076705, 0x49410202, 0x04042407, 0x41005f01, 
    0x2c270648, 0x2324262a, 0x821b1d21, 0x221a2c44, 0x0b09332c, 0x37132b19, 0x41333636, 0x21270d4d, 0x22230713, 0x41010707, 0x86261054, 0xd9e61e0b, 
    0x57417e02, 0x81fd290d, 0x893f2af7, 0x72010715, 0x24125f41, 0xb3492904, 0x0b6241ad, 0xfdd20526, 0xd2fc317b, 0x22086841, 0x41000000, 0x0525076b, 
    0x000602d2, 0x370f9141, 0x71000100, 0xdf05ecff, 0x2000e605, 0x38403b00, 0x05030200, 0x80050203, 0x0328ea82, 0x007e0405, 0x61010303, 0x8008e082, 
    0x04004d5c, 0x06610004, 0x5d000001, 0x00014e00, 0x181a1c1d, 0x0d0e1012, 0x2000080a, 0x0b072001, 0x22052b16, 0x34350224, 0x33241212, 0x07160432, 
    0x23263421, 0x15020e22, 0x32331614, 0x06213736, 0xc3020406, 0x95f5feb2, 0x2d01d572, 0x0501acba, 0xcbfe068f, 0xbb7a7b90, 0x8ca4417f, 0x012ad486, 
    0xfec62835, 0x018f14db, 0x01b6c20f, 0x9603014b, 0x79a9ec7c, 0xe5be7289, 0x89aba874, 0x96f18b7a, 0x2fa78500, 0x9d062907, 0x51002c00, 0x010f4e40, 
    0x010b0201, 0x4c3aaa82, 0x07050400, 0x80070405, 0x05060700, 0x007e0607, 0x05030002, 0x00690302, 0xb9870505, 0x00060624, 0xb9870861, 0x2628292b, 
    0x1a1c1e24, 0x0e111316, 0x23bd820c, 0x092c012c, 0x1725bd8d, 0x17322112, 0x25be8207, 0x30030706, 0xc99c3130, 0x478fcf2d, 0x3d5a4e01, 0x48263223, 
    0x9d420744, 0x015829d2, 0x07d8110f, 0x74fe2f2b, 0x002ed98e, 0x7100ffff, 0xdf055cfe, 0x2602e605, 0xea824900, 0x750a072e, 0xfeffa001, 0x01b10900, 
    0xfeffb801, 0x41054f48, 0x072105a7, 0x22238797, 0x4402cb06, 0x23820537, 0xd34d0120, 0x25238f06, 0x79016d0a, 0x47857401, 0x9820238e, 0x6c226b88, 
    0x23962902, 0x0a216b88, 0x8347936e, 0x218f87b3, 0xb3852700, 0x86070121, 0x88122097, 0x08344bbb, 0x82020021, 0x424b089f, 0x8e06df05, 0x2c002200, 
    0x4c404f00, 0x07020b0e, 0x02011400, 0x02012107, 0x4c030305, 0x03020400, 0x80030402, 0x05060108, 0x01008606, 0x01040200, 0x07006702, 0x00610007, 
    0x4d5c0000, 0x05030300, 0x05050061, 0x004e055d, 0x82242700, 0x23222d46, 0x12142412, 0x1c0b0928, 0x2637172b, 0x2a078142, 0x07333717, 0x21071616, 
    0x42012734, 0x23250880, 0x13072722, 0x06964201, 0x7a7cfa37, 0x01d5728b, 0x4750ba2d, 0x7b73bc5a, 0xcbfe068b, 0x203cfe4f, 0x088b4223, 0x525eb732, 
    0xbd01455e, 0xbb7a100e, 0xfdbe417f, 0xba0a0149, 0x3b059942, 0x3febb60e, 0x457ea5ea, 0x890669fc, 0x96f18b7a, 0x0a02be14, 0x72018a03, 0xaa74e5be, 
    0xb382a382, 0xecff4a24, 0x4f43b805, 0x04052d08, 0x02050402, 0x03020080, 0x7e030204, 0x84084543, 0x610126cb, 0x5d010100, 0x144f4301, 0x0432012f, 
    0x02141512, 0x22230402, 0x21372624, 0x20c78214, 0x82de823e, 0x070637bf, 0x24363621, 0x01b26603, 0xd572950b, 0xacbad3fe, 0x068ffbfe, 0x4f433501, 
    0xcbfe350a, 0x2501c628, 0xfe8fe605, 0xfeb6c2f1, 0x96fdfeb5, 0x7aaaec7c, 0x25075043, 0x96f18a79, 0x2b42ffff, 0xe6052505, 0x49000602, 0x0235b882, 
    0x00002a00, 0xd205ae05, 0x12000900, 0x25402800, 0x01030300, 0x269f825f, 0x02004d56, 0x4a5f0002, 0x0133062d, 0x0c101200, 0x0002040a, 0x05090109, 
    0x212b160b, 0x82211321, 0x073508a9, 0x33010002, 0x36372432, 0x02232326, 0xf7cbfd5f, 0x01e1fd01, 0x3a26802f, 0xd6fd63fe, 0x0401d8cc, 0xd5b32929, 
    0xb3d205d2, 0xfee8b2fe, 0x0175fea2, 0xfafae907, 0x277682e7, 0x86000200, 0x32070000, 0x133a7782, 0x67001c00, 0x00010eb3, 0x30b04b4a, 0x1f405850, 
    0x02030106, 0x04030204, 0x71450580, 0x821b2014, 0x000225a3, 0x72020505, 0x05222882, 0x28820504, 0x00210d82, 0x07cc4760, 0x5733bd84, 0x40594e01, 
    0x1c000010, 0x0014161a, 0x22130013, 0x45073325, 0x04240998, 0x00020712, 0x9245c282, 0x45c08705, 0x34200589, 0xfe21c087, 0x45cf82ae, 0x74200585, 
    0x0424ca88, 0xadb34929, 0x7745cd87, 0x83de2005, 0x066f45d2, 0x9707ae2e, 0x54002602, 0x07010000, 0xc4006e0a, 0x410fbb47, 0x0721056b, 0x22238898, 
    0x9175016c, 0x3afe2523, 0xd205ae05, 0x00212389, 0x0f634f4c, 0xfe2a0023, 0x23238b75, 0xaeffce06, 0x22202392, 0x00232389, 0x82ca0607, 0x83002069, 
    0x3dfe21a7, 0x6d245f8c, 0x49f99cff, 0x2105594c, 0x734449f9, 0x00212706, 0x05fb0500, 0xcb8200d2, 0x00004d26, 0xe1510b06, 0x21085346, 0x17852c0a, 
    0x07241082, 0xc605df03, 0x23075b46, 0x2306470a, 0x17822f83, 0x17852720, 0x0a070025, 0x8235066e, 0x8401200f, 0x820620f7, 0x000b2b37, 0x002c402f, 
    0x04030002, 0x82490302, 0x0106210f, 0x24068149, 0x0b000b00, 0x25008311, 0x2b1b0b07, 0x77491333, 0x21033c06, 0x03f72a07, 0x4cfd2ae5, 0x2a7f023b, 
    0x023e81fd, 0xd2052ab6, 0xf898fefd, 0x84fd88fe, 0x2eb382d7, 0x02970706, 0x005f0026, 0x06070100, 0x44e400cc, 0x2a2010df, 0xcb22238e, 0x239f2102, 
    0x006d0a22, 0x45058349, 0x47850b6f, 0x6b878f20, 0x006b0a23, 0x5147853b, 0xf38509af, 0x885d0721, 0x00ce228f, 0x206b96f8, 0x22478893, 0x9604016f, 
    0x88982023, 0x016c2223, 0x25239193, 0x060551fe, 0x2385d205, 0x0a070025, 0x47850276, 0x134108f3, 0x6e0a210a, 0x3741cb98, 0x00cd2209, 0x20cb9610, 
    0x235f85a7, 0x110b0701, 0x21135b41, 0x838c5efe, 0x10017522, 0x08218389, 0x223b88d8, 0x95f90002, 0x2123895f, 0x2393980a, 0x893dfe21, 0x0701275f, 
    0x8aff6d0a, 0xe34649f9, 0x08b74205, 0x4cfe2a22, 0x0625238b, 0xf95fffcf, 0x5223864a, 0x0021069f, 0x20a7832a, 0x06734107, 0x0a270022, 0x4f82a784, 
    0x20077b41, 0x0e8b4a02, 0x82085741, 0x006c2223, 0x424f913b, 0x0a230d53, 0x41950171, 0x2384119f, 0x0b428520, 0x00cf2208, 0x202394b6, 0x090341a8, 
    0x004b0b23, 0x142741e5, 0x238a1b20, 0x23964c20, 0x238a1c20, 0x23964d20, 0xc6080822, 0x20089341, 0x2223934e, 0x42053afe, 0x0021083b, 0x05074327, 
    0x21080341, 0x0f43b112, 0x09fc5307, 0x00034008, 0x0542ff2a, 0x008e0606, 0x00170013, 0x4b87001b, 0x58500db0, 0x02002f40, 0x70020101, 0x0009010d, 
    0x0b0e8609, 0x010c0502, 0x06050706, 0x04010a67, 0x035f0104, 0x56010101, 0x0707004d, 0x50085f00, 0x1b220599, 0x31822e40, 0xa8850221, 0x40592e30, 
    0x0014141c, 0x14191a00, 0x16171417, 0x217d8215, 0x00871113, 0x1f0b0f2e, 0x2337172b, 0x33372113, 0x23073307, 0x0807c54d, 0x13010731, 0x13030321, 
    0x56c60323, 0xa102f7f2, 0x9e56a656, 0x01a3e72a, 0x9efe2a1a, 0x2a0502aa, 0x0156b1fd, 0xd9fea340, 0x77aa5d3b, 0x05bebe3e, 0x44bcbcd2, 0xbe360669, 
    0x68012b04, 0x90fd98fe, 0x88fe7801, 0x01000000, 0x00001e00, 0xdb44fb04, 0x82032008, 0x02032bba, 0x04040067, 0x01065f05, 0xda820505, 0x2206694e, 
    0x824e0057, 0x0bdb442f, 0x21030124, 0x99822137, 0x043c0383, 0x1afcf7fb, 0x3bb5022a, 0x022981fd, 0x4afd3e80, 0xfad20529, 0x6801fd2e, 0xfd7701f9, 
    0x25094743, 0x0602d205, 0x0f845f00, 0x0000b324, 0x77828706, 0x5f002724, 0x88828101, 0x010b0726, 0xafff6aff, 0x5305ed42, 0x278405ad, 0x2782d220, 
    0xf1058823, 0x20278300, 0x24278282, 0xf15d0a06, 0x202586bf, 0x06ef45bf, 0x2382b020, 0xda059d22, 0x97202384, 0x5e222384, 0x2386a8ee, 0x24075350, 
    0x070000ce, 0x212385fc, 0xcf50f602, 0x5301200a, 0x08210daf, 0x21238522, 0x23841c03, 0x8b05c750, 0x21478223, 0x23850308, 0xd9820220, 0x0a060122, 
    0x8f05af53, 0x85212047, 0x1b032123, 0x8e0ab750, 0x4c062347, 0xb3841906, 0x23824620, 0x680a0726, 0xf6ff70ff, 0x2353b586, 0xffff2206, 0x27274100, 
    0x00002a24, 0x5f410605, 0x0f2b460a, 0x46194f46, 0xe3452307, 0x0100221a, 0x296b8200, 0xd205f504, 0x29000900, 0x1f472640, 0x01052d11, 0x04570404, 
    0x0000004e, 0x11090009, 0x06220082, 0x19471a0b, 0xf72a3c0a, 0xfd2ad403, 0x6102455d, 0x5f9ffd29, 0xfefdd205, 0xc4fdf85f, 0xff010000, 0x844dfe11, 
    0x84162057, 0x00032a57, 0x04030004, 0x02020067, 0x06e14901, 0x6127f282, 0x61050500, 0x82244e05, 0x22152e55, 0x2b1c0b06, 0x33163703, 0x37373632, 
    0x08794731, 0x0207312d, 0x26ef2221, 0x3b472830, 0x8be22608, 0x35142d6b, 0xfe5a96fe, 0x2a07e95f, 0x5205e530, 0x76237785, 0x4700c3fe, 0x0427068f, 
    0x029807f5, 0x82890026, 0x0a07248a, 0x4489016c, 0x9f820df3, 0x0000fb24, 0xf784c604, 0x2b402e22, 0x0323e582, 0x43008504, 0x01200741, 0x57203582, 
    0x2206a651, 0x8a4f0001, 0x1a0622fc, 0x093a432b, 0xf7c6042d, 0x022a2cfc, 0x9ffd45a3, 0x82610229, 0x2efa27fd, 0xf8a101fd, 0x3b4e3c02, 0xde052f06, 
    0x2300e605, 0x3b403e00, 0x06030200, 0xd04f0203, 0x0ee44e09, 0x2a4e0720, 0x1e1f2107, 0x230ae64e, 0x08230123, 0x240d284e, 0x21071604, 0x0ce64e26, 
    0x21374e08, 0x04020607, 0xfebacc02, 0xd77492f1, 0xa5b92d01, 0x04930401, 0x870dcafe, 0x80bb7876, 0xa392a443, 0xbdfe1ddc, 0x206c0226, 0xcdfece21, 
    0x11019214, 0x4c01b7bc, 0x7c950301, 0x7a6b97e1, 0x75e5bb70, 0x8bacb0a7, 0xfec3c4e8, 0x000093ec, 0x06a34b00, 0xe605f330, 0x8d002602, 0x07010000, 
    0x7a02d70a, 0xd942cefe, 0xcefe2405, 0x862b35b0, 0x24072adb, 0x30009406, 0x51405400, 0x0b174f10, 0x04050824, 0x104f8008, 0x00082608, 0x07080607, 
    0x0e184f67, 0xed870920, 0x2a2b2c34, 0x1f252729, 0x15181b1d, 0x0a0d0f13, 0x01300008, 0xf18d0a30, 0x36261726, 0x07173233, 0x0624f483, 0x15140307, 
    0xe92efe9f, 0xa9bd019c, 0x17243e5a, 0x4447152c, 0x08413b08, 0x9b772c22, 0x03d8118a, 0xfe2f2b04, 0x4101029d, 0x0f410f12, 0x07de2206, 0x080f4197, 
    0x374b6d20, 0x0f034f06, 0x9307de22, 0x6f222388, 0x6f429601, 0x2047880d, 0x22238898, 0x9125026c, 0x22fe2323, 0x7b41de05, 0x07002507, 0xf201ca06, 
    0x8b089341, 0x986e2083, 0x23a78883, 0xb402cb06, 0xff255f91, 0x07de05ec, 0x2383875d, 0x8a01ce06, 0x0023238d, 0x82550001, 0x05dd3323, 0x002100e6, 
    0x19b04b8c, 0x1fb55850, 0x01040001, 0x07821b4c, 0x07820720, 0x14845920, 0x42274021, 0x08291fd1, 0x5d000002, 0x401b4e00, 0x22299a2b, 0x51570707, 
    0x2b5105e5, 0x40593606, 0x1e000117, 0x1a1b1c1d, 0x11151719, 0x090c0d0f, 0x01210007, 0x072e5121, 0x12363726, 0x16323324, 0x08060443, 0x06070455, 
    0x36323312, 0x21372137, 0x06372303, 0xbc990206, 0x2778f0fe, 0x5801f028, 0x89fba8c5, 0x0ecafe04, 0xfeac7d8f, 0xae2828fd, 0x1ed099b7, 0x0226bcfe, 
    0x05cb836c, 0xb914f44a, 0xf1ec5601, 0x80b75701, 0x7a6b92e2, 0xfeeeedff, 0xe890a7fe, 0x68d8e6fc, 0x84ffff84, 0x05ff42ff, 0xff429720, 0xff552a18, 
    0x062207ec, 0x002f0094, 0x050e41b2, 0x04430e20, 0x012d2707, 0x4c030600, 0x108a401b, 0x10820920, 0x23063541, 0x0504002f, 0x20242143, 0x073d410a, 
    0x31a23320, 0x57090929, 0x0606004d, 0x430a6100, 0x59240558, 0x00011b40, 0x21051161, 0x5d432325, 0x07092607, 0x2f012f00, 0x065d430b, 0x21064941, 
    0x5d433417, 0x1b574112, 0x47bd712e, 0x3e5aa7bd, 0x152d1723, 0x3a084546, 0x23216241, 0x8898373b, 0x22065e43, 0x410303a0, 0x00220e6d, 0x6f41ff00, 
    0x07dd2505, 0x00260097, 0x22056f41, 0x427a016d, 0x23880d93, 0x23889320, 0x9b016f22, 0x98212396, 0x22478702, 0x912a026c, 0x22fe2523, 0xe605dd05, 
    0x00254785, 0x01ca0607, 0x208394f1, 0x2083986e, 0x235f8797, 0xb902cb06, 0xff255f91, 0x07dd05ec, 0x2223885d, 0x8d8f01ce, 0x056f4723, 0x050d0629, 
    0x000b00d2, 0x82244027, 0x0304310f, 0x02680401, 0x56000001, 0x0205064d, 0x03570303, 0x240fab49, 0x03211333, 0x3c038621, 0x3101f72a, 0x64890264, 
    0xfef73201, 0x76fd6ace, 0xfdd20569, 0xfa5a02a6, 0xfd7b022e, 0x23cb8385, 0x5efeffff, 0x83825f83, 0x0000a127, 0x750a0600, 0x083f4fb4, 0x070d0622, 
    0x1782bf83, 0x0a070125, 0x8d63016d, 0x0547509b, 0x6e20238c, 0x98202398, 0x47825f85, 0x13026c22, 0xfe214791, 0x8383893a, 0xbb002123, 0x8213bb4c, 
    0x888f206b, 0x006b2247, 0x11734cbc, 0x8c30fe21, 0x006f2447, 0x4648f92b, 0xf929058b, 0x2b35b048, 0x00020000, 0x08e48269, 0xd2059926, 0x17001300, 
    0x38403b00, 0x0307090c, 0x02040a05, 0x00050b00, 0x000b0068, 0x020b0102, 0x06010867, 0x034d5606, 0x23077f58, 0x14151617, 0x260ca94b, 0x2b1f0b0d, 
    0x41230701, 0x23210665, 0x07714137, 0x07210528, 0x1c990621, 0x6b41ae79, 0xcefe2c05, 0x7a1c79af, 0x2c32012b, 0x822c8902, 0xb1fe3605, 0x021b77fd, 
    0xaeca0489, 0x7b02e4fb, 0x1c0485fd, 0xfe0801ae, 0x280383f8, 0x0000a4ae, 0xfe2a0001, 0x39bf834d, 0x2b001800, 0x04002840, 0x04020100, 0x01056801, 
    0x4d200303, 0x21020200, 0xbb82004d, 0x06006128, 0x4e062906, 0x00821124, 0x07221526, 0x012b1d07, 0x41060549, 0x31340bf7, 0x22210207, 0x3027cb02, 
    0x083b4728, 0xfd540125, 0xcffe6976, 0x24090b42, 0x96fe3514, 0x060c495b, 0xfdfb0123, 0x07154285, 0xc3fe7625, 0x82ffff00, 0x84c02087, 0x00262287, 
    0x257282a1, 0x04da0a07, 0x178a004f, 0x25058341, 0xd90a0700, 0x1f820404, 0x0033b782, 0x05580800, 0x000d00d2, 0x002a402d, 0x01020005, 0x82680205, 
    0x5f042f19, 0x04020607, 0x034d2004, 0x21010101, 0x12824e01, 0x0d000d22, 0x0282b882, 0x1c070825, 0x4207012b, 0x212709a9, 0x2b580813, 0x41ceb7fd, 
    0xac87063a, 0xfad20526, 0x7b0228fb, 0x4182a287, 0x6f820020, 0x08ecff23, 0x226f82d6, 0x4599001a, 0x2025054f, 0x01000400, 0x062c4106, 0x004d5625, 
    0x44590707, 0x022005e2, 0x26075746, 0x5024b04b, 0x93244058, 0x02022127, 0x46060f45, 0x1b2a0655, 0x07002740, 0x07030403, 0x2e8e8004, 0x5929298f, 
    0x01174059, 0x13161700, 0x05306611, 0x06070827, 0x011a0005, 0x0580461a, 0x37262623, 0x35df8937, 0x32331606, 0x21133736, 0x06000603, 0x63e8ab14, 
    0x77fd121b, 0xe683fe67, 0x02662e08, 0x33016689, 0x6a6015a6, 0x60159c76, 0x28643201, 0x7f14bafe, 0xfd6ea5ed, 0xfdd20595, 0xfc6a0296, 0x8d798117, 
    0xfd450281, 0xfcfef9a7, 0x07774300, 0x02d20526, 0x00a10006, 0xb32a0f83, 0x8e070000, 0x2700d205, 0x5f4da100, 0x8f07231f, 0x2784f105, 0x231a5f4d, 
    0xda05a407, 0x5f4d2384, 0x4d09201a, 0xa1200517, 0x211b5f4d, 0x47852909, 0x211b5f4d, 0x23850a09, 0x211b5f4d, 0x23852809, 0x26185f4d, 0x080000fb, 
    0x8347075a, 0x4d0221b3, 0x220a0f61, 0x61b80201, 0xf720080f, 0x71222382, 0x23842e07, 0x23846420, 0x83050f61, 0x06075e23, 0x00280127, 0x06ac0700, 
    0x20fb8419, 0x2123849f, 0xa54dca68, 0x05a34d0c, 0x24246b41, 0x0600002a, 0x0aa3410d, 0x12fed222, 0x250b7b41, 0xc1092700, 0xe34e6e03, 0x0102220a, 
    0x05c55fb8, 0xb0206382, 0x83412b82, 0x202b840a, 0x0aeb4e83, 0xeb4e2b83, 0x12fe2108, 0x830b8b41, 0xe304212b, 0x8217a362, 0x0a93412b, 0x05212b83, 
    0x0afb4e08, 0x1f4f0220, 0x82ce200a, 0x0a9b412b, 0xe9205784, 0x8217b362, 0x0aa3412b, 0x07205784, 0x8b0a0b4f, 0xfefb2257, 0x0bab4112, 0x39205784, 
    0x830ab341, 0x07c35f2b, 0x2b82f720, 0x840ab341, 0x4150202b, 0x2b830abb, 0x2306bb41, 0x12fe2a00, 0x2609fb45, 0xc1090700, 0x8200ec01, 0x2a002e2a, 
    0x52020000, 0x0300d205, 0x16401900, 0x05c15102, 0x50000021, 0x033505e1, 0x03110300, 0x012b170b, 0x02132103, 0xcffef752, 0xfad205f7, 0x432c822e, 
    0x04210563, 0x220a8291, 0x82c50026, 0x00072547, 0x003f02c5, 0x24067b43, 0x8f076903, 0x25178402, 0x6b0a0701, 0x8746e0fe, 0x00002511, 0xd8086803, 
    0xe4222388, 0x2385e3fe, 0x21094767, 0x23822600, 0x5f850a20, 0x01005637, 0xe9d60a06, 0xb1080022, 0x22b00101, 0xff2b35b0, 0xfe21ffff, 0x87b7834c, 
    0xcf062343, 0x134701fe, 0x52022313, 0x23889707, 0x88ffcc22, 0x82115b47, 0x8a372067, 0x00cb2223, 0x202394c6, 0x23238968, 0x87ff6d0a, 0x5d222394, 
    0x6b888507, 0x5bffcf22, 0x1e222394, 0x23885d07, 0x9cffce22, 0x5e222394, 0x1b419307, 0xff6f2208, 0x23238fa8, 0x51fe7eff, 0x0025fb89, 0xcf760a06, 
    0x077b4100, 0x079c0223, 0x223b8898, 0x8f38006c, 0x2a00213b, 0x9920ef82, 0x6e20cb8a, 0xff25cb91, 0x020000fc, 0x232389ea, 0xb4fecd06, 0x2214c341, 
    0x87a70742, 0x110b216b, 0x21155b41, 0x4789ac02, 0x00710a23, 0x238f8f3a, 0x3afee3ff, 0x0125cb89, 0xfe6c0a07, 0x10c741dd, 0xf9ff3b2a, 0xd2054602, 
    0xd0020602, 0x5220e788, 0x00210f83, 0x200f84c5, 0x26d382b3, 0x00d205d3, 0x45c50027, 0xfb831cdf, 0x201f9b42, 0x224b82d2, 0x84f105d4, 0x1a03464b, 
    0x05e90323, 0x462384da, 0x05211a03, 0x46238548, 0x05211b03, 0x4623856e, 0x05211b03, 0x4623854f, 0x05211b03, 0x4623856d, 0x04231b03, 0x8347079f, 
    0x1b0346b3, 0x07b60423, 0x4623842e, 0x00241603, 0x0300002a, 0x841e9f42, 0x1ee74223, 0x82020121, 0x06cc2247, 0x286b8319, 0x00007a01, 0x680a0601, 
    0x124b46a4, 0xd7410320, 0x42022026, 0xe7410b0f, 0x01003820, 0x0000edff, 0xd2052004, 0x29000b00, 0x01032640, 0x5f020101, 0x67020200, 0x05210553, 
    0x15c15a5f, 0xe3552320, 0x21073f05, 0x13072103, 0xa305012a, 0x032afbfe, 0xfbfe2a3c, 0x2a0501a3, 0xfdd803fd, 0xfd28fcfd, 0x5b84ffff, 0x8f073126, 
    0xea002602, 0x0722d982, 0xc3436b0a, 0x09535a07, 0x30222384, 0x2388d808, 0xabffe422, 0x840f0345, 0x86a38223, 0x0a062323, 0x03455cd6, 0xfeeb220d, 
    0x86c3834c, 0x0607241f, 0x43cbfecf, 0x43850f3b, 0x88970721, 0x00cc2223, 0x10834350, 0x0000ed24, 0x238a2004, 0x6c01cb21, 0x9351058f, 0x2047840a, 
    0x23238930, 0x4f006d0a, 0x25224794, 0x6b888507, 0x2300cf22, 0x20222394, 0x23885d07, 0x6c00ce21, 0x6b8f052f, 0x93072622, 0x22081b41, 0x9170006f, 
    0x51fe2147, 0x0027fb89, 0x01760a07, 0x4100009d, 0x2022067b, 0x3b889807, 0xff006c22, 0xef823b91, 0xcb8a6120, 0xcb966e20, 0x220b1341, 0x457cffcd, 
    0xff200f03, 0x20053741, 0x216b87a7, 0x5b41110b, 0x710a2321, 0x8f910201, 0x893afe21, 0x070125cb, 0xa7ff6c0a, 0x2d0fc741, 0x0000d200, 0xf105d805, 
    0xea002700, 0xfb57b801, 0xec052319, 0x2384da05, 0xfb57cc20, 0x854c201a, 0x2c032123, 0x570a0749, 0x07210eb3, 0x20238671, 0x19fb5751, 0x86530721, 
    0x48332023, 0x478f0af7, 0x23867020, 0x6b059748, 0x238b05ab, 0x0000fb26, 0x4707a206, 0x0220b383, 0x6b056f45, 0x9b4a05ab, 0xba06230e, 0x23842e07, 
    0x9b4a9a20, 0xedff2415, 0x42040000, 0x23822033, 0x271e7b42, 0x00009900, 0x19066605, 0x01206b83, 0x20078b58, 0x158b583b, 0x05d70523, 0x202784d2, 
    0x19b359b7, 0x2208c343, 0x42ea0006, 0x1b44089f, 0x0100271c, 0xecff2900, 0x5b82c104, 0x2b00152f, 0x01002840, 0x01030203, 0x03008002, 0x05c86103, 
    0x52046221, 0x01390597, 0x0e111200, 0x0006070c, 0x05150115, 0x052b160b, 0x34352622, 0x06213736, 0x06b46506, 0x21132f08, 0x01040603, 0x08edcee4, 
    0x0e32010f, 0x574d5707, 0x01ae137a, 0xfe26ad2e, 0xb2bf14de, 0x545c4618, 0x514f0d34, 0x16046d6d, 0xf4e1effb, 0x7783ffff, 0x07d70527, 0x01260297, 
    0x23d1830a, 0xf6016d0a, 0x840fab42, 0x82342023, 0x2423879b, 0x001302d6, 0x0599498b, 0x35b08b23, 0x87e3832b, 0x060221bf, 0x57854783, 0xcf820420, 
    0xdf820f85, 0x00002a24, 0x43821806, 0x25000f2d, 0x0a0d2240, 0x00020304, 0x82014c01, 0x4d5621d5, 0x02320b82, 0x4e025702, 0x0f000000, 0x16120f00, 
    0x190b0511, 0xc982332b, 0x36360326, 0x01210137, 0x2b080282, 0xf72a0307, 0x36443801, 0x014e7a37, 0xfd8601b4, 0xfeb10168, 0xefbdfeab, 0xfed20548, 
    0x44d3fe69, 0xac014f85, 0xb3fc7bfd, 0xfee19202, 0x2007974f, 0x826f8322, 0x820f20d7, 0x06072457, 0x84c001ca, 0x848784a7, 0x251782ef, 0x6e0a0701, 
    0xef903f01, 0x0623238e, 0x917e02cb, 0x3afe2123, 0x47825f89, 0x98006c22, 0x2210bf43, 0x8b75fe2a, 0xce062323, 0x238dfaff, 0x0001003d, 0x070000bd, 
    0x00d20566, 0x4033000e, 0x05010930, 0x004c0102, 0x04050002, 0x82670502, 0x05605db7, 0x074d2029, 0x04040206, 0x824e0421, 0x000e2512, 0x1112110e, 
    0x26062d50, 0x37211321, 0x41330321, 0x29080524, 0x82010323, 0x2a6efecd, 0xa364c302, 0x72010b02, 0xad0176fd, 0xa8fe9ffe, 0xd80469b4, 0x02a3fdfa, 
    0xfd2bfd5d, 0xfd7c0203, 0xcf500084, 0x820f2006, 0x04262277, 0x24548214, 0x04da0a07, 0x21078221, 0xfb830001, 0xf505532e, 0x25001200, 0x0d102240, 
    0x05030809, 0x2006e36b, 0x05e36b56, 0x83015721, 0x00122a85, 0x04111c12, 0x332b180b, 0x267f8313, 0x07172436, 0x41070626, 0x2c0808aa, 0x02136b31, 
    0x11018249, 0x5f35877d, 0x015dfe3b, 0xfe92fee2, 0x0542d6a6, 0x0278fdd2, 0x532a730e, 0x341e1fd9, 0xdcfc8efe, 0xfec44b02, 0x09974179, 0x02d20525, 
    0x870f0106, 0x08042187, 0x05249f82, 0x1c401f00, 0x56281182, 0x0101004d, 0x01036002, 0x23072a42, 0x11050005, 0x212e8188, 0x01f72a07, 0x8302cd31, 
    0xfbd2052a, 0xab4cfd2b, 0x07082e06, 0x01260297, 0x01000019, 0x00cb0607, 0x12c341c3, 0x63832220, 0x00252385, 0x01ca0607, 0x238b8748, 0x1d062604, 
    0x0b231787, 0x85fb014f, 0x3afe2117, 0x01252f89, 0x006c0a07, 0x0dcf4120, 0x00ffff23, 0x2123832a, 0x3b865d07, 0x23852720, 0xce227f82, 0x7f8299ff, 
    0x01b11222, 0x67068272, 0x3384085f, 0x578b7520, 0xffce0623, 0x22579082, 0x8c3dfe28, 0xff6d227b, 0x113f616f, 0x8a000021, 0x0b062423, 0x53de4c45, 
    0xff2505e9, 0x2b35b0de, 0x20c38400, 0x26238222, 0x00d20555, 0x64190126, 0xe220051b, 0x2a261785, 0xd9065efe, 0x17832406, 0x27241082, 0x8604a802, 
    0xe3820782, 0x41750421, 0x0721078f, 0x27378288, 0x40270024, 0x07141f24, 0x230abf43, 0x03030405, 0x26079541, 0x1a240024, 0x5c111a11, 0x132b06e1, 
    0x3e17021e, 0x21013702, 0x82132103, 0x020e2207, 0x220a8207, 0x8227022e, 0x03540808, 0xd401f72a, 0x0b0e0780, 0x40441f04, 0x01600116, 0xcdfef7d6, 
    0x27210a74, 0x4f582b11, 0xfe95fe1a, 0x160887ff, 0x1b0e0a17, 0x05740918, 0x3054fdd2, 0x5151ae98, 0x022f98af, 0x022efaac, 0xc7b03abf, 0xaaca655c, 
    0x0241fd34, 0xc5a333bf, 0xaac25c64, 0x0041fd37, 0x2f05f741, 0x97078807, 0x24012602, 0x07010000, 0x5e03cb06, 0x2511f741, 0x88070000, 0x23879807, 
    0x026c0a23, 0x212391cf, 0xef833afe, 0x01212389, 0x10934177, 0xc0fe2a22, 0x00262389, 0x05d90a07, 0x8388007d, 0x02d20523, 0x87838306, 0x450f9793, 
    0x2c2b061b, 0x1600d205, 0x21402400, 0x45020612, 0x1624141a, 0x18111600, 0x08071a45, 0x16160147, 0x37363617, 0x21032113, 0x27022e01, 0x03070606, 
    0x5201f72a, 0x431f5901, 0x0d1a0b1e, 0xf7380176, 0xc6feaefe, 0x2032321e, 0x710b1a0f, 0x0efdd205, 0x6f7ab546, 0xcb024ce1, 0xac022efa, 0x61947e42, 
    0xfd43e38e, 0x08434e53, 0x072c0623, 0x28eb8285, 0x0100002c, 0x01cf0607, 0x110f4147, 0x06000025, 0x8897072c, 0x02cb2223, 0x222391b2, 0x820622fe, 
    0x252385c7, 0xca060700, 0xdb43f401, 0x233b8a08, 0x73016e0a, 0x5f8e3b91, 0x7401cc22, 0x98202396, 0x01255f85, 0x026c0a07, 0x21239124, 0x83893afe, 
    0x00212383, 0x12b741cc, 0x238b7520, 0x00ce0623, 0x2023922e, 0x22478c3d, 0x431b006d, 0x00250d6f, 0xfe11ff01, 0x2d23834d, 0x28002300, 0x0e1a2540, 
    0x01010302, 0x4e51024c, 0x03033605, 0x00004d57, 0x00610400, 0x04610404, 0x18112c4e, 0x0b052215, 0x0b9e5f1b, 0x2012c341, 0x0caa5f23, 0x2019cf41, 
    0x0eb95f07, 0x2215dc41, 0x82c3fe76, 0x06435782, 0xd2052c22, 0x2a2fa782, 0x0d182740, 0x01030102, 0x0301044c, 0x834d5603, 0x20a884ad, 0x07486005, 
    0x19111827, 0x0b062213, 0x0842571c, 0x60422320, 0x13212207, 0x20b28921, 0x29a98333, 0x3126f002, 0x083b4727, 0x6a422611, 0xc8fe2109, 0x220d8742, 
    0x602905e2, 0x65200965, 0x420a7a42, 0xae210c93, 0x22ab88f6, 0x43060000, 0x1e36050b, 0x05111b40, 0x01020002, 0x0201034c, 0x014d2002, 0x21000001, 
    0xa0824e00, 0x0704102e, 0x21212b1a, 0x37363613, 0x0107020e, 0x03239882, 0x82070606, 0x012a080d, 0xfe350521, 0x320a72c8, 0x5a623e1f, 0xfee3fd34, 
    0x3801f7ab, 0x1a2f0c77, 0x02387c43, 0x02540154, 0x89e341ad, 0x427d915e, 0x7e8254fd, 0xdb4c3528, 0x48b0756d, 0xb343f202, 0x06df4206, 0x00003827, 
    0xcc060701, 0x14cb5101, 0x93232382, 0x84012602, 0x6f0a2323, 0x7f427c01, 0x21bf8311, 0x23875d07, 0x01ce0622, 0x2110c74c, 0x23842a00, 0x47888f20, 
    0xb3006b22, 0x230f674c, 0xc0fe2a00, 0x00216b89, 0x276b8527, 0xd90a0701, 0x0000f203, 0x200e1b6e, 0x274f824e, 0x00d20550, 0x24380106, 0x0525cb88, 
    0x010602d2, 0x057f432c, 0x085efe27, 0x0024066c, 0x250f8326, 0xa8022700, 0x43821906, 0x6c0a0724, 0x07820806, 0x71000230, 0xf705ecff, 0x1100e605, 
    0x2d002100, 0x59612a40, 0x01052509, 0x61000202, 0x30067b4a, 0x00011213, 0x2112191b, 0x080a2113, 0x11011100, 0x0d666006, 0xf86c0420, 0x32032105, 
    0x3206f06c, 0x1415020e, 0xb1c60216, 0x7397f3fe, 0xbb2e01d6, 0x820d01b0, 0xfe2a0808, 0xba7baed3, 0x8ca13f7d, 0x3f7eba7c, 0x018f14a2, 0x01b7c111, 
    0x9502014b, 0xc2f0fe8f, 0xfeb4feb7, 0x0f0195ff, 0x73e6be73, 0x0582aca6, 0xaca77222, 0x9f84cf83, 0x028f072d, 0x00410126, 0x0a070100, 0x79d6006b, 
    0xc3850f87, 0x87850721, 0xcf062323, 0x23855101, 0x260a0f68, 0x06c1ff61, 0x85100608, 0x07002523, 0x9f00d50a, 0x2908ff87, 0xa2069006, 0x30002000, 
    0xb04b6b00, 0x4058501e, 0x00030020, 0x04030604, 0x06060069, 0x01026101, 0x4d5c0101, 0x05050108, 0x68626100, 0x401b2206, 0x23228824, 0x4d560202, 
    0x00202784, 0x59382690, 0x21221940, 0x282a0001, 0x30223021, 0x14151819, 0x080d0f12, 0x20012000, 0x340ebf70, 0x1e323133, 0x37323302, 0x06072137, 
    0x16160706, 0x02021415, 0x184b4104, 0x330c0c33, 0x5d704a45, 0x011e0519, 0x8312200a, 0x73403b5f, 0x185941d6, 0x1a28f282, 0x5d69c4b6, 0x7cca4c01, 
    0x20146141, 0x09634100, 0x3f419720, 0x01cc2108, 0x6905f34a, 0x87410b4f, 0x22238905, 0x41bc02cb, 0x238e1063, 0x436d0a21, 0x47910623, 0x6b885d20, 
    0x9201ce22, 0x93204796, 0x2208f341, 0x969e016f, 0x228f8923, 0x424501ba, 0x23881617, 0x936e0a21, 0x51fe258f, 0xe605f705, 0x00256b85, 0x02060b07, 
    0x05134163, 0x07201783, 0x0021a786, 0x22178527, 0x87060701, 0x0bf774af, 0x0623f78e, 0x96aa00cd, 0x85a7208b, 0x07012367, 0x6341110b, 0x92082117, 
    0xe822f788, 0x6f7ed900, 0x05eb420f, 0x0b232389, 0x96540138, 0x8898206b, 0x026c2247, 0x153f412d, 0x0a224789, 0x334302e7, 0x09b35206, 0xd8206b86, 
    0xec204788, 0x08216b97, 0x22d788d3, 0x965a0136, 0x234788b3, 0x9301020b, 0x0820b395, 0x0a212388, 0x21239398, 0xab413afe, 0x07012509, 0xd5006c0a, 
    0x41103b6f, 0x0a230e8b, 0x93300271, 0x430621fb, 0x0b236b89, 0x9f80014b, 0x4c0b218f, 0x4d2023a2, 0xc6202398, 0x20081f41, 0x8323934e, 0x420720d7, 
    0x002106a7, 0x05374327, 0xc37edf88, 0x82002014, 0x900621e7, 0x45253384, 0x07010000, 0x168f4306, 0xd743238c, 0x41238b16, 0x9022182f, 0xc3828507, 
    0x5f456b85, 0xfe712613, 0x0690063a, 0x412387a2, 0x6123149b, 0x4d06c1ff, 0x41240597, 0x27000000, 0x8a058345, 0x105343bb, 0x02e60524, 0x2b820106, 
    0x00ffff2f, 0x07ecffb3, 0x00e60522, 0x01410127, 0x0c7f512b, 0xb8010222, 0x840b336b, 0x88f12027, 0x07336b27, 0x820c4f5c, 0x86372023, 0x5c40204b, 
    0xff231747, 0x859708ec, 0xa0022123, 0xe37e2384, 0x20238212, 0x202386bc, 0x0a3753c5, 0x820c375c, 0x869e2023, 0x5ca72023, 0x2382172f, 0x2386bb20, 
    0x2384c420, 0x2011e37e, 0x22b382f2, 0x8419060a, 0x841320d7, 0x94682123, 0x200d557e, 0x0acb4703, 0x25001b26, 0x36403900, 0x78084d50, 0x34230614, 
    0x7801074d, 0x35300715, 0x1c1d4e00, 0x20210001, 0x251d251c, 0x12131719, 0x2105d947, 0x19780808, 0x05d9470d, 0x36210130, 0x23263435, 0x13060622, 
    0x37363632, 0xdf470621, 0x4afe3115, 0xa102f702, 0x7eb6778c, 0x7db577e7, 0x0108fd21, 0x3315e647, 0x1c1c6103, 0xb36caca6, 0xb36b43fd, 0xa71b1c6c, 
    0x000000ac, 0x202ae341, 0x05b34871, 0x48081b42, 0x05212823, 0x203382e6, 0x09f3466f, 0x07240f8f, 0x0126028f, 0x67481f82, 0x4503200a, 0x003b070f, 
    0x00540002, 0x052f0800, 0x001200d2, 0x403f001b, 0x0003003c, 0x04030504, 0x6b010667, 0x09240896, 0x05050207, 0x29080e6f, 0x00011313, 0x1a131b13, 
    0x47181416, 0x07310843, 0x12011200, 0x2b160b0a, 0x02242221, 0x24123637, 0x09247333, 0x13253508, 0x07062223, 0x02331606, 0xebfec2a3, 0xe7272878, 
    0x04c24d01, 0x4cfd2b96, 0x297f023b, 0x023e80fd, 0x41fc29b6, 0xf8a5afa4, 0xa5a92a2a, 0xef4b01ad, 0xad4d01f1, 0x2606dd6e, 0xf3de03fa, 0x76f0fdfe, 
    0x40200817, 0x0c21a782, 0x05515400, 0x01000329, 0x67010302, 0x7b040400, 0x05200605, 0x2a074951, 0x0d0f1315, 0x0c000c00, 0x51062126, 0x322a05cf, 
    0x06071616, 0x21230406, 0x3b7c1303, 0x4525080a, 0x1958d9a9, 0xf9fea418, 0x51f3feab, 0x9c8ddc7a, 0x8d6f1213, 0x81d205db, 0xe29493e2, 0x0219fe7f, 
    0x706e90dd, 0x08eb6e8b, 0x97074027, 0x77012602, 0x05974400, 0x10a34618, 0x002a0027, 0x07400500, 0x7c238798, 0x2748084b, 0x02002308, 0x23822e00, 
    0xc3824420, 0x1d00103a, 0x3a403d00, 0x03121c1d, 0x090c0304, 0x0b040102, 0x0102020a, 0x04004c03, 0x0420d582, 0x0321d582, 0x21d58403, 0xd5834d20, 
    0x4e022131, 0x191b0000, 0x10001618, 0x212a1000, 0x7d180706, 0xd583051d, 0x07170724, 0xd9820627, 0x3617012f, 0x23263637, 0x32330323, 0xf72e2737, 
    0x39dd8302, 0x6e8d1618, 0x5d658c59, 0x50f3fe69, 0x485dda01, 0x8c6f1212, 0x29dc53dc, 0xe5845525, 0x41d58634, 0x19b4559f, 0xd00319fe, 0x706e42a5, 
    0x0707fe8b, 0x00820097, 0x86000226, 0xc4060000, 0x1635a782, 0x3a001f00, 0x01113740, 0x01074a00, 0x03050304, 0x00800504, 0x24a28205, 0x06670105, 
    0x22a38601, 0x51004d56, 0x1f2e062c, 0x0017191d, 0x22160016, 0x08332611, 0x777c1a0b, 0x077d4108, 0x4107747c, 0xe1760784, 0x417c2005, 0xfe210b87, 
    0x06697ccf, 0x9041c220, 0x29042407, 0x41adb349, 0x05270793, 0x317bfdd2, 0x8290b4fe, 0x500020ad, 0x05280587, 0x02d20540, 0x00770106, 0xb0200f83, 
    0xf128b782, 0x2700da05, 0xb1017701, 0x08130345, 0x00020025, 0x0584ff71, 0x00e605f7, 0x00270014, 0x270c4074, 0x03050217, 0x00021013, 0x4b4c0205, 
    0x58500ab0, 0x82002240, 0x030522e6, 0x312b8272, 0x04008602, 0x00610104, 0x4d5c0101, 0x00050500, 0xb5560662, 0x401b2205, 0x23248323, 0x80050304, 
    0x5932259a, 0x00011340, 0x1c1e2426, 0x11121516, 0x1400080a, 0xa27c1401, 0x15122e0f, 0x13070214, 0x03062721, 0x12361733, 0x0aae7c35, 0x694c3720, 
    0xa7bb2b0e, 0x60fafea0, 0x5aeea17d, 0x6c4c6665, 0x3b8d2206, 0x0e6f4c36, 0x67feea2e, 0x9500ff7e, 0x9014022d, 0x9323015f, 0x2107724c, 0xa582000f, 
    0x4dfe5924, 0xf7824406, 0x30002324, 0x51659200, 0x210e3005, 0x11030601, 0x08050201, 0x03020001, 0x83401b4c, 0x89042010, 0x06a16a10, 0x0600222a, 
    0x07610306, 0x03030204, 0x3a05334c, 0x02006102, 0x004d5d02, 0x62010000, 0x61010100, 0x401b4e01, 0x04010726, 0x844d5604, 0x9900202a, 0x40593b28, 
    0x00242515, 0x242a2c00, 0x00302530, 0x27230023, 0x09242428, 0x012b1a0b, 0x3d650703, 0x06072a05, 0x37262223, 0x23373137, 0x08098306, 0x36370276, 
    0x33363612, 0x33171632, 0x12320137, 0x26263637, 0x07022223, 0x44061206, 0x330814f7, 0x182c1646, 0xb15b4324, 0x25131b9e, 0x95ed490b, 0x2369f8b6, 
    0xf8cc8b1a, 0x26be9888, 0xbffd240b, 0x1925e2bf, 0xaf7d902d, 0x9d2626f3, 0x2efad205, 0x04293176, 0x9f12d803, 0x6bde769e, 0x5901c989, 0x1801a3d9, 
    0x668975d1, 0x0129fbdb, 0xdf93e00e, 0xe5f4fe7e, 0x00fbfee8, 0x3d05877a, 0x00d2054f, 0x0014000d, 0x08304033, 0x01040201, 0x0004004c, 0x02040102, 
    0x05050067, 0xff825f00, 0x064d5622, 0x08384b18, 0x1012142b, 0x000d000e, 0x2116110d, 0x05ef5707, 0x12323d08, 0x07060607, 0x23032113, 0x20331303, 
    0x23213637, 0x4502f72a, 0x1925eaff, 0xfedd89ac, 0x58f0c4ae, 0x1201dc81, 0xedfe2626, 0xfed205db, 0xd998dbf6, 0x02bbfd37, 0x03ecfd14, 0x00e9e20b, 
    0x2706df42, 0x0297074f, 0x00800126, 0x20057744, 0x10f7493d, 0x22fe2a23, 0x85a78205, 0x07002523, 0x9801ca06, 0x8a08b344, 0x6e0a233b, 0x3b91fe00, 
    0x05000022, 0x0623238a, 0x4a2b00cd, 0x2a201033, 0xa7202384, 0x01235f85, 0x5c110b07, 0x9776068b, 0x2023840c, 0x23238798, 0xae016c0a, 0xfe216b91, 
    0x25a7893a, 0x6c0a0701, 0xe74a6f00, 0x832a2010, 0x5d072123, 0x00214785, 0x25238527, 0xce060701, 0x4f821301, 0xda751220, 0x49b12008, 0x6b560754, 
    0x23578b05, 0xd2ffce06, 0x3108578d, 0x2e000300, 0x4c0593fe, 0x17000e07, 0x22001d00, 0x44404700, 0x03050101, 0x04021a22, 0x01010705, 0x00010a04, 
    0x174c0401, 0x03031516, 0x00010c4a, 0x0f820249, 0x82860021, 0x04052636, 0x00670503, 0x25228204, 0x04040057, 0x26825f01, 0x224f012f, 0x14112115, 
    0x1c060618, 0x1607012b, 0x06e04116, 0x27016708, 0x21032301, 0x17322113, 0x01372537, 0x23261333, 0x37361323, 0x7e042736, 0x1d899f5a, 0xde89ac1a, 
    0xfebcadfe, 0x570170ad, 0xcefe588b, 0x284502f7, 0xcdfe3426, 0xc3f3fe34, 0xdc2a22b1, 0x161fb9f0, 0xe6a10650, 0x98aff22d, 0xbbfd37d9, 0x97fcfc01, 
    0xfd6f0312, 0x04d205ec, 0xfb6c4e86, 0x05c601fd, 0xb8223dfe, 0x97423984, 0x05aa2406, 0x821500d2, 0x40423acb, 0x0401073f, 0x0b0e1101, 0x04020408, 
    0x01004c02, 0x01060406, 0x03058004, 0x290e8202, 0x00000086, 0x07000607, 0x13820067, 0x0057063a, 0x5f040606, 0x04060400, 0x1121234f, 0x17121212, 
    0x1e060820, 0x0421012b, 0x1734c484, 0x13013337, 0x23072721, 0x03212701, 0x16210121, 0x27263637, 0x42080782, 0x0e013a02, 0xa21924e5, 0xd6964273, 
    0xfecae8fe, 0xdd9a60f4, 0xfe812301, 0xcefe5c9d, 0x0201b801, 0x590f23f4, 0x05fafe82, 0xd4fb01d2, 0x7539c794, 0xfec4fea7, 0x01adad9c, 0xd6fde644, 
    0xd6012703, 0x82018058, 0x24b78286, 0x05000012, 0x2bb7826d, 0x00180011, 0x010cb564, 0x4c010100, 0x22058644, 0x8201061c, 0x030027c4, 0x00670001, 
    0xc2600707, 0x6c082006, 0x1b2806f7, 0x00002140, 0x57000104, 0x00242482, 0x04010304, 0x593c2392, 0x00001240, 0x12141618, 0x11001100, 0x11211611, 
    0x1b0b0911, 0x2313332b, 0x21133337, 0x25118443, 0x26915b48, 0x88437691, 0xefc5210a, 0x24098843, 0x02e52802, 0x108b43c5, 0x01002b08, 0xeaff2e00, 
    0xe6053a05, 0x3b002c00, 0x04003840, 0x04050105, 0x01008001, 0x02010502, 0x0505007e, 0x03006103, 0x004d5c03, 0x42180202, 0x1f2d0a9f, 0x171a1b1d, 
    0x05070915, 0x012c0004, 0x06fc452c, 0x21372622, 0x2805e944, 0x27272636, 0x36372626, 0x06c07036, 0x26366808, 0x07062223, 0x17161606, 0x07021e17, 
    0x5d020406, 0x7bfffeb3, 0x0b290116, 0xa67a7c92, 0x76780d0e, 0x1bbbb09e, 0x0601a915, 0x73eea4a2, 0x06dafe13, 0x8f757378, 0x65370a0d, 0xb878803e, 
    0xfe22155b, 0xd86e16bd, 0x6971719e, 0x1e534c55, 0xa6c22c29, 0x7171ca87, 0x635984c8, 0x48374b61, 0x1d210f2e, 0xcb7ead6c, 0x85fffff3, 0x970725cb, 
    0x8d012602, 0x20065744, 0x10f75344, 0x2389ef84, 0x016d0a23, 0x25239105, 0x3a055efe, 0x4785e605, 0x0a070027, 0x00340175, 0x215f9100, 0x3b946e0a, 
    0x3b8b2220, 0x01ca0623, 0x203b8a8a, 0x24538598, 0x6c0a0701, 0x119b7a01, 0x3afe2e22, 0x23833b89, 0x56610021, 0xbf8510ef, 0x4785d720, 0x0b070025, 
    0x89300147, 0xc608215f, 0x01251785, 0x00320b07, 0x10ab54f3, 0x07205f84, 0x00238386, 0x836c0a27, 0x5a8b885f, 0x6f8415f3, 0xe6052908, 0x8d010602, 
    0x01000000, 0xeaff1c00, 0xe6052905, 0x3b002a00, 0x02003840, 0x02010501, 0x05008005, 0x04050104, 0x0101007e, 0x4c072f42, 0x210807b9, 0x014e005d, 
    0x25272800, 0x12151723, 0x000d0f11, 0x072a012a, 0x052b160b, 0x3e372420, 0x36373702, 0x1e423736, 0x42212005, 0x0623072e, 0x82070706, 0x054a4203, 
    0x06215708, 0xfe3c0204, 0x22f1feef, 0x83db9314, 0x0d9c648d, 0x7373660c, 0xd9fe17a3, 0x0401a718, 0x74efa2a5, 0xc1fb1b16, 0x0c957faa, 0x7c79790e, 
    0x29011bc2, 0x16a0fe2e, 0xad7dcaf4, 0x17211d6d, 0x5f4c5353, 0xc9835963, 0x86ca7171, 0x292dc3a5, 0x564d531e, 0xed717167, 0xc78200f7, 0x00002b3b, 
    0xd2058e05, 0x36001c00, 0x01073340, 0x4c010403, 0x02040300, 0x80020304, 0x087b4b00, 0x02020029, 0x05065f01, 0x5d010102, 0x6308054d, 0x221c001c, 
    0x23282122, 0x2b1b0b07, 0x24361333, 0x01072133, 0x07161636, 0x23210406, 0x37203337, 0x37232336, 0x07222101, 0x23af2b03, 0x02e31501, 0x46fe2899, 
    0x1764d998, 0xfeacfe24, 0xc928c9f6, 0x23220001, 0x011eb1ff, 0x9b8dfe7b, 0x2404b31a, 0xfeefdbd3, 0xb044144f, 0xf4eed68e, 0x01b1d4d0, 0xc2fb988d, 
    0xbc209b82, 0xa7209b82, 0x07249b82, 0x1e402100, 0x01219182, 0x06954701, 0x0807914a, 0x0007002e, 0x11111107, 0x2b190b05, 0x07213713, 0x13210321, 
    0xc1042abc, 0xcd39fe2a, 0x04cdcefe, 0xfbfdfdd5, 0x00d5042b, 0x00ffff00, 0x055efebc, 0x022b4b82, 0x009b0126, 0x0a070000, 0x853d0175, 0x21638317, 
    0x17859707, 0x0a070125, 0x4314016e, 0xbc221007, 0x3b8b22fe, 0x01ca0623, 0x203b8a94, 0x223b8898, 0x92c4016c, 0x893a203b, 0x225f823b, 0x426c006c, 
    0xbc2210cb, 0x238b75fe, 0xffce0623, 0x222390ce, 0x8c3dfe75, 0xff6d2247, 0x0fdf59bc, 0x00bd0022, 0x2f05b360, 0x402a000e, 0x04010527, 0x04010201, 
    0x01038002, 0x27113741, 0x210e000e, 0x06231111, 0x2f08c54b, 0x21032107, 0x07222313, 0x1e0cbd07, 0x7203d9e6, 0x30064241, 0x07158981, 0xb3492904, 
    0x2bfbfdad, 0x317bd504, 0x22008200, 0x41b70101, 0x262d0897, 0x02002340, 0x00860201, 0x00010100, 0x271c8357, 0x0203045f, 0x4f010001, 0x9c410b82, 
    0x19062306, 0x9c41012b, 0x41022406, 0x413c032a, 0x01200f9d, 0x25079b41, 0x21001400, 0xb5821e40, 0x5f030227, 0x56030300, 0x2143824d, 0x59826101, 
    0x4e015b3b, 0x21161111, 0x1b0b0523, 0x0607212b, 0x07333316, 0x26262223, 0x13313737, 0x30598421, 0x0b0ce102, 0x273e3c5d, 0x56a65f8b, 0xfecd0c17, 
    0x06044238, 0x2a434a27, 0x8c9637eb, 0x05094249, 0x002b4e83, 0x0542ffb6, 0x008e06a7, 0x7e58000f, 0x1e20052f, 0x012ac082, 0x01077002, 0x86060506, 
    0xc9820104, 0x2707247e, 0x05570505, 0x1d401b4e, 0x02212082, 0x221f9785, 0x820f4059, 0x000f2457, 0x8211120f, 0x08122600, 0x172b1c0b, 0x2d968301, 
    0x33073337, 0x03032107, 0x01b60721, 0x92827a54, 0x5c0d033b, 0x2af85dbd, 0x8ebbb5fe, 0xbe5ee7fe, 0xe302b002, 0xfdbcbcfd, 0xa7fc84fe, 0x224282be, 
    0x4200ffff, 0x022306ef, 0x849b0106, 0xff672dab, 0x05ee05eb, 0x001400d2, 0x03214024, 0x2205a85b, 0x63000202, 0x102a095c, 0x06090b0f, 0x01140005, 
    0xdc580514, 0x37262805, 0x06032113, 0x5d323316, 0x3008056c, 0x02040606, 0xfbfebd9d, 0x019f1b74, 0x86169d31, 0x69a06185, 0x31019b0e, 0xfebd1ba1, 
    0xf98e15dd, 0xfcbd03a3, 0x529e8348, 0xa403588b, 0xf0a32ffc, 0x22768283, 0x82000100, 0xbe062e77, 0x1c00a206, 0x28402b00, 0x04010400, 0x207c8a85, 
    0x05234d05, 0x14000124, 0x7e851113, 0x1c011c22, 0x8c065b59, 0x5833207e, 0x0320071d, 0xbb208695, 0x23050e58, 0x81516f10, 0x1a278e92, 0x655ec4b6, 
    0x84f0fc0a, 0xffff2194, 0x05289383, 0x029707ee, 0x00a80126, 0x2005ef5a, 0x106b4355, 0x238cb782, 0x1802cb21, 0x8e11bb42, 0x6d0a2123, 0x67061f56, 
    0x6b860adb, 0x6b878f20, 0x006b0a23, 0x104346ad, 0x85204785, 0xcf228f88, 0x8f962801, 0x23885d20, 0x6901ce22, 0x93202396, 0x6f206b88, 0x8512e779, 
    0x85f2206b, 0x07002323, 0x0f4ff50a, 0x23cb8e06, 0x1c01ba06, 0xfe25a791, 0x05ee0551, 0x253b87d2, 0xec01070b, 0x4f410000, 0x6e0a2111, 0x21170741, 
    0x9b889208, 0xb000e822, 0x036f5f85, 0x2183840a, 0x2388d808, 0x23a2e420, 0x23a2ed20, 0x2397e920, 0x220a0342, 0x918100cd, 0xebff25ef, 0xa707ee05, 
    0x0b228f87, 0x27420111, 0x42fe2112, 0x25091341, 0x6b0a0701, 0x6f4553ff, 0x18022005, 0x23085756, 0x4cfe6700, 0x0623238b, 0x45d0ffcf, 0x67221093, 
    0x478c3dfe, 0xfcff6d22, 0x410d9345, 0x1f410767, 0x01ec210a, 0x2005834d, 0x07a35301, 0xd4202388, 0x20084341, 0x072742eb, 0x210b6741, 0x6b8c3afe, 
    0xac006c22, 0xfb848f91, 0x23082343, 0x0702710a, 0x22136f42, 0x8307be06, 0x00a92523, 0x06070100, 0x8c162343, 0x41cc2023, 0xff211343, 0x9a238beb, 
    0x8285206b, 0x436b85d7, 0xfe251423, 0x06be063a, 0x202387a2, 0x23d7900a, 0x0b000200, 0x4a386b82, 0x1600d205, 0x35002000, 0x070a3240, 0x08030305, 
    0x09000202, 0x06680003, 0x2f059750, 0x61010909, 0x5d010100, 0x00004e01, 0x17181b1d, 0x16212b82, 0x33008211, 0x0b112414, 0x012b1d0b, 0x06072307, 
    0x22230406, 0x37372624, 0x450cec77, 0x0638062c, 0x1ba41d4a, 0xddfebd1b, 0xfbfebdb4, 0xb0181b75, 0x016ab11c, 0x6a026a32, 0x6b3c0582, 0x96fdb2fe, 
    0x85851517, 0x0f69a061, 0xa1ae5003, 0x8e83f0a3, 0xae8da3f9, 0x7efd8202, 0xae300383, 0x529e8388, 0x0000588b, 0xcb000100, 0x62060000, 0x0c26ab82, 
    0x1e402100, 0x1a630106, 0x09096609, 0x000c2208, 0x0411180c, 0x212b180b, 0x16132101, 0x12361712, 0x01210137, 0xedfede01, 0x12775301, 0x703e0d1c, 
    0x35c88236, 0x050bfd51, 0x7631fdd2, 0x9595fefe, 0x02720601, 0x002efacf, 0x5f85ffff, 0x02850726, 0x00c80126, 0x2005fb62, 0x10e34137, 0x3afecb22, 
    0x23878383, 0x006c0a22, 0x850e8b79, 0xb60831a7, 0x2100d205, 0x23402600, 0x0302121d, 0x024c0100, 0x0024ae82, 0x04054d56, 0x2c08937a, 0x11210021, 
    0x06111b18, 0x212b1a0b, 0x26ac8203, 0x14141514, 0x82363615, 0x631320af, 0xb88205d1, 0x03212e08, 0x06372626, 0x01010706, 0x4d019964, 0x51260633, 
    0x0130012a, 0x03083c3d, 0x284e2501, 0x4e012601, 0xa4fe78fd, 0x01020748, 0xfe233b1f, 0x08d482bc, 0xd15d2323, 0x0b160b69, 0x0266eb72, 0x6523fddd, 
    0xe87272e8, 0xfadd0265, 0x51fa022e, 0xb35d5fb4, 0x0006fd54, 0x23eb8600, 0x9707b608, 0xcb21c782, 0x23eb8200, 0x8d026d0a, 0x0021eb91, 0x22238b00, 
    0x6e02cc06, 0x00201017, 0x238c3d82, 0xcc03cb22, 0x8f204796, 0x6b226b88, 0x5b44e601, 0x20478510, 0x21238898, 0xaf51036c, 0x0b3b4605, 0x3afecb26, 
    0xd205b608, 0x01212389, 0x0da743e5, 0xff010034, 0x060000d6, 0x00d20523, 0x40260017, 0x070d1323, 0x26420401, 0x0a5c6a09, 0x1700172e, 0x05121812, 
    0x232b190b, 0x17210101, 0x21057041, 0x0b822137, 0x26034508, 0x06062726, 0x022a0107, 0x0192fe95, 0x2a267a56, 0x42542813, 0xfd6601cf, 0xfe8f01a6, 
    0x26279b9e, 0x43482615, 0xfa02f7fe, 0x50fad802, 0x7e3d3d7d, 0x31fdfa4f, 0x3801fdfc, 0x3738644f, 0xc8fe4f65, 0xffff0000, 0x07208785, 0xd228cf83, 
    0x07010000, 0x0a026c0a, 0x860f1741, 0x828f2023, 0x222385cf, 0x41b2006b, 0xff230f17, 0x84c0fed6, 0x012621cf, 0x00252382, 0x04da0a07, 0x215f8545, 
    0x178c50fe, 0xd103dc22, 0x05237789, 0x840602d2, 0x0533432f, 0xd205422a, 0x22000e00, 0x01071f40, 0x430a4f66, 0x0e2c0934, 0x12180e00, 0x2b180b04, 
    0x21011321, 0x08097c42, 0xfc010328, 0x0173fe5c, 0x1d14af56, 0x233d200d, 0x73014101, 0x025d47fd, 0xfea20330, 0x3a633330, 0x0132633b, 0xfd5efcd0, 
    0xe08200d0, 0x05820020, 0x05be063d, 0x001000e4, 0x1009403a, 0x04020809, 0x4c010002, 0x5020b04b, 0x010c4058, 0x56000001, 0x1b2707eb, 0x01001040, 
    0x824d5c01, 0x2f128735, 0x1517b559, 0x190b0310, 0x0121132b, 0x023e0133, 0x08053f6a, 0x1321032c, 0x014e01d0, 0x5d011018, 0x54bcba51, 0x39634468, 
    0xfe6133fe, 0xd20562d0, 0xc9017afd, 0x2203626a, 0x472717e8, 0xbefdbffd, 0xd3424202, 0x42062807, 0x26029707, 0x4500d801, 0x4b60057f, 0x0c434205, 
    0x8b000021, 0x6d0a2323, 0x97415301, 0xcb00210f, 0x8f202384, 0x0a234787, 0x41ac006b, 0x23860f97, 0x6b885d20, 0x6801ce22, 0x98204796, 0x6c224788, 
    0x23960302, 0xcc20b389, 0x26122b48, 0x063afecb, 0x89d20542, 0xae002147, 0x440df742, 0xfb8a06bb, 0x02710a23, 0x206b9606, 0x22b38885, 0x8d2701cf, 
    0x02002323, 0xfb835d00, 0x2a066b52, 0x16324035, 0x00010206, 0x46094c01, 0x01200716, 0x20091646, 0x05b04e01, 0x3a521320, 0x11113405, 0x11121211, 
    0x2b1d0b0a, 0x01210701, 0x03132103, 0x82333721, 0x213c0806, 0x05032113, 0x17161623, 0x18063636, 0xfee6fe1b, 0xd0fe5da6, 0xcafec55c, 0x0185d81b, 
    0x62017556, 0xe97301d7, 0x13ba32fe, 0x3c1f0c1e, 0xfe9e9c04, 0x02d0fd32, 0x9ece0130, 0xcafe3601, 0x9e250383, 0x3a396132, 0x09df4161, 0x82d20521, 
    0x84d820d9, 0x00b3240f, 0x82190800, 0x012724ab, 0x5ed701d8, 0x01200c03, 0x410c035e, 0xb02023cf, 0x2f234b82, 0x8300da05, 0x58ed204b, 0x49830aff, 
    0x35b0a827, 0xffff002b, 0x21238200, 0x2385b309, 0x5d710321, 0xcf700adf, 0x7023910b, 0xf72011f3, 0xfc226b82, 0x6b832e07, 0x70ba0221, 0x5f4215cf, 
    0x41932006, 0x6f2008f3, 0x85120369, 0x1c8342d7, 0x001f0127, 0x06a60700, 0x75d78419, 0x682105d3, 0x126775c1, 0x21254741, 0x874251fe, 0x07002609, 
    0xa001760a, 0x2dbe8200, 0x00001700, 0xd2057905, 0x25000900, 0x11832240, 0x52185f20, 0x03280775, 0x0301045f, 0x4e035703, 0x2c081582, 0x12090009, 
    0x0b051211, 0x37332b19, 0x21372101, 0x07210107, 0x9b031e17, 0x042a11fd, 0x66fc1f6e, 0xb72aee02, 0xb8fd1e04, 0xfffde3fb, 0x215385ff, 0xff829707, 
    0x6282f020, 0xcb060724, 0xab425202, 0x2023880d, 0x22238798, 0x6d016c0a, 0x9b8411d7, 0x0a224789, 0x4118016e, 0x238f115f, 0x23936d20, 0x833afe21, 
    0x216b89e3, 0x83436600, 0xfe172210, 0x23238b75, 0xc9ffce06, 0x0025238d, 0xfe170001, 0x2723834d, 0x2b001600, 0x02002840, 0x26088e4f, 0x5f010404, 
    0x69010100, 0x12220d80, 0x80691211, 0x4121200d, 0x072f0839, 0x22230606, 0x30263a02, 0x083d4528, 0x41c4fc11, 0x142b0d48, 0x5bb1d41a, 0x07e95ffe, 
    0x41653228, 0x76220754, 0x33419f9e, 0xd2052107, 0x0027c785, 0x00430b07, 0x8a0000c3, 0x01063e17, 0x000000f0, 0xfe160001, 0x05710550, 0x001900d2, 
    0x0f364039, 0x17020101, 0x02010401, 0x84b18a4c, 0x04042aac, 0x01056100, 0x00610000, 0x3433824e, 0x0b0c0d14, 0x0006080a, 0x06190119, 0x012b160b, 
    0x23042e22, 0x08b28623, 0x33041e60, 0x06073732, 0x845c9903, 0x93706269, 0x031d6e67, 0x2a1afd95, 0xfc1c6504, 0x607c5854, 0x4d456558, 0xfe442848, 
    0x6e633e50, 0x04ab3e63, 0xfbabf92e, 0x6e621daf, 0xf1153f64, 0x0002001a, 0x04edff32, 0x006c04e8, 0x00220016, 0x1ab04bb7, 0x0a405850, 0x0105010c, 
    0x04000112, 0x4b1b4c02, 0x118924b0, 0x11830320, 0x02221e84, 0x0c830112, 0x85595921, 0x00192331, 0xc1670505, 0x605f2005, 0x032706f9, 0x00000206, 
    0x864e005d, 0x8a1d2040, 0x03002320, 0x25865703, 0x2008bb5c, 0x21ff8221, 0x24844d59, 0x01010024, 0x23914d5f, 0x59593208, 0x17181740, 0x1c1e0001, 
    0x22182217, 0x0e0f1011, 0x16000709, 0x0b081601, 0x22052b16, 0x3e370226, 0x16323302, 0x37331716, 0x37210321, 0x37020e23, 0x079f5432, 0x16064708, 
    0xb980b901, 0xa71f1f4e, 0x745e7ce4, 0x1f0a0d3e, 0xfeb92b01, 0x1d0e1dd9, 0x742a885e, 0x5f19199b, 0x18997773, 0x86135d19, 0xbfba0101, 0x5d4080ff, 
    0xa2fbbc2d, 0x3d5b2eb3, 0x9997b9f1, 0x9393bbb5, 0x000000bd, 0x2b41ffff, 0x23062505, 0xfb012602, 0x07241082, 0xf101cb06, 0x1f20178a, 0x0a231787, 
    0x89d3006f, 0x64072117, 0x0b231787, 0x85d40048, 0x3afe2417, 0x8706e804, 0x8527202f, 0x0701252f, 0x3f006c0a, 0x0fa35b18, 0x438a7385, 0xd2004922, 
    0x0a215b93, 0x255b87f7, 0xe804edff, 0x73885107, 0x178b4a20, 0x0a23bb89, 0x93b2006e, 0x6d0a21d3, 0x05211789, 0x22778a78, 0x8ab5004b, 0x070341bb, 
    0x2f852720, 0xeb20bb9a, 0x4c20438a, 0xa3824387, 0x178aec20, 0x178a4d20, 0x5207e822, 0x4e20bb88, 0xbb88178b, 0xcd060623, 0x0b8f41df, 0x2f861b20, 
    0x6b0a0623, 0x21178a0b, 0x17881e07, 0x8a0ee821, 0x24062117, 0x2208a741, 0x8962016c, 0x6c0421d3, 0xcb8a1785, 0x47720220, 0x08fb4106, 0x07245388, 
    0x8601e70a, 0x23133f41, 0xb300cc06, 0x0a231793, 0x8a650171, 0x88332017, 0x8b1120e3, 0xe905212f, 0x22085b42, 0x85c700ce, 0x56fe232f, 0x9b87e804, 
    0x0b070025, 0x8aa20208, 0x88ad2047, 0x428b20cb, 0x17890c8b, 0x13017022, 0x07212f89, 0x2f2f8573, 0x350b0701, 0x9bfe1a01, 0x02b10900, 0x9bfeb803, 
    0x25068747, 0x0451fe32, 0x3b8706e8, 0x840a2721, 0x0700253b, 0xa302760a, 0xfd214385, 0x238b8bed, 0x1c01150a, 0x06215b89, 0x2ebb8811, 0x008600cf, 
    0x00020000, 0x04f2ff24, 0x447104da, 0x12270c5b, 0x0c000401, 0x44050101, 0x1182095b, 0x11860320, 0x850a4021, 0x8202200c, 0x085b441e, 0x25054a65, 
    0x00020603, 0x22445f00, 0x01022505, 0x015d0101, 0x22095b44, 0x44590303, 0x248e0a50, 0x00214022, 0x02221f90, 0x49855702, 0x44057e4f, 0x013a1b5b, 
    0x07121632, 0x2223020e, 0x23272626, 0x21132107, 0x023e3307, 0x07062207, 0x33621606, 0x53032105, 0x240d5b44, 0x01b9d5fe, 0x055b4427, 0x449c7321, 
    0x1927055b, 0x71045d18, 0x44fffe86, 0x0421075c, 0x0e5c445e, 0x25075b44, 0x06026c04, 0x5344fb01, 0x42062021, 0x2d080ef3, 0x0f000300, 0x0e07e8ff, 
    0x2f007104, 0x46003c00, 0xb04bb300, 0x40585030, 0x02011514, 0x020f1003, 0x27280201, 0x2d050602, 0x04060001, 0x16921b4c, 0x4c040923, 0x3e328559, 
    0x01010a24, 0x06050108, 0x0b690501, 0x03020201, 0x03010461, 0x094d5f03, 0x00060601, 0x450c0761, 0x402106d5, 0x2026952f, 0x23258900, 0x0909004d, 
    0x593f3189, 0x00011f40, 0x3d3e4345, 0x3034383a, 0x23252a2c, 0x17191f20, 0x0b0d1214, 0x2f000509, 0x450d2f01, 0x2f0805c5, 0x37363637, 0x37333632, 
    0x06222336, 0x24362507, 0x36173233, 0x16323336, 0x06141516, 0x15060704, 0x36323314, 0x04060537, 0x06272023, 0x06061306, 0x20096d5a, 0x06116f25, 
    0x01068308, 0x19c1bc8c, 0x45d0e317, 0x1c134e83, 0x137451b7, 0x012aecfe, 0x55eeca22, 0x7670c54f, 0xfeaf6cbb, 0xd302f8ac, 0x011b8457, 0xe8fe3c12, 
    0x7cf5fec9, 0x34cce14a, 0x6e5a3169, 0x4a4a0b0b, 0x01108f6d, 0x4bc5b852, 0x9b6f4d58, 0x8c98b411, 0x6e0303bc, 0x143f4b9c, 0x428bb99a, 0x65924f4a, 
    0x0740907d, 0x48e0121b, 0xb89b153e, 0x01544aa5, 0x010201e6, 0x423f4b01, 0xf9587944, 0x343d1e03, 0x008d3e35, 0x8b41ffff, 0xe9052c05, 0x1f022602, 
    0x07000000, 0x4501ce06, 0x0f2605f7, 0x0e07e8ff, 0x17882306, 0xfe02cb23, 0x232f8800, 0x06027104, 0x022f2f84, 0xedff2300, 0xd205c304, 0x26001600, 
    0x474b8200, 0x0a240593, 0x04030501, 0x21059347, 0x0c850a40, 0x02040123, 0x0680474c, 0x02001d26, 0x004d5602, 0x4706f35d, 0x01210784, 0x07ae4106, 
    0x1f8e2120, 0x01010022, 0x470e8347, 0x202b065e, 0x1826171e, 0x090e1026, 0x47060708, 0xfb420a5e, 0x33032b06, 0x3233023e, 0x0e141516, 0x83702702, 
    0xa343080d, 0x0e44795f, 0xd9fe1f10, 0x5f2c01f7, 0x81571c0c, 0x43dba65b, 0x53dfcc87, 0x5826507a, 0x5279505c, 0x40135b29, 0x05b92e5e, 0x2fd0fdd2, 
    0xdbdf3e5d, 0x82d2f978, 0x9d8a58f1, 0x52776444, 0x674c9e84, 0x87ffff77, 0x26023af7, 0x00002302, 0x3b0b0701, 0x2f02d6ff, 0x02b10900, 0x2f02b801, 
    0x002b35b0, 0x091b4100, 0x28001824, 0xaf488e00, 0x04062c08, 0x05000104, 0x401b4c02, 0x83010c0a, 0x8201200c, 0x061b410c, 0x03002223, 0x06c15f03, 
    0x06060028, 0x04006104, 0x67705f04, 0x07012106, 0x20072041, 0x23249326, 0x57010100, 0x380d9170, 0x1a194059, 0x22000119, 0x1a281920, 0x0b101228, 
    0x0708090a, 0x01180006, 0x056a7018, 0x20082344, 0x23294121, 0x25620325, 0x4138c8fd, 0xe4221c2c, 0x2d41b4fe, 0x41002015, 0xd428070b, 0x2400e005, 
    0x96003000, 0x26050b41, 0x03010f0e, 0x41011802, 0x0323050f, 0x8a401b4c, 0x05012210, 0x072f4203, 0xee832220, 0x02006125, 0x414d5c02, 0x59200713, 
    0x8f151341, 0x14134124, 0x01252635, 0x252a2c00, 0x1e302630, 0x0e12141c, 0x0006070c, 0x41240124, 0x31240c13, 0x21123737, 0x07225318, 0x42020f21, 
    0x16240548, 0x27020e07, 0x080aa749, 0x5c8f0257, 0x0e0e4074, 0x98ddfe1d, 0x01340c22, 0x243e5b6e, 0x45162c17, 0x210c0845, 0x885c1b05, 0x52ba7c60, 
    0xe4a21f1f, 0x189b77b4, 0x75785c18, 0x6119199c, 0x2c5b3e13, 0xcf8f03b2, 0x113c0146, 0x290403d8, 0x2bc54631, 0xfc7f3f5c, 0x85ffb8bb, 0x9293bcee, 
    0x9797b6bb, 0x075b42b8, 0x42de0621, 0x0a2d075b, 0x00e0016c, 0xb10800ba, 0xbab00102, 0x065f7db0, 0x3afe2326, 0xd205c304, 0x00212389, 0x0db7636e, 
    0xfe214783, 0x23238b75, 0xd1ffce06, 0x0031238d, 0xfedeff02, 0x05d9045e, 0x001600d2, 0x40450022, 0x09ba4342, 0x240e8543, 0x04040107, 0x05c06700, 
    0x01004d26, 0x4e015b01, 0x4309e14a, 0x03221382, 0x58420121, 0x07162407, 0x41060206, 0x5c080c3a, 0x3f735b92, 0xfe63090f, 0x013c01d4, 0x1c0a5d2c, 
    0x7b5f895c, 0x1e2052b9, 0x75b4e5a4, 0x5b18199a, 0x199c7376, 0x3d135f19, 0xabfd2e5b, 0xd0fd7407, 0x80405d2d, 0xfebbbfff, 0xbcf185ff, 0xb5bb9394, 
    0x00ba9699, 0x49000100, 0x8504eaff, 0x1d006c04, 0x2e403100, 0x0b0c1a1b, 0x01020304, 0x21b8824c, 0x994b6101, 0x61002107, 0x2108297f, 0xa7821618, 
    0x1d000734, 0x0b051d01, 0x22052b16, 0x3e343502, 0x16323302, 0x55180517, 0x39080cff, 0x02040605, 0x52fcdf24, 0xca9beca0, 0xe3fe03f6, 0x55564e05, 
    0x5727507c, 0x2190595f, 0xfe3d0f01, 0x010116e3, 0xc3f581d5, 0x30acca73, 0x8a566357, 0x7c6549a0, 0xb0385b6b, 0x008200ca, 0x00022208, 0x045efe46, 
    0x00d2058d, 0x002b0021, 0x0e414044, 0x1b000501, 0x1112141a, 0x01050205, 0x03020301, 0x05164f4c, 0x00050523, 0x212f8261, 0xad824d5f, 0x00610331, 
    0x4d5d0303, 0x04040106, 0x004e045b, 0x82232600, 0x25212c3d, 0x07281238, 0x132b1a0b, 0x85262613, 0x131724a9, 0x83160333, 0x012722ae, 0x075c4616, 
    0x0327222f, 0x23260113, 0x15020e22, 0x6ce44614, 0x2fb68375, 0x88bb4048, 0x02695ccf, 0x2004e3fe, 0x110fc9fe, 0xc828b887, 0xd5ce4048, 0x0e0d3701, 
    0xfe26cf83, 0x39c4015e, 0xc88390d5, 0x74010e2d, 0xa42e64fe, 0x2e50306e, 0x840294fd, 0xfe0f27cb, 0x02b50265, 0xde83016c, 0xa7826a20, 0x4900013d, 
    0x4b05eaff, 0x2c001e05, 0x42404500, 0x02010110, 0x0103010a, 0x1a1b292a, 0x82040504, 0x000227d4, 0x03020403, 0xef690069, 0x83d78206, 0x06334de1, 
    0x2700012b, 0x151d1f25, 0x090c0e13, 0x09c96307, 0x47067f41, 0x17220535, 0xc5822607, 0x17170624, 0x8e411516, 0x5c723018, 0x2195a014, 0x1529163b, 
    0x2b38132c, 0x41050f06, 0x222c1a9c, 0x0406666e, 0x310504e0, 0x1f1da238, 0x2d10a741, 0x4900ffff, 0x85045efe, 0x26026c04, 0xdf822b02, 0x750a0727, 
    0x00000701, 0x251782ff, 0x8504eaff, 0x17872306, 0x01cb0623, 0x231793dc, 0x9d006d0a, 0x2420178a, 0x6c224788, 0x17884e01, 0x4789af20, 0x876e0a21, 
    0x8877832f, 0x85272017, 0x07002177, 0x9782678d, 0x97830620, 0x0f878f87, 0x0002002d, 0x05edff47, 0x00d20525, 0x47250015, 0x034f086f, 0x4f40200a, 
    0x03200610, 0x43126f47, 0x07250615, 0x00040401, 0x08f44e61, 0x6f474020, 0x09354308, 0x29116f47, 0x00011617, 0x25161d1f, 0xce4e2517, 0x01152206, 
    0x06ce4e15, 0x2b059c42, 0x33171616, 0x21032113, 0x06062337, 0x080d6f47, 0xaac90144, 0xca8b48d8, 0x41796382, 0x015e0b0d, 0xd9fef72c, 0xa12a1020, 
    0x5279501f, 0x505b5a29, 0x58285278, 0x81d7e613, 0x447accfb, 0x39022d62, 0x4cb32efa, 0x8752f17a, 0x74664c9f, 0x4c9d8652, 0x00007964, 0xf784ffff, 
    0xd205932e, 0x36022602, 0x07010000, 0x10023b0b, 0x3c106f47, 0x054dfe47, 0x00d20525, 0x00310021, 0x134d4050, 0x03020601, 0x1f050101, 0x03010401, 
    0x05f1604c, 0x02060626, 0x02020061, 0x84055447, 0x4d5d27f0, 0x00040400, 0xc0500762, 0x22233d05, 0x292b0001, 0x31233122, 0x15161b1d, 0x06080e10, 
    0x21012100, 0x2b160b09, 0x13132001, 0x2321db82, 0x068d4322, 0x3320f086, 0x23050e60, 0x01060737, 0x290c6548, 0x9afe2404, 0x2a0c3134, 0xfd8d83a1, 
    0x3701d42c, 0x15453408, 0x4324182d, 0x0241aefd, 0x4dfe270a, 0x29013d01, 0x09417a4c, 0x00fb230a, 0x6f6bb8fe, 0x91022105, 0x510d0f41, 0x0627050b, 
    0x00e00503, 0x472e0022, 0x1330084f, 0x0c020301, 0x1e010601, 0x03050001, 0x0e401b4c, 0x04201089, 0x20174f47, 0x052a4501, 0x2005cb78, 0x0d634804, 
    0x86084f47, 0x04002224, 0x11634804, 0x01232435, 0x23282a00, 0x1d2e242e, 0x1216181c, 0x00070910, 0x47220122, 0xea50064f, 0x0a52470a, 0x50070721, 
    0x09251ff6, 0x01350c1f, 0x0952476d, 0x471f0251, 0x0c510951, 0x09334311, 0x27001722, 0x210b8749, 0x87491401, 0x200c820a, 0x0b874904, 0x21099553, 
    0x23410606, 0x41249218, 0x192b1423, 0x21000118, 0x1927181f, 0x43121327, 0x1722063f, 0x23411701, 0x0b3f4306, 0x43051052, 0x38251c41, 0x0326cafd, 
    0x1c444362, 0xe4550122, 0x3c124543, 0xfe470003, 0x05fa055e, 0x002500d2, 0x00410035, 0x175d4060, 0x07020601, 0x1e050401, 0x26048201, 0x00030304, 
    0x694c0407, 0x0324089b, 0x004d5603, 0x08082f43, 0x0501093a, 0x00610105, 0x4d5d0101, 0x00070700, 0x00010862, 0x4e005b00, 0x00012627, 0x2d2f393b, 
    0x35273526, 0x191a1f21, 0x0a0c1214, 0x25012500, 0x2b160b0a, 0x27262201, 0x37252707, 0x28123543, 0x36070731, 0x07163233, 0x0e354306, 0xaa4e0120, 
    0x26272c08, 0x9f854f04, 0x0171c920, 0x4309212e, 0xd32b1045, 0x2e310a04, 0x1415abac, 0x432ffdd3, 0x02340a44, 0x3709064e, 0x063d292d, 0x33302806, 
    0x49515efe, 0xc7d6af91, 0x290d5343, 0x093b1a05, 0x8a7a80a9, 0x52438002, 0xcefe2a0b, 0x2e383725, 0x04312325, 0x056b4404, 0x0699062f, 0x0226001d, 
    0x00000036, 0x044f0b07, 0x0883446e, 0xde062523, 0x25178402, 0x6c0a0701, 0x97490901, 0xfe472410, 0x4425053a, 0x0a2309a7, 0x493e006c, 0xff250d73, 
    0xfe4700ff, 0x23238b75, 0xa1ffce06, 0x22202392, 0x00252389, 0x01ca0607, 0x21838567, 0x5f8c3dfe, 0x8eff6d23, 0xef6718f9, 0xff47260f, 0x05bc08ed, 
    0x23bf87d2, 0x5604df03, 0x0221c782, 0x20178300, 0x051f45be, 0x6c610121, 0x0a31053c, 0x03000117, 0x06010107, 0x4b1b4c02, 0x58501cb0, 0x20118740, 
    0x09f55008, 0x09011722, 0x11832383, 0x09211e83, 0x82308205, 0x5959210c, 0x0806e170, 0x04002121, 0x094d5604, 0x03000001, 0x03010561, 0x0b4d5f03, 
    0x06060208, 0x070a5f01, 0x01010302, 0x824e0157, 0x821a205b, 0x902d205b, 0x8a002028, 0x0b4d2426, 0x8d080801, 0x20908334, 0x82349829, 0x2633845a, 
    0x02006102, 0x51025d02, 0x33200764, 0x00223084, 0x8d870909, 0x0a88fc82, 0x3a906f86, 0x89314021, 0x83002035, 0x263482c2, 0x05005f05, 0x874d5905, 
    0x82338fa3, 0x405925ff, 0x00222318, 0x31063146, 0x21002100, 0x26151122, 0x0c221124, 0x212b1d0b, 0xce430137, 0x0f344607, 0x01072126, 0x25072107, 
    0x270d3046, 0x9d021e72, 0x9290fd03, 0x46051e47, 0x3d2b0e36, 0xfd1fd603, 0x1e020384, 0x4215fa26, 0xb4260af0, 0xfc09b202, 0xe242b391, 0x8cfe270c, 
    0x095efdc4, 0x3246deef, 0x05d7420e, 0x06d70823, 0x06174223, 0x17422720, 0x0a072406, 0x42c5046e, 0xfe3f051f, 0x05ed074e, 0x003500d2, 0x4b800145, 
    0x585013b0, 0x01210e40, 0x01280502, 0x01110201, 0x57030a03, 0x15820763, 0x158b0b20, 0x0b212683, 0x21268907, 0x3d855959, 0x00392608, 0x020a0201, 
    0x0c800a01, 0x00030901, 0x80000903, 0x56060600, 0x02010b4d, 0x07610502, 0x5f050501, 0x0a010d4d, 0x05b8510a, 0x824d5721, 0x61082684, 0x61080800, 
    0x07304208, 0x40954320, 0x0b0b0022, 0x00203f87, 0x24204aa3, 0x4720c982, 0x04224a8a, 0x8b870400, 0x00234a95, 0x84570303, 0x6104259a, 0x5d040400, 
    0x4021998c, 0x20499a45, 0x82d38300, 0x5f072593, 0x59070700, 0x83051b58, 0x334791e2, 0x40595959, 0x0036371a, 0x363d3f00, 0x00453745, 0x2a350035, 
    0x28053c42, 0x0b0e2224, 0x16052b1f, 0x05b45316, 0x42232321, 0x1e211d48, 0x057a6302, 0x37262622, 0x0d204018, 0x092b0432, 0xa4705e7b, 0x95791012, 
    0x8a012571, 0x914afe02, 0x32165b42, 0x1efe2405, 0x45b69a02, 0xfeba1611, 0xdb90a3e9, 0x42d00279, 0x4f2c0a64, 0x6d753e39, 0x01dd825e, 0x9afc0a83, 
    0x2f0f6b42, 0x0c3afeda, 0x66b77d0f, 0x576dc787, 0x2d016d9f, 0x260c7542, 0x0700ffff, 0x49055ffe, 0x002108b7, 0x05b74927, 0x05070129, 0xff8a00e8, 
    0x51120046, 0xb13f082f, 0xffb80103, 0x2b35b046, 0x47000200, 0x6704e8ff, 0x1b007104, 0x3b002600, 0x18193840, 0x74020302, 0x0322053c, 0x72180204, 
    0x5f240813, 0x0303004d, 0x39052d70, 0x014e0060, 0x1d222400, 0x1014161c, 0x0007090f, 0x071b011b, 0x052b160b, 0x5c472422, 0x07945307, 0x384d1620, 
    0x53012006, 0x3e080783, 0xe0280206, 0xac5dfffe, 0xbb768eec, 0xaafeb06c, 0x7a5c01f8, 0x011c8455, 0xe3fe370d, 0xc5b89cfe, 0x534d584b, 0xf1184973, 
    0xc5fe8dd7, 0x65924f71, 0x0642907e, 0x81601416, 0x92243f47, 0x53a202b2, 0x4a210549, 0x059b4578, 0x812db782, 0x26021b06, 0x00004702, 0x6b0a0600, 
    0x080682f8, 0x00040032, 0x045efe19, 0x00d205a0, 0x002a0021, 0x00380032, 0x0e504053, 0x37000501, 0x06033334, 0x021a1b05, 0x01010702, 0x4c040203, 
    0x07000600, 0x67070602, 0x2216224e, 0x4e084d60, 0x2e230722, 0x4e292a2c, 0x29230626, 0x4e092812, 0xf0821226, 0x4e030721, 0x013a0b26, 0x22232637, 
    0x36070606, 0x07063703, 0x16141506, 0x36360701, 0xf0193435, 0xfd83655d, 0xbb35382b, 0x5449d6ae, 0x1993e0eb, 0x08ff871c, 0x424cc452, 0x827c01d2, 
    0x73530e0d, 0x72701449, 0x01423a5f, 0x47d5010e, 0x5efe212b, 0xc438d101, 0xc5fe8d85, 0x6b010a71, 0x862a62fe, 0x1c949159, 0x4704e4fe, 0xb292243f, 
    0x0468fe0e, 0x4a01fc34, 0xfe024378, 0x0203b995, 0x46271416, 0x118a0002, 0x00122433, 0x22082741, 0x41230667, 0x07240627, 0xa000cc06, 0xcb221794, 
    0x1788de01, 0x2f898020, 0x006d0a23, 0x2217889f, 0x88e90567, 0x00ce2247, 0x221788b4, 0x871f0676, 0x6f0a2317, 0x1788c000, 0x24066722, 0x6c221788, 
    0x17854f01, 0x0451fe25, 0x87710467, 0x090b2317, 0x2f885802, 0x778ab120, 0x778b6e20, 0x06231788, 0x8bcccd06, 0x883320d7, 0x87112047, 0x5efe21d7, 
    0x6b4e5f8b, 0xff472608, 0x076704e8, 0x202f8864, 0x06435a02, 0x71201783, 0x0a211789, 0x22178698, 0x893dfe3f, 0x07012547, 0x86ff6d0a, 0x2111fb47, 
    0x238b4cfe, 0xffcf0623, 0x125b485a, 0x41045e21, 0x834e091f, 0x09274108, 0x8c3afe21, 0x006c2267, 0x83439136, 0x080341bb, 0x710a0724, 0x33415201, 
    0x06752208, 0x23d38611, 0x73cf0606, 0x21081b41, 0xd3896505, 0x004b0b22, 0x83051b5a, 0x8ad820eb, 0x8a4c2017, 0x8ad92017, 0x8a4d2017, 0x07c52217, 
    0x08334152, 0x17874e20, 0x2342b382, 0x42272009, 0x01220523, 0xbb870a07, 0x1f5b0320, 0x2673830a, 0x02710467, 0x42470206, 0x8f421477, 0x10cf430b, 
    0x00ffff22, 0x5f423f83, 0x02002910, 0xedff5100, 0x76047104, 0x230ab744, 0x4c010302, 0x04241882, 0x69040205, 0x2008ad44, 0x0bcf595f, 0x3313b744, 
    0x15043201, 0x23020e14, 0x35262622, 0x37243634, 0x26343536, 0x30066558, 0x15020e01, 0x32331614, 0x90023636, 0x5e0201df, 0x05b744ab, 0xf9550139, 
    0x55795d01, 0xf2fe1c84, 0x011c0138, 0x4bc6b865, 0x73524d59, 0x4476044a, 0xfd2115b8, 0x09b8445e, 0x2fff013b, 0xb4033cfe, 0x18001706, 0x0e407900, 
    0x02030110, 0x03010104, 0x01000103, 0x06bc6503, 0x82551620, 0x4d5e2407, 0x53010100, 0x612a0553, 0x4b1b4e00, 0x585027b0, 0xe1821440, 0x02010324, 
    0x1b8c6903, 0x89194021, 0x00002316, 0x1c875901, 0x5100013c, 0x0f405959, 0x12140001, 0x06080c0e, 0x18011800, 0x2b160b05, 0x27262203, 0xd9821637, 
    0x36133728, 0x16323336, 0xf2820717, 0x03073208, 0x2a310606, 0x123f2254, 0x19861136, 0xc4f422c6, 0x4c2b5330, 0x1980442d, 0xfeea21c9, 0xea09063c, 
    0x049a0704, 0x0ad9ccae, 0x9308e30b, 0xd1c740fb, 0x216a8200, 0xcf8248ff, 0xcf82cc20, 0x9600202e, 0x011a0e40, 0x010a0506, 0x01090002, 0xcf86a282, 
    0x06002237, 0x00610506, 0x4d5e0505, 0x00000103, 0x07085f04, 0x59040402, 0x073a544d, 0x87016121, 0x002028db, 0x04060005, 0x98690605, 0x1d402127, 
    0xef822287, 0x01020123, 0x21298b65, 0xeb824e00, 0x94821020, 0x20002030, 0x12112324, 0x09112325, 0x012b1d0b, 0xd9822307, 0xf2892320, 0x33372323, 
    0x2bf68a37, 0x25600307, 0xeb219bf2, 0x21542abb, 0x9d37fb85, 0x03d125d0, 0x31c3f422, 0x2c4c2b52, 0x09188144, 0xfce15e04, 0x41d1c757, 0x03230502, 
    0x4114e1b9, 0x36240604, 0xe1fe0100, 0x6620ff82, 0x1c28ff82, 0x0e408e00, 0x03040116, 0x202aff8f, 0x03040400, 0x03030061, 0x9b824d5e, 0x065f0525, 
    0x93050501, 0x001e28fd, 0x05040003, 0x96690403, 0x1b402125, 0x02212088, 0x89fb8300, 0x20f98427, 0x240f820e, 0x241c001c, 0x22f78224, 0x911b0b07, 
    0x26f38bf7, 0xf226fa02, 0x82ea229a, 0x40222af3, 0x86113512, 0xf421c719, 0x23ef83c4, 0x1981432d, 0xf241ef8d, 0x82362008, 0xff012660, 0x043cfe1a, 
    0x2cef8257, 0x409d0020, 0x0501130e, 0x01010404, 0x0bbf4202, 0x0500222f, 0x00610405, 0x4d5e0404, 0x02020107, 0x21f08203, 0xf0820303, 0x00010127, 
    0x00010861, 0x09cb4200, 0x04002023, 0x21f08200, 0x27986905, 0x871d4021, 0x01002122, 0x01223b82, 0x2a8a6500, 0x594e022f, 0x01174059, 0x1b1c1d00, 
    0x1214181a, 0x060b6310, 0x20012023, 0x0de34209, 0x3007f041, 0x22220717, 0x07072223, 0x03210721, 0x2a460606, 0x25fb8554, 0x269d9d1a, 0xff82049c, 
    0x23232f25, 0x820d210f, 0x170226ff, 0x9aeafd26, 0x08f54222, 0xe4b6032c, 0x04d9cc14, 0xe43693ec, 0xf7425afc, 0xe1fe2b05, 0x1d043cfe, 0x1c001706, 
    0x4b599300, 0x01042305, 0x07410501, 0x4320200b, 0x05260ac7, 0x005f0405, 0x05410404, 0x41062006, 0x1e220c05, 0xcf550200, 0x21259506, 0x20881b40, 
    0x39820120, 0x65000123, 0x36288700, 0x59594e05, 0x00011340, 0x16171819, 0x0c0e1014, 0x1c000608, 0x8d071c01, 0x363623fd, 0xf98d3233, 0xf9877f20, 
    0x8cc71921, 0x251621f5, 0x0421f58c, 0x21f38cae, 0xeb42ffff, 0xcd073705, 0x69022602, 0x07010000, 0xc5006c0a, 0x0900a901, 0xb80101b1, 0x2b60a901, 
    0x24238305, 0x1706c906, 0x27238400, 0xe9020700, 0x00001502, 0x17823b87, 0x67020623, 0x450f82b2, 0x022a0707, 0x00670226, 0x0b060000, 0x06823c44, 
    0x00206389, 0xb2201782, 0x73446396, 0x20878405, 0x21878568, 0x878f2b01, 0x07212383, 0x82878426, 0x20878423, 0x2e608272, 0xfe060002, 0x04ec0446, 
    0x0022006c, 0x64980032, 0x0f3105c5, 0x0306011b, 0x0502010b, 0x01020304, 0x1b4c0302, 0x20118340, 0x20118a04, 0x23288559, 0x06060022, 0x54053f4d, 
    0x022505d3, 0x02020061, 0x05a64557, 0xd4410720, 0x26402106, 0x8305e841, 0x03002229, 0x34289803, 0x24194059, 0x2c000123, 0x2432232a, 0x181d1e32, 
    0x080e1016, 0x07cd5306, 0x26220124, 0x934c2527, 0x07372305, 0xd24e0606, 0x3737250b, 0x020e0321, 0x080d7c4c, 0xd9db015a, 0x060110ec, 0x78685e0c, 
    0x1b2214a0, 0xa881962b, 0xca8b49de, 0x427b6381, 0x01210e0d, 0xa61aba28, 0x795144fc, 0x5b5a274f, 0x2952794e, 0xa546fe5b, 0x492d3477, 0x02c46e74, 
    0xd3d16f45, 0x78c9f87f, 0x022c6245, 0x98a2fbc3, 0xae025fc3, 0x4a987f4e, 0x82507465, 0x6e634b9a, 0x3e073341, 0xe0050606, 0x3e002e00, 0x59405c00, 
    0x04050122, 0x0307011b, 0x0602010b, 0x01020304, 0x434c0402, 0x5c2607f3, 0x0707004d, 0xf8846103, 0x52010921, 0x214106d0, 0x41082006, 0x302d0521, 
    0x3800012f, 0x303e2f36, 0x2125273e, 0x22f7861f, 0x522e012e, 0xf79607c5, 0x5c023f21, 0x62820926, 0x212b0241, 0xe054200a, 0x45152408, 0x410b0945, 
    0xe854270e, 0x1118410b, 0x00ffff3f, 0x0546fe06, 0x026c046c, 0x00730226, 0x0a070100, 0xff4b02d6, 0xb109004d, 0xffb80102, 0x050f434d, 0x21056f42, 
    0x23852306, 0x0a070023, 0x06a74a6d, 0x04233b82, 0x881f06ec, 0x006f2417, 0x850000c1, 0x20178253, 0x22178824, 0x8a50016c, 0x87972017, 0x500b2317, 
    0x178a6a01, 0x6e205f89, 0x17885f8c, 0x01cb0623, 0x212f89df, 0x4787e905, 0x00ce0624, 0xbc8200b5, 0xff49002a, 0x048204f1, 0x001f006c, 0x1aef7118, 
    0x004d5f27, 0x61000404, 0x07367707, 0x191a1b2f, 0x10141618, 0x090c0d0e, 0x011f0007, 0x05a5581f, 0x2608084e, 0x23262107, 0x61060622, 0x3d08059e, 
    0x07213723, 0x2402020e, 0x5b00ffdb, 0x7c8de8a8, 0xfe0677ce, 0x6a850ed1, 0x67ba488f, 0x24c81282, 0x191ce901, 0xf60fed9f, 0xbdf88cd8, 0x79ab5a6c, 
    0x64c27e79, 0xd9465acc, 0x6ed196aa, 0x9f830100, 0x0469052a, 0x002c00e5, 0x0f0e4092, 0x3306135b, 0x05040116, 0xb04b4c03, 0x40585015, 0x0504002d, 
    0x72040508, 0x17bd7118, 0x0624bb82, 0x09610006, 0x1b22bb85, 0x6e182e40, 0x308d1f9a, 0x19405930, 0x27280001, 0x21232526, 0x181a1b1d, 0x605b1114, 
    0x4e0a2007, 0x17230bfc, 0x5e373636, 0x172307cc, 0x41150716, 0xa12f1a00, 0x677d1575, 0x18243f5a, 0x3843152b, 0x41020705, 0x472c190c, 0x11016956, 
    0x520303d8, 0x042b276c, 0x340c1641, 0x23000100, 0xb5040000, 0x1300d205, 0x24402700, 0x02040105, 0x06f55c01, 0x02040429, 0x02020061, 0x82034d5f, 
    0x005737f1, 0x2313234e, 0x0b051111, 0x03012b1b, 0x03211321, 0x32333636, 0x0a820716, 0x26363508, 0x01062223, 0xd4fe6bba, 0x612601f7, 0xae7ab241, 
    0xfe7620bb, 0x59116ed3, 0x028f5e5f, 0x0579fd87, 0x6db8fdd2, 0xfdc5e075, 0x69930239, 0xffff7a75, 0x5efef8ff, 0x022a7383, 0x007f0226, 0x0a060000, 
    0x0682ad75, 0x87ffff21, 0x2b17858b, 0x3b0b0701, 0x2f02cdff, 0x01b10900, 0x8208a761, 0x4dfe21af, 0x273daf84, 0x4f405200, 0x0902011d, 0x01000102, 
    0x01074c02, 0x04010805, 0x68040509, 0x20060600, 0x31b8824d, 0x09006109, 0x004d2709, 0x4d210303, 0x00010100, 0xc7820a61, 0x00292908, 0x2100014e, 
    0x1a1b1c1f, 0x16171819, 0x12131415, 0x060c0e11, 0x01270004, 0x16070b27, 0x2722012b, 0x32331637, 0x13373736, 0xdf83d684, 0x33372325, 0x82072137, 
    0x2df28701, 0x02020723, 0x233c5d6e, 0x3e472831, 0xe7851408, 0xfe821220, 0x1e89c92d, 0x26011089, 0x1e200110, 0x4133e0fe, 0x012a0608, 0x4dfe3514, 
    0x2b07d812, 0xfd84762f, 0x79fd702a, 0x60b4be04, 0xccfeb460, 0x22051341, 0x82c3fe76, 0x840220fc, 0x05b42bfb, 0x002100e0, 0x40310025, 0xb182062e, 
    0x04010f25, 0x844c0202, 0x222282bb, 0x41004d5c, 0x05310892, 0x57030301, 0x23134e03, 0x23242613, 0x2b1c0b06, 0x0d056113, 0x830d9c41, 0x213008c5, 
    0xba360723, 0x01350c22, 0x243e5a6e, 0x45152c17, 0x1f0b0945, 0xb572ae3f, 0xfe7421b6, 0x5a126fd4, 0x12916559, 0x97d4fe6a, 0x01022201, 0xd08e0302, 
    0x3309bc44, 0xea6662ba, 0x0243fdc5, 0x856b699d, 0x0382fd6e, 0x0003058e, 0xfe22af82, 0xaf83044d, 0x32002e33, 0x48404b00, 0x0405011b, 0x06020124, 
    0x01000102, 0x0bce4503, 0x06020227, 0x06060061, 0x055e535f, 0xea46cc84, 0x00013306, 0x1e202628, 0x1213181a, 0x04060d0f, 0x2e012e00, 0x82410b08, 
    0x4133200b, 0xe4610983, 0x23de860e, 0x01020723, 0x8c41d682, 0x8a01200a, 0x23ec96c8, 0xfe351401, 0x02203782, 0x88089541, 0x24f291d6, 0x05c3fe76, 
    0x3bed8241, 0x00010000, 0x07ecff23, 0x00d205b8, 0x4b9e0024, 0x585024b0, 0x050103b5, 0x1b4c0101, 0x03220783, 0x5d574c01, 0x001d2406, 0x4e560000, 
    0x03230532, 0x82010101, 0x02022af5, 0x06076104, 0x5d040402, 0x07f35604, 0x248f2120, 0x06010726, 0x004d5706, 0x00202a83, 0x40212885, 0x21238525, 
    0xbd6c0303, 0x2027900b, 0x05717d59, 0x00242808, 0x13232624, 0x08112426, 0x332b1c0b, 0x33032113, 0x32333636, 0x06020f16, 0x12163716, 0x07213713, 
    0x22210002, 0x42023f26, 0x340806d4, 0x2501f723, 0xbb350e5e, 0x20aeae80, 0x5414141a, 0x41cd803c, 0x142b0116, 0xfe8cfe56, 0x24c2d4d8, 0x58111015, 
    0x13915f60, 0xfdd2056b, 0xdf7063c7, 0x767b99c6, 0x32ce8259, 0x7e850177, 0xfefdfd7e, 0x7bd9ee0f, 0x79756965, 0x8279fd71, 0x012008a6, 0x8cfe4600, 
    0x5e04d904, 0x48001300, 0x020105b5, 0x4b4c0104, 0x585017b0, 0x01031640, 0x4d590000, 0x0221d382, 0x21dd8262, 0x8c624d5d, 0x401b2205, 0x21128c16, 
    0x27845f00, 0x594e0123, 0x096444b7, 0x2125c582, 0x23060613, 0x09477d22, 0x41032a08, 0xf72c016c, 0x4161d9fe, 0xbbae7bb1, 0x2c017621, 0x5e5a126d, 
    0xd7018e5f, 0x2efa8702, 0x756d4802, 0xc702c5e0, 0x75696dfd, 0x3896827a, 0x4b000100, 0x55055efe, 0x20006c04, 0x0a406a00, 0x0103010e, 0x03000101, 
    0x209c8202, 0x2d9c8224, 0x0201001f, 0x03010203, 0x02010480, 0x9f545f02, 0x30368205, 0x01064d5d, 0x055b0505, 0x23401b4e, 0x03040100, 0x82218204, 
    0x212082bb, 0xca820404, 0x00030323, 0x22258b61, 0x820e4059, 0x00202c0e, 0x24261320, 0x0b072335, 0x87012b1b, 0x056c41b5, 0x21052a4e, 0x7a5e0716, 
    0x08d68206, 0x6830033c, 0xaf7cbb42, 0x0b3f20ad, 0x26133c5b, 0x481c2612, 0x4da26838, 0x57113616, 0x138e5f60, 0xfe2c016b, 0x78025efe, 0xc3e2776d, 
    0x2e437a01, 0x05e50204, 0x86973e06, 0x7767bafe, 0xe982707a, 0x4d22db87, 0xdb825805, 0x7f002931, 0x01100e40, 0x01030204, 0x01270401, 0x86030106, 
    0x002428df, 0x03040302, 0x59800402, 0x002205e5, 0x125c0404, 0x06062107, 0x2708425f, 0x0028401b, 0x05040502, 0x00222682, 0xe4820303, 0x82050521, 
    0x362a94e4, 0x01154059, 0x21242600, 0x151b1d20, 0x070c0f13, 0x01290005, 0x5f0b0829, 0xa841056c, 0x2cf29706, 0x32331606, 0x04060737, 0x3597fe96, 
    0x2dfc9e36, 0x443808cd, 0x44233428, 0x3d014dfe, 0x05414c01, 0x2cfb2517, 0xd8072832, 0x4606a354, 0x374606c3, 0x075b4619, 0x87970721, 0x6d0a2323, 
    0x9f7278ff, 0x8a478410, 0x986e2023, 0x88982023, 0x006c2147, 0x2211eb7e, 0x463afe23, 0x012709df, 0x006c0a07, 0x184af93c, 0x850e0b81, 0x888f206b, 
    0xfe6b2247, 0x10b376d1, 0x30fe2322, 0x6f23478c, 0x18f9acff, 0x660cff73, 0xb5220637, 0x4787d205, 0xffce0623, 0x826b959e, 0x02062e23, 0xff00007f, 
    0x002400ff, 0x06540200, 0x27338224, 0x00000093, 0xf06c0a06, 0x83055342, 0x04092817, 0x0003005e, 0x82164019, 0x4d592212, 0x33741802, 0x32138207, 
    0x0b031103, 0x13332b17, 0xb9240321, 0x04b92c01, 0x85a2fb5e, 0x3504214b, 0x26213382, 0x244b8302, 0x02930207, 0x2363872c, 0x1b062103, 0x07246386, 
    0x98fe6b0a, 0x07211789, 0x22178864, 0x889cfee4, 0x06152217, 0x23178711, 0x13ffcf06, 0xff231783, 0x8a4cfe1c, 0x832620ab, 0x070125ab, 0xfcfdcf06, 
    0x880de554, 0x85bf822b, 0x18258a43, 0x8207b761, 0xa5ff21fb, 0x9220fb82, 0x4f86fb88, 0xff3b0b25, 0x4b72ff0f, 0x72230679, 0x822b35b0, 0x23db85fc, 
    0x23060902, 0xcc229388, 0x3f4140ff, 0x88ef2008, 0x06062317, 0x2f847ecb, 0x00f8ff25, 0x88200300, 0x0a072417, 0x883fff6d, 0x05d7222f, 0x224788e9, 
    0x8855ffce, 0x061622f3, 0x080b411f, 0x60ff6f22, 0x7223c784, 0x880251fe, 0x060024c7, 0x85c3760a, 0x4117835f, 0x262009b7, 0x06231784, 0x41f06c0a, 
    0x032106d3, 0x207b8a51, 0x217b856e, 0xef82b5ff, 0x1789a320, 0xfecd0623, 0x2293886d, 0x873306fa, 0x110b217b, 0x6420db8a, 0x06232f88, 0x85f2710a, 
    0xfede227b, 0x1187413a, 0xfe6c0a23, 0x128741d8, 0xbf882b83, 0x88070121, 0x08874125, 0xff01002b, 0x025efe2d, 0x005e0408, 0x086b420b, 0x02020024, 
    0x21466101, 0x23212105, 0x3f065e7a, 0x23060603, 0x32333723, 0x01dc3736, 0xfa1fc32c, 0x28273dc2, 0x040b494a, 0xc169fb5e, 0x4140eca8, 0x4b839b85, 
    0x5e049d22, 0xa82acb82, 0x07010000, 0x1aff3b0b, 0x6f43b4ff, 0xb4ff2105, 0x8405474d, 0x069d256f, 0x02260024, 0x00212382, 0x25238527, 0x6c0a0601, 
    0x298b00f0, 0xff000023, 0x9d2b85ff, 0x1543434f, 0x42053342, 0xfe2315f7, 0x8480045e, 0x8293207f, 0x842620b4, 0x02272477, 0x822c02a8, 0x0a07240d, 
    0x821c026c, 0x27bc8207, 0x0000cfff, 0x5d043c03, 0x0ee76c18, 0x044d5925, 0x18000001, 0x3219e76c, 0x37231333, 0x03230721, 0x28310733, 0x28c469c4, 
    0x8329b402, 0x02f32706, 0xfdf2f278, 0xd386f388, 0x24065322, 0x20052341, 0x20f78200, 0x3a7083ef, 0xfe95ff02, 0x04c30351, 0x0010005e, 0x4033001b, 
    0x01010330, 0x06040105, 0x756a0401, 0x06210539, 0x05ae4d06, 0x00612808, 0x1900014e, 0x0d111317, 0x090a0b0c, 0x00050708, 0x08100110, 0x132b160b, 
    0x36372622, 0x13333336, 0x07210321, 0x18020e21, 0x08070355, 0x37363238, 0x1295b4de, 0x6ba0ce13, 0xa52c01a4, 0xfe220501, 0xb66513f7, 0x472a5106, 
    0x28320707, 0xfe082f39, 0x7e7a9c51, 0xfce00399, 0xa05acf20, 0x275e0164, 0x4926282a, 0xab82002e, 0x93829320, 0x2406c12e, 0xb1022600, 0x070000fe, 
    0x48016c0a, 0x43079741, 0xa820065f, 0x5f43bc82, 0x2dff2308, 0xfb425efe, 0x42178506, 0x178207fb, 0xf3900220, 0x27170b41, 0x2300ffff, 0x7f045efe, 
    0xc1207784, 0x27235f82, 0x6802a802, 0x6c22056f, 0x0f821b02, 0x30052b4d, 0x00d205e2, 0x4029000c, 0x03070a26, 0x01010203, 0x05a8494c, 0x59010122, 
    0x0b0b6918, 0x000c3808, 0x1113120c, 0x2b190b05, 0x03211333, 0x01210133, 0x07032101, 0x01f72303, 0x0112852c, 0xfe5b01b4, 0xfe4e010e, 0x3b66ed9f, 
    0xdefcd205, 0x1bfeae01, 0xc80187fd, 0x849afe62, 0x00243367, 0x05e30400, 0x001a00e0, 0x062a402d, 0x16000101, 0x6c820f13, 0x210c0b4c, 0x70820202, 
    0x2606064c, 0x23241612, 0x4c1b0b05, 0x07210d05, 0x22778907, 0x6cbb1321, 0x47200ef7, 0x4f288587, 0x67ec9efe, 0x97d4fe3b, 0x210cf34b, 0x938a52fe, 
    0xff8e0328, 0xfe2300ff, 0xfb820422, 0x02260223, 0x26a382b8, 0x01ca0607, 0x47000046, 0xe2220657, 0x17859707, 0x0a070124, 0x6118ff6e, 0x23201157, 
    0x238acf82, 0x00cb0623, 0x117b47bb, 0x893afe21, 0x2247825f, 0x461d006c, 0xfe2111c7, 0x23238b75, 0x80ffce06, 0x0034238d, 0xfec3ff01, 0x0481048c, 
    0x000c005e, 0x070ab747, 0x02010303, 0x29078d4a, 0x02030412, 0x4d590202, 0xb5790100, 0x005b2505, 0x12401b4e, 0x02210d87, 0x241e855f, 0x40594e00, 
    0x41e1820c, 0x360809c1, 0x13210301, 0x01210123, 0x37132101, 0xf7810413, 0x1184d5fe, 0xa6fe4bfe, 0xb2fef101, 0x66ec6201, 0xfa5e043c, 0xfe22032e, 
    0x02e50152, 0x6238fe79, 0x00006601, 0x82240001, 0x84e320f3, 0x40232287, 0x29888320, 0x4c010002, 0x02000101, 0x68848500, 0x63897620, 0x25420620, 
    0xb924230e, 0x9f412c01, 0x05254208, 0x415e0421, 0xb74f0c91, 0x46022305, 0x7618d205, 0x46232107, 0x18d4fef7, 0x2b090776, 0x0000edff, 0xd2059a02, 
    0xc1022602, 0x06238182, 0x82ec440b, 0xffff2306, 0x1782bfff, 0x1787ac20, 0x0b070137, 0x0029ff3b, 0xb1080017, 0x17b00101, 0x002b35b0, 0xffffff00, 
    0x20238292, 0x243b88e7, 0xff460b07, 0x243c8261, 0xfef5ff01, 0x298b844d, 0x40270011, 0x02010f24, 0x43500101, 0x02200806, 0x03620002, 0x61000001, 
    0x00014e00, 0x06070b0d, 0x11011100, 0x2b160b04, 0x37262201, 0x21133337, 0x09095518, 0xb0430138, 0x01131a9e, 0xf72c01f7, 0x45330814, 0x24192c16, 
    0x9f4dfe44, 0x5418769e, 0x7e820aca, 0x003c0025, 0x82060400, 0x001432f7, 0x4033001f, 0x02070830, 0x00010205, 0x6a000501, 0x94551800, 0x5f20080b, 
    0x0101004d, 0x154e0157, 0x151f1515, 0x1211241e, 0x10132125, 0x2b1d0b09, 0x23072301, 0x23132103, 0x3e248082, 0x17323302, 0x51088382, 0x36372133, 
    0x06260726, 0x33160607, 0x14d9e503, 0xd5fe4801, 0x949f705b, 0xaf670d15, 0x3c262b79, 0xd8792d01, 0x0908fbfd, 0x3f2a2f1f, 0x30280504, 0xfe7d2a02, 
    0x992a0253, 0x5389517c, 0xfd6c0106, 0x3e322d26, 0x1f320101, 0x02002f1d, 0x5efef1fe, 0x9f821a03, 0x2100153a, 0x34403700, 0x0203010e, 0x03030405, 
    0x4c020300, 0x03010200, 0x80030201, 0x56229982, 0x1382004d, 0x67046221, 0x01270598, 0x11191b00, 0x18090a0f, 0x2007196e, 0x068c6701, 0x9c823120, 
    0x41097d67, 0x3625072b, 0x01262726, 0x066f676f, 0x01d4272e, 0x0a04d42c, 0xabab2f31, 0xdfd21415, 0x23115267, 0xfbfb04eb, 0x21074767, 0x39674e01, 
    0x43002008, 0x032106bb, 0x2cab82ad, 0x00c10226, 0x05070100, 0x02e501bf, 0x050d4750, 0x47500221, 0x00270537, 0x03000023, 0x4297072c, 0x0121052f, 
    0x13bb4307, 0xfe86ff25, 0x42460222, 0x06230817, 0x51fcca06, 0x032408cf, 0x001d06b8, 0x00255f84, 0x014f0b07, 0x2377838d, 0x3afedaff, 0x01252f89, 
    0xfe6c0a07, 0x0dc743d4, 0x83ffff21, 0x14032323, 0x77855d07, 0x85270021, 0x257f8223, 0x0192ffce, 0x50180074, 0xff231497, 0x8b75fe55, 0xce062357, 
    0x578f36fe, 0xfedcfe23, 0x227b8c3d, 0x1823fe6d, 0x250da748, 0x3b000100, 0x2383f9ff, 0x000f0028, 0x0d244027, 0x13530001, 0x07cf4208, 0x4e005731, 
    0x080a0001, 0x0f000405, 0x0b040f01, 0x4e052b16, 0x23080aa6, 0x06061737, 0x88ac6f01, 0x2c01c718, 0x2e1d09c0, 0x0b0a1b18, 0x94075419, 0xfbb00495, 
    0x04303679, 0x1008db03, 0x20051f41, 0x2e678216, 0x00d205c3, 0x26d00226, 0x0b060100, 0x430b1544, 0x0b2b0571, 0xff2b35b0, 0xff2a00ff, 0x851703f9, 
    0x8367201f, 0x943b221f, 0x201f8522, 0x201f8522, 0x201f8227, 0x251f827c, 0x00d00227, 0x21830092, 0x8af64621, 0x22648241, 0x822f0002, 0x82d52023, 
    0x001e3023, 0x40810029, 0x0701090a, 0x06011701, 0x684c0205, 0x262c0541, 0x0302080a, 0x00020904, 0x6a000305, 0x22054672, 0x6c010707, 0x00350567, 
    0x61060505, 0x57060600, 0x401b4e06, 0x00010024, 0x07010307, 0x89309169, 0x40593d26, 0x011f1f1d, 0x1f291f00, 0x1b222428, 0x0f121419, 0x0b0c0d0e, 
    0x0005070a, 0x0b1e011e, 0x2b06f743, 0x32333636, 0x21131716, 0x23073703, 0x2106426a, 0xe84f0617, 0x37372105, 0x3505414e, 0x01371606, 0x18a6a97e, 
    0x4171b416, 0x01471550, 0x23b0762c, 0x4b4127b0, 0x33553f07, 0x2e1989ac, 0x2c070c21, 0x07382633, 0x022d2e06, 0x85929f35, 0x01323aa4, 0x0237fdaf, 
    0x6341ead6, 0x95943406, 0x45cf1301, 0x2633432d, 0x00013826, 0x00ffff00, 0x42f9ff3b, 0xd02006ef, 0x8318ef42, 0x072d2523, 0x02260297, 0x06232384, 
    0x46bc00cb, 0xff210fab, 0x08ef42c2, 0x00252382, 0x38ca0606, 0x425f8800, 0x178305ef, 0x2108ef42, 0xef421600, 0x23538408, 0x10ff6c0a, 0x830f9742, 
    0x06ef4223, 0x00212382, 0x42238527, 0x91201eef, 0x8408ef42, 0xce062357, 0x578f72fe, 0x4219ff21, 0x238408ef, 0xfe6d0a23, 0x0def4260, 0x2705c347, 
    0xd2054602, 0xc1020602, 0x0123c882, 0x4a002300, 0x05240583, 0x1c401f00, 0x59201182, 0x1ebf6f18, 0x01b9232c, 0xc601922c, 0xfc5d0429, 0x9b46f396, 
    0xff062305, 0x47826f04, 0xb6562908, 0x04020309, 0x4b4c0100, 0x58501eb0, 0x01061640, 0x61000404, 0x00020102, 0x084d5900, 0x03030507, 0x4e035703, 
    0x001a401b, 0x1d831083, 0x1d820120, 0x5f010122, 0x59221c89, 0x1c821040, 0x23002327, 0x14231323, 0x05935f24, 0x21133323, 0x05464207, 0x87560584, 
    0x08905609, 0x03074608, 0x1601ba23, 0x5db64117, 0x43147e70, 0x996a71d2, 0xfe7b1444, 0x501076d4, 0x0e805d44, 0x77defe71, 0x55464a0e, 0x046e118a, 
    0x6577cb5e, 0x76847a80, 0xfd7aaf5e, 0x5fc30218, 0xfd577752, 0x53cb025a, 0xfd657556, 0x83798266, 0x4dfe21cf, 0x2e27cf84, 0x0b407600, 0x54021e24, 
    0x022005e6, 0x1f22d486, 0x11820104, 0x07086129, 0x59060602, 0x8201054d, 0x004d23d2, 0x2a580101, 0x00612105, 0x2321dd82, 0x83198300, 0x61072626, 
    0x07070108, 0x5825925f, 0x2628051f, 0x1c1d2022, 0x15171a1b, 0x21069756, 0xd75a012e, 0x11975606, 0x4108a056, 0x072c0f0a, 0x5dc00402, 0x2731243d, 
    0x14083e48, 0xfe21f091, 0x111841d4, 0x410aa456, 0x1e410e00, 0xfe762d0d, 0x010000c3, 0xefff4d00, 0x5e042a07, 0x2107df41, 0xdf410400, 0x05d24108, 
    0x064d5932, 0x00040401, 0x02010262, 0x00570000, 0x1a401b4e, 0x00201887, 0x1d841082, 0x1d820120, 0x5d010124, 0xdf414e01, 0x03012913, 0x06063721, 
    0x27262223, 0x02540584, 0xd2511809, 0x372d0808, 0xba2a0713, 0x4116eafe, 0x7e705eb5, 0x70d34313, 0x1445996a, 0x762c017c, 0x5d444f10, 0x01700f80, 
    0x4a0e7622, 0x118a5545, 0xfb5e046f, 0x09e241a2, 0xfde80231, 0x77525f3d, 0xfda60257, 0x75565335, 0x839a0265, 0x5efe21cf, 0x2730cf84, 0x31403400, 
    0x00020309, 0x064c0103, 0x02020204, 0x2e05ce41, 0x01016200, 0x4d5d0000, 0x07070108, 0x824e075b, 0x002730c2, 0x13231327, 0x25241423, 0x2b1d0b09, 
    0xa0331301, 0x032127ad, 0x08050323, 0xb0a20d45, 0xba2c0127, 0x5efe4506, 0x24b59c01, 0x5efea2fb, 0x06c34700, 0x06ff0627, 0x02260223, 0x249882df, 
    0x03cb0607, 0x20178a0e, 0x23178724, 0x80026c0a, 0xfe251785, 0x04ff063a, 0x2517856f, 0x6c0a0701, 0x33446501, 0x05bf430d, 0x04b4042d, 0x0013006c, 
    0x0105b544, 0x54010104, 0x12230652, 0x43040400, 0x5920059f, 0x2607155a, 0x0016401b, 0x58590101, 0x2e5a0a9b, 0x0bcb5506, 0x43210321, 0x9f4307af, 
    0xb9012b08, 0xbad4fe6a, 0x411e1a01, 0x835879b6, 0x7e02280b, 0x5e0482fd, 0x58746fd5, 0x9f440872, 0xb4042305, 0xb3821106, 0xe382e620, 0xcf060623, 
    0x0897437b, 0x82d50421, 0x00212ca7, 0x110a4069, 0x1f030101, 0x55020501, 0x1c2007df, 0x6c5f9782, 0x289d8205, 0x4d570202, 0x00050500, 0x073b6161, 
    0x00204023, 0x05556203, 0x82610421, 0x4d5f21d5, 0x8a05895f, 0x40593322, 0x1d000113, 0x1013151b, 0x0a0d0e0f, 0x01210008, 0xb94a0721, 0x0f7d4309, 
    0xc94a0720, 0x13042509, 0x131a9db1, 0x8a0a8a58, 0x091427e6, 0x2c164534, 0xda4a2318, 0x07525905, 0x7620f088, 0x20054274, 0x05734400, 0x82b40421, 
    0x002024db, 0x8214b558, 0x078341da, 0xd6901b20, 0x09499018, 0x1f401b22, 0x2189d594, 0x09405927, 0x13112326, 0x25701827, 0x0a68590c, 0x83064b44, 
    0x23062bcd, 0x26d40122, 0x3e442c31, 0xcc961108, 0x18d31b21, 0x9108b446, 0x9f9e2bca, 0x02000000, 0x5efe2300, 0xc782ea05, 0x2e002226, 0x10408100, 
    0x1b29ca83, 0x05050201, 0x00030304, 0x09ab5606, 0x02010526, 0x80020501, 0xab56dc90, 0x005b2607, 0x28401b4e, 0x41268700, 0x2a8a13bb, 0x15405935, 
    0x26280001, 0x16181c1e, 0x10111213, 0x22000b0d, 0x72082201, 0xf2930ae6, 0xe4723620, 0x0b664b05, 0x4b3f0421, 0x01210766, 0x08225b4b, 0x2009ce41, 
    0x05d7725f, 0x2114764b, 0x2e5bc601, 0x07db4105, 0xa909c525, 0x4b8a7a80, 0x012f0b81, 0x4dfe05ff, 0x6c04b404, 0x69001e00, 0x820c0a40, 0x010223ff, 
    0xbf420100, 0x05053309, 0x01036102, 0x4d590202, 0x57040400, 0x0101004d, 0xbf426200, 0x2118840a, 0x2d610505, 0x32229006, 0x01134059, 0x14171900, 
    0x0b0e1013, 0x0004060a, 0x631e011e, 0x4a4605d9, 0x08ec4108, 0x695b2120, 0x02072207, 0x08394661, 0x21129c43, 0x28466a12, 0x0da44309, 0x82fd6e34, 
    0x00c3fe76, 0x2400ffff, 0xab045efe, 0x06026c04, 0x1f506304, 0x06b42208, 0x06bb4323, 0xcb060724, 0x1785e501, 0x8322fe21, 0x221788fb, 0x886401ca, 
    0x89b8202f, 0x6e0a232f, 0x4794a600, 0xa800cc22, 0x2420178a, 0x0a234787, 0x8557016c, 0x3afe2117, 0x83575f89, 0x75fe2117, 0x3b57238b, 0x3dfe2115, 
    0x6d22478c, 0x3f498cff, 0x5efe2911, 0x24064e07, 0xe6022600, 0x21053752, 0x0782fb04, 0x6c0a0724, 0x0782ea04, 0x2a050b50, 0x005e04fd, 0x40240015, 
    0x18061121, 0x5208d34f, 0x15220c32, 0x76181500, 0x13210923, 0x23761816, 0x26033808, 0x06062726, 0xb9240307, 0x28d93401, 0x1409163a, 0x21014e0f, 
    0x82cefeb9, 0x09173c0c, 0x044d1014, 0x562efe5e, 0x8d474496, 0xfbd2015c, 0x54d401a2, 0x90454697, 0x822cfe5c, 0x02002d7a, 0xeaff4900, 0x6c049e04, 
    0x1f000f00, 0x0b1f7218, 0x054d5f23, 0x1f721801, 0x1011300a, 0x17190001, 0x1f111f10, 0x0f000709, 0x4c060f01, 0x916f05d3, 0x97411806, 0xe3252712, 
    0xeba455f9, 0x0583e296, 0x79548b26, 0x5d5c264f, 0x16260584, 0xf687d4ff, 0x058270c2, 0x70c1f72f, 0x9f8d5aec, 0x597a6545, 0x64469f8c, 0x061f7b7c, 
    0x1b069e26, 0xf7022602, 0x06239c82, 0x82f66b0a, 0x20178806, 0x22178711, 0x8471cf06, 0xfdff2717, 0xeb04d2ff, 0x2f888c04, 0x1682df20, 0x84000021, 
    0x320530d3, 0x1c002e05, 0x78002c00, 0x5025b04b, 0x5d16b558, 0x0782068d, 0x4c010223, 0x26148459, 0x03001d40, 0x18850301, 0x210a224a, 0x5e180107, 
    0x1b220a83, 0x1f852140, 0x7b064843, 0x06200c72, 0x3605e661, 0x1e174059, 0x2600011d, 0x1e2c1d24, 0x0f11122c, 0x00070c0d, 0x7b1c011c, 0x33230c4d, 
    0x18161631, 0x1808df59, 0x4113c342, 0x0731062b, 0x3e9d4407, 0x011f031e, 0x6b0e2002, 0xa455504b, 0x123841eb, 0x1a0c022a, 0x5c56b9b6, 0x87aa740c, 
    0x410f4041, 0x23200b2b, 0x26061341, 0x00cc0607, 0x4100009e, 0x17890843, 0x210b0b7d, 0x1788069e, 0x220c0b7d, 0x88e9059e, 0x00ce2247, 0x20478ab2, 
    0x2317871f, 0xbe006f0a, 0xd8201788, 0x06234788, 0x8965ba06, 0x053b7d8f, 0x1082f720, 0x7d0a0721, 0x5124093b, 0x6c049e04, 0x0b234787, 0x8581020a, 
    0x82fe2047, 0x20778817, 0x22178527, 0x8d060700, 0x23af877f, 0xcbcd0606, 0x9e226789, 0x4f883306, 0xf78b1120, 0x421e0721, 0xe8210823, 0x892f8af9, 
    0x380b2217, 0x21178a75, 0xdf882406, 0x200b037e, 0x242f889e, 0x01e70a07, 0x22f78871, 0x8864079e, 0x8aec205f, 0x07c82247, 0x2217875f, 0x8a7b360b, 
    0x242f885f, 0x00020b07, 0x224792b3, 0x87980a07, 0x3afe2117, 0x25092741, 0x6c0a0701, 0x51593300, 0x11db410d, 0x65710a21, 0x492406d3, 0x6305eaff, 
    0x4b226b8a, 0x6b88a000, 0x178ad620, 0x178a4c20, 0x178ad720, 0x178a4d20, 0x5207c322, 0x20085b41, 0x8317874e, 0x08f3419b, 0x3b422720, 0x6fa38a05, 
    0x8b830ba7, 0x2b843220, 0x0000fb22, 0x200d237f, 0x42178b05, 0x178b0aaf, 0x0022d385, 0x47840003, 0x00f70529, 0x002c001c, 0x43360141, 0x210816dd, 
    0x40585015, 0x07030037, 0x06030706, 0x07070080, 0x010b6109, 0x4d5e0909, 0x06020e08, 0x00610a06, 0x85610a0a, 0x01022c06, 0x4d5f0101, 0x0404010d, 
    0x430c6100, 0x1b2305d3, 0x8220b04b, 0x8835203e, 0x830a203e, 0x0a012335, 0x488a6906, 0x8f0a3444, 0x9e25203c, 0x615c203c, 0x799305ff, 0x9a394021, 
    0x44378274, 0x788c0d89, 0x59595938, 0x2d2e2740, 0x00011d1e, 0x3b3d3e3f, 0x34353739, 0x412d3032, 0x9b44412e, 0x450f200f, 0x9b440bba, 0x2201281f, 
    0x22232626, 0x4f230706, 0x33260547, 0x06333732, 0xb0440206, 0x80013524, 0x1a344533, 0x83072219, 0x344b6b14, 0x301c3342, 0x6e138113, 0x4406ff45, 
    0x042c1ac6, 0x2e2a2a46, 0x2a706621, 0x7067502a, 0x2a063343, 0x32053afe, 0x26022e05, 0x6b00fb02, 0x034305b3, 0x050b4610, 0x21088b42, 0xed4c0a26, 
    0xdc012106, 0xff444282, 0x6c042508, 0xf7020602, 0x23130f45, 0x4401010b, 0x3220178a, 0x2208ff43, 0x94ac015d, 0x015e2217, 0x2217949c, 0x94ca005f, 
    0x00602217, 0x221794ad, 0x94da0061, 0x48622017, 0x492306bf, 0x4504eaff, 0x68220b9f, 0x2f89ea00, 0x22083f45, 0x83de0a06, 0x051f43e7, 0x2806cf47, 
    0x00220019, 0x00364039, 0x6dac1804, 0x08c14608, 0x4c020221, 0x5d3005e9, 0x10114e00, 0x1f210001, 0x14151a1b, 0x19111910, 0x4605dd47, 0xb1460cbe, 
    0x36362806, 0x15062137, 0x18031614, 0x42072972, 0xe2470705, 0x734c2f05, 0x26fe164e, 0x013c5c02, 0x5d5c02d9, 0xe7478f71, 0x7a4c2c0d, 0x64161646, 
    0x13a6017c, 0x187a6512, 0x20096b43, 0x108f419e, 0x2513fb47, 0x048907e8, 0x13480071, 0x02072405, 0x82220347, 0x00022de9, 0x06000032, 0x005d046f, 
    0x001e0014, 0x13ab7118, 0x094d5922, 0x0cab7118, 0x01151527, 0x151e1500, 0x05f14b1d, 0x0d0e0f39, 0x00070b0c, 0x0a140114, 0x212b160b, 0x37262622, 
    0x3337023e, 0x87072131, 0x5c252001, 0x3a0806a8, 0xfb013316, 0x1f60d792, 0x94ffb21e, 0x28220399, 0x012009fe, 0x32fe28ce, 0x28f40121, 0x996909fd, 
    0x141d925f, 0x7a3e5922, 0xf9b9bdf7, 0xbff2017c, 0xf2f3cced, 0xb58a7a02, 0x4138897a, 0xfe2505a7, 0x04d20956, 0x23bf876c, 0xc404c703, 0xff25bf83, 
    0x045efede, 0x291782c3, 0x00260016, 0x030a406c, 0x8d820501, 0x4b040221, 0x1d2d07dd, 0x00050500, 0x00010161, 0x074d5900, 0x06d86701, 0x064d5d2b, 
    0x5b030301, 0x401b4e03, 0x65448221, 0x238f0dfa, 0x1440593b, 0x00001718, 0x26171e20, 0x16002618, 0x25261600, 0x190b0811, 0x2113032b, 0x4e4b1807, 
    0x82232009, 0x232722fa, 0xef421803, 0xff22380d, 0x09222701, 0x5b855b1c, 0x8743dba6, 0x78608acc, 0x630e0e42, 0x18534401, 0x3409544b, 0x00065efe, 
    0x3e5e2ebc, 0xf978dbdf, 0x604282d2, 0x02a2fd2d, 0x564b1880, 0x0000240b, 0x82e2ff02, 0x82c720e3, 0x001a3ce3, 0x4073002d, 0x04010317, 0x1c2c2d00, 
    0x18040503, 0x040f1012, 0x01110502, 0x50040203, 0x1c23063b, 0x85040400, 0x4d2221f0, 0x0225fb82, 0x02020061, 0x20ef8426, 0x20ef8324, 0x82ef8220, 
    0x04042718, 0x01006101, 0x22912701, 0x10405931, 0x292b0000, 0x1a002123, 0x252a1a00, 0x8d070711, 0x060626ea, 0x27071707, 0x21ef8706, 0x88753617, 
    0x06827505, 0x1e273722, 0x2508f382, 0x5c1b0921, 0xdba65a85, 0x3a536e36, 0x594e427a, 0x0d42795f, 0xc101640e, 0x5835375a, 0x5179505c, 0x335a5a29, 
    0xfa895d2e, 0xc7e26c27, 0x61585645, 0x25fe841e, 0x47857503, 0x4c1850bc, 0x13210755, 0x20ff8289, 0x2aff82de, 0x00e005c3, 0x00340024, 0x69434046, 
    0x062705b3, 0x03012002, 0x694c0305, 0x06210ab7, 0x24ee8406, 0x01074d5f, 0x05af4d05, 0x004d5d35, 0x045b0404, 0x2e25264e, 0x2634252c, 0x28261534, 
    0x5d082324, 0x0f210fc2, 0x10c84102, 0x41132121, 0xd3690dca, 0x0220210f, 0x240fd641, 0x01dcd4fe, 0x0ad94194, 0x410ce75d, 0x05230ee2, 0x4150fd30, 
    0xff210be4, 0x05c742ff, 0x0223062f, 0x002c0326, 0x06070000, 0x002302cb, 0x20178800, 0x23178724, 0x95016c0a, 0x04231789, 0x8406026c, 0x0220082f, 
    0x5efe4700, 0x6c04e804, 0x25001500, 0xb04b7800, 0x40585024, 0x0501120a, 0x01010202, 0x1b4c0204, 0x03200c84, 0x59200c85, 0x1c211e85, 0x07f84e00, 
    0x564d5f21, 0x00240511, 0x4d5d0101, 0x5b237d82, 0x511b4e00, 0x238307b8, 0x02020022, 0x59362292, 0x16170f40, 0x25161d1f, 0x26152517, 0x0b071024, 
    0x21012b1a, 0x06712313, 0x3733220d, 0x0d484121, 0xfee90327, 0x2d0e64d4, 0x06cb7f9a, 0x437d6229, 0x01220a0d, 0x7d45fd27, 0xfe300a5c, 0x4a51025e, 
    0x81d7e678, 0x457accfb, 0xfcc82e63, 0x0c974218, 0x0020a082, 0x0632ef84, 0x00e00503, 0x00310021, 0x19434046, 0x12030401, 0xee830601, 0x4c030524, 
    0xca750400, 0x185c2005, 0x210aac43, 0x43180107, 0x002e09ac, 0x4e005b00, 0x292b2223, 0x31233122, 0xbd822724, 0x1b0b0822, 0x4518bd94, 0xc9a00ca1, 
    0x70210621, 0x162408c1, 0x0c084644, 0xf96bd59c, 0x24df9309, 0x044dfe32, 0x06cf51e8, 0xb0419620, 0x140e2105, 0x032be082, 0x20050101, 0x03010401, 
    0x83401b4c, 0x89032010, 0x0afd7210, 0x1805d050, 0x2618d147, 0x0026401b, 0x41590303, 0x08200a1d, 0x180a1d41, 0x720afa47, 0x2a2b06fd, 0x242e2328, 
    0x171c1e2e, 0x180f1116, 0x2909cb46, 0x13132001, 0x23020e23, 0x46182622, 0x21220ad2, 0x47183303, 0x57180afd, 0x042c09c2, 0x349afe25, 0x5e1d0d31, 
    0xb9805b88, 0x0dcb5718, 0x47189620, 0xbe200afe, 0x0acf5718, 0x014dfe29, 0x2e29013d, 0x18863d5b, 0x2109d757, 0x471874fc, 0x571809ff, 0x24080adc, 
    0x00240001, 0x047b0300, 0x0011006d, 0x22b04b69, 0x0e405850, 0x00020103, 0x0203010a, 0x01094c02, 0x401b4a00, 0x2006820e, 0x22148701, 0x85594c03, 
    0x00122326, 0x2f450202, 0x08e76105, 0x94671b20, 0x20198206, 0x05a15b01, 0x03010425, 0x60035703, 0x112406b1, 0x24241100, 0x27077362, 0x36363307, 
    0x03173233, 0x0805de49, 0xb9240329, 0x0c1f2201, 0x335ea22f, 0x4a152d2d, 0x119d6820, 0xc35e0469, 0xfe0a6b67, 0x820807f4, 0x0084fd68, 0xff010000, 
    0x844dfef6, 0x001f29ab, 0x0e414044, 0x08020101, 0x1d279782, 0x0304020f, 0x6b004c03, 0x4c76062d, 0x00043f08, 0x00590400, 0x61000404, 0x04000105, 
    0x00015100, 0x1113191b, 0x06070b0d, 0x1f011f00, 0xe45f0606, 0x5b8b8e09, 0x072806f3, 0xb0440106, 0x01131a9e, 0x00609a91, 0x55a88d0d, 0xff230822, 
    0x419bffff, 0x0224055b, 0x00350326, 0x2205f765, 0x5e2fff05, 0xff2405bf, 0x2b35b02f, 0xff271482, 0x03f1ffc8, 0x415e041f, 0x0a200a7f, 0x0322c982, 
    0x7f410001, 0x1b492305, 0x10870e40, 0x01010923, 0x097f4100, 0x03010425, 0x414d5903, 0x57250885, 0x401b4e00, 0x22148616, 0x83570000, 0x61012619, 
    0x5d010100, 0x107f4101, 0x2103013d, 0x06062337, 0x13272223, 0x32331616, 0x03133736, 0xdefeb91f, 0xa2300c20, 0x412e325e, 0x6a310680, 0xa2fb5e04, 
    0x0a6b67c3, 0x08070c01, 0x7c026882, 0x24008200, 0xfec8ff01, 0x25af844d, 0x403e001f, 0xaa820c3b, 0x02050b26, 0x011d0201, 0x4c207982, 0x21051b43, 
    0x77850202, 0x04004d28, 0x05620004, 0x5e610001, 0x191b3405, 0x0e101314, 0x1f00080a, 0x0b061f01, 0x20012b16, 0x8e333713, 0x03212186, 0x2807715d, 
    0x58020607, 0x1434a0fe, 0x31948e04, 0x04b92b01, 0x47310813, 0x24182c16, 0x014dfe43, 0xa28b763d, 0x76a2fb28, 0x03042b2f, 0xab8412d8, 0x00590033, 
    0x04af0200, 0x000f006b, 0x06224025, 0x01000201, 0x8418824c, 0x4d5f229d, 0xed8b1803, 0x000f2808, 0x0423240f, 0x552b180b, 0x07200575, 0x0808126d, 
    0x1271f224, 0x2c45515a, 0x2f43142a, 0x185dc584, 0x69aa0279, 0x03fc0759, 0x8fb15207, 0x010027fd, 0x00002300, 0x5f873103, 0x01010822, 0x05825f83, 
    0x64826120, 0x24205f8f, 0x3e235f85, 0x7c323302, 0x3108058e, 0x23030706, 0xdf971779, 0x13403085, 0x51452a29, 0x02711177, 0x52b18fd9, 0x07fc0307, 
    0x56fd6959, 0xff010000, 0x035efede, 0x006d047e, 0x403b0015, 0x5e820b38, 0xc3820520, 0x03010c24, 0xc7820302, 0x01020126, 0x04800200, 0x86210d83, 
    0x2b0a8200, 0x01005901, 0x00610201, 0x51020102, 0x152e8082, 0x24241500, 0x19060513, 0x3313032b, 0xe3422113, 0x0323240e, 0x42024722, 0x062511d8, 
    0x015efe46, 0x0dd042a2, 0x2006c759, 0x22eb8224, 0x422306a2, 0x003105cb, 0x01cb0607, 0xff000031, 0xfe89ffff, 0x047b0322, 0x2317866d, 0xffca0606, 
    0x21089b6a, 0x2f880404, 0x6e0a0622, 0x4405a769, 0x1788056f, 0xcd060724, 0x478320ff, 0xae221784, 0x47873306, 0xf4110b22, 0x03234788, 0x8624067b, 
    0x0a072417, 0x83a3006c, 0xddff232f, 0x77893afe, 0x17820120, 0x5ad7fe21, 0xff210d27, 0x222384ff, 0x86e9058a, 0x0a27223b, 0x2423836c, 0xce060601, 
    0x06536908, 0xb04af924, 0x67842b35, 0xfe58ff23, 0x234f8b75, 0x39fece06, 0x00204f8d, 0x27050373, 0x005d043b, 0x0016000d, 0x18877818, 0x064d592d, 
    0x01010203, 0x004e0157, 0x18141600, 0x21108778, 0x78180716, 0x32080987, 0x36373632, 0x23232326, 0xbede01b9, 0x7e131ec3, 0xb9fe9f63, 0x643d6d88, 
    0x0d625470, 0x70554f0d, 0xb2c95d04, 0xfe2ba373, 0xfe72015f, 0x3c5d028e, 0x82424948, 0x000228ac, 0x04000024, 0x845e04dc, 0x40382a87, 0x05010735, 
    0x004c0101, 0x26078201, 0x68050104, 0x70000102, 0x9a7c05d4, 0x03572c05, 0x000e0e4e, 0x0e160e00, 0x820f1115, 0x110c2432, 0x67081111, 0x16200af8, 
    0x04249182, 0x33030323, 0x49088d85, 0x1c01b924, 0x2301b83f, 0xb4fe4701, 0x1d125362, 0x91ddeffe, 0x6d6ac130, 0x6a560b0c, 0x84fe5e04, 0x58fe7c01, 
    0xab6ea32b, 0xfe0d02cf, 0x46474cdd, 0x0001004a, 0x04eaff25, 0x006c043c, 0x4033002c, 0x1c1d2930, 0x06030613, 0x92820301, 0x02030322, 0x2305a375, 
    0x00010100, 0x093d5318, 0x181f212a, 0x00080a16, 0x052c012c, 0x22050c50, 0x79352627, 0x36260616, 0x26272726, 0x27433726, 0x17162205, 0x051f4605, 
    0x16066508, 0x07041717, 0xea01020e, 0x0108f0cc, 0x57081901, 0x0686525b, 0xba433703, 0x07098c92, 0xc586e38e, 0x01030ed7, 0x4b08f5fe, 0x0684494f, 
    0xc2473304, 0x08122901, 0xae16f39a, 0x1d040b94, 0x3d43444e, 0x280f3326, 0x74749c1f, 0x809e53a0, 0x391b0c0a, 0x263e423f, 0x3e281032, 0x5aa977e3, 
    0x01000000, 0x47fea3ff, 0x3837c384, 0x45404800, 0x141d1e2a, 0x03010507, 0x01040130, 0x04050136, 0x8b004c03, 0x610425ca, 0x5d040400, 0x300cb05b, 
    0x33350001, 0x20222d2f, 0x090b1719, 0x38013800, 0x05e14407, 0x34331322, 0x2331d9a5, 0x06072722, 0x37323316, 0x0c010607, 0x483597fe, 0x32e5a905, 
    0x1766888c, 0x2e4c4309, 0xfe442335, 0x013c0147, 0xa00101b6, 0x902926f3, 0xd8062930, 0x25fa8211, 0x25000100, 0xfb845dfe, 0x4d003e39, 0x2f3b4a40, 
    0x1518252e, 0x02050306, 0x09030001, 0x0a000101, 0x7b010201, 0x89720901, 0x01062606, 0x4d5d0000, 0x05714400, 0x5b022b08, 0x00014e02, 0x282a3133, 
    0x0c0e1a1c, 0x3e000507, 0x0b073e01, 0x22052b16, 0x33021e27, 0x17373632, 0x22270606, 0x03272626, 0xea412637, 0x32363429, 0x1f2f3222, 0x4125693c, 
    0x575c9e37, 0x821e4d74, 0x41041d01, 0x07312bfc, 0x341d5555, 0x552a9d1b, 0x477e4d01, 0x39013d01, 0x230c4245, 0x42ffff21, 0x062f05cf, 0x03260223, 
    0x00000048, 0x01cb0607, 0x860000a3, 0x88452017, 0x0a062317, 0x1e82646d, 0xfe251783, 0x043c045e, 0x232f876c, 0xd300750a, 0x76202f88, 0x6e202f8a, 
    0x22202f88, 0x06232f8b, 0x882401ca, 0x063c222f, 0x22478824, 0x8515016c, 0x3afe2117, 0x01252f89, 0xff6c0a07, 0x0d9b44fc, 0x5d229b86, 0x3b877407, 
    0x01310b23, 0x2253887a, 0x86520780, 0x0b062317, 0xb3875232, 0x6b885382, 0x53852720, 0x73835b83, 0x430e0b72, 0x022306df, 0x82480306, 0x0122083c, 
    0xeaff1600, 0x6c045104, 0x36002600, 0x01063340, 0x04020405, 0x00800205, 0x02040102, 0x04007e01, 0x01470004, 0x01002a05, 0x00610301, 0x035d0303, 
    0x2e36824e, 0x2b260026, 0x222a1222, 0x2b1b0b07, 0x5c243613, 0x072505cc, 0x06070607, 0x80561816, 0x26590808, 0x25363726, 0x37363637, 0x22232636, 
    0x2f8d0706, 0xd5d10c01, 0xb7151be3, 0x0e96c7aa, 0x53535d09, 0x23011b79, 0xdbddfe30, 0x1264cf8f, 0xcf4b0128, 0x09084b50, 0x6d53495b, 0x97230316, 
    0x7ba1bab2, 0x1e2822a0, 0x47423355, 0xb79f1146, 0xed6ea55c, 0x39102841, 0x4e3f332b, 0x3db78436, 0x0500002a, 0x00e60500, 0x4037002a, 0x03010c34, 
    0x004c0104, 0x02030004, 0x00690304, 0xb5840505, 0x004d5c28, 0x5f010202, 0x77180607, 0x2a28083f, 0x21242a00, 0x242d2124, 0x2105bc76, 0xb982023e, 
    0x0607162a, 0x16070706, 0x020e0716, 0x8206fe6f, 0x050770b0, 0x4b08b985, 0x15b62a03, 0x8f9af49c, 0x131672e0, 0x90036990, 0x97161b8a, 0x29c38ce6, 
    0x0f886394, 0x7571700f, 0x73524e27, 0x625c0e0d, 0xb00f8a60, 0xb9804904, 0x84b35b64, 0x101da574, 0x829ccf0a, 0x68f661b6, 0xec6e5957, 0x6e534e72, 
    0xe2fb5d6e, 0x2405a343, 0x04ecff2a, 0x25bb82d6, 0x40550035, 0xbb821c0a, 0x82011b21, 0x4b4c28b9, 0x585019b0, 0x18001640, 0x2d091b81, 0x61000303, 
    0x00000102, 0x1b4e0057, 0x188a1a40, 0x4d201282, 0x3407c644, 0x594e025d, 0x32340b40, 0x17192022, 0x0b051123, 0x03012b18, 0x05954121, 0x072fd483, 
    0x1e171606, 0x04060702, 0x27262223, 0x4a171637, 0x36270525, 0x022e2726, 0x41033e37, 0x8508059d, 0xfeb0fe01, 0x0125b0dc, 0xc483d225, 0x430e145e, 
    0x35060a41, 0x28492526, 0xfdfe180e, 0x269c53ed, 0x1d020270, 0x6b4b505b, 0x2f460b09, 0x0b244325, 0x2f383009, 0x4b570b09, 0x1b04714b, 0x1b04e5fb, 
    0xa959e9e2, 0x5667537a, 0x2441293a, 0x56765422, 0x1a20cd97, 0x0d0101e4, 0x41423f1d, 0x421c2650, 0x4f3a435c, 0x48334841, 0x00005d4c, 0x85000100, 
    0x8a02f0ff, 0x0e006805, 0x25402800, 0x00010107, 0x01020108, 0x1a844c02, 0x02010023, 0x0bfe4802, 0x1012262a, 0x2b190603, 0x06032101, 0x82067d44, 
    0x01373dc7, 0xaf2c0152, 0x3e126511, 0x64340512, 0x1996a92e, 0xdffb6805, 0xe1040968, 0x99a40d0e, 0x4c246384, 0x0803f0ff, 0x16256382, 0x0a406400, 
    0x20638208, 0x38638409, 0x500ab04b, 0x001e4058, 0x05040405, 0x00010370, 0x075f0400, 0x04040206, 0x08ff4459, 0x4e025d25, 0x821d401b, 0x85052120, 
    0x09791f97, 0x00162f05, 0x13111116, 0x08111226, 0x012b1c0b, 0xa08c2307, 0x37231333, 0x03211333, 0xd1250803, 0x1166115d, 0x3305113f, 0x2ca78365, 
    0x9b259a62, 0x2c2c012c, 0xfde55e04, 0x26b087ce, 0x01e54c02, 0x84f6fe0a, 0xfe2422b7, 0x2eb7844b, 0x406e001f, 0x0601190a, 0x00010701, 0x854c0206, 
    0x002535b7, 0x03020203, 0x01060070, 0x00060100, 0x01010580, 0x045f0201, 0x2805b65f, 0x61070000, 0x61070700, 0x20be8207, 0x21278224, 0x269e8503, 
    0x0b405925, 0x82111227, 0x23152f00, 0x2b1e0b08, 0x16163713, 0x27273233, 0xbb861326, 0xd2883320, 0x0616172e, 0x24242223, 0xac152c17, 0x2bed0204, 
    0xd020c387, 0x032edb88, 0x5bd7e808, 0x03d95cfe, 0x2f3f8c04, 0xcf860501, 0x4336e186, 0x0100d6a7, 0x4efe2200, 0x68050c03, 0x5f001700, 0x02010ab5, 
    0xd2860101, 0x201b8a41, 0x1e8a4161, 0x8a411f82, 0x00172705, 0x13111117, 0x8a412325, 0x37162b09, 0x17373616, 0x06070606, 0xcf863726, 0x0c033208, 
    0x0c9fd427, 0x2f153134, 0x57170a0b, 0x1db1a83b, 0x98279aa6, 0x2c2c012d, 0xfce45e04, 0x012f4340, 0xe2020901, 0x07021208, 0xea03a2a0, 0xfe0a01e4, 
    0x22b782f6, 0x848d014c, 0x000b22b7, 0x05834159, 0x82001f21, 0x70022ebc, 0x00050106, 0x01038605, 0x01000001, 0x24068257, 0x04600001, 0x232f8201, 
    0x1e401b50, 0x02212182, 0x25209885, 0x000e4059, 0xb6180000, 0x06220821, 0x71412b1b, 0x5194300b, 0x2c9a2599, 0xd62c2b01, 0x0152d526, 0x84ed018d, 
    0xfee43988, 0xff020013, 0x03ebff62, 0x0068058b, 0x0029001d, 0x0405b77b, 0x07000303, 0x20074741, 0x071a4226, 0x07080025, 0x42690806, 0x07210c1a, 
    0x4b401807, 0x4225200a, 0x279d061b, 0x24052268, 0x19212327, 0xd4cf1815, 0x1d002809, 0x0b0a1d01, 0x6e052b16, 0xe5420833, 0x07332405, 0x18310323, 
    0x6e08b955, 0xe0290c3b, 0xc8219f85, 0x272e0171, 0x22d6892e, 0x62010d2e, 0xd32105cc, 0x0a436ede, 0x48521528, 0xebd6ae90, 0xf0861601, 0x4cea3208, 
    0x80a80808, 0x4f018b7a, 0x2d373726, 0x03312326, 0x02000004, 0xeaff4c00, 0x6805cf06, 0x3d003300, 0x0e402101, 0x0b0d012b, 0x0d070119, 0x07000103, 
    0x06524203, 0x00313908, 0x04030304, 0x02090070, 0x7209020b, 0x0d000b00, 0x690d0b07, 0x0202060a, 0x085f0302, 0x03030205, 0x010c4d59, 0x61000707, 
    0x00020e01, 0x4e005d00, 0x0db04b1b, 0x30405850, 0x04213882, 0x2037ad85, 0x83378224, 0x21378770, 0x70a4800b, 0x003c4024, 0x33960804, 0x00610826, 
    0x4d5f0808, 0x0521b086, 0x32af9101, 0x40595959, 0x3c000123, 0x2e35373a, 0x2325272c, 0x581e2022, 0x0a270a8b, 0x33000507, 0x410f3301, 0x062006a9, 
    0x4105ef6c, 0x063709aa, 0x37323316, 0x12363726, 0x16323324, 0x26342107, 0x07062223, 0x83361506, 0x020e220d, 0x221d8203, 0x82363736, 0x56042b13, 
    0x4d3ba76a, 0x95a666b1, 0xbd415f1b, 0x5f320809, 0x402c2f09, 0x1d1b2858, 0xa80d01af, 0xfe14e7d8, 0x6e5957e3, 0xe0081ba4, 0x148d96c8, 0xe6e69110, 
    0x6048683d, 0x3b530a08, 0x353a168b, 0xa2a63a2c, 0xd1413f02, 0xfd200805, 0x35333ac5, 0x01aba480, 0xc0e79204, 0xa1b16a51, 0x8c892c33, 0x65a66374, 
    0x33342301, 0x00393b2f, 0x01340082, 0xf6fee8ff, 0x6e04a402, 0x64001600, 0x01090a40, 0x01080201, 0x4505a764, 0x712109b7, 0x18168200, 0x45092f42, 
    0x572106c1, 0x07b74504, 0x1f978620, 0x2412b745, 0x13333723, 0x22eb8236, 0x84362707, 0x330327ff, 0x21032307, 0xb6451813, 0xd4fe2513, 0x3202e52c, 
    0x3507b445, 0xfee5b4fd, 0x000a01f6, 0x11000100, 0x0903f0ff, 0x1e006805, 0x6b467d00, 0x00282b11, 0x07060607, 0x020a0b70, 0xca820304, 0x6700042c, 
    0x05050109, 0x01085f06, 0x75460606, 0x8227200e, 0x8507212a, 0x592b29a1, 0x00001440, 0x1e001e00, 0x83111c1d, 0x26132b00, 0x0b0c1112, 0x07012b1f, 
    0x25470723, 0x8237200b, 0x210383dd, 0xd6832113, 0xc7020725, 0x4622d01f, 0x27240b8c, 0x1b9c1f9b, 0x27069046, 0x1bd125d0, 0xd1bed602, 0xeb29de87, 
    0x01e5a3be, 0xe5f6fe0a, 0x2d6a82a3, 0x4c00ffff, 0x08035efe, 0x26026805, 0x10825a03, 0x750a0623, 0x82178667, 0x06ee23fb, 0x17840065, 0x0b07012f, 
    0x00c3014f, 0xb1080048, 0x48b00101, 0x05cb73b0, 0xfe140023, 0x273b8a22, 0x00ca0607, 0xff00008a, 0x3b825382, 0x2e070822, 0x01295385, 0x006c0a07, 
    0x000a014b, 0x223b8209, 0x830a01b8, 0x2077843c, 0x833b893a, 0x62ff2123, 0x230f2f4b, 0x75fee3ff, 0x0623238b, 0x90c4fece, 0xfe6b2223, 0x22478c3d, 
    0x65b2fe6d, 0x4c20105b, 0x7d228f82, 0x8f882507, 0xf4fe6b22, 0x02208f85, 0x002d8f86, 0xff3c0001, 0x05d902f0, 0x00120068, 0x11eb415e, 0x03001c2d, 
    0x70030404, 0x04000000, 0x4801055f, 0x1b201055, 0x03211e82, 0x221d9585, 0x820d4059, 0x00122918, 0x12261312, 0x1a0b0611, 0x26115148, 0xd9020321, 
    0x485dd125, 0xb4280bf5, 0x042c2c01, 0xcafde15e, 0x2307b541, 0xf6fe3b04, 0x00254682, 0xfef5ff01, 0x2ca7844b, 0x4068001b, 0x0401150a, 0x00010703, 
    0x07474804, 0x01002329, 0x70010202, 0x82030400, 0x80002691, 0x02030300, 0x0583795f, 0x0500002c, 0x05050061, 0x1b4e0561, 0x25822240, 0x9c850121, 
    0x40592d24, 0x11122709, 0x06231511, 0x032b1c0b, 0x21094148, 0x3d480321, 0x240b290e, 0xac162b17, 0x2bed0105, 0xd020b383, 0x0322c788, 0x3948e707, 
    0x86bf830b, 0xa74329ce, 0xffff00d6, 0x5efe3c00, 0x0223c783, 0x426a0326, 0x38200577, 0x17830682, 0x03f0ff25, 0x856506bf, 0x07012517, 0x94014f0b, 
    0x230f7742, 0x22fee5ff, 0x06223b8b, 0x3b885bca, 0x07d90223, 0x233b872e, 0x1c006c0a, 0x22107742, 0x893afe39, 0x0701243b, 0x60ff6c0a, 0x577c0527, 
    0xffff2508, 0x75feb4ff, 0x0623238b, 0x4295fece, 0x3c221077, 0x478c3dfe, 0x83fe6d22, 0x20107742, 0x22cb823c, 0x8825074d, 0xfe6b228f, 0x107742c4, 
    0xf2ff4737, 0x5e04d904, 0x5e001300, 0x5024b04b, 0x0111b558, 0x4c010200, 0x2007821b, 0x05856604, 0x402e1482, 0x01010313, 0x004d5901, 0x62000202, 
    0xdc460504, 0x17402106, 0x04221586, 0x1a855704, 0x9d620520, 0x40592105, 0x726c4482, 0x04052605, 0x13011300, 0x0f5e7406, 0x21133508, 0x06372103, 
    0xaea30106, 0x017620ae, 0x57116d2c, 0x128f5e60, 0xb92d016b, 0x4423e4fe, 0xc5e00ec1, 0x6dfdc702, 0x71797668, 0xa2fb8702, 0x008076e8, 0x00ffff00, 
    0x0621ab84, 0x26cf821b, 0x00000074, 0x826b0a06, 0x2017896e, 0x21178711, 0x8756cf06, 0x272f8305, 0x5605a705, 0x6a001b00, 0x1920db85, 0x1922db86, 
    0xdb890501, 0x04001825, 0x8a850401, 0x180520e0, 0x20081a6a, 0x211a8b1c, 0xe5860505, 0xe5870620, 0x0001132a, 0x11121718, 0x080a0d0f, 0x5818e782, 
    0xea6f0804, 0x3233280b, 0x07333737, 0x94070606, 0x21c629ef, 0x25eb2405, 0x9b4d6b0f, 0x2127f691, 0x645ce1d7, 0x8457fc0c, 0xff013afc, 0x045efedf, 
    0x005e04d9, 0x4b70001a, 0x585030b0, 0x021319b6, 0x4c010104, 0x2008831b, 0x20088205, 0x22168459, 0x82021940, 0x4d59219d, 0x0431ce83, 0x04010562, 
    0x074d5704, 0x5b060601, 0x401b4e06, 0x221b8923, 0x83006205, 0x202685cf, 0x46258a00, 0x1a2605cb, 0x21231a00, 0xf84a1322, 0x13032205, 0xf9431821, 
    0x06420809, 0x23073333, 0x06062722, 0x27262223, 0x01fe2103, 0x67136e2b, 0x13885c5b, 0x852b016e, 0x272c550e, 0x3715e07e, 0x71393b8e, 0x5efe5d1c, 
    0x6bfd0006, 0x73737175, 0xdefc9502, 0x5eafeb51, 0xfd4e3b47, 0x008200cb, 0x14000226, 0x7d05f2ff, 0x1625cf82, 0x6c001f00, 0x20c082b5, 0x071d6e0a, 
    0x080b1f3e, 0x09040306, 0x0a000203, 0x07680004, 0x59050501, 0x0a0a004d, 0x01026101, 0x01570101, 0x2193c783, 0x26831b82, 0x0061022a, 0x025d0202, 
    0x1540594e, 0x0d397e18, 0x1128cc82, 0x2b1e0b0c, 0x03230701, 0x18069971, 0x08133a7e, 0x7d053737, 0xfe5ca718, 0xc14323e4, 0x20afad80, 0xae18af1a, 
    0x452c0145, 0x0145a301, 0xbcfe452d, 0x11115dfe, 0x8f5e5f58, 0x8dbd0213, 0x76e8d0fd, 0x99c5e080, 0xfea1018d, 0x2403835f, 0x7668658d, 0x05f76979, 
    0x2006ab42, 0x06934223, 0xcc060724, 0xc342a900, 0x2217890a, 0x93e701cb, 0x6d0a2317, 0x1789a700, 0x88e90521, 0x00ce2247, 0x211789bd, 0x17871f06, 
    0x006f0a23, 0x20178ac9, 0x221788ad, 0x88090170, 0x06e32117, 0x06247787, 0x0070ba06, 0xfe251785, 0x04d90451, 0x222f885e, 0x94930276, 0x8b6e208f, 
    0x1e07218f, 0x21088343, 0x478604e8, 0x04f2ff25, 0x886407d9, 0x96e42017, 0x96ed2017, 0x8be92017, 0x21a78a17, 0x5f8ad5cd, 0x86330621, 0x0b07225f, 
    0x074f4111, 0x8942fe21, 0x070125bf, 0xedfe6b0a, 0x18052b45, 0x220afb81, 0x8b4cfe47, 0xcf062323, 0x4f456bff, 0x4700230f, 0x478c3dfe, 0x96ff6d22, 
    0x20104f45, 0x21e38e47, 0x9b8a7fec, 0x41600721, 0xeb200843, 0x2107a341, 0x538c3afe, 0x46006c22, 0x53837791, 0x0724ef88, 0x5b01710a, 0x21077f41, 
    0x1784a705, 0x64827720, 0x42060721, 0x178c0a27, 0x8b0a5742, 0x20478e17, 0x839b8211, 0x45062047, 0xff21051b, 0x24ef82ff, 0x05a7053a, 0x22178556, 
    0x900a0701, 0x01002f9b, 0xefff4900, 0x5e04d704, 0x24001100, 0x20452140, 0xe26a180a, 0x440e2008, 0x112205f9, 0xa4571101, 0x0adb7406, 0x03212a08, 
    0x1e020406, 0x7024eaeb, 0x126d2c01, 0x8361615d, 0x2c016d12, 0xc7fe2370, 0x02d8f211, 0x6f6efda5, 0x026f7272, 0xd75bfd92, 0x05fb66f3, 0xef846b82, 
    0xef869520, 0x2744e520, 0x05ef2206, 0x2283827d, 0x181d0014, 0x37142b82, 0x09004d59, 0x00610109, 0x015d0101, 0x1b00004e, 0x00151619, 0x11140014, 
    0x13290082, 0x0b0b1123, 0x07012b1d, 0x05a55223, 0x2117ee43, 0x948214a8, 0xa982ed20, 0x43ae1321, 0xa22906ec, 0x452c0145, 0x5efebdfe, 0x29b88411, 
    0x8dbd0213, 0xf2f3d777, 0xea4377d8, 0x83642009, 0xffff21be, 0x24052341, 0x26021f06, 0x24b78403, 0xc8006f0a, 0x20cf9200, 0x0703700a, 0x8cff4921, 
    0x6d0a21e7, 0x26061b70, 0x043dfe46, 0x855e04d7, 0x07012547, 0x8dff6d0a, 0x8d107f42, 0x0606243b, 0x8a00d4cd, 0x851b206b, 0x0600243b, 0x8aff6b0a, 
    0x64072117, 0xe4211788, 0x21178603, 0x6b8c42fe, 0xe4fe6b22, 0x84103343, 0x203b8a6b, 0x833b87ed, 0x20178abf, 0x20178ce9, 0x206b881e, 0x206b88e8, 
    0x226b8c3a, 0x433d006c, 0xd78d1003, 0x71060721, 0x178e0717, 0x01710a23, 0x21c08259, 0x17820001, 0x05a70527, 0x00190056, 0xcf88182b, 0x069e480a, 
    0x21068348, 0x98470001, 0x01192208, 0x11804819, 0x42099847, 0xc72011a6, 0x22059647, 0x42524e6c, 0x21270fad, 0x655ce1d7, 0x4210fe0b, 0x734308b3, 
    0x42a62006, 0xff2409b3, 0xfe4900ff, 0x82075b43, 0x07012217, 0x8cf3960a, 0x8bf38a3b, 0x42f38517, 0x17820567, 0x26021123, 0x20538203, 0x063f7600, 
    0x04211785, 0x083743e2, 0xba060623, 0x0afb416f, 0x41330621, 0x0722068f, 0xab69110b, 0x04ef2408, 0x87e905d7, 0xce062317, 0x4342bc00, 0x60072109, 
    0x2008c742, 0x211787eb, 0xbf4151fe, 0x07002509, 0x65020c0b, 0x06212f89, 0x222f88ad, 0x8a080170, 0x20a78317, 0x09e77695, 0xd720a786, 0x210a3742, 
    0x1e827eec, 0xfe211783, 0x255f894c, 0xcf060701, 0x1f4261ff, 0x01002b0d, 0x00007c00, 0x5e040a05, 0x85180c00, 0x59200d83, 0x200a9f5f, 0x8385180c, 
    0x21032108, 0x08067872, 0x0121012a, 0x01e35f01, 0x0d0c5c32, 0x243f1e05, 0x48011901, 0x5e04aafd, 0x974bbcfd, 0x4c974e4f, 0xa2fb4402, 0xc2ff0100, 
    0x50040000, 0x00235b89, 0x744c0102, 0x012005af, 0x82051f57, 0x225b88a5, 0x72211301, 0x5b8206c9, 0xe26e0324, 0x5b82cefe, 0x3e1f042f, 0xfee7fe25, 
    0x045602b8, 0x02a2fb5e, 0x215d8544, 0x5382bcfd, 0xdf820020, 0x0625bb84, 0x03260211, 0x050f41b5, 0x2206df59, 0x833afe7c, 0x251785d3, 0x6c0a0701, 
    0xf7932600, 0x820b0721, 0x00213647, 0x1d254028, 0x04090f12, 0x4c010003, 0x00020102, 0x054d5900, 0xd5851804, 0x17162118, 0x41077a73, 0x1322060a, 
    0xb9870121, 0x01033d08, 0x3b01910d, 0x0102011c, 0x2c010a05, 0x01ab2656, 0x10061f14, 0x26502a03, 0xfd3f01a6, 0x34cffefb, 0x22050a09, 0x04c31f47, 
    0x1163fe5e, 0xb5511121, 0x60d67b68, 0x63fe9d01, 0x7a7dd55e, 0xfb2d0983, 0x45af01a2, 0xb6595ab6, 0x0051fe46, 0x23e38600, 0x1b060b07, 0xb920cb82, 
    0x07241082, 0xe8006b0a, 0x01260782, 0x0000c2ff, 0xbf8c5106, 0x01030023, 0x21b8844c, 0xc6844d59, 0x4e005722, 0x21222982, 0x86182100, 0x01260795, 
    0x34032113, 0x2f742726, 0x82b48806, 0x25ca87bf, 0xfe91c005, 0xbe861dc5, 0xfeaa2724, 0xbe831eeb, 0xa6255128, 0x0502c1fe, 0xbe843101, 0x82204621, 
    0x20a782be, 0x23c0889d, 0x9d0163fe, 0xfe21c085, 0x20d98263, 0x21c08551, 0xbf8aaf01, 0xbf882320, 0x8f016d22, 0x06231793, 0x949001cc, 0x02cb2217, 
    0x20178ace, 0x22478824, 0x853f026c, 0x3afe2517, 0x5e040b07, 0x01251785, 0x016c0a07, 0x0deb4121, 0x23052742, 0xad060b07, 0x702e3b88, 0x0000f001, 
    0xcdff0100, 0xc6040000, 0x86185e04, 0x5921125b, 0x5b86184d, 0x18032016, 0x410c5b86, 0x3608064b, 0xc7013307, 0x483c01f8, 0x22102216, 0x01862947, 
    0x014cfe46, 0x5ac5fe0b, 0x21102416, 0x029e2845, 0xb020023e, 0x35356d38, 0xfdb0386d, 0xd3c6fddc, 0x34346c36, 0x83d3366c, 0x218385bf, 0x9b822406, 
    0x9382c220, 0x2b20bf83, 0x1b20178a, 0x06221786, 0x2e826b0a, 0xffff0022, 0xef822f85, 0x83030621, 0xff01362f, 0x045efe8b, 0x006304fe, 0x4032001f, 
    0x0e111e2f, 0x00030401, 0x05666301, 0x01010232, 0x004d3101, 0x62040303, 0x04020506, 0x4e043304, 0x84086282, 0x211f001f, 0x25211525, 0x2b1b0807, 
    0x2e030103, 0x37232302, 0x16163233, 0x21011317, 0x021e1301, 0x23073333, 0x27262622, 0x02750103, 0x1812a223, 0x27412a29, 0x5281663e, 0x5d016221, 
    0xddfd3201, 0x2b1b109f, 0x3e264228, 0x21518168, 0xfea5fe63, 0x0106035e, 0x0b2b31ae, 0x5a6226ea, 0xed01f0fe, 0x4afefffc, 0xe90a292d, 0x01585f24, 
    0x0011fe14, 0xdbff0100, 0x0e0556fe, 0x17005e04, 0x1a401d00, 0x0301060c, 0x39a28202, 0x00000101, 0x02004d59, 0x4e026102, 0x03171823, 0x032b190b, 
    0x36161737, 0x65443737, 0x0606210b, 0x36088c82, 0x59226a25, 0xeb13167e, 0x0a5d3601, 0x3f1f0309, 0x01240124, 0x4956fd43, 0x6639a9da, 0x09e274fe, 
    0x3c533817, 0xbcfd6104, 0x4b4a9149, 0x44024891, 0x9f871efb, 0x85ffff11, 0x1b062577, 0xc7032602, 0x0623f882, 0x82ed6b0a, 0x2a8f8506, 0xe0053706, 
    0x2c002800, 0x82082940, 0x1e242688, 0x02041819, 0x40491803, 0x06dd650c, 0x19289d82, 0x04243427, 0x012b1a0b, 0x20061661, 0x05146107, 0x01330722, 
    0x27209d84, 0x0332b58f, 0x64322ad0, 0x51327390, 0x2a161721, 0x193b4d0f, 0xac860325, 0xc8911e20, 0x515e042d, 0x0b478862, 0x0203d208, 0x84402d35, 
    0x910d20b9, 0x820020d1, 0xff023700, 0x0556fee5, 0x005e0418, 0x0023001a, 0x20344037, 0x04090a0f, 0x85180001, 0x592b12cd, 0x0101004d, 0x004e0161, 
    0x821b1c00, 0x111a212d, 0x19230082, 0x490a1123, 0xb68d05b1, 0x85182320, 0xdb440ad6, 0x04310806, 0xfe931aad, 0xa8da4a6f, 0x6a1e663a, 0x177e5823, 
    0x19bc7f12, 0x36014b83, 0xb52a0139, 0xfec44301, 0x0b0bc47e, 0x3f1e0309, 0x9af60224, 0x9f8720fd, 0x26b28611, 0x019a5f02, 0x8398fe68, 0x429a2103, 
    0x20058d41, 0x08874100, 0x87412320, 0x06072306, 0xfb4201cb, 0x82db2005, 0x060e21cf, 0x0a241788, 0x0094006d, 0x05212f88, 0x202f88e9, 0x058f4cce, 
    0x2006cf41, 0x21178724, 0xb3716c0a, 0x20178605, 0x221788ad, 0x89f50070, 0x225f8947, 0x6c00cc06, 0xdb260583, 0x0e053afe, 0x2f855e04, 0x82070121, 
    0x44782047, 0x53860f33, 0x71229b89, 0x538a4701, 0x3b851120, 0x06060025, 0x890068cf, 0x22538217, 0x89c70306, 0x1f06210f, 0x6f229388, 0xdba2b500, 
    0x410eab42, 0x0623103b, 0x425cba06, 0xc23305c3, 0xf6040000, 0x17000806, 0x0cb73400, 0x00030106, 0x744c0102, 0x0c2505b8, 0x5e020200, 0x0662474d, 
    0x83401b21, 0x5f00210e, 0x59210e86, 0x066a43b5, 0x27070126, 0x07070626, 0x300b7447, 0x32333636, 0x6af60416, 0x167e5923, 0xcafeea12, 0x05e2415c, 
    0xfedcfe2c, 0x4aaa02bc, 0x663aa8da, 0x9942ea05, 0x9ffb2305, 0xdd414402, 0xbcfd3c05, 0x9f87e204, 0x00ffff11, 0x050000b0, 0x025d07f7, 0x001a0426, 
    0x06070100, 0x183601ce, 0x860f1745, 0x878f2023, 0x6b0a2323, 0x23857a00, 0xe7180220, 0x2386086f, 0x47889720, 0xe900ba22, 0x9b41238f, 0x41042005, 
    0x002606bf, 0x010b0b07, 0x7482009e, 0x007c002f, 0x04d70400, 0x000c005d, 0x061f4022, 0x0a477b01, 0x0c508e18, 0x18121621, 0x08091b8b, 0x37361727, 
    0x03012113, 0xfe416001, 0x695201db, 0x25210c13, 0xfd6a01d1, 0x840140f4, 0xaefed902, 0x3c45473a, 0x27fd5201, 0x225a82fe, 0x821b0001, 0x0466285f, 
    0x000b005e, 0x83224025, 0x005f2171, 0x1806b953, 0x080b1787, 0x0b000b34, 0x05221122, 0x332b190b, 0x21370137, 0x01072137, 0x1b072107, 0x0291021e, 
    0x0328f1fd, 0x92fd2181, 0x28120201, 0x08ae02b6, 0x63fdc7f2, 0x0000f208, 0x5b87ffff, 0x03260223, 0x26ca82df, 0x00d60a07, 0x5745ff95, 0xff240557, 
    0x2b35b045, 0x00241482, 0x04f4fe1b, 0x132c7f83, 0xb04b5200, 0x4058500a, 0x0401051c, 0x71209382, 0x0c568682, 0x03032307, 0x9a825f00, 0x4e005725, 
    0x831b401b, 0x8604211e, 0x59221d94, 0x26820d40, 0x13001330, 0x23221132, 0x2b1a0b06, 0x26363701, 0xb1892123, 0x07163231, 0x12d90207, 0xfd4d2e0c, 
    0x99021e9f, 0x84e9fd02, 0x018a2cbb, 0x92a30301, 0xf4fe151d, 0x8855496e, 0xb1cb24c3, 0x82010082, 0x5d20089f, 0x5e04c804, 0x42001d00, 0x01083f40, 
    0x01130002, 0x01140503, 0x4c030304, 0x05000200, 0x80050200, 0x2a093541, 0x05050106, 0x03004d57, 0x70610403, 0x1a8205eb, 0x1c001d2a, 0x11142425, 
    0x1b0b0722, 0x210a3c41, 0x01613233, 0x45172007, 0x26230570, 0x8c1b2326, 0x73473392, 0x48222a96, 0x284d223d, 0x42814042, 0x1f38a38c, 0x9b884037, 
    0x6f826b2c, 0xd114174f, 0xa6912420, 0x64822844, 0x4d22a783, 0xa7827704, 0x3c001929, 0x01173940, 0x82010105, 0x0302229f, 0x053f6b5f, 0x09b98718, 
    0x0aed4118, 0x15000131, 0x0b0d0f13, 0x0507090a, 0x01190004, 0x6c0b0719, 0x314106bf, 0x6c07200a, 0x032708b9, 0x1a9eb1b5, 0x4187fd14, 0x142d0ff3, 
    0x15463308, 0x4324182d, 0x9e9f4dfe, 0x20a18876, 0x07b46cf2, 0x21070742, 0x07422306, 0x07002505, 0xae01cb06, 0x21091f42, 0x17872406, 0x016c0a23, 
    0x20178820, 0x222f8881, 0x4c6e0a06, 0x1b2406a3, 0x66040000, 0x6d20178a, 0xfe251787, 0x0466043a, 0x0867425e, 0x05006c22, 0x230ffb44, 0x75fe1b00, 
    0x0623238b, 0x8d67ffce, 0x02002323, 0x5f822600, 0x05f34008, 0x000e00d2, 0x40270017, 0x00010024, 0x05010405, 0x00040068, 0x02040302, 0x00000067, 
    0x03004d56, 0x4e035703, 0x26112124, 0x0b061021, 0x21012b1c, 0x16321703, 0x06060716, 0x03232304, 0x64330121, 0x31080569, 0x011d0123, 0xb3dd2e33, 
    0x15145fe2, 0xb3f6fea1, 0xcefe33e1, 0x89e08c01, 0x670e0f8f, 0xd205de88, 0x7601edfe, 0xcf8280cb, 0x02ccfe78, 0x587d0120, 0x6d828159, 0x7f822a20, 
    0x7f82f820, 0x07834818, 0x035f022d, 0x2e020201, 0x0101004d, 0x824e012f, 0x00053c7e, 0x04111105, 0x012b1808, 0x21032107, 0x2af80413, 0xfecd5afd, 
    0xd205f7cf, 0x822bfbfd, 0x02002738, 0x0000d4ff, 0x0a826305, 0x07000327, 0x23402600, 0x07a16c06, 0x02254582, 0x03600102, 0x254b8601, 0x03000405, 
    0x4c820300, 0x232b173d, 0x25012101, 0x2c230321, 0x8801fb02, 0x33fc0c01, 0x0c935f02, 0x2efad205, 0x828703fd, 0x00032374, 0xb118ff72, 0x2532096f, 
    0x3b403e00, 0x00050108, 0x04050204, 0x03030067, 0x9e826101, 0x074d3422, 0x8077a982, 0x00352e05, 0x1322224e, 0x22000112, 0x24252225, 0x82b11823, 
    0x1809200b, 0x1814a8a9, 0x300e9863, 0x02372107, 0xf3feb1c7, 0x01d77297, 0x01b0bb2e, 0x3308820c, 0x7caed3fe, 0xa13f7dba, 0x7dbb7b8d, 0x0502a240, 
    0x21f4fd21, 0x0e1ca518, 0x132ab018, 0xc852022b, 0x000300c8, 0x05000014, 0x0613419d, 0x3d000b26, 0x04003a40, 0x0524c184, 0x03010767, 0x2105725a, 
    0xe9824d2e, 0x065f0122, 0x31051e41, 0x04040808, 0x0b080000, 0x090a0b08, 0x07040704, 0x45820506, 0x0911032a, 0x332b1708, 0x01072137, 0x143a0386, 
    0x2a9e042a, 0x042a3cfc, 0x62fb2a85, 0x2aed0329, 0xd504fdfd, 0xa0fdfdfd, 0x4d83f8f8, 0x002a0030, 0x050c0600, 0x000700d2, 0x001e4021, 0x51450101, 
    0x4d2e2805, 0x00000102, 0x824e002f, 0x00072e23, 0x11111107, 0x2b190805, 0x13210301, 0x27038221, 0xfef60c06, 0x77fdcdce, 0x2305d641, 0xd5042efa, 
    0x2405d941, 0x00010000, 0x20c7821a, 0x2d4f82b8, 0x4030001c, 0x0101092d, 0x02051300, 0xe1490102, 0x825f2005, 0x21c4824d, 0x64850202, 0x83032f21, 
    0x001c255e, 0x1a31391c, 0x33285e83, 0x36360137, 0x27262637, 0x213cbb83, 0x16162722, 0x05071717, 0x36070606, 0x1a072133, 0x2fa90126, 0x56293673, 
    0x26ebfe20, 0x4308cc82, 0x8ea70afe, 0xca2b682d, 0x3ce0fe11, 0xa6903c85, 0xe52a0402, 0x58287201, 0x26562627, 0xfde54d01, 0x35612806, 0x34fe6cf9, 
    0xfd052a64, 0x00030000, 0x07b7ff5d, 0x001b0606, 0x001c0015, 0x40340023, 0x02171e31, 0x4c21ee82, 0x2ba28203, 0x00590105, 0x00010402, 0x69000205, 
    0x01280f82, 0x01065f05, 0x4f050105, 0x2308ae82, 0x16150015, 0x11161111, 0x2b1b0807, 0x24263705, 0x12363702, 0x21373724, 0x12041607, 0x04020607, 
    0x13030707, 0x0623a182, 0x82030116, 0x363908bb, 0x17980226, 0x7aedfec5, 0x01dd211f, 0x0116c94e, 0x01c51724, 0x201f7a13, 0xc8b2fede, 0xae8ee317, 
    0x9d1f1fea, 0xb08f5d02, 0x9c201fe7, 0xb20a8849, 0xc1c22c01, 0x0ab22d01, 0x080b8288, 0xc0d4fe2d, 0xb3d3fec2, 0x8401880a, 0xe20d5c03, 0x03e2bec0, 
    0x0da4fc4f, 0xe4bdbee3, 0xb4000100, 0x3b070000, 0x1b00d205, 0x22402500, 0x82050107, 0x050234a7, 0x04066a01, 0x2e000002, 0x0202004d, 0x114e022f, 
    0x82141411, 0x08102703, 0x012b1e08, 0x9e830321, 0x13210322, 0x1320b483, 0x16220d82, 0x06821716, 0x37023e36, 0x2d010e06, 0xfed02646, 0xfe3ec2ca, 
    0xfebd3fdc, 0x47266efb, 0x2e081182, 0x7e841f1b, 0x8f24018e, 0x1b5da07f, 0x58fed205, 0x98d5fee5, 0x0186fe08, 0x0196087a, 0xa801e72b, 0xbda15dfe, 
    0x5a030455, 0x5504a6fc, 0x8200a1bd, 0x00063393, 0x052d0600, 0x002400e6, 0x232c402f, 0x01040001, 0x9067004c, 0x4d342c06, 0x00000102, 0x05065f03, 
    0x41030302, 0x243105e8, 0x11262400, 0x07112717, 0x332b1b08, 0x26372137, 0x05566102, 0x12046e08, 0x07020607, 0x21072107, 0x37363613, 0x22232636, 
    0x06070606, 0x06031716, 0x0a810128, 0x212088c7, 0xce5501e2, 0x882701ce, 0xd5e82021, 0x2882010a, 0x8a40b7fd, 0xa4211cb8, 0x88ca79b5, 0x7f711c16, 
    0x3139f340, 0xcabf1c01, 0xafaf3501, 0xbfcacbfe, 0x3931e4fe, 0x218501f3, 0xe6cba7d8, 0xa787c268, 0x7bfe21d8, 0x00ffff00, 0x070000b3, 0x2baf824c, 
    0x01f30327, 0x0100001f, 0xff010b07, 0x131fda18, 0xd22027a7, 0x4d234f82, 0x8300f105, 0x8220204f, 0x13af184f, 0x01012407, 0x5fbfffb8, 0xb0200693, 
    0x62202382, 0x35207386, 0x5e252384, 0x0900a8ee, 0x202383b1, 0x242386a8, 0x080000ce, 0x212385c2, 0x23849502, 0x84ed5f21, 0xb8022223, 0x822387ff, 
    0xe7082147, 0xba202386, 0x60202384, 0x238a4785, 0x4782ce20, 0x2386c820, 0x23849b20, 0x47946120, 0x2386e620, 0x2384b920, 0x47906220, 0x4782fb20, 
    0x47071822, 0xeb20d784, 0x1ae7cc18, 0x2e072f22, 0x02212383, 0x22238402, 0x83a33d64, 0x208f82d7, 0x26d786a3, 0x060000af, 0x831906f2, 0xc5002123, 
    0x07262382, 0x51ff680a, 0xfd86f6ff, 0x098fda18, 0x12fed223, 0x0a474107, 0x09270025, 0x182f03c1, 0x411ab3cc, 0x2b840a4f, 0x57414420, 0x0102210a, 
    0x22093341, 0x4112fece, 0x002d0b57, 0xed5f0a26, 0x090701a8, 0x00a304c1, 0x41ab8600, 0x2b82085f, 0x830a5f41, 0xc9042157, 0x180a6741, 0x820c7bb0, 
    0x0a67412b, 0xaa202b84, 0x8b0a6f41, 0x82b0202b, 0x0a6f412b, 0xc8202b84, 0x8b0a7741, 0x82fb202b, 0x0a77412b, 0xfa20db84, 0x830a7f41, 0x41bc202b, 
    0xf720065b, 0x7f412b82, 0x2057840a, 0x0a874111, 0x87412b83, 0xfe062a07, 0x052d0612, 0x032602e6, 0x82f782f3, 0x0f0221ff, 0xb1080782, 0xff520001, 
    0x057406ec, 0x002700d2, 0x17264029, 0x01000201, 0x0001044c, 0x035f0100, 0x56010101, 0x0202004d, 0x05006105, 0x4e055d05, 0x28171128, 0x0b062311, 
    0x36132b1c, 0x21373712, 0x0e032137, 0x16060702, 0x36323316, 0x26363736, 0x07211327, 0x12160721, 0x06020607, 0x24222304, 0xc11f7402, 0xe7fe0490, 
    0x354b022a, 0x11689555, 0x729e4315, 0x1487c573, 0x3770751c, 0xfe294902, 0x697401e7, 0xda921920, 0xcd9aeefe, 0x027fe1fe, 0x1001baab, 0xfefd0c54, 
    0xbc8921c2, 0x76cc816f, 0xa782cd77, 0x3e0131fa, 0xfe520bfd, 0xfe9abdef, 0xb467bcff, 0x9a823d01, 0x00e2003a, 0x05fb0500, 0x002100e7, 0x182c402f, 
    0x01000208, 0x04020111, 0x034c0200, 0x6121b983, 0x27b98202, 0x01054d34, 0x042f0404, 0x30068653, 0x33262625, 0x2b1a0806, 0x26031321, 0x07062223, 
    0x28b08237, 0x16161736, 0x36011317, 0x05967436, 0x49081784, 0xe3010301, 0x4513bc51, 0x03052a0f, 0x3d1f0503, 0x1f8b6629, 0x460d016c, 0x592870a9, 
    0x2a044e20, 0x1338270d, 0x01515efe, 0x45b602e9, 0x01eb0104, 0x01100a02, 0xfe8c6f01, 0x81db0121, 0xed0a0e7d, 0x1e270401, 0x13fe4efd, 0x6b440000, 
    0x82b62007, 0x042724a7, 0x44bb0109, 0xcf841a6b, 0x028f0725, 0x83090426, 0x6b0a2325, 0x774d9600, 0x0200360d, 0x46fed900, 0xd2053f06, 0x1d001300, 
    0x20402300, 0x03020513, 0x06c95103, 0x004d5626, 0x62020303, 0x0805ce51, 0x12262c20, 0x1a0b0410, 0x1321132b, 0x16012101, 0x06060712, 0x37262223, 
    0x1337033e, 0x06070606, 0xf9823233, 0x01d94008, 0xd701d75c, 0x2ffd5c01, 0x150c403d, 0xb1a3a1dd, 0x421f0516, 0x2a655772, 0x3e0c0632, 0x0c04251e, 
    0x00fdd205, 0xabfb0003, 0x4af1fed1, 0x8490937a, 0xb9764d20, 0x44bffe8c, 0x2a4b2b6a, 0x82005222, 0x002a248f, 0x82f40400, 0x000c268f, 0x40310015, 
    0x2911822e, 0x05020405, 0x01010067, 0xfd825f00, 0x4d202d08, 0x03040400, 0x0301065f, 0x4e032103, 0x13150000, 0x0c000d0f, 0x11210b00, 0x19070711, 
    0x2113332b, 0x21032107, 0x06071632, 0x21252304, 0x2d089483, 0x2a212326, 0x29d303f7, 0x013c5efd, 0x22e3e03e, 0xe0d4fe23, 0x1201e6fe, 0x0f10936d, 
    0xeafe7066, 0xfefad205, 0xd2cddc99, 0x6173f1f6, 0x6282715c, 0x82000121, 0x29052e83, 0x0900fe06, 0x1c401f00, 0x03020300, 0x24168285, 0x02005f02, 
    0x207e8202, 0x21fe8201, 0x0082114e, 0x1a070422, 0x2306874a, 0x03211321, 0x25088b4a, 0x0131b702, 0x914a3220, 0x2c012206, 0x05735afe, 0xfefdff25, 
    0x82450550, 0x09262fd7, 0x00004d58, 0xe2430b26, 0x0a060000, 0xf3826ddc, 0xfebbff25, 0x828606c0, 0x000f211b, 0x2a050375, 0x00030205, 0x07005303, 
    0x825f0107, 0x4d202df7, 0x00020206, 0x005f0400, 0x04210404, 0x1321f382, 0x33ef1812, 0x11152b08, 0x2b1b0709, 0x3e331303, 0x84823702, 0x83033321, 
    0x8301208a, 0x062e0804, 0x8c5e4502, 0x31646b38, 0xcd0e049b, 0xd4fe5fbc, 0x35fcfb35, 0x87021d01, 0x5d3afea3, 0xc0fe8737, 0x85253d02, 0x7602c5f0, 
    0xc3fd2bfb, 0x0f834001, 0xfed80327, 0xd0fedc87, 0x26008200, 0x00d6ff01, 0x82dc0800, 0x00152593, 0x10334036, 0x01319183, 0x0001084c, 0x02030105, 
    0x0a680300, 0x01030709, 0x25998201, 0x02020204, 0x94820221, 0x00150026, 0x11121115, 0x04820082, 0x1f070b24, 0x5c18012b, 0x2320078a, 0x094b5b18, 
    0x13333108, 0xa3687805, 0x7701b201, 0x4901d7fd, 0xccde94fe, 0x64d0fe65, 0xfe52fec9, 0xfe550298, 0xe87901b6, 0xd205699d, 0x780288fd, 0xedfc41fd, 
    0xa3fd5d02, 0x03230383, 0x83c10211, 0x00002713, 0xd6ffffff, 0x9784c0fe, 0x11042622, 0x0724a782, 0xfa06da0a, 0x002b1783, 0x05ecff38, 0x02e60501, 
    0x4a220506, 0x0f20087b, 0x0c2abf82, 0x2a402d00, 0x01040107, 0xd8184c01, 0xba820b79, 0x4342d382, 0x0c002305, 0xba840c00, 0x1b070724, 0x5d18332b, 
    0x013508bb, 0xf72a0323, 0xa3643101, 0x73010b02, 0xad0175fd, 0xa8fe9ffe, 0x189f83b4, 0x200b9ac5, 0x05b74c00, 0x82030621, 0x0014246b, 0x8406b56a, 
    0xb04b306a, 0x4058500c, 0x04050023, 0x72050403, 0x82010109, 0x01052916, 0x01086804, 0x4d200202, 0x2222a082, 0xc242074d, 0x401b2205, 0x21258524, 
    0x269b8003, 0x0e405925, 0x41111314, 0x1026065e, 0x2b1f070a, 0x60413301, 0x23072508, 0x21032337, 0x3008b883, 0x2aac7002, 0x01860124, 0x0107fe67, 
    0xc691fe28, 0x26ae253a, 0xd0fe615b, 0x672f01f7, 0xfe6a045c, 0xfd6902ff, 0x02f1fc3d, 0xfde1e14a, 0xfdd205b6, 0x268a8297, 0xfe2a0001, 0x82cb05a0, 
    0x001725bf, 0x07314034, 0x23053b4f, 0x06050001, 0x2805fb4d, 0x65030403, 0x00000102, 0x24b28220, 0x06210606, 0x2533824e, 0x24170017, 0x8e821711, 
    0x1c070822, 0x08083241, 0x0712162d, 0x23040206, 0x37363237, 0x21272636, 0x01f72a03, 0x026b642a, 0xfd6a010f, 0x27d7e3a5, 0xe9feb41f, 0xb17d24b1, 
    0x9a8b1f1c, 0x8264e8fe, 0x02983c7d, 0x2058fd68, 0xbaefd9fe, 0xeb8ff5fe, 0xc5aba2b9, 0x00a9fd01, 0x00f0ff01, 0x82140600, 0x0011278f, 0x00244027, 
    0x06430303, 0x22778206, 0x42056102, 0x11340971, 0x11111000, 0x07062114, 0x37232b1a, 0x36363233, 0x03211337, 0x0805fb42, 0x1023062a, 0x604b2829, 
    0x03c42b4a, 0xcefef7ef, 0x9e57fecd, 0x98dfa03b, 0xabc351fd, 0x2efa1603, 0x88fdd504, 0x6bf8feea, 0x7100ffff, 0x0897b618, 0x00006f30, 0x2a00ffff, 
    0xe205c0fe, 0x2602d205, 0x6f82f60a, 0xdb0a0724, 0x0782cf01, 0xc3520120, 0x31938205, 0x40280015, 0x02060c25, 0x4c010100, 0x01010102, 0x1e824d20, 
    0x04600322, 0x8205cd41, 0x00152b0b, 0x21141814, 0x2b190705, 0x94821333, 0xa0183720, 0x5608092b, 0x06012113, 0x2cb02306, 0x16594c7a, 0x01a1fe19, 
    0x20256954, 0x4b702e08, 0xfd6601d3, 0xa6d45726, 0x30290c01, 0xfe370436, 0x65e7818f, 0x0183e664, 0x8d4ffb71, 0x03000094, 0xa8ff4f00, 0x2a069d06, 
    0x19001300, 0x25001e00, 0x151b2240, 0x01000102, 0x0100004c, 0x82570001, 0x5f012273, 0x21098202, 0x0a824f01, 0x1300132c, 0x17070319, 0x2437052b, 
    0x4f4c1300, 0x04670806, 0x02060300, 0x13070704, 0x36132403, 0x04130126, 0x54020203, 0xfee3fe20, 0xbe1f2df8, 0x1fc42c01, 0x01203001, 0x2d07011e, 
    0xd4febf1e, 0x80ca20c3, 0x1c393d01, 0x81b5fd77, 0x3839c3fe, 0x0117c058, 0xb8150155, 0x10a51501, 0xfe18bfbf, 0xbaedfeab, 0x0fa4eafe, 0xfcc604c0, 
    0x5b0129f7, 0x0dfdc3ac, 0xfe290803, 0x41a7fea4, 0x00200a3f, 0x22073f41, 0x822404da, 0x00012f95, 0x07c0febd, 0x00d20571, 0x4b5b000f, 0xfb7129b0, 
    0x05022405, 0x83070854, 0x035f3cb9, 0x20000001, 0x0201044d, 0x00600602, 0x06210606, 0x1f401b4e, 0x05000400, 0x8c640504, 0x82002022, 0x855f2021, 
    0x40592221, 0x23598210, 0x110f000f, 0x09270085, 0x132b1d07, 0x42072137, 0x2d080503, 0x13210333, 0x2abd1321, 0xfe298d04, 0x6302a46a, 0xcf2f01ce, 
    0xddfe6a9f, 0xcecffb35, 0xfafad804, 0xd80422fc, 0xd2fd1cfb, 0xd8044001, 0xdf410000, 0x82bc2005, 0x0014349f, 0x122c402f, 0x01020001, 0x0502004c, 
    0x02040001, 0x41036a00, 0x042a05e7, 0x4e042104, 0x10110001, 0xa8180e0f, 0x06260776, 0x012b1607, 0x56182622, 0x38080dac, 0x06061321, 0xdd9c8a02, 
    0x014d1d61, 0x73174932, 0x419a5691, 0xf731016a, 0x5569cffe, 0x660f02b4, 0xcf01b2dc, 0x898647fe, 0x82021f27, 0x79022efa, 0xffff3139, 0xc0feb000, 
    0x227f8305, 0x821e0426, 0x0a0726d5, 0x00fe03da, 0x06835500, 0x02201782, 0x01271784, 0x01d80a07, 0x4aa7ffe2, 0xa72006e5, 0x24064354, 0x0500002b, 
    0x28bb8937, 0x4c010002, 0x00000105, 0x2bc58202, 0x04040069, 0x01034d20, 0x01210101, 0x3221bb93, 0x48591816, 0x0321270d, 0x5d033636, 0xbb82dc9d, 
    0x4acefe23, 0x2bbb8316, 0xcffe6b40, 0x693101f7, 0xc303b356, 0xfe23bb82, 0x83b90131, 0x7efd2fbb, 0x87fdd205, 0x01003139, 0x0000bc00, 0x7f82b006, 
    0x39001826, 0x01163640, 0x07207f83, 0x06287f87, 0x05040401, 0x0505005f, 0x1523858a, 0x41121314, 0x18270845, 0x07081801, 0x90012b16, 0x21372289, 
    0x088d8307, 0x9fdc043f, 0x461d5cd9, 0x1643cefe, 0x9556906d, 0xcffe6440, 0x2a39fecc, 0xfe2af204, 0xae544507, 0xdc679d03, 0x0156feb0, 0x28888794, 
    0x04a3fd1e, 0xfefdfdd5, 0x00313760, 0x00010000, 0x0700002a, 0x299782fd, 0x401f000b, 0x0202041c, 0x84850000, 0x82600521, 0x0521238f, 0x0083114e, 
    0x07061025, 0x42012b1c, 0x21210534, 0x38078213, 0x31012101, 0xcda801cd, 0x01cd2a01, 0x3201cda7, 0x0524f9f7, 0x042bfbd2, 0x210383d5, 0x23442efa, 
    0x22578405, 0x41230426, 0x062105ab, 0x2607823e, 0x00bd0002, 0x826c0600, 0x000c2f6f, 0x40360015, 0x07010033, 0x01040501, 0xb8186705, 0x2308084b, 
    0x04004d20, 0x005f0204, 0x02210202, 0x000d0d4e, 0x0d150d00, 0x000e1014, 0x240c000c, 0x07081121, 0x37132b19, 0x20298182, 0x00060700, 0x13132121, 
    0x06c14803, 0x022abd26, 0x0a0157c4, 0x29084f82, 0xfe252407, 0xfdfafeae, 0x4edbceb7, 0xa27c0b01, 0x7c6c1213, 0xfdfad804, 0xdbfefef5, 0x04f7fee1, 
    0xfefbfdd8, 0x6e728125, 0xa783007a, 0x6d20ff82, 0x26228f82, 0x9f822704, 0xc5000724, 0xa7841b05, 0x00002a24, 0x17821405, 0x13000a26, 0x26402900, 
    0x01250d82, 0x04000304, 0x05e04868, 0x32066f45, 0x0b4e0121, 0x0b130b0b, 0x24112212, 0x1a070620, 0x8721012b, 0x03212197, 0x01279887, 0x010b01fb, 
    0x87080106, 0x01f72495, 0x834f7f31, 0x12142597, 0xc7037d6c, 0x05239485, 0x8601fdd2, 0xff022694, 0x080000f0, 0x327b82b9, 0x00210018, 0x0037403a, 
    0x07010902, 0x67070200, 0x45040400, 0x062606e6, 0x03000001, 0x9e470861, 0x19193506, 0x21190000, 0x1a1c2019, 0x17001800, 0x14212411, 0x1b070a21, 
    0x890bf045, 0x02062495, 0x87012306, 0x29102a9a, 0x4b604a28, 0xd103c62a, 0x29a38d57, 0x9f70fecd, 0x98dd9e3b, 0xa9885905, 0xc14ffa25, 0x411d03ab, 
    0x82260a44, 0x6bfafee9, 0xb586d302, 0x02000024, 0xb7822a00, 0xb782ca20, 0x1b001232, 0x35403800, 0x0a010103, 0x07050208, 0x02680501, 0x203caf82, 
    0x0707004d, 0x06095f04, 0x21040402, 0x13134e04, 0x1b130000, 0x14161a13, 0x12001200, 0x1123b482, 0x470b1111, 0x21210629, 0x0ae14113, 0x88032121, 
    0xf72a2aaf, 0x02582d01, 0x3101578a, 0x0de94156, 0x76fd7825, 0x82320477, 0xa27d2bab, 0x7c6c1213, 0xf2fdd205, 0xab870e02, 0xfdd30223, 0x36a78a2d, 
    0xff480001, 0x05d305ec, 0x002000e6, 0x00454048, 0x05040506, 0x18800406, 0x2b089fd0, 0x01030004, 0x00670304, 0x61070505, 0x2527b182, 0x0202004d, 
    0x82086100, 0x263808c1, 0x00014e00, 0x1415181a, 0x0d0e1012, 0x07090b0c, 0x20000405, 0x07092001, 0x22052b16, 0x21372626, 0x32331616, 0x37213736, 
    0x23263621, 0x21070622, 0x33243636, 0x07120432, 0x4808f282, 0xfbbc7902, 0x3501067a, 0x98869902, 0xeffd37e9, 0x030e0229, 0xcb8694a1, 0x32cbfe2d, 
    0xa92701d7, 0x7d1b01c5, 0xfeec2828, 0xf19614a9, 0xbf81848b, 0xb7b1f9c0, 0xeca88381, 0xa9feb47d, 0xaafef2f2, 0x000200b5, 0x08ecff2a, 0x24b78224, 
    0x00290019, 0x0581796e, 0x00002128, 0x00060300, 0xa9826803, 0x08610138, 0x01010205, 0x01094d25, 0x61020606, 0x02020104, 0x1b4e0226, 0x23872940, 
    0x05010825, 0x844d2005, 0x83002029, 0x04002327, 0x2c862104, 0x2b82e382, 0x1640593e, 0x00001a1b, 0x291a2123, 0x1900291b, 0x15111900, 0x0a112327, 
    0x012b1b07, 0x12363303, 0x152ecc84, 0x04020214, 0x02242223, 0x23373435, 0x49182103, 0x02290e77, 0x31d86652, 0xc73c01d8, 0x069355b1, 0xb1ba2108, 
    0x0197f2fe, 0xcffe6ada, 0x7cdf03f7, 0xa23f7dba, 0x7ebb7b8c, 0xd205a23f, 0x01b497fd, 0xfe8fa920, 0x0723c718, 0x11018f2b, 0xfd1718c1, 0xfbd20584, 
    0x2dc71829, 0x3fbe820c, 0x00ceff02, 0x05540500, 0x000d00d2, 0x40380014, 0x00010535, 0x074c0105, 0x00000501, 0x67000501, 0x33073244, 0x03064d20, 
    0x21010102, 0x0e0e4e01, 0x140e0000, 0x0f11130e, 0x0d2a3282, 0x08111126, 0x212b1907, 0x1b822313, 0x26264908, 0x21003637, 0x13030321, 0x06072023, 
    0x582c0321, 0xfe8cfeee, 0x779e01ac, 0x01241965, 0x02010141, 0x4cb0f745, 0x27eefedc, 0x02110125, 0x02ecfd14, 0x98de3747, 0xfa0301db, 0x010b032e, 
    0x00e2e9cb, 0x2a00ffff, 0xff048eff, 0x8205ab4c, 0x0a07259f, 0x00df00ea, 0x08211786, 0x211783b5, 0x1785ef03, 0x82950421, 0x00012207, 0xdbf81854, 
    0x40483908, 0x03020045, 0x04020304, 0x05070080, 0x06070506, 0x00040080, 0x05040705, 0x24082a57, 0x06004d25, 0x0a734206, 0x1a1c1d26, 0x14151618, 
    0x0d23cc82, 0x4207090c, 0x24200973, 0x2306c253, 0x21071616, 0x22059c5f, 0x7c210721, 0x540805d7, 0x04060621, 0xfec6b202, 0x29287de5, 0xc45701ef, 
    0x0589fdaa, 0x9d01cafe, 0x38e19486, 0xfd290e02, 0x98a609ee, 0x012ec986, 0xfeca2834, 0x01b414d4, 0x01f3f256, 0xec7db556, 0xb78183a8, 0xbfc0f9b1, 
    0xf18b8481, 0x00020096, 0x07ebff55, 0x00e605db, 0x0038002c, 0x05734293, 0x16290c2e, 0x2a070402, 0x04000203, 0x401b4c02, 0x06230e89, 0x85594c02, 
    0x00202322, 0xd0820005, 0x0069073c, 0x61020303, 0x25020200, 0x0401064d, 0x01610004, 0x00000208, 0x1b4e0026, 0x22912b40, 0x21890020, 0x87050041, 
    0x4059362d, 0x34000117, 0x1e242732, 0x0f13151c, 0x060c0d0e, 0x012c0004, 0x0678432c, 0x23062723, 0x06094122, 0x06220327, 0x33120607, 0x08dc5432, 
    0x07161626, 0x16070206, 0x20068e7b, 0x08e27d01, 0x1606a708, 0xb45c4706, 0xeff6e852, 0x2785c2fe, 0x5801f029, 0xfeae2dc6, 0xedbc2728, 0x484c5356, 
    0x01b61c19, 0xe4a8a712, 0xcc1d1b62, 0x3c1b1595, 0x532f538d, 0x9487fed2, 0x741517c4, 0x16a96e6e, 0x2a154b15, 0x01b54d24, 0x01f3f156, 0xf1feb457, 
    0xfeebf0ff, 0x016a0cfe, 0x01ab960b, 0xf68a8e00, 0xddfeb2a3, 0x2116016b, 0x011d25f1, 0x8de74a7f, 0x86a69d7b, 0x0000e17c, 0x3d000200, 0x0807ecff, 
    0x2300e605, 0x4c002b00, 0x07004940, 0x07010601, 0x02008006, 0x57020103, 0x05030108, 0x03070101, 0x09006901, 0x00610409, 0x09420404, 0x440a2006, 
    0x2808077d, 0x2425282a, 0x1b1d1f20, 0x12141819, 0x090a0e0f, 0x23000406, 0x070b2301, 0x22052b16, 0x23370224, 0x37372622, 0x16060721, 0x07ae4316, 
    0x10420720, 0x015f080b, 0x26263621, 0x03062223, 0xf2feb4d3, 0xba030b8e, 0x010b1e94, 0x010b0806, 0xe9363228, 0xc2bf4401, 0x226c0401, 0x05fefb1f, 
    0xb97b96ae, 0x2d370131, 0xfedbfed4, 0x0fdb0271, 0x9c708732, 0x019914ed, 0xbcafce22, 0x3d423241, 0x2301c912, 0xc6feb29c, 0xc4b6bacb, 0xe2936d79, 
    0x68700380, 0x82c367ac, 0xff5524df, 0x82e105ec, 0x00182adf, 0x403e0020, 0x0203003b, 0x21da8201, 0x2b4d0080, 0x00672305, 0xd78b0202, 0xd7870720, 
    0x1a1d1f2c, 0x0d101219, 0x06080a0c, 0xee480005, 0x22052306, 0xcd820226, 0x21114b45, 0xf9522101, 0x02260805, 0x67ffc27d, 0xfa031e22, 0x7d97ad04, 
    0xcafe31b8, 0x2501d42d, 0x1c01c4a8, 0xea272880, 0x1b01a5fe, 0x321026fd, 0xb9827187, 0x3a01b222, 0x7b2eaa83, 0x80e2926a, 0xf2a9feb6, 0xb9aafeec, 
    0xb2828a02, 0xff00c425, 0x823b00ff, 0x052d30b3, 0x050602d2, 0x0000002c, 0x00cb0001, 0x827c0600, 0x000f29c3, 0x010eb541, 0x4c010102, 0x2605d542, 
    0x01010011, 0x82036100, 0x4d2521b3, 0x27059f48, 0x0015401b, 0x4d200303, 0x3b821884, 0x3d081787, 0x1311b659, 0x07042221, 0x36012b1a, 0x03333336, 
    0x07062223, 0x21012101, 0x63043313, 0x509dd458, 0x3d32232c, 0xfec1fd1f, 0x01f2fe79, 0x040fb050, 0xfeadb782, 0xfb3d3cf2, 0xfbd205a1, 0x9383008c, 
    0x8effbc2a, 0xd2058c06, 0x9b012600, 0x21054744, 0x07826c02, 0x2f000233, 0xa204e8ff, 0x20002406, 0x37002d00, 0x01133440, 0x2c9e8203, 0x1c1d1f20, 
    0x1718191a, 0x010a0001, 0x2ac0824a, 0x03010203, 0x02010469, 0x82610002, 0x00603134, 0x2921224e, 0x222d2127, 0x0527262d, 0x012b180b, 0x2d052954, 
    0x26222304, 0x023e3726, 0x17161637, 0x1a822633, 0x2637372b, 0x17163727, 0x36320125, 0x05284237, 0x0607a008, 0xb4450416, 0x1d278a87, 0xa5f7feb0, 
    0x1a5bd79f, 0x86e39a18, 0x0f228468, 0xfe4a6a18, 0x57e003b2, 0x9ac13c62, 0xe8fd1e01, 0x0e18a077, 0x7e55601e, 0x5f161799, 0x85557c05, 0xb7ed88fe, 
    0x8892f4fe, 0xed949ff1, 0x5301018a, 0x47a25536, 0x3d698b9c, 0x7133a22d, 0xafcafa86, 0x5792578d, 0xb78988b4, 0x00020000, 0x05e8ff34, 0x006c049a, 
    0x00250015, 0x25094089, 0x040c0f12, 0x4c010405, 0x5015b04b, 0x00184058, 0x61010404, 0x01010102, 0x05004d37, 0x03610005, 0x00000206, 0x1b4e0035, 
    0x8224b04b, 0x8b1c201f, 0x0303221f, 0x2124852f, 0x23850106, 0x00204026, 0x4d310202, 0x00202384, 0x228f4284, 0x40595939, 0x22000113, 0x111a1c20, 
    0x090d0e10, 0x01150007, 0x16080715, 0x5922052b, 0x16250721, 0x21131716, 0x28028203, 0x3501020e, 0x2223022e, 0x05f15e06, 0x37365208, 0xd69dff01, 
    0xad1d1c58, 0x839f0301, 0x67094193, 0x3fe91701, 0x200fe6fe, 0x3101b26b, 0x5d682d04, 0x1a1aad7d, 0x925e7868, 0x91181d66, 0xaeae0501, 0x5b8f0301, 
    0x2001488b, 0xd1fdd1fd, 0x984c3201, 0x03470266, 0xb2619752, 0x65b19d9e, 0xff004f9a, 0x050b41ff, 0x0223062e, 0x00370426, 0x0b070000, 0x00500101, 
    0x32201789, 0x0a231787, 0x94b7015d, 0x015e2217, 0x221794a7, 0x94d5005f, 0x00602217, 0x221794b8, 0x94e50061, 0x00622217, 0x211789b4, 0x8f888b07, 
    0x1d016322, 0x64221794, 0x17894101, 0x0a23d789, 0x85f60068, 0x12fe2417, 0x87069a05, 0x092724d7, 0x833901c1, 0x96df89f7, 0x96e7881f, 0x96ef881f, 
    0x96f7881f, 0x96ff881f, 0x0807411f, 0x07411f83, 0x41bf8908, 0x1f96080f, 0x200d1741, 0x0847411f, 0xca006f22, 0x21092f41, 0x1787e905, 0x00ce0623, 
    0x0a2f41be, 0x89071f42, 0x0c4f416f, 0x876c0421, 0x054f4137, 0x00ffff23, 0x91c78434, 0x42692037, 0x11200c5f, 0x06243786, 0x007dcf06, 0x17876f8a, 
    0x1f866f87, 0x02002808, 0x5efedfff, 0xe605c604, 0x2c001600, 0x45404800, 0x0504010b, 0x03010115, 0x05004c02, 0x05030400, 0x06006904, 0x82610006, 
    0x4d34234b, 0x09600108, 0x4d2f3606, 0x02020107, 0x184e0233, 0x27000017, 0x1e1f2125, 0x182c171c, 0x2a43822c, 0x09232c16, 0x032b1808, 0x18003613, 
    0x2907ee44, 0x0e071616, 0x26222302, 0x96440327, 0xf8441805, 0x22610809, 0x06030706, 0x28ec2116, 0x93e22801, 0x151463d3, 0x8d7f7a9a, 0xdb92161a, 
    0x16877682, 0x6b530162, 0x62111091, 0x43226e63, 0x0f0f7d5c, 0x80605c5b, 0x6410630f, 0x93055efe, 0x6b0101f4, 0x8e7f7dbe, 0x9ba72522, 0x6270c783, 
    0x02aefd5e, 0x64647390, 0x5865ca74, 0x596a6556, 0x7b5facfd, 0x00010000, 0x232c827c, 0x005e040a, 0x0f73b018, 0x034d3122, 0xd682bf85, 0x0e000e25, 
    0x82041218, 0x130121b3, 0x280bbf69, 0x3b2f0103, 0x5c3f01ee, 0x05276e0b, 0x011a2c08, 0x3b8cfd3b, 0x65015efe, 0xbcfd9b04, 0x4f4f974b, 0x44024b97, 
    0x98fe68fb, 0x00020000, 0x04e8ff2c, 0x00d20595, 0x002b001f, 0x82364039, 0x04052379, 0x3b490501, 0x4d2e2108, 0x0cddca18, 0x01202134, 0x20252700, 
    0x122b212b, 0x070d0f10, 0x011f0006, 0xaf44081f, 0x37262605, 0x2e372436, 0x23058202, 0x23073321, 0x2706c75d, 0x0607021e, 0x32270406, 0x0806db5d, 
    0x16060757, 0xdea10b02, 0x01271b60, 0x9c65de35, 0x01160d51, 0x7e410147, 0x83769f28, 0x72080538, 0x4a975b94, 0xfeae1b19, 0x996a79f9, 0x686a1718, 
    0x19199d68, 0xea7c186f, 0x0ae4eea6, 0x4b593514, 0x15ee9580, 0x42311d29, 0xd67c1420, 0x7deca59a, 0x919589f3, 0x94959595, 0x31b58286, 0x04ecff12, 
    0x006c0447, 0x4044002c, 0x02111241, 0xb8820203, 0x292a0334, 0x03040502, 0x0003004c, 0x04030504, 0x02020067, 0x89456101, 0x05052105, 0x83080d62, 
    0x1f212bd2, 0x14161a1c, 0x2c000d0f, 0x80452c01, 0x22d08206, 0x18263736, 0x2207974b, 0x45262605, 0x3322067b, 0xdf833107, 0x08058645, 0x06053758, 
    0x92e90104, 0x0f116cd9, 0x576c8389, 0xe897110f, 0x09d1c88b, 0x5705ebfe, 0x08765d56, 0x9c595e08, 0x689b0b14, 0x630a0b7a, 0x1c6b696d, 0xfe3c0101, 
    0x914d14fd, 0x208d5766, 0x6857811e, 0x929a4b8f, 0x4c453c32, 0x7b3f3537, 0x3d3e503e, 0x2f4e4c4a, 0xff00a9a0, 0xcf8400ff, 0x02230626, 0x00540426, 
    0x20058b45, 0x22078218, 0x82230002, 0x046738e7, 0x0016006c, 0x403a0031, 0x02010737, 0x004c0105, 0x03020005, 0x46690205, 0x5f240769, 0x0303004d, 
    0x086e5a18, 0x2d000130, 0x2025272b, 0x10181a1e, 0x0116000e, 0xbd7a0716, 0x35262205, 0x18df8334, 0x200a4f62, 0x28d78303, 0x33161415, 0x35023e32, 
    0x83ee8234, 0x08ee830b, 0xf101074e, 0xa578d086, 0x585c5d7b, 0xed5fb894, 0xf38f3ded, 0x5d5a0a0b, 0x5f636193, 0xd31e497d, 0x545a7a5e, 0x01070d5f, 
    0x5d844714, 0x1c1b8b7d, 0x845a4a6f, 0xcee22b57, 0x85d8fc77, 0x523e3102, 0x62403251, 0xe742a496, 0x3a2d3e52, 0x0006264f, 0x0423df88, 0x8406026c, 
    0x000122df, 0x20d78222, 0x07bf4150, 0x021b1c26, 0x01260403, 0x03210482, 0x28058202, 0x0003004c, 0x02030102, 0x24df8267, 0x05006105, 0x21df8205, 
    0xdf8a0101, 0x191e202d, 0x0e111317, 0x0006080c, 0x862c012c, 0x252721df, 0x2705124f, 0x23232636, 0x33373337, 0x22088442, 0x43243625, 0x52080ce0, 
    0xcdd7ce01, 0x02110108, 0x796f6a52, 0x68600a0a, 0x0d01119c, 0x09725c9b, 0x575d5c09, 0xfdfe196d, 0xc8020139, 0x1168cf8c, 0x7879800e, 0x9d120f5d, 
    0xa2a714f1, 0x4b4c4e2f, 0x6a513e3b, 0x3635414f, 0x323b464b, 0x904b9a92, 0x1e845467, 0x66598c20, 0x41004c91, 0x852005a7, 0x1228cf82, 0x3a002900, 
    0x010c3740, 0x0a89de18, 0x44006921, 0xc782068c, 0x0afc6218, 0x2800012f, 0x1c202226, 0x0714161a, 0x01120005, 0x2bc78412, 0x12130220, 0x16322100, 
    0x07060716, 0x0e220482, 0xc98a0302, 0x84056e4d, 0x025208e0, 0xd8f0fe0b, 0x3f012d2f, 0xcc870d01, 0xe6201167, 0x110e5b78, 0x0d89ee9b, 0x08725d5b, 
    0x855d5408, 0x531f1c9c, 0x0a7c6b89, 0x5b66640c, 0x2e011411, 0x0f011c01, 0x914b2701, 0x203abb68, 0x9166578c, 0x4f5d024d, 0x4c343542, 0xb3b9a6b3, 
    0x50413b49, 0x0082006a, 0x22000126, 0xfe05ecff, 0x3b08c782, 0x405e0039, 0x0501305b, 0x28292f06, 0x05040403, 0x04070136, 0x07030106, 0x03000137, 
    0x02021011, 0x004c0600, 0x00030004, 0x00670304, 0x00010807, 0x69000702, 0x06050500, 0x06060061, 0x7843e682, 0x015d3706, 0x3300014e, 0x262b2d32, 
    0x1b1e2024, 0x0e131519, 0x0139000c, 0xd9670939, 0x87272005, 0x222322e3, 0x1ebd4126, 0x85371721, 0x06172afb, 0x7e560506, 0x3da10366, 0x059b4159, 
    0xcb419020, 0xf4c13321, 0x2301f901, 0x1129133e, 0x01532315, 0x4c959b93, 0xb741162d, 0x13d74105, 0x6c848f29, 0x060ab1b3, 0x421b14af, 0x062109b7, 
    0x07974332, 0x015d0a23, 0x22179480, 0x9470015e, 0x005f2217, 0x2217949e, 0x88810060, 0x8a5b2017, 0x0061215f, 0x44058b68, 0x7787050f, 0x620a0624, 
    0x2f88007c, 0x27444720, 0x680a2309, 0x1882be00, 0x18000134, 0x7504e1fe, 0x2400d205, 0x2e403100, 0x02010110, 0x996a4c01, 0x442e200d, 0x2c820523, 
    0x2805ea65, 0x38240024, 0x06333b11, 0x06966a08, 0x22236408, 0x023e3726, 0x36363737, 0x23060637, 0x07213721, 0x07020e01, 0x33331606, 0x07071632, 
    0x0b1c7502, 0xe0544a30, 0x5a0f1fd6, 0x37a76f9a, 0xae4c3e82, 0x28edfe40, 0xfe205303, 0x4e967770, 0x7276120b, 0x1c95a93c, 0xa8e1fe25, 0xbdd23443, 
    0x6da99e5e, 0x255c34a0, 0xc2ee0a08, 0x9b766ffe, 0x5c69437a, 0x42d8a88b, 0x242b0563, 0xab045efe, 0x14006c04, 0x82b54c00, 0x7d0120a4, 0x16200739, 
    0x21085d4b, 0x29824d31, 0xb1832f20, 0x4e033328, 0x001a401b, 0x12820101, 0x02040427, 0x02020061, 0x2c1c8b37, 0x1423b759, 0x05111123, 0x012b1b08, 
    0xe36c1803, 0x09445708, 0xbb012f08, 0xb9d4fe6b, 0x41221b01, 0xa5747fb3, 0xfebb1549, 0x4e11b3d3, 0x029b5f5d, 0x0479fd87, 0x7f75e65e, 0xfb83bd65, 
    0x69350497, 0xff007a75, 0x9b8400ff, 0x02230625, 0x82630426, 0x0b072582, 0x00550101, 0x32201789, 0x0a231787, 0x94bd015d, 0x015e2217, 0x221794ad, 
    0x94db005f, 0x49602017, 0x7785066b, 0x61225f89, 0x2f94eb00, 0xba006222, 0xc0221788, 0x8f888b07, 0x23016322, 0xe4201788, 0x6420178a, 0x8f05536f, 
    0x680a23d7, 0x2f84fc00, 0x12fe0a25, 0x8706ab04, 0x09262677, 0x000007c1, 0x9add8507, 0x9ae5841f, 0x9aed841f, 0x9af5841f, 0x9afd841f, 0x0062231f, 
    0x008200ba, 0x00ffff22, 0x0741bf83, 0x22bf8709, 0x8a230163, 0x090f411f, 0x64221f87, 0x1f8a4701, 0xef41ab20, 0x221f8708, 0x8bfc0068, 0x6c04211f, 
    0x23066741, 0x07c10906, 0x37917789, 0x55016922, 0xcf413786, 0x86112005, 0x06072437, 0x8a8300cf, 0x861787cf, 0x821d856f, 0x00032e39, 0x04e8ff4f, 
    0x00ea05f4, 0x00160011, 0x5b62181b, 0x4d362213, 0x0bda6a07, 0x01121333, 0x18191b00, 0x12141517, 0x0a161316, 0x01110008, 0x06a14911, 0x67370221, 
    0x58080574, 0x07071216, 0x27040206, 0x02211332, 0x23122113, 0xa8210222, 0x132451d9, 0x1301b924, 0x50daaaaa, 0xbc251425, 0xfe7eeefe, 0x4401fe47, 
    0x44fe0167, 0xad18fffd, 0x76da3f01, 0xaf3f01d8, 0xd9c1feae, 0xc2fedc76, 0xa601f3ac, 0x76025afe, 0x0100a601, 0xf9ff3b00, 0x5e041102, 0x9b771800, 
    0x4d312b0d, 0x00020200, 0x00010362, 0x77182f00, 0x2f4a0c9b, 0x18372005, 0x3d088541, 0x01060617, 0x1989ab6f, 0x822c0189, 0x182e1d09, 0x180b0a1b, 
    0x96930754, 0xedfc3c03, 0x77183135, 0x36310a9b, 0x0b03f9ff, 0x26026207, 0x00007c04, 0xf80a0700, 0x054343fe, 0x93227f83, 0x17862306, 0x010b0623, 
    0x059341e7, 0x2f822820, 0x1b062222, 0x6b262f88, 0x000099fe, 0xaf84ffff, 0x32066e22, 0x06231786, 0x184e5d0a, 0x21082b76, 0x178a6d02, 0x893e5e21, 
    0x88e12017, 0x0a072417, 0x846cff5f, 0x82112047, 0x8ae520f7, 0xff602217, 0x7376184f, 0x8a292008, 0xff612117, 0xff23af82, 0x820d00ff, 0x8a0d208f, 
    0xff622217, 0x222f884b, 0x888b0752, 0xb563218f, 0x03217788, 0x21178a75, 0x1788d864, 0x89110221, 0x680a22ef, 0x2317888d, 0x1f061703, 0x6f22ef88, 
    0xef8861ff, 0xe905d722, 0x06231787, 0x8355ffce, 0xc3ff2117, 0x88228f82, 0x2f880907, 0x62ff6522, 0x34202f84, 0x16221782, 0x2f881106, 0x14ffcf22, 
    0x27201784, 0x6c221782, 0x2f884307, 0x46ff6722, 0x013f7882, 0xe6ffc2ff, 0xeb050c05, 0x58002100, 0x5013b04b, 0x1d0b4058, 0x06071213, 0x00010601, 
    0x881b4c01, 0x8202200d, 0x8559200d, 0x820d2020, 0x4d362c37, 0x01020203, 0x4e013501, 0x8511401b, 0x0201250f, 0x004d2f02, 0x59221384, 0x13820b40, 
    0x21002130, 0x0804292a, 0x01232b18, 0x07262627, 0xb5652707, 0x16132405, 0x70373716, 0x03200698, 0x08055b79, 0x023e0145, 0x5a06045f, 0x231f2062, 
    0xae933b72, 0x5e13bd22, 0x22202649, 0xa98a3b71, 0x100c3a1b, 0x23381c06, 0x6304e4fe, 0x15295425, 0x120de206, 0x8cfc9d8a, 0x08102f57, 0x8a130ddc, 
    0x4a36019e, 0x914b4b90, 0x82bcfd49, 0x01003b72, 0xe1fe1600, 0xd2058604, 0x3b002c00, 0x010c3840, 0x4c010304, 0x00060107, 0x474c8606, 0x01012d08, 
    0x02005f02, 0x004d2e02, 0x61000505, 0x31084347, 0x342c002c, 0x1d112721, 0x1c080833, 0x3637012b, 0x45472326, 0x022e2806, 0x37363637, 0x18213705, 
    0x220734cb, 0x51210733, 0x4d4705c9, 0x86520805, 0x4a220c1f, 0x1de6e366, 0x6bcd9515, 0x0e559b5c, 0xfe8dbf13, 0x6a0327bf, 0xe0d0a323, 0x846a0f14, 
    0xf3fe26fd, 0x1113af8b, 0xa644836b, 0xfe241ca1, 0x2743b5e1, 0x9985baca, 0x34090b48, 0x74775b69, 0xd5e60e19, 0x6a5e100c, 0x56ea6151, 0x89745c6b, 
    0xc782d8aa, 0xf9ff5d28, 0x5e045405, 0xc7831600, 0x0601133e, 0x00011401, 0x054c0206, 0x01010203, 0x04005f04, 0x004d3104, 0x61000606, 0x00020702, 
    0x2f05a343, 0x0c0d1012, 0x08090a0b, 0x04050607, 0x16011600, 0x61063944, 0x232005b8, 0x5608be82, 0x16060323, 0x17373233, 0xfe030606, 0x63197dab, 
    0xfe93d6fe, 0x25ab93e0, 0xbc26d204, 0x2d1d095d, 0x180c142a, 0x96930754, 0x86fc5802, 0xe4e47a03, 0x3136cdfd, 0x1008d607, 0x02000000, 0x5efedeff, 
    0x6c04d504, 0x1f001300, 0x35403800, 0x03010111, 0x04004c01, 0x82610004, 0x4d37221e, 0x07a34f06, 0x054d3522, 0x2905e34e, 0x00001415, 0x1f14191b, 
    0x33821f15, 0x24261323, 0x059f4f07, 0x33241225, 0x4f121632, 0x2622059a, 0x9c4f2327, 0x22440807, 0x16060706, 0xac1d9f22, 0xa1ab0a01, 0x1d1d5ddc, 
    0x5b81e5a3, 0x090f4073, 0x75540162, 0x5b18199a, 0x199c7475, 0x5efe6019, 0x01b0c003, 0xfe8a9509, 0xffb2b6fb, 0x2e5b3d89, 0x8002abfd, 0xb99396bc, 
    0xba9898b4, 0x07476318, 0x3206d526, 0x91042602, 0x07259882, 0xd4015d0a, 0x22179300, 0x84c4015e, 0x85452017, 0x2f2f85d7, 0x3b0b0701, 0x5dfcaffe, 
    0x02b10900, 0x5dfcb801, 0x24060360, 0x04e1fe26, 0x28fb8286, 0x4032001e, 0x020f102f, 0x09904903, 0x2109944e, 0x4c420303, 0x001e250a, 0x2525341e, 
    0x220b9049, 0x84361302, 0x225a18fa, 0x068c4909, 0x1ab73908, 0x3f4b3b0b, 0x1d2af5fc, 0xa80d01b0, 0xfe03e9c8, 0x575c05e1, 0x19199b79, 0xa8437a5f, 
    0xfe1e1cbd, 0x404699e1, 0x02012801, 0x900401ae, 0x5734acc8, 0x9596be65, 0xb1a9afad, 0x0233df82, 0xeaff3300, 0x5e046d05, 0x1d001100, 0x2d403000, 
    0x82020306, 0x495f2092, 0x003a0763, 0x00010561, 0x4e003500, 0x00011213, 0x1d121719, 0x0a0b1d13, 0x11000709, 0xaa541101, 0x24362d09, 0x21072133, 
    0x06071616, 0x22030406, 0x2906a354, 0x02263637, 0x5adea914, 0x96831c1c, 0x9d023008, 0x639ffe26, 0xac18185b, 0x7813f4fe, 0x5a191898, 0x19997878, 
    0x8f165c18, 0xacac0101, 0x36e48dff, 0xeb928ec5, 0xb888038a, 0xbdbf9293, 0x82b79494, 0x0001269b, 0x04f0ff4a, 0x389b825e, 0x40380013, 0x04011035, 
    0x00011101, 0x004c0204, 0x01000104, 0x03800004, 0x068a4301, 0x054d3122, 0x21076846, 0xc0420c0d, 0x01132306, 0x6c460613, 0x82372008, 0x4c03209f, 
    0x28080834, 0x98a77002, 0x9ffe6119, 0x27ed0327, 0x085ca0fe, 0x3f123626, 0x64340511, 0x029aa310, 0xfdecec45, 0x093434d5, 0x0d0ee104, 0xfb421800, 
    0x5e042508, 0x95030602, 0xee240f88, 0x26020907, 0x00240f83, 0x9ac70606, 0x22b74218, 0x18230621, 0x2208bb40, 0x884d0101, 0x06d72247, 0x73401832, 
    0x015d2208, 0x221794b5, 0x94a5015e, 0x005f2217, 0x221794d3, 0x94b60060, 0x00612217, 0x201794e3, 0x67701862, 0x04ef2408, 0x888b07d7, 0x0163228f, 
    0x202f881b, 0x22178adc, 0x883f0164, 0x89d72017, 0x680a23d7, 0x178af400, 0x16434418, 0x16ab4118, 0x22094f41, 0x18650a07, 0x200c7344, 0x08674111, 
    0x417bcf21, 0x07210a67, 0x22a78843, 0x82ad0067, 0x00023618, 0x065efe36, 0x00740430, 0x0026001c, 0x0a324035, 0x01040209, 0x062e4210, 0xf8510420, 
    0x01023006, 0x4d2f0000, 0x03030105, 0x004e0333, 0x82222400, 0x1c24082d, 0x13151a1b, 0x17080611, 0x2e13012b, 0x023e3702, 0x06061737, 0x17160607, 
    0x33363613, 0x07161632, 0x03050002, 0xa0700b82, 0x07830805, 0xb941f301, 0x171b5ce9, 0x3c79c482, 0x19157e58, 0x1d568e6f, 0xcc97cddd, 0xfe2c1c54, 
    0x41defe90, 0x1cb59e6a, 0x4b5b4216, 0x5efe0e42, 0x990c8c01, 0xec88a3fe, 0x1ce622a8, 0xb89580af, 0xae090212, 0xa8fe8ddf, 0xc2fef8fe, 0x0274fe11, 
    0xa6bb0f80, 0x547cad87, 0x03000000, 0x5efe3400, 0xde05ca05, 0x1f001700, 0x42002700, 0x02003f40, 0x094d2e02, 0x01060601, 0x01010361, 0x084d3701, 
    0x0707020b, 0x82046100, 0x4d3536c4, 0x0505010a, 0x184e0533, 0x27000018, 0x18212226, 0x1b1f181f, 0x283c821a, 0x12111617, 0x080c1116, 0x58ce821b, 
    0x31320747, 0x32032113, 0x06071216, 0x31230402, 0x13310303, 0xe0820622, 0x51030121, 0x22080514, 0xa841d301, 0x1d1c5ade, 0xa90d01b0, 0x3d17013d, 
    0x1d5bdda8, 0xf2feaf1c, 0x71af41a9, 0x19199978, 0x8500025a, 0x83782007, 0x019133d1, 0x01aeac03, 0x72019004, 0xfe908efe, 0xfeadadfd, 0xca8291fc, 
    0x02782408, 0x9494c0aa, 0xfdaa02c2, 0x9494c256, 0x000100c0, 0x065efe51, 0x00680582, 0x40310019, 0x0103002e, 0x82058503, 0x4d3128c5, 0x02020104, 
    0x84066200, 0x010826c4, 0x07330707, 0x26ff824e, 0x13190019, 0x82121113, 0x08092203, 0x22ba821d, 0x4a130220, 0xbb840522, 0x82373621, 0x0223080c, 
    0x03312100, 0xfe421e02, 0x5e2ef9ea, 0x1e5d2601, 0x01c08e72, 0xa38ec027, 0x27015d1e, 0xa8fe2e5e, 0x8242e9fe, 0x018e30a1, 0x021c0122, 0xb5ccfd34, 
    0xfb890496, 0x83b59677, 0xe6fe250b, 0x72fedcfe, 0x013c6782, 0xf0ff2b00, 0x5e046706, 0x3a002a00, 0x01283740, 0x4c010302, 0x02010300, 0x80020301, 
    0x1647a08c, 0x24262f08, 0x16181c1d, 0x0e101213, 0x2a000809, 0xf2542a01, 0x023e2d08, 0x02062137, 0x33160607, 0x21371332, 0x36250785, 0x1e212702, 
    0x059d4602, 0x06275808, 0x7bad0106, 0x181c51b6, 0x013f8f74, 0x20c37e31, 0xa0564518, 0x1201292b, 0x53351529, 0x622030b5, 0x31300155, 0x1c172252, 
    0x917dde9d, 0xb435077f, 0xa9e67610, 0x31b7f58c, 0xc3defe7d, 0x0401938e, 0x8480f3f3, 0x01c22101, 0xb8327c24, 0xe6a98bf4, 0x87869d76, 0x85ffff9c, 
    0x230625c3, 0xad042602, 0x0726d382, 0x2602010b, 0x17880000, 0x17873220, 0x025d0a23, 0x2217948d, 0x947d025e, 0x015f2217, 0x221794ab, 0x948e0160, 
    0x01612217, 0x221794bb, 0x898a0162, 0x8b072117, 0x63218f88, 0x05234401, 0xf0ff2b24, 0x178a6706, 0x17026422, 0xd7892f89, 0x01680a23, 0x241785cc, 
    0x670612fe, 0x24d78706, 0x02c10927, 0x89f78346, 0x881f96df, 0x881f96e7, 0x881f96ef, 0x881f96f7, 0x411f96ff, 0x1f830807, 0xbf89ef88, 0x96080f41, 
    0x0817411f, 0xef415f84, 0x413f8907, 0x04210c1f, 0x0767415e, 0x23051f41, 0x2b00ffff, 0x69203796, 0x200c2f42, 0x23378711, 0x5301cf06, 0x870a6f41, 
    0x856f8817, 0x0038081f, 0xfea80002, 0x04440546, 0x0013005e, 0x402c001d, 0x070a0d29, 0x01010303, 0x0101024c, 0x004d5901, 0x62000303, 0x00000104, 
    0x014e0061, 0x0c181a00, 0x0008090b, 0x05130113, 0x2605e753, 0x37363637, 0x82210113, 0x01560802, 0x07161617, 0x06030606, 0x37060706, 0x26363716, 
    0xaba7fa01, 0x2f390716, 0x01d6feb6, 0x6901bb34, 0xcffd3301, 0x070c1c57, 0x2b51d616, 0x3f0d0730, 0x0d070c3b, 0x8a8946fe, 0x01407e31, 0xfe140302, 
    0xfcfd0103, 0x7f4aeee0, 0x01888b2e, 0x275b40dd, 0x48010148, 0x9f826227, 0xe8ff3235, 0xd205f504, 0x2f002300, 0x3f404200, 0x05040117, 0x82004c01, 
    0x01023033, 0x03008003, 0x03040500, 0x02006a05, 0x584d2002, 0x283809e0, 0x24254e00, 0x292b0001, 0x2f252f24, 0x0e0f1b1d, 0x2300090b, 0x07082301, 
    0x2c06905d, 0x36123637, 0x023e3724, 0x020e3337, 0x21028207, 0x5f183e33, 0xe2580718, 0x105c080d, 0x2061df9e, 0xad661b05, 0x49c00b01, 0xec071e4b, 
    0x89b36614, 0x287bbb89, 0xb8912808, 0x4bab7764, 0xfeb31b18, 0x9e7478f4, 0x73641818, 0x1718a775, 0x018a1869, 0xa321bc08, 0x7cce1101, 0x2e19050d, 
    0x42897324, 0xac4a0b0a, 0x5080489b, 0xa093e27e, 0xa2e990fb, 0xa8a29394, 0x00a68c91, 0x2432bb82, 0x58040000, 0x0e005e04, 0x20001700, 0x36403900, 
    0x5f180108, 0x672a0ad7, 0x00050500, 0x0000005f, 0xdf824d22, 0x2c05337a, 0x004e0121, 0x1a1e2000, 0x11151718, 0x2f37820f, 0x0707210d, 0x13332b17, 
    0x07163221, 0x16070606, 0x23220583, 0x0d462127, 0x56212005, 0x3a080761, 0x01b92423, 0x18d3ceda, 0x927c980f, 0xfc18128c, 0x0c01e6ce, 0x0a0a573f, 
    0xf5fe433e, 0x5d46c91d, 0x4a4c0909, 0x9f5e04c2, 0x15795a90, 0x8f6e9d0b, 0x393ce4a2, 0x3db4483c, 0x823b3537, 0x0001217e, 0x0321a782, 0x7ca782d8, 
    0x96820d2f, 0x84010121, 0x05003d90, 0x11110500, 0x2b180704, 0x03210701, 0xd8031321, 0x9131fe28, 0x04b9d4fe, 0x90fcee5e, 0x00203882, 0x04294384, 
    0x007c0507, 0x40250008, 0x20fc8322, 0x08a87a85, 0x2121df84, 0x82d98202, 0x11082b1d, 0x07051112, 0x13012b19, 0x4c840321, 0x30c80225, 0x882f0f01, 
    0x1e012350, 0x5484e2fe, 0xffffff25, 0x8350fea4, 0x26022397, 0xa782c804, 0x3b0b272c, 0x46ff54ff, 0xdc0a0601, 0xb96b0014, 0xb0462306, 0x1a822b35, 
    0xff020027, 0x04b9fe95, 0x208a82ec, 0x14fb710f, 0xfb712220, 0x1332082f, 0x07211321, 0x5e6b0606, 0x3e4e3756, 0x4f035b1c, 0xfe5dac92, 0x4bfd36e1, 
    0xae01bc36, 0x22cbfe6b, 0xb9fe592a, 0x99213602, 0x740171d0, 0xcafd91fc, 0x0f834701, 0x8a850224, 0x9082f9b4, 0xceff0126, 0x1a070000, 0x2e088f82, 
    0x40360015, 0x02010c33, 0x4c010106, 0x08010103, 0x01050601, 0x02046806, 0x22000002, 0x07090a4d, 0x21050503, 0x00004e05, 0x15001500, 0x71111111, 
    0x0b2805f9, 0x232b1f07, 0x13210101, 0x20094571, 0x05fe7103, 0x01322808, 0x01d0feec, 0x4933df57, 0x32492c01, 0x58017101, 0x2b011efe, 0x2fdca0fe, 
    0x49d4fe49, 0x0292fe30, 0xfe1a0244, 0x83b90147, 0xe6fd2703, 0xb801bcfd, 0x038348fe, 0xffff0026, 0xc0feceff, 0x26229384, 0x7082cc04, 0xda0a0724, 
    0x07825c05, 0x16000130, 0xf203f1ff, 0x2d006c04, 0x26b58700, 0x55610301, 0x682d2008, 0x022b0bf7, 0x04007201, 0x04010300, 0x68006903, 0x272206f6, 
    0xc782004d, 0x01086223, 0x05ae6500, 0x27692e20, 0x36309616, 0x01174059, 0x1b1e2000, 0x1216181a, 0x090d0f10, 0x00040507, 0x692d012d, 0x3659092a, 
    0x09155a0a, 0xcc432120, 0x07590808, 0x07161615, 0xb101020e, 0x0f53bb8d, 0x4e082601, 0x09624843, 0x5851530a, 0x6549581d, 0x3f3f0809, 0xfe0a603f, 
    0xd48912e3, 0x52af7c81, 0x64951110, 0x10117081, 0x5e0fe08f, 0x413563a0, 0x443f3748, 0x353d44b2, 0x63353e44, 0x9052589a, 0x0b79625d, 0x688e0f05, 
    0x00559661, 0x06cf4200, 0x5e04d929, 0x1e000b00, 0x82081b40, 0x010229e6, 0x0201034c, 0x014d2202, 0x4008ee82, 0x134e0021, 0x04101311, 0x212b1a07, 
    0x01231321, 0x03211323, 0x04210133, 0x6dd3fe20, 0xfecafd08, 0x6d2c01b9, 0x01310209, 0xfd920203, 0xfd5e046e, 0xff8f0271, 0xfe2400ff, 0x060405c0, 
    0x0426021f, 0x246382cf, 0x006f0a27, 0x240782c8, 0x03d90a07, 0x2073880d, 0x207382fb, 0x156b730c, 0x064d2222, 0x231f6b73, 0x24032303, 0x4b3c7b82, 
    0x01870155, 0x0116fe61, 0xd89bfe35, 0x5e044673, 0xc80138fe, 0xccfdd6fd, 0x58fea801, 0x00216a82, 0x218b8201, 0x6b8304ce, 0x3000162f, 0x01072d40, 
    0x4c010103, 0x04020d0e, 0x251a8249, 0x03010403, 0xe5820268, 0x054d2224, 0x2b750401, 0x16002805, 0x112d1600, 0x82061111, 0x079442f1, 0x0716162c, 
    0x27070606, 0x36373636, 0x78882326, 0x63018532, 0x99a145fe, 0xb6f71a19, 0x1090665a, 0x9f909312, 0xfe2d8086, 0x96fa3709, 0xca3cf99d, 0x705f8820, 
    0x41888399, 0x87840513, 0xd1042622, 0x07249882, 0x2b03da0a, 0x9f820782, 0x0500002d, 0x005e0462, 0xb5a50014, 0x8206010b, 0xb04b349e, 0x4058500c, 
    0x00020026, 0x72020101, 0x05060700, 0x43720706, 0x07240552, 0x04680601, 0x0a2bb084, 0x05050209, 0x1b4e0521, 0x820db04b, 0x8c27202d, 0x8005212d, 
    0x40212e98, 0x23298328, 0x80010200, 0x2a995885, 0x40595929, 0x00000012, 0x43140014, 0x113007ae, 0x2b1f070b, 0x03211333, 0x07333733, 0x01210133, 
    0x23230a82, 0x41372307, 0x543a0612, 0x27219b22, 0x59013401, 0xfede6dfe, 0x22408ba5, 0x4655229c, 0x38fe5e04, 0x9441c7c7, 0xcbcb2707, 0x010058fe, 
    0xf3824c00, 0xf382b120, 0x33000e25, 0x75073040, 0x67200b6b, 0x0622e182, 0x94415f00, 0x75032007, 0x0e220670, 0x32440e00, 0x07082505, 0x37132b1c, 
    0x082d9318, 0x21032329, 0x02254c13, 0x42544a4e, 0x9c290807, 0xfe4773d8, 0x7d0394d4, 0x0b0b42e1, 0x007d032a, 0xb7ff0100, 0xb2040000, 0x10217782, 
    0x0a277400, 0x824d2221, 0x0c2774e5, 0x0f001022, 0x08152774, 0x23060225, 0x36242849, 0x681d3d4e, 0xfeb96903, 0xe2fe92d3, 0xb1f04044, 0x8b9e43ef, 
    0xa2fb0302, 0xb8fe7003, 0x82f9d1fe, 0xffff2d4e, 0xc0feb7ff, 0x5e04dd04, 0xd6042602, 0x07261082, 0xe602d90a, 0x17860000, 0x8382bf20, 0xda221787, 
    0x17833103, 0x00240025, 0x825c0600, 0x0906222f, 0x230f854c, 0x8806c0fe, 0x26200f82, 0x00200f83, 0x04213f82, 0x82178591, 0x84d620c3, 0x05ab5527, 
    0x67822420, 0x4f83e320, 0x0f820920, 0xda212782, 0x08d74303, 0x82f40521, 0x000d2417, 0x822a402d, 0x03042181, 0x2a05b06f, 0x06075f01, 0x22010102, 
    0x4101054d, 0x0d20075d, 0x0c9f0c19, 0x13210324, 0xde700721, 0x02210807, 0xa1014609, 0x254a0246, 0xfe94e2fe, 0x5ffe4bd4, 0xb9d4fe4b, 0x59fe5e04, 
    0xfce1a701, 0xfec80183, 0x82628238, 0x0001255d, 0x044dfe24, 0x00299782, 0x403d0016, 0x0001023a, 0x08056001, 0x01066827, 0x4d220404, 0x686e8200, 
    0x0728051b, 0x29000001, 0x00014e00, 0x2a05d571, 0x0a0b0c0d, 0x16000406, 0x18081601, 0x870d5ea1, 0x03212584, 0x6d020207, 0x08748418, 0x01218586, 
    0x2c9a832c, 0x14b92c01, 0x124dfe35, 0x2f2b07d8, 0x838f8576, 0xa2fb249c, 0x41c3fe76, 0xfe27052f, 0x040205c0, 0x4126025e, 0xd922061f, 0x83440b03, 
    0x82c52008, 0x6b4218bc, 0x4d22220d, 0x05f54402, 0x07242382, 0x11110700, 0x2205c347, 0x83132103, 0xc504318c, 0x92d4feb9, 0xfe9270fe, 0x5e04b9d4, 
    0x7003a2fb, 0x28051548, 0x00ffff00, 0x0400004a, 0x2267825e, 0x824d0906, 0x00033a3b, 0x065efe34, 0x00d20502, 0x00210017, 0x404c002a, 0x02020049, 
    0x090c4d20, 0x073c4f02, 0x3c4f2720, 0x0a2d0808, 0x26000002, 0x0505004d, 0x224e0524, 0x01181822, 0x222a2200, 0x1823242a, 0x1c211821, 0x1415161a, 
    0x0b0c0d13, 0x0007080a, 0x0d170117, 0x0a8c6707, 0x444f3320, 0x23a2820a, 0x31133337, 0x3805e762, 0x36320301, 0x26363736, 0xa8250226, 0x1d1c63e6, 
    0xa91501b9, 0x2c013b01, 0x080d823b, 0xb81d1d6c, 0x42a8eafe, 0x2441d4fe, 0x89567701, 0x6a19115a, 0x56772502, 0x11105a88, 0x91166823, 0xadac0301, 
    0x01910401, 0x919afe66, 0xacadfcfe, 0xfe91fdfe, 0xdb8c0174, 0xa560d002, 0x02ce9865, 0x5f30fdd0, 0xa56565a2, 0xff010060, 0x044cfecd, 0x005e0485, 
    0x403c001c, 0x10131639, 0x0302040d, 0x02010103, 0x01000102, 0x01044c03, 0x12490303, 0x05f64105, 0xf6410520, 0x14152c07, 0x0e0f1112, 0x1c000507, 
    0x41061c01, 0x162007f2, 0x2405f946, 0x21012727, 0x08cb8201, 0x0121134f, 0x07161613, 0xf8010606, 0x1236424e, 0x533d1938, 0x2218070b, 0xfefcfe5f, 
    0xdea301c7, 0xff863801, 0x64fe3601, 0x0a102c96, 0x4cfee91b, 0x0906ed0e, 0x50294645, 0xaafecf4b, 0x30022e02, 0x5e01a2fe, 0xa2fed0fd, 0x9f3b9668, 
    0xff0000ac, 0x22ab82ff, 0x82c604c0, 0x03262aab, 0x000000c2, 0x03da0a07, 0x2517831c, 0xc0fe2400, 0x1783d204, 0x86e00a21, 0x88442017, 0x04c52417, 
    0x8626025e, 0x01db2217, 0x5f4a185d, 0x82ad2008, 0x00122b2f, 0x102c402f, 0x01020001, 0xf775004c, 0x20f1820b, 0x05f77504, 0x0d0e0f2b, 0x05080a0c, 
    0x01120004, 0x21e68512, 0x40503726, 0x56322005, 0x2b0805bf, 0x57020606, 0x3e23e3f8, 0x103f2c01, 0x58506d58, 0xb92d0159, 0x2a39d3fe, 0xcf430157, 
    0xfe7b01d1, 0x13506285, 0xa2fb1a02, 0x0a085501, 0x7c209384, 0xba20ab82, 0x26227b82, 0xab86e704, 0x17852c20, 0x04000022, 0x02209382, 0x01271784, 
    0x01d80a07, 0x4ad3fe57, 0xfe250539, 0x2b35b0d3, 0x05e74700, 0x82be0621, 0x09db743b, 0x034d2225, 0x74010101, 0xa38211db, 0x2b05ee42, 0xdd210321, 
    0x01922c01, 0x1f019235, 0x2c290584, 0x041ffab9, 0x0390fc5e, 0x22038370, 0x4600a2fb, 0x062105d7, 0x209384cc, 0x219385ea, 0x07823e05, 0x24000222, 
    0x67209382, 0x14206f84, 0x210f3374, 0xa3794d22, 0x01213807, 0x0c0c0c4e, 0x22130c14, 0x06202511, 0x012b1a07, 0x07163233, 0x8323020e, 0x42032080, 
    0x29080511, 0xe5cf0123, 0x131dd6dd, 0xfd93e38d, 0x2c01b9f0, 0x52e53062, 0x520c0a6c, 0xd4010352, 0x61ad72ad, 0xb5fd5e04, 0x404fdbfe, 0x77845244, 
    0x00004c24, 0x77821d05, 0x16000d22, 0x82155375, 0x0953757d, 0x0c957118, 0x21250d22, 0x88085375, 0x87132087, 0x254c3d86, 0xe5394e02, 0x131cd5dd, 
    0xfd93e28e, 0x30f094ef, 0x0b6c52e4, 0x0351520b, 0xa3fee17d, 0x03238a84, 0x8896fe7d, 0xffff278a, 0x00002400, 0x8b825106, 0xec04262a, 0x07000000, 
    0x48049302, 0x2708a384, 0x04000053, 0x006805d6, 0x001c0013, 0x0ab04b72, 0x27405850, 0x00000100, 0x04007001, 0x0708010a, 0x09670804, 0x03030206, 
    0x25070847, 0x05070700, 0xef47005f, 0x26402105, 0x01212982, 0x2c28a085, 0x14174059, 0x14000014, 0x171b141c, 0x20698215, 0x20dc8213, 0x05557411, 
    0x33371329, 0x21032113, 0x91072107, 0x1e532fe5, 0x27012cda, 0x1f77012c, 0xe51b8ffe, 0x7741d5de, 0xe99a2306, 0xed84e530, 0xa3035229, 0xfe0a01bb, 
    0x85a2bbf6, 0xfea322f1, 0x22f18770, 0x84520002, 0x84d220d7, 0x404022d7, 0x24a3883d, 0x20010100, 0xb3d1974d, 0x1f5226a5, 0x27013eda, 0x22a59d3e, 
    0x928cfe74, 0xff002fa5, 0x00c8ffff, 0x043d0700, 0x0426005e, 0x0a8211d6, 0x02ec0429, 0x000000d6, 0x82240002, 0x820e200c, 0x00123017, 0x4b8c0019, 
    0x585017b0, 0x01031d40, 0x75010801, 0x222008b7, 0x200db775, 0x050b6f1b, 0x08002226, 0x58080105, 0x00202a82, 0x40232998, 0x82030023, 0x08032426, 
    0x98010068, 0x59592925, 0x00001340, 0x13151719, 0x20090776, 0x0a07760a, 0x32334508, 0x04060716, 0x21132123, 0x32332503, 0x23233637, 0x2c01b924, 
    0x47980147, 0xd9432c01, 0x1c1bd5d6, 0xfdd5ebfe, 0x68fe4bfb, 0xdaeb024b, 0xa71613a5, 0xfe5e04da, 0xfea90157, 0xa6a7bf6c, 0xfec601be, 0x7c72ee3a, 
    0x0139eb82, 0xeaff2c00, 0x6c047e04, 0x40001e00, 0x13143d40, 0x04040302, 0x02010203, 0x10db6602, 0xbd452720, 0x4c062005, 0x013005fc, 0x11161800, 
    0x0b0c0d0f, 0x0006080a, 0x071e011e, 0x65058f46, 0xee75071d, 0x05d36608, 0x07123a08, 0x01040206, 0x02e9c9e0, 0x68031101, 0x23946e61, 0x011e9afe, 
    0x6b650164, 0xfe21895f, 0x2b013cfe, 0x5adda8c8, 0xfeb01c1d, 0xb1cb16f3, 0x906b5930, 0x8a6fb574, 0xad305666, 0x077c46c7, 0x02000028, 0xeaff2400, 
    0xab82a706, 0x25001524, 0x97419c00, 0x00212d05, 0x06040001, 0x00680401, 0x61000707, 0x23052f4a, 0x06060109, 0x23060878, 0x1b4e0326, 0x2005116f, 
    0x25289225, 0x05050108, 0x2e854d21, 0x03030022, 0x40212c83, 0x23278829, 0x4d220000, 0x02265582, 0x02020061, 0x2b914d27, 0x40595937, 0x00161716, 
    0x161d1f00, 0x00251725, 0x12150015, 0x11112326, 0x0c40180a, 0x023e2e07, 0x15163233, 0x23020e14, 0x23352622, 0x15be1803, 0xb9243b0d, 0xb9492701, 
    0x9bf1a427, 0xa356fae2, 0xf9e296eb, 0xed0249be, 0x264e7a53, 0x05845d5c, 0xfe5e0431, 0x78ce8147, 0xf787d4ff, 0xd3fd70c1, 0x18d646fe, 0x200b208b, 
    0x26008200, 0x00b6ff02, 0x446e0400, 0x312b06e3, 0x01062e40, 0x4c010501, 0x82050106, 0x010527c2, 0x04040067, 0xd6825f03, 0x2b08cb48, 0x160e0e0e, 
    0x2622150e, 0x07101111, 0x2120a482, 0x0809f975, 0x2133243d, 0x22231301, 0x16060706, 0xfeb50333, 0xfeb83fe4, 0x01b9fedd, 0x1253624c, 0xde11011d, 
    0x8dfe0302, 0x6e6ac030, 0x6b560b0c, 0x84fe7c01, 0xa32ba801, 0xfdcfab6e, 0x4c2301f3, 0x824a4647, 0x0001268b, 0x04a1fe24, 0x258b821b, 0x4038001b, 
    0x89841035, 0x88820020, 0x0105022b, 0x07000069, 0x06000601, 0x22908965, 0x51020200, 0x1b2d051f, 0x11231a00, 0x21231211, 0x2b1c0708, 0x05df5101, 
    0x07222329, 0x21132107, 0x58032107, 0x3a0806e5, 0x23040606, 0x3a246701, 0x28189c7b, 0x29389dce, 0x02b9d4fe, 0x31fe28fb, 0x588f3543, 0x1752a768, 
    0xfcfeb019, 0xe1a1fe97, 0x9cf28f94, 0xee5e04fb, 0x53496cfe, 0x968bd276, 0x830084ea, 0x07e82297, 0x2897820f, 0x40290019, 0x01010126, 0x24958249, 
    0x00050100, 0x21838269, 0x92825f04, 0x2405fe46, 0x214e0121, 0x21008211, 0x88830626, 0x8208e34d, 0x83032087, 0x32333103, 0x0e071616, 0x5a290502, 
    0x17128b70, 0x497488a2, 0x3408004a, 0x7349e803, 0x1b74fcb0, 0xfec36c0d, 0x7f2fc3e8, 0xfe7d7f62, 0x05114a49, 0x6c45fe28, 0xb650a3d9, 0x878200a0, 
    0xeaff3423, 0x05675d04, 0x3d40402d, 0x03020b0c, 0x021b1c02, 0x6c020405, 0x27201003, 0x2e09ab71, 0x014e0026, 0x15171900, 0x10121314, 0x4307090e, 
    0x02200a67, 0x5d063163, 0xe2760771, 0x06052608, 0xa9140204, 0x053359dd, 0xeac7a83b, 0x04eefe03, 0x926c5f67, 0x1e640124, 0x65039afe, 0x218b606e, 
    0xfe3c0101, 0x08e149d4, 0xadc73208, 0x8a665630, 0x9074b56f, 0xb130596b, 0x020000cb, 0xeaff2500, 0x6c043c06, 0x36002a00, 0xb04b9100, 0x4058502d, 
    0x0301230b, 0x02242907, 0x4c020300, 0x230d891b, 0x594c0205, 0x202a2085, 0x07000400, 0x69070403, 0xcb6c0200, 0x4d272905, 0x03030105, 0x08066100, 
    0x9009dd76, 0x89002022, 0x86f68621, 0x5923082d, 0x00011740, 0x26283032, 0x16181e21, 0x08090d0e, 0x2a000607, 0x07092a01, 0x20052b16, 0x12361300, 
    0x42073324, 0x322205af, 0x0b6d2633, 0x07162306, 0xd6760606, 0x22232308, 0x1a5b0627, 0x068a0809, 0xfe8b0216, 0x2be2feb8, 0x1601b91d, 0xab7826a8, 
    0xd19b1b19, 0x2c320304, 0xd8911510, 0x4eb38280, 0x5d7d1114, 0x6a2f1615, 0xaf4d3931, 0xa380ac4b, 0x0f664aec, 0x40403d0e, 0x310e0e5d, 0x01380116, 
    0x0401ae08, 0x95c0ec90, 0xa944baa0, 0x6bc18063, 0x687abd6b, 0x1f0148b4, 0x1622d617, 0x32013531, 0x515d8529, 0x55586662, 0x01000081, 0xc0fe4a00, 
    0x5e044305, 0x31000f00, 0x04002e40, 0x06540401, 0x02000001, 0x0207085f, 0x6e490202, 0x8940180d, 0x07012210, 0x05714223, 0x3b080583, 0x03372313, 
    0x6bcc2746, 0x01919101, 0x6a9e922d, 0xfc35ddfe, 0x27dd92aa, 0xfdee5e04, 0xfc70037e, 0x01d2fd90, 0xee700340, 0x03000200, 0x8405e8ff, 0x23007104, 
    0x7e002e00, 0x022021b6, 0x3a094250, 0x08020027, 0x72020303, 0x05030107, 0x03060101, 0x08006a01, 0x00610408, 0x61270404, 0x09200567, 0x28259d82, 
    0x401b4e00, 0x23298328, 0x80030208, 0x2e082a9f, 0x01194059, 0x252a2c00, 0x181c1e24, 0x0c0f1117, 0x0608090b, 0x01230005, 0x16070a23, 0x2422052b, 
    0x26373435, 0x06333726, 0x023e1716, 0x18163233, 0x08083bd3, 0x3233164c, 0x06053736, 0x023e0104, 0x23263435, 0x03060622, 0xfffee045, 0x20a3bf01, 
    0x5b3e12d9, 0x97f7ae28, 0xb06cbb76, 0x01f9abfe, 0x8455795d, 0x380e011c, 0x9bfee4fe, 0x594bc6b8, 0x4a73524d, 0x13d7f118, 0xbddd0613, 0x8a06786c, 
    0xbf1880db, 0xff3a19b5, 0xfefdffff, 0x04ef0478, 0x0507015e, 0xfec2ff2c, 0xb109008c, 0xfeb80100, 0x3f55b08c, 0x01200805, 0x00007c00, 0x5e042f05, 
    0x27000d00, 0x01032440, 0x4c010203, 0x00020200, 0x00010161, 0x044d2200, 0x080b144f, 0x1124215e, 0x2b190705, 0x13210321, 0x33360133, 0x22230733, 
    0x4a010107, 0x6a3f01ce, 0x6d04010c, 0x6f278eff, 0x50fe1a33, 0xd9fc5e04, 0xebf53202, 0x00befc31, 0xff260003, 0x06390537, 0x0026009b, 0x0034002d, 
    0x14194082, 0x2f020101, 0x0103021c, 0x03091d2d, 0x01080300, 0x01010004, 0x4c050405, 0x2205b951, 0x82020026, 0x00703020, 0x01000103, 0x00800003, 
    0x00010400, 0x83067e04, 0x00862521, 0x4d5c0101, 0x09edad18, 0x02010223, 0x3c279f85, 0x000e4059, 0x00260000, 0x11151b26, 0x0b07141b, 0x37052b1b, 
    0x21372626, 0x13171606, 0x2e088227, 0x3737023e, 0x021e0733, 0x26362107, 0x82170327, 0x04062308, 0x30430707, 0x27770805, 0x06061303, 0x01160607, 
    0xfee81eee, 0x0929011e, 0x5941646f, 0x141bbbb0, 0x1e97f39c, 0xca8e1e78, 0xdafe1260, 0x3e575905, 0x5bb87843, 0xd1fe2015, 0x61491efe, 0x5f0b0c82, 
    0x5b39465f, 0x5d0c0b6d, 0xf412b6c9, 0x0c7063db, 0x2c178a01, 0xc481a6c2, 0xb8b60874, 0x79be760d, 0xfe0c604d, 0x6c1d118b, 0xf0c47ead, 0xb901b409, 
    0x444a630d, 0x32011c50, 0x5c0c5501, 0x82504640, 0x000222b0, 0x3ef98269, 0x00d205a5, 0x0024001c, 0x0c344037, 0x1e010001, 0x13141718, 0x02070f10, 
    0x03010100, 0x834c0302, 0x00032327, 0x0e826a02, 0x044d5622, 0x0883de18, 0x1c001c2a, 0x0518111f, 0x212b190b, 0x3521ea82, 0x24e28534, 0x05171616, 
    0x23e28226, 0x05373636, 0x5108e283, 0x020e1303, 0x01161415, 0xd1bb1cd9, 0x90db954b, 0xab1d771c, 0xe2fe04cc, 0x6f423e04, 0x011a6742, 0xf9fe390e, 
    0x6e341cb9, 0x41356c53, 0xc2f916ad, 0x78c0ec7d, 0x12aca90a, 0x4d309cc4, 0x63fd0a60, 0x38486212, 0xa90bc7a7, 0x98029901, 0x55b8931c, 0x8e827557, 
    0x00010027, 0x05000046, 0x26b78210, 0x403e0016, 0x8201013b, 0x4c2a08b6, 0x08010109, 0x01030201, 0x01076802, 0x04010603, 0x67040305, 0x00020a0b, 
    0x004d5600, 0x05570505, 0x0000004e, 0x15160016, 0x00861114, 0x0b0c122c, 0x13012b1f, 0x33012101, 0x01832107, 0x13210324, 0x01833721, 0x03333208, 
    0x0190f401, 0xfe3b0151, 0xfe1de038, 0x280112d7, 0x33d7fe1c, 0xfe33d1fe, 0x3e011ec2, 0x1cc2fe12, 0xd205d5fc, 0x4702b9fd, 0x6fb12dfd, 0x01d2feb1, 
    0x2106822e, 0x9b85d302, 0x9b820220, 0xe805172e, 0x79002700, 0x021213b6, 0x4c010402, 0x2b053d49, 0x01080028, 0x72080000, 0x06020105, 0x0220ac82, 
    0x26053448, 0x03030061, 0x82074d5c, 0x60092b19, 0x0909010a, 0x1b4e0957, 0x2a832940, 0x00080123, 0x542ba080, 0x272c052f, 0x24122600, 0x24251211, 
    0x0b211311, 0xe870d682, 0x23372405, 0x44373337, 0x05240612, 0x07222336, 0x5108e784, 0x21070606, 0x21373732, 0x02210207, 0x694f0129, 0x209d1c0a, 
    0x9c111393, 0xc47f93f2, 0x02e0fe6f, 0x1720d8ab, 0xfe208801, 0x600b197e, 0x37e40140, 0x17010a09, 0xbffe360a, 0xee514bfe, 0xe49fa2c2, 0x7ab46279, 
    0xb1efbe2c, 0x5f50c1c2, 0x3838371a, 0xf784cbfe, 0xfea8ff36, 0x060c045e, 0x00230014, 0x1b0a4093, 0x09050601, 0x02020101, 0x1c23fb82, 0x18405850, 
    0x261f2bbe, 0x1b4e015b, 0x8220b04b, 0x08203529, 0x03040207, 0x04020001, 0x06006700, 0x00610506, 0x4d5e0505, 0x8307e746, 0x1e402927, 0x06000500, 
    0x69060504, 0x08472a8b, 0x23208206, 0x10405959, 0x23269282, 0x23252300, 0xbe181311, 0x1727132c, 0x13373636, 0x18333723, 0x08082dbe, 0x22232670, 
    0x03070706, 0x94da2381, 0x26b0e81f, 0x11362843, 0x42441239, 0x24a9940c, 0xf9210da9, 0x23572eb9, 0x232d1244, 0x0f0c5c47, 0xfcd73a04, 0x05c6c081, 
    0x0604ea09, 0x47510101, 0x5cd77f03, 0x0a0cc3bb, 0x460504e3, 0x01005c48, 0xecff7500, 0xd205d004, 0x3c001d00, 0x191a3940, 0x01020506, 0x16030106, 
    0x01000215, 0x00020114, 0x01004c03, 0xe0820003, 0x01048026, 0x4d560303, 0x0221a982, 0x22de8262, 0x824e025d, 0x001d2f0a, 0x1912331d, 0x2b190b05, 
    0x0f370701, 0x94823702, 0x5908ab82, 0x04020621, 0x27262223, 0x023f0713, 0x13373707, 0xf81fd902, 0xf814f824, 0x9957f922, 0x350126d4, 0xc3fed826, 
    0x33965abd, 0xab25ad6d, 0xac21aa13, 0xc0d20530, 0x7749d74a, 0xfd49d348, 0xeae202f5, 0xa8c1fee1, 0x9602080a, 0x7632d533, 0x0133d532, 0x0200001e, 
    0x00002200, 0xa7820406, 0x2100182b, 0x42404500, 0x06070109, 0x34a3820b, 0x05670007, 0x01040101, 0x02010302, 0x0a0a0067, 0x08005f08, 0x2ea68208, 
    0x03570303, 0x2100014e, 0x12191b1f, 0x680e0f10, 0x032c0921, 0x01180002, 0x160b0c18, 0x0721012b, 0x37230184, 0x83333723, 0x72132003, 0x062205b1, 
    0x535c2504, 0x03420807, 0x10eefe71, 0xfe284701, 0xd1fe21b8, 0xd22bd521, 0xd628d511, 0xb0420274, 0x161860e5, 0xfef3feaa, 0x8409016a, 0x69101095, 
    0x02effe7d, 0xc6f7621f, 0xf762f7c6, 0xd97ebc02, 0x74d28f87, 0x646674f7, 0x00820084, 0x00012f08, 0x05ecff33, 0x00e60590, 0x4055002c, 0x0a012552, 
    0x08012609, 0x03010f0a, 0x04011002, 0x0c4c0403, 0x0708020b, 0x08010001, 0x01066700, 0xcb880501, 0x00610925, 0x185c0909, 0x2208fa5a, 0x824e045d, 
    0x002c2b4d, 0x24282a2c, 0x11141122, 0x05832512, 0x1f0b0d29, 0x2107012b, 0x83060706, 0x16162ccd, 0x37363633, 0x23060617, 0x82270022, 0x373622d7, 
    0x25da8336, 0x32330036, 0x0d760717, 0x04540805, 0x25fe6091, 0x03060708, 0xfe679701, 0x718e0fce, 0x4a2f995f, 0xeb70d45b, 0xd30de2fe, 0x06038454, 
    0x55bd0807, 0x7c016097, 0x9990e7eb, 0x70618128, 0xcf033cb8, 0x2527249d, 0x7c86a222, 0xf11f4601, 0x15014243, 0x2423a2fd, 0xff9d2526, 0xf3881801, 
    0x877f4921, 0x3108e785, 0x04000067, 0x00d205e6, 0x404a001c, 0x01010547, 0x004c0102, 0x07040705, 0x02007205, 0x02000100, 0x01008001, 0x06008401, 
    0x06050700, 0x08096707, 0x30820402, 0x07835720, 0x5f000439, 0x04000103, 0x00004f00, 0x1c001c00, 0x11221111, 0x11252212, 0x821e060a, 0x062324dc, 
    0x82070706, 0x370128e3, 0x37363233, 0x82213721, 0x080582c8, 0x16230746, 0x55a80407, 0xbddc309f, 0x02640107, 0x71feb0fe, 0x8462f61d, 0x5404fe22, 
    0x6610c201, 0x64f2fe5e, 0xd758c803, 0x61040122, 0x24b48cc8, 0x0ddcfd04, 0x50b25402, 0x4037c843, 0x5e47ccfa, 0x82000200, 0xa8050000, 0x073daf82, 
    0x34000b00, 0x04003140, 0x075f0504, 0x56050501, 0x0001024d, 0x065f0300, 0x59030301, 0x36b3824d, 0x084e0157, 0x08000008, 0x0a0b080b, 0x00070009, 
    0x11111107, 0x82190b08, 0x0321259b, 0x37211321, 0x373e9c82, 0xfe296c05, 0xd0fe9133, 0x293dfe90, 0xfb28fd04, 0x6404293f, 0x0396fcfa, 0x6e01fa6a, 
    0xd782fafa, 0x2a000326, 0x110aeaff, 0x23086f82, 0x00510035, 0x4bbf015c, 0x585010b0, 0x010e1540, 0x13140307, 0x40070e02, 0x000c023f, 0x0102292a, 
    0x1b4c040c, 0x0d231793, 0x52594c04, 0x363f050a, 0x0f020400, 0x00720403, 0x0001100e, 0x69000e0c, 0x020f0f00, 0x0202005f, 0x0a0b4d56, 0x82070702, 
    0x020521bb, 0x0d2abc83, 0x010c0c01, 0x02080961, 0xc4820101, 0x72851b20, 0x3d833720, 0x0f040223, 0x203eb180, 0x20b18217, 0x253e883e, 0x000d000c, 
    0x46a10d0c, 0x0d0d0022, 0x2420848c, 0x42204582, 0xc38245b1, 0x4a824d20, 0x0961082b, 0x5d080801, 0x401b4e08, 0x7544a74d, 0x1c4106d3, 0x41052006, 
    0x4f8c08d8, 0x00825920, 0x01274035, 0x545a5c00, 0x3b424452, 0x3336373a, 0x272c2e32, 0x6c161825, 0x2c080763, 0x02030406, 0x35013500, 0x2b160b11, 
    0x21032301, 0x16162113, 0x21373317, 0x36073307, 0x03203336, 0x27263605, 0x06070606, 0x1e171716, 0x064e6502, 0x0606172b, 0x26262223, 0x06231337, 
    0x25338204, 0x32331606, 0x0c512633, 0x282f8207, 0x2e272726, 0x05363702, 0x068f5733, 0x23231709, 0x586d2102, 0x01f7cefe, 0x03ebed9f, 0x2d012767, 
    0x4819c527, 0x7f018ce3, 0x01ebfe04, 0x69414557, 0x34430909, 0x3e7b4acc, 0xec9e1410, 0x32a77789, 0x546e1404, 0x12428858, 0xfe3f6d61, 0x9da303d2, 
    0x2e3c0b5c, 0x010a0606, 0x63052301, 0x086f4749, 0x0a27400a, 0x7e51ba04, 0xfb0b0f3f, 0x73586c55, 0x1d090a3f, 0x026b585d, 0x05eefd12, 0xa3d001d2, 
    0x4d93eeee, 0x15b8fe54, 0x01014339, 0x3030313a, 0x45112b0e, 0xa178617b, 0x4d373c52, 0x8f4c1707, 0xa2560262, 0xfd7301d1, 0x2b2749d4, 0x494d1b31, 
    0x253a303a, 0x2d02020a, 0x5d7f4d14, 0x704a4042, 0x3f623637, 0x00040000, 0x05000070, 0x00d205df, 0x0023001c, 0x002f0029, 0x125d4060, 0x0103070c, 
    0x0002080e, 0x6700010d, 0x09000d00, 0x67090d0a, 0x040f0f00, 0x0404005f, 0x060b4d56, 0x03020202, 0x0510135f, 0x59030303, 0x0a01114d, 0x4e0a570a, 
    0x1d1d2a2a, 0x2f2a0000, 0x2c2e2f2a, 0x24262829, 0x231d231d, 0x56822122, 0x191b1c28, 0x12111411, 0x00821121, 0x1f0b1425, 0x4513332b, 0x17270abb, 
    0x06230733, 0x83070607, 0x23042d06, 0x36010323, 0x21373637, 0x32330307, 0x012b0682, 0x23232626, 0x89768307, 0x82148918, 0x3d4e0803, 0xe6e9f501, 
    0x87189809, 0x06050603, 0x489a1887, 0xb8eadcfe, 0x0641023a, 0xfe030506, 0xbc2c144d, 0xfe23735a, 0x10dc0168, 0x13bb5a60, 0x7892c602, 0xb2700192, 
    0x1f1e92be, 0xbb921c1f, 0x03a2fead, 0x21201b58, 0xf8fe781c, 0x9c013e38, 0xe749373e, 0x00512406, 0x82e30600, 0x001330ff, 0x05304033, 0x01000101, 
    0x0608094c, 0x82030403, 0x00042209, 0x075a4468, 0x5701012b, 0x00004e01, 0x13001300, 0x33008311, 0x0a111113, 0x012b1e0b, 0x21012103, 0x21030701, 
    0x33132313, 0x0805435f, 0x0c060131, 0x0155fe2b, 0xfe93fe95, 0xfe40daa6, 0x2bd970d0, 0x31015cd8, 0x65026a5d, 0x94fd9001, 0xfffea403, 0x4b025dfd, 
    0x027bfec6, 0x020101a3, 0x83d2fd2e, 0x265a8203, 0x005b0006, 0x829f0800, 0x001f348b, 0x00270023, 0x002f002b, 0xb6ff0033, 0x03022d32, 0x444c0102, 
    0x2e080544, 0x0d0f1834, 0x0009040b, 0x14570900, 0x04071012, 0x161b1701, 0x02050406, 0x67020103, 0x1913151a, 0x00060811, 0x0e5f0a00, 0x0a0a020c, 
    0x4b054d56, 0x1b27054c, 0x5015b04b, 0xa23e4058, 0x21438831, 0x69855f09, 0x88590921, 0xb4402045, 0x5928087c, 0x2c3a4059, 0x2028282c, 0x31000020, 
    0x2c2f2c30, 0x282b282f, 0x27292a2b, 0x20242526, 0x22232023, 0x001f0021, 0x1c1d1e1f, 0x0897bd18, 0x00871120, 0x1f0b1c2d, 0x2307012b, 0x23073307, 
    0x84032101, 0x33372203, 0xd4661827, 0x21133108, 0x05032113, 0x05373317, 0x21213733, 0x01273307, 0x50080b82, 0x33172321, 0x931b5308, 0xe01ab538, 
    0xc8fef4fe, 0xeafed845, 0xe03fc9fe, 0x930db61a, 0x012a681b, 0x5901281a, 0x2c1901b6, 0x01b35801, 0xa0fdb51a, 0xfb36c10d, 0xfe38c0b4, 0x391302fb, 
    0x2a010f7e, 0xfc4e0b13, 0x0d116ba8, 0x80a02e04, 0x0292fda0, 0x8203836e, 0xa401230a, 0x03875cfe, 0x8480a021, 0xe0fe2800, 0x00b3b5b5, 0x4b000100, 
    0x2f28078f, 0x17b69500, 0x06040216, 0x3d078f4b, 0x010c0032, 0x720c0000, 0x08040107, 0x04020301, 0x01096703, 0x01010a02, 0x6701020c, 0x794a0600, 
    0x4d5c2205, 0x2b23820b, 0x010e600d, 0x0d570d0d, 0x33401b4e, 0x01233483, 0xaa80000c, 0x40593d35, 0x0000001a, 0x2c2e002f, 0x2327292b, 0x11202122, 
    0x11242512, 0x21131111, 0x2b1f0b0f, 0x4b0aab4b, 0x212314af, 0x4b072107, 0x220810b3, 0x9d18a50b, 0x8e189611, 0xf09b1109, 0x72c67f91, 0xab02e0fe, 
    0x010b20d8, 0x66fe189f, 0x18950113, 0x4b0670fe, 0x5b2e10bd, 0x488f918f, 0x6278e3a1, 0xbe2c7bb3, 0x0d8257ef, 0xc14b2e20, 0x03320809, 0x0000d4ff, 
    0xd205dd05, 0x1b001700, 0x4f002200, 0x011f4c40, 0x4c010100, 0x03020e10, 0x0b0f0d00, 0x00040303, 0x0a0c6803, 0x07090402, 0x04060502, 0x1d826705, 
    0x084d5634, 0x57060601, 0x1c1c4e06, 0x221c0000, 0x1a1b221c, 0x41821819, 0x15161723, 0x058a4314, 0x00831120, 0x132fe582, 0x21012137, 0x23072113, 
    0x23073317, 0x82032113, 0x83132001, 0x211727ee, 0x26252127, 0xe1822726, 0x17543a08, 0x57010701, 0x017d8f01, 0x1fd61708, 0x4268189b, 0xfd3bb9fe, 
    0xa2feadf5, 0x9d186bb6, 0xab01fe54, 0x01c1fe1b, 0x0b170c29, 0x022b5b31, 0xa402919d, 0xa6915cfd, 0x019bfe92, 0x08038365, 0xa6a69226, 0xdb6091a6, 
    0x62db787a, 0x02000000, 0xecffa800, 0xe6058405, 0x2d001600, 0x51405400, 0x09060700, 0x80090706, 0x32073849, 0x0009010b, 0x0a09050a, 0x04050067, 
    0x05020001, 0x820c6700, 0x610827ca, 0x5c080800, 0x8718004d, 0x183d09c0, 0x26272817, 0x1e232425, 0x17191a1c, 0x112d182d, 0x24122215, 0x1c0b0d10, 
    0x0621012b, 0x05446407, 0x0406212a, 0x37262221, 0x23373636, 0x2222e682, 0x87182107, 0x332408e5, 0x21372107, 0x5d081782, 0x2e052636, 0x0d4536fd, 
    0x5b5b5f0a, 0x3801137c, 0xfee4fe2e, 0x1ce1f6fe, 0x861f2b07, 0xfe88041f, 0xfe1cae24, 0x0f012acb, 0x1bdde4ea, 0x951d2b06, 0x2279fb22, 0x2b20bc02, 
    0x014d0a06, 0x414c3bf0, 0xd1554645, 0x2aa8bec1, 0x02c82351, 0xcbb98a34, 0x4e2a9eb9, 0x1acece21, 0x3e352841, 0xe3820500, 0x06002808, 0x00d20541, 
    0x0023001b, 0x0033002c, 0x40620038, 0x0901305f, 0x0301370a, 0x154c0202, 0x0b0d1412, 0x0f110905, 0x82000308, 0x10682df6, 0x0103070e, 0x03040613, 
    0x02010302, 0x8d44f782, 0x2d2d310a, 0x34350000, 0x332d332d, 0x24252829, 0x1c1d2021, 0xfc435482, 0x43162011, 0x032009fc, 0x2409cc41, 0x13333723, 
    0x32018321, 0x27330103, 0x06232726, 0x36330507, 0x17233737, 0x41011616, 0x510805e3, 0x17162301, 0x172d0636, 0x17461c47, 0xaefe5147, 0x51affedf, 
    0x7950c8fe, 0x781b7b17, 0x015a7a17, 0x2e01f952, 0x5a38015a, 0x18f6f9fb, 0x0895161b, 0x72250208, 0xd3040a0a, 0xfe160b1d, 0x101d0e55, 0x02050905, 
    0x10122e65, 0x92b20305, 0x1afe92a8, 0x0383e601, 0x02230a82, 0x83e0fd20, 0xfe3c0803, 0x3a3a34c6, 0x55352b48, 0x1840193a, 0x261e0134, 0x572f3257, 
    0x3c34fe29, 0x03003d3f, 0x37ff7100, 0x9b06de05, 0x25001c00, 0x40002a00, 0x141e3d40, 0x01000202, 0x0001004c, 0x02008501, 0x02282182, 0x01078003, 
    0x86050405, 0x06270b82, 0x68060304, 0x52000000, 0x0023070e, 0x82292a00, 0x141c263a, 0x18111514, 0x05e55108, 0x34110025, 0x51241212, 0xe48207de, 
    0x0721032d, 0x07040206, 0x0e130307, 0x82141503, 0x366008ed, 0x66022137, 0xe4fef81f, 0x2101ce6f, 0x1e781eb2, 0x047add8e, 0x6d0ccafe, 0x4202495f, 
    0xfebf1f20, 0x2d1face2, 0x6ea168a3, 0x83f88e39, 0xe7fe19b0, 0x0115b8c9, 0xb308013f, 0x01014501, 0xbab6079a, 0x8ad4820f, 0xfe0d765f, 0xfebac446, 
    0xb60a98f3, 0xd403c601, 0xd5b47a10, 0x08ae9b6c, 0x007aa314, 0x4220d784, 0x8c20d782, 0x303ed382, 0x60003800, 0x27295d40, 0x05090301, 0x03072f32, 
    0x082c0900, 0x1a010802, 0x02031517, 0xe9830408, 0x00082008, 0x0b800801, 0x06000901, 0x070a5909, 0x00000602, 0x67000601, 0x01040800, 0x63030803, 
    0x82050500, 0x02022eef, 0x2b4e025d, 0x2b00002b, 0x2e302b30, 0x3558822d, 0x1418132a, 0x14161313, 0x2b1d0b0c, 0x16160701, 0x27342107, 0xdc823601, 
    0x0606a608, 0x23222304, 0x26372307, 0x13070727, 0x34350226, 0x33241212, 0x37373332, 0x37171607, 0x17160101, 0x01012601, 0x1415030e, 0x6f625605, 
    0xcbfe057b, 0x6ca4fe27, 0x350124a7, 0xdbfec628, 0x420809b7, 0x46504560, 0x77666255, 0x01d57286, 0x0606ba2d, 0x4f446540, 0xb0fe5245, 0x563e88fe, 
    0xfd3e7801, 0x635901ea, 0x06346898, 0xe241f88c, 0xfc3e579c, 0x68831297, 0xa696f18b, 0xd51c0bae, 0x4a020104, 0xb6b70701, 0x03014b01, 0xad04a296, 
    0xfed11a0a, 0x264ffc4b, 0x25b40304, 0x650393fc, 0xd0b37e16, 0x00008f68, 0x08fb4102, 0x27001e32, 0x0b407500, 0x02021420, 0x04011500, 0x4b4c0203, 
    0x5e06cd65, 0x0542050c, 0x03002206, 0x27028204, 0x0501067e, 0x71050404, 0x220a0542, 0x4225401b, 0x288a0c2e, 0x8a860521, 0x40592227, 0x270d820e, 
    0x131e001e, 0x18111517, 0x42061454, 0x34230d2e, 0x41032726, 0x30420642, 0x02550808, 0xfeed1f5e, 0x01cc6ce1, 0x781eb21e, 0x78e0951e, 0x78cbfe05, 
    0xa66ca268, 0x26350124, 0xaaf0feb8, 0x68a22c1f, 0x8c366c9e, 0x0115b8c9, 0xb10f0139, 0x01014401, 0xb9b6089b, 0x9be1830e, 0xfc0c866e, 0x6883122c, 
    0x0a99e984, 0x03c601b7, 0xb57d12d3, 0xa99b6ad4, 0x2ab18200, 0x05ecff54, 0x00e605c3, 0x5b83002f, 0x143605a4, 0x04021c1d, 0x02002903, 0x0c260400, 
    0x0501080b, 0x4c030001, 0x1683401b, 0x168f0520, 0x32855920, 0x48821c20, 0x5900043d, 0x02030300, 0x02020061, 0x01054d5c, 0x61010404, 0x5d010100, 
    0x401b4e01, 0x8205001d, 0x00052220, 0x20208969, 0x2d1f8900, 0x24094059, 0x2a262616, 0x1c0b0623, 0x3c4f012b, 0x82072006, 0x060523ff, 0x4f180406, 
    0x32200840, 0x5b054354, 0x8008051f, 0x07211317, 0x33363633, 0x3f051632, 0x22340b86, 0x160f8865, 0x01288351, 0xfeda4124, 0xfec397ed, 0x272877ed, 
    0xc35001e7, 0x0c92ef99, 0x9e0ed5fe, 0x2af7a27b, 0x615f5320, 0x0a190701, 0x2b569626, 0xef520351, 0x598a0f06, 0x5a741888, 0x6fd79b26, 0xf15501b5, 
    0xb75701f1, 0x269bd973, 0xfef0817b, 0x022be3c1, 0x55549b4f, 0x00010015, 0x050000bc, 0x00d205a7, 0x40270017, 0x0d0e1724, 0x0304090a, 0x24d98207, 
    0x0101034c, 0x060a4e01, 0x0000002e, 0x114e0057, 0x04171911, 0x012b1a0b, 0x2005a051, 0x07965121, 0x37213208, 0x03210721, 0xd61a6104, 0xd41bd519, 
    0x42cefe55, 0x19db16d8, 0x40da19da, 0x042a38fe, 0x39fe2ac1, 0x9b1e042c, 0x9a51984f, 0x01fcfd4f, 0x5294508b, 0x2503829c, 0xfdfd8201, 0x5982f8fe, 
    0x05002b08, 0x5efe0d00, 0x8c067a0b, 0x37002300, 0x53004700, 0xd8006000, 0x090c1440, 0x60090502, 0x0c080238, 0x080d0135, 0x0d000121, 0x764e4c04, 
    0x00452605, 0x02030302, 0x28bc8270, 0x0c01080c, 0x09090069, 0x054e5403, 0x0b0b003b, 0x05006105, 0x104d5f05, 0x0808020a, 0x04066100, 0x0000030e, 
    0x0d004d5d, 0x290c890d, 0x0707010f, 0x1b4e075b, 0x47824440, 0xbe850221, 0x59380846, 0x48492b40, 0x00012424, 0x56585c5e, 0x53484d4f, 0x42455349, 
    0x37243a3c, 0x30323724, 0x1d1f282a, 0x11121316, 0x23000507, 0x0b112301, 0x22052b16, 0x36363726, 0x13173233, 0x2206e669, 0x82072137, 0x1204240e, 
    0x52060707, 0x062405ed, 0x36130106, 0x3110e579, 0x32331616, 0x36373712, 0x22232626, 0x05060307, 0x0b823632, 0x20052d42, 0x9d471825, 0x08148208, 
    0x964001cb, 0xd317179d, 0x6c343e9b, 0x11448640, 0x22479f5b, 0x331d1d01, 0x3b01fd31, 0x2607247b, 0xb0dafecb, 0x3d36a585, 0x9fd604aa, 0x0b01ac1d, 
    0x5cdca2aa, 0xe4a21e1e, 0x40745b81, 0xfb620a0d, 0x596b2e62, 0x0727c695, 0xaebb351a, 0x048d322c, 0x9975ea05, 0x765a181a, 0x19199d73, 0x1665f95f, 
    0x4c372033, 0x3735090a, 0x140c483d, 0xad8b8ea6, 0x0b90020f, 0x17d9141f, 0xacd00d24, 0xb0febf03, 0xfee22cd9, 0x4160b5b4, 0x72fe5c45, 0x01b0c003, 
    0xfe8c940a, 0xfdb0b8fa, 0x2d5b3e88, 0x1603abfd, 0x0e015c3d, 0xe79e2de6, 0xaffc037e, 0x96bcb21b, 0x98b4ba92, 0x1788ba98, 0x383a3e1b, 0x0049613c, 
    0xff210001, 0x05d60682, 0x002b0000, 0x057c43ab, 0x232a0c2e, 0x00020301, 0x02010114, 0x401b4c02, 0x07200e85, 0x59200e85, 0x3905444c, 0x0104001f, 
    0x0a710401, 0x01050901, 0x02090102, 0x02070869, 0x4d5f0000, 0xae500306, 0x50242408, 0x821e4058, 0x86042126, 0x40212599, 0x20208f22, 0x23458301, 
    0x59070700, 0x59244a88, 0x00124059, 0x2b339d83, 0x24131124, 0x14231312, 0x1f0b0b23, 0x3607012b, 0x18323336, 0x230daf5a, 0x01230337, 0x2106a441, 
    0xd1432103, 0x17590808, 0x74450537, 0x613a6d2f, 0x751a3e90, 0x1176d3fe, 0x69574553, 0xddfe7210, 0x01dba51a, 0x541103d7, 0x11774548, 0xbad4fe73, 
    0x0a162601, 0x3e69a733, 0x0577215d, 0x1c17c700, 0xfd9cbb54, 0x61c3023f, 0xfd5b6654, 0xe2fea049, 0x62102f03, 0xfd655c55, 0x875e0449, 0x1c1f583d, 
    0x2f9682cf, 0x37000200, 0x27070000, 0x0d005e04, 0x70001b00, 0x35054141, 0x02040027, 0x01040201, 0x05010080, 0x7e050102, 0x00020200, 0xdb82065f, 
    0x004d5931, 0x60030505, 0x03020708, 0x4e035703, 0x8f2b401b, 0x06062129, 0x2e832382, 0x00000022, 0x59382d8e, 0x0e0e1040, 0x1a0e1b0e, 0x11122113, 
    0x09201323, 0x132b1d0b, 0x07163221, 0x3625ec82, 0x03212726, 0x08f48221, 0x32210347, 0x21133736, 0x23060603, 0xccfe02f1, 0xfe3d1d9d, 0x2d0a3ed9, 
    0x924bfe4e, 0xb001dafe, 0x5527017c, 0x4a47b501, 0x2701790c, 0xccde1d7a, 0xafc55e04, 0x76018afe, 0xfc014243, 0xfee90290, 0x02493c05, 0xae23fddd, 
    0x277e82c5, 0x28000100, 0x77050000, 0x1931db82, 0x1c401f00, 0x03050815, 0x4c010300, 0x59030300, 0x2fdf824d, 0x00570000, 0x1515164e, 0x1a0b0410, 
    0x3721212b, 0x89828382, 0x07060623, 0x080b8207, 0x37241258, 0x16072137, 0x05071216, 0x1cdbfe3b, 0x65584d1c, 0x6865dafe, 0xfe1c1c98, 0xb01f1cdd, 
    0x2a9a0101, 0x902a2601, 0xab204fc4, 0xfd2fdea8, 0x2e6202a0, 0xa7abaadf, 0xb92401be, 0x1ffdfd1f, 0xbeddfeba, 0x2a00ffff, 0x2409eaff, 0x2600d205, 
    0x00008001, 0x48030700, 0x0782e804, 0x36000122, 0xc7209782, 0x2c311782, 0x0d407c00, 0x01021e25, 0x02092c07, 0x02010003, 0x05f17f4c, 0x00282b08, 
    0x06010607, 0x02097207, 0x03010002, 0x80030001, 0x06010100, 0x0601085f, 0x054d5606, 0x04030301, 0x0404005f, 0x1b4e0457, 0x2a852940, 0xa0800121, 
    0x40593b2b, 0x1228290e, 0x11111822, 0x10221226, 0x2b1f0b0a, 0x26132301, 0x03072223, 0x3a521323, 0x82212005, 0x37332ef9, 0x36372626, 0x33373700, 
    0x32333607, 0x08068217, 0x07121677, 0x27263621, 0x46aa0404, 0x1c1e1d1b, 0x423caa46, 0x8f22155b, 0x264502d3, 0xa4260ffb, 0x162f4604, 0xc7140128, 
    0x1c18ab1c, 0x181c1d1c, 0xaab11da9, 0x16e0fe29, 0xaf023422, 0x0303a501, 0x64015bfe, 0xd282aa2f, 0xefef01f6, 0x8ae9540a, 0x3c3f01eb, 0x02028cac, 
    0xfe3dad8c, 0xae83f3ba, 0xffffff31, 0x050000b9, 0x00d2052d, 0x38890026, 0x0a070100, 0xfe7cffd6, 0x0623683d, 0x35b03d23, 0x2d1e822b, 0x46ff2a00, 
    0x8c063605, 0x1e001700, 0x29822200, 0xa6002d29, 0x01280a40, 0x820d0b0a, 0x4c023130, 0x500eb04b, 0x00354058, 0x02010102, 0x05010d70, 0x713c3282, 
    0x0f010103, 0x0a0b020c, 0x006a0b01, 0x020e090a, 0x070a0607, 0x06010869, 0x59060000, 0x062b0682, 0x01046100, 0x51000600, 0x8233401b, 0x85022137, 
    0x05213683, 0x3a35a786, 0x27244059, 0x00181827, 0x272d2700, 0x2425262d, 0x20212223, 0x181e181f, 0x82191a1e, 0x2c1722a4, 0x33008211, 0x2b1b0610, 
    0x13213705, 0x07333721, 0x06071616, 0x1e150706, 0x042f8682, 0x13072323, 0x37363603, 0x33012636, 0x82372313, 0x86052003, 0xe279080e, 0xf729fe1f, 
    0x781fd601, 0x1cd6f11f, 0x5377b914, 0x1b134387, 0x30fbdffe, 0x7a438b1f, 0x6c0e0e87, 0x43a532fe, 0x3ea523a5, 0x3e1d01a5, 0x0b0e7c51, 0x05baba4d, 
    0x02babad2, 0x9b7dace2, 0x5e040c1a, 0xddab73a7, 0xfe4903ba, 0x5674066d, 0x6dfe6b57, 0x01d19401, 0x8dfe0179, 0x45546e0e, 0x00030058, 0x0546ff2a, 
    0x008c0633, 0x0027001e, 0x408f0030, 0x0c010b0a, 0x0a011101, 0x07e0490b, 0x01042f22, 0x32054441, 0x00060208, 0x00710600, 0x090a000b, 0x00670a0b, 
    0x18010c0c, 0x2e07f068, 0x5f000909, 0x00020507, 0x4e005700, 0x832d401b, 0x85022231, 0x2130830d, 0x2f9f8606, 0x1940592c, 0x2e300000, 0x2527282a, 
    0x86821f21, 0x11111e22, 0x11250282, 0x0b0e1111, 0x082c411e, 0x30413320, 0x0707260e, 0x07233723, 0x10747503, 0x1f280131, 0x01f7e3fe, 0x1f771f1c, 
    0x20781f9f, 0x4119a8c1, 0x1a250633, 0x1fe7f6fe, 0x33148278, 0x8800011a, 0x6f0e0e96, 0x23e8fe70, 0x119e61e8, 0xff6c5b0c, 0x24053241, 0xd917c0ba, 
    0x0734419a, 0xdaa32308, 0xbababb0a, 0x5b76b501, 0x73d16b58, 0x005a4a62, 0x41000200, 0x6105ecff, 0x0c00e605, 0x2d001800, 0x22192a40, 0x7b08169b, 
    0x00010d0e, 0x180d1214, 0x0608180e, 0x0c010c00, 0x2b160b06, 0x13022005, 0x33241236, 0x02031220, 0x12322700, 0x23023637, 0x06070222, 0xfe530212, 
    0x283bf7e5, 0xbc2901c7, 0x3bf81901, 0xf183fe3c, 0x2829bf8b, 0xc1888b66, 0x1467282a, 0x6a019201, 0xb65601f2, 0x96fe6dfe, 0x6efe95fe, 0xf50b01fd, 
    0xfe0d01f4, 0xfef5f8f6, 0x000000f6, 0x00a30001, 0x05870300, 0x000700d2, 0x051d4020, 0x01205d82, 0x21054878, 0x1e824d56, 0x4e005722, 0x25080582, 
    0x11070007, 0x2b170b03, 0x13210301, 0x25130523, 0xfef78703, 0xfe0acbd0, 0x70012e82, 0x2efad205, 0x01f1c504, 0x4b82e717, 0x00001f24, 0xdf82f004, 
    0x2e001c24, 0x0f822b40, 0x01000324, 0x40828003, 0x8206b54a, 0x5f0427ef, 0x04040105, 0x56830457, 0x1c001c2e, 0x27122328, 0x2b1a0b06, 0x36013733, 
    0x20075048, 0x053a5d21, 0x0e074308, 0x07050702, 0x251f0721, 0x8a776102, 0x636b110e, 0xfe129d68, 0xf6a018dd, 0x6ae29e9b, 0xc3590e16, 0x02f9feae, 
    0xdc296e02, 0x9764ef01, 0x7c6d645b, 0x76d6916d, 0x5481c771, 0xde8bc7a3, 0xff00fb0b, 0x8f8600ff, 0x0526022d, 0x01000020, 0x00430b07, 0x44a6fff3, 
    0xff240507, 0x2b35b0a6, 0x00251482, 0x05ecff38, 0x32b38201, 0x404e002d, 0x0301264b, 0x004c0104, 0x05040506, 0x82800406, 0x030226bd, 0x00800201, 
    0x0d227504, 0x184d5c21, 0x2208195e, 0x744e005d, 0x694914ee, 0x19262005, 0x1809ee11, 0x220cbd52, 0x18363621, 0x4308054f, 0x760805c7, 0xa23c0204, 
    0x011475ed, 0x69800a33, 0x100f9f6e, 0x268a8182, 0x0f9c6b8a, 0x6361640e, 0xdafe109d, 0x0001aa17, 0x64d69997, 0x81b61513, 0x178aa001, 0xf1feaf15, 
    0x81c66f14, 0x5b706554, 0x6ee3755d, 0x676b565a, 0x6ec47f56, 0x7e75bd70, 0x150b18a7, 0xc5808abc, 0x00000070, 0x00350002, 0x05060500, 0x000a00d2, 
    0x4033000f, 0x01010c30, 0x074c0100, 0x06010205, 0x82020204, 0x826820dd, 0x07675c25, 0x000b0b27, 0x0b0f0b00, 0x082c820e, 0x11110a3e, 0x0b081211, 
    0x37132b1a, 0x33032101, 0x21032307, 0x23133713, 0x27350701, 0x7f011303, 0xba29baa2, 0x2cdbfe2c, 0xfe0c6b2e, 0x09010208, 0xfcd803f1, 0xf7fef62d, 
    0x02f60901, 0x0c89fd83, 0x00275482, 0xff340001, 0x82e504ec, 0x00222f7b, 0x17464049, 0x12060301, 0x03010211, 0x58414c02, 0x00062a08, 0x03060103, 
    0x05050069, 0x05475704, 0x02020024, 0xd5186100, 0x1070080e, 0x06457605, 0x22012223, 0x11564108, 0x07062226, 0x07211325, 0x4867a282, 0x02420809, 
    0x70e1991e, 0x0a2a0112, 0xb26f606e, 0x71731413, 0xfe2a8d42, 0x8603c9f7, 0x6577fd2a, 0x60a03108, 0x1859c387, 0xf7fead19, 0x7fc67114, 0x78936d57, 
    0x2d359578, 0xfc0e0330, 0x463687fe, 0x968fdd7e, 0xbf8584e9, 0xecff5024, 0xbf820105, 0x4c002428, 0x01194940, 0xbf8f0703, 0xbf820720, 0x69030728, 
    0x04040106, 0xc5825f05, 0x19425620, 0x1c1e270e, 0x15161718, 0xc2861314, 0x24012423, 0x21c29609, 0xc48f3723, 0xe19a3a2f, 0x2901126f, 0x6f616e0a, 
    0x731314b1, 0x29c48370, 0x2a7e89f6, 0xfd2a1b04, 0xc6826677, 0xc3866123, 0x20c6835a, 0x22c68cf6, 0x8efc1202, 0x000222c7, 0x08c78254, 0xe6051f20, 
    0x2d001f00, 0x46404900, 0x04060114, 0x02004c01, 0x02030403, 0x04008004, 0x04050600, 0x8d446906, 0x01082309, 0x85410505, 0x20213508, 0x26280001, 
    0x2d212d20, 0x10121719, 0x080a0d0e, 0x1f011f00, 0xa367c687, 0x07162707, 0x23262621, 0x364e0222, 0x07162506, 0x27040606, 0x2005075a, 0x05a67123, 
    0x60026808, 0x3a93cd72, 0x01c52a22, 0xd993b723, 0xd3fe0574, 0x94566205, 0x440a25cb, 0xc58478c8, 0xa819185e, 0x4a9cfcfe, 0x140c5d84, 0x854c706f, 
    0x70110c5c, 0x01aa4b14, 0x01fbcd18, 0xc473bf66, 0xff59517a, 0x6d63dc00, 0x978cda7c, 0x46f285e9, 0x9b704c79, 0x6e4a7949, 0x0000009c, 0x004c0001, 
    0x05f60400, 0x000700d2, 0x191c401f, 0x2009bf01, 0x71a31803, 0x07240808, 0x21110700, 0x2b180b04, 0x21370133, 0x01032137, 0x0237034c, 0x042a37fd, 
    0xc6fc2a10, 0xfc0acc04, 0x2efb00ff, 0x003d3882, 0xff2f0003, 0x050e05ec, 0x001f00e6, 0x0037002b, 0x17424045, 0x04030208, 0x01084c01, 0xb99b1804, 
    0x61012508, 0x5c010100, 0x0afb4b18, 0x4e005d36, 0x20212c2d, 0x31330001, 0x372d372c, 0x2b202527, 0x0f112b21, 0x240b2941, 0x37023e37, 0x0cc56737, 
    0x021e0722, 0x4b062641, 0x062206a5, 0x564d1316, 0x0269080a, 0x7cf9a74b, 0xa26f0f14, 0x7572015d, 0xf39d1314, 0x72e19595, 0x78b41513, 0x3d805601, 
    0xfeab1410, 0xa57296f4, 0x6e781010, 0x1012a96d, 0x9360e373, 0x60660f0e, 0x0f109160, 0xbf6d1466, 0x689d5d79, 0xb719090f, 0x68b5747a, 0x7b73b568, 
    0x0f0919b7, 0x795e9d69, 0x79e26dbd, 0x7d7f6262, 0x027b6163, 0x5a59739c, 0x5a5b6c6d, 0x28f88272, 0xff4f0002, 0x051a05ea, 0x29f782e9, 0x4049002e, 
    0x03010b46, 0xa8430105, 0x01083008, 0x01030005, 0x00690305, 0x61040606, 0x45040400, 0xa9430602, 0x2df98306, 0x2e202729, 0x16182e21, 0x07090e10, 
    0xf98c0405, 0x3c4e2120, 0x5c232005, 0x362b063f, 0x1e172436, 0x06071202, 0x42030402, 0x26200522, 0x08072342, 0xe0933d5d, 0x2d01067b, 0x93586405, 
    0x440a25c9, 0xbd8579d8, 0xa9191755, 0x71a70801, 0x223791cb, 0xe3febe29, 0x5a824851, 0x692f0d0c, 0x5981484b, 0x1676120c, 0x517bc674, 0xde01015d, 
    0xda7d6f62, 0x88eb948c, 0xaa4d0101, 0xfbcbe8fe, 0x02c098fe, 0x4a7848f5, 0x46497949, 0x9a6f4c7a, 0x47030000, 0x142b0a7f, 0x35001c00, 0x13163240, 
    0x4b020312, 0xd34105c3, 0x01053606, 0x61000202, 0x00000104, 0x0e4e005d, 0x1900010d, 0x0e140d17, 0x1b894714, 0x16012724, 0xc2820127, 0xd1820220, 
    0x2d148d47, 0xf8fd1a20, 0x07027736, 0xc1885736, 0x93471f2a, 0x7dc33214, 0xc63afafc, 0xfe370403, 0x00bef8f6, 0x00010000, 0x24b082b7, 0x00d20574, 
    0x05d36b0b, 0x01010023, 0x2715824c, 0x00010300, 0x0202006a, 0x2e0b1366, 0x120b000b, 0x0b051321, 0x13212b19, 0x60230606, 0x0337055c, 0x3ab84e01, 
    0x0d285fb6, 0x0134d57c, 0x5904f703, 0x8af33837, 0x842efa6b, 0xff3b245b, 0x822d05ec, 0x001e2c5b, 0x00414044, 0x04030406, 0x82800306, 0x03042b5a, 
    0x01007e01, 0x02010402, 0xd144007e, 0x0892450d, 0x15171825, 0x44111314, 0x1e2206cf, 0x92451e01, 0x37232812, 0x37213701, 0x42010721, 0x410805df, 
    0xf2a24a02, 0x3401117b, 0x6d677d07, 0x681012a3, 0x0121bb8f, 0x96fd0288, 0x26e4032b, 0xc28d20fe, 0xac171458, 0x6d14f6fe, 0x625784c5, 0x8c5f6c72, 
    0x0a4e01cc, 0x6cfedefc, 0x78c17101, 0x0072cd8a, 0xc3460100, 0x000f2408, 0x582d4030, 0x03290749, 0x06070101, 0x01050402, 0x06c24604, 0x23076e66, 
    0x110f000f, 0x212d0082, 0x1c0b0812, 0x0137132b, 0x21070121, 0x07c34613, 0x02273535, 0xfd3301d3, 0x9501023b, 0x46170145, 0x2cbf29c0, 0x462ce0fe, 
    0x392b05c0, 0xfea3010c, 0xf7fef65d, 0x82000901, 0x022a0800, 0xecff3700, 0xd205a404, 0x1f001300, 0x35403800, 0x0204010a, 0x02004c01, 0x02030400, 
    0x01006904, 0x064d5601, 0x00030301, 0x2e420561, 0x14153205, 0x191b0001, 0x1f151f14, 0x08090c0e, 0x13011300, 0x07ed4507, 0x83363621, 0x36362387, 
    0x1a453233, 0x08f34307, 0x1a022108, 0x1a6ee194, 0x017a8513, 0xfe3401ae, 0x2a4e2320, 0x1a23d6ce, 0x75fcfeaf, 0x1313a36c, 0xa46a6c73, 0x143a0582, 
    0x749ee178, 0xfe0192eb, 0x0d0cc9fd, 0xe498d6f7, 0x7193f07f, 0x72909172, 0x8f829372, 0x49008321, 0xa7880577, 0x82040221, 0x000422a7, 0x20b08202, 
    0x20a28969, 0x0602625c, 0x0121a795, 0x05514c32, 0x0121012d, 0x22230606, 0x36363726, 0x59221724, 0x3626076b, 0x940d0326, 0xa7836de2, 0xfe52fe25, 
    0x84e001cc, 0x192429a7, 0x740501af, 0x1412a36c, 0x0521a786, 0x24a884e6, 0x0201fe91, 0x2fa89037, 0x02000000, 0xecff6800, 0xe6050005, 0x21001100, 
    0x081a034b, 0x01121382, 0x12191b00, 0x0a211321, 0x01110008, 0x160b0611, 0x0222052b, 0x12123411, 0x32333636, 0x02141112, 0x27060602, 0x35033e32, 
    0x0e222310, 0x02101503, 0x2cefef46, 0xa0eca261, 0x612aefee, 0x5c98eca1, 0x17365b85, 0x5b8559bf, 0x01141937, 0x7404011d, 0x04010c01, 0xe1fe80d5, 
    0xfe73fcfe, 0xd6fcfef6, 0xaf6efd80, 0x0146c2cc, 0xcbae6c10, 0xeffe48c3, 0x55000100, 0x6c040000, 0x0b00d205, 0x25402800, 0x31060b4b, 0x56010100, 
    0x0001024d, 0x04600300, 0x57030301, 0xc6824e03, 0x0b000b2b, 0x05111511, 0x332b190b, 0x05134b37, 0x21032128, 0x01295507, 0x164ba289, 0x46012f05, 
    0x283501ce, 0xf1ce03f7, 0xfbe71701, 0x3382f725, 0x00ffff27, 0x05000031, 0x24fb8202, 0x12200506, 0x240f8200, 0x04ecff34, 0x210f84fd, 0x0f83fc22, 
    0x00001224, 0x7f82e304, 0x23050623, 0x200f83dd, 0x201f8248, 0x210f84f9, 0x0f831424, 0xecff5124, 0x2f841c05, 0x83fd2621, 0x828e200f, 0x8438204f, 
    0x4227211f, 0x2a200f83, 0x09201f82, 0x28211f84, 0x2b0f83fb, 0x05eaff4c, 0x00e90517, 0xfd290506, 0x7b41c082, 0x001c280a, 0x40330027, 0x44011b30, 
    0x13291afd, 0x20000112, 0x131c121e, 0x2083411c, 0x0127342c, 0x23260116, 0x15030e22, 0x89411714, 0xfd042d14, 0x9e012ff7, 0x8559512e, 0x0319375b, 
    0x2e1c9141, 0xf8fc2329, 0x30d10335, 0xc3cbae6c, 0x411f2448, 0x0f270a97, 0x2e403100, 0x43010103, 0x01310585, 0x69010200, 0x56030300, 0x0001044d, 
    0x06600500, 0x0b014401, 0x13211229, 0x1b0b0711, 0x4537332b, 0x213c0b15, 0x01295507, 0xb6398f7a, 0x7d0c285f, 0x030135d4, 0x284401ce, 0x376203f7, 
    0x6b8af338, 0x3408a741, 0x05ecff2c, 0x00d2051e, 0xf12c0506, 0x00ffff00, 0x04000011, 0x210f84e2, 0x0f83dc2d, 0xecff5724, 0x0f84c404, 0x83202e21, 
    0x82a4200f, 0x0511227e, 0x212f82e6, 0x0f82212f, 0xfe9bff3a, 0x00860175, 0x050701e1, 0xfbc2feac, 0xb109000f, 0xfbb80100, 0x2b35b00f, 0x26050742, 
    0x01edff1a, 0x82440187, 0xbfbf222f, 0x2c5f8200, 0x02edff1b, 0x002a0402, 0xc0bf0526, 0x24358200, 0x023a00bf, 0x05a74ce6, 0x83e60221, 0x2e238235, 
    0x02a70039, 0x00e40421, 0xffbf0527, 0x84ba00de, 0x03592425, 0x821100a0, 0xbab0215b, 0xb1252482, 0x03b80101, 0x836387a0, 0x16022183, 0x27205382, 
    0x2f848385, 0x55824e20, 0x8b881220, 0x5e853083, 0x92268383, 0x7103e9fe, 0x93822d06, 0x82067e21, 0xcdff270f, 0x8b02e0fe, 0x0f822406, 0x00167f26, 
    0x16000100, 0x5f201f82, 0x31301f82, 0x18b55800, 0x01000501, 0x19b04b4c, 0x1a405850, 0x052cd282, 0x69050003, 0x04000300, 0x00650403, 0x2506116a, 
    0x1b4e025e, 0x38822040, 0x01000224, 0x24896902, 0x03040428, 0x03030059, 0x2d836104, 0x59512508, 0x11270940, 0x6116111f, 0x2b1c0b06, 0x30303713, 
    0x36333531, 0x3e373736, 0x22073302, 0x0e070706, 0x1e070702, 0x06210382, 0x280f8216, 0x3737022e, 0x23272636, 0x08268235, 0x29373752, 0x646a1617, 
    0x8f1b1c10, 0x7a238bda, 0x09221164, 0x045f6c32, 0x09125258, 0x7a441122, 0x6ea66823, 0x111b1529, 0x0f156a43, 0x967c0204, 0x6a660401, 0x39aeb0af, 
    0xda6b66e3, 0x18536737, 0x67541816, 0x666cd937, 0xa1541de2, 0x676aae85, 0x1c5c0104, 0x0023a382, 0x82deff01, 0x822720e7, 0x002527e7, 0x010ab55f, 
    0xe7870304, 0xdf831b20, 0x04030022, 0x0620ca82, 0x0526fe82, 0x01010065, 0xed826102, 0x82015e21, 0x002128e8, 0x03010002, 0x89690102, 0x05052325, 
    0x52825900, 0x84610521, 0x20e9822e, 0x240d820e, 0x12250025, 0x26f08217, 0x2b1b0b07, 0x84323703, 0x373721e9, 0x2322d885, 0xea853237, 0x03331723, 
    0x25fb8406, 0x637a2422, 0xd8832311, 0x52580328, 0x11230811, 0xd8847b43, 0x121d1435, 0x2a02754c, 0x1c116c76, 0xfeda901a, 0x6c66e2e9, 0x836837d9, 
    0x675334d5, 0x666bda37, 0xa1541ee3, 0x656faf84, 0x01f2fe01, 0x82ae6f66, 0x237a82f7, 0x5400ffff, 0x7020db82, 0x062cdb82, 0x00298005, 0xceffffff, 
    0xeb02e9fe, 0x82210f84, 0x380f82f3, 0x47ffa200, 0x8b068103, 0x7e050601, 0x08005e16, 0xb00100b1, 0x2b35b05e, 0x271b8200, 0x3effddff, 0x82069b02, 
    0x7f211b82, 0x211b8e26, 0x37822600, 0x37846f20, 0x8e104721, 0xeeff211b, 0x37201b82, 0x48201b84, 0x00211b8f, 0x201b8264, 0x211b8480, 0x378f3980, 
    0x47ffde24, 0x1b84fb02, 0x8e038221, 0x37012d1b, 0x0504ed01, 0x0700dd02, 0xb5009405, 0x9f82da82, 0x024d0128, 0x031b0470, 0x13830160, 0x8300cb22, 
    0x8320bd85, 0xf782bd82, 0x13008a2b, 0x9404f704, 0xcd050600, 0x212b82f2, 0x0f823f00, 0x0f84ad20, 0x83cbce21, 0x0046260f, 0x04fa0439, 0x211f829d, 
    0x0f83dfcf, 0x0f824720, 0x0f84cd20, 0x83e0d021, 0x006e260f, 0x03cd04e6, 0x201f82c0, 0x261f84d1, 0x042e006e, 0x827704cd, 0x84d2200f, 0x0087260f, 
    0x04b20452, 0x200f8254, 0x260f84d3, 0x04d3018d, 0x82d202ac, 0x84d4200f, 0x0058260f, 0x04de0445, 0x210f825c, 0xb745ddd5, 0x04142405, 0x829204aa, 
    0x84d6200f, 0x8245201f, 0x04cb226f, 0x210f827f, 0x1f83ded7, 0x93005e26, 0x1404fe04, 0xd8210f82, 0x260f83f1, 0x04750162, 0x823903d4, 0xddd9210f, 
    0x01260f82, 0x048c023c, 0x5f830599, 0x8259ec21, 0xa300270f, 0x1005a900, 0xfb822a05, 0x0b00cd24, 0xfb859600, 0xfb859620, 0xa9005824, 0x1b84c604, 
    0xe4ffce22, 0x5a2c1b8e, 0x0e05b800, 0x06011c05, 0x7ff3cf05, 0x02223583, 0xef417fb0, 0x5b002506, 0xe104b800, 0xd0211b84, 0x261b8ff4, 0x047d0187, 
    0x825704e6, 0xffd1246f, 0x859700f8, 0x85972039, 0x0087266f, 0x05e604c5, 0x201b820e, 0x211b87d2, 0x1b86b001, 0xe9009f26, 0xeb04ca04, 0xd3221b82, 
    0x3785f7ff, 0xa6261b88, 0xc5046a02, 0x1b826903, 0x3790d420, 0xdc007126, 0xf304f704, 0xd5221b82, 0x378ef6ff, 0xab00a726, 0x2905c304, 0xd6201b82, 
    0x03203787, 0x5c266f87, 0xe204c700, 0x1b820d05, 0xf5ffd724, 0xa7858e00, 0xa7858e20, 0x29017626, 0xaa041605, 0xd8221b82, 0x17410900, 0xb0022105, 
    0x26063341, 0x0408027b, 0x82cc03ed, 0x82d9201b, 0x4193206f, 0x9320054f, 0x37083785, 0x04e500a0, 0x00ed04c9, 0xe4ed0506, 0x00030000, 0x05eaff25, 
    0x00e40519, 0x002e0024, 0x4b91003b, 0x585017b0, 0x07171140, 0x26050202, 0x0403181f, 0x00012202, 0x1b4c0304, 0x0320138e, 0x59201382, 0x23232c85, 
    0x4c050500, 0x002e067d, 0x61000202, 0x00020603, 0x004d5d00, 0x0b870404, 0x1b4e0024, 0x258c2040, 0x005f0325, 0x85570303, 0x01062123, 0x00342e82, 
    0x1340594e, 0x35370001, 0x20212c2e, 0x0e101b1c, 0x24012400, 0x4e0b7e4a, 0x132f0e7b, 0x33373636, 0x17070606, 0x06062721, 0x82070313, 0x1606250a, 
    0x37033233, 0x36211782, 0x05d85b26, 0xf3017d08, 0x135cd39f, 0x0489b116, 0x11113830, 0x7b76bd7a, 0x111146a4, 0xc770667c, 0xfc0c3b2b, 0xb0497019, 
    0x5c46cafe, 0x15dea3d1, 0x08064d53, 0x1675575c, 0x07543863, 0x463e4205, 0x1e050668, 0x78c57516, 0x0258a980, 0x6668ab4c, 0xa9655ea2, 0x41a26365, 
    0x38ebfe48, 0xee9e4884, 0x3f61f551, 0x013a0138, 0x61350d38, 0x02574b3b, 0x4f213bc2, 0x543f3238, 0x0057294a, 0xb6000100, 0x06045efe, 0x0abb4a18, 
    0x5f013008, 0x59010100, 0x0201034d, 0x4e025b02, 0x05000000, 0x11110500, 0x2b180b04, 0x37210101, 0x70010121, 0xecfd5a01, 0xfe270329, 0x055efe62, 
    0x82fafa06, 0x00003822, 0xff5b0002, 0x059502ed, 0x000300d2, 0x402c000f, 0x01010429, 0x825f0001, 0x4d56271b, 0x02030300, 0x4f820561, 0x4e025d2c, 
    0x00000405, 0x0f04090b, 0x28820f05, 0x0611032b, 0x132b170b, 0x03032113, 0x05295d22, 0x07162408, 0x93bf0606, 0xd0bf4301, 0x0b0d5d4e, 0x5b4f4269, 
    0x01680a0c, 0xfcfa03d8, 0x6f15fe06, 0x6f564250, 0x8258424e, 0xffff2154, 0x05216f83, 0x226f8248, 0x82740526, 0x05072410, 0x82b30274, 0x00022807, 
    0x0291fe20, 0x8476045d, 0x40292587, 0x04000026, 0x01218882, 0x217f8363, 0x8a826103, 0x84985f20, 0x848a1320, 0x01bf2032, 0x4e209317, 0x730c0d54, 
    0x0c544e4e, 0x91fe730d, 0x042b8483, 0x4b4c5e92, 0x4c4b5e5e, 0x8500005e, 0x3b072483, 0x8700e605, 0x86782083, 0xffa52483, 0x828804ed, 0x001d2617, 
    0x403d0029, 0x079d553a, 0x03010627, 0x05030005, 0x0aa5557e, 0x05052308, 0x01076104, 0x045d0404, 0x001e1f4e, 0x1e232500, 0x00291f29, 0x221d001d, 
    0x0b082a12, 0x37012b19, 0x2642023e, 0x05746509, 0x06071623, 0x20028306, 0x0b354107, 0x75012108, 0x63451604, 0x0c6d4b43, 0x494c5a0c, 0xdffe1283, 
    0xc4220127, 0x146cda90, 0x60709515, 0xd4041362, 0x2208c683, 0x534e4f72, 0x01730c0c, 0x927f18ca, 0x672b2656, 0x5e5c4e49, 0x60d3d85b, 0xab7f7eb4, 
    0x6b6c343d, 0x8323fe18, 0x83e483dc, 0x21c782df, 0xdf840109, 0xb3827820, 0x78050724, 0xf7847904, 0x07211782, 0x20178a0e, 0x29178374, 0xeaff0200, 
    0xcd0369fe, 0xbf826204, 0xef83f784, 0x0305012c, 0x01008001, 0x00010500, 0xed87007e, 0x12725920, 0x025b2108, 0x0722f796, 0xe684020e, 0x3233162e, 
    0x06213736, 0x26222304, 0x36363726, 0x37230283, 0x82163213, 0x8211821b, 0xfe02230d, 0xf7821704, 0x0c6d4a3b, 0x494b5b0d, 0x20011383, 0xc4defe27, 
    0x156cdb8f, 0x5f719415, 0xd3041363, 0x20f1834f, 0x2305844e, 0x80178502, 0x4d21f785, 0x21f7865d, 0xf782aa80, 0x01176c23, 0x27f788dd, 0xa6000200, 
    0x8404edff, 0x2208df82, 0x002c0020, 0x04434046, 0x00040201, 0x02004c01, 0x02010001, 0x00008000, 0x06040107, 0x00670400, 0x60030101, 0x2508068c, 
    0x61050606, 0x05050108, 0x224e055d, 0x28000021, 0x222c2126, 0x0020002c, 0x28122320, 0x1a0b0912, 0x1337012b, 0xbe840733, 0x5705f143, 0x06210779, 
    0x41e98306, 0x4c080dca, 0xd9260395, 0x55090824, 0x630d0e5c, 0x14844a48, 0xa21be3fe, 0xcb8e83e7, 0xa214165e, 0x2a524870, 0x4e86040b, 0x680b0e5d, 
    0x0c5b4f43, 0xbc01680b, 0xc43c0218, 0x772e0405, 0x5e5c554d, 0x5ebc8f5d, 0x857db562, 0x45293eb7, 0xfe1b3f54, 0x09354331, 0xf1ff0228, 0xcf0378fe, 
    0x97827104, 0x76002c23, 0x2ad682b6, 0x4c010400, 0x5027b04b, 0x4f274058, 0xdb8207ea, 0x74000021, 0xd3830899, 0x2b685f20, 0x035b2508, 0x24401b4e, 
    0x01262991, 0x03010300, 0x04410065, 0x065f2507, 0x1540594e, 0x24160741, 0x37230307, 0x0ada4106, 0x41020e21, 0x3e2207da, 0xda413702, 0x04e0280d, 
    0x0925da25, 0x415b5608, 0x13220507, 0x07411e01, 0x15152906, 0x534870a1, 0x85040b2a, 0x240a2644, 0xfd18a202, 0x090741c4, 0x41bd8e21, 0x01210b07, 
    0x090741cf, 0x00015908, 0x03e9fe8c, 0x002d066b, 0x40110010, 0x0100000e, 0x01008500, 0x14187601, 0x2b180b02, 0x12123613, 0x02062137, 0x12060702, 
    0x26211712, 0x7d1cb102, 0x17015fab, 0x196e9e63, 0x34330316, 0x375de9fe, 0x01a55f02, 0x79490167, 0xfeb0fe9c, 0xfe8395b4, 0xbcd1fef7, 0x00c301d4, 
    0xff2d4a82, 0x02e0feb7, 0x00240675, 0x4017000f, 0x23108214, 0x01028500, 0x1b825c82, 0x0f000f28, 0x170b0317, 0x6082032b, 0x02363308, 0x16212702, 
    0x06071212, 0x9a490702, 0x021b23b6, 0x1f012a2e, 0x1d013733, 0xfe98c426, 0x010301e0, 0x019ed4a0, 0x934a0152, 0xfebbfe74, 0xfee8ac97, 0x4282ca3c, 
    0x2b20aa82, 0x4720bb82, 0x0724bb82, 0x25402800, 0x01351282, 0x67010002, 0x03030200, 0x02005702, 0x045f0302, 0x03020301, 0x7218824f, 0x053d0571, 
    0x132b190b, 0x23072101, 0x2b073303, 0xe8013401, 0xc7e9c725, 0x07e9fe26, 0x84fae444, 0x084f8ae4, 0x32000b24, 0x03002f40, 0x03050400, 0x01066704, 
    0x01000005, 0x00670005, 0x01020201, 0x01010057, 0x02005f02, 0x57830201, 0x0b000b23, 0x24008311, 0x2b1b0b07, 0x20578401, 0x245f8421, 0xc824c002, 
    0x205a8262, 0x26658518, 0xdefa0262, 0x82e4b1fd, 0xb1fd2167, 0xff254b82, 0x02e9fedb, 0x20b788f8, 0x20798202, 0x24b78202, 0x00030300, 0x84ac8257, 
    0x8e0020b7, 0x370329b7, 0x37231333, 0x26250121, 0x252eb382, 0xccfee901, 0x05e4e9fe, 0xbcf8e47c, 0x4f880100, 0x0426b785, 0x04020300, 0x9a426703, 
    0x00672406, 0x84050500, 0x5f052157, 0x0520ca83, 0x5985b78f, 0x62255d88, 0x62c624c5, 0x246187c7, 0x02de4f02, 0x8264834f, 0x00012697, 0x04e9fe85, 
    0x8b8b4d04, 0x19992908, 0x11697018, 0xe99a1d1d, 0x69812693, 0x35092412, 0x5d046573, 0x25091457, 0x26824711, 0x2d76b16e, 0x47111d16, 0x080c1670, 
    0x260e8b4d, 0x19526836, 0x4d531817, 0x47210e8b, 0x41e68231, 0x0321054f, 0x868b4d59, 0x81262524, 0xd8851368, 0x13575e22, 0x8123d883, 0x82b26e25, 
    0x131e29d8, 0x2c027b51, 0x1c12727e, 0x8b4dfe82, 0x54672306, 0xd5831618, 0x2f178b4d, 0x25000200, 0xeb0757fe, 0x3c00ca05, 0x42014700, 0x3405084a, 
    0x0a012212, 0x02011404, 0x08013906, 0x00013a02, 0x1b4c0408, 0x20148340, 0x4a148d05, 0x2b080637, 0x0401052c, 0x04060a00, 0x0700690a, 0x00610107, 
    0x4d560101, 0x0602090c, 0x03620206, 0x57020201, 0x0808004d, 0x010b6100, 0x00610000, 0x2907e679, 0x04050033, 0x0a05040a, 0x3aac0080, 0x58502224, 
    0x3a8b3d40, 0x758d0920, 0x09090124, 0x74866102, 0x40217f96, 0x283f8f36, 0x0609010c, 0x00590902, 0x23388206, 0x6a020608, 0xb88bc589, 0x59593d08, 
    0x3e214059, 0x4300013d, 0x3e473d41, 0x31353747, 0x25282a2f, 0x191e2024, 0x09101217, 0x013c0007, 0x160b0d3c, 0x2420012b, 0x00121302, 0x04322124, 
    0x06071216, 0x22230602, 0x06233526, 0x023b0682, 0x33023e37, 0x33171632, 0x06033337, 0x36323316, 0x24023637, 0x03002023, 0x82210002, 0x0617250c, 
    0x13320304, 0x08050047, 0x031606a7, 0xfecefe97, 0x2f32a969, 0xcc011e01, 0x01d93601, 0x1e51d249, 0x95cf7e1b, 0x27087b72, 0xbbcc77ac, 0xd8911924, 
    0x13856381, 0x70cf110b, 0x5f2f1f08, 0x6320206b, 0xfedff2fe, 0x3948fe9e, 0x01340139, 0x43e57a69, 0xfdfe502c, 0x1730f86e, 0x9a717661, 0xfe541514, 
    0xa601de57, 0x20012c01, 0x81f2b101, 0xb8c8fee8, 0x9ff2fea6, 0x5e4a4f58, 0x94e01301, 0x36477ee2, 0x305efd66, 0xc3c3b839, 0xfea22501, 0xfea8fe7d, 
    0x328efea4, 0x3f25cf1a, 0x23019b02, 0x79937d8f, 0xffffa57e, 0x47ff9c00, 0x8b067b03, 0x7e050601, 0x0e0f4f10, 0xffc8ff27, 0x06860246, 0x221b828a, 
    0x4c66117f, 0x662005ad, 0x2007c74d, 0x2037823b, 0x20378457, 0x20379080, 0x201b82eb, 0x201b8408, 0x251b8f82, 0x47ff9500, 0x1b841404, 0x1b8f8420, 
    0x3783ff20, 0x1b846920, 0x1b8f8520, 0xff49002f, 0x060f0832, 0x050701a5, 0x00240086, 0x228d83db, 0x83dbb002, 0x0233088d, 0x00002e00, 0xd2054005, 
    0x1f001b00, 0x46404900, 0x03020b0e, 0x0002020c, 0x67000301, 0x06060108, 0x0a0f4d56, 0x05040402, 0x0207095f, 0x4d590505, 0x74020d10, 0x1f210662, 
    0x16106f1e, 0x1f0b1128, 0x2113212b, 0xf5622303, 0x33372505, 0x21033313, 0x33230382, 0x83032307, 0x82012003, 0xc4022e1c, 0x44d8fe43, 0x2bce44e3, 
    0x2acc35cc, 0x210982cb, 0x04822801, 0xcd2bcf38, 0xcc2bcd34, 0x0161fe43, 0xd8fe3429, 0x8bfe7501, 0x01e27501, 0x0985e323, 0x8bfe4808, 0xe2ddfee3, 
    0x57028bfe, 0x00002301, 0xff3d0002, 0x04f405e8, 0x002300f0, 0x404c0033, 0x0f151749, 0x0103040d, 0x060c181e, 0x21030204, 0x0403051f, 0x4c030200, 
    0x01020e16, 0x0204204a, 0x01004900, 0x01020300, 0x5a056903, 0x252f0b50, 0x2d000124, 0x2533242b, 0x00111333, 0x56230123, 0x262405d6, 0x37270727, 
    0x2b054a4a, 0x36173727, 0x16323336, 0x07173717, 0x24058e57, 0x06270717, 0x064a5d06, 0x0807275b, 0xab02167e, 0x9c44b369, 0x1825a172, 0x435a1110, 
    0x557aa179, 0xae6564c0, 0xb176ae43, 0x11101d28, 0xa4753d54, 0x4acb596f, 0x1595d476, 0x75ae5315, 0x1493d478, 0x14af5016, 0x8e843c44, 0x64b34b88, 
    0x924dba69, 0x3d37928e, 0x8e96393f, 0x68b84c96, 0x8a4bb263, 0x453d868e, 0x7bc775bc, 0x7474c87d, 0xc87b7dc7, 0x01000075, 0x20ff9cff, 0x1806a603, 
    0x17000300, 0x01021440, 0x85010001, 0x76000000, 0x03220382, 0x12620300, 0x21013105, 0xfca60301, 0x03fcfefa, 0xf9180606, 0x00f80608, 0x4226f882, 
    0xf40220fe, 0x379eb207, 0xfef40238, 0x01e3fe6b, 0xf6b20795, 0x0092096e, 0x49000200, 0x7b02e8fe, 0x3782d205, 0x22000724, 0x67821f40, 0x63217282, 
    0x06424800, 0x02560333, 0x0404044e, 0x12070407, 0x0b051011, 0x21132b19, 0x3f7d8203, 0x01bc1321, 0xf2fe730e, 0xfe733202, 0x9e0174f3, 0xea064afd, 
    0xb3024dfd, 0xc2000100, 0x770220ff, 0x1e22bf84, 0x98821b40, 0x57000122, 0x5f205383, 0x08108618, 0x052dc687, 0x01133303, 0xb9fcb97b, 0xf9f806e0, 
    0x2d238308, 0xed018200, 0xdd025003, 0x1f000300, 0x30831c40, 0x57010022, 0x01270682, 0x00005f00, 0x414f0001, 0x072c0b03, 0x50033721, 0x285afd28, 
    0xf0f0dd02, 0xff251d82, 0x04ed01f6, 0x243ba81e, 0xfc281e04, 0x273b8700, 0x21024400, 0x10030905, 0x052977a6, 0x62fb2709, 0xef100327, 0x207786ef, 
    0x2377a908, 0xf8281e08, 0xff217786, 0x83b383ff, 0x0602233b, 0xdb829705, 0x9d00012a, 0x39031201, 0x0f009203, 0x0021ff83, 0x395e8201, 0x01010059, 
    0x01026100, 0x51000100, 0x07090001, 0x0f010f00, 0x2b160b03, 0xd65e2201, 0x0e200809, 0x59b90102, 0x0f0f3f84, 0x59579d6c, 0x0e0f4085, 0x12019e6e, 
    0x585a9458, 0x9459548e, 0x538f5859, 0x02205b82, 0x3a205b84, 0x1b245b84, 0x2e403100, 0x230a2a43, 0x59020000, 0x2c083143, 0x11510002, 0x17000110, 
    0x111b1015, 0x216f851b, 0x6f8f0606, 0x6c322721, 0x24080989, 0x8257b301, 0x6d0f0e3d, 0x835958a0, 0x700e0f3f, 0x6d413ca1, 0x414e0b0a, 0x0b0b6b41, 
    0x5612014c, 0x91595991, 0x28058556, 0x42415da2, 0x42425a5b, 0x27d8825d, 0xda01b900, 0xc9021e03, 0x29267341, 0xfd271e03, 0xc90228c2, 0x3b83efef, 
    0x0c01c53d, 0x98031503, 0x06000200, 0x010001b3, 0x13132b32, 0x016bc501, 0x020c01e5, 0x82bafe8c, 0x2a1982ee, 0x04a80077, 0x00fa0388, 0x860c0008, 
    0x03022bef, 0x05670201, 0x00000301, 0x06825703, 0x5f000324, 0x7e820104, 0x094f3d08, 0x09000109, 0x0b0c090c, 0x0005070a, 0x06080108, 0x252b160b, 
    0x36372622, 0x03213324, 0x03231327, 0xc6c70402, 0x12012121, 0x8df701c6, 0x58b457d7, 0xc5c5e5a8, 0xa2aefce3, 0xf1fd0f02, 0x02226c82, 0x6b826300, 
    0x6b867220, 0x2d403024, 0x5e820100, 0x0301022c, 0x00020067, 0x00570200, 0x6a840202, 0x8a000221, 0x0204216a, 0x34086a88, 0x32211321, 0x04060716, 
    0x13330301, 0x09fe5a02, 0xc6f7018d, 0xfe2120c5, 0x57a6fef0, 0x03a857b4, 0xc3c5e452, 0xfdb102e6, 0x000f02f1, 0x01950001, 0x033b032e, 0x4cb88274, 
    0x113e0bb3, 0x18060210, 0x0321132b, 0x4602f521, 0x03bafd60, 0x00bafd74, 0xffff0000, 0x70029800, 0xa3556603, 0x55162006, 0x0c240ea3, 0x34047002, 
    0x95211b84, 0x2a1b8f00, 0x05a4025a, 0x0193031f, 0x90960507, 0x2037821b, 0x20378508, 0x261b9097, 0x03a901b6, 0x82290452, 0x00992237, 0x0e375419, 
    0x53201b83, 0x9a201b84, 0x02201b87, 0x26073754, 0x037202d2, 0x82610337, 0x829b2037, 0x00982a1b, 0x0100b108, 0x35b098b0, 0x26c3822b, 0x03a301de, 
    0x822f042e, 0x909c201b, 0x01902653, 0x04a10440, 0x201b8292, 0x2037879d, 0x20378702, 0x201b827c, 0x201b848b, 0x261b909e, 0x03c601ae, 0x820c0454, 
    0x8d9f2037, 0x01002f6f, 0x6603d900, 0xd205c402, 0x19000300, 0x80441640, 0x56002307, 0x81444e01, 0x0113280a, 0x01d90333, 0x82bfcc1f, 0xfd6c222b, 
    0x8b198294, 0xb1262437, 0x44446406, 0xb12d1dff, 0x13440006, 0xd9012113, 0xfe2c01bf, 0x224586e1, 0x821c0101, 0x9e852009, 0x1301297b, 0x1c010321, 
    0x84210148, 0xff213686, 0x213783ff, 0x37823904, 0xad052622, 0x07288b82, 0xb401ad05, 0xffff0000, 0x0421cb83, 0x2017849a, 0x221784ab, 0x88d601ab, 
    0x84892017, 0x84ac2017, 0x01ac2217, 0x371784c5, 0x0375fe08, 0x00e100b8, 0xffac0527, 0x010ffb2f, 0x00ac0507, 0x000ffbf4, 0x5b0dc35a, 0xff290658, 
    0xfe0800ff, 0x00f30176, 0x822783e2, 0x0010212f, 0x2305775b, 0x2b35b010, 0x00235682, 0x823f0101, 0x846b20a2, 0x401322cf, 0x08276410, 0x114e0031, 
    0x180b0210, 0x0323012b, 0xcb5c0221, 0x822c0152, 0x826c2026, 0x212f83af, 0x97843004, 0x9784b320, 0x9783b320, 0x00010027, 0x029303b2, 0x1e174157, 
    0x21131328, 0x0193b203, 0x2b82d812, 0xc1fd3f22, 0x3782cf84, 0x84860421, 0x84b5204f, 0x02b5224f, 0x2117872f, 0x1788b506, 0x84052721, 0x07002417, 
    0x5304b505, 0x378205d3, 0x90e40821, 0x8327821f, 0x2127831f, 0x4f828d06, 0x10010122, 0x22206b82, 0x0125df9c, 0x011bcef9, 0x20268212, 0x24df833f, 
    0x04930310, 0x20578451, 0x223f82b9, 0x85b90507, 0x2147838f, 0x17888006, 0x17852720, 0x1f820020, 0x01266f84, 0x6a03e700, 0x67842e02, 0x25295b42, 
    0x0121e703, 0x3882a626, 0x98fd6822, 0x43837b82, 0x842d0421, 0x84bc2063, 0x01bc237b, 0x178200ff, 0xfedaff25, 0x5dc50175, 0xff21053b, 0x0f3b5d01, 
    0x00010030, 0x01edff5b, 0x004401c8, 0x401a000b, 0x91460017, 0x5d002d06, 0x00014e00, 0x0b000507, 0x0b030b01, 0x2509e572, 0x06060716, 0x90510601, 
    0x5113200a, 0x2b550972, 0x821f2006, 0x0526224b, 0x238382bf, 0x02bf0527, 0x22057f42, 0x835705bf, 0x216b838b, 0x1f887404, 0x1f850720, 0x00ffff2a, 
    0x02edff5c, 0x002a0443, 0x01223782, 0x17820100, 0x5d7b0021, 0x812810af, 0x6802cb00, 0x27000805, 0x26225b82, 0x2584de00, 0xc403a022, 0x2905af5d, 
    0x2b35b0de, 0xb80101b1, 0x135ec403, 0x252fae08, 0x75fedaff, 0x83825402, 0xac052726, 0x0ffb01ff, 0x8c205f84, 0x261adf5d, 0x021702b7, 0x846e0324, 
    0x025c2227, 0x051b432a, 0x882a0221, 0x03e2267f, 0x044f021b, 0x221f8472, 0x852e0387, 0x2e03211f, 0x20084f5e, 0x206f82de, 0x206f8659, 0x206f8605, 
    0x3c6f9791, 0x62000100, 0x80039000, 0x05004004, 0x04b63d00, 0x00010201, 0xb04b4c01, 0x40585022, 0x08c4440c, 0x4e015925, 0x4911401b, 0x28081097, 
    0x000a4059, 0x00050000, 0x0b031205, 0x01252b17, 0x01012101, 0xbdfea501, 0x3f01df01, 0x3c0128fe, 0x01d80190, 0xfe28fed8, 0x22258228, 0x82070001, 
    0xc2242067, 0x84372067, 0x82072067, 0x01c42659, 0xfe43013e, 0x21668b21, 0xcf83ffff, 0x82550521, 0x05262267, 0x287782c9, 0x01c90507, 0xff0000d5, 
    0x217f83ff, 0x1784f904, 0x1784ca20, 0x1783ca20, 0x00010029, 0x05130098, 0x82940405, 0x0627081f, 0x010207b3, 0x37132b32, 0x07010301, 0x2a980301, 
    0xfd2e4304, 0x8702021b, 0xf7d7012f, 0xdffec601, 0xfe0ce5fe, 0x82e1fee6, 0x2437823e, 0x04130074, 0x213786e2, 0x37820106, 0x13010124, 0x03823701, 
    0xb9042508, 0x0230bbfb, 0x7bfd02e3, 0x01b0032e, 0x013cfed7, 0x0d1a011f, 0x21011a01, 0x02003afe, 0x39006700, 0x9d041b05, 0x0b2b6f82, 0x1c401f00, 
    0x02040607, 0x824a0104, 0x01002450, 0x4a010057, 0x112407b6, 0x180b0218, 0x07218a83, 0x08018205, 0x37210321, 0x042ac921, 0x4cfd2728, 0x267d0201, 
    0x2806fc35, 0x8d02fa03, 0xeb1801f8, 0xeaa40ba3, 0x83f1c3fe, 0x215b8493, 0x5b86ed04, 0x22402529, 0x01030506, 0x414a0004, 0x082e10b8, 0x080b0808, 
    0x0b03190b, 0x01012b17, 0x01822537, 0x22080682, 0xc4040721, 0x0225d8fb, 0x82fd01b6, 0xfbcd0326, 0xfa03287a, 0xfe8d0228, 0x0aa5eae9, 0xe8feeba3, 
    0x82f1b4fc, 0x00022a65, 0x04e6008f, 0x00c003ee, 0x2bc18203, 0x002c402f, 0x03010502, 0x67030200, 0x042c658a, 0x01000101, 0x0004044f, 0x04070400, 
    0x07779f18, 0x6d820620, 0x21373724, 0x03820107, 0x03298f31, 0x6afc2ae6, 0x2ae5032b, 0x01fcfce6, 0x83fbfbdf, 0x820120bf, 0x042e285b, 0x007704ee, 
    0x518a0013, 0x1f200569, 0x13b64c18, 0x59342b82, 0x0505004d, 0x1b4e0557, 0x5029b04b, 0x001f4058, 0x86050405, 0x00292b97, 0x27401b4e, 0x00010000, 
    0x36269185, 0x57030404, 0x03030107, 0x01065f04, 0x4f040304, 0x0e405959, 0x86111213, 0x0a102900, 0x012b1f0b, 0x07330721, 0x09ba4918, 0x82372121, 
    0x03270801, 0x64020168, 0xb8fe2ae8, 0x2a9e017c, 0xfe6401fe, 0x29e464fe, 0xfe7c4601, 0xfb012b64, 0xfbb77704, 0xb8b8fce3, 0x82fbe3fc, 0xa8210874, 
    0xd3045200, 0x0b005404, 0x24402700, 0x00050106, 0x01038605, 0x00010401, 0x68000105, 0x59020200, 0x07a86402, 0x07257483, 0x252b1b0b, 0x22618213, 
    0x82033313, 0x01033d73, 0x7ffe40e9, 0x4081012a, 0x820140fe, 0x407efe2a, 0xff810152, 0x7efe8201, 0x007ffeff, 0x01280082, 0xd301ae00, 0xd202cd04, 
    0x3426134b, 0xfc2bcd04, 0xd2022a0c, 0x0000ffff, 0x007b0001, 0x04010545, 0x089b825c, 0x06b3063b, 0x2b320100, 0x27010125, 0x01370101, 0x01011701, 
    0xe6febc03, 0x01a079fe, 0xd3e6fe88, 0x8b011b01, 0x0175fe9f, 0x50014519, 0x01bcb2fe, 0xb7520150, 0x5201adfe, 0xfeaffebf, 0x828682b0, 0x00af267d, 
    0x04cb0414, 0x2f098292, 0x001b000f, 0x1ab04b92, 0x20405850, 0x00010106, 0x673be983, 0x02020107, 0x03006103, 0x004d5f03, 0x61040505, 0x04040108, 
    0x1b4e0457, 0x8232b04b, 0x001e2227, 0x23208203, 0x69020301, 0x258c3088, 0x93234021, 0x04042320, 0x26875905, 0x5104052b, 0x1a405959, 0x04051011, 
    0x06894c00, 0x290a2b5c, 0x2b170b09, 0x37210701, 0x2b5c0625, 0x26032109, 0x37080b89, 0xfc27cb04, 0x1e02280b, 0x0c0c604d, 0x5a4b426b, 0xc767090c, 
    0x0a0c5a50, 0x5c4a416b, 0x026b090c, 0x6ff2f2cc, 0x404f7001, 0x404f6e59, 0x01dafc5b, 0x58414d70, 0x59434e6c, 0x2c05cf43, 0x7f04ed04, 0x0f000b00, 
    0xb04b9700, 0x3fcd820a, 0x03040020, 0x72040306, 0x08000102, 0x04030205, 0x00680300, 0x07010906, 0x00630706, 0x01590101, 0x1e20f583, 0x21202782, 
    0x06212785, 0x26289980, 0x01002940, 0x94850100, 0x07072828, 0x06005706, 0x845f0706, 0x824f205a, 0x0c162afe, 0x0c00000c, 0x0e0f0c0f, 0x578f820d, 
    0x0a26056a, 0x132b1b0b, 0x4f422137, 0x07280805, 0x37013723, 0x28cb0721, 0xff2a7c01, 0x277f012a, 0xfe2a81fe, 0x281efe2a, 0x0228fa03, 0x0001ea95, 
    0xffea00ff, 0xf1a4fdff, 0x2f05a34c, 0x0593006d, 0x0014040d, 0x002f0017, 0x11b04be9, 0x2e3cb382, 0x00060108, 0x0a06090a, 0x0d070069, 0x0009020b, 
    0x006a0907, 0x01030401, 0x00010259, 0x0022a682, 0xe3826904, 0x0c620322, 0x0123f882, 0x791b5203, 0x3c320578, 0x0a0b010d, 0x090b0a09, 0x05010c80, 
    0x05040304, 0x47848003, 0x47840b20, 0x458f0020, 0x45870520, 0x83030021, 0x4a402943, 0x07060800, 0x80070806, 0x00204688, 0x89050458, 0x8200204e, 
    0x204d9195, 0x8d928200, 0x5959354c, 0x18181e40, 0x2f180000, 0x2c2e2f18, 0x23242628, 0x1a1c2022, 0x172ae182, 0x24112224, 0x1b0b0e22, 0xd951372b, 
    0x16163705, 0x33373233, 0x22230606, 0x26262726, 0x03072223, 0x16373636, 0x17871716, 0x86260721, 0x6d640817, 0x4697ba20, 0x3d2a4179, 0xe71b7720, 
    0x4098be1d, 0x37264e75, 0xba1a7724, 0x4697b920, 0x3d2c4178, 0xe91a7620, 0x4297bf1e, 0x36294975, 0xb11a7525, 0x3f34cac0, 0xbca32028, 0x244733d4, 
    0xd6019919, 0x0101cac2, 0x202a3e34, 0x01d3bda4, 0x25443501, 0x01009c1a, 0x75018500, 0x3903f704, 0x68001900, 0x446406b1, 0x2005d17c, 0x126a411b, 
    0x0506612a, 0x03010302, 0x29401b51, 0x20071541, 0x07644106, 0x05412e85, 0x0061210b, 0x7c7f2b83, 0x00192805, 0x12222419, 0x82072224, 0x06b124f4, 
    0x89134400, 0x8b3620f8, 0x063608f9, 0xce1b8507, 0x46724591, 0x35263625, 0x1be80d50, 0x72498ed2, 0x26332842, 0x010d5133, 0x39d6ce95, 0x52272546, 
    0x3ed6cc57, 0x4e212842, 0x00ffff5b, 0x05a900b1, 0xe762051e, 0x62192005, 0x8d240ecb, 0xfb04a900, 0xce201b84, 0x0363db82, 0x007c2b0d, 0x053005b8, 
    0x0506011c, 0xcb6215cf, 0x201b830f, 0x201b8402, 0x241b90d0, 0x057d01a8, 0x05e76207, 0x2410234e, 0x05c500a8, 0x05e76207, 0x2a10074e, 0x04e900c1, 
    0x01eb04ec, 0x90d30507, 0x02c7261b, 0x03e6046a, 0x201b8269, 0x261b90d4, 0x05de0094, 0x82f5041a, 0x82d5201b, 0x4e99201b, 0x99200577, 0x2405774e, 
    0x04ab00c8, 0x05e762e4, 0xe7623787, 0x007e2408, 0x620405c7, 0x002105e7, 0x0ee76217, 0x29018625, 0x62042605, 0x334105e7, 0xb0022106, 0x2606e762, 
    0x0507029d, 0x82cb030f, 0x00d9246f, 0x85920018, 0x8292206f, 0x01002d6f, 0x1d01d500, 0x0e038604, 0x46000500, 0x27057d44, 0x02010317, 0x71020000, 
    0x220f5248, 0x8316401b, 0x86022119, 0x5922188f, 0xaa610b40, 0x2113340c, 0x03032137, 0x75fd2a36, 0x52890328, 0x01011d01, 0x820ffef0, 0xff012621, 
    0x0319ff7d, 0x26098272, 0xb1270003, 0x53446406, 0xb12f1e6f, 0x21440006, 0x03372107, 0x31fc2672, 0x82e7e726, 0x327a8238, 0x048601e6, 0x00d20572, 
    0x402d000d, 0x0501012a, 0x474c0100, 0x56221215, 0x2e824e02, 0x0d000d23, 0x27008211, 0x1b0b0712, 0x3713012b, 0x13229782, 0x52820321, 0x03072408, 
    0x220de301, 0x0124d4fe, 0x1001312c, 0x242c0131, 0x7122d4fe, 0x82018601, 0x2701d4cf, 0xcfd4d9fe, 0x82007efe, 0x009b2f6b, 0x05730400, 0x001500d2, 
    0x0138403b, 0x6b820901, 0x0301053e, 0x01020106, 0x07680203, 0x01080101, 0x00010900, 0x04040067, 0x010a4d56, 0x09570909, 0x15227583, 0xff471500, 
    0x12112606, 0x2b1f0b0b, 0x22798621, 0x84132137, 0x8503207d, 0x0ea22a81, 0x23d4fe17, 0xfe2b2c01, 0x290582d3, 0x30100130, 0xfe232c01, 0x05832bd5, 
    0x7217d432, 0xd28a8201, 0x01d20301, 0xd2e1fe1f, 0x8ad2fdfe, 0x93839183, 0x2e037133, 0xaf05cc03, 0x2e000700, 0x446406b1, 0x01052340, 0x49978201, 
    0x03220a3e, 0x11820202, 0x0808865d, 0x180b042b, 0x0006b12b, 0x33011344, 0x23032313, 0x9a017101, 0x7bdec9f8, 0x03fbfe0c, 0xfd81022e, 0xfeb5017f, 
    0x0001004b, 0x048c02e3, 0x33eb8240, 0x402c0011, 0x0e0f1029, 0x0a0b0c0d, 0x04050607, 0x0e010203, 0x4c204e82, 0x080e9250, 0x11001147, 0x170b0318, 
    0x0513012b, 0x37272527, 0x03331317, 0x17051725, 0x01032707, 0xf8fe44ea, 0xec120143, 0xc11dd37d, 0x45060142, 0x7cecedfe, 0x8c021ed4, 0xa89f1c01, 
    0x9faa7d7d, 0xe4fe1c01, 0x7d7daa9f, 0xe4fe9fa8, 0x2e008200, 0x00bc0001, 0x04e504e5, 0x001100ed, 0x922e4031, 0x10814a7b, 0x80873582, 0x80832520, 
    0x80872520, 0x07053b08, 0x06020325, 0x53bdfe4c, 0xdbfe5901, 0xea2aff98, 0x5442014c, 0x2501a6fe, 0x29fffe96, 0xc66301e5, 0xcb9d9dcb, 0xfe6301c8, 
    0x9ecbc79e, 0xfec6cb9c, 0x0004009d, 0x055a0183, 0xab6e0543, 0x2f390805, 0x69003800, 0x446406b1, 0x012e5e40, 0x4c010804, 0x0502070c, 0x05040204, 
    0x01008002, 0x01060300, 0x06006903, 0x06080900, 0x08006909, 0x08050400, 0x010b6704, 0x02000002, 0x3b068259, 0x0a610002, 0x00020001, 0x13222251, 
    0x38000112, 0x22303236, 0x292f222f, 0x24252627, 0x0c04ab18, 0x160b0d35, 0x0006b12b, 0x26220144, 0x033e3702, 0x12163233, 0x57030e07, 0x37240ffe, 
    0x23072327, 0x0805a953, 0x17070628, 0x36323301, 0x23263637, 0xa1820223, 0x141b70ee, 0x79e1ba7d, 0x1a71eea1, 0xe2ba7d15, 0x94d67760, 0xb0541414, 
    0x07847676, 0xf9af2708, 0x8b1e5b36, 0x4a080159, 0x3c090e5f, 0xe6fe4429, 0x07341e59, 0x5a1d2707, 0x019d5a01, 0xd378a009, 0xfe9d5ba0, 0x0783a1f8, 
    0xc2749929, 0x74c37677, 0x8276c374, 0xa5430805, 0x1802b5b5, 0x4d36555b, 0x1001cf16, 0x25292a2b, 0x03000000, 0xe9ffbc00, 0xe905d206, 0x23001100, 
    0x64004200, 0x446406b1, 0x05005940, 0x05060806, 0x08008008, 0x07080607, 0x0001007e, 0x03010403, 0x76040069, 0x07260666, 0x07020900, 0x1c416909, 
    0x12133c12, 0x3e400001, 0x36383a3b, 0x2c2d2f31, 0x1a1c2729, 0x23132312, 0x1100080a, 0x410c1101, 0x05340618, 0x35022422, 0x24361234, 0x12043233, 
    0x06021415, 0x3e322704, 0x29191182, 0x16290806, 0x33023e03, 0x07161632, 0x66128323, 0x362206d6, 0xd3613337, 0x48032d05, 0xa7d9febe, 0x4601fe94, 
    0x2601bfb2, 0x49080882, 0x7b8bbafe, 0x7466b1e1, 0xe27b84cb, 0xcb7365b0, 0xcf8e13bb, 0x559a6372, 0x5a03d304, 0x49693a40, 0x57670e09, 0xd3166a40, 
    0x64b3831b, 0x1751a972, 0xb62301a9, 0xfc4101af, 0xdefea992, 0xbefeafb6, 0x65ed92fc, 0x7e7adeae, 0x068275c8, 0xc97e793a, 0x72120275, 0x965870bb, 
    0x3848395e, 0x7b563a5f, 0x965e3848, 0x00bb6f57, 0x08122f41, 0x59405c25, 0x05070800, 0x80050807, 0x07060500, 0x007e0605, 0x09030001, 0x00690301, 
    0x08070009, 0x00690709, 0x82040006, 0x302b41e1, 0x2b160622, 0x36212741, 0x27020e01, 0x37262606, 0x33161633, 0x37363632, 0x22232636, 0x41230706, 
    0x2741053d, 0x73023f20, 0x72ce8e13, 0x04529763, 0x415302d4, 0x09486939, 0x4157660f, 0x1bd41472, 0x7264b687, 0x284150a9, 0xbb713723, 0x58010170, 
    0x48385e96, 0x573a5f38, 0x5e39487a, 0xbc6f5797, 0x57420400, 0x002e2d0c, 0x40580037, 0x06010b55, 0x06050205, 0x42056c43, 0x082d064f, 0x69080407, 
    0x05000700, 0x69050706, 0x056c430a, 0x023a0682, 0x01096100, 0x51000200, 0x12132424, 0x35370001, 0x2e242f31, 0x2b2d2e24, 0x51422527, 0x2425410c, 
    0x66432720, 0x23232306, 0x67431307, 0x201c4107, 0x01776a34, 0x1384824f, 0x8387b813, 0x445c3b23, 0x34080848, 0x11415c45, 0x02a32d21, 0x73738fcf, 
    0x6301d288, 0x38313139, 0x2808c182, 0x05ba03da, 0x00d2055b, 0x0014000c, 0x0b404043, 0x00030106, 0x0a4c0105, 0x03040908, 0x00050005, 0x02020686, 
    0x01050501, 0x36078357, 0x075f0501, 0x05010501, 0x000d0d4f, 0x0d140d00, 0x11121314, 0x820e0f10, 0x110c313c, 0x0b121112, 0x012b1a06, 0x13230303, 
    0x33131333, 0x2e080682, 0x23132103, 0x23072137, 0x48b90303, 0x9e5a8632, 0x589ec14b, 0xfdae3385, 0x12a34733, 0xa411c901, 0x01ba0347, 0x02cdfe33, 
    0x019bfe18, 0x83e8fd65, 0xaa01250b, 0x56fe6e6e, 0xa1269782, 0x4b05b503, 0x5a82d805, 0xc4003229, 0x03080bb7, 0x65090603, 0x250807b4, 0x0a09002c, 
    0x72090a06, 0x07070600, 0x01087006, 0x0a000002, 0x690a0009, 0x02020700, 0x07005907, 0x0c600207, 0xbf820b05, 0x0207022b, 0xb04b1b50, 0x40585028, 
    0x2133852d, 0x34a58006, 0x8a2e4021, 0x060a232f, 0x659e7e07, 0x40595935, 0x000d0e1d, 0x24262800, 0x141f2123, 0x0d101112, 0x82320e32, 0x120c29bd, 
    0x0d111211, 0x012b1a06, 0x31081541, 0x05030323, 0x33372622, 0x36163706, 0x27263637, 0xe2672627, 0x07162205, 0x05204323, 0x17063e08, 0x07161617, 
    0xab020606, 0xc14b9e58, 0x3384589e, 0x33494aae, 0x686843fe, 0x5a0b880d, 0x04043729, 0x553a281b, 0x8b0b0945, 0x0f65635d, 0x2a1f0687, 0x06043324, 
    0x53543a3b, 0x03860c0c, 0x084f41ba, 0xfe344308, 0xfe3501cc, 0x505b05cb, 0x19010140, 0x061b181c, 0x3e590c08, 0x0101514c, 0x1d255756, 0x0a2f1d15, 
    0x41590d07, 0x00005649, 0x03da0003, 0x05f605ba, 0x000b00d2, 0x00190013, 0x0a4f4052, 0x08000207, 0x67650206, 0x03002c06, 0x67030204, 0x0504010b, 
    0x82570405, 0x05042706, 0x0e0c0f5f, 0x0e820d09, 0x144f0532, 0x000c0c14, 0x14191400, 0x16171819, 0x0c130c15, 0x4d051642, 0x102209c8, 0xff821b06, 
    0x23072124, 0x03843307, 0x08071742, 0x33132124, 0x02073303, 0x6e015ab9, 0xbb10e914, 0xe812b913, 0x460ffd12, 0xc90112a2, 0x0246a412, 0x488558cc, 
    0xd08311dc, 0x68656e24, 0x1b426e6f, 0x22dd8205, 0x82006e56, 0x00032600, 0x06ba039e, 0x08b38285, 0x1c00122a, 0x9e001f00, 0x071f1440, 0x0a080902, 
    0x090c0204, 0x0a05010d, 0x05030103, 0xb04b4c04, 0x4058500e, 0x0d0b0e2e, 0x03050406, 0x71321582, 0x03010207, 0x09080000, 0x00670800, 0x0c050a0c, 
    0x50180057, 0x0c2b072f, 0x0060050c, 0x50050c05, 0x872d401b, 0x86032130, 0x37082fa2, 0x131f4059, 0x1e000013, 0x131c131d, 0x191a1b1c, 0x15161718, 
    0x00120014, 0x12121112, 0x0f111312, 0x012b1c06, 0x37133301, 0x37173303, 0x23130333, 0x27230727, 0x13210723, 0x08071241, 0x27332552, 0x3b01ed01, 
    0x92e1817f, 0x958c5796, 0x62949ae7, 0xe21bfb9b, 0x5a2dfe3e, 0xd1135501, 0xb414b515, 0x91c5011e, 0x02ba032b, 0xfdfffd18, 0x9c9c0401, 0xebfefdfe, 
    0x6c6caeae, 0x836e1802, 0xb3d1bb6c, 0x9e000300, 0x5105ba03, 0x0c00d205, 0x20001600, 0x3e07cd43, 0x4c010807, 0x01020205, 0x01070800, 0x07006908, 
    0x59070000, 0x00070700, 0x09060a5f, 0x82050304, 0x0d4f2d10, 0x2000000d, 0x0d17191e, 0x10150d16, 0x391bcd43, 0x07163233, 0x23060607, 0x36323327, 
    0x26363737, 0x9e012323, 0x5a853348, 0xd9434c9d, 0x5c013405, 0x706cd859, 0x9b100f10, 0x3154426a, 0x08100846, 0x43533331, 0x022e11e4, 0x58618018, 
    0x3e6e7b64, 0x3e325e30, 0xb7820200, 0x7b05b624, 0xb782d505, 0x00202508, 0x0b0b4093, 0x070a0201, 0x0a090106, 0xb04b4c02, 0x4058501b, 0x0807002d, 
    0x7207080a, 0x08090a00, 0x067e090a, 0x0929cd89, 0x59090000, 0x00090900, 0x05f0435f, 0x00090026, 0x2e401b4f, 0x0a212f85, 0x4330a580, 0x1e2d06ba, 
    0x181a1c1d, 0x13141516, 0x0e200d11, 0x07d34420, 0xd3440d20, 0x04052d0f, 0x33363613, 0x34230732, 0x06072607, 0x4105674f, 0x02340d05, 0x2df5fe55, 
    0xe7829b18, 0x82667d15, 0x63861c1b, 0x86197d20, 0x08110541, 0x01010322, 0xcd838b11, 0xa0010160, 0x67665fa3, 0xd3000200, 0x9b031403, 0x0f00dc05, 
    0x39001b00, 0x446406b1, 0x482db75e, 0x012406be, 0x27262606, 0x33056247, 0x06061415, 0x35363627, 0x26072634, 0x16141506, 0xa1633802, 0x603a6f82, 
    0xa16263a1, 0x62a16060, 0x3f59593f, 0x035a5a40, 0xa2600115, 0x60a26361, 0x1883a260, 0x8301ca21, 0x012b0815, 0x3f405a01, 0x00000059, 0x025c0002, 
    0x05ce038d, 0x001f00ee, 0x4b7a002c, 0x585020b0, 0x12240c40, 0x01040311, 0x0400011c, 0x891b4c02, 0x8203200e, 0x8559200e, 0x00182222, 0x05bd7401, 
    0x064d7932, 0x00040401, 0x02050361, 0x00810000, 0x1c401b4e, 0x00231a89, 0x867b0303, 0x0105221f, 0x081e8300, 0x15405920, 0x00012021, 0x2c212c20, 
    0x14161a1b, 0x1f000d0f, 0x0d071f01, 0x22012b16, 0x023e3726, 0x7a423637, 0x06222205, 0x28da8207, 0x16163233, 0x37230307, 0x20e88223, 0x6e188232, 
    0x65080522, 0x71011606, 0x0f159580, 0x775aa371, 0x08010668, 0x5e474441, 0xe235d315, 0x59a35e93, 0x14df5e10, 0x098d2a08, 0x0f0b7b56, 0x462b7919, 
    0x46080859, 0x7d7e8d02, 0x07336c5c, 0x0428190a, 0x28363832, 0x3b7b6d21, 0xcafd637d, 0xa3493c75, 0x0e584158, 0x34090612, 0x00302f2f, 0x79000200, 
    0x21048d02, 0x0d00ee05, 0x5b7a1900, 0x4d79210b, 0x83085260, 0x0e0f30c3, 0x13150001, 0x190f190e, 0x0d000608, 0x88060d01, 0x22b082be, 0x60020e07, 
    0x02280b51, 0x20c3c905, 0x86d68b15, 0x24080682, 0x67d68a16, 0x12127b61, 0x7a61624c, 0x024b1212, 0x82c1ef8d, 0xc3ee6cc3, 0xb86dc281, 0x8c6d6c8d, 
    0x8d6c6d8c, 0x2e008200, 0x026f0002, 0x07fc01e8, 0x0003003a, 0x564f000f, 0x15220571, 0x84820300, 0x02030023, 0x09857069, 0x1b4e0124, 0x17881a40, 
    0x820acc4c, 0x01002622, 0x1240594f, 0x139a7005, 0x13033322, 0x080a1570, 0xd7836f24, 0x3a302482, 0x31510808, 0x07073b2e, 0x03e80251, 0x03e8fc18, 
    0x2e2e466c, 0x30304244, 0x01000044, 0x14826d00, 0x08068f26, 0x6a001400, 0x08e38f18, 0x58502022, 0x0a619b18, 0x034d5e23, 0x2b298201, 0x01010261, 
    0x4e005e01, 0x27b04b1b, 0x5c201f8c, 0x5c201f8a, 0x40211f82, 0x25298215, 0x01000400, 0x004e6904, 0x3b3e8205, 0x594f0001, 0x1323b759, 0x05111124, 
    0x012b1b0b, 0x33132303, 0x36363307, 0x07163233, 0x2d080b82, 0x22232636, 0x4d930106, 0x15cd84d9, 0x547f2309, 0x56167473, 0x370c4fd7, 0x045a3b3c, 
    0x032bfebd, 0x4c3f8318, 0xfafd8595, 0x4a42e101, 0x0082004e, 0x86000136, 0xdf040000, 0x0e00d205, 0x25402800, 0x03000100, 0x80030100, 0x02211982, 
    0x0e027f5f, 0x0e000e24, 0x75822126, 0x2b192c08, 0x03231321, 0x26262223, 0x33023e37, 0xf6020321, 0x5672b6d1, 0x1651cea4, 0xa3f59817, 0x04f6fc01, 
    0x7a40fde8, 0xd48687d5, 0x822efa7a, 0x20538248, 0x21638b2a, 0x62820104, 0x01030022, 0x0020648a, 0x82068266, 0x210d2184, 0x1922d983, 0x6383012b, 
    0x32211336, 0x0e071616, 0x2d022302, 0xf3d0b676, 0xa4fd01f7, 0x161650cd, 0x3f086682, 0xc0022802, 0xd20518fb, 0x8885d47b, 0x00007ad4, 0xfe2b0002, 
    0x055004d3, 0x003600e8, 0x40440046, 0x021e1f41, 0x03040402, 0x02050102, 0x0402004c, 0x05020405, 0x01050080, 0x7e010504, 0x01060100, 0x663c9482, 
    0x03040400, 0x03030061, 0x014e045c, 0x232e2f00, 0x141a1c21, 0x00060813, 0x07360136, 0x18057263, 0x480a785d, 0x332105a3, 0x25f58237, 0x32332436, 
    0x97181716, 0xab48082f, 0x07072106, 0x1322aa84, 0xd3483616, 0x06062906, 0x17160607, 0xc6bcaf01, 0xad088482, 0x4c574d03, 0x480a0964, 0x6664f53c, 
    0x6a9d1212, 0x10425402, 0xc002011c, 0xfe07b4b9, 0x4e3f08fe, 0x0a095e4a, 0x62f5404c, 0x9e111061, 0x365d026a, 0xd287120e, 0x3e441667, 0x442a0d0b, 
    0x3c4317de, 0x3e35100c, 0x9db8d3fe, 0x4151472e, 0x17473c3c, 0x65a42a6c, 0x37037768, 0xbfa66591, 0x4a2da0b1, 0x403d424b, 0x296b194a, 0x7d67619d, 
    0xa2320405, 0x589f6b55, 0x120bcc02, 0x5a302e37, 0x110b651c, 0x5b362f37, 0x0000001b, 0x004d0003, 0x049c07b9, 0x0026003b, 0x004a0038, 0x06444047, 
    0x42000501, 0x05040230, 0x04020119, 0x08014c03, 0x12820002, 0x0500042a, 0x04010769, 0x59040202, 0x04230682, 0x82036102, 0x0220081d, 0x49000151, 
    0x373b3d47, 0x20292b35, 0x0d13151e, 0x0126000b, 0x16060926, 0x1636012b, 0x17161617, 0x3632fb83, 0x16163617, 0x23020e07, 0x26272622, 0x07060627, 
    0x2c420606, 0x06032106, 0x37202186, 0x25067e55, 0x26360506, 0x21832223, 0x3c820720, 0xb5083f84, 0xb9866302, 0x0c16103f, 0x4d141f0c, 0xc07e85d9, 
    0x95101061, 0xba847ee0, 0x0f17213c, 0xd648161e, 0x62c27e87, 0xe0971010, 0x4f64087d, 0x1e37703f, 0x290c0e2c, 0x3e672a0e, 0x12057f50, 0x40516109, 
    0x36172d78, 0x17220c0c, 0x50416528, 0x013a047d, 0x1a11426d, 0x111d0d10, 0x01016d42, 0x7d7bcc7a, 0x3f6979cb, 0x1e101f21, 0x796d3b12, 0xcb7a7ecc, 
    0x4d3ffe7a, 0x3401016c, 0x122e192c, 0x2a113312, 0x4b4b6e39, 0x13273c6e, 0x2d130e35, 0x01372a18, 0x02006c01, 0xecff7d00, 0xe605f904, 0x2b001d00, 
    0x4b404e00, 0x02010109, 0x01000108, 0x00040102, 0x04050129, 0xbc554c04, 0x69380806, 0x07000106, 0x00050401, 0x05006904, 0x59050303, 0x03050500, 
    0x05030061, 0x1e1f5103, 0x24260001, 0x2b1f2b1e, 0x0b0d1416, 0x1d000406, 0x06081d01, 0x32012b16, 0x23262617, 0x2408cb45, 0x06070712, 0x05f47202, 
    0x023e3725, 0x82062617, 0x165c080f, 0x37363233, 0x02262637, 0x0761aed8, 0x793f809c, 0x95580e42, 0x4ae4c062, 0xb2200a27, 0x9fa4f4fe, 0x051c57d3, 
    0x9aed9b1c, 0x0214897a, 0x75705113, 0x0d141b8e, 0x6f0e045c, 0x1a1ab1a9, 0xc22726d4, 0x3af59afe, 0xa9d1fecb, 0x1699f089, 0xef7fe497, 0x13819b01, 
    0x99b79b7c, 0x00582a74, 0x24080082, 0xfe0a0001, 0x05c805f2, 0x000c00d2, 0x0a2d4030, 0x02030204, 0x01004c01, 0x01030200, 0x01046702, 0x03000003, 
    0x22068257, 0x825f0003, 0x4f002109, 0x0c343282, 0x14110c00, 0x19060511, 0x2107052b, 0x37010137, 0x01210721, 0x2108f982, 0x43fb28ef, 0xfed10219, 
    0x9b041821, 0x0108fd28, 0xb4fd0b7e, 0x0296ee20, 0x99d102e0, 0x44aafdf1, 0x3c8299fd, 0x53000126, 0xe205fffe, 0x072a6f82, 0x24402700, 0x01000102, 
    0x5f828600, 0x85010121, 0x5f012566, 0x01030100, 0x07246683, 0x11110700, 0x013f6684, 0x21132101, 0x05012103, 0xfeddfee2, 0xf0fdfdd2, 0x01d2fefd, 
    0xf9d20523, 0xfae9052d, 0x84d30617, 0x26ff30c7, 0xb50323fe, 0x19003c06, 0x32403500, 0x82030110, 0x010026c0, 0x02004c02, 0x21c98200, 0x67826903, 
    0x59010028, 0x00010100, 0x74830461, 0x01515a08, 0x0e131500, 0x0006080c, 0x05190119, 0x032b160b, 0x37272622, 0x32331616, 0x36361337, 0x17163233, 
    0x23262607, 0x06030722, 0x54293b06, 0x3b113622, 0xd1198616, 0x31c4f322, 0x143f2b52, 0x18812346, 0xfeeb21d4, 0xe9090723, 0x04990604, 0x0bd9ccec, 
    0x0503e30a, 0xc703fb93, 0x258f84d2, 0x00007f00, 0xe7827b05, 0x3100082f, 0x01012e40, 0x4c010201, 0x00030000, 0x20948285, 0x21f18301, 0xf1850202, 
    0x005f0225, 0x83020302, 0x082908f1, 0x11110800, 0x19060512, 0x0113012b, 0x03230133, 0x34023723, 0xee160243, 0x69fd51fd, 0xf30227e7, 0xa90436fe, 
    0x04022efa, 0x364883ef, 0x05ceff0a, 0x008e0479, 0x0024001b, 0x4042002d, 0x0d0f103f, 0x82000303, 0x2bfa82b3, 0x0301021b, 0x4c030201, 0x4a00010e, 
    0x03258e82, 0x69030002, 0x22828204, 0x82590201, 0x01022206, 0x33858361, 0x291c1d51, 0x1d241c27, 0x05292c24, 0x172b1806, 0x26263727, 0x6b051353, 
    0x7308061d, 0x2223030e, 0x32252726, 0x36373636, 0x27160127, 0x26072601, 0x06070606, 0x31bf404a, 0x7d131226, 0x6877e0b9, 0x40c03fae, 0x122832c0, 
    0xdeb87d14, 0x41b06976, 0x96528801, 0x290f0e69, 0x864516fe, 0x5c44eb01, 0x0c689856, 0xa3503210, 0x7768bb4b, 0x45599dd0, 0xa54ca43d, 0x7769bc4b, 
    0x475a9ed0, 0x8a518d3e, 0xfe4e5f53, 0x0184365b, 0x010135a3, 0x5d548a51, 0x0239ad82, 0x00006a00, 0xd205a004, 0x09000500, 0x17401a00, 0x03070809, 
    0x01000104, 0x08b6734c, 0x02111222, 0x1326b182, 0x01013301, 0xea821321, 0x026a4708, 0x2101ff16, 0xfffeeafd, 0x8b1e01b1, 0xe802e6fe, 0x16fdea02, 
    0x2b0118fd, 0xbc01bd01, 0x020044fe, 0x7703ab00, 0xfe05da03, 0x20001400, 0x3a403d00, 0x0105010b, 0x04000111, 0x05004c02, 0x02610105, 0x4f010101, 
    0xaa49074d, 0x02063c05, 0x00500000, 0x0115164e, 0x151a1c00, 0x10201620, 0x090d0e0f, 0x01140007, 0x690a0814, 0x172a0b1f, 0x03333733, 0x06233723, 
    0x22543706, 0x22430805, 0x16060706, 0x794ca901, 0x6d151339, 0x5f5b458f, 0xe9140609, 0x0711e769, 0x411f751e, 0x380c0b53, 0x0c534342, 0x77033a0c, 
    0x7c728e43, 0x324f3a8e, 0x6d83fd7c, 0x4fae432f, 0x4f4f4745, 0x00504546, 0x82a60002, 0x06c52fa7, 0x001500b8, 0x40720022, 0x0501090a, 0xa7840303, 
    0x1db04b2b, 0x1d405850, 0x4a020200, 0x24b3824d, 0x03006103, 0x20b28703, 0x22b28601, 0x8224401b, 0x6100211f, 0x26980f85, 0x17405936, 0x00011617, 
    0x22161b1d, 0x0c0e2217, 0x05060708, 0x15011500, 0x2726dc86, 0x13230723, 0x59480333, 0x16660805, 0x020e1415, 0x36363227, 0x22233435, 0x14150606, 
    0x5a750216, 0x140d0d62, 0x37e78ae5, 0x59692009, 0x2549723f, 0x43af804f, 0x3d6a224e, 0x0339274f, 0x722d4a77, 0xc3fe3c03, 0x6f2d4b38, 0x79893c61, 
    0x5f47ae4c, 0x5c3f6222, 0x0031332b, 0x00010000, 0x037103bc, 0x00fe0597, 0x4031001b, 0x0b18192e, 0x0203040a, 0xb5824c01, 0x0061013f, 0x4d4f0101, 
    0x00030300, 0x00010461, 0x4e005000, 0x14160001, 0x06080d0f, 0x1b011b00, 0x05794105, 0x43343521, 0x8f840a9d, 0x32333508, 0x06173736, 0x9b0b0206, 
    0x91b958b4, 0xd802a394, 0x44342904, 0x33382351, 0xca155633, 0x7103b227, 0xa95a8599, 0x2d697c6c, 0x62463139, 0x3531392a, 0x7f6c2d3a, 0x02358b82, 
    0x7703b900, 0xb806f803, 0x21001300, 0x0a407200, 0x0105010a, 0x136b4110, 0x1e429a86, 0x076b410d, 0x02060322, 0x4d23ac82, 0x94050500, 0x40593026, 
    0x01141517, 0x141a1c00, 0x0f211521, 0x820c0d0e, 0x011322ce, 0x066b4113, 0x3321ce87, 0x09484213, 0x34353623, 0x066b4126, 0x65b50138, 0x6f944a97, 
    0x0a076262, 0xe58ae835, 0x6c1e0c15, 0x264f3c0c, 0x6a413138, 0x78240805, 0x74b35c8c, 0x3f012e57, 0x346dc4fc, 0x5d3fae3e, 0x412f332c, 0x2f322b5d, 
    0xb5000200, 0x87036e03, 0x1700ff05, 0x3b24db82, 0x14153840, 0x2605d945, 0x03020004, 0x89690204, 0x030025ad, 0x06610003, 0x25076f41, 0x181a1e20, 
    0xa4841012, 0x17011723, 0x0c734107, 0x04141526, 0x14151407, 0x22066f41, 0x85023e03, 0x025e08a7, 0x67c68f0a, 0xac7a85c0, 0x88e9f5fe, 0xcb0e512c, 
    0x6ae0c11f, 0x313a2971, 0x6e034a3a, 0xb062838c, 0x675a6970, 0x0506064c, 0x151a1a67, 0x8e016d55, 0x11110601, 0x00391c1c, 0x02130001, 0x06220374, 
    0x002000f0, 0x13174079, 0x19040501, 0x04050301, 0x03020101, 0x04010001, 0x03011b4c, 0xf6424b01, 0x82212005, 0x61042cb0, 0x4e040400, 0x0201064d, 
    0x825f0302, 0x4d4b27b6, 0x00010100, 0xbb820761, 0x584d5120, 0x00042805, 0x05040305, 0x82010069, 0x00012213, 0x29298965, 0x40594e02, 0x1d000215, 
    0x7818181c, 0x20230970, 0x82082002, 0x451320df, 0x232109f7, 0x05f34237, 0x0806fa45, 0x07330783, 0x06060323, 0x1c3d1884, 0x0b190d37, 0x894f0f5f, 
    0xb1228c1b, 0x24322083, 0x1b191047, 0xa0020a50, 0x17489f1c, 0x047402b6, 0x0603a807, 0xa3de015a, 0x0a088275, 0x390303a1, 0x4cfea311, 0x00009e90, 
    0x94000200, 0xdd038402, 0x1f00fe05, 0x87002c00, 0x01190b40, 0x03040407, 0x02030102, 0x30b04b4c, 0x2a405850, 0x03060200, 0x80030206, 0x04070700, 
    0x04010561, 0x094d4f04, 0x03060601, 0x03030061, 0x20e2854c, 0x20e28708, 0x202c8827, 0x82138201, 0x203494e2, 0x39ed8203, 0x0120211b, 0x20252700, 
    0x1c2c212c, 0x0f15171b, 0x080a0b0d, 0x011f0006, 0xd3410a1f, 0x06eb4605, 0xa1493720, 0x07874206, 0x33371723, 0x437b8203, 0x4d080bef, 0xb38dda01, 
    0x4205c406, 0x1613a33a, 0x4d641b21, 0x4a487542, 0x64637096, 0xe5160909, 0x69e21469, 0x69254e3e, 0x3a27513c, 0x4d618402, 0x61121915, 0x352c0169, 
    0x5e5d6a2b, 0x305676b4, 0x8bfd8201, 0x9e01857b, 0x652b5c3f, 0x332b5f42, 0x0082002c, 0xa600012d, 0xca037c03, 0x1300b806, 0x82b54800, 0x010222f1, 
    0x05e5414c, 0x01001630, 0x004d4a01, 0x61020404, 0x4f020200, 0xf782034d, 0x4e004c25, 0x8916401b, 0x21228213, 0x18865f00, 0x23b75928, 0x11112313, 
    0x0d4d0a05, 0x4d032006, 0x26080e0c, 0x8ae83cca, 0x762439df, 0x1188765c, 0x073ce843, 0x52393c39, 0x93fee904, 0xa7fe3c03, 0x64875b44, 0x680169fe, 
    0x8234372c, 0x00022d93, 0x027c03a7, 0x0008071b, 0x000f0003, 0x1c2f8e82, 0x17405850, 0x02020105, 0x03006103, 0x824d4e03, 0x4d4b2723, 0x01010104, 
    0x8f82014c, 0x8b096d4e, 0x12504e17, 0x2b170a24, 0x504e1313, 0x69a72f0d, 0x31016ae8, 0x50070639, 0x083a312e, 0x77824f08, 0x83fd7d34, 0x283dc102, 
    0x2a3e3a2c, 0x0200382b, 0x93020a00, 0x8b821902, 0x18000c26, 0xb04b5000, 0x1b248b83, 0x03030105, 0x84060143, 0x07314573, 0x8f835120, 0x04001922, 
    0x00231f82, 0x8f690304, 0x40593d1b, 0x140d0e0e, 0x0e180d12, 0x10242118, 0x2b190a06, 0x0e033301, 0x37232302, 0x37363233, 0x080be84e, 0xe80f012d, 
    0x98620f6c, 0x131c1b5d, 0xed032d39, 0x07063832, 0x3c2d2f4f, 0x054f0605, 0x5870fdf9, 0x16a8225c, 0x3dd70215, 0x383c2a28, 0x413e2a2b, 0xdc2d08c7, 
    0x0c00b806, 0x0ab74e00, 0x02030307, 0x07c94101, 0x1f821220, 0x004d4a31, 0x4d4b0101, 0x02020304, 0x4e024c02, 0x8219401b, 0x5f022114, 0x1b8d0f85, 
    0x0c405922, 0x0c261b82, 0x13120c00, 0xa3820511, 0x13133308, 0x37330333, 0x21130121, 0xa6070727, 0x0d43e78a, 0xfe0601f5, 0xf6feced0, 0x031d398c, 
    0xfe3c037c, 0xe9fed56c, 0x36e59afe, 0x010000af, 0x7c03a600, 0x87821702, 0x30000322, 0x24054842, 0x0101020c, 0x237f8201, 0x004c0000, 0x0e847882, 
    0x825f0021, 0x680e8262, 0x033605fe, 0x03110300, 0x012b170a, 0x02132303, 0x8ae88917, 0xc4fcb806, 0x22823c03, 0x37084f85, 0xff055105, 0x30002100, 
    0x03092d40, 0x01000402, 0x0401064c, 0x02610004, 0x00000201, 0x07084d4f, 0x03030305, 0x004e034c, 0x00210000, 0x23132221, 0x11232413, 0x2b1d0a09, 
    0x0726b982, 0x32333636, 0x8b421716, 0x8207200d, 0x36270867, 0x07062223, 0xce6ba603, 0x40762b06, 0x34124b4b, 0x766e488f, 0x41e84710, 0x35282f07, 
    0xdf3c074b, 0x385c0d40, 0x823c0749, 0x807d3acd, 0x5a4c3c4a, 0x5f7c4462, 0x7b0158fe, 0x28332429, 0x7a0193fe, 0xfe26354e, 0x329f8593, 0xfe05c903, 
    0x23001300, 0x01052040, 0x4c010104, 0x48040400, 0x1c4307c5, 0x0d1a4306, 0x27509485, 0xc92d0809, 0xd36be83b, 0x5c7a2211, 0x4211847a, 0x40083ee8, 
    0x04523e34, 0x029bfee1, 0x5842957d, 0x70fe638f, 0x2d2e7001, 0x0002003c, 0x037203bb, 0x226b82a9, 0x511b000d, 0x4f200bf3, 0x2d0af351, 0x0f4e0050, 
    0x1600010e, 0x0f1b0e14, 0xf351081b, 0x0e394605, 0x48060621, 0xd8460543, 0x022c0807, 0x5eaea009, 0xaf9e8ab9, 0x4183b95f, 0x3138234e, 0x39234e42, 
    0x82957203, 0x9669ab61, 0x68aa6381, 0x26674ea8, 0x644c2e33, 0x00313526, 0x02260082, 0x93028000, 0x8782c403, 0x2200152d, 0x3b403e00, 0x00050103, 
    0x49020113, 0x002505bf, 0x00010161, 0x050c4900, 0x00610230, 0x4d500202, 0x03030106, 0x174e034d, 0xe6480016, 0x15002706, 0x24271500, 0x5d420811, 
    0x48072005, 0x23260add, 0x23272622, 0xf3441303, 0x90803c0b, 0x190818e6, 0x723e5973, 0x804f2349, 0x0d625c5c, 0x42bb390b, 0x3c6b224f, 0x8238274f, 
    0x7d663088, 0x702e532f, 0x79873a63, 0xfe2f4a4c, 0x489201a3, 0x02220be3, 0x2282b900, 0xab82d820, 0x2100132d, 0x35403800, 0x02050110, 0x85010102, 
    0x610226ab, 0x02020103, 0x28a0824f, 0x61010404, 0x50010100, 0x24df824d, 0x154e004d, 0x05234814, 0x2425142d, 0x1a0a0710, 0x1323012b, 0x82060623, 
    0x0823489c, 0x01333722, 0x4441a484, 0x48032707, 0x1f0c3ae8, 0x23485169, 0x08642605, 0xfee51609, 0x081e483c, 0x01930225, 0x483c3454, 0x2f230522, 
    0x482cfe81, 0x00370a1d, 0xa7000100, 0xe8027c03, 0x11000506, 0x0b404f00, 0x02020309, 0x82010a00, 0x4b4c2705, 0x585029b0, 0x464a1240, 0x00012e05, 
    0x044d4f00, 0x4c030301, 0x401b4e03, 0x0c5c4416, 0xbc431888, 0x00112405, 0x43242411, 0x5e4107bc, 0x05474705, 0x03070634, 0x14e169a7, 0x386b200a, 
    0x13211e20, 0x61411034, 0x7c823808, 0x477e7d2b, 0x09c90e43, 0xfe323e08, 0x308f82ad, 0x037203a5, 0x00ff0573, 0x4033002d, 0x1a1d2330, 0x73f4180c, 
    0x474f200e, 0x194a050a, 0x1f212908, 0x080a1618, 0x2d012d00, 0x2a06194a, 0x37312627, 0x32331616, 0x5a343536, 0x3e260556, 0x16323302, 0x85861417, 
    0x14155a08, 0x16171716, 0x020e0716, 0xb679e701, 0x0bd10112, 0x46353d3a, 0x5b7e2d26, 0x62010269, 0x97935b9f, 0x09c8020a, 0x55292637, 0x618d2921, 
    0x70010165, 0x597203ae, 0x29170b69, 0x0e151b23, 0x0e15071d, 0x604a494f, 0x014e612e, 0x131e1402, 0x1b0e1a18, 0x480e1606, 0x33674e43, 0x32008200, 
    0x03b00001, 0x0686026d, 0x00170087, 0x010db55d, 0x57010304, 0x1f2806bf, 0x04020300, 0x80040302, 0x4a3b2582, 0x0201054d, 0x065f0102, 0x4b010101, 
    0x0404004d, 0x1b4e0450, 0x00001f40, 0x87850001, 0x2f219126, 0x110a4059, 0x11132613, 0x0a071011, 0x33012b1d, 0x08059748, 0x3217163b, 0x06173736, 
    0x26222306, 0x37231337, 0xe8390133, 0x7d1b7c17, 0x191d032e, 0x1008250a, 0x70254e27, 0x5630106a, 0x8706571b, 0xeafea38e, 0x08011111, 0x0f0ca003, 
    0x24015f66, 0x337083a3, 0x037703bc, 0x00f905df, 0x402d0014, 0x0001112a, 0x034c0102, 0x02259685, 0x04620002, 0x05034d05, 0x1000012e, 0x0a0d0e0f, 
    0x00040508, 0x06140114, 0x2205d543, 0x7b331337, 0xb54a06e9, 0x01290807, 0x118075b1, 0x083be843, 0x52393b3a, 0x69e73c07, 0x240314d4, 0x86770380, 
    0xfe980164, 0x33362d98, 0xfd6d012b, 0x5e459e83, 0x26008200, 0x03d40001, 0x8208047c, 0x000c377b, 0x061e4021, 0x01000201, 0x0001014c, 0x034d4b00, 
    0x4c020201, 0x0b464e02, 0x11182e05, 0x2b180a04, 0x13330301, 0x36171616, 0x08758236, 0x7b010128, 0x0b42eba7, 0x29140208, 0xfefaa11a, 0x027c0384, 
    0x31dafe7d, 0x62393962, 0xfd270130, 0x01000083, 0x7c03ca00, 0x5b824d05, 0x27001e29, 0x0f1a2440, 0x82030306, 0x8202205d, 0x235e8263, 0x03020405, 
    0x2906b545, 0x111e001e, 0x06111818, 0x61831a0a, 0x16161723, 0x21618207, 0xc8523337, 0x372c0806, 0x27230133, 0x06272626, 0x01070706, 0x16f26c36, 
    0x18010804, 0xcc631935, 0x010c061a, 0x5b172f17, 0xedbdfef6, 0x02060730, 0x73102612, 0xcc398583, 0x4a53802a, 0xcccc387b, 0x4c4e832d, 0xfdcc377b, 
    0x631dc783, 0x1c642f2f, 0x249383c7, 0x037c0370, 0x299382d7, 0x40260017, 0x070d1323, 0xf2890401, 0x84050e47, 0x00172af3, 0x12181217, 0x2b190a05, 
    0x89f58213, 0x8813208a, 0x703b088b, 0xef980c01, 0x0a180f31, 0x511c2f17, 0xa4fbfeef, 0x190f40ec, 0x182c140a, 0x017c0363, 0x58350148, 0x2424461e, 
    0xfe581f45, 0x73bbfec8, 0x2322431d, 0x00731d42, 0x02750001, 0x820f048d, 0x001a267f, 0x0d224025, 0x25118201, 0x02000301, 0xef41024c, 0x00003305, 
    0x03006203, 0x4e035103, 0x13141a23, 0x2b1a0a04, 0x7c823713, 0x2727362a, 0x16133303, 0x31140716, 0x08057c41, 0x2306063a, 0x67752622, 0x43541402, 
    0xf2ad0206, 0x01020a41, 0xad1b2b15, 0x2d55fef5, 0x4c2a91a6, 0x019fac02, 0x120f0103, 0xfe7e0214, 0x355f2fda, 0x2e5f3803, 0x54fd2701, 0x00107749, 
    0xa8247182, 0x81037c03, 0x0b208382, 0x00208383, 0x5f261182, 0x4b010100, 0x7c7a004d, 0x054c4707, 0x0b000b28, 0x05221122, 0x8382190a, 0x37013608, 
    0x07213721, 0x07210701, 0x8d0114a8, 0x1dbcfe01, 0xfe175e02, 0x43010198, 0x767c031d, 0xaf055301, 0x04bcfe85, 0x000200b0, 0x047203b8, 0x00c20636, 
    0x0013000b, 0x0501484d, 0x03001725, 0x82610103, 0x05734362, 0x2208524e, 0x7c15401b, 0x50351139, 0x40594e00, 0x010c0d13, 0x0c0f1100, 0x07130d13, 
    0x010b0005, 0x07ed420b, 0x3205c847, 0x32270606, 0x22233637, 0x31020607, 0x2122b5c4, 0x82c3c4ff, 0xa4fe3705, 0xa52727a4, 0x032628a4, 0xcac9de72, 
    0xc9c9e0df, 0xedeabdde, 0xe082eaed, 0x8a030021, 0x00123297, 0xb75a0019, 0x03101114, 0x4c010302, 0x5015b04b, 0x2f888958, 0x00000104, 0x01056102, 
    0x00590202, 0x1b401b4e, 0x861aaf79, 0x151725a6, 0x120d120c, 0xaf56a686, 0x8b372005, 0x012725a6, 0x26012716, 0x0f2cac93, 0x1fe4fe11, 0x1e1a014b, 
    0x0e28a430, 0x5c2ab48b, 0x1798fe39, 0x1567015b, 0xbc8258ed, 0xfa000131, 0xf9027c03, 0x0700b806, 0x05b63800, 0x49000203, 0x5b4908da, 0x00072221, 
    0x085b4907, 0x37072339, 0x88f90237, 0xec0a69ea, 0xb806e322, 0x7902c4fc, 0x007cc57e, 0x82f20001, 0x82e6205f, 0x000b255f, 0x0101b54d, 0x202c5e85, 
    0x13405850, 0x01040200, 0x63030203, 0x61208583, 0x5e271782, 0x401b4e00, 0x82020019, 0x82572014, 0x03002437, 0x42690001, 0x02220735, 0x7d464f03, 
    0x000b2105, 0x07a35718, 0x06130138, 0x23372306, 0x33373632, 0x5f730103, 0x1e368129, 0x279e5608, 0x6f828ac3, 0x26314128, 0xfc3c5bbb, 0x478200c4, 
    0x7c03a92a, 0xc206e103, 0x55001a00, 0x20053142, 0x5914821e, 0x61200800, 0x29056651, 0x5f040303, 0x04040105, 0xb85b044c, 0x85002005, 0x82022020, 
    0x82022040, 0x311e8a85, 0x000d4059, 0x001a0000, 0x1222271a, 0x1a0a0627, 0x5f18132b, 0x23200a72, 0x08059b41, 0x0f020e39, 0xa9072102, 0x4590011b, 
    0x47070745, 0x08513d3b, 0x9fdd15de, 0x0813afab, 0x5a959535, 0x1e940102, 0x01a57c03, 0x243c2d00, 0x2d2f3430, 0x718c8f7d, 0x4a76632f, 0x82b70838, 
    0x03b5249a, 0x82ee0372, 0x002c28af, 0x0125b586, 0x4d010403, 0x94180633, 0x4a20203f, 0x09335d18, 0x82005021, 0x002c21c6, 0x0f7e5f18, 0x2706e163, 
    0x03000400, 0x69030401, 0x0022fa82, 0x11500861, 0x18592005, 0x23126e94, 0x092c012c, 0x2a050846, 0x06333726, 0x36323316, 0x18263637, 0x640c7f5f, 
    0x072205e4, 0x18590606, 0x02500806, 0x57a36514, 0x4c05ee0c, 0x0756413d, 0x6a444906, 0x553b6a16, 0x3c3e0606, 0xe006563b, 0x66b1750d, 0x0b12ad9d, 
    0x7501587d, 0x780c0d64, 0x427203bc, 0x2a224e75, 0x33282730, 0x26283185, 0x4c22282b, 0x6a8d4074, 0x08075743, 0x4a4c5e0c, 0x00003f71, 0x27050f41, 
    0xb8060904, 0xa4001d00, 0x28053f6b, 0x04060024, 0x03060403, 0x24c58480, 0x00050070, 0x28e88204, 0x07020067, 0x00020001, 0x08c16f65, 0x58502924, 
    0x2b8c2540, 0x967e0121, 0x2f40212c, 0x0124278f, 0x02010402, 0x00282e8a, 0x00590200, 0x61000202, 0x51276484, 0x15405959, 0x18180001, 0x230bc359, 
    0x081d011d, 0x2005a143, 0x060a6626, 0x36374908, 0x3f232326, 0x21372102, 0x16360507, 0x02020e07, 0x53a36d18, 0x4b01ee0c, 0x0854413c, 0x704d4907, 
    0xfe01eb17, 0xb8021e5b, 0x8cc2fe1b, 0x7e0e12a3, 0x427203be, 0x28244d76, 0x3a2c2e32, 0xba067c8b, 0x8604b2a4, 0x3b72536e, 0x00307d82, 0x037c03b1, 
    0x00b806f6, 0x000f000a, 0x010cb556, 0x20050876, 0x20e4821d, 0x85601817, 0x4d4a230e, 0xc8490300, 0x00172505, 0x85000100, 0x19841e8c, 0x13405923, 
    0xa260180b, 0x05ca420f, 0x03213008, 0x07230733, 0x13373723, 0xb1070123, 0x01e8011b, 0x1b745826, 0x15df1674, 0xfe0a2f23, 0xfd0301ec, 0xfd1902a2, 
    0x8181a4e9, 0xfe1b01a4, 0x820009ee, 0x88012000, 0x000f259b, 0x0cb04b92, 0x25209282, 0x8533b183, 0x01010200, 0x05007002, 0x71050404, 0x04010103, 
    0x82570104, 0x04012d06, 0x02060760, 0x50040104, 0x13b04b1b, 0x24202c82, 0x02212c87, 0x212b9a85, 0x268c2340, 0x93860521, 0x59592351, 0x91820f40, 
    0x0fb95a18, 0x07013326, 0x07333733, 0xd582da85, 0xfedaa92e, 0x26ff0263, 0x1b7a25cc, 0x15d8157b, 0xf223d485, 0x82e0e009, 0x000033d7, 0x03d40001, 
    0x06f60372, 0x002000b8, 0x170b40a5, 0x61180301, 0x4044076f, 0x00252c05, 0x02020301, 0x06007201, 0x18010300, 0x430a7561, 0x62210580, 0x05514307, 
    0x2022dc82, 0xb5825850, 0x04262c86, 0x04060500, 0x34886705, 0x00020222, 0x40212a88, 0x24528324, 0x80020103, 0x42269a00, 0x61180574, 0x20220ccb, 
    0xa9562001, 0x09a24308, 0x07062226, 0x07211327, 0x077b6e18, 0x06075208, 0x6b280206, 0xe60d4c9d, 0x44384c06, 0x4f080961, 0x1b4f2744, 0x680279c2, 
    0x3b4efe1e, 0x4f801c07, 0x16138882, 0x437203eb, 0x2b274974, 0x3d35343e, 0x013a1d20, 0x2bc6bab7, 0x8376903c, 0x000200a4, 0x037203c5, 0x00c206ff, 
    0x0027001b, 0x0112b5a6, 0x08954406, 0x02002627, 0x02030403, 0x08956a72, 0x25088d47, 0x05050108, 0x0c416100, 0x502d2209, 0x86e68258, 0x0001232d, 
    0xcb6a0203, 0x212b8d0a, 0x54852540, 0x00800422, 0x5939279b, 0x1d194059, 0x2300011c, 0x1d271c21, 0x10151727, 0x090b0c0e, 0x011b0007, 0x05b5441b, 
    0x37022e26, 0x32332436, 0x4c07c06a, 0x162305aa, 0x60060607, 0x62080c97, 0x668a4a2b, 0x0121142c, 0xaa9ab908, 0x4005ea05, 0x116c592f, 0x58a12308, 
    0x1612817d, 0x61438eed, 0x434c0809, 0x0607673d, 0x2872034f, 0xc978a05f, 0x1f6b9ce8, 0x3d637c19, 0x896e904a, 0x3240ada2, 0x353e4231, 0x02003e34, 
    0x7103b200, 0xb806bc03, 0x1f001300, 0x3b403e00, 0x0204010a, 0x01004c01, 0x82850102, 0x03042b1c, 0x066a0402, 0x00000301, 0x06825903, 0x61000323, 
    0x22da8205, 0x18155100, 0x2a14e95c, 0x26262201, 0x37363637, 0x46013301, 0xb38c0750, 0xa15e083e, 0x500c1057, 0xda210140, 0x5221b5fe, 0x15958125, 
    0x4bb2760f, 0x08086142, 0x623f424b, 0x2308b282, 0x7d3a7103, 0x40824764, 0xbdfe2301, 0x7b831610, 0xae47875e, 0x41323141, 0x41313241, 0xcc000100, 
    0xd5037c03, 0x0722ab82, 0xd2423900, 0x00112105, 0x2006a849, 0x079a4b4a, 0x0f401b22, 0x00242882, 0x67000102, 0x2206ac4b, 0x820b4059, 0x00072925, 
    0x04211107, 0x132b180a, 0x0806b649, 0xf701cc2a, 0x1e30fe01, 0xfe1fc302, 0x027c0307, 0xbab60680, 0x03007efd, 0x7203af00, 0xc206fc03, 0x29001d00, 
    0x6f003500, 0x020716b6, 0x2809cc46, 0x04010820, 0x04020300, 0x08a05603, 0x62184a20, 0x502d0a05, 0x401b4e00, 0x0001001e, 0x05010405, 0x242a8869, 
    0x02020107, 0x07c25600, 0x1b40593a, 0x1e1f2a2b, 0x2f310001, 0x352b352a, 0x291e2325, 0x0e10291f, 0x1d011d00, 0x2208b446, 0x18373636, 0x210ead53, 
    0x97621616, 0x5913200e, 0x26080acf, 0xa9712102, 0x8f0c0b58, 0x52460157, 0xad700b0b, 0x509a6565, 0x49750b0b, 0x0c6e4e01, 0x57bf7b0b, 0x07075e42, 
    0x8241404e, 0x4c200805, 0x0656387a, 0x37394406, 0x43050754, 0x6b3f7203, 0x0c724841, 0x41690c09, 0x3c3b6540, 0x68423f65, 0x2d080c82, 0x6b414971, 
    0x2a389e3f, 0x29353529, 0x5d01382a, 0x31252433, 0x33242531, 0x00020000, 0x036e03c7, 0x00c506ff, 0x0029001d, 0x010bb5a6, 0xe5470503, 0x44262007, 
    0x0821065b, 0x28621801, 0x105c440e, 0x58502b22, 0x21053644, 0x7d430102, 0x44358908, 0x25200c5d, 0x240a5d44, 0x06040506, 0x27279469, 0x19405959, 
    0x00011e1f, 0x27054a41, 0x0e101416, 0x04050709, 0x6c0c5041, 0x372005e2, 0x2a05ae50, 0x33363637, 0x07021e32, 0x4103020e, 0x09280b44, 0x044b9166, 
    0x2d4204ea, 0x08054843, 0x837c573b, 0xb1e41612, 0x2b678a4a, 0xca861614, 0x05673f2c, 0x423f4c06, 0x4d080863, 0x794a6e03, 0x7f1b2148, 0x90493e63, 
    0x2aae816e, 0x8578a260, 0xc1016ac4, 0x40313540, 0x41323142, 0x34008200, 0x03da0002, 0x06e4037c, 0x001300c3, 0x403d001f, 0x02010a3a, 0x05574304, 
    0x01058639, 0x03010600, 0x69030004, 0x02020400, 0x04005904, 0x00610204, 0x43020402, 0x32311756, 0x06071616, 0x23010706, 0x23060601, 0x3e372622, 
    0x975f1802, 0x024f080b, 0x57a15e8e, 0x40500b11, 0x01dae0fe, 0x234d2144, 0x10149582, 0x424bb276, 0x4b090860, 0x09614042, 0xc3064c08, 0x47647d3b, 
    0xdefe4082, 0x140f3f01, 0x875d7b84, 0x3240af48, 0x31414131, 0x00004032, 0x02d00001, 0x06d402ed, 0x000e00f7, 0x64154018, 0x1a820a87, 0x4f013308, 
    0x0a021417, 0x3e132b18, 0x06333702, 0x16060702, 0x26231716, 0x6e4f0ffa, 0x795fcf3f, 0x24050c14, 0x048acf24, 0xb8c75ada, 0xe2fe8644, 0xaa8a447b, 
    0xff82ef73, 0x67000128, 0x3c02e102, 0x5382eb06, 0x167b4718, 0x0e000e30, 0x170a0316, 0x3636132b, 0x27023637, 0x5c821e33, 0x07062008, 0x156e5967, 
    0xdd291f17, 0x10042623, 0x025c7517, 0x7ee38ce1, 0x721e018d, 0x63cbb23e, 0x8269fb88, 0x0100235a, 0xaf82b300, 0xaf82b620, 0x276f5018, 0x2b190a3c, 
    0x07211313, 0x07330323, 0x5701acb3, 0x7b747c1a, 0x04ed021b, 0x3efda40a, 0x4f8200a4, 0x4f828720, 0x4f888a20, 0x21075018, 0x37284f83, 0x37231333, 
    0x1b870321, 0x012b4c83, 0xed02ab58, 0xa4c202a4, 0x8200f6fb, 0x03fb394f, 0x06b403d0, 0x000b002a, 0x0db04b5a, 0x20405850, 0x01010200, 0x01067002, 
    0x07476e18, 0x57282582, 0x01010103, 0x01046000, 0x50233082, 0x821e401b, 0x85022122, 0x05222183, 0x18820386, 0x74480020, 0x22208705, 0x820e4059, 
    0x180b20fb, 0x2607e750, 0x012b1b0a, 0x48372337, 0x0130071d, 0x1eef23c7, 0x22bc22f0, 0x22ef1fef, 0xbad0d003, 0x2f820283, 0xfa295a82, 0xb203a004, 
    0x03005a05, 0xc7481800, 0x7a0a201c, 0x033405c8, 0x66fd1eb2, 0xba5a051f, 0x020000ba, 0x0f04e700, 0xeb05c803, 0x07233b82, 0x18402900, 0x290ab756, 
    0x5f020303, 0x4b020200, 0x8d7d4e03, 0x2447820f, 0x07213713, 0x08038201, 0x021de72c, 0x9dfd1f94, 0x1e920220, 0xbaba0f04, 0xb9b92301, 0xe4ffffff, 
    0x1303c7fe, 0x07014e01, 0x39ff0806, 0x090050fb, 0xb80200b1, 0x401850fb, 0xdf260867, 0xfe02c7fe, 0x1f820802, 0x1f940920, 0xc1fef524, 0x3f84d002, 
    0x1f870a20, 0x3f8b0120, 0x5f82f220, 0x3f843120, 0x3f940b20, 0xbefeee26, 0x4f01c002, 0x0c205f82, 0x4c261f94, 0x5b02c4fd, 0x1f824002, 0x5f940d20, 
    0xd4fdcd24, 0x7f841603, 0x3f940e20, 0xccfedf24, 0x7f840303, 0x3f940f20, 0xccfee026, 0x58025401, 0x10205f82, 0x43243f94, 0x5201e3fd, 0x11201f84, 
    0x5f831f94, 0x5f841520, 0x5f941220, 0x01211f82, 0x201f8450, 0x211f9713, 0xff848a04, 0x1f971420, 0x84020321, 0x941520df, 0xfef4241f, 0x84e202c2, 
    0x9416201f, 0xfdb9249f, 0x84fd02e3, 0x9417201f, 0xfdf2241f, 0x841103e3, 0x9418201f, 0xfee02a1f, 0x012102cc, 0x06070155, 0x207f9419, 0x207f82de, 
    0x20bf84ac, 0x261f941a, 0x01bdfee9, 0x82d701bf, 0x941b203f, 0xfef5261f, 0x011803c7, 0x201f8249, 0x251f931c, 0xccfe0d00, 0x1f844103, 0x1f941d20, 
    0xccfe0324, 0x1f848604, 0x1f931e20, 0x82a9ff21, 0x8410203f, 0x941f201f, 0xfdae241f, 0x844803dd, 0x9420201f, 0x82e1201f, 0x84ba20ff, 0x9421201f, 
    0xfef1261f, 0x026f03c2, 0x20bf8212, 0x143f4122, 0x23201f89, 0x03201f87, 0x210a1f43, 0x5f823300, 0x08023222, 0x24203f82, 0x00215f93, 0x201f822b, 
    0x201f841f, 0x211f9325, 0xdf82e2ff, 0x7f841a20, 0x1f942620, 0x9f82ee20, 0x1f842720, 0x1f982720, 0x5f844220, 0x1f942820, 0x5f82ea20, 0x1f842f20, 
    0xdf942920, 0x2a201f89, 0x00213f93, 0x857f820d, 0x932b203f, 0xfeff211f, 0x38201f82, 0x2c209f84, 0xeb245f94, 0xf502c1fe, 0x2d207f84, 0x00211f93, 
    0x209f8205, 0x201f840e, 0x205f942e, 0x205f82e8, 0x205f8435, 0x147f412f, 0xbefe002a, 0x15023803, 0x30060701, 0x13205f94, 0x1d225f82, 0x1f821302, 
    0x1f943120, 0x3dfe0926, 0x47020d02, 0x32201f82, 0xa0267f94, 0x750131fe, 0x1f823b02, 0x1f943320, 0x3dfeec24, 0x3f84ef01, 0x1f943420, 0x1f82c020, 
    0x1f84c320, 0x1f933520, 0xff340027, 0x01ed0220, 0x205f827a, 0x261f9436, 0x02f0ff33, 0x82aa00eb, 0x9437201f, 0xff20251f, 0x0101035f, 0x38209f83, 
    0x0036df91, 0x0013fe01, 0x05d90300, 0x000300d2, 0x00164019, 0x4d560000, 0x826b0102, 0x00032a07, 0x0b031103, 0x01212b17, 0x28288233, 0xfbcff704, 
    0xfad20509, 0x3025822e, 0xff070002, 0x030103f7, 0x000b0045, 0x402b0013, 0x11445528, 0x4e005722, 0x18104155, 0x2f0e2a48, 0x12133227, 0x02032223, 
    0x94a33e01, 0xa6db2121, 0x223b0582, 0x2b828bda, 0x2c81822b, 0xccda092b, 0xccdcdfc9, 0x01a6ddc9, 0xfe050100, 0x82fefefd, 0x8a032077, 0x00122b77, 
    0x40340019, 0x0d171831, 0x4382040c, 0x82824c20, 0x01030227, 0x01056902, 0x06326403, 0x14298282, 0x13000113, 0x10191419, 0x091d550e, 0x26220522, 
    0x22081d55, 0x82261303, 0x17062781, 0x27361332, 0x888c1603, 0x18fbec2d, 0x0e2c812c, 0x0e2b8265, 0x8818f905, 0x19012f8e, 0xfe1f7301, 0x01ac56fd, 
    0xfe3a5400, 0x76821c8e, 0x00005028, 0x3c030402, 0x73180700, 0x00210ed3, 0x18b2825f, 0x370fd373, 0x07231323, 0x04023737, 0x096eca88, 0x03bc1dc7, 
    0x02c4fc3c, 0x7cae8597, 0x43264782, 0xf2010000, 0x6c183d03, 0xe1541283, 0x18032008, 0x27081069, 0x05132112, 0x332b190b, 0x380adf54, 0x7323669f, 
    0x490f1b2c, 0x8aa5268f, 0x2f396902, 0xfc3a5ca6, 0xff0100c3, 0x289f82f6, 0x004503ba, 0x402c001a, 0x08d65429, 0x230fb554, 0x004e0457, 0x2309b254, 
    0x232b1a0b, 0x0817b254, 0x01170a31, 0x06384355, 0x312f3808, 0x13bf0846, 0x9f8e87ad, 0x802d0712, 0x01024283, 0x018e1b45, 0x2a4c360f, 0x2c333232, 
    0x69878572, 0x6a885a25, 0x82a00a3a, 0x24878258, 0x02f7fffe, 0x258782c4, 0x404c002a, 0x73182549, 0x7c5415fb, 0x00572817, 0x2000014e, 0x181a1b1e, 
    0x230ae8a8, 0x092a012a, 0x54055242, 0x4c082379, 0x01060607, 0x4f8d4f29, 0x4103cf0b, 0x09462f2f, 0x4f3a4108, 0x502f5017, 0x2b310707, 0xc0064a31, 
    0x5494630c, 0x0b109283, 0xc5014d6b, 0x09cc141c, 0x17496534, 0x2b2c3323, 0x2b368d36, 0x252e3128, 0x8b3c6d49, 0x0a5a4168, 0x6e9e1b08, 0x2ed08287, 
    0xff000001, 0x03e502f7, 0x001d003c, 0x543f4042, 0x14541f1a, 0x84002005, 0x131154c7, 0x26220522, 0x1420c582, 0x54083f55, 0x25080611, 0x0e071616, 
    0x58300102, 0xcf094b8d, 0x46322e3f, 0x3a2f0708, 0x01c81669, 0x021ba6fe, 0xfbfe184b, 0x0d117f69, 0xac839e6a, 0x35201a36, 0x86462b31, 0x89a10798, 
    0x678d06ca, 0x003a6e50, 0xfdff0200, 0xbd200482, 0x7418a382, 0xef530c8f, 0x03572213, 0x10ec534e, 0x2b1a0b26, 0x33013727, 0x0809ec53, 0x03070321, 
    0xfda5011a, 0x601b605c, 0x2313c012, 0x02ea0b36, 0x30029b71, 0x719fd4fd, 0x45019f71, 0x820bc6fe, 0x2273885a, 0x5554000f, 0x1c20058b, 0x180ae753, 
    0x270b476e, 0x05570505, 0x1b401b4e, 0x02211e87, 0x531d9085, 0x928312a9, 0x820ba953, 0xba652e92, 0xd201a4fe, 0x6629ad28, 0xba13651b, 0x23938413, 
    0xf5f50bdf, 0x00369682, 0xff210001, 0x03d602f7, 0x0020003c, 0x170b4077, 0x06030212, 0x71650111, 0x531c2005, 0x5721237a, 0x53a38200, 0x2682217a, 
    0x15405924, 0x79530001, 0x11a24210, 0x08117953, 0x5942013b, 0xc60e4187, 0x362d3508, 0x3a0a0a59, 0x17441e36, 0x00026ea1, 0x3c99fe1b, 0x456b1507, 
    0x15127365, 0x6e4009c4, 0x472f2a43, 0x1c443e3d, 0x9d013e18, 0x3c29e5a1, 0xa1816d95, 0x22008200, 0x82100002, 0x03d432e3, 0x001b0045, 0xb5770027, 
    0x06050112, 0xb04b4c01, 0x244d5324, 0x4d53e084, 0x53e18422, 0xe584174c, 0x45022e21, 0x23230659, 0x82232626, 0x523320e5, 0x4c530598, 0x015a080d, 
    0x5d763a45, 0xdc211528, 0x06978299, 0x213301cb, 0x07145f47, 0x604a841d, 0xbf171373, 0x09593585, 0x3738340a, 0x33070759, 0x9e572209, 0x97f2c87d, 
    0x8c212668, 0x914f4178, 0x96a0846d, 0x4d373a4b, 0x4b383a4c, 0x00020000, 0x02f5ff00, 0x003c0392, 0x001e0012, 0x010ab5a4, 0xf3830204, 0xf3820a20, 
    0x51531a20, 0x926f180b, 0x20c1820a, 0x057a561b, 0x5d222197, 0x21824e00, 0x439e0d20, 0x3e9a4020, 0x59595936, 0x13141540, 0x181a0001, 0x1e141e13, 
    0x08090b0d, 0x12011200, 0x0b1c6618, 0x01331323, 0x11fc7436, 0x17013b08, 0x1048844b, 0xfc36450b, 0x37fffeb5, 0x15766936, 0x3998690f, 0x0a095235, 
    0x53353736, 0x0b390909, 0x43627b39, 0x2f01417e, 0x820dcdfe, 0x47825b7b, 0x37374a98, 0x38394c4e, 0x00820049, 0x0c00012c, 0xb3020000, 0x07003c03, 
    0xa0831d00, 0x96530d82, 0x02572206, 0x0893534e, 0x75180b20, 0x07340795, 0xb7010c01, 0x1b83fe01, 0xfe1b5102, 0x07990246, 0x65fda19c, 0x03222682, 
    0x4b42feff, 0x001c2906, 0x00340028, 0x15404043, 0x53059453, 0x573a1a6a, 0x292a4e00, 0x00011d1e, 0x34292e30, 0x2224342a, 0x281e281d, 0x1c000d0f, 
    0xa2451c01, 0x36362408, 0x47263537, 0x1620067a, 0x54090d5a, 0x67530bb3, 0x016d080b, 0x50955e41, 0x50840c0b, 0x0f0c4b3f, 0x875680b5, 0x6e0c0a48, 
    0x62470142, 0x9b640b0d, 0x08513557, 0x33333d08, 0x38070851, 0x07492f70, 0x2d2c3506, 0x34080848, 0x3f6a3f09, 0x080d724b, 0x5c46650d, 0x3b653c80, 
    0x080d6645, 0x3f4d720c, 0x408b3f69, 0x3d3c2f32, 0x01412f30, 0x2a2b3e65, 0x2a2a3939, 0x0200003f, 0xf3ff1200, 0x4903d302, 0x22eb8300, 0x430bb5b5, 
    0x0a250637, 0x29405850, 0x300c8208, 0x72050203, 0x06010300, 0x007e0103, 0x01020201, 0x08c15670, 0x42073a53, 0x24200530, 0x2a203082, 0x06233084, 
    0xa1800305, 0x2b402131, 0x06232c92, 0x937e0201, 0x5959275f, 0x1d1e1940, 0x55410001, 0x08725305, 0x530b5b41, 0x36251072, 0x0607021e, 0x0b725306, 
    0x2f014e08, 0x04458157, 0x213502cb, 0x07145c47, 0x644a931d, 0xc4161260, 0x5b74398c, 0xd6211528, 0x0758325e, 0x37363808, 0x3a090953, 0x4677470d, 
    0x778f2327, 0x6e8e5140, 0x2301a783, 0xca7ea15a, 0x4cb201f0, 0x4e4c373b, 0x004d3738, 0x00020000, 0x2a04822c, 0x004703bb, 0x001e0012, 0x53334036, 
    0x6a53056f, 0x02002b0b, 0x69020401, 0x57010100, 0x0d434e01, 0x53012015, 0x03220668, 0x67530123, 0x01490812, 0x46834ca6, 0x35460a0f, 0x0001b5fc, 
    0x726b3637, 0x98690f13, 0x0a53353a, 0x30343a09, 0x3b0b0a56, 0x793a4703, 0x41804460, 0x3301d1fe, 0x5c77830d, 0x4a974784, 0x46473b3a, 0x004a3b3b, 
    0x004c0001, 0x02a80278, 0x000b00bb, 0x05f0435a, 0x23501352, 0x372b1b0b, 0x260a1352, 0x1ad023f9, 0x84a223d0, 0xd5782705, 0x9ad4d49a, 0x878200d5, 
    0x46014726, 0xea01a302, 0x201f0f52, 0x050f520b, 0x1ba30234, 0x011abffd, 0x00a4a4ea, 0x3a000200, 0xbb02bc00, 0x3b827102, 0x18000721, 0x3237a34f, 
    0x39021b3a, 0x1af5fd1b, 0xbc1a3902, 0x1401a2a2, 0x8200a1a1, 0x00012800, 0x01b2ff3e, 0x54b103f9, 0x16231583, 0x540b0214, 0x21080b83, 0x26262317, 
    0x64480e53, 0x7056b438, 0x2d151114, 0x012737b4, 0xb9c75796, 0xe2fe8844, 0xaad76375, 0x5383f775, 0x82c4ff21, 0x82712053, 0x000f2153, 0x24168354, 
    0x170f000f, 0x22ea8203, 0x54023e07, 0x3c3f0a83, 0x0a2e5446, 0xb4291414, 0x0e072722, 0x4e617614, 0x4087a974, 0x881e0175, 0x57c7ba43, 0x8478f775, 
    0xff3626af, 0x015a01f1, 0x87541803, 0x4b17201d, 0xbe340ad9, 0x090a4a3e, 0x493f3554, 0x0f53080a, 0x44354158, 0x46353e59, 0xff29fb84, 0x01c4fecf, 
    0x00b40057, 0x4ca79703, 0x032707f8, 0x31033313, 0x82e5f098, 0xfef0222f, 0x36878410, 0x01f9fe1a, 0x00000168, 0x401d0011, 0x0001041a, 0x014c0101, 
    0x82490001, 0x61002107, 0x5d2f2082, 0x25244e00, 0x2b180b02, 0x36362713, 0x8a230637, 0x2e200890, 0x135b5814, 0x3e382319, 0x405d090a, 0x150e4941, 
    0x5df9fe91, 0x133c5420, 0x4d3b3b4a, 0xaf7d5657, 0x08265f84, 0x620103ff, 0xe782fb00, 0x1f402225, 0x82040000, 0x650326f2, 0x01020200, 0x054a435f, 
    0x2a082482, 0x110a000b, 0x0b052112, 0x37172b19, 0x37373233, 0x03213723, 0x13082306, 0x03146322, 0x07012985, 0xfde9292b, 0xfb137476, 0x82f5fdfe, 
    0xffff312d, 0x8d027400, 0xdb056e03, 0x6b060701, 0x96026d00, 0x21050354, 0x03549602, 0x201f8a07, 0x211f876c, 0x1f8ab803, 0x9602bd26, 0xd2057102, 
    0x6d203f82, 0x01201f87, 0xb0201f8b, 0x5f221f82, 0x1f82d305, 0x1f946e20, 0x96026324, 0x7f842703, 0x1f946f20, 0x9f826b20, 0x1f843120, 0x1f947020, 
    0x1f826d20, 0x7f845220, 0x1f947120, 0x5f826a20, 0x1f842a20, 0xdf947220, 0x73201f89, 0x8e203f94, 0x43205f82, 0x74203f84, 0x7d201f94, 0x41201f82, 
    0x75209f84, 0x6d245f94, 0xff028b02, 0x76203f84, 0x79201f94, 0x20209f82, 0x77201f84, 0xff835f94, 0x78205f85, 0x2a147f41, 0x0389027f, 0x01df0540, 
    0x94790607, 0x8299205f, 0x0528225f, 0x201f82dd, 0x261f947a, 0x030e03b9, 0x82510515, 0x947b201f, 0x03b4267f, 0x041003dc, 0x201f8280, 0x261f947c, 
    0x035203a7, 0x82070528, 0x947d201f, 0x02ab265f, 0x06660248, 0x201f8247, 0x243f947e, 0x01480231, 0x201f84de, 0x2b1f917f, 0x9d000100, 0xc2016102, 
    0x0b007303, 0x16fb5e18, 0x09685818, 0x4f430120, 0x2601360a, 0x090b4b3e, 0x49403454, 0x0254080a, 0x35405961, 0x353f5844, 0x264f8246, 0x0164013e, 
    0x435503c6, 0x132721df, 0x3e033313, 0x82e5f098, 0xfef12e2f, 0xff00000f, 0x018200ff, 0x03d0016c, 0x2ccb8273, 0x02680082, 0xb1090073, 0x02b80100, 
    0x082b4373, 0x69016e26, 0x6103c801, 0x83241f82, 0x66026600, 0x66201f86, 0x742a1f88, 0x3a060000, 0x2700d205, 0xeb836d06, 0x6a242782, 0x00006102, 
    0x73432786, 0x2027820a, 0x822789cb, 0x8227842f, 0x046f222f, 0x252f9311, 0xc007f7ff, 0x2782db05, 0x2c05c343, 0x036a0627, 0x0100003c, 0x04700607, 
    0x202f85fc, 0x0b934302, 0xf7ff7424, 0x5f94e506, 0x21047022, 0x63205f92, 0xb9205f82, 0xa3435f84, 0x205f8305, 0x205f8636, 0x832f92f5, 0x944c20e7, 
    0x0372225f, 0x202f928f, 0x20ef826b, 0x245f84e2, 0x026d0070, 0x20ef8496, 0x225f84f6, 0x92250472, 0x20bf832f, 0x225f94f5, 0x921f0474, 0x20bf832f, 
    0x22bf94ca, 0x92f40474, 0x826b202f, 0x948a20ef, 0x0474228f, 0x202f92b4, 0x202f826a, 0x208f84be, 0x21bf8772, 0xbf842a03, 0xe8047422, 0x202c7f41, 
    0x14df4175, 0x5f828e20, 0x5f84a020, 0x5f887420, 0x5f841d20, 0xcc047522, 0x74248f92, 0x32070000, 0x22141f41, 0x937f0477, 0x180f422f, 0x8f947820, 
    0x8f826b20, 0x1f417a20, 0x04782214, 0x995f92a6, 0x947820bf, 0x822220bf, 0x8493208f, 0x427720bf, 0x0f20080f, 0x7822ef84, 0x5f92bf03, 0xf3ff7424, 
    0xef94e406, 0xbf947920, 0xf7ff7424, 0x2f913b09, 0x06270023, 0x252f836d, 0x6b060701, 0x678f3a06, 0x01050035, 0x07e6ff06, 0x00ea0558, 0x00230011, 
    0x00350027, 0x64d20043, 0x3408057e, 0x06010d2c, 0x0300010a, 0x00690006, 0x08090003, 0x006a0903, 0x61010707, 0x01010104, 0x010e4d5c, 0x61020808, 
    0x030b050c, 0x02600202, 0xb04b1b4e, 0x40585015, 0x24339c30, 0x0505010c, 0x21398657, 0x3785010b, 0x92344021, 0x04042332, 0x6b844d56, 0x6a830020, 
    0x593e3692, 0x372b4059, 0x24282936, 0x01121324, 0x363c3e00, 0x30433743, 0x2935282e, 0x24272435, 0x4b182627, 0x0f200c87, 0x2f077d66, 0x33023e37, 
    0x07161632, 0x01020e07, 0x37262622, 0x25320f8a, 0x13013301, 0x37373632, 0x22232636, 0x06070706, 0x0d8c0116, 0x6a230234, 0x0d0e3182, 0x68a0650f, 
    0x0f30826b, 0xa0630e0d, 0x12823303, 0x12850f20, 0x82318121, 0xa0633208, 0xf7041cfb, 0x2c09fbcf, 0x0d094143, 0x41462009, 0x24068242, 0x43e00323, 
    0x39078240, 0x43414520, 0x23080d09, 0x965a0b03, 0x96594e58, 0x59965a5a, 0x5a95594e, 0x0f8ddbfc, 0xd2051a2f, 0xc2032efa, 0x374e375a, 0x4e355e5c, 
    0x88208337, 0x0000280b, 0xff060107, 0x41560ae6, 0x352a06af, 0x47003900, 0x63005500, 0xb341f400, 0x32310805, 0x0f080112, 0x08010201, 0x01056902, 
    0x0b010d01, 0x6a0b010a, 0x03090900, 0x03010661, 0x144d5c03, 0x0a03130c, 0x1161000a, 0x0e041007, 0x60000005, 0x07b94100, 0x399e3620, 0x07011124, 
    0x3f885707, 0x03203d82, 0x40213d85, 0x2338943a, 0x4d560606, 0x00207784, 0x3c967683, 0x59593008, 0x56573b40, 0x3a3b4849, 0x24253636, 0x00011213, 
    0x63565c5e, 0x4e506357, 0x55495548, 0x473a4042, 0x3936473b, 0x37383936, 0x35242c2e, 0x181c3525, 0x240aaf4f, 0x2b160b15, 0x0ec54105, 0x8f0fd541, 
    0x1fe5410f, 0xf3412120, 0xbf08240c, 0x4132816b, 0xf8210de0, 0x480642fb, 0x15424020, 0x0d082408, 0x421a2309, 0x03210d04, 0x420f8d25, 0x3a422c24, 
    0x00002909, 0x06010900, 0x540de6ff, 0x2c082f42, 0x004b0047, 0x00670059, 0x01830075, 0x05334216, 0x01183831, 0x0201130c, 0x69020c01, 0x01020507, 
    0x42020f11, 0x0d3b0535, 0x0861030d, 0x5c030301, 0x19101a4d, 0x0a05170e, 0x1661000a, 0x14061509, 0x42071204, 0x3c200b39, 0x16243fa0, 0x57090901, 
    0x4384458a, 0x43850520, 0x96404021, 0x0808243e, 0x83004d56, 0x83002083, 0x2e429a82, 0x4b405959, 0x68697677, 0x4c4d5a5b, 0x42374848, 0x23080649, 
    0x83767c7e, 0x6e708377, 0x75697568, 0x675a6062, 0x5254675b, 0x594d594c, 0x4b484b48, 0x3e40494a, 0x47374736, 0x20115542, 0x3255421b, 0x85422120, 
    0x0125240e, 0x42250133, 0x4b440c49, 0x420d8d0d, 0x05234673, 0x44816b93, 0x8d4407a0, 0x20f52f06, 0xfbcff704, 0x43c60909, 0x0a0d0841, 0x8e444521, 
    0xa8f62105, 0x421c9d44, 0xb4423c96, 0x051a250d, 0x9d2efad2, 0x21098d42, 0xd4442503, 0x08158915, 0xff00002c, 0xff5f00ff, 0x053407ec, 0x0a2600d2, 
    0x000000d4, 0x036a0627, 0x0100003a, 0x031a0607, 0x007afcc1, 0x0103b109, 0xb07afcb8, 0x2b832b35, 0xfbffba2c, 0xf1053008, 0x0a062600, 0x2b84f3fe, 
    0x2b842220, 0x51041c2c, 0x120084fc, 0xb80100b1, 0x2b82f3ff, 0x8202b121, 0x82842034, 0x245f8208, 0x07f6ffba, 0x223392a8, 0x8eff0316, 0xb8022233, 
    0x263386fc, 0x07ebffa8, 0x82eb05c6, 0xfd082267, 0x206784ed, 0x22678469, 0x822f040a, 0x23678293, 0xedffb802, 0x9c885e82, 0xa8206782, 0xa220c782, 
    0x1a203392, 0x9d2a339a, 0x7102f404, 0x06002306, 0xfb82cb06, 0x1e010226, 0x7304ec04, 0x032a0f82, 0x25000700, 0x446406b1, 0xba631a40, 0x025f360b, 
    0x00010001, 0x1111114f, 0x1a0b0410, 0x0006b12b, 0x13230144, 0x33038321, 0xddd74f03, 0x7dfd1e01, 0x0c019ed2, 0x3701ec04, 0x3701c9fe, 0xff275282, 
    0x044801ff, 0x84b502ec, 0x00cc2663, 0x01ffff00, 0x260f8249, 0x022306ac, 0x84010b06, 0x048f2a0f, 0x068904f8, 0x0a06001b, 0x2130826b, 0x0f820103, 
    0x82430621, 0x000b2b0f, 0x00230017, 0x05344037, 0x29820203, 0x83590121, 0x00013e07, 0x07040861, 0x00050602, 0x19510001, 0x010c0d18, 0x181d1f00, 
    0x13231923, 0x0d170c11, 0x05c74c17, 0x16060923, 0x0bc74c2b, 0xd34c2120, 0x300b8b0a, 0x493ed103, 0x3f650b09, 0x0a0a4a3d, 0x3e07fe66, 0x20068249, 
    0x2205843e, 0x833e3803, 0x290c8513, 0x3c56f804, 0x3c55553c, 0x078f563c, 0x0025bf83, 0x03f404b9, 0x21df83e1, 0xcf846d0a, 0x0205202a, 0x11060204, 
    0xcf060600, 0x1f260f84, 0x82032b05, 0x0f82e905, 0x2f84ce20, 0xe804f526, 0x1f06b603, 0x6f20ef82, 0xfb200f84, 0xbc200f82, 0x062b0f85, 0x01ffff00, 
    0x02f00406, 0x82240664, 0x846c201f, 0x04eb261f, 0x062803aa, 0x200f82ad, 0x240f8470, 0x04f404ea, 0x206f8412, 0x062f416e, 0x05f92208, 0x00090754, 
    0x000f0003, 0xb143001b, 0x40446406, 0x03010538, 0x59030201, 0x01060000, 0x01000201, 0x2a0f8267, 0x08610203, 0x02030704, 0x18510203, 0x2117fc5f, 
    0xd3411708, 0x21132205, 0x0be85103, 0x2d0c3341, 0x0e01551e, 0x493dccb0, 0x3d650a0a, 0x05824a3d, 0x8a3afd21, 0xd2052b0c, 0xc9fe3701, 0x3c3c55d9, 
    0x34415454, 0x82078405, 0x4b0027d7, 0xef015efe, 0xc7822c00, 0xc7837520, 0xfeafff27, 0x008d0151, 0x200f8216, 0x28c78276, 0xfe8aff01, 0xff370122, 
    0x21534e8a, 0x9e820320, 0x01967624, 0x3082da17, 0x98fe6826, 0x00010000, 0x2107c742, 0x67180003, 0x012e29bf, 0x1601be9d, 0xf404fefe, 0xd1fe2f01, 
    0xa7420100, 0x2943a808, 0x13210301, 0x019be301, 0xf0425716, 0x02002105, 0x04214383, 0x063f4336, 0x06b13228, 0x27404464, 0x5b820102, 0x82570021, 
    0x01002606, 0x0403055f, 0xf2631803, 0x06b12316, 0x51834400, 0x55823320, 0xbd05022a, 0x87751f01, 0x370c0170, 0x01235a85, 0x82c9fe37, 0x420120e7, 
    0x0322074b, 0x5c182700, 0x012d2657, 0x03372107, 0xbdfd2082, 0xbee90520, 0x424383be, 0x1520079f, 0x08f54f18, 0x01042a08, 0x05590400, 0x01000301, 
    0x69010300, 0x00040400, 0x02060261, 0x51000400, 0x12130001, 0x0a0c0e10, 0x03050708, 0x15011500, 0xf54f1807, 0x5a222007, 0x6773057d, 0x164c0805, 
    0x37363233, 0x03060633, 0x3e534007, 0x082a201f, 0x5c8818a5, 0x223c5141, 0xa20b2623, 0x02058c17, 0x2b363334, 0x33348980, 0x8a7f2f32, 0xffff0000, 
    0x3afeeaff, 0x6eff4801, 0x6c0a0701, 0x4af9e4fe, 0x00b10900, 0x4af9b801, 0x002b35b0, 0x012c0082, 0xd7fd2dfc, 0x71ff8ffd, 0x1e000900, 0x132ae784, 
    0x00020405, 0x00010149, 0x1f827600, 0x09000923, 0x20888602, 0xdcc51805, 0xfd373607, 0x77110c8f, 0x442b8747, 0x448f0f0e, 0x4d3dbc5d, 0x53527335, 
    0x08c48200, 0x00002a4d, 0xe505cc08, 0x1b000b00, 0x2d001f00, 0x0a409000, 0x09080109, 0x06070103, 0xb04b4c02, 0x4058501a, 0x08010d27, 0x0604010b, 
    0x00690408, 0x07010c06, 0x67070602, 0x00090900, 0x0201055f, 0x4d560000, 0x0202030a, 0x4e025702, 0x922b401b, 0x21968329, 0x2f824d56, 0x00610525, 
    0x885c0505, 0x40593c2d, 0x1c202124, 0x000c0d1c, 0x20262800, 0x1c2d212d, 0x1e1f1c1f, 0x0c13151d, 0x821b0d1b, 0x110b2b8e, 0x0b0e1113, 0x13332b19, 
    0x03820133, 0x01230326, 0x06010323, 0x2807264c, 0x020e0707, 0x07213701, 0x0cd94703, 0xfcf72a39, 0xab0dae01, 0xfef8f8ff, 0x05aa0d4f, 0x19a0a5e0, 
    0xaf72110d, 0x829ea56c, 0x702a0807, 0x1d22feae, 0xf51d8202, 0x0b0e5d47, 0x48483d0e, 0x0d0d0d5b, 0xfbd2053e, 0xfa0904f7, 0xfb05042e, 0x01d502fb, 
    0x66439acd, 0x05855ea3, 0xe0fe2708, 0xd201a7a7, 0x53435263, 0x4352605f, 0x00006154, 0xd300ffff, 0x6909ecff, 0x2600e605, 0x0000f805, 0x49000700, 
    0x17858a03, 0x08000025, 0x88dc05a2, 0x03892217, 0x2a1784ad, 0x0600002a, 0x02d20518, 0x830f0106, 0xd4ff2c0f, 0x6b050000, 0x2602f207, 0x82000200, 
    0xf50a233f, 0x27848501, 0xff712008, 0x05f705ec, 0x012602e6, 0x01000041, 0x02bf0507, 0x0052022d, 0x0102b109, 0xb05202b8, 0x82002b35, 0x8637082f, 
    0xc804ecff, 0x1d004e04, 0x41002600, 0x01243e40, 0x01110405, 0x01180502, 0x4c030203, 0x01060100, 0x04010504, 0x00050069, 0x02050302, 0x00030067, 
    0x00590300, 0x82000303, 0x000338b9, 0x231e1f51, 0x1f261e22, 0x27182326, 0x1a060723, 0x0607252b, 0x18222306, 0x08076349, 0x30071681, 0x07061415, 
    0x16160321, 0x03363233, 0x03070606, 0x26261321, 0x5d0efc03, 0xdb9666cd, 0x7e131b67, 0x8b65ceb3, 0x010e5fc6, 0x38e9fc04, 0x604e8933, 0x9e4c8dc7, 
    0x2e023044, 0xc6832f30, 0x993e3468, 0xcb749aff, 0xf48c579a, 0x1203019c, 0x33b8fe1a, 0x6b033b3b, 0xfe364301, 0x352001e8, 0x0100003c, 0xb7ffd900, 
    0x6005c506, 0x29001400, 0x07102640, 0x00010301, 0x02034c01, 0x144a0002, 0x6c490101, 0x212a0f88, 0x180b0229, 0x0101052b, 0x8d820517, 0x36363b08, 
    0x21072133, 0x16272622, 0x03171716, 0x03a3fd36, 0xf1fe8a4d, 0x3a4eb544, 0x78033584, 0x3588fc28, 0x8d3e377e, 0x0249c22e, 0xa3d402d5, 0x347f3ae9, 
    0x12ef120a, 0x3682350a, 0x598200e8, 0x09217b83, 0x247bd2dd, 0xf9289006, 0x2c7ba070, 0x059914b4, 0x00080054, 0x01244027, 0x20f58801, 0x21f59208, 
    0xf5871411, 0xef820120, 0x3903013b, 0x4003a0fd, 0x111afe94, 0xffed29d2, 0x024c7c01, 0xb0c802d8, 0xfeef5ffe, 0x21d68237, 0xd7820100, 0xe706b422, 
    0x0d295b82, 0x2f403200, 0x02020108, 0x06524101, 0x03010d23, 0x22228249, 0x18000201, 0x2b0c9b7d, 0x03020300, 0x1112114f, 0x1a060414, 0x82055c41, 
    0x17072166, 0x13200482, 0xf82d6b87, 0xfb264203, 0x042e78d5, 0x8efc265a, 0x267185dd, 0x3667e7e3, 0x82f6fee8, 0x21738550, 0x73b4fc09, 0x73980b20, 
    0x2657062b, 0x2e78c0f8, 0xf9267007, 0x22739378, 0x82b7fffc, 0x063b42e7, 0x050e1424, 0xe8820003, 0x02121328, 0x01014a01, 0x94824900, 0x0cf76a18, 
    0x27214608, 0x2b180b02, 0x36252705, 0x06063736, 0x21372123, 0x26171632, 0x37272726, 0x899a0301, 0xb9400e01, 0x36843b50, 0x032789fc, 0x377e3578, 
    0xc2318b3d, 0x495d02c0, 0x8137e8a4, 0xef120b36, 0x7f340a12, 0xfda3e93a, 0x8256822c, 0xff092177, 0xbb073742, 0xb2062177, 0xb8217783, 0x24778251, 
    0x062771f9, 0x21778490, 0x7787c330, 0x8f0a3521, 0x14e62477, 0x423205ba, 0x08210533, 0x21ed8301, 0xed960607, 0x85121121, 0x820120ed, 0x37013ce7, 
    0x98a41101, 0x31eebf01, 0xfe031228, 0x3602b3aa, 0x7e01b01a, 0x959a01ef, 0x82005afd, 0xffdb2dcf, 0x05e706c3, 0x000d0063, 0x0d2f4032, 0x02265182, 
    0x0b0c4c01, 0x46410302, 0x00032605, 0x02030102, 0x0f4e4167, 0x1112112a, 0x1a0b0412, 0x2527052b, 0x37216282, 0x08048227, 0x01370323, 0x0196a903, 
    0x27c0fc08, 0x2d792904, 0x0327a4fb, 0x02b3df73, 0xe1b13d5e, 0xe73766e8, 0xfd970b01, 0x216f8629, 0x6fc5ff09, 0x96c10634, 0xa9f90701, 0x78400727, 
    0x278ef82d, 0xb2de8a06, 0x6f8f5f02, 0xf4ffad3d, 0x5e045905, 0x33001400, 0x01073040, 0x0b100001, 0x02010202, 0x02010c4c, 0x82010349, 0x44862009, 
    0x002d0f67, 0x00140000, 0x04112114, 0x372b1806, 0x08644413, 0x01070122, 0x0805717f, 0xaaad0330, 0xfe270204, 0x53c04eb6, 0x021d5428, 0x00fec601, 
    0x02183a1d, 0x5a360d0c, 0x14ee0404, 0x224a1f0b, 0x02aa9afd, 0x2e5f2367, 0xfe49c657, 0x008200b5, 0x9d000122, 0xa5208782, 0x2d2a8784, 0x010e2a40, 
    0x050a0201, 0x87820002, 0x0001092e, 0x01000049, 0x02008600, 0x57020101, 0x3506595b, 0x114f0102, 0x0603102f, 0x23252b19, 0x37363613, 0x01070606, 
    0xbc420127, 0x042d0808, 0x0d37eefa, 0x59271a35, 0x8d34fd29, 0x6b28cd02, 0x4fc65733, 0x0427b7fe, 0x4b015a03, 0x2d57c649, 0x99fd2360, 0x226602aa, 
    0x140b1f4a, 0x267f84ee, 0x050000ea, 0x416a0497, 0x10270507, 0x0201020b, 0x41000107, 0x4a260507, 0x01020103, 0xe4418502, 0x0b07410f, 0x43030121, 
    0x01250832, 0x16160137, 0x3e8a8217, 0xaa970513, 0x0128fdfb, 0x53bf4f49, 0xfd1e5328, 0x0002c7ff, 0x0318391d, 0x04370c0c, 0x41fcfb04, 0x02240509, 
    0x99fdaa66, 0x21050941, 0xe7834b01, 0x87829e20, 0x8784a520, 0x2a402d28, 0x0102050a, 0x7d830e00, 0x01094c24, 0x1f834a00, 0x81188682, 0x07410dde, 
    0x33012506, 0x07060603, 0x01227682, 0xfe450117, 0x48013d08, 0x360c37ee, 0x2959271a, 0xfd8dcc02, 0x336b2934, 0x014fc657, 0xfefb2749, 0xb5fe0404, 
    0x24050841, 0xfdaa6702, 0x0708419a, 0x00012408, 0x09e8ffd9, 0x003005ff, 0x40310025, 0x141a212e, 0x0601070e, 0x4c010001, 0x02031213, 0x254a0004, 
    0x46031516, 0x1f2b117a, 0x0b02391c, 0x01052b17, 0x86071701, 0x083f447c, 0x37270122, 0x46069741, 0x0e26078c, 0x1503cbfd, 0x8b46d78a, 0x66043705, 
    0x3e377e35, 0xbf9a318a, 0xebfc3602, 0xb93fd78a, 0x35853a50, 0x22469afb, 0x18993c05, 0xa402a402, 0x7f3ab8a4, 0x12120a34, 0x3a7f340a, 0x5cfda4b8, 
    0xb7a45cfd, 0x83358137, 0x82352611, 0x0000b736, 0x21b78400, 0xb7e2450d, 0x85d68921, 0xac0721b7, 0xf821b793, 0x08b7ad54, 0xd9000226, 0x010ab4ff, 
    0x0d006305, 0x38001300, 0x10133540, 0x0204060d, 0x0c4c0103, 0x0407080b, 0x04054a01, 0x49000301, 0x0323df82, 0x18030102, 0x270ba478, 0x00020000, 
    0x1614124f, 0x38086744, 0x01010713, 0x03210517, 0x21050137, 0x07212737, 0x0195c206, 0xdddafb07, 0x051047b2, 0x04f82308, 0x02b1de29, 0x054bf860, 
    0xfa2d78f8, 0xb13d7807, 0x97f6fee1, 0xc802d802, 0x0b01e3b0, 0x4f29fd97, 0x5f833766, 0x0d218f82, 0x218fd347, 0x8f82080a, 0x8894f821, 0x6f07218f, 
    0xf5278f83, 0x783e0905, 0x96c1f62d, 0x012e088f, 0x0000f100, 0xee059a06, 0x16001400, 0x10141340, 0x01020307, 0x004a0006, 0x00570000, 0x0b011b4e, 
    0x01132b17, 0x26270701, 0x06162726, 0x0b440307, 0x05310807, 0x024d03f1, 0x30c2bf5c, 0x04022965, 0x97f09609, 0x41142709, 0xf1fe3f9d, 0xd5021903, 
    0xe9a52bfd, 0x3946a03a, 0x72fc3581, 0x82358e03, 0x36a34839, 0x285082e9, 0xffe10001, 0x058b06e4, 0x206b8dd2, 0x201a8249, 0x2a6b8656, 0x17370209, 
    0x26171616, 0x43133736, 0x2527076e, 0xb3fc8b06, 0x82c0a3fd, 0x0128246b, 0x87970903, 0x0f01276b, 0x2bfdb902, 0x6b87d502, 0xfc8e0323, 0x226b8972, 
    0x826d0002, 0x845820d7, 0x0018306b, 0x1229402c, 0x0b0c0d0e, 0x0107060a, 0x834c0100, 0x004d3670, 0x60020101, 0x02020103, 0x154e0257, 0x15181515, 
    0x11161718, 0x20ef8204, 0x237a8801, 0x01011737, 0x01288f86, 0x03072137, 0x63ef6331, 0x4608e882, 0xd7439a40, 0xfdecfc88, 0x2e99bfcc, 0x04012966, 
    0x052845fd, 0x8103274d, 0xaffd5102, 0x46388135, 0xa4b83a9f, 0xa5025bfd, 0xa336b8a4, 0xfc823948, 0x00efefb4, 0xfd880001, 0x077406f9, 0x0025001f, 
    0x0013b306, 0x882b3201, 0x4537205b, 0x07210660, 0x0a694127, 0x07060629, 0x37373636, 0x83bc0217, 0x672d2267, 0x20fb8229, 0x056541bb, 0x0389d629, 
    0xbf340215, 0x8365309a, 0x09ba2714, 0x9a3f1328, 0x5f82d744, 0x47337285, 0x04358139, 0x39813566, 0xb836a248, 0xfda502a4, 0x41b8a45b, 0xfb21058e, 
    0x2115829a, 0x9e82a046, 0x22088f82, 0x08b7ffd9, 0x000006f3, 0x40360024, 0x01010233, 0x00010302, 0x01072001, 0x03000303, 0x0301244c, 0x82020049, 
    0x01022925, 0x03000069, 0x00570003, 0x5f210682, 0x241b8200, 0x2421364f, 0x08ab4939, 0x3321a684, 0xe2401821, 0x16162509, 0x23020e07, 0x3317174b, 
    0x13ab7460, 0x5e737b13, 0xd3955e27, 0xab181860, 0xa0fc94ff, 0x2a12ab4a, 0x94737493, 0x90e383ef, 0x4b83e291, 0x01220631, 0xaf82ee00, 0xaf878a20, 
    0x0201232a, 0x03012201, 0x051e2402, 0x03229282, 0x7249014c, 0x21c38205, 0xa4826902, 0x57030022, 0x5f20b483, 0x0025b382, 0x2621344f, 0x49af8437, 
    0x222e087c, 0x3e372626, 0x07333302, 0x07062223, 0xbe821606, 0x38078b49, 0x01893c05, 0x51b8400f, 0xfc35853b, 0x61d394a0, 0xfeac1818, 0x5f275e94, 
    0x23b68273, 0x6003747a, 0x49059244, 0x352d089b, 0xe283120a, 0x83e39091, 0x747394ef, 0x09a54993, 0xffff003b, 0x1c00ea00, 0xc505d606, 0xe9060601, 
    0x08006511, 0xb00100b1, 0x2b35b065, 0x211b8600, 0x1b84ee09, 0x1b92ea20, 0xaa141924, 0x3782b905, 0x1b93eb20, 0x84f80621, 0x93ec201b, 0x0d0a211b, 
    0xed201b84, 0x01271b8f, 0x060d000a, 0x82b605f5, 0x0eee2253, 0x208b8556, 0x838b8656, 0x8337821b, 0x90ef201b, 0x000b261b, 0x05c91443, 0x2237828f, 
    0x855d0ff0, 0x865d2037, 0xe9002337, 0x53821900, 0xf120a783, 0x1b83378f, 0xf2208b86, 0xe8261b90, 0x0e0a4500, 0x53828d05, 0x5390f720, 0x0d211b82, 
    0x201b8454, 0x261b90f8, 0x0a1200e9, 0x82c10511, 0x10f92237, 0x228b835e, 0x895eb002, 0x0d12228b, 0x201b8457, 0x2e1b90fa, 0x05a400ba, 0x010e05c2, 
    0x00f40607, 0x85b0001d, 0x82b020c5, 0xffff2139, 0xc424fb82, 0x2e05b705, 0xf5241b82, 0xc4002000, 0xc4201b85, 0x00251b84, 0x05c400be, 0x201b84c5, 
    0x201b90f6, 0x205382ca, 0x20538476, 0x08538df3, 0x0001002d, 0x065e00c6, 0x00e104d9, 0xb3060005, 0x32010305, 0x0137132b, 0xc6011701, 0x031401d8, 
    0xb8fbb770, 0xfeb77c02, 0xd7f302bb, 0x820054fc, 0x01012200, 0x242f8210, 0x00da0408, 0x212f820b, 0x2f820006, 0x01272523, 0x08328401, 0x0107013e, 
    0x01b6c601, 0xd8cbfeb5, 0xb5013401, 0x0149feb7, 0xccfed836, 0x7701d75e, 0xfeb67001, 0xd6760192, 0x8ffe88fe, 0x006f01b7, 0x0c010100, 0x8608a2ff, 
    0x0200d205, 0x0c400f00, 0x49000102, 0x76275d82, 0x17060110, 0x8221012b, 0x7a07271d, 0xd2053cfb, 0x1582d0f9, 0x15000128, 0x8e070000, 0x2b822e06, 
    0x12401526, 0x4a000101, 0x00210382, 0x321a8276, 0x02020002, 0x332b1606, 0x04150101, 0x06b602c3, 0x82d2f92e, 0x8f00295b, 0x840746ff, 0x02008c06, 
    0x0220a382, 0x052da383, 0x50060101, 0xf5063ffa, 0x03a203ba, 0x205384a4, 0x20238259, 0x2023864e, 0x2c238301, 0x59010117, 0xc1053401, 0xfc4607ba, 
    0x2322825c, 0x0b010200, 0x8520a382, 0x0527a384, 0x20402300, 0x48020204, 0x02200cea, 0x01298682, 0x0303034f, 0x10050305, 0x23b98403, 0x0b010309, 
    0x3e26ba82, 0x8601affe, 0xc083b202, 0xfc460525, 0x8481037f, 0x1400214f, 0x0529c788, 0x21402400, 0x01020105, 0x0a454a4a, 0x87820220, 0x004f0025, 
    0x82030400, 0x030221b9, 0x252dd885, 0x04140121, 0xfab502c5, 0xfe390462, 0x22e18379, 0x828003e9, 0x2ee3891f, 0xb5080005, 0x00020304, 0x052b3202, 
    0x86130209, 0x1ffe24e9, 0x8413fcae, 0x3afa26ee, 0xf1fd2004, 0x89338200, 0x223383f3, 0x83010305, 0x09172233, 0x24f78404, 0xec033efa, 0x25fd85fc, 
    0x0f0204fe, 0xb3831102, 0xe3ff0322, 0x9720b382, 0x2a052741, 0x3c001200, 0x01013940, 0x4a004a02, 0x042606ff, 0x69040103, 0x40180106, 0x5f3209ef, 
    0x03000105, 0x07084f00, 0x0c0e0000, 0x12081207, 0xcd850506, 0xcd820720, 0x02092326, 0x03231333, 0x21057c45, 0x12820622, 0xef041d32, 0x23fcc502, 
    0x23ed5cd7, 0x0a0a603b, 0x5f3a3b45, 0x21080582, 0x74f98c06, 0xe9017502, 0x3a5265fc, 0x3b53533b, 0x0100523a, 0xe9ffaf00, 0xe905de06, 0x18001300, 
    0x0f821540, 0x0285012f, 0x76000001, 0x090b0001, 0x13011300, 0x085f8203, 0x24220543, 0x36370226, 0x33243612, 0x12160432, 0x06020607, 0xa2580304, 
    0x4bb4f8fe, 0xf1a11a1b, 0xa29c2401, 0x4ab40801, 0xf0a2191b, 0x7b17dcfe, 0xa31d01d9, 0xce0f019b, 0xfed97b74, 0xfe9ba3e3, 0x0074cef1, 0x4b6b1802, 
    0x6b83180c, 0x1213231d, 0xc25d0001, 0x8506200b, 0x18022082, 0x181e6e6d, 0x181f516d, 0x2e21f76a, 0x01000000, 0x00006200, 0xd2052c07, 0x18000300, 
    0x2f0fa38e, 0x11030003, 0x2b170603, 0x03211333, 0xd205f862, 0xf3750282, 0x24338906, 0x402a0007, 0x24478227, 0x03000203, 0x0a494d67, 0x01010425, 
    0x824f0102, 0x0506225a, 0x225a8204, 0x86051103, 0x21252348, 0x4c842113, 0x0340fb2d, 0x02fcaafe, 0x2efad205, 0x82ff03e9, 0x02002342, 0x30826400, 
    0x8b822a20, 0x1d000d23, 0x09334100, 0x01056727, 0x02000002, 0x24068257, 0x045f0002, 0x08288201, 0x0e104f26, 0x16180001, 0x1d101d0e, 0x0d000508, 
    0x06060c01, 0x22212b16, 0x36361337, 0x07162133, 0x23060603, 0x36322125, 0x26240f82, 0x06222123, 0x162a1082, 0x26e84c01, 0x708d13a8, 0x07830004, 
    0xfc718c2f, 0x1caf0344, 0x039c051a, 0x52fc1208, 0x3c08831d, 0x0004e80b, 0xe9017872, 0x777100fc, 0x031f15e9, 0x160814af, 0x1252fc1e, 0x0000000b, 
    0x2f9b8a03, 0x00210017, 0x003a403d, 0x04050001, 0x00670501, 0x0224e082, 0x07670304, 0x0682a585, 0x0620a582, 0x1f29a588, 0x1418191d, 0x10170e13, 
    0x20a98517, 0x27a99608, 0x16060321, 0x36372113, 0xad96b085, 0x03fc5729, 0x750b035b, 0x8723fd03, 0x28b38db6, 0xdcfd0d02, 0x0f030b12, 0x82ba83d4, 
    0x20b796b6, 0x06f34b03, 0x02040523, 0x2ab78205, 0x04000004, 0x04010757, 0x825f0004, 0x000430b7, 0x01181a4f, 0x181d1e00, 0x15211a21, 0x970e0f13, 
    0x210122b7, 0x28ad8613, 0x36322103, 0x07213737, 0x11654106, 0xfd037223, 0x2aab875b, 0x1caf0385, 0xfc1f051a, 0x41032303, 0x02230b6b, 0x832302a9, 
    0x35fc27af, 0xd5be1f15, 0xb7830b12, 0x8a000128, 0x2c0818ff, 0xc182ba06, 0x03b30638, 0x2b320101, 0x2c080309, 0xccfc92fb, 0xe8027a04, 0xd00330fc, 
    0x2882d203, 0x278a0420, 0x0b000731, 0x0d000f00, 0x0d0f0a40, 0x0507090b, 0x83040103, 0x09252534, 0x02091302, 0x03300582, 0xfe09fee7, 0x03f4019a, 
    0xfe12fee6, 0xa8f80196, 0x22080682, 0x03f60198, 0xfe0ffee0, 0x02ef01a0, 0x0152fee8, 0x7aaa01ae, 0xaa0156fe, 0x06faae01, 0xa80158fe, 0x857aae01, 
    0x216a8215, 0x6b8c0200, 0x83b50821, 0x82022062, 0x87072062, 0xe3012797, 0xeafc00fe, 0x9f870802, 0x024afc27, 0xfd5dfd6c, 0x223c8295, 0x828b0008, 
    0x842f20cf, 0x30a785cf, 0x00170013, 0x001f001b, 0x1e124015, 0x16181a1c, 0x05c15814, 0x02040624, 0x54820800, 0x0937032a, 0x02093706, 0x07273705, 
    0x01200383, 0x03200782, 0x01220382, 0xb382fef3, 0x8e68012a, 0xf50199fe, 0x5cfd6101, 0x07820e82, 0x9efe8f3b, 0x6201f001, 0x9fde37fe, 0xdf53fcde, 
    0x2203dca0, 0x18dd9bd9, 0x01dc9cda, 0x22d4833a, 0x837a56fe, 0x52fe23d4, 0xd4830cfa, 0x7a52fe22, 0xc0231585, 0x83bebec0, 0x69012903, 0xfac0c0bb, 
    0xbdbdbafa, 0x0a2aab82, 0x54ffc300, 0x7e060608, 0xa1840f00, 0x00238308, 0x002b0027, 0x0033002f, 0x003b0037, 0x2b88408b, 0x0421222a, 0x23290405, 
    0x2e050102, 0x0200021e, 0x08021d2f, 0x021f2d00, 0x4c050809, 0x010e0400, 0x05040105, 0x00010067, 0x03010603, 0x06010a69, 0x030f0b11, 0x07060207, 
    0x02010d67, 0x0800010c, 0x00690002, 0x08090908, 0x08080057, 0x01105f09, 0x4f090809, 0x34343838, 0x24243030, 0x00011011, 0x3b383b38, 0x3734393a, 
    0x35363734, 0x33303330, 0xbe643132, 0x15172305, 0x88181b10, 0x12210791, 0x715f1806, 0xa745180b, 0x01012f0f, 0x37020937, 0x33133701, 0x01270503, 
    0x03830117, 0x07213723, 0x200f8201, 0x08078201, 0x5b2e0442, 0x0f0e3f86, 0x595ca570, 0x0f0f4286, 0x403ea473, 0x4e0b0b6b, 0x0c68423e, 0x35024c0c, 
    0x0188fafe, 0xfe43fc06, 0x070186fb, 0x49a249d1, 0x015d1501, 0x16fa616c, 0x5e6e015d, 0x011b2303, 0x90fb1aba, 0xfc221682, 0x0a821aa5, 0x59a00128, 
    0x955b5a95, 0x02825a5a, 0xad59963f, 0x5a433f5b, 0x5c3f415b, 0x3a01d9fd, 0x03c6fe74, 0x733a0164, 0x0151c6fe, 0xc444febc, 0x220b8273, 0x8274eefa, 
    0x37013018, 0xbdfca2a2, 0x46feba01, 0xa2a24303, 0x41090000, 0x19420a73, 0x07774107, 0x40826c08, 0x161e1f7f, 0x02030415, 0x0102171d, 0x02122203, 
    0x11230500, 0x21000602, 0x06070213, 0x01004c05, 0x01030403, 0x010a8004, 0x05060500, 0x00800600, 0x03010b02, 0x67030201, 0x0e040108, 0x05030c09, 
    0x67050400, 0x07070600, 0x06005706, 0x0d5f0706, 0x07060701, 0x282c2c4f, 0x18242428, 0x2c000118, 0x2e2f2c2f, 0x282b282d, 0x41292a2b, 0x182c0568, 
    0x1a1b181b, 0x00070919, 0x0f0f010f, 0x41106841, 0x01212f5c, 0x3a5041b6, 0x4186fe21, 0x02362b47, 0xe8ffe800, 0xf205e907, 0x25001300, 0x14401700, 
    0x4a00010a, 0x945b011d, 0x1f202406, 0x82021a1b, 0x01052ace, 0x37362626, 0x17163636, 0x2e058417, 0x07061616, 0x36360101, 0x06262726, 0x82030507, 
    0x06063104, 0xb8031716, 0x154b90fd, 0xf36a6863, 0x74524ddf, 0x26080582, 0x62154a4c, 0x02c8fc69, 0x053433aa, 0x54bb3522, 0x37e0d5fe, 0x343451b8, 
    0x02182407, 0xeced5aec, 0x3b3a5958, 0x82606059, 0x56583f05, 0xfe5aeeec, 0x2c4a025f, 0x41297474, 0x01fb4503, 0x44023f03, 0x2b74752c, 0x01000000, 
    0xa382e700, 0xa384e820, 0x07b30622, 0x9105574a, 0x327e8290, 0x63144b8e, 0xdff46968, 0x6972544c, 0x4b4cdff3, 0x84696116, 0x58eb2369, 0x69833b59, 
    0x393c5824, 0x69825859, 0xffff0022, 0x02235387, 0x832c0706, 0x08013663, 0xf007f2ff, 0x09008c06, 0x15401800, 0x4a000105, 0x01020809, 0x06084104, 
    0x0213122a, 0x092b1806, 0x13012103, 0x23080282, 0x99fd1004, 0x1afe4501, 0x3a01a402, 0xfda20268, 0x7e016d98, 0x860274fe, 0x86028e01, 0x72fe7afd, 
    0x02007afd, 0x132d4f8a, 0x2a402d00, 0x0002050f, 0x0c12134a, 0x2956830b, 0x01490208, 0x02020001, 0x06825700, 0x5f02002f, 0x00020103, 0x16124f02, 
    0x06041312, 0x2966881a, 0x37031701, 0x21030321, 0x70910317, 0xc33efe2c, 0xeffefd2b, 0xedfe802c, 0x7d8f85ca, 0x9e5e023d, 0x01a30601, 0xa3f5fe0b, 
    0x0000fafe, 0x00af0001, 0x063a0800, 0x00060046, 0x821a401d, 0x034a2172, 0x01267b82, 0x01008500, 0xfc827601, 0x06000625, 0x82041211, 0x01133ee0, 
    0x21032101, 0x6504af13, 0x1efe2603, 0x6a37fc69, 0xc6038002, 0x80fd3afc, 0x00008002, 0x08478a02, 0x34000d2d, 0x010d3140, 0x054a0302, 0x02060301, 
    0x03040002, 0x04006700, 0x57040101, 0x01040400, 0x0401005f, 0x00004f01, 0x090a0b0c, 0x84000708, 0x89072060, 0x33372160, 0x21216582, 0x29678a01, 
    0x016be228, 0x05016cf1, 0x718965fe, 0x7ffdb42c, 0xec018102, 0xaf000400, 0xbf867ffe, 0x11000a30, 0x51001500, 0x030f4e40, 0x074a0602, 0xcd820601, 
    0x82060521, 0x0a05217a, 0x3c5c8c82, 0x09260805, 0x67090308, 0x04040800, 0x08005708, 0x0b5f0408, 0x04080401, 0x0007074f, 0x13141500, 0x0e101112, 
    0x070b0c0d, 0x9982070a, 0x12229883, 0x98820c11, 0x21130122, 0x0682fb83, 0x21010326, 0x01013313, 0x3726a182, 0x40500221, 0x0c411ffe, 0x3f330805, 
    0x0352cdfb, 0xa9fd52c9, 0xf240f601, 0xc2fd63fe, 0xf501abf3, 0x010afe1a, 0x037f0101, 0xfe3afcc6, 0x017efd81, 0x0312feee, 0x01800135, 0xfb13feed, 
    0x820096f7, 0x00063000, 0x07dfff9e, 0x00f20560, 0x0046003b, 0x825c0051, 0x6b3008aa, 0x76407900, 0x0f030105, 0x03040d01, 0x160e690d, 0x1304030c, 
    0x01020206, 0x12670204, 0x11010207, 0x0a09020b, 0x17670901, 0x0a031510, 0x590a0000, 0x43080884, 0x0861000a, 0x0a000214, 0x5d5e5100, 0x3c3d4748, 
    0x6a6b0001, 0x61636869, 0x675e675d, 0x5254585a, 0x51474b4d, 0x41435148, 0x463d463c, 0x30323637, 0x2527282a, 0x18191d1f, 0x0a0c1214, 0x3b000709, 
    0x06183b01, 0x2606ea68, 0x3333023e, 0x50062337, 0x322505dd, 0x07071616, 0x07c36a33, 0x27020e25, 0x83330723, 0x020e2313, 0x21822223, 0x07233731, 
    0x3625020e, 0x26363736, 0x06072323, 0x6a330116, 0x062306db, 0x4c332116, 0x01200851, 0x37202082, 0x82052551, 0x23240820, 0x8a5ec801, 0x750f0f42, 
    0x22905ea9, 0x428b5d92, 0xa976100f, 0x438b5e5d, 0x17c4180f, 0x5eaa7510, 0x0f418b5e, 0x5d240782, 0x5e8f2090, 0x28821d83, 0x10210782, 0x081d8417, 
    0x3c270358, 0x37080c68, 0x0b189e3b, 0x9862fd3f, 0x3d370917, 0x0a0b703a, 0x8a1e033f, 0x090b683b, 0x703d3a38, 0x3b74fc09, 0x83190b69, 0x090a6f3d, 
    0xc4e6013f, 0x5c21c320, 0x9b5e5d9a, 0x5c01c45d, 0x995e5e9b, 0x5e995c5b, 0x995e9090, 0x5c9a5c5c, 0x015c9b5e, 0x5e9b5dc4, 0x0d829a5d, 0x33081583, 
    0x01c35c9a, 0x5b36404f, 0x03543c90, 0x533c906c, 0x5a37414d, 0x5837414f, 0x03fc3c53, 0x903c5401, 0x58383f51, 0x00c4e501, 0xff000100, 0xde05cf02, 
    0x0500e005, 0x0807cf4e, 0x01270125, 0x01010701, 0xd5029796, 0xfeb40a02, 0xa3cf0282, 0x8efd6e02, 0x00c9019f, 0x00020000, 0x065b01c2, 0x82d2053e, 
    0x00092a2f, 0x05234026, 0x01020304, 0x12ba4e05, 0x0606062a, 0x17090609, 0x2b170603, 0x37245186, 0x59010721, 0xfd275587, 0xd50428d2, 0x875b0128, 
    0xc001235b, 0x5f82eeee, 0xd0000128, 0xad05e8ff, 0x8f89f902, 0x37010538, 0x02170101, 0xb9f2fdde, 0x16028001, 0x6e02188e, 0x0137fea3, 0xcb4aa3c9, 
    0xff7c3105, 0x050e06e8, 0x00140044, 0x0026001a, 0x0b464049, 0x193d8e82, 0x00031117, 0x1a4c0204, 0x00031618, 0x01010249, 0x01040500, 0x01076905, 
    0x04000004, 0x34068259, 0x03610004, 0x04000206, 0x1b1c5100, 0x20220001, 0x261c261b, 0xb9671810, 0x0cde4609, 0x09b96718, 0x8a840320, 0x12422520, 
    0x06300808, 0x4c070316, 0x14133979, 0x5b468e6e, 0x14050a5e, 0x12e769e9, 0x90761d08, 0x017daefd, 0x65c202ee, 0x534170fd, 0x42380c0b, 0x0b0c5443, 
    0x43bd0239, 0x0cc96718, 0x022bfd2a, 0xaefd69ca, 0xb9755e02, 0x09d36718, 0x002d0130, 0x050e0800, 0x000700d2, 0x402e000b, 0xba82042b, 0x03020626, 
    0x67030001, 0x116b9b18, 0x090a0b37, 0x00070008, 0x11111107, 0x2b190607, 0x01213701, 0x01210721, 0x39048325, 0x6902272d, 0xdb01a801, 0xfe98fd28, 
    0x024c025a, 0x47fd26b8, 0xfbf1e104, 0x0582ef1d, 0x8200f121, 0x00022200, 0x266b8a5e, 0x00314034, 0x82020001, 0x82672064, 0x03032373, 0x06825700, 
    0x5f030025, 0x82060507, 0x4f03210c, 0x11abce18, 0x33207182, 0x213f7186, 0x5e072137, 0x03dd0127, 0x266c0240, 0xbefc24fe, 0x02299401, 0x04ef27b8, 
    0x1ffbf1e3, 0x8200efef, 0x00ee2457, 0x82f20600, 0x001d30d7, 0x40430024, 0x04012140, 0x02222400, 0x61230402, 0x2b080520, 0x04030402, 0x05800302, 
    0x01060001, 0x04000204, 0x01030069, 0x00590301, 0x61010303, 0x01030100, 0x20000051, 0x001d001f, 0x2814231d, 0x1a20ec82, 0x3221ec82, 0x06874f16, 
    0x22232508, 0x37022626, 0x16160633, 0x37033e17, 0x01262636, 0x01072113, 0x45040107, 0xabfa9a27, 0xa0181a47, 0x9bdefeef, 0x40080a84, 0xcf6317ef, 
    0xa1c4698b, 0x6217116d, 0x5d55fcce, 0x01e73502, 0x7dfec583, 0x74f1e104, 0x9af2fecd, 0xccf2fe9b, 0x01cc7474, 0xe58b9a0e, 0x4e010188, 0x8d69b68b, 
    0xbbfe88e5, 0xfec63502, 0xce01a831, 0x21008200, 0xcb830001, 0x3707f129, 0x35002000, 0x82013240, 0x4c0126c9, 0x4a000102, 0x82c48600, 0x20c29423, 
    0x29bb8217, 0x1b060513, 0x0302092b, 0x4350021e, 0x2cbb9005, 0xfe260427, 0x3b420260, 0x42a1ee93, 0x31b99419, 0x82bf5916, 0xe9016503, 0x9afee901, 
    0xfecb7807, 0xb59296f8, 0x8adf8723, 0x20ab8808, 0x34ab84d8, 0x0c404043, 0x0d010201, 0x02020401, 0x01010b4c, 0x0204004a, 0x26b28203, 0x00010080, 
    0x56010402, 0x9462062d, 0x01053a05, 0x51000300, 0x1b1c0001, 0x0e0f1517, 0x2000090a, 0x06062001, 0x22212b16, 0x06065126, 0x01133727, 0x020e1301, 
    0x06754107, 0x0206333b, 0x74030406, 0x47aafb9a, 0xe499191a, 0x3b961601, 0xbefda101, 0xa2ec863e, 0x05734117, 0x6ca22d08, 0xa019ef11, 0x74dffeef, 
    0x9a0e01cc, 0xcb080196, 0x66010779, 0x17fe17fe, 0x8b087b01, 0xe58c86df, 0x4e010187, 0x9a68b78b, 0x74ccf2fe, 0x0332bb82, 0x0000cc00, 0xd2059a09, 
    0x09000400, 0x3c001500, 0xdc463940, 0x0e0f2b05, 0x090b0c0d, 0x03020d01, 0x67504c01, 0x0708231a, 0x3a820506, 0x12045f08, 0x2b170605, 0x21010121, 
    0x13212503, 0x07050121, 0x01270103, 0x01133727, 0x34030517, 0x600398fd, 0xfbf86e05, 0xa91b041f, 0xaefde6fb, 0xddbb1805, 0x0186cdfe, 0xdebbda2f, 
    0xfe853301, 0x02e802d1, 0xe92efaea, 0x00feff03, 0x0301a4ff, 0x01a4fdfe, 0xfea5ff00, 0xa50301fd, 0x030000ff, 0xa3825e00, 0xa3962c20, 0x9f030721, 
    0x080921a3, 0x0b51a385, 0x01012207, 0x20a98325, 0x08a08713, 0x03071330, 0x6e05f65e, 0xa0fc6a02, 0x1b04a8fb, 0x58fe5102, 0x86dce4fb, 0xbcda3001, 
    0x843301dd, 0xbcdbd2fe, 0xfdd205de, 0xe918fd16, 0x0002ff01, 0x9d8a5dfc, 0x8200ff21, 0x830020af, 0x002a24a3, 0x82ed0700, 0x000334a3, 0x00130007, 
    0x1337403a, 0x0f101112, 0x0b0c0d0e, 0x410b090a, 0x07201e45, 0x2013ad51, 0x09424101, 0xf72a133d, 0xfaf6cc06, 0xa9f90445, 0xeb0207fb, 0x84ccfede, 
    0xbbda2f01, 0x853401dd, 0x51dad1fe, 0xfc2106ca, 0x0e39415d, 0x9782ff20, 0x50000239, 0x8206d500, 0x0200e805, 0x2f000600, 0x01012c40, 0x01034a00, 
    0x5e000100, 0x042c0b77, 0x02010201, 0x0003034f, 0x03060300, 0x23088b83, 0x05020002, 0x132b1606, 0x21130209, 0x6e03a403, 0xcef97002, 0x34d60534, 
    0x0003e802, 0xedfd00fd, 0xc6fe3a01, 0xda244382, 0xe707a300, 0x0a25f382, 0x29402c00, 0x25558202, 0x00030101, 0x6b824c02, 0x02000122, 0x0c59a018, 
    0x0003002d, 0x11114f03, 0x06041311, 0x82252b1a, 0x21290826, 0x21372113, 0x7a022103, 0x420260fe, 0x4fa5033d, 0x022772fe, 0x6ffb9f7b, 0x01e901a3, 
    0x018dfee9, 0x43fcf0e0, 0x00010000, 0x206382d9, 0x246382e6, 0x40280008, 0x82638525, 0x004c219d, 0x85266d82, 0x02020000, 0xe6835700, 0x02005f24, 
    0x60820200, 0x06031323, 0x205f8619, 0x205d8233, 0x215d8679, 0x5989ed76, 0x82d00221, 0x00012258, 0x205782c8, 0x2457875e, 0x01020107, 0x82b38208, 
    0x200982bb, 0x224c8285, 0x83570200, 0x005f215c, 0x57820b82, 0x57841120, 0x13211322, 0x13395582, 0x3d1b0501, 0xeb9e70fb, 0x3da60377, 0x01a3a101, 
    0xfdbd0372, 0xfe730130, 0x29af8217, 0x00001a01, 0x0006b207, 0xaf830800, 0x02010123, 0x06b74400, 0x86205782, 0x2108af96, 0x21030209, 0x21132303, 
    0x5efebc02, 0x043c4302, 0x9aeac391, 0x2e025afc, 0xe901e901, 0x72fb8efe, 0xed829f03, 0x57826f20, 0x5787a020, 0x0121ab83, 0x20b5824c, 0x2119824a, 
    0xaf968601, 0x84130121, 0x28af8256, 0x5afc3d5e, 0x04c2ec9a, 0x82af8291, 0xfc712657, 0x018e0461, 0x30b08272, 0xff3f0101, 0x055306e8, 0x000a00d2, 
    0x031d4020, 0x13996101, 0x11132c08, 0x06041111, 0x01052b1a, 0x37211321, 0x03230721, 0xfe180421, 0x81730168, 0x0428cbfc, 0x81012824, 0x01187201, 
    0xeb0d03f2, 0x82f3fceb, 0x890029e3, 0xdd07ff00, 0x0600d104, 0x34245582, 0x01013140, 0x4c245682, 0x4a020102, 0x0226a882, 0x03010485, 0x85620301, 
    0x07072910, 0x0a070a07, 0x05131112, 0x0807c141, 0x01210725, 0x03033313, 0x025ffef8, 0x80033d43, 0xfc7ffc27, 0xa2eba254, 0x01e901ff, 0xee8ffee9, 
    0xd0038ffe, 0x830030fc, 0x00c6246f, 0x891b08ff, 0x8206206f, 0x4c01226e, 0x206f8405, 0x206f8401, 0x216f8200, 0x21650001, 0x226f850c, 0x84111114, 
    0x8213206f, 0x011322d7, 0x386f8213, 0xfc3e0904, 0x8103277f, 0x43a1013d, 0xffa1eba1, 0x01ee7301, 0xfe17fe71, 0x216d8419, 0xe0820001, 0x06c60428, 
    0x0016000e, 0xd782b37a, 0x4b4a2308, 0x585009b0, 0x0a0b2a40, 0x00010002, 0x04050085, 0x09710504, 0x01080101, 0x02010302, 0x03010767, 0x8f180404, 
    0x1b220d1a, 0x2c892940, 0x8f180520, 0x2b93096d, 0x14405922, 0xdc18e082, 0x062a0e4f, 0x01132b1f, 0x33072101, 0x03832307, 0x13230326, 0x37333723, 
    0x27080383, 0x013b02f3, 0x1f8dfe98, 0x17e224e2, 0x30df26e2, 0x25e130f0, 0x23e018e0, 0x1c041fe1, 0x0efef201, 0xdb8cdbba, 0x2001e0fe, 0xba210682, 
    0x2aae8200, 0x04d2ff8f, 0x00e00561, 0x856f0016, 0x842920c6, 0x0a7022bf, 0x231c8201, 0x04010686, 0x0223be82, 0x82680304, 0x010123cc, 0x06825702, 
    0x5f010222, 0x0225dc82, 0x401b4f01, 0x212b8228, 0x2aa28505, 0x10405927, 0x13141516, 0x20008711, 0x22c0820b, 0x84210105, 0x22b582b1, 0x86033313, 
    0x21073fc9, 0x69fe2602, 0xe21f7201, 0xe118e125, 0xee30e223, 0xe124e130, 0xe027e217, 0x2e71011e, 0xbe83f201, 0xfe200123, 0x82be85e0, 0xfd1328a2, 
    0x08490b72, 0x58170060, 0x3a080f53, 0x17000b0d, 0x06031701, 0x22012b16, 0x02020024, 0x00123637, 0x32332424, 0x12120004, 0x00020607, 0xd6040404, 
    0xfe71feea, 0x2749cac9, 0x3701d025, 0xb6018401, 0x9001eae6, 0x83c93701, 0xfe260810, 0xfe7cfec9, 0x8f72fd4a, 0x62010401, 0xe5eba901, 0x59019e01, 
    0xfe8f8bfe, 0xfe9efefb, 0xfee5eb57, 0xfda7fe62, 0x0082008b, 0x89000221, 0x182d2083, 0x291edb9b, 0x00011819, 0x2d182224, 0x9e852d19, 0x990b0621, 
    0x3227339e, 0x12002424, 0x00023637, 0x04222324, 0x07020004, 0xb5821206, 0xe63fb4a1, 0x017f01c7, 0xb7110154, 0xfe6e2920, 0xf473fef4, 0xfe81fec8, 
    0xb6effeac, 0x016f2821, 0x9f8b010c, 0x7acc3ad4, 0x012e01df, 0x01f8c76a, 0xb64301ad, 0xd0fedf7b, 0xf7c795fe, 0xbefe54fe, 0x2bef84b5, 0xa2fd95ff, 
    0x2f08b50b, 0x19000d00, 0x6720ef8a, 0x25162b58, 0x190e1316, 0xc9561910, 0x30ef8305, 0x37262213, 0x21173601, 0x01071632, 0x21250706, 0x220d8232, 
    0x82222123, 0x7b31080c, 0x01146c7a, 0x08fa2a6c, 0x146a7a98, 0xf92994fe, 0xb4087bf7, 0x7201041f, 0x4df72106, 0x8efe061e, 0x81a2fd04, 0xfb96087b, 
    0xf77a8001, 0xce01fb6a, 0x251e821f, 0x1f4cf71f, 0x8341ffff, 0x06022707, 0x00004c07, 0xa387ffff, 0x4d200f82, 0x1f880f83, 0x1f832620, 0x00070025, 
    0x94980202, 0x02412217, 0x221794ec, 0x94730249, 0x02542217, 0x221794a8, 0x941d035f, 0x03892217, 0x22179438, 0x9486028d, 0x02a12217, 0x22179495, 
    0x8b7104c5, 0x86002017, 0x0a0123d7, 0x2f932703, 0x020f0123, 0x221794d0, 0x944a0319, 0x01242217, 0x221794e8, 0x949d022c, 0x02412117, 0x02208f8c, 
    0x77228f87, 0x2f91f902, 0x0107012e, 0x0073027e, 0xb1080034, 0x34b00202, 0x4307535f, 0x3b880647, 0xf1028022, 0x00253b91, 0x028d0107, 0x221794f2, 
    0x94e6029b, 0x02a82217, 0x201794a4, 0x150342c8, 0x01cb0123, 0x145b4175, 0x9f02d222, 0xd8224794, 0x1794af02, 0xe902f022, 0x05231793, 0x94dd021e, 
    0x031f2217, 0x221794a0, 0x940b0320, 0x02222217, 0x221794ed, 0x94b00223, 0x02242217, 0x221794ef, 0x94f60226, 0x03272217, 0x2217943d, 0x94f50228, 
    0x96292017, 0x022a2247, 0x222f94d5, 0x9496032b, 0x022c2217, 0x201794eb, 0x1567412d, 0x032e0523, 0x202f941a, 0x2217962f, 0x94320474, 0x0378222f, 
    0x22179454, 0x91f8028e, 0x07012e17, 0xc6039405, 0x08008300, 0xb00102b1, 0x14c34283, 0xcd242382, 0x9600f202, 0x96202385, 0xce202397, 0xd12023a2, 
    0x97202382, 0x20052f43, 0x20479797, 0x212387d3, 0x2398b001, 0x238fd420, 0x46030021, 0x002b0dbf, 0x31364039, 0x02032f30, 0x684c0103, 0x692006a3, 
    0x2005d945, 0x28068259, 0x04610002, 0x00020001, 0x41c94651, 0x01271323, 0x22824717, 0x241fcd46, 0x5204b826, 0x3ad246b8, 0xb9280225, 0x41b94d04, 
    0xd52414df, 0x9900f202, 0x2005bb41, 0x17734199, 0x4f41d620, 0x41032007, 0x00251673, 0x01fb0607, 0x134f44f0, 0x8dfc0621, 0x07f74417, 0x02fd0623, 
    0x258f931e, 0xe901e906, 0x8f855e00, 0x45088764, 0x01250c33, 0x01ee0607, 0x25239fb3, 0x0d021307, 0x47854c00, 0xd7964c20, 0x02140723, 0x47238f16, 
    0x262a0853, 0x00004d07, 0x02000700, 0x6b478f02, 0x2217870c, 0x94e30241, 0x02492217, 0x2017946a, 0x05574554, 0x5f225f90, 0x2f941403, 0x2f038922, 
    0x8d221794, 0x17947d02, 0x6e029722, 0xa1221794, 0x17948c02, 0x6804c522, 0x01231793, 0x9442030a, 0x020f2217, 0x221794c7, 0x94410319, 0x01242217, 
    0x221794df, 0x9494022c, 0x02412117, 0x77228f95, 0x2f91f002, 0x01070125, 0x476a027e, 0x5b410f5b, 0x8001230f, 0x3b91e802, 0x01070023, 0x05b3468d, 
    0x9b202f90, 0x9005b346, 0x02a82217, 0x2047949b, 0x151b42c8, 0x01cb0123, 0x222f946c, 0x949702d2, 0x02d82217, 0x221794a6, 0x93e002f0, 0x1e052317, 
    0x1794d402, 0x94031f21, 0x2005235f, 0x2f940303, 0xe5022222, 0x23221794, 0x1794b402, 0x7b482420, 0x0f1f4105, 0x47260521, 0x179005a3, 0x34032722, 
    0x28204794, 0x90057f4a, 0x9629202f, 0x022a2247, 0x214794cc, 0x9b43032b, 0x2c052314, 0x2f94e202, 0xca022d22, 0x2e221794, 0x17941103, 0x17962f20, 
    0x29047422, 0x78222f94, 0x17944b03, 0x93488e20, 0x25ef8d05, 0x94050701, 0x5b47bd03, 0x2223900f, 0x47e902cd, 0x23900f5b, 0x23a2ce20, 0x2382d120, 
    0x900e5b47, 0x87d32047, 0x095b4723, 0xd4202390, 0x0021238f, 0x0c2b4d03, 0x39001d27, 0x1c1d3640, 0x0b5b471b, 0x2341354d, 0x17012701, 0x2521394d, 
    0x04b88f03, 0x3f4db852, 0xf6012116, 0x90070347, 0x82d520d3, 0x0e0347d3, 0xd6202390, 0x0347f787, 0x25238d09, 0xfb060700, 0xff41e701, 0xfc062113, 
    0xfd221796, 0x2f911502, 0x06070125, 0x46df01e9, 0x6b8d0fdf, 0xee222382, 0x239fa901, 0x02130725, 0x4749000c, 0x49200503, 0x8f060347, 0x14072147, 
    0x32122747, 0x0589fd71, 0x02e605de, 0x008d0026, 0x07070000, 0x830502da, 0x550021a7, 0xdd201782, 0x97201784, 0x2a2a178c, 0x180689fd, 0x2602d205, 
    0x17850f01, 0x84d40121, 0x2117822f, 0x17840804, 0x17861920, 0x17875b20, 0x842c0621, 0x852c2017, 0x07022117, 0x05211787, 0x2017844f, 0x21178580, 
    0x1784ab01, 0x77822e20, 0x77833a20, 0x8f860120, 0x849d0121, 0xfd232417, 0x83e20489, 0xb802212f, 0x59202f86, 0xff251783, 0x0289fdf3, 0x20178446, 
    0x221782c1, 0x83da0706, 0xffff2396, 0x17883000, 0x1785d020, 0x06824c20, 0x47831782, 0x6c04b426, 0xe6022602, 0x78204786, 0xf72a4784, 0x7b0389fd, 
    0x26026d04, 0x2f853503, 0x2f851320, 0x77822520, 0x2f833c20, 0x86480321, 0x05ef4e2f, 0x2f824c20, 0x68050822, 0x5a202f82, 0x00211785, 0x2147839e, 
    0x77823c00, 0x1784d920, 0x47856a20, 0x06826f20, 0xff01002f, 0x0189fde4, 0x0083ff27, 0x40390011, 0xe351180a, 0xb04b2b09, 0x4058501e, 0x0101000b, 
    0x28826100, 0x4e005b27, 0x0010401b, 0xaaad1801, 0x2a088208, 0xb4595100, 0x0b022524, 0x18032b18, 0x0810ff51, 0x54140820, 0x22181358, 0x09093b36, 
    0x473f3e59, 0xfd8e150e, 0x53205a89, 0x3947133c, 0x53564b39, 0x9384a97b, 0xb7fe3836, 0x4001da01, 0xe1070701, 0x5afb34ff, 0x00b10900, 0x5afbb801, 
    0x085f4e18, 0x02251f82, 0x002a0454, 0x291f8527, 0xbf050701, 0xe6028c00, 0x27881200, 0x0a67c418, 0x00020029, 0x02bafe30, 0x82270434, 0x001d37cb, 
    0x0e2b402e, 0x01000101, 0x0101114c, 0x04030049, 0x03000201, 0xca826902, 0x82610121, 0x015d2dd4, 0x1912134e, 0x131d1217, 0x0525241d, 0x0121c282, 
    0x275f1826, 0x22232509, 0x17160627, 0x0c6dbc18, 0x6d94313a, 0x527f1219, 0x0d0c554f, 0x182b456d, 0x13634d01, 0x0c0c524a, 0x54494974, 0x2c080582, 
    0xda3abafe, 0x606f6a9c, 0x175b4b4b, 0x03296c46, 0x484864a3, 0x474a6262, 0x00ffff63, 0x046603ec, 0x00ef0595, 0xfde00726, 0x07070000, 0x05c742e0, 
    0x03020127, 0x05ac045d, 0x211782e6, 0x1783fee1, 0x0602e122, 0x00259c83, 0x026603ef, 0x252f8290, 0x40220011, 0xc184041f, 0x4a210482, 0x21b48200, 
    0xbe865900, 0x51010022, 0x2d057841, 0x06061701, 0x32333607, 0x06060716, 0xc1832223, 0x77022108, 0x18726d19, 0x4d462c1f, 0x50730c0c, 0x1a125b52, 
    0x74ef05b5, 0x184a6a28, 0x604b495d, 0xda9d6b6d, 0x04244882, 0xa6025d03, 0x11217b82, 0xd7531800, 0x2064820d, 0x201e8261, 0xd753185c, 0x41012007, 
    0x012810d7, 0x726e191d, 0x472b1f17, 0x74235e82, 0x825c5150, 0x5d03295e, 0x4a692875, 0x4a4a5c17, 0x9c215e82, 0x214382db, 0x5f820501, 0x5f87a520, 
    0x420a8541, 0x5c22064c, 0xbe864e01, 0x08107441, 0x94070224, 0x7f121a6e, 0x0c535052, 0x2a486b0c, 0x634d0118, 0xda3a5d03, 0x606e6b9c, 0x165e4949, 
    0x00286c46, 0x5f830200, 0x84b10421, 0x0023325f, 0x20204023, 0x0001020e, 0x11234c01, 0x03490102, 0x82648301, 0x8300200f, 0x242a2665, 0x1a0b0425, 
    0x11dc412b, 0x79a30520, 0x94cb0126, 0x80111a6d, 0x6c268c84, 0x01172b47, 0x8c8e644c, 0x9a8e7520, 0x00ffff27, 0x01b7fe3f, 0x06d342e1, 0xd3423b20, 
    0xfe3c3412, 0x01e703b7, 0x07270040, 0xfb38ffe1, 0x0707015a, 0x824101e1, 0x0dd34227, 0x08060443, 0xffffff30, 0x0543fed4, 0x0293076b, 0x00020026, 
    0x0a270000, 0x0182016f, 0x08070174, 0xf9b600be, 0xb112004a, 0x01b80102, 0x2b35b074, 0xb80103b1, 0x08824af9, 0x97203388, 0x6d223388, 0x33a16101, 
    0x05000025, 0x857a076b, 0x295f8233, 0x01bb00bd, 0xb1090074, 0x5f850202, 0x57830020, 0x08212383, 0x22238892, 0x85d900d5, 0x8e032023, 0x22478a23, 
    0x851102be, 0x84a78623, 0x21d38347, 0x4788d205, 0x6b82cb85, 0x2382c286, 0x822a0021, 0x8436206b, 0x00412347, 0xef820100, 0x84a60121, 0x84e68247, 
    0x822384ef, 0x84362047, 0x23238647, 0x4af94e00, 0x0a41b382, 0x24238307, 0x05ecff71, 0x204784df, 0x21478549, 0x4d192902, 0x6b83104b, 0x2384ae20, 
    0x23855420, 0x8f740121, 0x2a0021b3, 0xae206b82, 0x23866b84, 0x84480021, 0x8b02206b, 0x222382b3, 0x82970706, 0x005f28d7, 0x0a270000, 0x41e2006d, 
    0x37200677, 0x12222b82, 0x034101b1, 0x87b12006, 0xffff2134, 0x0620e784, 0x33827b84, 0x08070125, 0x843c00bd, 0x4101207b, 0x23900977, 0x9201be22, 
    0x7b83c391, 0x47859f84, 0x8300be21, 0x83092073, 0x4af92573, 0x002b35b0, 0x04216b85, 0x206b84f5, 0x20e78689, 0x24479089, 0x05ecff71, 0x202384de, 
    0x2123858d, 0x23902502, 0x00002a24, 0x23840d06, 0x2384a120, 0xbd00bd22, 0x238cb393, 0x1302be22, 0xfe234791, 0x840d0643, 0x254785b3, 0xf9b800be, 
    0xb390004a, 0x84630321, 0x85c5206b, 0xe1fe216b, 0x03266b93, 0x02d80879, 0x23850026, 0xfffecf22, 0x97422385, 0x82002009, 0x9b0221b3, 0xbe22478a, 
    0x8f8f3700, 0xfedeff25, 0x84520243, 0x2247858f, 0x91dafebe, 0x48b3828f, 0x01250867, 0x00be0807, 0x48239394, 0x23840973, 0x23951c20, 0x025d0729, 
    0x00190126, 0x82270000, 0x25238247, 0xce060701, 0x978299ff, 0xb7411220, 0x08e04308, 0x2105bf41, 0xc3838807, 0x00240124, 0x7b820100, 0x8fcf0221, 
    0x2a0025c3, 0x880743fe, 0x2387c383, 0x91740121, 0x0000237b, 0x47842c06, 0x47862c20, 0x47932320, 0x84091f49, 0x90c820c3, 0xfe712647, 0x07f70543, 
    0x20c38297, 0x23c38341, 0x7c016d0a, 0x2006ef42, 0x179b44d2, 0xff710023, 0x203382ec, 0x8233857a, 0x00bd2257, 0x0f6744d7, 0x08212385, 0x22238892, 
    0x44f500d5, 0x47900f67, 0x2d02be22, 0x8410b343, 0xe744189f, 0xbe082209, 0x44978300, 0x23820d67, 0x06900623, 0x206b82a2, 0x050b4145, 0xb3832393, 
    0x88b80821, 0x01d9228f, 0x268f9054, 0x0500002a, 0x827a0740, 0x44772023, 0x9f450caf, 0x067f4307, 0x844f0521, 0x86802023, 0x90ae2023, 0xfe2a22b3, 
    0x097f4a43, 0x82070121, 0x446c20b3, 0x4f221467, 0x6b825d07, 0x00214782, 0x25238527, 0xce060701, 0x4f821301, 0x5e441220, 0x45b12008, 0xff29072c, 
    0xff2e00ff, 0x083a05ea, 0x433382b4, 0xcd2205d7, 0x4743f300, 0x84238410, 0x2223859f, 0x42b501be, 0x2e201017, 0x074b9f82, 0x209f8408, 0x1017425e, 
    0x47872384, 0x23829f84, 0x4f842b83, 0x2415db42, 0x050000bc, 0x203384a7, 0x061b419b, 0x7b90c420, 0x7b82bc20, 0xd205a722, 0x2386c382, 0x90690021, 
    0xff67247b, 0x84ee05eb, 0x84a82047, 0x00bd2147, 0x45056341, 0x23840b4f, 0x82d80821, 0x22238547, 0x44cc00cf, 0x6720102f, 0xee206b82, 0x23856b84, 
    0x53ffbd22, 0x02206b85, 0x23056647, 0x00ffff00, 0xd122478f, 0x4791bc00, 0x6b8a8f83, 0x6b93d320, 0x92202384, 0xd5208f88, 0x8f8e2393, 0xa900be22, 
    0xfe25fb91, 0x06be0643, 0x204782a2, 0x94fb84a9, 0x206b8423, 0x226b88ab, 0x908601d8, 0x82cb20b3, 0x84622047, 0x86c820fb, 0x11974547, 0x0000cb26, 
    0x7a07b608, 0x09824782, 0x08070125, 0x42e701bd, 0x238f104f, 0x3d03be22, 0x8210d341, 0xb608216b, 0x47856b84, 0xe201be22, 0xff25d78f, 0x060000d6, 
    0x206b8423, 0x228f84d2, 0x8fb300bd, 0x2223906b, 0x910902be, 0x2047826b, 0x20478442, 0x204786d8, 0x20478fad, 0x20858200, 0x22238b06, 0x910302be, 
    0x43fe2347, 0xb3844206, 0xbe224785, 0xb38fab00, 0x00170025, 0x84790500, 0x84f0206b, 0x01be226b, 0x244790c3, 0x0543fe17, 0x86478479, 0x63002123, 
    0x55244790, 0xdd05ecff, 0x00214783, 0x21478597, 0x478f2a02, 0x00edff25, 0x842b0400, 0x84ea2023, 0xffbd2223, 0x84d78fa9, 0x08412523, 0x002602d8, 
    0xcf222385, 0xf741c7ff, 0x2023840f, 0x21478a20, 0x474700be, 0x0abb4906, 0x43feed24, 0xb3832004, 0xbe224786, 0xb390a4ff, 0x23823220, 0x1f06e82e, 
    0xfb012602, 0x27000000, 0xd3006f0a, 0xbe229784, 0x9f493b00, 0x202b8510, 0x222b8823, 0x99b2006d, 0xedff252b, 0x0606e804, 0x06232b86, 0x820cbd08, 
    0xffff235e, 0x17833200, 0x881e0721, 0x2ad52117, 0x2f88178a, 0xbe080727, 0x00006201, 0x832f82ff, 0x6c04219f, 0x01202f85, 0x97861782, 0x200bcb49, 
    0x26538223, 0x02c006c3, 0x85230226, 0xe001238f, 0xc750ba00, 0xb0ba2105, 0x2006eb7d, 0x22478223, 0x89d205c3, 0x6b002123, 0x2410ab45, 0x04eaff49, 
    0x21838385, 0x94822b02, 0x01206b82, 0x2405275f, 0x05edff47, 0x205f8425, 0x205f8636, 0x245f9009, 0x0543fe47, 0x865f8425, 0x82a79223, 0x80042323, 
    0x83822306, 0x5f824720, 0x6d0a2724, 0x4f859f00, 0x41330021, 0x4724106b, 0x7b04e8ff, 0x2b838b84, 0xbd080623, 0x223282f9, 0x8300ffff, 0x88672017, 
    0x23a38317, 0xff00004f, 0xdf821782, 0x71046722, 0x01205b85, 0x53861782, 0x270a2741, 0x3cfe48ff, 0xaf07cc03, 0x68202382, 0x01237785, 0x49a9012b, 
    0x012105c3, 0x06774aa9, 0x46fe0624, 0x5f84ec04, 0x03417320, 0x84502006, 0x0023265f, 0x07b50400, 0x203b827a, 0x223b847f, 0x42d2febd, 0x00200fb7, 
    0xbe22238f, 0xff422800, 0x2300210f, 0xb522a782, 0x4788d205, 0x3800be22, 0x24109342, 0x02000024, 0x20838453, 0x23838293, 0xefbe0806, 0xff220682, 
    0x178200ff, 0x881b0321, 0x08072417, 0x8499febd, 0x2217839b, 0x82640732, 0x242f8353, 0xfecf0807, 0x231783b8, 0x43fed8ff, 0x2620478a, 0x01254783, 
    0xfebe0807, 0x0df941d4, 0x72222b84, 0x2b8b51fe, 0xc3760a24, 0x79840000, 0xffffff25, 0x865efe2d, 0x8ba8201b, 0x2517848f, 0x0006069d, 0x17830226, 
    0x3b0b2727, 0xb4ff1aff, 0x41358401, 0xff210555, 0x081f51b4, 0x7b52f783, 0x21858308, 0xf7901a00, 0x00002326, 0xd205c803, 0xc12a4f82, 0x07010000, 
    0xf701a808, 0x49854c02, 0x414c0221, 0xff21059f, 0x52d382d4, 0xcd8408ab, 0x478fd020, 0x03262383, 0x025d0714, 0x47820226, 0x82270021, 0x252382f1, 
    0xce060701, 0xaf4a92ff, 0x237b8218, 0x0606ff06, 0xdf203382, 0x2605f741, 0x00007f02, 0x8200ffff, 0xff0623b7, 0x17856f04, 0x01216f83, 0x206f8f61, 
    0x213b8200, 0x3b84b404, 0x3b85e620, 0x87560121, 0x5304203b, 0xf3840827, 0x2611eb41, 0x0443fe49, 0x8223069e, 0x43f7205f, 0x9d200613, 0xbe22fb84, 
    0x13432f00, 0xff492210, 0x832b82ea, 0x222b83a3, 0x83bd0806, 0xffff2206, 0x21178400, 0x43861e07, 0xd5080623, 0x874a8216, 0x83978417, 0x09cf4328, 
    0x04217384, 0x842f856c, 0x436b8597, 0x00200a2b, 0x05232382, 0x822e0532, 0x8cfb2023, 0x82238c8f, 0x07ce228f, 0x21778844, 0x778475d9, 0xfedeff25, 
    0x83c3045e, 0x2c032177, 0x20060f41, 0x08a74294, 0x17847b20, 0x17853520, 0x83a20021, 0xd7ff2317, 0x375443fe, 0x82012009, 0xd3fe21a7, 0x840f6341, 
    0x058a2323, 0x5b5402e9, 0x08272205, 0x252383be, 0xce060601, 0x854d0008, 0x2067840b, 0x22978225, 0x826e075e, 0x8448202b, 0x01cc2267, 0x2217887a, 
    0x86400780, 0x08062317, 0xaf8452cd, 0x2f830020, 0x97843c20, 0xbe222f85, 0x2f851401, 0x0443fe22, 0x8308b754, 0xf8ff2197, 0x0021978f, 0x88238325, 
    0x8397823b, 0x832b8323, 0x0e1f4e43, 0xf0ff4c26, 0x10077703, 0x5a2a7f82, 0x07010000, 0xf5febd08, 0x23830a01, 0x01b80223, 0x05df420a, 0x23830020, 
    0x238a0820, 0x4a00be22, 0x01202385, 0xfe22238a, 0x37550343, 0x20978408, 0x2497905f, 0x04f2ff47, 0x209784d9, 0x23e48274, 0x02bd0806, 0x1784eb85, 
    0x82640721, 0x21178583, 0x178620cf, 0xd922c782, 0x17855e04, 0xed209b84, 0x8f10434a, 0x10d1213b, 0xd3205395, 0x83835387, 0x881e0721, 0x96d5206b, 
    0x00be226b, 0x25bf9143, 0xa70543fe, 0x3b825605, 0x00007725, 0x94080701, 0x205f8423, 0x2a5f8637, 0x00d80807, 0xff0000da, 0x827c00ff, 0x840a203b, 
    0x86b520cb, 0x9022203b, 0x007c265f, 0x060b0700, 0x203b8206, 0x23c482b9, 0x00bd0807, 0x8f059763, 0x02be2217, 0x2153873f, 0x53840b07, 0x01202f82, 
    0x01218f82, 0x25538f1e, 0x0000cdff, 0x5384c604, 0x7341c220, 0x82d42005, 0xffff2106, 0x3b83178e, 0x53832a20, 0xfedbff25, 0x840e0556, 0x85c7202f, 
    0x85ee202f, 0x83178d2f, 0x8644202f, 0x0543222f, 0x8283840e, 0x2083842f, 0x21838f75, 0x83821b00, 0x53846620, 0x2106c744, 0xbf841f01, 0x43fe1b24, 
    0x3b846604, 0x3b831782, 0x8f020021, 0xd8ff253b, 0x090243fe, 0x02212383, 0x05374193, 0x20062946, 0x09375201, 0xfee1fe2b, 0x0766033c, 0x022602af, 
    0x21238569, 0x4347c400, 0xff3b2210, 0x06c745f9, 0xc745d020, 0x10002117, 0x8508c745, 0xffbe2223, 0x838f8f0c, 0x06c74523, 0x00222382, 0x23840827, 
    0x2a1ec745, 0x03f0ff3c, 0x02100747, 0x846a0326, 0xfebd227b, 0x106343c5, 0x02212382, 0x22238ad9, 0x431b00be, 0x33201063, 0x83589f82, 0x07012108, 
    0x23457b82, 0x0a0b4105, 0xff490027, 0x06d704ef, 0x206b8206, 0x05bf4195, 0x00220582, 0x1785ffff, 0x88640721, 0x1fcf2117, 0x17831882, 0x0443fe25, 
    0x855e04d7, 0x22538217, 0x43e4febd, 0x53841063, 0xd1203b8a, 0x8f068b59, 0x87d32017, 0x21838353, 0x6b881e07, 0x6b96d520, 0x3900be22, 0x20105f41, 
    0x08634349, 0x4300a621, 0x23920563, 0x37205f84, 0x07255f86, 0xd900d808, 0x071f5000, 0x53220b54, 0x552a200f, 0xe105ecff, 0x26027a07, 0x83843204, 
    0x5500bd21, 0xcb55053b, 0x00d6240b, 0x84dc0800, 0x85112023, 0x06022123, 0x20107b49, 0x20478238, 0x21238301, 0x23852205, 0x90580021, 0x002a2123, 
    0x20074b52, 0x20238638, 0x512390b4, 0x6f2009f3, 0xf3512386, 0x54032005, 0x48200ae3, 0xd3206b82, 0x51828f84, 0x08070125, 0x909a00bd, 0x00b02247, 
    0x053b5200, 0x861a0421, 0x947b2047, 0x84bc2023, 0x861e2047, 0x90922023, 0x2f618223, 0x7a076d07, 0x27042600, 0x27000000, 0x1b05c500, 0x01212b85, 
    0x8a2b8445, 0x235b4d97, 0xff51002b, 0x067104ed, 0x02260206, 0x05b34266, 0x0682cf20, 0xffffff27, 0x070000ce, 0x2117831a, 0x0f45cc04, 0x05df6606, 
    0xf1ff1623, 0x20178504, 0x202f85ce, 0x088b4a98, 0x20055f46, 0x23408304, 0x01bd0806, 0x210e7348, 0x2f859e09, 0x2406a348, 0x04eaff2c, 0x205f847e, 
    0x201785f3, 0x242f85c2, 0x0400007c, 0x201784ad, 0x201785e7, 0x235f88eb, 0x06065106, 0xec20f782, 0x27231082, 0x47049302, 0xbd32059b, 0x0000ba00, 
    0xe200ffff, 0xfb050000, 0x26027a07, 0x0f410904, 0x97002105, 0x24103b41, 0x03f9ff2c, 0x825b841c, 0x07002565, 0x9afebd08, 0xb7433b84, 0x07ec221b, 
    0x084b4309, 0x8295b921, 0xffff237a, 0x4782c1ff, 0x17838620, 0x47850420, 0x2ffeba22, 0x3b204784, 0x6b221782, 0x83824307, 0xbc211785, 0x05af5dff, 
    0xefff4923, 0x20478b04, 0x204785ba, 0x86178f00, 0x2017845f, 0x204783d7, 0x24288303, 0x00bc0807, 0x2e5f84c2, 0x022403db, 0x015e0457, 0x00a80807, 
    0x5c240386, 0x03210573, 0x05534b24, 0x00010023, 0x22f98255, 0x183a01d1, 0x2808237c, 0x01025f01, 0x01570101, 0x30b6824e, 0x11030003, 0x2b170b03, 
    0x03211333, 0x47013555, 0x069b7334, 0xc3fe2124, 0x3382d201, 0x18000b21, 0x2622c76e, 0x32333713, 0x82233737, 0x21023442, 0x7c2a1921, 0x34a60418, 
    0x32364801, 0xc3feddfe, 0x82179294, 0xfebc2252, 0x2f6c82cd, 0x5600ffff, 0x4d020000, 0x26002504, 0x0001a808, 0x7c22b184, 0xff48eb02, 0xeb022105, 
    0x2382b183, 0xc3fe2222, 0xa9202386, 0xd3822398, 0x82280721, 0x8247829f, 0x08272458, 0x82ac02a8, 0x08072407, 0x825705a8, 0x00022207, 0x20678250, 
    0x064f758c, 0x29402c23, 0x21f08204, 0x19825f00, 0x004d562c, 0x5f030202, 0x03030105, 0x83180357, 0x0b23108e, 0x82132b17, 0x820120c5, 0x93b62603, 
    0xfebf4301, 0x2cc78283, 0x03d80134, 0xfe06fcfa, 0xfe280128, 0x3f5682d8, 0x0000a500, 0xe6058804, 0x22001e00, 0x3a403d00, 0x03000100, 0x80030100, 
    0x04030106, 0x7e040300, 0x02216582, 0x37658261, 0x04004d5c, 0x075f0504, 0x57050501, 0x1f1f4e05, 0x221f0000, 0x2021221f, 0x1e253782, 0x082a1223, 
    0x1bda180b, 0x023e2810, 0x16163233, 0x83060607, 0x83072002, 0x75012585, 0x64451504, 0x0b13da18, 0xe8a31a30, 0x5fcc9083, 0x70951514, 0x04116460, 
    0xa18488fe, 0xda18ca20, 0x902e0b0d, 0xb4605dbe, 0x3dab7f7e, 0x186c6b34, 0xb68536fe, 0x00ffff31, 0x022302b0, 0x015d032c, 0x00a80807, 0x4223025b, 
    0x02210527, 0x06274223, 0x22000238, 0x4e02c3fe, 0x0b002504, 0x26000f00, 0x05002340, 0x05010400, 0xdd826704, 0x65250282, 0x02010100, 0x08d6825f, 
    0x4e02573f, 0x11221111, 0x0b062012, 0x23012b1c, 0x21131320, 0x06072303, 0x21133333, 0x69012113, 0x32defe25, 0x34480136, 0x7d1804a6, 0xb8fe9829, 
    0xfe480134, 0x013301c3, 0x17c6fe44, 0x01940392, 0x0507423a, 0x00005524, 0xbf417d04, 0x2f918208, 0x0000ac02, 0x7900ffff, 0x7002d600, 0x2700fb04, 
    0x2422a382, 0xab84d600, 0xc1039f29, 0x00b11100, 0x82d6b001, 0x01b125aa, 0xc103b801, 0x24082f4e, 0x01000012, 0x2347828e, 0xbda80806, 0xff213f82, 
    0x206c82de, 0x200f848f, 0x250f83a9, 0x00001300, 0x6f420a02, 0x42be2005, 0x3920056f, 0x210f6f42, 0xf782dfff, 0xa9202385, 0x00212397, 0x20978236, 
    0x2197852d, 0x9786e1ff, 0x979a5c20, 0xad019c26, 0xd2059402, 0x4722c784, 0xc784ad01, 0x9804c322, 0x2105e75f, 0xc886ad01, 0x85980421, 0x032208c8, 
    0xf9049201, 0x09075705, 0x07000300, 0x3b000b00, 0x01023840, 0x00010500, 0x08040057, 0x04010501, 0x0f826705, 0x5f01003c, 0x03060307, 0x4f010001, 
    0x04040808, 0x0b080000, 0x090a0b08, 0x07040704, 0x39820506, 0x0911032a, 0x012b170b, 0x21032113, 0x25200382, 0x01270382, 0x12012d92, 0x8374012d, 
    0xf1fd2b05, 0xb10e0155, 0x0d01f904, 0x0383f3fe, 0x3701d927, 0x0000c9fe, 0x317b8f00, 0x03244027, 0x00040101, 0x05005701, 0x05000400, 0x0e826704, 
    0x5f000122, 0x01238082, 0x83114f00, 0x06102500, 0x012b1c0b, 0x03836482, 0x03230527, 0xfea40221, 0x216382ee, 0x06845902, 0xb393fe25, 0x870e0149, 
    0x01342469, 0x88ffff37, 0x080622df, 0x367383b9, 0xfc04ea00, 0x43071004, 0x19001500, 0x48001d00, 0x01054540, 0x82010003, 0x692c088c, 0x0a020400, 
    0x04060002, 0x090c6900, 0x0707030b, 0x01085f06, 0x07560606, 0x161a1a4e, 0x1a000116, 0x1c1d1a1d, 0x1619161b, 0x13171819, 0x0c3e6018, 0x160b0d24, 
    0x6018012b, 0x0124143a, 0x33072137, 0x03280382, 0x3e534015, 0x0929201f, 0x0d426018, 0x2c7dfd3b, 0xb22c0801, 0x2d08012d, 0x2e2e5206, 0x7a712531, 
    0x2b2c2d2e, 0xaafe7b72, 0x820082e8, 0x830220af, 0x820429bf, 0x03000606, 0x2a000700, 0x29776118, 0x21130124, 0x88413303, 0x2d082206, 0x416283b3, 
    0x00280981, 0x04010100, 0x6402f904, 0x75185784, 0x03201673, 0x8306a045, 0x04012549, 0x2d34012c, 0xff214085, 0x373b87ff, 0xbe080602, 0xffff0000, 
    0xed042601, 0x2706a60a, 0xa8082700, 0xed04d100, 0x03210783, 0x2907857d, 0xed042906, 0xa8080701, 0x0f82d508, 0x00b12426, 0xed04b801, 0x84078342, 
    0x87022008, 0x86032011, 0x214f8508, 0x4f91fa07, 0x4f834783, 0x9a1b0021, 0x278f8247, 0x4afe0d00, 0x84ffe006, 0xff238783, 0x834afeb8, 0x63022307, 
    0x3f834afe, 0x820f0521, 0x213f840f, 0x87864afe, 0x87820885, 0x3f820884, 0x22087341, 0x84bd0806, 0x072b41df, 0x0028ef84, 0x04980103, 0x063c06f9, 
    0x2c059341, 0x4036000b, 0x02020433, 0x00010100, 0x28078357, 0x085f0100, 0x06030705, 0x262e4305, 0x2113212b, 0x27530303, 0xfd270801, 0x2505833d, 
    0x01276e02, 0xac412707, 0x0d012b09, 0xfffff3fe, 0x51fe93ff, 0x7382c103, 0xb102262a, 0x070000fe, 0x4701be08, 0xef4c9b83, 0x26002407, 0x4bb26702, 
    0xef4c0523, 0xe8ff2710, 0x480143fe, 0xff8250ff, 0xd14bbe20, 0x97621806, 0xffff210a, 0x2307a747, 0xa8080602, 0x1344ef84, 0x08062207, 0x250f83b9, 
    0x43fe7600, 0x3f846603, 0x2007114c, 0x07b95900, 0x0000003a, 0x04a20002, 0x07e402cb, 0x0003006e, 0x4b530007, 0x585017b0, 0x01041540, 0x8629ff82, 
    0x01050200, 0x03020003, 0x28278267, 0x1b4e0056, 0x00001e40, 0x21118203, 0x1f828001, 0x82840121, 0x02032219, 0x07184757, 0x4f030225, 0x18124059, 
    0x470fa98a, 0x013b051a, 0x03211303, 0x4501fda2, 0x2dbcb1fe, 0x042d3301, 0xfe3501cb, 0x019701cb, 0x82f4fe0c, 0x0102305b, 0x04e60406, 0x0040072e, 
    0x000c0008, 0x79364039, 0x002905bb, 0x04010603, 0x67040300, 0x06a04105, 0x00230783, 0x82005f01, 0x094f2a9b, 0x09000009, 0x0b0c090c, 0x3034820a, 
    0x07121207, 0x012b180b, 0x07213717, 0x37032301, 0x3e078225, 0xab720c02, 0xfe010501, 0x01efe6ae, 0x01281d01, 0x07062915, 0xfe07a3a3, 0x071a01e6, 
    0x82e2e257, 0xffff3576, 0x5a064401, 0xb4086c04, 0xcd080701, 0x74013e00, 0x00b10900, 0x8207894b, 0x01032920, 0x04fc048b, 0x0064077a, 0x30055f45, 
    0x00324035, 0x05010804, 0x67050400, 0x03060307, 0x05df4401, 0x01560023, 0x1b59454e, 0x21208c82, 0x13360382, 0x03033313, 0x08012d45, 0x2c3efd2d, 
    0x272c0801, 0x04e4f1a9, 0x0082e8fc, 0x015c0126, 0x00f4fe0c, 0xc9268f82, 0xb8047006, 0x8f82d808, 0x8f87cf20, 0x8407b95f, 0x829b208f, 0x82b5208f, 
    0x0008288f, 0x0010000c, 0x413a403d, 0x072f0529, 0x00000202, 0x01000301, 0x08060967, 0x48040403, 0x562e05a9, 0x0d0d4e04, 0x00000909, 0x100d100d, 
    0x2d410e0f, 0x410a200b, 0x3326052d, 0x03230107, 0xe7440337, 0xd5022b06, 0x02e29866, 0xd1c8d8fe, 0xa6835902, 0x0483b220, 0x9864072b, 0xfbfe0798, 
    0xfd070501, 0x06d64498, 0xd920a782, 0xf320a782, 0xd120a784, 0x3741a794, 0x3303224c, 0x0b374113, 0xf18a2423, 0x1937414f, 0x8f9ad320, 0xc7411e20, 
    0x01063609, 0x02000001, 0x08670001, 0x03030705, 0x045f0203, 0x56020201, 0x1cc74103, 0x37210723, 0x06cb4101, 0x20790427, 0x0120bdfd, 0x09cd410f, 
    0x9f1e0726, 0xe8defd9f, 0xc7410082, 0x01922409, 0x91d50807, 0xffff298f, 0x85063c01, 0xab083904, 0xd8201f82, 0xa5821f91, 0x1105fe26, 0x3707fb03, 
    0x9e82af89, 0x0120a984, 0x21058d43, 0xc0825f01, 0x00560122, 0x2720af9f, 0x2106da41, 0xaf836103, 0xae831320, 0x012cb32a, 0xcf052d09, 0xe97fbebe, 
    0x00290082, 0x041b0103, 0x075904e9, 0x06534744, 0xb04b7333, 0x40585020, 0x06010821, 0x030b090c, 0x07060307, 0x055b4767, 0x6500042f, 0x03010100, 
    0x03010561, 0x4e015e03, 0x25239f1b, 0x594e015c, 0x7e472340, 0x40033742, 0x20203e53, 0x19a50929, 0x51405c88, 0x2622223d, 0x8b18a30b, 0xcd860ffe, 
    0x042c0831, 0x373433e9, 0x33897f2a, 0x80303133, 0x84720189, 0x000023d8, 0xdb87ffff, 0x08060222, 0x22055750, 0x6b95fd71, 0x08230b4b, 0x83eb01ea, 
    0x55002127, 0x4b6b1782, 0x2017820a, 0x221784ea, 0x6b95fd2a, 0x17820b4b, 0x82055345, 0x09d76217, 0x82070021, 0x88412017, 0x0a4b6b2f, 0xed201782, 
    0xcb601787, 0x202f8409, 0x20178490, 0x6077822e, 0x17840843, 0x17848220, 0x95fd2323, 0x08cf5804, 0x3f201784, 0xff231783, 0x6b95fdbf, 0x08230b4b, 
    0x8400f5ea, 0x88fb2017, 0x82d02017, 0x08062310, 0x178431ea, 0x47830020, 0x84082358, 0x845d2047, 0xfdc2232f, 0x4b6b0395, 0xea08220a, 0x202f85f8, 
    0x56778225, 0x2f840893, 0x8f841d20, 0x2f824c20, 0x83081356, 0x83002117, 0x1e201784, 0xc7527782, 0x82002008, 0x82542077, 0x01002d47, 0x95fdcaff, 
    0x7dff1601, 0x46000b00, 0x20055146, 0xd47c1813, 0x015b250f, 0x19401b4e, 0x0cb44118, 0x3b825920, 0x0461032a, 0x03000301, 0x0c405951, 0x7c180d82, 
    0x032009f3, 0x08052b4e, 0x07333720, 0x13362306, 0x03136020, 0x29fb2880, 0x95fddf27, 0xf1147370, 0xffffedfb, 0xc3fef9ff, 0xc34baa01, 0x00d82105, 
    0x03210f85, 0x240f82c4, 0xd8a90826, 0x22b38200, 0x84f201a9, 0x03bb2ab3, 0x0586045b, 0x082600d2, 0x236282ef, 0x02ef0807, 0x2005cb77, 0x2c1786bc, 
    0x00a90827, 0x0198049b, 0x02a90807, 0x077b4bb4, 0x4b980421, 0x01210e7b, 0x21478200, 0x47826c02, 0x2505eb4e, 0x01020001, 0xc1876302, 0x00560323, 
    0x2dbf8c4e, 0x22230701, 0x03330707, 0x21121321, 0xec4e6c02, 0xb8fe3006, 0x23013236, 0x9194d205, 0x01c6fe18, 0x84330144, 0x2387829f, 0xd2056d02, 
    0x87837f83, 0x84056f4d, 0x2251827f, 0x86000100, 0x0b00281f, 0x19401c00, 0x82000300, 0x00653202, 0x5f010202, 0x56010100, 0x11224e02, 0x0b042012, 
    0x0c634d1a, 0x25030230, 0x3732defe, 0xa6354801, 0x297d1804, 0x594d5b03, 0xff002207, 0x214f83ff, 0xc7828704, 0xf1082622, 0x07246082, 0x1a02f108, 
    0x02260782, 0x00002a00, 0x17820105, 0x16000d2e, 0x2e403100, 0x05000200, 0x67050204, 0x124f6582, 0x04042407, 0x4f065f03, 0x54080512, 0x14160000, 
    0x0d000e10, 0x11210c00, 0x190b0711, 0x2113332b, 0x33032107, 0x06070404, 0x27230406, 0x37361633, 0x23232636, 0xd703f72a, 0x315cfd2b, 0x010801fa, 
    0xad172307, 0xd2b0edfe, 0x109f80fb, 0xfb807510, 0xfefdd205, 0xd2fb01d2, 0xf878d58c, 0x5b5d8801, 0x8286827c, 0x2187829f, 0x87823f0b, 0x54002622, 
    0x072d1082, 0xc605f001, 0xffff0000, 0x00002100, 0x20338205, 0x26178200, 0x0600004d, 0x82e1510b, 0x20a5821e, 0x08178255, 0xcb057920, 0x17000e00, 
    0x2c402f00, 0x04000100, 0x67040105, 0x03020200, 0x0303005f, 0x01064d56, 0xc2840505, 0x4e00573b, 0x170f0f0f, 0x1122160f, 0x07202611, 0x212b1b0b, 
    0x26262221, 0x24363637, 0x08bf8233, 0x01213739, 0x06222313, 0x33160607, 0xd4fd8304, 0x1767ecaf, 0x1401ae16, 0xfd31f6b0, 0xd6032860, 0xf648fefd, 
    0x0f0f9582, 0xd578816b, 0x74d18c8b, 0xfbfd2501, 0x7bba012d, 0x9a865e5b, 0x0001349f, 0x05ecff31, 0x00e60512, 0x404e002d, 0x0501074b, 0x184c0104, 
    0x2d08d29a, 0x05060507, 0x00800607, 0x07050004, 0xfc180504, 0x003f0a2d, 0x61000606, 0x00000108, 0x014e005d, 0x27292a00, 0x1e1f2125, 0x1416181c, 
    0x000e1013, 0x182d012d, 0x200b6e85, 0x50c28237, 0x21220613, 0xc1862636, 0x86073321, 0x326d0808, 0x06213736, 0x36020406, 0x1572eea5, 0x02a6c917, 
    0x13157f78, 0x9899f79f, 0xfe136ddf, 0x627b0cda, 0x0f0e8861, 0x268a6d76, 0x10a88289, 0x6a6e790e, 0x330112a1, 0xf3feb118, 0x7fc57114, 0x0b15bb8b, 
    0x747ea718, 0xc46e70be, 0x6b66577f, 0xe36e5a56, 0x715b5c75, 0xc6815465, 0x00ffff6f, 0x05000014, 0x00d205b2, 0xfaf00306, 0x00020000, 0x20eb824b, 
    0x08eb82e9, 0x1f001820, 0x3b403e00, 0x01020300, 0x80010302, 0x05000100, 0x67050106, 0x04020200, 0x04040061, 0xdf844d5c, 0xdf870720, 0x1a1c1e39, 
    0x0d101219, 0x06080a0c, 0x01180005, 0x160b0818, 0x2422052b, 0x86373702, 0x215c08d0, 0x33243636, 0x07120432, 0x13040206, 0x33160621, 0x91023632, 
    0x7df1feba, 0x0a041e20, 0x7da3ab18, 0xcafe31bd, 0x2501d42d, 0x1c01c5a7, 0xe327287f, 0xfdf8abfe, 0x9fa61431, 0x9714d58d, 0xbac41901, 0x6b7ae7d6, 
    0xb680e292, 0xedf0a9fe, 0x02b9a9fe, 0xa1a88f46, 0xecff0100, 0xa50547fe, 0x2025bf82, 0x33403600, 0x23ab8314, 0x0302004c, 0x002db682, 0x01000080, 
    0x7e010003, 0x04030300, 0x37b2825f, 0x01004d56, 0x00610501, 0x05610505, 0x22112a4e, 0x06102225, 0x372b1c0b, 0x36308c85, 0x07263637, 0x35013723, 
    0x07211321, 0x16160701, 0x4c08a984, 0x26262223, 0x0e350101, 0x9f637e97, 0xab1f1268, 0x01269da2, 0x2b13fde7, 0xfd246c04, 0xd49c03cb, 0xd11f1c59, 
    0xaeb9c7fe, 0x7f687cfe, 0x6dab64a0, 0xdf01d7b9, 0x010c9101, 0x33fede02, 0xfe9d0c0e, 0xfebba5ff, 0xf68ca6de, 0xff000000, 0x25ab85ff, 0x26025108, 
    0x9b82fb08, 0x6e0a0726, 0x2e024701, 0x23061353, 0x2b35b02e, 0xff211482, 0x20cf82f6, 0x3fcf827c, 0x40410021, 0x02010e3e, 0x020c1401, 0x4c020203, 
    0x05020300, 0x80050302, 0x04050106, 0x7e040502, 0x20083f44, 0x21da824d, 0x60826100, 0x4e006122, 0x212e0582, 0x23252100, 0x07231a11, 0x252b1b0b, 
    0x0c190606, 0x5d0808c9, 0x37013737, 0x15210321, 0x22230701, 0x06070606, 0x36323316, 0xea043736, 0xd3fece21, 0xfffeb9ae, 0xae1b1f70, 0x039f0601, 
    0x042465fe, 0x12fd2c6d, 0x9d256101, 0x147cb66b, 0x5593851b, 0x68136996, 0xa68cf69f, 0xa4bc2301, 0x0c9c0101, 0xdecd010e, 0xfe0cfefe, 0xb360df6f, 
    0x49d8a47c, 0x78825581, 0x00010035, 0x054cfe48, 0x00e60532, 0x401f0023, 0x151c221c, 0x82490103, 0x86012115, 0x33082853, 0x12234e00, 0x190b0326, 
    0x2437132b, 0x36373624, 0x07062607, 0x24051842, 0x06071616, 0x08048307, 0x0504006a, 0x37002437, 0xc6062736, 0x01070126, 0x26139b3e, 0x0c876df5, 
    0xa714cbfe, 0xa69f0401, 0x261a6ae9, 0x164751bf, 0xfecdfe25, 0x29d0fe1b, 0x99015301, 0xfc421825, 0x4ae74001, 0xe76fa087, 0x4a5c0101, 0x6168bb7b, 
    0xa2dc94c5, 0xda7aaf31, 0x2ac7c3fe, 0x05013ff5, 0x832a93dd, 0xffff0000, 0xecff2a00, 0xd2050007, 0xc5002600, 0x07249682, 0x3f020a01, 0x09211787, 
    0x21178347, 0x17851901, 0xb6820420, 0x00ffff27, 0x0400002e, 0x2917850c, 0x07010004, 0x7b016c0a, 0xb341f8fd, 0xf8fd2305, 0x9b6c35b0, 0xecff2305, 
    0x2384da0a, 0x3b852c20, 0x43830620, 0x00022108, 0x075efe48, 0x00e60585, 0x0031001c, 0x19b04b72, 0x0b405850, 0x01050115, 0x04021a29, 0x1b4c0205, 
    0x02200d84, 0x59200d86, 0x1b272085, 0x01050500, 0x82010261, 0x08d941c8, 0x004d5d2f, 0x035b0303, 0x1f401b4e, 0x56020200, 0x2022844d, 0x08219300, 
    0x09405925, 0x13112927, 0x0b062728, 0x07012b1c, 0x0e033107, 0x00202302, 0x37313713, 0x33241236, 0x25171632, 0x82210133, 0x07052218, 0x05034231, 
    0x13377708, 0x26261331, 0x07062607, 0x5e053107, 0x334a2207, 0xfe84e4b0, 0x36e2fec6, 0xd4240311, 0x9ed34901, 0x320143ed, 0xfec4fedf, 0xa50201d8, 
    0x0c68fc20, 0xc37e2202, 0x362a834f, 0x477a215e, 0x0324cbc9, 0xcc2c6b03, 0x5e3648fe, 0x0178013b, 0xdf136549, 0x58a63c01, 0x8cf8813d, 0xc2441306, 
    0xd40b446f, 0x012029f6, 0x24360243, 0xeb010125, 0xff0010de, 0x00bc00ff, 0x0b690500, 0x430b250a, 0xdeffc200, 0x2d055341, 0x35b0deff, 0x0200002b, 
    0x00008000, 0xcb468f06, 0x40303a06, 0x02010d2d, 0x4c010001, 0x01050100, 0x04010304, 0x00000068, 0x03004d56, 0x07a95403, 0x0e0e3c08, 0x150e160e, 
    0x12212423, 0x2b1a0b06, 0x21012701, 0x00202103, 0x21000607, 0x03131321, 0x37363221, 0x01232636, 0x4001cb4b, 0x01560d02, 0x0107010a, 0xfe252407, 
    0xfdfafeae, 0x19cbdeb7, 0x08082763, 0x7b96032c, 0xf5fdc101, 0xe1dbfefe, 0x3a05f7fe, 0x25fe99fd, 0x7a6e7281, 0x00010000, 0x05ecff47, 0x00e60564, 
    0xb558001c, 0x03020111, 0xaf414c01, 0x82172005, 0x61012584, 0x01010104, 0x02248f82, 0x05620002, 0x23051245, 0x001b401b, 0x03211384, 0x07304503, 
    0x21081d8a, 0x01114059, 0x10141600, 0x06080a0e, 0x011c0005, 0x160b061c, 0x2622052b, 0x21133726, 0x20210203, 0xae821313, 0x37072237, 0x32333636, 
    0x06030716, 0x4b020406, 0x1c6ef0a6, 0xa43601a3, 0x08be822d, 0x622d0543, 0x264b330f, 0x49252b36, 0x20b2b625, 0xfebb1b64, 0xe77614e8, 0xfcdf03aa, 
    0x01f0fe21, 0x585c0210, 0x08f40740, 0xfdc5d20a, 0x77e7a9a4, 0x08000200, 0x3305a1fe, 0x12003806, 0x64001b00, 0x03010ab5, 0x20c18705, 0x34de8223, 
    0x00700001, 0x86020402, 0x03000500, 0x67030504, 0x01060600, 0x27bf855f, 0x04570404, 0x22401b4e, 0x00212582, 0x08249c85, 0x0a405921, 0x11112224, 
    0x07112126, 0x132b1d0b, 0x33072137, 0x06070420, 0x07010706, 0x03230121, 0x48131321, 0x56080753, 0x370122ee, 0x0301f911, 0x1c250101, 0x6c0189b9, 
    0xfeb4fe03, 0xfe5ee5b6, 0xf7d8e7c8, 0x100f8f79, 0x05f77c64, 0xe466cb6d, 0x35c2a6d6, 0x030d33fc, 0x05ccfd93, 0x01befd6d, 0x76635e77, 0x63000100, 
    0x9607ecff, 0x2400d205, 0xb04b5c00, 0xb5585019, 0x0200011f, 0x821b4c01, 0x82062007, 0x06494307, 0x03051534, 0x56010102, 0x0201044d, 0x07620002, 
    0x00000206, 0xc982005d, 0x17861920, 0x5720e382, 0xb3411c87, 0x40593f05, 0x1311230b, 0x13231523, 0x1e0b0822, 0x0606252b, 0x37262223, 0x06032113, 
    0x36323316, 0x0a893637, 0x21211382, 0x331e8437, 0xbb432803, 0x2999b678, 0xb02801b0, 0x53454a13, 0x08032372, 0x21080b82, 0x484812b1, 0xc2246e4f, 
    0xfef82b01, 0xa64006f1, 0x9e976f64, 0xf5c95f53, 0xd8fb2804, 0x38405c71, 0x09832d28, 0x3b5f6e3b, 0xfa870433, 0x4841752e, 0x00020053, 0x055efe04, 
    0x00e4059f, 0x001c0010, 0x23d98558, 0x00030101, 0x0782d983, 0x1227d989, 0x00030300, 0x82020461, 0x4d5c26d1, 0x5b010100, 0x20d68201, 0x21e78316, 
    0x1a844d56, 0x00000022, 0x59261887, 0x00000d40, 0x5382181a, 0x19107a08, 0x180b0523, 0x3607012b, 0x04323336, 0x06070712, 0x03050000, 0x24130121, 
    0x36373700, 0x22232626, 0x6f020706, 0x51893705, 0x6d0101b6, 0xfe280b28, 0xfe4efef6, 0xcbfe2bdc, 0x01543701, 0x2c5d0118, 0x6f16130b, 0x3a905373, 
    0x1a22d005, 0xdefe991c, 0xfed43bcf, 0x56e5fe91, 0x7207f3fe, 0x01639efa, 0x6c3fef5f, 0x32376db5, 0x00010000, 0x0560fe2b, 0x00e6053c, 0xb54c0013, 
    0x42bd820c, 0x1620076d, 0x0325af82, 0x03010461, 0x28ab8203, 0x4d570202, 0x5b000000, 0x20bf8200, 0x82b9821a, 0x01012112, 0x87092e43, 0xb7592c1c, 
    0x23121123, 0x1b0b0510, 0x4321012b, 0x03230519, 0x84211321, 0x16163ac8, 0xfe330407, 0x5f10f3d2, 0xc7868581, 0x01f8d5fe, 0x9944092b, 0x68d38b54, 
    0x36818217, 0x4c7165c1, 0xd20555fb, 0x6a282034, 0x000091ca, 0xff3d0002, 0x826d05ec, 0x00283197, 0x40400036, 0x0001063d, 0x020d1c01, 0x4c020004, 
    0x07270a82, 0x00050401, 0x45036a04, 0x2908057d, 0x61020505, 0x5d020200, 0x292b4e02, 0x2f320002, 0x362b3629, 0x13162122, 0x28000708, 0x0b082802, 
    0x33012b16, 0x36373632, 0xcb593727, 0x29058405, 0x22232304, 0x36372626, 0x05833736, 0x07372429, 0x06070606, 0x4a231716, 0x2f840595, 0x02267108, 
    0x94761ddd, 0x27771310, 0x111fcfc7, 0x3c475a74, 0xfeb41912, 0xa716a8ec, 0x131a6fee, 0x404a5b77, 0x10012011, 0x474427c7, 0x667d110b, 0x149f7616, 
    0x16767713, 0x12139e74, 0x3fb90375, 0xef1c7a69, 0x6cbcc801, 0xaf392f97, 0x73da9b73, 0x759ad771, 0x982e3ab2, 0x01c7bd6c, 0x42470eef, 0x7cfc3d6a, 
    0x77787175, 0x00797377, 0xa8000100, 0x9f040000, 0x1d26ef82, 0x2f403200, 0xee820200, 0x8000022e, 0x03010100, 0x03030061, 0x01054d5c, 0x5f351f82, 
    0x57040400, 0x00024e04, 0x11131b1c, 0x090b0d0e, 0x1d021d00, 0x23df8606, 0x36373736, 0x21052046, 0xb65a3e21, 0x07440805, 0x03070206, 0xc8011321, 
    0x37665569, 0x070b1a0e, 0x705b5b4b, 0x17d9fe0f, 0xaa88e99e, 0x1a1a52d5, 0x2fb5e420, 0x0155c9fe, 0x51854ffd, 0x5f8a409d, 0x506b0101, 0x936dc785, 
    0xba9d9afa, 0xfe33e3fe, 0x00fd01e8, 0x042d9b83, 0x58050000, 0x0600d205, 0x1e402100, 0x219a8201, 0x99824c01, 0x034d5639, 0x00000202, 0x004e0057, 
    0x00060000, 0x04121106, 0x212b180b, 0x82210103, 0xff033901, 0xfef6fd99, 0x01fe02a8, 0x04140142, 0x05a1fb5f, 0x002efad2, 0x5e00ffff, 0x152e2b82, 
    0x2600d205, 0x00341901, 0x19010700, 0x63840d02, 0xecff6932, 0xc205a904, 0x1a002000, 0x12131740, 0x4a010301, 0x0a038c18, 0x281a1c31, 0x2b170b02, 
    0x021e3701, 0x23020e07, 0x82022622, 0x241222ed, 0x180c8237, 0x0807c5c1, 0x02263644, 0x9363a5cc, 0xa31a1442, 0xdaa49cfa, 0x260b1c5b, 0xec7a01f6, 
    0xa2ed9109, 0x5c171220, 0x11886168, 0xf4025915, 0xc7952ad7, 0x74d99775, 0xae060192, 0x6901ed3e, 0x19f41ddf, 0x6bc0f888, 0x69729c8b, 0x8a829674, 
    0x00020027, 0x06ecff11, 0x28a3827c, 0x001e0012, 0x0139403c, 0x24128201, 0x02020501, 0x06a94d4c, 0x03066a2d, 0x56000002, 0x0401074d, 0x82610104, 
    0x5d2008a6, 0x13144e01, 0x181a0000, 0x1e141e13, 0x12001200, 0x08122326, 0x012b190b, 0x01210113, 0x22230606, 0x0806374c, 0x13011751, 0x36373632, 
    0x06260726, 0x02160607, 0xb901da9c, 0xa7fc4d01, 0x7180e541, 0x121252a9, 0x2972ce8e, 0x57fffe26, 0x0f0c623d, 0x60413e4b, 0x05490c0d, 0x024efdd2, 
    0x6e13fbb2, 0x70b76c8b, 0x0870b96f, 0x17fbc302, 0x4e4b4c4e, 0x4a4f0101, 0x82004d4d, 0x00013e00, 0x05ecff2a, 0x00e60584, 0x4b890029, 0x585019b0, 
    0x09221040, 0x04030308, 0x03020114, 0x22bd8213, 0x8d1b4c03, 0x02052312, 0x7d454c03, 0x001f2d06, 0x04020403, 0x00800203, 0x61000404, 0x5c2b4e82, 
    0x0202004d, 0x05066101, 0x82010102, 0x401b22d7, 0x24219123, 0x05050106, 0x85278557, 0x405922fd, 0x343a820e, 0x24290029, 0x24292526, 0x2b1b0b07, 
    0x023e1333, 0x17043233, 0x066d4301, 0x27262224, 0x9e451637, 0x2e620805, 0x37230702, 0x27262601, 0x03070606, 0xa61ba42a, 0x01a3a0ff, 0x75fe753e, 
    0x171cb8bb, 0x9a00ffa9, 0x7a40a853, 0x753a6e2c, 0x280d1095, 0x882c6050, 0x2b45011e, 0x7f775280, 0xd503a414, 0x9380eda4, 0x1877fe6c, 0xca89adeb, 
    0xe61b206f, 0x626f1c13, 0x15355e4a, 0x3c01bb01, 0x01013526, 0x2bfc78a5, 0xaf6dff00, 0x6c042506, 0xfb010602, 0x20089982, 0xff240002, 0x04d904ed, 
    0x0016006c, 0x4ba40022, 0x58501ab0, 0x010a0a40, 0x01040205, 0x4c020400, 0x200c871b, 0x200c8201, 0x321e8559, 0x05050019, 0x01036102, 0x4d590202, 
    0x04040107, 0x46016100, 0x4b22079b, 0x3f8224b0, 0x208a1d20, 0x01010023, 0x22258657, 0x46000106, 0x212105c0, 0x823a8300, 0x61032624, 0x5f030300, 
    0x3723914d, 0x17405959, 0x00011718, 0x22171c1e, 0x0e102218, 0x06070809, 0x16011600, 0x2905954d, 0x23272626, 0x21132107, 0xd0433307, 0x02062506, 
    0x36322706, 0x08685b18, 0x9b026208, 0x0e44785c, 0xd7fe1d0b, 0x1f2a01b9, 0x895c1b0b, 0x53b97c5e, 0xe0a11e20, 0x199a75bc, 0x74775b18, 0x5f181a9a, 
    0x2d5c3d13, 0xbc5e04b3, 0x80405d2d, 0xfebbbfff, 0xbbf185ff, 0xb6bb9395, 0x00b89898, 0x85000200, 0x8f05ecff, 0x2a006c04, 0x31003400, 0x070d2e40, 
    0x00020301, 0x030e1523, 0x4c020205, 0x82fc8204, 0x82d082f6, 0x050521bd, 0x5d34c784, 0x29264e03, 0x2324252a, 0x2b1c0b06, 0x36362713, 0x17163233, 
    0x072a0585, 0x22232626, 0x16070606, 0x2d7c1617, 0x36372209, 0x21168437, 0xc84a0601, 0x366a0806, 0xa03d76fb, 0x428a6466, 0x6567b66b, 0x14b32a80, 
    0x44231d34, 0x0302465b, 0x14103c28, 0x9d8d8ec3, 0x50820f14, 0x4e400303, 0x01411c33, 0x040c3d8f, 0x1b1c1d11, 0x23030702, 0x795d3cb0, 0x5e7a7c7d, 
    0x261bb03b, 0x0659692d, 0x5dcb6006, 0x797c7b7a, 0x046ccb5c, 0x26658304, 0x2b5736fe, 0x111e1f12, 0x01000029, 0x46fefdff, 0xd7826a04, 0x6a002037, 
    0x500db04b, 0x00244058, 0x05010504, 0x01007204, 0x00010500, 0x0996417e, 0xde820620, 0x0061022a, 0x02610202, 0x25401b4e, 0x494f2685, 0x08279805, 
    0x1340592b, 0x17190001, 0x10121415, 0x03040709, 0x20012000, 0x2b160b07, 0x37363205, 0x23020e21, 0x37262622, 0x33023e13, 0x21071632, 0x05134136, 
    0x06034208, 0xe0011616, 0x010f7651, 0xe19b1518, 0x48cdab80, 0x9c1a5019, 0xdaceaafc, 0x0ae8fe1f, 0x685b5a4c, 0x0c510c35, 0x56cc4a04, 0x66b27448, 
    0x019af891, 0x92f99ade, 0x6f4ec5e6, 0xfe479060, 0x608e4722, 0x26008200, 0xfe5c0002, 0x82c10488, 0x001e29d7, 0xb5560031, 0x0100011e, 0x2b07b147, 
    0x0304001d, 0x01040301, 0x03030080, 0x5f21cf84, 0x201c824d, 0x47378300, 0x1f8706b8, 0x0122f082, 0x26886400, 0x594e033d, 0x2d2f0a40, 0x112a2325, 
    0x190b0510, 0x3721012b, 0x27262621, 0x37370226, 0x82243636, 0x07162cc4, 0x07020e07, 0x1e230606, 0x48031702, 0x73080782, 0x17160607, 0x32331616, 
    0x86033636, 0x0129d6fc, 0x365713a4, 0x04179285, 0x0201a419, 0x54d3a8a6, 0x8f140317, 0x140878d2, 0x6068290c, 0x0d04281c, 0x7f595410, 0x11031581, 
    0x1a0d3946, 0x47755411, 0x13ec88fe, 0x01793147, 0xa914a30b, 0xef858cfd, 0xd487159d, 0x01011288, 0x256f7027, 0x59140203, 0x8bb95893, 0x249d7214, 
    0x8f560306, 0x27000200, 0x5d04ecff, 0x172bf782, 0x43001f00, 0x01044040, 0x82030201, 0x4c022dfc, 0x00050107, 0x02050102, 0x04040067, 0x21096843, 
    0x86436100, 0x18183306, 0x1f180001, 0x1a1c1f18, 0x0a0b0e10, 0x17000608, 0x5e431701, 0x07904406, 0x36372123, 0x21e58200, 0xe2820712, 0x13048208, 
    0x22232636, 0x01070706, 0x2bc4a4ba, 0x497d28b0, 0xfd22a477, 0x0129153c, 0xd4a5e92c, 0x18071b53, 0xb8f1fead, 0x5f6a4f01, 0x1408136c, 0x3da3497a, 
    0x7f6c853a, 0x922801f9, 0x27a9fdfe, 0x0293f593, 0x7a8c5fa7, 0x00001f52, 0x26ffffff, 0xb50323fe, 0x06023c06, 0x00000406, 0xc6ff0200, 0x0f055efe, 
    0x1a003c06, 0x35002600, 0x01113240, 0x01180203, 0x191a0104, 0x03040002, 0x0301004c, 0x04010304, 0x20ec8280, 0x25dc8203, 0x04040069, 0x37826200, 
    0x4e005b2b, 0x2424332c, 0x1b0b0522, 0x054c462b, 0x36363726, 0x13173233, 0x07210584, 0x25af8226, 0x07170307, 0xc2482601, 0x334d0805, 0x02373632, 
    0x84ba3992, 0x1615a6af, 0x2e2ea9e5, 0xc3f422ad, 0x143f5559, 0x18812247, 0xfeaae7cc, 0x2f35338d, 0x2f070639, 0x0a482d29, 0x5148f7fe, 0xa7827b89, 
    0xcc150409, 0x03e315d9, 0x33fb9305, 0x4601afd6, 0x2e04041a, 0x382e2724, 0x317f8237, 0xfed50002, 0x06330450, 0x001c0015, 0x40630028, 0xa882170a, 
    0x82010f21, 0x584c20bc, 0x1e2e05d1, 0x00040106, 0x03040103, 0x05050069, 0x32826100, 0x004d5e25, 0x43020101, 0x1c200853, 0x05241282, 0x69050004, 
    0x1e892889, 0x0f405932, 0x22241d1e, 0x281e281d, 0x23262524, 0x2b1a0b07, 0x24053a43, 0x03310716, 0x82cd8306, 0x222325d7, 0x06133726, 0x26210582, 
    0x08de8205, 0x27263656, 0x06070606, 0x8d12e716, 0xa97273ce, 0x1bc41251, 0x192c158c, 0x284e2325, 0x8322a7b2, 0xa9703b3b, 0x3d980152, 0x4a0c0c62, 
    0x0c62423b, 0x7f044c0e, 0x6f6fb86f, 0x66fb6eb8, 0xeb0405a6, 0xc7cf0608, 0x6d101403, 0x4d4c26b8, 0x01014b4c, 0x4b4e4b4c, 0xffff0000, 0x25056367, 
    0x06027604, 0xf7846602, 0xe8ff5039, 0x71043606, 0x32002700, 0x41404400, 0x15161c23, 0x07080e0f, 0x821d0103, 0x4c0229ec, 0x04000300, 0x69040305, 
    0x5f21eb87, 0x38ff844d, 0x00000106, 0x014e0060, 0x212e3000, 0x1318191f, 0x000a0c11, 0x07270127, 0x05394e0b, 0x36343522, 0x2626e782, 0x07062223, 
    0xea4f3625, 0x05b64c05, 0x83061721, 0x07272ae0, 0x13040206, 0x1415020e, 0x08fb8216, 0xed013660, 0xa86cbb76, 0x03015401, 0x56735e04, 0xf3fe1d83, 
    0xc41d0137, 0x0112fdcf, 0x3e1b0210, 0x15112913, 0x7e325223, 0x18430661, 0xa8f4feac, 0x5b4fccbd, 0x477c604a, 0x66924e18, 0x225c997c, 0x3f477559, 
    0xd0b29323, 0x95b224bb, 0x14af0609, 0x0898af1c, 0x9ef6fea2, 0x351b2102, 0x40343546, 0xf783935f, 0xfefdff25, 0x19ef0478, 0x21178735, 0x1f85ffff, 
    0x0023063c, 0xff2c0527, 0x018cfec2, 0x006e0a07, 0x000000c1, 0x0100b109, 0xb08cfeb8, 0x0c822b35, 0x02002e08, 0x51fee7ff, 0x5e04eb04, 0x32002500, 
    0x51405400, 0x03020119, 0x0105010b, 0x05060120, 0x03212223, 0x4c040600, 0x01030200, 0x80010203, 0x06ec5300, 0xec535920, 0x545d2008, 0x613d09a9, 
    0x00014e00, 0x292b2f31, 0x13151617, 0x07090f11, 0x25012500, 0x2b160b08, 0x022e2201, 0x056b4637, 0x3637363d, 0x37232326, 0x37213701, 0x07010721, 
    0x0607021e, 0x27071707, 0x27130606, 0x4b232626, 0x660805c5, 0x97013632, 0x3f7da054, 0xaae4150e, 0x0744c382, 0x79780f03, 0x8e0124b0, 0x2892fd02, 
    0xfe22e403, 0xa17e0221, 0x36101441, 0x54819883, 0x33037ce2, 0x463b5591, 0x64820806, 0x51fe623d, 0x547b5026, 0x39579982, 0x7b5a1716, 0x0b6201d7, 
    0x58fecff7, 0xbd780a0c, 0x71566273, 0x463c709d, 0x2d022301, 0x2f202b47, 0x82001c31, 0xff012600, 0x0478fef4, 0x36fb82da, 0x4075001f, 0x02010a0b, 
    0x02081001, 0x4c020203, 0x5027b04b, 0x54254058, 0x00200716, 0x820d1554, 0x040421fe, 0x2505ab44, 0x1b4e005b, 0x278f2240, 0x01060425, 0x58000400, 
    0x59370885, 0x40594e02, 0x1c000113, 0x1317191b, 0x0c0d0e11, 0x011f000b, 0x180b071f, 0x2008c369, 0x05485d37, 0x56010721, 0x25080e94, 0xefa4fa01, 
    0x80101673, 0xfe029edc, 0xed0324b3, 0x018dfd2a, 0x9d241301, 0x110fa58f, 0xa1686e7a, 0x1b350115, 0xc482feb3, 0xc8702008, 0x7eb66683, 0x99010c0e, 
    0xfe0afcde, 0x5e7ed7a2, 0x56637062, 0x006dc584, 0xfee2ff01, 0x82820445, 0x00272ee3, 0x03334036, 0x01050401, 0x0504004c, 0x29d28202, 0x01020080, 
    0x7e010205, 0xff570500, 0x4d592205, 0x06ba4c00, 0x4e036132, 0x12232912, 0x0b06102e, 0x21132b1c, 0x16160107, 0x48054c46, 0x2e47060d, 0x36372205, 
    0x08028436, 0x37232369, 0x03fd2125, 0x87fe1d85, 0x11127c85, 0x807ac984, 0x55080762, 0x148a4c4a, 0x8a0f1a01, 0xe1d69be8, 0xdee41719, 0x100a726d, 
    0x011dee9b, 0x043cfe39, 0xe5fead5e, 0x646ba620, 0x1b1b5384, 0x36372946, 0xa8585941, 0x8797bb6d, 0x38142aa2, 0xebae653c, 0x45000100, 0x32060000, 
    0x2a00d205, 0x35403800, 0x11181926, 0x4c040204, 0x344606c2, 0x02023e0a, 0x01056000, 0x00570000, 0x1d00014e, 0x0a14161b, 0x00040507, 0x0629012a, 
    0x212b160b, 0x05605022, 0x32213322, 0x272aa982, 0x3e372427, 0x16323302, 0x6c420517, 0x17172107, 0x5308d884, 0xcebd0123, 0x01b81eaa, 0x8416bd2c, 
    0x8250fb01, 0xba810905, 0x0712dafe, 0xbc87e590, 0xf3fe08e7, 0x47514c09, 0x35040680, 0x8b93c247, 0xf59c0709, 0x04b7c88d, 0x848efb53, 0x1a533b3a, 
    0x75e53a25, 0x929f54a3, 0x3e423921, 0x0f36273d, 0x6f841e25, 0x0059a978, 0x02200082, 0x3108c582, 0x053a0400, 0x000700b0, 0x4b6c000f, 0x58501eb0, 
    0x01022440, 0x01070100, 0x09800700, 0x05000701, 0x67050704, 0x03010100, 0x0301085f, 0x064d5603, 0x11520401, 0x20268806, 0x06d26508, 0x2f886720, 
    0x59302486, 0x08081840, 0x0f080000, 0x0d0e0f08, 0x090a0b0c, 0x072c6682, 0x0a111111, 0x012b190b, 0x21132303, 0x07870382, 0x603a042d, 0x6bfe44d9, 
    0x0260db44, 0x83da60b8, 0xd9230809, 0xfdb00560, 0xfe9b01ba, 0xfc460265, 0x01b9fd97, 0x0262fe9e, 0x00ffff47, 0x0446fe06, 0x026c04ec, 0x82730206, 
    0x000126c3, 0x040000bf, 0x39e34e90, 0x50023e21, 0xe24e08ff, 0xbe3e080f, 0x3a67527b, 0x070e0f0f, 0x7651584c, 0x15e7fe0e, 0xae80e09a, 0x0f1c47cd, 
    0x3bb2d821, 0x025fd3fe, 0x8c510133, 0x8c505c58, 0x75485557, 0xf79264b2, 0xfebb5c98, 0xa3fe32e1, 0x01003302, 0x97829500, 0x97828e20, 0x00242e08, 
    0x003b403e, 0x05040506, 0x00800406, 0x04050304, 0x08097e03, 0x01020302, 0x00030100, 0x05050067, 0x07006107, 0x004d5c07, 0x01570101, 0x27d3824e, 
    0x23240024, 0x11212712, 0x0a2e0082, 0x012b1e0b, 0x21072307, 0x33372337, 0xac963337, 0x8203072d, 0xfe17cd20, 0x20d216d3, 0x8e8929d1, 0xe19932b4, 
    0x49cdac7f, 0xd9200f1b, 0x3e0105b2, 0xb78787b7, 0x08b68cf5, 0x99f79125, 0xe2febc5c, 0x01001f32, 0xecff4000, 0x47050c04, 0xb8002900, 0x500ab04b, 
    0x00244058, 0x02010102, 0x82060070, 0x72062da1, 0x00000104, 0x01035f01, 0x4d590101, 0x05211082, 0x26bc8262, 0x1b4e055d, 0x8211b04b, 0x8223202b, 
    0x8502212b, 0x1c202aa0, 0x2a855686, 0x07060023, 0x21569780, 0x51882240, 0x03222683, 0x29820101, 0x00010623, 0x287b8a68, 0x40595959, 0x2c13230b, 
    0x3a008211, 0x1e0b0818, 0x2636012b, 0x37022e27, 0x33372337, 0x33032113, 0x06072307, 0x4f171616, 0x262207e1, 0x0e822137, 0x32337808, 0x07da0236, 
    0x64313042, 0xa0081337, 0x012da025, 0x24be2d2c, 0x240b08bd, 0x4e2b2846, 0x8c100d28, 0xc49c8fe1, 0x1d010e53, 0x30563107, 0x2f016850, 0x201e3d30, 
    0x31758e55, 0xfe0d01d7, 0x4333d7f3, 0x1a183654, 0x6154653e, 0xa86e5697, 0x1d443a57, 0x0000003c, 0x7200ffff, 0xaa040000, 0x2602e605, 0x00002a09, 
    0x3b0b0701, 0xd0fd0f00, 0x01b10900, 0xd0fdb801, 0x822b35b0, 0x36003214, 0x6404ecff, 0x1c00d205, 0x01b55d00, 0x01040301, 0x054a4c4c, 0x01001d37, 
    0x01020203, 0x03030072, 0x01055f04, 0x4d560404, 0x00020200, 0x20598262, 0x05cc655d, 0x03221f82, 0xe5460201, 0x22209005, 0x820d4059, 0x001c2f29, 
    0x1322271c, 0x1a0b0628, 0x1603012b, 0xd7500712, 0x82f58405, 0x05cd51f4, 0x23233d08, 0x316d0313, 0x171f7fa9, 0xadfc9b18, 0x1457be87, 0x4c0a1801, 
    0x366a5a5a, 0x050d160b, 0x55915a4a, 0xd7fed205, 0xbfdffe2f, 0x93f8988b, 0x4c83bf67, 0x478e5f6e, 0x5d8e4a8b, 0x01000302, 0x0021e387, 0x21bf841b, 
    0xbf8a0304, 0x83030221, 0x20b482bf, 0x05f24f61, 0x5727c987, 0x401b4e04, 0x8301001e, 0x8003211f, 0x2091d583, 0x1b25bf85, 0x22181b00, 0x24bf8412, 
    0x02261321, 0x05104537, 0x3608ef4c, 0x16160607, 0x01033317, 0x84ab3a67, 0x9c1c1023, 0xdbcdabfa, 0x83e8fe20, 0x682108bd, 0x0d100d35, 0xae4d3e02, 
    0x3058015e, 0x5cbd2101, 0xe392f999, 0x606e4ec7, 0x435c478f, 0xfd095f86, 0x2fbb82cb, 0x044cfe4e, 0x006c0448, 0x401f001e, 0x12161d1c, 0x320fa35a, 
    0x224e005f, 0x0b032512, 0x37372b19, 0x36372424, 0x82062223, 0x33242a7b, 0x06071632, 0x02071607, 0x088f8205, 0x27363742, 0x0124b006, 0x1405010f, 
    0x5d4b9b19, 0x1bd5fe0a, 0xd6da0a01, 0x9e1c1dd6, 0xfc51238f, 0xf2c725c2, 0x190d1078, 0x4ed6a0cb, 0x49957db6, 0xb5c2a841, 0x568aada8, 0x9c30feca, 
    0x8f7c3ddc, 0x6934515d, 0x2c0cc74b, 0x00040626, 0x0b070100, 0xfd03ff3b, 0x062b4271, 0x2b427120, 0x24280806, 0x06050000, 0x0c005e04, 0x2a402d00, 
    0x00030105, 0x00004c01, 0x00020300, 0x05066803, 0x59010102, 0x0201044d, 0x4e025702, 0x3a081582, 0x110c000c, 0x11111211, 0x2b1b0b07, 0x01330301, 
    0x21010121, 0x21032303, 0x4a090213, 0x017b0161, 0x0100fe6b, 0xe095fe3a, 0xd4fe485d, 0xfe5e04b9, 0xfdbf0141, 0x01d0fdd2, 0x8248feb8, 0x00013961, 
    0x04edff0f, 0x000006a5, 0x40a50023, 0x0301230f, 0x14161b04, 0x06020f13, 0x4c346e82, 0x501cb04b, 0x00194058, 0x04000403, 0x00800003, 0x4d5e0404, 
    0x01217282, 0x24838261, 0x4e015d01, 0x05b34b1b, 0x208d1d20, 0x25859982, 0x8205ce51, 0x82272024, 0x22248b45, 0x8f004d5c, 0x1a402124, 0x04266282, 
    0x00030085, 0x1c8f8503, 0x59595929, 0x143624b7, 0x83052532, 0x070726e3, 0x33161613, 0x05c84b33, 0x82032721, 0x052728f0, 0x23263737, 0x49070622, 
    0x670806ce, 0x21c70317, 0x270acf4c, 0x16252229, 0x7f7b2239, 0xb2fe5e17, 0x3802bdfe, 0x20d8fe07, 0x0c451ed1, 0x211e121e, 0x776f2168, 0x70050414, 
    0xb7fc18c2, 0x04eb432c, 0x016f7302, 0x046dfdc4, 0xc45c1b23, 0x03012a40, 0x5a0b09e0, 0x01001253, 0x48fe3300, 0xd2058c05, 0x78002000, 0x01050e40, 
    0x01110504, 0x01100603, 0x4c030302, 0x32053363, 0x05040027, 0x06040506, 0x00000080, 0x05004d56, 0x825f0105, 0x4d5926f8, 0x57060600, 0x07174f4d, 
    0x4e026125, 0x8829401b, 0x03062529, 0x7e030605, 0x6a4f308f, 0x342b8206, 0x110a4059, 0x29242422, 0x0b071011, 0x21012b1d, 0x01072103, 0x0bfc5207, 
    0xa8613720, 0x01372206, 0x081c8237, 0x01210146, 0x8d033e1c, 0x0322fe23, 0x191cb3e4, 0xa5eefeb3, 0xf93ecc86, 0x9d6f863b, 0x76781111, 0x8e0124b1, 
    0x88e8fd03, 0xd205e5fe, 0xfecf8cfe, 0xf41b0c58, 0x75d791a7, 0x50bb444d, 0x71830101, 0x01d77b70, 0xc7fc0b62, 0x022e8f82, 0x5efe3400, 0x6c04f005, 
    0x27001700, 0x9b528100, 0x160b2605, 0x1d020501, 0x07bf5c03, 0x03200d82, 0x59200d86, 0xbc522085, 0x03062605, 0x5f020202, 0x09c8544d, 0x2808e657, 
    0x03010621, 0x004d5903, 0x055c5705, 0x592c2392, 0x18191440, 0x1e200000, 0x27192718, 0x25087b82, 0x11272717, 0x2b190b08, 0x13210301, 0x03230707, 
    0x22230606, 0x37372626, 0x33361236, 0x25171632, 0x13373201, 0x0d513723, 0x07770805, 0x05161606, 0xd5fefdf0, 0x011d71c5, 0xb0dd483b, 0x1948c9a9, 
    0xfd9c1b04, 0x33a16fad, 0xf4fc2d01, 0x01343955, 0x555a282b, 0x030f3a69, 0x044e0e0e, 0x0400fa5e, 0xfeae2cae, 0x91815a95, 0xa81c9bf7, 0x52950401, 
    0x7dfc7d39, 0xfe3d012e, 0x5e9a5b3a, 0x528b571c, 0x02000000, 0xecff8e00, 0x6c04d606, 0x2b001400, 0x40404300, 0x0401010a, 0x05004c01, 0x05030403, 
    0x82088004, 0x61002dd3, 0x00000107, 0x01064d5f, 0x62010404, 0x08061543, 0x01151628, 0x21242600, 0x151b1d20, 0x0d2b162b, 0x0007090b, 0x09140114, 
    0x012b160b, 0x07120432, 0x2223020e, 0x22230627, 0xcd82022e, 0x5f172421, 0x37220898, 0xc64a2137, 0x36560806, 0x15042626, 0x864201f9, 0xd67c1620, 
    0x8942f69d, 0x4e9676f7, 0xe7200f11, 0xb2d07801, 0x12127ce6, 0x75445631, 0x3b012019, 0x484a1920, 0x12136455, 0x6c04c23f, 0xc0ddfea4, 0xd492e87f, 
    0xb49055d4, 0x2401c15f, 0xb971eea3, 0x7b9a726d, 0x96bebe99, 0x6e729a7e, 0xd28270b9, 0x00010027, 0x04ecff34, 0x08d3824f, 0x5e002021, 0x5010b04b, 
    0x00234058, 0x02000203, 0x00800003, 0x00010100, 0x02020070, 0x04006104, 0x824d5f04, 0x08ea470e, 0x8a244021, 0x00022325, 0x26947e01, 0x09405928, 
    0x27122227, 0x9f4b1022, 0x16062105, 0x45097c46, 0x16200851, 0x08079c46, 0x1901455c, 0x5757580b, 0x050f3666, 0x5949060e, 0xfe146f5e, 0x270127e8, 
    0x48cbaace, 0x9e1a051b, 0xbf84a9fc, 0x497a015b, 0x51905b56, 0x61964d23, 0xecdb6277, 0x22a1ff93, 0x6692fb9e, 0x000300b3, 0x0574fe7b, 0x00d2057c, 
    0x001c0014, 0x40340024, 0x191a1e0a, 0x01050711, 0x4b4c0100, 0xd7822eb0, 0x5e430b20, 0x06295b05, 0xfa820b20, 0x83860121, 0x00850812, 0x19b4594e, 
    0x180b0215, 0x3637132b, 0x21133700, 0x07121603, 0x07000607, 0x2e132103, 0x06072502, 0x06131716, 0x36032506, 0x36373736, 0x29049826, 0x3dd62401, 
    0xcb3c2701, 0x29042aca, 0x40d7defe, 0x8140d8fe, 0x4c0150b8, 0x413f1504, 0x016f4a66, 0x6e4a66e1, 0x3c140415, 0xfa182002, 0x01210e01, 0x208ffe71, 
    0x18fbf2fe, 0x20f2fefb, 0x83017dfe, 0xc5e68115, 0x1e8d7f18, 0x8f1f6b02, 0x1e94fdaf, 0x7a187f8d, 0x2c898291, 0xfff2ff01, 0x066903ec, 0x00100000, 
    0x056b5779, 0x010b0a2c, 0x4c010002, 0x49020100, 0x0c84401b, 0x03010026, 0x594c0202, 0x25056a44, 0x01010011, 0x3a824d56, 0x23054a56, 0x1b4e0257, 
    0x17203785, 0x13861882, 0x40211e8d, 0x20198315, 0x0751455f, 0x0061033d, 0x035d0303, 0xb659594e, 0x23121123, 0x2b1a0b04, 0x16161307, 0x13373233, 
    0x5c210121, 0x210805dc, 0x3f16320e, 0xc146a916, 0x00ff2a01, 0x350de6fe, 0x3218528a, 0x031e0107, 0x82047006, 0x478200fa, 0x8083064f, 0x98002508, 
    0x21065efe, 0x2b001406, 0x19013400, 0x010a1640, 0x010b0200, 0x01200301, 0x011a0a06, 0x01190605, 0x4c050504, 0x2f054d4a, 0x02000035, 0x72000103, 
    0x06070a00, 0x80060a07, 0x02218382, 0x28928261, 0x01094d5e, 0x5f010707, 0x05594a08, 0x5d06062d, 0x0505004d, 0x04006204, 0x83045b04, 0x501c24da, 
    0x83364058, 0x0002233c, 0x3db08003, 0x3d822020, 0x3d8f3420, 0x74826b82, 0x07010a23, 0x20858968, 0x21798f00, 0x368f3240, 0x8a074753, 0x39348e3e, 
    0x40595959, 0x2e313310, 0x2514112d, 0x23242724, 0x0b0b1011, 0x21012b1f, 0x95462103, 0x26073406, 0x07062223, 0x06033307, 0x26222304, 0x33163727, 
    0x41373632, 0x262a0572, 0x37231337, 0x21130133, 0x15830603, 0x018b013c, 0x1c012d2a, 0xbcff1f0f, 0x2920492b, 0x654e3822, 0xc001090c, 0xbb00ff1f, 
    0x0f82482a, 0x50352b08, 0x30090b63, 0x7e80498e, 0xa258121d, 0xba01a125, 0x59e4fe68, 0x29412d0a, 0xfe47055f, 0xc3bb5cf3, 0x09e6070b, 0xfb364748, 
    0x0a82b97a, 0x09e53408, 0x0d374549, 0x6da25918, 0xfcd70f02, 0xfd7002b9, 0x0e3342f1, 0x00010000, 0x03f0ff67, 0x00e0056c, 0x404a001f, 0x04010c47, 
    0x07011d03, 0x00011e01, 0x4e4c0307, 0x5c3007cb, 0x0101064d, 0x055f0201, 0x59020201, 0x0707004d, 0x310adf66, 0x1617191a, 0x0f111415, 0x0607090b, 
    0x1f000405, 0xdf661f01, 0x25ce8406, 0x32211237, 0xd24e0717, 0x33072305, 0x7f532307, 0x173c0805, 0xa4c30106, 0x9a63199a, 0x350b9a25, 0x3d5b6e01, 
    0x162c1723, 0x0c084545, 0x5bd625d1, 0x2c126d13, 0x10640b11, 0x510295a7, 0x3c0146e1, 0x0403d811, 0xe1463129, 0x0673d9fd, 0x001ce104, 0x9d3ab383, 
    0xa804eeff, 0x21003a04, 0xb04bfb00, 0xb558500a, 0x04080108, 0x4b1b4c01, 0x0c840cb0, 0x0c830020, 0x59211486, 0x39228459, 0x00002d40, 0x00080608, 
    0x06008006, 0x07060807, 0x0004007e, 0x08040008, 0xda840369, 0x23055959, 0x61050707, 0x8208d74c, 0x2740254a, 0x07000600, 0x80203082, 0x01242982, 
    0x00040600, 0x1c222e99, 0x63af5850, 0x8f2b4021, 0x03022793, 0x02040101, 0x9c876701, 0x91890020, 0x59592c08, 0x240c4059, 0x23241322, 0x10111111, 
    0x2b1f0b09, 0x23132501, 0x21072137, 0x37363607, 0x06071636, 0x26222304, 0x06253726, 0x82323316, 0x265e0810, 0x02062223, 0x6ff6fe02, 0xc30327a9, 
    0x3af8fd26, 0xbb467c25, 0xfe1b1bb3, 0xd37bfcfb, 0x29011473, 0x5c545c05, 0x530b0c67, 0x01564357, 0x74010dce, 0x13b8ebeb, 0xbe02011e, 0x48d1a0ae, 
    0x370d7795, 0x41454e38, 0x00001e4e, 0x35000200, 0xb3050000, 0x0e005e04, 0x33001700, 0x010e3040, 0xa7820001, 0x4c020122, 0x200b9663, 0x0b966359, 
    0x0f0f0f27, 0x23160f17, 0x05966325, 0x0127132e, 0x32330321, 0x020e0716, 0x13132123, 0xa0840a82, 0xb1e63008, 0xf3012d01, 0xd5dde539, 0xe28e131c, 
    0xa1effd93, 0x52e430e3, 0x530c0b6c, 0x644a0251, 0xa3feb001, 0xad72add4, 0xfecd0361, 0x4fdbfe46, 0x83524440, 0x00672c8b, 0x05a30600, 0x00210068, 
    0x41230132, 0x273905da, 0x02020300, 0x06007003, 0x06010901, 0x02070872, 0x5f020101, 0x02020405, 0x24938202, 0x5f000909, 0x0585510a, 0xb04b1b27, 
    0x40585013, 0x212e8226, 0x2da38503, 0x2d821520, 0x2d883120, 0x72060725, 0x88070700, 0x01082159, 0x24206699, 0x32203882, 0x01233888, 0xa5800906, 
    0x2f402439, 0x87050300, 0x2634849b, 0x05006105, 0x854d5f05, 0x4304206c, 0xd28a0580, 0x00825920, 0x011b403c, 0x23262900, 0x11131522, 0x0b0c0e10, 
    0x0708090a, 0x00040506, 0x0b200121, 0x6852160b, 0x37232b05, 0x03211333, 0x32333621, 0x61520716, 0x0704290a, 0x0123020e, 0x16060323, 0x08078652, 
    0x37262679, 0xafd30136, 0x995e1a9c, 0x012c9a25, 0x14022c2c, 0xd2d25049, 0x04ebfe04, 0x6f4a5353, 0x4c370608, 0x283801c2, 0x91e99513, 0x58e6c6fe, 
    0x0243300b, 0x086d562f, 0x9fba8c0e, 0xa1091583, 0xe43d029c, 0xf6fe0a01, 0x1296b30e, 0x343f4f35, 0x250f3b29, 0x9e6fee3c, 0xfd7a0353, 0x344447ec, 
    0x241c5233, 0x377ca31f, 0x42000200, 0x6905ecff, 0x29001406, 0x68003700, 0x61060b40, 0x504c098f, 0x611b2005, 0x5e200d96, 0x2708394a, 0x1b4e025d, 
    0x01031b40, 0x85203082, 0x00202389, 0x8206574a, 0x40592c1d, 0x012a2c17, 0x2a303300, 0x61372c37, 0x292106b7, 0x05b76101, 0x37361624, 0xb7612636, 
    0x54332022, 0x4b4307ee, 0x027d0805, 0x139a7bf6, 0x263a390d, 0x1422cfbc, 0x3f485977, 0xfeb51a14, 0xa116a2f1, 0x151a70ed, 0x42485a78, 0x14012214, 
    0x573c27be, 0x767e150c, 0xa17c150e, 0x7b761112, 0x129f7b16, 0xa4037111, 0x51725d01, 0x01e31559, 0xa479ccd0, 0x7aae3732, 0x6b6cd59c, 0xae7a9dd5, 
    0x79a53237, 0xe302d1c9, 0x75525814, 0x6e80ef5a, 0x6f7f7e6e, 0x00007f6d, 0xff590003, 0x053b07ec, 0x002300d2, 0x00410032, 0x05df478b, 0x1a1d1133, 
    0x3c030602, 0x0607022c, 0x0002080b, 0x1b4c0307, 0x20138d40, 0x5f138201, 0x04270885, 0x094d5604, 0x72060601, 0x5f2a0505, 0x0701084d, 0x02610007, 
    0x4c5e0201, 0x00232106, 0x0023218f, 0x88570101, 0x3a258426, 0x400e4059, 0x2625273e, 0x23271323, 0x0b0a2413, 0x07012b1f, 0x2223020e, 0x48072726, 
    0x26200628, 0x3a06a64f, 0x03211317, 0x32333636, 0x37051616, 0x22232636, 0x16030706, 0x36323316, 0x51072536, 0x37210574, 0x05054613, 0x04233d08, 
    0x86d9921c, 0x10297d57, 0x3e05f1fe, 0xa8845f9b, 0x19031b3e, 0x5886db92, 0x014f297d, 0x933b4f2d, 0x3ca68558, 0x1803b8fe, 0x6a437640, 0x54124726, 
    0x3c6b5446, 0x0d03befb, 0x45544b0b, 0x38081084, 0x027d7744, 0xffa51434, 0x62383e90, 0x90484074, 0xab14a5ff, 0x393e8eff, 0x24fedd01, 0xff8e3d39, 
    0xb79114bf, 0x53fe383e, 0x9356423a, 0x935a146e, 0x01393f56, 0xb6413bab, 0x30008200, 0xfe590003, 0x043f0760, 0x0023006c, 0x00400031, 0x05bc4c95, 
    0x10131133, 0x3a010702, 0x0706022d, 0x00020122, 0x1b4c0306, 0x20138440, 0x4c138b02, 0x280806e9, 0x07010820, 0x03610107, 0x01010202, 0x01094d5f, 
    0x61000606, 0x00000104, 0x010a4d5d, 0x055b0505, 0x24401b4e, 0x59020200, 0x2027864d, 0x2c269601, 0x00164059, 0x373c3e00, 0x2a2e3035, 0x2b8f8228, 
    0x13232723, 0x0b0b2327, 0x13012b1b, 0x210eeb4c, 0xf3643337, 0x067f4107, 0x41010321, 0x23220957, 0x74410622, 0x029a080e, 0x923c5595, 0x3ea98458, 
    0x901f041b, 0x835f86d6, 0x06f32729, 0x855d983d, 0x041c3da9, 0x85d9921c, 0x55297d57, 0x1004e3fd, 0x47534e0c, 0x2946266a, 0x047c7882, 0x40180338, 
    0x26694576, 0x44551346, 0xfe3c6954, 0x39030260, 0xa5ff903e, 0x0001a914, 0x7b41488f, 0x8f443d73, 0xa515aaff, 0x373e90fe, 0xd403fffd, 0x57935914, 
    0xa9013d43, 0x14a4b876, 0x3b43b791, 0x3e3855fe, 0x00009357, 0x97000100, 0x4f040000, 0x16006c04, 0x2b402e00, 0x03040105, 0x02040302, 0x03030080, 
    0x1f826100, 0x004d5f26, 0x5f010202, 0x3708f354, 0x24160016, 0x06221621, 0x132b1a0b, 0x32332436, 0x06060716, 0x13210307, 0x82057a43, 0x073108dd, 
    0x18012197, 0x22e1d1cd, 0x369cb719, 0x7151d3fe, 0x0f126d62, 0x5e52533a, 0xcdb20210, 0x96cbe0ed, 0xb5fe1ac6, 0x676be701, 0x63696a5b, 0x00ffff00, 
    0x267f8224, 0x025e0458, 0x82c70406, 0x00012e6f, 0x06000022, 0x00d2052b, 0x402d000d, 0x086e662a, 0x04005f25, 0x704d5904, 0x02200562, 0x82052146, 
    0x000d312d, 0x1111110d, 0x0b071112, 0x07252b1b, 0x21013721, 0x03828a82, 0x01072508, 0xfc27a605, 0x8a021d62, 0xfe9158fd, 0x2c01f8d3, 0x1d23043e, 
    0xefef76fd, 0xfcb902b4, 0xfed20593, 0x43fdb28c, 0x00234082, 0x82760002, 0x058b377f, 0x000c00b2, 0x40710019, 0x0104090e, 0x16000203, 0x07030e11, 
    0xe35c0205, 0x031d2706, 0x00020201, 0x1a820a5f, 0x56000035, 0x06090b4d, 0x07050503, 0x0701085f, 0x4e075707, 0x841b401b, 0x23248219, 0x67020005, 
    0x59321d8e, 0x0d0d1b40, 0x190d0000, 0x1718190d, 0x12131415, 0x6a820f10, 0x11120c2c, 0x0b0c1212, 0x13012b1a, 0x02823313, 0x03230127, 0x1b032303, 
    0x340b8902, 0x970dd601, 0xcf71359c, 0x3fa8fcfe, 0x3d44a7ae, 0x379c9410, 0x370d836f, 0x43a7b03d, 0xd1feb205, 0xd5fe2f01, 0xb6fd2b01, 0xb7fe4901, 
    0x96fc4a02, 0xfe250d83, 0xfd2c01d4, 0x391184b8, 0x01000048, 0x00006500, 0x15069503, 0x56001300, 0x010b0a40, 0x010c0304, 0xd5870402, 0x01051a29, 
    0x01010602, 0x5f010200, 0x5e26083d, 0x0000004d, 0xd2820057, 0x03001828, 0x03020400, 0x248a6904, 0x59271a84, 0x11110a40, 0x50112224, 0x212205e9, 
    0xdf181321, 0x26080ad8, 0x33072223, 0x91012307, 0xa2abd4fe, 0xf72aa51e, 0x1f4c29af, 0x87382029, 0xdd1fd72b, 0xa4b90c04, 0xe6070bac, 0x82b96109, 
    0xffff2e63, 0xe8ff6500, 0xd205ce04, 0x53040600, 0x24ab8339, 0x050000d6, 0x380f82cd, 0x402f0013, 0x07090a2c, 0x02040503, 0x05010002, 0x01086800, 
    0x4d560606, 0x25431803, 0x00132208, 0x7f721813, 0x1f0b2609, 0x2307012b, 0x83878203, 0x33372403, 0x83072137, 0xcd053f03, 0xfec7fc1f, 0xc5b0c7d3, 
    0xd1c6d1fe, 0x0112d21e, 0x12b1132e, 0x05122d01, 0x56fbb963, 0x0383aa04, 0x826fb921, 0x288c8200, 0xff760001, 0x069f04ec, 0x2c7f662a, 0x17370025, 
    0x66020406, 0x44080a80, 0x8d5fa6cb, 0xa21a1342, 0xd5a098f6, 0x260b1b57, 0xdf7001f7, 0xf5fe8f3b, 0x181020c2, 0x87626a59, 0x02591412, 0x9429d7f4, 
    0xda9975c7, 0x06019273, 0x01ef3eae, 0x410b017f, 0xfec137e2, 0x905bc9de, 0x766b779e, 0x378e8294, 0xc4ff0200, 0x82054cfe, 0x13005e04, 0x39001f00, 
    0x01023640, 0x01000202, 0x640d8066, 0x01310596, 0x01010061, 0x154e0161, 0x1b000014, 0x151f1419, 0x2a33821f, 0x13232613, 0x2b190b08, 0x66171301, 
    0x03200e81, 0x080c8166, 0x01569542, 0x43015301, 0xe4678efd, 0x50a6709b, 0xcd8e1112, 0x93161773, 0x0d623c0e, 0x403e470c, 0x4d0d0c66, 0x6afd5e04, 
    0xfbc5022f, 0x6ea1c150, 0xb96e6fb7, 0xea020370, 0x4b4cebfa, 0x01014f4d, 0x4c4b4d4f, 0x21989f50, 0x9f50584a, 0xa8fd240f, 0x505ac084, 0x76210a9f, 
    0x099f5063, 0xc782b420, 0xecff543c, 0x6c041c05, 0x2e003500, 0x01042b40, 0x61010202, 0x01010105, 0x01064d5f, 0x874f0000, 0x00013b07, 0x28292a2b, 
    0x0f101c1e, 0x35000d0e, 0x0b073501, 0x32252b16, 0x36373636, 0xe6672726, 0x22072205, 0x051c6306, 0x030e0729, 0x022e2223, 0x82023e37, 0x3723271c, 
    0x07161632, 0x1a82020e, 0x02166d08, 0x3c7c6978, 0x0c110907, 0x0a0a120d, 0x2298b152, 0x05053a1e, 0x140e0a0c, 0x8d45090f, 0xd1aaaae6, 0x12091d6a, 
    0x0608474d, 0x9c202031, 0x0d0a33a1, 0x090b4d4e, 0x43da681e, 0x6b3c3467, 0x43753836, 0xe33c6942, 0x4d282821, 0x65933b2c, 0x4a75863b, 0x3d86754a, 
    0x3e7ea274, 0x3de32227, 0x93574269, 0x6735518f, 0x00000044, 0xff420001, 0x22053763, 0x4776001f, 0x0a29053b, 0x0201010a, 0x01000109, 0x05f56602, 
    0x85040121, 0x062d470c, 0x18821a20, 0x01020025, 0x82048000, 0x4d5f22ff, 0x20f98305, 0x05815062, 0x1e401b27, 0x00040100, 0x281c8204, 0x5f020200, 
    0x0404004d, 0x3f208c59, 0x01114059, 0x171b1c00, 0x060c0e15, 0x011f0005, 0x160b061f, 0x3616252b, 0x23361337, 0x35070622, 0x26057148, 0x020e0307, 
    0x5d262223, 0x3e08054f, 0x55190216, 0x152e116f, 0x14231171, 0x67367946, 0x360f1d6c, 0x8ce69818, 0x185bca8f, 0x662b0166, 0x01dd5212, 0x4101705e, 
    0xd303058a, 0x97561715, 0xa08efe63, 0xc55b5ac4, 0xfdb4029e, 0x825d714c, 0x02002fe2, 0x60fe2a00, 0x6c04cd04, 0x1b000f00, 0xe5844f00, 0x0100b527, 
    0x4c010003, 0x2207831b, 0x864c0102, 0x821120db, 0x610021c7, 0x0020dc82, 0x6452bc82, 0x82152006, 0x6d5920ca, 0x1787088d, 0x28b6592a, 0x04221811, 
    0x012b1a0b, 0x122db483, 0x02060707, 0x21070704, 0x36032113, 0x08855c24, 0x1f025c08, 0xd15c943b, 0x1b0822b2, 0xe9a9fece, 0xe2d4fe24, 0xbd891901, 
    0x071b0301, 0x5050140c, 0x03216548, 0xfe423bef, 0xc534f8d3, 0x3db1f4fe, 0xfbfe05f4, 0xc0e72fdf, 0x548d5434, 0x00003335, 0x00c5ff02, 0x043e0400, 
    0x0007005d, 0x402c000e, 0x04010c29, 0x004c0100, 0x01020004, 0x82680204, 0x4d5925da, 0x01020305, 0x18056a5c, 0x2508b580, 0x2b190b06, 0x89820123, 
    0x21272e08, 0x26331307, 0x06062726, 0x0125023b, 0xbbfec094, 0x64a7fe1e, 0x130bd3cb, 0x04552d09, 0xd9a3fb5d, 0x73bc01d9, 0xdb736ed4, 0x00010000, 
    0x276b8224, 0x005e04d6, 0x4027000b, 0x99580b82, 0xa0cb1816, 0x1b0b2308, 0x4847012b, 0x30f28205, 0x09021321, 0x46a10146, 0xfeb92c01, 0x5ffe4bd4, 
    0x0596584b, 0xa7015926, 0xc801a2fb, 0x0a576619, 0x06000023, 0x2063825c, 0x2463831f, 0x0306121b, 0x29cf8202, 0x00000101, 0x04054d59, 0xfe580303, 
    0x001f3407, 0x1811191f, 0x1a0b0611, 0x2113332b, 0x07161613, 0x84373636, 0x023e2866, 0x07060637, 0x84032303, 0x073008d6, 0x01b92403, 0x080e52c3, 
    0x27582401, 0xb9d301df, 0x084adcfe, 0x320f211d, 0xfceb316f, 0x081f135b, 0x490d2211, 0x48fe5e04, 0x6d6ced54, 0xb80153ed, 0xb9398d82, 0x51ac9734, 
    0xfe5dec7f, 0x5eb90147, 0xf6787ae5, 0x0047fe4f, 0x00010000, 0x20ff824a, 0x259b825e, 0x40210007, 0x9382021e, 0xf2570120, 0x01042605, 0x03570303, 
    0x0823824e, 0x07000723, 0x05111111, 0x212b190b, 0x21372113, 0x01032107, 0xa0fe9119, 0x28ed0327, 0x0391a0fe, 0xfceeee70, 0x3c268290, 0xf6ff0200, 
    0x25034cfe, 0x17008a01, 0x41001f00, 0x01153e40, 0x01140003, 0x4c020302, 0x82578206, 0x033008f4, 0x00020069, 0x04020504, 0x01050067, 0x00590501, 
    0x61010505, 0x01050100, 0x1e000151, 0x1218191c, 0x0a0d0e10, 0x01170008, 0x160c0717, 0x1632012b, 0x22076055, 0x4b213737, 0x27240576, 0x21133636, 
    0x08055a56, 0x81b50149, 0x061346a9, 0x75c08015, 0x121e9bb1, 0x62051602, 0x2d6c374d, 0xe7b33060, 0x0c05c4fe, 0x60464846, 0xb0698a01, 0xbb771f6a, 
    0x64b2d86a, 0x2c2d5348, 0xfe5a357f, 0x4b401115, 0x00ffff53, 0x02edff5b, 0x02d20595, 0x82740506, 0x000135bc, 0x02000079, 0x00b9051f, 0x4b300003, 
    0x585029b0, 0x01020c40, 0x2306a154, 0x1b4e0057, 0x00220e84, 0x2b828501, 0x59220e82, 0x08820a40, 0x44180320, 0x032b07f1, 0x1f021323, 0x05f2b3f3, 
    0x8247fab9, 0x00002942, 0x5d00ffff, 0x10030000, 0x262a0c82, 0x00e45009, 0x50090700, 0x1783f100, 0x0091ff25, 0x85cd0200, 0xe3210817, 0x0b270000, 
    0x004aff3b, 0x0b0701d9, 0xfefbfe3b, 0xb11100fc, 0xd9b00101, 0xb12b35b0, 0xfeb80102, 0x380882fc, 0x00010000, 0x09000019, 0x00b205f3, 0x40470013, 
    0x040b1009, 0x00020401, 0x06804901, 0x0506102f, 0x00000301, 0x03044d56, 0x57020202, 0x85aa8202, 0x00022212, 0x6c128785, 0x13350585, 0x14141300, 
    0x07121211, 0x092b1b0b, 0x01012102, 0x37210121, 0x20068207, 0x36048335, 0x01d10201, 0x01050159, 0x01580134, 0xfe340104, 0x01cdfe7e, 0x82a9fe02, 
    0x01cd3b95, 0xfcfea7fe, 0x8101c9fe, 0x26fcb205, 0x27fcda03, 0x4efad903, 0xdb030101, 0x058225fc, 0x26fcda22, 0x00209a82, 0x0032d682, 0x038d027e, 
    0x00b005fa, 0x0017000e, 0x0108b563, 0xa5830205, 0x58500a3f, 0x01031c40, 0x01020201, 0x07020070, 0x02040501, 0x04006805, 0x065f0004, 0x7b000001, 
    0x20b18200, 0x211e831b, 0x1d948501, 0x1740592f, 0x00010f0f, 0x160f170f, 0x06071012, 0x37d48205, 0x0e010e00, 0x2b160d08, 0x33132101, 0x33371707, 
    0x07161603, 0x0703020e, 0x3906694b, 0x90feee01, 0x9228db86, 0x3ce3f7ba, 0x6b0e0b35, 0x9920c1aa, 0x07074843, 0x9f823f35, 0x01f12332, 0x29d9fef2, 
    0x7c4c457c, 0xbe79014a, 0x36272c35, 0x0126bb82, 0x52016200, 0xbb82be02, 0x60001936, 0x01010f40, 0x00150100, 0x0d000402, 0x03040201, 0x2fb04b4c, 
    0x1a20c382, 0x032b1082, 0x80030204, 0x03000100, 0x82650301, 0x61042136, 0x8121c782, 0x20c18204, 0x201c8c20, 0x281b8357, 0x69040002, 0x03010100, 
    0x082d8361, 0xb7595159, 0x12232425, 0x1b0d0522, 0x1637132b, 0x13373617, 0x16060333, 0x07373633, 0x22230606, 0x06373726, 0x62260706, 0x64372927, 
    0x88db5834, 0x20332707, 0x5a15201f, 0x185c7827, 0x38672a18, 0xe28a0228, 0x46010111, 0xc8fc0f02, 0x0a01372a, 0x7b0903c4, 0x38328d94, 0x82000101, 
    0x829c208d, 0x07ce34d7, 0x001e0010, 0x190e4057, 0x1a040501, 0x01050001, 0x83000201, 0x821620ba, 0x821920ba, 0x0102278f, 0x00690200, 0xb3840505, 
    0x034d7e27, 0x7b010101, 0x28b98201, 0x00040017, 0x05040005, 0x86238769, 0x40592519, 0x13232409, 0x06260182, 0x012b1c0d, 0xf5183607, 0x07230cef, 
    0x84132303, 0x173f0811, 0x22232607, 0x1b060206, 0x7d46772e, 0xdd551c7b, 0x4330104b, 0x5b194a33, 0x821994db, 0x11622276, 0x30261c1f, 0xa2ea0537, 
    0xa48e3d35, 0xb60105fe, 0x242a5865, 0x7303dbfd, 0x04087a96, 0x823409c3, 0x00012f74, 0x02830252, 0x00b005a5, 0x4b64000f, 0xaf8231b0, 0xd7820e20, 
    0x820b0121, 0x4c0221c0, 0x88053f58, 0x01002210, 0x05a36f03, 0x2a582683, 0x58812009, 0x8121092a, 0x20d48202, 0x22578212, 0x18030003, 0x22080b4c, 
    0x584e027b, 0x0d250626, 0x37132b1a, 0x06804116, 0x0627233a, 0x52260706, 0x202e1227, 0xdd573464, 0x2c0cae86, 0x022b3e6f, 0x0908e28a, 0x23056c41, 
    0x443c77dd, 0x2c056341, 0x0400002a, 0x00d205f8, 0x401f0005, 0x2d5d821c, 0x01035f02, 0x4d200202, 0x21010100, 0x10824e01, 0x0500053c, 0x07041111, 
    0x07012b18, 0x13210321, 0xfd2af804, 0xcffecd5a, 0xfdd205f7, 0x38822bfb, 0x00ffff22, 0x072c4384, 0x09260297, 0x01000058, 0x02cb0607, 0x13fb6318, 
    0x6783c020, 0x002b2385, 0x00da0a07, 0xff000094, 0x85d4ffff, 0x2217867f, 0x82430b06, 0x83178216, 0x0f062153, 0x04215383, 0x20538614, 0xa35b1861, 
    0x27778210, 0xd2050c06, 0xef030602, 0x33834b83, 0x83400521, 0x7701210f, 0x712a0f84, 0xdf05ecff, 0x0602e605, 0x0f844900, 0x7800bc21, 0x062205df, 
    0x0f849b01, 0x0f82b020, 0x9307f726, 0x1a042602, 0x0a236383, 0x8f42016f, 0xd6ff2563, 0x23060000, 0xd2215384, 0x25248200, 0xecff5d00, 0xf682e607, 
    0x00212b08, 0x1b244027, 0x01010501, 0x0202044c, 0x4d200000, 0x01010103, 0x01066205, 0x05260505, 0x1324244e, 0x11231223, 0x2b1d0707, 0x33581313, 
    0x0ca57605, 0x23020e27, 0x06272622, 0x08058206, 0xa978262e, 0x14a83101, 0x29cc6157, 0xa82f01a9, 0x63615415, 0x01a91481, 0xab1ba932, 0xa86e91fb, 
    0x6dc54c31, 0x0161d494, 0xfcfb03d7, 0xf47c7805, 0x79230683, 0x83797b7b, 0xdaa12907, 0x504f4e70, 0x00da704d, 0x0e20cf84, 0x1420cf82, 0x2622ab82, 
    0xaa822704, 0x430b072e, 0xd101ceff, 0x02b10900, 0xd101b801, 0x20067345, 0x34bf822a, 0x00e605fa, 0x407a0027, 0x0220210c, 0x08090806, 0x02000102, 
    0x05c5524c, 0x090a2231, 0x01030602, 0x00060100, 0x08080068, 0x82076105, 0x4d2030cf, 0x02010100, 0x02010461, 0x4e022602, 0x8b2a401b, 0x05052124, 
    0x082c1e82, 0x00610708, 0x4d250707, 0x21040400, 0x82080c6c, 0x4059222c, 0x399b8212, 0x26270027, 0x11111123, 0x11222613, 0x2b1f070b, 0x06210701, 
    0x36363316, 0x097d0537, 0x03232a07, 0x03211321, 0x24123633, 0xda491933, 0x0566080a, 0x45fe27b8, 0x758da706, 0x260137c7, 0xecfed73f, 0xfbfeb29c, 
    0x67e10b87, 0x01f7cefe, 0x38e06731, 0xb33801e6, 0x0c92ef99, 0x9e0ed3fe, 0x39e38d7a, 0xbff15f03, 0x7d7901b3, 0x73d79726, 0xcb200197, 0xd20592fd, 
    0x01cc8dfd, 0xd9739a21, 0x7f7d269b, 0x0000c1b5, 0x00d4ff02, 0x056b0500, 0x000b00d2, 0x40300014, 0xec82112d, 0x004c0123, 0x23df8206, 0x68020601, 
    0x2025af82, 0x0305074d, 0x06014303, 0x820c0d21, 0x820b2028, 0x113d08bd, 0x1b070811, 0x2101232b, 0x23032101, 0x23132303, 0x27210103, 0x06270226, 
    0x022c0702, 0x019001f4, 0x4dadfe13, 0x4df74d65, 0x3f01e06a, 0x110a4701, 0x703d0e1d, 0xfad20535, 0xfece012e, 0x2a038332, 0x6e3f9002, 0x969a0b01, 
    0x8272f5fe, 0x2a002587, 0x62070000, 0x2c088782, 0x001c0013, 0x19354038, 0x01010001, 0x00010a4c, 0x03020507, 0x68030002, 0x0102090b, 0x084d2001, 
    0x02030406, 0x4e022102, 0x14150000, 0x0b0a4f00, 0x1f070c25, 0x8203012b, 0x2591888f, 0x03211321, 0x97881321, 0x8a52022d, 0xa8014f01, 0x14018f01, 
    0x824cacfe, 0x694c2d9b, 0xebaffee1, 0xfe4df3fe, 0x3903f7cf, 0x0d21a484, 0x23a4833e, 0x4203befc, 0xac83a889, 0xfcd20523, 0x22ae82be, 0x84979a0c, 
    0x020027ae, 0x00002300, 0xaf82c006, 0x1d001936, 0x2f403200, 0x06000102, 0x00030401, 0x08006904, 0x005f0108, 0x0927ab83, 0x03030507, 0x82032103, 
    0x1c1d3bab, 0x19001900, 0x13231121, 0x0a131111, 0x332b1d07, 0x25003613, 0x04012101, 0xa3820712, 0x23263623, 0x08068223, 0x06222352, 0x33010307, 
    0x35232101, 0x011b0125, 0x05dcfe0e, 0x01fbfd3e, 0x3525c50e, 0x1438d1fe, 0x61687063, 0x6461eafe, 0x38148e70, 0x01085e02, 0x011dfe36, 0x0b01df42, 
    0xfda10205, 0xf6fe045f, 0x01befee1, 0xfd7f7754, 0x7f4a02b6, 0x03acfe77, 0x00b10131, 0x02260082, 0x00002a00, 0xab822809, 0x00202108, 0x40390024, 
    0x03010536, 0x00020709, 0x6a000301, 0x020b0b00, 0x0201045f, 0x0c4d2002, 0x0406080a, 0x2b06e641, 0x20002324, 0x1b1d2000, 0x11142311, 0x13280083, 
    0x2b1f070d, 0x37361321, 0x82066052, 0x021e21b8, 0x0231b893, 0x481a358b, 0xfe619afe, 0x3101f7cf, 0xfe2c036f, 0x24c183db, 0x1844ceb5, 0x21c18336, 
    0xc1856f64, 0x878f6f21, 0x011e2ac1, 0xfd6c9c42, 0xfdd205b6, 0x23c5835f, 0x95dd7b02, 0x7821c583, 0x21c5837e, 0xc587787e, 0xff023508, 0x0540fee7, 
    0x007b0708, 0x0037002e, 0x3049404c, 0x07060701, 0x02040301, 0x0215164c, 0x08094901, 0x06070602, 0x00070085, 0x04008507, 0x04020300, 0x05006703, 
    0x20058f6b, 0x08ac7520, 0x01262408, 0x2f2f2f4e, 0x12362f37, 0x24232313, 0x0a203b3b, 0x012b1e07, 0x07162021, 0x16070606, 0x020e0716, 0x82222323, 
    0x17162847, 0x37262607, 0x48333636, 0x0724056c, 0x37313723, 0x85080a84, 0x17012127, 0x01073337, 0x01370123, 0x010b0178, 0x1520f602, 0x78857d9b, 
    0xfaa01616, 0x403a3e9c, 0x374c0a08, 0x19989172, 0x40aadd18, 0x1010946c, 0x0d948882, 0x7f779c1b, 0xfeeb1d0e, 0x878901f2, 0xfe01f6b5, 0xf2feb799, 
    0xbdd20502, 0x30b77fbc, 0x8284b129, 0x2b3368bf, 0xb219493a, 0x9897bf20, 0x66646a94, 0xa950015f, 0x01b0536b, 0x8e8e9f02, 0x01e7fe0a, 0x00000a19, 
    0xb400ffff, 0x3b070000, 0x0602d205, 0x0f84f203, 0x0000cb32, 0x97077c06, 0x34042602, 0x07010000, 0x9d00cd06, 0x2005af45, 0x2b6e1802, 0x71002c08, 
    0x390b56fe, 0x2600e605, 0x82004101, 0xc703233e, 0x3b842b06, 0x5efe382a, 0xe6050105, 0x22052602, 0x0a231783, 0x843c0175, 0xfe712417, 0x83df055c, 
    0x49002117, 0x17825383, 0xfeffa02d, 0x01b10900, 0xfeffb801, 0x832b35b0, 0xfebc2487, 0x82a705c0, 0x01262287, 0x223b849b, 0x882102da, 0x8242208f, 
    0x01062217, 0x200f8cd8, 0x270f8326, 0x430b0701, 0x78fec900, 0xfe214b85, 0x244b8678, 0x07c0fe3d, 0x216f8308, 0x4b843104, 0x1703db22, 0x2a243b84, 
    0x52020000, 0x00214b83, 0x270f83c5, 0x0000d6ff, 0x9307dc08, 0x1120eb82, 0x6f229784, 0x9b46ce02, 0xfef02310, 0xef4506c0, 0x25438205, 0xd90a0700, 
    0x4b840b04, 0xaf82b020, 0xd205bc26, 0x1e042600, 0xdd226384, 0x1784e102, 0xecff552a, 0x8f07e105, 0x32042602, 0x6b225384, 0x6b18a500, 0x77860f27, 
    0x77852383, 0x05026b22, 0x20106341, 0x20478238, 0x21478301, 0x47862205, 0x23905720, 0x23824820, 0x6b84d320, 0x0125d982, 0x006b0a07, 0x24239099, 
    0x050000b0, 0x822384bc, 0x202384a7, 0x82239091, 0x6d07273d, 0x26008f07, 0xcb822704, 0x08575918, 0x016b0a23, 0x202b8444, 0x07fb4103, 0x47010021, 
    0x270807ab, 0x35001d00, 0x01083240, 0x01170100, 0x4c020405, 0x08000103, 0x05040207, 0x02680400, 0x20010101, 0x0501064d, 0x4e052105, 0x1d264f82, 
    0x11181d00, 0x03821111, 0x1d07092f, 0x2137132b, 0x16172101, 0x36361716, 0x200a8337, 0x4e0e8207, 0x4a08069a, 0xba012101, 0xfe6b011b, 0x7a5601bd, 
    0x28132a26, 0x01cf4254, 0x01e6fd66, 0xa3fe1b64, 0x9efe6301, 0x1526279b, 0xfe434826, 0x0297fef7, 0xa3ad0252, 0x50fa8202, 0x7e3d3d7d, 0x7efdfa4f, 
    0x0153fda3, 0x38644f38, 0xfe4f6537, 0x82ad02c8, 0x01002376, 0xfb826400, 0x05ad4f08, 0x001f00e8, 0x1d414044, 0x01040001, 0x0302004c, 0x05020305, 
    0x07040080, 0x04060001, 0x03006900, 0x00610103, 0x4d250101, 0x06050500, 0x0606005f, 0x014e0621, 0x1a1b1c00, 0x11151719, 0x090c0d0f, 0x011f0007, 
    0x1607081f, 0x2622252b, 0x3d473702, 0x76072006, 0x4e4e0583, 0x37450805, 0x13210321, 0x6d020606, 0x2576f69d, 0x4601e125, 0x83f6a4bb, 0x02cafe07, 
    0xe7a3788f, 0xa0a32322, 0x0125b575, 0xd5fe6631, 0x87d0423c, 0xdb3401a1, 0xa13401dc, 0x6b9fde73, 0xd0c7db77, 0xfd666fd4, 0x605f0197, 0x265f4878, 
    0x00ffff2d, 0x03000024, 0x022306d9, 0x82c80426, 0x06072734, 0x006801cb, 0x1782ff00, 0x03c0fe25, 0x875e04d8, 0xda0a2317, 0x17838800, 0x82eaff21, 
    0x2717882f, 0x3b0b0701, 0x46ff54ff, 0x21053343, 0x334346ff, 0x23538206, 0x1f06d904, 0xcf203b82, 0x0a225383, 0x5b82006f, 0x17826b85, 0x17846b83, 
    0x00cc0623, 0x835383a8, 0xfb042183, 0xd1208384, 0xbe208386, 0x40080782, 0xff470001, 0x04ea06ec, 0x0021005e, 0x1f304033, 0x01020001, 0x0203054c, 
    0x4d220101, 0x02020104, 0x07066200, 0x26000002, 0x00014e00, 0x16171b1d, 0x0d0e1113, 0x0405080a, 0x21012100, 0x2b160708, 0x73401805, 0x4913200b, 
    0x362105d3, 0x49088237, 0x013107cb, 0x1fb9bfbf, 0x762b0177, 0x4f50440e, 0x01760e67, 0x22098225, 0x82664f4f, 0x772b3709, 0x7fcb8415, 0x3e1ba188, 
    0xbde714c6, 0x3cfdce02, 0x58686858, 0x0788c402, 0xbd7e3227, 0x6b6b7769, 0x3ba78477, 0x06eaff24, 0x006c0483, 0x4b090125, 0x58500db0, 0x09003140, 
    0x090a070a, 0x00020072, 0x8025b583, 0x07020b0c, 0x30098204, 0x00680007, 0x61060a0a, 0x06060108, 0x01004d22, 0x054d5c01, 0x4e032623, 0x058d641b, 
    0x38853220, 0xac800721, 0x82242039, 0xa6362072, 0x05052239, 0x22788521, 0x83030300, 0x3a402177, 0xa684389b, 0x080a0a29, 0x08080061, 0x8e004d27, 
    0x5959383c, 0x00164059, 0x00250000, 0x1f212325, 0x1111231e, 0x12231211, 0x4a0d1122, 0x32200832, 0x21066f79, 0x304a3702, 0x793e2006, 0x74080a74, 
    0x20c70407, 0x6b01bcfe, 0x1d85515f, 0x9c1c1c01, 0xf0e993ea, 0xfe4d9d0c, 0x2b01b9d5, 0xaf2a9f4e, 0xe8d799f9, 0x01e3fe15, 0x975d575e, 0xba8c0227, 
    0x5a648478, 0x016cbf7f, 0x2efedb0d, 0x2efe5e04, 0xe778d890, 0x7e6853c0, 0x02000076, 0x0000c2ff, 0x5e043e04, 0x19000f00, 0x25402800, 0x13161718, 
    0x0006010a, 0x004c0102, 0x4d220202, 0x03010304, 0x00210000, 0x3aae824e, 0x110f000f, 0x07051515, 0x03212b19, 0x07070606, 0x26363723, 0x01210327, 
    0x44011321, 0x4308054b, 0x03072727, 0x26283b15, 0x25bb240a, 0xac271409, 0x5c02d8fe, 0xfded3301, 0x0b2e1fb0, 0x24223c17, 0x58013809, 0xdc3a3909, 
    0x09393bdc, 0x5e04a7fe, 0x0a02a2fb, 0x2728300d, 0x85d40d2f, 0x00020087, 0x06000024, 0x0021a182, 0x35708217, 0x2039403c, 0x0405021f, 0x02021b1e, 
    0x02010a05, 0x4c030200, 0x24820500, 0x6802052d, 0x04040106, 0x07084d22, 0x87040103, 0x0017239b, 0x00831117, 0x09151524, 0x9f8d1d07, 0x42411320, 
    0x29a78d05, 0x283c0505, 0xbb240926, 0xa7840a24, 0x3be7bf2f, 0x01b9d5fe, 0x2e015f2b, 0x33013601, 0x22b287ee, 0x8b370925, 0x630129b2, 0x5e049dfe, 
    0x4002c0fd, 0x2626ba86, 0x84d40d30, 0x96820086, 0x00000e37, 0x5e04a005, 0x1c001900, 0x33403600, 0x02020407, 0x044c0106, 0x2c058201, 0x80010206, 
    0x00060600, 0x0000005f, 0x0b714b22, 0x4a1b1c21, 0x15330639, 0x1b070815, 0x3637332b, 0x21033736, 0x07161601, 0x4a372107, 0x48080a37, 0x21130107, 
    0xf4231e0e, 0x7b04dec0, 0xa9b278fe, 0xe3fe1e22, 0x665a131f, 0xe4fe4015, 0x7d601b40, 0xe4011e15, 0xb7cffecd, 0x0111c9d2, 0x1404fefb, 0xb7b7cec9, 
    0x7bfe5c72, 0x79558501, 0x016a02b7, 0x00020032, 0x07000024, 0x399f82d5, 0x00230020, 0x0e39403c, 0x01030001, 0x0803004c, 0x01000206, 0x006a0003, 
    0x2c4a0a0a, 0x4d222605, 0x0507090b, 0x062c4a04, 0x0022232a, 0x21200020, 0x11152311, 0x14240082, 0x2b1f070c, 0x36279982, 0x21030537, 0x82032113, 
    0x37ac9501, 0x0e174202, 0xabfe3449, 0xb9d5fe40, 0x02542b01, 0x7a04db82, 0xaab377fe, 0x2908b882, 0x59141ee2, 0xfe401667, 0x5f1b40e5, 0x011e1380, 
    0xd0fecce5, 0x2c7d538a, 0x047bfe01, 0x0109fe5e, 0x1303fef7, 0xb7b7cfc8, 0xbf835b73, 0x7a544708, 0x016902b7, 0xff020033, 0x045efebf, 0x00230656, 
    0x0036002d, 0x2f5d4060, 0x1f080901, 0x02030201, 0x020a0c4c, 0x05090008, 0x00670908, 0x01020003, 0x00670203, 0x5f050404, 0x22050500, 0x0101004d, 
    0x06006106, 0x2d662806, 0x0b390805, 0x24000001, 0x2e2e4e00, 0x362e0001, 0x3334352e, 0x2a2c3031, 0x181a2528, 0x11131517, 0x06090b0d, 0x2d012d00, 
    0x2b16070d, 0x37262201, 0x3333023e, 0x23363732, 0x33373721, 0x20098637, 0x05145e21, 0x08074e4a, 0x33060740, 0x17130733, 0x01072137, 0x01370323, 
    0x18cab740, 0x77c47f0f, 0x11129841, 0x15fbfe97, 0xec0b0107, 0x8f12128e, 0x01278bfe, 0x19d9c375, 0x605b7c11, 0x88101165, 0x70388bd9, 0x2e770e0c, 
    0x5618c626, 0x3708096f, 0x8fac5efe, 0x6d4e8e60, 0x412e7c6c, 0x9aec6a6f, 0x1c746499, 0x62658520, 0x4f505191, 0xaac507ec, 0xd8fe07aa, 0x00072801, 
    0xffff0000, 0x5efe5100, 0x68058206, 0xac040602, 0x7c2a0f84, 0x2f050000, 0x26022306, 0x2082fd04, 0xcd060623, 0x290682a7, 0x1600ffff, 0xf2035efe, 
    0x17826c04, 0x1082ce20, 0x750a0724, 0x2f84a900, 0x5efe4924, 0x17838504, 0x852b0221, 0x82012017, 0xffff2d58, 0xc0fe4a00, 0x5e045e04, 0x4d092602, 
    0xda221784, 0x2f847d01, 0x5efe7c24, 0x17820a05, 0x52040622, 0x26200f8c, 0x01270f83, 0xff3b0b07, 0x46bdfcee, 0xfc2105cb, 0x06cb46bd, 0x33820320, 
    0x71048422, 0xfb207b82, 0x75224b84, 0x3b832402, 0x8982ff20, 0x061a0723, 0x2017821f, 0x221784cc, 0x86bf016f, 0x04c02853, 0x005e04ad, 0x84e70426, 
    0x02dd2217, 0x11bb7a0f, 0xfb82ff20, 0x04edff29, 0x021b0671, 0x82660226, 0x0a062327, 0xeb84ce6b, 0x17825786, 0x57850420, 0xf7006b22, 0x16243f84, 
    0x2004f1ff, 0x04212f83, 0x202f85ce, 0x202f8497, 0x268d8200, 0xe905d904, 0x47042602, 0xce220553, 0x5347bc00, 0x84d92008, 0x8217832f, 0x342e825f, 
    0x00030000, 0x04eaff49, 0x006c049e, 0x0019000f, 0x40390022, 0x0a8a4c36, 0x0061012a, 0x4d270101, 0x02020107, 0x3605f378, 0x114e0026, 0x21000110, 
    0x151a1b1f, 0x11191014, 0x00070919, 0x470f010f, 0x2608065d, 0x023e3435, 0x15163233, 0x27020e14, 0x37363632, 0x14150621, 0x36210316, 0x23263435, 
    0x25020622, 0xa455f9e3, 0x83e296eb, 0x4c8b3705, 0xfe164e73, 0x3c5c0226, 0x5c02d901, 0x168f715d, 0xf687d4ff, 0x058270c2, 0x70c1f731, 0x467a4cec, 
    0x7c641616, 0x1213a601, 0x849d7a65, 0x83a784bf, 0x9e0921bf, 0xbf82b982, 0xef85f620, 0xbf822c20, 0xd7847e20, 0x1785f320, 0x1785c120, 0x00007c24, 
    0x1784ad04, 0x1785e720, 0x1f41ea20, 0x51062708, 0x26001b06, 0x1082ec04, 0x93022724, 0x07824804, 0x6b0a0724, 0x0782b900, 0xcdff0122, 0xc6223782, 
    0x834a5e04, 0x4a22201e, 0x03201b83, 0x250a834a, 0x13230733, 0x1e592721, 0x07430805, 0x165d0121, 0x01db0401, 0x2216483c, 0x29472210, 0xfe460186, 
    0xff16fd82, 0x5ac5feed, 0x21102416, 0xfe9e2845, 0x019101bb, 0xe10183fa, 0x356d38b0, 0xb0386d35, 0xfe831ffe, 0x6c36d306, 0x366c3434, 0x83fa01d3, 
    0x2c002fa3, 0x9104a0fe, 0x17006c04, 0x03b55700, 0xe7740001, 0x001a2a08, 0x03040302, 0x01057202, 0x22c58204, 0x4a006300, 0x2725067f, 0x401b4e03, 
    0x211c851b, 0x1d928004, 0x2e052174, 0x22160017, 0x06112712, 0x252b1a07, 0x4a132103, 0x8f4a0890, 0x0230080a, 0xe2fe5ed5, 0x24a8be39, 0x0c01af1d, 
    0x16e8d8a9, 0x5b01e4fe, 0x1ba46e56, 0xd66f681b, 0x5701cafd, 0xdc2f0128, 0x930401ab, 0x6754c0e7, 0xb6a3a1b0, 0x2a20af84, 0xf5358d82, 0x0900d205, 
    0x26402900, 0x03000200, 0x67030204, 0x00010100, 0x211e825f, 0x90824d2e, 0x042f0423, 0x230b824e, 0x11090009, 0x06290082, 0x332b1a08, 0x21072113, 
    0x3e038303, 0xd403f72a, 0x455dfd2a, 0xfd29a302, 0xd2055f5d, 0xf85ffefd, 0x0000c4fd, 0xfe2a0001, 0x8218064d, 0x00113357, 0x0f27402a, 0x0203040a, 
    0x0e4c0100, 0x040b0c0d, 0x5d824902, 0x4d2e0028, 0x02020103, 0x5a83022f, 0x11001127, 0x08041116, 0x08588318, 0x36030340, 0x21013736, 0x13270209, 
    0x2a030701, 0x443101f7, 0x59873e3d, 0x7501b401, 0xb10168fd, 0xe5df91fe, 0x47e9c3fe, 0x69fed205, 0x964eadfe, 0xfdac015a, 0xfeb3fc7b, 0x16019d4d, 
    0xfeda8402, 0x7b820056, 0xecff482c, 0xe605d305, 0x3b001d00, 0x41183840, 0x012108c9, 0x2b718202, 0x0303007e, 0x05006105, 0x004d3405, 0x08073943, 
    0x4e003524, 0x15170001, 0x0d0f1112, 0x04050709, 0x1d011d00, 0x2b160807, 0x26262205, 0x16162137, 0x37243233, 0x13750236, 0xcf511805, 0x023f0809, 
    0x7afbbc79, 0x02350106, 0x01ac7f9c, 0xab272801, 0x29c880ae, 0xd732cbfe, 0xc4aa2601, 0x287e1b01, 0xa9feed28, 0x8bf19614, 0xf2fb897a, 0x890201ed, 
    0x7deda779, 0xf3a9feb4, 0xb4aafef2, 0x5500ffff, 0x2620073f, 0x25051b4f, 0x1f02bf05, 0xcf445002, 0x50022105, 0x8606cf44, 0x260223c7, 0xd682a709, 
    0xbf050724, 0x2390d301, 0x00002434, 0x5e040605, 0x2d090602, 0xffff0000, 0x5efedfff, 0x0f83d904, 0x00780322, 0x00213482, 0x2d1f8257, 0x00660428, 
    0xb5450013, 0x0003010d, 0x386a4c01, 0x83122005, 0x02612f1d, 0x31010101, 0x0301044d, 0x4e032f03, 0x1489401b, 0x14873720, 0x0c405922, 0x13342982, 
    0x211a1300, 0x19080522, 0x2603212b, 0x33372323, 0x13171632, 0x08058049, 0x0121012c, 0x0ba77d01, 0x39263440, 0x3c129a98, 0x1e050d0b, 0x1a01253e, 
    0xabfd3a01, 0xeb384303, 0xa1fe7e6f, 0x4e4e984b, 0x44024b98, 0x4a82a2fb, 0x00010035, 0x04eaff2c, 0x006c047e, 0x4031001b, 0x0410112e, 0x49010403, 
    0x033f05fb, 0x03030061, 0x01004d37, 0x04610001, 0x35000001, 0x00014e00, 0x0c0e1315, 0x1b000608, 0x41051b01, 0x27220595, 0xe76b1625, 0x25072309, 
    0x8d822436, 0x07122008, 0x01040206, 0x02e9c9e0, 0x5e031f01, 0x199b7858, 0x57785c19, 0xf2fe227e, 0xc82b013c, 0x195adda8, 0x38076c7b, 0xbf695a33, 
    0x65bd9896, 0xc7ad3457, 0xadfcfe91, 0x91fdfeac, 0x00020000, 0x20938249, 0x08938285, 0x29001d23, 0x42404500, 0x05020b0c, 0x021a1b02, 0x4c020403, 
    0x01070500, 0x04050304, 0x02020069, 0x01006101, 0x24a18201, 0x61000303, 0x34a18506, 0x00011e1f, 0x291e2325, 0x1618291f, 0x07090e10, 0x1d011d00, 
    0x20a98408, 0x06754502, 0x19051721, 0x2608921a, 0x37363233, 0x18040605, 0x080bac82, 0xe0240224, 0xeda051fb, 0x04f6c99b, 0x4f04e2fe, 0x517c5555, 
    0x59605626, 0x0f012190, 0x8ae3fe3d, 0x08093f37, 0x05823759, 0x1658092e, 0x81d50101, 0xca73c3f5, 0x635730ac, 0x0ab1431a, 0x4bc30125, 0x834b3737, 
    0x82002003, 0x41022000, 0x27200a5f, 0x1121cb83, 0x23cb8210, 0x01020304, 0x0120cb87, 0x6d41cb85, 0x18cb860b, 0x41098cf0, 0xcb850975, 0x75412620, 
    0x41cb8b18, 0x6e262081, 0x09094037, 0x05843758, 0xb1cb1622, 0x25138d41, 0x364cbf01, 0x03834c36, 0x0100002a, 0x5efedfff, 0x5e044304, 0x26159f44, 
    0x01054d31, 0x44330404, 0x03200f9f, 0x38089f44, 0x6603fe21, 0x34c6fd28, 0xfd273a02, 0x5efe7bc6, 0xfeec0006, 0x18fdecc0, 0x26008200, 0xfe240001, 
    0x8206054d, 0x0e28085b, 0x2b402e00, 0x0300010d, 0x00010102, 0x010e4c02, 0x00490102, 0x01000003, 0x04680003, 0x31020201, 0x0101004d, 0x114e012f, 
    0x13280082, 0x2b1b0805, 0x03012701, 0x3e05e14b, 0x01210133, 0xdebe0201, 0x75f92601, 0xb9d4fe48, 0x5b4a2c01, 0x71017b01, 0x390101fe, 0x82924dfe, 
    0xfeaa2335, 0x76780448, 0x82768208, 0xff7d3758, 0x06f204ec, 0x001c0014, 0x00330027, 0x190a40e3, 0x1b060301, 0x7b820401, 0x22059374, 0x82060027, 
    0x03063b26, 0x00010869, 0x05040109, 0x00690400, 0x61020707, 0x36020200, 0x0505004d, 0x90826101, 0x4e01352a, 0x15b04b1b, 0x29405850, 0x03272694, 
    0x00610603, 0x8e370606, 0x82192030, 0x295fa830, 0x02002540, 0x02060700, 0x91926907, 0x30088789, 0x40595959, 0x011d1e1b, 0x2c303200, 0x1d22242a, 
    0x17271e27, 0x080e1015, 0x011c0006, 0x16080a1c, 0x1636012b, 0x23020e07, 0x37130220, 0x33241212, 0x260d8332, 0x27262607, 0x18360706, 0x200abfee, 
    0x0ad74301, 0x34037f08, 0x1722c7d2, 0xfea0f99e, 0x0a39d9f9, 0x2f01d42a, 0x13a0b1b4, 0x84bc6c0d, 0x2f54913f, 0x6166a316, 0x5b131394, 0x14877270, 
    0x31c8fe23, 0x513c2b65, 0x41360805, 0x9b037342, 0x8ad2fb01, 0x5a017fda, 0x013d5901, 0xc5710102, 0x844a789f, 0x14010153, 0x8685711c, 0x71726cf1, 
    0xdc718482, 0x13121802, 0x32242026, 0x00000040, 0xff540002, 0x05fe04ec, 0x002600e6, 0x40320030, 0x0101222f, 0x3a821604, 0x004c0231, 0x04020401, 
    0x00800201, 0x61030404, 0x46030300, 0x62200534, 0x352e3482, 0x2a2a4e00, 0x05271423, 0x012b1b08, 0xd4750607, 0x09c47607, 0xc67b3720, 0x36032509, 
    0x05363637, 0x0805b763, 0x16060762, 0x4a1ffe04, 0xa7180e2f, 0xcd9590f8, 0x0127185b, 0x5f11281a, 0x12825a5f, 0x1cd0c70e, 0xc6811206, 0x21a6b178, 
    0x120e072f, 0x3177fe2c, 0x3d295a15, 0x4610050b, 0x13fa3803, 0xd793550a, 0x8dd87b76, 0x7f6af0f0, 0x2a526f7a, 0x1fcc1c01, 0xe263b77d, 0x01eafec7, 
    0x03070302, 0x3a802c01, 0x8b602442, 0xd3829d82, 0xff744508, 0x046807ec, 0x0014005e, 0x4045002a, 0x01010a42, 0x004c0105, 0x00050006, 0x0a800506, 
    0x00030308, 0x095f0400, 0x31040401, 0x0501074d, 0x02620105, 0x35010101, 0x15154e01, 0x2a150000, 0x23252a15, 0x1a1c1f20, 0x14273e82, 0x11242414, 
    0x821a080b, 0x162324e6, 0x5b000207, 0x0228075b, 0x23373613, 0x06060537, 0x3322d282, 0xf9893632, 0x26366b08, 0x23680727, 0x2e1d238a, 0x7acbdffe, 
    0xbc411f97, 0x32becd7b, 0x248c5c1f, 0x3d348c01, 0x523d190e, 0x2316704a, 0x16243b01, 0x78534842, 0x14030e1a, 0xa9d05e04, 0xfedffeb9, 0x65656fe1, 
    0x0123016f, 0xd0aab81d, 0x55af60d0, 0x858fb39c, 0x8e86d8d8, 0xae549db3, 0x00010061, 0x05ecffa5, 0x006c049d, 0x40930025, 0x111b2409, 0xcf460408, 
    0x50193305, 0x001d4058, 0x01030100, 0x00800300, 0x03010403, 0xce837e04, 0x064d372d, 0x04040205, 0x1b4e0435, 0x8224b04b, 0x89212024, 0x01052324, 
    0x24870503, 0x2f22ff82, 0x2885004d, 0x00254026, 0x02030200, 0x05214884, 0x45238202, 0x022405ef, 0x064d3102, 0x5920278a, 0x30051f61, 0x24250025, 
    0x34241534, 0x2b1b0807, 0x36133733, 0x09867b26, 0x03071626, 0x03073301, 0x20059272, 0x058d5c07, 0x13374c08, 0x6970a501, 0x123e4f0d, 0x1d231129, 
    0x7c7e265c, 0x0236101d, 0x65a1ee6a, 0x0f434c0c, 0x1d241429, 0x7a83235e, 0xfd2f0f19, 0x920278c8, 0x0304374c, 0x600907d6, 0xb7fe61a1, 0xfdad9d02, 
    0x02364b9c, 0x0808d604, 0x0159a367, 0x4199fd18, 0x593905e7, 0xd60424fe, 0x21006c04, 0x30003100, 0x011c2d40, 0x4c010302, 0x00020000, 0x82e18286, 
    0x02032206, 0x21d98269, 0xc6836101, 0x234e043e, 0x22292b22, 0x27312331, 0x0806102f, 0x23012b19, 0x26272636, 0x36371302, 0x33373735, 0x20055c7a, 
    0x05cb4216, 0x16162728, 0x01161617, 0xa1653636, 0x07840808, 0x03161606, 0x580af1ab, 0x3dc4e36c, 0x03010104, 0xffa62101, 0x50d1a9a6, 0x93150517, 
    0x76c197e9, 0xd07a8206, 0x7dbefe98, 0x0b051081, 0x80585411, 0x0a051281, 0x24fe5617, 0x33192f38, 0x83019001, 0x0702031a, 0x0801af12, 0x9ef28893, 
    0x84e5911e, 0x18928a81, 0x66029d29, 0x1e6ba101, 0xac538750, 0x7a471e7e, 0x0100004b, 0xf2ff3500, 0x5e04e603, 0x34001700, 0x04003140, 0x04000500, 
    0x03006705, 0x005f0203, 0x82058741, 0x455f2024, 0x013f0592, 0x13141500, 0x0d0e1012, 0x0002040b, 0x07170117, 0x252b1608, 0x22210721, 0x37372626, 
    0x8233023e, 0x0606220a, 0x08058307, 0x1f02164f, 0xfe293301, 0x49ccaccd, 0x9d190419, 0x3501abfe, 0x68cdfe28, 0x77011c76, 0x038dfe24, 0x91eee047, 
    0x9b1f9cfa, 0x01ee92f9, 0x5bd3657a, 0x00ffff82, 0x05e8ff34, 0x0223069a, 0x00370426, 0x0a070000, 0x00500169, 0x00ffff00, 0x04ecff12, 0x20178447, 
    0x20178654, 0x24178418, 0x045efe24, 0x201784ab, 0x20178663, 0x24178455, 0x02f9ff3b, 0x20178493, 0x2317827c, 0xe7690a06, 0xff290682, 0xff3600ff, 
    0x070b03f9, 0x835f8262, 0x0a072417, 0x84dbfef8, 0x054f4d2f, 0x02217782, 0x204786f7, 0x22178644, 0x83d704ef, 0x95032147, 0x4d201786, 0xee221788, 
    0x6f180907, 0x062207b3, 0x5f859ac7, 0xf0ff2b24, 0x77846706, 0x2f85ad20, 0x82260221, 0x00013807, 0x0112fe03, 0x008aff4a, 0xb137000f, 0x40446406, 
    0x00010d2c, 0x824c0102, 0x01002403, 0x83800002, 0x01240804, 0x01010057, 0x01036100, 0x51000100, 0x080b0001, 0x0f000405, 0x08040f01, 0x06b12b16, 
    0x22134400, 0x33373726, 0x3f06f943, 0xaf060607, 0x1f0e4a62, 0x0f051ede, 0x11150723, 0xfe501914, 0xbd596212, 0x011c21b3, 0x07067e02, 0x7386a384, 
    0x09060223, 0x378382c1, 0x029c0003, 0x0609047a, 0x001100ce, 0x011f0018, 0x09b04b04, 0x1f405850, 0x200fe04e, 0x0ae04e7e, 0x4e008126, 0x11b04b1b, 
    0x7c202693, 0x1b202690, 0x4d912693, 0x26932120, 0x2f204d91, 0x1c202682, 0x07289b87, 0x01060201, 0x65000200, 0x2d078847, 0x1b4e057c, 0x01002340, 
    0x01040500, 0x268a6905, 0x02000023, 0x08a04f59, 0x51000223, 0x3a008359, 0x12131740, 0x1c1e0001, 0x1516191a, 0x18131812, 0x1100080a, 0x0d081101, 
    0x42012b16, 0x322e07b4, 0x07071616, 0x3227020e, 0x06213736, 0x72580316, 0x013c0805, 0x4da66af9, 0x921d161d, 0xa56a69c7, 0x1c171b4c, 0x624dc691, 
    0x96fe176a, 0x010f4417, 0x5f3f166a, 0x7a026b5f, 0x86a8da6a, 0x6565d5a8, 0xa786a7d6, 0x8ebb6adb, 0x01868f87, 0x85868cd0, 0x5b050f42, 0x00200e07, 
    0x04270f82, 0x00d20591, 0x82c50026, 0x00072820, 0x003f02c5, 0x83ffff00, 0xd0062117, 0x27201788, 0x00201785, 0x04211f82, 0x211f877e, 0x1f88a108, 
    0xc8010722, 0xcb2a3786, 0x62060000, 0x0602d205, 0x2784c801, 0x08210f82, 0x8327834b, 0x213f830f, 0x1787f905, 0x888a0a21, 0x835f8217, 0x211f8317, 
    0x1f873808, 0x90c90c21, 0x8327821f, 0x2027831f, 0x0583620a, 0x0820bf82, 0x5c186f82, 0xd22008d7, 0x57628785, 0xffff210d, 0x08210f83, 0x204f843a, 
    0x21e785d2, 0x6783e805, 0x0a211783, 0x82178879, 0x8417835f, 0x84272087, 0x215f8287, 0xcf840804, 0xf3621920, 0x211f8214, 0x1f83ae05, 0x84540021, 
    0x210f821f, 0x2f848807, 0x0f842420, 0x00001e30, 0x24064e02, 0x93022600, 0x060000fa, 0xe7506c0a, 0x80042109, 0x8f821785, 0x6c0a262a, 0x270000f0, 
    0x2c029302, 0x07240d82, 0x1c026c0a, 0x00230782, 0x8200ffff, 0xac062145, 0x27202796, 0x37822786, 0x85590421, 0x48042137, 0x07213789, 0x22378e36, 
    0x84b50307, 0x2b57835f, 0x0500007a, 0x005e0408, 0xfeb50306, 0x76200f83, 0xd3209c82, 0x03212f83, 0x83a782b5, 0x867f2051, 0x006f2151, 0x7c241f83, 
    0x4c090000, 0x17821f85, 0xcc201f83, 0x0a230783, 0x85bc046c, 0xf906210f, 0x06212f85, 0x212f87e8, 0x2fa0790b, 0x2f83c182, 0x4f820020, 0x85250921, 
    0x1509213f, 0x24203f84, 0xf2208f82, 0xc220bf90, 0xff25bf87, 0x040000c7, 0x21bf84c0, 0x9f82fac2, 0x82cdff21, 0x84f8202f, 0x82c2206f, 0x214f8247, 
    0x4f85a404, 0x83940421, 0x211f834f, 0x1f902409, 0x1f837f82, 0x2f820020, 0x85d10621, 0xc006212f, 0x232a7f84, 0x46020000, 0x0602d205, 0x0f84c102, 
    0xeaff1e2b, 0x6c045a04, 0x2b020600, 0x276f82d5, 0xedff4600, 0xd2052405, 0x36250f82, 0xffff00ff, 0x272f8200, 0x6f04ff06, 0xdf020602, 0x01394782, 
    0xecff7b00, 0xe5059c05, 0x30001f00, 0x03002d40, 0x03020002, 0x00008000, 0x38401801, 0x185c200b, 0x3009ac4d, 0x23274e05, 0x10212612, 0x2b1c0b06, 
    0x21022113, 0x05744732, 0x18062721, 0x6d082860, 0x4f080533, 0x26262223, 0x152e0188, 0xa17f0801, 0x2316185d, 0x9a8bb772, 0x27d4fe22, 0xb51001b1, 
    0x2164fdc3, 0xfec82114, 0xebb0c5ca, 0xfee6016d, 0x8fcf70f5, 0x01f2d981, 0x92838e01, 0xfeaa87e8, 0xd980d8c6, 0x82aac6fe, 0x010000e4, 0x98fe9f00, 
    0xe605c005, 0x3d23b782, 0x4a033a40, 0x03360519, 0x03040604, 0x01078006, 0x06000006, 0x04006300, 0x00610204, 0xa6820202, 0x2206e64b, 0x824e015d, 
    0x002329dc, 0x13222623, 0x08112327, 0x0125ac82, 0x06132103, 0x21968206, 0x1f5d3702, 0x20b8830b, 0x06fa7607, 0x05374908, 0xd5fe904f, 0x508d3e42, 
    0x2260f9c3, 0x01cb2214, 0xe7b2c437, 0xd6fe0a6a, 0xb88c710a, 0x191625b8, 0x50837e16, 0x02203d8c, 0x0198fc00, 0xac1c1a8a, 0x80d73a01, 0xac3b01d6, 
    0x8394e885, 0xf401018e, 0xcf8d82d7, 0xbd363272, 0x9620b782, 0xf0329a82, 0x0900b205, 0x0a403400, 0x04050609, 0x00010501, 0x34794c01, 0x820b2005, 
    0x4d56219d, 0x21055975, 0x0d83401b, 0x855f0121, 0x5931080d, 0x021214b4, 0x012b180b, 0x03211301, 0x21011701, 0x01970101, 0x2a01a971, 0xaf1102ab, 
    0xdefef6fc, 0x7703d2fd, 0x050436fe, 0xcf01f6fb, 0x026bfde2, 0x2d6b8297, 0x04d00151, 0x005f03ba, 0x40200012, 0x6682021d, 0x00860027, 0x03010103, 
    0x06b85359, 0x01033d08, 0x24132351, 0x1a060410, 0x2e23012b, 0x06222303, 0x3e230706, 0x021e3702, 0x0ad1ba04, 0x5e754321, 0x19559981, 0xf4a232cf, 
    0x68ceacac, 0x481dd001, 0x634b2c43, 0x73b76426, 0xb7730101, 0xba08ab82, 0x07000100, 0xf60253fe, 0x07000007, 0x07b30600, 0x2b320104, 0x27133713, 
    0x01011337, 0xa8f6ea07, 0xecfeeacd, 0xfefeb8fe, 0xc6c805c7, 0xf9edfead, 0x00effe77, 0x80000300, 0x72058200, 0x17002805, 0x47002f00, 0x7c407f00, 
    0x40434445, 0x0f063e3f, 0x37383910, 0x06323334, 0x2c2d0c0d, 0x2627282b, 0x10131415, 0x030c0e0f, 0x1f202104, 0x091a1b1c, 0x03040708, 0x00010c02, 
    0x10004c04, 0x10040d00, 0x090b670d, 0x08030305, 0x00030206, 0x67000301, 0x0704010a, 0x01040101, 0x0c010e63, 0x115f0f0c, 0x590f0f01, 0x46474e0c, 
    0x3c3d4142, 0x35363a3b, 0x2e2f3031, 0x2425292a, 0x84111414, 0x12102302, 0xfa821f0b, 0x27071737, 0x07372307, 0x37233727, 0x17372733, 0x37073337, 
    0x05330717, 0x20179523, 0x08179603, 0x79c70222, 0x12447748, 0x54621491, 0x7419755f, 0x13457544, 0x575f1390, 0x7a027760, 0x4378487a, 0x61139112, 
    0x18241882, 0x46744475, 0x2e081883, 0xfb775f56, 0x4576487a, 0x63138e13, 0x15755f51, 0x47734577, 0x61138d14, 0x01776156, 0x4f615359, 0x64517472, 
    0x644f8d50, 0x50717352, 0x908d4f64, 0x012a0811, 0x516153df, 0x64537674, 0x65508c50, 0x52747654, 0x00005065, 0xfdbeff01, 0xff3303d7, 0x00080099, 
    0x08164019, 0x01010001, 0x0582004c, 0x02852c08, 0x76000001, 0x03111111, 0x012b190b, 0x33012303, 0x27032301, 0xe8f39901, 0x01c8a101, 0x05a1e60c, 
    0xe6fef1fe, 0x3efec201, 0x83181a01, 0xfeb32647, 0x027a0318, 0x05d74175, 0x32010328, 0x1301012b, 0x32820307, 0xfe7a0338, 0x83dab774, 0x0803bbda, 
    0x00fe0702, 0x016273fe, 0x6ee7fe19, 0x0f42ef03, 0x04af3105, 0x0610079c, 0x000e0013, 0x070eb534, 0x49000306, 0x2109da42, 0x8e826101, 0x95185e20, 
    0x400816d6, 0x0b022226, 0x26012b18, 0x04222324, 0x24362707, 0x04203324, 0x8a970617, 0xc4bf9bfe, 0x679788fe, 0x01120164, 0x1501a83e, 0x04569a01, 
    0x53554e9c, 0x7956654e, 0x007f9141, 0xb700ffff, 0x24021702, 0x0b3c1903, 0xff5b2b19, 0x01c801ed, 0x05060244, 0x2f8200bf, 0x058eff3a, 0x068303f2, 
    0x050701d9, 0x061100e8, 0xb10900d9, 0x06b80100, 0x2b35b0d9, 0x3a08c383, 0x00b80005, 0x05ed053f, 0x000b001f, 0x00230017, 0x003b002f, 0x0649404c, 
    0x06070204, 0x03030507, 0x02080700, 0x0b000102, 0x04030109, 0x05010a01, 0x004c0504, 0x00070006, 0x82690706, 0x01033216, 0x01000401, 0x05040069, 
    0x00590405, 0x61050404, 0x21218200, 0x00852451, 0x0b082e25, 0x18252b1e, 0x2b0a91c3, 0x33363625, 0x06071632, 0x26222306, 0x01200b8b, 0x1324178a, 
    0x16373636, 0x40082383, 0x01260627, 0x6e0195cc, 0x01cff9fe, 0x916d0105, 0x060194fe, 0x01fafecc, 0x4c6a0a5b, 0x090a4f4b, 0x4e4c4c69, 0x670a36fc, 
    0x0a504b4d, 0x4b4b6a09, 0x0aa4014f, 0x4d4c4c68, 0x4c690a0a, 0x0aa94c4b, 0x08258367, 0x4a6a0a3a, 0xaccb4c4d, 0x37013701, 0x01cafead, 0xc9fead36, 
    0x01acc9fe, 0x523dae35, 0x533c3c51, 0x523c3d51, 0x523e3c50, 0x3e58fe51, 0x3b3d5352, 0x00045050, 0x0101523d, 0x503c3e51, 0x22080582, 0x02000000, 
    0x76fe8b00, 0x27044502, 0x0f000300, 0xb04b4800, 0x4058502b, 0x04030014, 0x03010201, 0x57006902, 0x5b250677, 0x401b4e00, 0x21168a19, 0x904b0000, 
    0x825f2005, 0x4f003608, 0x050d4059, 0x04090b04, 0x110f050f, 0x180b0510, 0x0323012b, 0x0c865321, 0x52cba830, 0x4a472c01, 0x730c0c52, 0x0b53494a, 
    0x7582740c, 0xef016c3d, 0x63484863, 0x64484862, 0xb6ff0100, 0x180617fe, 0x0e008cff, 0x23402600, 0x82040a0b, 0x004a2282, 0x205e8201, 0x21848359, 
    0xf84b0261, 0x083a0806, 0x010e0006, 0x160b030e, 0x2420012b, 0x04163727, 0x37243233, 0x04060617, 0xd2feb902, 0x8c648ffe, 0xf948015b, 0x727901f8, 
    0xfefa4b57, 0x9617feb1, 0x5b396679, 0x4a66365e, 0xee82497c, 0x00ffff31, 0x0380ff62, 0x01c602bf, 0xffec0507, 0x42f4fc7f, 0xfc21052f, 0xe75418f4, 
    0xfeae2608, 0x06080717, 0x28878214, 0x405e001d, 0x141a1b0d, 0x228d8313, 0x45030108, 0x142307d8, 0x83040100, 0x00652f8d, 0x61020303, 0x02020105, 
    0x1b4e035e, 0x09821a40, 0x01030025, 0x8a690302, 0x2d2884b6, 0x13405951, 0x00010f10, 0x1d0f1618, 0xc1851d10, 0xc1910620, 0x04361325, 0x43071716, 
    0x02210833, 0x23d082b1, 0x5c8b638e, 0x5637d086, 0xb0fefa4a, 0x4f01cb30, 0x71564af9, 0xf8f888fe, 0x8b5cb9fe, 0x8c6f0162, 0xfc073ee3, 0x4b7c4a01, 
    0x5a5e3664, 0x9978643a, 0x01ffff00, 0x0491fe47, 0x00d205a7, 0x64ec0526, 0x23f58300, 0x05fc6700, 0x0124f582, 0x05fcb801, 0x0139f584, 0xcb019e00, 
    0x8803a905, 0x2d001800, 0x010d2a40, 0x010c0203, 0x02010002, 0x23ce824c, 0x00590300, 0x00230b82, 0x82690102, 0x006308ee, 0x03000061, 0x25245100, 
    0x0b042323, 0x17012b1a, 0x22230606, 0x0623022e, 0x36270706, 0x16323336, 0x33161617, 0x54053632, 0x6bc14755, 0x8485965b, 0x3e814d4a, 0x6dc74f48, 
    0x3e459456, 0x81464078, 0x38bb1e03, 0x3d4f3d60, 0xc3293301, 0x2744543a, 0x00343924, 0xfe9bff01, 0xfffb0516, 0x000d008c, 0x41244027, 0x492705fb, 
    0x01000102, 0x82590001, 0x01002306, 0x0c820061, 0x0001512f, 0x0d000608, 0x0b030d01, 0x20052b16, 0x0b2a4104, 0x01f72f08, 0x4a880132, 0xa6fe6179, 
    0x97fef5f6, 0x01856771, 0x6ea274a1, 0x585d3665, 0x9c74663c, 0x01000000, 0x0a00b000, 0x25040405, 0x35001700, 0x8b463240, 0x03062205, 0x05854604, 
    0x00010625, 0x82054c02, 0x256682f7, 0x00670003, 0xaa470404, 0x05594607, 0x1c0b0622, 0x08185946, 0xfadc043a, 0x2890c594, 0x8cca27eb, 0xfa28fdce, 
    0x288fc492, 0x8bca29ed, 0xa101fccc, 0xefaca3b1, 0xb1a3aef1, 0xada5b0ea, 0xa5adf2f2, 0xffff00b0, 0x20fe4200, 0xb2078004, 0x91052600, 0x07259782, 
    0x8c019105, 0x2b178300, 0x03ed0185, 0x00dd0253, 0x03940506, 0x00270f90, 0xfe71ff02, 0x82600360, 0x00033331, 0xb1380007, 0x40446406, 0x0101042d, 
    0x01030000, 0xba836700, 0x57030222, 0x03270682, 0x02005f02, 0x184f0203, 0x19125076, 0x35079a36, 0x37210701, 0xfc196003, 0x80031955, 0x1954fc18, 
    0xf6fe9999, 0x59829696, 0x00022008, 0x04db00cd, 0x00b00516, 0x00200014, 0x1827402a, 0x03101314, 0x01000305, 0x0001024c, 0x48850003, 0x6232096f, 
    0x01030100, 0x26172852, 0x1a0d0411, 0x2113012b, 0xf7441701, 0x36372906, 0x03373736, 0x03171321, 0x08088853, 0x02263647, 0x0401d141, 0x222764fe, 
    0x609b1109, 0x0511825f, 0x9c601e22, 0x023a0501, 0x041b1a42, 0x17150901, 0x0803040f, 0xcd01e303, 0x65880afd, 0x5c5b6631, 0x2f451866, 0xfeee0299, 
    0x73fe4233, 0x15112a26, 0x12171e21, 0x37a2822e, 0x71000100, 0x0e050000, 0x13003e05, 0x24402700, 0x0e111213, 0x0a0b0c0d, 0x2105c641, 0x21470f01, 
    0x332b8208, 0x194e0021, 0x18070215, 0x0501012b, 0x23032507, 0x05372501, 0x13210383, 0x080f8233, 0xfe83032a, 0x5e0e01f0, 0xb3edeefe, 0xf5fe2901, 
    0x0111015c, 0x66effe0b, 0xb2f20e01, 0x1201d3fe, 0xfe280362, 0xac80ac98, 0x8e01c0fe, 0x37080682, 0x82a86a01, 0xfe4601aa, 0x007eaa6a, 0x01ffff00, 
    0x026a0303, 0x00d2054a, 0x1cbc0506, 0xff010000, 0x0149fece, 0x00a4ff7c, 0x4b2e0003, 0x585030b0, 0x01020c40, 0x85010001, 0x33258582, 0x401b4e00, 
    0x210e880a, 0x75755976, 0x17083209, 0x2103052b, 0x987c0101, 0x1401eafe, 0x01a5fe5c, 0x2d4b825b, 0x03effff1, 0x004b04a1, 0x4b4f0018, 0x4b8232b0, 
    0x71181d20, 0x032808ed, 0x005f0403, 0x4d310404, 0x05265782, 0x0505005f, 0x5c82052f, 0xa3501b20, 0x00022108, 0x2105ed7d, 0x1d870000, 0x09405938, 
    0x11232127, 0x08062012, 0x21372b1c, 0x21373632, 0x26362137, 0x06822326, 0x021e3708, 0x020e0707, 0x01182107, 0x1d776533, 0x01238bfe, 0x4f1e0176, 
    0x27cffe49, 0xd0ad3001, 0x1b04194b, 0xfeacfd9c, 0x5e76e0cd, 0x3b6138d4, 0xf69101ef, 0xf6991c98, 0xa3820190, 0x6cffff24, 0xff820906, 0x3600212a, 
    0x14153340, 0x0a030102, 0x02211682, 0x45a9824c, 0x013f1500, 0x0e1b1d00, 0x0006080c, 0x05210121, 0x052b1606, 0x3e372622, 0x16323302, 0x21133717, 
    0x18161632, 0x8307fadb, 0x2345089a, 0x01020e03, 0x13a3882a, 0x4e81560b, 0x280d7758, 0x941601d6, 0x111968db, 0x2e874b70, 0x3e0f0a45, 0xaf365883, 
    0x94de9711, 0x7a437485, 0x0443694d, 0xf2900b05, 0x45bd6a93, 0x3f752b8d, 0xfb579359, 0x66a863dd, 0x21008200, 0xa782ff01, 0x07082b08, 0x23005906, 
    0x2e403100, 0x0103010e, 0x03000120, 0x10234c02, 0x004a0102, 0x03020003, 0x00010059, 0x00010200, 0x03030069, 0x10826102, 0x2551022d, 0x04232529, 
    0x012b1a06, 0x8a23020e, 0x030521a5, 0x25220f8d, 0x83824107, 0xa6847b20, 0x834d8221, 0xfc8423a6, 0x128888d3, 0xc324b985, 0xaa01fe04, 0xa9838d82, 
    0x436a4e28, 0x9d200304, 0x0f86c6fc, 0x0422b983, 0xa783f69c, 0x02eb003a, 0x05ee033f, 0x0008003b, 0x6406b130, 0x04254044, 0x00020203, 0x01014c01, 
    0x1030c018, 0x2c082f82, 0x14080008, 0x180b0411, 0x0006b12b, 0x33030144, 0x13371713, 0x89010133, 0x0253d99e, 0xfed6eb14, 0x023f0263, 0x3346fefc, 
    0xfdba0133, 0x085f8404, 0x4902e136, 0x39053f04, 0x06000900, 0x010004b3, 0x01012b32, 0x07013737, 0x05170705, 0x1ffdc203, 0x3d03150c, 0x3320fe24, 
    0x02ac0131, 0x49140149, 0xd415017e, 0x970a0a9c, 0xb3203b84, 0x10203b82, 0x0a203b82, 0x09213b82, 0x083b8303, 0x0107232a, 0x27372537, 0x03013725, 
    0xfc0801f8, 0xe10124c4, 0x52fe3033, 0x03e00223, 0xecfe2d8a, 0x0a0a97d5, 0xebfed49c, 0x6d000100, 0x6f20d782, 0x2f20d784, 0x2423d784, 0x43020102, 
    0x3f4806a2, 0x21e88407, 0xd6854f00, 0x89141121, 0x07273bd6, 0x33012303, 0x599a0213, 0xd8e71302, 0x9dc99c01, 0xbb013f02, 0x45fe3333, 0xd684fc02, 
    0x7f2a5f82, 0x88029a00, 0x07004102, 0x5f835100, 0x2c05485e, 0x01020018, 0x00710201, 0x00010100, 0x2c578257, 0x03045f01, 0x01000102, 0x17401b4f, 
    0x53d71800, 0x2219860e, 0x820c4059, 0x7a072028, 0xb13a0823, 0x13440006, 0x23072137, 0x7f372307, 0x1feb011e, 0x29c42894, 0xb4b48d01, 0x2782f3f3, 
    0x15000128, 0x3102d9fd, 0xaf41b8ff, 0x41132033, 0x8e3507af, 0x02419879, 0xfe969e0d, 0x01d9fdeb, 0x22ecfedf, 0xfe140122, 0x2d5e8221, 0x3b000100, 
    0x6c020f01, 0x0300c701, 0xd7832000, 0x8a154021, 0x241e82cc, 0x10114f01, 0x06ff4102, 0x0721132c, 0x11025b21, 0x01eefd1f, 0x2682b8c7, 0x0069002b, 
    0x02730266, 0x000b006c, 0x05134162, 0x5850102b, 0x01062040, 0x05000005, 0x051a4170, 0x00010428, 0x57000101, 0x2f820104, 0x82036021, 0x5001240a, 
    0x831e401b, 0x85052122, 0x02212182, 0x22209286, 0x820e4059, 0x0b427c9b, 0x06b12408, 0x07014400, 0x07230733, 0x37233723, 0xfb013733, 0x931f931b, 
    0x951cc31c, 0x021c9320, 0xa9b8a56c, 0x82a5b8a9, 0xffff3333, 0xaa01a600, 0xe7058d02, 0xbf052700, 0xbd014b00, 0x07820701, 0xa304c533, 0x00b11200, 
    0xbd01b801, 0xb12b35b0, 0x04b80101, 0x2f0882a3, 0xffff0000, 0x5504bc00, 0xe405ba01, 0xd00a0602, 0x432e0f84, 0x8c017602, 0x07017904, 0xa3ff8b0a, 
    0xb349ccfd, 0xccfd2105, 0xc3822e84, 0xfe2c002b, 0xff590356, 0x0008007c, 0x22f38327, 0x83011c40, 0x184c20d4, 0x240df1c2, 0x12070008, 0x075f4212, 
    0xe6700520, 0x7e2e3f08, 0xfe04fdb0, 0xf7febd9d, 0x8d8d8402, 0x01e3fe09, 0x0000091d, 0x04fb0002, 0x06ea0380, 0x6f470024, 0x0105290a, 0x01020003, 
    0x04670203, 0x00225e82, 0x06825701, 0x5f000122, 0x6f478083, 0x07012417, 0x82253721, 0xc2033203, 0x1e55fd1c, 0xfd1cd102, 0x2f051c57, 0xaef5afaf, 
    0x273682ae, 0xd9fdc7ff, 0xb8ffe301, 0x2e20b782, 0x2321b784, 0x41b78406, 0xc2820aed, 0x01000122, 0x43071e43, 0x033208f5, 0x23133301, 0x03072703, 
    0x8e160139, 0x03409678, 0x4a829e0e, 0x21fedf28, 0x24241601, 0x4082eafe, 0xfde0ff35, 0xff3802d9, 0x000a00c1, 0x0005b306, 0x012b3201, 0x82313725, 
    0x07053e8c, 0xe8010517, 0x0411f8fd, 0xfe164302, 0x012829ae, 0xb2d9fd31, 0x8bb41d65, 0x60080863, 0x22008200, 0x82c4ff01, 0x8219203b, 0x430d203b, 
    0x05200af3, 0x0805f343, 0x31070531, 0x020b0215, 0x17bffd04, 0x28294f01, 0x0217d2fe, 0xa8fe0405, 0x608ab21d, 0x8b630808, 0x00031db4, 0xfdcbff02, 
    0xfff601ed, 0x000d00bc, 0x19390019, 0x29208f32, 0x00010e0f, 0x190e1315, 0xdf49190f, 0x0b062105, 0x2409d357, 0x3233023e, 0x067a5616, 0x2905cc5a, 
    0x6cb81606, 0x590c1081, 0x06834881, 0x82583408, 0x084d3032, 0x2f2f3807, 0x3708084d, 0x6088edfd, 0x873f6840, 0x3e6a4060, 0x2d2d407b, 0x2d2d3e3e, 
    0x01ffff40, 0x02f00074, 0x012702e1, 0x00cc0607, 0x4204fc2c, 0xfc21053f, 0x053f4204, 0x722c1f82, 0x6004ec04, 0x06002306, 0x002acd06, 0x3f240f82, 
    0x8404f404, 0x272c0f82, 0x1302cb06, 0x07000000, 0xa200cb06, 0x002a0782, 0xc6ff0100, 0xfa025bfe, 0xd98277ff, 0x2606b341, 0x01020500, 0x46045905, 
    0x20080548, 0x05006902, 0x03610105, 0x01050101, 0x12232451, 0x06102322, 0xb12b1c0b, 0x05440006, 0x23020e17, 0x06027e22, 0x2c4bd784, 0x022c0805, 
    0x510bab4f, 0x4e424376, 0x3b233646, 0x520dae07, 0x422a4375, 0x253d1d1f, 0x0c893d23, 0x29477849, 0x082c2f2a, 0x1b497b48, 0x2f1a0f11, 0x012c8483, 
    0x71040101, 0x0006ee02, 0x4e000500, 0x2605e343, 0x4058500c, 0x44010317, 0x00200ff8, 0x2005f644, 0x21198316, 0x44448602, 0x4059220f, 0x234e820b, 
    0x11050005, 0x37085742, 0x07211301, 0x01010723, 0x1eaa0143, 0x710425e9, 0xdcb38f01, 0x28010100, 0xef206f82, 0x00236f93, 0x82710200, 0x0c0c4e64, 
    0x83401b21, 0x8200206f, 0x4e01206f, 0x6f910f25, 0x37233731, 0xeb010321, 0x011de825, 0x710444aa, 0x82feb3dc, 0xfaff274f, 0xc00133fe, 0xdf8ec7ff, 
    0x7026bf84, 0x02020100, 0x94825701, 0x84600221, 0x825020d6, 0x2119826f, 0x18908500, 0x032bdf92, 0x33073313, 0xc1410607, 0x821fe925, 0xe1942363, 
    0x3b8200b3, 0xe4206f84, 0x07206f82, 0x840c4f41, 0x827020d8, 0x000222e2, 0x84268257, 0x0200216f, 0x01236f84, 0x90850100, 0x226f8518, 0x41070007, 
    0x0323094f, 0x84373337, 0xe81d2571, 0x0125c025, 0xb3217382, 0x267386e1, 0x0241fed8, 0x46bbfff2, 0x0c2809bb, 0x18405850, 0x01020304, 0x758b9182, 
    0x84020021, 0x84172074, 0x84768c1a, 0x13bb4619, 0x07172008, 0x03333721, 0x22d91321, 0xc2215801, 0x3e25fd3f, 0xfecbcb45, 0x007a0186, 0xfef9ff01, 
    0x82ad0233, 0x000522eb, 0x093b4250, 0x0100182d, 0x70010202, 0x00020103, 0x82570200, 0x00022206, 0x20098260, 0x20ec8200, 0x211a8217, 0x19918501, 
    0x34125d41, 0x13210701, 0xad020733, 0x4167fd1b, 0xe2fe25c2, 0xe59401af, 0x2bcd8200, 0x4cfe3700, 0xa8006003, 0x63000800, 0xb5287383, 0x03000105, 
    0xb04b4c01, 0x1e27f283, 0x03030200, 0x83007002, 0x047127f6, 0x00000301, 0x06825703, 0x80830320, 0x80830320, 0x20821c20, 0x82850221, 0x8601211f, 
    0xfd851e91, 0x08000828, 0x05111112, 0x6843190b, 0x21073c05, 0x01012317, 0x60030733, 0xb325fe1e, 0x01fdfee0, 0x27f8e069, 0x2e01d0bd, 0x83cf2e01, 
    0x00542a8f, 0x025e029a, 0x0007003c, 0x05034153, 0x58500a24, 0x82841940, 0x82027021, 0x0003229b, 0x22068257, 0x83600300, 0x50032570, 0x0018401b, 
    0x20067653, 0x411a8e03, 0x3720137d, 0x2d06f441, 0x27931f54, 0x1f9527c3, 0xededb59a, 0x778300b5, 0xdc82d520, 0xb2054626, 0x2d000500, 0x40217783, 
    0x20148322, 0x05b74386, 0x06825720, 0x5f010227, 0x01020100, 0x1096434f, 0x13210334, 0x46033721, 0xcad4fef1, 0x0528e2fe, 0x044efab2, 0x2582f1c1, 
    0x00010023, 0x2053820b, 0x20538445, 0x2053842c, 0x22478221, 0x43850201, 0x60210995, 0x200b8200, 0x2b529250, 0x03132137, 0xb7fdf145, 0xca1e0127, 
    0xef225283, 0x2982c304, 0xa386ad20, 0x32000722, 0x27264f84, 0x02030104, 0xa9848503, 0xe0180020, 0x34490e06, 0x84012010, 0x29aa83a8, 0xa1d5fef2, 
    0x0128e3fe, 0x5a83291d, 0xefcc0323, 0x205b82f7, 0x205b8833, 0x09774159, 0x60881c20, 0x71000122, 0x1b22618f, 0x7f9a1b40, 0x82137d41, 0x21372182, 
    0x4620da83, 0x29268282, 0x012ae1fe, 0x8283a21c, 0x03edf723, 0x20c483ce, 0x2cdfc270, 0xf1460313, 0xfe65d4fe, 0x1f0127e2, 0x255c8365, 0x02ee6102, 
    0x00820063, 0x00013508, 0x037c04ea, 0x00af064f, 0xb306000b, 0x3201040a, 0x3727012b, 0x37173727, 0x07170717, 0x68520127, 0x82927fb3, 0x80b56ab3, 
    0x7f048095, 0x809a977f, 0x997d989b, 0x3b830582, 0x01dbff2a, 0x034b022a, 0x00120045, 0x2b06cb41, 0x0001010b, 0x0a124c01, 0x4a000302, 0x10c1a918, 
    0x034a2720, 0x03340807, 0x14142537, 0x33160607, 0x06173732, 0x26222306, 0x21252726, 0x0101ab01, 0x201b4c18, 0x2b562507, 0x0a22595b, 0x5ad51602, 
    0x770f2011, 0x12c7067b, 0x52824c16, 0x00324e82, 0x038d02d1, 0x00ba05c6, 0xb5590016, 0x0102010d, 0xbf654c01, 0x051b3e05, 0x01000401, 0x00720400, 
    0x04000003, 0x00690003, 0x5f020101, 0x7b020200, 0x401b4e02, 0x211d861c, 0x1e928001, 0x0d405933, 0x16000000, 0x11261600, 0x0d062224, 0x36012b1a, 
    0x05737a26, 0x33334308, 0x26372303, 0x36363726, 0x07163233, 0x3c06e202, 0x0e5d483b, 0x6749320c, 0x6c13d82d, 0xe61c1565, 0x16a69a9e, 0x44378804, 
    0x634f5868, 0x1b6afcfe, 0xbeb080ba, 0x020088aa, 0x00001200, 0xea054304, 0x215a1900, 0x82042005, 0x4c01218d, 0x05247c82, 0x69050302, 0x01261f82, 
    0x69010204, 0x25820400, 0x04005926, 0x06610004, 0x2008bb82, 0x00015100, 0x16181f21, 0x07080c0e, 0x19000506, 0x06071901, 0x22212b16, 0x06373726, 
    0x37323723, 0x22878513, 0x82070006, 0x33332617, 0x36360307, 0x08aa8537, 0xf9650257, 0x590524cb, 0x5f6b0c5f, 0xb0e32448, 0x2221abb1, 0x12efeafe, 
    0x77673c10, 0x766aa828, 0x29130c13, 0xd10f4438, 0xab081dda, 0xdeb1010f, 0xcacbdde1, 0x6c4bd6fe, 0x02ee4366, 0x75cb49f1, 0x5b513047, 0xf9ff0100, 
    0x4205abfe, 0x07008c00, 0xb04b4900, 0x4058500b, 0x05d15218, 0x01007034, 0x57010303, 0x03010100, 0x03010460, 0x1b500301, 0x1a831740, 0x90850021, 
    0x0cdf4219, 0x19062908, 0x3313032b, 0x33372107, 0xf14f0703, 0x291b032b, 0xabfe4df0, 0xfdfde101, 0x01001ffe, 0xffff8400, 0x0006fc05, 0xf1002300, 
    0x08054776, 0x03002f2e, 0x03040604, 0x00060072, 0x07060507, 0x05010867, 0x0a010109, 0x00690105, 0x61020404, 0x5e020200, 0x0a010b4d, 0x005f000a, 
    0x00570000, 0x073c6018, 0x36853020, 0xaa800621, 0x82272037, 0x2037a2de, 0x216f8d5c, 0x6a882e40, 0x04000226, 0x69040203, 0xa08b7291, 0x59595924, 
    0xab821440, 0x23002335, 0x11112122, 0x12221511, 0x0c111127, 0x252b1f0b, 0x60132107, 0x826e09ab, 0x06072607, 0x21131716, 0x08018507, 0x2879056d, 
    0x9446acfc, 0x1d175ccf, 0x94f6a318, 0xfe13dcda, 0x5b4a01db, 0x1e128166, 0x40645510, 0xfd255303, 0xd90119d1, 0x1f26fe26, 0xa301eae9, 0xad8cd678, 
    0xcb77d48c, 0x86575bce, 0x8a68af68, 0xea840102, 0x00b9ea96, 0x00fdff02, 0x04be0300, 0x001a00ba, 0x4035001e, 0x02010f32, 0x03011001, 0x00010102, 
    0x004c0303, 0x03020001, 0x43690201, 0x04320818, 0x005f0504, 0x05570505, 0x2511114e, 0x06232624, 0x35551c0b, 0x51262006, 0x07230701, 0x53222326, 
    0x0120062b, 0x3a08ab82, 0x487ae102, 0xbf7f61b2, 0x9c13145d, 0x9e607fe4, 0x6742ab35, 0x0a517844, 0x68667810, 0x370394fd, 0x02c9fc20, 0x4339967d, 
    0x7575c172, 0x3a4372c0, 0x643b4897, 0xfe815c3c, 0x8200c58f, 0x00033900, 0x06000085, 0x00d2054b, 0x000f0003, 0x403b001b, 0x07030038, 0x03050201, 
    0x05279482, 0x01040108, 0x82690405, 0x4d563a27, 0x01010106, 0x114e0157, 0x00040510, 0x10151700, 0x0b1b111b, 0x050f0409, 0x2b39820f, 0x0b091103, 
    0x01332b17, 0x22130133, 0x2207b043, 0x8a010606, 0x04852c0b, 0x09fbcff7, 0x0e635423, 0x83548b0e, 0x038a2505, 0x0d63544b, 0x64200c83, 0x05291282, 
    0x032efad2, 0x545477a8, 0x33038377, 0x5477f6fc, 0x55777755, 0x02007754, 0xa704fefc, 0xe30627ff, 0x26229b82, 0x0546cd00, 0x502d2a05, 0x0100b558, 
    0x4c010700, 0x2007821b, 0x20078205, 0x05ca4f59, 0x03002e3c, 0x03020102, 0x07008001, 0x07060006, 0x01058000, 0x6f000600, 0x02000400, 0xd0820403, 
    0x94820120, 0x0100592d, 0x00610601, 0x51060106, 0x82b04b1b, 0x2d40214a, 0x00213592, 0x21349884, 0x2f8a3340, 0x0706052d, 0x05008005, 0x00050600, 
    0x9900007e, 0x59593335, 0x22240b40, 0x22112215, 0x0b082224, 0x06b12b1e, 0x8d824400, 0x2622232d, 0x17363637, 0x07363733, 0x44270726, 0x07250561, 
    0x26231706, 0x05034537, 0x36176b08, 0x4afe3736, 0x5237511c, 0x930c0c56, 0x0b054783, 0x9f0b4950, 0x646d960d, 0x0f251073, 0x1907a10f, 0x07393546, 
    0x23202103, 0xe9040e3d, 0x4c5a281a, 0x1f016053, 0x3b01014d, 0x64674b01, 0x3455e163, 0x1f33e015, 0x01011e18, 0x0200121f, 0xa20400fd, 0xe00637ff, 
    0x1b001400, 0x06b14900, 0x3e404464, 0x02030111, 0x03000112, 0xff634c02, 0x03022c0a, 0x00670204, 0x03000003, 0x6e030059, 0x03330528, 0x00015100, 
    0x1516181a, 0x0b0c0e10, 0x14000608, 0x4d071401, 0x01200677, 0xa545c482, 0x21072206, 0x06554614, 0xd3820320, 0x06273708, 0x8805fe06, 0x1703147d, 
    0x6c7c7ba6, 0x97fe0a14, 0x3a56383d, 0x9977233f, 0x631002cb, 0xa2043c2f, 0x7c126ea0, 0x417a96a2, 0x583c3a33, 0x54014024, 0x01015e0c, 0x0082003a, 
    0xadfd0228, 0xcafeb204, 0x8582b607, 0x33000f22, 0x2820ab84, 0x4f072e54, 0x0023114e, 0x820c0e00, 0x00032694, 0x0b051103, 0x055d4117, 0x13230322, 
    0x33089586, 0x06270606, 0x5aa6fe26, 0x060b5a9f, 0x2829273a, 0x29360705, 0xda062a29, 0x2802d8fd, 0x2d2c248c, 0x012f2323, 0x02002f01, 0xa204f9fc, 
    0xe00640ff, 0x1b000d00, 0x2526874e, 0x1b0e1416, 0x874e1b0f, 0x0b0f410d, 0x32257a82, 0x36373736, 0x06536026, 0xeefd4208, 0x01147580, 0x8180a914, 
    0x14011574, 0x403f6ca8, 0x240b010b, 0x0b423e3e, 0x04270a01, 0x0c7a9ea2, 0x7aa0a07a, 0x80a0780c, 0x420c4058, 0x5a010158, 0x55430c40, 0xfd010000, 
    0xffa80404, 0x00da0643, 0x05134b10, 0x30b04b22, 0x20050543, 0x05054302, 0x07820420, 0x14845920, 0x0318403f, 0x00020101, 0x02005701, 0x59020000, 
    0x00020200, 0x00010462, 0x1b520002, 0x02001940, 0x82138204, 0x04002520, 0x67040100, 0x00201c84, 0x59291b83, 0x221211b7, 0x0b052113, 0x053d411b, 
    0x2223062a, 0x33133726, 0x32330603, 0x30080683, 0x465efe23, 0x15585567, 0x1138a036, 0x40244552, 0x04895aa2, 0x796947ef, 0xaffe5001, 0x81013262, 
    0x0000d8fd, 0x0406fd01, 0x062dffa2, 0x001b00e0, 0x05a94378, 0x58501c39, 0x02002740, 0x02030503, 0x04050072, 0x7e040503, 0x03000100, 0x47030102, 
    0x1b22117e, 0x29852840, 0x9f800521, 0x4059322a, 0x19000113, 0x0f141618, 0x080a0b0d, 0x011b0006, 0x128c421b, 0x75412320, 0x333a0808, 0x33373632, 
    0xf7fd0606, 0x02156a87, 0x71839e16, 0x05950f68, 0x363d2c26, 0x1a0c020b, 0x083a263e, 0x049d0f95, 0x0e75a4a2, 0x5e7ba176, 0x01013524, 0x3c0e395e, 
    0x5a24285d, 0x00820072, 0x0bfd022e, 0x73ffa504, 0x1000c707, 0xc8001c00, 0x2520d985, 0x0e30d982, 0x01050109, 0x05040114, 0x0400010e, 0x401b4c03, 
    0x0320108a, 0x59231082, 0x820cb04b, 0x00222626, 0x02010102, 0x065f4370, 0x01076a27, 0x04000004, 0x2c068259, 0x03610004, 0x04000206, 0x4b1b5100, 
    0x225083b0, 0x4b020021, 0x0523058a, 0x95050104, 0x28402128, 0x03212385, 0x21728204, 0x548a8000, 0x54880320, 0x3805ce48, 0x17405959, 0x00011112, 
    0x1c111517, 0x0c0d1c12, 0x06080a0b, 0x10011000, 0x07b64308, 0x26265408, 0x36363737, 0x13173233, 0x27230333, 0x16370606, 0x23263737, 0x07070622, 
    0xc5fd1606, 0x0109506a, 0x536a990a, 0x82a22f2d, 0x4f21028a, 0x2228410c, 0x48364412, 0x1d050106, 0x9e01a504, 0x9a7f0a79, 0xfc1d0136, 0x27223ceb, 
    0xce320181, 0x0a44593f, 0x82005741, 0xfc012a00, 0xffb204f5, 0x00c70731, 0x05ab4211, 0xfe82b520, 0xbf4d0020, 0x051d2807, 0x00000401, 0x82037004, 
    0x86012714, 0x02020000, 0x34825900, 0x00620226, 0x52020002, 0x21062d4a, 0x1e958504, 0x29052d4a, 0x12110011, 0x06221323, 0xab421a0b, 0x82032005, 
    0x071625c4, 0x36132303, 0x0783be82, 0x15fe2808, 0x565b4431, 0xa2331558, 0x301e0a33, 0x9f3e2341, 0xfec70782, 0x817344d5, 0x3a01c6fe, 0xfe2d373c, 
    0x00150380, 0x8245fc01, 0x06d330a7, 0x002100e0, 0x6406b136, 0x062b4044, 0x82030200, 0x01072aa9, 0x01050002, 0x03000203, 0x250a8369, 0x065f0200, 
    0x9e820204, 0x12114f26, 0x13221522, 0x200ac245, 0x207a8336, 0x84058417, 0x22232480, 0x86060706, 0x08068309, 0x27fd3336, 0x38345621, 0x5f21114e, 
    0x1459543d, 0x1137a036, 0x10352752, 0xa0360302, 0x47511036, 0x5a9f3e24, 0x22990687, 0x2a2f2c25, 0xfe796b31, 0x634a01b6, 0x17141a1e, 0x342a0884, 
    0x280287fe, 0x01000000, 0xa7827afd, 0xa7821720, 0x31000e22, 0x2622a784, 0x8d82000b, 0x01010128, 0x034c0200, 0x22820201, 0x69000222, 0x240a0f4e, 
    0x23121122, 0x061d4104, 0x26070322, 0x21061541, 0xac821733, 0x0a1be93b, 0x2546131e, 0x895aa13b, 0x1b4d3d01, 0x059dd906, 0x94fe2b08, 0x413b2802, 
    0x2c008200, 0x04dc0001, 0x074202aa, 0x00130066, 0x216b836d, 0x658207b5, 0x4c012c08, 0x5013b04b, 0x00214058, 0x05040405, 0x02060770, 0x00010304, 
    0x68000401, 0x02020100, 0x01005901, 0x00610201, 0x51020102, 0x8220401b, 0x85052123, 0x5922229a, 0x68820f40, 0x13001323, 0x22a58211, 0x52081122, 
    0x420806ee, 0x03230701, 0x37323306, 0x22230607, 0x37231337, 0x07333733, 0x61134202, 0x1f380c2a, 0x3925140f, 0x512b1fa9, 0xa1165213, 0x76e00616, 
    0x0640fffe, 0x01bc0e77, 0x86867604, 0xfd010000, 0xffb2043d, 0x57de0656, 0x0f59335f, 0xa1fd3608, 0x0121a964, 0xfea99114, 0x02b204e6, 0x3cb1fe2c, 
    0xfd4f013c, 0x22aa82d4, 0x82f1fc01, 0x8261205f, 0x000b345f, 0x6406b135, 0x0a2a4044, 0x04010407, 0x4c010001, 0x57020304, 0x0782051b, 0x5f010024, 
    0x7d550102, 0x000b2506, 0x1212120b, 0x08076150, 0x37170126, 0x23130333, 0x13230727, 0x3d02fe03, 0x7aceae74, 0xae7a47ad, 0xde0670d3, 0xeffe9c9c, 
    0xa6a6e5fe, 0x11011b01, 0x56286b84, 0xdefddafd, 0x0e0086ff, 0x2207db59, 0x8200010a, 0x17ea4156, 0x12113223, 0x07ea4122, 0x26070525, 0x82070627, 
    0x33210864, 0x32333617, 0x19defd16, 0x24462419, 0x8946a028, 0x0d4d3d01, 0x0c9d7f18, 0xed290101, 0x403aa601, 0x2d6a8201, 0x6afc0100, 0x82ffa704, 
    0x17006b05, 0xd7835c00, 0x010db52f, 0x4c010103, 0x5022b04b, 0x051b4058, 0x27da8402, 0x01010670, 0x59010303, 0x012b0682, 0x01046203, 0x52030103, 
    0x841a401b, 0x8500211d, 0x592c1c92, 0x12220a40, 0x22112223, 0x1d0b0710, 0x2a05a043, 0x17160633, 0x06333736, 0x82222306, 0x820482a1, 0x0811820b, 
    0x96adfd29, 0x4f252304, 0x960fa20a, 0x16463069, 0x6f69693d, 0x20059f0b, 0x6b054f26, 0x01012b20, 0x1b62624b, 0x4f753217, 0x84012c1f, 0xfc0330af, 
    0xffa2045c, 0x00e306e6, 0x00340028, 0x83f0003c, 0x0f402fb3, 0x05030118, 0x07080125, 0x00020326, 0x914e0308, 0x30230806, 0x02030400, 0x80020403, 
    0x0c050106, 0x05040301, 0x010b6903, 0x07010902, 0x69070208, 0x0008010a, 0x82590800, 0x00082a06, 0x020d0161, 0x51000800, 0x053b471b, 0x37913520, 
    0x07090025, 0x82590902, 0x8300203d, 0x9467203c, 0x3a40263c, 0x020c0400, 0x2e6f820c, 0x050c0300, 0x01065903, 0x040c0005, 0xa2690c05, 0x5922083c, 
    0x01214059, 0x36393b00, 0x2b2f3135, 0x1f212329, 0x17191b1e, 0x11121315, 0x070b0d0f, 0x01280005, 0x68490e28, 0x06272209, 0x11334a06, 0x33361725, 
    0x49071632, 0x3625057b, 0x06061737, 0x093d4a01, 0x33372622, 0x08057d48, 0x54b4fe44, 0x681c1a71, 0x0b56534c, 0x4782930d, 0x4a500c06, 0x960c9d0b, 
    0x4d356d6d, 0x166d7962, 0x3b9afe0b, 0x1d4c2937, 0xfe7b213f, 0x3c3246bc, 0x1f210506, 0x040e4729, 0x0703c6b6, 0x392f3128, 0x3742a204, 0x5f4a4a2a, 
    0x3744080c, 0x417d9334, 0x201c3a33, 0x013f2558, 0x1a203005, 0x2a01011e, 0x0c721f1c, 0x0101332b, 0x0300003b, 0xa2044cfc, 0xe306eaff, 0x2e002000, 
    0xac003a00, 0x446406b1, 0x01180e40, 0x01390503, 0x01030907, 0x4c030700, 0x41057641, 0x08200bae, 0x2f05ae41, 0x09000200, 0x69090207, 0x07020c0a, 
    0x59070000, 0x07370783, 0x0b016100, 0x00070002, 0x35401b51, 0x02080400, 0x80020408, 0x41080300, 0x08240671, 0x69080504, 0x5930379d, 0x21222140, 
    0x35370001, 0x27292f31, 0x2e222e21, 0x230c6b41, 0x0d200120, 0x49256b41, 0x27200fd7, 0x080a7141, 0x5098fe3f, 0x681c196a, 0x0c56524d, 0x4683940c, 
    0x49500c05, 0x970c9e0c, 0x4d356e6d, 0x15748265, 0x6aa91401, 0x010b413d, 0x3d3d260b, 0x0b010a42, 0x3348bb25, 0x2003063c, 0x11452920, 0x41a20402, 
    0x0e664138, 0x35383a08, 0x7a0c78a2, 0x4157809e, 0x0157430c, 0x0c405a01, 0x32855642, 0x011e1721, 0x1f1d2a01, 0x02000000, 0xa7043efc, 0xe306b6ff, 
    0x27001d00, 0x06b18400, 0x06b54464, 0x01080101, 0x05df4c4c, 0x05002a3b, 0x05040304, 0x01068003, 0x05040000, 0x00690400, 0x08070003, 0x00690703, 
    0x26268208, 0x08080059, 0x82026101, 0x51012409, 0x8731401b, 0x0100262c, 0x01080208, 0x21349402, 0x34830802, 0x61022108, 0x02080200, 0x0c405951, 
    0x11222423, 0x11242422, 0x1f0b0911, 0x0006b12b, 0x33130144, 0x35262301, 0x2213ac42, 0x41070716, 0x3408052c, 0x37363617, 0xaad13bfe, 0x07ddb9fe, 
    0x5237521c, 0x930d0c56, 0x0c054683, 0x9e0c4851, 0x636d960d, 0x971b1274, 0x063c3346, 0x3c244306, 0x0173050f, 0x15d5fd6a, 0x10e24c22, 0x35aa2d08, 
    0x01352132, 0x00121e01, 0xdefc0200, 0x5affa804, 0x1300be07, 0x38002000, 0x446406b1, 0x01112d40, 0x01140102, 0x4c020203, 0x4a010101, 0x200b6f4f, 
    0x05db4c03, 0x03000028, 0x26245100, 0x45452824, 0x37012207, 0x21a38216, 0x6743020e, 0x32332505, 0x13262617, 0x08058559, 0x33160643, 0xfd373632, 
    0xa09046e4, 0x640f071b, 0x887d5290, 0x78a61312, 0x6c0f364a, 0x2e3c0d79, 0x080a4d41, 0x563c3e34, 0x7747070e, 0x23a9ec21, 0x92518e5e, 0x258d7168, 
    0xd0fe6354, 0x3e4a1810, 0x536a4733, 0x85008200, 0x825d20a7, 0x001d24a7, 0x8440002a, 0x163521a7, 0x1e20a782, 0x1c29a784, 0x06191a1b, 0x01030405, 
    0x22af9a09, 0x8a2d242b, 0x371723af, 0xb4900717, 0x27072723, 0x27b99037, 0x1d78435b, 0x0f272e64, 0x0727be8c, 0x207b161e, 0x8e932263, 0x381527c3, 
    0x3a313d3b, 0xc8885e9e, 0x183d2628, 0x15303b3c, 0xcd89c8fe, 0xeefc022e, 0x52ffdc03, 0x1c00e906, 0xf2002900, 0x38089f4f, 0x01171640, 0x01210306, 
    0x010a0605, 0x01040502, 0x01030201, 0x4c050100, 0x2018841b, 0x4b189104, 0x2821062b, 0x3e328208, 0x72050102, 0x00010200, 0x01047002, 0x05060003, 
    0x00690603, 0x01000001, 0x0101005a, 0x82076200, 0x52002248, 0x06db421b, 0x06232f84, 0x82800205, 0x02062330, 0x319a7e01, 0x00314029, 0x03060304, 
    0x8f800604, 0x97002034, 0x59592f65, 0x1d1e1940, 0x22240001, 0x291e291d, 0x547c1819, 0x011c2306, 0x2744091c, 0x16372b0a, 0x37361716, 0x23060637, 
    0x524b2626, 0x17162805, 0x06033337, 0x82320306, 0x08524b16, 0x37b85c08, 0x15581d76, 0x147e2a41, 0x2c491e05, 0x0214676a, 0x336a9d14, 0x8d121442, 
    0x27b61558, 0x24113325, 0x49394415, 0x2b0b030a, 0x2b2bdc03, 0x01211c63, 0x1c1c7301, 0x78a00120, 0x239d7d0b, 0xecfd371f, 0x50017876, 0x32da181a, 
    0x420b4358, 0xfc010056, 0xffa804e6, 0x00080736, 0x417c001f, 0x24260579, 0x28405850, 0xe5820200, 0x4d720221, 0x06260868, 0x06040500, 0xef546705, 
    0x0107210a, 0x51230c82, 0x8529401b, 0x8006212a, 0x59282ba0, 0x00011540, 0x191a1b1c, 0x2208734d, 0x4c1f011f, 0x00500849, 0x43232009, 0x07200529, 
    0x08052a43, 0x3723374c, 0x06060721, 0x897ae9fd, 0xb6121411, 0x07767776, 0x312a039d, 0x1309473a, 0x303e3107, 0x710b1035, 0x28100112, 0xa8048c20, 
    0x6c7e6c86, 0x28626184, 0x7239421f, 0x0a0a4337, 0x1ff16c4d, 0x0100003a, 0xb20402fd, 0xce075eff, 0xeb750c00, 0x05082e07, 0x00010301, 0x01044c01, 
    0x03010003, 0x0aa55c57, 0x25087d49, 0x130c000c, 0x7d491312, 0x03280808, 0x07333737, 0x07272313, 0xfe132307, 0xaa214925, 0xb6abecb7, 0xa01c3e6b, 
    0xfece0783, 0xe1a62145, 0x35dcb9fe, 0x001c03a7, 0xfd264b82, 0xfeb204a4, 0x4b6107c4, 0x33012c24, 0x25fe2303, 0x079f819f, 0x83ebfcc7, 0x8240203b, 
    0x07f1233b, 0xaf590006, 0x02012109, 0x59130b5b, 0x0737105c, 0x03331321, 0xfe14f1fe, 0x4d9e6263, 0x027f3105, 0x002bfe54, 0x828bfc01, 0x82a120fb, 
    0x000c214f, 0x22063b5e, 0x85020508, 0x05744afa, 0x74820120, 0xf25f5f20, 0x12112406, 0x4f111112, 0x4e8208be, 0x13232608, 0x03032303, 0xfe331323, 
    0x64c7d901, 0x73bd3b9f, 0x639e3a46, 0x016505c4, 0x01acfda1, 0x01a0fe60, 0x02a5fe5b, 0x21428254, 0xb782e1fb, 0xe4061f2b, 0x60001000, 0x446406b1, 
    0x065b504b, 0x50000221, 0x0224055b, 0x594c0104, 0x40211484, 0x08b75e15, 0x08fd7918, 0x4f01002b, 0x0019401b, 0x04010204, 0x72591857, 0x04042908, 
    0x01035f01, 0x4f010401, 0x230f5850, 0x16323336, 0x270b204d, 0x6746c6fc, 0x36145755, 0x3a095850, 0x69479d06, 0x01b0fe79, 0xfe326251, 0x0028027f, 
    0x04cafc01, 0x0761ffb2, 0x52090006, 0x06210709, 0x05074101, 0x24167d4b, 0x12090009, 0x097d4b11, 0x33131322, 0x3c050a41, 0x3cb6cdfd, 0xb7a262a2, 
    0x0763a13b, 0x0195fe06, 0x01acfd6b, 0x0299fe67, 0xfc020054, 0x206382e5, 0x2f638224, 0x0026001d, 0x6406b147, 0x0a3c4044, 0x0e040001, 0x2a06644d, 
    0x86010001, 0x05000200, 0x50050204, 0x013011ba, 0x20242600, 0x0614151e, 0x00020304, 0x071d011d, 0x23071c44, 0x13230723, 0x0637ef83, 0x07161607, 
    0x06071407, 0x23151706, 0x36373626, 0x26363735, 0x82323327, 0x26470809, 0xfdfd2327, 0x629f2158, 0x0d7370fa, 0x1d3c6b0f, 0x01010608, 0x07a40601, 
    0x08010204, 0x5b772406, 0x04053228, 0x05592728, 0x5402cc7e, 0x30625263, 0x252d4e13, 0x2d100a03, 0x360a0709, 0x25020711, 0x287f2824, 0x82271c1f, 
    0x7afd21a0, 0x1324c382, 0x1600da06, 0x2d07274e, 0x00020101, 0x01020a0e, 0x004c0202, 0x6e4f0201, 0x8261200b, 0x510225cc, 0x03232626, 0x2006055d, 
    0x067e5401, 0x07060622, 0xdd58a382, 0xfd2b0808, 0x613338b2, 0x106b5545, 0x593b4b09, 0x514868a3, 0x1b200507, 0x3706351f, 0x62251c62, 0x1b4a3855, 
    0x010107cd, 0x19273516, 0x8200121e, 0xfd012c00, 0xffa40401, 0x00e20628, 0x42f90024, 0x2224054b, 0x25405850, 0x04297d82, 0x00720102, 0x04050504, 
    0x08254270, 0x0303052e, 0x05005905, 0x00620305, 0x52030503, 0x20060551, 0x232c8926, 0x7e050402, 0x26202d9a, 0x27205a82, 0x04242d85, 0x05040080, 
    0x27202e9e, 0x5ca72e82, 0x57a74020, 0x00825920, 0x22094027, 0x12222a12, 0x07ba6128, 0x2636012f, 0x37262627, 0x16373636, 0x36230716, 0x061c4a26, 
    0x11490c82, 0x33520805, 0x32331606, 0x230458fe, 0x0d675249, 0x6e688d0b, 0x029e0c76, 0x2e212d21, 0x41260504, 0x0d0b5e63, 0x6e796c96, 0x3806970c, 
    0x48055029, 0x11102312, 0x64484c4b, 0x4d650101, 0x191d261d, 0x150d1f16, 0x5f4b494e, 0x222a4378, 0x9ffd0100, 0x47ffb204, 0x2f4ed807, 0x01082e09, 
    0x01090102, 0x4c020200, 0x00020000, 0x0fa14f86, 0x10232422, 0x2008f241, 0x05d45a23, 0x84071721, 0x3ffe3ca1, 0x850f63a0, 0x1429165e, 0x241f1019, 
    0xb2040633, 0x665f6102, 0x067b0307, 0x82002224, 0xfc012200, 0x246b82ff, 0x00da0628, 0x075f4209, 0x01246082, 0x67010203, 0x250b685f, 0x0300005f, 
    0x2f824f00, 0x09000924, 0x655f1211, 0x01220808, 0x01372107, 0x07213723, 0x14ecfe01, 0x010f27fe, 0x0115fd3b, 0xc7fe0ec7, 0x5f7f3105, 0x5e7f4a01, 
    0x3382b5fe, 0xe1fc022e, 0x27ffa704, 0x1900e406, 0x9b002700, 0x31094f48, 0x06010a0f, 0x03011f01, 0x02121706, 0x4c030300, 0x1183401b, 0x118a0220, 
    0x11485920, 0x021f3105, 0x06000101, 0x69060103, 0x03020508, 0x59030000, 0x03330783, 0x07046100, 0x00030002, 0x24401b51, 0x00060200, 0x9c005702, 
    0x40592f26, 0x011a1b19, 0x1a202200, 0x16271b27, 0xf5560f14, 0x01192205, 0x0af84719, 0x2d0beb47, 0x07371637, 0x22230606, 0x37060627, 0xf6473732, 
    0xa849080b, 0x01115e69, 0x2e6e9413, 0x8f15123b, 0x0925093f, 0x24110801, 0x1f156114, 0x233e084e, 0x15230201, 0x0e40353d, 0x04200c01, 0x097a97a8, 
    0x2329a37f, 0x438ffe41, 0x76040101, 0x28560309, 0x0c2b7d2d, 0x5e31cc0c, 0x553e0a45, 0x2c008200, 0x03b3fc02, 0x0742ffe2, 0x001300a2, 0x05916128, 
    0x45402208, 0x05040106, 0x0301010e, 0x02004c02, 0x07860201, 0x06000001, 0x69060005, 0x04000500, 0x69040503, 0x0ef77500, 0x26000131, 0x1d1f2124, 
    0x1015171b, 0x000a0c0f, 0x47130113, 0x322508c9, 0x06060716, 0x35048307, 0x27262223, 0x36132307, 0x37160336, 0x36373616, 0x37230726, 0xf35c3337, 
    0xfe6a0807, 0x107f6b58, 0x80334309, 0x71951116, 0x281e4a24, 0xb112799f, 0x37472762, 0x390a0745, 0x090a2d34, 0x06125e21, 0x46272c2a, 0x64a2070a, 
    0x19543562, 0x736b862e, 0x02ed1413, 0xfd7971d6, 0x01011fa1, 0x333f2838, 0x013a3a01, 0x35342562, 0x08000037, 0xc2fea8f9, 0xae058701, 0x1b000d00, 
    0x37002900, 0x53004500, 0x6f006100, 0x03428601, 0x19510805, 0x63405850, 0x17140116, 0x72141709, 0x030a0c0e, 0x0b190b08, 0x1c1e7208, 0x1b18031a, 
    0x72181b05, 0x03061012, 0x07010704, 0x01027204, 0x00030300, 0x00150071, 0x17151417, 0x09010d69, 0x080b010f, 0x1d690b09, 0x011f1901, 0x1b19181b, 
    0x05011169, 0x282a8213, 0x00690705, 0x01030301, 0xb2601859, 0x4b1b2309, 0x6a821ab0, 0x6a9a6420, 0x88800521, 0x8001216b, 0x00216c83, 0x216bb686, 
    0x66866640, 0x88800921, 0x801921d2, 0x68c8d388, 0x59593308, 0x6c6e3a40, 0x6567696a, 0x5e606263, 0x57595b5c, 0x50525455, 0x494b4d4e, 0x42444647, 
    0x3b3d3f40, 0x34363839, 0x2d2f3132, 0x26282a2b, 0x1f212324, 0x01852212, 0x07201022, 0x2006d14d, 0x05e45423, 0x2005cd44, 0x200d8c25, 0x200d8c13, 
    0x200d8c05, 0x200d8c03, 0x8d0d9a01, 0xfc430837, 0x870d749c, 0x0d626663, 0x38230674, 0xcdfd3935, 0x63861076, 0x74106563, 0x36372106, 0x0d76b139, 
    0x66636584, 0x2406750d, 0x04363737, 0x840e77a7, 0x0d656564, 0x39240574, 0x75bc3635, 0x6265850f, 0x82710f65, 0x3a363a1c, 0x0f747afe, 0x64646486, 
    0x2306730f, 0xfc393737, 0x870c7479, 0x0d626564, 0x081d8373, 0x1c06392a, 0x63890d76, 0x720e6264, 0x34392206, 0x53c2fe3a, 0x28536b6b, 0x52f63e3e, 
    0x27526c6c, 0xd803403f, 0x53696953, 0x283c3d27, 0xfb330786, 0x6b6d51da, 0x3f3f2753, 0x6951ed04, 0x3d275169, 0x86cdfc3d, 0x85272008, 0x003c2107, 
    0x63080082, 0xfef6f908, 0x05690162, 0x000400c6, 0x000e0009, 0x00180013, 0x0022001d, 0xb14f0027, 0x40446406, 0x1c242544, 0x26020303, 0x1a1d2021, 
    0x07101213, 0x01020306, 0x1f03000d, 0x00010209, 0x02004c03, 0x05850203, 0x03000301, 0x01000085, 0x01048500, 0x14760101, 0x140a0a14, 0x17181418, 
    0x0a0e0a16, 0x07061b0e, 0x0806e75a, 0x0537258e, 0x37030107, 0x13051333, 0x01031733, 0x05373725, 0x33132701, 0x37270503, 0x27011725, 0x03071725, 
    0x07133703, 0xbffe37fb, 0x18590112, 0x749a3b04, 0xcefc6512, 0xb70a8d82, 0xa8fe5304, 0x41011117, 0xb50a46fc, 0x76018363, 0x67010252, 0x3d92f93b, 
    0x05545001, 0x994e6013, 0x7aa60175, 0xfd8c4462, 0x622c0160, 0x01f8bafe, 0xaefe0e60, 0x8c464403, 0x5e027a0a, 0xfe52010e, 0x0e64dea0, 0x1efb469a, 
    0x0e64ca42, 0x48015803, 0x60d6fe42, 0xfc2bb082, 0xffa2048f, 0x00fe05ad, 0x43760007, 0x152a05bd, 0x1c405850, 0x02020300, 0xcf827003, 0x7101002a, 
    0x00000200, 0x02005702, 0x22083766, 0x8219b04b, 0x881b2023, 0x86012123, 0x40212290, 0x201d821a, 0x05d96503, 0x59281c8f, 0x1111b659, 0x07041011, 
    0x36051258, 0x23072103, 0x33372137, 0x14cffd75, 0x320227b7, 0x2005b510, 0x836cf07e, 0x05a7289b, 0x06d1ff18, 0x63170014, 0x00200733, 0x00215582, 
    0x08014d59, 0x612d9782, 0x00020104, 0x23245102, 0x05202413, 0x06105b07, 0x36323323, 0x05024337, 0xd2475a82, 0x062b0806, 0xbefc2323, 0x44995916, 
    0x7338703b, 0x8d071371, 0x30360a04, 0x49335724, 0x051969b2, 0x14182a9e, 0x266c6a20, 0x1a313510, 0x82311912, 0x00fe3d7b, 0xe8fe1b05, 0x05006f06, 
    0x06b11900, 0x0e404464, 0x03010405, 0x00004900, 0x01127600, 0x3007cf41, 0x07333727, 0x8989fe17, 0x2b1ec417, 0x91c31b05, 0x27b682a3, 0xfbfd0100, 
    0x27ff1b05, 0x18203b84, 0x0d213b84, 0x84a48202, 0x8714203a, 0x0703353a, 0x33373727, 0x4f49cbf1, 0xde05c419, 0xa36c45c3, 0x4efc0100, 0xb220ef82, 
    0x1151ef84, 0x010e2c06, 0x01044901, 0x00010200, 0x82030057, 0x02032206, 0x080e8269, 0x5f010022, 0x01000100, 0x1300014f, 0x04080a11, 0x01170002, 
    0x16070517, 0x0006b12b, 0x07330344, 0x27262223, 0x2006da4d, 0x05064123, 0x16172b08, 0x17a7f516, 0x224430b6, 0x2f526228, 0x8b030b5d, 0x86ac1008, 
    0x1e2b735e, 0x869e0538, 0x2b18141f, 0x26103630, 0x19317462, 0xfb821a12, 0x0477fc2b, 0x06bdffa5, 0x012300e3, 0x09174a2a, 0x02003432, 0x02030003, 
    0x05070072, 0x06070506, 0x020b0c80, 0x82061e5c, 0x01093692, 0x05000705, 0x08060068, 0x00590608, 0x61080606, 0x0608010a, 0x072c5b08, 0x3b853520, 
    0xaf800021, 0x5029243c, 0x8f414058, 0x0a00263c, 0x0a060806, 0x27818a08, 0x05040000, 0x04005700, 0x04238683, 0x82006705, 0x2086861d, 0x21858400, 
    0x43894240, 0x09060925, 0x92800607, 0x00042343, 0x3c830905, 0x09000025, 0x82090007, 0x870a20cb, 0x334484cb, 0x40595959, 0x00000016, 0x22230023, 
    0x221f2021, 0x12112212, 0x0d200483, 0x21077545, 0x73423307, 0x05764505, 0x33076408, 0x16062307, 0x37361637, 0x07060633, 0x23372626, 0xfd132307, 
    0x206c2471, 0x785f719c, 0x2204940f, 0x0c39372a, 0x03951093, 0x352a3425, 0x97109507, 0x04747368, 0x5b9f236a, 0x62d9da06, 0x215d6d80, 0x5e2c442a, 
    0x0101422f, 0x75642832, 0x64800101, 0xff2802d8, 0x059afcff, 0x067cff02, 0x06070011, 0x827afbcf, 0xff00328e, 0x035c00ff, 0x04090269, 0x060701d1, 
    0x05d200ca, 0x05036d47, 0x6f470521, 0xe1260843, 0x2002de04, 0x774a3206, 0x02002d09, 0x02000100, 0x00006901, 0x59000303, 0x03274582, 0x03010461, 
    0x82510300, 0x000e350a, 0x2222210e, 0x2b190805, 0x440006b1, 0x33372313, 0x23363732, 0x163a0683, 0x0dee0607, 0x0b6a0d0e, 0x17356209, 0x0d78812d, 
    0x52de041c, 0x58883a40, 0x3782aa52, 0x67e75182, 0xcf82c220, 0xcf822f20, 0x634e0d20, 0x122b5407, 0x00010433, 0x01510003, 0x080a0b00, 0x00030506, 
    0x050d010d, 0x05224308, 0x20012908, 0x33213637, 0x07222307, 0x07333306, 0xf8feca01, 0x08011c1c, 0x6334172d, 0x0d6a0b09, 0xaade040d, 0x403a88aa, 
    0x00020052, 0x0321cf82, 0x24678275, 0x0012000e, 0x05094361, 0x58502426, 0x01051b40, 0x28123f41, 0x00030206, 0x401b5103, 0x278c8320, 0x00005901, 
    0x59000304, 0x042b2983, 0x67040203, 0x03000000, 0x83010661, 0x40592922, 0x12000010, 0x000f1011, 0x20056a41, 0x156a4107, 0x03232523, 0x0e6e4133, 
    0xa26d0124, 0x7341f643, 0x010e2208, 0x24a3823e, 0x03de04c2, 0x24a38296, 0x0011000d, 0x20a38c64, 0x09af6401, 0x21063f55, 0x564b0604, 0x84202006, 
    0x0059251a, 0x03000403, 0x0124a382, 0x01000400, 0x3f62a382, 0x40592809, 0x11000113, 0x410e0f10, 0x0720093e, 0x83143e41, 0x104241a5, 0xa3ae0123, 
    0x41a78242, 0xa6830547, 0x20064b41, 0x064b41ad, 0xa7896720, 0x41041c21, 0x0722124b, 0x8a820605, 0x1b510324, 0x4c412140, 0x03052307, 0x2a825900, 
    0x05010725, 0x41050203, 0x142a0d4d, 0x00000f0f, 0x120f120f, 0x51411011, 0x41082006, 0x37231551, 0x41033313, 0x72230e51, 0x41a2f64e, 0xfe220b50, 
    0x534100c2, 0x41c22006, 0x6a200653, 0x5341ab8c, 0x4cab8311, 0x212005ab, 0x22075441, 0x82030005, 0x820120ab, 0x010021ab, 0x5541ab82, 0x0e172a0b, 
    0x0e00010e, 0x10110e11, 0x0959410f, 0x59410820, 0x41ad8314, 0xa7201059, 0x5841af84, 0x82ae8308, 0x04ba2caf, 0x079d03de, 0x0015008b, 0x83560024, 
    0x404a08af, 0x0301054b, 0x03000100, 0x04006901, 0x00020a02, 0x69000408, 0x07000800, 0x69070806, 0x09090600, 0x06005906, 0x0b610906, 0x09060901, 
    0x01161651, 0x16241600, 0x1e1f2124, 0x13181a1c, 0x0c0e1012, 0x0507080a, 0x01150003, 0x9b870c15, 0x52462220, 0x05144a05, 0xa5611620, 0x44012006, 
    0x022d0d1d, 0x3d5440a2, 0x09292020, 0x5c8819a5, 0x97ac1840, 0x0d5b2209, 0x0b35440d, 0x318e062f, 0x77273430, 0x2f303080, 0xfe81782d, 0x0a434450, 
    0x89000221, 0x962320cb, 0x830720cb, 0x000728cb, 0x08070908, 0x82090069, 0x005921c6, 0xcb82d082, 0x06090624, 0xcb821751, 0x1e202129, 0x16191b1c, 
    0xab231723, 0x440320cb, 0xca960c16, 0x220c2c44, 0x8f0e0d6b, 0x059941ca, 0x0300002a, 0xf9046100, 0x09072604, 0x0f2c0982, 0x3d001b00, 0x446406b1, 
    0x01053240, 0x200b9978, 0x2f0e8267, 0x07610203, 0x02030604, 0x11510203, 0x17040510, 0x2d0aac67, 0x08081011, 0x06b12b18, 0x23014400, 0xad672103, 
    0x6721200b, 0x02330aad, 0x014ab2ae, 0x493dae0f, 0x3e640a0a, 0x0a0b4a3d, 0x8a3bfd65, 0xd205290c, 0xf0fd3701, 0x543c3c55, 0x0be81719, 0x01ffff2e, 
    0x05f9048f, 0x02090754, 0x00c70606, 0xe122af83, 0xaf82de04, 0x15004326, 0x2d002100, 0x261a7941, 0x06070109, 0x82590706, 0x06073c06, 0x0b080c61, 
    0x06070603, 0x17222351, 0x29000116, 0x232d2227, 0x161b1d2d, 0x41211721, 0x0d200d79, 0x181c4542, 0x8b0b4d40, 0x2b0327da, 0x203e5340, 0x4e422a1f, 
    0xa20c250a, 0x3e608b18, 0x6620eb82, 0x0a28eb82, 0x07fe660a, 0x0b09493e, 0x06210c86, 0x73b61852, 0x568c240c, 0x8b563c3c, 0x2ae78203, 0x045e0101, 
    0x066c02ec, 0x77030023, 0x0120087f, 0x220dca72, 0x41021011, 0x022d0a76, 0x0149b259, 0x01ec040e, 0x01010037, 0x203b8249, 0x263b84ac, 0x6406b126, 
    0x561b4044, 0x032513d0, 0x03110300, 0x06f04b08, 0x03211328, 0x01544901, 0x4183b10f, 0xffc9fe2f, 0x052001ff, 0x06020402, 0x06060011, 0x2c8f82cf, 
    0x048f0102, 0x068904f8, 0x000b001b, 0x07cd4617, 0x83010321, 0x82592092, 0x00012206, 0x342e8261, 0x00010003, 0x010c0d51, 0x0c111300, 0x07170d17, 
    0x010b0005, 0x0749750b, 0x420bb969, 0x16200c17, 0x84052641, 0x7d012105, 0x04220c8a, 0x1b1956f8, 0xc6830e28, 0xf0040626, 0x24066402, 0x67778782, 
    0x21748206, 0x41180100, 0x79850da0, 0x4e590320, 0x08b46709, 0x449b0132, 0x700b0a51, 0x0b524443, 0xf004700a, 0x5a40405a, 0x43820383, 0xf404b930, 
    0x2306e103, 0x28000800, 0x446406b1, 0x44181d40, 0x002308eb, 0x82005701, 0x025f28e9, 0x00010001, 0x5212214f, 0x213c09eb, 0x13330137, 0x01272107, 
    0x01fcfebd, 0xf0e55201, 0x71fafe01, 0x0107f404, 0x07d8fe28, 0x24066b48, 0x04f404ea, 0x20578412, 0x20578430, 0x0a177825, 0x57000125, 0x82020203, 
    0x05274bd5, 0x00000022, 0x2a0c2078, 0x21371701, 0x03230107, 0x18f00137, 0x2109a05e, 0x5e182306, 0x90820a83, 0xe804f528, 0x1f06b603, 0x3f530f00, 
    0x01032507, 0x85010201, 0x2209a867, 0x82010461, 0x01512d0c, 0x090b0c00, 0x00040507, 0x050f010f, 0x23091941, 0x06333726, 0x3f052545, 0x2802020e, 
    0x0f438e62, 0x48540baf, 0xb00b6e49, 0x04ab720f, 0x578d53e8, 0x40535340, 0x00538d57, 0xeb264482, 0x2803aa04, 0x6b82ad06, 0x2323cb68, 0x00011011, 
    0x21052744, 0x75830709, 0x6c0a0942, 0x16200677, 0x370e5577, 0x724cdf01, 0x5e0c0b36, 0x714c4c88, 0x5d0c0c37, 0x51323588, 0x313b0808, 0x092a0582, 
    0x46aa043a, 0x75474775, 0x05834545, 0x468a4638, 0x45443332, 0x00473132, 0xf2000100, 0x7202ec04, 0x0b002306, 0x05474600, 0x50102405, 0x82164058, 
    0x14cd7119, 0x47721520, 0xb5592314, 0xd9412221, 0x4a232009, 0x0637074a, 0xb1e80107, 0xa0170f63, 0x586fa019, 0xec043213, 0x4a991688, 0x8200356e, 
    0x01012c00, 0x038701b6, 0x00d8035a, 0x831e000a, 0x13402b77, 0x00020506, 0x00010149, 0x1f827600, 0x0a000a23, 0x07684102, 0x073de882, 0x37363627, 
    0x215a0337, 0x3a6a4b0c, 0x11463088, 0xc7d80321, 0x2e839346, 0x61993f50, 0x294fd3c8, 0xe9037dfe, 0xf3051300, 0x9f870800, 0x8a030421, 0x0008229f, 
    0x2f9f8708, 0x07020613, 0x37023e27, 0x82771713, 0x29372786, 0x87343482, 0x5069e6fe, 0x76946f41, 0x4b000100, 0xef015efe, 0x13002c00, 0x2b07b949, 
    0x4058500c, 0x02030020, 0x72030001, 0x2309a34b, 0x59000404, 0x042ac782, 0x04010562, 0x1b520400, 0xd56c2140, 0x08874a08, 0x5922238e, 0x31820d40, 
    0x12001326, 0x21241112, 0x08077c67, 0x33371336, 0x36373632, 0x37232326, 0x36070733, 0x06060716, 0x7f134b23, 0x05062d30, 0x495c3122, 0x5e140773, 
    0x7e0f0d5a, 0x775efe7e, 0x1c21211c, 0x05582cdd, 0x525d4f51, 0x002b4882, 0xfeafff01, 0x008d0151, 0x74120016, 0x1029073b, 0x01010001, 0x02070f4c, 
    0xcb451801, 0x0b0d2513, 0x12011200, 0x46072a44, 0x372505bc, 0x07060605, 0x08838306, 0x06061739, 0x118175a5, 0x0148600c, 0x09615719, 0x2a15480b, 
    0x76282612, 0x656f51fe, 0x162d7e46, 0x49355425, 0x159c0a0d, 0xffffff1e, 0x023dfece, 0x016cfff6, 0xfe6e0a07, 0x4c49f9e4, 0xf92105db, 0x07db4c49, 
    0xff59fb33, 0x0488ff72, 0x000300c1, 0x6406b11f, 0x02144044, 0x20988201, 0x20b48285, 0x24038276, 0x11030003, 0x06656c03, 0x2301032f, 0x76fc7801, 
    0x048903a5, 0x05b1fac1, 0x27d7844f, 0xc2fff0fa, 0x10065d00, 0x13203fa2, 0x5d2b3f82, 0x048e21fb, 0xf91006e0, 0x844e06b2, 0x74fc273f, 0x92ffb104, 
    0xeb774206, 0x02022912, 0x00007101, 0x57000202, 0x022c2982, 0x0002005f, 0x401b4f02, 0x02030417, 0x8a08de59, 0x0c0f7219, 0x0807e759, 0x03211335, 
    0x07213723, 0x024474fc, 0x26c143da, 0x0426a9fe, 0xfe9101b1, 0x00e1e16f, 0xfbffff00, 0xfe53fd92, 0x012fff73, 0xfa380607, 0x0044f9ab, 0x0200b109, 
    0x4144f9b8, 0xff39051b, 0xfe0cfdff, 0xff6eff04, 0x0a2700bd, 0xf93dfcce, 0x0a07018f, 0xf999fdce, 0x059b7d93, 0x828ff921, 0x01b12527, 0x93f9b801, 
    0x01283085, 0x07fe48fc, 0x99ff0ffe, 0x220e9b79, 0x7a020103, 0x3908450b, 0xe8250bfd, 0x41aa011d, 0xb2e007fe, 0x01006efe, 0x8e044efc, 0x3b0683ff, 
    0x4e001f00, 0x446406b1, 0x01134340, 0x03060304, 0x02010002, 0x0216174c, 0x04054a03, 0x00490002, 0x1e190104, 0x1c2d19f8, 0x1118191b, 0x090b0c0f, 
    0x011f0007, 0x08cc5b1f, 0x27262224, 0x216b2707, 0x7b272005, 0x5908068f, 0x07173717, 0x17373636, 0x6efe020e, 0x48132e1e, 0x201d476f, 0xaf083924, 
    0x4376510d, 0x071f432a, 0x376b4903, 0xab063921, 0x0476510b, 0x72080bed, 0x330b6f3d, 0x7b48092e, 0x03111b4b, 0x573e7102, 0x0c2c3002, 0x00497a48, 
    0x76fc0300, 0xaaff8504, 0x1900f807, 0x31002500, 0xbb844300, 0x08003828, 0x08000900, 0x755d6909, 0x05003b08, 0x06010103, 0x00690105, 0x06070706, 
    0x06060059, 0x07006107, 0x30510706, 0x0082242e, 0x22122325, 0x630a1023, 0x407c0784, 0x36162114, 0x0e5e4a18, 0x32334808, 0x06060716, 0xfe262223, 
    0x510bacfe, 0x4e414477, 0x39223747, 0x510dae07, 0x42294375, 0x263e1f1f, 0x44fe3b24, 0x4c4c660a, 0x6b090a50, 0x6d4e4b4b, 0x4d4a690c, 0x6a090b4d, 
    0x064e4a4c, 0x794a0bcf, 0x312b2b49, 0x82470b2e, 0x102508d5, 0x31011910, 0x533a6ffe, 0x513c3c51, 0x3c980250, 0x3e3a514f, 0x0000504f, 0x046bfc02, 
    0x06c0ffdb, 0x001700c4, 0x077b7033, 0x0b3fd592, 0x590b0708, 0x0006010a, 0x08060708, 0x0b0b0069, 0x01096107, 0x51070b07, 0x2a2c3032, 0x83242627, 
    0x20e383e0, 0x20e3860c, 0x24e39003, 0x36323316, 0x20158207, 0x08b15227, 0x8307ac41, 0xec2a0819, 0x754e09ac, 0x474f4243, 0x063a2236, 0x734e0bae, 
    0x51533743, 0x233a2334, 0x744e0aac, 0x1e443344, 0x2326381a, 0x0aac063a, 0xfc83734d, 0x273f1e32, 0xc4063b23, 0x3d653d09, 0x27282424, 0x3f663b08, 
    0x21080782, 0x663d09d4, 0x0f18013d, 0x2628150c, 0x3e663a08, 0x150d0d17, 0x01000029, 0xd8fd0bfb, 0x7affb1fe, 0xd94f0d00, 0x09b63505, 0x02050202, 
    0xb04b4c01, 0x40585011, 0x0101031e, 0x70010202, 0x0536f582, 0x00710005, 0x02050502, 0x02020057, 0x05006005, 0x1b500502, 0x0d481c40, 0x211f8305, 
    0x1e8f8600, 0x09405927, 0x11111211, 0x081e7e12, 0x23012708, 0x07333727, 0x17332721, 0x21372307, 0xb49e5dfc, 0x01ac9ef7, 0xb89d7fe7, 0xfeaf9efb, 
    0xd3d8fd17, 0xcf9090cf, 0x978392d3, 0xd9fdfd3f, 0xb1ffdafd, 0x1c000800, 0x446406b1, 0x07081140, 0x02030506, 0x004a0006, 0x10760000, 0x06cc4401, 
    0x23012f08, 0x25370713, 0xfd270717, 0xb62c870e, 0xc300011a, 0xd9fd851b, 0x918d0d01, 0x8a91c7c7, 0xa9fcffff, 0x0600e204, 0x0701d207, 0xf6fb070a, 
    0x37459902, 0x99022105, 0x2905ea43, 0x8afd0100, 0x90fe7104, 0xff82f505, 0x67842a20, 0x43511f20, 0x00002812, 0x14510003, 0x64101411, 0x270808bf, 
    0x36372606, 0x22073336, 0x16060706, 0x5d4ffe33, 0x900e0d68, 0x402a105b, 0x2b2d0707, 0x6c017204, 0x61725452, 0x39282c38, 0x0029ab82, 0x04acfc02, 
    0x068aff8b, 0x206382ee, 0x07ad6019, 0x5850132c, 0x01022040, 0x01040100, 0x5e827200, 0x1806a34e, 0x220d844d, 0x8621401b, 0x80042122, 0x59272397, 
    0x24240940, 0x41221222, 0x03200864, 0x4e067753, 0x384305a1, 0xd58b350b, 0x4e4c3607, 0x15d30751, 0xa5a3a4dd, 0x680ac3fd, 0x0b504a4b, 0x4b3f0582, 
    0x36c1054e, 0x84344f4d, 0xd1fea9a9, 0x3d50513d, 0x0050513b, 0x07fc0100, 0x08fef1fd, 0x7900c7ff, 0x2c0814e7, 0x96545bfc, 0x986d7d6d, 0x7d6e9756, 
    0x6af3fd6e, 0x836b817e, 0x837f6980, 0x00008368, 0xfefbffff, 0x56fed9fd, 0x0700c1ff, 0x1efc130a, 0x82008200, 0x82d72013, 0x842c2013, 0xfc142213, 
    0x24138613, 0xffd9fd18, 0x24138268, 0xfb140a27, 0x24138254, 0xfd120a07, 0x82078285, 0xa0002a7f, 0xe901aa04, 0x0f00ad06, 0x06db4a00, 0x241baf53, 
    0x110f000f, 0x08ba5d14, 0x47371321, 0x350805e2, 0x16163237, 0xa0020e07, 0x09513217, 0x17323a07, 0x0c36714d, 0x04885e0b, 0x32468aaa, 0x468a4532, 
    0x75464775, 0xffff0046, 0xd7040201, 0x0b066002, 0x6c0a0601, 0x2542e7fc, 0xe7ff2405, 0x822b35b0, 0x0afc2387, 0xa582e0fd, 0x0e00b52a, 0x06b12200, 
    0x17404464, 0x0b904918, 0x49000c22, 0x7621ae82, 0x08914215, 0x18273721, 0x08079251, 0x27071722, 0x8b1efc07, 0x14982f9f, 0x0fa72a68, 0x465c55af, 
    0x921dfe75, 0xb842622e, 0x2e6241bd, 0x949a3b8e, 0x032e3a82, 0x18fe5bfb, 0xafff9bfe, 0x23001700, 0x234f2f00, 0x01062407, 0x82120005, 0x4c023296, 
    0x07000101, 0x00040501, 0x01066905, 0x04020204, 0x23068259, 0x03610204, 0x4f181c83, 0x222007a8, 0x6f08a175, 0x062a0bde, 0x26222706, 0x23060627, 
    0x8f182606, 0x05220ba7, 0x01491606, 0x22570806, 0x0f68fb06, 0x52356299, 0x35602519, 0x0d0d6d62, 0x53346397, 0x3560241a, 0xdf016f63, 0x31333207, 
    0x32060749, 0xfe493331, 0x343108a1, 0x06064632, 0x4832332e, 0x7955e1fe, 0x26202026, 0x78525479, 0x20202401, 0x52770124, 0x2c3e4029, 0x2c413f2d, 
    0x2a404029, 0x8240402c, 0x01002cd6, 0x9e0422fd, 0x7e0606ff, 0x43000700, 0x0323085b, 0x82570102, 0x0203251c, 0x00670300, 0x2505717b, 0x114f0201, 
    0x5b431111, 0x33280809, 0x23033307, 0xccfd2337, 0xacfa5a9a, 0x06f95c9b, 0xc5fea57e, 0xffff00a3, 0x30fe69fd, 0x98ff4a03, 0x910a0701, 0xabf9e4ff, 
    0x2105a541, 0xcb43abf9, 0x04852808, 0x05660385, 0x4c1200ed, 0x0f2a20ab, 0x06090b0e, 0x01120005, 0x424b0512, 0x13410806, 0x27022e22, 0x33021e33, 
    0x37363632, 0x04060633, 0x9ef6b13b, 0x1ed5165b, 0xa5a6ca6f, 0xd4278ee1, 0xc3fecb3b, 0x6a408504, 0x5a223f7f, 0x215b4444, 0x006ca557, 0xd4fb0100, 
    0x9a002a05, 0x0300d205, 0x062f4e00, 0x01010222, 0x57201782, 0x45180682, 0xef830738, 0x2d0a7f49, 0x37210713, 0x55fb1b9a, 0xa8d2051b, 0xd78200a8, 
    0xfeb8fa27, 0xff7eff78, 0x24d78220, 0xf9e4fe92, 0x20d7864e, 0x29d7874e, 0xcb042ffc, 0xfb056f04, 0x216a1900, 0x820e2007, 0x01012f63, 0x4c020302, 
    0x4a00010d, 0x02030100, 0x65835901, 0x03000223, 0x09d87069, 0x32352323, 0x08b14433, 0xd6822720, 0x030c3223, 0x08068217, 0x06061744, 0x27240627, 
    0x22232426, 0x95c4fc06, 0x638ebe2d, 0x3c011701, 0x0a013701, 0x19765357, 0x87cb1f97, 0xca65fea6, 0x6bcdfeab, 0xcb047b49, 0x0178702e, 0x10171711, 
    0x38300101, 0x01757231, 0x0e101d01, 0xe3822f16, 0x0445fd29, 0x05260366, 0x4e1200ce, 0x551807d3, 0x232017b3, 0x2209dd41, 0x82022e23, 0x062c0876, 
    0x36362307, 0x1e323324, 0xd4260302, 0xa6cb701c, 0x298ce0a6, 0x01cb3cd5, 0xf2ace73f, 0x66045ea0, 0x43445a21, 0xa558225a, 0x80683d6b, 0x0132d982, 
    0xd7fd18fc, 0x7afff302, 0x59000800, 0x446406b1, 0xff8208b5, 0x2107a646, 0xa65b001c, 0x7ffa8205, 0x60260b5e, 0x01020100, 0x835b1b50, 0x4afe1807, 
    0x5b1c850d, 0x77720682, 0x012e0806, 0x37213723, 0x05332721, 0xf2e19c01, 0x05156bfa, 0x01e0c193, 0x94d7fd14, 0x00d1917e, 0x2d01ffff, 0x9e0ade04, 
    0x27003506, 0xd200bf05, 0x0783f104, 0x857e0321, 0x2a062907, 0x0701f104, 0xd608bf05, 0x24260f82, 0xb80100b1, 0x574af104, 0x20088506, 0x20118702, 
    0x2b088603, 0x1a010200, 0xbc031105, 0x03006407, 0x09ef4e18, 0x05020028, 0x02010301, 0x30786703, 0xef4e1811, 0x07013a16, 0x13373721, 0x7d030333, 
    0x20bdfd20, 0xe4f1a9e8, 0xbebecf05, 0xfe0c0189, 0x21b386f4, 0xb391f207, 0xb383ab83, 0x9a1b0021, 0x273f82ab, 0x37fe1300, 0x8effd706, 0xff23eb83, 
    0x834afeb8, 0x63022307, 0x3f834afe, 0x820f0521, 0x213f840f, 0xeb864afe, 0xc7180885, 0x00290873, 0x04a3fb03, 0x06030082, 0x06ff5300, 0x3f4f6320, 
    0x50133a05, 0x001b4058, 0x02030002, 0x02060459, 0x00010501, 0x69000103, 0x03020200, 0x58138261, 0x0221053d, 0x241d8205, 0x01000500, 0x20238405, 
    0x20228300, 0x28228967, 0x00124059, 0x14181a00, 0x08457912, 0x12480720, 0x23132507, 0x36360503, 0x2008234a, 0x080b8a25, 0x990cfe35, 0xe6fee8f7, 
    0x4e4a680a, 0x6a0a0a4e, 0x034c4d4a, 0x4b680a09, 0x0b0a4d4d, 0x4e4a4c68, 0xcbfe0006, 0x3df23501, 0x3b3c5351, 0x3e9d5150, 0x3a3c5350, 0x8200504f, 
    0xd1fb217b, 0x1220c782, 0x6520c788, 0x0120c78c, 0x0429a982, 0x06050001, 0x00030102, 0x20c78401, 0x2dc78362, 0x22401b52, 0x05010106, 0x03010503, 
    0xd0840080, 0x00202682, 0x0520ee82, 0xc99b248a, 0x52012121, 0x5518085a, 0x20080e70, 0x01fe00fd, 0xc9adfe46, 0x4d4c6909, 0x680b094d, 0xfd4d4f4b, 
    0x4e67092e, 0x0b084e4a, 0x4e4c4b6a, 0x31c88204, 0x3b44cbfe, 0x3b3b5452, 0x3c9c5350, 0x3c3d5051, 0xca82514f, 0xfc01002b, 0xfdd4fd58, 0x00b6ffbd, 
    0x07b34432, 0x1819322b, 0x00490103, 0x00010100, 0x2a228259, 0x01006101, 0x30510100, 0x4102222e, 0x4f410653, 0x030e2806, 0x17160607, 0x83071616, 
    0x07172708, 0x3e372626, 0x38663703, 0x08088205, 0x23263467, 0xfc070622, 0x31773059, 0x05074745, 0x012b3a30, 0x20121801, 0x30050644, 0x04022e3c, 
    0x7d742470, 0x3c310507, 0x1a01012d, 0x05411f12, 0x34443503, 0x220b1602, 0x197e2046, 0x1c2e3c1b, 0x080b101f, 0x07030707, 0x16152219, 0x1308090c, 
    0x430b610b, 0x0c1a172c, 0x07060608, 0x1f160503, 0x0f131a13, 0x15070c08, 0x08a18310, 0x04f9fc24, 0x06d8ff9f, 0x0005003c, 0x0002b306, 0x032b3201, 
    0x37270517, 0xfe466e17, 0x9c7df516, 0xfca13c06, 0xc682a098, 0x0464fc25, 0x187effcb, 0x240bd747, 0x40585011, 0x67471817, 0x03013442, 0x07211721, 
    0x01da3efd, 0xa5013c39, 0x01cb041d, 0x82a68f35, 0x0100239a, 0x7382cbfc, 0x7391c220, 0x094f0120, 0x0103210e, 0x21050a4f, 0x084f0016, 0x2018850e, 
    0xbb481859, 0x21373212, 0xfc272313, 0x44021ecb, 0x056af595, 0xcbfea858, 0x206f828d, 0x206f8275, 0x186f84ab, 0x180b1f45, 0x6b100c49, 0x132d10c2, 
    0x07210721, 0x02ff75fc, 0x75fe1e37, 0x22c18397, 0x82008da8, 0x8251204f, 0x06d4244f, 0x50090000, 0x082007e3, 0x12ab4f18, 0x13830420, 0x34670220, 
    0x21032212, 0x2da68417, 0x9aebfc07, 0x79440b01, 0xd2586301, 0x5d838f5d, 0xfe9d9d25, 0x829c9ccb, 0x24638286, 0x00cb0449, 0x2063b835, 0x32638313, 
    0x07272101, 0x01c049fc, 0x017a4462, 0xfefcfe0c, 0x8b9362d4, 0xfb012a65, 0x00cf047c, 0x00fa05ad, 0x0837610f, 0x01000326, 0x01045903, 0x2f057e78, 
    0x03030067, 0x01006201, 0x12520103, 0x10221222, 0x2307896c, 0x06062113, 0x0806f075, 0x36323326, 0xfd912137, 0x64ab3779, 0xd315a5a3, 0x4f4e3608, 
    0x2803084e, 0x43405205, 0x503485a6, 0x00003450, 0x52fb0100, 0x89206782, 0x362a6784, 0x446406b1, 0x03002b40, 0x67850001, 0x02000123, 0x22678301, 
    0x5d056100, 0x0d270688, 0x06080a0c, 0x54030405, 0x27230eb2, 0x49213721, 0x20080596, 0xfe060633, 0x249462f0, 0x031d7cfd, 0x4d360823, 0xd7094e4e, 
    0xcf04de16, 0x34a84043, 0x85354f50, 0x2b7383a6, 0x9804fffc, 0xee059703, 0x21000800, 0x16207384, 0x01215383, 0x091e5405, 0x3e0b7e53, 0x25070705, 
    0x25372705, 0x03cc02cb, 0xfd96fdcd, 0x0303ad4f, 0xf2ee051a, 0xd7d74e16, 0x82ef194e, 0xeffc29c3, 0xcdfe0504, 0x1200c905, 0x23077d57, 0x00010110, 
    0x1805d752, 0x5214a756, 0x01340dd8, 0x06071632, 0x36250706, 0x23363736, 0x27070622, 0xd7fd3636, 0x2105d952, 0xd952e7fe, 0xc905220a, 0x06d9526e, 
    0x0d493426, 0x1d159d0a, 0xfb29cb83, 0xfdd4fdf6, 0x008effe4, 0x08e74b07, 0x01020027, 0x01045700, 0x22078203, 0x83670203, 0x005f2124, 0x4f208e82, 
    0x108d4718, 0x07052508, 0x37230321, 0x1ffd1321, 0x8412014d, 0xeffe4ca5, 0xfea27284, 0x1601a4e8, 0xd2fb0100, 0xfcfe08fe, 0x1900c3ff, 0x20079b50, 
    0x2bd3820e, 0x0202020f, 0x02181901, 0x4c030403, 0x022a5382, 0x80020100, 0x03040200, 0x5c825902, 0x00030423, 0x0a874604, 0x24252223, 0x08164223, 
    0x0733052a, 0x32173636, 0x16161716, 0x0806bb53, 0x26222342, 0x07222326, 0xaba7fc27, 0x1a432e84, 0x1417301f, 0x3c1c172a, 0x73187e12, 0x575c3961, 
    0x6e645030, 0x101aed3d, 0x0c0d1501, 0x29292113, 0x26267e59, 0x01003339, 0x7504c1fc, 0xf50531ff, 0x9e002500, 0x28054746, 0x4058501c, 0x0201071f, 
    0x2a9f8204, 0x05690102, 0x03000208, 0x83590003, 0x5f002007, 0x1b23072e, 0x8224b04b, 0x00242626, 0x01020401, 0x212c8259, 0xb6820400, 0x40222b96, 
    0xd8820025, 0x69222882, 0x27820700, 0x95040721, 0x59593727, 0x00011740, 0x1a1b1f21, 0x12141819, 0x06070c0e, 0x25000405, 0x306a2501, 0x37322608, 
    0x37272636, 0x07056c32, 0x23064f63, 0x07331606, 0x08077a5b, 0x1616176b, 0x0d376ffe, 0x152e1904, 0x092d522d, 0x4d4f720f, 0x1d040847, 0x03271a14, 
    0x161f2508, 0x0d0e5850, 0x4649497a, 0x041d0608, 0x2e1f41ef, 0x562c7503, 0x5069563f, 0x1d1f3553, 0x7d1e231b, 0x60545766, 0x25374b51, 0x01000000, 
    0x7e04f5fc, 0x7a077cff, 0x42002300, 0x446406b1, 0x01203740, 0x01210203, 0x4c020300, 0x00021011, 0x129a4f49, 0x55430420, 0x1d1f2906, 0x07091719, 
    0x23012300, 0x2207d04b, 0x58262201, 0x07260606, 0x2707030e, 0xca82023e, 0xb04f2320, 0x32470805, 0x06061737, 0x6f43e1fd, 0x610d0e3a, 0x9e8d518f, 
    0x8a66131c, 0x47264598, 0x11127599, 0x5f3d3e4a, 0x33400d0b, 0x1b072b3e, 0x2e920549, 0x734c5467, 0x709aa740, 0x113c639b, 0x81451579, 0x445b686e, 
    0x1335483f, 0x8215115e, 0x08fd2bb3, 0x2dffbc03, 0x2800e006, 0xb383b900, 0x0c0db726, 0x05010301, 0x07f17118, 0x03002c3c, 0x03040604, 0x05060072, 
    0x7e050604, 0x01010500, 0x02007005, 0x02030400, 0xce826904, 0x595a0020, 0x82622005, 0x52002949, 0x1cb04b1b, 0x2d405850, 0x04233390, 0x987e0105, 
    0x62461834, 0x9b64880a, 0x59592a30, 0x25120a40, 0x112a1222, 0x08ec7a16, 0x1616072f, 0x27060607, 0x36371637, 0x26263727, 0x06744837, 0x108d4018, 
    0x082cfe31, 0x08092e1d, 0x360b5e6a, 0x1d4a0708, 0x18134c65, 0x33159a40, 0xa7047a0d, 0x2c24051a, 0x59014438, 0x06212701, 0x67981445, 0x0fa84018, 
    0x006b4e33, 0xfc020000, 0xffa504e5, 0x00c7071f, 0x001c0010, 0xa74018c5, 0x0103300a, 0x011b0105, 0x010f0504, 0x4c030402, 0x890e401b, 0x82032010, 
    0xa7401810, 0x01002d08, 0x00700001, 0x04050001, 0x076a0501, 0x82051f4f, 0x02042806, 0x02030661, 0x18020402, 0x8209a740, 0x9c852024, 0x28402228, 
    0x241f8200, 0x03010685, 0x20738204, 0xa8401802, 0x0402220c, 0x20558559, 0x2d538300, 0x14405959, 0x00001112, 0x1c111719, 0xbb821c12, 0x22261024, 
    0xad560811, 0x33520808, 0x32333603, 0x0e150716, 0x27260702, 0x36163707, 0x26363737, 0x07072223, 0x81e5fc16, 0x533e2f9f, 0x03054e6a, 0x5d4a7849, 
    0x388c142d, 0x06010542, 0x26463a19, 0xb2041220, 0xdffe1503, 0x0a7f9a3a, 0x01497f4f, 0x743b4701, 0x0a405801, 0xc13f5b42, 0x0082003f, 0xfbfc022c, 
    0x2fffa204, 0x1400e006, 0x8f541c00, 0x010b2a07, 0x010a0302, 0x4c020201, 0x052c4500, 0xc2826920, 0x01050431, 0x05006704, 0x59050000, 0x00050500, 
    0x82010661, 0x01512c0c, 0x16191b00, 0x090d0f15, 0x18040507, 0x26100b45, 0x27263421, 0x4b270706, 0x0724052a, 0x23370606, 0x08050f75, 0x7ae1fd51, 
    0x010b156c, 0x57373a64, 0x78223e3b, 0x117e8455, 0x0ea81303, 0x280401c9, 0x04392f2f, 0x437a94a2, 0x01013b32, 0x3f25573b, 0x7a13719c, 0x2b0be9a4, 
    0x00003b33, 0x0486fd01, 0x0741ffb2, 0x001500d8, 0x6406b146, 0x0f3b4044, 0x10040501, 0x82050301, 0x000133a9, 0x04008601, 0x04030500, 0x06076905, 
    0x00000302, 0x07835703, 0x5f000325, 0x6f000102, 0x15250589, 0x23241500, 0x7f008211, 0x23240b6c, 0x33372313, 0x08059c42, 0x2607172f, 0x07072223, 
    0x5613ecfe, 0x5a48a447, 0x10095a13, 0x29165d87, 0x1c101912, 0x06090d50, 0x48fe76e0, 0x3376b801, 0x03076560, 0x3346067b, 0x20938300, 0x2693824c, 
    0x00c7070f, 0x42df002d, 0x0c2c0569, 0x1c405850, 0x06050100, 0x011f232b, 0x22339082, 0x0004020a, 0x03070b19, 0x01180401, 0x4c050102, 0x8f1f401b, 
    0x070b281e, 0x19040302, 0x83030101, 0x4c062121, 0x2e068842, 0x00060021, 0x00060400, 0x01040069, 0x82590402, 0x010124db, 0x82010502, 0x02042b0e, 
    0x0402005f, 0x4b1b4f02, 0xfb7110b0, 0x02032405, 0x89720100, 0x8403202f, 0x0300242f, 0x8b030501, 0x2840292e, 0x02030100, 0x80020103, 0x592a2a9f, 
    0x130a4059, 0x13311519, 0xd1431319, 0x06172608, 0x27222306, 0x05ed4f07, 0x23222326, 0x22132307, 0x23069847, 0x37173233, 0x07cc5e18, 0x37175808, 
    0x36360333, 0x094cc3fe, 0x06063049, 0x041e100b, 0x2f4a094d, 0xa0290606, 0x12010131, 0x064d031f, 0x08083248, 0x0421120c, 0x3249084c, 0xa0290707, 
    0x061e1230, 0x472e19dd, 0x1f024801, 0x482e1715, 0x242c01ff, 0x492f1515, 0x21014901, 0x4a2d1816, 0xdefef701, 0x82002002, 0xfc023300, 0xffe80382, 
    0x00e00636, 0x001f0011, 0x6406b13c, 0x55824044, 0x01020127, 0x0101114c, 0x25218249, 0x03000203, 0x10820469, 0x59020122, 0x02230682, 0x82006101, 
    0x1351340c, 0x12181a12, 0x251f131f, 0x180b0526, 0x0006b12b, 0x44370144, 0x07200893, 0x1320d885, 0x0ca24618, 0x82fc3d08, 0x011434a2, 0x8281a713, 
    0x15011474, 0x242a80a8, 0x423eff9e, 0x250b010b, 0x09423e3d, 0x04250c01, 0x754ccb2e, 0xa2a07a0c, 0x9e7a0c78, 0x3a01c40a, 0x400c4157, 0x5a01015a, 
    0x56420c40, 0x02288982, 0xbf03affb, 0xe10617fe, 0x330b8744, 0x40585029, 0x04010e0e, 0x05011400, 0x01010904, 0x1b4c0305, 0x03201084, 0xfe411089, 
    0x01022f08, 0x03710201, 0x07000206, 0x00050401, 0x93186904, 0x62280939, 0x01050100, 0xb04b1b52, 0x20254f83, 0x02010200, 0x29279b86, 0x03002740, 
    0x03000400, 0x2a848004, 0x97010621, 0x18592051, 0x221f2c45, 0x41071616, 0x032c052d, 0x17331323, 0x26073636, 0x33160707, 0x30053841, 0x506a5dfd, 
    0x9a090109, 0x2f2d536a, 0x028b82a2, 0x2c451820, 0x1e062f0a, 0x9e01e106, 0x9a7f0a79, 0x03e3fe36, 0x45183c15, 0x012a0e2c, 0xb903edfc, 0xd80741ff, 
    0x48181f00, 0x17320771, 0x18020301, 0x03010209, 0x01000108, 0x02004c03, 0x62180300, 0x00290e24, 0x51000100, 0x24242724, 0x086b5104, 0x26229b84, 
    0x92843727, 0x43311321, 0x2f080cd6, 0x3cfe0733, 0x84100902, 0x14271560, 0x261c0f1a, 0x09650533, 0x145f870f, 0x11171426, 0x090d501d, 0xb2041c01, 
    0x07666033, 0x24067904, 0x34600224, 0x2206e643, 0x8200aa34, 0x73fc2968, 0x38ffe803, 0x1400da06, 0x07234518, 0x8d820f20, 0x4c010127, 0x49030114, 
    0x21a18302, 0xa6825700, 0x2b064371, 0x03010462, 0x32520301, 0x14221211, 0x20088b78, 0x48481837, 0x272e080c, 0x27222306, 0xa373fc07, 0xa0360f15, 
    0x44531238, 0x5aa14024, 0x68460288, 0x049e1012, 0x5936cd2e, 0xaffe5001, 0x81013262, 0x473dd8fd, 0x8384c202, 0xb204c024, 0x8382bcff, 0x037a0d20, 
    0x82092007, 0x00022467, 0x82054c01, 0x02002407, 0x84570002, 0x02002808, 0x0201035f, 0x824f0200, 0x000d2734, 0x1211130d, 0x21410612, 0x13132207, 
    0x23028233, 0x31032303, 0x34080382, 0x9b0c5bfd, 0x9d7d2a76, 0xa43283ea, 0xda063584, 0x5501abfe, 0x5b01a5fe, 0x5c01d8fd, 0x2802a4fe, 0xfc040000, 
    0xffa704fe, 0x00b60746, 0x0028001c, 0x013f0034, 0x05e54430, 0x58502d27, 0x000100b5, 0x0519790b, 0x07820520, 0x4b592708, 0x58500ab0, 0x03003740, 
    0x03070102, 0x0a0b0072, 0x000b0a00, 0x00010580, 0x086f000a, 0x01090601, 0x07060407, 0x4c180069, 0x0a310884, 0x0059010a, 0x610a0101, 0x0a010a00, 
    0xb04b1b51, 0x203e820c, 0x213e9136, 0x3da48400, 0x7c859182, 0x01030223, 0xa47d8a80, 0x3d40213e, 0x39867783, 0x0b0a052d, 0x05008005, 0x00050a00, 
    0xa300007e, 0x5959333f, 0x3d124059, 0x3335373b, 0x24242431, 0x22112216, 0x9a5b2224, 0x7f012007, 0x062516fd, 0x26231706, 0x051c4713, 0x27060624, 
    0x53522606, 0x200b8208, 0x47411813, 0xfe450809, 0x36521c49, 0x0c0c5552, 0x06468391, 0x094c4f0c, 0x6c970c9e, 0x25107563, 0xa0080208, 0x3a054106, 
    0x062a282a, 0x28273907, 0x06f1fe2c, 0x262b253c, 0x29370606, 0x45f22c27, 0x03053a35, 0x3c251e20, 0x1be9040e, 0xb1421827, 0x6425080c, 0x4128e163, 
    0x9c021720, 0x242d2f22, 0x01012d24, 0x2c24252d, 0x2e232130, 0xfe2e0101, 0x181e3465, 0x1e01011e, 0x08fa8213, 0xfc040032, 0xffa204f3, 0x00b60746, 
    0x001b000d, 0x00330027, 0x6406b14b, 0x06404044, 0x01070401, 0x05040105, 0x00010069, 0x03010203, 0x02010969, 0x59020000, 0x02340682, 0x01086100, 
    0x51000200, 0x00010e0f, 0x2a2c3032, 0x1e202426, 0x0b214c18, 0x4d180a20, 0x42181231, 0x19410f49, 0xfd350817, 0x147580e8, 0x82a81401, 0x01137380, 
    0x3d6ba815, 0x0b010b40, 0x423e3d24, 0x270c010a, 0x283c06ca, 0x07062c26, 0x2c2a2738, 0x3907f2fe, 0x06292927, 0x292a3607, 0x524c1829, 0x44022318, 
    0x03412c24, 0x252e3305, 0x232e2d22, 0x01012e23, 0x03000030, 0xa80400fd, 0xf78244ff, 0x1c001025, 0x7e002800, 0x4c180657, 0x222b186b, 0x08050107, 
    0x05010601, 0x18036906, 0x2018754c, 0x18248923, 0x2a197f4c, 0x24240c40, 0x12112324, 0x18211322, 0x18084542, 0x200f844c, 0x16354203, 0x5afe2d08, 
    0x57556846, 0x389f3714, 0x24465110, 0x865ca33f, 0x273807e7, 0x05062b29, 0x2b272b38, 0x3a071a01, 0x06272b27, 0x282b3506, 0x48f0042a, 0x0bb54c18, 
    0xb4023008, 0x242c2e22, 0x01012f23, 0x2e22252d, 0x2e24212f, 0x002e0101, 0xfcffff00, 0xfea50482, 0x0147068c, 0xfc210a07, 0x000b042e, 0x0100b109, 
    0x580b04b8, 0x38280847, 0x190243fe, 0x1300abff, 0x201eaf57, 0x0daf5733, 0x06260724, 0xb1570706, 0x042a0807, 0xd4190216, 0xa4cc701b, 0x2b8ddca4, 
    0x3dd50203, 0xe83d01cc, 0x971a01e4, 0x5a2243fe, 0x42010143, 0x01032158, 0x6a6aa658, 0x008200a5, 0x56fb022c, 0xa8fef2fd, 0x1700c0ff, 0xb34a2e00, 
    0x01033f07, 0x00050001, 0x00690501, 0x00010402, 0x69000207, 0x060b0800, 0x01095908, 0x060b0007, 0x0e820b07, 0x6106082f, 0x0806010a, 0x2b2d5106, 
    0x24252729, 0x0f435f22, 0x205f0120, 0x33162405, 0x5f373632, 0x0320094e, 0x0621158b, 0x059e4f06, 0x29fc0627, 0x734b09ab, 0x05345f44, 0xad063908, 
    0x43754e09, 0x35484f41, 0xab2e3924, 0x43734c09, 0x34525337, 0xae053b22, 0x42659b0e, 0x2336484f, 0x09ddfe39, 0x223b6137, 0x0b252622, 0x22395f39, 
    0xf1fe2722, 0x3b603608, 0x243a0882, 0x227c540a, 0x00002823, 0x8bfcffff, 0xe9ff9d04, 0x07018d07, 0xaafb060a, 0x6b415402, 0x54022105, 0x08066b41, 
    0x57fa0235, 0x2400d7fd, 0x0800bcff, 0x2e001100, 0x446406b1, 0x050d2340, 0x02040203, 0x044c0100, 0x014a0001, 0x00020001, 0x02010385, 0x09097602, 
    0x11091109, 0x48041a14, 0x450808ed, 0x05372525, 0x17073107, 0x17133303, 0x01331337, 0x011957fa, 0x1975fea9, 0x0f058702, 0x72c5d2da, 0xc4cf2612, 
    0xd7fd98fe, 0x965c5c97, 0xa85f1bb5, 0xf6fec801, 0x0a014040, 0x000038fe, 0xc8fc0100, 0xf8ffd504, 0x7982d607, 0x27402a32, 0x0d0e0f10, 0x070a0b0c, 
    0x03040506, 0x010e0102, 0x23827f82, 0x02850026, 0x76010101, 0x112b2e82, 0x03181100, 0x012b1706, 0x5c270737, 0x38080dba, 0xeb37c0fd, 0x7ccff244, 
    0x35c01dbd, 0xcdef45e7, 0x041cbe7c, 0xa286f4d5, 0x86a36f70, 0xa586f3f5, 0x84a46d6e, 0xffff00f4, 0x85065801, 0xd808fa03, 0x980a0701, 0x74013e00, 
    0x2bdd1800, 0x201f860c, 0x211f83bb, 0x1f94020b, 0x2b05972b, 0xe905fa03, 0xce060600, 0x2c4f8378, 0x03f40432, 0x00230606, 0x00cb0607, 0x83a28295, 
    0x046a2413, 0x82d702ec, 0x06062313, 0xbf8322cc, 0x00002526, 0x8c030303, 0x30b74018, 0x21072524, 0x39822113, 0x49fd2730, 0x6f2b0197, 0x8c03efef, 
    0x010063fd, 0x4f822c00, 0x4f823020, 0x4b710720, 0x03022208, 0x925b1802, 0x10865217, 0x21070123, 0x34578403, 0x88fe2830, 0x97d4fe38, 0x02372c01, 
    0xb1feef3e, 0xb2fe8c03, 0x28bf8200, 0xb4fe2a00, 0xe3fffe01, 0x23d38201, 0xc0f98dff, 0x21052f42, 0x9b72c0f9, 0x03d52608, 0x0434022e, 0x0a8f6b3a, 
    0x63180020, 0x9e8208dc, 0x0d0f6318, 0xd523032f, 0x17d25f01, 0xf4fe3a04, 0x00020000, 0x85048220, 0x0007283b, 0x6406b132, 0x82274044, 0x00032415, 
    0x6b670302, 0x04210a99, 0x05415301, 0x05060723, 0x22668204, 0x57051103, 0x332c06dc, 0x03133313, 0x20230321, 0xaa7517d3, 0x01235783, 0x85f3fe0d, 
    0x01012b5b, 0x02e0031f, 0x00180624, 0xeb6b000d, 0x000d241a, 0x8603150c, 0x2e01254d, 0x33373702, 0x08052758, 0x5d011729, 0x06141f0b, 0x1009fb04, 
    0x0101060c, 0x2fe00301, 0x515ebd9d, 0x48fc8652, 0x00060e08, 0x00010000, 0x02eb03ce, 0x68390674, 0x4a200de3, 0x0812e368, 0x3e371320, 0x06173702, 
    0xce070706, 0x6b4c0c21, 0x48308939, 0xeb032111, 0x819447c4, 0x9440502e, 0x4e82c565, 0x0101002b, 0x038d0238, 0x001007f1, 0x079b4a18, 0x04010528, 
    0x04030203, 0x1f828002, 0xf8820320, 0x02006930, 0x59020101, 0x01020200, 0x0201005f, 0x17824f01, 0x18001826, 0x22172125, 0x4f087949, 0x07240806, 
    0x33132307, 0x0805314b, 0x06260733, 0x17380107, 0x93b192cc, 0x97181d1d, 0x40e52579, 0x0e57594d, 0x521a0f20, 0x050b3d41, 0xd19885f3, 0xbd8eb8b5, 
    0x7d01d921, 0x60b9536d, 0x41010179, 0x20df8228, 0x208f82f1, 0x358f82fb, 0xb1630019, 0xb5446406, 0x0203010f, 0xb04b4c01, 0x40585019, 0x8083001f, 
    0x00720023, 0x21288204, 0x99820104, 0x84030321, 0x5f032299, 0x23b38200, 0x20401b4f, 0xbc822185, 0x59242296, 0x251128b7, 0x2309ba56, 0x26362301, 
    0x5208a883, 0x33160607, 0x37230333, 0x37372626, 0x3233023e, 0xd5e60316, 0x543b2c04, 0x0e1f0e44, 0x404a5837, 0x566e25e4, 0x66121e18, 0x9c9180af, 
    0x3d2cf305, 0x5f7a0101, 0xfe6d53b9, 0xbd21d983, 0xb06fb88e, 0xff009967, 0xfe7b01ff, 0xffe802ac, 0x060701e3, 0x423300cc, 0xcf2612b3, 0xd5017504, 
    0xfb5e2a06, 0x0301382a, 0xd5011323, 0x0648bd49, 0x014bfe2a, 0x00ffffb5, 0x0275fe03, 0x8233ff66, 0xfece2463, 0x434af9e4, 0x4a200617, 0x26081743, 
    0x015504bc, 0x63e405ba, 0x373d3a9f, 0x69537801, 0x548d0f0e, 0x07372313, 0x04232806, 0x586b0156, 0x2e78715b, 0x012e2125, 0x62e78200, 0x062e0867, 
    0x00008b0a, 0xb9ff0100, 0xbf00e8fd, 0xd7aa91ff, 0xd7821720, 0xbe48bf28, 0x57fe6f47, 0x4382a901, 0xfb022a08, 0xffb2048b, 0x00da0678, 0x0022001f, 
    0x6406b174, 0x0106b544, 0x4c010104, 0x500db04b, 0x09244058, 0x03030507, 0x71030404, 0x39828202, 0x0a00010a, 0x04010067, 0x00570104, 0x62040101, 
    0x04020608, 0x1b520401, 0x26852340, 0x9a860321, 0x40593025, 0x1f212210, 0x2113131e, 0x11151312, 0x770b1011, 0x332f0787, 0x21272107, 0x07161607, 
    0x36372307, 0x82232326, 0x22232206, 0x200d8406, 0x080c8237, 0x23370128, 0x279fe5fb, 0x026f4701, 0x5c59bd43, 0x0d9e0d11, 0x07342509, 0x0320a020, 
    0x0d0b3c2e, 0x19090e9e, 0x029f208d, 0xc58251a4, 0xf1efef35, 0x5c6e6409, 0xc42e3a5c, 0x5c3f29c4, 0xc42c3c5c, 0x83793d01, 0x5f003ce7, 0x56035403, 
    0x0700d205, 0x33000e00, 0x010c3040, 0x4c010004, 0x00040000, 0x69030585, 0x043205e0, 0x57040202, 0x02040400, 0x04020060, 0x00005002, 0x2d820809, 
    0x11074108, 0x06061111, 0x01132b19, 0x27231333, 0x33370723, 0x06272626, 0x61015f06, 0x1dd897ff, 0x8b8341ea, 0x17040e0e, 0x02540335, 0x7782fd7e, 
    0x803cef77, 0x00814142, 0xffc2ff01, 0x066905c1, 0x00030010, 0x2d06f75b, 0x17012717, 0x25058345, 0x05653f82, 0x938266ea, 0x3d000128, 0x2103ac02, 
    0x23822603, 0x1b401e22, 0x200a0145, 0x06014502, 0x03321882, 0x17060311, 0x2137132b, 0x02143d07, 0xac0214d0, 0x3a827a7a, 0x00010029, 0x03980297, 
    0xa5090379, 0x1397283b, 0x0212cf02, 0x85717198, 0x0168263b, 0x04960182, 0x223b8251, 0x47144017, 0x03210c64, 0x2c708600, 0x68033313, 0x0177b777, 
    0xfdcf0282, 0x34228231, 0xc0fed6ff, 0xee00f701, 0x1f000500, 0x01031c40, 0x86020002, 0x20a68200, 0x2251825f, 0x824e0021, 0xaf9e1805, 0x13032d08, 
    0x01213723, 0x2852992a, 0xf5feb201, 0x40233682, 0x82d2fdee, 0xff012220, 0x200c82e0, 0x2043a48e, 0x27438313, 0x56350103, 0x6a870127, 0x00234289, 
    0x82f2ff01, 0x005e220d, 0x2bf79e40, 0x032b1707, 0x0e032113, 0x4430013c, 0x80223082, 0xc38380fe, 0x50fe902e, 0xd4000f02, 0x2e001000, 0x01022b40, 
    0x4c2abf82, 0x02030300, 0x0202005f, 0x0d824d21, 0x0461003c, 0x29000001, 0x00014e00, 0x0a0b0c0d, 0x10000507, 0x07051001, 0x22132b16, 0x4d593727, 
    0x82372005, 0x072108db, 0x4e210606, 0x3b163443, 0x0c503f16, 0x0123690a, 0xe4272e85, 0xdd0e50fe, 0x4e480504, 0xc7f2d438, 0x20a782cb, 0x307682ae, 
    0x00a90079, 0x40190005, 0x02000016, 0x01008600, 0x366a8501, 0x11114e02, 0x19070310, 0x1321132b, 0xd2230721, 0x0144dcfe, 0x82561c87, 0xa9e92230, 
    0x2ea78200, 0x9d01e500, 0xc0020104, 0x30001500, 0x630c2d40, 0x0b200843, 0x281a4363, 0x23222522, 0x2b1a0704, 0x051a5501, 0x080df959, 0x34010626, 
    0x438c574f, 0x1d445536, 0x5037562d, 0x374c8c53, 0x281e4151, 0x459d015c, 0x23245c5d, 0x633d412b, 0x3524245b, 0xff277b83, 0x04d2fffd, 0x428c04eb, 
    0x57290db7, 0x5a94045a, 0x5e045c2e, 0x329f845c, 0x04000024, 0x005e04c5, 0x40210007, 0x0001021e, 0x824d2200, 0x600328dc, 0x03030104, 0x484e0321, 
    0xe3820975, 0x48133321, 0x22080571, 0x2c01b924, 0x92900192, 0x04b92c01, 0x0390fc5e, 0x00a2fb70, 0xffffff00, 0x020000a5, 0x025e0492, 0x82930226, 
    0x0b0731fa, 0xff0fff3b, 0xb1090072, 0xffb80101, 0x2b35b072, 0x00271482, 0x023202aa, 0x8259050c, 0x191f2093, 0x081ef3a7, 0x23030124, 0x860c0213, 
    0x590586dc, 0x2703d9fc, 0x2b000100, 0x6f025401, 0x0e00b705, 0x21402400, 0x02010107, 0x71824c01, 0x47850021, 0x6121095d, 0x2d148200, 0x10232451, 
    0x2b190603, 0x06033301, 0xee412306, 0x95013b08, 0xb01987da, 0x1c333988, 0x30122110, 0xb7050b48, 0x9e95d0fc, 0x0402b30b, 0xe682403b, 0x03002508, 
    0xde048a01, 0x64078504, 0x17000b00, 0x80001b00, 0x5020b04b, 0x00184058, 0x05010804, 0x67050401, 0x03060207, 0x6126c282, 0x01010103, 0x8418005e, 
    0x1f95076b, 0x1f825c20, 0x881e4021, 0x0103213a, 0x840a5674, 0x00013247, 0x40595951, 0x0d18181b, 0x1800010c, 0x1a1b181b, 0x0b627419, 0x160b0923, 
    0x175e742b, 0x33131329, 0x3ecd0303, 0x190b0949, 0x2f09984f, 0x650b0a4a, 0x0b4a3e3e, 0xa9876709, 0xde04e4f1, 0x250f7f75, 0x0c017a01, 0xd36ff4fe, 
    0xffff2d1f, 0xedff3200, 0x6c047406, 0xfb012600, 0x2208eb82, 0x04280a07, 0x00aaff29, 0x0102b109, 0xb0aaffb8, 0x00002b35, 0x04bb0002, 0x071e03d6, 
    0x0003001e, 0x414f000f, 0x15210525, 0x32e18304, 0x67000103, 0x02020105, 0x03006103, 0x4e025e03, 0x881a401b, 0x03002117, 0x59201782, 0x02211782, 
    0x23228261, 0x59510203, 0x14eb9a19, 0x21070123, 0x0b6f7737, 0x201e032e, 0x9a20bdfd, 0x0b0a5243, 0x51444470, 0x07250582, 0xfd9f9f1e, 0x08e674b8, 
    0x2006b741, 0x228f8695, 0x857f001b, 0x06182191, 0x08229187, 0x7b830704, 0x94857682, 0x9505d45c, 0x835c201f, 0x881e20b4, 0x0105213a, 0x0682b584, 
    0x61020322, 0xb8834784, 0x1a405922, 0x1adf5f18, 0xba41c183, 0x95042117, 0x0121cd83, 0x17bc417b, 0xc020db84, 0x200fbc41, 0xaa9b4200, 0x13330322, 
    0x23199b42, 0x4ff18a84, 0x39179b42, 0x24000100, 0x20048eff, 0x17009803, 0x2e403100, 0x00010200, 0x80000201, 0x06820300, 0x69010325, 0x73040000, 
    0x6136068b, 0x00040105, 0x00005104, 0x16001700, 0x21241222, 0x2b1a0706, 0x5e6a1305, 0x23072408, 0x5e330036, 0x3808053f, 0x05012304, 0xa4796b2c, 
    0x787a1412, 0x9714a47a, 0xdd150129, 0x1a69e098, 0xe7feba19, 0x0f0172aa, 0x84727081, 0x01f77689, 0x99eb851c, 0x0081e799, 0x050b0103, 0x07050411, 
    0x31758260, 0x001b000f, 0x05324035, 0x04080301, 0x01020307, 0x83820203, 0x5f010029, 0x01010106, 0x424e0056, 0x37221e01, 0x46652622, 0x0c587908, 
    0xfd207e25, 0x795720bd, 0x20780a47, 0xcf05240c, 0x786ebebe, 0x022e1123, 0xe9041b01, 0x6407fe03, 0x19001500, 0xe1426500, 0x001e3605, 0x07010906, 
    0x67070603, 0x08020400, 0x00040002, 0x01010065, 0x05e74203, 0x1b4e0123, 0x2c209b40, 0x594e015c, 0x16161b40, 0x19160001, 0x86f01816, 0x440a2010, 
    0x2629057e, 0x07062223, 0x33363623, 0x05314732, 0x0606332b, 0x03331301, 0x53400303, 0x126b7c3e, 0xf1a8fb26, 0x33e904e3, 0x0bfde818, 0x0c016f24, 
    0xbf42f4fe, 0x82c12007, 0x00082dbf, 0x00200014, 0x0101b58a, 0x4c010001, 0x192dc885, 0x00020207, 0x00040100, 0x05096701, 0x275e8208, 0x01066104, 
    0x035e0404, 0x96076345, 0x825c2020, 0x1f402120, 0x34823c89, 0x6c030321, 0x032105aa, 0x23498462, 0x59520304, 0x1530e683, 0x0000090a, 0x20151a1c, 
    0x0e102016, 0x140a1409, 0x27059578, 0x2b180b0a, 0x33371701, 0x41059178, 0x022b16b1, 0xe29867e0, 0xc8d8fe02, 0x450102d1, 0x072b1875, 0x07989864, 
    0x0501fbfe, 0x437afd07, 0xff2d11be, 0x06c801ff, 0x08ff0452, 0x0a0701d8, 0x078f50ed, 0x01b80329, 0x2b35b074, 0x86000000, 0x08d3221f, 0x201f8292, 
    0x201f98e8, 0x203f84c3, 0x451f93e4, 0x02230793, 0x88e70a06, 0x202f854f, 0x422f93e9, 0x2f82074f, 0x8082ec20, 0x5d000230, 0x9b020000, 0x0300ee05, 
    0x2c000f00, 0xc5452940, 0x4d5c2108, 0x012c1e82, 0x0101045f, 0x4e015701, 0x00000405, 0x0ace6418, 0x170b0627, 0x2113332b, 0x0bb04503, 0x01c05d3e, 
    0x4e219417, 0x730c0d54, 0x0c534f4e, 0x0304730d, 0x9c04fdfb, 0x5d4c4b5e, 0x5e4b4c5d, 0x01296682, 0x0309061f, 0x00f20763, 0x06e9430b, 0x21560120, 
    0x82738205, 0x8259201d, 0x00022206, 0x05e17961, 0x4513797b, 0x27200b5b, 0x0805716f, 0x07062230, 0x29021606, 0x0f138a80, 0x8a7f75a4, 0x6ea51012, 
    0x09094d33, 0x4c343537, 0x06370809, 0x606e9a09, 0x616d9a81, 0x313e8481, 0x323f4132, 0xd3824031, 0x0001003a, 0x0500002a, 0x00d205e2, 0x401b0007, 
    0x01010318, 0x004d2001, 0x60000202, 0x2905074b, 0x10111111, 0x2b1a0704, 0xf6482121, 0x04220805, 0xf73ffbeb, 0x02ce2f01, 0x2f01ce63, 0x28fbd205, 
    0x0200d804, 0xcd04f100, 0x6407b203, 0x1b000f00, 0xa358c300, 0x00282b05, 0x05010504, 0x01037204, 0xcc820201, 0x06007e28, 0x06040500, 0xbf7a6905, 
    0x0107210a, 0x51210c82, 0x06f1721b, 0x27892f86, 0x65271e84, 0x01010103, 0x824e0156, 0x50152425, 0x851f4058, 0x80012125, 0x40212697, 0xa0218729, 
    0x59592d78, 0x01154059, 0x15161800, 0x0c101113, 0x2008437b, 0x06f54308, 0x3f7b3720, 0x23132109, 0x2109357a, 0x4b7b2402, 0x3235080e, 0x160f579a, 
    0x618c168d, 0x042c0f4d, 0x578c53cd, 0x3f53533f, 0x01528d57, 0x85157a83, 0x00306041, 0x5b010300, 0x3004df04, 0x0b006207, 0x1b001700, 0xb04b5f00, 
    0x1853492d, 0x33493620, 0x1a324923, 0x32490820, 0x3d79261e, 0x650a0a49, 0x2105843e, 0x06842afe, 0x493e3d2f, 0x8365090b, 0x049bea4c, 0x3c3c55df, 
    0x35038b55, 0x14016f01, 0xff00ecfe, 0x04c200ff, 0x062f02de, 0x0a060232, 0x0f83005e, 0xde04e124, 0x0f847503, 0x0f845f20, 0x03211f82, 0x200f8496, 
    0x201f8860, 0x200f84ad, 0x201f8861, 0x200f84c2, 0x200f8462, 0x223f82ba, 0x828b079d, 0x8e63204f, 0x8364200f, 0x64012d0f, 0x7202e204, 0x06011906, 
    0xf606680a, 0x25059d50, 0x35b0f6ff, 0x077f002b, 0x1b674e0c, 0x2b170824, 0xff7e1301, 0x06fb6d0d, 0x64077d2a, 0x07000300, 0x27402a00, 0x4308f76d, 
    0x562208e1, 0xf16d4e00, 0x07012712, 0x03373721, 0xed6d1333, 0x8bf32305, 0xed6d4ff1, 0x273a8309, 0xf4044d01, 0x2306bb02, 0x201ec74d, 0x32938206, 
    0x01132103, 0x16019ce9, 0x01f40458, 0x00d1fe2f, 0x821b0101, 0xa4ee203b, 0x2113213b, 0xbd242d82, 0xfffe1601, 0x7b833c86, 0xfe9bff37, 0x008e0151, 
    0x00120010, 0x0f0a404a, 0x10010201, 0x02020001, 0x056c5c4c, 0x01001226, 0x70010202, 0x002b1082, 0x00010362, 0x4e006100, 0x8211401b, 0x85012114, 
    0x5930138b, 0x00010d40, 0x06070b0d, 0x12011200, 0x2b160b04, 0x0812337b, 0x8e749d35, 0x465d0b11, 0x5f583401, 0x17490d09, 0x29271129, 0x7251fe7f, 
    0x2d784266, 0x34532610, 0x9c090e4a, 0x01001e15, 0x51fe50ff, 0x85039403, 0x2b001c00, 0x82192840, 0x841a208f, 0x2073888f, 0x29878661, 0x15170001, 
    0x1c000b0c, 0x70871c01, 0x37063e27, 0x0e020633, 0x08a67b04, 0x81754638, 0xad730e12, 0x70a9c7c7, 0x5e0b530a, 0x8aa2a48d, 0x480b0859, 0xaf7b2916, 
    0x51673206, 0x7e625e72, 0xc5b1fcb0, 0x84c5e4fe, 0x2d424258, 0x20858549, 0x20878200, 0x338782ad, 0x000b0261, 0x4025001a, 0x00011822, 0x174c0101, 
    0x4a01020b, 0x00220882, 0x0b410261, 0x00012805, 0x1a001315, 0x86031a01, 0x053e25f2, 0x050e1737, 0x2d087f88, 0x128274a3, 0xc6b37b0e, 0x541383b6, 
    0x98916e17, 0x0c085987, 0x12281748, 0xfe762827, 0x54666e51, 0x6a535471, 0x830a759b, 0x3f5076b3, 0x7b8a3044, 0x56feb024, 0x93418d01, 0x74a52a62, 
    0x600c1181, 0x52190147, 0x30998265, 0x27122916, 0x56fe7629, 0x7447646f, 0x5122102c, 0x05c77c36, 0xff01003b, 0x0151fe9f, 0x002c01e9, 0x40250015, 
    0x00011322, 0x124c0101, 0x4a010207, 0x200a8200, 0x080b4185, 0x000e1025, 0x41150115, 0x3627070b, 0x0e013736, 0x4f060703, 0x4108077d, 0x11807594, 
    0x01445b0c, 0x6163238e, 0x1a020343, 0x14271724, 0xfe762826, 0x46656f51, 0x04014479, 0x646a8054, 0x0d282138, 0x1e159c0a, 0xfe010000, 0x0251fe96, 
    0x002a0215, 0x402b001a, 0x02011728, 0x07421801, 0x13153317, 0x1a000a0b, 0x0b041a01, 0x22032b16, 0x053e3726, 0x85413337, 0x7674370a, 0x690e1180, 
    0x739da998, 0x67179115, 0x527b8b84, 0x15480b08, 0xeb831329, 0x64705130, 0x58556c4f, 0x8d7eaa75, 0x41557ec0, 0xf2863245, 0xbe28f382, 0x730156fe, 
    0x0e000000, 0x0c20f383, 0x0b21f384, 0x10ff4105, 0x00070923, 0x41e6820e, 0x262205ff, 0xfb412537, 0x659b3708, 0x010b1761, 0x68394443, 0x2613291a, 
    0x56fe7328, 0xa0427a4e, 0xdf8c7082, 0xb9010222, 0x962cdfc7, 0x116e98a6, 0x80611391, 0x09517988, 0x512ddf8b, 0x5a464c69, 0x9c776787, 0x42384364, 
    0x2fdf8633, 0xb5faffff, 0xfafdf404, 0x27002306, 0x89fbcb06, 0x0724e782, 0x18facb06, 0x00280782, 0x1affffff, 0xee00f404, 0x2105cb59, 0x13857dfe, 
    0xfe1afc28, 0xffeefda3, 0x278201d2, 0xf97dfb23, 0x055545af, 0xb0aff924, 0x20832b35, 0xfb012908, 0xfe96fe5e, 0x0090ffa6, 0xb554001d, 0x01050118, 
    0xb04b4c01, 0x40585018, 0x0202041b, 0x00010100, 0x01010370, 0x59010505, 0x01230682, 0x82066205, 0x52052421, 0x841a401b, 0x8500211d, 0x592e1c92, 
    0x23240a40, 0x22122412, 0x1d060710, 0x5247052b, 0x42142007, 0x33230652, 0x7723020e, 0x40080527, 0x70fb2622, 0x333b096f, 0x720a4b38, 0x36350701, 
    0x740a4d35, 0x4376520c, 0x26195238, 0x6a643763, 0x3c3c3370, 0x31020233, 0x46333c3a, 0x262c4371, 0x00902c26, 0x04eb0001, 0x06ba03f4, 0x000f0033, 
    0x05eb4468, 0x83821820, 0x86010225, 0x82000104, 0x825920b0, 0x02002706, 0x00020061, 0x3f485102, 0x85122006, 0x201d831f, 0x221d8361, 0x484e025e, 
    0x349405f5, 0x40595924, 0x4318010f, 0x01210e5e, 0xa6571832, 0x23330809, 0x8002023e, 0x0f449165, 0x49590bb0, 0xaf0b7748, 0x06ad740f, 0x59915533, 
    0x42565741, 0x00559159, 0xffffff00, 0x020afec6, 0x0149ff95, 0xfe110b07, 0x4116f9db, 0x16200673, 0x31057341, 0xa7fbffff, 0x68fe30fe, 0x070167ff, 
    0xb2fa6f0a, 0x1f8648f9, 0x1f884820, 0x25fe9226, 0x9fffacfe, 0x1e241f82, 0xe4ffbafb, 0xff211f85, 0x08b341e4, 0x26fe762a, 0xa2ff8ffe, 0x49000700, 
    0x2405e256, 0x02030418, 0x0ef17001, 0x232bfb7f, 0x012b1906, 0x0806f77f, 0x3f76fb3b, 0xc03fda02, 0x23a6fe23, 0x7c0126fe, 0xd1d184fe, 0x02000000, 
    0xcb049ffc, 0xf9067dff, 0x19000d00, 0xb04b6a00, 0x40585014, 0x01010322, 0x01020405, 0x07050072, 0x05020401, 0x0ae94904, 0x01066222, 0x52238082, 
    0x8423401b, 0x01052324, 0x25998004, 0x17405938, 0x00010e0f, 0x190e1315, 0x0a0b190f, 0x03040608, 0x0d010d00, 0xd8480608, 0x07424205, 0x18060621, 
    0x080bb547, 0xa3e7fd3f, 0x0bd316a5, 0x4e4e4f36, 0xde15d50a, 0x0a445574, 0x4d4b690a, 0x650b094b, 0x84a8cb04, 0x334f4e34, 0x1801ab81, 0x4d3d3755, 
    0x4f3d3b4f, 0xfbffff00, 0xfe3dfe4f, 0x016cff77, 0xfa6d0a07, 0xd7411896, 0xffff2f0f, 0xe00377fd, 0x18067cfe, 0xc90a0700, 0xf58258fc, 0x01000034, 
    0xe9034efd, 0x3906f2fe, 0x16000a00, 0x05061340, 0x2f5b0002, 0x5ba1830c, 0xfd21082b, 0x0f44184e, 0x03222d08, 0x9346c6e9, 0x3f502e83, 0x00c76199, 
    0x01217b82, 0xfb48188f, 0xffff290b, 0x42fe7200, 0x65ff6c03, 0x6b278b82, 0x4af9e3fe, 0x18b10900, 0x300a0ffc, 0xeaffffff, 0x5701ec04, 0x07002306, 
    0xa2fecc06, 0x82008200, 0xfe87279f, 0xfff4fe9b, 0x138201d2, 0x433ffc21, 0x451811cb, 0x3e250a3b, 0x5011b04b, 0x37451858, 0x19062335, 0xfd4a012b, 
    0x3345180a, 0x06fd2e19, 0x41ff5cfe, 0x0f00ec00, 0x21402400, 0x19975408, 0x97543420, 0x54252005, 0x26200597, 0x08078756, 0xde63fe25, 0x9ece1d31, 
    0x21204021, 0x3f132714, 0xfeec0e70, 0x05b9abd4, 0x0204cb0a, 0x0000523e, 0xfe33fe01, 0x840a005c, 0x4025295f, 0x02010c22, 0x004c0101, 0x85360582, 
    0x02000200, 0x00010385, 0x00017600, 0x0405080b, 0x0f010f00, 0x45460604, 0x82132005, 0x16270864, 0x37363233, 0x9d060607, 0x311d939d, 0x5b0d31de, 
    0x15251341, 0xfe442321, 0x01adb75c, 0x51d4fe2c, 0xcb04023f, 0x8200050a, 0x7dfc2a63, 0x9ffdf2fd, 0x0e00baff, 0x05574a00, 0x82850021, 0x01022362, 
    0xce820059, 0x02006232, 0x24520201, 0x06031032, 0x33052b19, 0x36170603, 0x23385784, 0xfc372622, 0x0a2cb4ba, 0x08190c3a, 0x1f301115, 0x46115f4e, 
    0x013af4fe, 0x76340082, 0x65580806, 0xadfdffff, 0xb3fe7504, 0x07002a06, 0xdefcce0a, 0x2406bf41, 0xff75040f, 0x2013824d, 0x20138227, 0x82138240, 
    0x78fd211b, 0xb9271b86, 0xbffe04fe, 0x8201b9ff, 0xeafc2b13, 0x09008ff9, 0xb80100b1, 0xf3438ff9, 0x1fbb5b05, 0xfbffff31, 0xff2b060d, 0x01120702, 
    0xfbe80507, 0x85120790, 0x1207213f, 0x00323f85, 0x053bfc02, 0x072c00df, 0x00030098, 0x40300007, 0xef71052d, 0x21fb7807, 0x2b170627, 0x37210703, 
    0x3d038201, 0x57fc1804, 0x19d80319, 0x061857fc, 0x01999978, 0x00989820, 0x78fcffff, 0x76fd1cfe, 0xbb82abff, 0xbcfbd024, 0x7b85c7f9, 0x85c7f921, 
    0xffff297b, 0xb0fd78ff, 0xb3ffc100, 0x8b241f82, 0x06f9d8fe, 0x06201f86, 0xfc271f87, 0xfe65feb4, 0x826800f1, 0xfb70241f, 0x43bbf9c9, 0xbb20060b, 
    0x0808ef44, 0x97fe5824, 0x91fffefe, 0x61001800, 0x01010cb5, 0x4b4c0103, 0x585015b0, 0x02051c40, 0x01000307, 0x04710001, 0x17820301, 0x06825920, 
    0x61010323, 0x240a8206, 0x401b5101, 0x211e851b, 0x1d928600, 0x15405938, 0x14160001, 0x0d0f1112, 0x0607090b, 0x18000305, 0x06081701, 0xd55d2b16, 
    0x23072605, 0x16373636, 0x20038217, 0x080a8216, 0x2607262f, 0x65fd2207, 0x3c390986, 0x13871381, 0x3d7a74a9, 0x7d737a55, 0x3a0a8712, 0x0113803c, 
    0x403d97fe, 0x727d0101, 0x4a010187, 0x8701014a, 0x320e8372, 0xfcffff7c, 0xffb8015f, 0x01c70241, 0xfbcf0607, 0x85b6fc3f, 0xb6fc21f7, 0x2608e745, 
    0xfe4cfe89, 0x835bff6b, 0x69fa211f, 0x310f8f5d, 0x1bfbffff, 0x10ff83fe, 0x07016aff, 0x9efbe805, 0x3f856aff, 0x626aff21, 0xe72608f7, 0xdcfee3fd, 
    0xd341adff, 0x41012035, 0xfe3d06d3, 0x55fc1daf, 0x1ed7031e, 0xfe1f56fc, 0x01bbbb9e, 0x00baba0f, 0x0430fd01, 0x063affea, 0x8f4018c4, 0xfd250815, 
    0x6e985989, 0x5b986e7f, 0x6f7e6f99, 0x816aec04, 0x81826b82, 0x6b82806c, 0x00000083, 0x04a10002, 0x07e302cb, 0x2f978274, 0x4b4d000f, 0x585017b0, 
    0x01041440, 0x86010001, 0x03351c82, 0x69030200, 0x56000000, 0x401b4e00, 0x0300001d, 0x01000301, 0x211e8280, 0x19828401, 0x935f0320, 0x059a7a05, 
    0x0e405928, 0x0c0e0000, 0x42610608, 0x13132308, 0xe5650121, 0x22233408, 0x01fda126, 0xa4b1fe45, 0x4444620a, 0x600a0a47, 0x79494345, 0x0228058b, 
    0x4e4f3b1f, 0x4c4d3c3c, 0x02306882, 0xe6040601, 0x52072e04, 0x14000800, 0x36403900, 0x22058253, 0x82060400, 0x03042379, 0xe8480569, 0x83572005, 
    0x01002b07, 0x0001005f, 0x090a4f01, 0x30530000, 0x5307200b, 0x21260530, 0x03230107, 0x30532537, 0x1902200a, 0x3a0bdf00, 0x0a4a3ea4, 0x3e3d6609, 
    0x660a094a, 0xa3a30706, 0x01e6fe07, 0x4d45071a, 0x834d3636, 0x00002f03, 0x4401ffff, 0x6c045a06, 0x0701c608, 0x9f63320b, 0x33e78211, 0x034a04a6, 
    0x001a0756, 0x000f000b, 0x4042001b, 0x0702003f, 0x8205a57c, 0x04052b98, 0x08690501, 0x00000401, 0x06825904, 0x6100042c, 0x04000106, 0x10115100, 
    0x4b180c0c, 0x0c2c07a0, 0x0e0f0c0f, 0x0005070d, 0x090b010b, 0x2c064147, 0x32333636, 0x06060716, 0x07333703, 0x0a3a5203, 0x80af0127, 0xa4101289, 
    0x08058374, 0xb47ba529, 0x33b3eefb, 0x3609084d, 0x094d3435, 0x4a043708, 0x7c5a6993, 0x7b5c6893, 0xcfcf0102, 0x2f3b7dfe, 0x2f3c3e2f, 0x82003d2f, 
    0x00032800, 0x03f805db, 0xe6d80874, 0x7fe424a7, 0x820f138a, 0x128a28a7, 0xb592a610, 0x529beffa, 0x4d2f06e6, 0x05370808, 0x5d6b97f8, 0x5f6a967e, 
    0x8211027e, 0x3c7028a7, 0x3e3f3031, 0x843e3030, 0x15012fa7, 0x4d04e904, 0x15005f07, 0x2d002100, 0x78557300, 0x09213005, 0x080c0701, 0x0306030b, 
    0x00690607, 0x560a0204, 0x239e1244, 0x4e015c26, 0x23234059, 0x1f845018, 0x55194f56, 0xfd201775, 0x14805018, 0x3e85fe2e, 0x660a0a4a, 0x0b4a3e3e, 
    0x7e01660a, 0xf75a0c82, 0x0e785607, 0x38506624, 0x038b5038, 0x41ffff21, 0x022f0703, 0x00360b06, 0x01020000, 0x04e9041b, 0x571e071b, 0x09270c53, 
    0x06000701, 0x57060703, 0x209a1853, 0x23375357, 0x37210713, 0x24165357, 0xbdfd20c0, 0x23da8d20, 0x9f9f3502, 0x002dbe82, 0x051afd01, 0x06f4ff02, 
    0x0005007a, 0x05ff4a46, 0x4a001721, 0x03200ffd, 0x0829ef7b, 0x2b180620, 0x03213701, 0x1afd3723, 0x40bc021e, 0xcb0522c0, 0xc988feaf, 0xc6fa0100, 
    0x0000ba01, 0xb35d7302, 0x1706231f, 0xc982112b, 0xe4fa1e27, 0xb973021d, 0x27a384b9, 0x8f029600, 0x43038303, 0x2c211b52, 0x07213713, 0xcf021e96, 
    0xb48f021e, 0x213b88b4, 0x3ba93b04, 0x1d870322, 0x02283b87, 0xfbfdf0fb, 0xaefff8fd, 0x07397782, 0x2c402f00, 0x01050000, 0x03000203, 0x01020067, 
    0x00570201, 0x5f010202, 0x20098204, 0x62881801, 0x08c58210, 0x2113012e, 0x33070303, 0x49f0fb37, 0xfd49bf01, 0xfd179617, 0xfeb301fb, 0x9022014d, 
    0xffff0090, 0xfcfd1ffc, 0xa3ff28fe, 0x090a0701, 0x62fda0fb, 0x21058f46, 0xa74762fd, 0xfde43108, 0xff0efefe, 0x000700be, 0x13b04b52, 0x1d405850, 
    0x70267584, 0x00030104, 0x85180300, 0x60280ad9, 0x00010000, 0x1b401b50, 0x02211f82, 0x211e8385, 0x11828603, 0x57010026, 0x00010100, 0x4c181d85, 
    0x06250c9c, 0x37012b19, 0x34018221, 0x05fd0333, 0x1dc9fe16, 0xc0163701, 0x88fefd49, 0x40fe86b2, 0x214d8200, 0x7b82f8fb, 0x7b842320, 0x7b855120, 
    0x15821c20, 0x83000121, 0x8302207b, 0x0202215c, 0x02255c84, 0x01020060, 0x827a8402, 0x927a8370, 0x237a901d, 0x21073313, 0xfb310182, 0x16c04af8, 
    0xfe1e3701, 0xfefd16cb, 0xb286c001, 0x317a8288, 0x92fcffff, 0x9cfe23fe, 0x0701c5ff, 0x3efc210a, 0x174189fd, 0x18892006, 0x2e082b45, 0xfe5d045f, 
    0x00a106bd, 0x402e0019, 0x8201042b, 0x824c2081, 0x0002237c, 0x5b180201, 0x1926140d, 0x1a111900, 0xf3840511, 0x37363226, 0x26272636, 0x0a024918, 
    0x16173808, 0x06060716, 0x311a5ffd, 0x09020320, 0x07100907, 0x17689a0e, 0x04032424, 0x0e08080a, 0x04960d06, 0x1323905d, 0x221a2b11, 0x3c53284f, 
    0x17121f90, 0x49211b33, 0x82434a27, 0x267582ab, 0x03830240, 0x424f03c9, 0x0b201e97, 0x2805af63, 0x67032240, 0xcc830222, 0x263b85cc, 0x022e0201, 
    0x616804ae, 0x13390957, 0x01070137, 0x26870226, 0x01e52e02, 0x0000e555, 0x01efff01, 0x04bb03c3, 0x302389b4, 0x03011303, 0xa1032b11, 0x01c3012b, 
    0xfee90108, 0x2c4b85f9, 0x038e0231, 0x009d0386, 0x40310015, 0x6e4d182e, 0xd655181c, 0x4507200d, 0x24081851, 0x5e4a6202, 0x30252446, 0x9e1dc00a, 
    0x455c4b6a, 0x0d2c2826, 0x02a21cbd, 0x3633348e, 0x3489802b, 0x7f2f3233, 0x3f7c828a, 0x06fc0002, 0x07790366, 0x000b00d7, 0x402d000f, 0x0002002a, 
    0x01020001, 0x03010480, 0x00860301, 0x00210a82, 0x34278259, 0x01006101, 0x0c510100, 0x0c0f0c0c, 0x2224130f, 0x2b190b05, 0xdf421801, 0x1721080a, 
    0x01033313, 0x3e580804, 0x08083f40, 0x403f4056, 0xf7e0bedf, 0x45306207, 0x45332f45, 0x0001cb46, 0x594a82ff, 0x13220a27, 0x27598c00, 0x03232c05, 
    0x02050101, 0x80020105, 0x61070400, 0x22590562, 0x5906200a, 0x15200722, 0x88053058, 0x59188421, 0x584f081c, 0x2d459e05, 0x17405959, 0x00011010, 
    0x13101310, 0xf0581112, 0x8203201c, 0x10e858cd, 0xf1a87123, 0x0ce058e4, 0x0c018b25, 0x8f00f4fe, 0x858520d7, 0x822220d7, 0x020422d7, 0x26d78304, 
    0x01040005, 0x97670405, 0x001721d6, 0xd58e2088, 0xd48243a2, 0x00011322, 0xc159cf82, 0x0715420a, 0x360cc159, 0x25023303, 0x0f448e62, 0x48520ab0, 
    0xaf0b6f49, 0x3baa720f, 0x8cf08ab5, 0x018c22d0, 0x82ce820b, 0x04f22ea7, 0x070c04d2, 0x000f0051, 0x404f0025, 0x30ca884c, 0x00070109, 0x05070405, 
    0x06080069, 0x0104020b, 0x0be55008, 0x010a6122, 0x51323a82, 0x00011011, 0x1e202223, 0x17181a1c, 0x25101315, 0x6a412511, 0x5a0c2009, 0x5a18125b, 
    0x023b14d7, 0x438e6124, 0x520aae0e, 0x0a6e4849, 0xa9710faf, 0x3d543f8b, 0x09292020, 0x188918a5, 0x390ad85a, 0x8c52d204, 0x54543f57, 0x528c573f, 
    0x2e2e8f01, 0x7a712532, 0x2b2c2e2d, 0xc7857a72, 0xd904b43d, 0x6407c304, 0x0c000800, 0x2d403000, 0x01000108, 0x03004c01, 0x01040105, 0x45670403, 
    0x5f210964, 0x08198202, 0x094f003b, 0x090c0909, 0x1221130c, 0x1a0b0610, 0x3721012b, 0x07133301, 0x13372721, 0xb9010333, 0x0102fbfe, 0x01f0e651, 
    0xc572fafe, 0x04e4f1a9, 0x280107d9, 0xaa07d8fe, 0xfe0c01d5, 0x83f882f4, 0xc036206b, 0x0325236b, 0x6b8c1333, 0x8b1d0124, 0x6c8e4ff1, 0x0221dc82, 
    0x206f8300, 0x236f8437, 0xb55f0014, 0xe850da85, 0x00202e05, 0x04010403, 0x05007203, 0x05030400, 0x05ee7d04, 0x57185720, 0x1b220aea, 0x22852140, 
    0x98800121, 0x40592b23, 0x12222109, 0x06101221, 0x0a411c0b, 0x51252009, 0x12410b0b, 0x5a012c0b, 0x160e589b, 0x608d158c, 0x882c104e, 0x5ccd20ae, 
    0x1f410702, 0x07232a06, 0x00080052, 0x4043001e, 0x22b08540, 0x82060108, 0x820620a3, 0x050727a3, 0x01030209, 0xad8a0307, 0x01026036, 0x50000100, 
    0x1b1c090a, 0x13151719, 0x0c0e1011, 0x1e0a1e09, 0x0a229382, 0x9389190b, 0x41423720, 0x0c444114, 0x5340c425, 0x19201f3e, 0x880f2d11, 0x2ede37a6, 
    0x7126312e, 0x2d2e2e7b, 0x007b712a, 0x07010100, 0x2b029e04, 0x17461d06, 0x13012e21, 0x07010333, 0x0474e53f, 0xfe7f019e, 0x2e3b8381, 0x02cf0412, 
    0x00970675, 0x40160009, 0x53040513, 0x26080a23, 0x02090009, 0x012b160b, 0x37363637, 0x07060617, 0x17120107, 0x8b446b12, 0x150e4925, 0x708acf04, 
    0x2d462da1, 0x467e5285, 0x8f200697, 0x212a9746, 0x9746212d, 0xffff3d06, 0xde04e100, 0x32062002, 0x5d0a0602, 0xffff0000, 0x85064901, 0xd4084304, 
    0xeb0a0701, 0x28170360, 0x1e071b04, 0x380b0602, 0x82bf8200, 0x00042e03, 0x72f79a42, 0x3c0f5fed, 0x080700f5, 0x23008300, 0x32945de3, 0x6f2a0786, 
    0x53fda8f9, 0xe708c914, 0x01820300, 0x01000222, 0x05831783, 0xfec0072b, 0x15000012, 0xf5a8f976, 0x221f825a, 0x84530100, 0x2d048619, 0x4005550b, 
    0xb004a700, 0xf9050000, 0x03ffd4ff, 0xff240631, 0x003506ff, 0x00870710, 0x00ac07ce, 0x858e07b0, 0xde062707, 0xf506b900, 0x9f8fd000, 0x00410623, 
    0xa7138b1c, 0x3908233f, 0x038bd4ff, 0x004b0523, 0x25038d2a, 0xcf06c8ff, 0x13888600, 0x7100eb23, 0x2003a105, 0x2423844a, 0x072a00c6, 0x823b824a, 
    0x92052007, 0x13062703, 0x5b0a2100, 0x03832a00, 0x00e70423, 0x2003ea2a, 0x316b831e, 0xb3006806, 0xd2006906, 0xb0007d06, 0xce00d207, 0x07820208, 
    0x0782e420, 0xb0000126, 0xce002c06, 0x93901f83, 0xa782b220, 0x11ffb223, 0x24078504, 0x000106fb, 0x2003a671, 0x85278255, 0x001f2303, 0x03830655, 
    0x07860120, 0x0f820b87, 0x00fa0527, 0xfffa052a, 0x830785ff, 0x23038d0b, 0x69007706, 0x06211b83, 0x25178533, 0x2a000908, 0x0b85fe08, 0x007b0723, 
    0x2a0382b3, 0x009007d2, 0x00f008b0, 0x821509ce, 0x82f72007, 0x82142007, 0x00462a07, 0x005e08fb, 0x019907f7, 0x20238228, 0x9f4383b3, 0x2123832b, 
    0xef823f02, 0x2a007e22, 0x03840783, 0x2600eb26, 0x21ff3f02, 0x1f820f88, 0xff210b8d, 0x210f897e, 0x0b8afcff, 0x7902e324, 0x0f833b00, 0x00c00323, 
    0x2c0784b3, 0x03d200c1, 0x05b000d6, 0x05ce0035, 0x2007825a, 0x2707853c, 0xfb008c04, 0xf700a304, 0x03233b87, 0x870201b0, 0x23378433, 0x03edffd0, 
    0xeb20038d, 0x1f8f0f8e, 0x05310f94, 0x05d20087, 0x06b0009c, 0x07ce00fc, 0x07b00021, 0x20078203, 0x260f8220, 0x06fb0052, 0x87f7006a, 0x16052353, 
    0x2b829900, 0x0f87b320, 0x00ad0423, 0x21038329, 0x07850305, 0xc1230b84, 0x92052a00, 0x19072503, 0x0906bd00, 0xcf201b82, 0x04231f85, 0x9a2a0086, 
    0x84282003, 0x00d3281b, 0x00b10622, 0x9d74072a, 0x19062303, 0x03a52a00, 0x9c11ff21, 0x00312227, 0x211f834e, 0x4f824408, 0x71002b23, 0x22038906, 
    0x8c3d0661, 0xd11b8b0f, 0x8f6b830b, 0x002b2203, 0x238f8361, 0xb3006c07, 0xd22a0382, 0xb0008107, 0xce00e108, 0x07820609, 0x0782e820, 0xb0000526, 
    0xf2005307, 0xbb8a2387, 0x08279f88, 0x0554000f, 0x882a002f, 0x00432603, 0x00b3062e, 0x230f8386, 0xb000e006, 0x31243384, 0x41055900, 0x03a32382, 
    0x3f823b20, 0x2b821620, 0x12005526, 0x2e003c05, 0x3d2a03ac, 0xd0051c00, 0x58052b00, 0x039abc00, 0xc9057528, 0x5805bd00, 0x2386b701, 0x0784b620, 
    0x6700db24, 0x0382d805, 0x03db0783, 0x038e6383, 0x00110627, 0x00f9050b, 0x230387cb, 0xcb004d08, 0x05230397, 0x87d6ffe8, 0x30062503, 0x5106d6ff, 
    0xd9270f86, 0x4606cb00, 0x8205d000, 0x2203a007, 0x835d00c3, 0xb0072323, 0x0784b300, 0xb000c624, 0x03854a09, 0x00930823, 0x233f87f7, 0x1f017207, 
    0x05232387, 0xa4170052, 0x005c2603, 0x000c0516, 0x2003fe32, 0x237f8b24, 0x0f006107, 0x0523038b, 0x8823000b, 0x8a062003, 0x2617830b, 0x04deff0a, 
    0x824900b4, 0x86462003, 0x980b8307, 0x20478203, 0x83038847, 0x000b28f7, 0x004b0647, 0x82df0547, 0x8c0b8203, 0x250f821f, 0x4700ea08, 0x0382ec08, 
    0x21200783, 0x07242384, 0x4700b804, 0x19200386, 0x13870b8a, 0x3f2007a3, 0x5b8337b6, 0x1d035132, 0x47032fff, 0xe00248ff, 0xc002e1fe, 0x87021aff, 
    0x0b820782, 0x82100721, 0xfec42207, 0x201f83e1, 0x82078302, 0x6e072723, 0x0e0548ff, 0x03a30600, 0x00a2042f, 0x00130549, 0x00fb0449, 0xfffb0423, 
    0x830785f8, 0x2103850b, 0x0784dc07, 0x78054628, 0x7e054b00, 0x1f8f4b00, 0x02230f93, 0x8324002c, 0x59042103, 0x0f870785, 0xff2c0223, 0x2003861c, 
    0x20138aa5, 0x200b8af8, 0x821f8272, 0x21378303, 0x178ab5ff, 0x1782de20, 0x2b02de24, 0x03842dff, 0x07862720, 0x58266787, 0x0b032400, 0x1b83cfff, 
    0xffad0323, 0x20038295, 0x862b8893, 0x57042133, 0xa420c782, 0xa6230382, 0x83042400, 0x23039007, 0xa504c3ff, 0x2b227782, 0x3b822300, 0x0382ed20, 
    0x0382bf20, 0x03829220, 0xfc03f52a, 0x6b033c00, 0x9803f1fe, 0x1f841b83, 0xf3028622, 0xda200784, 0x03831f82, 0x2b02553a, 0x7902dcfe, 0xb6023b00, 
    0xf7021600, 0x52032a00, 0xe4032700, 0xe5032f00, 0x17831382, 0xc2ff7924, 0x0b843703, 0x27821620, 0xff260382, 0xff790291, 0x6f820219, 0x00840325, 
    0x884d0723, 0x824d2003, 0x8803830b, 0x0f634113, 0x823b0621, 0xfffb24c7, 0x82fc0405, 0x41fb20cb, 0x278f09ab, 0x07250f83, 0x05230027, 0x23278221, 
    0x044900e9, 0xff230388, 0x8be504fd, 0x830bde0f, 0x20038f6b, 0x8c8382e9, 0x3383a593, 0x4900da07, 0x32004006, 0x49009409, 0xdeff0b05, 0xe2ffe304, 
    0x038d0783, 0xef430020, 0x000c2a05, 0x00430332, 0xff430324, 0x200382f6, 0x2003829b, 0x230383c8, 0x5900fb02, 0x23240382, 0xdeff4603, 0x89201f86, 
    0x2b830785, 0xff210387, 0x832b82dd, 0x04583003, 0x04230038, 0x04240092, 0x0425007a, 0x85a3ff7a, 0xa60b8307, 0x007c3203, 0x00420516, 0x003b052a, 
    0x0023032a, 0x00f00285, 0x2e03824c, 0x00e80224, 0x00d50222, 0xffb8034c, 0x83ef0662, 0xe8ff2513, 0x1100f102, 0x4c221b82, 0x23843703, 0x2b861420, 
    0xff252f82, 0xfff002e3, 0x270f846b, 0x023c00c1, 0x02f5ffc1, 0x0b840784, 0x0b86e520, 0x17823920, 0x0382b420, 0x00251f82, 0x00fc043c, 0x2b038747, 
    0x47004705, 0xdfff0805, 0x14007905, 0x0bcb178b, 0x67836384, 0x0423038a, 0x834900fa, 0x86778403, 0x2013860b, 0x84078646, 0x230b9b1f, 0x49004a05, 
    0x339b0393, 0xcc271b88, 0xcc047c00, 0x8404c2ff, 0x7c002307, 0x0387cd06, 0x89c2ff21, 0x82178b0b, 0xffa4232f, 0x038b04cd, 0x8bffd226, 0xdbffd104, 
    0x05210383, 0x220782c6, 0x87e5ffdb, 0x2407b20f, 0x008e05c2, 0x840387b0, 0x829a203f, 0x00952373, 0x03a6041b, 0x005a0535, 0x00a90426, 0xfff1052a, 
    0x002b06d4, 0x00800572, 0x82fa0514, 0x00a2340f, 0x0025071a, 0x0028075d, 0x003d06b4, 0x00730706, 0x827607b3, 0x00772c03, 0x008c07d2, 0x00eb08b0, 
    0x821009ce, 0x82f22007, 0x820f2007, 0x00422b07, 0x005908fb, 0x00f806f7, 0x239f07af, 0x062b4f82, 0x0552003b, 0x07e200ad, 0x83b3005c, 0xe3052907, 
    0x2d05d900, 0xab042a00, 0xf6340382, 0xf306fdff, 0x8c08bbff, 0xd508d6ff, 0x2a05d6ff, 0xc1053800, 0xc2209382, 0x8f260382, 0x01062a00, 0xab82f0ff, 
    0xcf057122, 0x8e340f82, 0xaf06b000, 0x20064f00, 0x9b072a00, 0xa905bd00, 0xe205b000, 0x07830382, 0x2b00a92c, 0xbc002907, 0x2a00e907, 0x37822208, 
    0xbd00a424, 0x934f5907, 0xf0082505, 0x0209f0ff, 0xea240b82, 0x58084800, 0x41280782, 0x5005ceff, 0x06092a00, 0x20081384, 0x005e0854, 0x001f0755, 
    0x00f8053d, 0x002c0555, 0x0010063b, 0x00dd06cb, 0x00ca04bc, 0x008d052f, 0x2f03e334, 0xdfffe104, 0x7c00cc04, 0x2c00d604, 0x12007504, 0xae220384, 
    0x07842300, 0x22007628, 0x2300ab04, 0x07822406, 0x07931b87, 0x18004626, 0x2400fc04, 0x0a2003aa, 0x03a72b82, 0x0a285783, 0x4f000405, 0x3b007a02, 
    0x36200382, 0x28200786, 0x13830786, 0x11200383, 0x0d200f86, 0x1f86178e, 0x82c3ff21, 0x82342017, 0x05273003, 0x04c2ff75, 0x05160082, 0x055d001f, 
    0x8adeff0a, 0x04452c03, 0x052600b1, 0x04330036, 0x434a0015, 0x234424af, 0x141b440d, 0x0062062f, 0x00ff0536, 0x00a50634, 0x00aa0651, 0x2d03db2b, 
    0xa8004005, 0x3200df04, 0x24009e04, 0x0387a003, 0x05a4ff31, 0x0695ff4a, 0x07ceffea, 0x04ceff2d, 0x41160027, 0xac2408ab, 0xf9042400, 0xef240382, 
    0x13052400, 0x62260382, 0xd5044c00, 0x0383b7ff, 0xff0e0527, 0x008006b7, 0x21038324, 0x1b82fa04, 0x03823220, 0x2b82b420, 0x0f830b82, 0x82e90421, 
    0x00152e0b, 0x0036064a, 0xff520434, 0xffe704cd, 0x207f82cd, 0x27178424, 0x057c00d1, 0x047c000a, 0x06250782, 0x072400e2, 0x202b821b, 0x243f82b8, 
    0x064c006f, 0x2c078275, 0x05530027, 0x07520027, 0x07c8ff8e, 0x241b8265, 0x062c00b3, 0x240782f1, 0x04b6ff92, 0x202f8297, 0x32138482, 0x00b70634, 
    0x00b10525, 0x00d5054a, 0xff2c0503, 0x82f204fd, 0x003c3e57, 0x00b40426, 0x00920469, 0x001c0546, 0xffb30302, 0x002805a8, 0x00f10575, 0x007b0522, 
    0x34178233, 0x00590567, 0x00190a82, 0x00b9052a, 0x006d0670, 0x00500851, 0x2d2b835b, 0xd4fffa05, 0xa800e905, 0x16000f06, 0x1b530106, 0xcd22080a, 
    0x58055400, 0xaf0bbc00, 0xe9060d00, 0x61072100, 0x17063700, 0x62092800, 0x16062a00, 0xea043600, 0x5353b9ff, 0x00642608, 0x00740341, 0x20df82a3, 
    0x3a03841f, 0x0538002a, 0x0435006a, 0x053400f9, 0x05500015, 0x04540031, 0x054c00a8, 0x822f0034, 0x054f210b, 0x61262f83, 0x2c05b700, 0x27843b00, 
    0x3700ea26, 0x8300e904, 0x68200f82, 0x55200382, 0x31200382, 0x34200382, 0x12200382, 0x48200382, 0x51200382, 0x8e200382, 0x2a200382, 0x4c200382, 
    0x2c20278a, 0x11200b82, 0x57200382, 0xa4280382, 0x9bff2602, 0x1a002602, 0x1b200382, 0x39200382, 0x03270f83, 0x03920020, 0x82cdff17, 0x03162407, 
    0x82deff20, 0x82542007, 0x82ce2007, 0x82a22007, 0x82dd2017, 0x82262007, 0x82ee200f, 0x82642007, 0x05de2407, 0x8237012c, 0x824d2003, 0x828a204f, 
    0x823f2003, 0x82462003, 0x82472003, 0x866e2003, 0x82872003, 0x828d2007, 0x86582003, 0x82452093, 0x825e2007, 0x82622003, 0x823c2037, 0x86a32007, 
    0x825a201b, 0x825b2007, 0x832f8303, 0x829f2003, 0x82a6200b, 0x82712003, 0x82a72003, 0x825c2003, 0x82762003, 0x827b2003, 0x82a02003, 0x870020af, 
    0x88053f03, 0x66042500, 0xb302b600, 0x66055b00, 0xb4025b00, 0x2c072000, 0x79045b00, 0xf308a500, 0x0b82a500, 0x7504a528, 0x7504eaff, 0x0782a600, 
    0x0403f128, 0xfb028c00, 0x0782b7ff, 0x03842b20, 0xdbff0523, 0x2a038303, 0x038500c1, 0x08dbffc1, 0x8225001f, 0x829c2017, 0x82c82023, 0x823b2007, 
    0x03eb241b, 0x829500c1, 0x82eb201b, 0x4925081b, 0x2e003105, 0x3d001806, 0x9cff1b03, 0x4200f902, 0x4900b602, 0xc2001703, 0x8200bf03, 0xf6ff0104, 
    0x44002c05, 0x83078208, 0xcb032303, 0x03869d00, 0x0782b920, 0xe004c528, 0xde047700, 0x0b826300, 0x2f829520, 0x01049824, 0x2f820c00, 0x82085a21, 
    0x20138207, 0x200386b6, 0x200782d2, 0x202b82de, 0x202b8290, 0x240b827c, 0x00cf02ae, 0x240384d9, 0x041c01b6, 0x2403826a, 0x04d900a5, 0x20038495, 
    0x82178208, 0x01250803, 0x0194043f, 0x0032023f, 0x006104b2, 0x009006b2, 0x00c008b2, 0x013202b2, 0x01610410, 0x01900610, 0x00020210, 0x306f82e7, 
    0xffac02e7, 0x00ac02da, 0x0002085b, 0x0057055b, 0x200b825b, 0x2003825c, 0x20038481, 0x201b84bd, 0x320b82b7, 0xff5a02e2, 0x007303de, 0x00740362, 
    0x00480507, 0x82490562, 0x006f2607, 0x006f0598, 0x20038274, 0x20038667, 0x8307828f, 0x82a82003, 0x82ae2007, 0x827b2003, 0x86af2003, 0x826d201b, 
    0x82852007, 0x82b12003, 0x828d2003, 0x867c2003, 0x832b8303, 0x82c12003, 0x82c7200f, 0x82942003, 0x82c82003, 0x827e2003, 0x82862003, 0x829d2003, 
    0x03d52803, 0x047dffcf, 0x82e600a8, 0x039b3403, 0x047100e5, 0x05e30079, 0x05bc0063, 0x0783004c, 0x87bc0051, 0x1f053103, 0x0f05da00, 0xf505a100, 
    0x4806da00, 0x1e059e00, 0x5e080382, 0x039e0040, 0x03d300ad, 0x035c00b5, 0x017900eb, 0x036f00ca, 0x046d00b2, 0x048600cd, 0x042a00cb, 0x072b008b, 
    0x054d00d8, 0x057d005c, 0x060a00ea, 0x03530022, 0x0526ff1b, 0x057f005b, 0x040a0084, 0x036a00cc, 0x03ab00ac, 0x03a600a9, 0x03bc006e, 0x03b900aa, 
    0x02b5006f, 0x03130088, 0x829400af, 0x82a6204b, 0x01a72853, 0x030a00c9, 0x82a6006b, 0x05a62207, 0x202b8236, 0x220382b2, 0x82bb0091, 0x83802037, 
    0x83022b33, 0x5903a700, 0x3602a500, 0x3382b000, 0x9c03bc38, 0xd504d400, 0x7d03ca00, 0xa3037000, 0x65037500, 0xf703a800, 0x0383b800, 0x00ab0231, 
    0x009802fa, 0x00ae03f2, 0x00c603a9, 0x82cc03b5, 0x00e52303, 0x038303b1, 0xd400cc2a, 0xc500ce03, 0xb2009e03, 0xcc283382, 0xaf00d903, 0xc700cd03, 
    0xda280f82, 0xd0005402, 0x67004602, 0xb3280782, 0x87005302, 0xfb00c303, 0xfa200382, 0x2a080382, 0xffac03e7, 0xffa903e4, 0xff6e03df, 0xffaa03f5, 
    0xff6f03f2, 0xff8802ee, 0xffaf034c, 0xffb203cd, 0xffca01df, 0xffc901e0, 0x826b0343, 0xffc9240b, 0x823605df, 0x2317822b, 0xf4ff9103, 0xb9203782, 
    0x022b3383, 0x03e0ff83, 0x02deff59, 0x82e9ff36, 0x82f52033, 0x820d20c3, 0x030330c3, 0x03a9ff7d, 0x03aeffa3, 0x03e1ff65, 0x83f1fff7, 0x20c38203, 
    0x2ac38233, 0xffae032b, 0xffc603e2, 0x82cc03ee, 0xffe52303, 0x038303ea, 0x0d00cc2a, 0xfeffce03, 0xebff9e03, 0x0524c382, 0xe8ffd903, 0x0020c382, 
    0x1320c382, 0x092cbb82, 0xa0ff4602, 0xecff5402, 0xc0ff5302, 0x3420bb82, 0x33200382, 0x20280382, 0x13feaf01, 0x07003c03, 0x022d0383, 0x0250002a, 
    0x02430017, 0x03f6fffd, 0x264b8213, 0x03000019, 0x84fdff2a, 0x001d3003, 0x00190321, 0x00f00210, 0x00c00200, 0x8426030c, 0x8212201f, 0x032c3c0f, 
    0x034c0026, 0x0347001c, 0x013a0028, 0x013e00e7, 0x02c4ffe8, 0x02360023, 0x82cfff23, 0x821a2007, 0x82082003, 0x8374205f, 0x20638203, 0x286382bd, 
    0x00fd02b0, 0x00130363, 0x2453826b, 0x002a036d, 0x2203846a, 0x828e001d, 0x827d200f, 0x826d2053, 0x82792063, 0x201f8357, 0x200f827f, 0x200b8299, 
    0x246382b9, 0x002803b4, 0x246382a7, 0x00e801ab, 0x20578231, 0x2003829d, 0x2003823e, 0x2a038282, 0x0010046e, 0x000d0774, 0x820f0874, 0x82342007, 
    0x00092407, 0x82b90663, 0x004e240b, 0x823c076b, 0x00112c0f, 0x00d10763, 0x0005086b, 0x8229076a, 0x00e52417, 0x823e078e, 0x82362007, 0x82cc2003, 
    0x00f22623, 0x00e5068e, 0x211b8322, 0x2f827709, 0x06012034, 0x06011e0b, 0x06011c0e, 0x5f00af07, 0xba009708, 0x03822308, 0x00333a08, 0x001d08a8, 
    0x00f201a8, 0x016d049d, 0x01eb021e, 0x01bb0248, 0x01fb0449, 0x01b5068f, 0x00af038f, 0x010604b9, 0x01840320, 0x006c031f, 0x00d403f5, 0x014e02fb, 
    0x00eb0206, 0x241b82eb, 0x01c605ea, 0x300b828f, 0xff1b024b, 0xff0000af, 0x0000008a, 0x0100009d, 0x20038648, 0x2a07821f, 0xff4e0220, 0xfc0000ea, 
    0x82e5012d, 0x2c03830d, 0x02000042, 0x0400005b, 0x0900008c, 0x82078207, 0x82082034, 0xac022d03, 0x00020000, 0x54010000, 0x2c050000, 0x0f820b82, 
    0x2b820120, 0x82a10021, 0x08028214, 0x00d10827, 0x0075092a, 0x005f08d3, 0x00c105d3, 0xfff9052a, 0x002b06d4, 0x005e0571, 0x00a20786, 0x00ba0ad9, 
    0x007615d9, 0x820b87d9, 0x82fc2007, 0x15fc2413, 0x82fc0075, 0x82db200b, 0x06db280b, 0x06ad0044, 0x829d0042, 0x82ea2007, 0x829e2007, 0x0ed92213, 
    0x833b8500, 0x3e072307, 0x0382f100, 0xe206e12c, 0xdd066d00, 0x44098800, 0x0382d900, 0x3f82ee20, 0x2b82ea20, 0x5f82ea20, 0x0b87ea20, 0x01a2072b, 
    0x01ba0a0a, 0x0175150a, 0x2013820b, 0x831f82e9, 0x82e82003, 0x83e82047, 0x2007820b, 0x246382e9, 0x014406ba, 0x2007820a, 0x347382be, 0x000f07ca, 
    0x011107c6, 0x015e0810, 0x005d080c, 0x009f0715, 0x2003828f, 0x200f8259, 0x200f820b, 0x2a0f8814, 0x07e3ff34, 0x07af0050, 0x82bc0051, 0x86622007, 
    0x82642003, 0x23038407, 0x8a007b08, 0x8b24038a, 0xc3008c08, 0x2e260384, 0x2e08e800, 0x0384e700, 0x08015c23, 0x23038308, 0x08af00cd, 0x07370386, 
    0x069e00bf, 0x06ff0073, 0x06c20074, 0x06d00071, 0x087c005e, 0x822d012e, 0x825e202f, 0x84e783c3, 0xba092303, 0x0382cc00, 0xdb075e2c, 0xe8062a00, 
    0x17085000, 0x0382da00, 0x1908d928, 0x1808c800, 0x07821a01, 0x2a076f28, 0x66083f01, 0x03828900, 0x1505c624, 0x0382f300, 0x1f0b8f24, 0x03841300, 
    0x95ff0c22, 0x1787078c, 0x1e200797, 0x1f973786, 0x37b71797, 0x17af4f97, 0xff837f97, 0x5cf20340, 0x552206f3, 0xcf5ac105, 0x19062505, 0x41052a00, 
    0x2a080382, 0x042e003c, 0x022300a4, 0x02f3ff2b, 0x04300079, 0x032300fb, 0x04f7ff43, 0x0225007a, 0x024c00f0, 0x003c00c1, 0x02e4ff00, 0x843800ac, 
    0x82bd2003, 0xc6200823, 0xc504ec00, 0xc4020201, 0xc302ef00, 0xbe020401, 0xc9040501, 0xc3020501, 0xc5043f00, 0xf9053c00, 0x5e168f5f, 0xeb2307ab, 
    0x5e057100, 0xaf5d065f, 0x5dab8313, 0xaf5c0b4f, 0x87de200e, 0x860421c3, 0x5b096f5b, 0x0f5b082f, 0x05535a0d, 0x2106135b, 0x2f5a2f05, 0x0f0b5a0e, 
    0xbc005822, 0x5908b759, 0xcf5917af, 0x59f92007, 0x43590d4f, 0x0b2b5908, 0x8206df58, 0x5c5520cf, 0xcb580fef, 0x06475818, 0x00b40423, 0x07e75749, 
    0x210f8757, 0x2f574703, 0x0b3f5505, 0x25097b56, 0x2c022400, 0x0382d8ff, 0x2b02722c, 0x27022dff, 0xa4042dff, 0x0b562300, 0xd4ff2105, 0xd4201382, 
    0x8807bb55, 0x13d7543f, 0x21066f55, 0x73540b05, 0x03d72408, 0x54d7ff43, 0xf353134b, 0x4c002109, 0x211b9f53, 0xdf534705, 0x52cc2006, 0xb35216bf, 
    0x83042006, 0x065b5207, 0xe023cb84, 0x5603e1fe, 0x10240597, 0x10007902, 0x21094754, 0xa34f3300, 0x4a05211b, 0x2105cb53, 0x0f5fe704, 0xf8052505, 
    0x8c085500, 0x2d05eb51, 0x2a001906, 0x71002b06, 0x4800ea05, 0xcb518e05, 0x59072d05, 0xd0032a00, 0xb804edff, 0xea065100, 0x280a274f, 0x044900e9, 
    0x042c00b3, 0x28b782d1, 0x05240075, 0x02e200ad, 0x4f0f827a, 0x022306fb, 0x82c1ff7a, 0x8b3b200f, 0xac02238b, 0x0382db00, 0x03825520, 0x03822120, 
    0xad025630, 0x02082200, 0xa2025500, 0x79045000, 0x1382a500, 0xbd02b026, 0x57052200, 0xac2a1382, 0x26027900, 0x26021200, 0x0782deff, 0x07821320, 
    0x0782df20, 0x23823620, 0xd0059c24, 0x03849201, 0x9201cb2a, 0xea00a503, 0x92010000, 0x04200382, 0x26200386, 0x03820782, 0x040d0039, 0x029201fb, 
    0x0604014e, 0x039801bb, 0x0293ffad, 0x02e1fec4, 0x82e8ff4e, 0x05552143, 0x042b3b82, 0x027600fc, 0x03a2006a, 0x820601e9, 0x04442403, 0x828b01f7, 
    0x05c92403, 0x829b0106, 0x87d92003, 0x2047820f, 0x2c03828b, 0x018403c9, 0x0084033c, 0x011c04fe, 0x4403831b, 0xbf24223f, 0xfbff7902, 0x20063f44, 
    0x0a3f44c2, 0x00001e2a, 0x5c02caff, 0x7604f9ff, 0x00290383, 0x007604bb, 0x005c02bc, 0x830382bb, 0x04bc3407, 0x05bc0077, 0x0b2a003e, 0x062a0018, 
    0x05210013, 0x84550058, 0x00292e07, 0x006a0531, 0x00000614, 0xff81054b, 0x380386ec, 0x005705f6, 0x00ec0648, 0x0033092a, 0x009f042a, 0x00c60a2e, 
    0x0075072a, 0x08378248, 0xc706bc20, 0x54058000, 0x15064700, 0x9b070800, 0xe7056300, 0x59050400, 0x56052b00, 0x94043d00, 0x1782a800, 0x07043008, 
    0x055e004a, 0x06690027, 0x05110011, 0x052a00ba, 0x0532000c, 0x0524000a, 0x04850086, 0x05fdff94, 0x045c0029, 0x03270093, 0x0426ff1b, 0x82c6ff87, 
    0x04d52a2b, 0x065100b8, 0x05500077, 0x831f822c, 0xff552203, 0x300b82e7, 0xff9604f4, 0x006d06e2, 0x00050445, 0x000e0501, 0x20638206, 0x243b82bf, 
    0x00970495, 0x200b8240, 0x20038272, 0x22078436, 0x844e0097, 0x82b2204f, 0x00552e67, 0x00a9050f, 0x00e20533, 0x00680734, 0x301f828e, 0x00ea0534, 
    0xff16037b, 0x00b505f2, 0x00180398, 0x26838267, 0x0005069d, 0x82da0635, 0x0055260b, 0x00960742, 0x35038359, 0x97009804, 0x24009e04, 0x22005106, 
    0x76006904, 0x65001103, 0x03822505, 0xd600b322, 0x76243382, 0xc4ff5105, 0x57224f84, 0x2b825400, 0x5f05422a, 0xbd042a00, 0xfa04c5ff, 0x30083382, 
    0x04240080, 0x034a0015, 0x02f6ffd9, 0x025b00b3, 0x0379005f, 0x025d0020, 0x0991ff2b, 0x031900d3, 0x037e00d6, 0x03620012, 0x029c00da, 0x04520053, 
    0x883b82a9, 0xd4ff2303, 0xb762c105, 0x2f052105, 0xeb380782, 0x58057100, 0x8e05bc00, 0xe805b000, 0xd207d6ff, 0x4b055d00, 0x0e080e00, 0x2905ff49, 
    0x2a00ef07, 0x23001107, 0x43827909, 0xe7ff932c, 0xb4002807, 0xcb001006, 0x3782fc0a, 0x38002a23, 0x453f8705, 0x0731062f, 0x023d001f, 0x082a003f, 
    0x06d6ff8c, 0x05f0ff01, 0x435782e2, 0x05290aaf, 0x054800ea, 0x07b000a9, 0x825f8259, 0xbd05236f, 0x6f836400, 0x200ae352, 0x0bd352ea, 0x000d0725, 
    0x82a20647, 0xffbb28ef, 0x00ab06c2, 0x82fa0524, 0x8230209b, 0xff57380f, 0x00a506bf, 0x00f20451, 0x0027047c, 0x00b40416, 0x00150449, 0x82cc044a, 
    0x2903820f, 0x0300d505, 0xceffea06, 0x0f820a05, 0x2782b820, 0x200f0b44, 0x454382fc, 0x1344072f, 0xa404290a, 0xb004cdff, 0xd1042c00, 0x21053762, 
    0xaf82e905, 0x0782e383, 0x82b20421, 0xff08277f, 0x00eb04df, 0x33830457, 0x4f44ae20, 0x824d2006, 0x3e1b8313, 0x057d005d, 0x07540056, 0x06740069, 
    0x05a50017, 0x0359005b, 0x053500d5, 0x0434008d, 0x83120075, 0x06d354d7, 0x83043621, 0x0677447b, 0x00aa0627, 0x005b022b, 0x23038303, 0x9c00d603, 
    0x2507fb63, 0x2a00bd06, 0x87823808, 0xcb00f922, 0xcb260782, 0xcb00770a, 0x0b82b60c, 0x3b412720, 0x27082905, 0x660ad6ff, 0x8604d6ff, 0x2006c741, 
    0x054747c6, 0x00430229, 0x0059041e, 0x82850624, 0x82f92003, 0x008722e7, 0x2a63827a, 0x00250976, 0x00510b7c, 0x82d1067c, 0xff9f3013, 0xffd106c7, 
    0xfffd08cd, 0x002b02cd, 0x829a0423, 0x00bf3333, 0x004d0746, 0x00e60523, 0x0019067b, 0x0064079f, 0x00820096, 0x0025053b, 0x00e80251, 0x001c0607, 
    0xff630480, 0xffd103be, 0x00cc06b3, 0x00ac02af, 0x080382b7, 0xfd035b20, 0x79068eff, 0xbd02b800, 0xcc068b00, 0x7904b6ff, 0xbb066200, 0x9204aeff, 
    0x16064701, 0x13829e00, 0xbc059b24, 0xa782b000, 0xa1034224, 0x03848500, 0xffcf2608, 0x00d40371, 0x005905cd, 0x01560271, 0xff570203, 0xffd503ce, 
    0xff0c06f1, 0xffde07ff, 0x00d603ff, 0x006b04eb, 0x200382e1, 0x2c0b82b3, 0x001d036d, 0x0018037f, 0x00e70215, 0x200b823b, 0x38778269, 0x005901a6, 
    0x005101bc, 0x00680443, 0x00db032c, 0xff1803fb, 0xff1903c7, 0x380382e0, 0xffc602c4, 0x011603cb, 0x01b60474, 0x01a70472, 0xffd7033f, 0x01eb02c6, 
    0x24038201, 0xffeb0228, 0x2b0383fa, 0xd8ffda03, 0xf9ffdd03, 0x37006d04, 0x54285382, 0xd5001703, 0x0b001603, 0xad200782, 0x33200382, 0x70200382, 
    0x24080f82, 0xff4e02ea, 0x00d703db, 0x001804d1, 0xff160612, 0x001406f9, 0xffde0384, 0x009106fd, 0xfc000085, 0xfd0000fe, 0x20038200, 0x200b82ad, 
    0x200782f9, 0x20038204, 0x20038206, 0x200f820b, 0x200382f5, 0x200b8245, 0x2020827a, 0x200782dc, 0x200f823d, 0x200382f1, 0x20038256, 0x2003826a, 
    0x2003825c, 0x2003824c, 0x2003823e, 0x200386de, 0x200782ee, 0x202b82e6, 0x20038202, 0x200382a4, 0x240f8240, 0xfb00008b, 0x200782e1, 0x200382ca, 
    0x214f85e5, 0x078201fd, 0x0f829f20, 0x0382ff20, 0xb3241b83, 0xa8f90000, 0xf6200382, 0x8f200f82, 0xa7240382, 0x00fe0000, 0xfb202382, 0x4e200b82, 
    0x77200382, 0x9a200382, 0x5c241082, 0xe100d501, 0xd4280384, 0xc403c200, 0xe503e100, 0xbb200782, 0xd0260782, 0xbb02c200, 0x0383ba00, 0x0097043a, 
    0x01c60561, 0x00b9038f, 0x01ba02e1, 0x01bb025e, 0x01010449, 0x01000020, 0x01215b82, 0x20478206, 0x200382b9, 0x820382ea, 0xeb0021e3, 0xf2240782, 
    0xb6010000, 0xfe210385, 0x240f827d, 0xff00004b, 0x200382af, 0x24bb82ce, 0xfa000059, 0x207f82f0, 0x200b8274, 0x20938292, 0x200b820c, 0x20978648, 
    0x20078276, 0x2017826b, 0x2003820b, 0x823782fd, 0xa9fc2102, 0x8a202382, 0xac201782, 0x07200382, 0xc8821782, 0x82d7fb21, 0x82182007, 0x82a0201c, 
    0x82022063, 0x820a2017, 0x825b200f, 0x82222027, 0x82692003, 0x82852003, 0x82d4200f, 0x82b82067, 0x822f201b, 0x8245200f, 0x212f8207, 0x2f822d01, 
    0x03821a20, 0x00210782, 0x20238213, 0x200382a3, 0x201b82d1, 0x05af4158, 0x8264fc21, 0x82cb2007, 0x82752003, 0x82512003, 0x82492003, 0x827c201f, 
    0x41522003, 0xef20065b, 0xf6200b82, 0xd2200382, 0xc1200f82, 0x2105d341, 0x874108fd, 0xfbfc2105, 0x86206782, 0x4c200382, 0x82200f82, 0xef822382, 
    0x82edfc21, 0x8273200b, 0x82c02003, 0x21b78203, 0x1f82f3fc, 0x1f850020, 0x8238fc21, 0x41562023, 0xfa2105cf, 0x20078257, 0x829782c8, 0x58013d87, 
    0x97018303, 0x32011403, 0x6a011603, 0x2500a903, 0x2c00a703, 0x2a001503, 0xd5005a02, 0x203c0382, 0x1f015a02, 0xce005902, 0x3801de03, 0xf100df03, 
    0x7b011703, 0xcf009801, 0x03008403, 0x24060743, 0xff9801a0, 0x085f82b9, 0x54038b54, 0xee045f00, 0x2003c2ff, 0xda033d00, 0xc0019700, 0x61026800, 
    0x2d02d6ff, 0x3002e0ff, 0x7b02f2ff, 0xec0190ff, 0xe304aeff, 0xe704e500, 0xe904fdff, 0x2c022400, 0x2d02a5ff, 0x2402aa00, 0xf6042b00, 0xaf038a01, 
    0x6e06ceff, 0x4e023200, 0xfb04bb00, 0x13838a01, 0x0060042b, 0x01840324, 0x0101040b, 0x220f841b, 0x82c801f6, 0x82c8201b, 0x84c8200b, 0x820f8327, 
    0xb402231b, 0xd7825d00, 0xcf051f24, 0xf8822a00, 0x9704f125, 0x42015b01, 0x02271a6b, 0x0264015e, 0x824901bb, 0x1a240833, 0x4d01eb02, 0x1b01ec02, 
    0x9bff1d02, 0x50ff6803, 0xadff6903, 0xb0ff1c02, 0x9fff5602, 0x96fe5602, 0xbeff4e02, 0x00370783, 0x00b5fa00, 0x001aff00, 0x001afc12, 0x035efb10, 
    0x03eb00ab, 0x82c6ffab, 0x00a72c0b, 0x0092fb0e, 0x0076fb00, 0x829ffc10, 0x004f3007, 0x0077fd00, 0x054efd19, 0x048f01c6, 0x827200fb, 0xea380837, 
    0x87fd0100, 0xf2003c02, 0x06fd0400, 0x33fe0000, 0x7dfc1900, 0xadfd1e00, 0x0ffd1500, 0xb9fd0e00, 0x03008403, 0x0dfb1b00, 0x3bfc0d00, 0x78fc0000, 
    0x78ff5101, 0xb4fc0400, 0x58245b82, 0x5ffc0800, 0x89286782, 0x1bfb0800, 0xe7fa0d00, 0x30245b82, 0xa1006902, 0x2b079349, 0xa600ab02, 0xdb009f02, 
    0x15010804, 0x07360384, 0x11001b01, 0x03001afd, 0xdb03c6fa, 0x93049600, 0x18009600, 0x5782f0fb, 0x16001f24, 0xa382e4fb, 0x6782f820, 0x1c00923e, 
    0xcb035ffd, 0x50024000, 0x51030100, 0x6403efff, 0xc4023100, 0x6803fc00, 0x6c03f100, 0x80280382, 0xb203f200, 0xbe03b400, 0xa6200382, 0xa8370382, 
    0x1102b400, 0x5d020701, 0x92031201, 0xd5014000, 0x8403e100, 0x83044901, 0x8300206f, 0x84022300, 0x03840000, 0x0000fc24, 0x03822003, 0x03824420, 
    0x03826820, 0x03828c20, 0x0382b020, 0x0382c820, 0x0000ec24, 0x03820c04, 0x03823020, 0x03825420, 0x03826c20, 0x03829020, 0x0382b420, 0x0382d820, 
    0x05203b82, 0x05203b82, 0x05253b82, 0x0500005c, 0x20038280, 0x820382a4, 0x8205203b, 0x1006253b, 0x34060000, 0x57820382, 0x57820620, 0x57820620, 
    0x82d40621, 0x00f8240f, 0x822c0700, 0x823c2003, 0x82602003, 0x218b8203, 0x0782a807, 0x0382cc20, 0x0825fb82, 0x08000014, 0x82038238, 0x82082053, 
    0x82082053, 0x82082053, 0x82082053, 0xac092553, 0xd0090000, 0xe0240382, 0x040a0000, 0x28230382, 0x820a0000, 0x820a209b, 0x820a2027, 0x820a201b, 
    0x820b2097, 0x820b2017, 0x820b20b3, 0x880b283f, 0xa00b0000, 0x820c0000, 0x980c21f4, 0xbc200782, 0x3b820382, 0x67820c20, 0x009c0d25, 0x82c00d00, 
    0x00e42403, 0x82080e00, 0x002c2303, 0x07820f00, 0x82180f21, 0x82282007, 0x20678203, 0x20538210, 0x23078310, 0x110000f4, 0x11211782, 0x8207823c, 
    0x941129b3, 0x78120000, 0x20130000, 0x30200382, 0xbf820382, 0x0f821420, 0x53821420, 0x53821420, 0x53821420, 0x4b821520, 0x1f821520, 0x00441524, 
    0x8b821500, 0x82741521, 0x20378207, 0x25ff8215, 0x00001c16, 0x03824016, 0x03826420, 0x1620a382, 0x16206782, 0x16206782, 0x17206782, 0x1720ac82, 
    0x17245382, 0x17000054, 0x17215382, 0x20078290, 0x820382b4, 0xfc1724db, 0x82180000, 0x4c182153, 0x70200782, 0x4f820382, 0x82b81821, 0x00dc2307, 
    0xe3821900, 0x82241921, 0x82482007, 0x007c2303, 0x1f821a00, 0x33821a20, 0x00e81a25, 0x82101b00, 0x82342003, 0x82582003, 0x211b8203, 0x0782a01b, 
    0x0382c420, 0x1c201b82, 0x1c241b82, 0x1c000038, 0x1c213782, 0x8207826c, 0x821c206f, 0x821d206f, 0x821d2087, 0xac1d249b, 0x821e0000, 0x821e200b, 
    0x821e202f, 0xd41f242f, 0x821f0000, 0x822020c3, 0x822020c3, 0x822020c3, 0x7c202453, 0x82200000, 0x82202053, 0x83212023, 0x20278203, 0x206f8223, 
    0x201b8223, 0x201b8223, 0x201b8223, 0x20a78223, 0x82a78223, 0x240021a2, 0x24250482, 0x24000084, 0x2003829c, 0x240382c0, 0x250000e4, 0x20038208, 
    0x2003822c, 0x23038250, 0x26000074, 0x26259782, 0x26000098, 0x230382b0, 0x270000c8, 0x2820a382, 0xa7820383, 0x00702825, 0x82942800, 0x20538203, 
    0x20538228, 0x20fb8229, 0x20538229, 0x201b8229, 0x24c38229, 0x00009029, 0x20c38229, 0x241b8329, 0x2a0000ec, 0x20038218, 0x82038244, 0x9c2a2137, 
    0x4f820782, 0x00f42a25, 0x82202b00, 0x824c2003, 0x82642003, 0x20178203, 0x2133822b, 0x0b82d82b, 0x0000fc23, 0x20df822c, 0x20df822c, 0x211b822c, 
    0x0f82882c, 0x0382ac20, 0x0382d020, 0x2d203782, 0x2d254f82, 0x2d000030, 0x20038254, 0x82038278, 0x822d203b, 0x822d20c7, 0x822e20c7, 0x822e20c7, 
    0x282e241f, 0x822e0000, 0x822e20cb, 0x982e21cb, 0xbc200b82, 0xe0240382, 0x042f0000, 0x1b820382, 0x77822f20, 0x8f822f20, 0xc7822f20, 0x82b82f21, 
    0x82ab8213, 0x30002152, 0x30201b82, 0x3024e782, 0x3000005c, 0x30201782, 0x31201782, 0x3120df82, 0x3120ab82, 0x3125c382, 0x31000068, 0x2003828c, 
    0x200382b0, 0x230382d4, 0x320000f8, 0x3221ab82, 0x20078234, 0x20038258, 0x2003827c, 0x200382a0, 0x240382c4, 0x330000e8, 0x8203820c, 0x82332058, 
    0x823320ab, 0x823320ab, 0xc03321ab, 0xab821382, 0xab823420, 0x002c3424, 0xa7823400, 0xa7823420, 0x1b823420, 0x37823420, 0x57823420, 0x57823420, 
    0x9f823520, 0x9f823520, 0x87823520, 0x00c83529, 0x00d83500, 0x82483600, 0x82602003, 0x82842003, 0x82a82003, 0x82cc2003, 0x00f02303, 0x97823700, 
    0x82803721, 0x20378207, 0x20578238, 0x24278238, 0x00006c38, 0x20278238, 0x20578238, 0x25738238, 0x0000f438, 0x03821839, 0x03823c20, 0x39204382, 
    0x39258f82, 0x3a000098, 0x20038240, 0x20038264, 0x20038288, 0x820382ac, 0xd43a2183, 0xe4200782, 0x33820382, 0x9b823b20, 0x27823b20, 0x00bc3b24, 
    0x17823b00, 0x63823b20, 0xf3823c20, 0x37823c20, 0x37823c20, 0x37823c20, 0x37823c20, 0xe3823d20, 0x00003e24, 0x57823e00, 0x73823e20, 0x73823e20, 
    0x43823e20, 0x8f823f20, 0x00343f25, 0x82443f00, 0x20238203, 0x254f823f, 0x00001440, 0x03823840, 0x03825c20, 0x41200f82, 0x41203382, 0x41203382, 
    0x41203382, 0x42203382, 0x42253382, 0x4200002c, 0x82038250, 0x8c42211f, 0xb8200782, 0xdc230382, 0x82430000, 0x24432163, 0xe3820782, 0xe3824320, 
    0x82904321, 0x82b4200b, 0x82d82003, 0x00fc2403, 0x82204400, 0x216b8203, 0x07826844, 0x44213782, 0x820782b0, 0xf84424b7, 0x82450000, 0x82452053, 
    0x82452053, 0x82452053, 0x824520d3, 0xe04525d3, 0x0c460000, 0xd3820382, 0x37824620, 0x37824620, 0x37824620, 0x37824620, 0x37824620, 0x37824620, 
    0x1b824720, 0xef824720, 0x00257282, 0x00002848, 0x20bb8248, 0x20bb8248, 0x217f8248, 0x0f827c48, 0x0000a023, 0x211c8249, 0x0782c449, 0x0000e823, 
    0x204f824a, 0x2093824a, 0x2023824b, 0x2023824b, 0x24a3824b, 0x0000884c, 0x25c3824d, 0x00003c4e, 0x0382604e, 0x4e20f382, 0x4e20f382, 0x4e20f382, 
    0x4f20f382, 0x4f20f382, 0x4f209f82, 0x4f241b82, 0x50000084, 0x5120a782, 0x51251382, 0x520000c8, 0x82038294, 0x8252203b, 0xf45225ff, 0x18530000, 
    0x30200382, 0x54200382, 0x47820382, 0x5f825320, 0x6f825320, 0x7b825320, 0xaf825320, 0x53825420, 0x7b825520, 0x00a85524, 0x0b835500, 0x55255f82, 
    0x560000fc, 0x82038220, 0x825620e3, 0x825620e3, 0x825620e3, 0x8257204b, 0x8257200f, 0x4c5824eb, 0x82580000, 0x82582033, 0x825920f3, 0x8259201f, 
    0x8259201f, 0x83592017, 0x2553820f, 0x00001c5a, 0x0382405a, 0x03826420, 0x5a20f382, 0x5a20f382, 0x5a209382, 0x5b259382, 0x5b000000, 0x20038224, 
    0x82038248, 0x825b20ef, 0x825b208f, 0xd85b218f, 0x77820f82, 0x77825c20, 0x67825c20, 0x57825c20, 0x57825c20, 0x57825c20, 0x57825c20, 0x57825c20, 
    0x57825d20, 0x57825d20, 0x57825d20, 0x00105e25, 0x82705e00, 0x20ef8203, 0x205b825e, 0x258f825f, 0x0000805f, 0x0382a45f, 0x0382c820, 0x0000ec23, 
    0x21238260, 0x07823460, 0x0382bc20, 0x0000e024, 0x03820461, 0x03821c20, 0x61201382, 0x61256382, 0x620000ac, 0x20038230, 0x20038254, 0x20038278, 
    0x2003829c, 0x240382c0, 0x630000e4, 0x20038208, 0x2003822c, 0x23038250, 0x64000074, 0x64204b82, 0x64209b82, 0x6420b782, 0x6420b782, 0x6420b782, 
    0x6420b782, 0x6420b782, 0x6520b782, 0x65201b82, 0x65245382, 0x65000068, 0x65211b82, 0x820782a8, 0x82662017, 0x82662017, 0x82662017, 0x82662017, 
    0x826620cf, 0x826620cf, 0x826720cf, 0x82672073, 0x7c672947, 0x0c680000, 0x38690000, 0x6b820382, 0x27826920, 0xc7826920, 0x9b826920, 0x82c46921, 
    0x82dc2013, 0x00f42303, 0x23826a00, 0x82246a21, 0x823c2007, 0x82682003, 0x21238203, 0x0782986a, 0x6a204f82, 0x6a20ef82, 0x6a24df82, 0x6b0000f8, 
    0x6b20a782, 0x6b21df82, 0x200b824c, 0x82038264, 0x946b215f, 0x4f820782, 0x4f826b20, 0x4f826b20, 0x4f826b20, 0x00186c24, 0x73826c00, 0x73826c20, 
    0x4f826c20, 0x23826d20, 0x00a46d25, 0x82bc6d00, 0x259f8203, 0x0000606f, 0x0382786f, 0x6f24cb82, 0x700000a0, 0x70206b82, 0x71201b82, 0x72206b82, 
    0x73203f82, 0x73203f82, 0x73208b82, 0x74242782, 0x7400001c, 0x75258782, 0x76000088, 0x20038258, 0x83038270, 0x2137820b, 0x0b82b876, 0x0382d020, 
    0x0000f024, 0x03820077, 0x78289f82, 0x78000008, 0x7900002c, 0x7a244382, 0x7b000044, 0x7c25ab82, 0x7c000074, 0x8203828c, 0x827c2047, 0x827c207f, 
    0x827d20cb, 0x827d202b, 0x827d20cb, 0x837f201f, 0x006c2403, 0x82c08100, 0x207f8203, 0x20cf8282, 0x20cf8282, 0x252b8283, 0x0000ec83, 0x03820484, 
    0x84208782, 0x84202f82, 0x84202b82, 0x8420fb82, 0x8420fb82, 0x8420d782, 0x84202b82, 0x84202b82, 0x8420fb82, 0x85253b82, 0x8500000c, 0x20038230, 
    0x82038254, 0x82852077, 0x828520db, 0x82852077, 0xe08521db, 0x7b821382, 0x7b828620, 0x00288624, 0x23828600, 0x4b828620, 0x4b828620, 0x4b828620, 
    0x4b828620, 0x0f828720, 0x67828820, 0x03828920, 0x00248a24, 0xcb828b00, 0x00208c24, 0xcb828c00, 0x825c8c21, 0x21a78207, 0x0782848c, 0x0382a820, 
    0x0382cc20, 0x0000e423, 0x20eb828e, 0x2073828f, 0x204f828f, 0x201f828f, 0x251f828f, 0x00009c8f, 0x0382b48f, 0x8f202382, 0x8f242382, 0x900000fc, 
    0x91201382, 0x92201382, 0x92247b82, 0x92000040, 0x93246b82, 0x9300003c, 0x9420e382, 0x9520bf82, 0x96249b82, 0x97000090, 0x98244382, 0x98000078, 
    0x98212f82, 0x820782c0, 0x0899243f, 0x82990000, 0x5099218b, 0xd7820782, 0xd7829920, 0x83829920, 0x1f829920, 0xf7829920, 0xf7829a20, 0xaf829a20, 
    0x4f829a20, 0x87829a20, 0x00809a25, 0x82a49a00, 0x82d02003, 0x00e82403, 0x82009b00, 0x20a78203, 0x21a7829b, 0x0b82489b, 0x03826020, 0x9b20f782, 
    0x9b20f782, 0x9b21f782, 0x820f82c4, 0x829c2083, 0x829c2067, 0x829c2067, 0x829c207f, 0xc89c247f, 0x829c0000, 0x049d259f, 0x1c9d0000, 0x44200382, 
    0x17820382, 0xc7829d20, 0x47829e20, 0x47829e20, 0x2b829e20, 0xb7829e20, 0x8f829e20, 0x8f829e20, 0x00e09e24, 0x1b829f00, 0x4f829f20, 0x9b829f20, 
    0x7782a020, 0x9782a020, 0x2b82a020, 0x0084a024, 0xab82a100, 0xe382a120, 0x9f82a120, 0x82bca121, 0x202f820f, 0x24fb82a1, 0x000064a2, 0x216782a3, 
    0x0782b0a3, 0x0382d420, 0xa4251382, 0xa4000010, 0x20038228, 0x8203824c, 0x82a420d3, 0x82a42033, 0x82a52093, 0x50a525c7, 0x70a50000, 0xc3820382, 
    0x00a0a624, 0xc382a600, 0xeb82a620, 0xeb82a720, 0x7382a720, 0x003ca724, 0x1f82a700, 0x1f82a720, 0x82b8a721, 0x2037820b, 0x24df82a8, 0x0000d8a8, 
    0x202782a9, 0x251382aa, 0x000074ab, 0x03828cab, 0xab205782, 0xac241f82, 0xac000058, 0xad203382, 0xae246f82, 0xaf000014, 0xb0206782, 0xb0209382, 
    0xb0240b82, 0xb000002c, 0xb021ff82, 0x8207825c, 0x82b02037, 0x82b02037, 0x82b020ab, 0x82b020ab, 0x82b120ab, 0x82b12073, 0x20b2256b, 0x38b20000, 
    0x9f820382, 0x0068b224, 0xd782b300, 0x827cb321, 0x211b8207, 0x0782acb3, 0xb321a782, 0x240782dc, 0xb40000f4, 0x2003820c, 0x82038224, 0x82b42057, 
    0x82b42057, 0x82b42057, 0x82b42057, 0xbcb4218f, 0x5b821782, 0x00ecb424, 0x8382b500, 0x821cb521, 0x82342007, 0x20a38203, 0x21a382b5, 0x0b8288b5, 
    0xb520f782, 0xb521c782, 0x230b82d0, 0xb60000fc, 0xb620a782, 0xb620a782, 0xb8204f82, 0xb8208382, 0xb8205382, 0xb8207b82, 0xb8205382, 0xb8205382, 
    0xb8205382, 0xb8205382, 0xb9205382, 0xb9205382, 0xb9205382, 0xb9205382, 0xb920ef82, 0xba20a782, 0xba208f82, 0xba201382, 0xba201382, 0xba201382, 
    0xbb20a382, 0xbb241382, 0xbc0000f0, 0xbd200382, 0xbd203b82, 0xbe203b82, 0xbe203b82, 0xbf206b82, 0xbf240782, 0xc10000e4, 0xc1240b82, 0xc20000c0, 
    0xc2209782, 0xc320e782, 0xc3207f82, 0xc4292f82, 0xc4000050, 0xc50000b0, 0x2003823c, 0x20038254, 0x2003826c, 0x20038284, 0x2003829c, 0x200382b4, 
    0x820382cc, 0x82c62027, 0x40c62873, 0xc8c60000, 0x82c70000, 0x82c820df, 0x18c9250f, 0x28ca0000, 0x17820382, 0x1382ca20, 0x5b82ca20, 0xf382ca20, 
    0xf382ca20, 0xf382ca20, 0x82dcca21, 0x209f821b, 0x209f82cb, 0x25eb82cb, 0x000048cb, 0x038200cc, 0xcd20e382, 0xce280382, 0xce000020, 0xcf0000d8, 
    0xd0247f82, 0xd0000068, 0xd1242b82, 0xd30000f8, 0xd4241382, 0xd500008c, 0xd5204f82, 0xd5214f82, 0x200b82ac, 0x230382c4, 0xd60000e8, 0xd6214b82, 
    0x82078230, 0x78d624ab, 0x82d70000, 0x82d72043, 0x25328217, 0x0024d800, 0xc782d800, 0x8260d821, 0x21c38207, 0x0782a8d8, 0xd8207082, 0xd920bf82, 
    0xd920cf82, 0xd920cf82, 0xda240f82, 0xdb000098, 0xdc206f82, 0xdc208f82, 0xdc202b82, 0xdc244782, 0xdc000090, 0xdc212f82, 0x820782c0, 0x82dc204c, 
    0x08dd2433, 0x82dd0000, 0x82dd205f, 0x50dd21bb, 0x33820b82, 0x8280dd21, 0x203f8207, 0x21b382dd, 0x0b82d4dd, 0xde25af82, 0xde00001c, 0x20038234, 
    0x8203824c, 0x82de20b3, 0xa0de21b3, 0xb8200b82, 0xd0200382, 0x9f820382, 0xb782df20, 0x6782df20, 0x6782df20, 0xbf82e020, 0x7b82e020, 0x7b82e020, 
    0x1382e020, 0x9b82e020, 0x9b82e020, 0x9b82e020, 0x00e4e024, 0x7782e100, 0x7782e120, 0x7782e120, 0x7782e120, 0x8274e121, 0x828c2013, 0x00a42403, 
    0x822ce200, 0x82442003, 0x208b8203, 0x208b82e2, 0x208b82e2, 0x218b82e2, 0x1382c8e2, 0x0382e020, 0xe3258f82, 0xe3000010, 0x20038228, 0x20038240, 
    0x82038258, 0x94e32193, 0xd3820782, 0x4f82e420, 0x3b82e420, 0x4f82e420, 0xb382e520, 0xb382e520, 0x00f4e524, 0x9f82e600, 0x8224e621, 0x823c2007, 
    0x82542003, 0x20978203, 0x24ab82e6, 0x000014e7, 0x207382e7, 0x207382e7, 0x201782e7, 0x205f82e7, 0x204f82e8, 0x20e382e8, 0x205f82e9, 0x200f82e9, 
    0x206f82ea, 0x206f82ea, 0x200f82ea, 0x206f82ea, 0x201f82ea, 0x251f82ea, 0x0000acea, 0x0382c4ea, 0x0382dc20, 0x0000ec24, 0x038204eb, 0x03821c20, 
    0xeb207782, 0xeb207782, 0x16821782, 0x82ec0021, 0x48ec2577, 0x60ec0000, 0xc0230382, 0x82ed0000, 0x82ed2023, 0x82ed204b, 0x82ee20cf, 0x82ef2047, 
    0x82ef201f, 0x82ef2097, 0x6cef257f, 0x84ef0000, 0xa8200382, 0xcc230382, 0x82f00000, 0x82f02047, 0xe4f028a7, 0xa4f10000, 0x82f20000, 0x82f2203b, 
    0x82f32023, 0x82f3206b, 0x82f4207b, 0x08f5258f, 0x30f50000, 0x0b830382, 0x07827c20, 0x0382a020, 0xf5241b82, 0xf60000e8, 0xf620f782, 0xf6201b82, 
    0xf6205b82, 0xf620f382, 0xf6201b82, 0xf6205782, 0xf720d782, 0xf7247782, 0xf7000050, 0xf7203382, 0xf7256f82, 0xf80000d4, 0x20038200, 0x82038218, 
    0x74f92523, 0x9cf90000, 0xb3820382, 0x2782fa20, 0x1f82fa20, 0x0028fb25, 0x8244fb00, 0x00d82403, 0x8270fc00, 0x24bf8203, 0x000098fc, 0x208f82fd, 
    0x207382fd, 0x206782fe, 0x242f82fe, 0x0000d0fe, 0x257f82fe, 0x010064ff, 0x03821000, 0x03822820, 0x0100c824, 0x03824801, 0x03826020, 0x01008424, 
    0x03820402, 0x03829c20, 0x0100f424, 0x03820c03, 0x03250b82, 0x040100b4, 0x27038230, 0x050100e8, 0x06010090, 0x07252f82, 0x07010044, 0x230382d4, 
    0x080100ec, 0x08243382, 0x0a0100bc, 0x0a202f82, 0x0b290f82, 0x0b0100a0, 0x0c0100b0, 0x28038234, 0x0d01004c, 0x0e010020, 0x8203822c, 0x5c0e2133, 
    0x74200782, 0x8c200382, 0xa4200382, 0x37820382, 0x47820e20, 0x37820e20, 0x47820f20, 0x001c0f25, 0x823c0f01, 0x21278203, 0x07827c0f, 0x0f207f82, 
    0x0f212382, 0x230b82dc, 0x100100fc, 0x10201f82, 0x10205782, 0x10215782, 0x820f826c, 0x821020b3, 0x82102047, 0x82102023, 0xb8112423, 0x82120100, 
    0x8212206f, 0x821320ab, 0xd013250b, 0x98140100, 0xa82c0382, 0x78150100, 0x40160100, 0x50170100, 0x68200382, 0x80200382, 0x1b820382, 0xab821720, 
    0x82c81721, 0x82e0200b, 0x00f82303, 0x4f821801, 0x27821920, 0x00581925, 0x82701901, 0x82882003, 0x20d38203, 0x204f8219, 0x204f8219, 0x255b8219, 
    0x0100001a, 0x0382181a, 0x03823020, 0x1a204f82, 0x1a212782, 0x820b8290, 0x821a204b, 0xf01a2523, 0x101b0100, 0x1f820382, 0x1f821b20, 0x6f821b20, 
    0x47821b20, 0x47821b20, 0x00c01b25, 0x82641c01, 0x82cc2003, 0x82e42003, 0x25d78203, 0x0100141d, 0x03822c1d, 0x03824420, 0x1d21fb82, 0x20078274, 
    0x8203828c, 0x821d208b, 0xd41d21db, 0xec240b82, 0x041e0100, 0x1c200382, 0x34200382, 0x4c200382, 0x47820382, 0x0b821f20, 0x43821f20, 0x2f822020, 
    0x0b822120, 0x17822120, 0x17822120, 0x6f822120, 0x00242224, 0x6f822201, 0x57822320, 0x00542325, 0x826c2301, 0x82842003, 0x829c2003, 0x82b42003, 
    0x20838203, 0x20838223, 0x203f8223, 0x20838224, 0x20838224, 0x202b8224, 0x20838224, 0x20838224, 0x20538224, 0x20838224, 0x20838224, 0x20838224, 
    0x28838224, 0x0100ac25, 0x01007c26, 0x212f8227, 0x0782d827, 0x2825eb82, 0x28010008, 0x20038220, 0x82038238, 0x822820ef, 0x802821ef, 0x98200b82, 
    0xb0200382, 0xc8200382, 0xe8230382, 0x82290100, 0x28292127, 0x48200782, 0x23820382, 0xa3822920, 0x82a82921, 0x201f820b, 0x241f8229, 0x0100002a, 
    0x2047822a, 0x2147822a, 0x0b82582a, 0x0100f823, 0x2077822b, 0x206f822c, 0x20c7822c, 0x2873822d, 0x0100402d, 0x0100d02d, 0x20e3822e, 0x2417822e, 
    0x0100902f, 0x25c3822f, 0x01000430, 0x03827030, 0x31243382, 0x32010010, 0x32200f82, 0x32201f82, 0x33205782, 0x33245782, 0x33010018, 0x33207b82, 
    0x33203f82, 0x3320a382, 0x33207f82, 0x3420bf82, 0x34203382, 0x34208782, 0x2b820b83, 0x00cc3525, 0x82783601, 0x20578203, 0x209b8236, 0x25778236, 
    0x01003c37, 0x03825437, 0x37201782, 0x37207b82, 0x38282782, 0x38010060, 0x390100ec, 0x39256782, 0x3a0100dc, 0x23038284, 0x3b01009c, 0x3c254b82, 
    0x3d010034, 0x82038244, 0x823e202b, 0xf03e2467, 0x823f0100, 0x8240201b, 0x50412427, 0x82420100, 0x8042213b, 0xe0230782, 0x82440100, 0x82442097, 
    0x6c452427, 0x82460100, 0x824720d3, 0x82482007, 0x824820e7, 0xb8492413, 0x824a0100, 0x824a203f, 0x824d209b, 0x824e200b, 0x824f2003, 0xfc502557, 
    0x24520100, 0xf4230382, 0x82530100, 0x08552443, 0x82550100, 0x82572007, 0x8258208b, 0x82592003, 0x8259201b, 0xb45b24bb, 0x825c0100, 0x825d2023, 
    0x825e204b, 0x825e2077, 0x825f204b, 0x825f20c3, 0xe460258b, 0x10620100, 0xa4200382, 0x9f820382, 0x8f826320, 0x0b826320, 0xc7826420, 0x00006524, 
    0xf7826501, 0xcb826620, 0x33826720, 0x47826720, 0x00ac6829, 0x00906901, 0x823c6a01, 0x00982403, 0x82486b01, 0x20238203, 0x201f826c, 0x24af826d, 
    0x0100b06d, 0x214f826e, 0x0782206e, 0x03823020, 0x03824020, 0x6e217382, 0x20078260, 0x82038270, 0x826e205f, 0x826f203f, 0x826f2037, 0xc86f24c7, 
    0x826f0100, 0xe86f21d7, 0xf8240782, 0x18700100, 0x28200382, 0x4c200382, 0x7c200382, 0x6f820382, 0x82bc7021, 0x00cc2307, 0x7f827101, 0x3b827220, 
    0x00a07224, 0x67827201, 0x13827220, 0x37827220, 0xeb827320, 0x6f827320, 0x93827320, 0x00587325, 0x826c7301, 0x20b38203, 0x209f8273, 0x20ff8273, 
    0x20678273, 0x20678273, 0x20678273, 0x822f8373, 0x08742467, 0x82740100, 0x8274206b, 0x3874216b, 0x8f820b82, 0x3b827420, 0xc7827420, 0xfb827420, 
    0x63827420, 0x77827420, 0x33827420, 0x00f47424, 0xd3827501, 0x822c7521, 0x21278207, 0x07826475, 0x7521c782, 0x8207829c, 0xd475215b, 0xe4200782, 
    0x7720038d, 0x77205382, 0x77242382, 0x780100f0, 0x78216b82, 0x24078274, 0x7901008c, 0x82038254, 0x8279209f, 0x827a2063, 0x247b24e3, 0x827c0100, 
    0x827c2057, 0x827c20af, 0x827d209b, 0x827d2037, 0x827d207b, 0x827e2037, 0x407f288f, 0x1c800100, 0x82820100, 0x8282202b, 0x8282209b, 0x82822037, 
    0x8282201f, 0x8282209b, 0x8282209b, 0x8283209b, 0xcc83259b, 0xc0840100, 0xdb820382, 0x00308525, 0x82808501, 0x20238203, 0x250f8285, 0x01003486, 
    0x03827086, 0x0382ac20, 0x87201382, 0x8724f782, 0x870100a8, 0x8820b382, 0x88209b82, 0x88249b82, 0x890100e0, 0x89204782, 0x89208b82, 0x8920e382, 
    0x8920e382, 0x89204382, 0x8920e382, 0x8920e382, 0x8920e382, 0x8a259382, 0x8a01000c, 0x20038228, 0x20038244, 0x8203827c, 0x828a2073, 0x828b2063, 
    0x828b203b, 0x828b2017, 0x828b20af, 0x908b246b, 0x828b0100, 0x828b201b, 0x828c20a3, 0x828c201b, 0x828c201b, 0x828c2057, 0x828c201b, 0x828c20bf, 
    0x828c2053, 0x828d201b, 0x828d20db, 0x548d249f, 0x828d0100, 0x828d2017, 0x838d2033, 0x00fc2317, 0x8b828e01, 0x825c8e21, 0x828c2007, 0x20bb8203, 
    0x20e3828e, 0x2017828e, 0x209b828f, 0x200b828f, 0x20bf828f, 0x200f828f, 0x283f8290, 0x01006c90, 0x0100c890, 0x24338291, 0x01008891, 0x20378292, 
    0x20eb8292, 0x209b8292, 0x24ab8293, 0x01003c94, 0x25f78295, 0x01009496, 0x03825097, 0x97202f82, 0x97212782, 0x820b82a4, 0xdc972173, 0x2b820782, 
    0x00149825, 0x82309801, 0x824c2003, 0x82682003, 0x82842003, 0x20978203, 0x204b8298, 0x20c38299, 0x20378299, 0x209f8299, 0x2407829a, 0x0100c49a, 
    0x20ef829b, 0x243f829b, 0x0100e09c, 0x24e7829e, 0x0100389f, 0x201382a0, 0x202382a0, 0x20ef82a2, 0x249f82a2, 0x01000ca4, 0x202b82a4, 0x20b382a5, 
    0x24bb82a6, 0x010070a7, 0x206b82a7, 0x207f82a8, 0x202b82a9, 0x248382a9, 0x010008aa, 0x207782ab, 0x201f82ac, 0x24af82ad, 0x0100b4ad, 0x213782ae, 
    0x07829cae, 0xaf204382, 0xb0204f82, 0xb024db82, 0xb10100d4, 0xb2201b82, 0xb3243782, 0xb301001c, 0xb4207b82, 0xb5243f82, 0xb60100b8, 0xb620b382, 
    0xb7242782, 0xb8010080, 0xb8214f82, 0x82078258, 0x82b92067, 0xecb92953, 0x98ba0100, 0x3cbb0100, 0x87820382, 0x008cbc24, 0x0b82bd01, 0x3782bd20, 
    0xf382be20, 0x00a8be24, 0xdf82bf01, 0x00acbf24, 0x3b82c001, 0xf382c020, 0x005cc124, 0xf782c101, 0x2782c220, 0x3f82c220, 0x8782c320, 0x0004c524, 
    0x1b82c501, 0xc382c620, 0x6782c720, 0x7b82c820, 0x0050c92c, 0x00b4c901, 0x00d0ca01, 0x2382cb01, 0x4b82cc20, 0x0782cc20, 0x7f82cd20, 0x0b82cd20, 
    0x8382cd20, 0x0084ce24, 0xab82ce01, 0x6b82cf20, 0x0034cf25, 0x8254cf01, 0x82742003, 0x82942003, 0x203b8203, 0x24d782cf, 0x0100f4cf, 0x201f82d0, 
    0x201f82d0, 0x201f82d0, 0x201f82d0, 0x201f82d0, 0x201f82d0, 0x201f82d0, 0x201f82d0, 0x201f82d1, 0x201f82d1, 0x201f82d1, 0x201f82d1, 0x201f82d1, 
    0x201f82d1, 0x201f82d1, 0x201f82d1, 0x201f82d2, 0x201f82d2, 0x201f82d2, 0x201f82d2, 0x201f82d2, 0x201f82d2, 0x201f82d2, 0x201f82d2, 0x201f82d3, 
    0x201f82d3, 0x201f82d3, 0x201f82d3, 0x201f82d3, 0x201f82d3, 0x201f82d3, 0x201f82d3, 0x201f82d4, 0x201f82d4, 0x201f82d4, 0x201f82d4, 0x201f82d4, 
    0x201f82d4, 0x201f82d4, 0x201f82d4, 0x201f82d5, 0x291f82d5, 0x01006cd5, 0x0100e4d5, 0x038278d6, 0xd72cd782, 0xd7010018, 0xd80100a0, 0xd9010070, 
    0xd9242382, 0xda010088, 0xda291382, 0xdb0100fc, 0xdd0100f0, 0x23038200, 0xde010048, 0xdf203b82, 0xe0243b82, 0xe001000c, 0xe0255b82, 0xe10100d0, 
    0x2003822c, 0x24038280, 0xe20100dc, 0x20038228, 0x23038264, 0xe30100c4, 0xe3213f82, 0x20078238, 0x82038258, 0x98e32167, 0xb8200782, 0xd8200382, 
    0xf8230382, 0x82e40100, 0x82e4201f, 0x82e4201f, 0x82e4201f, 0x82e4201f, 0x82e4201f, 0x82e4201f, 0x82e4201f, 0x82e5201f, 0x82e5201f, 0x82e5201f, 
    0x82e5201f, 0x82e5201f, 0x82e5201f, 0x08e6251f, 0x44e60100, 0x67820382, 0x8284e621, 0x82ac2007, 0x207b8203, 0x249382e7, 0x01003ce7, 0x219f82e7, 
    0x07829ce7, 0x0382cc20, 0xe820bf82, 0xe8259f82, 0xe801005c, 0x2003828c, 0x240382bc, 0xe90100ec, 0x2003821c, 0x2003824c, 0x8203827c, 0x82e9203f, 
    0x82ea203f, 0x82ea203f, 0xf4eb2c57, 0x24ee0100, 0xd4f00100, 0x82f10100, 0x82f120f7, 0x68f121f3, 0x53820b82, 0xef82f120, 0x00e0f124, 0x1382f201, 
    0x2b82f220, 0x8254f221, 0x2487820b, 0x010014f3, 0x203382f3, 0x201782f3, 0x201782f3, 0x201782f3, 0x201783f3, 0x82178274, 0x94f324a3, 0x82f40100, 
    0x82f4209b, 0x82f42073, 0x82f4208b, 0x82f420cb, 0x20f52573, 0x80f50100, 0xc4240382, 0x48f60100, 0x67820382, 0x82b4f621, 0x2403be07, 0x0100e4f7, 
    0x20fb82f7, 0x209782f8, 0x209782f8, 0x247b82f8, 0x010060f8, 0x206f82f9, 0x24c782f9, 0x010018fa, 0x249b82fa, 0x0100e8fa, 0x208f82fb, 0x20eb82fb, 
    0x249b82fc, 0x0100a4fc, 0x203382fd, 0x28b382fd, 0x01000cfe, 0x01008cfe, 0x290f82ff, 0x020094ff, 0x02004c00, 0x03820401, 0x02250b82, 0x02020024, 
    0x28038290, 0x030200fc, 0x0402008c, 0x2403821c, 0x050200cc, 0x2003827c, 0x20038298, 0x200382b4, 0x240382d0, 0x060200ec, 0x82038208, 0x4006212f, 
    0x5c200782, 0x78200382, 0x43820382, 0x82b00621, 0x24338207, 0x0200e806, 0x21578207, 0x07822007, 0x03823c20, 0x03825820, 0x03827420, 0x0382a420, 
    0x08253f82, 0x08020018, 0x20038248, 0x8203826c, 0xe0082573, 0x2c090200, 0x60200382, 0x47820382, 0x7b820a20, 0x00840a24, 0x13820b02, 0x13820b20, 
    0x00b80b29, 0x00540c02, 0x820c0d02, 0x82c42003, 0x20438203, 0x2053820e, 0x202b820e, 0x2083820f, 0x209b8210, 0x28b78211, 0x0200a012, 0x0200f412, 
    0x207b8213, 0x202f8213, 0x24578213, 0x02002814, 0x20178214, 0x20a78215, 0x20778217, 0x28778217, 0x0200a817, 0x0200d817, 0x29078218, 0x02001419, 
    0x02008019, 0x03824c1a, 0x0200f823, 0x204b821b, 0x205b821c, 0x204f821c, 0x245f821d, 0x0200f01d, 0x244b821e, 0x0200ac1e, 0x2057821f, 0x2047821f, 
    0x2423821f, 0x02000820, 0x24f78220, 0x0200e420, 0x24f78221, 0x02007022, 0x207b8222, 0x200f8223, 0x25178224, 0x02008824, 0x03829824, 0x24211b82, 
    0x820782c8, 0x8224208b, 0x1025245f, 0x82250200, 0x82252093, 0x822520b7, 0x82252067, 0x82252037, 0x8225202b, 0x822520a3, 0xd02521e7, 0xe8211f82, 
    0x05107500, 0x2621af82, 0x820b823c, 0x6c26217f, 0x84200782, 0x9c200382, 0x7f820382, 0x82cc2621, 0x206b8207, 0x20a78226, 0x25c38227, 0x02002c27, 
    0x03824427, 0x27219f82, 0x20078274, 0x2003828c, 0x200382a4, 0x200382bc, 0x230382d4, 0x280200ec, 0x2821bf82, 0x2007821c, 0x82038234, 0x642821ef, 
    0x7c200782, 0xe7820382, 0xdf822820, 0x82c42821, 0x00dc240b, 0x82002902, 0x82242003, 0x82482003, 0x21778203, 0x07829029, 0x2a207382, 0x2a204b82, 
    0x2b20c782, 0x2b204782, 0x2b204782, 0x2b204782, 0x2b204782, 0x2b20c382, 0x2b204382, 0x2b20bf82, 0x2b253f82, 0x2c0200f4, 0x8203820c, 0x822c2043, 
    0x822c20bf, 0x822c20bf, 0x822c2047, 0x822c20bf, 0x822c20bf, 0x822c204b, 0x822c20bf, 0x822c20bf, 0x822d20bf, 0x822d20bf, 0x822d20bf, 0x822d20bf, 
    0x822d20bf, 0x982d25bf, 0xb02d0200, 0xc8200382, 0x73820382, 0x00f82d25, 0x82102e02, 0x82282003, 0x82402003, 0x82582003, 0x21778203, 0x0782882e, 
    0x0382a020, 0x2e217b82, 0x230782d0, 0x2f0200e8, 0x2f21bf82, 0x20078218, 0x82038230, 0x602f21c3, 0x78200782, 0xc7820382, 0x82a82f21, 0x82c02007, 
    0x82d82003, 0x00f02403, 0x82083002, 0x82202003, 0x82382003, 0x217b8203, 0x07828030, 0x0382a420, 0x30247782, 0x310200ec, 0x31207382, 0x31202f82, 
    0x3220ab82, 0x32202b82, 0x32202b82, 0x32242b82, 0x32020050, 0x3220a782, 0x3221a782, 0x820b82bc, 0x823220a3, 0x823320a3, 0x8233202f, 0x823320a3, 
    0x823320a3, 0x823320a3, 0x823320a3, 0x823320a3, 0x823320a3, 0x823320a3, 0x823320a3, 0x823420a3, 0x823420a3, 0x823420a3, 0x823420a3, 0xc43424a3, 
    0x82340200, 0x14352463, 0x82350200, 0x823520a3, 0x82352073, 0x3c3625a3, 0x9c360200, 0xfc230382, 0x82370200, 0x8237206b, 0x82372043, 0x1c38243f, 
    0x82380200, 0x82382083, 0x82382083, 0x82382017, 0x82382083, 0x04392483, 0x82390200, 0x4c39217f, 0x7b820782, 0x82943921, 0x20cb8207, 0x20cb8239, 
    0x249b823a, 0x0200343a, 0x2197823a, 0x07827c3a, 0x3a209382, 0x3a207782, 0x3b244f82, 0x3b02000c, 0x3b218b82, 0x20078254, 0x82038278, 0x823b2073, 
    0xf43b2483, 0x823c0200, 0x823c20a7, 0x603c2187, 0x84200b82, 0x83820382, 0x00dc3c24, 0xc3823d02, 0x82243d21, 0x21bf8207, 0x07826c3d, 0x03829020, 
    0x0382b420, 0x3d20b782, 0x3e20af82, 0x3e204f82, 0x3e204f82, 0x3e204f82, 0x3e204f82, 0x3e20fb82, 0x3f204f82, 0x3f204f82, 0x3f204f82, 0x3f204f82, 
    0x3f204f82, 0x3f28ef82, 0x3f0200cc, 0x400200f0, 0x4021ff82, 0x20078238, 0x2003825c, 0x20038280, 0x820382a4, 0x824020bf, 0x824120bf, 0x824120bf, 
    0x824120bf, 0x824120bf, 0x824120bf, 0x824120bf, 0x824120bf, 0x824220bf, 0x824220bf, 0x8242206f, 0x8242206f, 0x8242206f, 0x8242206f, 0x82422037, 
    0x8243206f, 0x8243201b, 0x824320a7, 0x82432073, 0x82432073, 0x82432073, 0x82432073, 0xe44325df, 0x08440200, 0x57820382, 0x824c4421, 0x82642007, 
    0x82882003, 0x82ac2003, 0x205b8203, 0x205b8244, 0x203f8245, 0x205b8245, 0x20e78245, 0x203f8245, 0x205f8245, 0x20978245, 0x203f8245, 0x25eb8245, 
    0x02000446, 0x03822846, 0x46213f82, 0x82078270, 0xbc46211b, 0xe0200782, 0xf8240382, 0x1c470200, 0x3b820382, 0x3b824720, 0x3b824720, 0x82904721, 
    0x82b4200f, 0x203b8203, 0x20f38247, 0x257f8248, 0x02002048, 0x03824448, 0x48203f82, 0x48207f82, 0x4821db82, 0x230f82b8, 0x490200dc, 0x49211f82, 
    0x2007822c, 0x20038250, 0x20038274, 0x8203828c, 0x82492063, 0x824920df, 0x82492063, 0x104a2463, 0x824a0200, 0x584a21c3, 0x43820782, 0x82944a21, 
    0x20c38207, 0x20c3824a, 0x25c3824a, 0x0200004b, 0x0382184b, 0x4b20c782, 0x4b218b82, 0x200b826c, 0x20038284, 0x200382a8, 0x820382cc, 0x144c2587, 
    0x384c0200, 0x1b820382, 0xa3824c20, 0xa3824c20, 0xa3824c20, 0x1b824c20, 0x83824d20, 0x83824d20, 0xa3824d20, 0x005c4d24, 0x87824d02, 0x82984d21, 
    0x21e78207, 0x0782d44d, 0x4e208382, 0x4e25e782, 0x4e020040, 0x82038264, 0x824e20c3, 0xd04e217f, 0xf4230b82, 0x824f0200, 0x3c4f217b, 0x68200782, 
    0xbf820382, 0xbf824f20, 0x3b824f20, 0x3b824f20, 0x00ec4f25, 0x82045002, 0x203f8203, 0x21c38250, 0x0b825450, 0x03827820, 0x50208382, 0x50219f82, 
    0x820b82c0, 0x82502087, 0x82512087, 0x20512487, 0x82510200, 0x825120a7, 0x825120eb, 0xe451244b, 0x82520200, 0x82522017, 0x4c52219f, 0x33820b82, 
    0x00605325, 0x82805302, 0x205b8203, 0x205b8254, 0x20578254, 0x20bb8254, 0x205b8254, 0x245b8254, 0x02009c54, 0x24f78254, 0x0200fc54, 0x210f8255, 
    0x0782dc55, 0x56202b82, 0x56201782, 0x5724af82, 0x57020030, 0x5720cb82, 0x57208382, 0x5824c382, 0x58020010, 0x58207782, 0x58201782, 0x5820bb82, 
    0x5825bb82, 0x590200e0, 0x82038200, 0x8259201b, 0x8259201b, 0xc459242f, 0x825a0200, 0x5c5a21e7, 0x5f820782, 0x53825a20, 0x00745b28, 0x00945b02, 
    0x87825c02, 0x82245c21, 0x200b8307, 0x820782b4, 0x825d20fb, 0x825e2033, 0x825e20f7, 0x825e20bb, 0x825e209f, 0x825e2037, 0x825e202f, 0x825e20d7, 
    0x825e2067, 0x825e2067, 0x825e2027, 0x825f2047, 0x825f203f, 0x825f202b, 0x4c5f25cb, 0x645f0200, 0x7c200382, 0x4f820382, 0xff826020, 0x00186024, 
    0x9f826002, 0x82486021, 0x20d38207, 0x24b78260, 0x0200f060, 0x21638261, 0x07825861, 0x6124af82, 0x620200f8, 0x6221af82, 0x23078298, 0x630200b0, 
    0x63206782, 0x6420f382, 0x64204f82, 0x65201b82, 0x65245f82, 0x660200d8, 0x66205782, 0x66215782, 0x820b82ac, 0xe8662447, 0x82680200, 0x826820eb, 
    0x826820bf, 0x826920bb, 0x826a20a3, 0x826b2057, 0xe46b2473, 0x826c0200, 0x6c6d242f, 0x826e0200, 0x546e2187, 0x0b830782, 0x6f244f82, 0x700200a8, 
    0x7024c382, 0x710200cc, 0x72202782, 0x73200b82, 0x74205782, 0x75207782, 0x75243f82, 0x76020050, 0x76203382, 0x7720a782, 0x77205f82, 0x78206782, 
    0x78200f82, 0x7924c782, 0x7a02002c, 0x7a24ab82, 0x7b0200c8, 0x7c202f82, 0x7c202f82, 0x7c202f82, 0x7d202382, 0x7e24b382, 0x7f0200dc, 0x7f243382, 
    0x800200c0, 0x81207f82, 0x81203782, 0x81203382, 0x8224db82, 0x830200b8, 0x84207b82, 0x8524ab82, 0x86020088, 0x87243782, 0x87020014, 0x8920cb82, 
    0x8a247f82, 0x8b020048, 0x8c302382, 0x8e020044, 0x8f02000c, 0x90020028, 0x91020084, 0x92255b82, 0x92020068, 0x82038278, 0xc493250b, 0x60940200, 
    0x70200382, 0xec230382, 0x82950200, 0x82962067, 0x8296202b, 0x829720af, 0x8298201b, 0x82992063, 0x8299201f, 0x829a20df, 0x829a20b3, 0x189b2407, 
    0x829b0200, 0xd49b251b, 0x249c0200, 0x3c200382, 0x3f820382, 0x17829d20, 0x13829d20, 0x00909e24, 0x8f829f02, 0x00f49f25, 0x8238a002, 0x825c2003, 
    0x82742003, 0x21e38203, 0x0782b0a0, 0xa020cf82, 0xa021a782, 0x820b82e0, 0x82a12067, 0x82a120b7, 0x82a12047, 0xe4a12417, 0x82a20200, 0x82a32097, 
    0x20a4244f, 0x82a40200, 0x82a5206f, 0x83a6204f, 0x00a02303, 0x7782a602, 0x82dca621, 0x205b8207, 0x206f82a7, 0x259382a7, 0x020040a7, 0x038264a7, 
    0xa720bb82, 0xa7206382, 0xa7216382, 0x820f82c8, 0x04a8245f, 0x82a80200, 0x4ca821cf, 0x53820782, 0x8294a821, 0x24678207, 0x02006ca9, 0x215f82aa, 
    0x078244aa, 0xaa209f82, 0xaa219f82, 0x820b8298, 0x82aa203b, 0x82aa203b, 0x88ab253b, 0x0cad0200, 0x17820382, 0x0054ae24, 0x7382ae02, 0x00b4af24, 
    0x3f82b002, 0xbf82b020, 0xa782b020, 0x0000b124, 0x8782b102, 0x8782b120, 0x8782b120, 0x8782b120, 0x8782b120, 0x6782b120, 0x82acb121, 0x82bc201b, 
    0x82d42003, 0x00ec2303, 0x8b82b202, 0x821cb221, 0x82342007, 0x82dc2003, 0x204f8203, 0x205f82b3, 0x20fb82b3, 0x208782b3, 0x204f82b3, 0x246b82b4, 
    0x0200f0b4, 0x249f82b5, 0x020010b6, 0x212b82b6, 0x078258b6, 0x03826820, 0x02007823, 0x242f82b7, 0x0200a0b7, 0x241f82b8, 0x020038b9, 0x206782b9, 
    0x241382ba, 0x02009cbb, 0x20df82bc, 0x204782bd, 0x242f82be, 0x02002cbf, 0x21ab82bf, 0x0782ccbf, 0x0382e420, 0x0200fc24, 0x038214c0, 0xc0201782, 
    0xc0202382, 0xc020f382, 0xc024f382, 0xc102008c, 0xc120c382, 0xc2246b82, 0xc2020084, 0xc2204f82, 0xc220b782, 0xc2203782, 0xc2203782, 0xc320a382, 
    0xc3205f82, 0xc3243782, 0xc3020054, 0xc3207782, 0xc320df82, 0xc3202782, 0xc3215f82, 0x821382c4, 0x82c320df, 0x82c3202b, 0x82c4202b, 0x82c4202b, 
    0x82c420b3, 0x82c42027, 0x82c4205b, 0xbcc42497, 0x82c40200, 0x82c520ff, 0x4cc52443, 0x82c50200, 0x82c5207b, 0x82c52043, 0x82c52067, 0x82c5201b, 
    0xdcc5216b, 0x23821782, 0x3382c620, 0x9f82c720, 0x00b0c723, 0x20038302, 0x25b382c8, 0x020048c8, 0x0382a4c9, 0xca251f82, 0xca020024, 0x20038298, 
    0x200382b8, 0x240382c8, 0xcc0200e8, 0x20038208, 0x24038290, 0xcd0200f8, 0x82038218, 0x82ce2013, 0x82ce2087, 0xf0ce254b, 0x78cf0200, 0x1f820382, 
    0x82a0cf21, 0x20578207, 0x205382d0, 0x243f82d0, 0x02003cd1, 0x208f82d1, 0x204f82d1, 0x200b82d2, 0x20c382d2, 0x203382d3, 0x256782d3, 0x020028d4, 
    0x038264d4, 0xd520df82, 0xd5201b82, 0xd524c782, 0xd60200d8, 0xd620d782, 0xd6200b82, 0xd620bb82, 0xd725b782, 0xd7020020, 0x24038284, 0xd80200e0, 
    0x8203821c, 0x82d820db, 0x82d9203f, 0x82d9207f, 0x38d9240f, 0x82d90200, 0x2cda24e3, 0x82da0200, 0x82db2037, 0x80db2417, 0x82db0200, 0x82dc20ab, 
    0xfcdc254b, 0x74dd0200, 0xcb820382, 0xbb82de20, 0x0b82de20, 0x1b82de20, 0x0058df29, 0x0094df02, 0x8204e002, 0x286b8203, 0x020060e1, 0x0200d0e1, 
    0x204f82e3, 0x208782e3, 0x20d382e4, 0x249b82e5, 0x020070e6, 0x20b782e6, 0x245382e7, 0x020024e8, 0x204f82e8, 0x256b82ea, 0x0200d4ea, 0x03827ceb, 
    0x0200e823, 0x207782ec, 0x241782ec, 0x020068ed, 0x201782ed, 0x24af82ee, 0x020034f0, 0x281782f1, 0x0200a4f2, 0x02004cf3, 0x207b82f4, 0x206f82f5, 
    0x205782f6, 0x203382f6, 0x204b82f7, 0x248b82f7, 0x0200dcf7, 0x244782f8, 0x0200e0f8, 0x282b82f9, 0x020028fa, 0x020098fb, 0x209782fc, 0x2d4f82fc, 
    0x020088fd, 0x030060fe, 0x03003001, 0x03822c02, 0x0300c824, 0x03824403, 0x03828020, 0x0300b828, 0x03004004, 0x0382dc05, 0x0300f024, 0x03821006, 
    0x03827820, 0x0300e024, 0x03824807, 0x0300ec27, 0x03009408, 0x20238209, 0x291f8209, 0x0300bc0a, 0x0300840b, 0x0382240c, 0x03003424, 0x03821c0d, 
    0x03825820, 0x03829c20, 0x0300ac23, 0x2813820e, 0x03008c0e, 0x0300e40e, 0x2463820f, 0x0300b00f, 0x24478210, 0x0300c010, 0x205b8211, 0x25878211, 
    0x0300a811, 0x03825412, 0x0382cc20, 0x13205f82, 0x13299382, 0x1303006c, 0x140300e8, 0x20038208, 0x82038238, 0x82152023, 0x8216202b, 0x82172077, 
    0x8217206b, 0x04182377, 0x03840300, 0x18240f82, 0x19030088, 0x19211b82, 0x2007827c, 0x20038290, 0x820382a4, 0x821a2063, 0x821a204b, 0x821a206f, 
    0x821b203f, 0xd01b24df, 0x821b0300, 0x641c24b7, 0x821c0300, 0x821c2013, 0x821d20fb, 0x821d2057, 0x501e287b, 0xa01e0300, 0x821f0300, 0x821f2057, 
    0x821f20ab, 0x4c2025d7, 0x18210300, 0xdc230382, 0x82220300, 0x78222117, 0x97820782, 0x93822320, 0xe3822320, 0x00002425, 0x82682403, 0x201f8203, 
    0x206b8225, 0x20538225, 0x24138226, 0x03009826, 0x20eb8227, 0x20678228, 0x208b8229, 0x2077822a, 0x249b822b, 0x0300102c, 0x2087822d, 0x282b822e, 
    0x0300582f, 0x0300f82f, 0x20178230, 0x20938230, 0x20038232, 0x205b8233, 0x20078234, 0x20278235, 0x247f8235, 0x03005c36, 0x201f8236, 0x20278236, 
    0x20678237, 0x20e78237, 0x24638237, 0x0300b837, 0x20b38237, 0x20778237, 0x254b8238, 0x03008c38, 0x0382ac38, 0x39203f82, 0x3920bb82, 0x39247382, 
    0x3a0300f4, 0x3b244382, 0x3b030040, 0x3b20e382, 0x3b251382, 0x3c0300c4, 0x82038228, 0x823c20bf, 0x823d2057, 0xd43d249f, 0x823d0300, 0x343e255f, 
    0x703e0300, 0x27820382, 0x47823e20, 0x57823f20, 0x73823f20, 0x1f823f20, 0x8f824020, 0x63824020, 0xd3824020, 0x00fc4025, 0x82204103, 0x259b8203, 
    0x0300bc41, 0x0382a042, 0x0382c020, 0x0300e427, 0x03007443, 0x24d78244, 0x03003c45, 0x20138245, 0x240b8246, 0x03001847, 0x82038348, 0x82482073, 
    0x7848210f, 0xc7820f82, 0xc7824820, 0xc7824820, 0x00244924, 0xbb824903, 0xf7824920, 0x67824b20, 0x6f824b20, 0x4b824b20, 0xbf824b20, 0x00044c25, 
    0x82144c03, 0x20238203, 0x209f824c, 0x20db824c, 0x21cb824c, 0x13829c4c, 0x4d241f82, 0x4d030030, 0x4e24b382, 0x4e030000, 0x4f205382, 0x4f252f82, 
    0x50030094, 0x82038208, 0x8250200f, 0x825120c7, 0x845125c3, 0x98510300, 0x6f820382, 0x0f825220, 0x000c5324, 0xdf825303, 0x824c5321, 0x826c2007, 
    0x00e02303, 0xf7825403, 0x82c45421, 0x00d82307, 0xdf825503, 0x5b825520, 0x82505521, 0x8264200b, 0x253f8203, 0x0300f455, 0x03825456, 0x57204382, 
    0x5720a782, 0x57249382, 0x57030040, 0x57218f82, 0x20078280, 0x240382a0, 0x580300fc, 0x8203821c, 0x5c5824ff, 0x82590300, 0x825920bb, 0x825920b7, 
    0x74592137, 0xd0230f82, 0x825a0300, 0x825a207b, 0x285b25bf, 0x485b0300, 0xf7820382, 0x9b825c20, 0x13825d20, 0x00ac5d24, 0x8f825e03, 0x00d45e24, 
    0x63825f03, 0x824c5f21, 0x24c78207, 0x0300e45f, 0x20db8260, 0x20678260, 0x20638260, 0x24638261, 0x0300a861, 0x20178261, 0x20eb8262, 0x20ab8262, 
    0x243b8262, 0x03001863, 0x244f8263, 0x0300c064, 0x20378265, 0x20b38265, 0x20bf8266, 0x20878267, 0x20138267, 0x203b8267, 0x25b38268, 0x03007c68, 
    0x03828c68, 0x683d3382, 0x000100bc, 0x00550b00, 0x000a0084, 0x00070066, 0x00520002, 0x008d0093, 0x0e030100, 0x820f820c, 0x23002d1d, 0x0300aa01, 
    0x09040100, 0x50000000, 0x0b850382, 0x31820120, 0x17865020, 0x16000224, 0x0b865a00, 0x41820320, 0x0b867020, 0x22000424, 0x0b86c200, 0x36000523, 
    0x84b18200, 0x00062447, 0x861a0120, 0x00072417, 0x863a0154, 0x0008240b, 0x868e0108, 0x8209200b, 0x86962023, 0x820b200b, 0x86b6200b, 0x820c200b, 
    0x86d6200b, 0x010d240b, 0x86f60120, 0x000e240b, 0x85160334, 0x22b4820b, 0x864a0316, 0x0001240b, 0x8660031c, 0x0002230b, 0xfd82032a, 0x01258383, 
    0x03400003, 0x241786a6, 0x03240004, 0x240b86e6, 0x04240005, 0x200b860a, 0x200b8206, 0x240b862e, 0x041a0007, 0x200b8652, 0x200b8208, 0x240b866c, 
    0x04120009, 0x240b8686, 0x0410000a, 0x200b8698, 0x2017820b, 0x240b86a8, 0x042c000c, 0x230b86ba, 0x0418000d, 0x0e246b87, 0xfe042200, 0x0f241786, 
    0x20052e00, 0x10240b86, 0x4e051c00, 0x11240b86, 0x6a052600, 0x12240b86, 0x90051200, 0x13200b86, 0xa2200b82, 0x20080b86, 0x05320014, 0x004300b4, 
    0x0070006f, 0x00720079, 0x00670069, 0x00740068, 0x00320020, 0x00310030, 0x20098236, 0x20118254, 0x22078265, 0x826e0049, 0x82652019, 0x00202225, 
    0x26058250, 0x006a006f, 0x82630065, 0x00202413, 0x82750041, 0x82682007, 0x00722347, 0x29890073, 0x11824220, 0x64006c22, 0x74243d84, 0x6c006100, 
    0x63246182, 0x2e003400, 0x5f835d82, 0x6f823b20, 0x39826920, 0x39002d22, 0x32207182, 0x62207182, 0x65205382, 0x33283182, 0x52003b00, 0x4d005300, 
    0x3b200382, 0x2d21518a, 0x20538700, 0x87378249, 0x20718951, 0x201f8820, 0x89358220, 0x82562073, 0x209b8357, 0x20918269, 0xa58f826e, 0xa1578983, 
    0x82552077, 0x8220206f, 0x826e20e3, 0x417b83bd, 0x6922092d, 0x71827300, 0x03826120, 0x72007422, 0x64202182, 0x6d208b82, 0x72220782, 0x13826b00, 
    0x66006f22, 0x72200582, 0x6d202382, 0x2e200382, 0x73212182, 0x20098300, 0x83218252, 0x84752009, 0x0041213d, 0x65205783, 0x73201d84, 0x6820c384, 
    0x7422ff82, 0x1d827000, 0x2f003a22, 0x41890182, 0x5f826d20, 0x9f002f21, 0x8254201f, 0x20998521, 0x204f8446, 0x20858274, 0x20098253, 0x20578266, 
    0x209d8477, 0x85118265, 0x05b74121, 0x83826520, 0x5b827320, 0x17826420, 0x8f887520, 0x2f822020, 0x15826820, 0x53002026, 0x4c004900, 0x4f201b82, 
    0x2b839582, 0x89002021, 0x004c2459, 0x82630069, 0x826e2025, 0x006522af, 0x4125822c, 0x31230f91, 0x83002e00, 0x00202103, 0x778d9989, 0x43822020, 
    0x20054941, 0x229f8276, 0x826c0069, 0x82622005, 0x20a78305, 0x201b8277, 0x20d18274, 0x83138220, 0x00412277, 0x20638251, 0x209b8261, 0x4107823a, 
    0x2941070b, 0x82732005, 0x00722489, 0x82700069, 0x8273201d, 0x82732075, 0x826c200b, 0x006f2807, 0x00670072, 0x824f002f, 0x414c20b7, 0x33ab083f, 
    0x6420f989, 0x67205382, 0x73229384, 0xb7844400, 0x6d006124, 0x15846200, 0xa3827520, 0x09827420, 0x6e006f27, 0x6f005200, 0x054b4100, 0x71002022, 
    0x6f200982, 0x65219382, 0x20e58300, 0x20b78226, 0x201d8263, 0x2037826d, 0x9b118261, 0x00202245, 0x204b8228, 0x2231826f, 0x826c0073, 0x8273205d, 
    0x006522bd, 0x220f8264, 0x8265007a, 0x006f24d5, 0x82430029, 0x82722071, 0x826c20f9, 0x20198311, 0x20238263, 0x201b8261, 0x20138261, 0x22258474, 
    0x84530073, 0x85158383, 0x22239f3d, 0x82700020, 0x846e20b3, 0x8bd58b41, 0x20d78d47, 0x859f8241, 0x826e206d, 0x200983a7, 0x20e38220, 0x417f826e, 
    0x6620093b, 0x75201182, 0x11899982, 0xbb827320, 0x89007821, 0x826e200f, 0x2033830f, 0x2029824c, 0x223b8277, 0x822d0072, 0x00612283, 0x220b8273, 
    0x824c0020, 0x090f42f7, 0x67827420, 0x75826920, 0x33825320, 0xaf826d20, 0x07826c20, 0x03826620, 0x7521e185, 0x20919300, 0x061b4173, 0x49827020, 
    0x55007322, 0x70203582, 0x69206590, 0x7983658c, 0x59847220, 0x6b824620, 0x74006122, 0x74209182, 0x41839d82, 0x4d827420, 0x3f827220, 0x43006522, 
    0x70208b82, 0x97442582, 0x00202205, 0x21438e47, 0xf7830070, 0x37824320, 0x9941a983, 0x00202205, 0x21378266, 0x118b006f, 0xb5947420, 0x5d8e6320, 
    0x532dc58b, 0x00000200, 0x9a99f6ff, 0xbe00bdfe, 0x21009200, 0x1482550b, 0x01b21607, 0x62002400, 0xad00ae00, 0xc700c900, 0x02016300, 0x04010301, 
    0x06010501, 0x08010701, 0x0a010901, 0x0c010b01, 0x0e010d01, 0x10010f01, 0x12011101, 0x14011301, 0x16011501, 0x18011701, 0x1a011901, 0x1c011b01, 
    0x1e011d01, 0x20011f01, 0x22012101, 0x24012301, 0x26012501, 0x28012701, 0x2a012901, 0x2c012b01, 0x2e012d01, 0x30012f01, 0x32013101, 0x34013301, 
    0x90003501, 0x37013601, 0x25003801, 0x3a013901, 0x3c013b01, 0x3e013d01, 0x26003f01, 0x64004001, 0x4101fd00, 0xff004201, 0x44014301, 0x46014501, 
    0x47012700, 0x49014801, 0x4b014a01, 0x4d014c01, 0x4f014e01, 0x28005001, 0x6500cb00, 0xca00c800, 0x52015101, 0x54015301, 0x56015501, 0x58015701, 
    0x5a015901, 0x5c015b01, 0x5e015d01, 0x60015f01, 0x62016101, 0x64016301, 0x66016501, 0x68016701, 0x6a016901, 0x6c016b01, 0x6e016d01, 0x70016f01, 
    0x72017101, 0x74017301, 0x29007501, 0x77017601, 0x2a007801, 0x7a017901, 0xf8007b01, 0x7d017c01, 0x7f017e01, 0x81018001, 0x83018201, 0x85018401, 
    0x87018601, 0x89018801, 0x2b008a01, 0x8c018b01, 0x8e018d01, 0x90018f01, 0x92019101, 0x94019301, 0x96019501, 0x98019701, 0x9a019901, 0x9c019b01, 
    0x9e019d01, 0xa0019f01, 0xa201a101, 0xa401a301, 0xa601a501, 0xa801a701, 0xaa01a901, 0xac01ab01, 0x2c00ad01, 0xce00ae01, 0xb001af01, 0xcf00b101, 
    0xcd00cc00, 0xb301b201, 0xb501b401, 0xb601fa00, 0xb801b701, 0xba01b901, 0xbc01bb01, 0xbe01bd01, 0xc001bf01, 0xc201c101, 0xc401c301, 0xc601c501, 
    0xc801c701, 0xca01c901, 0xcc01cb01, 0xce01cd01, 0xd001cf01, 0xd201d101, 0xd401d301, 0xd601d501, 0xd801d701, 0xda01d901, 0xdc01db01, 0xde01dd01, 
    0xe001df01, 0xe201e101, 0xe401e301, 0xe601e501, 0xe801e701, 0xea01e901, 0xec01eb01, 0xed012d00, 0xef01ee01, 0x2e00f001, 0xf201f101, 0xf401f301, 
    0xf601f501, 0xf801f701, 0x2f00f901, 0xfb01fa01, 0xfd01fc01, 0xff01fe01, 0xe2000002, 0x02020102, 0x03023000, 0x05020402, 0x07020602, 0x09020802, 
    0x66003100, 0x0b020a02, 0x0d020c02, 0x0f020e02, 0x11021002, 0x13021202, 0x15021402, 0x17021602, 0x19021802, 0x1b021a02, 0x32001c02, 0xaf006700, 
    0x1d029100, 0xd000d300, 0x1e02d100, 0x20021f02, 0x22022102, 0x24022302, 0x26022502, 0x28022702, 0x2a022902, 0x2c022b02, 0x2e022d02, 0x30022f02, 
    0x32023102, 0x34023302, 0x36023502, 0x38023702, 0x3a023902, 0x3c023b02, 0x3e023d02, 0x40023f02, 0x42024102, 0x44024302, 0x46024502, 0x48024702, 
    0x4a024902, 0x3300b000, 0x4c024b02, 0x4e024d02, 0x50024f02, 0x51023400, 0x52023500, 0x54025302, 0x56025502, 0x58025702, 0x5a025902, 0x5c025b02, 
    0x36005d02, 0x5f025e02, 0xe400fb00, 0x61026002, 0x63026202, 0x65026402, 0x67026602, 0x37006802, 0x6a026902, 0x6c026b02, 0x6e026d02, 0x70026f02, 
    0x72027102, 0x74027302, 0x75023800, 0xd400d600, 0x6800d500, 0x77027602, 0x79027802, 0x7b027a02, 0x7d027c02, 0x7f027e02, 0x81028002, 0x83028202, 
    0x85028402, 0x87028602, 0x89028802, 0x8b028a02, 0x8d028c02, 0x8f028e02, 0x90023900, 0x3a009102, 0x93029202, 0x95029402, 0x97029602, 0x98023b00, 
    0x9a029902, 0x9c029b02, 0x9d023c00, 0x9e02eb00, 0x9f02bb00, 0xa102a002, 0xa302a202, 0xa502a402, 0xa702a602, 0xa902a802, 0xab02aa02, 0xad02ac02, 
    0xaf02ae02, 0xb102b002, 0xb2023d00, 0xe600b302, 0xb502b402, 0xb702b602, 0xb902b802, 0x4400ba02, 0xbb026900, 0xbd02bc02, 0xbf02be02, 0xc102c002, 
    0xc2026b00, 0xc402c302, 0xc602c502, 0x6c00c702, 0xc902c802, 0xcb02ca02, 0xcc026a00, 0xce02cd02, 0xd002cf02, 0xd1026e00, 0xd302d202, 0xd4026d00, 
    0xd602d502, 0xa000d702, 0xd902d802, 0x4500da02, 0xdc02db02, 0xde02dd02, 0xe002df02, 0x4600ee00, 0xe202e102, 0xfe006f00, 0xe402e302, 0xe5020001, 
    0xe702e602, 0x01014700, 0xe902e802, 0xeb02ea02, 0xed02ec02, 0xef02ee02, 0xf102f002, 0xf302f202, 0xf502f402, 0x4800f602, 0xf7027300, 0x70007100, 
    0xf8027200, 0xfa02f902, 0xfc02fb02, 0xfe02fd02, 0x0003ff02, 0x02030103, 0x04030303, 0x06030503, 0x08030703, 0x0a030903, 0x0c030b03, 0x0e030d03, 
    0x10030f03, 0x12031103, 0x13034900, 0x15031403, 0x17031603, 0x19031803, 0x1b031a03, 0x4a001c03, 0x1e031d03, 0xf9001f03, 0x21032003, 0x23032203, 
    0x25032403, 0x4b002603, 0x28032703, 0x2a032903, 0x2c032b03, 0x2e032d03, 0x30032f03, 0x32033103, 0x34033303, 0x36033503, 0x38033703, 0xd7004c00, 
    0x77003903, 0x3b033a03, 0x3d033c03, 0x75003e03, 0x76007400, 0x40033f03, 0x42034103, 0x44034303, 0x46034503, 0x48034703, 0x4a034903, 0x4c034b03, 
    0x4e034d03, 0x50034f03, 0x51034d00, 0x53035203, 0x55035403, 0x57035603, 0x58034e00, 0x5a035903, 0x5c035b03, 0x5e035d03, 0x4f005f03, 0x6003e300, 
    0x62036103, 0x64036303, 0x66036503, 0x68036703, 0x6a036903, 0x6c036b03, 0x6e036d03, 0x70036f03, 0x72037103, 0x74037303, 0x76037503, 0x78037703, 
    0x7a037903, 0x50007b03, 0x7d037c03, 0x7f037e03, 0x81038003, 0x78005100, 0x83038203, 0x85038403, 0x87038603, 0x89038803, 0x8b038a03, 0x8d038c03, 
    0x8f038e03, 0x52009003, 0x7d007c00, 0x9103a100, 0x79007a00, 0x92037b00, 0x94039303, 0x96039503, 0x98039703, 0x9a039903, 0x9c039b03, 0x9e039d03, 
    0xa0039f03, 0xa203a103, 0xa403a303, 0xa603a503, 0xa803a703, 0xaa03a903, 0xac03ab03, 0xae03ad03, 0xb003af03, 0xb203b103, 0xb403b303, 0xb603b503, 
    0xb803b703, 0xba03b903, 0xb100bb03, 0xbd03bc03, 0xbe035300, 0xc003bf03, 0xc203c103, 0xc3035400, 0x5500c403, 0xc603c503, 0xc803c703, 0xca03c903, 
    0xcc03cb03, 0xce03cd03, 0xd003cf03, 0xd203d103, 0xd403d303, 0xd603d503, 0xd7035600, 0xd903d803, 0xfc00da03, 0xdb03e500, 0xdd03dc03, 0xdf03de03, 
    0xe103e003, 0x8900e203, 0xe403e303, 0xe5035700, 0xe703e603, 0xe903e803, 0xeb03ea03, 0xed03ec03, 0xef03ee03, 0xf103f003, 0xf303f203, 0xf503f403, 
    0xf703f603, 0xf903f803, 0xfb03fa03, 0xfd03fc03, 0x81005800, 0xff03fe03, 0x01040004, 0x7e007f00, 0x02048000, 0x04040304, 0x06040504, 0x08040704, 
    0x0a040904, 0x0c040b04, 0x0e040d04, 0x10040f04, 0x12041104, 0x14041304, 0x16041504, 0x18041704, 0x1a041904, 0x1c041b04, 0x1e041d04, 0x20041f04, 
    0x22042104, 0x24042304, 0x26042504, 0x28042704, 0x2a042904, 0x2c042b04, 0x2e042d04, 0x30042f04, 0x32043104, 0x34043304, 0x36043504, 0x38043704, 
    0x59003904, 0x3b043a04, 0x5a003c04, 0x3e043d04, 0x40043f04, 0x42044104, 0x44044304, 0x45045b00, 0x47044604, 0x5c004804, 0x4904ba00, 0xec004a04, 
    0x4c044b04, 0x4e044d04, 0x50044f04, 0x52045104, 0x54045304, 0x56045504, 0x58045704, 0x5a045904, 0x5c045b04, 0x5d005d04, 0x5f045e04, 0x61046004, 
    0x63046204, 0x6404e700, 0x66046504, 0x6704ed00, 0x69046804, 0x6b046a04, 0x6d046c04, 0x6f046e04, 0x71047004, 0x73047204, 0x75047404, 0x77047604, 
    0x79047804, 0x7b047a04, 0x7d047c04, 0x7f047e04, 0x81048004, 0x83048204, 0x85048404, 0x87048604, 0x89048804, 0x8b048a04, 0x8d048c04, 0x8f048e04, 
    0x91049004, 0x93049204, 0x95049404, 0x97049604, 0x99049804, 0x9b049a04, 0x9d049c04, 0x9f049e04, 0xa104a004, 0xa304a204, 0xa504a404, 0xa704a604, 
    0xa904a804, 0xab04aa04, 0xad04ac04, 0xaf04ae04, 0xb104b004, 0xb204ea00, 0xb404b304, 0xb604b504, 0xb804b704, 0xba04b904, 0xbc04bb04, 0xbe04bd04, 
    0xc004bf04, 0xc204c104, 0xc404c304, 0xc604c504, 0xc804c704, 0xca04c904, 0xcc04cb04, 0xce04cd04, 0xd004cf04, 0xd204d104, 0xd404d304, 0xd604d504, 
    0xd804d704, 0xda04d904, 0xdc04db04, 0xde04dd04, 0xe004df04, 0xe204e104, 0xe404e304, 0xe604e504, 0xe804e704, 0xea04e904, 0xec04eb04, 0xee04ed04, 
    0xf004ef04, 0xf204f104, 0xf404f304, 0xf604f504, 0xf804f704, 0xfa04f904, 0xfc04fb04, 0xfe04fd04, 0x0005ff04, 0x02050105, 0x04050305, 0x06050505, 
    0x08050705, 0x0a050905, 0x0b059b00, 0x0d050c05, 0x0f050e05, 0x11051005, 0x13051205, 0x15051405, 0x17051605, 0x19051805, 0x1b051a05, 0x1d051c05, 
    0x1f051e05, 0x21052005, 0x23052205, 0x25052405, 0x27052605, 0x29052805, 0x2b052a05, 0x2d052c05, 0x2f052e05, 0x31053005, 0x33053205, 0x35053405, 
    0x37053605, 0x39053805, 0x3b053a05, 0x3d053c05, 0x3f053e05, 0x41054005, 0x43054205, 0x45054405, 0x47054605, 0x49054805, 0x4b054a05, 0x4d054c05, 
    0x4f054e05, 0x51055005, 0x53055205, 0x55055405, 0x57055605, 0x59055805, 0x5b055a05, 0x5d055c05, 0x5f055e05, 0x61056005, 0x63056205, 0x65056405, 
    0x67056605, 0x69056805, 0x6b056a05, 0x6d056c05, 0x6f056e05, 0x71057005, 0x73057205, 0x75057405, 0x77057605, 0x84000700, 0x85009600, 0x7805a600, 
    0x7a057905, 0x7c057b05, 0x7e057d05, 0x80057f05, 0x82058105, 0x84058305, 0x86058505, 0x88058705, 0x8a058905, 0x8c058b05, 0x8e058d05, 0xf7008f05, 
    0x91059005, 0x14001300, 0x92051500, 0x17001600, 0x93051800, 0x1a001900, 0x1c001b00, 0x95059405, 0x97059605, 0x99059805, 0x9b059a05, 0x9d059c05, 
    0x9f059e05, 0xa105a005, 0xa305a205, 0xa505a405, 0xa705a605, 0xa905a805, 0xab05aa05, 0xad05ac05, 0xaf05ae05, 0xb105b005, 0xb305b205, 0xb505b405, 
    0xb705b605, 0xb905b805, 0xbb05ba05, 0xbd05bc05, 0xbf05be05, 0xc105c005, 0xc305c205, 0xc505c405, 0xc705c605, 0xc905c805, 0xcb05ca05, 0xcd05cc05, 
    0xcf05ce05, 0xd105d005, 0xd305d205, 0xd505d405, 0xd705d605, 0xd905d805, 0xdb05da05, 0xdc050900, 0xdd050400, 0xde05a300, 0xdf052200, 0xa200e005, 
    0xe205e105, 0x0c000b00, 0xe3053e00, 0xe4054000, 0x60005e00, 0xe5052300, 0xe705e605, 0xe905e805, 0xeb05ea05, 0xbd000600, 0x5f001200, 0x3f00e800, 
    0xb2001000, 0xb300ec05, 0x8700ed05, 0xef05ee05, 0xf105f005, 0xf305f205, 0xf505f405, 0xf705f605, 0xf905f805, 0xfb05fa05, 0xfd05fc05, 0xb600fe05, 
    0x0a00b700, 0xb4000500, 0xc500b500, 0xff05c400, 0x01060006, 0x03060206, 0x05060406, 0x07060606, 0x09060806, 0x11000f00, 0x0a06ab00, 0x0b061d00, 
    0x1e000c06, 0x0d06c300, 0xbe000e06, 0xa900bf00, 0x1f00aa00, 0x94002100, 0x20009500, 0x0e008f00, 0xf000ef00, 0x9300b800, 0x6100a700, 0x10060f06, 
    0x12061106, 0x14061306, 0x16061506, 0x18061706, 0x1a061906, 0xa4001b06, 0x82004200, 0x4100c200, 0x1c060d00, 0x8b008a00, 0x1e061d06, 0x1f068c00, 
    0x21062006, 0x23062206, 0x9d008300, 0x24069e00, 0x88002506, 0x86002606, 0x98009200, 0x9a009900, 0xa5009c00, 0xb9002706, 0x29062806, 0x2b062a06, 
    0x2d062c06, 0x2f062e06, 0x31063006, 0x33063206, 0x35063406, 0x37063606, 0x39063806, 0x3b063a06, 0x3d063c06, 0x3f063e06, 0x41064006, 0x43064206, 
    0x45064406, 0x47064606, 0x49064806, 0x4b064a06, 0x4d064c06, 0x4f064e06, 0x51065006, 0x53065206, 0x55065406, 0x57065606, 0x59065806, 0x5b065a06, 
    0x5d065c06, 0x5f065e06, 0x61066006, 0x63066206, 0x65066406, 0x67066606, 0x69066806, 0x6b066a06, 0x6d066c06, 0x6f066e06, 0x71067006, 0x73067206, 
    0x75067406, 0x77067606, 0x79067806, 0x7b067a06, 0x7d067c06, 0x7f067e06, 0x81068006, 0x83068206, 0x85068406, 0x87068606, 0x89068806, 0x8a06bc00, 
    0x8c068b06, 0x8e068d06, 0x90068f06, 0x92069106, 0x94069306, 0x96069506, 0x98069706, 0x9a069906, 0x9c069b06, 0x9e069d06, 0xa0069f06, 0xa206a106, 
    0xa406a306, 0xa606a506, 0xa806a706, 0xaa06a906, 0xac06ab06, 0xae06ad06, 0xb006af06, 0xb206b106, 0xb406b306, 0xb606b506, 0xb806b706, 0xba06b906, 
    0xbc06bb06, 0xbd06f400, 0xbf06be06, 0xf600f500, 0xc106c006, 0xc306c206, 0xc506c406, 0xc706c606, 0xc906c806, 0xcb06ca06, 0x0800cc06, 0xcd06c600, 
    0xcf06ce06, 0xd106d006, 0x8d00d206, 0x4300df00, 0x8e00d306, 0xd800d406, 0xda00d900, 0xd506db00, 0xdd00dc00, 0xd606e100, 0xe000de00, 0xd806d706, 
    0xda06d906, 0xdc06db06, 0xde06dd06, 0xdf060300, 0xe106e006, 0xe306e206, 0xe506e406, 0xe706e606, 0xe906e806, 0xeb06ea06, 0xed06ec06, 0xef06ee06, 
    0xf106f006, 0xf306f206, 0xf506f406, 0xf706f606, 0xf906f806, 0xfb06fa06, 0xfd06fc06, 0xff06fe06, 0x01070007, 0x03070207, 0x05070407, 0x07070607, 
    0x09070807, 0x0b070a07, 0x0d070c07, 0x0f070e07, 0x11071007, 0x13071207, 0x15071407, 0x17071607, 0x19071807, 0x1b071a07, 0x1d071c07, 0x1f071e07, 
    0x21072007, 0x23072207, 0x25072407, 0x27072607, 0x29072807, 0x2b072a07, 0x2d072c07, 0x2f072e07, 0x31073007, 0x33073207, 0x35073407, 0x37073607, 
    0x39073807, 0x3b073a07, 0x3d073c07, 0x3f073e07, 0x41074007, 0x43074207, 0x45074407, 0x47074607, 0x49074807, 0x4b074a07, 0x4d074c07, 0x4f074e07, 
    0x51075007, 0x53075207, 0x55075407, 0x57075607, 0x59075807, 0x5b075a07, 0x5d075c07, 0x5f075e07, 0x61076007, 0x63076207, 0x65076407, 0x67076607, 
    0x69076807, 0x6b076a07, 0x6d076c07, 0x6f076e07, 0x71077007, 0x73077207, 0x75077407, 0x77077607, 0x79077807, 0x7b077a07, 0x7d077c07, 0x7f077e07, 
    0x81078007, 0x83078207, 0x85078407, 0x87078607, 0x89078807, 0x8b078a07, 0x8d078c07, 0x8f078e07, 0x91079007, 0x93079207, 0x95079407, 0x97079607, 
    0x99079807, 0x9b079a07, 0x9d079c07, 0x9f079e07, 0xa107a007, 0xa307a207, 0xa507a407, 0xa707a607, 0xa907a807, 0xab07aa07, 0xad07ac07, 0xaf07ae07, 
    0xb107b007, 0xb307b207, 0xb507b407, 0xb707b607, 0xb907b807, 0xbb07ba07, 0xbd07bc07, 0xbf07be07, 0xc107c007, 0xc307c207, 0xc507c407, 0xc707c607, 
    0xc907c807, 0xcb07ca07, 0xcd07cc07, 0xcf07ce07, 0xd107d007, 0xd307d207, 0xd507d407, 0xd707d607, 0xd907d807, 0xdb07da07, 0xdd07dc07, 0xdf07de07, 
    0xe107e007, 0xe307e207, 0xe507e407, 0xe707e607, 0xe907e807, 0xeb07ea07, 0xed07ec07, 0xef07ee07, 0xf107f007, 0xf307f207, 0xf507f407, 0xf707f607, 
    0xf907f807, 0xfb07fa07, 0xfd07fc07, 0xff07fe07, 0x01080008, 0x03080208, 0x05080408, 0x07080608, 0x09080808, 0x0b080a08, 0x0d080c08, 0x0f080e08, 
    0x11081008, 0x13081208, 0x15081408, 0x17081608, 0x19081808, 0x1b081a08, 0x1d081c08, 0x1f081e08, 0x21082008, 0x23082208, 0x25082408, 0x27082608, 
    0x29082808, 0x2b082a08, 0x2d082c08, 0x2f082e08, 0x31083008, 0x33083208, 0x35083408, 0x37083608, 0x39083808, 0x3b083a08, 0x3d083c08, 0x3f083e08, 
    0x41084008, 0x43084208, 0x45084408, 0x47084608, 0x49084808, 0x4b084a08, 0x4d084c08, 0x4f084e08, 0x51085008, 0x53085208, 0x55085408, 0x57085608, 
    0x59085808, 0x5b085a08, 0x5d085c08, 0x5f085e08, 0x61086008, 0x63086208, 0x65086408, 0x67086608, 0x69086808, 0x6b086a08, 0x6d086c08, 0x6f086e08, 
    0x71087008, 0x73087208, 0x75087408, 0x77087608, 0x79087808, 0x7b087a08, 0x7d087c08, 0x7f087e08, 0x81088008, 0x83088208, 0x85088408, 0x87088608, 
    0x89088808, 0x8b088a08, 0x8d088c08, 0x8f088e08, 0x91089008, 0x93089208, 0x95089408, 0x97089608, 0x99089808, 0x9b089a08, 0x9d089c08, 0x9f089e08, 
    0xa108a008, 0xa308a208, 0xa508a408, 0xa708a608, 0xa908a808, 0xab08aa08, 0xad08ac08, 0xaf08ae08, 0xb108b008, 0xb308b208, 0xb508b408, 0xb708b608, 
    0xb908b808, 0xbb08ba08, 0xbd08bc08, 0xbf08be08, 0xc108c008, 0xc308c208, 0xc508c408, 0xc708c608, 0xc908c808, 0xcb08ca08, 0xcd08cc08, 0xcf08ce08, 
    0xd108d008, 0xd308d208, 0xd508d408, 0xd708d608, 0xd908d808, 0xdb08da08, 0xdd08dc08, 0xdf08de08, 0xe108e008, 0xe308e208, 0xe508e408, 0xe708e608, 
    0xe908e808, 0xeb08ea08, 0xed08ec08, 0xef08ee08, 0xf108f008, 0xf308f208, 0xf508f408, 0xf708f608, 0xf908f808, 0xfb08fa08, 0xfd08fc08, 0xff08fe08, 
    0x01090009, 0xe9000209, 0x04090309, 0x06090509, 0x08090709, 0x0a090909, 0x0c090b09, 0x0e090d09, 0x10090f09, 0x12091109, 0x14091309, 0x16091509, 
    0x18091709, 0x1a091909, 0x1c091b09, 0x1e091d09, 0x20091f09, 0x22092109, 0x24092309, 0x26092509, 0x28092709, 0x2a092909, 0x2c092b09, 0x2e092d09, 
    0x30092f09, 0x32093109, 0x34093309, 0x36093509, 0x38093709, 0x3a093909, 0x3c093b09, 0x3e093d09, 0x40093f09, 0x42094109, 0x44094309, 0x46094509, 
    0x48094709, 0x4a094909, 0x4c094b09, 0x4e094d09, 0x50094f09, 0x52095109, 0x54095309, 0x56095509, 0x58095709, 0x5a095909, 0x5c095b09, 0x5e095d09, 
    0x60095f09, 0x62096109, 0x64096309, 0x66096509, 0x68096709, 0x6a096909, 0x6c096b09, 0x6e096d09, 0x70096f09, 0x72097109, 0x74097309, 0x76097509, 
    0x78097709, 0x7a097909, 0x7c097b09, 0x7e097d09, 0x80097f09, 0x82098109, 0x84098309, 0x86098509, 0x88098709, 0x8a098909, 0x8c098b09, 0x8e098d09, 
    0x90098f09, 0x92099109, 0x94099309, 0x96099509, 0x98099709, 0x9a099909, 0x9c099b09, 0x9e099d09, 0xa0099f09, 0xa209a109, 0xa409a309, 0xa609a509, 
    0xa809a709, 0xaa09a909, 0xac09ab09, 0xae09ad09, 0xb009af09, 0xb209b109, 0xb409b309, 0xb609b509, 0xb809b709, 0xba09b909, 0xbc09bb09, 0xbe09bd09, 
    0xc009bf09, 0xc209c109, 0xc409c309, 0xc609c509, 0xc809c709, 0xca09c909, 0xcc09cb09, 0xce09cd09, 0xd009cf09, 0xd209d109, 0xd409d309, 0xd609d509, 
    0xd809d709, 0xda09d909, 0xdc09db09, 0xde09dd09, 0xe009df09, 0xe209e109, 0xe409e309, 0xe609e509, 0xe809e709, 0xea09e909, 0xec09eb09, 0xee09ed09, 
    0xf009ef09, 0xf209f109, 0xf409f309, 0xf609f509, 0xf809f709, 0xfa09f909, 0xfc09fb09, 0xfe09fd09, 0x000aff09, 0x020a010a, 0x040a030a, 0x060a050a, 
    0x080a070a, 0x0a0a090a, 0x0c0a0b0a, 0x0e0a0d0a, 0x100a0f0a, 0x120a110a, 0x140a130a, 0x160a150a, 0x180a170a, 0x1a0a190a, 0x1c0a1b0a, 0x1e0a1d0a, 
    0x200a1f0a, 0x220a210a, 0x240a230a, 0x260a250a, 0x280a270a, 0x2a0a290a, 0x2c0a2b0a, 0x2e0a2d0a, 0x300a2f0a, 0x320a310a, 0x340a330a, 0x360a350a, 
    0x380a370a, 0x3a0a390a, 0x3c0a3b0a, 0x3e0a3d0a, 0x400a3f0a, 0x420a410a, 0x440a430a, 0x460a450a, 0x480a470a, 0x4a0a490a, 0x4c0a4b0a, 0x4e0a4d0a, 
    0x500a4f0a, 0x520a510a, 0x540a530a, 0x560a550a, 0x580a570a, 0x5a0a590a, 0x5c0a5b0a, 0x5e0a5d0a, 0x600a5f0a, 0x620a610a, 0x640a630a, 0x660a650a, 
    0x680a670a, 0x6a0a690a, 0x6c0a6b0a, 0x6e0a6d0a, 0x700a6f0a, 0x720a710a, 0x740a730a, 0x760a750a, 0x780a770a, 0x7a0a790a, 0x7c0a7b0a, 0x7e0a7d0a, 
    0x800a7f0a, 0x820a810a, 0x840a830a, 0x860a850a, 0x880a870a, 0x8a0a890a, 0x8c0a8b0a, 0x8e0a8d0a, 0x900a8f0a, 0x920a910a, 0x940a930a, 0x960a950a, 
    0x980a970a, 0x9a0a990a, 0x9c0a9b0a, 0x9e0a9d0a, 0xa00a9f0a, 0xa20aa10a, 0xa40aa30a, 0xa60aa50a, 0xa80aa70a, 0xaa0aa90a, 0xac0aab0a, 0xae0aad0a, 
    0xb00aaf0a, 0xb20ab10a, 0xb40ab30a, 0xb60ab50a, 0xb80ab70a, 0xba0ab90a, 0xbc0abb0a, 0xbe0abd0a, 0xc00abf0a, 0xc20ac10a, 0xc40ac30a, 0xc60ac50a, 
    0xc80ac70a, 0xca0ac90a, 0xcc0acb0a, 0xce0acd0a, 0xd00acf0a, 0xd20ad10a, 0xd40ad30a, 0xd60ad50a, 0xd80ad70a, 0xda0ad90a, 0xdc0adb0a, 0xde0add0a, 
    0xe00adf0a, 0xe20ae10a, 0xe40ae30a, 0xe60ae50a, 0xe80ae70a, 0xea0ae90a, 0xec0aeb0a, 0xee0aed0a, 0xf00aef0a, 0xf20af10a, 0xf40af30a, 0xf60af50a, 
    0xf80af70a, 0xfa0af90a, 0xfc0afb0a, 0xfe0afd0a, 0x000bff0a, 0x020b010b, 0x040b030b, 0x060b050b, 0x080b070b, 0x0a0b090b, 0x0c0b0b0b, 0x0e0b0d0b, 
    0x100b0f0b, 0x120b110b, 0x140b130b, 0x160b150b, 0x180b170b, 0x1a0b190b, 0x1c0b1b0b, 0x1e0b1d0b, 0x200b1f0b, 0x220b210b, 0x240b230b, 0x260b250b, 
    0x280b270b, 0x2a0b290b, 0x2c0b2b0b, 0x2e0b2d0b, 0x300b2f0b, 0x320b310b, 0x340b330b, 0x360b350b, 0x380b370b, 0x3a0b390b, 0x3c0b3b0b, 0x3e0b3d0b, 
    0x400b3f0b, 0x420b410b, 0x440b430b, 0x460b450b, 0x480b470b, 0x4a0b490b, 0x4c0b4b0b, 0x4e0b4d0b, 0x500b4f0b, 0x520b510b, 0x540b530b, 0x560b550b, 
    0x580b570b, 0x5a0b590b, 0x5c0b5b0b, 0x5e0b5d0b, 0x410a5f0b, 0x676e6972, 0x74756361, 0x0a840b65, 0x6f676f36, 0x076b656e, 0x63616d41, 0x066e6f72, 
    0x65726241, 0x41076576, 0x75271686, 0x3130696e, 0x84074443, 0x45442107, 0x45210785, 0x21078430, 0x07873032, 0x0f853220, 0x83363221, 0x45312107, 
    0x31221785, 0x1f844145, 0x1f840782, 0x34200782, 0x41201f85, 0x41212786, 0x200f8638, 0x20078641, 0x84078643, 0x45312367, 0x0f853042, 0x3f864220, 
    0x3f864220, 0x05364228, 0x68706c41, 0x05840a61, 0x6e6f7424, 0x2884736f, 0x85304621, 0x30462250, 0x850f8639, 0x30462258, 0x850f8642, 0x30462160, 
    0x3122d084, 0x68853046, 0x46304622, 0x42201f85, 0x42203f86, 0x42203f86, 0x30223f84, 0x07843332, 0x42463122, 0x30234784, 0x84303134, 0x443421f0, 
    0xa0850787, 0x86384621, 0x8638203f, 0x8638203f, 0x84382037, 0x46312237, 0x207f8638, 0x207f8638, 0x207f8638, 0x277f8738, 0x614c0643, 0x6164626d, 
    0x312a5e84, 0x41073245, 0x75636145, 0x0f846574, 0x86443421, 0x853020ff, 0x3045216e, 0x36200f87, 0x32221f84, 0x07843334, 0x31383122, 0x34260784, 
    0x42043231, 0x4c867465, 0x0b373838, 0x72696343, 0x666d7563, 0x0a78656c, 0x746f6443, 0x65636361, 0xfa84746e, 0x3a414520, 0x84ea8205, 0x313022aa, 
    0x21538538, 0xca844633, 0x41270f82, 0x61634406, 0x866e6f72, 0x21d9852e, 0xd1853045, 0x85304521, 0x414520c9, 0x31280519, 0x05323145, 0x72616244, 
    0x31258885, 0x44083246, 0x223d847a, 0x4245075f, 0x45270668, 0x76657262, 0x89450a65, 0x42452087, 0x06210573, 0x21678845, 0xe2853230, 0x8e850782, 
    0x41323221, 0x45210561, 0x20fa8631, 0x82178431, 0x8617876f, 0x86312097, 0x06d14197, 0xc9414520, 0x45312205, 0x86178742, 0x304321af, 0x4320cf85, 
    0x20065241, 0x20578643, 0x32578443, 0x36343230, 0x75744505, 0x45076e72, 0x6c697370, 0x860c6e6f, 0x0a744207, 0x7a853120, 0x39314622, 0x46214a84, 
    0x22828531, 0x86423146, 0x2172850f, 0xf4413146, 0x86432006, 0x8443202f, 0x3430232f, 0xad413531, 0x05354305, 0x30343022, 0x21053441, 0x82854434, 
    0x84393121, 0x22e2820f, 0x83460545, 0x4704248a, 0x84726162, 0x39312432, 0x41470b33, 0x47200ad3, 0x250cd341, 0x32323130, 0x4b414706, 0x46312109, 
    0x3226db86, 0x2e470330, 0x46830631, 0x09312e26, 0x30696e75, 0x2e224882, 0x4a8a0d31, 0x08312e2b, 0x65726247, 0x312e6576, 0x8755890c, 0x3232212d, 
    0x59841f83, 0x46211287, 0x24098534, 0x30324531, 0x23b0862e, 0x480b3832, 0xb1849d89, 0x41313221, 0x32200677, 0x20066f41, 0x84938732, 0x223d82ec, 
    0x87480441, 0x433422de, 0x21348437, 0x2c844134, 0x41343021, 0x41200731, 0x30283484, 0x03364631, 0x08617445, 0x8e410382, 0x0621420a, 0x39324622, 
    0x20057e41, 0x068e4132, 0x8e413220, 0x41322006, 0x3220068e, 0x20068e41, 0x21918532, 0x83433246, 0x86432006, 0x8443202f, 0x3430212f, 0x2007b641, 
    0x06b64139, 0x57863920, 0x27863920, 0x27843920, 0x39463122, 0x39205786, 0x39205786, 0x39205786, 0x43295787, 0x642e4908, 0x6c62756f, 0x20988465, 
    0x22788545, 0x84393130, 0x29fa82e5, 0x74490643, 0x65646c69, 0x22434907, 0x62492406, 0x82766572, 0x0c8b450e, 0x30214e84, 0x07af4332, 0x86853020, 
    0x55424520, 0x43452806, 0x6f490441, 0x83096174, 0x72472404, 0x846b6565, 0x6f742509, 0x0c736f6e, 0x64261383, 0x65726569, 0x30456973, 0x86332006, 
    0x863320d4, 0x853320d4, 0x3346214d, 0x3320d486, 0x3320d486, 0x3320d486, 0x3320d486, 0x31228584, 0x3f864446, 0x3f864420, 0x3f864420, 0x3f844420, 
    0x30343023, 0x05c14136, 0x03373027, 0x0b312e49, 0x427d8749, 0x4520082c, 0x20088142, 0x29138837, 0x08312e43, 0x61726749, 0x08836576, 0x75636123, 
    0x21088274, 0x4a42490d, 0x23168309, 0x646c6974, 0x09201682, 0x83062b41, 0x42622012, 0xf08205b0, 0x6e6f6728, 0x312e6b65, 0x1043490c, 0x235c8508, 
    0x46433130, 0x32220986, 0x09883830, 0x09854120, 0x43453122, 0x09821386, 0x46211387, 0x22138733, 0x86393346, 0x33462127, 0x42201d89, 0x43201388, 
    0x44200988, 0xde860988, 0x33463122, 0x31227786, 0x4f884446, 0x4f884420, 0x4f884420, 0x4f864420, 0x30343023, 0x82458536, 0x2e372409, 0x434a0b31, 
    0x34280f49, 0x6e750738, 0x37333069, 0x20051042, 0x06104234, 0x41333121, 0x31210572, 0x231f8445, 0x30334531, 0x21056e42, 0x07863233, 0x20053c43, 
    0x059c4734, 0x42343021, 0x302b05c7, 0x05383931, 0x7070614b, 0x464c0661, 0x31240971, 0x4c064233, 0x82084144, 0x825b844b, 0x415b8707, 0x452005ee, 
    0x21052642, 0x26423230, 0x31302105, 0x42078c42, 0x4522062e, 0x7b853034, 0x83843420, 0x43343026, 0x754d0244, 0x4620be85, 0x30254284, 0x06433134, 
    0x23788a4e, 0x4e063534, 0x30227888, 0x70864631, 0xbc843420, 0x34453122, 0x04418886, 0x2a0f8205, 0x684e0541, 0x036b6f6f, 0x84676e45, 0x31342157, 
    0x30233184, 0x86443034, 0x8539200f, 0x86452007, 0x84452082, 0x34302149, 0x2505a247, 0x36373330, 0x92854e02, 0x4243312a, 0x6f684f05, 0x4f076e72, 
    0x33068743, 0x6572624f, 0x4f0d6576, 0x676e7568, 0x6d757261, 0x7475616c, 0x31224d84, 0x07853144, 0xc5854520, 0x43453122, 0x32200f84, 0x21051647, 
    0x16473230, 0x32302105, 0x82058444, 0x211f8607, 0x27854532, 0x20079c41, 0x82178434, 0x231784c7, 0x30354531, 0x20053041, 0x82ad8435, 0x201f8656, 
    0x481f8643, 0x31220578, 0x1f864445, 0x46071948, 0x17820533, 0x0782fd84, 0x07829784, 0xc1493f86, 0x45312105, 0x8205c149, 0x0b322707, 0x616c734f, 
    0x7a416873, 0x6d4f2705, 0x6f726369, 0x07860c6e, 0x410a5545, 0x46220668, 0x55453934, 0x85342005, 0x34462258, 0x850f8642, 0x34462260, 0x410f8544, 
    0x302105b0, 0x06734633, 0x84464621, 0x34302237, 0x25c08431, 0x36453430, 0xe7454f04, 0x05aa4208, 0x54851482, 0x34354522, 0x45224484, 0x07833635, 
    0x38343022, 0x31263485, 0x52033441, 0x1b846f68, 0x4345462d, 0x725f5108, 0x6f6f6874, 0x4252066b, 0x35230a38, 0x42520636, 0x32200938, 0x22058f48, 
    0x41313230, 0x35200628, 0x20061841, 0x856a8735, 0x354521b7, 0x32266284, 0x02463131, 0xc3417852, 0x43342305, 0x58845306, 0x43530b21, 0x5c420f7b, 
    0x45312305, 0x8c843036, 0x86364521, 0x8636205d, 0x843620b8, 0x841f82b8, 0x3430236d, 0x52843530, 0x45413121, 0x1b4606ea, 0x22958205, 0x84540641, 
    0x750923ac, 0x0e83696e, 0x20073a47, 0x209e8636, 0x209e8636, 0x239e8436, 0x30374531, 0x43214886, 0x2931830c, 0x2e434131, 0x65736162, 0x09415407, 
    0x351c8405, 0x03453332, 0x05756154, 0x726f6855, 0x7455066e, 0x65646c69, 0xca425507, 0x62552d06, 0x65766572, 0x69725505, 0x550d676e, 0x200cd042, 
    0x0b664655, 0x4a4a4420, 0x86442006, 0x844420b9, 0x313021b9, 0x8205e845, 0x85422007, 0x0587496b, 0xf186ba82, 0x09413720, 0x41372006, 0x37200609, 
    0x38201787, 0x20052941, 0x43d88637, 0x3122057e, 0x1f864545, 0x82050242, 0x861f870f, 0x864520f8, 0x304621f8, 0x00446f85, 0x86372007, 0x4537231f, 
    0x9d41570b, 0x57062f09, 0x76617267, 0x61570665, 0x65747563, 0xec465709, 0x4a45200c, 0x312105d2, 0x06a54b45, 0xfa434520, 0x840f8205, 0x3430214b, 
    0x2705664c, 0x43463430, 0x69684303, 0x31246f84, 0x590b3342, 0x450ffd41, 0x38230749, 0x84590645, 0x42da856f, 0x452106ea, 0x43d28646, 0x32240602, 
    0x55074534, 0x86063c4a, 0x6f742507, 0x0f736f6e, 0xa38c0c86, 0x39354622, 0x46224c84, 0x07864235, 0x21064f43, 0x0f854635, 0x21062741, 0x27864546, 
    0x25057844, 0x42454631, 0xbf415907, 0x5a062105, 0x0a21fc84, 0x0c0c4a5a, 0x39453123, 0x21418430, 0xa1413945, 0x34392106, 0x3229e184, 0x5a043432, 
    0x04726162, 0x06294c5a, 0x37433229, 0x62610646, 0x48766572, 0x412006a7, 0x45227a85, 0x40853742, 0x86314221, 0x86332007, 0x06224207, 0x20079b44, 
    0x220f8441, 0x85414531, 0x424520ba, 0x412007f4, 0x4521b285, 0x21da8441, 0xe74a3230, 0x44312106, 0x30225f84, 0x5f863232, 0x84314121, 0x45312198, 
    0x47820784, 0x2f826784, 0x61073322, 0x2105c542, 0xaa426107, 0x22d88209, 0x4e610a41, 0x0a8409d3, 0x30271e8b, 0x74610531, 0x846e7275, 0x45342054, 
    0x30210570, 0x06b84534, 0xe7423420, 0x82452007, 0x4465205c, 0x34240946, 0x62043544, 0x2008664b, 0x20818638, 0x22078435, 0x87304531, 0x20e98607, 
    0x21b98430, 0x06473230, 0x38312406, 0x42630b38, 0x0a210934, 0x0e894163, 0x84393021, 0x4633228b, 0x24078432, 0x07313434, 0x0bbf4364, 0x4e853520, 
    0x2d4e3120, 0x32302505, 0x64063132, 0x8208d244, 0x4142207d, 0xd9460577, 0x200f8205, 0x210f8546, 0x07863131, 0x30229d84, 0x07854631, 0x85413221, 
    0x43312b07, 0x79640536, 0x0468676f, 0x24476f64, 0x34322406, 0x41650737, 0x06280552, 0x65726265, 0x650a6576, 0x6520ab89, 0x21054541, 0x7b886506, 
    0x44323021, 0x322006c8, 0x644bf187, 0x4c452006, 0x312205c3, 0xba843145, 0xe2840782, 0xab860782, 0x0b423120, 0x06584f06, 0x484f4520, 0x45312205, 
    0x86178742, 0x314321c3, 0x4320c385, 0x3122b384, 0x61414345, 0x07094c06, 0x0f843320, 0x47343021, 0x0782051f, 0x303a2f84, 0x05374434, 0x72757465, 
    0x705f0c6e, 0x2e747261, 0x61625f66, 0x66036573, 0x0382312e, 0x6605692a, 0x312e692e, 0x696e7509, 0x46319082, 0x6606312e, 0x2e676e65, 0x6f6c0531, 
    0x0b73676e, 0x25068473, 0x6b6f7274, 0x0b840e65, 0x220ead41, 0x83044631, 0x2a97832f, 0x30363230, 0x61626704, 0x41670b72, 0x67200ade, 0x3025308c, 
    0x06333231, 0x09324167, 0x84463121, 0x453129b2, 0x67043132, 0x0a63732e, 0x47838682, 0xea850a82, 0x82054241, 0x844220ca, 0x47342062, 0x228205f2, 
    0x0f843620, 0x37363222, 0x31240784, 0x68053539, 0x0b20e283, 0x6c260584, 0x6f6f6874, 0x0b840a6b, 0x32220983, 0x97836804, 0xab446820, 0x4131200f, 
    0x32200658, 0x20065041, 0x848d8732, 0x84958255, 0x45312275, 0x236d8539, 0x0f424234, 0x6c24ce82, 0x69737365, 0x220dac4c, 0x46690646, 0xbf820549, 
    0x44213682, 0x2607860c, 0x6d63632e, 0x82690470, 0x6907217c, 0x25064a42, 0x65726269, 0xa0466576, 0x46322105, 0x07212084, 0x0c5c4669, 0xd2843020, 
    0x08433220, 0x30322106, 0xdf4d8486, 0x45312305, 0x5d854243, 0x85424321, 0x256a823c, 0x37333230, 0x9a866a0b, 0x22079843, 0x84393432, 0x89078265, 
    0x48342028, 0x35340735, 0x6a690237, 0x732e6904, 0x636a0f63, 0x73736f72, 0x6c696174, 0x0a202784, 0x0b210f89, 0x0e31416a, 0x69463120, 0x43332006, 
    0x3420063e, 0x21053148, 0x9c853130, 0x4d313021, 0x302305ff, 0x84373331, 0x453120c4, 0x45220689, 0xcf413133, 0x41332005, 0x33290669, 0x746b0535, 
    0x066e7275, 0x05a2476b, 0x3127c483, 0x6c094139, 0x4164696d, 0x6c200549, 0x470bf443, 0xe68205e9, 0x6c043422, 0x0621e682, 0x098c446c, 0x43333124, 
    0x51426c06, 0x45312108, 0x07827985, 0x4d066443, 0x453006ac, 0x6c064433, 0x3073732e, 0x736c0b32, 0x6873616c, 0x0c200b84, 0x0c847786, 0x7c880e20, 
    0x32221b89, 0x0c844336, 0x76830920, 0x0b200984, 0x22897b85, 0x0c848082, 0x85850b20, 0x82821888, 0x0c8b3720, 0x0c8b3920, 0x0c8b4220, 0x0c844420, 
    0x8b830720, 0x46433423, 0x20a68204, 0x290c8463, 0x05313732, 0x7275746d, 0x05840c6e, 0x73656426, 0x646e6563, 0x42064841, 0x342106ba, 0x230f8531, 
    0x6e073334, 0x21053141, 0xc0446503, 0x35332a07, 0x666c6e08, 0x6f6f6874, 0x244f846b, 0x06453931, 0x0a39416e, 0x06363423, 0x0839416e, 0x46313022, 
    0x20063141, 0x06054334, 0x86373421, 0x2017875a, 0x2e458542, 0x6e044343, 0x0563732e, 0x726f686f, 0x426f076e, 0x6f2706d7, 0x76657262, 0x496f0d65, 
    0xd2830c35, 0x864b3120, 0x31302205, 0x213f8645, 0x47844445, 0xa2453220, 0x32302205, 0x21ca8430, 0x83503230, 0x86078205, 0x0573501f, 0x42323021, 
    0x3d4b073b, 0x34452106, 0x31222f84, 0xfa863545, 0x55077846, 0x31220588, 0x1f864345, 0x2105c546, 0xc5464531, 0x86078205, 0x05ad49d7, 0xd7860f82, 
    0x82058e4f, 0x8277840f, 0x473f8607, 0x45240762, 0x736f0b33, 0x2009064c, 0x06064c6f, 0x064c0786, 0x8330200b, 0x463121d8, 0x20069341, 0x05d04d46, 
    0xf4420f82, 0x49462005, 0x4620069e, 0x22066041, 0x83383746, 0x3430252f, 0x6f043337, 0x2007b543, 0x05154e34, 0x45343026, 0x656f0537, 0x82060745, 
    0x21ab8422, 0x0b553430, 0x31302105, 0x20074648, 0x47d38635, 0x34200615, 0x25054b4e, 0x30413230, 0x0e427107, 0x72072105, 0x280b4843, 0x72054434, 
    0x6e727574, 0x8505840b, 0x720c2c19, 0x68736966, 0x6b6f6f68, 0x84766572, 0x37322491, 0x42720845, 0x0621066e, 0x0a314272, 0x06373523, 0x09314272, 
    0x54473220, 0x32302205, 0x20e08531, 0x069f4945, 0x9f494520, 0x35452106, 0x23065141, 0x72044635, 0x7223ca83, 0x83766e69, 0x4b732007, 0x46220c90, 
    0x62847306, 0x44730b21, 0x32210e6d, 0x23f58431, 0x31364531, 0x07829683, 0x36206786, 0xfd45f586, 0x84178205, 0x34302127, 0x30050d41, 0x38413130, 
    0x7265670c, 0x646e616d, 0x2e736c62, 0x06f74631, 0x625f7425, 0x84657361, 0x413124e0, 0x85740742, 0x47102084, 0x74240514, 0x6c727563, 0x32202089, 
    0x2a062850, 0x05384132, 0x72757474, 0x4874046e, 0x362308f0, 0x41740633, 0x42200b04, 0x07879c86, 0x3620f486, 0x21064642, 0x1f853137, 0x03373929, 
    0x09312e74, 0x82696e75, 0x07c850a0, 0x33363125, 0x8508312e, 0x211c864e, 0x1c863132, 0x0989d782, 0x1d854420, 0x46201382, 0x37210987, 0x2e098731, 
    0x312e3739, 0x69747506, 0x0565646c, 0x496f6875, 0x302206ce, 0xec843542, 0x39383224, 0xa5437507, 0x62752406, 0x82766572, 0x69722524, 0x750d676e, 
    0x460dab43, 0xff4a0c84, 0x4f312005, 0x30210532, 0x05ca5231, 0x41200782, 0x31225284, 0x07844344, 0xda483220, 0x32302105, 0x2007da48, 0x06a14137, 
    0x7a843720, 0x37453122, 0x20064344, 0x21828237, 0x0f82696e, 0x20062441, 0x201f8645, 0x461f8645, 0x23440727, 0x45312105, 0x82052344, 0x06444107, 
    0x03314628, 0x08312e75, 0xef526175, 0x75092405, 0x8230696e, 0x841283d7, 0x050941d1, 0x34249f82, 0x750d312e, 0x41094742, 0x4053082b, 0x24a98206, 
    0x0b312e35, 0x0d6a5375, 0xdb523782, 0x33372108, 0x77524b88, 0x521d8206, 0x098206bd, 0x82067752, 0x22478299, 0x53677508, 0x3e490588, 0x37452905, 
    0x7507312e, 0x6e726f68, 0x24824285, 0x2107c452, 0xac414645, 0x41452008, 0x452008d4, 0x2408d441, 0x312e4645, 0x0c8e410f, 0x84080c42, 0x05bd41b8, 
    0x4184cc88, 0x8305ae41, 0x69722671, 0x312e676e, 0x05004208, 0x7a882488, 0x2e353725, 0x4b760531, 0x312207e5, 0xa0423745, 0x46372306, 0x07417709, 
    0x77052107, 0x0b211f83, 0x09394177, 0x84770621, 0x770621db, 0x2208fe43, 0x41384531, 0x382006ad, 0x2106cd41, 0xda423839, 0x06c15905, 0xb9594520, 
    0x34302505, 0x63033534, 0x4208234e, 0x32240549, 0x790b4634, 0x480fdf43, 0xd544070d, 0x45312505, 0x79063939, 0x420b334e, 0x46200624, 0xa0467686, 
    0x205e8205, 0x21768333, 0x96503430, 0x34302305, 0x0f854645, 0x86314621, 0x05332207, 0x09d44c79, 0x2105244f, 0xba483430, 0x46342406, 0x41790732, 
    0x0426053b, 0x63732e79, 0x30497a04, 0x05fe4908, 0x34323025, 0x447a0730, 0x0621051c, 0x052e4e7a, 0xc54a7a20, 0x84a8820c, 0x84078269, 0x26078289, 
    0x61470535, 0x84616d6d, 0x39333c7f, 0x68540534, 0x02617465, 0x50026958, 0x69530569, 0x03616d67, 0x03696850, 0x85697350, 0x06ed4d21, 0x42464628, 
    0x656d4f0a, 0x44466167, 0x4136200a, 0x46210553, 0x05634136, 0xec504620, 0x36462106, 0x20053943, 0x050a4946, 0x36463122, 0x2005c541, 0x06fc5046, 
    0x6e444620, 0x46462206, 0x21628341, 0x3e5c4631, 0x87462006, 0x8741206a, 0x21478617, 0x27864341, 0x41204786, 0x20054b50, 0x06d04e46, 0x43464623, 
    0x06834f08, 0x2005884d, 0x06c64733, 0x4e473320, 0x33302405, 0x84063444, 0x843120f3, 0x463420d2, 0x3420060b, 0x2105494f, 0xba543430, 0x05ff4108, 
    0x4b313421, 0x4b4b0643, 0x37312707, 0x63614b05, 0x3d857279, 0x21051f58, 0xda4c3430, 0x34302205, 0x21a58431, 0x31513430, 0x34302205, 0x06e24130, 
    0x2105a94b, 0x19593430, 0x86078205, 0x05fc5c55, 0x37200f82, 0x42204f85, 0x38201787, 0xfd840f86, 0x57864782, 0x17863220, 0x85393221, 0x0682541f, 
    0x83483420, 0x32342206, 0x20178543, 0x201f8630, 0x593f8630, 0x67820517, 0x1f854520, 0x2006a348, 0x062f5034, 0xbc5d3420, 0x56678205, 0x67860747, 
    0x2105595b, 0x47453430, 0x54342006, 0xdf820562, 0x30282786, 0x6c610532, 0x0a616870, 0x0e420584, 0x05f75a0a, 0x30463123, 0x05ae4131, 0x2206dd5c, 
    0x86333046, 0x8240840f, 0x052b431f, 0x84304621, 0x200f82f8, 0x531f8537, 0x31230513, 0x85303846, 0x05fd5c0f, 0x32200f82, 0x47860f86, 0x47863820, 
    0x47863820, 0x20060e52, 0x06f24346, 0x6d5e4620, 0x42462106, 0x0e528786, 0x46312205, 0x413f8642, 0x0f820580, 0x42347f86, 0x65620437, 0x67056174, 
    0x616d6d61, 0x6c656405, 0x65076174, 0x8606e851, 0x20e58407, 0x260c860d, 0x736f6c63, 0x86086465, 0x0b31210d, 0x72230887, 0x8a117665, 0x2026850b, 
    0x4a118a0f, 0x312207dd, 0xe2863146, 0x82058942, 0x48e2860f, 0x4621069d, 0x46e28631, 0x312505b3, 0x04323746, 0x20a2827a, 0x20038203, 0x41038208, 
    0x32200a74, 0x32204986, 0x8f5bec86, 0x42462006, 0x3121057d, 0x057d4246, 0x2c410782, 0x06da5f06, 0xa4514620, 0x53462006, 0x462006df, 0x21050b43, 
    0xa45c4631, 0x52462006, 0x4621065d, 0x06344139, 0x82053542, 0x4347861f, 0x0f82051b, 0x2006bc41, 0x43c18643, 0x31220515, 0xc1864346, 0x82057f5d, 
    0x0537230f, 0xba826874, 0x6f690425, 0x83116174, 0x07cf4504, 0x0920cc84, 0xdc5a1183, 0x411b8b05, 0xeb5105f8, 0x46312205, 0x53e38633, 0x462006b7, 
    0x21069345, 0x6b863346, 0x82055450, 0x06d84127, 0x20065f4d, 0x06bb5446, 0x6c574620, 0x4b462006, 0x4620066d, 0x21052644, 0x39484631, 0x2c078205, 
    0x616c0637, 0x6164626d, 0x03697802, 0x08a05672, 0x07485d86, 0x33302205, 0x056f4346, 0x3243332e, 0x67697305, 0x7403616d, 0x75077561, 0x20052f42, 
    0x8c078614, 0x8e0f20db, 0x860c2014, 0x0ac5410f, 0x21050651, 0x274c4631, 0x50462006, 0x0f82053b, 0x57067d41, 0x46200648, 0x8205354a, 0x4be18617, 
    0x3121054b, 0x068d5546, 0xab434620, 0x46312105, 0x20060f4c, 0x05245946, 0x2f860f82, 0x03374526, 0x08696870, 0x67250382, 0x6b656572, 0x26b58203, 
    0x656d6f05, 0x840a6167, 0x20918a05, 0x06574236, 0x73413620, 0x06195706, 0x86364621, 0x06215791, 0xdf4a4620, 0x57462006, 0x46200629, 0x2006e74a, 
    0x06d75546, 0x9d5a4620, 0x46312105, 0x82050c54, 0x06274207, 0x8205cc52, 0x065d410f, 0x2006254c, 0x05954446, 0x57421782, 0x86462006, 0x05c54f2f, 
    0x58463121, 0xd1860887, 0x06374627, 0x6d6d6167, 0x21a68461, 0x22423430, 0x84078205, 0x84078236, 0x343021ae, 0x2205d642, 0x45463430, 0x32420654, 
    0x841f8205, 0x841f8246, 0x870f826e, 0x060c4507, 0x82052e48, 0x06544517, 0x8205d642, 0x5e47862f, 0x30210524, 0x82de8534, 0x42178627, 0x302105f6, 
    0x07744535, 0x20065154, 0x055b5534, 0x44202782, 0x41059445, 0x3f820506, 0x0f853520, 0x2105705b, 0xbc5e3430, 0x46278205, 0x9f4d064c, 0x34302105, 
    0x8205974d, 0x443f86c7, 0x178205d3, 0x5e56c786, 0x860f8205, 0x874220c7, 0x061c4607, 0xd7863420, 0x8205fe59, 0x05cc4227, 0x065a3420, 0x860f8205, 
    0x071e49bf, 0x2205ee41, 0x86353430, 0x056e593f, 0x7f862782, 0x5c463420, 0x05e84e06, 0x39343022, 0x2b56c786, 0x20378205, 0x47d78534, 0x302105da, 
    0x06e74b34, 0x2f543420, 0x34302105, 0x2105a842, 0x844b3430, 0x30322305, 0x2f834142, 0x44250782, 0x72754504, 0x840c866f, 0x2414827c, 0x65700638, 
    0x07de5673, 0xdf453020, 0x30322105, 0x82059f56, 0x04392507, 0x6172696c, 0x33203386, 0x80840786, 0x36201c82, 0x322e0f86, 0x6c6f630d, 0x75636e6f, 
    0x6e657272, 0x15867963, 0x2582b684, 0x0f853220, 0x82056148, 0x8646200f, 0x871f870f, 0x8643209e, 0x85382017, 0x41422007, 0x45200506, 0x82054e5f, 
    0x213784a9, 0x1e553130, 0x08078205, 0x7a0a4321, 0x2e6f7265, 0x73616c73, 0x6e6f0868, 0x73732e65, 0x74073130, 0x65657268, 0x6609312e, 0x8472756f, 
    0x73082311, 0x08847869, 0x696e0922, 0x38842487, 0x06667422, 0x06823583, 0x6f777426, 0x0866742e, 0x74223a85, 0x3b840766, 0x69220783, 0x18826576, 
    0x41830620, 0x73241f82, 0x6e657665, 0x08250f82, 0x68676965, 0x20088274, 0x22518407, 0x860d6674, 0x208b854f, 0x8455850b, 0x850a2073, 0x82312053, 
    0x860c202c, 0x20178455, 0x8452850b, 0x860c200b, 0x250c8445, 0x6d6f6308, 0x2e82616d, 0x65700926, 0x646f6972, 0x12820982, 0x836f6c21, 0x05654177, 
    0x61632e23, 0x26958373, 0x6d65730c, 0x856f6369, 0x700c281a, 0x6e657261, 0x8366656c, 0x840d2096, 0x8672200c, 0x620c25a4, 0x65636172, 0x0c841a87, 
    0x0e201a87, 0x6b220d83, 0x1c867465, 0x0e860f20, 0x11201e87, 0x73865489, 0x598a1220, 0x11201286, 0x11865e89, 0x638a1220, 0x13201286, 0x1386688b, 
    0x6d8c1420, 0x09251486, 0x68707968, 0x20ec8365, 0x8609860e, 0x6c072f18, 0x2e737365, 0x670a6674, 0x74616572, 0x0a827265, 0x12830c20, 0x75716524, 
    0x0c826c61, 0x17860f20, 0x08200f87, 0x0b230887, 0x87746f6e, 0x7007230b, 0x4483756c, 0x696d0823, 0x2808846e, 0x6c756d0b, 0x6c706974, 0x26418279, 
    0x76696409, 0x82656469, 0x830c2009, 0x26228726, 0x7070610e, 0x87786f72, 0x610d2442, 0x55696373, 0x298205ed, 0x73610b28, 0x69726574, 0x8e876b73, 
    0x87079c41, 0x200f878e, 0x86ab8911, 0x8c1420d0, 0x201486b0, 0x8666850d, 0x8810200d, 0x841086ba, 0x20528798, 0x86a1850d, 0x8810201a, 0x201086c9, 
    0x86ce860e, 0x8911200e, 0x201186d3, 0x86d88b13, 0x8a122013, 0x201286dd, 0x86e28810, 0x73082510, 0x65636170, 0x0a27f082, 0x30696e75, 0x86304130, 
    0x3032230a, 0x0a823830, 0x2b05bc43, 0x65094134, 0x616c6378, 0x6c62646d, 0x70441186, 0x05565406, 0x45303221, 0x32230535, 0x84443330, 0x3145231f, 
    0x24421138, 0x715f260a, 0x6c6c6975, 0x0b224212, 0x0e201285, 0x200d9342, 0x0e90420f, 0x68421020, 0x4254870f, 0xc28305d3, 0xb0420e20, 0x420f200d, 
    0x07230ead, 0x832e7461, 0x660a2a26, 0x72756769, 0x73616465, 0x2da08468, 0x0a353130, 0x6e65706f, 0x6c6c7562, 0x12857465, 0x0e33342a, 0x61697274, 
    0x656c676e, 0xc944168c, 0x05b15406, 0x41353224, 0xcc420b41, 0x650b220a, 0x8454836e, 0x890f2064, 0x220f8464, 0x886d650b, 0x850b201b, 0x20178452, 
    0x8479890f, 0x750c270f, 0x3032696e, 0x0c843334, 0x838d1320, 0x4320208b, 0x44200c8b, 0x92820c89, 0x0d2e0c84, 0x746f7571, 0x76657265, 0x65737265, 
    0x0d841064, 0x6c626422, 0x05261087, 0x6d697270, 0x98650b65, 0x850b8405, 0x05e947f7, 0x35303224, 0x15840837, 0x0e202f82, 0x0e83248a, 0x70229382, 
    0x1d87656c, 0x30213683, 0x05e05a32, 0x412e0782, 0x6f77740c, 0x6c746f64, 0x65646165, 0xc4440a72, 0x53632005, 0x3226069d, 0x09363332, 0x97826e61, 
    0x69656c23, 0x27398461, 0x09453733, 0x7373656c, 0x0c20b384, 0x84063843, 0x430e200c, 0x11200d57, 0x20105443, 0x0951430a, 0x4e430d20, 0x7009230c, 
    0x5085756c, 0x48430a20, 0x430d2009, 0x0b200c45, 0x200a4243, 0x0d3f430e, 0x3c431020, 0x430f200f, 0x0d200e39, 0x240c3643, 0x46317506, 0x05b74831, 
    0x53313221, 0x3226052c, 0x03303231, 0x1d436574, 0x33312605, 0x6e750842, 0x20248269, 0x29088836, 0x2e690641, 0x726d756e, 0x06846e06, 0x33057941, 
    0x65084234, 0x7974706d, 0x06746573, 0x75732e61, 0x62067370, 0x63200685, 0x64200685, 0x65200685, 0x66200685, 0x67200685, 0x68200685, 0x69200685, 
    0x6a200685, 0x6b200685, 0x6c200685, 0x6d200685, 0x6e200685, 0x6f200685, 0x70200685, 0x71200685, 0x72200685, 0x73200685, 0x74200685, 0x75200685, 
    0x76200685, 0x77200685, 0x78200685, 0x79200685, 0x7a200685, 0x09230684, 0x8572657a, 0x880f2056, 0x0bc24709, 0x0d23d182, 0x84656e6f, 0x0510472b, 
    0x85777421, 0x064a472f, 0x0f20f383, 0x83055547, 0x4723840a, 0x3b8206ec, 0x6f660e23, 0x86a08575, 0x76692118, 0x05484b85, 0x22218205, 0x8569730d, 
    0x20208497, 0x05d3470a, 0x0a204983, 0x8305d547, 0x0629480a, 0x0e222d82, 0x8c8b696e, 0x840a7d44, 0x0a7d4487, 0x7d440f83, 0x4410830c, 0x5a840d7d, 
    0x756c7022, 0x42053a41, 0x7a850676, 0x61757122, 0x20068141, 0x20fa8261, 0x05d54162, 0x63200682, 0x64200d85, 0xca830685, 0x66201482, 0x67200d85, 
    0x68200685, 0x69200685, 0x6a200685, 0x6b200685, 0x53830685, 0x6d203082, 0x6e200d85, 0x6f200685, 0x70200685, 0x71200685, 0x72200685, 0x73200685, 
    0x74200685, 0x75200685, 0x76200685, 0x77200685, 0x78200685, 0x79200685, 0x7a200685, 0xd5410684, 0x73622107, 0x2007d541, 0x49498262, 0x75220998, 
    0xd5417362, 0x23178306, 0x08313073, 0x2105d541, 0xd5417362, 0x413a8208, 0x238607d5, 0x2107d541, 0xd5417362, 0x41188807, 0x622105d5, 0x06d54173, 
    0xd5415d82, 0x41208605, 0x5f8208d5, 0x2107d541, 0xd5417362, 0x414f8207, 0x2e8606d5, 0x820cd541, 0x0cd54187, 0x41736221, 0x62210ed5, 0x0fd54173, 
    0xd5415a82, 0x446f8206, 0x7320054c, 0x7a44f182, 0x410a8306, 0x6423051f, 0x416d6f6e, 0x0983051f, 0x830af542, 0x6f0d240e, 0x852e656e, 0x071f4117, 
    0x1f410d83, 0x413a8406, 0x2388051f, 0x83051f41, 0x051f410e, 0x6921188a, 0x234b8576, 0x78697308, 0x0d205484, 0xf5420887, 0x415f840b, 0x0a83051f, 
    0x84051f41, 0x696e214f, 0x2a458c8b, 0x852d8405, 0x450a84dd, 0x2e840558, 0x84099347, 0x0a3f41a7, 0x0b200f83, 0x8406c94a, 0x05de4a35, 0x0a892684, 
    0x33219483, 0x200f8d0f, 0x05334137, 0x6d756e23, 0x05334172, 0x33410983, 0x210e830a, 0xa6826f0d, 0x33411785, 0x410d8307, 0x3a840633, 0x88053341, 
    0x05334123, 0x33410e83, 0x23188a05, 0x2e657669, 0x08230e83, 0x84786973, 0x870d2008, 0x0b334108, 0x33415f84, 0x410a8305, 0x4f840533, 0x8b696e21, 
    0x0533418c, 0x33412d84, 0x410a8405, 0x2e840533, 0x84093341, 0x0a3341a7, 0x33410f83, 0x41358407, 0x26840518, 0x33410a89, 0x26c5870b, 0x6e750737, 
    0x4e313269, 0x322105b0, 0x05a75731, 0xb74d0f82, 0x50312005, 0x0f8205f1, 0x2105794d, 0xbf4d3531, 0x50312005, 0x178205f1, 0x2005794d, 0x05984e31, 
    0x994d0f82, 0x35312605, 0x6e6f0930, 0x25f48465, 0x68740c68, 0x0b866572, 0x660b7324, 0x0b877669, 0x65730c25, 0x856e6576, 0x86732024, 0x86312087, 
    0x06014e07, 0x21054850, 0x17493132, 0x30312106, 0x30207f86, 0x30378f86, 0x64610e30, 0x73657264, 0x62757373, 0x7463656a, 0x6e6f7405, 0x590e736f, 
    0x7b8408ad, 0x79630d2a, 0x6c6c6972, 0x72626369, 0x0d207182, 0x480c1652, 0x3230052d, 0x63610936, 0x63657475, 0x09626d6f, 0x76617267, 0x1b850984, 
    0x454e3020, 0x30332705, 0x69740934, 0x1984646c, 0x6f640829, 0x6c656274, 0x820d776f, 0x616d2131, 0x63220a84, 0x3084626d, 0x6c513020, 0x30322105, 
    0x2006bd47, 0x065c4130, 0x30303022, 0x3021dc84, 0x20e48530, 0x05995530, 0x30303238, 0x68740c33, 0x65647269, 0x6170736d, 0x710e6563, 0x74726175, 
    0x0e867265, 0x69730c25, 0x86687478, 0x4140860c, 0x302105b5, 0x057d4130, 0x73563020, 0x41488205, 0x3022057d, 0x27844230, 0x3631312e, 0x67656410, 
    0x63656572, 0x69746e65, 0x6422d682, 0x10850f65, 0x72616629, 0x65686e65, 0x850c7469, 0x656b250f, 0x6e69766c, 0x32203585, 0x35353d85, 0x65094543, 
    0x6d697473, 0x64657461, 0x72726109, 0x656c776f, 0x05c64a66, 0x35463723, 0x240c830e, 0x676e6f4c, 0x21198341, 0x20840c32, 0x6c626422, 0x3821238a, 
    0x2314840a, 0x68676972, 0x36213687, 0x890d840f, 0x840d2037, 0x8b378222, 0x05f74b25, 0x41393121, 0x392006ec, 0x3120ee85, 0x23053c5a, 0x39393132, 
    0x62228e85, 0x684b746f, 0x46372205, 0x8a7f8837, 0x07412114, 0x75215c84, 0x222e8570, 0x85776f64, 0x313922e1, 0x22118533, 0x85647075, 0x51312011, 
    0x32240518, 0x0e414131, 0xfb4ae988, 0x84ee8209, 0x8d13200c, 0x201384f3, 0x8bf88b11, 0x84382032, 0x410f200c, 0x1c8b0902, 0x0c843620, 0x0c411420, 
    0x2014840e, 0x0c114112, 0x3920348b, 0xa0850c84, 0x1b8be683, 0x8c8d3720, 0x41201e8f, 0x31212b89, 0x262b8539, 0x696e750c, 0x85393132, 0x850c86a6, 
    0x850c8661, 0x640a2ba3, 0x5f62676e, 0x63656863, 0x0a840c6b, 0x6c61622e, 0x78746f6c, 0x69727407, 0x6e646761, 0x75220785, 0x4e830770, 0x30433522, 
    0x72200f85, 0x2005f041, 0x05605235, 0x53353221, 0x32210520, 0x05906635, 0xd2410f82, 0x41362e05, 0x69630b30, 0x656c6372, 0x63616c62, 0x2e0b866b, 
    0x74696877, 0x69660965, 0x64656c6c, 0x85786f62, 0x05da5359, 0x72353221, 0x322205bc, 0x21443142, 0x31422a05, 0x69640c33, 0x6e6f6d61, 0x20428464, 
    0x210c8b0e, 0x1b87785f, 0x1b875284, 0x5f240c84, 0x75730378, 0x2005fd41, 0x06984336, 0x31363626, 0x61656805, 0x3720bb86, 0x21055b55, 0x6b443632, 
    0x44362006, 0x4220067b, 0x31200786, 0x2505895e, 0x41453132, 0xbd827013, 0x666f652d, 0x65746e69, 0x74736572, 0x85676973, 0x59332059, 0x32210574, 
    0x21438633, 0x07533033, 0x59332005, 0x3221055c, 0x05405c33, 0x59333221, 0x07820534, 0x20057b43, 0x06805331, 0x8206b952, 0x20178527, 0x05375833, 
    0x3f410f82, 0x62332005, 0x322b05b9, 0x0e454333, 0x72726163, 0x82676169, 0x07c95c80, 0x41313221, 0x31200676, 0x82058b59, 0x0579440f, 0x7b593120, 
    0x85ba8205, 0x5731208e, 0x32210554, 0x05cf6e31, 0x46260782, 0x696e7507, 0xb6584232, 0x35322105, 0x22052f5d, 0x4e314232, 0x442006a6, 0x2005814f, 
    0x202f8630, 0x053c5b34, 0x54343221, 0x078205e7, 0x20059844, 0x05be4d34, 0x98440f82, 0x53342005, 0x0f820588, 0x7f544785, 0x200f8206, 0x216f8445, 
    0x77854234, 0x30433422, 0x2e420f85, 0x58342006, 0x322005d6, 0x8206ec5b, 0x21b78507, 0x06464334, 0x55342005, 0x178205e7, 0x20051641, 0x05bf5534, 
    0x49440f82, 0x06c75505, 0x46410f82, 0x43342105, 0x00647f86, 0x86178205, 0x064e417f, 0x066c3420, 0x34322105, 0x82057e57, 0x05374107, 0x7e573420, 
    0x470f8205, 0x3420051e, 0x20062242, 0x057e5734, 0xb1441782, 0x36342105, 0x36228786, 0x70541238, 0x422e2009, 0x642205e9, 0x53546f10, 0x4c108706, 
    0x3120069b, 0x11200f87, 0x88088854, 0x54732032, 0x22880690, 0x87089854, 0x510e2011, 0x3188053c, 0x65757127, 0x6f697473, 0x2910876e, 0x6d756e12, 
    0x73726562, 0x12886769, 0x2a082f53, 0x6c637269, 0x6c0c6465, 0x88737365, 0x06164f93, 0x66520f87, 0x202a8507, 0x22ca850a, 0x47756c70, 0x322005b7, 
    0x2306aa45, 0x0e383932, 0x154f1a85, 0x75072707, 0x4132696e, 0x07453833, 0x70752105, 0xe544c088, 0x776f2105, 0x0f208d88, 0x39222983, 0x218d3331, 
    0x66656c23, 0x45c28874, 0x88850b4b, 0x9d441220, 0x20258709, 0x0ba54414, 0x092b1487, 0x71732e41, 0x65726175, 0x88420964, 0x88432009, 0x88442009, 
    0x88452009, 0x88462009, 0x87472009, 0x470b2309, 0x1588312e, 0x09884820, 0x09884920, 0x09884a20, 0x09884b20, 0x09884c20, 0x09884d20, 0x09884e20, 
    0x09884f20, 0x09885020, 0x09885120, 0x09885220, 0x09885320, 0x09885420, 0x09885520, 0x09885620, 0x09885720, 0x09885820, 0x09885920, 0x09875a20, 
    0x96420c20, 0x05124105, 0x6e6f0b23, 0x22e28865, 0x876f7774, 0x740d240b, 0x88657268, 0x058c5619, 0x23064541, 0x7669660c, 0x0b231988, 0x88786973, 
    0x65732433, 0x886e6576, 0x6965240d, 0x88746867, 0x05b44274, 0x18437485, 0x4354860b, 0x10860918, 0x86081843, 0x0a18430f, 0x10201186, 0x86081843, 
    0x43112010, 0x11860918, 0x86071843, 0x4310200e, 0x10860818, 0x860b1843, 0x07184312, 0x18430e86, 0x550c8605, 0x0f8608a6, 0x86061843, 0x056e550d, 
    0x6e550c86, 0x270d8606, 0x61726610, 0x6f697463, 0x55081c41, 0x2186097f, 0x3c520e20, 0x430e8606, 0x0f860832, 0x21066948, 0x4188776f, 0x8c083243, 
    0x656c2221, 0x08724166, 0x20054c48, 0x0b854172, 0x860b3243, 0x0d324337, 0xe96a1486, 0x32322c05, 0x3073732e, 0x6e750e33, 0x82313069, 0x8431200c, 
    0x211b850e, 0x0c8b3633, 0x0c8a4220, 0x8a353421, 0x8a35200c, 0x31322226, 0x21198a38, 0x0c8b3733, 0x0c844320, 0x69841120, 0x0c843320, 0x6c857b85, 
    0x458a3420, 0x8a353121, 0x31322238, 0x21458939, 0x86853132, 0x0c83af84, 0x3321af8a, 0x25428532, 0x6d6f630a, 0x3384616d, 0x10590e20, 0x20e58309, 
    0x0523550c, 0x1b844620, 0xda541120, 0x054f4107, 0x33307323, 0x08ec5412, 0x82054f41, 0x840e2012, 0x20218812, 0x410e840f, 0x3188066e, 0x84071b55, 
    0x55152056, 0x15840f31, 0x15841320, 0x6e697328, 0x61626c67, 0x808d6573, 0xc66d1188, 0x84422005, 0x853720c6, 0x4341210c, 0x37222b83, 0xf14c410e, 
    0x84c88208, 0x3130231b, 0x1b844544, 0x30212883, 0x84fc8532, 0x45312319, 0x19883041, 0x30453123, 0x200c8b32, 0x200c8434, 0x09cf7e0f, 0x41201c8b, 
    0x79850c8b, 0x43208685, 0x0e219385, 0x20868c45, 0x098d7e0f, 0x4221388a, 0x200c8a38, 0x21a38531, 0x2f65470f, 0x8c1c8a08, 0x058942b3, 0x3220c086, 
    0x0e20a685, 0x8709017b, 0x453122f6, 0x7a528632, 0x1c890aad, 0xc28b4320, 0xf98b3320, 0x8605cd42, 0x8b33205f, 0x413420a3, 0x34200b2d, 0x3420338b, 
    0x03418685, 0x05a14205, 0x44204086, 0x0e214085, 0x0c10414f, 0x89068a41, 0x32302183, 0x4285ad86, 0x53414320, 0x8c45200b, 0x09cb4169, 0x43453121, 
    0x69860551, 0xaa8b3520, 0x5a893520, 0x4d8b2682, 0x35423620, 0x8b36200b, 0x8b3620d1, 0x8b362067, 0x8b36204d, 0x05d76e4d, 0x550e3722, 0x3122d191, 
    0xb5413744, 0x8937200a, 0x3130234f, 0x19883944, 0x42200c82, 0x35200c8b, 0x31220c88, 0x48414545, 0x8b46200b, 0x8b37209d, 0x41372083, 0x0e200505, 
    0x8a088976, 0x8b382042, 0x8b3820e0, 0x413820c6, 0x38200b07, 0x0e214f85, 0x22c69059, 0x41384531, 0x46200b64, 0x0f209285, 0x8a09f875, 0x8539206c, 
    0x421120e3, 0x31200ab6, 0x10201e84, 0x85099142, 0x710e2010, 0x452105d8, 0x200e852e, 0x0a954211, 0x4321208b, 0x42208641, 0x42200508, 0x210b5041, 
    0xe3434441, 0x90612005, 0x313023b2, 0x95884644, 0x32323022, 0x5e85358c, 0x30214f85, 0x22268833, 0x41304531, 0x0f200579, 0x8b094875, 0x09a3411c, 
    0x79852982, 0x43204385, 0x0e215d85, 0x21868c65, 0xb943650f, 0x41422013, 0x312209f6, 0xa3853145, 0xd9730f20, 0x8c6f8a09, 0x8b3220b3, 0x853220a6, 
    0x690621a6, 0x0e212d84, 0x85768c69, 0x89322092, 0x453122fd, 0x20b98643, 0x05ab6969, 0x06213584, 0x226a886a, 0x8b343230, 0x85332094, 0x08a6716a, 
    0x46064d43, 0x0c870592, 0x3420308b, 0x200b4f41, 0x46a88b34, 0x338605ed, 0x83413420, 0x06fd420b, 0x906f0e21, 0x323022bb, 0x09684132, 0xc88c0c82, 
    0x200b7541, 0x8b698c45, 0x05044726, 0x35207686, 0x3520aa8b, 0x31225a89, 0x4d8b3545, 0x74433620, 0x8b36200b, 0x8b3620aa, 0x8b3620de, 0x8b362074, 
    0x8c39205a, 0x20678b33, 0x20678536, 0x09296d0e, 0x430a8946, 0x37200b8e, 0x30225c89, 0xde434431, 0x430c8209, 0x0c8209a8, 0x200bcf43, 0x20b78b45, 
    0x20aa8b46, 0x20838b37, 0x051f4137, 0xa56c0e20, 0x08fd4108, 0x38453122, 0x3820b98b, 0x3820d38b, 0x200b2141, 0x214f8538, 0xb241790e, 0x41428210, 
    0x46200b7e, 0x0f209285, 0x8a09e96b, 0x8539206c, 0x751125e3, 0x4531696e, 0x84067775, 0x050e441e, 0x43463121, 0x0e2006ed, 0x84082574, 0x422f851d, 
    0x61440583, 0x20418406, 0x85ae8433, 0x21418511, 0x41873739, 0x36212084, 0x200e8d42, 0x200e8644, 0x098d4110, 0x83053441, 0x3130233d, 0x2e8c3844, 
    0x8a333721, 0x441d820e, 0x2c86078b, 0x1d8d4320, 0x3b8c3620, 0x8c354521, 0x3146210e, 0x37200e8c, 0x0c209787, 0x3022a682, 0x84853034, 0x90410c86, 
    0x34302109, 0x210b0742, 0x07424434, 0x4834200a, 0x34200bc5, 0x220a2746, 0x42453430, 0x34210a3b, 0x46338b45, 0x30210a41, 0x06c84534, 0x46207485, 
    0x84058942, 0x303421d9, 0x85074441, 0x4244201b, 0x9082094a, 0x82091442, 0x09f8410c, 0x8b427682, 0x8b0c8209, 0x8b452033, 0x061f4233, 0x46205a85, 
    0x22096f42, 0x46443330, 0x7e690559, 0x732e240c, 0x68373073, 0x14840fb7, 0xb7681920, 0x6f74240e, 0x42736f6e, 0x4621096a, 0x05164244, 0x31216783, 
    0x0b884746, 0x40484620, 0x4446200b, 0x46210b47, 0x057a4145, 0x335f0e20, 0x584f8408, 0x8a830741, 0x2009244b, 0x066c5f37, 0x2f4b1583, 0x0d37280d, 
    0x696c6c65, 0x85697370, 0x500b208e, 0x28830681, 0x654d0d20, 0x20d78209, 0x05ce5913, 0x6e656327, 0x65726574, 0x22bc8864, 0x41343032, 0x13280558, 
    0x646f7774, 0x6e65746f, 0x8405de5f, 0x5f0f2020, 0x0f8409e3, 0xdd640e20, 0x200e8408, 0x05c54b0d, 0x87667421, 0x05d5640d, 0x11200d84, 0x8609d64b, 
    0x8a12201f, 0x2512864c, 0x696e750c, 0x0f423230, 0x58122006, 0xa0880c13, 0x41463121, 0x0c820ad2, 0x210a1f48, 0xcb424346, 0x3033210a, 0x84055642, 
    0x30332153, 0x200ad842, 0x0a9e4933, 0x42303221, 0x0c820ad8, 0x22093a42, 0x85453032, 0x089b5840, 0x0e208284, 0x200d5a47, 0x08924413, 0x2206984f, 
    0x79373073, 0x73200b8b, 0x13200f82, 0x840d737b, 0x580d2046, 0x0d8407ac, 0x6e6f1123, 0x08486165, 0x17321184, 0x65616964, 0x69736572, 0x6e6f7473, 
    0x6f63736f, 0x1784626d, 0x26821220, 0x6c626425, 0x88627573, 0x61142412, 0x83747563, 0x2111843e, 0x2784636c, 0x61631025, 0x826e6f72, 0x902e202c, 
    0x85752010, 0x87192021, 0x086459b9, 0x19922a87, 0x5d84338f, 0x33886f8b, 0x338f1989, 0x9008c259, 0x86198967, 0x871a2033, 0x0532739b, 0x1a93688b, 
    0x2d853587, 0x35843b87, 0x2e6e6327, 0x37307373, 0x411a921a, 0x19240618, 0x646c6974, 0x8c083f49, 0x861991d3, 0x0b874f69, 0x874f3720, 0x4f37200d, 
    0x0c870b87, 0x21095542, 0x99483130, 0x3130210a, 0x200a354c, 0x06874f30, 0xb0423387, 0x069c7a0a, 0x874f3720, 0x4c2b8610, 0x52820ae5, 0x874f388a, 
    0x4f268506, 0xaf850687, 0x8508874f, 0x06874f1b, 0xf34e3720, 0x4f382012, 0xf34e0874, 0x4f118907, 0x38200764, 0x2011864f, 0x0d864f38, 0x864f3820, 
    0x4f31860e, 0x38200b86, 0x2814864f, 0x6e750738, 0x38313069, 0x28078532, 0x44063146, 0x616f7263, 0x230e8574, 0x45084238, 0x20055f6e, 0x5a108531, 
    0x2f820534, 0x0f854620, 0x2105fd56, 0x3f743130, 0x42312106, 0x32254f85, 0x49024331, 0x2522854a, 0x4c043743, 0x50866f64, 0x02414326, 0x5404494f, 
    0x32082678, 0x56083438, 0x73727563, 0x02657669, 0x6d085259, 0x74706163, 0x31200894, 0x2105d274, 0x69703230, 0x85078205, 0x7a3220a4, 0x3021053a, 
    0x06227a32, 0x45734520, 0x45312105, 0x82051f6f, 0x76452007, 0x392c056a, 0x07312e45, 0x72637361, 0x0b747069, 0x5d830786, 0x61620938, 0x61677962, 
    0x08616d6d, 0x72747363, 0x68637465, 0x6c656409, 0x1c836174, 0x79650421, 0x382108e0, 0x2ac18433, 0x0a363832, 0x6c687365, 0x88706f6f, 0x05fc5d1a, 
    0x6c323021, 0x32210695, 0x829a8539, 0x7032857b, 0x302105bc, 0x050d5831, 0x41200782, 0x35211784, 0x22078744, 0x86670844, 0x321884f7, 0x0e343932, 
    0x746f6c67, 0x736c6174, 0x62706f74, 0x8d117261, 0x6e69220e, 0x22118e76, 0x8b766572, 0x82208e32, 0x8511821d, 0x44312a5b, 0x6f686a0b, 0x62646b6f, 
    0x2d58826c, 0x72676b0c, 0x6c6e6565, 0x69646e61, 0x76700963, 0x25168205, 0x6f796c05, 0x30846867, 0x33413128, 0x656d6f0b, 0x48726167, 0x2a138405, 
    0x08343532, 0x6c696870, 0x7b697461, 0x61200617, 0x2108687d, 0x746d3230, 0x6d312006, 0xee820510, 0x34844420, 0x28733120, 0x201f8205, 0x200f8436, 
    0x051b7232, 0x33323022, 0x21062642, 0x17853933, 0x3e413420, 0x7f322005, 0x32200619, 0x07e04318, 0x20067f75, 0x05ec6e45, 0x39453123, 0x212f8346, 
    0x4c6f4531, 0x84078205, 0x84078267, 0x31322317, 0xe2703438, 0x21a88407, 0xfc417607, 0x29648405, 0x04464231, 0x63732e61, 0x04836804, 0x04836d20, 
    0x04827420, 0x32241b83, 0x07343930, 0x2605ca47, 0x69700431, 0x83076570, 0x62642304, 0x07860a6c, 0x2d06af42, 0x46463741, 0x7574520a, 0x75736e72, 
    0x95756570, 0x45352805, 0x68680a35, 0x846b6f6f, 0x720a2112, 0x34211d8d, 0x05434231, 0x86303421, 0x41462007, 0x34200509, 0x22063042, 0x84433034, 
    0x3134219c, 0x3021c184, 0x06eb4234, 0x55733420, 0x410f8205, 0x34220519, 0x27854530, 0x20053d5b, 0x06a65930, 0x1f860782, 0x82059659, 0x775f860f, 
    0x0f820521, 0x20057042, 0x05117734, 0x47860f82, 0x2105f274, 0xa1723430, 0x41078205, 0x34200591, 0x2105705e, 0x09773430, 0x86078205, 0x05976e9f, 
    0x5b343021, 0x07820556, 0xb65a4786, 0x34302105, 0x8205b65a, 0x85352007, 0xfb4e18a7, 0x06f04207, 0x0b7b3420, 0x5b342006, 0x3022053e, 0x57864534, 
    0x22055571, 0x86463430, 0x8646207f, 0x052d5c57, 0x38343022, 0xbf7e2786, 0x20278205, 0x435f8537, 0x34200660, 0x20064142, 0x05457d34, 0x35343022, 
    0x3d722f86, 0x86ef8205, 0x059e5a8f, 0x71420f82, 0x78342005, 0x0f820529, 0x4f854420, 0x21051978, 0x887c3430, 0x87078205, 0x422f8667, 0x34200691, 
    0x2006e142, 0x05017834, 0x42343023, 0x5b3f8531, 0xff8205c6, 0x5b068f41, 0x3022056e, 0x3f864434, 0x82053f7f, 0x206f860f, 0x06ef4144, 0x17424520, 
    0x058e5c06, 0x7b343021, 0x078205e3, 0x57854220, 0x8205e37b, 0x20c786f7, 0x204f8646, 0x763f8646, 0x302105aa, 0x065f4133, 0x22061d5d, 0x85463330, 
    0x41332067, 0x3327064f, 0x6b054646, 0x6a707061, 0x42240629, 0x756e0243, 0x33216084, 0x20688537, 0x05367333, 0x7a333021, 0x508205f8, 0x44254086, 
    0x65620537, 0x06e57274, 0xc0743320, 0x211d8205, 0x4e840636, 0x72043125, 0x85316f68, 0x84462049, 0x463121a2, 0x82054241, 0x82da8407, 0x20178707, 
    0x22278337, 0x87444631, 0x82ca8417, 0x2181841f, 0x0a414631, 0x840f8205, 0x46312179, 0x2206da70, 0x84413733, 0x42442b37, 0x6f720846, 0x6f6e616d, 
    0x0885656e, 0x6f777423, 0x2511840a, 0x65726874, 0x0a840965, 0x756f6623, 0x21098672, 0x27867669, 0x78697322, 0x73242785, 0x6e657665, 0x65240a85, 
    0x74686769, 0x6e212885, 0x22508869, 0x840b6e65, 0x6c652145, 0x0b852983, 0x65777425, 0x8565766c, 0x69662535, 0x0c797466, 0x68272284, 0x72646e75, 
    0x84106465, 0x8266200c, 0x2010866b, 0x2710840d, 0x756f6874, 0x646e6173, 0x3221b983, 0x056c4331, 0x31200782, 0x32200f86, 0x33200786, 0xdb5d0786, 
    0x72312005, 0x3120068b, 0x82059443, 0x8637202f, 0x8638201f, 0x86392007, 0x86412007, 0x86422007, 0x86432007, 0x86442007, 0x86452007, 0x85462007, 
    0x05c84607, 0x8e453220, 0x20078206, 0x21178436, 0x2f843030, 0x32394122, 0x37202f85, 0x2006f35e, 0x058e4530, 0x45303221, 0x322105a6, 0x05704730, 
    0x30210782, 0x05a26d09, 0x746f6423, 0x0b534b0c, 0x33204e85, 0x30214685, 0x20968533, 0x059a7330, 0x86854682, 0xb2733020, 0x30322105, 0x82057376, 
    0x85312007, 0x05db4337, 0x06410f82, 0x35303205, 0x65760e35, 0x63697472, 0x61626c61, 0x6c626472, 0x22758508, 0x850d5f5f, 0x6f6e3108, 0x61657262, 
    0x6e750d6b, 0x73726564, 0x65726f63, 0x0a252482, 0x6d6d6167, 0x09984561, 0x32383430, 0x6d756e0c, 0x6c617265, 0x65657267, 0x0c8b0f6b, 0x64757321, 
    0x332605b8, 0x6d0b3646, 0x6a837375, 0x746f6e24, 0x0b8a0e65, 0x2106936f, 0x715f3230, 0x20078205, 0x82ae8332, 0x86332007, 0x23ae8407, 0x35443230, 
    0x3d410f85, 0x200f8205, 0x210f8537, 0x07853644, 0x2006da44, 0x05f74232, 0x47861f82, 0x20060245, 0x06e24332, 0x7b7d3220, 0x46322206, 0x86378631, 
    0x05807627, 0x45323021, 0x3220062a, 0x82056743, 0x865f870f, 0x061a446f, 0x41463222, 0x42203f86, 0x43200786, 0x44200786, 0x45200786, 0x46200786, 
    0x442c0785, 0x6e750a34, 0x45323069, 0x6e632e35, 0x39200a86, 0x36200a89, 0x38200a89, 0x37200a89, 0x3e830a82, 0x70424621, 0xd68205aa, 0x840c4521, 
    0x35392146, 0x2c09896d, 0x0c333131, 0x63617073, 0x65706f65, 0x07d7626e, 0x30413026, 0x6d6f7307, 0x20083162, 0x05737830, 0x36333022, 0x20055841, 
    0x06cb4633, 0x41363321, 0x33200558, 0x8205e177, 0x20e8851f, 0x06db4633, 0xfd7d3320, 0x85178205, 0x453320f0, 0x332006d3, 0x2006eb46, 0x05fd7d33, 
    0xf0851f82, 0xe3453320, 0x44312105, 0x2105e276, 0x90414431, 0x20078205, 0x05604434, 0x8205c841, 0x8636200f, 0x8638200f, 0x86392007, 0x82678407, 
    0x8642201f, 0x8643200f, 0x86442007, 0x82678407, 0x8546201f, 0x0613790f, 0x31454422, 0x32200f86, 0xe7840786, 0x45443122, 0xfb457786, 0x860f8205, 
    0x05656377, 0x77840f82, 0x38343022, 0x07828784, 0x3f840f87, 0x3f840f82, 0x27410782, 0x38342105, 0x0f823f84, 0x67833720, 0x49364121, 0x3021052d, 
    0x05ce4333, 0x37840782, 0x46463121, 0x078205ab, 0x4620b785, 0x21052346, 0x1a624631, 0x46312105, 0x8205ea62, 0x20cf850f, 0x05b34746, 0xd7850f82, 
    0xbb464620, 0x46312105, 0x8205b842, 0x48278607, 0x0f820503, 0x83462786, 0x20378205, 0x218f8330, 0xbb673330, 0x84078205, 0x2007829f, 0x20178632, 
    0x85078643, 0x30332abf, 0x6f680d41, 0x62616b6f, 0x0b93686f, 0x21064949, 0xed853133, 0xfd7e3320, 0x7c332006, 0x3021054f, 0x06ad7e33, 0x86323321, 
    0x05837b4d, 0x44333021, 0xfd8205c4, 0xaf425d86, 0x34332106, 0x20055541, 0x06907833, 0x88783320, 0x34332206, 0x208d8542, 0x69478634, 0x3f820587, 
    0x0782e584, 0x3021dd84, 0x05c54433, 0x31200782, 0xc5422f85, 0x05cd4407, 0x9d411782, 0x7b332005, 0x0f820539, 0x476a7f86, 0x860f8205, 0x064a4c7f, 
    0x4a4c3320, 0x35332106, 0x35207f86, 0xd9487f86, 0x35332106, 0x5a697f86, 0x33302105, 0x8205a863, 0x637f8607, 0x302006a8, 0x21050948, 0x307a4431, 
    0x30322105, 0x22057948, 0x84453032, 0x2017826f, 0x05854230, 0x2006ad41, 0x05686444, 0x1d421782, 0x44442005, 0x0f8205ee, 0x0782af84, 0x2f863720, 
    0x39203f87, 0xa7840f86, 0xa7841f82, 0x4d420782, 0x7a442005, 0x0f820568, 0x27854620, 0x2006fb7c, 0x053a4844, 0x44443123, 0x86178632, 0x64978757, 
    0x31220580, 0x57864544, 0x82051e45, 0x4e57860f, 0x0f820562, 0x2e455786, 0x44312305, 0x4f853146, 0x2006af7b, 0x052e4544, 0x34201782, 0x35201786, 
    0xa7860786, 0x20069542, 0x06f54244, 0x49494420, 0x30322705, 0x750a3046, 0xb782696e, 0xe5443420, 0x200a8206, 0x06e54436, 0x43323022, 0x0782f584, 
    0x4d834120, 0xa5840782, 0x85323021, 0x860782b5, 0x054e650f, 0x85323021, 0x200782ed, 0x682f8530, 0x30210515, 0x050e6632, 0x17863f82, 0x82058541, 
    0x08452a0f, 0x656e696c, 0x74726576, 0x054c5109, 0x2007a246, 0x05ae4332, 0x00423a82, 0x4a322005, 0x3220055a, 0x0c2cb882, 0x7261705f, 0x5f412e74, 
    0x63617266, 0x4f260c86, 0x73616c73, 0x19851668, 0x6f726330, 0x61627373, 0x6f635f72, 0x6361706d, 0x16951b74, 0x65725f25, 0x8e137478, 0x208a831b, 
    0x2513860d, 0x61747279, 0x61866c69, 0x0d826320, 0x87636921, 0x200c842e, 0x05e7545f, 0x2e891120, 0x5f636926, 0x6b6f6f68, 0x6c24118d, 0x10746665, 
    0x66262385, 0x63617469, 0x9b825f79, 0x6f205586, 0x0e22b784, 0xb86c6570, 0x75742307, 0x51466e72, 0x38362605, 0x6d63632e, 0x05aa6070, 0x88313721, 
    0x3230230c, 0x0c843242, 0x6b531420, 0x630c2513, 0x6e6f7261, 0x2006c953, 0x06fe4f0f, 0x6e755f2b, 0x44323069, 0x6f640c45, 0x05664174, 0x636c2e23, 
    0x140e5315, 0x3e535488, 0x636c2c09, 0x72616c0e, 0x69726567, 0x83746867, 0x521520de, 0x0d2a14f7, 0x646c6974, 0x75636165, 0x5d826574, 0xba534788, 
    0x636c2109, 0x75201492, 0x75208794, 0x48542a89, 0x63752209, 0x24bf8810, 0x626d6f63, 0x89258a2e, 0x637522ad, 0x86888911, 0x4e0f2026, 0x643005e5, 
    0x2e6e776f, 0x65736163, 0x696e750a, 0x41303330, 0x0c204182, 0x34280a83, 0x742e4631, 0x0b6e7275, 0x36201785, 0x39201b82, 0x742cab88, 0x736f6e6f, 
    0x72616e5f, 0x0d776f72, 0x31242082, 0x2e454646, 0x0d851484, 0x8b444321, 0x8c44200d, 0x8c43200d, 0x8c442029, 0x4643210d, 0x0d8c378c, 0x0d864520, 
    0x67840920, 0x70202782, 0x2406a543, 0x636c2e36, 0x42ec840d, 0x0d2507dc, 0x74756361, 0x200d8765, 0x06125d08, 0x08874120, 0x08874f20, 0x08875520, 
    0x08876120, 0x08876520, 0x08876f20, 0x860a7921, 0x2e75233e, 0x57840c31, 0x6c626427, 0x626d6f63, 0x240c840e, 0x68676972, 0x850e8374, 0x0664421b, 
    0x72610e24, 0x3d566863, 0x620c2809, 0x65766572, 0x83766e69, 0x870f2028, 0x852b860c, 0x250c861c, 0x69726210, 0x2a836764, 0x0d201086, 0x0d861085, 
    0x61630f2b, 0x6172646e, 0x646e6962, 0x204b8375, 0x22481811, 0x20218809, 0x05fb4a6f, 0x21837182, 0x04821020, 0x50616d21, 0x0b82068a, 0x56126221, 
    0x0d2011ef, 0x410cea56, 0x6c22054a, 0xd6856665, 0x61726724, 0x5c866576, 0x8c471120, 0x075b4108, 0xef501020, 0x70622405, 0x84616c61, 0x2410872f, 
    0x72746572, 0x246f836f, 0x746f690b, 0x203f8661, 0x07d8440c, 0x0f201883, 0x4f410c87, 0x860f8806, 0x440d202c, 0x2d8308fc, 0x766f0d22, 0x8406e04b, 
    0x860d88d5, 0x7213243c, 0x83676e69, 0x616823b3, 0x4086666c, 0x13831420, 0x67697224, 0x148a7468, 0x14830b20, 0x0e262086, 0x67616573, 0xe3576c75, 
    0x740c2807, 0x65646c69, 0x8364696d, 0x870c8561, 0x095e4c28, 0x11201b83, 0x830c6d4c, 0x78082411, 0x84707573, 0x0e2258d4, 0x1d580b20, 0x220b890a, 
    0x180c6375, 0x21086456, 0x0c8b6c2e, 0x14637522, 0x20110b57, 0x2214936c, 0x84126375, 0x0cb85729, 0x6e610c25, 0x86656c67, 0x620e238b, 0xcd827261, 
    0x6e6f6c23, 0x46a38467, 0x12200702, 0x24080b46, 0x7466656c, 0x201f835f, 0x05f6660d, 0x0f27ee86, 0x6b636174, 0x45776f64, 0x0f830832, 0x1f862b83, 
    0x0f831020, 0x67697224, 0x10867468, 0x10830d20, 0x88707521, 0x6c69261e, 0x65766564, 0x201e8272, 0x20798370, 0x2270870b, 0x4463752e, 0x33210566, 
    0x2af68237, 0x616c730d, 0x68736873, 0x8274726f, 0x5f0e2118, 0x2a84ce84, 0x6e632e23, 0x0c48410f, 0x116e6324, 0x52827262, 0x8709f844, 0x09e44411, 
    0xa6721187, 0x20458208, 0x091f4316, 0x168a3a8b, 0x15203f8b, 0x68232d89, 0x836b6f6f, 0x8b438dba, 0x8213205a, 0x616d2c1e, 0x65636361, 0x6972746e, 
    0x82746867, 0x8b14202a, 0x746f2413, 0x82657461, 0x41112014, 0xea87086e, 0x6f6b1427, 0x696e6f72, 0x223c8573, 0x8366656c, 0x1340463b, 0x416e6321, 
    0x632210e3, 0x0082006e, 0x01000126, 0x0f00ffff, 0x02b40982, 0x012d013b, 0x00ec002d, 0x00d205ec, 0x005e0400, 0x055efe00, 0x04ecffe6, 0xfee8ff6c, 
    0x271b8956, 0xd205f0ff, 0xf0ff5e04, 0x05211d85, 0x821f82ea, 0xe900210b, 0xa8310182, 0xfe01a800, 0xd2fe3d01, 0x3302eefd, 0xc7fe4401, 0x211583fd, 
    0x178200e9, 0x05ae062f, 0x028203ed, 0x05e3069e, 0x027703f4, 0x224f8999, 0x82050000, 0x216d874f, 0x6f850306, 0xfe214f89, 0x225388d2, 0x86c8fe08, 
    0x87ee2057, 0xae06231f, 0x5b888203, 0x7803b822, 0x77085f87, 0x202c00b0, 0x585500b0, 0x20205945, 0x0e00b84b, 0x06b04b51, 0xb0585a53, 0x28b01b34, 
    0x20666059, 0xb058558a, 0xb9612502, 0x00080008, 0x62236363, 0xb021211b, 0x00b05900, 0xb2442343, 0x43000100, 0xb02d4260, 0x20b02c01, 0xb02d6660, 
    0x21232c02, 0xb02d2123, 0x64202c03, 0x151403b3, 0xb0434200, 0x60204313, 0x02b14260, 0xb1424314, 0xb0430325, 0x78544302, 0x230cb020, 0x432a0882, 
    0x04b06461, 0x02b27850, 0x46820202, 0x6521b024, 0x1583211c, 0x150eb226, 0x201c4201, 0x23250a82, 0x0113b242, 0x291b8213, 0x5000b023, 0xb2596558, 
    0x29830116, 0x04b02d2a, 0x2b03b02c, 0x584315b0, 0xb0236f83, 0x86434316, 0x201b3e20, 0xc0b02064, 0x2604b050, 0x0128b25a, 0x6345430d, 0x4506b045, 
    0x03b02158, 0x5b525925, 0x269c8258, 0x20588a1b, 0x825050b0, 0x59402512, 0x38b0201b, 0x38240983, 0xb1205959, 0x91822d85, 0x12822820, 0x20220d86, 
    0x0c8230b0, 0x8330b021, 0x50c02e29, 0x20662058, 0x20618a8a, 0x58500ab0, 0x203b8260, 0x201b8320, 0x2009830a, 0x35098336, 0x601b6036, 0x1b595959, 
    0xb02502b0, 0xb063430c, 0xb0585200, 0x2c834b00, 0x0f822120, 0xb04b1b23, 0x2625831e, 0xb8614b1e, 0x82630010, 0xb8632f11, 0x59620005, 0x59616459, 
    0x592b01b0, 0xe2852359, 0x64205922, 0x232dcf82, 0xb02d5942, 0x45202c05, 0x2504b020, 0x2ed38261, 0x58504307, 0x422307b0, 0x422308b0, 0x8221211b, 
    0x2d602432, 0x842c06b0, 0x2b0328fe, 0x07b16420, 0x83204262, 0x20ee831c, 0x83be851b, 0x07b02805, 0xb0634560, 0x82212a05, 0x2043241c, 0x828a208a, 
    0x30b1386b, 0x04b02505, 0x60585126, 0x52611b50, 0x59235859, 0xb0205921, 0x82585340, 0x211b231b, 0x8a8740b0, 0x07b02d2a, 0x4309b02c, 0x0200b22b, 
    0x2005e641, 0x3a0e8208, 0x20234223, 0x422300b0, 0x6202b061, 0x6301b066, 0xb06001b0, 0xb02d2a07, 0x83202c09, 0x430e26ad, 0x0004b863, 0x82228262, 
    0x604022af, 0x21228359, 0x24824460, 0x0ab02d2c, 0x0e09b22c, 0x42454300, 0x3842212a, 0x2c0b2108, 0x200d4842, 0x2245850c, 0x82232b01, 0x32fa8217, 
    0x8a452060, 0x64206123, 0x5020b020, 0x00b02158, 0x8230b01b, 0x1b202157, 0xa587a482, 0x2503b025, 0x85446123, 0x960d2062, 0x24b0213e, 0x3c823582, 
    0x348bda88, 0x842c0e21, 0x0db325d0, 0x4503000c, 0x1b356582, 0x2a592123, 0x0fb02d21, 0x0202b12c, 0x6164b045, 0x10b02d44, 0x29c2822c, 0x0fb02020, 
    0x00b04a43, 0x08825850, 0x59422324, 0x0d8310b0, 0x0d825220, 0x0d821020, 0x11b02d22, 0x10214882, 0x24f18362, 0x0004b820, 0x08b88263, 0x4311b027, 
    0x608a2060, 0x2311b020, 0xb02d2342, 0x544b2c12, 0x6404b158, 0xb0245944, 0x7823650d, 0x2c13b02d, 0x4b58514b, 0x21148553, 0x1782211b, 0x17841320, 
    0xb12c143c, 0x55431200, 0x1212b158, 0x6101b043, 0x2b11b042, 0x4300b059, 0x422502b0, 0x04830fb1, 0x04821020, 0x1601b024, 0xc9822023, 0xb158502d, 
    0x60430001, 0x422504b0, 0x83208a8a, 0x2a102376, 0x36822321, 0x1b200b87, 0x32831f85, 0x61250223, 0x201d82b0, 0x20c98259, 0x23bf8247, 0x02b06047, 
    0x210dac41, 0xc241b020, 0xb1410814, 0x23130000, 0x4301b044, 0xb23e00b0, 0x43010101, 0xb02d4260, 0xb1002c15, 0x54450200, 0x2312b058, 0xb0452042, 
    0xb042230e, 0x07b0230d, 0x60204260, 0x011818b7, 0x13001100, 0x42424200, 0xb020608a, 0x2e1b8214, 0x14b16101, 0x8bb02b08, 0x59221b2b, 0x8216b02d, 
    0x2b1527e3, 0x2c17b02d, 0x078301b1, 0xb12c1823, 0x23078302, 0x03b12c19, 0x1a230783, 0x8304b12c, 0x2c1b2307, 0x078305b1, 0xb12c1c23, 0x23078306, 
    0x07b12c1d, 0x1e230783, 0x8308b12c, 0x2c1f2307, 0x078309b1, 0x232c2b24, 0x7f41b020, 0x06b02e05, 0x58544b60, 0xb02e2023, 0x211b5d01, 0x206c8221, 
    0x201c8a2c, 0x201c8816, 0x201c8571, 0x201c8a2d, 0x201c8826, 0x251c8572, 0xb0002c20, 0xe7982b0f, 0x6101b023, 0x83ea85b5, 0x20df8be7, 0x20df8221, 
    0x20df8220, 0x83df8222, 0x82232007, 0x200783df, 0x83df8224, 0x82252007, 0x200783df, 0x83df8226, 0x82272007, 0x200783df, 0x83df8228, 0x82292007, 
    0x200783df, 0x83df822a, 0x2c2e3207, 0x01b03c20, 0x2fb02d60, 0xb060202c, 0x43206018, 0x240e8223, 0x2502b043, 0x35078261, 0x212a2eb0, 0x2c30b02d, 
    0xb02b2fb0, 0xb02d2a2f, 0x20202c31, 0xcd412047, 0x61232716, 0x8a202338, 0x219c5855, 0x59211b25, 0x4132b02d, 0xb13407e2, 0x4245060e, 0xb01601b0, 
    0x05b12a31, 0x58451501, 0x221b5930, 0x33202082, 0x970a1e41, 0x2c342323, 0xb9843520, 0x4d823520, 0x45204785, 0x22112644, 0x422b01b0, 0x1783147b, 
    0xb4160023, 0x27008300, 0x38233e44, 0x150134b1, 0x3623eb83, 0x823c202c, 0x2f3394c0, 0x4300b060, 0xb02d3861, 0x172e2c37, 0x38b02d3c, 0xb0232a9f, 
    0x82634301, 0x3933082e, 0x0002b12c, 0x2e202516, 0x00b04720, 0x02b04223, 0x8a8a4925, 0x23472347, 0x62582061, 0xb059211b, 0xb2422301, 0x15010138, 
    0xb02d2a14, 0x00b02c3a, 0x8217b016, 0x25042426, 0x842504b0, 0x0cb12f26, 0x0bb04200, 0x8a652b43, 0x2020232e, 0x53828a3c, 0x268d3b20, 0x842e2021, 
    0xb0202428, 0x87422306, 0xb0203e2d, 0x20585060, 0x585140b0, 0x052004b3, 0x04b31b20, 0x591a0526, 0x20234242, 0x20430ab0, 0x827f828a, 0x46232581, 
    0x4306b060, 0x240fae43, 0x01b02060, 0x0595462b, 0x60430430, 0x05b02364, 0x50646143, 0x4304b058, 0x0b821b61, 0xb0596024, 0x338f2503, 0x9a826120, 
    0x2604b028, 0x38614623, 0x6182231b, 0xe7824620, 0x97840682, 0x64924f82, 0x01228882, 0x7e82232b, 0x6d826020, 0x2505b023, 0x8f038261, 0x24518255, 
    0x04b02061, 0x20848325, 0x45058203, 0x6b890649, 0xb02d5923, 0x070b413c, 0x20202025, 0x412605b0, 0x2325060b, 0xb02d383c, 0x231a883d, 0x42230ab0, 
    0x46221f82, 0x6c824723, 0x82612321, 0x413e201b, 0xcc830842, 0x29056941, 0x585400b0, 0x233c202e, 0xbd831b21, 0x14850220, 0x8a415482, 0x06b02208, 
    0x20a58225, 0x0bbb4849, 0x4205c441, 0x60211179, 0x06ad4123, 0x82212321, 0x8a3f20a4, 0x86432089, 0x602025a2, 0x666020b0, 0xe241f28f, 0x2c402507, 
    0x462e2023, 0x46356982, 0x584317b0, 0x59521b50, 0x593c2058, 0x0130b12e, 0xb02d2b14, 0x221d8c41, 0x8c501b52, 0x8c42201d, 0x8b3b871d, 0x24318f4f, 
    0x3ab02c43, 0x2e709b2b, 0x3bb02c44, 0x20208a2b, 0x2306b03c, 0x99388a42, 0x06b0252a, 0x30b02e43, 0x4520a282, 0x0424f284, 0x2604b025, 0x24057941, 
    0x230cb061, 0x05a94242, 0x430bb022, 0x3c246d82, 0x38232e20, 0x462ad086, 0x040ab12c, 0x00b04225, 0x3283b016, 0xd2422520, 0x4247202d, 0xb02447c5, 
    0x61462502, 0x3c26dd82, 0x211b3823, 0x2f422020, 0x59212108, 0x4725a786, 0x3a00b12c, 0x0786412b, 0x0d824820, 0x212b3b23, 0x06174123, 0x0241cd86, 
    0x2c492408, 0x431500b0, 0xb22d05f6, 0x15010100, 0xb02e1314, 0xb02d2a36, 0x2817964a, 0x00b12c4b, 0xb0131401, 0x23238237, 0x39b02c4c, 0x4d200682, 
    0x16292a82, 0x2e202345, 0x238a4620, 0x072d4161, 0xb02c4e30, 0xb042230a, 0xb02d2b4d, 0x00b22c4f, 0x08824600, 0x08825020, 0x08830120, 0xb22c5123, 
    0x20118401, 0x84088252, 0x82532011, 0x4700211a, 0x54202382, 0x01200882, 0x55200883, 0x11841a82, 0x08825620, 0x57261184, 0x0000b32c, 0x24824300, 
    0x09825820, 0x09840120, 0xb32c5923, 0x20138501, 0x8509825a, 0x825b2013, 0x0100221d, 0x20278243, 0x2009825c, 0x20098401, 0x851d825d, 0x825e2013, 
    0x20138509, 0x216a825f, 0x26824500, 0x08826020, 0x08830120, 0x6a826120, 0x62201184, 0x11840882, 0x1a826320, 0x82480021, 0x82642023, 0x83012008, 
    0x82652008, 0x2011841a, 0x84088266, 0x84672011, 0x82442097, 0x84682024, 0x20098397, 0x83978469, 0x846a2009, 0x20098397, 0x8397846b, 0x846c2009, 
    0x20098397, 0x8397846d, 0x846e2009, 0x24098397, 0x00b12c6f, 0x08c0413c, 0x0d847020, 0x8240b021, 0x8571205e, 0x8241200a, 0x2c72240a, 0x831600b0, 
    0x42b02126, 0x73250d82, 0x3c01b12c, 0x2023842b, 0x830a8574, 0x84752023, 0x83188323, 0x82762023, 0x883d203c, 0x84772055, 0x2031840d, 0x200a8578, 
    0x20478241, 0x830a8579, 0x827a202e, 0x853d2047, 0x857b2052, 0x2020830a, 0x830a857c, 0x827d2020, 0x883e202b, 0x847e204f, 0x204f840d, 0x830a857f, 
    0x8580202e, 0x8242200a, 0x8281205a, 0x853e2039, 0x8582204f, 0x2020830a, 0x830a8583, 0x82842020, 0x883f202b, 0x8485204f, 0x204f840d, 0x200a8586, 
    0x20448241, 0x830a8587, 0x8288202e, 0x853f2039, 0x8589204f, 0x2020830a, 0x830a858a, 0x8b210820, 0x000bb22c, 0x58504503, 0xb21b06b0, 0x45030204, 
    0x1b212358, 0x42595921, 0x6508b02b, 0x502403b0, 0x07d04778, 0x4b002d2e, 0x52c800b8, 0x0101b158, 0x01b0598e, 0x3005f24d, 0x0700b170, 0x7f094042, 
    0x434f5f6f, 0x00072737, 0x300f842a, 0x64087410, 0x48085408, 0x2c063c06, 0x07071e08, 0x2d16860a, 0x066c067c, 0x044e065c, 0x06340442, 0x16840525, 
    0x41420e35, 0x19401d09, 0x12401540, 0x0b400f40, 0x00c00740, 0x820b0007, 0x8215202f, 0x40002118, 0x1883018c, 0x0300b92f, 0xb1440000, 0x51880124, 
    0x8840b058, 0x200f8658, 0x220f8328, 0x870008b8, 0x1b592310, 0x128327b1, 0x8008ba29, 0x40040100, 0x86546388, 0x83592029, 0x40250800, 0x66067610, 
    0x4a065606, 0x2e043e04, 0x07052006, 0x01b82a0e, 0x04b085ff, 0x0002b18d, 0x6405b344, 0x44440006, 0x83fa0500, 0x0024c73d, 
};

