// File: '/tmp/extras/ttf/Inter-Bold.ttf' (420428 bytes)
// Exported using binary_to_compressed_c.cpp
const unsigned int font_inter_bold_compressed_size = 275349;
const unsigned int font_inter_bold_compressed_data[275352/4] =
{
    0x0000bc57, 0x00000000, 0x4c6a0600, 0x00000400, 0x00010025, 0x82110000, 0x043e0804, 0x44471000, 0x4b904645, 0x0000468b, 0x00001c01, 0x50470c04, 
    0x9049534f, 0x0000c3a8, 0x01002805, 0x5347e45d, 0x71094255, 0x010005a1, 0x00000c63, 0x534f565f, 0x1820322f, 0x0100a7a7, 0x458264c2, 0x6d636028, 
    0xb6ba7061, 0x0f82367c, 0x0000c430, 0x76632c65, 0xf8812074, 0x06009443, 0x53824c5a, 0x70660434, 0x2f626d67, 0x06008107, 0x0000505b, 0x61670c0e, 
    0x37827073, 0x1f821020, 0x07824420, 0x6c67083b, 0x96b36679, 0x0200664f, 0x0300f027, 0x6568804e, 0x37346461, 0x05002174, 0x21278376, 0x10826836, 
    0x1c201623, 0x200f82f8, 0x282f82a8, 0x746d6824, 0xfe266878, 0x300f8269, 0x2d0000cc, 0x636f6ce4, 0x7b381161, 0xa4050060, 0x2c0f82b0, 0x78616de8, 
    0x0f7f0d70, 0xd205008e, 0x282f8298, 0x6d616e20, 0x1f200e65, 0x080f8228, 0x0000b820, 0x6f708407, 0x9ad77473, 0x0500bd37, 0x00003cda, 0x72700580, 
    0xff687065, 0x06007a23, 0x2f825c69, 0x0100ef26, 0x0e000200, 0x02820982, 0x82cc0321, 0x829f200b, 0x82ad2003, 0x01af2815, 0x01010016, 0x828a0118, 
    0x018c2205, 0x22058299, 0x82d8019b, 0x01da2205, 0x280582f9, 0x004802fb, 0x024a0201, 0x220582a3, 0x82a502a5, 0x02a82205, 0x220582c7, 0x82ce02cb, 
    0x02d02205, 0x220582d1, 0x82e402d6, 0x02e62205, 0x210582fc, 0x2f8203fe, 0x034a0329, 0x03010058, 0x8264035b, 0x03672205, 0x22058275, 0x827a0378, 
    0x037c2205, 0x2205827d, 0x8296037f, 0x03982105, 0x03223582, 0x358203e6, 0x03fe0329, 0x040100ff, 0x82080402, 0x040a2205, 0x2205820a, 0x820c040c, 
    0x04122205, 0x22058226, 0x822a0428, 0x042d2205, 0x2205822e, 0x82330430, 0x04362205, 0x22058239, 0x824c043b, 0x044e2205, 0x2205824e, 0x82540450, 
    0x04562205, 0x2205826f, 0x82710471, 0x04732205, 0x22058274, 0x82770476, 0x04792205, 0x21058280, 0xdd820482, 0x049b0422, 0x0423f582, 0x82b304b0, 
    0x04b72211, 0x220582c8, 0x82e304cc, 0x04e72205, 0x220582e9, 0x82f004eb, 0x04f22205, 0x270582f2, 0x000005f4, 0x05030501, 0x05238f82, 0x820d050d, 
    0x0510220b, 0x22058210, 0x82130512, 0x05152205, 0x22058217, 0x821e0519, 0x05272205, 0x22058227, 0x822c052c, 0x052e2205, 0x22058231, 0x82330533, 
    0x05382205, 0x22058238, 0x823d053a, 0x053f2205, 0x22058241, 0x82490549, 0x054b2205, 0x2205824b, 0x824f054f, 0x05512205, 0x22058252, 0x82590559, 
    0x055b2205, 0x2205825b, 0x82690568, 0x056e2105, 0x0523cb82, 0x82a2059f, 0x05a8280b, 0x060100a9, 0x82190618, 0x06232205, 0x22058223, 0x82420627, 
    0x06452205, 0x21058247, 0xfb820653, 0x06580623, 0x220b8260, 0x82730662, 0x06762205, 0x22058278, 0x82850684, 0x068a2205, 0x2205828b, 0x8290068e, 
    0x06a32205, 0x210582a4, 0x4d8306a7, 0xc006bd22, 0xc2220b82, 0x0582c206, 0xc506c422, 0xcb220582, 0x0582cb06, 0xcf06cf22, 0xd3220582, 0x0582d706, 
    0xdd06dd22, 0xe92e0582, 0x0300f006, 0x06070207, 0x56070100, 0x05825607, 0x89076f22, 0x8b220582, 0x05828c07, 0x93079322, 0x95220582, 0x05829507, 
    0xc707ac22, 0xc9220582, 0x0582ca07, 0xd107d122, 0xd3220582, 0x0582d307, 0xf807ea22, 0xf92d0582, 0x0300f907, 0x66080508, 0x69080100, 0x236b8208, 
    0xde08de08, 0xe2220b82, 0x1782e708, 0xec08ea22, 0xf1280b82, 0x0100f108, 0x0e090009, 0x0f280582, 0x03000f09, 0x1a091909, 0x1c220b82, 0x05821d09, 
    0x22092022, 0x24220582, 0x05822709, 0x2a092922, 0x33220582, 0x05823309, 0x38093722, 0x3d220582, 0x05823d09, 0x40094022, 0x42220582, 0x05824309, 
    0x45094522, 0x49220582, 0x05824909, 0x4d094d22, 0x4f220582, 0x05824f09, 0x51095122, 0x53220582, 0x05825309, 0x57095722, 0x5b220582, 0x05825b09, 
    0x72096f22, 0x7d220582, 0x05828109, 0x87098322, 0x89210582, 0x23e98209, 0xab099109, 0xb4220b82, 0x0582c809, 0xce09cc22, 0xd1220582, 0x0582d409, 
    0xd909d922, 0xdd220582, 0x0582e509, 0x080ae92e, 0x540a0100, 0x0300760a, 0x800a790a, 0x90220582, 0x0582e50a, 0x820af921, 0xff0a29f5, 0x0100ff0a, 
    0x070b070b, 0x1f220582, 0x05821f0b, 0x280b2822, 0x2a220582, 0x05822c0b, 0x3f0b3f27, 0x400b0300, 0x23b9820b, 0x4d0b4c0b, 0x50271182, 0x0200500b, 
    0x820b530b, 0x540b23a1, 0x1d82540b, 0x5e0b5e22, 0x5f240582, 0x0100600b, 0x02240182, 0x0c000000, 0x12200382, 0x01220b82, 0x0582ef06, 0x06152608, 
    0x06eb06ea, 0x06ed06ec, 0x08e208ee, 0x0a900ae3, 0x0a920a91, 0x0a940a93, 0x0a960a95, 0x0ab70ab0, 0x0ae30abd, 0x204d82f9, 0x262d825e, 0x00200000, 
    0x820a003a, 0x503a0801, 0xa6009a00, 0x60005800, 0x70006800, 0x80007800, 0x04009000, 0x544c4644, 0x79637200, 0x76006c72, 0x6b657267, 0x616c7600, 
    0xc0006e74, 0x70630500, 0x82007073, 0x6e72656b, 0x05848e00, 0x616dbc2e, 0x98006b72, 0x6b6d6b6d, 0x01008800, 0x012c9382, 0x0200b400, 0x01000000, 
    0x04001c01, 0x00210783, 0x200786ae, 0x200786b2, 0x200786b6, 0x220786ba, 0x82d200be, 0x82702027, 0x00062603, 0x00010010, 0x200382d8, 0x24098209, 
    0x00b00002, 0x201582b8, 0x220b8402, 0x82e601f4, 0x8200200b, 0x2206831b, 0x82090001, 0x00032406, 0x84030002, 0x82052011, 0x0005334b, 0x00070006, 
    0x00b60008, 0x54414303, 0x4db60020, 0x05824c4f, 0x4d4f5222, 0x2d820582, 0x2d860620, 0xff213386, 0x263982ff, 0x24010001, 0x82050050, 0x00202661, 
    0x2f422301, 0x220582f0, 0x82563c5a, 0x28062205, 0x21058244, 0x11832a0c, 0x06231822, 0x20220b82, 0x0582f622, 0x4c2d0022, 0x06220582, 0x05827c36, 
    0xf4329222, 0xc0220582, 0x49829647, 0x00000224, 0x07855af9, 0x00287725, 0x82ffff00, 0x84002091, 0x82042071, 0x23682223, 0x2205821e, 0x823a2396, 
    0x844a2005, 0x22072219, 0x88018bee, 0x82012031, 0x213182d1, 0x25848429, 0x5425742a, 0x9025a224, 0x54241824, 0x1e2a0182, 0xdc256024, 0x72254426, 
    0x01821e24, 0x42246622, 0x5a200186, 0x5a240784, 0xec24bc26, 0x60242582, 0x5a240e26, 0x4824018c, 0x4e242025, 0x07820182, 0x25202523, 0x2601823a, 
    0x24702406, 0x887e264e, 0x887a2041, 0x85538309, 0x2624244f, 0x822a24fe, 0x24842201, 0x204d8284, 0x2059824e, 0x320d844e, 0x24ac2460, 0x2430248e, 
    0x24c824ba, 0x243c2436, 0x839824d6, 0xb6252101, 0xa2214388, 0x20018324, 0x21318254, 0x01882460, 0x243a2522, 0x03847f82, 0x83844e20, 0x1f843a20, 
    0xa226a983, 0x02006024, 0xf183bc53, 0x58585528, 0x004300da, 0x008c0040, 0x8bbbff21, 0xc5ff210e, 0x0b930d8b, 0x8ff0ff21, 0xf5ff2515, 0xa4ff0000, 
    0x1382158f, 0xc6ff6322, 0xff21158f, 0x201190d4, 0x21118b98, 0x0d8b8cff, 0xff210ba9, 0x212b9175, 0x1391a3ff, 0xff211193, 0x8d1593b0, 0xc9ff2113, 
    0xff210f89, 0x870b89aa, 0xebfe2109, 0x07890987, 0x838aff21, 0xe2ff210b, 0x03990583, 0x990d7f41, 0x21199d27, 0x1f91afff, 0x252059ba, 0x11a84d91, 
    0x1e002b22, 0x28902ba8, 0x8f27b341, 0x80ff2238, 0xba009000, 0xbb4b90ff, 0xfbff2110, 0xff213d9d, 0x231f85a6, 0x35ff3eff, 0x05850985, 0xff4cff23, 
    0x8c0985c4, 0xff982215, 0x230f8b47, 0xd1ff0000, 0x6f430f87, 0xbbff230d, 0x1987ccff, 0x1982078d, 0x11839820, 0x82bbff21, 0x421e2005, 0xff2907cf, 
    0xfe5eff2f, 0xffd1fff5, 0x201b843e, 0x0f534169, 0x2f823582, 0xff97ff23, 0x231f839a, 0x6fff0000, 0xff210783, 0x24058434, 0xff00005e, 0x240984e1, 
    0xffc8ff46, 0x200984e6, 0x8c05834a, 0x8c182003, 0x200cdb0d, 0x215ca96e, 0x2b85b5ff, 0x003bff24, 0x0a85ff00, 0x6b44059c, 0x87462014, 0x85458332, 
    0x8509890b, 0x44058f0f, 0xff250577, 0xff0000aa, 0x200382a6, 0x421f83af, 0xff2117b3, 0x8d1d8333, 0xf5ff2103, 0xff210f89, 0x870b89ae, 0xbfff2109, 
    0x11880987, 0x00236384, 0x4593ff00, 0xff230767, 0x82e8fe8c, 0x87f72003, 0x431b8221, 0x8d430a49, 0x21c78705, 0x1d8252ff, 0xe9ff7523, 0x21009400, 
    0xc387c6ff, 0x830d0021, 0x82ff2020, 0x0f41426b, 0x83defe21, 0x25038d19, 0x00005eff, 0x138948ff, 0x89d7ff21, 0x8f09850b, 0xc7158545, 0x21dd8305, 
    0x838226ff, 0x51853b20, 0x8b110d46, 0x428bbd7f, 0x3f431311, 0x837b8505, 0x11b54105, 0x03951583, 0xffbeff23, 0xa91995be, 0x09714215, 0xffd3ff23, 
    0x23df85d7, 0x0000e6ff, 0x4b8f1789, 0x09421987, 0xcfff2105, 0xff211f83, 0x8d058383, 0x60ff2103, 0x0d950f8d, 0xff3eff24, 0x5342fedd, 0x46318516, 
    0x3d853713, 0xe3460598, 0x0b554316, 0x18933b98, 0x1b204f8d, 0x13a12293, 0xa1197541, 0x4321d33b, 0x6583118d, 0x83073145, 0x21039d0b, 0x1f9de5ff, 
    0x81a91db7, 0xff21619f, 0x41218d69, 0xff257381, 0xff0000d5, 0x21878798, 0x0987f2ff, 0x99d5078d, 0x8d3dd144, 0x220db7a1, 0x8600c4ff, 0x37eb43ff, 
    0x200ce948, 0x21878723, 0x0987d8ff, 0xf74207af, 0x2345af15, 0xeaff0000, 0xff2133af, 0x8331afe7, 0x83e9b92f, 0x4203893d, 0xcb4d4b0d, 0xc8ff2125, 
    0x09ed7d89, 0xe91f994d, 0x0dd9438d, 0x9bb8ff21, 0xa5ff2379, 0x1f85b2ff, 0x8538a946, 0xf905ba3e, 0x21b48979, 0x0b89f3ff, 0xe741099d, 0x0d7b411d, 
    0x1dad499d, 0x9b09d145, 0x217f8d37, 0x2b9b52ff, 0xeb4f1b85, 0xa3ff230f, 0xb7430000, 0x214b8d05, 0x8191f5fe, 0x00201191, 0xff210088, 0x0dfd4bbb, 
    0x08a21888, 0x9111ff21, 0x13274d24, 0x11e12591, 0x8bd9ff21, 0xe3ff2163, 0x0bd60d8b, 0x57ca3720, 0x4bca1920, 0xff214a92, 0x0dcd436f, 0x830d4350, 
    0x9bff2130, 0x03bd0583, 0xf94dff20, 0x20518512, 0x0a7b4efe, 0x89206d84, 0x03a90583, 0x2107014d, 0x33a9eeff, 0xff232995, 0x48d5ffcd, 0x7f43237f, 
    0xefff2107, 0xbf84af84, 0x51135743, 0x2383051f, 0x3551039b, 0x84219b05, 0x83842065, 0x2103ad05, 0x2f9cf1ff, 0x1d853220, 0x0046ff27, 0x0023ff00, 
    0x139b4f00, 0x93552186, 0x0d5d4406, 0x05941b85, 0x15944520, 0xff2114ba, 0x203c9e7f, 0x521f9810, 0xff212007, 0xaa3b98c0, 0xd2ff2118, 0xff212c91, 
    0x851391c1, 0x16bd4c11, 0x00001d22, 0x850fdb45, 0x0000232f, 0x0987c5ff, 0x5d2007a0, 0x93422187, 0x28c14111, 0x07c04287, 0x9fd3ff21, 0xa1ff2342, 
    0xf7540000, 0x21318f0d, 0x118fb6ff, 0x4d410fa7, 0xedff2109, 0x279733a7, 0x970b0158, 0x41179d23, 0xff23190b, 0x440000b1, 0x5f9d2379, 0xff211da9, 
    0x212b89d5, 0x7b8256ff, 0xff43af20, 0x05d54409, 0xb1421f89, 0xb01c851c, 0xdeff2105, 0x05203282, 0xc1547782, 0x2011820a, 0x22118217, 0x82ecffaf, 
    0x21028c09, 0x0e82f3ff, 0x03822020, 0xff20029a, 0x210a4546, 0x2882eaff, 0xc1520f20, 0x901f821b, 0xf2ff2102, 0xf0203182, 0x90113343, 0x41108828, 
    0xbd410b29, 0x0f595013, 0x088a3888, 0xffbbff23, 0x82778223, 0x077f4511, 0xff21818b, 0x261882e0, 0x0089ff00, 0x49aaff00, 0xff21199b, 0x222584de, 
    0x48000098, 0x282010db, 0x03831983, 0x838eff21, 0x2103a905, 0x2b85a5ff, 0x54055547, 0x5d431f93, 0x101d5c09, 0x7d841620, 0x0583da20, 0xff2103bb, 
    0x843dbbac, 0x83bc2083, 0x2103b905, 0x3ba59dff, 0x20126944, 0x2039851a, 0x8581beff, 0x4405ad45, 0x47991973, 0x99b9ff21, 0x0000231b, 0x1d87d0ff, 
    0x210bd349, 0x15879cff, 0xff210789, 0x17cd46b5, 0x09e12389, 0x5b250141, 0xa7bb1fa3, 0xff21819d, 0x19f547ce, 0x014975aa, 0x9544aa19, 0x0585442a, 
    0x15e51b95, 0xc141db4b, 0xebff21a7, 0x418643c1, 0xe43a0128, 0x01000100, 0x05829a0a, 0xe03a0022, 0x01220582, 0x1184070b, 0x11849b20, 0x0582d420, 
    0x580a022a, 0x02005a0a, 0xcc3a0000, 0xd2200382, 0x07361182, 0xef06e906, 0xf907f006, 0xa00a0f09, 0x0100b80a, 0xe9feeb06, 0x1d820700, 0x0382b620, 
    0x0382bc20, 0x0000c224, 0x07820a3b, 0x0382c820, 0x0382ce20, 0x3f82d420, 0x06042e08, 0x00ee06ea, 0x08e20800, 0x0a0500e3, 0x00940a90, 0x0b540b07, 
    0x000c0054, 0x3ad63a0d, 0x3aa03ae8, 0x3aac3aa6, 0x3ab23adc, 0x3ab83ae2, 0x220182be, 0x83ca3ac4, 0xdd052d6d, 0xdf05de05, 0xcd08fa07, 0xd108ce08, 
    0x202e0765, 0x207d8215, 0x200382f8, 0x20038292, 0x20038298, 0x2003829e, 0x200382a4, 0x200382f2, 0x200786aa, 0x8ab986b0, 0x893a20bd, 0x3a0022b9, 
    0x201f82ec, 0x200382da, 0x200382e0, 0x200382e6, 0x20cd82ec, 0x0803820f, 0x00000968, 0x96000b00, 0xa1000800, 0x9400c500, 0xe900c700, 0x0a01b900, 
    0xdc008901, 0xa3018c01, 0xa5015c01, 0x7401ee01, 0xfa01f001, 0xf903be01, 0xc901fb03, 0x54040904, 0x4405cc01, 0x18024405, 0x06090009, 0x18091902, 
    0x20023609, 0xa5097d09, 0xca093f02, 0x6802ce09, 0xec050100, 0x0100c6ff, 0xa3ff0706, 0x57070100, 0x118298ff, 0xafff9122, 0x93221182, 0x05820f00, 
    0x39008922, 0xff210583, 0x201782e3, 0x23178326, 0x80ff9105, 0xbb202384, 0x29823584, 0xff260522, 0x00230b84, 0x83020025, 0xd0062147, 0x02242782, 
    0xafffb205, 0x5e224f82, 0x1f830200, 0x8c200982, 0x91220982, 0x2182bbff, 0x27827520, 0xacff4926, 0xf3ff4f06, 0xa3260982, 0xaf06d7ff, 0x2784e5ff, 
    0x8d829820, 0x0300b222, 0xbb366382, 0xbbffde05, 0x3bffdf05, 0x92060300, 0x9306baff, 0x9806f5ff, 0x0d82f5ff, 0x2f82b820, 0x0382b920, 0xd7ffba32, 
    0x89060500, 0xaa0650ff, 0xb806cdff, 0xb906a5ff, 0xba240382, 0x0600a5ff, 0xbb227b82, 0x3f82ca05, 0xbbffce22, 0x75227982, 0x0782fd07, 0xa582ff20, 
    0x4305063e, 0x4805f3ff, 0x9305e6ff, 0xd205e7ff, 0xd305e9fe, 0xf1068cfe, 0x0600c1ff, 0xa3ff9703, 0x75247782, 0x00ffad05, 0x3b268582, 0xa3fff805, 
    0xc9820706, 0xe9203393, 0x07203384, 0x98236382, 0x83ffce05, 0x06af22b5, 0x20db8406, 0x266b82bb, 0xffff0798, 0x82070098, 0x82ec206b, 0x05ec246b, 
    0x8280ff4c, 0x82a32059, 0x828c2059, 0x06462e59, 0x00bbfe07, 0xffaf0509, 0xffdd05af, 0x20e78275, 0x20e78275, 0x266b8275, 0xfffa0798, 0x82cd0875, 
    0x82ce2003, 0xffd12203, 0x20258275, 0x203b82ca, 0x202582cb, 0x200782ce, 0x210782cf, 0xcd83ffd6, 0xfe078022, 0xff280782, 0x000880ff, 0x0c0075ff, 
    0xd1204782, 0xd1204782, 0xd1264782, 0xf5ff0a06, 0x03820b06, 0x03820d20, 0x03821020, 0xf5ff1722, 0xd1205782, 0xd12c5782, 0xd1ffce08, 0xd1ffd108, 
    0x26050d00, 0xb222b582, 0xc1829cff, 0xcb05a924, 0xc5828cff, 0xcf05a922, 0xd6200782, 0xec260382, 0x5707b2ff, 0xc982afff, 0x6782a920, 0xcd828c20, 
    0x6782a920, 0x0e008c28, 0xa3ffd005, 0x0382d105, 0xc3ffdd22, 0xc3206f82, 0xc3206f82, 0xa320b782, 0xc3265f82, 0xa3ff0308, 0x03820408, 0xc3ffcd22, 
    0xc3206782, 0xc32e6782, 0xa3ff1009, 0xa3ff1109, 0x0b040f00, 0x7382b2ff, 0x46056926, 0xb20569ff, 0xca220382, 0x73823bff, 0x35073b22, 0x39206b82, 
    0x3c200382, 0x5e207384, 0x3b207382, 0x3b2e6f82, 0xb2ff280a, 0xb2ff290a, 0xb2ff400b, 0x31821000, 0xa9828020, 0xcc054626, 0xcd05bbff, 0xce2c0382, 
    0xe60546ff, 0x0806bbff, 0x0906afff, 0x0d240382, 0x1006d2ff, 0x11200382, 0xb0220b82, 0xbd82a3ff, 0x49828c20, 0x49824620, 0x82084621, 0x31002933, 
    0x45008a01, 0x45008b01, 0x2720f784, 0x2f240782, 0x3005afff, 0x31200382, 0x38200382, 0x3b200f82, 0x3c200382, 0x3d200382, 0x3e24dd82, 0x410523ff, 
    0x42240782, 0x43058cff, 0x45200782, 0x47200382, 0x48200382, 0x49200382, 0x4a200382, 0x4b201f82, 0x4c200782, 0x4e201f82, 0xa5200782, 0xb0204382, 
    0xb2243b82, 0xbd055eff, 0xca200782, 0xce200f82, 0x0a248982, 0x0b0675ff, 0x0e200382, 0x17200b82, 0x1c340782, 0x1d06a3ff, 0x23064500, 0x0107c500, 
    0x3d074500, 0x3e07afff, 0x3f200382, 0x40200b82, 0x41200382, 0x42200382, 0x43200382, 0x57240382, 0x5e078cff, 0xfd200782, 0x1c0a1f82, 0x0bafffff, 
    0x00450052, 0x004a0002, 0x00530049, 0x005f0000, 0x000b0088, 0x00ad00a1, 0x00af0035, 0x014200c4, 0x00760176, 0x018d0158, 0x01590099, 0x00a2019b, 
    0x01a50166, 0x026e00a7, 0x0054024a, 0x02660271, 0x027c0085, 0x00a1029e, 0x02a5029c, 0x02a000a5, 0x00b002a8, 0x034803a1, 0x03aa0048, 0x00750367, 
    0x037803ab, 0x03ba007a, 0x0092037f, 0x043204bd, 0x04d10032, 0x00540454, 0x04ed04d2, 0x05d300ed, 0x001a051a, 0x051d05d4, 0x05d5001e, 0x00270527, 
    0x053005d7, 0x05d80031, 0x00330533, 0x053805da, 0x06db0038, 0x00290629, 0x062b06dc, 0x06dd002b, 0x002e062e, 0x063906de, 0x06df003a, 0x005a065a, 
    0x065c06e1, 0x06e2005c, 0x005f065f, 0x066a06e3, 0x06e4006b, 0x00d706d3, 0x070207e6, 0x07eb0002, 0x00710771, 0x077307ec, 0x07ed0073, 0x00760776, 
    0x078107ee, 0x07ef0082, 0x00ae07ae, 0x07b007f1, 0x07f200b0, 0x00b407b4, 0x07bf07f3, 0x07f400c0, 0x00f007f0, 0x07f607f6, 0x08f700f8, 0x000d080d, 
    0x081008fa, 0x08fb0013, 0x00180816, 0x082f08ff, 0x08020134, 0x01560856, 0x08590808, 0x0809015c, 0x0161085f, 0x087c080d, 0x08100183, 0x01a508a3, 
    0x08af0818, 0x081b01af, 0x01b308b3, 0x08bb081c, 0x081d01bb, 0x01bd08bd, 0x0906091e, 0x091f0106, 0x010e090c, 0x09290920, 0x09230129, 0x01400940, 
    0x09840924, 0x09250185, 0x01950993, 0x099f0927, 0x092a019f, 0x01b609b5, 0x09ba092b, 0x092d01ba, 0x01be09bd, 0x09c0092e, 0x093001c0, 0x01ce09cc, 
    0x09d20931, 0x093401d4, 0x01f609f6, 0x0a060a37, 0x00380106, 0x03740001, 0x050b0497, 0x05270523, 0x05310530, 0x053e053d, 0x05450543, 0x05480546, 
    0x054d0549, 0x05830582, 0x05850584, 0x058a0588, 0x058d058b, 0x05950591, 0x05b005a5, 0x05b805b2, 0x05ba05b9, 0x05bd05bb, 0x05c405c3, 0x05cb05ca, 
    0x05cd05cc, 0x05cf05ce, 0x05b146d6, 0xe5052708, 0xed05e605, 0xef05ee05, 0xf105f005, 0xf605f405, 0xfb05f705, 0xfd05fc05, 0x0106fe05, 0x04060306, 
    0x07060606, 0xdc820806, 0x060a5208, 0x060c060b, 0x060e060d, 0x06110610, 0x061c0617, 0x064d061d, 0x06960689, 0x06a706a3, 0x06af06a8, 0x06b906b8, 
    0x07d006ba, 0x070c070b, 0x07240723, 0x07390735, 0x073d073c, 0x073f073e, 0x07410740, 0x07430742, 0x07fa075e, 0x07fe07fd, 0x080008ff, 0x052d47cc, 
    0x0a280a2f, 0x0a330a29, 0x0b400b34, 0x35390152, 0x21018f36, 0x1182f233, 0xb2359021, 0xf8332101, 0x3c303582, 0x0434fe33, 0x10340a34, 0x16346c35, 
    0x3c351c34, 0x78214988, 0x21018c35, 0x0f892234, 0x35283433, 0x342e3400, 0x343a3434, 0x34463440, 0x3552344c, 0x20138284, 0x24159078, 0x35583478, 
    0x23019500, 0x12355e34, 0x9c210194, 0x21019235, 0x01bbfa34, 0x35243523, 0x21018596, 0x07856434, 0x6022058c, 0x01997e35, 0x346a3429, 0x35063570, 
    0x83763406, 0x21038e05, 0x0191350c, 0xd5821820, 0x1e352a22, 0x4224f582, 0x36357c34, 0x123a0182, 0x48358234, 0x4e358834, 0x94348e34, 0x9a345435, 
    0xa0345a35, 0xac34a634, 0x0182b234, 0xbe34b838, 0xca34c434, 0xd634d034, 0xdc346635, 0xe834e234, 0x7235ee34, 0x4182f434, 0x6f827e20, 0xdf410c20, 
    0x0591410a, 0x20075141, 0x20698212, 0x0717419c, 0xc989d186, 0x3b820620, 0x9f860620, 0x18359026, 0x2a352435, 0x12205188, 0x36200d82, 0x18203d82, 
    0x12205b82, 0x2a221b82, 0xb1829c35, 0x23842420, 0x13823020, 0x8a353022, 0x8a201182, 0x9c240982, 0x6a000200, 0x3b200382, 0x22061f45, 0x82c5003a, 
    0x646e0a01, 0xd700c700, 0xd9006500, 0x76000901, 0x76014101, 0x7e01a700, 0xdd007e01, 0xc701a801, 0xd801de00, 0xfe00d801, 0xef01da01, 0xfb01ff00, 
    0x15011e02, 0x41022302, 0x58023901, 0x58015802, 0x85026602, 0xb1025901, 0x7901b202, 0xc602b402, 0xcb027b01, 0x8e01ce02, 0xd102d002, 0x16039201, 
    0x94014703, 0x53035303, 0x9303c601, 0xc7019603, 0xd3039803, 0xe603cb01, 0x0702f803, 0xfc03fc03, 0x0c041a02, 0x1b020c04, 0x37043704, 0x45041c02, 
    0x1d024504, 0xc804b704, 0x0d051e02, 0x30020d05, 0x13051305, 0x1a053102, 0x32021a05, 0x19061806, 0x27063302, 0x35022706, 0x2b062b06, 0x2f063602, 
    0x37022f06, 0x35063506, 0x3b063802, 0x39023b06, 0x3f063f06, 0x58063a02, 0x3b025806, 0x5c065c06, 0x60063c02, 0x3d026006, 0x66066606, 0x6c063e02, 
    0x3f026c06, 0x70067006, 0xd3064002, 0x4102d706, 0x06070507, 0x56074602, 0x48025607, 0x6f076f07, 0x73074902, 0x4a027307, 0x77077707, 0x7d074b02, 
    0x4c027d07, 0x7f077f07, 0x83074d02, 0x4e028307, 0x87078707, 0xac074f02, 0x5002ac07, 0xb007b007, 0xb5075102, 0x5202b507, 0xbb07bb07, 0xbd075302, 
    0x5402bd07, 0xc107c107, 0xc5075502, 0x5602c507, 0x0a080508, 0x10085702, 0x5d021308, 0x1c081908, 0x24086102, 0x65022a08, 0x3d083508, 0x44086c02, 
    0x75024608, 0x53084a08, 0x59087802, 0x82025c08, 0x66086208, 0x71088602, 0x8b027708, 0x8c088408, 0x93089202, 0x9b029508, 0x9e089808, 0xa6089e02, 
    0xa502b008, 0xb508b508, 0xb908b002, 0xb102bb08, 0xbf08bf08, 0xc208b402, 0xb502c208, 0xc608c508, 0xc908b602, 0xb802cb08, 0xeb08eb08, 0x2409bb02, 
    0xbc022409, 0x38093709, 0x4009bd02, 0xbf024009, 0x6f096f09, 0x9609c002, 0xc1029709, 0x99099909, 0xa209c302, 0xc402a209, 0xba09ba09, 0xbd09c502, 
    0xc602be09, 0xc409c309, 0xc709c802, 0xca02c709, 0xe409e209, 0xe909cb02, 0xce02e909, 0xec09ec09, 0xee09cf02, 0xd002ee09, 0xf109f109, 0xf309d102, 
    0xd202f309, 0xf909f909, 0xfc09d302, 0xd402fc09, 0xfe09fe09, 0x010ad502, 0xd602010a, 0x030a030a, 0x400bd702, 0xd802400b, 0x4d0b4d0b, 0x0200d902, 
    0x03828800, 0x00003c2a, 0x48004100, 0x52003b00, 0x26080182, 0x00540043, 0x0044005c, 0x00ad005f, 0x00af004d, 0x009c00c5, 0x000901c7, 0x010f01b3, 
    0x01f60014, 0x00760118, 0x827e01fc, 0x5b320801, 0x8a018001, 0x8c015c01, 0x67019901, 0xa2019b01, 0xa5017501, 0x7d01d801, 0xf901da01, 0xfb01b101, 
    0xd1011e02, 0x48022302, 0x4a02f501, 0x1b025402, 0x01825802, 0x61022622, 0x27220182, 0x01826302, 0x66022834, 0x29028b02, 0x90028d02, 0x92024f02, 
    0x5302a302, 0x0182a502, 0xa8026524, 0x1b82b202, 0xc702b434, 0xcb027102, 0x8502ce02, 0xd102d002, 0xd6028902, 0x3182e402, 0x02e63608, 0x029a02fc, 
    0x024703fe, 0x034b03b1, 0x03fb0258, 0x0364035b, 0x03670309, 0x03130375, 0x037a0378, 0x037f0322, 0x03250396, 0x03e40398, 0x03e6033d, 0x038a03f8, 
    0x0a0182fc, 0xfe039d44, 0x9e03ff03, 0x08040204, 0x0c04a003, 0xa7030c04, 0x26041204, 0x3604a803, 0xbd033704, 0x41044104, 0x4504bf03, 0xc0034504, 
    0x49044904, 0x4b04c103, 0xc2034b04, 0x4e044e04, 0x5104c303, 0xc4035104, 0x54045404, 0x5604c503, 0xc6036f04, 0x76047604, 0x8204e003, 0xe1039904, 
    0xc804b704, 0xcc04f903, 0x0b04e304, 0xfe04f504, 0x03052304, 0x2d040305, 0x0d050d05, 0x10052e04, 0x2f041005, 0x13051305, 0x1a053004, 0x31041a05, 
    0x1e051d05, 0x27053204, 0x34042705, 0x2c052c05, 0x2e053504, 0x36042f05, 0x33053305, 0x3a053804, 0x39043c05, 0x19061806, 0x27063c04, 0x3e044006, 
    0x60065806, 0x62065804, 0x61047106, 0x06070307, 0x56077104, 0x75045607, 0x70076f07, 0x72077604, 0x78047707, 0x7d077907, 0x7f077e04, 0x83048807, 
    0xad07ac07, 0xaf078d04, 0x8f04b507, 0xbb07b707, 0xbd079604, 0x9b04c607, 0xf807ea07, 0x0508a504, 0xb4040c08, 0x2a080e08, 0x2c08bc04, 0xd9045608, 
    0x66085908, 0x69080405, 0x1205b108, 0xb608b408, 0xb9085b05, 0x5e05bb08, 0xbf08bf08, 0xc2086105, 0x6205c208, 0xc608c508, 0xc9086305, 0x6505cb08, 
    0xec08eb08, 0x00096805, 0x6a050e09, 0x1a091a09, 0x1c097905, 0x7a051d09, 0x27092409, 0x29097c05, 0x80052909, 0x38093709, 0x40098105, 0x83054009, 
    0x49094909, 0x57098405, 0x85055709, 0x5b095b09, 0x6f098605, 0x87057109, 0x85098509, 0x87098a05, 0x8b058709, 0x97099509, 0x99098c05, 0x8f059909, 
    0x9b099b09, 0x9d099005, 0x91059d09, 0xa009a009, 0xa2099205, 0x9305a409, 0xb609b609, 0xba099605, 0x9705ba09, 0xbe09bd09, 0xc3099805, 0x9a05c409, 
    0xc809c709, 0xd1099c05, 0x9e05d409, 0xd909d909, 0xdd09a205, 0xa305dd09, 0xdf09df09, 0xe209a405, 0xa505e509, 0xe909e909, 0xed09a905, 0xaa05ed09, 
    0xf209f209, 0xf509ab05, 0xac05f509, 0xf909f709, 0xfd09ad05, 0xb005fd09, 0x020a020a, 0x050ab105, 0xb205060a, 0x080a080a, 0x400bb405, 0xb505400b, 
    0x4d0b4d0b, 0x0200b605, 0x03829400, 0x005c3a08, 0x005f0000, 0x005b00ad, 0x001601af, 0x011801aa, 0x0112017e, 0x018a0180, 0x018c0179, 0x01840199, 
    0x01d8019b, 0x01da0192, 0x01d001f9, 0x014802fb, 0x024a02f0, 0x023e0260, 0x34018262, 0x02640255, 0x0256028b, 0x0290028d, 0x0292027e, 0x028202a3, 
    0x080182a5, 0xa802948c, 0x9502c702, 0xce02cb02, 0xd002b502, 0xb902d102, 0xe402d602, 0xe602bb02, 0xca02fc02, 0x4703fe02, 0x4b03e102, 0x2b035803, 
    0x64035b03, 0x67033903, 0x43037503, 0x7a037803, 0x7f035203, 0x55039603, 0xe4039803, 0xe6036d03, 0xba03fc03, 0xff03fe03, 0x0204d103, 0xd3030804, 
    0x0a040a04, 0x0c04da03, 0xdb030c04, 0x26041204, 0x2804dc03, 0xf1032a04, 0x2e042d04, 0x3004f403, 0xf6033304, 0x39043604, 0x3b04fa03, 0xfe034304, 
    0x01824504, 0x49040722, 0x08280182, 0x4c044b04, 0x4e040904, 0x0b240182, 0x54045104, 0x563a4582, 0x10046f04, 0x74047304, 0x76042a04, 0x2c047704, 
    0x80047904, 0x82042e04, 0x45829904, 0xac049b22, 0xb02e2b82, 0x6004b304, 0xc804b704, 0xcc046404, 0x2782e304, 0xe904e72c, 0xeb048e04, 0x9104f004, 
    0x0182f204, 0x0497320a, 0x04fe04f4, 0x05000598, 0x05a30400, 0x04030503, 0x050605a4, 0x05a5040a, 0x040d050d, 0x051005aa, 0x05ab0410, 0x04130512, 
    0x051505ac, 0x05ae0415, 0x04170517, 0x051a05af, 0x05b0041e, 0x042c052c, 0x052e05b5, 0x05b60431, 0x04330533, 0x053a05ba, 0x05bb043d, 0x0441053f, 
    0x054905bf, 0x05c20449, 0x044b054b, 0x054f05c3, 0x05c4044f, 0x04520551, 0x055905c5, 0x05c70459, 0x045b055b, 0x061806c8, 0x06c90419, 0x04420627, 
    0x064506cb, 0x06e70447, 0x04600658, 0x066206ea, 0x06f30473, 0x05780676, 0x068a0605, 0x0608058b, 0x0590068e, 0x06a3060a, 0x060d05a4, 0x05a906a7, 
    0x06bd060f, 0x061205bd, 0x05bf06bf, 0x06c20613, 0x061405c2, 0x05c506c4, 0x06cb0615, 0x061705cb, 0x05cf06cf, 0x06dd0618, 0x071905dd, 0x05060702, 
    0x0756071a, 0x071f0556, 0x0589076f, 0x078b0720, 0x073b058c, 0x05930793, 0x0795073d, 0x073e0595, 0x05c707ac, 0x07c9073f, 0x075b05ca, 0x05d107d1, 
    0x07d3075d, 0x075e05d3, 0x05f807ea, 0x0805085f, 0x086e0566, 0x05cb0869, 0x08de08d0, 0x083306de, 0x06ec08ea, 0x09000934, 0x0937060e, 0x061a091a, 
    0x091c0946, 0x0947061d, 0x06220920, 0x09260949, 0x094c0626, 0x06290929, 0x0937094d, 0x094e0638, 0x06400940, 0x09420950, 0x09510643, 0x06450945, 
    0x09490953, 0x09540649, 0x06570957, 0x095b0955, 0x0956065b, 0x0672096f, 0x097d0957, 0x095b0681, 0x06870983, 0x09910960, 0x09650691, 0x06970993, 
    0x09990966, 0x096b06a4, 0x06ab09a6, 0x09b40977, 0x097d06b7, 0x06c809ba, 0x09cc0981, 0x099006ce, 0x06d409d1, 0x09d90993, 0x099706d9, 0x06e509dd, 
    0x09e90998, 0x09a106e9, 0x06ed09ed, 0x09f209a2, 0x09a306f2, 0x06f909f5, 0x09fd09a4, 0x0aa906fd, 0x06020a02, 0x0a050aaa, 0x0aab0608, 0x06ff0aff, 
    0x0b280baf, 0x0bb00628, 0x062c0b2a, 0x0b400bb1, 0x0bb40640, 0x064d0b4d, 0x0b530bb5, 0x0bb60653, 0x06600b5f, 0x2cda02b7, 0x2f01bf0e, 0x0a2a042a, 
    0x162a102a, 0x402a1c2a, 0x282a222a, 0x29214f87, 0x920985fe, 0xb32c201f, 0x2e2a2b00, 0x582a2c2c, 0xc42a342a, 0x69823a2a, 0x4c2a4626, 0x582a522a, 
    0x86214988, 0x2101822c, 0x05835e2a, 0x2a330399, 0x2a862c9a, 0x2a6a2a64, 0x2a762a70, 0x2a822a7c, 0x848e2a88, 0x83942037, 0x21098219, 0x01a02c38, 
    0x2aa02a2b, 0x2aac2aa6, 0x2ab82ab2, 0x208b82be, 0x233183ca, 0xd62ad02a, 0x32213984, 0x2d01c82c, 0xdc2a002b, 0xe82ae22a, 0xf42aee2a, 0x5783fa2a, 
    0x89002b21, 0x062b215d, 0x14210b82, 0x2301ba2c, 0x562c0c2b, 0x2b210195, 0x2617822a, 0x2b122bbc, 0x821e2b18, 0x2b562209, 0x21118424, 0x01bc2c1a, 
    0x86302b21, 0x2c44213f, 0x202101bd, 0x2201bb2c, 0xadaa2c68, 0x362b2301, 0x01823e2c, 0xe12c7421, 0x2c442201, 0x210185b0, 0x07853c2b, 0x7a2505b0, 
    0x422b7a2c, 0xb605822c, 0x2c262103, 0x2b2101a0, 0x24238248, 0x2c322c32, 0x0863a45c, 0x4e2b6e4c, 0x542b622c, 0x602b5a2b, 0x6c2b662b, 0x782b722b, 
    0x842b7e2b, 0x902b8a2b, 0x9c2b962b, 0xa42ca22b, 0xae2ba82b, 0xb42bb42b, 0x322c0e2c, 0xc02bba2b, 0xb62cc62b, 0xd22bcc2b, 0xde2bd82b, 0xea2be42b, 
    0xf62bf02b, 0x022cfc2b, 0xab44082c, 0x07fa430c, 0xef438620, 0x0d794306, 0x42111943, 0x382105ed, 0x4201852c, 0x4f420bcb, 0x09194207, 0x410deb41, 
    0x8d410695, 0x0525410a, 0x200bc742, 0x120d41aa, 0x99822c20, 0x5c2c3222, 0x68247182, 0x6e2c742c, 0x3e20218a, 0x44271982, 0x682c4a2c, 0x832c502c, 
    0x82862097, 0x82622025, 0x8327830d, 0x84742029, 0x20d9832b, 0x26298280, 0x2c922c8c, 0x82982caa, 0x2c9e2803, 0x05aa2ca4, 0xbf262bb7, 0x12272f01, 
    0x1e271827, 0x2a272427, 0x36273027, 0x4f87e223, 0x850c2721, 0x211f9409, 0x01842b2c, 0x273c2723, 0x27098342, 0x762c4827, 0x762c4e27, 0x1622018a, 
    0x01b3f22b, 0x2b542735, 0x236c27f2, 0x275a27e2, 0x2a7a2860, 0x27ba2ade, 0x876c2766, 0x1e242149, 0x27230183, 0xa58c2b72, 0x642c2101, 0x2721018d, 
    0x370f8978, 0x0228fa26, 0x8a278427, 0x96279027, 0x9c270027, 0x7e27a227, 0x642cfa26, 0x3182158f, 0x822c5e21, 0xa8272101, 0x03970583, 0x2caa2b25, 
    0x82d2275e, 0x28ae2e03, 0x27b42750, 0x28c027ba, 0x27c62726, 0x202f84cc, 0x23198388, 0x802b5e2c, 0x272f01a1, 0x27de27d8, 0x27ea27e4, 0x27f627f0, 
    0x830228fc, 0x08282331, 0x39840e28, 0x8a2b9221, 0x702c2101, 0x2823018d, 0x821a2814, 0x2c7c2111, 0x2b21018c, 0x210196ce, 0x018b2b74, 0x7a212583, 
    0x2d01c82b, 0x20284428, 0x2c282628, 0x38283228, 0x57833e28, 0x89442821, 0x4a28215d, 0x98210b82, 0x2501902b, 0x56285028, 0x01959e2b, 0x2b5c2823, 
    0x210194fe, 0x01ba2b32, 0x42622821, 0x2b21050f, 0x21018b38, 0x018a6a2c, 0x942c0421, 0x86282b01, 0x6828042c, 0x74286e28, 0x21837a28, 0x83802821, 
    0x3e2b2111, 0x24200191, 0x282100be, 0x2140868c, 0x01ba2436, 0x83442b21, 0x92282101, 0x8f7f0785, 0x07e77f0c, 0x36244228, 0x98289828, 0x01bb2a24, 
    0x282e2c2b, 0x244a2ba4, 0x249e283c, 0x2701833c, 0x3c24a428, 0xda2b4a2b, 0x28230191, 0x8baa28aa, 0xa02c21d1, 0x2221df91, 0x2301970e, 0x502b502b, 
    0x28211b8b, 0x250d85b0, 0x862bb628, 0x7382862b, 0x8a2ba421, 0xbc282201, 0x8587822b, 0x2b059391, 0xc228aa2b, 0xce28c828, 0xaa2bd428, 0x2429018d, 
    0x2c942c3c, 0x28da2894, 0x210783da, 0xb18c942c, 0xb1915220, 0x41e02821, 0x6541165b, 0x2509c209, 0xe628562b, 0x0185562b, 0x28ec2827, 0x2b3624ec, 
    0x220184b0, 0x84bc2bbc, 0x890d8507, 0x2bb62105, 0x28230198, 0x82f828f2, 0x28bc2235, 0x8e0583fe, 0x2bc22103, 0x5c210191, 0x2101842b, 0x07850429, 
    0x242505af, 0x29362436, 0x1139410a, 0x2b2511a7, 0x2b882c62, 0x25018262, 0x29682b68, 0x05822b10, 0x2c210387, 0x4501863a, 0x0f450c01, 0x250d870d, 
    0x7c2c1629, 0x01906e2b, 0x58297a24, 0x01821c29, 0x2e292831, 0x3a293429, 0x46294029, 0x52294c29, 0x8f292229, 0x2c583411, 0x297a2b0a, 0x2c1c2c5e, 
    0x29642916, 0x2b102c6a, 0xb14c2cfe, 0x70292301, 0x01ad522c, 0x21232741, 0x01ad582c, 0x83762921, 0xf82b2101, 0xb5470182, 0x2c3b0808, 0x29342c3a, 
    0x2c82297c, 0x239e2b28, 0x2b8829e8, 0x2b8e2926, 0x29fe2b8c, 0x2b2c2b94, 0x299a292c, 0x29a629a0, 0x29ee23ac, 0x29b229dc, 0x29be29b8, 0x29ee29d6, 
    0x23ca29c4, 0x82d029f4, 0x29dc240b, 0x82e829e2, 0xf4260811, 0x002afa29, 0x0c2a062a, 0x182a122a, 0x242a1e2a, 0xfa232a2a, 0x302a542a, 0x3c2a362a, 
    0x662a4e2a, 0x0024422a, 0x0982482a, 0x5a2a5424, 0x0f82602a, 0x2a6c2208, 0x2a782a72, 0x2a842a7e, 0x2a902a8a, 0x2b9c2a96, 0x2b262b92, 0x24a22a7a, 
    0x2aa82a0c, 0x2ad22af6, 0x280382ae, 0x2ab42ad2, 0x24c02aba, 0x240b8406, 0x2ac62afc, 0x200984cc, 0x220582d2, 0x820c24d8, 0x2ade2817, 0x2bea2ae4, 
    0x82f02a14, 0x82f62037, 0x27fc2807, 0x2b022b06, 0x82142b20, 0x2b082401, 0x8412240e, 0x220d8309, 0x8218241a, 0x828c2017, 0x2c9238dd, 0x2bce2b70, 
    0x2b9e2b98, 0x2b3c24a4, 0x2b3624aa, 0x2bb62bb0, 0x49c22bbc, 0x2c260c65, 0x762c2c2b, 0x9548762c, 0x8c2b2109, 0x21054746, 0x01855e2c, 0x47822b20, 
    0x82058b47, 0x47ce204d, 0xf7460e57, 0x07e74605, 0xfe2bfe22, 0x2111c146, 0x8f46642c, 0x6a2c2105, 0x04210182, 0x2101822c, 0x01823e2b, 0x482b8c21, 
    0x52460641, 0x442b250b, 0x4224442b, 0x2307b345, 0xda2b4a2b, 0x45052142, 0x2223050f, 0x44502b0e, 0x2c2107fb, 0x06bf4494, 0x210c8144, 0x3144562b, 
    0x09214406, 0xf182bc20, 0xd743bc20, 0x43622012, 0x2c210569, 0x2101823a, 0x01822c7c, 0x2b6e2b23, 0x0b8f426e, 0x240e2223, 0x063f453c, 0x822bc221, 
    0x11ab4201, 0x2cf22b35, 0x2b102c5e, 0x2c7a2b74, 0x2b1c2c16, 0x242e2c80, 0x89342c42, 0x862b2127, 0x89414182, 0x2237821c, 0x82c82b16, 0x24703c45, 
    0x2bce2b2a, 0x2b3624fe, 0x2b2e2cd4, 0x2be02bda, 0x2bec2be6, 0x2bf82bf2, 0x826a2cfe, 0x2c042203, 0x22258204, 0x82102c0a, 0x2c1c2431, 0x82222c6a, 
    0x2c282269, 0x8271832e, 0x82342009, 0x24402cc3, 0x24422430, 0x2c462c30, 0x82522c4c, 0x24362409, 0x82582c36, 0x82642033, 0x2c70222d, 0x26e18276, 
    0x2c882c82, 0x823c248e, 0x2c942e2f, 0x060e229a, 0x21202bb9, 0x2b362166, 0x2101840e, 0x01822b20, 0x825a2121, 0x8420200b, 0x23058203, 0x42213c21, 
    0x27821583, 0x48214822, 0x0e200984, 0x21230783, 0x8554214e, 0x6c213123, 0x78217221, 0x84217e21, 0x90218a21, 0x0e2bf621, 0x47834182, 0x2d826020, 
    0x5d820e20, 0x1b831f8f, 0x9621a22a, 0xa2219c21, 0xee232c2e, 0x2c24c082, 0xf423a821, 0x2f210783, 0x21018340, 0x0182b421, 0x0382ae20, 0x402fb424, 
    0x1182ba21, 0xc0214628, 0xcc21c621, 0x0185462f, 0x2bc02d23, 0x0563423e, 0x21142227, 0x21322bd2, 0x210f85d8, 0xad48de21, 0x8332200a, 0xe421250b, 
    0xea21ea21, 0x0f821584, 0x2bf02135, 0x210e223e, 0x215223f6, 0x2a0222fc, 0x22722aa2, 0x820e2208, 0x2232261d, 0x22322b14, 0x2401821a, 0x2d262220, 
    0x21018396, 0x01823222, 0x962d2c22, 0x38200784, 0x2f251393, 0x222e2f2e, 0x2001823e, 0x20078244, 0x2003824a, 0x85118350, 0x5c223703, 0x62221c23, 
    0x6e226822, 0x7a227422, 0x86228022, 0x5c225622, 0x158f2e2f, 0x28282d82, 0xe0228c22, 0x9222282f, 0xc8210382, 0x24018322, 0x22ce2298, 0x200d82c8, 
    0x220d849e, 0x82282fa4, 0x82642001, 0x22da320f, 0x24aa22e0, 0x23b02218, 0x226c27b8, 0x22bc22b6, 0x242182c2, 0x22d422ce, 0x251d82da, 0x23e02be0, 
    0x05822b3a, 0x22210782, 0x29018223, 0x2823e622, 0xe02b2223, 0x0d84ec22, 0x1b83f220, 0x22f8222f, 0x230423fe, 0x2310230a, 0x23782a16, 0x2419821c, 
    0x232e2328, 0x24338234, 0x2346233a, 0x2a038240, 0x2e462346, 0x23fe2efe, 0x844c234c, 0x27522a07, 0x2ffe2ecc, 0x2f58233a, 0x2101833a, 0x05835c2b, 
    0x235e2323, 0x26078264, 0x236a234c, 0x874c2f70, 0x9c2d2501, 0x7c237623, 0x7c260582, 0x82237c23, 0x01879c2d, 0x23342f23, 0x2601828e, 0x23842488, 
    0x83342f8e, 0x7a2b2715, 0xac23dc23, 0x01827a2b, 0x822b6e21, 0x94232101, 0x7a200582, 0x09830383, 0x829a2321, 0x237a2217, 0x0d6744a0, 0x23a62323, 
    0x823189a6, 0x203f8341, 0x2c07826e, 0x23b223d6, 0x23be23b8, 0x23ca23c4, 0x203984d0, 0x201582d6, 0x2c0984dc, 0x2ee223dc, 0x23e8232c, 0x238628ee, 
    0x260982f4, 0x2e7a2bfa, 0x8300243e, 0x00242903, 0x0c240624, 0x8c2b3e2e, 0x12280d82, 0xa22d1824, 0x1e241e24, 0x03820583, 0xa22d2422, 0x24200183, 
    0x24270782, 0x2e442e2a, 0x82302444, 0x83362003, 0x22078209, 0x8568283c, 0xa42b2509, 0x5424a42b, 0x42260184, 0x48245a24, 0xa5495424, 0x84078705, 
    0x494e201d, 0x11840bb9, 0x24212582, 0x2a09825a, 0x242e2f60, 0x2b2e2f66, 0x846c24b6, 0x24722c01, 0x2fb62b78, 0x247e2434, 0x83342f84, 0x4a2e2301, 
    0x0182b424, 0xba249628, 0xb4248a24, 0x0f824a2e, 0x05849020, 0x9624c62a, 0xa2249c24, 0xae24a824, 0xba2c1f82, 0xc624c024, 0xc02d4a2e, 0xcc24d224, 
    0xd2220382, 0x0187c02d, 0x2bf82b27, 0x24e62be6, 0x240582e4, 0x24d824f8, 0x820d87de, 0x83f82011, 0x0825251b, 0xea24f82b, 0x27830982, 0xf024f824, 
    0x0b84f624, 0x03821b83, 0x25fc2423, 0x37258502, 0x0e251a25, 0x1a251425, 0xd62c1c2f, 0x2c25d62c, 0x1c2fd62c, 0x26252025, 0x25230d87, 0x831c2f2c, 
    0x3225211b, 0x38201782, 0x09820b85, 0x44253e22, 0x03850b83, 0x4c4a2521, 0x2523057b, 0x83562550, 0x6a2f2109, 0x2c250185, 0x265e2c5e, 0x83058352, 
    0x102c210f, 0x4b820183, 0x25210784, 0x880f855c, 0x25282605, 0x2c282c80, 0x25018316, 0x162c6225, 0x0d856825, 0x826e2521, 0x86282007, 0x83162003, 
    0x74252507, 0x7a257a25, 0x0f831184, 0x37821620, 0x582f162a, 0x86259825, 0x8c259225, 0x9e200382, 0x98260382, 0xa4259e25, 0x0183fc2d, 0x82b02521, 
    0x2daa2201, 0x260784fc, 0x25bc25b6, 0x85462cbc, 0x1c172901, 0xc2251c17, 0xc825462c, 0xce200182, 0xd4200782, 0x25271785, 0x252217ec, 0x821428da, 
    0x84e02005, 0x16ec220b, 0x230183a4, 0xa4161a28, 0x0d841382, 0x83e62521, 0x22172109, 0x28340583, 0x25ec2514, 0x25f825f2, 0x2f642ffe, 0x2f221764, 
    0x26222664, 0x07820582, 0x0d830420, 0x03871583, 0x2f231785, 0x85e82c64, 0x0a262711, 0x16261026, 0x2b821c26, 0x19893184, 0x2f762f25, 0x82282676, 
    0x262e2801, 0x17762f34, 0x8300271c, 0x240383af, 0x982e1c2f, 0x23038217, 0x3a26982e, 0x2d2b1387, 0x2e6a2ff6, 0x2f4026e0, 0x476a2f6a, 0x262305db, 
    0x835e2c46, 0x6a2f210b, 0x26210983, 0x2119834c, 0x05835226, 0x26230389, 0x89582658, 0x86298231, 0x87258d31, 0x285f820d, 0x26642676, 0x266a2676, 
    0x26058270, 0x2f7c267c, 0x83a82d1c, 0x82262701, 0xa82d8226, 0x03838826, 0x26882629, 0x2d94268e, 0x82762ca8, 0x2dae2119, 0x26250182, 0x2d9a269a, 
    0x200384ae, 0x820f83a0, 0x2907820b, 0xac26a626, 0xb42db42d, 0x0583b226, 0xb8200984, 0x26230985, 0x87ba2dbe, 0xc4262101, 0x26270985, 0x263021ca, 
    0x82ee26d0, 0x26d62205, 0x240184e8, 0x21e826dc, 0x87018330, 0x221b8207, 0x85e226e8, 0x83058713, 0x82178229, 0x1c172737, 0xf426982e, 0x0183982e, 
    0x16210b83, 0x073b41b0, 0x2e210783, 0x83058798, 0x00272709, 0xfa261c17, 0x2185da2e, 0x2f057941, 0x582f942c, 0x942c0627, 0x0c27a62c, 0x18271227, 
    0x1e320184, 0xa62ca62c, 0x2427f82e, 0xf82e2a27, 0x4827c42c, 0x0582c42c, 0x3c273c26, 0x30274227, 0x0f840983, 0x13843620, 0x1d834220, 0x274e2727, 
    0x275a2754, 0x211782d2, 0x01822cd0, 0x27662723, 0x20038260, 0x270b8366, 0x7a2b202e, 0x6c27a827, 0x78220182, 0xf3517e27, 0x279c2508, 0x277227a2, 
    0xa83a118f, 0xb427ae27, 0x202eba27, 0xc627c027, 0x3e2ec627, 0x562ecc27, 0x9a2f7a2b, 0x0382d227, 0x5c2ed822, 0x2f250183, 0x27442e3a, 0x320182de, 
    0x28ea27e4, 0x2f202e68, 0x28f02740, 0x2ef6277a, 0xa3102f44, 0xfc272301, 0x278a0228, 0x162f1629, 0x0e280828, 0x822f0e28, 0x20038a09, 0x090b441c, 
    0x172109a3, 0x21018322, 0x07851428, 0x1623058b, 0x851a28a4, 0x2028210f, 0x17230185, 0x411c171c, 0x93410da9, 0x1c172305, 0x9f41982e, 0x222f2107, 
    0x2e2101ad, 0x25018392, 0x26282628, 0x4783aa2e, 0x822c2821, 0x28322201, 0x23018338, 0x142e142e, 0x2e25f189, 0x2ef82eb0, 0x210183c2, 0x01823e28, 
    0x28442e08, 0x28ae2d4a, 0x2f922e50, 0x2db62e6a, 0x2d5628ea, 0x2b5c28a2, 0x2d622820, 0x2f402f96, 0x28442e40, 0x2e2c2e68, 0x2874282c, 0x2e6e286e, 
    0x2207823e, 0x8286287a, 0x28803407, 0x288c2886, 0x28982892, 0x28a4289e, 0x28b028aa, 0x4fbc28b6, 0x282107c9, 0x340182da, 0x28e628e0, 0x28f228ec, 
    0x29fe28f8, 0x290a2904, 0x29162910, 0x08cd4d1c, 0x2e0be14d, 0x295e2958, 0x296a2964, 0x29762970, 0x8282297c, 0x29882501, 0x2994298e, 0x4c06e74c, 
    0xc42206e3, 0xdd4cca29, 0x15df4c06, 0x362a3022, 0x8205e34c, 0x320b8307, 0x2a3c2a36, 0x2a482a42, 0x2bfe2e4e, 0x2a7a2b20, 0x828a2a54, 0x2a7e2801, 
    0x2a902a5a, 0x82662a60, 0x2a962105, 0x2005ef4c, 0x240b8284, 0x2ade2a90, 0x2003827e, 0x200b8496, 0x83058290, 0x05054d15, 0xf02ae42c, 0xa22a9c2a, 
    0xd22aa82a, 0x0b82ae2a, 0xba2ab424, 0x0782fc2a, 0xc02ade27, 0xcc2ac62a, 0x221f832a, 0x82d82af0, 0x82d8201d, 0x82f02041, 0x83038319, 0x82ea2015, 
    0x2af6340b, 0x2b022bfc, 0x2d962d08, 0x2ffe2e96, 0x2e9c2d3a, 0x45a22d3e, 0x172b0529, 0x2da82d1c, 0x2db42dae, 0x820e2bba, 0x82142001, 0x821a20a7, 
    0x80220803, 0x262b2c2e, 0x462f2c2b, 0xfa2c322b, 0x3e2b382b, 0xd42b442b, 0x502b4a2b, 0x002d2e2f, 0x562b282f, 0x4983282f, 0x2b5c2b31, 0x2b4c2f62, 
    0x2b9c2d68, 0x2b1e2d6e, 0x82742b7a, 0x827a2003, 0x2b802a03, 0x2b3e2e86, 0x2ba22d8c, 0x25038392, 0x442e982b, 0xd9479e2b, 0xa42b3d0d, 0xaa2b2e2f, 
    0xb62bb02b, 0xbc2b182d, 0xc82bc22b, 0xce2b4a2e, 0xd42bc02d, 0xe02b3c2d, 0x2506d14b, 0x2bec2be6, 0xd54b2bf8, 0x2c042305, 0xcf4b2c64, 0x2c223607, 
    0x2c2e2c28, 0x2c3a2c34, 0x2c462c40, 0x17722d4c, 0x2c4c2c22, 0x31d3854c, 0x522ce82c, 0x582c762f, 0x5e2c1c17, 0x6a2f542d, 0x6b45642c, 0x6a2c2705, 
    0xa82d702c, 0xef82762c, 0x7c2cae23, 0x2703822d, 0x882c822c, 0x8e2cb42d, 0x390ddd44, 0x942c3021, 0xa02c9a2c, 0xac2ca62c, 0xb82cb22c, 0xc42cbe2c, 
    0xd02cca2c, 0x0182d62c, 0x1c2fdc2a, 0x1c2fe22c, 0x902d2217, 0x6b826d83, 0xf42cee26, 0xaa16ba2d, 0x830bf744, 0x2c2b080b, 0x2d002dfa, 0x2d0c2d06, 
    0x2d182d12, 0x2d242d1e, 0x2d302d2a, 0x2d3c2d36, 0x2d482d42, 0x2daa164e, 0x2d5a2d54, 0x2d662d60, 0x82722d6c, 0x1778220d, 0x20018222, 0x2739831c, 
    0x842d7e2d, 0x902d8a2d, 0x211daf41, 0x0182c02d, 0x2dc62808, 0x2dd22dcc, 0x2ede2dd8, 0x2d1c2f44, 0x2d582fe4, 0x2df02dea, 0x2efc2df6, 0x2e082e02, 
    0x2e102f0e, 0x2eb02e14, 0x821a2e20, 0x2e203003, 0x2f2c2e26, 0x2e442e40, 0x2e342f32, 0x843e2e38, 0x2e4a360b, 0x2e282f4a, 0x2e562e50, 0x2e622e5c, 
    0x2e6e2e68, 0x2e7a2e74, 0x24218280, 0x2e8c2e86, 0x2a018292, 0x2e982e98, 0x2ea42e9e, 0x826a2faa, 0x2eb6304b, 0x2fc22ebc, 0x2ec82e58, 0x2ed42ece, 
    0x82b016da, 0x2ee02a15, 0x2eec2ee6, 0x2ef82ef2, 0x265382fe, 0x2f1c2ffe, 0x826a2f04, 0x2f0a2603, 0x2f162f10, 0x22d7821c, 0x836a2f22, 0x222f37d9, 
    0x2e2f282f, 0x3a2f342f, 0x462f402f, 0x522f4c2f, 0x5e2f582f, 0x2d82642f, 0x762f702a, 0x822f7c2f, 0x8e2f882f, 0xdc090182, 0x2f221794, 0x2fb6169a, 
    0x000200a0, 0x018a0144, 0x0300008b, 0x00970397, 0x040b0402, 0x0503000b, 0x001e051d, 0x05270504, 0x05060027, 0x0031052f, 0x05340507, 0x050a0034, 
    0x00380538, 0x053b050b, 0x050c003f, 0x00420541, 0x05460511, 0x0513004e, 0x006a056a, 0x056c051c, 0x051d006c, 0x006e056e, 0x0571051e, 0x051f0071, 
    0x008d0582, 0x05970520, 0x052c0097, 0x009f059a, 0x05a1052d, 0x053300a1, 0x00a605a3, 0x05a80534, 0x053800a8, 0x00aa05aa, 0x05af0539, 0x053a00b0, 
    0x00b305b2, 0x05b8053c, 0x053e00bd, 0x00bf05bf, 0x05c30544, 0x054500c4, 0x00d105ca, 0x05d60547, 0x054f00d6, 0x00df05dd, 0x05e10550, 0x055300e1, 
    0x00e605e4, 0x05e80554, 0x055700eb, 0x00f805ee, 0x06fb055b, 0x06660005, 0x000e0608, 0x06100671, 0x06780011, 0x00170617, 0x061c067a, 0x067b001d, 
    0x00500641, 0x0655067d, 0x068d0056, 0x00830672, 0x0686068f, 0x06a1008b, 0x008e068e, 0x069106a7, 0x06a80092, 0x00960695, 0x069806aa, 0x06ac0099, 
    0x00a1069f, 0x06a506ae, 0x06b100a6, 0x00b006b0, 0x06b806b3, 0x07b400ba, 0x000c0708, 0x072007b7, 0x07bc0024, 0x00350735, 0x073907c1, 0x07c20039, 
    0x0043073c, 0x075e07c3, 0x07cb005e, 0x000008fa, 0x080308cc, 0x08d30004, 0x00d108cc, 0x08d308d5, 0x09db00d5, 0x00170910, 0x0a170ade, 0x0ae60017, 
    0x00290a28, 0x0a330ae7, 0x0be90034, 0x00400b40, 0x0b4a0beb, 0x0bec004a, 0x00520b52, 0x000200ed, 0x018a0195, 0x031b008b, 0x00970397, 0x040b042f, 
    0x0508000b, 0x001d051d, 0x051e052b, 0x0510001e, 0x00270527, 0x052f0535, 0x052e002f, 0x00310530, 0x0534051d, 0x08178234, 0x38053832, 0x3b053600, 
    0x1c003c05, 0x3d053d05, 0x3e051900, 0x04003e05, 0x3f053f05, 0x41054000, 0x17004105, 0x42054205, 0x46051f00, 0x37004605, 0x47054705, 0x48221182, 
    0x29824905, 0x4a054a28, 0x4b053300, 0x11824b05, 0x4c054c22, 0x4d342382, 0x3c004d05, 0x4e054e05, 0x6a053100, 0x09006a05, 0x6c056c05, 0x6e220582, 
    0x05826e05, 0x8505822e, 0x88050100, 0x03008805, 0x8b058a05, 0x8d220b82, 0x0b828d05, 0x9705972e, 0x9a051800, 0x24009a05, 0x9b059b05, 0x9c220b82, 
    0x0b829c05, 0x9d059d2e, 0x9e051200, 0x13009e05, 0x9f059f05, 0xa1220b82, 0x0b82a105, 0xa305a322, 0xa4220b82, 0x0b82a405, 0xa505a528, 0xa6050b00, 
    0x5f82a605, 0xa805a822, 0xaa220582, 0x0582aa05, 0xaf05af28, 0xb0053f00, 0xcb82b005, 0xb205b228, 0xb8050800, 0x6b82bb05, 0xbc05bc28, 0xbd052a00, 
    0x0b82bd05, 0xc405c322, 0xca340582, 0x0e00ca05, 0xcb05cb05, 0xcc050c00, 0x0d00cd05, 0xce05ce05, 0xcf221182, 0x1182cf05, 0xd105d028, 0xd6050a00, 
    0x0b82d605, 0xdf05dd2e, 0xe1050700, 0x0500e105, 0xe405e405, 0xe6220582, 0x2f82e605, 0xe805e82e, 0xe9052200, 0x2300e905, 0xea05ea05, 0xeb220b82, 
    0x0b82eb05, 0xf105ee22, 0xf422e382, 0x6582f405, 0xf705f622, 0xfb250b82, 0x0100fe05, 0x25018206, 0x03060300, 0x0b820406, 0x0906082e, 0x0a061600, 
    0x11000b06, 0x0c060c06, 0x0d2e1782, 0x28000d06, 0x0e060e06, 0x10060b00, 0x0b821006, 0x11061122, 0x17222382, 0x23821706, 0x061c2008, 0x0604001c, 
    0x001d061d, 0x06410634, 0x06060042, 0x00440643, 0x06450627, 0x06420045, 0x82470646, 0x06482811, 0x06210049, 0x824b064a, 0x064c2e0b, 0x063e004c, 
    0x004d064d, 0x064e063a, 0x3a11824f, 0x00500650, 0x06550632, 0x06250056, 0x00770672, 0x06780602, 0x061e0078, 0x827a0679, 0x067b220b, 0x220b827b, 
    0x827c067c, 0x067d2e0b, 0x063d007d, 0x007e067e, 0x067f0639, 0x22118283, 0x82880686, 0x89260805, 0x2d008906, 0x8b068a06, 0x8e061a00, 0x41008e06, 
    0x92069106, 0x95062000, 0x3b009506, 0x96069606, 0x98063800, 0x1d829806, 0x06992608, 0x06300099, 0x00a1069f, 0x06a50614, 0x062600a6, 0x00b006b0, 
    0x06b8062c, 0x071500ba, 0x000c070b, 0x07230701, 0x28058224, 0x00350735, 0x07390708, 0x22058239, 0x823c073c, 0x073d2e05, 0x070b003e, 0x0043073f, 
    0x075e0704, 0x0805825e, 0xfa07fa3e, 0xfb070700, 0x0500fc07, 0xfd07fd07, 0xfe070e00, 0x0c00fe07, 0xff07ff07, 0x00080e00, 0x0c000008, 0x04080308, 
    0xcc080a00, 0x0d00cc08, 0xce08cd08, 0xcf080700, 0x0500d008, 0xd108d108, 0x20080b82, 0x00d308d3, 0x08d50818, 0x090500d5, 0x00110910, 0x0912090a, 
    0x090f0012, 0x00130913, 0x09140929, 0x220b8214, 0x82150915, 0x1666080b, 0x0f001709, 0x170a170a, 0x280a0500, 0x0b00280a, 0x290a290a, 0x330a0400, 
    0x0300340a, 0x400b400b, 0x4a0b0800, 0x10004a0b, 0x520b520b, 0x02000400, 0x8a019900, 0x03008b01, 0x65026502, 0x97030f00, 0x33009703, 0x0b040b04, 
    0x1d050700, 0x2c001d05, 0x1e051e05, 0x27050f00, 0x03002705, 0x31052f05, 0x38050800, 0x0b823805, 0x3c053b22, 0x20080582, 0x003d053d, 0x053e0515, 
    0x0520003e, 0x003f053f, 0x0541053e, 0x05280041, 0x00420542, 0x05450518, 0x2e1d8245, 0x00460546, 0x05470535, 0x052d0047, 0x82490549, 0x054a2211, 
    0x222f824a, 0x824b054b, 0x054c2229, 0x3a29824c, 0x004d054d, 0x054e053a, 0x051f004e, 0x00710571, 0x05820501, 0x05020085, 0x43870586, 0x0524067b, 
    0x89058905, 0x8a220b82, 0x17828b05, 0x8c058c22, 0x8d3a0b82, 0x05008d05, 0x92059205, 0x97053000, 0x14009705, 0x9a059a05, 0x9b051e00, 0x0b829b05, 
    0x9c059c22, 0x9e280b82, 0x11009e05, 0xa105a105, 0xa4220582, 0x0582a405, 0xa505a522, 0xaf28c582, 0x3d00af05, 0xb005b005, 0xb228c582, 0x2a00b205, 
    0xb305b305, 0xb8225382, 0x5382bc05, 0xbd05bd28, 0xbf052b00, 0x1182bf05, 0xc405c322, 0x6f431182, 0x430b2021, 0x092a0a6f, 0xe405e105, 0xe5050600, 
    0x4182e505, 0x30096f43, 0x05e9051c, 0x051d00e9, 0x00ea05ea, 0x05eb051c, 0x220b82eb, 0x82f105ee, 0x05f222d1, 0x067543f3, 0xf5050524, 0x0b82f505, 
    0xf705f622, 0xf8221782, 0x8143f805, 0x05022406, 0x430006ff, 0x05240687, 0x02060206, 0x03280b82, 0x02000406, 0x06060506, 0x3c069343, 0x060a0613, 
    0x0610000b, 0x000c060c, 0x060d0605, 0x0624000d, 0x000e060e, 0x06100608, 0x280b8210, 0x00110611, 0x06170613, 0x08238217, 0x1c061c2c, 0x1d061f00, 
    0x03001d06, 0x23062306, 0x41063200, 0x0a004206, 0x44064306, 0x45062300, 0x3f004506, 0x49064806, 0x4a061b00, 0x17824b06, 0x4c064c2e, 0x4d063c00, 
    0x38004d06, 0x4f064e06, 0x52281182, 0x17005206, 0x54065406, 0x722e0582, 0x04007706, 0x7a067906, 0x7c061a00, 0x0b827c06, 0x7d067d2e, 0x7e063b00, 
    0x37007e06, 0x83067f06, 0x86221182, 0x05828806, 0x06892008, 0x06310089, 0x008b068a, 0x068c0616, 0x0621008d, 0x0090068f, 0x06910629, 0x06190092, 
    0x82940694, 0x953e0817, 0x39009506, 0x96069606, 0x97063600, 0x2e009706, 0xa1069f06, 0xa5061200, 0x2200a606, 0xb006b006, 0x01072f00, 0x03000107, 
    0x0f070d07, 0x10070100, 0x02001107, 0x35073507, 0x39070700, 0x05823907, 0x3c073c22, 0x3d280582, 0x08003e07, 0x43073f07, 0x57282982, 0x34005707, 
    0x5e075e07, 0xfa2a0b82, 0x0900fa07, 0xfc07fb07, 0x93430600, 0x430b201c, 0x093c0a93, 0xd008cf08, 0xd1080600, 0x0900d108, 0xd308d308, 0xd4081400, 
    0x0100d408, 0xd508d508, 0xd73a1782, 0x0600d708, 0x11091009, 0x12090b00, 0x25001209, 0x13091309, 0x14092700, 0x0b821409, 0x15091522, 0x38080b82, 
    0x00170916, 0x0a170a26, 0x0a060017, 0x00290a28, 0x0a330a07, 0x0b050034, 0x00400b40, 0x0b4a0b07, 0x0b0f004a, 0x00520b52, 0xfd010003, 0x00940686, 
    0x006c0101, 0x01010000, 0x290583ea, 0x1a0783fd, 0x81fd0100, 0x1182e207, 0x11831a20, 0x83250121, 0x96fd2105, 0x0b200b84, 0x89200b84, 0x03820583, 
    0x022f3582, 0x002306ab, 0x05c20101, 0x020100e9, 0x820b0603, 0x0627220b, 0x22058206, 0x82240626, 0x84d72005, 0x86b6201d, 0x82082005, 0x82182011, 
    0x01012237, 0x23118316, 0x05067d02, 0x7d263582, 0x01001b06, 0x2384d601, 0x5e04d622, 0xab201182, 0x01210583, 0x200b84c2, 0x200b8402, 0x20058427, 
    0x20058426, 0x200584d7, 0x200584b6, 0x20058476, 0x21058324, 0x05839700, 0x05abfd27, 0xfd010018, 0x230583b0, 0xd2057601, 0xb4205982, 0xc1202384, 
    0x7d204d84, 0x16200b84, 0xde220b84, 0x6b82d405, 0x8f837520, 0x83fe0321, 0x13042105, 0x05210583, 0x20058481, 0x200584a6, 0x201d84a9, 0x210583c3, 
    0x05835e01, 0x849f0221, 0x84b62005, 0x8423202f, 0x84482005, 0x842e2005, 0x844b2005, 0x8468202f, 0x84802005, 0x84c52041, 0x849c202f, 0x84e72011, 
    0x84332077, 0x84ec204d, 0x831c2005, 0x01072111, 0x07210b83, 0x2611842d, 0x007c03c1, 0x84b10101, 0x844b2005, 0xfec12205, 0x841183cc, 0x834b2005, 
    0x08062305, 0x1182f6ff, 0x6f03cc26, 0x82060100, 0x06210b83, 0x26058467, 0x00feff97, 0x84800501, 0x84912005, 0x83b12071, 0x90052105, 0x78200584, 
    0x88201784, 0xa8201784, 0x87201184, 0x69209b84, 0xa1200584, 0x01210583, 0x200584d2, 0x201184a3, 0x200584ad, 0x202f84a7, 0x200b84ae, 0x2005846b, 
    0x20058416, 0x214d83de, 0x05840d03, 0x1184fd20, 0xbe007422, 0xbf829584, 0x84e40021, 0x83cc20b9, 0xe40021ad, 0x05210583, 0x2071848d, 0x20058492, 
    0x2005848b, 0x21058389, 0x3b841f01, 0x05844520, 0x05846520, 0x05844220, 0x1d847d20, 0x0b841520, 0x05837420, 0x840f0621, 0x84f32035, 0x8304200b, 
    0x6f072105, 0x94200584, 0x7a200584, 0xb4201784, 0xcc200584, 0x00270583, 0x00d2056e, 0x84f00501, 0x8472201d, 0x84972005, 0x21598405, 0x0b839a07, 
    0x2f840520, 0x84ee0521, 0x840e2065, 0x843a20e9, 0x834f2005, 0xbc042105, 0xe1200584, 0xc7200584, 0xe4200584, 0x01200584, 0x19200584, 0xfe203584, 
    0x38202f84, 0x3d204d84, 0x52200584, 0xc0208384, 0xe5200584, 0xca200584, 0xe8200584, 0x05200584, 0x1c200584, 0xa7844184, 0x843c0521, 0x02eb2611, 
    0x070100e8, 0x21058300, 0x05846e08, 0x05849320, 0x05847820, 0x05839620, 0x84ea0621, 0x84b72023, 0x02762265, 0x202f820b, 0x210b8308, 0x41840b07, 
    0x53843f20, 0x1d841f20, 0x05835f20, 0x04800027, 0x0201005e, 0x201784df, 0x260584bd, 0x00b901bc, 0x83cb0101, 0x9e062917, 0x01002a02, 0x9d024e03, 
    0xaa220582, 0x29823d04, 0x7c03f222, 0x1a220b82, 0x23821d04, 0x0b845920, 0xb8043c22, 0x41201182, 0x02210b83, 0x2205844e, 0x82ccfef2, 0xff1a2211, 
    0x8423836d, 0x003c220b, 0x20118208, 0x210b8341, 0x05834e02, 0x84270821, 0x01cf2195, 0x682a5385, 0x81040100, 0x0100c202, 0x17846008, 0x05838220, 
    0x84460821, 0x843c20d7, 0x83f620d1, 0x2c0621cb, 0x58201784, 0x79202384, 0xcb84d184, 0x843d0821, 0x84342029, 0x84ed2029, 0x84232029, 0x84c820e3, 
    0x83552005, 0x25042111, 0x04230b83, 0x821d0166, 0x84052089, 0x846e200b, 0x83cc201d, 0x86032135, 0x03210b83, 0x20178406, 0x0519418b, 0x9b200b84, 
    0x89201784, 0xd3206b84, 0xaa202f84, 0x69264184, 0x01001b00, 0x2384f405, 0x2a02972c, 0x7a040100, 0x0100b901, 0x1183b107, 0x83b80121, 0xa0072105, 
    0xa6200b84, 0x2b203b84, 0x50200584, 0x25264d84, 0x01005403, 0x0b83ac01, 0x847c0421, 0x83282017, 0x44052005, 0x41200567, 0x24202384, 0x36200584, 
    0xa1202384, 0xc6200584, 0x35850584, 0x1d84c920, 0x0583e620, 0xb5410220, 0x84162005, 0x84f6200b, 0x84112023, 0x8473200b, 0x8412200b, 0x84802059, 
    0x84c2202f, 0x84fc2005, 0x843f201d, 0x843b200b, 0x84422023, 0x84932005, 0x23048289, 0x25060100, 0x01220682, 0x3b840b06, 0x05844520, 0x05835d20, 
    0xa1840120, 0xd7840220, 0x84220421, 0x84472035, 0x842d2005, 0x8467204d, 0x847f2005, 0x849e205f, 0x849f200b, 0x05414305, 0x05202f84, 0x05212f84, 
    0x2053842c, 0x203b844a, 0x20058466, 0x2029847e, 0x8405842e, 0xb202213b, 0xae204784, 0x35201d84, 0x2f840584, 0xdb420520, 0x84dc2005, 0x20d18441, 
    0x05bd4205, 0x11843320, 0x3584c420, 0x0584b520, 0x0584d020, 0x53849a20, 0x41840f20, 0xd784db20, 0x05846e20, 0x2f847120, 0x1d84a520, 0x1d848520, 
    0x2f84c520, 0x05845420, 0x05838b20, 0x84510721, 0x212f84f5, 0x17846301, 0x05834b20, 0xfedc0026, 0x01010057, 0x22053342, 0x828cfe8e, 0x8376200b, 
    0x84012017, 0xde01219b, 0x59852984, 0x20052745, 0x261d8490, 0x0067fe1d, 0x83f40301, 0x38022105, 0xbc201184, 0xab260584, 0x0100f5fe, 0x0b83c802, 
    0x83be0221, 0x64032105, 0x6d200b84, 0x2f209584, 0x53841184, 0x84300421, 0x05914111, 0xbf84b320, 0x0584d820, 0x0584bd20, 0x0421dd84, 0x840b84f7, 
    0x200321ef, 0x95462f84, 0x05ed4505, 0x59841220, 0x05843b20, 0x05845320, 0x0421d784, 0x210b837b, 0x6b84d106, 0x95842320, 0x05845720, 0x9d02d126, 
    0xf5010100, 0xaa220584, 0x0b827c03, 0x0584e120, 0x0584bf20, 0x05841620, 0x9502c028, 0xc0000100, 0x1d82a002, 0x1183bb20, 0x849b0221, 0x84d92017, 
    0x83c82005, 0xe8002705, 0x0100a102, 0x0583c302, 0x84e80021, 0x84ab2017, 0x84322005, 0x84df2005, 0x84ce2005, 0x8463203b, 0x84be200b, 0x2065850b, 
    0x221184b4, 0x82ccfeaa, 0x84e1205f, 0x84bf2005, 0x84162005, 0xfdc02205, 0x201782e5, 0x210b83bb, 0x11849b02, 0x0584d920, 0x0583c820, 0xfde80023, 
    0x837783f1, 0xe8002105, 0xab201784, 0x32200584, 0xdf200584, 0xce200584, 0x63203b84, 0xbe200b84, 0x5f850b84, 0x0b83b420, 0x00cd042d, 0x03010000, 
    0x00c20239, 0x83950501, 0x5604210b, 0x05210583, 0x4705848e, 0xaa200525, 0xa0200b84, 0x94200584, 0x8f200584, 0x8d260584, 0x0100fdff, 0x0b848a05, 
    0x05847420, 0x41842b20, 0x0b844e20, 0x05847820, 0x05848520, 0x05849720, 0x05847d20, 0x05849820, 0x05848620, 0x41848420, 0x0b838420, 0x84fa0221, 
    0x84922005, 0x84ee2005, 0x84262047, 0x84a6200b, 0x83992005, 0x6f012105, 0x132c0584, 0x010033fe, 0x67fe1701, 0x87020100, 0x02211183, 0x21058366, 
    0x0b846103, 0x0b844620, 0x05840c20, 0x05831520, 0x84e80121, 0xfe502617, 0x03010034, 0x200b840a, 0x200584d9, 0x420584b0, 0x5e2005c3, 0x50202984, 
    0x17200584, 0x43201784, 0xa2200b84, 0x73200584, 0x95201184, 0x03210583, 0x200b840d, 0x2605848e, 0x0055fe76, 0x844a0201, 0x839f2023, 0x5c022105, 
    0x7c200584, 0x3f202984, 0xac200b84, 0xef200584, 0x0e201184, 0xe9200b84, 0xda200584, 0x06210583, 0x200b8439, 0x201d84d6, 0x200b84a9, 0x21058367, 
    0x0b846005, 0x05845220, 0x1d848520, 0x0b84b520, 0x6b844920, 0x11841620, 0x0b845620, 0x17841e20, 0x2505f744, 0x00fdfff3, 0x07410201, 0x848d2005, 
    0x84b82023, 0x05174323, 0x20057743, 0x2017844c, 0x221784a6, 0x825403a8, 0x047e222f, 0x2205825e, 0x827f07fb, 0x07fa2205, 0x2005849f, 0x21058398, 
    0x0582d808, 0x7c07fc22, 0xc0200b84, 0x5d261784, 0x41030100, 0x0b84d205, 0x0b828f20, 0x0b832420, 0x83360321, 0xa1042105, 0xc6200584, 0xac200584, 
    0xc9200584, 0xe6201d84, 0x05220583, 0x3b82073c, 0x97240582, 0x3c050100, 0xbb204184, 0x12211d84, 0x226b8207, 0x82071203, 0xf6022117, 0xe2201184, 
    0x5e201d84, 0x5e201184, 0x02211d83, 0x823b837c, 0x82298205, 0x20a18305, 0x20ad847d, 0x20a1847c, 0x20358479, 0x206584fd, 0x20058480, 0x201184a5, 
    0x200584c2, 0x214d84fc, 0xad82077c, 0x84720221, 0x8472200b, 0x84902071, 0x840e201d, 0x830e200b, 0x0e03216b, 0xfc206584, 0xfc207784, 0x02211783, 
    0x213583fc, 0x29833b03, 0x84420421, 0x847c2005, 0x83932005, 0x00062105, 0x25200584, 0x0b200584, 0x28200584, 0x45207d84, 0x5d200584, 0x3a206b84, 
    0x01210583, 0x20058477, 0x21b38322, 0x59832101, 0xc5830582, 0x4d84a220, 0x04214184, 0x208f844d, 0x20058469, 0x202f8481, 0x82898321, 0x005d2429, 
    0x84660201, 0x86a1204d, 0x21cb8217, 0x4d84e901, 0x4d84e820, 0x8207e821, 0x9f03214d, 0xb4203b84, 0x22207d84, 0x47200584, 0x2c200584, 0x4a200584, 
    0x7e206b84, 0xe8204184, 0xe8205984, 0x0321ef83, 0x2035842e, 0x8217869e, 0x8e032159, 0x03211d83, 0x2071848e, 0x210b83d9, 0x0b831204, 0x841d0121, 
    0x846f2035, 0x846a200b, 0x84b82035, 0x41b82029, 0x7f240643, 0x0d030100, 0x0d201184, 0x02211183, 0x825f83f3, 0x82972005, 0x84152017, 0x8415206b, 
    0x841520a7, 0x0815222f, 0x201782d8, 0x21c58316, 0x9b843504, 0x0521a184, 0x20ad84b7, 0x200584dc, 0x200584c2, 0x201d84df, 0x21718433, 0xa1820715, 
    0x84c40521, 0x838f209b, 0x8f02216b, 0x04214d83, 0x20238413, 0x20178440, 0x20178497, 0x216b8397, 0x1d839702, 0x849c0221, 0x21598417, 0x1d849f02, 
    0x17849f20, 0x0221f584, 0x201184ac, 0x211183ac, 0x29841d03, 0x6583ee20, 0x84ee0221, 0x84ee20bf, 0x84ee2047, 0x83ef2023, 0x0f0321ad, 0xfd202384, 
    0x2620b984, 0x04211783, 0x822f8326, 0x00982205, 0x85ef8201, 0x21a78205, 0x6584ec02, 0x2983ee20, 0x11820b82, 0x83d90421, 0x6b06213b, 0x9f4b0584, 
    0x84a32005, 0x84ec204d, 0x83ec205f, 0x82032171, 0xfb84cb84, 0x84ab0221, 0x84ab2041, 0x0650221d, 0x225f8208, 0x844c074d, 0x83642005, 0x24062105, 
    0x2b200584, 0x05210583, 0x220582e9, 0x820b064e, 0x045f2205, 0x2417845e, 0x0301001b, 0x23178393, 0x23069303, 0x17840b83, 0x47848720, 0x47848520, 
    0x83078521, 0x06852147, 0x02212982, 0x214d8485, 0x4d830685, 0x4d848520, 0x4d838620, 0x37410120, 0x06fa2205, 0x205382de, 0x20058411, 0x201d8465, 
    0x202f8465, 0x202f8465, 0x20778466, 0x204d8465, 0x274d8365, 0x1006b101, 0xb0010100, 0x58200584, 0xa6200584, 0x58220584, 0x1782d607, 0x0583b120, 
    0x84760221, 0x83762041, 0x7602219b, 0x4e225384, 0x65825d04, 0xa7837b20, 0x83110121, 0x200582f5, 0x222f8298, 0x828f0711, 0x05054f17, 0x95841720, 
    0x77831620, 0x83160121, 0x86012141, 0x7020d784, 0x53840585, 0x41844f20, 0xd2053b22, 0x7c203b82, 0x67410584, 0x846a2005, 0x8316200b, 0xa3032159, 
    0x03212383, 0x827d83a6, 0x82242005, 0x847d205f, 0x8475203b, 0x847420cb, 0x8474208f, 0x847420dd, 0x84742017, 0x057422dd, 0x4f2982f3, 0xbb20054d, 
    0xbb20b984, 0xbb201d84, 0x84207d84, 0x2b200584, 0xc9207d84, 0x01211d83, 0x20a784c9, 0x202384c9, 0x202f8441, 0x200b8441, 0x22238435, 0x8268055f, 
    0x846d20a1, 0x0744220b, 0x220b822e, 0x82250744, 0x84162005, 0x8316200b, 0x7e02230b, 0x71821b06, 0x5984bf20, 0x95847e20, 0x95847e20, 0x4d847e20, 
    0xad847f20, 0x1d84be20, 0x17867d20, 0x2f820b20, 0x17836720, 0x83650321, 0x6403213b, 0x6520e984, 0xb541e984, 0x84522005, 0x84522083, 0x846b2059, 
    0x846c200b, 0x846b2047, 0x846b2053, 0x846b2065, 0x062a223b, 0x224d8200, 0x845d07c8, 0x828f2005, 0x84472005, 0x8347202f, 0x2f042629, 0x0100d205, 
    0x05a14303, 0x0b833120, 0x83450421, 0xb3052105, 0xd8200584, 0xbe200584, 0xdb200584, 0xf8201d84, 0x0f200b84, 0x20203584, 0x02210583, 0x201784d5, 
    0x200b8591, 0x205f8307, 0x201184ca, 0x20118446, 0x200584bc, 0x201184c8, 0x20358476, 0x200584f5, 0x20178484, 0x200584da, 0x201184e9, 0x200b8409, 
    0x20bf847c, 0x20bf847c, 0x21f5833b, 0x05832d02, 0x83160121, 0x160121cb, 0x9d201784, 0x03211183, 0x201d8475, 0x200b8455, 0x200b840b, 0x200b8497, 
    0x20058470, 0x20118438, 0x210583a7, 0x0b847b04, 0x05845020, 0x1c057422, 0x2320ef82, 0xaa206b84, 0x85200584, 0xb2200584, 0x98200584, 0x94200584, 
    0x96200584, 0x89200584, 0x01270583, 0x00e405d6, 0x84f50101, 0x05b42805, 0x020100f9, 0x82510637, 0x83cc2011, 0x7201210b, 0xbf200b84, 0x40220b84, 
    0x1782ea06, 0x0b83d120, 0x06de0029, 0x000100b8, 0x820907e4, 0x85e52005, 0x21118305, 0x29849b02, 0x0584d920, 0x4d84c820, 0x0b840f20, 0x0584d520, 
    0x05845e20, 0x4184a820, 0x8706f522, 0xda204d82, 0xce201184, 0x6a202984, 0xbe200b84, 0xde200584, 0xb3200584, 0xfc200584, 0x01215983, 0x200584d8, 
    0x200584e4, 0x220584e6, 0x834901b4, 0xa10121ad, 0xcc204782, 0x01210b83, 0x200b8472, 0x220b84bf, 0x823a0240, 0x83d12017, 0xde00230b, 0xa7820802, 
    0x5902e422, 0xe5200582, 0x02210b83, 0x2023849b, 0x200584d9, 0x204784c8, 0x200b840f, 0x200584d5, 0x2005845e, 0x223b84a8, 0x82d701f5, 0x84da2047, 
    0x84ce2011, 0x846a2029, 0x84be200b, 0x84de2005, 0x84b32005, 0x83fc2005, 0xd8012159, 0xe4200584, 0xe6200584, 0x9d220584, 0x41823c03, 0x05849e20, 
    0x05847e20, 0x05849020, 0x05849220, 0xd2059d22, 0x05841d83, 0x05839220, 0x17840520, 0x84b50521, 0x847e201d, 0x83902017, 0xde072105, 0x03271183, 
    0x001b065b, 0x839b0601, 0x1f062111, 0x03270583, 0x003f0544, 0x84490501, 0x84a9203b, 0x84932005, 0x84b5201d, 0x83a8200b, 0x66042105, 0x85200b84, 
    0x8d200584, 0x6b850584, 0x0b848f20, 0x05215f84, 0x200b8483, 0x2005848a, 0x20358472, 0x200b84fc, 0x200584a1, 0x20538496, 0x200b84d1, 0x201d8475, 
    0x200b8453, 0x2005847d, 0x2005847f, 0x20058487, 0x20058484, 0x20058489, 0x20058486, 0x20058488, 0x8405847c, 0x7a0521d1, 0x02250b83, 0x009707fa, 
    0x20058201, 0x20058479, 0x8405837a, 0x071221d1, 0x5e200b83, 0x7c200584, 0x7c202384, 0x35840b85, 0x0b847220, 0x8307fc21, 0x83fc2035, 0x2101210b, 
    0x1d260584, 0x01005d07, 0x0b83b803, 0x840d0321, 0x83152005, 0x1503213b, 0x3b840b85, 0x3b848f20, 0x05869720, 0x02212f82, 0x200b849f, 0x200584ac, 
    0x205384ee, 0x20dd84ee, 0x210b8326, 0x17832604, 0x84260421, 0x84f3203b, 0x84ec2023, 0x84ec2023, 0x84ab200b, 0x840e2059, 0x85e8207d, 0x22298405, 
    0x8223064d, 0x064d22cb, 0x20058405, 0x21058306, 0x05825e04, 0xc006fa22, 0x1820e384, 0x11200582, 0x11210b84, 0x200b8305, 0x202f8465, 0x212f8465, 
    0x2f830665, 0x2f836520, 0x07b10123, 0x202982b8, 0x21118376, 0x77831101, 0x7a240582, 0x11010100, 0x01216583, 0x21178316, 0x2f84a603, 0x05847d20, 
    0x47847420, 0x0b847420, 0x3584bb20, 0x0585c920, 0x82e90521, 0x84412047, 0x0744220b, 0x2241820f, 0x82100744, 0x847e2011, 0x83662071, 0x8403206b, 
    0x8205827d, 0x8403207d, 0x5202217d, 0x52201d84, 0x6b204d84, 0x6b200b84, 0xcb840b85, 0x0b844720, 0x0b844720, 0x77848520, 0x23848520, 0x65848520, 
    0x5d071622, 0x16206582, 0x16206b84, 0x7c206b84, 0x2120bf84, 0x02210583, 0x210583e9, 0x0b844604, 0x05849720, 0x0583f320, 0x84150321, 0x84da200b, 
    0x84c82005, 0x84d12005, 0x84842017, 0x84e8203b, 0x83642011, 0x75032165, 0x16206b84, 0x74200584, 0x41200584, 0x68200584, 0x38201d84, 0xd5200b84, 
    0x23843584, 0x843a0121, 0x83a52095, 0x5b032105, 0x7020b984, 0x58281184, 0x0100b807, 0xd2050e03, 0x0d200582, 0x02210583, 0x2105839f, 0xd784c901, 
    0x05834120, 0x05440123, 0x83cb8368, 0xab022105, 0x95202384, 0xbf200584, 0x07250585, 0x02010097, 0x220b84c0, 0x821b04ee, 0x05f1470b, 0x41849820, 
    0x23069822, 0x90201182, 0x76200b84, 0x4a200584, 0x70205384, 0x5c222f84, 0x77825d04, 0x17843f20, 0x47847d20, 0x17847d20, 0x0b84bc20, 0x0b848f20, 
    0x0b83c820, 0x84090321, 0x84972011, 0x84ac2011, 0x83ec2005, 0x46042105, 0x78201d84, 0xd1201184, 0xe9240584, 0x01008f07, 0x05821782, 0x83970221, 
    0xda02210b, 0xd1200584, 0x03210583, 0x200b8484, 0x20e384f4, 0x219b83ff, 0x7d85ff01, 0x5520a784, 0x50200584, 0x87570584, 0x830a2005, 0xa903211d, 
    0x75200584, 0x68201784, 0x64212f84, 0x21e98206, 0x05837503, 0x84160221, 0x057d2205, 0x20e982e9, 0x200b8474, 0x20058441, 0x20238468, 0x200b8438, 
    0x20358452, 0x20a184d9, 0x204d8442, 0x201184b5, 0x2005847c, 0x20058449, 0x20178485, 0x21058356, 0x29842101, 0x0584fc20, 0xad84f320, 0x05831d20, 
    0x84120321, 0x845e2011, 0x84b8200b, 0x06102217, 0x20778224, 0x20418464, 0x203b844c, 0x20238416, 0x26118474, 0x00180510, 0x84a60301, 0x06d62817, 
    0x0101002b, 0x846407b4, 0x824c2005, 0x84d42005, 0x84a8200b, 0x84e8202f, 0x8215204d, 0x65022fe3, 0x000400ec, 0x69607500, 0x007b0086, 0x008b006a, 
    0x0c861e20, 0x07861520, 0x6b18068f, 0x1e8a0e0b, 0x0b8a8320, 0x25200a9b, 0x1b8a1c9b, 0x0b8a4520, 0x2b200a85, 0x9f870682, 0x91000021, 0x911e821f, 
    0xbbff2102, 0x14201382, 0x00220382, 0x0583dbff, 0xff000023, 0x776e1818, 0xc6ff2109, 0x05851385, 0x00d7ff24, 0xc782ff00, 0xe4220784, 0x0d829aff, 
    0x1c853d83, 0xff210586, 0x821d84d3, 0x80ff2217, 0x21008600, 0x6584e6ff, 0x068f0d86, 0xffbbff25, 0x89cfffe9, 0x82ff2015, 0x00002361, 0x1189e7ff, 
    0x5d200988, 0x9f890985, 0x05990f85, 0x85ddff21, 0x3aff211b, 0x1b4b6218, 0x8598ff21, 0x00002125, 0x11870989, 0xff230783, 0x83d5ffcd, 0x00002307, 
    0x0785a3ff, 0xff24059f, 0xffefffaf, 0x0b515d18, 0x39976188, 0x33959f9b, 0xff8cff25, 0x8ab5ff98, 0x8a26201b, 0x200aa10b, 0x2122871d, 0x0987afff, 
    0x6118078d, 0x45410931, 0x8c1f8d07, 0x0699410d, 0x4d41138c, 0x1301420c, 0x07377518, 0xff213583, 0x200584b0, 0x295d18a8, 0x94ff2109, 0x00211183, 
    0x83198500, 0xaeff210b, 0x03830583, 0x00ceff25, 0x82aaff00, 0x84a62003, 0x93c1900d, 0x2029846d, 0x8b058333, 0x18ff2003, 0x890c415f, 0x84238b61, 
    0x8432200b, 0x89002005, 0x1800209f, 0x210e6b62, 0x1182d1ff, 0x1e00aa24, 0x2983c8ff, 0xffd8ff2d, 0xff000075, 0xffafffe9, 0x824aff5f, 0xff05248f, 
    0x83e1ff98, 0x18038519, 0x22080372, 0x83e0ff5e, 0x75ff2311, 0x07826dff, 0x13411e20, 0x0000270b, 0x2fffeeff, 0x07825eff, 0x00006924, 0x6184f5fe, 
    0x0c5b7618, 0x08496518, 0x4f88bb20, 0x9aff9724, 0x73186fff, 0x3f830b13, 0x79204182, 0xff217d83, 0x20098246, 0x200382c8, 0x0be942e6, 0x7c829f84, 
    0x18200284, 0x04850584, 0x60180520, 0xff23074b, 0x840a00ea, 0x822d2012, 0x83f1203b, 0xbbff2103, 0x0abd5c18, 0x1b840520, 0x4b410020, 0x420f2006, 
    0x292008f9, 0x20850988, 0xff230584, 0x841700be, 0x20048208, 0xad6018ff, 0xffbb2413, 0x822000f3, 0x8f029a1c, 0x879f8257, 0x005d222d, 0x420a830f, 
    0x1b831701, 0x972003c0, 0x40ad41c0, 0x2027cb45, 0x8d56add8, 0x82ff202d, 0x0535413d, 0x8d053142, 0x920dd01d, 0x8cff21d3, 0x7d2065ce, 0x4e204f86, 
    0x06df0786, 0x728cd392, 0xceff202c, 0x00000f00, 0x2800afff, 0x1984e4ff, 0x2508e742, 0xb5ff8cff, 0x13840900, 0x89000021, 0x00bb2415, 0x821f0000, 
    0x20138503, 0x20098211, 0x17781820, 0x5eff2109, 0xdd243582, 0x21002800, 0x02841782, 0x82afff21, 0x89098461, 0x202f8404, 0x980f89d0, 0x84998209, 
    0x823d201b, 0x82282005, 0x20028503, 0x417f852c, 0xff200b9b, 0x0b976718, 0x37480520, 0x75ff2305, 0x2d442300, 0x21388507, 0x0182bbff, 0x2545af20, 
    0x06234408, 0x058e1b85, 0x3d823220, 0xb1ff0023, 0x82008200, 0xff8023d3, 0xc74800a6, 0x48138309, 0x0a820699, 0xff20028a, 0xbb46d382, 0x89268a17, 
    0x8923200a, 0x0d83450a, 0x7b427784, 0x20ff2b0c, 0xa8ffb0ff, 0x00005fff, 0x638530ff, 0x839efe21, 0x242982a3, 0xff7dff12, 0x877818d6, 0x4619820b, 
    0xf7480c7f, 0x5fff2107, 0x7c204182, 0x00223182, 0x8d4423ff, 0x44ff2011, 0xff2712e1, 0x0082fe75, 0x8746ff00, 0x203b8441, 0x8b0583ef, 0x20998203, 
    0x860f8b9c, 0x8351200b, 0x20ab8207, 0x93078312, 0x60ff3103, 0xbfff8cff, 0x2fff4aff, 0x69ff6aff, 0x80ff0000, 0x69230382, 0x8200f5fe, 0x95ff2131, 
    0xbb200b82, 0x2106bf45, 0x008200d9, 0xed48b183, 0xf5fe2105, 0xbb203582, 0xba209384, 0xbf203d82, 0xff23cb85, 0x8246ff0c, 0x24028c26, 0xe8fe60ff, 
    0x84008800, 0xff862c41, 0x008aff75, 0xfff5fe00, 0x41000098, 0xbb201205, 0xff212e83, 0x209982bb, 0x227d8692, 0x842fff00, 0x21058213, 0x09842201, 
    0xa582ab82, 0x5eff0026, 0x9cff0000, 0x44079b44, 0x1f4809a3, 0x421f8209, 0xfe2106e7, 0x8375839e, 0x1803933d, 0x41096b80, 0x418b05c7, 0x13912f93, 
    0x0fcb6818, 0x820db547, 0x91eb20ef, 0x839d8933, 0x219f871b, 0x0d83e2ff, 0xef4903a7, 0x8534a70c, 0x08574c27, 0x8515e34a, 0x4905a824, 0x2f99060d, 
    0x9311eb41, 0x69ff212b, 0x1be36718, 0x83057f42, 0x184d8d37, 0x1809df77, 0xa9072d67, 0x43ff20d3, 0xcf4b0c4f, 0x839f9b21, 0x4403d999, 0x65d90b05, 
    0x6d415993, 0x2321830d, 0x63ff7dff, 0x03830783, 0x2511234b, 0x0000a4ff, 0x1b84d2ff, 0x410e6746, 0x3583215f, 0xa34b039f, 0x892d9f0d, 0x0bbd4e1f, 
    0x4b092142, 0x3b200833, 0x3f429d89, 0x75ff2211, 0x06af4400, 0x89798741, 0x4c0995c9, 0x21870b4f, 0x88f1ff21, 0x13414f09, 0x00221c87, 0x3d935d00, 
    0x09951e89, 0x9584ff21, 0x8915a917, 0x4733aa9f, 0x379a0c9b, 0x411c7f49, 0xb74a59c7, 0xd7ff2119, 0x6343ad97, 0x9d299711, 0x9d619917, 0x991d9f37, 
    0x0999519f, 0x8bf6ff21, 0xc4ff2145, 0x0b8f0d8b, 0x0c5f7b18, 0x89142d50, 0x14fb5131, 0x09961e89, 0x2396618c, 0xff251697, 0xff0000af, 0x211d85ae, 
    0xb34abbff, 0x25108408, 0x0f0062ff, 0xdb4abbff, 0x0f1b410b, 0x8280ff21, 0x873d8228, 0x900d8241, 0x19a94a02, 0x480d7b44, 0xff21130f, 0x497d8b28, 
    0x7f530cef, 0x861d8610, 0x411b4906, 0x06e04886, 0x3946ff20, 0x4670950e, 0x1b8a0565, 0x0b871020, 0x498cff21, 0x25871bf1, 0x619007a1, 0x27463282, 
    0x0da74105, 0x02ac1682, 0x4c182344, 0x568b1095, 0x220aef49, 0x8bb10023, 0x970ba919, 0x09df53b7, 0xb1434ba2, 0x0fdb4b1e, 0x82c6ff21, 0x83942011, 
    0x27f78f57, 0xaeffafff, 0x98ff0000, 0x480be343, 0x01541725, 0x8f478307, 0x0e995603, 0x1f83b520, 0x43056343, 0xff250d69, 0xff0000f2, 0x851d83d3, 
    0x82ff2007, 0x50ff2329, 0x1387e7ff, 0x05821985, 0x03825120, 0x3d8d0282, 0x02cb1082, 0x58078750, 0x6dcb1925, 0x86000021, 0x54549fd3, 0x258405b1, 
    0x05840c20, 0x9144048c, 0x20208a13, 0x8a3d8a45, 0x220afd16, 0x4a00c6ff, 0x07820691, 0x8b857520, 0xff4eff25, 0x8578ff46, 0x5505890b, 0x62200837, 
    0xff201387, 0x58054b42, 0x00250cf9, 0xff44ff00, 0x20058246, 0x2003823b, 0x21298352, 0x0583f5fe, 0x0f82ff20, 0x03870783, 0x8880ff21, 0xff622609, 
    0xff5bffa3, 0x220f8744, 0x84ff0000, 0x04ff2161, 0x9f8a3d84, 0x03850f83, 0x8511514f, 0x46058717, 0x00230f77, 0x89a3ff00, 0x11454313, 0x875ccb42, 
    0x4407d294, 0x6a8217b1, 0x8218dd50, 0x8402e31b, 0x849f9a7f, 0xc0ff2183, 0x048a0684, 0x53c6ff21, 0x4f430933, 0x0c734611, 0x3d914520, 0x0ab6488a, 
    0x438d618c, 0x8906c94f, 0x851e8d9f, 0x1179420d, 0x2cd57818, 0x5100ae21, 0x418512fb, 0x7797059d, 0xc7453589, 0x4c1a8310, 0x20831c07, 0x84d4ff21, 
    0xffbb2205, 0x09354aaf, 0x82dbff21, 0x00092613, 0x00d6ff00, 0x8a098211, 0x22198402, 0x880b0000, 0x82292012, 0x83d12009, 0x05dd469b, 0xff46ff23, 
    0x20378280, 0x881582ab, 0xd4ff2302, 0x0c885aff, 0xff210886, 0x43498380, 0x2b8a2b95, 0x7f8a5d20, 0xe5204f87, 0x069e0886, 0x5720719a, 0x1edf3a9e, 
    0x9f9a7f84, 0x775f7f87, 0x9f698761, 0x1f5b4207, 0x00201f9f, 0x2208b14d, 0x8dfcff1d, 0xbfff236c, 0x2943d2ff, 0x08cd5d36, 0x61885183, 0x038c0c83, 
    0x8a214f43, 0x84538c2e, 0x0f911857, 0x83158310, 0x05cd5803, 0x0075ff25, 0x83fbff00, 0x4503890f, 0x8793152b, 0x69203d84, 0xff213983, 0x0f354a5e, 
    0x85000021, 0x8f1d8361, 0x8f4b9303, 0x950f9923, 0x292f839f, 0xbaff9aff, 0x6dffceff, 0xab550000, 0x483b2008, 0xab20082d, 0x80221582, 0x2783f4ff, 
    0x07480383, 0x8410200a, 0x8298200f, 0x002d2405, 0x826dff00, 0x823b2041, 0xff00220b, 0x091b4823, 0x03830f83, 0x839aff21, 0x27038d05, 0x1fffbbff, 
    0x8cff0000, 0x65590382, 0x82248b0b, 0x20998261, 0x887d89ba, 0x12ef491c, 0x270d4d46, 0xf0ff83ff, 0x5effaeff, 0x87205d82, 0xfe213585, 0x073748eb, 
    0x828bff21, 0x08bf4815, 0xfe000023, 0x089743eb, 0x7e831e20, 0x1b85ff20, 0x5effae22, 0xd3854182, 0xff481820, 0x0000250f, 0x07ff83ff, 0x03852d83, 
    0x83ccff21, 0xbbff2307, 0xd39ecffe, 0xccff1e22, 0xb1529982, 0x22d39013, 0x58ff9cff, 0xd1550cff, 0x56ff2105, 0xe6206182, 0x038b6d83, 0x8b07b761, 
    0x840b9313, 0x83af203d, 0xdefe2119, 0x3356d392, 0x4d5f870c, 0x12870a9b, 0x832007c7, 0x20204882, 0x00220382, 0x05846800, 0xba20048b, 0xd75c0c82, 
    0x4c278307, 0x15850553, 0x22081f61, 0x4a010000, 0x31820a79, 0x49410283, 0x9e148310, 0x0ff74d03, 0x99856183, 0x9f893885, 0x85006821, 0x21898395, 
    0x05850000, 0x0d8f2385, 0x07881587, 0x8809cb59, 0x8c084012, 0x95449fb3, 0x0649431b, 0x8d8ce340, 0xa6ff218c, 0x0d830f8d, 0x9b7cff21, 0xdb2183d3, 
    0xd1ff2503, 0xc4ff0000, 0x83460382, 0x447d9518, 0x9b630681, 0x2037821a, 0x63578205, 0x11820a9b, 0xff200284, 0x840d9b63, 0x21048913, 0x0b85eeff, 
    0x4817215a, 0x408522d5, 0x79ff0022, 0x06860886, 0x410d9346, 0x5fdf5f75, 0x8144d486, 0x87378337, 0x873f2003, 0x51078208, 0x6e200943, 0x02400d82, 
    0x052b469e, 0x41056941, 0xff2107dd, 0x11694623, 0x0b50c689, 0x122d4409, 0x20058947, 0x46008a00, 0x1c8a1127, 0x7b420aab, 0x2739970d, 0xd8ffc5ff, 
    0x46ff0000, 0xde200382, 0x4342d583, 0x84219121, 0x83af203d, 0x0cff2361, 0x078375ff, 0x9d54038b, 0xcbff2115, 0x0b95238b, 0x8c09d14d, 0x8345201f, 
    0x8385910d, 0x68038b15, 0x31892593, 0x890d9368, 0x5f09e417, 0x85e42085, 0x315a64aa, 0x6c388d0d, 0x198d0b03, 0xff230d83, 0x83f3fffb, 0x4d002007, 
    0xff21083f, 0x200f86be, 0x830785c2, 0x18ff2005, 0x841c7985, 0x82358621, 0x8229200b, 0x23028603, 0xb9ffbeff, 0xff233b89, 0x8a0000d7, 0x83dc200d, 
    0xe9ff2124, 0x03890583, 0x4789ff20, 0xff201488, 0xff232982, 0x590000ac, 0x219305ad, 0x86182a87, 0x1a8412e3, 0x84cdff21, 0xff002206, 0x230785b6, 
    0x25ffa3fe, 0x91543388, 0x0000220e, 0x211b82ff, 0x0782dbff, 0x33871990, 0xff230783, 0x6c00009c, 0xff21095d, 0x0d3d4bc6, 0x03992183, 0x23857d89, 
    0x0d859f87, 0x218f0583, 0x03851383, 0x8280ff21, 0xfe8c286b, 0xff0d00e8, 0x82afff8c, 0x000d2413, 0x4473ff00, 0x118f11cd, 0x39820f8f, 0xff210284, 
    0x44199100, 0x21910fad, 0x00920020, 0x8f112955, 0x11bb4724, 0x594f5985, 0x0d0f4a05, 0x8f078362, 0x200fa343, 0x0c3966fe, 0x9da13185, 0x05c72785, 
    0x48051345, 0x65a517c5, 0x49913d8b, 0xa5217545, 0x5c25a965, 0x5f4705f7, 0x70ff200d, 0x45a9060b, 0xfe232989, 0x8952ffd2, 0x4209850d, 0x2b85256b, 
    0xff2105c3, 0x6d4583bf, 0x00210bd9, 0x83d3bb00, 0xa303404d, 0x8e14e155, 0x05e74fb8, 0x870f0d44, 0x092f6624, 0x07831187, 0x63729542, 0xb783403d, 
    0x27200384, 0x04ce0584, 0x741fdd63, 0xac973d2b, 0x62418741, 0xb950142f, 0x237e940f, 0x3effddff, 0x14b21894, 0x850d6d44, 0x47dbae40, 0x3d8508eb, 
    0x252305b0, 0xb100f5ff, 0xb01b2043, 0x4130cb67, 0x70cb24a7, 0x83414be2, 0x43734720, 0x7347c78b, 0x401d8b11, 0xcb45890b, 0x89ad4023, 0xe9478987, 
    0xd577876f, 0x79ff2307, 0x59837dff, 0xffaeff23, 0x2309837d, 0x000083ff, 0x15831185, 0x1d870393, 0x88202984, 0x79562194, 0x524d820a, 0x31930ecf, 
    0x878b1395, 0x8509594f, 0x85a39d2b, 0x65002023, 0x7f450e4d, 0x11af570b, 0x86051b54, 0x8a064039, 0x6905c150, 0xf2406167, 0x778aa98a, 0xc093967b, 
    0x9311c55c, 0x5e138225, 0x23822033, 0x21b80240, 0xba8cf9ff, 0x0d821920, 0x06820383, 0xb76102d0, 0x665f930e, 0x51933deb, 0x41ee1340, 0x0e201dbb, 
    0x60240d41, 0x359d1059, 0x9d113165, 0x1d00102f, 0x0d6a4801, 0x0f5b4112, 0x2111e14c, 0x874f80ff, 0x403b8f17, 0xd389970f, 0x2208ef61, 0x87f5fe46, 
    0x0b1b54ad, 0xff231f85, 0x59000080, 0xf1450505, 0x11314123, 0x07975987, 0x9f171154, 0x78874149, 0xc9972e20, 0xff2117e1, 0x18639975, 0x210963a9, 
    0x259939ff, 0xa74119d1, 0xff71d11f, 0x98b14551, 0x27429f46, 0x0000c6ff, 0x6ffff5ff, 0x135a0582, 0x82ff2008, 0x0b597a09, 0x41157154, 0x45181595, 
    0x479531f9, 0xff2515bb, 0x00eeff89, 0x49aa1800, 0x76ff210d, 0x3b4051bb, 0x8fff2181, 0x3c208386, 0x86151b4e, 0x8806ba15, 0x8243ba61, 0x829f873a, 
    0x2002eb0a, 0x0aab7fff, 0x03207782, 0x02a40382, 0x8421835f, 0x8a142021, 0x8a36204c, 0x200a850b, 0x89068517, 0x119d4f05, 0x09a11b89, 0xb3643d83, 
    0xf039a113, 0xf0662021, 0xe070ad71, 0x05cd489f, 0x49cd1347, 0x7a4117a1, 0x182dd52d, 0xd545034d, 0x2055a69b, 0x1a235145, 0x1b825120, 0xf7710383, 
    0x0d555111, 0x43660d87, 0x0000220b, 0x853d8645, 0x0074241d, 0x770d0110, 0xf9710b35, 0x86248206, 0x005d2202, 0x89098622, 0x223b8506, 0x89400000, 
    0x20098212, 0x205b845d, 0x584d8600, 0x0d8c0de5, 0x22570943, 0xc40080ff, 0x189fb100, 0x18135940, 0xc4299740, 0x1844c9b4, 0x4209e5b1, 0x61b80d4f, 
    0x4d18ff20, 0x45b80b61, 0x48cd3840, 0xef992153, 0x991adb76, 0x21199e34, 0x209ee5ff, 0xad181e8c, 0xa572095b, 0x54308b19, 0x4f760683, 0x062d7105, 
    0x22098d49, 0x5d00cbff, 0x31492491, 0x051f5c2b, 0x5c08b764, 0x2344089f, 0x11096521, 0x0b84c98b, 0x840ccd44, 0x44048e11, 0x97721341, 0x7930830d, 
    0x2f832b23, 0x676903ea, 0x133d456c, 0xff21eb99, 0x211b87c3, 0x0987b2ff, 0x0a200782, 0x02d60382, 0x528cff21, 0x26200e57, 0xdd6468d6, 0xa1ff2158, 
    0x57edb1d7, 0xaa229b43, 0x20c34a90, 0x2f001022, 0x2abc4eaa, 0xb31bd375, 0x139b6358, 0x33ba47b3, 0x1c4b5518, 0x55185798, 0x3a98214b, 0x79451883, 
    0xa6178313, 0x20d94503, 0x26b847a6, 0x9a449f46, 0x0d1f417d, 0x369a0d8d, 0xff211aa8, 0x202a8cdf, 0x27994515, 0x830c0b6f, 0x92388235, 0x841a2002, 
    0x05eb4513, 0x2311f145, 0x000b001a, 0x3a843b99, 0x357f4f18, 0x04403a84, 0x98ff2780, 0x000098ff, 0x038223ff, 0x8c87a320, 0x46afff21, 0x18820e9b, 
    0x0f8a118f, 0x440ca578, 0x5d831323, 0x07835b87, 0x13834b8f, 0xff25038d, 0xff0000de, 0xa4138de0, 0x7155180d, 0xa12ea409, 0x11cd4224, 0x45a11191, 
    0xc54b21ab, 0x1bc14a2f, 0xab2ba570, 0x5b2bbfa3, 0xce200cfd, 0x10204dae, 0x09892f88, 0xe7441284, 0xbb268421, 0x33fd7b04, 0xff216fb8, 0x203a8cf8, 
    0x900d8c0f, 0xcd5b180c, 0xc75b1809, 0x0000220a, 0x8628901e, 0xd4ff2110, 0x06830886, 0x04830a20, 0x74000021, 0xff210959, 0x253f4dd1, 0x05e13785, 
    0xe10ccb45, 0x7461ac6e, 0x44ac1787, 0x4f8e2c40, 0xb4912583, 0x2121b35c, 0x3582d2ff, 0x03821320, 0x1d8a0299, 0x99218b76, 0xe119a546, 0xb587a561, 
    0x0fba1825, 0x8380b54a, 0x00022635, 0x00020099, 0x380a8297, 0x00c800a1, 0x00ca0096, 0x01be00ea, 0x00d4010a, 0x02d601df, 0x02aa0155, 0x22018257, 
    0x8259022a, 0x022b3c01, 0x0263025b, 0x0266022c, 0x02350285, 0x02890287, 0x028b0255, 0x0258028d, 0x829b028f, 0x9e32081b, 0x6802cd02, 0xd702cf02, 
    0xd9029802, 0xa102f302, 0xfc02f502, 0xfe02bc02, 0xc4020703, 0x0a030903, 0x0c03ce02, 0xd0021403, 0x48031603, 0x4a03d902, 0x0f826403, 0x7703673a, 
    0x79032703, 0x38037b03, 0xb4037d03, 0xd4033b03, 0x7303d903, 0xf803db03, 0x170a1582, 0x030804fc, 0x040a0497, 0x04a4030e, 0x03100410, 0x042b04a9, 
    0x04aa0330, 0x033b0432, 0x043d04b0, 0x04ba033d, 0x034a0440, 0x044d04bb, 0x04c6034e, 0x03730452, 0x047504c8, 0x04ea0375, 0x039c049c, 0x049e04eb, 
    0x04ec039e, 0x03a604a1, 0x04a804ed, 0x04f303b3, 0x03e404b5, 0x05e604ff, 0x052f0414, 0x041a0516, 0x051c055e, 0x0563041e, 0x04270527, 0x052f0566, 
    0x05670431, 0x04340534, 0x0538056a, 0x056b0438, 0x043e053b, 0x0541056c, 0x05700441, 0x04490546, 0x054b0571, 0x0575044b, 0x044e054d, 0x056a0576, 
    0x0578046a, 0x046c056c, 0x056e0579, 0x057a046e, 0x04710571, 0x0582057b, 0x057c048d, 0x04970597, 0x059a0588, 0x0589049f, 0x04a105a1, 0x05a3058f, 
    0x059004a6, 0x04a805a8, 0x05aa0594, 0x059504aa, 0x04b005af, 0x05b20596, 0x059804b3, 0x04bd05b8, 0x05bf059a, 0x05a004bf, 0x04c405c3, 0x05ca05a1, 
    0x05a304d1, 0x04d605d6, 0x05dd05ab, 0x05ac04df, 0x04e105e1, 0x05e405af, 0x05b004e6, 0x04eb05e8, 0x05ee05b3, 0x05b704f8, 0x040506fb, 0x060806c2, 
    0x06cd040e, 0x04110610, 0x061706d4, 0x06d6041d, 0x042d0628, 0x062f06dd, 0x06e30432, 0x04380635, 0x063a06e7, 0x06eb0440, 0x04440643, 0x064d06f2, 
    0x06f4044d, 0x04510651, 0x065306f5, 0x06f60453, 0x047c0655, 0x067f06f7, 0x061f0583, 0x05880686, 0x06b00624, 0x072705b0, 0x050c0708, 0x07200728, 
    0x072d0524, 0x05350735, 0x07390732, 0x07330539, 0x0543073c, 0x07570734, 0x073c0558, 0x055e075e, 0x07ea073e, 0x073f05ea, 0x05f807ec, 0x08fa0740, 
    0x084d0500, 0x05480803, 0x084e0854, 0x089a059f, 0x05a508a1, 0x08af08ec, 0x08f105b2, 0x05b508b4, 0x08bb08f5, 0x08f705bb, 0x05c208be, 0x08c408f8, 
    0x08fd05c9, 0x06d108cb, 0x08d30803, 0x080a06d5, 0x06ec08eb, 0x0900090d, 0x090f0600, 0x060e0902, 0x09100910, 0xf708d982, 0x1c091c09, 0x20092506, 
    0x26062009, 0x29092909, 0x36092706, 0x28063609, 0x40094009, 0x45092906, 0x2a064509, 0x47094709, 0x52092b06, 0x2c065409, 0x5b095b09, 0x5e092f06, 
    0x30065e09, 0x70096f09, 0x72093106, 0x33067209, 0x85097d09, 0x87093406, 0x3d068c09, 0x8f098f09, 0x91094306, 0x44069109, 0x97099309, 0x99094506, 
    0x4a069a09, 0x9e099d09, 0xa3094c06, 0x4e06a309, 0xab09a509, 0xad094f06, 0x5606ae09, 0xb409b409, 0xb6095806, 0x5906ba09, 0xbe09bc09, 0xc1095e06, 
    0x6106cb09, 0xd109d109, 0xd6096c06, 0x6d06d609, 0xf409e909, 0xf8096e06, 0x7a06f809, 0x170a170a, 0x280a7b06, 0x7c06290a, 0x340a330a, 0x400b7e06, 
    0x8006400b, 0x4a0b4a0b, 0x4c0b8106, 0x82064c0b, 0x530b520b, 0x02008306, 0x0200f901, 0x05004000, 0x48004100, 0x49000100, 0x04005300, 0x79005400, 
    0x7b220b82, 0x05827b00, 0x89008422, 0x8a260582, 0x1c008a00, 0x01828b00, 0x8d000124, 0x23829700, 0xc600a122, 0xc7281782, 0x1700c800, 0xcc00ca00, 
    0xcd220b82, 0x0b82d000, 0xd300d122, 0xd4220b82, 0x0b82d500, 0xd900d622, 0xdb220b82, 0x0b82db00, 0xe500e422, 0xe8220582, 0x1182e800, 0xe900e922, 
    0xea2e0b82, 0x0100ea00, 0x0e010a01, 0x0f012a00, 0x0b821401, 0x15011528, 0x16010f00, 0x0b823501, 0x36013628, 0x37011c00, 0x0b824001, 0x76014128, 
    0x77010400, 0x0b827d01, 0x7f017e22, 0x802e0b82, 0x01008901, 0x8b018a01, 0x8c011500, 0x0b828c01, 0x99018d28, 0x9a011300, 0x0b829a01, 0xa3019b22, 
    0xa5224782, 0x0582a701, 0x01a82008, 0x010900c7, 0x00ca01c8, 0x01cb011d, 0x012200d1, 0x00d701d2, 0x01d80114, 0x010e00e6, 0x82ec01eb, 0x01ef2205, 
    0x340582ef, 0x00fa01f0, 0x02fb011a, 0x0207001a, 0x001b021b, 0x021c0203, 0x2e0b8222, 0x00410223, 0x02420202, 0x02010042, 0x82490244, 0x024a2205, 
    0x28118264, 0x00650265, 0x02660233, 0x280b8285, 0x00870287, 0x0288022c, 0x221d8288, 0x82890289, 0x028a220b, 0x220b828d, 0x828f028f, 0x02902205, 
    0x22118291, 0x829b0292, 0x029e2229, 0x2e1182a4, 0x00a502a5, 0x02a60208, 0x020600a7, 0x82b002a8, 0x02b12e11, 0x021100b3, 0x00b602b4, 0x02b70223, 
    0x220b82b8, 0x82b902b9, 0x02ba221d, 0x220b82bc, 0x82be02bd, 0x02bf2217, 0x280b82c1, 0x00c202c2, 0x02c3025b, 0x221182c3, 0x82c602c4, 0x02c72811, 
    0x021c00c8, 0x82ca02c9, 0x02cb222f, 0x221182cb, 0x82cc02cc, 0x02cd221d, 0x220b82cd, 0x82cf02cf, 0x02d2221d, 0x220582d5, 0x82d702d6, 0x02d9226b, 
    0x280582dd, 0x00de02de, 0x02df021f, 0x220b82e4, 0x82e502e5, 0x02e6223b, 0x220b82ef, 0x82f302f0, 0x02f4220b, 0x2e0b82fc, 0x00ff02fe, 0x03000303, 
    0x03080001, 0x82090302, 0x030a280b, 0x031c000a, 0x8214030b, 0x0316280b, 0x0302004a, 0x824c034b, 0x034d280b, 0x0301004d, 0x8250034e, 0x0351220b, 
    0x22178252, 0x82560353, 0x0359280b, 0x03060059, 0x8264035a, 0x0367280b, 0x030c0075, 0x82770376, 0x03792229, 0x2217827b, 0x8288037d, 0x03892205, 
    0x22118292, 0x82960393, 0x03972865, 0x035e0097, 0x82b30398, 0x03b4220b, 0x2e3582b4, 0x00d403d4, 0x03d5030a, 0x030500d5, 0x82d703d6, 0x03d8280b, 
    0x032100d9, 0x82e003db, 0x03e12805, 0x031f00e4, 0x82f703e5, 0x03f82217, 0x222382f8, 0x82fd03fc, 0x04fe3a0b, 0x041b0008, 0x000a0409, 0x040b0401, 
    0x0424000b, 0x000c040c, 0x040e0404, 0x2211820e, 0x82100410, 0x04122e0b, 0x044c0012, 0x002b042b, 0x042c041d, 0x3417822d, 0x002f042f, 0x04300434, 
    0x04140030, 0x00320432, 0x0433044d, 0x22178235, 0x82360436, 0x04372217, 0x22358237, 0x82380438, 0x04392211, 0x22358239, 0x823a043a, 0x043b2211, 
    0x2811823b, 0x003c043c, 0x0440040f, 0x220b8240, 0x82410441, 0x0442220b, 0x220b8243, 0x82440444, 0x0445220b, 0x220b8246, 0x82470447, 0x04482247, 
    0x220b8248, 0x82490449, 0x044a223b, 0x220b824a, 0x824d044c, 0x044e2205, 0x2211824e, 0x82530453, 0x04542259, 0x08358254, 0x6f045526, 0x70040200, 
    0x03007004, 0x71047104, 0x72045900, 0x3c007204, 0x73047304, 0x74040c00, 0x1e007404, 0x75047504, 0x76220b82, 0x0b828004, 0x81048128, 0x82046900, 
    0x2f829904, 0x9c049c28, 0x9e041600, 0x05829e04, 0xa604a122, 0xa8220582, 0x0582ac04, 0xad04ad2e, 0xaf044300, 0x0600af04, 0xb304b004, 0xb4222982, 
    0x5382b404, 0xb504b522, 0xb6226b82, 0x1782b604, 0xc804b722, 0xc9221782, 0x1182ca04, 0xcb04cb3a, 0xcc046000, 0x0d00e304, 0xe404e404, 0xe5040a00, 
    0x4f00e504, 0xe804e604, 0xe9222382, 0x2f82e904, 0xea04ea2e, 0xeb042b00, 0x1f00ec04, 0xed04ed04, 0xee223582, 0x1d82f304, 0xf404f422, 0xf5221d82, 
    0x1d82f704, 0xff04f83a, 0x00050300, 0x06000005, 0x01050105, 0x02050200, 0x1f000305, 0x04050405, 0x05341782, 0x08000505, 0x06050605, 0x07055100, 
    0x07000805, 0x0b050905, 0x0c221782, 0x2f820c05, 0x0d050d28, 0x0e051100, 0x0b820f05, 0x10051028, 0x11052b00, 0x1d821105, 0x12051222, 0x13224782, 
    0x0b821305, 0x14051428, 0x15050c00, 0x0b821605, 0x18051722, 0x19221782, 0x2f821b05, 0x051c2008, 0x050a001c, 0x001d051d, 0x051e0552, 0x0533001e, 
    0x00270527, 0x052f0515, 0x05250031, 0x82380538, 0x053b220b, 0x3a05823c, 0x003d053d, 0x053e053a, 0x0546003e, 0x00410541, 0x05420549, 0x053d0042, 
    0x82450545, 0x05462e17, 0x05620046, 0x00470547, 0x05490553, 0x22118249, 0x824a054a, 0x054b2229, 0x2229824b, 0x824c054c, 0x054d3429, 0x0564004d, 
    0x004e054e, 0x056b0545, 0x0527006b, 0x826d056d, 0x056f2205, 0x2e05826f, 0x00710571, 0x05820510, 0x05120085, 0x82870586, 0x0588280b, 0x05190088, 
    0x82890589, 0x058a220b, 0x2217828b, 0x828c058c, 0x058d220b, 0x3417828d, 0x00920592, 0x05970556, 0x05390097, 0x009a059a, 0x059b0542, 0x220b829b, 
    0x829c059c, 0x059d2e0b, 0x0536009d, 0x009e059e, 0x059f0537, 0x220b829f, 0x82a105a1, 0x05a3220b, 0x220b82a3, 0x82a405a4, 0x05a5220b, 0x22e382a5, 
    0x82a705a7, 0x05a9227d, 0x220582a9, 0x82ab05ab, 0x05af2805, 0x056500af, 0x82b005b0, 0x05b228f5, 0x054e00b2, 0x82b305b3, 0x05b82277, 0x287782bc, 
    0x00bd05bd, 0x05bf0550, 0x221182bf, 0x82c405c3, 0x05ca3411, 0x053200ca, 0x00cb05cb, 0x05cc052d, 0x052e00cd, 0x82ce05ce, 0x05cf2211, 0x281182cf, 
    0x00d105d0, 0x05d60529, 0x2e0b82d6, 0x00df05dd, 0x05e10526, 0x052000e4, 0x82e505e5, 0x05e62241, 0x2e2f82e6, 0x00e805e8, 0x05e90540, 0x054100e9, 
    0x82ea05ea, 0x05eb220b, 0x220b82eb, 0x82f105ee, 0x05f222f5, 0x222982f3, 0x82f405f4, 0x05f5226b, 0x220b82f5, 0x82f705f6, 0x05f82217, 0x220b82f8, 
    0x82fe05fb, 0x06ff2e0b, 0x06100000, 0x00010601, 0x06020619, 0x280b8202, 0x00040603, 0x06050612, 0x2e0b8206, 0x00090608, 0x060a0638, 0x0635000b, 
    0x820c060c, 0x060d2e23, 0x0647000d, 0x000e060e, 0x06100625, 0x220b8210, 0x82110611, 0x06172223, 0x08238217, 0x1b06182c, 0x1c063000, 0x45001c06, 
    0x1d061d06, 0x23061500, 0x5c002306, 0x28062806, 0x29062f00, 0x28002b06, 0x2c062c06, 0x2d065700, 0x0b822d06, 0x2e062e22, 0x2f2e1782, 0x5a002f06, 
    0x30063006, 0x31065d00, 0x11823206, 0x34063328, 0x35063100, 0x23823506, 0x36063622, 0x37220b82, 0x0b823706, 0x38063822, 0x20080b82, 0x00390639, 
    0x063a0661, 0x0666003a, 0x003c063c, 0x063d064a, 0x0667003d, 0x003e063e, 0x063f0668, 0x2e11823f, 0x00490648, 0x0652063f, 0x063b0052, 0x82540654, 
    0x55200805, 0x44005606, 0x57065706, 0x59065500, 0x0b007106, 0x77067206, 0x79061800, 0x3e007a06, 0x7c067c06, 0x7e280b82, 0x63007e06, 0x83067f06, 
    0x86220b82, 0x05828806, 0x06892608, 0x06580089, 0x00b006b0, 0x07010754, 0x07150001, 0x000f070d, 0x07100710, 0x07120011, 0x00350735, 0x07390724, 
    0x22058239, 0x823c073c, 0x073d2805, 0x0725003e, 0x8243073f, 0x07572829, 0x075f0057, 0x825e075e, 0x07ea340b, 0x070400ea, 0x00ef07ec, 0x07f00701, 
    0x071300f0, 0x82f307f1, 0x07f4340b, 0x070300f5, 0x00f607f6, 0x07f7070c, 0x070600f7, 0x82f807f8, 0xfa3e0817, 0x2600fa07, 0xfc07fb07, 0xfd072000, 
    0x3200fd07, 0xfe07fe07, 0xff072d00, 0x3200ff07, 0x00080008, 0x03082d00, 0x29000408, 0x0a080508, 0x0b080500, 0x01000c08, 0x0d080d08, 0x0e080400, 
    0x0b821408, 0x15081522, 0x16220b82, 0x0b821808, 0x1a081928, 0x1b081700, 0x0b822308, 0x2a082422, 0x2b221782, 0x0b822e08, 0x082f3808, 0x08130032, 
    0x00340833, 0x0835080f, 0x0809003d, 0x003e083e, 0x083f081d, 0x08220041, 0x00430842, 0x08440814, 0x080e0046, 0x00480847, 0x084e081a, 0x08070053, 
    0x82550854, 0x08562e3b, 0x0802005c, 0x005d085d, 0x085e082c, 0x220b825e, 0x8261085f, 0x08622e17, 0x08110062, 0x00640863, 0x08650823, 0x2e0b8266, 
    0x00670867, 0x0868081c, 0x08060068, 0x826c0869, 0x086d2823, 0x08030070, 0x82770871, 0x08782235, 0x280b827b, 0x0080087c, 0x0881080c, 0x3a238283, 
    0x008c0884, 0x088d0808, 0x080a008d, 0x0090088e, 0x08910821, 0x081f0092, 0x82950893, 0x08962811, 0x081b0097, 0x829d0898, 0x089e223b, 0x225f829e, 
    0x82a5089f, 0x08af2253, 0x220582af, 0x82b008b0, 0x08b122e9, 0x22e382b1, 0x82b208b2, 0x08b422bf, 0x221782b4, 0x82b508b5, 0x08bb2211, 0x223582bb, 
    0x82be08be, 0x08bf2271, 0x220b82c0, 0x82c208c2, 0x08c4280b, 0x081600c4, 0x82c608c5, 0x08c7220b, 0x220b82c8, 0x82c908c9, 0x08cb220b, 0x340582cb, 
    0x00cc08cc, 0x08cd082e, 0x082600ce, 0x00d008cf, 0x08d10820, 0x2e0b82d1, 0x00d308d3, 0x08d40839, 0x081000d4, 0x82d508d5, 0x08d72217, 0x2e0582d7, 
    0x00ec08ec, 0x09000901, 0x09040000, 0x82050902, 0x0906280b, 0x09130006, 0x82090907, 0x090a340b, 0x0903000b, 0x000c090c, 0x090d090c, 0x0906000d, 
    0x820e090e, 0x09102e17, 0x09290011, 0x00130913, 0x09150948, 0x2e058215, 0x001c091c, 0x0929094b, 0x090f0029, 0x82360936, 0x093d2e23, 0x091c003d, 
    0x00410940, 0x09420902, 0x223b8243, 0x82470947, 0x09522217, 0x28538252, 0x00530953, 0x09540943, 0x22118254, 0x825b095b, 0x095e221d, 0x2805825e, 
    0x006f096f, 0x09700905, 0x22238270, 0x82720972, 0x097d2211, 0x2223827e, 0x82830981, 0x09842205, 0x22a78284, 0x82850985, 0x09872865, 0x09140087, 
    0x82880988, 0x098a2217, 0x2205828a, 0x828b098b, 0x098c223b, 0x220b828c, 0x828f098e, 0x09912805, 0x091d0091, 0x82920992, 0x09942235, 0x22058294, 
    0x82950995, 0x0996283b, 0x090e0097, 0x82990999, 0x099a2223, 0x2247829a, 0x829d099d, 0x099e221d, 0x220b829e, 0x82a309a3, 0x09a62205, 0x228382a7, 
    0x82a809a8, 0x09a92283, 0x220b82ab, 0x82ad09ad, 0x09ae2205, 0x286582ae, 0x00b409b4, 0x09b6090a, 0x22dd82b6, 0x82b709b7, 0x09b82223, 0x221182b9, 
    0x82be09bd, 0x09c12211, 0x222982c2, 0x82c509c3, 0x09c7220b, 0x280b82c7, 0x00c809c8, 0x09c9091f, 0x221182c9, 0x82cb09ca, 0x09d12277, 0x222f82d1, 
    0x82d609d5, 0x09dd221d, 0x221782dd, 0x82ec09e9, 0x09ed2217, 0x22b382f0, 0x82f109f1, 0x09f2220b, 0x088982f4, 0xf809f852, 0x170a0100, 0x2000170a, 
    0x290a280a, 0x330a2400, 0x1900340a, 0x400b400b, 0x4a0b2400, 0x33004a0b, 0x4c0b4c0b, 0x520b0800, 0x1500520b, 0x530b530b, 0x02000100, 0x02002102, 
    0x05003c00, 0x40003d00, 0x41000700, 0x15004800, 0x51004900, 0x52001e00, 0x04220182, 0x01825300, 0x54001e30, 0x04005c00, 0x5e005d00, 0x5f001600, 
    0x29827900, 0x88007b22, 0x892c0582, 0x34008b00, 0x96008d00, 0x97002200, 0x17280182, 0xac00ab00, 0xad000600, 0x0d220182, 0x0182ae00, 0xc700032a, 
    0x1d00c800, 0xd000cd00, 0xd4220582, 0x0582d500, 0xdb00db22, 0xe4220582, 0x0582e500, 0x00e92008, 0x011d00e9, 0x000e010a, 0x010f0108, 0x01180018, 
    0x00220119, 0x0123011f, 0x01090023, 0x82400140, 0x01412e05, 0x01040044, 0x00450145, 0x0146015b, 0x2e0b8275, 0x00760176, 0x01770107, 0x012b007d, 
    0x827e017e, 0x017f3411, 0x0125007f, 0x00890180, 0x018a0117, 0x0149008b, 0x828c018c, 0x018d2e0b, 0x01140098, 0x00990199, 0x019a0115, 0x280b829a, 
    0x00a7019b, 0x01a8010d, 0x287182a8, 0x00a901a9, 0x01aa015c, 0x280b82c1, 0x00c601c2, 0x01c70131, 0x340b82c7, 0x00ca01c8, 0x01cb012a, 0x012900d1, 
    0x00d401d2, 0x01d6011c, 0x3a0582d7, 0x00ef01d8, 0x01f0010c, 0x012300fa, 0x001a02fb, 0x021b0202, 0x022d001b, 0x821e021c, 0x021f220b, 0x280b8222, 
    0x002c0223, 0x022e0203, 0x2205822f, 0x82410231, 0x02423a05, 0x02010054, 0x00570257, 0x025b0225, 0x0260005b, 0x00630261, 0x02660216, 0x28178285, 
    0x00890287, 0x028b0224, 0x2205828b, 0x828c028c, 0x028d2847, 0x0247008d, 0x828f028f, 0x02902205, 0x22178290, 0x82910291, 0x02922817, 0x02210092, 
    0x82930293, 0x02942211, 0x220b829b, 0x82a3029e, 0x02a42217, 0x226582a4, 0x82a602a5, 0x02a72211, 0x226582a7, 0x82b002a8, 0x02b12e17, 0x020900b3, 
    0x00b602b4, 0x02b7022c, 0x4c0b82b8, 0x0924092d, 0xbe02bd02, 0xbf221782, 0x1782c202, 0xc302c322, 0xc4220b82, 0x0b82c702, 0x214cc820, 0x02092408, 
    0x82cc02cc, 0x02cd2217, 0x221782cd, 0x82d602cf, 0x02d72805, 0x021a00d7, 0x82dd02d9, 0x02de2205, 0x226582de, 0x82df02df, 0x02e4220b, 0x217782e4, 
    0x214c02e5, 0x82e62005, 0xef20080b, 0x3700ef02, 0xf302f002, 0xfe020600, 0x0200ff02, 0x00030003, 0x01030300, 0x21000103, 0x06030203, 0x072e1182, 
    0x25000703, 0x09030903, 0x0a030600, 0x11820a03, 0x13030c22, 0x14340582, 0x09001403, 0x19031603, 0x1a030100, 0x6b001a03, 0x48031b03, 0x4a280b82, 
    0x24004a03, 0x50034b03, 0x51220b82, 0x47825103, 0x52035222, 0x53221182, 0x47825303, 0x56035428, 0x57030a00, 0x41825703, 0x58035822, 0x59221182, 
    0x0b825903, 0x64035a22, 0x67341782, 0x10007503, 0x77037603, 0x79031500, 0x06007a03, 0x7b037b03, 0x7d222382, 0x0b827d03, 0x7e037e28, 0x7f032d00, 
    0x0b829203, 0x95039322, 0x962ea782, 0x59009603, 0x97039703, 0x98036900, 0x1182b003, 0xb103b122, 0xb2201182, 0x20086f4c, 0x0a6f4c0b, 0xd8030b2a, 
    0x2800d903, 0xe003db03, 0xe1280582, 0x2700e403, 0xe503e503, 0xe6285f82, 0x0b00e703, 0xe803e803, 0xe922a782, 0x0b82f703, 0xf803f822, 0xfc220b82, 
    0x0b82fd03, 0x0104fe2e, 0x02041600, 0x25000204, 0x08040304, 0x0a2b0b82, 0x0d000a04, 0x0b040b04, 0x4c043000, 0x0d3a058d, 0x07000d04, 0x10041004, 
    0x2b040400, 0x2a002b04, 0x2c042c04, 0x2d041500, 0x29822e04, 0x2f042f3a, 0x30043f00, 0x1c003004, 0x32043204, 0x33043e00, 0x18003404, 0x35043504, 
    0x8d4c2382, 0x04392505, 0x040c0039, 0x2a09874c, 0x0440043f, 0x04020041, 0x82430443, 0x0444263b, 0x04010044, 0x0e6f4c46, 0x4d045d22, 0x24086f4c, 
    0x0452045e, 0x22598252, 0x82530453, 0x0454227d, 0x282f8255, 0x006f0456, 0x0470040f, 0x34658270, 0x00710471, 0x04720466, 0x04610072, 0x00730473, 
    0x04750410, 0x28238275, 0x009c049c, 0x049e041b, 0x2205829e, 0x82a604a1, 0x04a82205, 0x2a0582ac, 0x00ad04ad, 0x04ae0405, 0x4c7900ae, 0x01270a63, 
    0xb604b504, 0x4c040a00, 0x01360957, 0xcb04cb04, 0xcc046e00, 0x1100e304, 0xe404e404, 0xe6040b00, 0x5f82e604, 0xe904e722, 0xea2e2982, 0x3700ea04, 
    0xec04eb04, 0xed042700, 0xd182ee04, 0xef04ef2e, 0xf0040600, 0x1a00f004, 0xf104f104, 0xf2221182, 0x0b82f404, 0xf504f522, 0xf6220b82, 0x1d82f704, 
    0xf804f822, 0xf9220b82, 0x0b82f904, 0xfa04fa22, 0xfb220b82, 0x0b82fb04, 0xfc04fc22, 0xfd225382, 0x1182fd04, 0xfe04fe22, 0xff3d1182, 0x0200ff04, 
    0x00050005, 0x01050a00, 0x01000105, 0x03050205, 0x04052700, 0x37000405, 0x25008205, 0x06050300, 0x23820605, 0x07050728, 0x08050600, 0x0b820905, 
    0x0a050a22, 0x0b2e1d82, 0x38000c05, 0x0d050d05, 0x0e050900, 0x3b820f05, 0x11051022, 0x12221182, 0x0b821305, 0x14051422, 0x16222982, 0x11821605, 
    0x17051722, 0x18281182, 0x2d001805, 0x19051905, 0x1a223b82, 0x11821a05, 0x051c2608, 0x050b001c, 0x001d051d, 0x051e0562, 0x0540001e, 0x00270527, 
    0x052f056d, 0x0567002f, 0x00310530, 0x0534054d, 0x08178234, 0x38053826, 0x3b057000, 0x4b003c05, 0x3d053d05, 0x3e054800, 0x26003e05, 0x41054105, 
    0x46054500, 0x71004605, 0x47054705, 0x48220b82, 0x1d824905, 0x4b054b22, 0x4d2b0b82, 0x73004d05, 0x4e054e05, 0x82056a00, 0x32002501, 0x6c056c05, 
    0x6e220582, 0x05826e05, 0x7105712e, 0x82051200, 0x13008505, 0x87058605, 0x88280b82, 0x20008805, 0x89058905, 0x8a220b82, 0x17828b05, 0x8c058c22, 
    0x8d200b82, 0x08799d18, 0x9a054630, 0x54009a05, 0x9b059b05, 0x9c054600, 0x0b829c05, 0x9d059d2e, 0x9e054200, 0x43009e05, 0x9f059f05, 0xa1220b82, 
    0x0b82a105, 0xa305a322, 0xa4220b82, 0x0b82a405, 0xa505a528, 0xa6053500, 0x7782a605, 0xa805a822, 0xaa220582, 0x0582aa05, 0xaf05af28, 0xb0057400, 
    0xcb82b005, 0xb205b228, 0xb3053000, 0x7182b305, 0xbb05b822, 0xbc288982, 0x5f00bc05, 0xbd05bd05, 0xbf220b82, 0x1782bf05, 0xc405c322, 0xca340b82, 
    0x3c00ca05, 0xcb05cb05, 0xcc053900, 0x3a00cd05, 0xce05ce05, 0xcf221182, 0x1182cf05, 0xd105d028, 0xd6053300, 0x0b82d605, 0xdf05dd2e, 0xe1052f00, 
    0x2e00e105, 0xe405e405, 0xe5280582, 0x1200e505, 0xe605e605, 0xe82e3582, 0x5100e805, 0xe905e905, 0xea055200, 0x0b82ea05, 0xeb05eb22, 0xee220b82, 
    0xfb82f105, 0xf305f222, 0xf4222982, 0x7182f405, 0xf505f522, 0xf6220b82, 0x1782f705, 0xf805f822, 0xfb220b82, 0x0b82fe05, 0x0006ff2e, 0x01061200, 
    0x20000106, 0x02060206, 0x03280b82, 0x13000406, 0x05060506, 0x082e0b82, 0x44000906, 0x0b060a06, 0x0c064100, 0x23820c06, 0x0d060d2e, 0x0e065700, 
    0x35000e06, 0x10061006, 0x11220b82, 0x23821106, 0x17061722, 0x20082382, 0x001b0618, 0x061c063b, 0x0626001c, 0x001d061d, 0x0628066c, 0x06360029, 
    0x002a062a, 0x062b064e, 0x3a0b822b, 0x002c062c, 0x062d0665, 0x0650002d, 0x0030062f, 0x06310653, 0x06680031, 0x82320632, 0x06352223, 0x22238236, 
    0x82370637, 0x3826081d, 0x6f003806, 0x3a063a06, 0x3b067500, 0x76003b06, 0x3c063c06, 0x3d065a00, 0x77003d06, 0x3e063e06, 0x3f067800, 0x11823f06, 
    0x4006403a, 0x43067a00, 0x56004406, 0x4d064d06, 0x51067200, 0x4c005106, 0x53065306, 0x20080582, 0x00560655, 0x06570655, 0x06640057, 0x00710658, 
    0x0672060e, 0x06190077, 0x00780678, 0x0679064f, 0x220b827a, 0x827b067b, 0x067c220b, 0x220b827c, 0x8283067f, 0x06862205, 0x34058288, 0x00b006b0, 
    0x07080763, 0x0712000a, 0x000c070b, 0x07200713, 0x220b8222, 0x82240723, 0x0735280b, 0x07300035, 0x82390739, 0x073c2205, 0x3405823c, 0x003e073d, 
    0x073f0735, 0x07260043, 0x00580757, 0x075e074a, 0x080b825e, 0xea07ea64, 0xec072200, 0x1800ec07, 0xed07ed07, 0xef071f00, 0x1700ef07, 0xf007f007, 
    0xf1071400, 0x1a00f107, 0xf407f407, 0xf5070200, 0x0a00f507, 0xf607f607, 0xf7071000, 0x0600f807, 0xfa07fa07, 0xfb072f00, 0x2e00fc07, 0xfd07fd07, 
    0xfe073c00, 0x3900fe07, 0xff07ff07, 0x00083c00, 0x39000008, 0x04080308, 0x994c3300, 0x1525080a, 0x0d080d08, 0x0e081e00, 0x04000f08, 0x13081008, 
    0x14080700, 0x34001408, 0x15081508, 0x19082200, 0x1d001a08, 0x28018208, 0x1e081800, 0x1f001f08, 0x07a54c08, 0x002b2408, 0x082c082b, 0x0817002e, 
    0x0032082f, 0x08330814, 0x080d0034, 0x003b0835, 0x083c0808, 0x0831003c, 0x823d083d, 0x3e2c080b, 0x2a003e08, 0x41083f08, 0x42082900, 0x1c004308, 
    0x46084408, 0x47080c00, 0x23004808, 0x53084e08, 0x54080200, 0x01005608, 0x5c085908, 0x5d2e0582, 0x24005d08, 0x5e085e08, 0x5f082100, 0x1d826108, 
    0x6208622e, 0x63080900, 0x2c006408, 0x67086508, 0xb14c0b82, 0x00692607, 0x086d081a, 0x22238270, 0x82780871, 0x08792a3b, 0x080a007b, 0x0080087c, 
    0x0ab14c10, 0x8d080336, 0x0b008d08, 0x90088e08, 0x91082800, 0x27009208, 0x95089308, 0x962e1182, 0x16009708, 0x9d089808, 0x9e080300, 0x59829e08, 
    0x9f089f22, 0xa3317d82, 0x0600a508, 0xaf08af08, 0xb0080700, 0x1d00b008, 0x09b74c08, 0x4c081c21, 0x012409b1, 0xbe08be08, 0xbf227d82, 0x7d82c008, 
    0xc208c122, 0xc4240b82, 0x1b00c408, 0x210ab14c, 0xb14c081b, 0x083a300f, 0x00ce08cd, 0x08cf082f, 0x082e00d0, 0x82d108d1, 0x08d32e0b, 0x084600d3, 
    0x00d408d4, 0x08d50812, 0x221782d5, 0x82eb08eb, 0xec56088f, 0x4700ec08, 0x00090009, 0x02092200, 0x18000209, 0x03090309, 0x05091f00, 0x17000509, 
    0x06090609, 0x07091400, 0x1a000709, 0x0a090a09, 0x0b090200, 0x0a000b09, 0x0c090c09, 0x0d091000, 0x06000e09, 0x11091009, 0x12093300, 0x3d001209, 
    0x13091309, 0x14095800, 0x0b821409, 0x15091522, 0x16220b82, 0x0b821709, 0x1c091c34, 0x20090400, 0x15002009, 0x29092909, 0x36090d00, 0x59823609, 
    0x40094028, 0x45090100, 0x53824509, 0x47094722, 0x52225382, 0x6b825209, 0x53095328, 0x54090500, 0x71825409, 0x2109cf4c, 0xcf4c0910, 0x09022409, 
    0x82720972, 0x097d2235, 0x224d8280, 0x82810981, 0x09832eb9, 0x092b0083, 0x00840984, 0x0985091e, 0x28178285, 0x00870987, 0x0989091c, 0x22658289, 
    0x828a098a, 0x098b2217, 0x2259828c, 0x828f098f, 0x09912e89, 0x092a0091, 0x00930993, 0x0994093e, 0x221d8294, 0x82950995, 0x09962835, 0x090c0097, 
    0x829a099a, 0x09c94c3b, 0xa3091c24, 0x1182a309, 0xa509a522, 0xa6224d82, 0x7d82a809, 0xaa09a922, 0xab22a182, 0xb382ab09, 0xad09ad22, 0xae201782, 
    0x2408cf4c, 0x09b6090b, 0x221182b6, 0x82b709b7, 0x09b82e29, 0x090b00b9, 0x00ba09ba, 0x09bc092d, 0x223582bc, 0x82be09bd, 0x09c1221d, 0x220b82c2, 
    0x82c509c3, 0x09c6220b, 0x280b82c7, 0x00c809c8, 0x09c90927, 0x281182c9, 0x00ca09ca, 0x09cb0934, 0x22dd82cb, 0x82d109d1, 0x09d62241, 0x226b82d6, 
    0x82ed09ec, 0xf14008b9, 0x1c00f209, 0x170a170a, 0x280a2e00, 0x3500280a, 0x290a290a, 0x330a2600, 0x2000340a, 0x400b400b, 0x4a0b3000, 0x40004a0b, 
    0x4c0b4c0b, 0x520b0300, 0x2600520b, 0xac3c0100, 0x00000400, 0x8e0d6605, 0x0b2101f3, 0x2001902a, 0x211182dc, 0x018f0bdc, 0xa4137c2c, 0xd00c060d, 
    0xd00c200e, 0x0193060d, 0x0b240b27, 0x16921524, 0x9b1b935e, 0x4e412313, 0x1f881811, 0x1e0b1822, 0x1b852b9b, 0x0b460e23, 0x21018718, 0x0191a80d, 
    0x17621023, 0x220382c0, 0x85bc1946, 0xf01b2501, 0x9a0c3e18, 0x219557a1, 0x419a0c21, 0x1b41100b, 0x210fc70f, 0x018b0bce, 0x9215dc3a, 0x341d922b, 
    0xea1d9215, 0xa01ec228, 0x92154626, 0x1e249215, 0x92159021, 0x09a9ff89, 0x10dc0d27, 0x0c9810d6, 0x21018b64, 0x0187b80e, 0x1af81525, 0x85f81542, 
    0xbc182501, 0xbc18f815, 0x0f850183, 0x0b210593, 0x21019372, 0x01adbe0c, 0x93c61421, 0xfe0d212f, 0x06200192, 0x05851384, 0x13881f93, 0xa39a0b21, 
    0x060d2901, 0x824ec847, 0x360b060d, 0x2109f541, 0x01837c0b, 0xa3461321, 0x21239b3f, 0x0186760c, 0x760cbe26, 0xde0ec614, 0x1427e387, 0x0dc614c6, 
    0x92f60ffe, 0x0c9a21f3, 0x112b0182, 0x20561f5e, 0x0cf80b10, 0x83240b9a, 0x0c0f250f, 0xd01a561f, 0x3a260984, 0xce20680f, 0x1b83680f, 0x0b211d83, 
    0x21218324, 0x1b835e11, 0x96201f84, 0x0b210987, 0x27018986, 0x860bbe0c, 0x0a0c060d, 0x0b23e183, 0x822c1024, 0x07694309, 0x45830784, 0xf7420383, 
    0x219f830f, 0xb5885e16, 0x240b6022, 0x2612a741, 0x159a0b9a, 0x412c152c, 0x1bc11b07, 0x8b760c21, 0x56222343, 0x0183440d, 0x09859983, 0x0c21058f, 
    0xa5d3871c, 0x420d2007, 0x2e200535, 0x42126f42, 0x2f881c63, 0x8e0dc228, 0xc20dc20d, 0x018db20b, 0x0c231383, 0x833a1976, 0x21039707, 0x3984760c, 
    0xa4137c22, 0x89057742, 0xe4303b05, 0xf40c861c, 0x060ddc0b, 0xdc0b282a, 0xdc0dae38, 0x92159215, 0xd016d60a, 0x0182a80d, 0x19830620, 0x0ef81533, 
    0x0dd60a6c, 0x0cbe0c06, 0x0a060dbe, 0x0d9a0bd6, 0x062b4106, 0x2a0bdc22, 0xdc200d82, 0x40210d84, 0x2401b00b, 0xe20a2e0c, 0x213d820a, 0x0193dc0a, 
    0x0ca41125, 0x97c00b40, 0x920e2501, 0x240b4a0b, 0x9a267984, 0x5e1b9a0b, 0x5941440d, 0x822f8323, 0xade22073, 0xc40f2103, 0x82090d42, 0x0c862273, 
    0x05f942be, 0x24220782, 0x0583240b, 0x0d210383, 0x25098544, 0x9a0bee11, 0x0b85fe0d, 0x0abe0c26, 0x0ce80ae8, 0x0b21a182, 0x8309839a, 0x8313837f, 
    0xc20d2807, 0x38129a0b, 0x820a4a33, 0xf40a272f, 0x540bea0b, 0x0782f40a, 0x820b0c21, 0x740d2101, 0x0b210183, 0x2b058530, 0x34230e2f, 0xfa0afa0a, 
    0x000b060b, 0x90200382, 0x03822183, 0x7c27ea26, 0x300b740d, 0x6f820185, 0x0b842d82, 0x5a0d6823, 0x2703820b, 0xac0cac0c, 0x880c5a0d, 0xe2280184, 
    0x1425e20c, 0xa40b5e0b, 0x35210383, 0x215783ec, 0x65859212, 0x0f844383, 0x8457ec22, 0x90223f82, 0x0186120b, 0x0214ea24, 0x01d3520c, 0x07837787, 
    0x83f40c21, 0x900b2101, 0xea210182, 0x3301880b, 0x6210a80d, 0x860b060d, 0x060d060d, 0x440dbe0c, 0x240b240b, 0xc582c782, 0xdd88d983, 0x480ac748, 
    0x31480549, 0x8343820c, 0x05734445, 0x220e5947, 0x469215ce, 0x0d2111db, 0x05b146dc, 0x0eb80e23, 0x058946b8, 0x0b720b23, 0x0b434572, 0x83056f42, 
    0x23098551, 0x760c9a0b, 0x9a221f86, 0x25455e11, 0x84ad8207, 0x85bb83b9, 0x0f9f441d, 0x44054f42, 0xb7420539, 0x06e54312, 0x2305cf43, 0x7c0b7c0b, 
    0x0c20238b, 0x81847382, 0x3f842420, 0xb80edc24, 0xdd82060d, 0xbe0c9a22, 0x82055d42, 0x83c02007, 0xc00b222f, 0x4107840b, 0x0c2707ff, 0x0c740d88, 
    0x419a0ce2, 0xac24145b, 0x1e0bac0c, 0xdc2c0182, 0x482d0214, 0x440d9a0b, 0x8e0d860b, 0x24204982, 0x0d230583, 0x85921544, 0xa80d2101, 0xce246b82, 
    0x92152a0b, 0x9a247584, 0x8e0d2a0b, 0xdc200182, 0x15281183, 0x0df815f8, 0x0bb80e06, 0x05829182, 0x41454382, 0x860b2107, 0x8e225182, 0x0582c20d, 
    0xd3834420, 0x9a20a98a, 0x9a22b388, 0x5d82d00c, 0xf341c220, 0x22df8205, 0x41dc0ddc, 0x0e2105b9, 0x836b83b8, 0xe20c2b0b, 0xea0b900b, 0x300b300b, 
    0x4b82f40c, 0xea0bfe30, 0x0100060d, 0x80000706, 0x11040100, 0x0584a3ff, 0x0100522c, 0x57ff0c05, 0xc2020100, 0x11845100, 0x0584bb20, 0x11844620, 
    0x86201785, 0xd3220b82, 0x29824e00, 0xafff9122, 0xff214183, 0x201d8498, 0x22118245, 0x84c6ffec, 0x39178211, 0x69ff4404, 0xbc020200, 0xc1024500, 
    0x02004500, 0xafffec05, 0xbbff0606, 0x6d830200, 0x8b207782, 0x81240982, 0x9a0498ff, 0x13833f82, 0x31828020, 0x13827520, 0x13822f20, 0x8cffea22, 
    0xe5223182, 0x3582bbff, 0x02008028, 0xafffa501, 0x6d82a601, 0x52204583, 0x27834582, 0x27823020, 0x4f834420, 0xffd90125, 0x82d10298, 0x820320c1, 
    0x04462159, 0x75221785, 0x35820300, 0x35828020, 0x91058022, 0x03202582, 0x06217f87, 0x820d8407, 0xde052113, 0xdf245f82, 0x03003bff, 0xbb203386, 
    0xaf321b82, 0xc9000300, 0xed024b00, 0x1a093200, 0x04004b00, 0xc182b602, 0x5100c22c, 0x4500c302, 0x25002105, 0x1f820400, 0x1f834520, 0x2520c382, 
    0x452c2382, 0xca050400, 0xce0575ff, 0xfd0775ff, 0xff260382, 0x040075ff, 0xbb840f04, 0x5584f184, 0x80202383, 0x80202382, 0x80242382, 0x80ffff07, 
    0x11262382, 0x3d0495ff, 0xf782dbff, 0x2909e022, 0x04249582, 0x5d00c202, 0x9821ad82, 0x20f98505, 0x207d8269, 0x207982b5, 0x827d85bd, 0x00e32347, 
    0xb5820104, 0xffe00125, 0x82e101bb, 0x84e22003, 0x20a18535, 0x23a18968, 0x2fff1104, 0x80205982, 0x98245982, 0x98ff0005, 0xa5243582, 0xa6016aff, 
    0xd9240382, 0x2b0498ff, 0xd3823584, 0x20060141, 0x20598252, 0x242384bb, 0xffa601af, 0x843d82af, 0x28a18439, 0xffaf04af, 0xffb60475, 0x20a1823b, 
    0x20fb848c, 0x26fb8a4b, 0x0005004b, 0x824b00c9, 0x905120b7, 0x01252615, 0x0169ff9d, 0x280382a5, 0x0969ffa6, 0x0025001a, 0x28278205, 0x00890332, 
    0xffad0400, 0x080f4275, 0x2f040622, 0x9a207382, 0xae206582, 0xb0280382, 0xea0480ff, 0x14058cff, 0x0624a382, 0x89ff9c01, 0x89204582, 0xb5229182, 
    0x1d823004, 0xd0ff3222, 0x6922d382, 0x11820600, 0x05239988, 0x8298ff26, 0x84b2204d, 0x020624a1, 0x824500b5, 0x055d2467, 0x82a3ffe5, 0x06752615, 
    0x0698ff06, 0x224d841f, 0x4280ff9d, 0xdf220813, 0x1d8269ff, 0xf982bb20, 0x08005e28, 0xafff0b02, 0x2f821803, 0x49829120, 0xbbffa522, 0xaf203b82, 
    0x69201d82, 0x80203b82, 0xe5822185, 0x4d42cf8c, 0x20db840b, 0x22738209, 0x82dd0551, 0xffde2643, 0xffdf05af, 0x263782a3, 0xfffa07bb, 0x82cd08a3, 
    0x82ce2003, 0xffd12803, 0x020900a3, 0x828700b4, 0x028722a1, 0x200782b6, 0x200382bd, 0x200382be, 0x240382c3, 0x088700cc, 0x24038263, 0x00870064, 
    0x078f4209, 0x82d00521, 0x82d1208f, 0xff072cbf, 0xff0308af, 0xff040898, 0x82100998, 0xff112203, 0x26258298, 0x04afff11, 0x418cff71, 0x052107a1, 
    0x242d8226, 0x058cff3e, 0x2103824a, 0x0f41ffec, 0x26978305, 0xff3a045d, 0x823d0498, 0xff0024d7, 0x842d0580, 0x82a320df, 0x058c24c1, 0x82bbfff8, 
    0x009822e3, 0x2097820b, 0x20978245, 0x26978245, 0x00bd0245, 0x82be0245, 0x00c22403, 0x82c30268, 0x00cc2207, 0x20cd8245, 0x249f82e3, 0x00640845, 
    0x202d8c45, 0x202d8a51, 0x232d8751, 0x25002105, 0x5b8b2d94, 0x2dac7420, 0x5b988988, 0x5121898f, 0x8cb78202, 0x010c212d, 0x240b0142, 0x0569ffdd, 
    0x420382de, 0x07250a09, 0x0869fffa, 0x200382cd, 0x2e0382ce, 0x0069ffd1, 0x008a000d, 0x0036014e, 0x82c7024e, 0x82c82003, 0x82cf2003, 0x82d22003, 
    0x82d32003, 0x82d42003, 0x00d53203, 0x000a034e, 0x0023064e, 0x0067084e, 0x003d094e, 0x2035844e, 0x2035828c, 0x2635828c, 0x00c8028c, 0x82cf028c, 
    0x82d22003, 0x82d32003, 0x82d42003, 0x00d52203, 0x2035828c, 0x2035828c, 0x2035828c, 0x2235828c, 0x430d008c, 0x05290fd9, 0x0598ffb3, 0x05a3ffd2, 
    0x300382d3, 0x0575ffd6, 0x0580ffe5, 0x06affff8, 0x06f5fe06, 0x2407820b, 0x00a3ff17, 0x10bb420f, 0xbbffdd22, 0x4206d743, 0xdf8210c7, 0xdf82bb20, 
    0xce08bb2a, 0xd108bbff, 0x1000bbff, 0x02233d83, 0x425d00c2, 0x41ab0cfd, 0x8a001128, 0xc9009300, 0xef824b00, 0xef829320, 0xef829320, 0xef829320, 
    0xd2029326, 0xd3029300, 0xd4200382, 0xd5200382, 0xed2a0382, 0x0a033200, 0x07069300, 0xf7822500, 0xf7829320, 0x1a099324, 0xfb824b00, 0x1100932c, 
    0x45005500, 0x97005e00, 0x03827900, 0x0382aa20, 0x9700ae26, 0x87000901, 0x97225582, 0x0b823801, 0x03823d20, 0x03823e20, 0x97008b26, 0x4500ba02, 
    0x23075746, 0x8cffd102, 0x45226982, 0x33820107, 0x1104122a, 0x9c04a3ff, 0x9e04bbff, 0xa1200382, 0xa2200382, 0xa3200382, 0xa4200382, 0xa5200382, 
    0xa6200382, 0xa8200382, 0xa9200382, 0xaa200382, 0xab200382, 0xac220382, 0x9382bbff, 0xc4088b26, 0xc708bbff, 0xc8240382, 0x1200bbff, 0x240ca944, 
    0x0569ffd0, 0x240382d1, 0x057fffdd, 0x200382de, 0x460382df, 0x072906cd, 0x087ffffa, 0x0869ff03, 0x20038204, 0x200b82cd, 0x2e0382ce, 0x097fffd1, 
    0x0969ff10, 0x0069ff11, 0x82b10216, 0x82b220ad, 0x82b32003, 0x82b72003, 0x82b82003, 0x82ba2003, 0x86bb2003, 0x82bf20c5, 0x47c02007, 0x75820525, 
    0xc4025d22, 0xc5200b82, 0xc6200382, 0xcb200382, 0xcd280382, 0x0d054500, 0x62084500, 0x65200382, 0x66200382, 0x9e2a0382, 0x16004500, 0x8cff1501, 
    0x03829b01, 0x03829c20, 0x03829d20, 0x03829e20, 0x03829f20, 0x0382a020, 0x0382a120, 0x0382a220, 0x0382a320, 0x0382a520, 0x0382a620, 0x8cffa724, 
    0x03823c04, 0x03824120, 0x03824420, 0x8cff5424, 0x03823308, 0x8cff3424, 0x03822909, 0x03828520, 0x8cff9522, 0x98205984, 0x98265982, 0x98ff9c01, 
    0x03829d01, 0x03829e20, 0x03829f20, 0x0382a020, 0x0382a120, 0x0382a220, 0x0382a320, 0x0382a520, 0x0382a620, 0x98ffa722, 0x98225982, 0x07824104, 
    0x03824420, 0x98ff5422, 0x98245982, 0x98ff3408, 0x98225982, 0x07828509, 0x98ff9524, 0xb3821700, 0x5982a320, 0x5982a320, 0x5982a320, 0x9e01a326, 
    0x9f01a3ff, 0xa0200382, 0xa1200382, 0xa2200382, 0xa3200382, 0xa5200382, 0xa6200382, 0xa7220382, 0x5982a3ff, 0x5982a320, 0x4404a322, 0x54260b82, 
    0x5707a3ff, 0x5d82a3ff, 0x5d82a320, 0x5d82a320, 0x5d82a320, 0x9509a324, 0x5d84a3ff, 0x5d82af20, 0x5d82af20, 0x5d82af20, 0x5d82af20, 0x5d82af20, 
    0xa001af26, 0xa101afff, 0xa2200382, 0xa3200382, 0x4f480382, 0xa7012306, 0x5d82afff, 0x5d82af20, 0x5d82af20, 0x5404af24, 0x5d82afff, 0x5d82af20, 
    0x5d82af20, 0x5d82af20, 0x5d82af20, 0x9509af2c, 0x1700afff, 0xbbffd801, 0x0382d901, 0x0382da20, 0x0382db20, 0x0382dc20, 0x0382dd20, 0x0382de20, 
    0x0382df20, 0x210a9547, 0x0f82e301, 0x0382e420, 0x0382e520, 0x0382e620, 0x0382eb20, 0x0382ec20, 0xbbffef24, 0x03824408, 0x03824520, 0xbbff4624, 
    0x03829609, 0xbbff9727, 0x15011900, 0x307341ff, 0x98248d82, 0xbbff2b04, 0x820f7b41, 0x157f41c3, 0x6a266583, 0x6aff9b01, 0x03829c01, 0x03829d20, 
    0x03829e20, 0x03829f20, 0x0382a020, 0x0382a120, 0x0382a220, 0x0382a320, 0x2f48a520, 0x48a72006, 0x65820933, 0x41046a26, 0x44046aff, 0x54220382, 
    0x65826aff, 0x33086a2a, 0x34086aff, 0x29096aff, 0x85200382, 0x95220382, 0xcbb96aff, 0xffd10223, 0x25cba9a3, 0xafff0b02, 0x03821a02, 0x98ff6724, 
    0x03821703, 0x03821820, 0x03829420, 0xafff9528, 0x2fff9703, 0x0b82d903, 0xbbffe728, 0xafffff03, 0x03820104, 0x03820220, 0xaeff0724, 0x03820804, 
    0xff9a2608, 0xffae045e, 0xfeb0048c, 0xff9105f5, 0xffaf05bb, 0xffdf0598, 0xffe20552, 0xffe505af, 0xffec055e, 0xff07065e, 0x22cb828c, 0x820cff0c, 
    0x02972469, 0x8247ff13, 0x0277266d, 0x028cff4c, 0x20038257, 0x2003825a, 0x20038261, 0x20038264, 0x20038268, 0x2c038285, 0x02b6ffbb, 0x035d00c2, 
    0x038cff1e, 0x225d8253, 0x828cff56, 0x8280205d, 0x823b2059, 0x05982455, 0x8280ffe7, 0x052f2459, 0x48a3fff4, 0x09210797, 0x24658240, 0x00c9001c, 
    0x431b4325, 0x430b9748, 0x1a220c27, 0x2b432500, 0x831d200c, 0x101748a7, 0x68ff7124, 0x03828605, 0x03828720, 0x03828920, 0x03828c20, 0x0382b320, 
    0x0382bf20, 0x0382e520, 0x98ffe824, 0x0382ea05, 0x0382ec20, 0x0f82f220, 0x0382f320, 0x0382f520, 0x0382f820, 0x68ffff24, 0x03820006, 0x03820220, 
    0x03820520, 0x68ff0624, 0x03820d07, 0x03820e20, 0x68ff0f28, 0x68ffd408, 0xe3461e00, 0xff712210, 0x227182b5, 0x828705b5, 0x82892007, 0x828c2003, 
    0x82b32003, 0x82bf2003, 0x0dfb4603, 0xf205b522, 0xf3201382, 0xf5200382, 0xf8200382, 0xff220382, 0x7182b5ff, 0x0206b522, 0x05200782, 0x06200382, 
    0x17470382, 0x28798206, 0xff0e07b5, 0xff0f07b5, 0x227982b5, 0x921f00b5, 0x829e2079, 0x829e2079, 0x059e2679, 0x059eff89, 0x2003828c, 0x200382b3, 
    0x8d0382bf, 0x829e2079, 0x059e2279, 0x201782f3, 0x260382f5, 0x05a9fff8, 0x829effff, 0x829e2079, 0x069e2279, 0x200b8205, 0x24038206, 0x06a3ff0a, 
    0x2203820b, 0x82a3ff17, 0x829e207d, 0x829e207d, 0x829e207d, 0x949e207d, 0x82a8207d, 0x82a8207d, 0x82a8207d, 0x82a8207d, 0x05a8267d, 0x05a8ffb3, 
    0x8d0382bf, 0x82a8207d, 0x82a8207d, 0x05a8227d, 0x201b82f5, 0x220382f8, 0x82a8ffff, 0x82a8207d, 0x82a8207d, 0x06a8227d, 0x220f8206, 0x82bbff0a, 
    0x06bb247d, 0x82afff17, 0x82a8207d, 0x82a8207d, 0x82a8207d, 0x82a8207d, 0x43c3427d, 0x420d1548, 0x5f4814cb, 0x40092b0f, 0x20008cff, 0x32001501, 
    0x03829b01, 0x03829c20, 0x03829d20, 0x03829e20, 0x03829f20, 0x0382a020, 0x0382a120, 0x0382a220, 0x0382a320, 0x0382a520, 0x0382a620, 0x3200a724, 
    0x03823c04, 0x03824120, 0x03824420, 0x32005423, 0x13ad4905, 0x32005722, 0x69267182, 0x32003308, 0x03823408, 0xb949cd20, 0x29092509, 0x85093200, 
    0x95240382, 0x21003200, 0x2047b945, 0x1b914905, 0x450aff41, 0x232614e1, 0xafff0a01, 0x03820b01, 0x03820c20, 0x03820d20, 0xafff0e22, 0x24405944, 
    0x05afffdd, 0x200382de, 0x210382df, 0x9541ffe5, 0x08af2617, 0x08afffcd, 0x280382ce, 0x09afffd1, 0x008cff40, 0x2c714923, 0x5100b124, 0x0382b202, 
    0x0382b320, 0x0382b720, 0x0382b820, 0x0382ba20, 0x0382bb20, 0x0382bc20, 0x0382bf20, 0x0382c020, 0x0382c120, 0x0382c420, 0x0382c520, 0x0382c620, 
    0x0382cb20, 0x0382cd20, 0x2d06a549, 0x51000d05, 0x97000107, 0x51006208, 0x03826508, 0x03826620, 0x51009e24, 0x6f492400, 0xff71240c, 0x828605bb, 
    0x82872003, 0x82892003, 0x828c2003, 0x82af2003, 0x82b32003, 0x82bf2003, 0x0b0b4203, 0x2205294f, 0x82f205af, 0x82f32017, 0x82f52003, 0x82f82003, 
    0xffff2403, 0x820006bb, 0x82022003, 0x82052003, 0x82062003, 0xff792403, 0x827a06e0, 0x00b02803, 0xff0d075d, 0x820e07bb, 0x820f2003, 0x0ef54b03, 
    0xffd40825, 0x422500bb, 0xcb204c33, 0xcf209182, 0xd9430382, 0x4bbb2009, 0xbd430ccd, 0x07bb2509, 0x08bbfffe, 0x4342b982, 0x462b2014, 0xdd2450f3, 
    0xde0552ff, 0xdf200382, 0xe1240382, 0xe205afff, 0xe3200382, 0xe4200382, 0x3a0c0747, 0xff790675, 0xff7a06cb, 0xfffa07cb, 0xfffb0752, 0xfffc07af, 
    0xffcd08af, 0x82ce0852, 0x82cf2003, 0x82d0200b, 0x82d12003, 0x82d5200b, 0xffd72807, 0xff170aaf, 0xc82d00af, 0x131142ad, 0x4207b547, 0xbd470715, 
    0x05bb2409, 0x425effec, 0x07222411, 0x09428cff, 0xd408230b, 0xb58dbbff, 0xffde0223, 0x185b48a0, 0x1b82e120, 0x0382e220, 0x0382e320, 0x0382e420, 
    0xbbffe72c, 0xaefffe03, 0xaeffff03, 0x03820004, 0x03820120, 0x03820220, 0x03820320, 0x03820420, 0x03820520, 0x03820620, 0x29128348, 0xa0ffeb04, 
    0xa0ffec04, 0x03820205, 0x03820320, 0x251a9348, 0xa0ff9108, 0x03829208, 0xaeff962a, 0xaeff9708, 0xa0ffc809, 0xbb20b5c0, 0xbb20b582, 0xbb26b582, 
    0xbbff0104, 0x03820204, 0x03820320, 0x03820420, 0x03820520, 0x03820620, 0x03820720, 0x03820820, 0xb60a3949, 0x82bb20b5, 0x84bb20b5, 0x442e20b5, 
    0x8a230c85, 0x4d005100, 0x51200dfb, 0x4410fb4d, 0xc7243789, 0xc8025100, 0x200a9144, 0x089544cf, 0xd3025122, 0xd4200b82, 0xd52c0382, 0x0a035100, 
    0x0d055100, 0x23065100, 0x2012a944, 0x05ad4467, 0x823d0921, 0x8e2f20a7, 0x8e4520b9, 0xbc4520b9, 0x00c223b9, 0x47450274, 0x00c7220b, 0x21bd8245, 
    0x4f450245, 0x82cf2007, 0x0653450f, 0x4522bd82, 0x0f82d402, 0x4500d522, 0x4520bd82, 0x4520bd86, 0x26106745, 0x08450067, 0x8251009e, 0x004522bd, 
    0x41bd8e30, 0x45212377, 0x2bc54e02, 0x5100c322, 0x410cc94e, 0x4522097f, 0xad82cd02, 0x201d7f41, 0x0a7f4145, 0x4e084521, 0x7f4107f5, 0x82452005, 
    0x005122c1, 0x285b4431, 0xaffffe28, 0xafffff03, 0x054c0004, 0x8203200a, 0x8204200b, 0x82052003, 0x82062003, 0x82072003, 0x82082003, 0x13154c03, 
    0x20252145, 0x0c19458c, 0xafff9624, 0x21459708, 0x02372622, 0x020000a6, 0x240382a7, 0x025100b5, 0x550782b9, 0x022106eb, 0x200b82c9, 0x200382ca, 
    0x200382e5, 0x200382f0, 0x200382f1, 0x240382f2, 0x030000f3, 0x20038259, 0x20038279, 0x2003827a, 0x2003827b, 0x2003827d, 0x2003827e, 0x2003827f, 
    0x20038280, 0x20038281, 0x20038282, 0x20038283, 0x20038284, 0x20038285, 0x20038286, 0x24038287, 0x04000088, 0x200382af, 0x200382b6, 0x240382e9, 
    0x050000f4, 0x20038200, 0x2003820c, 0x2003820e, 0x2003820f, 0x20038219, 0x2003821a, 0x2c03821b, 0x06000092, 0x07e3ff07, 0x080000f7, 0x20038268, 
    0x82038281, 0x8308255b, 0x0d090000, 0x42200382, 0x43200382, 0x5b200382, 0x5e200382, 0x72200382, 0xa8200382, 0xb7200382, 0x3a265482, 0x75ff1501, 
    0x03829b01, 0x03829c20, 0x03829d20, 0x03829e20, 0x03829f20, 0x0382a020, 0x0382a120, 0x0382a220, 0x0382a320, 0x0382a520, 0x0382a620, 0x0382a720, 
    0xbbffc824, 0x0382c901, 0x0382ca20, 0x0f82d820, 0x0382d920, 0x0382da20, 0x0382db20, 0x0382dc20, 0x0382dd20, 0x0382de20, 0x0382df20, 0x0382e020, 
    0x0382e120, 0x0382e220, 0x0382e320, 0x0382e420, 0x0382e520, 0x0382e620, 0x0382eb20, 0x0382ec20, 0x75ffef24, 0x03821104, 0xbbff2b24, 0x03823904, 
    0x0b823c20, 0x03824120, 0x03824420, 0x0f825320, 0x75ff5424, 0x03823308, 0x03823420, 0xbbff3e23, 0x21178208, 0x0b824508, 0x75ff4624, 0x03822909, 
    0x03828520, 0xbbff9124, 0x07829509, 0x03829620, 0x03829720, 0x0f82ed20, 0x0382ee20, 0x0382ef20, 0xbbfff024, 0x8d423d00, 0xde02230b, 0x334680ff, 
    0x0380221a, 0x201f82e2, 0x200382e3, 0x460382e4, 0xa1420533, 0xeb042934, 0xec0480ff, 0x020580ff, 0x03200382, 0x33460382, 0x33b14207, 0x80ff9124, 
    0x03829208, 0x2f22b942, 0x80ffc809, 0xafff170a, 0x15014c00, 0x9b015eff, 0x9c200382, 0x9d200382, 0x9e200382, 0x9f200382, 0xa0200382, 0xa1200382, 
    0xa2200382, 0xa3200382, 0xa5200382, 0xa6200382, 0xa7200382, 0xc8240382, 0xc901afff, 0xca200382, 0xd2240382, 0xd301a3ff, 0xd4200382, 0xd5200382, 
    0xd6200382, 0xd7200382, 0xd8240382, 0xd90198ff, 0xda200382, 0xdb200382, 0xdc200382, 0xdd200382, 0xde200382, 0xdf200382, 0xe0200382, 0xe1200382, 
    0xe2200382, 0xe3200382, 0xe4200382, 0xe5200382, 0xe6200382, 0xeb200382, 0xec200382, 0xef340382, 0x110498ff, 0x2b04b5ff, 0x3004afff, 0x3204a3ff, 
    0x3904d0ff, 0x3c240b82, 0x41045eff, 0x44200382, 0x53200382, 0x54240f82, 0x33085eff, 0x34200382, 0x3e280382, 0x4208afff, 0x4308a3ff, 0x44240382, 
    0x450898ff, 0x46200382, 0xb2280382, 0x2909a3ff, 0x85095eff, 0x87200382, 0x91240b82, 0x9509afff, 0x96240b82, 0x970998ff, 0x9a200382, 0x9e201382, 
    0xa3200382, 0xed200382, 0xee201b82, 0xef200382, 0xf0200382, 0xf2200382, 0xf3201382, 0xf4240382, 0x4d00a3ff, 0x240c2742, 0x03bbffa5, 0x20038200, 
    0x50038201, 0x932007bf, 0x94200b82, 0x95200382, 0x96200382, 0x97200382, 0x98200382, 0x99200382, 0x9a200382, 0x9b200382, 0x9c200382, 0x9d200382, 
    0x9e200382, 0x9f200382, 0xa0200382, 0xa1200382, 0xa2200382, 0xa3200382, 0xa4200382, 0xa5200382, 0xa6200382, 0xa7200382, 0xa8200382, 0xa9200382, 
    0xaa200382, 0xab200382, 0xac200382, 0xad200382, 0xae200382, 0xaf200382, 0xb0200382, 0xb1200382, 0xb2200382, 0xb3200382, 0x37510382, 0x36cb4807, 
    0xff050523, 0x1b5351bb, 0xff840825, 0x828508bb, 0x82862003, 0x82872003, 0x82882003, 0x82892003, 0x828a2003, 0x828b2003, 0x828c2003, 0x06db4803, 
    0xff4c0b28, 0x015100bb, 0xd753ff15, 0xc8012530, 0xc9019cff, 0xca200382, 0xcb240382, 0xcc018aff, 0xcd200382, 0xce200382, 0xcf200382, 0xd0200382, 
    0xd1280382, 0xd4038aff, 0xd60398ff, 0xd7200382, 0xe5200382, 0xe6200382, 0xe7200382, 0xe8200382, 0xe9200382, 0xea200382, 0xeb200382, 0xec200382, 
    0xed200382, 0xee200382, 0xef200382, 0xf0200382, 0xf1200382, 0xf2200382, 0xf3200382, 0xf4200382, 0xf5200382, 0xf6200382, 0xf7200382, 0xfc200382, 
    0xfd2c0382, 0x110498ff, 0x2b04afff, 0x39049cff, 0x3c200382, 0x41200b82, 0x44200382, 0x53200382, 0x54200f82, 0x5f5b0782, 0xe4042d06, 0x1c0598ff, 
    0x330898ff, 0x3408afff, 0x3e280382, 0x3f089cff, 0x40088aff, 0x41200382, 0x8d200382, 0x93201b82, 0x94200382, 0x95220382, 0x9b5498ff, 0xff912808, 
    0xff95099c, 0x82b409af, 0x82b82013, 0x82b92003, 0x82d12003, 0x82ed2003, 0x82ee2017, 0x82ef2003, 0xfff02403, 0x4259009c, 0x02230f7b, 0x42a0ffde, 
    0x5b4b987f, 0x45a54a15, 0x4b439f42, 0xcd4a0983, 0x4c0b2b08, 0x5a00bbff, 0xbbffa602, 0x0382a702, 0x0382b920, 0x0382c920, 0x0382ca20, 0x0382e520, 
    0x0382f020, 0x0382f120, 0x0382f220, 0xbbfff324, 0x03825903, 0x03827920, 0x03827a20, 0x03827b20, 0x03827d20, 0x03827e20, 0x03827f20, 0x03828020, 
    0x03828120, 0x03828220, 0x03828320, 0x03828420, 0x03828520, 0x03828620, 0x03828720, 0xbbff8828, 0x98ff7104, 0x0782af04, 0x75ffb624, 0x0782e904, 
    0xbbfff424, 0x03820005, 0x03820c20, 0x03820e20, 0x03820f20, 0x03821920, 0x03821a20, 0x03821b20, 0xdbff7124, 0x03828605, 0x03828720, 0x05213f82, 
    0x20078289, 0x2003828c, 0x201b828d, 0x20038292, 0x200b82b3, 0x820782b8, 0xba0521b7, 0xbb200782, 0xbc200382, 0xbf200382, 0xc3201782, 0xc4200782, 
    0xe5200382, 0xe8200b82, 0xea200782, 0xec240382, 0xf20580ff, 0xf3200f82, 0x7b830382, 0x0782f520, 0x0382f820, 0xdbffff24, 0x03820006, 0xbbff0124, 
    0x07820206, 0x03820520, 0x03820620, 0x07259782, 0x07dbff0d, 0x2003820e, 0x2403820f, 0x08bbfff7, 0x82038268, 0x820821e7, 0x83200782, 0xd4280382, 
    0x0d09dbff, 0x4209bbff, 0x43200382, 0x5b200382, 0x5e200382, 0x72200382, 0xa8200382, 0xb7240382, 0x330abbff, 0x34240382, 0x6d00bbff, 0x200ecf42, 
    0x06cf428f, 0x01038f24, 0x7f478fff, 0x82932008, 0x8294200b, 0x82952003, 0x82962003, 0x82972003, 0x82982003, 0x82992003, 0x829a2003, 0x829b2003, 
    0x829c2003, 0x829d2003, 0x829e2003, 0x829f2003, 0x82a02003, 0x82a12003, 0x82a22003, 0x82a32003, 0x82a42003, 0x82a52003, 0x82a62003, 0x82a72003, 
    0x82a82003, 0x82a92003, 0x82aa2003, 0x82ab2003, 0x82ac2003, 0x82ad2003, 0x82ae2003, 0x82af2003, 0x82b02003, 0x82b12003, 0x82b22003, 0x82b32003, 
    0xffd92303, 0xcf420398, 0x452b4e15, 0x8fff0523, 0x67214f05, 0x8fff8424, 0x03828508, 0x03828620, 0x03828720, 0x03828820, 0x03828920, 0x03828a20, 
    0x03828b20, 0x03828c20, 0x330e9f4e, 0xbbffd408, 0xa0ffc809, 0x8fff4c0b, 0x02007100, 0x03008cff, 0x04200382, 0x05200382, 0x06200382, 0x07200382, 
    0x08200382, 0x09200382, 0x0a200382, 0x0b200382, 0x0c200382, 0x0d200382, 0x0e200382, 0x0f200382, 0x10200382, 0x11200382, 0x12200382, 0x13200382, 
    0x14200382, 0x15200382, 0x16200382, 0x17200382, 0x18200382, 0x19200382, 0x1a200382, 0x1b200382, 0x1c200382, 0x1d200382, 0x1e200382, 0x1f200382, 
    0x20200382, 0x21200382, 0x22200382, 0x23200382, 0x24200382, 0x25200382, 0x26200382, 0x27200382, 0x28200382, 0x29200382, 0x2a200382, 0x2b200382, 
    0x2c200382, 0x2d200382, 0x2e200382, 0x2f200382, 0x30200382, 0x31200382, 0x32200382, 0x33200382, 0x34200382, 0x35200382, 0x36200382, 0x37200382, 
    0x38200382, 0x39200382, 0x3a200382, 0x3b200382, 0x3c200382, 0x3d200382, 0x3e200382, 0x3f200382, 0x40280382, 0x0a018cff, 0x0b010cff, 0x0c200382, 
    0x0d200382, 0x0e220382, 0xc74c0cff, 0xffd52220, 0x08c9588c, 0x0b82f820, 0x2313cd58, 0x048cff0b, 0x5813bb4c, 0x062812d1, 0x06bbff79, 0x07bbff7a, 
    0x0720bb82, 0x0720af82, 0x0825a782, 0x088cff05, 0x20038206, 0x20038207, 0x20038208, 0x24038209, 0x098cff0a, 0x2003826f, 0x2403828b, 0x0a8cffae, 
    0x23038228, 0x0b8cff29, 0x0021c782, 0x337b5c75, 0xffc80125, 0x82c90180, 0x82ca2003, 0xffcb2403, 0x82cc01af, 0x82cd2003, 0x82ce2003, 0x82cf2003, 
    0x82d02003, 0x82d12003, 0xffd82403, 0x82d90169, 0x82da2003, 0x82db2003, 0x82dc2003, 0x82dd2003, 0x82de2003, 0x82df2003, 0x82e02003, 0x82e12003, 
    0x82e22003, 0x82e32003, 0x82e42003, 0x82e52003, 0x82e62003, 0x82eb2003, 0x82ec2003, 0xffef2803, 0xffd40369, 0x82d603bb, 0x82d72003, 0x82d82003, 
    0x82d92003, 0x82db2003, 0x82dc2003, 0x82dd2003, 0x82de2003, 0x82df2003, 0x82e02003, 0x82e52003, 0x82e62003, 0x82e72003, 0x82e82003, 0x82e92003, 
    0x82ea2003, 0x82eb2003, 0x82ec2003, 0x82ed2003, 0x82ee2003, 0x82ef2003, 0x82f02003, 0x82f12003, 0x82f22003, 0x82f32003, 0x82f42003, 0x82f52003, 
    0x82f62003, 0x82f72003, 0x82fc2003, 0xfffd2c03, 0xff1104bb, 0xff2b0469, 0x82390480, 0x0b775d03, 0x0f825320, 0x8cff5430, 0xbbffe404, 0xbbff1c05, 
    0xafff1806, 0x03821906, 0x03821a20, 0xafff1b23, 0x06935d08, 0xff3e0825, 0x823f0880, 0x8240200f, 0x82412003, 0xff442403, 0x82450869, 0x82462003, 
    0xff8d2403, 0x828e08bb, 0x828f2003, 0x82902003, 0x82932003, 0x82942003, 0xff952203, 0x08cb5dbb, 0x80ff912c, 0x8cff9509, 0x69ff9609, 0x03829709, 
    0x1b82b420, 0x0382b820, 0x0382b920, 0x0382d120, 0x1f82ed20, 0x0382ee20, 0x0382ef20, 0x80fff02a, 0x02009900, 0x0300afff, 0x04200382, 0x05200382, 
    0x06200382, 0x07200382, 0x08200382, 0x09200382, 0x0a200382, 0x0b200382, 0x0c200382, 0x0d200382, 0x0e200382, 0x0f200382, 0x10200382, 0x11200382, 
    0x12200382, 0x13200382, 0x14200382, 0x15200382, 0x16200382, 0x17200382, 0x18200382, 0x19200382, 0xe1820382, 0xe1820020, 0x821c0021, 0x821d200b, 
    0x821e2003, 0x821f2003, 0x82202003, 0x82212003, 0x82222003, 0x82232003, 0x82242003, 0x82252003, 0x82262003, 0x82272003, 0x82282003, 0x82292003, 
    0x822a2003, 0x822b2003, 0x822c2003, 0x822d2003, 0x822e2003, 0x822f2003, 0x82302003, 0x82312003, 0x82322003, 0x82332003, 0x82342003, 0x82352003, 
    0x82362003, 0x82372003, 0x82382003, 0x82392003, 0x823a2003, 0x823b2003, 0x823c2003, 0x823d2003, 0x823e2003, 0x823f2003, 0xff402203, 0x139d57af, 
    0x2636e542, 0xffc90198, 0x82ca0198, 0x82f02003, 0x82f12057, 0x82f22003, 0x82f32003, 0x82f42003, 0x82f52003, 0x82f62003, 0x82f72003, 0x82f82003, 
    0x82f92003, 0xfffa2403, 0x82d503af, 0x2d0f8203, 0xafff0b04, 0x8cff1104, 0x98ff2b04, 0x03823904, 0x2a0d3942, 0xff540498, 0xffb2058c, 0x82ca0598, 
    0x82ce2007, 0xffd02403, 0x82d10500, 0xffdd2403, 0x82de052f, 0xffdf2303, 0xfb82072f, 0xef820720, 0xe7820720, 0xff570725, 0x82fa078c, 0x82fd2013, 
    0xffff2807, 0xff03088c, 0x82040800, 0xff052403, 0x820608af, 0x82072003, 0x82082003, 0x82092003, 0x420a2003, 0x98220c7d, 0x0f824708, 0x03824820, 
    0x2fffcd24, 0x0382ce08, 0x2fffd128, 0x00ff1009, 0x03821109, 0x8cff2928, 0xafff6f09, 0x07828509, 0x07828b20, 0x98ff9124, 0x0b829509, 0x0b82ae20, 
    0x0b82ed20, 0x0382ee20, 0x0382ef20, 0x98fff036, 0xafff280a, 0xafff290a, 0xafff400b, 0x1b02a800, 0xb1022500, 0xb2200382, 0xb3200382, 0xb7200382, 
    0xb8200382, 0xba200382, 0xbb200382, 0xbc200382, 0xbf200382, 0xc0200382, 0xc1200382, 0xc2240382, 0xc4025d00, 0xc5200782, 0xc6200382, 0xcb200382, 
    0xcd200382, 0xfe200382, 0xff240382, 0x02032500, 0x03200382, 0x04200382, 0x05200382, 0x06200382, 0x07200382, 0x08200382, 0x09200382, 0x0b200382, 
    0x0c200382, 0x0d200382, 0x0e200382, 0x0f200382, 0x10200382, 0x11200382, 0x12200382, 0x13200382, 0x14200382, 0x4b200382, 0x4c200382, 0x4e200382, 
    0x4f200382, 0x50200382, 0x53200382, 0x54200382, 0x55200382, 0x56200382, 0x5a200382, 0x5b200382, 0x5c200382, 0x5d200382, 0x5e200382, 0x5f200382, 
    0x60200382, 0x61200382, 0x62200382, 0x63200382, 0x64200382, 0xb4240382, 0x70042500, 0x82200382, 0x83200382, 0x84200382, 0x85200382, 0x86200382, 
    0x87200382, 0x88200382, 0x89200382, 0x8a200382, 0x8b200382, 0x8c200382, 0x8d200382, 0x8e200382, 0x8f200382, 0x90200382, 0x91200382, 0x92200382, 
    0x93200382, 0x94200382, 0x95200382, 0x96200382, 0x97200382, 0x98200382, 0x99200382, 0xb0200382, 0xb1200382, 0xb2200382, 0xb3200382, 0xb7200382, 
    0xb8200382, 0xb9200382, 0xba200382, 0xbb200382, 0xbc200382, 0xbd200382, 0xbe200382, 0xbf200382, 0xc0200382, 0xc1200382, 0xc2200382, 0xc3200382, 
    0xc4200382, 0xc5200382, 0xc6200382, 0xc7200382, 0xc8200382, 0xe6200382, 0xe7200382, 0xe8200382, 0xee200382, 0xef200382, 0xf0200382, 0xf1200382, 
    0xf2200382, 0xf3200382, 0xf8200382, 0xf9200382, 0xfa200382, 0xfb200382, 0xfc200382, 0xfd200382, 0xfe200382, 0xff240382, 0x04052500, 0x09200382, 
    0x0a200382, 0x0b200382, 0x0d200382, 0x11200382, 0x13200382, 0x15200382, 0x16200382, 0xbd240382, 0xf4072500, 0xf5240382, 0x62082500, 0x65200382, 
    0x66200382, 0x6d200382, 0x6e200382, 0x6f200382, 0x70200382, 0x78200382, 0x79200382, 0x7a200382, 0x7b200382, 0x9e200382, 0xcf820382, 0xc3820820, 
    0x82c50821, 0x21bb820b, 0x0782c908, 0x2500cb23, 0x206f8209, 0x216f8209, 0x0b825209, 0x09213b82, 0x200782a6, 0x200382a7, 0x200382a9, 0x200382aa, 
    0x200382ab, 0x200382ad, 0x820382c1, 0xc709213f, 0xd5200782, 0xd62a0382, 0xb0002500, 0xb2ff0200, 0x03820300, 0x03820420, 0x03820520, 0x03820620, 
    0x03820720, 0x03820820, 0x03820920, 0x03820a20, 0x03820b20, 0x03820c20, 0x03820d20, 0x03820e20, 0x03820f20, 0x03821020, 0x03821120, 0x03821220, 
    0x03821320, 0x03821420, 0x03821520, 0x03821620, 0x03821720, 0x03821820, 0x03821920, 0x03821a20, 0x03821b20, 0x03821c20, 0x03821d20, 0x03821e20, 
    0x03821f20, 0x03822020, 0x03822120, 0x03822220, 0x03822320, 0x03822420, 0x03822520, 0x03822620, 0x03822720, 0x03822820, 0x03822920, 0x03822a20, 
    0x03822b20, 0x03822c20, 0x03822d20, 0x03822e20, 0x03822f20, 0x03823020, 0x03823120, 0x03823220, 0x03823320, 0x03823420, 0x03823520, 0x03823620, 
    0x03823720, 0x03823820, 0x03823920, 0x03823a20, 0x03823b20, 0x03823c20, 0x03823d20, 0x03823e20, 0x03823f20, 0xb2ff4022, 0x2636d351, 0xffc90169, 
    0x82ca0169, 0x82cb2003, 0x82cc2003, 0x82cd2003, 0x82ce2003, 0x82cf2003, 0x82d02003, 0x82d12003, 0xffd22403, 0x82d3018c, 0x82d42003, 0x82d52003, 
    0x82d62003, 0x82d72003, 0xffd82403, 0x82d90146, 0x82da2003, 0x82db2003, 0x82dc2003, 0x82dd2003, 0x82de2003, 0x82df2003, 0x82e02003, 0x82e12003, 
    0x82e22003, 0x82e32003, 0x82e42003, 0x82e52003, 0x82e62003, 0x82eb2003, 0x82ec2003, 0x82ef2003, 0xfff02403, 0x82f10180, 0x82f22003, 0x82f32003, 
    0x82f42003, 0x82f52003, 0x82f62003, 0x82f72003, 0x82f82003, 0x82f92003, 0xfffa3c03, 0xffd50380, 0xfff803b2, 0xff1104b2, 0xff2b0446, 0xff2f0469, 
    0xff3004bb, 0x82360498, 0x82392007, 0x0927520f, 0x47046922, 0x53201382, 0x542c1382, 0x81045eff, 0x050869ff, 0x0608b2ff, 0x07200382, 0x08200382, 
    0x09200382, 0x0a200382, 0x47520382, 0x08692209, 0x2027823f, 0x20038240, 0x24038241, 0x088cff42, 0x24038243, 0x0846ff44, 0x20038245, 0x24038246, 
    0x0880ff47, 0x2b038248, 0x098cffb2, 0x095eff29, 0x09b2ff6f, 0x22055f52, 0x828b098c, 0xff91220b, 0x06635269, 0x97094626, 0x9a0946ff, 0x9e202782, 
    0xa3200382, 0xae200382, 0xed201f82, 0xee201f82, 0xef200382, 0xf0200382, 0xf2200382, 0xf3201782, 0xf42e0382, 0xff008cff, 0xbbff1b02, 0x8cffa502, 
    0x0782fe02, 0xbbffff28, 0x8cff0003, 0x03820103, 0x0b820220, 0x03820320, 0x03820420, 0x03820520, 0x03820620, 0x03820720, 0x03820820, 0x03820920, 
    0x03820b20, 0x03820c20, 0x03820d20, 0x03820e20, 0x03820f20, 0x03821020, 0x03821120, 0x03821220, 0x03821320, 0x03821420, 0x03824b20, 0x03824c20, 
    0x03824e20, 0x03824f20, 0x03825020, 0x03825320, 0x03825420, 0x03825520, 0x03825620, 0x03825a20, 0x03825b20, 0x03825c20, 0x03825d20, 0x03825e20, 
    0x03825f20, 0x03826020, 0x03826120, 0x03826220, 0x03826320, 0x03826420, 0x9b829320, 0x03829420, 0x03829520, 0x03829620, 0x03829720, 0x03829820, 
    0x03829920, 0x0321f982, 0x2007829b, 0x2003829c, 0x2003829d, 0x2003829e, 0x2003829f, 0x200382a0, 0x200382a1, 0x200382a2, 0x200382a3, 0x200382a4, 
    0x200382a5, 0x200382a6, 0x200382a7, 0x200382a8, 0x200382a9, 0x200382aa, 0x200382ab, 0x200382ac, 0x200382ad, 0x200382ae, 0x200382af, 0x200382b0, 
    0x200382b1, 0x200382b2, 0x240382b3, 0x04bbffb4, 0x20038270, 0x20038282, 0x20038283, 0x20038284, 0x20038285, 0x20038286, 0x20038287, 0x20038288, 
    0x20038289, 0x2003828a, 0x2003828b, 0x2003828c, 0x2003828d, 0x2003828e, 0x2003828f, 0x20038290, 0x20038291, 0x20038292, 0x20038293, 0x20038294, 
    0x20038295, 0x20038296, 0x20038297, 0x20038298, 0x20038299, 0x200382ae, 0x200382b0, 0x200382b1, 0x200382b2, 0x200382b3, 0x200382b7, 0x200382b8, 
    0x200382b9, 0x200382ba, 0x200382bb, 0x200382bc, 0x200382bd, 0x200382be, 0x200382bf, 0x200382c0, 0x200382c1, 0x200382c2, 0x200382c3, 0x200382c4, 
    0x200382c5, 0x200382c6, 0x200382c7, 0x200382c8, 0x200382e5, 0x200382e6, 0x200382e7, 0x200382e8, 0x200382ee, 0x200382ef, 0x200382f0, 0x200382f1, 
    0x200382f2, 0x200382f3, 0x200382f8, 0x200382f9, 0x200382fa, 0x200382fb, 0x200382fc, 0x200382fd, 0x240382fe, 0x05bbffff, 0x24038204, 0x058cff05, 
    0x20078209, 0x2003820a, 0x2003820b, 0x20038211, 0x20038213, 0x20038215, 0x20038216, 0x2403823d, 0x0575ff42, 0x20078245, 0x20038249, 0x630b824c, 
    0x912013cf, 0xaf201b82, 0xb3231b82, 0x8205b5ff, 0xbf0521cf, 0xd0240782, 0xd1050cff, 0xdd240382, 0xde053bff, 0xdf200382, 0xe1240382, 0xe20580ff, 
    0xe3200382, 0xe4200382, 0xe5200382, 0xe8282782, 0xe9059eff, 0xea05d8ff, 0xeb200782, 0xec220782, 0x076446ff, 0xff072a24, 0xff79062f, 0xff7a0695, 
    0x0b0b6495, 0xfff40725, 0x82f507bb, 0xfffa3003, 0xfffb073b, 0xfffc0780, 0xff030880, 0x8204080c, 0xff6d2403, 0x826e08bb, 0x826f2003, 0x82702003, 
    0x82782003, 0x82792003, 0x827a2003, 0x827b2003, 0xff842403, 0x8285088c, 0x82862003, 0x82872003, 0x82882003, 0x82892003, 0x828a2003, 0x828b2003, 
    0x828c2003, 0x82be2003, 0x82c22027, 0x82c52003, 0x82c62003, 0x82c92003, 0x82cb2003, 0xffcd2403, 0x82ce083b, 0x82cf2003, 0x82d0206f, 0x82d12003, 
    0xffd4240b, 0x82d508b5, 0xffd7280b, 0xff0a0980, 0x820b09bb, 0xff102403, 0x8211090c, 0x82522003, 0x2183820b, 0x0782a609, 0x0382a720, 0x0382a920, 
    0x0382aa20, 0x0382ab20, 0x0382ad20, 0x0382c120, 0x09216782, 0x200782c7, 0x2e0382d5, 0x0abbffd6, 0x0b80ff17, 0x008cff4c, 0x82c50002, 0x003c2a03, 
    0x00490000, 0x003b005e, 0x0801827a, 0x89005122, 0x52008c00, 0xc600a100, 0xc9005600, 0x7c00cc00, 0xd400d100, 0xd6008000, 0x8400da00, 0xe300dc00, 
    0xe6262182, 0x9100e800, 0x0182ea00, 0x09019436, 0x95004401, 0x75014601, 0x7701d100, 0x01017e01, 0xa8019b01, 0x4a0c1582, 0x01c101aa, 0x01c70117, 
    0x012f01d4, 0x011a02d6, 0x021c023d, 0x0282011e, 0x01560223, 0x02580285, 0x02b90159, 0x0164025b, 0x026602bb, 0x02c50185, 0x01890287, 0x028b02e5, 
    0x02e8018c, 0x01910290, 0x029302ea, 0x02ec0193, 0x01a5029e, 0x02a802ed, 0x02f501cd, 0x02d702cf, 0x02d9021b, 0x022402e3, 0x02ee02e5, 0x02f0022f, 
    0x023902f3, 0x02fc02f5, 0x03fe023d, 0x03450200, 0x02060302, 0x03090348, 0x034d020a, 0x0214030c, 0x0316034f, 0x03580219, 0x0248031b, 0x034a035c, 
    0x038a0250, 0x02520352, 0x03540391, 0x03920257, 0x02640359, 0x03760396, 0x03a20276, 0x027a0379, 0x037d03a3, 0x03a5027d, 0x0295037f, 0x039703a6, 
    0x03bd02b0, 0x02b403b2, 0x03d403d7, 0x03da02d9, 0x02e003db, 0x03e603e0, 0x03e602f8, 0x020104fc, 0x040304f9, 0x04ff020c, 0x0311040e, 0x042b0409, 
    0x040d032b, 0x0330042d, 0x0433040e, 0x04120334, 0x033b0436, 0x043d0414, 0x041a033d, 0x034a0440, 0x044d041b, 0x0426034d, 0x036f0453, 0x04710427, 
    0x04440372, 0x03810474, 0x049a0446, 0x0454039a, 0x039c049c, 0x049e0455, 0x0456039e, 0x03a604a1, 0x04a80457, 0x045d03b3, 0x03e404b5, 0x04e70469, 
    0x049903e9, 0x030105ed, 0x0505059c, 0x05b10309, 0x0314050b, 0x051605b6, 0x05c00317, 0x031a051a, 0x051c05c2, 0x05c3031c, 0x031f051e, 0x052105c4, 
    0x05c60321, 0x032a052a, 0x053405c7, 0x05c80334, 0x033e053d, 0x054605c9, 0x05cb0346, 0x03490548, 0x056a05cc, 0x05ce036a, 0x036c056c, 0x056e05cf, 
    0x05d0036e, 0x03710571, 0x058605d1, 0x05d20389, 0x038d058c, 0x059105d6, 0x05d80391, 0x03950595, 0x059a05d9, 0x05da039a, 0x039d059c, 0x059f05db, 
    0x05dd039f, 0x03a305a3, 0x05a505de, 0x05df03a6, 0x03a805a8, 0x05aa05e1, 0x05e203aa, 0x03b005b0, 0x05b205e3, 0x05e403b3, 0x03bd05b8, 0x05bf05e6, 
    0x05ec03bf, 0x03c405c3, 0x05ca05ed, 0x05ef03cb, 0x03d105ce, 0x05d605f1, 0x05f503d6, 0x03df05dd, 0x05e105f6, 0x05f903e1, 0x03e505e4, 0x05e805fa, 
    0x05fc03eb, 0x04ed05ed, 0x05f20500, 0x050104f5, 0x04f805f8, 0x06ff0505, 0x06060402, 0x04070605, 0x060c060a, 0x060d040c, 0x040e060e, 0x0618060e, 
    0x060f041c, 0x041f061f, 0x06580614, 0x06150477, 0x047a0679, 0x067c0635, 0x0637047c, 0x0483067f, 0x06860638, 0x073d0488, 0x040a0708, 0x07200740, 
    0x07430422, 0x04350735, 0x07390746, 0x07470439, 0x0443073c, 0x075e0748, 0x0750045e, 0x04ee07ec, 0x07f10751, 0x075404f5, 0x04f807f7, 0x08fa0759, 
    0x085b0400, 0x040a0803, 0x080d0862, 0x086a040f, 0x04140814, 0x0816086d, 0x086e0418, 0x042b081b, 0x08330871, 0x0882043b, 0x0448083d, 0x084e088b, 
    0x0897045d, 0x047b085f, 0x088108a7, 0x08c40490, 0x049f0893, 0x08a108d4, 0x08e104a5, 0x04b208b1, 0x08b408e6, 0x08e804b5, 0x04bb08bb, 0x08be08ea, 
    0x08eb04c2, 0x04c908c4, 0x08cb08f0, 0x08f604cb, 0x04d108cd, 0x08d408f7, 0x08fc04d5, 0x04eb08eb, 0x090209fe, 0x09ff0404, 0x050b0907, 0x090d0902, 
    0x0907050e, 0x05110910, 0x09190909, 0x090b0519, 0x051c091b, 0x0926090c, 0x090e0526, 0x05290929, 0x0940090f, 0x09100540, 0x05450945, 0x09520911, 
    0x09120554, 0x055b095b, 0x096f0915, 0x09160570, 0x05720972, 0x097d0918, 0x09190585, 0x058c0987, 0x09910922, 0x09280591, 0x05970994, 0x09990929, 
    0x092d059a, 0x059e099d, 0x09a3092f, 0x093105a3, 0x05ab09a5, 0x09ad0932, 0x093905ae, 0x05b409b4, 0x09b6093b, 0x093c05b9, 0x05be09bc, 0x09c10940, 
    0x094305c7, 0x05cb09c9, 0x09d1094a, 0x094d05d1, 0x05d609d6, 0x09e9094e, 0x094f05f4, 0x05f809f8, 0x0a170a5b, 0x0a5c0517, 0x05290a28, 0x0a330a5d, 
    0x0b5f0534, 0x05400b40, 0x0b4a0b61, 0x0b62054a, 0x054c0b4c, 0x0b520b63, 0x01640553, 0x0041009e, 0x82420045, 0x82432003, 0x82442003, 0x82452003, 
    0x82462003, 0x82472003, 0x82482003, 0x82542003, 0x82552003, 0x82562003, 0x82572003, 0x82582003, 0x82592003, 0x825a2003, 0x825b2003, 0x825c2003, 
    0x825d2003, 0x825e2003, 0x825f2003, 0x82602003, 0x82612003, 0x82622003, 0x82632003, 0x82642003, 0x82652003, 0x82662003, 0x82672003, 0x82682003, 
    0x82692003, 0x826a2003, 0x826b2003, 0x826c2003, 0x826d2003, 0x826e2003, 0x826f2003, 0x82702003, 0x82712003, 0x82722003, 0x82732003, 0x82742003, 
    0x82752003, 0x82762003, 0x82772003, 0x82782003, 0x82792003, 0x827b2003, 0x82842003, 0x82852003, 0x82862003, 0x82872003, 0x82882003, 0x82892003, 
    0x828b2003, 0x82a12003, 0x82a22003, 0x82a32003, 0x82a42003, 0x82a52003, 0x82a62003, 0x82a72003, 0x82a82003, 0x82a92003, 0x82aa2003, 0x82ab2003, 
    0x82ac2003, 0x82ad2003, 0x82ae2003, 0x82af2003, 0x82b02003, 0x82b12003, 0x82b22003, 0x82b32003, 0x82b42003, 0x82b52003, 0x82b62003, 0x82b72003, 
    0x82b82003, 0x82b92003, 0x82ba2003, 0x82bb2003, 0x82bc2003, 0x82bd2003, 0x82be2003, 0x82bf2003, 0x82c02003, 0x82c12003, 0x82c22003, 0x82c32003, 
    0x82c42003, 0x82c52003, 0x82c62003, 0x82c92003, 0x82ca2003, 0x82cb2003, 0x82cc2003, 0x82d12003, 0x82d22003, 0x82d32003, 0x82d62003, 0x82d72003, 
    0x82d82003, 0x82d92003, 0x82e82003, 0x00ea2403, 0x820f0145, 0x82102003, 0x82112003, 0x82122003, 0x82132003, 0x82142003, 0x82162003, 0x82172003, 
    0x82182003, 0x82192003, 0x821a2003, 0x821b2003, 0x821c2003, 0x821d2003, 0x821e2003, 0x821f2003, 0x82202003, 0x82212003, 0x82222003, 0x82232003, 
    0x82242003, 0x82252003, 0x82262003, 0x82272003, 0x82282003, 0x82292003, 0x822a2003, 0x822b2003, 0x822c2003, 0x822d2003, 0x822e2003, 0x822f2003, 
    0x82302003, 0x82312003, 0x82322003, 0x82332003, 0x82342003, 0x82352003, 0x82372003, 0x82382003, 0x82392003, 0x823a2003, 0x823b2003, 0x823c2003, 
    0x823d2003, 0x823e2003, 0x823f2003, 0x82402003, 0x82772003, 0x82782003, 0x82792003, 0x827a2003, 0x827b2003, 0x827c2003, 0x827d2003, 0x82802003, 
    0x82812003, 0x82822003, 0x82832003, 0x82842003, 0x82852003, 0x82862003, 0x82872003, 0x82882003, 0x82892003, 0x828a2003, 0x828b2003, 0x828c2003, 
    0x009a2403, 0x82420245, 0x82442003, 0x82452003, 0x82462003, 0x82472003, 0x82482003, 0x82492003, 0x82882003, 0x828a2003, 0x202f8203, 0x212f8202, 
    0x0b828d02, 0x03828f20, 0x03829e20, 0x03829f20, 0x0382a020, 0x0382a120, 0x0382a220, 0x0382a320, 0x0382a420, 0x0382a520, 0x0382a820, 0x0382a920, 
    0x0382aa20, 0x0382ab20, 0x0382ac20, 0x0382ad20, 0x0382ae20, 0x0382af20, 0x0382b020, 0x0382c220, 0x0382d620, 0x0382d720, 0x0382d920, 0x0382da20, 
    0x0382db20, 0x0382dc20, 0x0382dd20, 0x0382df20, 0x0382e020, 0x0382e120, 0x5100e224, 0x0782e302, 0x0382e420, 0x0382e620, 0x0382e720, 0x0382e820, 
    0x0382e920, 0x0382ea20, 0x0382eb20, 0x0382ec20, 0x0382ed20, 0x0382ee20, 0x0382ef20, 0x0382f420, 0x0382f520, 0x0382f620, 0x0382f720, 0x0382f820, 
    0x0382f920, 0x0382fa20, 0x0382fb20, 0x4500fc24, 0x03820003, 0x03820120, 0x03824d20, 0x03827620, 0x03827720, 0x03828920, 0x0321f382, 0x8207828b, 
    0x8d0321f3, 0x8e200782, 0x8f200382, 0x90200382, 0x91200382, 0x92200382, 0x93200382, 0x94200382, 0x95200382, 0x96200382, 0x97200382, 0x98200382, 
    0x99200382, 0x9a200382, 0x9b200382, 0x9c200382, 0x9d200382, 0x9e200382, 0x9f200382, 0xa0200382, 0xa1200382, 0xa2200382, 0xa3200382, 0xa4200382, 
    0xa5200382, 0xa6200382, 0xa7200382, 0xa8200382, 0xa9200382, 0xaa200382, 0xab200382, 0xac200382, 0xad200382, 0xae200382, 0xaf200382, 0xb0200382, 
    0xb1200382, 0xb2200382, 0xb3240382, 0x09044500, 0x0a200382, 0x0e200382, 0x2c200382, 0x2d200382, 0x33200382, 0x34200382, 0x35200382, 0x38200382, 
    0x3b200382, 0x40200382, 0x42200382, 0x43200382, 0x45200382, 0x46200382, 0x48200382, 0x4a200382, 0x4c200382, 0xff820382, 0x00050525, 0x82270545, 
    0x20338203, 0x21338205, 0x0b823c05, 0x4500b028, 0x45001d06, 0x03820107, 0x17193f20, 0x5e20129d, 0xec201382, 0xed200382, 0xee200382, 0xef200382, 
    0xf1200382, 0xf2200382, 0xf3200382, 0xf8240382, 0x0b084500, 0x0c200382, 0x0e200382, 0x0f200382, 0x10200382, 0x11200382, 0x12200382, 0x13200382, 
    0x14200382, 0x16200382, 0x17200382, 0x18200382, 0x1b200382, 0x1c200382, 0x77820382, 0x821e0821, 0x821f2007, 0x82202003, 0x82212003, 0x82222003, 
    0x82232003, 0x822b2003, 0x20ef8203, 0x21ef8208, 0x0b822e08, 0x03825420, 0x03825520, 0x03825f20, 0x03826020, 0x03826120, 0x03826920, 0x03826a20, 
    0x03826b20, 0x03826c20, 0x03828420, 0x03828520, 0x03828620, 0x03828720, 0x03828820, 0x03828920, 0x03828a20, 0x03828b20, 0x03828c20, 0x03829f20, 
    0x0382a020, 0x0382a120, 0x0382a220, 0x0382a320, 0x0382a420, 0x0382a520, 0x0382af20, 0x0382b420, 0x4500ec24, 0x03820209, 0x03820320, 0x03820420, 
    0x03820520, 0x03820720, 0x03820820, 0x03820920, 0x0921e782, 0x2007821a, 0x2003821c, 0x20038236, 0x82038247, 0x7d09219f, 0x7e200782, 0x81200382, 
    0x82200382, 0x83200382, 0x88200382, 0x8a200382, 0x7b820382, 0x828e0921, 0x828f2007, 0x82992003, 0x82ca2003, 0x82cb2003, 0x82e92003, 0x82ea2003, 
    0x82eb2003, 0x20778303, 0x240782f1, 0x0b4500f8, 0x2003824c, 0x24038252, 0x01450053, 0xd47946ae, 0x51008a23, 0x9b7d4600, 0x20477946, 0x827d4615, 
    0x51003623, 0x7a814601, 0x009b0125, 0x829c0145, 0x829d2003, 0x829e2003, 0x829f2003, 0x82a02003, 0x82a12003, 0x82a22003, 0x82a32003, 0x82a52003, 
    0x82a62003, 0x46a72003, 0xa82352b1, 0x46025100, 0xf3781fad, 0x82b4200b, 0x82b5202f, 0x82b62003, 0x11ff7803, 0xbd025122, 0xbe201782, 0xbf200382, 
    0x210c0779, 0x416a0251, 0x82cc201b, 0x82cd202f, 0x82cf202f, 0x82d22007, 0x82d32003, 0x06c16b03, 0x25470220, 0x47452029, 0x0a235425, 0x47035100, 
    0x9d463221, 0x463c2028, 0x412006a1, 0x200aa546, 0x19a94644, 0x00540425, 0x460d0545, 0x696b19ad, 0x07452106, 0x2313b146, 0x07450057, 0x2487b546, 
    0x08450033, 0x16bd4634, 0x17826220, 0x51006324, 0x03826408, 0x460b2d6c, 0x9e200fd5, 0x204ab546, 0x06b14629, 0x51003d23, 0x1bb54609, 0xb9468520, 
    0x46952016, 0xb94626bd, 0x40022706, 0x51004100, 0x03824200, 0x03824320, 0x03824420, 0x03824520, 0x03824620, 0x03824720, 0x03824820, 0x03825420, 
    0x03825520, 0x03825620, 0x03825720, 0x03825820, 0x03825920, 0x03825a20, 0x03825b20, 0x03825c20, 0x03825d20, 0x03825e20, 0x03825f20, 0x03826020, 
    0x03826120, 0x03826220, 0x03826320, 0x03826420, 0x03826520, 0x03826620, 0x03826720, 0x03826820, 0x03826920, 0x03826a20, 0x03826b20, 0x03826c20, 
    0x03826d20, 0x03826e20, 0x03826f20, 0x03827020, 0x03827120, 0x03827220, 0x03827320, 0x03827420, 0x03827520, 0x03827620, 0x03827720, 0x03827820, 
    0x03827920, 0x03827b20, 0x03828420, 0x03828520, 0x03828620, 0x03828720, 0x03828820, 0x03828920, 0x45008a24, 0x07828b00, 0x0382a120, 0x0382a220, 
    0x0382a320, 0x0382a420, 0x0382a520, 0x0382a620, 0x0382a720, 0x0382a820, 0x0382a920, 0x0382aa20, 0x0382ab20, 0x0382ac20, 0x0382ad20, 0x0382ae20, 
    0x0382af20, 0x0382b020, 0x0382b120, 0x0382b220, 0x0382b320, 0x0382b420, 0x0382b520, 0x0382b620, 0x0382b720, 0x0382b820, 0x0382b920, 0x0382ba20, 
    0x0382bb20, 0x0382bc20, 0x0382bd20, 0x0382be20, 0x0382bf20, 0x0382c020, 0x0382c120, 0x0382c220, 0x0382c320, 0x0382c420, 0x0382c520, 0x0382c620, 
    0x0382ca20, 0x0382cb20, 0x0382cc20, 0x0382d120, 0x0382d220, 0x0382d320, 0x0382d620, 0x0382d720, 0x0382d820, 0x0382d920, 0x0382e820, 0x5100ea24, 
    0x03820f01, 0x03821020, 0x03821120, 0x03821220, 0x03821320, 0x03821420, 0x5d001524, 0x07821601, 0x03821720, 0x03821820, 0x03821920, 0x03821a20, 
    0x03821b20, 0x03821c20, 0x03821d20, 0x03821e20, 0x03821f20, 0x03822020, 0x03822120, 0x03822220, 0x03822320, 0x03822420, 0x03822520, 0x03822620, 
    0x03822720, 0x03822820, 0x03822920, 0x03822a20, 0x03822b20, 0x03822c20, 0x03822d20, 0x03822e20, 0x03822f20, 0x03823020, 0x03823120, 0x03823220, 
    0x03823320, 0x03823420, 0x03823520, 0x45003624, 0x07823701, 0x03823820, 0x03823920, 0x03823a20, 0x03823b20, 0x03823c20, 0x03823d20, 0x03823e20, 
    0x03823f20, 0x03824020, 0x03827720, 0x03827820, 0x03827920, 0x03827a20, 0x03827b20, 0x03827c20, 0x03827d20, 0x03828020, 0x03828120, 0x03828220, 
    0x03828320, 0x03828420, 0x03828520, 0x03828620, 0x03828720, 0x03828820, 0x03828920, 0x03828a20, 0x03828b20, 0x03828c20, 0x03829a20, 0x5d009b24, 
    0x03829c01, 0x03829d20, 0x03829e20, 0x03829f20, 0x0382a020, 0x0382a120, 0x0382a220, 0x0382a320, 0x0382a520, 0x0382a620, 0x5d00a72c, 0x2c001b02, 
    0x51004202, 0x03824402, 0x03824520, 0x03824620, 0x03824720, 0x03824820, 0x03824920, 0x03828820, 0x03828a20, 0x02206382, 0x02216382, 0x200b828d, 
    0x2003828f, 0x2003829e, 0x2003829f, 0x200382a0, 0x200382a1, 0x200382a2, 0x200382a3, 0x460382a4, 0x512205bd, 0x0b82aa02, 0x0382ab20, 0x0382ac20, 
    0x0382ad20, 0x0382ae20, 0x0382af20, 0x0382b020, 0x210dbd46, 0xbd460245, 0x02452105, 0x2011bd46, 0x06bd4645, 0x46024521, 0x68240dbd, 0x4500c302, 
    0x710eff70, 0x452207c1, 0x1b82cc02, 0x2205bd46, 0x82d20245, 0x82d3200b, 0x82d42003, 0x82d52003, 0x82d62003, 0x82d7207f, 0x82d92003, 0x82da2003, 
    0x82db2003, 0x82dc2003, 0x82dd2003, 0x82df2003, 0x82e02003, 0x82e12003, 0x05e34d03, 0xe4025122, 0xe6200b82, 0xe7200382, 0xe8200382, 0xe9200382, 
    0xea200382, 0xeb200382, 0xec200382, 0xed200382, 0xee200382, 0xef200382, 0xf4200382, 0xf5200382, 0xf6200382, 0xf7200382, 0xf8200382, 0xf9200382, 
    0xfa200382, 0xfb200382, 0xfc200382, 0xfe280382, 0xff022c00, 0x02032c00, 0x03200382, 0x04200382, 0x05200382, 0x06200382, 0x07200382, 0x08200382, 
    0x09200382, 0x0a240382, 0x0b034500, 0x0c200782, 0x0d200382, 0x0e200382, 0x0f200382, 0x10200382, 0x11200382, 0x12200382, 0x13200382, 0x14200382, 
    0x4b200382, 0x4c200382, 0x4d240382, 0x4e035100, 0x4f200782, 0x50200382, 0x53200382, 0x54200382, 0x55200382, 0x56200382, 0x5a200382, 0x5b200382, 
    0x5c200382, 0x5d200382, 0x5e200382, 0x5f200382, 0x60200382, 0x61200382, 0x62200382, 0x63200382, 0x64200382, 0x76200382, 0x77204b82, 0x89200382, 
    0x8a200382, 0x8b200382, 0x8c200382, 0x8d200382, 0x8e200382, 0x8f200382, 0x90200382, 0x91200382, 0x92200382, 0xb4280382, 0x09042c00, 0x0a045100, 
    0x0e200382, 0x2c200382, 0x2d200382, 0x33200382, 0x34200382, 0x35200382, 0x38200382, 0x3b200382, 0x3c240382, 0x40045d00, 0x41200782, 0x42200782, 
    0x43200782, 0x44200382, 0x45200b82, 0x46200782, 0x48200382, 0x4a200382, 0x4c200382, 0xd3820382, 0x82540421, 0x8270201b, 0x8282205f, 0x82832003, 
    0x82842003, 0x82852003, 0x82862003, 0x82872003, 0x82882003, 0x82892003, 0x828a2003, 0x828b2003, 0x828c2003, 0x828d2003, 0x828e2003, 0x828f2003, 
    0x82902003, 0x82912003, 0x82922003, 0x82932003, 0x82942003, 0x82952003, 0x82962003, 0x82972003, 0x82982003, 0x82992003, 0x82b02003, 0x82b12003, 
    0x82b22003, 0x82b32003, 0x82b72003, 0x82b82003, 0x82b92003, 0x82ba2003, 0x82bb2003, 0x82bc2003, 0x82bd2003, 0x82be2003, 0x82bf2003, 0x82c02003, 
    0x82c12003, 0x82c22003, 0x82c32003, 0x82c42003, 0x82c52003, 0x82c62003, 0x82c72003, 0x82c82003, 0x82e62003, 0x82e72003, 0x82e82003, 0x82ee2003, 
    0x82ef2003, 0x82f02003, 0x82f12003, 0x82f22003, 0x82f32003, 0x82f82003, 0x82f92003, 0x82fa2003, 0x82fb2003, 0x82fc2003, 0x82fd2003, 0x82fe2003, 
    0x00ff2403, 0x8204052c, 0x82092003, 0x820a2003, 0x820b2003, 0x000d2403, 0x82110545, 0x82132007, 0x82152003, 0x82162003, 0x00272403, 0x82380551, 
    0x823b2003, 0x823c2003, 0x82b02003, 0x00bd3003, 0x001d062c, 0x00230651, 0x00010745, 0x823f0751, 0x82402003, 0x82412003, 0x82422003, 0x82432003, 
    0x00572403, 0x825e075d, 0x82ec2007, 0x82ed2003, 0x82ee2003, 0x82ef2003, 0x82f12003, 0x82f22003, 0x82f32003, 0x00f42403, 0x82f5072c, 0x00f82403, 
    0x820b0851, 0x820c2003, 0x820e2003, 0x820f2003, 0x82102003, 0x82112003, 0x82122003, 0x82132003, 0x82142003, 0x82162003, 0x82172003, 0x82182003, 
    0x821b2003, 0x821c2003, 0x21878203, 0x07821e08, 0x03821f20, 0x03822020, 0x03822120, 0x03822220, 0x03822320, 0x03822b20, 0x03822c20, 0x03822d20, 
    0x03822e20, 0x5d003324, 0x03823408, 0x0b825420, 0x03825520, 0x03825f20, 0x03826020, 0x03826120, 0x23058d48, 0x00640845, 0x220bbb74, 0x82690845, 
    0x826a201b, 0x826b2003, 0x826c2003, 0x006d2403, 0x826e082c, 0x826f2003, 0x82702003, 0x82782003, 0x82792003, 0x827a2003, 0x827b2003, 0x05ad4803, 
    0xa0085122, 0xa1202b82, 0xa2200382, 0xa3200382, 0xa4200382, 0xa5200382, 0xaf200382, 0xb4200382, 0xbe200382, 0xc2202b82, 0xc5200382, 0xc6200382, 
    0xc9200382, 0xcb200382, 0xec240382, 0x02095100, 0x03200382, 0x04200382, 0x05200382, 0x07200382, 0x08200382, 0x09200382, 0x0a240382, 0x0b092c00, 
    0x0e200382, 0x29240b82, 0x36095d00, 0x21051d76, 0x07824709, 0x17825220, 0x0920db82, 0x09219782, 0x200f827d, 0x2003827e, 0x20038281, 0x20038282, 
    0x20038283, 0x202f8285, 0x20078288, 0x2003828a, 0x2003828c, 0x2003828e, 0x2003828f, 0x20178295, 0x20078299, 0x203f82a6, 0x200382a7, 0x200382a9, 
    0x200382aa, 0x200382ab, 0x200382ad, 0x820382c1, 0xc70921ab, 0xca200782, 0xcb202782, 0xd5200382, 0xd6200b82, 0xe9200382, 0xea200b82, 0xeb200382, 
    0xbb830382, 0x0782f120, 0x5100f824, 0x0382520b, 0x51005324, 0xbb4fec02, 0xff492420, 0x824a00af, 0x824b2003, 0x824c2003, 0x824d2003, 0x824e2003, 
    0x824f2003, 0x82502003, 0x82512003, 0x82522003, 0x82532003, 0xb3615603, 0xc5008a28, 0x45008b00, 0xbf828d00, 0x03828e20, 0x03828f20, 0x03829020, 
    0x03829120, 0x03829220, 0x03829320, 0x03829420, 0x03829520, 0x03829620, 0x03829720, 0x2f82a120, 0x0382a220, 0x0382a320, 0x0382a420, 0x50879156, 
    0xff224813, 0x9156018c, 0x0036227f, 0x281350c5, 0xafff4124, 0x03824201, 0x03824320, 0x03824420, 0x03824520, 0x03824620, 0x03824720, 0x03824820, 
    0x03824920, 0x03824a20, 0x03824b20, 0x03824c20, 0x03824d20, 0x03824e20, 0x03824f20, 0x03825020, 0x03825120, 0x03825220, 0x03825320, 0x03825420, 
    0x03825520, 0x03825620, 0x03825720, 0x03825820, 0x03825920, 0x03825a20, 0x03825b20, 0x03825c20, 0x03825d20, 0x03825e20, 0x03825f20, 0x03826020, 
    0x03826120, 0x03826220, 0x03826320, 0x03826420, 0x03826520, 0x03826620, 0x03826720, 0x03826820, 0x03826920, 0x03826a20, 0x03826b20, 0x03826c20, 
    0x03826d20, 0x03826e20, 0x03826f20, 0x03827020, 0x03827120, 0x03827220, 0x03827320, 0x03827420, 0x03827520, 0x03827620, 0x201b6d57, 0x201f827e, 
    0x5703827f, 0x6d572775, 0xdd481806, 0xa801212f, 0xa9206382, 0xaa200382, 0xab200382, 0xac200382, 0xad200382, 0xae200382, 0xaf200382, 0xb0200382, 
    0xb1200382, 0xb2200382, 0xb3200382, 0xb4200382, 0xb5200382, 0xb6200382, 0xb7200382, 0xb8200382, 0xb9200382, 0xba200382, 0xbb200382, 0xbc200382, 
    0xbd200382, 0xbe200382, 0xbf200382, 0xc0200382, 0xc1200382, 0xc2200382, 0xc3200382, 0xc4200382, 0xc5200382, 0xc6200382, 0xc7200382, 0xc8240382, 
    0xc9015eff, 0xca240382, 0x1b025eff, 0x20547b51, 0x227b5145, 0xb2022026, 0xb3022000, 0xb7200382, 0xb8200382, 0xba200382, 0xbb200382, 0xbc200382, 
    0xbf200382, 0xc0200382, 0xc1200382, 0xc4200382, 0xc5200382, 0xc6200382, 0xc7240382, 0xc802c500, 0xcb200382, 0xcd200b82, 0xcf200382, 0xd2200b82, 
    0xd3200382, 0xd4200382, 0xd5200382, 0x5b510382, 0xfe02297e, 0xff024500, 0x02034500, 0x03200382, 0x04200382, 0x05200382, 0x06200382, 0x07200382, 
    0x08200382, 0x09200382, 0x0a240382, 0x0b03c500, 0x0c200782, 0x0d200382, 0x0e200382, 0x0f200382, 0x10200382, 0x11200382, 0x12200382, 0x13200382, 
    0x14200382, 0x4b200382, 0x4c200382, 0x4d200382, 0x4e200382, 0x4f200382, 0x50200382, 0x53200382, 0x54200382, 0x55200382, 0x56200382, 0x5a200382, 
    0x5b200382, 0x5c200382, 0x5d200382, 0x5e200382, 0x5f200382, 0x60200382, 0x61200382, 0x62200382, 0x63200382, 0x64200382, 0x20321d59, 0x243382b4, 
    0x035effd4, 0x200382d6, 0x200382d7, 0x200382e5, 0x200382e6, 0x200382e7, 0x200382e8, 0x200382e9, 0x200382ea, 0x200382eb, 0x200382ec, 0x200382ed, 
    0x200382ee, 0x200382ef, 0x200382f0, 0x200382f1, 0x200382f2, 0x200382f3, 0x200382f4, 0x200382f5, 0x200382f6, 0x200382f7, 0x220382fc, 0x525efffd, 
    0x0c28085f, 0x0e04afff, 0x10044500, 0x11240782, 0x2b043bff, 0x0d591b82, 0x002f2707, 0xff320474, 0x155904a3, 0x8236200b, 0x82372013, 0x8238202b, 
    0x82392033, 0x823a202b, 0x823b200b, 0xff3c280b, 0xff3d048c, 0x82400423, 0x8241200b, 0x0731590b, 0x98ff4423, 0x07355904, 0x3b824720, 0x1f824820, 
    0x33824920, 0x210a3d59, 0x0f824e04, 0x4b825320, 0x37825420, 0x1f827020, 0x07827120, 0x07828220, 0x03828320, 0x03828420, 0x03828520, 0x03828620, 
    0x03828720, 0x03828820, 0x03828920, 0x03828a20, 0x03828b20, 0x03828c20, 0x03828d20, 0x03828e20, 0x03828f20, 0x03829020, 0x03829120, 0x03829220, 
    0x03829320, 0x03829420, 0x03829520, 0x03829620, 0x03829720, 0x03829820, 0x03829920, 0x0382b020, 0x0382b120, 0x0382b220, 0x0382b320, 0x0382b720, 
    0x0382b820, 0x0382b920, 0x0382ba20, 0x0382bb20, 0x0382bc20, 0x0382bd20, 0x0382be20, 0x0382bf20, 0x0382c020, 0x0382c120, 0x0382c220, 0x0382c320, 
    0x0382c420, 0x0382c520, 0x0382c620, 0x0382c720, 0x0382c820, 0xc782e420, 0xa3ffe524, 0x0b82e604, 0x0382e720, 0x0382e820, 0x5d00ea24, 0x0782ee04, 
    0x0382ef20, 0x0382f020, 0x0382f120, 0x0382f220, 0x0382f320, 0x1b82f520, 0x0382f620, 0x0382f720, 0x0f82f820, 0x0382f920, 0x0382fa20, 0x0382fb20, 
    0x0382fc20, 0x0382fd20, 0x0382fe20, 0x4500ff24, 0x03820405, 0x03820920, 0x03820a20, 0x03820b20, 0x20000d28, 0x5d001005, 0x0b821105, 0x03821320, 
    0x03821520, 0x03821620, 0x5eff1c27, 0xafffea07, 0x1b5d5a07, 0x4500f424, 0x655af507, 0xff0d230e, 0x695a08af, 0x8215201b, 0x2f6d5a1f, 0x33822420, 
    0x03822520, 0x03822620, 0x03822720, 0x03822820, 0x03822920, 0x03822a20, 0x700f895a, 0x352007e9, 0x36201b82, 0x37200382, 0x38200382, 0x39200382, 
    0x3a200382, 0x3b200382, 0x3c200382, 0x3d200382, 0x3e230382, 0x5a085eff, 0x622413b9, 0x65082000, 0x66200382, 0x67230382, 0x5308c500, 0x6d240ff3, 
    0x6e084500, 0x6f200382, 0x70200382, 0x78200382, 0x79200382, 0x7a200382, 0x7b200382, 0x8d200382, 0x93205782, 0x94200382, 0x95200382, 0x9e200382, 
    0xd95a4782, 0x82b1201f, 0x82b4208f, 0x82b5203b, 0x82be2007, 0x82c22007, 0x82c52003, 0x82c62003, 0x82c92003, 0x5acb2003, 0x002206f9, 0xfd5aafff, 
    0x000a241c, 0x5b0b0945, 0x29240605, 0x36098cff, 0x3d240b82, 0x4709c500, 0x52200782, 0x8206095b, 0x140d5bb3, 0x7b6f8420, 0x13155b06, 0x5eff9124, 
    0x1f829209, 0x03829420, 0x57829520, 0x4b829920, 0x0b829d20, 0x0782a620, 0x0382a720, 0x0382a920, 0x0382aa20, 0x0382ab20, 0x0382ad20, 0x2f82b420, 
    0x0382b820, 0x0382b920, 0x0f82c120, 0x0921cf82, 0x0a595bc7, 0x1782d120, 0x0f82d520, 0x655bd620, 0x82ed2012, 0x82ee201b, 0x82ef2003, 0x82f02003, 
    0x07755b03, 0x00533608, 0x00010045, 0x000a0000, 0x001800ce, 0x4c464402, 0x6cbc0154, 0x016e7461, 0x015a00c0, 0x01d001c8, 0x01e001d8, 0x01f001e8, 
    0x020002f8, 0x02100208, 0x02200218, 0x34018228, 0x02380230, 0x02280340, 0x02c00248, 0x02580250, 0x02b00260, 0x20038268, 0x20038270, 0x20038278, 
    0x20038280, 0x20038288, 0x20038290, 0x20038298, 0x200382a0, 0x200382a8, 0x082f82b8, 0xd002c863, 0xe002d802, 0xe8022204, 0xf802f002, 0x00036405, 
    0x08033004, 0x18031003, 0x28032003, 0x38033003, 0x48034003, 0x50031804, 0x60035803, 0x70036803, 0x80037803, 0x90038803, 0xa0039803, 0xb003a803, 
    0xc003b803, 0xd003c803, 0xe003d803, 0xf003e803, 0x0004f803, 0x10040804, 0x61612900, 0x5c04746c, 0x32058363, 0x73616374, 0x638a0365, 0x04706d63, 
    0x30766380, 0x82900331, 0x03322205, 0x22058296, 0x829c0333, 0x03342205, 0x220582a2, 0x82a80335, 0x03362205, 0x220582ae, 0x82b40337, 0x03382205, 
    0x280582ba, 0x63c00339, 0x03303176, 0x220582c6, 0x82cc0331, 0x03322205, 0x220582d2, 0x82d80333, 0x03343a05, 0x696c64de, 0x64640467, 0x036d6f6e, 
    0x617266e4, 0x6c900463, 0x036c636f, 0x200584ea, 0x2d0584f0, 0x6d756ef6, 0x6ffc0372, 0x046e6472, 0x0c82706c, 0x73020422, 0x082c9b83, 0x666e6973, 
    0x73730e04, 0x14043130, 0x32220582, 0x05821a04, 0x20043322, 0x34220582, 0x05822604, 0x2c043522, 0x36220582, 0x05823204, 0x38043722, 0x382f0582, 
    0x75733e04, 0x44047362, 0x73707573, 0x83744a04, 0x502a084d, 0x6f72657a, 0x36045604, 0x32040000, 0x41430300, 0x84042054, 0x204c4f4d, 0x4f52d804, 
    0x2c05204d, 0x00000100, 0x2e1c0100, 0x07830300, 0x85f61721, 0x5a05230f, 0x0f830600, 0x857c0921, 0x8e08230f, 0x0f830400, 0x00e41023, 0x21078305, 
    0x0f85b605, 0x85560521, 0xac0e2107, 0xac201786, 0x05210f85, 0x21078546, 0x3f85140f, 0x85100521, 0x5e05214f, 0x05211785, 0x8407882e, 0x8a09217f, 
    0xa4201f86, 0x04212f85, 0x840f88e6, 0xc0052187, 0x06210f85, 0x20078604, 0x210785f8, 0x07862c07, 0x07858620, 0x1f860820, 0x861a0821, 0x8652200f, 
    0x856c2007, 0xd2082157, 0x77848788, 0x86ea0821, 0x8574200f, 0x8604201f, 0x6e0d2107, 0xaa209f86, 0x04210785, 0x21078d8e, 0x2f85a805, 0x82da0c21, 
    0x00082407, 0x85220701, 0x88042107, 0x8a200786, 0x17822f82, 0x85aa0421, 0x2e0b2127, 0x82200786, 0x0e210785, 0x2007867c, 0x066f41f4, 0x07856e20, 
    0x04253f82, 0x01000000, 0x212f8604, 0x17852817, 0x85f60821, 0x820c2007, 0x211f831b, 0x0f858608, 0x858e0b21, 0x4a142107, 0x15210785, 0x20078546, 
    0x415f8618, 0x052107df, 0x2117853a, 0x07864805, 0x07865620, 0x07856420, 0x85700721, 0x860a2007, 0x72032177, 0x08210f85, 0x210785c4, 0x07855205, 
    0x37860620, 0x03218f87, 0x201786e6, 0x230785ca, 0x06004003, 0x02249f82, 0x4a043804, 0x04280984, 0x3e052e05, 0x78056605, 0x082c0d82, 0x96050500, 
    0xa8053206, 0xcc05ba05, 0x012a2582, 0xf4082e00, 0x4c000100, 0x0582fc08, 0x04094d22, 0x4e220582, 0x05820c09, 0x14094f22, 0x50220582, 0x05821c09, 
    0x24095122, 0x52220582, 0x05822c09, 0x34095322, 0x54220582, 0x05823c09, 0x44095522, 0x56220582, 0x05824c09, 0x54095722, 0x58220582, 0x05825c09, 
    0x59845920, 0x05841320, 0x05840e20, 0x05840d20, 0x05840c20, 0x05841220, 0x05843d20, 0x05844320, 0x74071127, 0x44000100, 0x22f18307, 0x82700745, 
    0x0746220b, 0x2205826e, 0x826c0747, 0x07482205, 0x2205826a, 0x82680749, 0x074a2205, 0x20058266, 0x2035844b, 0x2005843b, 0x2005843c, 0x2005843e, 
    0x2005823f, 0x26098402, 0x00020000, 0x823a0036, 0x0002240b, 0x82420040, 0x00042807, 0x0030002f, 0x82340033, 0x00062c0b, 0x00050003, 0x00080006, 
    0x820b0009, 0x000d390f, 0x00160014, 0x001a0018, 0x001e001c, 0x00220020, 0x00260024, 0x002a0028, 0x0805db42, 0x9c0e3d7e, 0xc40eb00e, 0xec0ed80e, 
    0xfa0d000f, 0xa00f140f, 0x84117c10, 0x280f0c0e, 0x9410b60f, 0x1e0e9e11, 0xcc0f3c0f, 0xb811ac10, 0x300e500d, 0x420e500f, 0x540e600d, 0xe20f640f, 
    0x660ec410, 0x780f780e, 0xdc10f80f, 0x8c0fd211, 0xf4100e10, 0x0c112410, 0x2411ec11, 0x02130612, 0x3a108a0e, 0x20123c11, 0x08141e13, 0x54115010, 
    0x3a133a12, 0x66102614, 0x54126c11, 0x44145613, 0xffff0000, 0x00248b82, 0x02000100, 0x0420b582, 0x0720b784, 0x0a32b984, 0x0c000b00, 0x0e000d00, 
    0x10000f00, 0x12001100, 0xc7821300, 0x19001822, 0x1b20c782, 0x1d20c982, 0x1f20cb82, 0x2120cd82, 0x2324cf82, 0x25002400, 0x27204782, 0x5183d582, 
    0xf5822720, 0x152151a7, 0x2053d100, 0x2053d216, 0x2a53a217, 0x00501901, 0x19010010, 0x820200b2, 0x006e2205, 0x200584da, 0x2205820d, 0x8301003e, 
    0x9c072105, 0x82200582, 0x19210f85, 0x2007827a, 0x2003823a, 0x20038252, 0x20038236, 0x20038250, 0x20038232, 0x20038268, 0x2003822e, 0x20038266, 
    0x20038246, 0x20038244, 0x2e0f8422, 0x19421902, 0x19020046, 0x02020074, 0x828a028a, 0x00802a09, 0x02880203, 0x008c028b, 0x26738403, 0x0068192a, 
    0x86070000, 0x191c220d, 0x200d8260, 0x2a3b820a, 0x19040070, 0x19361932, 0x823e193a, 0x006e2635, 0x06180604, 0x82038319, 0x006c220d, 0x2b438504, 
    0x02009f08, 0xf01bb818, 0xf01b3819, 0x20221782, 0x3346581b, 0xe01a2105, 0x30204182, 0x0022c182, 0x11821700, 0x621b0126, 0xce1a0100, 0x01205982, 
    0x2b200382, 0xbc262386, 0xe21a0200, 0x25840c19, 0x13821920, 0xa81a0126, 0x76180100, 0x27832984, 0x13832d20, 0x828a1921, 0x00162249, 0x20258400, 
    0x20118441, 0x20118278, 0x82118a0c, 0x701a291b, 0x961a0300, 0xc018961a, 0x1b202784, 0x0830fb84, 0x7e200c20, 0x721c7e20, 0xca1cca1c, 0xfa2fe61b, 
    0x64321582, 0x1a190800, 0x021b0819, 0xbe18e818, 0xd618c218, 0xb782dc18, 0x08006232, 0x59054905, 0x73064206, 0xa4068b06, 0xd1079307, 0xfe32d782, 
    0x14090800, 0x12091509, 0x11091309, 0x16091009, 0x2b821709, 0x2b824a20, 0x5a054a2e, 0x75064406, 0xa6068d06, 0xd2079407, 0x48201582, 0x4c2e1582, 
    0x49065c05, 0x92067a06, 0x9607ab06, 0x1582d407, 0x15824620, 0x5d054d2e, 0x7d064c06, 0xae069506, 0xd5079707, 0x44201582, 0x4e2e1582, 0x50065e05, 
    0x99068106, 0x9807b206, 0x1582d607, 0x15824220, 0x5b054b2e, 0x78064706, 0xa9069006, 0xd3079507, 0x002aed82, 0x8e170200, 0x01003218, 0xf1824818, 
    0x03820320, 0x84170224, 0x0f823018, 0x0f863820, 0x74190126, 0x9a190400, 0x17200183, 0x20059945, 0x2237861d, 0x82fa1756, 0x82012023, 0x86312003, 
    0x174a2211, 0x201186f6, 0x26118432, 0x00381901, 0x855e1905, 0x88172201, 0x202b8300, 0x2419851f, 0x0100dc17, 0x05e1451a, 0x11823720, 0x741c0123, 
    0x24038300, 0x1a741c02, 0x20438240, 0x200d8203, 0x20858262, 0x830b82a6, 0x24238535, 0x17010050, 0x20118626, 0x25478539, 0x0600d618, 0x0187fc18, 
    0x2d831d82, 0x0200213c, 0x0b008e18, 0x89038902, 0x8b038a03, 0x8d038c03, 0x8f038e03, 0x91039003, 0x1b829203, 0x0b006238, 0x98009700, 0x9a009900, 
    0x9c009b00, 0x9e009d00, 0xa0009f00, 0x53824908, 0x40170126, 0xaa160100, 0x52206982, 0x3820af84, 0xba2e2f82, 0xb2020c00, 0x4d0bb802, 0xc602bf02, 
    0x0b82ca02, 0xd002c728, 0xc702c702, 0x85864e0b, 0x07005024, 0x01897618, 0x84a01621, 0x8623203b, 0x0032241d, 0x8b581808, 0x47162001, 0x25260593, 
    0xfc170200, 0xa5930d00, 0x08a30825, 0x85a508a4, 0xf217243f, 0x8e180900, 0x42162100, 0x27206184, 0xd0242186, 0xf6170a00, 0x1621018f, 0x20238420, 
    0x08c18229, 0x0f009020, 0xf002ef02, 0xf202f102, 0xf402f302, 0xf602f502, 0xf802f702, 0xfa02f902, 0xa108fb02, 0x8982a208, 0x4417d42c, 0xea27661a, 
    0xb8150d00, 0x01954817, 0x24082582, 0x06110062, 0x06a506a3, 0x06a806a7, 0x06ac06aa, 0x06af06ad, 0x06b106b0, 0x06b706b6, 0x06b806b9, 0x06b306b5, 
    0x202782b4, 0x0827823a, 0x8c068a20, 0x8f068e06, 0x93069106, 0x96069406, 0x98069706, 0x9e069d06, 0x9f06a006, 0x9a069c06, 0x99829b06, 0x13007426, 
    0x1b061a06, 0x410853a3, 0x1d00101a, 0xeb07ea07, 0xed07ec07, 0xef07ee07, 0xf107f007, 0xf307f207, 0xf507f407, 0xf707f607, 0xff07f807, 0xfd070008, 
    0x0408fe07, 0x01080308, 0xfa070208, 0xa106fb07, 0xf907ba06, 0x0000fc07, 0x03820001, 0x01210482, 0x20078202, 0x24038203, 0x01000004, 0x08038205, 
    0x0000064a, 0x02000701, 0x20001c1d, 0x4c054b05, 0x4e054d05, 0x5c055b05, 0x5e055d05, 0x49064706, 0x50064c06, 0x7a067806, 0x81067d06, 0x92069006, 
    0x99069506, 0xab06a906, 0xb206ae06, 0x96079507, 0x98079707, 0xd407d307, 0xd607d507, 0x9208d182, 0x00220036, 0x00eb00ea, 0x00ed00ec, 0x00ef00ee, 
    0x00f100f0, 0x00f300f2, 0x00f500f4, 0x00f700f6, 0x00f900f8, 0x00fb00fa, 0x00fd00fc, 0x01ff00fe, 0x01010100, 0x01030102, 0x01050104, 0x01070106, 
    0x08090108, 0x00ba084a, 0x00d01702, 0x02230223, 0x02250224, 0x02270226, 0x02290228, 0x022b022a, 0x022d022c, 0x022f022e, 0x02310230, 0x02330232, 
    0x02350234, 0x02370236, 0x02390238, 0x023b023a, 0x023d023c, 0x023f023e, 0x02410240, 0x089a0823, 0x829c089b, 0x000821df, 0x0121008a, 0x200d8c09, 
    0x200d8c0a, 0x200d8c0b, 0x200d8c0c, 0x180d8c0d, 0x210c2bab, 0x1b8c0f01, 0x0d8c1020, 0x0d8c1120, 0x0d8c1220, 0x0d8c1320, 0x0d8c1420, 0x0d8a1520, 
    0x1702b208, 0x032900ae, 0x03bc03b4, 0x03c503d1, 0x03c303b6, 0x03b903b5, 0x03b703cd, 0x03cb03d0, 0x03b803cf, 0x03bd03c1, 0x03c003bf, 0x03cc03bb, 
    0x03d303be, 0x03d203ba, 0x03c203ce, 0x03c603c4, 0x03c903c8, 0x08c703ca, 0x08a708a6, 0x08a908a8, 0x08ab08aa, 0x08ad08ac, 0x1f0200ae, 0x062b00ce, 
    0x06590658, 0x065b065a, 0x065d065c, 0x065f065e, 0x06610660, 0x06630662, 0x06650664, 0x06670666, 0x06690668, 0x066b066a, 0x066d066c, 0x066f066e, 
    0x06710670, 0x06740672, 0x06770676, 0x067b0679, 0x067e067c, 0x0680067f, 0x06830682, 0x06850684, 0x06860688, 0x205b8287, 0x085b8272, 0x2806275a, 
    0x2a062906, 0x2c062b06, 0x2e062d06, 0x30062f06, 0x32063106, 0x34063306, 0x36063506, 0x38063706, 0x3a063906, 0x3c063b06, 0x3e063d06, 0x40063f06, 
    0x43064106, 0x46064506, 0x4a064806, 0x4d064b06, 0x4f064e06, 0x52065106, 0x54065306, 0x55065706, 0x02005606, 0x2e00dc1a, 0x443f6942, 0x03271915, 
    0x1e020077, 0xdb320046, 0x49052361, 0x0d475905, 0x1d710805, 0x05330040, 0x05a705a6, 0x05a905a8, 0x05ab05aa, 0x05bf05ac, 0x05c105c0, 0x05c305c2, 
    0x05c505c4, 0x05c705c6, 0x05c905c8, 0x05f905e2, 0x05fb05fa, 0x05fd05fc, 0x06ff05fe, 0x06010600, 0x06030602, 0x06050604, 0x0720070c, 0x07220721, 
    0x07240723, 0x07260725, 0x07280727, 0x07310729, 0x072f072e, 0x072a0730, 0x072c072b, 0x1d02002d, 0x0b340030, 0x086de652, 0x6223016e, 0x02163d00, 
    0x0a160616, 0x12160e16, 0x1a161616, 0x22161e16, 0x2a162616, 0x32162e16, 0x3a163616, 0x42163e16, 0x4a164616, 0x52164e16, 0x5a165616, 0x62165e16, 
    0x6a166616, 0x72166e16, 0x7a167616, 0x82167e16, 0x8a168616, 0x92168e16, 0x9a169616, 0xa2169e16, 0xaa16a616, 0xd216ae16, 0xb616b216, 0xbe16ba16, 
    0xc616c216, 0xce16ca16, 0xd6301182, 0xde16da16, 0xe616e216, 0xee16ea16, 0xe2220100, 0x479f7f82, 0x2908459e, 0xf616f216, 0xfe16fa16, 0x06170217, 
    0x0e170a17, 0x16171217, 0x1e171a17, 0x22174217, 0x2a172617, 0x32172e17, 0x3a173617, 0x11823e17, 0x17466a08, 0x174e174a, 0x17561752, 0x005e175a, 
    0x00301902, 0x053d053d, 0x053f053e, 0x05420541, 0x05450543, 0x05470546, 0x054b0548, 0x05de05dd, 0x05e205e1, 0x059d05e4, 0x05a3059e, 0x059f05a4, 
    0x05a605a1, 0x05aa05a7, 0x05a805ab, 0x05b305a9, 0x05ec05bf, 0x05ee05ed, 0x05f005ef, 0x05f205f1, 0x05f405f3, 0x05f605f5, 0x06f805f7, 0x1b0b420b, 
    0x06f10629, 0x00fd06f2, 0x82a82002, 0x4f8a087f, 0x51055005, 0x53055205, 0x55055405, 0x57055605, 0x5b055805, 0x65056405, 0x69056805, 0x67056605, 
    0x6b056a05, 0x6f056e05, 0x6d056c05, 0x71057005, 0x60055f05, 0x62056105, 0x72056305, 0x74057305, 0x76057505, 0x78057705, 0x7a057905, 0x7c057b05, 
    0x7e057d05, 0x81058005, 0x83058205, 0x85058405, 0x87058605, 0x89058805, 0x8b058a05, 0x7f058c05, 0x8e058d05, 0x90058f05, 0x01000300, 0x01004c24, 
    0x0100661a, 0x00008e23, 0x07820300, 0x0f827e20, 0x17825620, 0x0f823c20, 0x21018808, 0x1c4200c0, 0x17ea166e, 0x18a41744, 0x1b7c186e, 0x18ee16aa, 
    0x1a8a18de, 0x18f21680, 0x17ee1826, 0x1c9619ac, 0x18f616a6, 0x194a1732, 0x18d2194e, 0x180a1cfe, 0x1850173e, 0x19561798, 0x1ca618e8, 0x17fa16de, 
    0x18b4175c, 0x1bc218b4, 0x17fe16da, 0x190e1902, 0x1abc171e, 0x1862172c, 0x1760194a, 0x19c41706, 0x17161daa, 0x1756180a, 0x19721968, 0x1c8419be, 
    0x1762183c, 0x172e196e, 0x18fe1974, 0x177a17d0, 0x8212170e, 0x82032099, 0x16b42743, 0x170100f6, 0x00830008, 0x0300032c, 0xa218a218, 0x0100ea16, 
    0x1188fc16, 0x90189024, 0x1182de16, 0x1186f020, 0x6c23012c, 0x86190100, 0x34170200, 0x1382ae22, 0x5a20e183, 0x74201182, 0x01200b82, 0x35280382, 
    0x02000300, 0x8a226219, 0x62201382, 0x694afd82, 0x22012205, 0x200f8278, 0x22198250, 0x4a362350, 0x3e20086b, 0x24211f82, 0x22358700, 0x820e1a01, 
    0x8a2c2023, 0x00002a47, 0x00a01601, 0x16ea1802, 0x252589b8, 0x0100ac16, 0x19826e0d, 0x138aa420, 0x0f829820, 0x03827e20, 0x138a9020, 0x0f828420, 
    0x03827020, 0x138a7c20, 0x95820f83, 0x88681621, 0x18022413, 0x825c1686, 0x8a022025, 0x17042277, 0x2501839a, 0x0100dc15, 0x1782ee15, 0x03000026, 
    0x86170400, 0x15210183, 0x201382ce, 0x211388e0, 0x01821772, 0x82c01521, 0x86d22013, 0x22012d13, 0x1801004c, 0x16030066, 0x21141614, 0x26050342, 
    0x18521803, 0x827a2152, 0x00522317, 0x6b4b2201, 0x3e182108, 0x3e21db82, 0x0a014122, 0x82102221, 0x822a2023, 0x41078223, 0x0522064b, 0x01850e17, 
    0x82501521, 0x82622065, 0x228d8315, 0x85f81605, 0x40152101, 0x52201582, 0xe2211588, 0x21018416, 0x15823015, 0xa5884220, 0x8217d421, 0xfc202901, 
    0xd4170100, 0xba210100, 0x03201782, 0x01290382, 0x0300be17, 0xbe17be17, 0x0a494121, 0x0126b182, 0x0200a817, 0x09835615, 0x02288386, 0x78214015, 
    0x92170100, 0x07823d82, 0x032a1586, 0x74167416, 0x01003415, 0x3b41c814, 0x1603260a, 0x155e165e, 0x20158224, 0x24158cb8, 0x15481648, 0x20158214, 
    0x22158aa8, 0x87321606, 0x74142101, 0x86201b82, 0xdd831b82, 0x1a160622, 0x14210187, 0x20178262, 0x21178874, 0x01861602, 0x82501421, 0x090d4117, 
    0x8416f221, 0x1a202901, 0xf2160100, 0xd8200100, 0x1625e387, 0x160400da, 0x210183da, 0xf341c020, 0x20012208, 0x262782a8, 0x140300c2, 0x83701470, 
    0x24d1860b, 0x20581402, 0x21198290, 0x098600aa, 0x03251786, 0x40144014, 0x21f98220, 0x5b829216, 0x22090141, 0x83721504, 0x32142501, 0xc6130100, 
    0x0422d78a, 0x01835a15, 0x82201421, 0x8cb42017, 0x15422117, 0x14210182, 0x2017820e, 0x22178aa2, 0x892a1507, 0x6c132101, 0x7e201d82, 0x00261d82, 
    0x07000300, 0x01891015, 0x82581321, 0x876a2019, 0xf6142119, 0x13210189, 0x20198244, 0x28198656, 0x15010000, 0x150500e4, 0x210185e4, 0xf788ca1f, 
    0x78130224, 0x1d82b01f, 0x0300ca24, 0x0b857813, 0x1325e187, 0x1f5e135e, 0x221b8296, 0x850200b0, 0x22198609, 0x858e1405, 0x4e132501, 0xe2120100, 
    0x0522b58a, 0x01857414, 0x823a1321, 0x8cce2019, 0x145a2119, 0x13210184, 0x20198226, 0x081988ba, 0x4a1d0250, 0x6f074700, 0x71077007, 0x73077207, 
    0x75077407, 0x77077607, 0x79077807, 0x7b077a07, 0x7d077c07, 0x7f077e07, 0x81078007, 0x83078207, 0x85078407, 0x87078607, 0x89078807, 0x8b078a07, 
    0x8d078c07, 0x8f078e07, 0x91079007, 0x93079207, 0x8f4b9407, 0x07992608, 0x079b079a, 0x2d01829c, 0x079e079d, 0x07a0079f, 0x07a307a1, 0x0d8d07a4, 
    0xa807a22a, 0xa507a907, 0xa707a607, 0xaa300984, 0x0300ab07, 0x62120300, 0x9a1e6212, 0xb4140100, 0xfd860b89, 0x90130622, 0x12250187, 0x11010050, 
    0x24cb88e4, 0x13060003, 0x21018774, 0x1b823a12, 0x220b0141, 0x87581306, 0x24122101, 0x0b431b82, 0x02520809, 0x4800d81c, 0xad07ac07, 0xaf07ae07, 
    0xb107b007, 0xb307b207, 0xb507b407, 0xb707b607, 0xb907b807, 0xbb07ba07, 0xbd07bc07, 0xbf07be07, 0xc107c007, 0xc307c207, 0xc507c407, 0xc707c607, 
    0xc907c807, 0xcb07ca07, 0xcd07cc07, 0xcf07ce07, 0xd107d007, 0x8d4cd207, 0xd7072707, 0xd907d807, 0x0182da07, 0xdc07db2d, 0xde07dd07, 0xe107df07, 
    0x8d07e207, 0x07e02a0d, 0x07e707e6, 0x07e407e3, 0x280984e5, 0x00e907e8, 0x12070003, 0x240189a6, 0x01006611, 0x07ef4f10, 0x1d843520, 0x88128821, 
    0x4e112101, 0x09421d82, 0x1207220b, 0x2101896a, 0x1d823611, 0x2741ca20, 0x01c60808, 0x5e00fe1d, 0x62165c16, 0x6e166816, 0x7a167416, 0xf4178016, 
    0x8c168616, 0x98169216, 0xa4169e16, 0x2418aa16, 0xb016fc17, 0xbc16b616, 0xc816c216, 0x0418ce16, 0x0c18d416, 0xe016da16, 0xec16e616, 0xf816f216, 
    0x0417fe16, 0x10170a17, 0x1c171617, 0x28172217, 0x4c182e17, 0x64185818, 0x7c187018, 0x94188818, 0xac18a018, 0x3417b818, 0x40173a17, 0x4c174617, 
    0xde18d018, 0x38182e18, 0x58175217, 0x64175e17, 0x70176a17, 0x7c177617, 0x88178217, 0xc4188e17, 0x14184218, 0x1c189417, 0xa0179a17, 0xac17a617, 
    0xb217ec18, 0x0819fa18, 0xbe17b817, 0xca17c417, 0xd617d017, 0xe217dc17, 0xee17e817, 0xfe1f0200, 0x4150c300, 0x3f2b4b13, 0x4d360921, 0x02253fef, 
    0x028b0288, 0x1bd54b8c, 0x4d136d50, 0x05213f55, 0x08374f4a, 0x394f5a20, 0x4f442008, 0x7520083b, 0x20083d4f, 0x083f4f8d, 0x414fa620, 0x09b34308, 
    0x2308b742, 0x4a084908, 0x2505b94e, 0xa1089f08, 0x0d51a208, 0x11bb4d05, 0xba083d08, 0xe41f0200, 0x0708ee00, 0x0a080808, 0x05080608, 0x0c080b08, 
    0x0e080d08, 0x11080f08, 0x13081208, 0x14081008, 0x00091508, 0x01094908, 0x18081708, 0x19081608, 0x1b081a08, 0xb0081c08, 0x74086382, 0x084c084b, 
    0x09ba084d, 0x091d0802, 0x081e0803, 0x0820081f, 0x08040921, 0x08230822, 0x082a0825, 0x08240828, 0x092b0829, 0x082c0805, 0x092e082d, 0x08300806, 
    0x082f0831, 0x08330832, 0x08350834, 0x0836083a, 0x08390838, 0x083d0837, 0x083c083b, 0x083f083e, 0x08410840, 0x08420843, 0x08450844, 0x08470846, 
    0x084e0848, 0x0850084f, 0x08520851, 0x08980853, 0x32d98699, 0x0854089d, 0x08560855, 0x08580857, 0x085b085a, 0x8259085c, 0xec7808ed, 0x5e085d08, 
    0x61086008, 0x62085f08, 0x64086308, 0x65086608, 0xeb086708, 0x69080709, 0x08096a08, 0x6c086b08, 0x0909a008, 0xa208a108, 0x6e086d08, 0x6f080a09, 
    0x72087008, 0x75087708, 0x76087108, 0x0b097808, 0x7a087908, 0x0c097b08, 0x7f087e08, 0x7d087c08, 0x0d098008, 0x83088208, 0x0e098108, 0xa508a408, 
    0x8408a308, 0x85088908, 0x88088708, 0x8c088608, 0x8b088a08, 0x08125d41, 0x8e088d8c, 0x90088f08, 0x91089208, 0x94089308, 0x96089508, 0xc4089708, 
    0xc508c608, 0xd808d908, 0xdc08da08, 0xd208db08, 0xce08d308, 0xd108cd08, 0xd708cf08, 0xd408d008, 0xa206cc08, 0xe808bb06, 0xe908ea08, 0x0f09de08, 
    0xc008ed08, 0xd508ee08, 0xdf08dd08, 0xe108e008, 0xe308e208, 0xe508e408, 0xe708e608, 0xfa08f408, 0xfd08f808, 0xf708f608, 0xf508fb08, 0xef08f908, 
    0xf108f008, 0xf308f208, 0xff08fe08, 0x0200fc08, 0x4301e21f, 0xe3411806, 0x4908211f, 0x2119df41, 0xdb411d08, 0x22082507, 0x19062308, 0x270bdb41, 
    0x2d082c08, 0x92012e08, 0x416cd941, 0xeb2407d7, 0x6a086908, 0x4105d141, 0xcd4107cf, 0x05cb410f, 0x416e0321, 0x032109cb, 0x05cb4183, 0x2145c941, 
    0x9d4d5b05, 0x58934d16, 0x0bd20827, 0x05d30852, 0x0c734dac, 0x2613eb4f, 0x08d10871, 0x4dcc08d4, 0x8d201a67, 0x21076542, 0x6f4ded08, 0x23015005, 
    0x08c00823, 0x368b42ee, 0x01000125, 0x83007903, 0x83762005, 0x9a012505, 0xce1f0100, 0xd0200382, 0xd2200382, 0xd4200382, 0xd6200382, 0xd8200382, 
    0x05211d83, 0x210583af, 0x0583f106, 0x84e00221, 0x0019262f, 0x1fc41f02, 0x200b84ca, 0x2027822c, 0x200382dc, 0x210d83e8, 0x31840200, 0x0584ec20, 
    0x0582f920, 0x90010326, 0x81036c03, 0x02220982, 0x3d831901, 0x82981f21, 0x829a202b, 0x829c2003, 0x839e2003, 0x87022b17, 0x00008902, 0x01000100, 
    0x05846e07, 0x05826d20, 0x15820320, 0x91029024, 0x7d850100, 0x89208184, 0x04270582, 0x95059305, 0x82059705, 0x04002941, 0x41010200, 0x1603fb01, 
    0x2f851783, 0x825d0821, 0x21458255, 0x1382701f, 0x1f820220, 0x7984fb20, 0x23824120, 0x621f0224, 0xb782681f, 0x841f6821, 0xb3052765, 0x6e1f0300, 
    0x1382761f, 0x02000126, 0xbf05b305, 0x0523bb83, 0x855e053d, 0x87022d8b, 0x641f0500, 0x561f4e1f, 0x481f5e1f, 0xb130fb84, 0x821f0700, 0x7a1f721f, 
    0x661f5a1f, 0x6c1f601f, 0x022a3182, 0xcb05ca05, 0xce050000, 0x0d83d305, 0x82030021, 0x823f2041, 0x0541220f, 0x240b8243, 0x00480545, 0x203b8206, 
    0x2c5f8208, 0x05b605b4, 0x05c005bf, 0x05ec05c2, 0x2e1384f9, 0x05f005ec, 0x07fd05f9, 0x07090708, 0x84210720, 0x053d2e13, 0x0641064f, 0x068a0672, 
    0x078907a3, 0x2e1384c7, 0x0650053e, 0x06740643, 0x07a5068c, 0x84c8078a, 0x05422e13, 0x06480653, 0x06910679, 0x078d07aa, 0x2e1384cb, 0x06550545, 
    0x067c064b, 0x07ad0694, 0x84cd078f, 0x05482e13, 0x064f0658, 0x06980680, 0x079207b1, 0x2e1384d0, 0x06520541, 0x06770646, 0x07a8068f, 0x83ca078c, 
    0x790329b7, 0x00007a03, 0x88038103, 0x00250d83, 0x1e010000, 0x2a0984a2, 0x0096008d, 0x08150800, 0x820a0015, 0x0203240f, 0x82870287, 0x202d8327, 
    0x202d8401, 0x8b158303, 0x8108233d, 0x2b828308, 0x11000122, 0x26148f43, 0x059e059d, 0x82de05dd, 0x05f222f9, 0x578d82f3, 0xb32c1585, 0xb506b406, 
    0xb706b606, 0xb906b806, 0x44082582, 0x02b1020c, 0x02b902b7, 0x02c502c0, 0x02cb02c9, 0x02d102cf, 0x06d502d4, 0x2015001a, 0x1f2e2010, 0x1ff41fd8, 
    0x1fbe1fa4, 0x1f8c1f74, 0x1f5e1f48, 0x1e341f20, 0x1e0e1ffc, 0x1edc1ecc, 0x1ebe1eb0, 0x1ea41e98, 0x234782ec, 0x06890613, 0x0813cd57, 0x9b069a34, 
    0x9d069c06, 0x9f069e06, 0xbc06a006, 0xf21d1200, 0x061efc1d, 0x1a1e101e, 0x2e1e241e, 0xb21d381e, 0xc21dba1d, 0xd21dca1d, 0xe21dda1d, 0x7e1dea1d, 
    0xf982841d, 0xe0020438, 0x0000e302, 0xe502e502, 0xe7020400, 0x0500ee02, 0x6c086b08, 0x1b820d00, 0xff820820, 0x01003f26, 0x43054105, 0x45220582, 
    0x05824805, 0x0582fd82, 0xaf05af28, 0xdd050200, 0x0b82de05, 0xf005f022, 0x0b410582, 0x00012205, 0x22e78215, 0x84b302b2, 0x02ba22eb, 0x20ef82bb, 
    0x22f182c4, 0x82c802c7, 0x82ca20f5, 0x02cd22f7, 0x83fb87ce, 0xb10223cd, 0x65410503, 0x264c0822, 0x861f7c1f, 0x9a1f901f, 0xae1fa41f, 0xc21fb81f, 
    0xd61fcc1f, 0xea1fe01f, 0xfe1ff41f, 0x12200820, 0x26201c20, 0x3a203020, 0x4e204420, 0x62205820, 0x76206c20, 0x341f8020, 0x441f3c1f, 0x541f4c1f, 
    0x641f5c1f, 0x741f6c1f, 0x2e1f281f, 0x0424d982, 0x1702fb01, 0x1930f582, 0x1d001a02, 0x1c021c02, 0x50081f00, 0x20005208, 0x05221b82, 0x0182c500, 
    0xc7000024, 0xa182d700, 0xe900dc32, 0x19081200, 0x20001908, 0xb008b008, 0x2b002100, 0x3908658f, 0x94208a20, 0xa8209e20, 0xbc20b220, 0xd020c620, 
    0xe420da20, 0xf820ee20, 0x0c210221, 0x20211621, 0x34212a21, 0x48213e21, 0x5c215221, 0x70216621, 0x84217a21, 0x98218e21, 0xb7820a20, 0x22201a32, 
    0x32202a20, 0x2b00fe1f, 0xec1fe21f, 0x0020f61f, 0x4a081782, 0x201e2014, 0x20322028, 0x2046203c, 0x205a2050, 0x206e2064, 0x20822078, 0x2096208c, 
    0x20aa20a0, 0x20be20b4, 0x20d220c8, 0x20e620dc, 0x21fa20f0, 0x210e2104, 0x21222118, 0x2136212c, 0x1fb21f40, 0x1fc21fba, 0x1fd21fca, 0x82ac1fda, 
    0x030330d1, 0x00960393, 0x03980300, 0x080400b3, 0x848c0884, 0x0c4608e7, 0xb102b102, 0xb7020100, 0x0700b702, 0xb902b902, 0xc0020300, 0x0600c002, 
    0xc502c502, 0xc9020500, 0x0b00c902, 0xcb02cb02, 0xcf020400, 0x0800cf02, 0xd102d102, 0xd4020900, 0x0c00d402, 0xd502d502, 0x1a060a00, 0x5f821a06, 
    0x00013c08, 0x0093001d, 0x0110019d, 0x012f011b, 0x02920182, 0x02e902d9, 0x030d03f6, 0x036e035d, 0x058d0383, 0x05cb05ca, 0x05cf05ce, 0x05d105d0, 
    0x05d305d2, 0x06e405dd, 0x06b906a0, 0x82170ae9, 0x02112a3f, 0x005a0255, 0x025c0200, 0x227d8260, 0x82650265, 0x02872277, 0x08658288, 0x8c028b4c, 
    0x90020e00, 0x10009102, 0xdd02d702, 0xdf021200, 0x1900fb02, 0x56035403, 0x5a033600, 0x39006403, 0x7a037903, 0x81034400, 0x46009203, 0xd403d403, 
    0xd6035800, 0x5900d903, 0xe703db03, 0xe9035d00, 0x6a00f703, 0xfd03fc03, 0xe1457900, 0xea1f2105, 0xec200782, 0xee200382, 0xf0200382, 0xf2200382, 
    0xf4200382, 0xf6200382, 0xf8200382, 0xfa200382, 0xfc200382, 0xfe240382, 0x00200100, 0x02200382, 0x04200382, 0x06200382, 0x08200382, 0x0a200382, 
    0x0c200382, 0x0e200382, 0x10200382, 0x12200382, 0x14200382, 0x16200382, 0x18200382, 0x1a200382, 0x1c200382, 0x1e200382, 0x20200382, 0x22200382, 
    0x24200382, 0x26200382, 0x28200382, 0x2a200382, 0x2c200382, 0x2e200382, 0x30200382, 0x32200382, 0x34200382, 0x36200382, 0x38200382, 0x3a200382, 
    0x3c200382, 0x3e200382, 0x40200382, 0x42200382, 0x44200382, 0x46200382, 0x48200382, 0x4a200382, 0x4c200382, 0x4e200382, 0x50200382, 0x52200382, 
    0x54200382, 0x56200382, 0x58200382, 0x5a200382, 0x5c200382, 0x5e200382, 0x60200382, 0x62200382, 0x64200382, 0x66200382, 0x68200382, 0x6a200382, 
    0x6c200382, 0x6e200382, 0x70200382, 0x72200382, 0x74200382, 0x76200382, 0x78200382, 0x7a200382, 0x7c200382, 0x7e200382, 0x80200382, 0x82200382, 
    0x84200382, 0x86200382, 0x88200382, 0x8a200382, 0x8c200382, 0x8e200382, 0x90200382, 0x92200382, 0x94200382, 0x96200382, 0x98200382, 0x9a200382, 
    0x9c200382, 0x9e200382, 0xa0200382, 0xa2200382, 0xa4200382, 0xa6200382, 0xa8200382, 0xaa200382, 0xac200382, 0xae200382, 0xb0200382, 0xb2200382, 
    0xb4200382, 0xb6200382, 0xb8200382, 0xba200382, 0xbc200382, 0xbe200382, 0xc0200382, 0xc2200382, 0xc4200382, 0xc6200382, 0xc8200382, 0xca200382, 
    0xcc200382, 0xce200382, 0xd0200382, 0xd2200382, 0xd4200382, 0x72080382, 0x203800d6, 0x210621fc, 0x211a2110, 0x212e2124, 0x21422138, 0x1ca01c4c, 
    0x1cb41caa, 0x1cc81cbe, 0x1cdc1cd2, 0x1cf01ce6, 0x1d041dfa, 0x1d181d0e, 0x1d2c1d22, 0x1d401d36, 0x1d541d4a, 0x1d681d5e, 0x1d7c1d72, 0x1d901d86, 
    0x1da41d9a, 0x1db81dae, 0x1dcc1dc2, 0x1de01dd6, 0x1df41dea, 0x20e420fe, 0x1cf420ec, 0x1c781c70, 0x1c881c80, 0x20981c90, 0x82641cd8, 0x10fb4371, 
    0x1c2e1c31, 0x1c421c38, 0x1c561c4c, 0x1c6a1c60, 0x827e1c74, 0x928c082f, 0xa61c9c1c, 0xba1cb01c, 0xce1cc41c, 0xe21cd81c, 0xf61cec1c, 0x0a1d001d, 
    0x1e1d141d, 0x321d281d, 0x461d3c1d, 0x5a1d501d, 0x6e1d641d, 0x821d781d, 0x72208c1d, 0x82207a20, 0x061cfe1b, 0x161c0e1c, 0x261c1e1c, 0xf81b6c20, 
    0x20000100, 0x42054105, 0x48054505, 0x53055205, 0x58055505, 0x48064606, 0x4f064b06, 0x79067706, 0x80067c06, 0x91068f06, 0x98069406, 0xaa06a806, 
    0xb106ad06, 0x8d078c07, 0x92078f07, 0xcb07ca07, 0xd007cd07, 0x222c7b42, 0x45070002, 0x023d110f, 0x00e302e0, 0x02e50220, 0x022400e5, 0x00ee02e7, 
    0x03760325, 0x002d0076, 0x20162002, 0x2205821c, 0x8222201c, 0x20222205, 0x22058228, 0x822e2028, 0x202e2205, 0x22058234, 0x823a2034, 0x203a2205, 
    0x22058240, 0x82462040, 0x20462205, 0x2205824c, 0x8252204c, 0x050122d9, 0x2005849d, 0x200584a3, 0x2005849f, 0x2005849e, 0x230584a4, 0x200300a1, 
    0x43824782, 0x38200326, 0x44203e20, 0x42240f82, 0x4e204820, 0x41820782, 0x82582021, 0x20562407, 0x8462205c, 0x84e1202d, 0x84b42005, 0x84b62005, 
    0x82b82005, 0x05022405, 0x84a7059e, 0x05e12a07, 0x000200e2, 0x07f10601, 0x24008200, 0x05010001, 0x202584a6, 0x200584aa, 0x3e1b82a8, 0x054f0503, 
    0x05000058, 0x005b055b, 0x055f050a, 0x000b0090, 0x20062005, 0x2012200c, 0x821e2018, 0x2505820b, 0x2a202420, 0x0b823020, 0x20250582, 0x203c2036, 
    0x820b8242, 0x21978305, 0x0b825420, 0x54204e28, 0x60205a20, 0x0b826620, 0x20270582, 0x2072206c, 0x83060078, 0x7e202705, 0x8a208420, 0x0d829020, 
    0x8e20882a, 0x9a209420, 0xa620a020, 0x9e2a0d82, 0xaa20a420, 0xb620b020, 0x0d82bc20, 0xba20b42a, 0xc620c020, 0xd220cc20, 0xca2a0d82, 0xd620d020, 
    0xe220dc20, 0x0d82e820, 0xe620e02a, 0xf220ec20, 0xfe20f820, 0x28080d82, 0x21fc20f6, 0x21082102, 0x0014210e, 0x210c2106, 0x21182112, 0x2124211e, 
    0x2107002a, 0x21282122, 0x2134212e, 0x2140213a, 0x2c0f8246, 0x2142213c, 0x214e2148, 0x215a2154, 0x2c0f8260, 0x215c2156, 0x21682162, 0x2174216e, 
    0x2c0f827a, 0x21762170, 0x2182217c, 0x218e2188, 0x2c0f8294, 0x2190218a, 0x219c2196, 0x21a821a2, 0x2e0f82ae, 0x21aa21a4, 0x21b621b0, 0x21c221bc, 
    0x830200c8, 0x480b3b01, 0x4a0b0000, 0x470b780b, 0xae210800, 0xba21b421, 0xc621c021, 0xd221cc21, 0x1182d821, 0x21290784, 0x21e421de, 0x21f021ea, 
    0x841182f6, 0xfc212b07, 0x08220222, 0x14220e22, 0x07850800, 0x221a222b, 0x22262220, 0x0032222c, 0x2b078509, 0x3e223822, 0x4a224422, 0x56225022, 
    0x48301382, 0x54224e22, 0x60225a22, 0x6c226622, 0x78227222, 0x26081382, 0x2270226a, 0x227c2276, 0x22882282, 0x2294228e, 0x220a009a, 0x220023f8, 
    0x2292228c, 0x229e2298, 0x22aa22a4, 0x82b622b0, 0xa62e0815, 0xb222ac22, 0xbe22b822, 0xca22c422, 0xd622d022, 0x0b00dc22, 0xe222dc22, 0xee22e822, 
    0xfa22f422, 0x06230023, 0x12230c23, 0x01001823, 0xf94a0900, 0x4ab82006, 0xf33e06fb, 0x0c000006, 0xf622f022, 0x0223fc22, 0x0e230823, 0x1a231423, 
    0x26232023, 0x32232c23, 0x2f820200, 0x9f059d30, 0xa1050000, 0x0300a105, 0xa505a305, 0x41820400, 0x00b62808, 0x05b80507, 0x050b00be, 0x00e105e1, 
    0x05ec0512, 0x061300f8, 0x000b060b, 0x07080720, 0x00210019, 0x223e2310, 0x97ea22e4, 0x38232159, 0x0a245b82, 0x95059505, 0x61835b82, 0x61840120, 
    0x61840420, 0x61840520, 0x61840820, 0x61840c20, 0x61841320, 0x61841420, 0x61842120, 0x3f822220, 0xcb430b20, 0x3d053729, 0x2e003d05, 0x4f054f05, 
    0x89072f00, 0x30008907, 0xc707c707, 0x45823100, 0xa6050624, 0x8582ac05, 0xc905bf22, 0xe222d582, 0xcf82e205, 0x0506f922, 0x0c22cf82, 0xcf820c06, 
    0x31072022, 0x3608cf82, 0x012b0001, 0x024202fb, 0x0255024a, 0x02870266, 0x029e0292, 0x02cf02b1, 0x02e002d7, 0x030503fe, 0x034b0316, 0x03540351, 
    0x03790367, 0x03d40393, 0x03e103d8, 0x4afe03e6, 0x9f20180d, 0x2d08ef82, 0x05f205f0, 0x231700f3, 0x2314230c, 0x2324231c, 0x2234232c, 0x2222221c, 
    0x222e2228, 0x223a2234, 0x22462240, 0x2252224c, 0x225e2258, 0x11422264, 0x17002106, 0x2342118f, 0xa0222209, 0x100d4222, 0x2318002d, 0x23e023d8, 
    0x23f023e8, 0x420024f8, 0x23211517, 0x287d821e, 0x2330232a, 0x233c2336, 0x08318242, 0x1c231656, 0x28232223, 0x34232e23, 0x40233a23, 0x4c234623, 
    0x58235223, 0x64235e23, 0x70236a23, 0x7c237623, 0x88238223, 0x94238e23, 0xa0239a23, 0xb4251b00, 0xc425bc25, 0xd425cc25, 0xe425dc25, 0xf425ec25, 
    0xaa23a423, 0xb623b023, 0xc223bc23, 0xce23c823, 0xda23d423, 0xe62c8782, 0xf223ec23, 0xfe23f823, 0x0a240424, 0x338c3782, 0x26fc2527, 0x260c2604, 
    0x24b18214, 0x23e423de, 0x08b382ea, 0xfc23f64c, 0x08240224, 0x14240e24, 0x20241a24, 0x2c242624, 0x1b003224, 0x06240024, 0x12240c24, 0x1e241824, 
    0x2a242424, 0x36243024, 0x42243c24, 0x4e244824, 0x5a245424, 0x66246024, 0x72246c24, 0x7e247824, 0x8a248424, 0x96249024, 0x37829c24, 0x246a3a08, 
    0x24762470, 0x2482247c, 0x248e2488, 0x249a2494, 0x24a624a0, 0x24b224ac, 0x24be24b8, 0x24ca24c4, 0x24d624d0, 0x24e224dc, 0x24ee24e8, 0x25fa24f4, 
    0x00062500, 0x09ea0702, 0x22058200, 0x820109eb, 0x09ec2205, 0x22058202, 0x820309ed, 0x09ee2205, 0x22058204, 0x820509ef, 0x09f02805, 0x06020006, 
    0x82280659, 0x065a2205, 0x22058229, 0x822a065b, 0x065c2205, 0x2205822b, 0x822c065d, 0x065e2205, 0x2205822d, 0x822e065f, 0x06622205, 0x22358231, 
    0x820709f1, 0x0663220b, 0x220b8232, 0x820809f2, 0x09f32205, 0x22118209, 0x82330664, 0x09f4220b, 0x220b820a, 0x82360667, 0x06682205, 0x22058237, 
    0x82380669, 0x09f52217, 0x220b820b, 0x8239066a, 0x09f6220b, 0x220b820c, 0x823a066b, 0x09f7220b, 0x2205820d, 0x820e09f8, 0x066c2211, 0x2205823b, 
    0x823c066d, 0x066e2205, 0x2205823d, 0x823e066f, 0x06702205, 0x2805823f, 0x00400671, 0x08dd0502, 0x220582d9, 0x82d808de, 0x08e12205, 0x220582da, 
    0x82dc08e2, 0x08e42205, 0x220582db, 0x826605aa, 0x05ab2205, 0x22058267, 0x827005bf, 0x09ff2859, 0x08020014, 0x82150900, 0x09fd220b, 0x22058212, 
    0x821309fe, 0x09042211, 0x22058211, 0x82100903, 0x09012205, 0x22058216, 0x82170902, 0x08622235, 0x220582d7, 0x827205f9, 0x05fa2205, 0x22058273, 
    0x827405fb, 0x05fc2205, 0x22058275, 0x827705fe, 0x05012289, 0x2205827a, 0x827b0502, 0x05032205, 0x2205827c, 0x827d0504, 0x05052205, 0x2205827e, 
    0x827f050c, 0x06a12205, 0x220582a2, 0x82bb06ba, 0x09f92271, 0x2a05820f, 0x00d508fc, 0x06580603, 0x82180627, 0x06612407, 0x82670830, 0x06652407, 
    0x8234061b, 0x06662c07, 0x00190635, 0x05e20503, 0x82cf0861, 0x07632e07, 0x00d008fb, 0x06600604, 0x082f061a, 0x26098262, 0x06a80584, 0x82680553, 
    0x05852609, 0x055406a9, 0x32098269, 0x059f06b8, 0x00cd0860, 0x06720605, 0x068a06a3, 0x824f0541, 0x0674280b, 0x068c06a5, 0x82500543, 0x0676280b, 
    0x068e06a7, 0x82510545, 0x0677280b, 0x068f06a8, 0x82520546, 0x0679280b, 0x069106aa, 0x82530548, 0x067b280b, 0x069306ac, 0x8254054a, 0x067c280b, 
    0x069406ad, 0x8255054b, 0x067e280b, 0x069606af, 0x8256054d, 0x067f280b, 0x069706b0, 0x8257054e, 0x0680280b, 0x069806b1, 0x8258054f, 0x06b9360b, 
    0x075f05a0, 0x00ce08fa, 0x06820606, 0x059d06b6, 0x055106a6, 0x2a0d8264, 0x06b70683, 0x06a7059e, 0x82650552, 0x06882a0d, 0x059c06b5, 0x055706fd, 
    0x2a0d8276, 0x06b30686, 0x06ff059a, 0x82780555, 0x06872e0d, 0x069b06b4, 0x05560600, 0x00020079, 0x11015111, 0x054b053b, 0x050a004b, 0x009f059d, 
    0x05a1050b, 0x050e00a1, 0x00a405a3, 0x05a6050f, 0x082f82ab, 0xb305b334, 0xbf051700, 0x1800bf05, 0xde05dd05, 0xe1051900, 0x1b00e205, 0xe405e405, 
    0xec051d00, 0x1e000506, 0x0c060b06, 0xf1063800, 0x3a00f206, 0xfd06fd06, 0x69823c00, 0xea06222a, 0x0100ee06, 0x600a540a, 0x62220582, 0x0582760a, 
    0x800a7922, 0x90220582, 0x0582990a, 0x9f0a9f22, 0xa3220582, 0x0582a50a, 0xab0aa922, 0xb0220582, 0x0582b10a, 0xb40ab422, 0xbc220582, 0x0582bd0a, 
    0xc10ac022, 0xc3220582, 0x0582cc0a, 0xde0acf22, 0xe1220582, 0x0582e10a, 0xe30ae322, 0xe5220582, 0x0582e50a, 0xf80af322, 0xfb220582, 0x0582fc0a, 
    0xff0aff28, 0x040b0100, 0x0582040b, 0x080b0622, 0x0a220582, 0x05820a0b, 0x110b1022, 0x14220582, 0x0582150b, 0x1e0b1e22, 0x20220582, 0x0582210b, 
    0x250b2522, 0x27220582, 0x05822e0b, 0x310b3022, 0x3f220582, 0x05823f0b, 0x540b5422, 0x69220582, 0x0582690b, 0x710b7124, 0x01820100, 0x003d3208, 
    0x00490041, 0x005f0054, 0x008d0089, 0x01c500a1, 0x010f010a, 0x01240119, 0x0141012c, 0x017e0177, 0x018d0180, 0x01a8019b, 0x01cb01c8, 0x01d801d2, 
    0x14ef45f0, 0xc7584920, 0x05932c0a, 0x05ad0597, 0x05b305af, 0x51ed05ec, 0x05330575, 0x06f505f4, 0x07080789, 0x071a070d, 0x071c071b, 0x82330732, 
    0x0042257d, 0x000d0002, 0x4422839d, 0x87824501, 0xa9208587, 0x01258789, 0x021402fb, 0x0aaf461f, 0xb1468d20, 0x02b22806, 0x02d702c7, 0x46ef02e0, 
    0x192406b5, 0x4b031a03, 0x2008b746, 0x09b94696, 0x82280421, 0x824f20cb, 0x82472087, 0x57074187, 0x20078763, 0x088163f0, 0xfa05f925, 0x6505fd05, 
    0x1541077f, 0x0720220b, 0x06194125, 0x918e4820, 0x9b419720, 0x2293b34c, 0x511f0002, 0xae080883, 0x021d0022, 0x00640242, 0x02660227, 0x024a0085, 
    0x00870287, 0x028d026a, 0x026b008d, 0x00b2028f, 0x02b4026c, 0x029000b7, 0x00be02b9, 0x02c00294, 0x029a00c5, 0x00c902c7, 0x02cb02a0, 0x02a300cf, 
    0x00de02d1, 0x02e002a8, 0x02b600ee, 0x00fc02fc, 0x03fe02c5, 0x03c60054, 0x015a0356, 0x035c031d, 0x03220176, 0x017b0379, 0x037d033d, 0x03400188, 
    0x01960393, 0x0398034c, 0x035001b3, 0x01f803d4, 0x04fd036c, 0x04910108, 0x011a0555, 0x051c059d, 0x0763021c, 0x02060706, 0x09070964, 0x0965020e, 
    0x026e0937, 0x09a6096d, 0x09a502c9, 0x82e609cf, 0x00022879, 0x00020020, 0x19000009, 0x08369d6f, 0x3a051d86, 0x3d051802, 0x36025e05, 0x91059105, 
    0x93055802, 0x59029c05, 0xb005b005, 0x1c066302, 0x64021c06, 0xbd06bc06, 0xbf066502, 0x6702bf06, 0xc206c106, 0xc8066802, 0x6a02c806, 0xcd06ca06, 
    0xd0066b02, 0x6f02d706, 0x01070107, 0x34077702, 0x78023707, 0x3e073c07, 0x44077c02, 0x7f024c07, 0x54074f07, 0x57078802, 0x8e025f07, 0x06090009, 
    0x18099702, 0x9e023609, 0xa5097d09, 0xca09bd02, 0xe602ce09, 0x5e000100, 0x490db551, 0xd92c16ad, 0xe902e002, 0xfe02f602, 0x0d030503, 0x2a08b549, 
    0x0367035d, 0x0379036e, 0x498d0383, 0xc16520bd, 0x059d2c09, 0x059f059e, 0x05a305a1, 0x52b305a4, 0xde261215, 0xe205e105, 0x6966e405, 0x0737521b, 
    0x00018b08, 0x541e4a1e, 0x681e5e1e, 0x7c1e721e, 0x901e861e, 0xa41e9a1e, 0xb81eae1e, 0xcc1ec21e, 0xe01ed61e, 0xf41eea1e, 0x081ffe1e, 0x1c1f121f, 
    0x301f261f, 0x441f3a1f, 0x581f4e1f, 0x6c1f621f, 0x801f761f, 0x941f8a1f, 0xa81f9e1f, 0xbc1fb21f, 0xd01fc61f, 0xe41fda1f, 0xf81fee1f, 0x0c200220, 
    0x20201620, 0x34202a20, 0x48203e20, 0x5c205220, 0x70206620, 0x84207a20, 0x98208e20, 0xac20a220, 0xc020b620, 0xd420ca20, 0xe820de20, 0x7750f220, 
    0x21350911, 0x21602156, 0x2174216a, 0x2188217e, 0x219c2192, 0x21b021a6, 0x21c421ba, 0x21d821ce, 0x21ec21e2, 0x220022f6, 0x2214220a, 0x2228221e, 
    0x223c2232, 0x22502246, 0x2264225a, 0x2278226e, 0x228c2282, 0x22a02296, 0x22b422aa, 0x22c822be, 0x22dc22d2, 0x22f022e6, 0x230423fa, 0x2318230e, 
    0x232c2322, 0x23402336, 0x2354234a, 0x2368235e, 0x237c2372, 0x23902386, 0x23a4239a, 0x23b823ae, 0x23cc23c2, 0x23e023d6, 0x23f423ea, 0x240824fe, 
    0x241c2412, 0x24302426, 0x2444243a, 0x2458244e, 0x246c2462, 0x24802476, 0x2494248a, 0x24a8249e, 0x24bc24b2, 0x24d024c6, 0x24e424da, 0x25f824ee, 
    0x250c2502, 0x25202516, 0x2534252a, 0x2548253e, 0x255c2552, 0x25702566, 0x2584257a, 0x2598258e, 0x25ac25a2, 0x25c025b6, 0x25d425ca, 0x25e825de, 
    0x26fc25f2, 0x26102606, 0x2624261a, 0x2638262e, 0x264c2642, 0x26602656, 0x2674266a, 0x2688267e, 0x269c2692, 0x1db026a6, 0x1d321d2a, 0x1d421d3a, 
    0x1d521d4a, 0x1d621d5a, 0x1d721d6a, 0x1d821d7a, 0x1d921d8a, 0x1da21d9a, 0x10a356aa, 0x1df22808, 0x1e021efa, 0x1e121e0a, 0x1e221e1a, 0x1e321e2a, 
    0x1d421e3a, 0x1d181d12, 0x00241d1e, 0x003d0002, 0x0096008d, 0x82c50000, 0x0a220801, 0xd700c700, 0xdc000b00, 0x1c00e900, 0x9a019a01, 0xfb012a00, 
    0x2b001702, 0x1a021902, 0x1c024800, 0x5b441c02, 0x4beb0906, 0x91029002, 0xe0024c00, 0x4e00e302, 0xe502e502, 0xe7025200, 0x5300ee02, 0x76037603, 
    0x79035b00, 0x5c007a03, 0x88038103, 0x93035e00, 0x66009603, 0xb3039803, 0x3e056a00, 0x86003e05, 0x42054105, 0x45058700, 0x89004505, 0x48054805, 
    0x50058a00, 0x8b005005, 0x53055205, 0x55058c00, 0x8e005505, 0x58055805, 0x43068f00, 0x90004306, 0x46064606, 0x48069100, 0x92004806, 0x4b064b06, 
    0x4f069300, 0x94004f06, 0x74067406, 0x77069500, 0x96007706, 0x79067906, 0x7c069700, 0x98007c06, 0x80068006, 0x8c069900, 0x9a008c06, 0x8f068f06, 
    0x91069b00, 0x9c009106, 0x94069406, 0x98069d00, 0x9e009806, 0xa506a506, 0xa8069f00, 0xa000a806, 0xaa06aa06, 0xad06a100, 0xa200ad06, 0xb106b106, 
    0x8a07a300, 0xa4008a07, 0x8d078c07, 0x8f07a500, 0xa7008f07, 0x92079207, 0xc807a800, 0xa900c807, 0xcb07ca07, 0xcd07aa00, 0xac00cd07, 0xd007d007, 
    0x1508ad00, 0xae001508, 0x19081908, 0x5008af00, 0xb0005208, 0x5d085d08, 0x6b08b300, 0xb4006c08, 0x8c088108, 0xb008b600, 0xc200b008, 0xee000100, 
    0x0f000300, 0x1b001500, 0x42002000, 0x4e004300, 0x58005700, 0x66006300, 0x78007100, 0x92008b00, 0x9c009300, 0xa5009d00, 0xa700a600, 0xc800c700, 
    0xd700d200, 0xeb00e900, 0xf600ec00, 0x0901fb00, 0x13011001, 0x1d011b01, 0x26011e01, 0x2f012701, 0x33013201, 0x56014201, 0x5f015901, 0x79016401, 
    0x86018201, 0x88018701, 0x93019201, 0x96019401, 0x9f019701, 0xad01a001, 0xb601b501, 0xb801b701, 0xbf01bb01, 0xc601c001, 0xcf01ca01, 0xd101d001, 
    0xd401d301, 0xde01dc01, 0xf201e001, 0xff01f501, 0x0b020602, 0x0d020c02, 0x27020e02, 0x6f022e02, 0x73080795, 0x02470246, 0x025c0250, 0x0267025d, 
    0x0279026e, 0x028b0280, 0x0290028f, 0x02ab0297, 0x02ad02ac, 0x02b402b1, 0x02c002b5, 0x02cf02c5, 0x02d902d1, 0x02e702dc, 0x02eb02e9, 0x02f402ec, 
    0x02f802f6, 0x030303f9, 0x030d0304, 0x03110310, 0x032b0317, 0x0334032e, 0x034f0339, 0x0361035d, 0x03630362, 0x036f036e, 0x03710370, 0x03730372, 
    0x03840383, 0x03880385, 0x0805eb72, 0x94039240, 0xa303a203, 0xa503a403, 0xac03a803, 0xb303ad03, 0xbd03bc03, 0xbf03be03, 0xc103c003, 0xc703c203, 
    0xd703ce03, 0xde03d903, 0xe203df03, 0xe703e303, 0xf003ed03, 0x07040404, 0xb8049e04, 0x016bb904, 0x0593280a, 0x05dd0597, 0x45df05de, 0x54080627, 
    0x06e605e5, 0x06b906a0, 0x06dd06dc, 0x06e606e3, 0x09ef06e9, 0x0a140ac5, 0x0a320a17, 0x0a8b0a8a, 0x0a900a8c, 0x0ab10a91, 0x0abe0abc, 0x0aeb0abf, 
    0x0aef0aee, 0x0af20af0, 0x0af40af3, 0x0bf70af5, 0x0b090b08, 0x0b200b1f, 0x0b240b21, 0x00300b25, 0x00430101, 0x20e14102, 0xdd419c20, 0x4113201a, 
    0x322408d9, 0x41013301, 0x410cd941, 0x902005d7, 0x416cd741, 0xd12407d5, 0xe702dc02, 0x4106cf41, 0xcb4107cd, 0x05c9410f, 0xc9416c20, 0x4181200a, 
    0x8e2306c9, 0x41038f03, 0x4b2141c7, 0x19fd6c05, 0x67056636, 0x69056805, 0x6b056a05, 0x6d056c05, 0x6f056e05, 0x71057005, 0x201af36c, 0x1b8d5f7f, 
    0x5e05835f, 0xa5210669, 0x0bcf6f05, 0xb505b43a, 0xb805b605, 0xba05b905, 0xbc05bb05, 0xbe05bd05, 0xdf05bf05, 0xe605e505, 0x421cc56d, 0xef250763, 
    0xf206f106, 0x05f35d06, 0x070a2208, 0x070c070b, 0x070e070d, 0x0710070f, 0x07120711, 0x07140713, 0x07160715, 0x07180717, 0x0ac50919, 0x35894214, 
    0x00ac0727, 0x076e0702, 0x2805826f, 0x00e7026d, 0x09e50502, 0x21058326, 0x05820807, 0x0107b32a, 0x16030300, 0x2007de05, 0x05830d84, 0x9b05bf22, 
    0x97220b82, 0x05829c05, 0x0b849a20, 0x0b849320, 0x0000952c, 0xe5050200, 0x19010100, 0x0b820100, 0x03821020, 0x02210f84, 0x280f84e0, 0x0016070f, 
    0x07ed0502, 0x20058417, 0x2205882a, 0x842b07fa, 0x2205830b, 0x822807fa, 0x07fa270b, 0x05030029, 0x078505f0, 0x0782fd20, 0x21841020, 0x15841120, 
    0x4783ed20, 0x830d0721, 0x0e072347, 0xb7822a07, 0x41832520, 0x07260723, 0x201f8618, 0x2407840c, 0x001907f0, 0x22458204, 0x82ed05f0, 0x00012189, 
    0x00240185, 0x2c070400, 0xed201f84, 0xfa200786, 0xfd200784, 0x17839982, 0x24206d83, 0xf0211f84, 0x20078507, 0x210784fd, 0x0f8505fd, 0xfd05fd24, 
    0x57872d07, 0xfa200988, 0x45830986, 0x47831d85, 0x37820983, 0x09875982, 0x43822785, 0x27821388, 0x82020021, 0x8203839b, 0x200282a6, 0x220f8601, 
    0x84030000, 0x87198bb3, 0x84c58211, 0x822b851b, 0x22028234, 0x88040001, 0x86002013, 0x22f38709, 0x88050015, 0x8b4f8b11, 0x00002215, 0x8d238806, 
    0x22178d57, 0x8c070000, 0x8f4f8b5d, 0x00002219, 0x8d2b8c08, 0x221b9157, 0x8e090000, 0x93318d2f, 0x0000221d, 0x8d33900a, 0x221f9535, 0x920b0000, 
    0x97398d37, 0x07002621, 0x05020009, 0x200584b4, 0x240582b6, 0x05b30503, 0x200786b3, 0x850786b4, 0x86b42017, 0x84b42017, 0x0503232d, 0x178505b4, 
    0x1786b620, 0x1786b620, 0x1782b620, 0x04000a22, 0x05224783, 0x098707b3, 0x0988b420, 0x0986b620, 0x1d88b420, 0x3982b420, 0xb4202785, 0xb6203b88, 
    0xb6201d88, 0xb6201d88, 0xb4201d86, 0x3183a384, 0x59850983, 0x59850983, 0x8705b421, 0x87098359, 0x8259871d, 0x83598607, 0x871d8709, 0x88b62059, 
    0x85098359, 0x8509831d, 0x88b62059, 0x87098359, 0x2159871d, 0xb38705b6, 0x1d870983, 0x07270b82, 0x05020025, 0x862607fa, 0x82032005, 0x200d8363, 
    0x854d8203, 0x84b62007, 0x0503221d, 0x200786bf, 0x200786c0, 0x200782c2, 0x06494127, 0x8507fa21, 0x88b42009, 0x88b62013, 0x85378309, 0x88c0201d, 
    0x203b8713, 0x836d84b4, 0x84b4201d, 0x8709856f, 0x84b4203b, 0x87138573, 0x05b4213b, 0xb6203b87, 0xb6203b88, 0xcf823b88, 0xb6206386, 0xb6213b88, 
    0x203b8705, 0x203b88b6, 0x203b88bf, 0x213b88bf, 0x778705bf, 0x3b88bf20, 0x3b88bf20, 0x3b88bf20, 0x3b88c020, 0x3b88c020, 0x3b88c020, 0x3b88c020, 
    0x3b88c020, 0x3b88c020, 0x3b88c220, 0x3b88c220, 0x3b88c220, 0x3b88c220, 0x3b88c220, 0x3b84c220, 0x0200ad26, 0xae076e07, 0xaf200584, 0xb0200584, 
    0xb1200584, 0xb2200584, 0xb4200584, 0xb5200584, 0xb6200584, 0xb7200584, 0xb8200584, 0xb9200584, 0xba200584, 0xbb200584, 0xbc200584, 0xbd200584, 
    0xbe200584, 0xbf200584, 0xc0200584, 0xc1200584, 0xc2200584, 0xc3200584, 0xc4200584, 0xc5200584, 0xc6200584, 0xc7200584, 0xc8200584, 0xc9200584, 
    0xca200584, 0xcb200584, 0xcc200584, 0xcd200584, 0xce200584, 0xcf200584, 0xd0200584, 0xd1200584, 0xd2200584, 0xd3200584, 0xd4200584, 0xd5200584, 
    0xd6200584, 0xd7200584, 0xd8200584, 0xd9200584, 0xda200584, 0xdb200584, 0xdc200584, 0xdd200584, 0xde200584, 0xdf200584, 0xe1200584, 0xe2200584, 
    0xe0200584, 0xe6200584, 0xe7200584, 0xe3200584, 0xe4200584, 0xe5200584, 0xe8200584, 0xe9200584, 0x70200584, 0x6d220582, 0x05847107, 0x05847220, 
    0x05847320, 0x05847420, 0x05847520, 0x05847620, 0x05847720, 0x05847820, 0x05847920, 0x05847a20, 0x05847b20, 0x05847c20, 0x05847d20, 0x05847e20, 
    0x05847f20, 0x05848020, 0x05848120, 0x05848220, 0x05848320, 0x05848420, 0x05848520, 0x05848620, 0x05848720, 0x05848820, 0x05848920, 0x05848a20, 
    0x05848b20, 0x05848c20, 0x05848d20, 0x05848e20, 0x05848f20, 0x05849020, 0x05849120, 0x05849220, 0x05849320, 0x05849420, 0x05849520, 0x05849620, 
    0x05849720, 0x05849820, 0x05849920, 0x05849a20, 0x05849b20, 0x05849c20, 0x05849d20, 0x05849e20, 0x05849f20, 0x0584a020, 0x0584a120, 0x0584a320, 
    0x0584a420, 0x0584a220, 0x0584a820, 0x0584a920, 0x0584a520, 0x0584a620, 0x0584a720, 0x0584aa20, 0x0584ab20, 0x02000d26, 0x0e07ed05, 0x03220586, 
    0x0d84b305, 0xb4050322, 0xb6200786, 0x0f200782, 0x21065b44, 0x098507ed, 0x1388b420, 0xb4201d87, 0x1d833784, 0x3984b420, 0x1d870985, 0x1d88b620, 
    0x1d88b620, 0x8205b621, 0x0a00271d, 0x950a0200, 0x05828b00, 0x0b019122, 0x92280582, 0x02006501, 0x1802ea06, 0x95220b82, 0x05829002, 0x8f029122, 
    0xf0200584, 0x9e220582, 0x1d833a03, 0x83490521, 0x5905210b, 0x00210583, 0x2111833f, 0x05823e00, 0x7801ed22, 0xea220582, 0x4d847901, 0x0b82c920, 
    0xca01ee22, 0xef220582, 0x1184d301, 0x0582d420, 0x21029022, 0x20205f84, 0xed220582, 0x1182d202, 0x83029221, 0x0393221d, 0x2211824e, 0x824f03ea, 
    0x03912211, 0x220b82d6, 0x82d703ee, 0x03ef2205, 0x201184e2, 0x220582e3, 0x82290490, 0x04ea2211, 0x210b832a, 0x05824200, 0x43009122, 0xef281182, 
    0x02004400, 0x2501130b, 0x26207d84, 0x27206b84, 0xef220b82, 0xb9844602, 0x0b844720, 0x23834820, 0x82c00221, 0x029b2211, 0x201184c5, 0x221182b7, 
    0x8402031b, 0x84032077, 0x84042065, 0x821020ad, 0x01e92205, 0x22118211, 0x84120193, 0x84132053, 0x82142017, 0x0113222f, 0x20118460, 0x22058261, 
    0x826201eb, 0x01962223, 0x20e98463, 0x20238464, 0x201d84c2, 0x201d84c3, 0x831d84c4, 0x01ee226b, 0x207184c6, 0x220582d9, 0x82da02e9, 0x02932217, 
    0x220b82db, 0x84dc02ea, 0x83dd2017, 0x35032159, 0x36208984, 0xeb220582, 0x23823703, 0x38039622, 0xee220b82, 0x05823903, 0xaf03ef22, 0xb0201d84, 
    0xb1201d84, 0xb2201d84, 0xb3201d84, 0xef220582, 0x11824b00, 0x51009a22, 0x9e220582, 0x11824c00, 0x4d00ea22, 0x92220b82, 0x05824e00, 0x4f009122, 
    0x93220582, 0x05845600, 0x11845720, 0x35845820, 0x77835920, 0x825a0021, 0x00e9220b, 0x220b825b, 0x84a30005, 0x82a42035, 0x00932205, 0x202984a5, 
    0x202984a6, 0x220b82a7, 0x82a80090, 0x01012223, 0x220b82cc, 0x84cd0192, 0x84ce20e3, 0x82cf20ef, 0x01902211, 0x220582d0, 0x82d10191, 0x01ef2211, 
    0x201784f1, 0x201184f2, 0x220582f3, 0x84f40193, 0x84f52035, 0x82f6201d, 0x02132247, 0x2111824d, 0xb983029a, 0x82029e21, 0xea0623a7, 0x11824f02, 
    0x50029222, 0x91210582, 0x21cb8302, 0x95820293, 0x02930a23, 0x2011845c, 0x213b835d, 0x3b845e02, 0x0b825f20, 0x6002e922, 0x05220b82, 0x0b820304, 
    0x0404ea22, 0x04212383, 0x22058205, 0x82060493, 0x04922205, 0x22178207, 0x820804ef, 0x00132223, 0x20d78490, 0x22058291, 0x84920094, 0x849320d7, 
    0x829420f5, 0x0093220b, 0x220b8295, 0x829600ea, 0x01ed2205, 0x20b9841a, 0x2105821b, 0x4b4209e9, 0x82212005, 0x019e2223, 0x20b9841d, 0x214d831f, 
    0x05822001, 0x9e010522, 0xe9221182, 0x1d829c01, 0x9d019a22, 0x93220582, 0xef849f01, 0x2984a020, 0x2382a120, 0xa2011322, 0x05210582, 0x225f8202, 
    0x8202920a, 0x940a235f, 0xcb849702, 0x17829820, 0x99027622, 0x93220b82, 0x2f829a02, 0x9b02ea22, 0xed220582, 0x1182a902, 0xaa029222, 0xab201784, 
    0xac202984, 0xad20f584, 0x90220b82, 0x3582ae02, 0xaf020122, 0x13220582, 0x1182db03, 0xdc039222, 0xeb221d82, 0x0582dd03, 0xd903ea22, 0x90221182, 
    0x0582de03, 0xdf039122, 0xef221182, 0x0b82e003, 0x81019522, 0x8220d184, 0x8320ad84, 0x93221182, 0x0b828401, 0x8501ec22, 0xff220b82, 0xb3848601, 
    0xb3848720, 0x59838920, 0x82ea0221, 0x02932211, 0x209584e8, 0x220582e9, 0x84e702e9, 0x82e12089, 0x029e2205, 0x208f84eb, 0x202984ed, 0x220582ee, 
    0x845c0305, 0x825d207d, 0x03e92205, 0x2223825e, 0x825f0393, 0x03ec220b, 0x220b8260, 0x846103ff, 0x8462208f, 0x8264208f, 0x0313212f, 0x0a228982, 
    0x89820393, 0x03e90623, 0x221d8281, 0x8484039a, 0x84852023, 0x84862023, 0x84872023, 0x82882059, 0x01902217, 0x2217822d, 0x842e01ee, 0x842f20c5, 
    0x843020c5, 0x823120c5, 0x01eb220b, 0x20bf8432, 0x20bf8433, 0x22358234, 0x84350113, 0x8206203b, 0x03ee2211, 0x209b840c, 0x209b840d, 0x2229820e, 
    0x820f0393, 0x03eb220b, 0x20718410, 0x20718411, 0x222f8212, 0x84130313, 0x846a2035, 0x826b202f, 0x0392221d, 0x209b846c, 0x203b846e, 0x220b826d, 
    0x846f0393, 0x84702035, 0x82712035, 0x0327222f, 0x22058272, 0x848e0120, 0x828f209b, 0x0192221d, 0x22058290, 0x8492019a, 0x829120a7, 0x0193220b, 
    0x20a18493, 0x20a18494, 0x222f8296, 0x84da0121, 0x82ef202f, 0x019b2217, 0x203584db, 0x20e984dc, 0x20d184df, 0x202984e0, 0x221182e1, 0x84e20196, 
    0x82dd20fb, 0x01ed2205, 0x304784de, 0x06030095, 0x01910aea, 0x0a030096, 0x03910a93, 0x20b184ea, 0x221b82fc, 0x82e7039b, 0x03902205, 0x82bd84eb, 
    0xeb06235d, 0xab84f003, 0x1182f120, 0xf2039622, 0xee220b82, 0x0582ec03, 0xed03ed22, 0xee20c984, 0x95220582, 0x1182ba02, 0xbb02eb22, 0xea220582, 
    0x1182bc02, 0xb4029222, 0x90220582, 0x1182b602, 0xbd02ee22, 0xed220582, 0x1182be02, 0xc4029422, 0x96220582, 0x0582c102, 0xc2029322, 0xec221782, 
    0x0b82c302, 0xb502ff22, 0xf5220582, 0x1182cb00, 0xcc00eb22, 0xea220582, 0x1182cd00, 0xc7009222, 0x90220582, 0x1182ce00, 0xcf00ee22, 0xed280582, 
    0x0200d000, 0xd100940a, 0x9b220582, 0x0582d200, 0xd6009122, 0x96220582, 0x1d82d700, 0xd300ef22, 0x93220b82, 0x0b82d400, 0xd500ec22, 0xff280b82, 
    0x0200ca00, 0xc8001b0b, 0x9024eb82, 0x6000ea06, 0x61206184, 0x62206184, 0x63206184, 0x64206184, 0x65205b84, 0x66205b84, 0x67205584, 0x9b220582, 
    0x4f846800, 0x5b847120, 0x67847220, 0x8b847320, 0x61846920, 0x61846a20, 0x05826b20, 0x6e009a22, 0x05226782, 0x05826f00, 0x69021b22, 0xeb211d82, 
    0x231d8202, 0x6b02ea06, 0x92211d82, 0x224d8302, 0x826c0290, 0x02ed2217, 0x2211826d, 0x826e0294, 0x02912105, 0x0a232f82, 0x8270029b, 0x0293220b, 
    0x221d8279, 0x827a02ef, 0x0296220b, 0x220b827b, 0x827c02ee, 0x022b224d, 0x2205827d, 0x827e022c, 0x022d2205, 0x2205827f, 0x8271022e, 0x02ec221d, 
    0x22298272, 0x827302ff, 0x029a2205, 0x22058274, 0x827502e5, 0x02e42205, 0x22238276, 0x82770205, 0x001b2205, 0x20f78274, 0x20f78292, 0x22078475, 
    0x837600eb, 0x960a2307, 0x0f847700, 0x6c00ee2a, 0xed060300, 0x6d00eb06, 0xea220784, 0x5982aa01, 0xab01eb22, 0xea220582, 0x4d82ac01, 0xad019222, 
    0x90220582, 0x1182ae01, 0xaf01ee22, 0xed220582, 0x1182b001, 0xb1019422, 0x95220582, 0x0582b201, 0xb301fb22, 0x9b220582, 0x1d82c001, 0xc101ef22, 
    0x96220b82, 0x0582b401, 0xb9019322, 0xec221182, 0x0b82ba01, 0xbb01ff22, 0x09228f82, 0x0582bc01, 0xbd011b22, 0x05220582, 0x1d829903, 0x9a03eb22, 
    0xea220582, 0x23829b03, 0x94039222, 0x90220582, 0x11829503, 0x9c03ee22, 0xed220582, 0x11829d03, 0x9e039422, 0x95220582, 0x05829f03, 0xa003fb22, 
    0x9b220582, 0x1d82ad03, 0x8203ef21, 0x960a2395, 0x1182a103, 0xa2039322, 0xf4220582, 0x0582a303, 0xa403f522, 0xf3220582, 0x0582a503, 0xa603f722, 
    0xec222982, 0x0b82a703, 0xa803ff22, 0x09227782, 0x0582a903, 0xaa031b22, 0xab208384, 0xf8221782, 0x0b82ac03, 0xb501302a, 0x900a0300, 0xb601ed06, 
    0xea220784, 0x0783b701, 0x01930a23, 0x2a0f84b8, 0x00be01eb, 0x06ee0603, 0x82bf01ea, 0x0aed2407, 0x82050090, 0x00eb2259, 0x22058206, 0x820700ea, 
    0x00922247, 0x220b8204, 0x820300ee, 0x0090220b, 0x22058208, 0x82090095, 0x00232259, 0x2217820b, 0x820c00ed, 0x00942211, 0x2205820d, 0x8215009b, 
    0x00ef2211, 0x220b8216, 0x821f0096, 0x002a2223, 0x220b820e, 0x82110093, 0x00ec2217, 0x220b8212, 0x821300ff, 0x00912205, 0x221d8214, 0x82460118, 
    0x01eb2217, 0x22058247, 0x824801ea, 0x01922217, 0x220b8243, 0x824201ee, 0x0190220b, 0x220b8249, 0x824a01ed, 0x0194220b, 0x2205824b, 0x824401fb, 
    0x019e2205, 0x22178259, 0x825a01ef, 0x0196220b, 0x2205824c, 0x824d0193, 0x019b2205, 0x2217824f, 0x825001ec, 0x01ff220b, 0x22058253, 0x84100291, 
    0x82fc205f, 0x02ea2105, 0x0a23c582, 0x821a0292, 0x02ee210b, 0x0a23b982, 0x82160290, 0x02952723, 0x0b020017, 0x95820222, 0x01ed0623, 0x221182fd, 
    0x82140294, 0x029b2105, 0x0623b982, 0x821102ef, 0x0296220b, 0x22238205, 0x8207022b, 0x022c2205, 0x22058208, 0x8209022d, 0x012e2205, 0x220582fe, 
    0x82000228, 0x02292205, 0x22058201, 0x82020254, 0x022a2805, 0x0a020003, 0x820c0293, 0x02f42205, 0x2205820f, 0x820a02f6, 0x02ec2277, 0x220b8212, 
    0x840d02ff, 0x8219209b, 0x03182229, 0x2217821b, 0x821c03eb, 0x03ea2205, 0x2217821d, 0x82180392, 0x03ee210b, 0x0a239582, 0x821e0390, 0x03ed220b, 
    0x2217821f, 0x82200394, 0x03fb2205, 0x22058219, 0x822e039e, 0x03ef2217, 0x220b822f, 0x82300396, 0x032b2247, 0x22058231, 0x8232032c, 0x032d2205, 
    0x22058233, 0x8221032e, 0x0393221d, 0x22058222, 0x8224039b, 0x03ec222f, 0x220b8225, 0x822603ff, 0x03f42205, 0x22238227, 0x82280331, 0x0391220b, 
    0x22058229, 0x822a03f6, 0x03f82205, 0x2217822b, 0x822c0325, 0x03e5220b, 0x2a05822d, 0x001700e4, 0x06920a03, 0x841800ea, 0x00eb2207, 0x066b4319, 
    0x0f841a20, 0x1c00ee22, 0x94200782, 0x1d201f82, 0xeb220784, 0x07831e00, 0x00960a23, 0x2407820f, 0x00ed0690, 0x24078210, 0x01ed0691, 0x222f845b, 
    0x845c01ea, 0x01eb2207, 0x2147855d, 0x0f845e01, 0x5101ee22, 0x01252f85, 0x06030052, 0x202f82ee, 0x20378654, 0x220f8455, 0x835601ea, 0x900a2307, 
    0x07825701, 0xeb06ed24, 0x07845801, 0x2107ea26, 0xb4050200, 0xb6200584, 0xc0200584, 0xc2200584, 0x09520582, 0x00212105, 0xb4200783, 0xb6200f86, 
    0xbf200786, 0xc0200786, 0x2f850786, 0xb305b422, 0xb4200f84, 0x21525184, 0x213f8305, 0x2f8505b4, 0x8505b421, 0x05b4212f, 0xb6202f85, 0xb6202f86, 
    0xb6212f86, 0x205f8505, 0x202f86b6, 0x202f86b6, 0x202f86b6, 0x202f86bf, 0x202f86bf, 0x202f86bf, 0x202f86bf, 0x202f86bf, 0x202f86bf, 0x202f86c0, 
    0x202f86c0, 0x202f86c0, 0x202f86c0, 0x202f86c0, 0x202f86c0, 0x202f86c2, 0x202f86c2, 0x202f86c2, 0x202f86c2, 0x202f86c2, 0x202f82c2, 0x063b4d22, 
    0x8707b321, 0x88b42009, 0x88b62009, 0x88bf2009, 0x88c02009, 0x86c22009, 0x05b42109, 0xb4203b87, 0x45856f82, 0x7182b420, 0x3b870987, 0x7582b420, 
    0x3b871387, 0x3b88b620, 0x3b88b620, 0x3b88b620, 0xaf82b620, 0xb6203185, 0xb6203b88, 0xbf20b388, 0xbf203b88, 0xbf203b88, 0xbf203b88, 0xbf203b88, 
    0xbf203b88, 0xc0203b88, 0xc0203b88, 0xc0203b88, 0xc0203b88, 0xc0203b88, 0xc0203b88, 0xc2203b88, 0xc2203b88, 0xc2203b88, 0xc2203b88, 0xc2203b88, 
    0xc2203b88, 0xef533b86, 0x53d18305, 0x098705ef, 0x83056741, 0x052b4113, 0x67410983, 0x41098305, 0xb421052b, 0x07674105, 0xa3410983, 0x87098305, 
    0x86b4203b, 0x87138377, 0x88b4203b, 0x07674177, 0xb605b422, 0x0983b386, 0x67413b87, 0x87138307, 0x88b6203b, 0x0767413b, 0x4105b421, 0x09830767, 
    0x67413b87, 0x87138307, 0x0767413b, 0x4105b421, 0x09830767, 0x6741b387, 0x87138307, 0x41c020ef, 0x1383062b, 0xc220ef87, 0x21066741, 0x674105b4, 
    0x87098307, 0x88c22077, 0x88c220ef, 0x0767413b, 0x3b86ed82, 0x2205fd54, 0x82040022, 0x41b320f7, 0x138306a3, 0x09837785, 0x0983b385, 0xb6207785, 
    0x83086741, 0x83b38509, 0x83778509, 0x823b8709, 0x850720ab, 0x41b42059, 0xb620062b, 0x13866583, 0x09882982, 0x67413b87, 0x87278307, 0x88b62077, 
    0x0767413b, 0xa3412582, 0x87098306, 0x0767413b, 0x3b871383, 0x20076741, 0x086741b6, 0xb3870983, 0x83076741, 0x41b38713, 0x13830767, 0xc220ef87, 
    0x41082b41, 0x93820767, 0x20082b41, 0x066741c2, 0xc205b622, 0x83066741, 0x823b8509, 0x833b86b1, 0x83778509, 0x83b38509, 0x83778509, 0x83b38509, 
    0x423b8709, 0xbf2207cf, 0xef86b405, 0x3b870983, 0x8307cf42, 0x413b8713, 0xbf200767, 0x83086741, 0x20778709, 0x83b386b6, 0x82778713, 0x220724e7, 
    0x83050400, 0x41778713, 0xbf200767, 0x8308cf42, 0x41778709, 0x07820767, 0x0983ef86, 0xc0203b87, 0xc020ef88, 0x6741b388, 0x05bf2207, 0x062b41c0, 
    0xb3870983, 0xdf41c020, 0x05bf2206, 0x413b88c2, 0x13830767, 0xc2207787, 0x67413b88, 0x851d8307, 0x05c02277, 0x833b86b3, 0x83ef8509, 0x833b8509, 
    0x83ef8509, 0x83778509, 0x413b8709, 0xc0200767, 0x83086741, 0x413b8709, 0x13830767, 0xb4203b87, 0xd982b386, 0xb6207788, 0x1383ef86, 0xcf423b87, 
    0x87138307, 0x88b6203b, 0x0767413b, 0x6741c020, 0x87098308, 0x0767413b, 0x3b871383, 0x2007cf42, 0x08cf42c0, 0xef870983, 0x83076741, 0x82ef8713, 
    0x2207230b, 0x2f820400, 0x82076741, 0x41b38807, 0x13830767, 0xc2207787, 0x83066741, 0x20778713, 0x20b386c2, 0x086741c2, 0x77850983, 0x3b850983, 
    0x77850983, 0x3b850983, 0x67410983, 0x866b8205, 0x87098377, 0x42b4203b, 0x13830693, 0xb4203b87, 0x83065742, 0x453b8713, 0xc220079f, 0x83089f45, 
    0x41778709, 0x13830767, 0xb6207787, 0x6741b388, 0x41c22007, 0x09830867, 0x67413b87, 0x87138307, 0x0767413b, 0x6741c220, 0x87098308, 0x076741b3, 
    0xb3871383, 0xb388c020, 0x7788c020, 0xef88c220, 0x22076741, 0x88c205c2, 0x236f82ef, 0x04002207, 0xc2201182, 0x1f823b88, 0x0000002f, 0x024b0504, 
    0x000500bc, 0x04330500, 0x200f82cd, 0x2b07859a, 0xbe00cd02, 0x00009f02, 0x03080002, 0x022a1582, 0x00e00400, 0x0052ff0a, 0x0d82ffa1, 0x03822120, 
    0x53520037, 0xa000534d, 0xffff0000, 0x12fec007, 0xc0070000, 0x0000ee01, 0x25338201, 0x5e040000, 0x2382d205, 0x0c002022, 0x04200582, 0x43830382, 
    0x0b852420, 0x005c1625, 0x82010003, 0x8224200b, 0x000a2c07, 0x005c1600, 0x00381604, 0x82e20100, 0x00072214, 0x091982e2, 0xac007edf, 0xc3014801, 
    0x7b025402, 0x90028402, 0x0403a402, 0x0c030a03, 0x13030f03, 0x1b031503, 0x28032303, 0x38032c03, 0x62034303, 0x76036f03, 0x8a037f03, 0xa1038c03, 
    0xdd03d703, 0xfa03f603, 0x9d047904, 0x2f05ff04, 0x001d3f0e, 0x1b1d0d1d, 0x491d431d, 0x501d4d1d, 0x581d521d, 0x651d5b1d, 0xa01d9c1d, 0xd71dbb1d, 
    0xe91de71d, 0x9b1ef51d, 0x151f0f1f, 0x271f1d1f, 0x451f3f1f, 0x571f4d1f, 0x5b1f591f, 0x7d1f5d1f, 0xaf1f871f, 0xc41fb41f, 0xdb1fd31f, 0xf41fef1f, 
    0x0b20fe1f, 0x55202720, 0x5f205720, 0x8e207120, 0xaf209c20, 0xba20b520, 0xde20c020, 0xf020e820, 0x03210121, 0x09210621, 0x17211321, 0x26212221, 
    0x2e212b21, 0x3b213221, 0x5f214d21, 0x86217f21, 0x99218921, 0xb121aa21, 0xbb21b521, 0xd221d021, 0xdf21d421, 0xe721e521, 0x0222ea21, 0x0f220622, 
    0x1a221222, 0x2b221e22, 0x48223622, 0x65226022, 0x05239822, 0x27231823, 0x80232b23, 0x8b238723, 0x2324cf23, 0xcf246824, 0xa225ea24, 0xb325aa25, 
    0xbd25b725, 0xc725c125, 0xcf25cb25, 0xef25e625, 0x06260026, 0x61263c26, 0x6b266526, 0x1327a026, 0x56271727, 0x88276427, 0xfa27ef27, 0x382a1329, 
    0x132b062b, 0x242b1c2b, 0x7f2c7c2c, 0x182eff2d, 0xffa79fa6, 0x00e02ea9, 0x2be00be0, 0x4fe04ae0, 0x5ee05ce0, 0x80e06ae0, 0x91e087e0, 0xa3e096e0, 
    0xcce0bde0, 0xf5e0e6e0, 0x0ae106e1, 0x13e10fe1, 0x22e118e1, 0x2ae124e1, 0x3de137e1, 0x5ee156e1, 0xc3e163e1, 0xe1e1dfe1, 0xd8e2c7e2, 0x07eedce2, 
    0x12ee0aee, 0x17ee14ee, 0x45ee25ee, 0x71ee47ee, 0x8fee84ee, 0x9cee99ee, 0xd2eea6ee, 0xdeeed6ee, 0xc3f6e1ee, 0xfffffffe, 0x34008300, 0x00a00020, 
    0x014a01ae, 0x025602c5, 0x0286027e, 0x03a60292, 0x0ce34106, 0x03262208, 0x0337032c, 0x03460342, 0x03740363, 0x0384037a, 0x038e038c, 0x03dc03a3, 
    0x03f903f0, 0x048004fc, 0x0ce341a0, 0x4d1d472c, 0x521d4f1d, 0x5b1d561d, 0xe341621d, 0x1dbf3806, 0x1de81dd8, 0x1efc1dea, 0x1f101f9d, 0x1f201f18, 
    0x1f401f28, 0x41501f48, 0x420806e3, 0x1f801f5f, 0x1fb01f88, 0x1fc61fb6, 0x1fdd1fd6, 0x20f61ff2, 0x20102000, 0x2057202f, 0x2070205f, 0x20902074, 
    0x20b120a0, 0x20bc20b8, 0x20e820db, 0x210021f0, 0x21052103, 0x21132109, 0x211e2116, 0x412a2126, 0x503008e3, 0x83216021, 0x90218921, 0xb021a921, 
    0xba21b321, 0x2206e341, 0x41e421de, 0x052406e3, 0x11220f22, 0x280ce341, 0x23952264, 0x23182303, 0x08e34125, 0x2324ce38, 0xb6246024, 0xa025ea24, 
    0xb225aa25, 0xba25b625, 0xc425c025, 0xe341ca25, 0x41052008, 0x6a2006e3, 0x240ae341, 0x27ef2780, 0x06e341f5, 0xe3411220, 0x02680814, 0x2ce00ce0, 
    0x50e04be0, 0x6ae05de0, 0x81e06be0, 0x92e088e0, 0xa4e097e0, 0xdce0c8e0, 0x06e1f3e0, 0x0ce109e1, 0x17e111e1, 0x24e121e1, 0x2be12ae1, 0x3ee138e1, 
    0x63e157e1, 0xd2e1c3e1, 0xe2e1e1e1, 0xd9e2c8e2, 0x09ee01ee, 0x14ee0cee, 0x1dee17ee, 0x47ee26ee, 0x72ee48ee, 0x90ee87ee, 0x9dee9aee, 0xd3eea7ee, 
    0xdfeed8ee, 0x2106e341, 0x00940001, 0x03870737, 0x078407dd, 0x037e0783, 0x070000cc, 0x07660770, 0x0659073d, 0x212c85f1, 0x0785dbfd, 0xff2f0589, 
    0xecfcf6c8, 0xec64ec6f, 0x00e4e857, 0x82e0e800, 0x82e32003, 0x82e12003, 0xe88d2803, 0x0085e88c, 0x828eec00, 0x83e92003, 0x6ae53631, 0x64e565e1, 
    0xfde30000, 0x6be520e2, 0x8de28ee2, 0x00008ce2, 0x212b82e4, 0x1f83b9e4, 0xe4250383, 0xe60000ed, 0x222d84f5, 0x8395e680, 0x2d038b07, 0xf3e9d7e9, 
    0xffe5d6e5, 0xfae50000, 0x19833ce9, 0xe5ece22b, 0xdfd9e5da, 0xe5d9e45a, 0x20738286, 0x20198289, 0x22038235, 0x82b3e575, 0xe5a03405, 0xe53ee53b, 
    0xe58ae544, 0xe569e582, 0x001ee467, 0x8213e400, 0xe40a2c03, 0xe3f8e301, 0xe3afe3ad, 0x838ae391, 0x3ae42b45, 0x31e40000, 0xd1e3d6e3, 0x7f82cee3, 
    0x2ae32d2a, 0x9fe2b9e2, 0x14e09fe1, 0x03871d83, 0x6ee15508, 0x7ce1d3df, 0x48e149e1, 0xe9e00ce1, 0xbee3e6e0, 0x1fe09ce0, 0xefdf1ce0, 0x0ae0e8df, 
    0x00001fe2, 0x6cdd09de, 0x30dc49dc, 0x46dc50dc, 0x7bd5e5d9, 0x84d740dd, 0x7961df63, 0x4727df60, 0xde209520, 0x0000f721, 0x00009f22, 0xde240d23, 
    0x37252525, 0x62250000, 0xd2260382, 0x5a2a0000, 0x6783e529, 0x29df292e, 0x29d429dc, 0x26ce29d3, 0x26000068, 0x242dcf82, 0x250624d4, 0x2671294e, 
    0x26272623, 0x2d238312, 0x9f140000, 0x6d15c814, 0x1b178e15, 0x11831c17, 0x00c41c27, 0x1cc21c00, 0x08058254, 0x00009420, 0x0d0b2610, 0x00000100, 
    0x9c02e001, 0xe803b402, 0xf805da04, 0x4e064206, 0x86066206, 0x2f834207, 0x07210387, 0x2709873e, 0x38070000, 0x46073c07, 0x502e0782, 0xde077607, 
    0xec07e007, 0xe808ee07, 0x21892209, 0x09000023, 0x200382d4, 0x200386d6, 0x201985d8, 0x27078209, 0x0000060a, 0x440b060a, 0x0c201185, 0x0c20338c, 
    0x0c2f1582, 0x0c00007e, 0x0de60cca, 0x000a0d00, 0x822c0d00, 0x0d3a2103, 0x0782df82, 0xb20db02e, 0xfe0de60d, 0x240e1c0e, 0x300e280e, 0x00234185, 
    0x832e0e00, 0x2c0e2109, 0x0b830785, 0x0e250383, 0x0e00002a, 0x20038246, 0x200d844a, 0x8d058358, 0x820e2003, 0x8b038319, 0x3e0e2415, 0x8400440e, 
    0x20158537, 0x0c03410e, 0x0e380e29, 0x0e3c0e3a, 0x8f440e42, 0x8b2d8537, 0x2c0e2105, 0x0b950d8b, 0x00140e25, 0x871a0e00, 0x850d871b, 0x5a0e235b, 
    0x19875c0e, 0x0e250783, 0x0e000056, 0x8909835e, 0x5e0e2503, 0x6c0e6a0e, 0x00250f89, 0x0e6c0e00, 0x20058290, 0x2013839e, 0x2105820e, 0x0983a20e, 
    0x00002108, 0x9305f106, 0xad05cd05, 0xd0061d05, 0xcc059105, 0x9e059d05, 0xf2050b06, 0xb305dd05, 0xaf05de05, 0x2c142f73, 0x05e405e1, 0x05f005ec, 
    0x059705ed, 0x0eeb71a5, 0x2a258573, 0x05b2059f, 0x060a06a1, 0x70da0607, 0xe0201607, 0x071cb579, 0x05a3f609, 0x05a405b0, 0x05f206f8, 0x051e0595, 
    0x05ae0520, 0x06b1051f, 0x06dc061e, 0x0518060e, 0x060606ea, 0x06e0060d, 0x06f60517, 0x06460645, 0x069703d8, 0x06e5051c, 0x064306e7, 0x06eb0519, 
    0x06bd06c1, 0x009a05c2, 0x00060005, 0x00040007, 0x00080003, 0x004b003d, 0x00610060, 0x00630062, 0x00cc00cb, 0x09c700cd, 0x012d011c, 0x01470146, 
    0x01430148, 0x01f40542, 0x01aa0144, 0x01ac01ab, 0x04da01ad, 0x02760309, 0x02fc0110, 0x021a0204, 0x0216020b, 0x024d021f, 0x026a0269, 0x0267026b, 
    0x02bb02ba, 0x04b402bc, 0x03060355, 0x031c031b, 0x0318031d, 0x03f50517, 0x03990319, 0x039b039a, 0x02ea0394, 0x00e70349, 0x0013020b, 0x00fd010c, 
    0x0014020d, 0x004e024c, 0x004f024d, 0x0050024e, 0x0051024f, 0x095b0256, 0x0056021a, 0x006c0264, 0x006d0265, 0x006e0266, 0x006f0267, 0x00700268, 
    0x00950290, 0x00960291, 0x00970292, 0x00980293, 0x00a902a3, 0x00a802a9, 0x00b602ce, 0x00bd02cf, 0x00be02d0, 0x00c002d1, 0x09b202d2, 0x01cd0224, 
    0x01d2020b, 0x09d90210, 0x021a0152, 0x021b01e8, 0x021c01e9, 0x022609ea, 0x022101e7, 0x032e01e1, 0x032f010c, 0x0330010d, 0x0337010e, 0x03490108, 
    0x034a011e, 0x034b011f, 0x03760120, 0x03810148, 0x0382015c, 0x0383015d, 0x038e015e, 0x038f016a, 0x0390016b, 0x0391016c, 0x039c016d, 0x039d0181, 
    0x03290982, 0x03ae0180, 0x03af0195, 0x03b0019c, 0x03b1019d, 0x03b2019e, 0x03b3019f, 0x03cc01a0, 0x03db01db, 0x01dc01eb, 0x010304f1, 0x010404f2, 
    0x020504f3, 0x0043028d, 0x02180946, 0x092a0944, 0x0052005d, 0x004c024a, 0x0955005c, 0x0959021b, 0x097a003b, 0x001d091f, 0x0021058a, 0x022b048f, 
    0x00d800a4, 0x021701c9, 0x09e202d8, 0x012d0953, 0x010b0336, 0x03450173, 0x0928091a, 0x037b0155, 0x012c094d, 0x09750399, 0x033f091e, 0x09a3017a, 
    0x01a5015b, 0x049603a9, 0x012b0927, 0x01e803d9, 0x09ff03f8, 0x09220920, 0x05460945, 0x09440540, 0x094c095c, 0x0975096e, 0x09770976, 0x025e0074, 
    0x01250963, 0x09d60223, 0x03400127, 0x020e0014, 0x02d30003, 0x034c01c1, 0x03b40121, 0x03b501a1, 0x03b601a2, 0x03b701a3, 0x03b801a4, 0x008502a5, 
    0x000c020f, 0x000f0210, 0x0020023e, 0x0094028e, 0x01990294, 0x01da0211, 0x0122034d, 0x0923034e, 0x02430921, 0x001909d3, 0x0061025d, 0x009a0295, 
    0x012e09ae, 0x000f0331, 0x00170209, 0x0121023f, 0x003a0365, 0x000a0211, 0x00120212, 0x00710269, 0x0072026a, 0x00c202d4, 0x01c302d5, 0x0124034f, 
    0x01250350, 0x015f0384, 0x01600385, 0x01a603b9, 0x01a703ba, 0x016e0392, 0x0983039e, 0x00500923, 0x09aa02a4, 0x095a022f, 0x015f0930, 0x000004f7, 
    0x000d0213, 0x0173026b, 0x01260351, 0x01270352, 0x01280353, 0x01290354, 0x02ec03dd, 0x030903e6, 0x09c7027d, 0x00610960, 0x0251002e, 0x0122014b, 
    0x046903a6, 0x09310901, 0x01450062, 0x003209c7, 0x01680279, 0x01c9020c, 0x0153037f, 0x0156038c, 0x02e903e3, 0x0937091b, 0x09450238, 0x02570257, 
    0x093c0958, 0x04410940, 0x04770476, 0x02780479, 0x099302c8, 0x049c0249, 0x023909e4, 0x02a202a5, 0x04b902a3, 0x02ce029b, 0x02e502e3, 0x035409e4, 
    0x02010300, 0x030a03ff, 0x03150307, 0x09490345, 0x03580956, 0x03590957, 0x035a0358, 0x03650359, 0x09680366, 0x0951093d, 0x037f033e, 0x0998037b, 
    0x036d096c, 0x03da03d5, 0x04fd03f8, 0x09420902, 0x094a0944, 0x094e094f, 0x0906073a, 0x02750463, 0x0270099d, 0x02de02d1, 0x095203fd, 0x024d094b, 
    0x09640262, 0x035a095e, 0x0991027e, 0x09640947, 0x02480965, 0x06a702a6, 0x067b092e, 0x09380630, 0x097a097c, 0x063d0679, 0x05db053f, 0x05360bdc, 
    0x0b350bcb, 0x0b3c0b3d, 0x0a380b37, 0x0a2c0a2b, 0x062a0a2d, 0x0be506de, 0x0ae60a3a, 0x0be80ae7, 0x0b3b0b3e, 0x0b320b39, 0x0a330b34, 0x0a330a34, 
    0x0a2e0a46, 0x06300a31, 0x06e306e1, 0x06e806e4, 0x0ad906df, 0x0a4c0a4d, 0x06320623, 0x0a3e0639, 0x0a470a4e, 0x0a4b0a49, 0x0a480a4a, 0x0aea0ae9, 
    0x05360a35, 0x0a2f0acf, 0x0a380a37, 0x0a3a0a39, 0x0a3c0a3b, 0x0a3e0a3d, 0x0a3f0a32, 0x0a410a40, 0x0a430a42, 0x06450a44, 0x0aea06eb, 0x06ee0692, 
    0x0a940aed, 0x0a900a91, 0x06950a96, 0x0a9a0af0, 0x0a250a9b, 0x093e0126, 0x09d209e7, 0x05d409d3, 0x060d01e7, 0x00e606db, 0x00e60522, 0x00b0007c, 
    0x04e501da, 0x009c0414, 0x04480021, 0x000b040a, 0x00f9017b, 0x000c04af, 0x001801d9, 0x0129013c, 0x010d043f, 0x010e0466, 0x010f047c, 0x04e401a7, 
    0x04d70110, 0x00120411, 0x04e601db, 0x04740457, 0x049d0483, 0x045604b8, 0x04710470, 0x04730472, 0x04820481, 0x099b049a, 0x09ad04cf, 0x04d109d0, 
    0x043b03ae, 0x04b004af, 0x04b504b4, 0x04b704b6, 0x04e503c9, 0x04cc04cb, 0x03b9049e, 0x04ba043c, 0x09cb09cd, 0x04d809d7, 0x04290428, 0x09ca042a, 
    0x09d609d9, 0x09d509ca, 0x02db09da, 0x01d40253, 0x0adc096f, 0x01530027, 0x09b3042a, 0x09cd09cc, 0x008600ce, 0x09540487, 0x014e047e, 0x00e80098, 
    0x040e01e9, 0x04480447, 0x01810941, 0x04860939, 0x04300038, 0x0947002c, 0x002f047d, 0x04300485, 0x01380132, 0x0433043a, 0x002b0136, 0x097101bb, 
    0x09830982, 0x04850984, 0x093a0439, 0x043b0487, 0x0442043d, 0x04440443, 0x04460445, 0x044a0449, 0x041c024b, 0x04e604e5, 0x02ea04e7, 0x04eb0481, 
    0x09ee04ed, 0x04f004a9, 0x04f804f5, 0x044603fa, 0x025003ff, 0x03000554, 0x030105f3, 0x050405e4, 0x05090506, 0x050c050a, 0x050b050d, 0x05130512, 
    0x02820214, 0x09a10283, 0x031705a6, 0x02cb0274, 0x05d502cc, 0x02110510, 0x09ab09a0, 0x05f403aa, 0x09880905, 0x058909ac, 0x098a090f, 0x098b09ad, 
    0x098c09ae, 0x098d09af, 0x098e09b0, 0x098f09b1, 0x099009b2, 0x033704b3, 0x05530444, 0x0991091c, 0x039209b4, 0x09a4094a, 0x0a240ac9, 0x0a7a0a79, 
    0x0a7c0a7b, 0x0a770a7d, 0x043d0178, 0x05a509ef, 0x037a010e, 0x042d044c, 0x098009e8, 0x054c04a8, 0x04310415, 0x099309ec, 0x041601b5, 0x043404f2, 
    0x041501f3, 0x04ab00f4, 0x04ad00fb, 0x054d04fc, 0x054f0416, 0x09940918, 0x099509b6, 0x099609b7, 0x099709b8, 0x05d501b9, 0x053c0403, 0x053e0419, 
    0x053f0407, 0x02400408, 0x055004b0, 0x0998091a, 0x099909ba, 0x04bb099a, 0x09f10435, 0x00f6049b, 0x00fd04aa, 0x09fe04ac, 0x01bc099c, 0x02f90428, 
    0x023100fc, 0x0232001d, 0x0240001e, 0x02880022, 0x09510484, 0x099d09bd, 0x099e09be, 0x099f09bf, 0x055204c0, 0x093b011b, 0x093c01c1, 0x037201c2, 
    0x09740147, 0x097501c3, 0x09a009c4, 0x03f903c5, 0x03fa03f5, 0x03fb03f6, 0x09a109f7, 0x097f09c6, 0x09a209a7, 0x042e04c7, 0x05d601e9, 0x09a30902, 
    0x062806c8, 0x062b062a, 0x06330631, 0x063a0636, 0x0660063b, 0x066c0669, 0x0ae8096d, 0x0ac10ac0, 0x0ac30ac2, 0x0ac40abd, 0x0ac60ac5, 0x0ac80ac7, 
    0x0ac90a61, 0x0acb0aca, 0x0acd0acc, 0x0acf0ace, 0x0a620ad0, 0x0a640a63, 0x0ad10a65, 0x0a760ad2, 0x0ae00adf, 0x00e20ae1, 0x00190214, 0x00460242, 
    0x00470243, 0x00480244, 0x00520250, 0x005c0257, 0x005d0258, 0x005e0259, 0x005f025a, 0x0060025b, 0x0074026c, 0x0075026d, 0x0076026e, 0x0077026f, 
    0x00780270, 0x0090028b, 0x009b0296, 0x00ab02a5, 0x00ac02a6, 0x00ad02a7, 0x009f02a2, 0x00ae02a8, 0x00b702ca, 0x01b502c8, 0x01db0212, 0x01dc0213, 
    0x01dd0214, 0x01eb021d, 0x01ec021e, 0x01ed021f, 0x01ee0220, 0x01020325, 0x01030326, 0x01040327, 0x01100332, 0x01110333, 0x01120334, 0x01130335, 
    0x012a0355, 0x012b0356, 0x012c0357, 0x012d0358, 0x014e0378, 0x014f0379, 0x01610386, 0x01620387, 0x01630388, 0x01640389, 0x016f0393, 0x01700394, 
    0x01710395, 0x01720396, 0x01730397, 0x0184039f, 0x018503a0, 0x018603a1, 0x018703a2, 0x01a803bb, 0x01a903bc, 0x01aa03bd, 0x01ab03be, 0x01ac03bf, 
    0x01d603c9, 0x01d703ca, 0x01dc03cd, 0x01dd03ce, 0x01d903cf, 0x01de03d0, 0x01df03d1, 0x01e203d3, 0x01e303d4, 0x01ed03de, 0x010604f4, 0x010704f5, 
    0x020804f6, 0x038803af, 0x02ee03e0, 0x098f0215, 0x099a0166, 0x02150067, 0x0216000e, 0x02170011, 0x02180005, 0x02190007, 0x021a0008, 0x021b0009, 
    0x011c0006, 0x021d00fe, 0x021e0000, 0x021f0001, 0x01200002, 0x027100ff, 0x02720079, 0x0273007a, 0x0274007b, 0x0275007c, 0x0276007d, 0x0277007e, 
    0x0278007f, 0x02d60080, 0x02d700c4, 0x035901c5, 0x035a012e, 0x035b012f, 0x035c0130, 0x035d0131, 0x035e0132, 0x035f0133, 0x03600134, 0x03610135, 
    0x03620136, 0x03630137, 0x03640138, 0x03c00139, 0x03c101ad, 0x03c201ae, 0x03c301af, 0x03c401b0, 0x03c501b1, 0x03c601b2, 0x03df01b3, 0x03e001ef, 
    0x03e101f0, 0x03e201f1, 0x093309f2, 0x09340968, 0x09350969, 0x0458046a, 0x045a0459, 0x045c045b, 0x045e045d, 0x0023005f, 0xdb6b1824, 0x29c20908, 
    0xb1002a00, 0xb300b200, 0xb500b400, 0xb700b600, 0x9f04b800, 0xa104a004, 0xa304a204, 0xa504a404, 0xdc00a604, 0xde00dd00, 0xe000df00, 0xe200e100, 
    0xea01e300, 0xcf04ce04, 0xd104d004, 0xd304d204, 0xd504d404, 0x16041504, 0x18041704, 0x1a041904, 0x1c041b04, 0xdd096004, 0xde098004, 0xdf098c04, 
    0xe009a704, 0xe2094303, 0xe309c304, 0xe509d604, 0x34003300, 0x36003500, 0x38003700, 0x3a003900, 0x8e048d04, 0x90048f04, 0x92049104, 0x94049304, 
    0xbd00bc00, 0xbf00be00, 0xc100c000, 0xc300c200, 0xd804d704, 0xda04d904, 0xdc04db04, 0xde04dd04, 0x1f041e04, 0x21042004, 0x23042204, 0x25042404, 
    0x6f046e04, 0x2c002b00, 0x2f002d00, 0x820a3b00, 0x810ae609, 0x8c0a8f0a, 0x96049504, 0x98049704, 0x83009904, 0xb9008400, 0xc400ba00, 0x860a840a, 
    0xa804880a, 0xaa04a904, 0xab04e109, 0xe400ac04, 0xe600e500, 0x850ae700, 0x890a870a, 0xc504c404, 0xe409c604, 0xb204b104, 0xc804c704, 0xec01eb01, 
    0xee01ed01, 0x8a0a7d01, 0x8d0a8b0a, 0xe304e204, 0x70016e01, 0x13041d04, 0x8e0a2604, 0x200a830a, 0xb505210a, 0xb605b405, 0x1f0ab705, 0xca05220a, 
    0xd105cb05, 0xce05d205, 0xd005cf05, 0x0806d305, 0xb8050906, 0x140abb05, 0xdf05e005, 0xf306130a, 0xd206d106, 0xd505d405, 0xd805d605, 0xda05d905, 
    0xe805100a, 0x160ae905, 0x9b059405, 0x180a150a, 0x110a120a, 0xba050f0a, 0xa0058906, 0x9805a205, 0x96059905, 0x1d069205, 0xbd05bc05, 0x170a190a, 
    0x1b0a1a0a, 0x1c0a530a, 0x1e0a1d0a, 0x2f064106, 0x64184806, 0x552b0adf, 0x57065606, 0x52065106, 0x18063406, 0x34135b65, 0x06870686, 0x06820688, 
    0x06580683, 0x0666065c, 0x0673096f, 0xa565185f, 0x678c0808, 0x6b066a06, 0x3005510a, 0x3a053205, 0x35052b05, 0x27052e05, 0x2a053805, 0x65023605, 
    0x29052405, 0x34053305, 0x2f052805, 0x2d052c05, 0x26053105, 0x22052505, 0x23053705, 0x3c053905, 0xbe0a520a, 0x6d07bc0a, 0xd5066e07, 0x0107d406, 
    0x8b011006, 0x12068a01, 0x11061306, 0xce06c906, 0xbf06cf06, 0xc306c006, 0xc506c406, 0xc706c606, 0xca06c806, 0xcc06cb06, 0xbc06cd06, 0x6b09090a, 
    0x0b0a0a0a, 0x1a070807, 0x1b070d07, 0x1d071607, 0x08089374, 0x6507622c, 0x25066107, 0x21060b04, 0xa007f305, 0xa307a107, 0x5307a207, 0x54075507, 
    0x5d075707, 0x60075e07, 0x35075f07, 0x37073907, 0x03843b07, 0x38073426, 0x3a073607, 0x23080384, 0x06460744, 0x073e0726, 0x070e0709, 0x070c0717, 
    0x02190711, 0x02bf02b8, 0x02ca02c6, 0x035503d0, 0x05e2055b, 0x0805e77c, 0x0c066321, 0x1b061a06, 0x54065306, 0x5a065906, 0x5d065b06, 0x68065e06, 
    0x70066e06, 0x84067106, 0x18068506, 0x2013bf51, 0xc96918a3, 0xe2200812, 0x500bec0a, 0xee0aed0a, 0x510bef0a, 0xa607a507, 0xa907a807, 0xab07aa07, 
    0xe207e107, 0xe407e307, 0x07235c18, 0xe3053908, 0xef010a00, 0xfc031802, 0xf90a8903, 0xc600e007, 0x8802a401, 0x8a028902, 0x8c028b02, 0xdd068e02, 
    0xb307a707, 0xea07e507, 0xed07ec07, 0xef07ee07, 0xeb07f007, 0xf207f107, 0x08b16918, 0x07f32b08, 0x07530bf8, 0x07fb07fa, 0x07fd07fc, 0x08ff07fe, 
    0x0a010800, 0x075e0bfa, 0x0b4c0bf9, 0x0b6a0b69, 0x0b02086b, 0x00740b73, 0x0082000c, 0x82d04e21, 0x21028204, 0x04829006, 0x01200287, 0x20200882, 
    0x06210385, 0x200782f1, 0x21038521, 0x07829305, 0x03852220, 0x82cd0521, 0x85232007, 0xad052103, 0x24200782, 0x05210385, 0x2007821d, 0x20038525, 
    0x205b8306, 0x820b8226, 0x91052103, 0x27200782, 0x05210385, 0x200782cc, 0x24038228, 0x05000029, 0x2007829d, 0x2103852a, 0x07820b06, 0x03852b20, 
    0x82f20521, 0x852c2007, 0xdd052103, 0x2d200782, 0x05210385, 0x200782b3, 0x2103852e, 0x0782de05, 0x03852f20, 0x82af0521, 0x82302007, 0x82322003, 
    0x823d2053, 0x82332007, 0x82352003, 0x8241200b, 0x82362007, 0x82392003, 0x8245200b, 0x853a2007, 0xe1052103, 0x3b200782, 0x05210385, 0x200782e4, 
    0x2103853c, 0x0782ec05, 0x03823f83, 0x82f00521, 0x853e200b, 0xed052103, 0x3f200782, 0x05210385, 0x20078297, 0x21038540, 0x0782a505, 0x03836383, 
    0x00000224, 0x03864200, 0x43200f83, 0x03830b82, 0x07824920, 0x03864420, 0x07825420, 0x03838783, 0x0b825f20, 0x03864620, 0x07828920, 0x03864720, 
    0x07828d20, 0x03864820, 0x0782a120, 0x03833f83, 0x0b82c520, 0x03854a20, 0x820a0121, 0x854b2007, 0x0f012103, 0x4c200782, 0x01210385, 0x20078219, 
    0x2103854d, 0x07822401, 0x03854e20, 0x822c0121, 0x854f2007, 0x41012103, 0x50200782, 0x01210385, 0x20078277, 0x21038551, 0x07827e01, 0x03855220, 
    0x00800125, 0x85530000, 0x83012003, 0x82b7838f, 0x9b012103, 0x55201382, 0x01210385, 0x200782a8, 0x21038556, 0x0782c801, 0x03855720, 0x82cb0121, 
    0x85582007, 0xd2012103, 0x59200782, 0x01210385, 0x200782d8, 0x2103855a, 0x0782f001, 0x03855b20, 0x829f0521, 0x855c2007, 0xb2052103, 0x5d200782, 
    0x05200385, 0x5e20fb83, 0x03820b82, 0xef830620, 0x0b825f20, 0x06210382, 0x20078207, 0x21038560, 0x0782da06, 0x03856120, 0x82fb0121, 0x85622007, 
    0x42022103, 0x63200782, 0x02210385, 0x2007824a, 0x21038564, 0x07825502, 0x03856520, 0x82660221, 0x21038607, 0x0b828702, 0x03856720, 0x82920221, 
    0x85682007, 0x9e022103, 0x69200782, 0x02210385, 0x200782b1, 0x2103856a, 0x0782cf02, 0x03856b20, 0x82d70221, 0x856c2007, 0xe0022103, 0x6d200782, 
    0x02210385, 0x200782fe, 0x2103856e, 0x07820503, 0x03856f20, 0x82160321, 0x85702007, 0x4b032103, 0x71200782, 0x03210385, 0x20078251, 0x21038572, 
    0x07825403, 0x03857320, 0x97830320, 0x0b827420, 0x03210382, 0x20078279, 0x21038575, 0x07829303, 0x03857620, 0x82d40321, 0x85772007, 0xd8032103, 
    0x78200782, 0x03210385, 0x830782e1, 0x21038233, 0x0b82e603, 0x03857a20, 0x9b830320, 0x0b827b20, 0x05210382, 0x200782a3, 0x2103857c, 0x0782b005, 
    0x03857d20, 0x82a40521, 0x857e2007, 0xf8052103, 0xa0200782, 0x06210385, 0x200782f2, 0x210385a1, 0x07829505, 0x0385a220, 0x821e0521, 0x85a32007, 
    0x20052103, 0x3f830782, 0x05210382, 0x200b82ae, 0x210385a5, 0x07821f05, 0x0385a620, 0x82b10521, 0x85a72007, 0x83062003, 0x82a8203b, 0x2103820b, 
    0x0782dc06, 0x0385a920, 0x820e0621, 0x85aa2007, 0x18062103, 0xab200782, 0x05210385, 0x200782ea, 0x210385ac, 0x07820606, 0x0385ae20, 0x820d0621, 
    0x85af2007, 0xe0062103, 0xcf830782, 0x06210382, 0x830b8217, 0x2103826f, 0x0b82f605, 0x0382b220, 0x0000b324, 0x07824506, 0x0385b420, 0x82d80621, 
    0x85b52007, 0x97032103, 0xb6200782, 0x06210385, 0x2007821c, 0x210385b7, 0x0782e505, 0x0385b820, 0x82e70621, 0x85b92007, 0x43062103, 0xba200782, 
    0x06210385, 0x20078219, 0x210385bb, 0x0782eb05, 0x0385bc20, 0x82c10621, 0x85bd2007, 0x83062003, 0x82be2007, 0x2103820b, 0x0782c206, 0x0385bf20, 
    0x829a0521, 0x82c02007, 0x82c22003, 0x82052003, 0x86c32003, 0x82042003, 0x86c42007, 0x82032003, 0x86c52007, 0x82082003, 0x86c62007, 0x823d2003, 
    0x86c72007, 0x824b2003, 0x82c82007, 0x43cb2003, 0x00210527, 0x200782cc, 0x200f86ce, 0x830782cf, 0x202b8303, 0x820b82d0, 0x83092003, 0x82d120e3, 
    0x2103820b, 0x07822d01, 0x0382d220, 0x0000d424, 0x07824601, 0x0385d520, 0xe3830120, 0x0b82d620, 0x01210382, 0x20078242, 0x210385d7, 0x0782f405, 
    0x0385d820, 0x82440121, 0x82d92007, 0x82dc2003, 0x82aa203b, 0x85dd2007, 0xda012103, 0xde200782, 0x04210385, 0x20078209, 0x210385df, 0x07827603, 
    0x0385e020, 0x82100221, 0x85e12007, 0xfc012103, 0xe2200782, 0x02210385, 0x20078204, 0x210385e3, 0x07821a02, 0x0385e420, 0x820b0221, 0x85e52007, 
    0x16022103, 0xe6200782, 0x02210385, 0x2007821f, 0x210385e7, 0x07824d02, 0x0382e820, 0x0000ea24, 0x07826902, 0x0385eb20, 0x82670221, 0x82ec2007, 
    0x82ee2003, 0x82ba2017, 0x85ef2007, 0xb4022103, 0xf0200782, 0x04210385, 0x20078255, 0x210385f1, 0x07820603, 0x0382f220, 0x0321eb82, 0x2007821b, 
    0x210385f5, 0x07821803, 0x0385f620, 0x82170321, 0x85f72007, 0xf5052103, 0xf8200782, 0x03210385, 0x20078219, 0x240382f9, 0x030000fb, 0x83078299, 
    0x210382db, 0x0b829403, 0x0385fd20, 0x9f820320, 0x82fe0021, 0x2103820b, 0x07824902, 0x0385ff20, 0xc7820320, 0x0a820120, 0x00200383, 0x0120ef82, 
    0x03830882, 0x00130225, 0x85020100, 0x0c002103, 0x03200782, 0xfd200386, 0x04200782, 0x00210385, 0x2007820d, 0x21038505, 0x07821402, 0x03850620, 
    0x824c0021, 0x85072007, 0x4e022103, 0x08200782, 0x00210385, 0x2007824d, 0x21038509, 0x07824f02, 0x03850a20, 0x23830020, 0x0b820b20, 0x02210382, 
    0x83078250, 0x2003826f, 0x83238300, 0x21038263, 0x17825102, 0x03850e20, 0x82560021, 0x850f2007, 0x5b022103, 0x10200782, 0x09210385, 0x2007821a, 
    0x20038511, 0x20238302, 0x820b8212, 0x64002103, 0x13200782, 0x02210385, 0x8307826c, 0x210382ab, 0x0b826500, 0x03851520, 0x826d0221, 0x85162007, 
    0x66002103, 0x17200782, 0x02210385, 0x2007826e, 0x21038518, 0x07826700, 0x03851920, 0x826f0221, 0x851a2007, 0x68002103, 0x1b200782, 0x02210385, 
    0x20078270, 0x2103851c, 0x07829000, 0x03851d20, 0x82950221, 0x851e2007, 0x91002103, 0x1f200782, 0x02210385, 0x20078296, 0x21038520, 0x07829200, 
    0x03852120, 0x82970221, 0x85222007, 0x93002103, 0x23200782, 0x02210385, 0x20078298, 0x21038524, 0x0782a300, 0x03852520, 0x82a90221, 0x85262007, 
    0x83002003, 0x8227200b, 0x2103820b, 0x0782a802, 0x03852820, 0x82ce0021, 0x85292007, 0xb6022103, 0x2a200782, 0x00210385, 0x200782cf, 0x2103852b, 
    0x0782bd02, 0x03852c20, 0x82d00021, 0x852d2007, 0xbe022103, 0x2e200782, 0x00210385, 0x200782d1, 0x2103852f, 0x0782c002, 0x03853020, 0x82d20021, 
    0x85312007, 0xb2022103, 0x32200782, 0x09210385, 0x20078224, 0x21038533, 0x0782cd02, 0x03863420, 0x07820b20, 0x03853520, 0x3b830220, 0x0b823620, 
    0x10200383, 0x37200782, 0x02210385, 0x200782d9, 0x21038538, 0x07825209, 0x03863920, 0x07821a20, 0x03853a20, 0x82e80221, 0x863b2007, 0x821b2003, 
    0x853c2007, 0xe9022103, 0x3d200782, 0x1c200386, 0x3e200782, 0x02210385, 0x200782ea, 0x2103853f, 0x07822609, 0x03854020, 0x82e70221, 0x86412007, 
    0x82212003, 0x85422007, 0xe1022103, 0x43200782, 0x2e200386, 0x44200782, 0x03210385, 0x2007820c, 0x20038645, 0x2007822f, 0x21038546, 0x07820d03, 
    0x03864720, 0x07823020, 0x03854820, 0x820e0321, 0x864a2007, 0x20df8303, 0x820b824b, 0x08032103, 0x4c200782, 0x49200386, 0x4d200782, 0x03210385, 
    0x2007821e, 0x8303864e, 0x824f2037, 0x2103820b, 0x07821f03, 0x03865020, 0x07824b20, 0x03855120, 0x82200321, 0x86522007, 0x82762003, 0x85532007, 
    0x48032103, 0x54200782, 0x81200386, 0x55200782, 0x03210385, 0x2007825c, 0x20038656, 0x20078282, 0x21038557, 0x07825d03, 0x03865820, 0x07828320, 
    0x03855920, 0x825e0321, 0x865a2007, 0x828e2003, 0x855b2007, 0x6a032103, 0x5c200782, 0x8f200386, 0x3f830782, 0x03210382, 0x200b826b, 0x2003865e, 
    0x20078290, 0x2103855f, 0x07826c03, 0x03866020, 0x07829120, 0x03856120, 0x826d0321, 0x86622007, 0x829c2003, 0x85632007, 0x81032103, 0x64200782, 
    0x9d200386, 0x65200782, 0x03200385, 0x6620b383, 0x03820b82, 0x82290921, 0x85672007, 0x80032503, 0x68010000, 0xae200386, 0x69200782, 0x03210385, 
    0x20078295, 0x2003866a, 0x200782af, 0x2003856b, 0x836b8303, 0x20038393, 0x831382b0, 0x20038287, 0x206b8303, 0x830f826e, 0x82b12003, 0x856f2007, 
    0x9e032103, 0x70200782, 0xb2200386, 0x71200782, 0x03210385, 0x2007829f, 0x20038672, 0x200782b3, 0x21038573, 0x0782a003, 0x03867420, 0x0782cc20, 
    0x03857520, 0x82db0321, 0x86762007, 0x200b8303, 0x820b8277, 0xeb032103, 0x78200782, 0xdc200386, 0x79200782, 0xf1200386, 0x7a200782, 0x04210385, 
    0x20078203, 0x2003867b, 0x200782f2, 0x2503857c, 0x00000404, 0x03867d01, 0x0782f320, 0x03857e20, 0x82050421, 0x857f2007, 0x8d022103, 0x80200782, 
    0x02210385, 0x20078243, 0x21038581, 0x07824600, 0x03858220, 0x82180921, 0x85832007, 0x44022103, 0x84200782, 0x09210385, 0x2007822a, 0x21038585, 
    0x07825d09, 0x03858620, 0x82520021, 0x85872007, 0x4a002103, 0x88200782, 0x02210385, 0x2007824c, 0x21038589, 0x07825c00, 0x03858a20, 0x82550021, 
    0x858b2007, 0x1b092103, 0x8c200782, 0x02210385, 0x83078259, 0x2103829f, 0x0b823b09, 0x03858e20, 0xf7830020, 0x0b828f20, 0x09210382, 0x2007821f, 
    0x21038590, 0x07821d09, 0x03859120, 0x5b830020, 0x0b829220, 0x05210382, 0x20078221, 0x20038593, 0x21338200, 0x0b829401, 0x04210382, 0x2007822b, 
    0x21038595, 0x0782a402, 0x03859620, 0x82d80021, 0x85972007, 0xc9002103, 0x98200782, 0x17200386, 0x99200782, 0x02200385, 0x9a202383, 0x03820b82, 
    0x82e20221, 0x859b2007, 0x53092103, 0x9c200782, 0x09210385, 0x2007822d, 0x2003869d, 0x20078236, 0x2103859e, 0x07820b03, 0x03869f20, 0x07827320, 
    0x0386a020, 0x07824520, 0x0385a120, 0x821a0321, 0x85a22007, 0x28092103, 0xa3200782, 0x09210385, 0x83078255, 0x200383ab, 0x200b827b, 0x210385a5, 
    0x07824d03, 0x0385a620, 0x822c0921, 0x86a72007, 0x82992003, 0x85a82007, 0x75032103, 0xa9200782, 0x09210385, 0x0533491e, 0x00aa0125, 0x823f0900, 
    0x85ab200b, 0x7a032103, 0xac200782, 0x73830386, 0x0b82ad20, 0x09210382, 0x2007825b, 0x200386ae, 0x200782a5, 0x200386af, 0x200782a9, 0x210385b0, 
    0x07829603, 0x0385b120, 0x82270421, 0x85b22007, 0x2b092103, 0xb3200782, 0xd9200386, 0xb4200782, 0x03210385, 0x200782e8, 0x200386b5, 0x200782f8, 
    0x210385b6, 0x0782ff03, 0x0385b720, 0x82200921, 0x85b82007, 0x22092103, 0xb9200782, 0xba200382, 0x4520b382, 0xbb200782, 0x05210385, 0x20078240, 
    0x210385bc, 0x07824405, 0x0385bd20, 0x825c0921, 0x85be2007, 0x4c092103, 0xbf200782, 0x09210385, 0x2007826e, 0x200382c0, 0x204782c2, 0x20078275, 
    0x210385c3, 0x07827409, 0x0385c520, 0x825e0021, 0x85c62007, 0x63022103, 0xc7200782, 0x09210385, 0x20078225, 0x200386c8, 0x20078223, 0x210385c9, 
    0x0782d602, 0x0385ca20, 0x82270921, 0x86cb2007, 0x209b8303, 0x820b82cc, 0x14032103, 0xcd200782, 0x00210385, 0x2007820e, 0x210385ce, 0x07820302, 
    0x0385cf20, 0x82d30021, 0x85d02007, 0xc1022103, 0xd1200782, 0xbf830386, 0x0b82d220, 0x03210382, 0x20078221, 0x200386d3, 0x200782b4, 0x210385d4, 
    0x0782a103, 0x0386d520, 0x0782b520, 0x0385d620, 0x82a20321, 0x86d72007, 0x82b62003, 0x85d82007, 0xa3032103, 0xd9200782, 0xb7200386, 0xda200782, 
    0x03210385, 0x200782a4, 0x200386db, 0x200782b8, 0x210385dc, 0x0782a503, 0x0385dd20, 0x82850221, 0x85de2007, 0x0f002103, 0xdf200782, 0x02210385, 
    0x2007820c, 0x210385e0, 0x07821000, 0x0385e120, 0x23830220, 0x0b82e220, 0x00210382, 0x2007823e, 0x210385e3, 0x07822002, 0x0385e420, 0x828e0021, 
    0x85e52007, 0x94022103, 0xe6200782, 0x00200385, 0xe7200b83, 0x03820b82, 0x82990221, 0x86e82007, 0x82112003, 0x85e92007, 0x83022003, 0x82ea20bb, 
    0x2003830b, 0x2007824d, 0x210385eb, 0x07822203, 0x0386ec20, 0x07824e20, 0x0385ed20, 0x82230321, 0x85ee2007, 0x21092103, 0xef200782, 0x09210385, 
    0x20078243, 0x210385f0, 0x0782d302, 0x0385f120, 0x82190921, 0x85f22007, 0x5d002103, 0xf3200782, 0x02210385, 0x20078261, 0x210385f4, 0x07829500, 
    0x0385f520, 0x829a0221, 0x85f62007, 0xae002103, 0xf7200782, 0x09210385, 0x2007822e, 0x200386f8, 0x20078231, 0x210385f9, 0x07820f03, 0x0385fa20, 
    0x82090021, 0x85fb2007, 0x17022103, 0xfc200782, 0x00210385, 0x2007823f, 0x200385fd, 0x20b38302, 0x830b82fe, 0x82652003, 0x85ff2007, 0x3a032503, 
    0x00020000, 0x00210385, 0x20078211, 0x24038601, 0x0200000a, 0x21038502, 0x07821200, 0x03860320, 0x04200b83, 0x03820b82, 0x82690021, 0x86052007, 
    0x82712003, 0x85062007, 0x6a002103, 0x07200782, 0x72200386, 0x08200782, 0x00210385, 0x820782d4, 0x830220ab, 0x82c22003, 0x850a200b, 0xd5002103, 
    0x0b200782, 0xc3200386, 0x0c200782, 0x01210385, 0x2007824f, 0x2103850d, 0x07822403, 0x03850e20, 0x82500121, 0x850f2007, 0x25032103, 0x10200782, 
    0x01210385, 0x83078284, 0x210382c3, 0x0b825f03, 0x03851220, 0x82850121, 0x85132007, 0x60032103, 0x14200782, 0x01210385, 0x200782b9, 0x21038515, 
    0x0782a603, 0x03851620, 0x82ba0121, 0x85172007, 0xa7032103, 0x18200782, 0x01210385, 0x20078292, 0x21038519, 0x07826e03, 0x03851a20, 0x829e0121, 
    0x851b2007, 0x83032103, 0x1c200782, 0x09210385, 0x20078223, 0x2003851d, 0x20b38309, 0x820b821e, 0xa4002103, 0x1f200782, 0xaa200386, 0x20200782, 
    0x09210385, 0x2007822f, 0x20038621, 0x2007825a, 0x21038522, 0x07823009, 0x03852320, 0xd7830920, 0x0b822420, 0x01210382, 0x830782f7, 0x210382ff, 
    0x0b820004, 0x03852620, 0xeb830020, 0x0b822720, 0x0d200383, 0x28200782, 0x00210385, 0x2007826b, 0x20038629, 0x20078273, 0x2103852a, 0x07825101, 
    0x03852b20, 0x43830320, 0x0b822c20, 0x01210382, 0x20078252, 0x2003852d, 0x204b8303, 0x820b822e, 0x53012103, 0x2f200782, 0x03210385, 0x83078228, 
    0x2103829f, 0x0b825401, 0x03853120, 0x82290321, 0x85322007, 0xdd012103, 0x33200782, 0x03210385, 0x200782ec, 0x20038634, 0x200782e6, 0x21038535, 
    0x07820903, 0x03853620, 0x827d0321, 0x86372007, 0x82c72003, 0x82382007, 0x00392403, 0x82600900, 0x853a2007, 0x82002003, 0x3b022187, 0x03820b82, 
    0x82510021, 0x863c2007, 0x824b2003, 0x853d2007, 0x22012103, 0x3e200782, 0x01210385, 0x200782a6, 0x2103853f, 0x07826903, 0x03854020, 0x82010421, 
    0x85412007, 0x31092103, 0x42200782, 0x09210385, 0x20078262, 0x21038543, 0x07824500, 0x03854420, 0x8f830120, 0x03820f83, 0xdf830920, 0x17824620, 
    0x00210382, 0x20078279, 0x20038647, 0x20078268, 0x21038548, 0x07820c01, 0x03864920, 0x0782c920, 0x03854a20, 0x827f0121, 0x854b2007, 0x53032103, 
    0x4c200782, 0x01210385, 0x2007828c, 0x2103854d, 0x07825603, 0x03854e20, 0x82e30121, 0x854f2007, 0xe9032103, 0x50200782, 0x1b200386, 0x51200782, 
    0x52240382, 0x37090000, 0x53200782, 0x45200386, 0x54200782, 0x09210385, 0x20078257, 0x83038256, 0x20038307, 0x820b8258, 0x3c092103, 0x59200782, 
    0x5a200382, 0x40203b82, 0x5b200782, 0x5c240382, 0x76040000, 0x5d200782, 0x04200385, 0x5e20d783, 0x03820b82, 0x82780421, 0x865f2007, 0x82c82003, 
    0x86602007, 0x82932003, 0x85612007, 0x49092103, 0x62200782, 0x9c200386, 0x63200782, 0x04210385, 0x200782e4, 0x21038564, 0x07823909, 0x03866520, 
    0x0782a520, 0x03826620, 0x03826720, 0x0382a220, 0x03866820, 0x0782b920, 0x03856920, 0x829b0421, 0x866a2007, 0x82ce2003, 0x866b2007, 0x82e32003, 
    0x866c2007, 0x82e52003, 0x866d2007, 0x206b8303, 0x820b826e, 0x54092103, 0x6f200782, 0x70240382, 0x00030000, 0x71200782, 0xff200386, 0x72200782, 
    0x03250385, 0x0200000a, 0x21038573, 0x07820703, 0x03857420, 0x82150321, 0x85752007, 0x45032103, 0x76200782, 0x03200385, 0x7720e383, 0x03820b82, 
    0x82560921, 0x85782007, 0x58092103, 0x79200782, 0x03210385, 0x20078257, 0x2103857a, 0x07825909, 0x03857b20, 0x23830320, 0x0b827e20, 0x03210382, 
    0x2007825a, 0x2003857f, 0x20238303, 0x200b8280, 0x20a78281, 0x20078265, 0x21038582, 0x07826803, 0x03858320, 0x823d0921, 0x85842007, 0x51092103, 
    0x86200782, 0x09210385, 0x2007823e, 0x20038587, 0x204f8303, 0x820b8288, 0x83032003, 0x82892073, 0x2103820b, 0x07829803, 0x03828a20, 0x00008b24, 
    0x07826c09, 0x03858c20, 0x82d50321, 0x858d2007, 0xda032103, 0x8e200782, 0x03210385, 0x200782f8, 0x2103858f, 0x0782fd03, 0x03859020, 0x82020421, 
    0x85922007, 0x42092103, 0x93200782, 0x09210385, 0x20078244, 0x21038594, 0x07824a09, 0x03859520, 0x824f0921, 0x85962007, 0x4e092103, 0x97200782, 
    0x09210385, 0x8307823a, 0x21038293, 0x0b820607, 0x03859920, 0x82630921, 0x859a2007, 0x75042103, 0x9b200782, 0x9d200386, 0x9c200782, 0x09210385, 
    0x83078270, 0x2003830f, 0x200b82d1, 0x2003869e, 0x200782de, 0x8303869f, 0x82a020b3, 0x2103820b, 0x07825203, 0x0385a120, 0x424b0921, 0xa2240667, 
    0x4d090000, 0xa3200b82, 0x62200386, 0xa4200782, 0x64200386, 0xa6200782, 0x09210385, 0x2007825e, 0x210385a7, 0x07825a09, 0x0385a820, 0x827e0321, 
    0x86a92007, 0x82912003, 0x85aa2007, 0x47092103, 0xab200782, 0xac200382, 0x47835f82, 0x0b82ad20, 0x09210382, 0x20078248, 0x200382ae, 0x215785af, 
    0x0782b002, 0x06210382, 0x2007822e, 0x210385b1, 0x07827b09, 0x0385b220, 0x82300621, 0x85b32007, 0x38062103, 0xb4200782, 0x09210385, 0x2007827c, 
    0x210385b5, 0x07827a09, 0x0385b620, 0x82790921, 0x85b72007, 0x3d062103, 0xb8200782, 0x06210385, 0x2007823f, 0x240382b9, 0x050000ba, 0x200782db, 
    0x210385bb, 0x0782360b, 0x0385bc20, 0x82cb0521, 0x85bd2007, 0x350b2103, 0xbe200782, 0x0b210385, 0x2007823d, 0x210385bf, 0x07823c0b, 0x0382c020, 
    0x0000c124, 0x0782370b, 0x0382c220, 0x0000c424, 0x07822b0a, 0x0385c520, 0x822a0a21, 0x85c62007, 0xde062103, 0xc7200782, 0x06210385, 0x200782e5, 
    0x210385c8, 0x07823a0b, 0x0382c920, 0x0000cb24, 0x0782e60a, 0x0385cc20, 0x823e0b21, 0x85cd2007, 0x3b0b2103, 0xce200782, 0x0b210385, 0x20078239, 
    0x210385cf, 0x0782320b, 0x0385d020, 0x82340b21, 0x85d12007, 0x330b2103, 0xd2200782, 0x0a200385, 0xd3201783, 0x03820b82, 0x17830a20, 0x0b82d420, 
    0x0a210382, 0x20078246, 0x210385d5, 0x07822e0a, 0x0385d620, 0x82310a21, 0x85d72007, 0x300a2103, 0xd8200782, 0x06210385, 0x200782e1, 0x240382d9, 
    0x060000da, 0x200782e3, 0x210385db, 0x0782e806, 0x0385dc20, 0x82df0621, 0x85dd2007, 0xd9062103, 0xde200782, 0x0a210385, 0x2007824d, 0x210385df, 
    0x07824c0a, 0x0385e020, 0x82230a21, 0x85e12007, 0x32062103, 0xe2200782, 0x06200385, 0xe320e383, 0x03820b82, 0x003e0625, 0x85e40200, 0x4e0a2103, 
    0xe5200782, 0x0a210385, 0x20078247, 0x210385e6, 0x0782490a, 0x0385e720, 0x824b0a21, 0x82938307, 0x4a0a2103, 0xe9200b82, 0x0a210385, 0x20078248, 
    0x240382ea, 0x0a0000eb, 0x200782e9, 0x200382ec, 0x200b82ed, 0x20078235, 0x210385ee, 0x0782cf05, 0x0385ef20, 0x822f0a21, 0x82f02007, 0x82f72003, 
    0x82372023, 0x85f82007, 0x830a2003, 0x82f920a7, 0x82ff200b, 0x003f2417, 0x85000300, 0xeb062103, 0x01200782, 0x06200385, 0x03216782, 0x820b8202, 
    0x920a2103, 0x03200782, 0x06200385, 0x03216782, 0x820b8204, 0xed062103, 0x06200782, 0x0a210385, 0x20078294, 0x21038507, 0x0782910a, 0x03850820, 
    0x82900a21, 0x85092007, 0x960a2103, 0x0a200782, 0x0a210385, 0x20078295, 0x2103850c, 0x0782930a, 0x03850f20, 0x82ec0621, 0x85132007, 0x970a2103, 
    0x15200782, 0x0a210385, 0x20078298, 0x2103851b, 0x0782990a, 0x03852320, 0x82ef0621, 0x85262007, 0x82062003, 0x270321eb, 0x28240b82, 0x9a0a0000, 
    0x2c200782, 0x0a210385, 0x8207829c, 0x380321ff, 0x9d201782, 0x42200b82, 0x43200382, 0x7f200b82, 0x46200782, 0x62200382, 0x9f200b82, 0x63200782, 
    0x6f200382, 0x54200b82, 0x74200782, 0x75200382, 0x25200b82, 0x76200782, 0x01210385, 0x2007823e, 0x2103857a, 0x0782e709, 0x03827b20, 0x00007d24, 
    0x0782d209, 0x03857e20, 0x17830520, 0x0b827f20, 0x01210382, 0x2007820d, 0x21038584, 0x0782db06, 0x03858520, 0x82e60621, 0x85862007, 0x22002103, 
    0x87200782, 0x05200385, 0x88201783, 0x03820b82, 0x827c0021, 0x85892007, 0xb0002103, 0x8a200782, 0x00210385, 0x200782da, 0x2103858c, 0x07826701, 
    0x03858e20, 0x82e50121, 0x858f2007, 0x14042103, 0x90200782, 0x04200385, 0x9120fb83, 0x03820b82, 0x82210021, 0x85922007, 0x48002103, 0x93200782, 
    0x94240382, 0x0a040000, 0x95200782, 0x00200385, 0x9620d383, 0x03820b82, 0x82f90121, 0x85972007, 0xaf002103, 0x98200782, 0x04250385, 0x0300000c, 
    0x21038599, 0x0782d900, 0x03859a20, 0x82180121, 0x859b2007, 0x3c002103, 0x7b830782, 0x01210382, 0x200b8229, 0x2103859d, 0x07823f01, 0x03859e20, 
    0x820d0421, 0x859f2007, 0x66012103, 0xa0200782, 0x04250385, 0x0300000e, 0x210385a1, 0x07827c01, 0x0385a320, 0x820f0421, 0x85a42007, 0xa7012103, 
    0xa5200782, 0x01210385, 0x200782e4, 0x210385a6, 0x07821004, 0x0385a720, 0x82d70121, 0x82a82007, 0x00a92403, 0x82110400, 0x85aa2007, 0xdb002103, 
    0xab200782, 0x01210385, 0x200782e6, 0x210385ac, 0x07825704, 0x0385ad20, 0x82740421, 0x85ae2007, 0x83042103, 0xaf200782, 0x04210385, 0x2007829d, 
    0x210385b0, 0x0782b804, 0x0385b120, 0x82560421, 0x82b22007, 0x82b52003, 0x8270206b, 0x82b62007, 0x82b72003, 0x8281200b, 0x20278307, 0x200b82b9, 
    0x200b829a, 0x210385ba, 0x0782cf09, 0x0385bb20, 0x82ad0421, 0x82bc2007, 0x00bd2403, 0x82d00900, 0x85be2007, 0x83042003, 0x82bf207f, 0x2003830b, 
    0x2007823b, 0x200382c0, 0x204782c1, 0x200782af, 0x200382c2, 0x200b82c5, 0x200782b4, 0x210385c6, 0x0782c904, 0x0386c720, 0x0782e520, 0x0382c820, 
    0x04211382, 0x200782cb, 0x210385ca, 0x07829e04, 0x03820f83, 0x82b90421, 0x86cc200b, 0x823c2003, 0x85cd2007, 0x83042003, 0x82ce20a3, 0x2003820b, 
    0x20138304, 0x820b82cf, 0x82092003, 0x83032033, 0x82d1209f, 0x82d720a7, 0x82d22013, 0x82d42003, 0x82282083, 0x85d52007, 0x83042003, 0x82d62067, 
    0x2103820b, 0x0782d909, 0x0385d720, 0x0f820920, 0x82dc0321, 0x2003820b, 0x20238309, 0x820b82dd, 0xd5092103, 0xf0200782, 0xf1200382, 0xda205382, 
    0xf2200782, 0x02210385, 0x20078253, 0x210385f3, 0x0782d402, 0x0385f420, 0x826f0121, 0x85f52007, 0x82092003, 0xf603214b, 0x03820b82, 0x82270a21, 
    0x85f92007, 0x83002003, 0x82fa203b, 0x2103820b, 0x07822a01, 0x0385fc20, 0x82b30421, 0x82fd2007, 0x82ff2003, 0x82cc206b, 0x820020b7, 0x82012003, 
    0x82862004, 0x86022007, 0x82542003, 0x85032007, 0x7e092103, 0x04200782, 0x4e200386, 0x05200782, 0x01210385, 0x20078298, 0x24038206, 0x00000007, 
    0x200782e8, 0x21038508, 0x07820e01, 0x03820920, 0x03820a20, 0x03824720, 0x03860b20, 0x07824120, 0x03850c20, 0x82810921, 0x850d2007, 0x39012103, 
    0x0e200782, 0x09200385, 0x0f208383, 0x03830b82, 0x07823820, 0x03851020, 0x82300021, 0x86112007, 0x822c2003, 0x85122007, 0x83002003, 0x8213205f, 
    0x2103820b, 0x07827d09, 0x03861420, 0x07822f20, 0x03851520, 0x82850021, 0x86162007, 0x20478303, 0x830b8217, 0x82322003, 0x85182007, 0x83012003, 
    0x8219206b, 0x2103820b, 0x07823a01, 0x03861a20, 0x07823320, 0x03861b20, 0x07823620, 0x03851c20, 0x822b0121, 0x851d2007, 0xbb002103, 0x1e200782, 
    0x01210385, 0x20078271, 0x2403821f, 0x09000022, 0x20078282, 0x20038223, 0x83038224, 0x822520e3, 0x21038207, 0x07828709, 0x03862620, 0x07823b20, 
    0x03862720, 0x43423d20, 0x83042005, 0x824220df, 0x822d200b, 0x822f2003, 0x82492003, 0x85302003, 0x1c022103, 0x31200782, 0x33200382, 0xe5200382, 
    0x34200382, 0xea200386, 0x35200782, 0x02210385, 0x20078281, 0x20038636, 0x200782eb, 0x20038237, 0x20038238, 0x248786ed, 0x09000039, 0x200b82a9, 
    0x2003863a, 0x200782f0, 0x2003863b, 0x200782f5, 0x2003863c, 0x830782f8, 0x20038393, 0x200b82fa, 0x2103853e, 0x07824603, 0x03863f20, 0x0782ff20, 
    0x03854020, 0x82500321, 0x85412007, 0x54022103, 0x42200782, 0x05210385, 0x20078200, 0x21038543, 0x0782f303, 0x03854420, 0x82010521, 0x85452007, 
    0xe4032103, 0x46200782, 0x05210385, 0x06374204, 0x00004724, 0x0b820605, 0x03414820, 0x09052105, 0x4a200782, 0x4b200382, 0x0c201782, 0x4c200782, 
    0x05210385, 0x2007820b, 0x2003824d, 0x2317824f, 0x04000012, 0x51248783, 0x82020000, 0x52200b82, 0x02210385, 0x200782a1, 0x21038553, 0x0782a609, 
    0x03829f83, 0x82170521, 0x8555200b, 0x74032103, 0x56200782, 0x57200382, 0x2105c349, 0x0b825804, 0x02210382, 0x200782d5, 0x20038259, 0x245f825a, 
    0x04000010, 0x2103855b, 0x0782a002, 0x03855c20, 0x82ab0921, 0x855d2007, 0xaa092103, 0x5e200782, 0x03210385, 0x200782f4, 0x2103855f, 0x07820505, 
    0x03856020, 0x82880921, 0x85612007, 0xac092103, 0x62200782, 0x09210385, 0x20078289, 0x21038563, 0x07820f05, 0x03856420, 0x828a0921, 0x85652007, 
    0xad092103, 0x66200782, 0x09210385, 0x2007828b, 0x21038567, 0x0782ae09, 0x03856820, 0x828c0921, 0x85692007, 0xaf092103, 0x6a200782, 0x09210385, 
    0x2007828d, 0x2103856b, 0x0782b009, 0x03856c20, 0x828e0921, 0x856d2007, 0xb1092103, 0x6e200782, 0x09210385, 0x2007828f, 0x2103856f, 0x0782b209, 
    0x03857020, 0x82900921, 0x85712007, 0xb3092103, 0x72200782, 0x37200386, 0x73200782, 0x03210385, 0x20078244, 0x20038674, 0x20078253, 0x21038575, 
    0x07821c05, 0x03857620, 0x82910921, 0x85772007, 0xb4092103, 0x78200782, 0x09210385, 0x20078292, 0x21038579, 0x07824a03, 0x03858020, 0x82a40921, 
    0x85812007, 0xc9092103, 0x82200782, 0x0a210385, 0x20078224, 0x23038283, 0x0a000087, 0x88203783, 0x89200b82, 0x5b830b82, 0x0b828a20, 0x01210382, 
    0x2007823d, 0x2003868b, 0x200782ef, 0x2103858c, 0x0782a509, 0x03858d20, 0x820e0521, 0x858e2007, 0x7a012103, 0x8f200782, 0x03210385, 0x2007824c, 
    0x20038690, 0x8307822d, 0x200383b7, 0x200b82e8, 0x21038592, 0x07828009, 0x03859320, 0x82a80921, 0x86942007, 0x203b8303, 0x820b8295, 0x15052103, 
    0x96200782, 0x31200386, 0x97200782, 0xec200386, 0x98200782, 0x09200385, 0x99204383, 0x03820b82, 0x47b50921, 0x0425052f, 0x0100009a, 0x200b8216, 
    0x2003869b, 0x200782f2, 0x2003869c, 0x20078234, 0x2003869d, 0x200782f3, 0x200385a0, 0x206b8301, 0x830b82a1, 0x82f42003, 0x85a22007, 0xab002103, 
    0xa3200782, 0xfb200386, 0xa4200782, 0x00210385, 0x200782ad, 0x200386a5, 0x200782fc, 0x200386a6, 0x2007824d, 0x200385a7, 0x83838305, 0x200383db, 
    0x2013824f, 0x210385a9, 0x07821805, 0x0385aa20, 0x82940921, 0x85ab2007, 0xb6092103, 0xac200782, 0x09210385, 0x83078295, 0x21038263, 0x0b82b709, 
    0x0385ae20, 0x47960921, 0x042505cb, 0x090000af, 0x200b82b8, 0x210385b0, 0x07829709, 0x0385b120, 0x82b90921, 0x85b22007, 0xd5012103, 0xb3200782, 
    0x05210385, 0x05fb4703, 0x44b40421, 0xb52006b3, 0x03820782, 0x82190521, 0x86b62007, 0x823e2003, 0x85b72007, 0x07052103, 0x63830782, 0x3f200383, 
    0x57830b82, 0x05210382, 0x200b8208, 0x200386ba, 0x20078240, 0x210385bb, 0x0782b002, 0x0386bc20, 0x07825020, 0x0385bd20, 0x821a0521, 0x85be2007, 
    0x98092103, 0xbf200782, 0x09200385, 0xc0204383, 0xc1200b82, 0x9920cb82, 0xc2200782, 0x09200385, 0xc3204f83, 0x03830b82, 0x07823520, 0x0386c420, 
    0x0782f120, 0x0385c520, 0x829b0921, 0x86c62007, 0x82f62003, 0x85c72007, 0xaa002103, 0xc8200782, 0xfd200386, 0xc9200782, 0x00210385, 0x200782ac, 
    0x200386ca, 0x200782fe, 0x210385cb, 0x07829c09, 0x0385cc20, 0x82bc0921, 0x85cd2007, 0x28012103, 0xce200782, 0xf9200386, 0xcf200782, 0x02210385, 
    0x200782fc, 0x210385d0, 0x07823100, 0x0385d120, 0x821d0221, 0x85d22007, 0x32002103, 0xd3200782, 0x02210385, 0x2007821e, 0x210385d4, 0x07824000, 
    0x0385d520, 0x82220221, 0x85d62007, 0x88002103, 0xd7200782, 0x02210385, 0x20078284, 0x200386d8, 0x20078251, 0x210385d9, 0x0782bd09, 0x0385da20, 
    0x829d0921, 0x85db2007, 0xbe092103, 0xdc200782, 0x09210385, 0x2007829e, 0x210385dd, 0x0782bf09, 0x0385de20, 0x829f0921, 0x85df2007, 0xc0092103, 
    0xe0200782, 0x52200386, 0xe1200782, 0x05210385, 0x2007821b, 0x210385e2, 0x07823b01, 0x0385e320, 0x82c10921, 0x85e42007, 0x3c012103, 0x24064747, 
    0x090000e5, 0x200b82c2, 0x210385e6, 0x07827201, 0x0385e720, 0x82470321, 0x85e82007, 0x74012103, 0xe9200782, 0x09210385, 0x200782c3, 0x210385ea, 
    0x07827501, 0x0385eb20, 0x82c40921, 0x85ec2007, 0xa0092103, 0x20067747, 0x205f82ed, 0x200b82c5, 0x210385ee, 0x0782f903, 0x0385ef20, 0x82f50321, 
    0x85f02007, 0xfa032103, 0xf1200782, 0x03210385, 0x200782f6, 0x210385f2, 0x0782fb03, 0x0385f320, 0x82f70321, 0x85f42007, 0xa1092103, 0xf5200782, 
    0x09210385, 0x200782c6, 0x210385f6, 0x07827f09, 0x0385f720, 0x82a70921, 0x85f82007, 0xa2092103, 0xf9200782, 0x09210385, 0x200782c7, 0x200386fa, 
    0x2007822e, 0x200386fb, 0x200782e9, 0x210385fc, 0x0782d601, 0x0385fd20, 0x82020521, 0x85fe2007, 0xa3092103, 0xff200782, 0x09250385, 0x050000c8, 
    0x2003852f, 0x24738204, 0x00003f0e, 0x2503820e, 0x00003b05, 0x0385001d, 0x826f0921, 0x850d2007, 0x71092103, 0x1b200782, 0x09210385, 0x20078272, 
    0x21038543, 0x07822706, 0x03854720, 0x82280621, 0x82482007, 0x00492403, 0x822a0600, 0x854d2007, 0x2d062103, 0x4f200782, 0x06210385, 0x20078231, 
    0x21038550, 0x07823306, 0x03855220, 0x82350621, 0x85562007, 0x36062103, 0x57200782, 0x58200382, 0x3a204782, 0x5b200782, 0x06210385, 0x2007823c, 
    0x21038562, 0x07826006, 0x03856320, 0x82690621, 0x82642007, 0x82652003, 0x826c202f, 0x859c2007, 0x29062103, 0xa0200782, 0x06210385, 0x2007822c, 
    0x210385bb, 0x07824006, 0x0385bf20, 0x82e80921, 0x82c02007, 0x00c32303, 0x07830a00, 0x0b82c420, 0x0a210382, 0x200782bd, 0x200382c5, 0x821782c9, 
    0xca1d210f, 0x03820b82, 0x82610a21, 0x82cb2007, 0x82d22003, 0x82c92017, 0x82d32007, 0x82d62003, 0x8262200b, 0x85d72007, 0xd10a2103, 0xd8200782, 
    0xe7200382, 0x66201782, 0x63830782, 0x0a200382, 0x1d213382, 0x820f82e9, 0x760a2503, 0xea1d0000, 0xf5200382, 0xd3202382, 0xfc200782, 0xff200382, 
    0xdf240b82, 0x001e0000, 0x00210385, 0x20078214, 0x21038501, 0x07821902, 0x03850220, 0x82420021, 0x85032007, 0x46022103, 0x04200782, 0x00210385, 
    0x20078243, 0x21038505, 0x07824702, 0x03850620, 0x82440021, 0x85072007, 0x48022103, 0x08200782, 0x00210385, 0x20078250, 0x21038509, 0x07825202, 
    0x03850a20, 0x82570021, 0x850b2007, 0x5c022103, 0x0c200782, 0x00210385, 0x20078258, 0x2103850d, 0x07825d02, 0x03850e20, 0x82590021, 0x850f2007, 
    0x5e022103, 0x10200782, 0x00210385, 0x2007825a, 0x21038511, 0x07825f02, 0x03851220, 0x825b0021, 0x85132007, 0x60022103, 0xe7830782, 0x00210382, 
    0x200b826c, 0x21038515, 0x07827402, 0x03851620, 0x826d0021, 0x85172007, 0x75022103, 0x18200782, 0x00210385, 0x2007826e, 0x21038519, 0x07827602, 
    0x03851a20, 0x826f0021, 0x851b2007, 0x77022103, 0x1c200782, 0x00210385, 0x20078270, 0x2503851d, 0x00007802, 0x03851e1e, 0x828b0021, 0x851f2007, 
    0x90022103, 0x20200782, 0x00210385, 0x20078296, 0x21038521, 0x07829b02, 0x03852220, 0x82a50021, 0x85232007, 0xab022103, 0x24200782, 0x00210385, 
    0x200782a6, 0x21038525, 0x0782ac02, 0x03852620, 0x82a70021, 0x85272007, 0xad022103, 0x28200782, 0x00210385, 0x200782a2, 0x21038529, 0x07829f02, 
    0x03852a20, 0x82a80021, 0x852b2007, 0xae022103, 0x2c200782, 0x00210385, 0x200782ca, 0x2103852d, 0x0782b702, 0x03852e20, 0x82c80021, 0x852f2007, 
    0xb5022103, 0x30200782, 0x01210385, 0x20078212, 0x21038531, 0x0782db02, 0x03853220, 0x82130121, 0x85332007, 0xdc022103, 0x34200782, 0x01210385, 
    0x20078214, 0x21038535, 0x0782dd02, 0x03853620, 0x821d0121, 0x85372007, 0xeb022103, 0x38200782, 0x01210385, 0x2007821e, 0x21038539, 0x0782ec02, 
    0x03853a20, 0x821f0121, 0x853b2007, 0xed022103, 0x3c200782, 0x01210385, 0x20078220, 0x2103853d, 0x0782ee02, 0x03853e20, 0x82250121, 0x853f2007, 
    0x02032103, 0x40200782, 0x01210385, 0x20078226, 0x21038541, 0x07820303, 0x03854220, 0x82270121, 0x85432007, 0x04032103, 0x44200782, 0x01200385, 
    0x4520df83, 0x03820b82, 0x82100321, 0x85462007, 0x83012003, 0x824720eb, 0x2103820b, 0x07821103, 0x03854820, 0x82340121, 0x85492007, 0x12032103, 
    0x4a200782, 0x01210385, 0x20078235, 0x2103854b, 0x07821303, 0x03854c20, 0x82550121, 0x854d2007, 0x2a032103, 0x4e200782, 0x01210385, 0x20078256, 
    0x2103854f, 0x07822b03, 0x03855020, 0x82570121, 0x85512007, 0x2c032103, 0x52200782, 0x01210385, 0x20078258, 0x21038553, 0x07822d03, 0x03855420, 
    0x00780125, 0x85551e00, 0x83032003, 0x8256205b, 0x2103820b, 0x07827901, 0x03855720, 0x67830320, 0x03823f83, 0x82860121, 0x85592013, 0x61032103, 
    0x5a200782, 0x01210385, 0x20078287, 0x2103855b, 0x07826203, 0x03855c20, 0x82880121, 0x855d2007, 0x63032103, 0x5e200782, 0x01210385, 0x20078289, 
    0x2103855f, 0x07826403, 0x03856020, 0x82930121, 0x85612007, 0x6f032103, 0x62200782, 0x01210385, 0x20078294, 0x21038563, 0x07827003, 0x03823383, 
    0x82950121, 0x8565200b, 0x71032103, 0x66200782, 0x01210385, 0x20078296, 0x21038567, 0x07827203, 0x03856820, 0x82970121, 0x85692007, 0x73032103, 
    0x6a200782, 0x01210385, 0x2007829f, 0x2103856b, 0x07828403, 0x03856c20, 0x82a00121, 0x856d2007, 0x85032103, 0x6e200782, 0x01210385, 0x200782a1, 
    0x2103856f, 0x07828603, 0x03857020, 0x82a20121, 0x85712007, 0x87032103, 0x72200782, 0x01210385, 0x200782bb, 0x21038573, 0x0782a803, 0x03857420, 
    0x82bc0121, 0x85752007, 0xa9032103, 0x76200782, 0x01210385, 0x200782bd, 0x21038577, 0x0782aa03, 0x03857820, 0x82be0121, 0x85792007, 0xab032103, 
    0x7a200782, 0x01210385, 0x200782bf, 0x2103857b, 0x0782ac03, 0x03857c20, 0x82c90121, 0x857d2007, 0xd6032103, 0x7e200782, 0x01210385, 0x200782ca, 
    0x2103857f, 0x0782d703, 0x03858020, 0x82cd0121, 0x85812007, 0xdc032103, 0x82200782, 0x01210385, 0x200782ce, 0x21038583, 0x0782dd03, 0x03858420, 
    0x82cf0121, 0x85852007, 0xd9032103, 0x86200782, 0x01210385, 0x200782d0, 0x21038587, 0x0782de03, 0x03858820, 0x82d10121, 0x85892007, 0xdf032103, 
    0x8a200782, 0x01210385, 0x200782d3, 0x2103858b, 0x0782e203, 0x03858c20, 0x82d40121, 0x858d2007, 0xe3032103, 0x8e200782, 0x01200385, 0x8f205383, 
    0x03820b82, 0x82ed0321, 0x85902007, 0xf4012103, 0x91200782, 0x04210385, 0x20078206, 0x21038592, 0x0782f501, 0x03859320, 0x82070421, 0x85942007, 
    0xf6012103, 0x95200782, 0x04210385, 0x20078208, 0x21038596, 0x0782af02, 0x03859720, 0x82880321, 0x85982007, 0xe0032103, 0x99200782, 0x03210385, 
    0x200782ee, 0x2103859a, 0x07821502, 0x03859b20, 0x93820220, 0x829d1e21, 0x2103820b, 0x07826609, 0x03859e20, 0x2b830120, 0x0b829f20, 0x09210382, 
    0x20078267, 0x200385a0, 0x203b8300, 0x820b82a1, 0x0e022103, 0xa2200782, 0x00210385, 0x20078216, 0x210385a3, 0x07821102, 0x0385a420, 0x82170021, 
    0x85a52007, 0x05022103, 0xa6200782, 0x00210385, 0x20078218, 0x210385a7, 0x07820702, 0x0385a820, 0x82190021, 0x85a92007, 0x83022003, 0x82aa20e3, 
    0x2103820b, 0x07821a00, 0x0385ab20, 0x82090221, 0x85ac2007, 0x1b002103, 0xad200782, 0x02210385, 0x20078206, 0x210385ae, 0x07821c00, 0x0385af20, 
    0x82fe0121, 0x85b02007, 0x1d002103, 0xb1200782, 0x02210385, 0x20078200, 0x210385b2, 0x07821e00, 0x0385b320, 0x82010221, 0x85b42007, 0x1f002103, 
    0xb5200782, 0x02210385, 0x20078202, 0x210385b6, 0x07822000, 0x0385b720, 0x82ff0121, 0x85b82007, 0x71002103, 0xb9200782, 0x02210385, 0x20078279, 
    0x210385ba, 0x07827200, 0x0385bb20, 0x007a0225, 0x85bc1e00, 0x73002103, 0xbd200782, 0x02210385, 0x2007827b, 0x210385be, 0x07827400, 0x0385bf20, 
    0x827c0221, 0x85c02007, 0x75002103, 0xc1200782, 0x02210385, 0x2007827d, 0x210385c2, 0x07827600, 0x0385c320, 0x827e0221, 0x85c42007, 0x77002103, 
    0xc5200782, 0x02210385, 0x2007827f, 0x250385c6, 0x00007800, 0x0385c71e, 0x82800221, 0x85c82007, 0xd6002103, 0xc9200782, 0x02210385, 0x200782c4, 
    0x210385ca, 0x0782d700, 0x0385cb20, 0x82c50221, 0x85cc2007, 0x59012103, 0xcd200782, 0x03210385, 0x2007822e, 0x210385ce, 0x07825a01, 0x0385cf20, 
    0x822f0321, 0x85d02007, 0x5b012103, 0xd1200782, 0x03210385, 0x20078230, 0x210385d2, 0x07825c01, 0x0385d320, 0x82310321, 0x85d42007, 0x5d012103, 
    0xd5200782, 0x03210385, 0x20078232, 0x210385d6, 0x07825e01, 0x0385d720, 0x82330321, 0x85d82007, 0x5f012103, 0xd9200782, 0x03210385, 0x20078234, 
    0x210385da, 0x07826001, 0x0385db20, 0x82350321, 0x85dc2007, 0x61012103, 0xdd200782, 0x03210385, 0x20078236, 0x210385de, 0x07826201, 0x0385df20, 
    0x82370321, 0x85e02007, 0x63012103, 0xe1200782, 0x03210385, 0x20078238, 0x210385e2, 0x07826401, 0x0385e320, 0x82390321, 0x85e42007, 0xc0012103, 
    0xe5200782, 0x03210385, 0x200782ad, 0x210385e6, 0x0782c101, 0x0385e720, 0x82ae0321, 0x85e82007, 0xc2012103, 0xe9200782, 0x03210385, 0x200782af, 
    0x210385ea, 0x0782c301, 0x0385eb20, 0x82b00321, 0x85ec2007, 0xc4012103, 0xed200782, 0x03210385, 0x200782b1, 0x210385ee, 0x0782c501, 0x0385ef20, 
    0x82b20321, 0x85f02007, 0xc6012103, 0xf1200782, 0x03210385, 0x200782b3, 0x200385f2, 0x20eb8301, 0x820b82f3, 0x83032003, 0x82f42037, 0x2103820b, 
    0x0782e001, 0x0385f520, 0x82f00321, 0x85f62007, 0xe1012103, 0xf7200782, 0x03210385, 0x200782f1, 0x210385f8, 0x0782e201, 0x0385f920, 0x82f20321, 
    0x85fa2007, 0x33092103, 0xfb200782, 0x09210385, 0x20078268, 0x210385fc, 0x07823409, 0x0385fd20, 0x82690921, 0x85fe2007, 0x35092103, 0xff200782, 
    0x09250385, 0x1f00006a, 0x20038200, 0x05bb5407, 0x82081f21, 0x820f200b, 0x82232010, 0x82102007, 0x00152403, 0x827a0400, 0x82182007, 0x821d2003, 
    0x827d2017, 0x82202007, 0x82272003, 0x82842017, 0x82282007, 0x822f2003, 0x82b12017, 0x82302007, 0x82372003, 0x829f2017, 0x82382007, 0x823f2003, 
    0x82dc2017, 0x82402007, 0x00452403, 0x823d0300, 0x82482007, 0x004d2403, 0x82680100, 0x82502007, 0x82572003, 0x82bb202f, 0x85592007, 0xe7012103, 
    0x5b200782, 0x01210385, 0x200782e8, 0x2103855d, 0x0782e901, 0x03855f20, 0x82ea0121, 0x82602007, 0x50672003, 0x1f20059b, 0x6f204b83, 0x2105bb57, 
    0x1782701f, 0x04200382, 0x71201f83, 0x03820b82, 0x82dd0921, 0x85722007, 0x80042103, 0x73200782, 0x09210385, 0x200782de, 0x21038574, 0x07828c04, 
    0x03857520, 0x82df0921, 0x85762007, 0xa7042103, 0x77200782, 0x09210385, 0x200782e0, 0x21038578, 0x07824303, 0x03857920, 0x82e20921, 0x857a2007, 
    0xc3042103, 0x7b200782, 0x09210385, 0x200782e3, 0x2103857c, 0x0782d604, 0x03857d20, 0x82e50921, 0x20878307, 0x05cf5587, 0x82881f21, 0x008f240f, 
    0x82330000, 0x82902007, 0x54972003, 0x1f21055b, 0x200b8298, 0x2017829f, 0x200782bc, 0x820382a0, 0xd704218b, 0xa8200782, 0xaf200382, 0x21053f58, 
    0x0b82b01f, 0x0b82b420, 0x07826920, 0x0382b620, 0x0b82b720, 0x07826e20, 0x0382b820, 0x3b82ba20, 0x07822b20, 0x0385bb20, 0x822f0021, 0x824b8307, 
    0x3b002103, 0xbd200b82, 0x0a210385, 0x20078282, 0x210385be, 0x0782e609, 0x0385bf20, 0x82810a21, 0x85c02007, 0x820a2003, 0xc11f219f, 0x03820b82, 
    0x828c0a21, 0x82c22007, 0x82c42003, 0x8295206b, 0x82c62007, 0x82c72003, 0x20af830b, 0x200b82c8, 0x207782c9, 0x20078283, 0x200382ca, 0x200b82cb, 
    0x200782b9, 0x210385cc, 0x0782c400, 0x0385cd20, 0x82840a21, 0x85ce2007, 0x860a2103, 0xcf200782, 0x0a210385, 0x20078288, 0x200382d0, 0x835382d2, 
    0x82d320eb, 0x2103820b, 0x0782e109, 0x0382d620, 0x2b54d720, 0xd81f2105, 0xdb200b82, 0xe4205f82, 0xdd200782, 0x0a210385, 0x20078285, 0x210385de, 
    0x0782870a, 0x0385df20, 0x82890a21, 0x82e02007, 0x53e22003, 0x1f210547, 0x820b82e3, 0x83092003, 0x2003833b, 0x053754e5, 0x82e61f21, 0x53e72017, 
    0x1f210547, 0x230b82e8, 0x010000eb, 0x1f210382, 0x820b82ec, 0x7d012103, 0xed200782, 0xee240382, 0x8a0a0000, 0xef200782, 0x0a210385, 0x2007828d, 
    0x200382f2, 0x056352f4, 0x82f61f21, 0x52f7200b, 0x1f21054b, 0x820b82f8, 0x6e012103, 0xf9200782, 0x01210385, 0x20078270, 0x210385fa, 0x07821d04, 
    0x0385fb20, 0x82130421, 0x85fc2007, 0x26042103, 0xfd200782, 0x0a210385, 0x2007828e, 0x240385fe, 0x0000830a, 0x25f68220, 0x00000b20, 0x0b82f506, 
    0x03821020, 0x8f821120, 0x20211482, 0x820b8212, 0xb5052103, 0x13200782, 0x05210385, 0x200782b4, 0x24038214, 0x05000015, 0x200782b6, 0x21038516, 
    0x07821f0a, 0x03851720, 0x82220a21, 0x82182007, 0x00192403, 0x82ca0500, 0x821a2007, 0x821b2003, 0x82d1200b, 0x821c2007, 0x821e2003, 0x82ce200b, 
    0x82338307, 0xd3052503, 0x20200000, 0x21240382, 0x08060000, 0x22200782, 0x05210385, 0x200782b8, 0x21038523, 0x0782bb05, 0x03852420, 0x82140a21, 
    0x85252007, 0xe0052103, 0x26200782, 0x05210385, 0x200782df, 0x20038527, 0x20af830a, 0x820b822f, 0xf3062103, 0x30200782, 0x31200382, 0xd1205f82, 
    0x32200782, 0x34240382, 0xd4050000, 0x35200782, 0x37200382, 0xd8200b82, 0x38200782, 0x0a210385, 0x20078210, 0x20038239, 0x2017823a, 0x200782e8, 
    0x2103853b, 0x0782160a, 0x03853c20, 0x82940521, 0x853d2007, 0x9b052103, 0x3e200782, 0x0a210385, 0x20078215, 0x2103853f, 0x0782180a, 0x03854020, 
    0x82120a21, 0x85412007, 0x110a2103, 0x42200782, 0x0a210385, 0x2007820f, 0x21038543, 0x0782ba05, 0x03854420, 0x82890621, 0x85452007, 0xa0052103, 
    0x46200782, 0x05210385, 0x200782a2, 0x24038247, 0x05000048, 0x20078298, 0x21038549, 0x07829605, 0x03854a20, 0x82920521, 0x854b2007, 0x1d062103, 
    0x4c200782, 0x4d200382, 0xbc202f82, 0x4e200782, 0x0a210385, 0x20078219, 0x2103854f, 0x0782170a, 0x03825020, 0x00005124, 0x07821a0a, 0x03855220, 
    0x82530a21, 0x20038307, 0x20178255, 0x200b821c, 0x21038557, 0x0782d705, 0x03855f20, 0x82f40621, 0x85702007, 0x41062103, 0x71200782, 0x06210385, 
    0x2007822f, 0x21038574, 0x07824806, 0x03827520, 0x00007624, 0x07824a06, 0x03827720, 0x0b827920, 0x07824d20, 0x03827a20, 0x0b827c20, 0x07825520, 
    0x03827d20, 0x0b827e20, 0x07825120, 0x03857f20, 0x82340621, 0x85802007, 0x72062103, 0x81200782, 0x06210385, 0x24078274, 0x20000082, 0x202f8283, 
    0x20078276, 0x20038584, 0x21578206, 0x0b828520, 0x17828620, 0x07827b20, 0x03828720, 0x0b828920, 0x20215782, 0x200b828a, 0x820b828c, 0x8d20211b, 
    0x8e200b82, 0x82240b82, 0x90200000, 0x06210385, 0x20078258, 0x21038591, 0x07825c06, 0x03859220, 0x82660621, 0x85932007, 0x6f062103, 0x94200782, 
    0x09210385, 0x20078273, 0x21038595, 0x07825f06, 0x03829620, 0x53829920, 0x07826220, 0x03859a20, 0x82670621, 0x829b2007, 0x829c2003, 0x826a2017, 
    0x85a02007, 0x830a2003, 0x82a120e3, 0x2103820b, 0x07823005, 0x0385a220, 0x82320521, 0x85a32007, 0x3a052103, 0xa4200782, 0x05210385, 0x2007822b, 
    0x210385a5, 0x07823505, 0x0385a620, 0x822e0521, 0x85a72007, 0x27052103, 0xa8200782, 0x05210385, 0x20078238, 0x210385a9, 0x07822a05, 0x0385aa20, 
    0x82360521, 0x85ab2007, 0x65022103, 0xac200782, 0x05210385, 0x20078224, 0x210385ad, 0x07822905, 0x0382ae20, 0x0000af24, 0x07823305, 0x0385b120, 
    0x82280521, 0x85b22007, 0x2f052103, 0xb3200782, 0xb4200382, 0x2c202382, 0xb5200782, 0x05210385, 0x20078231, 0x210385b8, 0x07822605, 0x0385b920, 
    0x82250521, 0x85ba2007, 0x22052103, 0xbc200782, 0x05210385, 0x20078237, 0x210385bd, 0x07822305, 0x0385be20, 0x82390521, 0x85bf2007, 0x3c052103, 
    0xc0200782, 0x0a210385, 0x20078252, 0x200385db, 0x202b830a, 0x820b82dc, 0xbc0a2103, 0xdd200782, 0xde240382, 0x6d070000, 0xe8200782, 0x0a200385, 
    0xf0204383, 0x03820b82, 0x00e30a25, 0x82002100, 0x00012403, 0x82d60600, 0x85032007, 0x02072103, 0x05200782, 0x06210385, 0x200782d5, 0x21038506, 
    0x0782d406, 0x03850920, 0x2b830720, 0x0b821320, 0x0a210382, 0x2007824f, 0x21038516, 0x07820107, 0x03851720, 0x82100621, 0x851e2007, 0x8b012103, 
    0x1f200782, 0x01210385, 0x2007828a, 0x82038220, 0x1206217c, 0x22200782, 0x06210385, 0x20078211, 0x20038526, 0x20178304, 0x240b822a, 0x0700002b, 
    0x20078204, 0x2103852e, 0x07820707, 0x03853220, 0x828c0021, 0x853b2007, 0x14062103, 0x4d200782, 0x06210385, 0x200782d3, 0x21038550, 0x0782c906, 
    0x03825120, 0xe3825220, 0x0782ce20, 0x03825320, 0x0b825420, 0x0782bf20, 0x03825520, 0x0b825a20, 0x0782c320, 0x03825b20, 0x0b825e20, 0x0782ca20, 
    0x03855f20, 0x82bc0621, 0x82602007, 0x007f2403, 0x82e90900, 0x85832007, 0x090a2103, 0x84200782, 0x09210385, 0x2007826b, 0x28038285, 0x0a000086, 
    0x2100000a, 0x21038589, 0x0782be06, 0x03859020, 0x82080721, 0x85912007, 0x1a072103, 0x92200782, 0x07210385, 0x2007820d, 0x21038593, 0x07821b07, 
    0x03859420, 0x82160721, 0x85952007, 0x1d072103, 0x96200782, 0x99240382, 0x12070000, 0xa9200782, 0xaa200382, 0x1e200b82, 0xb0200782, 0xb1240382, 
    0x63070000, 0xb3200782, 0x07210385, 0x20078262, 0x210385b4, 0x07826507, 0x0385b520, 0x82610721, 0x82ba2007, 0x82bb2003, 0x21f3822f, 0x0b82d021, 
    0x07210382, 0x2007820b, 0x210385d2, 0x07821007, 0x0385d420, 0x82180721, 0x82de2007, 0x82df2003, 0x8268202f, 0x82e42007, 0x82e52003, 0x8266200b, 
    0x85e72007, 0x50072103, 0xea200782, 0x07250385, 0x22000051, 0x21038502, 0x07822006, 0x03850520, 0x82250621, 0x85062007, 0x82042003, 0x0f22216b, 
    0x03820b82, 0x82220621, 0x85112007, 0x21062103, 0x12200782, 0x05210385, 0x200782f3, 0x2103851a, 0x07822406, 0x03851e20, 0x821f0621, 0x852b2007, 
    0x23062103, 0x36200782, 0x05210385, 0x200782e3, 0x21038548, 0x0782f705, 0x03856020, 0x82f10521, 0x82642007, 0x00652403, 0x82ee0500, 0x82952007, 
    0x00962403, 0x82a00700, 0x85972007, 0xa3072103, 0x98200782, 0x07250385, 0x230000a2, 0x21038503, 0x07825307, 0x03850420, 0x82550721, 0x20cb8207, 
    0x21038223, 0x0b825407, 0x03851820, 0x82520721, 0x20db8207, 0x21038223, 0x0b825707, 0x03822620, 0x5f822720, 0x07825d20, 0x2320a782, 0x07210382, 
    0x200b825c, 0x21038580, 0x07825607, 0x03858720, 0x82580721, 0x858b2007, 0x59072103, 0xce200782, 0x07200385, 0x2321bb82, 0x820b82cf, 0x5f072403, 
    0x82240000, 0x210383e7, 0x0b82500a, 0x24211b82, 0x205f8268, 0x200b828a, 0x830382b6, 0x826f2023, 0x85ea2007, 0x89072503, 0xa0250000, 0xa2200382, 
    0x3f202382, 0xaa200782, 0x05210385, 0x200782be, 0x210385b2, 0x07823507, 0x0385b320, 0x82390721, 0x20478207, 0x21038225, 0x0b823707, 0x0385b720, 
    0x823b0721, 0x85ba2007, 0x20178403, 0x820b82bb, 0x20178403, 0x820b82bc, 0x34072103, 0xbd200782, 0x07210385, 0x20078238, 0x210385c0, 0x07823607, 
    0x0385c120, 0x823a0721, 0x85c42007, 0x20178403, 0x820b82c5, 0x20178403, 0x820b82c6, 0x44072103, 0xc7200782, 0x07210385, 0x20078246, 0x210385ca, 
    0x07822606, 0x0385cb20, 0x823e0721, 0x20eb8207, 0x21038225, 0x0b823d07, 0x0385e620, 0x82b90521, 0x85ef2007, 0x6b072503, 0x00260000, 0x07210385, 
    0x20078249, 0x24038205, 0x07000006, 0x2007824d, 0x2103853c, 0x07824807, 0x03856120, 0x824a0721, 0x85652007, 0x4b072103, 0x6a200782, 0x43820382, 
    0x82280a21, 0x85a02007, 0x82072003, 0x13272437, 0x82270000, 0x32072103, 0x17200782, 0x07210385, 0x20078233, 0x21038556, 0x07824507, 0x03856420, 
    0x824c0721, 0x82802007, 0x41882003, 0x272005a3, 0x03839b82, 0x820e0a21, 0x85f52013, 0x09072103, 0xf6200782, 0x07200385, 0xf7201783, 0x03820b82, 
    0x5b830720, 0x0b82f820, 0x07210382, 0x2007820c, 0x210385f9, 0x07821107, 0x0385fa20, 0x00190725, 0x85132900, 0x1c072503, 0x382a0000, 0x07240385, 
    0x2b0000a4, 0x0383eb82, 0x824f0721, 0x8212200b, 0x21278203, 0x07824207, 0x2b202782, 0x07210382, 0x200b826c, 0x20038524, 0x24eb8207, 0x00007c2c, 
    0x2103822c, 0x07826106, 0x03857f20, 0x67820120, 0x00ff2d24, 0x03822d00, 0x003f0b25, 0x85182e00, 0x9c052503, 0x9fa60000, 0x0a240385, 0xa700007e, 
    0x03831f82, 0x00780925, 0x852ea900, 0x0d0a2503, 0x00e00000, 0x07210385, 0x20078247, 0x24038202, 0x0000000b, 0x82078297, 0x2be021cf, 0xea200b82, 
    0x2c200b82, 0x4a240382, 0x23020000, 0x4b200782, 0x02210385, 0x200782b8, 0x2103854c, 0x0782bf02, 0x03854d20, 0x82c60221, 0x854e2007, 0xca022103, 
    0x4f200782, 0x02210385, 0x200782d0, 0x20038250, 0x2047825c, 0x200782ef, 0x2103855d, 0x07825503, 0x03855e20, 0x825b0321, 0x20e78207, 0x210382e0, 
    0x0b827703, 0x03826b20, 0x00008024, 0x07824905, 0x03828120, 0x0b828720, 0x0782a620, 0x03828820, 0x0b829120, 0x92207783, 0x03820b82, 0x82e20521, 
    0x82932007, 0x82952003, 0x825f2017, 0x85962007, 0x63052103, 0x97200782, 0xa3200382, 0xf9201782, 0xa4200782, 0x06200385, 0xa520df83, 0xa6240b82, 
    0x1a060000, 0xa7200782, 0xa8240382, 0x53060000, 0xa9200782, 0xab200382, 0x59200b82, 0xac200782, 0xad200382, 0x5d200b82, 0xae200782, 0x06210385, 
    0x20078268, 0x210385af, 0x07826e06, 0x0382b020, 0x2382b120, 0x07827020, 0x0382b220, 0x0b82b320, 0x07828420, 0x0385b420, 0x828a0621, 0x85b52007, 
    0x8c062103, 0xb6200782, 0xb7200382, 0x8e202382, 0xb8200782, 0x06210385, 0x20078291, 0x200382b9, 0x201782ba, 0x20078293, 0x200382bb, 0x830b82bd, 
    0x82c820c7, 0x82cc200b, 0x829a200b, 0x85dc2007, 0x82062003, 0xdde021cf, 0x03820b82, 0x82a50621, 0x82de2007, 0x82df2003, 0x82a72023, 0x85e02007, 
    0xaa062103, 0xe1200782, 0xe2200382, 0xac201782, 0xe3200782, 0xe5200382, 0xbb830b82, 0x0b82e620, 0x06200382, 0xe0211b82, 0x280b82f3, 0x0b0000f5, 
    0xe100004d, 0x21038506, 0x0782eb0a, 0x03850920, 0x82ec0a21, 0x850a2007, 0x500b2103, 0x0c200782, 0x0e240382, 0xed0a0000, 0x0f200782, 0x0b210385, 
    0x20078251, 0x20038211, 0x20178213, 0x200782f0, 0x20038217, 0x820b8218, 0x21e1215b, 0x22200b82, 0x63820b82, 0x8224e121, 0x2103820b, 0x0782f70a, 
    0x03852a20, 0x82f80a21, 0x822b2007, 0x00372303, 0xfb820700, 0x8238e121, 0x8239200b, 0x82a5200b, 0x823a2007, 0x823d2003, 0x82a8200b, 0x823e2007, 
    0x82562003, 0x82c7200b, 0x82572007, 0x825a2003, 0x82e1200b, 0x825b2007, 0x825e2003, 0x21cf820b, 0x0b8263e1, 0x06200382, 0xe1214b82, 0x820b82c3, 
    0xc9052103, 0xd2200782, 0xdf200382, 0x20202382, 0x33830782, 0x0b210382, 0x820b8252, 0x82e220ff, 0x0508254f, 0xc8e20000, 0xd8240382, 0xef080000, 
    0xd9200782, 0xdc200382, 0xeb240b82, 0x01ee0000, 0x05210385, 0x200782e3, 0x21038502, 0x07820a00, 0x03850320, 0x2f820120, 0x8204ee21, 0x2003820b, 
    0x20f38202, 0x834b82ee, 0xfc032103, 0x06201382, 0x03210385, 0x20078289, 0x21038507, 0x0782f90a, 0x03850920, 0x82e00721, 0x824b8307, 0xc6002103, 
    0x0c200b82, 0x01210385, 0x200782a4, 0x2403820d, 0x02000011, 0x20078288, 0x21038512, 0x07828e02, 0x03851420, 0x82b30221, 0x85172007, 0x82022003, 
    0x1dee21db, 0x25240b82, 0x8a030000, 0x26200782, 0x45200382, 0xb4200b82, 0x47200782, 0x05210385, 0x20078262, 0x24038248, 0x05000071, 0x20078264, 
    0x21038572, 0x0782dd06, 0x03857320, 0x82a70721, 0x85742007, 0x83072003, 0x8275205f, 0x2103820b, 0x0782e507, 0x03857620, 0x82ea0721, 0x82772007, 
    0x007b2403, 0x82ec0700, 0x857c2007, 0xeb072103, 0x7d200782, 0x7e200382, 0xf1201782, 0x7f200782, 0x82200382, 0xf4200b82, 0x83200782, 0x07210385, 
    0x200782f3, 0x21038584, 0x0782f807, 0x03858720, 0x82530b21, 0x82882007, 0x828f2003, 0x82fa202f, 0x82902007, 0x00992403, 0x82540b00, 0x859a2007, 
    0x830a2003, 0x829b2017, 0x2103820b, 0x07825e0b, 0x03859c20, 0x82f90721, 0x829d2007, 0x82a62003, 0x825f202f, 0x24c38307, 0x0a0000d2, 0x200b82fb, 
    0x210385d3, 0x07824c0b, 0x0382d420, 0x2382d620, 0x07826920, 0x0382d820, 0x0b82de20, 0x07826c20, 0x0385df20, 0x82020821, 0x82e02007, 0x82e12003, 
    0x00732417, 0x85c3f600, 0xe9062503, 0xfffe0000, 0x0a250385, 0xf101000c, 0x2203842f, 0x820f0600, 0x82302007, 0x82362003, 0x82ac20b3, 0x82372007, 
    0x82492003, 0x82b4200b, 0x846a2007, 0x06002203, 0x20078216, 0x2603846b, 0x00150600, 0x8450f801, 0x07002203, 0x2007820a, 0x08038452, 0x0f0700c1, 
    0x48010a00, 0xf80360fe, 0x03004007, 0x13000700, 0x23001d00, 0x39002f00, 0x43003f00, 0x9a014700, 0x01190b40, 0x4c010d0b, 0x010b0114, 0x28b04b4b, 
    0x90405850, 0x06050700, 0x00720706, 0x13140001, 0x15671401, 0x16261301, 0x13111202, 0x11006712, 0x22100125, 0x00671011, 0x0f012122, 0x670f220e, 
    0x19000e00, 0x67190e18, 0x181b1d00, 0x011a571d, 0x1b012718, 0x671b1817, 0x01281700, 0x1e171c1e, 0x241c0067, 0x07050209, 0x0067051c, 0x04080006, 
    0x00680806, 0x03012304, 0x67030420, 0x1f002000, 0x671f2002, 0x0c000200, 0x670c020d, 0x0b000d00, 0x670b0d0a, 0x00000a00, 0x0a00570a, 0x825f000a, 
    0x4f002508, 0x0091401b, 0x05239282, 0x40800607, 0x5a088893, 0x3a5e4059, 0x2430303a, 0x081e1e24, 0x47040408, 0x43444546, 0x3a404142, 0x3e3f3a3f, 
    0x303b3c3d, 0x38393039, 0x34353637, 0x24313233, 0x2e2f242f, 0x2a2b2c2d, 0x26272829, 0x1e231e25, 0x20212223, 0x1b1c1d1f, 0x1617181a, 0x08130815, 
    0x10111213, 0x0c0d0e0f, 0x04090a0b, 0x82070407, 0x06292b0d, 0x21012b19, 0x11012111, 0x03831121, 0x33152331, 0x23153335, 0x21150335, 0x35372335, 
    0x84331521, 0x27352109, 0x35210f83, 0x21108333, 0x23830315, 0x07200984, 0x15251583, 0x33352311, 0x2e038303, 0x0250fdf8, 0x0108feb0, 0x01c0fe40, 
    0x8240c040, 0x40012a02, 0xc0fed7d7, 0x4001d8d8, 0x2c128280, 0xc0fe9090, 0x80c07070, 0x8080c0fe, 0x2f1e8201, 0x404080c0, 0xe00860fe, 0x00ff00fa, 
    0x80010001, 0x80200583, 0xfc2b2982, 0x7f404080, 0xc0054041, 0x82a040e0, 0x4060270a, 0xc0fd6040, 0x0682a040, 0x40803b08, 0x40fda0e0, 0x60e00380, 
    0x00020000, 0x05000031, 0x00d205c8, 0x00100007, 0x0d29402c, 0x01000401, 0x0004004c, 0x02040102, 0x00000068, 0x03054d56, 0x57010102, 0x00004e01, 
    0x26820809, 0x11074508, 0x0b061111, 0x01332b19, 0x03210121, 0x21130321, 0x27022627, 0x31070206, 0x9001fd01, 0xadfe0a02, 0x6feffd73, 0x2d7601bb, 
    0x25274824, 0xd2052244, 0x5a012efa, 0x4902a6fe, 0x0a017286, 0xf6fe9a98, 0xffff0070, 0x07237785, 0x8226028f, 0x01003383, 0x00900a07, 0x0074017d, 
    0x0202b109, 0xb07401b8, 0x23892b35, 0x23878520, 0x00ee0623, 0x202385f8, 0x20238f01, 0x22238897, 0xa02401eb, 0x01ea2223, 0x23239fe4, 0x2301920a, 
    0xf2202396, 0x00266b85, 0x01f90a07, 0xa7880085, 0x85e70821, 0x07012317, 0x1782230b, 0x08000f27, 0xb00302b1, 0x84ca830f, 0x51fe2423, 0x8707fb05, 
    0x8527203b, 0x0700253b, 0xde03610b, 0x07214389, 0x2343875d, 0x3901ed06, 0x93207f96, 0x22083341, 0x91440194, 0x21678323, 0x2385d205, 0x27415f90, 
    0x930a2108, 0x0821df97, 0x225f8892, 0x857f00ee, 0x4103205f, 0x238a0e6f, 0xd601ed22, 0x8816b741, 0xec06236b, 0x23965000, 0x6b88a720, 0xb741ff20, 
    0x88982018, 0x01912223, 0x23ef91d4, 0xc805edfd, 0x0a23ef89, 0x4198013a, 0xfe21054f, 0x2f17893a, 0x910a0701, 0x4af9d601, 0x02b10900, 0x4af9b801, 
    0x880c5f42, 0x960a21a7, 0x5f42cb87, 0xd808210f, 0x2208db41, 0x9526012b, 0x20238acb, 0x2023a22c, 0x2023982d, 0x206b88c6, 0x8323932e, 0x860720d7, 
    0x270021b3, 0x8805a742, 0x831220df, 0x740121df, 0xb121df82, 0x43e88603, 0x9f8a076b, 0x46012822, 0x2920c3a0, 0x542023a2, 0xc5202398, 0x2a20c388, 
    0xc3842393, 0x8206c742, 0x019424c3, 0xa3740144, 0xd2052bc3, 0x02000602, 0xffff0000, 0xb7442900, 0x081b4205, 0x54fffa24, 0xdf41afff, 0xafff2105, 
    0x2006df41, 0x2e238251, 0x00f105f2, 0x2a020026, 0x0a060100, 0x86bf0182, 0x83bf2021, 0x26478421, 0x0600004e, 0x83da0504, 0x833c2023, 0xfe832223, 
    0x202386a8, 0x242388a8, 0x0700004b, 0x2523826f, 0x01020027, 0x258300a7, 0x84fb8421, 0xb8022225, 0x222584ff, 0x8300ffff, 0x86942023, 0x84cc2023, 
    0x94852023, 0x86792023, 0x84b12023, 0x94862023, 0x86972023, 0x84cf2023, 0x93872023, 0xb3062423, 0x82004707, 0xeb00218f, 0x88222384, 0x3b45bc4b, 
    0xbcff2105, 0x8f82fb86, 0x07cb0623, 0x2123832e, 0x23840301, 0xa34b8922, 0xa3202386, 0x440cff42, 0x00231e4f, 0x44c80500, 0xff201d97, 0x0523cb82, 
    0x411906c8, 0x0624068b, 0xf6898d0a, 0x20064341, 0x054341f6, 0x00030025, 0x8242ff31, 0x8e3f0823, 0x18000f00, 0x45001d00, 0x11144240, 0x0704010e, 
    0x004c0105, 0x86020002, 0x07020a08, 0x00010103, 0x00680107, 0x4d560505, 0x06060109, 0x01045f00, 0x00570000, 0x0010104e, 0x101a1b00, 0x82181018, 
    0x110f213e, 0x82080083, 0x1c0b0b12, 0x0103012b, 0x03210321, 0x03231323, 0x17210121, 0x26130137, 0x02062726, 0x07250707, 0x04262733, 0xc5017e81, 
    0xfe73adfe, 0xaf77afcc, 0xaffe6f66, 0x9001fd01, 0x9bfe4408, 0x101f0f8c, 0x2b224425, 0x974c2b01, 0x8e060f2d, 0xf3fa7ffe, 0xe8fd5a01, 0xa6fe1802, 
    0xd216d205, 0xac01bbfb, 0x9a3f7639, 0x8670f6fe, 0x2f86e9e9, 0xffff0000, 0x00006f00, 0xd2050f06, 0x02002600, 0x06010047, 0x429afa0a, 0x23840c6d, 
    0x42064b47, 0x0f8408a3, 0x5f410720, 0x1d074723, 0x12fe5123, 0x08c74205, 0x09270026, 0x001602e6, 0x2309cf42, 0xffb80103, 0x210acf42, 0xcf4212fe, 
    0x202b8409, 0x422b8427, 0x2b8305d7, 0x210ad742, 0xd74212fe, 0x212d830b, 0xdf429203, 0x4203200a, 0x2b820bdf, 0x840adf42, 0x42b7202b, 0x2b8f0ae7, 
    0x2d0ae742, 0x860a2600, 0x0701a8fb, 0x9d03e609, 0x83420000, 0x08374306, 0xef425782, 0x2057840a, 0x0af742ba, 0xf742578e, 0x2257820b, 0x83bc4b88, 
    0xd7022157, 0xff425788, 0x12fe2108, 0x830bff42, 0xee022157, 0x830a0743, 0x08074357, 0x4612fe21, 0x0020092b, 0x0121a782, 0x204f82eb, 0x05a34801, 
    0x00d2052d, 0x4021000c, 0x0101081e, 0x824c0100, 0x4d2e2917, 0x01020203, 0x4e012f01, 0x0c270c82, 0x11110c00, 0x49180804, 0x0949060e, 0x49032005, 
    0xef20080a, 0x26050349, 0xfad205e6, 0x48cf022e, 0xfd2107ff, 0x21398231, 0x5f830200, 0x82c10721, 0x000f325f, 0x4b7f0013, 0x58502bb0, 0x09002e40, 
    0x09010100, 0x2c1d8272, 0x03020803, 0x00080067, 0x06080406, 0x21148267, 0x35826000, 0x004d5631, 0x5f050404, 0x0502070a, 0x4e055705, 0x832f401b, 
    0x09002330, 0x31a68001, 0x14405928, 0x12130000, 0x4a431011, 0x11112408, 0x831d0b0b, 0x211523bf, 0x03872111, 0x13032b08, 0x31231121, 0x0a058302, 
    0x7f024dfd, 0xb60281fd, 0x2ffe24fc, 0x7601ed92, 0xfdd2054b, 0xfef995fe, 0x6201fd8c, 0x3d029efe, 0xfb42d302, 0xc1072f07, 0x26025d07, 0x00003d00, 
    0xed060701, 0xab477a03, 0x00002511, 0x9707c107, 0xea222388, 0x23952604, 0x02d20523, 0x08478306, 0x00030026, 0x04000087, 0x00d205fc, 0x001a0011, 
    0x40390023, 0x03010836, 0x004c0104, 0x02030004, 0x00670304, 0x5f000505, 0x25051741, 0x5f010202, 0xaa4a0106, 0x21232706, 0x181a1b1d, 0x37821214, 
    0x07211031, 0x332b170b, 0x16322111, 0x07061415, 0x82021e15, 0x23062c06, 0x36322125, 0x23263435, 0x85333521, 0x23380808, 0xf54f0287, 0x547399f7, 
    0xe4745d95, 0x01bcfea8, 0x877b8708, 0xf1f0fe73, 0x6b738262, 0xd8d205f7, 0x1aa284a7, 0x9f58040f, 0x6bba766e, 0x5d5568fb, 0x5a68d17a, 0xffff6651, 
    0x0721a385, 0x20d78298, 0x23fb8341, 0x6901910a, 0x0320d784, 0x220a4748, 0x833afe87, 0x24238ac7, 0x004af96d, 0x08a64709, 0x47830020, 0x8b75fe21, 
    0xed062323, 0x2390d100, 0x00000f34, 0xd2052705, 0x41002600, 0x0701002b, 0xe7ff420b, 0x4785dcfe, 0xb0dcfe2d, 0x00002b35, 0x00320003, 0x82800600, 
    0x1a280823, 0x2c002300, 0x0bb57600, 0x01060501, 0x10b04b4c, 0x26405850, 0x02030108, 0x72030206, 0x05000600, 0x67050604, 0x02020107, 0x2c074241, 
    0x5f010404, 0x57010100, 0x401b4e01, 0x21288627, 0x299d8006, 0x1440593c, 0x2a2c0000, 0x21232426, 0x1a001b1d, 0x2d211a00, 0x190b0933, 0x3435132b, 
    0x73413336, 0x1121260e, 0x15152223, 0x10794101, 0xd7cb3224, 0x7b418602, 0x8bfd2509, 0xf901893f, 0x240d7f41, 0xb5492904, 0x0c8241ab, 0x7bd50425, 
    0x41d2fc31, 0x05271087, 0x000602d2, 0x41000041, 0x0f870797, 0x01002308, 0xecff5e00, 0xe6059405, 0x3b001d00, 0x02003840, 0x02030503, 0x05008005, 
    0x04050304, 0x0303007e, 0xfb826101, 0x4d5c7808, 0x00040400, 0x00010661, 0x4e005d00, 0x191a0001, 0x0f111517, 0x07090c0d, 0x1d011d00, 0x2b160b07, 
    0x02242205, 0x24123435, 0x16043233, 0x26262117, 0x15022223, 0x32331614, 0x06213736, 0x12030406, 0xb5c8fec7, 0xc43a01b6, 0xb01201a9, 0x15cbfe16, 
    0xd6ae80b1, 0xb37facd7, 0x11350116, 0x14edfea2, 0xf25601b4, 0xb45701f3, 0x79a7ed7d, 0xedfefe89, 0x7a89fbf2, 0x8596f18b, 0x7106309f, 0x27009d06, 
    0x4f405200, 0x0201010e, 0x82020a0f, 0x004c3aa3, 0x05070504, 0x00800704, 0x07050607, 0x02007e06, 0x02050300, 0x05006903, 0x24b28705, 0x61000606, 
    0x2bb28708, 0x1f212324, 0x1617191b, 0x0b0d1113, 0x2723b682, 0x8c092701, 0x121725b6, 0x15173221, 0x0622b883, 0xc09a1115, 0x1c98c52b, 0x405b4b01, 
    0x47152c18, 0x2ac79a3e, 0x110b0154, 0x2a0403d8, 0x8b74fe30, 0xffff3fcf, 0x5cfe5e00, 0xe6059405, 0x49002602, 0x07010000, 0xa1019a0a, 0x0900feff, 
    0xb80101b1, 0x8348feff, 0xff5e2606, 0x079405ec, 0x25238797, 0xfc01ea06, 0x23857401, 0x074e0120, 0x23238e07, 0x3b01920a, 0x98202396, 0x91226b88, 
    0x2396ec01, 0x0a216b88, 0x83479393, 0x218f87b3, 0xb3852700, 0x86070121, 0x88122097, 0x08684bbb, 0x02005408, 0x42ff5e00, 0x8e069405, 0x2a002100, 
    0x50405300, 0x07020a0d, 0x02011300, 0x03011407, 0x02012004, 0x4c040305, 0x03020400, 0x80030402, 0x05060108, 0x01008606, 0x01040200, 0x07006702, 
    0x00610007, 0x4d5c0000, 0x05030300, 0x05050061, 0x004e055d, 0x82242600, 0x23212d4a, 0x12142412, 0x1c0b0927, 0x2637052b, 0x2a067142, 0x07333717, 
    0x21171616, 0x42012726, 0x23250871, 0x03072722, 0x06864201, 0x50760138, 0x01b6c4a4, 0x4347c43a, 0x864bbc3b, 0xcbfe16af, 0xd6fe5b15, 0x7f422b28, 
    0xbc310808, 0x0f3d4f55, 0x18172501, 0xbe4bd6ae, 0x5d0156f7, 0x5701f3fc, 0xe8b30bb4, 0x7aa6ed3e, 0x086ffc45, 0xf18b7a89, 0x02bb1196, 0x03800312, 
    0x8cedfefe, 0x26a082cc, 0xff570001, 0x438d05ec, 0x052d083b, 0x05040204, 0x02008002, 0x03020403, 0x0831437e, 0x0126c784, 0x01010061, 0x3b43015d, 
    0x32012e14, 0x14151204, 0x22230402, 0x21272624, 0x22c38216, 0x82343512, 0x070638ba, 0x24363621, 0x01c6d902, 0xfeb6b539, 0xfea9c4c6, 0x0116b0ee, 
    0x43b21435, 0x173f063b, 0xa211ccfe, 0xe6051301, 0xf2aafeb4, 0xb4a9fef3, 0x7aa8ed7d, 0xed020189, 0x7989fbf2, 0x8296f18a, 0xffff21a2, 0x2307df43, 
    0x49000602, 0x02351082, 0x00008700, 0xd2056905, 0x13000a00, 0x25402800, 0x01030300, 0x249b825f, 0x02004d56, 0x085c4a02, 0x13000133, 0x040b0d11, 
    0x010a0002, 0x160b050a, 0x1121212b, 0x21a58621, 0x19463301, 0x02240806, 0x02f4fd93, 0x4301e011, 0xbafeaeae, 0xd7cc43fe, 0xced6ddde, 0xfeb3d205, 
    0xfee9e8b3, 0x0701b3b2, 0xe7fafbe8, 0x00277282, 0x00320002, 0x82ed0600, 0x00132473, 0x4589001c, 0x1e290572, 0x02030106, 0x72030204, 0x156a4505, 
    0x30b04b26, 0x1f405850, 0x04212586, 0x82269680, 0x000225c0, 0x72020505, 0x05252882, 0x04030504, 0x480d8280, 0xda840914, 0x4e01572c, 0x10405959, 
    0x1a1c0000, 0xf5821416, 0x26211324, 0x8c450733, 0x067c4109, 0x87068645, 0xcb3224dd, 0x864802d7, 0xfde226dc, 0x01893ff4, 0x24e185f9, 0xb5492904, 
    0x25e487ab, 0x317bd504, 0xe885defc, 0x2f055b45, 0x97076905, 0x54002602, 0x07010000, 0x8600930a, 0x2610cb47, 0x05000087, 0x88980769, 0x01912223, 
    0x25239138, 0x69053afe, 0x238ad205, 0xa74f6820, 0xfe872210, 0x23238b75, 0xcc00ed06, 0x22202392, 0x002d2389, 0x01e90607, 0xff000073, 0xfe8700ff, 
    0x245f8c3d, 0xf9b90092, 0x059d4c49, 0x4449f921, 0x14270683, 0xb6050000, 0x8200d205, 0x004d27cb, 0x770b0600, 0x3b8500e2, 0x09000023, 0x821785e4, 
    0x03072410, 0x89c705fe, 0x23062117, 0x17822f83, 0x17852720, 0x0a070025, 0x82370693, 0x0001210f, 0x0421f782, 0x2f37826e, 0x402f000b, 0x0002002c, 
    0x03020403, 0x01010067, 0x28096647, 0x01065f05, 0x05570505, 0x232f824e, 0x110b000b, 0x07240083, 0x332b1b0b, 0x2a098149, 0xe5038715, 0x80024cfd, 
    0x820280fd, 0xfefd269b, 0x89fef998, 0x259788fd, 0x97076e04, 0x50832602, 0x06070125, 0x44a600eb, 0x838410eb, 0xea22238a, 0x239f6601, 0x00920a23, 
    0x202396a5, 0x236b878f, 0xfeff900a, 0xa7532385, 0x206b850a, 0x228f885d, 0x96ba00ed, 0x88932047, 0x00942247, 0x202396c6, 0x22238898, 0x91560191, 
    0x51fe2523, 0xd205a004, 0x00252385, 0x029b0a07, 0x08eb4784, 0x210a1341, 0xcb92930a, 0x00007222, 0x220c3741, 0x96d1ffec, 0x88a720cb, 0x41ff2083, 
    0xfe23135b, 0x8a6e045e, 0x019a2283, 0x21838911, 0x3b87d808, 0x005e0b23, 0x895f95bb, 0xbd0a2123, 0xfe212393, 0x275f893d, 0x920a0701, 0x49f9a800, 
    0x42051347, 0x872208b3, 0x238b4cfe, 0x00ee0625, 0x864af97c, 0x07df5223, 0xa7838720, 0x73410720, 0x27002206, 0x82a7840a, 0x077b414f, 0x9f4a0220, 
    0x82d3880e, 0x01912223, 0x414f9157, 0x0a230d3f, 0x41570196, 0x2384119f, 0x0b428520, 0x00ee2208, 0x20239479, 0x09034184, 0x002b0b23, 0x1f2741a8, 
    0xa22c0b21, 0x982d2023, 0x41c62023, 0x2e200893, 0xfe212393, 0x0917423a, 0x43270021, 0x03410507, 0xb1122208, 0x06274101, 0x08093c54, 0x87000346, 
    0x6e0442ff, 0x13008e06, 0x1b001700, 0x1bb48d00, 0x4b010701, 0x500db04b, 0x002f4058, 0x02010102, 0x09010d70, 0x0e860900, 0x0c05020b, 0x05070601, 
    0x010a6706, 0x5f010404, 0x01010103, 0x07004d56, 0x085f0007, 0x2205de50, 0x822e401b, 0x85022131, 0x592e30a8, 0x14141c40, 0x191a0000, 0x17141714, 
    0x83821516, 0x87111321, 0x0b0f3200, 0x37052b1f, 0x37211123, 0x15330733, 0x15210323, 0x08038321, 0x1313072b, 0x13131121, 0x42011123, 0xa102f237, 
    0xa036a436, 0x1d0168e9, 0x026c9cfe, 0x37b1fd06, 0xdafe688e, 0xbe766c0a, 0xbcd205be, 0x066b44bc, 0x2b04be36, 0x98fe6801, 0x770190fd, 0x000089fe, 
    0x6e000100, 0x55040000, 0x2008d744, 0x25b48203, 0x00670203, 0xcd440404, 0x44d48205, 0x572106e2, 0x0fd74400, 0x21110124, 0x03862135, 0xfc550436, 
    0xfdb4021b, 0xfd800280, 0xfad2054a, 0x6801fd2e, 0xfd7701f9, 0x31055346, 0xd2056e04, 0x5f000602, 0xffff0000, 0x00004c00, 0x6f82ee05, 0x5f002724, 
    0x80828001, 0xfa0a0726, 0xafff77ff, 0x5305e542, 0x278405e5, 0x27824b20, 0xf105ef23, 0x20278300, 0x24278281, 0xfb820a06, 0x202586bf, 0x0a0f53bf, 
    0xda050422, 0x96202384, 0x83222384, 0x2386a8fb, 0x23088b50, 0x72070000, 0x03212385, 0x53238404, 0x012005e7, 0x200ee753, 0x20238697, 0x0aff5029, 
    0x7d20238f, 0x0f202386, 0xe7532384, 0x20238f05, 0x2023869a, 0x0aef502c, 0xff21238a, 0x22d7829a, 0x841906b4, 0x844620b3, 0xff8d24ff, 0x86f6ff72, 
    0x065b53b5, 0x222a2741, 0x41000087, 0x23460c5f, 0x1947460f, 0x4523ff45, 0x00201adb, 0x28051347, 0x00d2055b, 0x40290009, 0x11134726, 0x0401052d, 
    0x4e045704, 0x09000000, 0x82110900, 0x0b062200, 0x0a0d471a, 0xd4038730, 0x61025dfd, 0xd2059ffd, 0xf960fefd, 0x2882c4fd, 0xb3ff0125, 0x83044dfe, 
    0x00123053, 0x01304033, 0x00040001, 0x02000501, 0x8203004c, 0x04032609, 0x02020067, 0x06ef4901, 0x0500002a, 0x05050061, 0x224e0561, 0x132c5b82, 
    0x1c0b0622, 0x1635032b, 0x35363233, 0x27087147, 0x4d222110, 0x35462732, 0xfe2a6a87, 0x5ffe5a95, 0x312907e9, 0x73843706, 0xc3fe4e22, 0x2e06a342, 
    0x0298075b, 0x00890026, 0x0a070100, 0x444c0191, 0xeb820ddf, 0x00005724, 0xeb842b04, 0x2b402e22, 0x0322d982, 0x93828504, 0x03010224, 0x1d826702, 
    0x57010022, 0x22060b48, 0x8a4f0001, 0x1a0622f0, 0x0926432b, 0xfc2b0429, 0xfda3022c, 0x4361029f, 0xa0230522, 0x823c02f9, 0x05c34e2b, 0xe6059e2e, 
    0x3e002000, 0x02003b40, 0x02030603, 0x4e09a14f, 0x07220ec4, 0xc44e0001, 0x1b1c2105, 0x230ac64e, 0x08200120, 0x4e0c0f4e, 0x4a080ac6, 0x36323312, 
    0x21352137, 0x04021415, 0xfed11b03, 0x01b7b0c4, 0x01a8c43b, 0xfe15ae10, 0x7ca420ca, 0xb3d6d9ac, 0xfe04b69f, 0xa66c02bc, 0xb914defe, 0xf1ec5601, 
    0x80b65801, 0x7a6b93e1, 0xeded00ff, 0x8fa8fefe, 0xfec4bae8, 0x4b0097e7, 0x0631058f, 0x02e60502, 0x008d0026, 0x0b070100, 0xfead0243, 0x05bd42ce, 
    0xb0cefe24, 0x14822b35, 0xff5e0034, 0x066d06ec, 0x002b0094, 0x0f524055, 0x10020101, 0xf34e020b, 0x05082406, 0x4e800804, 0x082608ec, 0x08060700, 
    0xf44e6707, 0x8709200e, 0x262734e2, 0x20222425, 0x17181a1c, 0x0c0e1214, 0x2b000709, 0x8c0a2b01, 0x4e1620e6, 0xf19514f7, 0x4aae602c, 0x5b450120, 
    0x162c1841, 0xf99b3e46, 0x01282c23, 0x06fd4e02, 0x02419a20, 0x06034110, 0x079e0523, 0x07034197, 0x01920a23, 0x0d2f4237, 0x82052741, 0x88932023, 
    0x01942223, 0x20239658, 0x22238898, 0x91e80191, 0x22fe2323, 0x6f419e05, 0x07002607, 0xf001e906, 0x20839300, 0x88839893, 0xea0622a7, 0x056b5d01, 
    0x8907fb46, 0x875d2047, 0xed062183, 0x2212fb42, 0x83ecff5e, 0x22003183, 0x1fb57e00, 0x01050401, 0x19b04b4c, 0x27405850, 0x291fab42, 0x00000208, 
    0x1b4e005d, 0x299a2b40, 0x57070726, 0x0404004d, 0x2608ec50, 0x01174059, 0x421d1e00, 0x22220cdf, 0xef502201, 0x12df420d, 0x0323112a, 0xf902020e, 
    0xb1d2febc, 0x2d0fe042, 0xb49ab6d7, 0x02bcfe07, 0x1225cb6c, 0xe242b566, 0x90a72913, 0x01e6fce8, 0x5c9d6348, 0x200ce342, 0x20e34297, 0x9c002d24, 
    0xe3420f40, 0x012a2408, 0x41030706, 0x2f23061d, 0x42050400, 0x0a2024ee, 0x20072541, 0x2931a233, 0x4d570909, 0x00060600, 0x25430a61, 0x40592605, 
    0x2900011b, 0x102a4328, 0x2d012d23, 0x2a2a430b, 0x430e3c41, 0x4441132b, 0x132d4316, 0x42094d41, 0x97240eab, 0x07010000, 0x851e2f43, 0x1d2f4323, 
    0x2f432385, 0x4323821d, 0x3b85142f, 0x841d2f43, 0x1e2f4323, 0x2f432385, 0x87210813, 0x73050000, 0x0b00d205, 0x24402700, 0x04000100, 0x67040103, 
    0x00000102, 0x05064d56, 0x57030302, 0x0f4b4903, 0x21113322, 0x873c0188, 0x89023101, 0xcefe3201, 0xd20577fd, 0x5a02a6fd, 0x7b022efa, 0xffff85fd, 
    0x5efe8700, 0x022a5783, 0x00a10026, 0x0a060000, 0x3b4eb39a, 0x73052308, 0x17859707, 0x0a070125, 0x44250192, 0x93841047, 0x9320238a, 0x98202398, 
    0x91204788, 0x44063b5f, 0x87220b2f, 0x83893afe, 0x91226b82, 0x534cd801, 0x208f8213, 0x2147888f, 0x73600090, 0x4e012005, 0xfe210b5f, 0x24478c30, 
    0xf9480194, 0x05474648, 0xb048f929, 0x00002b35, 0x824b0002, 0x292608e4, 0x1300d205, 0x3b001700, 0x090c3840, 0x0a050307, 0x0b000204, 0x00670005, 
    0x0102000b, 0x0867020b, 0x56060601, 0x2358034d, 0x16172307, 0x3b4b1415, 0x0b0d260c, 0x15012b1f, 0x065d4123, 0x41352321, 0x05290769, 0x06211521, 
    0xcefe7729, 0x230382fd, 0x32017a7a, 0x31077341, 0xca048902, 0x02e4fbae, 0x0485fd7b, 0x0801ae1c, 0x0383f8fe, 0x00a4ae27, 0xfe870001, 0x27b3834d, 
    0x35001400, 0x01013240, 0x0138a182, 0x4c020006, 0x01000400, 0x67010402, 0x03030105, 0x02004d20, 0x004d2102, 0x6228b982, 0x29060600, 0x11224e06, 
    0x13260082, 0x1d070722, 0x9d48012b, 0x08eb4107, 0x22211028, 0x28326d03, 0x85823545, 0xf741cf20, 0x07a24806, 0xfde00223, 0x05004285, 0xfeb8f923, 
    0x05f750c3, 0x1206c025, 0x4100d205, 0x072505ff, 0x5904460b, 0x22178700, 0x41d20531, 0x0025056f, 0x04450b07, 0x82808204, 0x000023af, 0x2f82be07, 
    0x2d000d2c, 0x05002a40, 0x05010200, 0x19826702, 0x075f042f, 0x04040206, 0x01034d20, 0x01210101, 0x2212824e, 0x820d000d, 0x250282a6, 0x2b1c0708, 
    0x8d421501, 0x11212709, 0xb5fdbe07, 0xa087cefe, 0xfad20526, 0x7b0228fb, 0x67859a87, 0x08ecff23, 0x2267827f, 0x46990019, 0x20250518, 0x01000400, 
    0x06124106, 0x004d562c, 0x4d590707, 0x00060600, 0x11460262, 0xb04b2607, 0x40585024, 0x21279324, 0xe1440202, 0x56622005, 0x1b2a06fc, 0x07002740, 
    0x07030403, 0x2e8e8004, 0x5937298f, 0x01174059, 0x12151600, 0x0b0c0d10, 0x0708090a, 0x00040506, 0x46190119, 0x0022053a, 0xd6893535, 0x274a1420, 
    0x16112706, 0xfa630600, 0x7f41d8fe, 0x33240808, 0x7b6f707f, 0xfe013101, 0x100114da, 0x95fd78f7, 0x96fdd205, 0x21fc6a02, 0x81838381, 0xb1fd4f02, 
    0x00f2fef9, 0x2805334a, 0xd2057305, 0xa1000602, 0x06d74c00, 0x05f30627, 0x002700d2, 0x1fd74ca1, 0x05f40623, 0x4c2784f1, 0x07231ad7, 0x84da0509, 
    0x1ad74c23, 0x85770821, 0x1bd74c23, 0x869c0821, 0x1ad74c23, 0x86820821, 0x1ad74c23, 0x869f0821, 0x16d74c23, 0x004b0027, 0x07bc0700, 0x21b38347, 
    0xbf604902, 0x0201220a, 0x0bbf60b8, 0x07d30723, 0x2023842e, 0x0ab75d60, 0xb75d2383, 0x9aff2706, 0xb9060000, 0xfb841906, 0x411e1f4d, 0x8720246f, 
    0x41058b45, 0x4b2208a7, 0x7f4112fe, 0x2700250b, 0x6f03e609, 0x200a5f4e, 0x07795f02, 0x00ffff22, 0x87412b82, 0x202b840b, 0x0a674e84, 0x674e2b83, 
    0x12fe2108, 0x830b8f41, 0xf204212b, 0x82175762, 0x0a97412b, 0x05202b83, 0x6205fd5f, 0x2b82125f, 0x840a9f41, 0x62fc2057, 0x2b821767, 0x840aa741, 
    0x621a2057, 0xfe21176f, 0x0baf4112, 0x36205784, 0x82177762, 0x0ab7412b, 0x4e202b84, 0x22167f62, 0x4512fe87, 0x002509d7, 0x01e60907, 0x052344ed, 
    0xb8292f82, 0x0300d205, 0x16401900, 0x052f5102, 0x50000021, 0x03330555, 0x03110300, 0x012b170b, 0x01112111, 0x05cffeb8, 0x822efad2, 0x4300202a, 
    0x03210667, 0x220c82f7, 0x82c50026, 0x00072447, 0x833f02c5, 0xadff2817, 0x94020000, 0x84028f07, 0x07012517, 0xa3fe900a, 0x210f6f52, 0x2382afff, 
    0xd8089622, 0xeb212388, 0x060b55fe, 0x200afb66, 0x2023820d, 0x3b5f85dc, 0x06010056, 0x22e5420b, 0x01b10800, 0xb022b001, 0xffff2b35, 0x4cfec5ff, 
    0xd2057c02, 0x06234387, 0x461effee, 0xff210fef, 0x21db83eb, 0x23889707, 0x4affeb22, 0x21137f47, 0x238a5502, 0x0b00ea22, 0xff21238f, 0x208b828c, 
    0x232389b4, 0x49ff920a, 0xc5202390, 0x7c222382, 0x6b888507, 0x23908f82, 0x2382ff20, 0x5d074222, 0xed222388, 0x23905fff, 0x2382c720, 0x93077922, 
    0x22081b41, 0x8f6aff94, 0x0f002523, 0xea0151fe, 0x002bfb87, 0xce9b0a06, 0xff000000, 0x827d00ff, 0x07c622ef, 0x223b8898, 0x8ffbff91, 0x20cb903b, 
    0x20cb9293, 0x20838217, 0x23ef8939, 0x76feec06, 0x2010c341, 0x222382c1, 0x88a70781, 0xffff226b, 0x216b8f4b, 0x8f826000, 0x4789d320, 0xff960a22, 
    0x24116f5c, 0x013afe7c, 0x09c741c5, 0xff910a23, 0x0fc741fa, 0xff800025, 0x826a02f9, 0x02062223, 0x20e784ef, 0x05b34287, 0x00060223, 0x2a0f84c5, 
    0x0300004c, 0x00d20538, 0x45c50027, 0x9b421be3, 0x4b002123, 0x39224b82, 0x4b84f105, 0x231a0746, 0xda054e03, 0x07462384, 0xbc04211a, 0x07462385, 
    0xe104211b, 0x07462386, 0xc704211a, 0x07462386, 0xe404211a, 0x07462386, 0x0104231a, 0xb3834707, 0x231b0746, 0x2e071804, 0x07462384, 0x229f4217, 
    0xe742ff20, 0x009a2623, 0x06fe0200, 0x206b8319, 0x1e4f4601, 0x2023db41, 0x0e134200, 0x3e21eb41, 0x4a000100, 0x86030000, 0x0b00d205, 0x26402900, 
    0x01010103, 0x02005f02, 0x044d5602, 0x5a000001, 0x5b551835, 0x21153b05, 0x4a152111, 0xfbfe0501, 0xfbfe3c03, 0x03fd0501, 0xfcfdfdd8, 0x0000fd28, 
    0x5785ffff, 0x028f072d, 0x00ea0026, 0x0a070100, 0x436bff90, 0x23850f3f, 0x88d80821, 0xffeb2223, 0x4523856d, 0x9f860a03, 0x06232386, 0x4557420b, 
    0x00230c03, 0x834cfe4a, 0x241f86bf, 0xffee0607, 0x103b43e8, 0x07214384, 0x22238897, 0x431200eb, 0x238f10a7, 0xd200ea22, 0x0a23239f, 0x96110092, 
    0x88852023, 0xffee226b, 0x202396e6, 0x2223885d, 0x962700ed, 0x41932023, 0x9422081b, 0x23913200, 0x0351fe25, 0x85d205b8, 0x07002523, 0x9c019b0a, 
    0x200a7b41, 0x223b8898, 0x91c20091, 0x0000233b, 0x13418603, 0x930a2109, 0xff21cb91, 0x23238ddf, 0x3effec06, 0x2115c341, 0x6b88a707, 0x1300ff22, 
    0x96226ba0, 0x2391c400, 0x413afe21, 0x0a230bc7, 0x41c40091, 0x4b2b10c7, 0x3d050000, 0x2700f105, 0x6801ea00, 0x7757050b, 0x52052314, 0x2384da05, 
    0x7757cc20, 0xc0062119, 0x03212385, 0x1977573a, 0x86e50621, 0x575f2023, 0x06211977, 0x202386ca, 0x19775744, 0x86e80621, 0x57622023, 0x00201577, 
    0x0623d782, 0x83470704, 0x7e0221b3, 0x23199f4a, 0x2e071c06, 0x6f452384, 0x055f6b05, 0x430a9f4a, 0x0720054f, 0x241e3342, 0x86030000, 0x1c7b4207, 
    0x0064ff27, 0x06cc0400, 0x446b8319, 0x3c200897, 0x22160758, 0x84d2053c, 0x82b62027, 0x172f59b7, 0x73834a20, 0x02d20525, 0x44ea0006, 0x0027251b, 
    0xff440001, 0x822604ec, 0x00112f5b, 0x0028402b, 0x03020301, 0x00800201, 0x4c610303, 0x04622305, 0x6a560001, 0x0d0e2a05, 0x0405080a, 0x11011100, 
    0x05525205, 0x21353522, 0x08051e65, 0x21113524, 0x02041411, 0xf5fee837, 0x59693101, 0x2e016859, 0xf314f8fe, 0x6b5c57e1, 0x046c6e6e, 0xe2effb16, 
    0x8f8400f3, 0x05276b82, 0x02970722, 0x840a0126, 0x019222c5, 0x109f42b7, 0x04212382, 0x868f82f3, 0x420b2523, 0x8b00fc01, 0x23058d49, 0x2b35b08b, 
    0xb3834787, 0x83060221, 0xffff2147, 0x0f85c387, 0x8724d382, 0x8e050000, 0x0f244382, 0x23402600, 0x0426b882, 0x01000204, 0xca82014c, 0x044d5629, 
    0x02020203, 0x824e0257, 0x000f2491, 0x8216120f, 0x2b1922ce, 0x26c28233, 0x37363603, 0x82012101, 0x07290802, 0x31018711, 0x4a6e3105, 0x75016d01, 
    0x3d02d3fd, 0x59fe97fe, 0xfed205c6, 0x4eadfe69, 0xac015a96, 0xb3fc7bfd, 0xfeda8402, 0x227b8256, 0x8322fe87, 0x20d3826b, 0x2552820f, 0x01e90607, 
    0xb34a00bf, 0x8e052106, 0x1782eb84, 0x0a070125, 0x90020193, 0x89a784eb, 0xea062323, 0x2391c301, 0x893afe21, 0x2247825f, 0x43b40191, 0x872210af, 
    0x238b75fe, 0x01ed0623, 0x3d238d18, 0x4b000100, 0xe4060000, 0x0e00d205, 0x30403300, 0x02050109, 0x02004c01, 0x02040500, 0xb7826705, 0x2905be5c, 
    0x06074d20, 0x21040402, 0x12824e04, 0x0e000e25, 0x50111211, 0xe35b060d, 0x41332005, 0x2d08051f, 0xdd011123, 0xc4026efe, 0x01a701ab, 0x02eefd6a, 
    0xfe97fe2b, 0xd804ab3f, 0x02a3fdfa, 0xfd2bfd5d, 0xfd7c0203, 0xffff0084, 0xc0fe8700, 0x7382e505, 0x33042622, 0x07245082, 0x2c04460b, 0x01210782, 
    0x31f78300, 0x00f405c1, 0x40260012, 0x0d101123, 0x06030809, 0x90820001, 0x56000027, 0x0202034d, 0x05967401, 0x12331f82, 0x0b04111c, 0x11332b18, 
    0x01331121, 0x07172436, 0x41070626, 0x290808a2, 0x71f00113, 0x63890c01, 0xfe33593d, 0xfe67029d, 0xb745fe91, 0x78fdd205, 0x26760e02, 0x1f20d952, 
    0xfc8efe34, 0xc54b02dc, 0xab4f7afe, 0x058e2606, 0x010602d2, 0x08cb610f, 0x9b823b20, 0x1f000524, 0x11821c40, 0x004d5628, 0x60020101, 0x1d420103, 
    0x00052307, 0x7c881105, 0x8715212a, 0x83023101, 0x2bfbd205, 0x2e0aab61, 0x0297073b, 0x00190126, 0x06070100, 0x410700ea, 0x222112bb, 0x85638204, 
    0x07002523, 0x4601e906, 0x23071b42, 0x1d063b04, 0x0b231787, 0x85fb012f, 0x3afe2117, 0x01252f89, 0x01910a07, 0x0dc7413c, 0xffffff23, 0x212383fc, 
    0x3b865d07, 0x23852720, 0xed227f82, 0x7f825cff, 0x01b11222, 0x66061e72, 0xff2508c7, 0xfe8700ff, 0x23578b75, 0xa000ed06, 0x2382578f, 0x7b8c3d20, 
    0x8d009222, 0x27109b60, 0x04000017, 0x00d2058d, 0x5227f382, 0x0b060100, 0x53de1774, 0xff2505ad, 0x2b35b0de, 0x20c38400, 0x20238214, 0x63238588, 
    0xfe250d73, 0x0641065e, 0x823b8324, 0x02272428, 0x828604c7, 0x21e38207, 0x8f417604, 0xee062107, 0x24283782, 0x24402700, 0x0307141f, 0x2309b243, 
    0x03030405, 0x26079541, 0x1a240024, 0x5c111a11, 0x67080645, 0x17021e13, 0x1337023e, 0x11211121, 0x37363634, 0x0307020e, 0x022e0321, 0x15021e27, 
    0xd4018711, 0x29260ff2, 0x26281111, 0xd601ee0f, 0x0505cdfe, 0x32371901, 0xfffef712, 0x383111fb, 0x0405021a, 0x54fdd205, 0x51af982f, 0x3098af50, 
    0x2efaac02, 0xae38bf02, 0xca645ec8, 0x41fd35a9, 0xa433bf02, 0xc35a64c5, 0x41fd38ab, 0x2f053f42, 0x9707ee06, 0x24012602, 0x07010000, 0xa302ea06, 
    0x2511ef41, 0xee060000, 0x23879807, 0x02910a23, 0x21239192, 0xe7833afe, 0x9420238a, 0x24128b41, 0x05aa07c0, 0x272385d2, 0x450b0700, 0x00007d05, 
    0x17828387, 0x83830620, 0x07450f9f, 0x05922b06, 0x001600d2, 0x12214024, 0x52410206, 0x0a054509, 0x16001624, 0x05451811, 0x01410807, 0x26171616, 
    0x21113526, 0x2e012111, 0x16162702, 0x01871115, 0x2cd70154, 0x0b08315e, 0xabfe3801, 0x462954fe, 0x0c082e49, 0x0efdd205, 0x6e75af49, 0xcb0249dd, 
    0xac022efa, 0x5d8f7e43, 0xfd42e387, 0x23a78653, 0x85079205, 0x2c28bf82, 0x07010000, 0x0a01ee06, 0x25110741, 0x92050000, 0x23889707, 0xf701ea22, 
    0xfe222391, 0xbf820522, 0x00252385, 0x01e90607, 0x085b45f2, 0x0a233b8a, 0x91360193, 0x205f8e3b, 0x202398eb, 0x255f8598, 0x910a0701, 0x4791e701, 
    0x893afe21, 0x4a238483, 0x872211f7, 0x238b75fe, 0x01ed0623, 0x12d3414c, 0x478c3d20, 0x39019222, 0x250d5f43, 0xb3ff0100, 0x23834dfe, 0x00210034, 
    0x182d4030, 0x0103020c, 0x03000101, 0x00040100, 0x2e514c03, 0x03033606, 0x00004d57, 0x00620400, 0x04610404, 0x18112c4e, 0x0b052213, 0x09f45e1b, 
    0x2112c141, 0x025f1523, 0x14ca4107, 0x105f0720, 0x15d4410b, 0xc3fe7623, 0x06fb5600, 0xd205972d, 0x32002300, 0x0d182f40, 0x82030102, 0x0001239f, 
    0x9f820501, 0x03010425, 0x834d5603, 0x5fa084a5, 0x24230796, 0x5f191118, 0xf8560596, 0x23352106, 0x22075842, 0x89211121, 0x833320ac, 0x920326a3, 
    0x35462732, 0x07634229, 0x8ac8fe21, 0x880520af, 0x426520a5, 0x86420a6d, 0xf6ae210c, 0xf742a683, 0x401e2f0c, 0x0205111b, 0x4c010200, 0x02020103, 
    0xaf824d20, 0x00210023, 0x2e94824e, 0x1a070410, 0x1121212b, 0x0e373634, 0x82010702, 0x112c088c, 0x36070614, 0x21013736, 0xc8fe9205, 0x492e080c, 
    0x55fe2a46, 0x3801abfe, 0x5f30080b, 0x01d7012c, 0x42ad0254, 0x8f5d87e3, 0x54fd437e, 0x35277882, 0x756edd49, 0x420249af, 0x38280f93, 0x07010000, 
    0x1d01eb06, 0x28114b42, 0x92050000, 0x26029307, 0x23238401, 0x3d01940a, 0x5d202396, 0x06232387, 0x963101ed, 0x888f2023, 0x00902247, 0x102f4c75, 
    0xc0fe8724, 0x6b871d06, 0x85270021, 0x0701276b, 0xf003450b, 0x876d0000, 0x8387200e, 0xd2052397, 0x97830602, 0x21055744, 0x0f849205, 0x6f432c20, 
    0x5efe2805, 0x2406d407, 0x82012600, 0x2700250f, 0x1906c702, 0x2105bb45, 0x07820906, 0x5e000230, 0xcc05ecff, 0x0f00e605, 0x2d001b00, 0xad602a40, 
    0x01052509, 0x61000202, 0x3006434a, 0x00011011, 0x1b101517, 0x07091b11, 0x0f010f00, 0x0c9a5c06, 0x2205c26a, 0x6c363203, 0x153b0537, 0x15031614, 
    0xb7c5fec5, 0xc53b01b7, 0xb73a01c6, 0xc6c6feb7, 0xaed3d3ae, 0x6fd4d4ad, 0xb4310869, 0xf3f3a9fe, 0x01b4abfe, 0xf1f0fd0f, 0xeff0fffe, 0x092f6cfe, 
    0x8f07cc2e, 0x41012602, 0x07010000, 0x9800900a, 0x84101779, 0x850721b3, 0x06222387, 0x4f4d01ee, 0x0b3b6705, 0xc1ff5e26, 0x1006cc05, 0x00252385, 
    0x00410b07, 0x08ef889f, 0xa206d428, 0x2a001e00, 0xb04b6b00, 0x4058501e, 0x00030020, 0x04030604, 0x06060069, 0x01026101, 0x4d5c0101, 0x05050108, 
    0xac616100, 0x401b2206, 0x23228824, 0x4d560202, 0x00202784, 0x59382690, 0x1f201940, 0x24260001, 0x2a202a1f, 0x13141718, 0x070c0e11, 0x1e011e00, 
    0x330dfa5e, 0x1e323133, 0x35323302, 0x14152135, 0x12160706, 0x04021415, 0x2d153b41, 0x46330405, 0x1a5d714b, 0x5a6f0a01, 0x4541675a, 0x08062c13, 
    0xc4b61a06, 0x62045d66, 0x41b4e7fe, 0x075f0d4e, 0xcc052305, 0x27419707, 0x01eb2208, 0x10eb6b3f, 0x89054b41, 0x02ea2223, 0x23239f00, 0x3e01920a, 
    0x5d202396, 0xed226b88, 0x23965401, 0xdb419320, 0x01942108, 0x4105d754, 0xec200db7, 0xd921b38c, 0x059b4901, 0x8e0b837e, 0x930a21b3, 0xfe258f93, 
    0x05cc0551, 0x08ff41e6, 0x63026228, 0xffff0000, 0x17835e00, 0xa7860720, 0x0b270022, 0x01221784, 0xaf870607, 0x8e0b1f74, 0xec062267, 0x059f5100, 
    0xa7208b91, 0xff22d388, 0xf7954001, 0x88920821, 0x00ee2223, 0x10c37d9a, 0x23896b84, 0x01260b23, 0x16f74215, 0x47889820, 0xef019122, 0xed226ba0, 
    0x4795f101, 0x88d80821, 0x97f12047, 0xd308216b, 0x0b212387, 0x52238724, 0xb3850a77, 0x0b214788, 0x07f3415e, 0x8e0a275e, 0xbd0a2123, 0xfe212393, 
    0x09ab413a, 0x0a070125, 0x6ef10191, 0x8b41104b, 0x960a210e, 0x2f6bd787, 0x236b8e0a, 0x42012b0b, 0x0b21fb9f, 0x2023a22c, 0x2023982d, 0x081f41c6, 
    0x23932e20, 0x7f43d783, 0x27002107, 0x88053743, 0x15177edf, 0xd420c383, 0x45213384, 0x05ab4a00, 0x8b158f43, 0x17d74323, 0x2f41238a, 0x07d42218, 
    0x85c38285, 0x1447456b, 0xd422c382, 0x2387a206, 0x20169b41, 0x09b343c1, 0x45270021, 0x0122056b, 0x4b440607, 0x10534307, 0x02e60537, 0x00410106, 
    0x00ffff00, 0x06ecff4c, 0x00e605ea, 0x01410127, 0x0c1f511e, 0xb8010222, 0x820b4f6a, 0x05eb2227, 0x202784f1, 0x17ef5b1f, 0x07ecff23, 0x204b8600, 
    0x17e75b34, 0x08ecff23, 0x2123856e, 0x2384a202, 0x20054f6a, 0x0b4f6a02, 0x93202382, 0xc7202386, 0x8f0ad752, 0x86782023, 0x5bac2023, 0x478217cf, 
    0x23869620, 0xc75bca20, 0xb6fe2715, 0xcc05ecff, 0x8b431906, 0xfe8d2308, 0xa97dff8e, 0x4703200d, 0x16260aa3, 0x39001d00, 0xfd4f3640, 0x77032008, 
    0x34240520, 0x0401074d, 0x30062177, 0x184e0035, 0x1b000117, 0x181d171a, 0x1113151d, 0x05b14710, 0x77080821, 0x12310c25, 0x04021415, 0x26262101, 
    0x01062223, 0x21373632, 0x11b34716, 0x02befd31, 0x9bcb16f8, 0x6601cc9a, 0xfd16cb9b, 0x47cc1608, 0x032a10bd, 0xcacac061, 0xc0caeefc, 0xcb41cac0, 
    0x485e202a, 0x03420573, 0x470f8408, 0x052123f3, 0x203382e6, 0x0893646f, 0x0f8fcc20, 0x1f824384, 0x200a3748, 0x078b4403, 0x0002002f, 0x0700005e, 
    0x00d205b7, 0x001b0012, 0x05e17377, 0x0300212a, 0x03050400, 0x01066704, 0x2408996a, 0x05020709, 0x0a096e05, 0x06002d2f, 0x06020302, 0x07010972, 
    0x07050504, 0x20328372, 0x0dcb6a07, 0x60212f82, 0x05396e08, 0x1b40592c, 0x00011313, 0x1a131b13, 0x46181416, 0x07290896, 0x12011200, 0x2b160b0a, 
    0x07a97821, 0x3808d67b, 0x23110115, 0x14150622, 0x21033316, 0xb0c1fed4, 0xd73f01b1, 0x4cfd9004, 0x05e27b02, 0xc29f182d, 0xb6bddfe0, 0xe5e44e01, 
    0x6eb64f01, 0x01280607, 0xebc40307, 0x00ebf6f8, 0x02260082, 0x00008700, 0xd782e104, 0x15000c26, 0x28402b00, 0x01299f82, 0x67010302, 0x00040400, 
    0x2220825f, 0x51054d56, 0x152a0719, 0x000d0f13, 0x260c000c, 0x9a510621, 0x16322b05, 0x06141516, 0x11212306, 0x727b3311, 0xaa453e08, 0xf27f7dee, 
    0xdcf3feab, 0x8d86868c, 0x81d205db, 0xe19493e3, 0x0219fe7f, 0x71708edd, 0x0807518a, 0x9707e12d, 0x77012602, 0x07010000, 0x7001ea06, 0xbf700553, 
    0x2197830c, 0x23879807, 0x8808837b, 0x02002323, 0x23828d00, 0xbb82e720, 0x1d001037, 0x3a403d00, 0x03121c1d, 0x090c0304, 0x0b040102, 0x0102020a, 
    0x089d6303, 0x03030022, 0x2020cd84, 0x2131cd84, 0x00004e02, 0x1618191b, 0x10001000, 0x0706212a, 0x054d7c18, 0x0723cd83, 0x83270717, 0x170127d1, 
    0x26343536, 0xd9822323, 0x8d273723, 0x33d58302, 0x845f6c72, 0xfe5b4e70, 0x6d4001f4, 0xdb8c8640, 0x631f23dc, 0x8c36de84, 0x559440da, 0x19fe12ad, 
    0x42a9d003, 0xfe8a7172, 0x00990507, 0x3b760000, 0x82652005, 0x0015249f, 0x7662001e, 0x2132053b, 0x03040107, 0x72040305, 0x01000500, 0x67010502, 
    0x9b860106, 0x004d562a, 0x02570202, 0x22401b4e, 0x05212386, 0x26249880, 0x00114059, 0x821c1e00, 0x001529c2, 0x26112115, 0x1a0b0833, 0x4108a17b, 
    0x16760795, 0x417c2012, 0xfe25079d, 0x01893fcf, 0x05a341f9, 0x49290424, 0xa641abb5, 0xd5042507, 0xb4fe317b, 0x2005aa41, 0x05134c00, 0x05e10428, 
    0x010602d2, 0x0f830077, 0x00004b2c, 0xda059106, 0x77012700, 0x2745b001, 0x08f78213, 0x84ff5e28, 0xe605cc05, 0x24001300, 0x0c407400, 0x05021624, 
    0x020f1203, 0x4c020500, 0x500ab04b, 0x00224058, 0x05050403, 0x2b827203, 0x00860233, 0x61010404, 0x5c010100, 0x0505004d, 0x01066200, 0x05376a00, 
    0x24832320, 0x05030423, 0x32259a80, 0x01134059, 0x1d212300, 0x1114151b, 0x00070910, 0x7b130113, 0x122c0ed2, 0x07021415, 0x06272113, 0x36172103, 
    0x2209644c, 0x4c373233, 0x7d340d67, 0xe3fed76c, 0x01ef7c7b, 0x39356c05, 0xd4adaed3, 0x2d33add4, 0x2d0cb344, 0x62d3fec6, 0x3199f1fe, 0x3e8b1402, 
    0x774c7abb, 0x000b2a05, 0x00020000, 0x064dfe5e, 0x24ef8282, 0x002c0020, 0x0505659a, 0x011e1234, 0x010d0306, 0x01070502, 0x01080200, 0x4c040001, 
    0x1483401b, 0x148d0420, 0x2e855920, 0x0600222a, 0x07610306, 0x03030204, 0x26053f4c, 0x02006102, 0x824d5d02, 0x6201305e, 0x61010100, 0x401b4e01, 
    0x04010726, 0x844d5604, 0x9900202a, 0x59940828, 0x21221540, 0x26280000, 0x2c222c21, 0x20002000, 0x23242528, 0x2b1a0b09, 0x16141101, 0x37363233, 
    0x20230615, 0x06231111, 0x26222306, 0x34350226, 0x33363612, 0x33171632, 0x12320135, 0x23023435, 0x14150222, 0x39aa0512, 0x172c1646, 0x97fe5b40, 
    0x96d7370b, 0x5ca8e588, 0x87e4a95d, 0x0b37d598, 0xb5c18bfe, 0xc6aebbba, 0xf9d205c8, 0x042931b8, 0x0112d803, 0x6b54013d, 0x01d17489, 0x01a2a418, 
    0x8874cf16, 0x29fbdb67, 0xdddf1001, 0xf4fe1201, 0xfbfeeae3, 0x3708bf79, 0x00d20516, 0x0015000d, 0x08304033, 0x01040201, 0x0004004c, 0x02040102, 
    0x200af97f, 0xa04a1806, 0x154c0808, 0x000e1013, 0x110d000d, 0x0b072116, 0x11332b19, 0x15003221, 0x01070614, 0x11230121, 0x35203311, 0x23232634, 
    0xfe450287, 0x80881701, 0xaefe3d01, 0xdcf0e4fe, 0x8c871201, 0xfed205db, 0xd999dcf7, 0x02bbfd36, 0x03ecfd14, 0x7871e20b, 0x24092f69, 0x02970716, 
    0x05c55f26, 0x01ea0623, 0x10074b82, 0x22fe8723, 0x85a78205, 0x07002623, 0x9601e906, 0x060b4300, 0x3b8a0520, 0x00930a23, 0x213b91c0, 0x238b0000, 
    0xffec0623, 0x10474aed, 0x23848720, 0x5f85a720, 0x0a070124, 0x3f5c00ff, 0x0eff4405, 0x07160523, 0x22238898, 0x91710191, 0x3afe216b, 0x4782a789, 
    0x8c019122, 0x2010fb4a, 0x21238387, 0x47855d07, 0x0a270022, 0x01252384, 0x00ed0607, 0x204f82d6, 0x08027512, 0x6849b120, 0x05375607, 0x2b82578b, 
    0x578def20, 0x03003108, 0x93fe8b00, 0x0e071b05, 0x1d001700, 0x47002200, 0x01014440, 0x1a220305, 0x07050402, 0x0a040101, 0x04010001, 0x1516174c, 
    0x0c4a0303, 0x02490001, 0x00210f82, 0x26368286, 0x05030405, 0x82040067, 0x00572522, 0x5f010404, 0x012f2682, 0x2115224f, 0x06181411, 0x012b1c06, 
    0x41161607, 0x610806e0, 0x23132703, 0x21112111, 0x25371732, 0x13330337, 0x01232326, 0x27343536, 0xa633c003, 0x018088b2, 0xfeadfe3e, 0xc675c3ef, 
    0x02cefe88, 0x1e252845, 0x5f21c0fe, 0x292367c0, 0xb53801db, 0xe6a1065a, 0x99aff32c, 0xbbfd36d9, 0x95fcfe01, 0xfd6f0312, 0x03d205ec, 0xfb6c4e85, 
    0x05c601fd, 0xb9213dfe, 0x93423a84, 0x05ba2408, 0x821500d2, 0x40423ac7, 0x0401073f, 0x0b0e1101, 0x04020408, 0x01004c02, 0x01060406, 0x03058004, 
    0x200e8202, 0x252f8286, 0x07000607, 0x13820067, 0x0057063b, 0x5f040606, 0x04060400, 0x1121234f, 0x17121212, 0x1e060820, 0x0421132b, 0x2ac08304, 
    0x03333717, 0x07272101, 0x82271323, 0x014508c3, 0x34351621, 0x87212326, 0x0f013a02, 0x69810d01, 0xe2d57a55, 0xf3fe0501, 0xeddd7c7d, 0xfe9bfea7, 
    0x013101cf, 0x7974f303, 0xd205f7fe, 0x94d2fc01, 0xa7753ac7, 0x9bfec5fe, 0x4401adad, 0x03d6fde6, 0x61d60127, 0x24af8478, 0x05000012, 0x29af8236, 
    0x00190011, 0x010cb564, 0x916f0100, 0x061c2207, 0x27bc8201, 0x00010300, 0x07070067, 0x21066660, 0x736c0508, 0x401b2805, 0x04000021, 0x82570001, 
    0x04002424, 0x92040103, 0x40593923, 0x19000012, 0x00121417, 0x11110011, 0x11112116, 0x2b1b0b09, 0x35231133, 0x22157843, 0x439595a7, 0x8b26117a, 
    0xe52802dc, 0x7d43c502, 0x012a0812, 0xeaff5500, 0xe605e804, 0x3b002a00, 0x04003840, 0x04050105, 0x01008001, 0x02010502, 0x0505007e, 0x03006103, 
    0x004d5c03, 0x41180202, 0x2b080aaf, 0x191a1c1e, 0x06081416, 0x2a000304, 0x0b072a01, 0x20052b16, 0x16212724, 0x36323316, 0x27263435, 0x35262627, 
    0x33363634, 0x17161632, 0x0805924a, 0x16141558, 0x021e1717, 0x02041415, 0xfef3fea9, 0x290106bf, 0x7a7ba508, 0xa47a8795, 0xfd91d6bd, 0x8af6a5a2, 
    0x08d9fe02, 0x7f757289, 0x7d875f8f, 0xd1fe76ca, 0x71edf716, 0x4d556971, 0x2e291e52, 0xca87a2c5, 0x83c97170, 0x4b61625a, 0x21175253, 0x7dad6d1d, 
    0x0000f3cb, 0xbf85ffff, 0x02970726, 0x008d0126, 0x2005b748, 0x10a35389, 0x2389e384, 0x00920a23, 0x252391c8, 0xe8045efe, 0x4785e605, 0x0a070025, 
    0x9335019a, 0x930a215f, 0x22203b94, 0x06233b8b, 0x8a8901e9, 0x8598203b, 0x07012353, 0x5349910a, 0x4e012006, 0x55220ae3, 0x3b893afe, 0x7f202384, 
    0x8510af56, 0x85d720bf, 0x07002547, 0x3101270b, 0x08215f89, 0x251785c6, 0x200b0701, 0x7b54ab00, 0x205f8410, 0x21838607, 0x83822700, 0x8b885f82, 
    0x8415a35a, 0xe605286f, 0x8d010602, 0x42000000, 0x02300f23, 0x02010501, 0x05008005, 0x04050104, 0x0101007e, 0x4c072342, 0x5d2e07b1, 0x00014e00, 
    0x23252728, 0x11121517, 0x23420d0f, 0x3435250a, 0x37373636, 0x2407f247, 0x023e2107, 0x05b04a33, 0x06070723, 0xe0431806, 0x044b0808, 0xf0fe9402, 
    0xca76d1fe, 0x905f877d, 0x89727580, 0x02d9fe08, 0xa2a5f68a, 0xbdd691fd, 0x95877aa4, 0x08a57b7a, 0xfe062901, 0xcbf316bf, 0x1d6dad7d, 0x53521721, 
    0x5a62614b, 0x7071c983, 0xc5a287ca, 0x521e292e, 0x7169554d, 0x5cf7ed71, 0x7b3408e3, 0x1c00d205, 0x38403b00, 0x00040106, 0x03020717, 0x004c0204, 
    0x04240482, 0x00800203, 0x2608584b, 0x01020200, 0x5c05065f, 0x560808f5, 0x221c001c, 0x23282122, 0x2b1b0b07, 0x36341133, 0x01152133, 0x15161636, 
    0x23210414, 0x35323335, 0x35232334, 0x15222101, 0xe3f08711, 0x8efe9902, 0xfe81e495, 0xc9f6fed3, 0xb0ffffc9, 0x8dfe3901, 0xd324049b, 0x4ffeefdb, 
    0x8eb04414, 0xd0f4eed6, 0x8d01b1d4, 0x5ec2fb98, 0x05210503, 0x2493820c, 0x40210007, 0x7e84821e, 0x022009b9, 0x0806125f, 0x07000728, 0x05111111, 
    0x132b190b, 0x21152135, 0x4b112111, 0x39fec104, 0xd504cefe, 0x2bfbfdfd, 0x0000d504, 0x4b00ffff, 0x47835efe, 0x01260223, 0x22eb829b, 0x4f9a0a07, 
    0x4b260687, 0x0c050000, 0x17859707, 0x0a070125, 0x42d50093, 0x4b2210f3, 0x3b8b22fe, 0x01e90623, 0x84538592, 0x8898203b, 0x0191223b, 0x203b9286, 
    0x823b893a, 0x0191225f, 0x10b74288, 0x75fe4b22, 0x0623238b, 0x92eb00ed, 0x8c3d2023, 0x00922247, 0x0f8b59d8, 0x82690021, 0x057d268f, 0x000e00d2, 
    0x05b14b4e, 0x0105192a, 0x01020104, 0x01037204, 0x220e3741, 0x861a401b, 0x8002211b, 0x592d1c90, 0x00000d40, 0x0e000e00, 0x23111121, 0x089d4b06, 
    0x11211522, 0x3605964b, 0x03d7cb69, 0xfe39fe72, 0x048981ce, 0xabb54929, 0x042bfbfd, 0x82317bd5, 0x01012233, 0x208382cf, 0x2f83820b, 0x40260007, 
    0x01020023, 0x00008602, 0x57000101, 0x5f271c83, 0x01020304, 0x824f0100, 0x06b4410b, 0x2b190623, 0x06b44101, 0x03cf0123, 0x0cb5413c, 0x4b000124, 
    0xf3834dfe, 0x00100026, 0x0e324035, 0x0f25ca82, 0x02040001, 0x0a89664c, 0x04002208, 0x05610004, 0x61000001, 0x00014e00, 0x07080b0d, 0x03040506, 
    0x10011000, 0x2b160b06, 0x11112001, 0x085e8421, 0x33161424, 0x06153732, 0x95fe7e03, 0xc10438fe, 0x463939fe, 0xfe403227, 0x053d014d, 0xfafdfd4b, 
    0x072830b9, 0x968212de, 0x4b000128, 0x0c052fff, 0x7382a306, 0x0fb76130, 0x0503010c, 0x4b4c0100, 0x58500cb0, 0xcd821e40, 0x70020129, 0x05060107, 
    0x82048606, 0x083f7d73, 0x57050527, 0x401b4e05, 0x2120821d, 0x1f978502, 0x0f405922, 0x10246082, 0x11121000, 0x12260082, 0x2b1c0b08, 0x9e830117, 
    0x07333726, 0x03211533, 0x21080a82, 0x4201d103, 0x610338fe, 0xd75a895a, 0xfe83bcfe, 0x02d1bbce, 0xfdb902ed, 0xfefdd1d1, 0xe15bfcd0, 0x41824efe, 
    0x00ffff2d, 0x0500004b, 0x02d2050c, 0x849b0106, 0xff872db3, 0x055505eb, 0x001300d2, 0x03214024, 0x5805a36c, 0x012b0ac4, 0x0b0e0f00, 0x00050609, 
    0x63130113, 0x26230608, 0x4b211135, 0x08840551, 0x04062508, 0xfebaee02, 0x310199ec, 0xa98c8da9, 0xfe9b3201, 0xf58815ec, 0xfcc703a3, 0xa9a98252, 
    0xfcae0382, 0x88f5a339, 0x06346b87, 0x00a20602, 0x4031001b, 0x0201172e, 0x004c0101, 0x85040104, 0x0522768a, 0x7f630001, 0x12132205, 0x22788510, 
    0x591b011b, 0x788b0639, 0x21080b58, 0x808d1411, 0x011abb25, 0x904f5e0a, 0xb61a2784, 0x0a655ec4, 0x8a85fafc, 0x00ffff22, 0x0726f784, 0x01260297, 
    0xbf5a00a8, 0x43172005, 0x238f107f, 0xd801ea22, 0x0a23239f, 0x96160192, 0x878f2023, 0x900a236b, 0x43467000, 0x206b8510, 0x228f8885, 0x96eb00ee, 
    0x885d2047, 0x01ed2223, 0x2023962c, 0x206b8893, 0x12237994, 0xf2206b85, 0x00272385, 0x01f90a07, 0x41000078, 0xd9221213, 0xa791df00, 0x0551fe25, 
    0x87d20555, 0x630b233b, 0x3b93ec01, 0x41930a21, 0x08211707, 0x229b8892, 0x697200ee, 0x9b841097, 0x88d80821, 0xa2eb2023, 0xa2f22023, 0x97ef2023, 
    0x0a034223, 0x4300ec22, 0xff25ef91, 0x075505eb, 0x228f88a7, 0x411801ff, 0xfe211173, 0x09134142, 0x0a070125, 0x45700090, 0x02200583, 0x09a35518, 
    0x4cfe8722, 0x0623238b, 0x45ee00ee, 0x872210a7, 0x478c3dfe, 0x1a019222, 0x410da745, 0x1f4107a3, 0x00f1220a, 0x21b395ee, 0xb388d408, 0x2742f020, 
    0x0a875807, 0x3afe8722, 0x91226b8c, 0x8f91c901, 0x2343fb84, 0x960a2308, 0xfb91c901, 0x06ebff24, 0x23830702, 0x4a00a921, 0x2343051b, 0x21238c14, 
    0x6b4301eb, 0x9a238b14, 0x8285206b, 0x436b85d7, 0xfe251423, 0x0602063a, 0x202387a2, 0x23d7900a, 0xf7ff0200, 0x1a38b382, 0x1600d205, 0x35001f00, 
    0x070a3240, 0x08030305, 0x09000202, 0x06670003, 0x2f056b50, 0x61010909, 0x5d010100, 0x00004e01, 0x17181b1d, 0x16212b82, 0x33008211, 0x0b112414, 
    0x012b1d0b, 0x14152315, 0x22230406, 0x35352624, 0x080c6077, 0x33161430, 0x06353632, 0xfe9aa41a, 0xfeb9b8eb, 0xb1b199eb, 0x6a023201, 0xcefe3201, 
    0x8ca996fd, 0x5003a88d, 0xf5a397ae, 0xa3f58888, 0x8202ae97, 0x03837efd, 0x827eae25, 0x1882a9a9, 0x2111ab51, 0xc2620106, 0x09a96509, 0x000c3808, 
    0x0411180c, 0x212b180b, 0x16132101, 0x12361712, 0x01211337, 0xf6fd3b02, 0x24ee5301, 0x45262648, 0x5101e622, 0xd20502fe, 0xfe7031fd, 0x019897fa, 
    0xcf027104, 0x18002efa, 0x290c8b5a, 0x0000c801, 0xee060701, 0xd341fa00, 0xfe312810, 0x05c8053a, 0x852602d2, 0x780a2023, 0x003810ef, 0x00310001, 
    0x051c0800, 0x001e00d2, 0x1a244027, 0x0303060f, 0x024c0100, 0x0024af82, 0x04054d56, 0x2908f079, 0x111e001e, 0x06111818, 0xad851a0b, 0x36171623, 
    0x21ad8236, 0x08861613, 0x21012f08, 0x27262603, 0x03070606, 0x70fec101, 0x17ad4d01, 0x2a141227, 0x3d01b619, 0x142a19b5, 0xad172712, 0x6ffe4e01, 
    0x14c6a4fe, 0x1e0e1020, 0xd382c516, 0x67232008, 0xea7373ea, 0xfddd0267, 0x72e86623, 0x0266e872, 0x022efadd, 0x60b351fa, 0xfd54b35d, 0x85ffff06, 
    0x9707219b, 0xcb20bf82, 0x0a23e383, 0x914f0292, 0x89bf83e3, 0xeb062323, 0x23a05002, 0x6d03ea21, 0x31201197, 0x8f204784, 0x90226b88, 0x8f43a901, 
    0x20238510, 0x21238898, 0x9f5a0391, 0x0ba34c05, 0x3afe3126, 0xd2051c08, 0x0220238a, 0x340d8f43, 0x33000100, 0xb5050000, 0x1700d205, 0x23402600, 
    0x01070d13, 0x091e4204, 0x2e0ae164, 0x12170017, 0x0b051218, 0x01332b19, 0x41172101, 0x3721056a, 0x410b8221, 0x3d08076b, 0xfe170233, 0xa3620119, 
    0x1e1d3e34, 0x01a63440, 0x021dfe5a, 0xcf96fe0f, 0x1d1d3734, 0x02d63538, 0xfad802fa, 0x3c3d7d50, 0xfdfa507e, 0x01fdfc31, 0x37644f38, 0xfe4f6536, 
    0x000000c8, 0x8785ffff, 0xcf830720, 0x0000d228, 0x910a0701, 0x3b41cd01, 0x21ab8410, 0xcf828f07, 0xb3612385, 0xfe332413, 0x820906c0, 0x012621cf, 
    0x00252382, 0x04460b07, 0x235f8550, 0x1a0650fe, 0x4821178a, 0x871f8203, 0xd2052377, 0x2f840602, 0x31000132, 0xa8050000, 0x0e00d205, 0x20402300, 
    0x0301070d, 0x2c132d43, 0x180e000e, 0x180b0412, 0x0111212b, 0x09774221, 0x02113a08, 0x01d8fd59, 0x2f1cfc65, 0x1b2d1516, 0xfd6401f4, 0x033002e1, 
    0x3330fea2, 0x633b3a63, 0xfcd00132, 0x00d0fd5e, 0x00360001, 0x05280600, 0x001000e5, 0x100a403b, 0x0208090d, 0x61658305, 0x0c240505, 0x00000101, 
    0x2009c056, 0x05cd5510, 0x592f1289, 0x101517b5, 0x2b190b03, 0x33012113, 0x69023e01, 0x2a0805cf, 0x36112111, 0x81014e01, 0x3e150111, 0x445bbca8, 
    0xfe2b5a48, 0x05d1fe8e, 0x017afdd2, 0x046066cf, 0x2518e823, 0xfdb8fd43, 0x414202be, 0xe784056f, 0x02970726, 0x00d80126, 0x20056345, 0x106f41d7, 
    0x0a21238e, 0x067b5e92, 0x250c6342, 0xa8050000, 0x47878f07, 0x00900a23, 0x13ab426f, 0x5d202382, 0xed226b88, 0x6b962b01, 0x47889820, 0x18019121, 
    0x8e11034b, 0xeb06218f, 0x26120f48, 0x053afe31, 0x8ad205a8, 0x42cb2047, 0xcb430df3, 0x888f8205, 0x960a22fb, 0x11575001, 0x85206b85, 0xee22b388, 
    0xb38dea00, 0x00020023, 0x22fb8211, 0x82d205b1, 0x00182d07, 0x16334036, 0x01030306, 0x094c0100, 0x2307fb45, 0x68000301, 0x2006fb45, 0x058e6b01, 
    0x0f521320, 0x11113705, 0x11121211, 0x2b1d0b0a, 0x01211501, 0x01112111, 0x03333521, 0x01821321, 0x05033608, 0x17161623, 0xb1053636, 0xf2fee6fe, 
    0xeefed0fe, 0xb8d8cafe, 0x01a96501, 0x6401a362, 0xba5bfeb5, 0x15162d1c, 0x9e9c042c, 0xd0fd32fe, 0xce013002, 0xfe36019e, 0x250383ca, 0x3961329e, 
    0xdf87613a, 0x02d2052f, 0x00d80106, 0x00ffff00, 0x0700004c, 0x24a7827e, 0x01d80127, 0x0cdb5dd6, 0xdb5d0120, 0x41f3850c, 0x5b181dcb, 0x4b8208cb, 
    0xb370ec20, 0x27092419, 0x8200da05, 0x7f03216f, 0x8f792384, 0x5d012005, 0x00230bdb, 0x862a0900, 0x70822023, 0x0823196b, 0x832e075e, 0xb6022147, 
    0x4315e77a, 0x072105af, 0x08ef4193, 0xa3689420, 0x42d78512, 0xfe271c7f, 0x06000094, 0x8319063e, 0x9600216b, 0x07246b82, 0x6cfe8d0a, 0x41154770, 
    0xfe21254b, 0x09874251, 0x0a070026, 0x009f019b, 0x00375682, 0x04000070, 0x00d205e0, 0x402f0015, 0x00010c2c, 0x03010101, 0x834c0202, 0x7f51181b, 
    0x5f032308, 0x40180104, 0x4a0807dd, 0x45150015, 0x0b054511, 0x35332b19, 0x37363601, 0x21230606, 0x01152135, 0x36070606, 0x15213336, 0x255c0273, 
    0x8f472c54, 0x0419fe47, 0x27affd6d, 0x964c2f5a, 0xb7d6014c, 0x67335503, 0xfd010333, 0x37bafcb8, 0x0104376e, 0x85fffffd, 0x9707257b, 0xf0012602, 
    0x2006f343, 0x0dd34295, 0x98202388, 0x0a232387, 0x96850191, 0x23478823, 0xd400930a, 0x922023a0, 0xfe252393, 0x05e0043a, 0x206b8ad2, 0x10ab4381, 
    0x75fe7022, 0x0623238b, 0x8de500ed, 0x01002523, 0x4dfe7000, 0x002f2383, 0x403d0020, 0x0201143a, 0x01010903, 0x82010104, 0x05012919, 0x004c0400, 
    0x5f030202, 0x57058e71, 0x01200526, 0x230c5e69, 0x45114522, 0x200d5e69, 0x13694121, 0x2110112b, 0x32db0222, 0xfc354627, 0x157341c4, 0x41095d69, 
    0xfe26107d, 0x00c3fe8d, 0x5f410000, 0x25f38707, 0x720b0700, 0x178cc200, 0xf0010622, 0x012f2882, 0x4cfe7100, 0xd205eb04, 0x42001a00, 0x820e3f40, 
    0x090f25d3, 0x17020102, 0x1823d782, 0x8c040001, 0x830120d4, 0x0c7850cf, 0x14167508, 0x0a0b0c0d, 0x1a000608, 0x0b061a01, 0x22012b16, 0x2323042e, 
    0x35210135, 0x1e011521, 0x37323304, 0x04060615, 0x7c915c4c, 0x669f8477, 0xfde50271, 0xfd66041a, 0x77915c0b, 0x4e3e6b6b, 0xfe4d1f43, 0x70633f4c, 
    0x04ab3f63, 0xfbabf92e, 0x70621db2, 0xf1154064, 0x0200110d, 0xeaff4400, 0x6c042504, 0x2d001f00, 0xb04b7a00, 0x40585017, 0x1112240c, 0x1c010403, 
    0x02229782, 0x0e891b4c, 0x02040324, 0x2285594c, 0x0100182c, 0x00610201, 0x4d5f0202, 0xaa830106, 0x18050321, 0x2007ac45, 0x231a891c, 0x57030300, 
    0xb34f1f86, 0x40593506, 0x01202115, 0x212d2000, 0x161a1b2d, 0x000d0f14, 0x071f011f, 0x052ad182, 0x34352622, 0x36373636, 0xec683536, 0x25073005, 
    0x32332436, 0x11151616, 0x06233521, 0x82322706, 0x0e560818, 0x06060702, 0x01161415, 0x78d4a0b8, 0x7f906ec0, 0x6a57545b, 0x2bedfe12, 0x78bb0101, 
    0xe4fe89d9, 0x27a2290a, 0x51128569, 0x6653215a, 0xa6a9165f, 0x0a428e7d, 0x05371f0e, 0x364b4e47, 0x4ca0912e, 0x0ffd88a7, 0xd3634e9b, 0x0d79597a, 
    0x0c040f13, 0x43414346, 0x0341ffff, 0x23062b05, 0xfb012602, 0x07000000, 0xf369ea06, 0xff442606, 0x062504ea, 0x2517871f, 0x9700940a, 0x2f870000, 
    0x87640721, 0x280b2317, 0x17859900, 0x8a3afe21, 0x8527202f, 0x0701262f, 0x2101910a, 0xff5a18f9, 0x8a5b840f, 0x87292043, 0x8a738343, 0x8c542017, 
    0x88512017, 0x8b2a2073, 0x23bb8817, 0x76930a06, 0xd390c282, 0x920a0622, 0x5520178a, 0x06235f88, 0x86792b0b, 0x41bb842f, 0x26200703, 0xb9932f83, 
    0x0622ff92, 0x43872c0b, 0x0622bb8c, 0x178c2d0b, 0xbb865220, 0x2e0b0622, 0xbb89178b, 0xa3ec0622, 0x1b20bb8b, 0x0a222f87, 0x178ad090, 0x881e0721, 
    0xd2ee2117, 0x0621178a, 0x08a74124, 0x27019122, 0x21098f41, 0x17856c04, 0x6518cd8a, 0x87410b17, 0x24538705, 0x01ed0a07, 0x8ae38929, 0x77eb219b, 
    0x22135741, 0x8c960a07, 0x8833202f, 0x5dff209b, 0x5f840653, 0x42e90521, 0xed22085b, 0x5f858c00, 0x0456fe23, 0x259b8757, 0x640b0700, 0x778a3b02, 
    0xcb88ad20, 0xb601b022, 0x95211794, 0x050b4800, 0x07215f84, 0x081742bf, 0x17872220, 0x06205f83, 0x27214787, 0x8b2f840a, 0xedfd2367, 0x7f892504, 
    0x003a0a23, 0x20678ae3, 0x234f8611, 0x4bee0606, 0x0029f782, 0xff800002, 0x046004f2, 0x0c274474, 0x04011c2e, 0x11122400, 0x02040103, 0x0c401b4c, 
    0x03200e82, 0x27440e87, 0x0a1d4407, 0x444d5f21, 0x5d290719, 0x401b4e02, 0x0303001c, 0x0a1d4459, 0x27441e8c, 0x32012a18, 0x06141516, 0x06060706, 
    0x06a75815, 0x0406052f, 0x26262223, 0x15211135, 0x17363633, 0x21188222, 0xdb58023e, 0xed022405, 0x4477d3a0, 0x11320727, 0xfe2a1301, 0xd978bbff, 
    0x0a1c0189, 0x6927a229, 0x27441386, 0x74042105, 0x270d2844, 0x4ca0922d, 0xf10288a7, 0x410f2844, 0x04230aff, 0x7406026c, 0x2344069f, 0x4206201c, 
    0x00220ec3, 0x2f820003, 0xfb062708, 0x2d006c04, 0x3f003800, 0xb04bb300, 0x40585022, 0x02011514, 0x020f1003, 0x24250201, 0x2b050602, 0x04060001, 
    0x16921b4c, 0x4c040923, 0x3e328559, 0x01010a24, 0x06050108, 0x0b670501, 0x03020201, 0x03010461, 0x094d5f03, 0x00060601, 0x450c0761, 0x2f20078d, 
    0x00202695, 0x4d232589, 0x89090900, 0x40593f31, 0x3e00011f, 0x36393a3c, 0x292e3034, 0x1e202227, 0x1417191d, 0x080b0d12, 0x012d0006, 0xaa450d2d, 
    0x33332109, 0x200ba845, 0x05665c17, 0x5c151521, 0x3720057d, 0x25059541, 0x13060627, 0x515a2223, 0x67352006, 0xc82a0716, 0xe48dd8ac, 0x545cc382, 
    0xbc456b56, 0xe1320806, 0x6daf4167, 0xfd8ced92, 0x708e0503, 0x0119724f, 0xfbfe2216, 0x40d38acd, 0xacb2e137, 0x4a5f7a70, 0x06018469, 0x7a06da01, 
    0x167e6b68, 0x9d7fa6a9, 0xd2455c48, 0x3d803e06, 0xbffc7c43, 0x43898c54, 0xb9981541, 0x5d55545e, 0x4358f701, 0x597a4445, 0x816c0d01, 0x08b34186, 
    0x05fb0627, 0x022602e9, 0x2410821f, 0x01ed0607, 0x07eb42d2, 0x06fb0623, 0x22178823, 0x897e02ea, 0x6c042317, 0x2f840602, 0x5100023a, 0x8b04edff, 
    0x16006c04, 0xb7002200, 0x501ab04b, 0x0c0a4058, 0x12010501, 0x22052147, 0x8924b04b, 0x04032411, 0x841b4c02, 0x1202221e, 0x210c8301, 0x31855959, 
    0x0500192b, 0x02610105, 0x5f010101, 0x0555684d, 0x41060321, 0x408506a5, 0x208a1d20, 0x03030023, 0x63258657, 0x212508f3, 0x59020200, 0x2024844d, 
    0x91448300, 0x59593823, 0x17181740, 0x1c1e0001, 0x22182217, 0x0e0f1011, 0x16000709, 0x41081601, 0x022305b5, 0x5e123435, 0x332a050c, 0x21112135, 
    0x020e2335, 0xf6633237, 0x023c0809, 0x79ce8018, 0x5e7ccf7d, 0x0b144d7e, 0xd7fe2a01, 0x7e4f150c, 0x7c7d7302, 0x7c7b7674, 0x01018513, 0x0001bfba, 
    0x2c5e4080, 0xb3a2fbbc, 0xf13d5c2d, 0xb69898b8, 0xbc9494ba, 0xffff0000, 0x26052341, 0x26022306, 0x47002302, 0x4f680543, 0xff512605, 0x068b04ed, 
    0x2317871f, 0xcf00940a, 0x07212f89, 0x23178764, 0xd100280b, 0xfe211785, 0x202f8a3a, 0x252f8527, 0x910a0701, 0x43475801, 0x8a5b8410, 0x87292043, 
    0x8a738343, 0x8c542017, 0x88512017, 0x8b2a2073, 0x23bb8917, 0xae00930a, 0x0a21d393, 0x20178a92, 0x225f8a8d, 0x8ab1002b, 0x070341bb, 0x2f852720, 
    0x2c20bba6, 0xbb8e4387, 0x178c2d20, 0xbb885220, 0x178b2e20, 0x0624bb88, 0x00daec06, 0x1b20bb8a, 0x06232f86, 0x8a07900a, 0x1e072117, 0xee211788, 
    0x21178a0a, 0xa7412406, 0x01912208, 0x21d3895f, 0x17856c04, 0x4347cb8a, 0x0587410b, 0x07245387, 0x6001ed0a, 0x23133f41, 0xaf00eb06, 0x0a211793, 
    0x202f8c96, 0x20838833, 0x212f8bff, 0x5b42e905, 0x00ed2208, 0x234785c3, 0xbd0456fe, 0x00259b87, 0x02640b07, 0x205f8aa1, 0x224788ad, 0x94ed01b0, 
    0x01952217, 0x2117890f, 0x5b41bf07, 0x87222008, 0xedfd2317, 0x5f898b04, 0x013a0a23, 0x212f891a, 0x8f881106, 0x8200ee34, 0x02000000, 0xedff8000, 
    0xd205b904, 0x22001600, 0xf5438200, 0x0a0a2505, 0x04030501, 0x20052744, 0x200c8640, 0x05474b01, 0x58501a2b, 0x02001d40, 0x004d5602, 0x05df6105, 
    0x20071844, 0x07184401, 0x8e214021, 0x0100221f, 0x0e174401, 0x250cf243, 0x08090e10, 0xf2430607, 0x2726330a, 0x11211523, 0x3e331121, 0x16323302, 
    0x02141512, 0xf2432706, 0xf23e080b, 0x154f7e5b, 0x01d9fe0e, 0x4d14092c, 0xce7c5f7f, 0xddce787b, 0x767a7b75, 0x137e7d74, 0xb32d5b3e, 0xd0fdd205, 
    0x80405e2c, 0xbabf00ff, 0xf185fffe, 0xbb9394bc, 0xb89898b6, 0xffff0000, 0xef850100, 0x02260238, 0x01000042, 0xff6b0b07, 0x002f027b, 0x0102b109, 
    0xb02f02b8, 0x13412b35, 0x0018240b, 0x458e0024, 0x0625083b, 0x00010404, 0x06294505, 0x01200c83, 0x28450c82, 0x00222306, 0xa1630303, 0x06002906, 
    0x00610406, 0x4d5f0404, 0x21053774, 0x31450701, 0x26402106, 0x00232493, 0x74570101, 0x59380d61, 0x191a1940, 0x1e200001, 0x241a2419, 0x0a0b1012, 
    0x06070809, 0x18011800, 0x20053a74, 0x061f4126, 0x21411520, 0x62032321, 0x2341cafd, 0xfee42218, 0x152441b4, 0x28051342, 0x00e005b6, 0x002d0021, 
    0x2aff859e, 0x03010d12, 0x04010e02, 0x41011503, 0x04230507, 0x8e401b4c, 0x05012314, 0x0f414c04, 0x0061250b, 0x4d5c0202, 0x20070f41, 0x150f4159, 
    0x0f41248f, 0x22233514, 0x27290001, 0x2d232d22, 0x1012191b, 0x06070a0c, 0x21012100, 0x230c0f41, 0x32333634, 0x08346518, 0x22053a42, 0x4d141516, 
    0x34210584, 0x05d04726, 0xee024508, 0x154f7d5c, 0xbbdefe0f, 0x17405bb3, 0x3e46152d, 0x7e4d1405, 0x7cce7d5f, 0x77dbce79, 0x75787b7c, 0x3e137f7e, 
    0x04b22c5b, 0x11a09ca4, 0x2a0403d8, 0x2bf5fe30, 0xfc7f3f5c, 0x85ffb8bb, 0x9293bcee, 0x9797b6bb, 0x26054742, 0x04edff80, 0x42de06b9, 0x0a3b0747, 
    0x00d40191, 0xb10800ba, 0xbab00102, 0x002b35b0, 0x00ffff00, 0x043afe80, 0x8ad205b9, 0x67742023, 0x23840d77, 0x238b7520, 0x00ed0623, 0x21238dd8, 
    0x47820200, 0xa3435e20, 0x40452208, 0x099e4342, 0x6f0e6943, 0x5d2709f8, 0x0101004d, 0x474e015b, 0x66430959, 0x43112013, 0x09222066, 0x6643d4fe, 
    0xabfd2317, 0x67437407, 0x01003817, 0xeaff5100, 0x6c046704, 0x31001b00, 0x18192e40, 0x03040b0c, 0x824c0102, 0x610121b0, 0x22070948, 0x5f046100, 
    0x16210715, 0x259f8214, 0x011b0007, 0xf747051b, 0x1704230c, 0xbc412605, 0x336e0806, 0x05373632, 0x74020406, 0x8585f5a9, 0x01c7a9f5, 0xe9fe200a, 
    0x78576d13, 0x57787c7c, 0x17011270, 0x16f6fe20, 0xac030191, 0x910401ad, 0x5734adc7, 0x9698bd65, 0x335a69bf, 0x0000cbb1, 0xfe510002, 0x0567045e, 
    0x002000d2, 0x40440028, 0x05010d41, 0x13191a00, 0x02051011, 0x03010105, 0x004c0302, 0x4d560101, 0x00050500, 0x00000061, 0xa9824d5f, 0x00610331, 
    0x4d5d0303, 0x04040106, 0x004e045b, 0x82232500, 0x25202b3d, 0x07271229, 0x132b1a0b, 0x9c482613, 0x13172506, 0x16160333, 0x2722a982, 0xa5861603, 
    0x27222323, 0x28208203, 0x15062223, 0x8f96e914, 0x2eb0829f, 0x897c3b40, 0x1582648a, 0x2910e9fe, 0x871917ce, 0x40c931b2, 0xcd65893b, 0x7c781615, 
    0xbd015efe, 0xbc130140, 0x0b2dbf83, 0x69fe7101, 0x3471a52d, 0x9efd2f4a, 0x2bc48405, 0x0269fe0b, 0x046002be, 0x00b498bd, 0x3d065f41, 0x002005d1, 
    0x4049002a, 0x01011046, 0x03010a02, 0x04011101, 0x1b272803, 0x0405041a, 0xf4824c04, 0x02040325, 0x6d006903, 0xd382068f, 0x9b49dd83, 0x82012006, 
    0x1d1f27ce, 0x0c0e1315, 0x65650709, 0x88222008, 0x363628d2, 0x17163233, 0x82262607, 0x171721c2, 0x8641dc83, 0x5a693115, 0x20959002, 0x1604173c, 
    0x2438132c, 0x060b2810, 0x2c199441, 0x06656d1e, 0x0404df04, 0x209d3731, 0x0c9f4122, 0x41ffff21, 0x0430059f, 0x0226026c, 0x0000004a, 0x019a0a07, 
    0xff000007, 0xff251782, 0x066704ea, 0x23178723, 0x5e01ea06, 0x0a231793, 0x8a9d0092, 0x88242017, 0x01912247, 0x202f944e, 0x212f8793, 0x5f8a5efe, 
    0x77852720, 0x8d070021, 0x20978267, 0x87978306, 0x200f878f, 0x06674b00, 0x4b0e3f47, 0x40200a67, 0x2006744b, 0x123f4703, 0x4b060943, 0x3f470e58, 
    0x09294309, 0x4b1b3f47, 0x11201b32, 0x3b13324b, 0x79ce8119, 0x5f7cce7c, 0x0a144d7e, 0xd9fe2c01, 0x7e4e150f, 0x7d7e7201, 0x7b7a7673, 0x2e0b324b, 
    0x2efa3002, 0x3e5b2db3, 0x9898b8f1, 0x4b93bbb6, 0x052f0933, 0x02d20509, 0x00550226, 0x0b070100, 0x47b4016b, 0x2008103f, 0x054dfe51, 0x00d2055f, 
    0x002e0022, 0x14514054, 0x03020601, 0x20050101, 0x21010401, 0x04040001, 0x0508554c, 0x02060622, 0x23058e53, 0x05050108, 0x5d21ec84, 0x081d824d, 
    0x07620020, 0x61000001, 0x23244e00, 0x282a0001, 0x2e242e23, 0x16171c1e, 0x07090f11, 0x22012200, 0xc4640b09, 0x0e232305, 0xaf422302, 0x16162308, 
    0xec823317, 0x5f4f2320, 0x06152206, 0x0a314801, 0xfec50424, 0xe4820999, 0xf88c5b20, 0x47390428, 0x40172c15, 0xfa8656fd, 0x014dfe25, 0x8229013d, 
    0x0a354cef, 0xfa300224, 0x116f762e, 0x91022105, 0x20090641, 0x05f74100, 0x47680521, 0x13340e23, 0x14020301, 0x0c030101, 0x1d010601, 0x04050001, 
    0x12401b4c, 0x0420148d, 0x84172347, 0x073348ff, 0x33480420, 0x0823470d, 0x00222486, 0x33480404, 0x09234711, 0x181b1c27, 0x09101216, 0x0a234707, 
    0x200a464d, 0x0c294711, 0x291c514d, 0x5bb3bb09, 0x162c1740, 0x584d3e46, 0x02012119, 0x21072a47, 0x614d5cfb, 0x091b430d, 0x210e4749, 0x47491401, 
    0x200c820a, 0x0b474904, 0x27570220, 0x06062108, 0x92181341, 0x14134124, 0x21094749, 0x27431213, 0x09474906, 0x200b1341, 0x145c4e21, 0x230b2943, 
    0x6303c9fd, 0x22192b43, 0x43e44c01, 0x033f102c, 0x5efe5100, 0xd2055806, 0x2f002300, 0x65003b00, 0x01186240, 0x01070206, 0x011c0504, 0x83300401, 
    0x0405270a, 0x07000303, 0x3c6d4c05, 0x03032408, 0x43004d56, 0x09200818, 0x080a1843, 0x0007072e, 0x00010862, 0x4e005b00, 0x00012425, 0x292b3335, 
    0x2f252f24, 0x1a1b1d1f, 0x0b0d1315, 0x23012300, 0x2b160b0a, 0x27262201, 0x35252707, 0x25131e43, 0x16323336, 0x1b431415, 0x4301200c, 0x352e0531, 
    0x26272634, 0xad85ee04, 0x018db12d, 0x2c43060a, 0x2d2d2610, 0xfcbcc9aa, 0x062a43d9, 0x40870230, 0x30352a2d, 0x5efe3331, 0xaf914951, 0x3543c7d6, 
    0x08b12710, 0x897b81a8, 0x33438002, 0xfe200807, 0x383725ce, 0x3024252e, 0xffff0404, 0xedff5100, 0x1d06ef05, 0x55022600, 0x07000000, 0x6a042f0b, 
    0x200aa34c, 0x075b44de, 0x00910a23, 0x105349eb, 0x3afe5124, 0x7f448b04, 0x910a2309, 0x2f494d01, 0x82ff200d, 0x75fe215f, 0x0623238b, 0x92b100ed, 
    0x89222023, 0x07002523, 0x5701e906, 0xfe218385, 0x245f8c3d, 0xf99e0092, 0x8f6a1849, 0x23bf820e, 0xd2052809, 0x0323bf87, 0x820b05fe, 0x830220c7, 
    0xaf0821d7, 0x3805f744, 0xb04b6901, 0x40585019, 0x02181e0c, 0x01070300, 0x02060102, 0xb04b1b4c, 0x20138c1c, 0x20138408, 0x20138624, 0x83278409, 
    0x21368413, 0x36830509, 0x59210e82, 0x06557459, 0x00212108, 0x4d560404, 0x00000109, 0x01056103, 0x4d5f0303, 0x0602080b, 0x0a5f0106, 0x01030207, 
    0x4e015701, 0x1a206182, 0x2d204d82, 0x00202890, 0x4d24268a, 0x0808010b, 0x9683348d, 0x34982920, 0x33845a82, 0x00610226, 0x025d0202, 0xb3836583, 
    0x30843320, 0x09090022, 0x00208d87, 0x6f879889, 0x40213a90, 0x20358931, 0x82c28300, 0x5f052634, 0x59050500, 0x8233974d, 0x405925ff, 0x00232418, 
    0x31060d46, 0x22002200, 0x26151122, 0x0c221125, 0x212b1d0b, 0xbd430135, 0x10104607, 0x01152126, 0x25152115, 0x250a0c46, 0x2b020c05, 0xc94354fd, 
    0x0e104605, 0xf5fd1126, 0xc6f91e02, 0x2606e442, 0x09b202b4, 0x42b391fc, 0xfe270fda, 0x5efdc48c, 0x46deef09, 0xcf42080d, 0x28092305, 0x0f422306, 
    0x42272006, 0x0724060f, 0x7a05930a, 0x08051742, 0x074efe23, 0x00d205c4, 0x01420036, 0x13b04b86, 0x10405850, 0x02022228, 0x020b2905, 0x01110201, 
    0x4c030a03, 0x0550531b, 0x0b201783, 0x2a84178c, 0x8a070b21, 0x5959212a, 0x39384385, 0x0a020100, 0x800a0102, 0x0309010c, 0x00090300, 0x06060080, 
    0x010b4d56, 0x612a5982, 0x05050107, 0x010d4d5f, 0x66550a0a, 0x4d572105, 0x08268a82, 0x08080061, 0x26420861, 0x95432007, 0x0b002340, 0x3f86050b, 
    0x4aa30020, 0xcf822420, 0x4a8a4720, 0x04000422, 0x4a958b87, 0x03030023, 0x259a8457, 0x04006104, 0x998c5d04, 0x9a454021, 0x83002049, 0x269382d3, 
    0x07005f07, 0x9a4d5907, 0x59593347, 0x381a4059, 0x3e000037, 0x3842373c, 0x00360042, 0x32422a36, 0x22242905, 0x2b1f0b0e, 0x33161605, 0x20051542, 
    0x1e3e4223, 0x67021e21, 0x26220511, 0x43182726, 0x042d0b99, 0x5f841296, 0x948e9070, 0xfe4a0171, 0x134f4249, 0xfe06032f, 0x62cb9d69, 0xa3fbfe98, 
    0x1094e990, 0x065742f2, 0x3e394f2c, 0x825e6d75, 0x0a8301dd, 0x5e429afc, 0xfeda2f12, 0x7d0f0c3a, 0xc78766b7, 0x6d9f576d, 0x68422d01, 0xffff2507, 
    0x5ffe5100, 0x21097b49, 0x7b492700, 0x07012905, 0x98000706, 0x120046ff, 0x3f08c350, 0xb80103b1, 0x35b046ff, 0x0002002b, 0x04eaff51, 0x006c0477, 
    0x001e0017, 0x1538403b, 0x02030214, 0x2005a477, 0x05a47703, 0x2009654a, 0x55751800, 0x1b1d2d09, 0x10121819, 0x07090d0e, 0x17011700, 0x4706ec5c, 
    0x31570830, 0x0620570b, 0x79023908, 0x8585f8ab, 0xee92a3f1, 0x0503fd8d, 0x714f718e, 0x29100118, 0x40fefffe, 0x760bda01, 0x167c6c68, 0xb102018c, 
    0x920401ad, 0x54bffc7c, 0x41438c89, 0x02a88b33, 0x85806db3, 0xa383d783, 0x021b062c, 0x00660226, 0x0a060000, 0x0682e890, 0x82040021, 0x045e38ef, 
    0x00d20577, 0x0026001f, 0x002e002a, 0x0d554058, 0x19000601, 0x82031318, 0x04012fc4, 0x094c0303, 0x0807020b, 0x07030201, 0xc04d6802, 0x06062105, 
    0x2107c04d, 0x5e420303, 0x010a3406, 0x055b0505, 0x0020204e, 0x292c2d00, 0x20262028, 0x82212426, 0x251f2854, 0x27121522, 0x4d1b0b0c, 0xe08210cb, 
    0x310dca4d, 0x22232637, 0x37130706, 0x07011623, 0xa1bd2633, 0xeb828c81, 0x8035382b, 0x8f7593af, 0x1b5f2efe, 0x3bef871d, 0x8e3d42c3, 0x0f0f53cc, 
    0x39097c6c, 0x01047d42, 0x0a6f37a0, 0xcc015efe, 0xb5060144, 0x2108fd83, 0xfe6f0109, 0xbffc3e5c, 0x05f0fe54, 0x8b334143, 0x69fe0ba8, 0x01ec3f04, 
    0x88fe6885, 0xce0175bc, 0x0f41629d, 0x41232008, 0x0724060f, 0x8f00eb06, 0x2108c34c, 0x17890677, 0x4f01ea22, 0x0a231793, 0x898e0092, 0xe9052117, 
    0xed224788, 0x1789a400, 0x871f0621, 0x940a2117, 0x2408b354, 0x067704ea, 0x22178824, 0x853f0191, 0x51fe252f, 0x6c047704, 0x0b231787, 0x94560265, 
    0x8b932077, 0x24a78877, 0xbbec0606, 0x202f8a00, 0x225f8833, 0x859000ff, 0x5efe2117, 0x0a235f8b, 0x89fd009a, 0x6407212f, 0x5e207788, 0x1789bf8b, 
    0x87bd0a21, 0x3dfe2117, 0x01254789, 0x00920a07, 0x11bb4791, 0x8b4cfe21, 0xee062323, 0x1b486500, 0x418f8212, 0x2720081f, 0x00218f85, 0x09274107, 
    0x8c3afe21, 0x01912267, 0x22439141, 0x4104eaff, 0x0a210aab, 0x065b7396, 0x17845120, 0xd3861120, 0xee060623, 0x0a1b4163, 0x0b23d389, 0x4191002b, 
    0x2c201403, 0x2d201796, 0x5220178c, 0x20083341, 0x8317872e, 0x089341b3, 0x23422720, 0x07012205, 0x18bb870a, 0x4f078e82, 0x77260773, 0x06026c04, 
    0xe7416602, 0x0e8f4213, 0x420eb743, 0x5f4208bf, 0x0200290e, 0xf2ff4d00, 0x74047304, 0x230a8b44, 0x4c010302, 0x04271882, 0x67040205, 0x44030300, 
    0x5f200581, 0x2408305a, 0x014e015d, 0x118b4400, 0x16560120, 0x22232506, 0x35352626, 0x24052578, 0x24362507, 0x05c85b01, 0xab4b0224, 0x8b4486f7, 
    0xfd023e05, 0x4f718e05, 0xf1fe1971, 0x01010129, 0x0b26fec0, 0x7c6c6975, 0xfe8c7404, 0xfeadb1fe, 0x0b8c44fc, 0x6d4dfd25, 0x82008580, 0x01200800, 
    0x0000ce00, 0x18061003, 0x45000f00, 0x01070a40, 0x01080001, 0x4c020102, 0x5020b04b, 0x00114058, 0x61201082, 0x5e212782, 0x06ba6c4d, 0x0f401b22, 
    0x01240e82, 0x69010002, 0x59221186, 0x11820b40, 0x0f000f27, 0x0b042325, 0x05fd7518, 0x3e084e51, 0xcfce1115, 0x1c75479b, 0x1d341336, 0xb4043845, 
    0x0916b2b2, 0x410a05e2, 0x0056fb3b, 0x82140001, 0x821b207b, 0x00172c7b, 0x0f0a4061, 0x10040501, 0x87050301, 0x001d2c7b, 0x61040505, 0x5e040400, 
    0x8201024d, 0x075f2728, 0x03030206, 0x92824d59, 0x4e01572d, 0x001b401b, 0x03050004, 0x92690504, 0x8459201d, 0x001725a5, 0x11232517, 0x082e0082, 
    0x012b1c0b, 0x21112315, 0x33352311, 0xee513435, 0x1515300a, 0xfeeaee02, 0xd0c5c5d5, 0x1c74479b, 0x83351236, 0xe55e27a5, 0x790387fc, 0xac8856e5, 
    0x01004c28, 0x00008000, 0xab82c202, 0x5b00132c, 0x010b0a40, 0x010c0203, 0xab870304, 0x03001b33, 0x00610203, 0x4d5e0202, 0x04000000, 0x0401055f, 
    0x20a98904, 0x089d5219, 0x59221b8f, 0x2f820d40, 0x13001322, 0x0622a783, 0xa5861a0b, 0x942ba18e, 0xcfd5fee9, 0x1c75479b, 0x87341237, 0x0a4a419f, 
    0x42824c20, 0x14000122, 0x0a205b82, 0x16229f82, 0x9f876100, 0x9f880120, 0x9f891d20, 0x00010535, 0x045f0100, 0x59010101, 0x0601074d, 0x4e065706, 
    0x831b401b, 0x020123a1, 0x1d926903, 0x2d054b41, 0x11160016, 0x11232413, 0x1c0b0811, 0x4741332b, 0x2223390c, 0x21151506, 0xd8112115, 0x9bd0c4c4, 
    0x0c1d4424, 0x39441e1e, 0xf9fd0702, 0x29054441, 0x06ec0507, 0xe54c3b41, 0x798287fc, 0x00800025, 0x82b10300, 0x001222a7, 0x116f425b, 0x6f421b20, 
    0x073f5809, 0x054d5927, 0x57040401, 0x20a58204, 0x23e88319, 0x69010002, 0x47411b90, 0x00122205, 0x22a38312, 0x421a0b06, 0x9d880a85, 0x9bcf8032, 
    0x0c1c4524, 0x38451d1e, 0xfafd0602, 0xb2b2b404, 0x0022998b, 0x9b83ffff, 0x07c2023c, 0x022602d6, 0x01000088, 0x00910a07, 0x00b20132, 0x0101b109, 
    0xb0b201b8, 0x23842b35, 0x064dfe23, 0x84bf828a, 0x07002623, 0x0e020803, 0x823b8800, 0x02062317, 0x0f83b286, 0x00003c26, 0x18061003, 0x86204b82, 
    0x0622b682, 0x1082730b, 0x07232788, 0x832600d6, 0x20639627, 0x203b8214, 0x2087841b, 0x20878687, 0x2087908b, 0x20878214, 0x216f82e2, 0x23820226, 
    0x66208784, 0x022e6782, 0x46fe5100, 0x6c048e04, 0x2e002200, 0x674ba200, 0x1b0b2d05, 0x04040701, 0x03010203, 0x401b4c02, 0x05200d83, 0x59200d86, 
    0x2a312085, 0x03060200, 0x80030206, 0x04070700, 0x04010561, 0x05a86004, 0x00610335, 0x4d570303, 0x00010100, 0x00010861, 0x4e006100, 0x882e401b, 
    0x0505232c, 0x31844d59, 0x309a0020, 0x1b405922, 0x2c0adb52, 0x1016181d, 0x080b0c0e, 0x01220006, 0x05c24f22, 0x25272422, 0x25059f4a, 0x06062335, 
    0x127d2223, 0x3533260a, 0x06141121, 0x0b894a06, 0x71022008, 0x2500ffd2, 0x71150201, 0x1784726d, 0x7e888f1f, 0xcf7d7bce, 0x4f805e7c, 0x27010d14, 
    0x5f98f58b, 0xfe30060e, 0x48789a46, 0x6f69512f, 0x767244ce, 0xfebdb9f2, 0x2d05175f, 0x63c997ab, 0x96a9ae02, 0x90b9b495, 0x2f41ac93, 0x6b053607, 
    0x2d00e005, 0x66003900, 0x01226340, 0x01230506, 0x011b0604, 0x05324108, 0x004c0438, 0x07030702, 0x00800302, 0x61050606, 0x5c050500, 0x0808004d, 
    0xf4846104, 0x07010a23, 0x0b254107, 0x25410920, 0x2e2f2d05, 0x33350001, 0x392f392e, 0x1f212527, 0x2d28f388, 0x0b0b2d01, 0x22012b16, 0xb252f39a, 
    0x20fea90d, 0x08bf5208, 0x521e0541, 0x65200ac4, 0x370f0e41, 0x5100ffff, 0x600546fe, 0x26006c04, 0x00009202, 0x420b0701, 0x4dff6902, 0x21051350, 
    0x03434dff, 0x24238206, 0x23068e04, 0x27238402, 0x920a0700, 0x00009f00, 0x17823b85, 0x17881f20, 0xc0009422, 0x2420178a, 0x91221788, 0x178a5001, 
    0x17879720, 0x01760b23, 0x89178a69, 0x8c93205f, 0x2217885f, 0x5e01ea06, 0xfe2506c7, 0x058e0446, 0x244787e9, 0xb400ed06, 0x25bc8200, 0xf1ff3600, 
    0xcb824d04, 0x72181f20, 0x5f271b9f, 0x0404004d, 0x59076100, 0x1b2f079e, 0x1618191a, 0x0d0e1014, 0x0007090c, 0x611f011f, 0x2120109c, 0x080a1d58, 
    0x2135233c, 0x06061415, 0xf6a25802, 0x96f7928a, 0x0d88d581, 0x9422d1fe, 0x757e8370, 0xc8026a65, 0xe282e901, 0x01018a0f, 0x0101b8b1, 0x73ac5f86, 
    0x9795a179, 0xd94957a3, 0x72d697a0, 0x9f840100, 0xe504dc29, 0x92002b00, 0x580f0e40, 0x102806d7, 0x03030501, 0x0ab04b4c, 0x2405db50, 0x04030805, 
    0x78721872, 0x24bb8217, 0x61000606, 0x22bb8509, 0x182e401b, 0x8d1f886f, 0x40592b30, 0x27000119, 0x22242526, 0xf5821c20, 0x18111421, 0x590dac72, 
    0x37200a20, 0x22076f5c, 0x9a171617, 0x7a992eff, 0x5b676a08, 0x152c1840, 0x10152a43, 0x180a4105, 0x6754432b, 0x03d81101, 0x2c6a4f03, 0x0e13412f, 
    0x00008031, 0xd2057c04, 0x27001300, 0x01052440, 0x5a010204, 0x042206ad, 0x41570204, 0x82032005, 0x00572eed, 0x2313234e, 0x0b051111, 0x11012b1b, 
    0x25018221, 0x32333636, 0x08821516, 0x26343108, 0x01062223, 0x01d4feac, 0x7ca83126, 0xd3fed3ae, 0x79605f6b, 0x79fd8702, 0xb6fdd205, 0xc5e0776d, 
    0x930239fd, 0x007b7668, 0xffff0000, 0x5efe8000, 0x02236f83, 0x829e0226, 0x0a062310, 0x0682a89a, 0xffffff23, 0x858785f8, 0x07012717, 0x72ff6b0b, 
    0x0b462f02, 0x063b5f05, 0xf7ff0124, 0xab844dfe, 0x00272f08, 0x1d534056, 0x03090201, 0x02030101, 0x03010001, 0x0501074c, 0x09040108, 0x00670405, 
    0x4d200606, 0x09020200, 0x09090061, 0x03004d27, 0x51452103, 0x820a2005, 0x292208c7, 0x00014e00, 0x1b1c1f21, 0x1718191a, 0x13141516, 0x0c0e1112, 
    0x27000507, 0x070b2701, 0x22012b16, 0x1c453527, 0x84112005, 0x25df83d6, 0x35333523, 0x01821521, 0xf2861120, 0x1015232b, 0x405d1403, 0x46162c17, 
    0x29ea8339, 0x8989d4fe, 0x21012601, 0xff84dffe, 0x4dfe012a, 0x0403d812, 0x09033129, 0x6f2af482, 0xbe0479fd, 0xb46060b4, 0x0a41cafe, 0xfe762205, 
    0x22f082c3, 0x82800001, 0x057b2def, 0x001e00e0, 0x08324035, 0x09010201, 0x1024ca82, 0x03030501, 0x2008c85c, 0x0a08615c, 0x84410420, 0x24252a07, 
    0x0b061123, 0x11012b1c, 0x0dba4421, 0x20119041, 0x07895ebb, 0x79a53126, 0xd4fed2ae, 0x5e079741, 0xf0220a81, 0x9f417068, 0x8200200b, 0x4dfe2297, 
    0x30978304, 0x40530028, 0x05011850, 0x06011904, 0x02012005, 0x076b4106, 0x004c0522, 0x8206284a, 0x0202279f, 0x06006106, 0x2e515f06, 0x01002205, 
    0x05d84301, 0x4e00612a, 0x22240001, 0x15171b1d, 0x24066041, 0x08280128, 0x1560410b, 0x860c3358, 0x0f6141c5, 0x6141ca8e, 0x09525f0f, 0xfc24d084, 
    0x00c3fec3, 0xff36cb83, 0x055b07ec, 0x002200d2, 0x24b04ba4, 0x0fb55850, 0x01040101, 0x07831b4c, 0x4c010623, 0x05465559, 0x315a1d20, 0x241a8205, 
    0x04010661, 0x24cb8204, 0x62000505, 0x07265902, 0x40213984, 0x24249021, 0x4d570202, 0x44298300, 0x1b2206c9, 0x23852540, 0x59060624, 0x4d83004d, 
    0x4c840020, 0x592d278f, 0x01154059, 0x1b1e1f00, 0x0e121419, 0x079b470d, 0x9a5e0820, 0x06ec6d05, 0x21111522, 0x33200182, 0x08060c41, 0x3316145a, 
    0x35111232, 0x00121521, 0xebd31205, 0x7b61616b, 0x2301d4fe, 0x7ea9270d, 0x3b62d5ae, 0x2c018f81, 0x14dffe01, 0x69e0daed, 0xfd6f7b75, 0xfdd20579, 
    0xdf7063c7, 0x76ecfec6, 0x01770158, 0xfd7e7e84, 0x000dfeff, 0xfe800001, 0x047c048c, 0x0013005e, 0x0105b548, 0x4c010402, 0x2605bd6e, 0x00010316, 
    0x824d5900, 0x620225af, 0x5d020200, 0x5b25be83, 0x401b4e01, 0x21128c16, 0x27845f00, 0x594e0123, 0x0e0c44b7, 0x23060625, 0x82352622, 0x08aa83b2, 
    0x50033621, 0xd9fe2c01, 0xae7ca830, 0x6c2c01d3, 0x017a605e, 0xfa8702d7, 0x6d4a022e, 0x02c5e077, 0x446dfdc7, 0x012c050c, 0x5efe1400, 0x6c04f804, 
    0x7f002000, 0x30056541, 0x01010f0e, 0x03010e02, 0x00010101, 0x1b4c0303, 0x20108240, 0x20108a04, 0x21268559, 0x2682001c, 0x01046126, 0x4d5f0202, 
    0x00272782, 0x00000061, 0x51064d5d, 0x1b22058a, 0xb5822040, 0x6f4d5921, 0x228d0c76, 0x0e405922, 0x202d3182, 0x26132000, 0x07231526, 0x012b1b0b, 
    0x28c28611, 0x22232634, 0x36350706, 0x056b6f36, 0x08fe6f18, 0x31d20335, 0xd3ae7ba9, 0x25133c62, 0x37471c12, 0x6c66ac68, 0x827a5f5f, 0x025e34e7, 
    0xe0766f79, 0x427a01c5, 0xe502042f, 0x973e0605, 0x82bafe86, 0x826f20e0, 0x000022f2, 0x22e38201, 0x82d6054d, 0x002922e3, 0x35bc85a0, 0x02011116, 
    0x04011003, 0x01010302, 0x06012704, 0x00012801, 0xeb820506, 0x05201882, 0xf3861892, 0x02002123, 0x080b5702, 0x2906755f, 0x06004d5d, 0x07620006, 
    0x2a4a0001, 0x56252005, 0x288305ea, 0x03030025, 0x94004d5f, 0x40593627, 0x26000115, 0x1d202124, 0x0d13151b, 0x0005070c, 0x08290129, 0x05f95c0b, 
    0x2a1e0641, 0x32331614, 0x05061537, 0x4197fe3b, 0x3d2a150f, 0x41332846, 0x3d014dfe, 0x16414d01, 0x2cfb2617, 0xd8072931, 0x23f34512, 0x7d262382, 
    0x7c040000, 0x17469707, 0x920a2307, 0x8b733aff, 0x8fff200f, 0x91932023, 0x6d002123, 0x98204784, 0x91224788, 0x478febff, 0xfe800023, 0x099b463a, 
    0x63690120, 0x01012109, 0x2108937e, 0x47849eff, 0x47888f20, 0x94fe9022, 0x22100f78, 0x8c30fe80, 0x00942247, 0xb37418c9, 0xffff210d, 0x75206b82, 
    0x0624238b, 0xf9bc00ed, 0x0fc38118, 0x22069b47, 0x82020602, 0x26338275, 0x01000072, 0x822406bb, 0x00b2277b, 0x0a060000, 0x0682f091, 0x00010022, 
    0x01292782, 0x005e04ac, 0x40190003, 0x24128216, 0x01024d59, 0x05907701, 0x03301382, 0x170b0311, 0x2111332b, 0x2c018011, 0xa2fb5e04, 0x23058747, 
    0xd7030000, 0x26213382, 0x244b8302, 0x02b20207, 0x2017832b, 0x231d82ff, 0x1b068902, 0x07246386, 0x98fe900a, 0xa5261784, 0x8c020000, 0x17886407, 
    0x9bfeeb22, 0xba201784, 0x71221782, 0x17871106, 0xffee0623, 0x24178413, 0x024cfebf, 0x20ab8876, 0x21ab8326, 0x1d820701, 0xe5841820, 0x89082d69, 
    0x5e04212b, 0x258a4385, 0x200b7741, 0x206782ad, 0x284f8f7c, 0x27ff6b0b, 0x090072ff, 0x234f82b1, 0x35b072ff, 0x002ac282, 0xe0ffffff, 0xac010000, 
    0x93882306, 0x3fffeb22, 0x2008334e, 0x2317884a, 0x00ea0606, 0x2f820082, 0x5b828220, 0x1788aa20, 0x920a0722, 0xff212f85, 0x221782f4, 0x88e90537, 
    0xffed2847, 0xff000054, 0x82bcffff, 0x066e2217, 0x080b411f, 0x5fff9422, 0x03245f84, 0xde0151fe, 0x0024c787, 0xc29b0a06, 0x00205f84, 0xbb8a1784, 
    0x06241783, 0x00f0910a, 0x93207b92, 0x0c207b86, 0x2e206382, 0x06239389, 0x836bfeec, 0xb6ff2163, 0x76221782, 0x7b883306, 0x40ffff22, 0x55207b84, 
    0xc820f382, 0x06232f88, 0x85f1960a, 0xfe72247b, 0x41be013a, 0x0a230f37, 0x41f3ff91, 0x00211187, 0x412b8375, 0x25880987, 0x2b088741, 0xceff0100, 
    0xac015efe, 0x0b005e04, 0x24086b42, 0x01020200, 0x05126662, 0x23212308, 0x190b0310, 0x1121132b, 0x23230614, 0x36323335, 0x2d017f35, 0x283dc2df, 
    0x5e043e4b, 0xa8c169fb, 0xae8241ec, 0xffff0028, 0x5efeadff, 0x6b847c02, 0xb982c720, 0x6b0b0726, 0xb4ff27ff, 0x2105ef49, 0xf74cb4ff, 0x84238505, 
    0x212382bb, 0x23852700, 0x0a060125, 0x8b00f091, 0xa3ff8329, 0x4300204f, 0xff21143f, 0x17f342ff, 0xfe720028, 0x06e6035e, 0x23430024, 0x84262005, 
    0x02272c77, 0x002b02c7, 0x0a070000, 0x821b0291, 0x27bc8207, 0x00002c00, 0x5e04df02, 0x0eb76d18, 0x184d5921, 0x381db76d, 0x35231133, 0x11231521, 
    0xc42c1533, 0xc4b302c4, 0x7802f3c4, 0x88fdf3f3, 0x22cf84f3, 0x435efece, 0xfb8306eb, 0x6682f385, 0xfe1b0025, 0x820a0451, 0x0010346b, 0x4033001b, 
    0x01010330, 0x06040105, 0x00690401, 0x46590202, 0x01330c0f, 0x13171900, 0x0b0c0d11, 0x0708090a, 0x01100005, 0x5f0b0810, 0x460805c3, 0x33333634, 
    0x21112111, 0x020e2115, 0x06222303, 0x33160615, 0x01353632, 0x01b2b381, 0x016aa0b5, 0xfe04012c, 0xa54a04f7, 0x3f2b5134, 0x39273801, 0x9c51fe24, 
    0x03997e7a, 0xcf20fce0, 0x0163a15a, 0x282b265e, 0x832e4926, 0x2d8f85a7, 0x26022406, 0x0000d002, 0x910a0700, 0xbf844a01, 0x5efe8223, 0x05534302, 
    0x5343bf83, 0x42178f09, 0xef9407ef, 0xffffff22, 0x00211796, 0x089b4180, 0x7782e020, 0x370f9541, 0x00800001, 0x059b0400, 0x000c00d2, 0x0b27402a, 
    0x0403070a, 0x4c010102, 0x56252a82, 0x0101004d, 0xe3691859, 0x000c310b, 0x1113120c, 0x2b190b05, 0x11211133, 0x01210133, 0x21080282, 0x01801107, 
    0x6e01112c, 0x5efe5b01, 0x9ffeb701, 0x0556c8fe, 0x01defcd2, 0xfd1bfeae, 0x61c80187, 0x4b8299fe, 0x82057b45, 0x00e03767, 0x40380017, 0x01010635, 
    0x02010700, 0x12151601, 0x0203040e, 0x6a824c03, 0x82610021, 0x4d5c2528, 0x59020200, 0x0be44118, 0x17001726, 0x23241512, 0x6a093c53, 0x80880960, 
    0x8d08f54a, 0x0abf4b87, 0x8f8d0c20, 0x00ffff25, 0x8222fe80, 0x02d2248f, 0x82d70226, 0x06072477, 0x414401e9, 0x0025058f, 0x079b0400, 0x25178597, 
    0x930a0701, 0xff463fff, 0x22238d11, 0x1800ea06, 0x22117341, 0x893afe80, 0x2247825f, 0x463a0191, 0xfe2111b7, 0x23238b75, 0x9d00ed06, 0x0036238d, 
    0xfe090001, 0x0424048c, 0x000c005e, 0x0b094049, 0x0403070a, 0x8f4a0201, 0x04122907, 0x02020203, 0x01004d59, 0x2505c97a, 0x1b4e005b, 0x0d871240, 
    0x855f0221, 0x4e00241e, 0x820c4059, 0x09be41e3, 0x21110124, 0x3d412311, 0x37240805, 0xfe240411, 0x93fe12d4, 0xa201a5fe, 0x610149fe, 0x04563801, 
    0x032efa5e, 0x0152fe22, 0xfe7902e5, 0x67016138, 0x2742de82, 0x22878405, 0x84214024, 0x00022987, 0x01014c01, 0x85000200, 0x76206784, 0x06206289, 
    0x211f2142, 0x5d825e04, 0x200b2142, 0x059b4701, 0x23cf7618, 0xd4feac22, 0x0acf7618, 0x00eeff2b, 0x053c0200, 0x022602d2, 0x228082e0, 0x82730b06, 
    0xff002410, 0x82adffff, 0x877c2017, 0x07013017, 0x27ff6b0b, 0x08001700, 0xb00101b1, 0x4735b017, 0x862005c3, 0xa8202382, 0x07243b88, 0x65ff750b, 
    0x8b824382, 0x024dfe23, 0x2d8b8284, 0x402b000d, 0x02010b28, 0x00010c01, 0xef4f0202, 0x02023506, 0x01036200, 0x00610000, 0x0900014e, 0x00030407, 
    0x040d010d, 0x3b06164a, 0x16141121, 0x37363233, 0xe9010615, 0x2c0197fe, 0x2c164639, 0x4dfe4017, 0x48063d01, 0x07d75518, 0x00276282, 0x00090002, 
    0x82cb0300, 0x00123663, 0x4033001d, 0x06010e30, 0x074c0103, 0x01020501, 0x00050100, 0x05a06169, 0x03060623, 0x05a14a61, 0x57010136, 0x23244e01, 
    0x21251211, 0x0b081011, 0x23012b1e, 0x23112111, 0x2205fd7a, 0x82173233, 0x3346080c, 0x23263425, 0x06170622, 0x03333316, 0xd4fed9cb, 0x50aba072, 
    0x282c79a0, 0xfdd92c01, 0x292e2bfb, 0x33010138, 0x2a025730, 0x2a02d6fd, 0x89527a9a, 0x6c010653, 0x332d26fd, 0x1e202f3c, 0x0200002f, 0x5efe76ff, 
    0x93827c03, 0x1c001032, 0x36403900, 0x03060911, 0x04050203, 0x03000303, 0x0226fd82, 0x02010301, 0xe25d8003, 0x21138205, 0x09650462, 0x00012c05, 
    0x0a0c1416, 0x10000708, 0x64051001, 0x918209fd, 0x32333626, 0x06141516, 0x390bdf64, 0xad851202, 0x018db12c, 0x2f2c010a, 0xbcc8aa2f, 0x2e3fecfe, 
    0x30303529, 0xc664fe34, 0xe6052a05, 0xa809b0fa, 0x01897b81, 0x08ad644e, 0x57000021, 0x03210503, 0x2c9b8286, 0x00e00226, 0x05070100, 0x028301de, 
    0x05dd4650, 0x47500221, 0x00210507, 0x22c48280, 0x4297074a, 0x0121050b, 0x14974307, 0x22fe3124, 0xf341ac01, 0x06062408, 0x8800fae9, 0x0612235f, 
    0x5f84001d, 0x0b070025, 0x848d012f, 0xfe722417, 0x42bb013a, 0x0a230947, 0x43f0ff91, 0xff290da3, 0xfef4ffff, 0x0737023a, 0x2177855d, 0x23852700, 
    0xed257f82, 0x740154ff, 0xa3511800, 0x22338214, 0x89370275, 0x82062057, 0x2357902b, 0x023dfe84, 0x0125ab88, 0xff920a07, 0xb3491841, 0x0100320d, 
    0xf9ff8000, 0xd2056a02, 0x27000f00, 0x010d2440, 0x08975200, 0x2d07a742, 0x014e0057, 0x05080a00, 0x010f0004, 0x3e4f040f, 0x42112006, 0x173e07a8, 
    0xcc010606, 0x2c01a1ab, 0x1b182d25, 0x52182f0a, 0x04959407, 0x3679fbb0, 0xdb030430, 0x1b411008, 0x82142005, 0x82902063, 0x02262a63, 0x010026ef, 
    0x14730b06, 0x0549430b, 0x35b00b26, 0x00ffff2b, 0xe3201f83, 0x67201f85, 0x6b221f83, 0x1f85228e, 0x1f882220, 0x82360321, 0x0227251f, 0x008d00ef, 
    0x75212183, 0x82418af3, 0x83022064, 0xbf032143, 0x1e302382, 0x81002900, 0x01090a40, 0x01170107, 0x4c020506, 0x2c05af65, 0x02080a26, 0x02090403, 
    0x00030500, 0x05726f69, 0x61070721, 0x05240736, 0x00620605, 0x2806325a, 0x00010024, 0x07010307, 0x89309169, 0x40593d26, 0x011f1f1d, 0x1f291f00, 
    0x1b222428, 0x0f121419, 0x0b0c0d0e, 0x0005070a, 0x0b1e011e, 0x5b05c342, 0x1124068f, 0x15371121, 0x2007d36a, 0x06f64d17, 0x08077e50, 0x3716142f, 
    0xc0a97d01, 0x5a417198, 0xb12c011c, 0x182e25b1, 0x18300a1a, 0xa1ac3353, 0x30263337, 0x35022d37, 0xa485929f, 0xad013139, 0xd60237fd, 0x065541ea, 
    0x01959432, 0x2d45cf13, 0x26263343, 0xffff0138, 0xf9ff8000, 0x2006db42, 0x19db42ef, 0x02f9ff28, 0x0297076a, 0x23840226, 0x2614db42, 0x0222fe6d, 
    0x85d2056a, 0x06002423, 0x4136e906, 0x5f8305bf, 0x8205db42, 0x0adb423b, 0x3afe8022, 0x01252f89, 0x00910a07, 0x1083422c, 0x2383f420, 0x865d0721, 
    0x85272053, 0x1ddb4223, 0xfe2f0025, 0x87720275, 0x202b8487, 0x2457908f, 0x023dfec0, 0x232389e8, 0x7dff920a, 0x430ddb42, 0x012105f3, 0x222382ac, 
    0x82e00206, 0x00012ec8, 0x03000080, 0x005e049d, 0x401f0005, 0x2111821c, 0x70184d59, 0x80291d67, 0xf1012c01, 0x90fc5e04, 0x202c82ee, 0x3b3f8400, 
    0x6f04cd06, 0x5b002100, 0x01030b40, 0x4c010004, 0x01040108, 0x1eb04b4b, 0x16405850, 0x3305737c, 0x00020102, 0x084d5900, 0x03030507, 0x4e035703, 
    0x001a401b, 0x1d831083, 0x87790120, 0x221c8806, 0x82104059, 0x0021241c, 0x82132321, 0x11232d01, 0x2b1d0b09, 0x17211133, 0x32333636, 0xfa550484, 
    0x56152009, 0x37080703, 0x01801115, 0xae2d0c16, 0x2f4cd464, 0xcb9a73c5, 0x4b67d4fe, 0xdefe6355, 0x6c4f4d61, 0x7ad95e04, 0x7a81fb70, 0x0efdb6c7, 
    0x5d5eb902, 0x50fd586c, 0x6152c102, 0x5cfd656b, 0xfe21c386, 0x25c3844d, 0x407e002b, 0x6f541e13, 0x4c03240a, 0x87020123, 0x041f2fcb, 0x06020201, 
    0x02070861, 0x4d590606, 0xc9820105, 0x01004d25, 0x5a610001, 0x1b230608, 0x83002340, 0x26268319, 0x01086107, 0x925f0707, 0x05875725, 0x20222526, 
    0x1a1b1c1d, 0x2208a254, 0x5b2b012b, 0x03560521, 0x26342411, 0x83062223, 0x0d0141e8, 0x66051029, 0x2d17405e, 0x893a4516, 0xd4fe21e9, 0x540d0441, 
    0x2f2007aa, 0x1041f48d, 0x98fc2909, 0x0100c3fe, 0xefff8000, 0x5e20ff82, 0x2107c341, 0xc3410400, 0x0599410d, 0x064d5932, 0x00040401, 0x02010262, 
    0x00570000, 0x1a401b4e, 0x00201887, 0x1d841082, 0x1d820120, 0x5d010124, 0xc3414e01, 0x11012713, 0x06062721, 0x04842223, 0x5309b153, 0x200808ba, 
    0xcd061135, 0x2d0be9fe, 0x4cd365ae, 0x9974c430, 0x662c01cb, 0x0162564b, 0x4f4d6222, 0xfb5e046c, 0x07c641a2, 0xfdf20223, 0x29d18347, 0x3ffdb002, 
    0x656b6152, 0xc383a402, 0x845efe21, 0x002528c3, 0x03354038, 0x83030001, 0x010327c3, 0x0204064b, 0xae410202, 0x62002e05, 0x00000101, 0x01084d5d, 
    0x075b0707, 0x24b5824e, 0x13250025, 0x27018323, 0x1d0b0925, 0x3311012b, 0x2126a09e, 0x05112311, 0xa3960caa, 0x062c0125, 0x9a015efe, 0xa2fb23a6, 
    0x77475efe, 0xcd062706, 0x26022306, 0x8482fe02, 0xea060725, 0x89009002, 0x87242017, 0x910a2317, 0x17858002, 0x823afe21, 0x856f20db, 0x07012117, 
    0x81201782, 0x430dfb43, 0x042e0587, 0x006c047b, 0xb5440013, 0x01040105, 0xf2534c01, 0x00122305, 0x62430404, 0x4d592105, 0x25064d59, 0x0016401b, 
    0x73550101, 0x0c665905, 0x430f5b55, 0x01290e6d, 0x01d4feac, 0xac2f041b, 0x0cd15781, 0x75e75e23, 0x0ac85780, 0x27056344, 0x11067b04, 0x05032602, 
    0x0623df82, 0x437bee06, 0x05210867, 0x31a38254, 0x406d0021, 0x0101100e, 0x05011f03, 0x00012002, 0xac860305, 0x97821c20, 0x8205d669, 0x07bc569d, 
    0x01066123, 0x05635400, 0x62002021, 0x04210614, 0x0ddf5661, 0x59262287, 0x00011340, 0x7b461b1d, 0x05287005, 0x454a0720, 0x23352105, 0x43095559, 
    0x16230548, 0x71331115, 0x04240856, 0x0197feb9, 0x87055059, 0x4a0120e1, 0x76290967, 0x76689302, 0x79fd6f7b, 0x71eb8704, 0x0027063c, 0xfe800001, 
    0x827c044d, 0x001e25d3, 0x120e4061, 0x0127d382, 0x00020001, 0x87000501, 0x901b20d3, 0x00002cd3, 0x05006105, 0x4e056105, 0x941f401b, 0x332189d2, 
    0x26094059, 0x25131123, 0x1c0b0622, 0x1635012b, 0x35363233, 0x1028c994, 0x76022221, 0x35472b32, 0xfe2ac58e, 0x5ffe5b95, 0x312907e9, 0xc38ff802, 
    0x77c3fe21, 0x06210583, 0x27bf824c, 0x00300024, 0x14154086, 0x1d27c182, 0x25050201, 0x4a060206, 0x062105a6, 0x069c4104, 0x05002428, 0x05010201, 
    0xd0908002, 0x21070856, 0xd182005b, 0x26882820, 0x8a13ac41, 0x4059342a, 0x2a000115, 0x181e2028, 0x11121316, 0x000b0d10, 0x50240124, 0x07220726, 
    0xb2412527, 0x12004b16, 0x4be20421, 0xfc8e0700, 0xa92f2f23, 0x070e4bc9, 0x2008d56f, 0x0ecd4114, 0x5510fe22, 0x2f101d4b, 0xfea7ff01, 0x047b044d, 
    0x001d006c, 0x0c0e406d, 0x0327f682, 0x02040101, 0x42010001, 0x053309ab, 0x03610205, 0x59020201, 0x0404004d, 0x01004d57, 0x42620001, 0x18840aab, 
    0x4c050521, 0x228f076d, 0x13405937, 0x17190001, 0x0e101314, 0x05070a0b, 0x1d011d00, 0x2b160b07, 0x09065c13, 0x2008a742, 0x07f14121, 0x5e451028, 
    0x152d1740, 0x86433a46, 0x07f55b0d, 0x43d40421, 0x6f230b8a, 0x7dfe03fd, 0x802a059b, 0x7c045efe, 0x06026c04, 0x4f448204, 0x00002505, 0x23067b04, 
    0x24069f43, 0x01ea0607, 0x21178567, 0xf38322fe, 0xe9221788, 0x2f936301, 0x00930a23, 0x231793a6, 0xa700eb06, 0x2420178a, 0x0a234787, 0x7a570191, 
    0x7b200837, 0x26248782, 0x00000503, 0x2315e356, 0x75fe8000, 0x01218389, 0x159b5607, 0x8b3dfe21, 0x920a2323, 0xe748a900, 0x5efe2611, 0x2406b606, 
    0x2d6b8400, 0xc7022700, 0x0000fb04, 0x910a0700, 0x035deb04, 0x04a02908, 0x0015005e, 0x11214024, 0x097b7618, 0x230c9d51, 0x11150015, 0x147b7618, 
    0x26262b08, 0x15161627, 0x36018011, 0x52352601, 0x01030221, 0xfeccfe21, 0x225235d9, 0x5e040303, 0x95532efe, 0x5b8c4544, 0xa2fbd201, 0x0b83d401, 
    0xfe5a8d23, 0x2976822c, 0x51000200, 0x9704eaff, 0x72186c04, 0x5f210f8b, 0x8b72184d, 0x07a45f22, 0x26123c7e, 0x85f6a874, 0x85a8f685, 0x7a782605, 
    0x7978787a, 0x08357a79, 0xfcfe9130, 0xfdfeacad, 0x93c2ec91, 0x94c1c194, 0xcb68c293, 0x06972606, 0x0326021b, 0x23988216, 0xf6900a06, 0x2209af69, 
    0x87110697, 0xee062217, 0x20178771, 0x20b782d2, 0x2117878c, 0x16824b0b, 0xcf860020, 0x5605d135, 0x2b001f00, 0xb04b7800, 0xb5585025, 0x01050119, 
    0x831b4c01, 0x01022307, 0x1484594c, 0x001d4028, 0x85030103, 0x43180500, 0x43180e77, 0x1f840a51, 0x78063443, 0x23860c42, 0x17405931, 0x00012021, 
    0x2b202527, 0x14152b21, 0x610f1012, 0x303211b3, 0x32313231, 0x33161633, 0x33353532, 0x07061415, 0x677f1616, 0xa8743510, 0xf58585f6, 0x050501a8, 
    0x333bb145, 0x49646def, 0xa8f6854e, 0x2a0f3341, 0xca2e0d01, 0x086f5eb1, 0x4183d74c, 0x00200c3a, 0x20083b41, 0x060b4123, 0xeb060722, 0x210aa379, 
    0x17890697, 0x8a0bd379, 0x0cd37917, 0xe9059722, 0xed224788, 0x976ab200, 0x06972208, 0x2317871f, 0xbd00940a, 0x5f87178a, 0xd9060623, 0x0bb34165, 
    0x0a217788, 0x258f8793, 0x970451fe, 0x47876c04, 0x48660b21, 0x5120064f, 0x77881783, 0x17852720, 0x06070022, 0x67897f8d, 0x8bc9ec21, 0x88332067, 
    0x00ff2197, 0x26051b5a, 0x04eaff51, 0x421e0797, 0xee21084b, 0x892f8af8, 0x260b2217, 0x21178a74, 0x47882406, 0x890bcb7a, 0x0a072247, 0x0a076eed, 
    0x64079722, 0xf1205f88, 0x0721478b, 0x0893425f, 0x178c2420, 0x07222f87, 0x57415e0b, 0x2247880b, 0x87bd0a07, 0x3afe2117, 0x25092741, 0x910a0701, 
    0xa1584f01, 0x11f3410d, 0x94960a21, 0x0b07249b, 0x41a0002b, 0x6b8909ab, 0x962c0b21, 0x8c2d2017, 0x41522017, 0x2e2008ab, 0x9b831787, 0x20085342, 
    0x053b4227, 0xdf6ca38a, 0x84d1200f, 0x001a222b, 0x0eeb7b00, 0xaf42178b, 0x85178a0b, 0x030031d3, 0xeaff5100, 0xf705d104, 0x2b001f00, 0x36014000, 
    0x0816d543, 0x58501522, 0x03003740, 0x03070607, 0x07008006, 0x0b610907, 0x5e090901, 0x020e084d, 0x610a0606, 0x560a0a00, 0x2c05f06c, 0x01010102, 
    0x010d4d5f, 0x61000404, 0x06be640c, 0x2005736c, 0x203e8835, 0x2335830a, 0x6a060a01, 0x2c44488a, 0x203c8f0a, 0x9b7b8225, 0x995c203c, 0x39402179, 
    0x2b57749a, 0xd8471806, 0x38788c09, 0x40595959, 0x212c2d27, 0x3e000120, 0x383a3c3d, 0x31333436, 0x2d402c2f, 0x0f934440, 0xec7f0f20, 0x2293440b, 
    0x26221328, 0x06222326, 0xfb5f2307, 0x32332605, 0x06063337, 0x1ca84402, 0x4c33ea34, 0x1a191a3b, 0x59028301, 0x394a334b, 0x8106311c, 0xf1455c02, 
    0x17bd4408, 0x2a46042c, 0x65222d2a, 0x502a2a71, 0x46187166, 0xd1260853, 0x26025605, 0x93471a03, 0x13fb4206, 0x4404d221, 0x262209bf, 0x5d424b0b, 
    0x09eb4209, 0x026c0425, 0x44160306, 0x072212a7, 0x0758fa0a, 0x51002305, 0x4782eaff, 0xe3423220, 0x820a2307, 0x2f8aab01, 0x83221789, 0x17949b01, 
    0xd9008422, 0x85201794, 0x8f067748, 0x9686205f, 0x8c87202f, 0x0937452f, 0x78018d22, 0x1b47cf8c, 0x4a0b2206, 0x43f08201, 0xbb470617, 0x00162e05, 
    0x4039001d, 0x00040036, 0x03040203, 0x092f4267, 0x18010721, 0x330a1568, 0x00011011, 0x17181a1c, 0x16101314, 0x07091611, 0x0f010f00, 0x180e6268, 
    0x24070646, 0x16162137, 0x05f16f03, 0x4705f741, 0x692e07cb, 0x25fe0e77, 0x0184770e, 0x67770fd9, 0xd3477667, 0x76962811, 0xa6019676, 0x45909074, 
    0x8b410a5b, 0x14e74710, 0x049a0724, 0xe385006c, 0x66020724, 0x40822303, 0x51000230, 0x49060000, 0x13005e04, 0x3f001f00, 0x72183c40, 0x5921103a, 
    0x3a72184d, 0x14142c0d, 0x1f140001, 0x15171e14, 0x53101112, 0x083405f2, 0x13011300, 0x2b160b0a, 0x26262221, 0x36343535, 0x15213336, 0x44080187, 
    0x22231125, 0x15150606, 0x33161614, 0xeba65f02, 0xa5e97c7d, 0xedfdee03, 0x47feb901, 0xd7fc1302, 0x3a6c4ab6, 0x954b6e3b, 0x9b0b9bfb, 0xdae393fa, 
    0xe5e5e6d6, 0x935a9602, 0x94580b58, 0x00ffff5a, 0x0956fe51, 0x23b78974, 0xc304e603, 0x8024b784, 0xb9045efe, 0x162f1782, 0x6c002200, 0x01030a40, 
    0x01140005, 0x4c020402, 0x1d2e06bc, 0x00050500, 0x00010161, 0x074d5900, 0x5f680401, 0x4d5d2b05, 0x03030106, 0x1b4e035b, 0x44822140, 0x0bd04b18, 
    0x593d2391, 0x17181440, 0x1c1e0000, 0x22182217, 0x16001600, 0x08112526, 0x132b190b, 0x33152111, 0xd247183e, 0x82232008, 0x232723f3, 0x9a791311, 
    0x0180230a, 0x47180e27, 0x813208d1, 0x154f7e5b, 0x7b75ea09, 0x7d74767a, 0x065efe7e, 0x4618bc00, 0x3e260aae, 0xabfd2d5b, 0x47188002, 0x022208d9, 
    0xd7828600, 0xd782c020, 0x2a001a3b, 0x17407300, 0x00040103, 0x031c292a, 0x12180405, 0x0502030f, 0x03021011, 0x07a14d02, 0x04001c23, 0x21e48504, 
    0xef824d22, 0x00610225, 0x84260202, 0x832420e3, 0x822020e3, 0x631882e3, 0x27200698, 0x59312291, 0x00001040, 0x20222628, 0x1a001a00, 0x0711252a, 
    0x25de8e07, 0x07170706, 0xe2860627, 0x18170121, 0x080ca670, 0x01862724, 0x4d140f27, 0xce7c5f7e, 0x624c597c, 0x5d506a6d, 0x154f7d5c, 0x6143010a, 
    0x73767a36, 0x2c727e7d, 0xef8b6425, 0x48e99e26, 0x237e5874, 0x032cf284, 0x8e59745d, 0x98b6bb93, 0x770eb898, 0x2809cf41, 0x2100e005, 0x50002d00, 
    0x2bc48240, 0x01070001, 0x010e0102, 0x011f0206, 0xde5cfe82, 0x1806200b, 0x370b7041, 0x03006103, 0x074d5d03, 0x5b040401, 0x22234e04, 0x27290000, 
    0x2d232d22, 0x21294982, 0x23242726, 0x2b1a0b09, 0x0dbe6813, 0x5d1ebe41, 0x4818080a, 0xc5410973, 0x18462010, 0x20085847, 0x1ace41fe, 0x00ffff2c, 
    0x045efe80, 0x022306b9, 0x45450326, 0x00a52207, 0x20178800, 0x23178724, 0x9501910a, 0x04231789, 0x8406026c, 0x0002222f, 0x183f8251, 0x2007ff4e, 
    0x05e25178, 0x01130a2c, 0x01020205, 0x4c020401, 0x0c83401b, 0x0c850320, 0x4e08b166, 0x5f2007a8, 0x2e05a453, 0x01010061, 0x00004d5d, 0x4e005b00, 
    0x5020401b, 0x23830581, 0x08435618, 0x228b0120, 0x0f405924, 0xf6421718, 0x26152a05, 0x0b071025, 0x21012b1a, 0x10877f11, 0x01213522, 0x240af342, 
    0xd4fe8b04, 0x0d6e7f0a, 0x27010f24, 0x2c7aeafd, 0x5efe2306, 0x817c5502, 0xfcbc210d, 0x8208547f, 0x36e78499, 0xe0056405, 0x2f002300, 0x47404a00, 
    0x0304011a, 0x0402011b, 0x83060113, 0x040527ea, 0x0404004c, 0xbb826103, 0x40185c20, 0x07220a57, 0x43180501, 0x00200870, 0x2529de83, 0x24292b24, 
    0x242f252f, 0x22b98227, 0x941b0b08, 0x0c0c42b9, 0x9e331521, 0xbc062ac6, 0x17405ab3, 0x3e47152c, 0x6fce9a04, 0x46200979, 0xd783d88b, 0x63054d2a, 
    0x20006c04, 0x9e002c00, 0x2105bf41, 0xd4821412, 0x0101032f, 0x04011e05, 0x00011f01, 0x1b4c0404, 0x20148340, 0x41148d03, 0x222306cf, 0x50060600, 
    0x5f210578, 0x6144184d, 0x401b2216, 0x05d54126, 0x180c1943, 0x38128a44, 0x22194059, 0x28000121, 0x222c2126, 0x171a1c2c, 0x090f1116, 0x01200007, 
    0x8d441820, 0x5d352018, 0xef410a8e, 0xfec8270b, 0x4f150c9a, 0x50185c7e, 0x42530cb7, 0x53fd3105, 0x747c7d73, 0xfe7c7b76, 0x013d014d, 0x3d5c2d29, 
    0x0a8a4418, 0x2cfbbc22, 0x0b884418, 0x9494ba23, 0x089758bc, 0x6d041d3e, 0x69001100, 0x5022b04b, 0x030e4058, 0x0a000201, 0x02020301, 0x0001094c, 
    0x0e401b4a, 0x01200682, 0x03221487, 0x2685594c, 0x02001223, 0x05034502, 0x044d5923, 0x066d5801, 0x82059866, 0x61012519, 0x5f010100, 0xc35f1887, 
    0x00112505, 0x11242411, 0x08068261, 0x3633152a, 0x17323336, 0x23262611, 0x11150622, 0x0c220180, 0x335e911f, 0x214d142e, 0x5e048768, 0x0a6b67c3, 
    0x0906f4fe, 0x84fd6882, 0xff53a682, 0x83032005, 0x001b29a7, 0x0b454048, 0x05020101, 0x19329382, 0x0304020c, 0x0400011a, 0x01004c04, 0x01020302, 
    0x17768003, 0x00042408, 0x82590400, 0x61002219, 0x31208205, 0x00015100, 0x0e101517, 0x0304080a, 0x1b011b00, 0x0b690606, 0x8e212005, 0x0c025f88, 
    0x6241938b, 0x4dfe2505, 0xd4043d01, 0x0e209d8a, 0x82055441, 0xffff26a3, 0x0000aeff, 0x2ca38203, 0x54032602, 0x07010000, 0x28ff6b0b, 0x06df6eff, 
    0xb02fff24, 0x14822b35, 0xff250027, 0x04c202f1, 0x0a6f415e, 0xb9820a20, 0x00010322, 0x23056f41, 0x0e401b49, 0x09231087, 0x41000101, 0x0425096f, 
    0x59030301, 0x0875414d, 0x4e005725, 0x8616401b, 0x00002214, 0x23198357, 0x01006101, 0x20051558, 0x4190820c, 0x0122096f, 0x08742111, 0x11272105, 
    0x2306f96e, 0xdefec202, 0x24097041, 0xfb5e0488, 0x2fd483a2, 0x09060c01, 0x7c026882, 0x25000100, 0x96034dfe, 0x1e25a782, 0x3f404200, 0x29a2820c, 
    0x0102050b, 0x04011c02, 0x6f411d01, 0x428d8605, 0x05220bec, 0x5a600001, 0x191b2c05, 0x0e101314, 0x1e00080a, 0x56061e01, 0x33200618, 0x2121828e, 
    0x05995c11, 0x06153727, 0xa0fefc02, 0x2c8e8a04, 0x39042b01, 0x40322647, 0x3d014dfe, 0x27978b76, 0x3176a2fb, 0x12d80729, 0x00359f83, 0x047b0200, 
    0x000f006b, 0x08204023, 0x07020101, 0x02010001, 0x0a116c4c, 0x57000025, 0x66244e00, 0x212005ad, 0x6b05da53, 0x023e08f4, 0x69d4fe7b, 0x142b4551, 
    0xd2852f42, 0x69aa027a, 0x03fc0759, 0x8eb25207, 0x01000000, 0x5b828000, 0x5b84d520, 0x26402922, 0x00235b82, 0x85020109, 0x22de825b, 0x795f0000, 
    0x2c8207b8, 0x0f000f25, 0x79042424, 0x362506a3, 0x17163233, 0x06d14215, 0x85d27936, 0x2a144130, 0x02685146, 0x52b28ed9, 0x07fc0307, 0x56fd6959, 
    0xfe2b5f84, 0x041d035e, 0x0013006d, 0x4338403b, 0x1e820d5d, 0x0001022b, 0x01048002, 0x86030203, 0x210a8200, 0xd3865901, 0x51020122, 0x13277082, 
    0x24241300, 0x48060511, 0x45430631, 0x4323200c, 0x05240e47, 0x00065efe, 0x220aac42, 0x605efe84, 0x1d22082f, 0xa7422306, 0x07002505, 0xb300ea06, 
    0x34221784, 0xbf4222fe, 0x06002409, 0x82fde906, 0xffff2770, 0x00003500, 0x2f885d03, 0x930a0623, 0x211784f2, 0x1782bfff, 0xec22478b, 0x47841eff, 
    0x17826920, 0x33062922, 0x06235f86, 0x84f3ff0a, 0x8000212f, 0x24202f84, 0x07241786, 0xa300910a, 0x74222f84, 0x77893afe, 0x17820120, 0x59f2ff21, 
    0xff220d77, 0x238400ff, 0x86e90521, 0x0a27223b, 0x24238391, 0xed060601, 0x06276807, 0x6a4af921, 0xf622081b, 0x4f8b75fe, 0xffed0623, 0x214f8d56, 
    0x8b830200, 0x047f042d, 0x000c005e, 0x40330015, 0x18010730, 0x21137b78, 0x78184d59, 0x0f210b7b, 0x222d820d, 0x1815110c, 0x27087b78, 0x07141516, 
    0x23032101, 0x09ef7c18, 0x02802408, 0xd7efdd04, 0xb9fe0601, 0x6bbeb8e4, 0xc16a6163, 0xabcf5e04, 0x58fe59e3, 0x84fe7c01, 0x464a5102, 0x82004c47, 
    0x2a7f8d00, 0x07354038, 0x01010501, 0x8201004c, 0x01042607, 0x01026705, 0x05ac6f00, 0x06600332, 0x57030301, 0x0d0d4e03, 0x150d0000, 0x0e10140d, 
    0x0b248482, 0x08111111, 0x2207cb66, 0x82012113, 0x23062488, 0x46331103, 0x80350528, 0xe4b81c01, 0xfafe4701, 0xe8ddefd7, 0x63616ac1, 0xfe5e046b, 
    0x08808284, 0xe3595823, 0x0d02cfab, 0x474cddfe, 0x01004a46, 0xeaff4e00, 0x6c043004, 0x31002400, 0x14152e40, 0x01040304, 0x7b848203, 0x5f250677, 
    0x0101004d, 0x634f1800, 0x17193309, 0x05071012, 0x24012400, 0x2b160b05, 0x27242205, 0x71841625, 0x24272727, 0x33243435, 0xe54d1832, 0x1750080a, 
    0x14150417, 0x3c020606, 0x1df9feca, 0xb52b1701, 0xc1906356, 0x0201befe, 0x1fecc7d4, 0x6012f6fe, 0x41644a52, 0x4001c94f, 0xac16e280, 0x419c309c, 
    0x281e5532, 0xbaa1fb42, 0x392f88a2, 0x2a323f49, 0x4128103b, 0x5ca56eed, 0x01000000, 0x4dfe4e00, 0x2f24a784, 0x48404b00, 0x272da786, 0x2d010401, 
    0x2e040501, 0x04050001, 0x078b7b4c, 0x042ab384, 0x04040061, 0x05004d5d, 0xb05a0005, 0x00012507, 0x24262a2c, 0x2f22c186, 0xad5a2f01, 0xa0112006, 
    0x222323c1, 0x106f1527, 0xb7012306, 0xca9d97fe, 0x647d922d, 0x332f4e47, 0x014dfe40, 0x9aa9013c, 0x832226d5, 0xd8062a2f, 0x20db8511, 0x20db845e, 
    0x21db8335, 0xdd832526, 0x0102052c, 0x01090300, 0x010a0001, 0xdb820102, 0x84050521, 0x4d5f21d1, 0x2008e17e, 0x08f9705d, 0x4e025b32, 0x282a0001, 
    0x16182123, 0x05070c0e, 0x35013500, 0x052adb83, 0x021e2722, 0x37363233, 0x464c0617, 0x26032105, 0x3323ad41, 0x47333034, 0x5b3c1f3a, 0x8e305a20, 
    0x6280585c, 0x1032ae2a, 0x1630f29d, 0x1d555406, 0x2a9d1b34, 0x477d4e54, 0x57432801, 0x0023f59a, 0x42ffff00, 0x062d0573, 0x03260223, 0x00000067, 
    0x01ea0607, 0x2317922b, 0x6a920a06, 0xff201e82, 0xfe252f82, 0x0430045e, 0x212f876c, 0x6b509a0a, 0xff4e2406, 0x883004ea, 0x0a062247, 0x202f8893, 
    0x232f8b22, 0x2901e906, 0x24205f8a, 0x91224788, 0x17851b01, 0x893afe21, 0x0701252f, 0x1e01910a, 0x870d2b44, 0x740721b3, 0x0b233b87, 0x8980011f, 
    0x52072153, 0x06231786, 0x874c200b, 0x205382b3, 0x206b8706, 0x84538527, 0x6573825b, 0xad4405f7, 0x825b8705, 0x030622df, 0x223c8267, 0x824b0001, 
    0x042e3ed7, 0x0025006c, 0x13b04b91, 0x23405850, 0x04050106, 0x72050402, 0x01010200, 0x04007002, 0x06844604, 0x0101002e, 0x03006203, 0x4e035d03, 
    0x15b04b1b, 0x24202a82, 0x04232a8a, 0x957e0102, 0x2540212b, 0x02212686, 0x98528280, 0x73592027, 0x25360541, 0x222c2500, 0x07222911, 0x132b1b0b, 
    0x32333636, 0x05141504, 0x14430607, 0x06052305, 0x5d7c2304, 0x59771805, 0x6458080a, 0xd4d1f015, 0xbefe0201, 0x546791c0, 0x27011fb0, 0xdcfdfe17, 
    0x9d7fde90, 0x404fc9a4, 0x61514a64, 0x9723030d, 0xfba1bab2, 0x551e2842, 0x118d4332, 0xa55cb89e, 0x2197766e, 0x2a3b1028, 0x374d3f32, 0x01000000, 
    0x00008700, 0xe605f304, 0x37002a00, 0x010c3440, 0x4c010403, 0x24060552, 0x05050069, 0x08706b00, 0x075f0123, 0x32771806, 0x002a2808, 0x2421242a, 
    0x7f242d21, 0x34200551, 0x2605e653, 0x07061415, 0x82161615, 0x6e062006, 0x342106b0, 0x08088926, 0x1506223f, 0xe47e8711, 0x8fef8f99, 0xab926673, 
    0xc38cd679, 0x83766494, 0x504f7570, 0x61616e61, 0x80490478, 0xb35b64b9, 0x1da67384, 0x9cce0a10, 0xf661b782, 0x6d59566a, 0x534e72ec, 0xfb5c6f6e, 
    0x23ab83e2, 0xed04ecff, 0x3225ab82, 0x0a405500, 0x2cab821c, 0x0300011b, 0xb04b4c02, 0x40585019, 0xcf801816, 0x0303260a, 0x01026100, 0x06d66100, 
    0x1282188a, 0xc3444d20, 0x025d3907, 0x0b40594e, 0x1e202f31, 0x11231719, 0x2b180b05, 0x11211101, 0x32332434, 0x0e25c383, 0x1e141502, 0x24cb8203, 
    0x27262223, 0x05ce4937, 0x2e347008, 0x3e343503, 0x26343502, 0x01062223, 0x01dcfeab, 0xd281d300, 0x1e281e7b, 0x3c59583c, 0xa153ece1, 0x621f4b2c, 
    0x3f614b52, 0x233f5c5c, 0x4a63232d, 0x1b04624d, 0x1b04e5fb, 0xaa58e8e3, 0x45583f7a, 0x42292b43, 0x56775643, 0x1a20cb98, 0x3e1f0de4, 0x3e4b3841, 
    0x394d6346, 0x3148424f, 0x005e4e47, 0xffc90001, 0x05e502f0, 0x000e0068, 0x18254028, 0x2009d342, 0x241a8200, 0x02010085, 0x0ba64802, 0x10122624, 
    0x22700603, 0x09834405, 0x01c9353a, 0x3d12652c, 0x62332b11, 0x05b1a92d, 0x68dffb68, 0x0fe10409, 0x009aa30c, 0x14204483, 0xca205f82, 0x16245f82, 
    0x36403900, 0x2e0a7349, 0x85050405, 0x00000103, 0x06075f04, 0x65040402, 0x62260536, 0x5d020200, 0x38824e02, 0x16001631, 0x26131111, 0x0b081112, 
    0x15012b1c, 0x8a141123, 0x23112b71, 0x21113335, 0xd1ab0211, 0x78821166, 0x2d63322d, 0x9a9ab2a8, 0x5e042c01, 0x87cefde5, 0x4c02267d, 0xfe0a01e5, 
    0x238384f6, 0xfb024bfe, 0x22088382, 0x403c001f, 0x00010139, 0x07010006, 0x004c0200, 0x85030203, 0x00010600, 0x80000601, 0x01010105, 0x5e045f02, 
    0x002c058e, 0x00620700, 0x07610707, 0x1112274e, 0x152f0082, 0x1e0b0823, 0x1635132b, 0x27323316, 0x86112627, 0x88332080, 0x16172c97, 0xc5222306, 
    0xac162d17, 0x83f50c1c, 0x85d1208a, 0x230e2e9a, 0xfe5bd5c6, 0x0403d95c, 0x012e3f8c, 0x86938606, 0xaa4322a5, 0x27e982d3, 0x14000100, 0xc3024efe, 
    0x15259f82, 0x38403b00, 0x209f8214, 0x8c9b8501, 0x07f95f93, 0x4e006127, 0x0f100001, 0x051b700d, 0x04050627, 0x15011500, 0x061f6808, 0x06249890, 
    0xb5a40702, 0x2b3b9082, 0x116dd6d6, 0x6030102c, 0x96a64efe, 0x01e5ef03, 0xe5f6fe0a, 0x067137fc, 0x821dde04, 0x23838284, 0xaf028d01, 0x0b368382, 
    0x2c402f00, 0x02010200, 0x05010685, 0x03860500, 0x00000101, 0x06825701, 0x5f000128, 0x01000104, 0x2f824f00, 0xb8180b20, 0x062307fb, 0x8a132b1b, 
    0x85ae2074, 0x8d01236a, 0x6285ec01, 0x0014fe29, 0xffa3ff02, 0x82aa03eb, 0x0018365b, 0x40520024, 0x0206114f, 0x01190608, 0x04050807, 0x07000303, 
    0x27ec8503, 0x08000600, 0x69080607, 0x0724f48c, 0x09620007, 0x2705f258, 0x22230001, 0x12141c1e, 0x27062455, 0x00070809, 0x0a180118, 0x0526f882, 
    0x07272622, 0x868a2527, 0x2812e360, 0xad854002, 0x018eb02d, 0x35a1850b, 0xc9aa2e30, 0x40ebfebc, 0x30352a2d, 0x51153331, 0xd6ae9049, 0xb3860002, 
    0xa7089738, 0x018a7a82, 0x3836264f, 0x3123262d, 0x02000403, 0xeaff1400, 0xc382a206, 0x3f00342a, 0x0e40ae00, 0x0b0d012c, 0x0d22c282, 0xc0830103, 
    0x08058750, 0x04003125, 0x00850403, 0x020b0209, 0x00800b09, 0x070d000b, 0x0a690d0b, 0x02020206, 0x05085f03, 0x59030302, 0x83010c4d, 0x0e012dd2, 
    0x5d000002, 0x401b4e00, 0x0804003c, 0x08263396, 0x08080061, 0x3f864d5f, 0x91010521, 0x40592e3e, 0x3e000123, 0x2f36383c, 0x2426282d, 0x07096223, 
    0x2308386a, 0x0f340134, 0x25061f41, 0x22230606, 0x22413526, 0x1614250a, 0x26373233, 0x08456118, 0x22053a57, 0x41171415, 0x0621063a, 0x541f8201, 
    0x0429069f, 0x44b06ab5, 0xa666a845, 0x053b41b0, 0x2b382c08, 0x853e5041, 0xda90a8f5, 0xe3fe087f, 0x6e59690e, 0xc9c90786, 0xd675a297, 0x6845ebfe, 
    0x2c275848, 0x3a16813b, 0xa63a2c35, 0x413e02a2, 0x41080552, 0x323bc6fd, 0xaba38035, 0x69920501, 0x695280be, 0x2c33a1b1, 0x63738c89, 0x230165a7, 
    0x1a2f3334, 0x00003921, 0xfe240001, 0x04da02f6, 0x0016006e, 0x09364039, 0x08020101, 0x02010001, 0x0405004c, 0x004e8605, 0x0a354409, 0x44045721, 
    0x332a102b, 0x34113335, 0x07062223, 0xca843627, 0x15331127, 0x11211123, 0x0c2a4443, 0xe5d4fe24, 0x28443202, 0xb4fd2607, 0x01f6fee5, 0x447f820a, 
    0x1e2407ab, 0x45404800, 0x270aab44, 0x85070607, 0x04020a0b, 0x012b7982, 0x09670004, 0x06050501, 0x7c01085f, 0x0220062c, 0x2509b544, 0x1d1e001e, 
    0x0083111c, 0x1226132b, 0x1f0b0c11, 0x2315012b, 0x0bba4415, 0x35233523, 0x82038333, 0x20988292, 0x0ec24415, 0x23053944, 0xd1bed602, 0xeb229c87, 
    0x4141a3be, 0xffa33505, 0xfe1400ff, 0x05cc025e, 0x03260268, 0x00000079, 0x659a0a06, 0x82059748, 0x3b0324b7, 0x84006506, 0x07012717, 0xb6012f0b, 
    0xed6c4800, 0xb0482105, 0x82055770, 0x0222223b, 0x273b88ca, 0x00e90607, 0xff000087, 0xff255382, 0x07ca02f0, 0x2753852e, 0x910a0701, 0x0a011e00, 
    0x2105cb48, 0xc36e0a01, 0xfe142206, 0x843b893a, 0x497d2023, 0x1422104b, 0x238b75fe, 0xffed0623, 0x242390e0, 0x033dfe11, 0x82838739, 0xff922247, 
    0x0f7762ce, 0x84d1ff21, 0x8825208f, 0xfe90228f, 0x218f85c7, 0x8f85b802, 0x00010023, 0x24238280, 0x0068059c, 0x057f7f12, 0xc74f0120, 0x04032307, 
    0x48188503, 0x9b410d53, 0x0012290a, 0x12261312, 0x1a0b0611, 0x26114f46, 0x7d021121, 0x461265d1, 0xa921054b, 0x0e4946b1, 0xfe3b0423, 0x825682f6, 
    0x4bfe2377, 0x7782cd02, 0x38001b3b, 0x01013540, 0x01000400, 0x4c020005, 0x01020100, 0x03040085, 0x00040300, 0x6f471880, 0x21328209, 0xa7666205, 
    0x12272805, 0x23151111, 0x461c0b06, 0x21210b43, 0x0e3f4611, 0x2d17972a, 0x0c1cad15, 0xd12c01f5, 0x0e238c85, 0x46d4c723, 0x87830a3d, 0x56093a46, 
    0x022705f3, 0x0268059e, 0x82890326, 0x0a06236c, 0x0682379a, 0xff261783, 0x060d03f0, 0x17840065, 0x0b070125, 0x4288012f, 0x8024100f, 0x9c0222fe, 
    0x06223b89, 0x3b8559e9, 0xf0ff7226, 0x2e079c02, 0x01255385, 0xff910a07, 0x100f42f0, 0x3afe8022, 0x23833b89, 0xf35c0020, 0x086b7805, 0x52228382, 
    0x238b75fe, 0xffed0623, 0x0f0f42b2, 0xfee2ff25, 0x870a033d, 0x22478283, 0x429fff92, 0xa220100f, 0x25208f84, 0x90228f88, 0x0f4298fe, 0x7ff22012, 
    0x5e2d061b, 0x5024b04b, 0x0111b558, 0x4c010200, 0x2007821b, 0x05416304, 0x402d1482, 0x01010313, 0x004d5901, 0x62000202, 0xe26d1804, 0x86172008, 
    0x04042215, 0x201a8557, 0x056e4605, 0x82405921, 0x0f102c44, 0x080a0d0e, 0x13000405, 0x70061301, 0x35390ea6, 0x21112111, 0x02060627, 0x01d3ae01, 
    0x605e6c2c, 0xfe2d0179, 0xad2f04e4, 0x08287f0e, 0x87026f2d, 0x77e8a2fb, 0xffff007f, 0x82ff8000, 0x1b0621a3, 0x9326c782, 0x06000000, 0x6682900a, 
    0x11201789, 0x06221787, 0x1e827cee, 0x83010021, 0x2205272f, 0x1b005605, 0xd3849600, 0x160a4026, 0x19010201, 0x0222d882, 0x0c871b4c, 0x02020531, 
    0xb04b594c, 0x4058500a, 0x01040019, 0x8a700401, 0x180520e3, 0x200d9267, 0x7a7e1818, 0x06034108, 0x40211f88, 0x211a8b1c, 0x08410505, 0x07366406, 
    0x13405929, 0x17180001, 0x410f1112, 0x1b22050b, 0x8a4e1b01, 0x0b836c05, 0x41083064, 0xc7240e13, 0x4c5aeb21, 0x2a111641, 0x5ce1d721, 0x57fc0c64, 
    0x837f77e8, 0x5efe32eb, 0x5e04fc04, 0x70001a00, 0x5030b04b, 0x1319b658, 0x21cd8202, 0x08831b4c, 0x01010522, 0x1682e383, 0x02194027, 0x59000001, 
    0x31e3834d, 0x01056204, 0x4d570404, 0x06060107, 0x1b4e065b, 0x1b892340, 0x00620522, 0x2685c483, 0x258a0020, 0x0f405933, 0x1a000000, 0x21231a00, 
    0x11231322, 0x2b1c0b08, 0x07757213, 0x08833520, 0x15333323, 0x065f6d23, 0x11273408, 0x792b0180, 0x01765c5b, 0x7e2c542b, 0x822633e0, 0x287c383c, 
    0x00065efe, 0x72746bfd, 0x95027373, 0xeb51defc, 0x3c475eaf, 0x00cafd4e, 0xff140002, 0x826405f2, 0x001625c3, 0xb56c001f, 0x0a21b482, 0x063a5d01, 
    0x080b1f39, 0x09040306, 0x0a000203, 0x07670004, 0x59050501, 0x0a0a004d, 0x7d026201, 0xbb8205e8, 0x01222193, 0x26835701, 0x2207c144, 0x18154059, 
    0x820d997b, 0x0c1128c0, 0x012b1e0b, 0x6e112315, 0x7b180518, 0x2a08159a, 0xfea76405, 0xad2f04e4, 0xadd3ae7f, 0x012c01ad, 0xfe2d01a3, 0x6c5dfed3, 
    0x02795f5f, 0xd0fd8dbd, 0xe07f77e8, 0x018d99c5, 0x835ffea1, 0x658d2703, 0x6f7b7668, 0x9b420000, 0x42232009, 0x0724069b, 0xa800eb06, 0xea221794, 
    0x17936801, 0x60920a21, 0x80260627, 0x7c04f2ff, 0x4788e905, 0xbc00ed22, 0x1f202f8a, 0x0a231787, 0x8ac80094, 0x88ad2017, 0x01952217, 0x225f9208, 
    0x87d90606, 0x51fe25a7, 0x5e04ae04, 0x9b222f88, 0x2f929202, 0x930a0722, 0x07218f8b, 0x088b431e, 0x8a03ee21, 0x640721ef, 0xeb201788, 0xf2201796, 
    0xef201796, 0x74201786, 0x0620ef83, 0x23073741, 0xd3ec0606, 0x06215f8a, 0x20a78833, 0x074f41ff, 0x0442fe23, 0x25bf877c, 0x900a0701, 0x2b450900, 
    0x4f7f1805, 0xfe80220a, 0x23238b4c, 0x8700ee06, 0x230f4f45, 0x3dfe8000, 0x9222478c, 0x4f45b300, 0x0587440f, 0xf121e38a, 0x219b8a7e, 0x9b886007, 
    0x3367f020, 0xfe802206, 0x22538c3a, 0x91620191, 0x24ef8c77, 0x01960a07, 0x077f415a, 0x06220523, 0x20538223, 0x21648296, 0x27420607, 0x42178c0a, 
    0x178b0a57, 0x1120478e, 0x06204786, 0x21052345, 0xef82ffff, 0x22053a24, 0x17855605, 0x0a070122, 0x00219b90, 0x26ef8201, 0x047a04ef, 0x1811005e, 
    0x4407ef83, 0xa61806fd, 0x12441af8, 0x0420080c, 0xfeec7c02, 0x6e2c01f0, 0x016e6363, 0x11effe2c, 0xa502d7f3, 0x746d6efd, 0x92026d74, 0xf3d75bfd, 
    0xff208783, 0xe7846382, 0xe786b420, 0x07826720, 0x14000226, 0x6405efff, 0x14227b82, 0x7f181d00, 0x8a821477, 0x01090923, 0x05dc5962, 0x1b00002a, 
    0x00151619, 0x11140014, 0x13220082, 0x7f181123, 0x04240877, 0x35242223, 0x2006344a, 0x2e9c8221, 0x14152105, 0x36323316, 0xa8640535, 0x82eeeffe, 
    0xadad2b9e, 0xa2012c01, 0xd3fe2d01, 0xa8835efe, 0x8dbd0228, 0xf3f3d777, 0xd64377d7, 0x83642009, 0x23ab88b1, 0x0326021f, 0x0a23ab84, 0x41c70094, 
    0xc38c06ab, 0xa36c0a20, 0x21db8d08, 0xbb6c920a, 0x3dfe2507, 0x5e047a04, 0x01214785, 0x14436c07, 0x3b8c7320, 0xec060623, 0x076b42d2, 0x1b206b83, 
    0x00243b85, 0xff900a06, 0x0721178a, 0x21178864, 0x178602eb, 0x8c42fe21, 0xff90226b, 0x111f43ff, 0x3b8a6b83, 0x3b87f220, 0xef20178e, 0x1e20178c, 
    0xee206b88, 0x3a206b88, 0x91226b8c, 0xef425801, 0x0c2b4112, 0x44eb0621, 0x178c0857, 0x01960a25, 0x42000058, 0x052c0583, 0x00560522, 0x40310019, 
    0x0201162e, 0x0b078618, 0x48068e42, 0x01210675, 0x08664700, 0x19011922, 0x20057248, 0x0ae17324, 0x20096647, 0x0b984214, 0xeb21c824, 0x9b424d5b, 
    0xd721290e, 0x0b655ce1, 0xf3d710fe, 0x4307df41, 0xc520065b, 0x4309a342, 0x17820c43, 0x2117536e, 0x3b8cefff, 0x178bef8a, 0x6342ef85, 0x23178205, 
    0x03260211, 0x00215382, 0x05bf7206, 0x23102743, 0x6ed90606, 0x210af741, 0x93423306, 0x41ff2008, 0x05210b4f, 0x231787e9, 0xbb00ed06, 0x2109ab42, 
    0x2f886007, 0x4f46f020, 0x51fe2307, 0x93427b04, 0x07002507, 0x6402680b, 0x06212f89, 0x222f88ad, 0x8a070195, 0x20a78317, 0x096773b4, 0x4b42a787, 
    0x7df1210a, 0xfe21a786, 0x0b1b424c, 0x00ee0622, 0x310e074d, 0x1f000100, 0xad040000, 0x0c005e04, 0x1e402100, 0x907e0106, 0x59002106, 0x200a5b5c, 
    0xcf82180c, 0x1627080c, 0x37363617, 0x01012113, 0x0164febb, 0x2717bc3f, 0x18251112, 0xfe3b01ba, 0xfd5e0463, 0x4e984bbc, 0x024c974e, 0x91a2fb44, 
    0x0200235b, 0x3f714c01, 0x54012005, 0xa582057b, 0x01215b88, 0x69821801, 0x01213908, 0x9b011203, 0x18bbc1fe, 0x25121127, 0xc4feb918, 0x5e049d01, 
    0x4402a2fb, 0xfd215d85, 0x20af82bc, 0x84f78200, 0x110625bb, 0xd4032602, 0x20050f41, 0x83068264, 0x3afe2117, 0x1785d383, 0x0a1b5818, 0x8508ef4b, 
    0xae06219b, 0x1e214782, 0x1f831800, 0x3a41180f, 0x001e260c, 0x1818111e, 0x1f831811, 0x69370823, 0x3b01b6fe, 0x17301461, 0x66173317, 0x15641401, 
    0x2e151833, 0x3f016116, 0xcffeb4fe, 0x1427157c, 0x7c142813, 0x63fe5e04, 0x7a7dd65d, 0x9d015fd7, 0xd65f63fe, 0x82d67c7c, 0xa2fb2b09, 0xb448af01, 
    0x47b55858, 0xd78551fe, 0x06ae0623, 0x20bf821b, 0x24d082d8, 0x00900a07, 0x210782e8, 0xef820001, 0x002bb38d, 0x054c0103, 0x03030204, 0x77024d59, 
    0x288206a6, 0x5541b38a, 0x2603280b, 0x06062726, 0x18210307, 0x29096681, 0x4a016405, 0x1561c5fe, 0xb3831630, 0x63ebfe2f, 0x16173415, 0xfe61152e, 
    0x014c01c1, 0x21b38231, 0xb3841413, 0x9d209f82, 0xfe23b585, 0x859d0163, 0x63fe21b5, 0x5120cb82, 0x0122b585, 0x8f4100af, 0x20b78206, 0x22b78823, 
    0x938e0192, 0xeb062317, 0x17948f01, 0x5002ea22, 0x2420178a, 0x91224788, 0x17853f02, 0x833afe21, 0x241785ff, 0x910a0701, 0x8faa1802, 0x05234110, 
    0x88ad0621, 0x01952e3b, 0x000000f0, 0x002a0001, 0x047a0400, 0x9b83185e, 0x0c017212, 0x199b8318, 0x3e412720, 0x073a0805, 0xfe68012a, 0x654401ae, 
    0x1919351e, 0x01692035, 0x01a7fe3e, 0x7cbefe69, 0x1819361f, 0x027c1f33, 0xb020023e, 0x35356d38, 0xfdb0376e, 0xd3c6fddc, 0x34346c36, 0x00d3366c, 
    0x8385ffff, 0x82240621, 0x82e1209b, 0x21bf8293, 0xd7842c01, 0x06219b84, 0x2317861b, 0xd4900a06, 0x2f871e82, 0x025e0424, 0x2f830306, 0x17000128, 
    0xb5045efe, 0xe3826304, 0x2f40322b, 0x010e111e, 0x01000304, 0x342b824c, 0x01026101, 0x4d310101, 0x04030300, 0x02050662, 0x04330404, 0x0817824e, 
    0x1f001f24, 0x21152521, 0x1b080725, 0x0301132b, 0x2323022e, 0x16323335, 0x01131716, 0x1e130121, 0x15333302, 0xd7822223, 0x01034408, 0xe9a4012c, 
    0x2a2a201a, 0x87674242, 0x018f2f63, 0xfe2e010b, 0x2118e75d, 0x4141292d, 0x2f628668, 0xfef7fe90, 0x0106035e, 0x0b2b31ae, 0x596227ea, 0xed01f0fe, 
    0x4afefffc, 0xe90a292d, 0x01585f24, 0x8211fe14, 0x0100336f, 0x56fe1f00, 0x5e04b104, 0x1d001700, 0x060c1a40, 0x51440301, 0x02003309, 0x4e026102, 
    0x03171823, 0x132b190b, 0x36161737, 0x8b423737, 0x01212309, 0x8c820606, 0x45783608, 0x0a745b25, 0x015cfe08, 0x2017bc3f, 0x18271210, 0xfe3b01c4, 
    0xa8bf3325, 0x74fe683c, 0x391909e2, 0x61043c54, 0x9149bcfd, 0x48914b4a, 0x1efb4402, 0xff119f87, 0x257785ff, 0x26021b06, 0x8882e603, 0x900a0623, 
    0x850682ed, 0xa505298f, 0x2700e005, 0x2d403000, 0x28052f58, 0x1d230103, 0x02041718, 0x33451803, 0x6203200c, 0xa18205d5, 0x3327192c, 0x1a0b0424, 
    0x3e37012b, 0x53183302, 0x0722071c, 0xa0853307, 0xb88f2720, 0x1a760330, 0x768a5221, 0x2c17455d, 0x112e4615, 0xad86051c, 0xc9912020, 0x485e042c, 
    0x114b8d62, 0x2c0303d5, 0xb984482e, 0xd1910d20, 0x0220b783, 0x2b084741, 0x0023001a, 0x20344037, 0x04090a0f, 0x14108318, 0x004d5930, 0x01610101, 
    0x1c00004e, 0x001a001b, 0x0082111a, 0x11231929, 0x2b1d0b0a, 0x8c231501, 0x230321b3, 0x0a198318, 0x16161730, 0x37363617, 0xfea69404, 0xa8bf33e8, 
    0xaf86683c, 0x6fa9e330, 0x743f0187, 0x017a2a01, 0xa0fe893b, 0x854116c4, 0xf6022705, 0x8720fd9a, 0xb086119f, 0x9a5f0226, 0x98fe6801, 0x9a210383, 
    0x058b4142, 0x2605b342, 0x0456fe1f, 0x412306b1, 0x07260687, 0x5501ea06, 0x9f410000, 0x23178808, 0x9400920a, 0x05211789, 0x222f88e9, 0x89a900ed, 
    0x24062117, 0x0a231787, 0x8a450191, 0x88ad2017, 0x00952217, 0x225f93f5, 0x6900eb06, 0x1f26054f, 0xb1043afe, 0x2f855e04, 0x0a070124, 0xac180291, 
    0xb38e11df, 0x01960a23, 0x20538a46, 0x243b8511, 0xee060600, 0x82e38a68, 0x03062253, 0x20278ae6, 0x2293881f, 0xa2b50094, 0x0eab42db, 0x23102341, 
    0x5cd90606, 0x3206c342, 0xb1040000, 0x17000806, 0x0cb73400, 0x00030106, 0x714c0102, 0x0c250550, 0x5e020200, 0x064e474d, 0x83401b21, 0x5f00210e, 
    0x59210e86, 0x066a43b5, 0x27070126, 0x07070626, 0x080b6047, 0x33363623, 0x59041632, 0x755b2545, 0xa4010909, 0x17bcc2fe, 0x27120f21, 0xc5fec518, 
    0xbe34db01, 0x05683ba9, 0x059942ea, 0x029ffb23, 0x05df4144, 0x04bcfd23, 0x056b43e2, 0x00003132, 0x5d075d05, 0x39042602, 0x07010000, 0x0701ed06, 
    0x10df4718, 0x8f202385, 0x0a232387, 0x854b0090, 0x18022023, 0x220de3e3, 0x8897075d, 0x00d92247, 0x202390b9, 0x054f441f, 0x24075b41, 0x9e01670b, 
    0x2f748200, 0x00001f00, 0x5e047b04, 0x23000800, 0x04072040, 0x200b6744, 0x33b11803, 0x08290808, 0x12120800, 0x2b180b04, 0x21011121, 0x01211313, 
    0xfebc0111, 0xf23e0163, 0xfe3b01f1, 0x0281015c, 0x010efedd, 0xfe14fdf2, 0x2053848e, 0x20538278, 0x2653821d, 0x402f000b, 0x1801072c, 0x260f4f84, 
    0x02004d59, 0x685f0302, 0x31820665, 0x000b2f08, 0x2211220b, 0x2b190b05, 0x35013533, 0x15213521, 0x15211501, 0xfd270278, 0xfd8103ea, 0xb61b02f8, 
    0xf208ae02, 0x0863fdc7, 0xff0000f2, 0x5f8600ff, 0xfe20cb82, 0x0726c282, 0xb500420b, 0xbb5645ff, 0x45ff2205, 0x059767b0, 0xf4fe7824, 0x83825d04, 
    0x5e00132a, 0x010c0a40, 0x01060201, 0x2705c35d, 0x4058500a, 0x0401051c, 0x7121a382, 0x20178200, 0x828c825f, 0x03032391, 0x8a825f00, 0x4e005725, 
    0x831b401b, 0x8604211e, 0x5e181d94, 0x322d088e, 0x06232211, 0x012b1a0b, 0x23263435, 0x29b78921, 0x15151632, 0x4d3c6203, 0xbf879ffd, 0xa4040128, 
    0x6ef4feb3, 0xc6885549, 0x82afcd2b, 0x00010000, 0x055dfe78, 0x2ba38260, 0x4047001d, 0x00010744, 0x02010801, 0x052b7482, 0x03011302, 0x04011405, 
    0x824c0503, 0x5f012192, 0x3405757e, 0x5f050202, 0x05050106, 0x03004d57, 0x00610403, 0x045b0404, 0x2a1f824e, 0x251c001d, 0x22111424, 0x411b0b07, 
    0x33250a3f, 0x16171632, 0x093c5d16, 0x26262723, 0x08514123, 0xa8734833, 0x3d56343f, 0x65244b21, 0x8a427b3c, 0x3e2a54bc, 0x2c9c8840, 0x506e816c, 
    0x21d11417, 0x44a69023, 0x835f8229, 0x044d22a7, 0x20a782f6, 0x05ab6917, 0x0503022a, 0x15040101, 0x16010501, 0x2305ac63, 0x5f030202, 0x2105376b, 
    0xad840404, 0xac63a282, 0x11132d0c, 0x090a0c0e, 0x03040608, 0x17011700, 0x2006ac63, 0x0a344135, 0x08aa4818, 0xfe5a0425, 0x4187fd97, 0x3a2a09f9, 
    0x182c1645, 0x014dfe40, 0xa088763d, 0x6998fe21, 0x0b4207a4, 0x23062107, 0x25050b42, 0xea060700, 0x23423101, 0x24062109, 0x0a231787, 0x8a210191, 
    0x222f8717, 0x52930a06, 0x7823064b, 0x66040000, 0xfe2005fb, 0x0622f382, 0x1787920a, 0x043afe25, 0x855e041d, 0x07012147, 0x08078318, 0x2508034b, 
    0x7800ffff, 0x238b75fe, 0x00ed0623, 0x0d3b4e85, 0x00020023, 0x3a5f8282, 0x00d205bb, 0x0017000e, 0x00244027, 0x04050001, 0x00670501, 0x03020004, 
    0x82670204, 0x4d563673, 0x57030300, 0x21244e03, 0x10212611, 0x2b1c0b06, 0x17112113, 0x07e86032, 0x01211137, 0x35363633, 0x23232634, 0xde340182, 
    0x7f7ff6b2, 0xfedeb2f6, 0x380b82cc, 0x877d7d87, 0xfed205de, 0xcd7701ed, 0x76cd8281, 0x2002ccfe, 0x5a587c01, 0x20658281, 0x20778287, 0x1877825e, 
    0x2d07a744, 0x01035f02, 0x4d2e0202, 0x2f010100, 0x76824e01, 0x05000539, 0x08041111, 0x15012b18, 0x11211121, 0x5afd5e04, 0xd205cffe, 0x822bfbfd, 
    0x00022635, 0x05000031, 0x260982c0, 0x00070003, 0x4c234026, 0x368205d9, 0x02254182, 0x03600102, 0x25478601, 0x03000405, 0x48820300, 0x332b173d, 
    0x25012101, 0x31230121, 0x87010502, 0x0afc0302, 0xd6fe5f02, 0xfad2050c, 0x8203fd2e, 0x0003228e, 0x57ae185e, 0x001f320a, 0x083b403e, 0x04000501, 
    0x67040502, 0x01030300, 0x219a8261, 0x10744d34, 0x00352e09, 0x111c1c4e, 0x1c000110, 0x1e1f1c1f, 0x6aae181d, 0x0809240b, 0x18052b16, 0x270734a5, 
    0x15120432, 0x03040214, 0x820a5d6d, 0x183520d2, 0x200d06a2, 0x6eae18b7, 0xb3012309, 0xa218f4fd, 0xf3220c00, 0xae18abfe, 0x02230a72, 0x82c8c852, 
    0x827120d2, 0x860f20ff, 0x000b26ff, 0x003a403d, 0x32ad8404, 0x01076705, 0x5f020303, 0x2e020200, 0x0000004d, 0x41065f01, 0x0831050a, 0x00040408, 
    0x080b0800, 0x04090a0b, 0x06070407, 0x2a458205, 0x08091103, 0x35332b17, 0x86011521, 0x04713403, 0x046efb9e, 0x03c8fb85, 0x04fdfdec, 0xfdfdfdd5, 
    0x41f8f8a0, 0x052c05af, 0x00d20573, 0x40210007, 0x0101001e, 0x28052745, 0x01024d2e, 0x002f0000, 0x2c69824e, 0x11070007, 0x08051111, 0x11012b19, 
    0x2f018421, 0xcefe7305, 0xcffe77fd, 0x2efad205, 0x2bfbd504, 0x27823e82, 0x6c000122, 0x2120bb82, 0x1c2d0c82, 0x32403500, 0x00010109, 0x03051314, 
    0x21a68202, 0xb2490203, 0x825f2005, 0x45bd8226, 0x2f21078d, 0x255f8303, 0x391c001c, 0x5f831a31, 0x01353328, 0x26373636, 0xb4832726, 0x22214508, 
    0x17161627, 0x06071517, 0x33360706, 0x016c1521, 0x3065276b, 0xfe27642f, 0xfe8404b5, 0x32899d0a, 0xf6f4306c, 0x97377e38, 0xe10502b0, 0x58277301, 
    0x27562627, 0xfde84d01, 0x30592605, 0x3afd6df9, 0xfd062c6b, 0x032e7082, 0xb7ff5e00, 0x1b06c806, 0x1c001500, 0x9b832300, 0x171d1e39, 0x01000416, 
    0x02004c01, 0x57020501, 0x04010103, 0x01050001, 0x44006900, 0x022206f4, 0x39824f05, 0x15001539, 0x16111116, 0x1b080711, 0x2635052b, 0x34350224, 
    0x35372412, 0x41161521, 0x2a0805fa, 0x11011507, 0x14150606, 0x36110116, 0x26343536, 0xfec70103, 0x01acacd0, 0x2401c730, 0xac3101c6, 0xc6cffeac, 
    0xc2addcfe, 0x82d101c2, 0x88492c04, 0x2d01b20a, 0x2d01c1c1, 0x82880ab2, 0xd3fe250b, 0xd3fec1c1, 0x012c0b82, 0x0d5c0384, 0xe3bebee3, 0xa4fc4f03, 
    0x97410884, 0xa1063a05, 0x1b00d205, 0x22402500, 0x03050107, 0x05020101, 0x04066901, 0x2e000002, 0x26a7824d, 0x114e022f, 0x82141411, 0x08102e03, 
    0x012b1e08, 0x02141121, 0x21110704, 0x82a78311, 0x16142306, 0x06821716, 0x023e3c08, 0x01740535, 0xe3fe9f2d, 0xbfdcfebf, 0x019ee2fe, 0x7f923e2c, 
    0x927e2401, 0xfed2053e, 0xd5fee658, 0x86fe0897, 0x97087a01, 0x01e62b01, 0xa05dfea8, 0x030456bd, 0x04a6fc5a, 0x82a0bd56, 0x005e3587, 0x05e30500, 
    0x002300e6, 0x222f4032, 0x04031116, 0x4c010400, 0x2c077a64, 0x01024d34, 0x5f030000, 0x03020506, 0x05ce4103, 0x23002336, 0x27171126, 0x1b080711, 
    0x2135332b, 0x35022635, 0x33241234, 0x24052d43, 0x15211507, 0x052c4121, 0x06222324, 0xa2821415, 0x01624708, 0xb5b7d083, 0xcfce3f01, 0xb8b53f01, 
    0xfd8301cf, 0xd59581b5, 0x94d6b4b3, 0x3138f682, 0xc9bf1b01, 0xafaf3501, 0xbfc9cbfe, 0x3831e5fe, 0x208901f6, 0xe5c8a7d5, 0xd5a7c8e5, 0x0077fe20, 
    0xffff0000, 0x00004c00, 0xa382f206, 0x1204272a, 0x00000f01, 0xfa0a0701, 0x1407d618, 0x4b2027a7, 0xf3234f82, 0x8300f105, 0x8210204f, 0x0a06214f, 
    0x14b7be18, 0x86080721, 0x84252073, 0xfb832223, 0x061348a8, 0x08c7c718, 0x08000023, 0x21238576, 0x23849302, 0x23858420, 0xea180220, 0x08210c17, 
    0x2023869b, 0x182384b8, 0x2114278e, 0x23868008, 0xab189d20, 0x01200adf, 0x9e20478e, 0xbb202386, 0x87202384, 0x07236b93, 0x844707ba, 0x84d720d7, 
    0x4b882223, 0x18b383bc, 0x220e57c9, 0x842e07d2, 0x18ef2023, 0x27156f8e, 0x000083ff, 0x1906a106, 0x00212383, 0x262382be, 0xff8d0a07, 0x86f6ff5b, 
    0xb0f623fd, 0x97412b35, 0xfe4b2305, 0x47410612, 0x2700250a, 0x2103e609, 0x240a4f41, 0xffb80102, 0x06fb5fbf, 0x4f412b82, 0x202b840b, 0x0a574136, 
    0x0f1fc918, 0x2b0a5741, 0x840a2600, 0x0701a8fb, 0xa404e609, 0x09217882, 0x0c1741b1, 0x4112fe21, 0x57830b5f, 0x41c90421, 0x02200a67, 0x820b4341, 
    0x0a67412b, 0xae202b84, 0x8f0a6f41, 0x0a6f412b, 0xcc202b84, 0x8e0a7741, 0x0b77412b, 0xe820db84, 0x830a7f41, 0x97e8182b, 0x4107200a, 0x57840a7f, 
    0x0123d482, 0x18890a06, 0x2a109feb, 0x0512fe5e, 0x02e605e3, 0x82120426, 0x21ff8222, 0x07821102, 0x5f00013b, 0xda05ecff, 0x2500d205, 0x27402a00, 
    0x02020816, 0x044c0100, 0x01000001, 0x119c185f, 0x61052c08, 0x5d050500, 0x11274e05, 0x60112717, 0x34260531, 0x21353712, 0xd1442135, 0x16550805, 
    0x36363233, 0x27263435, 0x21152111, 0x15121615, 0x23040214, 0x5f022422, 0xe7fe8198, 0x9f774b02, 0x7373b264, 0x789e65b1, 0xe8fe4a02, 0xfeb49781, 
    0xfecdcdc4, 0xab02b4c3, 0x520f01bd, 0xc2fefd0c, 0x81a5fd31, 0xcd7777cd, 0x31fda581, 0x0cfd3e01, 0xbdf0fe51, 0x222182ce, 0x843d01b4, 0x004b2ca3, 
    0x05610500, 0x001f00e6, 0x822d4030, 0x01002aa3, 0x03010f1e, 0x4c020004, 0x2da98303, 0x01010261, 0x054d3401, 0x2f040401, 0x31824e04, 0x1f001f2e, 
    0x33242625, 0x2b1a0806, 0x26011121, 0x26097963, 0x36131317, 0x18323336, 0x08072c7c, 0x11010740, 0xd2fe3f02, 0x2a0f451f, 0x4a202405, 0x369c662c, 
    0x9432bebd, 0x214f286f, 0x0d2a0526, 0xfe0d3227, 0x02e901d0, 0x010445b6, 0x68110beb, 0x011cfe8d, 0x107d81db, 0x0401ed0a, 0x4efd1e27, 0x4f4413fe, 
    0x1c072105, 0x27249b82, 0xbb012804, 0x841a4f44, 0x8f0725c3, 0x28042602, 0x90222584, 0x074d5800, 0x02003a0d, 0x46fe3e00, 0xd205a405, 0x1d001300, 
    0x20402300, 0x03020513, 0x4c010003, 0x26e48201, 0x03004d56, 0x51610203, 0x5e08055e, 0x1012262c, 0x2b1a0b04, 0x01012113, 0x12160121, 0x23061415, 
    0x34352622, 0x1337023e, 0x14150606, 0x34353233, 0x5b013e26, 0x57015801, 0xe6fd5c01, 0xa3c36b62, 0x2f13c8a4, 0x1e994053, 0x203e3d21, 0xfffcd205, 
    0xacfb0103, 0x48f5fed7, 0x83929678, 0xb9764c1f, 0x44c1fe8b, 0x4b4a296d, 0x82006d29, 0x00022600, 0x04000087, 0x2f8b82dd, 0x0015000c, 0x002e4031, 
    0x04050002, 0x00670502, 0x5f208c82, 0x2d082082, 0x04004d20, 0x065f0304, 0x21030301, 0x00004e03, 0x0d0f1315, 0x0b000c00, 0x07111121, 0x332b1907, 
    0x21152111, 0x04322111, 0x23041415, 0xf6482125, 0x21250805, 0xfdd30387, 0xe13e015e, 0xfafe0601, 0x01c2fee1, 0x7f7f6e12, 0x05eefe6e, 0x99fefad2, 
    0xf7d2ccdc, 0x5c6273f1, 0x05cf4670, 0x065e0429, 0x000900fe, 0x691c401f, 0x00230511, 0x825f0200, 0x837682fc, 0x114e21f2, 0x04220082, 0x174a1a07, 
    0x091b4a06, 0x01b40222, 0xfd30dd82, 0xd2052bfb, 0xd4fe2c01, 0x1400ffff, 0xab0450fe, 0x262fc782, 0x004d7d09, 0x720b2600, 0x060000e2, 0x826e480b, 
    0x4b002550, 0xa706c0fe, 0x0f321b82, 0x33001600, 0x05083040, 0x03000302, 0x07070053, 0xe7825f01, 0x064d202d, 0x00000202, 0x04005f04, 0x82042104, 
    0x121327e3, 0x0f001011, 0x7b820f00, 0x0911152e, 0x132b1b07, 0x023e3311, 0x11211337, 0x1123ee82, 0x82131121, 0x03280887, 0x8c4b0206, 0x103d5432, 
    0xbc0f0432, 0xfdfbd3fe, 0xfe8702be, 0x54121f3a, 0x3d02c0fe, 0xc5f08525, 0x2bfb7602, 0x4001c3fd, 0x03300f83, 0xdb87fed8, 0x0000d0fe, 0x33000100, 
    0x59080000, 0x15258b82, 0x33403600, 0x31898310, 0x01084c01, 0x03010500, 0x67030002, 0x0307090a, 0x91820101, 0x02020426, 0x4e022102, 0x15243282, 
    0x12111500, 0x04838a82, 0x1f070b24, 0x5818012b, 0x23200769, 0x09b55618, 0x11332f08, 0x01a4de04, 0xfe770149, 0xfecb014c, 0xcdbefe94, 0xfec9d0fe, 
    0x0198feb6, 0x0140fed4, 0x9c520179, 0x88fdd205, 0x41fd7802, 0x5d02edfc, 0x0383a3fd, 0x02110323, 0x271383c1, 0x3300ffff, 0xbe08c0fe, 0x26229382, 
    0x70823004, 0x460b0734, 0x00000507, 0x6300ffff, 0xcc04ecff, 0x0602e605, 0x17824105, 0x87000126, 0x8e050000, 0x0c2b2782, 0x2a402d00, 0x01040107, 
    0x18004c01, 0x820a7dd4, 0x42cf82b6, 0x00230527, 0x840c000c, 0x070723b6, 0x59182b1b, 0x23320a1e, 0x31018711, 0x01a701ac, 0x02eefd6a, 0xfe96fe2b, 
    0x9a82ab3f, 0xc1189083, 0x174207db, 0x8d052105, 0x14256782, 0x35403800, 0x22678406, 0x82010109, 0x01052e08, 0x01086704, 0x4d200202, 0x00050500, 
    0x2294825f, 0x42074d22, 0x1422059a, 0x24411113, 0x0a102606, 0x012b1f07, 0x08264133, 0x35231525, 0x82211123, 0x33280801, 0x24ad1002, 0x68011f01, 
    0xaa017bfe, 0xd8fe94fe, 0xfe5bad3c, 0x5b2e01d2, 0xfffe6a04, 0x3dfd6902, 0x4a02f1fc, 0xb6fde1e1, 0x97219182, 0x23878300, 0x3605a0fe, 0x16248782, 
    0x31403400, 0x22074d73, 0x4d060500, 0x03280533, 0x02660304, 0x20000001, 0x06238282, 0x68062106, 0x2422060e, 0x88821611, 0x1c070822, 0x1639f688, 
    0x00101700, 0x36322721, 0x23262627, 0x01871121, 0xaa016c29, 0x16fe6a01, 0x2cd382e9, 0xf7fed1fe, 0x02918001, 0xfe92b002, 0x337882e8, 0xfd680298, 
    0xd8fe1f57, 0xfee9feed, 0xa6c2ebc2, 0xa9fdbba9, 0x4b248b83, 0x79050000, 0x11278b82, 0x24402700, 0x42030300, 0x002506ba, 0x61020000, 0x092d4205, 
    0x10001132, 0x21141111, 0x2b1a0706, 0x32333533, 0x13373636, 0x2708fa83, 0x02060321, 0x284b2306, 0x0e2b534a, 0xfeef0341, 0x3557fece, 0x99cc7515, 
    0xadc34ffd, 0x2efa1603, 0x88fdd504, 0x6bf9feeb, 0xff214e82, 0x071b4dff, 0x01060233, 0xff00006f, 0xfe8700ff, 0x054b05c0, 0x0b2602d2, 0x23208253, 
    0x01470b07, 0x2005cb42, 0x20938231, 0x3193825d, 0x40280015, 0x02060c25, 0x4c010100, 0x01010102, 0x26824d20, 0x04600322, 0x82059941, 0x00152b0b, 
    0x21141814, 0x2b190705, 0x94821121, 0x08102a56, 0x7b0d0131, 0x110e504d, 0x6201edfd, 0x19473aa6, 0x95344c1c, 0xeefd5901, 0x01a6bc40, 0x362f2a0c, 
    0x8ffe3704, 0x6265e880, 0x710182e9, 0x938e4ffb, 0x82030000, 0xa82108a3, 0x2a065106, 0x16001100, 0x2b001b00, 0x17182840, 0x0a101213, 0x01080107, 
    0x004c0100, 0x00010100, 0x22798257, 0x82025f01, 0x4f012109, 0x11330a82, 0x03181100, 0x052b1707, 0x11002435, 0x35250010, 0x83041521, 0x15053708, 
    0x11241111, 0x04110110, 0xc0021011, 0xc0fedefe, 0x22014001, 0x03822f01, 0x82fe4021, 0x36012c0f, 0xcafe9bfd, 0x0117c058, 0x82150155, 0x18552801, 
    0xfe18bfbf, 0x82ebfeab, 0x17ab3401, 0xfcc604c0, 0x5a012af7, 0x21fd5b01, 0xfe2a0903, 0x41a6fea5, 0xea230833, 0x4100d205, 0x46220733, 0x83823104, 
    0x4b000126, 0x7707c0fe, 0x0f301782, 0xb04b5b00, 0x40585022, 0x0205001e, 0x07085405, 0x5f3ca783, 0x00000103, 0x01044d20, 0x60060202, 0x21060600, 
    0x401b4e06, 0x0004001f, 0x63050405, 0x0020228c, 0x59222189, 0x59821040, 0x2005af44, 0x24008211, 0x2b1d0709, 0x20dc8213, 0x05f44221, 0x07830320, 
    0x044b2608, 0x026cfe8e, 0x9f320161, 0xfbddfe0d, 0xfad804cd, 0x0425fcfa, 0xfd1cfbd5, 0x044001d2, 0x000100d8, 0x05000080, 0x2a978222, 0x40330014, 
    0x02010d30, 0x82011201, 0x004c2a63, 0x00010502, 0x69000204, 0x05d74103, 0x2104043a, 0x00014e04, 0x0e0f1011, 0x0506090b, 0x14011400, 0x2b160706, 
    0x26262201, 0x20082a5e, 0x08788437, 0x02060628, 0x84ee9e90, 0x918a3101, 0x013c9355, 0x4ccefe32, 0x670f02aa, 0xcf01b1dc, 0x888747fe, 0x82021f27, 
    0x78022efa, 0xbc823138, 0x00ffff27, 0x05c0fe80, 0x227f82c1, 0x823d0426, 0x0b072710, 0x00080446, 0x1782ff00, 0x02209785, 0x01271784, 0x01440b07, 
    0x4aa7fff1, 0xa7240655, 0x002b35b0, 0x20062f44, 0x2ebb8729, 0x00020112, 0x0201010d, 0x01054c02, 0x82020000, 0x00692bc5, 0x4d200404, 0x01010103, 
    0xbb930121, 0x18163221, 0x20099554, 0x23bb8407, 0x19033636, 0xfe2ebb82, 0x549289ce, 0xcffe3d93, 0xab4c3101, 0xbb82c303, 0x0131fe23, 0x25bb83b9, 
    0xd2057efd, 0xbb8488fd, 0x00010027, 0x0600004b, 0x257f82a8, 0x403d0017, 0x7f82153a, 0x7f840c20, 0x7f870720, 0x04010628, 0x005f0504, 0x858a0505, 
    0x12131423, 0x08e26711, 0x1701172a, 0x2b160708, 0x11043201, 0x07155518, 0x35208884, 0x0805194d, 0xeda0042c, 0xcffe1b01, 0x90549083, 0xfecffe3c, 
    0xfef30438, 0x03a74a06, 0xf8feeb9d, 0x940156fe, 0x1f278986, 0xd504a3fd, 0x60fefdfd, 0x0f413137, 0x63072105, 0x0b298f82, 0x1c401f00, 0x00020204, 
    0x21788500, 0x83826005, 0x4e052123, 0x24008311, 0x1c070610, 0x051c442b, 0x2133f384, 0x01310187, 0x012a01a8, 0xf93201a7, 0xfbd20524, 0x83d5042b, 
    0x2efa2203, 0x06034400, 0x82020821, 0x04262253, 0x059f4142, 0x82490621, 0x84022007, 0x525320fb, 0x36220653, 0x6d783340, 0x01062208, 0x05cd5403, 
    0x4d202608, 0x02040400, 0x0202005f, 0x0f4e0221, 0x0f00000f, 0x12160f17, 0x000e0010, 0x1121260e, 0x2b190708, 0x11213513, 0x07635221, 0x01112122, 
    0x36310c82, 0x23263435, 0x01c4024b, 0x8bffaf0b, 0xfdafff8b, 0x089c82c4, 0x8c7d0b21, 0xd8047d8c, 0x75f5fdfa, 0xdb9792d6, 0xfdd80478, 0x8125fefb, 
    0xff7a6c74, 0x008700ff, 0x84d30600, 0x8246209f, 0x00072497, 0x481b05c5, 0xfc2008df, 0x0c2f1782, 0x29001500, 0x00002640, 0x03040105, 0x82670400, 
    0x3899828f, 0x60010303, 0x21010100, 0x0d0d4e01, 0x140d150d, 0x20261122, 0x2b1a0706, 0x218f8a01, 0x90871121, 0x91b80121, 0xc703218f, 0x05238c85, 
    0x8501fdd2, 0x2776828c, 0x4b000200, 0x9f080000, 0x1a327782, 0x3a002300, 0x02003740, 0x00070109, 0x00670702, 0xba450404, 0x01062606, 0x61030000, 
    0x06324708, 0xae821b20, 0x1b231b31, 0x001c1e22, 0x1119001a, 0x21142126, 0x451b070a, 0x21410bc4, 0x23042105, 0x21057d48, 0x27412306, 0x28270809, 
    0x0e2b524b, 0x01d20341, 0x8bffaf0a, 0xaf00ff8a, 0x71fec4fd, 0xca731536, 0x01e10498, 0x8d8d7d0a, 0xc14ffa7d, 0x411d03ab, 0x82260a38, 0x6bfafee9, 
    0xb187d302, 0x87000222, 0xb220af82, 0x1432af82, 0x38001d00, 0x01033540, 0x02080a01, 0x05010705, 0xa7820267, 0x004d203c, 0x60040707, 0x04020609, 
    0x4e042104, 0x00001515, 0x1c151d15, 0x14001618, 0xac821400, 0x11111123, 0x06f1460b, 0xcd419e82, 0x0acf410b, 0x2d018726, 0x31018902, 0x2f094341, 
    0xba0377fd, 0x8c7d0b01, 0xd2057d8c, 0x0e02f2fd, 0x02239f87, 0x892dfdd3, 0x012b089b, 0xecff5700, 0xe6058d05, 0x48002000, 0x06004540, 0x06050405, 
    0x01008004, 0x01030203, 0x04008002, 0x04010300, 0x05006703, 0x82610705, 0x252608a5, 0x0202004d, 0x01086100, 0x00260000, 0x1a00014e, 0x12141518, 
    0x0c0d0e10, 0x0507090b, 0x01200004, 0x16070920, 0xee18052b, 0x3623084c, 0x70352137, 0x07230581, 0x50363621, 0x49080794, 0xbdda0204, 0x11a1ecfe, 
    0xb4183401, 0x17c59886, 0x0d02effd, 0x8794c21b, 0xcbfe17b1, 0x1201b016, 0x3901c4aa, 0xc7feb4b6, 0x8bf19614, 0xc0bf8184, 0x81b7b1f9, 0x7deda783, 
    0xf3a9feb4, 0xb4aafef2, 0x02000000, 0xecff8700, 0xb782f907, 0x22001624, 0xb9756e00, 0x82212005, 0x06032218, 0x3aae8200, 0x61010707, 0x01020508, 
    0x094d2501, 0x02060601, 0x02010461, 0x4e022602, 0x8729401b, 0x01082523, 0x4d200505, 0x0122d382, 0x27830061, 0x04040023, 0x822c8621, 0x222b82e3, 
    0x18164059, 0x2c0dd746, 0x23261311, 0x1b070a11, 0x3311012b, 0x08615136, 0x2223042a, 0x23270224, 0x01112111, 0x080b9854, 0x18dbb827, 0xb42601be, 
    0xb73a01c5, 0xc5c6feb7, 0xbed7feb7, 0xcffed815, 0xd4adbc04, 0xd4aeadd4, 0xfdd205d4, 0x1d01cb97, 0x35d38395, 0xb4abfef3, 0xd026019a, 0xd20584fd, 
    0xf0fd29fb, 0xf0fffef1, 0xe382feef, 0x00002b28, 0xd205ba04, 0x3f4c0d00, 0x01062e05, 0x4c010501, 0x00050106, 0x01050001, 0x39b18267, 0x03005f03, 
    0x024d2003, 0x21000001, 0x0e0e4e00, 0x140e150e, 0x11112622, 0xa6820710, 0x21214a08, 0x21012311, 0x35262601, 0x21330034, 0x22231101, 0x21141506, 
    0xcffeba04, 0xfee4fef0, 0x803d01ae, 0xfe170188, 0xcffe4502, 0x01878cdb, 0xfd140212, 0x364502ec, 0x01dc99d9, 0x0139fd09, 0xe27178cb, 0x00ffff00, 
    0x048eff87, 0x05fb4bff, 0x00000027, 0x00510b07, 0x05b344df, 0x088eff23, 0x211783b5, 0x17850e04, 0x82950421, 0x00012607, 0x05ecff5e, 0x084f4294, 
    0x04030235, 0x80040203, 0x06050700, 0x80060705, 0x05000400, 0x56050407, 0x25220806, 0xf318004d, 0x26320729, 0x00014e00, 0x181a1c1d, 0x13141516, 
    0x0c0d0f11, 0x4f420709, 0x07d3520a, 0x42171621, 0x1521074e, 0x05fd5821, 0x06062128, 0xc7120304, 0xf318c8fe, 0x172f0be3, 0xc29487b1, 0xfd0e021c, 
    0x98c517ef, 0x1817b486, 0x2b11e9f3, 0xb1b78183, 0x81bfc0f9, 0x96f18b84, 0x0220b782, 0xeb22b782, 0xb7821208, 0x38002c24, 0x4f429300, 0x290c2e05, 
    0x07040216, 0x0002032a, 0x1b4c0204, 0x230e8940, 0x594c0206, 0x20232285, 0x82000500, 0x690723d0, 0x594e0300, 0x4d253205, 0x04040106, 0x08016100, 
    0x26000002, 0x401b4e00, 0x2022912b, 0x41218900, 0x2d870500, 0x17405936, 0x32340001, 0x1c1e2427, 0x0e0f1315, 0x04060c0d, 0x2c012c00, 0x24055443, 
    0x23062726, 0x05135522, 0x22113329, 0x12141506, 0x18373233, 0x3308fa52, 0x02141516, 0x32331607, 0x06173736, 0x36360106, 0x23263435, 0x9c082483, 
    0x5ba60616, 0xf5db59bb, 0xbea4feef, 0xc53b01b7, 0xeee5d4ad, 0x755c5156, 0xa7a6fb8b, 0x849b8cfb, 0x8a3a1c15, 0xcd4d574e, 0x9e8748fe, 0x8d6e6e8e, 
    0x242a1570, 0x5601b54d, 0x5701f3f1, 0xfef1feb4, 0xfefeebf1, 0x0b01690c, 0x0101ac96, 0xa4f6898d, 0x6bddfeb2, 0xf1211601, 0x7f011d25, 0x7c8de74a, 
    0x7c86a79c, 0x000200e1, 0x06ecff14, 0x00e605bc, 0x002b0023, 0x0db04b88, 0x2f405850, 0x03090200, 0x00720203, 0x01060107, 0x08800607, 0x01050301, 
    0x01030701, 0x0909006a, 0x04006104, 0x06ff4104, 0x4f440a20, 0x401b2205, 0x23318330, 0x80030209, 0x593b32a7, 0x00011b40, 0x2425282a, 0x1b1d1f20, 
    0x12141819, 0x090a0e0f, 0x23000406, 0x440b2301, 0x022b0589, 0x26222327, 0x15213535, 0x43161614, 0x3c4208b6, 0x0159080b, 0x23022e21, 0x33040622, 
    0xbed9feb4, 0xb1bb0317, 0x2c0b0601, 0x01b81631, 0x01c2bf2a, 0xfefba021, 0x7d96cd1a, 0x37011fa4, 0xf0feaf15, 0xda02e0fd, 0x70984e02, 0x9914cc9d, 
    0xb0ce2201, 0x433241bb, 0x01c9113d, 0xfeb29c23, 0xb7bacbc6, 0x936c7ac3, 0x700380e2, 0xc467ac68, 0x3a008200, 0xff630002, 0x059e05ec, 0x001800e6, 
    0x403e0020, 0x0203003b, 0x01030201, 0x4c010080, 0x022106eb, 0x0b094102, 0x09410720, 0x00013205, 0x191a1d1f, 0x0c0d1012, 0x0506080a, 0x18011800, 
    0x82cd8608, 0x262621c9, 0x4f45ae82, 0x21132d0c, 0x3233021e, 0xc1e10236, 0x039ee1fe, 0xfe30b086, 0x01af15c9, 0x01c4a710, 0xfeb0b73b, 0x26fdafc4, 
    0xb222b786, 0xa8843a01, 0xe2926b2d, 0xa8feb680, 0xaafeecf1, 0x858a02b9, 0x4eff20b0, 0xce300597, 0x0602d205, 0x00004b05, 0x31000100, 0xdf050000, 
    0x0f29bf82, 0x0eb54100, 0x01010201, 0x05f9424c, 0x01001126, 0x03610001, 0x2521af82, 0x057f484d, 0x15401b27, 0x20030300, 0x8218844d, 0x2f17873b, 
    0x1311b659, 0x07042221, 0x36012b1a, 0x11333336, 0x0121bd83, 0x08018221, 0x05043333, 0x4c9eb739, 0x16323322, 0x79fe7bfe, 0x5401fbfd, 0x040e6d01, 
    0xfeaeb682, 0xfb3c3df2, 0xfbd205a1, 0xff00008c, 0xff4b00ff, 0x058c068e, 0x012600d2, 0x2457829b, 0x02510b07, 0x3307826c, 0xff510002, 0x067a04e8, 
    0x00200024, 0x4036002d, 0x03011333, 0x202b9e82, 0x1a1c1d1f, 0x01171819, 0x824a0109, 0x02032abf, 0x04690301, 0x00020201, 0x38338261, 0x224e0060, 
    0x21272921, 0x262d222d, 0x180b0527, 0x1607012b, 0x02141512, 0x74791806, 0x3317220a, 0x271b8226, 0x27263727, 0x25171637, 0x4305d545, 0x5408064b, 
    0x9fa7ba03, 0xa5f183c8, 0x7384ed9f, 0x916886cc, 0x8427102b, 0x16cdfe56, 0x226a60cf, 0x0701adc8, 0x8377c5fe, 0x7c566f35, 0x7c057c7b, 0x86fe8655, 
    0xf5feb6ec, 0x9ff18892, 0x558aed95, 0x47a25535, 0x3d698b9c, 0x7034a22d, 0xafcafa86, 0x5892568d, 0xb88988b3, 0x34c78400, 0x6c044d05, 0x25001500, 
    0x09408900, 0x0c0f1225, 0x01040504, 0x05257e4c, 0x04001839, 0x02610104, 0x37010101, 0x0505004d, 0x06036100, 0x35000002, 0x721b4e00, 0x1c200540, 
    0x03221f8b, 0x41182f03, 0x23830948, 0x00204026, 0x4d310202, 0x00202384, 0x228f4284, 0x40595939, 0x22000113, 0x111a1c20, 0x090d0e10, 0x01150007, 
    0x16080715, 0x4422052b, 0x1723095c, 0x82032113, 0x020e2702, 0x022e3513, 0x4e7e2223, 0x365b0805, 0x5d023736, 0x8483ec9d, 0xa0839fed, 0x01371557, 
    0xfe9c8d17, 0x531442e6, 0x4811d3a2, 0x8d7d5d79, 0x7f5e7889, 0x91180f4c, 0xafae0401, 0x5a8f0301, 0x1f01498a, 0xd1fdd1fd, 0x994d3401, 0x03470266, 
    0xb1619752, 0x65b29d9e, 0x00004e9b, 0x00ffff00, 0x05e8ff51, 0x0223064d, 0x82560426, 0x0a072410, 0x8a4c01fa, 0x88322017, 0x01822217, 0x221794b3, 
    0x94a30183, 0x00842217, 0x201794e1, 0x07831885, 0x89778308, 0x9686205f, 0x8b87202f, 0x8b07212f, 0x88228f88, 0x5f890e01, 0x8922178a, 0xd7943201, 
    0x80018d22, 0xfe211785, 0x87ef8212, 0x09272477, 0x843a01e6, 0x96df88f7, 0x96e7881f, 0x96ef881f, 0x96f7881f, 0x96ff881f, 0x0807411f, 0xef881f83, 
    0x0f41bf89, 0x411f9608, 0x1f200d17, 0x22084741, 0x41c50094, 0x0521092f, 0x231787e9, 0xba00ed06, 0x420a2f41, 0x6f89071f, 0x210c4f41, 0x37876c04, 
    0x23054f41, 0x5100ffff, 0x3791c784, 0x200d5f42, 0x24378611, 0x79ee0606, 0x876f8a00, 0x866f8717, 0x02002d1f, 0x5efe8000, 0xe6059104, 0x2c001600, 
    0x34053961, 0x01150504, 0x4c020301, 0x04000500, 0x69040503, 0x00060600, 0x084b8261, 0x084d3421, 0x01030301, 0x01010061, 0x01074d2f, 0x02330202, 
    0x0017184e, 0x21252700, 0x171c1e1f, 0x822c182c, 0x2c162b43, 0x18080923, 0x3411132b, 0x8f4c3300, 0x60072005, 0x2224061b, 0x13112726, 0x22055d4a, 
    0x4a333523, 0x4d080866, 0x80161411, 0x95e00f01, 0x75827adc, 0xcf79a985, 0x248c7681, 0x747d6be7, 0x5d436d64, 0x605b6c6c, 0x5efe796f, 0x01f49305, 
    0x7dbf6b01, 0x26228e7e, 0xc7849ba6, 0xfd5c616f, 0x749002b1, 0xca746463, 0x64565767, 0xacfd5a69, 0x01007a60, 0xcb821f00, 0x5e04ad22, 0x1183ac18, 
    0x034d3122, 0xc782b085, 0x0e000e25, 0x82041218, 0x110121a4, 0x0c83ac18, 0xfed00123, 0x0ce36c4f, 0x5efe4f26, 0x9a046601, 0x220ae76c, 0x4597fe69, 
    0x862a08b3, 0x1e00d205, 0x39002a00, 0x79823640, 0x01040523, 0x083f4905, 0x4d2e2308, 0x04040107, 0x01066100, 0x00350000, 0x011f204e, 0x1f242600, 
    0x122a202a, 0x070d0f10, 0x011e0006, 0x9b44081e, 0x35262605, 0x2e372434, 0x22058202, 0x44153321, 0x17230592, 0x1815021e, 0x080f0298, 0xf2a16c44, 
    0xdd0f0188, 0x015fa46a, 0x7e43012d, 0x7c7aad9f, 0x6eac5d9b, 0x69a0f387, 0x6a698383, 0x7c188383, 0xe5eca6eb, 0x5935140a, 0xee977f4a, 0x43302c2f, 
    0xd67c1420, 0x7ceba69b, 0x929288f3, 0x92929898, 0xa5820088, 0xecff4e31, 0x6c042b04, 0x44002900, 0x10114140, 0x82020302, 0x270334a8, 0x04050226, 
    0x03004c03, 0x03050400, 0x02006704, 0x45610102, 0x05210565, 0x2fc48805, 0x22240001, 0x191b1c1e, 0x0d0f1315, 0x29012900, 0x82065c45, 0x373622c0, 
    0x25058326, 0x13203336, 0x63462605, 0x87332006, 0x334b08cd, 0x05373632, 0x49020606, 0x7284e592, 0x7f6b727e, 0x8f018bdc, 0x0ff4fe44, 0x675e5663, 
    0x9b9b5c67, 0x6d6f6f67, 0x01105f69, 0x14e72309, 0x5866914d, 0x821e208c, 0x4b916755, 0x3c32d4fe, 0x34354c45, 0x3f50b942, 0x4f4b4a3c, 0x42a9a02f, 
    0xc38405cf, 0x02230625, 0x82730426, 0x0a072410, 0x821901fa, 0x00022107, 0x5a201783, 0x1320db82, 0x3a30dd82, 0x01073740, 0x4c010502, 0x02000500, 
    0x69020503, 0x0a4e9618, 0x18030321, 0x270a328a, 0x21232729, 0x15171b1d, 0x1322d382, 0x39781301, 0x24d38c06, 0x00101100, 0x069a4103, 0x2709b542, 
    0x33331614, 0xe18d4002, 0x7e37d384, 0x0d0187d8, 0xf5fe0f01, 0x6f675bb0, 0x738a6b6d, 0x665b8879, 0x8d5b5c67, 0xfeda29cf, 0xfee4fef0, 0x3e3102d2, 
    0xb323d083, 0x83b7a2b9, 0x23d38add, 0x06026c04, 0x0126d384, 0xecff4b00, 0xa7412804, 0x191a2607, 0x23040302, 0x21048201, 0x05820203, 0x03004c28, 
    0x03010200, 0xd3826702, 0x00610525, 0x485f0505, 0x117905ac, 0x00012106, 0x1129cf83, 0x080c0e0f, 0x01290006, 0x22d38629, 0x18162527, 0x88093b8c, 
    0x250722c7, 0x06c75012, 0x0806a543, 0xd82d0244, 0x090122e8, 0x6d695f10, 0x9c676f6f, 0x68675c9c, 0x1062575d, 0x0143f5fe, 0x7fdc8c8f, 0x737e726c, 
    0xa914e585, 0x4b4f2fa0, 0x503f3c4a, 0x353442b9, 0x323c454c, 0x914b2c01, 0x1e825567, 0x66588c20, 0x334a4d91, 0x82512005, 0x415e20c3, 0x0d25098f, 
    0x01020501, 0x063d5a4c, 0x44006921, 0xbb820648, 0x24072843, 0x014e005d, 0x078f4100, 0x18050721, 0x240845c5, 0x10110020, 0x20a58d00, 0x093f4403, 
    0x6c740720, 0x26342f05, 0x6b022323, 0xf5fef1fe, 0x0c011001, 0xa984d887, 0xece28436, 0x65665c5c, 0x0178885c, 0x6c6c8974, 0x145c666f, 0x1c012e01, 
    0x26202182, 0x0222ae8b, 0xc6834f5d, 0xb9a2b723, 0x28d383b3, 0x00010000, 0x06ecff4b, 0x08bb8211, 0x5e00363b, 0x012d5b40, 0x272c0605, 0x04040326, 
    0x07013305, 0x03010604, 0x00013407, 0x02101103, 0x4c060002, 0x03000400, 0x67030400, 0x01080700, 0x00070200, 0x05050069, 0x06006106, 0x43da8206, 
    0x5d210648, 0x23d98201, 0x282a2f30, 0x2f074143, 0x36000c0e, 0x0b093601, 0x22012b16, 0x06072726, 0x410a2245, 0x042219a6, 0x2a673717, 0x70052c08, 
    0x931d7f7e, 0x737e5636, 0x4191e585, 0xc13419b1, 0xe9160c01, 0x133e401c, 0x20331027, 0x9b93014f, 0x162d4c95, 0x4105a341, 0x8f2e12c2, 0xb1b36c84, 
    0x14af060a, 0xff00001b, 0x674300ff, 0x43322005, 0x82200867, 0x8f06ef47, 0x01832217, 0x222f9470, 0x92ae0084, 0x0a062317, 0xf3427c85, 0x8906200a, 
    0x9686205f, 0x8c87202f, 0x09f7432f, 0x4d018d22, 0x01354882, 0xe1fe5100, 0xd205fb03, 0x32002400, 0x10172f40, 0x01020102, 0x0d1a694c, 0x004d2e26, 
    0x61000303, 0x2f222d82, 0x05824e00, 0x24002438, 0x333b1138, 0x2b1a0806, 0x26343501, 0x26222323, 0x36363435, 0x03823737, 0x06064f08, 0x21352123, 
    0x020e0115, 0x33161415, 0x15163233, 0x3a020315, 0xfbdf5449, 0x8c5e7d40, 0x4a37722f, 0xecfe40ab, 0xb2fe5403, 0x843b7d62, 0xaca93c73, 0x43a8e1fe, 
    0x5dc0d034, 0xa06da99e, 0x08245c35, 0xfec2ee0a, 0x7a9c756f, 0x8b5d6843, 0x6e82d8a8, 0x2706437c, 0x006c047c, 0xb54c0013, 0x0bbf6718, 0xf54a1620, 
    0x4d312108, 0x2f202982, 0x3328a883, 0x401b4e03, 0x0101001a, 0x04271282, 0x00610204, 0x8b370202, 0xb7592e1c, 0x11231323, 0x1b080511, 0x2111012b, 
    0x47641811, 0x1801200f, 0x2109c767, 0x8118fed3, 0x042d0831, 0x8075e75e, 0x97fbc5e0, 0x76683504, 0x7b56187b, 0x067c2608, 0x04260223, 0x06474582, 
    0x178a5520, 0x17883220, 0xbc018222, 0x83221794, 0x1794ac01, 0xea008422, 0x85221794, 0x1794b900, 0x2f968620, 0x2f8b8720, 0x888b0721, 0x0188228f, 
    0x8a478917, 0x01892217, 0x22d7943b, 0x8689018d, 0x04122317, 0xd787067c, 0xe6092627, 0x07000007, 0x9add840a, 0x9ae5841f, 0x9aed841f, 0x9af5841f, 
    0x9afd841f, 0x0087231f, 0x2f4300b9, 0xfe802105, 0xef88bf82, 0x8822bf87, 0x1f9c1701, 0x3b018922, 0xef411f8b, 0x223f8708, 0x8b89018d, 0x6c04211f, 
    0x23066741, 0x07e60906, 0x3790778a, 0x5501fa22, 0x5e243788, 0x11067c04, 0x07243786, 0x8300ee06, 0x1787cf8a, 0x1d856f86, 0x03303982, 0xe8ff5e00, 
    0xea05a704, 0x16001100, 0x39001b00, 0x116f5d18, 0x5e693620, 0x1213330d, 0x191b0001, 0x14151718, 0x16131612, 0x1100080a, 0x45491101, 0x022d0806, 
    0x12343535, 0x16323336, 0x14151512, 0x32270602, 0x03122113, 0x22230221, 0xf6a88202, 0xa8f68686, 0x8686f7a8, 0x01fea8f7, 0x010102fe, 0x2d068201, 
    0x01ad18fe, 0xda76da3f, 0xadad3f01, 0x0882c1fe, 0xadc1fe35, 0xfea601f3, 0x0176025a, 0x000100a6, 0x02f9ff80, 0x185e046a, 0x270e2372, 0x02004d31, 
    0x03620002, 0x1805e468, 0x490a2372, 0xde5a05cb, 0x23721809, 0x3c032313, 0x7218edfc, 0xff210b23, 0x256382b6, 0x02620777, 0x0f500426, 0xfe552205, 
    0x053741db, 0x6a221782, 0x17862306, 0xfa0a0624, 0x178300e6, 0x82a2ff21, 0x06892217, 0x2017861b, 0x3f7d1807, 0x21ab8507, 0x2f883206, 0x844d8221, 
    0x2117902f, 0x17843d83, 0x84cbff21, 0x242f875f, 0xff840a07, 0x205f847b, 0x22178e99, 0x8449ff85, 0x202f8317, 0x225f8892, 0x8a860a07, 0x8a75202f, 
    0x86872017, 0x83a8202f, 0x8b072147, 0x88218f88, 0x207785a8, 0x201782cc, 0x21178a83, 0x1784cc89, 0x8e420021, 0x1a8d21ef, 0xff211784, 0x221782bd, 
    0x881f066f, 0xff9422ef, 0x208f8460, 0x221782f4, 0x87e9056a, 0xed062317, 0x178454ff, 0x17823d20, 0x0907ee22, 0x8a222f88, 0x178433fe, 0x1782ba20, 
    0x11067122, 0xee222f88, 0x178413ff, 0x1782a420, 0x43078b22, 0x8c222f88, 0x788244ff, 0x1f00013f, 0x6805e6ff, 0x2100eb05, 0xb04b5800, 0x40585013, 
    0x12131d0b, 0x06010607, 0x4c010001, 0x200d881b, 0x200d8202, 0x20208559, 0x2c37820d, 0x02034d36, 0x35010102, 0x401b4e01, 0x250f8511, 0x2f020201, 
    0x1384004d, 0x0b405922, 0x22081382, 0x2a210021, 0x18080429, 0x2701332b, 0x07072626, 0x33363627, 0x01171632, 0x37371616, 0x23060617, 0x77272622, 
    0x440807b6, 0x0aa5011f, 0x1f5c6215, 0x39702245, 0x013cc593, 0x47652150, 0x6d214524, 0x35c1893a, 0x1227196e, 0xbc172010, 0x56256304, 0xe2061527, 
    0x9d8a120d, 0x2e578cfc, 0x0ddc080f, 0x019e8a13, 0x4b904a36, 0xfd49914b, 0x3f7282bc, 0x4f000100, 0x0c04e1fe, 0x2b00d205, 0x3c403f00, 0x02010117, 
    0x0304010c, 0x01074c02, 0x86060006, 0x8208f34b, 0x005f2817, 0x4d2e0202, 0x47050500, 0x2b2b0a2a, 0x21332b00, 0x331d1127, 0x471c0808, 0x2427072c, 
    0x36363435, 0x82022e37, 0x05372f06, 0x07152135, 0x14150606, 0x15333316, 0x08822221, 0xd2822120, 0x15154308, 0x492c1303, 0xfbfee367, 0x5b67bf7b, 
    0x8cb366a3, 0x6a03b6fe, 0x7fd9cc9b, 0xebfef486, 0x0601958d, 0xfeaca944, 0x2743b5e1, 0x9986b5d0, 0x34080b47, 0x74775b6a, 0xd5e60e18, 0x6b5e100c, 
    0x68ea6150, 0x3b47c168, 0x24300808, 0xf904f9ff, 0x17005e04, 0x34403700, 0x06000115, 0x03054c01, 0x04010102, 0x0404005f, 0x06004d31, 0x02610006, 
    0x00000207, 0x014e002f, 0x0d101200, 0x097b4c18, 0x17011722, 0x22062144, 0x82211135, 0x82232001, 0x6f2320ad, 0x2a0806c5, 0x04060617, 0xfe95ab5a, 
    0xace0fed6, 0x25bcd204, 0x0a1a182e, 0x07531730, 0x58029594, 0x7a0386fc, 0xcdfde4e4, 0x03043136, 0x4a1008d6, 0x803405cf, 0xb9045efe, 0x13006c04, 
    0x38001f00, 0x01113540, 0x4c010301, 0x00218282, 0x241f8261, 0x01064d37, 0x051b4f03, 0x054d3522, 0x29056a4e, 0x00001415, 0x1f14191b, 0x33821f15, 
    0x24261328, 0x2b180807, 0xa8441113, 0x06142307, 0x60182306, 0x8127124d, 0xf3a2aaf2, 0x18ce7887, 0x0808835e, 0x74767822, 0x5efe7e7f, 0x01b0c003, 
    0xfe8c940a, 0xfdb0b8fa, 0x2d5b3e88, 0x8002abfd, 0xba9296bc, 0xba9898b4, 0x09ff8818, 0x3206b926, 0xb0042602, 0x07241082, 0xd401820a, 0x8b080f47, 
    0x01832217, 0x211783c4, 0xcf85d0ff, 0x012f2f85, 0xff6b0b07, 0x005dfc4a, 0x0102b109, 0x5f5dfcb8, 0x51240637, 0x6504e1fe, 0x1f28f382, 0x2f403200, 
    0x03021011, 0x4e095b49, 0x5b490924, 0x001f250c, 0x2625341f, 0x200c5b49, 0x059c4526, 0x4e170421, 0x32280a1d, 0x03151516, 0x3e4b4643, 0x1217a518, 
    0xa9433008, 0x99e1feda, 0xf8863f47, 0x0401adac, 0x34adc791, 0x98bd6557, 0xa8b0ab96, 0x020000b1, 0xeaff5100, 0x5e041105, 0x1d001100, 0x2d403000, 
    0x82020306, 0x495f208a, 0x0022072f, 0x744f0561, 0x12133105, 0x17190001, 0x1d131d12, 0x07090a0b, 0x11011100, 0x25090e54, 0x21333636, 0x97502115, 
    0x54032005, 0x35240707, 0x74022634, 0x33088e83, 0x9d02a8f6, 0x7b6d9efe, 0x78a9f585, 0x78787979, 0x8f167a7a, 0xacac0101, 0x36e48dff, 0xeb938dc5, 
    0xb788038a, 0xbebe9295, 0x00b79592, 0x14000100, 0x0104f0ff, 0x122a8f82, 0x32403500, 0x0104010f, 0xc6180110, 0x31240cdb, 0x0404004d, 0x2f319685, 
    0x00014e00, 0x08090b0c, 0x04050607, 0x12011200, 0x08394606, 0x90823520, 0x08465018, 0xa8cf023f, 0x039ffeb2, 0x65a0feed, 0x2a113d12, 0xa3106231, 
    0xec45029a, 0x68d5fdec, 0x0ee10409, 0x091f7e0d, 0x025e0425, 0x89b40306, 0x0907210f, 0x2306477e, 0x9ae60606, 0x22cf4018, 0x86230621, 0x0a07242f, 
    0x894d01fa, 0x32062147, 0x82211788, 0x8a5f8a01, 0x01832217, 0x222f94a4, 0x94e20084, 0x00852217, 0x201794b1, 0x202f9686, 0x212f8b87, 0x8f888b07, 
    0x0f018822, 0x178a4789, 0x33018922, 0xd78a1789, 0x81018d22, 0x4218178a, 0xc77f165b, 0x084f4118, 0x418a0a21, 0x977f0c4f, 0x88432017, 0x8c2208a7, 
    0x0000ac00, 0x51000200, 0x11065efe, 0x1c007404, 0x36002600, 0x090a3340, 0x1d010402, 0x04000210, 0xcf564c02, 0x01023009, 0x4d2f0000, 0x03030105, 
    0x004e0333, 0x82222400, 0x1b1c2d2e, 0x1113151a, 0x2b170806, 0x24261101, 0x2105a24c, 0xff6e0617, 0x36342b05, 0x16163233, 0x05001015, 0x265b1111, 
    0x02480808, 0xfefebb94, 0x75a85a86, 0x8b625262, 0x97cdb893, 0xc5fe7ee3, 0x959ee0fe, 0x2e4b5a60, 0x8c015efe, 0xa2fe990c, 0x22a9ed87, 0x81af1ce6, 
    0x0212ba92, 0x8ee0ad09, 0xf8fea7fd, 0xfe11c1fe, 0x10800274, 0xaa89a5bc, 0x0300547c, 0x0525b383, 0x00de05ae, 0x3e868215, 0x40400023, 0x0202003d, 
    0x0a084d2e, 0x01070702, 0x01010361, 0x0b4d3701, 0x06060209, 0x82046100, 0x4d353fb8, 0x33050500, 0x1d1d4e05, 0x231d1616, 0x1e1f231d, 0x1c161c16, 
    0x11161112, 0x0c101611, 0x84571d08, 0x21112309, 0xaa583211, 0x21112f06, 0x36321101, 0x01263435, 0x15062211, 0x67181614, 0x01210718, 0x05124417, 
    0x01e9fe2a, 0x7a7a7817, 0x797871fe, 0x09eb6e18, 0xfe720123, 0xef6e188e, 0x74fe3107, 0x56fd2205, 0xc19493c2, 0xaa0256fd, 0xc29394c1, 0x2a086b4d, 
    0x68052506, 0x2b001700, 0x82052840, 0x4d3121ab, 0x20053959, 0x2daa8506, 0x5f070303, 0x33070700, 0x13114e07, 0x03821113, 0x08081028, 0x20052b1e, 
    0x9d821100, 0x33161422, 0x97820582, 0x2b080582, 0x11210010, 0xfebf0221, 0x01d8fee9, 0x01908926, 0x01889126, 0xfed8fe27, 0x14dafee8, 0x1a012401, 
    0xccfd3402, 0x890498b3, 0xb39877fb, 0xfe250b83, 0xfedcfee6, 0x3c848272, 0xff510001, 0x045a06f0, 0x0028005e, 0x2637403a, 0x01030201, 0x0103004c, 
    0x02030102, 0x21918a80, 0xb6460662, 0x22242f08, 0x14161a1b, 0x0d0f1112, 0x28000809, 0xb6462801, 0x05f44106, 0x02062129, 0x32331015, 0x84213511, 
    0x02342306, 0x23542127, 0x234f0805, 0x06272622, 0x7b0d0206, 0x714b77ca, 0x69310138, 0x01a0b393, 0x96b69d12, 0x37300166, 0xca774c71, 0x1e99917d, 
    0x76109a1e, 0xf38ba8e7, 0xfe7d32b9, 0xdffec2dd, 0xf3f30401, 0x2101fcfe, 0x792401c5, 0x8df4b731, 0x9d76e6a9, 0x009c8685, 0x85ffff00, 0x230625b7, 
    0xcc042602, 0x0724c782, 0x2602fa0a, 0x3220178a, 0x82221788, 0x17948e02, 0x7e028322, 0x84221794, 0x1794bb01, 0x8a018522, 0x86201794, 0x87202f96, 
    0x07212f8b, 0x228f888b, 0x89e90188, 0x22178a47, 0x940c0289, 0x028d22d7, 0x2417855a, 0x5a0612fe, 0x24d78706, 0x02e60927, 0x88f78447, 0x881f96df, 
    0x881f96e7, 0x881f96ef, 0x881f96f7, 0x411f96ff, 0x1f830807, 0xbf89ef88, 0x96080f41, 0x0817411f, 0xef415f84, 0x413f8907, 0x04210c1f, 0x0767415e, 
    0x58051f41, 0x0621058b, 0x0827425a, 0x2f423789, 0x8711200d, 0xee062337, 0x6f415401, 0x8817870a, 0x371f8537, 0x5e000200, 0xe90446fe, 0x12005e04, 
    0x2c001c00, 0x090c2940, 0x01030306, 0x7a05326a, 0x613405fd, 0x00000104, 0x014e0061, 0x0b171900, 0x0007080a, 0x05120112, 0x26054753, 0x13372635, 
    0x82012101, 0x16172602, 0x06141716, 0x08006f03, 0xa2025708, 0x4a02c5a6, 0x0154fe8b, 0x01110132, 0xfe340114, 0x21297f52, 0x1fa3bd01, 0x1e3c3e22, 
    0x898746fe, 0x0201836f, 0x02fe1403, 0xe0fcfe01, 0x30814bee, 0xde018886, 0x4228613f, 0x00632a42, 0x00020000, 0x04e8ff51, 0x00d2058f, 0x002d0021, 
    0x153f4042, 0x01050401, 0x3382004c, 0x0301022f, 0x00030080, 0x05030405, 0x0202006a, 0x0af85720, 0x4e002823, 0x01b01823, 0x0d0e270a, 0x2100090a, 
    0x035f2101, 0x4e262005, 0x363105b2, 0x37363637, 0x07060633, 0x3307020e, 0x3233023e, 0xfeaf1816, 0x724c0811, 0x398df69e, 0x6cbef68c, 0x01eb0139, 
    0xaf87cbb3, 0x1c070e5e, 0x7764ab7c, 0xf48a70c0, 0x7f83749e, 0x858a7673, 0x08018a18, 0x01a321bc, 0x0d7cce11, 0xad363208, 0x4a0b0f8c, 0x80489bac, 
    0x93e27e50, 0xe990fba0, 0xa29394a2, 0xa68c91a8, 0x802eab82, 0x52040000, 0x0e005e04, 0x20001700, 0x18193900, 0x222117fb, 0x32cf824d, 0x01065f01, 
    0x01210101, 0x2000004e, 0x17181a1e, 0x820f1115, 0x210d2937, 0x2b170707, 0x32211133, 0xbc54ad83, 0x09db6f05, 0x5d563520, 0x23320806, 0xccda0180, 
    0x927884ef, 0xfecfe0a7, 0x420c01f4, 0xfe424b4b, 0x5148c9f4, 0x04c34a55, 0x5a909e5e, 0x9c0b157a, 0xe4a28e70, 0x463e373e, 0x35353eb4, 0x0082003c, 
    0x80000126, 0x7b030000, 0x0b7a9f82, 0x868e820d, 0x7a002088, 0x0720050b, 0x2a070b7a, 0x31fe7b03, 0x5e04d4fe, 0x8290fcee, 0x273f8635, 0x07007c05, 
    0x22402500, 0x00214b82, 0x08a07885, 0x2121d384, 0x0a9f7802, 0x9f780720, 0x6b022309, 0x49851001, 0xfd1e0123, 0x274c84f4, 0xffff0000, 0x50fef9ff, 
    0x02238f83, 0x82e70426, 0x0b27379f, 0xff73ff6b, 0x0b060146, 0x00001448, 0x0101b109, 0xb046ffb8, 0x1a822b35, 0x00020027, 0x05b9fe28, 0x2c858221, 
    0x0016000f, 0x14364039, 0x01070001, 0x0e4d704c, 0x4d702220, 0x07280833, 0x57280606, 0x091b3530, 0xac4f031e, 0x4afde2fe, 0xfeae015f, 0x2f0c0bca, 
    0x3602b9fe, 0x71d09921, 0x91fc7401, 0x4701cafd, 0x02240f83, 0xf9b48a85, 0x01269082, 0x00002a00, 0x8f82bf06, 0x00152e08, 0x0c334036, 0x01060201, 
    0x01034c01, 0x06010801, 0x67060105, 0x00020204, 0x0a4d2200, 0x05030709, 0x4e052105, 0x15000000, 0x11111500, 0x054d7011, 0x1f070b28, 0x0101332b, 
    0x9d6f0121, 0x212a080c, 0x2a012311, 0x77fe8c01, 0x29015701, 0x322b0133, 0x58012801, 0x8a0178fe, 0xdbfea1fe, 0x30d5fe30, 0x4402dafe, 0x47fe1a02, 
    0x0383b901, 0xfde6fd27, 0xfeb801bc, 0x82038348, 0xffff275f, 0xc0fe2a00, 0x93821f07, 0xeb042622, 0x07241082, 0x6605460b, 0x4a32ab84, 0xe003f1ff, 
    0x2d006c04, 0x4b404e00, 0x04030126, 0xc9674c01, 0x00692116, 0x2006c967, 0x0ec96727, 0x1b1e2031, 0x1216181a, 0x090d0f10, 0x00040507, 0x642d012d, 
    0x26210674, 0x05686527, 0x18343521, 0x210c835d, 0x73432107, 0xab5d1808, 0x02470807, 0x6eca8d10, 0x01260101, 0x56474359, 0x5959525d, 0x3f4b5948, 
    0xfe02553f, 0xc57001e4, 0x69bc7d80, 0x86856281, 0x5e0fd175, 0x413563a0, 0x463e3648, 0x363c43b2, 0x63353e45, 0x9053589a, 0x0b7a615c, 0x668f0f05, 
    0x42569661, 0x042108cb, 0x08eb827c, 0x1e000b45, 0x02081b40, 0x01020002, 0x0201034c, 0x014d2202, 0x21000001, 0x11134e00, 0x07041013, 0x21212b1a, 
    0x23012311, 0x33112111, 0x7c042101, 0xfe09d3fe, 0x2c01fe38, 0x01c50108, 0xfd920203, 0xfd5e046e, 0x418f0271, 0x802a053f, 0x3905c0fe, 0x26021f06, 
    0x1082ee04, 0x940a2724, 0x0782c700, 0x450b0724, 0x78180c03, 0xa22008fb, 0x83717382, 0x4d222216, 0x22837106, 0x01802708, 0x3c01552c, 0x71fe6101, 
    0x9bfe9301, 0x0473e2fe, 0x0138fe5e, 0xfdd6fdc8, 0xfea801cc, 0x01000058, 0xcefe8000, 0x6782a304, 0x3000162f, 0x01072d40, 0x4c010103, 0x04020d0e, 
    0x251a8249, 0x03010403, 0xe1820267, 0x054d2228, 0x21040401, 0x99824e04, 0x16001627, 0x1111112d, 0x42ed8206, 0x16260750, 0x06141516, 0xc04a2707, 
    0x11232105, 0x3a2e7484, 0x98fe6301, 0xabd0c2ab, 0xac79617b, 0x77859f90, 0x3709fe2d, 0xf89e96fa, 0x8820ca3c, 0x829a6f5f, 0xffff217f, 0xc0227f82, 
    0x7f82ee04, 0xf0042622, 0x4622ff84, 0x07823503, 0x00239782, 0x82090500, 0x00142617, 0x0b38403b, 0x09f24201, 0x0601072c, 0x00020067, 0x07020507, 
    0x9c840467, 0x02090a22, 0x2207f842, 0x42140014, 0x112307f8, 0x711f070b, 0x352d059a, 0x13331533, 0x21010121, 0x23152303, 0x2ea08535, 0x01e9279b, 
    0x01c9fe59, 0xd1a5fe3b, 0x83559b41, 0xc7c7219f, 0x21071941, 0x1b41cbcb, 0x00142405, 0x82570500, 0x000e2483, 0x73304033, 0x85820d07, 0x5f000622, 
    0x75071c41, 0x00230634, 0x430e000e, 0x08280576, 0x132b1c07, 0x33112135, 0x2605ca46, 0x11211123, 0x414d0214, 0x722c058b, 0x9cfe9201, 0xfe74e2fe, 
    0xe17d03d4, 0x290b8e41, 0x01007d03, 0x00001400, 0x73825504, 0xff711020, 0x4d22220b, 0x0eff7100, 0x0f001022, 0x0815ff71, 0x23060232, 0x44352414, 
    0x03130524, 0xfed4fe68, 0xc60d0ee2, 0x9f41efb3, 0xfb03028c, 0xfe7003a2, 0xfbd2feb9, 0xffff0000, 0xc0fe1400, 0x5e041305, 0xf5042602, 0x07245b82, 
    0xe602450b, 0x04211787, 0x877f82f5, 0x03462217, 0x2417843c, 0x05000080, 0x222f82ff, 0x85710906, 0xc0fe230f, 0x0f82bd06, 0x0f832620, 0x3f820020, 
    0x81180420, 0x0421081f, 0x20278479, 0x21278770, 0x4f831805, 0x0f820920, 0x46222782, 0xdf415f03, 0x82982008, 0x000d2417, 0x822a402d, 0x03042111, 
    0x2905ac6d, 0x06075f01, 0x22010102, 0x5572054d, 0x000d2308, 0x0084110d, 0x1c070822, 0x22052c59, 0x85112115, 0xac012701, 0x4b02a101, 0xe982e1fe, 
    0xd4fe5f2f, 0x59fe5e04, 0xfce1a701, 0xfec80183, 0x425b8238, 0x4d2005df, 0x002f8f83, 0x40410015, 0x0101033e, 0x00010203, 0x5e4c0201, 0x673d0651, 
    0x04040106, 0x03004d22, 0x004d2103, 0x62000101, 0x00000107, 0x014e0029, 0x11121300, 0xe45c1810, 0x01152408, 0x18070815, 0x850c9d98, 0x2a05837e, 
    0x5e120310, 0x152d1740, 0x82fe3a46, 0x2c012582, 0x2c01a101, 0x07ec7d18, 0x833e0221, 0x21948387, 0x7d182cfb, 0xc02608e7, 0x5e043705, 0x0f412602, 
    0x03452206, 0x08ef430a, 0xb3826820, 0x200d8b7f, 0x074f6b22, 0x07202382, 0x46058b7f, 0x04210aeb, 0x20f78268, 0x23f78370, 0x7003a2fb, 0x2508eb46, 
    0x00001400, 0x63820104, 0x72090622, 0x074e3782, 0x05e62805, 0x001500d2, 0x4e27001e, 0x20200607, 0x200b074e, 0x0b074e27, 0x004d2635, 0x05240505, 
    0x161f1f4e, 0x1f271f16, 0x16202127, 0x4e1e161e, 0x07200707, 0x371b074e, 0x26343536, 0x22110126, 0x14150606, 0x85021616, 0x8e8efea8, 0x2d01a8fe, 
    0xfe2a0785, 0x562d01d3, 0x783f3f78, 0x06847dfe, 0x0191162c, 0x01adac03, 0x66019104, 0x0f4e9afe, 0xfd37320a, 0x65a35e30, 0xfd60a565, 0x60d00230, 
    0xa36565a5, 0x08c6825e, 0x00010024, 0x044cfe2a, 0x005e0429, 0x403c001c, 0x10131639, 0x0302040d, 0x02010103, 0x01000102, 0x01044c03, 0x1a480303, 
    0x05ca4105, 0xca410520, 0x14152b07, 0x0e0f1112, 0x1c000507, 0xc4721c01, 0xfc621805, 0x26520808, 0x21032727, 0x13210101, 0x13012113, 0x14151616, 
    0x4d9d0206, 0x3b130e45, 0x24473d18, 0xfecb822f, 0xfe4701c7, 0xc03801c5, 0xfe3601c5, 0x293cd0c1, 0x0e4cfecc, 0x450906ed, 0x4b502846, 0x02aafed0, 
    0xfe30022e, 0xfd5e01a2, 0x66a2fed0, 0xada03a97, 0x1b470000, 0xe0042105, 0x2622a782, 0xb882e103, 0x460b0724, 0x0b432703, 0x83062008, 0x4c0b2117, 
    0x4d201786, 0x04251787, 0x025e0468, 0x22178626, 0x425c0147, 0x4f200813, 0x12292f82, 0x30403300, 0x0102010b, 0x0cab7310, 0x01036a24, 0xf1820101, 
    0x2104042c, 0x00014e04, 0x0c0d0e0f, 0x9152080a, 0x16072606, 0x2422012b, 0x050b4f35, 0x82373221, 0x21270807, 0x02060611, 0xfbfef97e, 0x6c662c01, 
    0x2c015550, 0x5628d4fe, 0xd1cf4301, 0x85fe7b01, 0x02135062, 0x01a2fb1a, 0x450a0855, 0xef200693, 0x26227782, 0xa7860605, 0xa7853620, 0x04000022, 
    0x02208f82, 0x01271784, 0x01440b07, 0x49d3fe89, 0xfe2d053d, 0x2b35b0d3, 0x00010000, 0x06000080, 0x723b8261, 0x22260993, 0x0101034d, 0x93720501, 
    0x0180261c, 0x0135012c, 0x2803821f, 0x041ffa2c, 0x0390fc5e, 0x21038370, 0x7785a2fb, 0x07c0fe23, 0x208f8400, 0x218f8509, 0x07824705, 0x6b830220, 
    0x82660421, 0x000a2217, 0x0ff37113, 0x004d2222, 0x2809f371, 0x130b0b0b, 0x1122120b, 0x05f37124, 0x1632332b, 0x23061415, 0x11211121, 0x06e54a11, 
    0xe4ac013f, 0xddf9f9dd, 0x2c01f0fd, 0x606051e4, 0xd4010351, 0x04d6aaad, 0xfeb5fd5e, 0x45414edb, 0x276e8251, 0x14000200, 0x1c050000, 0x0c236f82, 
    0x73001500, 0x75821403, 0x18090373, 0x210c756b, 0x0373240c, 0x207f8809, 0x237e8701, 0xe54d0214, 0xef2c7f84, 0x50e52c01, 0x03506161, 0xa3fee17d, 
    0x03238283, 0x8596fe7d, 0x06237582, 0x7f82f420, 0x0b05262a, 0x07000000, 0x4804b202, 0x97840782, 0x05d4043e, 0x00120068, 0x4040001b, 0x0001003d, 
    0x04008501, 0x0708010a, 0x09670804, 0x03030206, 0x2207aa46, 0x41070700, 0x13290788, 0x13000013, 0x161a131b, 0x20378214, 0x209e8212, 0x05db7111, 
    0x33351329, 0x21112111, 0x92152115, 0x01da29a7, 0xfe770127, 0xf8dee48e, 0x270b2c41, 0x0a01bba3, 0xa2bbf6fe, 0xa322b084, 0x334170fe, 0x209b820e, 
    0x879b88d2, 0x01002496, 0xe54d2001, 0xfe74229b, 0x2e9b928c, 0x2400ffff, 0x3b070000, 0x26005e04, 0x8210f504, 0x0b05290a, 0x0000d502, 0x80000200, 
    0x14200c82, 0x12341782, 0x8c001900, 0x5017b04b, 0x031d4058, 0x01080101, 0x05010705, 0x73061149, 0x1b200c27, 0x2605876c, 0x05080022, 0x82570801, 
    0x9800202a, 0x23402329, 0x26820300, 0x67080324, 0x25980100, 0x40595935, 0x19000013, 0x00131517, 0x11120012, 0x11112124, 0x7a070a11, 0x21230569, 
    0x41112111, 0x32080899, 0x33251121, 0x23343532, 0x2c018023, 0x2c019801, 0xf5f5d6d9, 0xfefbfdd6, 0xd9c40268, 0x04d9a6a6, 0x0157fe5e, 0xbf6cfea9, 
    0x01bea6a7, 0xee3afec6, 0x82007a74, 0xff4e3776, 0x046404ea, 0x001e006c, 0x143d4040, 0x04030213, 0x01020304, 0x93640202, 0x4d272710, 0x00010100, 
    0x096e0661, 0x16182e07, 0x0c0d0f11, 0x06080a0b, 0x1e011e00, 0x05076e07, 0x73069364, 0x2522095e, 0xa0822436, 0x1415123c, 0x42020602, 0x20f6feca, 
    0x79120a01, 0x107c6e61, 0x64019afe, 0x5f6b7c11, 0x14841378, 0xf5a8c835, 0x16f58585, 0x5930b1cb, 0xb574906b, 0x56668a6f, 0x46c7ad30, 0x00270708, 
    0xff800002, 0x829e06ea, 0x001424a7, 0x419c0020, 0x212d0587, 0x04000100, 0x67040106, 0x00070700, 0x057f4961, 0x06010923, 0x06607506, 0x6c032621, 
    0x25200789, 0x08232892, 0x73050501, 0x03240558, 0x03030061, 0x40212c83, 0x23278829, 0x4d220000, 0x02265582, 0x02020061, 0x2b914d27, 0x40595937, 
    0x00151616, 0x151a1c00, 0x00201620, 0x12140014, 0x11112226, 0x07f87c0a, 0x2327f589, 0x23272422, 0x70322511, 0x802709f8, 0x22bb2701, 0x84de1a01, 
    0xe0a82bf1, 0xba1fe4fe, 0x7978d502, 0x03827879, 0xfe5e0425, 0x87f7d047, 0xd3fd24f6, 0x18d646fe, 0x21070384, 0xf9820200, 0x1f040022, 0x23067344, 
    0x062e4031, 0x48157773, 0x0d200827, 0x2005de76, 0x0a777325, 0x01210326, 0x36343526, 0x08087673, 0x04331632, 0xb8e4fe1f, 0x01b9fee4, 0xdeefd706, 
    0xe4fe0302, 0x63616ac1, 0xfe7c016b, 0x59a80184, 0xfdcfabe3, 0x4c2301f3, 0x004a4647, 0x80000100, 0x4604a1fe, 0x1b257f82, 0x39403c00, 0x227d8210, 
    0x49020109, 0x0132053f, 0x69010502, 0x01070000, 0x65060006, 0x03040400, 0x8047005f, 0x4e023207, 0x1b000000, 0x11231a00, 0x21231211, 0x2b1c0708, 
    0x054f5001, 0x07222325, 0x78112115, 0x265105ed, 0x232c0807, 0x7b3afd01, 0x1c9fcf84, 0xfb02d4fe, 0x822831fe, 0x75bb6858, 0xfe97ef89, 0x8f94e1a1, 
    0x04f5a2f2, 0x6bfeee5e, 0xd276534a, 0x84ea968b, 0x93835782, 0x3207e822, 0x192a9382, 0x26402900, 0x49010101, 0xaa820500, 0x6900052a, 0x04020200, 
    0x0404005f, 0x24057246, 0x214e0121, 0x21008211, 0x80830626, 0x36362729, 0x23263637, 0x86211123, 0x32333101, 0x14151604, 0xb4050606, 0x01776779, 
    0x7588b702, 0x32054d49, 0xaf75e803, 0x4e980e01, 0xc3e8fea8, 0x7f627f2f, 0x4949fe7d, 0xfe27055c, 0xa3d96c45, 0x84a0b650, 0xff512483, 0x436704ea, 
    0x0c2b0743, 0x0203020b, 0x05021b1c, 0x694c0204, 0x27200f7f, 0x2e09036f, 0x014e0026, 0x15171900, 0x10121314, 0x4307090e, 0xdc6e0943, 0x075c5b07, 
    0x15210722, 0x1805e94e, 0x351075c0, 0x5f7813f6, 0x01117c6b, 0x109afe64, 0x79616e7c, 0x200a0112, 0x4949f6fe, 0xadc73108, 0x8a665630, 0x9074b56f, 
    0xb130596b, 0x000200cb, 0x0621a782, 0x37a78292, 0x0036002a, 0x2db04b91, 0x0b405850, 0x07030123, 0x00022429, 0x1b4c0203, 0x05230d89, 0x85594c02, 
    0x00202a20, 0x03070004, 0x00690704, 0x05436a02, 0x054d2728, 0x00030301, 0x49740661, 0x2022900a, 0x86218900, 0x082d86f2, 0x17405930, 0x30320001, 
    0x1e212628, 0x0d0e1618, 0x06070809, 0x2a012a00, 0x2b160709, 0x11002005, 0x33361234, 0x15062215, 0x32331614, 0x35262633, 0x15593634, 0x06142105, 
    0x25084374, 0x06272223, 0x4e433613, 0x027b0809, 0xfeb8feeb, 0xa9fe8eae, 0xd1b98b78, 0x483d0304, 0x8280c670, 0x50606fc4, 0x65301515, 0xab455c2d, 
    0x9b87ad4d, 0x4c4f43ba, 0x474c3f41, 0x01380116, 0x0401ad08, 0x94c1ec91, 0xa844b9a1, 0x6cc08064, 0x677bbd6b, 0x1f0148b4, 0x1721d617, 0x32013531, 
    0x525d8529, 0x56566661, 0x00000082, 0xfe140001, 0x047705c0, 0x000f005e, 0x002e4031, 0x54040104, 0x00000106, 0x07085f02, 0x48020202, 0x917d0dce, 
    0x15012110, 0x08056142, 0x21033325, 0x23112111, 0xcde90235, 0x2d019001, 0xddfe0e9e, 0x04dcaafc, 0x7efdee5e, 0x90fc7003, 0x4001d2fd, 0x82ee7003, 
    0x003f083e, 0xff140002, 0x04bb05ea, 0x001c006c, 0xb67e0023, 0x0602191a, 0x4b4c0101, 0x58500cb0, 0x02002740, 0x02030308, 0x03010772, 0x06010105, 
    0x006a0103, 0x61040808, 0x27040400, 0x0606004d, 0x45096100, 0x1b22059b, 0x29832840, 0x03020823, 0x082a9f80, 0x1940592d, 0x20220001, 0x15171d1e, 
    0x0c0e1213, 0x0607090a, 0x1c000304, 0x070a1c01, 0x22052b16, 0x26262700, 0x16143335, 0x33243617, 0x18161632, 0x30126fb5, 0xfeefbe03, 0xc5c014de, 
    0x206051d9, 0x91d91801, 0x76b518ee, 0x01193b07, 0xfffe290f, 0xda0140fe, 0x6c69750b, 0x0d01167c, 0xbdd306e9, 0xd2057064, 0xb5187cfd, 0x003c0e79, 
    0x00ffff00, 0x0478fe63, 0x035e04ce, 0x004b0507, 0x008cfe00, 0x0100b109, 0xb08cfeb8, 0x34058753, 0x001f0001, 0x04d20400, 0x000d005e, 0x03244027, 
    0x01020301, 0xc378184c, 0x4d222108, 0x09764018, 0x000d4908, 0x1124210d, 0x2b190705, 0x13210121, 0x33361333, 0x22231533, 0xa6010107, 0x3f0179fe, 
    0x45a70cef, 0x346f8eff, 0x04dafe11, 0x02d9fc5e, 0x31ebf532, 0x0000befc, 0xff550003, 0x06e80437, 0x0026009b, 0x0034002d, 0x1149404c, 0x2f346382, 
    0x0304021c, 0x091d2d2e, 0x27040104, 0x01000208, 0x04004c04, 0x38087c82, 0x00800104, 0x01030001, 0x02007e00, 0x02060107, 0x03006306, 0x054d5c03, 
    0x5d000001, 0x00004e00, 0x26002600, 0x1d11131b, 0x0b081112, 0x35052b1c, 0x21272426, 0x11171616, 0x05d24227, 0x35378208, 0x021e1533, 0x26262117, 
    0x1e171127, 0x04141502, 0x36111507, 0x26343536, 0x06110327, 0x16141506, 0xfef26c02, 0x290106e1, 0x5c658207, 0xdf7fd6bd, 0xdd967891, 0xd9fe027b, 
    0x47596907, 0xfe76ca7d, 0x7160f5f1, 0x5878646d, 0xb5c96a5e, 0x64e0f40e, 0x8a010c6f, 0xa2c52e17, 0x0c75c07e, 0x7609b7b7, 0x5f4e7cc0, 0x118bfe0c, 
    0x7dad6d1d, 0xb50defc0, 0x630db901, 0x1c4f454a, 0x55013201, 0x47405c0c, 0x08a3824f, 0x51000221, 0x67040000, 0x1c00d205, 0x2a002300, 0x1d1e2740, 
    0x1417181b, 0x0c0f1013, 0x010c0109, 0x824c0100, 0x4d562824, 0x01010102, 0x824e0157, 0x001c2f0b, 0x0b031a1c, 0x35212b17, 0x3435022e, 0xc6833636, 
    0x0520d582, 0x0d82c683, 0x06060524, 0xbf871507, 0x96354508, 0xd97575d9, 0xebb17796, 0x10e9fe1d, 0x54414052, 0x1e17010f, 0x5877b3ea, 0x0dab5a5a, 
    0xa2a1f996, 0xab0d96fa, 0xa0c40eaa, 0x0e5f4934, 0x620f62fd, 0xc7a4334c, 0x9d01aa0f, 0xb2199802, 0x00b28081, 0x1e000100, 0x74209f82, 0x16249f82, 
    0x3b403e00, 0x92828682, 0x0101093f, 0x03020108, 0x07680201, 0x01060301, 0x04030504, 0x020a0b67, 0x4d560000, 0x57050500, 0x06965205, 0x11141522, 
    0x122c0086, 0x2b1f0b0c, 0x21131301, 0x21153301, 0x11240183, 0x35211121, 0x2a080183, 0x58010133, 0x3c01eff1, 0xfedfb1fe, 0xfe2901d7, 0xfed3fed7, 
    0xfe3f01c1, 0xb4fefbc1, 0xbafdd205, 0x2dfd4602, 0xfeb16fb1, 0x822e01d2, 0xd3022206, 0x22008200, 0x825e0001, 0x05c52b93, 0x002800e8, 0x1112b679, 
    0xa7180202, 0x282b0818, 0x00010800, 0x05720800, 0x82060201, 0x7b0220a4, 0x61260508, 0x5c030300, 0x1982074d, 0x0a60092b, 0x57090901, 0x401b4e09, 
    0x232a8329, 0x80000801, 0x59222ba0, 0x75821240, 0x27002827, 0x13112412, 0x21038224, 0xce820b21, 0x31353338, 0x27273632, 0x27333523, 0x33363626, 
    0x05170432, 0x06222326, 0xe0821717, 0x16174d08, 0x32210706, 0x15213535, 0x5e230614, 0x0c045953, 0x0908939c, 0xbe94e67c, 0xfe1e0901, 0x6fa91ee7, 
    0x01060467, 0x067ffe88, 0x013b5103, 0x170137e4, 0x4ffea0a4, 0xa2c2ee4d, 0xd87be49d, 0x7fbe2cb8, 0xc1c2b170, 0x371a5f50, 0x9e973838, 0x2c08f385, 
    0x035efe48, 0x0014066b, 0x40970023, 0x06011b0e, 0x02010a05, 0x01010900, 0x4b4c0302, 0x58501cb0, 0x06002240, 0x00610506, 0x4d5e0505, 0x28ea8203, 
    0x07085f04, 0x59040402, 0x0733464d, 0x4e015b26, 0x20b04b1b, 0x20202982, 0x23821983, 0x00040223, 0x8b348967, 0x1e402927, 0x06000500, 0x69060504, 
    0x7c462a8b, 0x23488206, 0x10405959, 0x23269682, 0x23252300, 0x03821311, 0x1d0b092c, 0x2315012b, 0x23060611, 0xcd4f2622, 0x23112407, 0x18353335, 
    0x080dabb3, 0xd82a0337, 0x25b2c401, 0x110e2846, 0x3344123d, 0xb9d8aaaa, 0x1f25592f, 0x47232d13, 0xd73a0450, 0xc7bf81fc, 0x04ea0905, 0x03475207, 
    0xbb5cd77f, 0xe30a0cc3, 0x47470504, 0x0503415c, 0xff6e2c08, 0x05bb04ec, 0x001d00d2, 0x1c414044, 0x18191a1b, 0x06070817, 0x02030405, 0x03010e01, 
    0x00021516, 0x02011401, 0x004c0300, 0x82000301, 0x048026e0, 0x56030301, 0x183c824d, 0x280a136c, 0x331d001d, 0x0b051912, 0x23b08219, 0x15071537, 
    0x11270382, 0x21353636, 0x83040206, 0x071124bb, 0x82353735, 0x02112303, 0x0082eb40, 0x01ae982c, 0xfea40135, 0x985bbcdf, 0x0082a335, 0xc0d2053f, 
    0x7749d74a, 0xfd49d348, 0xe9e203f5, 0xa8c2fee2, 0x9602080a, 0x7632d533, 0x0133d532, 0x256b831e, 0x00005d00, 0xa782a105, 0x2100182b, 0x42404500, 
    0x06070109, 0x349b820b, 0x05670007, 0x01040101, 0x02010302, 0x0a0a0067, 0x08005f08, 0x2a9e8208, 0x03570303, 0x2100014e, 0x18191b1f, 0x840ae970, 
    0x180029d7, 0x0b0c1801, 0x21012b16, 0x18053843, 0x27094a6e, 0x07161632, 0x25060616, 0x07fb4918, 0xfe74032a, 0xfe4501ee, 0xd5d0febb, 0x28080082, 
    0xf9b04202, 0x87010184, 0x0141fef9, 0x7c7d8709, 0x02eefe7f, 0xc6f7621f, 0xf762f7c6, 0xd87ebc02, 0x73d38f88, 0x616576f7, 0x08af8286, 0x3a00012f, 
    0x0a05ecff, 0x2c00e605, 0x52405500, 0x090a0125, 0x0a080126, 0x0203010f, 0x03040110, 0x0b0c4c04, 0x01070802, 0x00080100, 0x01010667, 0x25bf8805, 
    0x09006109, 0x56185c09, 0x5d220891, 0x4d824e04, 0x2c002c2b, 0x2224282a, 0x12111411, 0x2c058325, 0x2b1f0b0d, 0x06210701, 0x21171415, 0x06444907, 
    0x0606172d, 0x27002223, 0x26333723, 0x82373435, 0x367b0806, 0x17323300, 0x23262607, 0x04070622, 0x25fe474d, 0x99010203, 0x24cefe4d, 0x8c6171a3, 
    0xc94f7329, 0xb3feeb71, 0x823bd337, 0x3bbe0302, 0x4e013698, 0x72a9e5eb, 0x71618e2d, 0xcf0324a3, 0x2527249d, 0x7d85a222, 0x43f11e48, 0xfd150142, 
    0x262423a2, 0x01ff9d25, 0x20f38818, 0x00877f4a, 0x00480001, 0x054c0400, 0x001c00d2, 0x0a48404b, 0x02010205, 0x05004c01, 0x05070407, 0x82020072, 
    0x0102321f, 0x01010080, 0x00060084, 0x07060507, 0x02080967, 0x20318204, 0x39078357, 0x035f0004, 0x00040001, 0x0000004f, 0x111c001c, 0x12112211, 
    0x0a112522, 0xd5821e06, 0x06062330, 0x15010707, 0x33270121, 0x21373632, 0xc1822137, 0x45080582, 0x17162307, 0x9b364b04, 0x0bb4be19, 0xb2febe01, 
    0xf8010dfe, 0xfe177960, 0xc3013500, 0xfe5d711a, 0xc8033cf0, 0x0f2fd737, 0x8dc86104, 0xfd0523b3, 0x54020ddc, 0xc84350b2, 0xccfa4037, 0x02005e47, 
    0x00004c00, 0xaf820d05, 0x0b00073d, 0x31403400, 0x05040400, 0x0501075f, 0x024d5605, 0x03000001, 0x0301065f, 0x824d5903, 0x01572db2, 0x0008084e, 
    0x080b0800, 0x00090a0b, 0x23059054, 0x2b190b08, 0x11249382, 0x35211121, 0x20080782, 0xfe0d0535, 0xfed1fe34, 0xfbc1043a, 0xfa64043f, 0x6a0396fc, 
    0xfa6e01fa, 0x00fffffa, 0x07f0ff87, 0x226782f9, 0x82770126, 0x030724de, 0x822f0579, 0x00042207, 0x207f8256, 0x08178281, 0x23001c24, 0x2e002900, 
    0x5d406000, 0x03070c12, 0x02080e01, 0x00010d00, 0x000d0067, 0x090d0a09, 0x0f0f0067, 0x9d825f04, 0x0b4d562c, 0x02020206, 0x10135f03, 0x9a830305, 
    0x01112808, 0x0a570a0a, 0x1d2a2a4e, 0x2a00001d, 0x2d2e2a2e, 0x2628292b, 0x1d231d24, 0x00212223, 0x1b1c001c, 0x11141119, 0x82112112, 0x0b142900, 
    0x11332b1f, 0x35333523, 0x112b0382, 0x17043221, 0x16231533, 0x82071415, 0x04063806, 0x01112323, 0x27343536, 0x33111521, 0x21373632, 0x23232601, 
    0x8289df15, 0x014b0800, 0x0401e8f6, 0x01869828, 0x29998601, 0xb9eaf9fe, 0x0101b401, 0x5abd4cfe, 0x67fe1969, 0xac309801, 0x92c602bc, 0x70019278, 
    0x1d92bfb1, 0x921d1f1f, 0xa2feaeba, 0x211b5803, 0xfe781c20, 0x013e38f8, 0x0075759c, 0x003e0001, 0x82490600, 0x001331eb, 0x06314034, 0x00010205, 
    0x08094c01, 0x03040306, 0x04220982, 0x77416800, 0x07804707, 0x13001323, 0x33008311, 0x0a111113, 0x012b1e0b, 0x21012111, 0x21110701, 0x33112311, 
    0x0805685a, 0xcd05012b, 0x040256fe, 0x45fe94fe, 0xd8cffeb9, 0x693101d8, 0x90010902, 0xa403f0fd, 0x5dfdfffe, 0xfec64c02, 0x01a3027a, 0xfd2e0201, 
    0x200383d2, 0x26008200, 0x004b0006, 0x82060800, 0x1f4f0887, 0x27002300, 0x2f002b00, 0xf7003300, 0x022e31b6, 0x4c010203, 0x500ab04b, 0x18334058, 
    0x040b0d0f, 0x09000009, 0x10121457, 0x1a010407, 0x04061617, 0x01030205, 0x19156702, 0x05081113, 0x5f0a0000, 0x0a020c0e, 0x054d560a, 0x57030301, 
    0x7c1b4e03, 0x3c200527, 0x418730a1, 0x855f0921, 0x59092166, 0x79b44388, 0x59592308, 0x30303640, 0x00002424, 0x33303330, 0x2a2b2c2d, 0x27242829, 
    0x25262724, 0x20212223, 0x1f001f00, 0xc3451d1e, 0x15162205, 0x05534114, 0x00821120, 0x1f0b1b2d, 0x2315012b, 0x23153307, 0x84032103, 0x33352303, 
    0x5f182327, 0x132d0774, 0x03211321, 0x21373301, 0x37331721, 0x24188217, 0x33172301, 0x080b8225, 0x93ff0745, 0xa5e0b522, 0xd8acc7fe, 0xa5c7feae, 
    0x9322b5df, 0x19016f68, 0x7159016e, 0x01701901, 0x1a016d5a, 0xc2dcfd70, 0xfcfbfe21, 0x22c121ac, 0x37247eea, 0x306dfd01, 0x2f6cfc0e, 0x2e04300d, 
    0xfda080a0, 0x836e0292, 0x230a8203, 0x5cfea401, 0xfe220387, 0x008380e0, 0xb5e0fe26, 0x00b3b3b5, 0x2a0c7f48, 0xb6950030, 0x04021516, 0x514c0106, 
    0x323a050d, 0x00010c00, 0x07720c00, 0x01080401, 0x03040203, 0x02010967, 0x0c01010a, 0x69470102, 0x4d5c2208, 0x2b23820b, 0x010e600d, 0x0d570d0d, 
    0x33401b4e, 0x01233483, 0xaa80000c, 0x40592235, 0x3489821a, 0x2c2f0030, 0x2327292b, 0x11202122, 0x11242413, 0x21131111, 0x0d9b480f, 0x48159f48, 
    0x042613a3, 0x95089da4, 0xa648038e, 0x01032a0e, 0x0565fea0, 0x6efe9601, 0x0cab4802, 0x918f5b24, 0xad48488f, 0x82572008, 0x482e200d, 0x32080baf, 
    0x00310003, 0x05c80500, 0x001700d2, 0x0022001b, 0x1f4c404f, 0x01010001, 0x020e104c, 0x0f0d0003, 0x0403030b, 0x0c680300, 0x0904020a, 0x06050207, 
    0x82670504, 0x4d56341d, 0x06060108, 0x1c4e0657, 0x1c00001c, 0x1b221c22, 0x8218191a, 0x42172041, 0x11200c21, 0x1323e182, 0x82132135, 0x23152801, 
    0x23153317, 0x82032113, 0x82132001, 0x374208ea, 0x21272105, 0x27262625, 0x41070606, 0x01e70601, 0x0801ed90, 0x689b3ad5, 0x77adfe7d, 0xfe72f6fd, 
    0x9c6a7aaf, 0x010d0139, 0xc1fe37ab, 0x3a1d1101, 0x1b371d1f, 0x02919d02, 0x915cfda4, 0x9bfe92a6, 0x03836501, 0xa6a69236, 0xd96291a6, 0x61da7a7a, 
    0x02000000, 0xecffb200, 0xe6053905, 0x2f308982, 0xb04bd500, 0x40585011, 0x06070036, 0x72070609, 0x01361d82, 0x0b720201, 0x0a000901, 0x670a0905, 
    0x01040500, 0x00050200, 0xc9820c67, 0x00610827, 0x4d5c0808, 0xdc7d1800, 0x8213200c, 0x8a37203d, 0x0200233d, 0x3ea88001, 0x85384021, 0x80092139, 
    0xa707b846, 0x5920083a, 0x19194059, 0x292a2b18, 0x21262728, 0x181c1d1f, 0x112f192f, 0x25122215, 0x1c0b0d10, 0x0621012b, 0x2105f04f, 0x09823736, 
    0x26222131, 0x37363427, 0x01213523, 0x07060622, 0x54363621, 0x600805e0, 0x21153307, 0x35362135, 0x39052634, 0x1d1d34fd, 0x715d5b6a, 0x0b370104, 
    0xf7fdfefb, 0x191f01ff, 0xfd870487, 0x1f4c46c5, 0x0ccbfe02, 0xf9e6eaee, 0xfb96181e, 0x3dbb0279, 0x1df00156, 0x46402248, 0xc2d05546, 0x512ba7bf, 
    0x3402c822, 0xb91f402b, 0x2b9bbbcb, 0xcece214e, 0x3e354b38, 0x00050000, 0x08048222, 0xd205ed3a, 0x23001b00, 0x33002c00, 0x62003800, 0x01305f40, 
    0x01370a09, 0x4c020203, 0x0d141215, 0x1109050b, 0x0003080f, 0x68000901, 0x03070e10, 0x04061301, 0x01030203, 0x010c6702, 0x310af644, 0x00002d2d, 
    0x332d3435, 0x2829332d, 0x20212425, 0x54821c1d, 0x191a1b23, 0x0d4a4218, 0x6c441620, 0x33152605, 0x21112315, 0x05205001, 0x84068746, 0x012a080d, 
    0x27262733, 0x05151623, 0x35352633, 0x16161723, 0x27262601, 0x01171616, 0x26171623, 0x4444ed05, 0xfeaafe44, 0xfeb2fed0, 0x00827bc8, 0x55012e08, 
    0x2b015301, 0x2cfc3901, 0x202520f3, 0x30020391, 0x28d0046f, 0x20fe1e0f, 0x03182913, 0xb0020205, 0x04191a2b, 0xa892b203, 0x011afe92, 0x820383e6, 
    0x2002230a, 0x0383e0fd, 0xc6fe3508, 0x49393b34, 0x3956352a, 0x33194019, 0x53251e01, 0x27542c2f, 0x3b3834fe, 0x0300003a, 0x37ff5e00, 0x9b069e05, 
    0x23001c00, 0x4a002800, 0x010c4740, 0x141e0201, 0x2808fa82, 0x00021d24, 0x05011b06, 0x004c0400, 0x01040103, 0x00800403, 0x00060004, 0x00670604, 
    0x05010702, 0x00630502, 0x4d5c0101, 0x06184f00, 0x82272821, 0x141c2b44, 0x11161115, 0x2b1b0b08, 0x5b183505, 0x114f084c, 0x15212409, 0x4e040214, 
    0x54080849, 0x37363605, 0xc2e50221, 0xa9a2ddfe, 0x78b92501, 0x139af095, 0x811bcafe, 0x93410260, 0x78a9fbfe, 0x01b5ba97, 0x03948214, 0xb7c9e7fe, 
    0x4d01bf0c, 0x4f01e7e1, 0xb8b60bbd, 0x88d6850e, 0xfe10755b, 0xfeb8ba48, 0xb80d9df1, 0xd503c801, 0xdadafd13, 0xa31013fe, 0x08d38480, 0x9405422b, 
    0x29008c06, 0x36002f00, 0x16408800, 0x26282e31, 0x00060107, 0x022b2d06, 0x171a0201, 0x01030315, 0xb04b4c03, 0x40585010, 0x07f14229, 0x0401052b, 
    0x71040303, 0x07020809, 0x24e08200, 0x06006700, 0x0d644306, 0x8b284021, 0x8604212b, 0x593d2a99, 0x00001140, 0x29002900, 0x11142712, 0x14131233, 
    0x2b1e0b0a, 0x16160301, 0x27262117, 0x08f68301, 0x040606a4, 0x07272223, 0x27263723, 0x26130707, 0x12343502, 0x17323324, 0x16073737, 0x01013717, 
    0x26011716, 0x02060101, 0x04161415, 0x876853e4, 0x0bcbfe13, 0x77fafe21, 0x350115a7, 0xedfea211, 0x341d1dbc, 0x47503860, 0x8e556047, 0x3a01b6a7, 
    0x321b1cc4, 0x464f3763, 0xfed5fe45, 0x01533fe5, 0x49fe3f1b, 0xc1a00301, 0xfe8c0631, 0x8fd743f2, 0xb1fc3442, 0x8b758805, 0xa80296f1, 0xe42010b4, 
    0x5c150104, 0xf3e84d01, 0x02b45701, 0x0fb304a4, 0x47fee11f, 0x0f306dfc, 0xfc2d9803, 0x0d4c03c4, 0x71e100ff, 0xee8200af, 0x37ff5e3d, 0x9b069405, 
    0x25001e00, 0x44404700, 0x0201010c, 0x03021420, 0x02151f01, 0x421d0400, 0x01260f1d, 0x007e0004, 0x1c420602, 0x263f8211, 0x1115171e, 0x42071116, 
    0x3625171a, 0x0e213736, 0x081b4202, 0xdd027108, 0xa5dffeb9, 0xb72101a7, 0x9df49978, 0x12cbfe14, 0x8f68688f, 0x10350113, 0x78a8f691, 0xc9b4b396, 
    0x01ba0cb7, 0x01e8e74d, 0xb70cba4e, 0xe3830cb8, 0x0f856a9c, 0x840f2dfc, 0x99e6826b, 0xc801b80e, 0xfe15d403, 0x00f8ddd8, 0xff5e0001, 0x057905ec, 
    0x002f00e6, 0x24b04b81, 0x13405850, 0x04021c1d, 0x00012903, 0x0b0c2604, 0x01050108, 0x1b4c0300, 0x05201584, 0x5920158e, 0x1c3f3085, 0x04010000, 
    0x03005900, 0x00610203, 0x4d5c0202, 0x04040105, 0x01006101, 0x4e015d01, 0x561d401b, 0x20880898, 0x1f890020, 0x0940592d, 0x26261624, 0x0b06232a, 
    0x4c012b1c, 0x1520068e, 0x21055551, 0x49182304, 0x3222075e, 0x72711604, 0x17640809, 0x33152111, 0x32333636, 0x5e0f0516, 0x6422370b, 0x714d0172, 
    0x272b0118, 0x97fffeb6, 0xb0cefec2, 0xc33201af, 0xb7030197, 0x21d8fe26, 0xd0a27ab4, 0x08016579, 0x5788180a, 0x5203542b, 0x8a0f06ef, 0x73188859, 
    0xd69c265b, 0x5501b56f, 0x5701f1f1, 0x9cd972b7, 0xef817b26, 0x2be3c0ff, 0x549b4e02, 0x01001555, 0x07cff618, 0x00170026, 0x172d4030, 0x28060661, 
    0x04050609, 0x00010203, 0x18dc8210, 0x2e0cf2f7, 0x00570000, 0x1911114e, 0x1a0b0417, 0x4e15012b, 0x212005e1, 0x2d08d74e, 0x15213521, 0x0d041121, 
    0xfec8c8c8, 0x0082cbce, 0x38fe5b08, 0x39fec104, 0x4f9b1e04, 0x4f9a5198, 0x8b01fcfd, 0x9b529450, 0x0151944f, 0xfefdfd83, 0x000500f8, 0x0b5efe51, 
    0x008c065e, 0x00370023, 0x00530047, 0x408e005f, 0x020d108b, 0x090c0309, 0x08090502, 0x5f010c01, 0x350c0801, 0x21080d01, 0x060d0001, 0x0302004c, 
    0x01008502, 0x1a820c00, 0x09006924, 0x82510309, 0x0b003b05, 0x0061050b, 0x4d5f0505, 0x08020a10, 0x06610008, 0x00030e04, 0x004d5d00, 0x0c890d0d, 
    0x010f4308, 0x075b0707, 0x2448494e, 0x5d000124, 0x4f56585b, 0x4953484d, 0x3c424553, 0x2437243a, 0x2a303237, 0x161d1f28, 0x07111213, 0x01230005, 
    0x160b1123, 0x2622052b, 0x33363435, 0x06111732, 0x36270706, 0xe3823736, 0x04240e82, 0x14151512, 0x2205d64f, 0x74010606, 0x01301223, 0x32331616, 
    0x34353512, 0x22232626, 0x05141107, 0x200a225a, 0x23138325, 0x33141506, 0x21081382, 0xb996a001, 0x363e9cb6, 0x3442813e, 0x01449a57, 0xfd31321d, 
    0x94b25b01, 0x85b0f7fe, 0x9b3141b5, 0x60741805, 0xfa3f080d, 0x597b38df, 0xcf5b9995, 0x06312caf, 0x787b7507, 0x7e7f7476, 0x381a4ff9, 0x75413720, 
    0xa614383d, 0x0fad8b8e, 0x1f0b9002, 0x2417d914, 0x03acd00d, 0xd9b0febf, 0xb4fee22c, 0x454160b5, 0x7472fe5c, 0x03301196, 0x015c3d16, 0x9e2de60e, 
    0xfc037ee7, 0xbcb21baf, 0x3706a474, 0x3e1b1788, 0x4961743a, 0x01000000, 0x82ff7e00, 0x0005a506, 0x8b002b00, 0x2f050e43, 0x01232a0d, 0x17000203, 
    0x02010214, 0x401b4c02, 0x07200f85, 0x33430f86, 0x00212d06, 0x86040104, 0x0009010a, 0x05570902, 0x00332882, 0x02070861, 0x4d5f0000, 0x01020306, 
    0x4e015701, 0x8b25401b, 0x07002423, 0x864d5907, 0x8b012028, 0x05295327, 0x2b002b35, 0x24131124, 0x14231312, 0x1f0b0b23, 0x3607012b, 0x18323336, 
    0x2c0deb53, 0x01230335, 0x23263435, 0x11150622, 0x08434321, 0x37174e08, 0x2a52cd04, 0x9e613a68, 0x61d3fe5f, 0x01595743, 0xda76ddfe, 0x49605001, 
    0xd5fe6846, 0x2a0b2501, 0x633e6997, 0x00055626, 0x541b18c7, 0x3ffd9cbb, 0x5362c302, 0x49fd5c65, 0x03e2fea0, 0x5661112e, 0x49fd645d, 0x3d875e04, 
    0xcf1c1f58, 0x2e008200, 0x00940002, 0x04cd0600, 0x000d005e, 0x4170001b, 0x27350515, 0x01020400, 0x80010402, 0x02050100, 0x007e0501, 0x5f000202, 
    0x26c98206, 0x05004d59, 0x82600305, 0x053b4dfd, 0x8f2b4021, 0x06062129, 0x2e832382, 0x00000022, 0x59382d8e, 0x0e0e1040, 0x1a0e1b0e, 0x11122113, 
    0x09201323, 0x132b1d0b, 0x17163221, 0x2622e082, 0xe5822326, 0x11240282, 0x35363221, 0x3e081082, 0x94230614, 0xbfccfd02, 0x01d9fe01, 0x4dfe4e3a, 
    0xb001dafe, 0xb4012701, 0x27014146, 0x5e04cbbf, 0x8afeafc5, 0x42447601, 0xe90290fc, 0x4a3b05fe, 0x23fddd02, 0x0000c4af, 0x00840001, 0x82970500, 
    0x001932cf, 0x151d4020, 0x04050812, 0x4c010300, 0x59030300, 0x32d4824d, 0x00570000, 0x1515164e, 0x1a0b0410, 0x2721212b, 0x82272626, 0x0641086d, 
    0x21151706, 0x36122635, 0x15213537, 0x15121616, 0xdcfe9705, 0x5f710101, 0x7261d9fe, 0x01ddfe01, 0x0194e280, 0x7fe29527, 0x2fdda9ab, 0x6102a0fd, 
    0xaba9df2e, 0x2301bfa7, 0xfdfd1fb9, 0xddfeb920, 0x35ee82be, 0x8700ffff, 0x1809eaff, 0x2600d205, 0x00008001, 0x67030700, 0x0782e804, 0x8e000122, 
    0x8a209382, 0x26081782, 0x4041002c, 0x1b1e253e, 0x2c070103, 0x04020609, 0x4c020100, 0x01000700, 0x69010700, 0x00020209, 0x085f0600, 0x4e060601, 
    0x043f059c, 0x0404005f, 0x294e0457, 0x18321128, 0x12261111, 0x0b0a1022, 0x23012b1f, 0x22232611, 0x57231107, 0x33210584, 0x2eb98221, 0x26263733, 
    0x37123435, 0x36153335, 0x82173233, 0x08c38206, 0x26342153, 0xa9ef0327, 0x1b1d1e1c, 0xb93f3ba9, 0xfb4502d4, 0x5403a210, 0xa9bde056, 0x1d1d1c1c, 
    0xfee0bba9, 0x023b40e0, 0x03a501af, 0x015bfe03, 0x82aa2f65, 0xefeff9d1, 0x8aea540a, 0x3c3e01eb, 0x02028cac, 0xfe3ead8c, 0xae83f3bb, 0xffffff31, 
    0x040000ef, 0x37c38293, 0x38890026, 0x0b070100, 0xfec7ff42, 0xb109003d, 0xfeb80101, 0x2b35b03d, 0xff82e282, 0xfc04463b, 0x19008c06, 0x24002000, 
    0x2f002800, 0x5a405d00, 0x0a02292a, 0x07010e0b, 0x08eb820a, 0x02010223, 0x05010c85, 0x03860500, 0x0b000101, 0x670b010a, 0x0d090a00, 0x0a060702, 
    0x01086907, 0x06000006, 0x73068259, 0x063405e0, 0x1a1a5100, 0x27280000, 0x23242526, 0x201a2122, 0x1b1c201a, 0x192e5b82, 0x1111212d, 0x1b060e11, 
    0x2135052b, 0xed822111, 0x16323127, 0x07061415, 0x069e7215, 0x11152322, 0x2405a958, 0x23113301, 0x20038235, 0x280e8505, 0x29fe5e02, 0xf578d701, 
    0x174719f7, 0x7b262607, 0x75fe7f71, 0x080082a6, 0x511e0134, 0xbaba5e66, 0xbabad205, 0xa284a7d8, 0x58040f1a, 0xba766e9f, 0x4903ba6b, 0x66046dfe, 
    0xfe795a52, 0xd1940170, 0xfe027901, 0x50640b8c, 0x0000624a, 0xef880300, 0x001e2308, 0x00300027, 0x0b0a408f, 0x11010c01, 0x020b0a01, 0x0db04b4c, 
    0x2f405850, 0x01020104, 0x0d700201, 0xdb830208, 0x0b007122, 0x0b25ee82, 0x0c00670a, 0xdf60180c, 0x09092e08, 0x05075f00, 0x57000002, 0x401b4e00, 
    0x2131832d, 0x30848502, 0x9f860621, 0x4059322f, 0x30000019, 0x27282a2e, 0x001f2125, 0x111e001e, 0x25028211, 0x0e111111, 0x1d411e0b, 0x35332408, 
    0x41161533, 0x07270a20, 0x23352315, 0x45210315, 0x212005cb, 0x3508386f, 0xe3fea401, 0x9f771d01, 0x99c9c778, 0x5d955473, 0x9f78e1e9, 0x48190163, 
    0x21410c38, 0xbfba2405, 0x4197cf14, 0xa83a0724, 0xbabc0de4, 0x68b501ba, 0xd17a5d55, 0x66515a68, 0x5e000200, 0x0705ecff, 0xbd82e605, 0x2d001724, 
    0x17192a40, 0x0d3a161b, 0x1300010c, 0x0d170c11, 0x00050717, 0x060b010b, 0x052b160b, 0x10110020, 0x05842100, 0x09192520, 0x023d0a91, 0xfee6feb2, 
    0x013b01c6, 0x011a0119, 0xfec6fe3b, 0x94948ae5, 0x9394898a, 0x01920114, 0x0801826a, 0x6bfe9439, 0x96fe97fe, 0x01fd6efe, 0x01f6f50a, 0xf5f3fe0c, 
    0x00f6fef5, 0x005d0001, 0x05ed0200, 0x000700d2, 0x061e4021, 0x00030305, 0x024c0101, 0x56010101, 0x0000004d, 0x824e0057, 0x07220805, 0x03110700, 
    0x012b170b, 0x23112111, 0x02251105, 0x0acffeed, 0x4901abfe, 0x2efad205, 0x01f1c504, 0x2582e717, 0x6e000126, 0x9a040000, 0x1c2dd782, 0x31403400, 
    0x03040101, 0x01004c01, 0x21518200, 0x1f828003, 0x00610224, 0xee550202, 0x055f2605, 0x57040401, 0x06905a04, 0x1223282a, 0x1a0b0627, 0x0135332b, 
    0x2008135e, 0x09355e21, 0x07063308, 0x15211507, 0x6510027c, 0x6864836d, 0x85dcfe7d, 0xec9e9aec, 0x99a74183, 0xdc7602e1, 0x9363ef01, 0x7c73645a, 
    0x75d7916d, 0x5381c671, 0xde8cc9a2, 0x6f44fb0b, 0x308f8305, 0x02e6059b, 0x003f0526, 0x0b070100, 0xff020172, 0x059343a6, 0xb0a6ff24, 0x14822b35, 
    0xff630025, 0x82cc04ec, 0x2adf6eb3, 0x0222c382, 0x47190002, 0xdf6e0983, 0x05534812, 0x0828df6e, 0x93020449, 0x0291fba2, 0x90043301, 0x948c6e6a, 
    0x6d8a8a82, 0x61617789, 0xdafe028d, 0x97f18e02, 0x9b7fe699, 0x92aaa37c, 0x6f14fffe, 0x655481c6, 0x755c5b71, 0x565a6ee3, 0x7f57666b, 0xbe706ec4, 
    0x18a77e74, 0x8bbb150b, 0x8271c57f, 0x000223f8, 0xff550065, 0x000a3c05, 0x4037000f, 0x01010c34, 0x02010100, 0x074c0201, 0x06010205, 0x03020204, 
    0x82680201, 0x073b5829, 0x0b0b4208, 0x0f0b0000, 0x0a000e0b, 0x11110a00, 0x0b081211, 0x35132b1a, 0x33112101, 0x21112315, 0x23113711, 0x02651501, 
    0xba7f016f, 0x06dbfeba, 0x0171fe0c, 0xd803f109, 0xfef62dfc, 0xf60901f7, 0x89fd8302, 0x3a4d820c, 0xff5d0001, 0x059c04ec, 0x002200d2, 0x17464049, 
    0x12060301, 0x03010211, 0x82004c02, 0x2c728204, 0x00060080, 0x03060103, 0x05050069, 0x05f75504, 0x02020025, 0x5d076100, 0x01270572, 0x161a1c00, 
    0x70131415, 0x22230626, 0x41082201, 0x22281146, 0x13250706, 0x03211521, 0x8205354b, 0x0643082f, 0x99740206, 0x01048bef, 0x5f8a042a, 0x72939070, 
    0xfe227b43, 0x860347ee, 0x082677fd, 0x87609d28, 0xf98b7ad3, 0x7fc67114, 0x76946d57, 0x2c369777, 0xfc0e0330, 0x463687fe, 0x968fdd7e, 0x000085e8, 
    0x824b0001, 0x82b720b7, 0x002428b7, 0x1949404c, 0x8f070301, 0x820720b7, 0x030722b7, 0x0f5c1869, 0x4d562108, 0x4919b884, 0x1e210885, 0x0518501c, 
    0x2423ba86, 0x96092401, 0x352321ba, 0x8f27bc8f, 0x038bf099, 0x82052901, 0x928f24bc, 0x827c4273, 0x7d3126bc, 0x77fd1a04, 0x25bd8227, 0x7ad48661, 
    0xbd8cf88c, 0xfc120222, 0x4f44be8c, 0xd5043705, 0x1f00e605, 0x49002d00, 0x01144640, 0x4c010406, 0x04030200, 0xcb4f0203, 0x04052305, 0x65446906, 
    0x01082309, 0x75410505, 0x20213508, 0x25270001, 0x2d212d20, 0x10121719, 0x080a0d0e, 0x1f011f00, 0xae4ebe87, 0x16162806, 0x26262117, 0x4c022223, 
    0x0e7506ac, 0x051c6c0d, 0x72ac4b08, 0x9462a7d3, 0x93b70e01, 0xfe0f8ae2, 0x587713d4, 0x320a9a93, 0xd0837aca, 0xa6f98c78, 0x6f91946e, 0x43447649, 
    0xa94c1474, 0xfacd1801, 0x72bf6701, 0x5b4f7ac5, 0x61dc00ff, 0x8cd97c6f, 0xf285ea97, 0x9a70729a, 0x49497949, 0xb34c487a, 0x5c042305, 0x2f74d205, 
    0x01062305, 0xd1820100, 0x01000023, 0x2708825f, 0x01034d56, 0x02570202, 0x08079a44, 0x0b042146, 0x01332b18, 0x21352135, 0x02b10111, 0x042efd6c, 
    0x0492fd11, 0xfffc0acc, 0x002efb00, 0xff5e0003, 0x05d804ec, 0x001f00e6, 0x0037002b, 0x17424045, 0x04030208, 0x01084c01, 0x02030004, 0x00690304, 
    0x61010505, 0x5c205982, 0x0adb4418, 0x4e005d36, 0x20212c2d, 0x31330001, 0x372d372c, 0x2b202527, 0x0f112b21, 0x27091d41, 0x34352624, 0x35373636, 
    0x470de262, 0x04210564, 0x0a094c27, 0x0b8a1320, 0x9a025b08, 0x93fefea7, 0x775b9254, 0x96ea8694, 0x9687eb95, 0x57915974, 0xa7fdfe94, 0x6e918d72, 
    0x738c906f, 0x617b7d5f, 0x147c7b61, 0x5d79be6d, 0x090f699d, 0x737ab819, 0xb56868b5, 0x19b87a73, 0x9d690f09, 0x6dbe795d, 0x636179e2, 0x60637f7f, 
    0x729c027a, 0x6e6f5959, 0x0072595a, 0xe7820200, 0xd504ea24, 0xe782e905, 0x49002e29, 0x010b4640, 0x43010503, 0x0826087c, 0x03000501, 0xec820501, 
    0x04060626, 0x04040061, 0x4306c644, 0xe983067d, 0x2027292d, 0x182e212e, 0x090e1016, 0x89040507, 0x442620e9, 0x122606c8, 0x06062335, 0xf0852223, 
    0x021e1730, 0x02141512, 0x36320304, 0x26343536, 0x256e2326, 0x02520805, 0x8ae3937c, 0x122e010f, 0x9b935976, 0x7ac9330a, 0x8c78cf85, 0xd370a6f9, 
    0xfe9462a7, 0x7649acf2, 0x4b744345, 0x91447549, 0x7bc67416, 0x02015e50, 0x7c7061dd, 0xec968cda, 0x4c010186, 0xcde9feaa, 0xc098fefb, 0x7949f502, 
    0x4978484a, 0x714b7947, 0x00820099, 0x33470320, 0x00132b0a, 0x4035001b, 0x11121532, 0xba4a0203, 0x06bb4105, 0x02010526, 0x04610002, 0x29054d44, 
    0x00010c0d, 0x130c1618, 0x3d47130d, 0x0127241a, 0x82012716, 0x820220b9, 0x124147c8, 0x77fe2f2a, 0x87019540, 0x9489593f, 0x38144747, 0xfbfc7dc4, 
    0x0503c33b, 0xf5f3fe39, 0x000100c0, 0x0200006d, 0x00d205d9, 0x05c7660b, 0x01010023, 0x2a15824c, 0x00010300, 0x02020069, 0x59044d56, 0xcf820553, 
    0x000b2908, 0x1321120b, 0x2b190b05, 0x06061121, 0x32333523, 0x11213736, 0xad31a901, 0xbe7c0c5e, 0x04040122, 0xf3383759, 0x2efa6c89, 0x2007a346, 
    0x2c5782ce, 0x4048001e, 0x04011645, 0x06011005, 0x10564504, 0x04006728, 0x005f0504, 0x9d440505, 0x08564506, 0x15171825, 0x44111314, 0x1e22069b, 
    0x56451e01, 0x35232512, 0x35213501, 0x07540a19, 0x35085c82, 0x92faa195, 0x07340105, 0x8c6e6791, 0x01a28f8f, 0x038efd50, 0x925bfee4, 0xfe9577d8, 
    0xc56d14ff, 0x73625784, 0xcc8b5f6c, 0xfc0a4e01, 0x046cfede, 0x8a7ac570, 0xed8271ce, 0x7b466520, 0x000f2a06, 0x01334036, 0x01010401, 0x074c534c, 
    0x01010329, 0x04020607, 0x46040105, 0x0521067c, 0x05ec6105, 0x0f000f23, 0x2d008211, 0x0b081221, 0x35132b1c, 0x15012101, 0x7d461121, 0x02652e07, 
    0xfd26012f, 0x019f01de, 0xfec0c016, 0x057a46e1, 0x010c392a, 0xf65dfea3, 0x0901f7fe, 0x5e325d82, 0x8d04ecff, 0x1400d205, 0x38002000, 0x010a3540, 
    0x75840204, 0x0203042f, 0x01006a04, 0x064d5601, 0x00030301, 0x06db6361, 0x01151622, 0x2806f469, 0x08090c0e, 0x14011400, 0x06ad4507, 0x36343523, 
    0x667d8237, 0x062008b0, 0x080bc643, 0x947a0244, 0x625d93f5, 0x34015a01, 0x4c217dfe, 0x75d0892a, 0x6c9bf08a, 0x6b6c8a8a, 0x78148c8c, 0xea759ee1, 
    0xfdfe0192, 0x6f0d0cc9, 0xe4988fcf, 0x7193f07f, 0x71919172, 0x00009372, 0x5e000200, 0x8d040000, 0xa389e605, 0x82040221, 0x000422a3, 0x20ac8202, 
    0x219e8969, 0x965d4d5c, 0x21a39505, 0xa84a3201, 0x43a38205, 0x6b670a88, 0x35362506, 0x71022634, 0x5e28a382, 0xfea7fe62, 0x228301cc, 0x742ca383, 
    0x6c9cef8a, 0x6b6c8b8b, 0xe6058b8b, 0x9124a484, 0x370201fe, 0x0226a492, 0xecff5c00, 0xa382cf04, 0x13000b22, 0x211e974a, 0x59430f11, 0x1120231a, 
    0x03822110, 0xfe960237, 0x01e1fee5, 0x011a0120, 0xfe200119, 0x01e5fee2, 0xfef5fe0b, 0x124a43f4, 0x0202ff2f, 0x01fefefd, 0x00010000, 0x040000b1, 
    0x074343a0, 0x22078f4a, 0x5e010100, 0x602006bb, 0x280c4343, 0x05111511, 0x332b190b, 0x05974a35, 0x21112139, 0x8801b115, 0x01abfe0a, 0x01470149, 
    0xce03f736, 0xe71701f1, 0x18f725fb, 0x2108739c, 0xdf82ac04, 0x3f050628, 0xffff0012, 0xef825f00, 0x0f84c820, 0x83fc4121, 0x8242200f, 0x82ea207b, 
    0x0506237b, 0x0f83dd42, 0x1f827120, 0x0f84b020, 0x83144321, 0x825b200f, 0x84d2200f, 0xfd45212f, 0x8d200f83, 0x9e202f82, 0x46211f84, 0x200f8342, 
    0x201f8259, 0x211f84d3, 0x2f85fb47, 0xd204ea2c, 0x0600e905, 0x00fd4805, 0x5f410300, 0x0012290a, 0x40350019, 0x10111432, 0x251fc344, 0x120c1517, 
    0xc344120d, 0x11202216, 0x06c24434, 0x14112022, 0x28136f41, 0x3d7efe23, 0x3c80018c, 0x1576415b, 0xfd77be2b, 0x02d03d09, 0xfefd3af7, 0x0a7b41b9, 
    0x31000f27, 0x01032e40, 0x05454301, 0x02000131, 0x03006901, 0x044d5603, 0x05000001, 0x43010660, 0x12290bb7, 0x07111321, 0x332b1b0b, 0x0bc94435, 
    0x15212908, 0x307801b1, 0x7b0d5fad, 0x030123be, 0x03f74701, 0xf3383762, 0x25fb6c89, 0x00fffff7, 0x04ecff54, 0x00d205bf, 0xf14b0506, 0x210d7741, 
    0x0f83dd4c, 0x1f827e20, 0x1f84ad20, 0x84204d21, 0x0000250f, 0xe605ad04, 0x4e202f82, 0x38390f84, 0xbc0175fe, 0x0701e100, 0x93ffcb05, 0x09000ffb, 
    0xb80100b1, 0x35b00ffb, 0x05e7412b, 0xedff6826, 0x4501c201, 0xde222f82, 0x6f8200bf, 0x04240f84, 0x0526002b, 0x35820f82, 0xbfffde24, 0x074ce602, 
    0xe6022105, 0x23833583, 0x01a70028, 0x00e504c2, 0x1d820527, 0x85ba0021, 0xa0032325, 0x5b821100, 0x82bab021, 0x01b12524, 0xa003b801, 0x83836388, 
    0x5382d720, 0x83852720, 0xd4202f84, 0x12205582, 0x30838b88, 0x83835e85, 0xe9fea726, 0x2d06c002, 0x9d219382, 0x200f83fe, 0x200f8261, 0x260f8479, 
    0x00001e9e, 0x821d0001, 0x82bf200f, 0x00252a0f, 0x1c1db659, 0x01020102, 0x0584704c, 0x02001a2b, 0x02050100, 0x05006901, 0x36028200, 0x04040065, 
    0x03006103, 0x4e045e03, 0x0020401b, 0x02040003, 0x8c690403, 0x00592524, 0x61000505, 0x513b2d83, 0x1f094059, 0x26211611, 0x1c0b0610, 0x2622012b, 
    0x34353526, 0x11232726, 0x82363633, 0x6b362009, 0x152205a9, 0x1d500614, 0x15470805, 0x02331614, 0x74d18bbf, 0x16166953, 0xd1745369, 0x22547a8b, 
    0x5f5c5c5f, 0xfe7a5422, 0xb0ae39e9, 0x04666bae, 0x66041001, 0xaeb0af6a, 0x6c65e339, 0x536737da, 0x54181618, 0x6cd93767, 0x00000066, 0xfe610001, 
    0x820303e9, 0x002428c7, 0x090ab660, 0x87030402, 0x831b20c7, 0x830020aa, 0x060030aa, 0x05000501, 0x01010065, 0x02006102, 0x82015e02, 0x832120c8, 
    0x830320c0, 0x85d082e5, 0x05052325, 0x52825900, 0x84610521, 0x20c9822e, 0x2e0d820e, 0x12240024, 0x111f1116, 0x2b1b0b07, 0x85323513, 0x353723c4, 
    0xcd82022e, 0x35232626, 0x15161632, 0x1724c482, 0x06061133, 0x06220882, 0xc0836106, 0x835b5b21, 0xd18a2fc0, 0x02755c74, 0xd1745d76, 0x66e2e9fe, 
    0xba82d96c, 0x18161929, 0xda376753, 0x82e3666b, 0x6faf28db, 0xf2fe0165, 0x82706501, 0x003926e6, 0x00ffff00, 0x069341d7, 0x9f050623, 0x07b34121, 
    0xdb824a20, 0xa1050623, 0x360f83fb, 0x0247ffa7, 0x018b06c0, 0xfe9d0506, 0xb108005e, 0x5eb00100, 0x842b35b0, 0x8261203b, 0x8479201b, 0x1e9e211b, 
    0x1d201b8f, 0xbf271b82, 0x06038b06, 0x8f006605, 0x2137821b, 0x1b840303, 0x1b906720, 0x3785d720, 0x8f830120, 0x02213792, 0x216f844a, 0x1b8efba1, 
    0x0141012e, 0x02e703ed, 0x050700dd, 0x00b500b3, 0xff2a0082, 0x024101ff, 0x03e70370, 0x13850160, 0xbd858320, 0xbd828320, 0x00ffff2f, 0x04130098, 
    0x00940493, 0xf2ec0506, 0x210f8c00, 0x0f85cbed, 0x1f823920, 0x1f829d20, 0x8ddfee21, 0x84ef200f, 0x00a4260f, 0x038904e6, 0x201f82c0, 0x240f86f0, 
    0x04890415, 0x200f8290, 0x260f84f1, 0x04520095, 0x82540496, 0xdef2210f, 0x9b263f83, 0x9004d301, 0x0f82d202, 0x0f84f320, 0x45008926, 0x6104a404, 
    0xf4200f82, 0x9b260f84, 0x90041400, 0x0f829204, 0x0f84f520, 0x83009821, 0x827f207f, 0x84f6200f, 0x007b264f, 0x04b00493, 0x200f8214, 0x261f84f7, 
    0x04730175, 0x823903b5, 0x84f8200f, 0x02f9250f, 0x0530048c, 0x06225f82, 0xaf85590b, 0x9304a924, 0xfb822a05, 0xf2ffec24, 0xfb859600, 0xfb879620, 
    0xed221b87, 0x1b90cbff, 0x3782b820, 0x06011c26, 0x7fdfee05, 0x02223583, 0xef417fb0, 0x00982107, 0xef201b87, 0xa4221b90, 0xff827d01, 0x6f825720, 
    0xdffff024, 0x39859700, 0x6f859720, 0xac00a426, 0x27058904, 0xf1201b82, 0x01211b87, 0x261b86b0, 0x04e90095, 0x82eb0496, 0xfff2221b, 0x883785de, 
    0x029b261b, 0x0390046a, 0x201b8269, 0x261b90f3, 0x04dc0089, 0x82f804a4, 0x90f4201b, 0x009b261b, 0x059004ab, 0x201b8229, 0x201b87f5, 0x226f8703, 
    0x82c70098, 0x820d20df, 0x82f6201b, 0x858e208b, 0x858e20a7, 0x017b26a7, 0x04b00429, 0x201b82aa, 0x203782f7, 0x411b8596, 0x75260633, 0xb5040602, 
    0x1b82cc03, 0x1b82f820, 0x4f419320, 0x85932005, 0x009b3e37, 0x049004e5, 0x060600ed, 0x0000e40c, 0xff510003, 0x055705ea, 0x002300e4, 0x003a002d, 
    0x05f76291, 0x07161133, 0x25050202, 0x0403171e, 0x00012102, 0x1b4c0304, 0x20138d40, 0x20138203, 0x202c8559, 0x09ad4d23, 0x0202002e, 0x06036100, 
    0x5d000002, 0x0404004d, 0x00240b87, 0x20401b4e, 0x0325258c, 0x0303005f, 0x20238557, 0x05204c06, 0x13405932, 0x34360001, 0x1f202b2d, 0x0d0f1a1b, 
    0x23012300, 0x4c0b064a, 0x332005e4, 0x30067049, 0x36361307, 0x06143335, 0x27211307, 0x01130606, 0x06ee6007, 0x82370321, 0x05875817, 0x16146908, 
    0xdf9b4302, 0x3c7b9778, 0x7ab56453, 0x6b5eac77, 0x1efb595b, 0x3d49fb21, 0x5bc4fedf, 0xfe7bcc51, 0x3f3d0ce0, 0x836d6076, 0x483f2f50, 0x33504243, 
    0x73bd6f16, 0x4c54b085, 0xab6a65a8, 0x60a05f64, 0x4042aa68, 0x8237dffe, 0x50e99849, 0x3f65fffe, 0x0131013c, 0x592d0843, 0x0264553b, 0x521f36c1, 
    0x4c473433, 0x0062323e, 0x01260082, 0x5efe4b00, 0x43187203, 0x012d0a8f, 0x0101005f, 0x01034d59, 0x025b0202, 0x3c22824e, 0x11050005, 0x180b0411, 
    0x2113012b, 0x01032135, 0xecfd85da, 0xfea12703, 0xfa06055e, 0x371f82fa, 0xa9000200, 0x0c02edff, 0x0300d205, 0x2c000f00, 0x01042940, 0x5f000101, 
    0x56271a82, 0x0303004d, 0x82056102, 0x025d2c4b, 0x0004054e, 0x04090b00, 0x820f050f, 0x11032a28, 0x2b170b06, 0x03210313, 0x06335b03, 0x15162008, 
    0x16ce0614, 0x8b164301, 0x4e63634e, 0x0164644e, 0xfcfa03d8, 0x5e15fe06, 0x5e5e4c4b, 0x825e4b4c, 0xffff2150, 0x04216b83, 0x226b82c0, 0x82930526, 
    0x05072410, 0x82b40293, 0x25838207, 0x0c0291fe, 0x83847604, 0x26402925, 0x82040000, 0x63012184, 0x03217b83, 0x20868261, 0x2280955f, 0x8b132113, 
    0x16b92580, 0xa2161701, 0xfe218086, 0x21808391, 0x7c839204, 0x00218483, 0x247f8500, 0xe605cd06, 0x207f8700, 0x247f8697, 0x04edff4f, 0x26178219, 
    0x002a001e, 0x543a403d, 0x062707af, 0x00050301, 0x547e0503, 0x24080ab7, 0x61040505, 0x04040107, 0x204e045d, 0x2600001f, 0x202a1f24, 0x001e002a, 
    0x2a12231e, 0x2b190b08, 0x36343501, 0x080f4236, 0x42180720, 0x06230ac4, 0x8b151506, 0x86013dad, 0x433d562d, 0x494c6a5c, 0xe0fe0473, 0x83d98302, 
    0x787ddc90, 0x85515767, 0x4e64644e, 0x013cc582, 0x927f18ca, 0x672b2656, 0x5e5c4e49, 0x5dbe905b, 0x7f7eb460, 0x6b343dab, 0x23fe186c, 0x820d5741, 
    0x930821bf, 0x9720d784, 0x0724ab82, 0x7a049705, 0x1782ef84, 0x8a860621, 0x83932017, 0x02002917, 0x78fe6100, 0x71042b04, 0x2a29b782, 0xb04b6b00, 
    0x40585027, 0x24ec8326, 0x01030501, 0x24fd8280, 0x7e000105, 0x20ea8700, 0x08fb6c5f, 0x4e025b25, 0x9023401b, 0x82002028, 0x66022151, 0x05242f89, 
    0x1440594e, 0x23151d41, 0x06061415, 0x24073643, 0x0e213736, 0x06485002, 0x36363727, 0x32133535, 0x821f8216, 0x34353411, 0x2df40236, 0x5b443d56, 
    0x74484c6a, 0x02200104, 0x4182d984, 0x6042081d, 0x94022105, 0x21181d41, 0x1d41dd01, 0x023e0809, 0xedff4f00, 0xe6051504, 0x2c002000, 0x42404500, 
    0x00040104, 0x02004c01, 0x02010001, 0x00008000, 0x06040107, 0x00670400, 0x61030101, 0x5c030300, 0x0606004d, 0x01086105, 0x055d0505, 0x2119224e, 
    0x232c0c26, 0x09122812, 0x012b1a0b, 0x07330335, 0x2115e441, 0xe441020e, 0x3ba93f0e, 0x080703d9, 0x4973484e, 0xfe057449, 0xd78303e4, 0x7cdc8f82, 
    0x47426683, 0x6449761b, 0x03824964, 0xbc012208, 0xc449020b, 0x772e0405, 0x5e5d544d, 0x5ebc8f5d, 0x857db562, 0x46293eb7, 0xfe154256, 0x49496331, 
    0x20038363, 0x06b74100, 0x71042722, 0x7527cb84, 0x000104b5, 0x414c0104, 0x272005be, 0x01201d82, 0x8020d582, 0x2982cf82, 0x68000421, 0xc783052a, 
    0x874d5f21, 0x035b25dc, 0x24401b4e, 0x01252991, 0x03010300, 0x25f88865, 0x594e065f, 0xfb961540, 0x23131523, 0x15c24137, 0x41023e21, 0xcd250ec2, 
    0x0804da3b, 0x25fb8207, 0x04754948, 0xfb821d01, 0xdb8f8322, 0x6526fb8b, 0x0ba20265, 0xfb89b7fd, 0x8bbd8e21, 0xcf0121fb, 0x6235f782, 0x63494962, 
    0x00010000, 0x02e9fea9, 0x002d06c2, 0x40180010, 0x23108215, 0x00570001, 0x5f200682, 0x3f081a82, 0x14184f01, 0x2b180b02, 0x12123413, 0x02062137, 
    0x12141502, 0x26211712, 0x7542a902, 0x4917014b, 0x662f3767, 0x7fe9fe52, 0xa55f0283, 0x49016701, 0xb0fe9b79, 0x8396b3fe, 0xd1fef7fe, 0xc301d2bb, 
    0x00214783, 0x205f8243, 0x225f845b, 0x8a1b401e, 0x8274185f, 0x103e0808, 0x03181000, 0x132b170b, 0x35121236, 0x27020234, 0x12121621, 0x07021415, 
    0x2e655343, 0x01486737, 0x42744c16, 0xe9fe7e84, 0x012f01be, 0x01968108, 0x9b50014d, 0xfeb7fe79, 0xfee2a599, 0x5282d13d, 0x82b60021, 0x829e2063, 
    0x00072463, 0x83254028, 0x00023475, 0x02006701, 0x57020303, 0x03020200, 0x0301045f, 0x824f0302, 0x05856d18, 0x190b0538, 0x2111132b, 0x33112315, 
    0xe801b615, 0xe9fec7c7, 0xfae44407, 0x4b8be484, 0x32000b2f, 0x03002f40, 0x03050400, 0x01066704, 0x311b8205, 0x00670005, 0x01020201, 0x01010057, 
    0x02005f02, 0x53830201, 0xa1180b20, 0x0b23077a, 0x84012b1b, 0x84212053, 0x9e02215b, 0x18205882, 0x02255e82, 0xb1fddefa, 0x256182e4, 0x0100b1fd, 
    0xab826600, 0xab884f20, 0x11820220, 0xab820220, 0x03030024, 0xa0825700, 0x0020ab84, 0x3534ab8f, 0x35231133, 0xc7661121, 0xfee901c7, 0x7c05e4e9, 
    0x00bcf8e4, 0xab854b8a, 0x03000426, 0x67030402, 0x24068742, 0x05000067, 0x21538405, 0xbe835f05, 0xab8f0520, 0x55841320, 0xc6215987, 0x245b85c6, 
    0x02de4f02, 0x825e844f, 0xfe8c245f, 0x825b03e9, 0x002725ab, 0x1e1fb659, 0x224d374d, 0x4d272117, 0x5f4c0637, 0x08374d05, 0x33023e24, 0x604c2215, 
    0x07280805, 0x15021e15, 0x33161415, 0xb56f5b03, 0x6e594785, 0x586f1818, 0x6fb58547, 0x66245882, 0x24666161, 0xe9fe8258, 0x84a2541d, 0x23093a4d, 
    0x1d54a284, 0x21083b4d, 0x3b4d5319, 0x82662009, 0x823420cb, 0x4d2620cb, 0x2624553b, 0x17122600, 0x851a3b4d, 0x073b4dc8, 0x66020e38, 0x65245981, 
    0x24656161, 0xb66e8159, 0x7b624784, 0x47627d02, 0x3d4db684, 0x17182108, 0x83073d4d, 0x093e4ddf, 0x2b08df83, 0x02000000, 0x54fe5e00, 0xc705c307, 
    0x48003d00, 0xb04b4201, 0x40585017, 0x0a012312, 0x02011404, 0x08013a06, 0x00013b02, 0x1b4c0408, 0x05201484, 0xeb49148d, 0x2c2b0806, 0x00040105, 
    0x0a04060a, 0x07070069, 0x01006101, 0x0c4d5601, 0x06060209, 0x01036202, 0x4d570202, 0x00080800, 0x00010b61, 0x74006100, 0x3329079e, 0x0a040500, 
    0x800a0504, 0x203aac00, 0x209d8225, 0x203a8b3d, 0x24758d09, 0x02090901, 0x96748661, 0x3640217f, 0x0c283f8f, 0x02060901, 0x06005909, 0x08233882, 
    0x896a0206, 0x08b88bc5, 0x59595931, 0x3e3f2140, 0x42440001, 0x483f483e, 0x30323638, 0x2526292b, 0x17191f21, 0x07091012, 0x3d013d00, 0x2b160b0d, 
    0x02242001, 0x24121011, 0x18043221, 0x2108586c, 0x08542327, 0x33200809, 0x33171632, 0x14113335, 0x36323316, 0x24023435, 0x11002023, 0x32210010, 
    0x06173736, 0x11320304, 0x0807a84a, 0xfe260487, 0xe54ffece, 0x01ac01de, 0x5901d936, 0xb65381f2, 0x0e9d6295, 0x769d1b08, 0x6e65c089, 0x8d6282c4, 
    0x2bce0b1d, 0x964a5f2f, 0xfee0d6fe, 0x018dfe9e, 0x7b690179, 0x4b4f3ed4, 0xf4c3f3fe, 0x7d72757c, 0xde54fe73, 0x2c01a601, 0xb2011f01, 0xfee881f2, 
    0xfea7b8c7, 0x57509ef3, 0xe27d5d4b, 0x7fe19395, 0xfd663746, 0xb738305d, 0x2501c3c3, 0xfe7dfea2, 0xfea3feaa, 0xd01a338d, 0x9b023f24, 0x7c902301, 
    0xa67e7695, 0x05974900, 0xc2024728, 0x06038b06, 0xef4e9d05, 0xff432410, 0x845b0247, 0x909e201b, 0x82b6201b, 0x849e201b, 0x909f201b, 0x8266201b, 
    0x844f201b, 0x90a1201b, 0xff8c231b, 0x53850347, 0x1b90a320, 0x03213782, 0x20378434, 0x2e1b90a4, 0x072fff5e, 0x03a206c3, 0x00a50507, 0x4cdb0000, 
    0x210805ff, 0x2b35b0db, 0x16000200, 0x1a050000, 0x1b00d205, 0x49001f00, 0x0b0e4640, 0x020c0302, 0x03010002, 0xaf626700, 0x0a0f2f05, 0x05040402, 
    0x0207095f, 0x4d590505, 0x16650d10, 0x00002305, 0x586c1e1f, 0x0b112c16, 0x13212b1f, 0x13230321, 0x84333723, 0x03332803, 0x03331321, 0x84230733, 
    0x82012003, 0xb2022e1c, 0x3dd8fe3d, 0x27ce3de3, 0x26cd30cc, 0x210982cc, 0x04822901, 0xcd26cd38, 0xcc27cd2f, 0x0157fe3d, 0xd8fe3028, 0x8bfe7501, 
    0x01e27501, 0x0985e323, 0x8bfe4708, 0xe2ddfee3, 0x57028bfe, 0x00002301, 0xff870002, 0x049605e8, 0x002300f0, 0x404c0033, 0x0f151749, 0x0103040d, 
    0x060c181e, 0x21030204, 0x0403051f, 0x4c030200, 0x01020e16, 0x0204204a, 0x01004900, 0x01020300, 0x6c596903, 0x2538080c, 0x2d000124, 0x2533242b, 
    0x00111333, 0x06230123, 0x052b160b, 0x07272622, 0x26263727, 0x37363435, 0x36173727, 0x16323336, 0x07173717, 0x06171616, 0x07170706, 0x27060627, 
    0x080d3b5a, 0x0b03165e, 0x854ebe69, 0x3731898a, 0x8a92353c, 0x64b74c93, 0x944cb865, 0x3b35988e, 0x31360101, 0x4e868e8f, 0xc1766abf, 0x76c17373, 
    0x7272c277, 0x3d4314c2, 0x4b888e84, 0xbb6864b3, 0x938e934c, 0x393f3d38, 0x4c968e96, 0xb26367b9, 0x878e8b4a, 0x75bc453e, 0xc87c7bc8, 0x7cc87474, 
    0x0075c87b, 0x01340082, 0x20ff1c00, 0x18060003, 0x17000300, 0x01021440, 0x85010001, 0x76201782, 0x03220382, 0xe5600300, 0x01210805, 0x00030121, 
    0xfcfe20fe, 0x1806e001, 0xf80608f9, 0x00010000, 0x0220feee, 0x00b2070a, 0x401f0003, 0x2237831c, 0x82570100, 0x00012206, 0x201d835f, 0x3f3f8b4f, 
    0x02112111, 0x07e4fe0a, 0x096ef6b2, 0x02000092, 0xe8fed500, 0xd205e101, 0x07000300, 0x1f402200, 0x76822b82, 0xf6476320, 0x56033d07, 0x04044e02, 
    0x07040704, 0x05101112, 0x132b190b, 0x01211121, 0xd5112111, 0xf4fe0c01, 0x9e280384, 0xea064afd, 0xb3024dfd, 0x00203a82, 0x0020c38e, 0x85201082, 
    0xc38b8983, 0xc3820520, 0xfefc012c, 0x01040120, 0xf806e0e0, 0x388208f9, 0x8c000128, 0x3203ed01, 0xc3a3dd02, 0x3521152a, 0x5afd3203, 0xf0f0dd02, 
    0x00273a82, 0x01000001, 0xa80004ed, 0x0004223b, 0x872c82fc, 0x0246263b, 0x03e40421, 0x2777a610, 0x62fbe404, 0xefef1003, 0x08207788, 0x082277a9, 
    0x7787f800, 0x00ffff22, 0x3b83b382, 0x05060223, 0x2e4c82b6, 0x01a50001, 0x03250312, 0x000f0092, 0x841c401f, 0x005936d3, 0x61000101, 0x01000102, 
    0x00015100, 0x0f000709, 0x0b030f01, 0x05295516, 0x36363422, 0x3106ff4f, 0x58e50106, 0x91575791, 0x56915958, 0x12019156, 0x09859256, 0x92585925, 
    0x8a020056, 0x001b2457, 0x432e4031, 0x00230a22, 0x43590200, 0x02250829, 0x10115100, 0xef3a1901, 0x9106200d, 0x0b735a6b, 0x5927778c, 0x415c5c41, 
    0x845d5d41, 0x828f857f, 0x5ca2227f, 0x21178342, 0xe2825c42, 0xc6267982, 0x0603da01, 0x6b41c902, 0x06032526, 0xc902c0fd, 0x26076b41, 0x030c01fc, 
    0x82980316, 0xb30632d1, 0x32010001, 0x0111132b, 0x011a02fc, 0xfe8c020c, 0x2a1582ba, 0x04a80092, 0x00fa033b, 0x860c0008, 0x03022be7, 0x05670201, 
    0x00000301, 0x06825703, 0x5f000324, 0x7a820104, 0x09094f35, 0x0c090001, 0x0a0b0c09, 0x08000507, 0x0b060801, 0x50252b16, 0x213b0530, 0x23112711, 
    0xc6440211, 0x01c6ecec, 0xa8b4f2f7, 0xe4c4c5e5, 0x02a2aefc, 0x82f1fd0f, 0x82a42063, 0x864d2063, 0x40302463, 0x8201002d, 0x01022356, 0x1a826703, 
    0x57020025, 0x84020200, 0x00022162, 0x0421628a, 0x31628802, 0x32211121, 0x06141516, 0x11331101, 0x09fe9b02, 0x6682f701, 0xb435fe3b, 0xe45203a8, 
    0x02e5c5c4, 0x02f1fdb1, 0x0000000f, 0x01bf0001, 0x0305032e, 0x22ac8274, 0x830e4011, 0x00852b10, 0x11760101, 0x18060210, 0x4682132b, 0x4602bf36, 
    0x7403bafd, 0xffffbafd, 0x70028c00, 0x60033203, 0xb3050703, 0x2b553b82, 0x0200240d, 0x84000470, 0x90b4201b, 0x0246261b, 0x03e404a4, 0x20378293, 
    0x821b90b5, 0x85082037, 0x90b62037, 0x01a5261b, 0x042503a9, 0x20378229, 0x241b82b8, 0xb1080097, 0x08f75300, 0xb9201b89, 0x02201b87, 0x2607bf53, 
    0x037202c6, 0x82610306, 0x82ba2037, 0x8598201b, 0xb0982337, 0xc3822b35, 0xa301fc26, 0x2f041603, 0xbb201b82, 0x92265390, 0x3b044001, 0x1b829204, 
    0x3787bc20, 0x86b00221, 0x82a42037, 0x844d201b, 0x90bd201b, 0x01bf261b, 0x040503c6, 0x2037820c, 0x2f6f8dbe, 0xa5000100, 0x29026603, 0x0300d205, 
    0x16401900, 0x23072845, 0x4e015600, 0x270a2945, 0x03331313, 0x58ccb8a5, 0x6c222a82, 0x188294fd, 0x2624378c, 0x446406b1, 0x45158f4d, 0xb12c07aa, 
    0x13440006, 0xa5032113, 0xb82c0158, 0x01264587, 0x6603ca00, 0x7b9feb01, 0x03210327, 0x21011fe9, 0x2136871e, 0x3783ffff, 0x829f0321, 0x05262237, 
    0x288c82cc, 0x01cc0507, 0xff0000b4, 0x21cb83ff, 0x1784ff03, 0x1784ca20, 0xd601ca22, 0xee201788, 0xcb201784, 0xcb221784, 0x1784c501, 0x75fe7837, 
    0xe100c103, 0xcb052700, 0x0ffbd3ff, 0xcb050701, 0x0ffb9801, 0x0d1b5a00, 0x2906b05a, 0x7800ffff, 0xfc0176fe, 0x2783e200, 0x10212f82, 0x05cf5a00, 
    0x35b01023, 0x0513412b, 0xcf825320, 0xcf84d720, 0x10401322, 0x3306f94e, 0x4e005601, 0x0b021011, 0x23012b18, 0xd7012103, 0x2c01b8cc, 0xaf83ca83, 
    0x03212f82, 0x2097849c, 0x209784d2, 0x279783d2, 0x75000100, 0xbd019303, 0x2d1f1741, 0x75032113, 0x7b130135, 0x3f029303, 0xcf84c1fd, 0x03213782, 
    0x204f84ec, 0x224f84d4, 0x872f02d4, 0x1b062117, 0x27211788, 0x25178405, 0xd4050700, 0x1f875e04, 0x904a0821, 0x8327821f, 0x2127831f, 0x4f828d06, 
    0xdf98978b, 0x7bcdbd24, 0x92831301, 0x8f89df83, 0x3f82d820, 0xd8050722, 0x17838f90, 0x17852720, 0x1f820020, 0x01266f84, 0x6a036e00, 0xff849401, 
    0x2d275b42, 0xb2032103, 0x41260144, 0x68026a03, 0x7b8398fd, 0x03214382, 0x20d38493, 0x227b84db, 0x84ff01db, 0xfe7724eb, 0x5cfb0175, 0xd2200693, 
    0x300f935c, 0xa9000100, 0x0302edff, 0x0b004501, 0x17401a00, 0x06754600, 0x005d002c, 0x0700014e, 0x010b0005, 0x3349030b, 0x34352305, 0xc2443336, 
    0x52562005, 0x13200624, 0x21090652, 0x4783ffff, 0x825b0721, 0x05262247, 0x247f82de, 0x02de0527, 0x240782ac, 0x05de0507, 0x82878458, 0xaf042167, 
    0x17821f88, 0x37851f83, 0x04030224, 0x3784022b, 0x17820120, 0x5d000021, 0xa9271003, 0x0302ca00, 0x82020805, 0x20538255, 0x212585dd, 0x035dc303, 
    0x5ddd2005, 0xc3200703, 0xaf08035d, 0xfe77242f, 0x5d150275, 0xd2220633, 0x5f840ffb, 0x335d1220, 0x02a9271a, 0x03030217, 0xad85036f, 0x17432a20, 
    0x2a022105, 0x03217f89, 0x20d3821b, 0x211f8573, 0x1f852e03, 0x882e0321, 0x3c6fac1f, 0x59000100, 0x29039000, 0x05004004, 0x04b63d00, 0x00010201, 
    0xb04b4c01, 0x40585022, 0x08c0440c, 0x4e015925, 0x5211401b, 0x28081023, 0x000a4059, 0x00050000, 0x0b031205, 0x01252b17, 0x01012101, 0x6ffeea01, 
    0x3f019101, 0x8a0176fe, 0x01d80190, 0xfe28fed8, 0x22258228, 0x824b0001, 0xc21a2067, 0x84372067, 0x014b2267, 0x2462828a, 0xfe91013e, 0x21668b6f, 
    0xcf83ffff, 0x82fe0421, 0x05262267, 0x287782e8, 0x01e80507, 0xff0000d5, 0x217f83ff, 0x1784ef04, 0x1784e920, 0x1783e920, 0x01003008, 0x1300a600, 
    0x9404a104, 0x06000700, 0x010207b3, 0x35132b32, 0x15011101, 0x03a61101, 0x024bfdfb, 0xf7d701b5, 0xdffec601, 0xfe0de6fe, 0x82e1fee6, 0x2033823a, 
    0x203382cd, 0x213386c8, 0x33820106, 0x32820120, 0x04383683, 0x0205fcc8, 0x034afdb6, 0xfed701fb, 0x011f013c, 0x1a010e19, 0x3afe2101, 0x02283783, 
    0x3900b900, 0x9d04b404, 0x0b376b82, 0x1f402200, 0x03040607, 0x07000102, 0x01004a01, 0x57010000, 0x4b010100, 0x11240659, 0x180b0218, 0x15218983, 
    0x24018205, 0x21352111, 0x338d82b9, 0xfc980268, 0x02fb0305, 0x1801f88d, 0xa40ba3eb, 0xf1c3feea, 0x578d5882, 0x25402825, 0x84050607, 0x4a002157, 
    0x2e10b341, 0x0b080808, 0x03190b08, 0x012b170b, 0x82253501, 0x23068201, 0xb4041521, 0x9a24b782, 0xfb0366fd, 0xfe2b6085, 0x0ba4eae9, 0xe8feeba3, 
    0x83f1b4fc, 0x02002b62, 0xe600c500, 0xc003aa04, 0xbd820300, 0x2c402f2b, 0x01050200, 0x03020003, 0x2c628a67, 0x00010104, 0x04044f01, 0x07040000, 
    0x82848204, 0x053a592b, 0x21353724, 0x03820115, 0xe503c52d, 0xe5031bfc, 0x01fcfce6, 0x41fbfbdf, 0x3308054b, 0x041500c5, 0x009004aa, 0x4be40013, 
    0x58500cb0, 0x04002140, 0x70040303, 0x06030105, 0x03010201, 0x01076802, 0x00010801, 0x67000109, 0x0909010a, 0x1b4e0957, 0x2005dc78, 0x21288220, 
    0x279d8504, 0x50821520, 0x22932020, 0x04040024, 0x4f894d59, 0x27833020, 0x40214fa0, 0x82228428, 0x09002236, 0x25558c86, 0x57010000, 0xff820107, 
    0xaa825f20, 0x4f000123, 0x21008259, 0xe1821240, 0x7f001321, 0x0b2a09a6, 0x252b1f0b, 0x21352337, 0x03822137, 0x33073326, 0x21072115, 0x47080382, 
    0xef516301, 0xfe585101, 0x510a0257, 0xfef251e9, 0xab0158ad, 0x1551f3fd, 0xfbe3fcd1, 0xe3fbd0d0, 0x0100d1fc, 0x5200b700, 0x5404b804, 0x27000b00, 
    0x01032440, 0x00010401, 0x67000105, 0x05050106, 0x02005f02, 0x4e055902, 0xf4546e82, 0x1125210b, 0x11226682, 0x62821133, 0x38021136, 0x81017ffe, 
    0xfe8201fe, 0x8901527e, 0xfe8901f0, 0x77fef077, 0x0027b582, 0x04d301bd, 0x4bd202b2, 0x0427263b, 0x020bfcb2, 0x82ffffd2, 0x3a93826a, 0x044500ab, 
    0x006104c6, 0xb306000b, 0x32010006, 0x0101252b, 0x37010127, 0x82170101, 0xfe0d34a0, 0xbaacfeac, 0xadfe5301, 0x015401ba, 0xadfeb954, 0x83455301, 
    0x82b9200e, 0xbc532a0e, 0x5501abfe, 0xfeadfebc, 0x284b83ac, 0x00bd0003, 0x04b20414, 0x2f878292, 0x001b000f, 0x1ab04b92, 0x20405850, 0x00010106, 
    0x0730e784, 0x03020201, 0x03030061, 0x05004d5f, 0x08610405, 0x23054c6f, 0x32b04b1b, 0x1e222782, 0x20820300, 0x02030123, 0x8c308869, 0x23402125, 
    0x04232093, 0x87590504, 0x04052b26, 0x40595951, 0x0510111a, 0xad4c0004, 0x0aff5b06, 0x170b092a, 0x2115012b, 0x26062535, 0x2108ab46, 0x0b892603, 
    0xfcb2042d, 0x48fa010b, 0x47486565, 0x83476464, 0x65462807, 0xf2cc0265, 0x87016ff2, 0xdafc2a12, 0x45496401, 0x49456464, 0x0ab34364, 0x0b007f29, 
    0x66000f00, 0x831eb04b, 0x022008c5, 0x05080001, 0x00040302, 0x06006703, 0x06070109, 0x04006307, 0x005f0104, 0x04590101, 0x24401b4e, 0x0125208b, 
    0x01060400, 0x28288204, 0x57060707, 0x07060600, 0x2d31845f, 0x1640594f, 0x00000c0c, 0x0f0c0f0c, 0x5e820d0e, 0x83110b21, 0x0b0a2600, 0x35132b1b, 
    0x050e4221, 0x3523153f, 0x15213501, 0xfe7f01b9, 0x82fe7e01, 0x0381fefe, 0xea9502fb, 0x00ff0001, 0xfdffffea, 0x07f343a4, 0x93009d2c, 0x1404d204, 
    0x33001900, 0xc37fe900, 0x822e2005, 0x04002882, 0x69040003, 0x820c0100, 0x062208ab, 0x006a0301, 0x07090a07, 0x06010859, 0x06090a00, 0x0700690a, 
    0x0d620907, 0x0709020b, 0x4b1b5209, 0xd98215b0, 0x010c3c32, 0x04030405, 0x0d800305, 0x090a0b01, 0x80090b0a, 0x05204784, 0x00214784, 0x20458e03, 
    0x2045870b, 0x21438400, 0x3b574a40, 0x88802006, 0x08002646, 0x08060706, 0x234e8907, 0x04000000, 0x00204d91, 0x4c8d9282, 0x40595935, 0x001a1a1e, 
    0x1a331a00, 0x2b2f3133, 0x24262729, 0x821c1e22, 0x192408e1, 0x24122224, 0x1b0b0e22, 0x3634132b, 0x17163233, 0x32331616, 0x16332736, 0x26222306, 
    0x23262627, 0x03170622, 0x9d391998, 0x754a8cad, 0x22432f49, 0xe9013e39, 0x448eb201, 0x36305078, 0x01403823, 0x221883e9, 0x85422f4a, 0x8fb12618, 
    0x2f517944, 0x08188335, 0xce87022e, 0x273b38bf, 0xc8505423, 0x274035c9, 0xfe524a1d, 0x37bdcd2a, 0x5321273c, 0x35c9c750, 0x491c2541, 0x01000050, 
    0x73019700, 0x3903d704, 0x6824a182, 0x446406b1, 0x2605fa44, 0x0401001b, 0x41590103, 0x012a0a8b, 0x05066203, 0x03010302, 0xf57d1b52, 0x41062009, 
    0x2e850775, 0x82092341, 0x8300202d, 0x4059222b, 0x2114820e, 0xfc850019, 0xfc820720, 0x0006b125, 0x41261344, 0x39081700, 0x91ae069d, 0x2b507c45, 
    0x4235263a, 0xb306e901, 0x4b7f498c, 0x3425362e, 0x95010244, 0x4738d6ce, 0x57522725, 0x423cd6ce, 0x5b4e2429, 0xa600ffff, 0xa104a900, 0x07032a05, 
    0x6682ec05, 0x200d7362, 0x201b82cd, 0x201b84c8, 0x2b1b90ed, 0x04b800b9, 0x031c05b4, 0x00ee0506, 0x890f7362, 0x90ef201b, 0x01c5261b, 0x04aa047d, 
    0x206f8257, 0x10274ef0, 0xac00c526, 0x2705aa04, 0xf1201b82, 0x26100b4e, 0x04e100b7, 0x82e304b8, 0x82f2201b, 0x4e8f201b, 0x8f200543, 0x2605434e, 
    0x046a02bd, 0x826903b2, 0x90f3201b, 0x00ab2637, 0x04c604dc, 0x201b82f8, 0x261b90f4, 0x04ab00bd, 0x822905b2, 0x87f5201b, 0x0873621b, 0xc700b922, 
    0x0d20df82, 0xf6201b82, 0x73621b82, 0x019d260d, 0x04d20429, 0x201b82aa, 0x071741f7, 0x62b00221, 0x97260673, 0xd7040602, 0x1b82cc03, 0x1b82f820, 
    0x3b0a7362, 0xd7000100, 0x60041d01, 0x05000e03, 0xb04b4600, 0x4058500a, 0x02010317, 0x71020000, 0x220f5b48, 0x8316401b, 0x86022119, 0x5922188f, 
    0x42610b40, 0x2111320c, 0x03112135, 0x0374fd63, 0x011d0189, 0x0ffef001, 0x23328300, 0xcf0319ff, 0x03262782, 0x06b12700, 0x17544464, 0x06b12d1e, 
    0x15214400, 0xcf033521, 0xe7e731fc, 0xa0333f83, 0x08048601, 0x0d00d205, 0x2b402e00, 0x0502010c, 0x464c0100, 0x562212ce, 0x64824e05, 0x0d000d23, 
    0x27008211, 0x1b0b0712, 0x3503012b, 0x21219083, 0x3e4f8211, 0xfe010315, 0x01d4fe32, 0x0110012c, 0x31d4fe2c, 0x82018601, 0x2701d4cf, 0xcfd4d9fe, 
    0x84007efe, 0x00002167, 0x15286784, 0x39403c00, 0x09020114, 0xb2476782, 0x48672008, 0x00230953, 0x48560404, 0x38820708, 0x15001522, 0x02847082, 
    0x0b0b1225, 0x86212b1f, 0x82352075, 0x8c798377, 0x8581897d, 0x8a822e85, 0xd20301d2, 0xe1fe1f01, 0xd2fdfed2, 0x2a89828a, 0x03450001, 0x05a0032e, 
    0x410700af, 0x0522072f, 0x8a820101, 0x8526a283, 0x01020203, 0x75827601, 0x00072808, 0x04111107, 0xb12b180b, 0x13440006, 0x23013301, 0x45032303, 
    0x01f53301, 0x0dc0e733, 0x022e03c0, 0x017ffd81, 0x824bfeb5, 0x01002f2b, 0x8c02a000, 0xd205d703, 0x2c001100, 0xda7e2940, 0x06072706, 0x02030405, 
    0x5c830e01, 0x080e7a50, 0x11001145, 0x170b0318, 0x0713012b, 0x37252527, 0x03330317, 0x17071737, 0x01132707, 0x61ee13dc, 0xfffe0101, 0xc013ee61, 
    0xff5fee12, 0x12ee5fff, 0x1c018c02, 0x7d7da89f, 0x1c019faa, 0xaa9fe4fe, 0x9fa87d7d, 0x8200e4fe, 0x00b72677, 0x04ac04e5, 0x227782ed, 0x922e4031, 
    0x0a0b4a77, 0x0dc99218, 0x25227c82, 0x7c830513, 0x7c820520, 0x17253608, 0x25070505, 0x123c0213, 0x0175defe, 0x76c1fe3f, 0xeb122101, 0x76210112, 
    0x4001c0fe, 0x12defe75, 0xc66301e5, 0xcb9e9ccb, 0xfe6301c8, 0x9ecbc79e, 0xfec6cb9c, 0x08fb839d, 0x61000428, 0xec045a01, 0x1300e605, 0x31002300, 
    0x69003a00, 0x446406b1, 0x01305e40, 0x4c010804, 0x0502070c, 0x05040204, 0xad828002, 0x0106033b, 0x06006903, 0x06080900, 0x08006909, 0x08050400, 
    0x010b6704, 0x02000002, 0x08068259, 0x61000240, 0x0200010a, 0x24245100, 0x00011415, 0x3234383a, 0x31243124, 0x2728292b, 0x1b1d2526, 0x23152314, 
    0x1300090b, 0x0b0d1301, 0x06b12b16, 0x22014400, 0x3435022e, 0x3233023e, 0x1415021e, 0xc857020e, 0x2737210f, 0x8b533282, 0x17072306, 0x01733301, 
    0x23360805, 0xd279a602, 0xa05a5aa0, 0xd37879d2, 0xa05a5ba0, 0xc37779d3, 0x76c37473, 0x7474c376, 0x5b54ddc3, 0x4b07018a, 0x68272f6e, 0x1e59b8fe, 
    0x5a1d2d2d, 0xa05b5a01, 0x2b8378d3, 0x99230787, 0x8477c274, 0x0833832d, 0xb5b5a54f, 0x555b1802, 0xcf164d36, 0x2a2b1001, 0x03002529, 0xe9ffa800, 
    0xe905a806, 0x23001300, 0x64004100, 0x446406b1, 0x05005940, 0x05060806, 0x08008008, 0x07080607, 0x0001007e, 0x03010403, 0x00040069, 0x06040506, 
    0x00070069, 0x09070209, 0x12104169, 0x0114152f, 0x3a3d3f00, 0x31353739, 0x292c2d2f, 0x0b0c4127, 0x0c410c20, 0x22052a06, 0x35022624, 0x24361234, 
    0x07995b33, 0x10410420, 0x5601200f, 0x1724064c, 0x23262623, 0x3607b06f, 0x020e3337, 0x26262223, 0xfe9fa803, 0x7777d4ea, 0x9f1601d4, 0x8316019f, 
    0xeafe2809, 0x8ff1939f, 0x8493f18f, 0xfdfe3c05, 0x6472bc6f, 0xd40c6ea8, 0x5740660c, 0x40577b7b, 0x0bd30c5f, 0x7264a56a, 0x8e176fbc, 0x204a8436, 
    0x833987ed, 0x1202353f, 0x5870bb72, 0x48395e96, 0x7b56577a, 0x965e3848, 0x00bb6f57, 0x08102b41, 0x59405c28, 0x05070800, 0x80050807, 0x07060500, 
    0x007e0605, 0x09030001, 0x00690301, 0x08070009, 0x00690709, 0x02040006, 0x27410406, 0x16062230, 0x2423412b, 0x23050d41, 0x16163327, 0x090a8118, 
    0x023e2326, 0x16163233, 0x33202241, 0x6f012b02, 0xa56472bb, 0x0cd40b6b, 0x7b56415e, 0x6641567b, 0x6e240a82, 0xbb7264a8, 0x35242341, 0x576fbb71, 
    0x48385e96, 0x7a57567b, 0x965e3948, 0x00bb7058, 0x4f420400, 0x002e2d0c, 0x40580037, 0x06010b55, 0x06050205, 0x42055843, 0x082d0647, 0x69080407, 
    0x05000700, 0x69050706, 0x0558430a, 0x02230682, 0x43096100, 0x372a0a58, 0x242f3135, 0x2d2e242e, 0x5643272b, 0x410c200c, 0x27202621, 0x22065243, 
    0x18152323, 0x20076a60, 0x20194123, 0x4f01762d, 0x87a19c82, 0x3e455c84, 0x425d443e, 0x3a08212e, 0x8fcf02a3, 0xd2887373, 0x31396301, 0x00003831, 
    0x03520002, 0x05c104ba, 0x000c00d2, 0x40430014, 0x01060b40, 0x01050003, 0x09080a4c, 0x00050304, 0x06860005, 0x05010202, 0x83570105, 0x05013607, 
    0x0501075f, 0x0d4f0501, 0x0d00000d, 0x13140d14, 0x0f101112, 0x313c820e, 0x1112110c, 0x1a060b12, 0x1103012b, 0x13331123, 0x06823313, 0x21033008, 
    0x21352311, 0x03112315, 0x9d837c78, 0x849e8687, 0xa232fd7b, 0x03a2c901, 0xfe3401ba, 0xfe1802cc, 0xfd65019b, 0xfe3301e8, 0x6eaa01cd, 0x8456fe6e, 
    0x04b5248f, 0x82d705b1, 0x00322952, 0x080bb7c4, 0x09060303, 0x08070d65, 0x09002c25, 0x090a060a, 0x07060072, 0x08700607, 0x00000201, 0x0a00090a, 
    0x02070069, 0x00590702, 0x60020707, 0x820b050c, 0x07022bb7, 0x4b1b5002, 0x585029b0, 0x33852d40, 0xa5800621, 0x2e402134, 0x0a232f8a, 0x9e7e0706, 
    0x59593565, 0x0d0e1d40, 0x27290000, 0x20222425, 0x10111315, 0x320e320d, 0x0c29bd82, 0x11121112, 0x2b1a060d, 0x080d4101, 0x11032328, 0x35262205, 
    0x02431433, 0x27430806, 0x27262627, 0x32333626, 0x34231516, 0x17222326, 0x16171716, 0x06141516, 0x859e6902, 0x7b849e87, 0x45fe7c4a, 0x2b867768, 
    0x1e312931, 0x4f5b3c2a, 0x6b700102, 0x24867163, 0x01035629, 0x62563b3c, 0x41ba0375, 0x53080843, 0x01ccfe34, 0x05cbfe35, 0x211e4f5c, 0x1c171b19, 
    0x5b0d0806, 0x575d413b, 0x321d2555, 0x0d070a2f, 0x58484059, 0x00030000, 0x05ba0352, 0x00d205a2, 0x0013000b, 0x40520019, 0x02070a4f, 0x02060800, 
    0x01000201, 0x00020067, 0x03020403, 0x04010b67, 0x57040505, 0x04270682, 0x0c0f5f05, 0x820d090e, 0x4f05320e, 0x0c0c1414, 0x19140000, 0x17181914, 
    0x130c1516, 0x05fe410c, 0x22097d4d, 0x821b0610, 0x152124ef, 0x84331523, 0x07ff4103, 0x33112137, 0x02153311, 0xe96c0179, 0xfde9baba, 0xc901a20f, 
    0x84c902a2, 0x24bf83dc, 0x6f68656e, 0x05fe416e, 0x5621cc82, 0x20a3826e, 0x20a3825e, 0x08a382f6, 0x1c00123e, 0x63001f00, 0x071f6040, 0x0a080902, 
    0x090c0204, 0x0a05010d, 0x05030103, 0x0b0e4c04, 0x0504060d, 0x86030503, 0x03010207, 0x09080000, 0x00670800, 0x0c050a0c, 0x00090057, 0x0a09050a, 
    0x0c300d82, 0x05006005, 0x1350050c, 0x1e000013, 0x131c131d, 0x08555018, 0x12002208, 0x12111200, 0x11131212, 0x2b1c060f, 0x13331301, 0x17330337, 
    0x13033337, 0x23072723, 0x21072327, 0x08c78711, 0x27332521, 0x7fe2ac01, 0x95bcb7d5, 0xbd957272, 0x7f7f93c8, 0x2ce22cfb, 0x55012efe, 0x01b5b5d2, 
    0x834891a3, 0xfffd37c7, 0x9d0301fe, 0xfefcfe9d, 0x6caeaeec, 0x6e18026c, 0xd1bb6c83, 0xcf8500b3, 0x82cd0421, 0x000c24cf, 0x43200016, 0x073e0765, 
    0x054c0108, 0x00010202, 0x08010708, 0x00070069, 0x00590700, 0x5f000707, 0x0409060a, 0x10820503, 0x0d0d4f2d, 0x1e200000, 0x160d1719, 0x4310150d, 
    0x2a081b65, 0x07163233, 0x23061415, 0x36323327, 0x26343535, 0x5d012323, 0x869d837c, 0x7b849e87, 0x6cd85c01, 0x6b860186, 0x3b325454, 0x4354333a, 
    0x4108117a, 0x61801802, 0x6e7d6258, 0x315e2f3f, 0x0000003f, 0x035e0002, 0x05ee04b6, 0x000c00d5, 0x4093001f, 0x02010b0b, 0x0106070a, 0x4c020a09, 
    0x501bb04b, 0x002d4058, 0x080a0807, 0x0a007207, 0x090a0809, 0xc589067e, 0x00000929, 0x09005909, 0x435f0009, 0x00260588, 0x1b4f0009, 0x2f852e40, 
    0xa5800a21, 0x06524330, 0x1b1c1d2d, 0x14151719, 0x0d101213, 0x441f0e1f, 0x0d200763, 0x320f6344, 0x10110405, 0x23173221, 0x15222326, 0x37323314, 
    0x89060633, 0x560231fc, 0x0701f6fe, 0x0f7e0ee6, 0x63858267, 0x74087d10, 0x032cff91, 0x01100101, 0x9f5fcd0f, 0x67665fa3, 0x7330ff84, 0x3a031403, 
    0x0f00dc05, 0x39001b00, 0x446406b1, 0x0121c182, 0x071a6100, 0x4820f75d, 0x0123063a, 0x18262606, 0x210a205f, 0x4e6e2706, 0xd701370a, 0x6060a262, 
    0xa16262a2, 0x62a16060, 0x3f5a5a3f, 0x03595940, 0x0c820115, 0x18836320, 0x18826320, 0x5901ca22, 0x27081583, 0x00593f40, 0x38000200, 0x4e038d02, 
    0x1e00ee05, 0x7a002b00, 0x5020b04b, 0x230c4058, 0x04031011, 0x00011b01, 0x1b4c0204, 0x03200e89, 0x59200e82, 0x183b2285, 0x02010100, 0x02020061, 
    0x01064d79, 0x61000404, 0x00020503, 0x4e008100, 0x891c401b, 0x0300231a, 0x1f867b03, 0x00010522, 0x593a1e83, 0x1f201540, 0x2b1f0001, 0x191a2b20, 
    0x0c0e1315, 0x1e011e00, 0x2b160d07, 0xd3842201, 0xcb823720, 0x23343525, 0x82070622, 0x335f08d5, 0x15161632, 0x23352311, 0x32270606, 0x06353536, 
    0x06060706, 0x01161415, 0x5fa98162, 0x6475599a, 0x0e56468f, 0x93ce22d8, 0xdf6ead5e, 0x23821f08, 0x76166c56, 0x4e51452a, 0x7d7e8d02, 0x07336c5c, 
    0x0428190a, 0x2128366a, 0x7d3b7b6d, 0x75cafd63, 0x58a3493c, 0x120e5841, 0x2f340906, 0x8200302f, 0x00022200, 0x20ff8242, 0x23ff82aa, 0x001b000f, 
    0x0a574318, 0x5f4d7921, 0xb7830882, 0x8510835f, 0x0d8741b2, 0x080ab27d, 0x87f6012b, 0xc36a6ac3, 0x6bc48587, 0x6185c46b, 0x62626263, 0x8d026363, 
    0x8281c26d, 0xc36c6cc3, 0x6dc28182, 0x6d6c8db8, 0x6c6d8c8c, 0x3587858d, 0x01e80247, 0x003a0732, 0x000f0003, 0x17b04b4f, 0x15405850, 0x84820300, 
    0x02030023, 0x09656f69, 0x1b4e0124, 0x17881a40, 0x820a304c, 0x01002522, 0x1240594f, 0x22137a6f, 0x6e113311, 0x50390b4b, 0x462f6cd8, 0x46303045, 
    0x03e80246, 0x03e8fc18, 0x2e2f446c, 0x302f4445, 0x228b8343, 0x824f0001, 0x06052916, 0x00140008, 0x0105b56a, 0x4c205982, 0x2907f541, 0x61010404, 
    0x01010102, 0xa5184d5e, 0x5e2309a5, 0x6c1b4e00, 0x18200555, 0x08038718, 0x1f8a5c20, 0x1f825c20, 0x82154021, 0x04002535, 0x69040100, 0x82055c4d, 
    0x3867823e, 0x23b75959, 0x11112413, 0x2b1b0b05, 0x11231101, 0x36331533, 0x16323336, 0x080b8215, 0x23262637, 0x26010622, 0x1909cdd7, 0x8d735473, 
    0x3b4301d7, 0xbd044d3b, 0x18032bfe, 0x954c3f83, 0x01fafd85, 0x4e4943e1, 0x00010000, 0x0400004f, 0x00d20544, 0x4028000e, 0x240f8225, 0x03010003, 
    0x20ca8280, 0x1a6b1902, 0x03032307, 0x29820357, 0x0e222082, 0x6d822126, 0x212b1922, 0x93186182, 0x21390863, 0xb4510311, 0x74e0a456, 0x01a4e074, 
    0xfde804fd, 0x87d57a40, 0xfa7bd386, 0x8244822e, 0x8287204f, 0x847c205f, 0x4022305f, 0x0302001f, 0x00020300, 0x03030080, 0x18005f01, 0x2b09f344, 
    0x10212611, 0x2b1a0b04, 0x21112321, 0x3b050172, 0x11232306, 0xf2790123, 0xe1a4fc01, 0xa4e17474, 0xd205b456, 0x8786d37b, 0xc0027ad5, 0x36085882, 
    0xfe5e0002, 0x052e04d3, 0x003600e8, 0x40480046, 0x021e1f45, 0x013b0402, 0x03040205, 0x03050102, 0x0402004c, 0x05020405, 0x01050080, 0x7e010504, 
    0x01060100, 0x77000100, 0x5c3308cc, 0x00014e04, 0x21232e2f, 0x13141a1c, 0x36000608, 0x62073601, 0x6c180586, 0x25260ada, 0x34352626, 0x52653336, 
    0x32332505, 0x26071716, 0x28064b4c, 0x16160517, 0x07061415, 0x08068407, 0x160306c6, 0x36373636, 0x26272726, 0x06070606, 0x3e021716, 0xfd1ce3bd, 
    0x4d575a0f, 0xfe3f5457, 0x887f6cf9, 0x5b5d026c, 0xd2b9c0e3, 0x4c14fa20, 0x59514b4e, 0x6a060145, 0x01698a7a, 0xc46d5165, 0x3442180f, 0x49380503, 
    0x324119ee, 0x43440705, 0x9db8d3fe, 0x4051472e, 0x17483b3d, 0x63a42a6c, 0x37037968, 0xbfa66591, 0x4a2da0b1, 0x403c434b, 0x296b194a, 0x7d685f9e, 
    0xa2320405, 0x589f6c54, 0x120bcc02, 0x5a302e37, 0x110b651c, 0x5b362f37, 0x0000001b, 0x00530003, 0x048307b9, 0x0025003b, 0x00480037, 0x05444047, 
    0x41000501, 0x0504022f, 0x04020118, 0x08014c03, 0x01060002, 0x05000405, 0x04010769, 0x59040202, 0x04230682, 0x82036102, 0x0220081d, 0x47000151, 
    0x363a3c45, 0x1f282a34, 0x0c12141d, 0x0125000a, 0x16060925, 0x1636012b, 0x36171617, 0xaa63ed82, 0x22232508, 0x27262726, 0x4018f883, 0x032408aa, 
    0x32331616, 0x37212383, 0x06be5426, 0x26360526, 0x07062223, 0xdc542582, 0x02a90806, 0x46c5851f, 0x1b0c1825, 0x84cc4511, 0x7c7ccf7f, 0xc7857fcf, 
    0x0e172545, 0xc941111d, 0x7dd07f87, 0x0143d07d, 0x6a3e5071, 0x0e261b32, 0x2b11320c, 0x7150406f, 0x70011a05, 0x2a6f4250, 0x1f0c2b16, 0x406b302e, 
    0x3a047050, 0x24406b01, 0x101c0f1b, 0xcc796d41, 0x79cc7c7b, 0x1d223f6a, 0x3d101f10, 0x7ccc796c, 0xfe7acc7b, 0x356d4d3f, 0x122d182e, 0x2911360f, 
    0x4b4b6e3a, 0x15283c6e, 0x2b2c0e32, 0x006c362d, 0x00020000, 0x04ecffa2, 0x00e605bb, 0x002b001d, 0x094b404e, 0x08020101, 0x02010001, 0x29000401, 
    0x04040501, 0x06ff554c, 0x06693608, 0x01070001, 0x04000504, 0x03050069, 0x00590503, 0x61030505, 0x03050300, 0x011e1f51, 0x1e242600, 0x162b1f2b, 
    0x060b0d14, 0x011d0004, 0x1606081d, 0x1732012b, 0x2af68426, 0x33363627, 0x15120432, 0x41021615, 0x35280523, 0x17363634, 0x15150626, 0x0805764a, 
    0x2626355d, 0x74ae8902, 0x3f80ba24, 0x52313f73, 0x01bf628f, 0x80018706, 0xe89ea5ef, 0xc3da767f, 0x726d7079, 0x69126f76, 0xa86f0e04, 0xd41a1ab2, 
    0xfec22726, 0xca3af69b, 0x88a9d0fe, 0x96169bef, 0x01ef80e4, 0x7c13819b, 0x7499b79b, 0x01005929, 0xf2fe9700, 0xd2055405, 0x39000c00, 0x82053640, 
    0x0a0b2bcb, 0x02030304, 0x03000103, 0x1f824c03, 0x02280982, 0x03010467, 0x57030000, 0x03220682, 0x09825f00, 0x4f003908, 0x0c000000, 0x14110c00, 
    0x19060511, 0x2115052b, 0x35010135, 0x01211521, 0x54050115, 0x570243fb, 0x9b04a9fd, 0xe00108fd, 0xee201bfe, 0x02e00296, 0xfdf199d1, 0x99fd44aa, 
    0x01263782, 0xfffedb00, 0x73824705, 0x2700072a, 0x01022440, 0x86000100, 0x01215a82, 0x25618501, 0x01005f01, 0x6e6f0103, 0x2261820a, 0x84211101, 
    0x47053e01, 0xdefddbfe, 0xd205dbfe, 0xe8052df9, 0xd30618fa, 0xff010000, 0x0323fece, 0x003c060d, 0x24c38318, 0x0203010f, 0x824b8204, 0x820120c1, 
    0x000226c1, 0x03020103, 0x28638269, 0x00590100, 0x61000101, 0x3c708304, 0x14000151, 0x070b0d12, 0x01180005, 0x160b0518, 0x2622132b, 0x33163727, 
    0x34113532, 0x08bf4336, 0x11152b08, 0x29700614, 0x2f102455, 0xc4cf8734, 0x192d5431, 0x81234616, 0x0723fec8, 0x990ae909, 0xd9ccec04, 0x03e30a0b, 
    0x03fb9305, 0x6182d3c6, 0x00008424, 0xd782e204, 0x31000830, 0x01012e40, 0x4c010201, 0x00030000, 0x09820085, 0x0221e183, 0x25e18502, 0x02005f02, 
    0xe1830203, 0x08000826, 0x05121111, 0x4e53e183, 0x02353706, 0x53018e13, 0xfc45feee, 0xf302e9be, 0xa90436fe, 0x04022efa, 0x488300ef, 0xff622808, 
    0x042205ce, 0x001b008e, 0x002d0024, 0x103f4042, 0x03030d0f, 0x22232600, 0x1b030203, 0x01030102, 0x0e4c0302, 0x834a0001, 0x0002242d, 0x82046903, 
    0x02012278, 0x22068259, 0x83610102, 0x1d512f85, 0x1c27291c, 0x2c241d24, 0x18060529, 0x036a172b, 0x023e2105, 0x0808fe69, 0x0e14156e, 0x26222302, 
    0x36322527, 0x27343536, 0x01271601, 0x06260726, 0xb0061506, 0x453da44e, 0x77d19f59, 0xa44aba67, 0x473ea54f, 0x76d09f59, 0x014abc69, 0x5288536f, 
    0x4d5cfe36, 0x4da5019c, 0x508a555c, 0xa4503201, 0x7768ba4a, 0x45599fcf, 0xa54ca43d, 0x7768bc4b, 0x475a9ed1, 0x89518e3d, 0xfe4e5e54, 0x0184355b, 
    0x010135a3, 0x5e538952, 0x0036a882, 0x004c0002, 0x05820400, 0x000500d2, 0x401a0009, 0x07080917, 0x7c540403, 0x01002608, 0x11127601, 0x2cad8202, 
    0x01210113, 0x13132101, 0x014c0303, 0x391f829b, 0xff66fe9b, 0xd2d17f00, 0x02e802d1, 0xfd16fdea, 0x012c0118, 0xfebc01bc, 0x53820044, 0x03462308, 
    0x05f20272, 0x001d00fe, 0x4bba002a, 0x585031b0, 0x10110f40, 0x22020102, 0x1b010501, 0x03050001, 0x118c1b4c, 0x11820420, 0x92565920, 0x1f200805, 
    0x05020100, 0x00720105, 0x61030202, 0x4f030300, 0x0501074d, 0x04620005, 0x00000206, 0x1b4e0050, 0x20204f85, 0x02232683, 0x98800501, 0x24402127, 
    0x00232291, 0x864c0404, 0x0106214f, 0x592b4e84, 0x1f174059, 0x1e00011e, 0x492a1f2a, 0x072705ad, 0x011d0005, 0x490a081d, 0xae4907af, 0x091f4405, 
    0xaf491620, 0x0dae4906, 0x6a386808, 0x5f759888, 0x2e303757, 0x19d00b41, 0x985e89a8, 0x3b07d65a, 0x1953385a, 0x313a1e47, 0x5a720335, 0x085d665f, 
    0x051c1006, 0x1c1a1d18, 0x3870451d, 0x48fe355d, 0x2e926359, 0x0b09352a, 0x17230703, 0x00001a1b, 0x71000200, 0x56037703, 0x1400b806, 0x72002000, 
    0x01090a40, 0x01030305, 0x4c020400, 0x501db04b, 0x821d4058, 0x4d4a24ef, 0x41050500, 0x0424081c, 0x01610004, 0x82071c41, 0x020221f4, 0x26980f87, 
    0x4318f382, 0x08270b47, 0x00050607, 0x86140114, 0x232726f3, 0x33112315, 0x05a54811, 0x0dd14818, 0x14153508, 0x57360216, 0xe50b1569, 0x6b1006e8, 
    0x5484465e, 0x43a68351, 0x40434747, 0x77034747, 0x036b2e42, 0x2fc6fe3c, 0x7c8e3b51, 0xae428e72, 0x4f47464e, 0x5044474f, 0x0137d782, 0x71035400, 
    0xfe051d03, 0x31001700, 0x14152e40, 0x0304090a, 0x824c0102, 0x61012ccd, 0x4f010100, 0x0303004d, 0x41046100, 0x012c0594, 0x0d111300, 0x0005070b, 
    0x05170117, 0x24088841, 0x17163233, 0x08245407, 0x17372a08, 0xcc010606, 0xb3c5c5b3, 0xd112b18e, 0x4c416519, 0x156a414c, 0x03ac14d0, 0x9292b571, 
    0x2e6c79b4, 0x51514b6b, 0x6e2c6e4f, 0x207f827d, 0x227f8202, 0x41390377, 0x0b240957, 0x11010501, 0x86135741, 0x4b07208e, 0x574105f1, 0x8403200e, 
    0x004d230f, 0x26940505, 0x250c5741, 0x0d0e0f10, 0x57410709, 0x07484b0a, 0x11331723, 0x05f14b33, 0x4d4b3720, 0x7531080b, 0x5551844c, 0x6b5e4683, 
    0xe5e80610, 0x046a150b, 0x40474740, 0x03464643, 0x728e4277, 0x513b8e7c, 0xfc3a012f, 0x422e6bc4, 0x474450ae, 0x4646504f, 0x3bd7864e, 0x052a0372, 
    0x001300fe, 0x403b0018, 0x02101138, 0x4c010203, 0x02000400, 0x67020403, 0x0024a989, 0x61000303, 0x3006f442, 0x16180001, 0x0d0f1415, 0x05070a0b, 
    0x13011300, 0x0b634107, 0x15155108, 0x33161621, 0x06173732, 0x26210106, 0xcd012223, 0xabc5c5b4, 0x0ffec6a0, 0x61425203, 0xa31fcc1d, 0x1101e3fe, 
    0x037a780f, 0x959ea872, 0x319cabb1, 0x2b35373c, 0x90015b50, 0x0100005d, 0x7c032b00, 0xf1064602, 0x61001600, 0x010a0a40, 0x010b0203, 0xbd420482, 
    0x03032a08, 0x02006102, 0x054d4e02, 0x2f2d8201, 0x0101045f, 0x074d4b01, 0x4c060601, 0x401b4e06, 0x120f1a19, 0x59221d88, 0xf0820f40, 0x16001631, 
    0x22251311, 0x0a081111, 0x11132b1c, 0x46333523, 0x41080a32, 0x33151506, 0xa3112315, 0x6a927878, 0x35195c32, 0x2810220f, 0x0393931f, 0xa3da017c, 
    0x07137c7c, 0x190605a1, 0xfea31d12, 0x00020026, 0x03840254, 0x00fe053c, 0x002a001f, 0x190b4087, 0x04040701, 0xaa850203, 0x58503028, 0x02002a40, 
    0x18190306, 0x4f220c9b, 0xa782094d, 0x0061032c, 0x4d4c0303, 0x00010100, 0xc3820862, 0x82005121, 0x882720b7, 0x8201202c, 0x00012b13, 0x07070066, 
    0x01056104, 0x348b0404, 0x594e033d, 0x20211b40, 0x25270001, 0x2a212a20, 0x15171b1c, 0x0a0b0d0f, 0x1f000608, 0x410a1f01, 0x27290583, 0x33161637, 
    0x23353532, 0x05814806, 0x36363422, 0x2108be72, 0x2f420306, 0x01500809, 0x13be86c0, 0x3d4d0ac2, 0x63121999, 0x52844b55, 0x5c468555, 0xe409116e, 
    0x464199d5, 0x47424245, 0x4e558402, 0x5a1b1b2b, 0x37372b70, 0x8f7d7685, 0x7a324d3c, 0x8b7d93fd, 0x464c9e01, 0x48515148, 0x00010092, 0x037c0371, 
    0x00b80641, 0xb5480013, 0x0221ac82, 0x06a64101, 0xdd821620, 0x004d4a2c, 0x61020404, 0x4f020200, 0xe782034d, 0xe7834c20, 0x13891620, 0x00212282, 
    0x2818865f, 0x1323b759, 0x05111123, 0x06e14c0a, 0xe04c1120, 0x34250808, 0x06222326, 0xe0e85901, 0x755d7118, 0x3a44e895, 0xe904483a, 0x3c0393fe, 
    0x5b42a9fe, 0x69fe6487, 0x352e6801, 0x05f74434, 0x59017c29, 0x03000807, 0x82000f00, 0x501c2486, 0x7c174058, 0x4e2e08ec, 0x0000004d, 0x01044d4b, 
    0x014c0101, 0x354e1b4e, 0x4e178b0a, 0x0a231218, 0x4e132b17, 0x71390e18, 0x442f75e8, 0x45302f44, 0x027c0345, 0x0283fd7d, 0x2a2a3cc1, 0x2a2a3b3b, 
    0x244b823c, 0x02fcff02, 0x26878493, 0x0018000c, 0x83b04b50, 0x051b2687, 0x04030301, 0x86fb8261, 0x07b54487, 0x8b835120, 0x04001922, 0x00231f82, 
    0x84690304, 0x081b8a8b, 0x0e405920, 0x12140d0e, 0x180e180d, 0x06102421, 0x132b190a, 0x06141133, 0x35232306, 0x35363233, 0x1c622213, 0xe8713c09, 
    0x1a5d9254, 0x742b3713, 0x2f454430, 0x0545452f, 0x5870fdf9, 0x15a8225c, 0x8ad70216, 0x05b3419f, 0xb806462f, 0x50000c00, 0x0a0b0940, 0x02040307, 
    0x07b74101, 0x81821220, 0x004d4a31, 0x4d4b0101, 0x02020304, 0x4e024c02, 0x8219401b, 0x5f022114, 0x1b8d0f85, 0x0c405922, 0x0c261b82, 0x13120c00, 
    0x9d830511, 0x33112808, 0x21373311, 0x27210101, 0xe8711507, 0x0501d20d, 0x0a01fffe, 0x30b2f5fe, 0x3c037c03, 0xfed56cfe, 0xe59afee9, 0x4200af36, 
    0x0121053b, 0x22878259, 0x46300003, 0x0c240599, 0x01010102, 0x00237d82, 0x82004c00, 0x091a6876, 0x06680e82, 0x00033405, 0x0a031103, 0x11012b17, 
    0x59011123, 0xfcb806e8, 0x863c03c4, 0x0440084b, 0x00ff05c5, 0x40300022, 0x0203092d, 0x4c010004, 0x04040106, 0x01026100, 0x4f000002, 0x0507084d, 
    0x4c030303, 0x00004e03, 0x22002200, 0x13231323, 0x09112324, 0x132b1d0a, 0x36173311, 0x16323336, 0x15280585, 0x34112311, 0x06222326, 0x3608088a, 
    0x2010cf71, 0x54464275, 0x4a882521, 0x3ae78369, 0xdf39312f, 0x3a312f39, 0x7d027c03, 0x48404e88, 0x74475f5e, 0x0150fe5f, 0x2d2d2774, 0x018cfe27, 
    0x2d2d2873, 0x858bfe26, 0x41032fe3, 0x1400fe05, 0x20402300, 0x01040105, 0xfd4f4c01, 0x08154308, 0xfa428a82, 0x4f17200a, 0x878409dc, 0xe8590128, 
    0x170306d5, 0xfd425f72, 0x7d02240a, 0x425f449e, 0x022609fc, 0x72035400, 0x67823c03, 0x18000b21, 0x200cf754, 0x0a9f514f, 0x4e005023, 0xf754180d, 
    0x0cb5450f, 0x4b181420, 0x01360c93, 0xc3c3b2c9, 0xc3c3b0b2, 0x444442b0, 0x45454342, 0x90b67203, 0x0383b690, 0x4a56a829, 0x4a52524a, 0x8200564a, 
    0x00022600, 0x03930271, 0x39e38456, 0x403e0020, 0x0501033b, 0x02011200, 0x004c0204, 0x61000505, 0x00000101, 0x714e4d4f, 0x02002b05, 0x064d5002, 
    0x4d030301, 0x76184e03, 0x26230d1f, 0x42081124, 0xdb50053f, 0x15162a06, 0x23060614, 0x23272622, 0xe44f1811, 0xe571300b, 0x5f69100a, 0x51548446, 
    0x6b574c83, 0x48830615, 0x8282063a, 0x2f7c6623, 0x05364852, 0xfe2f4325, 0x489201aa, 0x02220a3b, 0x20825400, 0xa3863920, 0x35403829, 0x02050111, 
    0x85010102, 0x610226a3, 0x02020103, 0x2898824f, 0x61010404, 0x50010100, 0x21d7824d, 0xa282004d, 0x151a1c30, 0x14201620, 0x07102426, 0x012b1a0a, 
    0x54451123, 0x3faa1811, 0x3903260b, 0x6c1506e8, 0x05864755, 0x116b5d26, 0x95fee509, 0x25068347, 0x56019302, 0x87474230, 0x31502405, 0x472cfe7c, 
    0x27420a82, 0x49023005, 0x11000506, 0x0b404f00, 0x02020309, 0x82010a00, 0x594c2005, 0x12210545, 0x41108200, 0x04290649, 0x4c030301, 0x401b4e03, 
    0x0c2c4416, 0x864d4f21, 0x05924318, 0x11001124, 0x92432424, 0x05524107, 0x26151722, 0x3c05d642, 0x150ae271, 0x201f3860, 0x40113513, 0x027c0357, 
    0x43477e7d, 0x0809c90e, 0xadfe323e, 0x2d8b8200, 0x0372035a, 0x00ff0506, 0x40390025, 0x86821636, 0x0a171d23, 0x255d8304, 0x03010001, 0x7f47004c, 
    0x4d4f2306, 0x8e4d0100, 0x50002f05, 0x00014e00, 0x1214191b, 0x25000608, 0x6f492501, 0x05874606, 0x34353625, 0x44272726, 0x565106a6, 0x1738080a, 
    0x06141516, 0xab79a601, 0x72168b28, 0x2b463738, 0xb1dc8531, 0x2f8e7593, 0x2e70157b, 0x36224029, 0x03c9db8f, 0x593e3f72, 0x1616221d, 0x15081a11, 
    0x69639224, 0x16692a2e, 0x0e273782, 0x1c130720, 0x82756690, 0x032b34ab, 0x0601026d, 0x00170087, 0x060a4062, 0x0d020301, 0x57030401, 0x22080728, 
    0x0203001f, 0x04030204, 0x00000080, 0x01054d4a, 0x5f010202, 0x01010106, 0x04004d4b, 0x4e045004, 0x831f401b, 0x878520ef, 0x08219126, 0x0a405949, 
    0x13261311, 0x07101111, 0x132b1d0a, 0x15331533, 0x16141123, 0x37363217, 0x23060617, 0x11352622, 0x82333523, 0x217d7de7, 0x06240b17, 0x244b272b, 
    0x57578762, 0xa38e8706, 0x1012eafe, 0xa0030801, 0x6a5b0f0c, 0x82a32401, 0x037133ab, 0x05410377, 0x001400f9, 0x112a402d, 0x01020001, 0x8d85034c, 
    0x0803d918, 0x4e005031, 0x0f100001, 0x080a0d0e, 0x14000405, 0x43061401, 0x112006a1, 0x82077b7a, 0x27233208, 0x01060623, 0xe895757b, 0x49393a44, 
    0x0306d5e8, 0x305a8218, 0x97016487, 0x352e98fe, 0x6d012a34, 0x449e83fd, 0x26f4825f, 0x03340001, 0x8268037c, 0x000c3773, 0x061e4021, 0x01000201, 
    0x0001014c, 0x034d4b00, 0x4c020201, 0xbd454e02, 0x183a0805, 0x180a0411, 0x3301012b, 0x17161613, 0x13373636, 0x44010133, 0x72f5f0fe, 0x0b0b1913, 
    0xf1701218, 0x7c03effe, 0xd9fe7d02, 0x39396330, 0x27012f64, 0x010083fd, 0x7c032a00, 0x5b82ad04, 0x27001e29, 0x0f1a2440, 0x82030306, 0x8202205d, 
    0x235e8263, 0x03020405, 0x2e066d45, 0x111e001e, 0x06111818, 0x012b1a0a, 0x85173303, 0x89372061, 0x23032108, 0x077bcc18, 0xd600013f, 0x1c0e37f2, 
    0x10200d0b, 0x103dcc41, 0x1a0b0c20, 0xd9f6390e, 0x160c51ed, 0x0c160a0a, 0x39838351, 0x49783bcc, 0xcc387b49, 0x48783ccc, 0xcc377b4a, 0x1dc783fd, 
    0x64303064, 0xca82c71d, 0x3b000122, 0x4120ef82, 0x17259382, 0x23402600, 0xa3501913, 0x09d0460b, 0x172b2882, 0x18121700, 0x190a0512, 0x8a13132b, 
    0x13032193, 0x31088b88, 0xf3cbd63b, 0x1022143f, 0x43162311, 0xeed9d1ee, 0x0f221554, 0x50151f0f, 0x48017c03, 0x1f583501, 0x42252344, 0xc8fe581f, 
    0x1e73bbfe, 0x40232242, 0x7f84731f, 0x8d023424, 0x7f846f03, 0x1f402225, 0x1802010d, 0x2107f259, 0x1e824d4b, 0x00620337, 0x03510303, 0x1418234e, 
    0x1a0a0413, 0x1737132b, 0x27363616, 0x0b774127, 0x06063f08, 0x4d612223, 0x2e502903, 0xeafe0608, 0x121271f5, 0x141b0c08, 0xc7fef17d, 0x618e9422, 
    0x029fac02, 0x1123051b, 0xfe7e0214, 0x365f2fd9, 0x012e5e38, 0x4b54fd27, 0x01000075, 0x7c037300, 0x7b82f302, 0x2f000b26, 0x01072c40, 0x0fdfc718, 
    0x02238282, 0x445f0302, 0xc7180626, 0x350809df, 0x132b190a, 0x21350135, 0x01152135, 0x73152115, 0xb7fe5b01, 0xc7fe5e02, 0x7c034901, 0x05530176, 
    0xbcfe85af, 0x0200b004, 0x72035e00, 0xc2069903, 0x13000b00, 0xb1474d00, 0x00172505, 0x61010303, 0x5e436982, 0x087e4d05, 0x15401b22, 0x200aaa77, 
    0x26178802, 0x0d134059, 0x1800010c, 0x460ce350, 0x21081083, 0x22233435, 0xfc011415, 0xc4dadac4, 0xc4d9dac3, 0x03a5a4a4, 0xcac9de72, 0xc9c9e0df, 
    0xedeabdde, 0xbc82eaed, 0x8a030021, 0x0012328f, 0xb75a0019, 0x03101114, 0x4c010302, 0x5015b04b, 0x2f808958, 0x00000104, 0x01056102, 0x00590202, 
    0x1b401b4e, 0x4b5a988a, 0x189e860f, 0x200f1850, 0x0a664901, 0x35322729, 0x16032734, 0x8e261327, 0xe11a26a4, 0x22df5a23, 0x2aaa8c2f, 0x98fe395c, 
    0x67015b17, 0x8258ed15, 0x036f3075, 0x0639027c, 0x000700b8, 0x0506b739, 0x49000303, 0xf8480875, 0x00072221, 0x08f84807, 0x35072338, 0xe9390237, 
    0x06d0d70a, 0x02c4fcb8, 0x7cc57e79, 0x01000000, 0x5f826200, 0x5f822620, 0x4d000b25, 0x850101b5, 0x50202c5d, 0x00134058, 0x03010402, 0x83630302, 
    0x82612025, 0x005e2717, 0x19401b4e, 0x14820200, 0x55185720, 0x03210a45, 0x2026845f, 0x0541464f, 0x18000b21, 0x35074755, 0x06061101, 0x32233523, 
    0x11333736, 0x7b213c01, 0x8f560836, 0x6c82c31c, 0x25314027, 0xfc3c5bbb, 0x2a4382c4, 0x037c0361, 0x00c20649, 0x8282001a, 0x0304227b, 0x06804b01, 
    0x1b821d20, 0x01000323, 0x337a8272, 0x02006102, 0x004d4a02, 0x5f040303, 0x04040105, 0x1b4e044c, 0x20054542, 0x2124851e, 0x25968003, 0x881c4021, 
    0x00022620, 0x00020100, 0x33448b69, 0x0d405959, 0x1a000000, 0x22271a00, 0x0a062712, 0x35132b1a, 0x09ed5c18, 0x34233908, 0x16323336, 0x06061415, 
    0x21150707, 0x64017215, 0x3b503b3f, 0xc5de493d, 0x25c6ab9f, 0x01518981, 0xa57c0393, 0x3c2d0001, 0x2f343024, 0x8c8f7d2d, 0x76632f71, 0xb708384a, 
    0x01265382, 0x72036000, 0xd7826803, 0x86002c27, 0x030125b5, 0x07274b04, 0x06002e28, 0x06050405, 0x5b188004, 0x04250880, 0x04010300, 0xa98b1803, 
    0x24e88208, 0x61000202, 0x058e5008, 0x2c401b22, 0xd1623090, 0x87002006, 0x242e8a38, 0x01174059, 0xfb5c1800, 0x012c230e, 0x2a43092c, 0x63262005, 
    0x074c0ac6, 0x26342505, 0x15062223, 0xeb86ea82, 0x58150721, 0x430805ad, 0xae65df01, 0x01ee016b, 0x4f403e52, 0x6b6b4451, 0x3b454b3b, 0x63e0503c, 
    0xc49d66a6, 0x7477576f, 0x7203b265, 0x224e7542, 0x2827302a, 0x28318533, 0x22282b26, 0x8d40744c, 0x0757436a, 0x4c5e0c08, 0x003f714a, 0x29050341, 
    0x00b8066d, 0x40b0001e, 0x5718160a, 0x6c530823, 0x00242805, 0x04030406, 0x84800306, 0x007036fe, 0x06040005, 0x00670405, 0x00010702, 0x00660002, 
    0x01590101, 0x060c624e, 0x2b8c2520, 0x967e0121, 0x2f40212c, 0x0124278f, 0x02010402, 0x00282e8a, 0x00590200, 0x62000202, 0x52266484, 0x15405959, 
    0x57180001, 0x0122138b, 0x2d412622, 0x3537270d, 0x15213521, 0x1f413605, 0xe2460806, 0x0167ae6c, 0x3c5206ef, 0x4d524b41, 0x5bfed670, 0xdffeb802, 
    0x6c55935d, 0x427203b3, 0x28244d76, 0x3a2c2e32, 0xba067c8b, 0x3c03b2a4, 0x7253496e, 0x0002003b, 0x037c0364, 0x00b8068f, 0x000f000a, 0x0c0a405b, 
    0xe5820101, 0x02010222, 0x2106fa4e, 0x5e180717, 0x4a230d0a, 0x4903004d, 0x172505b1, 0x00010000, 0x841e8c85, 0x40592219, 0x275e1813, 0x05c64210, 
    0x11212808, 0x15231533, 0x11373523, 0x64150323, 0x26019001, 0x08df7575, 0xfd03e60b, 0xfd1902a2, 0x8181a4e9, 0xfe1b01a4, 0x830009ee, 0x25978759, 
    0xb599000f, 0x8f5c0101, 0x500c2505, 0x00254058, 0x852db482, 0x01010200, 0x05007002, 0x71050404, 0x221e8203, 0x82570104, 0x04012d06, 0x02060760, 
    0x50040104, 0x13b04b1b, 0x24202c82, 0x02212c87, 0x212b9a85, 0x268c2340, 0x93860521, 0x59592351, 0x98820f40, 0x0f825818, 0x15013326, 0x15333521, 
    0x642bd885, 0xfeda5101, 0xcc0001b9, 0x85d97b7b, 0x09f223d4, 0xd782e0e0, 0x0001002f, 0x03720380, 0x00b8066d, 0x407a0020, 0xf35e180b, 0x0534440a, 
    0x79432620, 0xfa5e1808, 0x0679430e, 0x79430720, 0x88242007, 0x00042728, 0x05040605, 0x30870067, 0x00020223, 0x22268661, 0x18154059, 0x220e245f, 
    0x54200120, 0x262106cd, 0x0c366737, 0x21132725, 0x4d072115, 0x380806a4, 0xf2010614, 0x015fa86b, 0x385301e5, 0x44595644, 0xcc164927, 0xfe690230, 
    0x15071a4e, 0xa0824f76, 0x437203d0, 0x2b274974, 0x3d35343e, 0x013a1d20, 0x2bc6bab7, 0x8376903c, 0x064f47a4, 0xc2066f2c, 0x27001b00, 0x12b57a00, 
    0x5d440601, 0x18272008, 0x2517615e, 0x01084d4a, 0xb5880505, 0x25401b22, 0x01232988, 0x69020300, 0x278c0a78, 0x19405938, 0x00011c1d, 0x271c2123, 
    0x1517271d, 0x0b0c0e10, 0x1b000608, 0x51441b01, 0x34352607, 0x16323336, 0x07426916, 0x2720dc88, 0x08072e52, 0x16161742, 0xbb63f501, 0x67b8e279, 
    0xea085f9d, 0x592e450a, 0x95190858, 0xd29a7d57, 0x565742aa, 0x025d3d43, 0x72035902, 0xc9a0b54a, 0x477848e8, 0x637c191f, 0x6e904a3d, 0x40ada289, 
    0x3e423132, 0x003e3435, 0x2a080082, 0x035e0002, 0x06400371, 0x001300b8, 0x403e001f, 0x04010a3b, 0x004c0102, 0x85010201, 0x04000200, 0x6a040203, 
    0x00030106, 0x82590300, 0x00032306, 0xd5820561, 0x15510033, 0x1b000114, 0x151f1419, 0x090c0e1f, 0x01130008, 0x06c15d13, 0xb7822620, 0x33133724, 
    0xf7443601, 0x0dc04e06, 0x5dd23c08, 0x343b6cab, 0xeafedbf1, 0x81254e1f, 0x68a560aa, 0x41565542, 0x03575740, 0x647d3a71, 0x01408247, 0x10bdfe23, 
    0x5e7b8316, 0x41ae4787, 0x41413231, 0x00413132, 0x03510001, 0x8214037c, 0x000727a3, 0x0106b540, 0xf3450002, 0x82112007, 0x5f0125c1, 0x4a010100, 
    0x22073d4b, 0x820f401b, 0x0200242f, 0x4b670001, 0x5922064f, 0x25820b40, 0x07000729, 0x0a042111, 0x49132b18, 0x94310657, 0x30fe8d01, 0x71fec302, 
    0x80027c03, 0xfdbab606, 0x06bf487e, 0xc2067b2e, 0x2a001e00, 0x6f003600, 0x020716b6, 0x21096046, 0x5f180820, 0x4a250f41, 0x0201074d, 0x08815502, 
    0x1e401b2a, 0x05000100, 0x69050104, 0x208c2a88, 0x1b40593a, 0x1f202b2c, 0x30320001, 0x362c362b, 0x2a1f2426, 0x0e102a20, 0x1e011e00, 0x200af641, 
    0x645f1837, 0x0c484114, 0x33541320, 0x16560809, 0xb471ec01, 0x48557c69, 0x66a35f63, 0x6560a465, 0x3c603546, 0x4271b46a, 0x40405755, 0x38415556, 
    0x37384d4d, 0x72034c4d, 0x48416b3f, 0x0c090c72, 0x65404169, 0x3f653c3b, 0x090c6842, 0x30553908, 0x9e3f6b41, 0x35292a38, 0x382a2935, 0x24335d01, 
    0x25313125, 0x1b423324, 0x036e2407, 0x43c5066f, 0x0b23060f, 0x41050301, 0x27200779, 0x2107c243, 0x5f180108, 0xec430e69, 0x4325200f, 0x06240aec, 
    0x69060405, 0xed433189, 0x0a0f430c, 0x10141627, 0x0507090e, 0x0b0f4304, 0x4f076147, 0x1d4305ee, 0x14152606, 0x36320306, 0x05454f27, 0x16144108, 
    0x9d66d401, 0x0aea085f, 0x57592d46, 0x57951907, 0xb0c89a7d, 0xe27abb64, 0x035c3fb3, 0x423f5603, 0x6e035858, 0x2148794a, 0x3e637f1b, 0x816e9049, 
    0xa0b74dae, 0xc101ebc8, 0x40313540, 0x41323142, 0x0234f482, 0x7c035e00, 0xc3064003, 0x1f001300, 0x3a403d00, 0x0402010a, 0x39050f43, 0x00010586, 
    0x04030106, 0x00690300, 0x04020204, 0x04040059, 0x02006102, 0x0e430204, 0x054d6117, 0x23030723, 0x05994e01, 0x36363423, 0xbf5c1817, 0x0143080a, 
    0x6bab5ecc, 0xdaf1353a, 0x4b1e1001, 0x60ab8123, 0x564268a6, 0x573f4256, 0x3bc30656, 0x8247647d, 0x01defe40, 0x84140f3f, 0x48875d7b, 0x313240af, 
    0x32314141, 0x01000040, 0xed028b00, 0xf7060b02, 0x18000e00, 0x2612234e, 0x0a021417, 0x82132b18, 0x3725086c, 0x15020633, 0x17161614, 0x2d8b2623, 
    0x4acf354f, 0x38401b49, 0xd904b1cf, 0x44b9c75a, 0x79e3fe88, 0x74aa8a44, 0x244f82ef, 0x01ed0249, 0x214f82c9, 0x4e18000f, 0x0f301613, 0x03170f00, 
    0x132b170a, 0x3435023e, 0x1e332702, 0x063e5782, 0x40384907, 0xcf4a491b, 0x592d5034, 0x74ed0258, 0x78438baa, 0x44891d01, 0x795ac8b8, 0xa78378fb, 
    0x57829720, 0x5782ef20, 0x27074e18, 0x4e180a20, 0x972c0907, 0x7b7b5801, 0x0a04ed02, 0xa43efda4, 0x65204b83, 0xbd204b82, 0x4d184b88, 0x4b8321a7, 
    0x1133352a, 0x11213523, 0x017b7b65, 0xa426a082, 0xfba4c202, 0xef8200f6, 0xd703943d, 0x32062f03, 0x2c000b00, 0x02002940, 0x57020501, 0x04010103, 
    0x01050001, 0x18006700, 0x200c4acf, 0x4d4e180b, 0x1b0a2707, 0x2335012b, 0x28473335, 0x83012b06, 0xefbdefef, 0xd5d703ef, 0x0282d5b1, 0x00820020, 
    0x9500012a, 0x2f03a004, 0x03005a05, 0x1d374718, 0x2b170a2e, 0x35211501, 0x66fd2f03, 0xbaba5a05, 0x26056b43, 0x030f0499, 0x82eb052b, 0x0007223b, 
    0x1b541829, 0x0303230b, 0x93825f02, 0x4e034b23, 0x0e617b04, 0x13204782, 0x0806617b, 0x92029928, 0x92026efd, 0xbaba0f04, 0xb9b92301, 0x4600ffff, 
    0xf202c2fe, 0x07034e01, 0x00002706, 0x090050fb, 0xb80200b1, 0x2f7e50fb, 0xfe712608, 0x025603c7, 0x201f8208, 0x241f9428, 0x03c1fe54, 0x203f841d, 
    0x201f8729, 0x203f8b01, 0x203f8254, 0x203f8439, 0x223f962a, 0x842a03c2, 0x942b203f, 0xfe2b261f, 0x024602cc, 0x207f8241, 0x235f952c, 0x3c03d4fd, 
    0x2d203f84, 0x71243f94, 0x4103ccfe, 0x2e207f84, 0x1f823f94, 0x02590123, 0x205f8258, 0x233f932f, 0xe3fdfcff, 0x30201f86, 0x00201f93, 0x03213f82, 
    0x205f8446, 0x205f9a31, 0x205f8208, 0x231f9732, 0x4f01c504, 0x33201f82, 0x03211f97, 0x20df8441, 0x221f9434, 0x86c2fe54, 0x953520ff, 0xe3fd239f, 
    0x3f845603, 0x1f943620, 0x1f825420, 0x1f843920, 0x1f943720, 0x0223df82, 0x82550149, 0x9438209f, 0x825a207f, 0x8406207f, 0x943920bf, 0xfe2b261f, 
    0x010102bd, 0x203f82d7, 0x221f943a, 0x82c7fe71, 0x824920df, 0x943b201f, 0xfe34251f, 0x016803cc, 0x3c201f83, 0x2a241f94, 0xad04ccfe, 0x3d201f84, 
    0x3b201f94, 0x41203f82, 0x3e201f84, 0x34241f94, 0x6f03ddfd, 0x3f201f84, 0x73241f94, 0xf302ccfe, 0x40201f84, 0x5e201f94, 0x9922ff82, 0xbf821202, 
    0x3f414120, 0x201f8914, 0x201f8742, 0x0b1f4303, 0x5f826f20, 0x20051f43, 0x205f9443, 0x221f8262, 0x82080226, 0x9444205f, 0x8261201f, 0x844920df, 
    0x9445207f, 0x8260201f, 0x8468209f, 0x9846201f, 0x846d201f, 0x9447205f, 0x8264201f, 0x848f205f, 0x9448201f, 0x201f89df, 0x203f9449, 0x857f8280, 
    0x944a205f, 0x825e201f, 0x846f201f, 0x944b209f, 0xfe5e245f, 0x844003c1, 0x944c207f, 0x8251201f, 0x8414209f, 0x984d201f, 0x847b205f, 0x414e205f, 
    0x5e2a147f, 0x6f03befe, 0x07031502, 0x5f944f06, 0x5f825e20, 0x13024022, 0x50201f82, 0x8b261f94, 0x0b023dfe, 0x1f824702, 0x7f945120, 0x3dfe4924, 
    0x1f84c901, 0x1f945220, 0x1f829720, 0x1f84ef20, 0x1f945320, 0x1f826520, 0x1f84bd20, 0x1f945420, 0x27ff9426, 0x82012f03, 0x55207f82, 0x95261f94, 
    0x2f03f0ff, 0x1f82aa00, 0x1f945620, 0x5fff9926, 0x3b012b03, 0x57201f82, 0x0033df91, 0x0070fe01, 0x053f0300, 0x000300d2, 0x00164019, 0x18560000, 
    0x2a0a3889, 0x11030003, 0x2b170b03, 0x82330121, 0x00042828, 0x0500fccf, 0x822efad2, 0x00023025, 0x02f7ff44, 0x004503f5, 0x0013000b, 0x5428402b, 
    0x57201154, 0x5405d55a, 0x0b220c51, 0x76182b16, 0x28080776, 0x06141516, 0x10353227, 0x14112223, 0xb4a59d01, 0xb4a4a5b4, 0x8080a5b3, 0xccda0981, 
    0xcbdddccc, 0xfea8dacc, 0xfefe0201, 0x209982fe, 0x206b8243, 0x266b84fa, 0x00190012, 0x54304033, 0x75980750, 0x8d0f2854, 0x54112075, 0x7b820828, 
    0xa49e2908, 0xa5a4b7b7, 0x82a6b6b7, 0x431ec20f, 0x812e1dbf, 0xcbcadc09, 0xcacadedd, 0x0001a6dc, 0x90fe3b59, 0x6f017524, 0x53fbfe21, 0x012bf782, 
    0x00005000, 0x3c03dc01, 0x18000700, 0x210e3b70, 0x1f825f00, 0x0582f482, 0x70180720, 0x2334083b, 0x35072311, 0xcbdc0137, 0x03a7b809, 0x02c4fc3c, 
    0x7db78c94, 0x3f204784, 0xc9224782, 0x69183d03, 0x03211637, 0xf365185f, 0x2112270c, 0x190b0513, 0xef53332b, 0x18fd310a, 0x480c3169, 0x02a91d7c, 
    0xa7303067, 0xc3fc345b, 0x002d5682, 0x00470001, 0x03ae0200, 0x001a0045, 0x0cef5359, 0xa9531b20, 0x00722105, 0x210fa853, 0xf46e0457, 0x6c002005, 
    0x1e920575, 0x180dc653, 0x530eb470, 0x29080ec6, 0x34240157, 0x2d2d412d, 0x82a7c238, 0x6a21a48f, 0x3e013a6e, 0x3214018e, 0x34302848, 0x85732c2f, 
    0x59266789, 0x0a3e6684, 0x8f8200a4, 0xf7ff4b24, 0xab82d602, 0x4c002a24, 0xc4534940, 0x288c5305, 0x4e005722, 0x22108953, 0x182a012a, 0x5008836e, 
    0x89530919, 0x7707200a, 0x15250559, 0x15070614, 0x08058216, 0x528b013f, 0xcf025b91, 0x302c4404, 0x583d423f, 0x34403058, 0x01462c2a, 0x8c5601c2, 
    0x579d8653, 0x09bbbf46, 0x13466133, 0x2928321d, 0x29389238, 0x20262e25, 0x8e3a6946, 0x0a5a4461, 0x6ca21709, 0x32c38689, 0x003c03dd, 0x404b001d, 
    0x04011548, 0x06010f05, 0x534c0204, 0x02221128, 0x56537001, 0x05215309, 0xc4840020, 0x14161730, 0x0e101213, 0x0406080c, 0x011d0003, 0x2543081d, 
    0x0c4b5405, 0x20051d53, 0x071d5307, 0x818e3308, 0x06d106bc, 0x3f322945, 0xa455453e, 0x4d02a5fe, 0x467649e7, 0x6e09985c, 0x2b17196c, 0x8a492533, 
    0x8aa40a97, 0x714201d0, 0x3a6d4e44, 0x02000000, 0x04824c00, 0xa782f020, 0x0f000a26, 0x34403700, 0x52091b53, 0x572213fa, 0xf7524e03, 0x1a0b2610, 
    0x0135372b, 0x0bf75233, 0x43014c3a, 0xc16262ff, 0x70af0b07, 0xfd2d029f, 0x7070a3d7, 0xfe4001a3, 0x01000ccc, 0x0f296f88, 0x30403300, 0x01040101, 
    0x23818301, 0x01038500, 0x09106b18, 0x05020224, 0x6718005f, 0x6b180b58, 0x37250810, 0x03331335, 0x07644b15, 0x4c35232a, 0xc7f4bbfe, 0xbd6666b2, 
    0xe3236884, 0x82f2f20c, 0x26d7826b, 0xff680001, 0x82d802f6, 0x00202cd7, 0x17444047, 0x06030212, 0x18010111, 0x520b7f71, 0x5722175b, 0x58524e00, 
    0x057b4112, 0x081e5852, 0x8b579a35, 0x02c70150, 0x46342840, 0x3a173948, 0x012fae14, 0x17a3fefa, 0x3c5d0e07, 0x0ab08570, 0x24416b3e, 0x39394429, 
    0x380f1447, 0xcda49701, 0x75933221, 0x4500a27e, 0xdc340533, 0x1c004503, 0x7c002800, 0x01130a40, 0x01260406, 0x4c020605, 0x20057e70, 0x05325224, 
    0xd5447220, 0x04002207, 0x07294f00, 0x82065952, 0x245952b3, 0x59382782, 0x1d1e1940, 0x22240001, 0x281e281d, 0x0f111618, 0x080a0c0d, 0x1c011c00, 
    0x27052143, 0x3435022e, 0x32333636, 0x081a5952, 0x16060742, 0x79379c01, 0x9e5d4068, 0x0ea68161, 0x22390bcc, 0x19094c46, 0x83674778, 0x473792b0, 
    0x47343745, 0x09460403, 0x81a15721, 0x9363c38e, 0x80202166, 0x91473c6f, 0x9ba68271, 0x4b37384b, 0x5334334b, 0xf626f384, 0x3c03a402, 0xf5821000, 
    0x35403823, 0x14575209, 0x20055052, 0x23b68200, 0x00011112, 0x1c22ad82, 0xae821c12, 0x10000725, 0x18071001, 0x2308a76c, 0x03331337, 0x52064f52, 
    0x390808fe, 0x01161415, 0x588d4d76, 0xd0bdb567, 0x8a6d312f, 0x403481ac, 0x41323440, 0x7b3c0a41, 0x019e7d60, 0x0cc6fe14, 0x9b85797f, 0x3837459b, 
    0x38374444, 0x01000045, 0x00003900, 0x93828d02, 0x2300072a, 0x01062040, 0x4c010002, 0x180b2d52, 0x32146571, 0x01710115, 0x0280fe48, 0x02b5fe54, 
    0xa7a10992, 0x82006bfd, 0x00033200, 0x02f7ff44, 0x004503df, 0x0029001d, 0x40430035, 0x062c5240, 0x821a0252, 0x2a2b37e6, 0x00011e1f, 0x352a2f31, 
    0x2325352b, 0x291f291e, 0x1d000e10, 0x9c411d01, 0x26262305, 0x71183435, 0x19571164, 0x51f98b05, 0x51080cff, 0x57966091, 0x4b384162, 0x5456884f, 
    0x364d5189, 0x9758663d, 0x4441365f, 0x41443433, 0x3b3c2c37, 0x3b3a2e2d, 0x416a3e09, 0x0a0d7448, 0x3f3e690d, 0x643c3a65, 0x0d683f3e, 0x49740c0a, 
    0x913e6a41, 0x3c302f3b, 0x3b2f303c, 0x2b376401, 0x2b35362a, 0xdf82382a, 0xdf820220, 0xdc02f42c, 0x1c004903, 0x77002800, 0xfb510ab5, 0x50252b06, 
    0x00244058, 0x02020301, 0xa6427201, 0x0300270a, 0x69030501, 0xde440200, 0x005d2406, 0x51401b4e, 0x62271df8, 0x00000107, 0x424e005d, 0x15270cae, 
    0x080d0f13, 0x42030406, 0x2b5809ae, 0x08f75108, 0x36375608, 0x1415021e, 0x32030606, 0x26363736, 0x15062223, 0x81011614, 0xcb0da780, 0x4524380b, 
    0x7a1a084c, 0xa9836845, 0x6d7b368d, 0x5e9e5c44, 0x03024736, 0x47363947, 0x69950c45, 0x6f832322, 0x7193493d, 0x0102aa7f, 0x84a4561e, 0x0164c590, 
    0x33334eb1, 0x37374c51, 0x2df3854b, 0xa4020000, 0x11004703, 0x36001d00, 0xfb513340, 0x0bf65105, 0x02002208, 0x69020401, 0x57010100, 0x12134e01, 
    0x17190001, 0x1d131d12, 0x08090b0d, 0x11011100, 0x2b160b07, 0x08f45101, 0x23061326, 0x34352622, 0x280df251, 0x588d4d72, 0xbdb43532, 0x09b342cf, 
    0x40403336, 0x7c3c4703, 0x5188445f, 0x3a01edfe, 0x86797f0c, 0x38449c9b, 0x2a07b542, 0x00010000, 0x02780072, 0x50bb02b4, 0x0b232caf, 0x50252b1b, 
    0x422c0baf, 0xd0a2d0d0, 0x9ad578d0, 0xd59ad4d4, 0x6c265382, 0xae024601, 0xab50ea01, 0x500b201f, 0x022805ab, 0x01befdae, 0x00a4a4ea, 0x02280082, 
    0xbc007700, 0x7102b002, 0x07233b82, 0x18402f00, 0x2d35134c, 0xfd390277, 0xbc3902c7, 0x1401a2a2, 0x5682a1a1, 0xff259383, 0x03ba01b2, 0x18d752b1, 
    0xd7520b20, 0x286c3a10, 0x3fb42d45, 0x31381842, 0x96019ab4, 0x44b9c757, 0x75e2fe88, 0x71a88942, 0x204f82f1, 0x204f822d, 0x524f827b, 0xe2821dd7, 
    0xd7521720, 0x322d3b0c, 0x3f431739, 0x28452db4, 0x744e4d4d, 0x754087a9, 0x43881e01, 0x7557c7ba, 0xa88278f7, 0x87000128, 0x9c01f1ff, 0x50180401, 
    0x12302adf, 0x3b50503b, 0x0f50503a, 0x4f3b3a4f, 0x4f3a3b4f, 0x5f284784, 0x9601c4fe, 0x0300b400, 0x20177753, 0x06884b03, 0x33131327, 0xf0475f03, 
    0x222f8293, 0x8410fef0, 0xfe6b363b, 0x019401f9, 0x00110000, 0x041a401d, 0x01010001, 0x0001014c, 0x21078249, 0x20826100, 0x4e005d2d, 0x0b022524, 
    0x27132b18, 0x42373636, 0x2208068a, 0x15163233, 0x23a10614, 0x16094e52, 0x514a3923, 0x7558413f, 0x205df9fe, 0x4a133c54, 0x574c3c3b, 0x84af7d56, 
    0xff8e265b, 0x00950103, 0x25df82fb, 0x0628402b, 0x54820204, 0x82004c21, 0x00852662, 0x00020200, 0x27238259, 0x01036202, 0x52020002, 0x0b250a82, 
    0x21140a00, 0x08698204, 0x3335172c, 0x23353532, 0x14112135, 0x63228e23, 0xe9070185, 0x137476fd, 0xf5fdfefb, 0x4400ffff, 0xf5028d02, 0x0703db05, 
    0x00008a06, 0x8f529602, 0x96022105, 0x20088f52, 0x201f8243, 0x201f84fa, 0x211f878b, 0x1f8ab803, 0x96025026, 0xd205dc01, 0x8c203f82, 0x01201f87, 
    0x3f201f8b, 0xc9221f82, 0x1f82d305, 0x1f948d20, 0x96024724, 0x5f84ae02, 0x1f948e20, 0x7f824b20, 0x1f84d620, 0x1f988f20, 0x7f84dd20, 0x1f949020, 
    0x5f824c20, 0x1f84f020, 0xdf949120, 0x92201f89, 0x68243f94, 0xd8028c02, 0x93203f84, 0x44201f94, 0xdc209f82, 0x94209f84, 0x44205f94, 0xa4203f82, 
    0x95203f84, 0x39201f94, 0x8d209f82, 0x96201f84, 0xdf205f98, 0x97205f84, 0x2a147f41, 0x028a0244, 0x03df05dc, 0x94980607, 0x8244205f, 0x05a4225f, 
    0x201f82dd, 0x261f9499, 0x020e0372, 0x825105b4, 0x949a201f, 0x036c267f, 0x04ae02dc, 0x201f8280, 0x261f949b, 0x02520377, 0x820705b0, 0x949c201f, 
    0x026c265f, 0x06ba0148, 0x201f8247, 0x203f949d, 0x201f822d, 0x201f847b, 0x2e1f919e, 0x87000100, 0x9c016102, 0x0b007403, 0x18401f00, 0x20132f5b, 
    0xb8541807, 0x0b7c6208, 0xd8430120, 0x61022107, 0x2808d943, 0x015f0001, 0x03960164, 0x29d74355, 0xf12e2f82, 0x00000ffe, 0x6b00ffff, 0x94016c01, 
    0xc7827303, 0xa782a120, 0x09007328, 0xb80100b1, 0x27437302, 0x018e2608, 0x03950169, 0x201f8261, 0x201f82a2, 0x201f8666, 0x2a1f8866, 0x05000050, 
    0x00d205a4, 0x828c0627, 0x0196281f, 0x02890607, 0x86000065, 0x096f4327, 0x06212782, 0x822789c2, 0x8227842f, 0x048e222f, 0x262f9214, 0x07f7ff44, 
    0x82db05cf, 0x05bf4327, 0x8906272c, 0x00003903, 0x8f060701, 0x2f85f904, 0xaf430220, 0xf7ff230c, 0x5f94fa06, 0x24048f22, 0x47205f92, 0xc7205f82, 
    0x9f435f84, 0x205f8305, 0x205f8632, 0x832f92f1, 0x948320bf, 0x0391225f, 0x242f9293, 0x0700004b, 0x435f841b, 0x5f8205df, 0x84fc0221, 0x0491225f, 
    0x242f922b, 0x06f6ff50, 0x225f94fb, 0x92230493, 0xff47242f, 0x94c807f6, 0x049322bf, 0x202f92f0, 0x202f824b, 0x228f9492, 0x92ba0493, 0x824c202f, 
    0x84c7202f, 0x0091258f, 0x00960200, 0x0321bf82, 0x22bf8431, 0x41ef0493, 0xf020167f, 0x9420bf94, 0x2414df41, 0x07f7ff68, 0x202f84a7, 0x205f8893, 
    0x225f841c, 0x92cb0494, 0x0050248f, 0x940f0700, 0x0496225f, 0x232f9382, 0xf306f7ff, 0x97202f94, 0x4b208f94, 0x8b208f82, 0x22141f41, 0x92ac0497, 
    0x20bf835f, 0x20bf94aa, 0x20bf9497, 0x438f8239, 0x0f450527, 0x06272405, 0x84150289, 0x039722ef, 0x235f92c5, 0x06f4ff50, 0x20154f41, 0x24bf9498, 
    0x09f7ff50, 0x23ef9136, 0x8c062700, 0x01252f83, 0x068a0607, 0x35678f41, 0xba000500, 0x6607e6ff, 0x1100ea05, 0x27002300, 0x43003500, 0x0762d200, 
    0x2c2d0805, 0x0b06010d, 0x06010201, 0x01006902, 0x01080900, 0x07006a09, 0x04610307, 0x5c030301, 0x08010e4d, 0x0c610008, 0x00030a05, 0x4e006000, 
    0x0572671b, 0x339c3020, 0x05010c24, 0x39865705, 0x85010a21, 0x34402137, 0x04233292, 0x844d5604, 0x8300206b, 0x0836926a, 0x40595934, 0x2936372b, 
    0x13242428, 0x3e000112, 0x3743363c, 0x282e3043, 0x24352935, 0x26272427, 0x121a1c25, 0x0a231323, 0x01110008, 0x160b0f11, 0x2622052b, 0x884e3526, 
    0x15162606, 0x06061415, 0x26119001, 0x01330103, 0x82363203, 0x23262326, 0x24820622, 0x8c011621, 0x2106270d, 0x4c4a916a, 0x05826891, 0xfb914b23, 
    0x2f0c8a75, 0xcf0004c5, 0x437300fc, 0x42452f31, 0x64043333, 0x32320884, 0x955a1a32, 0x955a4e59, 0x59965a5a, 0x5996594e, 0x0f8a2503, 0xfc330a82, 
    0xfad205f5, 0x5ac2032e, 0x5d364e37, 0x374e355e, 0x89dbfc5a, 0x0000290b, 0xba000700, 0x640ae6ff, 0x2a069b41, 0x00390035, 0x00550047, 0x41f40063, 
    0x322f059f, 0x100a0113, 0x0a010401, 0x01036904, 0x41010d01, 0x0b3705a1, 0x0661050b, 0x5c050501, 0x120c144d, 0x00080803, 0x0f071161, 0x41050e02, 
    0x36200ba5, 0x1124399e, 0x57070701, 0x3d823f88, 0x2106e341, 0x38943a40, 0x56060624, 0x7783004d, 0x76830020, 0x2f083c96, 0x3b405959, 0x48495657, 
    0x36363a3b, 0x12132425, 0x5c5e0001, 0x63576356, 0x55484e50, 0x40425549, 0x473b473a, 0x39363936, 0x2c2e3738, 0x35253524, 0x200bc141, 0x14c14115, 
    0xc1412120, 0x15d34110, 0xc5412520, 0x0dd3410c, 0xe1410d8d, 0x9502270c, 0x4c4a916a, 0x05826792, 0xf8914b23, 0x10ee4177, 0x41ad0621, 0xf92106e6, 
    0x1ef84122, 0x20230642, 0x09f9419d, 0x42250321, 0x09261611, 0xe6ffba00, 0x0f42620d, 0x00472c08, 0x0059004b, 0x00750067, 0x42160183, 0x33080513, 
    0x0c011838, 0x01060115, 0x0569060c, 0x11010203, 0x0a0b020f, 0x006a0b01, 0x61070d0d, 0x07070108, 0x101a4d5c, 0x05170e19, 0x61000a0a, 0x04140916, 
    0x07120213, 0x200b1942, 0x243fa03c, 0x09090116, 0x84458a57, 0x065d4243, 0x96404021, 0x0808233e, 0x83844d56, 0x82830020, 0x592e429a, 0x774b4059, 
    0x5b686976, 0x484c4d5a, 0x29423748, 0x7e230806, 0x7783767c, 0x686e7083, 0x62756975, 0x5b675a60, 0x4c525467, 0x48594d59, 0x4a4b484b, 0x363e4049, 
    0x42473747, 0x1b201135, 0x42263542, 0x21205147, 0x2e0c7142, 0x906a1d0c, 0x67924c4b, 0x4b4a906b, 0x429bf991, 0x62420a48, 0x3e06263a, 0x462e3143, 
    0x10644442, 0x8d0d6b42, 0x1580440d, 0x42227942, 0x2b08098f, 0x2f00ffff, 0x5d07ecff, 0x2600d205, 0x0000400b, 0x89062700, 0x00003a03, 0x39060701, 
    0x7afc5704, 0x03b10900, 0x7afcb801, 0x002b35b0, 0x542c2b82, 0x2708fbff, 0x2600f105, 0xf3002906, 0x22202b84, 0x3b2c2b84, 0x84fce604, 0x00b11200, 
    0xf3ffb801, 0xb1212b82, 0x20348202, 0x84088284, 0x07f62233, 0x223392d0, 0x8e940435, 0xb8022233, 0x263386fc, 0x07ebff46, 0x82eb05d3, 0x00272267, 
    0x206784ed, 0x2267845a, 0x82b60429, 0x23678293, 0xedffb802, 0x9c885e82, 0x46206782, 0xbc20c782, 0x39203392, 0xa92a339a, 0x4a02ec04, 0x06002306, 
    0xfb82ea06, 0xaa000226, 0xcc03ec04, 0x032b0f82, 0x25000700, 0x446406b1, 0x19031a40, 0x350b9e11, 0x01000102, 0x11114f00, 0x0b041011, 0x06b12b1a, 
    0x23014400, 0x03832113, 0xd7db0233, 0xfd1f01a9, 0x016bd2b0, 0x01ec040c, 0x01c9fe37, 0x82528237, 0x82a12097, 0x84422063, 0x00eb2663, 0x00ffff00, 
    0x260f82d5, 0x02230604, 0x83fa0a06, 0x0a012b0f, 0xf103f804, 0x06001b06, 0x3082900a, 0x0f830320, 0x82ab0521, 0x000b2c0f, 0x00230017, 0x05344037, 
    0x82010203, 0x835920fd, 0x00013a07, 0x07040861, 0x00050602, 0x19510001, 0x010c0d18, 0x181d1f00, 0x13231923, 0xfb8a1811, 0x06092309, 0x634c2b16, 
    0x6e21200b, 0x0b8b0aec, 0x3ea0012a, 0x3e3e5858, 0x7d015757, 0x3d220883, 0x08825858, 0x3e575722, 0x04290c82, 0x3c3c56f8, 0x3c3c5555, 0x83078f56, 
    0x430025b3, 0x6b03f404, 0x0a21d383, 0x2a0f8492, 0x030205a7, 0x0011065e, 0x84ee0606, 0x05a0260f, 0x05e3022b, 0x200f82e9, 0x260f84ed, 0x03e8045d, 
    0x821f060f, 0x849420e3, 0x8263200f, 0x8515200f, 0x00062b0f, 0x8200ffff, 0xcb01f004, 0x1f822406, 0x1f869120, 0x8802aa24, 0x0f82ad06, 0x6f8e9520, 
    0x23419320, 0xf9220806, 0x0907bb04, 0x0f000300, 0x43001b00, 0x446406b1, 0x01053840, 0x03020103, 0x06000059, 0x00020101, 0x0f826701, 0x6102032a, 
    0x03070408, 0x51020302, 0x17a05b18, 0x41170821, 0x132205c7, 0xeb5b0321, 0x0b27410b, 0x21840230, 0xfe7d0e01, 0x57573e69, 0x57573d3e, 0x08864b02, 
    0x01d2052b, 0xd9c9fe37, 0x543c3c55, 0x052d4154, 0xff290784, 0xfeec00ff, 0x0067025e, 0x20bf822c, 0x26bf849a, 0x0251fe41, 0x8216001c, 0x829b200f, 
    0x000128bf, 0x0122fe37, 0x4d8affa7, 0x212623df, 0x01593703, 0x30829e17, 0x98fe6826, 0x00010000, 0x2207b342, 0x18260003, 0x2429f365, 0x16018ba9, 
    0x059742cf, 0x93424383, 0x2943a807, 0x13210301, 0x01ce6f01, 0x44868b16, 0x82000221, 0xc3032143, 0x20062b43, 0x27898432, 0x00010227, 0x57000101, 
    0x00260682, 0x03055f01, 0x5f180304, 0xb12316d6, 0x83440006, 0x83332051, 0xf1922955, 0x87a91f01, 0x6b0c01a4, 0x01235a85, 0x83c9fe37, 0x074342a3, 
    0x292f5818, 0x2115012c, 0xfde30235, 0xbee905bd, 0x008200be, 0x42000121, 0x14210797, 0x754c1800, 0x042a0807, 0x59040001, 0x00030105, 0x01030001, 
    0x04040069, 0x06026200, 0x00040002, 0x12000152, 0x0c0e1011, 0x0507080a, 0x01140003, 0x55180714, 0x480808bd, 0x22232626, 0x36230706, 0x16323336, 
    0x37323316, 0x02060633, 0x465c3f8e, 0x02211f20, 0x5d7003a4, 0x22455a40, 0x03a2073d, 0x34020574, 0x7f2b3633, 0x6133348a, 0xff008b7e, 0xfe8200ff, 
    0xffcb013a, 0x0a07016e, 0xf9000091, 0x05434f4a, 0x4f4af921, 0x003d056b, 0xfdd8fc01, 0xff01fed7, 0x00090071, 0x6406b11e, 0x05134044, 0x49000204, 
    0x00000101, 0x23bf8276, 0x02090009, 0x053b8486, 0x07061415, 0x35363627, 0x5701fe35, 0x3123943e, 0xbb5d448f, 0x73354d3e, 0x82005352, 0x874d08bc, 
    0x50080000, 0x0b00e505, 0x21001d00, 0x90002f00, 0x01090a40, 0x01030908, 0x4c020607, 0x501ab04b, 0x0d274058, 0x010b0801, 0x04080604, 0x0c060069, 
    0x06020701, 0x09006707, 0x055f0009, 0x00000201, 0x030a4d56, 0x57020202, 0x401b4e02, 0x8329922b, 0x4d562192, 0x05252f82, 0x05050061, 0x3c2d885c, 
    0x23244059, 0x0d1e1e22, 0x2a00000c, 0x232f2228, 0x1e211e2f, 0x161f2021, 0x0d1d0c14, 0x2b8e821d, 0x1113110b, 0x2b190b0e, 0x01331133, 0x112b0382, 
    0x11230123, 0x26260601, 0x41263535, 0x1520054e, 0x0624d882, 0x15213501, 0x080db949, 0x02fb873d, 0xf7fe0c5b, 0x050ea4fd, 0x57a06e68, 0x6da05801, 
    0x56569f6e, 0x0252fe9f, 0x46befe83, 0x49474d4d, 0xd2054d4b, 0x0904f7fb, 0x05042efa, 0xd502fbfb, 0x67a25e01, 0x5ea36643, 0x8366a35e, 0xfe270806, 
    0x01a7a7e0, 0x435263d2, 0x52606052, 0x00625343, 0x00ffff00, 0x09ecff73, 0x00e6051e, 0x00170626, 0x00070000, 0x858a0349, 0x00002517, 0xdc050808, 
    0x89221788, 0x1784ad03, 0x00008729, 0xd2058e05, 0x51010602, 0x3120055b, 0xc8270f82, 0x2602f207, 0x82000200, 0xf90a233f, 0x27848501, 0xff5e2008, 
    0x05cc05ec, 0x012602e6, 0x01000041, 0x01de0507, 0x005202ca, 0x0102b109, 0xb05202b8, 0x82002b35, 0xa332082f, 0xba04ecff, 0x1a004e04, 0x40002300, 
    0x1e213d40, 0x15040502, 0x03030001, 0x004c0202, 0x04010601, 0x69040105, 0x02000500, 0x67020503, 0x00000300, 0x1c825903, 0x82610021, 0x51003608, 
    0x1f201b1c, 0x231c231b, 0x23281423, 0x2b1a0607, 0x06061525, 0x56581823, 0x16530808, 0x21151516, 0x33161611, 0x06013632, 0x21110706, 0x04262611, 
    0x68c15239, 0x5494c370, 0x65c09b5b, 0xfc8ae78b, 0x4f913aea, 0xe2fec05e, 0x023d914c, 0xc68f372e, 0x583f3368, 0x7374cb9b, 0x8c589acb, 0xfe309cf4, 
    0x3a3c32b8, 0x43016c03, 0x01e8fe36, 0x823c3520, 0x000136df, 0x06b7ffca, 0x006105a2, 0x40290014, 0x01071026, 0x01000103, 0x25b0824c, 0x01144a00, 
    0x4d184901, 0x00200a84, 0x4f2b1882, 0x0b022921, 0x01052b18, 0x82071701, 0x36380885, 0x15213336, 0x27262221, 0x17171616, 0x2bfd9f03, 0xeaa5d602, 
    0x3946a03a, 0x78033581, 0x813588fc, 0x36a34739, 0xd50249e9, 0xe9a4d502, 0x0a347f3a, 0x0a12ef12, 0xe8378135, 0x77824b82, 0x05ba0923, 0x2277c660, 
    0x85e9a5d5, 0x90062377, 0x778a70f9, 0x91a3d421, 0x14b42c77, 0x00630574, 0x40270008, 0x88010124, 0x920820ed, 0x141121ed, 0x0120ed87, 0x013ae782, 
    0x28fda203, 0xfea5d802, 0xeee91144, 0x4cbc0117, 0xd702d802, 0xef43fea3, 0xcf8444fe, 0xa206b422, 0x0d295782, 0x2f403200, 0x02020108, 0x06464101, 
    0x03010d27, 0x00000049, 0xdf781801, 0x03002b0e, 0x114f0302, 0x04141112, 0x50411a06, 0x21628205, 0x04821707, 0x67861720, 0x5a03ff2b, 0x504ebefb, 
    0xa8fc4004, 0x256b85fd, 0x4f4ee7ff, 0x4c82fee8, 0x09216f85, 0x206fb4ba, 0x296f970b, 0xa6f87206, 0x5807504e, 0x6f9190f9, 0xff000125, 0x42d806b7, 
    0x14240727, 0x0003050e, 0x1328e082, 0x4a010212, 0x49000101, 0x00219082, 0xa4661801, 0x2144080a, 0x180b0227, 0x3727052b, 0x06373636, 0x35212306, 
    0x17163221, 0x27272626, 0x03040137, 0xa336e9a5, 0x35813947, 0x780388fc, 0x46398135, 0xa5ea3aa0, 0xa449d602, 0x358137e8, 0x12ef120a, 0x3a7f340a, 
    0x2bfda4e9, 0x5b82e882, 0x09b7ff23, 0x072742f0, 0x072177bb, 0x2377871b, 0x900670f9, 0xe9237785, 0x8ed502a5, 0xfda32277, 0x2277862c, 0x42aa14b4, 
    0x08220727, 0xed820001, 0x96060721, 0x121121ed, 0x0120ed85, 0x013ae782, 0xd3110137, 0xeebd01a6, 0xfeea1116, 0xd702a643, 0xbc01a44c, 0xa3bd01ef, 
    0x578729fd, 0x41d80621, 0x0d2007b7, 0x02265182, 0x0b0c4c01, 0x46410302, 0x00032605, 0x02030102, 0x0f4e4167, 0x1112112a, 0x1a0b0412, 0x3727052b, 
    0x37216282, 0x3c048227, 0x04013727, 0xfcfda502, 0x504104a6, 0x03bdfb4e, 0x02a5fe5b, 0xfea34cd6, 0xe74e4fe8, 0x266c84ff, 0xff000101, 0xc5f009b4, 
    0x19072e6b, 0x90f9fda6, 0x4e505807, 0x7206a6f8, 0x8cd783ff, 0xfa002e6b, 0x6305f4ff, 0x14005e04, 0x30403300, 0x2c7b8207, 0x02020b10, 0x0c4c0201, 
    0x03490201, 0x20098201, 0x0f4b4486, 0x0000002d, 0x21140014, 0x18060411, 0x4411372b, 0x34080848, 0x26010701, 0x16162726, 0x04fa1115, 0x4fb7fe02, 
    0x5f2d54c3, 0xaa670223, 0x49239afd, 0x5a150c20, 0x14ee0404, 0x224a1f0b, 0x02aa9afd, 0x2d602367, 0xfe49c657, 0x234b82b5, 0xe0000100, 0x49208382, 
    0x2d2a8384, 0x010e2a40, 0x050a0201, 0x83820002, 0x00010924, 0x1f820049, 0x0200862b, 0x57020101, 0x01020200, 0x3417825f, 0x2f114f01, 0x19060310, 
    0x1123252b, 0x06373634, 0x27010706, 0x08b04201, 0x49052108, 0x1f0c14ee, 0x9bfd234a, 0x246602aa, 0xc2552d5f, 0x04b6fe4f, 0x4b015a03, 0x2d57c649, 
    0x99fd2360, 0x22251782, 0x140b1f4a, 0x265b83ee, 0x050000e0, 0x856a0449, 0x23fb82ff, 0x01070201, 0xff836382, 0xff844a20, 0xd4418520, 0x21ff8b0f, 
    0x22431101, 0x37013508, 0x17161601, 0x11352626, 0xfdfb4905, 0xc24f4a01, 0x245f2d55, 0x6529ed83, 0x0c1f4a23, 0xfb040414, 0x050141fc, 0xaa660224, 
    0x014199fd, 0x4b012105, 0xfa208383, 0x63208382, 0xff828384, 0x0124fb82, 0x02010e00, 0x4a20ff85, 0x82821f83, 0x5726fa82, 0x02010100, 0x1882005f, 
    0x1325ff87, 0x06141133, 0x22f98207, 0x45011701, 0xfa2608d6, 0x200c15ee, 0x64852349, 0x542d5f2c, 0x49014fc3, 0x0404fefb, 0xff85b5fe, 0xaa670224, 
    0xff899afd, 0xffca2208, 0x05f009e8, 0x00250030, 0x212e4031, 0x070e141a, 0x00010601, 0x12134c01, 0x00040203, 0x1516254a, 0x114e4603, 0x391c1f25, 
    0x46170b02, 0x27440c4f, 0x44012008, 0x6046083c, 0xfd6f2607, 0xa4a5025b, 0x05e845b8, 0x43660421, 0xb82705c2, 0xfda502a4, 0x44b8a45b, 0xfb210552, 
    0x05fc459a, 0x0218b825, 0x82a402a4, 0x347f332b, 0x0a12120a, 0xb83a7f34, 0xfd5cfda4, 0x37b7a45c, 0x11833581, 0x37813522, 0x24052b7a, 0x0de8ffca, 
    0x21b7ea36, 0xb793ac07, 0xad54f821, 0x000222b7, 0x08db43ca, 0x00132d08, 0x13354038, 0x04060d10, 0x4c010302, 0x07080b0c, 0x054a0104, 0x00030104, 
    0x00010049, 0x03010203, 0x00020067, 0x00570200, 0x5f000202, 0x00240882, 0x1614124f, 0x08084f44, 0x01071740, 0x21071701, 0x05013727, 0x21273721, 
    0xa6190707, 0xfddafbfd, 0x0228fda5, 0x04ffa5d8, 0x02a6ff2a, 0x0572f8d7, 0xfa4e50f6, 0xa34c4e06, 0x02a3fefe, 0xa3d702d8, 0xfda3ffff, 0x4e4f4f29, 
    0x8b84004e, 0x05360d26, 0x000d0063, 0x0a258bce, 0xf8fda55e, 0x2d8b8794, 0xa5ff7007, 0x2cf5d802, 0x4e503c09, 0x8b94c0f6, 0xca000131, 0x74060000, 
    0x1400ee05, 0x13401600, 0x82071014, 0x000632ff, 0x0000004a, 0x1b4e0057, 0x2b170b01, 0x07010113, 0x06614427, 0x3907f743, 0xd502ca07, 0xe8a4d502, 
    0x0b34803a, 0x0b12f012, 0xe8368136, 0xd5021903, 0x57482bfd, 0x72fc2a07, 0x82358e03, 0x36a34839, 0x204b82e9, 0x21678200, 0x6782e4ff, 0x678dd220, 
    0x1b824920, 0x67865620, 0x37020923, 0x06c84317, 0x26075e43, 0xfd740637, 0x822cfd2a, 0x357f2167, 0x35286784, 0x02e83682, 0x022bfdb9, 0x2308bf48, 
    0x72fc8e03, 0x0220678a, 0x1821cf84, 0x30678305, 0x402c0018, 0x0d0e1229, 0x060a0b0c, 0x01000107, 0x366c834c, 0x0101004d, 0x01036002, 0x02570202, 
    0x1515154e, 0x17181518, 0x82041116, 0x110121e7, 0x17227688, 0x8b860101, 0x21350125, 0x47f90215, 0xb8360562, 0xfd5cfda4, 0x36b7a55b, 0x120a3582, 
    0x4e05d1fd, 0x51028103, 0x9e42affd, 0x056c4307, 0x48a33629, 0xb4fc8239, 0x8300efef, 0xf9fd2ff3, 0x1f071306, 0x06002500, 0x010013b3, 0x57882b32, 
    0x40453520, 0x27072106, 0x440a5d41, 0x372e0553, 0xfd6e0317, 0x36b8a45c, 0x120b3681, 0x06820b12, 0x02a4b835, 0xa4a502a4, 0x348039b9, 0x0b11110b, 
    0xb9398034, 0x82f9fda4, 0x06c44311, 0x43660421, 0xda43060c, 0x05f04306, 0x879afb21, 0x08f78299, 0xca000130, 0x8d08b7ff, 0x24000006, 0x33403600, 
    0x02010102, 0x01000103, 0x03010720, 0x4c030003, 0x49030124, 0x01000200, 0x69010200, 0x03030000, 0x33825700, 0x005f0322, 0x4f241b82, 0x39242136, 
    0x44087349, 0x322806ed, 0x26343536, 0x33352323, 0x21059963, 0xd44a2306, 0x099c410c, 0x9374602e, 0x5e5e7493, 0x8686e895, 0xa0fc95e8, 0x2a12684a, 
    0x94737493, 0x90e383ef, 0x4a83e291, 0x858206ea, 0xab82b820, 0xab877b20, 0x0201232a, 0x03012201, 0x051e2402, 0x03208e82, 0x20069161, 0x21bf8200, 
    0xa0826902, 0x57030022, 0x5f20b083, 0x0025b682, 0x2621344f, 0x45ab8437, 0x262e0a0b, 0x36363435, 0x23153333, 0x14150622, 0x58493316, 0x05210809, 
    0x37e8a4a5, 0x813948a2, 0x94a0fc36, 0xe98585e9, 0x735f5f94, 0x03739393, 0x38823560, 0xe83aa046, 0x096449a4, 0x91e28330, 0xef83e390, 0x93747394, 
    0x7f340a12, 0xf648e93a, 0xffff2d05, 0x1500ca00, 0xbf05a206, 0x08070603, 0x10f37d18, 0x09231b82, 0x82be05ba, 0x9209201b, 0x1412241b, 0x82c10574, 
    0x930a201b, 0x8353821b, 0x930b201b, 0x8353821b, 0x8f0c201b, 0x0001211b, 0xd8208b82, 0x0d208b84, 0x09211b93, 0x208b84f0, 0x221b920e, 0x84aa1412, 
    0x930f208b, 0xd806211b, 0x10201b84, 0x53821b93, 0x11208b83, 0x00231b8f, 0x824500ca, 0x828d201b, 0x001630df, 0xb108005d, 0x5db00100, 0x002b35b0, 
    0x83ffff00, 0x360d221b, 0x201b8305, 0x201b9217, 0x20538612, 0x22538518, 0x895eb002, 0x82122037, 0x206f8337, 0x2e1b9019, 0x05a400e0, 0x030e0549, 
    0x00130707, 0x85b00000, 0x55b02071, 0xe022056f, 0x1b82c400, 0x1b822e20, 0x1b821420, 0x1b85c420, 0x1b85c420, 0x1b82fa20, 0x83056321, 0x9215201b, 
    0x05a4221b, 0x20538463, 0x08538d12, 0x0001002c, 0x066000c7, 0x00d80498, 0xb3060005, 0x32010305, 0x0137132b, 0xc7011701, 0x025401c7, 0x4afcc8ee, 
    0xfec77502, 0xc7ea02b2, 0x3a824ffc, 0x0101002b, 0x0560004e, 0x00ce04c3, 0x212f820b, 0x2f820004, 0x01272523, 0x3a328401, 0x02010701, 0x7101c918, 
    0x01c88efe, 0xc9720172, 0x70018efe, 0x6090fec8, 0x836f01c7, 0x018f2208, 0x210d8271, 0x0e8291fe, 0x77820020, 0xa2ff7230, 0xd205ec07, 0x0f000200, 
    0x01020c40, 0x5e824900, 0x01107631, 0x132b1706, 0x07720121, 0x0543fc7a, 0x82d0f9d2, 0x01002914, 0x00007200, 0x2e06eb07, 0x15262b82, 0x01011240, 
    0x03824a00, 0x82760021, 0x0002331b, 0x16060202, 0x0101332b, 0x03bd0372, 0xf92e06bc, 0x2f8200d2, 0x46ff6f28, 0x8c06ca06, 0xa3820200, 0xa3830220, 
    0x0101052d, 0xa5f9ca06, 0x03ba5b06, 0x82a403a2, 0x00012638, 0x0746ffd5, 0x2023862e, 0x2b238301, 0xd5011117, 0x07ba5906, 0x005cfc46, 0x9f893982, 
    0x23000527, 0x02042040, 0x0cc64802, 0x82820220, 0x034f0129, 0x03050303, 0x84031005, 0x030921b5, 0xfd25b684, 0x021d02e3, 0x25bc831e, 0x7cfc4605, 
    0x4b838403, 0xec20bf82, 0x0527bf84, 0x21402400, 0x18020105, 0x200cde73, 0x257f8202, 0x00004f00, 0x2b820304, 0x85030221, 0x212521d0, 0xbd26d384, 
    0x3b0426fa, 0xd983e2fd, 0x8503e922, 0xdb891f82, 0x0800052f, 0x020304b5, 0x2b320200, 0x03010105, 0x22e28611, 0x8467fce9, 0x4bfa25e5, 0xeefd2304, 
    0x0220eb82, 0x3383eb8a, 0x01030522, 0x17233383, 0x82030911, 0x8ffa23f0, 0x31829903, 0xf6820720, 0x02effd2d, 0x00120211, 0x00400003, 0x41f40700, 
    0x0030051b, 0x403c0012, 0x02010139, 0x0102004a, 0x01008502, 0x0126a582, 0x01066904, 0xf77d0003, 0x055f2207, 0x2c338201, 0x0007084f, 0x070c0e00, 
    0x06120812, 0x20c98505, 0x24c98307, 0x13330209, 0x0b946a23, 0x03402308, 0xfbda03da, 0xed0bd7bb, 0x52523b76, 0x51513a3b, 0x74f98c06, 0xe9017502, 
    0x3a5265fc, 0x3b53533b, 0x6682523a, 0x09bf6818, 0x15401822, 0x012f0f82, 0x00010285, 0x00017600, 0x1300090b, 0x18031301, 0x18162966, 0x18140566, 
    0x2114eb65, 0x66180200, 0x7e180cd3, 0x15241daf, 0x1d000114, 0x0aff6918, 0x7e960620, 0x36322722, 0x0b049c18, 0x8e941620, 0x68189f20, 0x9a940ad1, 
    0x0cb56818, 0x00010030, 0x060000c0, 0x00d20592, 0x40170003, 0x80180014, 0x062d10e7, 0x11332b17, 0x05c01121, 0xfad205d2, 0x89d7822e, 0x00072c2f, 
    0x0027402a, 0x02030000, 0x4d670300, 0x042b0a05, 0x01020101, 0x0700004f, 0x82040506, 0x11032256, 0x23448605, 0x21112125, 0xfb254882, 0xfcff0317, 
    0x224e8301, 0x82ff03e9, 0x8802203f, 0x000b2383, 0x2b41001b, 0x05672709, 0x00000201, 0x06825702, 0x00022c08, 0x0001045f, 0x0e4f0002, 0x1600010c, 
    0x0e1b0c13, 0x0004071b, 0x060a010b, 0x212b1606, 0x34113522, 0x15162133, 0x25230611, 0x82363221, 0x23263b0d, 0x15062221, 0x01161411, 0x04e8e8a8, 
    0xe901ea00, 0xaf0329fc, 0x1a0e0e1a, 0x058251fc, 0x00241286, 0x1a0ee9e8, 0x00201689, 0x03200082, 0x15208b8a, 0x6d05897d, 0x67210658, 0x24cc8200, 
    0x67030402, 0x82958507, 0x20958206, 0x29958806, 0x16171a1d, 0x150c1112, 0x9985150e, 0x99940820, 0x93822120, 0x35210323, 0x8ea08534, 0x01fc259d, 
    0xff030e0e, 0xa28ba385, 0xfd180228, 0x030e1ae8, 0xba82c80f, 0x00001a22, 0x0320a395, 0x2306934b, 0x05020405, 0x042aa382, 0x57040000, 0x04040107, 
    0xa3825f00, 0x4f000430, 0x00011618, 0x1f161b1c, 0x10131f18, 0xa3950c0d, 0x11210122, 0x13279986, 0x35363221, 0x41152135, 0x01200b41, 0x28249b87, 
    0x0e1aaf03, 0xa388ac82, 0x02a90223, 0x329b8317, 0x1a0e29fc, 0x0e1ac9c9, 0x00010000, 0x0818ff6c, 0x82ba0610, 0xb30639ad, 0x32010103, 0x0803092b, 
    0xfc34fc10, 0x02d80328, 0x0330fce8, 0x00d203d0, 0x278aa382, 0x0b000731, 0x0d000f00, 0x0d0f0a40, 0x0507090b, 0x83040103, 0x09253734, 0x02092506, 
    0x51feca03, 0xaf0151fe, 0x58fed103, 0xae0152fe, 0x0785a801, 0xfecc0329, 0x0157fe57, 0x84e802a9, 0x7aaa3015, 0xaa0156fe, 0x06faae01, 0xa80158fe, 
    0x857aae01, 0x00002215, 0x21678c02, 0x5e83b508, 0x5e820220, 0x93880720, 0x7cfd8326, 0x8c0274fd, 0xfc279b87, 0xfd88022e, 0x8279fd78, 0x8c0820a3, 
    0x3ba3833b, 0x00170013, 0x001f001b, 0x1e124015, 0x16181a1c, 0x0e101214, 0x06080a0c, 0x08000204, 0x032a5482, 0x37060937, 0x37050209, 0x03830727, 
    0x07820120, 0x03821320, 0x831b0221, 0xaf0121c1, 0xc0869485, 0x7ba80122, 0x0131bf83, 0xbe57fea9, 0x73fcbfbe, 0x02bdbfbf, 0xbebabae6, 0x210382be, 
    0xe8823a01, 0x56feaa23, 0x23d2837a, 0x0cfa52fe, 0xfe22d283, 0x15857a52, 0xbec0c023, 0x290383be, 0xc0bb6901, 0xbafafac0, 0xab82bdbd, 0xb2000a2a, 
    0xda0754ff, 0x0f007e06, 0x9608a184, 0x00270023, 0x002f002b, 0x00370033, 0x408b003b, 0x27292a88, 0x04050426, 0x0102252b, 0x021e2205, 0x1d230200, 
    0x21000a02, 0x0a0b021f, 0x04004c05, 0x0105010e, 0x00670504, 0x06030001, 0x08690301, 0x09100601, 0x0207030f, 0x0d670706, 0x010c0201, 0x00020a00, 
    0x0b0a0069, 0x00570a0b, 0x5f0b0a0a, 0x0a0b0111, 0x38384f0b, 0x30303434, 0x10112c2c, 0x3b380001, 0x393a3b38, 0x37343734, 0x33303536, 0x31323330, 
    0x2f2c2f2c, 0x15172d2e, 0x1b111b10, 0x0f000709, 0x5c120f01, 0x26200569, 0x2907cd57, 0x06061407, 0x35363227, 0x804a2626, 0x01012805, 0x27050137, 
    0x83011701, 0x280b8203, 0x11331137, 0x15213501, 0x20038221, 0x2b0b8201, 0x955b4604, 0x95590158, 0x5a955a5b, 0x5a3f0682, 0x5b015c40, 0x5b5b4140, 
    0xc5fe9002, 0xfa3a0174, 0x3a0173ef, 0x749d0273, 0xfb733b01, 0x82c6feb6, 0xa2c4360d, 0xba011bfc, 0xba01b403, 0x01a21bfc, 0x5a9559a0, 0x5959965b, 
    0x21408296, 0x3a84ad59, 0x5b40412a, 0x3a01d9fd, 0x74c6fe74, 0x74224182, 0x34829e02, 0xc6fe7322, 0xfe294782, 0xbc0151c6, 0xd5fd44fe, 0x280082a2, 
    0xba01bdfc, 0x000046fe, 0x0a674109, 0x41070d42, 0x6008076b, 0x1e7f4082, 0x041a1b1d, 0x191f0203, 0x16030102, 0x05000212, 0x08021117, 0x02131500, 
    0x4c050809, 0x04030100, 0x80040103, 0x0500010a, 0x08000508, 0x0b020080, 0x02010301, 0x01066703, 0x0c070d04, 0x04000503, 0x08006705, 0x57080909, 
    0x09080800, 0x09010e5f, 0x2c4f0908, 0x2428282c, 0x01202024, 0x05504100, 0x282b2825, 0x64292a2b, 0x202505e7, 0x22232023, 0x055c4121, 0x5c410f20, 
    0x2e504112, 0x41f50121, 0xfe213247, 0x293e4186, 0x00020037, 0x07e8ff97, 0x00f20597, 0x00250013, 0x0a144017, 0x1d4a0001, 0x06c45a01, 0x1b1f2024, 
    0xc682021a, 0x2601052a, 0x36373626, 0x17171636, 0x162e0584, 0x01070616, 0x26363601, 0x07262627, 0x04822505, 0x06065c08, 0x18041716, 0x3b5a14fd, 
    0xe95b593c, 0x62645be9, 0x5be9e85b, 0x593c3c5a, 0x460216fd, 0x2e1f1d2c, 0xfe45b542, 0x43fafefa, 0x1c2c46b8, 0x02182c1d, 0xebed5aec, 0x3b3a5958, 
    0x58606058, 0x58593a3c, 0xfe59eeec, 0x2b48025e, 0x3e2a7577, 0xfdfd4501, 0x2a430343, 0x002b7475, 0x8a010000, 0xb30622a3, 0x05eb490d, 0x7e959091, 
    0x00226894, 0x5387ffff, 0x07060223, 0x3563844b, 0x07f2ffba, 0x008c06a2, 0x40180009, 0x00010515, 0x0208094a, 0x08410401, 0x12320806, 0x18060213, 
    0x1301012b, 0x13132101, 0x04130121, 0xdadafd2e, 0xa402d8fd, 0xa202d2d0, 0x01d8dafd, 0x0274fe7e, 0x028e0186, 0xfe7afd86, 0x007afd72, 0x4f890002, 
    0x2d00132d, 0x050f2a40, 0x134a0002, 0x830b0c12, 0x02082956, 0x00010149, 0x57000202, 0x002f0682, 0x01035f02, 0x4f020002, 0x13121612, 0x8a1a0604, 
    0x17012966, 0x03213703, 0x03172103, 0xfd2c708f, 0xe357ddda, 0x5458effe, 0x59e4edfe, 0x023d7d8f, 0x06019e5e, 0xfe0b01a3, 0xfafea3f5, 0x00010000, 
    0x080000a1, 0x0046062c, 0x401d0006, 0x2172821a, 0x7b82034a, 0x85000126, 0x76010100, 0x0625fc82, 0x12110600, 0x39e08204, 0x21010113, 0xa1112111, 
    0xc603c503, 0x38fc1efe, 0xc6038002, 0x80fd3afc, 0x25828002, 0x8a020021, 0x0d2d0847, 0x31403400, 0x0302010d, 0x0301054a, 0x00020206, 0x67000304, 
    0x01010400, 0x04005704, 0x005f0104, 0x4f010401, 0x0b0c0000, 0x0708090a, 0x20608400, 0x21608907, 0x65823327, 0x88013321, 0xf3092667, 0xfef3f501, 
    0x2d6e8912, 0x027ffdb4, 0x00ed0181, 0xa1000400, 0xbb867ffe, 0x11000a30, 0x51001500, 0x030f4e40, 0x074a0602, 0xc9820601, 0x82060521, 0x0a052176, 
    0x755b8882, 0x09260805, 0x67090308, 0x04040800, 0x08005708, 0x0b5f0408, 0x04080401, 0x0007074f, 0x13141500, 0x0e101112, 0x070b0c0d, 0x9582070a, 
    0x12229483, 0x94820c11, 0x21110122, 0x0682f783, 0xfe821120, 0x01013322, 0x35259d82, 0xfe820221, 0x0707411f, 0xfdc80323, 0x21a18422, 0xa98213fe, 
    0x0bfe3008, 0x7f010101, 0x3afcc603, 0x7efd81fe, 0x12feee01, 0x80013503, 0x13feed01, 0x0096f7fb, 0x00060000, 0x06dfffd7, 0x00f205e9, 0x0046003b, 
    0x825c0051, 0x6b3008a2, 0x76407900, 0x11030105, 0x03040f01, 0x1710690f, 0x1304030e, 0x01020206, 0x12670204, 0x0d010207, 0x0a09020b, 0x16670901, 
    0x0a03150c, 0x590a0000, 0x43080884, 0x0861000a, 0x0a000214, 0x52535100, 0x3c3d4748, 0x6a6b0001, 0x63656869, 0x56585d5f, 0x5c535c52, 0x51474c4e, 
    0x40425148, 0x463d463c, 0x30323637, 0x2527282a, 0x18191d1f, 0x0a0c1214, 0x3b000709, 0x06183b01, 0x28066c69, 0x33363634, 0x06233533, 0x05625026, 
    0x16163226, 0x35331515, 0x16511583, 0x15232107, 0x20082151, 0x29258222, 0x0e152335, 0x36362702, 0x0b463535, 0x82052005, 0x2634280a, 0x14152323, 
    0x46330116, 0x21200821, 0x08bc7218, 0x15821520, 0x2902232a, 0x5b5b9a5d, 0x92925d9a, 0x5e270785, 0x5cc35c9c, 0x835e5e9a, 0x915e2214, 0x2f078591, 
    0xc35c9a5e, 0x5e9b5c01, 0x3b92553d, 0xa8035454, 0x3b280482, 0xcffc5591, 0x3d540192, 0x03220b82, 0x05829117, 0x553c3b27, 0xc3c37afe, 0x223d8421, 
    0x8301c45d, 0x5c992707, 0x905e995c, 0x07845e90, 0xc4214b82, 0x205a835d, 0x821a825c, 0x28548314, 0x54903c54, 0x01543c3c, 0x28058301, 0x03543c90, 
    0x533c906c, 0x82118253, 0x2307820f, 0x00c4e9fd, 0x012a0082, 0xcf02ca00, 0xe005a705, 0x3b4e0500, 0x27013907, 0x01070101, 0x02a46e01, 0xa46f026e, 
    0xcf0235fe, 0xfd6e02a3, 0xc901a392, 0x02242f82, 0x5b01ca00, 0xd2202f82, 0x092a2f82, 0x23402600, 0x02030405, 0x2a4e0501, 0x06062a12, 0x09060906, 
    0x17060317, 0x2251862b, 0x89152135, 0x96fd2555, 0x5b01d504, 0x012d5987, 0x00eeeec0, 0xffca0001, 0x02a705e8, 0x388b8af9, 0x37010117, 0xa4030501, 
    0x91fd92fd, 0x02cb01a4, 0x92fda3f9, 0xfea36e02, 0x228b8237, 0x82660003, 0x05f8372f, 0x001d0044, 0x04300023, 0x0ab04b04, 0x17405850, 0x01021011, 
    0x94822802, 0x1b202231, 0x03050003, 0x1f21234c, 0x1b490003, 0x900cb04b, 0x8b04201e, 0x900d201e, 0x203d8c1e, 0x8c1e900f, 0x9010203d, 0x203d8c1e, 
    0x8c1e9012, 0x9013203d, 0x203d8c1e, 0x8c1e9015, 0x9016203d, 0x203d8c1e, 0x8c1e9018, 0x9019203d, 0x413d8a1e, 0x38890e4f, 0x00895920, 0x28057841, 
    0x02010023, 0x72010505, 0x05dc5b00, 0x01076927, 0x05000005, 0x2d068259, 0x04620005, 0x05000206, 0x4b1b5200, 0x6d820bb0, 0x2a872a20, 0x00050426, 
    0x80000405, 0x0420328a, 0x06213288, 0x20318601, 0x2031820c, 0x2431832b, 0x80050102, 0x2032a400, 0x2032820d, 0x9d328824, 0xb10f2090, 0xaa10205e, 
    0xb112205e, 0xaa13205e, 0xb115205e, 0xaa16205e, 0xb118205e, 0xa819205e, 0x4140205e, 0x6e422bd5, 0x59592b09, 0x24251740, 0x30240001, 0x66183025, 
    0x654a0cd3, 0x34352205, 0xd3661836, 0x01032717, 0x17010137, 0x70183225, 0x2b080a88, 0x8869c702, 0x575f7498, 0x422d3037, 0xa818cf0b, 0x5a985e89, 
    0x3b3c07d5, 0x027138fd, 0x72580257, 0x533817fd, 0x3b1d4818, 0xb8023631, 0x16e36618, 0x0230fd2c, 0xa8fd6fca, 0x986f5802, 0x66182a2e, 0x023b09ed, 
    0x0000ba00, 0xd2057407, 0x0b000700, 0x2b402e00, 0x05000104, 0x01030206, 0x18670300, 0x3711ab99, 0x08090a0b, 0x07000700, 0x07111111, 0x132b1906, 
    0x21012135, 0x25012115, 0xba360482, 0x78026702, 0x9afddb01, 0x250289fd, 0x48fdb802, 0xfbf1e104, 0x0582ef1d, 0x8200f121, 0x26678d00, 0x00314034, 
    0x82020001, 0x82672060, 0x0303236f, 0x06825700, 0x5f030025, 0x82060507, 0x4f03260c, 0x00000808, 0xf7c71808, 0x206d820c, 0x3b6d8633, 0x15213521, 
    0x02dd01ba, 0xfe660277, 0x0188fd25, 0xefb8029b, 0xfbf1e304, 0x00efef1f, 0xe8245382, 0xba060000, 0x4308cf82, 0x0023001c, 0x20414044, 0x23000401, 
    0x02031d21, 0x03012204, 0x004c0302, 0x04030402, 0x05800302, 0x01060001, 0x04000204, 0x01030069, 0x00590301, 0x61010303, 0x01030100, 0x1f000051, 
    0x001c001e, 0x2814231c, 0x1a23e582, 0x1835012b, 0x0808387b, 0x24222344, 0x33350226, 0x33161606, 0x35363632, 0x01262634, 0x01072111, 0xd2030107, 
    0xcd0d019b, 0xfecd7373, 0xfe9a9bf3, 0xf174cef2, 0x8ce68801, 0x8888e58c, 0x028afce5, 0xce01c635, 0x0431fea8, 0xcd74f1e1, 0x2083f2fe, 0x7474cc31, 
    0x9a0e01cc, 0x8889e58b, 0xe58c8be6, 0x82bbfe89, 0x31fe2924, 0x00cf01a8, 0x00010000, 0x0728c384, 0x001f0037, 0x01364039, 0x0029c182, 0x02040201, 
    0x0001024c, 0x82bf874a, 0x20bd9427, 0x30b68216, 0x1b060513, 0x1102092b, 0x12160416, 0x06021415, 0x2bb79104, 0xfef30327, 0x94f1010f, 0x6ec20301, 
    0x7e30b591, 0x650384d6, 0xe901e901, 0x79069afe, 0x96f7fecb, 0xb28cd382, 0x8bde8723, 0x38a78c08, 0x0c404043, 0x0d010201, 0x02020401, 0x01010b4c, 
    0x0204004a, 0x03040203, 0x22258280, 0x59010402, 0x5923064d, 0x18030300, 0x2d079252, 0x1a1b0001, 0x0e0f1517, 0x1f00090a, 0x8f521f01, 0x26243005, 
    0x12343502, 0x11372436, 0x0e110101, 0x41141502, 0x33200668, 0x0339c483, 0xf2fe9bd2, 0xc36d74cd, 0x01940301, 0x830ffef1, 0xe6877dd6, 0x89e58b8c, 
    0x3dc082ef, 0x01cc74f2, 0x01969a0e, 0x0778cc08, 0x17fe6601, 0x7b0117fe, 0x87de8b08, 0x8988e68b, 0xbe848be5, 0x0003002b, 0x090000ae, 0x00d20500, 
    0x24068204, 0x403c0015, 0x05644a39, 0x0d0e0f2b, 0x01090b0c, 0x0103020d, 0x1a97534c, 0x06070823, 0x083a8205, 0x0512045b, 0x212b1706, 0x11210101, 
    0x21112125, 0x01070501, 0x25012701, 0x17010137, 0xfd920305, 0x05e4021c, 0x04f6fa6e, 0xfee5fb1b, 0xa1430504, 0xf8fef8fe, 0xfe0401a0, 0x0801a0fc, 
    0xfea10801, 0x02e802fb, 0xe92efaea, 0x00feff03, 0x0301a4ff, 0x01a4fdfe, 0xfea5ff00, 0xa50301fd, 0x20a382ff, 0x20a382ba, 0x21a3960e, 0xa39f0307, 
    0x85080921, 0x073b54a3, 0x25010122, 0xa088a983, 0x01070135, 0x026e05ba, 0xfb1afde6, 0x011b0481, 0xfb03fefd, 0x897501e5, 0xfea0349f, 0xa00401fc, 
    0xd205f8fe, 0x18fd16fd, 0x02ff01e9, 0x8a5dfc00, 0x00ff2ea0, 0x000301a4, 0x00030000, 0x07000087, 0x34a78253, 0x00070003, 0x403a0013, 0x11121337, 
    0x0d0e0f10, 0x090a0b0c, 0x1e49410b, 0x2114e154, 0x45410209, 0x87012f07, 0x1dfacc06, 0x06fbfa04, 0xf8fe8603, 0x9e86f7fe, 0x08010922, 0x01559e84, 
    0x5dfc2106, 0x550e3c41, 0x86370513, 0x6206d500, 0x0200e805, 0x2f000600, 0x01012c40, 0x01034a00, 0x61000100, 0x04260b6f, 0x02010201, 0xc882034f, 
    0x03060325, 0x82040506, 0x05023f2c, 0x132b1606, 0x21110209, 0xee028611, 0x26faee02, 0xe802d605, 0x00fd0003, 0x3a01edfd, 0xf382c6fe, 0xca000126, 
    0x4d07a300, 0x0a25f382, 0x2d403000, 0x26558202, 0x00030101, 0x5c004c02, 0x672009e1, 0x2a0fe15c, 0x13111111, 0x2b1a0604, 0x82010125, 0x2120085a, 
    0x21112135, 0x0ffebb02, 0xa503f101, 0x7b0272fe, 0x01a36efb, 0xfee901e9, 0xf0e0018d, 0x000043fc, 0x08246389, 0x29402c00, 0x02206385, 0x02226384, 
    0x71820049, 0x2005d27d, 0x218e8257, 0xb6835f02, 0x5f824f20, 0x19060322, 0x33205f86, 0xed205d89, 0x02215a88, 0x835983d0, 0x82cc205b, 0x824e20bf, 
    0x275b84bf, 0x01020107, 0x02000108, 0x0020bf83, 0x02225b82, 0x9a608501, 0x84bc820f, 0x82b9825b, 0x01113559, 0x6ffb5d05, 0x01a703ea, 0x7201a3f1, 
    0x30fdbd03, 0x17fe7301, 0xca275783, 0x4d070000, 0x84000006, 0x01012657, 0x01000002, 0x24578201, 0x4a000102, 0x21658200, 0x65820086, 0xb3910020, 
    0x82020921, 0x87232058, 0x920431b2, 0x025bfced, 0x01e9012e, 0xfb8efee9, 0x009f0372, 0x01220082, 0x5b82cc00, 0x5b874e20, 0xaf820820, 0x00225b82, 
    0xbd824c02, 0x00225b82, 0xb3968601, 0x5a850120, 0xfc26b383, 0x9104ea59, 0x5a82f101, 0x61fc7126, 0x72018e04, 0x5782b482, 0x06e8ff25, 0x82d20561, 
    0x402024b3, 0x6401031d, 0xff821491, 0x06042108, 0x01052b1a, 0x35210321, 0x04211121, 0x0118fe77, 0xcdfc0171, 0x71012404, 0x03f20118, 0x08fceb0d, 
    0xba2e8082, 0xab07ff00, 0x0600d104, 0x38000a00, 0xc9683540, 0x01022205, 0x21a18202, 0x1f824903, 0x04850226, 0x03010301, 0x29107565, 0x0a070707, 
    0x11120a07, 0xc1410513, 0x15220807, 0x33110121, 0xfe290411, 0x03f1010f, 0xfc7efc82, 0x01ffeb91, 0xfee901e9, 0x8ffeee8f, 0x30fcd003, 0x6f910000, 
    0xbd820620, 0x054c0122, 0x01206f88, 0x00206f84, 0x01206f82, 0x0dae8e18, 0x14226f85, 0x6f841111, 0xd3831120, 0x83130121, 0xfc3c276f, 0x0182037e, 
    0x6c8292f2, 0x01ee7327, 0xfe17fe71, 0x086c8519, 0xa100012f, 0x73040000, 0x16000e06, 0x41404400, 0x4a000101, 0x00020a0b, 0x00850001, 0x86050405, 
    0x08010109, 0x01030201, 0x01076702, 0x03040403, 0x28068257, 0x065f0403, 0x04030401, 0x23aa824f, 0x15160016, 0x11206e82, 0x122c0084, 0x2b1f060c, 
    0x21010113, 0x23153315, 0x11260383, 0x35231123, 0x03833533, 0xea01a127, 0x8efee801, 0x210082e1, 0x0082e0ee, 0x011c042d, 0xba0efef2, 0xfedb8cdb, 
    0x822001e0, 0x00ba2106, 0xa12c7482, 0x7304d2ff, 0x1600e005, 0x38403b00, 0x85218083, 0x21fa820a, 0x6f828600, 0x02237882, 0x82670304, 0x0101238d, 
    0x06825702, 0x5f010222, 0x02229d82, 0x81824f01, 0x0ada8d18, 0x05228282, 0x73842101, 0xfb827782, 0x15278b86, 0xfe8b0221, 0x82720116, 0xeee0217b, 
    0xe1258582, 0x012e7201, 0x238083f2, 0xe0fe2001, 0x012b8084, 0x72fd1800, 0x6008060b, 0x5a001700, 0x44080eff, 0x17000b0d, 0x06031701, 0x22012b16, 
    0x02000024, 0x00123435, 0x32332400, 0x12000004, 0x00021415, 0x90050400, 0xfe5cfee8, 0x8dfffea2, 0x0101018d, 0xe8a4015e, 0x01a301e8, 0x8d01015d, 
    0xfefffe8d, 0xfd5dfea3, 0x22188372, 0x82a3015d, 0x82a42018, 0x26188520, 0xe85cfea2, 0x825dfee8, 0x8dff2220, 0x20008200, 0x20838a02, 0x0af3592f, 
    0xf3596920, 0x82592005, 0x00023206, 0x00010461, 0x19510002, 0x25000118, 0x192f1823, 0x219e852f, 0x9e990b06, 0x24322736, 0x35121224, 0x24020234, 
    0x04222324, 0x15020204, 0x04121214, 0xe83bb6a1, 0x016601c6, 0x7878dc2a, 0xfed6fedc, 0xfec6c69a, 0xdbd6fe99, 0x01db7979, 0xa167012a, 0x84cc20d2, 
    0xc6662628, 0x016701c6, 0x2336832b, 0x99fed5fe, 0x9a204482, 0xef854483, 0xa2fd402a, 0x2e08cc0a, 0x19000d00, 0xe35aef8a, 0x0e102f13, 0x13160001, 
    0x1910190e, 0x0d000407, 0xef840c01, 0x35263408, 0x21333411, 0x11151632, 0x25230614, 0x11353221, 0x22212336, 0x01161115, 0x08fafa3a, 0x80807a98, 
    0x085af77a, 0x1f011eb4, 0x01204cf7, 0xfb01a2fd, 0x82fa9608, 0x7b6a2713, 0x081fce81, 0x16821fb4, 0x00001f24, 0x7741ffff, 0x06022307, 0x0f846b07, 
    0x0f829786, 0x1f8c6c20, 0x1f832620, 0x00070025, 0x94980202, 0x03412217, 0x22179403, 0x94730249, 0x02542217, 0x221794eb, 0x9414035f, 0x03892217, 
    0x22179437, 0x9485028d, 0x02a12217, 0x22179492, 0x937004c5, 0x0a012317, 0x17942703, 0xcf020f22, 0x19221794, 0x17944903, 0xd5012422, 0x2c221794, 
    0x17948202, 0x7a024122, 0x77221794, 0x1794f802, 0x95027e21, 0x028022bf, 0x222f94ef, 0x94f1028d, 0x029b2217, 0x221794e3, 0x94a102a8, 0x41c82017, 
    0x0123154f, 0x946901cb, 0x02d2222f, 0x2217949b, 0x94a302d8, 0x02f02217, 0x231793e7, 0xdd023d05, 0x3e221794, 0x17949e03, 0x0b033f22, 0x41221794, 
    0x1794ed02, 0xb0024222, 0x43201794, 0x23154f41, 0xf6024505, 0x46222f94, 0x17943d03, 0xf5024722, 0x48201794, 0x49224796, 0x2f94d402, 0x96034a22, 
    0x4b201794, 0x23154743, 0xaf024c05, 0x4d222f94, 0x17941a03, 0x17964e20, 0x35049322, 0x97222f94, 0x17945b03, 0xf702ad22, 0x012e1791, 0x03b30507, 
    0x008300b0, 0x0102b108, 0x9b6483b0, 0x06774607, 0x0726022d, 0x0100006b, 0x02ec0507, 0x859600b7, 0x97962023, 0x03ed2223, 0x2423a005, 0x00d802f0, 
    0x22478397, 0x8497b002, 0x03002147, 0x240c5f46, 0x4054003b, 0x07d35c51, 0x05010731, 0x09040108, 0x00670405, 0x09010c06, 0x18090602, 0x3313a48b, 
    0x18193030, 0x3b300001, 0x393a3b30, 0x35363738, 0x31323334, 0x200b8446, 0x3284460d, 0x18111321, 0x47092095, 0x90462047, 0xfd47291b, 0xfa2802d8, 
    0xd8fd2802, 0x2b3e9a46, 0x2f020502, 0xfd2f02ee, 0xd1fdeed1, 0x410a1b46, 0xf320079f, 0x20075741, 0x15574101, 0x3900332c, 0x32333640, 0x03020331, 
    0x69184c01, 0xc1471a4d, 0x27032343, 0x34411701, 0xc8a6243c, 0x41c89c03, 0x31243f2f, 0xa74d04a7, 0x2214ef42, 0x42d702f4, 0x2b410583, 0x124f4107, 
    0x2387f520, 0x4f410320, 0x25238f06, 0x1a070700, 0x5f91f001, 0x1b201782, 0x1c221796, 0x2f911e02, 0x07070127, 0x00d90108, 0x055b435e, 0x43081b68, 
    0x07230e7f, 0xa0a3010d, 0x01322423, 0x854c00ff, 0x434c2047, 0x072516a3, 0x00060233, 0x20238551, 0x48238751, 0x262a0757, 0x00006c07, 0x02000700, 
    0x6f489002, 0x2217870c, 0x94e20241, 0x02492117, 0x870d9f48, 0x0254212f, 0x8f050746, 0x465f205f, 0x178f0607, 0x2f038922, 0x8d225f94, 0x17948802, 
    0x6e029722, 0xa1221794, 0x17948902, 0x6704c522, 0x01231793, 0x9443030a, 0x020f2217, 0x2217949c, 0x94360319, 0x01242217, 0x221794cc, 0x9479022c, 
    0x02412217, 0x21179471, 0x57420277, 0x0e1f4105, 0x027e0123, 0x202f9468, 0x069f4780, 0x8d222f8f, 0x2f94e802, 0xda029b22, 0xa8211794, 0x053f4a02, 
    0xc820478f, 0x23154f41, 0x6001cb01, 0xd2204794, 0x8f068f48, 0x02d82247, 0x222f949a, 0x93de02f0, 0x3d052117, 0x8e066f47, 0x3e052147, 0x8f066f47, 
    0x4a3f2017, 0x178f06e7, 0xe5024122, 0x42225f94, 0x1794b402, 0xe6024322, 0x45201794, 0x8f06a748, 0x0346225f, 0x222f9434, 0x94ec0247, 0x96482017, 
    0x02492147, 0x23143f42, 0x8f034a05, 0x4b204794, 0x23158f43, 0xca024c05, 0x4d222f94, 0x17941103, 0x17964e20, 0x2c049322, 0x97222f94, 0x17945203, 
    0x9749ad20, 0x0c1f4106, 0x05070125, 0x48a703b3, 0x238f105f, 0xd002ec22, 0x8f103b48, 0xa2ed2023, 0x02f02223, 0x105f48cf, 0x200bcf4d, 0x0a5f4825, 
    0x5f486720, 0x57200818, 0x0202010b, 0x010a5f00, 0x4f000200, 0x0e101a1a, 0x251a0001, 0x2324251a, 0x1f202122, 0x1b1c1d1e, 0x240bf44d, 0x2b160b0d, 
    0x19f44d01, 0x4e0a4948, 0x03211400, 0x092248fc, 0x21140b4e, 0xf947d301, 0x11774109, 0x05070125, 0x46ce02f3, 0x00220dcf, 0xf38b0003, 0x39001d24, 
    0xb4823640, 0x4e0bfb47, 0x272242cd, 0xd0951701, 0x03c80f24, 0xd74ec89c, 0xff012715, 0xa74d04a7, 0x9f87ffff, 0x07260229, 0x0100006c, 0x8ff40507, 
    0x202392c3, 0x472387f5, 0x23420a93, 0x0700240c, 0x4c011a07, 0x178f05ab, 0x17961b20, 0x15021c22, 0x23135341, 0xd0010807, 0x8c106f47, 0x07012553, 
    0x9a010d07, 0x322223a0, 0x93470002, 0x22478f10, 0x47fd0133, 0x5e321093, 0x9e0589fd, 0x2602e605, 0x00008d00, 0xf9070700, 0xa784f201, 0x97201789, 
    0x8720178c, 0x8e262f82, 0x2602d205, 0x17860f01, 0x2f84c120, 0x04211782, 0x2017843b, 0x4f178619, 0x1782051b, 0x84920521, 0x862c2017, 0x050b4d17, 
    0x16201783, 0x80201784, 0x13461786, 0xfd552405, 0x83e80489, 0x8701208f, 0x848b208f, 0x8280205f, 0x839b2017, 0xd702212f, 0x46202f86, 0x72241784, 
    0xac0189fd, 0xe0201784, 0x06231782, 0x82fdf907, 0xffff2206, 0x212f8200, 0x17846a02, 0x1785ef20, 0x17883820, 0x047b0427, 0x0326026c, 0x20478605, 
    0x26478465, 0x0389fd74, 0x826d041d, 0x85542017, 0x85ff202f, 0x824e202f, 0x84302077, 0x8667202f, 0x842b202f, 0xfd14262f, 0x05ca0289, 0x202f8268, 
    0x21178579, 0x17848a00, 0x9c207783, 0x89201784, 0x5b204785, 0x00230682, 0x82750001, 0xff932aa7, 0x00100083, 0x040a4039, 0x23551801, 0xb04b2607, 
    0x4058501e, 0x210e820b, 0x28826100, 0x4e005b25, 0x8210401b, 0x0100222e, 0x24138659, 0x59510001, 0x3f5518b4, 0xaa350816, 0x094b4f23, 0x48362215, 
    0x54403c4e, 0x205a89fd, 0x48133c53, 0x564a3a38, 0xff00f953, 0xfe8600ff, 0x01f901b7, 0x08070140, 0xfbfcff00, 0xb109005a, 0xfbb80100, 0x9f51185a, 
    0x251f8208, 0x2b041502, 0x1f852700, 0x05070129, 0x021200de, 0x881200e6, 0x4bc31827, 0x0200270a, 0xb7fe9600, 0x2f822602, 0x1d001139, 0x2b402e00, 
    0x0001010e, 0x01114c01, 0x03004901, 0x00020104, 0x82690203, 0x610121c2, 0x5d32b882, 0x12134e01, 0x1d121719, 0x25241d13, 0x2b180b05, 0x7e182601, 
    0x2325098c, 0x16162722, 0x4c8d1817, 0x0127080b, 0x6e939de3, 0x5d654e52, 0x0c1c2c46, 0x4acb6761, 0x494a6464, 0xb7fe6464, 0x6b9dda3a, 0x494b5f6d, 
    0x6a4a175d, 0x18a70327, 0x820791a7, 0x038a2adb, 0x05050466, 0x072600ef, 0x267482ff, 0x02ff0707, 0x84000008, 0x825d2017, 0x00e62217, 0x250e8226, 
    0x08070000, 0x08830200, 0x82000121, 0xfd01212f, 0x11252f82, 0x1f402200, 0x82b98404, 0x004a2104, 0x0021ac82, 0x22b68659, 0x41510100, 0x012d0568, 
    0x07060617, 0x16323336, 0x23061415, 0x3eb98322, 0x672cba01, 0x2c1c0c61, 0x4e655d46, 0x05926e52, 0x6a2874ef, 0x4a5d184a, 0x6b6d5f4b, 0x8300da9d, 
    0x825d205f, 0x18e6205f, 0x82100357, 0x82612060, 0x185c2063, 0x20190357, 0x28598ccd, 0x28755d03, 0x5d184b69, 0x82598649, 0x8abb823f, 0x0a75415b, 
    0x00010123, 0x22ba8261, 0x864e015c, 0x106441b6, 0x9eba0123, 0x0a584192, 0x415d0321, 0x18260850, 0x0028694b, 0x5b830200, 0x05050422, 0x2332b783, 
    0x20402300, 0x01020e20, 0x234c0100, 0x49010211, 0x60830103, 0x00200f82, 0x2a256183, 0x0b042524, 0x12c8411a, 0x75900520, 0x9dc20330, 0x4f516e92, 
    0x2b465d64, 0x67610b1c, 0x849bccfd, 0x928e7520, 0x00ffff2c, 0x01b7fe8a, 0x034001fd, 0xdd820807, 0x8212b742, 0x0504251f, 0x27004001, 0x01201f85, 
    0x02212782, 0x42278208, 0xe8420db7, 0x284f8206, 0x0543fe31, 0x029307c8, 0x28ef8226, 0x0a270000, 0x01440194, 0x2c358274, 0xf9d301e3, 0xb112004a, 
    0x01b80102, 0xcf231a74, 0x2033840f, 0x22338897, 0xa1230192, 0x00002533, 0x7a07c805, 0x5f823385, 0x7d00e229, 0x09007401, 0x850202b1, 0x8300205f, 
    0x2123838b, 0x23889208, 0x7f00fa22, 0x03202385, 0x478a238e, 0x2385a782, 0x4784a786, 0x05219f83, 0x854788d2, 0x236b82cb, 0x4af9b801, 0x2383cb82, 
    0x00008724, 0x4784fc04, 0x00004122, 0x6820ef84, 0x03204784, 0x8724478a, 0xfc0443fe, 0x23874784, 0x4af96b22, 0x2382b382, 0x5e244788, 0x9405ecff, 
    0x49204784, 0xeb204786, 0x01204784, 0xd782478b, 0x23846920, 0x23865420, 0xb3903720, 0x05216b82, 0x876b8469, 0x84662023, 0x8b02206b, 0x228f82b3, 
    0x8297076e, 0x005f28d7, 0x0a270000, 0x41a50092, 0x55200677, 0x12212b82, 0x207387b1, 0x223487b1, 0x8300ffff, 0x846e20e7, 0x2533827b, 0xe2080701, 
    0x7b84feff, 0x77410120, 0x22238f0a, 0x915501e3, 0x847b83c3, 0x8247859f, 0x829f8423, 0x0c534173, 0x6b845b20, 0xe7868920, 0x47904b20, 0xecff5e24, 
    0x23849e05, 0x23868d20, 0x2390e720, 0x05218f82, 0x20238473, 0x202384a1, 0x060742e2, 0x238cb38e, 0xd501e322, 0xfe234791, 0x84730543, 0x824785b3, 
    0x25b38f23, 0x0000bfff, 0x6b848202, 0x6b85c520, 0x41a3fe21, 0x23840f1f, 0xd8088125, 0x85002602, 0xfef42223, 0x422385a5, 0xb3820a97, 0x8abb0121, 
    0xffe32247, 0x248f90fa, 0x0143fe84, 0x858f84b8, 0xffe32247, 0x218f8ff7, 0xb3828700, 0x25084348, 0xe3080701, 0x2393b201, 0x84094f48, 0x8f3a2023, 
    0xfcff2f23, 0x3b0443fe, 0x26025d07, 0x00001901, 0x47822700, 0x01252382, 0xffed0607, 0x2197825c, 0xb741b112, 0x08e04307, 0x21052b42, 0xc383ee06, 
    0x00240124, 0x7b820100, 0x90910221, 0x219f82c3, 0xc383ee06, 0x7b8f2389, 0x00870025, 0x84920500, 0x852c2047, 0xe6012147, 0xfb484793, 0x20c38409, 
    0x264790e6, 0x0543fe5e, 0x829707cc, 0x834120c3, 0x920a23c3, 0xef423e01, 0x44ee2006, 0x5e22189b, 0x3382ecff, 0x33857a20, 0xe2225782, 0x67449800, 
    0x21238410, 0x23889208, 0x9a00fa22, 0x8f106744, 0x01e32247, 0x10b343ee, 0x05219f84, 0x824788e6, 0x10b34323, 0xd4222383, 0x2382a206, 0x0b414520, 
    0x44bb8306, 0x6b840d8b, 0x88b80821, 0x01fe2247, 0x258f9015, 0x04000087, 0xd78307e1, 0xaf447720, 0x079f450c, 0x2106d344, 0x23841605, 0x23868020, 
    0xb3907020, 0x43fe8723, 0x085b4a05, 0x08070125, 0x908901e3, 0x212384b3, 0x8f825d07, 0x00214782, 0x25238527, 0xed060701, 0x4f82d600, 0x5e441220, 
    0x45b12008, 0xff29072c, 0xff5500ff, 0x08e804ea, 0x433382b4, 0xf22205d7, 0x4743ab00, 0x8423850f, 0x2223859f, 0x427801e3, 0x55221017, 0xe34a43fe, 
    0x209f8409, 0x1017427c, 0x47872384, 0x23829f84, 0x4f832b84, 0x2415db42, 0x0500004b, 0x2033840c, 0x061b419b, 0x7b908520, 0x43fe4b26, 0xd2050c05, 
    0x2388c382, 0x87247b90, 0x5505ebff, 0xa8204784, 0xe2214784, 0x05634100, 0x830c9b44, 0xd8082123, 0x23854782, 0x7200f422, 0x82112f44, 0x8455206b, 
    0x8547886b, 0x4602206b, 0x478e0aa3, 0x4793f620, 0xf820238e, 0x92202398, 0xfa208f88, 0x8f8e2393, 0xc701e322, 0xfe25fb91, 0x06020643, 0x204782a2, 
    0x94fb84a9, 0x208f8423, 0x226b88ab, 0x902c01fd, 0x823120fb, 0x84c8206b, 0x86c820fb, 0x90d52047, 0x0031266b, 0x071c0800, 0x2047827a, 0x222384cb, 
    0x42a901e2, 0x238f104f, 0xff02e322, 0x8210d341, 0x1c08216b, 0x47856b84, 0x6b902382, 0x00003324, 0x6b84b505, 0x6b85d220, 0x90750021, 0x22238f6b, 
    0x91cc01e3, 0x2047826b, 0x204784a8, 0x204786d8, 0x2047906f, 0x22238e31, 0x91c501e3, 0x43fe2347, 0xb384a805, 0xe3224785, 0xb390c801, 0x00007024, 
    0x6b84e004, 0x6b84f020, 0x8401e322, 0x70244790, 0xe00443fe, 0x23874784, 0x47907f20, 0x20098f47, 0x188f4797, 0x00004a24, 0x6b838603, 0x84ea0021, 
    0xffe22223, 0x84d7906b, 0xd8082323, 0x23862602, 0x6dfff422, 0x8f10f741, 0x00e32247, 0x24b390c1, 0x0343fe4a, 0x86b38386, 0x90238247, 0x824420b3, 
    0x06252dd7, 0x0126021f, 0x000000fb, 0x00940a27, 0x1e20bb87, 0x85109f49, 0x8623202b, 0x0a26292b, 0x01007692, 0x01e30807, 0x002b298e, 0x00ffff00, 
    0x04eaff44, 0x86060625, 0x0806232b, 0x5e82d0e2, 0x07211787, 0x2117881e, 0x178ad2fa, 0x55832f88, 0x47852620, 0x04219f83, 0x8a2f856c, 0x0bcb496d, 
    0xedff802b, 0xc006b904, 0x42022602, 0x22918500, 0x58ba00d3, 0xba220513, 0x474f35b0, 0x82802005, 0x05b92247, 0x20238ad2, 0x10ab4572, 0xb3825120, 
    0x83836720, 0x824a0221, 0x20838394, 0x2083844d, 0x205f8251, 0x205f848b, 0x215f8555, 0x5f90ea00, 0x5f825120, 0x5f848b20, 0x01212386, 0x825f914b, 
    0x06772223, 0x20838223, 0x245f8266, 0x00920a27, 0x214f858e, 0x6b413e01, 0x208b8310, 0x838b8477, 0x0806232b, 0x2741e8e2, 0x83178d05, 0x853e20a3, 
    0x215b83a3, 0x5b856c04, 0x17840120, 0x14267f90, 0x1b030000, 0x2382b807, 0x77858720, 0x018a002b, 0xb10900b2, 0x01b80101, 0x06cb4bb2, 0x46fe5124, 
    0x77848e04, 0x03419220, 0x834f2006, 0xb0ff275f, 0x7c040000, 0x3b827a07, 0x3b849e20, 0x94fee222, 0x2010b742, 0x22238e77, 0x42eaffe3, 0x80201093, 
    0x7c22a782, 0x4788d205, 0x5601e322, 0x20109342, 0x2061827c, 0x208384b0, 0x238382b2, 0xefe30806, 0xff24fb84, 0x020000b4, 0x83051341, 0x08072417, 
    0x8498fee2, 0x83b5209b, 0x64072117, 0x17855382, 0x60fef421, 0x7c24050f, 0xb20143fe, 0x26204788, 0x01254783, 0xffe30807, 0x0d1941f1, 0x00254383, 
    0x0151fe03, 0x242b89de, 0x00c29b0a, 0x26798400, 0xceffffff, 0x85015efe, 0x8cc7208f, 0xfead248f, 0x847c025e, 0x27178333, 0xff6b0b27, 0x01b4ff27, 
    0x55413584, 0xb4ff2105, 0x83080351, 0x085752f7, 0x01218583, 0x34f79037, 0x03000080, 0x00d2057d, 0x00e00226, 0x08070100, 0x028301cd, 0x2149854c, 
    0x9f414c02, 0x827b2006, 0x05af23d3, 0x238702d2, 0x49ffe321, 0x3b4c0503, 0xf4ff270a, 0x370243fe, 0x23855d07, 0x82270021, 0x252382f1, 0xed060701, 
    0xaf4a54ff, 0x217b8218, 0xcb84cd06, 0xf741fe20, 0x7f022605, 0xffff0000, 0x23b78200, 0x6f04cd06, 0x17824b82, 0xe3219382, 0x11f74402, 0x04213b82, 
    0x523b837b, 0x082305eb, 0x875601e3, 0x0903533b, 0xeb41f384, 0xfe512a11, 0x06970443, 0x03260223, 0x06134316, 0xfb849d20, 0x4d01e322, 0x20141343, 
    0x83678497, 0x0806232b, 0x1343f6e2, 0x07972209, 0x2343861e, 0xf8fa0806, 0x2f88178a, 0x830acf43, 0x6c042173, 0x97842f85, 0x53446b85, 0x2297830b, 
    0x825605d1, 0x8c1a2023, 0x25238c8f, 0x9704eaff, 0x77884407, 0x8574fe21, 0xfe802477, 0x84b9045e, 0x414b2077, 0x0121054b, 0x050f4194, 0x03000023, 
    0x2017841d, 0x21178554, 0x1784a200, 0x43fe7d22, 0x20091354, 0x21a78201, 0x1b42f0ff, 0x21238410, 0x3754e905, 0x08272206, 0x252383e3, 0xed060601, 
    0x21420007, 0x05394e05, 0x4e204f84, 0x30229782, 0x2b826e07, 0x67846720, 0x8001f122, 0x4020178a, 0x06231786, 0x854cf208, 0x842f84af, 0x212f8597, 
    0xb76101e3, 0xfe4e2305, 0x93540443, 0x21978308, 0x97901c01, 0x3b882384, 0x23839782, 0x43822b84, 0xff22998b, 0xb382ffff, 0x07ca0223, 0x2a7f8210, 
    0x01000079, 0xfee20807, 0x830a01c7, 0xb8022323, 0xdf420a01, 0xff142206, 0x22238cf0, 0x851d00e3, 0x8a012023, 0x43fe2123, 0x82091355, 0x00e32247, 
    0x2497907b, 0x04f2ff80, 0x2797847c, 0x00000093, 0x01e20806, 0x1784eb85, 0x82640721, 0x21178583, 0x178603f4, 0x7c22eb82, 0x17855e04, 0xe2225382, 
    0x434a0900, 0x203b8f10, 0x833b87f6, 0x20538a6b, 0x20178cf8, 0x206b881e, 0x226b96fa, 0x916001e3, 0x43fe25bf, 0x56052205, 0x96213b82, 0x05d34600, 
    0x77842392, 0x5f863720, 0xfd08072a, 0x0000bd00, 0x1f00ffff, 0xad20cb82, 0xd420cb84, 0x3f203b86, 0x1f265f90, 0xae060000, 0x3b820606, 0x0000d828, 
    0xe2080700, 0x3b85e800, 0xe321178e, 0x055f4602, 0x06215382, 0x495384ae, 0x02200647, 0x2510274f, 0x00002a00, 0x53847a04, 0x5382e120, 0xe2080622, 
    0x8f837e82, 0x0723178d, 0x4701e308, 0x1f240593, 0xb10456fe, 0xe6202f84, 0xed202f85, 0xbf840682, 0x2f83178b, 0xd7884420, 0x8384b120, 0x01202f82, 
    0x02211782, 0x20d79091, 0x43838278, 0xc7440563, 0x20012106, 0x78243b84, 0x1d0443fe, 0xc7443b84, 0x1f012106, 0x51203b90, 0x8b262382, 0x26021f06, 
    0x88822302, 0x940a2724, 0x3f41cf00, 0x05b74406, 0x850bab52, 0x8823202b, 0x0092222b, 0x232b99ae, 0x8b04edff, 0x5784e783, 0xe2080623, 0x20e78507, 
    0x21178351, 0x43861e07, 0xfa080623, 0x88178a0a, 0x21e7822f, 0xe3475e01, 0x048b2208, 0x452f856c, 0x93440a4f, 0xfe7e240b, 0x83b20143, 0xb20221e7, 
    0xed468f85, 0x0a1f4606, 0x00800027, 0x07c20200, 0x204782b8, 0x21238588, 0x07483100, 0xff802210, 0x068b46f9, 0x8b46ef20, 0xfe802218, 0x09fb5843, 
    0xa7820120, 0x41290021, 0xff210f53, 0x212383f4, 0x6b825d07, 0x00234782, 0x83e30827, 0x1d8b4623, 0xffb4ff2a, 0x079c02f0, 0x03260210, 0x2205fb52, 
    0x4498fee2, 0x7c201027, 0xe322238e, 0x2744efff, 0x599f8310, 0x9f840823, 0x9f8f4c20, 0xff800023, 0x06b342ef, 0x8342b420, 0x068f5905, 0x5f191784, 
    0x082209ef, 0x274402f4, 0x047a2209, 0x829b825e, 0x2253822f, 0x44ffffe2, 0x53821227, 0xf6203b8a, 0x6b833b87, 0xf820178a, 0x1e20178c, 0x00235385, 
    0x96fa0806, 0x132b496b, 0x2744e382, 0x06075306, 0x85124f49, 0x863720cb, 0x0807255f, 0x00bc00fd, 0x2006e350, 0x1ecf5404, 0x2123d353, 0x87546300, 
    0x51042907, 0x07010000, 0x6c00e208, 0x2a102752, 0x08000033, 0x027a0759, 0x85300426, 0xc8012123, 0x82103f4a, 0xcc042147, 0x05212383, 0x21238541, 
    0x23901a00, 0x20090f53, 0x185f4e38, 0x20096f52, 0x2023866f, 0x21478498, 0xfb560203, 0x82572009, 0x848d20b3, 0x8649208f, 0x905c2023, 0x0031246b, 
    0x845d0500, 0x86392023, 0x06835523, 0x8020478a, 0x22202382, 0x3d202384, 0x54202386, 0xb3824790, 0x07d3062f, 0x0426007a, 0x00000046, 0x05c50027, 
    0x212b851b, 0x97900701, 0x4e0fd74d, 0x4d2a131f, 0x7304f2ff, 0x26020606, 0x4f828502, 0xe2080623, 0x270682e6, 0x2a00ffff, 0xbf060000, 0x04211783, 
    0x2e1082eb, 0x00e20807, 0xff0000f8, 0xff4a00ff, 0x84e003f1, 0x85ed2017, 0x8298202f, 0x82178206, 0x052347bb, 0x85ee0421, 0x20058217, 0x24178200, 
    0x04eaff51, 0x212f8397, 0x1785c309, 0x20066749, 0x2017824e, 0x21178364, 0x17851205, 0x47861e83, 0x17844f20, 0x17850620, 0x5f88ea20, 0x06f40527, 
    0x05260006, 0x2410820b, 0x04b20227, 0x30978648, 0xff0000ba, 0x004b00ff, 0x07610500, 0x0426027a, 0x050f4128, 0x41580021, 0xff230f3b, 0x4bf9ffb4, 
    0x042105f3, 0x4b3b859b, 0xb74305f3, 0x4309201e, 0xde21084b, 0x23368295, 0x4affffff, 0xe2214782, 0x86178207, 0xfedf2247, 0x2183832e, 0x1782b6ff, 
    0x43077b22, 0x5f858382, 0x46ffe121, 0x3343056b, 0x20478905, 0x854785df, 0x20478377, 0x052f4403, 0x17865f86, 0x17844782, 0xe1080724, 0x5f83ac00, 
    0x03b2002f, 0x04fa0124, 0x0807035e, 0x030000cd, 0x051b5d24, 0x4c240321, 0x00230517, 0x82b20001, 0x01fa28f9, 0x0003003a, 0x82164019, 0x5f0128aa, 
    0x01010102, 0x824e0157, 0x00032e0b, 0x0b031103, 0x11332b17, 0x01b21121, 0x08437548, 0xc3feb223, 0x28338301, 0x4022000b, 0x0400001f, 0x26288201, 
    0x02020065, 0x87005f01, 0x000b303a, 0x2112110a, 0x2b190b05, 0x32333513, 0x82233535, 0x21102e42, 0xa67c2ab2, 0xddfe4801, 0x9294c3fe, 0x254e8217, 
    0x00cdfebc, 0x8385ffff, 0x02250423, 0x20a38326, 0x21a98401, 0xbb49eb02, 0xeb022105, 0x84069749, 0x20238473, 0x96b182ce, 0x00002323, 0xcb825207, 
    0x00254784, 0x02cd0827, 0x82c582ac, 0x5805212b, 0x02220782, 0x3982ad00, 0xef76f520, 0x182c2006, 0x290d8fda, 0x5f030202, 0x03030105, 0x85180357, 
    0x0b2710f2, 0x03132b17, 0x82010321, 0x15c534c1, 0xfe164201, 0x014801d1, 0xfcfa03d8, 0x0128fe06, 0x82d8fe28, 0x02002e5a, 0x00004f00, 0xe6051904, 
    0x22001e00, 0xe7d91800, 0x0004240d, 0x827e0403, 0x61023c24, 0x5c020200, 0x0404004d, 0x01075f05, 0x05570505, 0x001f1f4e, 0x1f221f00, 0x82202122, 
    0x181e2037, 0x8324e7d9, 0x86012a86, 0x433d562d, 0x494c6a5c, 0xdfd91873, 0xd4fe210d, 0xca239a82, 0x18927f18, 0x2016dbd9, 0x29af8636, 0xb200ffff, 
    0xfa012302, 0x17425d03, 0x23022105, 0x21051742, 0x1e192302, 0x6f4108d3, 0x0b003206, 0x26000f00, 0x05002340, 0x05010400, 0x03006704, 0x25028200, 
    0x01010065, 0xce825f02, 0x4e025738, 0x11221111, 0x0b062012, 0x23012b1c, 0x21111120, 0x14152311, 0x07823333, 0xfa01213c, 0x01ddfe25, 0x2a7ca648, 
    0x4801b8fe, 0x3301c3fe, 0xc6fe4401, 0x94039217, 0x9b423a01, 0x00002305, 0xaf41a604, 0x41072008, 0xff2005af, 0x002d9b82, 0x04fa01d6, 0x082702fb, 
    0x000000cd, 0x051142d6, 0x00c10328, 0x0100b111, 0xa282d6b0, 0x0101b125, 0x4ec103b8, 0x6f2408db, 0xb7010000, 0x06244782, 0x00bdcd08, 0x6f203f82, 
    0x0f856b82, 0x0f85ce20, 0x04231f83, 0x83260025, 0x214d831f, 0x5f42bdff, 0x84338410, 0x97338223, 0x238b8223, 0x00fb04b7, 0xff219782, 0x219785bd, 
    0x979abdff, 0xad01b226, 0xd205fa01, 0x0b82c785, 0xf182e182, 0x77609820, 0xad012105, 0x0421c886, 0x08c88598, 0x1c010322, 0xb404f904, 0x03000907, 
    0x0b000700, 0x38403b00, 0x05000102, 0x00570001, 0x05010804, 0x67050401, 0x002f0f82, 0x03075f01, 0x00010306, 0x08084f01, 0x7d000404, 0x04250664, 
    0x06070407, 0x28398205, 0x0b091103, 0x11012b17, 0x22018421, 0x82211325, 0x12013156, 0x12017401, 0x0121cdfd, 0xf9047d0e, 0xf3fe0d01, 0xd9270383, 
    0xc9fe3701, 0x8f000000, 0x40273177, 0x01010324, 0x57010004, 0x04000500, 0x67040500, 0x01220e82, 0x7c825f00, 0x4f000123, 0x25008311, 0x1c0b0610, 
    0x6282012b, 0x052b0383, 0x02210323, 0x01eefe2e, 0x83860212, 0x9bfe2505, 0x0e017db2, 0x34266787, 0x00003701, 0xdb87ffff, 0x08060223, 0x367383de, 
    0xfc047200, 0x43073703, 0x18001400, 0x48001c00, 0x01054540, 0x82010003, 0x692b088c, 0x0a020400, 0x04060002, 0x090c6a00, 0x0707030b, 0x01085f06, 
    0x07560606, 0x1519194e, 0x19000115, 0x1b1c191c, 0x1518151a, 0x18161718, 0x250d7e64, 0x2b160b0d, 0x64182201, 0x0324127a, 0x21152135, 0x2c080382, 
    0x5c406802, 0x201f2046, 0x7103a502, 0x4559415c, 0xa2073d22, 0x01947402, 0x013dfd08, 0x2e520608, 0x7026302e, 0x572d2e7b, 0xaafe7c71, 0x220082e8, 
    0x83020000, 0xdf032ab7, 0x03000606, 0x2a000700, 0xaf651840, 0x79012028, 0x1c25076f, 0x01b30801, 0x09754108, 0xe4820020, 0x0e828d20, 0x5384c120, 
    0xcc181e20, 0x13201d7f, 0x8d224582, 0x3d853401, 0x00000025, 0x8600ffff, 0x0602233b, 0x0f84e308, 0xed04b22e, 0x2706fe09, 0xcd082700, 0xed040000, 
    0x8505f544, 0x58052907, 0x0701ed04, 0x0408cd08, 0x24260f82, 0xb80100b1, 0x7342ed04, 0x20088407, 0x20118702, 0x22088603, 0x8200ffff, 0x5207214f, 
    0x47834f91, 0x00214f83, 0x83479a1b, 0xfeb2269f, 0xff52074a, 0x218f8584, 0x8f854afe, 0x854afe21, 0x840f823f, 0x4afe213f, 0x08858786, 0x08848782, 
    0x26062742, 0x0606df03, 0x6d080600, 0xef86051b, 0xef820f82, 0x2105ab42, 0x1f829905, 0x2a052343, 0x04334036, 0x01000202, 0x83570001, 0x01002807, 
    0x0705085f, 0x43050603, 0x3320221e, 0x220da141, 0x410701b3, 0x013809a4, 0xfff3fe0d, 0xfe1b00ff, 0x060a0451, 0x02260206, 0x000000d0, 0x01e30807, 
    0x4c05eb65, 0x002506bf, 0xb2860226, 0x20d98200, 0x12bf4ce3, 0x43fe8d26, 0x50ffc101, 0x66181d84, 0x5b8210c7, 0x23067747, 0xcd080602, 0x27111f43, 
    0x1c01ffff, 0xdf0343fe, 0xe2213f84, 0x5a3f8600, 0x8b82074d, 0x2700022e, 0x4302cb04, 0x03006e07, 0x4f000700, 0x0703b218, 0x0105022d, 0x03020003, 
    0x01010467, 0x825f0001, 0x01562627, 0x1a401b4e, 0x25178700, 0x01010000, 0x17825700, 0x825f0121, 0x01002622, 0x1240594f, 0xe18c1804, 0x0b20080e, 
    0x13132b17, 0x11010121, 0xca331121, 0xe4fe4601, 0x330100ff, 0x3501cb04, 0x9701cbfe, 0xf4fe0c01, 0x00313e82, 0x04640002, 0x078b03e6, 0x00080040, 
    0x403b000c, 0x052f7b38, 0x02020529, 0x04010400, 0x82800100, 0x00842868, 0x03040403, 0x7a030057, 0x0929084d, 0x09000009, 0x0b0c090c, 0x3136820a, 
    0x07121207, 0x012b180b, 0x15213717, 0x35012301, 0x07823525, 0x8f693008, 0xfe05018e, 0xe0fee6df, 0x15010801, 0xa3a30706, 0x01e6fe07, 0xe257071a, 
    0x00ffffe2, 0x035a0664, 0x03b4088b, 0x00f20807, 0x00740100, 0x4b00b109, 0x002c0709, 0x01030000, 0x03fc041a, 0x006407dc, 0x2f051b42, 0x00324035, 
    0x05010804, 0x67050400, 0x03060307, 0x5f27fa82, 0x00000102, 0x454e0156, 0x2b441b39, 0x13033206, 0xd5020333, 0x3efd0701, 0x7c050801, 0xfc04b8f1, 
    0x300082e8, 0x0c015c01, 0xff00f4fe, 0x061a01ff, 0x08dc0370, 0x208b82d8, 0x608b87f4, 0x8b840741, 0x8b861920, 0x0c000828, 0x3f001000, 0x21413c40, 
    0x02073105, 0x00010002, 0x03010085, 0x06098501, 0x04040308, 0x2e057748, 0x0d4e0456, 0x0009090d, 0x0d100d00, 0x410e0f10, 0x0a200b25, 0x25052541, 
    0x23031533, 0x50183503, 0xfa28080a, 0xfde27e80, 0xbc01fdc7, 0x072ba285, 0x07989864, 0x0501fbfe, 0x4498fd07, 0xa38205ba, 0xa3881920, 0xa394f620, 
    0x224c2f41, 0x41133303, 0x0823072f, 0x417cf1b7, 0xf820192f, 0x1e208b9a, 0x3609bb41, 0x00010106, 0x00010200, 0x07050867, 0x02030303, 0x0201045f, 
    0x41035602, 0x15211cbb, 0x08204121, 0xfd9d0325, 0x417b01bd, 0x1e24061c, 0xdefd9f9f, 0x41051641, 0x922409bb, 0xfa080703, 0xff298b91, 0x066200ff, 
    0x08250385, 0x201f82ab, 0x821f91fd, 0x056226a1, 0x07250311, 0x82ab8937, 0x24a5849a, 0x67030201, 0x20328200, 0x22bc825f, 0x9f005601, 0x352724ab, 
    0x82331521, 0xe3022f03, 0x013ebdfd, 0x0801b308, 0xbebecf05, 0x0082e97f, 0x03284582, 0xe904a300, 0x44076603, 0x33062347, 0x20b04b73, 0x21405850, 
    0x0c060108, 0x07030b09, 0x67070603, 0x2f052b47, 0x00660004, 0x61030101, 0x03030105, 0x1b4e015e, 0x5c25239f, 0x40594e01, 0x384e4723, 0xb6870120, 
    0x14d16b18, 0x84bcfd21, 0xe9042ec9, 0x2b363433, 0x33338a7e, 0x018a7f61, 0x21d38572, 0xd387ffff, 0x0806022c, 0xff0000fe, 0xfd5e00ff, 0x976b0595, 
    0x0f09230a, 0x178eff01, 0x00009724, 0x17880700, 0x2f828720, 0x84085363, 0x84ce2017, 0x6317822f, 0x17840947, 0x17875620, 0x83099b62, 0x02022117, 
    0x3b611788, 0x202f8408, 0x221784a6, 0x6095fd55, 0x178409b3, 0x17849920, 0x17828020, 0x84083f59, 0x87542017, 0x6b012017, 0x09230a97, 0x87000a0f, 
    0x099b5217, 0x09060024, 0x1788460f, 0x84099358, 0x87722047, 0x0983572f, 0x0c202f83, 0x4e202f85, 0x03577782, 0x202f8408, 0x222f8438, 0x5695fd14, 
    0x17830983, 0x88970021, 0x08735277, 0x69204783, 0x002d4782, 0xfd8d0001, 0xff880195, 0x000b007d, 0x052d4646, 0xb84d1320, 0x015b270f, 0x19401b4e, 
    0x2c820200, 0x67010228, 0x03030000, 0x3b825900, 0x04610327, 0x03000301, 0x109f1851, 0x0ed74d07, 0x15333532, 0x208d2314, 0xdefb8060, 0x737095fd, 
    0xedfbf114, 0x8a2f8784, 0xd201c3fe, 0x06003a01, 0x00d8ce08, 0x8200ffff, 0xec03210f, 0x26200f82, 0x00230f83, 0x6dce0807, 0x8a2a067f, 0xec035b03, 
    0x2600d205, 0x6c821409, 0x14090723, 0x05fb5702, 0x27271787, 0xd8ffce08, 0x84019804, 0x4b042031, 0x0421063b, 0x0e3b4b98, 0x82000121, 0xd201212f, 
    0x0b244782, 0x1f402200, 0x0221c284, 0x23bd8763, 0x4e005603, 0x934e0b82, 0x15013f09, 0x15152223, 0x11211133, 0xd2012110, 0xfea67c2a, 0x052301b8, 
    0x189194d2, 0x4401c6fe, 0xaf833301, 0x835b0321, 0x8377834f, 0x051f4d7f, 0x49827784, 0x6f895f82, 0x19401c25, 0x82000300, 0x08024f02, 0x4e025629, 
    0x20121122, 0x4d1a0b04, 0x01210c13, 0x070f4dd2, 0x0b4d5b82, 0x052b4106, 0x20080341, 0x245c8216, 0x02160907, 0x2607821a, 0x00870002, 0x82ed0400, 
    0x000e27d3, 0x40310017, 0x5d19002e, 0x562c0e83, 0x0404004d, 0x01065f03, 0x03570303, 0x172ee082, 0x000f1115, 0x210d000e, 0x0b071111, 0xde822b19, 
    0x11211522, 0x08605018, 0x33272c08, 0x34353616, 0x87232326, 0x5afdd703, 0x8bffaffc, 0xfcafff8b, 0x898980fc, 0xd205fc80, 0x72d2fefd, 0xd68c8ccf, 
    0x8901f878, 0x827d595d, 0x0543667e, 0x82a70a21, 0x0026227f, 0x24108254, 0x05f00107, 0x24af84c7, 0x05000014, 0x261785b6, 0x0600004d, 0x82e2770b, 
    0x209d821e, 0x22af827b, 0x82cb05df, 0x00173c83, 0x002c402f, 0x05040001, 0x00670401, 0x5f030202, 0x56030300, 0x0501064d, 0x825f0005, 0x00573b2c, 
    0x0f0f0f4e, 0x22160f17, 0x20261111, 0x2b1b0b07, 0x26222121, 0x36343526, 0xb7823336, 0x21353108, 0x22231101, 0x16141506, 0xfddf0433, 0x8affafd4, 
    0xf7afff8a, 0xd50360fd, 0x82f7cbfe, 0x79828181, 0xd08b8cd5, 0xfd250174, 0xba012dfb, 0x885d597c, 0x0134979a, 0xecff5e00, 0xe605c704, 0x4e002d00, 
    0x01074b40, 0x4c010405, 0x08319c18, 0x0605072e, 0x80060705, 0x05000400, 0x69050407, 0x2d08a682, 0x01006101, 0x004d5c01, 0x61000606, 0x00000108, 
    0x014e005d, 0x27292a00, 0x1e1f2125, 0x1416181c, 0x000e1013, 0x092d012d, 0x052b160b, 0x88182422, 0x17230f3e, 0x86262621, 0x193320ba, 0x08093f46, 
    0x0e21374c, 0xa5960202, 0xaa92fffe, 0x7f9b7ca3, 0xf19899e5, 0xdbfe028d, 0x60628d02, 0x8a6c8977, 0x8c94818a, 0x04906a6e, 0x91023301, 0xc57114fb, 
    0x15bb8b7f, 0x7ea7180b, 0x6e70be74, 0x66577fc4, 0x6e5a566b, 0x5b5c75e3, 0x81546571, 0xeb846fc6, 0x00006634, 0xd2051b05, 0x0f040600, 0x020000fa, 
    0xecff6300, 0xe382a305, 0x1f00183e, 0x3b403e00, 0x01020300, 0x80010302, 0x05000100, 0x67050106, 0x04020200, 0x04040061, 0x0720d786, 0x1e30d787, 
    0x12191a1c, 0x0a0c0d10, 0x00050608, 0x08180118, 0x0222d585, 0xc7853535, 0x21075108, 0x33243636, 0x15120432, 0x13040214, 0x33161621, 0xf1023632, 
    0xacd8feba, 0xd10b0904, 0x20a97ba4, 0xaf14cafe, 0xc5a71001, 0xaab73b01, 0xfd98c9fe, 0x9ec20332, 0x9714bb8d, 0xbac41901, 0x6c79e7d6, 0xb680e193, 
    0xecf1a8fe, 0x02b9aafe, 0xa0a88f46, 0x4b249182, 0x300547fe, 0x2308bb82, 0x403b0020, 0x03011338, 0x020d1404, 0x4c020302, 0x00030200, 0x80000203, 
    0x03010000, 0x007e0100, 0x5f040303, 0x5637b382, 0x0101004d, 0x05006105, 0x4e056105, 0x2522112a, 0x0b061022, 0x85372b1c, 0x05d4428d, 0x3501352a, 
    0x15211121, 0x16161501, 0x4408aa84, 0x26242223, 0x0735014b, 0x8e637db3, 0x9ea1ce4c, 0x12fda501, 0x19fe6c04, 0xa184ec9d, 0xaebae4fe, 0x68a4eafe, 
    0xac649f80, 0xdfd6b86d, 0x010c9101, 0x33fede02, 0xfe9c0c0e, 0xfebca4ff, 0xf68ca6dd, 0xffff0000, 0x25a78400, 0x26029707, 0x92822009, 0x930a0724, 
    0x4f60e800, 0x0100230d, 0xcb824f00, 0xcb843520, 0x3e40412b, 0x0102010e, 0x03020c14, 0x33cb8202, 0x02050203, 0x06800503, 0x02040501, 0x007e0405, 
    0x5f010202, 0xcc82c782, 0x00040429, 0x00000061, 0x824e0061, 0x00202f05, 0x11232520, 0x0b07231a, 0x06252b1b, 0xb8820406, 0x34350225, 0x88373612, 
    0x234808d1, 0x14150626, 0x32331616, 0x35053736, 0xebfea605, 0xe3feb9af, 0x9dec85a1, 0x6d0418fe, 0xa40112fd, 0x4ccfa09d, 0xb27f638d, 0xf69f6807, 
    0x2301a68c, 0x0101a4bc, 0x010e0c9c, 0xfefedecd, 0xdf6ffe0c, 0x6db8d701, 0x7fa064ac, 0x013c6d82, 0x4cfe8000, 0xe605d804, 0x22002300, 0x1c221f40, 
    0x0001141b, 0x00490106, 0x86010001, 0x0808a352, 0x234e006d, 0x0b032612, 0x35132b19, 0x35362436, 0x06222334, 0x36342115, 0x04323336, 0x16071415, 
    0x02141516, 0x24350504, 0x26343500, 0xf8ed0627, 0xee822801, 0xcbfe7f6d, 0xf7a0f68b, 0x58a52a01, 0x3bfefe63, 0x4601d8fe, 0x27216e01, 0xe74001e6, 
    0x70a08749, 0x7b4b5ae6, 0xdbdb68bb, 0xad30a4de, 0xc1fedc79, 0x3ff52ac7, 0x49de0501, 0x8282175b, 0xffff2d76, 0xecff8700, 0xd2056506, 0xc5002600, 
    0x07261082, 0x3f020a01, 0x17850000, 0x83ac0821, 0x19012117, 0x04201785, 0x1782a782, 0x00008b24, 0x17853f04, 0x01000429, 0x01910a07, 0x54f8fdc8, 
    0xfd240533, 0x2b35b0f8, 0x0a203b86, 0x2c202385, 0x06203b85, 0x27084383, 0xfe690002, 0x05eb065e, 0x001500e6, 0x4b870024, 0x585019b0, 0x01141140, 
    0x1d1e0205, 0x04040304, 0x01010505, 0x1b4c0304, 0x03201384, 0x5920138c, 0x1c282c85, 0x02050500, 0x02030661, 0x2106cf53, 0x9b196101, 0x06250d7d, 
    0x56030301, 0x5324844d, 0x228c07f2, 0x10405928, 0x20220000, 0x8182191b, 0x26152508, 0x0b071126, 0x11012b19, 0x11071121, 0x2223020e, 0x35350224, 
    0x32210010, 0x01251716, 0x33161415, 0x11373632, 0x08055344, 0xfeeb064e, 0xa02b9ad8, 0xfed183db, 0x62019dd7, 0xfc9e3d01, 0xfb1d014c, 0x50c3a798, 
    0x8127247d, 0x05a4c946, 0x068cf8d2, 0x8efc4413, 0xa93b5e36, 0x78dc3c01, 0x73014e01, 0xfd813d58, 0xf7d36843, 0x79032029, 0xddeb2325, 0xffff0000, 
    0x00004b00, 0x250b1f69, 0xc700720b, 0x3f41deff, 0xff310805, 0x2b35b0de, 0x00020000, 0x06000031, 0x00d20576, 0x0018000f, 0x0f2d4030, 0x00010201, 
    0x01004c01, 0x03040105, 0x00670401, 0x4d560000, 0x02030300, 0x05095460, 0x1010103d, 0x23171018, 0x06122126, 0x012b1a0b, 0x11211327, 0x16043221, 
    0x04061415, 0x82112123, 0x323608e0, 0x26343536, 0xde0f0123, 0x010d02f5, 0x0001af0a, 0x00ff8a8a, 0x01c4fdaf, 0x7d0a0132, 0x037d8d8d, 0xc1017b96, 
    0xd675f5fd, 0x78db9792, 0x99fd3a05, 0x748125fe, 0x67827a6c, 0x6c00012c, 0xea04ecff, 0x1d00e605, 0x84417000, 0x120a2d05, 0x01030201, 0x0101134c, 
    0x0a401b4a, 0x04200682, 0x02211083, 0x06a3414c, 0x98821720, 0x04610125, 0x82010101, 0x020224a3, 0x44056100, 0x1b2205f2, 0x85431b40, 0x03032105, 
    0x8a071045, 0x4059311d, 0x17000111, 0x0a0e1115, 0x00050608, 0x061d011d, 0x28050f45, 0x21113526, 0x20211011, 0x05894111, 0x36350728, 0x16323336, 
    0xda821115, 0xab023508, 0x95fdfea7, 0x0a013501, 0x3e010601, 0x172f124c, 0xb6274725, 0xfcfe94d3, 0xa9e77714, 0x21fcdf03, 0x1001f0fe, 0x41575c02, 
    0x09f40403, 0xfdc5d209, 0x77e8a8a4, 0x2708d382, 0xfe650002, 0x06b005a1, 0x00100038, 0x403d0019, 0x00010e3a, 0x074c0105, 0x04010401, 0x00050086, 
    0x00050100, 0x06060067, 0x57063b47, 0x19230c5f, 0x82111317, 0x210f2b36, 0x08111111, 0x012b1a0b, 0xa0822301, 0x3315212b, 0x14150420, 0x15010706, 
    0x07ed4701, 0x64043108, 0xfee41dfe, 0xf93601c8, 0x27010201, 0x0c028198, 0x78f7edfb, 0xf77c787c, 0x9303a1fe, 0x3806ccfd, 0xa6d6e266, 0x33fc35c4, 
    0x018a040d, 0x75646075, 0x002d9a82, 0xffa20001, 0x05fc06ec, 0x002400d2, 0x066f4166, 0x40821a20, 0x82011f21, 0x1b4c2386, 0x0c850a40, 0x41020621, 
    0x1538086f, 0x01020305, 0x044d5601, 0x00020201, 0x02060762, 0x005d0000, 0x19401b4e, 0xc8821786, 0x1c875720, 0x35058941, 0x230b4059, 0x15231311, 
    0x08221323, 0x252b1e0b, 0x22230606, 0xc6823526, 0x8a05f342, 0x2113820a, 0x1e842721, 0x6a032e08, 0xb678ab35, 0x582801ba, 0x19655746, 0x59280104, 
    0x1a655246, 0xf1fe2b01, 0x669b350d, 0x549ea56e, 0x04f5c95e, 0x6fd8fb28, 0x2834445e, 0x3709852d, 0x8304333f, 0x41772efa, 0x0200524a, 0x5efea600, 
    0xe6054705, 0x1c001000, 0x0c2ed987, 0x00030101, 0x030d111c, 0x4c020301, 0x0e83401b, 0x0e870220, 0x27064d42, 0x03030012, 0x02046100, 0x5c2ad582, 
    0x0101004d, 0x1b4e015b, 0xeb831640, 0x844d5621, 0x0000221a, 0x26188700, 0x000d4059, 0x82181a00, 0x19103461, 0x180b0523, 0x3615012b, 0x04323336, 
    0x14151512, 0x82050002, 0x015008cc, 0x35350024, 0x23262634, 0x01070622, 0x518331da, 0x9d1601b5, 0xfe78fed1, 0x01ccfeec, 0x011a0134, 0x74823317, 
    0x052e8555, 0x1d1922d2, 0xd8dafe95, 0x90fed634, 0xfe55e7fe, 0xfa7407f3, 0x6f01689a, 0xb87138dc, 0x0031386d, 0x89000100, 0xd30460fe, 0x1324cf82, 
    0x0a405100, 0x0725ba83, 0x02010201, 0x05b3414c, 0xaa821620, 0x04610322, 0x23058e44, 0x4d570202, 0x20077a77, 0x82b4821a, 0x010121b9, 0x87090343, 
    0xb7592e1c, 0x23121123, 0x1b0b0510, 0x1121012b, 0x20a48234, 0x20b28207, 0x08c38421, 0x15161625, 0xd2fed304, 0x7b84747e, 0x2b01d5fe, 0x8b509443, 
    0x60fe88e5, 0x676fc105, 0x0555fb4c, 0x252233d2, 0x828fcb6b, 0x00022664, 0x04ecff68, 0x089782f2, 0x3700294e, 0x3e404100, 0x00020724, 0x020e1d01, 
    0x4c020004, 0x07000106, 0x00050401, 0x01036904, 0x4d5c0101, 0x02050500, 0x02020062, 0x2c4e025d, 0x3300022a, 0x2c372a30, 0x17222337, 0x00080914, 
    0x08290229, 0x012b160b, 0x35363233, 0x35272634, 0x14228182, 0x05840706, 0x23230623, 0x057e4922, 0x3526262c, 0x15373634, 0x14150606, 0x7c491716, 
    0x08308407, 0x1d9d025e, 0x3f3f8b74, 0x525bf0c7, 0xff915951, 0xfea717a7, 0x525991ff, 0xc8ee5952, 0x8e893b42, 0x8d8c7417, 0x89741773, 0x3db9038a, 
    0x0e47426a, 0xbcc901ef, 0x3a2e976c, 0xd89a74b1, 0x99d77172, 0x2e3bb275, 0xc8bd6c97, 0x480eef01, 0xfc3c6b41, 0x7773757b, 0x79747677, 0x55000100, 
    0x42040000, 0x1d3edf82, 0x35403800, 0x0004011a, 0x02004c01, 0x02010001, 0x01008000, 0x00610301, 0x4d5c0303, 0x25820105, 0x04005f35, 0x4e045704, 
    0x1b1c0002, 0x0d0e1113, 0x1d00090b, 0x86061d02, 0x423620d4, 0x60470808, 0x08d98205, 0x0214154b, 0x11211107, 0x5469cf01, 0x591d225a, 0x015f5c5a, 
    0xd87dd9fe, 0x7aecaa88, 0xc7feadb4, 0x854efd01, 0x89409d52, 0x844f6b5f, 0xfa936ec7, 0xfebb9d9a, 0xe8fe33e4, 0x0000fd01, 0x60000100, 0xb4050000, 
    0x0600d205, 0x1e402100, 0x82908201, 0x01013b97, 0x02034d56, 0x57000002, 0x00004e00, 0x06000600, 0x0b041211, 0x01212b18, 0x01822101, 0xfe5d0439, 
    0xfeaefead, 0x010802a8, 0x04090243, 0x05a1fb5f, 0xff2efad2, 0x82bb00ff, 0x4748202b, 0x34270563, 0x01070000, 0x820d0219, 0x0001333e, 0x04ecff84, 
    0x00c205a4, 0x4019001f, 0x02011116, 0xf2824a01, 0x82610021, 0x005d341b, 0x27191b4e, 0x2b170b02, 0x021e3701, 0x23001415, 0x82022622, 0x241229e2, 
    0x020e1737, 0x16161515, 0x0805c841, 0x84aa0242, 0xfe65aa67, 0xf3a4e9e7, 0x5501bd87, 0xd78b20e4, 0x6875017b, 0x02707463, 0x9429d7f4, 0xffe676c6, 
    0x06019200, 0x01ef3eae, 0xf41ddd69, 0xc2f88718, 0x749c8b6b, 0x00977367, 0x42000200, 0xe205ecff, 0x12309782, 0x3c001e00, 0x01013940, 0x01110002, 
    0x4c020205, 0x2b06214d, 0x0203066a, 0x4d560000, 0x04040107, 0x3c057847, 0x13144e01, 0x181a0000, 0x1e141e13, 0x12001200, 0x08122326, 0x092b190b, 
    0x06012102, 0x4ca38206, 0x32270579, 0x32010117, 0x4b343536, 0x410806c0, 0x4c010402, 0x4d014501, 0xcc2f76fd, 0x6fbb727f, 0x2872bb6f, 0x018afe27, 
    0x56563d27, 0x5555413d, 0x50fdd205, 0x10fbb002, 0xb76d8a6c, 0x6fb96f70, 0xfbc20207, 0x4b4b4f17, 0x4b4b4d4d, 0x0100004f, 0xa7828700, 0xe6056626, 
    0x8b002700, 0x2c058f43, 0x081f2011, 0x04030407, 0x03020113, 0x23b68212, 0x401b4c03, 0x0522138d, 0xc1460302, 0x001f2907, 0x04020403, 0x00800203, 
    0x3106304a, 0x02004d5c, 0x06610102, 0x01010205, 0x1b4e015d, 0x21912340, 0x05010624, 0x27855705, 0x3a059e7a, 0x000e4059, 0x00270000, 0x25252427, 
    0x0b072329, 0x11332b1b, 0x32330034, 0x43011704, 0x22230645, 0x41372726, 0x26250797, 0x01352323, 0x08ff8426, 0x01871146, 0x01a0f219, 0xb4fe8a56, 
    0xee88e2be, 0x45af519b, 0x39733154, 0x865f8475, 0x12018a3b, 0x77538832, 0xf6d50366, 0x6e911b01, 0xeb1777fe, 0x6eca8aae, 0x14e61c1f, 0x6162701b, 
    0x01bb2768, 0xa536263c, 0x002bfc79, 0x2805cf5f, 0x048b04ed, 0x0206026c, 0x088b8223, 0x80000220, 0xb904edff, 0x16006c04, 0xa4002200, 0x501ab04b, 
    0x0a0a4058, 0x04020501, 0x02040001, 0x0c871b4c, 0x0c820120, 0x1e855920, 0x05001932, 0x03610205, 0x59020201, 0x0401074d, 0x01610004, 0x22076146, 
    0x8224b04b, 0x8a1d203f, 0x01002320, 0x25865701, 0x46010621, 0x21210686, 0x823a8300, 0x61032624, 0x5f030300, 0x3723914d, 0x17405959, 0x00011718, 
    0x22171c1e, 0x0e102218, 0x06070809, 0x16011600, 0x3405114d, 0x23272626, 0x21112115, 0x023e3315, 0x12163233, 0x06021415, 0x0b2b4227, 0x5cf35a08, 
    0x0b15507e, 0x2a01d7fe, 0x7e4d150a, 0x7ccf7c5e, 0x75ddce79, 0x74767b7c, 0x3d137e7d, 0x04b32d5c, 0x5e2cbc5e, 0x00ff8040, 0xfffebabf, 0x94bcf185, 
    0x98b6ba94, 0x0000b898, 0xff3f0002, 0x044905ec, 0x002a006c, 0x40320034, 0x01070d2f, 0x2d000203, 0x040e1523, 0x4c020205, 0x82f58204, 0x82c982ef, 
    0x050521b6, 0x5d30c084, 0x29264e03, 0x2324252a, 0x2b1c0b06, 0x36362713, 0x17209382, 0x072a0585, 0x22232626, 0x16070606, 0xd67b1617, 0x36372209, 
    0x21168437, 0x514a0601, 0x26650806, 0x913393d2, 0x579f6465, 0x6566a256, 0x1995368e, 0x3c231c3b, 0x0504394a, 0x8db05d38, 0x3e60b08f, 0x5e560203, 
    0x013b1d32, 0x1e1532d9, 0x0101131c, 0x3cb02303, 0x7d7e785d, 0xb03d5c79, 0x672d261b, 0x6008065a, 0x7c795dca, 0xcb5d787d, 0x8304046b, 0x38fe2665, 
    0x20102a5b, 0x00281020, 0x00010000, 0x0446fe62, 0x2cd38232, 0x403b0021, 0x05040038, 0x01040501, 0x23178280, 0x7e000105, 0x20098641, 0x08d58206, 
    0x00610229, 0x02610202, 0x1a00014e, 0x12151618, 0x04070910, 0x01210003, 0x160b0721, 0x3632052b, 0x020e2137, 0x26262223, 0x84341135, 0x4f1620e0, 
    0x47080661, 0x14111506, 0x60021616, 0x01016751, 0xd17c0119, 0x72e4ac80, 0x89aae473, 0xfe0175d0, 0x5b5f01e7, 0x1c1d595a, 0x4856cc5a, 0x9166b274, 
    0xde019af8, 0x6792f99a, 0x6f4e84c0, 0xfe479060, 0x608e4722, 0x89000200, 0xa10488fe, 0x1d2aa382, 0x63003000, 0x00011db5, 0x38470101, 0x00243206, 
    0x04030405, 0x00800305, 0x03040103, 0x04007e01, 0x21a68404, 0x23824d5f, 0x47600021, 0x21200746, 0xce82268f, 0x64000122, 0x042a2d88, 0x0940594e, 
    0x2a282928, 0x315d1011, 0x21352805, 0x26272626, 0x86353502, 0x15152bcb, 0x07060614, 0x021e2306, 0x11480317, 0x08128206, 0x16171659, 0x36323316, 
    0xfc200436, 0x17a601d7, 0xc2993d65, 0xa8a8e97a, 0xb96c7bea, 0x2e190e73, 0xa923727b, 0x7f5a6326, 0x0e416162, 0x6654111c, 0xec88fe2d, 0x7a304714, 
    0x14a30a01, 0x858efda7, 0x89149def, 0x021287d4, 0x256f7027, 0x58140203, 0x8bb95993, 0x259d7114, 0x47560306, 0x5024059b, 0x4504ecff, 0x172bf782, 
    0x43001f00, 0x01044040, 0x82030201, 0x4c022afc, 0x00050107, 0x02050102, 0x43c18267, 0x00210928, 0x06464361, 0x01181833, 0x181f1800, 0x101a1c1e, 
    0x080a0b0e, 0x01170006, 0x061e4317, 0x28064244, 0x12352137, 0x16323300, 0x08d88412, 0x26261351, 0x07062223, 0x981d0215, 0x35943edf, 0x8d75458e, 
    0x013cfd0e, 0xaae10401, 0xf7857aeb, 0x6a600d48, 0x14056b56, 0x41a35370, 0x7e727f36, 0x20010201, 0xa3fcfe97, 0x8ff49827, 0x8b60a702, 0x000f6e6e, 
    0xffff0000, 0x23feceff, 0x3c060d03, 0x44060602, 0x513e053f, 0x67045efe, 0x1b003c06, 0x37002700, 0x01123440, 0x191c0203, 0x0104030b, 0x00021a1b, 
    0x68180304, 0x00230865, 0x82030002, 0x826920da, 0x620021cd, 0x2805b341, 0x2424252c, 0x1b0b0522, 0x05f7452b, 0x36343526, 0x11173233, 0x16220583, 
    0xae830717, 0x05111527, 0x07260107, 0x06284306, 0x03354508, 0x85ac2d1a, 0xaac9bdae, 0xc4d02f2f, 0x192d5430, 0x81234616, 0xfe8e0a01, 0x30333858, 
    0x2e293631, 0x48f7fe3f, 0x817b8951, 0x150409a8, 0x0a0bd9cc, 0x930503e3, 0xafd633fb, 0x041b4501, 0x25243004, 0x0037382e, 0x84378882, 0xa30451fe, 
    0x1a001506, 0x67002600, 0x01150e40, 0x010d0403, 0x820e0301, 0x4c0321f4, 0x2305d957, 0x0401061e, 0x0427b082, 0x05006903, 0x82610005, 0x4d5e25b0, 
    0x02010100, 0x22061f43, 0x821c401b, 0x04052412, 0x89690500, 0x331e8928, 0x1c0f4059, 0x1b20221b, 0x24261c26, 0x07232524, 0x132b1a0b, 0x26076542, 
    0x32331411, 0x4b061537, 0x05830560, 0x44052621, 0x4d0808bb, 0x6f841606, 0xbd7172bb, 0x33258d70, 0xb3274d21, 0x713b39c7, 0x9d016fbb, 0x3b58573c, 
    0x55015442, 0xb86f8004, 0x6fb86e6e, 0x09a566fb, 0xd00609ea, 0x101403c5, 0x4d27b86e, 0x4d4c4b4d, 0x004d4d4a, 0x4d00ffff, 0x7304f2ff, 0x06027404, 
    0xa1828502, 0x0f820220, 0x06ea2708, 0x006c0467, 0x002d0025, 0x26444047, 0x13141a22, 0x05060c0d, 0x27010309, 0x0304021b, 0x03004c02, 0x03050400, 
    0xde876904, 0x844d5f21, 0x450620f2, 0x013a05ae, 0x1f292b00, 0x1116171d, 0x00080a0f, 0x07250125, 0x052b160b, 0x35262622, 0x51422535, 0x36252605, 
    0x04323324, 0x05b64617, 0x84173721, 0x072728d8, 0x0513020e, 0x82331616, 0x025408d9, 0x8dee925a, 0x8712f602, 0x19714f64, 0x0129f1fe, 0x01d3c301, 
    0x1cfc2c16, 0x27133e34, 0x4f203310, 0x1f7c7f31, 0xf085033a, 0x0d25fe4f, 0x7e756675, 0xbffc7c16, 0x6d6a741e, 0x8b324043, 0x26bcd5a8, 0x060998b3, 
    0xaa1b14af, 0xffa90898, 0x480b028f, 0x759d7968, 0xeb82da82, 0x78fe6324, 0x2e19ce04, 0x1f871783, 0x0223062f, 0x004b0527, 0x018cfe00, 0x00930a07, 
    0x263a82c1, 0x0100b109, 0x638cfeb8, 0x3808085f, 0x0451fe63, 0x005e04f8, 0x00320025, 0x18564059, 0x19040301, 0x03020212, 0x0105010b, 0x05060120, 
    0x03212223, 0x4c050600, 0x01030200, 0x80010203, 0x04030300, 0x0404005f, 0x080c5359, 0xa2545d20, 0x07210805, 0x61000001, 0x00014e00, 0x292b2f31, 
    0x13151617, 0x07090f11, 0x25012500, 0x2b160b08, 0x022e2201, 0x05dd4235, 0x34353639, 0x35232326, 0x35213501, 0x15011521, 0x1415021e, 0x27071707, 
    0x18130606, 0x0808ccad, 0x3632335a, 0xa7523a02, 0xaaca548a, 0x034dd282, 0x01b0778e, 0x0392fd53, 0x7f67fee4, 0x962860b5, 0xd74a947e, 0x9d3d034d, 
    0x88403a53, 0xfe5d3c67, 0x7b502651, 0x58998254, 0x5b161638, 0x6201d77b, 0xfecff70b, 0x770a0c58, 0x566373bd, 0x3c709d71, 0x02230146, 0x222a452f, 
    0x001c322d, 0x01260082, 0x78fe5e00, 0xf382c904, 0x75001f37, 0x010a0b40, 0x08100102, 0x02020302, 0x27b04b4c, 0x25405850, 0x06325300, 0x31530020, 
    0x21f1820d, 0x83440404, 0x005b2505, 0x22401b4e, 0x0425278f, 0x04000106, 0x087d5700, 0x4e02593a, 0x01134059, 0x191b1c00, 0x0e111317, 0x000b0c0d, 
    0x071f011f, 0x012b160b, 0x53052f4c, 0x1523055b, 0x55011521, 0x40080ea0, 0xfffea397, 0x9cc86195, 0xed036efe, 0x4d018dfd, 0x8c908f9d, 0x0790686e, 
    0x91053401, 0x7078fefa, 0xb66683c8, 0x010c0e7e, 0x0afcde99, 0x7ed7a2fe, 0x6370625e, 0x6dc58456, 0x00010000, 0x0445fe69, 0x20db8225, 0x05b76328, 
    0x26000529, 0x05040203, 0x82004c02, 0x29cf8204, 0x01020080, 0x7e010205, 0x00570500, 0x4d592305, 0x254c0100, 0x03612d05, 0x232a124e, 0x06102e12, 
    0x132b1c0b, 0x16219482, 0x05144616, 0x25068144, 0x06142137, 0x1c572306, 0x374e0805, 0x34353636, 0x25352323, 0x8503a021, 0x9889b6fe, 0x7b75bc6e, 
    0x4c495f57, 0x1a010580, 0x8f9cd56f, 0xd8c974d2, 0xee9c6969, 0x3cfe1201, 0xfead5e04, 0x6ba620e5, 0x1b538464, 0x3729461b, 0x58594136, 0x98556da8, 
    0x2aa28765, 0x653c3814, 0xb783ebae, 0x00008031, 0xd2052106, 0x36002800, 0x17183340, 0x4c040202, 0x02460630, 0x02023d0a, 0x01056000, 0x00570000, 
    0x1c00014e, 0x0a13151a, 0x00040507, 0x06270128, 0x212b160b, 0x2206b44f, 0x82322133, 0x27272c9c, 0x24343524, 0x17163233, 0x4d262605, 0x1720058a, 
    0x08068848, 0xce190272, 0x842c01cb, 0x60590602, 0xbefec091, 0xc8d30201, 0xf6fe1fec, 0x4a526012, 0xc94f4164, 0xfcf89ea2, 0x5304b7c8, 0x3c848efb, 
    0x241c5535, 0xbaa1f53a, 0x392f88a2, 0x2a323f49, 0x20281138, 0xc19b818c, 0x5f000200, 0xa8030000, 0x0700b005, 0x6c000f00, 0x501eb04b, 0x02244058, 
    0x07010001, 0x80070001, 0x00070109, 0x05070405, 0x01010067, 0x01085f03, 0x27057358, 0x04570404, 0x22401b4e, 0x18822688, 0x00010025, 0x88670103, 
    0x0106212f, 0x59302484, 0x08081840, 0x0f080000, 0x0d0e0f08, 0x090a0b0c, 0x072c6682, 0x0a111111, 0x012b190b, 0x21112311, 0x07870382, 0xdba80327, 
    0x03da6cfe, 0x08058349, 0xfdb0052b, 0xfe9b01ba, 0xfc460265, 0x01b9fd97, 0x0262fe9e, 0x00ffff47, 0x0446fe51, 0x026c048e, 0x00920206, 0x00010000, 
    0x04000062, 0x3f334e32, 0x4e023e21, 0x3e230932, 0x4e323302, 0x32080a31, 0x5a537bbc, 0x5a5a1e23, 0xfe036850, 0xcf7c02e8, 0x72e5ad7f, 0xd3feabab, 
    0x53013302, 0x4e5c568c, 0x4855598c, 0x9164b275, 0xbd5c99f7, 0xfe31e2fe, 0x8c3302a3, 0x242e0897, 0x3f404200, 0x04030123, 0x06004c01, 0x06050405, 
    0x08098004, 0x01020302, 0x00030100, 0x05050067, 0x07006107, 0x004d5c07, 0x5f010404, 0x256a0100, 0x00242706, 0x27122324, 0x00821121, 0x1e0b0a2e, 
    0x2315012b, 0x23352115, 0x33353335, 0x1528aa96, 0xfeceaa03, 0x88d1d1d3, 0x0126ad93, 0x8787b73e, 0xb094f5b7, 0x001f2e08, 0xff720001, 0x052704ec, 
    0x00280047, 0x1cb04b5f, 0x24405850, 0x02010200, 0x00060085, 0x07060007, 0x00010480, 0x035f0100, 0x59010101, 0x21ab824d, 0xb5826205, 0x4e055d25, 
    0x8c22401b, 0x01032226, 0x21298201, 0xd5820106, 0x87070721, 0x40592524, 0x2b13230b, 0x1122c682, 0xc8830818, 0x27263625, 0x8335022e, 0x211123ca, 
    0xd6823311, 0x041e1423, 0x078c4315, 0x1e214a08, 0x36323302, 0x4e010403, 0x4e723735, 0x2d01a0a0, 0x5435bebe, 0x7335535e, 0xd79c8fd2, 0x031b016e, 
    0x50305b3e, 0x322d015c, 0x55201f3d, 0xd731748e, 0xf3fe0d01, 0x554633d7, 0x643f3038, 0x56966151, 0x3a57a86e, 0xff3b1d44, 0x071742ff, 0x09260223, 
    0x31bd824f, 0x006b0b07, 0x00d0fd6b, 0x0101b109, 0xb0d0fdb8, 0x14822b35, 0x82620021, 0x053229f7, 0x001c00d2, 0x01314034, 0x2505a341, 0x03020301, 
    0x1a460201, 0x01052305, 0xe9540404, 0x05874f06, 0x1c2c0582, 0x22271c00, 0x0b062813, 0x11012b1a, 0x2a069349, 0x26262223, 0x16162127, 0x50363233, 
    0x3208067b, 0xd2021123, 0xe571afb1, 0x77cf86ac, 0x03180102, 0x5a5b5a5e, 0x5a5a1c1d, 0xfed20592, 0xe0fe30d7, 0xf8998bbf, 0x84be6792, 0x8e616d4d, 
    0x8e498b45, 0x4203025e, 0x8f860acb, 0x01030425, 0x1901004c, 0x220716af, 0x82610002, 0x4d5c267e, 0x04030300, 0x2299835f, 0x854e0457, 0x8618208f, 
    0x1121218f, 0x4b0a054b, 0x152a08d1, 0x17161614, 0xc4011133, 0xca4bb0b2, 0x4b143d0e, 0x5801af53, 0xbf1f0130, 0x91f89b5c, 0x4e85bf66, 0x468f616e, 
    0x6987385c, 0x00cbfd09, 0x7c3c8f82, 0x1c044cfe, 0x1f006c04, 0x09403f00, 0x1217181e, 0x01060001, 0x13b04b49, 0x11405850, 0x00221f82, 0x81827101, 
    0x0061022a, 0x005f0202, 0x10401b4e, 0x820cf258, 0xb5592a12, 0x03251222, 0x372b190b, 0x0af35835, 0x16323325, 0x82071415, 0x003c0803, 0x023e3505, 
    0x06273435, 0xe80201f4, 0xfe564a97, 0xd6d9f9d5, 0xfe9b87e4, 0xbd6ffe69, 0xb92261de, 0xb64ed6a0, 0x404a967c, 0xa8b5c2a8, 0xc7558aad, 0x4dc8feeb, 
    0x907b3ddc, 0x6a35515d, 0x220ac34a, 0x41230626, 0xff2305e3, 0x4171fd70, 0x712006e3, 0x3006e341, 0x04000080, 0x005e04a9, 0x402d000c, 0x0301052a, 
    0xcb641800, 0x05062d09, 0x59010102, 0x0201044d, 0x4e025702, 0x0c31c982, 0x11110c00, 0x07111112, 0x012b1b0b, 0x21013311, 0x08028201, 0x21112323, 
    0x5dac0111, 0x6b013501, 0x97015cfe, 0xd7fe95fe, 0x04d4fe5c, 0x013afe5e, 0xfdd4fdc6, 0xfec001ce, 0x825f8240, 0x1f002b80, 0x6805e6ff, 0x2600eb05, 
    0x24415e00, 0x26122f05, 0x10151620, 0x070d0e0f, 0x00010206, 0x7c82010d, 0x8e401b21, 0x82022014, 0x85592014, 0x820c202e, 0x4d5c2183, 0x01269482, 
    0x1b4e0160, 0x0e841040, 0x9d820020, 0x01004d22, 0x592f1283, 0x292d1ab5, 0x2b190b03, 0x26373501, 0x4e070726, 0x372606a3, 0x16010715, 0xb3493716, 
    0x26032707, 0x06062726, 0xbd820307, 0x1a960535, 0x451f4357, 0x78397022, 0x89bf3dae, 0x65214b01, 0x19452447, 0x3a0dfb58, 0xa001c1fe, 0x31881804, 
    0x060f0b23, 0x5b120de2, 0x2d863e64, 0x2e5799fc, 0x19dc080f, 0x080d0359, 0x00550425, 0x87000100, 0x5a0545fe, 0x2200d205, 0x13407b00, 0x01050104, 
    0x0402051d, 0x03011205, 0x02011106, 0x614c0403, 0x27280508, 0x06050400, 0x80060405, 0x5626c282, 0x0505004d, 0xc2825f01, 0x004d5929, 0x4d570606, 
    0x4b030300, 0x2989097f, 0x0021248b, 0x8938855f, 0x40593d29, 0x2422110a, 0x10112a25, 0x2b1d0b07, 0x21112113, 0x1e150117, 0x06060702, 0x26222304, 
    0x49062a4d, 0x5208088e, 0x01872111, 0x018d031c, 0xc89c66fe, 0x9101015f, 0x83a700ff, 0x22db4ada, 0x8a6e426b, 0x01b17b89, 0xfeeafd53, 0xfed205e4, 
    0x58fecf8c, 0xbc7e120c, 0x76d68f6f, 0x25ba444e, 0x6e74812a, 0x6201d77e, 0x00c7fc0b, 0xfe510002, 0x0493055e, 0x0015006c, 0x518d0025, 0x11260513, 
    0x02050114, 0xd35a181a, 0x20138c11, 0x0b405159, 0x02030625, 0x535f0202, 0x31560a38, 0x06212c08, 0x59030301, 0x0505004d, 0x94006102, 0x40592c23, 
    0x00161714, 0x161c1e00, 0x82251725, 0x27152487, 0x5a081125, 0x062008d9, 0x0805c348, 0x1234357e, 0x16323336, 0x32012517, 0x26351137, 0x06222326, 
    0x14151506, 0x93051616, 0x3a69d5fe, 0xe2aaadc9, 0xade47172, 0x013caf6e, 0x5688fd19, 0x32431831, 0x261f5956, 0xfa5e045c, 0x2bae0400, 0x7f5ce6fd, 
    0x1c9af891, 0x950401a8, 0xfc7c3852, 0x3d012e7d, 0x5d1e1cfe, 0x551c5c9a, 0x0000538c, 0xffa80002, 0x04c106ec, 0x0013006c, 0x4043002a, 0x01010a40, 
    0x004c0104, 0x03040305, 0x08800405, 0x3208c382, 0x01076100, 0x4d5f0000, 0x04040106, 0x01026201, 0x015d0101, 0x0114154e, 0x20232500, 0x141a1c1f, 
    0x0d2a152a, 0x0007090b, 0x09130113, 0x012b160b, 0x45120432, 0x272005f4, 0x2724c184, 0x17241234, 0x1628b483, 0x36323316, 0x15213535, 0x08083b53, 
    0xf9b50348, 0x55b65d01, 0x66f69dbe, 0xbe9df666, 0x01b70155, 0xd4b2f95d, 0x554a015d, 0x3b015f46, 0x56465e01, 0x04d45d4b, 0xdcfea36c, 0x93e77fc0, 
    0xe793d4d4, 0x2401c07f, 0xba71eea3, 0x7d98726e, 0x96bebe97, 0x6e72987e, 0xef4571ba, 0x30c78208, 0x4b5e0020, 0x58500cb0, 0x03002340, 0x03020002, 
    0x251c8272, 0x7e010002, 0xd05f0200, 0x4c5f2005, 0x0524090f, 0x24401b4e, 0x00212585, 0x26269b80, 0x27094059, 0x5f271222, 0x13200546, 0x230c0c46, 
    0x21070622, 0x20056651, 0x08f58515, 0x6226265c, 0x67031801, 0x1e585855, 0x5f585a1e, 0xe8fe035b, 0xaaceff03, 0xe47473e3, 0x7ad085a7, 0x554a7a01, 
    0x2252905a, 0x7762964d, 0x94edda62, 0x9e22a0ff, 0xb46592fb, 0x03000000, 0x74fe9900, 0xd2055105, 0x1c001400, 0x37002400, 0x21220d40, 0x0e111516, 
    0x01080407, 0x4b4c0100, 0xd6822eb0, 0x3c430b20, 0x06525905, 0x01000b22, 0x3608b86a, 0x1519b459, 0x2b180b02, 0x12343513, 0x11211137, 0x15151216, 
    0x82070206, 0x022e2309, 0xbd461101, 0x01500805, 0x17161415, 0x99060611, 0x2701d1f7, 0xf601f7d2, 0x84d9fed2, 0xef0275cf, 0xfd545646, 0x464656f5, 
    0x18200256, 0x210e01fa, 0x8ffe7101, 0xfbf2fe20, 0xf2fefb18, 0x017dfe20, 0xe6811583, 0x94fdef01, 0x187f8d1e, 0xf5fe917a, 0x1e8e7e18, 0x8f1f6b02, 
    0x012c8d82, 0xecff5000, 0x0006c602, 0x83001000, 0x2605b755, 0x0201060f, 0x820b0100, 0x4c022704, 0x49020100, 0x1189401b, 0x03010022, 0x2005b355, 
    0x05694617, 0x4d560122, 0x02224482, 0xaa450361, 0x851b2005, 0x82172041, 0x8d1386d8, 0x1540211e, 0x5f201983, 0x3b053945, 0x61030000, 0x5d030300, 
    0x59594e03, 0x121123b6, 0x1a0b0423, 0x1613172b, 0x37323316, 0x3e09045b, 0x3f180150, 0x0135a916, 0x08e5fe2a, 0x18527d29, 0x1e010733, 0x046e0603, 
    0x8100fa84, 0x82064f46, 0x002b087d, 0xfe650002, 0x067f055e, 0x002b0015, 0x40d60034, 0x00010a1a, 0x01010b02, 0x0a012c03, 0x06011f07, 0x0501180a, 
    0x04011706, 0x494c0605, 0x33280545, 0x03020000, 0x80030002, 0x2807f044, 0x01094d5e, 0x5f010707, 0x054a4908, 0x060a0a33, 0x06060062, 0x05004d5d, 
    0x00610405, 0x045b0404, 0x20da824e, 0x20f38220, 0x823a8731, 0x2333822a, 0x6707010a, 0x00204489, 0x40213894, 0x826e882f, 0x02012373, 0x3b8a6903, 
    0x59383193, 0x33104059, 0x112d2e31, 0x25252614, 0x10112324, 0x2b1f0b0b, 0x21112101, 0x2806dc4e, 0x22232607, 0x06111506, 0x095f4506, 0x84023d21, 
    0x2699080d, 0x35231135, 0x21110133, 0x33160611, 0x06013632, 0x1c012b01, 0x4c2bbbde, 0x35270322, 0xde01594d, 0x204c29bb, 0x1e2d1101, 0x8b2e564f, 
    0x378d804a, 0x4702a1a1, 0x3601e4fe, 0x055e2a40, 0x5df3fe47, 0x080bc3bb, 0x474809e5, 0xc3b943fb, 0x04e5070b, 0x26434b05, 0x5a180d11, 0x0f026ca2, 
    0x02b8fcd7, 0x42f1fd71, 0x00000d33, 0x14000100, 0xc002f0ff, 0x2200e005, 0x40404300, 0x0506011a, 0x0604011b, 0x0102010b, 0x06004c03, 0x00610506, 
    0x4d5c0505, 0x00000103, 0x07085f04, 0x06cb4f02, 0x5a610221, 0x418205fa, 0x22002222, 0x132edb82, 0x09111425, 0x012b1d0b, 0x23152315, 0xb4821411, 
    0x51173721, 0xc88205b9, 0x1722ef84, 0xef842615, 0x02153208, 0x6e05d1ab, 0x30102b12, 0xb5a35b5f, 0xb3bb9a9a, 0x2d17405b, 0x043e4615, 0xfd1ce15e, 
    0x040673f5, 0x95a71ce1, 0x46e15102, 0xd811a09c, 0x302a0403, 0x3c658246, 0xff8f0001, 0x049b04ee, 0x0022003a, 0x0ab04bfb, 0x08b55850, 0x01040801, 
    0xb04b1b4c, 0x200c840c, 0x860c8300, 0x59592114, 0x403e2284, 0x0800002d, 0x06000806, 0x07060080, 0x7e070608, 0x08000400, 0x69080400, 0x01010103, 
    0x5d575f02, 0x07072105, 0x5d22e384, 0x4a854e05, 0x4b274021, 0x29820796, 0x06000124, 0x2e990004, 0x58501c22, 0x402163af, 0x27938f2b, 0x01010302, 
    0x67010204, 0x00209c87, 0x593f9189, 0x0c405959, 0x25132224, 0x11111123, 0x1f0b0910, 0x1325012b, 0x15213523, 0x36360721, 0x4b163637, 0x252008d8, 
    0x0807cf45, 0x06222340, 0xf3fe1302, 0xc203a932, 0x231cf9fd, 0xd1bd4676, 0x7aaad261, 0x27018ddf, 0x5d536804, 0x42595f58, 0x0dce0151, 0xebeb7401, 
    0x011e13b8, 0x69abc203, 0x964761a7, 0x37380d77, 0x4f414250, 0x0082001e, 0x1f000239, 0xb2050000, 0x0d005e04, 0x33001600, 0x010d3040, 0x01010001, 
    0x61020104, 0x59200c46, 0x270b4661, 0x160e0e0e, 0x2423150e, 0x26054661, 0x21132713, 0x83323311, 0x2123239f, 0x0a820111, 0x35362c08, 0xe1232634, 
    0xf201e6c2, 0xf9f9dde5, 0x01effddd, 0x6150e52c, 0x4a025061, 0xfeb00164, 0xaaadd4a3, 0xfecc03d6, 0x4edbfe47, 0x84514541, 0x00142c83, 0x05740600, 
    0x00200068, 0x49f30031, 0x263805be, 0x03020300, 0x01060085, 0x72060109, 0x01020708, 0x055f0201, 0x02020204, 0x09248a82, 0x0a600009, 0x2705ee4f, 
    0x15b04b1b, 0x31405850, 0x07252d88, 0x07007206, 0x212b8807, 0x38990108, 0x38822420, 0x38883220, 0x09060123, 0x2439a580, 0x03002f40, 0x849b8705, 
    0x61052634, 0x5f050500, 0x216c854d, 0xa48f0104, 0x5959593d, 0x00011b40, 0x21222528, 0x10111315, 0x0a0b0c0e, 0x06070809, 0x20000405, 0x500b1f01, 
    0x232707a2, 0x21113335, 0x50362111, 0x04290e9b, 0x23041415, 0x14112301, 0x07c05016, 0x26267308, 0x14023435, 0x9a9ab6b0, 0x14022c01, 0xf0d05047, 
    0x0deefe16, 0x644a5360, 0x01c84e42, 0xdaf3fe41, 0x3be633fe, 0x572f0243, 0xa5c19064, 0x029ca19d, 0x0a01e43d, 0xb10ef6fe, 0x4e361298, 0x3b2b323f, 
    0xed3c250f, 0x7a03baa7, 0x4546ecfd, 0x1c523334, 0x7ba31f24, 0x00020038, 0x04ecff6d, 0x001406e7, 0x00370029, 0x230c4069, 0x01000206, 0x04020d1c, 
    0x01560200, 0x5f1b2006, 0x5e200d1a, 0x280b1a5f, 0x031b401b, 0x01000101, 0x20238985, 0x09385f00, 0x17405925, 0x5f012a2c, 0x222a063b, 0x08131621, 
    0x01290007, 0xfd820828, 0x5f160121, 0x345f143a, 0x0b3a5f05, 0x3b5f3320, 0xb867080e, 0x3b4b8e78, 0x505cf2bd, 0xfe915b51, 0xffa216a2, 0x51515c92, 
    0x3abdf25c, 0x19788a47, 0x8a8b7a16, 0x897c167b, 0x01a40389, 0x5852745c, 0xcf02e314, 0x32a57acb, 0x9c7aae36, 0xd46c6cd5, 0x37ae7a9d, 0xc979a532, 
    0x14e302d1, 0x5a755258, 0x6f6e7eef, 0x6e6f7f7f, 0x0003007e, 0x07ecff75, 0x00d20521, 0x00320023, 0x478f0041, 0x13350521, 0x07021a1d, 0x2d3a3b03, 
    0x0706042c, 0x0002080b, 0x1b4c0306, 0x20158f40, 0x20158201, 0x29308559, 0x0404001f, 0x01084d56, 0xf96e0707, 0x4d5f2905, 0x06060109, 0x01026100, 
    0x20077b62, 0x23219023, 0x57010100, 0x002e2688, 0x4e005d00, 0x3f0e4059, 0x2725253d, 0x02821323, 0x0b0a2425, 0x44012b1f, 0x2721060a, 0x06746215, 
    0x4a352621, 0x112207b5, 0x1c491121, 0x67052005, 0x0f640791, 0x05890805, 0x23263635, 0x11070622, 0x32331616, 0x21073636, 0x5785c169, 0xf1fe3288, 
    0x5f8f330e, 0x6969c184, 0x875886c0, 0x332c0132, 0xc0855888, 0x2381fa68, 0x5f46545c, 0x435f1c1b, 0x52045e77, 0x43765f01, 0x5f1c1d5f, 0x245b5346, 
    0xa5143402, 0x383e90ff, 0x47407362, 0x14a5ff90, 0x8d0001ab, 0xdc01383e, 0x3e3824fe, 0x14abff8e, 0x4157925a, 0x3aaa013a, 0x14a5b740, 0x3a3fb791, 
    0x403953fe, 0x00009257, 0xfe750003, 0x04210760, 0x0653416c, 0xd44b9920, 0x13132505, 0x01070210, 0x21065341, 0x53410122, 0x20158307, 0x4c158d02, 
    0x202b0605, 0x07070108, 0x02036101, 0x41010102, 0x042a074f, 0x5d000001, 0x05010a4d, 0x614a5b05, 0x02022305, 0x27864d59, 0x26960120, 0x1640592c, 
    0x3d3f0000, 0x2f313638, 0x9382282a, 0x2327232a, 0x0b232713, 0x012b1b0b, 0x4105a447, 0x37220953, 0x704a1733, 0x1127220d, 0x1c5d4101, 0x32350324, 
    0x54415888, 0x8f5f2b05, 0x0df21333, 0x855d8d33, 0x724168c0, 0x41fd2105, 0x25185b41, 0x020260fe, 0x55413e38, 0x41482807, 0x443e747b, 0x41abff8e, 
    0xfd230570, 0x41d403fe, 0x2908185d, 0x00010000, 0x04000082, 0x006c0416, 0x40340016, 0x01010a31, 0x054c0102, 0x02030401, 0x80020403, 0x00030300, 
    0x00000061, 0xa4654d5f, 0x252b820c, 0x16212416, 0x8a590623, 0x14152509, 0x21110706, 0x0807c445, 0x82152228, 0xd388cf74, 0xfe9996f6, 0x5b6570d4, 
    0x02a25348, 0x6bc788b2, 0xc797c9e1, 0x01b6fe1a, 0x5a666de7, 0xffffcc6a, 0x7b828000, 0x5e045226, 0xe6040602, 0x01206582, 0x052b0f83, 0x00d205db, 
    0x4037000d, 0x82010c34, 0x00012486, 0x824c0205, 0x4d562286, 0x250e8200, 0x0404005f, 0x6c6d4d59, 0x45022005, 0x378205c8, 0x0d000d31, 0x12111111, 
    0x1b0b0711, 0x2115252b, 0x82210135, 0x3f038289, 0xdb050115, 0x160262fc, 0xd4fe59fd, 0x23042c01, 0xefefe9fd, 0xfcb902b4, 0xfed20593, 0x43fdb28c, 
    0x003c3a82, 0x00730002, 0x05f50300, 0x000c00b2, 0x40710019, 0x0104090e, 0x16000203, 0x07030e11, 0xbf5a7982, 0x031d2705, 0x00020201, 0x1a820a5f, 
    0x56000035, 0x06090b4d, 0x07050503, 0x0701085f, 0x4e075707, 0x841b401b, 0x23248219, 0x67020005, 0x59321d8e, 0x0d0d1b40, 0x190d0000, 0x1718190d, 
    0x12131415, 0x6a820f10, 0x11120c2c, 0x0b0c1212, 0x13012b1a, 0x02823313, 0x03230322, 0x1b210282, 0x2e0b8902, 0x66404001, 0xcd3f689b, 0x7875a8a2, 
    0x8bcda4a7, 0xb205370c, 0x3001d0fe, 0x2d01d3fe, 0x4a01b6fd, 0x4a02b6fe, 0xd2fe96fc, 0xe5832e01, 0x84b8fd21, 0x00482111, 0x01360082, 0x00001e00, 
    0x1506f302, 0x56001300, 0x010b0a40, 0x010c0304, 0x93450402, 0x051a3407, 0x01060201, 0x01020001, 0x04040067, 0x03006103, 0x824d5e03, 0x00572136, 
    0x1828d282, 0x04000300, 0x69040302, 0x002c248a, 0x4e005700, 0x110a4059, 0x11222411, 0x08050250, 0x1121214b, 0x36333523, 0x16323336, 0x23260717, 
    0x15330722, 0xfeee0123, 0x0ea6a4d4, 0x4f29b0d9, 0x37220420, 0xddd71c86, 0xa4b90c04, 0xe6070bac, 0x00b96109, 0x00ffff00, 0x04e8ff8a, 0x00d205bf, 
    0x39720406, 0x00010000, 0x0500006d, 0x3a0f8245, 0x402f0013, 0x07090a2c, 0x02040503, 0x05010002, 0x01086700, 0x4d560606, 0x55010103, 0x13230693, 
    0x87111300, 0x0b0b2700, 0x15012b1f, 0x83821123, 0x35210383, 0x06be7333, 0xfc450535, 0xfeb0d3fe, 0x01d1d1d2, 0x2d01b02e, 0xfbb96305, 0x83aa0456, 
    0x6fb92103, 0x6f820082, 0xecff9130, 0x2a069b04, 0x1a001f00, 0x11121740, 0xe8630301, 0x23042119, 0x2606e863, 0x06173700, 0x60150206, 0x353c0566, 
    0xaa022634, 0x63a66583, 0xa0e4ebfe, 0x01b683ee, 0x8560d544, 0x697593eb, 0x026d7261, 0x3a05e863, 0x0192ffe7, 0xed3eae06, 0x0c017f01, 0xc037e242, 
    0x5bcadefe, 0x6c769e90, 0x82009574, 0x00022a00, 0x054cfe38, 0x005e0426, 0x24858213, 0x02354038, 0x20f08201, 0x0ce7634c, 0xae505920, 0x01612c09, 
    0x0014154e, 0x14191b00, 0x821f151f, 0x26132b32, 0x0b081323, 0x13012b19, 0xe9631317, 0x5d13200f, 0x142e0801, 0xc4370216, 0x4301de0a, 0xc74755fe, 
    0xfd82709d, 0x72bc2d08, 0xf0fe1616, 0x55563ce7, 0x5958413d, 0x6afd5e04, 0xfbc80232, 0x6ea3bf50, 0xb96f6fb7, 0xea02036f, 0x4b4cebfa, 0x4d4e4e4d, 
    0x01004c4b, 0x4f059b55, 0x0126bcab, 0xecff7b00, 0xc382df04, 0x2e003132, 0x01042b40, 0x61010202, 0x01010105, 0x01064d5f, 0x0809954e, 0x2700012c, 
    0x1a242526, 0x0c0d0e18, 0x0131000b, 0x160b0731, 0x3632252b, 0x26343536, 0x36343526, 0x22153336, 0x16141506, 0x0e141516, 0x7a5c2302, 0x221b8305, 
    0x83323523, 0x84062013, 0x024c081b, 0x2a716bac, 0xa9433637, 0x36352199, 0xdc7c3235, 0x7bdba9a9, 0x35343432, 0x43aa9b21, 0x732c3839, 0x336745da, 
    0x56949151, 0xe33d6842, 0x7f402721, 0x863c74a2, 0x75494975, 0xa2743c86, 0x2127407f, 0x41693de3, 0x51919456, 0x00456733, 0x2005176c, 0x28b7822b, 
    0x4b66001e, 0x585024b0, 0x059b45b5, 0x07831b20, 0x4c010422, 0x2606d746, 0x01010017, 0x82046102, 0x4d5f22d6, 0x23d08a05, 0x001b401b, 0x8d0b874d, 
    0x4059311d, 0x1b000111, 0x0e14161a, 0x0005060c, 0x061e011e, 0x1628ef83, 0x26113536, 0x07062223, 0x2105d254, 0x12581115, 0x11410807, 0x16061121, 
    0x61564a02, 0x21127001, 0x77412014, 0x7a799938, 0xd88d8ed9, 0x012b0179, 0x5f01dd5e, 0x8a41016f, 0x14d30305, 0xfe95bb18, 0x5bc59e8e, 0x029ec55b, 
    0x6f4cfdb4, 0x0002005f, 0x0460feb9, 0x2dc782a6, 0x001c0010, 0x111cb743, 0x0301030c, 0xd2844c01, 0x00114027, 0x61000303, 0x21b78202, 0xc8824d5f, 
    0x4e015b25, 0x4d15401b, 0x79460572, 0x01012109, 0x592a1782, 0x191128b6, 0x1a0b0422, 0x5447012b, 0x04022808, 0x11211507, 0x68361321, 0x3308096b, 
    0x8a32dc01, 0x64c28c5c, 0xe0c5fea6, 0x1801d4fe, 0x29dfb614, 0x5d494f5e, 0x3bef0319, 0xa4f78a42, 0xf5fec534, 0x05f43eb1, 0x30dffbfe, 0x5434bfe7, 
    0x3236558c, 0x2408a382, 0x04000022, 0x005d049b, 0x000e0007, 0x0c29402c, 0x01000401, 0x0004004c, 0x02040102, 0x00000068, 0x03054d59, 0x06824402, 
    0x5b080921, 0x3708063b, 0x2b190b06, 0x01210133, 0x07212721, 0x26263313, 0x22060627, 0x94016c01, 0xaffe7901, 0x3fa6fe42, 0x341fd381, 0x04321a1b, 
    0xd9a3fb5d, 0x77bc01d9, 0xdc756fd0, 0x80000100, 0x79286b82, 0x0b005e04, 0x24402700, 0x03245b82, 0x67030002, 0x23100557, 0x110b000b, 0x05570083, 
    0x46e58205, 0x113805d2, 0xa101ac01, 0xd4fe2c01, 0xd4fe5ffe, 0x59fe5e04, 0xa2fba701, 0x38fec801, 0x5b855082, 0x82ff0521, 0x831e200a, 0x111a225b, 
    0x235b8206, 0x01014c01, 0x0424c084, 0x02020303, 0x35056257, 0x181e001e, 0x06111811, 0x332b1a0b, 0x16132111, 0x36361716, 0x64831337, 0x37363428, 
    0x03070606, 0xce820323, 0x1516163f, 0xca018011, 0x112e1c9b, 0x971a3012, 0xdcfecc01, 0x481d0208, 0xa5fca221, 0x031c4621, 0x287e8207, 0x6dec5348, 
    0x0154ec6c, 0x328482b8, 0x7bfe50b9, 0xfe5dec80, 0x5db90147, 0xf97679e7, 0x8247fe4e, 0x000122dd, 0x20ef8214, 0x25938201, 0x40210007, 0x8b82021e, 
    0x26068556, 0x03030104, 0x824e0357, 0x00072223, 0x23ea8207, 0x2b190b05, 0x35328282, 0x11211521, 0x9ffe7501, 0xa0feed03, 0xecec7203, 0x22828efc, 
    0x0002003c, 0x034cfe77, 0x008a016d, 0x001e0016, 0x143e4041, 0x13000301, 0x02030201, 0x5382064c, 0x0321e882, 0x39248269, 0x04020504, 0x01050067, 
    0x00590501, 0x61010505, 0x01050100, 0x1d000151, 0x2f19181b, 0x162807a3, 0x0c071601, 0x32012b16, 0x1533de82, 0x23060616, 0x35352622, 0x23262621, 
    0x36270722, 0x45210136, 0x340805df, 0xba81ce01, 0xaf610163, 0x02c0b175, 0x4d6e1017, 0x27754c77, 0xfe3901a3, 0x464850c4, 0x698a0151, 0x781f6ab0, 
    0xb2d86aba, 0x59544764, 0xfe5a357f, 0x4a411115, 0x2da78254, 0xa900ffff, 0x0c02edff, 0x0602d205, 0x10829305, 0xd6000134, 0x8a010000, 0x0300b905, 
    0xb04b3000, 0x40585029, 0xbb6f020c, 0x00002305, 0xe1180057, 0x5d470c07, 0x32348205, 0x11030003, 0x2b170b03, 0x11231101, 0x05b48a01, 0x8247fab9, 
    0x245b8240, 0x020000b3, 0x300a8274, 0xdd750926, 0x09070000, 0x00ea0075, 0xffffff00, 0x201782ad, 0x2b17857c, 0x270000e3, 0x27ff6b0b, 0x0701d900, 
    0xfe310783, 0xb11100fc, 0xd9b00101, 0xb12b35b0, 0xfeb80102, 0x820882fc, 0x77003592, 0x5f090000, 0x1300b205, 0x09404700, 0x01040b10, 0x01000204, 
    0x2f06ae4d, 0x01050610, 0x56000003, 0x0203044d, 0x02570202, 0x1286a682, 0x875f0221, 0x40592212, 0x2faa820e, 0x14130013, 0x12121114, 0x2b1b0b07, 
    0x21130101, 0x03280282, 0x01313121, 0x07352103, 0x27080482, 0x013c0213, 0x320161fe, 0x0161fd01, 0xccfe9034, 0xfe6104fe, 0x04fe02ce, 0x8fc9fe60, 
    0x24fcb205, 0x25fcdc03, 0x4efadb03, 0x24260782, 0xd9030101, 0x918227fc, 0x00023e08, 0x038d026f, 0x00b00566, 0x0016000d, 0x0838403b, 0x01020501, 
    0x0101034c, 0x00850102, 0x05010702, 0x67050204, 0x00040400, 0x00010660, 0x4e007b00, 0x00010e0e, 0x150e160e, 0x06070f11, 0x38a08205, 0x0d010d00, 
    0x2b160d08, 0x33112101, 0x33371715, 0x15161603, 0x15010614, 0x051a4733, 0xfedf0132, 0x9192dc90, 0x4943b2f8, 0x98c9febe, 0x403e4142, 0x23317082, 
    0xfef201f1, 0x457c28d8, 0x7901a072, 0x272c34be, 0x26df8237, 0x01530001, 0x82c10252, 0x00192d8b, 0x05144065, 0x01000201, 0x04020015, 0x022e6182, 
    0x03010e04, 0x4b4c0402, 0x58502fb0, 0x14821a40, 0x0204032b, 0x01008003, 0x03010300, 0x213b8265, 0xa3826104, 0x4e048125, 0x8c20401b, 0x8357201c, 
    0x0002281b, 0x01006904, 0x83610301, 0x5951352d, 0x232425b7, 0x0d052212, 0x35132b1b, 0x37323316, 0x14113311, 0xdb640783, 0x352b0806, 0x22230606, 
    0x64362e53, 0x3230dc29, 0x5a141f20, 0x21707827, 0x0227385d, 0x4712e28a, 0xc8fc0f02, 0xc40b3829, 0x957a0903, 0x8238328c, 0x828e2080, 0x075031ce, 
    0x001e0010, 0x19124063, 0x1a040501, 0x01050001, 0x1020bb82, 0x1e5a0482, 0x001c2807, 0x04000405, 0x82800005, 0x0102248e, 0x82690200, 0x4d7e27ad, 
    0x01010103, 0xb382017b, 0x805e1e93, 0x251e8205, 0x24094059, 0x01821323, 0x1c0d062d, 0x3615012b, 0x16323336, 0x4e231117, 0x07200534, 0x11840883, 
    0x26154b08, 0x01062223, 0x466c2569, 0xdd01927d, 0x32433f01, 0x01da1342, 0x6221776f, 0x34222014, 0xa2ea052c, 0xa2903c36, 0xb60105fe, 0x23295964, 
    0x7303d9fd, 0x04087a96, 0x003609c3, 0x02420001, 0x05100283, 0x000f00b0, 0x31b04b66, 0x99565850, 0x1aab560a, 0x92562883, 0x56812009, 0x81210992, 
    0x20d38202, 0x055c4312, 0x08e54718, 0x4e027b22, 0x24068e56, 0x132b1a0d, 0x058e5635, 0x11332108, 0x06062723, 0x14422223, 0x29642031, 0x2220addc, 
    0x02283d65, 0x0b07e28a, 0xfc0f0247, 0x453c77dd, 0x012e4582, 0x00008700, 0xd2055e04, 0x1f000500, 0x11821c40, 0x035f022d, 0x20020201, 0x0101004d, 
    0x824e0121, 0x00053d10, 0x04111105, 0x012b1807, 0x21112115, 0xfd5e0411, 0x05cffe5a, 0x2bfbfdd2, 0xffffd205, 0x072d3f85, 0x09260297, 0x0100007d, 
    0x01ea0607, 0x0d837767, 0xfe212383, 0x856383c0, 0x07002b23, 0x9f00460b, 0xffff0000, 0x7b85c7ff, 0x06231786, 0x8295720b, 0x2153856f, 0x53838e05, 
    0x86330421, 0x91a62053, 0x00002953, 0xd2057305, 0x0e040602, 0x87844b83, 0x0f83e120, 0x84770121, 0xff5e2a0f, 0x059405ec, 0x000602e6, 0x0c4f7549, 
    0x9b010622, 0x31200f84, 0x5d263f82, 0x26029307, 0x63833904, 0x01940a23, 0x20639012, 0x20238233, 0x205384b5, 0x052b41d2, 0xecff3a08, 0xd2054c07, 
    0x27002100, 0x011b2440, 0x4c010105, 0x00020204, 0x034d2000, 0x05010101, 0x05010661, 0x4e052605, 0x22132424, 0x07112313, 0x132b1d07, 0x14112111, 
    0x36323316, 0x87088335, 0x06062507, 0x27262223, 0x24080584, 0x31018726, 0x6a62626c, 0x62ca2f01, 0x8732016d, 0xb46f91e9, 0x6eb83f3d, 0x0184e794, 
    0xfcfb03d7, 0x7b7d7705, 0x20078379, 0x2d0685f4, 0x4f70dba0, 0x704e4f4e, 0xffff00db, 0x9f821500, 0x8f825e20, 0x46042634, 0x07010062, 0xe3ff720b, 
    0x0900d101, 0xb80102b1, 0x1f45d101, 0x82872006, 0x05ae34b3, 0x002700e6, 0x210c407a, 0x08060220, 0x01020809, 0x514c0200, 0x223105a4, 0x0602090a, 
    0x01000103, 0x00670006, 0x61050808, 0x22c38207, 0x49004d20, 0x2625078e, 0x401b4e02, 0x21248b2a, 0x1e820505, 0x0708082c, 0x07070061, 0x04004d25, 
    0x04692104, 0x372c8208, 0x00124059, 0x00270000, 0x11232627, 0x26131111, 0x070b1122, 0x15012b1f, 0x2c05c45a, 0x06060537, 0x24222304, 0x11232702, 
    0x26018221, 0x24123633, 0x64043233, 0x6308078c, 0xfe870507, 0x8dc61944, 0x0121b376, 0xfeb2262c, 0xfeb29cfe, 0xe216b6e1, 0x3101cffe, 0x01b715e2, 
    0x0197b21f, 0xfe26b703, 0x78b622d9, 0x0319c58e, 0xb2c0f15f, 0x96267d7a, 0x019773d8, 0x92fdcb20, 0x8dfdd205, 0x992201cc, 0x269cd972, 0xc1b57f7d, 
    0x00020000, 0x05000031, 0x00d205c8, 0x0014000b, 0x112d4030, 0x012ae882, 0x0406004c, 0x06010201, 0xab826802, 0x074d2025, 0x42030305, 0x0d2106ed, 
    0x4828820c, 0x082205b2, 0x17491b07, 0x23032205, 0x08018211, 0x21130329, 0x27022627, 0x31070206, 0x9001fd01, 0xadfe0a02, 0x69f76699, 0x4701d294, 
    0x27482415, 0x05224425, 0x012efad2, 0x8332fece, 0x90022a03, 0x0a01723f, 0xf6fe9a98, 0x24838270, 0x07000087, 0x088382bf, 0x1c00132c, 0x35403800, 
    0x01000119, 0x010a4c01, 0x02050700, 0x03000203, 0x02090b68, 0x4d200101, 0x03040608, 0x02210202, 0x1500004e, 0x224e0014, 0x070c270b, 0x11012b1f, 
    0x01820121, 0x21268d86, 0x21112113, 0x93870111, 0x01b8013f, 0x011d0150, 0xfe0b028f, 0xf76599ac, 0xaffe946a, 0xfef3fe9e, 0x01c303cf, 0x49231548, 
    0x239e8428, 0x4203befc, 0xa683a289, 0xfcd2052d, 0x01703fbe, 0xfe99990b, 0x820070f5, 0x00022600, 0x06000080, 0x36ab8291, 0x001d0019, 0x022f4032, 
    0x01060001, 0x04000304, 0x08080069, 0x83005f01, 0x070927a7, 0x03030305, 0xa7820321, 0x001c1d35, 0x21190019, 0x11132311, 0x070a1311, 0x11332b1d, 
    0x82251234, 0x120422a7, 0x239f8215, 0x23232634, 0x45080682, 0x15062223, 0x13330111, 0x01ee8021, 0x056cfe0e, 0x016afe3e, 0xd1fef011, 0xfe687078, 
    0x787065ea, 0xee07d701, 0x42011efe, 0x050b01df, 0x5ffda102, 0xe0f4fe03, 0x5401befe, 0xb6fd7f77, 0x777f4a02, 0x3103acfe, 0x9f85b101, 0x00008724, 
    0x9f82f908, 0x001f2108, 0x40390023, 0x03010536, 0x00020709, 0x69000301, 0x020b0b00, 0x0201045f, 0x0c4d2002, 0x0406080a, 0x2706d241, 0x1f002223, 
    0x1a1c1f00, 0x1120a384, 0x0d27a682, 0x212b1f07, 0x4a373411, 0xac98068d, 0x36e8022a, 0xcffe9afe, 0x2c033101, 0x082db394, 0x011dfeee, 0xfd6c9c42, 
    0xfdd205b6, 0x08b79f5f, 0x40fe6936, 0x7b072f04, 0x37002e00, 0x49404c00, 0x06070130, 0x04030107, 0x15164c02, 0x09490102, 0x07060208, 0x07008506, 
    0x00850700, 0x02030004, 0x00670304, 0x5f000505, 0x2308f482, 0x02004d20, 0x00610102, 0x01260101, 0x2f2f2f4e, 0x12362f37, 0x24222413, 0x0a203b3b, 
    0x132b1e07, 0x15042021, 0x350b7375, 0x16141506, 0x26260717, 0x33363435, 0x35363233, 0x23232634, 0x09863535, 0x01216508, 0x15333717, 0x35012301, 
    0x010b01de, 0x7e160102, 0x81958c75, 0x3b3e9ce9, 0x55395a37, 0xabc2b797, 0x927f6e41, 0x78999488, 0xfe7b726f, 0x9e1801f5, 0xc9fef59e, 0x05c4feb7, 
    0x7fbbbdd2, 0xb02a30b7, 0x68be8286, 0x493b2935, 0xc020b218, 0x6c959697, 0x505f6661, 0x58536ba9, 0x8e9f0259, 0xe7fe0a8e, 0x000a1901, 0x2705c345, 
    0xd205a106, 0x11040602, 0x2e086f45, 0x029707df, 0x00530426, 0x06070100, 0x455e00ec, 0x0220056f, 0x09735318, 0x56fe5e2a, 0xe605db0a, 0x41012600, 
    0x0724f782, 0x2a06e603, 0x63293b84, 0xcc045efe, 0x2602e605, 0x23178405, 0x3b019a0a, 0x5e241784, 0x94055cfe, 0x00211783, 0x82538349, 0xffa12b17, 
    0xb10900fe, 0xffb80101, 0x637cb0fe, 0xfe4b2205, 0x09477bc0, 0x0b070025, 0x882b0246, 0x83a8208f, 0xd801219f, 0x26200f8c, 0x01270f83, 0x01720b07, 
    0x8578fe0b, 0x78fe214b, 0x14244b86, 0xbc06c0fe, 0x04216f83, 0x239f8350, 0x1703470b, 0x87203b84, 0xb8207d82, 0x00214b83, 0x260f84c5, 0x08000033, 
    0x18930759, 0x2307cb54, 0x9002940a, 0x82105b46, 0x36062197, 0x26223382, 0x4b843604, 0x09044522, 0x80203b84, 0x2226af82, 0x2600d205, 0x17843d04, 
    0xe2024922, 0x632a1784, 0x9e05ecff, 0x26028f07, 0xeb845104, 0x18009021, 0x83174355, 0x85302023, 0x18012023, 0x82174355, 0x41052123, 0x55182385, 
    0x57201243, 0x8d206b82, 0x57416b84, 0x00902205, 0x10ab415c, 0x00008024, 0x23842205, 0x0125a782, 0x00900a07, 0x28239054, 0x06000087, 0x008f07d3, 
    0xd7541826, 0x900a230d, 0x2b840701, 0xfb410320, 0x01002207, 0x066b4700, 0x1d003108, 0x32403500, 0x01000108, 0x04050117, 0x01034c02, 0x02070800, 
    0x04000504, 0x01010268, 0x064d2001, 0x21050501, 0x00004e05, 0x1d001d00, 0x11111118, 0x09290382, 0x132b1d07, 0x21012135, 0x05034e17, 0x0a823720, 
    0x03821520, 0x0809bd64, 0x6c01a544, 0x620152fe, 0x1d3e34a3, 0xa634401e, 0x51fe5a01, 0xa3fe6401, 0x96fed401, 0x1d3734cf, 0xd635381d, 0xe1019ffe, 
    0x02a3ad02, 0x7d50fa82, 0x507e3c3d, 0xa37efdfa, 0x380153fd, 0x3637644f, 0xc8fe4f65, 0x7382ad02, 0x5e000122, 0x5108f782, 0x00e8055b, 0x40440020, 
    0x00011e41, 0x004c0104, 0x03050302, 0x00800502, 0x00010704, 0x69000406, 0x01030300, 0x01010061, 0x05004d25, 0x005f0605, 0x06210606, 0x1d00014e, 
    0x181a1b1c, 0x0e101216, 0x00080a0d, 0x08200120, 0x252b1607, 0x02262622, 0x06473435, 0x18212006, 0x08089b42, 0x37363245, 0x13211121, 0xb4020606, 
    0x62a8d775, 0xbb2c01af, 0xa80901a3, 0x11cbfe13, 0xc4a278a3, 0xa376a0c5, 0xfe300114, 0xbc3202d5, 0x01b05b87, 0x01dca500, 0xde73a134, 0xdc776b9f, 
    0x6fd4cfc7, 0x0197fd66, 0x4878605f, 0xbf562323, 0x7b032705, 0x26022306, 0xe382e704, 0xea060730, 0x0000e900, 0x8000ffff, 0x7b03c0fe, 0x17875e04, 
    0x00460b23, 0x23178392, 0x0000f9ff, 0x01271789, 0xff6b0b07, 0x4346ff73, 0xff21052b, 0x062b4346, 0x00008026, 0x1f067c04, 0xee203b82, 0x0a235383, 
    0x83c70094, 0x8500203b, 0x846b8317, 0xeb062317, 0x1788a700, 0x8384a220, 0x8385f020, 0x823f0121, 0x01370807, 0xecff8000, 0x5e048d06, 0x33002000, 
    0x011e3040, 0x4c010200, 0x01020305, 0x044d2201, 0x00020201, 0x02070662, 0x00260000, 0x1c00014e, 0x1316171a, 0x0a0d0e11, 0x41040508, 0x0520075e, 
    0x4906fc6c, 0x08880882, 0x82490620, 0x02250805, 0x01e0be1e, 0x504e562b, 0x55260155, 0x01564e4f, 0x88bee02b, 0xb22c2db5, 0x02bee614, 0x583cfdce, 
    0x02586868, 0x270788c4, 0x77e6be32, 0x00776b6b, 0x23089783, 0x045406ea, 0x0126006c, 0x0db04b09, 0x31405850, 0x070a0900, 0x8007090a, 0x01000200, 
    0x0c720201, 0x0407020b, 0x073aaf82, 0x0a006700, 0x0861060a, 0x22060601, 0x0101004d, 0x01056203, 0x03260303, 0xdf661b4e, 0x8b322005, 0x20df8238, 
    0x2039a480, 0x20728224, 0x2239a636, 0x85210505, 0x85002078, 0x3a402177, 0xa684389b, 0x080a0a29, 0x08080061, 0x8e004d27, 0x5959383c, 0x00164059, 
    0x00260000, 0x20222426, 0x1111231f, 0x12221311, 0x490d1122, 0x21260be6, 0x22230406, 0xe5492626, 0x023e2407, 0x76163233, 0x71080717, 0xfeb70407, 
    0x5e8113bb, 0x010e7452, 0xf9fe0b1c, 0x8ae89cdc, 0xd5fe9d10, 0x129e2b01, 0x8f98e68c, 0xfe077fda, 0x596e0de4, 0x0213815d, 0x8478ba8c, 0xecbe5a64, 
    0xfe92db7b, 0xfe5e042e, 0x78d8902e, 0x5280be69, 0x00757f69, 0x1f000200, 0x9b040000, 0x0f005e04, 0x27001900, 0x16182440, 0x05010a13, 0x4c010200, 
    0x22020200, 0x0103044d, 0x21000003, 0xad824e00, 0x0f000f3a, 0x05151511, 0x212b1907, 0x15060603, 0x34352315, 0x21032726, 0x01012101, 0x08053244, 
    0x07272739, 0x27747203, 0x291dbb1c, 0x01d8fe73, 0x013301a3, 0x215afda6, 0x34101236, 0x21204720, 0x39095801, 0x3bdcdc3a, 0xa7fe0939, 0xa2fb5e04, 
    0x300d0a02, 0x0d302628, 0x828785d4, 0x00802487, 0x828a0600, 0x82172087, 0x403b336d, 0x05012038, 0x021b1e04, 0x010a0502, 0x03020002, 0x9382004c, 
    0x0205002e, 0x04010667, 0x084d2204, 0x04010307, 0x17239787, 0x83111700, 0x15152400, 0x8d1d0709, 0x4b13209b, 0x21210522, 0x24a38b13, 0x27756105, 
    0x28a3851b, 0xd5fee885, 0x2e012b01, 0x20aa82d7, 0x26aa83a7, 0x20341111, 0x82211f48, 0x393a25aa, 0x3a3adcdc, 0x0129aa82, 0x049dfe63, 0x02c0fd5e, 
    0x82b28d40, 0x006a24b3, 0x828f0500, 0x00192fb3, 0x4036001c, 0x02040733, 0x4c010602, 0x05820104, 0x0102062c, 0x06060080, 0x00005f00, 0x1d4b2200, 
    0x1b1c210b, 0x3306ed49, 0x07081515, 0x35332b1b, 0x01373634, 0x16160121, 0x35211515, 0x080aeb49, 0x13011538, 0xbed26a21, 0x7b04cefe, 0xcbb5ccfe, 
    0x6669e3fe, 0x1ce4fe14, 0x7f01715e, 0xb7d0fe99, 0x0111c8d3, 0x1404fefb, 0xb7b7cfc8, 0x7bfe5b73, 0x7a548501, 0x016a02b7, 0x4b410032, 0xc5072105, 
    0x20309782, 0x3c002300, 0x010e3940, 0x4c010300, 0x06080300, 0x2106e449, 0xe4490a0a, 0x4d222505, 0x0507090b, 0x270ae449, 0x21200020, 0x11152311, 
    0x14240082, 0x2b1f070c, 0x36249182, 0x21110537, 0xa4970183, 0x359e023c, 0xfeacfe2c, 0x022b01d5, 0x04d2fe81, 0xbecbfe7a, 0x68e2fec4, 0xe5fe1666, 
    0xad825f1b, 0xcffe9a34, 0x2c7c548a, 0x047bfe01, 0x0109fe5e, 0x1403fef7, 0xb48bc5d1, 0x33016922, 0x7e08b382, 0x035efe44, 0x002306d8, 0x0033002a, 
    0x2c5f4062, 0x1d080901, 0x02030201, 0x020a0c4c, 0x85080908, 0x09050900, 0x00030085, 0x02030102, 0x04040068, 0x05005f05, 0x004d2205, 0x61060101, 
    0x28060600, 0x0707004d, 0x010b6100, 0x00240000, 0x012b2b4e, 0x2b332b00, 0x2e303132, 0x2527292d, 0x15161822, 0x0e0f1113, 0x00070a0c, 0x0d2a012a, 
    0x012b1607, 0x35262622, 0x33363634, 0x34353233, 0x86352123, 0x32212206, 0x08074a16, 0x23236008, 0x33141522, 0x17031533, 0x01152137, 0x01350123, 
    0x6aba7ae2, 0x4177b768, 0xfbfe9797, 0xfe8f8fec, 0xc375018b, 0x655669f2, 0x38cff77b, 0x842e776f, 0x06018e8f, 0xfee6dffe, 0x4e5efedf, 0x8e605f8e, 
    0xeb6c6d4e, 0x9aec6a6f, 0x1c746499, 0x92658520, 0xec4f50b2, 0xaaaac507, 0x01d8fe07, 0x45000728, 0xfe2905b3, 0x0525065e, 0x04060268, 0x2a0f84cb, 
    0x0400001f, 0x022306d2, 0x821c0526, 0x06062320, 0x2785a5ec, 0x5efe4a2a, 0x6c04e003, 0xed042602, 0x07241082, 0xa9009a0a, 0x51242f84, 0x67045efe, 
    0x02211783, 0x2017854a, 0x2d588201, 0x1400ffff, 0x0104c0fe, 0x26025e04, 0x17837209, 0x01460b23, 0x202f8487, 0x202f821f, 0x221782ad, 0x8c710406, 
    0x8326200f, 0x0701270f, 0x78006b0b, 0x8746bdfc, 0xbdfc2105, 0x2208b349, 0x83bb055e, 0x1a052163, 0x02216385, 0x263b8441, 0x0600002a, 0x821f06bf, 
    0x84eb2093, 0x01942217, 0x201784bf, 0x267b8280, 0x005e044f, 0x84060526, 0x0249227b, 0x7717840f, 0x53770c43, 0x1b062507, 0x85022602, 0x06222782, 
    0x5d18900a, 0x17820c63, 0x57850420, 0x5d189020, 0x17830c63, 0x2f85ed20, 0x0b635d18, 0x47e90521, 0x06230727, 0x47bc00ed, 0x7c20080f, 0x04215f83, 
    0x822f85ee, 0x00003405, 0xff510003, 0x049704ea, 0x000f006c, 0x001d0016, 0x4c364039, 0x01250a2e, 0x01010061, 0x81e51827, 0x00263f0a, 0x0110114e, 
    0x181a1c00, 0x10131417, 0x09161116, 0x010f0007, 0x1607080f, 0x2622052b, 0xec6b3502, 0x072c7d05, 0x16213724, 0x82480316, 0x74022705, 0x8585f6a8, 
    0x0585a8f6, 0x77692408, 0x0e25fe0e, 0xd9018477, 0x6767770f, 0x01911676, 0x01adac03, 0xfe919104, 0xfeacadfc, 0x96ec91fd, 0x19967676, 0x830f0fe7, 
    0xc30921bb, 0x5e18bb85, 0x1b240c1f, 0x12052602, 0x5e181785, 0x17830c1f, 0x17850620, 0x3742ea20, 0x00802605, 0x06f40500, 0x1f5e181b, 0x900a230f, 
    0x2082ba00, 0x2a000128, 0x7a040000, 0x334a5e04, 0x4a22201e, 0x62082733, 0x01211533, 0x26262721, 0x07060627, 0x67012107, 0xd5fe0401, 0x1e654401, 
    0x35191935, 0x3e016920, 0xfffed1fe, 0xfe410100, 0x361f7cbe, 0x1f331819, 0x01c2fe7c, 0x83fa013d, 0x38b0e101, 0x6e35356d, 0x1ffeb037, 0xd306fe83, 
    0x34346c36, 0x01d3366c, 0x010000fa, 0xa0fe5100, 0x6c046304, 0x31001800, 0x4a032e40, 0x0427072f, 0x80040203, 0x82040105, 0x630021c0, 0x22072e4a, 
    0x824e0327, 0x00182ed6, 0x27132217, 0x1a070611, 0x2111252b, 0x08a54111, 0x08073f47, 0x1614152f, 0xfe0e0333, 0x85dac5e2, 0xdb8fa9f4, 0xe4fe077f, 
    0x6e586b0d, 0xd66f8586, 0x5701cafd, 0xdc2f0128, 0x920501ab, 0x5280be69, 0xa2a1b169, 0x208382b6, 0x30668287, 0x00d2055b, 0x40290009, 0x00020026, 
    0x03020403, 0x07c96b67, 0x824d2e21, 0x2f042287, 0x237b8304, 0x11090009, 0x06280082, 0x332b1a08, 0x21152111, 0x87300384, 0x5dfdd403, 0x5dfda302, 
    0xfefdd205, 0xc4fdf85f, 0x0126a482, 0x4dfe8700, 0x53828e05, 0x00112008, 0x1028402b, 0x04040a0f, 0x4c010002, 0x0b0c0d0e, 0x01490204, 0x2e000001, 
    0x0201034d, 0x83022f02, 0x00112757, 0x04111611, 0x55831808, 0x03113c08, 0x01373636, 0x27020921, 0x11070113, 0x05310187, 0x014a6e31, 0xfd75016d, 
    0xfe3d02d3, 0xfebbe4cd, 0xd205c64c, 0xadfe69fe, 0x015a964e, 0xfc7bfdac, 0x974dfeb3, 0x85021c01, 0x8256fedb, 0x002e087a, 0xff570001, 0x058d05ec, 
    0x001d00e6, 0x0038403b, 0x03010304, 0x00800104, 0x01030201, 0x03007e02, 0x00610503, 0x4d340505, 0x00020200, 0x89820661, 0x4e003539, 0x15170001, 
    0x0d0f1112, 0x04050709, 0x1d011d00, 0x2b160807, 0x73242205, 0x35250769, 0x22230234, 0x4b4d1806, 0x023b080c, 0xedfebcd9, 0x340111a2, 0xac7fb317, 
    0x80aed6d7, 0xcbfe14b2, 0x1201b016, 0x3a01c4a9, 0xc7feb5b6, 0x8bf19614, 0xf2fb897a, 0x890201ed, 0x7deda779, 0xf3a9feb4, 0xb4aafef2, 0x5400ffff, 
    0x2620077b, 0x2505974e, 0xbc01de05, 0x97445002, 0x50022105, 0x86069744, 0x260227c3, 0x0000cc09, 0x23820701, 0x23907120, 0x24066f72, 0x52090602, 
    0x058f4b00, 0xfc045e29, 0x06025e04, 0x82009703, 0x1f003934, 0xcb040000, 0x13006604, 0x0db54500, 0x01000301, 0x0ab04b4c, 0x12405850, 0x612e1d83, 
    0x01010102, 0x01044d31, 0x032f0303, 0x148a1b4e, 0x14873720, 0x0c405922, 0x13332982, 0x211a1300, 0x19080522, 0x2601212b, 0x33352323, 0x5b171632, 
    0x3f08084c, 0xfed90101, 0x344114cf, 0x27ad9739, 0x12261875, 0xba182611, 0x64fe3a01, 0xeb384303, 0xa1fe7e6f, 0x4e4e974c, 0x44024b98, 0x0100a2fb, 
    0xeaff4e00, 0x6c046404, 0x31001b00, 0x10112e40, 0x01040304, 0x2c058c49, 0x03006103, 0x004d3703, 0x61000101, 0x07914104, 0x0e13152a, 0x0006080c, 
    0x051b011b, 0x20058d41, 0x0bda6927, 0x36250723, 0x08898224, 0x14151230, 0x42020602, 0x20f6feca, 0x70121701, 0x7c7c7857, 0x136e5678, 0x0120e9fe, 
    0xf5a8c80a, 0x16f58585, 0x5a33b1cb, 0x9896bf69, 0x345765bd, 0x9344c7ad, 0x00002407, 0x82510002, 0x8467208f, 0x0027398f, 0x0c424045, 0x0205020b, 
    0x03021819, 0x004c0204, 0x04010705, 0x69040503, 0x82075b51, 0x0303219d, 0x2f082f42, 0x00011c1d, 0x271c2123, 0x1416271d, 0x07090e10, 0x0820a583, 
    0x8f43a584, 0x79042007, 0x332c0940, 0x05373632, 0x22030406, 0x36343526, 0x1524b382, 0x74020614, 0x12418919, 0x1270572c, 0xfe201701, 0x4c37cbf6, 
    0x0382374c, 0x33084745, 0x5734adc7, 0x9698bd65, 0x335a69bf, 0xc301cbb1, 0x4c36364c, 0xc3830383, 0x84095341, 0x101121c3, 0x0423c382, 0x87010203, 
    0x850120c3, 0x0b6141c3, 0x8906f342, 0x096941c3, 0x2420c385, 0x8c186941, 0x1b7541c3, 0xc387ba20, 0x21157d41, 0xc389bf01, 0x80000128, 0xe6035efe, 
    0x7f445e04, 0x4d312615, 0x04040105, 0x0f7f4433, 0x7f441320, 0x03803308, 0x02c6fd66, 0xfec6fd3a, 0xec00065e, 0xfdecc0fe, 0x53830018, 0xa9044d22, 
    0x28085382, 0x402e000e, 0x00010d2b, 0x01010203, 0x0e4c0200, 0x49010201, 0x00000300, 0x67000301, 0x02020104, 0x01004d31, 0x4e012f01, 0x28008211, 
    0x1b080513, 0x1327012b, 0x055a4b01, 0x01334808, 0x03010121, 0xfec1b845, 0xd4fe5dbb, 0x01602c01, 0xfe6b0132, 0xfe96015d, 0x3d017f4d, 0x48feaf01, 
    0x41fe5e04, 0xd3fdbf01, 0x0000cffd, 0xa2000300, 0xba04ecff, 0x1c001406, 0x33002700, 0x0a40e300, 0x06030119, 0x8204011b, 0xb04b2877, 0x40585010, 
    0x82060027, 0x03063b26, 0x00010869, 0x05040109, 0x00690400, 0x61020707, 0x36020200, 0x0505004d, 0x8c826101, 0x4e013522, 0x2006b66b, 0x27269429, 
    0x61060303, 0x37060600, 0x1920308e, 0x40295fab, 0x00020025, 0x07020607, 0x89919269, 0x59220887, 0x1b405959, 0x00011d1e, 0x2a2c3032, 0x271d2224, 
    0x1517271e, 0x06080e10, 0x1c011c00, 0x2b16080a, 0x786d3601, 0x00202605, 0x12103511, 0x05dc4224, 0x24053a4f, 0x22173615, 0x05665e06, 0x34356608, 
    0x33161601, 0x34353632, 0x06222326, 0xf2d0f802, 0xfea0e479, 0x97eefef7, 0xb1b30e01, 0x85ae55bc, 0x1c59943f, 0x8162908a, 0x6f737070, 0x683371fe, 
    0x3e4a3e2a, 0x0368433f, 0xd4fa019b, 0x017fda89, 0x3d56015d, 0x71010301, 0x4a789fc4, 0x1c155484, 0xf1868571, 0x8371716c, 0x02dd7183, 0x27131319, 
    0x40312420, 0x08008200, 0x7c000227, 0xde04ecff, 0x2400e605, 0x36002e00, 0x22253340, 0x04010300, 0x03010316, 0x4c020102, 0x02040100, 0x80020104, 
    0x06086600, 0x82060446, 0x00352f38, 0x232a284e, 0x08052714, 0x17012b1b, 0x436a0706, 0x35262506, 0x06152135, 0x3523bb84, 0x4335022e, 0x112506bf, 
    0x11053636, 0x08ca8234, 0x06070750, 0x0bd30416, 0xe3842d47, 0x7fe19592, 0x74011c01, 0x8c6d5c5e, 0xb2dc74d2, 0x3414cdaf, 0x295c80fe, 0x01010131, 
    0xfa38035f, 0x93550a13, 0xd97b76d7, 0x6bf0f08c, 0x526e7b7e, 0x88db931c, 0xe1dcbb1f, 0x03eafec8, 0x2c010209, 0x24413b80, 0xc3858c60, 0xff5d3108, 
    0x040d07ec, 0x0014005e, 0x4045002a, 0x01010a42, 0x004c0105, 0x00050006, 0x0a800506, 0x00030308, 0x095f0400, 0x31040401, 0x0501074d, 0x02610105, 
    0x352a6482, 0x15154e01, 0x2a150000, 0x09752a15, 0x2f3e8205, 0x24241414, 0x1a080b11, 0x2315012b, 0x02121516, 0x2905d350, 0x03022223, 0x35233726, 
    0x9f410605, 0x5ae48207, 0x73080585, 0x07272634, 0x02408a0d, 0xaa7bccef, 0x7baa2f30, 0x0201f2c5, 0xb0018c42, 0x535b2024, 0x3b015948, 0x5b534859, 
    0x5e042420, 0xfeb7abd0, 0x6fdffee1, 0x016f6565, 0xc21c0113, 0x61d0d0b1, 0xb49c54ae, 0xd8d8868e, 0x9cb48e86, 0x0060ae55, 0xff770001, 0x04a005ec, 
    0x0025006c, 0x19b04bcc, 0x13405850, 0x00020914, 0x111b2401, 0x00030408, 0x0402011c, 0x1b4c0303, 0x20052363, 0x821a8b16, 0x1c0328f0, 0x04050401, 
    0x84401b4c, 0x86022018, 0x21188933, 0x52855959, 0xcb461820, 0x4d372e08, 0x04030300, 0x02050662, 0x04350404, 0x2057864e, 0x241f8a1c, 0x05050106, 
    0x2025852f, 0x26238500, 0x02002040, 0x844d3102, 0x01002423, 0x904d3701, 0x60592022, 0x25300500, 0x34242500, 0x07342415, 0x212b1b08, 0x26340337, 
    0x25094064, 0x01111516, 0xc65b0733, 0x5e372005, 0x5f0805c8, 0x01113526, 0x035b0201, 0x28133c59, 0x5b1d0211, 0x378c7e26, 0x79e7f801, 0x29104355, 
    0x225d1d13, 0xfe348b83, 0x91027928, 0x0304374c, 0x600907d6, 0xb9fe61a1, 0xfda29b02, 0x02374a91, 0x0808d604, 0x0159a367, 0x008efd23, 0xa2000200, 
    0xba0424fe, 0x21006c04, 0x30003200, 0x011b2d40, 0x4c010302, 0x86231883, 0x82030105, 0x0203221f, 0x21cb8269, 0xbd836101, 0x4e042008, 0x2a2c2223, 
    0x32233222, 0x06102e27, 0x012b1908, 0x27262623, 0x35110026, 0x31353534, 0x7e361236, 0x062f066d, 0x27222306, 0x1e171616, 0x023e0102, 0x54363535, 
    0x5c080555, 0x16161415, 0x01ee5704, 0xfeeb7060, 0xe97b01f5, 0x7aeaa8a7, 0xc297d16c, 0x7d981c8a, 0xfe4eaf8f, 0x2b635457, 0x58632801, 0x632c637f, 
    0x303724fe, 0x8f013418, 0x011d8401, 0x01ae1901, 0xf1889408, 0xe4911e9f, 0x928a8285, 0x8a551c18, 0x4a019a02, 0x501e487a, 0x7eac5387, 0x4b7a471e, 
    0x08008200, 0x50000121, 0x8703f2ff, 0x17005e04, 0x31403400, 0x05000400, 0x67050400, 0x02030300, 0x0202005f, 0x63064d31, 0x23080735, 0x014e012f, 
    0x13141500, 0x0d0e1012, 0x0002040b, 0x07170117, 0x252b1608, 0x22211521, 0x35352626, 0x33363634, 0x06220b82, 0x05820706, 0x0216162d, 0xfe330154, 
    0x73e6abcd, 0x83abe574, 0x68270809, 0x74010b60, 0x5b0b8cfe, 0xf990eee0, 0xf99c1f9e, 0x7b01ee91, 0x8558d364, 0x00ffff00, 0x05e8ff51, 0x0223064d, 
    0x82560426, 0x0a072593, 0x004c01fa, 0x4e241783, 0x2b04ecff, 0x73201784, 0x19201786, 0x20085349, 0x2017847c, 0x20178682, 0x23178555, 0x6a02f9ff, 
    0x9b201784, 0x06221782, 0xdf4dfa0a, 0xb6ff2105, 0x77221782, 0x5f826207, 0x07241783, 0xdbfe550b, 0x51222f84, 0x7418eaff, 0x77830aa7, 0x0a276a18, 
    0x03214783, 0x205f86b4, 0x242f844d, 0x04efff80, 0x276a187a, 0xe6062209, 0x841e829a, 0x06f022bf, 0x2077845a, 0x212f85cc, 0x07822602, 0xa0000136, 
    0xe10112fe, 0x0f008aff, 0x06b13700, 0x2c404464, 0x0200010d, 0x0226db82, 0x02010001, 0x04838000, 0x00570127, 0x61000101, 0x39118203, 0x00015100, 
    0x0405080b, 0x0f010f00, 0x2b160804, 0x440006b1, 0x35262201, 0xb1453335, 0x15373c05, 0x5d010606, 0x13de5b62, 0x11150723, 0x12fe4e18, 0xb3bd5962, 
    0x02011c21, 0x8407067e, 0x226f869f, 0x83090602, 0x000337f8, 0x037a025c, 0x00ce067a, 0x00180011, 0x4b04011f, 0x585009b0, 0x7c4e1f40, 0x4e7e200f, 
    0x81260a7c, 0x4b1b4e00, 0x269311b0, 0x26907c20, 0x26931b20, 0x21204d91, 0x4d912693, 0x26822f20, 0x9b871c20, 0x0201072a, 0x02000106, 0x05006500, 
    0x2d058047, 0x1b4e057c, 0x01002340, 0x01040500, 0x268a6905, 0x02000023, 0x4c2d8259, 0x02230536, 0x83595100, 0x17403800, 0x00011213, 0x191a1c1e, 
    0x18121516, 0x080a1813, 0x11011100, 0x51160d08, 0x35200587, 0x0b294a18, 0x36322725, 0x4f142137, 0x26080744, 0xb76aed01, 0x6ab66f70, 0x6e6fb66a, 
    0x52616ab5, 0x5c96fe01, 0x016a015c, 0x555f5f56, 0xda6b7a02, 0xd5a786a7, 0x82d56666, 0x6adb2b06, 0x8f878ebb, 0x8cd00186, 0x3b5b8686, 0xb8012105, 
    0x340a4f5a, 0x03000087, 0x00d205f7, 0x00c50026, 0x00070000, 0x003f02c5, 0x21278500, 0x17883606, 0x17852720, 0x04211f83, 0x211f877e, 0x1f880708, 
    0xc8010722, 0x135f3786, 0x06022306, 0x2784c801, 0x07210f82, 0x832783b1, 0x213f830f, 0x1787f905, 0x88f00921, 0x835f8217, 0x211f8317, 0x1f873808, 
    0x902f0c21, 0x8327821f, 0x2127831f, 0x2784770a, 0x0721bf82, 0x20878af4, 0x208786d2, 0x0b5f6133, 0x00ffff22, 0x07210f82, 0x204f84a0, 0x21e785d2, 
    0x3f84e805, 0x09211782, 0x821788df, 0x8417835f, 0x84272087, 0x235f821f, 0xd2053b04, 0xd343cf82, 0x0ffb6105, 0x05211f82, 0x211f8369, 0x37415400, 
    0x84ee2008, 0x8424202f, 0x006c300f, 0x06b50100, 0x02260024, 0x0000fab2, 0x50910a06, 0x7224067f, 0xe6030000, 0x8f821785, 0x910a262a, 0x270000f0, 
    0x2b02b202, 0x07240d82, 0x1b02910a, 0x00230782, 0x8200ffff, 0x11062127, 0x27202796, 0x37822786, 0x85570421, 0x46042137, 0xd820378a, 0x0722378e, 
    0x5f84d403, 0x1d2b5783, 0xab040000, 0x06005e04, 0x83fed403, 0x8219200f, 0x833a209c, 0xd403212f, 0x5183a782, 0x51867f20, 0x83006f21, 0x001f241f, 
    0x85b20800, 0x8317821f, 0x83cc201f, 0x910a2307, 0x0f85bc04, 0x85f80621, 0xe706212f, 0x0a212f87, 0x822fa0de, 0x202f83c1, 0x214f8200, 0x3f852309, 
    0x84130921, 0x20f7833f, 0x20bf90a5, 0x20bf88e1, 0x20bf8224, 0x21bf8474, 0x9f83fae1, 0xbf822a20, 0x6f845f20, 0x4782e120, 0x04214f82, 0x214f85a4, 
    0x4f849404, 0x08211f82, 0x821f908a, 0x201f837f, 0x212f8200, 0x2f85d006, 0xab530620, 0x00002906, 0xd205ac01, 0xe0020602, 0xef4d3f84, 0x200f8206, 
    0x2b0f844a, 0x04edff50, 0x00d2058a, 0xff550206, 0x80207f83, 0xcd267f82, 0x06026f04, 0x4782fe02, 0x9300012e, 0x5405ecff, 0x1f00e505, 0x2d403000, 
    0x3e16987d, 0x01004d5c, 0x00610501, 0x055d0505, 0x1223274e, 0x06102126, 0x132b1c0b, 0x32211221, 0x4a353636, 0x600805f2, 0x023e2107, 0x12043233, 
    0x02061515, 0x24222304, 0x2d019526, 0x7f090117, 0xb8973b8e, 0xfe0d848b, 0xfc8c0fd4, 0x1a01c5b4, 0xfe930197, 0xffb0c7e9, 0xe6019200, 0xcf70f5fe, 
    0xf3d9818f, 0xe891838f, 0xc6feab88, 0xfed880d7, 0xe483aac5, 0xad000100, 0x6d0598fe, 0x2300e605, 0x3e404100, 0x06050122, 0x2c828203, 0x03004c02, 
    0x03040604, 0x01078006, 0x29c88206, 0x04006300, 0x00610204, 0xa2820202, 0x2206d944, 0x824e015d, 0x002329d8, 0x13222623, 0x08112327, 0x0129a882, 
    0x06112111, 0x24222306, 0x21ab8202, 0x88592412, 0x1515220a, 0x08b4821e, 0x35373642, 0xd5fe5705, 0xc44f883a, 0x9894eafe, 0xb3c21901, 0xfe0f8ffc, 
    0x8c890bd6, 0x390193b8, 0x834f8490, 0xfc000234, 0x1b8c0198, 0x3a01ab1d, 0x01d780d8, 0xe785ab3b, 0xf3908295, 0xce8f82d9, 0xbe363171, 0x01227282, 
    0x92828600, 0xb205df2e, 0x34000900, 0x06090a40, 0x05010405, 0x2005447e, 0x0b447e20, 0x4e015725, 0x830b401b, 0x005f2330, 0x0d820101, 0x14b45929, 
    0x180b0212, 0x8201012b, 0x012108a7, 0x01210117, 0xbd016001, 0xc4012801, 0xfe65fdd6, 0x0364fdde, 0x0436fe77, 0x01f6fb05, 0x6bfde2cf, 0x05f75002, 
    0xd0015f2d, 0x5f03c904, 0x20001200, 0x82021d40, 0x187d8266, 0x310e61aa, 0x10231423, 0x2b1a0604, 0x022e2301, 0x020e2223, 0x845a2307, 0x04520805, 
    0x4713d1c9, 0x7d617e8d, 0xd00f2b4c, 0xace18522, 0x0187e1ab, 0x496427d0, 0x1c49432c, 0x7474b764, 0x000100b7, 0x0253fe8f, 0x00000758, 0xb3060007, 
    0x32010407, 0x1137132b, 0x11013727, 0xc8c88f01, 0xfe1a01af, 0xc7fefee6, 0xadc6c805, 0x77f9edfe, 0xcd82effe, 0x03008608, 0x8200a300, 0x28057d05, 
    0x2f001700, 0x7f004700, 0x44457c40, 0x3e3f4043, 0x39100f06, 0x33343738, 0x0c0d0632, 0x282b2c2d, 0x14152627, 0x0e0f1013, 0x2104030c, 0x1b1c1f20, 
    0x0708091a, 0x0c020304, 0x4c040001, 0x0d001000, 0x670d1004, 0x0305090b, 0x02060803, 0x03010003, 0x010a6700, 0x01010704, 0x0e630104, 0x0f0c0c01, 
    0x0f01115f, 0x4e0c590f, 0x41424647, 0x3a3b3c3d, 0x30313536, 0x292a2e2f, 0x14142425, 0x23028411, 0x1f0b1210, 0x1737f682, 0x23152707, 0x37270735, 
    0x27333523, 0x33351737, 0x07173715, 0x95230533, 0x96012017, 0x7d053817, 0x51675579, 0x52645291, 0x64517677, 0x67519152, 0x6efd7551, 0x8b685679, 
    0x52683013, 0x7a490175, 0x8e546555, 0x76526354, 0x82635276, 0x53653608, 0x53590178, 0x73724f61, 0x8d506450, 0x7251644f, 0x4f645071, 0x3311908d, 
    0x6153df01, 0x52757552, 0x508c5064, 0x74755365, 0x00506552, 0x01350082, 0xd7fd7700, 0x99ffec03, 0x19000800, 0x01081640, 0x4c010100, 0x08058200, 
    0x01028537, 0x11760000, 0x0b031111, 0x03012b19, 0x01330123, 0x02270323, 0x01e8c524, 0x5701ca54, 0xfe0acfe6, 0x01e6fef1, 0x013efec2, 0x0000181a, 
    0xfe4f0001, 0x02810318, 0x05cb4175, 0x01032408, 0x01012b32, 0x03030713, 0x81030127, 0xccfac9fe, 0x02ceaab1, 0xfe070263, 0x6273fe00, 0xe8fe1801, 
    0x82ef036e, 0x3137827e, 0x069c0437, 0x00130698, 0xb534000f, 0x0306070f, 0x44754900, 0x4c0b2005, 0x5e25074b, 0x401b4e00, 0x21298210, 0x91180100, 
    0x38080c22, 0x0b022226, 0x26012b18, 0x04222324, 0x24362707, 0x04323324, 0x30061716, 0xbd8cfe99, 0x8996fec3, 0x00015379, 0xb3a53701, 0x46f84101, 
    0x544f9c04, 0x53654e53, 0x7a43437a, 0x27588253, 0xa900ffff, 0x03021702, 0x1bf33619, 0xedff2808, 0x45010302, 0xde050602, 0xffff0000, 0xf2052100, 
    0xd906f003, 0x07060701, 0xd9062100, 0x00b10900, 0xd906b801, 0x822b35b0, 0x05003a4f, 0x3f00ac00, 0x1f05ce05, 0x17000b00, 0x2f002300, 0x4c003b00, 
    0x04064940, 0x3d2f8202, 0x00030305, 0x02020807, 0x090b0001, 0x01040301, 0x0405010a, 0x06004c05, 0x06000700, 0x16826907, 0x01010332, 0x69010004, 
    0x05050400, 0x04005904, 0x00610504, 0x51212182, 0x26008524, 0x1e0b082e, 0x1827252b, 0x200905c3, 0x07fd5225, 0x26222322, 0xfe180b8b, 0x178208f9, 
    0x18360321, 0x3f09ce90, 0x01b10602, 0xb1c6fe3a, 0x3a013901, 0x01c7feae, 0xc6feae39, 0x4c5c4001, 0x4b5c5c4b, 0x2dfc5c4c, 0x5b280982, 0x5c4c4c5a, 
    0x5901eb01, 0x59211485, 0x3b098801, 0x3701accb, 0xfead3701, 0xad3601ca, 0xc9fec9fe, 0xb03501ac, 0x3c51513c, 0x3d52523d, 0xfe2a0786, 0x52523e57, 
    0x50503b3e, 0x08860004, 0x00020037, 0x0275fea9, 0x002b0447, 0x000f0003, 0x2db04b48, 0x14405850, 0x24fc8200, 0x02030102, 0x07135769, 0x4e005b25, 
    0x8a19401b, 0x18002016, 0x340cedcf, 0x050d4059, 0x04090b04, 0x110f050f, 0x180b0510, 0x0323012b, 0x0c3a5321, 0xb8cc4729, 0x49992c01, 0x82496464, 
    0x26718203, 0x63f2016c, 0x83634949, 0x01003203, 0x17fe3700, 0x8cff9806, 0x26000d00, 0x0a0b2340, 0x207e8204, 0x0a48424a, 0xc04b0220, 0x084b0806, 
    0x010d0006, 0x160b030d, 0x2420012b, 0x04163727, 0x37243233, 0x03040617, 0xfed0fe66, 0x66797576, 0xf7f85801, 0x686a6901, 0xfe5dfe5e, 0x66779817, 
    0x375d5b39, 0x009f7066, 0x00ffff00, 0x0380ffa0, 0x03c602d7, 0x000b0607, 0x42f4fc00, 0xfc210517, 0x061742f4, 0x31000222, 0x93228382, 0x83821406, 
    0x5e001b28, 0x18190d40, 0x89831112, 0xd5720820, 0x50202705, 0x00144058, 0x89830401, 0x0300652f, 0x05610203, 0x5e020201, 0x401b4e03, 0x2509821a, 
    0x02010300, 0xb28a6903, 0x512d2884, 0x0f134059, 0x1600010e, 0x0f1b0e14, 0x20bd851b, 0x24bd9006, 0x17042401, 0x081d4307, 0x61032708, 0x77fecffe, 
    0x01677875, 0x01f6f858, 0x5e69696a, 0xccfe5cfe, 0xa2013101, 0xfe68675d, 0xfef6f998, 0x757867a9, 0xdf8b8801, 0x01fc072c, 0x366471a0, 0x643a5a5e, 
    0xeb829978, 0xfe04012e, 0x053e0491, 0x062600d2, 0x0100640b, 0x6722f183, 0xf18205fc, 0xb8010124, 0xf18405fc, 0x7b000139, 0x9f05cb01, 0x17008803, 
    0x2a402d00, 0x0203010d, 0x0002010c, 0x824c0201, 0x030023ca, 0x0b820059, 0x01020023, 0x36ea8269, 0x00006100, 0x23510003, 0x04232325, 0x012b1a0b, 
    0x23060617, 0x50022e22, 0x3508080f, 0x3233021e, 0x752a0536, 0x5c6ab23d, 0x4a8e92a0, 0x6937794c, 0x526eb846, 0x44899099, 0x1e037946, 0x3c6038bb, 
    0x29343d50, 0x3c543ac3, 0x00343c50, 0x37000100, 0xef4116fe, 0x40272206, 0x05ef4124, 0x01024927, 0x00010100, 0x23068259, 0x00610100, 0x51220c82, 
    0xf0410001, 0x20052109, 0x3e0c2441, 0x012f0166, 0x69685ea5, 0xf4f796fe, 0x7968a6fe, 0x74870173, 0x366570a0, 0x663d575d, 0x83009c74, 0x00c82663, 
    0x04f3040a, 0x22df8225, 0x46324035, 0x06220563, 0x5d460403, 0x01062505, 0x054c0200, 0x6682f382, 0x67000327, 0x01040400, 0x057e475f, 0x22053146, 
    0x461c0b06, 0x37200731, 0x2c0f3146, 0xb0faf304, 0x01edada8, 0xfbb0a8ad, 0x200982fb, 0x080882ec, 0xa101fa22, 0xf0ada3b1, 0xb1a3adf0, 0xaea5b0ea, 
    0xa5aef3f3, 0xffff00b0, 0x20feee00, 0xb2079603, 0xb0052600, 0x07259382, 0x8c01b005, 0x2b178300, 0x03ed018f, 0x00dd0235, 0x03b30506, 0x00270f90, 
    0xfe110002, 0x82bd0360, 0x00033331, 0xb1380007, 0x40446406, 0x0101042d, 0x01030000, 0xb6836700, 0x57030222, 0x032b0682, 0x02005f02, 0x044f0203, 
    0x18000004, 0x2c0a4e75, 0x2b170b06, 0x440006b1, 0x35211521, 0x2d038201, 0x54fcbd03, 0x54fcac03, 0xf6fe9999, 0x55829696, 0x55000226, 0x8203db00, 
    0x13359382, 0x29001f00, 0x131d2640, 0x0304030f, 0x024c0100, 0x00030001, 0x9cb21885, 0x16282c0f, 0x0d041126, 0x13012b1a, 0x18170121, 0x2608a259, 
    0x21013737, 0x53031713, 0x3e080852, 0xfa012634, 0xfe030185, 0x8a313ee2, 0x2e906261, 0x01e8fe49, 0x020f8404, 0x160e1511, 0x03110c16, 0xfdcd01e3, 
    0x3164880a, 0x645e5e64, 0x029a602c, 0x4533feed, 0x2d2377fe, 0x1f201612, 0x822e1217, 0x00012297, 0x30c8828c, 0x003e05cf, 0x40270013, 0x11121324, 
    0x0b0c0d0e, 0x05b2410a, 0x460f0121, 0x2a8208f1, 0x4e002133, 0x07021519, 0x03012b18, 0x03250705, 0x37251323, 0x20038405, 0x080f8233, 0xd65a0326, 
    0xfe4a2b01, 0xe7b4bad6, 0x0147d8fe, 0xd5fece2f, 0xbc2b014e, 0x2e01eab1, 0xfe28034d, 0xac80ac98, 0x8e01c0fe, 0x01290682, 0xaa82a86a, 0x6afe4601, 
    0x051f4eaa, 0x6a038a3d, 0xd205b001, 0xdb050600, 0x0100001c, 0x49fe7500, 0xa4ffe901, 0x36000300, 0x7330b04b, 0x002107e3, 0x2881825f, 0x1b4e0033, 
    0x01021240, 0x20278201, 0x20068257, 0x25158301, 0x594f0001, 0x1d820a40, 0x03000336, 0x17080311, 0x2103052b, 0x5fe90113, 0x5cd9ebfe, 0x5b01a5fe, 
    0x002e2b82, 0x03efff50, 0x004b0488, 0x4b4f0017, 0x538232b0, 0x6b431d20, 0x00672a06, 0x5f040303, 0x31040400, 0x2641824d, 0x05005f05, 0x82052f05, 
    0x501b2064, 0x93430853, 0x8a672005, 0x4059371d, 0x22212709, 0x06201211, 0x372b1c08, 0x37363221, 0x26213521, 0x05822326, 0x021e3108, 0x06161515, 
    0x50212306, 0x67633301, 0x0189fe0d, 0x6b5e0d74, 0x3101cffe, 0x0173e7ac, 0xfeabe674, 0x6173e0cd, 0xef7d57d4, 0x99f69001, 0x90f69a1c, 0xf3825782, 
    0x6cff5e37, 0xd205af05, 0x36002100, 0x14153340, 0x0b030102, 0x02010001, 0x9b58184c, 0x21f18308, 0xf8820059, 0x45046121, 0x1d300697, 0x080c0e1b, 
    0x01210006, 0x16060521, 0x2622052b, 0x2f060350, 0x21113717, 0x15161632, 0x27070614, 0x34353636, 0x3c089882, 0x06141123, 0x89a00106, 0x4e7541b9, 
    0x27188958, 0xf3941601, 0x9e405190, 0x92573128, 0xcd7c3558, 0x43748594, 0x43694d7a, 0x900b0504, 0xbd6a93f2, 0x752b8d45, 0x5793593f, 0xa863ddfb, 
    0x21a08266, 0x9f820001, 0x0657073f, 0x00230059, 0x0f304033, 0x21010301, 0x02030001, 0x1122234c, 0x4a010410, 0x02000300, 0x2a9d8203, 0x01020000, 
    0x03006900, 0x82610203, 0x51022a10, 0x23252925, 0x2b1a0604, 0x207e8201, 0x20a08b23, 0x8c908305, 0x07252a11, 0x7bcd7b57, 0x7542b989, 0x24a1834d, 
    0xcd7cedfc, 0x23af887a, 0xaa01d504, 0xa5838982, 0x436a4e28, 0x9d200304, 0x0f86c6fc, 0x2808b583, 0x00f69c04, 0x6a000100, 0x6c033f02, 0x08003b05, 
    0x06b12700, 0x1c404464, 0x00020104, 0x01014c01, 0x85000200, 0x02020103, 0x08ca8276, 0x0800082d, 0x0b041114, 0x06b12b18, 0x01014400, 0x37171333, 
    0x01013313, 0xd8e2fe88, 0xa20a0b9e, 0x02e4fed5, 0xfefc023f, 0x01333346, 0x8204fdba, 0x01330830, 0x4902af00, 0x3905be03, 0x06000800, 0x010003b3, 
    0x01012b32, 0x05150135, 0x03051707, 0x03f1fcbe, 0x3138fe0f, 0x02c80131, 0xc7140149, 0x9cd41501, 0x82970a0a, 0x8d002036, 0x83062037, 0x35132537, 
    0x25273725, 0xaf333b82, 0x3232c701, 0x0f0339fe, 0x97d54902, 0xd49c0a0a, 0x85c7ebfe, 0x20c39033, 0x09734a02, 0x02020324, 0xc3860000, 0x88141121, 
    0x27033dc3, 0x01230307, 0x97020133, 0x9e0b0aa2, 0xc81e01d8, 0x3f021c01, 0x3333bb01, 0xfc0245fe, 0x992ec386, 0x85029a00, 0x07004102, 0x06b15100, 
    0xa05d4464, 0x00182d05, 0x02010102, 0x01000071, 0x00570001, 0x5f220682, 0x6f830304, 0x401b4f28, 0x01020017, 0x19918602, 0x0c405922, 0x63782882, 
    0x06b13609, 0x35134400, 0x15231521, 0x01993523, 0x01c395ec, 0xf3b4b48d, 0x282382f3, 0xfd7e0001, 0xff9a02d9, 0x2b8f41b8, 0x8f410320, 0x03240805, 
    0x97c84601, 0x6f08096f, 0xd9fdc696, 0xecfedf01, 0x14012626, 0x010021fe, 0x0f016c00, 0xc7017d02, 0x20000300, 0x4021c783, 0x82a28a15, 0x4f01241e, 
    0x41021011, 0x132b06dc, 0x6c211521, 0xeffd1102, 0x84b8c701, 0x00992a8f, 0x02850266, 0x000b006c, 0x313b8435, 0x0501062a, 0x57050200, 0x03000104, 
    0x00020101, 0x10826701, 0x5f020522, 0x02211382, 0x7a31824f, 0xe7830b35, 0x33150122, 0x2808e784, 0x35333523, 0x9595f001, 0x029494c3, 0xa9b8a56c, 
    0x00a5b8a9, 0x00ffff00, 0x02aa01a9, 0x02e80503, 0x00de0527, 0x01bd0100, 0x32078307, 0x1200a304, 0xb80100b1, 0x35b0bd01, 0x0101b12b, 0x82a304b8, 
    0x2a2f8408, 0x0155044e, 0x02e4051e, 0x843c0b06, 0x02362e0f, 0x04490176, 0x0a070179, 0xfd0000b0, 0x052b49cc, 0x84ccfd21, 0x2750822e, 0x56fea000, 
    0x7cffc903, 0x2f094f41, 0x00010101, 0x02034c01, 0x00010002, 0x01010085, 0x22051b42, 0x42121207, 0x0520071b, 0x3207656f, 0x9995a001, 0xbbcafefb, 
    0x8d84c8fe, 0xe3fe098d, 0x82091d01, 0x02002ae0, 0x80049900, 0x24064303, 0x0af34600, 0x03010529, 0x03010200, 0x82046702, 0x0100225e, 0x45068257, 
    0xf3460766, 0x15012416, 0x82253521, 0x43032f03, 0xaa0256fd, 0x2f0556fd, 0xaef5afaf, 0x968200ae, 0x20100342, 0x6b371906, 0x00082312, 0x93431108, 
    0x13133d08, 0x03231333, 0x7e030727, 0x96c68ec8, 0x6f09086f, 0xdf01d9fd, 0x160121fe, 0xeafe2525, 0x7b265383, 0x9f02d9fd, 0x8f43c1ff, 0x8225200a, 
    0x0705397e, 0x9f020517, 0x2402dcfd, 0x2929c0fe, 0xd9fd4001, 0x8bb482b2, 0x60080863, 0x8b43338f, 0x052a080b, 0x3e017b15, 0xc2fe2828, 0xd9fd2402, 
    0x0808608a, 0x82b48b63, 0x5e000200, 0x6802edfd, 0x0f00bcff, 0x39001b00, 0x446406b1, 0xcd822e40, 0x0102032a, 0x01056903, 0x02000002, 0x0c7fb118, 
    0x01101131, 0x10151700, 0x091b111b, 0x010f0007, 0x560b060f, 0x954508eb, 0x15162307, 0x62180614, 0x40080c0a, 0x77486301, 0x48774646, 0x47477648, 
    0x432f4876, 0x42302f43, 0x3eedfd43, 0x68404169, 0x40683f3f, 0x7b3e6941, 0x3f2c2e3f, 0x3f2e2c3f, 0xff000000, 0x00c300ff, 0x026402f0, 0x06070127, 
    0xfc2200eb, 0x051f4204, 0x4204fc21, 0x1f82051f, 0xec04cb2b, 0x2306ed03, 0xec060600, 0x202f832a, 0x200f82ca, 0x230f83ec, 0x0020fb0a, 0x672abd82, 
    0x70035bfe, 0x170077ff, 0xd1842e00, 0x05002328, 0x59050102, 0xce820104, 0x0200013e, 0x05050069, 0x01036201, 0x52010501, 0x22122322, 0x0b061023, 
    0x06b12b1c, 0x17054400, 0x0805bf45, 0x22232635, 0x34271506, 0x32333636, 0x32331616, 0xaec20236, 0x4243693d, 0x23364d56, 0x6a3daf33, 0x57593644, 
    0x89352432, 0x4778490c, 0x2b30292a, 0x4a7a4808, 0x822f2b2a, 0x00012cbc, 0x027104a2, 0x0000064a, 0x444e0005, 0x0c26057f, 0x17405850, 0x80440103, 
    0x0100270f, 0x1b4f0100, 0x19831640, 0x840c7f44, 0x40592218, 0x784d820b, 0xe543050a, 0x21112e07, 0xa2152315, 0x04e8a801, 0xb38f0171, 0x982782dc, 
    0x20e7826b, 0x4d1f8271, 0x6b850c44, 0x6b820020, 0x8c000121, 0x306b9218, 0x35233501, 0x8a011121, 0x04a801e8, 0xfeb3dc71, 0x828c8271, 0xfea2264f, 
    0xff4a0233, 0x2bdb8ec7, 0x01010000, 0x01007000, 0x57010202, 0x02210a82, 0x20d28460, 0x826f8250, 0x85002119, 0x6f921890, 0x3311132e, 0xa2153315, 
    0x33fee8c0, 0xb3e19401, 0x6b963783, 0x7020bb83, 0x0222de82, 0x93825700, 0x00216b84, 0x236b8402, 0x85010001, 0x6b931890, 0x3533352d, 0xe8a21133, 
    0xb333fec0, 0x836cfee1, 0xfe80266b, 0xff5a0341, 0x093346bb, 0x58500c27, 0x03041840, 0x216d8f02, 0x6c840200, 0x1a841720, 0x19846e8c, 0x22133346, 
    0x82211505, 0x11212f6e, 0x59014001, 0x4526fdc1, 0x86fecbcb, 0x4f417a01, 0x3b032708, 0x0500c7ff, 0x2b425000, 0x00182d09, 0x01020201, 0x02010370, 
    0x57020000, 0x02220682, 0x09826000, 0xe4820020, 0x1a821720, 0x91850121, 0x3fe59219, 0x11211501, 0x3b031533, 0xfec167fd, 0x9401afe2, 0x010000e5, 
    0x4cfea800, 0xa800c403, 0x63000800, 0xb5286f83, 0x03000105, 0xb04b4c01, 0x1e26ee83, 0x03030200, 0x25827002, 0x71010029, 0x00030104, 0x82570300, 
    0x83032006, 0x8303207c, 0x821c207c, 0x85022120, 0x01211f82, 0x851e9186, 0x000828f9, 0x11111208, 0x43190b05, 0x153c054c, 0x01231721, 0x03073301, 
    0xd626fec4, 0x01c8fee0, 0x27d5e038, 0x2e01d0bd, 0x00cf2e01, 0xab478f83, 0x003c2405, 0x85530007, 0x500a24ff, 0x84194058, 0x02702182, 0x03229b82, 
    0x06825700, 0x60030022, 0x03257083, 0x18401b50, 0x06925200, 0x1a8e0320, 0x30137941, 0x35333537, 0x15331533, 0x95c39499, 0xededb59a, 0x2a7384b5, 
    0x02000068, 0x00b205b1, 0x832d0005, 0x22402173, 0x86208883, 0x20059f43, 0x27068257, 0x005f0102, 0x4f010201, 0x320f7e43, 0x11211101, 0xb1023521, 
    0xe2fed5fe, 0x4efab205, 0x8ef1c104, 0x842c204f, 0x1821204f, 0x200f8cdd, 0x20608360, 0x284e9250, 0x02112135, 0x01b7fdb1, 0x224e831e, 0x82c304ef, 
    0x01002222, 0x229f8700, 0x84310007, 0x8226204f, 0x000224fb, 0x4b005703, 0x0e82069d, 0x5f000326, 0x00030000, 0x9f48a283, 0x87a3850d, 0x245885a5, 
    0xf7efcc03, 0x2157c100, 0xae842135, 0x5785fd83, 0x03edf723, 0x2057c2ce, 0x24578f11, 0x02ee6102, 0x08af8263, 0x7c047236, 0xaf06a402, 0x06000b00, 
    0x01040ab3, 0x27132b32, 0x17372737, 0x17071737, 0x7ff12707, 0x9b7e999b, 0x989a7c9b, 0x7f049a7e, 0x809a977f, 0x9a7d999c, 0x009b8099, 0x012a0082, 
    0x2a01dcff, 0x45037002, 0xe3411000, 0x01093007, 0x4c010001, 0x00010210, 0x004a0004, 0x18010100, 0x2c11faa3, 0x440006b1, 0x1e252703, 0x37323302, 
    0x052a7c17, 0x22272008, 0x0f9e0102, 0x1e393418, 0x51222a1a, 0x38665b2c, 0xd5160217, 0x4688645a, 0x1612c706, 0x8252824c, 0x8c003749, 0x4c038d02, 
    0x1700ba05, 0x2f403200, 0x0102010d, 0x01054c01, 0x69820004, 0x80012608, 0x00000300, 0x69000304, 0x02010100, 0x0202005f, 0x004e027b, 0x00170000, 
    0x24112617, 0x1a0d0622, 0x2626012b, 0x05d46323, 0x23113325, 0x63262635, 0x2708050f, 0x7f020716, 0x49394903, 0x6749424b, 0xc68570d7, 0x599e669d, 
    0x38880401, 0x51566843, 0x6afcfe63, 0xb182b91b, 0x5b894ebc, 0x023c4b82, 0x00001400, 0xea05c203, 0x23001900, 0x40404300, 0x0202091a, 0x02041305, 
    0x4c020201, 0x05287e82, 0x69050302, 0x01000200, 0x69201182, 0x0028fc82, 0x04005904, 0x06610004, 0x20089f82, 0x00015100, 0x16181f21, 0x07080c0e, 
    0x19000506, 0x06071901, 0x22212b16, 0x06353526, 0x37323523, 0x065e5411, 0x15070229, 0x33331614, 0x64360115, 0x35080670, 0xf8b10215, 0x67645be6, 
    0xabb6c858, 0x50e1e6c6, 0xdbfe6f66, 0x2f26545f, 0xd9c82c32, 0x0dab0928, 0xebdea901, 0xfecec3d1, 0x67664fce, 0xe802ee4c, 0x4f72c646, 0xae83473c, 
    0x00010036, 0x05abfe8e, 0x008c0088, 0x4b490007, 0x58500bb0, 0x01021840, 0x23064046, 0x57010303, 0x032a0a82, 0x03010460, 0x1b500301, 0x1a831740, 
    0x00850023, 0x43198e01, 0x25080ced, 0x132b1906, 0x21153311, 0x8e113335, 0xf01a03f0, 0xe101abfe, 0x1ffefdfd, 0x65000100, 0xb005ffff, 0x23000006, 
    0x3374f100, 0x2f300805, 0x06040300, 0x00720304, 0x05070006, 0x08670706, 0x01090501, 0x01050a01, 0x04040069, 0x02006102, 0x0b4d5e02, 0x000a0a01, 
    0x0000005f, 0x1b4e0057, 0x20058356, 0x21368530, 0x37aa8006, 0xda822720, 0x5c2037a2, 0x40216f8d, 0x266a882e, 0x03040002, 0x91690402, 0x24a08b72, 
    0x40595959, 0x3fab8214, 0x22230023, 0x11111121, 0x27122215, 0x0b0c1111, 0x15252b1f, 0x26221121, 0x26353726, 0x32333636, 0x2707cc6c, 0x16061517, 
    0x15211117, 0x5e080185, 0xacfcb005, 0x017ee396, 0x96e27f01, 0xfe11fed8, 0x5a580fda, 0x01016c66, 0x5403666c, 0xda01d1fd, 0xeae926fe, 0xd579a301, 
    0xd48cad8c, 0x5ccecb77, 0xaf678756, 0x01018b68, 0xea96ea84, 0x000200b9, 0x03000054, 0x00ba0491, 0x001e001a, 0x0f324035, 0x10010201, 0x01020301, 
    0x03030001, 0x1801004c, 0x230973dc, 0x69000304, 0x2c078771, 0x114e0557, 0x26242511, 0x1c0b0623, 0x05ed532b, 0xd14f2620, 0x26072308, 0xf2512223, 
    0x82012006, 0x023508a3, 0xa83e92d5, 0x7cd17f61, 0x607fd17c, 0x4f913fa8, 0x416f4367, 0xfd68658e, 0xfc3703d2, 0x967d02c9, 0xc1724339, 0x72c07575, 
    0x48973a43, 0x5c3c643b, 0xc58ffe81, 0x08008200, 0x6d000324, 0x24060000, 0x0300d205, 0x1b000f00, 0x38403b00, 0x01070300, 0x02030502, 0x08050069, 
    0x05010401, 0x27826a04, 0x064d562d, 0x57010101, 0x10114e01, 0x4a000405, 0x695606da, 0x29398205, 0x0b091103, 0x01332b17, 0x6c560133, 0x6a01200b, 
    0xe12f0a77, 0xfccf0004, 0x77547800, 0x77555477, 0x82cc0377, 0x82552004, 0xd205270c, 0xa8032efa, 0x0a825477, 0xfc210382, 0x821d84f6, 0x02003818, 
    0xa70484fc, 0xe30686fe, 0x27001c00, 0x06b1bd00, 0x27b54464, 0x6c060701, 0x2d3b0749, 0x01020300, 0x00720302, 0x06000607, 0x05800007, 0x00060001, 
    0x0004006f, 0x82040302, 0x06012fb9, 0x00590106, 0x61060101, 0x06010600, 0x4f571b51, 0x912c2005, 0x84002134, 0x40213398, 0x322e8533, 0x07008001, 
    0x07060506, 0x05008005, 0x00050600, 0x9900007e, 0x59593735, 0x22240b40, 0x22112216, 0x0b082224, 0x06b12b1e, 0x06014400, 0x0a412306, 0x35332605, 
    0x15222336, 0x052f4427, 0x16061527, 0x27262317, 0x05d74423, 0x36323e08, 0x18d7fd37, 0x6653374b, 0x01468284, 0x859f4b50, 0x0184646d, 0x0a9f0a0c, 
    0x3334460d, 0x37251f27, 0x1ae9040b, 0x524c5b28, 0x3a4c1f5f, 0x65674b01, 0x3e30e162, 0x32e0151b, 0x211f1820, 0x3b938212, 0x7ffc0200, 0x89fea204, 
    0x1400e006, 0x49001c00, 0x446406b1, 0x01113e40, 0x01120203, 0x4c20c982, 0x2b0a5762, 0x02040302, 0x00030067, 0x00590300, 0x33065c6c, 0x01510003, 
    0x16191b00, 0x0c0e1015, 0x0006080b, 0x07140114, 0x2b09b34c, 0x36263535, 0x15163233, 0x16162115, 0x2105f745, 0x615e3303, 0xfd2e0805, 0x0196869c, 
    0x857b7c8e, 0x460898fe, 0x4e2d5a37, 0xcad06e1b, 0x312e3231, 0x6f9fa204, 0x95a27c12, 0x3b32417b, 0x4123583c, 0x2b0c5401, 0xa7843c34, 0x0435fd27, 
    0x07e9fdb2, 0x228182b6, 0x8433000f, 0x522820a7, 0x624e07d6, 0x00002311, 0x90820c0e, 0x03000324, 0x52550511, 0x11012306, 0x45411123, 0x05814605, 
    0xe0fd2808, 0x29320c9f, 0x01013028, 0x32282930, 0xd8fdda06, 0x238c2802, 0x23222e2d, 0x00002e2e, 0x0475fc02, 0x0693fea2, 0x4d0d00e0, 0x2a5824bb, 
    0x64b12013, 0x272205a7, 0x07413635, 0x06142305, 0x645f3227, 0x153c0807, 0xfd161415, 0x018f8085, 0x82808f01, 0x3e828c8c, 0x3d3f3132, 0xa2043434, 
    0x7a0c7a9e, 0x0c7aa0a0, 0x5880a177, 0x5a410c40, 0x410c415a, 0x01000057, 0xa8048afc, 0xda067dfe, 0x55001000, 0xb52dfd83, 0x0102010c, 0xb04b4c01, 
    0x40585030, 0x05795018, 0x02005722, 0x5934b982, 0x00020200, 0x00010462, 0x1b520002, 0x02001940, 0x59020004, 0x00252082, 0x04010004, 0x201c8467, 
    0x291b8300, 0x1211b759, 0x05211322, 0x71421b0b, 0x22232a06, 0x33113526, 0x32330611, 0x3c068237, 0x3ae9fd23, 0x9f685667, 0x1b465201, 0xef0489a2, 
    0x01776a47, 0x62affe51, 0xfd810132, 0x2a8f82d8, 0xfea20485, 0x00e0067c, 0x4aa7001b, 0x1c20055f, 0x26348882, 0x05030200, 0x00720203, 0x05040405, 
    0x00010070, 0x03010203, 0x220a1b47, 0x82010662, 0x1b522486, 0x8222b04b, 0x8527202d, 0x8005212d, 0x40212e9f, 0x23298a28, 0x7e040503, 0x59335998, 
    0x01134059, 0x16181900, 0x0b0d0f14, 0x0006080a, 0x421b011b, 0x47430c93, 0x234b0805, 0x22232634, 0x16151506, 0x36323316, 0x06063337, 0x84868ffd, 
    0x7e6f8585, 0x3d2e2d96, 0x3e270129, 0x96013228, 0xa2048901, 0x750e76a3, 0x235e7ba2, 0x0e395f37, 0x23295d3c, 0x0000725a, 0x047cfc02, 0x0787fea5, 
    0x001000c7, 0x859b001c, 0x822520fd, 0x090f2acf, 0x14010501, 0x05040213, 0x23e6820e, 0x401b4c03, 0x0326118b, 0x594c0304, 0x2883b04b, 0x02002226, 
    0x57020001, 0x26075d43, 0x00040107, 0x82590400, 0x00042a06, 0x02060361, 0x51000400, 0x09d4651b, 0x03201782, 0x00271e82, 0x00030002, 0x85670302, 
    0x01062126, 0x592e2583, 0x11121740, 0x15170001, 0x1c121c11, 0xf1840c0d, 0x10011023, 0x07854308, 0x35262623, 0x2bf18335, 0x11331117, 0x06062723, 
    0x35371627, 0x2e08f985, 0x5cfd1614, 0x6b75766a, 0x8ba23554, 0x084a1b0b, 0x451c1d44, 0x04313336, 0x789f01a5, 0x389b7e0a, 0xebfc1f01, 0x8126223b, 
    0x3ac93c01, 0x420a4459, 0xb2220783, 0xf7827dfe, 0x3d001122, 0x4026f583, 0x02010132, 0x04820e00, 0x97490220, 0x57042305, 0xda840000, 0x0105692c, 
    0x5f010404, 0x04010103, 0x13824f01, 0x11001129, 0x22132312, 0x421a0b06, 0x1129056b, 0x16323336, 0x11231115, 0x208d8234, 0x08078207, 0x3929fd2a, 
    0xa26a565b, 0x1b422e27, 0xfec7079f, 0x817343d6, 0x3a01c6fe, 0xfe2d373c, 0x00150380, 0xd9fb0100, 0x1effb204, 0x2000e006, 0x2a074951, 0x00030105, 
    0x0302011c, 0x82074c02, 0x230d8285, 0x69030002, 0x00310a83, 0x04065f02, 0x02000202, 0x2212114f, 0x24132215, 0x08554521, 0x17217683, 0x83058336, 
    0x23362474, 0x84070622, 0x83098286, 0x332f0810, 0x653a6dfc, 0x1b185538, 0x69553d57, 0x5101a001, 0x020c3027, 0x485001a0, 0x0687a11b, 0x2f2c4799, 
    0x786d312a, 0x4a01b7fe, 0x15191f63, 0x82b6fe16, 0xfe332408, 0x82280286, 0x0efd259f, 0x51feb204, 0x0e2a9f82, 0x06b13200, 0x27404464, 0x8282000b, 
    0x02010627, 0x4c020001, 0x20a18203, 0x20038200, 0x0a044d69, 0x12112224, 0x10410423, 0x26152107, 0x21060841, 0x9d821733, 0x51fe2608, 0x46151f0b, 
    0x0b89a11d, 0x061b4d33, 0x08059dd9, 0x0294fe2b, 0x00413b28, 0x04280001, 0x077e01aa, 0x00130066, 0x25678444, 0x01010739, 0x66820800, 0x004c0231, 
    0x85050405, 0x04020607, 0x01000103, 0x82670004, 0x01023371, 0x01010059, 0x02006202, 0x00520201, 0x00130000, 0x77821113, 0x08112222, 0x08069551, 
    0x2315012e, 0x32331411, 0x23061537, 0x23113522, 0x33353335, 0x617b0115, 0x220e1f37, 0x5151a93a, 0x76e006a1, 0x0640fffe, 0x01bc0e77, 0x86867604, 
    0x00234282, 0x8276fc01, 0x068f23eb, 0x235700de, 0x0793552a, 0xbf35fd35, 0x0b0b5ba7, 0x04bfa958, 0xfe2c02b2, 0x013e3eb1, 0x82d4fd4f, 0x82862053, 
    0x82a12053, 0x08575553, 0x04070a24, 0xc8820401, 0x03044c28, 0x01010002, 0x07835700, 0x5f010023, 0x210b8202, 0x88824f01, 0x0b000b25, 0x4f121212, 
    0x26080711, 0x33371701, 0x27231303, 0x03132307, 0x595a3afd, 0xada79fac, 0xa6ad5f62, 0x9cde06a0, 0xfeeffe9c, 0x01a6a6e5, 0x8211011b, 0xfd012a37, 
    0xfedafd0d, 0x0086ff50, 0x07074e0e, 0x00010a24, 0xaa410502, 0x11322319, 0xaa412212, 0x05250807, 0x22232615, 0x11231507, 0x33361733, 0x50fe1632, 
    0x1d47231c, 0x330b88a0, 0x7f1a0d4d, 0xeb2c0d9d, 0x423ca601, 0x38668201, 0xedfb0100, 0xf9fea704, 0x18006b05, 0x06b15c00, 0x0db54464, 0x01010301, 
    0x05fc444c, 0x02051b22, 0x7027d684, 0x03010106, 0x82590103, 0x03012b06, 0x03010462, 0x1b520301, 0x1d841a40, 0x92850021, 0x40592c1c, 0x2312220a, 
    0x10221122, 0x431d0b07, 0x332c054e, 0x32331616, 0x06163327, 0x27262223, 0x35200483, 0x3b081184, 0x9525fd36, 0x4e252b01, 0x8601a102, 0x1b4a3068, 
    0x83696934, 0x2529019d, 0x6b052923, 0x624c2c20, 0x32171b62, 0x2b214f75, 0x03000024, 0xa204e3fb, 0xe30636ff, 0x33002700, 0xea003b00, 0x4030af83, 
    0x03011810, 0x02243205, 0x03250708, 0x03080002, 0x2608ba82, 0x40585015, 0x0304002f, 0x72040302, 0x0c050106, 0x05040301, 0x010b6903, 0x07010902, 
    0x69070208, 0x0008010a, 0x82590800, 0x00082806, 0x020d0161, 0x49000800, 0x3420074a, 0x00253690, 0x09020709, 0x203c8259, 0x203b8300, 0x213b9467, 
    0x36853540, 0x89800221, 0x0837a26e, 0x40595922, 0x3a000121, 0x30343538, 0x22282a2e, 0x1b1e1f20, 0x13151719, 0x0d0f1112, 0x0005070b, 0x0e270127, 
    0x2009aa48, 0x0a6d4927, 0x6d493420, 0x36172107, 0x2706bd48, 0x37363233, 0x01060617, 0x25097549, 0x35333726, 0x0f822636, 0x4bfe5d08, 0x16237b54, 
    0x65534d5b, 0x4f488083, 0x6c86a04a, 0x63443f6d, 0x9bfe827a, 0x47287112, 0x721a4e18, 0x344591fe, 0x291f2733, 0xa309093e, 0x323001c7, 0xa204302f, 
    0x4a293642, 0x5f524c5b, 0x013a4d1e, 0x3538674b, 0x6d417b95, 0x2558201c, 0x3205013f, 0x2a1f1820, 0x0c72211b, 0x003d342b, 0x24080082, 0x04d3fb03, 
    0x063dffa2, 0x002000e3, 0x003a002e, 0x6406b1a6, 0x180e4044, 0x39050301, 0x03090701, 0x03070001, 0x05a94a4c, 0x200a9541, 0x05954108, 0x0002002f, 
    0x09020709, 0x020c0a69, 0x07000007, 0x2c078359, 0x01610007, 0x0700020b, 0x401b5100, 0x0a594130, 0x593032a4, 0x21222140, 0x35370001, 0x27292f31, 
    0x2e222e21, 0x230c5341, 0x0d200120, 0x4a155341, 0x534108c1, 0x0f094906, 0x080ad04a, 0x2ffe2632, 0x1621764f, 0x66534c5b, 0x01468184, 0x859e4c4f, 
    0x453f6d6d, 0x8e8d8265, 0x33333d80, 0x32333c3e, 0x343348d1, 0x3c281f28, 0xa204090e, 0x492a3741, 0x380b4a41, 0x790c78a2, 0x4157809f, 0x5a59420c, 
    0x58400c41, 0x18203285, 0x211b291f, 0x3f008200, 0x04c5fb02, 0x06f0fea7, 0x001d00e3, 0xb1c70028, 0x40446406, 0x021d280b, 0x01060708, 0x4c020801, 
    0x0805ce5a, 0x05002e2d, 0x05040304, 0x07080072, 0x01080701, 0x01010280, 0x066f0107, 0x04000001, 0x69040005, 0x07070300, 0x03005903, 0x00610703, 
    0x42070307, 0x2d2007db, 0x01213591, 0x21349984, 0x2f853440, 0x87800321, 0x01002966, 0x02010702, 0x0202007e, 0x592f3699, 0x240c4059, 0x22112224, 
    0x11112424, 0x431f0b09, 0x132405fc, 0x26230333, 0x410bc142, 0x1622086d, 0x59411515, 0xb2fd2b0a, 0xdcedaa94, 0x4b18060a, 0x5b415237, 0x84633409, 
    0x343346a1, 0x36251f28, 0x0173050b, 0x15d5fd6a, 0x41271b22, 0x65240951, 0x3239ae62, 0x2c062d4c, 0x045efc02, 0x079cfea8, 0x001400be, 0x07db6021, 
    0x0201122d, 0x03011501, 0x014c0202, 0x4e4a0101, 0x03200b97, 0x2805274c, 0x00030000, 0x24262451, 0x08eb4629, 0x021e3726, 0x020e1515, 0x2406df4c, 
    0x26261732, 0x08aa5113, 0x36323b08, 0x320cfd35, 0x015c9f63, 0x7d52824c, 0x4a7890a0, 0xac7d1d3c, 0x412f3f11, 0x3d3c413f, 0x77470745, 0x71b67916, 
    0x518f5d23, 0x8d716892, 0xfe635425, 0x4b1811cf, 0x6a46343d, 0x9f890053, 0x2a001d2b, 0x06b14000, 0x35404464, 0x209f8216, 0x299f841e, 0x191a1b1c, 
    0x03040506, 0xa79a0901, 0x2d242b22, 0x1626a789, 0x07173717, 0xac8e1616, 0x27072723, 0x26b19037, 0x276e4c5f, 0x8941395c, 0x2a0d27b5, 0x5b29721a, 
    0xba8bc825, 0x3b381527, 0x9e3b303d, 0x28be885e, 0x3d183e26, 0xfe14313b, 0x27c38ac7, 0xfedc0375, 0x00e9068c, 0xb520c383, 0x3c055b4a, 0x4058502d, 
    0x06011817, 0x02212203, 0x010b0605, 0x01040502, 0x01030201, 0x4c050100, 0x2019841b, 0x20199204, 0x05164459, 0x01042331, 0x05060003, 0x08690603, 
    0x02000501, 0x64020501, 0x07200beb, 0x002d4482, 0x2a401b51, 0x06030400, 0x80060403, 0x392ca000, 0x1f194059, 0x2500011e, 0x1f2a1e23, 0x16191a2a, 
    0x080d0f14, 0x011d0006, 0xfc43091d, 0x16372a0a, 0x36323316, 0x06063535, 0x07834a23, 0x37171629, 0x06141133, 0x4a363203, 0x44080a83, 0x267d3771, 
    0x2b461a49, 0x44193f40, 0x81816a2d, 0x1949336a, 0x62a28e09, 0x1e0e2e26, 0x37393944, 0x2a2cdc03, 0x3e231b63, 0x201c1d35, 0x0b77a101, 0x20239e7c, 
    0x75ecfd38, 0x1a500179, 0x5833d918, 0x57410b43, 0x08008200, 0x65fc013e, 0x90fea804, 0x1e000807, 0x06b18800, 0x0a404464, 0x05040117, 0x0400011c, 
    0xb04b4c02, 0x40585024, 0x01030028, 0x72030202, 0x02000100, 0x67020106, 0x05000600, 0x67050604, 0x00000400, 0x2006b953, 0x242e8207, 0x401b5100, 
    0x232a8329, 0x80020301, 0x59342ba0, 0x00011540, 0x18191a1b, 0x0c0e1315, 0x0608090a, 0x1e011e00, 0x29087e4b, 0x35272622, 0x32333636, 0xe0422317, 
    0x14172305, 0xfe833316, 0x35233608, 0x06061521, 0x9f7c81fd, 0x789c0101, 0x099e14f5, 0x32433131, 0x31413a01, 0x01710c33, 0x04821a10, 0x7e6a88a8, 
    0x28c3856b, 0x722e4d1f, 0x090b4733, 0x1ff16c4d, 0x28e7843a, 0xfeb20496, 0x00ce07b2, 0x0781430c, 0x05080922, 0x25062749, 0x01000301, 0xcb5e5703, 
    0x082a490a, 0x0c000c25, 0x49131213, 0x2d08082a, 0x33373711, 0x27231307, 0x11231507, 0x8e1d36fd, 0xb7e0c6b7, 0x07a0378e, 0x2343fece, 0xb9fee1a6, 
    0x03a636dc, 0xfd01001c, 0xfdb20438, 0x275f07d8, 0x33012b24, 0x38fd2311, 0xc707a0a0, 0xa784ebfc, 0xa782d420, 0x06077122, 0x210a0b58, 0x5f590201, 
    0x10bc5713, 0x11211530, 0x71fe1133, 0x059e63fe, 0x54027f31, 0x21822bfe, 0xfc010023, 0x204f821f, 0x204f82d1, 0x07775c0c, 0x02050827, 0x4c010001, 
    0x22048204, 0x82570001, 0x01002406, 0x8302035f, 0x114f2513, 0x11111212, 0x2008d84e, 0x089a8213, 0x23031122, 0x11231103, 0x9576fd33, 0x73819fc6, 
    0x05c49f80, 0xfda10165, 0xfe5e01ac, 0xfe5c01a2, 0x005402a4, 0xb7206382, 0xaa2d6382, 0x1000e406, 0x06b15200, 0x0cb54464, 0x20b38201, 0x05634f4c, 
    0xe15c1520, 0x206a8608, 0x05645c01, 0x04001924, 0xf84c0102, 0x4c002009, 0x604f09f7, 0x3336210f, 0x2305f34c, 0x07222336, 0x4b208b84, 0x2f09604f, 
    0x479d0688, 0xaffe776a, 0x32625101, 0x28027ffe, 0x5e20f385, 0x93208f82, 0x0920f382, 0x2007f150, 0x838f8206, 0x16114bf3, 0x09000924, 0x114b1112, 
    0x11132109, 0xf683f982, 0xf2fffc2c, 0xa1f2a2a2, 0x97fe0607, 0xf4826901, 0x97fe6922, 0x0222f082, 0x5f8279fc, 0x5f828020, 0x21001824, 0xf1834700, 
    0x0a3c4026, 0x0e040001, 0x0222da82, 0x0582034c, 0x00860128, 0x04050002, 0xdf560502, 0x191b2515, 0x04061113, 0x18228c82, 0x654f1801, 0x15232308, 
    0xe9831123, 0x16071431, 0x16151516, 0x23151716, 0x35352626, 0x7b332736, 0x37080554, 0x556ffd23, 0x876ffaa1, 0x01293f63, 0x09a50b06, 0x59b50104, 
    0x252f2d27, 0xcc7e0559, 0x54625402, 0x4f123161, 0x3f08252c, 0x420b070c, 0x7f4c250d, 0x281c2027, 0xbdfc0100, 0x6124ab82, 0x1600da06, 0x2d07b34b, 
    0x00020101, 0x01020a0e, 0x004c0202, 0xa9820201, 0x02020034, 0x00005900, 0x00610200, 0x51020002, 0x03232626, 0x2347190b, 0x36272205, 0x21928436, 
    0x8d820706, 0x6b570320, 0xfd260807, 0x5b2f4b08, 0x407c5545, 0x92a37a36, 0x1e244946, 0x3706311d, 0x61251c62, 0x1b4c3854, 0x010107cd, 0x19263417, 
    0x8b41121f, 0x04862a05, 0x0672fea4, 0x002300e2, 0x059545f9, 0x58502224, 0x79822540, 0x01020429, 0x05040072, 0x82700405, 0x5f022028, 0x032e0502, 
    0x00590503, 0x62030505, 0x03050300, 0xf54f1b52, 0x89262005, 0x0402232c, 0x2d9a7e05, 0x5a822620, 0x2d852720, 0x00800424, 0x2e9e0504, 0x2e822720, 
    0x40205ca7, 0x592057a7, 0x40270082, 0x2a122209, 0x5f281221, 0x012e07c2, 0x26272626, 0x36343526, 0x15163233, 0x104b2623, 0x16172405, 0x4c141516, 
    0x5b080974, 0x2c01d6fd, 0x7b735548, 0x9e876e69, 0x29205205, 0x6c654429, 0x81796b87, 0x293f0196, 0x14480550, 0x4b110f22, 0x6666474c, 0x191d434d, 
    0x140d1f16, 0x5e4b4b4e, 0x212b4378, 0xfd010000, 0xfeb20433, 0x00d80759, 0xb130000f, 0x40446406, 0x02010825, 0x00010901, 0x004c0202, 0x86000200, 
    0x2809d04e, 0x01020061, 0x23255102, 0x08e24110, 0x52592320, 0x07172105, 0x3b056a45, 0x75a0d3fd, 0x1528165e, 0x0e170906, 0xb2042e24, 0x665f6102, 
    0x047b0307, 0x00222402, 0x01220082, 0x6b8294fc, 0xda066c26, 0x3b000900, 0x30256b84, 0x02010108, 0x05f55403, 0x01000226, 0x67010203, 0x5c0b8a5d, 
    0x09240815, 0x12110900, 0x0808875d, 0x2115012e, 0x35230135, 0xfe011521, 0x0128fe6c, 0xc701fd04, 0x3105fffe, 0x4a015f7f, 0xb5fe5e7f, 0x5cfc0200, 
    0x9efea704, 0x1a00e406, 0x9d002800, 0x35053942, 0x4058502d, 0x06010a10, 0x021d2001, 0x13180603, 0x03030002, 0x12841b4c, 0x128b0220, 0x3106c147, 
    0x0101021f, 0x01030600, 0x05086906, 0x00000302, 0x07835903, 0x6100032f, 0x00020704, 0x1b510003, 0x02002440, 0x054f5206, 0x592f269a, 0x1b1c1940, 
    0x21230001, 0x281c281b, 0x550f1517, 0x1a2205b3, 0xb7471a01, 0x36352c0b, 0x16323336, 0x11333717, 0x5b313316, 0x272706ac, 0x32270606, 0x52352637, 
    0x78080939, 0x01786b40, 0x2e6c7701, 0x8f0a1743, 0x02082501, 0x1424120d, 0x47182360, 0x011d3e0d, 0x31383d1d, 0x99a8042f, 0xa47e0978, 0xfe412329, 
    0x7603418e, 0x28560309, 0x0b2d7d2d, 0x5f32cb0b, 0x54400944, 0xfc020000, 0xfee2036b, 0x00a20790, 0x00280013, 0x6406b154, 0x06494044, 0x14050401, 
    0x0e040301, 0x03030101, 0x0102004c, 0x01078602, 0x05060000, 0x00690600, 0x03040005, 0x7ddd1805, 0x00013111, 0x1e202426, 0x15171b1d, 0x0a0c0f10, 
    0x13011300, 0x25087d47, 0x14151632, 0x9c420706, 0x15272706, 0x36261123, 0x54181613, 0xe27f0844, 0x155b0808, 0x8c6d72fd, 0x81892e36, 0x224d2471, 
    0x029e019f, 0x3c36472c, 0x232e3341, 0x2c32302d, 0xa2073d28, 0x54356165, 0x69882d19, 0xed141374, 0x7a70d602, 0x371da0fd, 0x74313f29, 0x3424352f, 
    0x00003736, 0xfeb3f908, 0x058501c2, 0x000d00ae, 0x0029001b, 0x00450037, 0x00610053, 0x84ab006f, 0xa05008d7, 0x1f1c011e, 0x051c1f05, 0x060c0e80, 
    0x15070403, 0x80150407, 0x0316181a, 0x17091714, 0x12800914, 0x08030a10, 0x080b010b, 0x01028001, 0x86000300, 0x1f001d00, 0x691f1d1c, 0x0f05010d, 
    0x05040701, 0x01196907, 0x17011b15, 0x69171514, 0x13090111, 0x092a2a82, 0x0100690b, 0x59010303, 0x5c180100, 0x2f0807af, 0x696a6c6e, 0x62636567, 
    0x5b5c5e60, 0x54555759, 0x4d4e5052, 0x4647494b, 0x3f404244, 0x38393b3d, 0x31323436, 0x2a2b2d2f, 0x23242628, 0x22121f21, 0x10230185, 0x451f0720, 
    0x23200523, 0x2407d643, 0x06222326, 0x200d8701, 0x210d9134, 0xd8572313, 0x05445505, 0x26202988, 0x1b8b2985, 0x45870520, 0x1b853620, 0x38443620, 
    0x08538405, 0x752efd21, 0x74656375, 0x382e0172, 0x5c022e35, 0x64647476, 0x392d7577, 0x48fb2c36, 0x64627574, 0x822d7475, 0x0c210817, 0x64750175, 
    0x2e747663, 0x042c3737, 0x657474a0, 0x01717662, 0x2f36372f, 0x0173a9fa, 0x75656474, 0x280c8274, 0x7623062e, 0x74646475, 0x2a198273, 0xdffc2f35, 
    0x65740175, 0x82717463, 0xfe2f3d19, 0x6b6b53c2, 0x3e3e2853, 0x6953f404, 0x3c285369, 0x52dbfb3d, 0x27526c6c, 0xd803403f, 0x51301188, 0x27536b6d, 
    0xe1013f3f, 0x51696951, 0x273d3d27, 0x28240783, 0xe4023c3c, 0x4c081086, 0xf9080000, 0x0162fef9, 0x00c6056f, 0x00090004, 0x0013000e, 0x001d0018, 
    0x00270022, 0x6406b157, 0x254c4044, 0x03031224, 0x20212602, 0x0c0e1013, 0x06070a0b, 0x01020304, 0x1f03000f, 0x00010209, 0x02004c03, 0x00030105, 
    0x00670302, 0x09266900, 0x01330982, 0x1419194f, 0x191d1914, 0x141b1c1d, 0x16181418, 0x65070615, 0x8d0806f5, 0x15053525, 0x33370301, 0x35250113, 
    0x27010537, 0x01172537, 0x03173313, 0x33132703, 0x25270103, 0x03030717, 0xfb071337, 0x01aafe4f, 0xccac0464, 0x019b1263, 0x0f9cfe22, 0x09fe5501, 
    0x4d010266, 0x479efc46, 0x557f0c8d, 0x49637d0c, 0x01472cfd, 0x9f03662e, 0x65cb4399, 0x627aa601, 0x60fd8c44, 0xfe622c01, 0x464c02ba, 0x017a0a8c, 
    0x9a0e6480, 0x0114fa46, 0xaefe0e60, 0x010e0406, 0xfba0fe52, 0x64ca4206, 0x0158030e, 0xd6fe4248, 0x00820060, 0x27fc012c, 0x0dffa204, 0x0700fe05, 
    0xc9447600, 0x50153a05, 0x001c4058, 0x03020203, 0x00010070, 0x00710100, 0x02000002, 0x02020057, 0x26328200, 0x1b500002, 0x8219b04b, 0x881b2023, 
    0x86012123, 0x40212290, 0x211d821a, 0x40828503, 0x59281c91, 0x1111b659, 0x07041011, 0x35053856, 0x23152103, 0x33272137, 0xb6d0fdf3, 0x02320201, 
    0x7e2005b5, 0x9b846cf0, 0x18052d2a, 0x14063dff, 0x2c001500, 0x40229b83, 0x55820021, 0x58590021, 0x97820829, 0x0104612d, 0x51020002, 0x24132322, 
    0x58070520, 0x332306f6, 0x42373632, 0x15210597, 0x059e5a23, 0x23062308, 0x172dfc23, 0x38409158, 0x8471396a, 0x3b2e3e8d, 0x1978b992, 0x182a9e05, 
    0x6e682014, 0x30361026, 0x72823b3b, 0xfd01002d, 0xfe1b0562, 0x006f0661, 0x84190005, 0x050e2673, 0x00030104, 0x231c8249, 0x07011276, 0x3005ca6f, 
    0x33352701, 0x0dfe1707, 0x3e04c5ab, 0x91c31b05, 0x82ae83a3, 0x8274203b, 0x8471203b, 0x841a203b, 0x030f253b, 0x04000102, 0x14203c85, 0x07363c88, 
    0x33273727, 0x54a971fe, 0x05c3023c, 0x6c45c3de, 0x010000a3, 0xeb82d3fb, 0xeb822020, 0x3e001722, 0x332d3b84, 0x0201010c, 0x010e4c01, 0x01044901, 
    0x22478200, 0x82030057, 0x02032206, 0x340e8269, 0x005f0100, 0x4f010001, 0x11130001, 0x0204080a, 0x17011700, 0x07644205, 0x2315332b, 0x26272622, 
    0x06222326, 0x08ff8315, 0x3233362b, 0x16161716, 0xb5a67afe, 0x2c254a30, 0x5631506a, 0x5e86998c, 0x3c222f7c, 0x1f869e05, 0x302b1814, 0x62261036, 
    0x12193174, 0x2de6821a, 0x0cfc0100, 0x09ffa504, 0x2200e306, 0x13426201, 0x501c3605, 0x00334058, 0x03000302, 0x07007202, 0x07060605, 0x020b0c72, 
    0x210e8201, 0x8f830301, 0x05010936, 0x67050007, 0x08080600, 0x06005906, 0x0a620806, 0x08060801, 0x2007145a, 0x233a8a34, 0x80060705, 0x25203ba7, 
    0x35207682, 0x00213b85, 0xab778380, 0x8229203c, 0x8f3f203c, 0x28b1843c, 0x04000059, 0x00570005, 0x20b68304, 0x20b68304, 0x84b6820a, 0x080a2394, 
    0xc6820a01, 0x0020c082, 0x4021bf84, 0x22418940, 0x82090609, 0x234186bb, 0x09050004, 0x00253a83, 0x00070900, 0x97328209, 0x18592042, 0x2c079054, 
    0x21220022, 0x221e1f20, 0x12112212, 0x20048221, 0x07a4450d, 0x42331521, 0x620805ab, 0x22232623, 0x15330706, 0x33161623, 0x33353632, 0x26070606, 
    0x15232726, 0xabfc1123, 0x72880f6b, 0x01968b5f, 0x062e3653, 0x2f059494, 0x96292d34, 0x71678401, 0x9f6b0e88, 0x62d9da06, 0x4b5d6d80, 0x2f5e2d43, 
    0x65253441, 0x7f010174, 0x2802d865, 0xff000000, 0x0521fcff, 0x06d8fe02, 0x06070011, 0x827afbee, 0x2f138212, 0x69032800, 0xd1049801, 0xe9060701, 
    0x4705f1ff, 0x21052f6a, 0x4f6c4705, 0x04502808, 0x068501de, 0x490d0032, 0x7e7407b3, 0x03002408, 0x82590003, 0x61032745, 0x00030104, 0x0a825103, 
    0x0d000d35, 0x05222221, 0xb12b1908, 0x13440006, 0x32333523, 0x82233435, 0x15203306, 0x0d0d7d14, 0x2d34636a, 0xde040801, 0x883a4052, 0x2f82aaaa, 
    0x00010022, 0x555e5fe9, 0x61012007, 0xc352095b, 0x01043206, 0x51000300, 0x0a0b0001, 0x03050608, 0x0d010d00, 0x87421805, 0x35203f07, 0x15332134, 
    0x14152223, 0x01153333, 0x01f8fe58, 0x62352d08, 0xde040d6a, 0x3a88aaaa, 0xc4825240, 0xc3830220, 0x06c30229, 0x000d0032, 0x43610011, 0x24270525, 
    0x1b405850, 0x82020105, 0x010223e1, 0x2b410069, 0x0206280a, 0x51030003, 0x8420401b, 0x0059261a, 0x00030400, 0x24298359, 0x04020304, 0x234f8267, 
    0x01066103, 0x59282283, 0x00001040, 0x0e0f1011, 0x0d245782, 0x07222221, 0x23145641, 0x33032325, 0x24085a41, 0x72a23e01, 0x075f41f6, 0x3e010e23, 
    0x209b8500, 0x209b86e4, 0x419b8c64, 0x06201207, 0x2b06704a, 0x03020020, 0x00590201, 0x03000403, 0x01249b82, 0x01000400, 0x17609b82, 0x40592309, 
    0x9b840113, 0x20093241, 0x14324107, 0x36419e83, 0x7f01230a, 0xa08273a2, 0x83053b41, 0x84ef82a0, 0x170321a3, 0x6720a386, 0x9a71a389, 0x41002005, 
    0x07220d3f, 0x86820605, 0x1b510324, 0x40412140, 0x03052c07, 0x01045900, 0x05010702, 0x41050203, 0x142a0d41, 0x00000e0e, 0x110e110e, 0x45410f10, 
    0x41082006, 0x37231445, 0x41033313, 0x7d230845, 0x4173f61f, 0xfe220a44, 0x474100c2, 0x2c032105, 0x6a20a386, 0x4741a38c, 0x4ba38311, 0x212005b9, 
    0x22074841, 0x82030005, 0x820120a3, 0x010021a3, 0x4941a382, 0x0e17230b, 0xa386010e, 0x20094d41, 0x144d4108, 0x4d41a683, 0x84b2200a, 0x084c41a8, 
    0x022ea882, 0xde040000, 0x8b07b702, 0x22001400, 0xa7835600, 0x4b403f08, 0x00030105, 0x01030001, 0x02040069, 0x0800020a, 0x006a0004, 0x06070008, 
    0x00690708, 0x06090906, 0x06060059, 0x010b6109, 0x51090609, 0x00011515, 0x22152215, 0x1b1d1e20, 0x11121719, 0x0f190e10, 0x0c200992, 0x22299387, 
    0x22232626, 0x36230706, 0x05e36d36, 0x06333724, 0xec430106, 0xe801210c, 0x0e1dab18, 0xa2063e3d, 0xadfe7402, 0x626a0d0d, 0x08012d35, 0x30318e06, 
    0x81762833, 0x775c3030, 0x4450fe82, 0xbfa30810, 0xbf830720, 0x08000728, 0x69080709, 0xba820900, 0x82005921, 0x24bf82c4, 0x51060906, 0x29bf8216, 
    0x1b1d1f20, 0x2215181a, 0xbfaa2216, 0xe9430320, 0x29bf940d, 0x01f8fe78, 0x63342d08, 0xbf8e0d6a, 0x2e080b44, 0x040a0103, 0x07bb04f9, 0x00030009, 
    0x5f1b000f, 0x1c4a0747, 0x07fb7405, 0x0e826720, 0x61020334, 0x03060407, 0x51020302, 0x04051011, 0x1b101517, 0x3c651b11, 0x10112d05, 0x2b180808, 
    0x440006b1, 0x21032301, 0x210b3165, 0x9c4f2221, 0x06143207, 0x7db34203, 0x7efe0f01, 0x3e57573e, 0x0257573d, 0x2d08864b, 0x3701d205, 0x3c55f0fd, 
    0x3c54543c, 0x0787553c, 0x00000024, 0x9b87ffff, 0x06060235, 0x000000e6, 0x04600003, 0x074703de, 0x00140043, 0x422c0020, 0x072a162d, 0x096a0004, 
    0x06060701, 0x06825907, 0x6106073c, 0x030b080c, 0x51060706, 0x15162122, 0x26280001, 0x2c222c21, 0x20151a1c, 0x6d412016, 0x420d200d, 0xc98a1c2d, 
    0x0220d58b, 0x1455ad18, 0x3e35fe25, 0x823e5858, 0x7d012103, 0x0882e583, 0x18520621, 0x240b60ad, 0x3c3c568c, 0x20038b56, 0x25988200, 0x5701ec04, 
    0xe5822306, 0x06b12026, 0x15404464, 0x220fd36f, 0x41021011, 0x57240b66, 0x0e017db2, 0x2e083382, 0x00ffff37, 0x02ec04d5, 0x02230604, 0x00fa0a06, 
    0x00ffff00, 0x030205a7, 0x0011065e, 0x00ee0606, 0x01020000, 0x03f8040a, 0x001b06f1, 0x5317000b, 0x032607b9, 0x00000101, 0x06825901, 0x61000126, 
    0x03040205, 0x51306e82, 0x00010c0d, 0x170c1113, 0x0507170d, 0x0b010b00, 0x510af171, 0x14210664, 0x21fd8b06, 0xe784a001, 0x82575721, 0x19f085e7, 
    0x82110816, 0x82002765, 0xcb01f004, 0x7f822406, 0xdb842720, 0x907d1c20, 0x20718512, 0x09b35703, 0x012e7188, 0x60604426, 0x61614444, 0x405af004, 
    0x03835a40, 0x432a3f82, 0x6b03f404, 0x08002306, 0x53842100, 0x40181620, 0x21210fc7, 0x098c5112, 0x0135213b, 0x21150133, 0xfe480127, 0xe62101fb, 
    0xfafe2101, 0x07f4048e, 0xd8fe2801, 0x06d74707, 0xa3864f89, 0x87740120, 0x1701361f, 0x01152137, 0x01350123, 0x018e8f48, 0xe6dffe06, 0x2306dffe, 
    0xc55918aa, 0x00012a08, 0x03e8045d, 0x001f060f, 0x0723540f, 0x01010325, 0x65850102, 0x61220916, 0x0c820104, 0x0001512d, 0x07090b0c, 0x0f000405, 
    0x41050f01, 0x26230901, 0x49143335, 0x143b054e, 0xb6010606, 0xaf5b9c62, 0x61484961, 0x049c5bb0, 0x578d53e8, 0x3f54543f, 0x82538d57, 0x04632640, 
    0x068802aa, 0x5bd773ad, 0x7d4c7627, 0x4c7d4a4a, 0x2405834b, 0x4646324b, 0x2e038232, 0x7446aa04, 0x45754748, 0x48477545, 0x828a4674, 0x45452113, 
    0x00201782, 0x012c0082, 0xec046400, 0x2306d701, 0x46000b00, 0x32057d46, 0x40585010, 0x01000016, 0x00710001, 0x02010102, 0x6f020057, 0x1b22077f, 
    0x18821540, 0x8f860021, 0xb5592317, 0xc4412221, 0x232a0809, 0x23233637, 0x16323335, 0x75010706, 0x170b4db2, 0x6370a0a0, 0xec042802, 0x4b991688, 
    0x0100346e, 0x8701c601, 0xd8031403, 0x15190a00, 0x0624071f, 0x49000205, 0x00217182, 0x23938276, 0x020a000a, 0x3d075c41, 0x06061415, 0x36362707, 
    0x14033535, 0x93345532, 0xd8032d26, 0x849345c7, 0x9841502e, 0x8c82c860, 0xfe294bcb, 0xffe90326, 0x00f30574, 0x21978709, 0x978a0405, 0x09000922, 
    0x03209787, 0x22089684, 0x8c35023e, 0x944c501e, 0x0511241d, 0xaebc5af3, 0x6f415046, 0x01007694, 0x5efeec00, 0x2c006702, 0x49001300, 0x0c2b0619, 
    0x20405850, 0x01020300, 0x4a720300, 0x042309e7, 0x82590004, 0x62042aef, 0x00040105, 0x401b5204, 0x08056a21, 0x8e08df49, 0x40592223, 0x2731820d, 
    0x12120013, 0x06212411, 0x21060564, 0x94523513, 0x23340806, 0x07153337, 0x14151636, 0x7fec2306, 0x30282830, 0x0573255c, 0x7d72675e, 0x1d775efe, 
    0xdd1b2121, 0x5205582c, 0x00515c50, 0x41000100, 0x1c0251fe, 0x12001600, 0x2b076944, 0x01000110, 0x070f4c01, 0x4a010306, 0x2512f743, 0x12000b0d, 
    0xf7431201, 0x0537250d, 0x14150606, 0x0807e760, 0x93754934, 0x1d01404c, 0x1549554f, 0x25401127, 0x6f51fe70, 0x2d7e4665, 0x35542416, 0x9c0a0d4a, 
    0x00001e15, 0x4300ffff, 0x6b033dfe, 0x07036cff, 0x0000930a, 0x174c49f9, 0x49f92105, 0x3307174c, 0x72ffccfb, 0xc1041cff, 0x1f000300, 0x446406b1, 
    0x01021440, 0x85209882, 0x7620f582, 0x03240382, 0x03110300, 0x2f069969, 0x01230103, 0xa555fde4, 0xc104a902, 0x4f05b1fa, 0x00291e82, 0xff57fb01, 
    0x06b9ffc2, 0x2b3fa610, 0x8e2cfc47, 0x1006d503, 0x4e06b2f9, 0xfc273f84, 0xfeb1040b, 0x744206e4, 0x02231277, 0x74710102, 0x5f2b09cc, 0x02000200, 
    0x17401b4f, 0x58020304, 0x57200846, 0x02204382, 0x59201985, 0x0812ab7a, 0x21110132, 0x21352311, 0x020bfc15, 0xa8febfd9, 0x9101b104, 0xe1e16ffe, 
    0xffff0000, 0x53fd58fc, 0x2fffeafe, 0x57060701, 0x44f9bffb, 0x00b10900, 0x44f9b802, 0x82051741, 0xfe9a3e1f, 0xffb7fe04, 0x0b2700bd, 0xf92dfc3a, 
    0x0b07018f, 0xf98bfd3a, 0xb1120093, 0xf9b80100, 0x2127828f, 0x088201b1, 0x30859320, 0xd4fc0128, 0x7dfe07fe, 0x177699ff, 0x0103220e, 0x45877602, 
    0xe7bbfd2b, 0x07fea901, 0x6efeb2e0, 0x08008200, 0xdafb0131, 0xe3fe8e04, 0x1d003b06, 0x06b1b700, 0x16404464, 0x01021316, 0x02030603, 0x4c020100, 
    0x03021415, 0x0204054a, 0xb04b4900, 0x4058501c, 0x8205021a, 0x00012917, 0x03010471, 0x59030101, 0x03230682, 0x82006101, 0x1b51240c, 0x821db04b, 
    0x84192021, 0x86002121, 0x1e202094, 0x4020429e, 0x59323d99, 0x11405959, 0x191a0001, 0x0b0c0f11, 0x1d000709, 0x3d471d01, 0x276f080a, 0x26372707, 
    0x15062223, 0x33023e27, 0x37171632, 0x36360717, 0x06141735, 0x1df9fd06, 0x79361430, 0x251f1f35, 0x3d01b031, 0x4c2d436a, 0x28763624, 0x3cad3020, 
    0x0bed046b, 0x6f3d7208, 0x092e330b, 0x1f4b7b48, 0x573e7112, 0x0c2b3003, 0x004a7948, 0x04e1fb03, 0x07e9fe85, 0x001700f8, 0x002f0023, 0x6406b143, 
    0x00384044, 0x00090008, 0x5c690908, 0x003d081b, 0x01010305, 0x69010506, 0x07070600, 0x06005906, 0x00610706, 0x51070607, 0x24242c2e, 0x05107924, 
    0x550b0a21, 0x8f830671, 0x2b4b2320, 0x24a88506, 0x36323316, 0x05875501, 0x82061421, 0x05d3581a, 0x08055e59, 0xae3bfe4d, 0x40456a3d, 0x22364e55, 
    0x01ad0133, 0x3742693d, 0x24335759, 0x5a87fe33, 0x5d5e4b4c, 0x5b5b4b4c, 0x5d5d4c4b, 0x065c4a4c, 0x7a490bcf, 0x312b2b49, 0x7b480b2e, 0x302a2a4a, 
    0x533a6ffe, 0x513c3c51, 0x3a970251, 0x3d3b5051, 0x82005050, 0xfb022c00, 0xffdb04f8, 0x00c40601, 0x6d2d0016, 0xc99007fb, 0x006a2308, 0x0b07080b, 
    0x06010a59, 0x06070800, 0x0b006908, 0x0962070b, 0x070b0701, 0x282a2c52, 0x22222326, 0xd7831222, 0x0c102222, 0xd686d78a, 0x79271521, 0x152109e7, 
    0x79d28417, 0xfe340ffe, 0x6687af52, 0x364d5541, 0x3dad3422, 0x58374369, 0x33243457, 0x23211286, 0x32128733, 0xc4063423, 0x24835c09, 0x08272824, 
    0x243e663c, 0x85d52924, 0x0826270e, 0x233e663a, 0xcf822923, 0xfb012608, 0xffd8fd9e, 0x007aff45, 0xb161000d, 0xb6446406, 0x05020209, 0x4b4c0102, 
    0x585011b0, 0x01031e40, 0x01020201, 0x36e18270, 0x71000505, 0x05050200, 0x02005702, 0x00600502, 0x50050205, 0x481c401b, 0x1f83052d, 0x8f860021, 
    0x4059271e, 0x11121109, 0xce7a1211, 0x01360808, 0x33372723, 0x33272107, 0x37230717, 0x9e13fd21, 0x959ed7d7, 0x9d95e701, 0x969dd8d8, 0xd8fd16fe, 
    0x9090cfd3, 0x0092d3cf, 0x9ffc0100, 0x63fed9fd, 0x0800b1ff, 0x97831d00, 0x0812402b, 0x04050607, 0x00070203, 0x22b7824a, 0x45011076, 0x01390609, 
    0x35071123, 0x27151737, 0x9f87c5fd, 0xfd9ee1e3, 0x8c0c01d9, 0x91c7c791, 0x3126828b, 0x39fcffff, 0x48ffe204, 0x0701d207, 0x8afb2c0a, 0x73459902, 
    0x99022105, 0x29052a44, 0x18fd0100, 0xf1fd7104, 0xff82f505, 0x67842a20, 0x4e001f21, 0x0028117b, 0x51000300, 0x10141114, 0x2308e762, 0x34352606, 
    0x074d7b18, 0xfd332008, 0x7d7d5cf1, 0x35352d5c, 0x0172042d, 0x7353526c, 0x282c3961, 0xfc020038, 0xfe8b0414, 0x82ee06de, 0x0019225b, 0x05614860, 
    0x5850132c, 0x01022040, 0x01040100, 0x56827200, 0x1806434e, 0x220d6049, 0x8621401b, 0x80042122, 0x59272397, 0x24240940, 0x41221222, 0x34250a5c, 
    0x06222326, 0x05695815, 0x26014308, 0x16323336, 0x23060617, 0xdefe2622, 0x4d4e42d6, 0xc201d244, 0xfdc1a4a2, 0x4a5c01f5, 0x01015c4b, 0x5c4a4d5a, 
    0x4e35c105, 0xa885344f, 0x3cd1fea8, 0x3a3c5151, 0x00005152, 0xa8fc0100, 0x82fef1fd, 0xeb76c7ff, 0x27012109, 0x0809eb76, 0x6911fd2b, 0x826b8181, 
    0x82846a83, 0xf3fd836a, 0x6b817e6a, 0x80698083, 0x00826882, 0xfcffff00, 0xfed9fd99, 0x00c1ffbd, 0xfc380a07, 0x834d821e, 0x828e2013, 0x84b22013, 
    0xfc392213, 0x25138513, 0xd9fdcffb, 0x13821f00, 0x390a2724, 0x138254fb, 0x370a0724, 0x078285fd, 0x00297f82, 0x01aa0436, 0x00ad0649, 0x231f530f, 
    0x0f000f25, 0x61111411, 0x132107a7, 0x05315f35, 0x07d17c18, 0x46323631, 0x7d4c3246, 0x047d4a4a, 0x32468aaa, 0x4a8a4532, 0x00200509, 0x002d9782, 
    0x01d70482, 0x030b06cb, 0x00910a06, 0x051942e7, 0xb0e7ff24, 0x83822b35, 0xfd97fc31, 0xff66fee0, 0x000e00b5, 0x6406b122, 0x18174044, 0x200b9c45, 
    0x0573560c, 0x84421520, 0x372c0808, 0x27173727, 0x17370733, 0x27071707, 0x71cbfc07, 0x0da41fa5, 0x1e9e0b68, 0x60516ca6, 0x921dfe5f, 0xb842622e, 
    0x2e6241bd, 0x949a3b8e, 0x0328e582, 0x19fef5fb, 0xafff1aff, 0x20061b45, 0x3b63843d, 0x05010632, 0x02011200, 0x014c0204, 0x01070001, 0x05000405, 
    0x04010669, 0x59040202, 0x04230682, 0x83036102, 0x2451211c, 0xf9720085, 0x05ec4109, 0x4b183620, 0x2726095a, 0x22230606, 0x9a4b2526, 0x26342505, 
    0x05062223, 0x27080b8a, 0x8301f6fb, 0x20593562, 0x6335591e, 0x35628483, 0x5a1f1f58, 0x01826335, 0x32323cd1, 0x32323e3e, 0x3aa6fe3c, 0x3c3c3234, 
    0x2d080983, 0x267955e1, 0x7a262020, 0x25765254, 0x76251f1f, 0x3f402952, 0x41412c2a, 0x3e40292c, 0x40402d2b, 0xfc010000, 0xfe9e04a0, 0x007e066b, 
    0x43430007, 0x02032308, 0xe7835701, 0x03000223, 0x066e7867, 0x4f020125, 0x43111111, 0x28080943, 0x03330733, 0xfd233723, 0xf93c9b13, 0xf9409b77, 
    0xfea57e06, 0xff00a3c5, 0xfebcfcff, 0xff9d0230, 0x0a070198, 0xf9d6ffb6, 0x059941ab, 0xb0abf924, 0x52822b35, 0xe6286f82, 0xc7028504, 0x1200ed05, 
    0x2a20b34c, 0x090b0e0f, 0x12000506, 0x4b051201, 0x35080656, 0x26242203, 0x1e332726, 0x36323302, 0x06333736, 0xb1280406, 0x70b000ff, 0x8025d421, 
    0xd6a5a5d4, 0x2dd3227f, 0x04d4feaf, 0x7f6a4085, 0x435b223f, 0x57215b44, 0x77846ca5, 0x0555fb29, 0x0500002a, 0x180300d2, 0x1807e744, 0x49110f47, 
    0x11230ea7, 0x82352115, 0xa8d22236, 0x2fd782a8, 0x78fe55fb, 0x20ff0000, 0xb70a0703, 0x4ef90000, 0x4e20d786, 0xfb29d787, 0x03cb04b8, 0x00fb05d7, 
    0x07a76419, 0x01010e33, 0x02010100, 0x0d4c0203, 0x004a0001, 0x01020301, 0x23618359, 0x69030002, 0x61291883, 0x02010200, 0x32353251, 0x08994433, 
    0x36362726, 0x030c3233, 0x0806984a, 0x2c222337, 0x06222303, 0x1b9e56fc, 0x01638dab, 0x0140011a, 0x580c013c, 0x9f106f51, 0x7b86b70e, 0xc9fedafe, 
    0xfefed6fe, 0x04734a5d, 0x79702ecb, 0x10181810, 0x73313831, 0x20088373, 0x33698230, 0x04e6fc01, 0x05c70266, 0x001100ce, 0x6406b128, 0x021d4044, 
    0x156f5118, 0x41231321, 0x232209d9, 0x7482022e, 0x07062b08, 0x24363623, 0x16043233, 0x22d3c702, 0xa8a5d77e, 0xd4247dd5, 0x2c01b12d, 0x2c01e6e8, 
    0x216604b0, 0x5a44445a, 0x6ba55821, 0x6a82a56b, 0xfc01002d, 0x03d7fdb8, 0x007aff87, 0x83590008, 0x08b5216b, 0x8a46fb82, 0x5b1c2007, 0x9c4d060e, 
    0x0060260e, 0x50010201, 0x070f5b1b, 0x4d010021, 0x1c850ba1, 0x0e5b5920, 0x06304c05, 0x23012e08, 0x21352137, 0x02053327, 0xfadae354, 0xd992056d, 
    0xfd3301e3, 0x917e94d7, 0xff0000d1, 0x04a900ff, 0x06070ade, 0x05270036, 0x040000de, 0x210783f1, 0x0785ac02, 0x04580529, 0x050701f1, 0x820408de, 
    0xb1242b0f, 0x04b80100, 0x2b35b0f1, 0x088701b1, 0x08870220, 0x08860320, 0x0002002c, 0x021105a0, 0x006407e3, 0x4a180003, 0x002708db, 0x03010502, 
    0x18030201, 0x352de743, 0x03331337, 0xbdfde302, 0xb7f17cc8, 0xbebecf05, 0xfe0c0189, 0xb38700f4, 0x915b0721, 0x83ab83b3, 0x1b0021b3, 0xf384ab9a, 
    0x0737fe25, 0x858fff5b, 0x4afe21f3, 0xfe21f385, 0x823f854a, 0x213f840f, 0xeb864afe, 0xeb820885, 0x00290884, 0x32fb0300, 0x6fff8204, 0x25098206, 
    0x1b000f00, 0xe9466300, 0x001b3609, 0x02030002, 0x02060459, 0x00010501, 0x69000103, 0x03020200, 0x27138261, 0x401b5103, 0x05020020, 0x00241d82, 
    0x05010005, 0x00202384, 0x67202283, 0x59282289, 0x00001240, 0x1214181a, 0x20089976, 0x07f54707, 0x01231323, 0x0af44907, 0x44262521, 0x300809fb, 
    0xf7cc6afd, 0x5bf1e4fe, 0x5c5b4c4c, 0x025b4c4b, 0x4a5c01f1, 0x4c5b5b4c, 0x00065c4a, 0x3501cbfe, 0x53523df3, 0x50503b3c, 0x51503e9e, 0x4f4f3b3d, 
    0x22008200, 0x8252fb03, 0x968f20c3, 0x820120c3, 0x010429a5, 0x02060500, 0x01000301, 0x1e82c395, 0x23825920, 0x83010621, 0x22c3a622, 0x84370121, 
    0x05a647b7, 0x0b325118, 0xc992fc3d, 0xe2fe4601, 0x4e5d01bc, 0x01015a4b, 0x5d4e4b5a, 0x4d5b14fd, 0x4a5c5c4a, 0x82045b4d, 0xcbfe3dc4, 0x53533c42, 
    0x51513a3c, 0x50513d9d, 0x504f3b3e, 0xc9fc0100, 0x3afed4fd, 0x3200b6ff, 0x25079f44, 0x03171832, 0x607e4901, 0x2e30230f, 0x47410222, 0x36052c06, 
    0x16323336, 0x020e1417, 0x821e1415, 0x2b078303, 0x26260717, 0x37363437, 0x26343536, 0x2105ba64, 0x697d3637, 0xfc072e06, 0x32722dc9, 0x2a015244, 
    0x3b2d2a38, 0x0802822d, 0x71157044, 0x2149018b, 0x21121a28, 0x15244b45, 0x230b171e, 0x197e1e42, 0x1c2d3b1b, 0x080c1020, 0x1a0d0809, 0x0c16161a, 
    0x0c120809, 0x2d420a61, 0x08061820, 0x03070506, 0x181e1706, 0x0a070a1e, 0x16070d05, 0xa082000f, 0x79fc2708, 0x46ff9f04, 0x05003c06, 0x02b30600, 
    0x2b320100, 0x25051701, 0xe6fe1737, 0xfe41fe60, 0x06ad62f2, 0x98fca13c, 0x2b8361a0, 0x04c2fb25, 0x18f4fecb, 0x240bd344, 0x40585011, 0xf7431817, 
    0x01013442, 0x15211721, 0xf2fed0fc, 0x01553801, 0x01cb04a5, 0x82a68f35, 0x01002772, 0xcb0447fc, 0x739153ff, 0x194f0120, 0x0103210e, 0x21051a4f, 
    0x184f0016, 0x2018850e, 0x47451859, 0x35013311, 0x27231321, 0x420247fc, 0x0584f3ca, 0xcbfea858, 0x6f82008d, 0x6f820720, 0x6f900720, 0x42b74518, 
    0x2113012d, 0xfc072115, 0x3702c907, 0x838277fe, 0x8da825e2, 0xaefb0100, 0x65206f82, 0x09206f82, 0x29078b75, 0x02020308, 0x014c0100, 0x07820001, 
    0x06825720, 0x5f020023, 0x24138304, 0x00004f02, 0x0ed26500, 0x17210323, 0x2dc68337, 0xce7cfc07, 0x605e0a01, 0xd28c6301, 0x5c837476, 0xfe9d9d25, 
    0x829c9ccb, 0x20638231, 0x206382da, 0x2063b890, 0x31638313, 0x07272103, 0x018cdafb, 0x01625d62, 0xd4fece09, 0x648c797c, 0xf1fa012a, 0x0c00cf04, 
    0x0f00fa05, 0x3d08d360, 0x03010003, 0x02010459, 0x02010000, 0x03006700, 0x00620103, 0x52010301, 0x22122212, 0xca790510, 0x21132206, 0x098f6706, 
    0x35362408, 0x79fd0c21, 0xa3649f2c, 0x4301d2c2, 0x033f4f4f, 0x40520528, 0x3485a643, 0x00345050, 0x04cefa01, 0x82e8ffce, 0x000e2c63, 0x6406b136, 
    0x002b4044, 0x85000103, 0x00012363, 0x63830102, 0x05620022, 0x00221282, 0x36550152, 0x02032606, 0x0e010e00, 0x06844806, 0x27060125, 0x49213521, 
    0x33350591, 0x82fe0614, 0x7dfd60d1, 0x4d442303, 0xc2d7404f, 0x8401cf04, 0x2f6983a8, 0x0100a685, 0x98048bfc, 0xee052003, 0x23000800, 0x18206b84, 
    0x2105064d, 0x34540701, 0x00082209, 0x079c5308, 0x1505133e, 0x27052507, 0x022b2535, 0x73fdbff5, 0x02bc73fd, 0xf2ee05f1, 0xd7d74e16, 0x00ef194e, 
    0x602a4f82, 0x3bfe0504, 0x1200c905, 0x4f843400, 0x01102924, 0xfb520001, 0x94521806, 0x0efc5214, 0x3f052166, 0x35363625, 0x06222334, 0x36362707, 
    0x937533fd, 0xe3fe404c, 0x1648554f, 0x25401127, 0x6ec90571, 0x2507fc52, 0x9d0a0d49, 0x77831d15, 0xd4fd9228, 0x8eff70fe, 0xd34b0700, 0x02002708, 
    0x04570001, 0x07820301, 0x67020323, 0x21248200, 0x8a82005f, 0x4c184f20, 0x053910e6, 0x23032107, 0xfd132137, 0x1501338e, 0xfe34a659, 0xa27256ed, 
    0x01a4e8fe, 0x28cf8216, 0xff08fe76, 0x00c3ff88, 0x075f5017, 0xcf820c20, 0x02020d2b, 0x16170102, 0x03040302, 0x2a53824c, 0x02010002, 0x04020080, 
    0x82590203, 0x0304235c, 0xc3450400, 0x2522230a, 0x06422322, 0x33052308, 0x805b3607, 0x18362006, 0x08077643, 0x0722232b, 0xac0efd27, 0x19412c5f, 
    0x213d4127, 0x840c351c, 0x38625e09, 0x4f305c63, 0xed3d765d, 0x21200f1a, 0x58292921, 0x3926267f, 0x825e8233, 0x04502a93, 0x05a8fe75, 0x002400f5, 
    0x09df619e, 0x01071f24, 0x9b820402, 0x6901022a, 0x00020805, 0x59000303, 0x00200783, 0x20079a5e, 0x05726f1b, 0x01002426, 0x59010204, 0x00212c82, 
    0x96b28204, 0x2540232b, 0x28840200, 0x07006922, 0x07212782, 0x37279504, 0x17405959, 0x1e200001, 0x1718191a, 0x0c0e1214, 0x04050607, 0x24012400, 
    0x2708be68, 0x26343732, 0x16323527, 0x2906294e, 0x23262627, 0x16141522, 0x4b5a1517, 0x173e0807, 0xfafd1616, 0x2b240138, 0x013b5a2e, 0x4c4f6201, 
    0x230d1753, 0x1f273a14, 0x49686751, 0x0f145449, 0x41ef0423, 0x75032c21, 0x5540572c, 0x34564f68, 0x1e21391e, 0x56677d01, 0x4a516153, 0x0f412538, 
    0x044d3f05, 0x07b5fe7e, 0x0022007a, 0x6406b142, 0x1f374044, 0x20020301, 0x02030001, 0x020f104c, 0x724f4900, 0x60042012, 0x1e29063e, 0x0816181c, 
    0x01220006, 0x07c04b22, 0x6b220121, 0x1426084e, 0x2707020e, 0x8264023e, 0x7fb68205, 0x38080532, 0x784353fd, 0x8d7ca84b, 0x8f7a4bb7, 0x8d423845, 
    0x3c3f5861, 0x3c324a56, 0x45181a27, 0x662e9205, 0xa68f7253, 0x649c7296, 0x1579123c, 0x666f8045, 0x483f445d, 0x115e1335, 0x2cac8215, 0x0385fc01, 
    0x067cfebd, 0x002800e0, 0x2fab83b9, 0x010c0db7, 0x01050103, 0x0ab04b4c, 0x2c405850, 0x08b04318, 0x06040532, 0x05007e05, 0x70050101, 0x04000200, 
    0x69040203, 0x21093956, 0x0b820062, 0x531b5221, 0x2d2005f0, 0x04233390, 0x987e0105, 0x72431834, 0x8706200a, 0x2a309b64, 0x0a405959, 0x12222512, 
    0x7816112a, 0x072c08dc, 0x14151616, 0x16272306, 0x37273435, 0x20084c72, 0x057d6815, 0x2b0bc27d, 0x331d04c5, 0x39045e60, 0x65661149, 0x3110cb7d, 
    0x1aa70467, 0x382d2405, 0x28015942, 0x13450620, 0xd87d6799, 0x6b4d310d, 0x79fc0200, 0x83fea504, 0x1000c707, 0x98001c00, 0x310ad77d, 0x01050103, 
    0x04021a1b, 0x02010f05, 0x1b4c0304, 0x118a0f40, 0x11820320, 0xe16d5920, 0x00222505, 0x00020100, 0x210bd77d, 0xd77d0202, 0x61022305, 0x0b820306, 
    0x7d510221, 0x1e820ed7, 0x00002008, 0x02030106, 0x07670300, 0x02040401, 0x04020061, 0x40595102, 0x00111214, 0x11171900, 0x821c121c, 0x2510248e, 
    0x6e081122, 0x4a0807cc, 0x36113311, 0x15163233, 0x07061415, 0x07272622, 0x35361637, 0x23263435, 0x16150722, 0x34a179fc, 0x74756d53, 0x1a4a316c, 
    0x2e387a0c, 0x1c443830, 0x03b2041d, 0x38e1fe15, 0x780a7e9b, 0x2227019f, 0x5801743c, 0x5a430a40, 0x823dc53d, 0x047b26f3, 0x0684fea2, 0xff4118e0, 
    0x010b290b, 0x010a0302, 0x4c020201, 0x34074666, 0x04000100, 0x67040105, 0x00000500, 0x05005905, 0x06610005, 0x2c0c8201, 0x1b000151, 0x0f151619, 
    0x0507090d, 0xff411804, 0x26212110, 0x27219483, 0x08ad8736, 0x15232752, 0x32331614, 0x7977fd36, 0x08650183, 0x32573744, 0x546f1c4c, 0x178f9786, 
    0x2e3231c7, 0x96a2042f, 0x3d314279, 0x3e26573c, 0x7a136f9e, 0x2b0be9a4, 0x00003b33, 0x04d3fc01, 0x0751feb2, 0x001700d8, 0x6406b17a, 0x0f0a4044, 
    0x10040501, 0x02050301, 0x2006ca42, 0x279e8225, 0x00700403, 0x85050305, 0x0129ab82, 0x02060786, 0x03000003, 0x2b078357, 0x02600003, 0x00030001, 
    0x24401b50, 0x04212782, 0x2b269e85, 0x000f4059, 0x00170000, 0x11232517, 0x297d0082, 0x1123250b, 0x35333523, 0x1721d084, 0x3fdd8307, 0xfe151506, 
    0x59a45626, 0x5e770159, 0x02112816, 0x260d160a, 0x76e0062c, 0xb80148fe, 0x65603376, 0x4506726e, 0xb420064b, 0x4b26c782, 0x2b00c707, 0xc7845e00, 
    0x0100533d, 0x21290504, 0x0004011d, 0x020a2004, 0x13170003, 0x0104070b, 0x02011603, 0x824c0501, 0x050024ab, 0x82800004, 0x000531c7, 0x03007e03, 
    0x01030501, 0x0201007e, 0x7e020105, 0x02321982, 0x05005705, 0x005f0205, 0x4f020502, 0x13171913, 0xa86f1319, 0x14172608, 0x27222306, 0x05f45615, 
    0x112c0982, 0x06221123, 0x36342715, 0x35173233, 0x332c0989, 0xfd363611, 0x2f3d4ffc, 0x1a100607, 0xa0270684, 0x3e521913, 0x86080632, 0xa0360806, 
    0xdd061911, 0x01472e19, 0x15200148, 0x01482e17, 0x2c0100ff, 0x2f151425, 0x22490149, 0x4a2d1816, 0xdefef701, 0x02002101, 0xe8032efc, 0xe0068afe, 
    0x1f001100, 0xdd843c00, 0x01013122, 0x4c25c782, 0x49010111, 0x20c38200, 0x5f751902, 0x12132b14, 0x1f12181a, 0x26251f13, 0xd4600b05, 0x26372206, 
    0x068b5e35, 0xc5841520, 0x32130725, 0x41353736, 0x3308066d, 0x2efc1614, 0x808e4280, 0x818f8e82, 0xcc7e2529, 0x0101333e, 0x333c3f32, 0xca2e0432, 
    0x7a0c774b, 0x0c79a1a0, 0xc40a9e7a, 0x42563a01, 0x5a5c3f0c, 0x58400c41, 0x022e7d82, 0xbf03aafc, 0xe106b5fe, 0x1c001000, 0xdb439700, 0x50293405, 
    0x0e0f4058, 0x14000401, 0x04050213, 0x05010109, 0x841b4c03, 0x8a032011, 0x4b592211, 0x332883b0, 0x0206031f, 0x04010700, 0x69040005, 0x01000500, 
    0x69010502, 0x00231283, 0x4b005f02, 0x22260526, 0x02040300, 0x99185703, 0x26850b32, 0x03030022, 0x03222483, 0x41184f02, 0x16221faf, 0xf3851516, 
    0x1123113d, 0x36361733, 0x15072617, 0x36323316, 0x26343535, 0x766ad5fd, 0x35546b75, 0x180a8ca2, 0x2c09af41, 0x9f01e106, 0x9b7e0a78, 0x03e1fe38, 
    0xaf411815, 0x03ab2710, 0x0751feb9, 0x521800d8, 0x0831087d, 0x16000101, 0x01030209, 0x03020115, 0x00004c03, 0x05044e00, 0x02020324, 0x57185903, 
    0x24240971, 0x04142624, 0x21076350, 0xd74d3533, 0x26072d05, 0x15222326, 0x23061411, 0x37272622, 0xfd3a9584, 0x7701012e, 0x13261360, 0x0e160a01, 
    0x155f7552, 0x15031329, 0x062c251a, 0xfa4234df, 0xfd463f06, 0x0766606c, 0x25067904, 0xfc010023, 0xfee8031f, 0x00da0673, 0xb13a0015, 0x40446406, 
    0x8f820b2f, 0x8a821020, 0x4c020128, 0x49030115, 0x8f830102, 0x04825720, 0xd96e0320, 0x01042a06, 0x51030103, 0x22131132, 0x07dd4a14, 0x2637012b, 
    0x11331135, 0x36323306, 0x21078237, 0x90822723, 0x07272f08, 0x20811ffc, 0x255301a0, 0x89a20c2e, 0x12673a0b, 0x2e047f11, 0x015937cb, 0x62affe51, 
    0x8101161c, 0x463cd8fd, 0x0100c202, 0xb204fafb, 0x8382f6fe, 0x6a180c20, 0x0920077b, 0x02246382, 0x054c0100, 0x00240782, 0x57000202, 0x00330884, 
    0x01035f02, 0x4f020002, 0x0c000000, 0x11120c00, 0x41061212, 0x13210711, 0x13961813, 0x95fc3f09, 0x62776344, 0x858e9d44, 0x8f856a6b, 0xacfeda06, 
    0xa8fe5401, 0xd8fd5801, 0xa5fe5b01, 0x3e822802, 0x84fc0431, 0x84fea704, 0x1c00b607, 0x34002800, 0x84013f00, 0xb04b31fd, 0x4058502d, 0x0b013f0a, 
    0x0001000a, 0x1b4c020b, 0x05200c87, 0x59200c82, 0x2805a347, 0x02030037, 0x72030701, 0x08248200, 0x000b0a2f, 0x00010580, 0x086f000a, 0x01090601, 
    0x07060407, 0x00040069, 0x02040302, 0x0a010069, 0x0059010a, 0x610a0101, 0x0a010a00, 0xb04b1b51, 0x205d820c, 0x213e9136, 0x3da48400, 0x7c849b83, 
    0x01030223, 0xa47d8a80, 0x3d40213e, 0x39867783, 0x0b0a052d, 0x05008005, 0x00050a00, 0xa300007e, 0x5959353f, 0x3d124059, 0x3335373b, 0x24242431, 
    0x22112216, 0x0b0c2224, 0x4c06345b, 0x342405da, 0x35333336, 0x2908aa7f, 0x06151516, 0x26231716, 0x39513603, 0x0b815009, 0xa9740120, 0x333c0805, 
    0xfd373632, 0x374c17d5, 0x82836651, 0x9e4c4e46, 0x86646b85, 0x9f0c0801, 0x31012d0a, 0x32322929, 0xfe312929, 0x2a2632eb, 0x272a3131, 0x46350131, 
    0x1e273234, 0x040b3824, 0x5b271ae8, 0x0b444918, 0x42274108, 0x9d021720, 0x232d2e22, 0x242d2d24, 0x222e2d23, 0xfe2e2e23, 0x181e3464, 0x0012201f, 
    0x046ffc04, 0x078dfea2, 0x000d00b6, 0x0027001b, 0xb14b0033, 0x40446406, 0x04010640, 0x01050107, 0x00690504, 0x26060e6d, 0x00020109, 0x82590200, 
    0x00023606, 0x00010861, 0x0f510002, 0x3200010e, 0x262a2c30, 0x161e2024, 0x7c601814, 0x620a2009, 0x1e4509a7, 0x1827200a, 0x200c5148, 0x17455213, 
    0x81802308, 0x80819090, 0x3d808d8d, 0x3f3d3232, 0x336c3433, 0x33342728, 0xfe332828, 0x283101ed, 0x2a30302a, 0x48183029, 0x57210c7b, 0x7b481841, 
    0x44022307, 0xe78c2d23, 0xfc030027, 0xfea80485, 0x26df8279, 0x001c0010, 0x836e0028, 0x0cb521dd, 0x0a8f4818, 0xe6822220, 0x06010826, 0x69060501, 
    0x19994818, 0x24892320, 0x18020021, 0x2a17a348, 0x24240c40, 0x12112324, 0x7e211322, 0x062b08f0, 0x35262223, 0x16113311, 0x82373233, 0x01232106, 
    0x840bf541, 0x1607210b, 0x35082383, 0x673ae5fd, 0x019f6956, 0xa21b4750, 0x01a9fe89, 0x32292732, 0x32272a31, 0x30011501, 0x01302b27, 0x272b3001, 
    0x46ee0430, 0x5101776a, 0x3362affe, 0xd8fd8001, 0xd541b402, 0x2d243e0b, 0xff00002d, 0x04d1fcff, 0x06bdfea5, 0x0a070147, 0x0438fc46, 0xb109000b, 
    0x04b80100, 0x08c3570b, 0x43fedf28, 0xabffc002, 0x57561100, 0xc021083b, 0xd68021d5, 0x7ed4a6a4, 0xb12dd425, 0xe5e72c01, 0xfeb22b01, 0x425a2243, 
    0x58215a43, 0xa56a6aa6, 0x2c008200, 0xfd08fc02, 0xff11fff2, 0x001500c0, 0x07b35d2c, 0x01033608, 0x00050001, 0x00690501, 0x00010402, 0x6a000207, 
    0x060b0800, 0x01095908, 0x060b0007, 0x00690b07, 0x62060808, 0x0806010a, 0x292b5206, 0x22232527, 0x22122322, 0x5d028222, 0x272109b3, 0x072a4e34, 
    0xc1533520, 0x23262405, 0x5d110622, 0x168a0abe, 0xadb5fc38, 0x59366584, 0x34233457, 0x658701af, 0x364d5541, 0x3cad3323, 0x13874469, 0x41658623, 
    0x08138356, 0x09ddfe32, 0x22228053, 0x560b2526, 0x2722227b, 0x3608f1fe, 0x22223b60, 0x540a2328, 0x2823227c, 0xffff0000, 0x9d045dfc, 0x8d076cff, 
    0x2b0a0701, 0x5402aefb, 0x21055b41, 0x5b415402, 0xfb022c06, 0x00d7fd0f, 0x00bcff8f, 0x4f0f0006, 0x0b2707e5, 0x02030506, 0x7b020601, 0x4a3805fd, 
    0x49020100, 0x02000101, 0x01038500, 0x07760202, 0x070f0707, 0x0418140f, 0x08074f48, 0x2525354d, 0x17150535, 0x17133301, 0x01331337, 0x9a010ffb, 
    0xa40266fe, 0xc6e4fef5, 0xa41b1c9d, 0xfde2fec5, 0x5c5c97d7, 0xa87ab596, 0xf6fec801, 0x0a013f3f, 0x000038fe, 0x29fc0100, 0x38ffd504, 0x1100d607, 
    0x27402a00, 0x0d0e0f10, 0x500a0b0c, 0x0e2106b2, 0x827d8201, 0x85002623, 0x01010102, 0x2b2e8276, 0x18110011, 0x2b170603, 0x27073701, 0x080c425b, 
    0x51fd1734, 0xe060d40d, 0x0cd361e1, 0x61d20dc0, 0xd361e0df, 0xf4d5040d, 0x6f70a286, 0xf3f586a3, 0x6d6ea586, 0x00f484a4, 0xa000ffff, 0xe3028506, 
    0x0703d808, 0x5a82bd0a, 0x09007428, 0xb80200b1, 0x0b417401, 0x211f8b05, 0x1f955e0b, 0x022b0535, 0x00e905e3, 0x00ed0606, 0x00ffff00, 0x02ec04bd, 
    0x8223065e, 0x14ea210f, 0xc3200f83, 0x64200f82, 0xeb210f84, 0x27408222, 0x00007a00, 0x8c033003, 0x3130a37d, 0x11211525, 0x30031121, 0x2b014afd, 
    0x8c03efef, 0xff8263fd, 0x00010023, 0x204f8283, 0x514f8229, 0x022e0917, 0x57020103, 0x00030104, 0x00030100, 0x81660067, 0x10175108, 0x52840120, 
    0x292f5482, 0xd4fe86fe, 0x3e022c01, 0x03b1feef, 0x82b2fe8c, 0x01220852, 0x03de040a, 0x006407f1, 0x0017000b, 0x4b80001b, 0x585020b0, 0x04001840, 
    0x01050108, 0x07670504, 0x60830602, 0x01036126, 0x005e0101, 0x074c7518, 0x5c201f95, 0x40211f82, 0x693a881e, 0x47840c96, 0x51000133, 0x1b405959, 
    0x0c0d1818, 0x1b180001, 0x191a1b18, 0x0aa26913, 0x160b0926, 0x2622012b, 0x22159e69, 0x69033313, 0xfe2611a2, 0xb8f17c84, 0x7e6ade04, 0x210b830b, 
    0xf3587a01, 0x65432009, 0x0120054b, 0x2e154b65, 0x04040002, 0x074702d6, 0x0003001e, 0x854f000f, 0x04152bfd, 0x00000101, 0x67000103, 0x86580105, 
    0x5e032605, 0x401b4e02, 0x2017881a, 0x09d44900, 0x03292282, 0x40595102, 0x00040512, 0x05446c00, 0x03294b82, 0x170b0611, 0x2115012b, 0x25d08b35, 
    0xbdfd4702, 0x016a2201, 0x1e072506, 0xb8fd9f9f, 0x4108056a, 0x8b85098b, 0x7f001b22, 0x18218d85, 0x228d8706, 0x83070408, 0x05612377, 0x90840301, 
    0x95050852, 0x835c201f, 0x881e20b0, 0x8232823a, 0x825920c9, 0x02032206, 0x83478461, 0x405922b4, 0x3f52181a, 0x20bd831a, 0x168e4113, 0xfd9d0324, 
    0x306b46bd, 0x20d1840f, 0x0f8c41c0, 0x42030021, 0x0322a863, 0x63421333, 0xb7812312, 0x63427cf1, 0x0300291a, 0x11055000, 0x60073703, 0x0f3d0982, 
    0x35001b00, 0x01053240, 0x07040803, 0x03010203, 0x00006902, 0x065f0100, 0x56010101, 0xad531800, 0x1501241b, 0x41253521, 0x0226166d, 0x02bdfde3, 
    0x966c3e01, 0x07fe2105, 0x57270884, 0xbecf0557, 0x6e566ebe, 0x56200568, 0x6d820787, 0xa700022e, 0x5e03e904, 0x14006407, 0x65001800, 0x36054542, 
    0x0906001e, 0x06030701, 0x04006707, 0x00020802, 0x00660004, 0x42030101, 0x0123054b, 0x9b401b4e, 0x015c2f20, 0x1b40594e, 0x00011515, 0x18151815, 
    0x6c6e1617, 0x430a200d, 0x967005b6, 0x13210812, 0x8e020333, 0x20465c3f, 0xa402211f, 0x405d7003, 0x3d22455a, 0x7403a207, 0xf17cb5fe, 0x33e904b7, 
    0x59d41834, 0x016f2409, 0x42f4fe0c, 0x08200a2b, 0x2029bd82, 0x01b59000, 0x01000101, 0x3ac4854c, 0x0202071b, 0x85000100, 0x01040100, 0x08050985, 
    0x04030303, 0x04010661, 0x44035e04, 0x22980799, 0x22825c20, 0x8b214021, 0x82388240, 0x8259203f, 0x03042206, 0x234d8462, 0x59520304, 0x1625e882, 
    0x00090a15, 0x05576f00, 0x090e1038, 0x00140a14, 0x12070008, 0x180b0a12, 0x3717012b, 0x23031533, 0x19433503, 0xfa012817, 0xfde27e80, 0x4387fdc7, 
    0x642a101d, 0xfe079898, 0x070501fb, 0x23437afd, 0xffff2d0f, 0x52060a01, 0xd808f103, 0xf20a0703, 0x20077f46, 0x0a9f4603, 0x92201f86, 0xee201f82, 
    0x3f831f9a, 0x1f93eb20, 0x2507e744, 0xed0a0602, 0x6f8c0000, 0x2f94ef20, 0x82064342, 0x00f1342f, 0x00020000, 0x02090663, 0x00f20788, 0x0017000b, 
    0x4b2e4031, 0x05200765, 0x8205654b, 0x00022406, 0x82010461, 0x14796f28, 0x200b0545, 0x05796327, 0x06222808, 0x01161415, 0x99997a76, 0x9999797a, 
    0x42433379, 0x42413534, 0x688d0906, 0x678d8d67, 0x3f848d68, 0x40403132, 0x823f3231, 0x206d827e, 0x051770d5, 0x00030025, 0x181b401e, 0x36138745, 
    0x11030003, 0x2b170803, 0x03211313, 0x0e0121d5, 0x01ec047d, 0x83c9fe37, 0x04aa26bb, 0x06cc03ec, 0x283b8223, 0xb1250007, 0x40446406, 0x059c461a, 
    0x06825720, 0xdf180120, 0x9a600a11, 0x2113270a, 0x21132301, 0x4619db02, 0xa92017db, 0x4a208f82, 0x06365382, 0x0000ea06, 0xb0fcffff, 0x51fe9bfe, 
    0x0701d2ff, 0x07fcea06, 0x6b49aff9, 0xaff92105, 0x36055f48, 0xdefb0100, 0x14ff96fe, 0x1a0090ff, 0x2a402d00, 0x01050115, 0x42044c01, 0x838205cd, 
    0x70050521, 0x052205be, 0x19820661, 0x24510524, 0x01821222, 0x0607102d, 0x33052b1d, 0x32331614, 0x78333536, 0x2350068d, 0x06210805, 0x26222306, 
    0x4370defb, 0x72423834, 0x34393d01, 0x64887444, 0x1f1f5a38, 0x8364375c, 0x3d3d3270, 0x36038332, 0x252c906a, 0x00902b26, 0x00010000, 0x03f40476, 
    0x00330636, 0x4e68000f, 0x182005fe, 0x02257782, 0x01048601, 0x20868200, 0x2f068259, 0x00610200, 0x51020002, 0x15b04b1b, 0x12405850, 0x1d831f85, 
    0x1d836120, 0x4e025e24, 0x3498401b, 0x40595923, 0x07c35a0f, 0x2307fa6f, 0x16163201, 0x08074b56, 0x3634232f, 0x64d60136, 0x67b15ca0, 0xaf684948, 
    0x33069f5c, 0x41599155, 0x59415757, 0xff005591, 0xfe7600ff, 0xff36030a, 0x0a070349, 0xf90000ff, 0x063f4116, 0xdb6b1620, 0xfe2c2e08, 0xffdefe30, 
    0x0a070167, 0xf9cffb94, 0x201f8648, 0x261f8848, 0xff25fe3a, 0x829fff14, 0xfb43241f, 0x85e4ffba, 0xe4ff211f, 0x2d08474c, 0xfe26fe21, 0x00a2fffb, 
    0x4b490007, 0x61180db0, 0x955d0727, 0x2baf6c0e, 0x2b190622, 0x0808ab6c, 0xda022122, 0xfea6fec0, 0xfe7c0126, 0x00d1d184, 0xfc020000, 0xfecb0415, 
    0x00f906dd, 0x0019000d, 0x14b04b6a, 0x22317182, 0x05010103, 0x72010204, 0x01070500, 0x04050204, 0x306f8269, 0x00590200, 0x62000202, 0x02000106, 
    0x401b5200, 0x23248423, 0x80040105, 0x59382599, 0x0e0f1740, 0x13150001, 0x190f190e, 0x06080a0b, 0x0d000304, 0x06080d01, 0x42053f49, 0x06220731, 
    0x9e590306, 0x063d0808, 0xa277fd06, 0x4f41d2c0, 0x01d5434e, 0x5255a1c1, 0x584d4b5c, 0x04570101, 0x3384a8cb, 0x81334f4f, 0x551801ab, 0x504e3d36, 
    0x004f3c3b, 0xfbffff00, 0xff3dfef6, 0x016cff1e, 0xfb920a07, 0x0f836eb3, 0xfcffff2f, 0xfee003db, 0x00180631, 0xfc350b07, 0x35f18258, 0xfd010000, 
    0xfee90305, 0x00390653, 0x4016000a, 0x02050613, 0xaf704a00, 0x2b9d830b, 0x36363435, 0x06061737, 0x05fd1515, 0x2106ab70, 0xab70c6e9, 0x75c72007, 
    0xff291027, 0xfe0a01ff, 0xfff10342, 0x2c878265, 0xf9000090, 0xb109004a, 0xf9b80200, 0x08b74b4a, 0xec04a12a, 0x23064202, 0xeb060600, 0xfc2db783, 
    0xfe9bfed2, 0x01d2ff73, 0xfceb0607, 0x11874331, 0x04640025, 0x82d801f4, 0x000b262f, 0x12b04b3e, 0x36c77150, 0x2b190624, 0xc3712301, 0xb2792d0a, 
    0xa0170b49, 0x026470a0, 0x80f40429, 0x3206c371, 0x5cfea5fd, 0xec0077ff, 0x28000f00, 0x01092540, 0x57080002, 0x002505f9, 0x00850002, 0x2e0b8202, 
    0x02020059, 0x01006101, 0x34510102, 0x82031023, 0x33252155, 0x20060554, 0x05ef4335, 0x99fe2108, 0x209fafde, 0x26152242, 0xec663f14, 0xb8acd4fe, 
    0x04cb0a05, 0x00533d02, 0xb7fe0100, 0x89005cfe, 0x30235f84, 0x820c2d40, 0x010d2145, 0x4c205082, 0x5f824f83, 0x5a420020, 0x03612106, 0x7d181582, 
    0x06230ce8, 0x4f132b16, 0x2e0805e7, 0x32331614, 0x06153736, 0xb09f0606, 0x144165de, 0x42221525, 0xabb95cfe, 0xd4fe2c01, 0x04024050, 0x00050acb, 
    0xfd22fd01, 0xff3cfef2, 0x830e00ba, 0x010721c7, 0x08135518, 0x82058b47, 0x005921c2, 0x08085518, 0xc7852420, 0xc7820520, 0x5a835b82, 0x6a822320, 
    0x22fd2708, 0x172018b5, 0x1f2d1216, 0xfe466e4e, 0x031f1df5, 0x59080676, 0xfdffff64, 0xfe75044b, 0x002a060a, 0xfc3a0b07, 0x008200de, 0xfcffff23, 
    0x201382ad, 0x201382a4, 0x20138227, 0x82128240, 0x78fd211b, 0xfd281b85, 0xfe04fe49, 0x01b9ff08, 0xfc251382, 0x008ff9dc, 0x08db6f09, 0x002b3b84, 
    0x0275fea0, 0x0133ffe3, 0x42ed0607, 0x0120072f, 0x270a2f42, 0x2b069ffb, 0x12076eff, 0x07241f82, 0x12079ffb, 0x07213f85, 0x08134f12, 0xdf059e2f, 
    0x980746ff, 0x07000300, 0x2d403000, 0x6b691805, 0x17062729, 0x2115032b, 0x03820135, 0x58fcba2f, 0x58fca803, 0x99997806, 0x98982001, 0x26e78200, 
    0xfd1cfe13, 0x82abffe3, 0xfc3c24b7, 0x85c7f9c5, 0xc7f92177, 0x2a08c742, 0x01b0fd36, 0x01b3ff49, 0x82b00a07, 0x860620b7, 0x4406201f, 0x762608df, 
    0x9bfed3fd, 0x1f82d6ff, 0x13fc9524, 0x1f8329f9, 0xf9b80223, 0x085f4629, 0x97fef038, 0x91ff84ff, 0x39001800, 0x010c3640, 0x4c010301, 0x03070205, 
    0x1f700100, 0x8306200e, 0x5123081a, 0x14160001, 0x0d0f1112, 0x0607090b, 0x18000204, 0x06081701, 0x23012b16, 0x06222326, 0x36342315, 0x82173233, 
    0x06bd4503, 0x14152408, 0x0186fdfd, 0x87433d7f, 0x497a7493, 0x94737a49, 0x803c4487, 0x3e7c97fe, 0x4a88723e, 0x3e72884a, 0x82017a3e, 0x2bfc2fe3, 
    0xe2fea801, 0x0701b702, 0x84fbee06, 0xc385a6fc, 0x88a6fc21, 0xfe2c26c3, 0xffe3fe4c, 0x201f845b, 0x05cb4385, 0x260c9b41, 0xff83fe9c, 0x826aff6b, 
    0xfb07241f, 0x856aff9c, 0x6aff213f, 0x26089b41, 0xffe3fd9c, 0x41adff46, 0x56373f9b, 0x56fcaa03, 0xbbbb9efe, 0xbaba0f01, 0xfc010000, 0xfeea04a9, 
    0x6cc40689, 0x240816c7, 0x84846c15, 0x6a84836f, 0x856c8383, 0x806aec04, 0x82836b83, 0x6b82806c, 0x00000082, 0x04280002, 0x074302cb, 0x29938274, 
    0x4b49000f, 0x585017b0, 0x16821440, 0x02000333, 0x01046903, 0x5f000101, 0x56000000, 0x401b4e01, 0x48168719, 0x21820abd, 0x4f010026, 0x000e4059, 
    0x0d555d18, 0x21131324, 0x71540301, 0xca333d0a, 0xe4fe4601, 0x464356ff, 0x44455352, 0x01cb0455, 0x02cbfe35, 0x4f4e3c1f, 0x4d4d3c3b, 0x642e8783, 
    0x8b03e604, 0x08005207, 0x3b001400, 0x364b3840, 0x05220805, 0x03000202, 0x01000301, 0x01010080, 0x03040084, 0x00590403, 0x61030404, 0x04030106, 
    0x090a5103, 0xe04a0000, 0x4a07200b, 0x097805e0, 0x0b8c4c05, 0x69012208, 0x05018e8f, 0xfee6dffe, 0x3e9201e0, 0x3d3e5858, 0x07065858, 0xfe07a3a3, 
    0x071a01e6, 0x36364d45, 0x2e03834d, 0x00ffff00, 0x035a0664, 0x03c6088b, 0x51200b07, 0x00361147, 0x04630003, 0x07a602aa, 0x000f00bf, 0x001f0013, 
    0x003f4042, 0xe5680702, 0x01002e05, 0x01040500, 0x01086905, 0x04000004, 0x21068259, 0xa8820004, 0x0004003b, 0x10141551, 0x1b000110, 0x151f1419, 
    0x1013101f, 0x09111213, 0x010f0007, 0x0631500f, 0x34352631, 0x32333636, 0x14151616, 0x37030606, 0x4a030733, 0x4c200c62, 0x2409ee77, 0xccfa92a7, 
    0x14f27764, 0xcf460225, 0x7744fecf, 0xab820bf7, 0x02f80527, 0x00d808a2, 0x20ad820b, 0x23aba71b, 0x0c0c1011, 0x076c6c18, 0x0c0f0c2d, 0x070d0e0f, 
    0x010b0005, 0x5006090b, 0xa7910ddd, 0x24060a4b, 0xcdfa92d9, 0x060e4b5f, 0x8af8052b, 0x89896565, 0x028a6565, 0x249f8211, 0x30303e70, 0x2003833e, 
    0x29008200, 0x048f0003, 0x077503e9, 0x437c005f, 0x4d732005, 0x21300524, 0x0c070109, 0x06030b08, 0x69060703, 0x0a020400, 0x9e12ec4d, 0x015c2523, 
    0x2340594e, 0x4d20647c, 0x754817f7, 0x7b152008, 0x0b4e0d62, 0x07ce4e15, 0x0887fe20, 0x240d174e, 0x38385066, 0x21038b50, 0xf787ffff, 0x0b060223, 
    0x0aef4e24, 0xef4e1e20, 0x0109270c, 0x03060007, 0xef4e0607, 0x4e209a18, 0x132336ef, 0x95352115, 0xfd3c22e3, 0x3bd58cbd, 0x9f9f3502, 0x28000200, 
    0x9b026606, 0x0b00d707, 0x28000f00, 0x02002540, 0x57020301, 0x2408385c, 0x5f030202, 0x2e118204, 0x0c0c4f03, 0x0f0c0f0c, 0x05222413, 0x582b190b, 
    0x053f0b88, 0x28033313, 0x4b3f3e4d, 0x4c3f3f4b, 0xdf930101, 0x316207cb, 0x32304544, 0x01ca4545, 0x8200ff00, 0x045d2663, 0x070f03cd, 0x22618264, 
    0x5a8c0013, 0x232a05b9, 0x05010103, 0x02010502, 0x34590080, 0x4a672006, 0x61220988, 0x0c820106, 0x2007044c, 0x84218a18, 0x82652018, 0x5601233b, 
    0xa84a4e01, 0x27459e06, 0x17405959, 0x00011010, 0x2205b343, 0x7c090b0c, 0x08200618, 0x7c063a42, 0x03200b14, 0x0121cb82, 0x0a187cb6, 0xf17cbe35, 
    0x52cd04b7, 0x533f578d, 0x8c573f53, 0x018b0153, 0x83f4fe0c, 0x825820d3, 0x860b20d3, 0x858520d3, 0x822220d3, 0x02042297, 0x25d38304, 0x01040005, 
    0xd2980405, 0x88001721, 0xa2d18e20, 0x26d08243, 0x13000113, 0x89101112, 0x930720cc, 0x032337cc, 0x62b20133, 0x60b15b9d, 0xb0614849, 0xb6059d5b, 
    0xcd04f1b7, 0xcc858c53, 0x83528d21, 0x410020cc, 0xd22c059f, 0x51071a03, 0x24000f00, 0x4c404f00, 0x0932c688, 0x05000701, 0x69050704, 0x0b060800, 
    0x08010402, 0xa4416a04, 0x010a210a, 0x51320c82, 0x00011011, 0x1e202122, 0x17181a1c, 0x24101315, 0x95892411, 0x95920c20, 0x42181320, 0x2308143c, 
    0x5a9c61b4, 0x484961ad, 0x9b5baf60, 0x475b4035, 0x0220201f, 0x5d7103a5, 0x22455940, 0x03a3063e, 0x52d20474, 0x5432b782, 0x8c573f54, 0x2e8f0152, 
    0x7026312e, 0x572e2d7b, 0xbf837b71, 0x04434108, 0x07dc03d9, 0x00080064, 0x4034000c, 0x00010831, 0x004c0101, 0x04000401, 0x02800001, 0x84000001, 
    0x04040300, 0x03005703, 0x055f0403, 0x04030401, 0x0909094f, 0x130c090c, 0x06101221, 0x012b1a0b, 0x2407d07e, 0x03331337, 0x0ad47e01, 0xf17c9825, 
    0x7ed904b8, 0xd52006d8, 0x8307fb41, 0xc57d206f, 0x3303226f, 0x236f8b13, 0x7cf1b7f0, 0x6b206f95, 0x14236f84, 0x85b56500, 0xb04b26de, 0x40585013, 
    0x82d88223, 0x007222cf, 0x20eb8301, 0x31eb857e, 0x05040405, 0x05050059, 0x04006104, 0x1b510405, 0x25852440, 0x9b800121, 0x40592b26, 0x12222109, 
    0x06101221, 0x10411c0b, 0x4c252009, 0x18410b61, 0x32012b0a, 0x170b409b, 0x58628c8c, 0xb0892401, 0x85157226, 0x002f6042, 0x2a079341, 0x0052076b, 
    0x001d0008, 0x85444047, 0x010024b4, 0x41030003, 0x29080893, 0x07030407, 0x06010859, 0x06030400, 0x07006904, 0x05620307, 0x07030209, 0x090a5203, 
    0x17191a1b, 0x10111315, 0x1d090c0e, 0x95821d0a, 0x190b0a22, 0x37209589, 0x8a144442, 0x3f8b269e, 0x1f1f475c, 0x05434221, 0x22455a27, 0x03a3063d, 
    0x36a78874, 0x312e2ede, 0x2e7c7026, 0x7c70572e, 0x00010000, 0x019e049f, 0x511d0685, 0x0b291ed7, 0x11132b17, 0xe69f0333, 0x222e8235, 0x8281fe7f, 
    0xffff2de6, 0x85065000, 0xd4083703, 0xf00a0703, 0x53076b48, 0x07550b33, 0x021e3806, 0x00260b06, 0x00ffff00, 0x02acfebd, 0x01e3ff5e, 0x00ea0607, 
    0x4ac0f914, 0xf921055f, 0x6f4918c0, 0x037e2608, 0x04dd012e, 0xb742183a, 0x514e180a, 0xbb761809, 0x23032810, 0xa45f017e, 0x443a0418, 0x7e200593, 
    0x3b858182, 0x196d0720, 0x06ef4907, 0x11974e18, 0x07000025, 0x82040506, 0x42671866, 0x13332509, 0x21011333, 0xa3245382, 0xa1fea418, 0x01235883, 
    0x84f3fe0d, 0x0001305c, 0x01e00383, 0x001806d9, 0xb126000b, 0x52446406, 0x2e0815ff, 0x150b000b, 0x2b170b03, 0x440006b1, 0x27022e01, 0x1e173327, 
    0x14011702, 0x0a343912, 0x0403fc08, 0x030c2621, 0xbf9c2de0, 0x6352515f, 0x822d99bd, 0x860027ae, 0xd501eb03, 0x40183906, 0xb34f0d63, 0x06185f0c, 
    0xb74f1320, 0x34863309, 0x24943255, 0xc4eb0331, 0x2e829347, 0x66943f50, 0x4b8300c5, 0x8d02992a, 0x10074703, 0x6b001800, 0xb535a383, 0x0201010a, 
    0xb04b4c01, 0x40585019, 0x04010520, 0x04030203, 0x20298272, 0x20f78203, 0x09fc4e69, 0x82005f21, 0x1b4f2326, 0x22862140, 0x97800221, 0x40592223, 
    0x271a820d, 0x25180018, 0x06221721, 0x47062f62, 0x1528060c, 0x15070606, 0x32331123, 0x0807cc64, 0xb3990727, 0x01b6b392, 0x4ce37576, 0x01014658, 
    0x3340522e, 0x85f30504, 0xb8b4d298, 0xd921be8d, 0x546c7d01, 0x3f7860b9, 0x23518229, 0x98000100, 0x1920bb86, 0x23059372, 0x03010fb5, 0x1f21bb88, 
    0x23a18300, 0x04007200, 0x04212882, 0x29ba8201, 0x59020303, 0x03020200, 0xd382005f, 0x2020ba82, 0xb9822185, 0x59242296, 0x251128b7, 0x0809426e, 
    0x26230152, 0x06222326, 0x16141515, 0x23113333, 0x35262635, 0x36362635, 0x03163233, 0x3404d647, 0x482e533e, 0x74e54c58, 0x9e490174, 0x05b59180, 
    0x793d2bf3, 0x6c54b95f, 0x21d983fe, 0x6fb88dbe, 0x009967b0, 0xc300ffff, 0x6402acfe, 0x0701e3ff, 0x2200eb06, 0x2612cb42, 0x0175046d, 0x762a062c, 
    0x012d2a83, 0x01112311, 0x2a06bf2c, 0xb5014bfe, 0x4f638300, 0x00291c4b, 0x044e0001, 0x051e0155, 0x3b137be4, 0x551e0137, 0x24557b7b, 0x04242f2f, 
    0x576d0156, 0x2f787259, 0xff2c2224, 0x08db79ff, 0xb00a062e, 0x01000000, 0xe8fd6d00, 0x91ff2c01, 0x0520cfaa, 0x6f24cf85, 0xa90157fe, 0x002b4282, 
    0x041ffb02, 0x06e6feb2, 0x6c1f00da, 0x06380961, 0x01010401, 0x0001024c, 0x00010a00, 0x0100670a, 0x04020608, 0x69040103, 0x03371283, 0x0507095f, 
    0x03000303, 0x1f21224f, 0x2113131e, 0x11151312, 0x180b1011, 0x2f07314e, 0x27211533, 0x16160721, 0x35231515, 0x23232634, 0x23220682, 0x0d840622, 
    0x0c823720, 0x37016d08, 0x9f1ffb23, 0x02964701, 0x6d5d9643, 0x07352e9e, 0x342f039f, 0x9f8f129e, 0x773b7302, 0xefefda06, 0x6d6509f1, 0x2f395c5c, 
    0x3f29c4c4, 0x2c3c5c5c, 0x793d01c4, 0x2f000200, 0x25035403, 0x0700d205, 0x33000e00, 0x010c3040, 0x4c010004, 0x00040000, 0x02030585, 0x86010201, 
    0x02020400, 0x04005704, 0x00600204, 0x50020402, 0x08090000, 0x41082d82, 0x11111107, 0x2b190606, 0x01331313, 0x07232723, 0x26263337, 0x2f060627, 
    0x0101fff6, 0x2ee931d8, 0x24178b5b, 0x031f0d0e, 0xfd7e0254, 0xef777782, 0x4142803c, 0x00010081, 0x04c1ff18, 0x001006d5, 0x53730003, 0x27173906, 
    0x94ac1701, 0x3f942904, 0x66ea0565, 0x01000000, 0xac022800, 0x2603f702, 0x2d1ea745, 0x132b1706, 0x28152135, 0xac02cf02, 0x37837a7a, 0x98028626, 
    0x09035503, 0x862037a5, 0x98223782, 0x37837171, 0x82018426, 0x51043b01, 0x17203782, 0x16d34519, 0x3311132b, 0x01b78411, 0xfdcf0282, 0x82a28231, 
    0xfe6833a3, 0x002d02c0, 0x000500ee, 0x031c401f, 0x02000201, 0x814f0086, 0x00212206, 0x1823824e, 0x3208a3b0, 0x35231313, 0x64680321, 0xafb30152, 
    0x4001c0fe, 0x82d2fdee, 0x8232203f, 0xa5b9200a, 0x8311203f, 0x5688243f, 0x870d8701, 0x203f823e, 0x220b8280, 0x9e4000b1, 0x17072beb, 0x2103132b, 
    0x01048403, 0x30820531, 0x80fe8023, 0x2a7b8400, 0x00480250, 0x000f00d4, 0x7f2f4032, 0x0024054e, 0x004c0201, 0x2205df68, 0x834d2102, 0x612108c9, 
    0x00000104, 0x014e0029, 0x0a0b0c00, 0x00050709, 0x050f010f, 0x132b1607, 0x16372722, 0x35323316, 0x3d968235, 0xc5060607, 0x160f454e, 0x6983173b, 
    0x06068501, 0x0e50fec2, 0x960504dd, 0xc6f2d438, 0x6b8500cc, 0x01c03408, 0x00a900b9, 0x40190005, 0x02000016, 0x01008600, 0x005f0201, 0x02210202, 
    0x1011114e, 0x2b190703, 0x21032101, 0x63012315, 0x010ddcfe, 0xc0fe5687, 0x84a9e901, 0x01f22d3b, 0x02f3039d, 0x001400c0, 0x0c2d4030, 0x2008777a, 
    0x1a777a0b, 0x22252228, 0x1a070423, 0xae6c012b, 0x20a78205, 0x09337136, 0x4c012308, 0x447d475a, 0x1d4a5a36, 0x5a2c502c, 0x374c7c43, 0x531e4757, 
    0x5c459d01, 0x2a23245d, 0x5b633d42, 0xb3832424, 0xd2ff5226, 0x8c049604, 0x290da342, 0xdb0369bb, 0x045c2e69, 0x9b845c5e, 0x00008032, 0x5e046804, 
    0x21000700, 0x01021e40, 0x4d220000, 0x0328d882, 0x03010460, 0x4e032103, 0x07262382, 0x11110700, 0xdf820511, 0x21113322, 0x803e0184, 0x90012c01, 
    0x5e042c01, 0x700390fc, 0x0000a2fb, 0xadffffff, 0x7c020000, 0x26025e04, 0x7a82b202, 0x6b0b0731, 0x72ff27ff, 0x01b10900, 0x72ffb801, 0x822b35b0, 
    0xac002714, 0x87013202, 0x8f825905, 0x1c401f22, 0x2c1cdf7b, 0x11231101, 0x05db8701, 0x03d9fc59, 0x28838227, 0x014d0001, 0x05d90154, 0x054f55b7, 
    0x02010824, 0x17560700, 0x064f5519, 0x11331327, 0x22230606, 0x07165627, 0x9701db36, 0x0f333b86, 0x3e311221, 0xd0fcb705, 0xb30b9c97, 0x3f3c0402, 
    0xff2d5e82, 0xff5100ff, 0x04a806ed, 0x0226006c, 0x26aa8223, 0x044d0a07, 0x82aaff38, 0x820220bf, 0x86aa20bf, 0xff4026bf, 0x0320048e, 0x06cd5b98, 
    0x00010222, 0x80208682, 0x0126cd82, 0x69010302, 0x47180000, 0x61260753, 0x00040105, 0x57825104, 0x1600172d, 0x21241222, 0x2b1a0706, 0x51331105, 
    0x23230860, 0x51331234, 0x30080579, 0x74012304, 0x8f8f786b, 0x978e7a78, 0xf697dee5, 0xfbfe9390, 0x0f0172a9, 0x856f7083, 0x01f67689, 0x99ea851d, 
    0x0082e799, 0x00a90002, 0x050c0200, 0x246d82ee, 0x402c000f, 0x08656129, 0x824d5c21, 0x5f012867, 0x01010104, 0x614e0157, 0x33231250, 0x50132113, 
    0x28080b5d, 0x170116b9, 0x634ea216, 0x644e4e63, 0xfb030464, 0x5e9c04fd, 0x5d5d4c4b, 0x005e4b4c, 0x87000100, 0x4b050000, 0x0700d205, 0x05b95a00, 
    0x4d200127, 0x00020200, 0x27658260, 0x114e0021, 0x04101111, 0x2120cd82, 0x30050842, 0xfb4b0521, 0x0231013c, 0x05320161, 0x042bfbd2, 0x4f2582d5, 
    0x1b220c3f, 0x6b4ec300, 0x00282905, 0x05010504, 0x01037204, 0x25062f6e, 0x04050006, 0xcd590506, 0x0761220a, 0x06444f01, 0x58501324, 0x2f861e40, 
    0x27880020, 0x4a4f1e84, 0x056f5b08, 0xdf181f20, 0x2696085c, 0x87294021, 0x2a78a021, 0x40595959, 0x18000115, 0x4e131516, 0x764f0ba9, 0x0b644c14, 
    0x7e4fb620, 0x4c15200a, 0x854f0a64, 0x07684c0c, 0xdb000330, 0x9c03df04, 0x0b006207, 0x1b001700, 0x756b5f00, 0x151b6405, 0x1b643620, 0x1a1a6423, 
    0x3c530820, 0xb94d180d, 0x13132e0b, 0x07030333, 0x3d57573d, 0xfe57573e, 0x8208832a, 0x1d3e2603, 0xdf046dea, 0x051e6155, 0x07875520, 0x016f0135, 
    0x00ecfe14, 0x5000ffff, 0x8501de04, 0x06023206, 0x8600830a, 0xc302210f, 0x84200f84, 0xe4200f88, 0x85200f84, 0x03210f87, 0x200f8417, 0x200f8886, 
    0x200f842c, 0x260f8487, 0x02de0400, 0x828b07b7, 0x8e88204f, 0x8489200f, 0x0430390f, 0x065f01e2, 0x0a060119, 0x00f6088d, 0x0100b109, 0xb0f6ffb8, 
    0x00002b35, 0x220dfb7d, 0x7d27402a, 0x0d4308f7, 0x00562408, 0x1804044e, 0x2f10cd88, 0x35211501, 0x13330337, 0xbdfde302, 0x7df1b7d3, 0x280aed7d, 
    0x04a50001, 0x064702f4, 0x1e8b4623, 0x2b170633, 0x13210301, 0x01cf7401, 0xf4048b17, 0xd1fe2f01, 0x283baa00, 0x03211313, 0x17018ba5, 0x823a86cf, 
    0xfe2c353b, 0x001d0251, 0x00120010, 0x0f0a404a, 0x10010201, 0x02020001, 0x26064b72, 0x02010012, 0x82700102, 0x62002b10, 0x00000103, 0x1b4e0061, 
    0x14821140, 0x8b850121, 0x40592d13, 0x0d00010d, 0x0006070b, 0x04120112, 0x18081566, 0x080d4a4b, 0xa0754121, 0x37013c4b, 0x16485350, 0x25411027, 
    0x7351fe7a, 0x2c784365, 0x34542510, 0x9c0a0d4a, 0x82001e15, 0xff012f00, 0x0351fee3, 0x00e80269, 0x402b001b, 0x8f821828, 0x235b1920, 0x0002220b, 
    0x29878661, 0x14160001, 0x1b000b0c, 0x70831b01, 0x2622132c, 0x053e3435, 0x02143335, 0x4b18030e, 0x280808be, 0x589275ea, 0x92aeae92, 0x935c5559, 
    0x495d92a4, 0x40122615, 0x51fe7025, 0x694c656f, 0x94675253, 0xfebe98d6, 0x4a69a6fe, 0x22818848, 0x84400001, 0x000b227f, 0x207f831a, 0x207f8217, 
    0x277f9718, 0x0a0b1315, 0x1a011a00, 0x3e21f088, 0x217f8204, 0x7e88040e, 0x75480135, 0xb9a56893, 0x4f5668a5, 0x4f7d8c7d, 0x11261648, 0x83712541, 
    0x71542d7e, 0x9b6a5354, 0x78b28175, 0x30464354, 0x0126fe86, 0x56fe4100, 0x8b411c02, 0x75493d63, 0x01414b93, 0x4954501d, 0x40102716, 0x56fe7025, 
    0x7346646f, 0x4f25102e, 0x090e4935, 0x38078b41, 0x51fe3100, 0x1d011002, 0x25001200, 0x01102240, 0x4c010100, 0x0102070f, 0x2208824a, 0x42026100, 
    0x0128050f, 0x000c0e00, 0x03120112, 0x2409f641, 0x15020e25, 0x05b37714, 0x7538012d, 0x01394792, 0x53681f5f, 0x86272648, 0x7a4629fd, 0xa86af543, 
    0x174a3484, 0x01226984, 0x678229ff, 0x2a021722, 0x412e7341, 0x734105f3, 0x3026080e, 0x8a579275, 0x92578a9a, 0x707d6f47, 0x26154846, 0x71244012, 
    0x656f51fe, 0x58556d4f, 0x8d7eaa74, 0x41547ec0, 0x72413146, 0x01003006, 0x56fe4000, 0x00000d02, 0x26000e00, 0x840c2340, 0x050b23e3, 0xe48f0304, 
    0x00070925, 0x860e010e, 0x262308e4, 0x06072535, 0x37363233, 0x01060617, 0x2b6e653e, 0x282d2801, 0x11271a68, 0xfe6d2540, 0x437a4d56, 0x427082a0, 
    0xdb8605d2, 0xdcb90121, 0x69512ddb, 0x875a474b, 0x649d7667, 0x33423743, 0xfc2bdb88, 0xff020581, 0x007a063c, 0x61460005, 0x17220543, 0x41610100, 
    0x7e03200e, 0x063429d7, 0x35012b18, 0x35231121, 0xbb0281fc, 0xafcb05c0, 0x00c988fe, 0x01280082, 0xba01dafa, 0x7302f5ff, 0x5d1f5b49, 0x0b300670, 
    0x7302e5fa, 0x0100b9b9, 0x8f028600, 0x43035503, 0x3521f344, 0x15213513, 0x02cf0286, 0x00b4b48f, 0xa1fc0200, 0x60fefbfd, 0x3782aeff, 0x2f00072d, 
    0x00002c40, 0x02030105, 0x18670300, 0x250ac351, 0x02010104, 0x84454f01, 0x3a81820f, 0x11211101, 0x35331501, 0xbf01a1fc, 0xfd96d5fe, 0xfeb301fb, 
    0x9022014d, 0x82ffff90, 0xfefc2c57, 0x01a3ff8d, 0xfc2e0a07, 0x4562fd08, 0xfd2405f5, 0x2b35b062, 0xfc29e784, 0xfefefd7e, 0x00beff76, 0x0afd5707, 
    0x00000125, 0x82000103, 0x08fd577a, 0x07202b82, 0x2505b64a, 0x012b1906, 0x01822135, 0xfd113333, 0x01c9feb5, 0xfefdc137, 0xfe86b288, 0xfc010040, 
    0x204b82a9, 0x2c4b88a1, 0x00030100, 0x00010057, 0x02010302, 0x22408267, 0x82045f03, 0x7d032011, 0x4b830a33, 0x15331123, 0x2d018221, 0x01c1a9fc, 
    0xfdc9fe37, 0x86c001fe, 0xb78288b2, 0x23fed126, 0xc5ffbdfe, 0x4624b782, 0x89fd38fc, 0x8920b786, 0xfd29b787, 0xfe5d0404, 0x00a10605, 0x82b78415, 
    0x01002265, 0x675b1802, 0x206b830c, 0x26768251, 0x11150015, 0x84051118, 0x363225b7, 0x26263435, 0x090e4b18, 0x15162408, 0x04fd0614, 0x24251b32, 
    0x20236990, 0x048c2423, 0x1223905d, 0x2e5a4d1b, 0x1f903d52, 0x564c2213, 0x82424c30, 0x24c58243, 0x03830232, 0x65bc8299, 0x0b201dfb, 0x27057b4e, 
    0x02670332, 0x00cccc83, 0x00263782, 0x4e022e02, 0x334c6804, 0x35112b09, 0x4e021501, 0x01e52e02, 0x1f83e555, 0x03c30125, 0x8ab40450, 0x01112c1f, 
    0x01500311, 0x010801c3, 0x82f9fee9, 0x0001347c, 0x038f0221, 0x009e0343, 0x40310015, 0x0104002e, 0x18590400, 0x2d0ad359, 0x02620004, 0x04000206, 
    0x00015200, 0x59181213, 0x152208b0, 0x15581501, 0x22232807, 0x36230706, 0x18323336, 0x08080f79, 0x4a520224, 0x24254f68, 0x03bf0226, 0x664a6b84, 
    0x2427274e, 0x8703bd03, 0x33348f02, 0x8a7f2b36, 0x31313334, 0x7b848b7f, 0xcf04a32e, 0x9706c501, 0x16000900, 0x04051340, 0x2a0a4f63, 0x02090009, 
    0x132b160b, 0x63363435, 0xa330054e, 0x1d953c51, 0x8acf0433, 0x462ca171, 0x7e53852c, 0x3224ff83, 0x60038302, 0x24293741, 0xcc83022e, 0x0d1b49cc, 
    0x87848220, 0xe0820020, 0x0b42422c, 0x0f5ffd3c, 0x0700f53c, 0x00830008, 0x945de323, 0x2e078632, 0xfdb3f97a, 0x08aa1453, 0x000100e7, 0x82020003, 
    0x2e188305, 0x07000001, 0x0012fec0, 0xf9741500, 0x82f9f5b3, 0x8a15831f, 0x790b2d03, 0x48014005, 0x0000b004, 0x3100f905, 0x292e03fe, 0x51002306, 
    0x4e003506, 0x4b00a007, 0x0382c507, 0x0382aa20, 0x4b00c824, 0x0382e506, 0x4b00fc22, 0xff219f89, 0x230b83b1, 0x6f004006, 0x00211389, 0x233fa731, 
    0x31002e08, 0x0523038b, 0x8c87004b, 0x00762603, 0x00cf060f, 0x23138832, 0x055e00eb, 0x572003a1, 0xc7242384, 0x4b078700, 0x07823b82, 0x03920520, 
    0x00140627, 0x005c0a14, 0x23038387, 0x8700dc04, 0x722003a6, 0x4f9b27a6, 0x43836e20, 0x005c0631, 0x005d064c, 0x0072064b, 0x00e0074b, 0x8205084b, 
    0x82ea2007, 0x82082007, 0xff222213, 0x901f839a, 0x00b2276b, 0xffb20487, 0x078404b3, 0x06570025, 0xa45e0001, 0x82142003, 0x2303a227, 0x8700fa05, 
    0x0623039b, 0x834b0075, 0x3306211f, 0x08252785, 0x08870009, 0x250b85fe, 0x4c007a07, 0xc3827b07, 0xc3829020, 0x4b00fe24, 0x03822309, 0x0921cb82, 
    0x200f8226, 0x20038242, 0x221b825a, 0x839aff3f, 0x9f438327, 0x2123832b, 0xef823f02, 0x87007e26, 0xadff3f02, 0xaf240382, 0x0d00eb02, 0xc5200782, 
    0xeb200382, 0x07821b83, 0x0f868c20, 0x0782ff20, 0x1382c720, 0x03820f20, 0x17867d20, 0x07821720, 0x0f82c120, 0x03826020, 0x79027c24, 0x07828000, 
    0xbf038724, 0x17824c00, 0xc003ad26, 0xd5034b00, 0x4320cf82, 0x68200382, 0x4d200382, 0x6b240382, 0x87044b00, 0x9f220382, 0x4f854b00, 0x03ffff25, 
    0x859aff85, 0x23878533, 0x4a00d003, 0xff2103b5, 0x20378bdf, 0x25678205, 0x4b009c05, 0x03820a07, 0x03822f20, 0x03821420, 0x4b003224, 0x03824e06, 
    0x9b826620, 0x05276786, 0x0564ff16, 0x874c0086, 0xad04233b, 0x03834400, 0x85030521, 0x230b8407, 0x058700c1, 0x07210392, 0x204b8217, 0x201b8217, 
    0x231f85cf, 0x87008604, 0xff210391, 0x2c1388fc, 0x041700d8, 0x061400d3, 0x078700b1, 0x23039d74, 0x87001906, 0xff2103a5, 0x2127a3b3, 0x4f824408, 
    0x5e002a23, 0x20038b06, 0x8f0f8e3d, 0x830fcb1f, 0x86038f6b, 0x5d07315f, 0x5f074c00, 0x74074b00, 0xe1084b00, 0x06094b00, 0xec200782, 0x09260782, 
    0x2a064b00, 0xb383b6fe, 0xbb8c2383, 0x08273b86, 0x055e0024, 0x8887002f, 0x00452603, 0x00b3068d, 0x210f8332, 0x3f82e006, 0xe3823720, 0x23823020, 
    0x23824120, 0x482403a3, 0x17068b00, 0x62262b82, 0x3d051200, 0x03b05500, 0x3b82d020, 0x4b005723, 0x26039b05, 0x056900c8, 0x8ccf0156, 0x82db2023, 
    0x82d82037, 0xdb078303, 0x8e638303, 0x11062303, 0x5f46f7ff, 0x4d08230b, 0x03973100, 0x00e80523, 0x25038733, 0x33003006, 0x0f865106, 0x3100d927, 
    0x36004606, 0xa0078205, 0x00c32203, 0x23238311, 0x4c00af07, 0xc5240784, 0x58094b00, 0x5b260382, 0x8f084b00, 0x3f874b00, 0xfe6f0623, 0x23238794, 
    0x70005005, 0x5a2603a4, 0xa5047100, 0x03fe4400, 0x7f8b8020, 0x00480723, 0x23038b44, 0x51000b05, 0x802003fa, 0x01207b82, 0x80230382, 0x83000705, 
    0x23038c0b, 0x5100b504, 0xf5200384, 0x0f870786, 0xc3930792, 0x004b0625, 0x95090651, 0x9f0925df, 0x26095100, 0x07820382, 0x85220821, 0xc4042123, 
    0x03f96782, 0x1d034d2e, 0x2f03ce00, 0xd6021400, 0xef028000, 0x97200782, 0x0b820782, 0x82090721, 0x00c22207, 0x211f8280, 0x0783023c, 0x07252382, 
    0x05140061, 0x83b7820e, 0x86842003, 0x8e0f8707, 0x86042507, 0xf7043600, 0xfb230382, 0x84048000, 0xf8ff2503, 0xf7fffb04, 0x00230b85, 0x85da0780, 
    0x78052117, 0x7c225382, 0x1b821400, 0x7d201f83, 0x03820782, 0x856d0021, 0x9eff2127, 0x2b850785, 0x002b0223, 0x22038272, 0x82570480, 0xff2b269b, 
    0xff2b02a2, 0x200382a5, 0x200382ba, 0x200386bf, 0x200782ad, 0x822383e0, 0x82822007, 0x82f42003, 0x82bc2003, 0x8503200f, 0x83ff2003, 0x820c2013, 
    0x82b62013, 0x8655200f, 0x8275204f, 0x82ce200f, 0x863b8303, 0x21678303, 0x6782a2ff, 0x0b037224, 0x1b822c00, 0xad03ce24, 0x03831b00, 0x47835786, 
    0xce203383, 0x80222382, 0x9f82a404, 0xff210388, 0x210f8d82, 0x0f830900, 0xee209386, 0x86206786, 0x03290f83, 0x030900df, 0x0376ff6b, 0x84cf8398, 
    0x03312203, 0x82078429, 0x83ff20e7, 0x220383bb, 0x82790284, 0x00b42813, 0x00f70214, 0x824a0314, 0x82e32003, 0x82e52003, 0x24178313, 0x036d0079, 
    0x820b8713, 0x00792633, 0xff79022f, 0x245f84c0, 0x078000e8, 0x4103994d, 0x0b830b5b, 0x823b0621, 0xfffb22c7, 0x93178fa7, 0x2607250f, 0x20058000, 
    0xe8232f82, 0x8b045100, 0x8ee52003, 0xcb1f8f0f, 0x8f6b830f, 0x2d5fb603, 0x5100e707, 0x51007406, 0x51009409, 0xd7820b05, 0x8600e422, 0x038e0783, 
    0x2308b744, 0x80004203, 0xff210385, 0x200782ae, 0x23038325, 0x2500fa02, 0x17860382, 0x34201f84, 0x35241782, 0xbfff4203, 0x69200782, 0x00212f85, 
    0x82078274, 0xf6ff2303, 0x67829f04, 0x7b230383, 0xb5044e00, 0x054b3003, 0x05870042, 0x0387003c, 0x02c90023, 0x841400ee, 0x82e82003, 0x00d32807, 
    0xffb60314, 0x84ef06a3, 0x84242013, 0x211f8217, 0x0f848803, 0x2f872785, 0x1100ee2a, 0xd1ffee02, 0x8000c002, 0x03210387, 0x200b885a, 0x24138672, 
    0xffc00252, 0x200382e2, 0x0b0f42a2, 0x00470525, 0x82060580, 0x00782203, 0x13274214, 0x742013a2, 0x6384239f, 0x038a6783, 0x00fa0423, 0x20038380, 
    0x86778305, 0x8213870b, 0x8a732007, 0x9327840b, 0x4b05210f, 0x0392b782, 0x13902b93, 0x1f00cc23, 0x23038a04, 0x1f00cd06, 0x0423039f, 0x8c2a00a4, 
    0x00d12403, 0x82d10417, 0x21038247, 0x0785b905, 0x07b30f87, 0x008e0523, 0x84038731, 0x829a203f, 0x00952353, 0x03a60478, 0x005a0535, 0x00a90482, 
    0x00f10587, 0x002a0631, 0x0080055e, 0x82fa0571, 0x008c2c0f, 0x0025076c, 0x0027075e, 0x82410687, 0x00662307, 0x0383074c, 0x4b00672c, 0x4b007c07, 
    0x4b00ea08, 0x07820f09, 0x0782f420, 0x07821220, 0x03822e20, 0x1b824620, 0x83ff0023, 0x83239e07, 0x3b06254f, 0xac055f00, 0x60222f82, 0x07834c00, 
    0x00e30527, 0x002d053e, 0x258b8387, 0x1400f604, 0x4f82f206, 0x33008c2c, 0x3300d508, 0x63002a05, 0x9382c105, 0x0382c020, 0x03828e20, 0x4b00ff22, 
    0xd120ab84, 0x31320f84, 0x5e00af06, 0x87002306, 0x4b009b07, 0x8000a905, 0x0382e205, 0xd7820783, 0x82280721, 0x00e92463, 0x82220887, 0x82a420c7, 
    0x8259200b, 0x824d2033, 0x82f1200f, 0x820320b7, 0x00eb240b, 0x82570857, 0x00412807, 0x0050052b, 0x84070987, 0x085e2213, 0x24f3825e, 0x0514001f, 
    0x307b82fc, 0x0663002c, 0x06310010, 0x044b00de, 0x055100cb, 0x2f03e58d, 0x8000e004, 0x1f00cc04, 0x5100d704, 0x4e007604, 0xab200384, 0x76200786, 
    0xab248b82, 0x25065100, 0x1b870782, 0x46200793, 0x8f473b82, 0x05534708, 0xaf1f7b43, 0x04052b1f, 0x79025e00, 0x79028000, 0x0786b6ff, 0x0785a220, 
    0xcb201384, 0x99201782, 0x07870382, 0x0b82a820, 0x1f82cc20, 0x07824220, 0x0382bd20, 0x0382f420, 0x03823d20, 0x0382ba20, 0x7605a422, 0x7726ef82, 
    0x1d054f00, 0x87452400, 0xd0ff270d, 0x5100b304, 0xcf823505, 0x14001522, 0x44109b43, 0x0344110f, 0x213b8b18, 0x53826306, 0x5100ff28, 0x8000a406, 
    0x0782ab06, 0x052503da, 0x045e0040, 0x24bf82e0, 0x0380009d, 0x3103879f, 0x4905f9ff, 0xea062800, 0x2d072a00, 0x27042a00, 0x7f414a00, 0x00aa2408, 
    0x82f90480, 0x00ed2403, 0x82120580, 0x82602003, 0x85d520f7, 0x0e052503, 0x7f061400, 0x0382b382, 0x82f80421, 0x8232201b, 0x82ac2003, 0x830b822b, 
    0xe804210f, 0x15200b82, 0x37202382, 0x54206f82, 0xe7245782, 0x3f052a00, 0x17831382, 0x2b82cf20, 0x0b820820, 0x06250782, 0x078000e1, 0x200b821a, 
    0x201382b8, 0x202f826d, 0x23078274, 0x05140026, 0x07250382, 0x0724008d, 0x241b8265, 0x064e00b5, 0x240782f0, 0x0420009f, 0x202f8297, 0x26138484, 
    0x00b60651, 0x82b00551, 0x82082033, 0x002c2c2f, 0x00f10463, 0x003d051f, 0x82b50455, 0x00903873, 0x001c051e, 0x00b3035e, 0x00280548, 0x00ef056e, 
    0x007a055d, 0x8292043a, 0x0058320f, 0x001d084c, 0x00b90587, 0x00680656, 0x0051083e, 0x2d2b834b, 0x3100f905, 0xb200e905, 0x22000f06, 0x97530106, 
    0x82d0200a, 0x00573e0b, 0x00b00b4b, 0x00e90651, 0x0061077e, 0x00170694, 0x00640984, 0x00160687, 0xffea048e, 0x08cf53ef, 0x73826520, 0x6b827320, 
    0x73820a20, 0x2a280383, 0x69056300, 0xfa046500, 0x14201382, 0x32246782, 0xa7045e00, 0x35200782, 0x0b825382, 0x2f830520, 0x6d006023, 0x84bf8205, 
    0x82ea2027, 0x8203821f, 0x825c200f, 0x82b12003, 0x82802003, 0x825f2003, 0x82422003, 0x82712003, 0x825b2003, 0x828d2003, 0x86592003, 0x2027870b, 
    0x20238654, 0x2407827e, 0x0026027e, 0x20038238, 0x24038a68, 0x00200338, 0x200382a7, 0x20038261, 0x2007861d, 0x940786d7, 0x2c052317, 0x03854101, 
    0x82980021, 0x20038b53, 0x830f82a4, 0x82952003, 0x829b2007, 0x86892003, 0x20238307, 0x200b827b, 0x20038275, 0x83338ef9, 0x2037a31b, 0x20b3829b, 
    0x2f038700, 0x51006005, 0x4b00bd03, 0xa900b402, 0xa9006805, 0x072b0783, 0x04a9002e, 0x084f007a, 0x824f00f4, 0x824f200b, 0x0461240b, 0x824f0076, 
    0x03612403, 0x82a90004, 0x82432003, 0x86b62003, 0x82662003, 0x03662407, 0x828c00c0, 0x08662403, 0x8e5e0021, 0x331b8c23, 0x16003105, 0x87001806, 
    0x1c001b03, 0xee00f902, 0xd500b602, 0x032c0b83, 0x048c00be, 0x05000000, 0x0846002c, 0x03830782, 0x00cb0323, 0x200386a5, 0x240782c6, 0x00df04fc, 
    0x20038292, 0x200b82a4, 0x9b2f8fbf, 0x7c02232b, 0x0384a500, 0xca00b624, 0x03826a04, 0xa5005224, 0x03824104, 0x78001424, 0x03824f02, 0x53007c22, 
    0x53300f82, 0x75003202, 0x75006104, 0x75009006, 0x7500bf08, 0x022b0f8b, 0x046e0002, 0x026e0001, 0x827700ac, 0x08a92803, 0x05a90004, 0x83a90058, 
    0x2003880b, 0x841b85be, 0x230b820f, 0x59007303, 0x4b240382, 0x59004805, 0x4b240382, 0xa6006e05, 0xcd200382, 0xb9200382, 0xc5200386, 0x03830782, 
    0x0782b720, 0x0382bd20, 0x0786ab20, 0x9d201f83, 0x97200b82, 0xd72833b6, 0x0000cf03, 0xa000aa04, 0x03330383, 0x044500e5, 0x05a00079, 0x05b70063, 
    0x0761004c, 0x87a80050, 0x1f052503, 0x0f055200, 0xf4280382, 0x48065200, 0x1e055e00, 0x40380382, 0xad035e00, 0xb6037300, 0xeb033800, 0xca014200, 
    0xb2034700, 0xca044f00, 0x87380384, 0x5e008c04, 0x5300d807, 0xa2005b05, 0x9700ea05, 0xdb002206, 0xceff2103, 0x84340f82, 0x62008405, 0x4c00cc04, 
    0x46006303, 0x7100aa03, 0x54007003, 0x54280782, 0x54007b03, 0x2b006502, 0x54205782, 0x71204b82, 0x03825382, 0x03fcff24, 0x0b84006b, 0x82370521, 
    0x82b2202b, 0x84902003, 0x8371202f, 0x82022133, 0x56240f82, 0x34025a00, 0x1b833782, 0x34009c30, 0x2a00d704, 0x3b007d03, 0x3400a303, 0xa3826603, 
    0xab82f720, 0x02310382, 0x026f00aa, 0x03620097, 0x036100ae, 0x036000c6, 0x220382cb, 0x826400e5, 0x826420fb, 0x0380220b, 0x202782cd, 0x2403829e, 
    0x03510065, 0x860782d9, 0x5402230f, 0x03828b00, 0x03824920, 0x03829720, 0xc3036528, 0xc4039400, 0x07829500, 0xc3409920, 0xaf013dc3, 0x390370fe, 
    0x3d034400, 0x2d024300, 0x1a025000, 0xf9023f00, 0x19034700, 0x20034b00, 0x31230382, 0x83034c00, 0x001c2203, 0x2a0f8268, 0x00e80244, 0x00c50244, 
    0x82230339, 0x82202033, 0x2f0f820b, 0x72002603, 0x6c001a03, 0x77002703, 0x6c00e701, 0x2d240382, 0x87002302, 0x5f200382, 0x6b200382, 0x8e200382, 
    0x042d63e3, 0x07500014, 0x0850000d, 0x07440012, 0x2407823e, 0x0647000b, 0x241382c4, 0x074b005c, 0x2c0f823f, 0x0747000c, 0x084b00d6, 0x074c000b, 
    0x24178234, 0x076800eb, 0x20078248, 0x20038237, 0x262382ce, 0x066800ee, 0x833900e7, 0x7a09211b, 0x20342f82, 0x1e0bba00, 0x1c0eba00, 0xad07ba00, 
    0x98082f00, 0x23085400, 0x262e0382, 0x0c084600, 0xec024600, 0x6d04a900, 0x0782aa00, 0x02a12808, 0x04d500ba, 0x060a01fb, 0x030a01b5, 0x044300ae, 
    0x03a70005, 0x03a00083, 0x035d006c, 0x0263008f, 0x0282004e, 0x836300eb, 0xc5052f1b, 0xea020a01, 0x1c02ec00, 0x00004100, 0x03823700, 0x0382a920, 
    0x0386a120, 0x0782a020, 0x2f83a720, 0xfc000027, 0x00e501d8, 0x2c038400, 0x02000042, 0x0400005c, 0x0900008c, 0x45078207, 0x02210603, 0x281782ac, 
    0x01000000, 0x05000054, 0x820b822c, 0x8201200f, 0x8300202b, 0x3117824d, 0x8700d108, 0x73007509, 0x73005f08, 0x8700c105, 0xe74bf905, 0x005e2e06, 
    0x00a207a3, 0x00ba0aca, 0x007415ca, 0x2b0b87ca, 0x0001a207, 0x0001ba0a, 0x00017415, 0x06230b87, 0x82fa0043, 0x86e02003, 0x83fa2003, 0x000e2133, 
    0x07833b85, 0x823e0721, 0x2903823f, 0xca00e206, 0xca00dd06, 0x03844509, 0x5fa7b820, 0x6b8b4f8f, 0xfa340b82, 0xc7000f07, 0x4e011107, 0x72005e08, 
    0x72005d08, 0x6f009f07, 0xd5200382, 0x13820f84, 0x34220f88, 0xbb444000, 0x82c0200a, 0x23038c0b, 0x6c007b08, 0x8c23038c, 0x8308b200, 0x002e2303, 
    0x03870897, 0xba005c23, 0x23038308, 0x08a100cd, 0x07250386, 0x06d700bf, 0x87db8271, 0x005e2203, 0x202f8266, 0x820383ba, 0x87e820e3, 0xba092303, 
    0x0382ae00, 0xda07ba2c, 0xe8068700, 0x18088600, 0x0386ca00, 0x0787cc20, 0x002b0725, 0x826508cc, 0x23038263, 0xa1001505, 0x0b230383, 0x8418001e, 
    0x000c2203, 0x87078c40, 0xe7074017, 0x0340ff83, 0x010621f2, 0x21054b5d, 0x4b5bc105, 0x19062505, 0x41058700, 0x3d240382, 0xa4045500, 0x20061b54, 
    0x05bb4d79, 0x00420337, 0x007b0474, 0x00ee024e, 0x00c00214, 0x00000080, 0x00ac0275, 0x24038686, 0x008f0496, 0x2303838a, 0x8a008702, 0x0f870387, 
    0xf3580783, 0x200b8c0b, 0x836f824b, 0x00eb2203, 0x07db5e5e, 0x83132b5e, 0x0bcf5dab, 0xff3f0223, 0x250385bf, 0x3f028700, 0xc3878400, 0xff860424, 
    0xef5b07fc, 0x08ab5b06, 0x5b135b5b, 0x0521068f, 0x0eab5a2f, 0x5a0f875a, 0x275a075b, 0x5ad8201b, 0xf920064b, 0x590dcb59, 0xa75908bf, 0x065b590b, 
    0x00140623, 0x07075d5e, 0x47590787, 0x078f4e17, 0x57b50421, 0xcb5709eb, 0x2f032f0f, 0x0e051400, 0xfb045100, 0xfb04b0ff, 0x03827700, 0x2b028028, 
    0x2b027c00, 0x0382b4ff, 0x0b85b520, 0x56030021, 0x0426077f, 0x038000a4, 0x23830098, 0x13827b20, 0xbb55f420, 0x08034e07, 0x5513db54, 0x8f83066f, 
    0x20065f54, 0x2007827d, 0x134f547d, 0xffee0227, 0x00ee02e3, 0x4f038314, 0x05211bd7, 0x055f4247, 0x52cc0421, 0xbb520dd3, 0x06b35208, 0x07830420, 
    0x59065b52, 0x1383130b, 0x7e22e382, 0xd782d602, 0x2308af56, 0xc002f4ff, 0xc024ff82, 0xc0027c00, 0x4f05c353, 0x052117bf, 0x2c1f864b, 0x028700dc, 
    0x05bfff3f, 0x086300fc, 0x0503528c, 0x5d190621, 0x053905cf, 0x055700eb, 0x0531008e, 0x078000a9, 0x03870059, 0x044a00d0, 0x064d00c4, 0x0a3f4fea, 
    0x5100e836, 0x4e00b504, 0x8000cf04, 0x80007406, 0x4b00ac05, 0xb4ff7902, 0x0b827787, 0x03824a20, 0x878bb620, 0x00ac0223, 0x21038fb2, 0x13820408, 
    0xad00a226, 0x4f007a04, 0x05211b87, 0x23278658, 0x026f0026, 0x4382038f, 0x01d00523, 0x2b03871c, 0x7200a303, 0x1c010000, 0x8d000000, 0xb2200386, 
    0x03840782, 0x01fb0433, 0x004e021c, 0x01b5068d, 0x00ad031c, 0x00c2021b, 0x830f8380, 0x843f8367, 0x006b261f, 0x00e90327, 0x23038364, 0x1a01f604, 
    0x19200386, 0x03830782, 0xfb200f85, 0x03821782, 0x00830323, 0x23038362, 0xa3000004, 0x57440383, 0x02802122, 0x20095744, 0x0e574480, 0x5c028d26, 
    0x76048a00, 0x0f830389, 0x17830387, 0x003e052f, 0x00170b87, 0x00140687, 0x00580514, 0x2607847b, 0x055e002a, 0x82660055, 0x0563247b, 0x844b007f, 
    0x00803a03, 0x0057054f, 0x00eb0680, 0x00330987, 0x009f0487, 0x00c50a8b, 0x00720787, 0x38178269, 0x00c8064b, 0x00540531, 0x0015066c, 0x009b0765, 
    0x00ea05a2, 0x005905a6, 0x241b8289, 0x00970468, 0x30178255, 0x004c0760, 0x002705bb, 0x00110684, 0x00ba0542, 0x067b4287, 0x8605802c, 0x94043f00, 
    0x28056200, 0x07828900, 0x21035028, 0x8d04ceff, 0x0f825100, 0xc404842c, 0x7b064d00, 0x2c054d00, 0x03846300, 0x07845620, 0x95045e30, 0x6c066900, 
    0x07048000, 0x0e055f00, 0x37825100, 0x03846220, 0x72009722, 0x53820b88, 0x00980423, 0x284f847c, 0x058000b1, 0x051f0076, 0x267782a9, 0x075100e2, 
    0x84a80068, 0x00ea3873, 0x00160399, 0x00b50550, 0x00ea0265, 0x002a0514, 0x0003068f, 0x82bf061f, 0x0055260b, 0x0096076d, 0x82038375, 0x04822247, 
    0x20ff829d, 0x36738251, 0x03730069, 0x051e0011, 0x058a0025, 0x056d00b2, 0x05910029, 0x84380051, 0x0056224f, 0x2a2b827b, 0x005f056c, 0x00bd04b9, 
    0x82f80422, 0x827f2033, 0x152b0833, 0xd9031400, 0xb4027700, 0x6002a900, 0x2003d600, 0x2b02b300, 0xd309adff, 0xd6037700, 0x13036f00, 0xdc035300, 
    0x53028e00, 0x82044200, 0x230389a3, 0xc105c7ff, 0x21054b63, 0xd7542f05, 0x57052d05, 0x8e054b00, 0xe8053100, 0xd2073300, 0xaf241382, 0x04081500, 
    0x3b05174a, 0x8700ef07, 0x80001107, 0x87007909, 0x69009204, 0x87002707, 0x31001006, 0x5e00fa0a, 0x6322db82, 0x8751eb05, 0x07ab5e05, 0x001f072d, 
    0x003f0214, 0x008c0887, 0x82ff0533, 0x00e22257, 0x0baf4380, 0x57202f82, 0x8307a343, 0xbe05216f, 0x6f823f82, 0x440bfb52, 0xaa240893, 0x0c078000, 
    0xa320ef82, 0xbb23ef82, 0x82061f00, 0xf905250f, 0x2e086a00, 0x58240f82, 0xa4064400, 0xf1280782, 0x27041f00, 0xb5044a00, 0x57060354, 0x0629068b, 
    0x06140008, 0x052a00ea, 0x22238208, 0x444d00c4, 0xfb20100b, 0xe8201782, 0x13443382, 0xa404250e, 0xb1042a00, 0xc7201782, 0xc120ff82, 0xeb220382, 
    0xe3845700, 0x17820782, 0x06058022, 0xeb203782, 0xb5227382, 0x73844e00, 0x4c200783, 0xb1201382, 0x5b2fe782, 0x5805a200, 0x6b077c00, 0x18065d00, 
    0x82057700, 0xd403250f, 0x8d055000, 0x76204f82, 0x73822f82, 0x22050355, 0x8304b6ff, 0x069f5477, 0x00ab0627, 0x005a0251, 0x250383a0, 0x5c00d603, 
    0x8f643f02, 0xbd062505, 0x38088700, 0x82058741, 0x0a312a07, 0x0c310077, 0x083100b6, 0x22138227, 0x823300e8, 0x0a332607, 0x04330066, 0x32a78486, 
    0x00c7055e, 0x00740787, 0x00420287, 0x0057046c, 0x82820672, 0x00f83403, 0x00870472, 0x00aa061d, 0x00230919, 0x004e0b1f, 0x82d0061f, 0x009f2213, 
    0x26078224, 0x00fb082a, 0x822b022a, 0x82b520bf, 0x00bd24a3, 0x824d0750, 0x00e62bc7, 0x00190693, 0x006407ad, 0x00820086, 0x00250539, 0x00e7025f, 
    0x001c068f, 0x006304a3, 0x00d20377, 0x00cc064f, 0x50ac0237, 0x032b05cb, 0x062100fd, 0x02ac0079, 0x83a900be, 0x79042f17, 0xc906a000, 0x9b043100, 
    0x16060401, 0x13837b00, 0x00bc052b, 0x008604c8, 0x00a103ee, 0x2203848f, 0x821100cf, 0x055538eb, 0x028c0059, 0x028a0056, 0x03750058, 0x065000d4, 
    0x075e000d, 0x825e00de, 0x046a241b, 0x83af006c, 0x2b0b8303, 0x99001e03, 0x7e001803, 0x6c00e602, 0x7b830b83, 0x0059012d, 0x0050014e, 0x00680436, 
    0x85db03a0, 0x1903231f, 0x03837b00, 0x82c60221, 0x00162643, 0x00b704c3, 0x280382cb, 0x00d703ca, 0x00eb0267, 0x2b038ba2, 0x8000da03, 0xa200dd03, 
    0xa8006d04, 0x16235f84, 0x91036800, 0x02722403, 0x82dcff4e, 0x048c243f, 0x82140011, 0x828e20cf, 0x03652c03, 0x065400df, 0x006d0091, 0x8284fc00, 
    0x007f2403, 0x8235fd00, 0x82752007, 0x828a2003, 0x82852003, 0x857c2003, 0xd9fb210b, 0x0e241b82, 0x28000000, 0x76200f82, 0x86200382, 0x0d240f82, 
    0xedfb0000, 0xe3200382, 0xd3200382, 0xc5200382, 0x5e201782, 0x43830386, 0x0b826520, 0x27829620, 0x07823820, 0x0382d420, 0x03821f20, 0x1f86b720, 
    0x07827920, 0x4786bd20, 0x07823320, 0x03829420, 0x03825c20, 0x00006b24, 0x0382b3f9, 0x0b82f920, 0x03822720, 0x3f822d20, 0x03826220, 0x63857420, 
    0x820cfc21, 0x83212013, 0xd5012387, 0x03875000, 0x00eb0225, 0x820c0350, 0x823e2003, 0x00532303, 0x65820250, 0x05230383, 0x830a01c5, 0xa3033303, 
    0x7f016000, 0xba022800, 0x0004d500, 0x0000a700, 0x43820a01, 0x03828220, 0x03864320, 0x07825d20, 0x03826320, 0x1b826420, 0x0385c620, 0x8226fe21, 
    0x82ec200f, 0x85412003, 0xccfb2123, 0x57208382, 0x0b207f82, 0x58200382, 0x9a200382, 0xfb21d785, 0x201782da, 0x200382e1, 0x200382f8, 0x2013829e, 
    0x822f829f, 0x39fc2102, 0x1820b782, 0x14200f82, 0xa8200382, 0x99200382, 0x8e200382, 0xcf202382, 0x36201c82, 0xfc217f85, 0x200f8297, 0x201782f5, 
    0x200382a0, 0x200382bc, 0x200f82e6, 0x20038655, 0x200f85b8, 0x210782fc, 0x2f82a900, 0x07842382, 0xfb210b82, 0x20238232, 0x201f8252, 0x200382c9, 
    0x200b8279, 0x200782c2, 0x20038247, 0x200b8207, 0x820382ae, 0xf1fa2593, 0xcefa0000, 0x8b201382, 0x60200382, 0x92200382, 0x76200382, 0x50200382, 
    0x4d200382, 0x8206df41, 0x7bfc213b, 0xd3200b82, 0xb4200382, 0x2e200382, 0xaa200382, 0xab200382, 0x2105af41, 0x0782fafb, 0x03828420, 0x2f866f20, 
    0x0782d120, 0x0382df20, 0x03820820, 0x67825d20, 0x07820f20, 0x9b862920, 0x8203a030, 0x1403a000, 0x1603bd00, 0xa803c300, 0x03827a00, 0xf6048322, 
    0x27053750, 0x04004e02, 0x0a01fb04, 0x83260f84, 0x00045000, 0x0b83a700, 0x17860384, 0x2f822384, 0x2505a341, 0xba026300, 0x8750d500, 0x00a92c06, 
    0x00b0fc11, 0x03defb10, 0x837600ab, 0x10002703, 0x0e002cfc, 0x7f823afc, 0x0b822120, 0x8b821520, 0x0b82f620, 0x1900db26, 0xc50505fd, 0x53826782, 
    0x00ec0223, 0x383782a1, 0x003c02d2, 0xfd040064, 0xfe0000a5, 0xfd1b00b7, 0xfd1e0022, 0xfc15004b, 0x340782ad, 0x00830349, 0xfb0a00a0, 0xfb0d009f, 
    0xfd00009e, 0x00500113, 0x20478236, 0x206b8276, 0x205782f0, 0x2267842b, 0x829cfb0a, 0x009c281f, 0x02a9fc19, 0x4828006b, 0x022107b7, 0x82a382ea, 
    0x20af8203, 0x2203868f, 0x82c302a7, 0x0068261f, 0x0068035d, 0x26038258, 0x00a8035d, 0x82b50343, 0x82078303, 0x11022303, 0x73829f00, 0x0327ff84, 
    0x02bd0014, 0x867e005a, 0x02832803, 0x03860059, 0x829900de, 0x03982803, 0x01c30016, 0x826d0099, 0x44a0202b, 0x0f830723, 0x1f2ae782, 0x2f005403, 
    0x1800ed04, 0x6b821f03, 0x8600da36, 0x8400bf01, 0x68006102, 0x3200eb01, 0x80003102, 0x32007a02, 0x04290b83, 0x04f200e2, 0x045200e7, 0x081382e8, 
    0xadff2b26, 0xac002e02, 0x4d002402, 0x51006d06, 0x40006004, 0xa900b402, 0x8700d105, 0x5d000000, 0xdb009704, 0x5000d501, 0x23174b43, 0x3000ed01, 
    0xa0242782, 0xa500ec02, 0x1d280384, 0x69032c00, 0x6903e3ff, 0x1c2c4782, 0x56024100, 0x57023100, 0x4d0229ff, 0x07820f82, 0xfc110028, 0xfa030081, 
    0x9f8203da, 0xfc18002b, 0xfc0000a1, 0xfc1600a1, 0x3207827e, 0xfc1500a9, 0xfd1c00d1, 0x00cb0304, 0x004e0232, 0x82500300, 0x00602803, 0x005d0221, 
    0x829203a3, 0x828782bb, 0x2302826b, 0x00007002, 0xe8200384, 0x0c232182, 0x82030000, 0x22fd8283, 0x82780300, 0x829c200b, 0x82b42003, 0x82d82003, 
    0x00f82403, 0x821c0400, 0x82402003, 0x82582003, 0x827c2003, 0x82a02003, 0x82c42003, 0x243b8203, 0x00000c05, 0x213b8205, 0x07824805, 0x03826c20, 
    0x03829020, 0x05203b82, 0x05253b82, 0x060000fc, 0x20038220, 0x82038254, 0x82062057, 0xc0062157, 0xe4240b82, 0x18070000, 0x28200382, 0x4c200382, 
    0x8b820382, 0x82940721, 0x82b82007, 0x00dc2303, 0x9f820800, 0x00240824, 0x53820800, 0x53820820, 0x53820820, 0x53820820, 0x53820820, 0x00980925, 
    0x82bc0900, 0x82cc2003, 0x00f02403, 0x82140a00, 0x209b8203, 0x2027820a, 0x201b820a, 0x2097820a, 0x2417820a, 0x00001c0b, 0x213f820b, 0x0782740b, 
    0x03828c20, 0x0000ec23, 0x205f820c, 0x205f820c, 0x245f820d, 0x0000100d, 0x2053820d, 0x2053820d, 0x2ca7820d, 0x0000200e, 0x0000440e, 0x00003c0f, 
    0x2193820f, 0x07825c0f, 0x10201782, 0x10206782, 0x11204f82, 0x11246782, 0x11000038, 0x11211782, 0x82078280, 0x8212203b, 0x3c13286f, 0x4c130000, 
    0x82130000, 0xa81424d7, 0x82140000, 0x8214202f, 0x8215202f, 0x8215202f, 0x5015242f, 0x82150000, 0x82152083, 0xa4152183, 0x9f820b82, 0x00241624, 
    0x9b821600, 0xb3821620, 0xdb821620, 0x4b821620, 0x87821620, 0x6f821620, 0x87821720, 0x37821720, 0x67821720, 0x67821720, 0x33821720, 0xef821720, 
    0x00e01725, 0x82041800, 0x82282003, 0x824c2003, 0x82782003, 0x829c2003, 0x25778203, 0x0000e418, 0x03820819, 0x03822c20, 0x19206f82, 0x19206f82, 
    0x1a208b82, 0x1a201f82, 0x1b255382, 0x1b00000c, 0x20038234, 0x20038258, 0x2003827c, 0x820382a0, 0xe81b2487, 0x821c0000, 0x821c201b, 0x821c201b, 
    0x6c1c216f, 0x8f820f82, 0x8f821c20, 0x8f821c20, 0x4f821d20, 0x2b821d20, 0x2b821d20, 0x97821e20, 0xdb821e20, 0xdb821e20, 0x00d01f29, 0x00f41f00, 
    0x82182000, 0x21ff8203, 0x07825420, 0x20208f82, 0x20206f82, 0x21298f82, 0x210000b0, 0x230000d4, 0x82038200, 0x822320eb, 0x822320eb, 0x8423215b, 
    0x97820f82, 0x47822320, 0x47822320, 0x17822420, 0x00602424, 0x17822400, 0x17822420, 0x17822420, 0x17822420, 0x00142525, 0x82382500, 0x00c82303, 
    0x23822600, 0x23822620, 0x5f822620, 0x00e02624, 0x57822700, 0xef822720, 0xb7822820, 0x00302824, 0x7b822800, 0x1b822820, 0x829c2821, 0x207b820b, 
    0x241b8228, 0x00000829, 0x20bb8229, 0x211b8229, 0x0b827c29, 0x03828c20, 0x0382b820, 0x2a241b82, 0x2a000010, 0x2a21b382, 0x20078268, 0x82038294, 
    0xec2a2533, 0x042b0000, 0x17820382, 0x33822b20, 0x4f822b20, 0x4f822b20, 0x82bc2b21, 0x20738213, 0x251b822c, 0x0000282c, 0x03824c2c, 0x03827020, 
    0x2c203782, 0x2c214f82, 0x240b82d0, 0x2d0000f4, 0x82038218, 0x822d203b, 0x822d20a7, 0xa82d21cb, 0x1f820f82, 0xbf822d20, 0xcf822d20, 0xcf822e20, 
    0xcf822e20, 0x005c2e25, 0x82802e00, 0x82a42003, 0x201b8203, 0x2077822e, 0x258f822f, 0x0000342f, 0x0382582f, 0x2f20ab82, 0x2f211b82, 0x240b82cc, 
    0x300000dc, 0x82038200, 0x82302017, 0xa0302117, 0xc0230b82, 0x82300000, 0x823120c3, 0x823120df, 0x503125df, 0x74310000, 0x98200382, 0xbc200382, 
    0xd4200382, 0xf8240382, 0x1c320000, 0x40200382, 0x64200382, 0x88200382, 0xac200382, 0xab820382, 0xab823220, 0xab823320, 0xab823320, 0xab823320, 
    0xab823320, 0xab823320, 0x00cc3324, 0xa7823300, 0xa7823420, 0x1b823420, 0x37823420, 0x57823420, 0x57823420, 0xfb823520, 0xfb823520, 0xfb823520, 
    0xbf823520, 0x006c3525, 0x82d83500, 0x202f8203, 0x202f8236, 0x20d78236, 0x20178236, 0x20d78236, 0x245f8236, 0x00000c37, 0x210b8237, 0x07829037, 
    0x37207382, 0x38201382, 0x38251382, 0x38000024, 0x82038248, 0x823820cb, 0xc43821cb, 0xe8230b82, 0x82390000, 0x203921e3, 0xc0200782, 0xe4230382, 
    0x823a0000, 0x823a20db, 0x443a21db, 0x54200b82, 0x8b820382, 0x8b823a20, 0x00ec3a25, 0x82103b00, 0x82342003, 0x218b8203, 0x0782703b, 0x03829420, 
    0x0382b820, 0x0000dc23, 0x2047823c, 0x2063823c, 0x2057823c, 0x24a3823d, 0x0000e03d, 0x20bb823e, 0x20bb823e, 0x202f823e, 0x212f823e, 0x13829c3e, 
    0x0382ac20, 0x0382bc20, 0x3f203382, 0x3f202782, 0x3f28a782, 0x3f0000b4, 0x400000cc, 0x40204b82, 0x41201782, 0x41204b82, 0x41204b82, 0x4120af82, 
    0x41202382, 0x41202382, 0x41202382, 0x41252382, 0x420000f8, 0x2003821c, 0x82038240, 0x8842219b, 0x53820782, 0xeb824220, 0xeb824220, 0x00184324, 
    0x8c824300, 0x82604321, 0x82842007, 0x82a82003, 0x25378203, 0x0000f043, 0x03821444, 0x03823820, 0x44205382, 0x44205382, 0x44215382, 0x240f82d8, 
    0x450000fc, 0x82038220, 0x5c4521a7, 0x37820782, 0x37824520, 0x37824520, 0x37824520, 0x37824620, 0x37824620, 0x1b824620, 0x00804624, 0xd3824700, 
    0x82504721, 0x20638207, 0x212b8247, 0x0b829447, 0x0382a420, 0x0000c827, 0x0000a048, 0x202f8249, 0x202f8249, 0x202f8249, 0x245b8249, 0x0000c04a, 
    0x209f824a, 0x259f824a, 0x0000e44b, 0x03820c4d, 0x4d207f82, 0x4d207f82, 0x4d206382, 0x4e206382, 0x4e203382, 0x4e203382, 0x4e203382, 0x4e206382, 
    0x4e201b82, 0x4f209b82, 0x50204f82, 0x51206b82, 0x51203382, 0x51202b82, 0x52202b82, 0x52242b82, 0x5200002c, 0x52211782, 0x20078268, 0x2003828c, 
    0x820382b0, 0xec52247f, 0x82530000, 0x305321cb, 0x2b820782, 0x9f825420, 0x37825420, 0x77825420, 0x00085524, 0x1b825500, 0x82445521, 0x20378207, 
    0x20378255, 0x24378255, 0x00003456, 0x20738256, 0x249f8256, 0x00009857, 0x20fb8257, 0x20638258, 0x287b8258, 0x0000c458, 0x0000e858, 0x207f8259, 
    0x21538259, 0x0b825459, 0x03827820, 0x03829c20, 0x5920a382, 0x5920a382, 0x5a206782, 0x5a202f82, 0x5a20bf82, 0x5a20bf82, 0x5a244b82, 0x5a0000a4, 
    0x5a208f82, 0x5b248f82, 0x5b000010, 0x5b216382, 0x20078258, 0x8203827c, 0x825b2057, 0x825b2057, 0x825c2057, 0x825c2057, 0x825c2057, 0x825c2057, 
    0x825c2057, 0x825d2057, 0x825d2047, 0xbc5d2887, 0xe05d0000, 0x825e0000, 0x825e2033, 0x825e2033, 0x825e2033, 0x825f2033, 0x825f2033, 0x825f2033, 
    0xdc5f2533, 0x00600000, 0x24200382, 0x3c200382, 0x13820382, 0x82646021, 0x257b8207, 0x00004c61, 0x03827061, 0x03829420, 0x0382b820, 0x62202b82, 
    0x62202b82, 0x62252b82, 0x62000048, 0x2403826c, 0x63000090, 0x82038228, 0x60632173, 0x84200782, 0xff820382, 0x82cc6321, 0x20d78207, 0x20d78264, 
    0x201b8264, 0x20d78264, 0x241b8264, 0x0000ac64, 0x24878264, 0x00004065, 0x21678265, 0x07828865, 0x65211382, 0x240782d0, 0x660000f4, 0x82038218, 
    0x8266201f, 0x8266206b, 0x826720fb, 0x82682033, 0x82682023, 0x826820bf, 0x82682083, 0xfc682427, 0x82690000, 0x2c692157, 0x44200782, 0x5b820382, 
    0x82746921, 0x828c2007, 0x20238203, 0x20238269, 0x20e78269, 0x20ab826a, 0x204f826a, 0x20eb826a, 0x20af826a, 0x209f826a, 0x254f826a, 0x00009c6a, 
    0x0382b46a, 0x6a21a382, 0x820782e4, 0x826b204f, 0x826b204f, 0x826b204f, 0x826b204f, 0x7c6b244f, 0x826b0000, 0x826b20f7, 0x826c209b, 0x826c202b, 
    0x826c2093, 0x826c2093, 0x686e25a3, 0x806e0000, 0x98200382, 0xeb820382, 0x47826f20, 0x47826f20, 0x47826f20, 0x47827020, 0xdb827020, 0x00587025, 
    0x82707000, 0x20bb8203, 0x20bb8270, 0x20978270, 0x20978270, 0x20238270, 0x20238271, 0x206b8271, 0x206b8271, 0x206b8271, 0x20bb8271, 0x25bb8271, 
    0x0000a471, 0x0382c871, 0x0382e020, 0x0000f824, 0x03821072, 0x03822820, 0x72204f82, 0x72204f82, 0x72204f82, 0x72204f82, 0x72204f82, 0x72204f82, 
    0x73244f82, 0x730000c0, 0x74207b82, 0x76240382, 0x76000008, 0x76215782, 0x82078250, 0x82772053, 0x8277203b, 0x82782027, 0x58792433, 0x82790000, 
    0x8379203f, 0x203f820b, 0x20178279, 0x253f8279, 0x0000f079, 0x0382007a, 0x7b206b82, 0x7b240782, 0x7c000024, 0x7d204782, 0x7e204782, 0x7f200382, 
    0x7f20a382, 0x7f24a382, 0x7f000080, 0x7f209f82, 0x7f209f82, 0x80299f82, 0x80000004, 0x8200001c, 0x24038214, 0x84000034, 0x2403827c, 0x850000b0, 
    0x24038254, 0x8600006c, 0x82038264, 0x94862113, 0xac200782, 0xc4200382, 0xdc200382, 0xf4240382, 0x0c870000, 0x67820382, 0x823c8721, 0x202f8207, 
    0x212f8287, 0x0b828487, 0x03829c20, 0x8720cf82, 0x8820cb82, 0x88205f82, 0x8820bf82, 0x8820fb82, 0x8824bb82, 0x88000070, 0x8820bb82, 0x8820bb82, 
    0x8820bb82, 0x4b822383, 0x4b828920, 0x4b828920, 0x4b828920, 0x13828920, 0x00608a24, 0x13828b00, 0x73828b20, 0x5b828c20, 0xdf828c20, 0xa3828d20, 
    0xcb828d20, 0x23828d20, 0x13828d20, 0x00788d24, 0x6b828d00, 0x00b48d24, 0x33828e00, 0x47828f20, 0x00189025, 0x82309000, 0x82482003, 0x20438203, 
    0x21238290, 0x0b829090, 0x0382a820, 0x91209382, 0x92241382, 0x92000074, 0x92252f82, 0x930000fc, 0x23038220, 0x940000ec, 0x9524b782, 0x96000050, 
    0x96201f82, 0x97246b82, 0x980000d4, 0x99200782, 0x99257382, 0x99000038, 0x2003825c, 0x20038280, 0x200382a4, 0x820382c8, 0x109a2433, 0x829a0000, 
    0x829a203f, 0x829a201f, 0x829a20fb, 0x829a2043, 0x829a208f, 0xcc9a218f, 0xf8241b82, 0x1c9b0000, 0x8b820382, 0x57829b20, 0x8b829b20, 0x8b829b20, 
    0x8b829b20, 0x8b829b20, 0x82d89b21, 0x20b3821b, 0x20e7829c, 0x20fb829c, 0x20d7829c, 0x20d7829c, 0x2067829c, 0x2067829c, 0x2063829c, 0x2063829d, 
    0x2017829d, 0x203f829d, 0x203f829d, 0x243f829d, 0x0000b89d, 0x2033829e, 0x2033829e, 0x206b829e, 0x206b829e, 0x20cf829e, 0x20cf829e, 0x25af829f, 
    0x00002c9f, 0x03824c9f, 0xa0241b82, 0xa0000044, 0xa020bb82, 0xa0205382, 0xa0205382, 0xa020bb82, 0xa1245782, 0xa1000074, 0xa220e382, 0xa2204782, 
    0xa2204782, 0xa220a382, 0xa2256382, 0xa30000c4, 0x82038258, 0x18a42497, 0x82a40000, 0x82a4207b, 0x82a42093, 0x82a420df, 0x82a4207b, 0xe8a4241f, 
    0x82a50000, 0x70a52137, 0x13820782, 0x82b0a521, 0x244b8207, 0x0000d0a6, 0x203782a6, 0x243782a7, 0x000030a7, 0x205382a7, 0x213782a7, 0x0b82a0a7, 
    0xa7203782, 0xa7253782, 0xa80000f8, 0x82038238, 0x82a920ab, 0xc0aa2403, 0x82ab0000, 0x84ab2123, 0x9c200782, 0x0f820382, 0xbb82ac20, 0x0064ac24, 
    0x2782ad00, 0x2f82ad20, 0x0010af25, 0x82dcaf00, 0x25b78203, 0x000004b0, 0x03821cb0, 0x03823420, 0xb0202782, 0xb0212782, 0x200b8288, 0x820382ac, 
    0xf0b0257f, 0x68b10000, 0x07820382, 0x0008b225, 0x8220b200, 0x25478203, 0x00002cb3, 0x038244b3, 0x03825c20, 0xb321fb82, 0x2007828c, 0x200382a4, 
    0x820382bc, 0x82b320bb, 0x82b4205b, 0x24b424d3, 0x82b40000, 0x82b420f3, 0x82b420f3, 0x82b42097, 0x82b42097, 0xb4b42197, 0xcc201782, 0xe4200382, 
    0xb7820382, 0x5782b520, 0x5782b520, 0x0050b524, 0x6f82b500, 0x8280b521, 0x82982007, 0x20e78203, 0x24ab82b5, 0x0000f4b5, 0x204f82b6, 0x20bf82b7, 
    0x20af82b8, 0x205382b8, 0x20af82b8, 0x25af82b8, 0x00007cb8, 0x038294b8, 0xb820b382, 0xb8202f82, 0xb8202f82, 0xb9202f82, 0xb9202f82, 0xb9257f82, 
    0xb90000c8, 0x820382d8, 0x82ba20c3, 0xa8ba28c3, 0xc0ba0000, 0x82bb0000, 0x90bc245f, 0x82bd0000, 0x82bd206f, 0x82bd206f, 0x82bd200f, 0x82be201b, 
    0x82bf2013, 0x82c02013, 0x82c12007, 0x82c12093, 0x00c2244f, 0x82c20000, 0x48c3241b, 0x82c30000, 0x04c424e7, 0x82c40000, 0x82c420cb, 0xb4c421cb, 
    0xcb820b82, 0xcb82c420, 0xcb82c420, 0x0014c524, 0x3782c500, 0x9b82c520, 0x0088c524, 0x7382c600, 0x008cc62c, 0x0034c700, 0x0010c800, 0x4b82c900, 
    0x8218c921, 0x82302007, 0x214f8203, 0x078260c9, 0x03827820, 0xc9206f82, 0xc9204b82, 0xc9204b82, 0xca204b82, 0xca252b82, 0xcb000020, 0x27038228, 
    0xcc0000d4, 0xcd0000b8, 0xcd203782, 0xce207382, 0xce25ff82, 0xcf0000c0, 0x2403821c, 0xd10000e0, 0x82038244, 0x82d220fb, 0x7cd22573, 0xa0d20000, 
    0x2f820382, 0xbb82d220, 0x6f82d320, 0x0024d324, 0x6b82d300, 0x826cd321, 0x245b8207, 0x000074d4, 0x219382d4, 0x0782b0d4, 0x0382c820, 0x0000ec23, 
    0x206f82d5, 0x21a382d5, 0x0b8258d5, 0xd6204382, 0xd6207b82, 0xd624c782, 0xd7000050, 0xd8206f82, 0xd8204782, 0xd8208782, 0xd9202b82, 0xd920ff82, 
    0xd9207b82, 0xd9242f82, 0xd900004c, 0xd9207782, 0xd9213382, 0x200b8294, 0x820382ac, 0x82d9208b, 0xf4d9257b, 0x0cda0000, 0x7f820382, 0x4382da20, 
    0x8260da21, 0x8284200b, 0x82a82003, 0x20bf8203, 0x255482da, 0x0000fcda, 0x038214db, 0x03822c20, 0xdb21c782, 0x8207825c, 0x98db219f, 0x1b820782, 
    0x1b82dc20, 0x2f82dc20, 0x2f82dc20, 0x2f82dc20, 0x00f0dc24, 0x1382dd00, 0x2f82dd20, 0x2f82dd20, 0x2f82dd20, 0x8280dd21, 0x202f8213, 0x20cf82dd, 
    0x20cf82dd, 0x20a382dd, 0x20a382de, 0x25a382de, 0x0000a0de, 0x0382b8de, 0x0382dc20, 0xdf208f82, 0xdf208f82, 0xdf208f82, 0xdf258f82, 0xdf000054, 
    0x8203826c, 0x9cdf2193, 0xb4200782, 0xcc200382, 0xe4240382, 0x08e00000, 0xd7820382, 0xcb82e020, 0x3b82e020, 0xff82e120, 0x2382e120, 0x2382e120, 
    0x3782e220, 0x3782e220, 0x3782e220, 0x1382e220, 0x1383e220, 0xe2209b82, 0xe3209b82, 0xe325bb82, 0xe300008c, 0x820382a4, 0x58e42517, 0xd0e40000, 
    0xe8230382, 0x82e50000, 0x82e6208b, 0x70e6250f, 0x88e60000, 0x0f830382, 0xe6209b82, 0xe6201f82, 0xe7201f82, 0xe7209b82, 0xe7209b82, 0xe7249b82, 
    0xe700004c, 0xe7217f82, 0x2007827c, 0x23038294, 0xe80000ac, 0xe8211782, 0x82078260, 0xa8e82177, 0xc0240782, 0x14e90000, 0x73820382, 0xff82e920, 
    0x1f82ea20, 0xbb82ea20, 0x0080eb24, 0x0f82eb00, 0x82b0eb21, 0x82c82007, 0x00e02403, 0x8204ec00, 0x82282003, 0x20738203, 0x240f82ec, 0x000034ed, 
    0x240782ed, 0x000050ee, 0x20c382ee, 0x200f82ef, 0x208382ef, 0x209b82f0, 0x205382f1, 0x204b82f1, 0x207f82f1, 0x20a782f1, 0x207b82f1, 0x25a382f1, 
    0x0000f4f1, 0x038218f2, 0xf2201b82, 0xf2208782, 0xf2208782, 0xf2201b82, 0xf320fb82, 0xf3255f82, 0xf3000030, 0x8203825c, 0x82f32033, 0x82f320fb, 
    0x82f4205f, 0x82f420d3, 0x82f420d3, 0x82f52087, 0x8cf5244f, 0x82f50000, 0x82f62097, 0x82f62043, 0x82f720fb, 0x20f72437, 0x82f70000, 0x40f82547, 
    0x58f80000, 0x68200382, 0x6f820382, 0x0b82f920, 0xcf82f920, 0xa382fa20, 0x6f82fa20, 0x0078fa24, 0x8382fa00, 0x0094fb24, 0x2f82fb00, 0x0044fc25, 
    0x82c4fc00, 0x00dc2403, 0x8200fd00, 0x24f78203, 0x000010fe, 0x246782fe, 0x00007cfe, 0x215b82ff, 0x07821cff, 0x01009424, 0x03824400, 0x0100e02c, 
    0x01009801, 0x01007c02, 0x03820003, 0x03821820, 0x03823020, 0x0100e828, 0x01002805, 0x03824006, 0x0100f023, 0x211b8207, 0x07828407, 0x01009c28, 
    0x01006408, 0x03826c09, 0x09200f82, 0x09210f82, 0x200b82b4, 0x200382cc, 0x240382e4, 0x0a0100fc, 0x20038214, 0x8203822c, 0x5c0a215f, 0x5b820782, 
    0x27820a20, 0x82bc0a21, 0x82dc200b, 0x25238203, 0x01001c0b, 0x03823c0b, 0x0b211f82, 0x20078274, 0x2003828c, 0x200382ac, 0x820382c4, 0x820b2047, 
    0x820c2023, 0x820c2023, 0x500d2587, 0x080e0100, 0x63820382, 0x1b820e20, 0x00a00f28, 0x00b00f01, 0x37821001, 0xab821120, 0x00341225, 0x824c1201, 
    0x20978203, 0x206b8212, 0x20db8212, 0x204b8212, 0x204b8212, 0x246f8212, 0x01008013, 0x20938214, 0x20938214, 0x20938214, 0x20738214, 0x203b8214, 
    0x21738214, 0x1b82a414, 0x14219782, 0x240782d4, 0x150100ec, 0x20038204, 0x82038224, 0x82152027, 0x8215204f, 0x821520e3, 0x82152023, 0x8215204b, 
    0x8216207b, 0x8216201f, 0x8216201f, 0x821620bb, 0x82162047, 0x82162047, 0x8217206f, 0x83172087, 0x20778207, 0x202b8217, 0x25778217, 0x0100f417, 
    0x03820c18, 0x18202f82, 0x18212f82, 0x200b8254, 0x8203826c, 0x9c182153, 0xb4200782, 0xd3820382, 0x57821820, 0xef821820, 0xa3821920, 0xa3821920, 
    0x0b821920, 0x93821a20, 0x83821b20, 0x1b821b20, 0x0f821b20, 0x1b821c20, 0x00381c24, 0x2f821c01, 0x77821d20, 0xaf821d20, 0x1b821d20, 0x1b821d20, 
    0x1b821e20, 0x37821e20, 0x2f821e20, 0x1b821e20, 0x93821e20, 0xdb821e20, 0xb7821e20, 0x47821e20, 0x2b821e20, 0xdb821e20, 0xbb821f20, 0x001c1f25, 
    0x82341f01, 0x824c2003, 0x24df8203, 0x01007c1f, 0x20bb8220, 0x251f8220, 0x01007021, 0x03822822, 0x03824020, 0x03825820, 0x88200f83, 0xa0200782, 
    0xb8200382, 0xd0200382, 0xe8240382, 0x00230100, 0x18200382, 0x8f820382, 0x27822320, 0x82782321, 0x8298200b, 0x21238203, 0x0782d823, 0x0100f823, 
    0x201f8224, 0x211f8224, 0x0b825024, 0x24204782, 0x24244782, 0x250100a8, 0x26255b82, 0x2601000c, 0x820382ac, 0x3c272573, 0x68270100, 0x33820382, 
    0xb3822820, 0xb3822820, 0x4f822920, 0xe7822920, 0x1f822920, 0x00542a24, 0xbf822a01, 0x0b822a20, 0x47822b20, 0xf3822b20, 0xbb822c20, 0xbb822c20, 
    0xbb822c20, 0x33822c20, 0x33822c20, 0x00b42c24, 0x33822c01, 0xdb822d20, 0x00c42d28, 0x00dc2d01, 0xcb822e01, 0x83822e20, 0xaf822f20, 0x7b822f20, 
    0x00c02f24, 0x9f822f01, 0x00f02f24, 0x73823001, 0x82803021, 0x203b8207, 0x247b8230, 0x01001031, 0x200f8231, 0x202b8232, 0x20bb8232, 0x204f8232, 
    0x20bb8233, 0x24278233, 0x01004834, 0x29338234, 0x0100f435, 0x01007436, 0x03820837, 0x38207782, 0x39206b82, 0x39201f82, 0x3a245382, 0x3a0100d0, 
    0x3b202382, 0x3c243382, 0x3c010044, 0x3d20a782, 0x3e24c782, 0x3f01006c, 0x4020b782, 0x40245382, 0x410100c8, 0x42248782, 0x42010058, 0x42208b82, 
    0x43203782, 0x4420ab82, 0x4520cf82, 0x47288382, 0x4701001c, 0x490100e8, 0x4a204382, 0x4b243782, 0x4c010040, 0x4d206782, 0x4e200f82, 0x4e206782, 
    0x50241b82, 0x51010090, 0x5220b382, 0x52208782, 0x53206f82, 0x53208b82, 0x5320f782, 0x54240b82, 0x550100e0, 0x56244782, 0x56010084, 0x57248f82, 
    0x57010060, 0x58200b82, 0x58206f82, 0x59240f82, 0x5a010088, 0x5b20cb82, 0x5b206782, 0x5c204f82, 0x5d245782, 0x5d01002c, 0x5e281b82, 0x5e010028, 
    0x5f0100d4, 0x5f241f82, 0x600100ec, 0x61246782, 0x61010014, 0x6121bb82, 0x83078280, 0x82a0200f, 0x82b02007, 0x20bb8203, 0x20338261, 0x206f8261, 
    0x20778261, 0x201b8262, 0x20778262, 0x208b8263, 0x20e78263, 0x254b8263, 0x01003863, 0x03825863, 0x63206782, 0x6321c382, 0x820b82bc, 0xfc632557, 
    0x0c640100, 0x6b820382, 0x4f826520, 0x4f826520, 0x4f826520, 0x00dc6524, 0x43826501, 0x73826620, 0x00306625, 0x824c6601, 0x213b8203, 0x07827c66, 
    0x03829820, 0x0382a820, 0x0382b820, 0x0382c820, 0x0382d820, 0x0382e820, 0x67202f82, 0x67207382, 0x67207382, 0x67207382, 0x67207382, 0x6720bf82, 
    0x67207782, 0x67253b82, 0x67010078, 0x82038294, 0xcc672163, 0x33820782, 0x00046825, 0x82206801, 0x823c2003, 0x21278203, 0x07827468, 0x6821bf82, 
    0x820782ac, 0xe468215b, 0xf4200782, 0x6a20038d, 0x6a242b82, 0x6a010080, 0x6b20bf82, 0x6b293f82, 0x6b01006c, 0x6c010084, 0x20038244, 0x8203825c, 
    0x606d2843, 0x2c6e0100, 0x826f0100, 0x886f2187, 0x2b820782, 0x8f827020, 0xbb827020, 0x53827020, 0x2b827120, 0x00107228, 0x00e07201, 0x43827501, 
    0x83827520, 0x57827520, 0x83827520, 0x3f827520, 0x83827520, 0x83827520, 0x83827520, 0x5b827620, 0x13827720, 0x0f827720, 0xb3827720, 0x47827820, 
    0x00707824, 0x0f827801, 0x0f827820, 0x00247924, 0x6f827901, 0x13827920, 0x2f827920, 0x00547a24, 0x3f827a01, 0xe7827a20, 0x00147b25, 0x827c7b01, 
    0x82a82003, 0x82c42003, 0x256f8203, 0x0100fc7b, 0x0382187c, 0x03823420, 0x03825020, 0x7c20bf82, 0x7c21a382, 0x200b82a4, 0x230382c0, 0x7d0100dc, 
    0x7d203782, 0x7d208b82, 0x7d204782, 0x7d203b82, 0x7d251782, 0x7e0100d8, 0x82038208, 0x827e20d3, 0x827e201b, 0x827e206f, 0x827e201b, 0x827e201b, 
    0x827f2057, 0x827f201b, 0x827f209b, 0x827f2053, 0xb47f251b, 0xcc7f0100, 0xfb820382, 0x6b828020, 0x97828020, 0x6b828020, 0x53828020, 0x33828020, 
    0x00f08024, 0xf7828101, 0x82408121, 0x20bf8207, 0x24178281, 0x0100f881, 0x210b8282, 0x07827882, 0x82200f82, 0x8220b382, 0x8320af82, 0x83283b82, 
    0x840100b8, 0x85010010, 0x85206382, 0x85201b82, 0x86205b82, 0x8720c782, 0x87257782, 0x890100ac, 0x82038230, 0x828a206b, 0x248a240f, 0x828a0100, 
    0x5c8a2157, 0x4b820782, 0x82948a21, 0x82b02007, 0x25338203, 0x0100e88a, 0x0382048b, 0x8b217b82, 0x8207823c, 0x828b20cb, 0x008c258f, 0x688c0100, 
    0x97820382, 0x00448d28, 0x00bc8d01, 0x43828e01, 0x7b828f20, 0x00809028, 0x00a49101, 0xef829201, 0x7f829320, 0x00989424, 0x3b829501, 0x000c9624, 
    0x27829601, 0x03829720, 0xf7829820, 0x03839920, 0x0100d828, 0x0100649a, 0x0382149b, 0x03827420, 0x9c207382, 0x9e209782, 0x9e200f82, 0x9f207b82, 
    0x9f209382, 0xa024af82, 0xa0010034, 0xa1249782, 0xa101006c, 0xa2207f82, 0xa324e782, 0xa40100d4, 0xa5246f82, 0xa501002c, 0xa6205382, 0xa7204782, 
    0xa7299382, 0xa80100f4, 0xa901007c, 0x8203821c, 0x82a92087, 0x88aa24a3, 0x82aa0100, 0x82ab2007, 0x10ac243f, 0x82ac0100, 0x82ad20df, 0x82ad2093, 
    0x82ae2063, 0x08af2457, 0x82af0100, 0xf8af253f, 0x78b00100, 0x43820382, 0x5b82b120, 0x00e4b124, 0x1f82b201, 0x0f82b220, 0x0070b32c, 0x0048b401, 
    0x004cb501, 0x9782b601, 0x1382b620, 0x00c4b724, 0x6382b801, 0xe382b920, 0x4f82ba20, 0x0b82ba20, 0x00b4bb24, 0xfb82bc01, 0x2782bd20, 0x009cbd24, 
    0x2782bd01, 0x0040be25, 0x828cbe01, 0x244f8203, 0x010020bf, 0x214b82bf, 0x078290bf, 0xbf218782, 0x820782d0, 0x82c0209b, 0x30c02597, 0x50c00100, 
    0x1f820382, 0x1f82c020, 0x1f82c020, 0x1f82c020, 0x1f82c020, 0x1f82c120, 0x1f82c120, 0x1f82c120, 0x1f82c120, 0x1f82c120, 0x1f82c120, 0x1f82c120, 
    0x1f82c120, 0x1f82c220, 0x1f82c220, 0x1f82c220, 0x1f82c220, 0x1f82c220, 0x1f82c220, 0x1f82c220, 0x1f82c220, 0x1f82c320, 0x1f82c320, 0x1f82c320, 
    0x1f82c320, 0x1f82c320, 0x1f82c320, 0x1f82c320, 0x1f82c320, 0x1f82c420, 0x1f82c420, 0x1f82c420, 0x1f82c420, 0x1f82c420, 0x1f82c420, 0x1f82c420, 
    0x1f82c420, 0x1f82c520, 0x1f82c520, 0x1f82c520, 0x1f82c520, 0x1f82c520, 0x00c8c525, 0x8234c601, 0x00c02403, 0x8208c701, 0x00602403, 0x820cc801, 
    0x28338203, 0x010078c9, 0x0100e8c9, 0x242f82ca, 0x0100fcca, 0x244382cb, 0x010084cc, 0x201b82cc, 0x255782cd, 0x0100a4ce, 0x03823ccf, 0xcf254782, 
    0xd00100cc, 0x20038224, 0x82038274, 0x14d1240b, 0x82d10100, 0xacd12537, 0x00d20100, 0x20200382, 0x40200382, 0x5f820382, 0x8280d221, 0x82a02007, 
    0x24738203, 0x0100e0d2, 0x201f82d3, 0x201f82d3, 0x201f82d3, 0x201f82d3, 0x201f82d3, 0x201f82d3, 0x201f82d3, 0x201f82d3, 0x201f82d4, 0x201f82d4, 
    0x201f82d4, 0x201f82d4, 0x201f82d4, 0x251f82d4, 0x0100ecd4, 0x038228d5, 0x03824820, 0x03826820, 0xd5208782, 0xd5203382, 0xd620a782, 0xd6202f82, 
    0xd6207f82, 0xd6202b82, 0xd620ab82, 0xd7204782, 0xd720ff82, 0xd7204382, 0xd720fb82, 0xd7243f82, 0xd80100d0, 0xd8215b82, 0x82078230, 0x82d82057, 
    0x82d8203f, 0x82d8203f, 0x82d9203f, 0xc4da2957, 0xd4dc0100, 0x58df0100, 0xf7820382, 0x82b8df21, 0x20738207, 0x255b82e0, 0x010054e0, 0x038264e0, 
    0xe0211382, 0x200782c8, 0x240382d8, 0xe10100e8, 0x2003828c, 0x8203829c, 0xbce121f7, 0xcc200782, 0xdc200382, 0x37820382, 0x00fce125, 0x820ce201, 
    0x201b8203, 0x201b82e2, 0x251b82e2, 0x010008e3, 0x03824ce3, 0xe3207b82, 0xe4257782, 0xe4010034, 0x820382b4, 0x1ce52377, 0x03bf0100, 0x0044e625, 
    0x825ce601, 0x82742003, 0x20c38203, 0x209b82e6, 0x20e382e6, 0x200f82e7, 0x209382e7, 0x20c382e8, 0x248b82e8, 0x01002ce9, 0x241b82e9, 0x010014ea, 
    0x25c382ea, 0x0100e4ea, 0x038250eb, 0xec241b82, 0xec010040, 0xed200782, 0xed200782, 0xee200782, 0xef203b82, 0xef202f82, 0xf020fb82, 0xf0205f82, 
    0xf120cf82, 0xf1243782, 0xf20100a0, 0xf2241782, 0xf30100d8, 0xf3206b82, 0xf3200f82, 0xf3202f82, 0xf4240f83, 0x10f40100, 0x1f820382, 0x8248f421, 
    0x21778207, 0x078280f4, 0xf4207382, 0xf4204782, 0xf420ef82, 0xf525ff82, 0xf501000c, 0x82038228, 0x60f52157, 0x7c200782, 0x5f820382, 0x3f82f520, 
    0x0020f624, 0x9382f601, 0x7f82f620, 0x8294f621, 0x00e0230b, 0x4f82f701, 0x2782f720, 0x0090f724, 0x8382f801, 0x0078f824, 0x2782f901, 0x2782f920, 
    0x00a4f925, 0x8230fa01, 0x205b8203, 0x201782fb, 0x248f82fb, 0x010008fc, 0x205b82fc, 0x296b82fc, 0x010058fe, 0x020098ff, 0x03823c00, 0x03829020, 
    0x0382a020, 0x0200f024, 0x03827c01, 0x0200c424, 0x03823802, 0x0200ec24, 0x03828c04, 0x0200bc24, 0x03821805, 0x02004828, 0x0200e809, 0x0382500a, 
    0x0200b823, 0x2d2b820b, 0x0200240c, 0x0200d40c, 0x0200780d, 0x0382200e, 0x0f241782, 0x0f020014, 0x0f200f82, 0x10251782, 0x1002002c, 0x23038288, 
    0x110200e0, 0x11250b82, 0x1202009c, 0x23038208, 0x13020094, 0x13202782, 0x14208382, 0x15241f82, 0x15020010, 0x15213f82, 0x82078230, 0x60152167, 
    0x43820782, 0x9b821520, 0x82a81521, 0x82c0200b, 0x82d82003, 0x20a38203, 0x203f8216, 0x202b8216, 0x20a38216, 0x258b8216, 0x02006816, 0x03828016, 
    0x16214b82, 0x200782b0, 0x820382c8, 0xf816246f, 0x82170200, 0x28172157, 0x40200782, 0x58200382, 0x70200382, 0x6f820382, 0xef821720, 0xab821720, 
    0x82d01721, 0x24d3820f, 0x02000018, 0x20e38218, 0x207f8218, 0x207f8218, 0x207f8218, 0x207f8218, 0x207f8218, 0x207f8218, 0x207f8218, 0x207f8218, 
    0x207f8218, 0x207f8219, 0x207f8219, 0x207f8219, 0x207f8219, 0x247f8219, 0x02008c19, 0x207b8219, 0x20f38219, 0x20778219, 0x20eb821b, 0x201b821b, 
    0x2473821c, 0x02007c1c, 0x206f821c, 0x206f821c, 0x206f821c, 0x246f821c, 0x02000c1d, 0x216b821d, 0x0782541d, 0x1d206782, 0x1d206782, 0x1d206782, 
    0x1d206782, 0x1d206782, 0x1e206782, 0x1e206782, 0x1e206782, 0x1e206782, 0x1e204b82, 0x1e206782, 0x1e20e782, 0x1e20e782, 0x1e206b82, 0x1e20e782, 
    0x1e20e782, 0x1f246f82, 0x1f020010, 0x1f20e782, 0x1f20e782, 0x1f207382, 0x1f20e782, 0x1f20e782, 0x1f207782, 0x1f207782, 0x1f207782, 0x20207782, 
    0x2024e782, 0x20020018, 0x20207b82, 0x2020e782, 0x2021e782, 0x820f8278, 0x8220207f, 0x8220207f, 0x8220207f, 0x8220207f, 0x8221207f, 0x8221207f, 
    0x8221207f, 0x8221207f, 0x8221207f, 0x8221207f, 0x8221207f, 0x8221207f, 0x8221207f, 0xec21247f, 0x82220200, 0x3422217b, 0x77820782, 0x83822320, 
    0x004c2324, 0x17822302, 0x17822420, 0x17822420, 0x0f822420, 0x00642425, 0x827c2402, 0x218f8203, 0x0782c424, 0x25258b82, 0x2502000c, 0x20038224, 
    0x2003823c, 0x20038254, 0x2003826c, 0x20038284, 0x2003829c, 0x200382b4, 0x200382cc, 0x240382e4, 0x260200fc, 0x20038214, 0x2003822c, 0x20038244, 
    0x2003825c, 0x82038274, 0x82272043, 0x822720a3, 0x8227209f, 0xdc272853, 0xf4270200, 0x82280200, 0x8228204b, 0x8229209f, 0x8229205f, 0x8229206f, 
    0x822920d3, 0x822a20cf, 0x822a206b, 0x822a20a3, 0x822a2087, 0x822a2017, 0x822a2033, 0x822b2043, 0x302b2427, 0x822b0200, 0x782b2137, 0x7f820782, 
    0x82d02b21, 0x244b8207, 0x0200182c, 0x219f822c, 0x0782602c, 0x2c219b82, 0x820782a8, 0x822c2097, 0x822d204f, 0x822d2093, 0x822d207b, 0x802d258f, 
    0xa42d0200, 0xc8200382, 0xaf820382, 0x00202e24, 0xab822e02, 0x82682e21, 0x828c2007, 0x20838203, 0x20cb822e, 0x20af822f, 0x24c7822f, 0x0200502f, 
    0x21c3822f, 0x0782982f, 0x0382bc20, 0x0200e024, 0x03820430, 0x30204f82, 0x30204f82, 0x30204f82, 0x30214f82, 0x821382d8, 0x8231204f, 0x8231204f, 
    0x8231204f, 0x8231204f, 0x8231204f, 0xd43129df, 0xf8310200, 0x1c320200, 0x40200382, 0x64200382, 0x88200382, 0xac200382, 0xbf820382, 0xbf823220, 
    0xbf823320, 0xbf823320, 0xbf823320, 0xbf823320, 0xbf823320, 0xbf823320, 0xbf823320, 0xbf823420, 0x6f823420, 0x6f823420, 0x6f823420, 0x6f823420, 
    0x37823420, 0x6f823420, 0x1b823520, 0xa7823520, 0x73823520, 0x73823520, 0x73823520, 0x73823520, 0xdf823520, 0x00ec3525, 0x82103602, 0x21578203, 
    0x07825436, 0x03826c20, 0x03829020, 0x0382b420, 0x36205b82, 0x37205b82, 0x37203f82, 0x37205b82, 0x3720e782, 0x37203f82, 0x37205f82, 0x37209782, 
    0x37203f82, 0x3825eb82, 0x3802000c, 0x82038230, 0x7838213f, 0x1b820782, 0x82c43821, 0x00e82407, 0x82003902, 0x82242003, 0x203b8203, 0x203b8239, 
    0x213b8239, 0x0f829839, 0x0382bc20, 0x39203b82, 0x3a20f382, 0x3a257f82, 0x3a020028, 0x8203824c, 0x823a203f, 0x823a207f, 0xc03a21db, 0xe4230f82, 
    0x823b0200, 0x343b211f, 0x58200782, 0x7c200382, 0x94200382, 0x63820382, 0xdf823b20, 0x63823b20, 0x63823c20, 0x00183c24, 0xc3823c02, 0x82603c21, 
    0x21438207, 0x07829c3c, 0x3c21c382, 0x820782cc, 0x083d25c3, 0x203d0200, 0xc7820382, 0x8b823d20, 0x82743d21, 0x828c200b, 0x82b02003, 0x00dc2303, 
    0x1f823e02, 0x1f823e20, 0x1f823e20, 0x1f823e20, 0x1f823e20, 0xa7823e20, 0xa7823e20, 0xa7823e20, 0x00043f24, 0x1b823f02, 0x825c3f21, 0x21c38207, 
    0x0782a43f, 0x3f211b82, 0x820782d4, 0x824020c3, 0x824020a3, 0x404025c3, 0x64400200, 0x88200382, 0xa0200382, 0xc4200382, 0xa3820382, 0x000c4125, 
    0x82304102, 0x82542003, 0x209f8203, 0x209f8241, 0x20df8241, 0x20df8241, 0x247b8242, 0x02003442, 0x21df8242, 0x07827042, 0x42203b82, 0x42213b82, 
    0x820b82b8, 0x824220e3, 0x8243203f, 0x824320e3, 0x4443249f, 0x82430200, 0x82432083, 0x8243209f, 0x824320bf, 0x82432087, 0x82432087, 0xec432487, 
    0x82440200, 0x244421a7, 0x4b820782, 0x82a84421, 0x20ff8207, 0x20ff8244, 0x259f8245, 0x02006c45, 0x03821c46, 0x03823c20, 0x46205f82, 0x46205f82, 
    0x46245b82, 0x470200f8, 0x47218382, 0x8207822c, 0x824720fb, 0xb04724df, 0x82480200, 0x824820cf, 0x82482063, 0x824920ab, 0x98492477, 0x82490200, 
    0x82492067, 0x824a20b3, 0x824a20af, 0xb44a2483, 0x824a0200, 0x824a20e3, 0x404b2417, 0x824b0200, 0x7c4b2177, 0x33820782, 0x82ac4b21, 0x249b8207, 
    0x0200dc4b, 0x20b3824c, 0x20cb824c, 0x208b824c, 0x200b824d, 0x2023824d, 0x20d3824e, 0x20d3824e, 0x2063824e, 0x252b824e, 0x0200184f, 0x0382384f, 
    0x4f254382, 0x500200c0, 0x82038294, 0x825020df, 0x82502043, 0x8250205f, 0x825120df, 0x825120df, 0x825120c3, 0x4c51257f, 0x64510200, 0x4b820382, 
    0x2b825120, 0x43825120, 0x8b825120, 0x6f825120, 0x00f45125, 0x820c5202, 0x201b8203, 0x205f8252, 0x20478252, 0x20478252, 0x20438252, 0x20ff8253, 
    0x24838253, 0x0200a853, 0x20678253, 0x20b78254, 0x24738254, 0x02007054, 0x249f8254, 0x02000855, 0x20438255, 0x202b8255, 0x20f38256, 0x201f8257, 
    0x24678257, 0x02001458, 0x20638258, 0x20638258, 0x201f8258, 0x20bf8259, 0x20b38259, 0x208f825a, 0x2823825a, 0x0200cc5a, 0x0200a05b, 0x205f825c, 
    0x242b825d, 0x0200e45d, 0x207f825e, 0x206b825f, 0x208f825f, 0x20238260, 0x29678260, 0x0200d860, 0x02008061, 0x03828862, 0x63205f82, 0x64208782, 
    0x65242782, 0x66020020, 0x66214f82, 0x820782c8, 0x82672023, 0x686829b7, 0x78680200, 0x54690200, 0x74200382, 0x9c2c0382, 0x906a0200, 0x6c6b0200, 
    0x246c0200, 0xd4230382, 0x826d0200, 0x826d204b, 0x286e2413, 0x826e0200, 0x826f200f, 0x826f204f, 0x8270208b, 0x82702077, 0x827120c3, 0xb0712447, 
    0x82720200, 0x827320a7, 0x827320b3, 0x82742013, 0xbc75248f, 0x82760200, 0x3877283b, 0xfc770200, 0x82790200, 0x827a20ff, 0x847b287f, 0x087c0200, 
    0x827d0200, 0x827e2053, 0x827f209f, 0x4c81242f, 0x82810200, 0x82812097, 0x82822097, 0x8283200b, 0xc083296b, 0xd0830200, 0x40840200, 0xc4230382, 
    0x82850200, 0x2c8624ab, 0x82860200, 0xac8725f7, 0x50880200, 0x63820382, 0x53828920, 0x0f828920, 0x73828920, 0xbf828a20, 0x0b828a20, 0x00f88a25, 
    0x82108b02, 0x82442003, 0x00e02303, 0xcf828c02, 0xff828d20, 0x3b828d20, 0x7f828e20, 0x4f828e20, 0x00e88e24, 0xaf828f02, 0x3f828f20, 0x823c8f21, 
    0x2077820b, 0x20d3828f, 0x212b828f, 0x0f827c8f, 0x0382a020, 0x9020d782, 0x90247f82, 0x91020064, 0x33820383, 0x00949225, 0x82349302, 0x24b78203, 
    0x0200dc94, 0x20078294, 0x206b8295, 0x20b38295, 0x202b8295, 0x20278295, 0x243f8295, 0x02008c95, 0x203f8295, 0x20d78295, 0x25d78295, 0x0200fc95, 
    0x03821496, 0x9620c382, 0x9621bb82, 0x820b8274, 0x829620ff, 0x829620c3, 0x0c9728a3, 0xb4970200, 0x82980200, 0x8898213f, 0x7f820782, 0x82b89821, 
    0x20638207, 0x20db8298, 0x241f8299, 0x02002499, 0x202f8299, 0x2067829b, 0x2057829b, 0x2067829c, 0x2053829d, 0x250b829d, 0x0200c09e, 0x0382d09e, 
    0x9f20a382, 0x9f20d782, 0x9f24d782, 0x9f020030, 0x9f202b82, 0x9f205382, 0x9f202b82, 0x9f21bb82, 0x821382ac, 0xd49f2143, 0xbb820782, 0x0004a025, 
    0x821ca002, 0x20d38203, 0x25a782a0, 0x0200f0a0, 0x038208a1, 0x03822020, 0xa1253b82, 0xa20200e4, 0x82038268, 0x38a32433, 0x82a30200, 0x82a32023, 
    0x82a420cb, 0x82a4201f, 0x82a4205f, 0x82a42023, 0x60a52477, 0x82a60200, 0x82a6209f, 0x3ca7247f, 0x82a70200, 0x82a920fb, 0xf8a92453, 0x82aa0200, 
    0x82ac209b, 0x82ac2067, 0x54ad2527, 0x6cad0200, 0x84200382, 0x9c200382, 0xf3820382, 0x82ccad21, 0x20678207, 0x205782ad, 0x24cf82ae, 0x02002cae, 
    0x201b82ae, 0x20ab82ae, 0x24c782b0, 0x020028b0, 0x206782b0, 0x216382b0, 0x0b8278b0, 0x03828820, 0x0382a020, 0xb0205782, 0xb1206f82, 0xb124ef82, 
    0xb1020010, 0xb1212782, 0x20078248, 0x82038258, 0x82b120b3, 0x82b1202b, 0x82b1202b, 0xc8b1242b, 0x82b20200, 0x82b22027, 0x82b220b7, 0x50b221b7, 
    0x80200f82, 0x43820382, 0x82e0b221, 0x20f78207, 0x204382b3, 0x206782b3, 0x201b82b3, 0x246b82b3, 0x020070b3, 0x202382b3, 0x208382b4, 0x20a382b4, 
    0x84ff82b5, 0x00982303, 0x0f82b502, 0x001cb725, 0x8264b702, 0x20ab8203, 0x20b782b8, 0x24ef82b8, 0x020044b8, 0x241382b8, 0x020074b9, 0x28fb82b9, 
    0x02005cba, 0x02007cba, 0x209782bb, 0x20f782bb, 0x25af82bb, 0x02004cbc, 0x0382d0bc, 0x23820b83, 0x0008bd24, 0xaf82bd02, 0x9f82be20, 0x6f82be20, 
    0x0090be2d, 0x00e4be02, 0x0084bf02, 0x8224c002, 0x20bb8203, 0x20b782c1, 0x24d782c1, 0x02008cc1, 0x201b82c1, 0x240b82c2, 0x0200acc2, 0x204382c2, 
    0x205b82c3, 0x20eb82c3, 0x28eb82c3, 0x0200a8c3, 0x0200fcc3, 0x217782c4, 0x0782b0c4, 0xc5202b82, 0xc5209b82, 0xc5201782, 0xc5244782, 0xc50200d8, 
    0xc6203382, 0xc620a382, 0xc7208382, 0xc720ef82, 0xc8204782, 0xc820e382, 0xc9207782, 0xc9208382, 0xca250782, 0xca020004, 0x20038254, 0x820382a4, 
    0x82cb204f, 0x82cb200b, 0x82cb2027, 0x82cc203b, 0xd4cc240b, 0x82cd0200, 0xf0cd259f, 0x50cf0200, 0xec230382, 0x82d00200, 0xb8d1250f, 0x60d20200, 
    0x5b820382, 0x0782d320, 0x1f82d320, 0x1b82d420, 0x8782d520, 0x0f82d620, 0x5f82d720, 0xeb82d720, 0x1382d720, 0x7b82d820, 0x5382d820, 0x9f82d920, 
    0x00c0d924, 0xd382db02, 0x6f82dc20, 0x2b82dd20, 0x4b82de20, 0xd782df20, 0x0080e024, 0x2f82e102, 0x6f82e120, 0x0010e224, 0x4382e202, 0x00c4e224, 
    0x8382e302, 0x00b4e324, 0x0f82e402, 0x00e0e425, 0x8244e602, 0x20ef8203, 0x24c782e7, 0x020030e8, 0x20b382e8, 0x201782ea, 0x204b82eb, 0x244382ec, 
    0x0200f4ec, 0x211782ed, 0x07826ced, 0x0200f823, 0x214382ef, 0x0782d8ef, 0xf0200b82, 0xf0207782, 0xf124b782, 0xf102001c, 0xf2240782, 0xf302005c, 
    0xf324a782, 0xf40200a8, 0xf5247b82, 0xf5020028, 0xf5202f82, 0xf6208382, 0xf6206382, 0xf620bb82, 0xf7255f82, 0xf702000c, 0x8203828c, 0x82f82067, 
    0x82f8205b, 0x82f820b3, 0x82f9201b, 0xf4f9246f, 0x82fa0200, 0x82fa20df, 0x82fa201f, 0x78fb2837, 0xf0fb0200, 0x82fc0200, 0x50fc21c3, 0x90240782, 
    0x08fd0200, 0x5b820382, 0x7f82fd20, 0x00c8fd24, 0x4782fe02, 0x00b4ff29, 0x00840003, 0x821c0103, 0x86642003, 0x240f8303, 0x020300e0, 0x20038298, 
    0x200382d4, 0x240382e8, 0x030300fc, 0x20038218, 0x20038280, 0x8203829c, 0xc804240f, 0x82050300, 0x38052113, 0xb0200782, 0xf0240382, 0x10060300, 
    0xa4230382, 0x82070300, 0x94072107, 0xe4240782, 0x48080300, 0x88200382, 0x2f820382, 0x008c0929, 0x00500a03, 0x820c0b03, 0x24378203, 0x0300ac0b, 
    0x207b820c, 0x2017820c, 0x293f820c, 0x0300540d, 0x0300b80d, 0x0382240e, 0x03827420, 0x0300ec24, 0x0382440f, 0x0300d823, 0x20878210, 0x24538211, 
    0x0300c412, 0x24238213, 0x03005c14, 0x28278215, 0x03000016, 0x0300a016, 0x201b8217, 0x240f8218, 0x0300a818, 0x20538219, 0x2063821b, 0x243f821b, 
    0x0300dc1c, 0x24af821c, 0x0300681d, 0x2173821e, 0x0782581e, 0x1f20d782, 0x1f205782, 0x1f20f382, 0x1f20ef82, 0x1f203b82, 0x1f25b782, 0x200300b4, 
    0x82038204, 0x3c21245b, 0x83210300, 0x24778207, 0x0300c022, 0x24638223, 0x03003024, 0x20538224, 0x20d78225, 0x20278226, 0x206f8226, 0x20478226, 
    0x20b78226, 0x20af8226, 0x204b8226, 0x24178227, 0x03004027, 0x20538227, 0x20538227, 0x20af8227, 0x20238228, 0x20338228, 0x201b8229, 0x20338229, 
    0x200f8229, 0x206b8229, 0x2033822a, 0x2027822a, 0x20b3822a, 0x2057822a, 0x20a7822a, 0x25bb822b, 0x03002c2b, 0x03824c2b, 0x2c25e782, 0x2c030018, 
    0x82038280, 0xf02c24c7, 0x822d0300, 0x822d20d7, 0x822d201f, 0x6c2d211f, 0x5f820f82, 0x5b822d20, 0x5b822e20, 0x5b822e20, 0x4b822e20, 0x00c82e24, 
    0xb7822e03, 0x00082f25, 0x82602f03, 0x009c2303, 0x1b823003, 0x82ac3021, 0x00cc2707, 0x00783103, 0x57823203, 0x00103325, 0x82203303, 0x00d82303, 
    0xef823403, 0x0f823520, 0x67823520, 0x2f823620, 0x67823720, 0x007c3725, 0x82303803, 0x20138203, 0x252f8239, 0x03003839, 0x03824839, 0x03826820, 
    0x3a25db82, 0x3a030000, 0x82038258, 0x823b200b, 0x143c2567, 0x343c0300, 0x5f820382, 0x82983c21, 0x00f42307, 0x97823d03, 0x33823d20, 0xbb823d20, 
    0x23823e20, 0x00843e25, 0x82bc3e03, 0x241b8203, 0x0300283f, 0x204b823f, 0x20b3823f, 0x28c3823f, 0x03005040, 0x03008c40, 0x20338241, 0x211b8241, 
    0x0b827041, 0x03829420, 0x0300d023, 0x21878242, 0x07825442, 0x43200b82, 0x43208782, 0x44209b82, 0x45206382, 0x45251382, 0x45030064, 0x82038274, 
    0x8245205b, 0x8245202f, 0xb445218f, 0xc4200f82, 0xe0230382, 0x82460300, 0x82462093, 0x8246204b, 0x824720ff, 0x824720e7, 0x8248207f, 0xc8482443, 
    0x82490300, 0x82492057, 0x824a2017, 0x884a24ef, 0x824a0300, 0x824b20a7, 0x824b207b, 0xb84b29ab, 0xd84b0300, 0x244c0300, 0x3f820382, 0x00904c24, 
    0xf3824d03, 0x3b824d20, 0xf7824d20, 0x83824d20, 0x00f84d24, 0x0f824e03, 0x1f824e20, 0x00804e3d, 0x0b000001, 0x00840079, 0x0068000a, 0x00020007, 
    0x00930052, 0x0100008d, 0x820c0e0e, 0x2d1d820f, 0xb6012400, 0x01000300, 0x00000904, 0x03825000, 0x01200b85, 0xfd823182, 0x02241784, 0x5a000800, 
    0x03242386, 0x62004600, 0x04240b86, 0xa8001400, 0x05230b86, 0x82003600, 0x202f84c5, 0x20178206, 0x241786f2, 0x01540007, 0x230b8606, 0x01080008, 
    0x09234787, 0x87012000, 0x820b2047, 0x8682200b, 0x820c2023, 0x86a2200b, 0x010d240b, 0x86c20120, 0x000e240b, 0x85e20234, 0x22b4820b, 0x86160316, 
    0x0001240b, 0x862c031c, 0x0002240b, 0x8648032a, 0x0003240b, 0x86720340, 0x0004240b, 0x86b20324, 0x8205200b, 0x86d6200b, 0x8206200b, 0x86fa200b, 
    0x0007240b, 0x861e041a, 0x8208200b, 0x8638200b, 0x0009240b, 0x86520412, 0x000a240b, 0x86640410, 0x820b200b, 0x86742017, 0x000c240b, 0x8686042c, 
    0x000d230b, 0x6b870418, 0x22000e24, 0x1786ca04, 0x2e000f24, 0x0b86ec04, 0x1c001024, 0x0b861a05, 0x26001124, 0x0b863605, 0x17821220, 0x0b865c20, 
    0x12001324, 0x0b867805, 0x0b821420, 0x0b868a20, 0x00152008, 0x009c0532, 0x006f0043, 0x00790070, 0x00690072, 0x00680067, 0x00200074, 0x00300032, 
    0x82360031, 0x82542009, 0x82652011, 0x00492207, 0x2019826e, 0x22258265, 0x82500020, 0x006f2605, 0x0065006a, 0x24138263, 0x00410020, 0x20078275, 
    0x23478268, 0x00730072, 0x42202989, 0x6c261182, 0x34006400, 0x4f822e00, 0x3b205183, 0x69206182, 0x2d222b82, 0x63823900, 0x63823220, 0x45826220, 
    0x23826520, 0x3b003328, 0x53005200, 0x03824d00, 0x438a3b20, 0x87002d21, 0x20578945, 0x20138820, 0x833d8256, 0x82692073, 0x826e2069, 0x8969a5a5, 
    0x205d9549, 0x227f8255, 0x82610020, 0x8e6420f1, 0x826920f9, 0x201983df, 0x20c38220, 0x20218272, 0x207f8264, 0x2207826d, 0x826b0072, 0x006f2229, 
    0x83058266, 0x826d208f, 0x002e2127, 0x52200987, 0x73242182, 0x75006d00, 0x41203d84, 0x65205784, 0x73201d84, 0x6820b784, 0x74224d82, 0x1d827000, 
    0x2f003a22, 0x41890182, 0x5f826d20, 0x9f002f21, 0x8254201f, 0x20998521, 0x204f8446, 0x20858274, 0x20098253, 0x20578266, 0x209d8477, 0x85118265, 
    0x006c2421, 0x82630069, 0x826e2055, 0x0065226d, 0x20178264, 0x838f8875, 0x826820d5, 0x0020261b, 0x00490053, 0x201b824c, 0x2095824f, 0x211f8265, 
    0x59890020, 0x418c4c20, 0x25822c20, 0x230f8541, 0x002e0031, 0x20210383, 0x8d998900, 0x82202077, 0x82732043, 0x00612239, 0x229f8276, 0x826c0069, 
    0x82622005, 0x22a78305, 0x82690077, 0x846820b7, 0x2277831d, 0x84510041, 0x0074220b, 0x4107823a, 0x2941070b, 0x82732005, 0x007224cb, 0x82700069, 
    0x82732031, 0x82732075, 0x826c200b, 0x006f2807, 0x00670072, 0x824f002f, 0x414c20b7, 0x33ab083f, 0x6420f989, 0x67205382, 0x73229384, 0xb7844400, 
    0x6d006124, 0x15846200, 0xb7827520, 0x09827420, 0x6e006f27, 0x6f005200, 0x054b4100, 0x71002022, 0x6f200982, 0x65219382, 0x20e58300, 0x20b78226, 
    0x201d8263, 0x2037826d, 0x9b118261, 0x00202245, 0x204b8228, 0x2231826f, 0x826c0073, 0x8273205d, 0x05a741bd, 0x65007a22, 0x6f24d582, 0x43002900, 
    0x72207182, 0x6c20f982, 0x64201182, 0x68205b84, 0x72202982, 0x63200382, 0x72207384, 0x53206382, 0x61208384, 0x3d853182, 0x47826320, 0x61200d83, 
    0x74203782, 0x73214984, 0x22238b00, 0x82700020, 0x846e20b3, 0x8dd58b1d, 0x20d78b23, 0x859f8241, 0x826e2049, 0x20098379, 0x20e38220, 0x415b826e, 
    0x6620093b, 0x75201182, 0x11898382, 0xbb827320, 0x89007821, 0x826e200f, 0x2033830f, 0x2029824c, 0x223b8277, 0x822d0072, 0x82612083, 0x826520c1, 
    0x824c20d9, 0x090f4203, 0x67827420, 0x75826920, 0x33825320, 0xaf826d20, 0x07826c20, 0x03826620, 0x7521e185, 0x20919300, 0x20f78673, 0x22498270, 
    0x82550073, 0x90702035, 0x8c692065, 0x84732065, 0x0069241f, 0x82460066, 0x0061226b, 0x20918274, 0x839d8274, 0x82742041, 0x8272204d, 0x0065221f, 
    0x208b8243, 0x837b8270, 0x826c2093, 0x8e47203f, 0x00702143, 0x5320f783, 0x6e222182, 0x47826700, 0x45826520, 0x4b827320, 0x72006f24, 0x2b827900, 
    0x41826120, 0x83006f21, 0x059141c5, 0x6f822020, 0x65824320, 0x7420118b, 0x6320d194, 0xe18b798e, 0x02005323, 0x23008400, 0xbe00bdfe, 0x048e0884, 
    0x82790b21, 0x019d0c10, 0x62002400, 0xad00ae00, 0xc700c900, 0x02016300, 0x04010301, 0x06010501, 0x08010701, 0x0a010901, 0x0c010b01, 0x0e010d01, 
    0x10010f01, 0x12011101, 0x14011301, 0x16011501, 0x18011701, 0x1a011901, 0x1c011b01, 0x1e011d01, 0x20011f01, 0x22012101, 0x24012301, 0x26012501, 
    0x28012701, 0x2a012901, 0x2c012b01, 0x2e012d01, 0x30012f01, 0x32013101, 0x34013301, 0x90003501, 0x37013601, 0x25003801, 0x3a013901, 0x3c013b01, 
    0x3e013d01, 0x26003f01, 0x64004001, 0x4101fd00, 0xff004201, 0x44014301, 0x46014501, 0x47012700, 0x49014801, 0x4b014a01, 0x4d014c01, 0x4f014e01, 
    0x28005001, 0x6500cb00, 0xca00c800, 0x52015101, 0x54015301, 0x56015501, 0x58015701, 0x5a015901, 0x5c015b01, 0x5e015d01, 0x60015f01, 0x62016101, 
    0x64016301, 0x66016501, 0x68016701, 0x6a016901, 0x6c016b01, 0x6e016d01, 0x70016f01, 0x72017101, 0x74017301, 0x29007501, 0x77017601, 0x2a007801, 
    0x7a017901, 0xf8007b01, 0x7d017c01, 0x7f017e01, 0x81018001, 0x83018201, 0x85018401, 0x87018601, 0x89018801, 0x2b008a01, 0x8c018b01, 0x8e018d01, 
    0x90018f01, 0x92019101, 0x94019301, 0x96019501, 0x98019701, 0x9a019901, 0x9c019b01, 0x9e019d01, 0xa0019f01, 0xa201a101, 0xa401a301, 0xa601a501, 
    0xa801a701, 0xaa01a901, 0xac01ab01, 0x2c00ad01, 0xce00ae01, 0xb001af01, 0xcf00b101, 0xcd00cc00, 0xb301b201, 0xb501b401, 0xb601fa00, 0xb801b701, 
    0xba01b901, 0xbc01bb01, 0xbe01bd01, 0xc001bf01, 0xc201c101, 0xc401c301, 0xc601c501, 0xc801c701, 0xca01c901, 0xcc01cb01, 0xce01cd01, 0xd001cf01, 
    0xd201d101, 0xd401d301, 0xd601d501, 0xd801d701, 0xda01d901, 0xdc01db01, 0xde01dd01, 0xe001df01, 0xe201e101, 0xe401e301, 0xe601e501, 0xe801e701, 
    0xea01e901, 0xec01eb01, 0xed012d00, 0xef01ee01, 0x2e00f001, 0xf201f101, 0xf401f301, 0xf601f501, 0xf801f701, 0x2f00f901, 0xfb01fa01, 0xfd01fc01, 
    0xff01fe01, 0xe2000002, 0x02020102, 0x03023000, 0x05020402, 0x07020602, 0x09020802, 0x66003100, 0x0b020a02, 0x0d020c02, 0x0f020e02, 0x11021002, 
    0x13021202, 0x15021402, 0x17021602, 0x19021802, 0x1b021a02, 0x32001c02, 0xaf006700, 0x1d029100, 0xd000d300, 0x1e02d100, 0x20021f02, 0x22022102, 
    0x24022302, 0x26022502, 0x28022702, 0x2a022902, 0x2c022b02, 0x2e022d02, 0x30022f02, 0x32023102, 0x34023302, 0x36023502, 0x38023702, 0x3a023902, 
    0x3c023b02, 0x3e023d02, 0x40023f02, 0x42024102, 0x44024302, 0x46024502, 0x48024702, 0x4a024902, 0x3300b000, 0x4c024b02, 0x4e024d02, 0x50024f02, 
    0x51023400, 0x52023500, 0x54025302, 0x56025502, 0x58025702, 0x5a025902, 0x5c025b02, 0x36005d02, 0x5f025e02, 0xe400fb00, 0x61026002, 0x63026202, 
    0x65026402, 0x67026602, 0x37006802, 0x6a026902, 0x6c026b02, 0x6e026d02, 0x70026f02, 0x72027102, 0x74027302, 0x75023800, 0xd400d600, 0x6800d500, 
    0x77027602, 0x79027802, 0x7b027a02, 0x7d027c02, 0x7f027e02, 0x81028002, 0x83028202, 0x85028402, 0x87028602, 0x89028802, 0x8b028a02, 0x8d028c02, 
    0x8f028e02, 0x90023900, 0x3a009102, 0x93029202, 0x95029402, 0x97029602, 0x98023b00, 0x9a029902, 0x9c029b02, 0x9d023c00, 0x9e02eb00, 0x9f02bb00, 
    0xa102a002, 0xa302a202, 0xa502a402, 0xa702a602, 0xa902a802, 0xab02aa02, 0xad02ac02, 0xaf02ae02, 0xb102b002, 0xb2023d00, 0xe600b302, 0xb502b402, 
    0xb702b602, 0xb902b802, 0x4400ba02, 0xbb026900, 0xbd02bc02, 0xbf02be02, 0xc102c002, 0xc2026b00, 0xc402c302, 0xc602c502, 0x6c00c702, 0xc902c802, 
    0xcb02ca02, 0xcc026a00, 0xce02cd02, 0xd002cf02, 0xd1026e00, 0xd302d202, 0xd4026d00, 0xd602d502, 0xa000d702, 0xd902d802, 0xdb02da02, 0xdd02dc02, 
    0xdf02de02, 0xe102e002, 0xe302e202, 0xe502e402, 0xe702e602, 0xe902e802, 0xeb02ea02, 0xed02ec02, 0xef02ee02, 0xf102f002, 0xf302f202, 0xf502f402, 
    0xf702f602, 0xf902f802, 0xfa024500, 0xfc02fb02, 0xfe02fd02, 0xee00ff02, 0x00034600, 0x6f000103, 0x0203fe00, 0x07088203, 0x04035912, 0x06030503, 
    0x01014700, 0x08030703, 0x0a030903, 0x0c030b03, 0x0e030d03, 0x10030f03, 0x12031103, 0x14031303, 0x48001503, 0x16037300, 0x70007100, 0x17037200, 
    0x19031803, 0x1b031a03, 0x1d031c03, 0x1f031e03, 0x21032003, 0x23032203, 0x25032403, 0x27032603, 0x29032803, 0x2b032a03, 0x2d032c03, 0x2f032e03, 
    0x31033003, 0x32034900, 0x34033303, 0x36033503, 0x38033703, 0x3a033903, 0x4a003b03, 0x3d033c03, 0xf9003e03, 0x40033f03, 0x42034103, 0x44034303, 
    0x4b004503, 0x47034603, 0x49034803, 0x4b034a03, 0x4d034c03, 0x4f034e03, 0x51035003, 0x53035203, 0x55035403, 0x57035603, 0xd7004c00, 0x77005803, 
    0x5a035903, 0x5c035b03, 0x75005d03, 0x76007400, 0x5f035e03, 0x61036003, 0x63036203, 0x65036403, 0x67036603, 0x69036803, 0x6b036a03, 0x6d036c03, 
    0x6f036e03, 0x70034d00, 0x72037103, 0x74037303, 0x76037503, 0x77034e00, 0x79037803, 0x7b037a03, 0x7d037c03, 0x4f007e03, 0x7f03e300, 0x81038003, 
    0x83038203, 0x85038403, 0x87038603, 0x89038803, 0x8b038a03, 0x8d038c03, 0x8f038e03, 0x91039003, 0x93039203, 0x95039403, 0x97039603, 0x99039803, 
    0x50009a03, 0x9c039b03, 0x9e039d03, 0xa0039f03, 0x78005100, 0xa203a103, 0xa403a303, 0xa603a503, 0xa803a703, 0xaa03a903, 0xac03ab03, 0xae03ad03, 
    0x5200af03, 0x7d007c00, 0xb003a100, 0x79007a00, 0xb1037b00, 0xb303b203, 0xb503b403, 0xb703b603, 0xb903b803, 0xbb03ba03, 0xbd03bc03, 0xbf03be03, 
    0xc103c003, 0xc303c203, 0xc503c403, 0xc703c603, 0xc903c803, 0xcb03ca03, 0xcd03cc03, 0xcf03ce03, 0xd103d003, 0xd303d203, 0xd503d403, 0xd703d603, 
    0xd903d803, 0xb100da03, 0xdc03db03, 0xdd035300, 0xdf03de03, 0xe103e003, 0xe2035400, 0x5500e303, 0xe503e403, 0xe703e603, 0xe903e803, 0xeb03ea03, 
    0xed03ec03, 0xef03ee03, 0xf103f003, 0xf303f203, 0xf503f403, 0xf6035600, 0xf803f703, 0xfc00f903, 0xfa03e500, 0xfc03fb03, 0xfe03fd03, 0x0004ff03, 
    0x89000104, 0x03040204, 0x04045700, 0x06040504, 0x08040704, 0x0a040904, 0x0c040b04, 0x0e040d04, 0x10040f04, 0x12041104, 0x14041304, 0x16041504, 
    0x18041704, 0x1a041904, 0x1c041b04, 0x81005800, 0x1e041d04, 0x20041f04, 0x7e007f00, 0x21048000, 0x23042204, 0x25042404, 0x27042604, 0x29042804, 
    0x2b042a04, 0x2d042c04, 0x2f042e04, 0x31043004, 0x33043204, 0x35043404, 0x37043604, 0x39043804, 0x3b043a04, 0x3d043c04, 0x3f043e04, 0x41044004, 
    0x43044204, 0x45044404, 0x47044604, 0x49044804, 0x4b044a04, 0x4d044c04, 0x4f044e04, 0x51045004, 0x53045204, 0x55045404, 0x57045604, 0x59005804, 
    0x5a045904, 0x5a005b04, 0x5d045c04, 0x5f045e04, 0x61046004, 0x63046204, 0x64045b00, 0x66046504, 0x5c006704, 0x6804ba00, 0xec006904, 0x6b046a04, 
    0x6d046c04, 0x6f046e04, 0x71047004, 0x73047204, 0x75047404, 0x77047604, 0x79047804, 0x7b047a04, 0x5d007c04, 0x7e047d04, 0x80047f04, 0x82048104, 
    0x8304e700, 0x85048404, 0x8604ed00, 0x88048704, 0x8a048904, 0x8c048b04, 0x8e048d04, 0x90048f04, 0x92049104, 0x94049304, 0x96049504, 0x98049704, 
    0x9a049904, 0x9c049b04, 0x9e049d04, 0xa0049f04, 0xa204a104, 0xa404a304, 0xa604a504, 0xa804a704, 0xaa04a904, 0xac04ab04, 0xae04ad04, 0xb004af04, 
    0xb204b104, 0xb404b304, 0xb604b504, 0xb804b704, 0xba04b904, 0xbc04bb04, 0xbe04bd04, 0xc004bf04, 0xc204c104, 0xc404c304, 0xc604c504, 0xc804c704, 
    0xca04c904, 0xcc04cb04, 0xce04cd04, 0xd004cf04, 0xd104ea00, 0xd304d204, 0xd504d404, 0xd704d604, 0xd904d804, 0xdb04da04, 0xdd04dc04, 0xdf04de04, 
    0xe104e004, 0xe304e204, 0xe504e404, 0xe704e604, 0xe904e804, 0xeb04ea04, 0xed04ec04, 0xef04ee04, 0xf104f004, 0xf304f204, 0xf504f404, 0xf704f604, 
    0xf904f804, 0xfb04fa04, 0xfd04fc04, 0xff04fe04, 0x01050005, 0x03050205, 0x05050405, 0x07050605, 0x09050805, 0x0b050a05, 0x0d050c05, 0x0f050e05, 
    0x11051005, 0x13051205, 0x15051405, 0x17051605, 0x19051805, 0x1b051a05, 0x1d051c05, 0x1f051e05, 0x21052005, 0x23052205, 0x25052405, 0x27052605, 
    0x29052805, 0x2a059b00, 0x2c052b05, 0x2e052d05, 0x30052f05, 0x32053105, 0x34053305, 0x36053505, 0x38053705, 0x3a053905, 0x3c053b05, 0x3e053d05, 
    0x40053f05, 0x42054105, 0x44054305, 0x46054505, 0x48054705, 0x4a054905, 0x4c054b05, 0x4e054d05, 0x50054f05, 0x52055105, 0x54055305, 0x56055505, 
    0x58055705, 0x5a055905, 0x5c055b05, 0x5e055d05, 0x60055f05, 0x62056105, 0x64056305, 0x66056505, 0x68056705, 0x6a056905, 0x6c056b05, 0x6e056d05, 
    0x70056f05, 0x72057105, 0x74057305, 0x76057505, 0x78057705, 0x7a057905, 0x7c057b05, 0x7e057d05, 0x80057f05, 0x82058105, 0x84058305, 0x86058505, 
    0x88058705, 0x8a058905, 0x8c058b05, 0x8e058d05, 0x90058f05, 0x92059105, 0x94059305, 0x96059505, 0x84000700, 0x85009600, 0x9705a600, 0x99059805, 
    0x9b059a05, 0x9d059c05, 0x9f059e05, 0xa105a005, 0xa305a205, 0xa505a405, 0xa705a605, 0xa905a805, 0xab05aa05, 0xad05ac05, 0xf700ae05, 0xb005af05, 
    0x14001300, 0xb1051500, 0x17001600, 0xb2051800, 0x1a001900, 0x1c001b00, 0xb405b305, 0xb605b505, 0xb805b705, 0xba05b905, 0xbc05bb05, 0xbe05bd05, 
    0xc005bf05, 0xc205c105, 0xc405c305, 0xc605c505, 0xc805c705, 0xca05c905, 0xcc05cb05, 0xce05cd05, 0xd005cf05, 0xd205d105, 0xd405d305, 0xd605d505, 
    0xd805d705, 0xda05d905, 0xdc05db05, 0xde05dd05, 0xe005df05, 0xe205e105, 0xe405e305, 0xe605e505, 0xe805e705, 0xea05e905, 0xec05eb05, 0xee05ed05, 
    0xf005ef05, 0xf205f105, 0xf405f305, 0xf605f505, 0xf805f705, 0xfa05f905, 0xfb050900, 0xfc050400, 0xfd05a300, 0xfe052200, 0xa200ff05, 0x01060006, 
    0x0c000b00, 0x02063e00, 0x03064000, 0x60005e00, 0x04062300, 0x06060506, 0x08060706, 0x0a060906, 0xbd000600, 0x5f001200, 0x3f00e800, 0xb2001000, 
    0xb3000b06, 0x87000c06, 0x0e060d06, 0x10060f06, 0x12061106, 0x14061306, 0x16061506, 0x18061706, 0x1a061906, 0x1c061b06, 0xb6001d06, 0x0a00b700, 
    0xb4000500, 0xc500b500, 0x1e06c400, 0x20061f06, 0x22062106, 0x24062306, 0x26062506, 0x28062706, 0x11000f00, 0x2906ab00, 0x2a061d00, 0x1e002b06, 
    0x2c06c300, 0xbe002d06, 0xa900bf00, 0x1f00aa00, 0x94002100, 0x20009500, 0x0e008f00, 0xf000ef00, 0x9300b800, 0x6100a700, 0x2f062e06, 0x31063006, 
    0x33063206, 0x35063406, 0x37063606, 0x39063806, 0xa4003a06, 0x82004200, 0x4100c200, 0x3b060d00, 0x8b008a00, 0x3d063c06, 0x3e068c00, 0x40063f06, 
    0x42064106, 0x9d008300, 0x43069e00, 0x88004406, 0x86004506, 0x98009200, 0x9a009900, 0xa5009c00, 0xb9004606, 0x48064706, 0x4a064906, 0x4c064b06, 
    0x4e064d06, 0x50064f06, 0x52065106, 0x54065306, 0x56065506, 0x58065706, 0x5a065906, 0x5c065b06, 0x5e065d06, 0x60065f06, 0x62066106, 0x64066306, 
    0x66066506, 0x68066706, 0x6a066906, 0x6c066b06, 0x6e066d06, 0x70066f06, 0x72067106, 0x74067306, 0x76067506, 0x78067706, 0x7a067906, 0x7c067b06, 
    0x7e067d06, 0x80067f06, 0x82068106, 0x84068306, 0x86068506, 0x88068706, 0x8a068906, 0x8c068b06, 0x8e068d06, 0x90068f06, 0x92069106, 0x94069306, 
    0x96069506, 0x98069706, 0x9a069906, 0x9c069b06, 0x9e069d06, 0xa0069f06, 0xa206a106, 0xa406a306, 0xa606a506, 0xa806a706, 0xa906bc00, 0xab06aa06, 
    0xad06ac06, 0xaf06ae06, 0xb106b006, 0xb306b206, 0xb506b406, 0xb706b606, 0xb906b806, 0xbb06ba06, 0xbd06bc06, 0xbf06be06, 0xc106c006, 0xc306c206, 
    0xc506c406, 0xc706c606, 0xc906c806, 0xcb06ca06, 0xcd06cc06, 0xcf06ce06, 0xd106d006, 0xd306d206, 0xd506d406, 0xd706d606, 0xd906d806, 0xdb06da06, 
    0xdc06f400, 0xde06dd06, 0xf600f500, 0xe006df06, 0xe206e106, 0xe406e306, 0xe606e506, 0xe806e706, 0xea06e906, 0x0800eb06, 0xec06c600, 0xee06ed06, 
    0xf006ef06, 0x8d00f106, 0x4300df00, 0x8e00f206, 0xd800f306, 0xda00d900, 0xf406db00, 0xdd00dc00, 0xf506e100, 0xe000de00, 0xf706f606, 0xf906f806, 
    0xfb06fa06, 0xfd06fc06, 0xfe060300, 0x0007ff06, 0x02070107, 0x04070307, 0x06070507, 0x08070707, 0x0a070907, 0x0c070b07, 0x0e070d07, 0x10070f07, 
    0x12071107, 0x14071307, 0x16071507, 0x18071707, 0x1a071907, 0x1c071b07, 0x1e071d07, 0x20071f07, 0x22072107, 0x24072307, 0x26072507, 0x28072707, 
    0x2a072907, 0x2c072b07, 0x2e072d07, 0x30072f07, 0x32073107, 0x34073307, 0x36073507, 0x38073707, 0x3a073907, 0x3c073b07, 0x3e073d07, 0x40073f07, 
    0x42074107, 0x44074307, 0x46074507, 0x48074707, 0x4a074907, 0x4c074b07, 0x4e074d07, 0x50074f07, 0x52075107, 0x54075307, 0x56075507, 0x58075707, 
    0x5a075907, 0x5c075b07, 0x5e075d07, 0x60075f07, 0x62076107, 0x64076307, 0x66076507, 0x68076707, 0x6a076907, 0x6c076b07, 0x6e076d07, 0x70076f07, 
    0x72077107, 0x74077307, 0x76077507, 0x78077707, 0x7a077907, 0x7c077b07, 0x7e077d07, 0x80077f07, 0x82078107, 0x84078307, 0x86078507, 0x88078707, 
    0x8a078907, 0x8c078b07, 0x8e078d07, 0x90078f07, 0x92079107, 0x94079307, 0x96079507, 0x98079707, 0x9a079907, 0x9c079b07, 0x9e079d07, 0xa0079f07, 
    0xa207a107, 0xa407a307, 0xa607a507, 0xa807a707, 0xaa07a907, 0xac07ab07, 0xae07ad07, 0xb007af07, 0xb207b107, 0xb407b307, 0xb607b507, 0xb807b707, 
    0xba07b907, 0xbc07bb07, 0xbe07bd07, 0xc007bf07, 0xc207c107, 0xc407c307, 0xc607c507, 0xc807c707, 0xca07c907, 0xcc07cb07, 0xce07cd07, 0xd007cf07, 
    0xd207d107, 0xd407d307, 0xd607d507, 0xd807d707, 0xda07d907, 0xdc07db07, 0xde07dd07, 0xe007df07, 0xe207e107, 0xe407e307, 0xe607e507, 0xe807e707, 
    0xea07e907, 0xec07eb07, 0xee07ed07, 0xf007ef07, 0xf207f107, 0xf407f307, 0xf607f507, 0xf807f707, 0xfa07f907, 0xfc07fb07, 0xfe07fd07, 0x0008ff07, 
    0x02080108, 0x04080308, 0x06080508, 0x08080708, 0x0a080908, 0x0c080b08, 0x0e080d08, 0x10080f08, 0x12081108, 0x14081308, 0x16081508, 0x18081708, 
    0x1a081908, 0x1c081b08, 0x1e081d08, 0x20081f08, 0x22082108, 0x24082308, 0x26082508, 0x28082708, 0x2a082908, 0x2c082b08, 0x2e082d08, 0x30082f08, 
    0x32083108, 0x34083308, 0x36083508, 0x38083708, 0x3a083908, 0x3c083b08, 0x3e083d08, 0x40083f08, 0x42084108, 0x44084308, 0x46084508, 0x48084708, 
    0x4a084908, 0x4c084b08, 0x4e084d08, 0x50084f08, 0x52085108, 0x54085308, 0x56085508, 0x58085708, 0x5a085908, 0x5c085b08, 0x5e085d08, 0x60085f08, 
    0x62086108, 0x64086308, 0x66086508, 0x68086708, 0x6a086908, 0x6c086b08, 0x6e086d08, 0x70086f08, 0x72087108, 0x74087308, 0x76087508, 0x78087708, 
    0x7a087908, 0x7c087b08, 0x7e087d08, 0x80087f08, 0x82088108, 0x84088308, 0x86088508, 0x88088708, 0x8a088908, 0x8c088b08, 0x8e088d08, 0x90088f08, 
    0x92089108, 0x94089308, 0x96089508, 0x98089708, 0x9a089908, 0x9c089b08, 0x9e089d08, 0xa0089f08, 0xa208a108, 0xa408a308, 0xa608a508, 0xa808a708, 
    0xaa08a908, 0xac08ab08, 0xae08ad08, 0xb008af08, 0xb208b108, 0xb408b308, 0xb608b508, 0xb808b708, 0xba08b908, 0xbc08bb08, 0xbe08bd08, 0xc008bf08, 
    0xc208c108, 0xc408c308, 0xc608c508, 0xc808c708, 0xca08c908, 0xcc08cb08, 0xce08cd08, 0xd008cf08, 0xd208d108, 0xd408d308, 0xd608d508, 0xd808d708, 
    0xda08d908, 0xdc08db08, 0xde08dd08, 0xe008df08, 0xe208e108, 0xe408e308, 0xe608e508, 0xe808e708, 0xea08e908, 0xec08eb08, 0xee08ed08, 0xf008ef08, 
    0xf208f108, 0xf408f308, 0xf608f508, 0xf808f708, 0xfa08f908, 0xfc08fb08, 0xfe08fd08, 0x0009ff08, 0x02090109, 0x04090309, 0x06090509, 0x08090709, 
    0x0a090909, 0x0c090b09, 0x0e090d09, 0x10090f09, 0x12091109, 0x14091309, 0x16091509, 0x18091709, 0x1a091909, 0x1c091b09, 0x1e091d09, 0x20091f09, 
    0x22092109, 0x24092309, 0x26092509, 0xe9002709, 0x29092809, 0x2b092a09, 0x2d092c09, 0x2f092e09, 0x31093009, 0x33093209, 0x35093409, 0x37093609, 
    0x39093809, 0x3b093a09, 0x3d093c09, 0x3f093e09, 0x41094009, 0x43094209, 0x45094409, 0x47094609, 0x49094809, 0x4b094a09, 0x4d094c09, 0x4f094e09, 
    0x51095009, 0x53095209, 0x55095409, 0x57095609, 0x59095809, 0x5b095a09, 0x5d095c09, 0x5f095e09, 0x61096009, 0x63096209, 0x65096409, 0x67096609, 
    0x69096809, 0x6b096a09, 0x6d096c09, 0x6f096e09, 0x71097009, 0x73097209, 0x75097409, 0x77097609, 0x79097809, 0x7b097a09, 0x7d097c09, 0x7f097e09, 
    0x81098009, 0x83098209, 0x85098409, 0x87098609, 0x89098809, 0x8b098a09, 0x8d098c09, 0x8f098e09, 0x91099009, 0x93099209, 0x95099409, 0x97099609, 
    0x99099809, 0x9b099a09, 0x9d099c09, 0x9f099e09, 0xa109a009, 0xa309a209, 0xa509a409, 0xa709a609, 0xa909a809, 0xab09aa09, 0xad09ac09, 0xaf09ae09, 
    0xb109b009, 0xb309b209, 0xb509b409, 0xb709b609, 0xb909b809, 0xbb09ba09, 0xbd09bc09, 0xbf09be09, 0xc109c009, 0xc309c209, 0xc509c409, 0xc709c609, 
    0xc909c809, 0xcb09ca09, 0xcd09cc09, 0xcf09ce09, 0xd109d009, 0xd309d209, 0xd509d409, 0xd709d609, 0xd909d809, 0xdb09da09, 0xdd09dc09, 0xdf09de09, 
    0xe109e009, 0xe309e209, 0xe509e409, 0xe709e609, 0xe909e809, 0xeb09ea09, 0xed09ec09, 0xef09ee09, 0xf109f009, 0xf309f209, 0xf509f409, 0xf709f609, 
    0xf909f809, 0xfb09fa09, 0xfd09fc09, 0xff09fe09, 0x010a000a, 0x030a020a, 0x050a040a, 0x070a060a, 0x090a080a, 0x0b0a0a0a, 0x0d0a0c0a, 0x0f0a0e0a, 
    0x110a100a, 0x130a120a, 0x150a140a, 0x170a160a, 0x190a180a, 0x1b0a1a0a, 0x1d0a1c0a, 0x1f0a1e0a, 0x210a200a, 0x230a220a, 0x250a240a, 0x270a260a, 
    0x290a280a, 0x2b0a2a0a, 0x2d0a2c0a, 0x2f0a2e0a, 0x310a300a, 0x330a320a, 0x350a340a, 0x370a360a, 0x390a380a, 0x3b0a3a0a, 0x3d0a3c0a, 0x3f0a3e0a, 
    0x410a400a, 0x430a420a, 0x450a440a, 0x470a460a, 0x490a480a, 0x4b0a4a0a, 0x4d0a4c0a, 0x4f0a4e0a, 0x510a500a, 0x530a520a, 0x550a540a, 0x570a560a, 
    0x590a580a, 0x5b0a5a0a, 0x5d0a5c0a, 0x5f0a5e0a, 0x610a600a, 0x630a620a, 0x650a640a, 0x670a660a, 0x690a680a, 0x6b0a6a0a, 0x6d0a6c0a, 0x6f0a6e0a, 
    0x710a700a, 0x730a720a, 0x750a740a, 0x770a760a, 0x790a780a, 0x7b0a7a0a, 0x7d0a7c0a, 0x7f0a7e0a, 0x810a800a, 0x830a820a, 0x850a840a, 0x870a860a, 
    0x890a880a, 0x8b0a8a0a, 0x8d0a8c0a, 0x8f0a8e0a, 0x910a900a, 0x930a920a, 0x950a940a, 0x970a960a, 0x990a980a, 0x9b0a9a0a, 0x9d0a9c0a, 0x9f0a9e0a, 
    0xa10aa00a, 0xa30aa20a, 0xa50aa40a, 0xa70aa60a, 0xa90aa80a, 0xab0aaa0a, 0xad0aac0a, 0xaf0aae0a, 0xb10ab00a, 0xb30ab20a, 0xb50ab40a, 0xb70ab60a, 
    0xb90ab80a, 0xbb0aba0a, 0xbd0abc0a, 0xbf0abe0a, 0xc10ac00a, 0xc30ac20a, 0xc50ac40a, 0xc70ac60a, 0xc90ac80a, 0xcb0aca0a, 0xcd0acc0a, 0xcf0ace0a, 
    0xd10ad00a, 0xd30ad20a, 0xd50ad40a, 0xd70ad60a, 0xd90ad80a, 0xdb0ada0a, 0xdd0adc0a, 0xdf0ade0a, 0xe10ae00a, 0xe30ae20a, 0xe50ae40a, 0xe70ae60a, 
    0xe90ae80a, 0xeb0aea0a, 0xed0aec0a, 0xef0aee0a, 0xf10af00a, 0xf30af20a, 0xf50af40a, 0xf70af60a, 0xf90af80a, 0xfb0afa0a, 0xfd0afc0a, 0xff0afe0a, 
    0x010b000b, 0x030b020b, 0x050b040b, 0x070b060b, 0x090b080b, 0x0b0b0a0b, 0x0d0b0c0b, 0x0f0b0e0b, 0x110b100b, 0x130b120b, 0x150b140b, 0x170b160b, 
    0x190b180b, 0x1b0b1a0b, 0x1d0b1c0b, 0x1f0b1e0b, 0x210b200b, 0x230b220b, 0x250b240b, 0x270b260b, 0x290b280b, 0x2b0b2a0b, 0x2d0b2c0b, 0x2f0b2e0b, 
    0x310b300b, 0x330b320b, 0x350b340b, 0x370b360b, 0x390b380b, 0x3b0b3a0b, 0x3d0b3c0b, 0x3f0b3e0b, 0x410b400b, 0x430b420b, 0x450b440b, 0x470b460b, 
    0x490b480b, 0x4b0b4a0b, 0x4d0b4c0b, 0x4f0b4e0b, 0x510b500b, 0x530b520b, 0x550b540b, 0x570b560b, 0x590b580b, 0x5b0b5a0b, 0x5d0b5c0b, 0x5f0b5e0b, 
    0x610b600b, 0x630b620b, 0x650b640b, 0x670b660b, 0x690b680b, 0x6b0b6a0b, 0x6d0b6c0b, 0x6f0b6e0b, 0x710b700b, 0x730b720b, 0x750b740b, 0x770b760b, 
    0x790b780b, 0x7b0b7a0b, 0x7d0b7c0b, 0x7f0b7e0b, 0x810b800b, 0x830b820b, 0x6972410a, 0x6361676e, 0x0b657475, 0x6f360a84, 0x656e6f67, 0x6d41076b, 
    0x6f726361, 0x6241066e, 0x65766572, 0x16864107, 0x696e7527, 0x44433130, 0x21078407, 0x07854544, 0x84304521, 0x30322107, 0x32200787, 0x32210f85, 
    0x21078336, 0x17854531, 0x41453122, 0x07821f84, 0x07821f84, 0x1f853420, 0x27864120, 0x86384121, 0x8641200f, 0x86432007, 0x23678407, 0x30424531, 
    0x42200f85, 0x42203f86, 0x42283f86, 0x6c410536, 0x0a616870, 0x74240584, 0x736f6e6f, 0x46212884, 0x22508530, 0x86393046, 0x2258850f, 0x86423046, 
    0x2160850f, 0xd0843046, 0x30463122, 0x46226885, 0x1f854630, 0x3f864220, 0x3f864220, 0x3f844220, 0x33323022, 0x31220784, 0x47844246, 0x31343023, 
    0x21f08430, 0x07874434, 0x4621a085, 0x203f8638, 0x203f8638, 0x20378638, 0x22378438, 0x86384631, 0x8638207f, 0x8638207f, 0x8738207f, 0x0643277f, 
    0x626d614c, 0x5e846164, 0x3245312a, 0x61454107, 0x65747563, 0x34210f84, 0x20ff8644, 0x216e8530, 0x0f873045, 0x1f843620, 0x33343222, 0x31220784, 
    0x07843138, 0x32313426, 0x74654204, 0x38384c86, 0x63430b37, 0x75637269, 0x656c666d, 0x64430a78, 0x6361746f, 0x746e6563, 0x4520fa84, 0x82053a41, 
    0x22aa84ea, 0x85383130, 0x46332153, 0x0f82ca84, 0x44064127, 0x6f726163, 0x852e866e, 0x304521d9, 0x4521d185, 0x20c98530, 0x05194145, 0x31453128, 
    0x62440532, 0x88857261, 0x32463125, 0x847a4408, 0x075f223d, 0x06684245, 0x72624527, 0x0a657665, 0x20878945, 0x05734245, 0x88450621, 0x32302167, 
    0x0782e285, 0x32218e85, 0x05614132, 0x86314521, 0x843120fa, 0x876f8217, 0x20978617, 0x41978631, 0x452006d1, 0x2205c941, 0x87424531, 0x21af8617, 
    0xcf853043, 0x52414320, 0x86432006, 0x84432057, 0x32303257, 0x45053634, 0x6e727574, 0x73704507, 0x6e6f6c69, 0x4207860c, 0x31200a74, 0x46227a85, 
    0x4a843931, 0x85314621, 0x31462282, 0x850f8642, 0x31462172, 0x2006f441, 0x202f8643, 0x232f8443, 0x35313430, 0x4305ad41, 0x30220535, 0x34413034, 
    0x44342105, 0x31218285, 0x820f8439, 0x054522e2, 0x248a8346, 0x61624704, 0x24328472, 0x0b333931, 0x0ad34147, 0xd3414720, 0x3130250c, 0x47063232, 
    0x21094b41, 0xdb864631, 0x03303226, 0x06312e47, 0x2e264683, 0x6e750931, 0x48823069, 0x0d312e22, 0x2e2b4a8a, 0x62470831, 0x65766572, 0x890c312e, 
    0x212d8755, 0x1f833232, 0x12875984, 0x85344621, 0x45312409, 0x862e3032, 0x383223b0, 0x9d89480b, 0x3221b184, 0x06774131, 0x6f413220, 0x87322006, 
    0x82ec8493, 0x0441223d, 0x22de8748, 0x84374334, 0x41342134, 0x30212c84, 0x07314134, 0x34844120, 0x46313028, 0x74450336, 0x03820861, 0x420a8e41, 
    0x46220621, 0x7e413932, 0x41322005, 0x3220068e, 0x20068e41, 0x068e4132, 0x8e413220, 0x85322006, 0x32462191, 0x20068343, 0x202f8643, 0x212f8443, 
    0xb6413430, 0x41392007, 0x392006b6, 0x39205786, 0x39202786, 0x31222784, 0x57863946, 0x57863920, 0x57863920, 0x57873920, 0x49084329, 0x756f642e, 
    0x84656c62, 0x85452098, 0x31302278, 0x82e58439, 0x064329fa, 0x6c697449, 0x49076564, 0x24062243, 0x65726249, 0x450e8276, 0x4e840c8b, 0x43323021, 
    0x302007af, 0x45208685, 0x28065542, 0x04414345, 0x61746f49, 0x24048309, 0x65657247, 0x2509846b, 0x6f6e6f74, 0x13830c73, 0x65696426, 0x69736572, 
    0x20063045, 0x20d48633, 0x20d48633, 0x214d8533, 0xd4863346, 0xd4863320, 0xd4863320, 0xd4863320, 0x85843320, 0x44463122, 0x44203f86, 0x44203f86, 
    0x44203f86, 0x30233f84, 0x41363034, 0x302705c1, 0x2e490337, 0x87490b31, 0x082c427d, 0x81424520, 0x88372008, 0x2e432913, 0x67490831, 0x65766172, 
    0x61230883, 0x82747563, 0x490d2108, 0x83094a42, 0x69742316, 0x1682646c, 0x2b410920, 0x20128306, 0x05b04262, 0x6728f082, 0x6b656e6f, 0x490c312e, 
    0x85081043, 0x3130235c, 0x09864643, 0x38303222, 0x41200988, 0x31220985, 0x13864345, 0x13870982, 0x87334621, 0x33462213, 0x21278639, 0x1d893346, 
    0x13884220, 0x09884320, 0x09884420, 0x3122de86, 0x77863346, 0x44463122, 0x44204f88, 0x44204f88, 0x44204f88, 0x30234f86, 0x85363034, 0x24098245, 
    0x0b312e37, 0x0f49434a, 0x07383428, 0x30696e75, 0x10423733, 0x42342005, 0x31210610, 0x05724133, 0x84453121, 0x4531231f, 0x6e423033, 0x32332105, 
    0x3c430786, 0x47342005, 0x3021059c, 0x05c74234, 0x3931302b, 0x614b0538, 0x06617070, 0x0971464c, 0x42333124, 0x41444c06, 0x844b8208, 0x8707825b, 
    0x05ee415b, 0x26424520, 0x32302105, 0x21052642, 0x8c423130, 0x062e4207, 0x30344522, 0x34207b85, 0x30268384, 0x02444334, 0xbe85754d, 0x42844620, 
    0x31343025, 0x8a4e0643, 0x35342378, 0x78884e06, 0x46313022, 0x34207086, 0x3122bc84, 0x88863445, 0x82050441, 0x05412a0f, 0x6f6f684e, 0x6e45036b, 
    0x21578467, 0x31843134, 0x30343023, 0x200f8644, 0x20078539, 0x20828645, 0x21498445, 0xa2473430, 0x33302505, 0x4e023637, 0x312a9285, 0x4f054243, 
    0x6e726f68, 0x87434f07, 0x624f3306, 0x65766572, 0x75684f0d, 0x7261676e, 0x616c6d75, 0x4d847475, 0x31443122, 0x45200785, 0x3122c585, 0x0f844345, 
    0x16473220, 0x32302105, 0x21051647, 0x84443230, 0x86078205, 0x4532211f, 0x9c412785, 0x84342007, 0x84c78217, 0x45312317, 0x30413035, 0x84352005, 
    0x865682ad, 0x8643201f, 0x0578481f, 0x44453122, 0x19481f86, 0x05334607, 0xfd841782, 0x97840782, 0x3f860782, 0x2105c149, 0xc1494531, 0x27078205, 
    0x734f0b32, 0x6873616c, 0x27057a41, 0x63696d4f, 0x0c6e6f72, 0x55450786, 0x0668410a, 0x39344622, 0x20055545, 0x22588534, 0x86423446, 0x2260850f, 
    0x85443446, 0x05b0410f, 0x46333021, 0x46210673, 0x22378446, 0x84313430, 0x343025c0, 0x4f043645, 0x4208e745, 0x148205aa, 0x45225485, 0x44843435, 
    0x36354522, 0x30220783, 0x34853834, 0x34413126, 0x6f685203, 0x462d1b84, 0x51084345, 0x6874725f, 0x066b6f6f, 0x0a384252, 0x06363523, 0x09384252, 
    0x8f483220, 0x32302205, 0x06284131, 0x18413520, 0x87352006, 0x21b7856a, 0x62843545, 0x31313226, 0x78520246, 0x2305c341, 0x53064334, 0x0b215884, 
    0x0f7b4353, 0x23055c42, 0x30364531, 0x45218c84, 0x205d8636, 0x20b88636, 0x82b88436, 0x236d841f, 0x35303430, 0x31215284, 0x06ea4541, 0x82051b46, 
    0x06412295, 0x23ac8454, 0x696e7509, 0x3a470e83, 0x86362007, 0x8636209e, 0x8436209e, 0x4531239e, 0x48863037, 0x830c4321, 0x41312931, 0x61622e43, 
    0x54076573, 0x84050941, 0x3332351c, 0x61540345, 0x68550575, 0x066e726f, 0x6c697455, 0x55076564, 0x2d06ca42, 0x65726255, 0x55056576, 0x676e6972, 
    0xd042550d, 0x4655200c, 0x44200b66, 0x20064a4a, 0x20b98644, 0x21b98444, 0xe8453130, 0x20078205, 0x496b8542, 0xba820587, 0x3720f186, 0x20060941, 
    0x06094137, 0x17873720, 0x29413820, 0x86372005, 0x057e43d8, 0x45453122, 0x02421f86, 0x870f8205, 0x20f8861f, 0x21f88645, 0x6f853046, 0x20070044, 
    0x231f8637, 0x570b4537, 0x2f099d41, 0x72675706, 0x06657661, 0x75636157, 0x57096574, 0x200cec46, 0x05d24a45, 0x4b453121, 0x452006a5, 0x8205fa43, 
    0x214b840f, 0x664c3430, 0x34302705, 0x43034346, 0x6f846968, 0x33423124, 0xfd41590b, 0x0749450f, 0x06453823, 0x856f8459, 0x06ea42da, 0x86464521, 
    0x060243d2, 0x45343224, 0x3c4a5507, 0x25078606, 0x6f6e6f74, 0x0c860f73, 0x4622a38c, 0x4c843935, 0x42354622, 0x4f430786, 0x46352106, 0x27410f85, 
    0x45462106, 0x78442786, 0x46312505, 0x59074245, 0x2105bf41, 0xfc845a06, 0x4a5a0a21, 0x31230c0c, 0x84303945, 0x39452141, 0x2106a141, 0xe1843439, 
    0x34323229, 0x61625a04, 0x4c5a0472, 0x32290629, 0x06463743, 0x65726261, 0x06a74876, 0x7a854120, 0x37424522, 0x42214085, 0x20078631, 0x42078633, 
    0x9b440622, 0x84412007, 0x4531220f, 0x20ba8541, 0x07f44245, 0xb2854120, 0x84414521, 0x323021da, 0x2106e74a, 0x5f844431, 0x32323022, 0x41215f86, 
    0x21988431, 0x07844531, 0x67844782, 0x33222f82, 0xc5426107, 0x61072105, 0x8209aa42, 0x0a4122d8, 0x09d34e61, 0x1e8b0a84, 0x05313027, 0x72757461, 
    0x2054846e, 0x05704534, 0x45343021, 0x342006b8, 0x2007e742, 0x205c8245, 0x09464465, 0x35443428, 0x312e6103, 0x12846108, 0x62200883, 0x22065c48, 
    0x82696e75, 0x07cd4792, 0x48424521, 0x422108b6, 0x05af4731, 0x42453123, 0x20098833, 0x08774835, 0x312e4524, 0x4942610d, 0x82178509, 0x82218649, 
    0x88442009, 0x20538813, 0x07214841, 0x48414521, 0x32260717, 0x312e3130, 0x4849610b, 0x3130220d, 0x08d74844, 0x3d893220, 0x09202982, 0x3022af82, 
    0x09824531, 0x67610822, 0x83055249, 0x866e8212, 0x323022a4, 0x41098330, 0x82820659, 0x87065b41, 0x41392c8c, 0x6107312e, 0x676e6972, 0x410c312e, 
    0x1e870967, 0x08228d83, 0x8c497461, 0x62042105, 0x2008994c, 0x06b44138, 0x07843520, 0x30453122, 0x1c420787, 0x37302206, 0x20998307, 0x06394832, 
    0x38383124, 0x1d41630b, 0x630a2109, 0x210ebc42, 0x2e843930, 0x32463322, 0x34240784, 0x64073134, 0x200bf244, 0x204e8535, 0x05604f31, 0x32323025, 
    0x46640631, 0x7d820805, 0xaa424220, 0x050c4805, 0x46200f82, 0x31210f85, 0x84078631, 0x3130229d, 0x21078546, 0x07854132, 0x3643312b, 0x6f796405, 
    0x64046867, 0x0657486f, 0x37343224, 0x85426507, 0x65062805, 0x76657262, 0x89650a65, 0x426520ab, 0x06210578, 0x217b8865, 0xfb453230, 0x87322006, 
    0x06974cf1, 0xf64d4520, 0x45312205, 0x82ba8431, 0x82e28407, 0x20ab8607, 0x063e4331, 0x20068b50, 0x057b5045, 0x42453122, 0xc3861787, 0x85314321, 
    0x844320c3, 0x453122b3, 0x06614143, 0x20073c4d, 0x210f8433, 0x52483430, 0x84078205, 0x34303a2f, 0x65053744, 0x6e727574, 0x61705f0c, 0x662e7472, 
    0x7361625f, 0x2e660365, 0x24038231, 0x2e660569, 0x07e24169, 0x2e463132, 0x65660631, 0x312e676e, 0x6e6f6c05, 0x730b7367, 0x74250684, 0x656b6f72, 
    0x410b840e, 0x31220ead, 0x2f830446, 0x302a9783, 0x04303632, 0x72616267, 0xde41670b, 0x8c67200a, 0x31302530, 0x67063332, 0x21093241, 0xb2844631, 
    0x3245312c, 0x2e670431, 0x750a6373, 0x4783696e, 0xea850a82, 0x82054241, 0x844220ca, 0x49342062, 0x22820525, 0x0f843620, 0x37363222, 0x31240784, 
    0x68053539, 0x0b20e283, 0x6c260584, 0x6f6f6874, 0x0b840a6b, 0x32220983, 0x97836804, 0xde456820, 0x4131200f, 0x32200658, 0x20065041, 0x848d8732, 
    0x84958255, 0x45312275, 0x236d8539, 0x0f424234, 0x6c24ce82, 0x69737365, 0x260ddf4d, 0x74690646, 0x45646c69, 0x32220646, 0xc7820c44, 0x44273e82, 
    0x6d63632e, 0x82690470, 0x6907217c, 0x25064a42, 0x65726269, 0xd3476576, 0x46322105, 0x07212084, 0x0c8f4769, 0xd2843020, 0x08433220, 0x30322106, 
    0x43208486, 0x21063542, 0x5d854243, 0x85424321, 0x256a823c, 0x37333230, 0x9a866a0b, 0x22079843, 0x84393432, 0x89078265, 0x49342028, 0x35340768, 
    0x6a690237, 0x732e6904, 0x636a0f63, 0x73736f72, 0x6c696174, 0x0a202784, 0x0b210f89, 0x0e31416a, 0x9c473120, 0x43332006, 0x3420063e, 0x21056449, 
    0x9c853130, 0x4f313021, 0x30230532, 0x84373331, 0x463120c4, 0x452206bc, 0xcf413133, 0x41332005, 0x33290669, 0x746b0535, 0x066e7275, 0x05d5486b, 
    0x3127c483, 0x6c094139, 0x4164696d, 0x6c200549, 0x490bf443, 0xe682051c, 0x6c043422, 0x0621e682, 0x09bf456c, 0x43333124, 0x51426c06, 0x45312108, 
    0x07827985, 0x4e062e41, 0x453006df, 0x6c064433, 0x3073732e, 0x736c0b32, 0x6873616c, 0x0c200b84, 0x0c847786, 0x7c880e20, 0x32221b89, 0x0c844336, 
    0x76830920, 0x0b200984, 0x22897b85, 0x0c848082, 0x85850b20, 0x82821888, 0x0c8b3720, 0x0c8b3920, 0x0c8b4220, 0x0c844420, 0x8b830720, 0x46433423, 
    0x20a68204, 0x290c8463, 0x05313732, 0x7275746d, 0x05840c6e, 0x73656426, 0x646e6563, 0x42064841, 0x342106ba, 0x230f8531, 0x6e073334, 0x21053141, 
    0xc0446503, 0x35332a07, 0x666c6e08, 0x6f6f6874, 0x244f846b, 0x06453931, 0x0a39416e, 0x06363423, 0x0839416e, 0x46313022, 0x20063141, 0x06054334, 
    0x86373421, 0x2017875a, 0x2e458542, 0x6e044343, 0x0563732e, 0x726f686f, 0x426f076e, 0x6f2706d7, 0x76657262, 0x4a6f0d65, 0xd2830c68, 0xb94c3120, 
    0x31302205, 0x213f8645, 0x47844445, 0xa2453220, 0x32302205, 0x21ca8430, 0xb6513230, 0x86078205, 0x05a6511f, 0x42323021, 0x704c073b, 0x34452106, 
    0x31222f84, 0xfa863545, 0x56077846, 0x312205bb, 0x1f864345, 0x2105f847, 0xf8474531, 0x86078205, 0x05e04ad7, 0xd7860f82, 0x8205c150, 0x8277840f, 
    0x483f8607, 0x45230795, 0x4d6f0b33, 0x6f200a39, 0x8606394d, 0x0b394d07, 0xd8833020, 0x41463121, 0x46200693, 0x8205034f, 0x05f4420f, 0xd14a4620, 
    0x41462006, 0x46220660, 0x2f833837, 0x37343025, 0x436f0433, 0x342007b5, 0x2605484f, 0x37453430, 0x45656f05, 0x22820607, 0x3021ab84, 0x053e5634, 
    0x49313021, 0x35200779, 0x1547d386, 0x4f342006, 0x3025057e, 0x07304132, 0x050e4271, 0x43720721, 0x34280b48, 0x74720544, 0x0b6e7275, 0x19850584, 
    0x66720c2c, 0x68687369, 0x726b6f6f, 0x91847665, 0x45373224, 0x6e427208, 0x72062106, 0x230a3142, 0x72063735, 0x20093142, 0x05544732, 0x31323022, 
    0x4520e085, 0x2006d24a, 0x06d24a45, 0x41354521, 0x35230651, 0x83720446, 0x697223ca, 0x0783766e, 0xc34c7320, 0x0646220c, 0x21628473, 0x6d44730b, 
    0x3132210e, 0x3123f584, 0x83313645, 0x86078296, 0x86362067, 0x05fd45f5, 0x27841782, 0x41343021, 0x3030050d, 0x0c384131, 0x6d726567, 0x62646e61, 
    0x312e736c, 0x2506f746, 0x61625f74, 0xe0846573, 0x42413124, 0x84857407, 0x14471020, 0x63742405, 0x896c7275, 0x51322020, 0x322a065b, 0x74053841, 
    0x6e727574, 0xf0487404, 0x33362308, 0x04417406, 0x8642200b, 0x8607879c, 0x423620f4, 0x37210646, 0x241f8531, 0x74033739, 0x0684552e, 0x2508e349, 
    0x2e333631, 0x4e850831, 0x32211c86, 0x06004a31, 0x0989d782, 0x2008324a, 0x08904a36, 0x864a3720, 0x37392e08, 0x7506312e, 0x646c6974, 0x68750565, 
    0x06014b6f, 0x35423022, 0x3224ec84, 0x75073938, 0x2406a543, 0x65726275, 0x25248276, 0x676e6972, 0xab43750d, 0x0c84460d, 0x2005324c, 0x05655031, 
    0x53313021, 0x078205fd, 0x52844120, 0x43443122, 0x32200784, 0x2105da48, 0xda483230, 0x41372007, 0x372006a1, 0x31227a84, 0x43443745, 0x82372006, 
    0x696e2182, 0x24410f82, 0x86452006, 0x8645201f, 0x0727461f, 0x21052344, 0x23444531, 0x41078205, 0x46280644, 0x2e750331, 0x61750831, 0x24052254, 
    0x696e7509, 0x83d78230, 0x0aae4b12, 0x34249f82, 0x750d312e, 0x20117c4b, 0x062a4b37, 0x3524a982, 0x750b312e, 0x5410544b, 0x3720080e, 0x20072d4b, 
    0x07aa5331, 0xf0535582, 0x53098206, 0x998206aa, 0x08214782, 0x0c684b75, 0x2e374529, 0x68750731, 0x416e726f, 0x248205ca, 0x2008d54b, 0x08ac4146, 
    0xd4414520, 0x41452008, 0x452408d4, 0x0f312e46, 0x420c8e41, 0xb884080c, 0x8505bd41, 0x45312213, 0x41418437, 0x718305ae, 0x2005b24b, 0x05004208, 
    0x7a882488, 0x2e353725, 0x4d760531, 0x3e820718, 0x2306a042, 0x77094637, 0x21070741, 0x1f837705, 0x41770b21, 0x06210939, 0x21db8477, 0xfe437706, 
    0x45312208, 0x06ad4138, 0xcd413820, 0x38392106, 0x5a05da42, 0x452006f4, 0x2505ec5a, 0x35343430, 0x564f6303, 0x05494208, 0x46343224, 0xdf43790b, 
    0x070d480f, 0x2505d544, 0x39394531, 0x664f7906, 0x0624420b, 0x76864620, 0x8205a046, 0x8333205e, 0x34302176, 0x2305c951, 0x46453430, 0x46210f85, 
    0x22078631, 0x4e790533, 0x57500907, 0x34302105, 0x2406ba48, 0x07324634, 0x053b4179, 0x2e790426, 0x7a046373, 0x49083049, 0x302505fe, 0x07303432, 
    0x051c447a, 0x4f7a0621, 0x7a200561, 0x820cc54a, 0x826984a8, 0x82898407, 0x05352607, 0x6d6d6147, 0x3c7f8461, 0x05343933, 0x74656854, 0x69580261, 
    0x05695002, 0x6d676953, 0x68500361, 0x73500369, 0x4f218569, 0x46280620, 0x4f0a4246, 0x6167656d, 0x200a4446, 0x05534136, 0x41364621, 0x46200563, 
    0x21061f52, 0x39433646, 0x49462005, 0x3122050a, 0xc5413646, 0x52462005, 0x4620062f, 0x22066e44, 0x83414646, 0x46312162, 0x2006715d, 0x206a8746, 
    0x86178741, 0x43412147, 0x47862786, 0x7e514120, 0x50462005, 0x46230603, 0x50084346, 0x884d06b6, 0x47332005, 0x332006c6, 0x24054e47, 0x34443330, 
    0x20f38406, 0x20d28431, 0x060b4634, 0x7c503420, 0x34302105, 0x4108ed55, 0x342105ff, 0x06434b31, 0x27074b4b, 0x4b053731, 0x72796361, 0x52593d85, 
    0x34302105, 0x2205da4c, 0x84313430, 0x343021a5, 0x22056452, 0x41303430, 0xa94b06e2, 0x34302105, 0x82054c5a, 0x5e558607, 0x0f82052f, 0x4f853720, 
    0x17874220, 0x0f863820, 0x4782fd84, 0x32205786, 0x32211786, 0x551f8539, 0x342006b5, 0x22068348, 0x85433234, 0x86302017, 0x8630201f, 0x054a5a3f, 
    0x45206782, 0xa3481f85, 0x51342006, 0x34200662, 0x8205ef5e, 0x077a5767, 0x8c5c6786, 0x34302105, 0x20064745, 0x05955534, 0x2786df82, 0x05323028, 
    0x68706c61, 0x05840a61, 0x5c0a0e42, 0x3123052a, 0x41313046, 0x105e05ae, 0x30462206, 0x840f8633, 0x431f8240, 0x4621052b, 0x82f88430, 0x8537200f, 
    0x0546541f, 0x38463123, 0x5e0f8530, 0x0f820530, 0x0f863220, 0x38204786, 0x38204786, 0x41534786, 0x43462006, 0x462006f2, 0x2106a05f, 0x87864246, 
    0x22054153, 0x86424631, 0x0580413f, 0x7f860f82, 0x04374234, 0x61746562, 0x6d616705, 0x6405616d, 0x61746c65, 0x1b536507, 0x84078606, 0x860d20e5, 
    0x6c63260c, 0x6465736f, 0x210d8608, 0x08870b31, 0x76657223, 0x850b8a11, 0x8a0f2026, 0x07dd4a11, 0x31463122, 0x8942e286, 0x860f8205, 0x069d48e2, 
    0x86314621, 0x05b346e2, 0x37463125, 0x827a0432, 0x820320a2, 0x82082003, 0x0a744103, 0x49863220, 0xec863220, 0x2006c25c, 0x057d4246, 0x42463121, 
    0x0782057d, 0x61062c41, 0x4620060d, 0x2006d752, 0x06125546, 0x0b434620, 0x46312105, 0x2006d75d, 0x06905346, 0x41394621, 0x35420634, 0x861f8205, 
    0x051b4347, 0xbc410f82, 0x86432006, 0x051543c1, 0x43463122, 0xb25ec186, 0x230f8205, 0x68740537, 0x0425ba82, 0x61746f69, 0x45048311, 0xcc8407cf, 
    0x11830920, 0x8b050f5c, 0x05f8411b, 0x21051e53, 0x5d4b4631, 0x54462006, 0x462006ea, 0x21069345, 0x6b863346, 0x82055450, 0x06d84127, 0x20065f4d, 
    0x06ee5546, 0x9f584620, 0x4b462006, 0x4620066d, 0x21052644, 0x39484631, 0x2c078205, 0x616c0637, 0x6164626d, 0x03697802, 0x08d35772, 0x07485d86, 
    0x33302205, 0x056f4346, 0x3243332e, 0x67697305, 0x7403616d, 0x75077561, 0x20052f42, 0x8c078614, 0x8e0f20db, 0x860c2014, 0x0ac5410f, 0x21050651, 
    0x274c4631, 0x50462006, 0x0f82053b, 0x58067d41, 0x4620067b, 0x8205354a, 0x4be18617, 0x3121054b, 0x06c05646, 0xab434620, 0x46312105, 0x20060f4c, 
    0x05575a46, 0x2f860f82, 0x03374526, 0x08696870, 0x67250382, 0x6b656572, 0x26b58203, 0x656d6f05, 0x840a6167, 0x20918a05, 0x06574236, 0x57423620, 
    0x064c5806, 0x86364621, 0x06545891, 0xdf4a4620, 0x58462006, 0x4620065c, 0x2006e74a, 0x060a5746, 0xd05b4620, 0x46312105, 0x82053f55, 0x06274207, 
    0x8205cc52, 0x065d410f, 0x2006254c, 0x05954446, 0x57421782, 0x055b5306, 0x4f463121, 0x078205c5, 0xcf562f86, 0x46462806, 0x61670637, 0x84616d6d, 
    0x343021a6, 0x82052242, 0x82668407, 0x21ae8407, 0xd6423430, 0x34302205, 0x06544546, 0x82053242, 0x4536201f, 0xee5e051c, 0x840f8205, 0x45078276, 
    0x2e48060c, 0x450f8205, 0xd6420654, 0x864f8205, 0x05575f47, 0x85343021, 0x862782de, 0x05f64217, 0x45353021, 0x51540774, 0x56342006, 0x2782058e, 
    0x77854420, 0x82050641, 0x8535203f, 0x05a35c0f, 0x5f343021, 0x278205ef, 0x4d064c46, 0x3021059f, 0x05974d34, 0x3f86c782, 0x8205d344, 0x57c78617, 
    0x0f820591, 0x4220c786, 0x1c460787, 0x86342006, 0x05315bd7, 0xcc422782, 0x5b342005, 0x0f820539, 0x1e49bf86, 0x05ee4107, 0x35343022, 0xa15a3f86, 
    0x86278205, 0x4634207f, 0xe84e065c, 0x34302205, 0x57c78639, 0x3782055e, 0xd7853420, 0x2105da47, 0xe74b3430, 0x54342006, 0x3021052f, 0x05a84234, 
    0x4b343021, 0x32230584, 0x83414230, 0x2507822f, 0x75450444, 0x0c866f72, 0x14827c84, 0x70063824, 0x11587365, 0x45302007, 0x322105df, 0x05d25730, 
    0x39250782, 0x72696c04, 0x20338661, 0x84078633, 0x201c8280, 0x2e0f8636, 0x6f630d32, 0x636e6f6c, 0x65727275, 0x8679636e, 0x82b68415, 0x85322025, 
    0x0561480f, 0x46200f82, 0x1f870f86, 0x43209e87, 0x38201786, 0x42200785, 0x20050641, 0x05816045, 0x3784a982, 0x55313021, 0x0782051e, 0x0a432108, 
    0x6f72657a, 0x616c732e, 0x6f086873, 0x732e656e, 0x07313073, 0x65726874, 0x09312e65, 0x72756f66, 0x08231184, 0x84786973, 0x6e092208, 0x84248769, 
    0x66742238, 0x82358306, 0x77742606, 0x66742e6f, 0x223a8508, 0x84076674, 0x2207833b, 0x82657669, 0x83062018, 0x241f8241, 0x65766573, 0x250f826e, 
    0x67696508, 0x08827468, 0x51840720, 0x0d667422, 0x8b854f86, 0x55850b20, 0x0a207384, 0x31205385, 0x0c202c82, 0x17845586, 0x52850b20, 0x0c200b84, 
    0x0c844586, 0x6f630825, 0x82616d6d, 0x7009262e, 0x6f697265, 0x82098264, 0x6f6c2112, 0x65417783, 0x632e2305, 0x95837361, 0x65730c26, 0x6f63696d, 
    0x0c281a85, 0x65726170, 0x66656c6e, 0x0d209683, 0x72200c84, 0x0c25a486, 0x63617262, 0x841a8765, 0x201a870c, 0x220d830e, 0x8674656b, 0x860f201c, 
    0x201e870e, 0x86548911, 0x8a122073, 0x20128659, 0x865e8911, 0x8a122011, 0x20128663, 0x86688b13, 0x8c142013, 0x2514866d, 0x70796809, 0xec836568, 
    0x09860e20, 0x072f1886, 0x7373656c, 0x0a66742e, 0x61657267, 0x82726574, 0x830c200a, 0x71652412, 0x826c6175, 0x860f200c, 0x200f8717, 0x23088708, 
    0x746f6e0b, 0x07230b87, 0x83756c70, 0x6d082344, 0x08846e69, 0x756d0b28, 0x7069746c, 0x4182796c, 0x69640926, 0x65646976, 0x0c200982, 0x22872683, 
    0x70610e26, 0x786f7270, 0x0d244287, 0x69637361, 0x8205ed55, 0x610b2829, 0x72657473, 0x876b7369, 0x079c418e, 0x0f878e87, 0xab891120, 0x1420d086, 
    0x1486b08c, 0x66850d20, 0x10200d86, 0x1086ba88, 0x52879884, 0xa1850d20, 0x10201a86, 0x1086c988, 0xce860e20, 0x11200e86, 0x1186d389, 0xd88b1320, 
    0x12201386, 0x1286dd8a, 0xe2881020, 0x08251086, 0x63617073, 0x27f08265, 0x696e750a, 0x30413030, 0x32230a86, 0x82383030, 0x05bc430a, 0x0941342b, 
    0x6c637865, 0x62646d61, 0x4411866c, 0x56540670, 0x30322105, 0x23053545, 0x44333032, 0x45231f84, 0x42113831, 0x5f260a24, 0x6c697571, 0x2242126c, 
    0x2012850b, 0x0d93420e, 0x90420f20, 0x4210200e, 0x54870f68, 0x8305d342, 0x420e20c2, 0x0f200db0, 0x230ead42, 0x2e746107, 0x0a2a2683, 0x75676966, 
    0x61646572, 0xa0846873, 0x3531302d, 0x65706f0a, 0x6c75626e, 0x8574656c, 0x33342a12, 0x6972740e, 0x6c676e61, 0x44168c65, 0xb15406c9, 0x35322405, 
    0x420b4141, 0x0b220acc, 0x54836e65, 0x0f206484, 0x0f846489, 0x6d650b22, 0x0b201b88, 0x17845285, 0x79890f20, 0x0c270f84, 0x32696e75, 0x84333430, 
    0x8d13200c, 0x20208b83, 0x200c8b43, 0x820c8944, 0x2e0c8492, 0x6f75710d, 0x65726574, 0x73726576, 0x84106465, 0x6264220d, 0x2610876c, 0x69727005, 
    0x660b656d, 0x0b8405cb, 0xe947f785, 0x30322405, 0x84083735, 0x202f8215, 0x83248a0e, 0x2293820e, 0x87656c70, 0x2136831d, 0xe05a3230, 0x2e078205, 
    0x77740c41, 0x746f646f, 0x6461656c, 0x440a7265, 0x632005c4, 0x26069d53, 0x36333232, 0x826e6109, 0x656c2397, 0x39846169, 0x45373327, 0x73656c09, 
    0x20b38473, 0x0638430c, 0x0e200c84, 0x200d5743, 0x10544311, 0x51430a20, 0x430d2009, 0x09230c4e, 0x85756c70, 0x430a2050, 0x0d200948, 0x200c4543, 
    0x0a42430b, 0x3f430e20, 0x4310200d, 0x0f200f3c, 0x200e3943, 0x0c36430d, 0x31750624, 0xb7483146, 0x31322305, 0xd4833731, 0x32313226, 0x65740330, 
    0x26051d43, 0x08423331, 0x82696e75, 0x88362024, 0x06412908, 0x756e2e69, 0x6e06726d, 0x33840684, 0x42343034, 0x706d6508, 0x65737974, 0x2e610674, 
    0x73707573, 0x06856206, 0x06856320, 0x06856420, 0x06856520, 0x06856620, 0x06856720, 0x06856820, 0x06856920, 0x06856a20, 0x06856b20, 0x06856c20, 
    0x06856d20, 0x06856e20, 0x06856f20, 0x06857020, 0x06857120, 0x06857220, 0x06857320, 0x06857420, 0x06857520, 0x06857620, 0x06857720, 0x06857820, 
    0x06857920, 0x06847a20, 0x657a0923, 0x20568572, 0x4709880f, 0xd1820bc2, 0x6e6f0d23, 0x472b8465, 0x74210510, 0x472f8577, 0xf383064a, 0x55470f20, 
    0x840a8305, 0x06ec4723, 0x0e233b82, 0x85756f66, 0x211886a0, 0x4b857669, 0x82050548, 0x730d2221, 0x84978569, 0x470a2020, 0x498305d3, 0xd5470a20, 
    0x480a8305, 0x2d820629, 0x696e0e22, 0x7d448c8b, 0x4487840a, 0x0f830a7d, 0x830c7d44, 0x0d7d4410, 0x70225a84, 0x3a41756c, 0x06764205, 0x71227a85, 
    0x81416175, 0x82612006, 0x416220fa, 0x068205d5, 0x0d856320, 0x06856420, 0x1482ca83, 0x0d856620, 0x06856720, 0x06856820, 0x06856920, 0x06856a20, 
    0x06856b20, 0x30825383, 0x0d856d20, 0x06856e20, 0x06856f20, 0x06857020, 0x06857120, 0x06857220, 0x06857320, 0x06857420, 0x06857520, 0x06857620, 
    0x06857720, 0x06857820, 0x06857920, 0x06847a20, 0x2107d541, 0xd5417362, 0x82622007, 0x09984949, 0x73627522, 0x8306d541, 0x30732317, 0xd5410831, 
    0x73622105, 0x8208d541, 0x07d5413a, 0xd5412386, 0x73622107, 0x8807d541, 0x05d54118, 0x41736221, 0x5d8206d5, 0x8605d541, 0x08d54120, 0xd5415f82, 
    0x73622107, 0x8207d541, 0x06d5414f, 0xd5412e86, 0x4187820c, 0x62210cd5, 0x0ed54173, 0x41736221, 0x5a820fd5, 0x8206d541, 0x054c446f, 0xf1827320, 
    0x83067a44, 0x051f410a, 0x6f6e6423, 0x051f416d, 0xf5420983, 0x240e830a, 0x656e6f0d, 0x4117852e, 0x0d83071f, 0x84061f41, 0x051f413a, 0x1f412388, 
    0x410e8305, 0x188a051f, 0x85766921, 0x7308234b, 0x54847869, 0x08870d20, 0x840bf542, 0x051f415f, 0x1f410a83, 0x214f8405, 0x8c8b696e, 0x84052a45, 
    0x84dd852d, 0x0558450a, 0x93472e84, 0x41a78409, 0x0f830a3f, 0xc94a0b20, 0x4a358406, 0x268405de, 0x94830a89, 0x8d0f3321, 0x4137200f, 0x6e230533, 
    0x41726d75, 0x09830533, 0x830a3341, 0x6f0d210e, 0x1785a682, 0x83073341, 0x0633410d, 0x33413a84, 0x41238805, 0x0e830533, 0x8a053341, 0x76692318, 
    0x0e832e65, 0x69730823, 0x20088478, 0x4108870d, 0x5f840b33, 0x83053341, 0x0533410a, 0x6e214f84, 0x418c8b69, 0x2d840533, 0x84053341, 0x0533410a, 
    0x33412e84, 0x41a78409, 0x0f830a33, 0x84073341, 0x05184135, 0x0a892684, 0x870b3341, 0x065846c5, 0x2105b04e, 0xa7573132, 0x31322105, 0x8205215d, 
    0x05b74d07, 0xf1503120, 0x4d0f8205, 0x312005bf, 0x8205f150, 0x05794d0f, 0x984e3120, 0x4d0f8205, 0x31260599, 0x6f093035, 0xf484656e, 0x740c6825, 
    0x86657268, 0x0b73240b, 0x87766966, 0x730c250b, 0x6e657665, 0x73242485, 0x696e7507, 0x31203f82, 0x014e0786, 0x05485006, 0x49313221, 0x31210617, 
    0x207f8630, 0x05094e30, 0x30303138, 0x6464610e, 0x73736572, 0x6a627573, 0x05746365, 0x6f6e6f74, 0xad590e73, 0x2a7b8408, 0x7279630d, 0x696c6c69, 
    0x82726263, 0x520d2071, 0x2d480c16, 0x36323005, 0x75636109, 0x6f636574, 0x6709626d, 0x84766172, 0x201b8509, 0x05454e30, 0x34303327, 0x6c697409, 
    0x29198464, 0x746f6408, 0x6f6c6562, 0x31820d77, 0x84616d21, 0x6d63220a, 0x20308462, 0x056c5130, 0x47303221, 0x302006bd, 0x22065c41, 0x84303030, 
    0x303021dc, 0x3020e485, 0x38059955, 0x33303032, 0x6968740c, 0x6d656472, 0x63617073, 0x75710e65, 0x65747261, 0x250e8672, 0x7869730c, 0x0c866874, 
    0xb5414086, 0x30302105, 0x20057d41, 0x05735630, 0x7d414882, 0x30302205, 0x2e278442, 0x10363131, 0x72676564, 0x65636565, 0x8269746e, 0x656422d6, 
    0x2910850f, 0x65726166, 0x6965686e, 0x0f850c74, 0x6c656b25, 0x856e6976, 0x85322035, 0x4335353d, 0x73650945, 0x616d6974, 0x09646574, 0x6f727261, 
    0x66656c77, 0x2305c64a, 0x0e354637, 0x4c240c83, 0x41676e6f, 0x32211983, 0x2220840c, 0x8a6c6264, 0x0a382123, 0x72231484, 0x87686769, 0x0f362136, 
    0x37890d84, 0x22840d20, 0x258b3782, 0x2105f74b, 0xec413931, 0x85392006, 0x5a3120ee, 0x3223053c, 0x85393931, 0x6f62228e, 0x05684b74, 0x37463722, 
    0x148a7f88, 0x84074121, 0x7075215c, 0x64222e85, 0xe185776f, 0x33313922, 0x75221185, 0x11856470, 0x18513120, 0x31322405, 0x880e4141, 0x09fb4ae9, 
    0x0c84ee82, 0xf38d1320, 0x11201384, 0x328bf88b, 0x0c843820, 0x02410f20, 0x201c8b09, 0x200c8436, 0x0e0c4114, 0x12201484, 0x8b0c1141, 0x84392034, 
    0x83a0850c, 0x201b8be6, 0x8f8c8d37, 0x8941201e, 0x3931212b, 0x0c262b85, 0x32696e75, 0xa6853931, 0x61850c86, 0xa3850c86, 0x6e640a2b, 0x635f6267, 
    0x6b636568, 0x2e0a840c, 0x6c6c6162, 0x0778746f, 0x61697274, 0x856e6467, 0x70752207, 0x224e8307, 0x85304335, 0x4172200f, 0x352005f0, 0x21056052, 
    0x20533532, 0x35322105, 0x82059066, 0x05d2410f, 0x3041362e, 0x7269630b, 0x62656c63, 0x6b63616c, 0x772e0b86, 0x65746968, 0x6c696609, 0x6264656c, 
    0x5985786f, 0x2105da53, 0xef733532, 0x42322205, 0x05214431, 0x3331422a, 0x6169640c, 0x646e6f6d, 0x0e204284, 0x5f210c8b, 0x841b8778, 0x841b8752, 
    0x785f240c, 0x41757303, 0x362005fd, 0x26069843, 0x05313636, 0x86616568, 0x553720bb, 0x3221055b, 0x066b4436, 0x7b443620, 0x86422006, 0x5e312007, 
    0x32250589, 0x13414531, 0x2dbd8270, 0x69666f65, 0x7265746e, 0x73747365, 0x59856769, 0x74593320, 0x33322105, 0x33214386, 0x054f4530, 0x5c593320, 
    0x33322105, 0x2105405c, 0x34593332, 0x43078205, 0x3120057b, 0x52068053, 0x278206b9, 0x33201785, 0x82053758, 0x053f410f, 0xb9623320, 0x33322b05, 
    0x630e4543, 0x69727261, 0x80826761, 0x2107c95c, 0x76413132, 0x59312006, 0x0f82058b, 0x20057944, 0x057b5931, 0x8e85ba82, 0x54573120, 0x31322105, 
    0x82050270, 0x07462607, 0x32696e75, 0x05b65842, 0x5d353221, 0x3222052f, 0xa64e3142, 0x4f442006, 0x30200581, 0x34202f86, 0x21053c5b, 0xe7543432, 
    0x44078205, 0x34200598, 0x8205be4d, 0x0598440f, 0x88533420, 0x850f8205, 0x067f5447, 0x45200f82, 0x34216f84, 0x22778542, 0x85304334, 0x062e420f, 
    0xd6583420, 0x5b322005, 0x078206ec, 0x3421b785, 0x05064643, 0xe7553420, 0x41178205, 0x34200516, 0x8205bf55, 0x0549440f, 0x8206c755, 0x0546410f, 
    0x86433421, 0x0500647f, 0x7f861782, 0x20064e41, 0x05396d34, 0x57343221, 0x0782057e, 0x20053741, 0x057e5734, 0x33200f82, 0x22429f85, 0x57342006, 
    0x1782057e, 0x2105b144, 0x87863634, 0x12383622, 0x20097054, 0x05e9422e, 0x6f106422, 0x87065354, 0x069b4c10, 0x0f873120, 0x88541120, 0x20328808, 
    0x06905473, 0x98542288, 0x20118708, 0x053c510e, 0x71273188, 0x74736575, 0x876e6f69, 0x6e122910, 0x65626d75, 0x67697372, 0x2f531288, 0x72692a08, 
    0x64656c63, 0x73656c0c, 0x4f938873, 0x0f870616, 0x85076652, 0x850a202a, 0x6c7022ca, 0x05b74775, 0xaa453220, 0x39322306, 0x1a850e38, 0x2707154f, 
    0x696e7507, 0x38334132, 0x21050745, 0xc0887075, 0x2105e544, 0x8d88776f, 0x29830f20, 0x33313922, 0x6c23218d, 0x88746665, 0x0b4b45c2, 0x12208885, 
    0x87099d44, 0x44142025, 0x14870ba5, 0x2e41092b, 0x61757173, 0x09646572, 0x20098842, 0x20098843, 0x20098844, 0x20098845, 0x20098846, 0x23098747, 
    0x312e470b, 0x48201588, 0x49200988, 0x4a200988, 0x4b200988, 0x4c200988, 0x4d200988, 0x4e200988, 0x4f200988, 0x50200988, 0x51200988, 0x52200988, 
    0x53200988, 0x54200988, 0x55200988, 0x56200988, 0x57200988, 0x58200988, 0x59200988, 0x5a200988, 0x0c200987, 0x41059642, 0x0b230512, 0x88656e6f, 
    0x777422e2, 0x240b876f, 0x7268740d, 0x56198865, 0x4541058c, 0x660c2306, 0x19887669, 0x69730b23, 0x24338878, 0x65766573, 0x240d886e, 0x68676965, 
    0x42748874, 0x748505b4, 0x860b1843, 0x09184354, 0x18431086, 0x430f8608, 0x11860a18, 0x18431020, 0x20108608, 0x09184311, 0x18431186, 0x200e8607, 
    0x08184310, 0x18431086, 0x4312860b, 0x0e860718, 0x86051843, 0x08a6550c, 0x18430f86, 0x550d8606, 0x0c86056e, 0x86066e55, 0x6610270d, 0x74636172, 
    0x1c416f69, 0x097f5508, 0x0e202186, 0x86063c52, 0x0832430e, 0x69480f86, 0x776f2106, 0x32434188, 0x22218c08, 0x4166656c, 0x4c480872, 0x41722005, 
    0x32430b85, 0x4337860b, 0x14860d32, 0x2c05e96a, 0x732e3232, 0x0e333073, 0x30696e75, 0x200c8231, 0x850e8431, 0x3633211b, 0x42200c8b, 0x34210c8a, 
    0x200c8a35, 0x22268a35, 0x8a383132, 0x37332119, 0x43200c8b, 0x11200c84, 0x33206984, 0x7b850c84, 0x34206c85, 0x3121458a, 0x22388a35, 0x89393132, 
    0x31322145, 0xaf848685, 0xaf8a0c83, 0x85323321, 0x630a2542, 0x616d6d6f, 0x0e203384, 0x83091059, 0x550c20e5, 0x46200523, 0x11201b84, 0x4107da54, 
    0x7323054f, 0x54123330, 0x4f4108ec, 0x20128205, 0x8812840e, 0x840f2021, 0x066e410e, 0x1b553188, 0x20568407, 0x0f315515, 0x13201584, 0x73281584, 
    0x6c676e69, 0x65736162, 0x1188808d, 0x2005c66d, 0x20c68442, 0x210c8537, 0x2b834341, 0x410e3722, 0x8208f14c, 0x231b84c8, 0x45443130, 0x28831b84, 
    0x85323021, 0x231984fc, 0x30414531, 0x31231988, 0x8b323045, 0x8434200c, 0x180f200c, 0x8b090240, 0x8b41201c, 0x8579850c, 0x85432086, 0x450e2193, 
    0x0f20868c, 0x8a09c07f, 0x38422138, 0x31200c8a, 0x0f21a385, 0x082f6547, 0xb38c1c8a, 0x86058942, 0x853220c0, 0x7c0e20a6, 0xf6870934, 0x32453122, 
    0xe07b5286, 0x201c890a, 0x20c28b43, 0x42f98b33, 0x5f8605cd, 0xa38b3320, 0x2d413420, 0x8b34200b, 0x85342033, 0x05034186, 0x8605a142, 0x85442040, 
    0x4f0e2140, 0x410c1041, 0x8389068a, 0x86323021, 0x204285ad, 0x0b534143, 0x698c4520, 0x2109cb41, 0x51434531, 0x20698605, 0x20aa8b35, 0x825a8935, 
    0x204d8b26, 0x0b354236, 0xd18b3620, 0x678b3620, 0x4d8b3620, 0x4d8b3620, 0x2205d76e, 0x91550e37, 0x443122d1, 0x0ab54137, 0x4f893720, 0x44313023, 
    0x82198839, 0x8b42200c, 0x8835200c, 0x4531220c, 0x0b484145, 0x9d8b4620, 0x838b3720, 0x05413720, 0x770e2005, 0x428a08bc, 0xe08b3820, 0xc68b3820, 
    0x07413820, 0x8538200b, 0x590e214f, 0x3122c690, 0x64413845, 0x8546200b, 0x770f2092, 0x6c8a092b, 0xe3853920, 0xb6421120, 0x8431200a, 0x4210201e, 
    0x10850991, 0xd8710e20, 0x2e452105, 0x11200e85, 0x8b0a9542, 0x41432120, 0x08422086, 0x41422005, 0x41210b50, 0x05e34344, 0x4309d875, 0x46200ae3, 
    0x30229588, 0x358c3232, 0x4f855e85, 0x88333021, 0x45312226, 0x05794130, 0x48750f20, 0x411c8b09, 0x298209a3, 0x43857985, 0x5d854320, 0x41650e21, 
    0x0f210c39, 0x13b94365, 0xf6414220, 0x45312209, 0x20a38531, 0x09d9730f, 0xb38c6f8a, 0xa68b3220, 0xa6853220, 0x84690621, 0x690e212d, 0x9285768c, 
    0xfd893220, 0x43453122, 0x6920b986, 0x8405ab69, 0x6a062135, 0x30226a88, 0x948b3432, 0x6a853320, 0x4308a671, 0x9246064d, 0x8b0c8705, 0x41342030, 
    0x34200b4f, 0xed46a88b, 0x20338605, 0x0b834134, 0x2106fd42, 0xbb906f0e, 0x32323022, 0x82096841, 0x41c88c0c, 0x45200b75, 0x268b698c, 0x86050447, 
    0x8b352076, 0x893520aa, 0x4531225a, 0x204d8b35, 0x0b744336, 0xaa8b3620, 0xde8b3620, 0x748b3620, 0x5a8b3620, 0x338c3920, 0x3620678b, 0x0e206785, 
    0x4209296d, 0x8e430aa5, 0x8937200b, 0x3130225c, 0x09de4344, 0xa8430c82, 0x430c8209, 0x45200bcf, 0x4620b78b, 0x3720aa8b, 0x3720838b, 0x20051f41, 
    0x08a56c0e, 0x2208fd41, 0x8b384531, 0x8b3820b9, 0x413820d3, 0x38200b21, 0x0e214f85, 0x10b24179, 0x7e414282, 0x8546200b, 0x6b0f2092, 0x6c8a09e9, 
    0xe3853920, 0x2105fc43, 0xdb433742, 0x210e8506, 0x0e864441, 0xd0431020, 0x83d18509, 0x05ae791f, 0x0e844a84, 0x8e323221, 0x8631203d, 0x7511253d, 
    0x4531696e, 0x8806d375, 0x4531232f, 0x20864631, 0x81740e20, 0x851d8408, 0x05df422f, 0x8406bd44, 0x39332141, 0x11851e83, 0x3920a085, 0x3621718d, 
    0x20be8c42, 0x41be8836, 0xbe8c09e9, 0x2e8c3820, 0x8a333721, 0x44dc820e, 0xdc8407e7, 0x43443122, 0x36201d8d, 0x45213b8c, 0x200e8c35, 0x85fa8746, 
    0x873720a6, 0x820c2097, 0x343022c7, 0x86848530, 0x09ec410c, 0x42343021, 0x34200b63, 0x97427182, 0x49342008, 0x34200b21, 0x220a8346, 0x42453430, 
    0x34210a97, 0x0a974245, 0x9d463420, 0x3430210a, 0x85062446, 0x42462074, 0xd98405e5, 0x41303421, 0x1b850744, 0xa6424420, 0x42908209, 0x0c820970, 
    0x82095442, 0x09e74276, 0x338b0c82, 0x338b4520, 0x85067b42, 0x4246205a, 0x302209cb, 0xb5464433, 0x0cda6905, 0xf0832e20, 0x840f1369, 0x69192014, 
    0x74240e13, 0x736f6e6f, 0x2109c642, 0x16424446, 0x21678305, 0xe4474631, 0x4846200b, 0x46200b9c, 0x210ba344, 0x7a414546, 0x5f0e2005, 0x4f84088f, 
    0x83079d58, 0x09804b8a, 0xc85f3720, 0x4b158306, 0x37280d8b, 0x6c6c650d, 0x69737069, 0x0b208e85, 0x8306dd50, 0x4d0d2028, 0x732309c1, 0x5a133730, 
    0x6327052a, 0x65746e65, 0x88646572, 0x303222bc, 0x05584134, 0x77741328, 0x746f646f, 0x3a606e65, 0x20208405, 0x093f600f, 0x0e200f84, 0x84083965, 
    0x4c0d200e, 0x74210521, 0x650d8766, 0x0d840531, 0x324c1120, 0x201f8609, 0x864c8a12, 0x750c2512, 0x3230696e, 0x20060f42, 0x0c6f5812, 0x3121a088, 
    0x0ad24146, 0x7b480c82, 0x4346210a, 0x210acb42, 0x56423033, 0x21538405, 0xd8423033, 0x4933200a, 0x32210afa, 0x0ad84230, 0x3a420c82, 0x30322209, 
    0x58408545, 0x828408f7, 0xb6470e20, 0x4413200d, 0xf44f08ee, 0x30732206, 0x0be77937, 0x0f827320, 0xcf7b1320, 0x2046840d, 0x0708590d, 0x11230d84, 
    0x61656e6f, 0x118408a4, 0x69641732, 0x65726561, 0x74736973, 0x736f6e6f, 0x626d6f63, 0x12201784, 0x64252682, 0x75736c62, 0x24128862, 0x75636114, 
    0x843e8374, 0x636c2111, 0x10252784, 0x6f726163, 0x202c826e, 0x2010902e, 0x20218575, 0x59b98719, 0x2a8708c0, 0x338f1992, 0x6f8b5d84, 0x19893388, 
    0x1e5a338f, 0x89679008, 0x20338619, 0x739b871a, 0x688b058e, 0x35871a93, 0x3b872d85, 0x63273584, 0x73732e6e, 0x921a3730, 0x0618411a, 0x69741924, 
    0x9b49646c, 0x91d38c08, 0x4f698619, 0x37200be3, 0x200de34f, 0x0be34f37, 0x55420c87, 0x31302109, 0x210af548, 0x914c3130, 0x4f30200a, 0x338706e3, 
    0x7a0ab042, 0x372006f8, 0x8610e34f, 0x0a414d2b, 0x388a5282, 0x8506e34f, 0x06e34f26, 0xe34faf85, 0x4f1b8508, 0x372006e3, 0x20124f4f, 0x08d04f38, 
    0x89074f4f, 0x07c04f11, 0xe24f3820, 0x4f382011, 0x38200de2, 0x860ee24f, 0x0be24f31, 0xe24f3820, 0x07382814, 0x30696e75, 0x85323831, 0x31462807, 
    0x72634406, 0x8574616f, 0x4238230e, 0xbb6e4508, 0x85312005, 0x05905a10, 0x46202f82, 0x59570f85, 0x31302105, 0x21069b74, 0x4f854231, 0x43313225, 
    0x854a4902, 0x37432522, 0x6f644c04, 0x43265086, 0x494f0241, 0x82785404, 0x34383208, 0x75635608, 0x76697372, 0x52590265, 0x61636d08, 0x08f07470, 
    0x2e753120, 0x32302105, 0x8205c570, 0x20a48507, 0x05967a32, 0x7a323021, 0x4520067e, 0x2105a173, 0x7b6f4531, 0x21078205, 0xd4820945, 0x3945312e, 
    0x07312e45, 0x72637361, 0x0b747069, 0x5d830786, 0x61620938, 0x61677962, 0x08616d6d, 0x72747363, 0x68637465, 0x6c656409, 0x1c836174, 0x7a650421, 
    0x3821083c, 0x2ac18433, 0x0a363832, 0x6c687365, 0x88706f6f, 0x05585e1a, 0x6c323021, 0x322106f1, 0x829a8539, 0x7132857b, 0x30210518, 0x05695831, 
    0x41200782, 0x35211784, 0x22078744, 0x86670844, 0x321884f7, 0x0e343932, 0x746f6c67, 0x736c6174, 0x62706f74, 0x8d117261, 0x6e69220e, 0x22118e76, 
    0x8b766572, 0x82208e32, 0x8511821d, 0x44312a5b, 0x6f686a0b, 0x62646b6f, 0x2d58826c, 0x72676b0c, 0x6c6e6565, 0x69646e61, 0xd2700963, 0x25168205, 
    0x6f796c05, 0x30846867, 0x33413128, 0x656d6f0b, 0xa4726167, 0x2a138405, 0x08343532, 0x6c696870, 0x7b697461, 0x61200673, 0x2108c47d, 0xd06d3230, 
    0x6d312006, 0xee82056c, 0x34844420, 0x84733120, 0x201f8205, 0x200f8436, 0x05777232, 0x33323022, 0x21062642, 0x17853933, 0x3e413420, 0x7f322005, 
    0x32200675, 0x076f4518, 0x2006db75, 0x05486f45, 0x39453123, 0x212f8346, 0xa86f4531, 0x84078205, 0x84078267, 0x31322317, 0x3e713438, 0x21a88407, 
    0xfc417607, 0x29648405, 0x04464231, 0x63732e61, 0x04836804, 0x04836d20, 0x04827420, 0x32241b83, 0x07343930, 0x2605ca47, 0x69700431, 0x83076570, 
    0x62642304, 0x07860a6c, 0x2d06af42, 0x46463741, 0x7574520a, 0x75736e72, 0xf1756570, 0x45352805, 0x68680a35, 0x846b6f6f, 0x720a2112, 0x34211d8d, 
    0x05434231, 0x86303421, 0x05997007, 0x42343021, 0x34220630, 0x9c844330, 0x84313421, 0x343021c1, 0x2006eb42, 0x05b17334, 0x19410f82, 0x30342205, 
    0x5b278545, 0x30200599, 0x8206025a, 0x591f8607, 0x0f8205f2, 0x20056941, 0x057d7734, 0x70420f82, 0x77342005, 0x0f82056d, 0x4e754786, 0x34302105, 
    0x8205fd72, 0x05914107, 0xcc5e3420, 0x34302105, 0x82056577, 0x6e9f8607, 0x302105f3, 0x05b25b34, 0x47860782, 0x2105125b, 0x125b3430, 0x20078205, 
    0x18a78535, 0x42078a50, 0x342006f0, 0x2006677b, 0x059a5b34, 0x45343022, 0x46215786, 0x202f8534, 0x207f8646, 0x5c578646, 0x30220589, 0x27863834, 
    0x2105f961, 0x13443430, 0x43342006, 0x34200660, 0x20064142, 0x05a17d34, 0x35343022, 0x99722f86, 0x86ef8205, 0x05fa5a8f, 0x71420f82, 0x78342005, 
    0x0f820585, 0x7f854420, 0x21057578, 0xe47c3430, 0x20078205, 0x42178537, 0x34200691, 0x20069142, 0x06e14234, 0x5d783420, 0x34302305, 0x27853142, 
    0x8205225c, 0x068f41ff, 0x2205ca5b, 0x86443430, 0x059b7f6f, 0x6f860f82, 0xef414420, 0x42452006, 0xea5c0617, 0x34302105, 0x82053f7c, 0x85422007, 
    0x053f7c57, 0xc786f782, 0x4f864620, 0x3f864620, 0x21050677, 0x5f413330, 0x06795d06, 0x46333022, 0x33206785, 0x27064f41, 0x05464633, 0x7070616b, 
    0x2406856a, 0x6e024342, 0x21608475, 0x68853733, 0x92733320, 0x33302205, 0x5d388637, 0x5882054b, 0x62053724, 0x41737465, 0x75332006, 0x1582051c, 
    0x84063621, 0x0431254e, 0x316f6872, 0x46204985, 0x3121a284, 0x05424146, 0xda840782, 0x17870782, 0x27833720, 0x44463122, 0xca841787, 0x81841f82, 
    0x41463121, 0x0f82050a, 0x31218184, 0x06367146, 0x41373322, 0x442b3784, 0x72084642, 0x6e616d6f, 0x85656e6f, 0x77742308, 0x11840a6f, 0x72687425, 
    0x84096565, 0x6f66230a, 0x09867275, 0x86766921, 0x69732227, 0x24278578, 0x65766573, 0x240a856e, 0x68676965, 0x21288574, 0x5088696e, 0x0b6e6522, 
    0x65214584, 0x8529836c, 0x7774250b, 0x65766c65, 0x66253585, 0x79746669, 0x2722840c, 0x646e7568, 0x10646572, 0x66200c84, 0x10866b82, 0x10840d20, 
    0x6f687427, 0x6e617375, 0x21b98364, 0x6c433132, 0x20078205, 0x200f8631, 0x20078632, 0x20078633, 0x20078634, 0x20078635, 0x20078636, 0x20078637, 
    0x20078638, 0x20078639, 0x20078641, 0x20078642, 0x20078643, 0x20078644, 0x20078645, 0x46078546, 0x322005c8, 0x82068e45, 0x215f8507, 0x2f843030, 
    0x32394122, 0x37202f85, 0x20064f5f, 0x058e4530, 0x45303221, 0x322105a6, 0x05704730, 0x30210782, 0x05fe6d09, 0x746f6423, 0x0b534b0c, 0x30216684, 
    0x21468533, 0x96853330, 0xf6733020, 0x85468205, 0x74302086, 0x3221050e, 0x05cf7630, 0x31200782, 0xdb433785, 0x410f8205, 0x30320506, 0x760e3535, 
    0x69747265, 0x626c6163, 0x62647261, 0x7585086c, 0x0d5f5f22, 0x6e310885, 0x6572626f, 0x750d6b61, 0x7265646e, 0x726f6373, 0x25248265, 0x6d61670a, 
    0x9845616d, 0x38343009, 0x756e0c32, 0x6172656d, 0x6572676c, 0x8b0f6b65, 0x7573210c, 0x26051465, 0x0b364633, 0x8373756d, 0x6f6e246a, 0x8a0e6574, 
    0x06ef6f0b, 0x5f323021, 0x078205cd, 0xae833220, 0x33200782, 0xae840786, 0x44323023, 0x410f8535, 0x0f82053d, 0x0f853720, 0x85364421, 0x06da4407, 
    0xf7423220, 0x861f8205, 0x06024547, 0xe2433220, 0x7d322006, 0x322206d7, 0x37863146, 0xdc762786, 0x32302105, 0x20062a45, 0x05674332, 0x5f870f82, 
    0x1a446f86, 0x46322206, 0x203f8641, 0x20078642, 0x20078643, 0x20078644, 0x20078645, 0x2c078546, 0x750a3444, 0x3230696e, 0x632e3545, 0x200a866e, 
    0x200a8939, 0x200a8936, 0x200a8938, 0x830a8237, 0x4246213e, 0x82050671, 0x0c4521d6, 0x39214684, 0x09e56d35, 0x3331312c, 0x6170730c, 0x706f6563, 
    0x33636e65, 0x41302607, 0x6f730730, 0x088d626d, 0xcf783020, 0x33302205, 0x05584136, 0xcb463320, 0x36332106, 0x20055841, 0x053d7833, 0xe8851f82, 
    0xdb463320, 0x7e332006, 0x17820559, 0x3320f085, 0x2006d345, 0x06eb4633, 0x597e3320, 0x851f8205, 0x453320f0, 0x312105e3, 0x053e7744, 0x41443121, 
    0x07820590, 0x60443420, 0x05c84105, 0x36200f82, 0x38200f86, 0x39200786, 0x67840786, 0x42201f82, 0x43200f86, 0x44200786, 0x67840786, 0x46201f82, 
    0x6f790f85, 0x45442206, 0x200f8631, 0x84078632, 0x443122e7, 0x45778645, 0x0f8205fb, 0xc1637786, 0x840f8205, 0x34302277, 0x82878438, 0x840f8707, 
    0x840f823f, 0x4107823f, 0x34210527, 0x823f8438, 0x8337200f, 0x36412167, 0x21052d49, 0xce433330, 0x84078205, 0x46312137, 0x8205ab46, 0x20b78507, 
    0x05234646, 0x62463121, 0x31210576, 0x05fa4546, 0xcf850f82, 0xb3474620, 0x850f8205, 0x464620d7, 0x312105bb, 0x05b84246, 0x27860782, 0x82050348, 
    0x4627860f, 0x37820583, 0x8f833020, 0x68333021, 0x07820517, 0x07829f84, 0x17863220, 0x07864320, 0x332abf85, 0x680d4130, 0x616b6f6f, 0xef686f62, 
    0x0649490b, 0x85313321, 0x7f3320ed, 0x33200659, 0x2105ab7c, 0x097f3330, 0x32332106, 0xdf7b4d86, 0x33302105, 0x8205c444, 0x425d86fd, 0x332106af, 
    0x05554134, 0xec783320, 0x78332006, 0x332206e4, 0x8d854234, 0x47863420, 0x8205e369, 0x82e5843f, 0x21dd8407, 0xc5443330, 0x20078205, 0x422f8531, 
    0xcd4407c5, 0x41178205, 0x3320059d, 0x8205a36a, 0x6a7f860f, 0x0f8205a3, 0x4a4c7f86, 0x4c332006, 0x3321064a, 0x207f8635, 0x487f8635, 0x332106d9, 
    0x697f8635, 0x302105b6, 0x05046433, 0x7f860782, 0x20060464, 0x05094830, 0x7a443121, 0x3221058c, 0x05794830, 0x45303222, 0x17826f84, 0x85423020, 
    0x06ad4105, 0xc4644420, 0x42178205, 0x4420051d, 0x8205ee44, 0x82af840f, 0x86372007, 0x203f872f, 0x840f8639, 0x841f82a7, 0x420782a7, 0x4420054d, 
    0x8205c47a, 0x8546200f, 0x06577d27, 0x3a484420, 0x44312305, 0x17863244, 0x97875786, 0x2205dc64, 0x86454431, 0x051e4557, 0x57860f82, 0x8205624e, 
    0x4557860f, 0x3123052e, 0x85314644, 0x060b7c4f, 0x2e454420, 0x20178205, 0x20178634, 0x86078635, 0x069542a7, 0xf5424420, 0x49442006, 0x32270549, 
    0x0a304630, 0x82696e75, 0x443420b7, 0x0a8206e5, 0xe5443620, 0x32302206, 0x82f58443, 0x83412007, 0x8407824d, 0x323021a5, 0x0782b585, 0x51144221, 
    0x0c2513f0, 0x6f726163, 0x064e526e, 0x6f640c23, 0x05285174, 0x636c2e23, 0x14835115, 0xb3514488, 0x512a8209, 0x0d2a145d, 0x646c6974, 0x75636165, 
    0x4e826574, 0x20523888, 0x636c2109, 0x75201492, 0x75207894, 0xae522a89, 0x63752209, 0x24b08810, 0x626d6f63, 0x89258a2e, 0x6375229e, 0x86888911, 
    0x750a2726, 0x3330696e, 0x31824130, 0x6f74092a, 0x2e736f6e, 0x0c706f74, 0x64225984, 0x24836c62, 0x0c840e20, 0x67697224, 0x0e837468, 0x26411b85, 
    0x610e2406, 0x53686372, 0x0c280984, 0x76657262, 0x766e6965, 0x0f202883, 0x2b860c87, 0x0c861c85, 0x72621025, 0x83676469, 0x2010862a, 0x8610850d, 
    0x630f2b0d, 0x72646e61, 0x6e696261, 0x4b837564, 0x45181120, 0x218809c5, 0x42486f20, 0x83718205, 0x82102021, 0x616d2104, 0x8206d14d, 0x1262210b, 
    0x20113654, 0x0c31540d, 0x72670d28, 0x6c657661, 0xd6856665, 0x5c860d84, 0xd3441120, 0x825f2008, 0x6170244a, 0x4e107463, 0x62240536, 0x616c6170, 
    0x10872f84, 0x74657224, 0x24826f72, 0x690b6225, 0x8661746f, 0x6c0c273f, 0x76656e69, 0x29847265, 0x0c870f20, 0x88064f41, 0x202c860f, 0x0532420d, 
    0x6f200d87, 0x73243782, 0x65726f63, 0x0d88d584, 0x13243c86, 0x676e6972, 0x6823b383, 0x86666c61, 0x83142032, 0x69722413, 0x8a746867, 0x830b2014, 
    0x26208614, 0x6165730e, 0x556c7567, 0x0c28072a, 0x646c6974, 0x64696d65, 0x0c856183, 0xa5492887, 0x201b8309, 0x0cb44911, 0x08241183, 0x70757378, 
    0x0f200883, 0x200e6955, 0x0a64550b, 0x75220b89, 0x55180c63, 0x2e21083a, 0x220c8b6c, 0x54146375, 0x6c201152, 0x75221493, 0x29841263, 0x8d0cff54, 
    0x6e63267e, 0x65726211, 0x05604376, 0x2e209d83, 0xfb421187, 0x6f118709, 0x2382087f, 0x55421620, 0x094a4309, 0x8a6e6321, 0x203f8b16, 0x232d8915, 
    0x6b6f6f68, 0x2c8a6786, 0x13205a8b, 0x6d2c1e82, 0x63636161, 0x72746e65, 0x74686769, 0x15206e82, 0x21121b44, 0xdd906e63, 0x446e6321, 0x462006b6, 
    0x8c450785, 0x32302105, 0x21059c45, 0x106d3230, 0x44078205, 0xd64f06d6, 0x46322006, 0x30240524, 0x08454332, 0x20077142, 0x085a4209, 0x4d484a85, 
    0x463a8205, 0x3220059f, 0x3005f94e, 0x46464432, 0x61705f0c, 0x412e7472, 0x6172665f, 0x260c8663, 0x616c734f, 0x85166873, 0x72632719, 0x6273736f, 
    0x10437261, 0x951b2007, 0x725f2516, 0x13747865, 0x76241b8e, 0x0d747265, 0x79251386, 0x69617472, 0x2061866c, 0x210d8263, 0x2e876369, 0x5f200c84, 
    0x20058659, 0x262e8911, 0x685f6369, 0x8d6b6f6f, 0x656c2411, 0x85107466, 0x69662623, 0x79636174, 0x869b825f, 0x846f2055, 0x700e22b7, 0x07b37165, 
    0x72757423, 0x05f04a6e, 0x2e383626, 0x706d6363, 0x2105a565, 0x0c883137, 0x42323023, 0x200c8432, 0x067b540f, 0x6e755f32, 0x44323069, 0x616c0e45, 
    0x72656772, 0x74686769, 0x0f208483, 0x23057952, 0x6e776f64, 0x24080e6f, 0x46313430, 0x2062832e, 0x054a450b, 0x33303624, 0xce453930, 0x6f742c08, 
    0x5f736f6e, 0x7272616e, 0x820d776f, 0x46312420, 0x842e4546, 0x210d8514, 0x0d8b4443, 0x0d8c4420, 0x298c4320, 0x0d8c4420, 0x8c464321, 0x200d8c37, 
    0x470d8645, 0x36230624, 0x44636c2e, 0xbc4105ec, 0x610d2507, 0x65747563, 0x08200d87, 0x2006ed60, 0x20088741, 0x2008874f, 0x20088755, 0x20088761, 
    0x20088765, 0x2108876f, 0x3e860a79, 0x312e7528, 0x676e610c, 0x2244656c, 0x620e2f06, 0x696d7261, 0x6e6f6c64, 0x6d6f6367, 0x41420862, 0x680d2007, 
    0x7244051d, 0x740f2806, 0x646b6361, 0x8b6e776f, 0x656c230f, 0x0f867466, 0x1f831020, 0x67697223, 0x20108768, 0x2110830d, 0x1e887075, 0x646c6926, 
    0x72657665, 0x70201e82, 0x0b206683, 0x2e226687, 0xdb466375, 0x37332105, 0x7329ff83, 0x6873616c, 0x726f6873, 0x21188274, 0xab435f0e, 0x6f722705, 
    0x632e7373, 0xac43146e, 0x746f240b, 0x82657461, 0x42112014, 0x358708f1, 0x6f6b1427, 0x696e6f72, 0x05d54373, 0x2682a383, 0x00820020, 0x01000126, 
    0x0f00ffff, 0x02b40982, 0x0131013b, 0x00ec0031, 0x00d205ec, 0x005e0400, 0x055efe00, 0x04ecffe6, 0xfee8ff6c, 0x271b8956, 0xd205f0ff, 0xf0ff5e04, 
    0x05211d85, 0x821f82ea, 0xed00210b, 0xa8320182, 0xfe01a800, 0xd2fe3d01, 0x3302eefd, 0xc7fe4301, 0x1787e9fd, 0x05ae062f, 0x028203ed, 0x05e3069e, 
    0x027703f3, 0x224f8999, 0x82050000, 0x216d874f, 0x6f850306, 0xfe214f89, 0x225388d2, 0x86c8fe08, 0x89ee2057, 0x82032157, 0xb8225b88, 0x5f877803, 
    0x00b07708, 0x00b0202c, 0x59455855, 0xb84b2020, 0x4b510e00, 0x5a5306b0, 0x1b34b058, 0x605928b0, 0x558a2066, 0x2502b058, 0x0008b961, 0x63630008, 
    0x211b6223, 0x5900b021, 0x234300b0, 0x0100b244, 0x42604300, 0x2c01b02d, 0x666020b0, 0x2c02b02d, 0x21232123, 0x2c03b02d, 0x03b36420, 0x42001514, 
    0x4313b043, 0x42606020, 0x431402b1, 0x0325b142, 0x4302b043, 0xb0207854, 0x0882230c, 0x6461432a, 0x785004b0, 0x020202b2, 0xb0244682, 0x211c6521, 
    0xb2261583, 0x4201150e, 0x0a82201c, 0xb2422325, 0x82130113, 0xb023291b, 0x65585000, 0x0116b259, 0x2d2a2983, 0xb02c04b0, 0x15b02b03, 0x6f835843, 
    0x4316b023, 0x3e208643, 0x2064201b, 0xb050c0b0, 0xb25a2604, 0x430d0128, 0xb0456345, 0x21584506, 0x592503b0, 0x82585b52, 0x8a1b269c, 0x50b02058, 
    0x25128250, 0x201b5940, 0x098338b0, 0x59593824, 0x2d85b120, 0x28209182, 0x0d861282, 0x30b02022, 0xb0210c82, 0x2e298330, 0x205850c0, 0x8a8a2066, 
    0x0ab02061, 0x82605850, 0x8320203b, 0x830a201b, 0x83362009, 0x60363509, 0x5959601b, 0x02b01b59, 0x430cb025, 0x5200b063, 0x4b00b058, 0x21202c83, 
    0x1b230f82, 0x831eb04b, 0x4b1e2625, 0x0010b861, 0x2f118263, 0x0005b863, 0x64595962, 0x01b05961, 0x2359592b, 0x5922e285, 0xcf826420, 0x5942232d, 
    0x2c05b02d, 0xb0204520, 0x82612504, 0x43072ed3, 0x07b05850, 0x08b04223, 0x211b4223, 0x24328221, 0x06b02d60, 0x28fe842c, 0x64202b03, 0x426207b1, 
    0x831c8320, 0x851b20ee, 0x280583be, 0x456007b0, 0x2a05b063, 0x241c8221, 0x208a2043, 0x386b828a, 0x250530b1, 0x512604b0, 0x1b506058, 0x58595261, 
    0x59215923, 0x5340b020, 0x231b8258, 0x40b0211b, 0x2d2a8a87, 0xb02c07b0, 0xb22b4309, 0xe6410200, 0x82082005, 0x42233a0e, 0x00b02023, 0xb0614223, 
    0xb0666202, 0x01b06301, 0x2a07b060, 0x2c09b02d, 0x26ad8320, 0xb863430e, 0x82620004, 0x22af8222, 0x83596040, 0x44602122, 0x2d2c2482, 0xb22c0ab0, 
    0x43000e09, 0x212a4245, 0x21083842, 0x48422c0b, 0x850c200d, 0x2b012245, 0x82178223, 0x206032fa, 0x61238a45, 0xb0206420, 0x21585020, 0xb01b00b0, 
    0x21578230, 0xa4821b20, 0xb025a587, 0x61232503, 0x20628544, 0x213e960d, 0x358224b0, 0xda883c82, 0x0e21348b, 0x25d0842c, 0x000c0db3, 0x65824503, 
    0x21231b35, 0x2d212a59, 0xb12c0fb0, 0xb0450202, 0x2d446164, 0x822c10b0, 0x202029c2, 0x4a430fb0, 0x585000b0, 0x23240882, 0x10b05942, 0x52200d83, 
    0x10200d82, 0x2d220d82, 0x488211b0, 0x83621021, 0xb82024f1, 0x82630004, 0xb02708b8, 0x20604311, 0xb020608a, 0x23422311, 0x2c12b02d, 0xb158544b, 
    0x59446404, 0x650db024, 0xb02d7823, 0x514b2c13, 0x85534b58, 0x211b2114, 0x13201782, 0x143c1784, 0x1200b12c, 0xb1585543, 0xb0431212, 0xb0426101, 
    0xb0592b11, 0x02b04300, 0x0fb14225, 0x10200483, 0xb0240482, 0x20231601, 0x502dc982, 0x0001b158, 0x04b06043, 0x8a8a4225, 0x23768320, 0x23212a10, 
    0x0b873682, 0x1f851b20, 0x02233283, 0x82b06125, 0x8259201d, 0x824720c9, 0x604723bf, 0xac4102b0, 0xb020210d, 0x0814c241, 0x0000b141, 0xb0442313, 
    0x00b04301, 0x0101b23e, 0x42604301, 0x2c15b02d, 0x0200b100, 0xb0585445, 0x20422312, 0x230eb045, 0x230db042, 0x426007b0, 0x18b76020, 0x11000118, 
    0x42001300, 0x608a4242, 0x8214b020, 0x61012e1b, 0x2b0814b1, 0x1b2b8bb0, 0xb02d5922, 0x27e38216, 0xb02d2b15, 0x01b12c17, 0x18230783, 0x8302b12c, 
    0x2c192307, 0x078303b1, 0xb12c1a23, 0x23078304, 0x05b12c1b, 0x1c230783, 0x8306b12c, 0x2c1d2307, 0x078307b1, 0xb12c1e23, 0x23078308, 0x09b12c1f, 
    0x2b240783, 0xb020232c, 0x2e057f41, 0x4b6006b0, 0x20235854, 0x5d01b02e, 0x8221211b, 0x8a2c206c, 0x8816201c, 0x8571201c, 0x8a2d201c, 0x8826201c, 
    0x8572201c, 0x2c20251c, 0x2b0fb000, 0xb023e798, 0x85b56101, 0x8be783ea, 0x822120df, 0x822020df, 0x822220df, 0x200783df, 0x83df8223, 0x82242007, 
    0x200783df, 0x83df8225, 0x82262007, 0x200783df, 0x83df8227, 0x82282007, 0x200783df, 0x83df8229, 0x822a2007, 0x320783df, 0x3c202c2e, 0x2d6001b0, 
    0x202c2fb0, 0x6018b060, 0x82234320, 0xb043240e, 0x82612502, 0x2eb03507, 0xb02d212a, 0x2fb02c30, 0x2a2fb02b, 0x2c31b02d, 0x20472020, 0x2716cd41, 
    0x23386123, 0x58558a20, 0x1b25219c, 0xb02d5921, 0x07e24132, 0x060eb134, 0x01b04245, 0x2a31b016, 0x150105b1, 0x59305845, 0x2082221b, 0x1e413320, 
    0x2323970a, 0x35202c34, 0x3520b984, 0x47854d82, 0x26444520, 0x01b02211, 0x147b422b, 0x00231783, 0x8300b416, 0x3e442700, 0x34b13823, 0xeb831501, 
    0x202c3623, 0x94c0823c, 0xb0602f33, 0x38614300, 0x2c37b02d, 0x2d3c172e, 0x2a9f38b0, 0x4301b023, 0x082e8263, 0xb12c3933, 0x25160002, 0x47202e20, 
    0x422300b0, 0x492502b0, 0x23478a8a, 0x20612347, 0x211b6258, 0x2301b059, 0x0138b242, 0x2a141501, 0x2c3ab02d, 0xb01600b0, 0x24268217, 0x04b02504, 
    0x2f268425, 0x42000cb1, 0x2b430bb0, 0x232e8a65, 0x8a3c2020, 0x3b205382, 0x2021268d, 0x2428842e, 0x2306b020, 0x3e2d8742, 0x5060b020, 0x40b02058, 
    0x04b35851, 0x1b200520, 0x052604b3, 0x4242591a, 0x0ab02023, 0x828a2043, 0x2581827f, 0xb0604623, 0xae434306, 0x2060240f, 0x462b01b0, 0x04300595, 
    0x23646043, 0x614305b0, 0xb0585064, 0x1b614304, 0x60240b82, 0x2503b059, 0x6120338f, 0xb0289a82, 0x46232604, 0x231b3861, 0x46206182, 0x0682e782, 
    0x4f829784, 0x88826492, 0x232b0122, 0x60207e82, 0xb0236d82, 0x82612505, 0x82558f03, 0x20612451, 0x832504b0, 0x82032084, 0x06494505, 0x59236b89, 
    0x413cb02d, 0x2025070b, 0x05b02020, 0x060b4126, 0x383c2325, 0x883db02d, 0x0ab0231a, 0x1f824223, 0x47234622, 0x23216c82, 0x201b8261, 0x0842413e, 
    0x6941cc83, 0x00b02905, 0x202e5854, 0x1b21233c, 0x0220bd83, 0x54821485, 0x22088a41, 0x822506b0, 0x484920a5, 0xc4410bbb, 0x11794205, 0x41236021, 
    0x232106ad, 0x20a48221, 0x20898a3f, 0x25a28643, 0x20b06020, 0xf28f6660, 0x2507e241, 0x20232c40, 0x6982462e, 0x17b04635, 0x1b505843, 0x20585952, 
    0xb12e593c, 0x2b140130, 0x8c41b02d, 0x1b52221d, 0x201d8c50, 0x871d8c42, 0x8f4f8b3b, 0x2c432431, 0x9b2b3ab0, 0x2c442e70, 0x8a2b3bb0, 0xb03c2020, 
    0x8a422306, 0x252a9938, 0x2e4306b0, 0xa28230b0, 0xf2844520, 0xb0250424, 0x79412604, 0xb0612405, 0x4242230c, 0xb02205a9, 0x6d82430b, 0x2e203c24, 
    0xd0863823, 0xb12c462a, 0x4225040a, 0xb01600b0, 0x25203283, 0x202dd242, 0x47c54247, 0x2502b024, 0xdd826146, 0x38233c26, 0x2020211b, 0x21082f42, 
    0xa7865921, 0xb12c4725, 0x412b3a00, 0x48200786, 0x3b230d82, 0x4123212b, 0xcd860617, 0x24080241, 0x00b02c49, 0x05f64315, 0x0100b22d, 0x13141501, 
    0x2a36b02e, 0x964ab02d, 0x2c4b2817, 0x140100b1, 0x8237b013, 0x2c4c2323, 0x068239b0, 0x2a824d20, 0x23451629, 0x46202e20, 0x4161238a, 0x4e30072d, 
    0x230ab02c, 0x2b4db042, 0x2c4fb02d, 0x460000b2, 0x50200882, 0x01200882, 0x51230883, 0x8401b22c, 0x82522011, 0x20118408, 0x211a8253, 0x23824700, 
    0x08825420, 0x08830120, 0x1a825520, 0x56201184, 0x11840882, 0xb32c5726, 0x43000000, 0x58202482, 0x01200982, 0x59230984, 0x8501b32c, 0x825a2013, 
    0x20138509, 0x221d825b, 0x82430100, 0x825c2027, 0x84012009, 0x825d2009, 0x2013851d, 0x8509825e, 0x825f2013, 0x4500216a, 0x60202682, 0x01200882, 
    0x61200883, 0x11846a82, 0x08826220, 0x63201184, 0x00211a82, 0x20238248, 0x20088264, 0x20088301, 0x841a8265, 0x82662011, 0x20118408, 0x20978467, 
    0x20248244, 0x83978468, 0x84692009, 0x20098397, 0x8397846a, 0x846b2009, 0x20098397, 0x8397846c, 0x846d2009, 0x20098397, 0x8397846e, 0x2c6f2409, 
    0x413c00b1, 0x702008c0, 0xb0210d84, 0x205e8240, 0x200a8571, 0x240a8241, 0x00b02c72, 0x21268316, 0x0d8242b0, 0xb12c7325, 0x842b3c01, 0x85742023, 
    0x2023830a, 0x83238475, 0x20238318, 0x203c8276, 0x2055883d, 0x840d8477, 0x85782031, 0x8241200a, 0x85792047, 0x202e830a, 0x2047827a, 0x2052853d, 
    0x830a857b, 0x857c2020, 0x2020830a, 0x202b827d, 0x204f883e, 0x840d847e, 0x857f204f, 0x202e830a, 0x200a8580, 0x205a8242, 0x20398281, 0x204f853e, 
    0x830a8582, 0x85832020, 0x2020830a, 0x202b8284, 0x204f883f, 0x840d8485, 0x8586204f, 0x8241200a, 0x85872044, 0x202e830a, 0x20398288, 0x204f853f, 
    0x830a8589, 0x858a2020, 0x0820830a, 0xb22c8b21, 0x4503000b, 0x06b05850, 0x0204b21b, 0x23584503, 0x59211b21, 0xb02b4259, 0x03b06508, 0x47785024, 
    0x2d2e07d0, 0x00b84b00, 0xb15852c8, 0x598e0101, 0xf24d01b0, 0xb1703005, 0x40420700, 0x5f6f7f09, 0x2737434f, 0x842a0007, 0x7410300f, 0x54086408, 
    0x3c064808, 0x1e082c06, 0x860a0707, 0x067c2d16, 0x065c066c, 0x0442044e, 0x05250634, 0x0e351684, 0x1d094142, 0x15401940, 0x0f401240, 0x07400b40, 
    0x000700c0, 0x202f820b, 0x21188215, 0x018c4000, 0xb92f1883, 0x00000300, 0x0124b144, 0xb0585188, 0x86588840, 0x8328200f, 0x08b8220f, 0x23108700, 
    0x27b11b59, 0xba291283, 0x01008008, 0x63884004, 0x20298654, 0x08008359, 0x76104025, 0x56066606, 0x3e044a06, 0x20062e04, 0x2a0e0705, 0x85ff01b8, 
    0xb18d04b0, 0xb3440002, 0x00066405, 0x05004444, 0xf59f60fa, 0x000000f4, 
};

